timestamp,beats per minute,data source
2026-05-11T00:00:01Z,62.0,Versa 4
2026-05-11T00:00:02Z,61.0,Versa 4
2026-05-11T00:00:04Z,60.0,Versa 4
2026-05-11T00:00:06Z,61.0,Versa 4
2026-05-11T00:00:08Z,62.0,Versa 4
2026-05-11T00:00:11Z,62.0,Versa 4
2026-05-11T00:00:14Z,62.0,Versa 4
2026-05-11T00:00:17Z,61.0,Versa 4
2026-05-11T00:00:19Z,62.0,Versa 4
2026-05-11T00:00:21Z,63.0,Versa 4
2026-05-11T00:00:23Z,64.0,Versa 4
2026-05-11T00:00:25Z,63.0,Versa 4
2026-05-11T00:00:27Z,62.0,Versa 4
2026-05-11T00:00:29Z,61.0,Versa 4
2026-05-11T00:00:31Z,60.0,Versa 4
2026-05-11T00:00:34Z,60.0,Versa 4
2026-05-11T00:00:35Z,59.0,Versa 4
2026-05-11T00:00:38Z,59.0,Versa 4
2026-05-11T00:00:39Z,60.0,Versa 4
2026-05-11T00:00:40Z,62.0,Versa 4
2026-05-11T00:00:43Z,62.0,Versa 4
2026-05-11T00:00:44Z,60.0,Versa 4
2026-05-11T00:00:47Z,60.0,Versa 4
2026-05-11T00:00:50Z,58.0,Versa 4
2026-05-11T00:00:53Z,58.0,Versa 4
2026-05-11T00:00:56Z,58.0,Versa 4
2026-05-11T00:00:59Z,58.0,Versa 4
2026-05-11T00:01:00Z,59.0,Versa 4
2026-05-11T00:01:02Z,60.0,Versa 4
2026-05-11T00:01:05Z,61.0,Versa 4
2026-05-11T00:01:08Z,61.0,Versa 4
2026-05-11T00:01:09Z,60.0,Versa 4
2026-05-11T00:01:12Z,60.0,Versa 4
2026-05-11T00:01:15Z,60.0,Versa 4
2026-05-11T00:01:18Z,60.0,Versa 4
2026-05-11T00:01:21Z,60.0,Versa 4
2026-05-11T00:01:23Z,61.0,Versa 4
2026-05-11T00:01:25Z,62.0,Versa 4
2026-05-11T00:01:27Z,64.0,Versa 4
2026-05-11T00:01:30Z,63.0,Versa 4
2026-05-11T00:01:32Z,61.0,Versa 4
2026-05-11T00:01:35Z,61.0,Versa 4
2026-05-11T00:01:36Z,60.0,Versa 4
2026-05-11T00:01:38Z,59.0,Versa 4
2026-05-11T00:01:40Z,60.0,Versa 4
2026-05-11T00:01:42Z,60.0,Versa 4
2026-05-11T00:01:44Z,61.0,Versa 4
2026-05-11T00:01:46Z,63.0,Versa 4
2026-05-11T00:01:48Z,66.0,Versa 4
2026-05-11T00:01:50Z,67.0,Versa 4
2026-05-11T00:01:52Z,69.0,Versa 4
2026-05-11T00:01:53Z,72.0,Versa 4
2026-05-11T00:01:55Z,75.0,Versa 4
2026-05-11T00:01:57Z,76.0,Versa 4
2026-05-11T00:01:59Z,75.0,Versa 4
2026-05-11T00:02:01Z,72.0,Versa 4
2026-05-11T00:02:03Z,69.0,Versa 4
2026-05-11T00:02:05Z,68.0,Versa 4
2026-05-11T00:02:07Z,66.0,Versa 4
2026-05-11T00:02:09Z,64.0,Versa 4
2026-05-11T00:02:12Z,64.0,Versa 4
2026-05-11T00:02:15Z,63.0,Versa 4
2026-05-11T00:02:16Z,62.0,Versa 4
2026-05-11T00:02:19Z,62.0,Versa 4
2026-05-11T00:02:22Z,62.0,Versa 4
2026-05-11T00:02:24Z,63.0,Versa 4
2026-05-11T00:02:26Z,62.0,Versa 4
2026-05-11T00:02:29Z,62.0,Versa 4
2026-05-11T00:02:30Z,61.0,Versa 4
2026-05-11T00:02:33Z,61.0,Versa 4
2026-05-11T00:02:36Z,60.0,Versa 4
2026-05-11T00:02:38Z,61.0,Versa 4
2026-05-11T00:02:40Z,61.0,Versa 4
2026-05-11T00:02:43Z,60.0,Versa 4
2026-05-11T00:02:46Z,60.0,Versa 4
2026-05-11T00:02:49Z,59.0,Versa 4
2026-05-11T00:02:51Z,58.0,Versa 4
2026-05-11T00:02:54Z,58.0,Versa 4
2026-05-11T00:02:55Z,59.0,Versa 4
2026-05-11T00:02:58Z,59.0,Versa 4
2026-05-11T00:02:59Z,60.0,Versa 4
2026-05-11T00:03:02Z,60.0,Versa 4
2026-05-11T00:03:05Z,60.0,Versa 4
2026-05-11T00:03:08Z,59.0,Versa 4
2026-05-11T00:03:11Z,59.0,Versa 4
2026-05-11T00:03:14Z,59.0,Versa 4
2026-05-11T00:03:17Z,59.0,Versa 4
2026-05-11T00:03:20Z,60.0,Versa 4
2026-05-11T00:03:23Z,60.0,Versa 4
2026-05-11T00:03:26Z,60.0,Versa 4
2026-05-11T00:03:29Z,60.0,Versa 4
2026-05-11T00:03:32Z,60.0,Versa 4
2026-05-11T00:03:35Z,60.0,Versa 4
2026-05-11T00:03:38Z,60.0,Versa 4
2026-05-11T00:03:41Z,61.0,Versa 4
2026-05-11T00:03:44Z,61.0,Versa 4
2026-05-11T00:03:47Z,61.0,Versa 4
2026-05-11T00:03:49Z,62.0,Versa 4
2026-05-11T00:03:52Z,61.0,Versa 4
2026-05-11T00:03:54Z,61.0,Versa 4
2026-05-11T00:03:56Z,60.0,Versa 4
2026-05-11T00:03:59Z,60.0,Versa 4
2026-05-11T00:04:02Z,60.0,Versa 4
2026-05-11T00:04:05Z,60.0,Versa 4
2026-05-11T00:04:08Z,60.0,Versa 4
2026-05-11T00:04:11Z,60.0,Versa 4
2026-05-11T00:04:14Z,60.0,Versa 4
2026-05-11T00:04:17Z,60.0,Versa 4
2026-05-11T00:04:20Z,60.0,Versa 4
2026-05-11T00:04:23Z,60.0,Versa 4
2026-05-11T00:04:26Z,60.0,Versa 4
2026-05-11T00:04:29Z,60.0,Versa 4
2026-05-11T00:04:31Z,61.0,Versa 4
2026-05-11T00:04:34Z,61.0,Versa 4
2026-05-11T00:04:35Z,62.0,Versa 4
2026-05-11T00:04:38Z,62.0,Versa 4
2026-05-11T00:04:39Z,63.0,Versa 4
2026-05-11T00:04:40Z,63.0,Versa 4
2026-05-11T00:04:42Z,62.0,Versa 4
2026-05-11T00:04:44Z,61.0,Versa 4
2026-05-11T00:04:46Z,60.0,Versa 4
2026-05-11T00:04:48Z,58.0,Versa 4
2026-05-11T00:04:51Z,58.0,Versa 4
2026-05-11T00:04:54Z,58.0,Versa 4
2026-05-11T00:04:56Z,59.0,Versa 4
2026-05-11T00:04:58Z,60.0,Versa 4
2026-05-11T00:05:00Z,60.0,Versa 4
2026-05-11T00:05:03Z,60.0,Versa 4
2026-05-11T00:05:05Z,61.0,Versa 4
2026-05-11T00:05:07Z,64.0,Versa 4
2026-05-11T00:05:10Z,64.0,Versa 4
2026-05-11T00:05:11Z,63.0,Versa 4
2026-05-11T00:05:13Z,60.0,Versa 4
2026-05-11T00:05:16Z,60.0,Versa 4
2026-05-11T00:05:17Z,59.0,Versa 4
2026-05-11T00:05:19Z,58.0,Versa 4
2026-05-11T00:05:21Z,58.0,Versa 4
2026-05-11T00:05:24Z,58.0,Versa 4
2026-05-11T00:05:25Z,59.0,Versa 4
2026-05-11T00:05:28Z,60.0,Versa 4
2026-05-11T00:05:31Z,60.0,Versa 4
2026-05-11T00:05:34Z,60.0,Versa 4
2026-05-11T00:05:37Z,60.0,Versa 4
2026-05-11T00:05:40Z,59.0,Versa 4
2026-05-11T00:05:43Z,59.0,Versa 4
2026-05-11T00:05:44Z,60.0,Versa 4
2026-05-11T00:05:47Z,60.0,Versa 4
2026-05-11T00:05:50Z,60.0,Versa 4
2026-05-11T00:05:52Z,61.0,Versa 4
2026-05-11T00:05:55Z,61.0,Versa 4
2026-05-11T00:05:58Z,61.0,Versa 4
2026-05-11T00:06:01Z,61.0,Versa 4
2026-05-11T00:06:03Z,62.0,Versa 4
2026-05-11T00:06:05Z,62.0,Versa 4
2026-05-11T00:06:08Z,62.0,Versa 4
2026-05-11T00:06:11Z,60.0,Versa 4
2026-05-11T00:06:14Z,60.0,Versa 4
2026-05-11T00:06:17Z,60.0,Versa 4
2026-05-11T00:06:20Z,61.0,Versa 4
2026-05-11T00:06:22Z,62.0,Versa 4
2026-05-11T00:06:25Z,62.0,Versa 4
2026-05-11T00:06:28Z,62.0,Versa 4
2026-05-11T00:06:31Z,62.0,Versa 4
2026-05-11T00:06:34Z,62.0,Versa 4
2026-05-11T00:06:37Z,62.0,Versa 4
2026-05-11T00:06:40Z,62.0,Versa 4
2026-05-11T00:06:43Z,62.0,Versa 4
2026-05-11T00:06:46Z,62.0,Versa 4
2026-05-11T00:06:49Z,62.0,Versa 4
2026-05-11T00:06:51Z,62.0,Versa 4
2026-05-11T00:06:54Z,62.0,Versa 4
2026-05-11T00:06:57Z,62.0,Versa 4
2026-05-11T00:07:00Z,62.0,Versa 4
2026-05-11T00:07:03Z,62.0,Versa 4
2026-05-11T00:07:06Z,62.0,Versa 4
2026-05-11T00:07:09Z,62.0,Versa 4
2026-05-11T00:07:12Z,62.0,Versa 4
2026-05-11T00:07:15Z,62.0,Versa 4
2026-05-11T00:07:18Z,63.0,Versa 4
2026-05-11T00:07:21Z,63.0,Versa 4
2026-05-11T00:07:22Z,63.0,Versa 4
2026-05-11T00:07:24Z,64.0,Versa 4
2026-05-11T00:07:26Z,63.0,Versa 4
2026-05-11T00:07:28Z,64.0,Versa 4
2026-05-11T00:07:29Z,63.0,Versa 4
2026-05-11T00:07:31Z,64.0,Versa 4
2026-05-11T00:07:33Z,63.0,Versa 4
2026-05-11T00:07:35Z,62.0,Versa 4
2026-05-11T00:07:37Z,63.0,Versa 4
2026-05-11T00:07:39Z,62.0,Versa 4
2026-05-11T00:07:41Z,62.0,Versa 4
2026-05-11T00:07:44Z,62.0,Versa 4
2026-05-11T00:07:47Z,62.0,Versa 4
2026-05-11T00:07:50Z,62.0,Versa 4
2026-05-11T00:07:53Z,62.0,Versa 4
2026-05-11T00:07:54Z,62.0,Versa 4
2026-05-11T00:07:57Z,62.0,Versa 4
2026-05-11T00:08:00Z,62.0,Versa 4
2026-05-11T00:08:02Z,63.0,Versa 4
2026-05-11T00:08:04Z,62.0,Versa 4
2026-05-11T00:08:07Z,62.0,Versa 4
2026-05-11T00:08:10Z,62.0,Versa 4
2026-05-11T00:08:12Z,62.0,Versa 4
2026-05-11T00:08:14Z,62.0,Versa 4
2026-05-11T00:08:17Z,62.0,Versa 4
2026-05-11T00:08:20Z,62.0,Versa 4
2026-05-11T00:08:23Z,62.0,Versa 4
2026-05-11T00:08:25Z,62.0,Versa 4
2026-05-11T00:08:28Z,62.0,Versa 4
2026-05-11T00:08:31Z,62.0,Versa 4
2026-05-11T00:08:34Z,62.0,Versa 4
2026-05-11T00:08:37Z,62.0,Versa 4
2026-05-11T00:08:39Z,63.0,Versa 4
2026-05-11T00:08:40Z,64.0,Versa 4
2026-05-11T00:08:42Z,63.0,Versa 4
2026-05-11T00:08:44Z,62.0,Versa 4
2026-05-11T00:08:46Z,61.0,Versa 4
2026-05-11T00:08:48Z,60.0,Versa 4
2026-05-11T00:08:51Z,60.0,Versa 4
2026-05-11T00:08:54Z,60.0,Versa 4
2026-05-11T00:08:57Z,60.0,Versa 4
2026-05-11T00:08:58Z,61.0,Versa 4
2026-05-11T00:09:01Z,61.0,Versa 4
2026-05-11T00:09:02Z,62.0,Versa 4
2026-05-11T00:09:05Z,62.0,Versa 4
2026-05-11T00:09:08Z,62.0,Versa 4
2026-05-11T00:09:09Z,64.0,Versa 4
2026-05-11T00:09:11Z,66.0,Versa 4
2026-05-11T00:09:13Z,64.0,Versa 4
2026-05-11T00:09:16Z,64.0,Versa 4
2026-05-11T00:09:17Z,62.0,Versa 4
2026-05-11T00:09:19Z,60.0,Versa 4
2026-05-11T00:09:21Z,59.0,Versa 4
2026-05-11T00:09:23Z,58.0,Versa 4
2026-05-11T00:09:25Z,58.0,Versa 4
2026-05-11T00:09:27Z,58.0,Versa 4
2026-05-11T00:09:28Z,58.0,Versa 4
2026-05-11T00:09:31Z,58.0,Versa 4
2026-05-11T00:09:34Z,59.0,Versa 4
2026-05-11T00:09:37Z,59.0,Versa 4
2026-05-11T00:09:38Z,60.0,Versa 4
2026-05-11T00:09:40Z,59.0,Versa 4
2026-05-11T00:09:42Z,60.0,Versa 4
2026-05-11T00:09:44Z,59.0,Versa 4
2026-05-11T00:09:47Z,59.0,Versa 4
2026-05-11T00:09:50Z,59.0,Versa 4
2026-05-11T00:09:53Z,60.0,Versa 4
2026-05-11T00:09:56Z,60.0,Versa 4
2026-05-11T00:09:59Z,61.0,Versa 4
2026-05-11T00:10:01Z,62.0,Versa 4
2026-05-11T00:10:03Z,61.0,Versa 4
2026-05-11T00:10:06Z,61.0,Versa 4
2026-05-11T00:10:07Z,60.0,Versa 4
2026-05-11T00:10:09Z,61.0,Versa 4
2026-05-11T00:10:12Z,61.0,Versa 4
2026-05-11T00:10:13Z,62.0,Versa 4
2026-05-11T00:10:16Z,62.0,Versa 4
2026-05-11T00:10:18Z,61.0,Versa 4
2026-05-11T00:10:21Z,61.0,Versa 4
2026-05-11T00:10:24Z,61.0,Versa 4
2026-05-11T00:10:27Z,61.0,Versa 4
2026-05-11T00:10:28Z,62.0,Versa 4
2026-05-11T00:10:31Z,62.0,Versa 4
2026-05-11T00:10:34Z,61.0,Versa 4
2026-05-11T00:10:36Z,60.0,Versa 4
2026-05-11T00:10:39Z,60.0,Versa 4
2026-05-11T00:10:41Z,61.0,Versa 4
2026-05-11T00:10:44Z,61.0,Versa 4
2026-05-11T00:10:47Z,61.0,Versa 4
2026-05-11T00:10:50Z,61.0,Versa 4
2026-05-11T00:10:51Z,62.0,Versa 4
2026-05-11T00:10:54Z,62.0,Versa 4
2026-05-11T00:10:57Z,62.0,Versa 4
2026-05-11T00:11:00Z,62.0,Versa 4
2026-05-11T00:11:03Z,62.0,Versa 4
2026-05-11T00:11:06Z,62.0,Versa 4
2026-05-11T00:11:08Z,61.0,Versa 4
2026-05-11T00:11:11Z,61.0,Versa 4
2026-05-11T00:11:14Z,62.0,Versa 4
2026-05-11T00:11:17Z,62.0,Versa 4
2026-05-11T00:11:20Z,62.0,Versa 4
2026-05-11T00:11:23Z,62.0,Versa 4
2026-05-11T00:11:26Z,62.0,Versa 4
2026-05-11T00:11:29Z,62.0,Versa 4
2026-05-11T00:11:32Z,62.0,Versa 4
2026-05-11T00:11:35Z,62.0,Versa 4
2026-05-11T00:11:38Z,62.0,Versa 4
2026-05-11T00:11:41Z,62.0,Versa 4
2026-05-11T00:11:43Z,62.0,Versa 4
2026-05-11T00:11:46Z,62.0,Versa 4
2026-05-11T00:11:49Z,62.0,Versa 4
2026-05-11T00:11:52Z,62.0,Versa 4
2026-05-11T00:11:54Z,63.0,Versa 4
2026-05-11T00:11:56Z,65.0,Versa 4
2026-05-11T00:11:58Z,66.0,Versa 4
2026-05-11T00:12:00Z,64.0,Versa 4
2026-05-11T00:12:02Z,63.0,Versa 4
2026-05-11T00:12:04Z,62.0,Versa 4
2026-05-11T00:12:06Z,60.0,Versa 4
2026-05-11T00:12:09Z,60.0,Versa 4
2026-05-11T00:12:12Z,60.0,Versa 4
2026-05-11T00:12:15Z,60.0,Versa 4
2026-05-11T00:12:18Z,60.0,Versa 4
2026-05-11T00:12:21Z,60.0,Versa 4
2026-05-11T00:12:24Z,60.0,Versa 4
2026-05-11T00:12:27Z,61.0,Versa 4
2026-05-11T00:12:30Z,61.0,Versa 4
2026-05-11T00:12:31Z,62.0,Versa 4
2026-05-11T00:12:34Z,62.0,Versa 4
2026-05-11T00:12:37Z,62.0,Versa 4
2026-05-11T00:12:40Z,62.0,Versa 4
2026-05-11T00:12:43Z,62.0,Versa 4
2026-05-11T00:12:46Z,62.0,Versa 4
2026-05-11T00:12:49Z,62.0,Versa 4
2026-05-11T00:12:50Z,63.0,Versa 4
2026-05-11T00:12:52Z,62.0,Versa 4
2026-05-11T00:12:55Z,62.0,Versa 4
2026-05-11T00:12:58Z,62.0,Versa 4
2026-05-11T00:13:01Z,62.0,Versa 4
2026-05-11T00:13:02Z,61.0,Versa 4
2026-05-11T00:13:03Z,60.0,Versa 4
2026-05-11T00:13:05Z,59.0,Versa 4
2026-05-11T00:13:07Z,58.0,Versa 4
2026-05-11T00:13:10Z,58.0,Versa 4
2026-05-11T00:13:11Z,59.0,Versa 4
2026-05-11T00:13:13Z,60.0,Versa 4
2026-05-11T00:13:16Z,60.0,Versa 4
2026-05-11T00:13:19Z,61.0,Versa 4
2026-05-11T00:13:22Z,61.0,Versa 4
2026-05-11T00:13:23Z,62.0,Versa 4
2026-05-11T00:13:26Z,62.0,Versa 4
2026-05-11T00:13:29Z,62.0,Versa 4
2026-05-11T00:13:32Z,62.0,Versa 4
2026-05-11T00:13:35Z,62.0,Versa 4
2026-05-11T00:13:38Z,62.0,Versa 4
2026-05-11T00:13:41Z,62.0,Versa 4
2026-05-11T00:13:44Z,64.0,Versa 4
2026-05-11T00:13:46Z,65.0,Versa 4
2026-05-11T00:13:48Z,66.0,Versa 4
2026-05-11T00:13:51Z,63.0,Versa 4
2026-05-11T00:13:53Z,62.0,Versa 4
2026-05-11T00:13:55Z,60.0,Versa 4
2026-05-11T00:13:57Z,58.0,Versa 4
2026-05-11T00:14:00Z,58.0,Versa 4
2026-05-11T00:14:01Z,57.0,Versa 4
2026-05-11T00:14:03Z,58.0,Versa 4
2026-05-11T00:14:06Z,58.0,Versa 4
2026-05-11T00:14:09Z,58.0,Versa 4
2026-05-11T00:14:12Z,58.0,Versa 4
2026-05-11T00:14:13Z,59.0,Versa 4
2026-05-11T00:14:15Z,60.0,Versa 4
2026-05-11T00:14:18Z,62.0,Versa 4
2026-05-11T00:14:21Z,62.0,Versa 4
2026-05-11T00:14:24Z,62.0,Versa 4
2026-05-11T00:14:27Z,62.0,Versa 4
2026-05-11T00:14:30Z,62.0,Versa 4
2026-05-11T00:14:33Z,62.0,Versa 4
2026-05-11T00:14:34Z,63.0,Versa 4
2026-05-11T00:14:36Z,64.0,Versa 4
2026-05-11T00:14:39Z,64.0,Versa 4
2026-05-11T00:14:41Z,63.0,Versa 4
2026-05-11T00:14:43Z,62.0,Versa 4
2026-05-11T00:14:46Z,62.0,Versa 4
2026-05-11T00:14:49Z,62.0,Versa 4
2026-05-11T00:14:52Z,62.0,Versa 4
2026-05-11T00:14:55Z,62.0,Versa 4
2026-05-11T00:14:58Z,62.0,Versa 4
2026-05-11T00:15:01Z,62.0,Versa 4
2026-05-11T00:15:04Z,62.0,Versa 4
2026-05-11T00:15:06Z,62.0,Versa 4
2026-05-11T00:15:09Z,62.0,Versa 4
2026-05-11T00:15:12Z,62.0,Versa 4
2026-05-11T00:15:14Z,63.0,Versa 4
2026-05-11T00:15:17Z,63.0,Versa 4
2026-05-11T00:15:20Z,63.0,Versa 4
2026-05-11T00:15:23Z,63.0,Versa 4
2026-05-11T00:15:24Z,64.0,Versa 4
2026-05-11T00:15:27Z,64.0,Versa 4
2026-05-11T00:15:30Z,64.0,Versa 4
2026-05-11T00:15:33Z,64.0,Versa 4
2026-05-11T00:15:36Z,64.0,Versa 4
2026-05-11T00:15:39Z,64.0,Versa 4
2026-05-11T00:15:41Z,63.0,Versa 4
2026-05-11T00:15:43Z,64.0,Versa 4
2026-05-11T00:15:45Z,63.0,Versa 4
2026-05-11T00:15:48Z,63.0,Versa 4
2026-05-11T00:15:49Z,62.0,Versa 4
2026-05-11T00:15:52Z,62.0,Versa 4
2026-05-11T00:15:55Z,62.0,Versa 4
2026-05-11T00:15:58Z,62.0,Versa 4
2026-05-11T00:16:00Z,63.0,Versa 4
2026-05-11T00:16:03Z,63.0,Versa 4
2026-05-11T00:16:06Z,62.0,Versa 4
2026-05-11T00:16:09Z,62.0,Versa 4
2026-05-11T00:16:10Z,63.0,Versa 4
2026-05-11T00:16:13Z,63.0,Versa 4
2026-05-11T00:16:14Z,62.0,Versa 4
2026-05-11T00:16:17Z,62.0,Versa 4
2026-05-11T00:16:20Z,62.0,Versa 4
2026-05-11T00:16:23Z,61.0,Versa 4
2026-05-11T00:16:25Z,60.0,Versa 4
2026-05-11T00:16:28Z,60.0,Versa 4
2026-05-11T00:16:29Z,61.0,Versa 4
2026-05-11T00:16:31Z,62.0,Versa 4
2026-05-11T00:16:34Z,62.0,Versa 4
2026-05-11T00:16:37Z,62.0,Versa 4
2026-05-11T00:16:40Z,62.0,Versa 4
2026-05-11T00:16:43Z,62.0,Versa 4
2026-05-11T00:16:46Z,62.0,Versa 4
2026-05-11T00:16:49Z,62.0,Versa 4
2026-05-11T00:16:52Z,62.0,Versa 4
2026-05-11T00:16:55Z,62.0,Versa 4
2026-05-11T00:16:58Z,62.0,Versa 4
2026-05-11T00:17:01Z,62.0,Versa 4
2026-05-11T00:17:04Z,62.0,Versa 4
2026-05-11T00:17:07Z,62.0,Versa 4
2026-05-11T00:17:10Z,62.0,Versa 4
2026-05-11T00:17:13Z,62.0,Versa 4
2026-05-11T00:17:16Z,62.0,Versa 4
2026-05-11T00:17:17Z,63.0,Versa 4
2026-05-11T00:17:20Z,63.0,Versa 4
2026-05-11T00:17:21Z,64.0,Versa 4
2026-05-11T00:17:24Z,64.0,Versa 4
2026-05-11T00:17:25Z,64.0,Versa 4
2026-05-11T00:17:28Z,64.0,Versa 4
2026-05-11T00:17:30Z,63.0,Versa 4
2026-05-11T00:17:32Z,62.0,Versa 4
2026-05-11T00:17:34Z,61.0,Versa 4
2026-05-11T00:17:36Z,60.0,Versa 4
2026-05-11T00:17:39Z,60.0,Versa 4
2026-05-11T00:17:42Z,60.0,Versa 4
2026-05-11T00:17:44Z,61.0,Versa 4
2026-05-11T00:17:47Z,61.0,Versa 4
2026-05-11T00:17:50Z,62.0,Versa 4
2026-05-11T00:17:53Z,62.0,Versa 4
2026-05-11T00:17:56Z,62.0,Versa 4
2026-05-11T00:17:59Z,62.0,Versa 4
2026-05-11T00:18:02Z,62.0,Versa 4
2026-05-11T00:18:05Z,62.0,Versa 4
2026-05-11T00:18:08Z,62.0,Versa 4
2026-05-11T00:18:11Z,62.0,Versa 4
2026-05-11T00:18:14Z,62.0,Versa 4
2026-05-11T00:18:17Z,62.0,Versa 4
2026-05-11T00:18:18Z,63.0,Versa 4
2026-05-11T00:18:21Z,63.0,Versa 4
2026-05-11T00:18:24Z,62.0,Versa 4
2026-05-11T00:18:27Z,62.0,Versa 4
2026-05-11T00:18:28Z,63.0,Versa 4
2026-05-11T00:18:30Z,64.0,Versa 4
2026-05-11T00:18:33Z,64.0,Versa 4
2026-05-11T00:18:34Z,64.0,Versa 4
2026-05-11T00:18:37Z,64.0,Versa 4
2026-05-11T00:18:40Z,64.0,Versa 4
2026-05-11T00:18:41Z,63.0,Versa 4
2026-05-11T00:18:44Z,63.0,Versa 4
2026-05-11T00:18:45Z,62.0,Versa 4
2026-05-11T00:18:48Z,62.0,Versa 4
2026-05-11T00:18:51Z,63.0,Versa 4
2026-05-11T00:18:54Z,63.0,Versa 4
2026-05-11T00:18:55Z,64.0,Versa 4
2026-05-11T00:18:58Z,64.0,Versa 4
2026-05-11T00:19:01Z,63.0,Versa 4
2026-05-11T00:19:03Z,62.0,Versa 4
2026-05-11T00:19:06Z,62.0,Versa 4
2026-05-11T00:19:09Z,62.0,Versa 4
2026-05-11T00:19:12Z,62.0,Versa 4
2026-05-11T00:19:15Z,62.0,Versa 4
2026-05-11T00:19:18Z,62.0,Versa 4
2026-05-11T00:19:21Z,62.0,Versa 4
2026-05-11T00:19:24Z,63.0,Versa 4
2026-05-11T00:19:26Z,62.0,Versa 4
2026-05-11T00:19:29Z,61.0,Versa 4
2026-05-11T00:19:31Z,60.0,Versa 4
2026-05-11T00:19:34Z,60.0,Versa 4
2026-05-11T00:19:37Z,60.0,Versa 4
2026-05-11T00:19:40Z,60.0,Versa 4
2026-05-11T00:19:41Z,61.0,Versa 4
2026-05-11T00:19:43Z,62.0,Versa 4
2026-05-11T00:19:46Z,62.0,Versa 4
2026-05-11T00:19:47Z,63.0,Versa 4
2026-05-11T00:19:50Z,63.0,Versa 4
2026-05-11T00:19:51Z,64.0,Versa 4
2026-05-11T00:19:54Z,64.0,Versa 4
2026-05-11T00:19:57Z,64.0,Versa 4
2026-05-11T00:20:00Z,64.0,Versa 4
2026-05-11T00:20:03Z,64.0,Versa 4
2026-05-11T00:20:06Z,64.0,Versa 4
2026-05-11T00:20:09Z,64.0,Versa 4
2026-05-11T00:20:10Z,63.0,Versa 4
2026-05-11T00:20:12Z,62.0,Versa 4
2026-05-11T00:20:15Z,62.0,Versa 4
2026-05-11T00:20:18Z,62.0,Versa 4
2026-05-11T00:20:21Z,62.0,Versa 4
2026-05-11T00:20:24Z,62.0,Versa 4
2026-05-11T00:20:25Z,63.0,Versa 4
2026-05-11T00:20:28Z,63.0,Versa 4
2026-05-11T00:20:31Z,63.0,Versa 4
2026-05-11T00:20:34Z,63.0,Versa 4
2026-05-11T00:20:35Z,62.0,Versa 4
2026-05-11T00:20:38Z,62.0,Versa 4
2026-05-11T00:20:41Z,62.0,Versa 4
2026-05-11T00:20:42Z,61.0,Versa 4
2026-05-11T00:20:45Z,61.0,Versa 4
2026-05-11T00:20:46Z,62.0,Versa 4
2026-05-11T00:20:48Z,62.0,Versa 4
2026-05-11T00:20:51Z,62.0,Versa 4
2026-05-11T00:20:54Z,62.0,Versa 4
2026-05-11T00:20:57Z,62.0,Versa 4
2026-05-11T00:21:00Z,62.0,Versa 4
2026-05-11T00:21:03Z,62.0,Versa 4
2026-05-11T00:21:05Z,63.0,Versa 4
2026-05-11T00:21:07Z,64.0,Versa 4
2026-05-11T00:21:10Z,64.0,Versa 4
2026-05-11T00:21:13Z,64.0,Versa 4
2026-05-11T00:21:15Z,63.0,Versa 4
2026-05-11T00:21:17Z,62.0,Versa 4
2026-05-11T00:21:20Z,62.0,Versa 4
2026-05-11T00:21:23Z,62.0,Versa 4
2026-05-11T00:21:26Z,62.0,Versa 4
2026-05-11T00:21:29Z,62.0,Versa 4
2026-05-11T00:21:32Z,62.0,Versa 4
2026-05-11T00:21:35Z,62.0,Versa 4
2026-05-11T00:21:38Z,62.0,Versa 4
2026-05-11T00:21:41Z,62.0,Versa 4
2026-05-11T00:21:44Z,62.0,Versa 4
2026-05-11T00:21:47Z,62.0,Versa 4
2026-05-11T00:21:50Z,61.0,Versa 4
2026-05-11T00:21:53Z,61.0,Versa 4
2026-05-11T00:21:55Z,62.0,Versa 4
2026-05-11T00:21:58Z,62.0,Versa 4
2026-05-11T00:22:01Z,60.0,Versa 4
2026-05-11T00:22:03Z,60.0,Versa 4
2026-05-11T00:22:06Z,60.0,Versa 4
2026-05-11T00:22:09Z,60.0,Versa 4
2026-05-11T00:22:12Z,60.0,Versa 4
2026-05-11T00:22:15Z,60.0,Versa 4
2026-05-11T00:22:16Z,62.0,Versa 4
2026-05-11T00:22:19Z,62.0,Versa 4
2026-05-11T00:22:22Z,63.0,Versa 4
2026-05-11T00:22:25Z,63.0,Versa 4
2026-05-11T00:22:26Z,64.0,Versa 4
2026-05-11T00:22:29Z,64.0,Versa 4
2026-05-11T00:22:30Z,63.0,Versa 4
2026-05-11T00:22:33Z,63.0,Versa 4
2026-05-11T00:22:36Z,64.0,Versa 4
2026-05-11T00:22:39Z,63.0,Versa 4
2026-05-11T00:22:41Z,62.0,Versa 4
2026-05-11T00:22:44Z,62.0,Versa 4
2026-05-11T00:22:45Z,61.0,Versa 4
2026-05-11T00:22:47Z,60.0,Versa 4
2026-05-11T00:22:49Z,61.0,Versa 4
2026-05-11T00:22:51Z,62.0,Versa 4
2026-05-11T00:22:54Z,62.0,Versa 4
2026-05-11T00:22:57Z,62.0,Versa 4
2026-05-11T00:23:00Z,62.0,Versa 4
2026-05-11T00:23:03Z,62.0,Versa 4
2026-05-11T00:23:06Z,62.0,Versa 4
2026-05-11T00:23:09Z,62.0,Versa 4
2026-05-11T00:23:10Z,62.0,Versa 4
2026-05-11T00:23:12Z,63.0,Versa 4
2026-05-11T00:23:14Z,64.0,Versa 4
2026-05-11T00:23:16Z,63.0,Versa 4
2026-05-11T00:23:18Z,62.0,Versa 4
2026-05-11T00:23:21Z,62.0,Versa 4
2026-05-11T00:23:22Z,61.0,Versa 4
2026-05-11T00:23:25Z,61.0,Versa 4
2026-05-11T00:23:26Z,62.0,Versa 4
2026-05-11T00:23:29Z,62.0,Versa 4
2026-05-11T00:23:31Z,61.0,Versa 4
2026-05-11T00:23:33Z,60.0,Versa 4
2026-05-11T00:23:36Z,60.0,Versa 4
2026-05-11T00:23:39Z,61.0,Versa 4
2026-05-11T00:23:41Z,62.0,Versa 4
2026-05-11T00:23:44Z,62.0,Versa 4
2026-05-11T00:23:45Z,63.0,Versa 4
2026-05-11T00:23:47Z,64.0,Versa 4
2026-05-11T00:23:50Z,64.0,Versa 4
2026-05-11T00:23:52Z,63.0,Versa 4
2026-05-11T00:23:55Z,63.0,Versa 4
2026-05-11T00:23:58Z,63.0,Versa 4
2026-05-11T00:24:01Z,63.0,Versa 4
2026-05-11T00:24:02Z,64.0,Versa 4
2026-05-11T00:24:05Z,64.0,Versa 4
2026-05-11T00:24:08Z,64.0,Versa 4
2026-05-11T00:24:11Z,64.0,Versa 4
2026-05-11T00:24:12Z,64.0,Versa 4
2026-05-11T00:24:15Z,64.0,Versa 4
2026-05-11T00:24:17Z,63.0,Versa 4
2026-05-11T00:24:19Z,62.0,Versa 4
2026-05-11T00:24:22Z,62.0,Versa 4
2026-05-11T00:24:25Z,62.0,Versa 4
2026-05-11T00:24:28Z,62.0,Versa 4
2026-05-11T00:24:31Z,62.0,Versa 4
2026-05-11T00:24:33Z,63.0,Versa 4
2026-05-11T00:24:35Z,64.0,Versa 4
2026-05-11T00:24:38Z,64.0,Versa 4
2026-05-11T00:24:41Z,64.0,Versa 4
2026-05-11T00:24:42Z,65.0,Versa 4
2026-05-11T00:24:45Z,65.0,Versa 4
2026-05-11T00:24:48Z,64.0,Versa 4
2026-05-11T00:24:51Z,64.0,Versa 4
2026-05-11T00:24:54Z,64.0,Versa 4
2026-05-11T00:24:56Z,63.0,Versa 4
2026-05-11T00:24:58Z,62.0,Versa 4
2026-05-11T00:25:01Z,62.0,Versa 4
2026-05-11T00:25:04Z,62.0,Versa 4
2026-05-11T00:25:07Z,62.0,Versa 4
2026-05-11T00:25:09Z,63.0,Versa 4
2026-05-11T00:25:11Z,62.0,Versa 4
2026-05-11T00:25:13Z,63.0,Versa 4
2026-05-11T00:25:16Z,63.0,Versa 4
2026-05-11T00:25:19Z,62.0,Versa 4
2026-05-11T00:25:21Z,62.0,Versa 4
2026-05-11T00:25:24Z,62.0,Versa 4
2026-05-11T00:25:27Z,62.0,Versa 4
2026-05-11T00:25:30Z,63.0,Versa 4
2026-05-11T00:25:32Z,62.0,Versa 4
2026-05-11T00:25:35Z,62.0,Versa 4
2026-05-11T00:25:38Z,62.0,Versa 4
2026-05-11T00:25:41Z,62.0,Versa 4
2026-05-11T00:25:44Z,62.0,Versa 4
2026-05-11T00:25:47Z,62.0,Versa 4
2026-05-11T00:25:50Z,62.0,Versa 4
2026-05-11T00:25:53Z,62.0,Versa 4
2026-05-11T00:25:56Z,62.0,Versa 4
2026-05-11T00:25:59Z,63.0,Versa 4
2026-05-11T00:26:02Z,63.0,Versa 4
2026-05-11T00:26:03Z,64.0,Versa 4
2026-05-11T00:26:06Z,64.0,Versa 4
2026-05-11T00:26:09Z,64.0,Versa 4
2026-05-11T00:26:12Z,64.0,Versa 4
2026-05-11T00:26:15Z,64.0,Versa 4
2026-05-11T00:26:18Z,64.0,Versa 4
2026-05-11T00:26:21Z,64.0,Versa 4
2026-05-11T00:26:24Z,65.0,Versa 4
2026-05-11T00:26:26Z,66.0,Versa 4
2026-05-11T00:26:29Z,65.0,Versa 4
2026-05-11T00:26:31Z,64.0,Versa 4
2026-05-11T00:26:33Z,63.0,Versa 4
2026-05-11T00:26:35Z,62.0,Versa 4
2026-05-11T00:26:38Z,62.0,Versa 4
2026-05-11T00:26:41Z,62.0,Versa 4
2026-05-11T00:26:43Z,61.0,Versa 4
2026-05-11T00:26:45Z,62.0,Versa 4
2026-05-11T00:26:47Z,61.0,Versa 4
2026-05-11T00:26:49Z,62.0,Versa 4
2026-05-11T00:26:52Z,62.0,Versa 4
2026-05-11T00:26:55Z,62.0,Versa 4
2026-05-11T00:26:58Z,63.0,Versa 4
2026-05-11T00:27:00Z,62.0,Versa 4
2026-05-11T00:27:03Z,62.0,Versa 4
2026-05-11T00:27:06Z,62.0,Versa 4
2026-05-11T00:27:09Z,62.0,Versa 4
2026-05-11T00:27:10Z,63.0,Versa 4
2026-05-11T00:27:13Z,63.0,Versa 4
2026-05-11T00:27:16Z,63.0,Versa 4
2026-05-11T00:27:19Z,63.0,Versa 4
2026-05-11T00:27:22Z,63.0,Versa 4
2026-05-11T00:27:25Z,62.0,Versa 4
2026-05-11T00:27:28Z,62.0,Versa 4
2026-05-11T00:27:31Z,62.0,Versa 4
2026-05-11T00:27:34Z,62.0,Versa 4
2026-05-11T00:27:35Z,63.0,Versa 4
2026-05-11T00:27:38Z,63.0,Versa 4
2026-05-11T00:27:41Z,64.0,Versa 4
2026-05-11T00:27:42Z,63.0,Versa 4
2026-05-11T00:27:44Z,63.0,Versa 4
2026-05-11T00:27:47Z,63.0,Versa 4
2026-05-11T00:27:50Z,63.0,Versa 4
2026-05-11T00:27:53Z,63.0,Versa 4
2026-05-11T00:27:54Z,64.0,Versa 4
2026-05-11T00:27:57Z,64.0,Versa 4
2026-05-11T00:28:00Z,64.0,Versa 4
2026-05-11T00:28:02Z,63.0,Versa 4
2026-05-11T00:28:04Z,62.0,Versa 4
2026-05-11T00:28:07Z,62.0,Versa 4
2026-05-11T00:28:10Z,62.0,Versa 4
2026-05-11T00:28:13Z,62.0,Versa 4
2026-05-11T00:28:16Z,62.0,Versa 4
2026-05-11T00:28:19Z,63.0,Versa 4
2026-05-11T00:28:22Z,63.0,Versa 4
2026-05-11T00:28:25Z,63.0,Versa 4
2026-05-11T00:28:28Z,63.0,Versa 4
2026-05-11T00:28:29Z,64.0,Versa 4
2026-05-11T00:28:32Z,64.0,Versa 4
2026-05-11T00:28:35Z,64.0,Versa 4
2026-05-11T00:28:38Z,64.0,Versa 4
2026-05-11T00:28:41Z,64.0,Versa 4
2026-05-11T00:28:42Z,63.0,Versa 4
2026-05-11T00:28:45Z,63.0,Versa 4
2026-05-11T00:28:48Z,64.0,Versa 4
2026-05-11T00:28:51Z,64.0,Versa 4
2026-05-11T00:28:54Z,64.0,Versa 4
2026-05-11T00:28:55Z,64.0,Versa 4
2026-05-11T00:28:58Z,64.0,Versa 4
2026-05-11T00:29:01Z,64.0,Versa 4
2026-05-11T00:29:04Z,64.0,Versa 4
2026-05-11T00:29:07Z,63.0,Versa 4
2026-05-11T00:29:09Z,64.0,Versa 4
2026-05-11T00:29:12Z,64.0,Versa 4
2026-05-11T00:29:15Z,64.0,Versa 4
2026-05-11T00:29:18Z,64.0,Versa 4
2026-05-11T00:29:21Z,64.0,Versa 4
2026-05-11T00:29:24Z,63.0,Versa 4
2026-05-11T00:29:27Z,63.0,Versa 4
2026-05-11T00:29:28Z,64.0,Versa 4
2026-05-11T00:29:31Z,64.0,Versa 4
2026-05-11T00:29:34Z,64.0,Versa 4
2026-05-11T00:29:37Z,64.0,Versa 4
2026-05-11T00:29:40Z,64.0,Versa 4
2026-05-11T00:29:41Z,63.0,Versa 4
2026-05-11T00:29:44Z,63.0,Versa 4
2026-05-11T00:29:45Z,62.0,Versa 4
2026-05-11T00:29:48Z,62.0,Versa 4
2026-05-11T00:29:51Z,62.0,Versa 4
2026-05-11T00:29:54Z,62.0,Versa 4
2026-05-11T00:29:55Z,63.0,Versa 4
2026-05-11T00:29:58Z,63.0,Versa 4
2026-05-11T00:29:59Z,64.0,Versa 4
2026-05-11T00:30:02Z,64.0,Versa 4
2026-05-11T00:30:03Z,64.0,Versa 4
2026-05-11T00:30:06Z,64.0,Versa 4
2026-05-11T00:30:09Z,64.0,Versa 4
2026-05-11T00:30:12Z,64.0,Versa 4
2026-05-11T00:30:14Z,65.0,Versa 4
2026-05-11T00:30:16Z,66.0,Versa 4
2026-05-11T00:30:19Z,66.0,Versa 4
2026-05-11T00:30:20Z,65.0,Versa 4
2026-05-11T00:30:22Z,64.0,Versa 4
2026-05-11T00:30:25Z,64.0,Versa 4
2026-05-11T00:30:28Z,64.0,Versa 4
2026-05-11T00:30:31Z,64.0,Versa 4
2026-05-11T00:30:34Z,64.0,Versa 4
2026-05-11T00:30:37Z,63.0,Versa 4
2026-05-11T00:30:39Z,61.0,Versa 4
2026-05-11T00:30:41Z,60.0,Versa 4
2026-05-11T00:30:43Z,59.0,Versa 4
2026-05-11T00:30:46Z,59.0,Versa 4
2026-05-11T00:30:49Z,60.0,Versa 4
2026-05-11T00:30:52Z,60.0,Versa 4
2026-05-11T00:30:53Z,61.0,Versa 4
2026-05-11T00:30:54Z,62.0,Versa 4
2026-05-11T00:30:57Z,62.0,Versa 4
2026-05-11T00:31:00Z,62.0,Versa 4
2026-05-11T00:31:03Z,62.0,Versa 4
2026-05-11T00:31:04Z,63.0,Versa 4
2026-05-11T00:31:06Z,62.0,Versa 4
2026-05-11T00:31:08Z,62.0,Versa 4
2026-05-11T00:31:11Z,62.0,Versa 4
2026-05-11T00:31:14Z,62.0,Versa 4
2026-05-11T00:31:17Z,62.0,Versa 4
2026-05-11T00:31:20Z,62.0,Versa 4
2026-05-11T00:31:23Z,62.0,Versa 4
2026-05-11T00:31:26Z,62.0,Versa 4
2026-05-11T00:31:29Z,62.0,Versa 4
2026-05-11T00:31:31Z,63.0,Versa 4
2026-05-11T00:31:34Z,63.0,Versa 4
2026-05-11T00:31:35Z,64.0,Versa 4
2026-05-11T00:31:38Z,64.0,Versa 4
2026-05-11T00:31:41Z,64.0,Versa 4
2026-05-11T00:31:44Z,64.0,Versa 4
2026-05-11T00:31:47Z,64.0,Versa 4
2026-05-11T00:31:50Z,64.0,Versa 4
2026-05-11T00:31:53Z,64.0,Versa 4
2026-05-11T00:31:56Z,64.0,Versa 4
2026-05-11T00:31:59Z,64.0,Versa 4
2026-05-11T00:32:02Z,64.0,Versa 4
2026-05-11T00:32:05Z,64.0,Versa 4
2026-05-11T00:32:08Z,64.0,Versa 4
2026-05-11T00:32:11Z,64.0,Versa 4
2026-05-11T00:32:14Z,64.0,Versa 4
2026-05-11T00:32:17Z,64.0,Versa 4
2026-05-11T00:32:20Z,64.0,Versa 4
2026-05-11T00:32:23Z,64.0,Versa 4
2026-05-11T00:32:25Z,64.0,Versa 4
2026-05-11T00:32:28Z,64.0,Versa 4
2026-05-11T00:32:31Z,64.0,Versa 4
2026-05-11T00:32:34Z,64.0,Versa 4
2026-05-11T00:32:37Z,64.0,Versa 4
2026-05-11T00:32:40Z,64.0,Versa 4
2026-05-11T00:32:43Z,64.0,Versa 4
2026-05-11T00:32:46Z,63.0,Versa 4
2026-05-11T00:32:48Z,62.0,Versa 4
2026-05-11T00:32:50Z,61.0,Versa 4
2026-05-11T00:32:53Z,62.0,Versa 4
2026-05-11T00:32:56Z,62.0,Versa 4
2026-05-11T00:32:59Z,63.0,Versa 4
2026-05-11T00:33:01Z,62.0,Versa 4
2026-05-11T00:33:04Z,62.0,Versa 4
2026-05-11T00:33:07Z,62.0,Versa 4
2026-05-11T00:33:10Z,62.0,Versa 4
2026-05-11T00:33:13Z,62.0,Versa 4
2026-05-11T00:33:16Z,62.0,Versa 4
2026-05-11T00:33:17Z,63.0,Versa 4
2026-05-11T00:33:20Z,63.0,Versa 4
2026-05-11T00:33:22Z,64.0,Versa 4
2026-05-11T00:33:25Z,64.0,Versa 4
2026-05-11T00:33:26Z,63.0,Versa 4
2026-05-11T00:33:29Z,63.0,Versa 4
2026-05-11T00:33:32Z,63.0,Versa 4
2026-05-11T00:33:34Z,62.0,Versa 4
2026-05-11T00:33:36Z,62.0,Versa 4
2026-05-11T00:33:39Z,62.0,Versa 4
2026-05-11T00:33:42Z,62.0,Versa 4
2026-05-11T00:33:45Z,62.0,Versa 4
2026-05-11T00:33:47Z,63.0,Versa 4
2026-05-11T00:33:49Z,64.0,Versa 4
2026-05-11T00:33:52Z,64.0,Versa 4
2026-05-11T00:33:55Z,64.0,Versa 4
2026-05-11T00:33:58Z,64.0,Versa 4
2026-05-11T00:34:01Z,64.0,Versa 4
2026-05-11T00:34:04Z,64.0,Versa 4
2026-05-11T00:34:07Z,64.0,Versa 4
2026-05-11T00:34:10Z,64.0,Versa 4
2026-05-11T00:34:13Z,64.0,Versa 4
2026-05-11T00:34:16Z,64.0,Versa 4
2026-05-11T00:34:19Z,64.0,Versa 4
2026-05-11T00:34:22Z,64.0,Versa 4
2026-05-11T00:34:25Z,64.0,Versa 4
2026-05-11T00:34:28Z,64.0,Versa 4
2026-05-11T00:34:29Z,63.0,Versa 4
2026-05-11T00:34:32Z,63.0,Versa 4
2026-05-11T00:34:35Z,63.0,Versa 4
2026-05-11T00:34:38Z,63.0,Versa 4
2026-05-11T00:34:41Z,63.0,Versa 4
2026-05-11T00:34:44Z,63.0,Versa 4
2026-05-11T00:34:47Z,63.0,Versa 4
2026-05-11T00:34:49Z,64.0,Versa 4
2026-05-11T00:34:51Z,64.0,Versa 4
2026-05-11T00:34:54Z,63.0,Versa 4
2026-05-11T00:34:57Z,63.0,Versa 4
2026-05-11T00:34:58Z,62.0,Versa 4
2026-05-11T00:35:01Z,62.0,Versa 4
2026-05-11T00:35:02Z,63.0,Versa 4
2026-05-11T00:35:05Z,63.0,Versa 4
2026-05-11T00:35:08Z,64.0,Versa 4
2026-05-11T00:35:11Z,64.0,Versa 4
2026-05-11T00:35:12Z,63.0,Versa 4
2026-05-11T00:35:15Z,63.0,Versa 4
2026-05-11T00:35:18Z,63.0,Versa 4
2026-05-11T00:35:21Z,63.0,Versa 4
2026-05-11T00:35:23Z,64.0,Versa 4
2026-05-11T00:35:26Z,64.0,Versa 4
2026-05-11T00:35:27Z,63.0,Versa 4
2026-05-11T00:35:30Z,63.0,Versa 4
2026-05-11T00:35:31Z,62.0,Versa 4
2026-05-11T00:35:34Z,62.0,Versa 4
2026-05-11T00:35:35Z,63.0,Versa 4
2026-05-11T00:35:37Z,62.0,Versa 4
2026-05-11T00:35:39Z,63.0,Versa 4
2026-05-11T00:35:42Z,63.0,Versa 4
2026-05-11T00:35:45Z,63.0,Versa 4
2026-05-11T00:35:46Z,64.0,Versa 4
2026-05-11T00:35:49Z,64.0,Versa 4
2026-05-11T00:35:52Z,65.0,Versa 4
2026-05-11T00:35:54Z,65.0,Versa 4
2026-05-11T00:35:56Z,64.0,Versa 4
2026-05-11T00:35:59Z,64.0,Versa 4
2026-05-11T00:36:02Z,64.0,Versa 4
2026-05-11T00:36:05Z,63.0,Versa 4
2026-05-11T00:36:08Z,63.0,Versa 4
2026-05-11T00:36:09Z,62.0,Versa 4
2026-05-11T00:36:11Z,63.0,Versa 4
2026-05-11T00:36:14Z,63.0,Versa 4
2026-05-11T00:36:17Z,63.0,Versa 4
2026-05-11T00:36:19Z,64.0,Versa 4
2026-05-11T00:36:22Z,64.0,Versa 4
2026-05-11T00:36:25Z,64.0,Versa 4
2026-05-11T00:36:28Z,64.0,Versa 4
2026-05-11T00:36:31Z,64.0,Versa 4
2026-05-11T00:36:34Z,64.0,Versa 4
2026-05-11T00:36:37Z,64.0,Versa 4
2026-05-11T00:36:40Z,64.0,Versa 4
2026-05-11T00:36:43Z,64.0,Versa 4
2026-05-11T00:36:46Z,64.0,Versa 4
2026-05-11T00:36:49Z,64.0,Versa 4
2026-05-11T00:36:52Z,63.0,Versa 4
2026-05-11T00:36:55Z,62.0,Versa 4
2026-05-11T00:36:58Z,62.0,Versa 4
2026-05-11T00:37:01Z,62.0,Versa 4
2026-05-11T00:37:04Z,62.0,Versa 4
2026-05-11T00:37:05Z,63.0,Versa 4
2026-05-11T00:37:07Z,63.0,Versa 4
2026-05-11T00:37:09Z,64.0,Versa 4
2026-05-11T00:37:11Z,63.0,Versa 4
2026-05-11T00:37:14Z,63.0,Versa 4
2026-05-11T00:37:15Z,62.0,Versa 4
2026-05-11T00:37:18Z,62.0,Versa 4
2026-05-11T00:37:21Z,62.0,Versa 4
2026-05-11T00:37:24Z,62.0,Versa 4
2026-05-11T00:37:27Z,62.0,Versa 4
2026-05-11T00:37:28Z,63.0,Versa 4
2026-05-11T00:37:31Z,63.0,Versa 4
2026-05-11T00:37:34Z,63.0,Versa 4
2026-05-11T00:37:36Z,64.0,Versa 4
2026-05-11T00:37:39Z,64.0,Versa 4
2026-05-11T00:37:40Z,65.0,Versa 4
2026-05-11T00:37:41Z,66.0,Versa 4
2026-05-11T00:37:44Z,66.0,Versa 4
2026-05-11T00:37:47Z,65.0,Versa 4
2026-05-11T00:37:50Z,65.0,Versa 4
2026-05-11T00:37:53Z,65.0,Versa 4
2026-05-11T00:37:55Z,64.0,Versa 4
2026-05-11T00:37:58Z,64.0,Versa 4
2026-05-11T00:38:01Z,64.0,Versa 4
2026-05-11T00:38:04Z,64.0,Versa 4
2026-05-11T00:38:07Z,64.0,Versa 4
2026-05-11T00:38:10Z,64.0,Versa 4
2026-05-11T00:38:13Z,64.0,Versa 4
2026-05-11T00:38:14Z,64.0,Versa 4
2026-05-11T00:38:17Z,64.0,Versa 4
2026-05-11T00:38:20Z,64.0,Versa 4
2026-05-11T00:38:23Z,64.0,Versa 4
2026-05-11T00:38:24Z,65.0,Versa 4
2026-05-11T00:38:26Z,64.0,Versa 4
2026-05-11T00:38:29Z,63.0,Versa 4
2026-05-11T00:38:32Z,63.0,Versa 4
2026-05-11T00:38:33Z,62.0,Versa 4
2026-05-11T00:38:36Z,62.0,Versa 4
2026-05-11T00:38:39Z,62.0,Versa 4
2026-05-11T00:38:42Z,62.0,Versa 4
2026-05-11T00:38:45Z,62.0,Versa 4
2026-05-11T00:38:48Z,62.0,Versa 4
2026-05-11T00:38:51Z,62.0,Versa 4
2026-05-11T00:38:54Z,63.0,Versa 4
2026-05-11T00:38:57Z,63.0,Versa 4
2026-05-11T00:39:00Z,64.0,Versa 4
2026-05-11T00:39:02Z,63.0,Versa 4
2026-05-11T00:39:05Z,63.0,Versa 4
2026-05-11T00:39:08Z,63.0,Versa 4
2026-05-11T00:39:10Z,62.0,Versa 4
2026-05-11T00:39:13Z,62.0,Versa 4
2026-05-11T00:39:14Z,61.0,Versa 4
2026-05-11T00:39:16Z,62.0,Versa 4
2026-05-11T00:39:19Z,62.0,Versa 4
2026-05-11T00:39:21Z,63.0,Versa 4
2026-05-11T00:39:23Z,63.0,Versa 4
2026-05-11T00:39:25Z,64.0,Versa 4
2026-05-11T00:39:28Z,64.0,Versa 4
2026-05-11T00:39:31Z,64.0,Versa 4
2026-05-11T00:39:34Z,64.0,Versa 4
2026-05-11T00:39:37Z,64.0,Versa 4
2026-05-11T00:39:40Z,64.0,Versa 4
2026-05-11T00:39:43Z,64.0,Versa 4
2026-05-11T00:39:46Z,64.0,Versa 4
2026-05-11T00:39:49Z,64.0,Versa 4
2026-05-11T00:39:52Z,64.0,Versa 4
2026-05-11T00:39:55Z,64.0,Versa 4
2026-05-11T00:39:58Z,64.0,Versa 4
2026-05-11T00:40:01Z,64.0,Versa 4
2026-05-11T00:40:04Z,64.0,Versa 4
2026-05-11T00:40:05Z,65.0,Versa 4
2026-05-11T00:40:08Z,65.0,Versa 4
2026-05-11T00:40:09Z,64.0,Versa 4
2026-05-11T00:40:12Z,64.0,Versa 4
2026-05-11T00:40:15Z,63.0,Versa 4
2026-05-11T00:40:18Z,63.0,Versa 4
2026-05-11T00:40:19Z,64.0,Versa 4
2026-05-11T00:40:22Z,64.0,Versa 4
2026-05-11T00:40:25Z,64.0,Versa 4
2026-05-11T00:40:28Z,64.0,Versa 4
2026-05-11T00:40:31Z,64.0,Versa 4
2026-05-11T00:40:34Z,64.0,Versa 4
2026-05-11T00:40:36Z,64.0,Versa 4
2026-05-11T00:40:38Z,63.0,Versa 4
2026-05-11T00:40:41Z,63.0,Versa 4
2026-05-11T00:40:44Z,64.0,Versa 4
2026-05-11T00:40:47Z,64.0,Versa 4
2026-05-11T00:40:50Z,64.0,Versa 4
2026-05-11T00:40:53Z,64.0,Versa 4
2026-05-11T00:40:56Z,64.0,Versa 4
2026-05-11T00:40:59Z,64.0,Versa 4
2026-05-11T00:41:02Z,64.0,Versa 4
2026-05-11T00:41:05Z,64.0,Versa 4
2026-05-11T00:41:08Z,64.0,Versa 4
2026-05-11T00:41:11Z,64.0,Versa 4
2026-05-11T00:41:14Z,64.0,Versa 4
2026-05-11T00:41:17Z,63.0,Versa 4
2026-05-11T00:41:20Z,63.0,Versa 4
2026-05-11T00:41:23Z,63.0,Versa 4
2026-05-11T00:41:24Z,64.0,Versa 4
2026-05-11T00:41:27Z,64.0,Versa 4
2026-05-11T00:41:30Z,64.0,Versa 4
2026-05-11T00:41:33Z,64.0,Versa 4
2026-05-11T00:41:34Z,63.0,Versa 4
2026-05-11T00:41:37Z,63.0,Versa 4
2026-05-11T00:41:40Z,63.0,Versa 4
2026-05-11T00:41:43Z,63.0,Versa 4
2026-05-11T00:41:46Z,63.0,Versa 4
2026-05-11T00:41:49Z,63.0,Versa 4
2026-05-11T00:41:51Z,63.0,Versa 4
2026-05-11T00:41:54Z,63.0,Versa 4
2026-05-11T00:41:55Z,64.0,Versa 4
2026-05-11T00:41:58Z,64.0,Versa 4
2026-05-11T00:42:01Z,64.0,Versa 4
2026-05-11T00:42:04Z,64.0,Versa 4
2026-05-11T00:42:07Z,63.0,Versa 4
2026-05-11T00:42:09Z,62.0,Versa 4
2026-05-11T00:42:12Z,62.0,Versa 4
2026-05-11T00:42:15Z,62.0,Versa 4
2026-05-11T00:42:18Z,63.0,Versa 4
2026-05-11T00:42:20Z,64.0,Versa 4
2026-05-11T00:42:23Z,64.0,Versa 4
2026-05-11T00:42:26Z,64.0,Versa 4
2026-05-11T00:42:29Z,64.0,Versa 4
2026-05-11T00:42:32Z,65.0,Versa 4
2026-05-11T00:42:35Z,64.0,Versa 4
2026-05-11T00:42:37Z,63.0,Versa 4
2026-05-11T00:42:39Z,62.0,Versa 4
2026-05-11T00:42:41Z,61.0,Versa 4
2026-05-11T00:42:44Z,61.0,Versa 4
2026-05-11T00:42:47Z,61.0,Versa 4
2026-05-11T00:42:49Z,62.0,Versa 4
2026-05-11T00:42:52Z,62.0,Versa 4
2026-05-11T00:42:55Z,62.0,Versa 4
2026-05-11T00:42:58Z,62.0,Versa 4
2026-05-11T00:43:01Z,62.0,Versa 4
2026-05-11T00:43:02Z,62.0,Versa 4
2026-05-11T00:43:05Z,62.0,Versa 4
2026-05-11T00:43:08Z,63.0,Versa 4
2026-05-11T00:43:10Z,64.0,Versa 4
2026-05-11T00:43:12Z,65.0,Versa 4
2026-05-11T00:43:14Z,66.0,Versa 4
2026-05-11T00:43:17Z,66.0,Versa 4
2026-05-11T00:43:18Z,64.0,Versa 4
2026-05-11T00:43:20Z,63.0,Versa 4
2026-05-11T00:43:22Z,62.0,Versa 4
2026-05-11T00:43:23Z,60.0,Versa 4
2026-05-11T00:43:26Z,60.0,Versa 4
2026-05-11T00:43:29Z,60.0,Versa 4
2026-05-11T00:43:32Z,60.0,Versa 4
2026-05-11T00:43:35Z,60.0,Versa 4
2026-05-11T00:43:38Z,60.0,Versa 4
2026-05-11T00:43:39Z,62.0,Versa 4
2026-05-11T00:43:42Z,62.0,Versa 4
2026-05-11T00:43:45Z,62.0,Versa 4
2026-05-11T00:43:48Z,62.0,Versa 4
2026-05-11T00:43:51Z,62.0,Versa 4
2026-05-11T00:43:54Z,62.0,Versa 4
2026-05-11T00:43:57Z,62.0,Versa 4
2026-05-11T00:44:00Z,62.0,Versa 4
2026-05-11T00:44:03Z,62.0,Versa 4
2026-05-11T00:44:06Z,62.0,Versa 4
2026-05-11T00:44:09Z,62.0,Versa 4
2026-05-11T00:44:10Z,62.0,Versa 4
2026-05-11T00:44:11Z,63.0,Versa 4
2026-05-11T00:44:14Z,63.0,Versa 4
2026-05-11T00:44:17Z,62.0,Versa 4
2026-05-11T00:44:20Z,62.0,Versa 4
2026-05-11T00:44:23Z,62.0,Versa 4
2026-05-11T00:44:25Z,63.0,Versa 4
2026-05-11T00:44:28Z,63.0,Versa 4
2026-05-11T00:44:31Z,63.0,Versa 4
2026-05-11T00:44:34Z,63.0,Versa 4
2026-05-11T00:44:37Z,63.0,Versa 4
2026-05-11T00:44:40Z,63.0,Versa 4
2026-05-11T00:44:43Z,63.0,Versa 4
2026-05-11T00:44:46Z,64.0,Versa 4
2026-05-11T00:44:49Z,64.0,Versa 4
2026-05-11T00:44:52Z,64.0,Versa 4
2026-05-11T00:44:55Z,64.0,Versa 4
2026-05-11T00:44:58Z,64.0,Versa 4
2026-05-11T00:44:59Z,65.0,Versa 4
2026-05-11T00:45:01Z,64.0,Versa 4
2026-05-11T00:45:04Z,64.0,Versa 4
2026-05-11T00:45:07Z,64.0,Versa 4
2026-05-11T00:45:10Z,64.0,Versa 4
2026-05-11T00:45:13Z,64.0,Versa 4
2026-05-11T00:45:16Z,64.0,Versa 4
2026-05-11T00:45:19Z,64.0,Versa 4
2026-05-11T00:45:22Z,64.0,Versa 4
2026-05-11T00:45:23Z,64.0,Versa 4
2026-05-11T00:45:26Z,64.0,Versa 4
2026-05-11T00:45:29Z,64.0,Versa 4
2026-05-11T00:45:32Z,64.0,Versa 4
2026-05-11T00:45:35Z,64.0,Versa 4
2026-05-11T00:45:36Z,63.0,Versa 4
2026-05-11T00:45:38Z,62.0,Versa 4
2026-05-11T00:45:41Z,62.0,Versa 4
2026-05-11T00:45:44Z,62.0,Versa 4
2026-05-11T00:45:46Z,63.0,Versa 4
2026-05-11T00:45:47Z,64.0,Versa 4
2026-05-11T00:45:49Z,63.0,Versa 4
2026-05-11T00:45:51Z,64.0,Versa 4
2026-05-11T00:45:53Z,63.0,Versa 4
2026-05-11T00:45:55Z,64.0,Versa 4
2026-05-11T00:45:58Z,64.0,Versa 4
2026-05-11T00:46:01Z,64.0,Versa 4
2026-05-11T00:46:04Z,64.0,Versa 4
2026-05-11T00:46:07Z,64.0,Versa 4
2026-05-11T00:46:10Z,64.0,Versa 4
2026-05-11T00:46:13Z,64.0,Versa 4
2026-05-11T00:46:16Z,64.0,Versa 4
2026-05-11T00:46:19Z,64.0,Versa 4
2026-05-11T00:46:22Z,64.0,Versa 4
2026-05-11T00:46:25Z,64.0,Versa 4
2026-05-11T00:46:28Z,64.0,Versa 4
2026-05-11T00:46:31Z,64.0,Versa 4
2026-05-11T00:46:32Z,64.0,Versa 4
2026-05-11T00:46:35Z,65.0,Versa 4
2026-05-11T00:46:38Z,65.0,Versa 4
2026-05-11T00:46:41Z,65.0,Versa 4
2026-05-11T00:46:43Z,64.0,Versa 4
2026-05-11T00:46:46Z,64.0,Versa 4
2026-05-11T00:46:49Z,64.0,Versa 4
2026-05-11T00:46:52Z,64.0,Versa 4
2026-05-11T00:46:55Z,64.0,Versa 4
2026-05-11T00:46:58Z,64.0,Versa 4
2026-05-11T00:47:01Z,64.0,Versa 4
2026-05-11T00:47:04Z,63.0,Versa 4
2026-05-11T00:47:07Z,63.0,Versa 4
2026-05-11T00:47:10Z,63.0,Versa 4
2026-05-11T00:47:13Z,63.0,Versa 4
2026-05-11T00:47:16Z,62.0,Versa 4
2026-05-11T00:47:18Z,63.0,Versa 4
2026-05-11T00:47:21Z,63.0,Versa 4
2026-05-11T00:47:22Z,64.0,Versa 4
2026-05-11T00:47:25Z,64.0,Versa 4
2026-05-11T00:47:28Z,64.0,Versa 4
2026-05-11T00:47:29Z,63.0,Versa 4
2026-05-11T00:47:31Z,62.0,Versa 4
2026-05-11T00:47:34Z,62.0,Versa 4
2026-05-11T00:47:35Z,63.0,Versa 4
2026-05-11T00:47:38Z,63.0,Versa 4
2026-05-11T00:47:39Z,64.0,Versa 4
2026-05-11T00:47:41Z,64.0,Versa 4
2026-05-11T00:47:44Z,64.0,Versa 4
2026-05-11T00:47:47Z,64.0,Versa 4
2026-05-11T00:47:50Z,64.0,Versa 4
2026-05-11T00:47:53Z,64.0,Versa 4
2026-05-11T00:47:56Z,64.0,Versa 4
2026-05-11T00:47:59Z,64.0,Versa 4
2026-05-11T00:48:02Z,63.0,Versa 4
2026-05-11T00:48:04Z,62.0,Versa 4
2026-05-11T00:48:07Z,62.0,Versa 4
2026-05-11T00:48:10Z,62.0,Versa 4
2026-05-11T00:48:13Z,62.0,Versa 4
2026-05-11T00:48:16Z,62.0,Versa 4
2026-05-11T00:48:19Z,62.0,Versa 4
2026-05-11T00:48:22Z,62.0,Versa 4
2026-05-11T00:48:25Z,62.0,Versa 4
2026-05-11T00:48:28Z,62.0,Versa 4
2026-05-11T00:48:29Z,64.0,Versa 4
2026-05-11T00:48:32Z,64.0,Versa 4
2026-05-11T00:48:35Z,64.0,Versa 4
2026-05-11T00:48:36Z,63.0,Versa 4
2026-05-11T00:48:38Z,62.0,Versa 4
2026-05-11T00:48:41Z,62.0,Versa 4
2026-05-11T00:48:44Z,62.0,Versa 4
2026-05-11T00:48:47Z,62.0,Versa 4
2026-05-11T00:48:50Z,62.0,Versa 4
2026-05-11T00:48:53Z,62.0,Versa 4
2026-05-11T00:48:54Z,62.0,Versa 4
2026-05-11T00:48:57Z,62.0,Versa 4
2026-05-11T00:48:58Z,63.0,Versa 4
2026-05-11T00:48:59Z,62.0,Versa 4
2026-05-11T00:49:01Z,63.0,Versa 4
2026-05-11T00:49:04Z,63.0,Versa 4
2026-05-11T00:49:07Z,63.0,Versa 4
2026-05-11T00:49:10Z,63.0,Versa 4
2026-05-11T00:49:13Z,63.0,Versa 4
2026-05-11T00:49:15Z,62.0,Versa 4
2026-05-11T00:49:17Z,63.0,Versa 4
2026-05-11T00:49:20Z,63.0,Versa 4
2026-05-11T00:49:23Z,63.0,Versa 4
2026-05-11T00:49:26Z,62.0,Versa 4
2026-05-11T00:49:29Z,62.0,Versa 4
2026-05-11T00:49:30Z,63.0,Versa 4
2026-05-11T00:49:33Z,63.0,Versa 4
2026-05-11T00:49:34Z,62.0,Versa 4
2026-05-11T00:49:37Z,62.0,Versa 4
2026-05-11T00:49:40Z,62.0,Versa 4
2026-05-11T00:49:43Z,62.0,Versa 4
2026-05-11T00:49:46Z,62.0,Versa 4
2026-05-11T00:49:49Z,62.0,Versa 4
2026-05-11T00:49:51Z,63.0,Versa 4
2026-05-11T00:49:53Z,64.0,Versa 4
2026-05-11T00:49:56Z,64.0,Versa 4
2026-05-11T00:49:59Z,63.0,Versa 4
2026-05-11T00:50:01Z,63.0,Versa 4
2026-05-11T00:50:03Z,62.0,Versa 4
2026-05-11T00:50:06Z,62.0,Versa 4
2026-05-11T00:50:09Z,62.0,Versa 4
2026-05-11T00:50:11Z,63.0,Versa 4
2026-05-11T00:50:12Z,64.0,Versa 4
2026-05-11T00:50:15Z,64.0,Versa 4
2026-05-11T00:50:18Z,64.0,Versa 4
2026-05-11T00:50:21Z,64.0,Versa 4
2026-05-11T00:50:24Z,64.0,Versa 4
2026-05-11T00:50:27Z,64.0,Versa 4
2026-05-11T00:50:30Z,64.0,Versa 4
2026-05-11T00:50:33Z,64.0,Versa 4
2026-05-11T00:50:35Z,63.0,Versa 4
2026-05-11T00:50:37Z,62.0,Versa 4
2026-05-11T00:50:40Z,62.0,Versa 4
2026-05-11T00:50:41Z,60.0,Versa 4
2026-05-11T00:50:44Z,60.0,Versa 4
2026-05-11T00:50:47Z,61.0,Versa 4
2026-05-11T00:50:49Z,62.0,Versa 4
2026-05-11T00:50:52Z,62.0,Versa 4
2026-05-11T00:50:53Z,63.0,Versa 4
2026-05-11T00:50:55Z,62.0,Versa 4
2026-05-11T00:50:58Z,62.0,Versa 4
2026-05-11T00:50:59Z,61.0,Versa 4
2026-05-11T00:51:00Z,60.0,Versa 4
2026-05-11T00:51:03Z,60.0,Versa 4
2026-05-11T00:51:04Z,60.0,Versa 4
2026-05-11T00:51:07Z,60.0,Versa 4
2026-05-11T00:51:10Z,60.0,Versa 4
2026-05-11T00:51:12Z,61.0,Versa 4
2026-05-11T00:51:14Z,62.0,Versa 4
2026-05-11T00:51:17Z,62.0,Versa 4
2026-05-11T00:51:20Z,62.0,Versa 4
2026-05-11T00:51:23Z,62.0,Versa 4
2026-05-11T00:51:26Z,62.0,Versa 4
2026-05-11T00:51:29Z,62.0,Versa 4
2026-05-11T00:51:32Z,62.0,Versa 4
2026-05-11T00:51:35Z,62.0,Versa 4
2026-05-11T00:51:38Z,62.0,Versa 4
2026-05-11T00:51:41Z,63.0,Versa 4
2026-05-11T00:51:44Z,63.0,Versa 4
2026-05-11T00:51:45Z,62.0,Versa 4
2026-05-11T00:51:48Z,62.0,Versa 4
2026-05-11T00:51:51Z,62.0,Versa 4
2026-05-11T00:51:54Z,62.0,Versa 4
2026-05-11T00:51:57Z,62.0,Versa 4
2026-05-11T00:52:00Z,62.0,Versa 4
2026-05-11T00:52:03Z,62.0,Versa 4
2026-05-11T00:52:04Z,63.0,Versa 4
2026-05-11T00:52:07Z,63.0,Versa 4
2026-05-11T00:52:10Z,62.0,Versa 4
2026-05-11T00:52:13Z,62.0,Versa 4
2026-05-11T00:52:16Z,62.0,Versa 4
2026-05-11T00:52:17Z,62.0,Versa 4
2026-05-11T00:52:19Z,63.0,Versa 4
2026-05-11T00:52:22Z,63.0,Versa 4
2026-05-11T00:52:25Z,63.0,Versa 4
2026-05-11T00:52:28Z,63.0,Versa 4
2026-05-11T00:52:31Z,63.0,Versa 4
2026-05-11T00:52:33Z,62.0,Versa 4
2026-05-11T00:52:35Z,61.0,Versa 4
2026-05-11T00:52:36Z,60.0,Versa 4
2026-05-11T00:52:39Z,60.0,Versa 4
2026-05-11T00:52:42Z,60.0,Versa 4
2026-05-11T00:52:45Z,60.0,Versa 4
2026-05-11T00:52:46Z,62.0,Versa 4
2026-05-11T00:52:49Z,62.0,Versa 4
2026-05-11T00:52:52Z,62.0,Versa 4
2026-05-11T00:52:55Z,62.0,Versa 4
2026-05-11T00:52:56Z,63.0,Versa 4
2026-05-11T00:52:59Z,63.0,Versa 4
2026-05-11T00:53:02Z,63.0,Versa 4
2026-05-11T00:53:05Z,63.0,Versa 4
2026-05-11T00:53:08Z,63.0,Versa 4
2026-05-11T00:53:09Z,62.0,Versa 4
2026-05-11T00:53:12Z,62.0,Versa 4
2026-05-11T00:53:15Z,62.0,Versa 4
2026-05-11T00:53:18Z,62.0,Versa 4
2026-05-11T00:53:21Z,62.0,Versa 4
2026-05-11T00:53:24Z,62.0,Versa 4
2026-05-11T00:53:26Z,63.0,Versa 4
2026-05-11T00:53:28Z,64.0,Versa 4
2026-05-11T00:53:30Z,66.0,Versa 4
2026-05-11T00:53:33Z,66.0,Versa 4
2026-05-11T00:53:36Z,64.0,Versa 4
2026-05-11T00:53:38Z,63.0,Versa 4
2026-05-11T00:53:40Z,62.0,Versa 4
2026-05-11T00:53:43Z,62.0,Versa 4
2026-05-11T00:53:44Z,61.0,Versa 4
2026-05-11T00:53:47Z,60.0,Versa 4
2026-05-11T00:53:50Z,60.0,Versa 4
2026-05-11T00:53:51Z,61.0,Versa 4
2026-05-11T00:53:53Z,62.0,Versa 4
2026-05-11T00:53:56Z,62.0,Versa 4
2026-05-11T00:53:59Z,62.0,Versa 4
2026-05-11T00:54:02Z,62.0,Versa 4
2026-05-11T00:54:05Z,62.0,Versa 4
2026-05-11T00:54:07Z,63.0,Versa 4
2026-05-11T00:54:09Z,64.0,Versa 4
2026-05-11T00:54:12Z,64.0,Versa 4
2026-05-11T00:54:15Z,64.0,Versa 4
2026-05-11T00:54:18Z,64.0,Versa 4
2026-05-11T00:54:21Z,64.0,Versa 4
2026-05-11T00:54:24Z,63.0,Versa 4
2026-05-11T00:54:27Z,63.0,Versa 4
2026-05-11T00:54:30Z,64.0,Versa 4
2026-05-11T00:54:33Z,64.0,Versa 4
2026-05-11T00:54:34Z,64.0,Versa 4
2026-05-11T00:54:37Z,64.0,Versa 4
2026-05-11T00:54:40Z,64.0,Versa 4
2026-05-11T00:54:43Z,64.0,Versa 4
2026-05-11T00:54:46Z,64.0,Versa 4
2026-05-11T00:54:49Z,64.0,Versa 4
2026-05-11T00:54:52Z,64.0,Versa 4
2026-05-11T00:54:55Z,64.0,Versa 4
2026-05-11T00:54:57Z,65.0,Versa 4
2026-05-11T00:54:59Z,66.0,Versa 4
2026-05-11T00:55:02Z,66.0,Versa 4
2026-05-11T00:55:05Z,66.0,Versa 4
2026-05-11T00:55:06Z,65.0,Versa 4
2026-05-11T00:55:09Z,65.0,Versa 4
2026-05-11T00:55:12Z,65.0,Versa 4
2026-05-11T00:55:14Z,64.0,Versa 4
2026-05-11T00:55:17Z,64.0,Versa 4
2026-05-11T00:55:20Z,64.0,Versa 4
2026-05-11T00:55:23Z,64.0,Versa 4
2026-05-11T00:55:26Z,64.0,Versa 4
2026-05-11T00:55:29Z,64.0,Versa 4
2026-05-11T00:55:32Z,64.0,Versa 4
2026-05-11T00:55:35Z,65.0,Versa 4
2026-05-11T00:55:37Z,68.0,Versa 4
2026-05-11T00:55:39Z,70.0,Versa 4
2026-05-11T00:55:41Z,74.0,Versa 4
2026-05-11T00:55:43Z,78.0,Versa 4
2026-05-11T00:55:45Z,80.0,Versa 4
2026-05-11T00:55:47Z,82.0,Versa 4
2026-05-11T00:55:48Z,85.0,Versa 4
2026-05-11T00:55:50Z,87.0,Versa 4
2026-05-11T00:55:53Z,87.0,Versa 4
2026-05-11T00:55:54Z,83.0,Versa 4
2026-05-11T00:55:56Z,78.0,Versa 4
2026-05-11T00:55:58Z,71.0,Versa 4
2026-05-11T00:56:00Z,69.0,Versa 4
2026-05-11T00:56:02Z,68.0,Versa 4
2026-05-11T00:56:04Z,67.0,Versa 4
2026-05-11T00:56:06Z,65.0,Versa 4
2026-05-11T00:56:08Z,64.0,Versa 4
2026-05-11T00:56:10Z,63.0,Versa 4
2026-05-11T00:56:11Z,62.0,Versa 4
2026-05-11T00:56:14Z,62.0,Versa 4
2026-05-11T00:56:17Z,62.0,Versa 4
2026-05-11T00:56:20Z,62.0,Versa 4
2026-05-11T00:56:23Z,62.0,Versa 4
2026-05-11T00:56:25Z,63.0,Versa 4
2026-05-11T00:56:28Z,63.0,Versa 4
2026-05-11T00:56:31Z,63.0,Versa 4
2026-05-11T00:56:34Z,63.0,Versa 4
2026-05-11T00:56:35Z,62.0,Versa 4
2026-05-11T00:56:38Z,62.0,Versa 4
2026-05-11T00:56:41Z,62.0,Versa 4
2026-05-11T00:56:44Z,62.0,Versa 4
2026-05-11T00:56:45Z,63.0,Versa 4
2026-05-11T00:56:48Z,63.0,Versa 4
2026-05-11T00:56:50Z,64.0,Versa 4
2026-05-11T00:56:52Z,65.0,Versa 4
2026-05-11T00:56:55Z,65.0,Versa 4
2026-05-11T00:56:56Z,66.0,Versa 4
2026-05-11T00:56:59Z,66.0,Versa 4
2026-05-11T00:57:00Z,65.0,Versa 4
2026-05-11T00:57:03Z,65.0,Versa 4
2026-05-11T00:57:04Z,64.0,Versa 4
2026-05-11T00:57:06Z,65.0,Versa 4
2026-05-11T00:57:08Z,66.0,Versa 4
2026-05-11T00:57:11Z,65.0,Versa 4
2026-05-11T00:57:13Z,64.0,Versa 4
2026-05-11T00:57:15Z,63.0,Versa 4
2026-05-11T00:57:17Z,62.0,Versa 4
2026-05-11T00:57:20Z,62.0,Versa 4
2026-05-11T00:57:23Z,62.0,Versa 4
2026-05-11T00:57:26Z,62.0,Versa 4
2026-05-11T00:57:29Z,62.0,Versa 4
2026-05-11T00:57:32Z,62.0,Versa 4
2026-05-11T00:57:34Z,61.0,Versa 4
2026-05-11T00:57:36Z,60.0,Versa 4
2026-05-11T00:57:39Z,60.0,Versa 4
2026-05-11T00:57:42Z,60.0,Versa 4
2026-05-11T00:57:44Z,62.0,Versa 4
2026-05-11T00:57:46Z,63.0,Versa 4
2026-05-11T00:57:48Z,64.0,Versa 4
2026-05-11T00:57:50Z,66.0,Versa 4
2026-05-11T00:57:53Z,66.0,Versa 4
2026-05-11T00:57:56Z,65.0,Versa 4
2026-05-11T00:57:59Z,65.0,Versa 4
2026-05-11T00:58:01Z,66.0,Versa 4
2026-05-11T00:58:04Z,66.0,Versa 4
2026-05-11T00:58:07Z,68.0,Versa 4
2026-05-11T00:58:10Z,68.0,Versa 4
2026-05-11T00:58:13Z,68.0,Versa 4
2026-05-11T00:58:16Z,68.0,Versa 4
2026-05-11T00:58:19Z,69.0,Versa 4
2026-05-11T00:58:22Z,69.0,Versa 4
2026-05-11T00:58:24Z,68.0,Versa 4
2026-05-11T00:58:27Z,68.0,Versa 4
2026-05-11T00:58:30Z,68.0,Versa 4
2026-05-11T00:58:32Z,69.0,Versa 4
2026-05-11T00:58:34Z,70.0,Versa 4
2026-05-11T00:58:36Z,69.0,Versa 4
2026-05-11T00:58:39Z,69.0,Versa 4
2026-05-11T00:58:40Z,68.0,Versa 4
2026-05-11T00:58:42Z,70.0,Versa 4
2026-05-11T00:58:44Z,72.0,Versa 4
2026-05-11T00:58:46Z,76.0,Versa 4
2026-05-11T00:58:47Z,78.0,Versa 4
2026-05-11T00:58:49Z,79.0,Versa 4
2026-05-11T00:58:51Z,77.0,Versa 4
2026-05-11T00:58:53Z,74.0,Versa 4
2026-05-11T00:58:55Z,71.0,Versa 4
2026-05-11T00:58:57Z,69.0,Versa 4
2026-05-11T00:58:59Z,67.0,Versa 4
2026-05-11T00:59:01Z,66.0,Versa 4
2026-05-11T00:59:03Z,64.0,Versa 4
2026-05-11T00:59:05Z,63.0,Versa 4
2026-05-11T00:59:08Z,63.0,Versa 4
2026-05-11T00:59:11Z,63.0,Versa 4
2026-05-11T00:59:14Z,62.0,Versa 4
2026-05-11T00:59:16Z,63.0,Versa 4
2026-05-11T00:59:19Z,63.0,Versa 4
2026-05-11T00:59:22Z,63.0,Versa 4
2026-05-11T00:59:24Z,62.0,Versa 4
2026-05-11T00:59:27Z,62.0,Versa 4
2026-05-11T00:59:30Z,62.0,Versa 4
2026-05-11T00:59:33Z,62.0,Versa 4
2026-05-11T00:59:34Z,61.0,Versa 4
2026-05-11T00:59:35Z,60.0,Versa 4
2026-05-11T00:59:38Z,60.0,Versa 4
2026-05-11T00:59:39Z,59.0,Versa 4
2026-05-11T00:59:41Z,60.0,Versa 4
2026-05-11T00:59:44Z,60.0,Versa 4
2026-05-11T00:59:47Z,60.0,Versa 4
2026-05-11T00:59:50Z,60.0,Versa 4
2026-05-11T00:59:51Z,59.0,Versa 4
2026-05-11T00:59:53Z,58.0,Versa 4
2026-05-11T00:59:55Z,58.0,Versa 4
2026-05-11T00:59:58Z,58.0,Versa 4
2026-05-11T01:00:01Z,58.0,Versa 4
2026-05-11T01:00:04Z,58.0,Versa 4
2026-05-11T01:00:06Z,59.0,Versa 4
2026-05-11T01:00:09Z,59.0,Versa 4
2026-05-11T01:00:10Z,58.0,Versa 4
2026-05-11T01:00:13Z,58.0,Versa 4
2026-05-11T01:00:16Z,58.0,Versa 4
2026-05-11T01:00:18Z,59.0,Versa 4
2026-05-11T01:00:20Z,60.0,Versa 4
2026-05-11T01:00:23Z,60.0,Versa 4
2026-05-11T01:00:25Z,61.0,Versa 4
2026-05-11T01:00:27Z,62.0,Versa 4
2026-05-11T01:00:29Z,61.0,Versa 4
2026-05-11T01:00:32Z,61.0,Versa 4
2026-05-11T01:00:35Z,62.0,Versa 4
2026-05-11T01:00:38Z,62.0,Versa 4
2026-05-11T01:00:41Z,62.0,Versa 4
2026-05-11T01:00:43Z,63.0,Versa 4
2026-05-11T01:00:46Z,63.0,Versa 4
2026-05-11T01:00:48Z,62.0,Versa 4
2026-05-11T01:00:51Z,62.0,Versa 4
2026-05-11T01:00:54Z,63.0,Versa 4
2026-05-11T01:00:57Z,63.0,Versa 4
2026-05-11T01:01:00Z,64.0,Versa 4
2026-05-11T01:01:03Z,64.0,Versa 4
2026-05-11T01:01:04Z,65.0,Versa 4
2026-05-11T01:01:06Z,66.0,Versa 4
2026-05-11T01:01:09Z,66.0,Versa 4
2026-05-11T01:01:12Z,66.0,Versa 4
2026-05-11T01:01:13Z,65.0,Versa 4
2026-05-11T01:01:15Z,64.0,Versa 4
2026-05-11T01:01:18Z,64.0,Versa 4
2026-05-11T01:01:21Z,64.0,Versa 4
2026-05-11T01:01:24Z,64.0,Versa 4
2026-05-11T01:01:27Z,64.0,Versa 4
2026-05-11T01:01:30Z,64.0,Versa 4
2026-05-11T01:01:33Z,64.0,Versa 4
2026-05-11T01:01:36Z,64.0,Versa 4
2026-05-11T01:01:39Z,64.0,Versa 4
2026-05-11T01:01:42Z,64.0,Versa 4
2026-05-11T01:01:45Z,64.0,Versa 4
2026-05-11T01:01:46Z,63.0,Versa 4
2026-05-11T01:01:49Z,63.0,Versa 4
2026-05-11T01:01:52Z,64.0,Versa 4
2026-05-11T01:01:55Z,64.0,Versa 4
2026-05-11T01:01:56Z,66.0,Versa 4
2026-05-11T01:01:59Z,66.0,Versa 4
2026-05-11T01:02:02Z,66.0,Versa 4
2026-05-11T01:02:05Z,67.0,Versa 4
2026-05-11T01:02:08Z,67.0,Versa 4
2026-05-11T01:02:11Z,66.0,Versa 4
2026-05-11T01:02:14Z,66.0,Versa 4
2026-05-11T01:02:15Z,66.0,Versa 4
2026-05-11T01:02:17Z,67.0,Versa 4
2026-05-11T01:02:19Z,68.0,Versa 4
2026-05-11T01:02:21Z,69.0,Versa 4
2026-05-11T01:02:24Z,70.0,Versa 4
2026-05-11T01:02:26Z,69.0,Versa 4
2026-05-11T01:02:28Z,68.0,Versa 4
2026-05-11T01:02:31Z,68.0,Versa 4
2026-05-11T01:02:34Z,68.0,Versa 4
2026-05-11T01:02:37Z,68.0,Versa 4
2026-05-11T01:02:38Z,66.0,Versa 4
2026-05-11T01:02:41Z,66.0,Versa 4
2026-05-11T01:02:42Z,64.0,Versa 4
2026-05-11T01:02:45Z,64.0,Versa 4
2026-05-11T01:02:48Z,64.0,Versa 4
2026-05-11T01:02:51Z,63.0,Versa 4
2026-05-11T01:02:54Z,63.0,Versa 4
2026-05-11T01:02:55Z,62.0,Versa 4
2026-05-11T01:02:58Z,62.0,Versa 4
2026-05-11T01:02:59Z,63.0,Versa 4
2026-05-11T01:03:01Z,64.0,Versa 4
2026-05-11T01:03:04Z,64.0,Versa 4
2026-05-11T01:03:07Z,63.0,Versa 4
2026-05-11T01:03:10Z,63.0,Versa 4
2026-05-11T01:03:12Z,64.0,Versa 4
2026-05-11T01:03:14Z,63.0,Versa 4
2026-05-11T01:03:16Z,62.0,Versa 4
2026-05-11T01:03:18Z,61.0,Versa 4
2026-05-11T01:03:21Z,61.0,Versa 4
2026-05-11T01:03:22Z,62.0,Versa 4
2026-05-11T01:03:24Z,63.0,Versa 4
2026-05-11T01:03:26Z,64.0,Versa 4
2026-05-11T01:03:29Z,64.0,Versa 4
2026-05-11T01:03:30Z,62.0,Versa 4
2026-05-11T01:03:33Z,62.0,Versa 4
2026-05-11T01:03:36Z,62.0,Versa 4
2026-05-11T01:03:37Z,63.0,Versa 4
2026-05-11T01:03:39Z,64.0,Versa 4
2026-05-11T01:03:42Z,64.0,Versa 4
2026-05-11T01:03:43Z,66.0,Versa 4
2026-05-11T01:03:46Z,66.0,Versa 4
2026-05-11T01:03:49Z,66.0,Versa 4
2026-05-11T01:03:52Z,66.0,Versa 4
2026-05-11T01:03:53Z,67.0,Versa 4
2026-05-11T01:03:55Z,68.0,Versa 4
2026-05-11T01:03:58Z,67.0,Versa 4
2026-05-11T01:04:00Z,66.0,Versa 4
2026-05-11T01:04:03Z,66.0,Versa 4
2026-05-11T01:04:06Z,67.0,Versa 4
2026-05-11T01:04:08Z,68.0,Versa 4
2026-05-11T01:04:11Z,68.0,Versa 4
2026-05-11T01:04:12Z,67.0,Versa 4
2026-05-11T01:04:14Z,68.0,Versa 4
2026-05-11T01:04:16Z,68.0,Versa 4
2026-05-11T01:04:18Z,70.0,Versa 4
2026-05-11T01:04:20Z,73.0,Versa 4
2026-05-11T01:04:22Z,76.0,Versa 4
2026-05-11T01:04:23Z,80.0,Versa 4
2026-05-11T01:04:25Z,81.0,Versa 4
2026-05-11T01:04:27Z,82.0,Versa 4
2026-05-11T01:04:29Z,81.0,Versa 4
2026-05-11T01:04:31Z,79.0,Versa 4
2026-05-11T01:04:33Z,80.0,Versa 4
2026-05-11T01:04:35Z,79.0,Versa 4
2026-05-11T01:04:37Z,80.0,Versa 4
2026-05-11T01:04:40Z,80.0,Versa 4
2026-05-11T01:04:41Z,79.0,Versa 4
2026-05-11T01:04:43Z,76.0,Versa 4
2026-05-11T01:04:45Z,74.0,Versa 4
2026-05-11T01:04:46Z,70.0,Versa 4
2026-05-11T01:04:48Z,69.0,Versa 4
2026-05-11T01:04:50Z,68.0,Versa 4
2026-05-11T01:04:52Z,67.0,Versa 4
2026-05-11T01:04:54Z,66.0,Versa 4
2026-05-11T01:04:56Z,65.0,Versa 4
2026-05-11T01:04:58Z,66.0,Versa 4
2026-05-11T01:05:01Z,66.0,Versa 4
2026-05-11T01:05:04Z,66.0,Versa 4
2026-05-11T01:05:06Z,64.0,Versa 4
2026-05-11T01:05:09Z,64.0,Versa 4
2026-05-11T01:05:10Z,62.0,Versa 4
2026-05-11T01:05:11Z,62.0,Versa 4
2026-05-11T01:05:14Z,62.0,Versa 4
2026-05-11T01:05:17Z,63.0,Versa 4
2026-05-11T01:05:19Z,62.0,Versa 4
2026-05-11T01:05:22Z,62.0,Versa 4
2026-05-11T01:05:25Z,63.0,Versa 4
2026-05-11T01:05:28Z,63.0,Versa 4
2026-05-11T01:05:31Z,62.0,Versa 4
2026-05-11T01:05:33Z,63.0,Versa 4
2026-05-11T01:05:34Z,63.0,Versa 4
2026-05-11T01:05:36Z,64.0,Versa 4
2026-05-11T01:05:38Z,67.0,Versa 4
2026-05-11T01:05:40Z,70.0,Versa 4
2026-05-11T01:05:42Z,72.0,Versa 4
2026-05-11T01:05:45Z,72.0,Versa 4
2026-05-11T01:05:46Z,75.0,Versa 4
2026-05-11T01:05:48Z,78.0,Versa 4
2026-05-11T01:05:50Z,83.0,Versa 4
2026-05-11T01:05:52Z,89.0,Versa 4
2026-05-11T01:05:54Z,94.0,Versa 4
2026-05-11T01:05:56Z,95.0,Versa 4
2026-05-11T01:05:58Z,94.0,Versa 4
2026-05-11T01:05:59Z,87.0,Versa 4
2026-05-11T01:06:01Z,83.0,Versa 4
2026-05-11T01:06:03Z,80.0,Versa 4
2026-05-11T01:06:05Z,79.0,Versa 4
2026-05-11T01:06:07Z,77.0,Versa 4
2026-05-11T01:06:09Z,74.0,Versa 4
2026-05-11T01:06:11Z,73.0,Versa 4
2026-05-11T01:06:13Z,72.0,Versa 4
2026-05-11T01:06:15Z,70.0,Versa 4
2026-05-11T01:06:17Z,68.0,Versa 4
2026-05-11T01:06:19Z,64.0,Versa 4
2026-05-11T01:06:21Z,62.0,Versa 4
2026-05-11T01:06:22Z,61.0,Versa 4
2026-05-11T01:06:24Z,60.0,Versa 4
2026-05-11T01:06:27Z,60.0,Versa 4
2026-05-11T01:06:28Z,60.0,Versa 4
2026-05-11T01:06:31Z,60.0,Versa 4
2026-05-11T01:06:32Z,59.0,Versa 4
2026-05-11T01:06:35Z,59.0,Versa 4
2026-05-11T01:06:36Z,58.0,Versa 4
2026-05-11T01:06:39Z,58.0,Versa 4
2026-05-11T01:06:40Z,58.0,Versa 4
2026-05-11T01:06:43Z,58.0,Versa 4
2026-05-11T01:06:44Z,58.0,Versa 4
2026-05-11T01:06:47Z,58.0,Versa 4
2026-05-11T01:06:50Z,58.0,Versa 4
2026-05-11T01:06:53Z,59.0,Versa 4
2026-05-11T01:06:56Z,59.0,Versa 4
2026-05-11T01:06:59Z,60.0,Versa 4
2026-05-11T01:07:02Z,60.0,Versa 4
2026-05-11T01:07:03Z,62.0,Versa 4
2026-05-11T01:07:06Z,62.0,Versa 4
2026-05-11T01:07:07Z,62.0,Versa 4
2026-05-11T01:07:09Z,61.0,Versa 4
2026-05-11T01:07:10Z,62.0,Versa 4
2026-05-11T01:07:12Z,61.0,Versa 4
2026-05-11T01:07:14Z,62.0,Versa 4
2026-05-11T01:07:16Z,61.0,Versa 4
2026-05-11T01:07:19Z,61.0,Versa 4
2026-05-11T01:07:20Z,60.0,Versa 4
2026-05-11T01:07:23Z,60.0,Versa 4
2026-05-11T01:07:26Z,60.0,Versa 4
2026-05-11T01:07:29Z,60.0,Versa 4
2026-05-11T01:07:30Z,61.0,Versa 4
2026-05-11T01:07:32Z,62.0,Versa 4
2026-05-11T01:07:35Z,62.0,Versa 4
2026-05-11T01:07:37Z,63.0,Versa 4
2026-05-11T01:07:39Z,64.0,Versa 4
2026-05-11T01:07:42Z,64.0,Versa 4
2026-05-11T01:07:45Z,63.0,Versa 4
2026-05-11T01:07:47Z,62.0,Versa 4
2026-05-11T01:07:50Z,62.0,Versa 4
2026-05-11T01:07:51Z,60.0,Versa 4
2026-05-11T01:07:54Z,60.0,Versa 4
2026-05-11T01:07:57Z,60.0,Versa 4
2026-05-11T01:07:58Z,59.0,Versa 4
2026-05-11T01:08:01Z,59.0,Versa 4
2026-05-11T01:08:04Z,59.0,Versa 4
2026-05-11T01:08:07Z,59.0,Versa 4
2026-05-11T01:08:08Z,59.0,Versa 4
2026-05-11T01:08:11Z,59.0,Versa 4
2026-05-11T01:08:12Z,58.0,Versa 4
2026-05-11T01:08:15Z,58.0,Versa 4
2026-05-11T01:08:18Z,58.0,Versa 4
2026-05-11T01:08:21Z,58.0,Versa 4
2026-05-11T01:08:23Z,58.0,Versa 4
2026-05-11T01:08:26Z,58.0,Versa 4
2026-05-11T01:08:29Z,58.0,Versa 4
2026-05-11T01:08:32Z,58.0,Versa 4
2026-05-11T01:08:35Z,58.0,Versa 4
2026-05-11T01:08:38Z,58.0,Versa 4
2026-05-11T01:08:41Z,58.0,Versa 4
2026-05-11T01:08:43Z,59.0,Versa 4
2026-05-11T01:08:46Z,60.0,Versa 4
2026-05-11T01:08:48Z,60.0,Versa 4
2026-05-11T01:08:51Z,60.0,Versa 4
2026-05-11T01:08:52Z,60.0,Versa 4
2026-05-11T01:08:54Z,60.0,Versa 4
2026-05-11T01:08:57Z,60.0,Versa 4
2026-05-11T01:09:00Z,59.0,Versa 4
2026-05-11T01:09:02Z,58.0,Versa 4
2026-05-11T01:09:04Z,57.0,Versa 4
2026-05-11T01:09:06Z,56.0,Versa 4
2026-05-11T01:09:09Z,56.0,Versa 4
2026-05-11T01:09:11Z,58.0,Versa 4
2026-05-11T01:09:14Z,58.0,Versa 4
2026-05-11T01:09:15Z,58.0,Versa 4
2026-05-11T01:09:18Z,58.0,Versa 4
2026-05-11T01:09:21Z,58.0,Versa 4
2026-05-11T01:09:23Z,57.0,Versa 4
2026-05-11T01:09:26Z,57.0,Versa 4
2026-05-11T01:09:27Z,56.0,Versa 4
2026-05-11T01:09:30Z,56.0,Versa 4
2026-05-11T01:09:33Z,56.0,Versa 4
2026-05-11T01:09:36Z,56.0,Versa 4
2026-05-11T01:09:38Z,57.0,Versa 4
2026-05-11T01:09:40Z,58.0,Versa 4
2026-05-11T01:09:42Z,60.0,Versa 4
2026-05-11T01:09:44Z,61.0,Versa 4
2026-05-11T01:09:46Z,62.0,Versa 4
2026-05-11T01:09:48Z,61.0,Versa 4
2026-05-11T01:09:51Z,61.0,Versa 4
2026-05-11T01:09:54Z,60.0,Versa 4
2026-05-11T01:09:57Z,60.0,Versa 4
2026-05-11T01:10:00Z,60.0,Versa 4
2026-05-11T01:10:03Z,61.0,Versa 4
2026-05-11T01:10:06Z,61.0,Versa 4
2026-05-11T01:10:09Z,61.0,Versa 4
2026-05-11T01:10:11Z,60.0,Versa 4
2026-05-11T01:10:13Z,60.0,Versa 4
2026-05-11T01:10:15Z,59.0,Versa 4
2026-05-11T01:10:17Z,58.0,Versa 4
2026-05-11T01:10:20Z,58.0,Versa 4
2026-05-11T01:10:21Z,58.0,Versa 4
2026-05-11T01:10:24Z,59.0,Versa 4
2026-05-11T01:10:26Z,58.0,Versa 4
2026-05-11T01:10:28Z,58.0,Versa 4
2026-05-11T01:10:31Z,58.0,Versa 4
2026-05-11T01:10:34Z,58.0,Versa 4
2026-05-11T01:10:37Z,58.0,Versa 4
2026-05-11T01:10:38Z,59.0,Versa 4
2026-05-11T01:10:40Z,59.0,Versa 4
2026-05-11T01:10:43Z,59.0,Versa 4
2026-05-11T01:10:44Z,60.0,Versa 4
2026-05-11T01:10:47Z,60.0,Versa 4
2026-05-11T01:10:49Z,60.0,Versa 4
2026-05-11T01:10:52Z,60.0,Versa 4
2026-05-11T01:10:53Z,61.0,Versa 4
2026-05-11T01:10:55Z,62.0,Versa 4
2026-05-11T01:10:57Z,63.0,Versa 4
2026-05-11T01:10:59Z,64.0,Versa 4
2026-05-11T01:11:01Z,63.0,Versa 4
2026-05-11T01:11:04Z,63.0,Versa 4
2026-05-11T01:11:05Z,62.0,Versa 4
2026-05-11T01:11:07Z,63.0,Versa 4
2026-05-11T01:11:09Z,63.0,Versa 4
2026-05-11T01:11:12Z,63.0,Versa 4
2026-05-11T01:11:14Z,62.0,Versa 4
2026-05-11T01:11:17Z,62.0,Versa 4
2026-05-11T01:11:20Z,62.0,Versa 4
2026-05-11T01:11:22Z,62.0,Versa 4
2026-05-11T01:11:24Z,61.0,Versa 4
2026-05-11T01:11:27Z,61.0,Versa 4
2026-05-11T01:11:30Z,60.0,Versa 4
2026-05-11T01:11:33Z,60.0,Versa 4
2026-05-11T01:11:36Z,60.0,Versa 4
2026-05-11T01:11:37Z,61.0,Versa 4
2026-05-11T01:11:40Z,61.0,Versa 4
2026-05-11T01:11:43Z,61.0,Versa 4
2026-05-11T01:11:45Z,62.0,Versa 4
2026-05-11T01:11:48Z,62.0,Versa 4
2026-05-11T01:11:51Z,62.0,Versa 4
2026-05-11T01:11:53Z,63.0,Versa 4
2026-05-11T01:11:56Z,63.0,Versa 4
2026-05-11T01:11:58Z,64.0,Versa 4
2026-05-11T01:12:01Z,64.0,Versa 4
2026-05-11T01:12:02Z,63.0,Versa 4
2026-05-11T01:12:05Z,63.0,Versa 4
2026-05-11T01:12:08Z,63.0,Versa 4
2026-05-11T01:12:10Z,62.0,Versa 4
2026-05-11T01:12:13Z,62.0,Versa 4
2026-05-11T01:12:16Z,61.0,Versa 4
2026-05-11T01:12:18Z,60.0,Versa 4
2026-05-11T01:12:21Z,60.0,Versa 4
2026-05-11T01:12:23Z,59.0,Versa 4
2026-05-11T01:12:25Z,58.0,Versa 4
2026-05-11T01:12:28Z,58.0,Versa 4
2026-05-11T01:12:29Z,58.0,Versa 4
2026-05-11T01:12:32Z,58.0,Versa 4
2026-05-11T01:12:33Z,59.0,Versa 4
2026-05-11T01:12:35Z,60.0,Versa 4
2026-05-11T01:12:37Z,61.0,Versa 4
2026-05-11T01:12:39Z,62.0,Versa 4
2026-05-11T01:12:41Z,63.0,Versa 4
2026-05-11T01:12:43Z,66.0,Versa 4
2026-05-11T01:12:44Z,67.0,Versa 4
2026-05-11T01:12:46Z,65.0,Versa 4
2026-05-11T01:12:48Z,64.0,Versa 4
2026-05-11T01:12:50Z,62.0,Versa 4
2026-05-11T01:12:52Z,61.0,Versa 4
2026-05-11T01:12:54Z,60.0,Versa 4
2026-05-11T01:12:57Z,60.0,Versa 4
2026-05-11T01:12:58Z,59.0,Versa 4
2026-05-11T01:13:00Z,58.0,Versa 4
2026-05-11T01:13:03Z,58.0,Versa 4
2026-05-11T01:13:06Z,58.0,Versa 4
2026-05-11T01:13:08Z,58.0,Versa 4
2026-05-11T01:13:11Z,58.0,Versa 4
2026-05-11T01:13:13Z,59.0,Versa 4
2026-05-11T01:13:15Z,60.0,Versa 4
2026-05-11T01:13:18Z,60.0,Versa 4
2026-05-11T01:13:19Z,59.0,Versa 4
2026-05-11T01:13:21Z,58.0,Versa 4
2026-05-11T01:13:24Z,58.0,Versa 4
2026-05-11T01:13:25Z,58.0,Versa 4
2026-05-11T01:13:27Z,58.0,Versa 4
2026-05-11T01:13:30Z,58.0,Versa 4
2026-05-11T01:13:32Z,58.0,Versa 4
2026-05-11T01:13:34Z,58.0,Versa 4
2026-05-11T01:13:36Z,60.0,Versa 4
2026-05-11T01:13:38Z,61.0,Versa 4
2026-05-11T01:13:40Z,62.0,Versa 4
2026-05-11T01:13:42Z,61.0,Versa 4
2026-05-11T01:13:45Z,61.0,Versa 4
2026-05-11T01:13:48Z,60.0,Versa 4
2026-05-11T01:13:50Z,61.0,Versa 4
2026-05-11T01:13:52Z,62.0,Versa 4
2026-05-11T01:13:55Z,62.0,Versa 4
2026-05-11T01:13:58Z,62.0,Versa 4
2026-05-11T01:14:01Z,62.0,Versa 4
2026-05-11T01:14:04Z,62.0,Versa 4
2026-05-11T01:14:07Z,62.0,Versa 4
2026-05-11T01:14:09Z,62.0,Versa 4
2026-05-11T01:14:12Z,62.0,Versa 4
2026-05-11T01:14:15Z,63.0,Versa 4
2026-05-11T01:14:17Z,64.0,Versa 4
2026-05-11T01:14:20Z,64.0,Versa 4
2026-05-11T01:14:23Z,64.0,Versa 4
2026-05-11T01:14:24Z,65.0,Versa 4
2026-05-11T01:14:26Z,66.0,Versa 4
2026-05-11T01:14:29Z,66.0,Versa 4
2026-05-11T01:14:30Z,66.0,Versa 4
2026-05-11T01:14:33Z,66.0,Versa 4
2026-05-11T01:14:34Z,65.0,Versa 4
2026-05-11T01:14:36Z,64.0,Versa 4
2026-05-11T01:14:38Z,64.0,Versa 4
2026-05-11T01:14:40Z,66.0,Versa 4
2026-05-11T01:14:43Z,66.0,Versa 4
2026-05-11T01:14:46Z,66.0,Versa 4
2026-05-11T01:14:47Z,66.0,Versa 4
2026-05-11T01:14:49Z,66.0,Versa 4
2026-05-11T01:14:51Z,66.0,Versa 4
2026-05-11T01:14:54Z,66.0,Versa 4
2026-05-11T01:14:57Z,66.0,Versa 4
2026-05-11T01:14:59Z,65.0,Versa 4
2026-05-11T01:15:01Z,64.0,Versa 4
2026-05-11T01:15:03Z,62.0,Versa 4
2026-05-11T01:15:05Z,61.0,Versa 4
2026-05-11T01:15:07Z,62.0,Versa 4
2026-05-11T01:15:10Z,62.0,Versa 4
2026-05-11T01:15:13Z,62.0,Versa 4
2026-05-11T01:15:14Z,60.0,Versa 4
2026-05-11T01:15:16Z,60.0,Versa 4
2026-05-11T01:15:19Z,60.0,Versa 4
2026-05-11T01:15:22Z,60.0,Versa 4
2026-05-11T01:15:24Z,60.0,Versa 4
2026-05-11T01:15:26Z,62.0,Versa 4
2026-05-11T01:15:28Z,62.0,Versa 4
2026-05-11T01:15:30Z,62.0,Versa 4
2026-05-11T01:15:33Z,64.0,Versa 4
2026-05-11T01:15:36Z,64.0,Versa 4
2026-05-11T01:15:39Z,64.0,Versa 4
2026-05-11T01:15:41Z,61.0,Versa 4
2026-05-11T01:15:43Z,59.0,Versa 4
2026-05-11T01:15:45Z,58.0,Versa 4
2026-05-11T01:15:47Z,57.0,Versa 4
2026-05-11T01:15:50Z,57.0,Versa 4
2026-05-11T01:15:53Z,57.0,Versa 4
2026-05-11T01:15:55Z,58.0,Versa 4
2026-05-11T01:15:56Z,58.0,Versa 4
2026-05-11T01:15:59Z,58.0,Versa 4
2026-05-11T01:16:00Z,59.0,Versa 4
2026-05-11T01:16:03Z,59.0,Versa 4
2026-05-11T01:16:04Z,60.0,Versa 4
2026-05-11T01:16:07Z,60.0,Versa 4
2026-05-11T01:16:08Z,60.0,Versa 4
2026-05-11T01:16:11Z,60.0,Versa 4
2026-05-11T01:16:12Z,60.0,Versa 4
2026-05-11T01:16:14Z,61.0,Versa 4
2026-05-11T01:16:16Z,62.0,Versa 4
2026-05-11T01:16:18Z,62.0,Versa 4
2026-05-11T01:16:21Z,63.0,Versa 4
2026-05-11T01:16:24Z,63.0,Versa 4
2026-05-11T01:16:25Z,64.0,Versa 4
2026-05-11T01:16:27Z,63.0,Versa 4
2026-05-11T01:16:29Z,63.0,Versa 4
2026-05-11T01:16:31Z,64.0,Versa 4
2026-05-11T01:16:33Z,63.0,Versa 4
2026-05-11T01:16:36Z,63.0,Versa 4
2026-05-11T01:16:39Z,63.0,Versa 4
2026-05-11T01:16:41Z,62.0,Versa 4
2026-05-11T01:16:44Z,62.0,Versa 4
2026-05-11T01:16:46Z,63.0,Versa 4
2026-05-11T01:16:48Z,64.0,Versa 4
2026-05-11T01:16:50Z,66.0,Versa 4
2026-05-11T01:16:52Z,68.0,Versa 4
2026-05-11T01:16:54Z,69.0,Versa 4
2026-05-11T01:16:56Z,71.0,Versa 4
2026-05-11T01:16:58Z,78.0,Versa 4
2026-05-11T01:17:00Z,82.0,Versa 4
2026-05-11T01:17:02Z,83.0,Versa 4
2026-05-11T01:17:04Z,85.0,Versa 4
2026-05-11T01:17:07Z,85.0,Versa 4
2026-05-11T01:17:08Z,83.0,Versa 4
2026-05-11T01:17:09Z,81.0,Versa 4
2026-05-11T01:17:11Z,76.0,Versa 4
2026-05-11T01:17:13Z,71.0,Versa 4
2026-05-11T01:17:15Z,68.0,Versa 4
2026-05-11T01:17:17Z,65.0,Versa 4
2026-05-11T01:17:19Z,64.0,Versa 4
2026-05-11T01:17:21Z,63.0,Versa 4
2026-05-11T01:17:23Z,62.0,Versa 4
2026-05-11T01:17:25Z,60.0,Versa 4
2026-05-11T01:17:27Z,59.0,Versa 4
2026-05-11T01:17:29Z,58.0,Versa 4
2026-05-11T01:17:32Z,58.0,Versa 4
2026-05-11T01:17:34Z,57.0,Versa 4
2026-05-11T01:17:37Z,57.0,Versa 4
2026-05-11T01:17:38Z,58.0,Versa 4
2026-05-11T01:17:41Z,58.0,Versa 4
2026-05-11T01:17:42Z,57.0,Versa 4
2026-05-11T01:17:44Z,58.0,Versa 4
2026-05-11T01:17:47Z,58.0,Versa 4
2026-05-11T01:17:50Z,58.0,Versa 4
2026-05-11T01:17:52Z,59.0,Versa 4
2026-05-11T01:17:55Z,59.0,Versa 4
2026-05-11T01:17:56Z,60.0,Versa 4
2026-05-11T01:17:59Z,61.0,Versa 4
2026-05-11T01:18:01Z,62.0,Versa 4
2026-05-11T01:18:04Z,62.0,Versa 4
2026-05-11T01:18:07Z,62.0,Versa 4
2026-05-11T01:18:09Z,61.0,Versa 4
2026-05-11T01:18:12Z,61.0,Versa 4
2026-05-11T01:18:15Z,62.0,Versa 4
2026-05-11T01:18:18Z,62.0,Versa 4
2026-05-11T01:18:20Z,60.0,Versa 4
2026-05-11T01:18:23Z,60.0,Versa 4
2026-05-11T01:18:24Z,59.0,Versa 4
2026-05-11T01:18:26Z,58.0,Versa 4
2026-05-11T01:18:28Z,60.0,Versa 4
2026-05-11T01:18:31Z,60.0,Versa 4
2026-05-11T01:18:34Z,60.0,Versa 4
2026-05-11T01:18:37Z,60.0,Versa 4
2026-05-11T01:18:40Z,60.0,Versa 4
2026-05-11T01:18:43Z,60.0,Versa 4
2026-05-11T01:18:46Z,60.0,Versa 4
2026-05-11T01:18:47Z,61.0,Versa 4
2026-05-11T01:18:50Z,61.0,Versa 4
2026-05-11T01:18:53Z,61.0,Versa 4
2026-05-11T01:18:56Z,61.0,Versa 4
2026-05-11T01:18:59Z,61.0,Versa 4
2026-05-11T01:19:01Z,62.0,Versa 4
2026-05-11T01:19:04Z,62.0,Versa 4
2026-05-11T01:19:07Z,61.0,Versa 4
2026-05-11T01:19:10Z,61.0,Versa 4
2026-05-11T01:19:13Z,61.0,Versa 4
2026-05-11T01:19:14Z,60.0,Versa 4
2026-05-11T01:19:17Z,60.0,Versa 4
2026-05-11T01:19:20Z,60.0,Versa 4
2026-05-11T01:19:22Z,62.0,Versa 4
2026-05-11T01:19:25Z,62.0,Versa 4
2026-05-11T01:19:26Z,61.0,Versa 4
2026-05-11T01:19:28Z,59.0,Versa 4
2026-05-11T01:19:30Z,57.0,Versa 4
2026-05-11T01:19:32Z,56.0,Versa 4
2026-05-11T01:19:35Z,56.0,Versa 4
2026-05-11T01:19:37Z,56.0,Versa 4
2026-05-11T01:19:39Z,57.0,Versa 4
2026-05-11T01:19:41Z,58.0,Versa 4
2026-05-11T01:19:43Z,59.0,Versa 4
2026-05-11T01:19:45Z,60.0,Versa 4
2026-05-11T01:19:48Z,60.0,Versa 4
2026-05-11T01:19:49Z,59.0,Versa 4
2026-05-11T01:19:52Z,59.0,Versa 4
2026-05-11T01:19:53Z,58.0,Versa 4
2026-05-11T01:19:56Z,58.0,Versa 4
2026-05-11T01:19:59Z,58.0,Versa 4
2026-05-11T01:20:02Z,59.0,Versa 4
2026-05-11T01:20:05Z,59.0,Versa 4
2026-05-11T01:20:08Z,60.0,Versa 4
2026-05-11T01:20:11Z,60.0,Versa 4
2026-05-11T01:20:14Z,60.0,Versa 4
2026-05-11T01:20:17Z,60.0,Versa 4
2026-05-11T01:20:20Z,60.0,Versa 4
2026-05-11T01:20:23Z,60.0,Versa 4
2026-05-11T01:20:26Z,60.0,Versa 4
2026-05-11T01:20:29Z,60.0,Versa 4
2026-05-11T01:20:32Z,60.0,Versa 4
2026-05-11T01:20:35Z,60.0,Versa 4
2026-05-11T01:20:38Z,60.0,Versa 4
2026-05-11T01:20:41Z,60.0,Versa 4
2026-05-11T01:20:44Z,60.0,Versa 4
2026-05-11T01:20:47Z,60.0,Versa 4
2026-05-11T01:20:48Z,60.0,Versa 4
2026-05-11T01:20:51Z,60.0,Versa 4
2026-05-11T01:20:54Z,61.0,Versa 4
2026-05-11T01:20:57Z,61.0,Versa 4
2026-05-11T01:20:58Z,60.0,Versa 4
2026-05-11T01:21:01Z,60.0,Versa 4
2026-05-11T01:21:04Z,59.0,Versa 4
2026-05-11T01:21:06Z,58.0,Versa 4
2026-05-11T01:21:09Z,58.0,Versa 4
2026-05-11T01:21:12Z,58.0,Versa 4
2026-05-11T01:21:13Z,59.0,Versa 4
2026-05-11T01:21:15Z,60.0,Versa 4
2026-05-11T01:21:18Z,60.0,Versa 4
2026-05-11T01:21:19Z,62.0,Versa 4
2026-05-11T01:21:22Z,62.0,Versa 4
2026-05-11T01:21:23Z,64.0,Versa 4
2026-05-11T01:21:25Z,65.0,Versa 4
2026-05-11T01:21:28Z,65.0,Versa 4
2026-05-11T01:21:29Z,66.0,Versa 4
2026-05-11T01:21:31Z,66.0,Versa 4
2026-05-11T01:21:34Z,64.0,Versa 4
2026-05-11T01:21:36Z,63.0,Versa 4
2026-05-11T01:21:38Z,62.0,Versa 4
2026-05-11T01:21:41Z,62.0,Versa 4
2026-05-11T01:21:42Z,61.0,Versa 4
2026-05-11T01:21:45Z,61.0,Versa 4
2026-05-11T01:21:46Z,60.0,Versa 4
2026-05-11T01:21:48Z,60.0,Versa 4
2026-05-11T01:21:51Z,60.0,Versa 4
2026-05-11T01:21:54Z,60.0,Versa 4
2026-05-11T01:21:57Z,60.0,Versa 4
2026-05-11T01:22:00Z,60.0,Versa 4
2026-05-11T01:22:03Z,60.0,Versa 4
2026-05-11T01:22:05Z,61.0,Versa 4
2026-05-11T01:22:07Z,62.0,Versa 4
2026-05-11T01:22:10Z,62.0,Versa 4
2026-05-11T01:22:13Z,61.0,Versa 4
2026-05-11T01:22:15Z,62.0,Versa 4
2026-05-11T01:22:17Z,61.0,Versa 4
2026-05-11T01:22:19Z,62.0,Versa 4
2026-05-11T01:22:22Z,62.0,Versa 4
2026-05-11T01:22:25Z,62.0,Versa 4
2026-05-11T01:22:28Z,62.0,Versa 4
2026-05-11T01:22:31Z,62.0,Versa 4
2026-05-11T01:22:34Z,62.0,Versa 4
2026-05-11T01:22:36Z,61.0,Versa 4
2026-05-11T01:22:38Z,60.0,Versa 4
2026-05-11T01:22:40Z,59.0,Versa 4
2026-05-11T01:22:42Z,58.0,Versa 4
2026-05-11T01:22:44Z,60.0,Versa 4
2026-05-11T01:22:47Z,60.0,Versa 4
2026-05-11T01:22:49Z,61.0,Versa 4
2026-05-11T01:22:52Z,61.0,Versa 4
2026-05-11T01:22:55Z,61.0,Versa 4
2026-05-11T01:22:57Z,61.0,Versa 4
2026-05-11T01:22:59Z,62.0,Versa 4
2026-05-11T01:23:02Z,62.0,Versa 4
2026-05-11T01:23:05Z,62.0,Versa 4
2026-05-11T01:23:08Z,62.0,Versa 4
2026-05-11T01:23:11Z,62.0,Versa 4
2026-05-11T01:23:14Z,62.0,Versa 4
2026-05-11T01:23:17Z,62.0,Versa 4
2026-05-11T01:23:20Z,63.0,Versa 4
2026-05-11T01:23:22Z,62.0,Versa 4
2026-05-11T01:23:24Z,61.0,Versa 4
2026-05-11T01:23:26Z,60.0,Versa 4
2026-05-11T01:23:28Z,58.0,Versa 4
2026-05-11T01:23:31Z,58.0,Versa 4
2026-05-11T01:23:32Z,60.0,Versa 4
2026-05-11T01:23:33Z,62.0,Versa 4
2026-05-11T01:23:36Z,62.0,Versa 4
2026-05-11T01:23:39Z,62.0,Versa 4
2026-05-11T01:23:42Z,62.0,Versa 4
2026-05-11T01:23:43Z,61.0,Versa 4
2026-05-11T01:23:46Z,61.0,Versa 4
2026-05-11T01:23:49Z,62.0,Versa 4
2026-05-11T01:23:52Z,62.0,Versa 4
2026-05-11T01:23:55Z,62.0,Versa 4
2026-05-11T01:23:58Z,62.0,Versa 4
2026-05-11T01:24:01Z,62.0,Versa 4
2026-05-11T01:24:04Z,62.0,Versa 4
2026-05-11T01:24:06Z,62.0,Versa 4
2026-05-11T01:24:08Z,61.0,Versa 4
2026-05-11T01:24:10Z,60.0,Versa 4
2026-05-11T01:24:13Z,60.0,Versa 4
2026-05-11T01:24:16Z,60.0,Versa 4
2026-05-11T01:24:19Z,60.0,Versa 4
2026-05-11T01:24:22Z,60.0,Versa 4
2026-05-11T01:24:25Z,60.0,Versa 4
2026-05-11T01:24:28Z,60.0,Versa 4
2026-05-11T01:24:31Z,60.0,Versa 4
2026-05-11T01:24:34Z,60.0,Versa 4
2026-05-11T01:24:37Z,60.0,Versa 4
2026-05-11T01:24:39Z,61.0,Versa 4
2026-05-11T01:24:41Z,62.0,Versa 4
2026-05-11T01:24:44Z,62.0,Versa 4
2026-05-11T01:24:46Z,61.0,Versa 4
2026-05-11T01:24:49Z,61.0,Versa 4
2026-05-11T01:24:50Z,60.0,Versa 4
2026-05-11T01:24:53Z,60.0,Versa 4
2026-05-11T01:24:56Z,60.0,Versa 4
2026-05-11T01:24:58Z,59.0,Versa 4
2026-05-11T01:25:00Z,58.0,Versa 4
2026-05-11T01:25:03Z,58.0,Versa 4
2026-05-11T01:25:06Z,58.0,Versa 4
2026-05-11T01:25:09Z,58.0,Versa 4
2026-05-11T01:25:11Z,59.0,Versa 4
2026-05-11T01:25:13Z,60.0,Versa 4
2026-05-11T01:25:15Z,59.0,Versa 4
2026-05-11T01:25:17Z,60.0,Versa 4
2026-05-11T01:25:20Z,60.0,Versa 4
2026-05-11T01:25:23Z,59.0,Versa 4
2026-05-11T01:25:25Z,58.0,Versa 4
2026-05-11T01:25:28Z,58.0,Versa 4
2026-05-11T01:25:31Z,58.0,Versa 4
2026-05-11T01:25:34Z,59.0,Versa 4
2026-05-11T01:25:37Z,59.0,Versa 4
2026-05-11T01:25:40Z,60.0,Versa 4
2026-05-11T01:25:42Z,59.0,Versa 4
2026-05-11T01:25:45Z,59.0,Versa 4
2026-05-11T01:25:48Z,59.0,Versa 4
2026-05-11T01:25:50Z,58.0,Versa 4
2026-05-11T01:25:52Z,59.0,Versa 4
2026-05-11T01:25:55Z,59.0,Versa 4
2026-05-11T01:25:56Z,60.0,Versa 4
2026-05-11T01:25:59Z,61.0,Versa 4
2026-05-11T01:26:01Z,62.0,Versa 4
2026-05-11T01:26:04Z,62.0,Versa 4
2026-05-11T01:26:07Z,61.0,Versa 4
2026-05-11T01:26:09Z,60.0,Versa 4
2026-05-11T01:26:12Z,60.0,Versa 4
2026-05-11T01:26:15Z,61.0,Versa 4
2026-05-11T01:26:17Z,62.0,Versa 4
2026-05-11T01:26:20Z,61.0,Versa 4
2026-05-11T01:26:23Z,61.0,Versa 4
2026-05-11T01:26:24Z,60.0,Versa 4
2026-05-11T01:26:27Z,60.0,Versa 4
2026-05-11T01:26:30Z,60.0,Versa 4
2026-05-11T01:26:32Z,59.0,Versa 4
2026-05-11T01:26:34Z,60.0,Versa 4
2026-05-11T01:26:37Z,60.0,Versa 4
2026-05-11T01:26:40Z,60.0,Versa 4
2026-05-11T01:26:42Z,61.0,Versa 4
2026-05-11T01:26:45Z,60.0,Versa 4
2026-05-11T01:26:48Z,60.0,Versa 4
2026-05-11T01:26:51Z,60.0,Versa 4
2026-05-11T01:26:54Z,60.0,Versa 4
2026-05-11T01:26:57Z,60.0,Versa 4
2026-05-11T01:27:00Z,60.0,Versa 4
2026-05-11T01:27:03Z,60.0,Versa 4
2026-05-11T01:27:06Z,60.0,Versa 4
2026-05-11T01:27:09Z,60.0,Versa 4
2026-05-11T01:27:12Z,60.0,Versa 4
2026-05-11T01:27:14Z,62.0,Versa 4
2026-05-11T01:27:17Z,62.0,Versa 4
2026-05-11T01:27:20Z,62.0,Versa 4
2026-05-11T01:27:23Z,62.0,Versa 4
2026-05-11T01:27:26Z,62.0,Versa 4
2026-05-11T01:27:29Z,62.0,Versa 4
2026-05-11T01:27:32Z,62.0,Versa 4
2026-05-11T01:27:35Z,62.0,Versa 4
2026-05-11T01:27:38Z,62.0,Versa 4
2026-05-11T01:27:39Z,62.0,Versa 4
2026-05-11T01:27:41Z,61.0,Versa 4
2026-05-11T01:27:44Z,62.0,Versa 4
2026-05-11T01:27:47Z,62.0,Versa 4
2026-05-11T01:27:50Z,61.0,Versa 4
2026-05-11T01:27:52Z,60.0,Versa 4
2026-05-11T01:27:55Z,60.0,Versa 4
2026-05-11T01:27:56Z,59.0,Versa 4
2026-05-11T01:27:58Z,58.0,Versa 4
2026-05-11T01:28:01Z,58.0,Versa 4
2026-05-11T01:28:04Z,58.0,Versa 4
2026-05-11T01:28:07Z,59.0,Versa 4
2026-05-11T01:28:09Z,60.0,Versa 4
2026-05-11T01:28:11Z,61.0,Versa 4
2026-05-11T01:28:14Z,61.0,Versa 4
2026-05-11T01:28:17Z,61.0,Versa 4
2026-05-11T01:28:20Z,61.0,Versa 4
2026-05-11T01:28:23Z,62.0,Versa 4
2026-05-11T01:28:26Z,62.0,Versa 4
2026-05-11T01:28:29Z,61.0,Versa 4
2026-05-11T01:28:30Z,60.0,Versa 4
2026-05-11T01:28:33Z,60.0,Versa 4
2026-05-11T01:28:36Z,59.0,Versa 4
2026-05-11T01:28:39Z,59.0,Versa 4
2026-05-11T01:28:40Z,58.0,Versa 4
2026-05-11T01:28:43Z,58.0,Versa 4
2026-05-11T01:28:46Z,58.0,Versa 4
2026-05-11T01:28:48Z,58.0,Versa 4
2026-05-11T01:28:50Z,59.0,Versa 4
2026-05-11T01:28:52Z,60.0,Versa 4
2026-05-11T01:28:55Z,60.0,Versa 4
2026-05-11T01:28:58Z,60.0,Versa 4
2026-05-11T01:29:01Z,61.0,Versa 4
2026-05-11T01:29:04Z,61.0,Versa 4
2026-05-11T01:29:05Z,60.0,Versa 4
2026-05-11T01:29:07Z,60.0,Versa 4
2026-05-11T01:29:09Z,58.0,Versa 4
2026-05-11T01:29:11Z,58.0,Versa 4
2026-05-11T01:29:13Z,58.0,Versa 4
2026-05-11T01:29:15Z,59.0,Versa 4
2026-05-11T01:29:17Z,60.0,Versa 4
2026-05-11T01:29:20Z,60.0,Versa 4
2026-05-11T01:29:23Z,60.0,Versa 4
2026-05-11T01:29:26Z,60.0,Versa 4
2026-05-11T01:29:29Z,60.0,Versa 4
2026-05-11T01:29:32Z,60.0,Versa 4
2026-05-11T01:29:35Z,60.0,Versa 4
2026-05-11T01:29:36Z,61.0,Versa 4
2026-05-11T01:29:39Z,61.0,Versa 4
2026-05-11T01:29:42Z,61.0,Versa 4
2026-05-11T01:29:43Z,62.0,Versa 4
2026-05-11T01:29:45Z,65.0,Versa 4
2026-05-11T01:29:47Z,67.0,Versa 4
2026-05-11T01:29:49Z,68.0,Versa 4
2026-05-11T01:29:51Z,67.0,Versa 4
2026-05-11T01:29:53Z,65.0,Versa 4
2026-05-11T01:29:55Z,63.0,Versa 4
2026-05-11T01:29:57Z,62.0,Versa 4
2026-05-11T01:30:00Z,62.0,Versa 4
2026-05-11T01:30:01Z,62.0,Versa 4
2026-05-11T01:30:04Z,62.0,Versa 4
2026-05-11T01:30:05Z,61.0,Versa 4
2026-05-11T01:30:06Z,60.0,Versa 4
2026-05-11T01:30:09Z,60.0,Versa 4
2026-05-11T01:30:12Z,60.0,Versa 4
2026-05-11T01:30:14Z,61.0,Versa 4
2026-05-11T01:30:16Z,62.0,Versa 4
2026-05-11T01:30:19Z,62.0,Versa 4
2026-05-11T01:30:22Z,62.0,Versa 4
2026-05-11T01:30:25Z,62.0,Versa 4
2026-05-11T01:30:26Z,63.0,Versa 4
2026-05-11T01:30:29Z,63.0,Versa 4
2026-05-11T01:30:31Z,64.0,Versa 4
2026-05-11T01:30:34Z,64.0,Versa 4
2026-05-11T01:30:37Z,64.0,Versa 4
2026-05-11T01:30:40Z,64.0,Versa 4
2026-05-11T01:30:43Z,63.0,Versa 4
2026-05-11T01:30:46Z,63.0,Versa 4
2026-05-11T01:30:49Z,63.0,Versa 4
2026-05-11T01:30:52Z,63.0,Versa 4
2026-05-11T01:30:53Z,64.0,Versa 4
2026-05-11T01:30:54Z,64.0,Versa 4
2026-05-11T01:30:57Z,64.0,Versa 4
2026-05-11T01:31:00Z,64.0,Versa 4
2026-05-11T01:31:02Z,65.0,Versa 4
2026-05-11T01:31:04Z,66.0,Versa 4
2026-05-11T01:31:07Z,66.0,Versa 4
2026-05-11T01:31:08Z,66.0,Versa 4
2026-05-11T01:31:10Z,64.0,Versa 4
2026-05-11T01:31:12Z,61.0,Versa 4
2026-05-11T01:31:14Z,60.0,Versa 4
2026-05-11T01:31:16Z,59.0,Versa 4
2026-05-11T01:31:17Z,60.0,Versa 4
2026-05-11T01:31:20Z,60.0,Versa 4
2026-05-11T01:31:21Z,61.0,Versa 4
2026-05-11T01:31:23Z,60.0,Versa 4
2026-05-11T01:31:25Z,61.0,Versa 4
2026-05-11T01:31:27Z,62.0,Versa 4
2026-05-11T01:31:30Z,62.0,Versa 4
2026-05-11T01:31:33Z,61.0,Versa 4
2026-05-11T01:31:35Z,62.0,Versa 4
2026-05-11T01:31:37Z,61.0,Versa 4
2026-05-11T01:31:39Z,60.0,Versa 4
2026-05-11T01:31:42Z,60.0,Versa 4
2026-05-11T01:31:44Z,61.0,Versa 4
2026-05-11T01:31:46Z,62.0,Versa 4
2026-05-11T01:31:49Z,62.0,Versa 4
2026-05-11T01:31:52Z,63.0,Versa 4
2026-05-11T01:31:54Z,62.0,Versa 4
2026-05-11T01:31:57Z,62.0,Versa 4
2026-05-11T01:32:00Z,62.0,Versa 4
2026-05-11T01:32:03Z,62.0,Versa 4
2026-05-11T01:32:04Z,63.0,Versa 4
2026-05-11T01:32:05Z,64.0,Versa 4
2026-05-11T01:32:07Z,63.0,Versa 4
2026-05-11T01:32:09Z,62.0,Versa 4
2026-05-11T01:32:11Z,61.0,Versa 4
2026-05-11T01:32:13Z,60.0,Versa 4
2026-05-11T01:32:16Z,60.0,Versa 4
2026-05-11T01:32:19Z,60.0,Versa 4
2026-05-11T01:32:21Z,61.0,Versa 4
2026-05-11T01:32:23Z,62.0,Versa 4
2026-05-11T01:32:26Z,62.0,Versa 4
2026-05-11T01:32:29Z,62.0,Versa 4
2026-05-11T01:32:32Z,62.0,Versa 4
2026-05-11T01:32:35Z,62.0,Versa 4
2026-05-11T01:32:38Z,62.0,Versa 4
2026-05-11T01:32:41Z,62.0,Versa 4
2026-05-11T01:32:44Z,62.0,Versa 4
2026-05-11T01:32:47Z,62.0,Versa 4
2026-05-11T01:32:50Z,62.0,Versa 4
2026-05-11T01:32:53Z,62.0,Versa 4
2026-05-11T01:32:56Z,62.0,Versa 4
2026-05-11T01:32:59Z,62.0,Versa 4
2026-05-11T01:33:01Z,63.0,Versa 4
2026-05-11T01:33:03Z,63.0,Versa 4
2026-05-11T01:33:05Z,64.0,Versa 4
2026-05-11T01:33:08Z,64.0,Versa 4
2026-05-11T01:33:11Z,63.0,Versa 4
2026-05-11T01:33:13Z,62.0,Versa 4
2026-05-11T01:33:15Z,62.0,Versa 4
2026-05-11T01:33:17Z,60.0,Versa 4
2026-05-11T01:33:18Z,60.0,Versa 4
2026-05-11T01:33:21Z,60.0,Versa 4
2026-05-11T01:33:22Z,61.0,Versa 4
2026-05-11T01:33:24Z,62.0,Versa 4
2026-05-11T01:33:27Z,62.0,Versa 4
2026-05-11T01:33:30Z,62.0,Versa 4
2026-05-11T01:33:33Z,62.0,Versa 4
2026-05-11T01:33:36Z,62.0,Versa 4
2026-05-11T01:33:39Z,62.0,Versa 4
2026-05-11T01:33:42Z,62.0,Versa 4
2026-05-11T01:33:43Z,63.0,Versa 4
2026-05-11T01:33:46Z,63.0,Versa 4
2026-05-11T01:33:47Z,64.0,Versa 4
2026-05-11T01:33:50Z,64.0,Versa 4
2026-05-11T01:33:51Z,66.0,Versa 4
2026-05-11T01:33:54Z,66.0,Versa 4
2026-05-11T01:33:55Z,65.0,Versa 4
2026-05-11T01:33:57Z,63.0,Versa 4
2026-05-11T01:33:59Z,62.0,Versa 4
2026-05-11T01:34:01Z,60.0,Versa 4
2026-05-11T01:34:03Z,60.0,Versa 4
2026-05-11T01:34:05Z,60.0,Versa 4
2026-05-11T01:34:08Z,62.0,Versa 4
2026-05-11T01:34:11Z,62.0,Versa 4
2026-05-11T01:34:12Z,62.0,Versa 4
2026-05-11T01:34:14Z,63.0,Versa 4
2026-05-11T01:34:16Z,65.0,Versa 4
2026-05-11T01:34:18Z,67.0,Versa 4
2026-05-11T01:34:21Z,67.0,Versa 4
2026-05-11T01:34:22Z,66.0,Versa 4
2026-05-11T01:34:24Z,64.0,Versa 4
2026-05-11T01:34:26Z,63.0,Versa 4
2026-05-11T01:34:28Z,62.0,Versa 4
2026-05-11T01:34:29Z,61.0,Versa 4
2026-05-11T01:34:31Z,60.0,Versa 4
2026-05-11T01:34:34Z,60.0,Versa 4
2026-05-11T01:34:37Z,59.0,Versa 4
2026-05-11T01:34:39Z,58.0,Versa 4
2026-05-11T01:34:42Z,58.0,Versa 4
2026-05-11T01:34:43Z,60.0,Versa 4
2026-05-11T01:34:46Z,60.0,Versa 4
2026-05-11T01:34:47Z,61.0,Versa 4
2026-05-11T01:34:49Z,62.0,Versa 4
2026-05-11T01:34:52Z,62.0,Versa 4
2026-05-11T01:34:55Z,62.0,Versa 4
2026-05-11T01:34:58Z,62.0,Versa 4
2026-05-11T01:35:01Z,62.0,Versa 4
2026-05-11T01:35:02Z,62.0,Versa 4
2026-05-11T01:35:05Z,62.0,Versa 4
2026-05-11T01:35:08Z,62.0,Versa 4
2026-05-11T01:35:11Z,62.0,Versa 4
2026-05-11T01:35:14Z,62.0,Versa 4
2026-05-11T01:35:17Z,62.0,Versa 4
2026-05-11T01:35:20Z,62.0,Versa 4
2026-05-11T01:35:23Z,62.0,Versa 4
2026-05-11T01:35:26Z,62.0,Versa 4
2026-05-11T01:35:29Z,62.0,Versa 4
2026-05-11T01:35:32Z,62.0,Versa 4
2026-05-11T01:35:35Z,62.0,Versa 4
2026-05-11T01:35:38Z,62.0,Versa 4
2026-05-11T01:35:41Z,62.0,Versa 4
2026-05-11T01:35:44Z,62.0,Versa 4
2026-05-11T01:35:47Z,62.0,Versa 4
2026-05-11T01:35:50Z,62.0,Versa 4
2026-05-11T01:35:53Z,62.0,Versa 4
2026-05-11T01:35:56Z,64.0,Versa 4
2026-05-11T01:35:58Z,65.0,Versa 4
2026-05-11T01:36:01Z,65.0,Versa 4
2026-05-11T01:36:02Z,64.0,Versa 4
2026-05-11T01:36:04Z,62.0,Versa 4
2026-05-11T01:36:07Z,60.0,Versa 4
2026-05-11T01:36:10Z,60.0,Versa 4
2026-05-11T01:36:11Z,62.0,Versa 4
2026-05-11T01:36:14Z,62.0,Versa 4
2026-05-11T01:36:15Z,62.0,Versa 4
2026-05-11T01:36:18Z,62.0,Versa 4
2026-05-11T01:36:21Z,62.0,Versa 4
2026-05-11T01:36:24Z,62.0,Versa 4
2026-05-11T01:36:25Z,63.0,Versa 4
2026-05-11T01:36:28Z,63.0,Versa 4
2026-05-11T01:36:29Z,64.0,Versa 4
2026-05-11T01:36:30Z,63.0,Versa 4
2026-05-11T01:36:32Z,62.0,Versa 4
2026-05-11T01:36:35Z,62.0,Versa 4
2026-05-11T01:36:36Z,60.0,Versa 4
2026-05-11T01:36:39Z,60.0,Versa 4
2026-05-11T01:36:40Z,61.0,Versa 4
2026-05-11T01:36:42Z,62.0,Versa 4
2026-05-11T01:36:45Z,62.0,Versa 4
2026-05-11T01:36:48Z,62.0,Versa 4
2026-05-11T01:36:51Z,62.0,Versa 4
2026-05-11T01:36:52Z,61.0,Versa 4
2026-05-11T01:36:53Z,62.0,Versa 4
2026-05-11T01:36:56Z,62.0,Versa 4
2026-05-11T01:36:59Z,62.0,Versa 4
2026-05-11T01:37:01Z,61.0,Versa 4
2026-05-11T01:37:03Z,60.0,Versa 4
2026-05-11T01:37:05Z,61.0,Versa 4
2026-05-11T01:37:08Z,61.0,Versa 4
2026-05-11T01:37:11Z,62.0,Versa 4
2026-05-11T01:37:14Z,62.0,Versa 4
2026-05-11T01:37:15Z,62.0,Versa 4
2026-05-11T01:37:18Z,62.0,Versa 4
2026-05-11T01:37:21Z,62.0,Versa 4
2026-05-11T01:37:24Z,62.0,Versa 4
2026-05-11T01:37:27Z,62.0,Versa 4
2026-05-11T01:37:30Z,62.0,Versa 4
2026-05-11T01:37:32Z,63.0,Versa 4
2026-05-11T01:37:35Z,63.0,Versa 4
2026-05-11T01:37:36Z,62.0,Versa 4
2026-05-11T01:37:39Z,62.0,Versa 4
2026-05-11T01:37:42Z,62.0,Versa 4
2026-05-11T01:37:45Z,63.0,Versa 4
2026-05-11T01:37:47Z,62.0,Versa 4
2026-05-11T01:37:49Z,63.0,Versa 4
2026-05-11T01:37:52Z,63.0,Versa 4
2026-05-11T01:37:55Z,63.0,Versa 4
2026-05-11T01:37:58Z,63.0,Versa 4
2026-05-11T01:38:01Z,63.0,Versa 4
2026-05-11T01:38:03Z,62.0,Versa 4
2026-05-11T01:38:06Z,62.0,Versa 4
2026-05-11T01:38:09Z,62.0,Versa 4
2026-05-11T01:38:12Z,62.0,Versa 4
2026-05-11T01:38:14Z,63.0,Versa 4
2026-05-11T01:38:17Z,63.0,Versa 4
2026-05-11T01:38:20Z,64.0,Versa 4
2026-05-11T01:38:23Z,64.0,Versa 4
2026-05-11T01:38:26Z,63.0,Versa 4
2026-05-11T01:38:28Z,63.0,Versa 4
2026-05-11T01:38:31Z,63.0,Versa 4
2026-05-11T01:38:34Z,63.0,Versa 4
2026-05-11T01:38:37Z,63.0,Versa 4
2026-05-11T01:38:40Z,63.0,Versa 4
2026-05-11T01:38:43Z,64.0,Versa 4
2026-05-11T01:38:46Z,64.0,Versa 4
2026-05-11T01:38:49Z,64.0,Versa 4
2026-05-11T01:38:52Z,64.0,Versa 4
2026-05-11T01:38:55Z,64.0,Versa 4
2026-05-11T01:38:58Z,63.0,Versa 4
2026-05-11T01:39:01Z,63.0,Versa 4
2026-05-11T01:39:02Z,62.0,Versa 4
2026-05-11T01:39:04Z,63.0,Versa 4
2026-05-11T01:39:06Z,64.0,Versa 4
2026-05-11T01:39:09Z,64.0,Versa 4
2026-05-11T01:39:12Z,64.0,Versa 4
2026-05-11T01:39:15Z,64.0,Versa 4
2026-05-11T01:39:18Z,64.0,Versa 4
2026-05-11T01:39:21Z,64.0,Versa 4
2026-05-11T01:39:23Z,63.0,Versa 4
2026-05-11T01:39:26Z,63.0,Versa 4
2026-05-11T01:39:27Z,62.0,Versa 4
2026-05-11T01:39:30Z,62.0,Versa 4
2026-05-11T01:39:33Z,62.0,Versa 4
2026-05-11T01:39:36Z,62.0,Versa 4
2026-05-11T01:39:39Z,63.0,Versa 4
2026-05-11T01:39:41Z,63.0,Versa 4
2026-05-11T01:39:44Z,62.0,Versa 4
2026-05-11T01:39:46Z,63.0,Versa 4
2026-05-11T01:39:49Z,63.0,Versa 4
2026-05-11T01:39:52Z,63.0,Versa 4
2026-05-11T01:39:54Z,64.0,Versa 4
2026-05-11T01:39:57Z,64.0,Versa 4
2026-05-11T01:40:00Z,63.0,Versa 4
2026-05-11T01:40:02Z,64.0,Versa 4
2026-05-11T01:40:04Z,65.0,Versa 4
2026-05-11T01:40:05Z,66.0,Versa 4
2026-05-11T01:40:07Z,64.0,Versa 4
2026-05-11T01:40:09Z,62.0,Versa 4
2026-05-11T01:40:11Z,60.0,Versa 4
2026-05-11T01:40:13Z,59.0,Versa 4
2026-05-11T01:40:15Z,58.0,Versa 4
2026-05-11T01:40:17Z,59.0,Versa 4
2026-05-11T01:40:19Z,60.0,Versa 4
2026-05-11T01:40:22Z,60.0,Versa 4
2026-05-11T01:40:25Z,61.0,Versa 4
2026-05-11T01:40:28Z,61.0,Versa 4
2026-05-11T01:40:31Z,61.0,Versa 4
2026-05-11T01:40:32Z,62.0,Versa 4
2026-05-11T01:40:35Z,62.0,Versa 4
2026-05-11T01:40:38Z,62.0,Versa 4
2026-05-11T01:40:40Z,63.0,Versa 4
2026-05-11T01:40:43Z,63.0,Versa 4
2026-05-11T01:40:44Z,63.0,Versa 4
2026-05-11T01:40:46Z,64.0,Versa 4
2026-05-11T01:40:49Z,64.0,Versa 4
2026-05-11T01:40:52Z,64.0,Versa 4
2026-05-11T01:40:55Z,64.0,Versa 4
2026-05-11T01:40:58Z,64.0,Versa 4
2026-05-11T01:41:01Z,64.0,Versa 4
2026-05-11T01:41:04Z,64.0,Versa 4
2026-05-11T01:41:07Z,64.0,Versa 4
2026-05-11T01:41:09Z,63.0,Versa 4
2026-05-11T01:41:11Z,62.0,Versa 4
2026-05-11T01:41:14Z,62.0,Versa 4
2026-05-11T01:41:17Z,62.0,Versa 4
2026-05-11T01:41:20Z,61.0,Versa 4
2026-05-11T01:41:22Z,60.0,Versa 4
2026-05-11T01:41:25Z,60.0,Versa 4
2026-05-11T01:41:28Z,60.0,Versa 4
2026-05-11T01:41:31Z,60.0,Versa 4
2026-05-11T01:41:32Z,61.0,Versa 4
2026-05-11T01:41:34Z,62.0,Versa 4
2026-05-11T01:41:37Z,62.0,Versa 4
2026-05-11T01:41:40Z,63.0,Versa 4
2026-05-11T01:41:41Z,64.0,Versa 4
2026-05-11T01:41:44Z,64.0,Versa 4
2026-05-11T01:41:47Z,63.0,Versa 4
2026-05-11T01:41:49Z,62.0,Versa 4
2026-05-11T01:41:52Z,62.0,Versa 4
2026-05-11T01:41:53Z,62.0,Versa 4
2026-05-11T01:41:56Z,62.0,Versa 4
2026-05-11T01:41:57Z,63.0,Versa 4
2026-05-11T01:41:59Z,64.0,Versa 4
2026-05-11T01:42:02Z,64.0,Versa 4
2026-05-11T01:42:05Z,64.0,Versa 4
2026-05-11T01:42:08Z,64.0,Versa 4
2026-05-11T01:42:11Z,64.0,Versa 4
2026-05-11T01:42:14Z,64.0,Versa 4
2026-05-11T01:42:17Z,64.0,Versa 4
2026-05-11T01:42:20Z,64.0,Versa 4
2026-05-11T01:42:23Z,64.0,Versa 4
2026-05-11T01:42:26Z,64.0,Versa 4
2026-05-11T01:42:28Z,63.0,Versa 4
2026-05-11T01:42:30Z,62.0,Versa 4
2026-05-11T01:42:33Z,62.0,Versa 4
2026-05-11T01:42:36Z,63.0,Versa 4
2026-05-11T01:42:38Z,64.0,Versa 4
2026-05-11T01:42:41Z,64.0,Versa 4
2026-05-11T01:42:44Z,64.0,Versa 4
2026-05-11T01:42:45Z,63.0,Versa 4
2026-05-11T01:42:48Z,63.0,Versa 4
2026-05-11T01:42:49Z,64.0,Versa 4
2026-05-11T01:42:52Z,64.0,Versa 4
2026-05-11T01:42:55Z,64.0,Versa 4
2026-05-11T01:42:58Z,64.0,Versa 4
2026-05-11T01:42:59Z,63.0,Versa 4
2026-05-11T01:43:01Z,63.0,Versa 4
2026-05-11T01:43:03Z,62.0,Versa 4
2026-05-11T01:43:06Z,62.0,Versa 4
2026-05-11T01:43:09Z,63.0,Versa 4
2026-05-11T01:43:10Z,64.0,Versa 4
2026-05-11T01:43:13Z,64.0,Versa 4
2026-05-11T01:43:16Z,64.0,Versa 4
2026-05-11T01:43:19Z,64.0,Versa 4
2026-05-11T01:43:22Z,64.0,Versa 4
2026-05-11T01:43:25Z,64.0,Versa 4
2026-05-11T01:43:28Z,64.0,Versa 4
2026-05-11T01:43:31Z,64.0,Versa 4
2026-05-11T01:43:34Z,64.0,Versa 4
2026-05-11T01:43:37Z,64.0,Versa 4
2026-05-11T01:43:40Z,64.0,Versa 4
2026-05-11T01:43:43Z,64.0,Versa 4
2026-05-11T01:43:45Z,63.0,Versa 4
2026-05-11T01:43:48Z,63.0,Versa 4
2026-05-11T01:43:51Z,63.0,Versa 4
2026-05-11T01:43:53Z,64.0,Versa 4
2026-05-11T01:43:56Z,64.0,Versa 4
2026-05-11T01:43:59Z,64.0,Versa 4
2026-05-11T01:44:02Z,64.0,Versa 4
2026-05-11T01:44:05Z,64.0,Versa 4
2026-05-11T01:44:08Z,64.0,Versa 4
2026-05-11T01:44:11Z,64.0,Versa 4
2026-05-11T01:44:14Z,64.0,Versa 4
2026-05-11T01:44:16Z,64.0,Versa 4
2026-05-11T01:44:19Z,64.0,Versa 4
2026-05-11T01:44:22Z,64.0,Versa 4
2026-05-11T01:44:25Z,65.0,Versa 4
2026-05-11T01:44:27Z,64.0,Versa 4
2026-05-11T01:44:30Z,64.0,Versa 4
2026-05-11T01:44:31Z,63.0,Versa 4
2026-05-11T01:44:33Z,62.0,Versa 4
2026-05-11T01:44:36Z,62.0,Versa 4
2026-05-11T01:44:39Z,62.0,Versa 4
2026-05-11T01:44:42Z,62.0,Versa 4
2026-05-11T01:44:45Z,62.0,Versa 4
2026-05-11T01:44:46Z,63.0,Versa 4
2026-05-11T01:44:49Z,63.0,Versa 4
2026-05-11T01:44:50Z,64.0,Versa 4
2026-05-11T01:44:53Z,64.0,Versa 4
2026-05-11T01:44:56Z,64.0,Versa 4
2026-05-11T01:44:59Z,64.0,Versa 4
2026-05-11T01:45:02Z,64.0,Versa 4
2026-05-11T01:45:05Z,64.0,Versa 4
2026-05-11T01:45:08Z,64.0,Versa 4
2026-05-11T01:45:11Z,64.0,Versa 4
2026-05-11T01:45:14Z,64.0,Versa 4
2026-05-11T01:45:17Z,63.0,Versa 4
2026-05-11T01:45:19Z,62.0,Versa 4
2026-05-11T01:45:22Z,62.0,Versa 4
2026-05-11T01:45:25Z,62.0,Versa 4
2026-05-11T01:45:27Z,62.0,Versa 4
2026-05-11T01:45:30Z,62.0,Versa 4
2026-05-11T01:45:31Z,63.0,Versa 4
2026-05-11T01:45:34Z,63.0,Versa 4
2026-05-11T01:45:36Z,62.0,Versa 4
2026-05-11T01:45:39Z,62.0,Versa 4
2026-05-11T01:45:42Z,63.0,Versa 4
2026-05-11T01:45:44Z,64.0,Versa 4
2026-05-11T01:45:47Z,64.0,Versa 4
2026-05-11T01:45:50Z,64.0,Versa 4
2026-05-11T01:45:53Z,64.0,Versa 4
2026-05-11T01:45:54Z,65.0,Versa 4
2026-05-11T01:45:56Z,64.0,Versa 4
2026-05-11T01:45:59Z,64.0,Versa 4
2026-05-11T01:46:02Z,64.0,Versa 4
2026-05-11T01:46:05Z,64.0,Versa 4
2026-05-11T01:46:08Z,64.0,Versa 4
2026-05-11T01:46:11Z,64.0,Versa 4
2026-05-11T01:46:14Z,64.0,Versa 4
2026-05-11T01:46:17Z,64.0,Versa 4
2026-05-11T01:46:20Z,64.0,Versa 4
2026-05-11T01:46:23Z,64.0,Versa 4
2026-05-11T01:46:26Z,65.0,Versa 4
2026-05-11T01:46:28Z,64.0,Versa 4
2026-05-11T01:46:31Z,64.0,Versa 4
2026-05-11T01:46:34Z,63.0,Versa 4
2026-05-11T01:46:37Z,63.0,Versa 4
2026-05-11T01:46:38Z,64.0,Versa 4
2026-05-11T01:46:41Z,64.0,Versa 4
2026-05-11T01:46:44Z,64.0,Versa 4
2026-05-11T01:46:45Z,63.0,Versa 4
2026-05-11T01:46:48Z,63.0,Versa 4
2026-05-11T01:46:51Z,63.0,Versa 4
2026-05-11T01:46:54Z,63.0,Versa 4
2026-05-11T01:46:55Z,64.0,Versa 4
2026-05-11T01:46:58Z,64.0,Versa 4
2026-05-11T01:47:01Z,64.0,Versa 4
2026-05-11T01:47:04Z,64.0,Versa 4
2026-05-11T01:47:07Z,64.0,Versa 4
2026-05-11T01:47:10Z,64.0,Versa 4
2026-05-11T01:47:13Z,64.0,Versa 4
2026-05-11T01:47:14Z,63.0,Versa 4
2026-05-11T01:47:17Z,63.0,Versa 4
2026-05-11T01:47:18Z,64.0,Versa 4
2026-05-11T01:47:21Z,64.0,Versa 4
2026-05-11T01:47:24Z,64.0,Versa 4
2026-05-11T01:47:27Z,64.0,Versa 4
2026-05-11T01:47:30Z,64.0,Versa 4
2026-05-11T01:47:33Z,64.0,Versa 4
2026-05-11T01:47:36Z,64.0,Versa 4
2026-05-11T01:47:39Z,65.0,Versa 4
2026-05-11T01:47:41Z,66.0,Versa 4
2026-05-11T01:47:44Z,66.0,Versa 4
2026-05-11T01:47:45Z,65.0,Versa 4
2026-05-11T01:47:47Z,64.0,Versa 4
2026-05-11T01:47:50Z,64.0,Versa 4
2026-05-11T01:47:53Z,64.0,Versa 4
2026-05-11T01:47:55Z,63.0,Versa 4
2026-05-11T01:47:58Z,63.0,Versa 4
2026-05-11T01:48:01Z,63.0,Versa 4
2026-05-11T01:48:02Z,64.0,Versa 4
2026-05-11T01:48:05Z,64.0,Versa 4
2026-05-11T01:48:08Z,64.0,Versa 4
2026-05-11T01:48:11Z,64.0,Versa 4
2026-05-11T01:48:12Z,65.0,Versa 4
2026-05-11T01:48:14Z,64.0,Versa 4
2026-05-11T01:48:17Z,64.0,Versa 4
2026-05-11T01:48:20Z,64.0,Versa 4
2026-05-11T01:48:23Z,64.0,Versa 4
2026-05-11T01:48:26Z,64.0,Versa 4
2026-05-11T01:48:29Z,64.0,Versa 4
2026-05-11T01:48:32Z,64.0,Versa 4
2026-05-11T01:48:35Z,64.0,Versa 4
2026-05-11T01:48:38Z,64.0,Versa 4
2026-05-11T01:48:41Z,64.0,Versa 4
2026-05-11T01:48:44Z,64.0,Versa 4
2026-05-11T01:48:47Z,64.0,Versa 4
2026-05-11T01:48:48Z,63.0,Versa 4
2026-05-11T01:48:51Z,63.0,Versa 4
2026-05-11T01:48:54Z,63.0,Versa 4
2026-05-11T01:48:57Z,63.0,Versa 4
2026-05-11T01:48:58Z,63.0,Versa 4
2026-05-11T01:49:01Z,63.0,Versa 4
2026-05-11T01:49:04Z,63.0,Versa 4
2026-05-11T01:49:07Z,63.0,Versa 4
2026-05-11T01:49:08Z,64.0,Versa 4
2026-05-11T01:49:11Z,64.0,Versa 4
2026-05-11T01:49:14Z,64.0,Versa 4
2026-05-11T01:49:17Z,64.0,Versa 4
2026-05-11T01:49:20Z,64.0,Versa 4
2026-05-11T01:49:23Z,64.0,Versa 4
2026-05-11T01:49:26Z,64.0,Versa 4
2026-05-11T01:49:29Z,64.0,Versa 4
2026-05-11T01:49:32Z,64.0,Versa 4
2026-05-11T01:49:35Z,64.0,Versa 4
2026-05-11T01:49:38Z,64.0,Versa 4
2026-05-11T01:49:41Z,64.0,Versa 4
2026-05-11T01:49:44Z,64.0,Versa 4
2026-05-11T01:49:47Z,64.0,Versa 4
2026-05-11T01:49:50Z,64.0,Versa 4
2026-05-11T01:49:53Z,64.0,Versa 4
2026-05-11T01:49:56Z,64.0,Versa 4
2026-05-11T01:49:59Z,64.0,Versa 4
2026-05-11T01:50:02Z,64.0,Versa 4
2026-05-11T01:50:05Z,65.0,Versa 4
2026-05-11T01:50:08Z,65.0,Versa 4
2026-05-11T01:50:09Z,64.0,Versa 4
2026-05-11T01:50:12Z,64.0,Versa 4
2026-05-11T01:50:13Z,63.0,Versa 4
2026-05-11T01:50:15Z,62.0,Versa 4
2026-05-11T01:50:17Z,63.0,Versa 4
2026-05-11T01:50:20Z,63.0,Versa 4
2026-05-11T01:50:21Z,64.0,Versa 4
2026-05-11T01:50:24Z,63.0,Versa 4
2026-05-11T01:50:27Z,63.0,Versa 4
2026-05-11T01:50:30Z,62.0,Versa 4
2026-05-11T01:50:33Z,62.0,Versa 4
2026-05-11T01:50:34Z,63.0,Versa 4
2026-05-11T01:50:37Z,63.0,Versa 4
2026-05-11T01:50:38Z,64.0,Versa 4
2026-05-11T01:50:41Z,64.0,Versa 4
2026-05-11T01:50:44Z,64.0,Versa 4
2026-05-11T01:50:45Z,63.0,Versa 4
2026-05-11T01:50:48Z,63.0,Versa 4
2026-05-11T01:50:49Z,62.0,Versa 4
2026-05-11T01:50:52Z,62.0,Versa 4
2026-05-11T01:50:55Z,62.0,Versa 4
2026-05-11T01:50:58Z,62.0,Versa 4
2026-05-11T01:51:01Z,62.0,Versa 4
2026-05-11T01:51:04Z,62.0,Versa 4
2026-05-11T01:51:05Z,63.0,Versa 4
2026-05-11T01:51:08Z,63.0,Versa 4
2026-05-11T01:51:10Z,63.0,Versa 4
2026-05-11T01:51:13Z,63.0,Versa 4
2026-05-11T01:51:14Z,62.0,Versa 4
2026-05-11T01:51:16Z,62.0,Versa 4
2026-05-11T01:51:19Z,62.0,Versa 4
2026-05-11T01:51:22Z,62.0,Versa 4
2026-05-11T01:51:25Z,62.0,Versa 4
2026-05-11T01:51:26Z,63.0,Versa 4
2026-05-11T01:51:29Z,63.0,Versa 4
2026-05-11T01:51:32Z,64.0,Versa 4
2026-05-11T01:51:35Z,65.0,Versa 4
2026-05-11T01:51:38Z,65.0,Versa 4
2026-05-11T01:51:39Z,66.0,Versa 4
2026-05-11T01:51:42Z,66.0,Versa 4
2026-05-11T01:51:43Z,65.0,Versa 4
2026-05-11T01:51:45Z,64.0,Versa 4
2026-05-11T01:51:48Z,64.0,Versa 4
2026-05-11T01:51:51Z,64.0,Versa 4
2026-05-11T01:51:54Z,64.0,Versa 4
2026-05-11T01:51:57Z,64.0,Versa 4
2026-05-11T01:52:00Z,64.0,Versa 4
2026-05-11T01:52:03Z,64.0,Versa 4
2026-05-11T01:52:06Z,64.0,Versa 4
2026-05-11T01:52:09Z,64.0,Versa 4
2026-05-11T01:52:12Z,64.0,Versa 4
2026-05-11T01:52:15Z,64.0,Versa 4
2026-05-11T01:52:18Z,64.0,Versa 4
2026-05-11T01:52:21Z,64.0,Versa 4
2026-05-11T01:52:24Z,64.0,Versa 4
2026-05-11T01:52:27Z,63.0,Versa 4
2026-05-11T01:52:29Z,63.0,Versa 4
2026-05-11T01:52:32Z,63.0,Versa 4
2026-05-11T01:52:33Z,63.0,Versa 4
2026-05-11T01:52:36Z,63.0,Versa 4
2026-05-11T01:52:39Z,63.0,Versa 4
2026-05-11T01:52:42Z,63.0,Versa 4
2026-05-11T01:52:43Z,64.0,Versa 4
2026-05-11T01:52:46Z,64.0,Versa 4
2026-05-11T01:52:49Z,64.0,Versa 4
2026-05-11T01:52:52Z,64.0,Versa 4
2026-05-11T01:52:55Z,64.0,Versa 4
2026-05-11T01:52:58Z,64.0,Versa 4
2026-05-11T01:53:01Z,64.0,Versa 4
2026-05-11T01:53:04Z,63.0,Versa 4
2026-05-11T01:53:07Z,63.0,Versa 4
2026-05-11T01:53:09Z,64.0,Versa 4
2026-05-11T01:53:11Z,63.0,Versa 4
2026-05-11T01:53:14Z,63.0,Versa 4
2026-05-11T01:53:17Z,63.0,Versa 4
2026-05-11T01:53:20Z,63.0,Versa 4
2026-05-11T01:53:21Z,64.0,Versa 4
2026-05-11T01:53:24Z,64.0,Versa 4
2026-05-11T01:53:27Z,64.0,Versa 4
2026-05-11T01:53:30Z,64.0,Versa 4
2026-05-11T01:53:33Z,64.0,Versa 4
2026-05-11T01:53:36Z,64.0,Versa 4
2026-05-11T01:53:39Z,64.0,Versa 4
2026-05-11T01:53:40Z,66.0,Versa 4
2026-05-11T01:53:43Z,66.0,Versa 4
2026-05-11T01:53:46Z,65.0,Versa 4
2026-05-11T01:53:48Z,64.0,Versa 4
2026-05-11T01:53:51Z,64.0,Versa 4
2026-05-11T01:53:54Z,64.0,Versa 4
2026-05-11T01:53:57Z,65.0,Versa 4
2026-05-11T01:53:59Z,66.0,Versa 4
2026-05-11T01:54:01Z,65.0,Versa 4
2026-05-11T01:54:03Z,64.0,Versa 4
2026-05-11T01:54:05Z,62.0,Versa 4
2026-05-11T01:54:07Z,61.0,Versa 4
2026-05-11T01:54:09Z,60.0,Versa 4
2026-05-11T01:54:12Z,60.0,Versa 4
2026-05-11T01:54:13Z,60.0,Versa 4
2026-05-11T01:54:16Z,60.0,Versa 4
2026-05-11T01:54:19Z,60.0,Versa 4
2026-05-11T01:54:21Z,61.0,Versa 4
2026-05-11T01:54:24Z,62.0,Versa 4
2026-05-11T01:54:27Z,62.0,Versa 4
2026-05-11T01:54:30Z,62.0,Versa 4
2026-05-11T01:54:33Z,62.0,Versa 4
2026-05-11T01:54:36Z,62.0,Versa 4
2026-05-11T01:54:38Z,63.0,Versa 4
2026-05-11T01:54:41Z,63.0,Versa 4
2026-05-11T01:54:44Z,63.0,Versa 4
2026-05-11T01:54:47Z,63.0,Versa 4
2026-05-11T01:54:49Z,62.0,Versa 4
2026-05-11T01:54:52Z,62.0,Versa 4
2026-05-11T01:54:55Z,62.0,Versa 4
2026-05-11T01:54:57Z,63.0,Versa 4
2026-05-11T01:54:59Z,64.0,Versa 4
2026-05-11T01:55:01Z,64.0,Versa 4
2026-05-11T01:55:03Z,66.0,Versa 4
2026-05-11T01:55:05Z,67.0,Versa 4
2026-05-11T01:55:07Z,68.0,Versa 4
2026-05-11T01:55:10Z,69.0,Versa 4
2026-05-11T01:55:12Z,70.0,Versa 4
2026-05-11T01:55:14Z,73.0,Versa 4
2026-05-11T01:55:16Z,79.0,Versa 4
2026-05-11T01:55:18Z,82.0,Versa 4
2026-05-11T01:55:20Z,85.0,Versa 4
2026-05-11T01:55:22Z,87.0,Versa 4
2026-05-11T01:55:24Z,89.0,Versa 4
2026-05-11T01:55:26Z,87.0,Versa 4
2026-05-11T01:55:28Z,84.0,Versa 4
2026-05-11T01:55:30Z,73.0,Versa 4
2026-05-11T01:55:32Z,69.0,Versa 4
2026-05-11T01:55:33Z,68.0,Versa 4
2026-05-11T01:55:35Z,66.0,Versa 4
2026-05-11T01:55:37Z,65.0,Versa 4
2026-05-11T01:55:39Z,66.0,Versa 4
2026-05-11T01:55:41Z,68.0,Versa 4
2026-05-11T01:55:43Z,69.0,Versa 4
2026-05-11T01:55:45Z,69.0,Versa 4
2026-05-11T01:55:47Z,67.0,Versa 4
2026-05-11T01:55:49Z,64.0,Versa 4
2026-05-11T01:55:51Z,63.0,Versa 4
2026-05-11T01:55:53Z,62.0,Versa 4
2026-05-11T01:55:55Z,61.0,Versa 4
2026-05-11T01:55:58Z,60.0,Versa 4
2026-05-11T01:56:00Z,61.0,Versa 4
2026-05-11T01:56:03Z,61.0,Versa 4
2026-05-11T01:56:04Z,62.0,Versa 4
2026-05-11T01:56:07Z,62.0,Versa 4
2026-05-11T01:56:10Z,62.0,Versa 4
2026-05-11T01:56:13Z,62.0,Versa 4
2026-05-11T01:56:16Z,62.0,Versa 4
2026-05-11T01:56:18Z,63.0,Versa 4
2026-05-11T01:56:21Z,64.0,Versa 4
2026-05-11T01:56:24Z,64.0,Versa 4
2026-05-11T01:56:27Z,64.0,Versa 4
2026-05-11T01:56:30Z,64.0,Versa 4
2026-05-11T01:56:33Z,64.0,Versa 4
2026-05-11T01:56:36Z,64.0,Versa 4
2026-05-11T01:56:39Z,64.0,Versa 4
2026-05-11T01:56:42Z,64.0,Versa 4
2026-05-11T01:56:45Z,63.0,Versa 4
2026-05-11T01:56:46Z,62.0,Versa 4
2026-05-11T01:56:49Z,62.0,Versa 4
2026-05-11T01:56:50Z,62.0,Versa 4
2026-05-11T01:56:52Z,63.0,Versa 4
2026-05-11T01:56:55Z,63.0,Versa 4
2026-05-11T01:56:56Z,62.0,Versa 4
2026-05-11T01:56:59Z,62.0,Versa 4
2026-05-11T01:57:02Z,63.0,Versa 4
2026-05-11T01:57:05Z,63.0,Versa 4
2026-05-11T01:57:06Z,64.0,Versa 4
2026-05-11T01:57:09Z,64.0,Versa 4
2026-05-11T01:57:10Z,63.0,Versa 4
2026-05-11T01:57:13Z,63.0,Versa 4
2026-05-11T01:57:14Z,62.0,Versa 4
2026-05-11T01:57:17Z,62.0,Versa 4
2026-05-11T01:57:20Z,62.0,Versa 4
2026-05-11T01:57:22Z,63.0,Versa 4
2026-05-11T01:57:25Z,63.0,Versa 4
2026-05-11T01:57:28Z,63.0,Versa 4
2026-05-11T01:57:29Z,62.0,Versa 4
2026-05-11T01:57:32Z,62.0,Versa 4
2026-05-11T01:57:35Z,62.0,Versa 4
2026-05-11T01:57:38Z,62.0,Versa 4
2026-05-11T01:57:41Z,63.0,Versa 4
2026-05-11T01:57:44Z,63.0,Versa 4
2026-05-11T01:57:47Z,64.0,Versa 4
2026-05-11T01:57:50Z,64.0,Versa 4
2026-05-11T01:57:53Z,64.0,Versa 4
2026-05-11T01:57:56Z,64.0,Versa 4
2026-05-11T01:57:58Z,64.0,Versa 4
2026-05-11T01:58:01Z,64.0,Versa 4
2026-05-11T01:58:04Z,64.0,Versa 4
2026-05-11T01:58:06Z,63.0,Versa 4
2026-05-11T01:58:09Z,63.0,Versa 4
2026-05-11T01:58:12Z,63.0,Versa 4
2026-05-11T01:58:15Z,63.0,Versa 4
2026-05-11T01:58:18Z,63.0,Versa 4
2026-05-11T01:58:19Z,62.0,Versa 4
2026-05-11T01:58:22Z,62.0,Versa 4
2026-05-11T01:58:25Z,62.0,Versa 4
2026-05-11T01:58:28Z,62.0,Versa 4
2026-05-11T01:58:31Z,64.0,Versa 4
2026-05-11T01:58:34Z,64.0,Versa 4
2026-05-11T01:58:35Z,63.0,Versa 4
2026-05-11T01:58:37Z,61.0,Versa 4
2026-05-11T01:58:39Z,60.0,Versa 4
2026-05-11T01:58:40Z,59.0,Versa 4
2026-05-11T01:58:42Z,58.0,Versa 4
2026-05-11T01:58:45Z,58.0,Versa 4
2026-05-11T01:58:46Z,59.0,Versa 4
2026-05-11T01:58:49Z,59.0,Versa 4
2026-05-11T01:58:52Z,60.0,Versa 4
2026-05-11T01:58:55Z,60.0,Versa 4
2026-05-11T01:58:58Z,60.0,Versa 4
2026-05-11T01:59:01Z,60.0,Versa 4
2026-05-11T01:59:03Z,61.0,Versa 4
2026-05-11T01:59:05Z,61.0,Versa 4
2026-05-11T01:59:07Z,62.0,Versa 4
2026-05-11T01:59:10Z,62.0,Versa 4
2026-05-11T01:59:13Z,62.0,Versa 4
2026-05-11T01:59:16Z,62.0,Versa 4
2026-05-11T01:59:19Z,62.0,Versa 4
2026-05-11T01:59:22Z,62.0,Versa 4
2026-05-11T01:59:25Z,62.0,Versa 4
2026-05-11T01:59:28Z,62.0,Versa 4
2026-05-11T01:59:31Z,62.0,Versa 4
2026-05-11T01:59:34Z,62.0,Versa 4
2026-05-11T01:59:37Z,62.0,Versa 4
2026-05-11T01:59:40Z,62.0,Versa 4
2026-05-11T01:59:43Z,62.0,Versa 4
2026-05-11T01:59:46Z,63.0,Versa 4
2026-05-11T01:59:49Z,63.0,Versa 4
2026-05-11T01:59:50Z,64.0,Versa 4
2026-05-11T01:59:53Z,64.0,Versa 4
2026-05-11T01:59:56Z,64.0,Versa 4
2026-05-11T01:59:59Z,66.0,Versa 4
2026-05-11T02:00:01Z,67.0,Versa 4
2026-05-11T02:00:04Z,67.0,Versa 4
2026-05-11T02:00:05Z,67.0,Versa 4
2026-05-11T02:00:07Z,64.0,Versa 4
2026-05-11T02:00:09Z,62.0,Versa 4
2026-05-11T02:00:11Z,60.0,Versa 4
2026-05-11T02:00:13Z,59.0,Versa 4
2026-05-11T02:00:15Z,58.0,Versa 4
2026-05-11T02:00:18Z,57.0,Versa 4
2026-05-11T02:00:21Z,57.0,Versa 4
2026-05-11T02:00:22Z,58.0,Versa 4
2026-05-11T02:00:24Z,59.0,Versa 4
2026-05-11T02:00:26Z,60.0,Versa 4
2026-05-11T02:00:29Z,60.0,Versa 4
2026-05-11T02:00:32Z,61.0,Versa 4
2026-05-11T02:00:34Z,62.0,Versa 4
2026-05-11T02:00:37Z,62.0,Versa 4
2026-05-11T02:00:40Z,62.0,Versa 4
2026-05-11T02:00:41Z,63.0,Versa 4
2026-05-11T02:00:44Z,63.0,Versa 4
2026-05-11T02:00:45Z,64.0,Versa 4
2026-05-11T02:00:48Z,64.0,Versa 4
2026-05-11T02:00:51Z,64.0,Versa 4
2026-05-11T02:00:54Z,64.0,Versa 4
2026-05-11T02:00:57Z,63.0,Versa 4
2026-05-11T02:00:59Z,64.0,Versa 4
2026-05-11T02:01:02Z,64.0,Versa 4
2026-05-11T02:01:04Z,65.0,Versa 4
2026-05-11T02:01:06Z,64.0,Versa 4
2026-05-11T02:01:09Z,64.0,Versa 4
2026-05-11T02:01:10Z,63.0,Versa 4
2026-05-11T02:01:12Z,62.0,Versa 4
2026-05-11T02:01:14Z,60.0,Versa 4
2026-05-11T02:01:17Z,60.0,Versa 4
2026-05-11T02:01:18Z,59.0,Versa 4
2026-05-11T02:01:21Z,59.0,Versa 4
2026-05-11T02:01:24Z,59.0,Versa 4
2026-05-11T02:01:27Z,60.0,Versa 4
2026-05-11T02:01:30Z,60.0,Versa 4
2026-05-11T02:01:33Z,60.0,Versa 4
2026-05-11T02:01:35Z,61.0,Versa 4
2026-05-11T02:01:38Z,61.0,Versa 4
2026-05-11T02:01:41Z,61.0,Versa 4
2026-05-11T02:01:43Z,62.0,Versa 4
2026-05-11T02:01:46Z,62.0,Versa 4
2026-05-11T02:01:49Z,62.0,Versa 4
2026-05-11T02:01:52Z,62.0,Versa 4
2026-05-11T02:01:54Z,61.0,Versa 4
2026-05-11T02:01:57Z,61.0,Versa 4
2026-05-11T02:02:00Z,62.0,Versa 4
2026-05-11T02:02:03Z,62.0,Versa 4
2026-05-11T02:02:06Z,62.0,Versa 4
2026-05-11T02:02:09Z,62.0,Versa 4
2026-05-11T02:02:12Z,62.0,Versa 4
2026-05-11T02:02:15Z,62.0,Versa 4
2026-05-11T02:02:18Z,62.0,Versa 4
2026-05-11T02:02:21Z,62.0,Versa 4
2026-05-11T02:02:24Z,62.0,Versa 4
2026-05-11T02:02:27Z,62.0,Versa 4
2026-05-11T02:02:30Z,62.0,Versa 4
2026-05-11T02:02:33Z,62.0,Versa 4
2026-05-11T02:02:35Z,62.0,Versa 4
2026-05-11T02:02:38Z,62.0,Versa 4
2026-05-11T02:02:39Z,63.0,Versa 4
2026-05-11T02:02:42Z,62.0,Versa 4
2026-05-11T02:02:45Z,62.0,Versa 4
2026-05-11T02:02:48Z,62.0,Versa 4
2026-05-11T02:02:51Z,62.0,Versa 4
2026-05-11T02:02:54Z,61.0,Versa 4
2026-05-11T02:02:56Z,60.0,Versa 4
2026-05-11T02:02:59Z,60.0,Versa 4
2026-05-11T02:03:02Z,60.0,Versa 4
2026-05-11T02:03:05Z,60.0,Versa 4
2026-05-11T02:03:08Z,60.0,Versa 4
2026-05-11T02:03:09Z,61.0,Versa 4
2026-05-11T02:03:11Z,62.0,Versa 4
2026-05-11T02:03:14Z,62.0,Versa 4
2026-05-11T02:03:17Z,62.0,Versa 4
2026-05-11T02:03:20Z,62.0,Versa 4
2026-05-11T02:03:23Z,62.0,Versa 4
2026-05-11T02:03:25Z,61.0,Versa 4
2026-05-11T02:03:27Z,60.0,Versa 4
2026-05-11T02:03:30Z,60.0,Versa 4
2026-05-11T02:03:33Z,60.0,Versa 4
2026-05-11T02:03:34Z,61.0,Versa 4
2026-05-11T02:03:36Z,62.0,Versa 4
2026-05-11T02:03:39Z,62.0,Versa 4
2026-05-11T02:03:42Z,62.0,Versa 4
2026-05-11T02:03:44Z,62.0,Versa 4
2026-05-11T02:03:47Z,62.0,Versa 4
2026-05-11T02:03:50Z,62.0,Versa 4
2026-05-11T02:03:53Z,62.0,Versa 4
2026-05-11T02:03:56Z,62.0,Versa 4
2026-05-11T02:03:59Z,62.0,Versa 4
2026-05-11T02:04:02Z,62.0,Versa 4
2026-05-11T02:04:05Z,62.0,Versa 4
2026-05-11T02:04:08Z,62.0,Versa 4
2026-05-11T02:04:11Z,62.0,Versa 4
2026-05-11T02:04:13Z,63.0,Versa 4
2026-05-11T02:04:16Z,63.0,Versa 4
2026-05-11T02:04:19Z,63.0,Versa 4
2026-05-11T02:04:22Z,63.0,Versa 4
2026-05-11T02:04:24Z,62.0,Versa 4
2026-05-11T02:04:27Z,62.0,Versa 4
2026-05-11T02:04:30Z,63.0,Versa 4
2026-05-11T02:04:33Z,63.0,Versa 4
2026-05-11T02:04:36Z,64.0,Versa 4
2026-05-11T02:04:39Z,65.0,Versa 4
2026-05-11T02:04:42Z,65.0,Versa 4
2026-05-11T02:04:43Z,63.0,Versa 4
2026-05-11T02:04:45Z,62.0,Versa 4
2026-05-11T02:04:47Z,60.0,Versa 4
2026-05-11T02:04:49Z,59.0,Versa 4
2026-05-11T02:04:52Z,59.0,Versa 4
2026-05-11T02:04:55Z,58.0,Versa 4
2026-05-11T02:04:57Z,59.0,Versa 4
2026-05-11T02:04:59Z,60.0,Versa 4
2026-05-11T02:05:02Z,60.0,Versa 4
2026-05-11T02:05:04Z,62.0,Versa 4
2026-05-11T02:05:07Z,62.0,Versa 4
2026-05-11T02:05:08Z,63.0,Versa 4
2026-05-11T02:05:10Z,62.0,Versa 4
2026-05-11T02:05:13Z,62.0,Versa 4
2026-05-11T02:05:14Z,60.0,Versa 4
2026-05-11T02:05:16Z,59.0,Versa 4
2026-05-11T02:05:19Z,59.0,Versa 4
2026-05-11T02:05:22Z,60.0,Versa 4
2026-05-11T02:05:25Z,60.0,Versa 4
2026-05-11T02:05:28Z,60.0,Versa 4
2026-05-11T02:05:31Z,61.0,Versa 4
2026-05-11T02:05:34Z,61.0,Versa 4
2026-05-11T02:05:37Z,61.0,Versa 4
2026-05-11T02:05:39Z,62.0,Versa 4
2026-05-11T02:05:42Z,62.0,Versa 4
2026-05-11T02:05:45Z,62.0,Versa 4
2026-05-11T02:05:48Z,62.0,Versa 4
2026-05-11T02:05:51Z,61.0,Versa 4
2026-05-11T02:05:52Z,60.0,Versa 4
2026-05-11T02:05:55Z,60.0,Versa 4
2026-05-11T02:05:58Z,60.0,Versa 4
2026-05-11T02:06:00Z,61.0,Versa 4
2026-05-11T02:06:03Z,61.0,Versa 4
2026-05-11T02:06:04Z,61.0,Versa 4
2026-05-11T02:06:07Z,61.0,Versa 4
2026-05-11T02:06:08Z,60.0,Versa 4
2026-05-11T02:06:10Z,61.0,Versa 4
2026-05-11T02:06:13Z,61.0,Versa 4
2026-05-11T02:06:14Z,62.0,Versa 4
2026-05-11T02:06:15Z,60.0,Versa 4
2026-05-11T02:06:18Z,60.0,Versa 4
2026-05-11T02:06:21Z,60.0,Versa 4
2026-05-11T02:06:24Z,60.0,Versa 4
2026-05-11T02:06:27Z,60.0,Versa 4
2026-05-11T02:06:30Z,60.0,Versa 4
2026-05-11T02:06:33Z,60.0,Versa 4
2026-05-11T02:06:36Z,60.0,Versa 4
2026-05-11T02:06:39Z,60.0,Versa 4
2026-05-11T02:06:42Z,60.0,Versa 4
2026-05-11T02:06:45Z,60.0,Versa 4
2026-05-11T02:06:48Z,61.0,Versa 4
2026-05-11T02:06:51Z,61.0,Versa 4
2026-05-11T02:06:52Z,60.0,Versa 4
2026-05-11T02:06:55Z,60.0,Versa 4
2026-05-11T02:06:58Z,60.0,Versa 4
2026-05-11T02:07:01Z,60.0,Versa 4
2026-05-11T02:07:04Z,60.0,Versa 4
2026-05-11T02:07:07Z,60.0,Versa 4
2026-05-11T02:07:10Z,60.0,Versa 4
2026-05-11T02:07:13Z,60.0,Versa 4
2026-05-11T02:07:15Z,60.0,Versa 4
2026-05-11T02:07:18Z,60.0,Versa 4
2026-05-11T02:07:21Z,60.0,Versa 4
2026-05-11T02:07:24Z,60.0,Versa 4
2026-05-11T02:07:27Z,61.0,Versa 4
2026-05-11T02:07:28Z,62.0,Versa 4
2026-05-11T02:07:31Z,62.0,Versa 4
2026-05-11T02:07:34Z,62.0,Versa 4
2026-05-11T02:07:37Z,62.0,Versa 4
2026-05-11T02:07:40Z,62.0,Versa 4
2026-05-11T02:07:42Z,63.0,Versa 4
2026-05-11T02:07:45Z,63.0,Versa 4
2026-05-11T02:07:46Z,64.0,Versa 4
2026-05-11T02:07:49Z,64.0,Versa 4
2026-05-11T02:07:50Z,63.0,Versa 4
2026-05-11T02:07:53Z,62.0,Versa 4
2026-05-11T02:07:55Z,60.0,Versa 4
2026-05-11T02:07:58Z,60.0,Versa 4
2026-05-11T02:07:59Z,59.0,Versa 4
2026-05-11T02:08:02Z,59.0,Versa 4
2026-05-11T02:08:05Z,59.0,Versa 4
2026-05-11T02:08:08Z,59.0,Versa 4
2026-05-11T02:08:09Z,60.0,Versa 4
2026-05-11T02:08:12Z,60.0,Versa 4
2026-05-11T02:08:15Z,60.0,Versa 4
2026-05-11T02:08:16Z,61.0,Versa 4
2026-05-11T02:08:19Z,61.0,Versa 4
2026-05-11T02:08:20Z,62.0,Versa 4
2026-05-11T02:08:23Z,62.0,Versa 4
2026-05-11T02:08:26Z,62.0,Versa 4
2026-05-11T02:08:29Z,62.0,Versa 4
2026-05-11T02:08:32Z,62.0,Versa 4
2026-05-11T02:08:34Z,61.0,Versa 4
2026-05-11T02:08:36Z,60.0,Versa 4
2026-05-11T02:08:39Z,60.0,Versa 4
2026-05-11T02:08:42Z,60.0,Versa 4
2026-05-11T02:08:45Z,60.0,Versa 4
2026-05-11T02:08:48Z,60.0,Versa 4
2026-05-11T02:08:49Z,62.0,Versa 4
2026-05-11T02:08:52Z,62.0,Versa 4
2026-05-11T02:08:55Z,62.0,Versa 4
2026-05-11T02:08:58Z,62.0,Versa 4
2026-05-11T02:08:59Z,63.0,Versa 4
2026-05-11T02:09:01Z,62.0,Versa 4
2026-05-11T02:09:03Z,61.0,Versa 4
2026-05-11T02:09:04Z,60.0,Versa 4
2026-05-11T02:09:06Z,59.0,Versa 4
2026-05-11T02:09:08Z,60.0,Versa 4
2026-05-11T02:09:10Z,61.0,Versa 4
2026-05-11T02:09:12Z,62.0,Versa 4
2026-05-11T02:09:14Z,61.0,Versa 4
2026-05-11T02:09:16Z,60.0,Versa 4
2026-05-11T02:09:19Z,60.0,Versa 4
2026-05-11T02:09:20Z,58.0,Versa 4
2026-05-11T02:09:22Z,58.0,Versa 4
2026-05-11T02:09:25Z,58.0,Versa 4
2026-05-11T02:09:28Z,58.0,Versa 4
2026-05-11T02:09:31Z,58.0,Versa 4
2026-05-11T02:09:33Z,59.0,Versa 4
2026-05-11T02:09:36Z,59.0,Versa 4
2026-05-11T02:09:37Z,60.0,Versa 4
2026-05-11T02:09:40Z,60.0,Versa 4
2026-05-11T02:09:43Z,60.0,Versa 4
2026-05-11T02:09:45Z,61.0,Versa 4
2026-05-11T02:09:48Z,61.0,Versa 4
2026-05-11T02:09:49Z,62.0,Versa 4
2026-05-11T02:09:52Z,62.0,Versa 4
2026-05-11T02:09:55Z,62.0,Versa 4
2026-05-11T02:09:58Z,62.0,Versa 4
2026-05-11T02:10:00Z,60.0,Versa 4
2026-05-11T02:10:03Z,60.0,Versa 4
2026-05-11T02:10:06Z,60.0,Versa 4
2026-05-11T02:10:09Z,60.0,Versa 4
2026-05-11T02:10:12Z,60.0,Versa 4
2026-05-11T02:10:15Z,60.0,Versa 4
2026-05-11T02:10:18Z,60.0,Versa 4
2026-05-11T02:10:19Z,59.0,Versa 4
2026-05-11T02:10:21Z,60.0,Versa 4
2026-05-11T02:10:24Z,60.0,Versa 4
2026-05-11T02:10:27Z,60.0,Versa 4
2026-05-11T02:10:30Z,60.0,Versa 4
2026-05-11T02:10:31Z,60.0,Versa 4
2026-05-11T02:10:34Z,60.0,Versa 4
2026-05-11T02:10:37Z,59.0,Versa 4
2026-05-11T02:10:39Z,58.0,Versa 4
2026-05-11T02:10:42Z,59.0,Versa 4
2026-05-11T02:10:44Z,60.0,Versa 4
2026-05-11T02:10:46Z,61.0,Versa 4
2026-05-11T02:10:48Z,62.0,Versa 4
2026-05-11T02:10:51Z,62.0,Versa 4
2026-05-11T02:10:54Z,62.0,Versa 4
2026-05-11T02:10:57Z,62.0,Versa 4
2026-05-11T02:11:00Z,61.0,Versa 4
2026-05-11T02:11:03Z,62.0,Versa 4
2026-05-11T02:11:06Z,62.0,Versa 4
2026-05-11T02:11:09Z,64.0,Versa 4
2026-05-11T02:11:11Z,63.0,Versa 4
2026-05-11T02:11:13Z,62.0,Versa 4
2026-05-11T02:11:15Z,60.0,Versa 4
2026-05-11T02:11:17Z,59.0,Versa 4
2026-05-11T02:11:19Z,58.0,Versa 4
2026-05-11T02:11:22Z,58.0,Versa 4
2026-05-11T02:11:25Z,59.0,Versa 4
2026-05-11T02:11:28Z,59.0,Versa 4
2026-05-11T02:11:30Z,60.0,Versa 4
2026-05-11T02:11:33Z,60.0,Versa 4
2026-05-11T02:11:34Z,61.0,Versa 4
2026-05-11T02:11:36Z,60.0,Versa 4
2026-05-11T02:11:38Z,60.0,Versa 4
2026-05-11T02:11:41Z,60.0,Versa 4
2026-05-11T02:11:44Z,60.0,Versa 4
2026-05-11T02:11:47Z,60.0,Versa 4
2026-05-11T02:11:50Z,61.0,Versa 4
2026-05-11T02:11:51Z,62.0,Versa 4
2026-05-11T02:11:54Z,62.0,Versa 4
2026-05-11T02:11:55Z,63.0,Versa 4
2026-05-11T02:11:57Z,64.0,Versa 4
2026-05-11T02:11:59Z,63.0,Versa 4
2026-05-11T02:12:01Z,61.0,Versa 4
2026-05-11T02:12:03Z,58.0,Versa 4
2026-05-11T02:12:05Z,58.0,Versa 4
2026-05-11T02:12:07Z,57.0,Versa 4
2026-05-11T02:12:10Z,57.0,Versa 4
2026-05-11T02:12:13Z,57.0,Versa 4
2026-05-11T02:12:16Z,58.0,Versa 4
2026-05-11T02:12:19Z,58.0,Versa 4
2026-05-11T02:12:22Z,58.0,Versa 4
2026-05-11T02:12:25Z,59.0,Versa 4
2026-05-11T02:12:27Z,60.0,Versa 4
2026-05-11T02:12:29Z,61.0,Versa 4
2026-05-11T02:12:31Z,62.0,Versa 4
2026-05-11T02:12:34Z,62.0,Versa 4
2026-05-11T02:12:37Z,61.0,Versa 4
2026-05-11T02:12:39Z,60.0,Versa 4
2026-05-11T02:12:41Z,59.0,Versa 4
2026-05-11T02:12:43Z,59.0,Versa 4
2026-05-11T02:12:46Z,59.0,Versa 4
2026-05-11T02:12:49Z,58.0,Versa 4
2026-05-11T02:12:52Z,58.0,Versa 4
2026-05-11T02:12:55Z,58.0,Versa 4
2026-05-11T02:12:56Z,59.0,Versa 4
2026-05-11T02:12:59Z,59.0,Versa 4
2026-05-11T02:13:00Z,60.0,Versa 4
2026-05-11T02:13:03Z,60.0,Versa 4
2026-05-11T02:13:06Z,60.0,Versa 4
2026-05-11T02:13:08Z,59.0,Versa 4
2026-05-11T02:13:10Z,58.0,Versa 4
2026-05-11T02:13:13Z,57.0,Versa 4
2026-05-11T02:13:16Z,57.0,Versa 4
2026-05-11T02:13:17Z,58.0,Versa 4
2026-05-11T02:13:20Z,58.0,Versa 4
2026-05-11T02:13:21Z,59.0,Versa 4
2026-05-11T02:13:23Z,60.0,Versa 4
2026-05-11T02:13:26Z,60.0,Versa 4
2026-05-11T02:13:29Z,60.0,Versa 4
2026-05-11T02:13:32Z,60.0,Versa 4
2026-05-11T02:13:33Z,61.0,Versa 4
2026-05-11T02:13:36Z,61.0,Versa 4
2026-05-11T02:13:39Z,61.0,Versa 4
2026-05-11T02:13:42Z,61.0,Versa 4
2026-05-11T02:13:45Z,61.0,Versa 4
2026-05-11T02:13:48Z,60.0,Versa 4
2026-05-11T02:13:50Z,60.0,Versa 4
2026-05-11T02:13:53Z,60.0,Versa 4
2026-05-11T02:13:54Z,61.0,Versa 4
2026-05-11T02:13:57Z,61.0,Versa 4
2026-05-11T02:13:58Z,60.0,Versa 4
2026-05-11T02:14:00Z,59.0,Versa 4
2026-05-11T02:14:01Z,58.0,Versa 4
2026-05-11T02:14:04Z,58.0,Versa 4
2026-05-11T02:14:07Z,58.0,Versa 4
2026-05-11T02:14:10Z,58.0,Versa 4
2026-05-11T02:14:13Z,58.0,Versa 4
2026-05-11T02:14:16Z,58.0,Versa 4
2026-05-11T02:14:17Z,59.0,Versa 4
2026-05-11T02:14:19Z,60.0,Versa 4
2026-05-11T02:14:22Z,60.0,Versa 4
2026-05-11T02:14:25Z,61.0,Versa 4
2026-05-11T02:14:28Z,61.0,Versa 4
2026-05-11T02:14:30Z,62.0,Versa 4
2026-05-11T02:14:33Z,62.0,Versa 4
2026-05-11T02:14:36Z,62.0,Versa 4
2026-05-11T02:14:39Z,62.0,Versa 4
2026-05-11T02:14:42Z,62.0,Versa 4
2026-05-11T02:14:44Z,61.0,Versa 4
2026-05-11T02:14:46Z,60.0,Versa 4
2026-05-11T02:14:49Z,60.0,Versa 4
2026-05-11T02:14:52Z,60.0,Versa 4
2026-05-11T02:14:55Z,60.0,Versa 4
2026-05-11T02:14:57Z,60.0,Versa 4
2026-05-11T02:15:00Z,60.0,Versa 4
2026-05-11T02:15:03Z,60.0,Versa 4
2026-05-11T02:15:06Z,60.0,Versa 4
2026-05-11T02:15:09Z,60.0,Versa 4
2026-05-11T02:15:11Z,61.0,Versa 4
2026-05-11T02:15:14Z,61.0,Versa 4
2026-05-11T02:15:16Z,62.0,Versa 4
2026-05-11T02:15:19Z,62.0,Versa 4
2026-05-11T02:15:22Z,62.0,Versa 4
2026-05-11T02:15:25Z,62.0,Versa 4
2026-05-11T02:15:26Z,61.0,Versa 4
2026-05-11T02:15:29Z,61.0,Versa 4
2026-05-11T02:15:32Z,61.0,Versa 4
2026-05-11T02:15:35Z,61.0,Versa 4
2026-05-11T02:15:36Z,60.0,Versa 4
2026-05-11T02:15:39Z,62.0,Versa 4
2026-05-11T02:15:42Z,62.0,Versa 4
2026-05-11T02:15:45Z,64.0,Versa 4
2026-05-11T02:15:47Z,67.0,Versa 4
2026-05-11T02:15:49Z,68.0,Versa 4
2026-05-11T02:15:51Z,70.0,Versa 4
2026-05-11T02:15:53Z,72.0,Versa 4
2026-05-11T02:15:55Z,73.0,Versa 4
2026-05-11T02:15:57Z,74.0,Versa 4
2026-05-11T02:15:59Z,72.0,Versa 4
2026-05-11T02:16:01Z,70.0,Versa 4
2026-05-11T02:16:02Z,69.0,Versa 4
2026-05-11T02:16:04Z,68.0,Versa 4
2026-05-11T02:16:06Z,67.0,Versa 4
2026-05-11T02:16:08Z,66.0,Versa 4
2026-05-11T02:16:10Z,65.0,Versa 4
2026-05-11T02:16:12Z,66.0,Versa 4
2026-05-11T02:16:15Z,66.0,Versa 4
2026-05-11T02:16:16Z,67.0,Versa 4
2026-05-11T02:16:19Z,67.0,Versa 4
2026-05-11T02:16:20Z,66.0,Versa 4
2026-05-11T02:16:22Z,66.0,Versa 4
2026-05-11T02:16:25Z,68.0,Versa 4
2026-05-11T02:16:27Z,69.0,Versa 4
2026-05-11T02:16:29Z,72.0,Versa 4
2026-05-11T02:16:32Z,72.0,Versa 4
2026-05-11T02:16:33Z,74.0,Versa 4
2026-05-11T02:16:35Z,86.0,Versa 4
2026-05-11T02:16:37Z,90.0,Versa 4
2026-05-11T02:16:39Z,88.0,Versa 4
2026-05-11T02:16:41Z,82.0,Versa 4
2026-05-11T02:16:43Z,77.0,Versa 4
2026-05-11T02:16:45Z,71.0,Versa 4
2026-05-11T02:16:47Z,68.0,Versa 4
2026-05-11T02:16:49Z,63.0,Versa 4
2026-05-11T02:16:50Z,61.0,Versa 4
2026-05-11T02:16:52Z,60.0,Versa 4
2026-05-11T02:16:54Z,59.0,Versa 4
2026-05-11T02:16:56Z,58.0,Versa 4
2026-05-11T02:16:58Z,59.0,Versa 4
2026-05-11T02:17:00Z,58.0,Versa 4
2026-05-11T02:17:02Z,56.0,Versa 4
2026-05-11T02:17:04Z,55.0,Versa 4
2026-05-11T02:17:06Z,54.0,Versa 4
2026-05-11T02:17:09Z,54.0,Versa 4
2026-05-11T02:17:12Z,54.0,Versa 4
2026-05-11T02:17:15Z,54.0,Versa 4
2026-05-11T02:17:18Z,54.0,Versa 4
2026-05-11T02:17:21Z,55.0,Versa 4
2026-05-11T02:17:23Z,56.0,Versa 4
2026-05-11T02:17:26Z,56.0,Versa 4
2026-05-11T02:17:29Z,56.0,Versa 4
2026-05-11T02:17:31Z,57.0,Versa 4
2026-05-11T02:17:33Z,58.0,Versa 4
2026-05-11T02:17:36Z,58.0,Versa 4
2026-05-11T02:17:39Z,58.0,Versa 4
2026-05-11T02:17:42Z,58.0,Versa 4
2026-05-11T02:17:45Z,58.0,Versa 4
2026-05-11T02:17:48Z,58.0,Versa 4
2026-05-11T02:17:51Z,58.0,Versa 4
2026-05-11T02:17:54Z,58.0,Versa 4
2026-05-11T02:17:57Z,58.0,Versa 4
2026-05-11T02:18:00Z,58.0,Versa 4
2026-05-11T02:18:03Z,58.0,Versa 4
2026-05-11T02:18:05Z,58.0,Versa 4
2026-05-11T02:18:07Z,59.0,Versa 4
2026-05-11T02:18:09Z,60.0,Versa 4
2026-05-11T02:18:12Z,60.0,Versa 4
2026-05-11T02:18:15Z,60.0,Versa 4
2026-05-11T02:18:18Z,60.0,Versa 4
2026-05-11T02:18:21Z,60.0,Versa 4
2026-05-11T02:18:24Z,60.0,Versa 4
2026-05-11T02:18:25Z,59.0,Versa 4
2026-05-11T02:18:26Z,58.0,Versa 4
2026-05-11T02:18:28Z,59.0,Versa 4
2026-05-11T02:18:30Z,60.0,Versa 4
2026-05-11T02:18:32Z,61.0,Versa 4
2026-05-11T02:18:35Z,61.0,Versa 4
2026-05-11T02:18:38Z,60.0,Versa 4
2026-05-11T02:18:41Z,60.0,Versa 4
2026-05-11T02:18:42Z,59.0,Versa 4
2026-05-11T02:18:45Z,59.0,Versa 4
2026-05-11T02:18:48Z,58.0,Versa 4
2026-05-11T02:18:51Z,58.0,Versa 4
2026-05-11T02:18:53Z,59.0,Versa 4
2026-05-11T02:18:56Z,59.0,Versa 4
2026-05-11T02:18:57Z,58.0,Versa 4
2026-05-11T02:19:00Z,58.0,Versa 4
2026-05-11T02:19:03Z,58.0,Versa 4
2026-05-11T02:19:05Z,59.0,Versa 4
2026-05-11T02:19:08Z,59.0,Versa 4
2026-05-11T02:19:09Z,58.0,Versa 4
2026-05-11T02:19:12Z,58.0,Versa 4
2026-05-11T02:19:15Z,58.0,Versa 4
2026-05-11T02:19:18Z,58.0,Versa 4
2026-05-11T02:19:21Z,58.0,Versa 4
2026-05-11T02:19:24Z,58.0,Versa 4
2026-05-11T02:19:26Z,59.0,Versa 4
2026-05-11T02:19:28Z,60.0,Versa 4
2026-05-11T02:19:31Z,60.0,Versa 4
2026-05-11T02:19:34Z,60.0,Versa 4
2026-05-11T02:19:37Z,59.0,Versa 4
2026-05-11T02:19:40Z,59.0,Versa 4
2026-05-11T02:19:41Z,58.0,Versa 4
2026-05-11T02:19:44Z,58.0,Versa 4
2026-05-11T02:19:45Z,59.0,Versa 4
2026-05-11T02:19:48Z,59.0,Versa 4
2026-05-11T02:19:51Z,58.0,Versa 4
2026-05-11T02:19:54Z,58.0,Versa 4
2026-05-11T02:19:57Z,58.0,Versa 4
2026-05-11T02:20:00Z,58.0,Versa 4
2026-05-11T02:20:03Z,58.0,Versa 4
2026-05-11T02:20:06Z,58.0,Versa 4
2026-05-11T02:20:09Z,58.0,Versa 4
2026-05-11T02:20:12Z,58.0,Versa 4
2026-05-11T02:20:15Z,58.0,Versa 4
2026-05-11T02:20:16Z,59.0,Versa 4
2026-05-11T02:20:19Z,59.0,Versa 4
2026-05-11T02:20:20Z,59.0,Versa 4
2026-05-11T02:20:22Z,60.0,Versa 4
2026-05-11T02:20:25Z,58.0,Versa 4
2026-05-11T02:20:28Z,58.0,Versa 4
2026-05-11T02:20:31Z,57.0,Versa 4
2026-05-11T02:20:33Z,56.0,Versa 4
2026-05-11T02:20:36Z,56.0,Versa 4
2026-05-11T02:20:37Z,57.0,Versa 4
2026-05-11T02:20:39Z,56.0,Versa 4
2026-05-11T02:20:41Z,57.0,Versa 4
2026-05-11T02:20:43Z,58.0,Versa 4
2026-05-11T02:20:46Z,58.0,Versa 4
2026-05-11T02:20:49Z,58.0,Versa 4
2026-05-11T02:20:50Z,59.0,Versa 4
2026-05-11T02:20:52Z,60.0,Versa 4
2026-05-11T02:20:55Z,60.0,Versa 4
2026-05-11T02:20:58Z,60.0,Versa 4
2026-05-11T02:21:00Z,59.0,Versa 4
2026-05-11T02:21:02Z,58.0,Versa 4
2026-05-11T02:21:05Z,58.0,Versa 4
2026-05-11T02:21:08Z,59.0,Versa 4
2026-05-11T02:21:10Z,58.0,Versa 4
2026-05-11T02:21:13Z,58.0,Versa 4
2026-05-11T02:21:16Z,58.0,Versa 4
2026-05-11T02:21:17Z,57.0,Versa 4
2026-05-11T02:21:19Z,56.0,Versa 4
2026-05-11T02:21:22Z,56.0,Versa 4
2026-05-11T02:21:23Z,56.0,Versa 4
2026-05-11T02:21:26Z,56.0,Versa 4
2026-05-11T02:21:29Z,56.0,Versa 4
2026-05-11T02:21:32Z,56.0,Versa 4
2026-05-11T02:21:33Z,57.0,Versa 4
2026-05-11T02:21:36Z,57.0,Versa 4
2026-05-11T02:21:39Z,57.0,Versa 4
2026-05-11T02:21:42Z,58.0,Versa 4
2026-05-11T02:21:45Z,58.0,Versa 4
2026-05-11T02:21:48Z,58.0,Versa 4
2026-05-11T02:21:51Z,58.0,Versa 4
2026-05-11T02:21:54Z,58.0,Versa 4
2026-05-11T02:21:56Z,59.0,Versa 4
2026-05-11T02:21:59Z,59.0,Versa 4
2026-05-11T02:22:01Z,58.0,Versa 4
2026-05-11T02:22:04Z,58.0,Versa 4
2026-05-11T02:22:07Z,58.0,Versa 4
2026-05-11T02:22:10Z,58.0,Versa 4
2026-05-11T02:22:11Z,60.0,Versa 4
2026-05-11T02:22:13Z,61.0,Versa 4
2026-05-11T02:22:15Z,60.0,Versa 4
2026-05-11T02:22:18Z,60.0,Versa 4
2026-05-11T02:22:19Z,60.0,Versa 4
2026-05-11T02:22:22Z,60.0,Versa 4
2026-05-11T02:22:23Z,61.0,Versa 4
2026-05-11T02:22:25Z,62.0,Versa 4
2026-05-11T02:22:26Z,64.0,Versa 4
2026-05-11T02:22:28Z,64.0,Versa 4
2026-05-11T02:22:30Z,66.0,Versa 4
2026-05-11T02:22:32Z,69.0,Versa 4
2026-05-11T02:22:34Z,68.0,Versa 4
2026-05-11T02:22:37Z,68.0,Versa 4
2026-05-11T02:22:38Z,73.0,Versa 4
2026-05-11T02:22:40Z,72.0,Versa 4
2026-05-11T02:22:42Z,76.0,Versa 4
2026-05-11T02:22:45Z,76.0,Versa 4
2026-05-11T02:22:46Z,68.0,Versa 4
2026-05-11T02:22:48Z,69.0,Versa 4
2026-05-11T02:22:49Z,68.0,Versa 4
2026-05-11T02:22:51Z,73.0,Versa 4
2026-05-11T02:22:53Z,76.0,Versa 4
2026-05-11T02:22:55Z,78.0,Versa 4
2026-05-11T02:22:58Z,78.0,Versa 4
2026-05-11T02:22:59Z,74.0,Versa 4
2026-05-11T02:23:01Z,71.0,Versa 4
2026-05-11T02:23:03Z,67.0,Versa 4
2026-05-11T02:23:05Z,63.0,Versa 4
2026-05-11T02:23:07Z,62.0,Versa 4
2026-05-11T02:23:09Z,63.0,Versa 4
2026-05-11T02:23:12Z,63.0,Versa 4
2026-05-11T02:23:14Z,61.0,Versa 4
2026-05-11T02:23:16Z,60.0,Versa 4
2026-05-11T02:23:18Z,59.0,Versa 4
2026-05-11T02:23:20Z,58.0,Versa 4
2026-05-11T02:23:22Z,58.0,Versa 4
2026-05-11T02:23:25Z,58.0,Versa 4
2026-05-11T02:23:28Z,58.0,Versa 4
2026-05-11T02:23:31Z,58.0,Versa 4
2026-05-11T02:23:34Z,58.0,Versa 4
2026-05-11T02:23:37Z,58.0,Versa 4
2026-05-11T02:23:39Z,57.0,Versa 4
2026-05-11T02:23:41Z,56.0,Versa 4
2026-05-11T02:23:44Z,56.0,Versa 4
2026-05-11T02:23:47Z,56.0,Versa 4
2026-05-11T02:23:49Z,57.0,Versa 4
2026-05-11T02:23:51Z,56.0,Versa 4
2026-05-11T02:23:54Z,56.0,Versa 4
2026-05-11T02:23:57Z,57.0,Versa 4
2026-05-11T02:23:59Z,58.0,Versa 4
2026-05-11T02:24:02Z,58.0,Versa 4
2026-05-11T02:24:05Z,58.0,Versa 4
2026-05-11T02:24:06Z,57.0,Versa 4
2026-05-11T02:24:08Z,56.0,Versa 4
2026-05-11T02:24:10Z,57.0,Versa 4
2026-05-11T02:24:12Z,58.0,Versa 4
2026-05-11T02:24:15Z,58.0,Versa 4
2026-05-11T02:24:18Z,59.0,Versa 4
2026-05-11T02:24:20Z,60.0,Versa 4
2026-05-11T02:24:23Z,60.0,Versa 4
2026-05-11T02:24:25Z,61.0,Versa 4
2026-05-11T02:24:28Z,61.0,Versa 4
2026-05-11T02:24:29Z,62.0,Versa 4
2026-05-11T02:24:31Z,61.0,Versa 4
2026-05-11T02:24:34Z,61.0,Versa 4
2026-05-11T02:24:37Z,61.0,Versa 4
2026-05-11T02:24:40Z,61.0,Versa 4
2026-05-11T02:24:41Z,60.0,Versa 4
2026-05-11T02:24:43Z,59.0,Versa 4
2026-05-11T02:24:45Z,58.0,Versa 4
2026-05-11T02:24:48Z,58.0,Versa 4
2026-05-11T02:24:51Z,58.0,Versa 4
2026-05-11T02:24:52Z,59.0,Versa 4
2026-05-11T02:24:55Z,59.0,Versa 4
2026-05-11T02:24:58Z,59.0,Versa 4
2026-05-11T02:25:00Z,58.0,Versa 4
2026-05-11T02:25:03Z,58.0,Versa 4
2026-05-11T02:25:06Z,58.0,Versa 4
2026-05-11T02:25:09Z,58.0,Versa 4
2026-05-11T02:25:12Z,58.0,Versa 4
2026-05-11T02:25:15Z,59.0,Versa 4
2026-05-11T02:25:17Z,60.0,Versa 4
2026-05-11T02:25:20Z,60.0,Versa 4
2026-05-11T02:25:23Z,60.0,Versa 4
2026-05-11T02:25:26Z,60.0,Versa 4
2026-05-11T02:25:29Z,60.0,Versa 4
2026-05-11T02:25:31Z,58.0,Versa 4
2026-05-11T02:25:34Z,58.0,Versa 4
2026-05-11T02:25:37Z,59.0,Versa 4
2026-05-11T02:25:38Z,60.0,Versa 4
2026-05-11T02:25:41Z,60.0,Versa 4
2026-05-11T02:25:42Z,59.0,Versa 4
2026-05-11T02:25:44Z,58.0,Versa 4
2026-05-11T02:25:47Z,58.0,Versa 4
2026-05-11T02:25:50Z,58.0,Versa 4
2026-05-11T02:25:53Z,58.0,Versa 4
2026-05-11T02:25:54Z,59.0,Versa 4
2026-05-11T02:25:56Z,59.0,Versa 4
2026-05-11T02:25:58Z,58.0,Versa 4
2026-05-11T02:26:01Z,57.0,Versa 4
2026-05-11T02:26:03Z,56.0,Versa 4
2026-05-11T02:26:06Z,56.0,Versa 4
2026-05-11T02:26:09Z,56.0,Versa 4
2026-05-11T02:26:12Z,56.0,Versa 4
2026-05-11T02:26:15Z,56.0,Versa 4
2026-05-11T02:26:17Z,57.0,Versa 4
2026-05-11T02:26:19Z,58.0,Versa 4
2026-05-11T02:26:22Z,58.0,Versa 4
2026-05-11T02:26:25Z,58.0,Versa 4
2026-05-11T02:26:26Z,57.0,Versa 4
2026-05-11T02:26:29Z,57.0,Versa 4
2026-05-11T02:26:30Z,58.0,Versa 4
2026-05-11T02:26:32Z,59.0,Versa 4
2026-05-11T02:26:35Z,59.0,Versa 4
2026-05-11T02:26:36Z,58.0,Versa 4
2026-05-11T02:26:38Z,57.0,Versa 4
2026-05-11T02:26:40Z,56.0,Versa 4
2026-05-11T02:26:43Z,56.0,Versa 4
2026-05-11T02:26:46Z,56.0,Versa 4
2026-05-11T02:26:48Z,55.0,Versa 4
2026-05-11T02:26:51Z,55.0,Versa 4
2026-05-11T02:26:54Z,55.0,Versa 4
2026-05-11T02:26:55Z,56.0,Versa 4
2026-05-11T02:26:58Z,56.0,Versa 4
2026-05-11T02:27:01Z,56.0,Versa 4
2026-05-11T02:27:04Z,56.0,Versa 4
2026-05-11T02:27:07Z,55.0,Versa 4
2026-05-11T02:27:10Z,55.0,Versa 4
2026-05-11T02:27:13Z,56.0,Versa 4
2026-05-11T02:27:16Z,56.0,Versa 4
2026-05-11T02:27:19Z,56.0,Versa 4
2026-05-11T02:27:22Z,56.0,Versa 4
2026-05-11T02:27:25Z,56.0,Versa 4
2026-05-11T02:27:28Z,56.0,Versa 4
2026-05-11T02:27:31Z,56.0,Versa 4
2026-05-11T02:27:34Z,56.0,Versa 4
2026-05-11T02:27:37Z,56.0,Versa 4
2026-05-11T02:27:40Z,56.0,Versa 4
2026-05-11T02:27:43Z,56.0,Versa 4
2026-05-11T02:27:46Z,57.0,Versa 4
2026-05-11T02:27:47Z,58.0,Versa 4
2026-05-11T02:27:50Z,58.0,Versa 4
2026-05-11T02:27:51Z,60.0,Versa 4
2026-05-11T02:27:53Z,60.0,Versa 4
2026-05-11T02:27:56Z,60.0,Versa 4
2026-05-11T02:27:59Z,61.0,Versa 4
2026-05-11T02:28:01Z,62.0,Versa 4
2026-05-11T02:28:04Z,62.0,Versa 4
2026-05-11T02:28:07Z,62.0,Versa 4
2026-05-11T02:28:10Z,62.0,Versa 4
2026-05-11T02:28:13Z,62.0,Versa 4
2026-05-11T02:28:16Z,62.0,Versa 4
2026-05-11T02:28:19Z,62.0,Versa 4
2026-05-11T02:28:22Z,62.0,Versa 4
2026-05-11T02:28:25Z,62.0,Versa 4
2026-05-11T02:28:28Z,62.0,Versa 4
2026-05-11T02:28:30Z,64.0,Versa 4
2026-05-11T02:28:32Z,67.0,Versa 4
2026-05-11T02:28:34Z,68.0,Versa 4
2026-05-11T02:28:37Z,66.0,Versa 4
2026-05-11T02:28:39Z,65.0,Versa 4
2026-05-11T02:28:42Z,65.0,Versa 4
2026-05-11T02:28:43Z,63.0,Versa 4
2026-05-11T02:28:45Z,62.0,Versa 4
2026-05-11T02:28:48Z,62.0,Versa 4
2026-05-11T02:28:49Z,60.0,Versa 4
2026-05-11T02:28:52Z,60.0,Versa 4
2026-05-11T02:28:55Z,60.0,Versa 4
2026-05-11T02:28:58Z,61.0,Versa 4
2026-05-11T02:29:00Z,62.0,Versa 4
2026-05-11T02:29:02Z,62.0,Versa 4
2026-05-11T02:29:05Z,62.0,Versa 4
2026-05-11T02:29:06Z,63.0,Versa 4
2026-05-11T02:29:09Z,63.0,Versa 4
2026-05-11T02:29:10Z,64.0,Versa 4
2026-05-11T02:29:13Z,64.0,Versa 4
2026-05-11T02:29:16Z,66.0,Versa 4
2026-05-11T02:29:19Z,66.0,Versa 4
2026-05-11T02:29:20Z,67.0,Versa 4
2026-05-11T02:29:23Z,66.0,Versa 4
2026-05-11T02:29:26Z,66.0,Versa 4
2026-05-11T02:29:29Z,66.0,Versa 4
2026-05-11T02:29:32Z,66.0,Versa 4
2026-05-11T02:29:33Z,65.0,Versa 4
2026-05-11T02:29:35Z,64.0,Versa 4
2026-05-11T02:29:38Z,64.0,Versa 4
2026-05-11T02:29:39Z,65.0,Versa 4
2026-05-11T02:29:41Z,66.0,Versa 4
2026-05-11T02:29:43Z,67.0,Versa 4
2026-05-11T02:29:46Z,67.0,Versa 4
2026-05-11T02:29:48Z,66.0,Versa 4
2026-05-11T02:29:51Z,66.0,Versa 4
2026-05-11T02:29:54Z,66.0,Versa 4
2026-05-11T02:29:57Z,66.0,Versa 4
2026-05-11T02:30:00Z,66.0,Versa 4
2026-05-11T02:30:03Z,66.0,Versa 4
2026-05-11T02:30:06Z,66.0,Versa 4
2026-05-11T02:30:08Z,66.0,Versa 4
2026-05-11T02:30:11Z,66.0,Versa 4
2026-05-11T02:30:13Z,65.0,Versa 4
2026-05-11T02:30:15Z,66.0,Versa 4
2026-05-11T02:30:17Z,67.0,Versa 4
2026-05-11T02:30:19Z,68.0,Versa 4
2026-05-11T02:30:21Z,69.0,Versa 4
2026-05-11T02:30:23Z,68.0,Versa 4
2026-05-11T02:30:26Z,68.0,Versa 4
2026-05-11T02:30:27Z,67.0,Versa 4
2026-05-11T02:30:29Z,68.0,Versa 4
2026-05-11T02:30:32Z,68.0,Versa 4
2026-05-11T02:30:35Z,68.0,Versa 4
2026-05-11T02:30:36Z,69.0,Versa 4
2026-05-11T02:30:39Z,69.0,Versa 4
2026-05-11T02:30:40Z,70.0,Versa 4
2026-05-11T02:30:43Z,70.0,Versa 4
2026-05-11T02:30:46Z,70.0,Versa 4
2026-05-11T02:30:48Z,72.0,Versa 4
2026-05-11T02:30:50Z,73.0,Versa 4
2026-05-11T02:30:52Z,72.0,Versa 4
2026-05-11T02:30:55Z,72.0,Versa 4
2026-05-11T02:30:56Z,70.0,Versa 4
2026-05-11T02:30:59Z,71.0,Versa 4
2026-05-11T02:31:01Z,72.0,Versa 4
2026-05-11T02:31:03Z,73.0,Versa 4
2026-05-11T02:31:05Z,75.0,Versa 4
2026-05-11T02:31:07Z,81.0,Versa 4
2026-05-11T02:31:09Z,85.0,Versa 4
2026-05-11T02:31:11Z,88.0,Versa 4
2026-05-11T02:31:13Z,90.0,Versa 4
2026-05-11T02:31:15Z,89.0,Versa 4
2026-05-11T02:31:17Z,86.0,Versa 4
2026-05-11T02:31:19Z,81.0,Versa 4
2026-05-11T02:31:21Z,75.0,Versa 4
2026-05-11T02:31:22Z,70.0,Versa 4
2026-05-11T02:31:24Z,68.0,Versa 4
2026-05-11T02:31:26Z,65.0,Versa 4
2026-05-11T02:31:28Z,63.0,Versa 4
2026-05-11T02:31:30Z,62.0,Versa 4
2026-05-11T02:31:32Z,61.0,Versa 4
2026-05-11T02:31:35Z,61.0,Versa 4
2026-05-11T02:31:36Z,60.0,Versa 4
2026-05-11T02:31:38Z,59.0,Versa 4
2026-05-11T02:31:41Z,59.0,Versa 4
2026-05-11T02:31:42Z,58.0,Versa 4
2026-05-11T02:31:44Z,59.0,Versa 4
2026-05-11T02:31:46Z,60.0,Versa 4
2026-05-11T02:31:49Z,60.0,Versa 4
2026-05-11T02:31:51Z,60.0,Versa 4
2026-05-11T02:31:53Z,61.0,Versa 4
2026-05-11T02:31:55Z,62.0,Versa 4
2026-05-11T02:31:57Z,62.0,Versa 4
2026-05-11T02:31:59Z,62.0,Versa 4
2026-05-11T02:32:01Z,63.0,Versa 4
2026-05-11T02:32:04Z,63.0,Versa 4
2026-05-11T02:32:07Z,62.0,Versa 4
2026-05-11T02:32:10Z,62.0,Versa 4
2026-05-11T02:32:13Z,62.0,Versa 4
2026-05-11T02:32:16Z,63.0,Versa 4
2026-05-11T02:32:19Z,63.0,Versa 4
2026-05-11T02:32:20Z,64.0,Versa 4
2026-05-11T02:32:23Z,64.0,Versa 4
2026-05-11T02:32:24Z,64.0,Versa 4
2026-05-11T02:32:26Z,65.0,Versa 4
2026-05-11T02:32:28Z,65.0,Versa 4
2026-05-11T02:32:31Z,65.0,Versa 4
2026-05-11T02:32:32Z,64.0,Versa 4
2026-05-11T02:32:35Z,64.0,Versa 4
2026-05-11T02:32:38Z,64.0,Versa 4
2026-05-11T02:32:41Z,64.0,Versa 4
2026-05-11T02:32:43Z,65.0,Versa 4
2026-05-11T02:32:46Z,65.0,Versa 4
2026-05-11T02:32:47Z,66.0,Versa 4
2026-05-11T02:32:49Z,67.0,Versa 4
2026-05-11T02:32:51Z,68.0,Versa 4
2026-05-11T02:32:53Z,69.0,Versa 4
2026-05-11T02:32:55Z,70.0,Versa 4
2026-05-11T02:32:57Z,68.0,Versa 4
2026-05-11T02:32:58Z,65.0,Versa 4
2026-05-11T02:33:00Z,64.0,Versa 4
2026-05-11T02:33:02Z,63.0,Versa 4
2026-05-11T02:33:04Z,64.0,Versa 4
2026-05-11T02:33:07Z,64.0,Versa 4
2026-05-11T02:33:08Z,65.0,Versa 4
2026-05-11T02:33:11Z,65.0,Versa 4
2026-05-11T02:33:12Z,64.0,Versa 4
2026-05-11T02:33:14Z,63.0,Versa 4
2026-05-11T02:33:16Z,62.0,Versa 4
2026-05-11T02:33:19Z,62.0,Versa 4
2026-05-11T02:33:22Z,62.0,Versa 4
2026-05-11T02:33:25Z,62.0,Versa 4
2026-05-11T02:33:28Z,62.0,Versa 4
2026-05-11T02:33:29Z,64.0,Versa 4
2026-05-11T02:33:32Z,64.0,Versa 4
2026-05-11T02:33:33Z,65.0,Versa 4
2026-05-11T02:33:35Z,66.0,Versa 4
2026-05-11T02:33:37Z,65.0,Versa 4
2026-05-11T02:33:40Z,65.0,Versa 4
2026-05-11T02:33:41Z,66.0,Versa 4
2026-05-11T02:33:43Z,68.0,Versa 4
2026-05-11T02:33:45Z,68.0,Versa 4
2026-05-11T02:33:46Z,67.0,Versa 4
2026-05-11T02:33:49Z,67.0,Versa 4
2026-05-11T02:33:50Z,66.0,Versa 4
2026-05-11T02:33:53Z,66.0,Versa 4
2026-05-11T02:33:56Z,68.0,Versa 4
2026-05-11T02:33:58Z,70.0,Versa 4
2026-05-11T02:34:00Z,72.0,Versa 4
2026-05-11T02:34:03Z,72.0,Versa 4
2026-05-11T02:34:04Z,70.0,Versa 4
2026-05-11T02:34:06Z,68.0,Versa 4
2026-05-11T02:34:08Z,66.0,Versa 4
2026-05-11T02:34:10Z,64.0,Versa 4
2026-05-11T02:34:11Z,63.0,Versa 4
2026-05-11T02:34:13Z,62.0,Versa 4
2026-05-11T02:34:16Z,62.0,Versa 4
2026-05-11T02:34:19Z,61.0,Versa 4
2026-05-11T02:34:22Z,61.0,Versa 4
2026-05-11T02:34:23Z,61.0,Versa 4
2026-05-11T02:34:25Z,60.0,Versa 4
2026-05-11T02:34:28Z,60.0,Versa 4
2026-05-11T02:34:29Z,61.0,Versa 4
2026-05-11T02:34:31Z,62.0,Versa 4
2026-05-11T02:34:34Z,62.0,Versa 4
2026-05-11T02:34:36Z,63.0,Versa 4
2026-05-11T02:34:38Z,64.0,Versa 4
2026-05-11T02:34:40Z,66.0,Versa 4
2026-05-11T02:34:42Z,68.0,Versa 4
2026-05-11T02:34:44Z,70.0,Versa 4
2026-05-11T02:34:46Z,71.0,Versa 4
2026-05-11T02:34:48Z,67.0,Versa 4
2026-05-11T02:34:50Z,63.0,Versa 4
2026-05-11T02:34:52Z,61.0,Versa 4
2026-05-11T02:34:54Z,60.0,Versa 4
2026-05-11T02:34:56Z,58.0,Versa 4
2026-05-11T02:34:59Z,58.0,Versa 4
2026-05-11T02:35:01Z,59.0,Versa 4
2026-05-11T02:35:04Z,59.0,Versa 4
2026-05-11T02:35:05Z,60.0,Versa 4
2026-05-11T02:35:08Z,60.0,Versa 4
2026-05-11T02:35:09Z,61.0,Versa 4
2026-05-11T02:35:12Z,61.0,Versa 4
2026-05-11T02:35:13Z,62.0,Versa 4
2026-05-11T02:35:16Z,62.0,Versa 4
2026-05-11T02:35:19Z,62.0,Versa 4
2026-05-11T02:35:22Z,63.0,Versa 4
2026-05-11T02:35:25Z,63.0,Versa 4
2026-05-11T02:35:26Z,62.0,Versa 4
2026-05-11T02:35:29Z,62.0,Versa 4
2026-05-11T02:35:32Z,63.0,Versa 4
2026-05-11T02:35:34Z,65.0,Versa 4
2026-05-11T02:35:36Z,66.0,Versa 4
2026-05-11T02:35:38Z,66.0,Versa 4
2026-05-11T02:35:40Z,65.0,Versa 4
2026-05-11T02:35:42Z,64.0,Versa 4
2026-05-11T02:35:44Z,63.0,Versa 4
2026-05-11T02:35:46Z,62.0,Versa 4
2026-05-11T02:35:49Z,62.0,Versa 4
2026-05-11T02:35:52Z,62.0,Versa 4
2026-05-11T02:35:55Z,62.0,Versa 4
2026-05-11T02:35:58Z,62.0,Versa 4
2026-05-11T02:35:59Z,63.0,Versa 4
2026-05-11T02:36:02Z,63.0,Versa 4
2026-05-11T02:36:03Z,62.0,Versa 4
2026-05-11T02:36:06Z,62.0,Versa 4
2026-05-11T02:36:09Z,62.0,Versa 4
2026-05-11T02:36:12Z,62.0,Versa 4
2026-05-11T02:36:15Z,62.0,Versa 4
2026-05-11T02:36:18Z,62.0,Versa 4
2026-05-11T02:36:21Z,62.0,Versa 4
2026-05-11T02:36:24Z,62.0,Versa 4
2026-05-11T02:36:27Z,62.0,Versa 4
2026-05-11T02:36:30Z,62.0,Versa 4
2026-05-11T02:36:33Z,62.0,Versa 4
2026-05-11T02:36:36Z,62.0,Versa 4
2026-05-11T02:36:39Z,62.0,Versa 4
2026-05-11T02:36:41Z,63.0,Versa 4
2026-05-11T02:36:43Z,64.0,Versa 4
2026-05-11T02:36:46Z,64.0,Versa 4
2026-05-11T02:36:49Z,64.0,Versa 4
2026-05-11T02:36:51Z,65.0,Versa 4
2026-05-11T02:36:53Z,66.0,Versa 4
2026-05-11T02:36:55Z,67.0,Versa 4
2026-05-11T02:36:58Z,68.0,Versa 4
2026-05-11T02:37:00Z,67.0,Versa 4
2026-05-11T02:37:02Z,66.0,Versa 4
2026-05-11T02:37:05Z,66.0,Versa 4
2026-05-11T02:37:06Z,65.0,Versa 4
2026-05-11T02:37:08Z,64.0,Versa 4
2026-05-11T02:37:11Z,64.0,Versa 4
2026-05-11T02:37:14Z,64.0,Versa 4
2026-05-11T02:37:17Z,64.0,Versa 4
2026-05-11T02:37:18Z,66.0,Versa 4
2026-05-11T02:37:20Z,67.0,Versa 4
2026-05-11T02:37:22Z,68.0,Versa 4
2026-05-11T02:37:23Z,66.0,Versa 4
2026-05-11T02:37:25Z,64.0,Versa 4
2026-05-11T02:37:28Z,64.0,Versa 4
2026-05-11T02:37:29Z,62.0,Versa 4
2026-05-11T02:37:32Z,62.0,Versa 4
2026-05-11T02:37:33Z,63.0,Versa 4
2026-05-11T02:37:35Z,64.0,Versa 4
2026-05-11T02:37:38Z,64.0,Versa 4
2026-05-11T02:37:41Z,64.0,Versa 4
2026-05-11T02:37:43Z,63.0,Versa 4
2026-05-11T02:37:45Z,64.0,Versa 4
2026-05-11T02:37:48Z,63.0,Versa 4
2026-05-11T02:37:50Z,64.0,Versa 4
2026-05-11T02:37:52Z,63.0,Versa 4
2026-05-11T02:37:55Z,63.0,Versa 4
2026-05-11T02:37:56Z,64.0,Versa 4
2026-05-11T02:37:58Z,64.0,Versa 4
2026-05-11T02:38:00Z,65.0,Versa 4
2026-05-11T02:38:02Z,66.0,Versa 4
2026-05-11T02:38:05Z,66.0,Versa 4
2026-05-11T02:38:06Z,67.0,Versa 4
2026-05-11T02:38:08Z,66.0,Versa 4
2026-05-11T02:38:11Z,66.0,Versa 4
2026-05-11T02:38:14Z,66.0,Versa 4
2026-05-11T02:38:17Z,66.0,Versa 4
2026-05-11T02:38:19Z,64.0,Versa 4
2026-05-11T02:38:22Z,64.0,Versa 4
2026-05-11T02:38:23Z,62.0,Versa 4
2026-05-11T02:38:25Z,61.0,Versa 4
2026-05-11T02:38:27Z,60.0,Versa 4
2026-05-11T02:38:30Z,60.0,Versa 4
2026-05-11T02:38:31Z,60.0,Versa 4
2026-05-11T02:38:33Z,59.0,Versa 4
2026-05-11T02:38:34Z,58.0,Versa 4
2026-05-11T02:38:36Z,58.0,Versa 4
2026-05-11T02:38:38Z,60.0,Versa 4
2026-05-11T02:38:40Z,60.0,Versa 4
2026-05-11T02:38:42Z,61.0,Versa 4
2026-05-11T02:38:45Z,61.0,Versa 4
2026-05-11T02:38:48Z,62.0,Versa 4
2026-05-11T02:38:50Z,62.0,Versa 4
2026-05-11T02:38:53Z,62.0,Versa 4
2026-05-11T02:38:54Z,63.0,Versa 4
2026-05-11T02:38:57Z,63.0,Versa 4
2026-05-11T02:38:59Z,64.0,Versa 4
2026-05-11T02:39:02Z,64.0,Versa 4
2026-05-11T02:39:03Z,65.0,Versa 4
2026-05-11T02:39:05Z,65.0,Versa 4
2026-05-11T02:39:08Z,65.0,Versa 4
2026-05-11T02:39:09Z,64.0,Versa 4
2026-05-11T02:39:12Z,64.0,Versa 4
2026-05-11T02:39:15Z,64.0,Versa 4
2026-05-11T02:39:18Z,64.0,Versa 4
2026-05-11T02:39:21Z,64.0,Versa 4
2026-05-11T02:39:22Z,63.0,Versa 4
2026-05-11T02:39:24Z,62.0,Versa 4
2026-05-11T02:39:27Z,62.0,Versa 4
2026-05-11T02:39:30Z,62.0,Versa 4
2026-05-11T02:39:33Z,62.0,Versa 4
2026-05-11T02:39:34Z,61.0,Versa 4
2026-05-11T02:39:36Z,61.0,Versa 4
2026-05-11T02:39:39Z,61.0,Versa 4
2026-05-11T02:39:40Z,62.0,Versa 4
2026-05-11T02:39:43Z,62.0,Versa 4
2026-05-11T02:39:46Z,64.0,Versa 4
2026-05-11T02:39:49Z,65.0,Versa 4
2026-05-11T02:39:51Z,64.0,Versa 4
2026-05-11T02:39:54Z,64.0,Versa 4
2026-05-11T02:39:55Z,63.0,Versa 4
2026-05-11T02:39:57Z,62.0,Versa 4
2026-05-11T02:40:00Z,62.0,Versa 4
2026-05-11T02:40:03Z,60.0,Versa 4
2026-05-11T02:40:06Z,60.0,Versa 4
2026-05-11T02:40:07Z,59.0,Versa 4
2026-05-11T02:40:09Z,58.0,Versa 4
2026-05-11T02:40:12Z,58.0,Versa 4
2026-05-11T02:40:15Z,58.0,Versa 4
2026-05-11T02:40:16Z,56.0,Versa 4
2026-05-11T02:40:19Z,56.0,Versa 4
2026-05-11T02:40:20Z,58.0,Versa 4
2026-05-11T02:40:23Z,58.0,Versa 4
2026-05-11T02:40:26Z,58.0,Versa 4
2026-05-11T02:40:29Z,58.0,Versa 4
2026-05-11T02:40:32Z,58.0,Versa 4
2026-05-11T02:40:35Z,60.0,Versa 4
2026-05-11T02:40:38Z,60.0,Versa 4
2026-05-11T02:40:41Z,60.0,Versa 4
2026-05-11T02:40:44Z,60.0,Versa 4
2026-05-11T02:40:47Z,60.0,Versa 4
2026-05-11T02:40:49Z,61.0,Versa 4
2026-05-11T02:40:52Z,61.0,Versa 4
2026-05-11T02:40:53Z,62.0,Versa 4
2026-05-11T02:40:55Z,61.0,Versa 4
2026-05-11T02:40:58Z,61.0,Versa 4
2026-05-11T02:41:01Z,61.0,Versa 4
2026-05-11T02:41:04Z,62.0,Versa 4
2026-05-11T02:41:07Z,62.0,Versa 4
2026-05-11T02:41:10Z,62.0,Versa 4
2026-05-11T02:41:13Z,62.0,Versa 4
2026-05-11T02:41:14Z,61.0,Versa 4
2026-05-11T02:41:16Z,60.0,Versa 4
2026-05-11T02:41:18Z,60.0,Versa 4
2026-05-11T02:41:20Z,61.0,Versa 4
2026-05-11T02:41:22Z,62.0,Versa 4
2026-05-11T02:41:23Z,61.0,Versa 4
2026-05-11T02:41:25Z,60.0,Versa 4
2026-05-11T02:41:27Z,59.0,Versa 4
2026-05-11T02:41:29Z,60.0,Versa 4
2026-05-11T02:41:32Z,60.0,Versa 4
2026-05-11T02:41:35Z,61.0,Versa 4
2026-05-11T02:41:37Z,60.0,Versa 4
2026-05-11T02:41:40Z,60.0,Versa 4
2026-05-11T02:41:43Z,60.0,Versa 4
2026-05-11T02:41:46Z,60.0,Versa 4
2026-05-11T02:41:49Z,60.0,Versa 4
2026-05-11T02:41:52Z,60.0,Versa 4
2026-05-11T02:41:55Z,60.0,Versa 4
2026-05-11T02:41:58Z,60.0,Versa 4
2026-05-11T02:42:01Z,60.0,Versa 4
2026-05-11T02:42:04Z,60.0,Versa 4
2026-05-11T02:42:07Z,60.0,Versa 4
2026-05-11T02:42:10Z,60.0,Versa 4
2026-05-11T02:42:13Z,60.0,Versa 4
2026-05-11T02:42:16Z,60.0,Versa 4
2026-05-11T02:42:19Z,61.0,Versa 4
2026-05-11T02:42:22Z,61.0,Versa 4
2026-05-11T02:42:25Z,61.0,Versa 4
2026-05-11T02:42:27Z,62.0,Versa 4
2026-05-11T02:42:29Z,62.0,Versa 4
2026-05-11T02:42:32Z,62.0,Versa 4
2026-05-11T02:42:33Z,60.0,Versa 4
2026-05-11T02:42:36Z,59.0,Versa 4
2026-05-11T02:42:39Z,59.0,Versa 4
2026-05-11T02:42:40Z,60.0,Versa 4
2026-05-11T02:42:43Z,60.0,Versa 4
2026-05-11T02:42:46Z,61.0,Versa 4
2026-05-11T02:42:48Z,62.0,Versa 4
2026-05-11T02:42:50Z,63.0,Versa 4
2026-05-11T02:42:53Z,63.0,Versa 4
2026-05-11T02:42:56Z,62.0,Versa 4
2026-05-11T02:42:59Z,62.0,Versa 4
2026-05-11T02:43:02Z,62.0,Versa 4
2026-05-11T02:43:05Z,62.0,Versa 4
2026-05-11T02:43:08Z,62.0,Versa 4
2026-05-11T02:43:11Z,64.0,Versa 4
2026-05-11T02:43:14Z,64.0,Versa 4
2026-05-11T02:43:15Z,65.0,Versa 4
2026-05-11T02:43:17Z,67.0,Versa 4
2026-05-11T02:43:19Z,68.0,Versa 4
2026-05-11T02:43:21Z,74.0,Versa 4
2026-05-11T02:43:22Z,82.0,Versa 4
2026-05-11T02:43:24Z,84.0,Versa 4
2026-05-11T02:43:26Z,86.0,Versa 4
2026-05-11T02:43:28Z,87.0,Versa 4
2026-05-11T02:43:30Z,86.0,Versa 4
2026-05-11T02:43:32Z,84.0,Versa 4
2026-05-11T02:43:34Z,79.0,Versa 4
2026-05-11T02:43:36Z,72.0,Versa 4
2026-05-11T02:43:38Z,68.0,Versa 4
2026-05-11T02:43:40Z,66.0,Versa 4
2026-05-11T02:43:42Z,63.0,Versa 4
2026-05-11T02:43:44Z,62.0,Versa 4
2026-05-11T02:43:46Z,61.0,Versa 4
2026-05-11T02:43:47Z,60.0,Versa 4
2026-05-11T02:43:49Z,59.0,Versa 4
2026-05-11T02:43:51Z,58.0,Versa 4
2026-05-11T02:43:54Z,58.0,Versa 4
2026-05-11T02:43:57Z,58.0,Versa 4
2026-05-11T02:43:59Z,59.0,Versa 4
2026-05-11T02:44:02Z,59.0,Versa 4
2026-05-11T02:44:03Z,60.0,Versa 4
2026-05-11T02:44:05Z,61.0,Versa 4
2026-05-11T02:44:07Z,60.0,Versa 4
2026-05-11T02:44:10Z,58.0,Versa 4
2026-05-11T02:44:13Z,58.0,Versa 4
2026-05-11T02:44:16Z,58.0,Versa 4
2026-05-11T02:44:19Z,58.0,Versa 4
2026-05-11T02:44:22Z,58.0,Versa 4
2026-05-11T02:44:25Z,58.0,Versa 4
2026-05-11T02:44:28Z,58.0,Versa 4
2026-05-11T02:44:31Z,58.0,Versa 4
2026-05-11T02:44:32Z,59.0,Versa 4
2026-05-11T02:44:34Z,60.0,Versa 4
2026-05-11T02:44:37Z,60.0,Versa 4
2026-05-11T02:44:40Z,60.0,Versa 4
2026-05-11T02:44:43Z,60.0,Versa 4
2026-05-11T02:44:46Z,60.0,Versa 4
2026-05-11T02:44:49Z,60.0,Versa 4
2026-05-11T02:44:52Z,60.0,Versa 4
2026-05-11T02:44:53Z,61.0,Versa 4
2026-05-11T02:44:55Z,62.0,Versa 4
2026-05-11T02:44:58Z,62.0,Versa 4
2026-05-11T02:45:01Z,62.0,Versa 4
2026-05-11T02:45:04Z,61.0,Versa 4
2026-05-11T02:45:06Z,60.0,Versa 4
2026-05-11T02:45:08Z,61.0,Versa 4
2026-05-11T02:45:10Z,62.0,Versa 4
2026-05-11T02:45:13Z,62.0,Versa 4
2026-05-11T02:45:14Z,63.0,Versa 4
2026-05-11T02:45:16Z,64.0,Versa 4
2026-05-11T02:45:18Z,66.0,Versa 4
2026-05-11T02:45:21Z,66.0,Versa 4
2026-05-11T02:45:22Z,64.0,Versa 4
2026-05-11T02:45:25Z,63.0,Versa 4
2026-05-11T02:45:27Z,62.0,Versa 4
2026-05-11T02:45:30Z,62.0,Versa 4
2026-05-11T02:45:31Z,61.0,Versa 4
2026-05-11T02:45:33Z,60.0,Versa 4
2026-05-11T02:45:35Z,60.0,Versa 4
2026-05-11T02:45:38Z,60.0,Versa 4
2026-05-11T02:45:41Z,60.0,Versa 4
2026-05-11T02:45:43Z,61.0,Versa 4
2026-05-11T02:45:45Z,62.0,Versa 4
2026-05-11T02:45:48Z,63.0,Versa 4
2026-05-11T02:45:50Z,64.0,Versa 4
2026-05-11T02:45:52Z,67.0,Versa 4
2026-05-11T02:45:54Z,68.0,Versa 4
2026-05-11T02:45:56Z,67.0,Versa 4
2026-05-11T02:45:58Z,66.0,Versa 4
2026-05-11T02:46:00Z,64.0,Versa 4
2026-05-11T02:46:02Z,63.0,Versa 4
2026-05-11T02:46:05Z,63.0,Versa 4
2026-05-11T02:46:06Z,64.0,Versa 4
2026-05-11T02:46:08Z,65.0,Versa 4
2026-05-11T02:46:10Z,64.0,Versa 4
2026-05-11T02:46:11Z,62.0,Versa 4
2026-05-11T02:46:14Z,62.0,Versa 4
2026-05-11T02:46:15Z,61.0,Versa 4
2026-05-11T02:46:18Z,61.0,Versa 4
2026-05-11T02:46:19Z,63.0,Versa 4
2026-05-11T02:46:22Z,63.0,Versa 4
2026-05-11T02:46:23Z,63.0,Versa 4
2026-05-11T02:46:25Z,65.0,Versa 4
2026-05-11T02:46:27Z,67.0,Versa 4
2026-05-11T02:46:29Z,66.0,Versa 4
2026-05-11T02:46:31Z,65.0,Versa 4
2026-05-11T02:46:33Z,63.0,Versa 4
2026-05-11T02:46:34Z,61.0,Versa 4
2026-05-11T02:46:37Z,61.0,Versa 4
2026-05-11T02:46:38Z,62.0,Versa 4
2026-05-11T02:46:40Z,61.0,Versa 4
2026-05-11T02:46:43Z,61.0,Versa 4
2026-05-11T02:46:44Z,60.0,Versa 4
2026-05-11T02:46:46Z,59.0,Versa 4
2026-05-11T02:46:49Z,59.0,Versa 4
2026-05-11T02:46:52Z,58.0,Versa 4
2026-05-11T02:46:55Z,58.0,Versa 4
2026-05-11T02:46:58Z,58.0,Versa 4
2026-05-11T02:47:01Z,58.0,Versa 4
2026-05-11T02:47:03Z,60.0,Versa 4
2026-05-11T02:47:05Z,61.0,Versa 4
2026-05-11T02:47:08Z,61.0,Versa 4
2026-05-11T02:47:09Z,60.0,Versa 4
2026-05-11T02:47:12Z,60.0,Versa 4
2026-05-11T02:47:13Z,59.0,Versa 4
2026-05-11T02:47:15Z,58.0,Versa 4
2026-05-11T02:47:17Z,57.0,Versa 4
2026-05-11T02:47:20Z,57.0,Versa 4
2026-05-11T02:47:21Z,56.0,Versa 4
2026-05-11T02:47:24Z,56.0,Versa 4
2026-05-11T02:47:27Z,56.0,Versa 4
2026-05-11T02:47:30Z,57.0,Versa 4
2026-05-11T02:47:32Z,57.0,Versa 4
2026-05-11T02:47:34Z,58.0,Versa 4
2026-05-11T02:47:37Z,58.0,Versa 4
2026-05-11T02:47:40Z,58.0,Versa 4
2026-05-11T02:47:42Z,59.0,Versa 4
2026-05-11T02:47:44Z,60.0,Versa 4
2026-05-11T02:47:47Z,62.0,Versa 4
2026-05-11T02:47:49Z,63.0,Versa 4
2026-05-11T02:47:51Z,65.0,Versa 4
2026-05-11T02:47:53Z,68.0,Versa 4
2026-05-11T02:47:55Z,70.0,Versa 4
2026-05-11T02:47:57Z,69.0,Versa 4
2026-05-11T02:47:59Z,70.0,Versa 4
2026-05-11T02:48:01Z,71.0,Versa 4
2026-05-11T02:48:03Z,73.0,Versa 4
2026-05-11T02:48:05Z,74.0,Versa 4
2026-05-11T02:48:07Z,76.0,Versa 4
2026-05-11T02:48:09Z,77.0,Versa 4
2026-05-11T02:48:10Z,75.0,Versa 4
2026-05-11T02:48:13Z,75.0,Versa 4
2026-05-11T02:48:16Z,88.0,Versa 4
2026-05-11T02:48:18Z,89.0,Versa 4
2026-05-11T02:48:20Z,86.0,Versa 4
2026-05-11T02:48:22Z,83.0,Versa 4
2026-05-11T02:48:24Z,73.0,Versa 4
2026-05-11T02:48:26Z,70.0,Versa 4
2026-05-11T02:48:28Z,68.0,Versa 4
2026-05-11T02:48:30Z,67.0,Versa 4
2026-05-11T02:48:32Z,64.0,Versa 4
2026-05-11T02:48:35Z,63.0,Versa 4
2026-05-11T02:48:37Z,61.0,Versa 4
2026-05-11T02:48:40Z,61.0,Versa 4
2026-05-11T02:48:41Z,60.0,Versa 4
2026-05-11T02:48:44Z,60.0,Versa 4
2026-05-11T02:48:45Z,59.0,Versa 4
2026-05-11T02:48:47Z,58.0,Versa 4
2026-05-11T02:48:50Z,58.0,Versa 4
2026-05-11T02:48:53Z,58.0,Versa 4
2026-05-11T02:48:56Z,58.0,Versa 4
2026-05-11T02:48:58Z,57.0,Versa 4
2026-05-11T02:49:00Z,56.0,Versa 4
2026-05-11T02:49:03Z,56.0,Versa 4
2026-05-11T02:49:06Z,56.0,Versa 4
2026-05-11T02:49:09Z,56.0,Versa 4
2026-05-11T02:49:10Z,57.0,Versa 4
2026-05-11T02:49:12Z,58.0,Versa 4
2026-05-11T02:49:15Z,58.0,Versa 4
2026-05-11T02:49:18Z,58.0,Versa 4
2026-05-11T02:49:20Z,59.0,Versa 4
2026-05-11T02:49:22Z,60.0,Versa 4
2026-05-11T02:49:25Z,60.0,Versa 4
2026-05-11T02:49:28Z,60.0,Versa 4
2026-05-11T02:49:29Z,59.0,Versa 4
2026-05-11T02:49:31Z,58.0,Versa 4
2026-05-11T02:49:34Z,58.0,Versa 4
2026-05-11T02:49:35Z,59.0,Versa 4
2026-05-11T02:49:38Z,59.0,Versa 4
2026-05-11T02:49:39Z,60.0,Versa 4
2026-05-11T02:49:42Z,60.0,Versa 4
2026-05-11T02:49:43Z,59.0,Versa 4
2026-05-11T02:49:46Z,59.0,Versa 4
2026-05-11T02:49:48Z,60.0,Versa 4
2026-05-11T02:49:51Z,60.0,Versa 4
2026-05-11T02:49:54Z,61.0,Versa 4
2026-05-11T02:49:56Z,62.0,Versa 4
2026-05-11T02:49:59Z,62.0,Versa 4
2026-05-11T02:50:00Z,61.0,Versa 4
2026-05-11T02:50:02Z,62.0,Versa 4
2026-05-11T02:50:04Z,63.0,Versa 4
2026-05-11T02:50:07Z,63.0,Versa 4
2026-05-11T02:50:10Z,62.0,Versa 4
2026-05-11T02:50:13Z,62.0,Versa 4
2026-05-11T02:50:15Z,63.0,Versa 4
2026-05-11T02:50:18Z,63.0,Versa 4
2026-05-11T02:50:21Z,62.0,Versa 4
2026-05-11T02:50:23Z,61.0,Versa 4
2026-05-11T02:50:25Z,60.0,Versa 4
2026-05-11T02:50:28Z,60.0,Versa 4
2026-05-11T02:50:31Z,60.0,Versa 4
2026-05-11T02:50:33Z,59.0,Versa 4
2026-05-11T02:50:34Z,58.0,Versa 4
2026-05-11T02:50:36Z,59.0,Versa 4
2026-05-11T02:50:38Z,60.0,Versa 4
2026-05-11T02:50:40Z,61.0,Versa 4
2026-05-11T02:50:42Z,62.0,Versa 4
2026-05-11T02:50:44Z,64.0,Versa 4
2026-05-11T02:50:47Z,64.0,Versa 4
2026-05-11T02:50:48Z,63.0,Versa 4
2026-05-11T02:50:50Z,62.0,Versa 4
2026-05-11T02:50:52Z,60.0,Versa 4
2026-05-11T02:50:55Z,60.0,Versa 4
2026-05-11T02:50:58Z,61.0,Versa 4
2026-05-11T02:50:59Z,62.0,Versa 4
2026-05-11T02:51:02Z,62.0,Versa 4
2026-05-11T02:51:05Z,61.0,Versa 4
2026-05-11T02:51:07Z,62.0,Versa 4
2026-05-11T02:51:10Z,62.0,Versa 4
2026-05-11T02:51:13Z,62.0,Versa 4
2026-05-11T02:51:16Z,62.0,Versa 4
2026-05-11T02:51:17Z,61.0,Versa 4
2026-05-11T02:51:20Z,61.0,Versa 4
2026-05-11T02:51:21Z,62.0,Versa 4
2026-05-11T02:51:24Z,62.0,Versa 4
2026-05-11T02:51:27Z,62.0,Versa 4
2026-05-11T02:51:28Z,62.0,Versa 4
2026-05-11T02:51:31Z,62.0,Versa 4
2026-05-11T02:51:32Z,63.0,Versa 4
2026-05-11T02:51:35Z,63.0,Versa 4
2026-05-11T02:51:36Z,62.0,Versa 4
2026-05-11T02:51:39Z,62.0,Versa 4
2026-05-11T02:51:40Z,60.0,Versa 4
2026-05-11T02:51:43Z,60.0,Versa 4
2026-05-11T02:51:46Z,62.0,Versa 4
2026-05-11T02:51:49Z,62.0,Versa 4
2026-05-11T02:51:51Z,63.0,Versa 4
2026-05-11T02:51:54Z,63.0,Versa 4
2026-05-11T02:51:57Z,62.0,Versa 4
2026-05-11T02:52:00Z,62.0,Versa 4
2026-05-11T02:52:03Z,62.0,Versa 4
2026-05-11T02:52:06Z,62.0,Versa 4
2026-05-11T02:52:09Z,61.0,Versa 4
2026-05-11T02:52:12Z,61.0,Versa 4
2026-05-11T02:52:14Z,62.0,Versa 4
2026-05-11T02:52:17Z,62.0,Versa 4
2026-05-11T02:52:20Z,62.0,Versa 4
2026-05-11T02:52:23Z,62.0,Versa 4
2026-05-11T02:52:26Z,62.0,Versa 4
2026-05-11T02:52:29Z,62.0,Versa 4
2026-05-11T02:52:32Z,62.0,Versa 4
2026-05-11T02:52:34Z,64.0,Versa 4
2026-05-11T02:52:35Z,66.0,Versa 4
2026-05-11T02:52:38Z,66.0,Versa 4
2026-05-11T02:52:41Z,65.0,Versa 4
2026-05-11T02:52:43Z,64.0,Versa 4
2026-05-11T02:52:45Z,63.0,Versa 4
2026-05-11T02:52:47Z,62.0,Versa 4
2026-05-11T02:52:49Z,61.0,Versa 4
2026-05-11T02:52:51Z,60.0,Versa 4
2026-05-11T02:52:54Z,60.0,Versa 4
2026-05-11T02:52:55Z,59.0,Versa 4
2026-05-11T02:52:57Z,58.0,Versa 4
2026-05-11T02:52:58Z,59.0,Versa 4
2026-05-11T02:53:00Z,60.0,Versa 4
2026-05-11T02:53:03Z,60.0,Versa 4
2026-05-11T02:53:04Z,59.0,Versa 4
2026-05-11T02:53:06Z,60.0,Versa 4
2026-05-11T02:53:09Z,60.0,Versa 4
2026-05-11T02:53:10Z,63.0,Versa 4
2026-05-11T02:53:12Z,65.0,Versa 4
2026-05-11T02:53:14Z,70.0,Versa 4
2026-05-11T02:53:16Z,75.0,Versa 4
2026-05-11T02:53:18Z,78.0,Versa 4
2026-05-11T02:53:20Z,80.0,Versa 4
2026-05-11T02:53:22Z,81.0,Versa 4
2026-05-11T02:53:23Z,90.0,Versa 4
2026-05-11T02:53:25Z,89.0,Versa 4
2026-05-11T02:53:27Z,85.0,Versa 4
2026-05-11T02:53:29Z,82.0,Versa 4
2026-05-11T02:53:31Z,78.0,Versa 4
2026-05-11T02:53:33Z,76.0,Versa 4
2026-05-11T02:53:35Z,70.0,Versa 4
2026-05-11T02:53:37Z,64.0,Versa 4
2026-05-11T02:53:39Z,63.0,Versa 4
2026-05-11T02:53:41Z,62.0,Versa 4
2026-05-11T02:53:43Z,61.0,Versa 4
2026-05-11T02:53:45Z,59.0,Versa 4
2026-05-11T02:53:46Z,58.0,Versa 4
2026-05-11T02:53:48Z,57.0,Versa 4
2026-05-11T02:53:51Z,57.0,Versa 4
2026-05-11T02:53:52Z,56.0,Versa 4
2026-05-11T02:53:54Z,57.0,Versa 4
2026-05-11T02:53:57Z,57.0,Versa 4
2026-05-11T02:53:58Z,56.0,Versa 4
2026-05-11T02:54:01Z,56.0,Versa 4
2026-05-11T02:54:04Z,57.0,Versa 4
2026-05-11T02:54:06Z,56.0,Versa 4
2026-05-11T02:54:09Z,56.0,Versa 4
2026-05-11T02:54:11Z,54.0,Versa 4
2026-05-11T02:54:13Z,56.0,Versa 4
2026-05-11T02:54:16Z,56.0,Versa 4
2026-05-11T02:54:17Z,57.0,Versa 4
2026-05-11T02:54:20Z,57.0,Versa 4
2026-05-11T02:54:23Z,56.0,Versa 4
2026-05-11T02:54:26Z,56.0,Versa 4
2026-05-11T02:54:27Z,57.0,Versa 4
2026-05-11T02:54:30Z,57.0,Versa 4
2026-05-11T02:54:31Z,57.0,Versa 4
2026-05-11T02:54:34Z,56.0,Versa 4
2026-05-11T02:54:37Z,56.0,Versa 4
2026-05-11T02:54:40Z,56.0,Versa 4
2026-05-11T02:54:43Z,56.0,Versa 4
2026-05-11T02:54:46Z,56.0,Versa 4
2026-05-11T02:54:48Z,57.0,Versa 4
2026-05-11T02:54:50Z,58.0,Versa 4
2026-05-11T02:54:52Z,59.0,Versa 4
2026-05-11T02:54:55Z,59.0,Versa 4
2026-05-11T02:54:56Z,58.0,Versa 4
2026-05-11T02:54:59Z,57.0,Versa 4
2026-05-11T02:55:01Z,56.0,Versa 4
2026-05-11T02:55:04Z,56.0,Versa 4
2026-05-11T02:55:07Z,56.0,Versa 4
2026-05-11T02:55:10Z,56.0,Versa 4
2026-05-11T02:55:11Z,55.0,Versa 4
2026-05-11T02:55:14Z,55.0,Versa 4
2026-05-11T02:55:15Z,54.0,Versa 4
2026-05-11T02:55:17Z,55.0,Versa 4
2026-05-11T02:55:19Z,56.0,Versa 4
2026-05-11T02:55:22Z,56.0,Versa 4
2026-05-11T02:55:25Z,56.0,Versa 4
2026-05-11T02:55:28Z,56.0,Versa 4
2026-05-11T02:55:31Z,56.0,Versa 4
2026-05-11T02:55:34Z,56.0,Versa 4
2026-05-11T02:55:36Z,55.0,Versa 4
2026-05-11T02:55:38Z,55.0,Versa 4
2026-05-11T02:55:41Z,55.0,Versa 4
2026-05-11T02:55:44Z,55.0,Versa 4
2026-05-11T02:55:46Z,56.0,Versa 4
2026-05-11T02:55:49Z,56.0,Versa 4
2026-05-11T02:55:52Z,56.0,Versa 4
2026-05-11T02:55:55Z,56.0,Versa 4
2026-05-11T02:55:58Z,56.0,Versa 4
2026-05-11T02:56:01Z,56.0,Versa 4
2026-05-11T02:56:04Z,56.0,Versa 4
2026-05-11T02:56:05Z,57.0,Versa 4
2026-05-11T02:56:08Z,57.0,Versa 4
2026-05-11T02:56:10Z,56.0,Versa 4
2026-05-11T02:56:12Z,57.0,Versa 4
2026-05-11T02:56:14Z,58.0,Versa 4
2026-05-11T02:56:17Z,58.0,Versa 4
2026-05-11T02:56:20Z,57.0,Versa 4
2026-05-11T02:56:22Z,56.0,Versa 4
2026-05-11T02:56:25Z,56.0,Versa 4
2026-05-11T02:56:28Z,57.0,Versa 4
2026-05-11T02:56:31Z,57.0,Versa 4
2026-05-11T02:56:34Z,56.0,Versa 4
2026-05-11T02:56:37Z,56.0,Versa 4
2026-05-11T02:56:40Z,56.0,Versa 4
2026-05-11T02:56:43Z,56.0,Versa 4
2026-05-11T02:56:46Z,56.0,Versa 4
2026-05-11T02:56:49Z,57.0,Versa 4
2026-05-11T02:56:51Z,57.0,Versa 4
2026-05-11T02:56:54Z,57.0,Versa 4
2026-05-11T02:56:55Z,56.0,Versa 4
2026-05-11T02:56:58Z,57.0,Versa 4
2026-05-11T02:57:00Z,58.0,Versa 4
2026-05-11T02:57:02Z,60.0,Versa 4
2026-05-11T02:57:05Z,60.0,Versa 4
2026-05-11T02:57:08Z,60.0,Versa 4
2026-05-11T02:57:11Z,60.0,Versa 4
2026-05-11T02:57:12Z,59.0,Versa 4
2026-05-11T02:57:14Z,60.0,Versa 4
2026-05-11T02:57:17Z,60.0,Versa 4
2026-05-11T02:57:20Z,60.0,Versa 4
2026-05-11T02:57:22Z,59.0,Versa 4
2026-05-11T02:57:23Z,58.0,Versa 4
2026-05-11T02:57:25Z,56.0,Versa 4
2026-05-11T02:57:28Z,56.0,Versa 4
2026-05-11T02:57:29Z,55.0,Versa 4
2026-05-11T02:57:30Z,54.0,Versa 4
2026-05-11T02:57:33Z,54.0,Versa 4
2026-05-11T02:57:36Z,53.0,Versa 4
2026-05-11T02:57:39Z,53.0,Versa 4
2026-05-11T02:57:42Z,54.0,Versa 4
2026-05-11T02:57:45Z,54.0,Versa 4
2026-05-11T02:57:48Z,53.0,Versa 4
2026-05-11T02:57:51Z,53.0,Versa 4
2026-05-11T02:57:52Z,54.0,Versa 4
2026-05-11T02:57:53Z,54.0,Versa 4
2026-05-11T02:57:55Z,55.0,Versa 4
2026-05-11T02:57:58Z,55.0,Versa 4
2026-05-11T02:58:01Z,55.0,Versa 4
2026-05-11T02:58:03Z,56.0,Versa 4
2026-05-11T02:58:06Z,56.0,Versa 4
2026-05-11T02:58:09Z,56.0,Versa 4
2026-05-11T02:58:12Z,56.0,Versa 4
2026-05-11T02:58:15Z,56.0,Versa 4
2026-05-11T02:58:18Z,56.0,Versa 4
2026-05-11T02:58:21Z,56.0,Versa 4
2026-05-11T02:58:22Z,57.0,Versa 4
2026-05-11T02:58:24Z,56.0,Versa 4
2026-05-11T02:58:27Z,56.0,Versa 4
2026-05-11T02:58:30Z,56.0,Versa 4
2026-05-11T02:58:33Z,56.0,Versa 4
2026-05-11T02:58:36Z,56.0,Versa 4
2026-05-11T02:58:39Z,56.0,Versa 4
2026-05-11T02:58:42Z,56.0,Versa 4
2026-05-11T02:58:45Z,56.0,Versa 4
2026-05-11T02:58:47Z,55.0,Versa 4
2026-05-11T02:58:49Z,56.0,Versa 4
2026-05-11T02:58:52Z,56.0,Versa 4
2026-05-11T02:58:55Z,56.0,Versa 4
2026-05-11T02:58:58Z,56.0,Versa 4
2026-05-11T02:59:01Z,56.0,Versa 4
2026-05-11T02:59:04Z,56.0,Versa 4
2026-05-11T02:59:06Z,56.0,Versa 4
2026-05-11T02:59:09Z,56.0,Versa 4
2026-05-11T02:59:10Z,57.0,Versa 4
2026-05-11T02:59:13Z,57.0,Versa 4
2026-05-11T02:59:16Z,56.0,Versa 4
2026-05-11T02:59:19Z,56.0,Versa 4
2026-05-11T02:59:22Z,56.0,Versa 4
2026-05-11T02:59:25Z,56.0,Versa 4
2026-05-11T02:59:28Z,56.0,Versa 4
2026-05-11T02:59:31Z,56.0,Versa 4
2026-05-11T02:59:34Z,56.0,Versa 4
2026-05-11T02:59:37Z,56.0,Versa 4
2026-05-11T02:59:40Z,56.0,Versa 4
2026-05-11T02:59:43Z,56.0,Versa 4
2026-05-11T02:59:46Z,56.0,Versa 4
2026-05-11T02:59:49Z,56.0,Versa 4
2026-05-11T02:59:52Z,57.0,Versa 4
2026-05-11T02:59:55Z,57.0,Versa 4
2026-05-11T02:59:56Z,56.0,Versa 4
2026-05-11T02:59:59Z,56.0,Versa 4
2026-05-11T03:00:00Z,55.0,Versa 4
2026-05-11T03:00:02Z,56.0,Versa 4
2026-05-11T03:00:05Z,56.0,Versa 4
2026-05-11T03:00:08Z,56.0,Versa 4
2026-05-11T03:00:11Z,56.0,Versa 4
2026-05-11T03:00:14Z,56.0,Versa 4
2026-05-11T03:00:17Z,57.0,Versa 4
2026-05-11T03:00:19Z,57.0,Versa 4
2026-05-11T03:00:22Z,57.0,Versa 4
2026-05-11T03:00:25Z,56.0,Versa 4
2026-05-11T03:00:28Z,56.0,Versa 4
2026-05-11T03:00:31Z,56.0,Versa 4
2026-05-11T03:00:34Z,56.0,Versa 4
2026-05-11T03:00:35Z,55.0,Versa 4
2026-05-11T03:00:38Z,55.0,Versa 4
2026-05-11T03:00:41Z,55.0,Versa 4
2026-05-11T03:00:44Z,54.0,Versa 4
2026-05-11T03:00:46Z,55.0,Versa 4
2026-05-11T03:00:48Z,54.0,Versa 4
2026-05-11T03:00:51Z,54.0,Versa 4
2026-05-11T03:00:54Z,55.0,Versa 4
2026-05-11T03:00:57Z,55.0,Versa 4
2026-05-11T03:00:58Z,56.0,Versa 4
2026-05-11T03:01:00Z,55.0,Versa 4
2026-05-11T03:01:02Z,56.0,Versa 4
2026-05-11T03:01:05Z,56.0,Versa 4
2026-05-11T03:01:07Z,58.0,Versa 4
2026-05-11T03:01:10Z,58.0,Versa 4
2026-05-11T03:01:13Z,58.0,Versa 4
2026-05-11T03:01:15Z,57.0,Versa 4
2026-05-11T03:01:17Z,58.0,Versa 4
2026-05-11T03:01:20Z,58.0,Versa 4
2026-05-11T03:01:23Z,58.0,Versa 4
2026-05-11T03:01:26Z,58.0,Versa 4
2026-05-11T03:01:27Z,58.0,Versa 4
2026-05-11T03:01:28Z,60.0,Versa 4
2026-05-11T03:01:30Z,62.0,Versa 4
2026-05-11T03:01:32Z,62.0,Versa 4
2026-05-11T03:01:34Z,61.0,Versa 4
2026-05-11T03:01:36Z,59.0,Versa 4
2026-05-11T03:01:38Z,57.0,Versa 4
2026-05-11T03:01:40Z,56.0,Versa 4
2026-05-11T03:01:42Z,56.0,Versa 4
2026-05-11T03:01:45Z,56.0,Versa 4
2026-05-11T03:01:48Z,56.0,Versa 4
2026-05-11T03:01:50Z,55.0,Versa 4
2026-05-11T03:01:53Z,55.0,Versa 4
2026-05-11T03:01:55Z,56.0,Versa 4
2026-05-11T03:01:58Z,56.0,Versa 4
2026-05-11T03:02:01Z,56.0,Versa 4
2026-05-11T03:02:04Z,56.0,Versa 4
2026-05-11T03:02:07Z,56.0,Versa 4
2026-05-11T03:02:10Z,56.0,Versa 4
2026-05-11T03:02:13Z,56.0,Versa 4
2026-05-11T03:02:16Z,56.0,Versa 4
2026-05-11T03:02:19Z,56.0,Versa 4
2026-05-11T03:02:22Z,56.0,Versa 4
2026-05-11T03:02:25Z,56.0,Versa 4
2026-05-11T03:02:28Z,56.0,Versa 4
2026-05-11T03:02:30Z,54.0,Versa 4
2026-05-11T03:02:33Z,54.0,Versa 4
2026-05-11T03:02:34Z,55.0,Versa 4
2026-05-11T03:02:37Z,55.0,Versa 4
2026-05-11T03:02:38Z,56.0,Versa 4
2026-05-11T03:02:41Z,55.0,Versa 4
2026-05-11T03:02:44Z,55.0,Versa 4
2026-05-11T03:02:45Z,56.0,Versa 4
2026-05-11T03:02:48Z,56.0,Versa 4
2026-05-11T03:02:51Z,56.0,Versa 4
2026-05-11T03:02:54Z,56.0,Versa 4
2026-05-11T03:02:57Z,56.0,Versa 4
2026-05-11T03:03:00Z,56.0,Versa 4
2026-05-11T03:03:03Z,56.0,Versa 4
2026-05-11T03:03:06Z,56.0,Versa 4
2026-05-11T03:03:09Z,56.0,Versa 4
2026-05-11T03:03:12Z,56.0,Versa 4
2026-05-11T03:03:14Z,55.0,Versa 4
2026-05-11T03:03:17Z,55.0,Versa 4
2026-05-11T03:03:18Z,56.0,Versa 4
2026-05-11T03:03:21Z,56.0,Versa 4
2026-05-11T03:03:24Z,56.0,Versa 4
2026-05-11T03:03:27Z,56.0,Versa 4
2026-05-11T03:03:30Z,56.0,Versa 4
2026-05-11T03:03:33Z,57.0,Versa 4
2026-05-11T03:03:35Z,58.0,Versa 4
2026-05-11T03:03:37Z,57.0,Versa 4
2026-05-11T03:03:40Z,57.0,Versa 4
2026-05-11T03:03:41Z,56.0,Versa 4
2026-05-11T03:03:43Z,56.0,Versa 4
2026-05-11T03:03:46Z,56.0,Versa 4
2026-05-11T03:03:47Z,57.0,Versa 4
2026-05-11T03:03:50Z,57.0,Versa 4
2026-05-11T03:03:53Z,57.0,Versa 4
2026-05-11T03:03:54Z,58.0,Versa 4
2026-05-11T03:03:57Z,58.0,Versa 4
2026-05-11T03:04:00Z,58.0,Versa 4
2026-05-11T03:04:03Z,58.0,Versa 4
2026-05-11T03:04:04Z,59.0,Versa 4
2026-05-11T03:04:06Z,61.0,Versa 4
2026-05-11T03:04:08Z,62.0,Versa 4
2026-05-11T03:04:10Z,66.0,Versa 4
2026-05-11T03:04:12Z,70.0,Versa 4
2026-05-11T03:04:14Z,72.0,Versa 4
2026-05-11T03:04:16Z,73.0,Versa 4
2026-05-11T03:04:19Z,76.0,Versa 4
2026-05-11T03:04:21Z,80.0,Versa 4
2026-05-11T03:04:23Z,82.0,Versa 4
2026-05-11T03:04:25Z,85.0,Versa 4
2026-05-11T03:04:28Z,85.0,Versa 4
2026-05-11T03:04:29Z,82.0,Versa 4
2026-05-11T03:04:31Z,76.0,Versa 4
2026-05-11T03:04:33Z,72.0,Versa 4
2026-05-11T03:04:35Z,70.0,Versa 4
2026-05-11T03:04:38Z,70.0,Versa 4
2026-05-11T03:04:40Z,70.0,Versa 4
2026-05-11T03:04:42Z,69.0,Versa 4
2026-05-11T03:04:44Z,67.0,Versa 4
2026-05-11T03:04:46Z,62.0,Versa 4
2026-05-11T03:04:48Z,60.0,Versa 4
2026-05-11T03:04:51Z,60.0,Versa 4
2026-05-11T03:04:54Z,59.0,Versa 4
2026-05-11T03:04:57Z,59.0,Versa 4
2026-05-11T03:04:58Z,58.0,Versa 4
2026-05-11T03:05:01Z,58.0,Versa 4
2026-05-11T03:05:04Z,58.0,Versa 4
2026-05-11T03:05:05Z,59.0,Versa 4
2026-05-11T03:05:07Z,58.0,Versa 4
2026-05-11T03:05:10Z,58.0,Versa 4
2026-05-11T03:05:13Z,59.0,Versa 4
2026-05-11T03:05:15Z,60.0,Versa 4
2026-05-11T03:05:18Z,60.0,Versa 4
2026-05-11T03:05:21Z,60.0,Versa 4
2026-05-11T03:05:24Z,60.0,Versa 4
2026-05-11T03:05:27Z,60.0,Versa 4
2026-05-11T03:05:30Z,60.0,Versa 4
2026-05-11T03:05:32Z,58.0,Versa 4
2026-05-11T03:05:35Z,58.0,Versa 4
2026-05-11T03:05:38Z,58.0,Versa 4
2026-05-11T03:05:40Z,59.0,Versa 4
2026-05-11T03:05:42Z,60.0,Versa 4
2026-05-11T03:05:45Z,60.0,Versa 4
2026-05-11T03:05:46Z,59.0,Versa 4
2026-05-11T03:05:48Z,58.0,Versa 4
2026-05-11T03:05:51Z,58.0,Versa 4
2026-05-11T03:05:54Z,58.0,Versa 4
2026-05-11T03:05:57Z,58.0,Versa 4
2026-05-11T03:06:00Z,58.0,Versa 4
2026-05-11T03:06:03Z,58.0,Versa 4
2026-05-11T03:06:06Z,58.0,Versa 4
2026-05-11T03:06:09Z,58.0,Versa 4
2026-05-11T03:06:12Z,58.0,Versa 4
2026-05-11T03:06:13Z,59.0,Versa 4
2026-05-11T03:06:16Z,60.0,Versa 4
2026-05-11T03:06:19Z,60.0,Versa 4
2026-05-11T03:06:20Z,59.0,Versa 4
2026-05-11T03:06:22Z,58.0,Versa 4
2026-05-11T03:06:25Z,58.0,Versa 4
2026-05-11T03:06:26Z,59.0,Versa 4
2026-05-11T03:06:28Z,60.0,Versa 4
2026-05-11T03:06:31Z,60.0,Versa 4
2026-05-11T03:06:32Z,59.0,Versa 4
2026-05-11T03:06:34Z,58.0,Versa 4
2026-05-11T03:06:37Z,58.0,Versa 4
2026-05-11T03:06:40Z,58.0,Versa 4
2026-05-11T03:06:43Z,58.0,Versa 4
2026-05-11T03:06:46Z,58.0,Versa 4
2026-05-11T03:06:49Z,58.0,Versa 4
2026-05-11T03:06:52Z,58.0,Versa 4
2026-05-11T03:06:53Z,59.0,Versa 4
2026-05-11T03:06:55Z,59.0,Versa 4
2026-05-11T03:06:57Z,60.0,Versa 4
2026-05-11T03:07:00Z,60.0,Versa 4
2026-05-11T03:07:01Z,61.0,Versa 4
2026-05-11T03:07:03Z,60.0,Versa 4
2026-05-11T03:07:06Z,60.0,Versa 4
2026-05-11T03:07:08Z,59.0,Versa 4
2026-05-11T03:07:10Z,60.0,Versa 4
2026-05-11T03:07:13Z,60.0,Versa 4
2026-05-11T03:07:16Z,60.0,Versa 4
2026-05-11T03:07:19Z,60.0,Versa 4
2026-05-11T03:07:20Z,62.0,Versa 4
2026-05-11T03:07:23Z,62.0,Versa 4
2026-05-11T03:07:26Z,61.0,Versa 4
2026-05-11T03:07:28Z,60.0,Versa 4
2026-05-11T03:07:29Z,59.0,Versa 4
2026-05-11T03:07:31Z,58.0,Versa 4
2026-05-11T03:07:34Z,58.0,Versa 4
2026-05-11T03:07:37Z,58.0,Versa 4
2026-05-11T03:07:40Z,58.0,Versa 4
2026-05-11T03:07:43Z,58.0,Versa 4
2026-05-11T03:07:46Z,58.0,Versa 4
2026-05-11T03:07:47Z,59.0,Versa 4
2026-05-11T03:07:50Z,59.0,Versa 4
2026-05-11T03:07:51Z,58.0,Versa 4
2026-05-11T03:07:54Z,58.0,Versa 4
2026-05-11T03:07:57Z,58.0,Versa 4
2026-05-11T03:07:58Z,58.0,Versa 4
2026-05-11T03:08:01Z,58.0,Versa 4
2026-05-11T03:08:04Z,58.0,Versa 4
2026-05-11T03:08:07Z,58.0,Versa 4
2026-05-11T03:08:10Z,58.0,Versa 4
2026-05-11T03:08:13Z,58.0,Versa 4
2026-05-11T03:08:16Z,58.0,Versa 4
2026-05-11T03:08:19Z,58.0,Versa 4
2026-05-11T03:08:21Z,59.0,Versa 4
2026-05-11T03:08:23Z,60.0,Versa 4
2026-05-11T03:08:26Z,60.0,Versa 4
2026-05-11T03:08:27Z,59.0,Versa 4
2026-05-11T03:08:29Z,58.0,Versa 4
2026-05-11T03:08:32Z,58.0,Versa 4
2026-05-11T03:08:35Z,58.0,Versa 4
2026-05-11T03:08:38Z,58.0,Versa 4
2026-05-11T03:08:41Z,58.0,Versa 4
2026-05-11T03:08:44Z,58.0,Versa 4
2026-05-11T03:08:47Z,58.0,Versa 4
2026-05-11T03:08:50Z,58.0,Versa 4
2026-05-11T03:08:53Z,58.0,Versa 4
2026-05-11T03:08:56Z,59.0,Versa 4
2026-05-11T03:08:59Z,59.0,Versa 4
2026-05-11T03:09:00Z,58.0,Versa 4
2026-05-11T03:09:03Z,58.0,Versa 4
2026-05-11T03:09:06Z,58.0,Versa 4
2026-05-11T03:09:09Z,58.0,Versa 4
2026-05-11T03:09:11Z,58.0,Versa 4
2026-05-11T03:09:14Z,58.0,Versa 4
2026-05-11T03:09:15Z,57.0,Versa 4
2026-05-11T03:09:18Z,57.0,Versa 4
2026-05-11T03:09:19Z,56.0,Versa 4
2026-05-11T03:09:22Z,56.0,Versa 4
2026-05-11T03:09:23Z,56.0,Versa 4
2026-05-11T03:09:25Z,56.0,Versa 4
2026-05-11T03:09:27Z,55.0,Versa 4
2026-05-11T03:09:30Z,55.0,Versa 4
2026-05-11T03:09:32Z,56.0,Versa 4
2026-05-11T03:09:34Z,57.0,Versa 4
2026-05-11T03:09:36Z,58.0,Versa 4
2026-05-11T03:09:39Z,58.0,Versa 4
2026-05-11T03:09:42Z,58.0,Versa 4
2026-05-11T03:09:44Z,59.0,Versa 4
2026-05-11T03:09:46Z,58.0,Versa 4
2026-05-11T03:09:49Z,58.0,Versa 4
2026-05-11T03:09:52Z,58.0,Versa 4
2026-05-11T03:09:55Z,58.0,Versa 4
2026-05-11T03:09:58Z,58.0,Versa 4
2026-05-11T03:10:01Z,58.0,Versa 4
2026-05-11T03:10:04Z,58.0,Versa 4
2026-05-11T03:10:07Z,59.0,Versa 4
2026-05-11T03:10:09Z,58.0,Versa 4
2026-05-11T03:10:12Z,58.0,Versa 4
2026-05-11T03:10:15Z,58.0,Versa 4
2026-05-11T03:10:16Z,58.0,Versa 4
2026-05-11T03:10:19Z,58.0,Versa 4
2026-05-11T03:10:20Z,59.0,Versa 4
2026-05-11T03:10:22Z,60.0,Versa 4
2026-05-11T03:10:25Z,60.0,Versa 4
2026-05-11T03:10:28Z,60.0,Versa 4
2026-05-11T03:10:31Z,60.0,Versa 4
2026-05-11T03:10:34Z,59.0,Versa 4
2026-05-11T03:10:36Z,58.0,Versa 4
2026-05-11T03:10:39Z,58.0,Versa 4
2026-05-11T03:10:42Z,58.0,Versa 4
2026-05-11T03:10:45Z,58.0,Versa 4
2026-05-11T03:10:47Z,60.0,Versa 4
2026-05-11T03:10:50Z,60.0,Versa 4
2026-05-11T03:10:53Z,60.0,Versa 4
2026-05-11T03:10:55Z,58.0,Versa 4
2026-05-11T03:10:58Z,58.0,Versa 4
2026-05-11T03:11:01Z,57.0,Versa 4
2026-05-11T03:11:03Z,56.0,Versa 4
2026-05-11T03:11:06Z,56.0,Versa 4
2026-05-11T03:11:09Z,56.0,Versa 4
2026-05-11T03:11:12Z,56.0,Versa 4
2026-05-11T03:11:15Z,56.0,Versa 4
2026-05-11T03:11:16Z,57.0,Versa 4
2026-05-11T03:11:18Z,58.0,Versa 4
2026-05-11T03:11:21Z,58.0,Versa 4
2026-05-11T03:11:24Z,59.0,Versa 4
2026-05-11T03:11:26Z,59.0,Versa 4
2026-05-11T03:11:29Z,59.0,Versa 4
2026-05-11T03:11:32Z,59.0,Versa 4
2026-05-11T03:11:35Z,59.0,Versa 4
2026-05-11T03:11:37Z,58.0,Versa 4
2026-05-11T03:11:40Z,58.0,Versa 4
2026-05-11T03:11:43Z,58.0,Versa 4
2026-05-11T03:11:46Z,58.0,Versa 4
2026-05-11T03:11:49Z,58.0,Versa 4
2026-05-11T03:11:52Z,59.0,Versa 4
2026-05-11T03:11:54Z,60.0,Versa 4
2026-05-11T03:11:57Z,60.0,Versa 4
2026-05-11T03:12:00Z,60.0,Versa 4
2026-05-11T03:12:03Z,60.0,Versa 4
2026-05-11T03:12:06Z,60.0,Versa 4
2026-05-11T03:12:08Z,61.0,Versa 4
2026-05-11T03:12:10Z,60.0,Versa 4
2026-05-11T03:12:13Z,60.0,Versa 4
2026-05-11T03:12:16Z,60.0,Versa 4
2026-05-11T03:12:19Z,58.0,Versa 4
2026-05-11T03:12:22Z,58.0,Versa 4
2026-05-11T03:12:25Z,58.0,Versa 4
2026-05-11T03:12:28Z,58.0,Versa 4
2026-05-11T03:12:31Z,58.0,Versa 4
2026-05-11T03:12:34Z,58.0,Versa 4
2026-05-11T03:12:37Z,58.0,Versa 4
2026-05-11T03:12:40Z,58.0,Versa 4
2026-05-11T03:12:41Z,59.0,Versa 4
2026-05-11T03:12:44Z,59.0,Versa 4
2026-05-11T03:12:46Z,58.0,Versa 4
2026-05-11T03:12:49Z,58.0,Versa 4
2026-05-11T03:12:52Z,58.0,Versa 4
2026-05-11T03:12:55Z,58.0,Versa 4
2026-05-11T03:12:58Z,58.0,Versa 4
2026-05-11T03:13:00Z,57.0,Versa 4
2026-05-11T03:13:03Z,57.0,Versa 4
2026-05-11T03:13:06Z,57.0,Versa 4
2026-05-11T03:13:08Z,58.0,Versa 4
2026-05-11T03:13:11Z,58.0,Versa 4
2026-05-11T03:13:14Z,58.0,Versa 4
2026-05-11T03:13:17Z,58.0,Versa 4
2026-05-11T03:13:20Z,58.0,Versa 4
2026-05-11T03:13:23Z,58.0,Versa 4
2026-05-11T03:13:25Z,59.0,Versa 4
2026-05-11T03:13:27Z,60.0,Versa 4
2026-05-11T03:13:30Z,60.0,Versa 4
2026-05-11T03:13:33Z,59.0,Versa 4
2026-05-11T03:13:34Z,58.0,Versa 4
2026-05-11T03:13:37Z,58.0,Versa 4
2026-05-11T03:13:40Z,58.0,Versa 4
2026-05-11T03:13:43Z,58.0,Versa 4
2026-05-11T03:13:46Z,58.0,Versa 4
2026-05-11T03:13:49Z,58.0,Versa 4
2026-05-11T03:13:52Z,58.0,Versa 4
2026-05-11T03:13:54Z,58.0,Versa 4
2026-05-11T03:13:57Z,58.0,Versa 4
2026-05-11T03:13:58Z,59.0,Versa 4
2026-05-11T03:13:59Z,60.0,Versa 4
2026-05-11T03:14:02Z,60.0,Versa 4
2026-05-11T03:14:05Z,59.0,Versa 4
2026-05-11T03:14:07Z,58.0,Versa 4
2026-05-11T03:14:09Z,57.0,Versa 4
2026-05-11T03:14:11Z,56.0,Versa 4
2026-05-11T03:14:13Z,57.0,Versa 4
2026-05-11T03:14:16Z,57.0,Versa 4
2026-05-11T03:14:19Z,57.0,Versa 4
2026-05-11T03:14:22Z,57.0,Versa 4
2026-05-11T03:14:25Z,57.0,Versa 4
2026-05-11T03:14:26Z,58.0,Versa 4
2026-05-11T03:14:29Z,58.0,Versa 4
2026-05-11T03:14:32Z,58.0,Versa 4
2026-05-11T03:14:35Z,58.0,Versa 4
2026-05-11T03:14:38Z,58.0,Versa 4
2026-05-11T03:14:41Z,58.0,Versa 4
2026-05-11T03:14:44Z,58.0,Versa 4
2026-05-11T03:14:47Z,58.0,Versa 4
2026-05-11T03:14:50Z,58.0,Versa 4
2026-05-11T03:14:51Z,59.0,Versa 4
2026-05-11T03:14:53Z,60.0,Versa 4
2026-05-11T03:14:56Z,60.0,Versa 4
2026-05-11T03:14:59Z,60.0,Versa 4
2026-05-11T03:15:01Z,60.0,Versa 4
2026-05-11T03:15:04Z,60.0,Versa 4
2026-05-11T03:15:07Z,60.0,Versa 4
2026-05-11T03:15:10Z,59.0,Versa 4
2026-05-11T03:15:12Z,58.0,Versa 4
2026-05-11T03:15:15Z,58.0,Versa 4
2026-05-11T03:15:18Z,58.0,Versa 4
2026-05-11T03:15:20Z,60.0,Versa 4
2026-05-11T03:15:23Z,60.0,Versa 4
2026-05-11T03:15:24Z,59.0,Versa 4
2026-05-11T03:15:26Z,58.0,Versa 4
2026-05-11T03:15:29Z,58.0,Versa 4
2026-05-11T03:15:32Z,58.0,Versa 4
2026-05-11T03:15:35Z,58.0,Versa 4
2026-05-11T03:15:37Z,59.0,Versa 4
2026-05-11T03:15:40Z,59.0,Versa 4
2026-05-11T03:15:41Z,58.0,Versa 4
2026-05-11T03:15:43Z,59.0,Versa 4
2026-05-11T03:15:45Z,58.0,Versa 4
2026-05-11T03:15:48Z,58.0,Versa 4
2026-05-11T03:15:51Z,57.0,Versa 4
2026-05-11T03:15:53Z,57.0,Versa 4
2026-05-11T03:15:56Z,57.0,Versa 4
2026-05-11T03:15:57Z,58.0,Versa 4
2026-05-11T03:16:00Z,60.0,Versa 4
2026-05-11T03:16:03Z,60.0,Versa 4
2026-05-11T03:16:06Z,60.0,Versa 4
2026-05-11T03:16:08Z,60.0,Versa 4
2026-05-11T03:16:11Z,60.0,Versa 4
2026-05-11T03:16:14Z,60.0,Versa 4
2026-05-11T03:16:16Z,59.0,Versa 4
2026-05-11T03:16:18Z,60.0,Versa 4
2026-05-11T03:16:21Z,60.0,Versa 4
2026-05-11T03:16:24Z,60.0,Versa 4
2026-05-11T03:16:25Z,61.0,Versa 4
2026-05-11T03:16:27Z,62.0,Versa 4
2026-05-11T03:16:30Z,62.0,Versa 4
2026-05-11T03:16:33Z,62.0,Versa 4
2026-05-11T03:16:35Z,61.0,Versa 4
2026-05-11T03:16:37Z,60.0,Versa 4
2026-05-11T03:16:40Z,60.0,Versa 4
2026-05-11T03:16:41Z,59.0,Versa 4
2026-05-11T03:16:43Z,58.0,Versa 4
2026-05-11T03:16:46Z,58.0,Versa 4
2026-05-11T03:16:48Z,59.0,Versa 4
2026-05-11T03:16:51Z,59.0,Versa 4
2026-05-11T03:16:54Z,58.0,Versa 4
2026-05-11T03:16:57Z,58.0,Versa 4
2026-05-11T03:17:00Z,58.0,Versa 4
2026-05-11T03:17:02Z,59.0,Versa 4
2026-05-11T03:17:04Z,60.0,Versa 4
2026-05-11T03:17:07Z,60.0,Versa 4
2026-05-11T03:17:10Z,60.0,Versa 4
2026-05-11T03:17:11Z,60.0,Versa 4
2026-05-11T03:17:13Z,60.0,Versa 4
2026-05-11T03:17:16Z,60.0,Versa 4
2026-05-11T03:17:17Z,60.0,Versa 4
2026-05-11T03:17:20Z,60.0,Versa 4
2026-05-11T03:17:23Z,60.0,Versa 4
2026-05-11T03:17:26Z,60.0,Versa 4
2026-05-11T03:17:27Z,59.0,Versa 4
2026-05-11T03:17:30Z,59.0,Versa 4
2026-05-11T03:17:31Z,60.0,Versa 4
2026-05-11T03:17:33Z,59.0,Versa 4
2026-05-11T03:17:36Z,59.0,Versa 4
2026-05-11T03:17:38Z,58.0,Versa 4
2026-05-11T03:17:41Z,58.0,Versa 4
2026-05-11T03:17:42Z,59.0,Versa 4
2026-05-11T03:17:45Z,59.0,Versa 4
2026-05-11T03:17:48Z,60.0,Versa 4
2026-05-11T03:17:51Z,60.0,Versa 4
2026-05-11T03:17:52Z,59.0,Versa 4
2026-05-11T03:17:54Z,60.0,Versa 4
2026-05-11T03:17:57Z,60.0,Versa 4
2026-05-11T03:18:00Z,60.0,Versa 4
2026-05-11T03:18:01Z,62.0,Versa 4
2026-05-11T03:18:04Z,62.0,Versa 4
2026-05-11T03:18:07Z,61.0,Versa 4
2026-05-11T03:18:10Z,61.0,Versa 4
2026-05-11T03:18:11Z,60.0,Versa 4
2026-05-11T03:18:14Z,60.0,Versa 4
2026-05-11T03:18:15Z,60.0,Versa 4
2026-05-11T03:18:18Z,60.0,Versa 4
2026-05-11T03:18:21Z,60.0,Versa 4
2026-05-11T03:18:24Z,61.0,Versa 4
2026-05-11T03:18:27Z,61.0,Versa 4
2026-05-11T03:18:28Z,60.0,Versa 4
2026-05-11T03:18:31Z,60.0,Versa 4
2026-05-11T03:18:32Z,59.0,Versa 4
2026-05-11T03:18:34Z,58.0,Versa 4
2026-05-11T03:18:37Z,58.0,Versa 4
2026-05-11T03:18:40Z,58.0,Versa 4
2026-05-11T03:18:43Z,58.0,Versa 4
2026-05-11T03:18:46Z,59.0,Versa 4
2026-05-11T03:18:49Z,59.0,Versa 4
2026-05-11T03:18:52Z,59.0,Versa 4
2026-05-11T03:18:53Z,58.0,Versa 4
2026-05-11T03:18:56Z,58.0,Versa 4
2026-05-11T03:18:57Z,57.0,Versa 4
2026-05-11T03:19:00Z,57.0,Versa 4
2026-05-11T03:19:01Z,58.0,Versa 4
2026-05-11T03:19:04Z,58.0,Versa 4
2026-05-11T03:19:07Z,60.0,Versa 4
2026-05-11T03:19:10Z,59.0,Versa 4
2026-05-11T03:19:12Z,58.0,Versa 4
2026-05-11T03:19:15Z,58.0,Versa 4
2026-05-11T03:19:18Z,58.0,Versa 4
2026-05-11T03:19:21Z,58.0,Versa 4
2026-05-11T03:19:22Z,58.0,Versa 4
2026-05-11T03:19:24Z,59.0,Versa 4
2026-05-11T03:19:27Z,59.0,Versa 4
2026-05-11T03:19:28Z,60.0,Versa 4
2026-05-11T03:19:30Z,59.0,Versa 4
2026-05-11T03:19:33Z,59.0,Versa 4
2026-05-11T03:19:34Z,60.0,Versa 4
2026-05-11T03:19:37Z,60.0,Versa 4
2026-05-11T03:19:39Z,62.0,Versa 4
2026-05-11T03:19:41Z,63.0,Versa 4
2026-05-11T03:19:43Z,64.0,Versa 4
2026-05-11T03:19:45Z,62.0,Versa 4
2026-05-11T03:19:47Z,61.0,Versa 4
2026-05-11T03:19:49Z,60.0,Versa 4
2026-05-11T03:19:51Z,60.0,Versa 4
2026-05-11T03:19:53Z,59.0,Versa 4
2026-05-11T03:19:55Z,60.0,Versa 4
2026-05-11T03:19:57Z,59.0,Versa 4
2026-05-11T03:19:58Z,58.0,Versa 4
2026-05-11T03:20:01Z,58.0,Versa 4
2026-05-11T03:20:02Z,59.0,Versa 4
2026-05-11T03:20:04Z,58.0,Versa 4
2026-05-11T03:20:07Z,58.0,Versa 4
2026-05-11T03:20:10Z,57.0,Versa 4
2026-05-11T03:20:12Z,56.0,Versa 4
2026-05-11T03:20:14Z,57.0,Versa 4
2026-05-11T03:20:16Z,58.0,Versa 4
2026-05-11T03:20:18Z,58.0,Versa 4
2026-05-11T03:20:21Z,58.0,Versa 4
2026-05-11T03:20:22Z,59.0,Versa 4
2026-05-11T03:20:25Z,59.0,Versa 4
2026-05-11T03:20:28Z,59.0,Versa 4
2026-05-11T03:20:31Z,59.0,Versa 4
2026-05-11T03:20:33Z,60.0,Versa 4
2026-05-11T03:20:36Z,60.0,Versa 4
2026-05-11T03:20:39Z,60.0,Versa 4
2026-05-11T03:20:42Z,60.0,Versa 4
2026-05-11T03:20:45Z,60.0,Versa 4
2026-05-11T03:20:48Z,60.0,Versa 4
2026-05-11T03:20:51Z,60.0,Versa 4
2026-05-11T03:20:54Z,60.0,Versa 4
2026-05-11T03:20:56Z,59.0,Versa 4
2026-05-11T03:20:58Z,58.0,Versa 4
2026-05-11T03:21:00Z,58.0,Versa 4
2026-05-11T03:21:03Z,58.0,Versa 4
2026-05-11T03:21:04Z,59.0,Versa 4
2026-05-11T03:21:06Z,60.0,Versa 4
2026-05-11T03:21:09Z,60.0,Versa 4
2026-05-11T03:21:12Z,60.0,Versa 4
2026-05-11T03:21:15Z,60.0,Versa 4
2026-05-11T03:21:18Z,60.0,Versa 4
2026-05-11T03:21:21Z,60.0,Versa 4
2026-05-11T03:21:24Z,60.0,Versa 4
2026-05-11T03:21:25Z,59.0,Versa 4
2026-05-11T03:21:27Z,59.0,Versa 4
2026-05-11T03:21:30Z,59.0,Versa 4
2026-05-11T03:21:33Z,60.0,Versa 4
2026-05-11T03:21:36Z,60.0,Versa 4
2026-05-11T03:21:39Z,60.0,Versa 4
2026-05-11T03:21:40Z,59.0,Versa 4
2026-05-11T03:21:43Z,59.0,Versa 4
2026-05-11T03:21:46Z,59.0,Versa 4
2026-05-11T03:21:48Z,60.0,Versa 4
2026-05-11T03:21:51Z,60.0,Versa 4
2026-05-11T03:21:54Z,60.0,Versa 4
2026-05-11T03:21:57Z,60.0,Versa 4
2026-05-11T03:21:59Z,60.0,Versa 4
2026-05-11T03:22:02Z,60.0,Versa 4
2026-05-11T03:22:05Z,60.0,Versa 4
2026-05-11T03:22:08Z,60.0,Versa 4
2026-05-11T03:22:11Z,60.0,Versa 4
2026-05-11T03:22:14Z,60.0,Versa 4
2026-05-11T03:22:15Z,59.0,Versa 4
2026-05-11T03:22:18Z,59.0,Versa 4
2026-05-11T03:22:21Z,60.0,Versa 4
2026-05-11T03:22:24Z,60.0,Versa 4
2026-05-11T03:22:26Z,59.0,Versa 4
2026-05-11T03:22:28Z,58.0,Versa 4
2026-05-11T03:22:30Z,57.0,Versa 4
2026-05-11T03:22:32Z,57.0,Versa 4
2026-05-11T03:22:35Z,57.0,Versa 4
2026-05-11T03:22:36Z,58.0,Versa 4
2026-05-11T03:22:39Z,58.0,Versa 4
2026-05-11T03:22:42Z,58.0,Versa 4
2026-05-11T03:22:45Z,58.0,Versa 4
2026-05-11T03:22:48Z,58.0,Versa 4
2026-05-11T03:22:49Z,59.0,Versa 4
2026-05-11T03:22:51Z,60.0,Versa 4
2026-05-11T03:22:54Z,60.0,Versa 4
2026-05-11T03:22:57Z,60.0,Versa 4
2026-05-11T03:23:00Z,60.0,Versa 4
2026-05-11T03:23:03Z,60.0,Versa 4
2026-05-11T03:23:06Z,60.0,Versa 4
2026-05-11T03:23:09Z,60.0,Versa 4
2026-05-11T03:23:12Z,59.0,Versa 4
2026-05-11T03:23:15Z,59.0,Versa 4
2026-05-11T03:23:16Z,58.0,Versa 4
2026-05-11T03:23:19Z,58.0,Versa 4
2026-05-11T03:23:22Z,58.0,Versa 4
2026-05-11T03:23:24Z,59.0,Versa 4
2026-05-11T03:23:26Z,60.0,Versa 4
2026-05-11T03:23:28Z,60.0,Versa 4
2026-05-11T03:23:30Z,61.0,Versa 4
2026-05-11T03:23:32Z,62.0,Versa 4
2026-05-11T03:23:35Z,64.0,Versa 4
2026-05-11T03:23:37Z,65.0,Versa 4
2026-05-11T03:23:39Z,66.0,Versa 4
2026-05-11T03:23:41Z,68.0,Versa 4
2026-05-11T03:23:43Z,68.0,Versa 4
2026-05-11T03:23:45Z,70.0,Versa 4
2026-05-11T03:23:47Z,73.0,Versa 4
2026-05-11T03:23:49Z,75.0,Versa 4
2026-05-11T03:23:51Z,77.0,Versa 4
2026-05-11T03:23:53Z,78.0,Versa 4
2026-05-11T03:23:55Z,76.0,Versa 4
2026-05-11T03:23:57Z,73.0,Versa 4
2026-05-11T03:23:58Z,71.0,Versa 4
2026-05-11T03:24:00Z,67.0,Versa 4
2026-05-11T03:24:02Z,65.0,Versa 4
2026-05-11T03:24:04Z,64.0,Versa 4
2026-05-11T03:24:06Z,62.0,Versa 4
2026-05-11T03:24:09Z,62.0,Versa 4
2026-05-11T03:24:10Z,61.0,Versa 4
2026-05-11T03:24:12Z,60.0,Versa 4
2026-05-11T03:24:15Z,60.0,Versa 4
2026-05-11T03:24:18Z,59.0,Versa 4
2026-05-11T03:24:20Z,58.0,Versa 4
2026-05-11T03:24:23Z,58.0,Versa 4
2026-05-11T03:24:26Z,58.0,Versa 4
2026-05-11T03:24:27Z,57.0,Versa 4
2026-05-11T03:24:29Z,56.0,Versa 4
2026-05-11T03:24:32Z,56.0,Versa 4
2026-05-11T03:24:35Z,56.0,Versa 4
2026-05-11T03:24:38Z,56.0,Versa 4
2026-05-11T03:24:41Z,56.0,Versa 4
2026-05-11T03:24:43Z,56.0,Versa 4
2026-05-11T03:24:46Z,56.0,Versa 4
2026-05-11T03:24:49Z,56.0,Versa 4
2026-05-11T03:24:52Z,57.0,Versa 4
2026-05-11T03:24:54Z,58.0,Versa 4
2026-05-11T03:24:57Z,58.0,Versa 4
2026-05-11T03:24:58Z,59.0,Versa 4
2026-05-11T03:25:01Z,59.0,Versa 4
2026-05-11T03:25:04Z,59.0,Versa 4
2026-05-11T03:25:07Z,59.0,Versa 4
2026-05-11T03:25:10Z,58.0,Versa 4
2026-05-11T03:25:13Z,58.0,Versa 4
2026-05-11T03:25:16Z,58.0,Versa 4
2026-05-11T03:25:19Z,58.0,Versa 4
2026-05-11T03:25:22Z,58.0,Versa 4
2026-05-11T03:25:25Z,58.0,Versa 4
2026-05-11T03:25:27Z,59.0,Versa 4
2026-05-11T03:25:29Z,60.0,Versa 4
2026-05-11T03:25:32Z,60.0,Versa 4
2026-05-11T03:25:34Z,59.0,Versa 4
2026-05-11T03:25:36Z,58.0,Versa 4
2026-05-11T03:25:39Z,58.0,Versa 4
2026-05-11T03:25:42Z,58.0,Versa 4
2026-05-11T03:25:44Z,59.0,Versa 4
2026-05-11T03:25:46Z,60.0,Versa 4
2026-05-11T03:25:49Z,60.0,Versa 4
2026-05-11T03:25:50Z,59.0,Versa 4
2026-05-11T03:25:52Z,59.0,Versa 4
2026-05-11T03:25:54Z,58.0,Versa 4
2026-05-11T03:25:56Z,58.0,Versa 4
2026-05-11T03:25:59Z,58.0,Versa 4
2026-05-11T03:26:02Z,58.0,Versa 4
2026-05-11T03:26:05Z,58.0,Versa 4
2026-05-11T03:26:07Z,59.0,Versa 4
2026-05-11T03:26:10Z,59.0,Versa 4
2026-05-11T03:26:11Z,60.0,Versa 4
2026-05-11T03:26:14Z,60.0,Versa 4
2026-05-11T03:26:17Z,60.0,Versa 4
2026-05-11T03:26:20Z,60.0,Versa 4
2026-05-11T03:26:23Z,60.0,Versa 4
2026-05-11T03:26:26Z,60.0,Versa 4
2026-05-11T03:26:29Z,60.0,Versa 4
2026-05-11T03:26:32Z,60.0,Versa 4
2026-05-11T03:26:35Z,60.0,Versa 4
2026-05-11T03:26:38Z,60.0,Versa 4
2026-05-11T03:26:41Z,60.0,Versa 4
2026-05-11T03:26:44Z,60.0,Versa 4
2026-05-11T03:26:47Z,60.0,Versa 4
2026-05-11T03:26:50Z,60.0,Versa 4
2026-05-11T03:26:53Z,60.0,Versa 4
2026-05-11T03:26:56Z,60.0,Versa 4
2026-05-11T03:26:59Z,60.0,Versa 4
2026-05-11T03:27:02Z,60.0,Versa 4
2026-05-11T03:27:05Z,60.0,Versa 4
2026-05-11T03:27:07Z,60.0,Versa 4
2026-05-11T03:27:10Z,59.0,Versa 4
2026-05-11T03:27:13Z,59.0,Versa 4
2026-05-11T03:27:14Z,60.0,Versa 4
2026-05-11T03:27:17Z,60.0,Versa 4
2026-05-11T03:27:20Z,60.0,Versa 4
2026-05-11T03:27:23Z,60.0,Versa 4
2026-05-11T03:27:26Z,59.0,Versa 4
2026-05-11T03:27:29Z,59.0,Versa 4
2026-05-11T03:27:30Z,60.0,Versa 4
2026-05-11T03:27:33Z,60.0,Versa 4
2026-05-11T03:27:36Z,60.0,Versa 4
2026-05-11T03:27:39Z,60.0,Versa 4
2026-05-11T03:27:42Z,60.0,Versa 4
2026-05-11T03:27:45Z,60.0,Versa 4
2026-05-11T03:27:48Z,60.0,Versa 4
2026-05-11T03:27:51Z,60.0,Versa 4
2026-05-11T03:27:54Z,60.0,Versa 4
2026-05-11T03:27:57Z,60.0,Versa 4
2026-05-11T03:27:58Z,59.0,Versa 4
2026-05-11T03:28:00Z,58.0,Versa 4
2026-05-11T03:28:03Z,58.0,Versa 4
2026-05-11T03:28:06Z,58.0,Versa 4
2026-05-11T03:28:09Z,58.0,Versa 4
2026-05-11T03:28:12Z,58.0,Versa 4
2026-05-11T03:28:15Z,58.0,Versa 4
2026-05-11T03:28:18Z,59.0,Versa 4
2026-05-11T03:28:19Z,58.0,Versa 4
2026-05-11T03:28:21Z,59.0,Versa 4
2026-05-11T03:28:23Z,60.0,Versa 4
2026-05-11T03:28:26Z,60.0,Versa 4
2026-05-11T03:28:29Z,60.0,Versa 4
2026-05-11T03:28:32Z,60.0,Versa 4
2026-05-11T03:28:35Z,60.0,Versa 4
2026-05-11T03:28:38Z,60.0,Versa 4
2026-05-11T03:28:41Z,59.0,Versa 4
2026-05-11T03:28:43Z,58.0,Versa 4
2026-05-11T03:28:46Z,58.0,Versa 4
2026-05-11T03:28:49Z,58.0,Versa 4
2026-05-11T03:28:50Z,59.0,Versa 4
2026-05-11T03:28:53Z,59.0,Versa 4
2026-05-11T03:28:54Z,60.0,Versa 4
2026-05-11T03:28:57Z,60.0,Versa 4
2026-05-11T03:29:00Z,60.0,Versa 4
2026-05-11T03:29:03Z,60.0,Versa 4
2026-05-11T03:29:06Z,60.0,Versa 4
2026-05-11T03:29:09Z,60.0,Versa 4
2026-05-11T03:29:12Z,60.0,Versa 4
2026-05-11T03:29:15Z,60.0,Versa 4
2026-05-11T03:29:18Z,60.0,Versa 4
2026-05-11T03:29:21Z,60.0,Versa 4
2026-05-11T03:29:24Z,60.0,Versa 4
2026-05-11T03:29:27Z,60.0,Versa 4
2026-05-11T03:29:30Z,60.0,Versa 4
2026-05-11T03:29:31Z,60.0,Versa 4
2026-05-11T03:29:34Z,60.0,Versa 4
2026-05-11T03:29:37Z,60.0,Versa 4
2026-05-11T03:29:40Z,60.0,Versa 4
2026-05-11T03:29:42Z,59.0,Versa 4
2026-05-11T03:29:45Z,59.0,Versa 4
2026-05-11T03:29:46Z,60.0,Versa 4
2026-05-11T03:29:49Z,60.0,Versa 4
2026-05-11T03:29:50Z,59.0,Versa 4
2026-05-11T03:29:53Z,59.0,Versa 4
2026-05-11T03:29:54Z,58.0,Versa 4
2026-05-11T03:29:55Z,59.0,Versa 4
2026-05-11T03:29:57Z,60.0,Versa 4
2026-05-11T03:30:00Z,60.0,Versa 4
2026-05-11T03:30:03Z,60.0,Versa 4
2026-05-11T03:30:06Z,60.0,Versa 4
2026-05-11T03:30:09Z,60.0,Versa 4
2026-05-11T03:30:12Z,60.0,Versa 4
2026-05-11T03:30:15Z,60.0,Versa 4
2026-05-11T03:30:18Z,60.0,Versa 4
2026-05-11T03:30:21Z,60.0,Versa 4
2026-05-11T03:30:24Z,59.0,Versa 4
2026-05-11T03:30:27Z,59.0,Versa 4
2026-05-11T03:30:30Z,59.0,Versa 4
2026-05-11T03:30:33Z,59.0,Versa 4
2026-05-11T03:30:36Z,59.0,Versa 4
2026-05-11T03:30:39Z,59.0,Versa 4
2026-05-11T03:30:40Z,59.0,Versa 4
2026-05-11T03:30:43Z,60.0,Versa 4
2026-05-11T03:30:46Z,60.0,Versa 4
2026-05-11T03:30:49Z,60.0,Versa 4
2026-05-11T03:30:51Z,58.0,Versa 4
2026-05-11T03:30:54Z,58.0,Versa 4
2026-05-11T03:30:55Z,57.0,Versa 4
2026-05-11T03:30:57Z,58.0,Versa 4
2026-05-11T03:31:00Z,58.0,Versa 4
2026-05-11T03:31:03Z,58.0,Versa 4
2026-05-11T03:31:06Z,58.0,Versa 4
2026-05-11T03:31:09Z,58.0,Versa 4
2026-05-11T03:31:12Z,58.0,Versa 4
2026-05-11T03:31:15Z,58.0,Versa 4
2026-05-11T03:31:18Z,58.0,Versa 4
2026-05-11T03:31:21Z,58.0,Versa 4
2026-05-11T03:31:24Z,58.0,Versa 4
2026-05-11T03:31:26Z,60.0,Versa 4
2026-05-11T03:31:29Z,60.0,Versa 4
2026-05-11T03:31:30Z,62.0,Versa 4
2026-05-11T03:31:33Z,61.0,Versa 4
2026-05-11T03:31:35Z,60.0,Versa 4
2026-05-11T03:31:37Z,58.0,Versa 4
2026-05-11T03:31:40Z,58.0,Versa 4
2026-05-11T03:31:43Z,58.0,Versa 4
2026-05-11T03:31:46Z,58.0,Versa 4
2026-05-11T03:31:47Z,57.0,Versa 4
2026-05-11T03:31:49Z,57.0,Versa 4
2026-05-11T03:31:51Z,57.0,Versa 4
2026-05-11T03:31:53Z,58.0,Versa 4
2026-05-11T03:31:55Z,58.0,Versa 4
2026-05-11T03:31:58Z,58.0,Versa 4
2026-05-11T03:32:01Z,58.0,Versa 4
2026-05-11T03:32:04Z,58.0,Versa 4
2026-05-11T03:32:07Z,58.0,Versa 4
2026-05-11T03:32:10Z,58.0,Versa 4
2026-05-11T03:32:13Z,58.0,Versa 4
2026-05-11T03:32:16Z,59.0,Versa 4
2026-05-11T03:32:18Z,60.0,Versa 4
2026-05-11T03:32:21Z,60.0,Versa 4
2026-05-11T03:32:24Z,60.0,Versa 4
2026-05-11T03:32:27Z,59.0,Versa 4
2026-05-11T03:32:30Z,59.0,Versa 4
2026-05-11T03:32:33Z,59.0,Versa 4
2026-05-11T03:32:35Z,59.0,Versa 4
2026-05-11T03:32:38Z,59.0,Versa 4
2026-05-11T03:32:39Z,58.0,Versa 4
2026-05-11T03:32:42Z,58.0,Versa 4
2026-05-11T03:32:45Z,58.0,Versa 4
2026-05-11T03:32:48Z,57.0,Versa 4
2026-05-11T03:32:50Z,56.0,Versa 4
2026-05-11T03:32:53Z,56.0,Versa 4
2026-05-11T03:32:54Z,58.0,Versa 4
2026-05-11T03:32:57Z,58.0,Versa 4
2026-05-11T03:32:58Z,58.0,Versa 4
2026-05-11T03:33:00Z,56.0,Versa 4
2026-05-11T03:33:02Z,56.0,Versa 4
2026-05-11T03:33:04Z,56.0,Versa 4
2026-05-11T03:33:07Z,56.0,Versa 4
2026-05-11T03:33:10Z,56.0,Versa 4
2026-05-11T03:33:13Z,56.0,Versa 4
2026-05-11T03:33:16Z,56.0,Versa 4
2026-05-11T03:33:19Z,56.0,Versa 4
2026-05-11T03:33:21Z,57.0,Versa 4
2026-05-11T03:33:23Z,58.0,Versa 4
2026-05-11T03:33:26Z,58.0,Versa 4
2026-05-11T03:33:29Z,58.0,Versa 4
2026-05-11T03:33:32Z,58.0,Versa 4
2026-05-11T03:33:34Z,59.0,Versa 4
2026-05-11T03:33:36Z,60.0,Versa 4
2026-05-11T03:33:38Z,59.0,Versa 4
2026-05-11T03:33:40Z,58.0,Versa 4
2026-05-11T03:33:43Z,58.0,Versa 4
2026-05-11T03:33:46Z,59.0,Versa 4
2026-05-11T03:33:48Z,60.0,Versa 4
2026-05-11T03:33:51Z,60.0,Versa 4
2026-05-11T03:33:52Z,59.0,Versa 4
2026-05-11T03:33:55Z,59.0,Versa 4
2026-05-11T03:33:58Z,59.0,Versa 4
2026-05-11T03:33:59Z,58.0,Versa 4
2026-05-11T03:34:02Z,58.0,Versa 4
2026-05-11T03:34:03Z,57.0,Versa 4
2026-05-11T03:34:06Z,57.0,Versa 4
2026-05-11T03:34:09Z,57.0,Versa 4
2026-05-11T03:34:12Z,57.0,Versa 4
2026-05-11T03:34:15Z,58.0,Versa 4
2026-05-11T03:34:18Z,58.0,Versa 4
2026-05-11T03:34:21Z,58.0,Versa 4
2026-05-11T03:34:22Z,56.0,Versa 4
2026-05-11T03:34:25Z,56.0,Versa 4
2026-05-11T03:34:26Z,56.0,Versa 4
2026-05-11T03:34:28Z,56.0,Versa 4
2026-05-11T03:34:31Z,56.0,Versa 4
2026-05-11T03:34:32Z,57.0,Versa 4
2026-05-11T03:34:35Z,57.0,Versa 4
2026-05-11T03:34:36Z,56.0,Versa 4
2026-05-11T03:34:39Z,56.0,Versa 4
2026-05-11T03:34:42Z,56.0,Versa 4
2026-05-11T03:34:45Z,56.0,Versa 4
2026-05-11T03:34:47Z,57.0,Versa 4
2026-05-11T03:34:50Z,57.0,Versa 4
2026-05-11T03:34:51Z,58.0,Versa 4
2026-05-11T03:34:54Z,58.0,Versa 4
2026-05-11T03:34:57Z,58.0,Versa 4
2026-05-11T03:35:00Z,58.0,Versa 4
2026-05-11T03:35:03Z,58.0,Versa 4
2026-05-11T03:35:05Z,59.0,Versa 4
2026-05-11T03:35:08Z,59.0,Versa 4
2026-05-11T03:35:10Z,58.0,Versa 4
2026-05-11T03:35:13Z,58.0,Versa 4
2026-05-11T03:35:16Z,57.0,Versa 4
2026-05-11T03:35:18Z,56.0,Versa 4
2026-05-11T03:35:20Z,57.0,Versa 4
2026-05-11T03:35:23Z,57.0,Versa 4
2026-05-11T03:35:24Z,58.0,Versa 4
2026-05-11T03:35:27Z,58.0,Versa 4
2026-05-11T03:35:30Z,58.0,Versa 4
2026-05-11T03:35:33Z,58.0,Versa 4
2026-05-11T03:35:36Z,58.0,Versa 4
2026-05-11T03:35:37Z,59.0,Versa 4
2026-05-11T03:35:40Z,59.0,Versa 4
2026-05-11T03:35:43Z,59.0,Versa 4
2026-05-11T03:35:46Z,59.0,Versa 4
2026-05-11T03:35:47Z,58.0,Versa 4
2026-05-11T03:35:50Z,58.0,Versa 4
2026-05-11T03:35:53Z,58.0,Versa 4
2026-05-11T03:35:56Z,58.0,Versa 4
2026-05-11T03:35:59Z,58.0,Versa 4
2026-05-11T03:36:02Z,58.0,Versa 4
2026-05-11T03:36:05Z,58.0,Versa 4
2026-05-11T03:36:08Z,58.0,Versa 4
2026-05-11T03:36:11Z,58.0,Versa 4
2026-05-11T03:36:12Z,57.0,Versa 4
2026-05-11T03:36:14Z,56.0,Versa 4
2026-05-11T03:36:16Z,55.0,Versa 4
2026-05-11T03:36:18Z,56.0,Versa 4
2026-05-11T03:36:21Z,56.0,Versa 4
2026-05-11T03:36:24Z,56.0,Versa 4
2026-05-11T03:36:25Z,56.0,Versa 4
2026-05-11T03:36:27Z,56.0,Versa 4
2026-05-11T03:36:29Z,58.0,Versa 4
2026-05-11T03:36:32Z,58.0,Versa 4
2026-05-11T03:36:35Z,58.0,Versa 4
2026-05-11T03:36:38Z,58.0,Versa 4
2026-05-11T03:36:41Z,58.0,Versa 4
2026-05-11T03:36:43Z,60.0,Versa 4
2026-05-11T03:36:46Z,61.0,Versa 4
2026-05-11T03:36:48Z,60.0,Versa 4
2026-05-11T03:36:51Z,60.0,Versa 4
2026-05-11T03:36:54Z,60.0,Versa 4
2026-05-11T03:36:56Z,59.0,Versa 4
2026-05-11T03:36:58Z,60.0,Versa 4
2026-05-11T03:37:00Z,59.0,Versa 4
2026-05-11T03:37:02Z,58.0,Versa 4
2026-05-11T03:37:05Z,58.0,Versa 4
2026-05-11T03:37:07Z,57.0,Versa 4
2026-05-11T03:37:09Z,56.0,Versa 4
2026-05-11T03:37:12Z,56.0,Versa 4
2026-05-11T03:37:15Z,56.0,Versa 4
2026-05-11T03:37:17Z,57.0,Versa 4
2026-05-11T03:37:19Z,58.0,Versa 4
2026-05-11T03:37:22Z,58.0,Versa 4
2026-05-11T03:37:23Z,58.0,Versa 4
2026-05-11T03:37:26Z,58.0,Versa 4
2026-05-11T03:37:29Z,58.0,Versa 4
2026-05-11T03:37:32Z,58.0,Versa 4
2026-05-11T03:37:35Z,58.0,Versa 4
2026-05-11T03:37:36Z,56.0,Versa 4
2026-05-11T03:37:38Z,55.0,Versa 4
2026-05-11T03:37:40Z,56.0,Versa 4
2026-05-11T03:37:43Z,56.0,Versa 4
2026-05-11T03:37:46Z,56.0,Versa 4
2026-05-11T03:37:48Z,57.0,Versa 4
2026-05-11T03:37:50Z,58.0,Versa 4
2026-05-11T03:37:53Z,58.0,Versa 4
2026-05-11T03:37:54Z,59.0,Versa 4
2026-05-11T03:37:55Z,60.0,Versa 4
2026-05-11T03:37:58Z,60.0,Versa 4
2026-05-11T03:38:01Z,60.0,Versa 4
2026-05-11T03:38:04Z,60.0,Versa 4
2026-05-11T03:38:07Z,59.0,Versa 4
2026-05-11T03:38:10Z,59.0,Versa 4
2026-05-11T03:38:13Z,58.0,Versa 4
2026-05-11T03:38:16Z,58.0,Versa 4
2026-05-11T03:38:19Z,58.0,Versa 4
2026-05-11T03:38:22Z,60.0,Versa 4
2026-05-11T03:38:25Z,60.0,Versa 4
2026-05-11T03:38:28Z,60.0,Versa 4
2026-05-11T03:38:31Z,60.0,Versa 4
2026-05-11T03:38:32Z,60.0,Versa 4
2026-05-11T03:38:35Z,60.0,Versa 4
2026-05-11T03:38:38Z,60.0,Versa 4
2026-05-11T03:38:40Z,58.0,Versa 4
2026-05-11T03:38:43Z,58.0,Versa 4
2026-05-11T03:38:46Z,58.0,Versa 4
2026-05-11T03:38:49Z,58.0,Versa 4
2026-05-11T03:38:52Z,58.0,Versa 4
2026-05-11T03:38:53Z,56.0,Versa 4
2026-05-11T03:38:55Z,56.0,Versa 4
2026-05-11T03:38:58Z,56.0,Versa 4
2026-05-11T03:38:59Z,56.0,Versa 4
2026-05-11T03:39:02Z,56.0,Versa 4
2026-05-11T03:39:05Z,56.0,Versa 4
2026-05-11T03:39:08Z,56.0,Versa 4
2026-05-11T03:39:10Z,57.0,Versa 4
2026-05-11T03:39:12Z,58.0,Versa 4
2026-05-11T03:39:15Z,58.0,Versa 4
2026-05-11T03:39:18Z,58.0,Versa 4
2026-05-11T03:39:21Z,58.0,Versa 4
2026-05-11T03:39:24Z,58.0,Versa 4
2026-05-11T03:39:27Z,58.0,Versa 4
2026-05-11T03:39:30Z,58.0,Versa 4
2026-05-11T03:39:33Z,58.0,Versa 4
2026-05-11T03:39:36Z,58.0,Versa 4
2026-05-11T03:39:37Z,59.0,Versa 4
2026-05-11T03:39:39Z,60.0,Versa 4
2026-05-11T03:39:41Z,60.0,Versa 4
2026-05-11T03:39:43Z,59.0,Versa 4
2026-05-11T03:39:45Z,58.0,Versa 4
2026-05-11T03:39:48Z,58.0,Versa 4
2026-05-11T03:39:49Z,59.0,Versa 4
2026-05-11T03:39:51Z,60.0,Versa 4
2026-05-11T03:39:53Z,59.0,Versa 4
2026-05-11T03:39:55Z,58.0,Versa 4
2026-05-11T03:39:58Z,58.0,Versa 4
2026-05-11T03:40:01Z,58.0,Versa 4
2026-05-11T03:40:04Z,58.0,Versa 4
2026-05-11T03:40:07Z,58.0,Versa 4
2026-05-11T03:40:10Z,58.0,Versa 4
2026-05-11T03:40:13Z,58.0,Versa 4
2026-05-11T03:40:14Z,59.0,Versa 4
2026-05-11T03:40:17Z,59.0,Versa 4
2026-05-11T03:40:18Z,60.0,Versa 4
2026-05-11T03:40:21Z,61.0,Versa 4
2026-05-11T03:40:24Z,61.0,Versa 4
2026-05-11T03:40:27Z,60.0,Versa 4
2026-05-11T03:40:30Z,60.0,Versa 4
2026-05-11T03:40:33Z,60.0,Versa 4
2026-05-11T03:40:36Z,60.0,Versa 4
2026-05-11T03:40:39Z,60.0,Versa 4
2026-05-11T03:40:42Z,60.0,Versa 4
2026-05-11T03:40:45Z,60.0,Versa 4
2026-05-11T03:40:48Z,60.0,Versa 4
2026-05-11T03:40:50Z,60.0,Versa 4
2026-05-11T03:40:53Z,60.0,Versa 4
2026-05-11T03:40:54Z,59.0,Versa 4
2026-05-11T03:40:57Z,59.0,Versa 4
2026-05-11T03:41:00Z,59.0,Versa 4
2026-05-11T03:41:03Z,59.0,Versa 4
2026-05-11T03:41:04Z,60.0,Versa 4
2026-05-11T03:41:07Z,60.0,Versa 4
2026-05-11T03:41:10Z,60.0,Versa 4
2026-05-11T03:41:13Z,59.0,Versa 4
2026-05-11T03:41:15Z,58.0,Versa 4
2026-05-11T03:41:18Z,58.0,Versa 4
2026-05-11T03:41:21Z,58.0,Versa 4
2026-05-11T03:41:24Z,58.0,Versa 4
2026-05-11T03:41:27Z,58.0,Versa 4
2026-05-11T03:41:30Z,58.0,Versa 4
2026-05-11T03:41:32Z,60.0,Versa 4
2026-05-11T03:41:35Z,60.0,Versa 4
2026-05-11T03:41:36Z,59.0,Versa 4
2026-05-11T03:41:38Z,58.0,Versa 4
2026-05-11T03:41:40Z,57.0,Versa 4
2026-05-11T03:41:43Z,57.0,Versa 4
2026-05-11T03:41:44Z,58.0,Versa 4
2026-05-11T03:41:47Z,58.0,Versa 4
2026-05-11T03:41:50Z,59.0,Versa 4
2026-05-11T03:41:52Z,60.0,Versa 4
2026-05-11T03:41:55Z,60.0,Versa 4
2026-05-11T03:41:57Z,60.0,Versa 4
2026-05-11T03:42:00Z,60.0,Versa 4
2026-05-11T03:42:03Z,60.0,Versa 4
2026-05-11T03:42:06Z,60.0,Versa 4
2026-05-11T03:42:07Z,59.0,Versa 4
2026-05-11T03:42:10Z,59.0,Versa 4
2026-05-11T03:42:11Z,58.0,Versa 4
2026-05-11T03:42:14Z,58.0,Versa 4
2026-05-11T03:42:17Z,58.0,Versa 4
2026-05-11T03:42:20Z,58.0,Versa 4
2026-05-11T03:42:23Z,58.0,Versa 4
2026-05-11T03:42:24Z,59.0,Versa 4
2026-05-11T03:42:27Z,59.0,Versa 4
2026-05-11T03:42:30Z,58.0,Versa 4
2026-05-11T03:42:32Z,59.0,Versa 4
2026-05-11T03:42:34Z,60.0,Versa 4
2026-05-11T03:42:37Z,60.0,Versa 4
2026-05-11T03:42:40Z,60.0,Versa 4
2026-05-11T03:42:42Z,59.0,Versa 4
2026-05-11T03:42:45Z,59.0,Versa 4
2026-05-11T03:42:48Z,59.0,Versa 4
2026-05-11T03:42:51Z,59.0,Versa 4
2026-05-11T03:42:53Z,60.0,Versa 4
2026-05-11T03:42:55Z,59.0,Versa 4
2026-05-11T03:42:57Z,58.0,Versa 4
2026-05-11T03:43:00Z,58.0,Versa 4
2026-05-11T03:43:03Z,58.0,Versa 4
2026-05-11T03:43:04Z,58.0,Versa 4
2026-05-11T03:43:07Z,58.0,Versa 4
2026-05-11T03:43:10Z,58.0,Versa 4
2026-05-11T03:43:13Z,58.0,Versa 4
2026-05-11T03:43:14Z,59.0,Versa 4
2026-05-11T03:43:17Z,59.0,Versa 4
2026-05-11T03:43:18Z,58.0,Versa 4
2026-05-11T03:43:21Z,58.0,Versa 4
2026-05-11T03:43:24Z,58.0,Versa 4
2026-05-11T03:43:27Z,58.0,Versa 4
2026-05-11T03:43:30Z,58.0,Versa 4
2026-05-11T03:43:33Z,58.0,Versa 4
2026-05-11T03:43:36Z,58.0,Versa 4
2026-05-11T03:43:39Z,58.0,Versa 4
2026-05-11T03:43:41Z,57.0,Versa 4
2026-05-11T03:43:44Z,57.0,Versa 4
2026-05-11T03:43:47Z,57.0,Versa 4
2026-05-11T03:43:49Z,58.0,Versa 4
2026-05-11T03:43:52Z,59.0,Versa 4
2026-05-11T03:43:54Z,58.0,Versa 4
2026-05-11T03:43:57Z,58.0,Versa 4
2026-05-11T03:44:00Z,58.0,Versa 4
2026-05-11T03:44:03Z,58.0,Versa 4
2026-05-11T03:44:06Z,58.0,Versa 4
2026-05-11T03:44:09Z,58.0,Versa 4
2026-05-11T03:44:12Z,59.0,Versa 4
2026-05-11T03:44:14Z,60.0,Versa 4
2026-05-11T03:44:16Z,60.0,Versa 4
2026-05-11T03:44:19Z,60.0,Versa 4
2026-05-11T03:44:22Z,60.0,Versa 4
2026-05-11T03:44:25Z,59.0,Versa 4
2026-05-11T03:44:27Z,58.0,Versa 4
2026-05-11T03:44:29Z,59.0,Versa 4
2026-05-11T03:44:31Z,60.0,Versa 4
2026-05-11T03:44:34Z,60.0,Versa 4
2026-05-11T03:44:37Z,58.0,Versa 4
2026-05-11T03:44:40Z,58.0,Versa 4
2026-05-11T03:44:42Z,57.0,Versa 4
2026-05-11T03:44:44Z,58.0,Versa 4
2026-05-11T03:44:47Z,58.0,Versa 4
2026-05-11T03:44:50Z,58.0,Versa 4
2026-05-11T03:44:53Z,58.0,Versa 4
2026-05-11T03:44:56Z,58.0,Versa 4
2026-05-11T03:44:59Z,58.0,Versa 4
2026-05-11T03:45:02Z,59.0,Versa 4
2026-05-11T03:45:05Z,60.0,Versa 4
2026-05-11T03:45:08Z,60.0,Versa 4
2026-05-11T03:45:11Z,60.0,Versa 4
2026-05-11T03:45:14Z,60.0,Versa 4
2026-05-11T03:45:17Z,60.0,Versa 4
2026-05-11T03:45:19Z,59.0,Versa 4
2026-05-11T03:45:22Z,59.0,Versa 4
2026-05-11T03:45:23Z,58.0,Versa 4
2026-05-11T03:45:26Z,58.0,Versa 4
2026-05-11T03:45:27Z,57.0,Versa 4
2026-05-11T03:45:30Z,57.0,Versa 4
2026-05-11T03:45:32Z,58.0,Versa 4
2026-05-11T03:45:35Z,58.0,Versa 4
2026-05-11T03:45:38Z,58.0,Versa 4
2026-05-11T03:45:41Z,58.0,Versa 4
2026-05-11T03:45:44Z,58.0,Versa 4
2026-05-11T03:45:46Z,59.0,Versa 4
2026-05-11T03:45:49Z,59.0,Versa 4
2026-05-11T03:45:50Z,60.0,Versa 4
2026-05-11T03:45:53Z,60.0,Versa 4
2026-05-11T03:45:56Z,60.0,Versa 4
2026-05-11T03:45:59Z,60.0,Versa 4
2026-05-11T03:46:01Z,59.0,Versa 4
2026-05-11T03:46:03Z,58.0,Versa 4
2026-05-11T03:46:06Z,58.0,Versa 4
2026-05-11T03:46:07Z,57.0,Versa 4
2026-05-11T03:46:10Z,57.0,Versa 4
2026-05-11T03:46:11Z,56.0,Versa 4
2026-05-11T03:46:14Z,56.0,Versa 4
2026-05-11T03:46:17Z,56.0,Versa 4
2026-05-11T03:46:18Z,57.0,Versa 4
2026-05-11T03:46:21Z,57.0,Versa 4
2026-05-11T03:46:22Z,58.0,Versa 4
2026-05-11T03:46:25Z,58.0,Versa 4
2026-05-11T03:46:28Z,58.0,Versa 4
2026-05-11T03:46:31Z,58.0,Versa 4
2026-05-11T03:46:32Z,60.0,Versa 4
2026-05-11T03:46:34Z,62.0,Versa 4
2026-05-11T03:46:37Z,62.0,Versa 4
2026-05-11T03:46:38Z,63.0,Versa 4
2026-05-11T03:46:40Z,64.0,Versa 4
2026-05-11T03:46:43Z,63.0,Versa 4
2026-05-11T03:46:45Z,62.0,Versa 4
2026-05-11T03:46:48Z,62.0,Versa 4
2026-05-11T03:46:51Z,63.0,Versa 4
2026-05-11T03:46:53Z,64.0,Versa 4
2026-05-11T03:46:55Z,66.0,Versa 4
2026-05-11T03:46:57Z,69.0,Versa 4
2026-05-11T03:46:59Z,78.0,Versa 4
2026-05-11T03:47:01Z,83.0,Versa 4
2026-05-11T03:47:03Z,86.0,Versa 4
2026-05-11T03:47:04Z,89.0,Versa 4
2026-05-11T03:47:06Z,87.0,Versa 4
2026-05-11T03:47:08Z,83.0,Versa 4
2026-05-11T03:47:10Z,71.0,Versa 4
2026-05-11T03:47:12Z,67.0,Versa 4
2026-05-11T03:47:14Z,65.0,Versa 4
2026-05-11T03:47:16Z,62.0,Versa 4
2026-05-11T03:47:18Z,60.0,Versa 4
2026-05-11T03:47:21Z,60.0,Versa 4
2026-05-11T03:47:24Z,60.0,Versa 4
2026-05-11T03:47:26Z,61.0,Versa 4
2026-05-11T03:47:29Z,61.0,Versa 4
2026-05-11T03:47:31Z,60.0,Versa 4
2026-05-11T03:47:34Z,60.0,Versa 4
2026-05-11T03:47:37Z,60.0,Versa 4
2026-05-11T03:47:40Z,60.0,Versa 4
2026-05-11T03:47:43Z,60.0,Versa 4
2026-05-11T03:47:46Z,60.0,Versa 4
2026-05-11T03:47:47Z,59.0,Versa 4
2026-05-11T03:47:50Z,59.0,Versa 4
2026-05-11T03:47:51Z,60.0,Versa 4
2026-05-11T03:47:54Z,60.0,Versa 4
2026-05-11T03:47:57Z,60.0,Versa 4
2026-05-11T03:48:00Z,60.0,Versa 4
2026-05-11T03:48:03Z,60.0,Versa 4
2026-05-11T03:48:06Z,60.0,Versa 4
2026-05-11T03:48:09Z,60.0,Versa 4
2026-05-11T03:48:12Z,60.0,Versa 4
2026-05-11T03:48:15Z,60.0,Versa 4
2026-05-11T03:48:16Z,59.0,Versa 4
2026-05-11T03:48:17Z,60.0,Versa 4
2026-05-11T03:48:20Z,60.0,Versa 4
2026-05-11T03:48:21Z,62.0,Versa 4
2026-05-11T03:48:23Z,64.0,Versa 4
2026-05-11T03:48:26Z,64.0,Versa 4
2026-05-11T03:48:27Z,63.0,Versa 4
2026-05-11T03:48:29Z,61.0,Versa 4
2026-05-11T03:48:31Z,60.0,Versa 4
2026-05-11T03:48:33Z,58.0,Versa 4
2026-05-11T03:48:35Z,57.0,Versa 4
2026-05-11T03:48:37Z,57.0,Versa 4
2026-05-11T03:48:39Z,56.0,Versa 4
2026-05-11T03:48:40Z,55.0,Versa 4
2026-05-11T03:48:42Z,54.0,Versa 4
2026-05-11T03:48:45Z,54.0,Versa 4
2026-05-11T03:48:48Z,55.0,Versa 4
2026-05-11T03:48:50Z,56.0,Versa 4
2026-05-11T03:48:53Z,56.0,Versa 4
2026-05-11T03:48:56Z,56.0,Versa 4
2026-05-11T03:48:58Z,57.0,Versa 4
2026-05-11T03:49:00Z,58.0,Versa 4
2026-05-11T03:49:02Z,59.0,Versa 4
2026-05-11T03:49:04Z,60.0,Versa 4
2026-05-11T03:49:07Z,60.0,Versa 4
2026-05-11T03:49:10Z,60.0,Versa 4
2026-05-11T03:49:11Z,59.0,Versa 4
2026-05-11T03:49:14Z,59.0,Versa 4
2026-05-11T03:49:17Z,60.0,Versa 4
2026-05-11T03:49:20Z,60.0,Versa 4
2026-05-11T03:49:23Z,60.0,Versa 4
2026-05-11T03:49:25Z,61.0,Versa 4
2026-05-11T03:49:27Z,60.0,Versa 4
2026-05-11T03:49:28Z,61.0,Versa 4
2026-05-11T03:49:30Z,62.0,Versa 4
2026-05-11T03:49:32Z,62.0,Versa 4
2026-05-11T03:49:35Z,62.0,Versa 4
2026-05-11T03:49:38Z,62.0,Versa 4
2026-05-11T03:49:40Z,63.0,Versa 4
2026-05-11T03:49:43Z,63.0,Versa 4
2026-05-11T03:49:44Z,62.0,Versa 4
2026-05-11T03:49:46Z,61.0,Versa 4
2026-05-11T03:49:48Z,59.0,Versa 4
2026-05-11T03:49:50Z,57.0,Versa 4
2026-05-11T03:49:52Z,56.0,Versa 4
2026-05-11T03:49:55Z,57.0,Versa 4
2026-05-11T03:49:57Z,56.0,Versa 4
2026-05-11T03:49:59Z,57.0,Versa 4
2026-05-11T03:50:01Z,58.0,Versa 4
2026-05-11T03:50:04Z,58.0,Versa 4
2026-05-11T03:50:05Z,59.0,Versa 4
2026-05-11T03:50:07Z,60.0,Versa 4
2026-05-11T03:50:10Z,60.0,Versa 4
2026-05-11T03:50:13Z,60.0,Versa 4
2026-05-11T03:50:16Z,60.0,Versa 4
2026-05-11T03:50:19Z,60.0,Versa 4
2026-05-11T03:50:20Z,59.0,Versa 4
2026-05-11T03:50:22Z,58.0,Versa 4
2026-05-11T03:50:24Z,59.0,Versa 4
2026-05-11T03:50:26Z,60.0,Versa 4
2026-05-11T03:50:28Z,61.0,Versa 4
2026-05-11T03:50:30Z,62.0,Versa 4
2026-05-11T03:50:32Z,61.0,Versa 4
2026-05-11T03:50:34Z,60.0,Versa 4
2026-05-11T03:50:36Z,59.0,Versa 4
2026-05-11T03:50:38Z,58.0,Versa 4
2026-05-11T03:50:40Z,57.0,Versa 4
2026-05-11T03:50:43Z,57.0,Versa 4
2026-05-11T03:50:45Z,58.0,Versa 4
2026-05-11T03:50:47Z,60.0,Versa 4
2026-05-11T03:50:50Z,60.0,Versa 4
2026-05-11T03:50:51Z,59.0,Versa 4
2026-05-11T03:50:53Z,58.0,Versa 4
2026-05-11T03:50:55Z,57.0,Versa 4
2026-05-11T03:50:57Z,56.0,Versa 4
2026-05-11T03:50:59Z,57.0,Versa 4
2026-05-11T03:51:01Z,58.0,Versa 4
2026-05-11T03:51:03Z,60.0,Versa 4
2026-05-11T03:51:06Z,58.0,Versa 4
2026-05-11T03:51:09Z,58.0,Versa 4
2026-05-11T03:51:10Z,57.0,Versa 4
2026-05-11T03:51:12Z,56.0,Versa 4
2026-05-11T03:51:14Z,57.0,Versa 4
2026-05-11T03:51:17Z,57.0,Versa 4
2026-05-11T03:51:18Z,58.0,Versa 4
2026-05-11T03:51:21Z,58.0,Versa 4
2026-05-11T03:51:22Z,60.0,Versa 4
2026-05-11T03:51:24Z,62.0,Versa 4
2026-05-11T03:51:26Z,63.0,Versa 4
2026-05-11T03:51:28Z,63.0,Versa 4
2026-05-11T03:51:29Z,62.0,Versa 4
2026-05-11T03:51:31Z,61.0,Versa 4
2026-05-11T03:51:33Z,60.0,Versa 4
2026-05-11T03:51:35Z,59.0,Versa 4
2026-05-11T03:51:37Z,58.0,Versa 4
2026-05-11T03:51:40Z,58.0,Versa 4
2026-05-11T03:51:43Z,56.0,Versa 4
2026-05-11T03:51:46Z,56.0,Versa 4
2026-05-11T03:51:47Z,57.0,Versa 4
2026-05-11T03:51:49Z,58.0,Versa 4
2026-05-11T03:51:52Z,58.0,Versa 4
2026-05-11T03:51:55Z,58.0,Versa 4
2026-05-11T03:51:58Z,58.0,Versa 4
2026-05-11T03:52:01Z,58.0,Versa 4
2026-05-11T03:52:04Z,58.0,Versa 4
2026-05-11T03:52:07Z,58.0,Versa 4
2026-05-11T03:52:10Z,59.0,Versa 4
2026-05-11T03:52:12Z,60.0,Versa 4
2026-05-11T03:52:14Z,61.0,Versa 4
2026-05-11T03:52:16Z,62.0,Versa 4
2026-05-11T03:52:19Z,61.0,Versa 4
2026-05-11T03:52:21Z,60.0,Versa 4
2026-05-11T03:52:24Z,60.0,Versa 4
2026-05-11T03:52:27Z,60.0,Versa 4
2026-05-11T03:52:29Z,61.0,Versa 4
2026-05-11T03:52:32Z,61.0,Versa 4
2026-05-11T03:52:33Z,61.0,Versa 4
2026-05-11T03:52:35Z,60.0,Versa 4
2026-05-11T03:52:38Z,60.0,Versa 4
2026-05-11T03:52:39Z,58.0,Versa 4
2026-05-11T03:52:40Z,57.0,Versa 4
2026-05-11T03:52:42Z,56.0,Versa 4
2026-05-11T03:52:45Z,56.0,Versa 4
2026-05-11T03:52:48Z,56.0,Versa 4
2026-05-11T03:52:51Z,56.0,Versa 4
2026-05-11T03:52:52Z,57.0,Versa 4
2026-05-11T03:52:54Z,58.0,Versa 4
2026-05-11T03:52:57Z,58.0,Versa 4
2026-05-11T03:53:00Z,58.0,Versa 4
2026-05-11T03:53:03Z,58.0,Versa 4
2026-05-11T03:53:06Z,58.0,Versa 4
2026-05-11T03:53:09Z,58.0,Versa 4
2026-05-11T03:53:12Z,58.0,Versa 4
2026-05-11T03:53:15Z,58.0,Versa 4
2026-05-11T03:53:17Z,57.0,Versa 4
2026-05-11T03:53:19Z,58.0,Versa 4
2026-05-11T03:53:22Z,58.0,Versa 4
2026-05-11T03:53:25Z,59.0,Versa 4
2026-05-11T03:53:28Z,59.0,Versa 4
2026-05-11T03:53:30Z,58.0,Versa 4
2026-05-11T03:53:33Z,58.0,Versa 4
2026-05-11T03:53:36Z,58.0,Versa 4
2026-05-11T03:53:39Z,58.0,Versa 4
2026-05-11T03:53:40Z,58.0,Versa 4
2026-05-11T03:53:43Z,58.0,Versa 4
2026-05-11T03:53:46Z,58.0,Versa 4
2026-05-11T03:53:49Z,58.0,Versa 4
2026-05-11T03:53:52Z,58.0,Versa 4
2026-05-11T03:53:55Z,58.0,Versa 4
2026-05-11T03:53:58Z,58.0,Versa 4
2026-05-11T03:54:01Z,58.0,Versa 4
2026-05-11T03:54:03Z,59.0,Versa 4
2026-05-11T03:54:05Z,60.0,Versa 4
2026-05-11T03:54:08Z,60.0,Versa 4
2026-05-11T03:54:11Z,60.0,Versa 4
2026-05-11T03:54:14Z,60.0,Versa 4
2026-05-11T03:54:17Z,60.0,Versa 4
2026-05-11T03:54:20Z,60.0,Versa 4
2026-05-11T03:54:23Z,60.0,Versa 4
2026-05-11T03:54:24Z,59.0,Versa 4
2026-05-11T03:54:27Z,59.0,Versa 4
2026-05-11T03:54:28Z,60.0,Versa 4
2026-05-11T03:54:31Z,60.0,Versa 4
2026-05-11T03:54:32Z,59.0,Versa 4
2026-05-11T03:54:34Z,60.0,Versa 4
2026-05-11T03:54:36Z,59.0,Versa 4
2026-05-11T03:54:38Z,60.0,Versa 4
2026-05-11T03:54:41Z,60.0,Versa 4
2026-05-11T03:54:44Z,60.0,Versa 4
2026-05-11T03:54:47Z,60.0,Versa 4
2026-05-11T03:54:49Z,60.0,Versa 4
2026-05-11T03:54:52Z,60.0,Versa 4
2026-05-11T03:54:55Z,60.0,Versa 4
2026-05-11T03:54:58Z,60.0,Versa 4
2026-05-11T03:55:01Z,60.0,Versa 4
2026-05-11T03:55:03Z,59.0,Versa 4
2026-05-11T03:55:06Z,59.0,Versa 4
2026-05-11T03:55:08Z,60.0,Versa 4
2026-05-11T03:55:11Z,60.0,Versa 4
2026-05-11T03:55:14Z,60.0,Versa 4
2026-05-11T03:55:17Z,60.0,Versa 4
2026-05-11T03:55:20Z,60.0,Versa 4
2026-05-11T03:55:22Z,61.0,Versa 4
2026-05-11T03:55:24Z,62.0,Versa 4
2026-05-11T03:55:27Z,62.0,Versa 4
2026-05-11T03:55:28Z,61.0,Versa 4
2026-05-11T03:55:31Z,60.0,Versa 4
2026-05-11T03:55:34Z,60.0,Versa 4
2026-05-11T03:55:37Z,60.0,Versa 4
2026-05-11T03:55:40Z,60.0,Versa 4
2026-05-11T03:55:41Z,61.0,Versa 4
2026-05-11T03:55:44Z,61.0,Versa 4
2026-05-11T03:55:47Z,61.0,Versa 4
2026-05-11T03:55:49Z,60.0,Versa 4
2026-05-11T03:55:51Z,61.0,Versa 4
2026-05-11T03:55:52Z,62.0,Versa 4
2026-05-11T03:55:55Z,62.0,Versa 4
2026-05-11T03:55:56Z,62.0,Versa 4
2026-05-11T03:55:58Z,63.0,Versa 4
2026-05-11T03:56:00Z,62.0,Versa 4
2026-05-11T03:56:03Z,62.0,Versa 4
2026-05-11T03:56:06Z,62.0,Versa 4
2026-05-11T03:56:09Z,62.0,Versa 4
2026-05-11T03:56:10Z,60.0,Versa 4
2026-05-11T03:56:13Z,60.0,Versa 4
2026-05-11T03:56:14Z,59.0,Versa 4
2026-05-11T03:56:17Z,58.0,Versa 4
2026-05-11T03:56:20Z,58.0,Versa 4
2026-05-11T03:56:23Z,58.0,Versa 4
2026-05-11T03:56:26Z,58.0,Versa 4
2026-05-11T03:56:29Z,58.0,Versa 4
2026-05-11T03:56:31Z,60.0,Versa 4
2026-05-11T03:56:33Z,61.0,Versa 4
2026-05-11T03:56:35Z,62.0,Versa 4
2026-05-11T03:56:38Z,62.0,Versa 4
2026-05-11T03:56:41Z,62.0,Versa 4
2026-05-11T03:56:44Z,61.0,Versa 4
2026-05-11T03:56:46Z,60.0,Versa 4
2026-05-11T03:56:49Z,60.0,Versa 4
2026-05-11T03:56:52Z,60.0,Versa 4
2026-05-11T03:56:54Z,58.0,Versa 4
2026-05-11T03:56:57Z,58.0,Versa 4
2026-05-11T03:57:00Z,57.0,Versa 4
2026-05-11T03:57:03Z,57.0,Versa 4
2026-05-11T03:57:04Z,57.0,Versa 4
2026-05-11T03:57:07Z,58.0,Versa 4
2026-05-11T03:57:10Z,58.0,Versa 4
2026-05-11T03:57:13Z,58.0,Versa 4
2026-05-11T03:57:15Z,59.0,Versa 4
2026-05-11T03:57:17Z,60.0,Versa 4
2026-05-11T03:57:20Z,60.0,Versa 4
2026-05-11T03:57:23Z,61.0,Versa 4
2026-05-11T03:57:26Z,61.0,Versa 4
2026-05-11T03:57:27Z,62.0,Versa 4
2026-05-11T03:57:30Z,62.0,Versa 4
2026-05-11T03:57:33Z,62.0,Versa 4
2026-05-11T03:57:36Z,63.0,Versa 4
2026-05-11T03:57:38Z,64.0,Versa 4
2026-05-11T03:57:40Z,63.0,Versa 4
2026-05-11T03:57:42Z,62.0,Versa 4
2026-05-11T03:57:45Z,62.0,Versa 4
2026-05-11T03:57:48Z,61.0,Versa 4
2026-05-11T03:57:50Z,60.0,Versa 4
2026-05-11T03:57:53Z,60.0,Versa 4
2026-05-11T03:57:56Z,60.0,Versa 4
2026-05-11T03:57:59Z,60.0,Versa 4
2026-05-11T03:58:02Z,60.0,Versa 4
2026-05-11T03:58:03Z,61.0,Versa 4
2026-05-11T03:58:05Z,62.0,Versa 4
2026-05-11T03:58:06Z,64.0,Versa 4
2026-05-11T03:58:08Z,66.0,Versa 4
2026-05-11T03:58:10Z,66.0,Versa 4
2026-05-11T03:58:13Z,66.0,Versa 4
2026-05-11T03:58:14Z,76.0,Versa 4
2026-05-11T03:58:16Z,83.0,Versa 4
2026-05-11T03:58:18Z,85.0,Versa 4
2026-05-11T03:58:20Z,88.0,Versa 4
2026-05-11T03:58:22Z,90.0,Versa 4
2026-05-11T03:58:24Z,89.0,Versa 4
2026-05-11T03:58:26Z,84.0,Versa 4
2026-05-11T03:58:28Z,73.0,Versa 4
2026-05-11T03:58:30Z,69.0,Versa 4
2026-05-11T03:58:31Z,67.0,Versa 4
2026-05-11T03:58:33Z,64.0,Versa 4
2026-05-11T03:58:35Z,61.0,Versa 4
2026-05-11T03:58:37Z,60.0,Versa 4
2026-05-11T03:58:39Z,59.0,Versa 4
2026-05-11T03:58:41Z,58.0,Versa 4
2026-05-11T03:58:44Z,58.0,Versa 4
2026-05-11T03:58:45Z,57.0,Versa 4
2026-05-11T03:58:47Z,56.0,Versa 4
2026-05-11T03:58:50Z,56.0,Versa 4
2026-05-11T03:58:53Z,58.0,Versa 4
2026-05-11T03:58:54Z,60.0,Versa 4
2026-05-11T03:58:56Z,61.0,Versa 4
2026-05-11T03:58:58Z,60.0,Versa 4
2026-05-11T03:59:00Z,59.0,Versa 4
2026-05-11T03:59:02Z,58.0,Versa 4
2026-05-11T03:59:04Z,57.0,Versa 4
2026-05-11T03:59:07Z,57.0,Versa 4
2026-05-11T03:59:08Z,59.0,Versa 4
2026-05-11T03:59:10Z,62.0,Versa 4
2026-05-11T03:59:12Z,65.0,Versa 4
2026-05-11T03:59:15Z,65.0,Versa 4
2026-05-11T03:59:18Z,64.0,Versa 4
2026-05-11T03:59:19Z,61.0,Versa 4
2026-05-11T03:59:21Z,60.0,Versa 4
2026-05-11T03:59:23Z,59.0,Versa 4
2026-05-11T03:59:25Z,58.0,Versa 4
2026-05-11T03:59:27Z,57.0,Versa 4
2026-05-11T03:59:30Z,57.0,Versa 4
2026-05-11T03:59:31Z,56.0,Versa 4
2026-05-11T03:59:33Z,55.0,Versa 4
2026-05-11T03:59:36Z,55.0,Versa 4
2026-05-11T03:59:39Z,55.0,Versa 4
2026-05-11T03:59:42Z,56.0,Versa 4
2026-05-11T03:59:45Z,56.0,Versa 4
2026-05-11T03:59:48Z,56.0,Versa 4
2026-05-11T03:59:51Z,56.0,Versa 4
2026-05-11T03:59:52Z,58.0,Versa 4
2026-05-11T03:59:54Z,59.0,Versa 4
2026-05-11T03:59:56Z,60.0,Versa 4
2026-05-11T03:59:59Z,60.0,Versa 4
2026-05-11T04:00:00Z,60.0,Versa 4
2026-05-11T04:00:02Z,59.0,Versa 4
2026-05-11T04:00:05Z,59.0,Versa 4
2026-05-11T04:00:06Z,60.0,Versa 4
2026-05-11T04:00:07Z,61.0,Versa 4
2026-05-11T04:00:09Z,63.0,Versa 4
2026-05-11T04:00:11Z,64.0,Versa 4
2026-05-11T04:00:14Z,64.0,Versa 4
2026-05-11T04:00:17Z,64.0,Versa 4
2026-05-11T04:00:19Z,63.0,Versa 4
2026-05-11T04:00:21Z,62.0,Versa 4
2026-05-11T04:00:24Z,62.0,Versa 4
2026-05-11T04:00:27Z,62.0,Versa 4
2026-05-11T04:00:30Z,61.0,Versa 4
2026-05-11T04:00:33Z,61.0,Versa 4
2026-05-11T04:00:34Z,62.0,Versa 4
2026-05-11T04:00:37Z,62.0,Versa 4
2026-05-11T04:00:40Z,62.0,Versa 4
2026-05-11T04:00:43Z,62.0,Versa 4
2026-05-11T04:00:44Z,63.0,Versa 4
2026-05-11T04:00:47Z,63.0,Versa 4
2026-05-11T04:00:48Z,62.0,Versa 4
2026-05-11T04:00:50Z,63.0,Versa 4
2026-05-11T04:00:53Z,63.0,Versa 4
2026-05-11T04:00:56Z,63.0,Versa 4
2026-05-11T04:00:59Z,63.0,Versa 4
2026-05-11T04:01:01Z,62.0,Versa 4
2026-05-11T04:01:03Z,62.0,Versa 4
2026-05-11T04:01:06Z,62.0,Versa 4
2026-05-11T04:01:09Z,63.0,Versa 4
2026-05-11T04:01:11Z,65.0,Versa 4
2026-05-11T04:01:13Z,67.0,Versa 4
2026-05-11T04:01:16Z,67.0,Versa 4
2026-05-11T04:01:17Z,67.0,Versa 4
2026-05-11T04:01:18Z,65.0,Versa 4
2026-05-11T04:01:20Z,64.0,Versa 4
2026-05-11T04:01:22Z,63.0,Versa 4
2026-05-11T04:01:24Z,62.0,Versa 4
2026-05-11T04:01:27Z,62.0,Versa 4
2026-05-11T04:01:28Z,61.0,Versa 4
2026-05-11T04:01:31Z,61.0,Versa 4
2026-05-11T04:01:34Z,62.0,Versa 4
2026-05-11T04:01:36Z,61.0,Versa 4
2026-05-11T04:01:38Z,60.0,Versa 4
2026-05-11T04:01:41Z,60.0,Versa 4
2026-05-11T04:01:44Z,60.0,Versa 4
2026-05-11T04:01:45Z,61.0,Versa 4
2026-05-11T04:01:47Z,60.0,Versa 4
2026-05-11T04:01:50Z,60.0,Versa 4
2026-05-11T04:01:53Z,60.0,Versa 4
2026-05-11T04:01:55Z,61.0,Versa 4
2026-05-11T04:01:57Z,63.0,Versa 4
2026-05-11T04:01:59Z,64.0,Versa 4
2026-05-11T04:02:02Z,64.0,Versa 4
2026-05-11T04:02:03Z,62.0,Versa 4
2026-05-11T04:02:05Z,61.0,Versa 4
2026-05-11T04:02:06Z,59.0,Versa 4
2026-05-11T04:02:08Z,58.0,Versa 4
2026-05-11T04:02:11Z,58.0,Versa 4
2026-05-11T04:02:12Z,58.0,Versa 4
2026-05-11T04:02:15Z,58.0,Versa 4
2026-05-11T04:02:16Z,59.0,Versa 4
2026-05-11T04:02:19Z,59.0,Versa 4
2026-05-11T04:02:22Z,60.0,Versa 4
2026-05-11T04:02:25Z,60.0,Versa 4
2026-05-11T04:02:28Z,60.0,Versa 4
2026-05-11T04:02:30Z,61.0,Versa 4
2026-05-11T04:02:33Z,60.0,Versa 4
2026-05-11T04:02:35Z,59.0,Versa 4
2026-05-11T04:02:37Z,58.0,Versa 4
2026-05-11T04:02:40Z,58.0,Versa 4
2026-05-11T04:02:43Z,59.0,Versa 4
2026-05-11T04:02:45Z,60.0,Versa 4
2026-05-11T04:02:48Z,60.0,Versa 4
2026-05-11T04:02:51Z,60.0,Versa 4
2026-05-11T04:02:54Z,61.0,Versa 4
2026-05-11T04:02:56Z,62.0,Versa 4
2026-05-11T04:02:58Z,63.0,Versa 4
2026-05-11T04:03:00Z,65.0,Versa 4
2026-05-11T04:03:02Z,67.0,Versa 4
2026-05-11T04:03:04Z,70.0,Versa 4
2026-05-11T04:03:06Z,72.0,Versa 4
2026-05-11T04:03:09Z,72.0,Versa 4
2026-05-11T04:03:10Z,70.0,Versa 4
2026-05-11T04:03:12Z,69.0,Versa 4
2026-05-11T04:03:14Z,67.0,Versa 4
2026-05-11T04:03:16Z,66.0,Versa 4
2026-05-11T04:03:18Z,65.0,Versa 4
2026-05-11T04:03:19Z,64.0,Versa 4
2026-05-11T04:03:22Z,64.0,Versa 4
2026-05-11T04:03:25Z,63.0,Versa 4
2026-05-11T04:03:28Z,63.0,Versa 4
2026-05-11T04:03:29Z,62.0,Versa 4
2026-05-11T04:03:32Z,62.0,Versa 4
2026-05-11T04:03:35Z,62.0,Versa 4
2026-05-11T04:03:37Z,63.0,Versa 4
2026-05-11T04:03:40Z,63.0,Versa 4
2026-05-11T04:03:43Z,63.0,Versa 4
2026-05-11T04:03:44Z,64.0,Versa 4
2026-05-11T04:03:46Z,63.0,Versa 4
2026-05-11T04:03:48Z,62.0,Versa 4
2026-05-11T04:03:51Z,62.0,Versa 4
2026-05-11T04:03:54Z,60.0,Versa 4
2026-05-11T04:03:56Z,61.0,Versa 4
2026-05-11T04:03:58Z,62.0,Versa 4
2026-05-11T04:04:01Z,62.0,Versa 4
2026-05-11T04:04:04Z,62.0,Versa 4
2026-05-11T04:04:07Z,62.0,Versa 4
2026-05-11T04:04:09Z,62.0,Versa 4
2026-05-11T04:04:11Z,64.0,Versa 4
2026-05-11T04:04:14Z,64.0,Versa 4
2026-05-11T04:04:17Z,64.0,Versa 4
2026-05-11T04:04:19Z,63.0,Versa 4
2026-05-11T04:04:21Z,62.0,Versa 4
2026-05-11T04:04:24Z,62.0,Versa 4
2026-05-11T04:04:27Z,62.0,Versa 4
2026-05-11T04:04:30Z,62.0,Versa 4
2026-05-11T04:04:33Z,62.0,Versa 4
2026-05-11T04:04:34Z,61.0,Versa 4
2026-05-11T04:04:36Z,60.0,Versa 4
2026-05-11T04:04:38Z,61.0,Versa 4
2026-05-11T04:04:40Z,62.0,Versa 4
2026-05-11T04:04:43Z,62.0,Versa 4
2026-05-11T04:04:46Z,61.0,Versa 4
2026-05-11T04:04:49Z,61.0,Versa 4
2026-05-11T04:04:50Z,60.0,Versa 4
2026-05-11T04:04:53Z,60.0,Versa 4
2026-05-11T04:04:54Z,61.0,Versa 4
2026-05-11T04:04:57Z,61.0,Versa 4
2026-05-11T04:04:59Z,62.0,Versa 4
2026-05-11T04:05:02Z,62.0,Versa 4
2026-05-11T04:05:05Z,62.0,Versa 4
2026-05-11T04:05:08Z,62.0,Versa 4
2026-05-11T04:05:09Z,63.0,Versa 4
2026-05-11T04:05:11Z,64.0,Versa 4
2026-05-11T04:05:13Z,64.0,Versa 4
2026-05-11T04:05:15Z,65.0,Versa 4
2026-05-11T04:05:17Z,66.0,Versa 4
2026-05-11T04:05:20Z,68.0,Versa 4
2026-05-11T04:05:22Z,70.0,Versa 4
2026-05-11T04:05:24Z,72.0,Versa 4
2026-05-11T04:05:27Z,72.0,Versa 4
2026-05-11T04:05:28Z,70.0,Versa 4
2026-05-11T04:05:30Z,68.0,Versa 4
2026-05-11T04:05:32Z,66.0,Versa 4
2026-05-11T04:05:34Z,65.0,Versa 4
2026-05-11T04:05:36Z,64.0,Versa 4
2026-05-11T04:05:38Z,63.0,Versa 4
2026-05-11T04:05:41Z,63.0,Versa 4
2026-05-11T04:05:43Z,62.0,Versa 4
2026-05-11T04:05:46Z,62.0,Versa 4
2026-05-11T04:05:49Z,62.0,Versa 4
2026-05-11T04:05:52Z,62.0,Versa 4
2026-05-11T04:05:55Z,62.0,Versa 4
2026-05-11T04:05:57Z,63.0,Versa 4
2026-05-11T04:06:00Z,63.0,Versa 4
2026-05-11T04:06:03Z,62.0,Versa 4
2026-05-11T04:06:06Z,60.0,Versa 4
2026-05-11T04:06:09Z,60.0,Versa 4
2026-05-11T04:06:12Z,60.0,Versa 4
2026-05-11T04:06:15Z,60.0,Versa 4
2026-05-11T04:06:18Z,59.0,Versa 4
2026-05-11T04:06:20Z,60.0,Versa 4
2026-05-11T04:06:23Z,60.0,Versa 4
2026-05-11T04:06:24Z,61.0,Versa 4
2026-05-11T04:06:26Z,62.0,Versa 4
2026-05-11T04:06:29Z,62.0,Versa 4
2026-05-11T04:06:32Z,62.0,Versa 4
2026-05-11T04:06:35Z,62.0,Versa 4
2026-05-11T04:06:38Z,62.0,Versa 4
2026-05-11T04:06:39Z,63.0,Versa 4
2026-05-11T04:06:41Z,64.0,Versa 4
2026-05-11T04:06:43Z,65.0,Versa 4
2026-05-11T04:06:45Z,67.0,Versa 4
2026-05-11T04:06:47Z,72.0,Versa 4
2026-05-11T04:06:49Z,75.0,Versa 4
2026-05-11T04:06:51Z,77.0,Versa 4
2026-05-11T04:06:53Z,78.0,Versa 4
2026-05-11T04:06:54Z,79.0,Versa 4
2026-05-11T04:06:57Z,79.0,Versa 4
2026-05-11T04:07:00Z,77.0,Versa 4
2026-05-11T04:07:02Z,75.0,Versa 4
2026-05-11T04:07:04Z,70.0,Versa 4
2026-05-11T04:07:06Z,67.0,Versa 4
2026-05-11T04:07:08Z,64.0,Versa 4
2026-05-11T04:07:10Z,63.0,Versa 4
2026-05-11T04:07:12Z,62.0,Versa 4
2026-05-11T04:07:15Z,62.0,Versa 4
2026-05-11T04:07:16Z,61.0,Versa 4
2026-05-11T04:07:18Z,61.0,Versa 4
2026-05-11T04:07:21Z,61.0,Versa 4
2026-05-11T04:07:23Z,60.0,Versa 4
2026-05-11T04:07:26Z,60.0,Versa 4
2026-05-11T04:07:29Z,60.0,Versa 4
2026-05-11T04:07:32Z,60.0,Versa 4
2026-05-11T04:07:35Z,60.0,Versa 4
2026-05-11T04:07:38Z,60.0,Versa 4
2026-05-11T04:07:41Z,60.0,Versa 4
2026-05-11T04:07:44Z,60.0,Versa 4
2026-05-11T04:07:47Z,60.0,Versa 4
2026-05-11T04:07:50Z,60.0,Versa 4
2026-05-11T04:07:52Z,59.0,Versa 4
2026-05-11T04:07:54Z,60.0,Versa 4
2026-05-11T04:07:56Z,61.0,Versa 4
2026-05-11T04:07:58Z,62.0,Versa 4
2026-05-11T04:08:00Z,63.0,Versa 4
2026-05-11T04:08:02Z,64.0,Versa 4
2026-05-11T04:08:05Z,64.0,Versa 4
2026-05-11T04:08:06Z,63.0,Versa 4
2026-05-11T04:08:09Z,63.0,Versa 4
2026-05-11T04:08:11Z,62.0,Versa 4
2026-05-11T04:08:14Z,62.0,Versa 4
2026-05-11T04:08:15Z,63.0,Versa 4
2026-05-11T04:08:17Z,64.0,Versa 4
2026-05-11T04:08:20Z,64.0,Versa 4
2026-05-11T04:08:23Z,63.0,Versa 4
2026-05-11T04:08:25Z,63.0,Versa 4
2026-05-11T04:08:27Z,62.0,Versa 4
2026-05-11T04:08:30Z,62.0,Versa 4
2026-05-11T04:08:33Z,62.0,Versa 4
2026-05-11T04:08:36Z,62.0,Versa 4
2026-05-11T04:08:39Z,62.0,Versa 4
2026-05-11T04:08:42Z,62.0,Versa 4
2026-05-11T04:08:45Z,62.0,Versa 4
2026-05-11T04:08:48Z,63.0,Versa 4
2026-05-11T04:08:51Z,63.0,Versa 4
2026-05-11T04:08:52Z,62.0,Versa 4
2026-05-11T04:08:55Z,61.0,Versa 4
2026-05-11T04:08:57Z,60.0,Versa 4
2026-05-11T04:08:59Z,59.0,Versa 4
2026-05-11T04:09:01Z,58.0,Versa 4
2026-05-11T04:09:04Z,58.0,Versa 4
2026-05-11T04:09:07Z,57.0,Versa 4
2026-05-11T04:09:10Z,57.0,Versa 4
2026-05-11T04:09:11Z,58.0,Versa 4
2026-05-11T04:09:14Z,58.0,Versa 4
2026-05-11T04:09:17Z,58.0,Versa 4
2026-05-11T04:09:20Z,60.0,Versa 4
2026-05-11T04:09:23Z,60.0,Versa 4
2026-05-11T04:09:26Z,60.0,Versa 4
2026-05-11T04:09:29Z,60.0,Versa 4
2026-05-11T04:09:32Z,61.0,Versa 4
2026-05-11T04:09:34Z,62.0,Versa 4
2026-05-11T04:09:36Z,62.0,Versa 4
2026-05-11T04:09:39Z,62.0,Versa 4
2026-05-11T04:09:40Z,62.0,Versa 4
2026-05-11T04:09:43Z,62.0,Versa 4
2026-05-11T04:09:45Z,63.0,Versa 4
2026-05-11T04:09:47Z,62.0,Versa 4
2026-05-11T04:09:50Z,62.0,Versa 4
2026-05-11T04:09:53Z,61.0,Versa 4
2026-05-11T04:09:55Z,60.0,Versa 4
2026-05-11T04:09:58Z,60.0,Versa 4
2026-05-11T04:09:59Z,59.0,Versa 4
2026-05-11T04:10:02Z,59.0,Versa 4
2026-05-11T04:10:05Z,60.0,Versa 4
2026-05-11T04:10:08Z,60.0,Versa 4
2026-05-11T04:10:10Z,61.0,Versa 4
2026-05-11T04:10:12Z,62.0,Versa 4
2026-05-11T04:10:14Z,62.0,Versa 4
2026-05-11T04:10:17Z,62.0,Versa 4
2026-05-11T04:10:20Z,61.0,Versa 4
2026-05-11T04:10:22Z,62.0,Versa 4
2026-05-11T04:10:24Z,66.0,Versa 4
2026-05-11T04:10:26Z,69.0,Versa 4
2026-05-11T04:10:28Z,70.0,Versa 4
2026-05-11T04:10:31Z,70.0,Versa 4
2026-05-11T04:10:33Z,68.0,Versa 4
2026-05-11T04:10:35Z,67.0,Versa 4
2026-05-11T04:10:37Z,66.0,Versa 4
2026-05-11T04:10:39Z,65.0,Versa 4
2026-05-11T04:10:42Z,65.0,Versa 4
2026-05-11T04:10:43Z,66.0,Versa 4
2026-05-11T04:10:46Z,66.0,Versa 4
2026-05-11T04:10:47Z,67.0,Versa 4
2026-05-11T04:10:49Z,68.0,Versa 4
2026-05-11T04:10:51Z,69.0,Versa 4
2026-05-11T04:10:54Z,70.0,Versa 4
2026-05-11T04:10:57Z,70.0,Versa 4
2026-05-11T04:10:58Z,71.0,Versa 4
2026-05-11T04:11:00Z,72.0,Versa 4
2026-05-11T04:11:02Z,71.0,Versa 4
2026-05-11T04:11:04Z,70.0,Versa 4
2026-05-11T04:11:07Z,70.0,Versa 4
2026-05-11T04:11:10Z,70.0,Versa 4
2026-05-11T04:11:12Z,69.0,Versa 4
2026-05-11T04:11:14Z,68.0,Versa 4
2026-05-11T04:11:17Z,68.0,Versa 4
2026-05-11T04:11:19Z,66.0,Versa 4
2026-05-11T04:11:22Z,66.0,Versa 4
2026-05-11T04:11:23Z,64.0,Versa 4
2026-05-11T04:11:26Z,64.0,Versa 4
2026-05-11T04:11:29Z,64.0,Versa 4
2026-05-11T04:11:32Z,64.0,Versa 4
2026-05-11T04:11:33Z,63.0,Versa 4
2026-05-11T04:11:36Z,63.0,Versa 4
2026-05-11T04:11:39Z,63.0,Versa 4
2026-05-11T04:11:41Z,62.0,Versa 4
2026-05-11T04:11:44Z,62.0,Versa 4
2026-05-11T04:11:47Z,62.0,Versa 4
2026-05-11T04:11:50Z,62.0,Versa 4
2026-05-11T04:11:52Z,63.0,Versa 4
2026-05-11T04:11:54Z,62.0,Versa 4
2026-05-11T04:11:57Z,62.0,Versa 4
2026-05-11T04:12:00Z,62.0,Versa 4
2026-05-11T04:12:02Z,63.0,Versa 4
2026-05-11T04:12:05Z,63.0,Versa 4
2026-05-11T04:12:08Z,63.0,Versa 4
2026-05-11T04:12:09Z,64.0,Versa 4
2026-05-11T04:12:12Z,64.0,Versa 4
2026-05-11T04:12:15Z,64.0,Versa 4
2026-05-11T04:12:18Z,64.0,Versa 4
2026-05-11T04:12:19Z,63.0,Versa 4
2026-05-11T04:12:22Z,63.0,Versa 4
2026-05-11T04:12:25Z,63.0,Versa 4
2026-05-11T04:12:28Z,63.0,Versa 4
2026-05-11T04:12:30Z,64.0,Versa 4
2026-05-11T04:12:33Z,64.0,Versa 4
2026-05-11T04:12:34Z,66.0,Versa 4
2026-05-11T04:12:36Z,67.0,Versa 4
2026-05-11T04:12:38Z,68.0,Versa 4
2026-05-11T04:12:40Z,67.0,Versa 4
2026-05-11T04:12:42Z,66.0,Versa 4
2026-05-11T04:12:44Z,64.0,Versa 4
2026-05-11T04:12:46Z,64.0,Versa 4
2026-05-11T04:12:49Z,64.0,Versa 4
2026-05-11T04:12:52Z,64.0,Versa 4
2026-05-11T04:12:55Z,64.0,Versa 4
2026-05-11T04:12:58Z,64.0,Versa 4
2026-05-11T04:13:01Z,63.0,Versa 4
2026-05-11T04:13:03Z,62.0,Versa 4
2026-05-11T04:13:06Z,62.0,Versa 4
2026-05-11T04:13:07Z,63.0,Versa 4
2026-05-11T04:13:09Z,64.0,Versa 4
2026-05-11T04:13:12Z,64.0,Versa 4
2026-05-11T04:13:15Z,66.0,Versa 4
2026-05-11T04:13:17Z,67.0,Versa 4
2026-05-11T04:13:19Z,70.0,Versa 4
2026-05-11T04:13:20Z,75.0,Versa 4
2026-05-11T04:13:22Z,78.0,Versa 4
2026-05-11T04:13:24Z,80.0,Versa 4
2026-05-11T04:13:26Z,79.0,Versa 4
2026-05-11T04:13:29Z,79.0,Versa 4
2026-05-11T04:13:30Z,78.0,Versa 4
2026-05-11T04:13:32Z,79.0,Versa 4
2026-05-11T04:13:34Z,78.0,Versa 4
2026-05-11T04:13:36Z,76.0,Versa 4
2026-05-11T04:13:38Z,74.0,Versa 4
2026-05-11T04:13:40Z,70.0,Versa 4
2026-05-11T04:13:42Z,67.0,Versa 4
2026-05-11T04:13:43Z,64.0,Versa 4
2026-05-11T04:13:45Z,63.0,Versa 4
2026-05-11T04:13:47Z,62.0,Versa 4
2026-05-11T04:13:50Z,62.0,Versa 4
2026-05-11T04:13:51Z,60.0,Versa 4
2026-05-11T04:13:54Z,60.0,Versa 4
2026-05-11T04:13:57Z,60.0,Versa 4
2026-05-11T04:13:59Z,59.0,Versa 4
2026-05-11T04:14:01Z,58.0,Versa 4
2026-05-11T04:14:04Z,58.0,Versa 4
2026-05-11T04:14:07Z,58.0,Versa 4
2026-05-11T04:14:08Z,59.0,Versa 4
2026-05-11T04:14:10Z,58.0,Versa 4
2026-05-11T04:14:13Z,58.0,Versa 4
2026-05-11T04:14:16Z,58.0,Versa 4
2026-05-11T04:14:19Z,58.0,Versa 4
2026-05-11T04:14:20Z,57.0,Versa 4
2026-05-11T04:14:22Z,56.0,Versa 4
2026-05-11T04:14:25Z,56.0,Versa 4
2026-05-11T04:14:28Z,56.0,Versa 4
2026-05-11T04:14:31Z,56.0,Versa 4
2026-05-11T04:14:34Z,56.0,Versa 4
2026-05-11T04:14:37Z,57.0,Versa 4
2026-05-11T04:14:39Z,59.0,Versa 4
2026-05-11T04:14:41Z,60.0,Versa 4
2026-05-11T04:14:44Z,60.0,Versa 4
2026-05-11T04:14:45Z,59.0,Versa 4
2026-05-11T04:14:47Z,58.0,Versa 4
2026-05-11T04:14:49Z,58.0,Versa 4
2026-05-11T04:14:51Z,59.0,Versa 4
2026-05-11T04:14:53Z,60.0,Versa 4
2026-05-11T04:14:56Z,61.0,Versa 4
2026-05-11T04:14:58Z,60.0,Versa 4
2026-05-11T04:15:01Z,60.0,Versa 4
2026-05-11T04:15:04Z,60.0,Versa 4
2026-05-11T04:15:07Z,60.0,Versa 4
2026-05-11T04:15:10Z,59.0,Versa 4
2026-05-11T04:15:13Z,59.0,Versa 4
2026-05-11T04:15:16Z,60.0,Versa 4
2026-05-11T04:15:19Z,61.0,Versa 4
2026-05-11T04:15:21Z,62.0,Versa 4
2026-05-11T04:15:23Z,61.0,Versa 4
2026-05-11T04:15:25Z,61.0,Versa 4
2026-05-11T04:15:28Z,61.0,Versa 4
2026-05-11T04:15:29Z,62.0,Versa 4
2026-05-11T04:15:31Z,64.0,Versa 4
2026-05-11T04:15:34Z,64.0,Versa 4
2026-05-11T04:15:37Z,63.0,Versa 4
2026-05-11T04:15:39Z,62.0,Versa 4
2026-05-11T04:15:42Z,62.0,Versa 4
2026-05-11T04:15:43Z,63.0,Versa 4
2026-05-11T04:15:46Z,64.0,Versa 4
2026-05-11T04:15:48Z,63.0,Versa 4
2026-05-11T04:15:51Z,63.0,Versa 4
2026-05-11T04:15:54Z,64.0,Versa 4
2026-05-11T04:15:56Z,64.0,Versa 4
2026-05-11T04:15:59Z,64.0,Versa 4
2026-05-11T04:16:02Z,63.0,Versa 4
2026-05-11T04:16:04Z,62.0,Versa 4
2026-05-11T04:16:06Z,60.0,Versa 4
2026-05-11T04:16:09Z,61.0,Versa 4
2026-05-11T04:16:11Z,62.0,Versa 4
2026-05-11T04:16:14Z,62.0,Versa 4
2026-05-11T04:16:17Z,61.0,Versa 4
2026-05-11T04:16:19Z,60.0,Versa 4
2026-05-11T04:16:22Z,60.0,Versa 4
2026-05-11T04:16:25Z,59.0,Versa 4
2026-05-11T04:16:27Z,58.0,Versa 4
2026-05-11T04:16:30Z,58.0,Versa 4
2026-05-11T04:16:33Z,58.0,Versa 4
2026-05-11T04:16:36Z,58.0,Versa 4
2026-05-11T04:16:39Z,58.0,Versa 4
2026-05-11T04:16:40Z,59.0,Versa 4
2026-05-11T04:16:43Z,59.0,Versa 4
2026-05-11T04:16:44Z,58.0,Versa 4
2026-05-11T04:16:47Z,58.0,Versa 4
2026-05-11T04:16:50Z,58.0,Versa 4
2026-05-11T04:16:52Z,58.0,Versa 4
2026-05-11T04:16:55Z,59.0,Versa 4
2026-05-11T04:16:58Z,59.0,Versa 4
2026-05-11T04:17:01Z,58.0,Versa 4
2026-05-11T04:17:04Z,58.0,Versa 4
2026-05-11T04:17:05Z,58.0,Versa 4
2026-05-11T04:17:07Z,59.0,Versa 4
2026-05-11T04:17:09Z,60.0,Versa 4
2026-05-11T04:17:12Z,60.0,Versa 4
2026-05-11T04:17:15Z,60.0,Versa 4
2026-05-11T04:17:18Z,60.0,Versa 4
2026-05-11T04:17:21Z,60.0,Versa 4
2026-05-11T04:17:22Z,61.0,Versa 4
2026-05-11T04:17:24Z,62.0,Versa 4
2026-05-11T04:17:26Z,64.0,Versa 4
2026-05-11T04:17:28Z,67.0,Versa 4
2026-05-11T04:17:30Z,68.0,Versa 4
2026-05-11T04:17:32Z,67.0,Versa 4
2026-05-11T04:17:34Z,66.0,Versa 4
2026-05-11T04:17:36Z,64.0,Versa 4
2026-05-11T04:17:38Z,63.0,Versa 4
2026-05-11T04:17:41Z,63.0,Versa 4
2026-05-11T04:17:42Z,62.0,Versa 4
2026-05-11T04:17:43Z,63.0,Versa 4
2026-05-11T04:17:45Z,64.0,Versa 4
2026-05-11T04:17:48Z,64.0,Versa 4
2026-05-11T04:17:51Z,64.0,Versa 4
2026-05-11T04:17:54Z,64.0,Versa 4
2026-05-11T04:17:55Z,63.0,Versa 4
2026-05-11T04:17:58Z,63.0,Versa 4
2026-05-11T04:17:59Z,62.0,Versa 4
2026-05-11T04:18:02Z,62.0,Versa 4
2026-05-11T04:18:03Z,62.0,Versa 4
2026-05-11T04:18:05Z,63.0,Versa 4
2026-05-11T04:18:08Z,63.0,Versa 4
2026-05-11T04:18:10Z,62.0,Versa 4
2026-05-11T04:18:13Z,62.0,Versa 4
2026-05-11T04:18:16Z,63.0,Versa 4
2026-05-11T04:18:18Z,64.0,Versa 4
2026-05-11T04:18:20Z,63.0,Versa 4
2026-05-11T04:18:22Z,62.0,Versa 4
2026-05-11T04:18:25Z,62.0,Versa 4
2026-05-11T04:18:28Z,62.0,Versa 4
2026-05-11T04:18:30Z,64.0,Versa 4
2026-05-11T04:18:31Z,65.0,Versa 4
2026-05-11T04:18:34Z,65.0,Versa 4
2026-05-11T04:18:37Z,64.0,Versa 4
2026-05-11T04:18:40Z,64.0,Versa 4
2026-05-11T04:18:43Z,64.0,Versa 4
2026-05-11T04:18:46Z,64.0,Versa 4
2026-05-11T04:18:49Z,64.0,Versa 4
2026-05-11T04:18:52Z,64.0,Versa 4
2026-05-11T04:18:55Z,64.0,Versa 4
2026-05-11T04:18:58Z,63.0,Versa 4
2026-05-11T04:19:00Z,64.0,Versa 4
2026-05-11T04:19:03Z,64.0,Versa 4
2026-05-11T04:19:04Z,66.0,Versa 4
2026-05-11T04:19:06Z,67.0,Versa 4
2026-05-11T04:19:08Z,68.0,Versa 4
2026-05-11T04:19:10Z,73.0,Versa 4
2026-05-11T04:19:12Z,79.0,Versa 4
2026-05-11T04:19:14Z,81.0,Versa 4
2026-05-11T04:19:16Z,82.0,Versa 4
2026-05-11T04:19:18Z,84.0,Versa 4
2026-05-11T04:19:19Z,87.0,Versa 4
2026-05-11T04:19:21Z,88.0,Versa 4
2026-05-11T04:19:23Z,87.0,Versa 4
2026-05-11T04:19:25Z,83.0,Versa 4
2026-05-11T04:19:27Z,80.0,Versa 4
2026-05-11T04:19:29Z,79.0,Versa 4
2026-05-11T04:19:31Z,81.0,Versa 4
2026-05-11T04:19:33Z,82.0,Versa 4
2026-05-11T04:19:35Z,83.0,Versa 4
2026-05-11T04:19:38Z,83.0,Versa 4
2026-05-11T04:19:41Z,83.0,Versa 4
2026-05-11T04:19:43Z,84.0,Versa 4
2026-05-11T04:19:44Z,81.0,Versa 4
2026-05-11T04:19:46Z,85.0,Versa 4
2026-05-11T04:19:48Z,86.0,Versa 4
2026-05-11T04:19:50Z,85.0,Versa 4
2026-05-11T04:19:52Z,79.0,Versa 4
2026-05-11T04:19:54Z,75.0,Versa 4
2026-05-11T04:19:56Z,71.0,Versa 4
2026-05-11T04:19:58Z,70.0,Versa 4
2026-05-11T04:20:00Z,69.0,Versa 4
2026-05-11T04:20:02Z,68.0,Versa 4
2026-05-11T04:20:04Z,67.0,Versa 4
2026-05-11T04:20:06Z,66.0,Versa 4
2026-05-11T04:20:09Z,65.0,Versa 4
2026-05-11T04:20:11Z,64.0,Versa 4
2026-05-11T04:20:13Z,63.0,Versa 4
2026-05-11T04:20:15Z,62.0,Versa 4
2026-05-11T04:20:18Z,62.0,Versa 4
2026-05-11T04:20:21Z,62.0,Versa 4
2026-05-11T04:20:24Z,62.0,Versa 4
2026-05-11T04:20:27Z,61.0,Versa 4
2026-05-11T04:20:29Z,60.0,Versa 4
2026-05-11T04:20:32Z,60.0,Versa 4
2026-05-11T04:20:35Z,60.0,Versa 4
2026-05-11T04:20:36Z,59.0,Versa 4
2026-05-11T04:20:38Z,58.0,Versa 4
2026-05-11T04:20:41Z,58.0,Versa 4
2026-05-11T04:20:42Z,57.0,Versa 4
2026-05-11T04:20:44Z,56.0,Versa 4
2026-05-11T04:20:47Z,56.0,Versa 4
2026-05-11T04:20:50Z,58.0,Versa 4
2026-05-11T04:20:52Z,59.0,Versa 4
2026-05-11T04:20:55Z,60.0,Versa 4
2026-05-11T04:20:57Z,59.0,Versa 4
2026-05-11T04:20:59Z,58.0,Versa 4
2026-05-11T04:21:02Z,58.0,Versa 4
2026-05-11T04:21:03Z,59.0,Versa 4
2026-05-11T04:21:06Z,59.0,Versa 4
2026-05-11T04:21:07Z,60.0,Versa 4
2026-05-11T04:21:09Z,62.0,Versa 4
2026-05-11T04:21:12Z,62.0,Versa 4
2026-05-11T04:21:15Z,62.0,Versa 4
2026-05-11T04:21:18Z,62.0,Versa 4
2026-05-11T04:21:21Z,62.0,Versa 4
2026-05-11T04:21:24Z,62.0,Versa 4
2026-05-11T04:21:26Z,60.0,Versa 4
2026-05-11T04:21:29Z,60.0,Versa 4
2026-05-11T04:21:30Z,61.0,Versa 4
2026-05-11T04:21:32Z,62.0,Versa 4
2026-05-11T04:21:35Z,62.0,Versa 4
2026-05-11T04:21:36Z,62.0,Versa 4
2026-05-11T04:21:38Z,62.0,Versa 4
2026-05-11T04:21:40Z,61.0,Versa 4
2026-05-11T04:21:42Z,60.0,Versa 4
2026-05-11T04:21:43Z,61.0,Versa 4
2026-05-11T04:21:45Z,62.0,Versa 4
2026-05-11T04:21:48Z,62.0,Versa 4
2026-05-11T04:21:49Z,61.0,Versa 4
2026-05-11T04:21:51Z,60.0,Versa 4
2026-05-11T04:21:53Z,59.0,Versa 4
2026-05-11T04:21:55Z,60.0,Versa 4
2026-05-11T04:21:58Z,60.0,Versa 4
2026-05-11T04:22:01Z,61.0,Versa 4
2026-05-11T04:22:04Z,61.0,Versa 4
2026-05-11T04:22:05Z,62.0,Versa 4
2026-05-11T04:22:07Z,63.0,Versa 4
2026-05-11T04:22:08Z,64.0,Versa 4
2026-05-11T04:22:10Z,63.0,Versa 4
2026-05-11T04:22:12Z,62.0,Versa 4
2026-05-11T04:22:15Z,62.0,Versa 4
2026-05-11T04:22:18Z,62.0,Versa 4
2026-05-11T04:22:21Z,62.0,Versa 4
2026-05-11T04:22:24Z,62.0,Versa 4
2026-05-11T04:22:27Z,62.0,Versa 4
2026-05-11T04:22:30Z,62.0,Versa 4
2026-05-11T04:22:31Z,64.0,Versa 4
2026-05-11T04:22:34Z,64.0,Versa 4
2026-05-11T04:22:35Z,63.0,Versa 4
2026-05-11T04:22:37Z,62.0,Versa 4
2026-05-11T04:22:40Z,62.0,Versa 4
2026-05-11T04:22:41Z,63.0,Versa 4
2026-05-11T04:22:43Z,64.0,Versa 4
2026-05-11T04:22:45Z,63.0,Versa 4
2026-05-11T04:22:47Z,62.0,Versa 4
2026-05-11T04:22:50Z,62.0,Versa 4
2026-05-11T04:22:51Z,60.0,Versa 4
2026-05-11T04:22:53Z,61.0,Versa 4
2026-05-11T04:22:55Z,62.0,Versa 4
2026-05-11T04:22:58Z,62.0,Versa 4
2026-05-11T04:23:00Z,63.0,Versa 4
2026-05-11T04:23:02Z,64.0,Versa 4
2026-05-11T04:23:05Z,64.0,Versa 4
2026-05-11T04:23:06Z,64.0,Versa 4
2026-05-11T04:23:09Z,64.0,Versa 4
2026-05-11T04:23:12Z,64.0,Versa 4
2026-05-11T04:23:15Z,64.0,Versa 4
2026-05-11T04:23:18Z,64.0,Versa 4
2026-05-11T04:23:21Z,64.0,Versa 4
2026-05-11T04:23:24Z,64.0,Versa 4
2026-05-11T04:23:25Z,63.0,Versa 4
2026-05-11T04:23:27Z,64.0,Versa 4
2026-05-11T04:23:30Z,64.0,Versa 4
2026-05-11T04:23:31Z,66.0,Versa 4
2026-05-11T04:23:33Z,68.0,Versa 4
2026-05-11T04:23:35Z,69.0,Versa 4
2026-05-11T04:23:37Z,71.0,Versa 4
2026-05-11T04:23:39Z,73.0,Versa 4
2026-05-11T04:23:41Z,74.0,Versa 4
2026-05-11T04:23:44Z,72.0,Versa 4
2026-05-11T04:23:46Z,70.0,Versa 4
2026-05-11T04:23:48Z,69.0,Versa 4
2026-05-11T04:23:50Z,68.0,Versa 4
2026-05-11T04:23:52Z,66.0,Versa 4
2026-05-11T04:23:54Z,64.0,Versa 4
2026-05-11T04:23:57Z,64.0,Versa 4
2026-05-11T04:23:58Z,63.0,Versa 4
2026-05-11T04:24:00Z,62.0,Versa 4
2026-05-11T04:24:03Z,62.0,Versa 4
2026-05-11T04:24:06Z,61.0,Versa 4
2026-05-11T04:24:07Z,61.0,Versa 4
2026-05-11T04:24:09Z,60.0,Versa 4
2026-05-11T04:24:11Z,61.0,Versa 4
2026-05-11T04:24:13Z,62.0,Versa 4
2026-05-11T04:24:16Z,62.0,Versa 4
2026-05-11T04:24:19Z,62.0,Versa 4
2026-05-11T04:24:22Z,62.0,Versa 4
2026-05-11T04:24:23Z,64.0,Versa 4
2026-05-11T04:24:25Z,67.0,Versa 4
2026-05-11T04:24:27Z,66.0,Versa 4
2026-05-11T04:24:29Z,65.0,Versa 4
2026-05-11T04:24:31Z,64.0,Versa 4
2026-05-11T04:24:32Z,63.0,Versa 4
2026-05-11T04:24:34Z,61.0,Versa 4
2026-05-11T04:24:36Z,60.0,Versa 4
2026-05-11T04:24:39Z,60.0,Versa 4
2026-05-11T04:24:42Z,59.0,Versa 4
2026-05-11T04:24:45Z,59.0,Versa 4
2026-05-11T04:24:46Z,60.0,Versa 4
2026-05-11T04:24:49Z,60.0,Versa 4
2026-05-11T04:24:52Z,60.0,Versa 4
2026-05-11T04:24:55Z,60.0,Versa 4
2026-05-11T04:24:58Z,60.0,Versa 4
2026-05-11T04:25:01Z,60.0,Versa 4
2026-05-11T04:25:03Z,59.0,Versa 4
2026-05-11T04:25:06Z,59.0,Versa 4
2026-05-11T04:25:09Z,60.0,Versa 4
2026-05-11T04:25:11Z,60.0,Versa 4
2026-05-11T04:25:14Z,60.0,Versa 4
2026-05-11T04:25:15Z,59.0,Versa 4
2026-05-11T04:25:18Z,59.0,Versa 4
2026-05-11T04:25:19Z,60.0,Versa 4
2026-05-11T04:25:22Z,60.0,Versa 4
2026-05-11T04:25:25Z,60.0,Versa 4
2026-05-11T04:25:26Z,58.0,Versa 4
2026-05-11T04:25:28Z,57.0,Versa 4
2026-05-11T04:25:30Z,58.0,Versa 4
2026-05-11T04:25:33Z,58.0,Versa 4
2026-05-11T04:25:36Z,60.0,Versa 4
2026-05-11T04:25:38Z,59.0,Versa 4
2026-05-11T04:25:40Z,58.0,Versa 4
2026-05-11T04:25:43Z,58.0,Versa 4
2026-05-11T04:25:46Z,58.0,Versa 4
2026-05-11T04:25:49Z,58.0,Versa 4
2026-05-11T04:25:52Z,58.0,Versa 4
2026-05-11T04:25:55Z,59.0,Versa 4
2026-05-11T04:25:57Z,60.0,Versa 4
2026-05-11T04:25:59Z,61.0,Versa 4
2026-05-11T04:26:01Z,62.0,Versa 4
2026-05-11T04:26:04Z,62.0,Versa 4
2026-05-11T04:26:05Z,63.0,Versa 4
2026-05-11T04:26:07Z,64.0,Versa 4
2026-05-11T04:26:08Z,66.0,Versa 4
2026-05-11T04:26:11Z,66.0,Versa 4
2026-05-11T04:26:12Z,67.0,Versa 4
2026-05-11T04:26:15Z,67.0,Versa 4
2026-05-11T04:26:18Z,67.0,Versa 4
2026-05-11T04:26:21Z,67.0,Versa 4
2026-05-11T04:26:22Z,66.0,Versa 4
2026-05-11T04:26:24Z,64.0,Versa 4
2026-05-11T04:26:26Z,62.0,Versa 4
2026-05-11T04:26:28Z,61.0,Versa 4
2026-05-11T04:26:30Z,60.0,Versa 4
2026-05-11T04:26:33Z,59.0,Versa 4
2026-05-11T04:26:35Z,58.0,Versa 4
2026-05-11T04:26:37Z,57.0,Versa 4
2026-05-11T04:26:40Z,57.0,Versa 4
2026-05-11T04:26:41Z,56.0,Versa 4
2026-05-11T04:26:43Z,57.0,Versa 4
2026-05-11T04:26:45Z,58.0,Versa 4
2026-05-11T04:26:48Z,58.0,Versa 4
2026-05-11T04:26:49Z,59.0,Versa 4
2026-05-11T04:26:52Z,59.0,Versa 4
2026-05-11T04:26:53Z,60.0,Versa 4
2026-05-11T04:26:56Z,60.0,Versa 4
2026-05-11T04:26:58Z,61.0,Versa 4
2026-05-11T04:27:00Z,62.0,Versa 4
2026-05-11T04:27:02Z,63.0,Versa 4
2026-05-11T04:27:04Z,64.0,Versa 4
2026-05-11T04:27:07Z,64.0,Versa 4
2026-05-11T04:27:10Z,65.0,Versa 4
2026-05-11T04:27:12Z,66.0,Versa 4
2026-05-11T04:27:14Z,65.0,Versa 4
2026-05-11T04:27:16Z,64.0,Versa 4
2026-05-11T04:27:19Z,62.0,Versa 4
2026-05-11T04:27:22Z,62.0,Versa 4
2026-05-11T04:27:25Z,62.0,Versa 4
2026-05-11T04:27:28Z,62.0,Versa 4
2026-05-11T04:27:29Z,61.0,Versa 4
2026-05-11T04:27:31Z,60.0,Versa 4
2026-05-11T04:27:34Z,60.0,Versa 4
2026-05-11T04:27:35Z,61.0,Versa 4
2026-05-11T04:27:37Z,62.0,Versa 4
2026-05-11T04:27:40Z,62.0,Versa 4
2026-05-11T04:27:43Z,62.0,Versa 4
2026-05-11T04:27:46Z,62.0,Versa 4
2026-05-11T04:27:49Z,62.0,Versa 4
2026-05-11T04:27:52Z,63.0,Versa 4
2026-05-11T04:27:55Z,63.0,Versa 4
2026-05-11T04:27:56Z,64.0,Versa 4
2026-05-11T04:27:58Z,66.0,Versa 4
2026-05-11T04:28:00Z,65.0,Versa 4
2026-05-11T04:28:02Z,64.0,Versa 4
2026-05-11T04:28:04Z,63.0,Versa 4
2026-05-11T04:28:07Z,62.0,Versa 4
2026-05-11T04:28:09Z,60.0,Versa 4
2026-05-11T04:28:12Z,58.0,Versa 4
2026-05-11T04:28:14Z,57.0,Versa 4
2026-05-11T04:28:16Z,57.0,Versa 4
2026-05-11T04:28:19Z,57.0,Versa 4
2026-05-11T04:28:20Z,58.0,Versa 4
2026-05-11T04:28:23Z,58.0,Versa 4
2026-05-11T04:28:26Z,58.0,Versa 4
2026-05-11T04:28:29Z,58.0,Versa 4
2026-05-11T04:28:31Z,59.0,Versa 4
2026-05-11T04:28:34Z,59.0,Versa 4
2026-05-11T04:28:35Z,60.0,Versa 4
2026-05-11T04:28:38Z,60.0,Versa 4
2026-05-11T04:28:41Z,60.0,Versa 4
2026-05-11T04:28:43Z,61.0,Versa 4
2026-05-11T04:28:45Z,62.0,Versa 4
2026-05-11T04:28:48Z,62.0,Versa 4
2026-05-11T04:28:51Z,62.0,Versa 4
2026-05-11T04:28:54Z,62.0,Versa 4
2026-05-11T04:28:57Z,62.0,Versa 4
2026-05-11T04:28:58Z,61.0,Versa 4
2026-05-11T04:29:00Z,60.0,Versa 4
2026-05-11T04:29:03Z,60.0,Versa 4
2026-05-11T04:29:04Z,61.0,Versa 4
2026-05-11T04:29:06Z,62.0,Versa 4
2026-05-11T04:29:09Z,62.0,Versa 4
2026-05-11T04:29:10Z,63.0,Versa 4
2026-05-11T04:29:11Z,64.0,Versa 4
2026-05-11T04:29:14Z,64.0,Versa 4
2026-05-11T04:29:17Z,64.0,Versa 4
2026-05-11T04:29:19Z,66.0,Versa 4
2026-05-11T04:29:22Z,66.0,Versa 4
2026-05-11T04:29:25Z,66.0,Versa 4
2026-05-11T04:29:28Z,66.0,Versa 4
2026-05-11T04:29:29Z,67.0,Versa 4
2026-05-11T04:29:31Z,68.0,Versa 4
2026-05-11T04:29:33Z,69.0,Versa 4
2026-05-11T04:29:35Z,70.0,Versa 4
2026-05-11T04:29:36Z,74.0,Versa 4
2026-05-11T04:29:38Z,79.0,Versa 4
2026-05-11T04:29:40Z,81.0,Versa 4
2026-05-11T04:29:42Z,77.0,Versa 4
2026-05-11T04:29:44Z,72.0,Versa 4
2026-05-11T04:29:47Z,72.0,Versa 4
2026-05-11T04:29:48Z,82.0,Versa 4
2026-05-11T04:29:51Z,82.0,Versa 4
2026-05-11T04:29:52Z,79.0,Versa 4
2026-05-11T04:29:54Z,76.0,Versa 4
2026-05-11T04:29:56Z,73.0,Versa 4
2026-05-11T04:29:58Z,70.0,Versa 4
2026-05-11T04:29:59Z,68.0,Versa 4
2026-05-11T04:30:01Z,66.0,Versa 4
2026-05-11T04:30:03Z,64.0,Versa 4
2026-05-11T04:30:06Z,64.0,Versa 4
2026-05-11T04:30:07Z,62.0,Versa 4
2026-05-11T04:30:09Z,60.0,Versa 4
2026-05-11T04:30:11Z,60.0,Versa 4
2026-05-11T04:30:13Z,59.0,Versa 4
2026-05-11T04:30:16Z,59.0,Versa 4
2026-05-11T04:30:17Z,60.0,Versa 4
2026-05-11T04:30:20Z,60.0,Versa 4
2026-05-11T04:30:23Z,60.0,Versa 4
2026-05-11T04:30:24Z,60.0,Versa 4
2026-05-11T04:30:27Z,60.0,Versa 4
2026-05-11T04:30:30Z,61.0,Versa 4
2026-05-11T04:30:32Z,62.0,Versa 4
2026-05-11T04:30:35Z,62.0,Versa 4
2026-05-11T04:30:38Z,61.0,Versa 4
2026-05-11T04:30:41Z,61.0,Versa 4
2026-05-11T04:30:44Z,61.0,Versa 4
2026-05-11T04:30:47Z,60.0,Versa 4
2026-05-11T04:30:50Z,60.0,Versa 4
2026-05-11T04:30:53Z,60.0,Versa 4
2026-05-11T04:30:56Z,60.0,Versa 4
2026-05-11T04:30:57Z,61.0,Versa 4
2026-05-11T04:31:00Z,61.0,Versa 4
2026-05-11T04:31:01Z,60.0,Versa 4
2026-05-11T04:31:04Z,60.0,Versa 4
2026-05-11T04:31:07Z,60.0,Versa 4
2026-05-11T04:31:10Z,60.0,Versa 4
2026-05-11T04:31:12Z,59.0,Versa 4
2026-05-11T04:31:15Z,59.0,Versa 4
2026-05-11T04:31:18Z,59.0,Versa 4
2026-05-11T04:31:20Z,59.0,Versa 4
2026-05-11T04:31:22Z,60.0,Versa 4
2026-05-11T04:31:25Z,60.0,Versa 4
2026-05-11T04:31:28Z,60.0,Versa 4
2026-05-11T04:31:30Z,62.0,Versa 4
2026-05-11T04:31:33Z,62.0,Versa 4
2026-05-11T04:31:36Z,62.0,Versa 4
2026-05-11T04:31:39Z,60.0,Versa 4
2026-05-11T04:31:42Z,60.0,Versa 4
2026-05-11T04:31:43Z,59.0,Versa 4
2026-05-11T04:31:45Z,58.0,Versa 4
2026-05-11T04:31:47Z,59.0,Versa 4
2026-05-11T04:31:49Z,60.0,Versa 4
2026-05-11T04:31:51Z,61.0,Versa 4
2026-05-11T04:31:53Z,62.0,Versa 4
2026-05-11T04:31:56Z,62.0,Versa 4
2026-05-11T04:31:59Z,62.0,Versa 4
2026-05-11T04:32:02Z,61.0,Versa 4
2026-05-11T04:32:05Z,61.0,Versa 4
2026-05-11T04:32:06Z,60.0,Versa 4
2026-05-11T04:32:08Z,59.0,Versa 4
2026-05-11T04:32:10Z,58.0,Versa 4
2026-05-11T04:32:13Z,58.0,Versa 4
2026-05-11T04:32:16Z,58.0,Versa 4
2026-05-11T04:32:19Z,58.0,Versa 4
2026-05-11T04:32:20Z,59.0,Versa 4
2026-05-11T04:32:22Z,60.0,Versa 4
2026-05-11T04:32:23Z,60.0,Versa 4
2026-05-11T04:32:25Z,60.0,Versa 4
2026-05-11T04:32:27Z,62.0,Versa 4
2026-05-11T04:32:29Z,62.0,Versa 4
2026-05-11T04:32:31Z,60.0,Versa 4
2026-05-11T04:32:33Z,60.0,Versa 4
2026-05-11T04:32:35Z,59.0,Versa 4
2026-05-11T04:32:38Z,59.0,Versa 4
2026-05-11T04:32:39Z,60.0,Versa 4
2026-05-11T04:32:42Z,60.0,Versa 4
2026-05-11T04:32:43Z,60.0,Versa 4
2026-05-11T04:32:45Z,60.0,Versa 4
2026-05-11T04:32:48Z,60.0,Versa 4
2026-05-11T04:32:50Z,59.0,Versa 4
2026-05-11T04:32:52Z,58.0,Versa 4
2026-05-11T04:32:55Z,58.0,Versa 4
2026-05-11T04:32:58Z,58.0,Versa 4
2026-05-11T04:33:01Z,58.0,Versa 4
2026-05-11T04:33:04Z,57.0,Versa 4
2026-05-11T04:33:07Z,57.0,Versa 4
2026-05-11T04:33:08Z,58.0,Versa 4
2026-05-11T04:33:11Z,58.0,Versa 4
2026-05-11T04:33:14Z,58.0,Versa 4
2026-05-11T04:33:17Z,58.0,Versa 4
2026-05-11T04:33:19Z,59.0,Versa 4
2026-05-11T04:33:21Z,60.0,Versa 4
2026-05-11T04:33:24Z,60.0,Versa 4
2026-05-11T04:33:25Z,60.0,Versa 4
2026-05-11T04:33:28Z,60.0,Versa 4
2026-05-11T04:33:31Z,60.0,Versa 4
2026-05-11T04:33:34Z,60.0,Versa 4
2026-05-11T04:33:35Z,59.0,Versa 4
2026-05-11T04:33:38Z,58.0,Versa 4
2026-05-11T04:33:41Z,58.0,Versa 4
2026-05-11T04:33:42Z,59.0,Versa 4
2026-05-11T04:33:44Z,58.0,Versa 4
2026-05-11T04:33:47Z,58.0,Versa 4
2026-05-11T04:33:48Z,59.0,Versa 4
2026-05-11T04:33:50Z,60.0,Versa 4
2026-05-11T04:33:53Z,60.0,Versa 4
2026-05-11T04:33:56Z,60.0,Versa 4
2026-05-11T04:33:59Z,60.0,Versa 4
2026-05-11T04:34:02Z,60.0,Versa 4
2026-05-11T04:34:05Z,60.0,Versa 4
2026-05-11T04:34:08Z,60.0,Versa 4
2026-05-11T04:34:11Z,60.0,Versa 4
2026-05-11T04:34:14Z,60.0,Versa 4
2026-05-11T04:34:17Z,60.0,Versa 4
2026-05-11T04:34:20Z,60.0,Versa 4
2026-05-11T04:34:23Z,61.0,Versa 4
2026-05-11T04:34:26Z,61.0,Versa 4
2026-05-11T04:34:28Z,60.0,Versa 4
2026-05-11T04:34:31Z,60.0,Versa 4
2026-05-11T04:34:32Z,59.0,Versa 4
2026-05-11T04:34:34Z,59.0,Versa 4
2026-05-11T04:34:37Z,59.0,Versa 4
2026-05-11T04:34:38Z,60.0,Versa 4
2026-05-11T04:34:41Z,60.0,Versa 4
2026-05-11T04:34:42Z,61.0,Versa 4
2026-05-11T04:34:45Z,61.0,Versa 4
2026-05-11T04:34:46Z,62.0,Versa 4
2026-05-11T04:34:49Z,62.0,Versa 4
2026-05-11T04:34:52Z,62.0,Versa 4
2026-05-11T04:34:55Z,62.0,Versa 4
2026-05-11T04:34:58Z,62.0,Versa 4
2026-05-11T04:35:01Z,62.0,Versa 4
2026-05-11T04:35:03Z,61.0,Versa 4
2026-05-11T04:35:06Z,61.0,Versa 4
2026-05-11T04:35:09Z,61.0,Versa 4
2026-05-11T04:35:11Z,62.0,Versa 4
2026-05-11T04:35:14Z,64.0,Versa 4
2026-05-11T04:35:17Z,64.0,Versa 4
2026-05-11T04:35:20Z,64.0,Versa 4
2026-05-11T04:35:22Z,65.0,Versa 4
2026-05-11T04:35:25Z,65.0,Versa 4
2026-05-11T04:35:26Z,64.0,Versa 4
2026-05-11T04:35:29Z,64.0,Versa 4
2026-05-11T04:35:30Z,62.0,Versa 4
2026-05-11T04:35:33Z,62.0,Versa 4
2026-05-11T04:35:36Z,62.0,Versa 4
2026-05-11T04:35:37Z,61.0,Versa 4
2026-05-11T04:35:39Z,61.0,Versa 4
2026-05-11T04:35:41Z,60.0,Versa 4
2026-05-11T04:35:44Z,60.0,Versa 4
2026-05-11T04:35:47Z,60.0,Versa 4
2026-05-11T04:35:50Z,60.0,Versa 4
2026-05-11T04:35:53Z,60.0,Versa 4
2026-05-11T04:35:56Z,60.0,Versa 4
2026-05-11T04:35:57Z,61.0,Versa 4
2026-05-11T04:36:00Z,61.0,Versa 4
2026-05-11T04:36:03Z,61.0,Versa 4
2026-05-11T04:36:06Z,60.0,Versa 4
2026-05-11T04:36:09Z,60.0,Versa 4
2026-05-11T04:36:10Z,61.0,Versa 4
2026-05-11T04:36:13Z,61.0,Versa 4
2026-05-11T04:36:14Z,60.0,Versa 4
2026-05-11T04:36:17Z,60.0,Versa 4
2026-05-11T04:36:20Z,60.0,Versa 4
2026-05-11T04:36:23Z,61.0,Versa 4
2026-05-11T04:36:25Z,62.0,Versa 4
2026-05-11T04:36:27Z,61.0,Versa 4
2026-05-11T04:36:29Z,60.0,Versa 4
2026-05-11T04:36:32Z,60.0,Versa 4
2026-05-11T04:36:35Z,60.0,Versa 4
2026-05-11T04:36:38Z,60.0,Versa 4
2026-05-11T04:36:41Z,59.0,Versa 4
2026-05-11T04:36:43Z,58.0,Versa 4
2026-05-11T04:36:46Z,58.0,Versa 4
2026-05-11T04:36:47Z,58.0,Versa 4
2026-05-11T04:36:50Z,60.0,Versa 4
2026-05-11T04:36:52Z,59.0,Versa 4
2026-05-11T04:36:55Z,59.0,Versa 4
2026-05-11T04:36:58Z,60.0,Versa 4
2026-05-11T04:37:01Z,60.0,Versa 4
2026-05-11T04:37:04Z,59.0,Versa 4
2026-05-11T04:37:07Z,59.0,Versa 4
2026-05-11T04:37:10Z,59.0,Versa 4
2026-05-11T04:37:11Z,60.0,Versa 4
2026-05-11T04:37:14Z,60.0,Versa 4
2026-05-11T04:37:17Z,60.0,Versa 4
2026-05-11T04:37:20Z,60.0,Versa 4
2026-05-11T04:37:23Z,60.0,Versa 4
2026-05-11T04:37:26Z,60.0,Versa 4
2026-05-11T04:37:29Z,61.0,Versa 4
2026-05-11T04:37:31Z,60.0,Versa 4
2026-05-11T04:37:34Z,60.0,Versa 4
2026-05-11T04:37:37Z,60.0,Versa 4
2026-05-11T04:37:40Z,60.0,Versa 4
2026-05-11T04:37:43Z,60.0,Versa 4
2026-05-11T04:37:46Z,60.0,Versa 4
2026-05-11T04:37:49Z,60.0,Versa 4
2026-05-11T04:37:50Z,61.0,Versa 4
2026-05-11T04:37:52Z,64.0,Versa 4
2026-05-11T04:37:54Z,67.0,Versa 4
2026-05-11T04:37:56Z,81.0,Versa 4
2026-05-11T04:37:58Z,84.0,Versa 4
2026-05-11T04:37:59Z,85.0,Versa 4
2026-05-11T04:38:02Z,85.0,Versa 4
2026-05-11T04:38:03Z,84.0,Versa 4
2026-05-11T04:38:05Z,82.0,Versa 4
2026-05-11T04:38:07Z,77.0,Versa 4
2026-05-11T04:38:09Z,72.0,Versa 4
2026-05-11T04:38:11Z,73.0,Versa 4
2026-05-11T04:38:14Z,73.0,Versa 4
2026-05-11T04:38:15Z,74.0,Versa 4
2026-05-11T04:38:17Z,77.0,Versa 4
2026-05-11T04:38:19Z,79.0,Versa 4
2026-05-11T04:38:21Z,81.0,Versa 4
2026-05-11T04:38:23Z,82.0,Versa 4
2026-05-11T04:38:24Z,84.0,Versa 4
2026-05-11T04:38:27Z,84.0,Versa 4
2026-05-11T04:38:28Z,83.0,Versa 4
2026-05-11T04:38:31Z,83.0,Versa 4
2026-05-11T04:38:34Z,83.0,Versa 4
2026-05-11T04:38:36Z,85.0,Versa 4
2026-05-11T04:38:38Z,91.0,Versa 4
2026-05-11T04:38:40Z,92.0,Versa 4
2026-05-11T04:38:42Z,84.0,Versa 4
2026-05-11T04:38:44Z,79.0,Versa 4
2026-05-11T04:38:46Z,72.0,Versa 4
2026-05-11T04:38:47Z,71.0,Versa 4
2026-05-11T04:38:49Z,67.0,Versa 4
2026-05-11T04:38:51Z,64.0,Versa 4
2026-05-11T04:38:53Z,63.0,Versa 4
2026-05-11T04:38:55Z,62.0,Versa 4
2026-05-11T04:38:58Z,62.0,Versa 4
2026-05-11T04:38:59Z,63.0,Versa 4
2026-05-11T04:39:01Z,64.0,Versa 4
2026-05-11T04:39:03Z,64.0,Versa 4
2026-05-11T04:39:05Z,65.0,Versa 4
2026-05-11T04:39:07Z,66.0,Versa 4
2026-05-11T04:39:09Z,67.0,Versa 4
2026-05-11T04:39:11Z,69.0,Versa 4
2026-05-11T04:39:12Z,72.0,Versa 4
2026-05-11T04:39:14Z,74.0,Versa 4
2026-05-11T04:39:16Z,75.0,Versa 4
2026-05-11T04:39:18Z,74.0,Versa 4
2026-05-11T04:39:20Z,72.0,Versa 4
2026-05-11T04:39:22Z,69.0,Versa 4
2026-05-11T04:39:24Z,68.0,Versa 4
2026-05-11T04:39:26Z,66.0,Versa 4
2026-05-11T04:39:28Z,65.0,Versa 4
2026-05-11T04:39:30Z,65.0,Versa 4
2026-05-11T04:39:33Z,65.0,Versa 4
2026-05-11T04:39:34Z,64.0,Versa 4
2026-05-11T04:39:37Z,65.0,Versa 4
2026-05-11T04:39:39Z,66.0,Versa 4
2026-05-11T04:39:42Z,66.0,Versa 4
2026-05-11T04:39:43Z,65.0,Versa 4
2026-05-11T04:39:45Z,64.0,Versa 4
2026-05-11T04:39:48Z,64.0,Versa 4
2026-05-11T04:39:51Z,65.0,Versa 4
2026-05-11T04:39:53Z,65.0,Versa 4
2026-05-11T04:39:55Z,65.0,Versa 4
2026-05-11T04:39:57Z,64.0,Versa 4
2026-05-11T04:40:00Z,64.0,Versa 4
2026-05-11T04:40:02Z,63.0,Versa 4
2026-05-11T04:40:05Z,63.0,Versa 4
2026-05-11T04:40:08Z,63.0,Versa 4
2026-05-11T04:40:11Z,63.0,Versa 4
2026-05-11T04:40:12Z,64.0,Versa 4
2026-05-11T04:40:15Z,64.0,Versa 4
2026-05-11T04:40:18Z,64.0,Versa 4
2026-05-11T04:40:21Z,64.0,Versa 4
2026-05-11T04:40:24Z,64.0,Versa 4
2026-05-11T04:40:25Z,63.0,Versa 4
2026-05-11T04:40:28Z,63.0,Versa 4
2026-05-11T04:40:31Z,62.0,Versa 4
2026-05-11T04:40:34Z,62.0,Versa 4
2026-05-11T04:40:37Z,63.0,Versa 4
2026-05-11T04:40:39Z,64.0,Versa 4
2026-05-11T04:40:42Z,64.0,Versa 4
2026-05-11T04:40:43Z,63.0,Versa 4
2026-05-11T04:40:45Z,62.0,Versa 4
2026-05-11T04:40:48Z,62.0,Versa 4
2026-05-11T04:40:50Z,64.0,Versa 4
2026-05-11T04:40:53Z,64.0,Versa 4
2026-05-11T04:40:56Z,63.0,Versa 4
2026-05-11T04:40:58Z,62.0,Versa 4
2026-05-11T04:41:00Z,61.0,Versa 4
2026-05-11T04:41:02Z,60.0,Versa 4
2026-05-11T04:41:05Z,60.0,Versa 4
2026-05-11T04:41:08Z,60.0,Versa 4
2026-05-11T04:41:11Z,60.0,Versa 4
2026-05-11T04:41:14Z,60.0,Versa 4
2026-05-11T04:41:15Z,61.0,Versa 4
2026-05-11T04:41:18Z,61.0,Versa 4
2026-05-11T04:41:21Z,62.0,Versa 4
2026-05-11T04:41:24Z,62.0,Versa 4
2026-05-11T04:41:27Z,62.0,Versa 4
2026-05-11T04:41:29Z,61.0,Versa 4
2026-05-11T04:41:32Z,61.0,Versa 4
2026-05-11T04:41:35Z,62.0,Versa 4
2026-05-11T04:41:36Z,64.0,Versa 4
2026-05-11T04:41:38Z,63.0,Versa 4
2026-05-11T04:41:41Z,63.0,Versa 4
2026-05-11T04:41:44Z,63.0,Versa 4
2026-05-11T04:41:46Z,64.0,Versa 4
2026-05-11T04:41:48Z,63.0,Versa 4
2026-05-11T04:41:50Z,62.0,Versa 4
2026-05-11T04:41:52Z,61.0,Versa 4
2026-05-11T04:41:54Z,60.0,Versa 4
2026-05-11T04:41:56Z,59.0,Versa 4
2026-05-11T04:41:58Z,60.0,Versa 4
2026-05-11T04:42:01Z,60.0,Versa 4
2026-05-11T04:42:04Z,60.0,Versa 4
2026-05-11T04:42:07Z,61.0,Versa 4
2026-05-11T04:42:09Z,62.0,Versa 4
2026-05-11T04:42:11Z,63.0,Versa 4
2026-05-11T04:42:13Z,64.0,Versa 4
2026-05-11T04:42:15Z,65.0,Versa 4
2026-05-11T04:42:17Z,64.0,Versa 4
2026-05-11T04:42:20Z,64.0,Versa 4
2026-05-11T04:42:21Z,62.0,Versa 4
2026-05-11T04:42:23Z,61.0,Versa 4
2026-05-11T04:42:24Z,60.0,Versa 4
2026-05-11T04:42:27Z,60.0,Versa 4
2026-05-11T04:42:30Z,60.0,Versa 4
2026-05-11T04:42:33Z,60.0,Versa 4
2026-05-11T04:42:36Z,60.0,Versa 4
2026-05-11T04:42:39Z,60.0,Versa 4
2026-05-11T04:42:42Z,60.0,Versa 4
2026-05-11T04:42:44Z,61.0,Versa 4
2026-05-11T04:42:46Z,62.0,Versa 4
2026-05-11T04:42:49Z,61.0,Versa 4
2026-05-11T04:42:51Z,60.0,Versa 4
2026-05-11T04:42:54Z,60.0,Versa 4
2026-05-11T04:42:57Z,60.0,Versa 4
2026-05-11T04:43:00Z,60.0,Versa 4
2026-05-11T04:43:01Z,60.0,Versa 4
2026-05-11T04:43:04Z,60.0,Versa 4
2026-05-11T04:43:07Z,59.0,Versa 4
2026-05-11T04:43:09Z,60.0,Versa 4
2026-05-11T04:43:12Z,60.0,Versa 4
2026-05-11T04:43:15Z,60.0,Versa 4
2026-05-11T04:43:18Z,60.0,Versa 4
2026-05-11T04:43:21Z,60.0,Versa 4
2026-05-11T04:43:24Z,60.0,Versa 4
2026-05-11T04:43:26Z,61.0,Versa 4
2026-05-11T04:43:28Z,62.0,Versa 4
2026-05-11T04:43:30Z,64.0,Versa 4
2026-05-11T04:43:32Z,67.0,Versa 4
2026-05-11T04:43:34Z,73.0,Versa 4
2026-05-11T04:43:36Z,74.0,Versa 4
2026-05-11T04:43:38Z,73.0,Versa 4
2026-05-11T04:43:40Z,75.0,Versa 4
2026-05-11T04:43:42Z,77.0,Versa 4
2026-05-11T04:43:44Z,79.0,Versa 4
2026-05-11T04:43:45Z,78.0,Versa 4
2026-05-11T04:43:47Z,76.0,Versa 4
2026-05-11T04:43:49Z,75.0,Versa 4
2026-05-11T04:43:51Z,74.0,Versa 4
2026-05-11T04:43:53Z,73.0,Versa 4
2026-05-11T04:43:55Z,72.0,Versa 4
2026-05-11T04:43:57Z,70.0,Versa 4
2026-05-11T04:43:59Z,67.0,Versa 4
2026-05-11T04:44:01Z,64.0,Versa 4
2026-05-11T04:44:03Z,61.0,Versa 4
2026-05-11T04:44:05Z,60.0,Versa 4
2026-05-11T04:44:07Z,59.0,Versa 4
2026-05-11T04:44:09Z,58.0,Versa 4
2026-05-11T04:44:10Z,57.0,Versa 4
2026-05-11T04:44:12Z,57.0,Versa 4
2026-05-11T04:44:15Z,57.0,Versa 4
2026-05-11T04:44:16Z,58.0,Versa 4
2026-05-11T04:44:18Z,57.0,Versa 4
2026-05-11T04:44:20Z,56.0,Versa 4
2026-05-11T04:44:22Z,55.0,Versa 4
2026-05-11T04:44:25Z,55.0,Versa 4
2026-05-11T04:44:28Z,56.0,Versa 4
2026-05-11T04:44:31Z,56.0,Versa 4
2026-05-11T04:44:33Z,57.0,Versa 4
2026-05-11T04:44:35Z,56.0,Versa 4
2026-05-11T04:44:37Z,54.0,Versa 4
2026-05-11T04:44:40Z,54.0,Versa 4
2026-05-11T04:44:43Z,54.0,Versa 4
2026-05-11T04:44:46Z,54.0,Versa 4
2026-05-11T04:44:49Z,54.0,Versa 4
2026-05-11T04:44:52Z,54.0,Versa 4
2026-05-11T04:44:55Z,54.0,Versa 4
2026-05-11T04:44:57Z,56.0,Versa 4
2026-05-11T04:44:58Z,57.0,Versa 4
2026-05-11T04:45:00Z,58.0,Versa 4
2026-05-11T04:45:02Z,58.0,Versa 4
2026-05-11T04:45:04Z,57.0,Versa 4
2026-05-11T04:45:07Z,57.0,Versa 4
2026-05-11T04:45:08Z,58.0,Versa 4
2026-05-11T04:45:11Z,58.0,Versa 4
2026-05-11T04:45:14Z,58.0,Versa 4
2026-05-11T04:45:17Z,58.0,Versa 4
2026-05-11T04:45:18Z,57.0,Versa 4
2026-05-11T04:45:21Z,58.0,Versa 4
2026-05-11T04:45:24Z,58.0,Versa 4
2026-05-11T04:45:25Z,57.0,Versa 4
2026-05-11T04:45:27Z,56.0,Versa 4
2026-05-11T04:45:30Z,56.0,Versa 4
2026-05-11T04:45:33Z,56.0,Versa 4
2026-05-11T04:45:36Z,56.0,Versa 4
2026-05-11T04:45:39Z,56.0,Versa 4
2026-05-11T04:45:42Z,56.0,Versa 4
2026-05-11T04:45:43Z,58.0,Versa 4
2026-05-11T04:45:46Z,58.0,Versa 4
2026-05-11T04:45:49Z,58.0,Versa 4
2026-05-11T04:45:52Z,57.0,Versa 4
2026-05-11T04:45:54Z,56.0,Versa 4
2026-05-11T04:45:57Z,56.0,Versa 4
2026-05-11T04:46:00Z,55.0,Versa 4
2026-05-11T04:46:02Z,56.0,Versa 4
2026-05-11T04:46:05Z,56.0,Versa 4
2026-05-11T04:46:08Z,56.0,Versa 4
2026-05-11T04:46:09Z,57.0,Versa 4
2026-05-11T04:46:11Z,58.0,Versa 4
2026-05-11T04:46:14Z,58.0,Versa 4
2026-05-11T04:46:15Z,57.0,Versa 4
2026-05-11T04:46:18Z,57.0,Versa 4
2026-05-11T04:46:21Z,56.0,Versa 4
2026-05-11T04:46:24Z,56.0,Versa 4
2026-05-11T04:46:27Z,56.0,Versa 4
2026-05-11T04:46:30Z,56.0,Versa 4
2026-05-11T04:46:33Z,56.0,Versa 4
2026-05-11T04:46:36Z,56.0,Versa 4
2026-05-11T04:46:38Z,55.0,Versa 4
2026-05-11T04:46:40Z,54.0,Versa 4
2026-05-11T04:46:43Z,54.0,Versa 4
2026-05-11T04:46:46Z,53.0,Versa 4
2026-05-11T04:46:48Z,54.0,Versa 4
2026-05-11T04:46:51Z,54.0,Versa 4
2026-05-11T04:46:54Z,54.0,Versa 4
2026-05-11T04:46:56Z,55.0,Versa 4
2026-05-11T04:46:57Z,56.0,Versa 4
2026-05-11T04:46:59Z,59.0,Versa 4
2026-05-11T04:47:02Z,59.0,Versa 4
2026-05-11T04:47:03Z,59.0,Versa 4
2026-05-11T04:47:05Z,57.0,Versa 4
2026-05-11T04:47:07Z,55.0,Versa 4
2026-05-11T04:47:09Z,55.0,Versa 4
2026-05-11T04:47:11Z,54.0,Versa 4
2026-05-11T04:47:13Z,54.0,Versa 4
2026-05-11T04:47:16Z,54.0,Versa 4
2026-05-11T04:47:19Z,54.0,Versa 4
2026-05-11T04:47:22Z,54.0,Versa 4
2026-05-11T04:47:25Z,54.0,Versa 4
2026-05-11T04:47:28Z,54.0,Versa 4
2026-05-11T04:47:31Z,54.0,Versa 4
2026-05-11T04:47:34Z,54.0,Versa 4
2026-05-11T04:47:36Z,56.0,Versa 4
2026-05-11T04:47:39Z,56.0,Versa 4
2026-05-11T04:47:42Z,57.0,Versa 4
2026-05-11T04:47:45Z,56.0,Versa 4
2026-05-11T04:47:47Z,58.0,Versa 4
2026-05-11T04:47:50Z,58.0,Versa 4
2026-05-11T04:47:53Z,58.0,Versa 4
2026-05-11T04:47:56Z,58.0,Versa 4
2026-05-11T04:47:57Z,57.0,Versa 4
2026-05-11T04:47:59Z,56.0,Versa 4
2026-05-11T04:48:02Z,56.0,Versa 4
2026-05-11T04:48:03Z,55.0,Versa 4
2026-05-11T04:48:05Z,54.0,Versa 4
2026-05-11T04:48:08Z,54.0,Versa 4
2026-05-11T04:48:09Z,55.0,Versa 4
2026-05-11T04:48:12Z,55.0,Versa 4
2026-05-11T04:48:15Z,55.0,Versa 4
2026-05-11T04:48:16Z,56.0,Versa 4
2026-05-11T04:48:19Z,56.0,Versa 4
2026-05-11T04:48:20Z,56.0,Versa 4
2026-05-11T04:48:23Z,56.0,Versa 4
2026-05-11T04:48:26Z,56.0,Versa 4
2026-05-11T04:48:28Z,55.0,Versa 4
2026-05-11T04:48:30Z,54.0,Versa 4
2026-05-11T04:48:33Z,55.0,Versa 4
2026-05-11T04:48:36Z,55.0,Versa 4
2026-05-11T04:48:37Z,54.0,Versa 4
2026-05-11T04:48:40Z,54.0,Versa 4
2026-05-11T04:48:43Z,54.0,Versa 4
2026-05-11T04:48:46Z,54.0,Versa 4
2026-05-11T04:48:49Z,55.0,Versa 4
2026-05-11T04:48:51Z,56.0,Versa 4
2026-05-11T04:48:54Z,56.0,Versa 4
2026-05-11T04:48:57Z,58.0,Versa 4
2026-05-11T04:49:00Z,58.0,Versa 4
2026-05-11T04:49:02Z,56.0,Versa 4
2026-05-11T04:49:04Z,55.0,Versa 4
2026-05-11T04:49:06Z,54.0,Versa 4
2026-05-11T04:49:09Z,54.0,Versa 4
2026-05-11T04:49:12Z,54.0,Versa 4
2026-05-11T04:49:14Z,56.0,Versa 4
2026-05-11T04:49:16Z,57.0,Versa 4
2026-05-11T04:49:18Z,56.0,Versa 4
2026-05-11T04:49:21Z,56.0,Versa 4
2026-05-11T04:49:24Z,56.0,Versa 4
2026-05-11T04:49:27Z,56.0,Versa 4
2026-05-11T04:49:29Z,56.0,Versa 4
2026-05-11T04:49:32Z,56.0,Versa 4
2026-05-11T04:49:35Z,56.0,Versa 4
2026-05-11T04:49:38Z,56.0,Versa 4
2026-05-11T04:49:41Z,56.0,Versa 4
2026-05-11T04:49:44Z,56.0,Versa 4
2026-05-11T04:49:47Z,56.0,Versa 4
2026-05-11T04:49:50Z,56.0,Versa 4
2026-05-11T04:49:53Z,56.0,Versa 4
2026-05-11T04:49:56Z,56.0,Versa 4
2026-05-11T04:49:58Z,57.0,Versa 4
2026-05-11T04:50:00Z,56.0,Versa 4
2026-05-11T04:50:03Z,56.0,Versa 4
2026-05-11T04:50:04Z,55.0,Versa 4
2026-05-11T04:50:07Z,55.0,Versa 4
2026-05-11T04:50:08Z,54.0,Versa 4
2026-05-11T04:50:11Z,54.0,Versa 4
2026-05-11T04:50:13Z,55.0,Versa 4
2026-05-11T04:50:15Z,56.0,Versa 4
2026-05-11T04:50:18Z,56.0,Versa 4
2026-05-11T04:50:19Z,55.0,Versa 4
2026-05-11T04:50:22Z,55.0,Versa 4
2026-05-11T04:50:25Z,56.0,Versa 4
2026-05-11T04:50:28Z,56.0,Versa 4
2026-05-11T04:50:31Z,55.0,Versa 4
2026-05-11T04:50:33Z,54.0,Versa 4
2026-05-11T04:50:36Z,54.0,Versa 4
2026-05-11T04:50:38Z,54.0,Versa 4
2026-05-11T04:50:40Z,56.0,Versa 4
2026-05-11T04:50:43Z,56.0,Versa 4
2026-05-11T04:50:46Z,56.0,Versa 4
2026-05-11T04:50:48Z,54.0,Versa 4
2026-05-11T04:50:51Z,54.0,Versa 4
2026-05-11T04:50:52Z,55.0,Versa 4
2026-05-11T04:50:54Z,56.0,Versa 4
2026-05-11T04:50:57Z,56.0,Versa 4
2026-05-11T04:51:00Z,56.0,Versa 4
2026-05-11T04:51:03Z,56.0,Versa 4
2026-05-11T04:51:06Z,56.0,Versa 4
2026-05-11T04:51:07Z,57.0,Versa 4
2026-05-11T04:51:10Z,57.0,Versa 4
2026-05-11T04:51:11Z,56.0,Versa 4
2026-05-11T04:51:14Z,56.0,Versa 4
2026-05-11T04:51:15Z,57.0,Versa 4
2026-05-11T04:51:17Z,65.0,Versa 4
2026-05-11T04:51:19Z,66.0,Versa 4
2026-05-11T04:51:22Z,68.0,Versa 4
2026-05-11T04:51:24Z,71.0,Versa 4
2026-05-11T04:51:26Z,74.0,Versa 4
2026-05-11T04:51:28Z,77.0,Versa 4
2026-05-11T04:51:30Z,81.0,Versa 4
2026-05-11T04:51:32Z,87.0,Versa 4
2026-05-11T04:51:34Z,89.0,Versa 4
2026-05-11T04:51:36Z,89.0,Versa 4
2026-05-11T04:51:38Z,78.0,Versa 4
2026-05-11T04:51:40Z,72.0,Versa 4
2026-05-11T04:51:42Z,69.0,Versa 4
2026-05-11T04:51:44Z,66.0,Versa 4
2026-05-11T04:51:45Z,62.0,Versa 4
2026-05-11T04:51:47Z,59.0,Versa 4
2026-05-11T04:51:49Z,58.0,Versa 4
2026-05-11T04:51:51Z,57.0,Versa 4
2026-05-11T04:51:54Z,57.0,Versa 4
2026-05-11T04:51:55Z,56.0,Versa 4
2026-05-11T04:51:58Z,56.0,Versa 4
2026-05-11T04:51:59Z,55.0,Versa 4
2026-05-11T04:52:01Z,56.0,Versa 4
2026-05-11T04:52:03Z,55.0,Versa 4
2026-05-11T04:52:06Z,55.0,Versa 4
2026-05-11T04:52:09Z,55.0,Versa 4
2026-05-11T04:52:12Z,56.0,Versa 4
2026-05-11T04:52:15Z,56.0,Versa 4
2026-05-11T04:52:18Z,56.0,Versa 4
2026-05-11T04:52:20Z,55.0,Versa 4
2026-05-11T04:52:23Z,55.0,Versa 4
2026-05-11T04:52:24Z,54.0,Versa 4
2026-05-11T04:52:27Z,54.0,Versa 4
2026-05-11T04:52:30Z,54.0,Versa 4
2026-05-11T04:52:33Z,54.0,Versa 4
2026-05-11T04:52:35Z,54.0,Versa 4
2026-05-11T04:52:37Z,55.0,Versa 4
2026-05-11T04:52:39Z,56.0,Versa 4
2026-05-11T04:52:42Z,56.0,Versa 4
2026-05-11T04:52:45Z,56.0,Versa 4
2026-05-11T04:52:48Z,56.0,Versa 4
2026-05-11T04:52:49Z,55.0,Versa 4
2026-05-11T04:52:51Z,54.0,Versa 4
2026-05-11T04:52:54Z,54.0,Versa 4
2026-05-11T04:52:57Z,54.0,Versa 4
2026-05-11T04:53:00Z,54.0,Versa 4
2026-05-11T04:53:02Z,55.0,Versa 4
2026-05-11T04:53:04Z,56.0,Versa 4
2026-05-11T04:53:07Z,56.0,Versa 4
2026-05-11T04:53:10Z,56.0,Versa 4
2026-05-11T04:53:12Z,55.0,Versa 4
2026-05-11T04:53:15Z,55.0,Versa 4
2026-05-11T04:53:18Z,56.0,Versa 4
2026-05-11T04:53:21Z,56.0,Versa 4
2026-05-11T04:53:23Z,54.0,Versa 4
2026-05-11T04:53:26Z,54.0,Versa 4
2026-05-11T04:53:29Z,54.0,Versa 4
2026-05-11T04:53:31Z,53.0,Versa 4
2026-05-11T04:53:33Z,54.0,Versa 4
2026-05-11T04:53:36Z,54.0,Versa 4
2026-05-11T04:53:39Z,56.0,Versa 4
2026-05-11T04:53:42Z,56.0,Versa 4
2026-05-11T04:53:43Z,56.0,Versa 4
2026-05-11T04:53:45Z,57.0,Versa 4
2026-05-11T04:53:46Z,59.0,Versa 4
2026-05-11T04:53:48Z,60.0,Versa 4
2026-05-11T04:53:51Z,60.0,Versa 4
2026-05-11T04:53:52Z,58.0,Versa 4
2026-05-11T04:53:54Z,56.0,Versa 4
2026-05-11T04:53:56Z,55.0,Versa 4
2026-05-11T04:53:58Z,54.0,Versa 4
2026-05-11T04:54:01Z,54.0,Versa 4
2026-05-11T04:54:04Z,54.0,Versa 4
2026-05-11T04:54:07Z,54.0,Versa 4
2026-05-11T04:54:10Z,54.0,Versa 4
2026-05-11T04:54:13Z,54.0,Versa 4
2026-05-11T04:54:16Z,54.0,Versa 4
2026-05-11T04:54:19Z,54.0,Versa 4
2026-05-11T04:54:22Z,54.0,Versa 4
2026-05-11T04:54:23Z,55.0,Versa 4
2026-05-11T04:54:25Z,56.0,Versa 4
2026-05-11T04:54:28Z,56.0,Versa 4
2026-05-11T04:54:31Z,56.0,Versa 4
2026-05-11T04:54:33Z,58.0,Versa 4
2026-05-11T04:54:36Z,58.0,Versa 4
2026-05-11T04:54:39Z,58.0,Versa 4
2026-05-11T04:54:40Z,57.0,Versa 4
2026-05-11T04:54:42Z,56.0,Versa 4
2026-05-11T04:54:44Z,56.0,Versa 4
2026-05-11T04:54:46Z,57.0,Versa 4
2026-05-11T04:54:48Z,60.0,Versa 4
2026-05-11T04:54:50Z,63.0,Versa 4
2026-05-11T04:54:52Z,66.0,Versa 4
2026-05-11T04:54:54Z,68.0,Versa 4
2026-05-11T04:54:56Z,67.0,Versa 4
2026-05-11T04:54:57Z,62.0,Versa 4
2026-05-11T04:54:59Z,61.0,Versa 4
2026-05-11T04:55:01Z,62.0,Versa 4
2026-05-11T04:55:03Z,62.0,Versa 4
2026-05-11T04:55:05Z,63.0,Versa 4
2026-05-11T04:55:07Z,64.0,Versa 4
2026-05-11T04:55:09Z,61.0,Versa 4
2026-05-11T04:55:11Z,64.0,Versa 4
2026-05-11T04:55:13Z,63.0,Versa 4
2026-05-11T04:55:16Z,63.0,Versa 4
2026-05-11T04:55:17Z,67.0,Versa 4
2026-05-11T04:55:19Z,69.0,Versa 4
2026-05-11T04:55:21Z,83.0,Versa 4
2026-05-11T04:55:22Z,88.0,Versa 4
2026-05-11T04:55:24Z,88.0,Versa 4
2026-05-11T04:55:27Z,88.0,Versa 4
2026-05-11T04:55:30Z,86.0,Versa 4
2026-05-11T04:55:32Z,85.0,Versa 4
2026-05-11T04:55:35Z,85.0,Versa 4
2026-05-11T04:55:36Z,83.0,Versa 4
2026-05-11T04:55:38Z,85.0,Versa 4
2026-05-11T04:55:41Z,85.0,Versa 4
2026-05-11T04:55:42Z,86.0,Versa 4
2026-05-11T04:55:44Z,87.0,Versa 4
2026-05-11T04:55:47Z,86.0,Versa 4
2026-05-11T04:55:50Z,86.0,Versa 4
2026-05-11T04:55:53Z,85.0,Versa 4
2026-05-11T04:55:56Z,85.0,Versa 4
2026-05-11T04:55:57Z,83.0,Versa 4
2026-05-11T04:55:59Z,79.0,Versa 4
2026-05-11T04:56:01Z,72.0,Versa 4
2026-05-11T04:56:03Z,75.0,Versa 4
2026-05-11T04:56:05Z,69.0,Versa 4
2026-05-11T04:56:07Z,63.0,Versa 4
2026-05-11T04:56:10Z,63.0,Versa 4
2026-05-11T04:56:13Z,63.0,Versa 4
2026-05-11T04:56:14Z,62.0,Versa 4
2026-05-11T04:56:16Z,61.0,Versa 4
2026-05-11T04:56:19Z,61.0,Versa 4
2026-05-11T04:56:20Z,62.0,Versa 4
2026-05-11T04:56:22Z,61.0,Versa 4
2026-05-11T04:56:24Z,60.0,Versa 4
2026-05-11T04:56:26Z,61.0,Versa 4
2026-05-11T04:56:29Z,61.0,Versa 4
2026-05-11T04:56:32Z,61.0,Versa 4
2026-05-11T04:56:33Z,60.0,Versa 4
2026-05-11T04:56:35Z,61.0,Versa 4
2026-05-11T04:56:37Z,62.0,Versa 4
2026-05-11T04:56:40Z,62.0,Versa 4
2026-05-11T04:56:41Z,64.0,Versa 4
2026-05-11T04:56:43Z,64.0,Versa 4
2026-05-11T04:56:45Z,62.0,Versa 4
2026-05-11T04:56:48Z,62.0,Versa 4
2026-05-11T04:56:49Z,61.0,Versa 4
2026-05-11T04:56:52Z,61.0,Versa 4
2026-05-11T04:56:53Z,62.0,Versa 4
2026-05-11T04:56:56Z,62.0,Versa 4
2026-05-11T04:56:59Z,62.0,Versa 4
2026-05-11T04:57:02Z,62.0,Versa 4
2026-05-11T04:57:04Z,63.0,Versa 4
2026-05-11T04:57:07Z,63.0,Versa 4
2026-05-11T04:57:08Z,62.0,Versa 4
2026-05-11T04:57:11Z,62.0,Versa 4
2026-05-11T04:57:14Z,62.0,Versa 4
2026-05-11T04:57:17Z,62.0,Versa 4
2026-05-11T04:57:18Z,63.0,Versa 4
2026-05-11T04:57:21Z,62.0,Versa 4
2026-05-11T04:57:24Z,62.0,Versa 4
2026-05-11T04:57:27Z,61.0,Versa 4
2026-05-11T04:57:29Z,62.0,Versa 4
2026-05-11T04:57:32Z,62.0,Versa 4
2026-05-11T04:57:35Z,61.0,Versa 4
2026-05-11T04:57:37Z,60.0,Versa 4
2026-05-11T04:57:40Z,60.0,Versa 4
2026-05-11T04:57:41Z,60.0,Versa 4
2026-05-11T04:57:44Z,60.0,Versa 4
2026-05-11T04:57:45Z,60.0,Versa 4
2026-05-11T04:57:48Z,58.0,Versa 4
2026-05-11T04:57:50Z,58.0,Versa 4
2026-05-11T04:57:52Z,59.0,Versa 4
2026-05-11T04:57:54Z,60.0,Versa 4
2026-05-11T04:57:56Z,61.0,Versa 4
2026-05-11T04:57:58Z,62.0,Versa 4
2026-05-11T04:58:00Z,60.0,Versa 4
2026-05-11T04:58:03Z,60.0,Versa 4
2026-05-11T04:58:06Z,60.0,Versa 4
2026-05-11T04:58:09Z,61.0,Versa 4
2026-05-11T04:58:12Z,61.0,Versa 4
2026-05-11T04:58:15Z,60.0,Versa 4
2026-05-11T04:58:17Z,59.0,Versa 4
2026-05-11T04:58:19Z,58.0,Versa 4
2026-05-11T04:58:21Z,58.0,Versa 4
2026-05-11T04:58:23Z,59.0,Versa 4
2026-05-11T04:58:25Z,60.0,Versa 4
2026-05-11T04:58:27Z,59.0,Versa 4
2026-05-11T04:58:29Z,60.0,Versa 4
2026-05-11T04:58:32Z,60.0,Versa 4
2026-05-11T04:58:34Z,59.0,Versa 4
2026-05-11T04:58:37Z,59.0,Versa 4
2026-05-11T04:58:40Z,60.0,Versa 4
2026-05-11T04:58:43Z,60.0,Versa 4
2026-05-11T04:58:44Z,60.0,Versa 4
2026-05-11T04:58:46Z,59.0,Versa 4
2026-05-11T04:58:48Z,58.0,Versa 4
2026-05-11T04:58:50Z,57.0,Versa 4
2026-05-11T04:58:53Z,57.0,Versa 4
2026-05-11T04:58:54Z,58.0,Versa 4
2026-05-11T04:58:56Z,59.0,Versa 4
2026-05-11T04:58:59Z,58.0,Versa 4
2026-05-11T04:59:02Z,58.0,Versa 4
2026-05-11T04:59:05Z,58.0,Versa 4
2026-05-11T04:59:08Z,58.0,Versa 4
2026-05-11T04:59:11Z,58.0,Versa 4
2026-05-11T04:59:14Z,58.0,Versa 4
2026-05-11T04:59:15Z,58.0,Versa 4
2026-05-11T04:59:17Z,58.0,Versa 4
2026-05-11T04:59:20Z,58.0,Versa 4
2026-05-11T04:59:23Z,58.0,Versa 4
2026-05-11T04:59:24Z,59.0,Versa 4
2026-05-11T04:59:26Z,60.0,Versa 4
2026-05-11T04:59:29Z,60.0,Versa 4
2026-05-11T04:59:32Z,60.0,Versa 4
2026-05-11T04:59:35Z,60.0,Versa 4
2026-05-11T04:59:38Z,61.0,Versa 4
2026-05-11T04:59:41Z,61.0,Versa 4
2026-05-11T04:59:44Z,61.0,Versa 4
2026-05-11T04:59:47Z,62.0,Versa 4
2026-05-11T04:59:50Z,62.0,Versa 4
2026-05-11T04:59:51Z,63.0,Versa 4
2026-05-11T04:59:54Z,63.0,Versa 4
2026-05-11T04:59:55Z,61.0,Versa 4
2026-05-11T04:59:57Z,60.0,Versa 4
2026-05-11T04:59:59Z,58.0,Versa 4
2026-05-11T05:00:02Z,58.0,Versa 4
2026-05-11T05:00:03Z,58.0,Versa 4
2026-05-11T05:00:06Z,58.0,Versa 4
2026-05-11T05:00:09Z,58.0,Versa 4
2026-05-11T05:00:10Z,59.0,Versa 4
2026-05-11T05:00:13Z,59.0,Versa 4
2026-05-11T05:00:16Z,60.0,Versa 4
2026-05-11T05:00:18Z,61.0,Versa 4
2026-05-11T05:00:20Z,60.0,Versa 4
2026-05-11T05:00:22Z,61.0,Versa 4
2026-05-11T05:00:24Z,62.0,Versa 4
2026-05-11T05:00:27Z,62.0,Versa 4
2026-05-11T05:00:28Z,67.0,Versa 4
2026-05-11T05:00:30Z,68.0,Versa 4
2026-05-11T05:00:32Z,64.0,Versa 4
2026-05-11T05:00:33Z,62.0,Versa 4
2026-05-11T05:00:36Z,62.0,Versa 4
2026-05-11T05:00:39Z,63.0,Versa 4
2026-05-11T05:00:42Z,63.0,Versa 4
2026-05-11T05:00:43Z,62.0,Versa 4
2026-05-11T05:00:46Z,62.0,Versa 4
2026-05-11T05:00:49Z,62.0,Versa 4
2026-05-11T05:00:51Z,62.0,Versa 4
2026-05-11T05:00:54Z,62.0,Versa 4
2026-05-11T05:00:57Z,63.0,Versa 4
2026-05-11T05:00:58Z,64.0,Versa 4
2026-05-11T05:01:01Z,64.0,Versa 4
2026-05-11T05:01:02Z,63.0,Versa 4
2026-05-11T05:01:04Z,62.0,Versa 4
2026-05-11T05:01:06Z,61.0,Versa 4
2026-05-11T05:01:08Z,60.0,Versa 4
2026-05-11T05:01:11Z,60.0,Versa 4
2026-05-11T05:01:12Z,59.0,Versa 4
2026-05-11T05:01:14Z,58.0,Versa 4
2026-05-11T05:01:17Z,58.0,Versa 4
2026-05-11T05:01:20Z,58.0,Versa 4
2026-05-11T05:01:23Z,58.0,Versa 4
2026-05-11T05:01:26Z,58.0,Versa 4
2026-05-11T05:01:27Z,59.0,Versa 4
2026-05-11T05:01:30Z,59.0,Versa 4
2026-05-11T05:01:31Z,58.0,Versa 4
2026-05-11T05:01:33Z,58.0,Versa 4
2026-05-11T05:01:36Z,58.0,Versa 4
2026-05-11T05:01:39Z,58.0,Versa 4
2026-05-11T05:01:42Z,58.0,Versa 4
2026-05-11T05:01:43Z,59.0,Versa 4
2026-05-11T05:01:45Z,59.0,Versa 4
2026-05-11T05:01:48Z,60.0,Versa 4
2026-05-11T05:01:51Z,60.0,Versa 4
2026-05-11T05:01:52Z,60.0,Versa 4
2026-05-11T05:01:54Z,61.0,Versa 4
2026-05-11T05:01:56Z,63.0,Versa 4
2026-05-11T05:01:58Z,64.0,Versa 4
2026-05-11T05:02:00Z,64.0,Versa 4
2026-05-11T05:02:02Z,65.0,Versa 4
2026-05-11T05:02:04Z,66.0,Versa 4
2026-05-11T05:02:06Z,67.0,Versa 4
2026-05-11T05:02:09Z,69.0,Versa 4
2026-05-11T05:02:11Z,77.0,Versa 4
2026-05-11T05:02:13Z,83.0,Versa 4
2026-05-11T05:02:16Z,83.0,Versa 4
2026-05-11T05:02:17Z,80.0,Versa 4
2026-05-11T05:02:19Z,78.0,Versa 4
2026-05-11T05:02:21Z,75.0,Versa 4
2026-05-11T05:02:23Z,74.0,Versa 4
2026-05-11T05:02:25Z,70.0,Versa 4
2026-05-11T05:02:27Z,67.0,Versa 4
2026-05-11T05:02:29Z,65.0,Versa 4
2026-05-11T05:02:31Z,62.0,Versa 4
2026-05-11T05:02:33Z,61.0,Versa 4
2026-05-11T05:02:36Z,60.0,Versa 4
2026-05-11T05:02:39Z,60.0,Versa 4
2026-05-11T05:02:42Z,60.0,Versa 4
2026-05-11T05:02:44Z,59.0,Versa 4
2026-05-11T05:02:47Z,59.0,Versa 4
2026-05-11T05:02:48Z,59.0,Versa 4
2026-05-11T05:02:50Z,60.0,Versa 4
2026-05-11T05:02:53Z,60.0,Versa 4
2026-05-11T05:02:56Z,61.0,Versa 4
2026-05-11T05:02:57Z,61.0,Versa 4
2026-05-11T05:03:00Z,61.0,Versa 4
2026-05-11T05:03:01Z,61.0,Versa 4
2026-05-11T05:03:03Z,60.0,Versa 4
2026-05-11T05:03:06Z,60.0,Versa 4
2026-05-11T05:03:09Z,60.0,Versa 4
2026-05-11T05:03:12Z,60.0,Versa 4
2026-05-11T05:03:15Z,61.0,Versa 4
2026-05-11T05:03:18Z,61.0,Versa 4
2026-05-11T05:03:19Z,60.0,Versa 4
2026-05-11T05:03:22Z,59.0,Versa 4
2026-05-11T05:03:24Z,62.0,Versa 4
2026-05-11T05:03:26Z,64.0,Versa 4
2026-05-11T05:03:28Z,63.0,Versa 4
2026-05-11T05:03:30Z,65.0,Versa 4
2026-05-11T05:03:32Z,67.0,Versa 4
2026-05-11T05:03:35Z,67.0,Versa 4
2026-05-11T05:03:36Z,70.0,Versa 4
2026-05-11T05:03:38Z,71.0,Versa 4
2026-05-11T05:03:40Z,70.0,Versa 4
2026-05-11T05:03:43Z,70.0,Versa 4
2026-05-11T05:03:44Z,68.0,Versa 4
2026-05-11T05:03:45Z,66.0,Versa 4
2026-05-11T05:03:47Z,65.0,Versa 4
2026-05-11T05:03:50Z,65.0,Versa 4
2026-05-11T05:03:51Z,64.0,Versa 4
2026-05-11T05:03:54Z,64.0,Versa 4
2026-05-11T05:03:57Z,62.0,Versa 4
2026-05-11T05:04:00Z,62.0,Versa 4
2026-05-11T05:04:03Z,62.0,Versa 4
2026-05-11T05:04:05Z,61.0,Versa 4
2026-05-11T05:04:08Z,61.0,Versa 4
2026-05-11T05:04:09Z,60.0,Versa 4
2026-05-11T05:04:12Z,60.0,Versa 4
2026-05-11T05:04:15Z,60.0,Versa 4
2026-05-11T05:04:18Z,60.0,Versa 4
2026-05-11T05:04:21Z,60.0,Versa 4
2026-05-11T05:04:24Z,59.0,Versa 4
2026-05-11T05:04:27Z,59.0,Versa 4
2026-05-11T05:04:28Z,60.0,Versa 4
2026-05-11T05:04:30Z,60.0,Versa 4
2026-05-11T05:04:32Z,62.0,Versa 4
2026-05-11T05:04:33Z,61.0,Versa 4
2026-05-11T05:04:36Z,61.0,Versa 4
2026-05-11T05:04:37Z,60.0,Versa 4
2026-05-11T05:04:40Z,60.0,Versa 4
2026-05-11T05:04:43Z,60.0,Versa 4
2026-05-11T05:04:46Z,60.0,Versa 4
2026-05-11T05:04:47Z,61.0,Versa 4
2026-05-11T05:04:49Z,64.0,Versa 4
2026-05-11T05:04:51Z,68.0,Versa 4
2026-05-11T05:04:53Z,69.0,Versa 4
2026-05-11T05:04:55Z,70.0,Versa 4
2026-05-11T05:04:57Z,69.0,Versa 4
2026-05-11T05:04:58Z,71.0,Versa 4
2026-05-11T05:05:00Z,74.0,Versa 4
2026-05-11T05:05:02Z,76.0,Versa 4
2026-05-11T05:05:04Z,78.0,Versa 4
2026-05-11T05:05:06Z,79.0,Versa 4
2026-05-11T05:05:08Z,80.0,Versa 4
2026-05-11T05:05:11Z,80.0,Versa 4
2026-05-11T05:05:12Z,77.0,Versa 4
2026-05-11T05:05:14Z,73.0,Versa 4
2026-05-11T05:05:16Z,72.0,Versa 4
2026-05-11T05:05:18Z,71.0,Versa 4
2026-05-11T05:05:20Z,70.0,Versa 4
2026-05-11T05:05:21Z,69.0,Versa 4
2026-05-11T05:05:24Z,69.0,Versa 4
2026-05-11T05:05:25Z,68.0,Versa 4
2026-05-11T05:05:27Z,69.0,Versa 4
2026-05-11T05:05:29Z,70.0,Versa 4
2026-05-11T05:05:32Z,70.0,Versa 4
2026-05-11T05:05:33Z,72.0,Versa 4
2026-05-11T05:05:35Z,74.0,Versa 4
2026-05-11T05:05:37Z,77.0,Versa 4
2026-05-11T05:05:39Z,76.0,Versa 4
2026-05-11T05:05:42Z,76.0,Versa 4
2026-05-11T05:05:43Z,73.0,Versa 4
2026-05-11T05:05:46Z,73.0,Versa 4
2026-05-11T05:05:48Z,72.0,Versa 4
2026-05-11T05:05:50Z,73.0,Versa 4
2026-05-11T05:05:52Z,74.0,Versa 4
2026-05-11T05:05:54Z,72.0,Versa 4
2026-05-11T05:05:57Z,72.0,Versa 4
2026-05-11T05:05:58Z,71.0,Versa 4
2026-05-11T05:06:00Z,70.0,Versa 4
2026-05-11T05:06:02Z,71.0,Versa 4
2026-05-11T05:06:04Z,72.0,Versa 4
2026-05-11T05:06:06Z,73.0,Versa 4
2026-05-11T05:06:08Z,77.0,Versa 4
2026-05-11T05:06:09Z,79.0,Versa 4
2026-05-11T05:06:12Z,79.0,Versa 4
2026-05-11T05:06:13Z,81.0,Versa 4
2026-05-11T05:06:15Z,87.0,Versa 4
2026-05-11T05:06:17Z,86.0,Versa 4
2026-05-11T05:06:19Z,88.0,Versa 4
2026-05-11T05:06:21Z,93.0,Versa 4
2026-05-11T05:06:23Z,89.0,Versa 4
2026-05-11T05:06:25Z,84.0,Versa 4
2026-05-11T05:06:27Z,83.0,Versa 4
2026-05-11T05:06:30Z,83.0,Versa 4
2026-05-11T05:06:31Z,81.0,Versa 4
2026-05-11T05:06:33Z,78.0,Versa 4
2026-05-11T05:06:34Z,76.0,Versa 4
2026-05-11T05:06:36Z,75.0,Versa 4
2026-05-11T05:06:38Z,74.0,Versa 4
2026-05-11T05:06:40Z,72.0,Versa 4
2026-05-11T05:06:43Z,72.0,Versa 4
2026-05-11T05:06:46Z,73.0,Versa 4
2026-05-11T05:06:49Z,73.0,Versa 4
2026-05-11T05:06:50Z,74.0,Versa 4
2026-05-11T05:06:52Z,78.0,Versa 4
2026-05-11T05:06:55Z,78.0,Versa 4
2026-05-11T05:06:58Z,78.0,Versa 4
2026-05-11T05:06:59Z,75.0,Versa 4
2026-05-11T05:07:01Z,72.0,Versa 4
2026-05-11T05:07:03Z,71.0,Versa 4
2026-05-11T05:07:05Z,69.0,Versa 4
2026-05-11T05:07:07Z,68.0,Versa 4
2026-05-11T05:07:09Z,67.0,Versa 4
2026-05-11T05:07:12Z,67.0,Versa 4
2026-05-11T05:07:13Z,66.0,Versa 4
2026-05-11T05:07:15Z,66.0,Versa 4
2026-05-11T05:07:17Z,67.0,Versa 4
2026-05-11T05:07:20Z,67.0,Versa 4
2026-05-11T05:07:22Z,66.0,Versa 4
2026-05-11T05:07:24Z,66.0,Versa 4
2026-05-11T05:07:27Z,66.0,Versa 4
2026-05-11T05:07:30Z,67.0,Versa 4
2026-05-11T05:07:32Z,68.0,Versa 4
2026-05-11T05:07:34Z,67.0,Versa 4
2026-05-11T05:07:36Z,66.0,Versa 4
2026-05-11T05:07:39Z,66.0,Versa 4
2026-05-11T05:07:42Z,66.0,Versa 4
2026-05-11T05:07:45Z,66.0,Versa 4
2026-05-11T05:07:48Z,66.0,Versa 4
2026-05-11T05:07:49Z,65.0,Versa 4
2026-05-11T05:07:51Z,64.0,Versa 4
2026-05-11T05:07:54Z,64.0,Versa 4
2026-05-11T05:07:57Z,63.0,Versa 4
2026-05-11T05:07:59Z,62.0,Versa 4
2026-05-11T05:08:02Z,62.0,Versa 4
2026-05-11T05:08:05Z,62.0,Versa 4
2026-05-11T05:08:08Z,62.0,Versa 4
2026-05-11T05:08:09Z,63.0,Versa 4
2026-05-11T05:08:12Z,62.0,Versa 4
2026-05-11T05:08:15Z,62.0,Versa 4
2026-05-11T05:08:18Z,62.0,Versa 4
2026-05-11T05:08:21Z,62.0,Versa 4
2026-05-11T05:08:24Z,62.0,Versa 4
2026-05-11T05:08:27Z,62.0,Versa 4
2026-05-11T05:08:28Z,61.0,Versa 4
2026-05-11T05:08:31Z,61.0,Versa 4
2026-05-11T05:08:32Z,62.0,Versa 4
2026-05-11T05:08:35Z,61.0,Versa 4
2026-05-11T05:08:37Z,60.0,Versa 4
2026-05-11T05:08:40Z,60.0,Versa 4
2026-05-11T05:08:43Z,60.0,Versa 4
2026-05-11T05:08:45Z,60.0,Versa 4
2026-05-11T05:08:47Z,59.0,Versa 4
2026-05-11T05:08:50Z,59.0,Versa 4
2026-05-11T05:08:51Z,58.0,Versa 4
2026-05-11T05:08:53Z,59.0,Versa 4
2026-05-11T05:08:56Z,59.0,Versa 4
2026-05-11T05:08:59Z,59.0,Versa 4
2026-05-11T05:09:00Z,60.0,Versa 4
2026-05-11T05:09:03Z,60.0,Versa 4
2026-05-11T05:09:06Z,60.0,Versa 4
2026-05-11T05:09:08Z,61.0,Versa 4
2026-05-11T05:09:10Z,62.0,Versa 4
2026-05-11T05:09:13Z,62.0,Versa 4
2026-05-11T05:09:14Z,64.0,Versa 4
2026-05-11T05:09:16Z,66.0,Versa 4
2026-05-11T05:09:18Z,71.0,Versa 4
2026-05-11T05:09:20Z,72.0,Versa 4
2026-05-11T05:09:21Z,71.0,Versa 4
2026-05-11T05:09:23Z,69.0,Versa 4
2026-05-11T05:09:25Z,67.0,Versa 4
2026-05-11T05:09:27Z,65.0,Versa 4
2026-05-11T05:09:29Z,64.0,Versa 4
2026-05-11T05:09:32Z,64.0,Versa 4
2026-05-11T05:09:33Z,63.0,Versa 4
2026-05-11T05:09:35Z,62.0,Versa 4
2026-05-11T05:09:37Z,61.0,Versa 4
2026-05-11T05:09:39Z,60.0,Versa 4
2026-05-11T05:09:41Z,59.0,Versa 4
2026-05-11T05:09:43Z,60.0,Versa 4
2026-05-11T05:09:46Z,59.0,Versa 4
2026-05-11T05:09:49Z,59.0,Versa 4
2026-05-11T05:09:52Z,59.0,Versa 4
2026-05-11T05:09:55Z,59.0,Versa 4
2026-05-11T05:09:58Z,58.0,Versa 4
2026-05-11T05:10:01Z,58.0,Versa 4
2026-05-11T05:10:04Z,59.0,Versa 4
2026-05-11T05:10:06Z,60.0,Versa 4
2026-05-11T05:10:09Z,60.0,Versa 4
2026-05-11T05:10:11Z,60.0,Versa 4
2026-05-11T05:10:13Z,62.0,Versa 4
2026-05-11T05:10:15Z,64.0,Versa 4
2026-05-11T05:10:17Z,68.0,Versa 4
2026-05-11T05:10:20Z,68.0,Versa 4
2026-05-11T05:10:21Z,64.0,Versa 4
2026-05-11T05:10:23Z,61.0,Versa 4
2026-05-11T05:10:25Z,60.0,Versa 4
2026-05-11T05:10:27Z,60.0,Versa 4
2026-05-11T05:10:29Z,59.0,Versa 4
2026-05-11T05:10:31Z,60.0,Versa 4
2026-05-11T05:10:34Z,60.0,Versa 4
2026-05-11T05:10:37Z,60.0,Versa 4
2026-05-11T05:10:38Z,61.0,Versa 4
2026-05-11T05:10:40Z,60.0,Versa 4
2026-05-11T05:10:43Z,60.0,Versa 4
2026-05-11T05:10:44Z,60.0,Versa 4
2026-05-11T05:10:47Z,60.0,Versa 4
2026-05-11T05:10:50Z,60.0,Versa 4
2026-05-11T05:10:53Z,60.0,Versa 4
2026-05-11T05:10:54Z,59.0,Versa 4
2026-05-11T05:10:56Z,58.0,Versa 4
2026-05-11T05:10:59Z,58.0,Versa 4
2026-05-11T05:11:02Z,58.0,Versa 4
2026-05-11T05:11:03Z,59.0,Versa 4
2026-05-11T05:11:06Z,59.0,Versa 4
2026-05-11T05:11:09Z,59.0,Versa 4
2026-05-11T05:11:11Z,60.0,Versa 4
2026-05-11T05:11:14Z,60.0,Versa 4
2026-05-11T05:11:17Z,60.0,Versa 4
2026-05-11T05:11:20Z,60.0,Versa 4
2026-05-11T05:11:23Z,60.0,Versa 4
2026-05-11T05:11:26Z,60.0,Versa 4
2026-05-11T05:11:29Z,60.0,Versa 4
2026-05-11T05:11:32Z,62.0,Versa 4
2026-05-11T05:11:35Z,62.0,Versa 4
2026-05-11T05:11:38Z,62.0,Versa 4
2026-05-11T05:11:40Z,60.0,Versa 4
2026-05-11T05:11:43Z,60.0,Versa 4
2026-05-11T05:11:46Z,60.0,Versa 4
2026-05-11T05:11:49Z,60.0,Versa 4
2026-05-11T05:11:52Z,60.0,Versa 4
2026-05-11T05:11:55Z,60.0,Versa 4
2026-05-11T05:11:57Z,60.0,Versa 4
2026-05-11T05:12:00Z,60.0,Versa 4
2026-05-11T05:12:01Z,62.0,Versa 4
2026-05-11T05:12:04Z,62.0,Versa 4
2026-05-11T05:12:05Z,61.0,Versa 4
2026-05-11T05:12:07Z,60.0,Versa 4
2026-05-11T05:12:09Z,58.0,Versa 4
2026-05-11T05:12:12Z,58.0,Versa 4
2026-05-11T05:12:14Z,59.0,Versa 4
2026-05-11T05:12:16Z,60.0,Versa 4
2026-05-11T05:12:19Z,60.0,Versa 4
2026-05-11T05:12:22Z,60.0,Versa 4
2026-05-11T05:12:25Z,60.0,Versa 4
2026-05-11T05:12:28Z,60.0,Versa 4
2026-05-11T05:12:30Z,59.0,Versa 4
2026-05-11T05:12:33Z,59.0,Versa 4
2026-05-11T05:12:36Z,59.0,Versa 4
2026-05-11T05:12:37Z,59.0,Versa 4
2026-05-11T05:12:40Z,59.0,Versa 4
2026-05-11T05:12:41Z,60.0,Versa 4
2026-05-11T05:12:43Z,63.0,Versa 4
2026-05-11T05:12:45Z,69.0,Versa 4
2026-05-11T05:12:47Z,76.0,Versa 4
2026-05-11T05:12:49Z,74.0,Versa 4
2026-05-11T05:12:51Z,77.0,Versa 4
2026-05-11T05:12:53Z,74.0,Versa 4
2026-05-11T05:12:55Z,75.0,Versa 4
2026-05-11T05:12:57Z,79.0,Versa 4
2026-05-11T05:12:58Z,84.0,Versa 4
2026-05-11T05:13:00Z,86.0,Versa 4
2026-05-11T05:13:02Z,87.0,Versa 4
2026-05-11T05:13:04Z,84.0,Versa 4
2026-05-11T05:13:06Z,80.0,Versa 4
2026-05-11T05:13:09Z,80.0,Versa 4
2026-05-11T05:13:10Z,79.0,Versa 4
2026-05-11T05:13:12Z,78.0,Versa 4
2026-05-11T05:13:14Z,76.0,Versa 4
2026-05-11T05:13:16Z,74.0,Versa 4
2026-05-11T05:13:18Z,71.0,Versa 4
2026-05-11T05:13:20Z,69.0,Versa 4
2026-05-11T05:13:21Z,67.0,Versa 4
2026-05-11T05:13:24Z,67.0,Versa 4
2026-05-11T05:13:25Z,65.0,Versa 4
2026-05-11T05:13:27Z,64.0,Versa 4
2026-05-11T05:13:30Z,64.0,Versa 4
2026-05-11T05:13:33Z,65.0,Versa 4
2026-05-11T05:13:35Z,64.0,Versa 4
2026-05-11T05:13:37Z,63.0,Versa 4
2026-05-11T05:13:40Z,63.0,Versa 4
2026-05-11T05:13:41Z,64.0,Versa 4
2026-05-11T05:13:43Z,63.0,Versa 4
2026-05-11T05:13:45Z,62.0,Versa 4
2026-05-11T05:13:48Z,62.0,Versa 4
2026-05-11T05:13:50Z,61.0,Versa 4
2026-05-11T05:13:52Z,61.0,Versa 4
2026-05-11T05:13:55Z,61.0,Versa 4
2026-05-11T05:13:58Z,61.0,Versa 4
2026-05-11T05:14:00Z,62.0,Versa 4
2026-05-11T05:14:02Z,65.0,Versa 4
2026-05-11T05:14:04Z,70.0,Versa 4
2026-05-11T05:14:06Z,76.0,Versa 4
2026-05-11T05:14:08Z,78.0,Versa 4
2026-05-11T05:14:09Z,77.0,Versa 4
2026-05-11T05:14:11Z,76.0,Versa 4
2026-05-11T05:14:13Z,72.0,Versa 4
2026-05-11T05:14:15Z,70.0,Versa 4
2026-05-11T05:14:17Z,67.0,Versa 4
2026-05-11T05:14:19Z,66.0,Versa 4
2026-05-11T05:14:22Z,66.0,Versa 4
2026-05-11T05:14:23Z,65.0,Versa 4
2026-05-11T05:14:26Z,65.0,Versa 4
2026-05-11T05:14:27Z,63.0,Versa 4
2026-05-11T05:14:29Z,64.0,Versa 4
2026-05-11T05:14:31Z,65.0,Versa 4
2026-05-11T05:14:34Z,68.0,Versa 4
2026-05-11T05:14:36Z,72.0,Versa 4
2026-05-11T05:14:38Z,74.0,Versa 4
2026-05-11T05:14:40Z,75.0,Versa 4
2026-05-11T05:14:42Z,72.0,Versa 4
2026-05-11T05:14:44Z,71.0,Versa 4
2026-05-11T05:14:47Z,71.0,Versa 4
2026-05-11T05:14:48Z,72.0,Versa 4
2026-05-11T05:14:50Z,71.0,Versa 4
2026-05-11T05:14:53Z,71.0,Versa 4
2026-05-11T05:14:56Z,70.0,Versa 4
2026-05-11T05:14:57Z,71.0,Versa 4
2026-05-11T05:14:59Z,68.0,Versa 4
2026-05-11T05:15:01Z,67.0,Versa 4
2026-05-11T05:15:03Z,66.0,Versa 4
2026-05-11T05:15:05Z,68.0,Versa 4
2026-05-11T05:15:08Z,68.0,Versa 4
2026-05-11T05:15:11Z,67.0,Versa 4
2026-05-11T05:15:14Z,67.0,Versa 4
2026-05-11T05:15:15Z,68.0,Versa 4
2026-05-11T05:15:17Z,69.0,Versa 4
2026-05-11T05:15:19Z,70.0,Versa 4
2026-05-11T05:15:21Z,71.0,Versa 4
2026-05-11T05:15:24Z,72.0,Versa 4
2026-05-11T05:15:27Z,72.0,Versa 4
2026-05-11T05:15:30Z,74.0,Versa 4
2026-05-11T05:15:32Z,77.0,Versa 4
2026-05-11T05:15:34Z,79.0,Versa 4
2026-05-11T05:15:36Z,81.0,Versa 4
2026-05-11T05:15:38Z,79.0,Versa 4
2026-05-11T05:15:40Z,75.0,Versa 4
2026-05-11T05:15:42Z,71.0,Versa 4
2026-05-11T05:15:44Z,70.0,Versa 4
2026-05-11T05:15:45Z,69.0,Versa 4
2026-05-11T05:15:47Z,69.0,Versa 4
2026-05-11T05:15:49Z,70.0,Versa 4
2026-05-11T05:15:52Z,70.0,Versa 4
2026-05-11T05:15:53Z,71.0,Versa 4
2026-05-11T05:15:55Z,72.0,Versa 4
2026-05-11T05:15:57Z,72.0,Versa 4
2026-05-11T05:15:59Z,72.0,Versa 4
2026-05-11T05:16:01Z,70.0,Versa 4
2026-05-11T05:16:03Z,69.0,Versa 4
2026-05-11T05:16:05Z,68.0,Versa 4
2026-05-11T05:16:07Z,66.0,Versa 4
2026-05-11T05:16:09Z,65.0,Versa 4
2026-05-11T05:16:10Z,64.0,Versa 4
2026-05-11T05:16:13Z,64.0,Versa 4
2026-05-11T05:16:14Z,64.0,Versa 4
2026-05-11T05:16:17Z,64.0,Versa 4
2026-05-11T05:16:20Z,64.0,Versa 4
2026-05-11T05:16:23Z,64.0,Versa 4
2026-05-11T05:16:24Z,64.0,Versa 4
2026-05-11T05:16:27Z,64.0,Versa 4
2026-05-11T05:16:28Z,65.0,Versa 4
2026-05-11T05:16:30Z,66.0,Versa 4
2026-05-11T05:16:33Z,66.0,Versa 4
2026-05-11T05:16:36Z,66.0,Versa 4
2026-05-11T05:16:37Z,67.0,Versa 4
2026-05-11T05:16:39Z,68.0,Versa 4
2026-05-11T05:16:42Z,68.0,Versa 4
2026-05-11T05:16:43Z,66.0,Versa 4
2026-05-11T05:16:45Z,65.0,Versa 4
2026-05-11T05:16:47Z,64.0,Versa 4
2026-05-11T05:16:50Z,64.0,Versa 4
2026-05-11T05:16:53Z,64.0,Versa 4
2026-05-11T05:16:55Z,64.0,Versa 4
2026-05-11T05:16:58Z,64.0,Versa 4
2026-05-11T05:17:00Z,65.0,Versa 4
2026-05-11T05:17:02Z,66.0,Versa 4
2026-05-11T05:17:05Z,66.0,Versa 4
2026-05-11T05:17:08Z,66.0,Versa 4
2026-05-11T05:17:11Z,66.0,Versa 4
2026-05-11T05:17:12Z,66.0,Versa 4
2026-05-11T05:17:15Z,66.0,Versa 4
2026-05-11T05:17:16Z,68.0,Versa 4
2026-05-11T05:17:18Z,70.0,Versa 4
2026-05-11T05:17:20Z,69.0,Versa 4
2026-05-11T05:17:21Z,68.0,Versa 4
2026-05-11T05:17:23Z,66.0,Versa 4
2026-05-11T05:17:25Z,65.0,Versa 4
2026-05-11T05:17:27Z,66.0,Versa 4
2026-05-11T05:17:29Z,69.0,Versa 4
2026-05-11T05:17:31Z,68.0,Versa 4
2026-05-11T05:17:33Z,66.0,Versa 4
2026-05-11T05:17:35Z,65.0,Versa 4
2026-05-11T05:17:37Z,64.0,Versa 4
2026-05-11T05:17:39Z,64.0,Versa 4
2026-05-11T05:17:41Z,64.0,Versa 4
2026-05-11T05:17:43Z,65.0,Versa 4
2026-05-11T05:17:45Z,66.0,Versa 4
2026-05-11T05:17:46Z,67.0,Versa 4
2026-05-11T05:17:48Z,69.0,Versa 4
2026-05-11T05:17:51Z,69.0,Versa 4
2026-05-11T05:17:52Z,71.0,Versa 4
2026-05-11T05:17:55Z,71.0,Versa 4
2026-05-11T05:17:58Z,69.0,Versa 4
2026-05-11T05:18:00Z,68.0,Versa 4
2026-05-11T05:18:03Z,68.0,Versa 4
2026-05-11T05:18:04Z,66.0,Versa 4
2026-05-11T05:18:06Z,65.0,Versa 4
2026-05-11T05:18:08Z,64.0,Versa 4
2026-05-11T05:18:09Z,62.0,Versa 4
2026-05-11T05:18:11Z,61.0,Versa 4
2026-05-11T05:18:13Z,60.0,Versa 4
2026-05-11T05:18:16Z,60.0,Versa 4
2026-05-11T05:18:17Z,61.0,Versa 4
2026-05-11T05:18:19Z,62.0,Versa 4
2026-05-11T05:18:21Z,63.0,Versa 4
2026-05-11T05:18:23Z,64.0,Versa 4
2026-05-11T05:18:26Z,64.0,Versa 4
2026-05-11T05:18:29Z,64.0,Versa 4
2026-05-11T05:18:31Z,65.0,Versa 4
2026-05-11T05:18:33Z,66.0,Versa 4
2026-05-11T05:18:34Z,65.0,Versa 4
2026-05-11T05:18:36Z,64.0,Versa 4
2026-05-11T05:18:38Z,63.0,Versa 4
2026-05-11T05:18:40Z,62.0,Versa 4
2026-05-11T05:18:43Z,62.0,Versa 4
2026-05-11T05:18:44Z,61.0,Versa 4
2026-05-11T05:18:46Z,62.0,Versa 4
2026-05-11T05:18:49Z,62.0,Versa 4
2026-05-11T05:18:52Z,62.0,Versa 4
2026-05-11T05:18:54Z,61.0,Versa 4
2026-05-11T05:18:56Z,62.0,Versa 4
2026-05-11T05:18:57Z,64.0,Versa 4
2026-05-11T05:18:59Z,66.0,Versa 4
2026-05-11T05:19:01Z,64.0,Versa 4
2026-05-11T05:19:03Z,64.0,Versa 4
2026-05-11T05:19:05Z,62.0,Versa 4
2026-05-11T05:19:07Z,61.0,Versa 4
2026-05-11T05:19:09Z,60.0,Versa 4
2026-05-11T05:19:12Z,60.0,Versa 4
2026-05-11T05:19:15Z,60.0,Versa 4
2026-05-11T05:19:18Z,60.0,Versa 4
2026-05-11T05:19:21Z,60.0,Versa 4
2026-05-11T05:19:22Z,59.0,Versa 4
2026-05-11T05:19:25Z,59.0,Versa 4
2026-05-11T05:19:26Z,60.0,Versa 4
2026-05-11T05:19:28Z,61.0,Versa 4
2026-05-11T05:19:30Z,62.0,Versa 4
2026-05-11T05:19:32Z,61.0,Versa 4
2026-05-11T05:19:34Z,60.0,Versa 4
2026-05-11T05:19:37Z,60.0,Versa 4
2026-05-11T05:19:40Z,61.0,Versa 4
2026-05-11T05:19:42Z,60.0,Versa 4
2026-05-11T05:19:45Z,60.0,Versa 4
2026-05-11T05:19:48Z,60.0,Versa 4
2026-05-11T05:19:51Z,60.0,Versa 4
2026-05-11T05:19:54Z,60.0,Versa 4
2026-05-11T05:19:55Z,61.0,Versa 4
2026-05-11T05:19:58Z,61.0,Versa 4
2026-05-11T05:19:59Z,62.0,Versa 4
2026-05-11T05:20:01Z,63.0,Versa 4
2026-05-11T05:20:03Z,64.0,Versa 4
2026-05-11T05:20:05Z,66.0,Versa 4
2026-05-11T05:20:07Z,67.0,Versa 4
2026-05-11T05:20:09Z,67.0,Versa 4
2026-05-11T05:20:10Z,66.0,Versa 4
2026-05-11T05:20:12Z,65.0,Versa 4
2026-05-11T05:20:14Z,64.0,Versa 4
2026-05-11T05:20:16Z,62.0,Versa 4
2026-05-11T05:20:19Z,62.0,Versa 4
2026-05-11T05:20:22Z,63.0,Versa 4
2026-05-11T05:20:25Z,63.0,Versa 4
2026-05-11T05:20:26Z,62.0,Versa 4
2026-05-11T05:20:29Z,62.0,Versa 4
2026-05-11T05:20:30Z,63.0,Versa 4
2026-05-11T05:20:32Z,62.0,Versa 4
2026-05-11T05:20:33Z,62.0,Versa 4
2026-05-11T05:20:36Z,62.0,Versa 4
2026-05-11T05:20:37Z,63.0,Versa 4
2026-05-11T05:20:40Z,63.0,Versa 4
2026-05-11T05:20:41Z,62.0,Versa 4
2026-05-11T05:20:44Z,62.0,Versa 4
2026-05-11T05:20:47Z,63.0,Versa 4
2026-05-11T05:20:50Z,63.0,Versa 4
2026-05-11T05:20:53Z,64.0,Versa 4
2026-05-11T05:20:56Z,64.0,Versa 4
2026-05-11T05:20:58Z,66.0,Versa 4
2026-05-11T05:21:00Z,67.0,Versa 4
2026-05-11T05:21:02Z,68.0,Versa 4
2026-05-11T05:21:04Z,69.0,Versa 4
2026-05-11T05:21:06Z,68.0,Versa 4
2026-05-11T05:21:09Z,68.0,Versa 4
2026-05-11T05:21:12Z,68.0,Versa 4
2026-05-11T05:21:14Z,66.0,Versa 4
2026-05-11T05:21:17Z,66.0,Versa 4
2026-05-11T05:21:18Z,68.0,Versa 4
2026-05-11T05:21:20Z,69.0,Versa 4
2026-05-11T05:21:21Z,76.0,Versa 4
2026-05-11T05:21:23Z,80.0,Versa 4
2026-05-11T05:21:25Z,83.0,Versa 4
2026-05-11T05:21:27Z,85.0,Versa 4
2026-05-11T05:21:29Z,87.0,Versa 4
2026-05-11T05:21:32Z,87.0,Versa 4
2026-05-11T05:21:33Z,95.0,Versa 4
2026-05-11T05:21:35Z,97.0,Versa 4
2026-05-11T05:21:37Z,89.0,Versa 4
2026-05-11T05:21:40Z,89.0,Versa 4
2026-05-11T05:21:41Z,86.0,Versa 4
2026-05-11T05:21:43Z,79.0,Versa 4
2026-05-11T05:21:45Z,75.0,Versa 4
2026-05-11T05:21:46Z,72.0,Versa 4
2026-05-11T05:21:48Z,67.0,Versa 4
2026-05-11T05:21:50Z,66.0,Versa 4
2026-05-11T05:21:52Z,65.0,Versa 4
2026-05-11T05:21:54Z,63.0,Versa 4
2026-05-11T05:21:56Z,62.0,Versa 4
2026-05-11T05:21:59Z,62.0,Versa 4
2026-05-11T05:22:00Z,60.0,Versa 4
2026-05-11T05:22:03Z,60.0,Versa 4
2026-05-11T05:22:04Z,61.0,Versa 4
2026-05-11T05:22:06Z,61.0,Versa 4
2026-05-11T05:22:09Z,60.0,Versa 4
2026-05-11T05:22:11Z,59.0,Versa 4
2026-05-11T05:22:13Z,58.0,Versa 4
2026-05-11T05:22:16Z,58.0,Versa 4
2026-05-11T05:22:19Z,58.0,Versa 4
2026-05-11T05:22:22Z,58.0,Versa 4
2026-05-11T05:22:25Z,58.0,Versa 4
2026-05-11T05:22:28Z,58.0,Versa 4
2026-05-11T05:22:31Z,58.0,Versa 4
2026-05-11T05:22:33Z,58.0,Versa 4
2026-05-11T05:22:34Z,59.0,Versa 4
2026-05-11T05:22:36Z,60.0,Versa 4
2026-05-11T05:22:39Z,60.0,Versa 4
2026-05-11T05:22:42Z,60.0,Versa 4
2026-05-11T05:22:45Z,60.0,Versa 4
2026-05-11T05:22:48Z,60.0,Versa 4
2026-05-11T05:22:51Z,60.0,Versa 4
2026-05-11T05:22:54Z,60.0,Versa 4
2026-05-11T05:22:57Z,60.0,Versa 4
2026-05-11T05:23:00Z,60.0,Versa 4
2026-05-11T05:23:01Z,62.0,Versa 4
2026-05-11T05:23:04Z,62.0,Versa 4
2026-05-11T05:23:07Z,62.0,Versa 4
2026-05-11T05:23:09Z,63.0,Versa 4
2026-05-11T05:23:12Z,63.0,Versa 4
2026-05-11T05:23:13Z,64.0,Versa 4
2026-05-11T05:23:16Z,64.0,Versa 4
2026-05-11T05:23:19Z,64.0,Versa 4
2026-05-11T05:23:22Z,64.0,Versa 4
2026-05-11T05:23:25Z,64.0,Versa 4
2026-05-11T05:23:26Z,63.0,Versa 4
2026-05-11T05:23:29Z,63.0,Versa 4
2026-05-11T05:23:32Z,62.0,Versa 4
2026-05-11T05:23:35Z,62.0,Versa 4
2026-05-11T05:23:38Z,61.0,Versa 4
2026-05-11T05:23:41Z,61.0,Versa 4
2026-05-11T05:23:42Z,62.0,Versa 4
2026-05-11T05:23:44Z,64.0,Versa 4
2026-05-11T05:23:45Z,63.0,Versa 4
2026-05-11T05:23:47Z,65.0,Versa 4
2026-05-11T05:23:49Z,66.0,Versa 4
2026-05-11T05:23:51Z,67.0,Versa 4
2026-05-11T05:23:54Z,67.0,Versa 4
2026-05-11T05:23:57Z,68.0,Versa 4
2026-05-11T05:24:00Z,68.0,Versa 4
2026-05-11T05:24:03Z,68.0,Versa 4
2026-05-11T05:24:05Z,72.0,Versa 4
2026-05-11T05:24:07Z,74.0,Versa 4
2026-05-11T05:24:09Z,72.0,Versa 4
2026-05-11T05:24:10Z,73.0,Versa 4
2026-05-11T05:24:12Z,71.0,Versa 4
2026-05-11T05:24:14Z,70.0,Versa 4
2026-05-11T05:24:17Z,70.0,Versa 4
2026-05-11T05:24:18Z,68.0,Versa 4
2026-05-11T05:24:20Z,66.0,Versa 4
2026-05-11T05:24:23Z,66.0,Versa 4
2026-05-11T05:24:24Z,64.0,Versa 4
2026-05-11T05:24:26Z,63.0,Versa 4
2026-05-11T05:24:28Z,62.0,Versa 4
2026-05-11T05:24:31Z,62.0,Versa 4
2026-05-11T05:24:32Z,61.0,Versa 4
2026-05-11T05:24:35Z,60.0,Versa 4
2026-05-11T05:24:38Z,60.0,Versa 4
2026-05-11T05:24:39Z,60.0,Versa 4
2026-05-11T05:24:42Z,60.0,Versa 4
2026-05-11T05:24:45Z,60.0,Versa 4
2026-05-11T05:24:48Z,60.0,Versa 4
2026-05-11T05:24:51Z,60.0,Versa 4
2026-05-11T05:24:54Z,60.0,Versa 4
2026-05-11T05:24:57Z,60.0,Versa 4
2026-05-11T05:25:00Z,60.0,Versa 4
2026-05-11T05:25:03Z,60.0,Versa 4
2026-05-11T05:25:06Z,60.0,Versa 4
2026-05-11T05:25:08Z,59.0,Versa 4
2026-05-11T05:25:11Z,59.0,Versa 4
2026-05-11T05:25:14Z,60.0,Versa 4
2026-05-11T05:25:17Z,60.0,Versa 4
2026-05-11T05:25:20Z,61.0,Versa 4
2026-05-11T05:25:21Z,62.0,Versa 4
2026-05-11T05:25:24Z,62.0,Versa 4
2026-05-11T05:25:27Z,62.0,Versa 4
2026-05-11T05:25:29Z,63.0,Versa 4
2026-05-11T05:25:32Z,63.0,Versa 4
2026-05-11T05:25:35Z,62.0,Versa 4
2026-05-11T05:25:38Z,62.0,Versa 4
2026-05-11T05:25:41Z,62.0,Versa 4
2026-05-11T05:25:44Z,62.0,Versa 4
2026-05-11T05:25:45Z,60.0,Versa 4
2026-05-11T05:25:48Z,60.0,Versa 4
2026-05-11T05:25:50Z,61.0,Versa 4
2026-05-11T05:25:52Z,63.0,Versa 4
2026-05-11T05:25:54Z,67.0,Versa 4
2026-05-11T05:25:56Z,72.0,Versa 4
2026-05-11T05:25:58Z,74.0,Versa 4
2026-05-11T05:26:00Z,89.0,Versa 4
2026-05-11T05:26:02Z,92.0,Versa 4
2026-05-11T05:26:04Z,94.0,Versa 4
2026-05-11T05:26:06Z,91.0,Versa 4
2026-05-11T05:26:08Z,85.0,Versa 4
2026-05-11T05:26:09Z,73.0,Versa 4
2026-05-11T05:26:11Z,70.0,Versa 4
2026-05-11T05:26:13Z,68.0,Versa 4
2026-05-11T05:26:15Z,64.0,Versa 4
2026-05-11T05:26:17Z,63.0,Versa 4
2026-05-11T05:26:19Z,61.0,Versa 4
2026-05-11T05:26:22Z,61.0,Versa 4
2026-05-11T05:26:23Z,60.0,Versa 4
2026-05-11T05:26:26Z,60.0,Versa 4
2026-05-11T05:26:29Z,60.0,Versa 4
2026-05-11T05:26:31Z,59.0,Versa 4
2026-05-11T05:26:33Z,58.0,Versa 4
2026-05-11T05:26:36Z,59.0,Versa 4
2026-05-11T05:26:39Z,59.0,Versa 4
2026-05-11T05:26:40Z,60.0,Versa 4
2026-05-11T05:26:42Z,61.0,Versa 4
2026-05-11T05:26:44Z,60.0,Versa 4
2026-05-11T05:26:47Z,60.0,Versa 4
2026-05-11T05:26:48Z,59.0,Versa 4
2026-05-11T05:26:50Z,58.0,Versa 4
2026-05-11T05:26:52Z,60.0,Versa 4
2026-05-11T05:26:55Z,60.0,Versa 4
2026-05-11T05:26:57Z,58.0,Versa 4
2026-05-11T05:26:59Z,58.0,Versa 4
2026-05-11T05:27:01Z,58.0,Versa 4
2026-05-11T05:27:03Z,60.0,Versa 4
2026-05-11T05:27:05Z,61.0,Versa 4
2026-05-11T05:27:07Z,62.0,Versa 4
2026-05-11T05:27:09Z,61.0,Versa 4
2026-05-11T05:27:12Z,61.0,Versa 4
2026-05-11T05:27:13Z,60.0,Versa 4
2026-05-11T05:27:15Z,61.0,Versa 4
2026-05-11T05:27:17Z,60.0,Versa 4
2026-05-11T05:27:20Z,60.0,Versa 4
2026-05-11T05:27:23Z,60.0,Versa 4
2026-05-11T05:27:26Z,59.0,Versa 4
2026-05-11T05:27:29Z,59.0,Versa 4
2026-05-11T05:27:30Z,60.0,Versa 4
2026-05-11T05:27:33Z,60.0,Versa 4
2026-05-11T05:27:34Z,59.0,Versa 4
2026-05-11T05:27:37Z,59.0,Versa 4
2026-05-11T05:27:40Z,59.0,Versa 4
2026-05-11T05:27:42Z,59.0,Versa 4
2026-05-11T05:27:45Z,59.0,Versa 4
2026-05-11T05:27:47Z,59.0,Versa 4
2026-05-11T05:27:49Z,60.0,Versa 4
2026-05-11T05:27:52Z,60.0,Versa 4
2026-05-11T05:27:53Z,62.0,Versa 4
2026-05-11T05:27:56Z,62.0,Versa 4
2026-05-11T05:27:59Z,63.0,Versa 4
2026-05-11T05:28:01Z,62.0,Versa 4
2026-05-11T05:28:04Z,62.0,Versa 4
2026-05-11T05:28:07Z,62.0,Versa 4
2026-05-11T05:28:09Z,61.0,Versa 4
2026-05-11T05:28:10Z,60.0,Versa 4
2026-05-11T05:28:13Z,60.0,Versa 4
2026-05-11T05:28:14Z,59.0,Versa 4
2026-05-11T05:28:16Z,58.0,Versa 4
2026-05-11T05:28:19Z,58.0,Versa 4
2026-05-11T05:28:22Z,58.0,Versa 4
2026-05-11T05:28:25Z,58.0,Versa 4
2026-05-11T05:28:28Z,60.0,Versa 4
2026-05-11T05:28:31Z,60.0,Versa 4
2026-05-11T05:28:32Z,59.0,Versa 4
2026-05-11T05:28:35Z,60.0,Versa 4
2026-05-11T05:28:37Z,61.0,Versa 4
2026-05-11T05:28:39Z,63.0,Versa 4
2026-05-11T05:28:41Z,67.0,Versa 4
2026-05-11T05:28:43Z,68.0,Versa 4
2026-05-11T05:28:45Z,68.0,Versa 4
2026-05-11T05:28:47Z,69.0,Versa 4
2026-05-11T05:28:49Z,68.0,Versa 4
2026-05-11T05:28:52Z,68.0,Versa 4
2026-05-11T05:28:53Z,67.0,Versa 4
2026-05-11T05:28:56Z,67.0,Versa 4
2026-05-11T05:28:57Z,66.0,Versa 4
2026-05-11T05:28:58Z,64.0,Versa 4
2026-05-11T05:29:01Z,64.0,Versa 4
2026-05-11T05:29:02Z,63.0,Versa 4
2026-05-11T05:29:04Z,62.0,Versa 4
2026-05-11T05:29:07Z,62.0,Versa 4
2026-05-11T05:29:08Z,62.0,Versa 4
2026-05-11T05:29:10Z,63.0,Versa 4
2026-05-11T05:29:12Z,67.0,Versa 4
2026-05-11T05:29:14Z,74.0,Versa 4
2026-05-11T05:29:16Z,78.0,Versa 4
2026-05-11T05:29:18Z,80.0,Versa 4
2026-05-11T05:29:20Z,77.0,Versa 4
2026-05-11T05:29:21Z,72.0,Versa 4
2026-05-11T05:29:23Z,69.0,Versa 4
2026-05-11T05:29:25Z,67.0,Versa 4
2026-05-11T05:29:27Z,64.0,Versa 4
2026-05-11T05:29:29Z,63.0,Versa 4
2026-05-11T05:29:31Z,61.0,Versa 4
2026-05-11T05:29:33Z,60.0,Versa 4
2026-05-11T05:29:36Z,60.0,Versa 4
2026-05-11T05:29:37Z,60.0,Versa 4
2026-05-11T05:29:39Z,59.0,Versa 4
2026-05-11T05:29:41Z,60.0,Versa 4
2026-05-11T05:29:44Z,60.0,Versa 4
2026-05-11T05:29:46Z,59.0,Versa 4
2026-05-11T05:29:48Z,58.0,Versa 4
2026-05-11T05:29:51Z,58.0,Versa 4
2026-05-11T05:29:54Z,58.0,Versa 4
2026-05-11T05:29:56Z,57.0,Versa 4
2026-05-11T05:29:59Z,57.0,Versa 4
2026-05-11T05:30:02Z,57.0,Versa 4
2026-05-11T05:30:04Z,56.0,Versa 4
2026-05-11T05:30:07Z,56.0,Versa 4
2026-05-11T05:30:09Z,58.0,Versa 4
2026-05-11T05:30:12Z,58.0,Versa 4
2026-05-11T05:30:15Z,57.0,Versa 4
2026-05-11T05:30:18Z,57.0,Versa 4
2026-05-11T05:30:21Z,57.0,Versa 4
2026-05-11T05:30:24Z,57.0,Versa 4
2026-05-11T05:30:25Z,58.0,Versa 4
2026-05-11T05:30:28Z,58.0,Versa 4
2026-05-11T05:30:29Z,59.0,Versa 4
2026-05-11T05:30:32Z,59.0,Versa 4
2026-05-11T05:30:35Z,59.0,Versa 4
2026-05-11T05:30:36Z,60.0,Versa 4
2026-05-11T05:30:38Z,60.0,Versa 4
2026-05-11T05:30:41Z,60.0,Versa 4
2026-05-11T05:30:42Z,60.0,Versa 4
2026-05-11T05:30:45Z,60.0,Versa 4
2026-05-11T05:30:48Z,61.0,Versa 4
2026-05-11T05:30:50Z,62.0,Versa 4
2026-05-11T05:30:53Z,62.0,Versa 4
2026-05-11T05:30:54Z,63.0,Versa 4
2026-05-11T05:30:57Z,63.0,Versa 4
2026-05-11T05:30:59Z,62.0,Versa 4
2026-05-11T05:31:02Z,62.0,Versa 4
2026-05-11T05:31:05Z,61.0,Versa 4
2026-05-11T05:31:07Z,60.0,Versa 4
2026-05-11T05:31:10Z,60.0,Versa 4
2026-05-11T05:31:11Z,59.0,Versa 4
2026-05-11T05:31:14Z,59.0,Versa 4
2026-05-11T05:31:17Z,58.0,Versa 4
2026-05-11T05:31:19Z,59.0,Versa 4
2026-05-11T05:31:21Z,60.0,Versa 4
2026-05-11T05:31:24Z,60.0,Versa 4
2026-05-11T05:31:27Z,60.0,Versa 4
2026-05-11T05:31:28Z,61.0,Versa 4
2026-05-11T05:31:31Z,61.0,Versa 4
2026-05-11T05:31:32Z,62.0,Versa 4
2026-05-11T05:31:35Z,62.0,Versa 4
2026-05-11T05:31:36Z,62.0,Versa 4
2026-05-11T05:31:38Z,62.0,Versa 4
2026-05-11T05:31:40Z,61.0,Versa 4
2026-05-11T05:31:43Z,61.0,Versa 4
2026-05-11T05:31:44Z,62.0,Versa 4
2026-05-11T05:31:47Z,63.0,Versa 4
2026-05-11T05:31:50Z,63.0,Versa 4
2026-05-11T05:31:51Z,62.0,Versa 4
2026-05-11T05:31:54Z,62.0,Versa 4
2026-05-11T05:31:55Z,61.0,Versa 4
2026-05-11T05:31:57Z,60.0,Versa 4
2026-05-11T05:32:00Z,60.0,Versa 4
2026-05-11T05:32:03Z,60.0,Versa 4
2026-05-11T05:32:06Z,60.0,Versa 4
2026-05-11T05:32:09Z,60.0,Versa 4
2026-05-11T05:32:12Z,60.0,Versa 4
2026-05-11T05:32:15Z,60.0,Versa 4
2026-05-11T05:32:16Z,59.0,Versa 4
2026-05-11T05:32:18Z,58.0,Versa 4
2026-05-11T05:32:21Z,58.0,Versa 4
2026-05-11T05:32:24Z,59.0,Versa 4
2026-05-11T05:32:26Z,60.0,Versa 4
2026-05-11T05:32:29Z,60.0,Versa 4
2026-05-11T05:32:30Z,61.0,Versa 4
2026-05-11T05:32:32Z,62.0,Versa 4
2026-05-11T05:32:33Z,65.0,Versa 4
2026-05-11T05:32:35Z,71.0,Versa 4
2026-05-11T05:32:37Z,76.0,Versa 4
2026-05-11T05:32:40Z,76.0,Versa 4
2026-05-11T05:32:41Z,77.0,Versa 4
2026-05-11T05:32:44Z,77.0,Versa 4
2026-05-11T05:32:45Z,74.0,Versa 4
2026-05-11T05:32:47Z,72.0,Versa 4
2026-05-11T05:32:49Z,70.0,Versa 4
2026-05-11T05:32:51Z,69.0,Versa 4
2026-05-11T05:32:53Z,68.0,Versa 4
2026-05-11T05:32:55Z,66.0,Versa 4
2026-05-11T05:32:58Z,66.0,Versa 4
2026-05-11T05:33:00Z,65.0,Versa 4
2026-05-11T05:33:03Z,65.0,Versa 4
2026-05-11T05:33:06Z,66.0,Versa 4
2026-05-11T05:33:09Z,66.0,Versa 4
2026-05-11T05:33:12Z,66.0,Versa 4
2026-05-11T05:33:14Z,65.0,Versa 4
2026-05-11T05:33:17Z,65.0,Versa 4
2026-05-11T05:33:18Z,66.0,Versa 4
2026-05-11T05:33:20Z,65.0,Versa 4
2026-05-11T05:33:21Z,64.0,Versa 4
2026-05-11T05:33:24Z,64.0,Versa 4
2026-05-11T05:33:25Z,63.0,Versa 4
2026-05-11T05:33:27Z,63.0,Versa 4
2026-05-11T05:33:29Z,65.0,Versa 4
2026-05-11T05:33:31Z,67.0,Versa 4
2026-05-11T05:33:33Z,68.0,Versa 4
2026-05-11T05:33:36Z,68.0,Versa 4
2026-05-11T05:33:39Z,68.0,Versa 4
2026-05-11T05:33:41Z,69.0,Versa 4
2026-05-11T05:33:43Z,71.0,Versa 4
2026-05-11T05:33:45Z,69.0,Versa 4
2026-05-11T05:33:46Z,68.0,Versa 4
2026-05-11T05:33:49Z,68.0,Versa 4
2026-05-11T05:33:50Z,67.0,Versa 4
2026-05-11T05:33:52Z,66.0,Versa 4
2026-05-11T05:33:54Z,65.0,Versa 4
2026-05-11T05:33:56Z,66.0,Versa 4
2026-05-11T05:33:58Z,65.0,Versa 4
2026-05-11T05:34:00Z,64.0,Versa 4
2026-05-11T05:34:02Z,64.0,Versa 4
2026-05-11T05:34:04Z,62.0,Versa 4
2026-05-11T05:34:07Z,62.0,Versa 4
2026-05-11T05:34:08Z,61.0,Versa 4
2026-05-11T05:34:09Z,63.0,Versa 4
2026-05-11T05:34:12Z,63.0,Versa 4
2026-05-11T05:34:13Z,59.0,Versa 4
2026-05-11T05:34:15Z,57.0,Versa 4
2026-05-11T05:34:17Z,56.0,Versa 4
2026-05-11T05:34:19Z,58.0,Versa 4
2026-05-11T05:34:21Z,59.0,Versa 4
2026-05-11T05:34:23Z,59.0,Versa 4
2026-05-11T05:34:25Z,60.0,Versa 4
2026-05-11T05:34:28Z,60.0,Versa 4
2026-05-11T05:34:31Z,60.0,Versa 4
2026-05-11T05:34:34Z,61.0,Versa 4
2026-05-11T05:34:36Z,62.0,Versa 4
2026-05-11T05:34:39Z,62.0,Versa 4
2026-05-11T05:34:40Z,62.0,Versa 4
2026-05-11T05:34:43Z,62.0,Versa 4
2026-05-11T05:34:44Z,61.0,Versa 4
2026-05-11T05:34:47Z,61.0,Versa 4
2026-05-11T05:34:48Z,61.0,Versa 4
2026-05-11T05:34:50Z,62.0,Versa 4
2026-05-11T05:34:53Z,62.0,Versa 4
2026-05-11T05:34:54Z,63.0,Versa 4
2026-05-11T05:34:56Z,62.0,Versa 4
2026-05-11T05:34:59Z,62.0,Versa 4
2026-05-11T05:35:01Z,63.0,Versa 4
2026-05-11T05:35:03Z,68.0,Versa 4
2026-05-11T05:35:05Z,73.0,Versa 4
2026-05-11T05:35:07Z,78.0,Versa 4
2026-05-11T05:35:10Z,78.0,Versa 4
2026-05-11T05:35:11Z,76.0,Versa 4
2026-05-11T05:35:13Z,73.0,Versa 4
2026-05-11T05:35:15Z,71.0,Versa 4
2026-05-11T05:35:17Z,69.0,Versa 4
2026-05-11T05:35:19Z,68.0,Versa 4
2026-05-11T05:35:22Z,67.0,Versa 4
2026-05-11T05:35:24Z,65.0,Versa 4
2026-05-11T05:35:26Z,64.0,Versa 4
2026-05-11T05:35:29Z,64.0,Versa 4
2026-05-11T05:35:30Z,63.0,Versa 4
2026-05-11T05:35:32Z,62.0,Versa 4
2026-05-11T05:35:34Z,61.0,Versa 4
2026-05-11T05:35:36Z,60.0,Versa 4
2026-05-11T05:35:38Z,61.0,Versa 4
2026-05-11T05:35:40Z,62.0,Versa 4
2026-05-11T05:35:42Z,63.0,Versa 4
2026-05-11T05:35:45Z,62.0,Versa 4
2026-05-11T05:35:48Z,62.0,Versa 4
2026-05-11T05:35:51Z,62.0,Versa 4
2026-05-11T05:35:54Z,62.0,Versa 4
2026-05-11T05:35:55Z,63.0,Versa 4
2026-05-11T05:35:57Z,64.0,Versa 4
2026-05-11T05:35:59Z,65.0,Versa 4
2026-05-11T05:36:01Z,66.0,Versa 4
2026-05-11T05:36:03Z,69.0,Versa 4
2026-05-11T05:36:05Z,74.0,Versa 4
2026-05-11T05:36:07Z,77.0,Versa 4
2026-05-11T05:36:09Z,83.0,Versa 4
2026-05-11T05:36:10Z,87.0,Versa 4
2026-05-11T05:36:12Z,86.0,Versa 4
2026-05-11T05:36:14Z,88.0,Versa 4
2026-05-11T05:36:16Z,90.0,Versa 4
2026-05-11T05:36:18Z,88.0,Versa 4
2026-05-11T05:36:20Z,86.0,Versa 4
2026-05-11T05:36:22Z,89.0,Versa 4
2026-05-11T05:36:24Z,86.0,Versa 4
2026-05-11T05:36:26Z,84.0,Versa 4
2026-05-11T05:36:28Z,86.0,Versa 4
2026-05-11T05:36:30Z,91.0,Versa 4
2026-05-11T05:36:32Z,91.0,Versa 4
2026-05-11T05:36:33Z,90.0,Versa 4
2026-05-11T05:36:35Z,88.0,Versa 4
2026-05-11T05:36:37Z,97.0,Versa 4
2026-05-11T05:36:39Z,96.0,Versa 4
2026-05-11T05:36:41Z,89.0,Versa 4
2026-05-11T05:36:43Z,85.0,Versa 4
2026-05-11T05:36:46Z,85.0,Versa 4
2026-05-11T05:36:49Z,85.0,Versa 4
2026-05-11T05:36:52Z,85.0,Versa 4
2026-05-11T05:36:55Z,85.0,Versa 4
2026-05-11T05:36:58Z,84.0,Versa 4
2026-05-11T05:37:00Z,85.0,Versa 4
2026-05-11T05:37:02Z,84.0,Versa 4
2026-05-11T05:37:05Z,84.0,Versa 4
2026-05-11T05:37:08Z,84.0,Versa 4
2026-05-11T05:37:10Z,85.0,Versa 4
2026-05-11T05:37:12Z,87.0,Versa 4
2026-05-11T05:37:15Z,87.0,Versa 4
2026-05-11T05:37:16Z,89.0,Versa 4
2026-05-11T05:37:19Z,89.0,Versa 4
2026-05-11T05:37:20Z,88.0,Versa 4
2026-05-11T05:37:21Z,89.0,Versa 4
2026-05-11T05:37:23Z,92.0,Versa 4
2026-05-11T05:37:25Z,91.0,Versa 4
2026-05-11T05:37:28Z,91.0,Versa 4
2026-05-11T05:37:29Z,88.0,Versa 4
2026-05-11T05:37:31Z,86.0,Versa 4
2026-05-11T05:37:33Z,85.0,Versa 4
2026-05-11T05:37:36Z,85.0,Versa 4
2026-05-11T05:37:37Z,84.0,Versa 4
2026-05-11T05:37:40Z,84.0,Versa 4
2026-05-11T05:37:41Z,88.0,Versa 4
2026-05-11T05:37:43Z,90.0,Versa 4
2026-05-11T05:37:45Z,93.0,Versa 4
2026-05-11T05:37:48Z,94.0,Versa 4
2026-05-11T05:37:50Z,93.0,Versa 4
2026-05-11T05:37:53Z,93.0,Versa 4
2026-05-11T05:37:56Z,93.0,Versa 4
2026-05-11T05:37:58Z,95.0,Versa 4
2026-05-11T05:38:00Z,94.0,Versa 4
2026-05-11T05:38:02Z,84.0,Versa 4
2026-05-11T05:38:04Z,77.0,Versa 4
2026-05-11T05:38:07Z,77.0,Versa 4
2026-05-11T05:38:08Z,79.0,Versa 4
2026-05-11T05:38:09Z,82.0,Versa 4
2026-05-11T05:38:11Z,87.0,Versa 4
2026-05-11T05:38:14Z,87.0,Versa 4
2026-05-11T05:38:15Z,86.0,Versa 4
2026-05-11T05:38:17Z,85.0,Versa 4
2026-05-11T05:38:20Z,85.0,Versa 4
2026-05-11T05:38:21Z,88.0,Versa 4
2026-05-11T05:38:23Z,89.0,Versa 4
2026-05-11T05:38:25Z,88.0,Versa 4
2026-05-11T05:38:27Z,84.0,Versa 4
2026-05-11T05:38:29Z,83.0,Versa 4
2026-05-11T05:38:31Z,86.0,Versa 4
2026-05-11T05:38:33Z,89.0,Versa 4
2026-05-11T05:38:34Z,91.0,Versa 4
2026-05-11T05:38:36Z,89.0,Versa 4
2026-05-11T05:38:38Z,85.0,Versa 4
2026-05-11T05:38:40Z,84.0,Versa 4
2026-05-11T05:38:42Z,85.0,Versa 4
2026-05-11T05:38:44Z,87.0,Versa 4
2026-05-11T05:38:46Z,88.0,Versa 4
2026-05-11T05:38:49Z,88.0,Versa 4
2026-05-11T05:38:50Z,87.0,Versa 4
2026-05-11T05:38:52Z,86.0,Versa 4
2026-05-11T05:38:55Z,86.0,Versa 4
2026-05-11T05:38:56Z,88.0,Versa 4
2026-05-11T05:38:59Z,88.0,Versa 4
2026-05-11T05:39:02Z,88.0,Versa 4
2026-05-11T05:39:05Z,89.0,Versa 4
2026-05-11T05:39:08Z,89.0,Versa 4
2026-05-11T05:39:09Z,90.0,Versa 4
2026-05-11T05:39:11Z,91.0,Versa 4
2026-05-11T05:39:13Z,90.0,Versa 4
2026-05-11T05:39:15Z,87.0,Versa 4
2026-05-11T05:39:18Z,87.0,Versa 4
2026-05-11T05:39:19Z,88.0,Versa 4
2026-05-11T05:39:21Z,92.0,Versa 4
2026-05-11T05:39:22Z,93.0,Versa 4
2026-05-11T05:39:24Z,92.0,Versa 4
2026-05-11T05:39:26Z,90.0,Versa 4
2026-05-11T05:39:28Z,92.0,Versa 4
2026-05-11T05:39:30Z,94.0,Versa 4
2026-05-11T05:39:32Z,95.0,Versa 4
2026-05-11T05:39:34Z,96.0,Versa 4
2026-05-11T05:39:36Z,94.0,Versa 4
2026-05-11T05:39:38Z,90.0,Versa 4
2026-05-11T05:39:41Z,90.0,Versa 4
2026-05-11T05:39:42Z,89.0,Versa 4
2026-05-11T05:39:45Z,90.0,Versa 4
2026-05-11T05:39:48Z,90.0,Versa 4
2026-05-11T05:39:49Z,91.0,Versa 4
2026-05-11T05:39:51Z,92.0,Versa 4
2026-05-11T05:39:53Z,93.0,Versa 4
2026-05-11T05:39:55Z,96.0,Versa 4
2026-05-11T05:39:57Z,99.0,Versa 4
2026-05-11T05:39:59Z,97.0,Versa 4
2026-05-11T05:40:02Z,97.0,Versa 4
2026-05-11T05:40:03Z,101.0,Versa 4
2026-05-11T05:40:05Z,103.0,Versa 4
2026-05-11T05:40:07Z,100.0,Versa 4
2026-05-11T05:40:09Z,101.0,Versa 4
2026-05-11T05:40:10Z,102.0,Versa 4
2026-05-11T05:40:12Z,90.0,Versa 4
2026-05-11T05:40:14Z,91.0,Versa 4
2026-05-11T05:40:16Z,92.0,Versa 4
2026-05-11T05:40:19Z,92.0,Versa 4
2026-05-11T05:40:20Z,91.0,Versa 4
2026-05-11T05:40:22Z,89.0,Versa 4
2026-05-11T05:40:24Z,88.0,Versa 4
2026-05-11T05:40:26Z,90.0,Versa 4
2026-05-11T05:40:28Z,91.0,Versa 4
2026-05-11T05:40:30Z,88.0,Versa 4
2026-05-11T05:40:32Z,81.0,Versa 4
2026-05-11T05:40:33Z,80.0,Versa 4
2026-05-11T05:40:35Z,77.0,Versa 4
2026-05-11T05:40:37Z,76.0,Versa 4
2026-05-11T05:40:39Z,79.0,Versa 4
2026-05-11T05:40:41Z,80.0,Versa 4
2026-05-11T05:40:44Z,80.0,Versa 4
2026-05-11T05:40:45Z,82.0,Versa 4
2026-05-11T05:40:47Z,83.0,Versa 4
2026-05-11T05:40:49Z,82.0,Versa 4
2026-05-11T05:40:51Z,84.0,Versa 4
2026-05-11T05:40:53Z,86.0,Versa 4
2026-05-11T05:40:56Z,86.0,Versa 4
2026-05-11T05:40:57Z,89.0,Versa 4
2026-05-11T05:40:58Z,88.0,Versa 4
2026-05-11T05:41:01Z,88.0,Versa 4
2026-05-11T05:41:02Z,90.0,Versa 4
2026-05-11T05:41:04Z,91.0,Versa 4
2026-05-11T05:41:06Z,92.0,Versa 4
2026-05-11T05:41:08Z,93.0,Versa 4
2026-05-11T05:41:11Z,93.0,Versa 4
2026-05-11T05:41:14Z,93.0,Versa 4
2026-05-11T05:41:16Z,95.0,Versa 4
2026-05-11T05:41:19Z,95.0,Versa 4
2026-05-11T05:41:20Z,96.0,Versa 4
2026-05-11T05:41:23Z,97.0,Versa 4
2026-05-11T05:41:25Z,100.0,Versa 4
2026-05-11T05:41:27Z,94.0,Versa 4
2026-05-11T05:41:29Z,86.0,Versa 4
2026-05-11T05:41:31Z,89.0,Versa 4
2026-05-11T05:41:33Z,92.0,Versa 4
2026-05-11T05:41:35Z,93.0,Versa 4
2026-05-11T05:41:37Z,99.0,Versa 4
2026-05-11T05:41:39Z,94.0,Versa 4
2026-05-11T05:41:41Z,95.0,Versa 4
2026-05-11T05:41:44Z,95.0,Versa 4
2026-05-11T05:41:46Z,97.0,Versa 4
2026-05-11T05:41:48Z,96.0,Versa 4
2026-05-11T05:41:50Z,97.0,Versa 4
2026-05-11T05:41:52Z,95.0,Versa 4
2026-05-11T05:41:54Z,94.0,Versa 4
2026-05-11T05:41:56Z,93.0,Versa 4
2026-05-11T05:41:58Z,94.0,Versa 4
2026-05-11T05:42:01Z,94.0,Versa 4
2026-05-11T05:42:02Z,95.0,Versa 4
2026-05-11T05:42:05Z,95.0,Versa 4
2026-05-11T05:42:08Z,95.0,Versa 4
2026-05-11T05:42:10Z,94.0,Versa 4
2026-05-11T05:42:13Z,94.0,Versa 4
2026-05-11T05:42:14Z,93.0,Versa 4
2026-05-11T05:42:17Z,93.0,Versa 4
2026-05-11T05:42:18Z,94.0,Versa 4
2026-05-11T05:42:21Z,94.0,Versa 4
2026-05-11T05:42:24Z,94.0,Versa 4
2026-05-11T05:42:26Z,96.0,Versa 4
2026-05-11T05:42:27Z,95.0,Versa 4
2026-05-11T05:42:30Z,95.0,Versa 4
2026-05-11T05:42:31Z,96.0,Versa 4
2026-05-11T05:42:33Z,97.0,Versa 4
2026-05-11T05:42:35Z,96.0,Versa 4
2026-05-11T05:42:38Z,96.0,Versa 4
2026-05-11T05:42:39Z,98.0,Versa 4
2026-05-11T05:42:41Z,96.0,Versa 4
2026-05-11T05:42:43Z,97.0,Versa 4
2026-05-11T05:42:45Z,98.0,Versa 4
2026-05-11T05:42:47Z,96.0,Versa 4
2026-05-11T05:42:49Z,93.0,Versa 4
2026-05-11T05:42:51Z,94.0,Versa 4
2026-05-11T05:42:54Z,93.0,Versa 4
2026-05-11T05:42:56Z,95.0,Versa 4
2026-05-11T05:42:58Z,96.0,Versa 4
2026-05-11T05:43:00Z,97.0,Versa 4
2026-05-11T05:43:02Z,98.0,Versa 4
2026-05-11T05:43:05Z,98.0,Versa 4
2026-05-11T05:43:06Z,95.0,Versa 4
2026-05-11T05:43:08Z,97.0,Versa 4
2026-05-11T05:43:10Z,98.0,Versa 4
2026-05-11T05:43:13Z,98.0,Versa 4
2026-05-11T05:43:14Z,98.0,Versa 4
2026-05-11T05:43:15Z,95.0,Versa 4
2026-05-11T05:43:17Z,92.0,Versa 4
2026-05-11T05:43:19Z,91.0,Versa 4
2026-05-11T05:43:21Z,95.0,Versa 4
2026-05-11T05:43:23Z,94.0,Versa 4
2026-05-11T05:43:25Z,100.0,Versa 4
2026-05-11T05:43:27Z,99.0,Versa 4
2026-05-11T05:43:29Z,98.0,Versa 4
2026-05-11T05:43:31Z,97.0,Versa 4
2026-05-11T05:43:33Z,100.0,Versa 4
2026-05-11T05:43:35Z,95.0,Versa 4
2026-05-11T05:43:37Z,96.0,Versa 4
2026-05-11T05:43:39Z,99.0,Versa 4
2026-05-11T05:43:42Z,99.0,Versa 4
2026-05-11T05:43:44Z,98.0,Versa 4
2026-05-11T05:43:46Z,96.0,Versa 4
2026-05-11T05:43:48Z,95.0,Versa 4
2026-05-11T05:43:50Z,96.0,Versa 4
2026-05-11T05:43:52Z,94.0,Versa 4
2026-05-11T05:43:54Z,93.0,Versa 4
2026-05-11T05:43:56Z,96.0,Versa 4
2026-05-11T05:43:58Z,94.0,Versa 4
2026-05-11T05:44:01Z,94.0,Versa 4
2026-05-11T05:44:03Z,93.0,Versa 4
2026-05-11T05:44:05Z,100.0,Versa 4
2026-05-11T05:44:07Z,98.0,Versa 4
2026-05-11T05:44:09Z,96.0,Versa 4
2026-05-11T05:44:11Z,97.0,Versa 4
2026-05-11T05:44:13Z,100.0,Versa 4
2026-05-11T05:44:15Z,99.0,Versa 4
2026-05-11T05:44:17Z,100.0,Versa 4
2026-05-11T05:44:19Z,97.0,Versa 4
2026-05-11T05:44:21Z,99.0,Versa 4
2026-05-11T05:44:23Z,98.0,Versa 4
2026-05-11T05:44:26Z,98.0,Versa 4
2026-05-11T05:44:27Z,97.0,Versa 4
2026-05-11T05:44:28Z,95.0,Versa 4
2026-05-11T05:44:30Z,97.0,Versa 4
2026-05-11T05:44:32Z,96.0,Versa 4
2026-05-11T05:44:35Z,96.0,Versa 4
2026-05-11T05:44:38Z,97.0,Versa 4
2026-05-11T05:44:40Z,93.0,Versa 4
2026-05-11T05:44:42Z,94.0,Versa 4
2026-05-11T05:44:44Z,93.0,Versa 4
2026-05-11T05:44:46Z,92.0,Versa 4
2026-05-11T05:44:48Z,93.0,Versa 4
2026-05-11T05:44:50Z,92.0,Versa 4
2026-05-11T05:44:51Z,95.0,Versa 4
2026-05-11T05:44:53Z,96.0,Versa 4
2026-05-11T05:44:55Z,95.0,Versa 4
2026-05-11T05:44:57Z,93.0,Versa 4
2026-05-11T05:44:59Z,91.0,Versa 4
2026-05-11T05:45:01Z,87.0,Versa 4
2026-05-11T05:45:03Z,84.0,Versa 4
2026-05-11T05:45:05Z,84.0,Versa 4
2026-05-11T05:45:07Z,83.0,Versa 4
2026-05-11T05:45:09Z,82.0,Versa 4
2026-05-11T05:45:11Z,84.0,Versa 4
2026-05-11T05:45:14Z,84.0,Versa 4
2026-05-11T05:45:16Z,83.0,Versa 4
2026-05-11T05:45:19Z,83.0,Versa 4
2026-05-11T05:45:20Z,84.0,Versa 4
2026-05-11T05:45:22Z,85.0,Versa 4
2026-05-11T05:45:24Z,86.0,Versa 4
2026-05-11T05:45:27Z,86.0,Versa 4
2026-05-11T05:45:30Z,87.0,Versa 4
2026-05-11T05:45:33Z,87.0,Versa 4
2026-05-11T05:45:34Z,86.0,Versa 4
2026-05-11T05:45:36Z,87.0,Versa 4
2026-05-11T05:45:38Z,89.0,Versa 4
2026-05-11T05:45:39Z,88.0,Versa 4
2026-05-11T05:45:42Z,88.0,Versa 4
2026-05-11T05:45:43Z,89.0,Versa 4
2026-05-11T05:45:45Z,89.0,Versa 4
2026-05-11T05:45:47Z,90.0,Versa 4
2026-05-11T05:45:49Z,91.0,Versa 4
2026-05-11T05:45:51Z,89.0,Versa 4
2026-05-11T05:45:53Z,90.0,Versa 4
2026-05-11T05:45:56Z,90.0,Versa 4
2026-05-11T05:45:57Z,89.0,Versa 4
2026-05-11T05:46:00Z,89.0,Versa 4
2026-05-11T05:46:01Z,90.0,Versa 4
2026-05-11T05:46:04Z,90.0,Versa 4
2026-05-11T05:46:06Z,89.0,Versa 4
2026-05-11T05:46:08Z,90.0,Versa 4
2026-05-11T05:46:11Z,90.0,Versa 4
2026-05-11T05:46:14Z,89.0,Versa 4
2026-05-11T05:46:17Z,89.0,Versa 4
2026-05-11T05:46:18Z,88.0,Versa 4
2026-05-11T05:46:21Z,88.0,Versa 4
2026-05-11T05:46:22Z,87.0,Versa 4
2026-05-11T05:46:25Z,87.0,Versa 4
2026-05-11T05:46:27Z,89.0,Versa 4
2026-05-11T05:46:29Z,90.0,Versa 4
2026-05-11T05:46:31Z,88.0,Versa 4
2026-05-11T05:46:33Z,87.0,Versa 4
2026-05-11T05:46:35Z,88.0,Versa 4
2026-05-11T05:46:37Z,86.0,Versa 4
2026-05-11T05:46:40Z,86.0,Versa 4
2026-05-11T05:46:41Z,88.0,Versa 4
2026-05-11T05:46:43Z,90.0,Versa 4
2026-05-11T05:46:45Z,91.0,Versa 4
2026-05-11T05:46:48Z,91.0,Versa 4
2026-05-11T05:46:49Z,93.0,Versa 4
2026-05-11T05:46:51Z,94.0,Versa 4
2026-05-11T05:46:54Z,92.0,Versa 4
2026-05-11T05:46:56Z,91.0,Versa 4
2026-05-11T05:46:59Z,91.0,Versa 4
2026-05-11T05:47:00Z,90.0,Versa 4
2026-05-11T05:47:02Z,89.0,Versa 4
2026-05-11T05:47:05Z,89.0,Versa 4
2026-05-11T05:47:08Z,90.0,Versa 4
2026-05-11T05:47:10Z,89.0,Versa 4
2026-05-11T05:47:12Z,90.0,Versa 4
2026-05-11T05:47:14Z,91.0,Versa 4
2026-05-11T05:47:15Z,92.0,Versa 4
2026-05-11T05:47:18Z,92.0,Versa 4
2026-05-11T05:47:21Z,94.0,Versa 4
2026-05-11T05:47:23Z,102.0,Versa 4
2026-05-11T05:47:25Z,107.0,Versa 4
2026-05-11T05:47:27Z,105.0,Versa 4
2026-05-11T05:47:29Z,102.0,Versa 4
2026-05-11T05:47:31Z,101.0,Versa 4
2026-05-11T05:47:34Z,101.0,Versa 4
2026-05-11T05:47:35Z,98.0,Versa 4
2026-05-11T05:47:37Z,97.0,Versa 4
2026-05-11T05:47:39Z,99.0,Versa 4
2026-05-11T05:47:40Z,100.0,Versa 4
2026-05-11T05:47:42Z,99.0,Versa 4
2026-05-11T05:47:44Z,98.0,Versa 4
2026-05-11T05:47:46Z,101.0,Versa 4
2026-05-11T05:47:48Z,103.0,Versa 4
2026-05-11T05:47:50Z,102.0,Versa 4
2026-05-11T05:47:52Z,100.0,Versa 4
2026-05-11T05:47:54Z,97.0,Versa 4
2026-05-11T05:47:57Z,97.0,Versa 4
2026-05-11T05:47:58Z,98.0,Versa 4
2026-05-11T05:48:00Z,97.0,Versa 4
2026-05-11T05:48:03Z,98.0,Versa 4
2026-05-11T05:48:05Z,100.0,Versa 4
2026-05-11T05:48:07Z,95.0,Versa 4
2026-05-11T05:48:09Z,93.0,Versa 4
2026-05-11T05:48:11Z,92.0,Versa 4
2026-05-11T05:48:14Z,92.0,Versa 4
2026-05-11T05:48:16Z,91.0,Versa 4
2026-05-11T05:48:18Z,91.0,Versa 4
2026-05-11T05:48:19Z,89.0,Versa 4
2026-05-11T05:48:20Z,92.0,Versa 4
2026-05-11T05:48:22Z,89.0,Versa 4
2026-05-11T05:48:25Z,89.0,Versa 4
2026-05-11T05:48:28Z,89.0,Versa 4
2026-05-11T05:48:29Z,92.0,Versa 4
2026-05-11T05:48:31Z,93.0,Versa 4
2026-05-11T05:48:34Z,91.0,Versa 4
2026-05-11T05:48:36Z,90.0,Versa 4
2026-05-11T05:48:38Z,89.0,Versa 4
2026-05-11T05:48:41Z,89.0,Versa 4
2026-05-11T05:48:42Z,90.0,Versa 4
2026-05-11T05:48:44Z,86.0,Versa 4
2026-05-11T05:48:46Z,85.0,Versa 4
2026-05-11T05:48:48Z,86.0,Versa 4
2026-05-11T05:48:50Z,85.0,Versa 4
2026-05-11T05:48:52Z,88.0,Versa 4
2026-05-11T05:48:54Z,90.0,Versa 4
2026-05-11T05:48:56Z,89.0,Versa 4
2026-05-11T05:48:57Z,90.0,Versa 4
2026-05-11T05:49:00Z,90.0,Versa 4
2026-05-11T05:49:01Z,89.0,Versa 4
2026-05-11T05:49:03Z,90.0,Versa 4
2026-05-11T05:49:06Z,90.0,Versa 4
2026-05-11T05:49:07Z,91.0,Versa 4
2026-05-11T05:49:09Z,92.0,Versa 4
2026-05-11T05:49:12Z,92.0,Versa 4
2026-05-11T05:49:13Z,93.0,Versa 4
2026-05-11T05:49:15Z,94.0,Versa 4
2026-05-11T05:49:17Z,96.0,Versa 4
2026-05-11T05:49:19Z,93.0,Versa 4
2026-05-11T05:49:22Z,93.0,Versa 4
2026-05-11T05:49:25Z,93.0,Versa 4
2026-05-11T05:49:26Z,95.0,Versa 4
2026-05-11T05:49:28Z,92.0,Versa 4
2026-05-11T05:49:30Z,93.0,Versa 4
2026-05-11T05:49:33Z,93.0,Versa 4
2026-05-11T05:49:36Z,94.0,Versa 4
2026-05-11T05:49:39Z,94.0,Versa 4
2026-05-11T05:49:40Z,94.0,Versa 4
2026-05-11T05:49:42Z,95.0,Versa 4
2026-05-11T05:49:44Z,94.0,Versa 4
2026-05-11T05:49:45Z,95.0,Versa 4
2026-05-11T05:49:47Z,92.0,Versa 4
2026-05-11T05:49:49Z,90.0,Versa 4
2026-05-11T05:49:51Z,91.0,Versa 4
2026-05-11T05:49:54Z,91.0,Versa 4
2026-05-11T05:49:57Z,93.0,Versa 4
2026-05-11T05:50:00Z,93.0,Versa 4
2026-05-11T05:50:01Z,92.0,Versa 4
2026-05-11T05:50:03Z,94.0,Versa 4
2026-05-11T05:50:05Z,92.0,Versa 4
2026-05-11T05:50:07Z,94.0,Versa 4
2026-05-11T05:50:08Z,93.0,Versa 4
2026-05-11T05:50:10Z,92.0,Versa 4
2026-05-11T05:50:13Z,92.0,Versa 4
2026-05-11T05:50:14Z,93.0,Versa 4
2026-05-11T05:50:17Z,93.0,Versa 4
2026-05-11T05:50:18Z,94.0,Versa 4
2026-05-11T05:50:20Z,96.0,Versa 4
2026-05-11T05:50:22Z,100.0,Versa 4
2026-05-11T05:50:24Z,101.0,Versa 4
2026-05-11T05:50:27Z,101.0,Versa 4
2026-05-11T05:50:28Z,102.0,Versa 4
2026-05-11T05:50:30Z,101.0,Versa 4
2026-05-11T05:50:32Z,102.0,Versa 4
2026-05-11T05:50:33Z,101.0,Versa 4
2026-05-11T05:50:36Z,101.0,Versa 4
2026-05-11T05:50:37Z,100.0,Versa 4
2026-05-11T05:50:39Z,98.0,Versa 4
2026-05-11T05:50:41Z,99.0,Versa 4
2026-05-11T05:50:43Z,100.0,Versa 4
2026-05-11T05:50:45Z,100.0,Versa 4
2026-05-11T05:50:47Z,102.0,Versa 4
2026-05-11T05:50:49Z,106.0,Versa 4
2026-05-11T05:50:52Z,106.0,Versa 4
2026-05-11T05:50:53Z,103.0,Versa 4
2026-05-11T05:50:55Z,103.0,Versa 4
2026-05-11T05:50:57Z,100.0,Versa 4
2026-05-11T05:51:00Z,100.0,Versa 4
2026-05-11T05:51:01Z,99.0,Versa 4
2026-05-11T05:51:03Z,98.0,Versa 4
2026-05-11T05:51:05Z,101.0,Versa 4
2026-05-11T05:51:06Z,102.0,Versa 4
2026-05-11T05:51:08Z,97.0,Versa 4
2026-05-11T05:51:10Z,96.0,Versa 4
2026-05-11T05:51:12Z,95.0,Versa 4
2026-05-11T05:51:14Z,98.0,Versa 4
2026-05-11T05:51:16Z,96.0,Versa 4
2026-05-11T05:51:18Z,94.0,Versa 4
2026-05-11T05:51:20Z,97.0,Versa 4
2026-05-11T05:51:23Z,97.0,Versa 4
2026-05-11T05:51:24Z,96.0,Versa 4
2026-05-11T05:51:26Z,94.0,Versa 4
2026-05-11T05:51:28Z,94.0,Versa 4
2026-05-11T05:51:29Z,93.0,Versa 4
2026-05-11T05:51:32Z,93.0,Versa 4
2026-05-11T05:51:33Z,92.0,Versa 4
2026-05-11T05:51:35Z,94.0,Versa 4
2026-05-11T05:51:37Z,96.0,Versa 4
2026-05-11T05:51:39Z,96.0,Versa 4
2026-05-11T05:51:41Z,97.0,Versa 4
2026-05-11T05:51:44Z,97.0,Versa 4
2026-05-11T05:51:45Z,96.0,Versa 4
2026-05-11T05:51:47Z,97.0,Versa 4
2026-05-11T05:51:49Z,96.0,Versa 4
2026-05-11T05:51:51Z,97.0,Versa 4
2026-05-11T05:51:53Z,96.0,Versa 4
2026-05-11T05:51:54Z,95.0,Versa 4
2026-05-11T05:51:56Z,95.0,Versa 4
2026-05-11T05:51:59Z,95.0,Versa 4
2026-05-11T05:52:00Z,94.0,Versa 4
2026-05-11T05:52:02Z,95.0,Versa 4
2026-05-11T05:52:05Z,95.0,Versa 4
2026-05-11T05:52:06Z,96.0,Versa 4
2026-05-11T05:52:08Z,95.0,Versa 4
2026-05-11T05:52:10Z,96.0,Versa 4
2026-05-11T05:52:12Z,96.0,Versa 4
2026-05-11T05:52:15Z,96.0,Versa 4
2026-05-11T05:52:16Z,97.0,Versa 4
2026-05-11T05:52:18Z,96.0,Versa 4
2026-05-11T05:52:21Z,95.0,Versa 4
2026-05-11T05:52:23Z,93.0,Versa 4
2026-05-11T05:52:25Z,95.0,Versa 4
2026-05-11T05:52:27Z,96.0,Versa 4
2026-05-11T05:52:30Z,96.0,Versa 4
2026-05-11T05:52:31Z,94.0,Versa 4
2026-05-11T05:52:33Z,96.0,Versa 4
2026-05-11T05:52:35Z,97.0,Versa 4
2026-05-11T05:52:37Z,98.0,Versa 4
2026-05-11T05:52:39Z,97.0,Versa 4
2026-05-11T05:52:41Z,95.0,Versa 4
2026-05-11T05:52:44Z,95.0,Versa 4
2026-05-11T05:52:47Z,95.0,Versa 4
2026-05-11T05:52:48Z,94.0,Versa 4
2026-05-11T05:52:50Z,95.0,Versa 4
2026-05-11T05:52:53Z,95.0,Versa 4
2026-05-11T05:52:56Z,95.0,Versa 4
2026-05-11T05:52:59Z,95.0,Versa 4
2026-05-11T05:53:00Z,96.0,Versa 4
2026-05-11T05:53:02Z,98.0,Versa 4
2026-05-11T05:53:04Z,97.0,Versa 4
2026-05-11T05:53:06Z,97.0,Versa 4
2026-05-11T05:53:07Z,95.0,Versa 4
2026-05-11T05:53:10Z,95.0,Versa 4
2026-05-11T05:53:11Z,94.0,Versa 4
2026-05-11T05:53:13Z,96.0,Versa 4
2026-05-11T05:53:15Z,98.0,Versa 4
2026-05-11T05:53:17Z,102.0,Versa 4
2026-05-11T05:53:19Z,101.0,Versa 4
2026-05-11T05:53:21Z,99.0,Versa 4
2026-05-11T05:53:23Z,100.0,Versa 4
2026-05-11T05:53:25Z,103.0,Versa 4
2026-05-11T05:53:27Z,104.0,Versa 4
2026-05-11T05:53:29Z,99.0,Versa 4
2026-05-11T05:53:30Z,100.0,Versa 4
2026-05-11T05:53:32Z,101.0,Versa 4
2026-05-11T05:53:34Z,100.0,Versa 4
2026-05-11T05:53:37Z,100.0,Versa 4
2026-05-11T05:53:38Z,98.0,Versa 4
2026-05-11T05:53:40Z,97.0,Versa 4
2026-05-11T05:53:42Z,103.0,Versa 4
2026-05-11T05:53:45Z,103.0,Versa 4
2026-05-11T05:53:46Z,99.0,Versa 4
2026-05-11T05:53:48Z,96.0,Versa 4
2026-05-11T05:53:51Z,96.0,Versa 4
2026-05-11T05:53:52Z,95.0,Versa 4
2026-05-11T05:53:54Z,101.0,Versa 4
2026-05-11T05:53:55Z,103.0,Versa 4
2026-05-11T05:53:57Z,103.0,Versa 4
2026-05-11T05:53:59Z,106.0,Versa 4
2026-05-11T05:54:01Z,102.0,Versa 4
2026-05-11T05:54:04Z,102.0,Versa 4
2026-05-11T05:54:07Z,103.0,Versa 4
2026-05-11T05:54:09Z,102.0,Versa 4
2026-05-11T05:54:11Z,106.0,Versa 4
2026-05-11T05:54:13Z,104.0,Versa 4
2026-05-11T05:54:15Z,102.0,Versa 4
2026-05-11T05:54:17Z,106.0,Versa 4
2026-05-11T05:54:19Z,111.0,Versa 4
2026-05-11T05:54:20Z,107.0,Versa 4
2026-05-11T05:54:22Z,106.0,Versa 4
2026-05-11T05:54:24Z,105.0,Versa 4
2026-05-11T05:54:26Z,106.0,Versa 4
2026-05-11T05:54:28Z,105.0,Versa 4
2026-05-11T05:54:30Z,106.0,Versa 4
2026-05-11T05:54:32Z,104.0,Versa 4
2026-05-11T05:54:34Z,102.0,Versa 4
2026-05-11T05:54:36Z,106.0,Versa 4
2026-05-11T05:54:38Z,104.0,Versa 4
2026-05-11T05:54:40Z,103.0,Versa 4
2026-05-11T05:54:42Z,102.0,Versa 4
2026-05-11T05:54:43Z,101.0,Versa 4
2026-05-11T05:54:45Z,100.0,Versa 4
2026-05-11T05:54:47Z,101.0,Versa 4
2026-05-11T05:54:49Z,98.0,Versa 4
2026-05-11T05:54:51Z,99.0,Versa 4
2026-05-11T05:54:53Z,97.0,Versa 4
2026-05-11T05:54:55Z,98.0,Versa 4
2026-05-11T05:54:57Z,96.0,Versa 4
2026-05-11T05:54:59Z,97.0,Versa 4
2026-05-11T05:55:02Z,97.0,Versa 4
2026-05-11T05:55:05Z,98.0,Versa 4
2026-05-11T05:55:07Z,99.0,Versa 4
2026-05-11T05:55:10Z,101.0,Versa 4
2026-05-11T05:55:12Z,99.0,Versa 4
2026-05-11T05:55:15Z,99.0,Versa 4
2026-05-11T05:55:16Z,102.0,Versa 4
2026-05-11T05:55:18Z,98.0,Versa 4
2026-05-11T05:55:20Z,101.0,Versa 4
2026-05-11T05:55:22Z,106.0,Versa 4
2026-05-11T05:55:24Z,100.0,Versa 4
2026-05-11T05:55:26Z,99.0,Versa 4
2026-05-11T05:55:28Z,94.0,Versa 4
2026-05-11T05:55:31Z,92.0,Versa 4
2026-05-11T05:55:33Z,90.0,Versa 4
2026-05-11T05:55:35Z,89.0,Versa 4
2026-05-11T05:55:37Z,94.0,Versa 4
2026-05-11T05:55:39Z,98.0,Versa 4
2026-05-11T05:55:41Z,95.0,Versa 4
2026-05-11T05:55:43Z,93.0,Versa 4
2026-05-11T05:55:45Z,91.0,Versa 4
2026-05-11T05:55:47Z,94.0,Versa 4
2026-05-11T05:55:49Z,93.0,Versa 4
2026-05-11T05:55:51Z,100.0,Versa 4
2026-05-11T05:55:53Z,101.0,Versa 4
2026-05-11T05:55:55Z,99.0,Versa 4
2026-05-11T05:55:56Z,104.0,Versa 4
2026-05-11T05:55:58Z,98.0,Versa 4
2026-05-11T05:56:00Z,97.0,Versa 4
2026-05-11T05:56:02Z,101.0,Versa 4
2026-05-11T05:56:04Z,99.0,Versa 4
2026-05-11T05:56:07Z,99.0,Versa 4
2026-05-11T05:56:08Z,99.0,Versa 4
2026-05-11T05:56:10Z,98.0,Versa 4
2026-05-11T05:56:12Z,100.0,Versa 4
2026-05-11T05:56:14Z,107.0,Versa 4
2026-05-11T05:56:16Z,105.0,Versa 4
2026-05-11T05:56:18Z,97.0,Versa 4
2026-05-11T05:56:19Z,93.0,Versa 4
2026-05-11T05:56:21Z,94.0,Versa 4
2026-05-11T05:56:23Z,86.0,Versa 4
2026-05-11T05:56:25Z,89.0,Versa 4
2026-05-11T05:56:27Z,82.0,Versa 4
2026-05-11T05:56:29Z,83.0,Versa 4
2026-05-11T05:56:32Z,83.0,Versa 4
2026-05-11T05:56:33Z,82.0,Versa 4
2026-05-11T05:56:36Z,82.0,Versa 4
2026-05-11T05:56:37Z,80.0,Versa 4
2026-05-11T05:56:39Z,79.0,Versa 4
2026-05-11T05:56:42Z,79.0,Versa 4
2026-05-11T05:56:43Z,77.0,Versa 4
2026-05-11T05:56:44Z,75.0,Versa 4
2026-05-11T05:56:47Z,75.0,Versa 4
2026-05-11T05:56:48Z,78.0,Versa 4
2026-05-11T05:56:50Z,80.0,Versa 4
2026-05-11T05:56:52Z,81.0,Versa 4
2026-05-11T05:56:54Z,81.0,Versa 4
2026-05-11T05:56:56Z,82.0,Versa 4
2026-05-11T05:56:59Z,82.0,Versa 4
2026-05-11T05:57:00Z,80.0,Versa 4
2026-05-11T05:57:02Z,81.0,Versa 4
2026-05-11T05:57:04Z,82.0,Versa 4
2026-05-11T05:57:06Z,81.0,Versa 4
2026-05-11T05:57:09Z,81.0,Versa 4
2026-05-11T05:57:11Z,80.0,Versa 4
2026-05-11T05:57:13Z,79.0,Versa 4
2026-05-11T05:57:15Z,77.0,Versa 4
2026-05-11T05:57:17Z,76.0,Versa 4
2026-05-11T05:57:19Z,73.0,Versa 4
2026-05-11T05:57:21Z,71.0,Versa 4
2026-05-11T05:57:23Z,73.0,Versa 4
2026-05-11T05:57:25Z,67.0,Versa 4
2026-05-11T05:57:27Z,74.0,Versa 4
2026-05-11T05:57:29Z,76.0,Versa 4
2026-05-11T05:57:31Z,74.0,Versa 4
2026-05-11T05:57:32Z,80.0,Versa 4
2026-05-11T05:57:34Z,85.0,Versa 4
2026-05-11T05:57:36Z,88.0,Versa 4
2026-05-11T05:57:39Z,88.0,Versa 4
2026-05-11T05:57:40Z,86.0,Versa 4
2026-05-11T05:57:42Z,84.0,Versa 4
2026-05-11T05:57:45Z,84.0,Versa 4
2026-05-11T05:57:48Z,85.0,Versa 4
2026-05-11T05:57:50Z,86.0,Versa 4
2026-05-11T05:57:52Z,87.0,Versa 4
2026-05-11T05:57:54Z,88.0,Versa 4
2026-05-11T05:57:56Z,87.0,Versa 4
2026-05-11T05:57:57Z,87.0,Versa 4
2026-05-11T05:57:59Z,88.0,Versa 4
2026-05-11T05:58:02Z,88.0,Versa 4
2026-05-11T05:58:05Z,89.0,Versa 4
2026-05-11T05:58:07Z,94.0,Versa 4
2026-05-11T05:58:09Z,95.0,Versa 4
2026-05-11T05:58:11Z,95.0,Versa 4
2026-05-11T05:58:14Z,95.0,Versa 4
2026-05-11T05:58:15Z,94.0,Versa 4
2026-05-11T05:58:17Z,92.0,Versa 4
2026-05-11T05:58:19Z,90.0,Versa 4
2026-05-11T05:58:20Z,87.0,Versa 4
2026-05-11T05:58:22Z,84.0,Versa 4
2026-05-11T05:58:25Z,84.0,Versa 4
2026-05-11T05:58:28Z,84.0,Versa 4
2026-05-11T05:58:30Z,83.0,Versa 4
2026-05-11T05:58:32Z,82.0,Versa 4
2026-05-11T05:58:34Z,83.0,Versa 4
2026-05-11T05:58:36Z,84.0,Versa 4
2026-05-11T05:58:38Z,86.0,Versa 4
2026-05-11T05:58:41Z,86.0,Versa 4
2026-05-11T05:58:42Z,85.0,Versa 4
2026-05-11T05:58:45Z,86.0,Versa 4
2026-05-11T05:58:48Z,86.0,Versa 4
2026-05-11T05:58:49Z,87.0,Versa 4
2026-05-11T05:58:52Z,87.0,Versa 4
2026-05-11T05:58:53Z,88.0,Versa 4
2026-05-11T05:58:55Z,89.0,Versa 4
2026-05-11T05:58:57Z,90.0,Versa 4
2026-05-11T05:58:59Z,92.0,Versa 4
2026-05-11T05:59:02Z,92.0,Versa 4
2026-05-11T05:59:03Z,91.0,Versa 4
2026-05-11T05:59:05Z,88.0,Versa 4
2026-05-11T05:59:07Z,87.0,Versa 4
2026-05-11T05:59:08Z,86.0,Versa 4
2026-05-11T05:59:10Z,87.0,Versa 4
2026-05-11T05:59:13Z,87.0,Versa 4
2026-05-11T05:59:14Z,86.0,Versa 4
2026-05-11T05:59:16Z,85.0,Versa 4
2026-05-11T05:59:18Z,84.0,Versa 4
2026-05-11T05:59:20Z,85.0,Versa 4
2026-05-11T05:59:22Z,86.0,Versa 4
2026-05-11T05:59:25Z,86.0,Versa 4
2026-05-11T05:59:28Z,84.0,Versa 4
2026-05-11T05:59:31Z,84.0,Versa 4
2026-05-11T05:59:34Z,84.0,Versa 4
2026-05-11T05:59:37Z,85.0,Versa 4
2026-05-11T05:59:39Z,83.0,Versa 4
2026-05-11T05:59:41Z,84.0,Versa 4
2026-05-11T05:59:44Z,84.0,Versa 4
2026-05-11T05:59:45Z,85.0,Versa 4
2026-05-11T05:59:48Z,85.0,Versa 4
2026-05-11T05:59:49Z,84.0,Versa 4
2026-05-11T05:59:51Z,83.0,Versa 4
2026-05-11T05:59:53Z,83.0,Versa 4
2026-05-11T05:59:55Z,84.0,Versa 4
2026-05-11T05:59:56Z,85.0,Versa 4
2026-05-11T05:59:58Z,86.0,Versa 4
2026-05-11T06:00:00Z,88.0,Versa 4
2026-05-11T06:00:02Z,87.0,Versa 4
2026-05-11T06:00:04Z,86.0,Versa 4
2026-05-11T06:00:06Z,88.0,Versa 4
2026-05-11T06:00:09Z,88.0,Versa 4
2026-05-11T06:00:10Z,87.0,Versa 4
2026-05-11T06:00:12Z,88.0,Versa 4
2026-05-11T06:00:14Z,87.0,Versa 4
2026-05-11T06:00:17Z,87.0,Versa 4
2026-05-11T06:00:18Z,91.0,Versa 4
2026-05-11T06:00:20Z,92.0,Versa 4
2026-05-11T06:00:21Z,95.0,Versa 4
2026-05-11T06:00:23Z,97.0,Versa 4
2026-05-11T06:00:25Z,97.0,Versa 4
2026-05-11T06:00:28Z,96.0,Versa 4
2026-05-11T06:00:30Z,95.0,Versa 4
2026-05-11T06:00:32Z,93.0,Versa 4
2026-05-11T06:00:34Z,92.0,Versa 4
2026-05-11T06:00:36Z,91.0,Versa 4
2026-05-11T06:00:37Z,89.0,Versa 4
2026-05-11T06:00:39Z,85.0,Versa 4
2026-05-11T06:00:41Z,87.0,Versa 4
2026-05-11T06:00:43Z,85.0,Versa 4
2026-05-11T06:00:45Z,84.0,Versa 4
2026-05-11T06:00:47Z,85.0,Versa 4
2026-05-11T06:00:49Z,86.0,Versa 4
2026-05-11T06:00:52Z,86.0,Versa 4
2026-05-11T06:00:53Z,88.0,Versa 4
2026-05-11T06:00:55Z,89.0,Versa 4
2026-05-11T06:00:58Z,89.0,Versa 4
2026-05-11T06:01:01Z,89.0,Versa 4
2026-05-11T06:01:02Z,90.0,Versa 4
2026-05-11T06:01:05Z,90.0,Versa 4
2026-05-11T06:01:08Z,89.0,Versa 4
2026-05-11T06:01:10Z,88.0,Versa 4
2026-05-11T06:01:12Z,89.0,Versa 4
2026-05-11T06:01:14Z,88.0,Versa 4
2026-05-11T06:01:16Z,89.0,Versa 4
2026-05-11T06:01:19Z,89.0,Versa 4
2026-05-11T06:01:22Z,90.0,Versa 4
2026-05-11T06:01:24Z,90.0,Versa 4
2026-05-11T06:01:25Z,91.0,Versa 4
2026-05-11T06:01:28Z,91.0,Versa 4
2026-05-11T06:01:29Z,90.0,Versa 4
2026-05-11T06:01:31Z,89.0,Versa 4
2026-05-11T06:01:33Z,87.0,Versa 4
2026-05-11T06:01:35Z,86.0,Versa 4
2026-05-11T06:01:38Z,86.0,Versa 4
2026-05-11T06:01:41Z,87.0,Versa 4
2026-05-11T06:01:43Z,88.0,Versa 4
2026-05-11T06:01:45Z,90.0,Versa 4
2026-05-11T06:01:48Z,90.0,Versa 4
2026-05-11T06:01:50Z,88.0,Versa 4
2026-05-11T06:01:52Z,87.0,Versa 4
2026-05-11T06:01:55Z,87.0,Versa 4
2026-05-11T06:01:56Z,88.0,Versa 4
2026-05-11T06:01:58Z,90.0,Versa 4
2026-05-11T06:02:01Z,90.0,Versa 4
2026-05-11T06:02:04Z,92.0,Versa 4
2026-05-11T06:02:07Z,92.0,Versa 4
2026-05-11T06:02:08Z,91.0,Versa 4
2026-05-11T06:02:10Z,92.0,Versa 4
2026-05-11T06:02:12Z,90.0,Versa 4
2026-05-11T06:02:13Z,89.0,Versa 4
2026-05-11T06:02:15Z,90.0,Versa 4
2026-05-11T06:02:17Z,89.0,Versa 4
2026-05-11T06:02:20Z,89.0,Versa 4
2026-05-11T06:02:21Z,89.0,Versa 4
2026-05-11T06:02:24Z,89.0,Versa 4
2026-05-11T06:02:27Z,89.0,Versa 4
2026-05-11T06:02:30Z,89.0,Versa 4
2026-05-11T06:02:33Z,89.0,Versa 4
2026-05-11T06:02:36Z,89.0,Versa 4
2026-05-11T06:02:37Z,90.0,Versa 4
2026-05-11T06:02:38Z,91.0,Versa 4
2026-05-11T06:02:41Z,91.0,Versa 4
2026-05-11T06:02:42Z,92.0,Versa 4
2026-05-11T06:02:44Z,93.0,Versa 4
2026-05-11T06:02:47Z,93.0,Versa 4
2026-05-11T06:02:50Z,94.0,Versa 4
2026-05-11T06:02:53Z,94.0,Versa 4
2026-05-11T06:02:54Z,92.0,Versa 4
2026-05-11T06:02:57Z,92.0,Versa 4
2026-05-11T06:03:00Z,91.0,Versa 4
2026-05-11T06:03:01Z,92.0,Versa 4
2026-05-11T06:03:03Z,91.0,Versa 4
2026-05-11T06:03:05Z,93.0,Versa 4
2026-05-11T06:03:07Z,95.0,Versa 4
2026-05-11T06:03:09Z,94.0,Versa 4
2026-05-11T06:03:11Z,92.0,Versa 4
2026-05-11T06:03:13Z,93.0,Versa 4
2026-05-11T06:03:15Z,94.0,Versa 4
2026-05-11T06:03:18Z,94.0,Versa 4
2026-05-11T06:03:19Z,99.0,Versa 4
2026-05-11T06:03:21Z,101.0,Versa 4
2026-05-11T06:03:24Z,101.0,Versa 4
2026-05-11T06:03:25Z,108.0,Versa 4
2026-05-11T06:03:26Z,110.0,Versa 4
2026-05-11T06:03:28Z,97.0,Versa 4
2026-05-11T06:03:31Z,97.0,Versa 4
2026-05-11T06:03:32Z,99.0,Versa 4
2026-05-11T06:03:35Z,99.0,Versa 4
2026-05-11T06:03:37Z,101.0,Versa 4
2026-05-11T06:03:38Z,102.0,Versa 4
2026-05-11T06:03:40Z,103.0,Versa 4
2026-05-11T06:03:42Z,103.0,Versa 4
2026-05-11T06:03:44Z,105.0,Versa 4
2026-05-11T06:03:46Z,98.0,Versa 4
2026-05-11T06:03:48Z,95.0,Versa 4
2026-05-11T06:03:50Z,96.0,Versa 4
2026-05-11T06:03:52Z,94.0,Versa 4
2026-05-11T06:03:54Z,95.0,Versa 4
2026-05-11T06:03:56Z,94.0,Versa 4
2026-05-11T06:03:58Z,95.0,Versa 4
2026-05-11T06:04:01Z,96.0,Versa 4
2026-05-11T06:04:03Z,94.0,Versa 4
2026-05-11T06:04:05Z,92.0,Versa 4
2026-05-11T06:04:08Z,92.0,Versa 4
2026-05-11T06:04:11Z,94.0,Versa 4
2026-05-11T06:04:14Z,94.0,Versa 4
2026-05-11T06:04:15Z,96.0,Versa 4
2026-05-11T06:04:17Z,93.0,Versa 4
2026-05-11T06:04:19Z,87.0,Versa 4
2026-05-11T06:04:21Z,88.0,Versa 4
2026-05-11T06:04:24Z,88.0,Versa 4
2026-05-11T06:04:27Z,88.0,Versa 4
2026-05-11T06:04:28Z,87.0,Versa 4
2026-05-11T06:04:30Z,85.0,Versa 4
2026-05-11T06:04:32Z,86.0,Versa 4
2026-05-11T06:04:35Z,86.0,Versa 4
2026-05-11T06:04:36Z,84.0,Versa 4
2026-05-11T06:04:38Z,83.0,Versa 4
2026-05-11T06:04:41Z,83.0,Versa 4
2026-05-11T06:04:42Z,82.0,Versa 4
2026-05-11T06:04:44Z,83.0,Versa 4
2026-05-11T06:04:46Z,84.0,Versa 4
2026-05-11T06:04:48Z,82.0,Versa 4
2026-05-11T06:04:49Z,81.0,Versa 4
2026-05-11T06:04:51Z,82.0,Versa 4
2026-05-11T06:04:54Z,82.0,Versa 4
2026-05-11T06:04:55Z,81.0,Versa 4
2026-05-11T06:04:57Z,79.0,Versa 4
2026-05-11T06:04:59Z,77.0,Versa 4
2026-05-11T06:05:02Z,77.0,Versa 4
2026-05-11T06:05:03Z,76.0,Versa 4
2026-05-11T06:05:05Z,79.0,Versa 4
2026-05-11T06:05:07Z,78.0,Versa 4
2026-05-11T06:05:09Z,76.0,Versa 4
2026-05-11T06:05:11Z,75.0,Versa 4
2026-05-11T06:05:13Z,74.0,Versa 4
2026-05-11T06:05:14Z,73.0,Versa 4
2026-05-11T06:05:17Z,73.0,Versa 4
2026-05-11T06:05:20Z,71.0,Versa 4
2026-05-11T06:05:22Z,71.0,Versa 4
2026-05-11T06:05:24Z,72.0,Versa 4
2026-05-11T06:05:26Z,72.0,Versa 4
2026-05-11T06:05:29Z,72.0,Versa 4
2026-05-11T06:05:30Z,73.0,Versa 4
2026-05-11T06:05:32Z,71.0,Versa 4
2026-05-11T06:05:34Z,70.0,Versa 4
2026-05-11T06:05:37Z,70.0,Versa 4
2026-05-11T06:05:39Z,71.0,Versa 4
2026-05-11T06:05:42Z,71.0,Versa 4
2026-05-11T06:05:43Z,72.0,Versa 4
2026-05-11T06:05:46Z,72.0,Versa 4
2026-05-11T06:05:49Z,72.0,Versa 4
2026-05-11T06:05:52Z,72.0,Versa 4
2026-05-11T06:05:53Z,73.0,Versa 4
2026-05-11T06:05:56Z,73.0,Versa 4
2026-05-11T06:05:57Z,74.0,Versa 4
2026-05-11T06:05:59Z,75.0,Versa 4
2026-05-11T06:06:02Z,76.0,Versa 4
2026-05-11T06:06:04Z,78.0,Versa 4
2026-05-11T06:06:07Z,78.0,Versa 4
2026-05-11T06:06:08Z,79.0,Versa 4
2026-05-11T06:06:10Z,80.0,Versa 4
2026-05-11T06:06:13Z,80.0,Versa 4
2026-05-11T06:06:16Z,79.0,Versa 4
2026-05-11T06:06:18Z,78.0,Versa 4
2026-05-11T06:06:21Z,78.0,Versa 4
2026-05-11T06:06:24Z,76.0,Versa 4
2026-05-11T06:06:25Z,77.0,Versa 4
2026-05-11T06:06:27Z,76.0,Versa 4
2026-05-11T06:06:29Z,75.0,Versa 4
2026-05-11T06:06:31Z,76.0,Versa 4
2026-05-11T06:06:33Z,75.0,Versa 4
2026-05-11T06:06:35Z,73.0,Versa 4
2026-05-11T06:06:38Z,73.0,Versa 4
2026-05-11T06:06:39Z,74.0,Versa 4
2026-05-11T06:06:41Z,76.0,Versa 4
2026-05-11T06:06:44Z,76.0,Versa 4
2026-05-11T06:06:45Z,75.0,Versa 4
2026-05-11T06:06:47Z,76.0,Versa 4
2026-05-11T06:06:49Z,75.0,Versa 4
2026-05-11T06:06:50Z,74.0,Versa 4
2026-05-11T06:06:52Z,75.0,Versa 4
2026-05-11T06:06:54Z,76.0,Versa 4
2026-05-11T06:06:57Z,76.0,Versa 4
2026-05-11T06:07:00Z,76.0,Versa 4
2026-05-11T06:07:02Z,77.0,Versa 4
2026-05-11T06:07:05Z,77.0,Versa 4
2026-05-11T06:07:06Z,76.0,Versa 4
2026-05-11T06:07:08Z,75.0,Versa 4
2026-05-11T06:07:11Z,75.0,Versa 4
2026-05-11T06:07:12Z,76.0,Versa 4
2026-05-11T06:07:13Z,77.0,Versa 4
2026-05-11T06:07:15Z,76.0,Versa 4
2026-05-11T06:07:18Z,76.0,Versa 4
2026-05-11T06:07:21Z,76.0,Versa 4
2026-05-11T06:07:23Z,75.0,Versa 4
2026-05-11T06:07:25Z,74.0,Versa 4
2026-05-11T06:07:28Z,74.0,Versa 4
2026-05-11T06:07:29Z,73.0,Versa 4
2026-05-11T06:07:32Z,73.0,Versa 4
2026-05-11T06:07:35Z,73.0,Versa 4
2026-05-11T06:07:37Z,74.0,Versa 4
2026-05-11T06:07:40Z,73.0,Versa 4
2026-05-11T06:07:43Z,73.0,Versa 4
2026-05-11T06:07:46Z,73.0,Versa 4
2026-05-11T06:07:48Z,75.0,Versa 4
2026-05-11T06:07:51Z,75.0,Versa 4
2026-05-11T06:07:54Z,75.0,Versa 4
2026-05-11T06:07:57Z,75.0,Versa 4
2026-05-11T06:08:00Z,75.0,Versa 4
2026-05-11T06:08:03Z,74.0,Versa 4
2026-05-11T06:08:05Z,75.0,Versa 4
2026-05-11T06:08:07Z,74.0,Versa 4
2026-05-11T06:08:10Z,74.0,Versa 4
2026-05-11T06:08:11Z,75.0,Versa 4
2026-05-11T06:08:14Z,75.0,Versa 4
2026-05-11T06:08:15Z,74.0,Versa 4
2026-05-11T06:08:18Z,74.0,Versa 4
2026-05-11T06:08:19Z,75.0,Versa 4
2026-05-11T06:08:22Z,75.0,Versa 4
2026-05-11T06:08:23Z,77.0,Versa 4
2026-05-11T06:08:26Z,77.0,Versa 4
2026-05-11T06:08:28Z,76.0,Versa 4
2026-05-11T06:08:31Z,76.0,Versa 4
2026-05-11T06:08:34Z,76.0,Versa 4
2026-05-11T06:08:36Z,75.0,Versa 4
2026-05-11T06:08:38Z,74.0,Versa 4
2026-05-11T06:08:40Z,76.0,Versa 4
2026-05-11T06:08:42Z,74.0,Versa 4
2026-05-11T06:08:44Z,72.0,Versa 4
2026-05-11T06:08:46Z,71.0,Versa 4
2026-05-11T06:08:48Z,70.0,Versa 4
2026-05-11T06:08:51Z,72.0,Versa 4
2026-05-11T06:08:54Z,72.0,Versa 4
2026-05-11T06:08:57Z,74.0,Versa 4
2026-05-11T06:09:00Z,74.0,Versa 4
2026-05-11T06:09:03Z,75.0,Versa 4
2026-05-11T06:09:06Z,75.0,Versa 4
2026-05-11T06:09:09Z,75.0,Versa 4
2026-05-11T06:09:11Z,74.0,Versa 4
2026-05-11T06:09:14Z,74.0,Versa 4
2026-05-11T06:09:16Z,74.0,Versa 4
2026-05-11T06:09:18Z,76.0,Versa 4
2026-05-11T06:09:21Z,76.0,Versa 4
2026-05-11T06:09:22Z,75.0,Versa 4
2026-05-11T06:09:24Z,73.0,Versa 4
2026-05-11T06:09:27Z,73.0,Versa 4
2026-05-11T06:09:28Z,72.0,Versa 4
2026-05-11T06:09:31Z,72.0,Versa 4
2026-05-11T06:09:34Z,71.0,Versa 4
2026-05-11T06:09:36Z,72.0,Versa 4
2026-05-11T06:09:39Z,73.0,Versa 4
2026-05-11T06:09:41Z,74.0,Versa 4
2026-05-11T06:09:44Z,74.0,Versa 4
2026-05-11T06:09:47Z,75.0,Versa 4
2026-05-11T06:09:49Z,76.0,Versa 4
2026-05-11T06:09:51Z,73.0,Versa 4
2026-05-11T06:09:54Z,73.0,Versa 4
2026-05-11T06:09:55Z,72.0,Versa 4
2026-05-11T06:09:57Z,73.0,Versa 4
2026-05-11T06:09:59Z,75.0,Versa 4
2026-05-11T06:10:02Z,75.0,Versa 4
2026-05-11T06:10:04Z,76.0,Versa 4
2026-05-11T06:10:06Z,77.0,Versa 4
2026-05-11T06:10:08Z,75.0,Versa 4
2026-05-11T06:10:10Z,74.0,Versa 4
2026-05-11T06:10:12Z,75.0,Versa 4
2026-05-11T06:10:15Z,75.0,Versa 4
2026-05-11T06:10:16Z,74.0,Versa 4
2026-05-11T06:10:18Z,75.0,Versa 4
2026-05-11T06:10:20Z,74.0,Versa 4
2026-05-11T06:10:23Z,74.0,Versa 4
2026-05-11T06:10:24Z,75.0,Versa 4
2026-05-11T06:10:27Z,75.0,Versa 4
2026-05-11T06:10:30Z,75.0,Versa 4
2026-05-11T06:10:33Z,76.0,Versa 4
2026-05-11T06:10:35Z,78.0,Versa 4
2026-05-11T06:10:38Z,78.0,Versa 4
2026-05-11T06:10:41Z,78.0,Versa 4
2026-05-11T06:10:44Z,78.0,Versa 4
2026-05-11T06:10:47Z,77.0,Versa 4
2026-05-11T06:10:49Z,76.0,Versa 4
2026-05-11T06:10:52Z,75.0,Versa 4
2026-05-11T06:10:55Z,75.0,Versa 4
2026-05-11T06:10:58Z,74.0,Versa 4
2026-05-11T06:11:00Z,73.0,Versa 4
2026-05-11T06:11:03Z,73.0,Versa 4
2026-05-11T06:11:06Z,74.0,Versa 4
2026-05-11T06:11:08Z,75.0,Versa 4
2026-05-11T06:11:11Z,75.0,Versa 4
2026-05-11T06:11:12Z,76.0,Versa 4
2026-05-11T06:11:13Z,75.0,Versa 4
2026-05-11T06:11:16Z,75.0,Versa 4
2026-05-11T06:11:19Z,77.0,Versa 4
2026-05-11T06:11:21Z,80.0,Versa 4
2026-05-11T06:11:23Z,82.0,Versa 4
2026-05-11T06:11:25Z,80.0,Versa 4
2026-05-11T06:11:28Z,80.0,Versa 4
2026-05-11T06:11:31Z,79.0,Versa 4
2026-05-11T06:11:34Z,79.0,Versa 4
2026-05-11T06:11:35Z,76.0,Versa 4
2026-05-11T06:11:37Z,75.0,Versa 4
2026-05-11T06:11:40Z,76.0,Versa 4
2026-05-11T06:11:43Z,76.0,Versa 4
2026-05-11T06:11:44Z,77.0,Versa 4
2026-05-11T06:11:47Z,77.0,Versa 4
2026-05-11T06:11:50Z,78.0,Versa 4
2026-05-11T06:11:52Z,79.0,Versa 4
2026-05-11T06:11:54Z,78.0,Versa 4
2026-05-11T06:11:56Z,77.0,Versa 4
2026-05-11T06:11:58Z,76.0,Versa 4
2026-05-11T06:12:00Z,75.0,Versa 4
2026-05-11T06:12:03Z,74.0,Versa 4
2026-05-11T06:12:05Z,73.0,Versa 4
2026-05-11T06:12:07Z,74.0,Versa 4
2026-05-11T06:12:09Z,72.0,Versa 4
2026-05-11T06:12:11Z,71.0,Versa 4
2026-05-11T06:12:13Z,72.0,Versa 4
2026-05-11T06:12:15Z,74.0,Versa 4
2026-05-11T06:12:18Z,74.0,Versa 4
2026-05-11T06:12:21Z,75.0,Versa 4
2026-05-11T06:12:24Z,75.0,Versa 4
2026-05-11T06:12:25Z,75.0,Versa 4
2026-05-11T06:12:26Z,74.0,Versa 4
2026-05-11T06:12:28Z,72.0,Versa 4
2026-05-11T06:12:31Z,72.0,Versa 4
2026-05-11T06:12:34Z,72.0,Versa 4
2026-05-11T06:12:36Z,73.0,Versa 4
2026-05-11T06:12:38Z,72.0,Versa 4
2026-05-11T06:12:41Z,72.0,Versa 4
2026-05-11T06:12:42Z,73.0,Versa 4
2026-05-11T06:12:45Z,73.0,Versa 4
2026-05-11T06:12:48Z,74.0,Versa 4
2026-05-11T06:12:51Z,74.0,Versa 4
2026-05-11T06:12:53Z,73.0,Versa 4
2026-05-11T06:12:55Z,72.0,Versa 4
2026-05-11T06:12:57Z,73.0,Versa 4
2026-05-11T06:12:59Z,74.0,Versa 4
2026-05-11T06:13:02Z,74.0,Versa 4
2026-05-11T06:13:03Z,73.0,Versa 4
2026-05-11T06:13:06Z,73.0,Versa 4
2026-05-11T06:13:09Z,73.0,Versa 4
2026-05-11T06:13:11Z,74.0,Versa 4
2026-05-11T06:13:14Z,74.0,Versa 4
2026-05-11T06:13:17Z,74.0,Versa 4
2026-05-11T06:13:18Z,73.0,Versa 4
2026-05-11T06:13:21Z,73.0,Versa 4
2026-05-11T06:13:24Z,73.0,Versa 4
2026-05-11T06:13:27Z,73.0,Versa 4
2026-05-11T06:13:28Z,74.0,Versa 4
2026-05-11T06:13:31Z,74.0,Versa 4
2026-05-11T06:13:34Z,74.0,Versa 4
2026-05-11T06:13:37Z,74.0,Versa 4
2026-05-11T06:13:39Z,75.0,Versa 4
2026-05-11T06:13:42Z,75.0,Versa 4
2026-05-11T06:13:45Z,76.0,Versa 4
2026-05-11T06:13:47Z,77.0,Versa 4
2026-05-11T06:13:50Z,77.0,Versa 4
2026-05-11T06:13:51Z,78.0,Versa 4
2026-05-11T06:13:53Z,77.0,Versa 4
2026-05-11T06:13:55Z,78.0,Versa 4
2026-05-11T06:13:57Z,76.0,Versa 4
2026-05-11T06:14:00Z,76.0,Versa 4
2026-05-11T06:14:02Z,75.0,Versa 4
2026-05-11T06:14:04Z,74.0,Versa 4
2026-05-11T06:14:07Z,74.0,Versa 4
2026-05-11T06:14:10Z,74.0,Versa 4
2026-05-11T06:14:13Z,74.0,Versa 4
2026-05-11T06:14:16Z,74.0,Versa 4
2026-05-11T06:14:19Z,74.0,Versa 4
2026-05-11T06:14:22Z,74.0,Versa 4
2026-05-11T06:14:24Z,72.0,Versa 4
2026-05-11T06:14:25Z,73.0,Versa 4
2026-05-11T06:14:27Z,74.0,Versa 4
2026-05-11T06:14:29Z,76.0,Versa 4
2026-05-11T06:14:31Z,78.0,Versa 4
2026-05-11T06:14:33Z,78.0,Versa 4
2026-05-11T06:14:35Z,76.0,Versa 4
2026-05-11T06:14:38Z,76.0,Versa 4
2026-05-11T06:14:39Z,75.0,Versa 4
2026-05-11T06:14:42Z,75.0,Versa 4
2026-05-11T06:14:43Z,74.0,Versa 4
2026-05-11T06:14:46Z,74.0,Versa 4
2026-05-11T06:14:47Z,72.0,Versa 4
2026-05-11T06:14:49Z,71.0,Versa 4
2026-05-11T06:14:50Z,72.0,Versa 4
2026-05-11T06:14:52Z,71.0,Versa 4
2026-05-11T06:14:55Z,71.0,Versa 4
2026-05-11T06:14:56Z,73.0,Versa 4
2026-05-11T06:14:58Z,75.0,Versa 4
2026-05-11T06:15:00Z,77.0,Versa 4
2026-05-11T06:15:02Z,85.0,Versa 4
2026-05-11T06:15:04Z,90.0,Versa 4
2026-05-11T06:15:06Z,89.0,Versa 4
2026-05-11T06:15:08Z,87.0,Versa 4
2026-05-11T06:15:11Z,87.0,Versa 4
2026-05-11T06:15:12Z,86.0,Versa 4
2026-05-11T06:15:15Z,82.0,Versa 4
2026-05-11T06:15:17Z,77.0,Versa 4
2026-05-11T06:15:19Z,76.0,Versa 4
2026-05-11T06:15:21Z,74.0,Versa 4
2026-05-11T06:15:23Z,73.0,Versa 4
2026-05-11T06:15:25Z,75.0,Versa 4
2026-05-11T06:15:27Z,74.0,Versa 4
2026-05-11T06:15:29Z,76.0,Versa 4
2026-05-11T06:15:31Z,75.0,Versa 4
2026-05-11T06:15:33Z,74.0,Versa 4
2026-05-11T06:15:36Z,74.0,Versa 4
2026-05-11T06:15:39Z,74.0,Versa 4
2026-05-11T06:15:42Z,75.0,Versa 4
2026-05-11T06:15:45Z,75.0,Versa 4
2026-05-11T06:15:46Z,74.0,Versa 4
2026-05-11T06:15:49Z,74.0,Versa 4
2026-05-11T06:15:50Z,73.0,Versa 4
2026-05-11T06:15:53Z,73.0,Versa 4
2026-05-11T06:15:54Z,74.0,Versa 4
2026-05-11T06:15:57Z,74.0,Versa 4
2026-05-11T06:15:58Z,73.0,Versa 4
2026-05-11T06:16:00Z,72.0,Versa 4
2026-05-11T06:16:01Z,71.0,Versa 4
2026-05-11T06:16:04Z,71.0,Versa 4
2026-05-11T06:16:07Z,72.0,Versa 4
2026-05-11T06:16:09Z,73.0,Versa 4
2026-05-11T06:16:12Z,73.0,Versa 4
2026-05-11T06:16:13Z,74.0,Versa 4
2026-05-11T06:16:15Z,75.0,Versa 4
2026-05-11T06:16:17Z,77.0,Versa 4
2026-05-11T06:16:19Z,78.0,Versa 4
2026-05-11T06:16:21Z,80.0,Versa 4
2026-05-11T06:16:23Z,80.0,Versa 4
2026-05-11T06:16:25Z,79.0,Versa 4
2026-05-11T06:16:26Z,77.0,Versa 4
2026-05-11T06:16:28Z,76.0,Versa 4
2026-05-11T06:16:30Z,74.0,Versa 4
2026-05-11T06:16:32Z,73.0,Versa 4
2026-05-11T06:16:34Z,74.0,Versa 4
2026-05-11T06:16:36Z,73.0,Versa 4
2026-05-11T06:16:38Z,73.0,Versa 4
2026-05-11T06:16:40Z,73.0,Versa 4
2026-05-11T06:16:43Z,73.0,Versa 4
2026-05-11T06:16:44Z,74.0,Versa 4
2026-05-11T06:16:47Z,74.0,Versa 4
2026-05-11T06:16:48Z,73.0,Versa 4
2026-05-11T06:16:51Z,72.0,Versa 4
2026-05-11T06:16:53Z,72.0,Versa 4
2026-05-11T06:16:56Z,72.0,Versa 4
2026-05-11T06:16:57Z,72.0,Versa 4
2026-05-11T06:17:00Z,72.0,Versa 4
2026-05-11T06:17:03Z,72.0,Versa 4
2026-05-11T06:17:06Z,72.0,Versa 4
2026-05-11T06:17:07Z,73.0,Versa 4
2026-05-11T06:17:10Z,73.0,Versa 4
2026-05-11T06:17:11Z,72.0,Versa 4
2026-05-11T06:17:13Z,74.0,Versa 4
2026-05-11T06:17:14Z,78.0,Versa 4
2026-05-11T06:17:16Z,79.0,Versa 4
2026-05-11T06:17:18Z,80.0,Versa 4
2026-05-11T06:17:20Z,79.0,Versa 4
2026-05-11T06:17:22Z,82.0,Versa 4
2026-05-11T06:17:24Z,84.0,Versa 4
2026-05-11T06:17:26Z,81.0,Versa 4
2026-05-11T06:17:28Z,80.0,Versa 4
2026-05-11T06:17:31Z,80.0,Versa 4
2026-05-11T06:17:34Z,82.0,Versa 4
2026-05-11T06:17:36Z,81.0,Versa 4
2026-05-11T06:17:37Z,84.0,Versa 4
2026-05-11T06:17:39Z,85.0,Versa 4
2026-05-11T06:17:41Z,84.0,Versa 4
2026-05-11T06:17:43Z,94.0,Versa 4
2026-05-11T06:17:45Z,85.0,Versa 4
2026-05-11T06:17:47Z,80.0,Versa 4
2026-05-11T06:17:49Z,88.0,Versa 4
2026-05-11T06:17:51Z,85.0,Versa 4
2026-05-11T06:17:53Z,76.0,Versa 4
2026-05-11T06:17:55Z,79.0,Versa 4
2026-05-11T06:17:57Z,76.0,Versa 4
2026-05-11T06:18:00Z,76.0,Versa 4
2026-05-11T06:18:02Z,77.0,Versa 4
2026-05-11T06:18:04Z,79.0,Versa 4
2026-05-11T06:18:06Z,80.0,Versa 4
2026-05-11T06:18:08Z,79.0,Versa 4
2026-05-11T06:18:10Z,78.0,Versa 4
2026-05-11T06:18:13Z,78.0,Versa 4
2026-05-11T06:18:14Z,79.0,Versa 4
2026-05-11T06:18:16Z,80.0,Versa 4
2026-05-11T06:18:19Z,80.0,Versa 4
2026-05-11T06:18:20Z,82.0,Versa 4
2026-05-11T06:18:23Z,82.0,Versa 4
2026-05-11T06:18:24Z,81.0,Versa 4
2026-05-11T06:18:25Z,80.0,Versa 4
2026-05-11T06:18:27Z,79.0,Versa 4
2026-05-11T06:18:30Z,79.0,Versa 4
2026-05-11T06:18:33Z,80.0,Versa 4
2026-05-11T06:18:36Z,80.0,Versa 4
2026-05-11T06:18:39Z,80.0,Versa 4
2026-05-11T06:18:41Z,79.0,Versa 4
2026-05-11T06:18:43Z,78.0,Versa 4
2026-05-11T06:18:45Z,77.0,Versa 4
2026-05-11T06:18:47Z,76.0,Versa 4
2026-05-11T06:18:49Z,82.0,Versa 4
2026-05-11T06:18:51Z,81.0,Versa 4
2026-05-11T06:18:53Z,77.0,Versa 4
2026-05-11T06:18:55Z,76.0,Versa 4
2026-05-11T06:18:57Z,74.0,Versa 4
2026-05-11T06:19:00Z,74.0,Versa 4
2026-05-11T06:19:03Z,74.0,Versa 4
2026-05-11T06:19:04Z,75.0,Versa 4
2026-05-11T06:19:07Z,75.0,Versa 4
2026-05-11T06:19:08Z,76.0,Versa 4
2026-05-11T06:19:10Z,77.0,Versa 4
2026-05-11T06:19:12Z,76.0,Versa 4
2026-05-11T06:19:14Z,77.0,Versa 4
2026-05-11T06:19:17Z,77.0,Versa 4
2026-05-11T06:19:20Z,77.0,Versa 4
2026-05-11T06:19:21Z,76.0,Versa 4
2026-05-11T06:19:23Z,75.0,Versa 4
2026-05-11T06:19:25Z,76.0,Versa 4
2026-05-11T06:19:27Z,77.0,Versa 4
2026-05-11T06:19:29Z,78.0,Versa 4
2026-05-11T06:19:32Z,78.0,Versa 4
2026-05-11T06:19:35Z,77.0,Versa 4
2026-05-11T06:19:37Z,76.0,Versa 4
2026-05-11T06:19:40Z,76.0,Versa 4
2026-05-11T06:19:43Z,77.0,Versa 4
2026-05-11T06:19:45Z,76.0,Versa 4
2026-05-11T06:19:48Z,76.0,Versa 4
2026-05-11T06:19:51Z,76.0,Versa 4
2026-05-11T06:19:54Z,74.0,Versa 4
2026-05-11T06:19:56Z,72.0,Versa 4
2026-05-11T06:19:58Z,73.0,Versa 4
2026-05-11T06:20:00Z,72.0,Versa 4
2026-05-11T06:20:03Z,72.0,Versa 4
2026-05-11T06:20:06Z,72.0,Versa 4
2026-05-11T06:20:08Z,72.0,Versa 4
2026-05-11T06:20:11Z,72.0,Versa 4
2026-05-11T06:20:14Z,72.0,Versa 4
2026-05-11T06:20:17Z,73.0,Versa 4
2026-05-11T06:20:19Z,74.0,Versa 4
2026-05-11T06:20:22Z,74.0,Versa 4
2026-05-11T06:20:25Z,75.0,Versa 4
2026-05-11T06:20:27Z,76.0,Versa 4
2026-05-11T06:20:29Z,77.0,Versa 4
2026-05-11T06:20:31Z,78.0,Versa 4
2026-05-11T06:20:34Z,80.0,Versa 4
2026-05-11T06:20:36Z,82.0,Versa 4
2026-05-11T06:20:38Z,81.0,Versa 4
2026-05-11T06:20:40Z,80.0,Versa 4
2026-05-11T06:20:43Z,80.0,Versa 4
2026-05-11T06:20:46Z,81.0,Versa 4
2026-05-11T06:20:48Z,82.0,Versa 4
2026-05-11T06:20:50Z,84.0,Versa 4
2026-05-11T06:20:52Z,85.0,Versa 4
2026-05-11T06:20:54Z,83.0,Versa 4
2026-05-11T06:20:56Z,82.0,Versa 4
2026-05-11T06:20:57Z,84.0,Versa 4
2026-05-11T06:20:59Z,86.0,Versa 4
2026-05-11T06:21:02Z,86.0,Versa 4
2026-05-11T06:21:03Z,87.0,Versa 4
2026-05-11T06:21:06Z,87.0,Versa 4
2026-05-11T06:21:07Z,86.0,Versa 4
2026-05-11T06:21:09Z,85.0,Versa 4
2026-05-11T06:21:11Z,84.0,Versa 4
2026-05-11T06:21:14Z,84.0,Versa 4
2026-05-11T06:21:15Z,83.0,Versa 4
2026-05-11T06:21:17Z,82.0,Versa 4
2026-05-11T06:21:19Z,80.0,Versa 4
2026-05-11T06:21:22Z,79.0,Versa 4
2026-05-11T06:21:25Z,79.0,Versa 4
2026-05-11T06:21:26Z,80.0,Versa 4
2026-05-11T06:21:29Z,80.0,Versa 4
2026-05-11T06:21:30Z,81.0,Versa 4
2026-05-11T06:21:32Z,82.0,Versa 4
2026-05-11T06:21:34Z,81.0,Versa 4
2026-05-11T06:21:37Z,81.0,Versa 4
2026-05-11T06:21:40Z,81.0,Versa 4
2026-05-11T06:21:42Z,82.0,Versa 4
2026-05-11T06:21:44Z,81.0,Versa 4
2026-05-11T06:21:45Z,79.0,Versa 4
2026-05-11T06:21:47Z,78.0,Versa 4
2026-05-11T06:21:49Z,77.0,Versa 4
2026-05-11T06:21:51Z,74.0,Versa 4
2026-05-11T06:21:53Z,73.0,Versa 4
2026-05-11T06:21:55Z,72.0,Versa 4
2026-05-11T06:21:58Z,72.0,Versa 4
2026-05-11T06:22:01Z,72.0,Versa 4
2026-05-11T06:22:04Z,72.0,Versa 4
2026-05-11T06:22:05Z,74.0,Versa 4
2026-05-11T06:22:07Z,75.0,Versa 4
2026-05-11T06:22:09Z,74.0,Versa 4
2026-05-11T06:22:12Z,74.0,Versa 4
2026-05-11T06:22:15Z,74.0,Versa 4
2026-05-11T06:22:16Z,72.0,Versa 4
2026-05-11T06:22:19Z,72.0,Versa 4
2026-05-11T06:22:22Z,71.0,Versa 4
2026-05-11T06:22:25Z,71.0,Versa 4
2026-05-11T06:22:26Z,70.0,Versa 4
2026-05-11T06:22:28Z,69.0,Versa 4
2026-05-11T06:22:31Z,69.0,Versa 4
2026-05-11T06:22:32Z,74.0,Versa 4
2026-05-11T06:22:33Z,79.0,Versa 4
2026-05-11T06:22:35Z,80.0,Versa 4
2026-05-11T06:22:37Z,81.0,Versa 4
2026-05-11T06:22:39Z,84.0,Versa 4
2026-05-11T06:22:41Z,86.0,Versa 4
2026-05-11T06:22:43Z,87.0,Versa 4
2026-05-11T06:22:45Z,89.0,Versa 4
2026-05-11T06:22:48Z,89.0,Versa 4
2026-05-11T06:22:51Z,87.0,Versa 4
2026-05-11T06:22:53Z,88.0,Versa 4
2026-05-11T06:22:55Z,89.0,Versa 4
2026-05-11T06:22:57Z,93.0,Versa 4
2026-05-11T06:22:58Z,94.0,Versa 4
2026-05-11T06:23:00Z,93.0,Versa 4
2026-05-11T06:23:03Z,93.0,Versa 4
2026-05-11T06:23:04Z,94.0,Versa 4
2026-05-11T06:23:06Z,96.0,Versa 4
2026-05-11T06:23:08Z,97.0,Versa 4
2026-05-11T06:23:10Z,99.0,Versa 4
2026-05-11T06:23:12Z,98.0,Versa 4
2026-05-11T06:23:14Z,101.0,Versa 4
2026-05-11T06:23:17Z,101.0,Versa 4
2026-05-11T06:23:18Z,102.0,Versa 4
2026-05-11T06:23:21Z,105.0,Versa 4
2026-05-11T06:23:24Z,105.0,Versa 4
2026-05-11T06:23:27Z,106.0,Versa 4
2026-05-11T06:23:29Z,104.0,Versa 4
2026-05-11T06:23:31Z,103.0,Versa 4
2026-05-11T06:23:33Z,102.0,Versa 4
2026-05-11T06:23:35Z,101.0,Versa 4
2026-05-11T06:23:37Z,100.0,Versa 4
2026-05-11T06:23:39Z,99.0,Versa 4
2026-05-11T06:23:42Z,99.0,Versa 4
2026-05-11T06:23:45Z,101.0,Versa 4
2026-05-11T06:23:46Z,100.0,Versa 4
2026-05-11T06:23:48Z,99.0,Versa 4
2026-05-11T06:23:50Z,96.0,Versa 4
2026-05-11T06:23:52Z,94.0,Versa 4
2026-05-11T06:23:54Z,95.0,Versa 4
2026-05-11T06:23:56Z,94.0,Versa 4
2026-05-11T06:23:58Z,95.0,Versa 4
2026-05-11T06:24:00Z,96.0,Versa 4
2026-05-11T06:24:02Z,100.0,Versa 4
2026-05-11T06:24:04Z,98.0,Versa 4
2026-05-11T06:24:06Z,99.0,Versa 4
2026-05-11T06:24:08Z,103.0,Versa 4
2026-05-11T06:24:09Z,101.0,Versa 4
2026-05-11T06:24:12Z,101.0,Versa 4
2026-05-11T06:24:13Z,100.0,Versa 4
2026-05-11T06:24:15Z,98.0,Versa 4
2026-05-11T06:24:17Z,99.0,Versa 4
2026-05-11T06:24:19Z,102.0,Versa 4
2026-05-11T06:24:21Z,105.0,Versa 4
2026-05-11T06:24:23Z,103.0,Versa 4
2026-05-11T06:24:25Z,105.0,Versa 4
2026-05-11T06:24:27Z,102.0,Versa 4
2026-05-11T06:24:29Z,98.0,Versa 4
2026-05-11T06:24:32Z,98.0,Versa 4
2026-05-11T06:24:35Z,98.0,Versa 4
2026-05-11T06:24:36Z,100.0,Versa 4
2026-05-11T06:24:39Z,100.0,Versa 4
2026-05-11T06:24:42Z,101.0,Versa 4
2026-05-11T06:24:45Z,101.0,Versa 4
2026-05-11T06:24:46Z,99.0,Versa 4
2026-05-11T06:24:48Z,100.0,Versa 4
2026-05-11T06:24:51Z,100.0,Versa 4
2026-05-11T06:24:54Z,100.0,Versa 4
2026-05-11T06:24:56Z,102.0,Versa 4
2026-05-11T06:24:58Z,101.0,Versa 4
2026-05-11T06:25:00Z,99.0,Versa 4
2026-05-11T06:25:03Z,99.0,Versa 4
2026-05-11T06:25:05Z,100.0,Versa 4
2026-05-11T06:25:07Z,101.0,Versa 4
2026-05-11T06:25:09Z,102.0,Versa 4
2026-05-11T06:25:11Z,101.0,Versa 4
2026-05-11T06:25:13Z,100.0,Versa 4
2026-05-11T06:25:16Z,100.0,Versa 4
2026-05-11T06:25:19Z,99.0,Versa 4
2026-05-11T06:25:22Z,99.0,Versa 4
2026-05-11T06:25:25Z,97.0,Versa 4
2026-05-11T06:25:27Z,98.0,Versa 4
2026-05-11T06:25:28Z,97.0,Versa 4
2026-05-11T06:25:31Z,97.0,Versa 4
2026-05-11T06:25:32Z,98.0,Versa 4
2026-05-11T06:25:34Z,99.0,Versa 4
2026-05-11T06:25:36Z,98.0,Versa 4
2026-05-11T06:25:38Z,98.0,Versa 4
2026-05-11T06:25:40Z,95.0,Versa 4
2026-05-11T06:25:42Z,92.0,Versa 4
2026-05-11T06:25:44Z,97.0,Versa 4
2026-05-11T06:25:46Z,88.0,Versa 4
2026-05-11T06:25:48Z,80.0,Versa 4
2026-05-11T06:25:50Z,81.0,Versa 4
2026-05-11T06:25:52Z,83.0,Versa 4
2026-05-11T06:25:53Z,82.0,Versa 4
2026-05-11T06:25:55Z,83.0,Versa 4
2026-05-11T06:25:57Z,85.0,Versa 4
2026-05-11T06:25:59Z,84.0,Versa 4
2026-05-11T06:26:01Z,86.0,Versa 4
2026-05-11T06:26:03Z,85.0,Versa 4
2026-05-11T06:26:06Z,85.0,Versa 4
2026-05-11T06:26:07Z,84.0,Versa 4
2026-05-11T06:26:09Z,87.0,Versa 4
2026-05-11T06:26:11Z,83.0,Versa 4
2026-05-11T06:26:14Z,83.0,Versa 4
2026-05-11T06:26:15Z,81.0,Versa 4
2026-05-11T06:26:17Z,80.0,Versa 4
2026-05-11T06:26:18Z,83.0,Versa 4
2026-05-11T06:26:20Z,80.0,Versa 4
2026-05-11T06:26:22Z,79.0,Versa 4
2026-05-11T06:26:24Z,80.0,Versa 4
2026-05-11T06:26:26Z,76.0,Versa 4
2026-05-11T06:26:28Z,70.0,Versa 4
2026-05-11T06:26:30Z,71.0,Versa 4
2026-05-11T06:26:32Z,70.0,Versa 4
2026-05-11T06:26:34Z,71.0,Versa 4
2026-05-11T06:26:37Z,71.0,Versa 4
2026-05-11T06:26:38Z,69.0,Versa 4
2026-05-11T06:26:40Z,68.0,Versa 4
2026-05-11T06:26:41Z,68.0,Versa 4
2026-05-11T06:26:44Z,68.0,Versa 4
2026-05-11T06:26:45Z,67.0,Versa 4
2026-05-11T06:26:48Z,67.0,Versa 4
2026-05-11T06:26:49Z,66.0,Versa 4
2026-05-11T06:26:51Z,65.0,Versa 4
2026-05-11T06:26:54Z,65.0,Versa 4
2026-05-11T06:26:57Z,65.0,Versa 4
2026-05-11T06:26:59Z,66.0,Versa 4
2026-05-11T06:27:02Z,66.0,Versa 4
2026-05-11T06:27:03Z,65.0,Versa 4
2026-05-11T06:27:05Z,66.0,Versa 4
2026-05-11T06:27:06Z,65.0,Versa 4
2026-05-11T06:27:08Z,66.0,Versa 4
2026-05-11T06:27:10Z,67.0,Versa 4
2026-05-11T06:27:13Z,67.0,Versa 4
2026-05-11T06:27:16Z,70.0,Versa 4
2026-05-11T06:27:18Z,69.0,Versa 4
2026-05-11T06:27:20Z,70.0,Versa 4
2026-05-11T06:27:23Z,70.0,Versa 4
2026-05-11T06:27:24Z,68.0,Versa 4
2026-05-11T06:27:27Z,68.0,Versa 4
2026-05-11T06:27:30Z,68.0,Versa 4
2026-05-11T06:27:33Z,70.0,Versa 4
2026-05-11T06:27:36Z,70.0,Versa 4
2026-05-11T06:27:37Z,72.0,Versa 4
2026-05-11T06:27:40Z,72.0,Versa 4
2026-05-11T06:27:41Z,70.0,Versa 4
2026-05-11T06:27:43Z,72.0,Versa 4
2026-05-11T06:27:45Z,73.0,Versa 4
2026-05-11T06:27:47Z,72.0,Versa 4
2026-05-11T06:27:49Z,71.0,Versa 4
2026-05-11T06:27:52Z,71.0,Versa 4
2026-05-11T06:27:55Z,71.0,Versa 4
2026-05-11T06:27:56Z,72.0,Versa 4
2026-05-11T06:27:58Z,74.0,Versa 4
2026-05-11T06:28:01Z,74.0,Versa 4
2026-05-11T06:28:04Z,74.0,Versa 4
2026-05-11T06:28:06Z,75.0,Versa 4
2026-05-11T06:28:08Z,73.0,Versa 4
2026-05-11T06:28:10Z,74.0,Versa 4
2026-05-11T06:28:12Z,73.0,Versa 4
2026-05-11T06:28:15Z,73.0,Versa 4
2026-05-11T06:28:18Z,73.0,Versa 4
2026-05-11T06:28:19Z,72.0,Versa 4
2026-05-11T06:28:22Z,72.0,Versa 4
2026-05-11T06:28:23Z,73.0,Versa 4
2026-05-11T06:28:26Z,73.0,Versa 4
2026-05-11T06:28:27Z,72.0,Versa 4
2026-05-11T06:28:30Z,72.0,Versa 4
2026-05-11T06:28:33Z,72.0,Versa 4
2026-05-11T06:28:35Z,73.0,Versa 4
2026-05-11T06:28:37Z,72.0,Versa 4
2026-05-11T06:28:39Z,71.0,Versa 4
2026-05-11T06:28:41Z,71.0,Versa 4
2026-05-11T06:28:42Z,72.0,Versa 4
2026-05-11T06:28:45Z,72.0,Versa 4
2026-05-11T06:28:48Z,72.0,Versa 4
2026-05-11T06:28:50Z,70.0,Versa 4
2026-05-11T06:28:52Z,69.0,Versa 4
2026-05-11T06:28:55Z,69.0,Versa 4
2026-05-11T06:28:58Z,70.0,Versa 4
2026-05-11T06:29:01Z,70.0,Versa 4
2026-05-11T06:29:02Z,69.0,Versa 4
2026-05-11T06:29:05Z,69.0,Versa 4
2026-05-11T06:29:08Z,69.0,Versa 4
2026-05-11T06:29:09Z,70.0,Versa 4
2026-05-11T06:29:12Z,70.0,Versa 4
2026-05-11T06:29:15Z,70.0,Versa 4
2026-05-11T06:29:17Z,70.0,Versa 4
2026-05-11T06:29:19Z,72.0,Versa 4
2026-05-11T06:29:21Z,74.0,Versa 4
2026-05-11T06:29:24Z,74.0,Versa 4
2026-05-11T06:29:25Z,75.0,Versa 4
2026-05-11T06:29:27Z,76.0,Versa 4
2026-05-11T06:29:30Z,77.0,Versa 4
2026-05-11T06:29:32Z,76.0,Versa 4
2026-05-11T06:29:34Z,75.0,Versa 4
2026-05-11T06:29:36Z,73.0,Versa 4
2026-05-11T06:29:38Z,72.0,Versa 4
2026-05-11T06:29:40Z,71.0,Versa 4
2026-05-11T06:29:42Z,71.0,Versa 4
2026-05-11T06:29:45Z,71.0,Versa 4
2026-05-11T06:29:48Z,70.0,Versa 4
2026-05-11T06:29:50Z,71.0,Versa 4
2026-05-11T06:29:52Z,72.0,Versa 4
2026-05-11T06:29:55Z,73.0,Versa 4
2026-05-11T06:29:57Z,84.0,Versa 4
2026-05-11T06:29:59Z,95.0,Versa 4
2026-05-11T06:30:01Z,94.0,Versa 4
2026-05-11T06:30:03Z,91.0,Versa 4
2026-05-11T06:30:05Z,97.0,Versa 4
2026-05-11T06:30:07Z,94.0,Versa 4
2026-05-11T06:30:09Z,95.0,Versa 4
2026-05-11T06:30:11Z,93.0,Versa 4
2026-05-11T06:30:13Z,89.0,Versa 4
2026-05-11T06:30:15Z,90.0,Versa 4
2026-05-11T06:30:17Z,91.0,Versa 4
2026-05-11T06:30:20Z,90.0,Versa 4
2026-05-11T06:30:22Z,98.0,Versa 4
2026-05-11T06:30:24Z,97.0,Versa 4
2026-05-11T06:30:26Z,99.0,Versa 4
2026-05-11T06:30:28Z,100.0,Versa 4
2026-05-11T06:30:30Z,94.0,Versa 4
2026-05-11T06:30:32Z,93.0,Versa 4
2026-05-11T06:30:35Z,93.0,Versa 4
2026-05-11T06:30:36Z,83.0,Versa 4
2026-05-11T06:30:38Z,91.0,Versa 4
2026-05-11T06:30:40Z,99.0,Versa 4
2026-05-11T06:30:42Z,91.0,Versa 4
2026-05-11T06:30:44Z,94.0,Versa 4
2026-05-11T06:30:45Z,92.0,Versa 4
2026-05-11T06:30:47Z,89.0,Versa 4
2026-05-11T06:30:50Z,89.0,Versa 4
2026-05-11T06:30:51Z,88.0,Versa 4
2026-05-11T06:30:53Z,82.0,Versa 4
2026-05-11T06:30:56Z,82.0,Versa 4
2026-05-11T06:30:57Z,80.0,Versa 4
2026-05-11T06:31:00Z,80.0,Versa 4
2026-05-11T06:31:03Z,81.0,Versa 4
2026-05-11T06:31:05Z,79.0,Versa 4
2026-05-11T06:31:07Z,85.0,Versa 4
2026-05-11T06:31:10Z,79.0,Versa 4
2026-05-11T06:31:13Z,79.0,Versa 4
2026-05-11T06:31:16Z,76.0,Versa 4
2026-05-11T06:31:18Z,77.0,Versa 4
2026-05-11T06:31:21Z,77.0,Versa 4
2026-05-11T06:31:22Z,78.0,Versa 4
2026-05-11T06:31:24Z,79.0,Versa 4
2026-05-11T06:31:26Z,80.0,Versa 4
2026-05-11T06:31:28Z,78.0,Versa 4
2026-05-11T06:31:30Z,80.0,Versa 4
2026-05-11T06:31:33Z,78.0,Versa 4
2026-05-11T06:31:36Z,78.0,Versa 4
2026-05-11T06:31:39Z,75.0,Versa 4
2026-05-11T06:31:41Z,79.0,Versa 4
2026-05-11T06:31:44Z,79.0,Versa 4
2026-05-11T06:31:45Z,73.0,Versa 4
2026-05-11T06:31:47Z,73.0,Versa 4
2026-05-11T06:31:50Z,73.0,Versa 4
2026-05-11T06:31:51Z,72.0,Versa 4
2026-05-11T06:31:53Z,73.0,Versa 4
2026-05-11T06:31:55Z,75.0,Versa 4
2026-05-11T06:31:56Z,73.0,Versa 4
2026-05-11T06:31:59Z,73.0,Versa 4
2026-05-11T06:32:00Z,75.0,Versa 4
2026-05-11T06:32:02Z,74.0,Versa 4
2026-05-11T06:32:04Z,76.0,Versa 4
2026-05-11T06:32:06Z,77.0,Versa 4
2026-05-11T06:32:08Z,73.0,Versa 4
2026-05-11T06:32:10Z,84.0,Versa 4
2026-05-11T06:32:12Z,86.0,Versa 4
2026-05-11T06:32:14Z,85.0,Versa 4
2026-05-11T06:32:17Z,85.0,Versa 4
2026-05-11T06:32:18Z,84.0,Versa 4
2026-05-11T06:32:20Z,82.0,Versa 4
2026-05-11T06:32:23Z,81.0,Versa 4
2026-05-11T06:32:25Z,79.0,Versa 4
2026-05-11T06:32:27Z,82.0,Versa 4
2026-05-11T06:32:29Z,80.0,Versa 4
2026-05-11T06:32:31Z,79.0,Versa 4
2026-05-11T06:32:34Z,79.0,Versa 4
2026-05-11T06:32:35Z,78.0,Versa 4
2026-05-11T06:32:37Z,77.0,Versa 4
2026-05-11T06:32:39Z,74.0,Versa 4
2026-05-11T06:32:41Z,73.0,Versa 4
2026-05-11T06:32:44Z,72.0,Versa 4
2026-05-11T06:32:47Z,72.0,Versa 4
2026-05-11T06:32:48Z,73.0,Versa 4
2026-05-11T06:32:50Z,76.0,Versa 4
2026-05-11T06:32:52Z,78.0,Versa 4
2026-05-11T06:32:54Z,77.0,Versa 4
2026-05-11T06:32:56Z,76.0,Versa 4
2026-05-11T06:32:58Z,78.0,Versa 4
2026-05-11T06:33:00Z,75.0,Versa 4
2026-05-11T06:33:02Z,74.0,Versa 4
2026-05-11T06:33:05Z,74.0,Versa 4
2026-05-11T06:33:06Z,73.0,Versa 4
2026-05-11T06:33:08Z,74.0,Versa 4
2026-05-11T06:33:09Z,75.0,Versa 4
2026-05-11T06:33:11Z,76.0,Versa 4
2026-05-11T06:33:13Z,75.0,Versa 4
2026-05-11T06:33:15Z,73.0,Versa 4
2026-05-11T06:33:17Z,72.0,Versa 4
2026-05-11T06:33:19Z,73.0,Versa 4
2026-05-11T06:33:22Z,73.0,Versa 4
2026-05-11T06:33:23Z,74.0,Versa 4
2026-05-11T06:33:25Z,76.0,Versa 4
2026-05-11T06:33:27Z,79.0,Versa 4
2026-05-11T06:33:29Z,73.0,Versa 4
2026-05-11T06:33:32Z,76.0,Versa 4
2026-05-11T06:33:34Z,73.0,Versa 4
2026-05-11T06:33:37Z,73.0,Versa 4
2026-05-11T06:33:40Z,73.0,Versa 4
2026-05-11T06:33:42Z,74.0,Versa 4
2026-05-11T06:33:44Z,76.0,Versa 4
2026-05-11T06:33:46Z,77.0,Versa 4
2026-05-11T06:33:48Z,78.0,Versa 4
2026-05-11T06:33:50Z,77.0,Versa 4
2026-05-11T06:33:52Z,76.0,Versa 4
2026-05-11T06:33:54Z,75.0,Versa 4
2026-05-11T06:33:56Z,77.0,Versa 4
2026-05-11T06:33:57Z,75.0,Versa 4
2026-05-11T06:34:00Z,75.0,Versa 4
2026-05-11T06:34:01Z,77.0,Versa 4
2026-05-11T06:34:03Z,75.0,Versa 4
2026-05-11T06:34:05Z,77.0,Versa 4
2026-05-11T06:34:07Z,78.0,Versa 4
2026-05-11T06:34:09Z,76.0,Versa 4
2026-05-11T06:34:11Z,75.0,Versa 4
2026-05-11T06:34:14Z,75.0,Versa 4
2026-05-11T06:34:17Z,77.0,Versa 4
2026-05-11T06:34:19Z,78.0,Versa 4
2026-05-11T06:34:22Z,78.0,Versa 4
2026-05-11T06:34:24Z,79.0,Versa 4
2026-05-11T06:34:26Z,80.0,Versa 4
2026-05-11T06:34:29Z,80.0,Versa 4
2026-05-11T06:34:32Z,80.0,Versa 4
2026-05-11T06:34:34Z,80.0,Versa 4
2026-05-11T06:34:36Z,81.0,Versa 4
2026-05-11T06:34:38Z,82.0,Versa 4
2026-05-11T06:34:41Z,82.0,Versa 4
2026-05-11T06:34:44Z,80.0,Versa 4
2026-05-11T06:34:45Z,83.0,Versa 4
2026-05-11T06:34:47Z,85.0,Versa 4
2026-05-11T06:34:49Z,83.0,Versa 4
2026-05-11T06:34:51Z,80.0,Versa 4
2026-05-11T06:34:53Z,79.0,Versa 4
2026-05-11T06:34:55Z,80.0,Versa 4
2026-05-11T06:34:57Z,83.0,Versa 4
2026-05-11T06:34:59Z,82.0,Versa 4
2026-05-11T06:35:01Z,80.0,Versa 4
2026-05-11T06:35:03Z,79.0,Versa 4
2026-05-11T06:35:05Z,78.0,Versa 4
2026-05-11T06:35:08Z,79.0,Versa 4
2026-05-11T06:35:10Z,80.0,Versa 4
2026-05-11T06:35:12Z,79.0,Versa 4
2026-05-11T06:35:14Z,80.0,Versa 4
2026-05-11T06:35:16Z,79.0,Versa 4
2026-05-11T06:35:18Z,78.0,Versa 4
2026-05-11T06:35:21Z,78.0,Versa 4
2026-05-11T06:35:22Z,81.0,Versa 4
2026-05-11T06:35:24Z,83.0,Versa 4
2026-05-11T06:35:26Z,81.0,Versa 4
2026-05-11T06:35:29Z,81.0,Versa 4
2026-05-11T06:35:30Z,81.0,Versa 4
2026-05-11T06:35:32Z,82.0,Versa 4
2026-05-11T06:35:33Z,83.0,Versa 4
2026-05-11T06:35:35Z,82.0,Versa 4
2026-05-11T06:35:38Z,82.0,Versa 4
2026-05-11T06:35:39Z,84.0,Versa 4
2026-05-11T06:35:42Z,84.0,Versa 4
2026-05-11T06:35:43Z,86.0,Versa 4
2026-05-11T06:35:45Z,89.0,Versa 4
2026-05-11T06:35:47Z,87.0,Versa 4
2026-05-11T06:35:49Z,84.0,Versa 4
2026-05-11T06:35:51Z,87.0,Versa 4
2026-05-11T06:35:53Z,85.0,Versa 4
2026-05-11T06:35:55Z,84.0,Versa 4
2026-05-11T06:35:56Z,85.0,Versa 4
2026-05-11T06:35:58Z,84.0,Versa 4
2026-05-11T06:36:00Z,82.0,Versa 4
2026-05-11T06:36:03Z,82.0,Versa 4
2026-05-11T06:36:06Z,83.0,Versa 4
2026-05-11T06:36:08Z,82.0,Versa 4
2026-05-11T06:36:10Z,80.0,Versa 4
2026-05-11T06:36:13Z,80.0,Versa 4
2026-05-11T06:36:14Z,81.0,Versa 4
2026-05-11T06:36:17Z,81.0,Versa 4
2026-05-11T06:36:18Z,83.0,Versa 4
2026-05-11T06:36:21Z,80.0,Versa 4
2026-05-11T06:36:23Z,79.0,Versa 4
2026-05-11T06:36:25Z,78.0,Versa 4
2026-05-11T06:36:28Z,78.0,Versa 4
2026-05-11T06:36:29Z,77.0,Versa 4
2026-05-11T06:36:31Z,78.0,Versa 4
2026-05-11T06:36:34Z,78.0,Versa 4
2026-05-11T06:36:37Z,79.0,Versa 4
2026-05-11T06:36:40Z,79.0,Versa 4
2026-05-11T06:36:43Z,79.0,Versa 4
2026-05-11T06:36:44Z,78.0,Versa 4
2026-05-11T06:36:47Z,78.0,Versa 4
2026-05-11T06:36:48Z,77.0,Versa 4
2026-05-11T06:36:51Z,77.0,Versa 4
2026-05-11T06:36:52Z,78.0,Versa 4
2026-05-11T06:36:55Z,78.0,Versa 4
2026-05-11T06:36:56Z,77.0,Versa 4
2026-05-11T06:36:58Z,78.0,Versa 4
2026-05-11T06:37:00Z,81.0,Versa 4
2026-05-11T06:37:02Z,82.0,Versa 4
2026-05-11T06:37:05Z,82.0,Versa 4
2026-05-11T06:37:08Z,82.0,Versa 4
2026-05-11T06:37:11Z,83.0,Versa 4
2026-05-11T06:37:14Z,83.0,Versa 4
2026-05-11T06:37:17Z,84.0,Versa 4
2026-05-11T06:37:19Z,82.0,Versa 4
2026-05-11T06:37:21Z,84.0,Versa 4
2026-05-11T06:37:23Z,83.0,Versa 4
2026-05-11T06:37:25Z,80.0,Versa 4
2026-05-11T06:37:27Z,79.0,Versa 4
2026-05-11T06:37:29Z,78.0,Versa 4
2026-05-11T06:37:32Z,78.0,Versa 4
2026-05-11T06:37:34Z,80.0,Versa 4
2026-05-11T06:37:37Z,80.0,Versa 4
2026-05-11T06:37:38Z,81.0,Versa 4
2026-05-11T06:37:41Z,81.0,Versa 4
2026-05-11T06:37:42Z,80.0,Versa 4
2026-05-11T06:37:45Z,80.0,Versa 4
2026-05-11T06:37:46Z,81.0,Versa 4
2026-05-11T06:37:48Z,80.0,Versa 4
2026-05-11T06:37:50Z,79.0,Versa 4
2026-05-11T06:37:53Z,79.0,Versa 4
2026-05-11T06:37:56Z,80.0,Versa 4
2026-05-11T06:37:57Z,79.0,Versa 4
2026-05-11T06:38:00Z,79.0,Versa 4
2026-05-11T06:38:03Z,77.0,Versa 4
2026-05-11T06:38:06Z,77.0,Versa 4
2026-05-11T06:38:07Z,78.0,Versa 4
2026-05-11T06:38:09Z,79.0,Versa 4
2026-05-11T06:38:11Z,78.0,Versa 4
2026-05-11T06:38:14Z,78.0,Versa 4
2026-05-11T06:38:17Z,78.0,Versa 4
2026-05-11T06:38:19Z,79.0,Versa 4
2026-05-11T06:38:22Z,78.0,Versa 4
2026-05-11T06:38:24Z,79.0,Versa 4
2026-05-11T06:38:26Z,80.0,Versa 4
2026-05-11T06:38:28Z,79.0,Versa 4
2026-05-11T06:38:31Z,79.0,Versa 4
2026-05-11T06:38:34Z,80.0,Versa 4
2026-05-11T06:38:37Z,80.0,Versa 4
2026-05-11T06:38:38Z,81.0,Versa 4
2026-05-11T06:38:41Z,81.0,Versa 4
2026-05-11T06:38:42Z,80.0,Versa 4
2026-05-11T06:38:45Z,80.0,Versa 4
2026-05-11T06:38:47Z,79.0,Versa 4
2026-05-11T06:38:50Z,79.0,Versa 4
2026-05-11T06:38:51Z,80.0,Versa 4
2026-05-11T06:38:53Z,79.0,Versa 4
2026-05-11T06:38:55Z,80.0,Versa 4
2026-05-11T06:38:58Z,80.0,Versa 4
2026-05-11T06:39:01Z,79.0,Versa 4
2026-05-11T06:39:03Z,78.0,Versa 4
2026-05-11T06:39:05Z,77.0,Versa 4
2026-05-11T06:39:08Z,78.0,Versa 4
2026-05-11T06:39:11Z,78.0,Versa 4
2026-05-11T06:39:12Z,79.0,Versa 4
2026-05-11T06:39:14Z,78.0,Versa 4
2026-05-11T06:39:16Z,77.0,Versa 4
2026-05-11T06:39:19Z,77.0,Versa 4
2026-05-11T06:39:22Z,78.0,Versa 4
2026-05-11T06:39:24Z,77.0,Versa 4
2026-05-11T06:39:27Z,77.0,Versa 4
2026-05-11T06:39:28Z,78.0,Versa 4
2026-05-11T06:39:30Z,78.0,Versa 4
2026-05-11T06:39:33Z,79.0,Versa 4
2026-05-11T06:39:36Z,79.0,Versa 4
2026-05-11T06:39:39Z,80.0,Versa 4
2026-05-11T06:39:41Z,82.0,Versa 4
2026-05-11T06:39:43Z,81.0,Versa 4
2026-05-11T06:39:45Z,78.0,Versa 4
2026-05-11T06:39:47Z,79.0,Versa 4
2026-05-11T06:39:50Z,79.0,Versa 4
2026-05-11T06:39:51Z,80.0,Versa 4
2026-05-11T06:39:53Z,83.0,Versa 4
2026-05-11T06:39:55Z,84.0,Versa 4
2026-05-11T06:39:56Z,83.0,Versa 4
2026-05-11T06:39:59Z,83.0,Versa 4
2026-05-11T06:40:00Z,82.0,Versa 4
2026-05-11T06:40:02Z,81.0,Versa 4
2026-05-11T06:40:04Z,83.0,Versa 4
2026-05-11T06:40:06Z,82.0,Versa 4
2026-05-11T06:40:08Z,81.0,Versa 4
2026-05-11T06:40:11Z,81.0,Versa 4
2026-05-11T06:40:14Z,78.0,Versa 4
2026-05-11T06:40:17Z,78.0,Versa 4
2026-05-11T06:40:18Z,77.0,Versa 4
2026-05-11T06:40:21Z,78.0,Versa 4
2026-05-11T06:40:23Z,77.0,Versa 4
2026-05-11T06:40:25Z,76.0,Versa 4
2026-05-11T06:40:27Z,77.0,Versa 4
2026-05-11T06:40:29Z,77.0,Versa 4
2026-05-11T06:40:32Z,77.0,Versa 4
2026-05-11T06:40:33Z,80.0,Versa 4
2026-05-11T06:40:35Z,81.0,Versa 4
2026-05-11T06:40:37Z,79.0,Versa 4
2026-05-11T06:40:40Z,79.0,Versa 4
2026-05-11T06:40:43Z,79.0,Versa 4
2026-05-11T06:40:44Z,80.0,Versa 4
2026-05-11T06:40:47Z,80.0,Versa 4
2026-05-11T06:40:50Z,81.0,Versa 4
2026-05-11T06:40:52Z,83.0,Versa 4
2026-05-11T06:40:54Z,88.0,Versa 4
2026-05-11T06:40:56Z,95.0,Versa 4
2026-05-11T06:40:59Z,95.0,Versa 4
2026-05-11T06:41:02Z,92.0,Versa 4
2026-05-11T06:41:04Z,87.0,Versa 4
2026-05-11T06:41:06Z,83.0,Versa 4
2026-05-11T06:41:08Z,81.0,Versa 4
2026-05-11T06:41:09Z,80.0,Versa 4
2026-05-11T06:41:12Z,80.0,Versa 4
2026-05-11T06:41:15Z,81.0,Versa 4
2026-05-11T06:41:17Z,80.0,Versa 4
2026-05-11T06:41:20Z,80.0,Versa 4
2026-05-11T06:41:23Z,79.0,Versa 4
2026-05-11T06:41:26Z,79.0,Versa 4
2026-05-11T06:41:27Z,78.0,Versa 4
2026-05-11T06:41:30Z,78.0,Versa 4
2026-05-11T06:41:31Z,79.0,Versa 4
2026-05-11T06:41:32Z,80.0,Versa 4
2026-05-11T06:41:34Z,79.0,Versa 4
2026-05-11T06:41:37Z,79.0,Versa 4
2026-05-11T06:41:40Z,79.0,Versa 4
2026-05-11T06:41:43Z,79.0,Versa 4
2026-05-11T06:41:44Z,80.0,Versa 4
2026-05-11T06:41:47Z,80.0,Versa 4
2026-05-11T06:41:50Z,81.0,Versa 4
2026-05-11T06:41:52Z,78.0,Versa 4
2026-05-11T06:41:54Z,79.0,Versa 4
2026-05-11T06:41:56Z,78.0,Versa 4
2026-05-11T06:41:57Z,77.0,Versa 4
2026-05-11T06:42:00Z,77.0,Versa 4
2026-05-11T06:42:03Z,78.0,Versa 4
2026-05-11T06:42:06Z,78.0,Versa 4
2026-05-11T06:42:09Z,79.0,Versa 4
2026-05-11T06:42:12Z,79.0,Versa 4
2026-05-11T06:42:13Z,80.0,Versa 4
2026-05-11T06:42:16Z,80.0,Versa 4
2026-05-11T06:42:19Z,80.0,Versa 4
2026-05-11T06:42:20Z,79.0,Versa 4
2026-05-11T06:42:23Z,79.0,Versa 4
2026-05-11T06:42:26Z,79.0,Versa 4
2026-05-11T06:42:29Z,79.0,Versa 4
2026-05-11T06:42:30Z,80.0,Versa 4
2026-05-11T06:42:32Z,81.0,Versa 4
2026-05-11T06:42:34Z,81.0,Versa 4
2026-05-11T06:42:36Z,82.0,Versa 4
2026-05-11T06:42:38Z,83.0,Versa 4
2026-05-11T06:42:40Z,84.0,Versa 4
2026-05-11T06:42:42Z,83.0,Versa 4
2026-05-11T06:42:45Z,83.0,Versa 4
2026-05-11T06:42:48Z,83.0,Versa 4
2026-05-11T06:42:49Z,84.0,Versa 4
2026-05-11T06:42:51Z,83.0,Versa 4
2026-05-11T06:42:54Z,83.0,Versa 4
2026-05-11T06:42:55Z,82.0,Versa 4
2026-05-11T06:42:57Z,81.0,Versa 4
2026-05-11T06:42:59Z,79.0,Versa 4
2026-05-11T06:43:01Z,78.0,Versa 4
2026-05-11T06:43:04Z,78.0,Versa 4
2026-05-11T06:43:05Z,79.0,Versa 4
2026-05-11T06:43:08Z,80.0,Versa 4
2026-05-11T06:43:11Z,80.0,Versa 4
2026-05-11T06:43:14Z,80.0,Versa 4
2026-05-11T06:43:17Z,80.0,Versa 4
2026-05-11T06:43:18Z,81.0,Versa 4
2026-05-11T06:43:20Z,82.0,Versa 4
2026-05-11T06:43:22Z,83.0,Versa 4
2026-05-11T06:43:24Z,82.0,Versa 4
2026-05-11T06:43:27Z,82.0,Versa 4
2026-05-11T06:43:28Z,81.0,Versa 4
2026-05-11T06:43:30Z,80.0,Versa 4
2026-05-11T06:43:32Z,81.0,Versa 4
2026-05-11T06:43:33Z,80.0,Versa 4
2026-05-11T06:43:35Z,78.0,Versa 4
2026-05-11T06:43:37Z,77.0,Versa 4
2026-05-11T06:43:39Z,76.0,Versa 4
2026-05-11T06:43:41Z,83.0,Versa 4
2026-05-11T06:43:43Z,89.0,Versa 4
2026-05-11T06:43:45Z,91.0,Versa 4
2026-05-11T06:43:48Z,91.0,Versa 4
2026-05-11T06:43:49Z,89.0,Versa 4
2026-05-11T06:43:51Z,87.0,Versa 4
2026-05-11T06:43:54Z,87.0,Versa 4
2026-05-11T06:43:55Z,86.0,Versa 4
2026-05-11T06:43:56Z,84.0,Versa 4
2026-05-11T06:43:58Z,86.0,Versa 4
2026-05-11T06:44:00Z,85.0,Versa 4
2026-05-11T06:44:02Z,83.0,Versa 4
2026-05-11T06:44:04Z,81.0,Versa 4
2026-05-11T06:44:06Z,82.0,Versa 4
2026-05-11T06:44:08Z,83.0,Versa 4
2026-05-11T06:44:11Z,83.0,Versa 4
2026-05-11T06:44:12Z,84.0,Versa 4
2026-05-11T06:44:14Z,82.0,Versa 4
2026-05-11T06:44:17Z,82.0,Versa 4
2026-05-11T06:44:20Z,82.0,Versa 4
2026-05-11T06:44:21Z,80.0,Versa 4
2026-05-11T06:44:23Z,78.0,Versa 4
2026-05-11T06:44:25Z,77.0,Versa 4
2026-05-11T06:44:27Z,75.0,Versa 4
2026-05-11T06:44:30Z,75.0,Versa 4
2026-05-11T06:44:33Z,82.0,Versa 4
2026-05-11T06:44:35Z,86.0,Versa 4
2026-05-11T06:44:37Z,87.0,Versa 4
2026-05-11T06:44:40Z,87.0,Versa 4
2026-05-11T06:44:43Z,89.0,Versa 4
2026-05-11T06:44:46Z,87.0,Versa 4
2026-05-11T06:44:49Z,87.0,Versa 4
2026-05-11T06:44:50Z,89.0,Versa 4
2026-05-11T06:44:52Z,90.0,Versa 4
2026-05-11T06:44:54Z,93.0,Versa 4
2026-05-11T06:44:57Z,93.0,Versa 4
2026-05-11T06:45:00Z,95.0,Versa 4
2026-05-11T06:45:02Z,93.0,Versa 4
2026-05-11T06:45:04Z,92.0,Versa 4
2026-05-11T06:45:06Z,89.0,Versa 4
2026-05-11T06:45:08Z,90.0,Versa 4
2026-05-11T06:45:09Z,91.0,Versa 4
2026-05-11T06:45:11Z,88.0,Versa 4
2026-05-11T06:45:13Z,81.0,Versa 4
2026-05-11T06:45:15Z,82.0,Versa 4
2026-05-11T06:45:17Z,81.0,Versa 4
2026-05-11T06:45:19Z,80.0,Versa 4
2026-05-11T06:45:22Z,80.0,Versa 4
2026-05-11T06:45:23Z,79.0,Versa 4
2026-05-11T06:45:25Z,79.0,Versa 4
2026-05-11T06:45:27Z,81.0,Versa 4
2026-05-11T06:45:29Z,82.0,Versa 4
2026-05-11T06:45:31Z,79.0,Versa 4
2026-05-11T06:45:32Z,81.0,Versa 4
2026-05-11T06:45:35Z,81.0,Versa 4
2026-05-11T06:45:36Z,80.0,Versa 4
2026-05-11T06:45:38Z,81.0,Versa 4
2026-05-11T06:45:40Z,80.0,Versa 4
2026-05-11T06:45:42Z,78.0,Versa 4
2026-05-11T06:45:45Z,78.0,Versa 4
2026-05-11T06:45:48Z,78.0,Versa 4
2026-05-11T06:45:50Z,77.0,Versa 4
2026-05-11T06:45:53Z,77.0,Versa 4
2026-05-11T06:45:54Z,76.0,Versa 4
2026-05-11T06:45:57Z,75.0,Versa 4
2026-05-11T06:45:59Z,74.0,Versa 4
2026-05-11T06:46:01Z,75.0,Versa 4
2026-05-11T06:46:04Z,75.0,Versa 4
2026-05-11T06:46:07Z,74.0,Versa 4
2026-05-11T06:46:09Z,75.0,Versa 4
2026-05-11T06:46:11Z,76.0,Versa 4
2026-05-11T06:46:13Z,77.0,Versa 4
2026-05-11T06:46:16Z,77.0,Versa 4
2026-05-11T06:46:17Z,78.0,Versa 4
2026-05-11T06:46:20Z,77.0,Versa 4
2026-05-11T06:46:23Z,77.0,Versa 4
2026-05-11T06:46:24Z,76.0,Versa 4
2026-05-11T06:46:26Z,75.0,Versa 4
2026-05-11T06:46:28Z,76.0,Versa 4
2026-05-11T06:46:30Z,78.0,Versa 4
2026-05-11T06:46:32Z,79.0,Versa 4
2026-05-11T06:46:34Z,82.0,Versa 4
2026-05-11T06:46:36Z,84.0,Versa 4
2026-05-11T06:46:38Z,85.0,Versa 4
2026-05-11T06:46:41Z,85.0,Versa 4
2026-05-11T06:46:42Z,86.0,Versa 4
2026-05-11T06:46:44Z,87.0,Versa 4
2026-05-11T06:46:45Z,89.0,Versa 4
2026-05-11T06:46:47Z,84.0,Versa 4
2026-05-11T06:46:49Z,81.0,Versa 4
2026-05-11T06:46:52Z,81.0,Versa 4
2026-05-11T06:46:53Z,79.0,Versa 4
2026-05-11T06:46:56Z,79.0,Versa 4
2026-05-11T06:46:57Z,80.0,Versa 4
2026-05-11T06:46:59Z,79.0,Versa 4
2026-05-11T06:47:01Z,78.0,Versa 4
2026-05-11T06:47:04Z,78.0,Versa 4
2026-05-11T06:47:07Z,78.0,Versa 4
2026-05-11T06:47:08Z,80.0,Versa 4
2026-05-11T06:47:10Z,86.0,Versa 4
2026-05-11T06:47:12Z,87.0,Versa 4
2026-05-11T06:47:14Z,88.0,Versa 4
2026-05-11T06:47:16Z,89.0,Versa 4
2026-05-11T06:47:18Z,88.0,Versa 4
2026-05-11T06:47:20Z,87.0,Versa 4
2026-05-11T06:47:23Z,87.0,Versa 4
2026-05-11T06:47:24Z,86.0,Versa 4
2026-05-11T06:47:26Z,85.0,Versa 4
2026-05-11T06:47:28Z,86.0,Versa 4
2026-05-11T06:47:31Z,86.0,Versa 4
2026-05-11T06:47:34Z,86.0,Versa 4
2026-05-11T06:47:35Z,84.0,Versa 4
2026-05-11T06:47:38Z,84.0,Versa 4
2026-05-11T06:47:39Z,83.0,Versa 4
2026-05-11T06:47:41Z,79.0,Versa 4
2026-05-11T06:47:43Z,78.0,Versa 4
2026-05-11T06:47:46Z,78.0,Versa 4
2026-05-11T06:47:47Z,79.0,Versa 4
2026-05-11T06:47:49Z,78.0,Versa 4
2026-05-11T06:47:52Z,78.0,Versa 4
2026-05-11T06:47:55Z,78.0,Versa 4
2026-05-11T06:47:58Z,79.0,Versa 4
2026-05-11T06:48:00Z,80.0,Versa 4
2026-05-11T06:48:02Z,84.0,Versa 4
2026-05-11T06:48:05Z,84.0,Versa 4
2026-05-11T06:48:06Z,83.0,Versa 4
2026-05-11T06:48:08Z,81.0,Versa 4
2026-05-11T06:48:10Z,82.0,Versa 4
2026-05-11T06:48:12Z,83.0,Versa 4
2026-05-11T06:48:14Z,82.0,Versa 4
2026-05-11T06:48:16Z,81.0,Versa 4
2026-05-11T06:48:18Z,80.0,Versa 4
2026-05-11T06:48:21Z,78.0,Versa 4
2026-05-11T06:48:24Z,78.0,Versa 4
2026-05-11T06:48:25Z,77.0,Versa 4
2026-05-11T06:48:27Z,76.0,Versa 4
2026-05-11T06:48:30Z,76.0,Versa 4
2026-05-11T06:48:33Z,76.0,Versa 4
2026-05-11T06:48:36Z,76.0,Versa 4
2026-05-11T06:48:39Z,76.0,Versa 4
2026-05-11T06:48:42Z,76.0,Versa 4
2026-05-11T06:48:43Z,79.0,Versa 4
2026-05-11T06:48:44Z,82.0,Versa 4
2026-05-11T06:48:46Z,80.0,Versa 4
2026-05-11T06:48:48Z,78.0,Versa 4
2026-05-11T06:48:50Z,79.0,Versa 4
2026-05-11T06:48:52Z,78.0,Versa 4
2026-05-11T06:48:54Z,77.0,Versa 4
2026-05-11T06:48:57Z,77.0,Versa 4
2026-05-11T06:48:58Z,78.0,Versa 4
2026-05-11T06:49:00Z,79.0,Versa 4
2026-05-11T06:49:03Z,79.0,Versa 4
2026-05-11T06:49:04Z,78.0,Versa 4
2026-05-11T06:49:07Z,78.0,Versa 4
2026-05-11T06:49:10Z,78.0,Versa 4
2026-05-11T06:49:13Z,78.0,Versa 4
2026-05-11T06:49:14Z,79.0,Versa 4
2026-05-11T06:49:15Z,79.0,Versa 4
2026-05-11T06:49:17Z,78.0,Versa 4
2026-05-11T06:49:20Z,78.0,Versa 4
2026-05-11T06:49:21Z,76.0,Versa 4
2026-05-11T06:49:24Z,76.0,Versa 4
2026-05-11T06:49:25Z,78.0,Versa 4
2026-05-11T06:49:27Z,77.0,Versa 4
2026-05-11T06:49:29Z,76.0,Versa 4
2026-05-11T06:49:31Z,75.0,Versa 4
2026-05-11T06:49:33Z,74.0,Versa 4
2026-05-11T06:49:35Z,75.0,Versa 4
2026-05-11T06:49:37Z,76.0,Versa 4
2026-05-11T06:49:40Z,77.0,Versa 4
2026-05-11T06:49:43Z,77.0,Versa 4
2026-05-11T06:49:46Z,79.0,Versa 4
2026-05-11T06:49:48Z,80.0,Versa 4
2026-05-11T06:49:51Z,80.0,Versa 4
2026-05-11T06:49:52Z,81.0,Versa 4
2026-05-11T06:49:54Z,80.0,Versa 4
2026-05-11T06:49:56Z,79.0,Versa 4
2026-05-11T06:49:58Z,80.0,Versa 4
2026-05-11T06:50:00Z,81.0,Versa 4
2026-05-11T06:50:02Z,83.0,Versa 4
2026-05-11T06:50:03Z,85.0,Versa 4
2026-05-11T06:50:05Z,87.0,Versa 4
2026-05-11T06:50:07Z,85.0,Versa 4
2026-05-11T06:50:10Z,85.0,Versa 4
2026-05-11T06:50:11Z,87.0,Versa 4
2026-05-11T06:50:13Z,92.0,Versa 4
2026-05-11T06:50:15Z,97.0,Versa 4
2026-05-11T06:50:17Z,96.0,Versa 4
2026-05-11T06:50:19Z,97.0,Versa 4
2026-05-11T06:50:22Z,97.0,Versa 4
2026-05-11T06:50:23Z,99.0,Versa 4
2026-05-11T06:50:25Z,97.0,Versa 4
2026-05-11T06:50:28Z,99.0,Versa 4
2026-05-11T06:50:30Z,96.0,Versa 4
2026-05-11T06:50:32Z,93.0,Versa 4
2026-05-11T06:50:34Z,94.0,Versa 4
2026-05-11T06:50:36Z,96.0,Versa 4
2026-05-11T06:50:38Z,91.0,Versa 4
2026-05-11T06:50:40Z,89.0,Versa 4
2026-05-11T06:50:43Z,89.0,Versa 4
2026-05-11T06:50:44Z,86.0,Versa 4
2026-05-11T06:50:46Z,84.0,Versa 4
2026-05-11T06:50:48Z,83.0,Versa 4
2026-05-11T06:50:50Z,84.0,Versa 4
2026-05-11T06:50:53Z,83.0,Versa 4
2026-05-11T06:50:55Z,82.0,Versa 4
2026-05-11T06:50:57Z,81.0,Versa 4
2026-05-11T06:50:59Z,82.0,Versa 4
2026-05-11T06:51:01Z,83.0,Versa 4
2026-05-11T06:51:03Z,84.0,Versa 4
2026-05-11T06:51:05Z,86.0,Versa 4
2026-05-11T06:51:07Z,85.0,Versa 4
2026-05-11T06:51:09Z,83.0,Versa 4
2026-05-11T06:51:11Z,82.0,Versa 4
2026-05-11T06:51:14Z,82.0,Versa 4
2026-05-11T06:51:17Z,82.0,Versa 4
2026-05-11T06:51:20Z,83.0,Versa 4
2026-05-11T06:51:22Z,84.0,Versa 4
2026-05-11T06:51:24Z,86.0,Versa 4
2026-05-11T06:51:26Z,85.0,Versa 4
2026-05-11T06:51:29Z,85.0,Versa 4
2026-05-11T06:51:30Z,84.0,Versa 4
2026-05-11T06:51:33Z,84.0,Versa 4
2026-05-11T06:51:34Z,83.0,Versa 4
2026-05-11T06:51:36Z,84.0,Versa 4
2026-05-11T06:51:39Z,84.0,Versa 4
2026-05-11T06:51:42Z,84.0,Versa 4
2026-05-11T06:51:43Z,86.0,Versa 4
2026-05-11T06:51:46Z,86.0,Versa 4
2026-05-11T06:51:49Z,85.0,Versa 4
2026-05-11T06:51:51Z,84.0,Versa 4
2026-05-11T06:51:54Z,84.0,Versa 4
2026-05-11T06:51:57Z,85.0,Versa 4
2026-05-11T06:51:59Z,87.0,Versa 4
2026-05-11T06:52:01Z,86.0,Versa 4
2026-05-11T06:52:03Z,84.0,Versa 4
2026-05-11T06:52:04Z,83.0,Versa 4
2026-05-11T06:52:06Z,84.0,Versa 4
2026-05-11T06:52:08Z,84.0,Versa 4
2026-05-11T06:52:10Z,83.0,Versa 4
2026-05-11T06:52:12Z,84.0,Versa 4
2026-05-11T06:52:14Z,82.0,Versa 4
2026-05-11T06:52:16Z,83.0,Versa 4
2026-05-11T06:52:18Z,82.0,Versa 4
2026-05-11T06:52:20Z,81.0,Versa 4
2026-05-11T06:52:23Z,81.0,Versa 4
2026-05-11T06:52:26Z,81.0,Versa 4
2026-05-11T06:52:27Z,82.0,Versa 4
2026-05-11T06:52:29Z,83.0,Versa 4
2026-05-11T06:52:31Z,84.0,Versa 4
2026-05-11T06:52:33Z,85.0,Versa 4
2026-05-11T06:52:35Z,86.0,Versa 4
2026-05-11T06:52:37Z,84.0,Versa 4
2026-05-11T06:52:39Z,85.0,Versa 4
2026-05-11T06:52:41Z,84.0,Versa 4
2026-05-11T06:52:44Z,84.0,Versa 4
2026-05-11T06:52:45Z,83.0,Versa 4
2026-05-11T06:52:48Z,83.0,Versa 4
2026-05-11T06:52:49Z,82.0,Versa 4
2026-05-11T06:52:52Z,82.0,Versa 4
2026-05-11T06:52:54Z,80.0,Versa 4
2026-05-11T06:52:56Z,81.0,Versa 4
2026-05-11T06:52:58Z,80.0,Versa 4
2026-05-11T06:53:00Z,81.0,Versa 4
2026-05-11T06:53:02Z,83.0,Versa 4
2026-05-11T06:53:04Z,86.0,Versa 4
2026-05-11T06:53:06Z,85.0,Versa 4
2026-05-11T06:53:08Z,81.0,Versa 4
2026-05-11T06:53:10Z,79.0,Versa 4
2026-05-11T06:53:13Z,79.0,Versa 4
2026-05-11T06:53:14Z,80.0,Versa 4
2026-05-11T06:53:17Z,81.0,Versa 4
2026-05-11T06:53:19Z,80.0,Versa 4
2026-05-11T06:53:21Z,81.0,Versa 4
2026-05-11T06:53:23Z,80.0,Versa 4
2026-05-11T06:53:26Z,80.0,Versa 4
2026-05-11T06:53:27Z,81.0,Versa 4
2026-05-11T06:53:30Z,81.0,Versa 4
2026-05-11T06:53:33Z,81.0,Versa 4
2026-05-11T06:53:36Z,81.0,Versa 4
2026-05-11T06:53:37Z,82.0,Versa 4
2026-05-11T06:53:39Z,85.0,Versa 4
2026-05-11T06:53:42Z,84.0,Versa 4
2026-05-11T06:53:44Z,85.0,Versa 4
2026-05-11T06:53:47Z,85.0,Versa 4
2026-05-11T06:53:50Z,85.0,Versa 4
2026-05-11T06:53:52Z,83.0,Versa 4
2026-05-11T06:53:55Z,83.0,Versa 4
2026-05-11T06:53:58Z,81.0,Versa 4
2026-05-11T06:54:00Z,80.0,Versa 4
2026-05-11T06:54:02Z,81.0,Versa 4
2026-05-11T06:54:03Z,79.0,Versa 4
2026-05-11T06:54:05Z,80.0,Versa 4
2026-05-11T06:54:07Z,82.0,Versa 4
2026-05-11T06:54:09Z,81.0,Versa 4
2026-05-11T06:54:11Z,82.0,Versa 4
2026-05-11T06:54:13Z,84.0,Versa 4
2026-05-11T06:54:15Z,82.0,Versa 4
2026-05-11T06:54:17Z,79.0,Versa 4
2026-05-11T06:54:19Z,78.0,Versa 4
2026-05-11T06:54:21Z,77.0,Versa 4
2026-05-11T06:54:23Z,78.0,Versa 4
2026-05-11T06:54:25Z,80.0,Versa 4
2026-05-11T06:54:27Z,82.0,Versa 4
2026-05-11T06:54:28Z,83.0,Versa 4
2026-05-11T06:54:31Z,83.0,Versa 4
2026-05-11T06:54:32Z,86.0,Versa 4
2026-05-11T06:54:34Z,85.0,Versa 4
2026-05-11T06:54:36Z,84.0,Versa 4
2026-05-11T06:54:38Z,85.0,Versa 4
2026-05-11T06:54:40Z,84.0,Versa 4
2026-05-11T06:54:42Z,83.0,Versa 4
2026-05-11T06:54:44Z,82.0,Versa 4
2026-05-11T06:54:47Z,82.0,Versa 4
2026-05-11T06:54:48Z,83.0,Versa 4
2026-05-11T06:54:51Z,84.0,Versa 4
2026-05-11T06:54:53Z,83.0,Versa 4
2026-05-11T06:54:55Z,82.0,Versa 4
2026-05-11T06:54:58Z,82.0,Versa 4
2026-05-11T06:54:59Z,84.0,Versa 4
2026-05-11T06:55:01Z,89.0,Versa 4
2026-05-11T06:55:03Z,90.0,Versa 4
2026-05-11T06:55:05Z,89.0,Versa 4
2026-05-11T06:55:07Z,88.0,Versa 4
2026-05-11T06:55:10Z,88.0,Versa 4
2026-05-11T06:55:11Z,87.0,Versa 4
2026-05-11T06:55:14Z,87.0,Versa 4
2026-05-11T06:55:15Z,85.0,Versa 4
2026-05-11T06:55:18Z,85.0,Versa 4
2026-05-11T06:55:20Z,86.0,Versa 4
2026-05-11T06:55:22Z,87.0,Versa 4
2026-05-11T06:55:25Z,87.0,Versa 4
2026-05-11T06:55:26Z,88.0,Versa 4
2026-05-11T06:55:28Z,87.0,Versa 4
2026-05-11T06:55:31Z,87.0,Versa 4
2026-05-11T06:55:32Z,86.0,Versa 4
2026-05-11T06:55:34Z,87.0,Versa 4
2026-05-11T06:55:36Z,86.0,Versa 4
2026-05-11T06:55:38Z,85.0,Versa 4
2026-05-11T06:55:39Z,84.0,Versa 4
2026-05-11T06:55:41Z,85.0,Versa 4
2026-05-11T06:55:44Z,85.0,Versa 4
2026-05-11T06:55:47Z,84.0,Versa 4
2026-05-11T06:55:49Z,85.0,Versa 4
2026-05-11T06:55:51Z,84.0,Versa 4
2026-05-11T06:55:53Z,85.0,Versa 4
2026-05-11T06:55:55Z,84.0,Versa 4
2026-05-11T06:55:58Z,84.0,Versa 4
2026-05-11T06:56:01Z,83.0,Versa 4
2026-05-11T06:56:04Z,82.0,Versa 4
2026-05-11T06:56:07Z,82.0,Versa 4
2026-05-11T06:56:10Z,81.0,Versa 4
2026-05-11T06:56:13Z,81.0,Versa 4
2026-05-11T06:56:14Z,84.0,Versa 4
2026-05-11T06:56:17Z,84.0,Versa 4
2026-05-11T06:56:18Z,85.0,Versa 4
2026-05-11T06:56:20Z,83.0,Versa 4
2026-05-11T06:56:22Z,82.0,Versa 4
2026-05-11T06:56:25Z,82.0,Versa 4
2026-05-11T06:56:26Z,81.0,Versa 4
2026-05-11T06:56:27Z,82.0,Versa 4
2026-05-11T06:56:30Z,82.0,Versa 4
2026-05-11T06:56:33Z,84.0,Versa 4
2026-05-11T06:56:35Z,86.0,Versa 4
2026-05-11T06:56:37Z,87.0,Versa 4
2026-05-11T06:56:39Z,89.0,Versa 4
2026-05-11T06:56:41Z,88.0,Versa 4
2026-05-11T06:56:43Z,87.0,Versa 4
2026-05-11T06:56:45Z,88.0,Versa 4
2026-05-11T06:56:48Z,88.0,Versa 4
2026-05-11T06:56:49Z,89.0,Versa 4
2026-05-11T06:56:51Z,90.0,Versa 4
2026-05-11T06:56:52Z,91.0,Versa 4
2026-05-11T06:56:54Z,89.0,Versa 4
2026-05-11T06:56:56Z,88.0,Versa 4
2026-05-11T06:56:58Z,91.0,Versa 4
2026-05-11T06:57:00Z,88.0,Versa 4
2026-05-11T06:57:02Z,89.0,Versa 4
2026-05-11T06:57:04Z,88.0,Versa 4
2026-05-11T06:57:07Z,88.0,Versa 4
2026-05-11T06:57:08Z,89.0,Versa 4
2026-05-11T06:57:11Z,89.0,Versa 4
2026-05-11T06:57:12Z,87.0,Versa 4
2026-05-11T06:57:15Z,87.0,Versa 4
2026-05-11T06:57:18Z,87.0,Versa 4
2026-05-11T06:57:19Z,86.0,Versa 4
2026-05-11T06:57:22Z,86.0,Versa 4
2026-05-11T06:57:23Z,85.0,Versa 4
2026-05-11T06:57:25Z,86.0,Versa 4
2026-05-11T06:57:27Z,87.0,Versa 4
2026-05-11T06:57:30Z,87.0,Versa 4
2026-05-11T06:57:31Z,88.0,Versa 4
2026-05-11T06:57:33Z,87.0,Versa 4
2026-05-11T06:57:35Z,86.0,Versa 4
2026-05-11T06:57:38Z,86.0,Versa 4
2026-05-11T06:57:39Z,85.0,Versa 4
2026-05-11T06:57:42Z,85.0,Versa 4
2026-05-11T06:57:45Z,85.0,Versa 4
2026-05-11T06:57:48Z,86.0,Versa 4
2026-05-11T06:57:50Z,84.0,Versa 4
2026-05-11T06:57:52Z,82.0,Versa 4
2026-05-11T06:57:54Z,83.0,Versa 4
2026-05-11T06:57:56Z,84.0,Versa 4
2026-05-11T06:57:58Z,85.0,Versa 4
2026-05-11T06:58:00Z,86.0,Versa 4
2026-05-11T06:58:03Z,86.0,Versa 4
2026-05-11T06:58:06Z,86.0,Versa 4
2026-05-11T06:58:07Z,87.0,Versa 4
2026-05-11T06:58:09Z,88.0,Versa 4
2026-05-11T06:58:11Z,89.0,Versa 4
2026-05-11T06:58:13Z,88.0,Versa 4
2026-05-11T06:58:16Z,88.0,Versa 4
2026-05-11T06:58:19Z,89.0,Versa 4
2026-05-11T06:58:22Z,89.0,Versa 4
2026-05-11T06:58:23Z,88.0,Versa 4
2026-05-11T06:58:25Z,89.0,Versa 4
2026-05-11T06:58:27Z,91.0,Versa 4
2026-05-11T06:58:28Z,90.0,Versa 4
2026-05-11T06:58:30Z,89.0,Versa 4
2026-05-11T06:58:33Z,89.0,Versa 4
2026-05-11T06:58:34Z,90.0,Versa 4
2026-05-11T06:58:37Z,90.0,Versa 4
2026-05-11T06:58:38Z,88.0,Versa 4
2026-05-11T06:58:40Z,86.0,Versa 4
2026-05-11T06:58:42Z,88.0,Versa 4
2026-05-11T06:58:44Z,86.0,Versa 4
2026-05-11T06:58:46Z,85.0,Versa 4
2026-05-11T06:58:48Z,86.0,Versa 4
2026-05-11T06:58:50Z,87.0,Versa 4
2026-05-11T06:58:51Z,85.0,Versa 4
2026-05-11T06:58:53Z,88.0,Versa 4
2026-05-11T06:58:55Z,88.0,Versa 4
2026-05-11T06:58:57Z,85.0,Versa 4
2026-05-11T06:58:59Z,85.0,Versa 4
2026-05-11T06:59:01Z,82.0,Versa 4
2026-05-11T06:59:04Z,82.0,Versa 4
2026-05-11T06:59:05Z,84.0,Versa 4
2026-05-11T06:59:07Z,86.0,Versa 4
2026-05-11T06:59:09Z,82.0,Versa 4
2026-05-11T06:59:11Z,84.0,Versa 4
2026-05-11T06:59:13Z,83.0,Versa 4
2026-05-11T06:59:16Z,84.0,Versa 4
2026-05-11T06:59:18Z,88.0,Versa 4
2026-05-11T06:59:20Z,89.0,Versa 4
2026-05-11T06:59:22Z,90.0,Versa 4
2026-05-11T06:59:25Z,90.0,Versa 4
2026-05-11T06:59:26Z,89.0,Versa 4
2026-05-11T06:59:29Z,89.0,Versa 4
2026-05-11T06:59:30Z,90.0,Versa 4
2026-05-11T06:59:33Z,90.0,Versa 4
2026-05-11T06:59:36Z,90.0,Versa 4
2026-05-11T06:59:39Z,90.0,Versa 4
2026-05-11T06:59:42Z,90.0,Versa 4
2026-05-11T06:59:43Z,89.0,Versa 4
2026-05-11T06:59:45Z,91.0,Versa 4
2026-05-11T06:59:47Z,87.0,Versa 4
2026-05-11T06:59:49Z,83.0,Versa 4
2026-05-11T06:59:51Z,81.0,Versa 4
2026-05-11T06:59:53Z,82.0,Versa 4
2026-05-11T06:59:55Z,83.0,Versa 4
2026-05-11T06:59:58Z,83.0,Versa 4
2026-05-11T06:59:59Z,86.0,Versa 4
2026-05-11T07:00:02Z,86.0,Versa 4
2026-05-11T07:00:03Z,85.0,Versa 4
2026-05-11T07:00:04Z,86.0,Versa 4
2026-05-11T07:00:06Z,91.0,Versa 4
2026-05-11T07:00:08Z,90.0,Versa 4
2026-05-11T07:00:10Z,88.0,Versa 4
2026-05-11T07:00:12Z,87.0,Versa 4
2026-05-11T07:00:15Z,87.0,Versa 4
2026-05-11T07:00:16Z,86.0,Versa 4
2026-05-11T07:00:18Z,83.0,Versa 4
2026-05-11T07:00:20Z,80.0,Versa 4
2026-05-11T07:00:22Z,78.0,Versa 4
2026-05-11T07:00:25Z,78.0,Versa 4
2026-05-11T07:00:26Z,79.0,Versa 4
2026-05-11T07:00:27Z,80.0,Versa 4
2026-05-11T07:00:29Z,81.0,Versa 4
2026-05-11T07:00:32Z,81.0,Versa 4
2026-05-11T07:00:33Z,82.0,Versa 4
2026-05-11T07:00:36Z,82.0,Versa 4
2026-05-11T07:00:37Z,81.0,Versa 4
2026-05-11T07:00:39Z,80.0,Versa 4
2026-05-11T07:00:41Z,85.0,Versa 4
2026-05-11T07:00:43Z,88.0,Versa 4
2026-05-11T07:00:45Z,80.0,Versa 4
2026-05-11T07:00:47Z,77.0,Versa 4
2026-05-11T07:00:49Z,74.0,Versa 4
2026-05-11T07:00:52Z,75.0,Versa 4
2026-05-11T07:00:55Z,75.0,Versa 4
2026-05-11T07:00:56Z,76.0,Versa 4
2026-05-11T07:00:58Z,75.0,Versa 4
2026-05-11T07:01:00Z,74.0,Versa 4
2026-05-11T07:01:02Z,75.0,Versa 4
2026-05-11T07:01:05Z,75.0,Versa 4
2026-05-11T07:01:06Z,74.0,Versa 4
2026-05-11T07:01:09Z,74.0,Versa 4
2026-05-11T07:01:12Z,74.0,Versa 4
2026-05-11T07:01:15Z,74.0,Versa 4
2026-05-11T07:01:18Z,74.0,Versa 4
2026-05-11T07:01:21Z,74.0,Versa 4
2026-05-11T07:01:24Z,74.0,Versa 4
2026-05-11T07:01:25Z,75.0,Versa 4
2026-05-11T07:01:27Z,77.0,Versa 4
2026-05-11T07:01:30Z,77.0,Versa 4
2026-05-11T07:01:33Z,75.0,Versa 4
2026-05-11T07:01:35Z,74.0,Versa 4
2026-05-11T07:01:37Z,73.0,Versa 4
2026-05-11T07:01:39Z,73.0,Versa 4
2026-05-11T07:01:40Z,72.0,Versa 4
2026-05-11T07:01:42Z,76.0,Versa 4
2026-05-11T07:01:45Z,76.0,Versa 4
2026-05-11T07:01:48Z,75.0,Versa 4
2026-05-11T07:01:51Z,75.0,Versa 4
2026-05-11T07:01:54Z,75.0,Versa 4
2026-05-11T07:01:57Z,75.0,Versa 4
2026-05-11T07:01:58Z,75.0,Versa 4
2026-05-11T07:02:00Z,74.0,Versa 4
2026-05-11T07:02:02Z,75.0,Versa 4
2026-05-11T07:02:03Z,75.0,Versa 4
2026-05-11T07:02:06Z,75.0,Versa 4
2026-05-11T07:02:09Z,76.0,Versa 4
2026-05-11T07:02:11Z,75.0,Versa 4
2026-05-11T07:02:13Z,74.0,Versa 4
2026-05-11T07:02:15Z,73.0,Versa 4
2026-05-11T07:02:17Z,72.0,Versa 4
2026-05-11T07:02:20Z,72.0,Versa 4
2026-05-11T07:02:21Z,71.0,Versa 4
2026-05-11T07:02:23Z,70.0,Versa 4
2026-05-11T07:02:26Z,70.0,Versa 4
2026-05-11T07:02:29Z,70.0,Versa 4
2026-05-11T07:02:30Z,71.0,Versa 4
2026-05-11T07:02:32Z,73.0,Versa 4
2026-05-11T07:02:34Z,72.0,Versa 4
2026-05-11T07:02:36Z,72.0,Versa 4
2026-05-11T07:02:38Z,73.0,Versa 4
2026-05-11T07:02:41Z,73.0,Versa 4
2026-05-11T07:02:44Z,72.0,Versa 4
2026-05-11T07:02:47Z,72.0,Versa 4
2026-05-11T07:02:50Z,74.0,Versa 4
2026-05-11T07:02:53Z,73.0,Versa 4
2026-05-11T07:02:55Z,72.0,Versa 4
2026-05-11T07:02:57Z,72.0,Versa 4
2026-05-11T07:03:00Z,72.0,Versa 4
2026-05-11T07:03:01Z,72.0,Versa 4
2026-05-11T07:03:04Z,72.0,Versa 4
2026-05-11T07:03:07Z,72.0,Versa 4
2026-05-11T07:03:09Z,72.0,Versa 4
2026-05-11T07:03:12Z,72.0,Versa 4
2026-05-11T07:03:13Z,73.0,Versa 4
2026-05-11T07:03:15Z,74.0,Versa 4
2026-05-11T07:03:18Z,74.0,Versa 4
2026-05-11T07:03:21Z,74.0,Versa 4
2026-05-11T07:03:22Z,75.0,Versa 4
2026-05-11T07:03:24Z,76.0,Versa 4
2026-05-11T07:03:27Z,76.0,Versa 4
2026-05-11T07:03:30Z,75.0,Versa 4
2026-05-11T07:03:32Z,76.0,Versa 4
2026-05-11T07:03:35Z,76.0,Versa 4
2026-05-11T07:03:38Z,76.0,Versa 4
2026-05-11T07:03:39Z,75.0,Versa 4
2026-05-11T07:03:42Z,75.0,Versa 4
2026-05-11T07:03:43Z,76.0,Versa 4
2026-05-11T07:03:45Z,77.0,Versa 4
2026-05-11T07:03:47Z,79.0,Versa 4
2026-05-11T07:03:49Z,83.0,Versa 4
2026-05-11T07:03:51Z,89.0,Versa 4
2026-05-11T07:03:53Z,94.0,Versa 4
2026-05-11T07:03:55Z,91.0,Versa 4
2026-05-11T07:03:57Z,89.0,Versa 4
2026-05-11T07:03:59Z,87.0,Versa 4
2026-05-11T07:04:01Z,86.0,Versa 4
2026-05-11T07:04:03Z,85.0,Versa 4
2026-05-11T07:04:04Z,83.0,Versa 4
2026-05-11T07:04:06Z,81.0,Versa 4
2026-05-11T07:04:08Z,78.0,Versa 4
2026-05-11T07:04:11Z,77.0,Versa 4
2026-05-11T07:04:14Z,77.0,Versa 4
2026-05-11T07:04:15Z,76.0,Versa 4
2026-05-11T07:04:18Z,76.0,Versa 4
2026-05-11T07:04:19Z,77.0,Versa 4
2026-05-11T07:04:22Z,77.0,Versa 4
2026-05-11T07:04:25Z,78.0,Versa 4
2026-05-11T07:04:27Z,79.0,Versa 4
2026-05-11T07:04:28Z,81.0,Versa 4
2026-05-11T07:04:30Z,83.0,Versa 4
2026-05-11T07:04:32Z,82.0,Versa 4
2026-05-11T07:04:34Z,82.0,Versa 4
2026-05-11T07:04:36Z,84.0,Versa 4
2026-05-11T07:04:38Z,80.0,Versa 4
2026-05-11T07:04:40Z,79.0,Versa 4
2026-05-11T07:04:43Z,79.0,Versa 4
2026-05-11T07:04:44Z,77.0,Versa 4
2026-05-11T07:04:46Z,79.0,Versa 4
2026-05-11T07:04:49Z,79.0,Versa 4
2026-05-11T07:04:52Z,79.0,Versa 4
2026-05-11T07:04:53Z,78.0,Versa 4
2026-05-11T07:04:55Z,79.0,Versa 4
2026-05-11T07:04:57Z,80.0,Versa 4
2026-05-11T07:04:59Z,81.0,Versa 4
2026-05-11T07:05:01Z,82.0,Versa 4
2026-05-11T07:05:03Z,80.0,Versa 4
2026-05-11T07:05:05Z,79.0,Versa 4
2026-05-11T07:05:07Z,80.0,Versa 4
2026-05-11T07:05:09Z,81.0,Versa 4
2026-05-11T07:05:11Z,80.0,Versa 4
2026-05-11T07:05:13Z,79.0,Versa 4
2026-05-11T07:05:15Z,78.0,Versa 4
2026-05-11T07:05:16Z,76.0,Versa 4
2026-05-11T07:05:18Z,75.0,Versa 4
2026-05-11T07:05:21Z,75.0,Versa 4
2026-05-11T07:05:22Z,76.0,Versa 4
2026-05-11T07:05:25Z,76.0,Versa 4
2026-05-11T07:05:28Z,77.0,Versa 4
2026-05-11T07:05:30Z,80.0,Versa 4
2026-05-11T07:05:32Z,81.0,Versa 4
2026-05-11T07:05:34Z,81.0,Versa 4
2026-05-11T07:05:36Z,80.0,Versa 4
2026-05-11T07:05:38Z,78.0,Versa 4
2026-05-11T07:05:41Z,77.0,Versa 4
2026-05-11T07:05:43Z,76.0,Versa 4
2026-05-11T07:05:45Z,74.0,Versa 4
2026-05-11T07:05:47Z,72.0,Versa 4
2026-05-11T07:05:49Z,71.0,Versa 4
2026-05-11T07:05:51Z,73.0,Versa 4
2026-05-11T07:05:53Z,76.0,Versa 4
2026-05-11T07:05:56Z,76.0,Versa 4
2026-05-11T07:05:57Z,77.0,Versa 4
2026-05-11T07:05:59Z,79.0,Versa 4
2026-05-11T07:06:02Z,79.0,Versa 4
2026-05-11T07:06:03Z,78.0,Versa 4
2026-05-11T07:06:04Z,77.0,Versa 4
2026-05-11T07:06:06Z,76.0,Versa 4
2026-05-11T07:06:09Z,76.0,Versa 4
2026-05-11T07:06:10Z,78.0,Versa 4
2026-05-11T07:06:12Z,79.0,Versa 4
2026-05-11T07:06:15Z,79.0,Versa 4
2026-05-11T07:06:16Z,80.0,Versa 4
2026-05-11T07:06:18Z,79.0,Versa 4
2026-05-11T07:06:20Z,78.0,Versa 4
2026-05-11T07:06:22Z,79.0,Versa 4
2026-05-11T07:06:24Z,78.0,Versa 4
2026-05-11T07:06:27Z,78.0,Versa 4
2026-05-11T07:06:29Z,77.0,Versa 4
2026-05-11T07:06:31Z,81.0,Versa 4
2026-05-11T07:06:33Z,82.0,Versa 4
2026-05-11T07:06:35Z,83.0,Versa 4
2026-05-11T07:06:37Z,82.0,Versa 4
2026-05-11T07:06:40Z,82.0,Versa 4
2026-05-11T07:06:41Z,83.0,Versa 4
2026-05-11T07:06:43Z,80.0,Versa 4
2026-05-11T07:06:45Z,82.0,Versa 4
2026-05-11T07:06:47Z,81.0,Versa 4
2026-05-11T07:06:49Z,83.0,Versa 4
2026-05-11T07:06:51Z,84.0,Versa 4
2026-05-11T07:06:52Z,86.0,Versa 4
2026-05-11T07:06:54Z,85.0,Versa 4
2026-05-11T07:06:57Z,85.0,Versa 4
2026-05-11T07:07:00Z,83.0,Versa 4
2026-05-11T07:07:02Z,81.0,Versa 4
2026-05-11T07:07:05Z,81.0,Versa 4
2026-05-11T07:07:06Z,80.0,Versa 4
2026-05-11T07:07:09Z,80.0,Versa 4
2026-05-11T07:07:10Z,79.0,Versa 4
2026-05-11T07:07:12Z,77.0,Versa 4
2026-05-11T07:07:14Z,76.0,Versa 4
2026-05-11T07:07:15Z,74.0,Versa 4
2026-05-11T07:07:17Z,75.0,Versa 4
2026-05-11T07:07:20Z,75.0,Versa 4
2026-05-11T07:07:21Z,74.0,Versa 4
2026-05-11T07:07:23Z,73.0,Versa 4
2026-05-11T07:07:26Z,73.0,Versa 4
2026-05-11T07:07:27Z,74.0,Versa 4
2026-05-11T07:07:30Z,74.0,Versa 4
2026-05-11T07:07:31Z,73.0,Versa 4
2026-05-11T07:07:33Z,72.0,Versa 4
2026-05-11T07:07:36Z,72.0,Versa 4
2026-05-11T07:07:39Z,73.0,Versa 4
2026-05-11T07:07:40Z,74.0,Versa 4
2026-05-11T07:07:42Z,73.0,Versa 4
2026-05-11T07:07:44Z,72.0,Versa 4
2026-05-11T07:07:47Z,72.0,Versa 4
2026-05-11T07:07:48Z,70.0,Versa 4
2026-05-11T07:07:51Z,70.0,Versa 4
2026-05-11T07:07:52Z,71.0,Versa 4
2026-05-11T07:07:55Z,71.0,Versa 4
2026-05-11T07:07:58Z,72.0,Versa 4
2026-05-11T07:08:00Z,72.0,Versa 4
2026-05-11T07:08:02Z,73.0,Versa 4
2026-05-11T07:08:03Z,75.0,Versa 4
2026-05-11T07:08:06Z,75.0,Versa 4
2026-05-11T07:08:07Z,81.0,Versa 4
2026-05-11T07:08:09Z,86.0,Versa 4
2026-05-11T07:08:11Z,88.0,Versa 4
2026-05-11T07:08:13Z,91.0,Versa 4
2026-05-11T07:08:15Z,89.0,Versa 4
2026-05-11T07:08:17Z,86.0,Versa 4
2026-05-11T07:08:19Z,87.0,Versa 4
2026-05-11T07:08:21Z,84.0,Versa 4
2026-05-11T07:08:23Z,82.0,Versa 4
2026-05-11T07:08:25Z,81.0,Versa 4
2026-05-11T07:08:27Z,80.0,Versa 4
2026-05-11T07:08:28Z,78.0,Versa 4
2026-05-11T07:08:31Z,78.0,Versa 4
2026-05-11T07:08:32Z,79.0,Versa 4
2026-05-11T07:08:34Z,77.0,Versa 4
2026-05-11T07:08:36Z,78.0,Versa 4
2026-05-11T07:08:38Z,84.0,Versa 4
2026-05-11T07:08:40Z,83.0,Versa 4
2026-05-11T07:08:43Z,83.0,Versa 4
2026-05-11T07:08:46Z,84.0,Versa 4
2026-05-11T07:08:49Z,84.0,Versa 4
2026-05-11T07:08:50Z,83.0,Versa 4
2026-05-11T07:08:51Z,82.0,Versa 4
2026-05-11T07:08:53Z,81.0,Versa 4
2026-05-11T07:08:55Z,84.0,Versa 4
2026-05-11T07:08:57Z,82.0,Versa 4
2026-05-11T07:08:59Z,84.0,Versa 4
2026-05-11T07:09:02Z,84.0,Versa 4
2026-05-11T07:09:03Z,83.0,Versa 4
2026-05-11T07:09:05Z,83.0,Versa 4
2026-05-11T07:09:07Z,84.0,Versa 4
2026-05-11T07:09:09Z,88.0,Versa 4
2026-05-11T07:09:11Z,86.0,Versa 4
2026-05-11T07:09:13Z,86.0,Versa 4
2026-05-11T07:09:15Z,84.0,Versa 4
2026-05-11T07:09:16Z,82.0,Versa 4
2026-05-11T07:09:18Z,79.0,Versa 4
2026-05-11T07:09:20Z,77.0,Versa 4
2026-05-11T07:09:22Z,79.0,Versa 4
2026-05-11T07:09:24Z,77.0,Versa 4
2026-05-11T07:09:26Z,76.0,Versa 4
2026-05-11T07:09:28Z,77.0,Versa 4
2026-05-11T07:09:31Z,77.0,Versa 4
2026-05-11T07:09:32Z,79.0,Versa 4
2026-05-11T07:09:35Z,79.0,Versa 4
2026-05-11T07:09:38Z,76.0,Versa 4
2026-05-11T07:09:39Z,78.0,Versa 4
2026-05-11T07:09:42Z,78.0,Versa 4
2026-05-11T07:09:43Z,77.0,Versa 4
2026-05-11T07:09:46Z,77.0,Versa 4
2026-05-11T07:09:49Z,77.0,Versa 4
2026-05-11T07:09:51Z,76.0,Versa 4
2026-05-11T07:09:54Z,76.0,Versa 4
2026-05-11T07:09:55Z,75.0,Versa 4
2026-05-11T07:09:58Z,75.0,Versa 4
2026-05-11T07:09:59Z,74.0,Versa 4
2026-05-11T07:10:01Z,72.0,Versa 4
2026-05-11T07:10:03Z,74.0,Versa 4
2026-05-11T07:10:04Z,76.0,Versa 4
2026-05-11T07:10:07Z,76.0,Versa 4
2026-05-11T07:10:08Z,78.0,Versa 4
2026-05-11T07:10:11Z,78.0,Versa 4
2026-05-11T07:10:12Z,77.0,Versa 4
2026-05-11T07:10:15Z,77.0,Versa 4
2026-05-11T07:10:16Z,76.0,Versa 4
2026-05-11T07:10:18Z,75.0,Versa 4
2026-05-11T07:10:20Z,76.0,Versa 4
2026-05-11T07:10:22Z,77.0,Versa 4
2026-05-11T07:10:24Z,79.0,Versa 4
2026-05-11T07:10:27Z,78.0,Versa 4
2026-05-11T07:10:30Z,78.0,Versa 4
2026-05-11T07:10:33Z,79.0,Versa 4
2026-05-11T07:10:35Z,78.0,Versa 4
2026-05-11T07:10:38Z,78.0,Versa 4
2026-05-11T07:10:39Z,77.0,Versa 4
2026-05-11T07:10:41Z,76.0,Versa 4
2026-05-11T07:10:43Z,77.0,Versa 4
2026-05-11T07:10:46Z,77.0,Versa 4
2026-05-11T07:10:47Z,76.0,Versa 4
2026-05-11T07:10:49Z,74.0,Versa 4
2026-05-11T07:10:52Z,75.0,Versa 4
2026-05-11T07:10:55Z,75.0,Versa 4
2026-05-11T07:10:58Z,76.0,Versa 4
2026-05-11T07:11:01Z,76.0,Versa 4
2026-05-11T07:11:02Z,78.0,Versa 4
2026-05-11T07:11:05Z,78.0,Versa 4
2026-05-11T07:11:06Z,76.0,Versa 4
2026-05-11T07:11:08Z,76.0,Versa 4
2026-05-11T07:11:11Z,76.0,Versa 4
2026-05-11T07:11:12Z,75.0,Versa 4
2026-05-11T07:11:14Z,76.0,Versa 4
2026-05-11T07:11:17Z,78.0,Versa 4
2026-05-11T07:11:20Z,78.0,Versa 4
2026-05-11T07:11:21Z,80.0,Versa 4
2026-05-11T07:11:24Z,80.0,Versa 4
2026-05-11T07:11:25Z,79.0,Versa 4
2026-05-11T07:11:27Z,80.0,Versa 4
2026-05-11T07:11:29Z,79.0,Versa 4
2026-05-11T07:11:32Z,79.0,Versa 4
2026-05-11T07:11:33Z,81.0,Versa 4
2026-05-11T07:11:36Z,81.0,Versa 4
2026-05-11T07:11:39Z,83.0,Versa 4
2026-05-11T07:11:40Z,86.0,Versa 4
2026-05-11T07:11:42Z,84.0,Versa 4
2026-05-11T07:11:44Z,83.0,Versa 4
2026-05-11T07:11:46Z,84.0,Versa 4
2026-05-11T07:11:48Z,83.0,Versa 4
2026-05-11T07:11:51Z,83.0,Versa 4
2026-05-11T07:11:52Z,82.0,Versa 4
2026-05-11T07:11:54Z,81.0,Versa 4
2026-05-11T07:11:56Z,82.0,Versa 4
2026-05-11T07:11:58Z,81.0,Versa 4
2026-05-11T07:12:01Z,81.0,Versa 4
2026-05-11T07:12:02Z,83.0,Versa 4
2026-05-11T07:12:03Z,85.0,Versa 4
2026-05-11T07:12:05Z,83.0,Versa 4
2026-05-11T07:12:07Z,84.0,Versa 4
2026-05-11T07:12:09Z,85.0,Versa 4
2026-05-11T07:12:11Z,83.0,Versa 4
2026-05-11T07:12:14Z,83.0,Versa 4
2026-05-11T07:12:15Z,86.0,Versa 4
2026-05-11T07:12:17Z,83.0,Versa 4
2026-05-11T07:12:20Z,83.0,Versa 4
2026-05-11T07:12:21Z,84.0,Versa 4
2026-05-11T07:12:23Z,82.0,Versa 4
2026-05-11T07:12:25Z,83.0,Versa 4
2026-05-11T07:12:27Z,82.0,Versa 4
2026-05-11T07:12:28Z,80.0,Versa 4
2026-05-11T07:12:30Z,79.0,Versa 4
2026-05-11T07:12:33Z,79.0,Versa 4
2026-05-11T07:12:34Z,78.0,Versa 4
2026-05-11T07:12:36Z,79.0,Versa 4
2026-05-11T07:12:38Z,80.0,Versa 4
2026-05-11T07:12:41Z,80.0,Versa 4
2026-05-11T07:12:44Z,79.0,Versa 4
2026-05-11T07:12:46Z,78.0,Versa 4
2026-05-11T07:12:48Z,80.0,Versa 4
2026-05-11T07:12:50Z,81.0,Versa 4
2026-05-11T07:12:51Z,80.0,Versa 4
2026-05-11T07:12:53Z,79.0,Versa 4
2026-05-11T07:12:56Z,79.0,Versa 4
2026-05-11T07:12:57Z,79.0,Versa 4
2026-05-11T07:13:00Z,79.0,Versa 4
2026-05-11T07:13:01Z,81.0,Versa 4
2026-05-11T07:13:04Z,81.0,Versa 4
2026-05-11T07:13:05Z,82.0,Versa 4
2026-05-11T07:13:07Z,83.0,Versa 4
2026-05-11T07:13:10Z,83.0,Versa 4
2026-05-11T07:13:13Z,83.0,Versa 4
2026-05-11T07:13:15Z,84.0,Versa 4
2026-05-11T07:13:16Z,83.0,Versa 4
2026-05-11T07:13:19Z,83.0,Versa 4
2026-05-11T07:13:20Z,82.0,Versa 4
2026-05-11T07:13:22Z,81.0,Versa 4
2026-05-11T07:13:24Z,82.0,Versa 4
2026-05-11T07:13:26Z,81.0,Versa 4
2026-05-11T07:13:28Z,80.0,Versa 4
2026-05-11T07:13:30Z,81.0,Versa 4
2026-05-11T07:13:32Z,80.0,Versa 4
2026-05-11T07:13:34Z,81.0,Versa 4
2026-05-11T07:13:36Z,82.0,Versa 4
2026-05-11T07:13:39Z,83.0,Versa 4
2026-05-11T07:13:41Z,82.0,Versa 4
2026-05-11T07:13:44Z,82.0,Versa 4
2026-05-11T07:13:45Z,83.0,Versa 4
2026-05-11T07:13:47Z,84.0,Versa 4
2026-05-11T07:13:50Z,84.0,Versa 4
2026-05-11T07:13:51Z,85.0,Versa 4
2026-05-11T07:13:53Z,85.0,Versa 4
2026-05-11T07:13:56Z,85.0,Versa 4
2026-05-11T07:13:57Z,86.0,Versa 4
2026-05-11T07:14:00Z,86.0,Versa 4
2026-05-11T07:14:03Z,85.0,Versa 4
2026-05-11T07:14:06Z,84.0,Versa 4
2026-05-11T07:14:08Z,85.0,Versa 4
2026-05-11T07:14:11Z,85.0,Versa 4
2026-05-11T07:14:12Z,84.0,Versa 4
2026-05-11T07:14:14Z,85.0,Versa 4
2026-05-11T07:14:17Z,85.0,Versa 4
2026-05-11T07:14:20Z,85.0,Versa 4
2026-05-11T07:14:22Z,86.0,Versa 4
2026-05-11T07:14:24Z,85.0,Versa 4
2026-05-11T07:14:26Z,86.0,Versa 4
2026-05-11T07:14:27Z,85.0,Versa 4
2026-05-11T07:14:29Z,84.0,Versa 4
2026-05-11T07:14:32Z,84.0,Versa 4
2026-05-11T07:14:35Z,82.0,Versa 4
2026-05-11T07:14:38Z,82.0,Versa 4
2026-05-11T07:14:41Z,80.0,Versa 4
2026-05-11T07:14:43Z,79.0,Versa 4
2026-05-11T07:14:45Z,76.0,Versa 4
2026-05-11T07:14:47Z,73.0,Versa 4
2026-05-11T07:14:49Z,71.0,Versa 4
2026-05-11T07:14:51Z,72.0,Versa 4
2026-05-11T07:14:52Z,71.0,Versa 4
2026-05-11T07:14:54Z,70.0,Versa 4
2026-05-11T07:14:56Z,70.0,Versa 4
2026-05-11T07:14:58Z,71.0,Versa 4
2026-05-11T07:15:01Z,71.0,Versa 4
2026-05-11T07:15:04Z,71.0,Versa 4
2026-05-11T07:15:07Z,71.0,Versa 4
2026-05-11T07:15:08Z,70.0,Versa 4
2026-05-11T07:15:11Z,70.0,Versa 4
2026-05-11T07:15:12Z,71.0,Versa 4
2026-05-11T07:15:14Z,72.0,Versa 4
2026-05-11T07:15:17Z,74.0,Versa 4
2026-05-11T07:15:19Z,75.0,Versa 4
2026-05-11T07:15:21Z,74.0,Versa 4
2026-05-11T07:15:23Z,73.0,Versa 4
2026-05-11T07:15:25Z,74.0,Versa 4
2026-05-11T07:15:27Z,72.0,Versa 4
2026-05-11T07:15:30Z,72.0,Versa 4
2026-05-11T07:15:31Z,73.0,Versa 4
2026-05-11T07:15:34Z,73.0,Versa 4
2026-05-11T07:15:37Z,74.0,Versa 4
2026-05-11T07:15:40Z,75.0,Versa 4
2026-05-11T07:15:42Z,76.0,Versa 4
2026-05-11T07:15:45Z,76.0,Versa 4
2026-05-11T07:15:48Z,76.0,Versa 4
2026-05-11T07:15:50Z,77.0,Versa 4
2026-05-11T07:15:52Z,79.0,Versa 4
2026-05-11T07:15:54Z,81.0,Versa 4
2026-05-11T07:15:56Z,81.0,Versa 4
2026-05-11T07:15:59Z,81.0,Versa 4
2026-05-11T07:16:00Z,79.0,Versa 4
2026-05-11T07:16:03Z,80.0,Versa 4
2026-05-11T07:16:06Z,80.0,Versa 4
2026-05-11T07:16:09Z,80.0,Versa 4
2026-05-11T07:16:11Z,82.0,Versa 4
2026-05-11T07:16:13Z,83.0,Versa 4
2026-05-11T07:16:15Z,84.0,Versa 4
2026-05-11T07:16:18Z,84.0,Versa 4
2026-05-11T07:16:19Z,82.0,Versa 4
2026-05-11T07:16:22Z,82.0,Versa 4
2026-05-11T07:16:23Z,81.0,Versa 4
2026-05-11T07:16:25Z,78.0,Versa 4
2026-05-11T07:16:27Z,76.0,Versa 4
2026-05-11T07:16:28Z,75.0,Versa 4
2026-05-11T07:16:30Z,74.0,Versa 4
2026-05-11T07:16:32Z,75.0,Versa 4
2026-05-11T07:16:34Z,76.0,Versa 4
2026-05-11T07:16:37Z,76.0,Versa 4
2026-05-11T07:16:38Z,78.0,Versa 4
2026-05-11T07:16:40Z,80.0,Versa 4
2026-05-11T07:16:42Z,81.0,Versa 4
2026-05-11T07:16:45Z,81.0,Versa 4
2026-05-11T07:16:48Z,78.0,Versa 4
2026-05-11T07:16:50Z,76.0,Versa 4
2026-05-11T07:16:53Z,74.0,Versa 4
2026-05-11T07:16:55Z,73.0,Versa 4
2026-05-11T07:16:57Z,72.0,Versa 4
2026-05-11T07:16:59Z,73.0,Versa 4
2026-05-11T07:17:02Z,73.0,Versa 4
2026-05-11T07:17:03Z,74.0,Versa 4
2026-05-11T07:17:06Z,74.0,Versa 4
2026-05-11T07:17:09Z,76.0,Versa 4
2026-05-11T07:17:11Z,78.0,Versa 4
2026-05-11T07:17:13Z,80.0,Versa 4
2026-05-11T07:17:16Z,79.0,Versa 4
2026-05-11T07:17:18Z,78.0,Versa 4
2026-05-11T07:17:20Z,79.0,Versa 4
2026-05-11T07:17:22Z,78.0,Versa 4
2026-05-11T07:17:24Z,80.0,Versa 4
2026-05-11T07:17:26Z,81.0,Versa 4
2026-05-11T07:17:28Z,82.0,Versa 4
2026-05-11T07:17:30Z,83.0,Versa 4
2026-05-11T07:17:33Z,83.0,Versa 4
2026-05-11T07:17:34Z,82.0,Versa 4
2026-05-11T07:17:37Z,82.0,Versa 4
2026-05-11T07:17:38Z,80.0,Versa 4
2026-05-11T07:17:39Z,80.0,Versa 4
2026-05-11T07:17:41Z,81.0,Versa 4
2026-05-11T07:17:43Z,84.0,Versa 4
2026-05-11T07:17:45Z,86.0,Versa 4
2026-05-11T07:17:47Z,85.0,Versa 4
2026-05-11T07:17:49Z,83.0,Versa 4
2026-05-11T07:17:51Z,82.0,Versa 4
2026-05-11T07:17:53Z,83.0,Versa 4
2026-05-11T07:17:55Z,82.0,Versa 4
2026-05-11T07:17:57Z,83.0,Versa 4
2026-05-11T07:18:00Z,83.0,Versa 4
2026-05-11T07:18:03Z,84.0,Versa 4
2026-05-11T07:18:04Z,83.0,Versa 4
2026-05-11T07:18:06Z,82.0,Versa 4
2026-05-11T07:18:08Z,80.0,Versa 4
2026-05-11T07:18:11Z,80.0,Versa 4
2026-05-11T07:18:14Z,80.0,Versa 4
2026-05-11T07:18:16Z,82.0,Versa 4
2026-05-11T07:18:19Z,82.0,Versa 4
2026-05-11T07:18:20Z,83.0,Versa 4
2026-05-11T07:18:23Z,83.0,Versa 4
2026-05-11T07:18:24Z,88.0,Versa 4
2026-05-11T07:18:26Z,90.0,Versa 4
2026-05-11T07:18:27Z,93.0,Versa 4
2026-05-11T07:18:30Z,93.0,Versa 4
2026-05-11T07:18:31Z,88.0,Versa 4
2026-05-11T07:18:33Z,82.0,Versa 4
2026-05-11T07:18:35Z,78.0,Versa 4
2026-05-11T07:18:38Z,78.0,Versa 4
2026-05-11T07:18:41Z,78.0,Versa 4
2026-05-11T07:18:43Z,79.0,Versa 4
2026-05-11T07:18:46Z,79.0,Versa 4
2026-05-11T07:18:47Z,77.0,Versa 4
2026-05-11T07:18:49Z,76.0,Versa 4
2026-05-11T07:18:52Z,78.0,Versa 4
2026-05-11T07:18:54Z,79.0,Versa 4
2026-05-11T07:18:57Z,79.0,Versa 4
2026-05-11T07:18:58Z,76.0,Versa 4
2026-05-11T07:19:00Z,75.0,Versa 4
2026-05-11T07:19:02Z,73.0,Versa 4
2026-05-11T07:19:04Z,72.0,Versa 4
2026-05-11T07:19:06Z,71.0,Versa 4
2026-05-11T07:19:08Z,70.0,Versa 4
2026-05-11T07:19:10Z,68.0,Versa 4
2026-05-11T07:19:13Z,68.0,Versa 4
2026-05-11T07:19:14Z,69.0,Versa 4
2026-05-11T07:19:15Z,70.0,Versa 4
2026-05-11T07:19:17Z,72.0,Versa 4
2026-05-11T07:19:20Z,72.0,Versa 4
2026-05-11T07:19:22Z,73.0,Versa 4
2026-05-11T07:19:25Z,73.0,Versa 4
2026-05-11T07:19:26Z,72.0,Versa 4
2026-05-11T07:19:27Z,73.0,Versa 4
2026-05-11T07:19:29Z,74.0,Versa 4
2026-05-11T07:19:31Z,76.0,Versa 4
2026-05-11T07:19:33Z,77.0,Versa 4
2026-05-11T07:19:35Z,79.0,Versa 4
2026-05-11T07:19:38Z,79.0,Versa 4
2026-05-11T07:19:39Z,80.0,Versa 4
2026-05-11T07:19:41Z,81.0,Versa 4
2026-05-11T07:19:43Z,80.0,Versa 4
2026-05-11T07:19:45Z,81.0,Versa 4
2026-05-11T07:19:48Z,81.0,Versa 4
2026-05-11T07:19:49Z,80.0,Versa 4
2026-05-11T07:19:51Z,79.0,Versa 4
2026-05-11T07:19:52Z,77.0,Versa 4
2026-05-11T07:19:54Z,75.0,Versa 4
2026-05-11T07:19:56Z,76.0,Versa 4
2026-05-11T07:19:58Z,75.0,Versa 4
2026-05-11T07:20:01Z,75.0,Versa 4
2026-05-11T07:20:04Z,75.0,Versa 4
2026-05-11T07:20:06Z,77.0,Versa 4
2026-05-11T07:20:08Z,78.0,Versa 4
2026-05-11T07:20:10Z,77.0,Versa 4
2026-05-11T07:20:12Z,76.0,Versa 4
2026-05-11T07:20:14Z,75.0,Versa 4
2026-05-11T07:20:15Z,76.0,Versa 4
2026-05-11T07:20:17Z,78.0,Versa 4
2026-05-11T07:20:19Z,79.0,Versa 4
2026-05-11T07:20:21Z,80.0,Versa 4
2026-05-11T07:20:23Z,78.0,Versa 4
2026-05-11T07:20:26Z,78.0,Versa 4
2026-05-11T07:20:27Z,77.0,Versa 4
2026-05-11T07:20:30Z,77.0,Versa 4
2026-05-11T07:20:33Z,76.0,Versa 4
2026-05-11T07:20:35Z,75.0,Versa 4
2026-05-11T07:20:37Z,76.0,Versa 4
2026-05-11T07:20:39Z,76.0,Versa 4
2026-05-11T07:20:40Z,77.0,Versa 4
2026-05-11T07:20:43Z,77.0,Versa 4
2026-05-11T07:20:44Z,78.0,Versa 4
2026-05-11T07:20:47Z,78.0,Versa 4
2026-05-11T07:20:48Z,79.0,Versa 4
2026-05-11T07:20:50Z,80.0,Versa 4
2026-05-11T07:20:52Z,83.0,Versa 4
2026-05-11T07:20:55Z,83.0,Versa 4
2026-05-11T07:20:56Z,80.0,Versa 4
2026-05-11T07:20:58Z,82.0,Versa 4
2026-05-11T07:21:00Z,87.0,Versa 4
2026-05-11T07:21:02Z,90.0,Versa 4
2026-05-11T07:21:03Z,91.0,Versa 4
2026-05-11T07:21:05Z,90.0,Versa 4
2026-05-11T07:21:07Z,87.0,Versa 4
2026-05-11T07:21:09Z,88.0,Versa 4
2026-05-11T07:21:11Z,87.0,Versa 4
2026-05-11T07:21:14Z,87.0,Versa 4
2026-05-11T07:21:15Z,89.0,Versa 4
2026-05-11T07:21:17Z,91.0,Versa 4
2026-05-11T07:21:19Z,90.0,Versa 4
2026-05-11T07:21:21Z,89.0,Versa 4
2026-05-11T07:21:24Z,89.0,Versa 4
2026-05-11T07:21:25Z,93.0,Versa 4
2026-05-11T07:21:28Z,92.0,Versa 4
2026-05-11T07:21:31Z,92.0,Versa 4
2026-05-11T07:21:32Z,91.0,Versa 4
2026-05-11T07:21:35Z,91.0,Versa 4
2026-05-11T07:21:36Z,89.0,Versa 4
2026-05-11T07:21:38Z,87.0,Versa 4
2026-05-11T07:21:41Z,87.0,Versa 4
2026-05-11T07:21:42Z,85.0,Versa 4
2026-05-11T07:21:44Z,80.0,Versa 4
2026-05-11T07:21:46Z,77.0,Versa 4
2026-05-11T07:21:48Z,76.0,Versa 4
2026-05-11T07:21:51Z,75.0,Versa 4
2026-05-11T07:21:53Z,76.0,Versa 4
2026-05-11T07:21:56Z,76.0,Versa 4
2026-05-11T07:21:57Z,74.0,Versa 4
2026-05-11T07:21:59Z,75.0,Versa 4
2026-05-11T07:22:01Z,77.0,Versa 4
2026-05-11T07:22:04Z,77.0,Versa 4
2026-05-11T07:22:07Z,78.0,Versa 4
2026-05-11T07:22:10Z,78.0,Versa 4
2026-05-11T07:22:11Z,81.0,Versa 4
2026-05-11T07:22:13Z,82.0,Versa 4
2026-05-11T07:22:15Z,83.0,Versa 4
2026-05-11T07:22:16Z,81.0,Versa 4
2026-05-11T07:22:18Z,78.0,Versa 4
2026-05-11T07:22:20Z,76.0,Versa 4
2026-05-11T07:22:22Z,74.0,Versa 4
2026-05-11T07:22:24Z,72.0,Versa 4
2026-05-11T07:22:26Z,71.0,Versa 4
2026-05-11T07:22:28Z,71.0,Versa 4
2026-05-11T07:22:30Z,70.0,Versa 4
2026-05-11T07:22:32Z,71.0,Versa 4
2026-05-11T07:22:34Z,72.0,Versa 4
2026-05-11T07:22:36Z,71.0,Versa 4
2026-05-11T07:22:38Z,70.0,Versa 4
2026-05-11T07:22:41Z,70.0,Versa 4
2026-05-11T07:22:44Z,70.0,Versa 4
2026-05-11T07:22:45Z,69.0,Versa 4
2026-05-11T07:22:47Z,68.0,Versa 4
2026-05-11T07:22:50Z,68.0,Versa 4
2026-05-11T07:22:51Z,69.0,Versa 4
2026-05-11T07:22:53Z,70.0,Versa 4
2026-05-11T07:22:56Z,70.0,Versa 4
2026-05-11T07:22:59Z,70.0,Versa 4
2026-05-11T07:23:02Z,70.0,Versa 4
2026-05-11T07:23:03Z,70.0,Versa 4
2026-05-11T07:23:04Z,70.0,Versa 4
2026-05-11T07:23:06Z,72.0,Versa 4
2026-05-11T07:23:09Z,72.0,Versa 4
2026-05-11T07:23:12Z,71.0,Versa 4
2026-05-11T07:23:14Z,72.0,Versa 4
2026-05-11T07:23:16Z,74.0,Versa 4
2026-05-11T07:23:18Z,77.0,Versa 4
2026-05-11T07:23:20Z,78.0,Versa 4
2026-05-11T07:23:22Z,77.0,Versa 4
2026-05-11T07:23:25Z,77.0,Versa 4
2026-05-11T07:23:26Z,77.0,Versa 4
2026-05-11T07:23:27Z,78.0,Versa 4
2026-05-11T07:23:29Z,79.0,Versa 4
2026-05-11T07:23:31Z,81.0,Versa 4
2026-05-11T07:23:33Z,84.0,Versa 4
2026-05-11T07:23:36Z,84.0,Versa 4
2026-05-11T07:23:37Z,85.0,Versa 4
2026-05-11T07:23:40Z,85.0,Versa 4
2026-05-11T07:23:43Z,84.0,Versa 4
2026-05-11T07:23:46Z,84.0,Versa 4
2026-05-11T07:23:49Z,82.0,Versa 4
2026-05-11T07:23:51Z,78.0,Versa 4
2026-05-11T07:23:52Z,76.0,Versa 4
2026-05-11T07:23:54Z,75.0,Versa 4
2026-05-11T07:23:56Z,74.0,Versa 4
2026-05-11T07:23:59Z,74.0,Versa 4
2026-05-11T07:24:00Z,75.0,Versa 4
2026-05-11T07:24:02Z,72.0,Versa 4
2026-05-11T07:24:05Z,72.0,Versa 4
2026-05-11T07:24:06Z,69.0,Versa 4
2026-05-11T07:24:08Z,68.0,Versa 4
2026-05-11T07:24:10Z,69.0,Versa 4
2026-05-11T07:24:13Z,69.0,Versa 4
2026-05-11T07:24:14Z,70.0,Versa 4
2026-05-11T07:24:17Z,72.0,Versa 4
2026-05-11T07:24:19Z,73.0,Versa 4
2026-05-11T07:24:21Z,72.0,Versa 4
2026-05-11T07:24:23Z,70.0,Versa 4
2026-05-11T07:24:25Z,73.0,Versa 4
2026-05-11T07:24:28Z,73.0,Versa 4
2026-05-11T07:24:29Z,72.0,Versa 4
2026-05-11T07:24:31Z,73.0,Versa 4
2026-05-11T07:24:33Z,74.0,Versa 4
2026-05-11T07:24:35Z,73.0,Versa 4
2026-05-11T07:24:37Z,74.0,Versa 4
2026-05-11T07:24:40Z,77.0,Versa 4
2026-05-11T07:24:42Z,80.0,Versa 4
2026-05-11T07:24:44Z,93.0,Versa 4
2026-05-11T07:24:46Z,94.0,Versa 4
2026-05-11T07:24:48Z,92.0,Versa 4
2026-05-11T07:24:50Z,91.0,Versa 4
2026-05-11T07:24:52Z,88.0,Versa 4
2026-05-11T07:24:54Z,85.0,Versa 4
2026-05-11T07:24:56Z,84.0,Versa 4
2026-05-11T07:24:58Z,83.0,Versa 4
2026-05-11T07:25:00Z,82.0,Versa 4
2026-05-11T07:25:02Z,84.0,Versa 4
2026-05-11T07:25:03Z,90.0,Versa 4
2026-05-11T07:25:05Z,85.0,Versa 4
2026-05-11T07:25:08Z,85.0,Versa 4
2026-05-11T07:25:09Z,89.0,Versa 4
2026-05-11T07:25:11Z,87.0,Versa 4
2026-05-11T07:25:13Z,89.0,Versa 4
2026-05-11T07:25:15Z,91.0,Versa 4
2026-05-11T07:25:17Z,85.0,Versa 4
2026-05-11T07:25:19Z,82.0,Versa 4
2026-05-11T07:25:21Z,83.0,Versa 4
2026-05-11T07:25:23Z,82.0,Versa 4
2026-05-11T07:25:25Z,81.0,Versa 4
2026-05-11T07:25:27Z,82.0,Versa 4
2026-05-11T07:25:28Z,81.0,Versa 4
2026-05-11T07:25:30Z,75.0,Versa 4
2026-05-11T07:25:32Z,68.0,Versa 4
2026-05-11T07:25:34Z,66.0,Versa 4
2026-05-11T07:25:37Z,66.0,Versa 4
2026-05-11T07:25:38Z,65.0,Versa 4
2026-05-11T07:25:41Z,65.0,Versa 4
2026-05-11T07:25:42Z,66.0,Versa 4
2026-05-11T07:25:44Z,67.0,Versa 4
2026-05-11T07:25:47Z,67.0,Versa 4
2026-05-11T07:25:48Z,69.0,Versa 4
2026-05-11T07:25:50Z,73.0,Versa 4
2026-05-11T07:25:51Z,75.0,Versa 4
2026-05-11T07:25:53Z,74.0,Versa 4
2026-05-11T07:25:55Z,73.0,Versa 4
2026-05-11T07:25:57Z,76.0,Versa 4
2026-05-11T07:25:59Z,75.0,Versa 4
2026-05-11T07:26:01Z,74.0,Versa 4
2026-05-11T07:26:03Z,76.0,Versa 4
2026-05-11T07:26:06Z,76.0,Versa 4
2026-05-11T07:26:07Z,76.0,Versa 4
2026-05-11T07:26:09Z,78.0,Versa 4
2026-05-11T07:26:12Z,78.0,Versa 4
2026-05-11T07:26:13Z,77.0,Versa 4
2026-05-11T07:26:15Z,78.0,Versa 4
2026-05-11T07:26:16Z,80.0,Versa 4
2026-05-11T07:26:19Z,80.0,Versa 4
2026-05-11T07:26:20Z,75.0,Versa 4
2026-05-11T07:26:23Z,75.0,Versa 4
2026-05-11T07:26:26Z,75.0,Versa 4
2026-05-11T07:26:28Z,79.0,Versa 4
2026-05-11T07:26:30Z,82.0,Versa 4
2026-05-11T07:26:32Z,76.0,Versa 4
2026-05-11T07:26:34Z,78.0,Versa 4
2026-05-11T07:26:36Z,81.0,Versa 4
2026-05-11T07:26:39Z,80.0,Versa 4
2026-05-11T07:26:41Z,76.0,Versa 4
2026-05-11T07:26:43Z,72.0,Versa 4
2026-05-11T07:26:45Z,70.0,Versa 4
2026-05-11T07:26:48Z,70.0,Versa 4
2026-05-11T07:26:49Z,69.0,Versa 4
2026-05-11T07:26:51Z,72.0,Versa 4
2026-05-11T07:26:53Z,73.0,Versa 4
2026-05-11T07:26:56Z,73.0,Versa 4
2026-05-11T07:26:57Z,77.0,Versa 4
2026-05-11T07:26:59Z,79.0,Versa 4
2026-05-11T07:27:01Z,81.0,Versa 4
2026-05-11T07:27:03Z,81.0,Versa 4
2026-05-11T07:27:04Z,80.0,Versa 4
2026-05-11T07:27:07Z,80.0,Versa 4
2026-05-11T07:27:08Z,81.0,Versa 4
2026-05-11T07:27:10Z,80.0,Versa 4
2026-05-11T07:27:12Z,76.0,Versa 4
2026-05-11T07:27:14Z,77.0,Versa 4
2026-05-11T07:27:16Z,76.0,Versa 4
2026-05-11T07:27:18Z,75.0,Versa 4
2026-05-11T07:27:20Z,77.0,Versa 4
2026-05-11T07:27:22Z,83.0,Versa 4
2026-05-11T07:27:24Z,85.0,Versa 4
2026-05-11T07:27:26Z,86.0,Versa 4
2026-05-11T07:27:29Z,86.0,Versa 4
2026-05-11T07:27:32Z,86.0,Versa 4
2026-05-11T07:27:35Z,85.0,Versa 4
2026-05-11T07:27:37Z,82.0,Versa 4
2026-05-11T07:27:40Z,82.0,Versa 4
2026-05-11T07:27:43Z,83.0,Versa 4
2026-05-11T07:27:45Z,84.0,Versa 4
2026-05-11T07:27:47Z,85.0,Versa 4
2026-05-11T07:27:49Z,84.0,Versa 4
2026-05-11T07:27:51Z,83.0,Versa 4
2026-05-11T07:27:52Z,84.0,Versa 4
2026-05-11T07:27:54Z,83.0,Versa 4
2026-05-11T07:27:56Z,85.0,Versa 4
2026-05-11T07:27:58Z,86.0,Versa 4
2026-05-11T07:28:00Z,86.0,Versa 4
2026-05-11T07:28:02Z,88.0,Versa 4
2026-05-11T07:28:04Z,86.0,Versa 4
2026-05-11T07:28:06Z,84.0,Versa 4
2026-05-11T07:28:09Z,84.0,Versa 4
2026-05-11T07:28:10Z,82.0,Versa 4
2026-05-11T07:28:12Z,80.0,Versa 4
2026-05-11T07:28:14Z,82.0,Versa 4
2026-05-11T07:28:17Z,83.0,Versa 4
2026-05-11T07:28:20Z,83.0,Versa 4
2026-05-11T07:28:21Z,88.0,Versa 4
2026-05-11T07:28:23Z,90.0,Versa 4
2026-05-11T07:28:25Z,89.0,Versa 4
2026-05-11T07:28:27Z,84.0,Versa 4
2026-05-11T07:28:29Z,83.0,Versa 4
2026-05-11T07:28:31Z,84.0,Versa 4
2026-05-11T07:28:33Z,85.0,Versa 4
2026-05-11T07:28:35Z,84.0,Versa 4
2026-05-11T07:28:37Z,82.0,Versa 4
2026-05-11T07:28:39Z,82.0,Versa 4
2026-05-11T07:28:40Z,80.0,Versa 4
2026-05-11T07:28:42Z,81.0,Versa 4
2026-05-11T07:28:44Z,82.0,Versa 4
2026-05-11T07:28:46Z,84.0,Versa 4
2026-05-11T07:28:48Z,85.0,Versa 4
2026-05-11T07:28:50Z,83.0,Versa 4
2026-05-11T07:28:52Z,80.0,Versa 4
2026-05-11T07:28:54Z,77.0,Versa 4
2026-05-11T07:28:56Z,76.0,Versa 4
2026-05-11T07:28:58Z,77.0,Versa 4
2026-05-11T07:29:00Z,78.0,Versa 4
2026-05-11T07:29:02Z,79.0,Versa 4
2026-05-11T07:29:03Z,77.0,Versa 4
2026-05-11T07:29:05Z,79.0,Versa 4
2026-05-11T07:29:08Z,79.0,Versa 4
2026-05-11T07:29:09Z,80.0,Versa 4
2026-05-11T07:29:11Z,82.0,Versa 4
2026-05-11T07:29:13Z,80.0,Versa 4
2026-05-11T07:29:15Z,78.0,Versa 4
2026-05-11T07:29:18Z,78.0,Versa 4
2026-05-11T07:29:19Z,77.0,Versa 4
2026-05-11T07:29:21Z,78.0,Versa 4
2026-05-11T07:29:23Z,81.0,Versa 4
2026-05-11T07:29:25Z,82.0,Versa 4
2026-05-11T07:29:28Z,81.0,Versa 4
2026-05-11T07:29:30Z,82.0,Versa 4
2026-05-11T07:29:32Z,81.0,Versa 4
2026-05-11T07:29:34Z,80.0,Versa 4
2026-05-11T07:29:37Z,80.0,Versa 4
2026-05-11T07:29:40Z,83.0,Versa 4
2026-05-11T07:29:42Z,84.0,Versa 4
2026-05-11T07:29:44Z,83.0,Versa 4
2026-05-11T07:29:46Z,82.0,Versa 4
2026-05-11T07:29:48Z,80.0,Versa 4
2026-05-11T07:29:50Z,79.0,Versa 4
2026-05-11T07:29:51Z,80.0,Versa 4
2026-05-11T07:29:53Z,79.0,Versa 4
2026-05-11T07:29:55Z,78.0,Versa 4
2026-05-11T07:29:57Z,79.0,Versa 4
2026-05-11T07:30:00Z,79.0,Versa 4
2026-05-11T07:30:01Z,80.0,Versa 4
2026-05-11T07:30:03Z,81.0,Versa 4
2026-05-11T07:30:06Z,81.0,Versa 4
2026-05-11T07:30:07Z,80.0,Versa 4
2026-05-11T07:30:09Z,78.0,Versa 4
2026-05-11T07:30:12Z,78.0,Versa 4
2026-05-11T07:30:15Z,81.0,Versa 4
2026-05-11T07:30:18Z,81.0,Versa 4
2026-05-11T07:30:20Z,83.0,Versa 4
2026-05-11T07:30:23Z,83.0,Versa 4
2026-05-11T07:30:24Z,80.0,Versa 4
2026-05-11T07:30:26Z,78.0,Versa 4
2026-05-11T07:30:28Z,77.0,Versa 4
2026-05-11T07:30:30Z,75.0,Versa 4
2026-05-11T07:30:32Z,74.0,Versa 4
2026-05-11T07:30:35Z,74.0,Versa 4
2026-05-11T07:30:36Z,76.0,Versa 4
2026-05-11T07:30:38Z,77.0,Versa 4
2026-05-11T07:30:39Z,76.0,Versa 4
2026-05-11T07:30:41Z,73.0,Versa 4
2026-05-11T07:30:44Z,73.0,Versa 4
2026-05-11T07:30:45Z,71.0,Versa 4
2026-05-11T07:30:47Z,72.0,Versa 4
2026-05-11T07:30:49Z,78.0,Versa 4
2026-05-11T07:30:51Z,79.0,Versa 4
2026-05-11T07:30:53Z,80.0,Versa 4
2026-05-11T07:30:55Z,81.0,Versa 4
2026-05-11T07:30:57Z,82.0,Versa 4
2026-05-11T07:31:00Z,82.0,Versa 4
2026-05-11T07:31:01Z,81.0,Versa 4
2026-05-11T07:31:03Z,79.0,Versa 4
2026-05-11T07:31:06Z,79.0,Versa 4
2026-05-11T07:31:08Z,81.0,Versa 4
2026-05-11T07:31:10Z,82.0,Versa 4
2026-05-11T07:31:12Z,81.0,Versa 4
2026-05-11T07:31:14Z,83.0,Versa 4
2026-05-11T07:31:16Z,82.0,Versa 4
2026-05-11T07:31:18Z,79.0,Versa 4
2026-05-11T07:31:20Z,81.0,Versa 4
2026-05-11T07:31:22Z,79.0,Versa 4
2026-05-11T07:31:25Z,79.0,Versa 4
2026-05-11T07:31:26Z,78.0,Versa 4
2026-05-11T07:31:27Z,76.0,Versa 4
2026-05-11T07:31:30Z,76.0,Versa 4
2026-05-11T07:31:31Z,73.0,Versa 4
2026-05-11T07:31:34Z,73.0,Versa 4
2026-05-11T07:31:37Z,74.0,Versa 4
2026-05-11T07:31:40Z,74.0,Versa 4
2026-05-11T07:31:41Z,76.0,Versa 4
2026-05-11T07:31:43Z,77.0,Versa 4
2026-05-11T07:31:45Z,79.0,Versa 4
2026-05-11T07:31:47Z,78.0,Versa 4
2026-05-11T07:31:49Z,79.0,Versa 4
2026-05-11T07:31:51Z,78.0,Versa 4
2026-05-11T07:31:54Z,78.0,Versa 4
2026-05-11T07:31:57Z,78.0,Versa 4
2026-05-11T07:31:58Z,79.0,Versa 4
2026-05-11T07:32:00Z,79.0,Versa 4
2026-05-11T07:32:02Z,80.0,Versa 4
2026-05-11T07:32:05Z,80.0,Versa 4
2026-05-11T07:32:06Z,81.0,Versa 4
2026-05-11T07:32:08Z,80.0,Versa 4
2026-05-11T07:32:10Z,78.0,Versa 4
2026-05-11T07:32:13Z,78.0,Versa 4
2026-05-11T07:32:14Z,80.0,Versa 4
2026-05-11T07:32:15Z,79.0,Versa 4
2026-05-11T07:32:17Z,77.0,Versa 4
2026-05-11T07:32:19Z,79.0,Versa 4
2026-05-11T07:32:21Z,80.0,Versa 4
2026-05-11T07:32:23Z,78.0,Versa 4
2026-05-11T07:32:25Z,77.0,Versa 4
2026-05-11T07:32:27Z,75.0,Versa 4
2026-05-11T07:32:29Z,73.0,Versa 4
2026-05-11T07:32:31Z,75.0,Versa 4
2026-05-11T07:32:33Z,78.0,Versa 4
2026-05-11T07:32:35Z,78.0,Versa 4
2026-05-11T07:32:37Z,80.0,Versa 4
2026-05-11T07:32:39Z,80.0,Versa 4
2026-05-11T07:32:40Z,81.0,Versa 4
2026-05-11T07:32:42Z,82.0,Versa 4
2026-05-11T07:32:44Z,83.0,Versa 4
2026-05-11T07:32:46Z,82.0,Versa 4
2026-05-11T07:32:49Z,82.0,Versa 4
2026-05-11T07:32:50Z,85.0,Versa 4
2026-05-11T07:32:52Z,84.0,Versa 4
2026-05-11T07:32:54Z,84.0,Versa 4
2026-05-11T07:32:56Z,85.0,Versa 4
2026-05-11T07:32:58Z,83.0,Versa 4
2026-05-11T07:33:00Z,82.0,Versa 4
2026-05-11T07:33:02Z,82.0,Versa 4
2026-05-11T07:33:03Z,80.0,Versa 4
2026-05-11T07:33:05Z,80.0,Versa 4
2026-05-11T07:33:07Z,82.0,Versa 4
2026-05-11T07:33:10Z,82.0,Versa 4
2026-05-11T07:33:11Z,81.0,Versa 4
2026-05-11T07:33:14Z,81.0,Versa 4
2026-05-11T07:33:15Z,79.0,Versa 4
2026-05-11T07:33:17Z,78.0,Versa 4
2026-05-11T07:33:19Z,77.0,Versa 4
2026-05-11T07:33:21Z,76.0,Versa 4
2026-05-11T07:33:23Z,77.0,Versa 4
2026-05-11T07:33:25Z,78.0,Versa 4
2026-05-11T07:33:27Z,76.0,Versa 4
2026-05-11T07:33:28Z,77.0,Versa 4
2026-05-11T07:33:30Z,78.0,Versa 4
2026-05-11T07:33:32Z,76.0,Versa 4
2026-05-11T07:33:34Z,78.0,Versa 4
2026-05-11T07:33:36Z,76.0,Versa 4
2026-05-11T07:33:39Z,76.0,Versa 4
2026-05-11T07:33:40Z,78.0,Versa 4
2026-05-11T07:33:42Z,81.0,Versa 4
2026-05-11T07:33:44Z,80.0,Versa 4
2026-05-11T07:33:46Z,81.0,Versa 4
2026-05-11T07:33:49Z,81.0,Versa 4
2026-05-11T07:33:50Z,80.0,Versa 4
2026-05-11T07:33:53Z,78.0,Versa 4
2026-05-11T07:33:55Z,77.0,Versa 4
2026-05-11T07:33:57Z,79.0,Versa 4
2026-05-11T07:33:59Z,80.0,Versa 4
2026-05-11T07:34:02Z,80.0,Versa 4
2026-05-11T07:34:03Z,81.0,Versa 4
2026-05-11T07:34:06Z,81.0,Versa 4
2026-05-11T07:34:07Z,79.0,Versa 4
2026-05-11T07:34:09Z,81.0,Versa 4
2026-05-11T07:34:12Z,81.0,Versa 4
2026-05-11T07:34:13Z,82.0,Versa 4
2026-05-11T07:34:15Z,89.0,Versa 4
2026-05-11T07:34:16Z,87.0,Versa 4
2026-05-11T07:34:18Z,83.0,Versa 4
2026-05-11T07:34:20Z,81.0,Versa 4
2026-05-11T07:34:22Z,80.0,Versa 4
2026-05-11T07:34:24Z,79.0,Versa 4
2026-05-11T07:34:26Z,82.0,Versa 4
2026-05-11T07:34:28Z,81.0,Versa 4
2026-05-11T07:34:30Z,77.0,Versa 4
2026-05-11T07:34:32Z,83.0,Versa 4
2026-05-11T07:34:34Z,84.0,Versa 4
2026-05-11T07:34:36Z,78.0,Versa 4
2026-05-11T07:34:38Z,81.0,Versa 4
2026-05-11T07:34:41Z,81.0,Versa 4
2026-05-11T07:34:43Z,83.0,Versa 4
2026-05-11T07:34:45Z,77.0,Versa 4
2026-05-11T07:34:47Z,75.0,Versa 4
2026-05-11T07:34:49Z,74.0,Versa 4
2026-05-11T07:34:51Z,73.0,Versa 4
2026-05-11T07:34:53Z,71.0,Versa 4
2026-05-11T07:34:55Z,78.0,Versa 4
2026-05-11T07:34:57Z,74.0,Versa 4
2026-05-11T07:34:59Z,71.0,Versa 4
2026-05-11T07:35:01Z,75.0,Versa 4
2026-05-11T07:35:03Z,74.0,Versa 4
2026-05-11T07:35:06Z,76.0,Versa 4
2026-05-11T07:35:09Z,76.0,Versa 4
2026-05-11T07:35:10Z,73.0,Versa 4
2026-05-11T07:35:12Z,79.0,Versa 4
2026-05-11T07:35:14Z,77.0,Versa 4
2026-05-11T07:35:16Z,81.0,Versa 4
2026-05-11T07:35:18Z,84.0,Versa 4
2026-05-11T07:35:20Z,83.0,Versa 4
2026-05-11T07:35:22Z,82.0,Versa 4
2026-05-11T07:35:24Z,83.0,Versa 4
2026-05-11T07:35:26Z,84.0,Versa 4
2026-05-11T07:35:28Z,85.0,Versa 4
2026-05-11T07:35:29Z,86.0,Versa 4
2026-05-11T07:35:32Z,86.0,Versa 4
2026-05-11T07:35:33Z,87.0,Versa 4
2026-05-11T07:35:35Z,86.0,Versa 4
2026-05-11T07:35:37Z,85.0,Versa 4
2026-05-11T07:35:39Z,82.0,Versa 4
2026-05-11T07:35:41Z,83.0,Versa 4
2026-05-11T07:35:43Z,84.0,Versa 4
2026-05-11T07:35:45Z,82.0,Versa 4
2026-05-11T07:35:48Z,82.0,Versa 4
2026-05-11T07:35:49Z,81.0,Versa 4
2026-05-11T07:35:51Z,83.0,Versa 4
2026-05-11T07:35:52Z,84.0,Versa 4
2026-05-11T07:35:54Z,85.0,Versa 4
2026-05-11T07:35:56Z,86.0,Versa 4
2026-05-11T07:35:59Z,86.0,Versa 4
2026-05-11T07:36:00Z,88.0,Versa 4
2026-05-11T07:36:03Z,88.0,Versa 4
2026-05-11T07:36:04Z,87.0,Versa 4
2026-05-11T07:36:06Z,86.0,Versa 4
2026-05-11T07:36:08Z,86.0,Versa 4
2026-05-11T07:36:10Z,85.0,Versa 4
2026-05-11T07:36:13Z,85.0,Versa 4
2026-05-11T07:36:14Z,84.0,Versa 4
2026-05-11T07:36:16Z,85.0,Versa 4
2026-05-11T07:36:17Z,87.0,Versa 4
2026-05-11T07:36:19Z,85.0,Versa 4
2026-05-11T07:36:22Z,85.0,Versa 4
2026-05-11T07:36:23Z,84.0,Versa 4
2026-05-11T07:36:25Z,83.0,Versa 4
2026-05-11T07:36:27Z,85.0,Versa 4
2026-05-11T07:36:30Z,85.0,Versa 4
2026-05-11T07:36:33Z,84.0,Versa 4
2026-05-11T07:36:36Z,84.0,Versa 4
2026-05-11T07:36:39Z,84.0,Versa 4
2026-05-11T07:36:40Z,83.0,Versa 4
2026-05-11T07:36:42Z,84.0,Versa 4
2026-05-11T07:36:44Z,85.0,Versa 4
2026-05-11T07:36:46Z,83.0,Versa 4
2026-05-11T07:36:48Z,84.0,Versa 4
2026-05-11T07:36:51Z,84.0,Versa 4
2026-05-11T07:36:52Z,86.0,Versa 4
2026-05-11T07:36:54Z,83.0,Versa 4
2026-05-11T07:36:56Z,85.0,Versa 4
2026-05-11T07:36:58Z,80.0,Versa 4
2026-05-11T07:37:01Z,80.0,Versa 4
2026-05-11T07:37:02Z,84.0,Versa 4
2026-05-11T07:37:04Z,85.0,Versa 4
2026-05-11T07:37:05Z,80.0,Versa 4
2026-05-11T07:37:07Z,82.0,Versa 4
2026-05-11T07:37:09Z,85.0,Versa 4
2026-05-11T07:37:11Z,86.0,Versa 4
2026-05-11T07:37:13Z,87.0,Versa 4
2026-05-11T07:37:16Z,87.0,Versa 4
2026-05-11T07:37:17Z,85.0,Versa 4
2026-05-11T07:37:20Z,85.0,Versa 4
2026-05-11T07:37:21Z,84.0,Versa 4
2026-05-11T07:37:24Z,84.0,Versa 4
2026-05-11T07:37:25Z,85.0,Versa 4
2026-05-11T07:37:27Z,86.0,Versa 4
2026-05-11T07:37:30Z,87.0,Versa 4
2026-05-11T07:37:33Z,87.0,Versa 4
2026-05-11T07:37:36Z,86.0,Versa 4
2026-05-11T07:37:38Z,85.0,Versa 4
2026-05-11T07:37:40Z,84.0,Versa 4
2026-05-11T07:37:42Z,86.0,Versa 4
2026-05-11T07:37:44Z,84.0,Versa 4
2026-05-11T07:37:46Z,81.0,Versa 4
2026-05-11T07:37:48Z,80.0,Versa 4
2026-05-11T07:37:51Z,80.0,Versa 4
2026-05-11T07:37:53Z,81.0,Versa 4
2026-05-11T07:37:55Z,83.0,Versa 4
2026-05-11T07:37:57Z,82.0,Versa 4
2026-05-11T07:38:00Z,82.0,Versa 4
2026-05-11T07:38:01Z,86.0,Versa 4
2026-05-11T07:38:03Z,87.0,Versa 4
2026-05-11T07:38:05Z,88.0,Versa 4
2026-05-11T07:38:08Z,88.0,Versa 4
2026-05-11T07:38:09Z,89.0,Versa 4
2026-05-11T07:38:11Z,93.0,Versa 4
2026-05-11T07:38:13Z,86.0,Versa 4
2026-05-11T07:38:15Z,82.0,Versa 4
2026-05-11T07:38:16Z,79.0,Versa 4
2026-05-11T07:38:18Z,75.0,Versa 4
2026-05-11T07:38:20Z,74.0,Versa 4
2026-05-11T07:38:22Z,73.0,Versa 4
2026-05-11T07:38:24Z,72.0,Versa 4
2026-05-11T07:38:26Z,73.0,Versa 4
2026-05-11T07:38:29Z,73.0,Versa 4
2026-05-11T07:38:30Z,72.0,Versa 4
2026-05-11T07:38:32Z,71.0,Versa 4
2026-05-11T07:38:35Z,71.0,Versa 4
2026-05-11T07:38:36Z,72.0,Versa 4
2026-05-11T07:38:38Z,71.0,Versa 4
2026-05-11T07:38:40Z,72.0,Versa 4
2026-05-11T07:38:41Z,73.0,Versa 4
2026-05-11T07:38:44Z,73.0,Versa 4
2026-05-11T07:38:45Z,74.0,Versa 4
2026-05-11T07:38:47Z,75.0,Versa 4
2026-05-11T07:38:49Z,72.0,Versa 4
2026-05-11T07:38:51Z,73.0,Versa 4
2026-05-11T07:38:53Z,74.0,Versa 4
2026-05-11T07:38:55Z,76.0,Versa 4
2026-05-11T07:38:57Z,78.0,Versa 4
2026-05-11T07:38:59Z,79.0,Versa 4
2026-05-11T07:39:01Z,80.0,Versa 4
2026-05-11T07:39:03Z,86.0,Versa 4
2026-05-11T07:39:04Z,83.0,Versa 4
2026-05-11T07:39:06Z,88.0,Versa 4
2026-05-11T07:39:08Z,89.0,Versa 4
2026-05-11T07:39:10Z,86.0,Versa 4
2026-05-11T07:39:12Z,81.0,Versa 4
2026-05-11T07:39:14Z,80.0,Versa 4
2026-05-11T07:39:16Z,79.0,Versa 4
2026-05-11T07:39:18Z,77.0,Versa 4
2026-05-11T07:39:20Z,76.0,Versa 4
2026-05-11T07:39:23Z,76.0,Versa 4
2026-05-11T07:39:26Z,74.0,Versa 4
2026-05-11T07:39:29Z,74.0,Versa 4
2026-05-11T07:39:31Z,73.0,Versa 4
2026-05-11T07:39:33Z,74.0,Versa 4
2026-05-11T07:39:36Z,74.0,Versa 4
2026-05-11T07:39:39Z,78.0,Versa 4
2026-05-11T07:39:41Z,79.0,Versa 4
2026-05-11T07:39:43Z,80.0,Versa 4
2026-05-11T07:39:46Z,80.0,Versa 4
2026-05-11T07:39:47Z,81.0,Versa 4
2026-05-11T07:39:49Z,80.0,Versa 4
2026-05-11T07:39:51Z,80.0,Versa 4
2026-05-11T07:39:52Z,78.0,Versa 4
2026-05-11T07:39:54Z,74.0,Versa 4
2026-05-11T07:39:57Z,74.0,Versa 4
2026-05-11T07:39:58Z,75.0,Versa 4
2026-05-11T07:40:00Z,77.0,Versa 4
2026-05-11T07:40:02Z,77.0,Versa 4
2026-05-11T07:40:05Z,77.0,Versa 4
2026-05-11T07:40:06Z,76.0,Versa 4
2026-05-11T07:40:09Z,76.0,Versa 4
2026-05-11T07:40:12Z,76.0,Versa 4
2026-05-11T07:40:14Z,78.0,Versa 4
2026-05-11T07:40:16Z,79.0,Versa 4
2026-05-11T07:40:17Z,78.0,Versa 4
2026-05-11T07:40:19Z,76.0,Versa 4
2026-05-11T07:40:21Z,75.0,Versa 4
2026-05-11T07:40:23Z,74.0,Versa 4
2026-05-11T07:40:26Z,74.0,Versa 4
2026-05-11T07:40:27Z,75.0,Versa 4
2026-05-11T07:40:29Z,76.0,Versa 4
2026-05-11T07:40:31Z,78.0,Versa 4
2026-05-11T07:40:33Z,81.0,Versa 4
2026-05-11T07:40:35Z,83.0,Versa 4
2026-05-11T07:40:37Z,84.0,Versa 4
2026-05-11T07:40:39Z,85.0,Versa 4
2026-05-11T07:40:40Z,84.0,Versa 4
2026-05-11T07:40:43Z,84.0,Versa 4
2026-05-11T07:40:44Z,82.0,Versa 4
2026-05-11T07:40:46Z,81.0,Versa 4
2026-05-11T07:40:49Z,81.0,Versa 4
2026-05-11T07:40:50Z,82.0,Versa 4
2026-05-11T07:40:53Z,82.0,Versa 4
2026-05-11T07:40:54Z,81.0,Versa 4
2026-05-11T07:40:56Z,80.0,Versa 4
2026-05-11T07:40:59Z,80.0,Versa 4
2026-05-11T07:41:02Z,79.0,Versa 4
2026-05-11T07:41:04Z,78.0,Versa 4
2026-05-11T07:41:05Z,78.0,Versa 4
2026-05-11T07:41:07Z,77.0,Versa 4
2026-05-11T07:41:09Z,76.0,Versa 4
2026-05-11T07:41:12Z,76.0,Versa 4
2026-05-11T07:41:13Z,74.0,Versa 4
2026-05-11T07:41:15Z,72.0,Versa 4
2026-05-11T07:41:17Z,71.0,Versa 4
2026-05-11T07:41:19Z,72.0,Versa 4
2026-05-11T07:41:21Z,72.0,Versa 4
2026-05-11T07:41:23Z,73.0,Versa 4
2026-05-11T07:41:25Z,74.0,Versa 4
2026-05-11T07:41:27Z,76.0,Versa 4
2026-05-11T07:41:30Z,76.0,Versa 4
2026-05-11T07:41:33Z,76.0,Versa 4
2026-05-11T07:41:34Z,79.0,Versa 4
2026-05-11T07:41:36Z,81.0,Versa 4
2026-05-11T07:41:39Z,81.0,Versa 4
2026-05-11T07:41:40Z,81.0,Versa 4
2026-05-11T07:41:42Z,80.0,Versa 4
2026-05-11T07:41:44Z,79.0,Versa 4
2026-05-11T07:41:47Z,79.0,Versa 4
2026-05-11T07:41:50Z,82.0,Versa 4
2026-05-11T07:41:52Z,84.0,Versa 4
2026-05-11T07:41:53Z,84.0,Versa 4
2026-05-11T07:41:55Z,81.0,Versa 4
2026-05-11T07:41:57Z,78.0,Versa 4
2026-05-11T07:41:59Z,77.0,Versa 4
2026-05-11T07:42:01Z,76.0,Versa 4
2026-05-11T07:42:04Z,76.0,Versa 4
2026-05-11T07:42:07Z,74.0,Versa 4
2026-05-11T07:42:09Z,72.0,Versa 4
2026-05-11T07:42:11Z,72.0,Versa 4
2026-05-11T07:42:14Z,72.0,Versa 4
2026-05-11T07:42:16Z,71.0,Versa 4
2026-05-11T07:42:18Z,71.0,Versa 4
2026-05-11T07:42:20Z,72.0,Versa 4
2026-05-11T07:42:23Z,72.0,Versa 4
2026-05-11T07:42:24Z,74.0,Versa 4
2026-05-11T07:42:27Z,74.0,Versa 4
2026-05-11T07:42:28Z,89.0,Versa 4
2026-05-11T07:42:30Z,96.0,Versa 4
2026-05-11T07:42:32Z,99.0,Versa 4
2026-05-11T07:42:34Z,100.0,Versa 4
2026-05-11T07:42:36Z,98.0,Versa 4
2026-05-11T07:42:38Z,93.0,Versa 4
2026-05-11T07:42:40Z,88.0,Versa 4
2026-05-11T07:42:41Z,86.0,Versa 4
2026-05-11T07:42:43Z,87.0,Versa 4
2026-05-11T07:42:45Z,89.0,Versa 4
2026-05-11T07:42:47Z,86.0,Versa 4
2026-05-11T07:42:49Z,84.0,Versa 4
2026-05-11T07:42:52Z,84.0,Versa 4
2026-05-11T07:42:53Z,85.0,Versa 4
2026-05-11T07:42:55Z,86.0,Versa 4
2026-05-11T07:42:58Z,86.0,Versa 4
2026-05-11T07:43:01Z,86.0,Versa 4
2026-05-11T07:43:03Z,84.0,Versa 4
2026-05-11T07:43:04Z,81.0,Versa 4
2026-05-11T07:43:06Z,80.0,Versa 4
2026-05-11T07:43:08Z,81.0,Versa 4
2026-05-11T07:43:10Z,83.0,Versa 4
2026-05-11T07:43:12Z,85.0,Versa 4
2026-05-11T07:43:15Z,85.0,Versa 4
2026-05-11T07:43:16Z,82.0,Versa 4
2026-05-11T07:43:18Z,77.0,Versa 4
2026-05-11T07:43:20Z,75.0,Versa 4
2026-05-11T07:43:22Z,75.0,Versa 4
2026-05-11T07:43:25Z,75.0,Versa 4
2026-05-11T07:43:26Z,76.0,Versa 4
2026-05-11T07:43:28Z,77.0,Versa 4
2026-05-11T07:43:29Z,78.0,Versa 4
2026-05-11T07:43:31Z,81.0,Versa 4
2026-05-11T07:43:33Z,84.0,Versa 4
2026-05-11T07:43:35Z,85.0,Versa 4
2026-05-11T07:43:37Z,86.0,Versa 4
2026-05-11T07:43:40Z,86.0,Versa 4
2026-05-11T07:43:41Z,99.0,Versa 4
2026-05-11T07:43:43Z,100.0,Versa 4
2026-05-11T07:43:45Z,98.0,Versa 4
2026-05-11T07:43:47Z,97.0,Versa 4
2026-05-11T07:43:49Z,94.0,Versa 4
2026-05-11T07:43:51Z,91.0,Versa 4
2026-05-11T07:43:52Z,90.0,Versa 4
2026-05-11T07:43:54Z,87.0,Versa 4
2026-05-11T07:43:56Z,85.0,Versa 4
2026-05-11T07:43:59Z,85.0,Versa 4
2026-05-11T07:44:02Z,84.0,Versa 4
2026-05-11T07:44:04Z,80.0,Versa 4
2026-05-11T07:44:06Z,79.0,Versa 4
2026-05-11T07:44:08Z,80.0,Versa 4
2026-05-11T07:44:10Z,81.0,Versa 4
2026-05-11T07:44:12Z,98.0,Versa 4
2026-05-11T07:44:14Z,102.0,Versa 4
2026-05-11T07:44:16Z,101.0,Versa 4
2026-05-11T07:44:17Z,86.0,Versa 4
2026-05-11T07:44:19Z,78.0,Versa 4
2026-05-11T07:44:21Z,74.0,Versa 4
2026-05-11T07:44:23Z,73.0,Versa 4
2026-05-11T07:44:26Z,73.0,Versa 4
2026-05-11T07:44:27Z,77.0,Versa 4
2026-05-11T07:44:29Z,82.0,Versa 4
2026-05-11T07:44:31Z,83.0,Versa 4
2026-05-11T07:44:34Z,83.0,Versa 4
2026-05-11T07:44:35Z,84.0,Versa 4
2026-05-11T07:44:37Z,85.0,Versa 4
2026-05-11T07:44:39Z,84.0,Versa 4
2026-05-11T07:44:40Z,84.0,Versa 4
2026-05-11T07:44:42Z,82.0,Versa 4
2026-05-11T07:44:44Z,81.0,Versa 4
2026-05-11T07:44:46Z,80.0,Versa 4
2026-05-11T07:44:49Z,80.0,Versa 4
2026-05-11T07:44:52Z,81.0,Versa 4
2026-05-11T07:44:54Z,82.0,Versa 4
2026-05-11T07:44:57Z,82.0,Versa 4
2026-05-11T07:44:58Z,81.0,Versa 4
2026-05-11T07:45:01Z,81.0,Versa 4
2026-05-11T07:45:04Z,80.0,Versa 4
2026-05-11T07:45:05Z,78.0,Versa 4
2026-05-11T07:45:07Z,77.0,Versa 4
2026-05-11T07:45:09Z,78.0,Versa 4
2026-05-11T07:45:12Z,78.0,Versa 4
2026-05-11T07:45:13Z,80.0,Versa 4
2026-05-11T07:45:15Z,81.0,Versa 4
2026-05-11T07:45:17Z,82.0,Versa 4
2026-05-11T07:45:19Z,80.0,Versa 4
2026-05-11T07:45:22Z,80.0,Versa 4
2026-05-11T07:45:25Z,81.0,Versa 4
2026-05-11T07:45:27Z,84.0,Versa 4
2026-05-11T07:45:28Z,85.0,Versa 4
2026-05-11T07:45:30Z,82.0,Versa 4
2026-05-11T07:45:32Z,81.0,Versa 4
2026-05-11T07:45:34Z,80.0,Versa 4
2026-05-11T07:45:36Z,79.0,Versa 4
2026-05-11T07:45:38Z,78.0,Versa 4
2026-05-11T07:45:40Z,77.0,Versa 4
2026-05-11T07:45:43Z,77.0,Versa 4
2026-05-11T07:45:44Z,76.0,Versa 4
2026-05-11T07:45:47Z,76.0,Versa 4
2026-05-11T07:45:50Z,76.0,Versa 4
2026-05-11T07:45:53Z,76.0,Versa 4
2026-05-11T07:45:55Z,77.0,Versa 4
2026-05-11T07:45:57Z,80.0,Versa 4
2026-05-11T07:45:59Z,81.0,Versa 4
2026-05-11T07:46:01Z,80.0,Versa 4
2026-05-11T07:46:03Z,81.0,Versa 4
2026-05-11T07:46:06Z,81.0,Versa 4
2026-05-11T07:46:07Z,81.0,Versa 4
2026-05-11T07:46:09Z,82.0,Versa 4
2026-05-11T07:46:11Z,83.0,Versa 4
2026-05-11T07:46:13Z,85.0,Versa 4
2026-05-11T07:46:16Z,83.0,Versa 4
2026-05-11T07:46:18Z,84.0,Versa 4
2026-05-11T07:46:20Z,87.0,Versa 4
2026-05-11T07:46:23Z,87.0,Versa 4
2026-05-11T07:46:24Z,92.0,Versa 4
2026-05-11T07:46:26Z,98.0,Versa 4
2026-05-11T07:46:28Z,95.0,Versa 4
2026-05-11T07:46:30Z,94.0,Versa 4
2026-05-11T07:46:32Z,90.0,Versa 4
2026-05-11T07:46:34Z,87.0,Versa 4
2026-05-11T07:46:36Z,86.0,Versa 4
2026-05-11T07:46:38Z,87.0,Versa 4
2026-05-11T07:46:40Z,86.0,Versa 4
2026-05-11T07:46:41Z,87.0,Versa 4
2026-05-11T07:46:43Z,84.0,Versa 4
2026-05-11T07:46:45Z,85.0,Versa 4
2026-05-11T07:46:47Z,86.0,Versa 4
2026-05-11T07:46:49Z,83.0,Versa 4
2026-05-11T07:46:51Z,82.0,Versa 4
2026-05-11T07:46:53Z,80.0,Versa 4
2026-05-11T07:46:56Z,80.0,Versa 4
2026-05-11T07:46:59Z,80.0,Versa 4
2026-05-11T07:47:01Z,79.0,Versa 4
2026-05-11T07:47:03Z,79.0,Versa 4
2026-05-11T07:47:06Z,81.0,Versa 4
2026-05-11T07:47:08Z,82.0,Versa 4
2026-05-11T07:47:11Z,82.0,Versa 4
2026-05-11T07:47:14Z,83.0,Versa 4
2026-05-11T07:47:17Z,83.0,Versa 4
2026-05-11T07:47:18Z,84.0,Versa 4
2026-05-11T07:47:20Z,87.0,Versa 4
2026-05-11T07:47:22Z,90.0,Versa 4
2026-05-11T07:47:25Z,90.0,Versa 4
2026-05-11T07:47:26Z,89.0,Versa 4
2026-05-11T07:47:28Z,87.0,Versa 4
2026-05-11T07:47:29Z,84.0,Versa 4
2026-05-11T07:47:31Z,82.0,Versa 4
2026-05-11T07:47:33Z,83.0,Versa 4
2026-05-11T07:47:35Z,82.0,Versa 4
2026-05-11T07:47:37Z,83.0,Versa 4
2026-05-11T07:47:39Z,84.0,Versa 4
2026-05-11T07:47:41Z,85.0,Versa 4
2026-05-11T07:47:43Z,86.0,Versa 4
2026-05-11T07:47:45Z,87.0,Versa 4
2026-05-11T07:47:48Z,87.0,Versa 4
2026-05-11T07:47:51Z,88.0,Versa 4
2026-05-11T07:47:52Z,90.0,Versa 4
2026-05-11T07:47:54Z,92.0,Versa 4
2026-05-11T07:47:56Z,94.0,Versa 4
2026-05-11T07:47:59Z,94.0,Versa 4
2026-05-11T07:48:00Z,93.0,Versa 4
2026-05-11T07:48:02Z,92.0,Versa 4
2026-05-11T07:48:04Z,91.0,Versa 4
2026-05-11T07:48:07Z,91.0,Versa 4
2026-05-11T07:48:08Z,93.0,Versa 4
2026-05-11T07:48:10Z,92.0,Versa 4
2026-05-11T07:48:12Z,91.0,Versa 4
2026-05-11T07:48:15Z,91.0,Versa 4
2026-05-11T07:48:16Z,89.0,Versa 4
2026-05-11T07:48:17Z,87.0,Versa 4
2026-05-11T07:48:20Z,87.0,Versa 4
2026-05-11T07:48:21Z,86.0,Versa 4
2026-05-11T07:48:23Z,88.0,Versa 4
2026-05-11T07:48:26Z,88.0,Versa 4
2026-05-11T07:48:29Z,85.0,Versa 4
2026-05-11T07:48:31Z,86.0,Versa 4
2026-05-11T07:48:33Z,87.0,Versa 4
2026-05-11T07:48:36Z,87.0,Versa 4
2026-05-11T07:48:39Z,89.0,Versa 4
2026-05-11T07:48:40Z,90.0,Versa 4
2026-05-11T07:48:42Z,92.0,Versa 4
2026-05-11T07:48:44Z,91.0,Versa 4
2026-05-11T07:48:46Z,92.0,Versa 4
2026-05-11T07:48:48Z,95.0,Versa 4
2026-05-11T07:48:50Z,92.0,Versa 4
2026-05-11T07:48:52Z,91.0,Versa 4
2026-05-11T07:48:54Z,89.0,Versa 4
2026-05-11T07:48:56Z,89.0,Versa 4
2026-05-11T07:48:59Z,89.0,Versa 4
2026-05-11T07:49:00Z,91.0,Versa 4
2026-05-11T07:49:02Z,89.0,Versa 4
2026-05-11T07:49:04Z,90.0,Versa 4
2026-05-11T07:49:05Z,93.0,Versa 4
2026-05-11T07:49:07Z,90.0,Versa 4
2026-05-11T07:49:09Z,91.0,Versa 4
2026-05-11T07:49:11Z,94.0,Versa 4
2026-05-11T07:49:13Z,94.0,Versa 4
2026-05-11T07:49:15Z,98.0,Versa 4
2026-05-11T07:49:17Z,97.0,Versa 4
2026-05-11T07:49:19Z,94.0,Versa 4
2026-05-11T07:49:21Z,93.0,Versa 4
2026-05-11T07:49:24Z,93.0,Versa 4
2026-05-11T07:49:25Z,90.0,Versa 4
2026-05-11T07:49:27Z,90.0,Versa 4
2026-05-11T07:49:28Z,91.0,Versa 4
2026-05-11T07:49:30Z,91.0,Versa 4
2026-05-11T07:49:32Z,90.0,Versa 4
2026-05-11T07:49:34Z,92.0,Versa 4
2026-05-11T07:49:36Z,91.0,Versa 4
2026-05-11T07:49:38Z,91.0,Versa 4
2026-05-11T07:49:39Z,92.0,Versa 4
2026-05-11T07:49:42Z,92.0,Versa 4
2026-05-11T07:49:43Z,89.0,Versa 4
2026-05-11T07:49:45Z,86.0,Versa 4
2026-05-11T07:49:47Z,87.0,Versa 4
2026-05-11T07:49:49Z,86.0,Versa 4
2026-05-11T07:49:52Z,86.0,Versa 4
2026-05-11T07:49:55Z,86.0,Versa 4
2026-05-11T07:49:57Z,87.0,Versa 4
2026-05-11T07:49:59Z,88.0,Versa 4
2026-05-11T07:50:01Z,89.0,Versa 4
2026-05-11T07:50:04Z,89.0,Versa 4
2026-05-11T07:50:07Z,89.0,Versa 4
2026-05-11T07:50:08Z,88.0,Versa 4
2026-05-11T07:50:10Z,86.0,Versa 4
2026-05-11T07:50:12Z,89.0,Versa 4
2026-05-11T07:50:14Z,88.0,Versa 4
2026-05-11T07:50:16Z,86.0,Versa 4
2026-05-11T07:50:19Z,86.0,Versa 4
2026-05-11T07:50:20Z,88.0,Versa 4
2026-05-11T07:50:22Z,86.0,Versa 4
2026-05-11T07:50:24Z,85.0,Versa 4
2026-05-11T07:50:26Z,86.0,Versa 4
2026-05-11T07:50:27Z,87.0,Versa 4
2026-05-11T07:50:29Z,86.0,Versa 4
2026-05-11T07:50:31Z,87.0,Versa 4
2026-05-11T07:50:33Z,88.0,Versa 4
2026-05-11T07:50:35Z,87.0,Versa 4
2026-05-11T07:50:37Z,86.0,Versa 4
2026-05-11T07:50:39Z,84.0,Versa 4
2026-05-11T07:50:41Z,83.0,Versa 4
2026-05-11T07:50:43Z,85.0,Versa 4
2026-05-11T07:50:45Z,79.0,Versa 4
2026-05-11T07:50:47Z,80.0,Versa 4
2026-05-11T07:50:49Z,79.0,Versa 4
2026-05-11T07:50:50Z,80.0,Versa 4
2026-05-11T07:50:52Z,81.0,Versa 4
2026-05-11T07:50:54Z,83.0,Versa 4
2026-05-11T07:50:57Z,83.0,Versa 4
2026-05-11T07:50:58Z,82.0,Versa 4
2026-05-11T07:51:01Z,82.0,Versa 4
2026-05-11T07:51:02Z,81.0,Versa 4
2026-05-11T07:51:05Z,81.0,Versa 4
2026-05-11T07:51:08Z,82.0,Versa 4
2026-05-11T07:51:11Z,82.0,Versa 4
2026-05-11T07:51:14Z,81.0,Versa 4
2026-05-11T07:51:17Z,80.0,Versa 4
2026-05-11T07:51:19Z,78.0,Versa 4
2026-05-11T07:51:21Z,76.0,Versa 4
2026-05-11T07:51:23Z,75.0,Versa 4
2026-05-11T07:51:26Z,75.0,Versa 4
2026-05-11T07:51:27Z,77.0,Versa 4
2026-05-11T07:51:30Z,77.0,Versa 4
2026-05-11T07:51:33Z,79.0,Versa 4
2026-05-11T07:51:35Z,79.0,Versa 4
2026-05-11T07:51:37Z,79.0,Versa 4
2026-05-11T07:51:38Z,77.0,Versa 4
2026-05-11T07:51:40Z,76.0,Versa 4
2026-05-11T07:51:42Z,75.0,Versa 4
2026-05-11T07:51:44Z,76.0,Versa 4
2026-05-11T07:51:46Z,75.0,Versa 4
2026-05-11T07:51:48Z,74.0,Versa 4
2026-05-11T07:51:50Z,73.0,Versa 4
2026-05-11T07:51:52Z,72.0,Versa 4
2026-05-11T07:51:55Z,72.0,Versa 4
2026-05-11T07:51:56Z,70.0,Versa 4
2026-05-11T07:51:59Z,70.0,Versa 4
2026-05-11T07:52:02Z,70.0,Versa 4
2026-05-11T07:52:03Z,69.0,Versa 4
2026-05-11T07:52:05Z,68.0,Versa 4
2026-05-11T07:52:07Z,69.0,Versa 4
2026-05-11T07:52:10Z,69.0,Versa 4
2026-05-11T07:52:13Z,68.0,Versa 4
2026-05-11T07:52:16Z,68.0,Versa 4
2026-05-11T07:52:17Z,69.0,Versa 4
2026-05-11T07:52:19Z,70.0,Versa 4
2026-05-11T07:52:21Z,72.0,Versa 4
2026-05-11T07:52:23Z,71.0,Versa 4
2026-05-11T07:52:25Z,72.0,Versa 4
2026-05-11T07:52:26Z,73.0,Versa 4
2026-05-11T07:52:29Z,73.0,Versa 4
2026-05-11T07:52:32Z,72.0,Versa 4
2026-05-11T07:52:34Z,73.0,Versa 4
2026-05-11T07:52:36Z,72.0,Versa 4
2026-05-11T07:52:38Z,70.0,Versa 4
2026-05-11T07:52:40Z,69.0,Versa 4
2026-05-11T07:52:42Z,70.0,Versa 4
2026-05-11T07:52:44Z,68.0,Versa 4
2026-05-11T07:52:46Z,67.0,Versa 4
2026-05-11T07:52:48Z,66.0,Versa 4
2026-05-11T07:52:51Z,65.0,Versa 4
2026-05-11T07:52:53Z,66.0,Versa 4
2026-05-11T07:52:55Z,67.0,Versa 4
2026-05-11T07:52:57Z,71.0,Versa 4
2026-05-11T07:52:59Z,75.0,Versa 4
2026-05-11T07:53:01Z,77.0,Versa 4
2026-05-11T07:53:04Z,77.0,Versa 4
2026-05-11T07:53:05Z,76.0,Versa 4
2026-05-11T07:53:07Z,75.0,Versa 4
2026-05-11T07:53:09Z,74.0,Versa 4
2026-05-11T07:53:12Z,74.0,Versa 4
2026-05-11T07:53:14Z,75.0,Versa 4
2026-05-11T07:53:16Z,77.0,Versa 4
2026-05-11T07:53:18Z,80.0,Versa 4
2026-05-11T07:53:20Z,82.0,Versa 4
2026-05-11T07:53:22Z,85.0,Versa 4
2026-05-11T07:53:24Z,86.0,Versa 4
2026-05-11T07:53:26Z,84.0,Versa 4
2026-05-11T07:53:28Z,81.0,Versa 4
2026-05-11T07:53:30Z,78.0,Versa 4
2026-05-11T07:53:32Z,76.0,Versa 4
2026-05-11T07:53:35Z,76.0,Versa 4
2026-05-11T07:53:36Z,75.0,Versa 4
2026-05-11T07:53:38Z,76.0,Versa 4
2026-05-11T07:53:41Z,76.0,Versa 4
2026-05-11T07:53:43Z,75.0,Versa 4
2026-05-11T07:53:46Z,75.0,Versa 4
2026-05-11T07:53:49Z,75.0,Versa 4
2026-05-11T07:53:51Z,74.0,Versa 4
2026-05-11T07:53:53Z,73.0,Versa 4
2026-05-11T07:53:55Z,72.0,Versa 4
2026-05-11T07:53:57Z,73.0,Versa 4
2026-05-11T07:54:00Z,73.0,Versa 4
2026-05-11T07:54:02Z,72.0,Versa 4
2026-05-11T07:54:05Z,72.0,Versa 4
2026-05-11T07:54:08Z,72.0,Versa 4
2026-05-11T07:54:11Z,72.0,Versa 4
2026-05-11T07:54:14Z,71.0,Versa 4
2026-05-11T07:54:17Z,71.0,Versa 4
2026-05-11T07:54:18Z,74.0,Versa 4
2026-05-11T07:54:20Z,75.0,Versa 4
2026-05-11T07:54:23Z,75.0,Versa 4
2026-05-11T07:54:26Z,75.0,Versa 4
2026-05-11T07:54:29Z,76.0,Versa 4
2026-05-11T07:54:32Z,76.0,Versa 4
2026-05-11T07:54:33Z,75.0,Versa 4
2026-05-11T07:54:36Z,75.0,Versa 4
2026-05-11T07:54:37Z,76.0,Versa 4
2026-05-11T07:54:40Z,76.0,Versa 4
2026-05-11T07:54:41Z,75.0,Versa 4
2026-05-11T07:54:43Z,76.0,Versa 4
2026-05-11T07:54:46Z,76.0,Versa 4
2026-05-11T07:54:49Z,75.0,Versa 4
2026-05-11T07:54:50Z,76.0,Versa 4
2026-05-11T07:54:52Z,77.0,Versa 4
2026-05-11T07:54:54Z,76.0,Versa 4
2026-05-11T07:54:57Z,76.0,Versa 4
2026-05-11T07:54:58Z,79.0,Versa 4
2026-05-11T07:55:00Z,80.0,Versa 4
2026-05-11T07:55:02Z,79.0,Versa 4
2026-05-11T07:55:04Z,76.0,Versa 4
2026-05-11T07:55:06Z,75.0,Versa 4
2026-05-11T07:55:08Z,74.0,Versa 4
2026-05-11T07:55:10Z,75.0,Versa 4
2026-05-11T07:55:13Z,75.0,Versa 4
2026-05-11T07:55:15Z,74.0,Versa 4
2026-05-11T07:55:17Z,73.0,Versa 4
2026-05-11T07:55:20Z,73.0,Versa 4
2026-05-11T07:55:21Z,75.0,Versa 4
2026-05-11T07:55:24Z,75.0,Versa 4
2026-05-11T07:55:25Z,82.0,Versa 4
2026-05-11T07:55:28Z,82.0,Versa 4
2026-05-11T07:55:29Z,79.0,Versa 4
2026-05-11T07:55:31Z,77.0,Versa 4
2026-05-11T07:55:34Z,77.0,Versa 4
2026-05-11T07:55:35Z,75.0,Versa 4
2026-05-11T07:55:37Z,74.0,Versa 4
2026-05-11T07:55:38Z,73.0,Versa 4
2026-05-11T07:55:40Z,72.0,Versa 4
2026-05-11T07:55:43Z,72.0,Versa 4
2026-05-11T07:55:46Z,72.0,Versa 4
2026-05-11T07:55:49Z,72.0,Versa 4
2026-05-11T07:55:52Z,72.0,Versa 4
2026-05-11T07:55:54Z,72.0,Versa 4
2026-05-11T07:55:56Z,73.0,Versa 4
2026-05-11T07:55:58Z,74.0,Versa 4
2026-05-11T07:56:01Z,74.0,Versa 4
2026-05-11T07:56:03Z,75.0,Versa 4
2026-05-11T07:56:06Z,75.0,Versa 4
2026-05-11T07:56:07Z,76.0,Versa 4
2026-05-11T07:56:09Z,77.0,Versa 4
2026-05-11T07:56:12Z,77.0,Versa 4
2026-05-11T07:56:13Z,79.0,Versa 4
2026-05-11T07:56:15Z,80.0,Versa 4
2026-05-11T07:56:17Z,83.0,Versa 4
2026-05-11T07:56:19Z,84.0,Versa 4
2026-05-11T07:56:22Z,84.0,Versa 4
2026-05-11T07:56:23Z,82.0,Versa 4
2026-05-11T07:56:25Z,80.0,Versa 4
2026-05-11T07:56:26Z,79.0,Versa 4
2026-05-11T07:56:28Z,80.0,Versa 4
2026-05-11T07:56:30Z,78.0,Versa 4
2026-05-11T07:56:33Z,78.0,Versa 4
2026-05-11T07:56:34Z,77.0,Versa 4
2026-05-11T07:56:36Z,76.0,Versa 4
2026-05-11T07:56:39Z,76.0,Versa 4
2026-05-11T07:56:40Z,78.0,Versa 4
2026-05-11T07:56:43Z,78.0,Versa 4
2026-05-11T07:56:44Z,79.0,Versa 4
2026-05-11T07:56:46Z,78.0,Versa 4
2026-05-11T07:56:48Z,76.0,Versa 4
2026-05-11T07:56:50Z,75.0,Versa 4
2026-05-11T07:56:53Z,75.0,Versa 4
2026-05-11T07:56:55Z,74.0,Versa 4
2026-05-11T07:56:57Z,72.0,Versa 4
2026-05-11T07:57:00Z,72.0,Versa 4
2026-05-11T07:57:03Z,72.0,Versa 4
2026-05-11T07:57:05Z,74.0,Versa 4
2026-05-11T07:57:07Z,75.0,Versa 4
2026-05-11T07:57:09Z,76.0,Versa 4
2026-05-11T07:57:11Z,81.0,Versa 4
2026-05-11T07:57:13Z,78.0,Versa 4
2026-05-11T07:57:16Z,80.0,Versa 4
2026-05-11T07:57:18Z,79.0,Versa 4
2026-05-11T07:57:20Z,78.0,Versa 4
2026-05-11T07:57:23Z,78.0,Versa 4
2026-05-11T07:57:24Z,76.0,Versa 4
2026-05-11T07:57:26Z,77.0,Versa 4
2026-05-11T07:57:28Z,76.0,Versa 4
2026-05-11T07:57:31Z,76.0,Versa 4
2026-05-11T07:57:32Z,76.0,Versa 4
2026-05-11T07:57:35Z,76.0,Versa 4
2026-05-11T07:57:38Z,79.0,Versa 4
2026-05-11T07:57:39Z,77.0,Versa 4
2026-05-11T07:57:41Z,82.0,Versa 4
2026-05-11T07:57:43Z,86.0,Versa 4
2026-05-11T07:57:45Z,84.0,Versa 4
2026-05-11T07:57:48Z,84.0,Versa 4
2026-05-11T07:57:49Z,85.0,Versa 4
2026-05-11T07:57:51Z,84.0,Versa 4
2026-05-11T07:57:53Z,82.0,Versa 4
2026-05-11T07:57:56Z,82.0,Versa 4
2026-05-11T07:57:57Z,81.0,Versa 4
2026-05-11T07:57:59Z,79.0,Versa 4
2026-05-11T07:58:01Z,78.0,Versa 4
2026-05-11T07:58:04Z,78.0,Versa 4
2026-05-11T07:58:07Z,78.0,Versa 4
2026-05-11T07:58:08Z,79.0,Versa 4
2026-05-11T07:58:10Z,80.0,Versa 4
2026-05-11T07:58:13Z,80.0,Versa 4
2026-05-11T07:58:14Z,81.0,Versa 4
2026-05-11T07:58:16Z,82.0,Versa 4
2026-05-11T07:58:18Z,83.0,Versa 4
2026-05-11T07:58:20Z,86.0,Versa 4
2026-05-11T07:58:22Z,83.0,Versa 4
2026-05-11T07:58:24Z,82.0,Versa 4
2026-05-11T07:58:26Z,83.0,Versa 4
2026-05-11T07:58:27Z,83.0,Versa 4
2026-05-11T07:58:29Z,82.0,Versa 4
2026-05-11T07:58:31Z,83.0,Versa 4
2026-05-11T07:58:33Z,81.0,Versa 4
2026-05-11T07:58:36Z,81.0,Versa 4
2026-05-11T07:58:37Z,82.0,Versa 4
2026-05-11T07:58:39Z,81.0,Versa 4
2026-05-11T07:58:42Z,81.0,Versa 4
2026-05-11T07:58:43Z,82.0,Versa 4
2026-05-11T07:58:46Z,82.0,Versa 4
2026-05-11T07:58:47Z,81.0,Versa 4
2026-05-11T07:58:50Z,80.0,Versa 4
2026-05-11T07:58:52Z,81.0,Versa 4
2026-05-11T07:58:54Z,79.0,Versa 4
2026-05-11T07:58:57Z,79.0,Versa 4
2026-05-11T07:59:00Z,81.0,Versa 4
2026-05-11T07:59:02Z,80.0,Versa 4
2026-05-11T07:59:05Z,80.0,Versa 4
2026-05-11T07:59:06Z,81.0,Versa 4
2026-05-11T07:59:08Z,80.0,Versa 4
2026-05-11T07:59:11Z,80.0,Versa 4
2026-05-11T07:59:14Z,80.0,Versa 4
2026-05-11T07:59:15Z,79.0,Versa 4
2026-05-11T07:59:17Z,81.0,Versa 4
2026-05-11T07:59:19Z,83.0,Versa 4
2026-05-11T07:59:21Z,80.0,Versa 4
2026-05-11T07:59:23Z,82.0,Versa 4
2026-05-11T07:59:25Z,81.0,Versa 4
2026-05-11T07:59:27Z,79.0,Versa 4
2026-05-11T07:59:29Z,78.0,Versa 4
2026-05-11T07:59:32Z,78.0,Versa 4
2026-05-11T07:59:33Z,77.0,Versa 4
2026-05-11T07:59:35Z,78.0,Versa 4
2026-05-11T07:59:37Z,79.0,Versa 4
2026-05-11T07:59:38Z,75.0,Versa 4
2026-05-11T07:59:40Z,74.0,Versa 4
2026-05-11T07:59:42Z,73.0,Versa 4
2026-05-11T07:59:45Z,73.0,Versa 4
2026-05-11T07:59:46Z,74.0,Versa 4
2026-05-11T07:59:48Z,73.0,Versa 4
2026-05-11T07:59:50Z,72.0,Versa 4
2026-05-11T07:59:53Z,72.0,Versa 4
2026-05-11T07:59:56Z,73.0,Versa 4
2026-05-11T07:59:58Z,74.0,Versa 4
2026-05-11T08:00:01Z,74.0,Versa 4
2026-05-11T08:00:04Z,74.0,Versa 4
2026-05-11T08:00:05Z,76.0,Versa 4
2026-05-11T08:00:07Z,78.0,Versa 4
2026-05-11T08:00:10Z,78.0,Versa 4
2026-05-11T08:00:13Z,79.0,Versa 4
2026-05-11T08:00:15Z,80.0,Versa 4
2026-05-11T08:00:18Z,80.0,Versa 4
2026-05-11T08:00:19Z,78.0,Versa 4
2026-05-11T08:00:21Z,77.0,Versa 4
2026-05-11T08:00:23Z,76.0,Versa 4
2026-05-11T08:00:25Z,74.0,Versa 4
2026-05-11T08:00:26Z,73.0,Versa 4
2026-05-11T08:00:28Z,74.0,Versa 4
2026-05-11T08:00:30Z,75.0,Versa 4
2026-05-11T08:00:33Z,75.0,Versa 4
2026-05-11T08:00:34Z,76.0,Versa 4
2026-05-11T08:00:37Z,76.0,Versa 4
2026-05-11T08:00:40Z,76.0,Versa 4
2026-05-11T08:00:42Z,76.0,Versa 4
2026-05-11T08:00:44Z,75.0,Versa 4
2026-05-11T08:00:46Z,76.0,Versa 4
2026-05-11T08:00:48Z,77.0,Versa 4
2026-05-11T08:00:50Z,78.0,Versa 4
2026-05-11T08:00:51Z,77.0,Versa 4
2026-05-11T08:00:53Z,78.0,Versa 4
2026-05-11T08:00:55Z,79.0,Versa 4
2026-05-11T08:00:57Z,78.0,Versa 4
2026-05-11T08:01:00Z,78.0,Versa 4
2026-05-11T08:01:03Z,77.0,Versa 4
2026-05-11T08:01:06Z,77.0,Versa 4
2026-05-11T08:01:09Z,77.0,Versa 4
2026-05-11T08:01:11Z,76.0,Versa 4
2026-05-11T08:01:13Z,75.0,Versa 4
2026-05-11T08:01:16Z,75.0,Versa 4
2026-05-11T08:01:18Z,76.0,Versa 4
2026-05-11T08:01:20Z,75.0,Versa 4
2026-05-11T08:01:22Z,75.0,Versa 4
2026-05-11T08:01:25Z,75.0,Versa 4
2026-05-11T08:01:26Z,76.0,Versa 4
2026-05-11T08:01:28Z,77.0,Versa 4
2026-05-11T08:01:31Z,77.0,Versa 4
2026-05-11T08:01:32Z,76.0,Versa 4
2026-05-11T08:01:34Z,75.0,Versa 4
2026-05-11T08:01:37Z,75.0,Versa 4
2026-05-11T08:01:39Z,74.0,Versa 4
2026-05-11T08:01:41Z,74.0,Versa 4
2026-05-11T08:01:43Z,74.0,Versa 4
2026-05-11T08:01:46Z,74.0,Versa 4
2026-05-11T08:01:49Z,74.0,Versa 4
2026-05-11T08:01:51Z,75.0,Versa 4
2026-05-11T08:01:53Z,77.0,Versa 4
2026-05-11T08:01:55Z,76.0,Versa 4
2026-05-11T08:01:58Z,76.0,Versa 4
2026-05-11T08:02:01Z,76.0,Versa 4
2026-05-11T08:02:02Z,78.0,Versa 4
2026-05-11T08:02:05Z,78.0,Versa 4
2026-05-11T08:02:08Z,79.0,Versa 4
2026-05-11T08:02:11Z,79.0,Versa 4
2026-05-11T08:02:12Z,78.0,Versa 4
2026-05-11T08:02:14Z,80.0,Versa 4
2026-05-11T08:02:16Z,84.0,Versa 4
2026-05-11T08:02:19Z,84.0,Versa 4
2026-05-11T08:02:20Z,86.0,Versa 4
2026-05-11T08:02:22Z,89.0,Versa 4
2026-05-11T08:02:24Z,92.0,Versa 4
2026-05-11T08:02:26Z,94.0,Versa 4
2026-05-11T08:02:27Z,97.0,Versa 4
2026-05-11T08:02:29Z,87.0,Versa 4
2026-05-11T08:02:31Z,83.0,Versa 4
2026-05-11T08:02:33Z,80.0,Versa 4
2026-05-11T08:02:36Z,80.0,Versa 4
2026-05-11T08:02:37Z,81.0,Versa 4
2026-05-11T08:02:39Z,83.0,Versa 4
2026-05-11T08:02:41Z,82.0,Versa 4
2026-05-11T08:02:44Z,82.0,Versa 4
2026-05-11T08:02:45Z,83.0,Versa 4
2026-05-11T08:02:48Z,83.0,Versa 4
2026-05-11T08:02:49Z,85.0,Versa 4
2026-05-11T08:02:52Z,86.0,Versa 4
2026-05-11T08:02:54Z,87.0,Versa 4
2026-05-11T08:02:56Z,88.0,Versa 4
2026-05-11T08:02:58Z,91.0,Versa 4
2026-05-11T08:03:00Z,96.0,Versa 4
2026-05-11T08:03:02Z,93.0,Versa 4
2026-05-11T08:03:04Z,89.0,Versa 4
2026-05-11T08:03:06Z,91.0,Versa 4
2026-05-11T08:03:08Z,89.0,Versa 4
2026-05-11T08:03:11Z,89.0,Versa 4
2026-05-11T08:03:12Z,92.0,Versa 4
2026-05-11T08:03:14Z,93.0,Versa 4
2026-05-11T08:03:15Z,92.0,Versa 4
2026-05-11T08:03:17Z,94.0,Versa 4
2026-05-11T08:03:20Z,94.0,Versa 4
2026-05-11T08:03:21Z,90.0,Versa 4
2026-05-11T08:03:23Z,90.0,Versa 4
2026-05-11T08:03:25Z,89.0,Versa 4
2026-05-11T08:03:27Z,88.0,Versa 4
2026-05-11T08:03:29Z,91.0,Versa 4
2026-05-11T08:03:31Z,90.0,Versa 4
2026-05-11T08:03:33Z,86.0,Versa 4
2026-05-11T08:03:35Z,122.0,Versa 4
2026-05-11T08:03:37Z,127.0,Versa 4
2026-05-11T08:03:38Z,106.0,Versa 4
2026-05-11T08:03:40Z,110.0,Versa 4
2026-05-11T08:03:42Z,98.0,Versa 4
2026-05-11T08:03:44Z,79.0,Versa 4
2026-05-11T08:03:46Z,77.0,Versa 4
2026-05-11T08:03:48Z,78.0,Versa 4
2026-05-11T08:03:50Z,77.0,Versa 4
2026-05-11T08:03:52Z,79.0,Versa 4
2026-05-11T08:03:54Z,82.0,Versa 4
2026-05-11T08:03:56Z,78.0,Versa 4
2026-05-11T08:03:58Z,77.0,Versa 4
2026-05-11T08:04:00Z,78.0,Versa 4
2026-05-11T08:04:02Z,79.0,Versa 4
2026-05-11T08:04:03Z,80.0,Versa 4
2026-05-11T08:04:05Z,81.0,Versa 4
2026-05-11T08:04:07Z,79.0,Versa 4
2026-05-11T08:04:09Z,80.0,Versa 4
2026-05-11T08:04:11Z,85.0,Versa 4
2026-05-11T08:04:13Z,82.0,Versa 4
2026-05-11T08:04:15Z,80.0,Versa 4
2026-05-11T08:04:17Z,77.0,Versa 4
2026-05-11T08:04:19Z,76.0,Versa 4
2026-05-11T08:04:22Z,76.0,Versa 4
2026-05-11T08:04:23Z,74.0,Versa 4
2026-05-11T08:04:26Z,76.0,Versa 4
2026-05-11T08:04:28Z,75.0,Versa 4
2026-05-11T08:04:31Z,75.0,Versa 4
2026-05-11T08:04:34Z,75.0,Versa 4
2026-05-11T08:04:36Z,73.0,Versa 4
2026-05-11T08:04:38Z,78.0,Versa 4
2026-05-11T08:04:40Z,77.0,Versa 4
2026-05-11T08:04:42Z,76.0,Versa 4
2026-05-11T08:04:45Z,72.0,Versa 4
2026-05-11T08:04:47Z,73.0,Versa 4
2026-05-11T08:04:49Z,75.0,Versa 4
2026-05-11T08:04:51Z,76.0,Versa 4
2026-05-11T08:04:52Z,77.0,Versa 4
2026-05-11T08:04:54Z,79.0,Versa 4
2026-05-11T08:04:56Z,80.0,Versa 4
2026-05-11T08:04:58Z,84.0,Versa 4
2026-05-11T08:05:00Z,80.0,Versa 4
2026-05-11T08:05:02Z,82.0,Versa 4
2026-05-11T08:05:05Z,82.0,Versa 4
2026-05-11T08:05:06Z,86.0,Versa 4
2026-05-11T08:05:08Z,84.0,Versa 4
2026-05-11T08:05:10Z,81.0,Versa 4
2026-05-11T08:05:13Z,81.0,Versa 4
2026-05-11T08:05:14Z,80.0,Versa 4
2026-05-11T08:05:16Z,79.0,Versa 4
2026-05-11T08:05:17Z,80.0,Versa 4
2026-05-11T08:05:19Z,81.0,Versa 4
2026-05-11T08:05:22Z,81.0,Versa 4
2026-05-11T08:05:23Z,82.0,Versa 4
2026-05-11T08:05:26Z,82.0,Versa 4
2026-05-11T08:05:27Z,83.0,Versa 4
2026-05-11T08:05:29Z,84.0,Versa 4
2026-05-11T08:05:31Z,83.0,Versa 4
2026-05-11T08:05:33Z,82.0,Versa 4
2026-05-11T08:05:35Z,82.0,Versa 4
2026-05-11T08:05:38Z,82.0,Versa 4
2026-05-11T08:05:41Z,82.0,Versa 4
2026-05-11T08:05:44Z,83.0,Versa 4
2026-05-11T08:05:46Z,84.0,Versa 4
2026-05-11T08:05:48Z,85.0,Versa 4
2026-05-11T08:05:50Z,86.0,Versa 4
2026-05-11T08:05:52Z,87.0,Versa 4
2026-05-11T08:05:55Z,87.0,Versa 4
2026-05-11T08:05:56Z,84.0,Versa 4
2026-05-11T08:05:58Z,85.0,Versa 4
2026-05-11T08:06:00Z,86.0,Versa 4
2026-05-11T08:06:03Z,86.0,Versa 4
2026-05-11T08:06:04Z,84.0,Versa 4
2026-05-11T08:06:07Z,83.0,Versa 4
2026-05-11T08:06:10Z,83.0,Versa 4
2026-05-11T08:06:13Z,83.0,Versa 4
2026-05-11T08:06:16Z,83.0,Versa 4
2026-05-11T08:06:19Z,83.0,Versa 4
2026-05-11T08:06:22Z,83.0,Versa 4
2026-05-11T08:06:23Z,84.0,Versa 4
2026-05-11T08:06:26Z,84.0,Versa 4
2026-05-11T08:06:29Z,84.0,Versa 4
2026-05-11T08:06:32Z,84.0,Versa 4
2026-05-11T08:06:34Z,83.0,Versa 4
2026-05-11T08:06:37Z,83.0,Versa 4
2026-05-11T08:06:40Z,82.0,Versa 4
2026-05-11T08:06:42Z,82.0,Versa 4
2026-05-11T08:06:45Z,82.0,Versa 4
2026-05-11T08:06:46Z,79.0,Versa 4
2026-05-11T08:06:49Z,79.0,Versa 4
2026-05-11T08:06:50Z,77.0,Versa 4
2026-05-11T08:06:53Z,76.0,Versa 4
2026-05-11T08:06:56Z,76.0,Versa 4
2026-05-11T08:06:57Z,77.0,Versa 4
2026-05-11T08:06:59Z,76.0,Versa 4
2026-05-11T08:07:02Z,76.0,Versa 4
2026-05-11T08:07:03Z,75.0,Versa 4
2026-05-11T08:07:05Z,76.0,Versa 4
2026-05-11T08:07:07Z,75.0,Versa 4
2026-05-11T08:07:09Z,76.0,Versa 4
2026-05-11T08:07:11Z,77.0,Versa 4
2026-05-11T08:07:13Z,78.0,Versa 4
2026-05-11T08:07:16Z,78.0,Versa 4
2026-05-11T08:07:19Z,78.0,Versa 4
2026-05-11T08:07:22Z,79.0,Versa 4
2026-05-11T08:07:24Z,77.0,Versa 4
2026-05-11T08:07:26Z,76.0,Versa 4
2026-05-11T08:07:29Z,76.0,Versa 4
2026-05-11T08:07:32Z,76.0,Versa 4
2026-05-11T08:07:34Z,75.0,Versa 4
2026-05-11T08:07:36Z,76.0,Versa 4
2026-05-11T08:07:39Z,76.0,Versa 4
2026-05-11T08:07:40Z,77.0,Versa 4
2026-05-11T08:07:41Z,77.0,Versa 4
2026-05-11T08:07:44Z,77.0,Versa 4
2026-05-11T08:07:47Z,78.0,Versa 4
2026-05-11T08:07:49Z,77.0,Versa 4
2026-05-11T08:07:51Z,76.0,Versa 4
2026-05-11T08:07:53Z,78.0,Versa 4
2026-05-11T08:07:56Z,78.0,Versa 4
2026-05-11T08:07:59Z,79.0,Versa 4
2026-05-11T08:08:02Z,79.0,Versa 4
2026-05-11T08:08:04Z,78.0,Versa 4
2026-05-11T08:08:06Z,80.0,Versa 4
2026-05-11T08:08:09Z,80.0,Versa 4
2026-05-11T08:08:12Z,80.0,Versa 4
2026-05-11T08:08:15Z,80.0,Versa 4
2026-05-11T08:08:16Z,81.0,Versa 4
2026-05-11T08:08:18Z,88.0,Versa 4
2026-05-11T08:08:20Z,90.0,Versa 4
2026-05-11T08:08:22Z,88.0,Versa 4
2026-05-11T08:08:24Z,85.0,Versa 4
2026-05-11T08:08:26Z,83.0,Versa 4
2026-05-11T08:08:28Z,84.0,Versa 4
2026-05-11T08:08:29Z,82.0,Versa 4
2026-05-11T08:08:31Z,80.0,Versa 4
2026-05-11T08:08:33Z,81.0,Versa 4
2026-05-11T08:08:35Z,82.0,Versa 4
2026-05-11T08:08:37Z,85.0,Versa 4
2026-05-11T08:08:39Z,86.0,Versa 4
2026-05-11T08:08:41Z,88.0,Versa 4
2026-05-11T08:08:44Z,88.0,Versa 4
2026-05-11T08:08:45Z,89.0,Versa 4
2026-05-11T08:08:47Z,91.0,Versa 4
2026-05-11T08:08:50Z,91.0,Versa 4
2026-05-11T08:08:52Z,90.0,Versa 4
2026-05-11T08:08:54Z,92.0,Versa 4
2026-05-11T08:08:57Z,92.0,Versa 4
2026-05-11T08:08:58Z,94.0,Versa 4
2026-05-11T08:09:00Z,95.0,Versa 4
2026-05-11T08:09:02Z,94.0,Versa 4
2026-05-11T08:09:05Z,94.0,Versa 4
2026-05-11T08:09:06Z,93.0,Versa 4
2026-05-11T08:09:08Z,91.0,Versa 4
2026-05-11T08:09:10Z,93.0,Versa 4
2026-05-11T08:09:13Z,93.0,Versa 4
2026-05-11T08:09:14Z,90.0,Versa 4
2026-05-11T08:09:17Z,89.0,Versa 4
2026-05-11T08:09:19Z,94.0,Versa 4
2026-05-11T08:09:21Z,96.0,Versa 4
2026-05-11T08:09:24Z,96.0,Versa 4
2026-05-11T08:09:27Z,95.0,Versa 4
2026-05-11T08:09:29Z,96.0,Versa 4
2026-05-11T08:09:31Z,95.0,Versa 4
2026-05-11T08:09:33Z,94.0,Versa 4
2026-05-11T08:09:35Z,93.0,Versa 4
2026-05-11T08:09:37Z,89.0,Versa 4
2026-05-11T08:09:39Z,89.0,Versa 4
2026-05-11T08:09:40Z,88.0,Versa 4
2026-05-11T08:09:42Z,87.0,Versa 4
2026-05-11T08:09:45Z,87.0,Versa 4
2026-05-11T08:09:46Z,88.0,Versa 4
2026-05-11T08:09:48Z,89.0,Versa 4
2026-05-11T08:09:51Z,89.0,Versa 4
2026-05-11T08:09:52Z,90.0,Versa 4
2026-05-11T08:09:54Z,89.0,Versa 4
2026-05-11T08:09:56Z,90.0,Versa 4
2026-05-11T08:09:58Z,89.0,Versa 4
2026-05-11T08:10:00Z,92.0,Versa 4
2026-05-11T08:10:02Z,91.0,Versa 4
2026-05-11T08:10:04Z,92.0,Versa 4
2026-05-11T08:10:07Z,92.0,Versa 4
2026-05-11T08:10:10Z,92.0,Versa 4
2026-05-11T08:10:11Z,93.0,Versa 4
2026-05-11T08:10:14Z,93.0,Versa 4
2026-05-11T08:10:17Z,92.0,Versa 4
2026-05-11T08:10:20Z,92.0,Versa 4
2026-05-11T08:10:23Z,93.0,Versa 4
2026-05-11T08:10:25Z,94.0,Versa 4
2026-05-11T08:10:27Z,96.0,Versa 4
2026-05-11T08:10:30Z,95.0,Versa 4
2026-05-11T08:10:32Z,94.0,Versa 4
2026-05-11T08:10:34Z,93.0,Versa 4
2026-05-11T08:10:37Z,93.0,Versa 4
2026-05-11T08:10:38Z,93.0,Versa 4
2026-05-11T08:10:40Z,96.0,Versa 4
2026-05-11T08:10:42Z,97.0,Versa 4
2026-05-11T08:10:45Z,97.0,Versa 4
2026-05-11T08:10:46Z,98.0,Versa 4
2026-05-11T08:10:48Z,94.0,Versa 4
2026-05-11T08:10:50Z,95.0,Versa 4
2026-05-11T08:10:53Z,95.0,Versa 4
2026-05-11T08:10:56Z,95.0,Versa 4
2026-05-11T08:10:57Z,94.0,Versa 4
2026-05-11T08:11:00Z,94.0,Versa 4
2026-05-11T08:11:01Z,92.0,Versa 4
2026-05-11T08:11:04Z,92.0,Versa 4
2026-05-11T08:11:05Z,91.0,Versa 4
2026-05-11T08:11:08Z,91.0,Versa 4
2026-05-11T08:11:09Z,94.0,Versa 4
2026-05-11T08:11:11Z,95.0,Versa 4
2026-05-11T08:11:13Z,97.0,Versa 4
2026-05-11T08:11:15Z,96.0,Versa 4
2026-05-11T08:11:16Z,95.0,Versa 4
2026-05-11T08:11:19Z,95.0,Versa 4
2026-05-11T08:11:20Z,94.0,Versa 4
2026-05-11T08:11:22Z,93.0,Versa 4
2026-05-11T08:11:25Z,93.0,Versa 4
2026-05-11T08:11:28Z,93.0,Versa 4
2026-05-11T08:11:30Z,94.0,Versa 4
2026-05-11T08:11:32Z,92.0,Versa 4
2026-05-11T08:11:34Z,93.0,Versa 4
2026-05-11T08:11:37Z,93.0,Versa 4
2026-05-11T08:11:38Z,92.0,Versa 4
2026-05-11T08:11:40Z,91.0,Versa 4
2026-05-11T08:11:43Z,90.0,Versa 4
2026-05-11T08:11:45Z,91.0,Versa 4
2026-05-11T08:11:47Z,90.0,Versa 4
2026-05-11T08:11:49Z,88.0,Versa 4
2026-05-11T08:11:51Z,85.0,Versa 4
2026-05-11T08:11:53Z,84.0,Versa 4
2026-05-11T08:11:55Z,85.0,Versa 4
2026-05-11T08:11:58Z,85.0,Versa 4
2026-05-11T08:12:01Z,84.0,Versa 4
2026-05-11T08:12:03Z,83.0,Versa 4
2026-05-11T08:12:04Z,84.0,Versa 4
2026-05-11T08:12:07Z,84.0,Versa 4
2026-05-11T08:12:10Z,84.0,Versa 4
2026-05-11T08:12:13Z,84.0,Versa 4
2026-05-11T08:12:16Z,85.0,Versa 4
2026-05-11T08:12:18Z,84.0,Versa 4
2026-05-11T08:12:20Z,85.0,Versa 4
2026-05-11T08:12:22Z,86.0,Versa 4
2026-05-11T08:12:25Z,86.0,Versa 4
2026-05-11T08:12:26Z,87.0,Versa 4
2026-05-11T08:12:29Z,88.0,Versa 4
2026-05-11T08:12:32Z,88.0,Versa 4
2026-05-11T08:12:33Z,89.0,Versa 4
2026-05-11T08:12:35Z,91.0,Versa 4
2026-05-11T08:12:37Z,89.0,Versa 4
2026-05-11T08:12:39Z,90.0,Versa 4
2026-05-11T08:12:42Z,90.0,Versa 4
2026-05-11T08:12:43Z,88.0,Versa 4
2026-05-11T08:12:45Z,89.0,Versa 4
2026-05-11T08:12:47Z,90.0,Versa 4
2026-05-11T08:12:50Z,90.0,Versa 4
2026-05-11T08:12:51Z,91.0,Versa 4
2026-05-11T08:12:52Z,92.0,Versa 4
2026-05-11T08:12:54Z,93.0,Versa 4
2026-05-11T08:12:57Z,93.0,Versa 4
2026-05-11T08:12:58Z,94.0,Versa 4
2026-05-11T08:13:00Z,92.0,Versa 4
2026-05-11T08:13:02Z,89.0,Versa 4
2026-05-11T08:13:04Z,88.0,Versa 4
2026-05-11T08:13:06Z,87.0,Versa 4
2026-05-11T08:13:08Z,88.0,Versa 4
2026-05-11T08:13:10Z,89.0,Versa 4
2026-05-11T08:13:12Z,90.0,Versa 4
2026-05-11T08:13:14Z,92.0,Versa 4
2026-05-11T08:13:17Z,90.0,Versa 4
2026-05-11T08:13:20Z,90.0,Versa 4
2026-05-11T08:13:23Z,89.0,Versa 4
2026-05-11T08:13:25Z,90.0,Versa 4
2026-05-11T08:13:28Z,90.0,Versa 4
2026-05-11T08:13:31Z,90.0,Versa 4
2026-05-11T08:13:33Z,87.0,Versa 4
2026-05-11T08:13:35Z,88.0,Versa 4
2026-05-11T08:13:37Z,91.0,Versa 4
2026-05-11T08:13:40Z,91.0,Versa 4
2026-05-11T08:13:42Z,92.0,Versa 4
2026-05-11T08:13:45Z,92.0,Versa 4
2026-05-11T08:13:46Z,95.0,Versa 4
2026-05-11T08:13:48Z,98.0,Versa 4
2026-05-11T08:13:51Z,98.0,Versa 4
2026-05-11T08:13:52Z,97.0,Versa 4
2026-05-11T08:13:54Z,95.0,Versa 4
2026-05-11T08:13:56Z,94.0,Versa 4
2026-05-11T08:13:58Z,92.0,Versa 4
2026-05-11T08:14:01Z,92.0,Versa 4
2026-05-11T08:14:04Z,92.0,Versa 4
2026-05-11T08:14:06Z,94.0,Versa 4
2026-05-11T08:14:08Z,93.0,Versa 4
2026-05-11T08:14:11Z,93.0,Versa 4
2026-05-11T08:14:14Z,93.0,Versa 4
2026-05-11T08:14:15Z,92.0,Versa 4
2026-05-11T08:14:18Z,92.0,Versa 4
2026-05-11T08:14:19Z,91.0,Versa 4
2026-05-11T08:14:21Z,89.0,Versa 4
2026-05-11T08:14:23Z,91.0,Versa 4
2026-05-11T08:14:25Z,92.0,Versa 4
2026-05-11T08:14:27Z,94.0,Versa 4
2026-05-11T08:14:29Z,93.0,Versa 4
2026-05-11T08:14:32Z,93.0,Versa 4
2026-05-11T08:14:35Z,93.0,Versa 4
2026-05-11T08:14:36Z,94.0,Versa 4
2026-05-11T08:14:39Z,94.0,Versa 4
2026-05-11T08:14:40Z,95.0,Versa 4
2026-05-11T08:14:43Z,95.0,Versa 4
2026-05-11T08:14:44Z,96.0,Versa 4
2026-05-11T08:14:46Z,95.0,Versa 4
2026-05-11T08:14:48Z,94.0,Versa 4
2026-05-11T08:14:50Z,97.0,Versa 4
2026-05-11T08:14:53Z,97.0,Versa 4
2026-05-11T08:14:54Z,98.0,Versa 4
2026-05-11T08:14:57Z,98.0,Versa 4
2026-05-11T08:14:58Z,96.0,Versa 4
2026-05-11T08:15:01Z,97.0,Versa 4
2026-05-11T08:15:03Z,94.0,Versa 4
2026-05-11T08:15:05Z,93.0,Versa 4
2026-05-11T08:15:07Z,92.0,Versa 4
2026-05-11T08:15:10Z,92.0,Versa 4
2026-05-11T08:15:13Z,92.0,Versa 4
2026-05-11T08:15:15Z,91.0,Versa 4
2026-05-11T08:15:17Z,92.0,Versa 4
2026-05-11T08:15:20Z,92.0,Versa 4
2026-05-11T08:15:21Z,93.0,Versa 4
2026-05-11T08:15:24Z,92.0,Versa 4
2026-05-11T08:15:26Z,90.0,Versa 4
2026-05-11T08:15:28Z,91.0,Versa 4
2026-05-11T08:15:31Z,91.0,Versa 4
2026-05-11T08:15:34Z,90.0,Versa 4
2026-05-11T08:15:36Z,89.0,Versa 4
2026-05-11T08:15:38Z,87.0,Versa 4
2026-05-11T08:15:40Z,85.0,Versa 4
2026-05-11T08:15:42Z,84.0,Versa 4
2026-05-11T08:15:44Z,85.0,Versa 4
2026-05-11T08:15:46Z,86.0,Versa 4
2026-05-11T08:15:49Z,87.0,Versa 4
2026-05-11T08:15:51Z,89.0,Versa 4
2026-05-11T08:15:54Z,89.0,Versa 4
2026-05-11T08:15:55Z,89.0,Versa 4
2026-05-11T08:15:57Z,91.0,Versa 4
2026-05-11T08:15:59Z,92.0,Versa 4
2026-05-11T08:16:01Z,91.0,Versa 4
2026-05-11T08:16:03Z,92.0,Versa 4
2026-05-11T08:16:05Z,91.0,Versa 4
2026-05-11T08:16:08Z,91.0,Versa 4
2026-05-11T08:16:11Z,91.0,Versa 4
2026-05-11T08:16:14Z,91.0,Versa 4
2026-05-11T08:16:16Z,95.0,Versa 4
2026-05-11T08:16:19Z,95.0,Versa 4
2026-05-11T08:16:20Z,94.0,Versa 4
2026-05-11T08:16:23Z,94.0,Versa 4
2026-05-11T08:16:24Z,93.0,Versa 4
2026-05-11T08:16:26Z,91.0,Versa 4
2026-05-11T08:16:28Z,90.0,Versa 4
2026-05-11T08:16:30Z,92.0,Versa 4
2026-05-11T08:16:32Z,88.0,Versa 4
2026-05-11T08:16:34Z,84.0,Versa 4
2026-05-11T08:16:36Z,86.0,Versa 4
2026-05-11T08:16:39Z,85.0,Versa 4
2026-05-11T08:16:41Z,86.0,Versa 4
2026-05-11T08:16:43Z,88.0,Versa 4
2026-05-11T08:16:45Z,89.0,Versa 4
2026-05-11T08:16:47Z,90.0,Versa 4
2026-05-11T08:16:49Z,88.0,Versa 4
2026-05-11T08:16:51Z,91.0,Versa 4
2026-05-11T08:16:53Z,92.0,Versa 4
2026-05-11T08:16:55Z,91.0,Versa 4
2026-05-11T08:16:57Z,89.0,Versa 4
2026-05-11T08:16:59Z,91.0,Versa 4
2026-05-11T08:17:00Z,88.0,Versa 4
2026-05-11T08:17:03Z,88.0,Versa 4
2026-05-11T08:17:04Z,89.0,Versa 4
2026-05-11T08:17:07Z,89.0,Versa 4
2026-05-11T08:17:08Z,91.0,Versa 4
2026-05-11T08:17:10Z,84.0,Versa 4
2026-05-11T08:17:12Z,80.0,Versa 4
2026-05-11T08:17:14Z,78.0,Versa 4
2026-05-11T08:17:16Z,77.0,Versa 4
2026-05-11T08:17:18Z,78.0,Versa 4
2026-05-11T08:17:20Z,77.0,Versa 4
2026-05-11T08:17:22Z,80.0,Versa 4
2026-05-11T08:17:24Z,82.0,Versa 4
2026-05-11T08:17:25Z,80.0,Versa 4
2026-05-11T08:17:28Z,80.0,Versa 4
2026-05-11T08:17:29Z,79.0,Versa 4
2026-05-11T08:17:32Z,79.0,Versa 4
2026-05-11T08:17:33Z,80.0,Versa 4
2026-05-11T08:17:35Z,78.0,Versa 4
2026-05-11T08:17:37Z,79.0,Versa 4
2026-05-11T08:17:40Z,79.0,Versa 4
2026-05-11T08:17:41Z,81.0,Versa 4
2026-05-11T08:17:44Z,81.0,Versa 4
2026-05-11T08:17:45Z,81.0,Versa 4
2026-05-11T08:17:47Z,82.0,Versa 4
2026-05-11T08:17:48Z,81.0,Versa 4
2026-05-11T08:17:50Z,79.0,Versa 4
2026-05-11T08:17:52Z,78.0,Versa 4
2026-05-11T08:17:54Z,81.0,Versa 4
2026-05-11T08:17:56Z,84.0,Versa 4
2026-05-11T08:17:58Z,83.0,Versa 4
2026-05-11T08:18:00Z,84.0,Versa 4
2026-05-11T08:18:02Z,87.0,Versa 4
2026-05-11T08:18:05Z,87.0,Versa 4
2026-05-11T08:18:08Z,86.0,Versa 4
2026-05-11T08:18:10Z,87.0,Versa 4
2026-05-11T08:18:13Z,89.0,Versa 4
2026-05-11T08:18:16Z,89.0,Versa 4
2026-05-11T08:18:17Z,88.0,Versa 4
2026-05-11T08:18:20Z,88.0,Versa 4
2026-05-11T08:18:21Z,89.0,Versa 4
2026-05-11T08:18:23Z,88.0,Versa 4
2026-05-11T08:18:26Z,88.0,Versa 4
2026-05-11T08:18:27Z,87.0,Versa 4
2026-05-11T08:18:29Z,86.0,Versa 4
2026-05-11T08:18:31Z,87.0,Versa 4
2026-05-11T08:18:34Z,87.0,Versa 4
2026-05-11T08:18:36Z,88.0,Versa 4
2026-05-11T08:18:38Z,92.0,Versa 4
2026-05-11T08:18:40Z,89.0,Versa 4
2026-05-11T08:18:42Z,87.0,Versa 4
2026-05-11T08:18:44Z,84.0,Versa 4
2026-05-11T08:18:46Z,83.0,Versa 4
2026-05-11T08:18:49Z,83.0,Versa 4
2026-05-11T08:18:52Z,82.0,Versa 4
2026-05-11T08:18:54Z,84.0,Versa 4
2026-05-11T08:18:56Z,85.0,Versa 4
2026-05-11T08:18:58Z,84.0,Versa 4
2026-05-11T08:19:00Z,85.0,Versa 4
2026-05-11T08:19:01Z,83.0,Versa 4
2026-05-11T08:19:04Z,83.0,Versa 4
2026-05-11T08:19:05Z,84.0,Versa 4
2026-05-11T08:19:07Z,83.0,Versa 4
2026-05-11T08:19:09Z,87.0,Versa 4
2026-05-11T08:19:11Z,92.0,Versa 4
2026-05-11T08:19:13Z,89.0,Versa 4
2026-05-11T08:19:15Z,88.0,Versa 4
2026-05-11T08:19:17Z,86.0,Versa 4
2026-05-11T08:19:19Z,89.0,Versa 4
2026-05-11T08:19:21Z,88.0,Versa 4
2026-05-11T08:19:23Z,86.0,Versa 4
2026-05-11T08:19:24Z,87.0,Versa 4
2026-05-11T08:19:27Z,87.0,Versa 4
2026-05-11T08:19:28Z,85.0,Versa 4
2026-05-11T08:19:30Z,82.0,Versa 4
2026-05-11T08:19:32Z,80.0,Versa 4
2026-05-11T08:19:34Z,80.0,Versa 4
2026-05-11T08:19:36Z,83.0,Versa 4
2026-05-11T08:19:38Z,84.0,Versa 4
2026-05-11T08:19:40Z,87.0,Versa 4
2026-05-11T08:19:42Z,88.0,Versa 4
2026-05-11T08:19:44Z,89.0,Versa 4
2026-05-11T08:19:46Z,88.0,Versa 4
2026-05-11T08:19:49Z,88.0,Versa 4
2026-05-11T08:19:52Z,88.0,Versa 4
2026-05-11T08:19:56Z,90.0,Versa 4
2026-05-11T08:19:59Z,90.0,Versa 4
2026-05-11T08:20:00Z,89.0,Versa 4
2026-05-11T08:20:03Z,89.0,Versa 4
2026-05-11T08:20:04Z,87.0,Versa 4
2026-05-11T08:20:06Z,88.0,Versa 4
2026-05-11T08:20:09Z,88.0,Versa 4
2026-05-11T08:20:12Z,87.0,Versa 4
2026-05-11T08:20:14Z,86.0,Versa 4
2026-05-11T08:20:16Z,90.0,Versa 4
2026-05-11T08:20:18Z,92.0,Versa 4
2026-05-11T08:20:21Z,91.0,Versa 4
2026-05-11T08:20:23Z,88.0,Versa 4
2026-05-11T08:20:26Z,88.0,Versa 4
2026-05-11T08:20:27Z,87.0,Versa 4
2026-05-11T08:20:30Z,87.0,Versa 4
2026-05-11T08:20:33Z,86.0,Versa 4
2026-05-11T08:20:36Z,86.0,Versa 4
2026-05-11T08:20:39Z,87.0,Versa 4
2026-05-11T08:20:42Z,87.0,Versa 4
2026-05-11T08:20:45Z,88.0,Versa 4
2026-05-11T08:20:46Z,87.0,Versa 4
2026-05-11T08:20:48Z,86.0,Versa 4
2026-05-11T08:20:51Z,86.0,Versa 4
2026-05-11T08:20:52Z,87.0,Versa 4
2026-05-11T08:20:54Z,88.0,Versa 4
2026-05-11T08:20:56Z,89.0,Versa 4
2026-05-11T08:20:58Z,90.0,Versa 4
2026-05-11T08:21:00Z,91.0,Versa 4
2026-05-11T08:21:02Z,90.0,Versa 4
2026-05-11T08:21:04Z,87.0,Versa 4
2026-05-11T08:21:06Z,85.0,Versa 4
2026-05-11T08:21:08Z,84.0,Versa 4
2026-05-11T08:21:11Z,88.0,Versa 4
2026-05-11T08:21:14Z,88.0,Versa 4
2026-05-11T08:21:15Z,87.0,Versa 4
2026-05-11T08:21:17Z,89.0,Versa 4
2026-05-11T08:21:19Z,88.0,Versa 4
2026-05-11T08:21:22Z,88.0,Versa 4
2026-05-11T08:21:23Z,89.0,Versa 4
2026-05-11T08:21:25Z,88.0,Versa 4
2026-05-11T08:21:27Z,87.0,Versa 4
2026-05-11T08:21:29Z,88.0,Versa 4
2026-05-11T08:21:31Z,87.0,Versa 4
2026-05-11T08:21:33Z,88.0,Versa 4
2026-05-11T08:21:34Z,89.0,Versa 4
2026-05-11T08:21:37Z,89.0,Versa 4
2026-05-11T08:21:38Z,87.0,Versa 4
2026-05-11T08:21:40Z,86.0,Versa 4
2026-05-11T08:21:43Z,86.0,Versa 4
2026-05-11T08:21:44Z,87.0,Versa 4
2026-05-11T08:21:46Z,88.0,Versa 4
2026-05-11T08:21:48Z,90.0,Versa 4
2026-05-11T08:21:51Z,90.0,Versa 4
2026-05-11T08:21:52Z,90.0,Versa 4
2026-05-11T08:21:55Z,90.0,Versa 4
2026-05-11T08:21:56Z,88.0,Versa 4
2026-05-11T08:21:57Z,87.0,Versa 4
2026-05-11T08:21:59Z,88.0,Versa 4
2026-05-11T08:22:01Z,89.0,Versa 4
2026-05-11T08:22:03Z,88.0,Versa 4
2026-05-11T08:22:05Z,86.0,Versa 4
2026-05-11T08:22:07Z,87.0,Versa 4
2026-05-11T08:22:09Z,88.0,Versa 4
2026-05-11T08:22:11Z,87.0,Versa 4
2026-05-11T08:22:13Z,89.0,Versa 4
2026-05-11T08:22:15Z,90.0,Versa 4
2026-05-11T08:22:17Z,92.0,Versa 4
2026-05-11T08:22:20Z,92.0,Versa 4
2026-05-11T08:22:23Z,92.0,Versa 4
2026-05-11T08:22:24Z,93.0,Versa 4
2026-05-11T08:22:27Z,93.0,Versa 4
2026-05-11T08:22:28Z,92.0,Versa 4
2026-05-11T08:22:30Z,91.0,Versa 4
2026-05-11T08:22:32Z,90.0,Versa 4
2026-05-11T08:22:34Z,89.0,Versa 4
2026-05-11T08:22:36Z,88.0,Versa 4
2026-05-11T08:22:38Z,86.0,Versa 4
2026-05-11T08:22:40Z,85.0,Versa 4
2026-05-11T08:22:42Z,86.0,Versa 4
2026-05-11T08:22:45Z,87.0,Versa 4
2026-05-11T08:22:47Z,87.0,Versa 4
2026-05-11T08:22:49Z,86.0,Versa 4
2026-05-11T08:22:52Z,86.0,Versa 4
2026-05-11T08:22:53Z,89.0,Versa 4
2026-05-11T08:22:55Z,88.0,Versa 4
2026-05-11T08:22:57Z,91.0,Versa 4
2026-05-11T08:22:59Z,92.0,Versa 4
2026-05-11T08:23:01Z,93.0,Versa 4
2026-05-11T08:23:03Z,94.0,Versa 4
2026-05-11T08:23:05Z,93.0,Versa 4
2026-05-11T08:23:07Z,92.0,Versa 4
2026-05-11T08:23:09Z,91.0,Versa 4
2026-05-11T08:23:10Z,93.0,Versa 4
2026-05-11T08:23:13Z,93.0,Versa 4
2026-05-11T08:23:14Z,94.0,Versa 4
2026-05-11T08:23:16Z,91.0,Versa 4
2026-05-11T08:23:18Z,87.0,Versa 4
2026-05-11T08:23:20Z,85.0,Versa 4
2026-05-11T08:23:22Z,82.0,Versa 4
2026-05-11T08:23:24Z,83.0,Versa 4
2026-05-11T08:23:26Z,87.0,Versa 4
2026-05-11T08:23:28Z,93.0,Versa 4
2026-05-11T08:23:30Z,91.0,Versa 4
2026-05-11T08:23:32Z,90.0,Versa 4
2026-05-11T08:23:35Z,91.0,Versa 4
2026-05-11T08:23:37Z,93.0,Versa 4
2026-05-11T08:23:40Z,93.0,Versa 4
2026-05-11T08:23:41Z,93.0,Versa 4
2026-05-11T08:23:43Z,94.0,Versa 4
2026-05-11T08:23:46Z,94.0,Versa 4
2026-05-11T08:23:47Z,97.0,Versa 4
2026-05-11T08:23:49Z,96.0,Versa 4
2026-05-11T08:23:51Z,98.0,Versa 4
2026-05-11T08:23:54Z,98.0,Versa 4
2026-05-11T08:23:55Z,96.0,Versa 4
2026-05-11T08:23:57Z,100.0,Versa 4
2026-05-11T08:23:58Z,97.0,Versa 4
2026-05-11T08:24:00Z,100.0,Versa 4
2026-05-11T08:24:02Z,101.0,Versa 4
2026-05-11T08:24:04Z,97.0,Versa 4
2026-05-11T08:24:06Z,96.0,Versa 4
2026-05-11T08:24:08Z,101.0,Versa 4
2026-05-11T08:24:10Z,104.0,Versa 4
2026-05-11T08:24:12Z,106.0,Versa 4
2026-05-11T08:24:14Z,102.0,Versa 4
2026-05-11T08:24:16Z,91.0,Versa 4
2026-05-11T08:24:18Z,85.0,Versa 4
2026-05-11T08:24:20Z,83.0,Versa 4
2026-05-11T08:24:21Z,84.0,Versa 4
2026-05-11T08:24:23Z,85.0,Versa 4
2026-05-11T08:24:25Z,86.0,Versa 4
2026-05-11T08:24:27Z,87.0,Versa 4
2026-05-11T08:24:30Z,87.0,Versa 4
2026-05-11T08:24:31Z,86.0,Versa 4
2026-05-11T08:24:33Z,85.0,Versa 4
2026-05-11T08:24:36Z,85.0,Versa 4
2026-05-11T08:24:37Z,84.0,Versa 4
2026-05-11T08:24:39Z,89.0,Versa 4
2026-05-11T08:24:41Z,90.0,Versa 4
2026-05-11T08:24:43Z,91.0,Versa 4
2026-05-11T08:24:45Z,89.0,Versa 4
2026-05-11T08:24:46Z,88.0,Versa 4
2026-05-11T08:24:48Z,84.0,Versa 4
2026-05-11T08:24:50Z,82.0,Versa 4
2026-05-11T08:24:52Z,81.0,Versa 4
2026-05-11T08:24:55Z,81.0,Versa 4
2026-05-11T08:24:56Z,83.0,Versa 4
2026-05-11T08:24:58Z,84.0,Versa 4
2026-05-11T08:25:01Z,84.0,Versa 4
2026-05-11T08:25:04Z,83.0,Versa 4
2026-05-11T08:25:07Z,83.0,Versa 4
2026-05-11T08:25:09Z,85.0,Versa 4
2026-05-11T08:25:11Z,87.0,Versa 4
2026-05-11T08:25:14Z,87.0,Versa 4
2026-05-11T08:25:15Z,88.0,Versa 4
2026-05-11T08:25:17Z,87.0,Versa 4
2026-05-11T08:25:19Z,84.0,Versa 4
2026-05-11T08:25:22Z,84.0,Versa 4
2026-05-11T08:25:23Z,87.0,Versa 4
2026-05-11T08:25:25Z,88.0,Versa 4
2026-05-11T08:25:27Z,90.0,Versa 4
2026-05-11T08:25:30Z,90.0,Versa 4
2026-05-11T08:25:31Z,91.0,Versa 4
2026-05-11T08:25:33Z,90.0,Versa 4
2026-05-11T08:25:34Z,89.0,Versa 4
2026-05-11T08:25:37Z,89.0,Versa 4
2026-05-11T08:25:38Z,88.0,Versa 4
2026-05-11T08:25:40Z,89.0,Versa 4
2026-05-11T08:25:42Z,86.0,Versa 4
2026-05-11T08:25:44Z,85.0,Versa 4
2026-05-11T08:25:47Z,85.0,Versa 4
2026-05-11T08:25:48Z,86.0,Versa 4
2026-05-11T08:25:50Z,87.0,Versa 4
2026-05-11T08:25:52Z,88.0,Versa 4
2026-05-11T08:25:54Z,90.0,Versa 4
2026-05-11T08:25:57Z,95.0,Versa 4
2026-05-11T08:25:59Z,96.0,Versa 4
2026-05-11T08:26:01Z,94.0,Versa 4
2026-05-11T08:26:04Z,94.0,Versa 4
2026-05-11T08:26:05Z,96.0,Versa 4
2026-05-11T08:26:07Z,97.0,Versa 4
2026-05-11T08:26:09Z,90.0,Versa 4
2026-05-11T08:26:11Z,88.0,Versa 4
2026-05-11T08:26:13Z,85.0,Versa 4
2026-05-11T08:26:16Z,85.0,Versa 4
2026-05-11T08:26:17Z,89.0,Versa 4
2026-05-11T08:26:19Z,93.0,Versa 4
2026-05-11T08:26:21Z,93.0,Versa 4
2026-05-11T08:26:24Z,90.0,Versa 4
2026-05-11T08:26:26Z,83.0,Versa 4
2026-05-11T08:26:28Z,83.0,Versa 4
2026-05-11T08:26:31Z,83.0,Versa 4
2026-05-11T08:26:32Z,84.0,Versa 4
2026-05-11T08:26:34Z,87.0,Versa 4
2026-05-11T08:26:36Z,88.0,Versa 4
2026-05-11T08:26:39Z,88.0,Versa 4
2026-05-11T08:26:40Z,90.0,Versa 4
2026-05-11T08:26:42Z,92.0,Versa 4
2026-05-11T08:26:44Z,91.0,Versa 4
2026-05-11T08:26:45Z,93.0,Versa 4
2026-05-11T08:26:47Z,94.0,Versa 4
2026-05-11T08:26:50Z,94.0,Versa 4
2026-05-11T08:26:51Z,95.0,Versa 4
2026-05-11T08:26:53Z,97.0,Versa 4
2026-05-11T08:26:55Z,94.0,Versa 4
2026-05-11T08:26:57Z,92.0,Versa 4
2026-05-11T08:26:59Z,90.0,Versa 4
2026-05-11T08:27:02Z,90.0,Versa 4
2026-05-11T08:27:03Z,89.0,Versa 4
2026-05-11T08:27:05Z,88.0,Versa 4
2026-05-11T08:27:07Z,87.0,Versa 4
2026-05-11T08:27:09Z,84.0,Versa 4
2026-05-11T08:27:10Z,83.0,Versa 4
2026-05-11T08:27:12Z,82.0,Versa 4
2026-05-11T08:27:14Z,82.0,Versa 4
2026-05-11T08:27:16Z,83.0,Versa 4
2026-05-11T08:27:18Z,87.0,Versa 4
2026-05-11T08:27:20Z,88.0,Versa 4
2026-05-11T08:27:23Z,88.0,Versa 4
2026-05-11T08:27:24Z,90.0,Versa 4
2026-05-11T08:27:27Z,90.0,Versa 4
2026-05-11T08:27:28Z,92.0,Versa 4
2026-05-11T08:27:30Z,96.0,Versa 4
2026-05-11T08:27:32Z,94.0,Versa 4
2026-05-11T08:27:33Z,90.0,Versa 4
2026-05-11T08:27:35Z,88.0,Versa 4
2026-05-11T08:27:37Z,85.0,Versa 4
2026-05-11T08:27:39Z,82.0,Versa 4
2026-05-11T08:27:42Z,82.0,Versa 4
2026-05-11T08:27:43Z,84.0,Versa 4
2026-05-11T08:27:45Z,86.0,Versa 4
2026-05-11T08:27:47Z,87.0,Versa 4
2026-05-11T08:27:50Z,87.0,Versa 4
2026-05-11T08:27:51Z,89.0,Versa 4
2026-05-11T08:27:53Z,92.0,Versa 4
2026-05-11T08:27:55Z,90.0,Versa 4
2026-05-11T08:27:57Z,89.0,Versa 4
2026-05-11T08:27:58Z,90.0,Versa 4
2026-05-11T08:28:01Z,90.0,Versa 4
2026-05-11T08:28:02Z,89.0,Versa 4
2026-05-11T08:28:04Z,88.0,Versa 4
2026-05-11T08:28:06Z,85.0,Versa 4
2026-05-11T08:28:08Z,83.0,Versa 4
2026-05-11T08:28:10Z,82.0,Versa 4
2026-05-11T08:28:13Z,82.0,Versa 4
2026-05-11T08:28:16Z,84.0,Versa 4
2026-05-11T08:28:18Z,85.0,Versa 4
2026-05-11T08:28:21Z,84.0,Versa 4
2026-05-11T08:28:24Z,84.0,Versa 4
2026-05-11T08:28:25Z,85.0,Versa 4
2026-05-11T08:28:27Z,86.0,Versa 4
2026-05-11T08:28:30Z,86.0,Versa 4
2026-05-11T08:28:31Z,83.0,Versa 4
2026-05-11T08:28:33Z,84.0,Versa 4
2026-05-11T08:28:35Z,85.0,Versa 4
2026-05-11T08:28:37Z,86.0,Versa 4
2026-05-11T08:28:40Z,86.0,Versa 4
2026-05-11T08:28:43Z,85.0,Versa 4
2026-05-11T08:28:45Z,89.0,Versa 4
2026-05-11T08:28:46Z,90.0,Versa 4
2026-05-11T08:28:48Z,88.0,Versa 4
2026-05-11T08:28:50Z,87.0,Versa 4
2026-05-11T08:28:53Z,87.0,Versa 4
2026-05-11T08:28:56Z,88.0,Versa 4
2026-05-11T08:28:58Z,87.0,Versa 4
2026-05-11T08:29:00Z,89.0,Versa 4
2026-05-11T08:29:02Z,90.0,Versa 4
2026-05-11T08:29:05Z,90.0,Versa 4
2026-05-11T08:29:06Z,90.0,Versa 4
2026-05-11T08:29:08Z,92.0,Versa 4
2026-05-11T08:29:09Z,91.0,Versa 4
2026-05-11T08:29:11Z,89.0,Versa 4
2026-05-11T08:29:14Z,89.0,Versa 4
2026-05-11T08:29:17Z,89.0,Versa 4
2026-05-11T08:29:19Z,86.0,Versa 4
2026-05-11T08:29:21Z,85.0,Versa 4
2026-05-11T08:29:23Z,84.0,Versa 4
2026-05-11T08:29:26Z,84.0,Versa 4
2026-05-11T08:29:27Z,85.0,Versa 4
2026-05-11T08:29:30Z,85.0,Versa 4
2026-05-11T08:29:31Z,86.0,Versa 4
2026-05-11T08:29:33Z,87.0,Versa 4
2026-05-11T08:29:34Z,88.0,Versa 4
2026-05-11T08:29:37Z,88.0,Versa 4
2026-05-11T08:29:38Z,91.0,Versa 4
2026-05-11T08:29:40Z,90.0,Versa 4
2026-05-11T08:29:42Z,93.0,Versa 4
2026-05-11T08:29:44Z,91.0,Versa 4
2026-05-11T08:29:46Z,93.0,Versa 4
2026-05-11T08:29:48Z,92.0,Versa 4
2026-05-11T08:29:50Z,96.0,Versa 4
2026-05-11T08:29:52Z,98.0,Versa 4
2026-05-11T08:29:55Z,98.0,Versa 4
2026-05-11T08:29:57Z,96.0,Versa 4
2026-05-11T08:29:59Z,95.0,Versa 4
2026-05-11T08:30:01Z,92.0,Versa 4
2026-05-11T08:30:03Z,91.0,Versa 4
2026-05-11T08:30:05Z,92.0,Versa 4
2026-05-11T08:30:07Z,91.0,Versa 4
2026-05-11T08:30:09Z,90.0,Versa 4
2026-05-11T08:30:12Z,90.0,Versa 4
2026-05-11T08:30:13Z,92.0,Versa 4
2026-05-11T08:30:15Z,91.0,Versa 4
2026-05-11T08:30:17Z,87.0,Versa 4
2026-05-11T08:30:19Z,86.0,Versa 4
2026-05-11T08:30:21Z,84.0,Versa 4
2026-05-11T08:30:22Z,83.0,Versa 4
2026-05-11T08:30:24Z,84.0,Versa 4
2026-05-11T08:30:27Z,84.0,Versa 4
2026-05-11T08:30:28Z,87.0,Versa 4
2026-05-11T08:30:30Z,86.0,Versa 4
2026-05-11T08:30:32Z,85.0,Versa 4
2026-05-11T08:30:34Z,86.0,Versa 4
2026-05-11T08:30:37Z,86.0,Versa 4
2026-05-11T08:30:38Z,91.0,Versa 4
2026-05-11T08:30:41Z,91.0,Versa 4
2026-05-11T08:30:42Z,88.0,Versa 4
2026-05-11T08:30:45Z,89.0,Versa 4
2026-05-11T08:30:47Z,88.0,Versa 4
2026-05-11T08:30:49Z,92.0,Versa 4
2026-05-11T08:30:51Z,89.0,Versa 4
2026-05-11T08:30:54Z,89.0,Versa 4
2026-05-11T08:30:55Z,91.0,Versa 4
2026-05-11T08:30:58Z,91.0,Versa 4
2026-05-11T08:30:59Z,87.0,Versa 4
2026-05-11T08:31:02Z,87.0,Versa 4
2026-05-11T08:31:03Z,86.0,Versa 4
2026-05-11T08:31:05Z,90.0,Versa 4
2026-05-11T08:31:07Z,93.0,Versa 4
2026-05-11T08:31:09Z,92.0,Versa 4
2026-05-11T08:31:10Z,90.0,Versa 4
2026-05-11T08:31:12Z,92.0,Versa 4
2026-05-11T08:31:14Z,91.0,Versa 4
2026-05-11T08:31:17Z,91.0,Versa 4
2026-05-11T08:31:20Z,90.0,Versa 4
2026-05-11T08:31:22Z,89.0,Versa 4
2026-05-11T08:31:24Z,86.0,Versa 4
2026-05-11T08:31:26Z,87.0,Versa 4
2026-05-11T08:31:28Z,86.0,Versa 4
2026-05-11T08:31:30Z,84.0,Versa 4
2026-05-11T08:31:32Z,83.0,Versa 4
2026-05-11T08:31:35Z,84.0,Versa 4
2026-05-11T08:31:38Z,84.0,Versa 4
2026-05-11T08:31:41Z,84.0,Versa 4
2026-05-11T08:31:43Z,85.0,Versa 4
2026-05-11T08:31:45Z,86.0,Versa 4
2026-05-11T08:31:48Z,86.0,Versa 4
2026-05-11T08:31:51Z,84.0,Versa 4
2026-05-11T08:31:53Z,85.0,Versa 4
2026-05-11T08:31:55Z,85.0,Versa 4
2026-05-11T08:31:57Z,84.0,Versa 4
2026-05-11T08:31:58Z,87.0,Versa 4
2026-05-11T08:32:00Z,95.0,Versa 4
2026-05-11T08:32:02Z,92.0,Versa 4
2026-05-11T08:32:04Z,88.0,Versa 4
2026-05-11T08:32:06Z,86.0,Versa 4
2026-05-11T08:32:08Z,85.0,Versa 4
2026-05-11T08:32:11Z,85.0,Versa 4
2026-05-11T08:32:12Z,87.0,Versa 4
2026-05-11T08:32:14Z,88.0,Versa 4
2026-05-11T08:32:16Z,89.0,Versa 4
2026-05-11T08:32:19Z,89.0,Versa 4
2026-05-11T08:32:20Z,87.0,Versa 4
2026-05-11T08:32:21Z,86.0,Versa 4
2026-05-11T08:32:23Z,84.0,Versa 4
2026-05-11T08:32:25Z,83.0,Versa 4
2026-05-11T08:32:27Z,82.0,Versa 4
2026-05-11T08:32:29Z,81.0,Versa 4
2026-05-11T08:32:32Z,81.0,Versa 4
2026-05-11T08:32:33Z,82.0,Versa 4
2026-05-11T08:32:35Z,84.0,Versa 4
2026-05-11T08:32:38Z,84.0,Versa 4
2026-05-11T08:32:39Z,86.0,Versa 4
2026-05-11T08:32:42Z,86.0,Versa 4
2026-05-11T08:32:43Z,83.0,Versa 4
2026-05-11T08:32:45Z,82.0,Versa 4
2026-05-11T08:32:48Z,81.0,Versa 4
2026-05-11T08:32:50Z,82.0,Versa 4
2026-05-11T08:32:52Z,84.0,Versa 4
2026-05-11T08:32:55Z,84.0,Versa 4
2026-05-11T08:32:58Z,84.0,Versa 4
2026-05-11T08:33:00Z,85.0,Versa 4
2026-05-11T08:33:02Z,87.0,Versa 4
2026-05-11T08:33:04Z,86.0,Versa 4
2026-05-11T08:33:06Z,83.0,Versa 4
2026-05-11T08:33:08Z,82.0,Versa 4
2026-05-11T08:33:11Z,82.0,Versa 4
2026-05-11T08:33:13Z,83.0,Versa 4
2026-05-11T08:33:15Z,84.0,Versa 4
2026-05-11T08:33:18Z,84.0,Versa 4
2026-05-11T08:33:21Z,84.0,Versa 4
2026-05-11T08:33:23Z,83.0,Versa 4
2026-05-11T08:33:26Z,83.0,Versa 4
2026-05-11T08:33:27Z,82.0,Versa 4
2026-05-11T08:33:29Z,83.0,Versa 4
2026-05-11T08:33:31Z,82.0,Versa 4
2026-05-11T08:33:33Z,80.0,Versa 4
2026-05-11T08:33:34Z,79.0,Versa 4
2026-05-11T08:33:36Z,80.0,Versa 4
2026-05-11T08:33:39Z,80.0,Versa 4
2026-05-11T08:33:42Z,79.0,Versa 4
2026-05-11T08:33:44Z,78.0,Versa 4
2026-05-11T08:33:46Z,77.0,Versa 4
2026-05-11T08:33:48Z,79.0,Versa 4
2026-05-11T08:33:50Z,80.0,Versa 4
2026-05-11T08:33:53Z,80.0,Versa 4
2026-05-11T08:33:54Z,79.0,Versa 4
2026-05-11T08:33:56Z,77.0,Versa 4
2026-05-11T08:33:57Z,74.0,Versa 4
2026-05-11T08:33:59Z,73.0,Versa 4
2026-05-11T08:34:02Z,73.0,Versa 4
2026-05-11T08:34:03Z,74.0,Versa 4
2026-05-11T08:34:05Z,76.0,Versa 4
2026-05-11T08:34:07Z,75.0,Versa 4
2026-05-11T08:34:09Z,77.0,Versa 4
2026-05-11T08:34:11Z,78.0,Versa 4
2026-05-11T08:34:13Z,79.0,Versa 4
2026-05-11T08:34:15Z,80.0,Versa 4
2026-05-11T08:34:17Z,81.0,Versa 4
2026-05-11T08:34:19Z,83.0,Versa 4
2026-05-11T08:34:21Z,82.0,Versa 4
2026-05-11T08:34:22Z,80.0,Versa 4
2026-05-11T08:34:24Z,79.0,Versa 4
2026-05-11T08:34:26Z,78.0,Versa 4
2026-05-11T08:34:28Z,79.0,Versa 4
2026-05-11T08:34:30Z,80.0,Versa 4
2026-05-11T08:34:33Z,80.0,Versa 4
2026-05-11T08:34:34Z,82.0,Versa 4
2026-05-11T08:34:36Z,80.0,Versa 4
2026-05-11T08:34:38Z,77.0,Versa 4
2026-05-11T08:34:40Z,79.0,Versa 4
2026-05-11T08:34:42Z,81.0,Versa 4
2026-05-11T08:34:45Z,81.0,Versa 4
2026-05-11T08:34:47Z,82.0,Versa 4
2026-05-11T08:34:50Z,82.0,Versa 4
2026-05-11T08:34:51Z,84.0,Versa 4
2026-05-11T08:34:53Z,87.0,Versa 4
2026-05-11T08:34:55Z,86.0,Versa 4
2026-05-11T08:34:57Z,85.0,Versa 4
2026-05-11T08:35:00Z,85.0,Versa 4
2026-05-11T08:35:03Z,85.0,Versa 4
2026-05-11T08:35:05Z,87.0,Versa 4
2026-05-11T08:35:07Z,89.0,Versa 4
2026-05-11T08:35:10Z,89.0,Versa 4
2026-05-11T08:35:11Z,90.0,Versa 4
2026-05-11T08:35:12Z,88.0,Versa 4
2026-05-11T08:35:14Z,86.0,Versa 4
2026-05-11T08:35:17Z,86.0,Versa 4
2026-05-11T08:35:18Z,87.0,Versa 4
2026-05-11T08:35:20Z,85.0,Versa 4
2026-05-11T08:35:22Z,83.0,Versa 4
2026-05-11T08:35:25Z,83.0,Versa 4
2026-05-11T08:35:26Z,82.0,Versa 4
2026-05-11T08:35:28Z,83.0,Versa 4
2026-05-11T08:35:30Z,85.0,Versa 4
2026-05-11T08:35:33Z,85.0,Versa 4
2026-05-11T08:35:34Z,84.0,Versa 4
2026-05-11T08:35:35Z,85.0,Versa 4
2026-05-11T08:35:38Z,85.0,Versa 4
2026-05-11T08:35:41Z,84.0,Versa 4
2026-05-11T08:35:43Z,83.0,Versa 4
2026-05-11T08:35:45Z,82.0,Versa 4
2026-05-11T08:35:47Z,81.0,Versa 4
2026-05-11T08:35:49Z,82.0,Versa 4
2026-05-11T08:35:51Z,84.0,Versa 4
2026-05-11T08:35:53Z,85.0,Versa 4
2026-05-11T08:35:55Z,84.0,Versa 4
2026-05-11T08:35:58Z,84.0,Versa 4
2026-05-11T08:36:00Z,81.0,Versa 4
2026-05-11T08:36:02Z,80.0,Versa 4
2026-05-11T08:36:04Z,78.0,Versa 4
2026-05-11T08:36:06Z,77.0,Versa 4
2026-05-11T08:36:08Z,79.0,Versa 4
2026-05-11T08:36:10Z,80.0,Versa 4
2026-05-11T08:36:13Z,80.0,Versa 4
2026-05-11T08:36:14Z,81.0,Versa 4
2026-05-11T08:36:16Z,82.0,Versa 4
2026-05-11T08:36:19Z,82.0,Versa 4
2026-05-11T08:36:20Z,83.0,Versa 4
2026-05-11T08:36:22Z,82.0,Versa 4
2026-05-11T08:36:25Z,82.0,Versa 4
2026-05-11T08:36:28Z,82.0,Versa 4
2026-05-11T08:36:29Z,81.0,Versa 4
2026-05-11T08:36:31Z,82.0,Versa 4
2026-05-11T08:36:33Z,83.0,Versa 4
2026-05-11T08:36:36Z,83.0,Versa 4
2026-05-11T08:36:39Z,83.0,Versa 4
2026-05-11T08:36:41Z,84.0,Versa 4
2026-05-11T08:36:43Z,86.0,Versa 4
2026-05-11T08:36:46Z,86.0,Versa 4
2026-05-11T08:36:48Z,88.0,Versa 4
2026-05-11T08:36:50Z,89.0,Versa 4
2026-05-11T08:36:53Z,89.0,Versa 4
2026-05-11T08:36:56Z,89.0,Versa 4
2026-05-11T08:36:58Z,88.0,Versa 4
2026-05-11T08:37:01Z,88.0,Versa 4
2026-05-11T08:37:02Z,89.0,Versa 4
2026-05-11T08:37:04Z,90.0,Versa 4
2026-05-11T08:37:06Z,93.0,Versa 4
2026-05-11T08:37:08Z,99.0,Versa 4
2026-05-11T08:37:10Z,101.0,Versa 4
2026-05-11T08:37:11Z,99.0,Versa 4
2026-05-11T08:37:14Z,99.0,Versa 4
2026-05-11T08:37:15Z,97.0,Versa 4
2026-05-11T08:37:18Z,97.0,Versa 4
2026-05-11T08:37:19Z,98.0,Versa 4
2026-05-11T08:37:21Z,96.0,Versa 4
2026-05-11T08:37:23Z,92.0,Versa 4
2026-05-11T08:37:25Z,88.0,Versa 4
2026-05-11T08:37:27Z,86.0,Versa 4
2026-05-11T08:37:29Z,82.0,Versa 4
2026-05-11T08:37:31Z,87.0,Versa 4
2026-05-11T08:37:33Z,89.0,Versa 4
2026-05-11T08:37:35Z,87.0,Versa 4
2026-05-11T08:37:36Z,88.0,Versa 4
2026-05-11T08:37:38Z,90.0,Versa 4
2026-05-11T08:37:40Z,93.0,Versa 4
2026-05-11T08:37:42Z,92.0,Versa 4
2026-05-11T08:37:44Z,93.0,Versa 4
2026-05-11T08:37:47Z,93.0,Versa 4
2026-05-11T08:37:48Z,92.0,Versa 4
2026-05-11T08:37:50Z,89.0,Versa 4
2026-05-11T08:37:52Z,88.0,Versa 4
2026-05-11T08:37:54Z,86.0,Versa 4
2026-05-11T08:37:56Z,85.0,Versa 4
2026-05-11T08:37:58Z,83.0,Versa 4
2026-05-11T08:37:59Z,79.0,Versa 4
2026-05-11T08:38:01Z,75.0,Versa 4
2026-05-11T08:38:03Z,76.0,Versa 4
2026-05-11T08:38:05Z,79.0,Versa 4
2026-05-11T08:38:07Z,77.0,Versa 4
2026-05-11T08:38:09Z,82.0,Versa 4
2026-05-11T08:38:12Z,82.0,Versa 4
2026-05-11T08:38:15Z,82.0,Versa 4
2026-05-11T08:38:17Z,83.0,Versa 4
2026-05-11T08:38:19Z,84.0,Versa 4
2026-05-11T08:38:21Z,85.0,Versa 4
2026-05-11T08:38:23Z,86.0,Versa 4
2026-05-11T08:38:26Z,87.0,Versa 4
2026-05-11T08:38:29Z,87.0,Versa 4
2026-05-11T08:38:32Z,88.0,Versa 4
2026-05-11T08:38:35Z,88.0,Versa 4
2026-05-11T08:38:36Z,87.0,Versa 4
2026-05-11T08:38:39Z,87.0,Versa 4
2026-05-11T08:38:40Z,84.0,Versa 4
2026-05-11T08:38:42Z,85.0,Versa 4
2026-05-11T08:38:44Z,86.0,Versa 4
2026-05-11T08:38:46Z,85.0,Versa 4
2026-05-11T08:38:47Z,86.0,Versa 4
2026-05-11T08:38:49Z,85.0,Versa 4
2026-05-11T08:38:51Z,82.0,Versa 4
2026-05-11T08:38:54Z,82.0,Versa 4
2026-05-11T08:38:55Z,83.0,Versa 4
2026-05-11T08:38:57Z,85.0,Versa 4
2026-05-11T08:38:59Z,88.0,Versa 4
2026-05-11T08:39:01Z,91.0,Versa 4
2026-05-11T08:39:03Z,92.0,Versa 4
2026-05-11T08:39:05Z,91.0,Versa 4
2026-05-11T08:39:08Z,91.0,Versa 4
2026-05-11T08:39:09Z,92.0,Versa 4
2026-05-11T08:39:11Z,93.0,Versa 4
2026-05-11T08:39:12Z,92.0,Versa 4
2026-05-11T08:39:14Z,88.0,Versa 4
2026-05-11T08:39:17Z,88.0,Versa 4
2026-05-11T08:39:18Z,85.0,Versa 4
2026-05-11T08:39:20Z,86.0,Versa 4
2026-05-11T08:39:22Z,88.0,Versa 4
2026-05-11T08:39:24Z,89.0,Versa 4
2026-05-11T08:39:26Z,91.0,Versa 4
2026-05-11T08:39:29Z,91.0,Versa 4
2026-05-11T08:39:30Z,88.0,Versa 4
2026-05-11T08:39:32Z,87.0,Versa 4
2026-05-11T08:39:35Z,87.0,Versa 4
2026-05-11T08:39:38Z,87.0,Versa 4
2026-05-11T08:39:39Z,89.0,Versa 4
2026-05-11T08:39:42Z,89.0,Versa 4
2026-05-11T08:39:43Z,90.0,Versa 4
2026-05-11T08:39:45Z,91.0,Versa 4
2026-05-11T08:39:47Z,94.0,Versa 4
2026-05-11T08:39:49Z,99.0,Versa 4
2026-05-11T08:39:51Z,101.0,Versa 4
2026-05-11T08:39:53Z,102.0,Versa 4
2026-05-11T08:39:56Z,102.0,Versa 4
2026-05-11T08:39:57Z,101.0,Versa 4
2026-05-11T08:39:59Z,98.0,Versa 4
2026-05-11T08:40:00Z,97.0,Versa 4
2026-05-11T08:40:02Z,100.0,Versa 4
2026-05-11T08:40:04Z,100.0,Versa 4
2026-05-11T08:40:06Z,102.0,Versa 4
2026-05-11T08:40:08Z,100.0,Versa 4
2026-05-11T08:40:11Z,100.0,Versa 4
2026-05-11T08:40:12Z,100.0,Versa 4
2026-05-11T08:40:14Z,104.0,Versa 4
2026-05-11T08:40:16Z,100.0,Versa 4
2026-05-11T08:40:19Z,100.0,Versa 4
2026-05-11T08:40:20Z,99.0,Versa 4
2026-05-11T08:40:22Z,98.0,Versa 4
2026-05-11T08:40:23Z,99.0,Versa 4
2026-05-11T08:40:25Z,100.0,Versa 4
2026-05-11T08:40:27Z,101.0,Versa 4
2026-05-11T08:40:29Z,104.0,Versa 4
2026-05-11T08:40:31Z,101.0,Versa 4
2026-05-11T08:40:33Z,100.0,Versa 4
2026-05-11T08:40:35Z,103.0,Versa 4
2026-05-11T08:40:38Z,103.0,Versa 4
2026-05-11T08:40:39Z,105.0,Versa 4
2026-05-11T08:40:41Z,106.0,Versa 4
2026-05-11T08:40:43Z,113.0,Versa 4
2026-05-11T08:40:45Z,111.0,Versa 4
2026-05-11T08:40:47Z,110.0,Versa 4
2026-05-11T08:40:48Z,106.0,Versa 4
2026-05-11T08:40:50Z,114.0,Versa 4
2026-05-11T08:40:52Z,111.0,Versa 4
2026-05-11T08:40:54Z,108.0,Versa 4
2026-05-11T08:40:56Z,105.0,Versa 4
2026-05-11T08:40:58Z,104.0,Versa 4
2026-05-11T08:41:00Z,105.0,Versa 4
2026-05-11T08:41:02Z,107.0,Versa 4
2026-05-11T08:41:05Z,107.0,Versa 4
2026-05-11T08:41:08Z,108.0,Versa 4
2026-05-11T08:41:10Z,106.0,Versa 4
2026-05-11T08:41:11Z,103.0,Versa 4
2026-05-11T08:41:14Z,103.0,Versa 4
2026-05-11T08:41:17Z,102.0,Versa 4
2026-05-11T08:41:20Z,102.0,Versa 4
2026-05-11T08:41:21Z,104.0,Versa 4
2026-05-11T08:41:23Z,103.0,Versa 4
2026-05-11T08:41:25Z,102.0,Versa 4
2026-05-11T08:41:28Z,102.0,Versa 4
2026-05-11T08:41:29Z,101.0,Versa 4
2026-05-11T08:41:31Z,100.0,Versa 4
2026-05-11T08:41:34Z,100.0,Versa 4
2026-05-11T08:41:35Z,102.0,Versa 4
2026-05-11T08:41:38Z,101.0,Versa 4
2026-05-11T08:41:41Z,101.0,Versa 4
2026-05-11T08:41:44Z,102.0,Versa 4
2026-05-11T08:41:46Z,103.0,Versa 4
2026-05-11T08:41:48Z,102.0,Versa 4
2026-05-11T08:41:50Z,101.0,Versa 4
2026-05-11T08:41:53Z,101.0,Versa 4
2026-05-11T08:41:56Z,101.0,Versa 4
2026-05-11T08:41:59Z,101.0,Versa 4
2026-05-11T08:42:01Z,100.0,Versa 4
2026-05-11T08:42:03Z,98.0,Versa 4
2026-05-11T08:42:05Z,97.0,Versa 4
2026-05-11T08:42:07Z,94.0,Versa 4
2026-05-11T08:42:10Z,94.0,Versa 4
2026-05-11T08:42:11Z,90.0,Versa 4
2026-05-11T08:42:14Z,90.0,Versa 4
2026-05-11T08:42:15Z,91.0,Versa 4
2026-05-11T08:42:17Z,95.0,Versa 4
2026-05-11T08:42:19Z,94.0,Versa 4
2026-05-11T08:42:21Z,96.0,Versa 4
2026-05-11T08:42:24Z,97.0,Versa 4
2026-05-11T08:42:26Z,96.0,Versa 4
2026-05-11T08:42:28Z,92.0,Versa 4
2026-05-11T08:42:31Z,92.0,Versa 4
2026-05-11T08:42:32Z,91.0,Versa 4
2026-05-11T08:42:34Z,92.0,Versa 4
2026-05-11T08:42:36Z,96.0,Versa 4
2026-05-11T08:42:38Z,96.0,Versa 4
2026-05-11T08:42:40Z,94.0,Versa 4
2026-05-11T08:42:42Z,96.0,Versa 4
2026-05-11T08:42:44Z,97.0,Versa 4
2026-05-11T08:42:46Z,99.0,Versa 4
2026-05-11T08:42:47Z,102.0,Versa 4
2026-05-11T08:42:49Z,104.0,Versa 4
2026-05-11T08:42:51Z,102.0,Versa 4
2026-05-11T08:42:53Z,99.0,Versa 4
2026-05-11T08:42:55Z,98.0,Versa 4
2026-05-11T08:42:57Z,97.0,Versa 4
2026-05-11T08:42:59Z,98.0,Versa 4
2026-05-11T08:43:02Z,98.0,Versa 4
2026-05-11T08:43:03Z,99.0,Versa 4
2026-05-11T08:43:05Z,101.0,Versa 4
2026-05-11T08:43:07Z,98.0,Versa 4
2026-05-11T08:43:09Z,97.0,Versa 4
2026-05-11T08:43:11Z,96.0,Versa 4
2026-05-11T08:43:12Z,94.0,Versa 4
2026-05-11T08:43:14Z,93.0,Versa 4
2026-05-11T08:43:17Z,93.0,Versa 4
2026-05-11T08:43:18Z,95.0,Versa 4
2026-05-11T08:43:20Z,93.0,Versa 4
2026-05-11T08:43:22Z,90.0,Versa 4
2026-05-11T08:43:24Z,92.0,Versa 4
2026-05-11T08:43:26Z,96.0,Versa 4
2026-05-11T08:43:28Z,95.0,Versa 4
2026-05-11T08:43:30Z,94.0,Versa 4
2026-05-11T08:43:32Z,92.0,Versa 4
2026-05-11T08:43:34Z,90.0,Versa 4
2026-05-11T08:43:35Z,92.0,Versa 4
2026-05-11T08:43:37Z,90.0,Versa 4
2026-05-11T08:43:39Z,89.0,Versa 4
2026-05-11T08:43:41Z,91.0,Versa 4
2026-05-11T08:43:43Z,92.0,Versa 4
2026-05-11T08:43:45Z,91.0,Versa 4
2026-05-11T08:43:48Z,91.0,Versa 4
2026-05-11T08:43:49Z,89.0,Versa 4
2026-05-11T08:43:51Z,89.0,Versa 4
2026-05-11T08:43:53Z,90.0,Versa 4
2026-05-11T08:43:55Z,88.0,Versa 4
2026-05-11T08:43:57Z,87.0,Versa 4
2026-05-11T08:43:59Z,88.0,Versa 4
2026-05-11T08:44:02Z,89.0,Versa 4
2026-05-11T08:44:04Z,90.0,Versa 4
2026-05-11T08:44:06Z,87.0,Versa 4
2026-05-11T08:44:08Z,86.0,Versa 4
2026-05-11T08:44:10Z,90.0,Versa 4
2026-05-11T08:44:12Z,88.0,Versa 4
2026-05-11T08:44:14Z,84.0,Versa 4
2026-05-11T08:44:16Z,82.0,Versa 4
2026-05-11T08:44:18Z,80.0,Versa 4
2026-05-11T08:44:20Z,81.0,Versa 4
2026-05-11T08:44:22Z,83.0,Versa 4
2026-05-11T08:44:25Z,85.0,Versa 4
2026-05-11T08:44:27Z,88.0,Versa 4
2026-05-11T08:44:29Z,89.0,Versa 4
2026-05-11T08:44:32Z,89.0,Versa 4
2026-05-11T08:44:35Z,88.0,Versa 4
2026-05-11T08:44:38Z,88.0,Versa 4
2026-05-11T08:44:41Z,89.0,Versa 4
2026-05-11T08:44:43Z,88.0,Versa 4
2026-05-11T08:44:45Z,87.0,Versa 4
2026-05-11T08:44:47Z,85.0,Versa 4
2026-05-11T08:44:48Z,84.0,Versa 4
2026-05-11T08:44:50Z,84.0,Versa 4
2026-05-11T08:44:53Z,84.0,Versa 4
2026-05-11T08:44:54Z,85.0,Versa 4
2026-05-11T08:44:56Z,89.0,Versa 4
2026-05-11T08:44:59Z,89.0,Versa 4
2026-05-11T08:45:02Z,87.0,Versa 4
2026-05-11T08:45:04Z,84.0,Versa 4
2026-05-11T08:45:07Z,84.0,Versa 4
2026-05-11T08:45:08Z,85.0,Versa 4
2026-05-11T08:45:10Z,86.0,Versa 4
2026-05-11T08:45:13Z,86.0,Versa 4
2026-05-11T08:45:16Z,86.0,Versa 4
2026-05-11T08:45:17Z,84.0,Versa 4
2026-05-11T08:45:19Z,82.0,Versa 4
2026-05-11T08:45:22Z,82.0,Versa 4
2026-05-11T08:45:23Z,83.0,Versa 4
2026-05-11T08:45:25Z,85.0,Versa 4
2026-05-11T08:45:27Z,84.0,Versa 4
2026-05-11T08:45:30Z,84.0,Versa 4
2026-05-11T08:45:33Z,84.0,Versa 4
2026-05-11T08:45:36Z,83.0,Versa 4
2026-05-11T08:45:38Z,84.0,Versa 4
2026-05-11T08:45:40Z,87.0,Versa 4
2026-05-11T08:45:43Z,87.0,Versa 4
2026-05-11T08:45:44Z,84.0,Versa 4
2026-05-11T08:45:46Z,82.0,Versa 4
2026-05-11T08:45:48Z,80.0,Versa 4
2026-05-11T08:45:50Z,81.0,Versa 4
2026-05-11T08:45:53Z,81.0,Versa 4
2026-05-11T08:45:54Z,85.0,Versa 4
2026-05-11T08:45:56Z,86.0,Versa 4
2026-05-11T08:45:59Z,86.0,Versa 4
2026-05-11T08:46:01Z,85.0,Versa 4
2026-05-11T08:46:04Z,85.0,Versa 4
2026-05-11T08:46:05Z,87.0,Versa 4
2026-05-11T08:46:07Z,88.0,Versa 4
2026-05-11T08:46:09Z,86.0,Versa 4
2026-05-11T08:46:11Z,88.0,Versa 4
2026-05-11T08:46:14Z,88.0,Versa 4
2026-05-11T08:46:17Z,89.0,Versa 4
2026-05-11T08:46:19Z,90.0,Versa 4
2026-05-11T08:46:22Z,90.0,Versa 4
2026-05-11T08:46:23Z,91.0,Versa 4
2026-05-11T08:46:26Z,91.0,Versa 4
2026-05-11T08:46:29Z,91.0,Versa 4
2026-05-11T08:46:30Z,88.0,Versa 4
2026-05-11T08:46:32Z,84.0,Versa 4
2026-05-11T08:46:34Z,81.0,Versa 4
2026-05-11T08:46:36Z,80.0,Versa 4
2026-05-11T08:46:39Z,80.0,Versa 4
2026-05-11T08:46:42Z,80.0,Versa 4
2026-05-11T08:46:44Z,81.0,Versa 4
2026-05-11T08:46:46Z,82.0,Versa 4
2026-05-11T08:46:49Z,81.0,Versa 4
2026-05-11T08:46:51Z,81.0,Versa 4
2026-05-11T08:46:53Z,82.0,Versa 4
2026-05-11T08:46:55Z,81.0,Versa 4
2026-05-11T08:46:58Z,81.0,Versa 4
2026-05-11T08:46:59Z,78.0,Versa 4
2026-05-11T08:47:02Z,78.0,Versa 4
2026-05-11T08:47:03Z,79.0,Versa 4
2026-05-11T08:47:06Z,79.0,Versa 4
2026-05-11T08:47:09Z,81.0,Versa 4
2026-05-11T08:47:11Z,82.0,Versa 4
2026-05-11T08:47:14Z,81.0,Versa 4
2026-05-11T08:47:16Z,82.0,Versa 4
2026-05-11T08:47:18Z,81.0,Versa 4
2026-05-11T08:47:21Z,81.0,Versa 4
2026-05-11T08:47:22Z,80.0,Versa 4
2026-05-11T08:47:24Z,83.0,Versa 4
2026-05-11T08:47:27Z,83.0,Versa 4
2026-05-11T08:47:28Z,82.0,Versa 4
2026-05-11T08:47:30Z,83.0,Versa 4
2026-05-11T08:47:33Z,83.0,Versa 4
2026-05-11T08:47:34Z,82.0,Versa 4
2026-05-11T08:47:37Z,84.0,Versa 4
2026-05-11T08:47:39Z,85.0,Versa 4
2026-05-11T08:47:42Z,85.0,Versa 4
2026-05-11T08:47:43Z,86.0,Versa 4
2026-05-11T08:47:45Z,87.0,Versa 4
2026-05-11T08:47:47Z,89.0,Versa 4
2026-05-11T08:47:49Z,91.0,Versa 4
2026-05-11T08:47:51Z,92.0,Versa 4
2026-05-11T08:47:53Z,95.0,Versa 4
2026-05-11T08:47:55Z,92.0,Versa 4
2026-05-11T08:47:57Z,90.0,Versa 4
2026-05-11T08:48:00Z,90.0,Versa 4
2026-05-11T08:48:02Z,89.0,Versa 4
2026-05-11T08:48:04Z,88.0,Versa 4
2026-05-11T08:48:06Z,87.0,Versa 4
2026-05-11T08:48:09Z,87.0,Versa 4
2026-05-11T08:48:10Z,86.0,Versa 4
2026-05-11T08:48:12Z,87.0,Versa 4
2026-05-11T08:48:15Z,87.0,Versa 4
2026-05-11T08:48:18Z,87.0,Versa 4
2026-05-11T08:48:20Z,86.0,Versa 4
2026-05-11T08:48:22Z,87.0,Versa 4
2026-05-11T08:48:23Z,89.0,Versa 4
2026-05-11T08:48:25Z,91.0,Versa 4
2026-05-11T08:48:27Z,92.0,Versa 4
2026-05-11T08:48:30Z,92.0,Versa 4
2026-05-11T08:48:31Z,93.0,Versa 4
2026-05-11T08:48:34Z,93.0,Versa 4
2026-05-11T08:48:35Z,92.0,Versa 4
2026-05-11T08:48:37Z,86.0,Versa 4
2026-05-11T08:48:39Z,84.0,Versa 4
2026-05-11T08:48:42Z,84.0,Versa 4
2026-05-11T08:48:43Z,83.0,Versa 4
2026-05-11T08:48:45Z,84.0,Versa 4
2026-05-11T08:48:47Z,83.0,Versa 4
2026-05-11T08:48:48Z,81.0,Versa 4
2026-05-11T08:48:50Z,80.0,Versa 4
2026-05-11T08:48:52Z,81.0,Versa 4
2026-05-11T08:48:55Z,81.0,Versa 4
2026-05-11T08:48:56Z,82.0,Versa 4
2026-05-11T08:48:58Z,84.0,Versa 4
2026-05-11T08:49:00Z,85.0,Versa 4
2026-05-11T08:49:03Z,85.0,Versa 4
2026-05-11T08:49:06Z,87.0,Versa 4
2026-05-11T08:49:09Z,87.0,Versa 4
2026-05-11T08:49:10Z,85.0,Versa 4
2026-05-11T08:49:11Z,83.0,Versa 4
2026-05-11T08:49:13Z,82.0,Versa 4
2026-05-11T08:49:15Z,84.0,Versa 4
2026-05-11T08:49:17Z,83.0,Versa 4
2026-05-11T08:49:19Z,85.0,Versa 4
2026-05-11T08:49:22Z,85.0,Versa 4
2026-05-11T08:49:23Z,84.0,Versa 4
2026-05-11T08:49:25Z,85.0,Versa 4
2026-05-11T08:49:27Z,86.0,Versa 4
2026-05-11T08:49:30Z,86.0,Versa 4
2026-05-11T08:49:31Z,88.0,Versa 4
2026-05-11T08:49:33Z,89.0,Versa 4
2026-05-11T08:49:35Z,90.0,Versa 4
2026-05-11T08:49:38Z,89.0,Versa 4
2026-05-11T08:49:40Z,88.0,Versa 4
2026-05-11T08:49:43Z,88.0,Versa 4
2026-05-11T08:49:44Z,86.0,Versa 4
2026-05-11T08:49:46Z,83.0,Versa 4
2026-05-11T08:49:49Z,83.0,Versa 4
2026-05-11T08:49:50Z,85.0,Versa 4
2026-05-11T08:49:53Z,85.0,Versa 4
2026-05-11T08:49:56Z,87.0,Versa 4
2026-05-11T08:49:59Z,86.0,Versa 4
2026-05-11T08:50:02Z,86.0,Versa 4
2026-05-11T08:50:03Z,85.0,Versa 4
2026-05-11T08:50:06Z,85.0,Versa 4
2026-05-11T08:50:07Z,87.0,Versa 4
2026-05-11T08:50:09Z,90.0,Versa 4
2026-05-11T08:50:11Z,95.0,Versa 4
2026-05-11T08:50:13Z,97.0,Versa 4
2026-05-11T08:50:15Z,98.0,Versa 4
2026-05-11T08:50:17Z,96.0,Versa 4
2026-05-11T08:50:19Z,90.0,Versa 4
2026-05-11T08:50:21Z,84.0,Versa 4
2026-05-11T08:50:23Z,83.0,Versa 4
2026-05-11T08:50:26Z,82.0,Versa 4
2026-05-11T08:50:28Z,82.0,Versa 4
2026-05-11T08:50:31Z,82.0,Versa 4
2026-05-11T08:50:32Z,81.0,Versa 4
2026-05-11T08:50:35Z,81.0,Versa 4
2026-05-11T08:50:36Z,82.0,Versa 4
2026-05-11T08:50:38Z,82.0,Versa 4
2026-05-11T08:50:40Z,80.0,Versa 4
2026-05-11T08:50:42Z,78.0,Versa 4
2026-05-11T08:50:44Z,77.0,Versa 4
2026-05-11T08:50:46Z,78.0,Versa 4
2026-05-11T08:50:49Z,80.0,Versa 4
2026-05-11T08:50:51Z,82.0,Versa 4
2026-05-11T08:50:53Z,85.0,Versa 4
2026-05-11T08:50:55Z,86.0,Versa 4
2026-05-11T08:50:57Z,85.0,Versa 4
2026-05-11T08:50:59Z,82.0,Versa 4
2026-05-11T08:51:02Z,82.0,Versa 4
2026-05-11T08:51:03Z,83.0,Versa 4
2026-05-11T08:51:06Z,83.0,Versa 4
2026-05-11T08:51:07Z,86.0,Versa 4
2026-05-11T08:51:10Z,86.0,Versa 4
2026-05-11T08:51:13Z,86.0,Versa 4
2026-05-11T08:51:16Z,88.0,Versa 4
2026-05-11T08:51:19Z,88.0,Versa 4
2026-05-11T08:51:20Z,87.0,Versa 4
2026-05-11T08:51:22Z,86.0,Versa 4
2026-05-11T08:51:24Z,85.0,Versa 4
2026-05-11T08:51:26Z,84.0,Versa 4
2026-05-11T08:51:29Z,84.0,Versa 4
2026-05-11T08:51:30Z,85.0,Versa 4
2026-05-11T08:51:32Z,87.0,Versa 4
2026-05-11T08:51:34Z,86.0,Versa 4
2026-05-11T08:51:35Z,87.0,Versa 4
2026-05-11T08:51:37Z,88.0,Versa 4
2026-05-11T08:51:39Z,86.0,Versa 4
2026-05-11T08:51:41Z,84.0,Versa 4
2026-05-11T08:51:43Z,82.0,Versa 4
2026-05-11T08:51:45Z,80.0,Versa 4
2026-05-11T08:51:48Z,80.0,Versa 4
2026-05-11T08:51:51Z,80.0,Versa 4
2026-05-11T08:51:53Z,82.0,Versa 4
2026-05-11T08:51:55Z,81.0,Versa 4
2026-05-11T08:51:57Z,80.0,Versa 4
2026-05-11T08:52:00Z,80.0,Versa 4
2026-05-11T08:52:03Z,80.0,Versa 4
2026-05-11T08:52:04Z,83.0,Versa 4
2026-05-11T08:52:06Z,87.0,Versa 4
2026-05-11T08:52:09Z,87.0,Versa 4
2026-05-11T08:52:10Z,89.0,Versa 4
2026-05-11T08:52:12Z,94.0,Versa 4
2026-05-11T08:52:14Z,93.0,Versa 4
2026-05-11T08:52:16Z,92.0,Versa 4
2026-05-11T08:52:18Z,88.0,Versa 4
2026-05-11T08:52:20Z,84.0,Versa 4
2026-05-11T08:52:22Z,83.0,Versa 4
2026-05-11T08:52:23Z,84.0,Versa 4
2026-05-11T08:52:25Z,85.0,Versa 4
2026-05-11T08:52:27Z,86.0,Versa 4
2026-05-11T08:52:29Z,90.0,Versa 4
2026-05-11T08:52:31Z,89.0,Versa 4
2026-05-11T08:52:33Z,84.0,Versa 4
2026-05-11T08:52:35Z,90.0,Versa 4
2026-05-11T08:52:37Z,89.0,Versa 4
2026-05-11T08:52:39Z,88.0,Versa 4
2026-05-11T08:52:41Z,91.0,Versa 4
2026-05-11T08:52:43Z,93.0,Versa 4
2026-05-11T08:52:45Z,92.0,Versa 4
2026-05-11T08:52:47Z,96.0,Versa 4
2026-05-11T08:52:48Z,99.0,Versa 4
2026-05-11T08:52:50Z,97.0,Versa 4
2026-05-11T08:52:52Z,95.0,Versa 4
2026-05-11T08:52:55Z,95.0,Versa 4
2026-05-11T08:52:58Z,96.0,Versa 4
2026-05-11T08:53:00Z,98.0,Versa 4
2026-05-11T08:53:02Z,100.0,Versa 4
2026-05-11T08:53:04Z,102.0,Versa 4
2026-05-11T08:53:07Z,102.0,Versa 4
2026-05-11T08:53:08Z,103.0,Versa 4
2026-05-11T08:53:10Z,106.0,Versa 4
2026-05-11T08:53:11Z,105.0,Versa 4
2026-05-11T08:53:13Z,94.0,Versa 4
2026-05-11T08:53:15Z,89.0,Versa 4
2026-05-11T08:53:18Z,89.0,Versa 4
2026-05-11T08:53:21Z,89.0,Versa 4
2026-05-11T08:53:23Z,90.0,Versa 4
2026-05-11T08:53:25Z,88.0,Versa 4
2026-05-11T08:53:28Z,88.0,Versa 4
2026-05-11T08:53:29Z,89.0,Versa 4
2026-05-11T08:53:31Z,88.0,Versa 4
2026-05-11T08:53:33Z,89.0,Versa 4
2026-05-11T08:53:35Z,90.0,Versa 4
2026-05-11T08:53:36Z,92.0,Versa 4
2026-05-11T08:53:38Z,93.0,Versa 4
2026-05-11T08:53:40Z,96.0,Versa 4
2026-05-11T08:53:42Z,98.0,Versa 4
2026-05-11T08:53:44Z,97.0,Versa 4
2026-05-11T08:53:46Z,98.0,Versa 4
2026-05-11T08:53:48Z,97.0,Versa 4
2026-05-11T08:53:50Z,92.0,Versa 4
2026-05-11T08:53:53Z,92.0,Versa 4
2026-05-11T08:53:56Z,91.0,Versa 4
2026-05-11T08:53:59Z,93.0,Versa 4
2026-05-11T08:54:02Z,93.0,Versa 4
2026-05-11T08:54:03Z,100.0,Versa 4
2026-05-11T08:54:05Z,92.0,Versa 4
2026-05-11T08:54:07Z,89.0,Versa 4
2026-05-11T08:54:10Z,89.0,Versa 4
2026-05-11T08:54:11Z,91.0,Versa 4
2026-05-11T08:54:13Z,93.0,Versa 4
2026-05-11T08:54:15Z,94.0,Versa 4
2026-05-11T08:54:17Z,91.0,Versa 4
2026-05-11T08:54:19Z,90.0,Versa 4
2026-05-11T08:54:21Z,94.0,Versa 4
2026-05-11T08:54:23Z,91.0,Versa 4
2026-05-11T08:54:26Z,91.0,Versa 4
2026-05-11T08:54:28Z,89.0,Versa 4
2026-05-11T08:54:30Z,91.0,Versa 4
2026-05-11T08:54:32Z,94.0,Versa 4
2026-05-11T08:54:35Z,94.0,Versa 4
2026-05-11T08:54:38Z,93.0,Versa 4
2026-05-11T08:54:41Z,93.0,Versa 4
2026-05-11T08:54:44Z,93.0,Versa 4
2026-05-11T08:54:46Z,92.0,Versa 4
2026-05-11T08:54:47Z,93.0,Versa 4
2026-05-11T08:54:49Z,92.0,Versa 4
2026-05-11T08:54:51Z,89.0,Versa 4
2026-05-11T08:54:54Z,89.0,Versa 4
2026-05-11T08:54:55Z,87.0,Versa 4
2026-05-11T08:54:58Z,87.0,Versa 4
2026-05-11T08:54:59Z,88.0,Versa 4
2026-05-11T08:55:01Z,87.0,Versa 4
2026-05-11T08:55:03Z,89.0,Versa 4
2026-05-11T08:55:06Z,89.0,Versa 4
2026-05-11T08:55:09Z,89.0,Versa 4
2026-05-11T08:55:11Z,90.0,Versa 4
2026-05-11T08:55:14Z,92.0,Versa 4
2026-05-11T08:55:16Z,90.0,Versa 4
2026-05-11T08:55:18Z,88.0,Versa 4
2026-05-11T08:55:20Z,87.0,Versa 4
2026-05-11T08:55:22Z,89.0,Versa 4
2026-05-11T08:55:24Z,88.0,Versa 4
2026-05-11T08:55:27Z,88.0,Versa 4
2026-05-11T08:55:28Z,90.0,Versa 4
2026-05-11T08:55:30Z,88.0,Versa 4
2026-05-11T08:55:32Z,85.0,Versa 4
2026-05-11T08:55:34Z,84.0,Versa 4
2026-05-11T08:55:37Z,85.0,Versa 4
2026-05-11T08:55:39Z,86.0,Versa 4
2026-05-11T08:55:42Z,86.0,Versa 4
2026-05-11T08:55:43Z,85.0,Versa 4
2026-05-11T08:55:45Z,87.0,Versa 4
2026-05-11T08:55:47Z,88.0,Versa 4
2026-05-11T08:55:49Z,84.0,Versa 4
2026-05-11T08:55:51Z,81.0,Versa 4
2026-05-11T08:55:54Z,81.0,Versa 4
2026-05-11T08:55:55Z,80.0,Versa 4
2026-05-11T08:55:58Z,80.0,Versa 4
2026-05-11T08:55:59Z,81.0,Versa 4
2026-05-11T08:56:00Z,80.0,Versa 4
2026-05-11T08:56:02Z,78.0,Versa 4
2026-05-11T08:56:04Z,79.0,Versa 4
2026-05-11T08:56:06Z,78.0,Versa 4
2026-05-11T08:56:08Z,79.0,Versa 4
2026-05-11T08:56:10Z,83.0,Versa 4
2026-05-11T08:56:12Z,82.0,Versa 4
2026-05-11T08:56:14Z,80.0,Versa 4
2026-05-11T08:56:16Z,78.0,Versa 4
2026-05-11T08:56:19Z,78.0,Versa 4
2026-05-11T08:56:20Z,79.0,Versa 4
2026-05-11T08:56:22Z,80.0,Versa 4
2026-05-11T08:56:23Z,81.0,Versa 4
2026-05-11T08:56:25Z,84.0,Versa 4
2026-05-11T08:56:27Z,85.0,Versa 4
2026-05-11T08:56:29Z,86.0,Versa 4
2026-05-11T08:56:32Z,86.0,Versa 4
2026-05-11T08:56:35Z,91.0,Versa 4
2026-05-11T08:56:37Z,92.0,Versa 4
2026-05-11T08:56:39Z,91.0,Versa 4
2026-05-11T08:56:41Z,90.0,Versa 4
2026-05-11T08:56:43Z,91.0,Versa 4
2026-05-11T08:56:45Z,90.0,Versa 4
2026-05-11T08:56:47Z,91.0,Versa 4
2026-05-11T08:56:48Z,89.0,Versa 4
2026-05-11T08:56:50Z,90.0,Versa 4
2026-05-11T08:56:52Z,94.0,Versa 4
2026-05-11T08:56:54Z,95.0,Versa 4
2026-05-11T08:56:57Z,95.0,Versa 4
2026-05-11T08:56:58Z,101.0,Versa 4
2026-05-11T08:57:01Z,101.0,Versa 4
2026-05-11T08:57:02Z,102.0,Versa 4
2026-05-11T08:57:04Z,103.0,Versa 4
2026-05-11T08:57:06Z,104.0,Versa 4
2026-05-11T08:57:09Z,104.0,Versa 4
2026-05-11T08:57:10Z,105.0,Versa 4
2026-05-11T08:57:11Z,104.0,Versa 4
2026-05-11T08:57:13Z,103.0,Versa 4
2026-05-11T08:57:15Z,104.0,Versa 4
2026-05-11T08:57:17Z,103.0,Versa 4
2026-05-11T08:57:19Z,101.0,Versa 4
2026-05-11T08:57:21Z,98.0,Versa 4
2026-05-11T08:57:23Z,99.0,Versa 4
2026-05-11T08:57:25Z,101.0,Versa 4
2026-05-11T08:57:27Z,102.0,Versa 4
2026-05-11T08:57:29Z,104.0,Versa 4
2026-05-11T08:57:31Z,105.0,Versa 4
2026-05-11T08:57:33Z,106.0,Versa 4
2026-05-11T08:57:35Z,105.0,Versa 4
2026-05-11T08:57:38Z,101.0,Versa 4
2026-05-11T08:57:40Z,102.0,Versa 4
2026-05-11T08:57:42Z,107.0,Versa 4
2026-05-11T08:57:44Z,104.0,Versa 4
2026-05-11T08:57:46Z,106.0,Versa 4
2026-05-11T08:57:48Z,107.0,Versa 4
2026-05-11T08:57:50Z,108.0,Versa 4
2026-05-11T08:57:52Z,106.0,Versa 4
2026-05-11T08:57:54Z,104.0,Versa 4
2026-05-11T08:57:56Z,100.0,Versa 4
2026-05-11T08:57:58Z,105.0,Versa 4
2026-05-11T08:57:59Z,103.0,Versa 4
2026-05-11T08:58:01Z,105.0,Versa 4
2026-05-11T08:58:03Z,105.0,Versa 4
2026-05-11T08:58:06Z,105.0,Versa 4
2026-05-11T08:58:07Z,106.0,Versa 4
2026-05-11T08:58:09Z,105.0,Versa 4
2026-05-11T08:58:12Z,105.0,Versa 4
2026-05-11T08:58:13Z,102.0,Versa 4
2026-05-11T08:58:15Z,104.0,Versa 4
2026-05-11T08:58:17Z,106.0,Versa 4
2026-05-11T08:58:19Z,104.0,Versa 4
2026-05-11T08:58:21Z,105.0,Versa 4
2026-05-11T08:58:24Z,100.0,Versa 4
2026-05-11T08:58:26Z,105.0,Versa 4
2026-05-11T08:58:28Z,104.0,Versa 4
2026-05-11T08:58:30Z,100.0,Versa 4
2026-05-11T08:58:32Z,104.0,Versa 4
2026-05-11T08:58:34Z,122.0,Versa 4
2026-05-11T08:58:36Z,103.0,Versa 4
2026-05-11T08:58:38Z,104.0,Versa 4
2026-05-11T08:58:40Z,106.0,Versa 4
2026-05-11T08:58:42Z,100.0,Versa 4
2026-05-11T08:58:44Z,105.0,Versa 4
2026-05-11T08:58:46Z,117.0,Versa 4
2026-05-11T08:58:47Z,102.0,Versa 4
2026-05-11T08:58:49Z,101.0,Versa 4
2026-05-11T08:58:51Z,102.0,Versa 4
2026-05-11T08:58:53Z,101.0,Versa 4
2026-05-11T08:58:55Z,100.0,Versa 4
2026-05-11T08:58:58Z,100.0,Versa 4
2026-05-11T08:58:59Z,99.0,Versa 4
2026-05-11T08:59:02Z,99.0,Versa 4
2026-05-11T08:59:03Z,97.0,Versa 4
2026-05-11T08:59:05Z,96.0,Versa 4
2026-05-11T08:59:07Z,98.0,Versa 4
2026-05-11T08:59:09Z,99.0,Versa 4
2026-05-11T08:59:11Z,97.0,Versa 4
2026-05-11T08:59:12Z,98.0,Versa 4
2026-05-11T08:59:14Z,94.0,Versa 4
2026-05-11T08:59:16Z,93.0,Versa 4
2026-05-11T08:59:18Z,94.0,Versa 4
2026-05-11T08:59:20Z,93.0,Versa 4
2026-05-11T08:59:22Z,92.0,Versa 4
2026-05-11T08:59:24Z,89.0,Versa 4
2026-05-11T08:59:26Z,90.0,Versa 4
2026-05-11T08:59:28Z,89.0,Versa 4
2026-05-11T08:59:31Z,89.0,Versa 4
2026-05-11T08:59:34Z,89.0,Versa 4
2026-05-11T08:59:35Z,87.0,Versa 4
2026-05-11T08:59:38Z,87.0,Versa 4
2026-05-11T08:59:39Z,86.0,Versa 4
2026-05-11T08:59:41Z,87.0,Versa 4
2026-05-11T08:59:43Z,88.0,Versa 4
2026-05-11T08:59:45Z,89.0,Versa 4
2026-05-11T08:59:47Z,90.0,Versa 4
2026-05-11T08:59:49Z,92.0,Versa 4
2026-05-11T08:59:51Z,91.0,Versa 4
2026-05-11T08:59:53Z,93.0,Versa 4
2026-05-11T08:59:55Z,92.0,Versa 4
2026-05-11T08:59:57Z,91.0,Versa 4
2026-05-11T09:00:00Z,92.0,Versa 4
2026-05-11T09:00:03Z,92.0,Versa 4
2026-05-11T09:00:04Z,93.0,Versa 4
2026-05-11T09:00:07Z,93.0,Versa 4
2026-05-11T09:00:08Z,94.0,Versa 4
2026-05-11T09:00:11Z,94.0,Versa 4
2026-05-11T09:00:12Z,95.0,Versa 4
2026-05-11T09:00:15Z,95.0,Versa 4
2026-05-11T09:00:16Z,92.0,Versa 4
2026-05-11T09:00:18Z,91.0,Versa 4
2026-05-11T09:00:21Z,91.0,Versa 4
2026-05-11T09:00:22Z,92.0,Versa 4
2026-05-11T09:00:23Z,94.0,Versa 4
2026-05-11T09:00:26Z,94.0,Versa 4
2026-05-11T09:00:29Z,93.0,Versa 4
2026-05-11T09:00:31Z,90.0,Versa 4
2026-05-11T09:00:33Z,88.0,Versa 4
2026-05-11T09:00:35Z,86.0,Versa 4
2026-05-11T09:00:37Z,86.0,Versa 4
2026-05-11T09:00:40Z,86.0,Versa 4
2026-05-11T09:00:41Z,87.0,Versa 4
2026-05-11T09:00:44Z,87.0,Versa 4
2026-05-11T09:00:45Z,88.0,Versa 4
2026-05-11T09:00:47Z,89.0,Versa 4
2026-05-11T09:00:50Z,91.0,Versa 4
2026-05-11T09:00:53Z,91.0,Versa 4
2026-05-11T09:00:56Z,92.0,Versa 4
2026-05-11T09:00:58Z,94.0,Versa 4
2026-05-11T09:01:01Z,94.0,Versa 4
2026-05-11T09:01:02Z,93.0,Versa 4
2026-05-11T09:01:04Z,92.0,Versa 4
2026-05-11T09:01:06Z,91.0,Versa 4
2026-05-11T09:01:09Z,91.0,Versa 4
2026-05-11T09:01:12Z,91.0,Versa 4
2026-05-11T09:01:13Z,90.0,Versa 4
2026-05-11T09:01:15Z,89.0,Versa 4
2026-05-11T09:01:17Z,90.0,Versa 4
2026-05-11T09:01:19Z,91.0,Versa 4
2026-05-11T09:01:22Z,91.0,Versa 4
2026-05-11T09:01:23Z,92.0,Versa 4
2026-05-11T09:01:25Z,94.0,Versa 4
2026-05-11T09:01:27Z,95.0,Versa 4
2026-05-11T09:01:29Z,96.0,Versa 4
2026-05-11T09:01:31Z,95.0,Versa 4
2026-05-11T09:01:33Z,94.0,Versa 4
2026-05-11T09:01:35Z,95.0,Versa 4
2026-05-11T09:01:36Z,94.0,Versa 4
2026-05-11T09:01:38Z,95.0,Versa 4
2026-05-11T09:01:40Z,96.0,Versa 4
2026-05-11T09:01:43Z,96.0,Versa 4
2026-05-11T09:01:46Z,97.0,Versa 4
2026-05-11T09:01:48Z,96.0,Versa 4
2026-05-11T09:01:51Z,96.0,Versa 4
2026-05-11T09:01:52Z,95.0,Versa 4
2026-05-11T09:01:55Z,95.0,Versa 4
2026-05-11T09:01:58Z,97.0,Versa 4
2026-05-11T09:01:59Z,96.0,Versa 4
2026-05-11T09:02:01Z,97.0,Versa 4
2026-05-11T09:02:03Z,96.0,Versa 4
2026-05-11T09:02:06Z,96.0,Versa 4
2026-05-11T09:02:09Z,95.0,Versa 4
2026-05-11T09:02:11Z,96.0,Versa 4
2026-05-11T09:02:13Z,98.0,Versa 4
2026-05-11T09:02:15Z,97.0,Versa 4
2026-05-11T09:02:18Z,97.0,Versa 4
2026-05-11T09:02:19Z,99.0,Versa 4
2026-05-11T09:02:21Z,102.0,Versa 4
2026-05-11T09:02:24Z,101.0,Versa 4
2026-05-11T09:02:27Z,101.0,Versa 4
2026-05-11T09:02:28Z,100.0,Versa 4
2026-05-11T09:02:31Z,100.0,Versa 4
2026-05-11T09:02:34Z,98.0,Versa 4
2026-05-11T09:02:36Z,99.0,Versa 4
2026-05-11T09:02:38Z,100.0,Versa 4
2026-05-11T09:02:40Z,99.0,Versa 4
2026-05-11T09:02:42Z,98.0,Versa 4
2026-05-11T09:02:45Z,98.0,Versa 4
2026-05-11T09:02:47Z,97.0,Versa 4
2026-05-11T09:02:49Z,95.0,Versa 4
2026-05-11T09:02:51Z,92.0,Versa 4
2026-05-11T09:02:53Z,89.0,Versa 4
2026-05-11T09:02:55Z,90.0,Versa 4
2026-05-11T09:02:57Z,89.0,Versa 4
2026-05-11T09:03:00Z,89.0,Versa 4
2026-05-11T09:03:03Z,89.0,Versa 4
2026-05-11T09:03:06Z,89.0,Versa 4
2026-05-11T09:03:09Z,88.0,Versa 4
2026-05-11T09:03:11Z,89.0,Versa 4
2026-05-11T09:03:14Z,89.0,Versa 4
2026-05-11T09:03:17Z,89.0,Versa 4
2026-05-11T09:03:18Z,88.0,Versa 4
2026-05-11T09:03:20Z,85.0,Versa 4
2026-05-11T09:03:22Z,89.0,Versa 4
2026-05-11T09:03:24Z,87.0,Versa 4
2026-05-11T09:03:26Z,82.0,Versa 4
2026-05-11T09:03:28Z,80.0,Versa 4
2026-05-11T09:03:30Z,79.0,Versa 4
2026-05-11T09:03:32Z,80.0,Versa 4
2026-05-11T09:03:35Z,81.0,Versa 4
2026-05-11T09:03:37Z,83.0,Versa 4
2026-05-11T09:03:39Z,82.0,Versa 4
2026-05-11T09:03:42Z,82.0,Versa 4
2026-05-11T09:03:45Z,81.0,Versa 4
2026-05-11T09:03:47Z,80.0,Versa 4
2026-05-11T09:03:50Z,80.0,Versa 4
2026-05-11T09:03:51Z,82.0,Versa 4
2026-05-11T09:03:53Z,84.0,Versa 4
2026-05-11T09:03:55Z,86.0,Versa 4
2026-05-11T09:03:58Z,86.0,Versa 4
2026-05-11T09:03:59Z,85.0,Versa 4
2026-05-11T09:04:00Z,84.0,Versa 4
2026-05-11T09:04:03Z,84.0,Versa 4
2026-05-11T09:04:06Z,85.0,Versa 4
2026-05-11T09:04:09Z,85.0,Versa 4
2026-05-11T09:04:10Z,84.0,Versa 4
2026-05-11T09:04:12Z,82.0,Versa 4
2026-05-11T09:04:15Z,82.0,Versa 4
2026-05-11T09:04:16Z,83.0,Versa 4
2026-05-11T09:04:19Z,83.0,Versa 4
2026-05-11T09:04:22Z,84.0,Versa 4
2026-05-11T09:04:25Z,83.0,Versa 4
2026-05-11T09:04:27Z,84.0,Versa 4
2026-05-11T09:04:29Z,86.0,Versa 4
2026-05-11T09:04:31Z,85.0,Versa 4
2026-05-11T09:04:33Z,83.0,Versa 4
2026-05-11T09:04:35Z,82.0,Versa 4
2026-05-11T09:04:37Z,83.0,Versa 4
2026-05-11T09:04:39Z,85.0,Versa 4
2026-05-11T09:04:42Z,85.0,Versa 4
2026-05-11T09:04:43Z,84.0,Versa 4
2026-05-11T09:04:46Z,84.0,Versa 4
2026-05-11T09:04:47Z,85.0,Versa 4
2026-05-11T09:04:50Z,85.0,Versa 4
2026-05-11T09:04:52Z,84.0,Versa 4
2026-05-11T09:04:54Z,85.0,Versa 4
2026-05-11T09:04:56Z,87.0,Versa 4
2026-05-11T09:04:58Z,88.0,Versa 4
2026-05-11T09:05:00Z,87.0,Versa 4
2026-05-11T09:05:02Z,89.0,Versa 4
2026-05-11T09:05:04Z,90.0,Versa 4
2026-05-11T09:05:06Z,89.0,Versa 4
2026-05-11T09:05:08Z,91.0,Versa 4
2026-05-11T09:05:10Z,96.0,Versa 4
2026-05-11T09:05:11Z,93.0,Versa 4
2026-05-11T09:05:13Z,96.0,Versa 4
2026-05-11T09:05:15Z,92.0,Versa 4
2026-05-11T09:05:17Z,87.0,Versa 4
2026-05-11T09:05:19Z,84.0,Versa 4
2026-05-11T09:05:21Z,83.0,Versa 4
2026-05-11T09:05:24Z,83.0,Versa 4
2026-05-11T09:05:27Z,83.0,Versa 4
2026-05-11T09:05:29Z,84.0,Versa 4
2026-05-11T09:05:31Z,85.0,Versa 4
2026-05-11T09:05:33Z,87.0,Versa 4
2026-05-11T09:05:35Z,88.0,Versa 4
2026-05-11T09:05:36Z,87.0,Versa 4
2026-05-11T09:05:38Z,87.0,Versa 4
2026-05-11T09:05:40Z,86.0,Versa 4
2026-05-11T09:05:42Z,85.0,Versa 4
2026-05-11T09:05:45Z,85.0,Versa 4
2026-05-11T09:05:48Z,86.0,Versa 4
2026-05-11T09:05:50Z,87.0,Versa 4
2026-05-11T09:05:52Z,89.0,Versa 4
2026-05-11T09:05:54Z,90.0,Versa 4
2026-05-11T09:05:57Z,90.0,Versa 4
2026-05-11T09:05:58Z,87.0,Versa 4
2026-05-11T09:05:59Z,86.0,Versa 4
2026-05-11T09:06:01Z,85.0,Versa 4
2026-05-11T09:06:03Z,87.0,Versa 4
2026-05-11T09:06:05Z,89.0,Versa 4
2026-05-11T09:06:07Z,87.0,Versa 4
2026-05-11T09:06:09Z,85.0,Versa 4
2026-05-11T09:06:11Z,82.0,Versa 4
2026-05-11T09:06:13Z,81.0,Versa 4
2026-05-11T09:06:16Z,81.0,Versa 4
2026-05-11T09:06:17Z,82.0,Versa 4
2026-05-11T09:06:19Z,83.0,Versa 4
2026-05-11T09:06:21Z,84.0,Versa 4
2026-05-11T09:06:24Z,87.0,Versa 4
2026-05-11T09:06:26Z,89.0,Versa 4
2026-05-11T09:06:28Z,88.0,Versa 4
2026-05-11T09:06:31Z,88.0,Versa 4
2026-05-11T09:06:34Z,85.0,Versa 4
2026-05-11T09:06:36Z,83.0,Versa 4
2026-05-11T09:06:38Z,82.0,Versa 4
2026-05-11T09:06:40Z,81.0,Versa 4
2026-05-11T09:06:42Z,80.0,Versa 4
2026-05-11T09:06:44Z,79.0,Versa 4
2026-05-11T09:06:47Z,81.0,Versa 4
2026-05-11T09:06:49Z,84.0,Versa 4
2026-05-11T09:06:51Z,87.0,Versa 4
2026-05-11T09:06:53Z,89.0,Versa 4
2026-05-11T09:06:56Z,89.0,Versa 4
2026-05-11T09:06:57Z,88.0,Versa 4
2026-05-11T09:06:59Z,87.0,Versa 4
2026-05-11T09:07:02Z,87.0,Versa 4
2026-05-11T09:07:03Z,86.0,Versa 4
2026-05-11T09:07:06Z,86.0,Versa 4
2026-05-11T09:07:07Z,88.0,Versa 4
2026-05-11T09:07:09Z,87.0,Versa 4
2026-05-11T09:07:11Z,85.0,Versa 4
2026-05-11T09:07:14Z,85.0,Versa 4
2026-05-11T09:07:17Z,85.0,Versa 4
2026-05-11T09:07:18Z,83.0,Versa 4
2026-05-11T09:07:20Z,82.0,Versa 4
2026-05-11T09:07:22Z,84.0,Versa 4
2026-05-11T09:07:24Z,85.0,Versa 4
2026-05-11T09:07:26Z,84.0,Versa 4
2026-05-11T09:07:29Z,84.0,Versa 4
2026-05-11T09:07:30Z,83.0,Versa 4
2026-05-11T09:07:32Z,84.0,Versa 4
2026-05-11T09:07:35Z,84.0,Versa 4
2026-05-11T09:07:37Z,85.0,Versa 4
2026-05-11T09:07:39Z,86.0,Versa 4
2026-05-11T09:07:42Z,86.0,Versa 4
2026-05-11T09:07:45Z,84.0,Versa 4
2026-05-11T09:07:48Z,84.0,Versa 4
2026-05-11T09:07:49Z,85.0,Versa 4
2026-05-11T09:07:51Z,84.0,Versa 4
2026-05-11T09:07:54Z,84.0,Versa 4
2026-05-11T09:07:55Z,88.0,Versa 4
2026-05-11T09:07:57Z,91.0,Versa 4
2026-05-11T09:08:00Z,90.0,Versa 4
2026-05-11T09:08:02Z,89.0,Versa 4
2026-05-11T09:08:04Z,88.0,Versa 4
2026-05-11T09:08:06Z,89.0,Versa 4
2026-05-11T09:08:09Z,89.0,Versa 4
2026-05-11T09:08:10Z,87.0,Versa 4
2026-05-11T09:08:13Z,87.0,Versa 4
2026-05-11T09:08:16Z,86.0,Versa 4
2026-05-11T09:08:18Z,85.0,Versa 4
2026-05-11T09:08:21Z,85.0,Versa 4
2026-05-11T09:08:23Z,86.0,Versa 4
2026-05-11T09:08:25Z,87.0,Versa 4
2026-05-11T09:08:27Z,87.0,Versa 4
2026-05-11T09:08:29Z,88.0,Versa 4
2026-05-11T09:08:32Z,88.0,Versa 4
2026-05-11T09:08:35Z,89.0,Versa 4
2026-05-11T09:08:38Z,89.0,Versa 4
2026-05-11T09:08:39Z,90.0,Versa 4
2026-05-11T09:08:41Z,89.0,Versa 4
2026-05-11T09:08:44Z,89.0,Versa 4
2026-05-11T09:08:45Z,88.0,Versa 4
2026-05-11T09:08:47Z,87.0,Versa 4
2026-05-11T09:08:48Z,88.0,Versa 4
2026-05-11T09:08:50Z,89.0,Versa 4
2026-05-11T09:08:52Z,90.0,Versa 4
2026-05-11T09:08:55Z,90.0,Versa 4
2026-05-11T09:08:56Z,91.0,Versa 4
2026-05-11T09:08:58Z,92.0,Versa 4
2026-05-11T09:09:00Z,96.0,Versa 4
2026-05-11T09:09:02Z,98.0,Versa 4
2026-05-11T09:09:04Z,99.0,Versa 4
2026-05-11T09:09:06Z,98.0,Versa 4
2026-05-11T09:09:08Z,97.0,Versa 4
2026-05-11T09:09:10Z,95.0,Versa 4
2026-05-11T09:09:11Z,94.0,Versa 4
2026-05-11T09:09:13Z,92.0,Versa 4
2026-05-11T09:09:15Z,89.0,Versa 4
2026-05-11T09:09:17Z,87.0,Versa 4
2026-05-11T09:09:19Z,86.0,Versa 4
2026-05-11T09:09:21Z,84.0,Versa 4
2026-05-11T09:09:23Z,83.0,Versa 4
2026-05-11T09:09:26Z,83.0,Versa 4
2026-05-11T09:09:27Z,85.0,Versa 4
2026-05-11T09:09:30Z,85.0,Versa 4
2026-05-11T09:09:31Z,86.0,Versa 4
2026-05-11T09:09:34Z,86.0,Versa 4
2026-05-11T09:09:35Z,84.0,Versa 4
2026-05-11T09:09:38Z,84.0,Versa 4
2026-05-11T09:09:41Z,84.0,Versa 4
2026-05-11T09:09:44Z,84.0,Versa 4
2026-05-11T09:09:46Z,83.0,Versa 4
2026-05-11T09:09:49Z,83.0,Versa 4
2026-05-11T09:09:52Z,86.0,Versa 4
2026-05-11T09:09:55Z,86.0,Versa 4
2026-05-11T09:09:56Z,84.0,Versa 4
2026-05-11T09:09:59Z,83.0,Versa 4
2026-05-11T09:10:01Z,82.0,Versa 4
2026-05-11T09:10:04Z,82.0,Versa 4
2026-05-11T09:10:07Z,82.0,Versa 4
2026-05-11T09:10:09Z,83.0,Versa 4
2026-05-11T09:10:11Z,84.0,Versa 4
2026-05-11T09:10:13Z,86.0,Versa 4
2026-05-11T09:10:15Z,87.0,Versa 4
2026-05-11T09:10:17Z,88.0,Versa 4
2026-05-11T09:10:19Z,89.0,Versa 4
2026-05-11T09:10:22Z,89.0,Versa 4
2026-05-11T09:10:23Z,88.0,Versa 4
2026-05-11T09:10:24Z,89.0,Versa 4
2026-05-11T09:10:26Z,88.0,Versa 4
2026-05-11T09:10:28Z,87.0,Versa 4
2026-05-11T09:10:31Z,87.0,Versa 4
2026-05-11T09:10:32Z,86.0,Versa 4
2026-05-11T09:10:34Z,85.0,Versa 4
2026-05-11T09:10:36Z,86.0,Versa 4
2026-05-11T09:10:38Z,87.0,Versa 4
2026-05-11T09:10:40Z,88.0,Versa 4
2026-05-11T09:10:42Z,89.0,Versa 4
2026-05-11T09:10:44Z,88.0,Versa 4
2026-05-11T09:10:46Z,86.0,Versa 4
2026-05-11T09:10:47Z,85.0,Versa 4
2026-05-11T09:10:49Z,84.0,Versa 4
2026-05-11T09:10:51Z,83.0,Versa 4
2026-05-11T09:10:53Z,84.0,Versa 4
2026-05-11T09:10:55Z,86.0,Versa 4
2026-05-11T09:10:57Z,87.0,Versa 4
2026-05-11T09:10:59Z,85.0,Versa 4
2026-05-11T09:11:01Z,84.0,Versa 4
2026-05-11T09:11:03Z,85.0,Versa 4
2026-05-11T09:11:06Z,85.0,Versa 4
2026-05-11T09:11:09Z,87.0,Versa 4
2026-05-11T09:11:12Z,88.0,Versa 4
2026-05-11T09:11:15Z,88.0,Versa 4
2026-05-11T09:11:16Z,92.0,Versa 4
2026-05-11T09:11:18Z,96.0,Versa 4
2026-05-11T09:11:20Z,99.0,Versa 4
2026-05-11T09:11:22Z,98.0,Versa 4
2026-05-11T09:11:24Z,100.0,Versa 4
2026-05-11T09:11:27Z,100.0,Versa 4
2026-05-11T09:11:28Z,100.0,Versa 4
2026-05-11T09:11:30Z,102.0,Versa 4
2026-05-11T09:11:33Z,102.0,Versa 4
2026-05-11T09:11:34Z,103.0,Versa 4
2026-05-11T09:11:37Z,103.0,Versa 4
2026-05-11T09:11:39Z,104.0,Versa 4
2026-05-11T09:11:41Z,103.0,Versa 4
2026-05-11T09:11:43Z,105.0,Versa 4
2026-05-11T09:11:46Z,105.0,Versa 4
2026-05-11T09:11:49Z,106.0,Versa 4
2026-05-11T09:11:51Z,108.0,Versa 4
2026-05-11T09:11:53Z,105.0,Versa 4
2026-05-11T09:11:55Z,106.0,Versa 4
2026-05-11T09:11:57Z,107.0,Versa 4
2026-05-11T09:11:59Z,106.0,Versa 4
2026-05-11T09:12:02Z,109.0,Versa 4
2026-05-11T09:12:04Z,107.0,Versa 4
2026-05-11T09:12:07Z,107.0,Versa 4
2026-05-11T09:12:08Z,111.0,Versa 4
2026-05-11T09:12:10Z,109.0,Versa 4
2026-05-11T09:12:12Z,116.0,Versa 4
2026-05-11T09:12:14Z,120.0,Versa 4
2026-05-11T09:12:16Z,124.0,Versa 4
2026-05-11T09:12:18Z,123.0,Versa 4
2026-05-11T09:12:20Z,122.0,Versa 4
2026-05-11T09:12:22Z,123.0,Versa 4
2026-05-11T09:12:23Z,110.0,Versa 4
2026-05-11T09:12:25Z,95.0,Versa 4
2026-05-11T09:12:27Z,96.0,Versa 4
2026-05-11T09:12:29Z,99.0,Versa 4
2026-05-11T09:12:31Z,102.0,Versa 4
2026-05-11T09:12:34Z,102.0,Versa 4
2026-05-11T09:12:35Z,101.0,Versa 4
2026-05-11T09:12:37Z,96.0,Versa 4
2026-05-11T09:12:39Z,89.0,Versa 4
2026-05-11T09:12:41Z,87.0,Versa 4
2026-05-11T09:12:43Z,89.0,Versa 4
2026-05-11T09:12:45Z,90.0,Versa 4
2026-05-11T09:12:48Z,89.0,Versa 4
2026-05-11T09:12:51Z,89.0,Versa 4
2026-05-11T09:12:54Z,89.0,Versa 4
2026-05-11T09:12:56Z,90.0,Versa 4
2026-05-11T09:12:58Z,88.0,Versa 4
2026-05-11T09:13:00Z,89.0,Versa 4
2026-05-11T09:13:02Z,91.0,Versa 4
2026-05-11T09:13:04Z,92.0,Versa 4
2026-05-11T09:13:06Z,90.0,Versa 4
2026-05-11T09:13:08Z,90.0,Versa 4
2026-05-11T09:13:10Z,89.0,Versa 4
2026-05-11T09:13:11Z,90.0,Versa 4
2026-05-11T09:13:13Z,91.0,Versa 4
2026-05-11T09:13:16Z,91.0,Versa 4
2026-05-11T09:13:17Z,89.0,Versa 4
2026-05-11T09:13:19Z,91.0,Versa 4
2026-05-11T09:13:22Z,91.0,Versa 4
2026-05-11T09:13:23Z,88.0,Versa 4
2026-05-11T09:13:25Z,85.0,Versa 4
2026-05-11T09:13:27Z,84.0,Versa 4
2026-05-11T09:13:29Z,86.0,Versa 4
2026-05-11T09:13:31Z,88.0,Versa 4
2026-05-11T09:13:33Z,87.0,Versa 4
2026-05-11T09:13:35Z,88.0,Versa 4
2026-05-11T09:13:36Z,87.0,Versa 4
2026-05-11T09:13:38Z,88.0,Versa 4
2026-05-11T09:13:41Z,88.0,Versa 4
2026-05-11T09:13:42Z,87.0,Versa 4
2026-05-11T09:13:44Z,84.0,Versa 4
2026-05-11T09:13:46Z,82.0,Versa 4
2026-05-11T09:13:48Z,81.0,Versa 4
2026-05-11T09:13:50Z,82.0,Versa 4
2026-05-11T09:13:52Z,84.0,Versa 4
2026-05-11T09:13:55Z,84.0,Versa 4
2026-05-11T09:13:56Z,85.0,Versa 4
2026-05-11T09:13:58Z,86.0,Versa 4
2026-05-11T09:13:59Z,88.0,Versa 4
2026-05-11T09:14:01Z,90.0,Versa 4
2026-05-11T09:14:03Z,92.0,Versa 4
2026-05-11T09:14:05Z,94.0,Versa 4
2026-05-11T09:14:07Z,87.0,Versa 4
2026-05-11T09:14:09Z,83.0,Versa 4
2026-05-11T09:14:12Z,83.0,Versa 4
2026-05-11T09:14:13Z,82.0,Versa 4
2026-05-11T09:14:16Z,82.0,Versa 4
2026-05-11T09:14:19Z,85.0,Versa 4
2026-05-11T09:14:21Z,87.0,Versa 4
2026-05-11T09:14:23Z,88.0,Versa 4
2026-05-11T09:14:26Z,89.0,Versa 4
2026-05-11T09:14:28Z,93.0,Versa 4
2026-05-11T09:14:30Z,95.0,Versa 4
2026-05-11T09:14:33Z,95.0,Versa 4
2026-05-11T09:14:34Z,93.0,Versa 4
2026-05-11T09:14:36Z,96.0,Versa 4
2026-05-11T09:14:38Z,97.0,Versa 4
2026-05-11T09:14:40Z,96.0,Versa 4
2026-05-11T09:14:42Z,93.0,Versa 4
2026-05-11T09:14:44Z,92.0,Versa 4
2026-05-11T09:14:46Z,91.0,Versa 4
2026-05-11T09:14:47Z,92.0,Versa 4
2026-05-11T09:14:49Z,93.0,Versa 4
2026-05-11T09:14:51Z,92.0,Versa 4
2026-05-11T09:14:53Z,91.0,Versa 4
2026-05-11T09:14:55Z,90.0,Versa 4
2026-05-11T09:14:57Z,91.0,Versa 4
2026-05-11T09:15:00Z,91.0,Versa 4
2026-05-11T09:15:01Z,92.0,Versa 4
2026-05-11T09:15:03Z,94.0,Versa 4
2026-05-11T09:15:05Z,92.0,Versa 4
2026-05-11T09:15:08Z,92.0,Versa 4
2026-05-11T09:15:09Z,91.0,Versa 4
2026-05-11T09:15:11Z,90.0,Versa 4
2026-05-11T09:15:12Z,92.0,Versa 4
2026-05-11T09:15:14Z,94.0,Versa 4
2026-05-11T09:15:16Z,92.0,Versa 4
2026-05-11T09:15:19Z,92.0,Versa 4
2026-05-11T09:15:20Z,97.0,Versa 4
2026-05-11T09:15:22Z,100.0,Versa 4
2026-05-11T09:15:24Z,95.0,Versa 4
2026-05-11T09:15:26Z,97.0,Versa 4
2026-05-11T09:15:28Z,96.0,Versa 4
2026-05-11T09:15:30Z,86.0,Versa 4
2026-05-11T09:15:32Z,85.0,Versa 4
2026-05-11T09:15:34Z,87.0,Versa 4
2026-05-11T09:15:35Z,90.0,Versa 4
2026-05-11T09:15:37Z,93.0,Versa 4
2026-05-11T09:15:40Z,93.0,Versa 4
2026-05-11T09:15:41Z,92.0,Versa 4
2026-05-11T09:15:44Z,92.0,Versa 4
2026-05-11T09:15:45Z,91.0,Versa 4
2026-05-11T09:15:48Z,91.0,Versa 4
2026-05-11T09:15:49Z,90.0,Versa 4
2026-05-11T09:15:51Z,85.0,Versa 4
2026-05-11T09:15:53Z,86.0,Versa 4
2026-05-11T09:15:56Z,86.0,Versa 4
2026-05-11T09:15:59Z,88.0,Versa 4
2026-05-11T09:16:00Z,89.0,Versa 4
2026-05-11T09:16:03Z,89.0,Versa 4
2026-05-11T09:16:06Z,89.0,Versa 4
2026-05-11T09:16:08Z,88.0,Versa 4
2026-05-11T09:16:11Z,88.0,Versa 4
2026-05-11T09:16:12Z,87.0,Versa 4
2026-05-11T09:16:14Z,85.0,Versa 4
2026-05-11T09:16:16Z,86.0,Versa 4
2026-05-11T09:16:18Z,85.0,Versa 4
2026-05-11T09:16:21Z,85.0,Versa 4
2026-05-11T09:16:22Z,87.0,Versa 4
2026-05-11T09:16:23Z,84.0,Versa 4
2026-05-11T09:16:26Z,84.0,Versa 4
2026-05-11T09:16:27Z,85.0,Versa 4
2026-05-11T09:16:29Z,86.0,Versa 4
2026-05-11T09:16:31Z,87.0,Versa 4
2026-05-11T09:16:34Z,87.0,Versa 4
2026-05-11T09:16:35Z,84.0,Versa 4
2026-05-11T09:16:37Z,86.0,Versa 4
2026-05-11T09:16:39Z,89.0,Versa 4
2026-05-11T09:16:41Z,87.0,Versa 4
2026-05-11T09:16:43Z,88.0,Versa 4
2026-05-11T09:16:46Z,88.0,Versa 4
2026-05-11T09:16:48Z,90.0,Versa 4
2026-05-11T09:16:51Z,90.0,Versa 4
2026-05-11T09:16:52Z,89.0,Versa 4
2026-05-11T09:16:54Z,95.0,Versa 4
2026-05-11T09:16:56Z,94.0,Versa 4
2026-05-11T09:16:58Z,89.0,Versa 4
2026-05-11T09:17:00Z,85.0,Versa 4
2026-05-11T09:17:02Z,83.0,Versa 4
2026-05-11T09:17:04Z,82.0,Versa 4
2026-05-11T09:17:06Z,85.0,Versa 4
2026-05-11T09:17:09Z,85.0,Versa 4
2026-05-11T09:17:10Z,84.0,Versa 4
2026-05-11T09:17:11Z,85.0,Versa 4
2026-05-11T09:17:13Z,86.0,Versa 4
2026-05-11T09:17:15Z,85.0,Versa 4
2026-05-11T09:17:17Z,87.0,Versa 4
2026-05-11T09:17:19Z,89.0,Versa 4
2026-05-11T09:17:21Z,88.0,Versa 4
2026-05-11T09:17:23Z,90.0,Versa 4
2026-05-11T09:17:26Z,90.0,Versa 4
2026-05-11T09:17:27Z,91.0,Versa 4
2026-05-11T09:17:29Z,90.0,Versa 4
2026-05-11T09:17:31Z,89.0,Versa 4
2026-05-11T09:17:33Z,88.0,Versa 4
2026-05-11T09:17:35Z,86.0,Versa 4
2026-05-11T09:17:36Z,83.0,Versa 4
2026-05-11T09:17:39Z,83.0,Versa 4
2026-05-11T09:17:40Z,84.0,Versa 4
2026-05-11T09:17:42Z,76.0,Versa 4
2026-05-11T09:17:44Z,74.0,Versa 4
2026-05-11T09:17:46Z,76.0,Versa 4
2026-05-11T09:17:49Z,76.0,Versa 4
2026-05-11T09:17:50Z,78.0,Versa 4
2026-05-11T09:17:52Z,80.0,Versa 4
2026-05-11T09:17:54Z,82.0,Versa 4
2026-05-11T09:17:56Z,84.0,Versa 4
2026-05-11T09:17:58Z,86.0,Versa 4
2026-05-11T09:18:01Z,87.0,Versa 4
2026-05-11T09:18:03Z,88.0,Versa 4
2026-05-11T09:18:06Z,88.0,Versa 4
2026-05-11T09:18:07Z,87.0,Versa 4
2026-05-11T09:18:09Z,85.0,Versa 4
2026-05-11T09:18:11Z,84.0,Versa 4
2026-05-11T09:18:14Z,84.0,Versa 4
2026-05-11T09:18:17Z,85.0,Versa 4
2026-05-11T09:18:20Z,85.0,Versa 4
2026-05-11T09:18:21Z,84.0,Versa 4
2026-05-11T09:18:23Z,86.0,Versa 4
2026-05-11T09:18:24Z,84.0,Versa 4
2026-05-11T09:18:27Z,84.0,Versa 4
2026-05-11T09:18:28Z,85.0,Versa 4
2026-05-11T09:18:30Z,84.0,Versa 4
2026-05-11T09:18:32Z,82.0,Versa 4
2026-05-11T09:18:34Z,84.0,Versa 4
2026-05-11T09:18:37Z,84.0,Versa 4
2026-05-11T09:18:38Z,83.0,Versa 4
2026-05-11T09:18:41Z,83.0,Versa 4
2026-05-11T09:18:42Z,84.0,Versa 4
2026-05-11T09:18:44Z,86.0,Versa 4
2026-05-11T09:18:46Z,87.0,Versa 4
2026-05-11T09:18:47Z,86.0,Versa 4
2026-05-11T09:18:50Z,86.0,Versa 4
2026-05-11T09:18:51Z,88.0,Versa 4
2026-05-11T09:18:54Z,88.0,Versa 4
2026-05-11T09:18:55Z,91.0,Versa 4
2026-05-11T09:18:57Z,90.0,Versa 4
2026-05-11T09:18:59Z,87.0,Versa 4
2026-05-11T09:19:01Z,86.0,Versa 4
2026-05-11T09:19:03Z,84.0,Versa 4
2026-05-11T09:19:06Z,84.0,Versa 4
2026-05-11T09:19:07Z,83.0,Versa 4
2026-05-11T09:19:09Z,82.0,Versa 4
2026-05-11T09:19:11Z,83.0,Versa 4
2026-05-11T09:19:12Z,84.0,Versa 4
2026-05-11T09:19:14Z,85.0,Versa 4
2026-05-11T09:19:17Z,85.0,Versa 4
2026-05-11T09:19:20Z,84.0,Versa 4
2026-05-11T09:19:23Z,84.0,Versa 4
2026-05-11T09:19:24Z,83.0,Versa 4
2026-05-11T09:19:27Z,83.0,Versa 4
2026-05-11T09:19:30Z,82.0,Versa 4
2026-05-11T09:19:32Z,83.0,Versa 4
2026-05-11T09:19:34Z,84.0,Versa 4
2026-05-11T09:19:37Z,84.0,Versa 4
2026-05-11T09:19:40Z,84.0,Versa 4
2026-05-11T09:19:41Z,85.0,Versa 4
2026-05-11T09:19:43Z,84.0,Versa 4
2026-05-11T09:19:46Z,84.0,Versa 4
2026-05-11T09:19:49Z,85.0,Versa 4
2026-05-11T09:19:52Z,85.0,Versa 4
2026-05-11T09:19:53Z,86.0,Versa 4
2026-05-11T09:19:55Z,85.0,Versa 4
2026-05-11T09:19:57Z,83.0,Versa 4
2026-05-11T09:19:59Z,79.0,Versa 4
2026-05-11T09:20:00Z,78.0,Versa 4
2026-05-11T09:20:02Z,75.0,Versa 4
2026-05-11T09:20:05Z,75.0,Versa 4
2026-05-11T09:20:06Z,77.0,Versa 4
2026-05-11T09:20:08Z,78.0,Versa 4
2026-05-11T09:20:10Z,79.0,Versa 4
2026-05-11T09:20:12Z,81.0,Versa 4
2026-05-11T09:20:14Z,82.0,Versa 4
2026-05-11T09:20:17Z,82.0,Versa 4
2026-05-11T09:20:18Z,84.0,Versa 4
2026-05-11T09:20:20Z,87.0,Versa 4
2026-05-11T09:20:22Z,87.0,Versa 4
2026-05-11T09:20:23Z,86.0,Versa 4
2026-05-11T09:20:26Z,86.0,Versa 4
2026-05-11T09:20:29Z,87.0,Versa 4
2026-05-11T09:20:31Z,86.0,Versa 4
2026-05-11T09:20:33Z,85.0,Versa 4
2026-05-11T09:20:35Z,84.0,Versa 4
2026-05-11T09:20:38Z,84.0,Versa 4
2026-05-11T09:20:39Z,85.0,Versa 4
2026-05-11T09:20:41Z,87.0,Versa 4
2026-05-11T09:20:44Z,87.0,Versa 4
2026-05-11T09:20:45Z,86.0,Versa 4
2026-05-11T09:20:47Z,87.0,Versa 4
2026-05-11T09:20:50Z,88.0,Versa 4
2026-05-11T09:20:52Z,89.0,Versa 4
2026-05-11T09:20:54Z,90.0,Versa 4
2026-05-11T09:20:56Z,92.0,Versa 4
2026-05-11T09:20:58Z,93.0,Versa 4
2026-05-11T09:21:00Z,92.0,Versa 4
2026-05-11T09:21:02Z,91.0,Versa 4
2026-05-11T09:21:04Z,89.0,Versa 4
2026-05-11T09:21:06Z,88.0,Versa 4
2026-05-11T09:21:09Z,88.0,Versa 4
2026-05-11T09:21:10Z,89.0,Versa 4
2026-05-11T09:21:11Z,90.0,Versa 4
2026-05-11T09:21:13Z,91.0,Versa 4
2026-05-11T09:21:16Z,91.0,Versa 4
2026-05-11T09:21:17Z,90.0,Versa 4
2026-05-11T09:21:20Z,90.0,Versa 4
2026-05-11T09:21:21Z,89.0,Versa 4
2026-05-11T09:21:23Z,88.0,Versa 4
2026-05-11T09:21:26Z,88.0,Versa 4
2026-05-11T09:21:29Z,89.0,Versa 4
2026-05-11T09:21:31Z,88.0,Versa 4
2026-05-11T09:21:34Z,88.0,Versa 4
2026-05-11T09:21:35Z,87.0,Versa 4
2026-05-11T09:21:36Z,86.0,Versa 4
2026-05-11T09:21:38Z,85.0,Versa 4
2026-05-11T09:21:41Z,85.0,Versa 4
2026-05-11T09:21:44Z,82.0,Versa 4
2026-05-11T09:21:46Z,79.0,Versa 4
2026-05-11T09:21:48Z,77.0,Versa 4
2026-05-11T09:21:50Z,75.0,Versa 4
2026-05-11T09:21:53Z,75.0,Versa 4
2026-05-11T09:21:54Z,77.0,Versa 4
2026-05-11T09:21:56Z,75.0,Versa 4
2026-05-11T09:21:58Z,74.0,Versa 4
2026-05-11T09:22:01Z,74.0,Versa 4
2026-05-11T09:22:03Z,71.0,Versa 4
2026-05-11T09:22:05Z,72.0,Versa 4
2026-05-11T09:22:08Z,72.0,Versa 4
2026-05-11T09:22:11Z,72.0,Versa 4
2026-05-11T09:22:14Z,72.0,Versa 4
2026-05-11T09:22:15Z,73.0,Versa 4
2026-05-11T09:22:17Z,77.0,Versa 4
2026-05-11T09:22:19Z,82.0,Versa 4
2026-05-11T09:22:21Z,83.0,Versa 4
2026-05-11T09:22:23Z,82.0,Versa 4
2026-05-11T09:22:24Z,86.0,Versa 4
2026-05-11T09:22:27Z,86.0,Versa 4
2026-05-11T09:22:28Z,84.0,Versa 4
2026-05-11T09:22:30Z,82.0,Versa 4
2026-05-11T09:22:32Z,81.0,Versa 4
2026-05-11T09:22:34Z,83.0,Versa 4
2026-05-11T09:22:36Z,84.0,Versa 4
2026-05-11T09:22:39Z,84.0,Versa 4
2026-05-11T09:22:42Z,84.0,Versa 4
2026-05-11T09:22:45Z,84.0,Versa 4
2026-05-11T09:22:46Z,85.0,Versa 4
2026-05-11T09:22:47Z,87.0,Versa 4
2026-05-11T09:22:49Z,88.0,Versa 4
2026-05-11T09:22:51Z,87.0,Versa 4
2026-05-11T09:22:53Z,90.0,Versa 4
2026-05-11T09:22:55Z,89.0,Versa 4
2026-05-11T09:22:57Z,88.0,Versa 4
2026-05-11T09:22:59Z,93.0,Versa 4
2026-05-11T09:23:01Z,94.0,Versa 4
2026-05-11T09:23:03Z,92.0,Versa 4
2026-05-11T09:23:05Z,95.0,Versa 4
2026-05-11T09:23:07Z,93.0,Versa 4
2026-05-11T09:23:10Z,93.0,Versa 4
2026-05-11T09:23:11Z,101.0,Versa 4
2026-05-11T09:23:12Z,100.0,Versa 4
2026-05-11T09:23:15Z,100.0,Versa 4
2026-05-11T09:23:18Z,98.0,Versa 4
2026-05-11T09:23:20Z,96.0,Versa 4
2026-05-11T09:23:22Z,93.0,Versa 4
2026-05-11T09:23:24Z,92.0,Versa 4
2026-05-11T09:23:26Z,90.0,Versa 4
2026-05-11T09:23:28Z,87.0,Versa 4
2026-05-11T09:23:30Z,84.0,Versa 4
2026-05-11T09:23:32Z,81.0,Versa 4
2026-05-11T09:23:34Z,80.0,Versa 4
2026-05-11T09:23:35Z,81.0,Versa 4
2026-05-11T09:23:37Z,83.0,Versa 4
2026-05-11T09:23:40Z,83.0,Versa 4
2026-05-11T09:23:41Z,84.0,Versa 4
2026-05-11T09:23:44Z,84.0,Versa 4
2026-05-11T09:23:45Z,83.0,Versa 4
2026-05-11T09:23:47Z,84.0,Versa 4
2026-05-11T09:23:49Z,88.0,Versa 4
2026-05-11T09:23:51Z,89.0,Versa 4
2026-05-11T09:23:53Z,91.0,Versa 4
2026-05-11T09:23:55Z,93.0,Versa 4
2026-05-11T09:23:57Z,92.0,Versa 4
2026-05-11T09:24:00Z,97.0,Versa 4
2026-05-11T09:24:02Z,99.0,Versa 4
2026-05-11T09:24:04Z,97.0,Versa 4
2026-05-11T09:24:06Z,95.0,Versa 4
2026-05-11T09:24:08Z,96.0,Versa 4
2026-05-11T09:24:10Z,97.0,Versa 4
2026-05-11T09:24:12Z,96.0,Versa 4
2026-05-11T09:24:14Z,94.0,Versa 4
2026-05-11T09:24:16Z,90.0,Versa 4
2026-05-11T09:24:18Z,87.0,Versa 4
2026-05-11T09:24:21Z,87.0,Versa 4
2026-05-11T09:24:22Z,88.0,Versa 4
2026-05-11T09:24:23Z,89.0,Versa 4
2026-05-11T09:24:25Z,92.0,Versa 4
2026-05-11T09:24:28Z,92.0,Versa 4
2026-05-11T09:24:29Z,90.0,Versa 4
2026-05-11T09:24:31Z,89.0,Versa 4
2026-05-11T09:24:34Z,89.0,Versa 4
2026-05-11T09:24:37Z,89.0,Versa 4
2026-05-11T09:24:39Z,90.0,Versa 4
2026-05-11T09:24:42Z,90.0,Versa 4
2026-05-11T09:24:45Z,89.0,Versa 4
2026-05-11T09:24:48Z,89.0,Versa 4
2026-05-11T09:24:51Z,89.0,Versa 4
2026-05-11T09:24:54Z,88.0,Versa 4
2026-05-11T09:24:56Z,87.0,Versa 4
2026-05-11T09:24:58Z,86.0,Versa 4
2026-05-11T09:25:00Z,85.0,Versa 4
2026-05-11T09:25:02Z,86.0,Versa 4
2026-05-11T09:25:04Z,87.0,Versa 4
2026-05-11T09:25:06Z,87.0,Versa 4
2026-05-11T09:25:08Z,88.0,Versa 4
2026-05-11T09:25:10Z,87.0,Versa 4
2026-05-11T09:25:11Z,84.0,Versa 4
2026-05-11T09:25:14Z,84.0,Versa 4
2026-05-11T09:25:17Z,82.0,Versa 4
2026-05-11T09:25:19Z,83.0,Versa 4
2026-05-11T09:25:21Z,85.0,Versa 4
2026-05-11T09:25:24Z,85.0,Versa 4
2026-05-11T09:25:25Z,87.0,Versa 4
2026-05-11T09:25:27Z,88.0,Versa 4
2026-05-11T09:25:29Z,89.0,Versa 4
2026-05-11T09:25:31Z,91.0,Versa 4
2026-05-11T09:25:34Z,91.0,Versa 4
2026-05-11T09:25:35Z,90.0,Versa 4
2026-05-11T09:25:38Z,90.0,Versa 4
2026-05-11T09:25:41Z,90.0,Versa 4
2026-05-11T09:25:44Z,90.0,Versa 4
2026-05-11T09:25:46Z,89.0,Versa 4
2026-05-11T09:25:49Z,89.0,Versa 4
2026-05-11T09:25:52Z,87.0,Versa 4
2026-05-11T09:25:55Z,87.0,Versa 4
2026-05-11T09:25:58Z,87.0,Versa 4
2026-05-11T09:25:59Z,88.0,Versa 4
2026-05-11T09:26:02Z,88.0,Versa 4
2026-05-11T09:26:03Z,87.0,Versa 4
2026-05-11T09:26:05Z,88.0,Versa 4
2026-05-11T09:26:07Z,89.0,Versa 4
2026-05-11T09:26:09Z,88.0,Versa 4
2026-05-11T09:26:12Z,88.0,Versa 4
2026-05-11T09:26:15Z,88.0,Versa 4
2026-05-11T09:26:17Z,92.0,Versa 4
2026-05-11T09:26:19Z,93.0,Versa 4
2026-05-11T09:26:21Z,92.0,Versa 4
2026-05-11T09:26:23Z,93.0,Versa 4
2026-05-11T09:26:26Z,99.0,Versa 4
2026-05-11T09:26:28Z,100.0,Versa 4
2026-05-11T09:26:30Z,98.0,Versa 4
2026-05-11T09:26:32Z,96.0,Versa 4
2026-05-11T09:26:35Z,96.0,Versa 4
2026-05-11T09:26:38Z,97.0,Versa 4
2026-05-11T09:26:40Z,95.0,Versa 4
2026-05-11T09:26:43Z,95.0,Versa 4
2026-05-11T09:26:44Z,96.0,Versa 4
2026-05-11T09:26:47Z,95.0,Versa 4
2026-05-11T09:26:49Z,94.0,Versa 4
2026-05-11T09:26:51Z,93.0,Versa 4
2026-05-11T09:26:53Z,95.0,Versa 4
2026-05-11T09:26:55Z,94.0,Versa 4
2026-05-11T09:26:57Z,95.0,Versa 4
2026-05-11T09:26:59Z,96.0,Versa 4
2026-05-11T09:27:01Z,94.0,Versa 4
2026-05-11T09:27:03Z,95.0,Versa 4
2026-05-11T09:27:06Z,95.0,Versa 4
2026-05-11T09:27:07Z,97.0,Versa 4
2026-05-11T09:27:09Z,98.0,Versa 4
2026-05-11T09:27:11Z,99.0,Versa 4
2026-05-11T09:27:14Z,97.0,Versa 4
2026-05-11T09:27:16Z,98.0,Versa 4
2026-05-11T09:27:18Z,99.0,Versa 4
2026-05-11T09:27:20Z,96.0,Versa 4
2026-05-11T09:27:22Z,95.0,Versa 4
2026-05-11T09:27:24Z,94.0,Versa 4
2026-05-11T09:27:26Z,93.0,Versa 4
2026-05-11T09:27:29Z,93.0,Versa 4
2026-05-11T09:27:30Z,94.0,Versa 4
2026-05-11T09:27:32Z,93.0,Versa 4
2026-05-11T09:27:34Z,91.0,Versa 4
2026-05-11T09:27:35Z,90.0,Versa 4
2026-05-11T09:27:37Z,92.0,Versa 4
2026-05-11T09:27:39Z,91.0,Versa 4
2026-05-11T09:27:41Z,89.0,Versa 4
2026-05-11T09:27:43Z,87.0,Versa 4
2026-05-11T09:27:45Z,84.0,Versa 4
2026-05-11T09:27:47Z,83.0,Versa 4
2026-05-11T09:27:49Z,84.0,Versa 4
2026-05-11T09:27:51Z,86.0,Versa 4
2026-05-11T09:27:53Z,89.0,Versa 4
2026-05-11T09:27:56Z,89.0,Versa 4
2026-05-11T09:27:57Z,87.0,Versa 4
2026-05-11T09:27:59Z,84.0,Versa 4
2026-05-11T09:28:00Z,83.0,Versa 4
2026-05-11T09:28:02Z,84.0,Versa 4
2026-05-11T09:28:04Z,85.0,Versa 4
2026-05-11T09:28:06Z,86.0,Versa 4
2026-05-11T09:28:09Z,86.0,Versa 4
2026-05-11T09:28:12Z,88.0,Versa 4
2026-05-11T09:28:14Z,89.0,Versa 4
2026-05-11T09:28:17Z,89.0,Versa 4
2026-05-11T09:28:20Z,89.0,Versa 4
2026-05-11T09:28:22Z,91.0,Versa 4
2026-05-11T09:28:25Z,87.0,Versa 4
2026-05-11T09:28:27Z,88.0,Versa 4
2026-05-11T09:28:30Z,88.0,Versa 4
2026-05-11T09:28:33Z,88.0,Versa 4
2026-05-11T09:28:35Z,87.0,Versa 4
2026-05-11T09:28:38Z,87.0,Versa 4
2026-05-11T09:28:41Z,88.0,Versa 4
2026-05-11T09:28:44Z,88.0,Versa 4
2026-05-11T09:28:45Z,87.0,Versa 4
2026-05-11T09:28:47Z,88.0,Versa 4
2026-05-11T09:28:48Z,89.0,Versa 4
2026-05-11T09:28:50Z,92.0,Versa 4
2026-05-11T09:28:53Z,92.0,Versa 4
2026-05-11T09:28:54Z,93.0,Versa 4
2026-05-11T09:28:56Z,95.0,Versa 4
2026-05-11T09:28:58Z,93.0,Versa 4
2026-05-11T09:29:00Z,91.0,Versa 4
2026-05-11T09:29:02Z,90.0,Versa 4
2026-05-11T09:29:05Z,90.0,Versa 4
2026-05-11T09:29:06Z,91.0,Versa 4
2026-05-11T09:29:08Z,93.0,Versa 4
2026-05-11T09:29:11Z,93.0,Versa 4
2026-05-11T09:29:13Z,94.0,Versa 4
2026-05-11T09:29:15Z,91.0,Versa 4
2026-05-11T09:29:17Z,90.0,Versa 4
2026-05-11T09:29:19Z,92.0,Versa 4
2026-05-11T09:29:21Z,93.0,Versa 4
2026-05-11T09:29:23Z,92.0,Versa 4
2026-05-11T09:29:25Z,93.0,Versa 4
2026-05-11T09:29:27Z,92.0,Versa 4
2026-05-11T09:29:30Z,92.0,Versa 4
2026-05-11T09:29:33Z,89.0,Versa 4
2026-05-11T09:29:36Z,88.0,Versa 4
2026-05-11T09:29:38Z,87.0,Versa 4
2026-05-11T09:29:41Z,87.0,Versa 4
2026-05-11T09:29:44Z,86.0,Versa 4
2026-05-11T09:29:47Z,86.0,Versa 4
2026-05-11T09:29:48Z,85.0,Versa 4
2026-05-11T09:29:50Z,84.0,Versa 4
2026-05-11T09:29:53Z,84.0,Versa 4
2026-05-11T09:29:54Z,85.0,Versa 4
2026-05-11T09:29:57Z,85.0,Versa 4
2026-05-11T09:29:58Z,86.0,Versa 4
2026-05-11T09:30:01Z,84.0,Versa 4
2026-05-11T09:30:03Z,85.0,Versa 4
2026-05-11T09:30:05Z,86.0,Versa 4
2026-05-11T09:30:07Z,85.0,Versa 4
2026-05-11T09:30:09Z,88.0,Versa 4
2026-05-11T09:30:11Z,87.0,Versa 4
2026-05-11T09:30:13Z,85.0,Versa 4
2026-05-11T09:30:15Z,82.0,Versa 4
2026-05-11T09:30:17Z,83.0,Versa 4
2026-05-11T09:30:19Z,84.0,Versa 4
2026-05-11T09:30:21Z,85.0,Versa 4
2026-05-11T09:30:23Z,86.0,Versa 4
2026-05-11T09:30:24Z,88.0,Versa 4
2026-05-11T09:30:26Z,87.0,Versa 4
2026-05-11T09:30:28Z,85.0,Versa 4
2026-05-11T09:30:31Z,85.0,Versa 4
2026-05-11T09:30:32Z,87.0,Versa 4
2026-05-11T09:30:34Z,88.0,Versa 4
2026-05-11T09:30:37Z,88.0,Versa 4
2026-05-11T09:30:40Z,90.0,Versa 4
2026-05-11T09:30:43Z,90.0,Versa 4
2026-05-11T09:30:44Z,86.0,Versa 4
2026-05-11T09:30:46Z,84.0,Versa 4
2026-05-11T09:30:47Z,83.0,Versa 4
2026-05-11T09:30:49Z,82.0,Versa 4
2026-05-11T09:30:51Z,83.0,Versa 4
2026-05-11T09:30:53Z,84.0,Versa 4
2026-05-11T09:30:55Z,86.0,Versa 4
2026-05-11T09:30:57Z,91.0,Versa 4
2026-05-11T09:30:59Z,92.0,Versa 4
2026-05-11T09:31:02Z,92.0,Versa 4
2026-05-11T09:31:05Z,90.0,Versa 4
2026-05-11T09:31:07Z,89.0,Versa 4
2026-05-11T09:31:10Z,89.0,Versa 4
2026-05-11T09:31:13Z,89.0,Versa 4
2026-05-11T09:31:14Z,90.0,Versa 4
2026-05-11T09:31:17Z,90.0,Versa 4
2026-05-11T09:31:18Z,89.0,Versa 4
2026-05-11T09:31:21Z,89.0,Versa 4
2026-05-11T09:31:24Z,90.0,Versa 4
2026-05-11T09:31:26Z,91.0,Versa 4
2026-05-11T09:31:28Z,96.0,Versa 4
2026-05-11T09:31:30Z,94.0,Versa 4
2026-05-11T09:31:32Z,93.0,Versa 4
2026-05-11T09:31:34Z,96.0,Versa 4
2026-05-11T09:31:35Z,93.0,Versa 4
2026-05-11T09:31:37Z,92.0,Versa 4
2026-05-11T09:31:40Z,92.0,Versa 4
2026-05-11T09:31:41Z,90.0,Versa 4
2026-05-11T09:31:44Z,90.0,Versa 4
2026-05-11T09:31:45Z,89.0,Versa 4
2026-05-11T09:31:47Z,90.0,Versa 4
2026-05-11T09:31:49Z,89.0,Versa 4
2026-05-11T09:31:52Z,89.0,Versa 4
2026-05-11T09:31:53Z,87.0,Versa 4
2026-05-11T09:31:55Z,86.0,Versa 4
2026-05-11T09:31:57Z,87.0,Versa 4
2026-05-11T09:32:00Z,88.0,Versa 4
2026-05-11T09:32:03Z,88.0,Versa 4
2026-05-11T09:32:04Z,89.0,Versa 4
2026-05-11T09:32:07Z,89.0,Versa 4
2026-05-11T09:32:08Z,88.0,Versa 4
2026-05-11T09:32:11Z,88.0,Versa 4
2026-05-11T09:32:14Z,87.0,Versa 4
2026-05-11T09:32:16Z,88.0,Versa 4
2026-05-11T09:32:19Z,88.0,Versa 4
2026-05-11T09:32:20Z,89.0,Versa 4
2026-05-11T09:32:22Z,90.0,Versa 4
2026-05-11T09:32:25Z,87.0,Versa 4
2026-05-11T09:32:27Z,86.0,Versa 4
2026-05-11T09:32:30Z,86.0,Versa 4
2026-05-11T09:32:31Z,85.0,Versa 4
2026-05-11T09:32:33Z,84.0,Versa 4
2026-05-11T09:32:36Z,84.0,Versa 4
2026-05-11T09:32:37Z,82.0,Versa 4
2026-05-11T09:32:40Z,82.0,Versa 4
2026-05-11T09:32:41Z,84.0,Versa 4
2026-05-11T09:32:44Z,84.0,Versa 4
2026-05-11T09:32:47Z,84.0,Versa 4
2026-05-11T09:32:48Z,85.0,Versa 4
2026-05-11T09:32:51Z,85.0,Versa 4
2026-05-11T09:32:52Z,86.0,Versa 4
2026-05-11T09:32:54Z,86.0,Versa 4
2026-05-11T09:32:57Z,86.0,Versa 4
2026-05-11T09:33:00Z,85.0,Versa 4
2026-05-11T09:33:02Z,83.0,Versa 4
2026-05-11T09:33:04Z,82.0,Versa 4
2026-05-11T09:33:07Z,82.0,Versa 4
2026-05-11T09:33:08Z,83.0,Versa 4
2026-05-11T09:33:11Z,82.0,Versa 4
2026-05-11T09:33:14Z,82.0,Versa 4
2026-05-11T09:33:15Z,80.0,Versa 4
2026-05-11T09:33:17Z,81.0,Versa 4
2026-05-11T09:33:19Z,83.0,Versa 4
2026-05-11T09:33:21Z,82.0,Versa 4
2026-05-11T09:33:23Z,83.0,Versa 4
2026-05-11T09:33:25Z,84.0,Versa 4
2026-05-11T09:33:27Z,83.0,Versa 4
2026-05-11T09:33:29Z,82.0,Versa 4
2026-05-11T09:33:31Z,83.0,Versa 4
2026-05-11T09:33:34Z,83.0,Versa 4
2026-05-11T09:33:35Z,86.0,Versa 4
2026-05-11T09:33:36Z,88.0,Versa 4
2026-05-11T09:33:39Z,88.0,Versa 4
2026-05-11T09:33:40Z,87.0,Versa 4
2026-05-11T09:33:43Z,87.0,Versa 4
2026-05-11T09:33:44Z,86.0,Versa 4
2026-05-11T09:33:46Z,89.0,Versa 4
2026-05-11T09:33:48Z,92.0,Versa 4
2026-05-11T09:33:50Z,95.0,Versa 4
2026-05-11T09:33:52Z,96.0,Versa 4
2026-05-11T09:33:54Z,97.0,Versa 4
2026-05-11T09:33:56Z,96.0,Versa 4
2026-05-11T09:33:59Z,95.0,Versa 4
2026-05-11T09:34:01Z,94.0,Versa 4
2026-05-11T09:34:03Z,95.0,Versa 4
2026-05-11T09:34:05Z,96.0,Versa 4
2026-05-11T09:34:07Z,94.0,Versa 4
2026-05-11T09:34:10Z,94.0,Versa 4
2026-05-11T09:34:11Z,95.0,Versa 4
2026-05-11T09:34:13Z,96.0,Versa 4
2026-05-11T09:34:15Z,93.0,Versa 4
2026-05-11T09:34:17Z,89.0,Versa 4
2026-05-11T09:34:19Z,90.0,Versa 4
2026-05-11T09:34:22Z,90.0,Versa 4
2026-05-11T09:34:23Z,89.0,Versa 4
2026-05-11T09:34:26Z,90.0,Versa 4
2026-05-11T09:34:28Z,89.0,Versa 4
2026-05-11T09:34:30Z,88.0,Versa 4
2026-05-11T09:34:32Z,89.0,Versa 4
2026-05-11T09:34:34Z,88.0,Versa 4
2026-05-11T09:34:37Z,88.0,Versa 4
2026-05-11T09:34:40Z,88.0,Versa 4
2026-05-11T09:34:42Z,90.0,Versa 4
2026-05-11T09:34:44Z,93.0,Versa 4
2026-05-11T09:34:46Z,94.0,Versa 4
2026-05-11T09:34:47Z,93.0,Versa 4
2026-05-11T09:34:49Z,90.0,Versa 4
2026-05-11T09:34:51Z,88.0,Versa 4
2026-05-11T09:34:53Z,89.0,Versa 4
2026-05-11T09:34:56Z,89.0,Versa 4
2026-05-11T09:34:57Z,87.0,Versa 4
2026-05-11T09:34:59Z,86.0,Versa 4
2026-05-11T09:35:02Z,86.0,Versa 4
2026-05-11T09:35:05Z,89.0,Versa 4
2026-05-11T09:35:08Z,89.0,Versa 4
2026-05-11T09:35:11Z,91.0,Versa 4
2026-05-11T09:35:12Z,92.0,Versa 4
2026-05-11T09:35:15Z,92.0,Versa 4
2026-05-11T09:35:16Z,95.0,Versa 4
2026-05-11T09:35:18Z,94.0,Versa 4
2026-05-11T09:35:21Z,94.0,Versa 4
2026-05-11T09:35:22Z,93.0,Versa 4
2026-05-11T09:35:24Z,89.0,Versa 4
2026-05-11T09:35:26Z,88.0,Versa 4
2026-05-11T09:35:29Z,88.0,Versa 4
2026-05-11T09:35:32Z,86.0,Versa 4
2026-05-11T09:35:34Z,88.0,Versa 4
2026-05-11T09:35:35Z,91.0,Versa 4
2026-05-11T09:35:38Z,91.0,Versa 4
2026-05-11T09:35:39Z,90.0,Versa 4
2026-05-11T09:35:41Z,91.0,Versa 4
2026-05-11T09:35:43Z,90.0,Versa 4
2026-05-11T09:35:45Z,91.0,Versa 4
2026-05-11T09:35:48Z,91.0,Versa 4
2026-05-11T09:35:51Z,91.0,Versa 4
2026-05-11T09:35:53Z,89.0,Versa 4
2026-05-11T09:35:56Z,89.0,Versa 4
2026-05-11T09:35:57Z,90.0,Versa 4
2026-05-11T09:35:59Z,91.0,Versa 4
2026-05-11T09:36:00Z,92.0,Versa 4
2026-05-11T09:36:02Z,93.0,Versa 4
2026-05-11T09:36:05Z,93.0,Versa 4
2026-05-11T09:36:06Z,95.0,Versa 4
2026-05-11T09:36:08Z,100.0,Versa 4
2026-05-11T09:36:10Z,99.0,Versa 4
2026-05-11T09:36:12Z,100.0,Versa 4
2026-05-11T09:36:14Z,99.0,Versa 4
2026-05-11T09:36:16Z,100.0,Versa 4
2026-05-11T09:36:18Z,99.0,Versa 4
2026-05-11T09:36:20Z,96.0,Versa 4
2026-05-11T09:36:22Z,95.0,Versa 4
2026-05-11T09:36:23Z,96.0,Versa 4
2026-05-11T09:36:26Z,96.0,Versa 4
2026-05-11T09:36:27Z,95.0,Versa 4
2026-05-11T09:36:29Z,99.0,Versa 4
2026-05-11T09:36:31Z,98.0,Versa 4
2026-05-11T09:36:33Z,97.0,Versa 4
2026-05-11T09:36:35Z,97.0,Versa 4
2026-05-11T09:36:37Z,96.0,Versa 4
2026-05-11T09:36:39Z,93.0,Versa 4
2026-05-11T09:36:41Z,91.0,Versa 4
2026-05-11T09:36:43Z,90.0,Versa 4
2026-05-11T09:36:45Z,91.0,Versa 4
2026-05-11T09:36:47Z,93.0,Versa 4
2026-05-11T09:36:48Z,92.0,Versa 4
2026-05-11T09:36:51Z,92.0,Versa 4
2026-05-11T09:36:54Z,93.0,Versa 4
2026-05-11T09:36:56Z,92.0,Versa 4
2026-05-11T09:36:58Z,93.0,Versa 4
2026-05-11T09:37:00Z,95.0,Versa 4
2026-05-11T09:37:03Z,95.0,Versa 4
2026-05-11T09:37:04Z,94.0,Versa 4
2026-05-11T09:37:06Z,93.0,Versa 4
2026-05-11T09:37:08Z,92.0,Versa 4
2026-05-11T09:37:10Z,90.0,Versa 4
2026-05-11T09:37:11Z,91.0,Versa 4
2026-05-11T09:37:13Z,90.0,Versa 4
2026-05-11T09:37:15Z,94.0,Versa 4
2026-05-11T09:37:17Z,95.0,Versa 4
2026-05-11T09:37:19Z,93.0,Versa 4
2026-05-11T09:37:21Z,93.0,Versa 4
2026-05-11T09:37:23Z,92.0,Versa 4
2026-05-11T09:37:25Z,92.0,Versa 4
2026-05-11T09:37:27Z,94.0,Versa 4
2026-05-11T09:37:29Z,96.0,Versa 4
2026-05-11T09:37:32Z,96.0,Versa 4
2026-05-11T09:37:33Z,96.0,Versa 4
2026-05-11T09:37:36Z,95.0,Versa 4
2026-05-11T09:37:39Z,95.0,Versa 4
2026-05-11T09:37:42Z,97.0,Versa 4
2026-05-11T09:37:45Z,97.0,Versa 4
2026-05-11T09:37:46Z,98.0,Versa 4
2026-05-11T09:37:48Z,96.0,Versa 4
2026-05-11T09:37:50Z,94.0,Versa 4
2026-05-11T09:37:52Z,91.0,Versa 4
2026-05-11T09:37:55Z,91.0,Versa 4
2026-05-11T09:37:58Z,91.0,Versa 4
2026-05-11T09:37:59Z,89.0,Versa 4
2026-05-11T09:38:02Z,89.0,Versa 4
2026-05-11T09:38:05Z,88.0,Versa 4
2026-05-11T09:38:07Z,90.0,Versa 4
2026-05-11T09:38:10Z,90.0,Versa 4
2026-05-11T09:38:11Z,91.0,Versa 4
2026-05-11T09:38:13Z,90.0,Versa 4
2026-05-11T09:38:16Z,90.0,Versa 4
2026-05-11T09:38:17Z,88.0,Versa 4
2026-05-11T09:38:20Z,88.0,Versa 4
2026-05-11T09:38:23Z,89.0,Versa 4
2026-05-11T09:38:24Z,90.0,Versa 4
2026-05-11T09:38:26Z,89.0,Versa 4
2026-05-11T09:38:28Z,88.0,Versa 4
2026-05-11T09:38:30Z,89.0,Versa 4
2026-05-11T09:38:33Z,89.0,Versa 4
2026-05-11T09:38:34Z,89.0,Versa 4
2026-05-11T09:38:36Z,88.0,Versa 4
2026-05-11T09:38:38Z,87.0,Versa 4
2026-05-11T09:38:40Z,85.0,Versa 4
2026-05-11T09:38:42Z,82.0,Versa 4
2026-05-11T09:38:44Z,80.0,Versa 4
2026-05-11T09:38:46Z,81.0,Versa 4
2026-05-11T09:38:49Z,81.0,Versa 4
2026-05-11T09:38:51Z,83.0,Versa 4
2026-05-11T09:38:53Z,81.0,Versa 4
2026-05-11T09:38:55Z,82.0,Versa 4
2026-05-11T09:38:57Z,83.0,Versa 4
2026-05-11T09:38:59Z,85.0,Versa 4
2026-05-11T09:39:01Z,87.0,Versa 4
2026-05-11T09:39:04Z,87.0,Versa 4
2026-05-11T09:39:05Z,85.0,Versa 4
2026-05-11T09:39:07Z,86.0,Versa 4
2026-05-11T09:39:09Z,89.0,Versa 4
2026-05-11T09:39:11Z,91.0,Versa 4
2026-05-11T09:39:12Z,93.0,Versa 4
2026-05-11T09:39:14Z,94.0,Versa 4
2026-05-11T09:39:16Z,92.0,Versa 4
2026-05-11T09:39:18Z,92.0,Versa 4
2026-05-11T09:39:20Z,90.0,Versa 4
2026-05-11T09:39:22Z,88.0,Versa 4
2026-05-11T09:39:25Z,88.0,Versa 4
2026-05-11T09:39:26Z,89.0,Versa 4
2026-05-11T09:39:28Z,90.0,Versa 4
2026-05-11T09:39:31Z,90.0,Versa 4
2026-05-11T09:39:34Z,90.0,Versa 4
2026-05-11T09:39:35Z,92.0,Versa 4
2026-05-11T09:39:37Z,95.0,Versa 4
2026-05-11T09:39:40Z,95.0,Versa 4
2026-05-11T09:39:43Z,93.0,Versa 4
2026-05-11T09:39:45Z,91.0,Versa 4
2026-05-11T09:39:47Z,89.0,Versa 4
2026-05-11T09:39:50Z,89.0,Versa 4
2026-05-11T09:39:53Z,90.0,Versa 4
2026-05-11T09:39:55Z,91.0,Versa 4
2026-05-11T09:39:58Z,91.0,Versa 4
2026-05-11T09:39:59Z,95.0,Versa 4
2026-05-11T09:40:00Z,94.0,Versa 4
2026-05-11T09:40:02Z,87.0,Versa 4
2026-05-11T09:40:04Z,82.0,Versa 4
2026-05-11T09:40:06Z,80.0,Versa 4
2026-05-11T09:40:08Z,77.0,Versa 4
2026-05-11T09:40:10Z,77.0,Versa 4
2026-05-11T09:40:12Z,78.0,Versa 4
2026-05-11T09:40:14Z,81.0,Versa 4
2026-05-11T09:40:16Z,84.0,Versa 4
2026-05-11T09:40:18Z,86.0,Versa 4
2026-05-11T09:40:20Z,88.0,Versa 4
2026-05-11T09:40:23Z,90.0,Versa 4
2026-05-11T09:40:25Z,91.0,Versa 4
2026-05-11T09:40:27Z,92.0,Versa 4
2026-05-11T09:40:29Z,94.0,Versa 4
2026-05-11T09:40:32Z,94.0,Versa 4
2026-05-11T09:40:33Z,98.0,Versa 4
2026-05-11T09:40:35Z,97.0,Versa 4
2026-05-11T09:40:37Z,93.0,Versa 4
2026-05-11T09:40:39Z,88.0,Versa 4
2026-05-11T09:40:41Z,85.0,Versa 4
2026-05-11T09:40:43Z,86.0,Versa 4
2026-05-11T09:40:45Z,87.0,Versa 4
2026-05-11T09:40:47Z,88.0,Versa 4
2026-05-11T09:40:48Z,89.0,Versa 4
2026-05-11T09:40:50Z,90.0,Versa 4
2026-05-11T09:40:52Z,91.0,Versa 4
2026-05-11T09:40:54Z,92.0,Versa 4
2026-05-11T09:40:56Z,93.0,Versa 4
2026-05-11T09:40:58Z,92.0,Versa 4
2026-05-11T09:41:01Z,92.0,Versa 4
2026-05-11T09:41:04Z,92.0,Versa 4
2026-05-11T09:41:06Z,91.0,Versa 4
2026-05-11T09:41:08Z,90.0,Versa 4
2026-05-11T09:41:10Z,88.0,Versa 4
2026-05-11T09:41:11Z,88.0,Versa 4
2026-05-11T09:41:13Z,91.0,Versa 4
2026-05-11T09:41:15Z,93.0,Versa 4
2026-05-11T09:41:17Z,92.0,Versa 4
2026-05-11T09:41:19Z,90.0,Versa 4
2026-05-11T09:41:21Z,90.0,Versa 4
2026-05-11T09:41:23Z,92.0,Versa 4
2026-05-11T09:41:25Z,93.0,Versa 4
2026-05-11T09:41:27Z,94.0,Versa 4
2026-05-11T09:41:29Z,92.0,Versa 4
2026-05-11T09:41:32Z,92.0,Versa 4
2026-05-11T09:41:33Z,91.0,Versa 4
2026-05-11T09:41:35Z,91.0,Versa 4
2026-05-11T09:41:36Z,92.0,Versa 4
2026-05-11T09:41:39Z,92.0,Versa 4
2026-05-11T09:41:40Z,90.0,Versa 4
2026-05-11T09:41:42Z,89.0,Versa 4
2026-05-11T09:41:45Z,89.0,Versa 4
2026-05-11T09:41:46Z,90.0,Versa 4
2026-05-11T09:41:48Z,91.0,Versa 4
2026-05-11T09:41:51Z,91.0,Versa 4
2026-05-11T09:41:52Z,90.0,Versa 4
2026-05-11T09:41:55Z,90.0,Versa 4
2026-05-11T09:41:56Z,93.0,Versa 4
2026-05-11T09:41:59Z,94.0,Versa 4
2026-05-11T09:42:02Z,94.0,Versa 4
2026-05-11T09:42:05Z,94.0,Versa 4
2026-05-11T09:42:08Z,94.0,Versa 4
2026-05-11T09:42:09Z,93.0,Versa 4
2026-05-11T09:42:12Z,93.0,Versa 4
2026-05-11T09:42:13Z,94.0,Versa 4
2026-05-11T09:42:16Z,94.0,Versa 4
2026-05-11T09:42:17Z,93.0,Versa 4
2026-05-11T09:42:19Z,89.0,Versa 4
2026-05-11T09:42:21Z,86.0,Versa 4
2026-05-11T09:42:23Z,85.0,Versa 4
2026-05-11T09:42:26Z,87.0,Versa 4
2026-05-11T09:42:28Z,88.0,Versa 4
2026-05-11T09:42:30Z,90.0,Versa 4
2026-05-11T09:42:32Z,91.0,Versa 4
2026-05-11T09:42:34Z,90.0,Versa 4
2026-05-11T09:42:36Z,89.0,Versa 4
2026-05-11T09:42:38Z,88.0,Versa 4
2026-05-11T09:42:41Z,88.0,Versa 4
2026-05-11T09:42:44Z,87.0,Versa 4
2026-05-11T09:42:46Z,88.0,Versa 4
2026-05-11T09:42:49Z,88.0,Versa 4
2026-05-11T09:42:51Z,85.0,Versa 4
2026-05-11T09:42:53Z,86.0,Versa 4
2026-05-11T09:42:56Z,86.0,Versa 4
2026-05-11T09:42:59Z,86.0,Versa 4
2026-05-11T09:43:01Z,87.0,Versa 4
2026-05-11T09:43:04Z,87.0,Versa 4
2026-05-11T09:43:05Z,88.0,Versa 4
2026-05-11T09:43:08Z,88.0,Versa 4
2026-05-11T09:43:11Z,88.0,Versa 4
2026-05-11T09:43:12Z,89.0,Versa 4
2026-05-11T09:43:15Z,89.0,Versa 4
2026-05-11T09:43:18Z,90.0,Versa 4
2026-05-11T09:43:20Z,89.0,Versa 4
2026-05-11T09:43:22Z,88.0,Versa 4
2026-05-11T09:43:24Z,87.0,Versa 4
2026-05-11T09:43:26Z,88.0,Versa 4
2026-05-11T09:43:28Z,89.0,Versa 4
2026-05-11T09:43:31Z,89.0,Versa 4
2026-05-11T09:43:32Z,90.0,Versa 4
2026-05-11T09:43:35Z,91.0,Versa 4
2026-05-11T09:43:37Z,92.0,Versa 4
2026-05-11T09:43:39Z,94.0,Versa 4
2026-05-11T09:43:41Z,97.0,Versa 4
2026-05-11T09:43:43Z,95.0,Versa 4
2026-05-11T09:43:45Z,94.0,Versa 4
2026-05-11T09:43:48Z,94.0,Versa 4
2026-05-11T09:43:51Z,93.0,Versa 4
2026-05-11T09:43:54Z,93.0,Versa 4
2026-05-11T09:43:55Z,91.0,Versa 4
2026-05-11T09:43:57Z,89.0,Versa 4
2026-05-11T09:43:59Z,88.0,Versa 4
2026-05-11T09:44:00Z,86.0,Versa 4
2026-05-11T09:44:02Z,87.0,Versa 4
2026-05-11T09:44:04Z,90.0,Versa 4
2026-05-11T09:44:07Z,90.0,Versa 4
2026-05-11T09:44:10Z,90.0,Versa 4
2026-05-11T09:44:13Z,90.0,Versa 4
2026-05-11T09:44:14Z,88.0,Versa 4
2026-05-11T09:44:17Z,88.0,Versa 4
2026-05-11T09:44:18Z,88.0,Versa 4
2026-05-11T09:44:20Z,89.0,Versa 4
2026-05-11T09:44:22Z,91.0,Versa 4
2026-05-11T09:44:23Z,92.0,Versa 4
2026-05-11T09:44:26Z,92.0,Versa 4
2026-05-11T09:44:27Z,91.0,Versa 4
2026-05-11T09:44:29Z,90.0,Versa 4
2026-05-11T09:44:32Z,90.0,Versa 4
2026-05-11T09:44:33Z,91.0,Versa 4
2026-05-11T09:44:36Z,91.0,Versa 4
2026-05-11T09:44:37Z,93.0,Versa 4
2026-05-11T09:44:39Z,94.0,Versa 4
2026-05-11T09:44:41Z,95.0,Versa 4
2026-05-11T09:44:43Z,96.0,Versa 4
2026-05-11T09:44:45Z,95.0,Versa 4
2026-05-11T09:44:48Z,96.0,Versa 4
2026-05-11T09:44:51Z,96.0,Versa 4
2026-05-11T09:44:52Z,98.0,Versa 4
2026-05-11T09:44:54Z,97.0,Versa 4
2026-05-11T09:44:56Z,98.0,Versa 4
2026-05-11T09:44:58Z,100.0,Versa 4
2026-05-11T09:45:00Z,99.0,Versa 4
2026-05-11T09:45:03Z,99.0,Versa 4
2026-05-11T09:45:06Z,98.0,Versa 4
2026-05-11T09:45:08Z,97.0,Versa 4
2026-05-11T09:45:10Z,96.0,Versa 4
2026-05-11T09:45:11Z,98.0,Versa 4
2026-05-11T09:45:13Z,96.0,Versa 4
2026-05-11T09:45:16Z,96.0,Versa 4
2026-05-11T09:45:17Z,99.0,Versa 4
2026-05-11T09:45:19Z,96.0,Versa 4
2026-05-11T09:45:21Z,95.0,Versa 4
2026-05-11T09:45:23Z,96.0,Versa 4
2026-05-11T09:45:25Z,94.0,Versa 4
2026-05-11T09:45:28Z,94.0,Versa 4
2026-05-11T09:45:29Z,96.0,Versa 4
2026-05-11T09:45:31Z,94.0,Versa 4
2026-05-11T09:45:33Z,95.0,Versa 4
2026-05-11T09:45:36Z,93.0,Versa 4
2026-05-11T09:45:39Z,93.0,Versa 4
2026-05-11T09:45:40Z,94.0,Versa 4
2026-05-11T09:45:42Z,92.0,Versa 4
2026-05-11T09:45:44Z,93.0,Versa 4
2026-05-11T09:45:46Z,91.0,Versa 4
2026-05-11T09:45:48Z,89.0,Versa 4
2026-05-11T09:45:50Z,90.0,Versa 4
2026-05-11T09:45:53Z,90.0,Versa 4
2026-05-11T09:45:56Z,90.0,Versa 4
2026-05-11T09:45:59Z,90.0,Versa 4
2026-05-11T09:46:02Z,90.0,Versa 4
2026-05-11T09:46:05Z,90.0,Versa 4
2026-05-11T09:46:08Z,90.0,Versa 4
2026-05-11T09:46:09Z,89.0,Versa 4
2026-05-11T09:46:11Z,90.0,Versa 4
2026-05-11T09:46:13Z,92.0,Versa 4
2026-05-11T09:46:15Z,97.0,Versa 4
2026-05-11T09:46:17Z,107.0,Versa 4
2026-05-11T09:46:20Z,107.0,Versa 4
2026-05-11T09:46:23Z,102.0,Versa 4
2026-05-11T09:46:24Z,95.0,Versa 4
2026-05-11T09:46:27Z,95.0,Versa 4
2026-05-11T09:46:28Z,96.0,Versa 4
2026-05-11T09:46:30Z,97.0,Versa 4
2026-05-11T09:46:32Z,102.0,Versa 4
2026-05-11T09:46:34Z,102.0,Versa 4
2026-05-11T09:46:36Z,100.0,Versa 4
2026-05-11T09:46:38Z,100.0,Versa 4
2026-05-11T09:46:40Z,103.0,Versa 4
2026-05-11T09:46:42Z,101.0,Versa 4
2026-05-11T09:46:45Z,101.0,Versa 4
2026-05-11T09:46:46Z,100.0,Versa 4
2026-05-11T09:46:47Z,99.0,Versa 4
2026-05-11T09:46:49Z,101.0,Versa 4
2026-05-11T09:46:52Z,101.0,Versa 4
2026-05-11T09:46:55Z,100.0,Versa 4
2026-05-11T09:46:57Z,101.0,Versa 4
2026-05-11T09:47:00Z,101.0,Versa 4
2026-05-11T09:47:01Z,102.0,Versa 4
2026-05-11T09:47:03Z,92.0,Versa 4
2026-05-11T09:47:05Z,90.0,Versa 4
2026-05-11T09:47:08Z,90.0,Versa 4
2026-05-11T09:47:09Z,89.0,Versa 4
2026-05-11T09:47:11Z,91.0,Versa 4
2026-05-11T09:47:14Z,90.0,Versa 4
2026-05-11T09:47:17Z,90.0,Versa 4
2026-05-11T09:47:18Z,92.0,Versa 4
2026-05-11T09:47:21Z,92.0,Versa 4
2026-05-11T09:47:22Z,91.0,Versa 4
2026-05-11T09:47:24Z,89.0,Versa 4
2026-05-11T09:47:26Z,85.0,Versa 4
2026-05-11T09:47:28Z,83.0,Versa 4
2026-05-11T09:47:31Z,83.0,Versa 4
2026-05-11T09:47:32Z,83.0,Versa 4
2026-05-11T09:47:34Z,84.0,Versa 4
2026-05-11T09:47:35Z,86.0,Versa 4
2026-05-11T09:47:37Z,87.0,Versa 4
2026-05-11T09:47:39Z,87.0,Versa 4
2026-05-11T09:47:41Z,86.0,Versa 4
2026-05-11T09:47:43Z,87.0,Versa 4
2026-05-11T09:47:45Z,90.0,Versa 4
2026-05-11T09:47:47Z,89.0,Versa 4
2026-05-11T09:47:49Z,88.0,Versa 4
2026-05-11T09:47:52Z,88.0,Versa 4
2026-05-11T09:47:53Z,87.0,Versa 4
2026-05-11T09:47:55Z,84.0,Versa 4
2026-05-11T09:47:57Z,83.0,Versa 4
2026-05-11T09:47:59Z,82.0,Versa 4
2026-05-11T09:48:00Z,80.0,Versa 4
2026-05-11T09:48:02Z,77.0,Versa 4
2026-05-11T09:48:05Z,77.0,Versa 4
2026-05-11T09:48:06Z,78.0,Versa 4
2026-05-11T09:48:09Z,78.0,Versa 4
2026-05-11T09:48:10Z,79.0,Versa 4
2026-05-11T09:48:12Z,78.0,Versa 4
2026-05-11T09:48:14Z,80.0,Versa 4
2026-05-11T09:48:16Z,82.0,Versa 4
2026-05-11T09:48:18Z,84.0,Versa 4
2026-05-11T09:48:20Z,85.0,Versa 4
2026-05-11T09:48:23Z,85.0,Versa 4
2026-05-11T09:48:26Z,85.0,Versa 4
2026-05-11T09:48:27Z,86.0,Versa 4
2026-05-11T09:48:29Z,85.0,Versa 4
2026-05-11T09:48:31Z,87.0,Versa 4
2026-05-11T09:48:33Z,88.0,Versa 4
2026-05-11T09:48:35Z,86.0,Versa 4
2026-05-11T09:48:37Z,85.0,Versa 4
2026-05-11T09:48:39Z,83.0,Versa 4
2026-05-11T09:48:41Z,84.0,Versa 4
2026-05-11T09:48:44Z,84.0,Versa 4
2026-05-11T09:48:45Z,85.0,Versa 4
2026-05-11T09:48:47Z,83.0,Versa 4
2026-05-11T09:48:48Z,81.0,Versa 4
2026-05-11T09:48:50Z,80.0,Versa 4
2026-05-11T09:48:52Z,81.0,Versa 4
2026-05-11T09:48:54Z,83.0,Versa 4
2026-05-11T09:48:56Z,84.0,Versa 4
2026-05-11T09:48:59Z,84.0,Versa 4
2026-05-11T09:49:00Z,83.0,Versa 4
2026-05-11T09:49:03Z,83.0,Versa 4
2026-05-11T09:49:04Z,84.0,Versa 4
2026-05-11T09:49:06Z,86.0,Versa 4
2026-05-11T09:49:09Z,86.0,Versa 4
2026-05-11T09:49:11Z,87.0,Versa 4
2026-05-11T09:49:13Z,88.0,Versa 4
2026-05-11T09:49:16Z,88.0,Versa 4
2026-05-11T09:49:19Z,88.0,Versa 4
2026-05-11T09:49:22Z,88.0,Versa 4
2026-05-11T09:49:25Z,87.0,Versa 4
2026-05-11T09:49:27Z,86.0,Versa 4
2026-05-11T09:49:30Z,86.0,Versa 4
2026-05-11T09:49:33Z,88.0,Versa 4
2026-05-11T09:49:36Z,87.0,Versa 4
2026-05-11T09:49:38Z,88.0,Versa 4
2026-05-11T09:49:40Z,89.0,Versa 4
2026-05-11T09:49:42Z,90.0,Versa 4
2026-05-11T09:49:44Z,89.0,Versa 4
2026-05-11T09:49:47Z,89.0,Versa 4
2026-05-11T09:49:48Z,90.0,Versa 4
2026-05-11T09:49:51Z,90.0,Versa 4
2026-05-11T09:49:52Z,89.0,Versa 4
2026-05-11T09:49:54Z,88.0,Versa 4
2026-05-11T09:49:56Z,90.0,Versa 4
2026-05-11T09:49:59Z,90.0,Versa 4
2026-05-11T09:50:01Z,89.0,Versa 4
2026-05-11T09:50:03Z,87.0,Versa 4
2026-05-11T09:50:06Z,87.0,Versa 4
2026-05-11T09:50:09Z,88.0,Versa 4
2026-05-11T09:50:11Z,87.0,Versa 4
2026-05-11T09:50:13Z,90.0,Versa 4
2026-05-11T09:50:15Z,92.0,Versa 4
2026-05-11T09:50:18Z,92.0,Versa 4
2026-05-11T09:50:19Z,90.0,Versa 4
2026-05-11T09:50:21Z,88.0,Versa 4
2026-05-11T09:50:24Z,88.0,Versa 4
2026-05-11T09:50:27Z,88.0,Versa 4
2026-05-11T09:50:28Z,87.0,Versa 4
2026-05-11T09:50:31Z,87.0,Versa 4
2026-05-11T09:50:32Z,89.0,Versa 4
2026-05-11T09:50:34Z,90.0,Versa 4
2026-05-11T09:50:37Z,90.0,Versa 4
2026-05-11T09:50:38Z,91.0,Versa 4
2026-05-11T09:50:40Z,90.0,Versa 4
2026-05-11T09:50:42Z,87.0,Versa 4
2026-05-11T09:50:44Z,85.0,Versa 4
2026-05-11T09:50:46Z,84.0,Versa 4
2026-05-11T09:50:49Z,84.0,Versa 4
2026-05-11T09:50:51Z,85.0,Versa 4
2026-05-11T09:50:53Z,86.0,Versa 4
2026-05-11T09:50:55Z,85.0,Versa 4
2026-05-11T09:50:58Z,85.0,Versa 4
2026-05-11T09:51:01Z,83.0,Versa 4
2026-05-11T09:51:03Z,82.0,Versa 4
2026-05-11T09:51:06Z,82.0,Versa 4
2026-05-11T09:51:07Z,81.0,Versa 4
2026-05-11T09:51:09Z,83.0,Versa 4
2026-05-11T09:51:11Z,87.0,Versa 4
2026-05-11T09:51:12Z,89.0,Versa 4
2026-05-11T09:51:14Z,89.0,Versa 4
2026-05-11T09:51:16Z,88.0,Versa 4
2026-05-11T09:51:19Z,88.0,Versa 4
2026-05-11T09:51:20Z,89.0,Versa 4
2026-05-11T09:51:23Z,89.0,Versa 4
2026-05-11T09:51:24Z,87.0,Versa 4
2026-05-11T09:51:26Z,87.0,Versa 4
2026-05-11T09:51:28Z,86.0,Versa 4
2026-05-11T09:51:30Z,88.0,Versa 4
2026-05-11T09:51:32Z,90.0,Versa 4
2026-05-11T09:51:34Z,91.0,Versa 4
2026-05-11T09:51:35Z,89.0,Versa 4
2026-05-11T09:51:37Z,86.0,Versa 4
2026-05-11T09:51:39Z,85.0,Versa 4
2026-05-11T09:51:41Z,86.0,Versa 4
2026-05-11T09:51:44Z,86.0,Versa 4
2026-05-11T09:51:45Z,85.0,Versa 4
2026-05-11T09:51:47Z,84.0,Versa 4
2026-05-11T09:51:50Z,84.0,Versa 4
2026-05-11T09:51:53Z,85.0,Versa 4
2026-05-11T09:51:55Z,87.0,Versa 4
2026-05-11T09:51:57Z,86.0,Versa 4
2026-05-11T09:52:00Z,86.0,Versa 4
2026-05-11T09:52:02Z,87.0,Versa 4
2026-05-11T09:52:04Z,91.0,Versa 4
2026-05-11T09:52:06Z,90.0,Versa 4
2026-05-11T09:52:08Z,89.0,Versa 4
2026-05-11T09:52:11Z,89.0,Versa 4
2026-05-11T09:52:14Z,90.0,Versa 4
2026-05-11T09:52:16Z,91.0,Versa 4
2026-05-11T09:52:18Z,90.0,Versa 4
2026-05-11T09:52:21Z,90.0,Versa 4
2026-05-11T09:52:22Z,92.0,Versa 4
2026-05-11T09:52:23Z,93.0,Versa 4
2026-05-11T09:52:25Z,95.0,Versa 4
2026-05-11T09:52:28Z,95.0,Versa 4
2026-05-11T09:52:29Z,96.0,Versa 4
2026-05-11T09:52:31Z,97.0,Versa 4
2026-05-11T09:52:34Z,97.0,Versa 4
2026-05-11T09:52:35Z,90.0,Versa 4
2026-05-11T09:52:37Z,88.0,Versa 4
2026-05-11T09:52:39Z,95.0,Versa 4
2026-05-11T09:52:41Z,96.0,Versa 4
2026-05-11T09:52:43Z,95.0,Versa 4
2026-05-11T09:52:45Z,97.0,Versa 4
2026-05-11T09:52:47Z,96.0,Versa 4
2026-05-11T09:52:48Z,97.0,Versa 4
2026-05-11T09:52:50Z,96.0,Versa 4
2026-05-11T09:52:53Z,96.0,Versa 4
2026-05-11T09:52:54Z,94.0,Versa 4
2026-05-11T09:52:56Z,93.0,Versa 4
2026-05-11T09:52:58Z,90.0,Versa 4
2026-05-11T09:53:01Z,90.0,Versa 4
2026-05-11T09:53:02Z,95.0,Versa 4
2026-05-11T09:53:05Z,95.0,Versa 4
2026-05-11T09:53:08Z,95.0,Versa 4
2026-05-11T09:57:37Z,100.0,Versa 4
2026-05-11T09:57:39Z,94.0,Versa 4
2026-05-11T09:57:41Z,97.0,Versa 4
2026-05-11T09:57:43Z,98.0,Versa 4
2026-05-11T09:57:45Z,96.0,Versa 4
2026-05-11T09:57:47Z,97.0,Versa 4
2026-05-11T09:57:50Z,97.0,Versa 4
2026-05-11T09:57:53Z,97.0,Versa 4
2026-05-11T09:57:55Z,100.0,Versa 4
2026-05-11T09:57:57Z,99.0,Versa 4
2026-05-11T09:57:59Z,95.0,Versa 4
2026-05-11T09:58:01Z,96.0,Versa 4
2026-05-11T09:58:02Z,95.0,Versa 4
2026-05-11T09:58:04Z,94.0,Versa 4
2026-05-11T09:58:06Z,95.0,Versa 4
2026-05-11T09:58:08Z,98.0,Versa 4
2026-05-11T09:58:10Z,97.0,Versa 4
2026-05-11T09:58:12Z,96.0,Versa 4
2026-05-11T09:58:14Z,95.0,Versa 4
2026-05-11T09:58:17Z,95.0,Versa 4
2026-05-11T09:58:18Z,96.0,Versa 4
2026-05-11T09:58:20Z,99.0,Versa 4
2026-05-11T09:58:22Z,95.0,Versa 4
2026-05-11T09:58:24Z,91.0,Versa 4
2026-05-11T09:58:27Z,92.0,Versa 4
2026-05-11T09:58:29Z,89.0,Versa 4
2026-05-11T09:58:31Z,87.0,Versa 4
2026-05-11T09:58:33Z,88.0,Versa 4
2026-05-11T09:58:35Z,91.0,Versa 4
2026-05-11T09:58:38Z,91.0,Versa 4
2026-05-11T09:58:39Z,90.0,Versa 4
2026-05-11T09:58:41Z,87.0,Versa 4
2026-05-11T09:58:44Z,87.0,Versa 4
2026-05-11T09:58:45Z,81.0,Versa 4
2026-05-11T09:58:47Z,76.0,Versa 4
2026-05-11T09:58:49Z,79.0,Versa 4
2026-05-11T09:58:50Z,83.0,Versa 4
2026-05-11T09:58:52Z,89.0,Versa 4
2026-05-11T09:58:54Z,96.0,Versa 4
2026-05-11T09:58:56Z,93.0,Versa 4
2026-05-11T09:58:58Z,94.0,Versa 4
2026-05-11T09:59:00Z,100.0,Versa 4
2026-05-11T09:59:02Z,101.0,Versa 4
2026-05-11T09:59:04Z,100.0,Versa 4
2026-05-11T09:59:06Z,102.0,Versa 4
2026-05-11T09:59:08Z,103.0,Versa 4
2026-05-11T09:59:11Z,103.0,Versa 4
2026-05-11T09:59:13Z,104.0,Versa 4
2026-05-11T09:59:15Z,103.0,Versa 4
2026-05-11T09:59:17Z,105.0,Versa 4
2026-05-11T09:59:20Z,105.0,Versa 4
2026-05-11T09:59:23Z,105.0,Versa 4
2026-05-11T09:59:25Z,102.0,Versa 4
2026-05-11T09:59:28Z,102.0,Versa 4
2026-05-11T09:59:29Z,101.0,Versa 4
2026-05-11T09:59:32Z,101.0,Versa 4
2026-05-11T09:59:33Z,100.0,Versa 4
2026-05-11T09:59:35Z,97.0,Versa 4
2026-05-11T09:59:38Z,99.0,Versa 4
2026-05-11T09:59:41Z,99.0,Versa 4
2026-05-11T09:59:42Z,100.0,Versa 4
2026-05-11T09:59:44Z,101.0,Versa 4
2026-05-11T09:59:46Z,98.0,Versa 4
2026-05-11T09:59:49Z,98.0,Versa 4
2026-05-11T09:59:50Z,99.0,Versa 4
2026-05-11T09:59:52Z,98.0,Versa 4
2026-05-11T09:59:54Z,99.0,Versa 4
2026-05-11T09:59:56Z,103.0,Versa 4
2026-05-11T09:59:59Z,103.0,Versa 4
2026-05-11T10:00:00Z,101.0,Versa 4
2026-05-11T10:00:01Z,96.0,Versa 4
2026-05-11T10:00:03Z,92.0,Versa 4
2026-05-11T10:00:05Z,93.0,Versa 4
2026-05-11T10:00:07Z,98.0,Versa 4
2026-05-11T10:00:09Z,103.0,Versa 4
2026-05-11T10:00:11Z,106.0,Versa 4
2026-05-11T10:00:13Z,107.0,Versa 4
2026-05-11T10:00:16Z,107.0,Versa 4
2026-05-11T10:00:19Z,107.0,Versa 4
2026-05-11T10:00:21Z,106.0,Versa 4
2026-05-11T10:00:23Z,111.0,Versa 4
2026-05-11T10:00:25Z,111.0,Versa 4
2026-05-11T10:00:28Z,109.0,Versa 4
2026-05-11T10:00:30Z,111.0,Versa 4
2026-05-11T10:00:33Z,111.0,Versa 4
2026-05-11T10:00:34Z,110.0,Versa 4
2026-05-11T10:00:37Z,110.0,Versa 4
2026-05-11T10:00:38Z,111.0,Versa 4
2026-05-11T10:00:40Z,113.0,Versa 4
2026-05-11T10:00:42Z,112.0,Versa 4
2026-05-11T10:00:44Z,111.0,Versa 4
2026-05-11T10:00:46Z,113.0,Versa 4
2026-05-11T10:00:49Z,113.0,Versa 4
2026-05-11T10:00:51Z,109.0,Versa 4
2026-05-11T10:00:53Z,107.0,Versa 4
2026-05-11T10:00:55Z,105.0,Versa 4
2026-05-11T10:00:57Z,107.0,Versa 4
2026-05-11T10:01:01Z,108.0,Versa 4
2026-05-11T10:01:03Z,105.0,Versa 4
2026-05-11T10:01:05Z,106.0,Versa 4
2026-05-11T10:01:07Z,107.0,Versa 4
2026-05-11T10:01:09Z,104.0,Versa 4
2026-05-11T10:01:11Z,102.0,Versa 4
2026-05-11T10:01:13Z,104.0,Versa 4
2026-05-11T10:01:16Z,103.0,Versa 4
2026-05-11T10:01:18Z,102.0,Versa 4
2026-05-11T10:01:20Z,103.0,Versa 4
2026-05-11T10:01:22Z,101.0,Versa 4
2026-05-11T10:01:25Z,101.0,Versa 4
2026-05-11T10:01:26Z,102.0,Versa 4
2026-05-11T10:01:28Z,100.0,Versa 4
2026-05-11T10:01:30Z,101.0,Versa 4
2026-05-11T10:01:32Z,100.0,Versa 4
2026-05-11T10:01:34Z,99.0,Versa 4
2026-05-11T10:01:36Z,100.0,Versa 4
2026-05-11T10:01:39Z,99.0,Versa 4
2026-05-11T10:01:42Z,99.0,Versa 4
2026-05-11T10:01:45Z,98.0,Versa 4
2026-05-11T10:01:47Z,95.0,Versa 4
2026-05-11T10:01:49Z,96.0,Versa 4
2026-05-11T10:01:51Z,99.0,Versa 4
2026-05-11T10:01:53Z,101.0,Versa 4
2026-05-11T10:01:55Z,102.0,Versa 4
2026-05-11T10:01:58Z,102.0,Versa 4
2026-05-11T10:01:59Z,102.0,Versa 4
2026-05-11T10:02:02Z,102.0,Versa 4
2026-05-11T10:02:03Z,98.0,Versa 4
2026-05-11T10:02:04Z,95.0,Versa 4
2026-05-11T10:02:06Z,96.0,Versa 4
2026-05-11T10:02:08Z,95.0,Versa 4
2026-05-11T10:02:10Z,94.0,Versa 4
2026-05-11T10:02:12Z,93.0,Versa 4
2026-05-11T10:02:15Z,93.0,Versa 4
2026-05-11T10:02:16Z,92.0,Versa 4
2026-05-11T10:02:18Z,94.0,Versa 4
2026-05-11T10:02:20Z,95.0,Versa 4
2026-05-11T10:02:23Z,95.0,Versa 4
2026-05-11T10:02:24Z,96.0,Versa 4
2026-05-11T10:02:27Z,95.0,Versa 4
2026-05-11T10:02:30Z,95.0,Versa 4
2026-05-11T10:02:31Z,91.0,Versa 4
2026-05-11T10:02:33Z,89.0,Versa 4
2026-05-11T10:02:35Z,87.0,Versa 4
2026-05-11T10:02:37Z,86.0,Versa 4
2026-05-11T10:02:39Z,87.0,Versa 4
2026-05-11T10:02:42Z,87.0,Versa 4
2026-05-11T10:02:45Z,88.0,Versa 4
2026-05-11T10:02:48Z,88.0,Versa 4
2026-05-11T10:02:49Z,89.0,Versa 4
2026-05-11T10:02:51Z,90.0,Versa 4
2026-05-11T10:02:52Z,91.0,Versa 4
2026-05-11T10:02:54Z,91.0,Versa 4
2026-05-11T10:02:56Z,92.0,Versa 4
2026-05-11T10:02:58Z,96.0,Versa 4
2026-05-11T10:03:00Z,97.0,Versa 4
2026-05-11T10:03:03Z,97.0,Versa 4
2026-05-11T10:03:04Z,95.0,Versa 4
2026-05-11T10:03:06Z,87.0,Versa 4
2026-05-11T10:03:08Z,82.0,Versa 4
2026-05-11T10:03:10Z,81.0,Versa 4
2026-05-11T10:03:12Z,83.0,Versa 4
2026-05-11T10:03:14Z,85.0,Versa 4
2026-05-11T10:03:17Z,83.0,Versa 4
2026-05-11T10:03:20Z,83.0,Versa 4
2026-05-11T10:03:21Z,85.0,Versa 4
2026-05-11T10:03:23Z,86.0,Versa 4
2026-05-11T10:03:25Z,87.0,Versa 4
2026-05-11T10:03:27Z,89.0,Versa 4
2026-05-11T10:03:29Z,91.0,Versa 4
2026-05-11T10:03:32Z,91.0,Versa 4
2026-05-11T10:03:33Z,92.0,Versa 4
2026-05-11T10:03:35Z,97.0,Versa 4
2026-05-11T10:03:37Z,95.0,Versa 4
2026-05-11T10:03:40Z,93.0,Versa 4
2026-05-11T10:03:42Z,87.0,Versa 4
2026-05-11T10:03:44Z,84.0,Versa 4
2026-05-11T10:03:46Z,85.0,Versa 4
2026-05-11T10:03:48Z,84.0,Versa 4
2026-05-11T10:03:50Z,84.0,Versa 4
2026-05-11T10:03:52Z,86.0,Versa 4
2026-05-11T10:03:54Z,87.0,Versa 4
2026-05-11T10:03:56Z,88.0,Versa 4
2026-05-11T10:03:58Z,95.0,Versa 4
2026-05-11T10:04:00Z,94.0,Versa 4
2026-05-11T10:04:02Z,95.0,Versa 4
2026-05-11T10:04:05Z,94.0,Versa 4
2026-05-11T10:04:07Z,97.0,Versa 4
2026-05-11T10:04:09Z,99.0,Versa 4
2026-05-11T10:04:11Z,101.0,Versa 4
2026-05-11T10:04:13Z,103.0,Versa 4
2026-05-11T10:04:15Z,101.0,Versa 4
2026-05-11T10:04:17Z,96.0,Versa 4
2026-05-11T10:04:19Z,95.0,Versa 4
2026-05-11T10:04:22Z,95.0,Versa 4
2026-05-11T10:04:25Z,94.0,Versa 4
2026-05-11T10:04:28Z,92.0,Versa 4
2026-05-11T10:04:30Z,91.0,Versa 4
2026-05-11T10:04:32Z,88.0,Versa 4
2026-05-11T10:04:34Z,88.0,Versa 4
2026-05-11T10:04:36Z,89.0,Versa 4
2026-05-11T10:04:38Z,90.0,Versa 4
2026-05-11T10:04:40Z,91.0,Versa 4
2026-05-11T10:04:42Z,88.0,Versa 4
2026-05-11T10:04:44Z,86.0,Versa 4
2026-05-11T10:04:46Z,87.0,Versa 4
2026-05-11T10:04:48Z,88.0,Versa 4
2026-05-11T10:04:51Z,88.0,Versa 4
2026-05-11T10:04:53Z,89.0,Versa 4
2026-05-11T10:04:55Z,92.0,Versa 4
2026-05-11T10:04:57Z,89.0,Versa 4
2026-05-11T10:04:59Z,87.0,Versa 4
2026-05-11T10:05:01Z,85.0,Versa 4
2026-05-11T10:05:03Z,83.0,Versa 4
2026-05-11T10:05:06Z,83.0,Versa 4
2026-05-11T10:05:07Z,83.0,Versa 4
2026-05-11T10:05:09Z,81.0,Versa 4
2026-05-11T10:05:11Z,79.0,Versa 4
2026-05-11T10:05:13Z,77.0,Versa 4
2026-05-11T10:05:15Z,76.0,Versa 4
2026-05-11T10:05:16Z,76.0,Versa 4
2026-05-11T10:05:19Z,76.0,Versa 4
2026-05-11T10:05:20Z,78.0,Versa 4
2026-05-11T10:05:22Z,79.0,Versa 4
2026-05-11T10:05:24Z,78.0,Versa 4
2026-05-11T10:05:27Z,78.0,Versa 4
2026-05-11T10:05:28Z,80.0,Versa 4
2026-05-11T10:05:30Z,82.0,Versa 4
2026-05-11T10:05:32Z,86.0,Versa 4
2026-05-11T10:05:34Z,87.0,Versa 4
2026-05-11T10:05:36Z,86.0,Versa 4
2026-05-11T10:05:38Z,83.0,Versa 4
2026-05-11T10:05:39Z,80.0,Versa 4
2026-05-11T10:05:41Z,81.0,Versa 4
2026-05-11T10:05:43Z,82.0,Versa 4
2026-05-11T10:05:46Z,82.0,Versa 4
2026-05-11T10:05:47Z,83.0,Versa 4
2026-05-11T10:05:50Z,83.0,Versa 4
2026-05-11T10:05:51Z,82.0,Versa 4
2026-05-11T10:05:53Z,83.0,Versa 4
2026-05-11T10:05:55Z,85.0,Versa 4
2026-05-11T10:05:57Z,84.0,Versa 4
2026-05-11T10:05:59Z,82.0,Versa 4
2026-05-11T10:06:01Z,80.0,Versa 4
2026-05-11T10:06:03Z,78.0,Versa 4
2026-05-11T10:06:04Z,79.0,Versa 4
2026-05-11T10:06:06Z,81.0,Versa 4
2026-05-11T10:06:08Z,84.0,Versa 4
2026-05-11T10:06:10Z,85.0,Versa 4
2026-05-11T10:06:12Z,83.0,Versa 4
2026-05-11T10:06:14Z,82.0,Versa 4
2026-05-11T10:06:16Z,81.0,Versa 4
2026-05-11T10:06:19Z,81.0,Versa 4
2026-05-11T10:06:22Z,83.0,Versa 4
2026-05-11T10:06:24Z,86.0,Versa 4
2026-05-11T10:06:26Z,87.0,Versa 4
2026-05-11T10:06:28Z,86.0,Versa 4
2026-05-11T10:06:31Z,85.0,Versa 4
2026-05-11T10:06:33Z,86.0,Versa 4
2026-05-11T10:06:35Z,88.0,Versa 4
2026-05-11T10:06:37Z,89.0,Versa 4
2026-05-11T10:06:40Z,89.0,Versa 4
2026-05-11T10:06:41Z,88.0,Versa 4
2026-05-11T10:06:43Z,87.0,Versa 4
2026-05-11T10:06:46Z,87.0,Versa 4
2026-05-11T10:06:47Z,89.0,Versa 4
2026-05-11T10:06:49Z,91.0,Versa 4
2026-05-11T10:06:51Z,92.0,Versa 4
2026-05-11T10:06:54Z,92.0,Versa 4
2026-05-11T10:06:57Z,92.0,Versa 4
2026-05-11T10:06:58Z,90.0,Versa 4
2026-05-11T10:07:01Z,90.0,Versa 4
2026-05-11T10:07:04Z,89.0,Versa 4
2026-05-11T10:07:06Z,90.0,Versa 4
2026-05-11T10:07:08Z,91.0,Versa 4
2026-05-11T10:07:11Z,91.0,Versa 4
2026-05-11T10:07:12Z,93.0,Versa 4
2026-05-11T10:07:14Z,92.0,Versa 4
2026-05-11T10:07:16Z,89.0,Versa 4
2026-05-11T10:07:17Z,90.0,Versa 4
2026-05-11T10:07:19Z,88.0,Versa 4
2026-05-11T10:07:21Z,83.0,Versa 4
2026-05-11T10:07:23Z,82.0,Versa 4
2026-05-11T10:07:25Z,83.0,Versa 4
2026-05-11T10:07:28Z,83.0,Versa 4
2026-05-11T10:07:29Z,85.0,Versa 4
2026-05-11T10:07:31Z,88.0,Versa 4
2026-05-11T10:07:34Z,88.0,Versa 4
2026-05-11T10:07:35Z,87.0,Versa 4
2026-05-11T10:07:37Z,85.0,Versa 4
2026-05-11T10:07:40Z,86.0,Versa 4
2026-05-11T10:07:42Z,87.0,Versa 4
2026-05-11T10:07:44Z,85.0,Versa 4
2026-05-11T10:07:46Z,87.0,Versa 4
2026-05-11T10:07:48Z,88.0,Versa 4
2026-05-11T10:07:50Z,87.0,Versa 4
2026-05-11T10:07:52Z,86.0,Versa 4
2026-05-11T10:07:55Z,86.0,Versa 4
2026-05-11T10:07:56Z,88.0,Versa 4
2026-05-11T10:07:59Z,88.0,Versa 4
2026-05-11T10:08:00Z,88.0,Versa 4
2026-05-11T10:08:03Z,88.0,Versa 4
2026-05-11T10:08:04Z,89.0,Versa 4
2026-05-11T10:08:05Z,90.0,Versa 4
2026-05-11T10:08:07Z,89.0,Versa 4
2026-05-11T10:08:09Z,86.0,Versa 4
2026-05-11T10:08:11Z,84.0,Versa 4
2026-05-11T10:08:13Z,81.0,Versa 4
2026-05-11T10:08:15Z,82.0,Versa 4
2026-05-11T10:08:17Z,83.0,Versa 4
2026-05-11T10:08:19Z,85.0,Versa 4
2026-05-11T10:08:21Z,86.0,Versa 4
2026-05-11T10:08:23Z,85.0,Versa 4
2026-05-11T10:08:25Z,83.0,Versa 4
2026-05-11T10:08:27Z,82.0,Versa 4
2026-05-11T10:08:28Z,81.0,Versa 4
2026-05-11T10:08:30Z,80.0,Versa 4
2026-05-11T10:08:33Z,80.0,Versa 4
2026-05-11T10:08:34Z,79.0,Versa 4
2026-05-11T10:08:36Z,78.0,Versa 4
2026-05-11T10:08:39Z,78.0,Versa 4
2026-05-11T10:08:40Z,77.0,Versa 4
2026-05-11T10:08:43Z,77.0,Versa 4
2026-05-11T10:08:46Z,78.0,Versa 4
2026-05-11T10:08:48Z,80.0,Versa 4
2026-05-11T10:08:50Z,82.0,Versa 4
2026-05-11T10:08:52Z,83.0,Versa 4
2026-05-11T10:08:53Z,82.0,Versa 4
2026-05-11T10:08:55Z,80.0,Versa 4
2026-05-11T10:08:57Z,78.0,Versa 4
2026-05-11T10:08:59Z,80.0,Versa 4
2026-05-11T10:09:01Z,82.0,Versa 4
2026-05-11T10:09:03Z,84.0,Versa 4
2026-05-11T10:09:06Z,84.0,Versa 4
2026-05-11T10:09:07Z,82.0,Versa 4
2026-05-11T10:09:10Z,82.0,Versa 4
2026-05-11T10:09:13Z,83.0,Versa 4
2026-05-11T10:09:15Z,84.0,Versa 4
2026-05-11T10:09:18Z,82.0,Versa 4
2026-05-11T10:09:21Z,82.0,Versa 4
2026-05-11T10:09:22Z,81.0,Versa 4
2026-05-11T10:09:24Z,82.0,Versa 4
2026-05-11T10:09:26Z,82.0,Versa 4
2026-05-11T10:09:28Z,80.0,Versa 4
2026-05-11T10:09:31Z,80.0,Versa 4
2026-05-11T10:09:34Z,80.0,Versa 4
2026-05-11T10:09:37Z,80.0,Versa 4
2026-05-11T10:09:38Z,82.0,Versa 4
2026-05-11T10:09:40Z,80.0,Versa 4
2026-05-11T10:09:41Z,83.0,Versa 4
2026-05-11T10:09:44Z,83.0,Versa 4
2026-05-11T10:09:45Z,85.0,Versa 4
2026-05-11T10:09:47Z,84.0,Versa 4
2026-05-11T10:09:49Z,86.0,Versa 4
2026-05-11T10:09:51Z,86.0,Versa 4
2026-05-11T10:09:54Z,86.0,Versa 4
2026-05-11T10:09:55Z,85.0,Versa 4
2026-05-11T10:09:57Z,84.0,Versa 4
2026-05-11T10:09:59Z,83.0,Versa 4
2026-05-11T10:10:01Z,82.0,Versa 4
2026-05-11T10:10:04Z,81.0,Versa 4
2026-05-11T10:10:06Z,82.0,Versa 4
2026-05-11T10:10:09Z,82.0,Versa 4
2026-05-11T10:10:12Z,82.0,Versa 4
2026-05-11T10:10:14Z,83.0,Versa 4
2026-05-11T10:10:16Z,84.0,Versa 4
2026-05-11T10:10:18Z,85.0,Versa 4
2026-05-11T10:10:21Z,85.0,Versa 4
2026-05-11T10:10:24Z,87.0,Versa 4
2026-05-11T10:10:26Z,88.0,Versa 4
2026-05-11T10:10:29Z,87.0,Versa 4
2026-05-11T10:10:31Z,86.0,Versa 4
2026-05-11T10:10:34Z,86.0,Versa 4
2026-05-11T10:10:35Z,85.0,Versa 4
2026-05-11T10:10:38Z,85.0,Versa 4
2026-05-11T10:10:41Z,86.0,Versa 4
2026-05-11T10:10:43Z,88.0,Versa 4
2026-05-11T10:10:45Z,90.0,Versa 4
2026-05-11T10:10:48Z,90.0,Versa 4
2026-05-11T10:10:49Z,89.0,Versa 4
2026-05-11T10:10:51Z,88.0,Versa 4
2026-05-11T10:10:52Z,90.0,Versa 4
2026-05-11T10:10:54Z,89.0,Versa 4
2026-05-11T10:10:57Z,89.0,Versa 4
2026-05-11T10:10:58Z,90.0,Versa 4
2026-05-11T10:11:00Z,87.0,Versa 4
2026-05-11T10:11:02Z,79.0,Versa 4
2026-05-11T10:11:04Z,76.0,Versa 4
2026-05-11T10:11:06Z,74.0,Versa 4
2026-05-11T10:11:09Z,74.0,Versa 4
2026-05-11T10:11:10Z,75.0,Versa 4
2026-05-11T10:11:12Z,76.0,Versa 4
2026-05-11T10:11:14Z,77.0,Versa 4
2026-05-11T10:11:16Z,81.0,Versa 4
2026-05-11T10:11:17Z,82.0,Versa 4
2026-05-11T10:11:20Z,82.0,Versa 4
2026-05-11T10:11:21Z,83.0,Versa 4
2026-05-11T10:11:23Z,90.0,Versa 4
2026-05-11T10:11:25Z,92.0,Versa 4
2026-05-11T10:11:27Z,90.0,Versa 4
2026-05-11T10:11:30Z,90.0,Versa 4
2026-05-11T10:11:31Z,91.0,Versa 4
2026-05-11T10:11:33Z,90.0,Versa 4
2026-05-11T10:11:35Z,88.0,Versa 4
2026-05-11T10:11:37Z,84.0,Versa 4
2026-05-11T10:11:39Z,82.0,Versa 4
2026-05-11T10:11:42Z,83.0,Versa 4
2026-05-11T10:11:45Z,83.0,Versa 4
2026-05-11T10:11:46Z,83.0,Versa 4
2026-05-11T10:11:48Z,85.0,Versa 4
2026-05-11T10:11:50Z,87.0,Versa 4
2026-05-11T10:11:52Z,90.0,Versa 4
2026-05-11T10:11:55Z,90.0,Versa 4
2026-05-11T10:11:56Z,88.0,Versa 4
2026-05-11T10:11:58Z,86.0,Versa 4
2026-05-11T10:12:00Z,84.0,Versa 4
2026-05-11T10:12:03Z,84.0,Versa 4
2026-05-11T10:12:06Z,84.0,Versa 4
2026-05-11T10:12:07Z,82.0,Versa 4
2026-05-11T10:12:09Z,78.0,Versa 4
2026-05-11T10:12:11Z,76.0,Versa 4
2026-05-11T10:12:14Z,76.0,Versa 4
2026-05-11T10:12:15Z,77.0,Versa 4
2026-05-11T10:12:17Z,78.0,Versa 4
2026-05-11T10:12:19Z,79.0,Versa 4
2026-05-11T10:12:21Z,78.0,Versa 4
2026-05-11T10:12:24Z,78.0,Versa 4
2026-05-11T10:12:25Z,77.0,Versa 4
2026-05-11T10:12:27Z,76.0,Versa 4
2026-05-11T10:12:30Z,77.0,Versa 4
2026-05-11T10:12:32Z,78.0,Versa 4
2026-05-11T10:12:34Z,79.0,Versa 4
2026-05-11T10:12:36Z,80.0,Versa 4
2026-05-11T10:12:38Z,78.0,Versa 4
2026-05-11T10:12:40Z,77.0,Versa 4
2026-05-11T10:12:42Z,77.0,Versa 4
2026-05-11T10:12:44Z,76.0,Versa 4
2026-05-11T10:12:46Z,78.0,Versa 4
2026-05-11T10:12:48Z,80.0,Versa 4
2026-05-11T10:12:50Z,82.0,Versa 4
2026-05-11T10:12:52Z,85.0,Versa 4
2026-05-11T10:12:53Z,86.0,Versa 4
2026-05-11T10:12:55Z,87.0,Versa 4
2026-05-11T10:12:57Z,86.0,Versa 4
2026-05-11T10:13:00Z,86.0,Versa 4
2026-05-11T10:13:01Z,88.0,Versa 4
2026-05-11T10:13:03Z,87.0,Versa 4
2026-05-11T10:13:05Z,85.0,Versa 4
2026-05-11T10:13:07Z,83.0,Versa 4
2026-05-11T10:13:09Z,84.0,Versa 4
2026-05-11T10:13:11Z,88.0,Versa 4
2026-05-11T10:13:13Z,93.0,Versa 4
2026-05-11T10:13:15Z,92.0,Versa 4
2026-05-11T10:13:16Z,89.0,Versa 4
2026-05-11T10:13:19Z,89.0,Versa 4
2026-05-11T10:13:20Z,90.0,Versa 4
2026-05-11T10:13:22Z,91.0,Versa 4
2026-05-11T10:13:24Z,94.0,Versa 4
2026-05-11T10:13:26Z,98.0,Versa 4
2026-05-11T10:13:28Z,100.0,Versa 4
2026-05-11T10:13:30Z,99.0,Versa 4
2026-05-11T10:13:32Z,94.0,Versa 4
2026-05-11T10:13:34Z,88.0,Versa 4
2026-05-11T10:13:36Z,86.0,Versa 4
2026-05-11T10:13:38Z,84.0,Versa 4
2026-05-11T10:13:40Z,82.0,Versa 4
2026-05-11T10:13:41Z,81.0,Versa 4
2026-05-11T10:13:43Z,80.0,Versa 4
2026-05-11T10:13:45Z,81.0,Versa 4
2026-05-11T10:13:47Z,84.0,Versa 4
2026-05-11T10:13:49Z,86.0,Versa 4
2026-05-11T10:13:51Z,88.0,Versa 4
2026-05-11T10:13:53Z,90.0,Versa 4
2026-05-11T10:13:55Z,89.0,Versa 4
2026-05-11T10:13:57Z,86.0,Versa 4
2026-05-11T10:13:59Z,83.0,Versa 4
2026-05-11T10:14:01Z,81.0,Versa 4
2026-05-11T10:14:03Z,82.0,Versa 4
2026-05-11T10:14:04Z,83.0,Versa 4
2026-05-11T10:14:06Z,84.0,Versa 4
2026-05-11T10:14:08Z,86.0,Versa 4
2026-05-11T10:14:10Z,85.0,Versa 4
2026-05-11T10:14:12Z,82.0,Versa 4
2026-05-11T10:14:14Z,81.0,Versa 4
2026-05-11T10:14:16Z,79.0,Versa 4
2026-05-11T10:14:18Z,80.0,Versa 4
2026-05-11T10:14:21Z,80.0,Versa 4
2026-05-11T10:14:22Z,81.0,Versa 4
2026-05-11T10:14:24Z,80.0,Versa 4
2026-05-11T10:14:26Z,80.0,Versa 4
2026-05-11T10:14:28Z,84.0,Versa 4
2026-05-11T10:14:29Z,90.0,Versa 4
2026-05-11T10:14:32Z,90.0,Versa 4
2026-05-11T10:14:33Z,87.0,Versa 4
2026-05-11T10:14:36Z,87.0,Versa 4
2026-05-11T10:14:37Z,85.0,Versa 4
2026-05-11T10:14:40Z,85.0,Versa 4
2026-05-11T10:14:41Z,86.0,Versa 4
2026-05-11T10:14:43Z,94.0,Versa 4
2026-05-11T10:14:45Z,95.0,Versa 4
2026-05-11T10:14:47Z,93.0,Versa 4
2026-05-11T10:14:49Z,89.0,Versa 4
2026-05-11T10:14:51Z,87.0,Versa 4
2026-05-11T10:14:52Z,86.0,Versa 4
2026-05-11T10:14:54Z,88.0,Versa 4
2026-05-11T10:14:57Z,88.0,Versa 4
2026-05-11T10:14:58Z,91.0,Versa 4
2026-05-11T10:15:00Z,95.0,Versa 4
2026-05-11T10:15:02Z,99.0,Versa 4
2026-05-11T10:15:05Z,99.0,Versa 4
2026-05-11T10:15:06Z,86.0,Versa 4
2026-05-11T10:15:08Z,82.0,Versa 4
2026-05-11T10:15:10Z,81.0,Versa 4
2026-05-11T10:15:12Z,80.0,Versa 4
2026-05-11T10:15:14Z,81.0,Versa 4
2026-05-11T10:15:16Z,83.0,Versa 4
2026-05-11T10:15:17Z,86.0,Versa 4
2026-05-11T10:15:19Z,89.0,Versa 4
2026-05-11T10:15:21Z,93.0,Versa 4
2026-05-11T10:15:23Z,95.0,Versa 4
2026-05-11T10:15:25Z,94.0,Versa 4
2026-05-11T10:15:27Z,93.0,Versa 4
2026-05-11T10:15:29Z,92.0,Versa 4
2026-05-11T10:15:31Z,96.0,Versa 4
2026-05-11T10:15:33Z,101.0,Versa 4
2026-05-11T10:15:35Z,103.0,Versa 4
2026-05-11T10:15:37Z,105.0,Versa 4
2026-05-11T10:15:39Z,98.0,Versa 4
2026-05-11T10:15:40Z,91.0,Versa 4
2026-05-11T10:15:42Z,86.0,Versa 4
2026-05-11T10:15:44Z,83.0,Versa 4
2026-05-11T10:15:46Z,85.0,Versa 4
2026-05-11T10:15:48Z,87.0,Versa 4
2026-05-11T10:15:51Z,87.0,Versa 4
2026-05-11T10:15:52Z,86.0,Versa 4
2026-05-11T10:15:54Z,85.0,Versa 4
2026-05-11T10:15:56Z,83.0,Versa 4
2026-05-11T10:15:59Z,83.0,Versa 4
2026-05-11T10:16:00Z,84.0,Versa 4
2026-05-11T10:16:03Z,84.0,Versa 4
2026-05-11T10:16:05Z,85.0,Versa 4
2026-05-11T10:16:07Z,87.0,Versa 4
2026-05-11T10:16:10Z,87.0,Versa 4
2026-05-11T10:16:11Z,88.0,Versa 4
2026-05-11T10:16:13Z,91.0,Versa 4
2026-05-11T10:16:15Z,90.0,Versa 4
2026-05-11T10:16:18Z,90.0,Versa 4
2026-05-11T10:16:19Z,91.0,Versa 4
2026-05-11T10:16:21Z,89.0,Versa 4
2026-05-11T10:16:24Z,89.0,Versa 4
2026-05-11T10:16:25Z,91.0,Versa 4
2026-05-11T10:16:27Z,92.0,Versa 4
2026-05-11T10:16:28Z,93.0,Versa 4
2026-05-11T10:16:30Z,92.0,Versa 4
2026-05-11T10:16:32Z,91.0,Versa 4
2026-05-11T10:16:34Z,90.0,Versa 4
2026-05-11T10:16:36Z,89.0,Versa 4
2026-05-11T10:16:38Z,92.0,Versa 4
2026-05-11T10:16:40Z,94.0,Versa 4
2026-05-11T10:16:42Z,96.0,Versa 4
2026-05-11T10:16:44Z,94.0,Versa 4
2026-05-11T10:16:46Z,86.0,Versa 4
2026-05-11T10:16:49Z,86.0,Versa 4
2026-05-11T10:16:50Z,88.0,Versa 4
2026-05-11T10:16:52Z,87.0,Versa 4
2026-05-11T10:16:53Z,86.0,Versa 4
2026-05-11T10:16:56Z,86.0,Versa 4
2026-05-11T10:16:57Z,85.0,Versa 4
2026-05-11T10:16:59Z,84.0,Versa 4
2026-05-11T10:17:02Z,84.0,Versa 4
2026-05-11T10:17:05Z,89.0,Versa 4
2026-05-11T10:17:07Z,90.0,Versa 4
2026-05-11T10:17:09Z,89.0,Versa 4
2026-05-11T10:17:11Z,87.0,Versa 4
2026-05-11T10:17:13Z,85.0,Versa 4
2026-05-11T10:17:16Z,87.0,Versa 4
2026-05-11T10:17:18Z,88.0,Versa 4
2026-05-11T10:17:20Z,91.0,Versa 4
2026-05-11T10:17:22Z,92.0,Versa 4
2026-05-11T10:17:25Z,92.0,Versa 4
2026-05-11T10:17:28Z,94.0,Versa 4
2026-05-11T10:17:30Z,93.0,Versa 4
2026-05-11T10:17:32Z,94.0,Versa 4
2026-05-11T10:17:34Z,91.0,Versa 4
2026-05-11T10:17:36Z,86.0,Versa 4
2026-05-11T10:17:38Z,84.0,Versa 4
2026-05-11T10:17:41Z,85.0,Versa 4
2026-05-11T10:17:44Z,85.0,Versa 4
2026-05-11T10:17:45Z,86.0,Versa 4
2026-05-11T10:17:48Z,86.0,Versa 4
2026-05-11T10:17:49Z,88.0,Versa 4
2026-05-11T10:17:52Z,88.0,Versa 4
2026-05-11T10:17:53Z,89.0,Versa 4
2026-05-11T10:17:55Z,90.0,Versa 4
2026-05-11T10:17:57Z,91.0,Versa 4
2026-05-11T10:17:59Z,94.0,Versa 4
2026-05-11T10:18:02Z,94.0,Versa 4
2026-05-11T10:18:03Z,92.0,Versa 4
2026-05-11T10:18:04Z,91.0,Versa 4
2026-05-11T10:18:06Z,89.0,Versa 4
2026-05-11T10:18:08Z,86.0,Versa 4
2026-05-11T10:18:10Z,87.0,Versa 4
2026-05-11T10:18:12Z,88.0,Versa 4
2026-05-11T10:18:14Z,86.0,Versa 4
2026-05-11T10:18:17Z,86.0,Versa 4
2026-05-11T10:18:18Z,87.0,Versa 4
2026-05-11T10:18:20Z,88.0,Versa 4
2026-05-11T10:18:22Z,90.0,Versa 4
2026-05-11T10:18:25Z,90.0,Versa 4
2026-05-11T10:18:26Z,85.0,Versa 4
2026-05-11T10:18:28Z,83.0,Versa 4
2026-05-11T10:18:29Z,80.0,Versa 4
2026-05-11T10:18:32Z,80.0,Versa 4
2026-05-11T10:18:33Z,81.0,Versa 4
2026-05-11T10:18:35Z,83.0,Versa 4
2026-05-11T10:18:37Z,82.0,Versa 4
2026-05-11T10:18:39Z,84.0,Versa 4
2026-05-11T10:18:41Z,85.0,Versa 4
2026-05-11T10:18:44Z,85.0,Versa 4
2026-05-11T10:18:45Z,82.0,Versa 4
2026-05-11T10:18:47Z,80.0,Versa 4
2026-05-11T10:18:49Z,78.0,Versa 4
2026-05-11T10:18:51Z,76.0,Versa 4
2026-05-11T10:18:54Z,77.0,Versa 4
2026-05-11T10:18:56Z,79.0,Versa 4
2026-05-11T10:18:58Z,81.0,Versa 4
2026-05-11T10:19:01Z,81.0,Versa 4
2026-05-11T10:19:02Z,83.0,Versa 4
2026-05-11T10:19:04Z,84.0,Versa 4
2026-05-11T10:19:06Z,83.0,Versa 4
2026-05-11T10:19:08Z,84.0,Versa 4
2026-05-11T10:19:10Z,83.0,Versa 4
2026-05-11T10:19:12Z,81.0,Versa 4
2026-05-11T10:19:14Z,80.0,Versa 4
2026-05-11T10:19:16Z,81.0,Versa 4
2026-05-11T10:19:19Z,83.0,Versa 4
2026-05-11T10:19:21Z,86.0,Versa 4
2026-05-11T10:19:24Z,86.0,Versa 4
2026-05-11T10:19:25Z,84.0,Versa 4
2026-05-11T10:19:28Z,84.0,Versa 4
2026-05-11T10:19:29Z,86.0,Versa 4
2026-05-11T10:19:31Z,89.0,Versa 4
2026-05-11T10:19:33Z,90.0,Versa 4
2026-05-11T10:19:36Z,90.0,Versa 4
2026-05-11T10:19:37Z,87.0,Versa 4
2026-05-11T10:19:39Z,86.0,Versa 4
2026-05-11T10:19:40Z,85.0,Versa 4
2026-05-11T10:19:42Z,83.0,Versa 4
2026-05-11T10:19:44Z,91.0,Versa 4
2026-05-11T10:19:46Z,90.0,Versa 4
2026-05-11T10:19:48Z,87.0,Versa 4
2026-05-11T10:19:50Z,88.0,Versa 4
2026-05-11T10:19:52Z,90.0,Versa 4
2026-05-11T10:19:54Z,92.0,Versa 4
2026-05-11T10:19:56Z,94.0,Versa 4
2026-05-11T10:19:58Z,94.0,Versa 4
2026-05-11T10:20:01Z,94.0,Versa 4
2026-05-11T10:20:02Z,96.0,Versa 4
2026-05-11T10:20:04Z,98.0,Versa 4
2026-05-11T10:20:07Z,98.0,Versa 4
2026-05-11T10:20:10Z,98.0,Versa 4
2026-05-11T10:20:11Z,102.0,Versa 4
2026-05-11T10:20:13Z,105.0,Versa 4
2026-05-11T10:20:15Z,106.0,Versa 4
2026-05-11T10:20:17Z,103.0,Versa 4
2026-05-11T10:20:19Z,99.0,Versa 4
2026-05-11T10:20:21Z,97.0,Versa 4
2026-05-11T10:20:23Z,102.0,Versa 4
2026-05-11T10:20:25Z,106.0,Versa 4
2026-05-11T10:20:27Z,107.0,Versa 4
2026-05-11T10:20:28Z,110.0,Versa 4
2026-05-11T10:20:30Z,111.0,Versa 4
2026-05-11T10:20:32Z,109.0,Versa 4
2026-05-11T10:20:34Z,105.0,Versa 4
2026-05-11T10:20:36Z,98.0,Versa 4
2026-05-11T10:20:38Z,88.0,Versa 4
2026-05-11T10:20:40Z,86.0,Versa 4
2026-05-11T10:20:42Z,88.0,Versa 4
2026-05-11T10:20:44Z,89.0,Versa 4
2026-05-11T10:20:46Z,86.0,Versa 4
2026-05-11T10:20:48Z,84.0,Versa 4
2026-05-11T10:20:50Z,82.0,Versa 4
2026-05-11T10:20:53Z,85.0,Versa 4
2026-05-11T10:20:55Z,84.0,Versa 4
2026-05-11T10:20:57Z,83.0,Versa 4
2026-05-11T10:20:59Z,86.0,Versa 4
2026-05-11T10:21:01Z,93.0,Versa 4
2026-05-11T10:21:03Z,92.0,Versa 4
2026-05-11T10:21:05Z,91.0,Versa 4
2026-05-11T10:21:07Z,94.0,Versa 4
2026-05-11T10:21:09Z,95.0,Versa 4
2026-05-11T10:21:11Z,97.0,Versa 4
2026-05-11T10:21:13Z,95.0,Versa 4
2026-05-11T10:21:16Z,93.0,Versa 4
2026-05-11T10:21:18Z,92.0,Versa 4
2026-05-11T10:21:20Z,85.0,Versa 4
2026-05-11T10:21:22Z,84.0,Versa 4
2026-05-11T10:21:24Z,83.0,Versa 4
2026-05-11T10:21:26Z,84.0,Versa 4
2026-05-11T10:21:28Z,89.0,Versa 4
2026-05-11T10:21:30Z,91.0,Versa 4
2026-05-11T10:21:32Z,90.0,Versa 4
2026-05-11T10:21:34Z,94.0,Versa 4
2026-05-11T10:21:36Z,96.0,Versa 4
2026-05-11T10:21:38Z,101.0,Versa 4
2026-05-11T10:21:40Z,103.0,Versa 4
2026-05-11T10:21:41Z,95.0,Versa 4
2026-05-11T10:21:43Z,89.0,Versa 4
2026-05-11T10:21:46Z,89.0,Versa 4
2026-05-11T10:21:47Z,88.0,Versa 4
2026-05-11T10:21:49Z,92.0,Versa 4
2026-05-11T10:21:51Z,100.0,Versa 4
2026-05-11T10:21:53Z,101.0,Versa 4
2026-05-11T10:21:55Z,96.0,Versa 4
2026-05-11T10:21:57Z,90.0,Versa 4
2026-05-11T10:21:59Z,91.0,Versa 4
2026-05-11T10:22:01Z,94.0,Versa 4
2026-05-11T10:22:04Z,91.0,Versa 4
2026-05-11T10:22:06Z,89.0,Versa 4
2026-05-11T10:22:08Z,90.0,Versa 4
2026-05-11T10:22:10Z,92.0,Versa 4
2026-05-11T10:22:12Z,95.0,Versa 4
2026-05-11T10:22:15Z,95.0,Versa 4
2026-05-11T10:22:16Z,94.0,Versa 4
2026-05-11T10:22:19Z,94.0,Versa 4
2026-05-11T10:22:22Z,95.0,Versa 4
2026-05-11T10:22:25Z,95.0,Versa 4
2026-05-11T10:22:28Z,97.0,Versa 4
2026-05-11T10:22:29Z,97.0,Versa 4
2026-05-11T10:22:31Z,93.0,Versa 4
2026-05-11T10:22:33Z,92.0,Versa 4
2026-05-11T10:22:35Z,96.0,Versa 4
2026-05-11T10:22:37Z,99.0,Versa 4
2026-05-11T10:22:39Z,103.0,Versa 4
2026-05-11T10:22:42Z,103.0,Versa 4
2026-05-11T10:22:43Z,102.0,Versa 4
2026-05-11T10:22:45Z,104.0,Versa 4
2026-05-11T10:22:47Z,106.0,Versa 4
2026-05-11T10:22:49Z,108.0,Versa 4
2026-05-11T10:22:51Z,105.0,Versa 4
2026-05-11T10:22:52Z,97.0,Versa 4
2026-05-11T10:22:54Z,93.0,Versa 4
2026-05-11T10:22:57Z,93.0,Versa 4
2026-05-11T10:22:58Z,96.0,Versa 4
2026-05-11T10:23:00Z,101.0,Versa 4
2026-05-11T10:23:02Z,103.0,Versa 4
2026-05-11T10:23:05Z,103.0,Versa 4
2026-05-11T10:23:06Z,99.0,Versa 4
2026-05-11T10:23:08Z,90.0,Versa 4
2026-05-11T10:23:10Z,91.0,Versa 4
2026-05-11T10:23:12Z,92.0,Versa 4
2026-05-11T10:23:14Z,91.0,Versa 4
2026-05-11T10:23:16Z,93.0,Versa 4
2026-05-11T10:23:17Z,94.0,Versa 4
2026-05-11T10:23:19Z,92.0,Versa 4
2026-05-11T10:23:21Z,96.0,Versa 4
2026-05-11T10:23:23Z,100.0,Versa 4
2026-05-11T10:23:25Z,101.0,Versa 4
2026-05-11T10:23:27Z,100.0,Versa 4
2026-05-11T10:23:29Z,98.0,Versa 4
2026-05-11T10:23:31Z,93.0,Versa 4
2026-05-11T10:23:33Z,87.0,Versa 4
2026-05-11T10:23:35Z,88.0,Versa 4
2026-05-11T10:23:38Z,88.0,Versa 4
2026-05-11T10:23:39Z,92.0,Versa 4
2026-05-11T10:23:40Z,93.0,Versa 4
2026-05-11T10:23:42Z,94.0,Versa 4
2026-05-11T10:23:44Z,96.0,Versa 4
2026-05-11T10:23:46Z,100.0,Versa 4
2026-05-11T10:23:48Z,102.0,Versa 4
2026-05-11T10:23:50Z,102.0,Versa 4
2026-05-11T10:23:52Z,105.0,Versa 4
2026-05-11T10:23:54Z,106.0,Versa 4
2026-05-11T10:23:57Z,106.0,Versa 4
2026-05-11T10:23:58Z,107.0,Versa 4
2026-05-11T10:24:00Z,105.0,Versa 4
2026-05-11T10:24:02Z,104.0,Versa 4
2026-05-11T10:24:04Z,103.0,Versa 4
2026-05-11T10:24:05Z,100.0,Versa 4
2026-05-11T10:24:08Z,100.0,Versa 4
2026-05-11T10:24:09Z,104.0,Versa 4
2026-05-11T10:24:11Z,103.0,Versa 4
2026-05-11T10:24:14Z,103.0,Versa 4
2026-05-11T10:24:15Z,104.0,Versa 4
2026-05-11T10:24:17Z,99.0,Versa 4
2026-05-11T10:24:19Z,98.0,Versa 4
2026-05-11T10:24:21Z,100.0,Versa 4
2026-05-11T10:24:23Z,101.0,Versa 4
2026-05-11T10:24:25Z,100.0,Versa 4
2026-05-11T10:24:27Z,99.0,Versa 4
2026-05-11T10:24:28Z,96.0,Versa 4
2026-05-11T10:24:30Z,93.0,Versa 4
2026-05-11T10:24:32Z,91.0,Versa 4
2026-05-11T10:24:34Z,90.0,Versa 4
2026-05-11T10:24:36Z,91.0,Versa 4
2026-05-11T10:24:38Z,95.0,Versa 4
2026-05-11T10:24:40Z,96.0,Versa 4
2026-05-11T10:24:42Z,93.0,Versa 4
2026-05-11T10:24:44Z,87.0,Versa 4
2026-05-11T10:24:46Z,82.0,Versa 4
2026-05-11T10:24:48Z,85.0,Versa 4
2026-05-11T10:24:50Z,88.0,Versa 4
2026-05-11T10:24:52Z,90.0,Versa 4
2026-05-11T10:24:53Z,89.0,Versa 4
2026-05-11T10:24:55Z,90.0,Versa 4
2026-05-11T10:24:57Z,88.0,Versa 4
2026-05-11T10:24:59Z,87.0,Versa 4
2026-05-11T10:25:02Z,87.0,Versa 4
2026-05-11T10:25:03Z,88.0,Versa 4
2026-05-11T10:25:05Z,89.0,Versa 4
2026-05-11T10:25:08Z,89.0,Versa 4
2026-05-11T10:25:11Z,89.0,Versa 4
2026-05-11T10:25:13Z,90.0,Versa 4
2026-05-11T10:25:15Z,91.0,Versa 4
2026-05-11T10:25:16Z,92.0,Versa 4
2026-05-11T10:25:18Z,93.0,Versa 4
2026-05-11T10:25:20Z,90.0,Versa 4
2026-05-11T10:25:22Z,91.0,Versa 4
2026-05-11T10:25:24Z,95.0,Versa 4
2026-05-11T10:25:26Z,96.0,Versa 4
2026-05-11T10:25:28Z,97.0,Versa 4
2026-05-11T10:25:30Z,96.0,Versa 4
2026-05-11T10:25:32Z,91.0,Versa 4
2026-05-11T10:25:34Z,87.0,Versa 4
2026-05-11T10:25:36Z,86.0,Versa 4
2026-05-11T10:25:38Z,84.0,Versa 4
2026-05-11T10:25:41Z,87.0,Versa 4
2026-05-11T10:25:43Z,86.0,Versa 4
2026-05-11T10:25:46Z,86.0,Versa 4
2026-05-11T10:25:47Z,88.0,Versa 4
2026-05-11T10:25:49Z,84.0,Versa 4
2026-05-11T10:25:51Z,86.0,Versa 4
2026-05-11T10:25:53Z,87.0,Versa 4
2026-05-11T10:25:55Z,86.0,Versa 4
2026-05-11T10:25:57Z,87.0,Versa 4
2026-05-11T10:25:59Z,86.0,Versa 4
2026-05-11T10:26:01Z,85.0,Versa 4
2026-05-11T10:26:03Z,88.0,Versa 4
2026-05-11T10:26:04Z,93.0,Versa 4
2026-05-11T10:26:06Z,92.0,Versa 4
2026-05-11T10:26:08Z,93.0,Versa 4
2026-05-11T10:26:10Z,89.0,Versa 4
2026-05-11T10:26:12Z,88.0,Versa 4
2026-05-11T10:26:14Z,87.0,Versa 4
2026-05-11T10:26:16Z,85.0,Versa 4
2026-05-11T10:26:18Z,83.0,Versa 4
2026-05-11T10:26:20Z,89.0,Versa 4
2026-05-11T10:26:22Z,98.0,Versa 4
2026-05-11T10:26:24Z,95.0,Versa 4
2026-05-11T10:26:26Z,92.0,Versa 4
2026-05-11T10:26:28Z,91.0,Versa 4
2026-05-11T10:26:29Z,92.0,Versa 4
2026-05-11T10:26:31Z,93.0,Versa 4
2026-05-11T10:26:34Z,93.0,Versa 4
2026-05-11T10:26:37Z,94.0,Versa 4
2026-05-11T10:26:39Z,93.0,Versa 4
2026-05-11T10:26:42Z,93.0,Versa 4
2026-05-11T10:26:43Z,90.0,Versa 4
2026-05-11T10:26:45Z,89.0,Versa 4
2026-05-11T10:26:47Z,90.0,Versa 4
2026-05-11T10:26:49Z,91.0,Versa 4
2026-05-11T10:26:51Z,91.0,Versa 4
2026-05-11T10:26:52Z,90.0,Versa 4
2026-05-11T10:26:54Z,89.0,Versa 4
2026-05-11T10:26:56Z,87.0,Versa 4
2026-05-11T10:26:58Z,85.0,Versa 4
2026-05-11T10:27:00Z,86.0,Versa 4
2026-05-11T10:27:02Z,88.0,Versa 4
2026-05-11T10:27:04Z,88.0,Versa 4
2026-05-11T10:27:07Z,88.0,Versa 4
2026-05-11T10:27:10Z,87.0,Versa 4
2026-05-11T10:27:12Z,89.0,Versa 4
2026-05-11T10:27:15Z,89.0,Versa 4
2026-05-11T10:27:18Z,89.0,Versa 4
2026-05-11T10:27:21Z,88.0,Versa 4
2026-05-11T10:27:24Z,88.0,Versa 4
2026-05-11T10:27:27Z,89.0,Versa 4
2026-05-11T10:27:29Z,91.0,Versa 4
2026-05-11T10:27:31Z,93.0,Versa 4
2026-05-11T10:27:33Z,90.0,Versa 4
2026-05-11T10:27:35Z,91.0,Versa 4
2026-05-11T10:27:37Z,90.0,Versa 4
2026-05-11T10:27:40Z,91.0,Versa 4
2026-05-11T10:27:42Z,93.0,Versa 4
2026-05-11T10:27:44Z,94.0,Versa 4
2026-05-11T10:27:46Z,97.0,Versa 4
2026-05-11T10:27:48Z,98.0,Versa 4
2026-05-11T10:27:50Z,97.0,Versa 4
2026-05-11T10:27:52Z,96.0,Versa 4
2026-05-11T10:27:54Z,95.0,Versa 4
2026-05-11T10:27:56Z,96.0,Versa 4
2026-05-11T10:27:58Z,97.0,Versa 4
2026-05-11T10:28:00Z,98.0,Versa 4
2026-05-11T10:28:02Z,101.0,Versa 4
2026-05-11T10:28:04Z,103.0,Versa 4
2026-05-11T10:28:05Z,102.0,Versa 4
2026-05-11T10:28:07Z,86.0,Versa 4
2026-05-11T10:28:09Z,82.0,Versa 4
2026-05-11T10:28:11Z,83.0,Versa 4
2026-05-11T10:28:13Z,85.0,Versa 4
2026-05-11T10:28:15Z,84.0,Versa 4
2026-05-11T10:28:18Z,84.0,Versa 4
2026-05-11T10:28:19Z,85.0,Versa 4
2026-05-11T10:28:21Z,88.0,Versa 4
2026-05-11T10:28:24Z,88.0,Versa 4
2026-05-11T10:28:25Z,89.0,Versa 4
2026-05-11T10:28:27Z,92.0,Versa 4
2026-05-11T10:28:28Z,95.0,Versa 4
2026-05-11T10:28:31Z,95.0,Versa 4
2026-05-11T10:28:32Z,90.0,Versa 4
2026-05-11T10:28:34Z,84.0,Versa 4
2026-05-11T10:28:36Z,82.0,Versa 4
2026-05-11T10:28:39Z,82.0,Versa 4
2026-05-11T10:28:40Z,84.0,Versa 4
2026-05-11T10:28:42Z,85.0,Versa 4
2026-05-11T10:28:45Z,85.0,Versa 4
2026-05-11T10:28:46Z,84.0,Versa 4
2026-05-11T10:28:49Z,84.0,Versa 4
2026-05-11T10:28:50Z,85.0,Versa 4
2026-05-11T10:28:53Z,85.0,Versa 4
2026-05-11T10:28:55Z,86.0,Versa 4
2026-05-11T10:28:57Z,102.0,Versa 4
2026-05-11T10:28:59Z,112.0,Versa 4
2026-05-11T10:29:01Z,111.0,Versa 4
2026-05-11T10:29:03Z,106.0,Versa 4
2026-05-11T10:29:05Z,101.0,Versa 4
2026-05-11T10:29:07Z,105.0,Versa 4
2026-05-11T10:29:09Z,88.0,Versa 4
2026-05-11T10:29:11Z,78.0,Versa 4
2026-05-11T10:29:13Z,79.0,Versa 4
2026-05-11T10:29:15Z,81.0,Versa 4
2026-05-11T10:29:16Z,79.0,Versa 4
2026-05-11T10:29:18Z,81.0,Versa 4
2026-05-11T10:29:20Z,85.0,Versa 4
2026-05-11T10:29:22Z,87.0,Versa 4
2026-05-11T10:29:24Z,92.0,Versa 4
2026-05-11T10:29:26Z,93.0,Versa 4
2026-05-11T10:29:28Z,95.0,Versa 4
2026-05-11T10:29:30Z,96.0,Versa 4
2026-05-11T10:29:32Z,95.0,Versa 4
2026-05-11T10:29:35Z,95.0,Versa 4
2026-05-11T10:29:38Z,96.0,Versa 4
2026-05-11T10:29:41Z,109.0,Versa 4
2026-05-11T10:29:43Z,107.0,Versa 4
2026-05-11T10:29:46Z,107.0,Versa 4
2026-05-11T10:29:49Z,108.0,Versa 4
2026-05-11T10:29:51Z,109.0,Versa 4
2026-05-11T10:29:53Z,110.0,Versa 4
2026-05-11T10:29:55Z,111.0,Versa 4
2026-05-11T10:29:58Z,111.0,Versa 4
2026-05-11T10:29:59Z,110.0,Versa 4
2026-05-11T10:30:01Z,107.0,Versa 4
2026-05-11T10:30:03Z,107.0,Versa 4
2026-05-11T10:30:04Z,110.0,Versa 4
2026-05-11T10:30:06Z,110.0,Versa 4
2026-05-11T10:30:08Z,107.0,Versa 4
2026-05-11T10:30:10Z,105.0,Versa 4
2026-05-11T10:30:12Z,109.0,Versa 4
2026-05-11T10:30:14Z,112.0,Versa 4
2026-05-11T10:30:16Z,118.0,Versa 4
2026-05-11T10:30:18Z,114.0,Versa 4
2026-05-11T10:30:20Z,113.0,Versa 4
2026-05-11T10:30:22Z,115.0,Versa 4
2026-05-11T10:30:24Z,100.0,Versa 4
2026-05-11T10:30:26Z,95.0,Versa 4
2026-05-11T10:30:29Z,98.0,Versa 4
2026-05-11T10:30:31Z,99.0,Versa 4
2026-05-11T10:30:33Z,98.0,Versa 4
2026-05-11T10:30:35Z,97.0,Versa 4
2026-05-11T10:30:37Z,98.0,Versa 4
2026-05-11T10:30:40Z,98.0,Versa 4
2026-05-11T10:30:43Z,98.0,Versa 4
2026-05-11T10:30:46Z,98.0,Versa 4
2026-05-11T10:30:47Z,97.0,Versa 4
2026-05-11T10:30:49Z,98.0,Versa 4
2026-05-11T10:30:52Z,98.0,Versa 4
2026-05-11T10:30:54Z,99.0,Versa 4
2026-05-11T10:30:56Z,100.0,Versa 4
2026-05-11T10:30:58Z,100.0,Versa 4
2026-05-11T10:31:00Z,103.0,Versa 4
2026-05-11T10:31:02Z,105.0,Versa 4
2026-05-11T10:31:05Z,105.0,Versa 4
2026-05-11T10:31:08Z,106.0,Versa 4
2026-05-11T10:31:11Z,106.0,Versa 4
2026-05-11T10:31:12Z,107.0,Versa 4
2026-05-11T10:31:14Z,106.0,Versa 4
2026-05-11T10:31:16Z,105.0,Versa 4
2026-05-11T10:31:17Z,105.0,Versa 4
2026-05-11T10:31:20Z,105.0,Versa 4
2026-05-11T10:31:23Z,105.0,Versa 4
2026-05-11T10:31:25Z,98.0,Versa 4
2026-05-11T10:31:27Z,89.0,Versa 4
2026-05-11T10:31:29Z,98.0,Versa 4
2026-05-11T10:31:31Z,99.0,Versa 4
2026-05-11T10:31:34Z,99.0,Versa 4
2026-05-11T10:31:35Z,100.0,Versa 4
2026-05-11T10:31:37Z,102.0,Versa 4
2026-05-11T10:31:39Z,101.0,Versa 4
2026-05-11T10:31:40Z,97.0,Versa 4
2026-05-11T10:31:43Z,97.0,Versa 4
2026-05-11T10:31:44Z,96.0,Versa 4
2026-05-11T10:31:47Z,96.0,Versa 4
2026-05-11T10:31:48Z,95.0,Versa 4
2026-05-11T10:31:51Z,95.0,Versa 4
2026-05-11T10:31:52Z,96.0,Versa 4
2026-05-11T10:31:54Z,97.0,Versa 4
2026-05-11T10:31:56Z,96.0,Versa 4
2026-05-11T10:31:58Z,99.0,Versa 4
2026-05-11T10:32:01Z,99.0,Versa 4
2026-05-11T10:32:02Z,98.0,Versa 4
2026-05-11T10:32:04Z,97.0,Versa 4
2026-05-11T10:32:07Z,96.0,Versa 4
2026-05-11T10:32:09Z,97.0,Versa 4
2026-05-11T10:32:11Z,96.0,Versa 4
2026-05-11T10:32:13Z,97.0,Versa 4
2026-05-11T10:32:15Z,98.0,Versa 4
2026-05-11T10:32:18Z,98.0,Versa 4
2026-05-11T10:32:19Z,98.0,Versa 4
2026-05-11T10:32:21Z,102.0,Versa 4
2026-05-11T10:32:23Z,101.0,Versa 4
2026-05-11T10:32:25Z,100.0,Versa 4
2026-05-11T10:32:27Z,97.0,Versa 4
2026-05-11T10:32:28Z,95.0,Versa 4
2026-05-11T10:32:30Z,97.0,Versa 4
2026-05-11T10:32:32Z,99.0,Versa 4
2026-05-11T10:32:34Z,94.0,Versa 4
2026-05-11T10:32:36Z,93.0,Versa 4
2026-05-11T10:32:38Z,92.0,Versa 4
2026-05-11T10:32:41Z,92.0,Versa 4
2026-05-11T10:32:42Z,94.0,Versa 4
2026-05-11T10:32:44Z,95.0,Versa 4
2026-05-11T10:32:46Z,97.0,Versa 4
2026-05-11T10:32:48Z,100.0,Versa 4
2026-05-11T10:32:50Z,98.0,Versa 4
2026-05-11T10:32:52Z,95.0,Versa 4
2026-05-11T10:32:55Z,94.0,Versa 4
2026-05-11T10:32:58Z,94.0,Versa 4
2026-05-11T10:32:59Z,95.0,Versa 4
2026-05-11T10:33:02Z,95.0,Versa 4
2026-05-11T10:33:03Z,97.0,Versa 4
2026-05-11T10:33:05Z,104.0,Versa 4
2026-05-11T10:33:07Z,105.0,Versa 4
2026-05-11T10:33:09Z,101.0,Versa 4
2026-05-11T10:33:11Z,102.0,Versa 4
2026-05-11T10:33:13Z,101.0,Versa 4
2026-05-11T10:33:15Z,102.0,Versa 4
2026-05-11T10:33:16Z,103.0,Versa 4
2026-05-11T10:33:18Z,100.0,Versa 4
2026-05-11T10:33:20Z,98.0,Versa 4
2026-05-11T10:33:22Z,96.0,Versa 4
2026-05-11T10:33:24Z,94.0,Versa 4
2026-05-11T10:33:26Z,93.0,Versa 4
2026-05-11T10:33:28Z,91.0,Versa 4
2026-05-11T10:33:30Z,90.0,Versa 4
2026-05-11T10:33:32Z,91.0,Versa 4
2026-05-11T10:33:34Z,90.0,Versa 4
2026-05-11T10:33:36Z,89.0,Versa 4
2026-05-11T10:33:38Z,88.0,Versa 4
2026-05-11T10:33:40Z,87.0,Versa 4
2026-05-11T10:33:41Z,85.0,Versa 4
2026-05-11T10:33:44Z,85.0,Versa 4
2026-05-11T10:33:47Z,85.0,Versa 4
2026-05-11T10:33:49Z,86.0,Versa 4
2026-05-11T10:33:52Z,86.0,Versa 4
2026-05-11T10:33:55Z,87.0,Versa 4
2026-05-11T10:33:57Z,89.0,Versa 4
2026-05-11T10:33:59Z,91.0,Versa 4
2026-05-11T10:34:01Z,90.0,Versa 4
2026-05-11T10:34:04Z,92.0,Versa 4
2026-05-11T10:34:06Z,93.0,Versa 4
2026-05-11T10:34:08Z,96.0,Versa 4
2026-05-11T10:34:10Z,97.0,Versa 4
2026-05-11T10:34:13Z,97.0,Versa 4
2026-05-11T10:34:16Z,97.0,Versa 4
2026-05-11T10:34:19Z,97.0,Versa 4
2026-05-11T10:34:20Z,96.0,Versa 4
2026-05-11T10:34:22Z,95.0,Versa 4
2026-05-11T10:34:24Z,92.0,Versa 4
2026-05-11T10:34:26Z,90.0,Versa 4
2026-05-11T10:34:29Z,90.0,Versa 4
2026-05-11T10:34:31Z,91.0,Versa 4
2026-05-11T10:34:34Z,91.0,Versa 4
2026-05-11T10:34:35Z,90.0,Versa 4
2026-05-11T10:34:37Z,91.0,Versa 4
2026-05-11T10:34:39Z,93.0,Versa 4
2026-05-11T10:34:41Z,91.0,Versa 4
2026-05-11T10:34:43Z,86.0,Versa 4
2026-05-11T10:34:46Z,86.0,Versa 4
2026-05-11T10:34:47Z,87.0,Versa 4
2026-05-11T10:34:49Z,89.0,Versa 4
2026-05-11T10:34:51Z,90.0,Versa 4
2026-05-11T10:34:54Z,91.0,Versa 4
2026-05-11T10:34:56Z,93.0,Versa 4
2026-05-11T10:34:58Z,95.0,Versa 4
2026-05-11T10:35:00Z,98.0,Versa 4
2026-05-11T10:35:02Z,100.0,Versa 4
2026-05-11T10:35:04Z,101.0,Versa 4
2026-05-11T10:35:07Z,101.0,Versa 4
2026-05-11T10:35:10Z,97.0,Versa 4
2026-05-11T10:35:12Z,94.0,Versa 4
2026-05-11T10:35:14Z,91.0,Versa 4
2026-05-11T10:35:16Z,90.0,Versa 4
2026-05-11T10:35:17Z,91.0,Versa 4
2026-05-11T10:35:19Z,92.0,Versa 4
2026-05-11T10:35:21Z,94.0,Versa 4
2026-05-11T10:35:24Z,94.0,Versa 4
2026-05-11T10:35:25Z,95.0,Versa 4
2026-05-11T10:35:27Z,94.0,Versa 4
2026-05-11T10:35:29Z,95.0,Versa 4
2026-05-11T10:35:32Z,95.0,Versa 4
2026-05-11T10:35:33Z,94.0,Versa 4
2026-05-11T10:35:35Z,91.0,Versa 4
2026-05-11T10:35:37Z,88.0,Versa 4
2026-05-11T10:35:40Z,88.0,Versa 4
2026-05-11T10:35:43Z,88.0,Versa 4
2026-05-11T10:35:44Z,89.0,Versa 4
2026-05-11T10:35:46Z,90.0,Versa 4
2026-05-11T10:35:49Z,90.0,Versa 4
2026-05-11T10:35:52Z,91.0,Versa 4
2026-05-11T10:35:54Z,92.0,Versa 4
2026-05-11T10:35:56Z,90.0,Versa 4
2026-05-11T10:35:59Z,90.0,Versa 4
2026-05-11T10:36:00Z,91.0,Versa 4
2026-05-11T10:36:02Z,90.0,Versa 4
2026-05-11T10:36:04Z,88.0,Versa 4
2026-05-11T10:36:07Z,86.0,Versa 4
2026-05-11T10:36:09Z,83.0,Versa 4
2026-05-11T10:36:12Z,83.0,Versa 4
2026-05-11T10:36:13Z,84.0,Versa 4
2026-05-11T10:36:15Z,86.0,Versa 4
2026-05-11T10:36:17Z,87.0,Versa 4
2026-05-11T10:36:19Z,88.0,Versa 4
2026-05-11T10:36:22Z,88.0,Versa 4
2026-05-11T10:36:23Z,90.0,Versa 4
2026-05-11T10:36:25Z,91.0,Versa 4
2026-05-11T10:36:28Z,90.0,Versa 4
2026-05-11T10:36:30Z,88.0,Versa 4
2026-05-11T10:36:32Z,87.0,Versa 4
2026-05-11T10:36:34Z,86.0,Versa 4
2026-05-11T10:36:37Z,86.0,Versa 4
2026-05-11T10:36:40Z,85.0,Versa 4
2026-05-11T10:36:43Z,85.0,Versa 4
2026-05-11T10:36:44Z,83.0,Versa 4
2026-05-11T10:36:46Z,82.0,Versa 4
2026-05-11T10:36:49Z,82.0,Versa 4
2026-05-11T10:36:50Z,84.0,Versa 4
2026-05-11T10:36:53Z,84.0,Versa 4
2026-05-11T10:36:55Z,84.0,Versa 4
2026-05-11T10:36:57Z,83.0,Versa 4
2026-05-11T10:37:00Z,83.0,Versa 4
2026-05-11T10:37:03Z,84.0,Versa 4
2026-05-11T10:37:05Z,85.0,Versa 4
2026-05-11T10:37:07Z,84.0,Versa 4
2026-05-11T10:37:09Z,82.0,Versa 4
2026-05-11T10:37:12Z,82.0,Versa 4
2026-05-11T10:37:15Z,82.0,Versa 4
2026-05-11T10:37:16Z,83.0,Versa 4
2026-05-11T10:37:19Z,83.0,Versa 4
2026-05-11T10:37:20Z,84.0,Versa 4
2026-05-11T10:37:22Z,85.0,Versa 4
2026-05-11T10:37:24Z,87.0,Versa 4
2026-05-11T10:37:26Z,88.0,Versa 4
2026-05-11T10:37:28Z,86.0,Versa 4
2026-05-11T10:37:31Z,86.0,Versa 4
2026-05-11T10:37:34Z,88.0,Versa 4
2026-05-11T10:37:36Z,90.0,Versa 4
2026-05-11T10:37:39Z,90.0,Versa 4
2026-05-11T10:37:41Z,88.0,Versa 4
2026-05-11T10:37:44Z,88.0,Versa 4
2026-05-11T10:37:45Z,90.0,Versa 4
2026-05-11T10:37:47Z,92.0,Versa 4
2026-05-11T10:37:50Z,92.0,Versa 4
2026-05-11T10:37:51Z,90.0,Versa 4
2026-05-11T10:37:53Z,89.0,Versa 4
2026-05-11T10:37:55Z,90.0,Versa 4
2026-05-11T10:37:57Z,92.0,Versa 4
2026-05-11T10:37:59Z,93.0,Versa 4
2026-05-11T10:38:02Z,93.0,Versa 4
2026-05-11T10:38:03Z,91.0,Versa 4
2026-05-11T10:38:04Z,89.0,Versa 4
2026-05-11T10:38:07Z,89.0,Versa 4
2026-05-11T10:38:08Z,91.0,Versa 4
2026-05-11T10:38:10Z,93.0,Versa 4
2026-05-11T10:38:12Z,92.0,Versa 4
2026-05-11T10:38:14Z,89.0,Versa 4
2026-05-11T10:38:16Z,87.0,Versa 4
2026-05-11T10:38:18Z,86.0,Versa 4
2026-05-11T10:38:20Z,88.0,Versa 4
2026-05-11T10:38:23Z,88.0,Versa 4
2026-05-11T10:38:26Z,86.0,Versa 4
2026-05-11T10:38:28Z,84.0,Versa 4
2026-05-11T10:38:31Z,86.0,Versa 4
2026-05-11T10:38:34Z,86.0,Versa 4
2026-05-11T10:38:35Z,84.0,Versa 4
2026-05-11T10:38:38Z,84.0,Versa 4
2026-05-11T10:38:39Z,83.0,Versa 4
2026-05-11T10:38:41Z,84.0,Versa 4
2026-05-11T10:38:43Z,87.0,Versa 4
2026-05-11T10:38:45Z,88.0,Versa 4
2026-05-11T10:38:47Z,86.0,Versa 4
2026-05-11T10:38:49Z,84.0,Versa 4
2026-05-11T10:38:51Z,84.0,Versa 4
2026-05-11T10:38:54Z,84.0,Versa 4
2026-05-11T10:38:56Z,86.0,Versa 4
2026-05-11T10:38:59Z,86.0,Versa 4
2026-05-11T10:39:02Z,88.0,Versa 4
2026-05-11T10:39:04Z,89.0,Versa 4
2026-05-11T10:39:07Z,89.0,Versa 4
2026-05-11T10:39:10Z,98.0,Versa 4
2026-05-11T10:39:12Z,101.0,Versa 4
2026-05-11T10:39:14Z,98.0,Versa 4
2026-05-11T10:39:16Z,95.0,Versa 4
2026-05-11T10:39:17Z,90.0,Versa 4
2026-05-11T10:39:19Z,88.0,Versa 4
2026-05-11T10:39:22Z,88.0,Versa 4
2026-05-11T10:39:25Z,88.0,Versa 4
2026-05-11T10:39:27Z,88.0,Versa 4
2026-05-11T10:39:29Z,89.0,Versa 4
2026-05-11T10:39:31Z,90.0,Versa 4
2026-05-11T10:39:33Z,94.0,Versa 4
2026-05-11T10:39:36Z,94.0,Versa 4
2026-05-11T10:39:39Z,94.0,Versa 4
2026-05-11T10:39:42Z,91.0,Versa 4
2026-05-11T10:39:44Z,89.0,Versa 4
2026-05-11T10:39:46Z,88.0,Versa 4
2026-05-11T10:39:48Z,86.0,Versa 4
2026-05-11T10:39:51Z,86.0,Versa 4
2026-05-11T10:39:52Z,86.0,Versa 4
2026-05-11T10:39:54Z,88.0,Versa 4
2026-05-11T10:39:57Z,88.0,Versa 4
2026-05-11T10:39:58Z,86.0,Versa 4
2026-05-11T10:40:00Z,84.0,Versa 4
2026-05-11T10:40:03Z,84.0,Versa 4
2026-05-11T10:40:06Z,84.0,Versa 4
2026-05-11T10:40:09Z,84.0,Versa 4
2026-05-11T10:40:11Z,87.0,Versa 4
2026-05-11T10:40:13Z,89.0,Versa 4
2026-05-11T10:40:15Z,86.0,Versa 4
2026-05-11T10:40:17Z,82.0,Versa 4
2026-05-11T10:40:19Z,79.0,Versa 4
2026-05-11T10:40:21Z,78.0,Versa 4
2026-05-11T10:40:24Z,78.0,Versa 4
2026-05-11T10:40:25Z,80.0,Versa 4
2026-05-11T10:40:27Z,82.0,Versa 4
2026-05-11T10:40:28Z,83.0,Versa 4
2026-05-11T10:40:30Z,85.0,Versa 4
2026-05-11T10:40:32Z,86.0,Versa 4
2026-05-11T10:40:34Z,87.0,Versa 4
2026-05-11T10:40:36Z,88.0,Versa 4
2026-05-11T10:40:39Z,88.0,Versa 4
2026-05-11T10:40:42Z,86.0,Versa 4
2026-05-11T10:40:45Z,86.0,Versa 4
2026-05-11T10:40:48Z,86.0,Versa 4
2026-05-11T10:40:50Z,87.0,Versa 4
2026-05-11T10:40:52Z,87.0,Versa 4
2026-05-11T10:40:53Z,85.0,Versa 4
2026-05-11T10:40:56Z,85.0,Versa 4
2026-05-11T10:40:57Z,86.0,Versa 4
2026-05-11T10:40:59Z,88.0,Versa 4
2026-05-11T10:41:01Z,93.0,Versa 4
2026-05-11T10:41:03Z,95.0,Versa 4
2026-05-11T10:41:05Z,94.0,Versa 4
2026-05-11T10:41:07Z,93.0,Versa 4
2026-05-11T10:41:09Z,92.0,Versa 4
2026-05-11T10:41:11Z,91.0,Versa 4
2026-05-11T10:41:13Z,90.0,Versa 4
2026-05-11T10:41:15Z,89.0,Versa 4
2026-05-11T10:41:16Z,88.0,Versa 4
2026-05-11T10:41:18Z,87.0,Versa 4
2026-05-11T10:41:20Z,89.0,Versa 4
2026-05-11T10:41:22Z,91.0,Versa 4
2026-05-11T10:41:24Z,93.0,Versa 4
2026-05-11T10:41:27Z,93.0,Versa 4
2026-05-11T10:41:28Z,90.0,Versa 4
2026-05-11T10:41:30Z,89.0,Versa 4
2026-05-11T10:41:32Z,90.0,Versa 4
2026-05-11T10:41:34Z,89.0,Versa 4
2026-05-11T10:41:36Z,86.0,Versa 4
2026-05-11T10:41:38Z,84.0,Versa 4
2026-05-11T10:41:40Z,83.0,Versa 4
2026-05-11T10:41:41Z,84.0,Versa 4
2026-05-11T10:41:43Z,85.0,Versa 4
2026-05-11T10:41:45Z,86.0,Versa 4
2026-05-11T10:41:48Z,86.0,Versa 4
2026-05-11T10:41:51Z,87.0,Versa 4
2026-05-11T10:41:54Z,87.0,Versa 4
2026-05-11T10:41:55Z,85.0,Versa 4
2026-05-11T10:41:57Z,84.0,Versa 4
2026-05-11T10:41:59Z,83.0,Versa 4
2026-05-11T10:42:01Z,84.0,Versa 4
2026-05-11T10:42:04Z,85.0,Versa 4
2026-05-11T10:42:06Z,84.0,Versa 4
2026-05-11T10:42:08Z,85.0,Versa 4
2026-05-11T10:42:11Z,85.0,Versa 4
2026-05-11T10:42:14Z,85.0,Versa 4
2026-05-11T10:42:17Z,85.0,Versa 4
2026-05-11T10:42:18Z,86.0,Versa 4
2026-05-11T10:42:21Z,86.0,Versa 4
2026-05-11T10:42:24Z,86.0,Versa 4
2026-05-11T10:42:26Z,85.0,Versa 4
2026-05-11T10:42:29Z,85.0,Versa 4
2026-05-11T10:42:32Z,85.0,Versa 4
2026-05-11T10:42:33Z,86.0,Versa 4
2026-05-11T10:42:35Z,87.0,Versa 4
2026-05-11T10:42:37Z,88.0,Versa 4
2026-05-11T10:42:40Z,88.0,Versa 4
2026-05-11T10:42:41Z,89.0,Versa 4
2026-05-11T10:42:43Z,88.0,Versa 4
2026-05-11T10:42:45Z,88.0,Versa 4
2026-05-11T10:42:48Z,88.0,Versa 4
2026-05-11T10:42:49Z,87.0,Versa 4
2026-05-11T10:42:52Z,88.0,Versa 4
2026-05-11T10:42:55Z,88.0,Versa 4
2026-05-11T10:42:56Z,89.0,Versa 4
2026-05-11T10:42:59Z,89.0,Versa 4
2026-05-11T10:43:00Z,91.0,Versa 4
2026-05-11T10:43:02Z,89.0,Versa 4
2026-05-11T10:43:04Z,88.0,Versa 4
2026-05-11T10:43:06Z,87.0,Versa 4
2026-05-11T10:43:08Z,86.0,Versa 4
2026-05-11T10:43:11Z,86.0,Versa 4
2026-05-11T10:43:14Z,85.0,Versa 4
2026-05-11T10:43:16Z,84.0,Versa 4
2026-05-11T10:43:17Z,83.0,Versa 4
2026-05-11T10:43:19Z,84.0,Versa 4
2026-05-11T10:43:21Z,86.0,Versa 4
2026-05-11T10:43:23Z,85.0,Versa 4
2026-05-11T10:43:26Z,85.0,Versa 4
2026-05-11T10:43:27Z,83.0,Versa 4
2026-05-11T10:43:30Z,83.0,Versa 4
2026-05-11T10:43:33Z,82.0,Versa 4
2026-05-11T10:43:36Z,82.0,Versa 4
2026-05-11T10:43:37Z,81.0,Versa 4
2026-05-11T10:43:39Z,79.0,Versa 4
2026-05-11T10:43:42Z,78.0,Versa 4
2026-05-11T10:43:44Z,80.0,Versa 4
2026-05-11T10:43:46Z,79.0,Versa 4
2026-05-11T10:43:48Z,78.0,Versa 4
2026-05-11T10:43:50Z,77.0,Versa 4
2026-05-11T10:43:53Z,77.0,Versa 4
2026-05-11T10:43:54Z,78.0,Versa 4
2026-05-11T10:43:56Z,77.0,Versa 4
2026-05-11T10:43:58Z,76.0,Versa 4
2026-05-11T10:44:01Z,76.0,Versa 4
2026-05-11T10:44:04Z,76.0,Versa 4
2026-05-11T10:44:05Z,79.0,Versa 4
2026-05-11T10:44:07Z,80.0,Versa 4
2026-05-11T10:44:09Z,79.0,Versa 4
2026-05-11T10:44:11Z,78.0,Versa 4
2026-05-11T10:44:14Z,78.0,Versa 4
2026-05-11T10:44:15Z,77.0,Versa 4
2026-05-11T10:44:18Z,77.0,Versa 4
2026-05-11T10:44:19Z,78.0,Versa 4
2026-05-11T10:44:22Z,78.0,Versa 4
2026-05-11T10:44:23Z,79.0,Versa 4
2026-05-11T10:44:25Z,80.0,Versa 4
2026-05-11T10:44:28Z,81.0,Versa 4
2026-05-11T10:44:31Z,81.0,Versa 4
2026-05-11T10:44:34Z,82.0,Versa 4
2026-05-11T10:44:36Z,84.0,Versa 4
2026-05-11T10:44:38Z,83.0,Versa 4
2026-05-11T10:44:40Z,82.0,Versa 4
2026-05-11T10:44:42Z,81.0,Versa 4
2026-05-11T10:44:44Z,79.0,Versa 4
2026-05-11T10:44:47Z,79.0,Versa 4
2026-05-11T10:44:50Z,79.0,Versa 4
2026-05-11T10:44:53Z,79.0,Versa 4
2026-05-11T10:44:55Z,80.0,Versa 4
2026-05-11T10:44:57Z,79.0,Versa 4
2026-05-11T10:44:59Z,80.0,Versa 4
2026-05-11T10:45:01Z,82.0,Versa 4
2026-05-11T10:45:03Z,88.0,Versa 4
2026-05-11T10:45:05Z,87.0,Versa 4
2026-05-11T10:45:08Z,87.0,Versa 4
2026-05-11T10:45:11Z,85.0,Versa 4
2026-05-11T10:45:13Z,83.0,Versa 4
2026-05-11T10:45:15Z,82.0,Versa 4
2026-05-11T10:45:16Z,81.0,Versa 4
2026-05-11T10:45:18Z,80.0,Versa 4
2026-05-11T10:45:20Z,78.0,Versa 4
2026-05-11T10:45:23Z,78.0,Versa 4
2026-05-11T10:45:24Z,76.0,Versa 4
2026-05-11T10:45:26Z,77.0,Versa 4
2026-05-11T10:45:28Z,78.0,Versa 4
2026-05-11T10:45:31Z,78.0,Versa 4
2026-05-11T10:45:32Z,79.0,Versa 4
2026-05-11T10:45:34Z,78.0,Versa 4
2026-05-11T10:45:36Z,77.0,Versa 4
2026-05-11T10:45:38Z,75.0,Versa 4
2026-05-11T10:45:40Z,75.0,Versa 4
2026-05-11T10:45:43Z,75.0,Versa 4
2026-05-11T10:45:46Z,75.0,Versa 4
2026-05-11T10:45:47Z,74.0,Versa 4
2026-05-11T10:45:50Z,74.0,Versa 4
2026-05-11T10:45:53Z,74.0,Versa 4
2026-05-11T10:45:55Z,75.0,Versa 4
2026-05-11T10:45:57Z,74.0,Versa 4
2026-05-11T10:45:59Z,75.0,Versa 4
2026-05-11T10:46:01Z,74.0,Versa 4
2026-05-11T10:46:03Z,75.0,Versa 4
2026-05-11T10:46:06Z,75.0,Versa 4
2026-05-11T10:46:08Z,77.0,Versa 4
2026-05-11T10:46:10Z,76.0,Versa 4
2026-05-11T10:46:12Z,77.0,Versa 4
2026-05-11T10:46:15Z,77.0,Versa 4
2026-05-11T10:46:16Z,76.0,Versa 4
2026-05-11T10:46:18Z,77.0,Versa 4
2026-05-11T10:46:20Z,79.0,Versa 4
2026-05-11T10:46:22Z,78.0,Versa 4
2026-05-11T10:46:24Z,79.0,Versa 4
2026-05-11T10:46:26Z,84.0,Versa 4
2026-05-11T10:46:28Z,86.0,Versa 4
2026-05-11T10:46:29Z,83.0,Versa 4
2026-05-11T10:46:31Z,81.0,Versa 4
2026-05-11T10:46:34Z,81.0,Versa 4
2026-05-11T10:46:37Z,82.0,Versa 4
2026-05-11T10:46:39Z,81.0,Versa 4
2026-05-11T10:46:41Z,82.0,Versa 4
2026-05-11T10:46:44Z,82.0,Versa 4
2026-05-11T10:46:45Z,80.0,Versa 4
2026-05-11T10:46:47Z,81.0,Versa 4
2026-05-11T10:46:49Z,81.0,Versa 4
2026-05-11T10:46:51Z,81.0,Versa 4
2026-05-11T10:46:52Z,80.0,Versa 4
2026-05-11T10:46:55Z,80.0,Versa 4
2026-05-11T10:46:56Z,81.0,Versa 4
2026-05-11T10:46:58Z,84.0,Versa 4
2026-05-11T10:47:01Z,84.0,Versa 4
2026-05-11T10:47:04Z,81.0,Versa 4
2026-05-11T10:47:06Z,79.0,Versa 4
2026-05-11T10:47:08Z,77.0,Versa 4
2026-05-11T10:47:10Z,75.0,Versa 4
2026-05-11T10:47:13Z,75.0,Versa 4
2026-05-11T10:47:14Z,76.0,Versa 4
2026-05-11T10:47:17Z,76.0,Versa 4
2026-05-11T10:47:19Z,77.0,Versa 4
2026-05-11T10:47:22Z,77.0,Versa 4
2026-05-11T10:47:23Z,78.0,Versa 4
2026-05-11T10:47:26Z,78.0,Versa 4
2026-05-11T10:47:29Z,79.0,Versa 4
2026-05-11T10:47:32Z,79.0,Versa 4
2026-05-11T10:47:33Z,80.0,Versa 4
2026-05-11T10:47:35Z,81.0,Versa 4
2026-05-11T10:47:37Z,81.0,Versa 4
2026-05-11T10:47:39Z,82.0,Versa 4
2026-05-11T10:47:40Z,83.0,Versa 4
2026-05-11T10:47:43Z,83.0,Versa 4
2026-05-11T10:47:44Z,85.0,Versa 4
2026-05-11T10:47:46Z,84.0,Versa 4
2026-05-11T10:47:48Z,82.0,Versa 4
2026-05-11T10:47:50Z,80.0,Versa 4
2026-05-11T10:47:53Z,80.0,Versa 4
2026-05-11T10:47:56Z,81.0,Versa 4
2026-05-11T10:47:58Z,82.0,Versa 4
2026-05-11T10:48:00Z,81.0,Versa 4
2026-05-11T10:48:03Z,81.0,Versa 4
2026-05-11T10:48:04Z,83.0,Versa 4
2026-05-11T10:48:05Z,81.0,Versa 4
2026-05-11T10:48:07Z,79.0,Versa 4
2026-05-11T10:48:10Z,79.0,Versa 4
2026-05-11T10:48:11Z,77.0,Versa 4
2026-05-11T10:48:13Z,76.0,Versa 4
2026-05-11T10:48:15Z,77.0,Versa 4
2026-05-11T10:48:18Z,77.0,Versa 4
2026-05-11T10:48:21Z,78.0,Versa 4
2026-05-11T10:48:23Z,77.0,Versa 4
2026-05-11T10:48:25Z,78.0,Versa 4
2026-05-11T10:48:28Z,77.0,Versa 4
2026-05-11T10:48:30Z,79.0,Versa 4
2026-05-11T10:48:33Z,79.0,Versa 4
2026-05-11T10:48:34Z,78.0,Versa 4
2026-05-11T10:48:36Z,79.0,Versa 4
2026-05-11T10:48:38Z,78.0,Versa 4
2026-05-11T10:48:40Z,77.0,Versa 4
2026-05-11T10:48:42Z,76.0,Versa 4
2026-05-11T10:48:45Z,76.0,Versa 4
2026-05-11T10:48:46Z,75.0,Versa 4
2026-05-11T10:48:49Z,75.0,Versa 4
2026-05-11T10:48:50Z,76.0,Versa 4
2026-05-11T10:48:52Z,75.0,Versa 4
2026-05-11T10:48:55Z,76.0,Versa 4
2026-05-11T10:48:58Z,76.0,Versa 4
2026-05-11T10:49:01Z,76.0,Versa 4
2026-05-11T10:49:03Z,75.0,Versa 4
2026-05-11T10:49:06Z,75.0,Versa 4
2026-05-11T10:49:09Z,75.0,Versa 4
2026-05-11T10:49:12Z,75.0,Versa 4
2026-05-11T10:49:15Z,75.0,Versa 4
2026-05-11T10:49:18Z,76.0,Versa 4
2026-05-11T10:49:21Z,76.0,Versa 4
2026-05-11T10:49:24Z,77.0,Versa 4
2026-05-11T10:49:27Z,77.0,Versa 4
2026-05-11T10:49:30Z,78.0,Versa 4
2026-05-11T10:49:33Z,78.0,Versa 4
2026-05-11T10:49:34Z,79.0,Versa 4
2026-05-11T10:49:37Z,79.0,Versa 4
2026-05-11T10:49:40Z,79.0,Versa 4
2026-05-11T10:49:41Z,78.0,Versa 4
2026-05-11T10:49:43Z,77.0,Versa 4
2026-05-11T10:49:45Z,78.0,Versa 4
2026-05-11T10:49:48Z,78.0,Versa 4
2026-05-11T10:49:49Z,76.0,Versa 4
2026-05-11T10:49:51Z,74.0,Versa 4
2026-05-11T10:49:53Z,75.0,Versa 4
2026-05-11T10:49:55Z,76.0,Versa 4
2026-05-11T10:49:57Z,77.0,Versa 4
2026-05-11T10:50:00Z,77.0,Versa 4
2026-05-11T10:50:03Z,77.0,Versa 4
2026-05-11T10:50:04Z,76.0,Versa 4
2026-05-11T10:50:07Z,76.0,Versa 4
2026-05-11T10:50:10Z,76.0,Versa 4
2026-05-11T10:50:13Z,76.0,Versa 4
2026-05-11T10:50:14Z,77.0,Versa 4
2026-05-11T10:50:17Z,77.0,Versa 4
2026-05-11T10:50:20Z,77.0,Versa 4
2026-05-11T10:50:23Z,77.0,Versa 4
2026-05-11T10:50:26Z,78.0,Versa 4
2026-05-11T10:50:29Z,78.0,Versa 4
2026-05-11T10:50:31Z,77.0,Versa 4
2026-05-11T10:50:34Z,77.0,Versa 4
2026-05-11T10:50:35Z,78.0,Versa 4
2026-05-11T10:50:37Z,79.0,Versa 4
2026-05-11T10:50:40Z,79.0,Versa 4
2026-05-11T10:50:41Z,78.0,Versa 4
2026-05-11T10:50:43Z,76.0,Versa 4
2026-05-11T10:50:45Z,75.0,Versa 4
2026-05-11T10:50:48Z,75.0,Versa 4
2026-05-11T10:50:49Z,76.0,Versa 4
2026-05-11T10:50:51Z,80.0,Versa 4
2026-05-11T10:50:52Z,81.0,Versa 4
2026-05-11T10:50:54Z,82.0,Versa 4
2026-05-11T10:50:56Z,81.0,Versa 4
2026-05-11T10:50:58Z,80.0,Versa 4
2026-05-11T10:51:00Z,81.0,Versa 4
2026-05-11T10:51:03Z,81.0,Versa 4
2026-05-11T10:51:04Z,80.0,Versa 4
2026-05-11T10:51:06Z,79.0,Versa 4
2026-05-11T10:51:08Z,78.0,Versa 4
2026-05-11T10:51:11Z,78.0,Versa 4
2026-05-11T10:51:14Z,78.0,Versa 4
2026-05-11T10:51:16Z,77.0,Versa 4
2026-05-11T10:51:19Z,77.0,Versa 4
2026-05-11T10:51:22Z,77.0,Versa 4
2026-05-11T10:51:23Z,76.0,Versa 4
2026-05-11T10:51:25Z,74.0,Versa 4
2026-05-11T10:51:27Z,73.0,Versa 4
2026-05-11T10:51:30Z,73.0,Versa 4
2026-05-11T10:51:31Z,74.0,Versa 4
2026-05-11T10:51:34Z,74.0,Versa 4
2026-05-11T10:51:35Z,75.0,Versa 4
2026-05-11T10:51:37Z,76.0,Versa 4
2026-05-11T10:51:39Z,76.0,Versa 4
2026-05-11T10:51:42Z,77.0,Versa 4
2026-05-11T10:51:45Z,77.0,Versa 4
2026-05-11T10:51:48Z,78.0,Versa 4
2026-05-11T10:51:51Z,78.0,Versa 4
2026-05-11T10:51:52Z,79.0,Versa 4
2026-05-11T10:51:55Z,79.0,Versa 4
2026-05-11T10:51:58Z,79.0,Versa 4
2026-05-11T10:52:01Z,79.0,Versa 4
2026-05-11T10:52:04Z,79.0,Versa 4
2026-05-11T10:52:05Z,78.0,Versa 4
2026-05-11T10:52:07Z,77.0,Versa 4
2026-05-11T10:52:09Z,78.0,Versa 4
2026-05-11T10:52:12Z,78.0,Versa 4
2026-05-11T10:52:13Z,79.0,Versa 4
2026-05-11T10:52:16Z,79.0,Versa 4
2026-05-11T10:52:17Z,78.0,Versa 4
2026-05-11T10:52:20Z,78.0,Versa 4
2026-05-11T10:52:23Z,77.0,Versa 4
2026-05-11T10:52:26Z,77.0,Versa 4
2026-05-11T10:52:27Z,76.0,Versa 4
2026-05-11T10:52:30Z,75.0,Versa 4
2026-05-11T10:52:32Z,74.0,Versa 4
2026-05-11T10:52:35Z,74.0,Versa 4
2026-05-11T10:52:38Z,74.0,Versa 4
2026-05-11T10:52:40Z,73.0,Versa 4
2026-05-11T10:52:43Z,73.0,Versa 4
2026-05-11T10:52:44Z,74.0,Versa 4
2026-05-11T10:52:46Z,75.0,Versa 4
2026-05-11T10:52:49Z,75.0,Versa 4
2026-05-11T10:52:50Z,77.0,Versa 4
2026-05-11T10:52:53Z,76.0,Versa 4
2026-05-11T10:52:55Z,77.0,Versa 4
2026-05-11T10:52:58Z,77.0,Versa 4
2026-05-11T10:52:59Z,78.0,Versa 4
2026-05-11T10:53:01Z,77.0,Versa 4
2026-05-11T10:53:03Z,76.0,Versa 4
2026-05-11T10:53:06Z,76.0,Versa 4
2026-05-11T10:53:09Z,75.0,Versa 4
2026-05-11T10:53:12Z,75.0,Versa 4
2026-05-11T10:53:15Z,75.0,Versa 4
2026-05-11T10:53:16Z,74.0,Versa 4
2026-05-11T10:53:19Z,74.0,Versa 4
2026-05-11T10:53:22Z,76.0,Versa 4
2026-05-11T10:53:24Z,77.0,Versa 4
2026-05-11T10:53:27Z,77.0,Versa 4
2026-05-11T10:53:30Z,76.0,Versa 4
2026-05-11T10:53:32Z,75.0,Versa 4
2026-05-11T10:53:35Z,75.0,Versa 4
2026-05-11T10:53:38Z,74.0,Versa 4
2026-05-11T10:53:40Z,75.0,Versa 4
2026-05-11T10:53:43Z,76.0,Versa 4
2026-05-11T10:53:46Z,76.0,Versa 4
2026-05-11T10:53:47Z,75.0,Versa 4
2026-05-11T10:53:49Z,74.0,Versa 4
2026-05-11T10:53:52Z,74.0,Versa 4
2026-05-11T10:53:55Z,76.0,Versa 4
2026-05-11T10:53:57Z,75.0,Versa 4
2026-05-11T10:54:00Z,75.0,Versa 4
2026-05-11T10:54:03Z,75.0,Versa 4
2026-05-11T10:54:06Z,75.0,Versa 4
2026-05-11T10:54:08Z,76.0,Versa 4
2026-05-11T10:54:11Z,76.0,Versa 4
2026-05-11T10:54:12Z,77.0,Versa 4
2026-05-11T10:54:15Z,77.0,Versa 4
2026-05-11T10:54:16Z,78.0,Versa 4
2026-05-11T10:54:18Z,77.0,Versa 4
2026-05-11T10:54:20Z,76.0,Versa 4
2026-05-11T10:54:22Z,75.0,Versa 4
2026-05-11T10:54:24Z,74.0,Versa 4
2026-05-11T10:54:27Z,74.0,Versa 4
2026-05-11T10:54:30Z,74.0,Versa 4
2026-05-11T10:54:31Z,73.0,Versa 4
2026-05-11T10:54:33Z,72.0,Versa 4
2026-05-11T10:54:36Z,72.0,Versa 4
2026-05-11T10:54:39Z,72.0,Versa 4
2026-05-11T10:54:41Z,74.0,Versa 4
2026-05-11T10:54:44Z,74.0,Versa 4
2026-05-11T10:54:47Z,74.0,Versa 4
2026-05-11T10:54:50Z,74.0,Versa 4
2026-05-11T10:54:51Z,76.0,Versa 4
2026-05-11T10:54:52Z,78.0,Versa 4
2026-05-11T10:54:54Z,80.0,Versa 4
2026-05-11T10:54:56Z,81.0,Versa 4
2026-05-11T10:54:59Z,81.0,Versa 4
2026-05-11T10:55:00Z,80.0,Versa 4
2026-05-11T10:55:02Z,79.0,Versa 4
2026-05-11T10:55:04Z,78.0,Versa 4
2026-05-11T10:55:06Z,77.0,Versa 4
2026-05-11T10:55:08Z,76.0,Versa 4
2026-05-11T10:55:10Z,75.0,Versa 4
2026-05-11T10:55:12Z,74.0,Versa 4
2026-05-11T10:55:14Z,72.0,Versa 4
2026-05-11T10:55:17Z,72.0,Versa 4
2026-05-11T10:55:19Z,73.0,Versa 4
2026-05-11T10:55:21Z,75.0,Versa 4
2026-05-11T10:55:23Z,77.0,Versa 4
2026-05-11T10:55:25Z,76.0,Versa 4
2026-05-11T10:55:28Z,76.0,Versa 4
2026-05-11T10:55:29Z,78.0,Versa 4
2026-05-11T10:55:31Z,80.0,Versa 4
2026-05-11T10:55:33Z,81.0,Versa 4
2026-05-11T10:55:35Z,79.0,Versa 4
2026-05-11T10:55:37Z,77.0,Versa 4
2026-05-11T10:55:39Z,76.0,Versa 4
2026-05-11T10:55:40Z,77.0,Versa 4
2026-05-11T10:55:42Z,76.0,Versa 4
2026-05-11T10:55:44Z,75.0,Versa 4
2026-05-11T10:55:46Z,75.0,Versa 4
2026-05-11T10:55:48Z,74.0,Versa 4
2026-05-11T10:55:51Z,74.0,Versa 4
2026-05-11T10:55:54Z,74.0,Versa 4
2026-05-11T10:55:56Z,73.0,Versa 4
2026-05-11T10:55:58Z,72.0,Versa 4
2026-05-11T10:56:01Z,72.0,Versa 4
2026-05-11T10:56:04Z,74.0,Versa 4
2026-05-11T10:56:07Z,74.0,Versa 4
2026-05-11T10:56:09Z,78.0,Versa 4
2026-05-11T10:56:11Z,81.0,Versa 4
2026-05-11T10:56:13Z,83.0,Versa 4
2026-05-11T10:56:15Z,85.0,Versa 4
2026-05-11T10:56:17Z,87.0,Versa 4
2026-05-11T10:56:19Z,90.0,Versa 4
2026-05-11T10:56:21Z,91.0,Versa 4
2026-05-11T10:56:23Z,93.0,Versa 4
2026-05-11T10:56:26Z,93.0,Versa 4
2026-05-11T10:56:28Z,92.0,Versa 4
2026-05-11T10:56:30Z,90.0,Versa 4
2026-05-11T10:56:32Z,90.0,Versa 4
2026-05-11T10:56:34Z,84.0,Versa 4
2026-05-11T10:56:36Z,78.0,Versa 4
2026-05-11T10:56:38Z,76.0,Versa 4
2026-05-11T10:56:40Z,75.0,Versa 4
2026-05-11T10:56:43Z,75.0,Versa 4
2026-05-11T10:56:44Z,74.0,Versa 4
2026-05-11T10:56:46Z,74.0,Versa 4
2026-05-11T10:56:48Z,73.0,Versa 4
2026-05-11T10:56:51Z,73.0,Versa 4
2026-05-11T10:56:53Z,74.0,Versa 4
2026-05-11T10:56:55Z,76.0,Versa 4
2026-05-11T10:56:57Z,78.0,Versa 4
2026-05-11T10:57:00Z,78.0,Versa 4
2026-05-11T10:57:03Z,77.0,Versa 4
2026-05-11T10:57:05Z,76.0,Versa 4
2026-05-11T10:57:07Z,77.0,Versa 4
2026-05-11T10:57:10Z,77.0,Versa 4
2026-05-11T10:57:11Z,76.0,Versa 4
2026-05-11T10:57:14Z,76.0,Versa 4
2026-05-11T10:57:15Z,75.0,Versa 4
2026-05-11T10:57:16Z,76.0,Versa 4
2026-05-11T10:57:18Z,77.0,Versa 4
2026-05-11T10:57:21Z,77.0,Versa 4
2026-05-11T10:57:22Z,76.0,Versa 4
2026-05-11T10:57:24Z,74.0,Versa 4
2026-05-11T10:57:27Z,74.0,Versa 4
2026-05-11T10:57:28Z,76.0,Versa 4
2026-05-11T10:57:30Z,77.0,Versa 4
2026-05-11T10:57:32Z,76.0,Versa 4
2026-05-11T10:57:35Z,76.0,Versa 4
2026-05-11T10:57:36Z,75.0,Versa 4
2026-05-11T10:57:38Z,76.0,Versa 4
2026-05-11T10:57:40Z,77.0,Versa 4
2026-05-11T10:57:41Z,76.0,Versa 4
2026-05-11T10:57:43Z,77.0,Versa 4
2026-05-11T10:57:46Z,77.0,Versa 4
2026-05-11T10:57:47Z,87.0,Versa 4
2026-05-11T10:57:49Z,88.0,Versa 4
2026-05-11T10:57:51Z,84.0,Versa 4
2026-05-11T10:57:53Z,81.0,Versa 4
2026-05-11T10:57:55Z,79.0,Versa 4
2026-05-11T10:57:57Z,80.0,Versa 4
2026-05-11T10:57:59Z,81.0,Versa 4
2026-05-11T10:58:02Z,81.0,Versa 4
2026-05-11T10:58:04Z,80.0,Versa 4
2026-05-11T10:58:07Z,80.0,Versa 4
2026-05-11T10:58:08Z,79.0,Versa 4
2026-05-11T10:58:11Z,79.0,Versa 4
2026-05-11T10:58:14Z,79.0,Versa 4
2026-05-11T10:58:16Z,78.0,Versa 4
2026-05-11T10:58:19Z,78.0,Versa 4
2026-05-11T10:58:20Z,80.0,Versa 4
2026-05-11T10:58:22Z,81.0,Versa 4
2026-05-11T10:58:25Z,81.0,Versa 4
2026-05-11T10:58:28Z,80.0,Versa 4
2026-05-11T10:58:31Z,80.0,Versa 4
2026-05-11T10:58:33Z,82.0,Versa 4
2026-05-11T10:58:36Z,82.0,Versa 4
2026-05-11T10:58:37Z,83.0,Versa 4
2026-05-11T10:58:39Z,84.0,Versa 4
2026-05-11T10:58:41Z,83.0,Versa 4
2026-05-11T10:58:44Z,83.0,Versa 4
2026-05-11T10:58:47Z,82.0,Versa 4
2026-05-11T10:58:50Z,82.0,Versa 4
2026-05-11T10:58:51Z,80.0,Versa 4
2026-05-11T10:58:52Z,78.0,Versa 4
2026-05-11T10:58:55Z,78.0,Versa 4
2026-05-11T10:58:56Z,79.0,Versa 4
2026-05-11T10:58:58Z,80.0,Versa 4
2026-05-11T10:59:01Z,80.0,Versa 4
2026-05-11T10:59:02Z,78.0,Versa 4
2026-05-11T10:59:05Z,78.0,Versa 4
2026-05-11T10:59:08Z,78.0,Versa 4
2026-05-11T10:59:11Z,78.0,Versa 4
2026-05-11T10:59:12Z,79.0,Versa 4
2026-05-11T10:59:14Z,80.0,Versa 4
2026-05-11T10:59:17Z,80.0,Versa 4
2026-05-11T10:59:19Z,78.0,Versa 4
2026-05-11T10:59:22Z,78.0,Versa 4
2026-05-11T10:59:25Z,78.0,Versa 4
2026-05-11T10:59:28Z,78.0,Versa 4
2026-05-11T10:59:31Z,79.0,Versa 4
2026-05-11T10:59:33Z,77.0,Versa 4
2026-05-11T10:59:36Z,77.0,Versa 4
2026-05-11T10:59:37Z,78.0,Versa 4
2026-05-11T10:59:39Z,79.0,Versa 4
2026-05-11T10:59:40Z,78.0,Versa 4
2026-05-11T10:59:42Z,79.0,Versa 4
2026-05-11T10:59:44Z,78.0,Versa 4
2026-05-11T10:59:46Z,79.0,Versa 4
2026-05-11T10:59:49Z,79.0,Versa 4
2026-05-11T10:59:50Z,78.0,Versa 4
2026-05-11T10:59:52Z,79.0,Versa 4
2026-05-11T10:59:55Z,79.0,Versa 4
2026-05-11T10:59:56Z,78.0,Versa 4
2026-05-11T10:59:58Z,80.0,Versa 4
2026-05-11T11:00:00Z,79.0,Versa 4
2026-05-11T11:00:02Z,81.0,Versa 4
2026-05-11T11:00:04Z,83.0,Versa 4
2026-05-11T11:00:05Z,81.0,Versa 4
2026-05-11T11:00:08Z,81.0,Versa 4
2026-05-11T11:00:11Z,81.0,Versa 4
2026-05-11T11:00:13Z,80.0,Versa 4
2026-05-11T11:00:16Z,80.0,Versa 4
2026-05-11T11:00:17Z,79.0,Versa 4
2026-05-11T11:00:19Z,78.0,Versa 4
2026-05-11T11:00:22Z,78.0,Versa 4
2026-05-11T11:00:23Z,80.0,Versa 4
2026-05-11T11:00:25Z,81.0,Versa 4
2026-05-11T11:00:28Z,80.0,Versa 4
2026-05-11T11:00:30Z,78.0,Versa 4
2026-05-11T11:00:33Z,78.0,Versa 4
2026-05-11T11:00:36Z,78.0,Versa 4
2026-05-11T11:00:38Z,78.0,Versa 4
2026-05-11T11:00:40Z,77.0,Versa 4
2026-05-11T11:00:42Z,76.0,Versa 4
2026-05-11T11:00:45Z,76.0,Versa 4
2026-05-11T11:00:46Z,77.0,Versa 4
2026-05-11T11:00:48Z,78.0,Versa 4
2026-05-11T11:00:51Z,78.0,Versa 4
2026-05-11T11:00:54Z,78.0,Versa 4
2026-05-11T11:00:57Z,80.0,Versa 4
2026-05-11T11:01:00Z,80.0,Versa 4
2026-05-11T11:01:01Z,81.0,Versa 4
2026-05-11T11:01:03Z,80.0,Versa 4
2026-05-11T11:01:05Z,78.0,Versa 4
2026-05-11T11:01:08Z,78.0,Versa 4
2026-05-11T11:01:09Z,78.0,Versa 4
2026-05-11T11:01:11Z,80.0,Versa 4
2026-05-11T11:01:14Z,80.0,Versa 4
2026-05-11T11:01:17Z,80.0,Versa 4
2026-05-11T11:01:20Z,80.0,Versa 4
2026-05-11T11:01:22Z,79.0,Versa 4
2026-05-11T11:01:24Z,78.0,Versa 4
2026-05-11T11:01:27Z,78.0,Versa 4
2026-05-11T11:01:28Z,76.0,Versa 4
2026-05-11T11:01:30Z,76.0,Versa 4
2026-05-11T11:01:32Z,77.0,Versa 4
2026-05-11T11:01:34Z,78.0,Versa 4
2026-05-11T11:01:36Z,76.0,Versa 4
2026-05-11T11:01:38Z,75.0,Versa 4
2026-05-11T11:01:40Z,74.0,Versa 4
2026-05-11T11:01:41Z,73.0,Versa 4
2026-05-11T11:01:43Z,74.0,Versa 4
2026-05-11T11:01:45Z,78.0,Versa 4
2026-05-11T11:01:47Z,79.0,Versa 4
2026-05-11T11:01:49Z,80.0,Versa 4
2026-05-11T11:01:51Z,77.0,Versa 4
2026-05-11T11:01:53Z,75.0,Versa 4
2026-05-11T11:01:55Z,73.0,Versa 4
2026-05-11T11:01:57Z,71.0,Versa 4
2026-05-11T11:01:59Z,70.0,Versa 4
2026-05-11T11:02:01Z,71.0,Versa 4
2026-05-11T11:02:03Z,72.0,Versa 4
2026-05-11T11:02:06Z,74.0,Versa 4
2026-05-11T11:02:08Z,75.0,Versa 4
2026-05-11T11:02:11Z,75.0,Versa 4
2026-05-11T11:02:12Z,74.0,Versa 4
2026-05-11T11:02:15Z,74.0,Versa 4
2026-05-11T11:02:16Z,75.0,Versa 4
2026-05-11T11:02:18Z,76.0,Versa 4
2026-05-11T11:02:20Z,77.0,Versa 4
2026-05-11T11:02:22Z,79.0,Versa 4
2026-05-11T11:02:24Z,80.0,Versa 4
2026-05-11T11:02:26Z,79.0,Versa 4
2026-05-11T11:02:28Z,78.0,Versa 4
2026-05-11T11:02:29Z,77.0,Versa 4
2026-05-11T11:02:31Z,76.0,Versa 4
2026-05-11T11:02:34Z,76.0,Versa 4
2026-05-11T11:02:37Z,76.0,Versa 4
2026-05-11T11:02:39Z,75.0,Versa 4
2026-05-11T11:02:41Z,74.0,Versa 4
2026-05-11T11:02:43Z,73.0,Versa 4
2026-05-11T11:02:46Z,73.0,Versa 4
2026-05-11T11:02:47Z,74.0,Versa 4
2026-05-11T11:02:50Z,74.0,Versa 4
2026-05-11T11:02:51Z,72.0,Versa 4
2026-05-11T11:02:54Z,72.0,Versa 4
2026-05-11T11:02:56Z,73.0,Versa 4
2026-05-11T11:02:59Z,73.0,Versa 4
2026-05-11T11:03:00Z,72.0,Versa 4
2026-05-11T11:03:03Z,72.0,Versa 4
2026-05-11T11:03:06Z,74.0,Versa 4
2026-05-11T11:03:08Z,77.0,Versa 4
2026-05-11T11:03:10Z,79.0,Versa 4
2026-05-11T11:03:12Z,82.0,Versa 4
2026-05-11T11:03:14Z,84.0,Versa 4
2026-05-11T11:03:16Z,85.0,Versa 4
2026-05-11T11:03:17Z,84.0,Versa 4
2026-05-11T11:03:19Z,82.0,Versa 4
2026-05-11T11:03:21Z,80.0,Versa 4
2026-05-11T11:03:23Z,78.0,Versa 4
2026-05-11T11:03:25Z,76.0,Versa 4
2026-05-11T11:03:28Z,76.0,Versa 4
2026-05-11T11:03:29Z,77.0,Versa 4
2026-05-11T11:03:31Z,78.0,Versa 4
2026-05-11T11:03:34Z,78.0,Versa 4
2026-05-11T11:03:37Z,77.0,Versa 4
2026-05-11T11:03:40Z,77.0,Versa 4
2026-05-11T11:03:42Z,76.0,Versa 4
2026-05-11T11:03:45Z,76.0,Versa 4
2026-05-11T11:03:48Z,76.0,Versa 4
2026-05-11T11:03:50Z,77.0,Versa 4
2026-05-11T11:03:52Z,79.0,Versa 4
2026-05-11T11:03:55Z,79.0,Versa 4
2026-05-11T11:03:56Z,80.0,Versa 4
2026-05-11T11:03:58Z,82.0,Versa 4
2026-05-11T11:04:00Z,81.0,Versa 4
2026-05-11T11:04:02Z,80.0,Versa 4
2026-05-11T11:04:04Z,78.0,Versa 4
2026-05-11T11:04:05Z,76.0,Versa 4
2026-05-11T11:04:07Z,75.0,Versa 4
2026-05-11T11:04:09Z,74.0,Versa 4
2026-05-11T11:04:12Z,74.0,Versa 4
2026-05-11T11:04:13Z,75.0,Versa 4
2026-05-11T11:04:15Z,73.0,Versa 4
2026-05-11T11:04:17Z,72.0,Versa 4
2026-05-11T11:04:20Z,72.0,Versa 4
2026-05-11T11:04:23Z,72.0,Versa 4
2026-05-11T11:04:25Z,74.0,Versa 4
2026-05-11T11:04:27Z,75.0,Versa 4
2026-05-11T11:04:28Z,77.0,Versa 4
2026-05-11T11:04:30Z,78.0,Versa 4
2026-05-11T11:04:33Z,78.0,Versa 4
2026-05-11T11:04:36Z,78.0,Versa 4
2026-05-11T11:04:39Z,78.0,Versa 4
2026-05-11T11:04:42Z,78.0,Versa 4
2026-05-11T11:04:44Z,77.0,Versa 4
2026-05-11T11:04:47Z,77.0,Versa 4
2026-05-11T11:04:50Z,78.0,Versa 4
2026-05-11T11:04:53Z,76.0,Versa 4
2026-05-11T11:04:56Z,76.0,Versa 4
2026-05-11T11:04:59Z,76.0,Versa 4
2026-05-11T11:05:02Z,76.0,Versa 4
2026-05-11T11:05:05Z,78.0,Versa 4
2026-05-11T11:05:07Z,79.0,Versa 4
2026-05-11T11:05:09Z,80.0,Versa 4
2026-05-11T11:05:11Z,81.0,Versa 4
2026-05-11T11:05:13Z,82.0,Versa 4
2026-05-11T11:05:16Z,81.0,Versa 4
2026-05-11T11:05:18Z,80.0,Versa 4
2026-05-11T11:05:21Z,80.0,Versa 4
2026-05-11T11:05:22Z,81.0,Versa 4
2026-05-11T11:05:24Z,84.0,Versa 4
2026-05-11T11:05:26Z,82.0,Versa 4
2026-05-11T11:05:28Z,80.0,Versa 4
2026-05-11T11:05:30Z,79.0,Versa 4
2026-05-11T11:05:32Z,77.0,Versa 4
2026-05-11T11:05:34Z,77.0,Versa 4
2026-05-11T11:05:36Z,76.0,Versa 4
2026-05-11T11:05:39Z,76.0,Versa 4
2026-05-11T11:05:40Z,76.0,Versa 4
2026-05-11T11:05:41Z,76.0,Versa 4
2026-05-11T11:05:44Z,76.0,Versa 4
2026-05-11T11:05:45Z,77.0,Versa 4
2026-05-11T11:05:47Z,80.0,Versa 4
2026-05-11T11:05:49Z,83.0,Versa 4
2026-05-11T11:05:51Z,85.0,Versa 4
2026-05-11T11:05:54Z,85.0,Versa 4
2026-05-11T11:05:55Z,85.0,Versa 4
2026-05-11T11:05:57Z,84.0,Versa 4
2026-05-11T11:05:59Z,84.0,Versa 4
2026-05-11T11:06:02Z,84.0,Versa 4
2026-05-11T11:06:03Z,83.0,Versa 4
2026-05-11T11:06:04Z,82.0,Versa 4
2026-05-11T11:06:06Z,80.0,Versa 4
2026-05-11T11:06:08Z,78.0,Versa 4
2026-05-11T11:06:10Z,76.0,Versa 4
2026-05-11T11:06:12Z,74.0,Versa 4
2026-05-11T11:06:15Z,74.0,Versa 4
2026-05-11T11:06:16Z,73.0,Versa 4
2026-05-11T11:06:18Z,73.0,Versa 4
2026-05-11T11:06:21Z,73.0,Versa 4
2026-05-11T11:06:22Z,72.0,Versa 4
2026-05-11T11:06:25Z,72.0,Versa 4
2026-05-11T11:06:26Z,72.0,Versa 4
2026-05-11T11:06:29Z,72.0,Versa 4
2026-05-11T11:06:32Z,72.0,Versa 4
2026-05-11T11:06:33Z,71.0,Versa 4
2026-05-11T11:06:35Z,72.0,Versa 4
2026-05-11T11:06:38Z,72.0,Versa 4
2026-05-11T11:06:39Z,73.0,Versa 4
2026-05-11T11:06:41Z,74.0,Versa 4
2026-05-11T11:06:44Z,74.0,Versa 4
2026-05-11T11:06:47Z,73.0,Versa 4
2026-05-11T11:06:49Z,74.0,Versa 4
2026-05-11T11:06:52Z,74.0,Versa 4
2026-05-11T11:06:55Z,74.0,Versa 4
2026-05-11T11:06:58Z,74.0,Versa 4
2026-05-11T11:07:01Z,74.0,Versa 4
2026-05-11T11:07:04Z,74.0,Versa 4
2026-05-11T11:07:06Z,75.0,Versa 4
2026-05-11T11:07:08Z,76.0,Versa 4
2026-05-11T11:07:10Z,77.0,Versa 4
2026-05-11T11:07:12Z,78.0,Versa 4
2026-05-11T11:07:14Z,77.0,Versa 4
2026-05-11T11:07:16Z,76.0,Versa 4
2026-05-11T11:07:19Z,76.0,Versa 4
2026-05-11T11:07:21Z,77.0,Versa 4
2026-05-11T11:07:23Z,78.0,Versa 4
2026-05-11T11:07:26Z,78.0,Versa 4
2026-05-11T11:07:29Z,80.0,Versa 4
2026-05-11T11:07:31Z,81.0,Versa 4
2026-05-11T11:07:33Z,83.0,Versa 4
2026-05-11T11:07:35Z,84.0,Versa 4
2026-05-11T11:07:38Z,84.0,Versa 4
2026-05-11T11:07:40Z,88.0,Versa 4
2026-05-11T11:07:43Z,88.0,Versa 4
2026-05-11T11:07:46Z,87.0,Versa 4
2026-05-11T11:07:48Z,89.0,Versa 4
2026-05-11T11:07:50Z,86.0,Versa 4
2026-05-11T11:07:52Z,80.0,Versa 4
2026-05-11T11:07:54Z,78.0,Versa 4
2026-05-11T11:07:56Z,76.0,Versa 4
2026-05-11T11:07:58Z,75.0,Versa 4
2026-05-11T11:08:00Z,76.0,Versa 4
2026-05-11T11:08:03Z,76.0,Versa 4
2026-05-11T11:08:05Z,78.0,Versa 4
2026-05-11T11:08:07Z,77.0,Versa 4
2026-05-11T11:08:10Z,77.0,Versa 4
2026-05-11T11:08:13Z,77.0,Versa 4
2026-05-11T11:08:15Z,78.0,Versa 4
2026-05-11T11:08:18Z,78.0,Versa 4
2026-05-11T11:08:19Z,82.0,Versa 4
2026-05-11T11:08:21Z,83.0,Versa 4
2026-05-11T11:08:24Z,83.0,Versa 4
2026-05-11T11:08:25Z,82.0,Versa 4
2026-05-11T11:08:27Z,81.0,Versa 4
2026-05-11T11:08:28Z,82.0,Versa 4
2026-05-11T11:08:30Z,85.0,Versa 4
2026-05-11T11:08:32Z,86.0,Versa 4
2026-05-11T11:08:34Z,87.0,Versa 4
2026-05-11T11:08:36Z,85.0,Versa 4
2026-05-11T11:08:39Z,85.0,Versa 4
2026-05-11T11:08:40Z,81.0,Versa 4
2026-05-11T11:08:42Z,80.0,Versa 4
2026-05-11T11:08:45Z,80.0,Versa 4
2026-05-11T11:08:46Z,77.0,Versa 4
2026-05-11T11:08:48Z,76.0,Versa 4
2026-05-11T11:08:51Z,76.0,Versa 4
2026-05-11T11:08:52Z,75.0,Versa 4
2026-05-11T11:08:53Z,78.0,Versa 4
2026-05-11T11:08:56Z,78.0,Versa 4
2026-05-11T11:08:57Z,77.0,Versa 4
2026-05-11T11:08:59Z,78.0,Versa 4
2026-05-11T11:09:01Z,82.0,Versa 4
2026-05-11T11:09:04Z,82.0,Versa 4
2026-05-11T11:09:05Z,81.0,Versa 4
2026-05-11T11:09:07Z,79.0,Versa 4
2026-05-11T11:09:09Z,80.0,Versa 4
2026-05-11T11:09:11Z,81.0,Versa 4
2026-05-11T11:09:14Z,81.0,Versa 4
2026-05-11T11:09:15Z,78.0,Versa 4
2026-05-11T11:09:16Z,76.0,Versa 4
2026-05-11T11:09:18Z,74.0,Versa 4
2026-05-11T11:09:20Z,76.0,Versa 4
2026-05-11T11:09:22Z,78.0,Versa 4
2026-05-11T11:09:24Z,79.0,Versa 4
2026-05-11T11:09:27Z,79.0,Versa 4
2026-05-11T11:09:28Z,80.0,Versa 4
2026-05-11T11:09:30Z,79.0,Versa 4
2026-05-11T11:09:33Z,79.0,Versa 4
2026-05-11T11:09:34Z,80.0,Versa 4
2026-05-11T11:09:36Z,81.0,Versa 4
2026-05-11T11:09:39Z,81.0,Versa 4
2026-05-11T11:09:40Z,80.0,Versa 4
2026-05-11T11:09:43Z,81.0,Versa 4
2026-05-11T11:09:45Z,82.0,Versa 4
2026-05-11T11:09:47Z,81.0,Versa 4
2026-05-11T11:09:49Z,80.0,Versa 4
2026-05-11T11:09:52Z,80.0,Versa 4
2026-05-11T11:09:53Z,82.0,Versa 4
2026-05-11T11:09:55Z,83.0,Versa 4
2026-05-11T11:09:57Z,84.0,Versa 4
2026-05-11T11:09:59Z,85.0,Versa 4
2026-05-11T11:10:02Z,85.0,Versa 4
2026-05-11T11:10:03Z,87.0,Versa 4
2026-05-11T11:10:04Z,88.0,Versa 4
2026-05-11T11:10:07Z,88.0,Versa 4
2026-05-11T11:10:08Z,86.0,Versa 4
2026-05-11T11:10:10Z,81.0,Versa 4
2026-05-11T11:10:12Z,77.0,Versa 4
2026-05-11T11:10:14Z,76.0,Versa 4
2026-05-11T11:10:16Z,73.0,Versa 4
2026-05-11T11:10:18Z,75.0,Versa 4
2026-05-11T11:10:20Z,76.0,Versa 4
2026-05-11T11:10:22Z,77.0,Versa 4
2026-05-11T11:10:24Z,79.0,Versa 4
2026-05-11T11:10:26Z,80.0,Versa 4
2026-05-11T11:10:28Z,79.0,Versa 4
2026-05-11T11:10:29Z,80.0,Versa 4
2026-05-11T11:10:31Z,82.0,Versa 4
2026-05-11T11:10:33Z,84.0,Versa 4
2026-05-11T11:10:35Z,87.0,Versa 4
2026-05-11T11:10:37Z,88.0,Versa 4
2026-05-11T11:10:39Z,85.0,Versa 4
2026-05-11T11:10:41Z,81.0,Versa 4
2026-05-11T11:10:43Z,80.0,Versa 4
2026-05-11T11:10:46Z,80.0,Versa 4
2026-05-11T11:10:49Z,80.0,Versa 4
2026-05-11T11:10:51Z,79.0,Versa 4
2026-05-11T11:10:52Z,75.0,Versa 4
2026-05-11T11:10:54Z,73.0,Versa 4
2026-05-11T11:10:56Z,75.0,Versa 4
2026-05-11T11:10:58Z,78.0,Versa 4
2026-05-11T11:11:00Z,81.0,Versa 4
2026-05-11T11:11:02Z,83.0,Versa 4
2026-05-11T11:11:04Z,82.0,Versa 4
2026-05-11T11:11:06Z,81.0,Versa 4
2026-05-11T11:11:08Z,80.0,Versa 4
2026-05-11T11:11:10Z,80.0,Versa 4
2026-05-11T11:11:12Z,82.0,Versa 4
2026-05-11T11:11:15Z,82.0,Versa 4
2026-05-11T11:11:16Z,81.0,Versa 4
2026-05-11T11:11:17Z,79.0,Versa 4
2026-05-11T11:11:19Z,78.0,Versa 4
2026-05-11T11:11:22Z,78.0,Versa 4
2026-05-11T11:11:23Z,77.0,Versa 4
2026-05-11T11:11:26Z,77.0,Versa 4
2026-05-11T11:11:29Z,78.0,Versa 4
2026-05-11T11:11:31Z,80.0,Versa 4
2026-05-11T11:11:34Z,80.0,Versa 4
2026-05-11T11:11:37Z,80.0,Versa 4
2026-05-11T11:11:39Z,79.0,Versa 4
2026-05-11T11:11:42Z,80.0,Versa 4
2026-05-11T11:11:44Z,80.0,Versa 4
2026-05-11T11:11:46Z,78.0,Versa 4
2026-05-11T11:11:49Z,78.0,Versa 4
2026-05-11T11:11:52Z,78.0,Versa 4
2026-05-11T11:11:54Z,80.0,Versa 4
2026-05-11T11:11:57Z,80.0,Versa 4
2026-05-11T11:12:00Z,79.0,Versa 4
2026-05-11T11:12:02Z,80.0,Versa 4
2026-05-11T11:12:04Z,80.0,Versa 4
2026-05-11T11:12:05Z,82.0,Versa 4
2026-05-11T11:12:07Z,84.0,Versa 4
2026-05-11T11:12:10Z,84.0,Versa 4
2026-05-11T11:12:11Z,81.0,Versa 4
2026-05-11T11:12:14Z,81.0,Versa 4
2026-05-11T11:12:15Z,82.0,Versa 4
2026-05-11T11:12:18Z,82.0,Versa 4
2026-05-11T11:12:19Z,81.0,Versa 4
2026-05-11T11:12:21Z,79.0,Versa 4
2026-05-11T11:12:23Z,77.0,Versa 4
2026-05-11T11:12:25Z,76.0,Versa 4
2026-05-11T11:12:28Z,77.0,Versa 4
2026-05-11T11:12:30Z,79.0,Versa 4
2026-05-11T11:12:32Z,82.0,Versa 4
2026-05-11T11:12:34Z,83.0,Versa 4
2026-05-11T11:12:36Z,84.0,Versa 4
2026-05-11T11:12:38Z,85.0,Versa 4
2026-05-11T11:12:40Z,86.0,Versa 4
2026-05-11T11:12:42Z,87.0,Versa 4
2026-05-11T11:12:44Z,92.0,Versa 4
2026-05-11T11:12:46Z,101.0,Versa 4
2026-05-11T11:12:48Z,97.0,Versa 4
2026-05-11T11:12:50Z,89.0,Versa 4
2026-05-11T11:12:52Z,91.0,Versa 4
2026-05-11T11:12:53Z,87.0,Versa 4
2026-05-11T11:12:55Z,84.0,Versa 4
2026-05-11T11:12:57Z,82.0,Versa 4
2026-05-11T11:12:59Z,79.0,Versa 4
2026-05-11T11:13:01Z,77.0,Versa 4
2026-05-11T11:13:03Z,79.0,Versa 4
2026-05-11T11:13:05Z,76.0,Versa 4
2026-05-11T11:13:08Z,76.0,Versa 4
2026-05-11T11:13:09Z,77.0,Versa 4
2026-05-11T11:13:11Z,76.0,Versa 4
2026-05-11T11:13:13Z,77.0,Versa 4
2026-05-11T11:13:16Z,76.0,Versa 4
2026-05-11T11:13:19Z,76.0,Versa 4
2026-05-11T11:13:22Z,76.0,Versa 4
2026-05-11T11:13:25Z,76.0,Versa 4
2026-05-11T11:13:26Z,78.0,Versa 4
2026-05-11T11:13:28Z,77.0,Versa 4
2026-05-11T11:13:30Z,76.0,Versa 4
2026-05-11T11:13:32Z,75.0,Versa 4
2026-05-11T11:13:34Z,77.0,Versa 4
2026-05-11T11:13:36Z,80.0,Versa 4
2026-05-11T11:13:38Z,82.0,Versa 4
2026-05-11T11:13:40Z,81.0,Versa 4
2026-05-11T11:13:41Z,79.0,Versa 4
2026-05-11T11:13:43Z,78.0,Versa 4
2026-05-11T11:13:45Z,79.0,Versa 4
2026-05-11T11:13:47Z,80.0,Versa 4
2026-05-11T11:13:49Z,79.0,Versa 4
2026-05-11T11:13:52Z,79.0,Versa 4
2026-05-11T11:13:53Z,80.0,Versa 4
2026-05-11T11:13:56Z,80.0,Versa 4
2026-05-11T11:13:59Z,80.0,Versa 4
2026-05-11T11:14:01Z,80.0,Versa 4
2026-05-11T11:14:04Z,80.0,Versa 4
2026-05-11T11:14:06Z,80.0,Versa 4
2026-05-11T11:14:09Z,80.0,Versa 4
2026-05-11T11:14:10Z,80.0,Versa 4
2026-05-11T11:14:13Z,80.0,Versa 4
2026-05-11T11:14:16Z,78.0,Versa 4
2026-05-11T11:14:19Z,78.0,Versa 4
2026-05-11T11:14:22Z,80.0,Versa 4
2026-05-11T11:14:24Z,82.0,Versa 4
2026-05-11T11:14:26Z,84.0,Versa 4
2026-05-11T11:14:29Z,84.0,Versa 4
2026-05-11T11:14:31Z,85.0,Versa 4
2026-05-11T11:14:33Z,84.0,Versa 4
2026-05-11T11:14:36Z,84.0,Versa 4
2026-05-11T11:14:37Z,83.0,Versa 4
2026-05-11T11:14:39Z,82.0,Versa 4
2026-05-11T11:14:41Z,81.0,Versa 4
2026-05-11T11:14:43Z,80.0,Versa 4
2026-05-11T11:14:45Z,76.0,Versa 4
2026-05-11T11:14:47Z,70.0,Versa 4
2026-05-11T11:14:49Z,68.0,Versa 4
2026-05-11T11:14:52Z,67.0,Versa 4
2026-05-11T11:14:54Z,68.0,Versa 4
2026-05-11T11:14:56Z,67.0,Versa 4
2026-05-11T11:14:58Z,70.0,Versa 4
2026-05-11T11:15:00Z,77.0,Versa 4
2026-05-11T11:15:02Z,79.0,Versa 4
2026-05-11T11:15:04Z,82.0,Versa 4
2026-05-11T11:15:07Z,82.0,Versa 4
2026-05-11T11:15:10Z,80.0,Versa 4
2026-05-11T11:15:12Z,79.0,Versa 4
2026-05-11T11:15:14Z,77.0,Versa 4
2026-05-11T11:15:16Z,76.0,Versa 4
2026-05-11T11:15:17Z,75.0,Versa 4
2026-05-11T11:15:19Z,74.0,Versa 4
2026-05-11T11:15:21Z,75.0,Versa 4
2026-05-11T11:15:23Z,74.0,Versa 4
2026-05-11T11:15:25Z,73.0,Versa 4
2026-05-11T11:15:28Z,73.0,Versa 4
2026-05-11T11:15:31Z,76.0,Versa 4
2026-05-11T11:15:33Z,79.0,Versa 4
2026-05-11T11:15:36Z,79.0,Versa 4
2026-05-11T11:15:39Z,80.0,Versa 4
2026-05-11T11:15:40Z,79.0,Versa 4
2026-05-11T11:15:42Z,80.0,Versa 4
2026-05-11T11:15:45Z,80.0,Versa 4
2026-05-11T11:15:46Z,81.0,Versa 4
2026-05-11T11:15:48Z,80.0,Versa 4
2026-05-11T11:15:50Z,78.0,Versa 4
2026-05-11T11:15:53Z,78.0,Versa 4
2026-05-11T11:15:54Z,81.0,Versa 4
2026-05-11T11:15:56Z,83.0,Versa 4
2026-05-11T11:15:58Z,82.0,Versa 4
2026-05-11T11:16:00Z,84.0,Versa 4
2026-05-11T11:16:02Z,87.0,Versa 4
2026-05-11T11:16:05Z,88.0,Versa 4
2026-05-11T11:16:07Z,89.0,Versa 4
2026-05-11T11:16:09Z,86.0,Versa 4
2026-05-11T11:16:11Z,83.0,Versa 4
2026-05-11T11:16:13Z,82.0,Versa 4
2026-05-11T11:16:16Z,82.0,Versa 4
2026-05-11T11:16:19Z,80.0,Versa 4
2026-05-11T11:16:21Z,79.0,Versa 4
2026-05-11T11:16:23Z,77.0,Versa 4
2026-05-11T11:16:25Z,76.0,Versa 4
2026-05-11T11:16:28Z,76.0,Versa 4
2026-05-11T11:16:31Z,76.0,Versa 4
2026-05-11T11:16:34Z,77.0,Versa 4
2026-05-11T11:16:36Z,78.0,Versa 4
2026-05-11T11:16:38Z,79.0,Versa 4
2026-05-11T11:16:40Z,81.0,Versa 4
2026-05-11T11:16:42Z,82.0,Versa 4
2026-05-11T11:16:44Z,81.0,Versa 4
2026-05-11T11:16:47Z,81.0,Versa 4
2026-05-11T11:16:48Z,82.0,Versa 4
2026-05-11T11:16:50Z,84.0,Versa 4
2026-05-11T11:16:52Z,83.0,Versa 4
2026-05-11T11:16:53Z,82.0,Versa 4
2026-05-11T11:16:55Z,81.0,Versa 4
2026-05-11T11:16:58Z,81.0,Versa 4
2026-05-11T11:16:59Z,82.0,Versa 4
2026-05-11T11:17:01Z,80.0,Versa 4
2026-05-11T11:17:04Z,80.0,Versa 4
2026-05-11T11:17:07Z,80.0,Versa 4
2026-05-11T11:17:10Z,80.0,Versa 4
2026-05-11T11:17:13Z,81.0,Versa 4
2026-05-11T11:17:15Z,80.0,Versa 4
2026-05-11T11:17:16Z,78.0,Versa 4
2026-05-11T11:17:18Z,77.0,Versa 4
2026-05-11T11:17:20Z,76.0,Versa 4
2026-05-11T11:17:23Z,76.0,Versa 4
2026-05-11T11:17:24Z,78.0,Versa 4
2026-05-11T11:17:26Z,79.0,Versa 4
2026-05-11T11:17:28Z,81.0,Versa 4
2026-05-11T11:17:30Z,79.0,Versa 4
2026-05-11T11:17:32Z,76.0,Versa 4
2026-05-11T11:17:34Z,74.0,Versa 4
2026-05-11T11:17:36Z,75.0,Versa 4
2026-05-11T11:17:38Z,82.0,Versa 4
2026-05-11T11:17:41Z,82.0,Versa 4
2026-05-11T11:17:43Z,81.0,Versa 4
2026-05-11T11:17:45Z,78.0,Versa 4
2026-05-11T11:17:47Z,77.0,Versa 4
2026-05-11T11:17:49Z,78.0,Versa 4
2026-05-11T11:17:52Z,78.0,Versa 4
2026-05-11T11:17:55Z,78.0,Versa 4
2026-05-11T11:17:57Z,77.0,Versa 4
2026-05-11T11:17:59Z,77.0,Versa 4
2026-05-11T11:18:01Z,78.0,Versa 4
2026-05-11T11:18:03Z,80.0,Versa 4
2026-05-11T11:18:04Z,82.0,Versa 4
2026-05-11T11:18:07Z,82.0,Versa 4
2026-05-11T11:18:08Z,80.0,Versa 4
2026-05-11T11:18:11Z,80.0,Versa 4
2026-05-11T11:18:14Z,80.0,Versa 4
2026-05-11T11:18:17Z,80.0,Versa 4
2026-05-11T11:18:18Z,79.0,Versa 4
2026-05-11T11:18:20Z,80.0,Versa 4
2026-05-11T11:18:23Z,80.0,Versa 4
2026-05-11T11:18:24Z,79.0,Versa 4
2026-05-11T11:18:26Z,78.0,Versa 4
2026-05-11T11:18:29Z,78.0,Versa 4
2026-05-11T11:18:31Z,77.0,Versa 4
2026-05-11T11:18:33Z,76.0,Versa 4
2026-05-11T11:18:36Z,76.0,Versa 4
2026-05-11T11:18:37Z,74.0,Versa 4
2026-05-11T11:18:40Z,74.0,Versa 4
2026-05-11T11:18:43Z,75.0,Versa 4
2026-05-11T11:18:45Z,76.0,Versa 4
2026-05-11T11:18:47Z,77.0,Versa 4
2026-05-11T11:18:49Z,75.0,Versa 4
2026-05-11T11:18:51Z,74.0,Versa 4
2026-05-11T11:18:52Z,74.0,Versa 4
2026-05-11T11:18:55Z,74.0,Versa 4
2026-05-11T11:18:56Z,74.0,Versa 4
2026-05-11T11:18:58Z,73.0,Versa 4
2026-05-11T11:19:01Z,73.0,Versa 4
2026-05-11T11:19:02Z,73.0,Versa 4
2026-05-11T11:19:05Z,73.0,Versa 4
2026-05-11T11:19:06Z,73.0,Versa 4
2026-05-11T11:19:08Z,73.0,Versa 4
2026-05-11T11:19:11Z,73.0,Versa 4
2026-05-11T11:19:12Z,72.0,Versa 4
2026-05-11T11:19:15Z,72.0,Versa 4
2026-05-11T11:19:17Z,73.0,Versa 4
2026-05-11T11:19:19Z,74.0,Versa 4
2026-05-11T11:19:21Z,73.0,Versa 4
2026-05-11T11:19:23Z,72.0,Versa 4
2026-05-11T11:19:26Z,72.0,Versa 4
2026-05-11T11:19:27Z,74.0,Versa 4
2026-05-11T11:19:29Z,76.0,Versa 4
2026-05-11T11:19:31Z,77.0,Versa 4
2026-05-11T11:19:33Z,78.0,Versa 4
2026-05-11T11:19:35Z,79.0,Versa 4
2026-05-11T11:19:37Z,81.0,Versa 4
2026-05-11T11:19:39Z,82.0,Versa 4
2026-05-11T11:19:42Z,84.0,Versa 4
2026-05-11T11:19:44Z,86.0,Versa 4
2026-05-11T11:19:46Z,93.0,Versa 4
2026-05-11T11:19:48Z,94.0,Versa 4
2026-05-11T11:19:50Z,96.0,Versa 4
2026-05-11T11:19:52Z,95.0,Versa 4
2026-05-11T11:19:55Z,95.0,Versa 4
2026-05-11T11:19:56Z,94.0,Versa 4
2026-05-11T11:19:58Z,95.0,Versa 4
2026-05-11T11:20:01Z,95.0,Versa 4
2026-05-11T11:20:04Z,92.0,Versa 4
2026-05-11T11:20:05Z,90.0,Versa 4
2026-05-11T11:20:07Z,91.0,Versa 4
2026-05-11T11:20:09Z,92.0,Versa 4
2026-05-11T11:20:11Z,93.0,Versa 4
2026-05-11T11:20:14Z,93.0,Versa 4
2026-05-11T11:20:17Z,93.0,Versa 4
2026-05-11T11:20:19Z,94.0,Versa 4
2026-05-11T11:20:21Z,95.0,Versa 4
2026-05-11T11:20:24Z,95.0,Versa 4
2026-05-11T11:20:25Z,94.0,Versa 4
2026-05-11T11:20:28Z,94.0,Versa 4
2026-05-11T11:20:30Z,96.0,Versa 4
2026-05-11T11:20:32Z,97.0,Versa 4
2026-05-11T11:20:35Z,97.0,Versa 4
2026-05-11T11:20:36Z,99.0,Versa 4
2026-05-11T11:20:38Z,101.0,Versa 4
2026-05-11T11:20:40Z,99.0,Versa 4
2026-05-11T11:20:42Z,98.0,Versa 4
2026-05-11T11:20:45Z,98.0,Versa 4
2026-05-11T11:20:46Z,100.0,Versa 4
2026-05-11T11:20:48Z,99.0,Versa 4
2026-05-11T11:20:50Z,91.0,Versa 4
2026-05-11T11:20:52Z,87.0,Versa 4
2026-05-11T11:20:53Z,92.0,Versa 4
2026-05-11T11:20:56Z,92.0,Versa 4
2026-05-11T11:20:57Z,91.0,Versa 4
2026-05-11T11:20:59Z,90.0,Versa 4
2026-05-11T11:21:01Z,91.0,Versa 4
2026-05-11T11:21:03Z,93.0,Versa 4
2026-05-11T11:21:05Z,94.0,Versa 4
2026-05-11T11:21:08Z,94.0,Versa 4
2026-05-11T11:21:09Z,97.0,Versa 4
2026-05-11T11:21:11Z,99.0,Versa 4
2026-05-11T11:21:13Z,91.0,Versa 4
2026-05-11T11:21:15Z,82.0,Versa 4
2026-05-11T11:21:16Z,83.0,Versa 4
2026-05-11T11:21:18Z,86.0,Versa 4
2026-05-11T11:21:20Z,88.0,Versa 4
2026-05-11T11:21:22Z,83.0,Versa 4
2026-05-11T11:21:24Z,76.0,Versa 4
2026-05-11T11:21:26Z,73.0,Versa 4
2026-05-11T11:21:29Z,73.0,Versa 4
2026-05-11T11:21:30Z,74.0,Versa 4
2026-05-11T11:21:32Z,76.0,Versa 4
2026-05-11T11:21:34Z,83.0,Versa 4
2026-05-11T11:21:36Z,85.0,Versa 4
2026-05-11T11:21:39Z,85.0,Versa 4
2026-05-11T11:21:40Z,83.0,Versa 4
2026-05-11T11:21:41Z,80.0,Versa 4
2026-05-11T11:21:43Z,78.0,Versa 4
2026-05-11T11:21:45Z,74.0,Versa 4
2026-05-11T11:21:47Z,71.0,Versa 4
2026-05-11T11:21:50Z,71.0,Versa 4
2026-05-11T11:21:51Z,74.0,Versa 4
2026-05-11T11:21:53Z,81.0,Versa 4
2026-05-11T11:21:55Z,87.0,Versa 4
2026-05-11T11:21:57Z,88.0,Versa 4
2026-05-11T11:21:59Z,83.0,Versa 4
2026-05-11T11:22:01Z,73.0,Versa 4
2026-05-11T11:22:03Z,75.0,Versa 4
2026-05-11T11:22:04Z,77.0,Versa 4
2026-05-11T11:22:07Z,77.0,Versa 4
2026-05-11T11:22:08Z,81.0,Versa 4
2026-05-11T11:22:10Z,84.0,Versa 4
2026-05-11T11:22:12Z,86.0,Versa 4
2026-05-11T11:22:14Z,87.0,Versa 4
2026-05-11T11:22:16Z,88.0,Versa 4
2026-05-11T11:22:18Z,87.0,Versa 4
2026-05-11T11:22:20Z,88.0,Versa 4
2026-05-11T11:22:23Z,88.0,Versa 4
2026-05-11T11:22:24Z,86.0,Versa 4
2026-05-11T11:22:26Z,85.0,Versa 4
2026-05-11T11:22:28Z,84.0,Versa 4
2026-05-11T11:22:29Z,85.0,Versa 4
2026-05-11T11:22:31Z,86.0,Versa 4
2026-05-11T11:22:34Z,86.0,Versa 4
2026-05-11T11:22:35Z,87.0,Versa 4
2026-05-11T11:22:37Z,88.0,Versa 4
2026-05-11T11:22:39Z,90.0,Versa 4
2026-05-11T11:22:42Z,90.0,Versa 4
2026-05-11T11:22:45Z,90.0,Versa 4
2026-05-11T11:22:47Z,93.0,Versa 4
2026-05-11T11:22:49Z,92.0,Versa 4
2026-05-11T11:22:51Z,94.0,Versa 4
2026-05-11T11:22:52Z,93.0,Versa 4
2026-05-11T11:22:54Z,90.0,Versa 4
2026-05-11T11:22:56Z,93.0,Versa 4
2026-05-11T11:22:59Z,93.0,Versa 4
2026-05-11T11:23:00Z,91.0,Versa 4
2026-05-11T11:23:03Z,91.0,Versa 4
2026-05-11T11:23:06Z,90.0,Versa 4
2026-05-11T11:23:08Z,89.0,Versa 4
2026-05-11T11:23:10Z,91.0,Versa 4
2026-05-11T11:23:12Z,92.0,Versa 4
2026-05-11T11:23:14Z,95.0,Versa 4
2026-05-11T11:23:16Z,91.0,Versa 4
2026-05-11T11:23:17Z,89.0,Versa 4
2026-05-11T11:23:19Z,90.0,Versa 4
2026-05-11T11:23:21Z,91.0,Versa 4
2026-05-11T11:23:24Z,91.0,Versa 4
2026-05-11T11:23:25Z,94.0,Versa 4
2026-05-11T11:23:27Z,99.0,Versa 4
2026-05-11T11:23:29Z,97.0,Versa 4
2026-05-11T11:23:31Z,100.0,Versa 4
2026-05-11T11:23:33Z,102.0,Versa 4
2026-05-11T11:23:35Z,93.0,Versa 4
2026-05-11T11:23:37Z,90.0,Versa 4
2026-05-11T11:23:39Z,94.0,Versa 4
2026-05-11T11:23:40Z,93.0,Versa 4
2026-05-11T11:23:42Z,94.0,Versa 4
2026-05-11T11:23:44Z,92.0,Versa 4
2026-05-11T11:23:46Z,91.0,Versa 4
2026-05-11T11:23:48Z,93.0,Versa 4
2026-05-11T11:23:50Z,103.0,Versa 4
2026-05-11T11:23:52Z,99.0,Versa 4
2026-05-11T11:23:54Z,91.0,Versa 4
2026-05-11T11:23:56Z,89.0,Versa 4
2026-05-11T11:23:58Z,88.0,Versa 4
2026-05-11T11:24:00Z,86.0,Versa 4
2026-05-11T11:24:03Z,86.0,Versa 4
2026-05-11T11:24:06Z,86.0,Versa 4
2026-05-11T11:24:09Z,87.0,Versa 4
2026-05-11T11:24:11Z,90.0,Versa 4
2026-05-11T11:24:14Z,90.0,Versa 4
2026-05-11T11:24:17Z,90.0,Versa 4
2026-05-11T11:24:19Z,90.0,Versa 4
2026-05-11T11:24:21Z,86.0,Versa 4
2026-05-11T11:24:23Z,80.0,Versa 4
2026-05-11T11:24:25Z,79.0,Versa 4
2026-05-11T11:24:28Z,80.0,Versa 4
2026-05-11T11:24:30Z,83.0,Versa 4
2026-05-11T11:24:32Z,82.0,Versa 4
2026-05-11T11:24:34Z,79.0,Versa 4
2026-05-11T11:24:36Z,78.0,Versa 4
2026-05-11T11:24:39Z,78.0,Versa 4
2026-05-11T11:24:42Z,79.0,Versa 4
2026-05-11T11:24:44Z,80.0,Versa 4
2026-05-11T11:24:46Z,81.0,Versa 4
2026-05-11T11:24:48Z,82.0,Versa 4
2026-05-11T11:24:50Z,83.0,Versa 4
2026-05-11T11:24:52Z,80.0,Versa 4
2026-05-11T11:24:55Z,81.0,Versa 4
2026-05-11T11:24:57Z,80.0,Versa 4
2026-05-11T11:25:00Z,80.0,Versa 4
2026-05-11T11:25:01Z,78.0,Versa 4
2026-05-11T11:25:03Z,77.0,Versa 4
2026-05-11T11:25:05Z,76.0,Versa 4
2026-05-11T11:25:07Z,75.0,Versa 4
2026-05-11T11:25:09Z,74.0,Versa 4
2026-05-11T11:25:12Z,74.0,Versa 4
2026-05-11T11:25:15Z,74.0,Versa 4
2026-05-11T11:25:16Z,75.0,Versa 4
2026-05-11T11:25:18Z,77.0,Versa 4
2026-05-11T11:25:20Z,78.0,Versa 4
2026-05-11T11:25:22Z,79.0,Versa 4
2026-05-11T11:25:24Z,80.0,Versa 4
2026-05-11T11:25:26Z,85.0,Versa 4
2026-05-11T11:25:28Z,89.0,Versa 4
2026-05-11T11:25:31Z,89.0,Versa 4
2026-05-11T11:25:34Z,89.0,Versa 4
2026-05-11T11:25:36Z,90.0,Versa 4
2026-05-11T11:25:38Z,91.0,Versa 4
2026-05-11T11:25:40Z,90.0,Versa 4
2026-05-11T11:25:43Z,90.0,Versa 4
2026-05-11T11:25:45Z,91.0,Versa 4
2026-05-11T11:25:48Z,91.0,Versa 4
2026-05-11T11:25:51Z,89.0,Versa 4
2026-05-11T11:25:53Z,88.0,Versa 4
2026-05-11T11:25:56Z,88.0,Versa 4
2026-05-11T11:25:57Z,87.0,Versa 4
2026-05-11T11:26:00Z,87.0,Versa 4
2026-05-11T11:26:03Z,86.0,Versa 4
2026-05-11T11:26:04Z,87.0,Versa 4
2026-05-11T11:26:06Z,85.0,Versa 4
2026-05-11T11:26:08Z,84.0,Versa 4
2026-05-11T11:26:10Z,85.0,Versa 4
2026-05-11T11:26:13Z,85.0,Versa 4
2026-05-11T11:26:14Z,84.0,Versa 4
2026-05-11T11:26:17Z,84.0,Versa 4
2026-05-11T11:26:18Z,83.0,Versa 4
2026-05-11T11:26:21Z,83.0,Versa 4
2026-05-11T11:26:22Z,81.0,Versa 4
2026-05-11T11:26:25Z,81.0,Versa 4
2026-05-11T11:26:26Z,80.0,Versa 4
2026-05-11T11:26:29Z,80.0,Versa 4
2026-05-11T11:26:32Z,80.0,Versa 4
2026-05-11T11:26:33Z,79.0,Versa 4
2026-05-11T11:26:35Z,77.0,Versa 4
2026-05-11T11:26:37Z,75.0,Versa 4
2026-05-11T11:26:39Z,73.0,Versa 4
2026-05-11T11:26:41Z,72.0,Versa 4
2026-05-11T11:26:43Z,72.0,Versa 4
2026-05-11T11:26:45Z,73.0,Versa 4
2026-05-11T11:26:48Z,73.0,Versa 4
2026-05-11T11:26:49Z,72.0,Versa 4
2026-05-11T11:26:51Z,70.0,Versa 4
2026-05-11T11:26:54Z,71.0,Versa 4
2026-05-11T11:26:56Z,72.0,Versa 4
2026-05-11T11:26:59Z,72.0,Versa 4
2026-05-11T11:27:02Z,73.0,Versa 4
2026-05-11T11:27:04Z,74.0,Versa 4
2026-05-11T11:27:06Z,76.0,Versa 4
2026-05-11T11:27:09Z,76.0,Versa 4
2026-05-11T11:27:12Z,78.0,Versa 4
2026-05-11T11:27:14Z,79.0,Versa 4
2026-05-11T11:27:16Z,80.0,Versa 4
2026-05-11T11:27:17Z,81.0,Versa 4
2026-05-11T11:27:19Z,81.0,Versa 4
2026-05-11T11:27:21Z,80.0,Versa 4
2026-05-11T11:27:23Z,78.0,Versa 4
2026-05-11T11:27:25Z,77.0,Versa 4
2026-05-11T11:27:28Z,77.0,Versa 4
2026-05-11T11:27:31Z,78.0,Versa 4
2026-05-11T11:27:34Z,78.0,Versa 4
2026-05-11T11:27:35Z,77.0,Versa 4
2026-05-11T11:27:38Z,77.0,Versa 4
2026-05-11T11:27:39Z,76.0,Versa 4
2026-05-11T11:27:40Z,77.0,Versa 4
2026-05-11T11:27:42Z,78.0,Versa 4
2026-05-11T11:27:44Z,79.0,Versa 4
2026-05-11T11:27:46Z,80.0,Versa 4
2026-05-11T11:27:48Z,83.0,Versa 4
2026-05-11T11:27:50Z,84.0,Versa 4
2026-05-11T11:27:52Z,83.0,Versa 4
2026-05-11T11:27:54Z,85.0,Versa 4
2026-05-11T11:27:56Z,88.0,Versa 4
2026-05-11T11:27:58Z,89.0,Versa 4
2026-05-11T11:28:00Z,90.0,Versa 4
2026-05-11T11:28:02Z,91.0,Versa 4
2026-05-11T11:28:05Z,92.0,Versa 4
2026-05-11T11:28:07Z,93.0,Versa 4
2026-05-11T11:28:09Z,91.0,Versa 4
2026-05-11T11:28:11Z,89.0,Versa 4
2026-05-11T11:28:13Z,90.0,Versa 4
2026-05-11T11:28:15Z,89.0,Versa 4
2026-05-11T11:28:17Z,93.0,Versa 4
2026-05-11T11:28:19Z,96.0,Versa 4
2026-05-11T11:28:21Z,89.0,Versa 4
2026-05-11T11:28:23Z,79.0,Versa 4
2026-05-11T11:28:25Z,78.0,Versa 4
2026-05-11T11:28:27Z,79.0,Versa 4
2026-05-11T11:28:28Z,78.0,Versa 4
2026-05-11T11:28:31Z,78.0,Versa 4
2026-05-11T11:28:32Z,76.0,Versa 4
2026-05-11T11:28:35Z,76.0,Versa 4
2026-05-11T11:28:36Z,78.0,Versa 4
2026-05-11T11:28:38Z,80.0,Versa 4
2026-05-11T11:28:40Z,81.0,Versa 4
2026-05-11T11:28:42Z,82.0,Versa 4
2026-05-11T11:28:45Z,82.0,Versa 4
2026-05-11T11:28:46Z,79.0,Versa 4
2026-05-11T11:28:49Z,79.0,Versa 4
2026-05-11T11:28:50Z,78.0,Versa 4
2026-05-11T11:28:53Z,78.0,Versa 4
2026-05-11T11:28:55Z,79.0,Versa 4
2026-05-11T11:28:57Z,78.0,Versa 4
2026-05-11T11:28:59Z,76.0,Versa 4
2026-05-11T11:29:01Z,74.0,Versa 4
2026-05-11T11:29:03Z,73.0,Versa 4
2026-05-11T11:29:05Z,72.0,Versa 4
2026-05-11T11:29:07Z,74.0,Versa 4
2026-05-11T11:29:09Z,75.0,Versa 4
2026-05-11T11:29:11Z,76.0,Versa 4
2026-05-11T11:29:14Z,76.0,Versa 4
2026-05-11T11:29:15Z,75.0,Versa 4
2026-05-11T11:29:16Z,74.0,Versa 4
2026-05-11T11:29:18Z,76.0,Versa 4
2026-05-11T11:29:20Z,78.0,Versa 4
2026-05-11T11:29:22Z,79.0,Versa 4
2026-05-11T11:29:25Z,79.0,Versa 4
2026-05-11T11:29:28Z,82.0,Versa 4
2026-05-11T11:29:30Z,83.0,Versa 4
2026-05-11T11:29:32Z,82.0,Versa 4
2026-05-11T11:29:34Z,81.0,Versa 4
2026-05-11T11:29:37Z,81.0,Versa 4
2026-05-11T11:29:38Z,80.0,Versa 4
2026-05-11T11:29:40Z,79.0,Versa 4
2026-05-11T11:29:41Z,78.0,Versa 4
2026-05-11T11:29:43Z,77.0,Versa 4
2026-05-11T11:29:46Z,77.0,Versa 4
2026-05-11T11:29:47Z,78.0,Versa 4
2026-05-11T11:29:50Z,78.0,Versa 4
2026-05-11T11:29:53Z,78.0,Versa 4
2026-05-11T11:29:55Z,79.0,Versa 4
2026-05-11T11:29:57Z,80.0,Versa 4
2026-05-11T11:30:00Z,80.0,Versa 4
2026-05-11T11:30:01Z,80.0,Versa 4
2026-05-11T11:30:03Z,79.0,Versa 4
2026-05-11T11:30:06Z,79.0,Versa 4
2026-05-11T11:30:08Z,77.0,Versa 4
2026-05-11T11:30:10Z,76.0,Versa 4
2026-05-11T11:30:12Z,75.0,Versa 4
2026-05-11T11:30:14Z,76.0,Versa 4
2026-05-11T11:30:17Z,76.0,Versa 4
2026-05-11T11:30:18Z,72.0,Versa 4
2026-05-11T11:30:21Z,72.0,Versa 4
2026-05-11T11:30:22Z,73.0,Versa 4
2026-05-11T11:30:24Z,74.0,Versa 4
2026-05-11T11:30:27Z,74.0,Versa 4
2026-05-11T11:30:28Z,73.0,Versa 4
2026-05-11T11:30:31Z,73.0,Versa 4
2026-05-11T11:30:33Z,74.0,Versa 4
2026-05-11T11:30:36Z,74.0,Versa 4
2026-05-11T11:30:37Z,73.0,Versa 4
2026-05-11T11:30:39Z,74.0,Versa 4
2026-05-11T11:30:42Z,74.0,Versa 4
2026-05-11T11:30:45Z,74.0,Versa 4
2026-05-11T11:30:47Z,75.0,Versa 4
2026-05-11T11:30:50Z,75.0,Versa 4
2026-05-11T11:30:51Z,74.0,Versa 4
2026-05-11T11:30:54Z,74.0,Versa 4
2026-05-11T11:30:56Z,76.0,Versa 4
2026-05-11T11:30:58Z,77.0,Versa 4
2026-05-11T11:31:00Z,79.0,Versa 4
2026-05-11T11:31:02Z,78.0,Versa 4
2026-05-11T11:31:04Z,77.0,Versa 4
2026-05-11T11:31:06Z,76.0,Versa 4
2026-05-11T11:31:08Z,74.0,Versa 4
2026-05-11T11:31:11Z,74.0,Versa 4
2026-05-11T11:31:14Z,75.0,Versa 4
2026-05-11T11:31:16Z,77.0,Versa 4
2026-05-11T11:31:17Z,75.0,Versa 4
2026-05-11T11:31:19Z,73.0,Versa 4
2026-05-11T11:31:22Z,73.0,Versa 4
2026-05-11T11:31:25Z,73.0,Versa 4
2026-05-11T11:31:28Z,73.0,Versa 4
2026-05-11T11:31:29Z,72.0,Versa 4
2026-05-11T11:31:32Z,72.0,Versa 4
2026-05-11T11:31:33Z,73.0,Versa 4
2026-05-11T11:31:35Z,74.0,Versa 4
2026-05-11T11:31:37Z,76.0,Versa 4
2026-05-11T11:31:39Z,75.0,Versa 4
2026-05-11T11:31:40Z,74.0,Versa 4
2026-05-11T11:31:42Z,71.0,Versa 4
2026-05-11T11:31:44Z,69.0,Versa 4
2026-05-11T11:31:46Z,71.0,Versa 4
2026-05-11T11:31:48Z,75.0,Versa 4
2026-05-11T11:31:50Z,77.0,Versa 4
2026-05-11T11:31:53Z,77.0,Versa 4
2026-05-11T11:31:56Z,77.0,Versa 4
2026-05-11T11:31:58Z,78.0,Versa 4
2026-05-11T11:32:00Z,77.0,Versa 4
2026-05-11T11:32:03Z,77.0,Versa 4
2026-05-11T11:32:04Z,76.0,Versa 4
2026-05-11T11:32:05Z,75.0,Versa 4
2026-05-11T11:32:07Z,74.0,Versa 4
2026-05-11T11:32:09Z,75.0,Versa 4
2026-05-11T11:32:11Z,77.0,Versa 4
2026-05-11T11:32:13Z,78.0,Versa 4
2026-05-11T11:32:16Z,78.0,Versa 4
2026-05-11T11:32:17Z,79.0,Versa 4
2026-05-11T11:32:19Z,81.0,Versa 4
2026-05-11T11:32:21Z,84.0,Versa 4
2026-05-11T11:32:23Z,83.0,Versa 4
2026-05-11T11:32:25Z,78.0,Versa 4
2026-05-11T11:32:27Z,76.0,Versa 4
2026-05-11T11:32:30Z,77.0,Versa 4
2026-05-11T11:32:32Z,78.0,Versa 4
2026-05-11T11:32:34Z,77.0,Versa 4
2026-05-11T11:32:36Z,78.0,Versa 4
2026-05-11T11:32:38Z,77.0,Versa 4
2026-05-11T11:32:41Z,77.0,Versa 4
2026-05-11T11:32:42Z,78.0,Versa 4
2026-05-11T11:32:45Z,78.0,Versa 4
2026-05-11T11:32:48Z,77.0,Versa 4
2026-05-11T11:32:51Z,77.0,Versa 4
2026-05-11T11:32:52Z,78.0,Versa 4
2026-05-11T11:32:53Z,78.0,Versa 4
2026-05-11T11:32:56Z,78.0,Versa 4
2026-05-11T11:32:57Z,77.0,Versa 4
2026-05-11T11:32:59Z,76.0,Versa 4
2026-05-11T11:33:02Z,76.0,Versa 4
2026-05-11T11:33:03Z,77.0,Versa 4
2026-05-11T11:33:05Z,79.0,Versa 4
2026-05-11T11:33:07Z,80.0,Versa 4
2026-05-11T11:33:09Z,78.0,Versa 4
2026-05-11T11:33:11Z,76.0,Versa 4
2026-05-11T11:33:13Z,74.0,Versa 4
2026-05-11T11:33:15Z,75.0,Versa 4
2026-05-11T11:33:16Z,79.0,Versa 4
2026-05-11T11:33:18Z,81.0,Versa 4
2026-05-11T11:33:21Z,81.0,Versa 4
2026-05-11T11:33:22Z,78.0,Versa 4
2026-05-11T11:33:24Z,76.0,Versa 4
2026-05-11T11:33:27Z,76.0,Versa 4
2026-05-11T11:33:28Z,75.0,Versa 4
2026-05-11T11:33:31Z,75.0,Versa 4
2026-05-11T11:33:34Z,75.0,Versa 4
2026-05-11T11:33:36Z,74.0,Versa 4
2026-05-11T11:33:38Z,72.0,Versa 4
2026-05-11T11:33:40Z,73.0,Versa 4
2026-05-11T11:33:43Z,74.0,Versa 4
2026-05-11T11:33:46Z,74.0,Versa 4
2026-05-11T11:33:49Z,75.0,Versa 4
2026-05-11T11:33:51Z,75.0,Versa 4
2026-05-11T11:33:54Z,75.0,Versa 4
2026-05-11T11:33:55Z,76.0,Versa 4
2026-05-11T11:33:57Z,77.0,Versa 4
2026-05-11T11:34:00Z,77.0,Versa 4
2026-05-11T11:34:01Z,78.0,Versa 4
2026-05-11T11:34:03Z,77.0,Versa 4
2026-05-11T11:34:04Z,76.0,Versa 4
2026-05-11T11:34:06Z,75.0,Versa 4
2026-05-11T11:34:09Z,75.0,Versa 4
2026-05-11T11:34:10Z,74.0,Versa 4
2026-05-11T11:34:12Z,75.0,Versa 4
2026-05-11T11:34:14Z,76.0,Versa 4
2026-05-11T11:34:16Z,77.0,Versa 4
2026-05-11T11:34:18Z,76.0,Versa 4
2026-05-11T11:34:21Z,76.0,Versa 4
2026-05-11T11:34:24Z,76.0,Versa 4
2026-05-11T11:34:26Z,76.0,Versa 4
2026-05-11T11:34:28Z,74.0,Versa 4
2026-05-11T11:34:31Z,74.0,Versa 4
2026-05-11T11:34:34Z,74.0,Versa 4
2026-05-11T11:34:35Z,75.0,Versa 4
2026-05-11T11:34:38Z,75.0,Versa 4
2026-05-11T11:34:41Z,74.0,Versa 4
2026-05-11T11:34:44Z,74.0,Versa 4
2026-05-11T11:34:47Z,72.0,Versa 4
2026-05-11T11:34:49Z,70.0,Versa 4
2026-05-11T11:34:51Z,70.0,Versa 4
2026-05-11T11:34:52Z,69.0,Versa 4
2026-05-11T11:34:55Z,69.0,Versa 4
2026-05-11T11:34:56Z,70.0,Versa 4
2026-05-11T11:34:59Z,70.0,Versa 4
2026-05-11T11:35:00Z,72.0,Versa 4
2026-05-11T11:35:02Z,73.0,Versa 4
2026-05-11T11:35:04Z,75.0,Versa 4
2026-05-11T11:35:06Z,77.0,Versa 4
2026-05-11T11:35:08Z,75.0,Versa 4
2026-05-11T11:35:10Z,74.0,Versa 4
2026-05-11T11:35:13Z,74.0,Versa 4
2026-05-11T11:35:14Z,75.0,Versa 4
2026-05-11T11:35:16Z,77.0,Versa 4
2026-05-11T11:35:17Z,78.0,Versa 4
2026-05-11T11:35:19Z,77.0,Versa 4
2026-05-11T11:35:22Z,77.0,Versa 4
2026-05-11T11:35:23Z,86.0,Versa 4
2026-05-11T11:35:25Z,91.0,Versa 4
2026-05-11T11:35:27Z,92.0,Versa 4
2026-05-11T11:35:29Z,94.0,Versa 4
2026-05-11T11:35:32Z,94.0,Versa 4
2026-05-11T11:35:33Z,93.0,Versa 4
2026-05-11T11:35:36Z,93.0,Versa 4
2026-05-11T11:35:37Z,90.0,Versa 4
2026-05-11T11:35:39Z,88.0,Versa 4
2026-05-11T11:35:40Z,86.0,Versa 4
2026-05-11T11:35:42Z,84.0,Versa 4
2026-05-11T11:35:45Z,84.0,Versa 4
2026-05-11T11:35:46Z,85.0,Versa 4
2026-05-11T11:35:48Z,88.0,Versa 4
2026-05-11T11:35:50Z,89.0,Versa 4
2026-05-11T11:35:52Z,90.0,Versa 4
2026-05-11T11:35:54Z,89.0,Versa 4
2026-05-11T11:35:56Z,91.0,Versa 4
2026-05-11T11:35:58Z,92.0,Versa 4
2026-05-11T11:36:00Z,90.0,Versa 4
2026-05-11T11:36:02Z,91.0,Versa 4
2026-05-11T11:36:04Z,90.0,Versa 4
2026-05-11T11:36:05Z,88.0,Versa 4
2026-05-11T11:36:08Z,88.0,Versa 4
2026-05-11T11:36:09Z,87.0,Versa 4
2026-05-11T11:36:12Z,87.0,Versa 4
2026-05-11T11:36:13Z,88.0,Versa 4
2026-05-11T11:36:15Z,87.0,Versa 4
2026-05-11T11:36:17Z,85.0,Versa 4
2026-05-11T11:36:20Z,85.0,Versa 4
2026-05-11T11:36:21Z,79.0,Versa 4
2026-05-11T11:36:23Z,77.0,Versa 4
2026-05-11T11:36:25Z,79.0,Versa 4
2026-05-11T11:36:27Z,80.0,Versa 4
2026-05-11T11:36:30Z,79.0,Versa 4
2026-05-11T11:36:33Z,79.0,Versa 4
2026-05-11T11:36:34Z,78.0,Versa 4
2026-05-11T11:36:36Z,80.0,Versa 4
2026-05-11T11:36:39Z,80.0,Versa 4
2026-05-11T11:36:40Z,81.0,Versa 4
2026-05-11T11:36:42Z,82.0,Versa 4
2026-05-11T11:36:44Z,81.0,Versa 4
2026-05-11T11:36:46Z,80.0,Versa 4
2026-05-11T11:36:48Z,82.0,Versa 4
2026-05-11T11:36:50Z,83.0,Versa 4
2026-05-11T11:36:52Z,81.0,Versa 4
2026-05-11T11:36:55Z,80.0,Versa 4
2026-05-11T11:36:57Z,79.0,Versa 4
2026-05-11T11:36:59Z,83.0,Versa 4
2026-05-11T11:37:01Z,84.0,Versa 4
2026-05-11T11:37:03Z,82.0,Versa 4
2026-05-11T11:37:05Z,83.0,Versa 4
2026-05-11T11:37:07Z,84.0,Versa 4
2026-05-11T11:37:09Z,85.0,Versa 4
2026-05-11T11:37:12Z,85.0,Versa 4
2026-05-11T11:37:13Z,81.0,Versa 4
2026-05-11T11:37:15Z,78.0,Versa 4
2026-05-11T11:37:16Z,76.0,Versa 4
2026-05-11T11:37:19Z,76.0,Versa 4
2026-05-11T11:37:22Z,78.0,Versa 4
2026-05-11T11:37:24Z,77.0,Versa 4
2026-05-11T11:37:26Z,76.0,Versa 4
2026-05-11T11:37:29Z,76.0,Versa 4
2026-05-11T11:37:30Z,77.0,Versa 4
2026-05-11T11:37:33Z,77.0,Versa 4
2026-05-11T11:37:36Z,77.0,Versa 4
2026-05-11T11:37:38Z,78.0,Versa 4
2026-05-11T11:37:40Z,81.0,Versa 4
2026-05-11T11:37:41Z,82.0,Versa 4
2026-05-11T11:37:43Z,83.0,Versa 4
2026-05-11T11:37:45Z,82.0,Versa 4
2026-05-11T11:37:47Z,81.0,Versa 4
2026-05-11T11:37:49Z,83.0,Versa 4
2026-05-11T11:37:51Z,82.0,Versa 4
2026-05-11T11:37:53Z,81.0,Versa 4
2026-05-11T11:37:56Z,81.0,Versa 4
2026-05-11T11:37:57Z,82.0,Versa 4
2026-05-11T11:37:59Z,83.0,Versa 4
2026-05-11T11:38:01Z,84.0,Versa 4
2026-05-11T11:38:04Z,84.0,Versa 4
2026-05-11T11:38:06Z,83.0,Versa 4
2026-05-11T11:38:09Z,83.0,Versa 4
2026-05-11T11:38:10Z,85.0,Versa 4
2026-05-11T11:38:12Z,87.0,Versa 4
2026-05-11T11:38:15Z,87.0,Versa 4
2026-05-11T11:38:18Z,93.0,Versa 4
2026-05-11T11:38:20Z,90.0,Versa 4
2026-05-11T11:38:22Z,89.0,Versa 4
2026-05-11T11:38:24Z,85.0,Versa 4
2026-05-11T11:38:26Z,83.0,Versa 4
2026-05-11T11:38:28Z,82.0,Versa 4
2026-05-11T11:38:29Z,84.0,Versa 4
2026-05-11T11:38:31Z,86.0,Versa 4
2026-05-11T11:38:33Z,85.0,Versa 4
2026-05-11T11:38:35Z,83.0,Versa 4
2026-05-11T11:38:38Z,83.0,Versa 4
2026-05-11T11:38:39Z,84.0,Versa 4
2026-05-11T11:38:41Z,86.0,Versa 4
2026-05-11T11:38:44Z,86.0,Versa 4
2026-05-11T11:38:47Z,87.0,Versa 4
2026-05-11T11:38:49Z,86.0,Versa 4
2026-05-11T11:38:51Z,85.0,Versa 4
2026-05-11T11:38:52Z,83.0,Versa 4
2026-05-11T11:38:54Z,82.0,Versa 4
2026-05-11T11:38:56Z,79.0,Versa 4
2026-05-11T11:38:58Z,80.0,Versa 4
2026-05-11T11:39:00Z,82.0,Versa 4
2026-05-11T11:39:02Z,83.0,Versa 4
2026-05-11T11:39:05Z,83.0,Versa 4
2026-05-11T11:39:08Z,84.0,Versa 4
2026-05-11T11:39:10Z,85.0,Versa 4
2026-05-11T11:39:12Z,87.0,Versa 4
2026-05-11T11:39:14Z,86.0,Versa 4
2026-05-11T11:39:17Z,85.0,Versa 4
2026-05-11T11:39:19Z,83.0,Versa 4
2026-05-11T11:39:21Z,87.0,Versa 4
2026-05-11T11:39:23Z,94.0,Versa 4
2026-05-11T11:39:25Z,94.0,Versa 4
2026-05-11T11:39:27Z,90.0,Versa 4
2026-05-11T11:39:29Z,88.0,Versa 4
2026-05-11T11:39:31Z,86.0,Versa 4
2026-05-11T11:39:33Z,84.0,Versa 4
2026-05-11T11:39:35Z,88.0,Versa 4
2026-05-11T11:39:37Z,90.0,Versa 4
2026-05-11T11:39:39Z,89.0,Versa 4
2026-05-11T11:39:40Z,88.0,Versa 4
2026-05-11T11:39:42Z,89.0,Versa 4
2026-05-11T11:39:44Z,90.0,Versa 4
2026-05-11T11:39:46Z,91.0,Versa 4
2026-05-11T11:39:49Z,91.0,Versa 4
2026-05-11T11:39:50Z,89.0,Versa 4
2026-05-11T11:39:53Z,89.0,Versa 4
2026-05-11T11:39:54Z,91.0,Versa 4
2026-05-11T11:39:56Z,92.0,Versa 4
2026-05-11T11:39:59Z,92.0,Versa 4
2026-05-11T11:40:02Z,91.0,Versa 4
2026-05-11T11:40:05Z,91.0,Versa 4
2026-05-11T11:40:07Z,90.0,Versa 4
2026-05-11T11:40:10Z,90.0,Versa 4
2026-05-11T11:40:11Z,87.0,Versa 4
2026-05-11T11:40:13Z,85.0,Versa 4
2026-05-11T11:40:15Z,82.0,Versa 4
2026-05-11T11:40:18Z,82.0,Versa 4
2026-05-11T11:40:19Z,83.0,Versa 4
2026-05-11T11:40:21Z,85.0,Versa 4
2026-05-11T11:40:23Z,87.0,Versa 4
2026-05-11T11:40:25Z,84.0,Versa 4
2026-05-11T11:40:28Z,83.0,Versa 4
2026-05-11T11:40:30Z,82.0,Versa 4
2026-05-11T11:40:32Z,84.0,Versa 4
2026-05-11T11:40:34Z,82.0,Versa 4
2026-05-11T11:40:37Z,82.0,Versa 4
2026-05-11T11:40:38Z,84.0,Versa 4
2026-05-11T11:40:40Z,85.0,Versa 4
2026-05-11T11:40:42Z,86.0,Versa 4
2026-05-11T11:40:44Z,87.0,Versa 4
2026-05-11T11:40:46Z,86.0,Versa 4
2026-05-11T11:40:49Z,86.0,Versa 4
2026-05-11T11:40:50Z,87.0,Versa 4
2026-05-11T11:40:52Z,85.0,Versa 4
2026-05-11T11:40:53Z,84.0,Versa 4
2026-05-11T11:40:55Z,86.0,Versa 4
2026-05-11T11:40:57Z,87.0,Versa 4
2026-05-11T11:40:59Z,88.0,Versa 4
2026-05-11T11:41:01Z,89.0,Versa 4
2026-05-11T11:41:04Z,89.0,Versa 4
2026-05-11T11:41:05Z,94.0,Versa 4
2026-05-11T11:41:07Z,95.0,Versa 4
2026-05-11T11:41:10Z,95.0,Versa 4
2026-05-11T11:41:11Z,99.0,Versa 4
2026-05-11T11:41:13Z,101.0,Versa 4
2026-05-11T11:41:15Z,102.0,Versa 4
2026-05-11T11:41:16Z,103.0,Versa 4
2026-05-11T11:41:18Z,99.0,Versa 4
2026-05-11T11:41:20Z,97.0,Versa 4
2026-05-11T11:41:23Z,97.0,Versa 4
2026-05-11T11:41:26Z,94.0,Versa 4
2026-05-11T11:41:28Z,92.0,Versa 4
2026-05-11T11:41:31Z,92.0,Versa 4
2026-05-11T11:41:32Z,93.0,Versa 4
2026-05-11T11:41:35Z,93.0,Versa 4
2026-05-11T11:41:36Z,92.0,Versa 4
2026-05-11T11:41:38Z,91.0,Versa 4
2026-05-11T11:41:40Z,92.0,Versa 4
2026-05-11T11:41:41Z,95.0,Versa 4
2026-05-11T11:41:43Z,96.0,Versa 4
2026-05-11T11:41:45Z,94.0,Versa 4
2026-05-11T11:41:47Z,91.0,Versa 4
2026-05-11T11:41:50Z,91.0,Versa 4
2026-05-11T11:41:53Z,92.0,Versa 4
2026-05-11T11:41:56Z,92.0,Versa 4
2026-05-11T11:41:57Z,90.0,Versa 4
2026-05-11T11:41:59Z,88.0,Versa 4
2026-05-11T11:42:01Z,87.0,Versa 4
2026-05-11T11:42:03Z,85.0,Versa 4
2026-05-11T11:42:06Z,85.0,Versa 4
2026-05-11T11:42:08Z,86.0,Versa 4
2026-05-11T11:42:11Z,86.0,Versa 4
2026-05-11T11:42:12Z,87.0,Versa 4
2026-05-11T11:42:14Z,88.0,Versa 4
2026-05-11T11:42:17Z,88.0,Versa 4
2026-05-11T11:42:18Z,90.0,Versa 4
2026-05-11T11:42:21Z,90.0,Versa 4
2026-05-11T11:42:22Z,89.0,Versa 4
2026-05-11T11:42:24Z,90.0,Versa 4
2026-05-11T11:42:26Z,87.0,Versa 4
2026-05-11T11:42:28Z,86.0,Versa 4
2026-05-11T11:42:29Z,85.0,Versa 4
2026-05-11T11:42:31Z,86.0,Versa 4
2026-05-11T11:42:33Z,85.0,Versa 4
2026-05-11T11:42:35Z,86.0,Versa 4
2026-05-11T11:42:37Z,89.0,Versa 4
2026-05-11T11:42:40Z,89.0,Versa 4
2026-05-11T11:42:41Z,87.0,Versa 4
2026-05-11T11:42:43Z,85.0,Versa 4
2026-05-11T11:42:46Z,85.0,Versa 4
2026-05-11T11:42:49Z,86.0,Versa 4
2026-05-11T11:42:51Z,87.0,Versa 4
2026-05-11T11:42:54Z,86.0,Versa 4
2026-05-11T11:42:57Z,86.0,Versa 4
2026-05-11T11:42:58Z,87.0,Versa 4
2026-05-11T11:43:01Z,87.0,Versa 4
2026-05-11T11:43:02Z,86.0,Versa 4
2026-05-11T11:43:04Z,88.0,Versa 4
2026-05-11T11:43:06Z,90.0,Versa 4
2026-05-11T11:43:08Z,89.0,Versa 4
2026-05-11T11:43:10Z,90.0,Versa 4
2026-05-11T11:43:13Z,90.0,Versa 4
2026-05-11T11:43:14Z,88.0,Versa 4
2026-05-11T11:43:16Z,89.0,Versa 4
2026-05-11T11:43:19Z,88.0,Versa 4
2026-05-11T11:43:22Z,88.0,Versa 4
2026-05-11T11:43:23Z,89.0,Versa 4
2026-05-11T11:43:26Z,89.0,Versa 4
2026-05-11T11:43:27Z,88.0,Versa 4
2026-05-11T11:43:29Z,86.0,Versa 4
2026-05-11T11:43:32Z,86.0,Versa 4
2026-05-11T11:43:35Z,86.0,Versa 4
2026-05-11T11:43:38Z,86.0,Versa 4
2026-05-11T11:43:39Z,84.0,Versa 4
2026-05-11T11:43:40Z,83.0,Versa 4
2026-05-11T11:43:42Z,82.0,Versa 4
2026-05-11T11:43:44Z,84.0,Versa 4
2026-05-11T11:43:46Z,85.0,Versa 4
2026-05-11T11:43:49Z,85.0,Versa 4
2026-05-11T11:43:50Z,83.0,Versa 4
2026-05-11T11:43:52Z,81.0,Versa 4
2026-05-11T11:43:54Z,79.0,Versa 4
2026-05-11T11:43:57Z,79.0,Versa 4
2026-05-11T11:43:58Z,80.0,Versa 4
2026-05-11T11:44:00Z,81.0,Versa 4
2026-05-11T11:44:02Z,84.0,Versa 4
2026-05-11T11:44:04Z,82.0,Versa 4
2026-05-11T11:44:05Z,80.0,Versa 4
2026-05-11T11:44:07Z,79.0,Versa 4
2026-05-11T11:44:09Z,78.0,Versa 4
2026-05-11T11:44:11Z,80.0,Versa 4
2026-05-11T11:44:13Z,82.0,Versa 4
2026-05-11T11:44:15Z,83.0,Versa 4
2026-05-11T11:44:18Z,83.0,Versa 4
2026-05-11T11:44:19Z,81.0,Versa 4
2026-05-11T11:44:21Z,80.0,Versa 4
2026-05-11T11:44:23Z,79.0,Versa 4
2026-05-11T11:44:25Z,78.0,Versa 4
2026-05-11T11:44:28Z,78.0,Versa 4
2026-05-11T11:44:31Z,78.0,Versa 4
2026-05-11T11:44:34Z,78.0,Versa 4
2026-05-11T11:44:36Z,79.0,Versa 4
2026-05-11T11:44:39Z,79.0,Versa 4
2026-05-11T11:44:40Z,80.0,Versa 4
2026-05-11T11:44:42Z,77.0,Versa 4
2026-05-11T11:44:44Z,76.0,Versa 4
2026-05-11T11:44:46Z,74.0,Versa 4
2026-05-11T11:44:48Z,73.0,Versa 4
2026-05-11T11:44:51Z,73.0,Versa 4
2026-05-11T11:44:54Z,73.0,Versa 4
2026-05-11T11:44:55Z,74.0,Versa 4
2026-05-11T11:44:58Z,74.0,Versa 4
2026-05-11T11:45:01Z,75.0,Versa 4
2026-05-11T11:45:03Z,76.0,Versa 4
2026-05-11T11:45:05Z,77.0,Versa 4
2026-05-11T11:45:07Z,78.0,Versa 4
2026-05-11T11:45:10Z,78.0,Versa 4
2026-05-11T11:45:13Z,78.0,Versa 4
2026-05-11T11:45:15Z,77.0,Versa 4
2026-05-11T11:45:16Z,76.0,Versa 4
2026-05-11T11:45:18Z,75.0,Versa 4
2026-05-11T11:45:21Z,75.0,Versa 4
2026-05-11T11:45:22Z,76.0,Versa 4
2026-05-11T11:45:25Z,76.0,Versa 4
2026-05-11T11:45:26Z,75.0,Versa 4
2026-05-11T11:45:28Z,74.0,Versa 4
2026-05-11T11:45:30Z,72.0,Versa 4
2026-05-11T11:45:33Z,72.0,Versa 4
2026-05-11T11:45:36Z,72.0,Versa 4
2026-05-11T11:45:38Z,72.0,Versa 4
2026-05-11T11:45:41Z,73.0,Versa 4
2026-05-11T11:45:44Z,73.0,Versa 4
2026-05-11T11:45:45Z,74.0,Versa 4
2026-05-11T11:45:47Z,74.0,Versa 4
2026-05-11T11:45:49Z,76.0,Versa 4
2026-05-11T11:45:51Z,78.0,Versa 4
2026-05-11T11:45:54Z,78.0,Versa 4
2026-05-11T11:45:55Z,79.0,Versa 4
2026-05-11T11:45:58Z,79.0,Versa 4
2026-05-11T11:45:59Z,78.0,Versa 4
2026-05-11T11:46:01Z,78.0,Versa 4
2026-05-11T11:46:03Z,77.0,Versa 4
2026-05-11T11:46:04Z,76.0,Versa 4
2026-05-11T11:46:06Z,76.0,Versa 4
2026-05-11T11:46:08Z,76.0,Versa 4
2026-05-11T11:46:10Z,75.0,Versa 4
2026-05-11T11:46:12Z,74.0,Versa 4
2026-05-11T11:46:14Z,74.0,Versa 4
2026-05-11T11:46:16Z,73.0,Versa 4
2026-05-11T11:46:18Z,73.0,Versa 4
2026-05-11T11:46:20Z,72.0,Versa 4
2026-05-11T11:46:23Z,72.0,Versa 4
2026-05-11T11:46:26Z,72.0,Versa 4
2026-05-11T11:46:29Z,72.0,Versa 4
2026-05-11T11:46:32Z,72.0,Versa 4
2026-05-11T11:46:33Z,71.0,Versa 4
2026-05-11T11:46:35Z,70.0,Versa 4
2026-05-11T11:46:37Z,72.0,Versa 4
2026-05-11T11:46:39Z,76.0,Versa 4
2026-05-11T11:46:41Z,78.0,Versa 4
2026-05-11T11:46:43Z,79.0,Versa 4
2026-05-11T11:46:46Z,79.0,Versa 4
2026-05-11T11:46:47Z,78.0,Versa 4
2026-05-11T11:46:49Z,77.0,Versa 4
2026-05-11T11:46:51Z,78.0,Versa 4
2026-05-11T11:46:52Z,80.0,Versa 4
2026-05-11T11:46:54Z,81.0,Versa 4
2026-05-11T11:46:56Z,82.0,Versa 4
2026-05-11T11:46:58Z,79.0,Versa 4
2026-05-11T11:47:00Z,77.0,Versa 4
2026-05-11T11:47:02Z,76.0,Versa 4
2026-05-11T11:47:05Z,76.0,Versa 4
2026-05-11T11:47:08Z,76.0,Versa 4
2026-05-11T11:47:10Z,75.0,Versa 4
2026-05-11T11:47:13Z,75.0,Versa 4
2026-05-11T11:47:14Z,74.0,Versa 4
2026-05-11T11:47:16Z,73.0,Versa 4
2026-05-11T11:47:17Z,74.0,Versa 4
2026-05-11T11:47:19Z,75.0,Versa 4
2026-05-11T11:47:22Z,75.0,Versa 4
2026-05-11T11:47:23Z,77.0,Versa 4
2026-05-11T11:47:25Z,78.0,Versa 4
2026-05-11T11:47:27Z,81.0,Versa 4
2026-05-11T11:47:29Z,85.0,Versa 4
2026-05-11T11:47:31Z,88.0,Versa 4
2026-05-11T11:47:33Z,92.0,Versa 4
2026-05-11T11:47:35Z,91.0,Versa 4
2026-05-11T11:47:38Z,91.0,Versa 4
2026-05-11T11:47:40Z,92.0,Versa 4
2026-05-11T11:47:42Z,87.0,Versa 4
2026-05-11T11:47:44Z,87.0,Versa 4
2026-05-11T11:47:46Z,87.0,Versa 4
2026-05-11T11:47:48Z,85.0,Versa 4
2026-05-11T11:47:50Z,82.0,Versa 4
2026-05-11T11:47:52Z,81.0,Versa 4
2026-05-11T11:47:54Z,80.0,Versa 4
2026-05-11T11:47:56Z,81.0,Versa 4
2026-05-11T11:47:58Z,83.0,Versa 4
2026-05-11T11:48:00Z,81.0,Versa 4
2026-05-11T11:48:02Z,85.0,Versa 4
2026-05-11T11:48:04Z,88.0,Versa 4
2026-05-11T11:48:05Z,83.0,Versa 4
2026-05-11T11:48:07Z,82.0,Versa 4
2026-05-11T11:48:09Z,83.0,Versa 4
2026-05-11T11:48:11Z,78.0,Versa 4
2026-05-11T11:48:14Z,78.0,Versa 4
2026-05-11T11:48:17Z,77.0,Versa 4
2026-05-11T11:48:19Z,78.0,Versa 4
2026-05-11T11:48:21Z,77.0,Versa 4
2026-05-11T11:48:23Z,78.0,Versa 4
2026-05-11T11:48:25Z,77.0,Versa 4
2026-05-11T11:48:28Z,77.0,Versa 4
2026-05-11T11:48:30Z,76.0,Versa 4
2026-05-11T11:48:32Z,77.0,Versa 4
2026-05-11T11:48:34Z,75.0,Versa 4
2026-05-11T11:48:36Z,72.0,Versa 4
2026-05-11T11:48:38Z,74.0,Versa 4
2026-05-11T11:48:40Z,71.0,Versa 4
2026-05-11T11:48:42Z,69.0,Versa 4
2026-05-11T11:48:44Z,71.0,Versa 4
2026-05-11T11:48:46Z,70.0,Versa 4
2026-05-11T11:48:48Z,69.0,Versa 4
2026-05-11T11:48:50Z,70.0,Versa 4
2026-05-11T11:48:52Z,69.0,Versa 4
2026-05-11T11:48:53Z,70.0,Versa 4
2026-05-11T11:48:55Z,74.0,Versa 4
2026-05-11T11:48:57Z,71.0,Versa 4
2026-05-11T11:49:00Z,71.0,Versa 4
2026-05-11T11:49:01Z,72.0,Versa 4
2026-05-11T11:49:03Z,73.0,Versa 4
2026-05-11T11:49:05Z,72.0,Versa 4
2026-05-11T11:49:07Z,79.0,Versa 4
2026-05-11T11:49:09Z,83.0,Versa 4
2026-05-11T11:49:11Z,84.0,Versa 4
2026-05-11T11:49:13Z,85.0,Versa 4
2026-05-11T11:49:15Z,84.0,Versa 4
2026-05-11T11:49:16Z,83.0,Versa 4
2026-05-11T11:49:19Z,83.0,Versa 4
2026-05-11T11:49:22Z,83.0,Versa 4
2026-05-11T11:49:24Z,84.0,Versa 4
2026-05-11T11:49:26Z,87.0,Versa 4
2026-05-11T11:49:28Z,88.0,Versa 4
2026-05-11T11:49:31Z,88.0,Versa 4
2026-05-11T11:49:32Z,87.0,Versa 4
2026-05-11T11:49:34Z,85.0,Versa 4
2026-05-11T11:49:36Z,83.0,Versa 4
2026-05-11T11:49:38Z,85.0,Versa 4
2026-05-11T11:49:40Z,82.0,Versa 4
2026-05-11T11:49:41Z,82.0,Versa 4
2026-05-11T11:49:44Z,82.0,Versa 4
2026-05-11T11:49:47Z,82.0,Versa 4
2026-05-11T11:49:49Z,81.0,Versa 4
2026-05-11T11:49:52Z,81.0,Versa 4
2026-05-11T11:49:53Z,83.0,Versa 4
2026-05-11T11:49:55Z,84.0,Versa 4
2026-05-11T11:49:57Z,83.0,Versa 4
2026-05-11T11:50:00Z,83.0,Versa 4
2026-05-11T11:50:01Z,84.0,Versa 4
2026-05-11T11:50:03Z,83.0,Versa 4
2026-05-11T11:50:04Z,82.0,Versa 4
2026-05-11T11:50:06Z,81.0,Versa 4
2026-05-11T11:50:08Z,80.0,Versa 4
2026-05-11T11:50:11Z,80.0,Versa 4
2026-05-11T11:50:12Z,81.0,Versa 4
2026-05-11T11:50:14Z,80.0,Versa 4
2026-05-11T11:50:16Z,79.0,Versa 4
2026-05-11T11:50:18Z,78.0,Versa 4
2026-05-11T11:50:20Z,79.0,Versa 4
2026-05-11T11:50:23Z,79.0,Versa 4
2026-05-11T11:50:24Z,78.0,Versa 4
2026-05-11T11:50:27Z,78.0,Versa 4
2026-05-11T11:50:28Z,79.0,Versa 4
2026-05-11T11:50:29Z,80.0,Versa 4
2026-05-11T11:50:31Z,82.0,Versa 4
2026-05-11T11:50:33Z,85.0,Versa 4
2026-05-11T11:50:35Z,86.0,Versa 4
2026-05-11T11:50:38Z,86.0,Versa 4
2026-05-11T11:50:39Z,85.0,Versa 4
2026-05-11T11:50:41Z,87.0,Versa 4
2026-05-11T11:50:43Z,86.0,Versa 4
2026-05-11T11:50:46Z,86.0,Versa 4
2026-05-11T11:50:47Z,87.0,Versa 4
2026-05-11T11:50:49Z,86.0,Versa 4
2026-05-11T11:50:51Z,89.0,Versa 4
2026-05-11T11:50:54Z,90.0,Versa 4
2026-05-11T11:50:56Z,89.0,Versa 4
2026-05-11T11:50:58Z,90.0,Versa 4
2026-05-11T11:51:00Z,91.0,Versa 4
2026-05-11T11:51:02Z,101.0,Versa 4
2026-05-11T11:51:04Z,103.0,Versa 4
2026-05-11T11:51:06Z,102.0,Versa 4
2026-05-11T11:51:09Z,102.0,Versa 4
2026-05-11T11:51:10Z,103.0,Versa 4
2026-05-11T11:51:13Z,103.0,Versa 4
2026-05-11T11:51:14Z,105.0,Versa 4
2026-05-11T11:51:16Z,104.0,Versa 4
2026-05-11T11:51:17Z,101.0,Versa 4
2026-05-11T11:51:19Z,100.0,Versa 4
2026-05-11T11:51:21Z,103.0,Versa 4
2026-05-11T11:51:24Z,103.0,Versa 4
2026-05-11T11:51:25Z,107.0,Versa 4
2026-05-11T11:51:27Z,107.0,Versa 4
2026-05-11T11:51:29Z,108.0,Versa 4
2026-05-11T11:51:31Z,109.0,Versa 4
2026-05-11T11:51:33Z,107.0,Versa 4
2026-05-11T11:51:35Z,106.0,Versa 4
2026-05-11T11:51:38Z,106.0,Versa 4
2026-05-11T11:51:40Z,104.0,Versa 4
2026-05-11T11:51:43Z,104.0,Versa 4
2026-05-11T11:51:46Z,97.0,Versa 4
2026-05-11T11:51:48Z,94.0,Versa 4
2026-05-11T11:51:50Z,96.0,Versa 4
2026-05-11T11:51:52Z,93.0,Versa 4
2026-05-11T11:51:55Z,93.0,Versa 4
2026-05-11T11:51:56Z,94.0,Versa 4
2026-05-11T11:51:58Z,96.0,Versa 4
2026-05-11T11:52:00Z,95.0,Versa 4
2026-05-11T11:52:03Z,95.0,Versa 4
2026-05-11T11:52:04Z,94.0,Versa 4
2026-05-11T11:52:05Z,100.0,Versa 4
2026-05-11T11:52:07Z,102.0,Versa 4
2026-05-11T11:52:09Z,100.0,Versa 4
2026-05-11T11:52:11Z,125.0,Versa 4
2026-05-11T11:52:13Z,113.0,Versa 4
2026-05-11T11:52:15Z,102.0,Versa 4
2026-05-11T11:52:17Z,109.0,Versa 4
2026-05-11T11:52:19Z,109.0,Versa 4
2026-05-11T11:52:21Z,103.0,Versa 4
2026-05-11T11:52:23Z,101.0,Versa 4
2026-05-11T11:52:25Z,102.0,Versa 4
2026-05-11T11:52:27Z,100.0,Versa 4
2026-05-11T11:52:28Z,101.0,Versa 4
2026-05-11T11:52:30Z,102.0,Versa 4
2026-05-11T11:52:33Z,102.0,Versa 4
2026-05-11T11:52:34Z,103.0,Versa 4
2026-05-11T11:52:36Z,104.0,Versa 4
2026-05-11T11:52:38Z,105.0,Versa 4
2026-05-11T11:52:41Z,105.0,Versa 4
2026-05-11T11:52:44Z,106.0,Versa 4
2026-05-11T11:52:46Z,105.0,Versa 4
2026-05-11T11:52:49Z,105.0,Versa 4
2026-05-11T11:52:50Z,106.0,Versa 4
2026-05-11T11:52:53Z,107.0,Versa 4
2026-05-11T11:52:56Z,107.0,Versa 4
2026-05-11T11:52:57Z,106.0,Versa 4
2026-05-11T11:53:00Z,106.0,Versa 4
2026-05-11T11:53:01Z,108.0,Versa 4
2026-05-11T11:53:04Z,108.0,Versa 4
2026-05-11T11:53:07Z,106.0,Versa 4
2026-05-11T11:53:09Z,103.0,Versa 4
2026-05-11T11:53:11Z,104.0,Versa 4
2026-05-11T11:53:13Z,102.0,Versa 4
2026-05-11T11:53:16Z,102.0,Versa 4
2026-05-11T11:53:18Z,101.0,Versa 4
2026-05-11T11:53:21Z,101.0,Versa 4
2026-05-11T11:53:24Z,102.0,Versa 4
2026-05-11T11:53:27Z,102.0,Versa 4
2026-05-11T11:53:28Z,101.0,Versa 4
2026-05-11T11:53:30Z,100.0,Versa 4
2026-05-11T11:53:32Z,100.0,Versa 4
2026-05-11T11:53:35Z,100.0,Versa 4
2026-05-11T11:53:38Z,101.0,Versa 4
2026-05-11T11:53:40Z,102.0,Versa 4
2026-05-11T11:53:42Z,103.0,Versa 4
2026-05-11T11:53:44Z,104.0,Versa 4
2026-05-11T11:53:46Z,105.0,Versa 4
2026-05-11T11:53:48Z,106.0,Versa 4
2026-05-11T11:53:50Z,104.0,Versa 4
2026-05-11T11:53:53Z,104.0,Versa 4
2026-05-11T11:53:55Z,103.0,Versa 4
2026-05-11T11:53:58Z,103.0,Versa 4
2026-05-11T11:53:59Z,103.0,Versa 4
2026-05-11T11:54:01Z,101.0,Versa 4
2026-05-11T11:54:03Z,103.0,Versa 4
2026-05-11T11:54:06Z,103.0,Versa 4
2026-05-11T11:54:07Z,101.0,Versa 4
2026-05-11T11:54:09Z,103.0,Versa 4
2026-05-11T11:54:11Z,102.0,Versa 4
2026-05-11T11:54:14Z,102.0,Versa 4
2026-05-11T11:54:15Z,104.0,Versa 4
2026-05-11T11:54:17Z,106.0,Versa 4
2026-05-11T11:54:19Z,104.0,Versa 4
2026-05-11T11:54:20Z,103.0,Versa 4
2026-05-11T11:54:22Z,102.0,Versa 4
2026-05-11T11:54:24Z,104.0,Versa 4
2026-05-11T11:54:26Z,105.0,Versa 4
2026-05-11T11:54:28Z,104.0,Versa 4
2026-05-11T11:54:30Z,105.0,Versa 4
2026-05-11T11:54:32Z,106.0,Versa 4
2026-05-11T11:54:34Z,107.0,Versa 4
2026-05-11T11:54:36Z,108.0,Versa 4
2026-05-11T11:54:39Z,108.0,Versa 4
2026-05-11T11:54:40Z,105.0,Versa 4
2026-05-11T11:54:42Z,104.0,Versa 4
2026-05-11T11:54:44Z,103.0,Versa 4
2026-05-11T11:54:45Z,102.0,Versa 4
2026-05-11T11:54:47Z,104.0,Versa 4
2026-05-11T11:54:49Z,105.0,Versa 4
2026-05-11T11:54:51Z,103.0,Versa 4
2026-05-11T11:54:53Z,104.0,Versa 4
2026-05-11T11:54:55Z,103.0,Versa 4
2026-05-11T11:54:58Z,103.0,Versa 4
2026-05-11T11:54:59Z,104.0,Versa 4
2026-05-11T11:55:02Z,104.0,Versa 4
2026-05-11T11:55:03Z,103.0,Versa 4
2026-05-11T11:55:05Z,102.0,Versa 4
2026-05-11T11:55:08Z,104.0,Versa 4
2026-05-11T11:55:11Z,104.0,Versa 4
2026-05-11T11:55:12Z,106.0,Versa 4
2026-05-11T11:55:14Z,110.0,Versa 4
2026-05-11T11:55:17Z,110.0,Versa 4
2026-05-11T11:55:18Z,111.0,Versa 4
2026-05-11T11:55:20Z,113.0,Versa 4
2026-05-11T11:55:22Z,111.0,Versa 4
2026-05-11T11:55:25Z,111.0,Versa 4
2026-05-11T11:55:26Z,112.0,Versa 4
2026-05-11T11:55:28Z,108.0,Versa 4
2026-05-11T11:55:30Z,113.0,Versa 4
2026-05-11T11:55:32Z,112.0,Versa 4
2026-05-11T11:55:33Z,112.0,Versa 4
2026-05-11T11:55:35Z,111.0,Versa 4
2026-05-11T11:55:37Z,112.0,Versa 4
2026-05-11T11:55:40Z,112.0,Versa 4
2026-05-11T11:55:41Z,113.0,Versa 4
2026-05-11T11:55:43Z,114.0,Versa 4
2026-05-11T11:55:45Z,112.0,Versa 4
2026-05-11T11:55:47Z,117.0,Versa 4
2026-05-11T11:55:49Z,120.0,Versa 4
2026-05-11T11:55:51Z,110.0,Versa 4
2026-05-11T11:55:53Z,108.0,Versa 4
2026-05-11T11:55:55Z,107.0,Versa 4
2026-05-11T11:55:56Z,107.0,Versa 4
2026-05-11T11:55:58Z,103.0,Versa 4
2026-05-11T11:56:00Z,107.0,Versa 4
2026-05-11T11:56:02Z,109.0,Versa 4
2026-05-11T11:56:04Z,103.0,Versa 4
2026-05-11T11:56:06Z,105.0,Versa 4
2026-05-11T11:56:08Z,106.0,Versa 4
2026-05-11T11:56:10Z,103.0,Versa 4
2026-05-11T11:56:12Z,105.0,Versa 4
2026-05-11T11:56:14Z,104.0,Versa 4
2026-05-11T11:56:16Z,106.0,Versa 4
2026-05-11T11:56:18Z,113.0,Versa 4
2026-05-11T11:56:20Z,108.0,Versa 4
2026-05-11T11:56:21Z,114.0,Versa 4
2026-05-11T11:56:23Z,127.0,Versa 4
2026-05-11T11:56:25Z,114.0,Versa 4
2026-05-11T11:56:27Z,123.0,Versa 4
2026-05-11T11:56:29Z,134.0,Versa 4
2026-05-11T11:56:31Z,119.0,Versa 4
2026-05-11T11:56:33Z,116.0,Versa 4
2026-05-11T11:56:35Z,124.0,Versa 4
2026-05-11T11:56:37Z,119.0,Versa 4
2026-05-11T11:56:39Z,123.0,Versa 4
2026-05-11T11:56:41Z,125.0,Versa 4
2026-05-11T11:56:43Z,113.0,Versa 4
2026-05-11T11:56:44Z,114.0,Versa 4
2026-05-11T11:56:46Z,123.0,Versa 4
2026-05-11T11:56:48Z,119.0,Versa 4
2026-05-11T11:56:50Z,121.0,Versa 4
2026-05-11T11:56:52Z,130.0,Versa 4
2026-05-11T11:56:54Z,125.0,Versa 4
2026-05-11T11:56:56Z,129.0,Versa 4
2026-05-11T11:56:58Z,145.0,Versa 4
2026-05-11T11:57:00Z,142.0,Versa 4
2026-05-11T11:57:02Z,143.0,Versa 4
2026-05-11T11:57:04Z,161.0,Versa 4
2026-05-11T11:57:06Z,152.0,Versa 4
2026-05-11T11:57:08Z,148.0,Versa 4
2026-05-11T11:57:09Z,146.0,Versa 4
2026-05-11T11:57:11Z,125.0,Versa 4
2026-05-11T11:57:13Z,135.0,Versa 4
2026-05-11T11:57:15Z,162.0,Versa 4
2026-05-11T11:57:17Z,157.0,Versa 4
2026-05-11T11:57:19Z,162.0,Versa 4
2026-05-11T11:57:21Z,168.0,Versa 4
2026-05-11T11:57:23Z,165.0,Versa 4
2026-05-11T11:57:25Z,158.0,Versa 4
2026-05-11T11:57:27Z,161.0,Versa 4
2026-05-11T11:57:29Z,163.0,Versa 4
2026-05-11T11:57:31Z,165.0,Versa 4
2026-05-11T11:57:32Z,167.0,Versa 4
2026-05-11T11:57:34Z,168.0,Versa 4
2026-05-11T11:57:36Z,171.0,Versa 4
2026-05-11T11:57:38Z,172.0,Versa 4
2026-05-11T11:57:40Z,170.0,Versa 4
2026-05-11T11:57:42Z,168.0,Versa 4
2026-05-11T11:57:44Z,169.0,Versa 4
2026-05-11T11:57:46Z,162.0,Versa 4
2026-05-11T11:57:48Z,172.0,Versa 4
2026-05-11T11:57:50Z,178.0,Versa 4
2026-05-11T11:57:52Z,172.0,Versa 4
2026-05-11T11:57:54Z,181.0,Versa 4
2026-05-11T11:57:56Z,179.0,Versa 4
2026-05-11T11:57:57Z,182.0,Versa 4
2026-05-11T11:57:59Z,180.0,Versa 4
2026-05-11T11:58:01Z,176.0,Versa 4
2026-05-11T11:58:03Z,178.0,Versa 4
2026-05-11T11:58:05Z,186.0,Versa 4
2026-05-11T11:58:07Z,185.0,Versa 4
2026-05-11T11:58:09Z,184.0,Versa 4
2026-05-11T11:58:11Z,187.0,Versa 4
2026-05-11T11:58:13Z,166.0,Versa 4
2026-05-11T11:58:15Z,166.0,Versa 4
2026-05-11T11:58:17Z,173.0,Versa 4
2026-05-11T11:58:19Z,169.0,Versa 4
2026-05-11T11:58:20Z,168.0,Versa 4
2026-05-11T11:58:22Z,166.0,Versa 4
2026-05-11T11:58:24Z,165.0,Versa 4
2026-05-11T11:58:26Z,166.0,Versa 4
2026-05-11T11:58:28Z,167.0,Versa 4
2026-05-11T11:58:30Z,166.0,Versa 4
2026-05-11T11:58:32Z,163.0,Versa 4
2026-05-11T11:58:34Z,166.0,Versa 4
2026-05-11T11:58:36Z,164.0,Versa 4
2026-05-11T11:58:38Z,152.0,Versa 4
2026-05-11T11:58:40Z,153.0,Versa 4
2026-05-11T11:58:42Z,157.0,Versa 4
2026-05-11T11:58:44Z,148.0,Versa 4
2026-05-11T11:58:47Z,160.0,Versa 4
2026-05-11T11:58:49Z,154.0,Versa 4
2026-05-11T11:58:51Z,155.0,Versa 4
2026-05-11T11:58:53Z,163.0,Versa 4
2026-05-11T11:58:55Z,152.0,Versa 4
2026-05-11T11:58:57Z,155.0,Versa 4
2026-05-11T11:58:59Z,158.0,Versa 4
2026-05-11T11:59:01Z,156.0,Versa 4
2026-05-11T11:59:03Z,160.0,Versa 4
2026-05-11T11:59:05Z,163.0,Versa 4
2026-05-11T11:59:07Z,164.0,Versa 4
2026-05-11T11:59:08Z,164.0,Versa 4
2026-05-11T11:59:10Z,163.0,Versa 4
2026-05-11T11:59:12Z,162.0,Versa 4
2026-05-11T11:59:14Z,161.0,Versa 4
2026-05-11T11:59:16Z,165.0,Versa 4
2026-05-11T11:59:18Z,160.0,Versa 4
2026-05-11T11:59:20Z,157.0,Versa 4
2026-05-11T11:59:22Z,160.0,Versa 4
2026-05-11T11:59:25Z,160.0,Versa 4
2026-05-11T11:59:26Z,157.0,Versa 4
2026-05-11T11:59:28Z,161.0,Versa 4
2026-05-11T11:59:30Z,159.0,Versa 4
2026-05-11T11:59:32Z,153.0,Versa 4
2026-05-11T11:59:33Z,156.0,Versa 4
2026-05-11T11:59:35Z,154.0,Versa 4
2026-05-11T11:59:37Z,151.0,Versa 4
2026-05-11T11:59:39Z,157.0,Versa 4
2026-05-11T11:59:41Z,155.0,Versa 4
2026-05-11T11:59:43Z,153.0,Versa 4
2026-05-11T11:59:46Z,153.0,Versa 4
2026-05-11T11:59:47Z,142.0,Versa 4
2026-05-11T11:59:50Z,142.0,Versa 4
2026-05-11T11:59:51Z,151.0,Versa 4
2026-05-11T11:59:53Z,153.0,Versa 4
2026-05-11T11:59:55Z,150.0,Versa 4
2026-05-11T11:59:56Z,149.0,Versa 4
2026-05-11T11:59:58Z,153.0,Versa 4
2026-05-11T12:00:00Z,149.0,Versa 4
2026-05-11T12:00:02Z,151.0,Versa 4
2026-05-11T12:00:04Z,149.0,Versa 4
2026-05-11T12:00:06Z,141.0,Versa 4
2026-05-11T12:00:08Z,148.0,Versa 4
2026-05-11T12:00:10Z,149.0,Versa 4
2026-05-11T12:00:12Z,155.0,Versa 4
2026-05-11T12:00:14Z,156.0,Versa 4
2026-05-11T12:00:16Z,141.0,Versa 4
2026-05-11T12:00:18Z,145.0,Versa 4
2026-05-11T12:00:20Z,148.0,Versa 4
2026-05-11T12:00:21Z,140.0,Versa 4
2026-05-11T12:00:23Z,148.0,Versa 4
2026-05-11T12:00:26Z,148.0,Versa 4
2026-05-11T12:00:27Z,145.0,Versa 4
2026-05-11T12:00:29Z,152.0,Versa 4
2026-05-11T12:00:31Z,157.0,Versa 4
2026-05-11T12:00:33Z,145.0,Versa 4
2026-05-11T12:00:35Z,136.0,Versa 4
2026-05-11T12:00:37Z,145.0,Versa 4
2026-05-11T12:00:39Z,137.0,Versa 4
2026-05-11T12:00:41Z,141.0,Versa 4
2026-05-11T12:00:43Z,149.0,Versa 4
2026-05-11T12:00:44Z,147.0,Versa 4
2026-05-11T12:00:46Z,146.0,Versa 4
2026-05-11T12:00:48Z,159.0,Versa 4
2026-05-11T12:00:50Z,153.0,Versa 4
2026-05-11T12:00:52Z,151.0,Versa 4
2026-05-11T12:00:54Z,160.0,Versa 4
2026-05-11T12:00:56Z,158.0,Versa 4
2026-05-11T12:00:58Z,147.0,Versa 4
2026-05-11T12:01:01Z,147.0,Versa 4
2026-05-11T12:01:02Z,130.0,Versa 4
2026-05-11T12:01:04Z,148.0,Versa 4
2026-05-11T12:01:06Z,138.0,Versa 4
2026-05-11T12:01:08Z,132.0,Versa 4
2026-05-11T12:01:09Z,129.0,Versa 4
2026-05-11T12:01:13Z,121.0,Versa 4
2026-05-11T12:01:16Z,121.0,Versa 4
2026-05-11T12:01:17Z,120.0,Versa 4
2026-05-11T12:01:19Z,118.0,Versa 4
2026-05-11T12:01:21Z,116.0,Versa 4
2026-05-11T12:01:24Z,116.0,Versa 4
2026-05-11T12:01:25Z,115.0,Versa 4
2026-05-11T12:01:27Z,116.0,Versa 4
2026-05-11T12:01:29Z,115.0,Versa 4
2026-05-11T12:01:31Z,114.0,Versa 4
2026-05-11T12:01:34Z,114.0,Versa 4
2026-05-11T12:01:35Z,117.0,Versa 4
2026-05-11T12:01:37Z,115.0,Versa 4
2026-05-11T12:01:39Z,116.0,Versa 4
2026-05-11T12:01:41Z,115.0,Versa 4
2026-05-11T12:01:42Z,113.0,Versa 4
2026-05-11T12:01:44Z,114.0,Versa 4
2026-05-11T12:01:46Z,115.0,Versa 4
2026-05-11T12:01:48Z,114.0,Versa 4
2026-05-11T12:01:51Z,114.0,Versa 4
2026-05-11T12:01:52Z,116.0,Versa 4
2026-05-11T12:01:54Z,114.0,Versa 4
2026-05-11T12:01:56Z,117.0,Versa 4
2026-05-11T12:01:58Z,120.0,Versa 4
2026-05-11T12:02:00Z,117.0,Versa 4
2026-05-11T12:02:02Z,117.0,Versa 4
2026-05-11T12:02:04Z,126.0,Versa 4
2026-05-11T12:02:05Z,118.0,Versa 4
2026-05-11T12:02:07Z,116.0,Versa 4
2026-05-11T12:02:09Z,121.0,Versa 4
2026-05-11T12:02:11Z,116.0,Versa 4
2026-05-11T12:02:13Z,116.0,Versa 4
2026-05-11T12:02:15Z,120.0,Versa 4
2026-05-11T12:02:17Z,114.0,Versa 4
2026-05-11T12:02:19Z,113.0,Versa 4
2026-05-11T12:02:21Z,114.0,Versa 4
2026-05-11T12:02:23Z,110.0,Versa 4
2026-05-11T12:02:25Z,112.0,Versa 4
2026-05-11T12:02:27Z,125.0,Versa 4
2026-05-11T12:02:29Z,129.0,Versa 4
2026-05-11T12:02:30Z,120.0,Versa 4
2026-05-11T12:02:32Z,129.0,Versa 4
2026-05-11T12:02:34Z,125.0,Versa 4
2026-05-11T12:02:36Z,119.0,Versa 4
2026-05-11T12:02:38Z,125.0,Versa 4
2026-05-11T12:02:40Z,120.0,Versa 4
2026-05-11T12:02:42Z,116.0,Versa 4
2026-05-11T12:02:44Z,125.0,Versa 4
2026-05-11T12:02:46Z,124.0,Versa 4
2026-05-11T12:02:48Z,121.0,Versa 4
2026-05-11T12:02:50Z,124.0,Versa 4
2026-05-11T12:02:52Z,112.0,Versa 4
2026-05-11T12:02:53Z,113.0,Versa 4
2026-05-11T12:02:56Z,113.0,Versa 4
2026-05-11T12:02:57Z,114.0,Versa 4
2026-05-11T12:02:59Z,111.0,Versa 4
2026-05-11T12:03:01Z,109.0,Versa 4
2026-05-11T12:03:03Z,107.0,Versa 4
2026-05-11T12:03:05Z,109.0,Versa 4
2026-05-11T12:03:08Z,109.0,Versa 4
2026-05-11T12:03:09Z,108.0,Versa 4
2026-05-11T12:03:11Z,106.0,Versa 4
2026-05-11T12:03:14Z,106.0,Versa 4
2026-05-11T12:03:15Z,104.0,Versa 4
2026-05-11T12:03:18Z,105.0,Versa 4
2026-05-11T12:03:21Z,105.0,Versa 4
2026-05-11T12:03:22Z,104.0,Versa 4
2026-05-11T12:03:24Z,105.0,Versa 4
2026-05-11T12:03:27Z,105.0,Versa 4
2026-05-11T12:03:30Z,106.0,Versa 4
2026-05-11T12:03:32Z,107.0,Versa 4
2026-05-11T12:03:34Z,106.0,Versa 4
2026-05-11T12:03:36Z,108.0,Versa 4
2026-05-11T12:03:38Z,112.0,Versa 4
2026-05-11T12:03:41Z,111.0,Versa 4
2026-05-11T12:03:44Z,111.0,Versa 4
2026-05-11T12:03:47Z,110.0,Versa 4
2026-05-11T12:03:49Z,109.0,Versa 4
2026-05-11T12:03:51Z,107.0,Versa 4
2026-05-11T12:03:53Z,109.0,Versa 4
2026-05-11T12:03:55Z,110.0,Versa 4
2026-05-11T12:03:58Z,110.0,Versa 4
2026-05-11T12:03:59Z,109.0,Versa 4
2026-05-11T12:04:01Z,110.0,Versa 4
2026-05-11T12:04:03Z,111.0,Versa 4
2026-05-11T12:04:06Z,110.0,Versa 4
2026-05-11T12:04:09Z,110.0,Versa 4
2026-05-11T12:04:12Z,110.0,Versa 4
2026-05-11T12:04:14Z,109.0,Versa 4
2026-05-11T12:04:16Z,108.0,Versa 4
2026-05-11T12:04:19Z,108.0,Versa 4
2026-05-11T12:04:22Z,107.0,Versa 4
2026-05-11T12:04:25Z,107.0,Versa 4
2026-05-11T12:04:26Z,106.0,Versa 4
2026-05-11T12:04:28Z,107.0,Versa 4
2026-05-11T12:04:31Z,107.0,Versa 4
2026-05-11T12:04:33Z,106.0,Versa 4
2026-05-11T12:04:35Z,104.0,Versa 4
2026-05-11T12:04:37Z,103.0,Versa 4
2026-05-11T12:04:39Z,102.0,Versa 4
2026-05-11T12:04:41Z,104.0,Versa 4
2026-05-11T12:04:43Z,106.0,Versa 4
2026-05-11T12:04:46Z,106.0,Versa 4
2026-05-11T12:04:47Z,105.0,Versa 4
2026-05-11T12:04:50Z,105.0,Versa 4
2026-05-11T12:04:51Z,102.0,Versa 4
2026-05-11T12:04:53Z,99.0,Versa 4
2026-05-11T12:04:54Z,101.0,Versa 4
2026-05-11T12:04:56Z,102.0,Versa 4
2026-05-11T12:04:58Z,104.0,Versa 4
2026-05-11T12:05:01Z,104.0,Versa 4
2026-05-11T12:05:04Z,106.0,Versa 4
2026-05-11T12:05:07Z,106.0,Versa 4
2026-05-11T12:05:10Z,106.0,Versa 4
2026-05-11T12:05:13Z,106.0,Versa 4
2026-05-11T12:05:14Z,105.0,Versa 4
2026-05-11T12:05:16Z,102.0,Versa 4
2026-05-11T12:05:17Z,101.0,Versa 4
2026-05-11T12:05:19Z,103.0,Versa 4
2026-05-11T12:05:21Z,104.0,Versa 4
2026-05-11T12:05:23Z,103.0,Versa 4
2026-05-11T12:05:26Z,103.0,Versa 4
2026-05-11T12:05:27Z,104.0,Versa 4
2026-05-11T12:05:29Z,103.0,Versa 4
2026-05-11T12:05:31Z,104.0,Versa 4
2026-05-11T12:05:34Z,104.0,Versa 4
2026-05-11T12:05:35Z,108.0,Versa 4
2026-05-11T12:05:38Z,108.0,Versa 4
2026-05-11T12:05:41Z,108.0,Versa 4
2026-05-11T12:05:44Z,108.0,Versa 4
2026-05-11T12:05:46Z,115.0,Versa 4
2026-05-11T12:05:48Z,122.0,Versa 4
2026-05-11T12:05:50Z,118.0,Versa 4
2026-05-11T12:05:52Z,116.0,Versa 4
2026-05-11T12:05:54Z,119.0,Versa 4
2026-05-11T12:05:56Z,118.0,Versa 4
2026-05-11T12:05:58Z,115.0,Versa 4
2026-05-11T12:06:00Z,113.0,Versa 4
2026-05-11T12:06:02Z,115.0,Versa 4
2026-05-11T12:06:04Z,113.0,Versa 4
2026-05-11T12:06:05Z,110.0,Versa 4
2026-05-11T12:06:07Z,111.0,Versa 4
2026-05-11T12:06:09Z,112.0,Versa 4
2026-05-11T12:06:12Z,112.0,Versa 4
2026-05-11T12:06:13Z,110.0,Versa 4
2026-05-11T12:06:15Z,108.0,Versa 4
2026-05-11T12:06:17Z,107.0,Versa 4
2026-05-11T12:06:20Z,107.0,Versa 4
2026-05-11T12:06:23Z,108.0,Versa 4
2026-05-11T12:06:25Z,109.0,Versa 4
2026-05-11T12:06:27Z,108.0,Versa 4
2026-05-11T12:06:29Z,107.0,Versa 4
2026-05-11T12:06:30Z,108.0,Versa 4
2026-05-11T12:06:33Z,108.0,Versa 4
2026-05-11T12:06:36Z,108.0,Versa 4
2026-05-11T12:06:38Z,107.0,Versa 4
2026-05-11T12:06:41Z,107.0,Versa 4
2026-05-11T12:06:42Z,108.0,Versa 4
2026-05-11T12:06:45Z,108.0,Versa 4
2026-05-11T12:06:46Z,109.0,Versa 4
2026-05-11T12:06:48Z,110.0,Versa 4
2026-05-11T12:06:50Z,111.0,Versa 4
2026-05-11T12:06:52Z,110.0,Versa 4
2026-05-11T12:06:55Z,110.0,Versa 4
2026-05-11T12:06:57Z,109.0,Versa 4
2026-05-11T12:07:00Z,109.0,Versa 4
2026-05-11T12:07:03Z,108.0,Versa 4
2026-05-11T12:07:06Z,108.0,Versa 4
2026-05-11T12:07:09Z,107.0,Versa 4
2026-05-11T12:07:11Z,106.0,Versa 4
2026-05-11T12:07:14Z,106.0,Versa 4
2026-05-11T12:07:15Z,107.0,Versa 4
2026-05-11T12:07:18Z,107.0,Versa 4
2026-05-11T12:07:20Z,110.0,Versa 4
2026-05-11T12:07:23Z,110.0,Versa 4
2026-05-11T12:07:24Z,109.0,Versa 4
2026-05-11T12:07:27Z,109.0,Versa 4
2026-05-11T12:07:28Z,108.0,Versa 4
2026-05-11T12:07:30Z,107.0,Versa 4
2026-05-11T12:07:32Z,106.0,Versa 4
2026-05-11T12:07:34Z,107.0,Versa 4
2026-05-11T12:07:36Z,108.0,Versa 4
2026-05-11T12:07:38Z,107.0,Versa 4
2026-05-11T12:07:41Z,106.0,Versa 4
2026-05-11T12:07:43Z,107.0,Versa 4
2026-05-11T12:07:46Z,107.0,Versa 4
2026-05-11T12:07:47Z,106.0,Versa 4
2026-05-11T12:07:49Z,105.0,Versa 4
2026-05-11T12:07:51Z,107.0,Versa 4
2026-05-11T12:07:53Z,108.0,Versa 4
2026-05-11T12:07:56Z,108.0,Versa 4
2026-05-11T12:07:59Z,108.0,Versa 4
2026-05-11T12:08:01Z,109.0,Versa 4
2026-05-11T12:08:03Z,110.0,Versa 4
2026-05-11T12:08:05Z,112.0,Versa 4
2026-05-11T12:08:06Z,107.0,Versa 4
2026-05-11T12:08:08Z,105.0,Versa 4
2026-05-11T12:08:10Z,103.0,Versa 4
2026-05-11T12:08:12Z,101.0,Versa 4
2026-05-11T12:08:14Z,94.0,Versa 4
2026-05-11T12:08:16Z,92.0,Versa 4
2026-05-11T12:08:18Z,95.0,Versa 4
2026-05-11T12:08:20Z,96.0,Versa 4
2026-05-11T12:08:22Z,101.0,Versa 4
2026-05-11T12:08:24Z,103.0,Versa 4
2026-05-11T12:08:26Z,94.0,Versa 4
2026-05-11T12:08:28Z,91.0,Versa 4
2026-05-11T12:08:29Z,98.0,Versa 4
2026-05-11T12:08:32Z,98.0,Versa 4
2026-05-11T12:08:33Z,100.0,Versa 4
2026-05-11T12:08:35Z,99.0,Versa 4
2026-05-11T12:08:38Z,99.0,Versa 4
2026-05-11T12:08:39Z,105.0,Versa 4
2026-05-11T12:08:41Z,103.0,Versa 4
2026-05-11T12:08:43Z,104.0,Versa 4
2026-05-11T12:08:45Z,105.0,Versa 4
2026-05-11T12:08:47Z,107.0,Versa 4
2026-05-11T12:08:49Z,109.0,Versa 4
2026-05-11T12:08:52Z,109.0,Versa 4
2026-05-11T12:08:53Z,110.0,Versa 4
2026-05-11T12:08:56Z,110.0,Versa 4
2026-05-11T12:08:59Z,110.0,Versa 4
2026-05-11T12:09:00Z,109.0,Versa 4
2026-05-11T12:09:02Z,107.0,Versa 4
2026-05-11T12:09:04Z,111.0,Versa 4
2026-05-11T12:09:06Z,112.0,Versa 4
2026-05-11T12:09:08Z,109.0,Versa 4
2026-05-11T12:09:10Z,111.0,Versa 4
2026-05-11T12:09:12Z,115.0,Versa 4
2026-05-11T12:09:14Z,118.0,Versa 4
2026-05-11T12:09:17Z,122.0,Versa 4
2026-05-11T12:09:20Z,122.0,Versa 4
2026-05-11T12:09:21Z,121.0,Versa 4
2026-05-11T12:09:23Z,119.0,Versa 4
2026-05-11T12:09:26Z,119.0,Versa 4
2026-05-11T12:09:27Z,120.0,Versa 4
2026-05-11T12:09:30Z,120.0,Versa 4
2026-05-11T12:09:31Z,123.0,Versa 4
2026-05-11T12:09:33Z,119.0,Versa 4
2026-05-11T12:09:35Z,116.0,Versa 4
2026-05-11T12:09:37Z,115.0,Versa 4
2026-05-11T12:09:39Z,113.0,Versa 4
2026-05-11T12:09:41Z,112.0,Versa 4
2026-05-11T12:09:42Z,111.0,Versa 4
2026-05-11T12:09:45Z,111.0,Versa 4
2026-05-11T12:09:48Z,110.0,Versa 4
2026-05-11T12:09:51Z,110.0,Versa 4
2026-05-11T12:09:52Z,107.0,Versa 4
2026-05-11T12:09:55Z,107.0,Versa 4
2026-05-11T12:09:56Z,109.0,Versa 4
2026-05-11T12:09:59Z,109.0,Versa 4
2026-05-11T12:10:00Z,110.0,Versa 4
2026-05-11T12:10:02Z,109.0,Versa 4
2026-05-11T12:10:05Z,109.0,Versa 4
2026-05-11T12:10:07Z,108.0,Versa 4
2026-05-11T12:10:09Z,107.0,Versa 4
2026-05-11T12:10:11Z,100.0,Versa 4
2026-05-11T12:10:14Z,100.0,Versa 4
2026-05-11T12:10:15Z,101.0,Versa 4
2026-05-11T12:10:17Z,103.0,Versa 4
2026-05-11T12:10:19Z,104.0,Versa 4
2026-05-11T12:10:22Z,104.0,Versa 4
2026-05-11T12:10:25Z,104.0,Versa 4
2026-05-11T12:10:27Z,107.0,Versa 4
2026-05-11T12:10:30Z,106.0,Versa 4
2026-05-11T12:10:33Z,106.0,Versa 4
2026-05-11T12:10:34Z,105.0,Versa 4
2026-05-11T12:10:36Z,104.0,Versa 4
2026-05-11T12:10:39Z,104.0,Versa 4
2026-05-11T12:10:42Z,106.0,Versa 4
2026-05-11T12:10:44Z,111.0,Versa 4
2026-05-11T12:10:47Z,111.0,Versa 4
2026-05-11T12:10:50Z,109.0,Versa 4
2026-05-11T12:10:53Z,107.0,Versa 4
2026-05-11T12:10:55Z,108.0,Versa 4
2026-05-11T12:10:58Z,108.0,Versa 4
2026-05-11T12:11:01Z,110.0,Versa 4
2026-05-11T12:11:03Z,113.0,Versa 4
2026-05-11T12:11:05Z,110.0,Versa 4
2026-05-11T12:11:07Z,109.0,Versa 4
2026-05-11T12:11:10Z,109.0,Versa 4
2026-05-11T12:11:13Z,109.0,Versa 4
2026-05-11T12:11:15Z,108.0,Versa 4
2026-05-11T12:11:17Z,107.0,Versa 4
2026-05-11T12:11:18Z,108.0,Versa 4
2026-05-11T12:11:20Z,107.0,Versa 4
2026-05-11T12:11:22Z,110.0,Versa 4
2026-05-11T12:11:24Z,111.0,Versa 4
2026-05-11T12:11:26Z,112.0,Versa 4
2026-05-11T12:11:28Z,111.0,Versa 4
2026-05-11T12:11:30Z,112.0,Versa 4
2026-05-11T12:11:32Z,113.0,Versa 4
2026-05-11T12:11:35Z,113.0,Versa 4
2026-05-11T12:11:38Z,114.0,Versa 4
2026-05-11T12:11:40Z,114.0,Versa 4
2026-05-11T12:11:41Z,113.0,Versa 4
2026-05-11T12:11:43Z,111.0,Versa 4
2026-05-11T12:11:45Z,109.0,Versa 4
2026-05-11T12:11:47Z,106.0,Versa 4
2026-05-11T12:11:50Z,106.0,Versa 4
2026-05-11T12:11:51Z,107.0,Versa 4
2026-05-11T12:11:54Z,107.0,Versa 4
2026-05-11T12:11:55Z,106.0,Versa 4
2026-05-11T12:11:57Z,105.0,Versa 4
2026-05-11T12:11:59Z,107.0,Versa 4
2026-05-11T12:12:01Z,104.0,Versa 4
2026-05-11T12:12:03Z,105.0,Versa 4
2026-05-11T12:12:05Z,104.0,Versa 4
2026-05-11T12:12:06Z,105.0,Versa 4
2026-05-11T12:12:09Z,105.0,Versa 4
2026-05-11T12:12:12Z,104.0,Versa 4
2026-05-11T12:12:14Z,103.0,Versa 4
2026-05-11T12:12:16Z,102.0,Versa 4
2026-05-11T12:12:19Z,102.0,Versa 4
2026-05-11T12:12:22Z,101.0,Versa 4
2026-05-11T12:12:24Z,100.0,Versa 4
2026-05-11T12:12:26Z,101.0,Versa 4
2026-05-11T12:12:28Z,103.0,Versa 4
2026-05-11T12:12:29Z,104.0,Versa 4
2026-05-11T12:12:32Z,104.0,Versa 4
2026-05-11T12:12:33Z,106.0,Versa 4
2026-05-11T12:12:35Z,108.0,Versa 4
2026-05-11T12:12:37Z,106.0,Versa 4
2026-05-11T12:12:39Z,107.0,Versa 4
2026-05-11T12:12:42Z,107.0,Versa 4
2026-05-11T12:12:45Z,107.0,Versa 4
2026-05-11T12:12:47Z,108.0,Versa 4
2026-05-11T12:12:50Z,108.0,Versa 4
2026-05-11T12:12:53Z,108.0,Versa 4
2026-05-11T12:12:54Z,109.0,Versa 4
2026-05-11T12:12:56Z,108.0,Versa 4
2026-05-11T12:12:58Z,106.0,Versa 4
2026-05-11T12:13:00Z,107.0,Versa 4
2026-05-11T12:13:02Z,108.0,Versa 4
2026-05-11T12:13:04Z,109.0,Versa 4
2026-05-11T12:13:06Z,108.0,Versa 4
2026-05-11T12:13:08Z,107.0,Versa 4
2026-05-11T12:13:10Z,106.0,Versa 4
2026-05-11T12:13:12Z,107.0,Versa 4
2026-05-11T12:13:14Z,108.0,Versa 4
2026-05-11T12:13:17Z,108.0,Versa 4
2026-05-11T12:13:19Z,111.0,Versa 4
2026-05-11T12:13:21Z,109.0,Versa 4
2026-05-11T12:13:24Z,109.0,Versa 4
2026-05-11T12:13:25Z,111.0,Versa 4
2026-05-11T12:13:27Z,113.0,Versa 4
2026-05-11T12:13:29Z,112.0,Versa 4
2026-05-11T12:13:32Z,112.0,Versa 4
2026-05-11T12:13:33Z,117.0,Versa 4
2026-05-11T12:13:35Z,117.0,Versa 4
2026-05-11T12:13:37Z,118.0,Versa 4
2026-05-11T12:13:39Z,123.0,Versa 4
2026-05-11T12:13:41Z,126.0,Versa 4
2026-05-11T12:13:42Z,128.0,Versa 4
2026-05-11T12:13:44Z,125.0,Versa 4
2026-05-11T12:13:46Z,127.0,Versa 4
2026-05-11T12:13:48Z,135.0,Versa 4
2026-05-11T12:13:50Z,140.0,Versa 4
2026-05-11T12:13:52Z,143.0,Versa 4
2026-05-11T12:13:54Z,146.0,Versa 4
2026-05-11T12:13:56Z,145.0,Versa 4
2026-05-11T12:13:59Z,145.0,Versa 4
2026-05-11T12:14:00Z,146.0,Versa 4
2026-05-11T12:14:02Z,144.0,Versa 4
2026-05-11T12:14:05Z,147.0,Versa 4
2026-05-11T12:14:07Z,145.0,Versa 4
2026-05-11T12:14:09Z,143.0,Versa 4
2026-05-11T12:14:11Z,140.0,Versa 4
2026-05-11T12:14:13Z,137.0,Versa 4
2026-05-11T12:14:16Z,137.0,Versa 4
2026-05-11T12:14:17Z,136.0,Versa 4
2026-05-11T12:14:19Z,134.0,Versa 4
2026-05-11T12:14:21Z,131.0,Versa 4
2026-05-11T12:14:24Z,131.0,Versa 4
2026-05-11T12:14:25Z,130.0,Versa 4
2026-05-11T12:14:28Z,130.0,Versa 4
2026-05-11T12:14:29Z,132.0,Versa 4
2026-05-11T12:14:30Z,128.0,Versa 4
2026-05-11T12:14:32Z,129.0,Versa 4
2026-05-11T12:14:34Z,130.0,Versa 4
2026-05-11T12:14:36Z,128.0,Versa 4
2026-05-11T12:14:38Z,131.0,Versa 4
2026-05-11T12:14:40Z,130.0,Versa 4
2026-05-11T12:14:43Z,130.0,Versa 4
2026-05-11T12:14:46Z,129.0,Versa 4
2026-05-11T12:14:48Z,130.0,Versa 4
2026-05-11T12:14:51Z,130.0,Versa 4
2026-05-11T12:14:53Z,129.0,Versa 4
2026-05-11T12:14:55Z,130.0,Versa 4
2026-05-11T12:14:58Z,130.0,Versa 4
2026-05-11T12:14:59Z,129.0,Versa 4
2026-05-11T12:15:01Z,128.0,Versa 4
2026-05-11T12:15:04Z,128.0,Versa 4
2026-05-11T12:15:07Z,130.0,Versa 4
2026-05-11T12:15:10Z,130.0,Versa 4
2026-05-11T12:15:11Z,129.0,Versa 4
2026-05-11T12:15:14Z,129.0,Versa 4
2026-05-11T12:15:15Z,131.0,Versa 4
2026-05-11T12:15:17Z,134.0,Versa 4
2026-05-11T12:15:18Z,138.0,Versa 4
2026-05-11T12:15:20Z,135.0,Versa 4
2026-05-11T12:15:22Z,135.0,Versa 4
2026-05-11T12:15:24Z,137.0,Versa 4
2026-05-11T12:15:26Z,135.0,Versa 4
2026-05-11T12:15:28Z,132.0,Versa 4
2026-05-11T12:15:30Z,133.0,Versa 4
2026-05-11T12:15:32Z,133.0,Versa 4
2026-05-11T12:15:34Z,132.0,Versa 4
2026-05-11T12:15:37Z,132.0,Versa 4
2026-05-11T12:15:38Z,130.0,Versa 4
2026-05-11T12:15:40Z,128.0,Versa 4
2026-05-11T12:15:41Z,133.0,Versa 4
2026-05-11T12:15:43Z,138.0,Versa 4
2026-05-11T12:15:45Z,139.0,Versa 4
2026-05-11T12:15:47Z,131.0,Versa 4
2026-05-11T12:15:50Z,131.0,Versa 4
2026-05-11T12:15:53Z,127.0,Versa 4
2026-05-11T12:15:56Z,127.0,Versa 4
2026-05-11T12:15:57Z,129.0,Versa 4
2026-05-11T12:15:59Z,130.0,Versa 4
2026-05-11T12:16:01Z,132.0,Versa 4
2026-05-11T12:16:04Z,132.0,Versa 4
2026-05-11T12:16:05Z,130.0,Versa 4
2026-05-11T12:16:06Z,132.0,Versa 4
2026-05-11T12:16:09Z,132.0,Versa 4
2026-05-11T12:16:10Z,130.0,Versa 4
2026-05-11T12:16:12Z,131.0,Versa 4
2026-05-11T12:16:14Z,133.0,Versa 4
2026-05-11T12:16:16Z,133.0,Versa 4
2026-05-11T12:16:18Z,132.0,Versa 4
2026-05-11T12:16:20Z,134.0,Versa 4
2026-05-11T12:16:22Z,135.0,Versa 4
2026-05-11T12:16:25Z,135.0,Versa 4
2026-05-11T12:16:28Z,134.0,Versa 4
2026-05-11T12:16:29Z,135.0,Versa 4
2026-05-11T12:16:31Z,137.0,Versa 4
2026-05-11T12:16:34Z,137.0,Versa 4
2026-05-11T12:16:35Z,138.0,Versa 4
2026-05-11T12:16:38Z,138.0,Versa 4
2026-05-11T12:16:41Z,137.0,Versa 4
2026-05-11T12:16:44Z,137.0,Versa 4
2026-05-11T12:16:47Z,137.0,Versa 4
2026-05-11T12:16:49Z,139.0,Versa 4
2026-05-11T12:16:51Z,138.0,Versa 4
2026-05-11T12:16:54Z,138.0,Versa 4
2026-05-11T12:16:57Z,138.0,Versa 4
2026-05-11T12:16:58Z,137.0,Versa 4
2026-05-11T12:17:01Z,137.0,Versa 4
2026-05-11T12:17:04Z,136.0,Versa 4
2026-05-11T12:17:06Z,134.0,Versa 4
2026-05-11T12:17:09Z,134.0,Versa 4
2026-05-11T12:17:12Z,133.0,Versa 4
2026-05-11T12:17:14Z,132.0,Versa 4
2026-05-11T12:17:16Z,130.0,Versa 4
2026-05-11T12:17:17Z,124.0,Versa 4
2026-05-11T12:17:19Z,123.0,Versa 4
2026-05-11T12:17:21Z,124.0,Versa 4
2026-05-11T12:17:23Z,125.0,Versa 4
2026-05-11T12:17:25Z,128.0,Versa 4
2026-05-11T12:17:27Z,129.0,Versa 4
2026-05-11T12:17:29Z,127.0,Versa 4
2026-05-11T12:17:31Z,124.0,Versa 4
2026-05-11T12:17:33Z,125.0,Versa 4
2026-05-11T12:17:35Z,124.0,Versa 4
2026-05-11T12:17:38Z,124.0,Versa 4
2026-05-11T12:17:39Z,125.0,Versa 4
2026-05-11T12:17:41Z,127.0,Versa 4
2026-05-11T12:17:42Z,129.0,Versa 4
2026-05-11T12:17:45Z,129.0,Versa 4
2026-05-11T12:17:48Z,128.0,Versa 4
2026-05-11T12:17:51Z,128.0,Versa 4
2026-05-11T12:17:54Z,127.0,Versa 4
2026-05-11T12:17:56Z,126.0,Versa 4
2026-05-11T12:17:58Z,125.0,Versa 4
2026-05-11T12:18:00Z,124.0,Versa 4
2026-05-11T12:18:02Z,125.0,Versa 4
2026-05-11T12:18:04Z,124.0,Versa 4
2026-05-11T12:18:07Z,125.0,Versa 4
2026-05-11T12:18:10Z,125.0,Versa 4
2026-05-11T12:18:13Z,125.0,Versa 4
2026-05-11T12:18:15Z,124.0,Versa 4
2026-05-11T12:18:17Z,125.0,Versa 4
2026-05-11T12:18:19Z,126.0,Versa 4
2026-05-11T12:18:21Z,125.0,Versa 4
2026-05-11T12:18:24Z,125.0,Versa 4
2026-05-11T12:18:25Z,126.0,Versa 4
2026-05-11T12:18:27Z,124.0,Versa 4
2026-05-11T12:18:29Z,125.0,Versa 4
2026-05-11T12:18:30Z,124.0,Versa 4
2026-05-11T12:18:33Z,124.0,Versa 4
2026-05-11T12:18:34Z,130.0,Versa 4
2026-05-11T12:18:36Z,131.0,Versa 4
2026-05-11T12:18:38Z,130.0,Versa 4
2026-05-11T12:18:40Z,132.0,Versa 4
2026-05-11T12:18:42Z,129.0,Versa 4
2026-05-11T12:18:44Z,130.0,Versa 4
2026-05-11T12:18:46Z,131.0,Versa 4
2026-05-11T12:18:48Z,128.0,Versa 4
2026-05-11T12:18:51Z,128.0,Versa 4
2026-05-11T12:18:52Z,129.0,Versa 4
2026-05-11T12:18:53Z,130.0,Versa 4
2026-05-11T12:18:56Z,130.0,Versa 4
2026-05-11T12:18:59Z,129.0,Versa 4
2026-05-11T12:19:02Z,129.0,Versa 4
2026-05-11T12:19:03Z,127.0,Versa 4
2026-05-11T12:19:05Z,126.0,Versa 4
2026-05-11T12:19:07Z,124.0,Versa 4
2026-05-11T12:19:09Z,124.0,Versa 4
2026-05-11T12:19:11Z,127.0,Versa 4
2026-05-11T12:19:13Z,124.0,Versa 4
2026-05-11T12:19:16Z,124.0,Versa 4
2026-05-11T12:19:17Z,128.0,Versa 4
2026-05-11T12:19:18Z,126.0,Versa 4
2026-05-11T12:19:21Z,126.0,Versa 4
2026-05-11T12:19:24Z,123.0,Versa 4
2026-05-11T12:19:26Z,124.0,Versa 4
2026-05-11T12:19:28Z,126.0,Versa 4
2026-05-11T12:19:30Z,123.0,Versa 4
2026-05-11T12:19:32Z,117.0,Versa 4
2026-05-11T12:19:35Z,117.0,Versa 4
2026-05-11T12:19:36Z,111.0,Versa 4
2026-05-11T12:19:38Z,121.0,Versa 4
2026-05-11T12:19:40Z,128.0,Versa 4
2026-05-11T12:19:41Z,131.0,Versa 4
2026-05-11T12:19:43Z,128.0,Versa 4
2026-05-11T12:19:45Z,130.0,Versa 4
2026-05-11T12:19:47Z,133.0,Versa 4
2026-05-11T12:19:49Z,130.0,Versa 4
2026-05-11T12:19:51Z,138.0,Versa 4
2026-05-11T12:19:53Z,137.0,Versa 4
2026-05-11T12:19:55Z,128.0,Versa 4
2026-05-11T12:19:57Z,135.0,Versa 4
2026-05-11T12:19:59Z,133.0,Versa 4
2026-05-11T12:20:01Z,135.0,Versa 4
2026-05-11T12:20:03Z,136.0,Versa 4
2026-05-11T12:20:05Z,134.0,Versa 4
2026-05-11T12:20:06Z,129.0,Versa 4
2026-05-11T12:20:08Z,136.0,Versa 4
2026-05-11T12:20:10Z,139.0,Versa 4
2026-05-11T12:20:12Z,137.0,Versa 4
2026-05-11T12:20:14Z,139.0,Versa 4
2026-05-11T12:20:16Z,143.0,Versa 4
2026-05-11T12:20:18Z,138.0,Versa 4
2026-05-11T12:20:20Z,139.0,Versa 4
2026-05-11T12:20:22Z,138.0,Versa 4
2026-05-11T12:20:24Z,132.0,Versa 4
2026-05-11T12:20:26Z,136.0,Versa 4
2026-05-11T12:20:28Z,136.0,Versa 4
2026-05-11T12:20:29Z,132.0,Versa 4
2026-05-11T12:20:31Z,138.0,Versa 4
2026-05-11T12:20:34Z,138.0,Versa 4
2026-05-11T12:20:35Z,135.0,Versa 4
2026-05-11T12:20:37Z,137.0,Versa 4
2026-05-11T12:20:39Z,138.0,Versa 4
2026-05-11T12:20:41Z,136.0,Versa 4
2026-05-11T12:20:43Z,139.0,Versa 4
2026-05-11T12:20:46Z,139.0,Versa 4
2026-05-11T12:20:47Z,136.0,Versa 4
2026-05-11T12:20:49Z,136.0,Versa 4
2026-05-11T12:20:51Z,136.0,Versa 4
2026-05-11T12:20:53Z,136.0,Versa 4
2026-05-11T12:20:56Z,134.0,Versa 4
2026-05-11T12:20:58Z,133.0,Versa 4
2026-05-11T12:21:00Z,138.0,Versa 4
2026-05-11T12:21:03Z,138.0,Versa 4
2026-05-11T12:21:04Z,137.0,Versa 4
2026-05-11T12:21:07Z,137.0,Versa 4
2026-05-11T12:21:10Z,136.0,Versa 4
2026-05-11T12:21:12Z,134.0,Versa 4
2026-05-11T12:21:15Z,134.0,Versa 4
2026-05-11T12:21:18Z,134.0,Versa 4
2026-05-11T12:21:21Z,135.0,Versa 4
2026-05-11T12:21:23Z,134.0,Versa 4
2026-05-11T12:21:25Z,133.0,Versa 4
2026-05-11T12:21:27Z,134.0,Versa 4
2026-05-11T12:21:30Z,134.0,Versa 4
2026-05-11T12:21:31Z,133.0,Versa 4
2026-05-11T12:21:33Z,131.0,Versa 4
2026-05-11T12:21:35Z,132.0,Versa 4
2026-05-11T12:21:37Z,134.0,Versa 4
2026-05-11T12:21:40Z,134.0,Versa 4
2026-05-11T12:21:41Z,138.0,Versa 4
2026-05-11T12:21:42Z,137.0,Versa 4
2026-05-11T12:21:44Z,138.0,Versa 4
2026-05-11T12:21:46Z,137.0,Versa 4
2026-05-11T12:21:48Z,136.0,Versa 4
2026-05-11T12:21:50Z,135.0,Versa 4
2026-05-11T12:21:52Z,136.0,Versa 4
2026-05-11T12:21:54Z,135.0,Versa 4
2026-05-11T12:21:56Z,133.0,Versa 4
2026-05-11T12:21:58Z,131.0,Versa 4
2026-05-11T12:22:00Z,132.0,Versa 4
2026-05-11T12:22:03Z,132.0,Versa 4
2026-05-11T12:22:04Z,126.0,Versa 4
2026-05-11T12:22:05Z,129.0,Versa 4
2026-05-11T12:22:07Z,128.0,Versa 4
2026-05-11T12:22:09Z,125.0,Versa 4
2026-05-11T12:22:11Z,132.0,Versa 4
2026-05-11T12:22:13Z,133.0,Versa 4
2026-05-11T12:22:16Z,133.0,Versa 4
2026-05-11T12:22:17Z,138.0,Versa 4
2026-05-11T12:22:19Z,140.0,Versa 4
2026-05-11T12:22:22Z,140.0,Versa 4
2026-05-11T12:22:25Z,137.0,Versa 4
2026-05-11T12:22:27Z,138.0,Versa 4
2026-05-11T12:22:30Z,137.0,Versa 4
2026-05-11T12:22:32Z,139.0,Versa 4
2026-05-11T12:22:35Z,139.0,Versa 4
2026-05-11T12:22:38Z,139.0,Versa 4
2026-05-11T12:22:40Z,138.0,Versa 4
2026-05-11T12:22:42Z,136.0,Versa 4
2026-05-11T12:22:44Z,138.0,Versa 4
2026-05-11T12:22:46Z,139.0,Versa 4
2026-05-11T12:22:48Z,137.0,Versa 4
2026-05-11T12:22:50Z,137.0,Versa 4
2026-05-11T12:22:52Z,141.0,Versa 4
2026-05-11T12:22:53Z,139.0,Versa 4
2026-05-11T12:22:55Z,136.0,Versa 4
2026-05-11T12:22:57Z,134.0,Versa 4
2026-05-11T12:22:59Z,132.0,Versa 4
2026-05-11T12:23:01Z,128.0,Versa 4
2026-05-11T12:23:03Z,127.0,Versa 4
2026-05-11T12:23:05Z,126.0,Versa 4
2026-05-11T12:23:07Z,125.0,Versa 4
2026-05-11T12:23:09Z,128.0,Versa 4
2026-05-11T12:23:11Z,130.0,Versa 4
2026-05-11T12:23:13Z,127.0,Versa 4
2026-05-11T12:23:15Z,132.0,Versa 4
2026-05-11T12:23:18Z,132.0,Versa 4
2026-05-11T12:23:21Z,132.0,Versa 4
2026-05-11T12:23:22Z,133.0,Versa 4
2026-05-11T12:23:25Z,133.0,Versa 4
2026-05-11T12:23:26Z,131.0,Versa 4
2026-05-11T12:23:29Z,131.0,Versa 4
2026-05-11T12:23:30Z,130.0,Versa 4
2026-05-11T12:23:33Z,130.0,Versa 4
2026-05-11T12:23:34Z,131.0,Versa 4
2026-05-11T12:23:37Z,131.0,Versa 4
2026-05-11T12:23:40Z,131.0,Versa 4
2026-05-11T12:23:41Z,130.0,Versa 4
2026-05-11T12:23:43Z,129.0,Versa 4
2026-05-11T12:23:45Z,130.0,Versa 4
2026-05-11T12:23:47Z,133.0,Versa 4
2026-05-11T12:23:50Z,133.0,Versa 4
2026-05-11T12:23:51Z,132.0,Versa 4
2026-05-11T12:23:54Z,132.0,Versa 4
2026-05-11T12:23:55Z,131.0,Versa 4
2026-05-11T12:23:57Z,133.0,Versa 4
2026-05-11T12:23:59Z,137.0,Versa 4
2026-05-11T12:24:02Z,137.0,Versa 4
2026-05-11T12:24:03Z,135.0,Versa 4
2026-05-11T12:24:05Z,133.0,Versa 4
2026-05-11T12:24:06Z,134.0,Versa 4
2026-05-11T12:24:09Z,134.0,Versa 4
2026-05-11T12:24:10Z,135.0,Versa 4
2026-05-11T12:24:12Z,138.0,Versa 4
2026-05-11T12:24:15Z,138.0,Versa 4
2026-05-11T12:24:18Z,137.0,Versa 4
2026-05-11T12:24:20Z,135.0,Versa 4
2026-05-11T12:24:22Z,133.0,Versa 4
2026-05-11T12:24:24Z,132.0,Versa 4
2026-05-11T12:24:26Z,134.0,Versa 4
2026-05-11T12:24:28Z,140.0,Versa 4
2026-05-11T12:24:29Z,144.0,Versa 4
2026-05-11T12:24:32Z,144.0,Versa 4
2026-05-11T12:24:33Z,145.0,Versa 4
2026-05-11T12:24:35Z,139.0,Versa 4
2026-05-11T12:24:37Z,138.0,Versa 4
2026-05-11T12:24:39Z,137.0,Versa 4
2026-05-11T12:24:41Z,139.0,Versa 4
2026-05-11T12:24:43Z,138.0,Versa 4
2026-05-11T12:24:46Z,138.0,Versa 4
2026-05-11T12:24:49Z,138.0,Versa 4
2026-05-11T12:24:51Z,140.0,Versa 4
2026-05-11T12:24:53Z,141.0,Versa 4
2026-05-11T12:24:54Z,140.0,Versa 4
2026-05-11T12:24:56Z,138.0,Versa 4
2026-05-11T12:24:58Z,140.0,Versa 4
2026-05-11T12:25:00Z,144.0,Versa 4
2026-05-11T12:25:02Z,150.0,Versa 4
2026-05-11T12:25:04Z,147.0,Versa 4
2026-05-11T12:25:06Z,146.0,Versa 4
2026-05-11T12:25:09Z,146.0,Versa 4
2026-05-11T12:25:10Z,147.0,Versa 4
2026-05-11T12:25:12Z,146.0,Versa 4
2026-05-11T12:25:14Z,145.0,Versa 4
2026-05-11T12:25:16Z,146.0,Versa 4
2026-05-11T12:25:19Z,143.0,Versa 4
2026-05-11T12:25:22Z,143.0,Versa 4
2026-05-11T12:25:23Z,144.0,Versa 4
2026-05-11T12:25:25Z,142.0,Versa 4
2026-05-11T12:25:27Z,141.0,Versa 4
2026-05-11T12:25:30Z,141.0,Versa 4
2026-05-11T12:25:31Z,139.0,Versa 4
2026-05-11T12:25:33Z,137.0,Versa 4
2026-05-11T12:25:35Z,138.0,Versa 4
2026-05-11T12:25:37Z,136.0,Versa 4
2026-05-11T12:25:39Z,133.0,Versa 4
2026-05-11T12:25:42Z,134.0,Versa 4
2026-05-11T12:25:44Z,133.0,Versa 4
2026-05-11T12:25:46Z,139.0,Versa 4
2026-05-11T12:25:48Z,137.0,Versa 4
2026-05-11T12:25:50Z,134.0,Versa 4
2026-05-11T12:25:52Z,136.0,Versa 4
2026-05-11T12:25:54Z,134.0,Versa 4
2026-05-11T12:25:56Z,135.0,Versa 4
2026-05-11T12:25:59Z,135.0,Versa 4
2026-05-11T12:26:02Z,135.0,Versa 4
2026-05-11T12:26:05Z,134.0,Versa 4
2026-05-11T12:26:07Z,135.0,Versa 4
2026-05-11T12:26:09Z,138.0,Versa 4
2026-05-11T12:26:11Z,136.0,Versa 4
2026-05-11T12:26:14Z,136.0,Versa 4
2026-05-11T12:26:17Z,143.0,Versa 4
2026-05-11T12:26:20Z,143.0,Versa 4
2026-05-11T12:26:21Z,142.0,Versa 4
2026-05-11T12:26:23Z,139.0,Versa 4
2026-05-11T12:26:26Z,139.0,Versa 4
2026-05-11T12:26:27Z,138.0,Versa 4
2026-05-11T12:26:29Z,130.0,Versa 4
2026-05-11T12:26:30Z,131.0,Versa 4
2026-05-11T12:26:33Z,131.0,Versa 4
2026-05-11T12:26:34Z,132.0,Versa 4
2026-05-11T12:26:36Z,134.0,Versa 4
2026-05-11T12:26:38Z,137.0,Versa 4
2026-05-11T12:26:41Z,137.0,Versa 4
2026-05-11T12:26:44Z,136.0,Versa 4
2026-05-11T12:26:47Z,136.0,Versa 4
2026-05-11T12:26:50Z,137.0,Versa 4
2026-05-11T12:26:53Z,136.0,Versa 4
2026-05-11T12:26:55Z,135.0,Versa 4
2026-05-11T12:26:57Z,134.0,Versa 4
2026-05-11T12:26:59Z,135.0,Versa 4
2026-05-11T12:27:02Z,135.0,Versa 4
2026-05-11T12:27:03Z,137.0,Versa 4
2026-05-11T12:27:05Z,136.0,Versa 4
2026-05-11T12:27:08Z,136.0,Versa 4
2026-05-11T12:27:09Z,137.0,Versa 4
2026-05-11T12:27:11Z,133.0,Versa 4
2026-05-11T12:27:13Z,135.0,Versa 4
2026-05-11T12:27:15Z,133.0,Versa 4
2026-05-11T12:27:17Z,130.0,Versa 4
2026-05-11T12:27:20Z,133.0,Versa 4
2026-05-11T12:27:23Z,133.0,Versa 4
2026-05-11T12:27:24Z,134.0,Versa 4
2026-05-11T12:27:26Z,139.0,Versa 4
2026-05-11T12:27:28Z,131.0,Versa 4
2026-05-11T12:27:30Z,126.0,Versa 4
2026-05-11T12:27:32Z,125.0,Versa 4
2026-05-11T12:27:34Z,126.0,Versa 4
2026-05-11T12:27:37Z,126.0,Versa 4
2026-05-11T12:27:38Z,127.0,Versa 4
2026-05-11T12:27:40Z,128.0,Versa 4
2026-05-11T12:27:41Z,130.0,Versa 4
2026-05-11T12:27:43Z,129.0,Versa 4
2026-05-11T12:27:45Z,125.0,Versa 4
2026-05-11T12:27:47Z,123.0,Versa 4
2026-05-11T12:27:50Z,123.0,Versa 4
2026-05-11T12:27:51Z,125.0,Versa 4
2026-05-11T12:27:53Z,126.0,Versa 4
2026-05-11T12:27:55Z,125.0,Versa 4
2026-05-11T12:27:57Z,124.0,Versa 4
2026-05-11T12:28:00Z,124.0,Versa 4
2026-05-11T12:28:03Z,125.0,Versa 4
2026-05-11T12:28:05Z,126.0,Versa 4
2026-05-11T12:28:06Z,130.0,Versa 4
2026-05-11T12:28:08Z,131.0,Versa 4
2026-05-11T12:28:10Z,130.0,Versa 4
2026-05-11T12:28:12Z,132.0,Versa 4
2026-05-11T12:28:15Z,132.0,Versa 4
2026-05-11T12:28:16Z,131.0,Versa 4
2026-05-11T12:28:18Z,134.0,Versa 4
2026-05-11T12:28:20Z,132.0,Versa 4
2026-05-11T12:28:22Z,133.0,Versa 4
2026-05-11T12:28:24Z,137.0,Versa 4
2026-05-11T12:28:26Z,141.0,Versa 4
2026-05-11T12:28:28Z,132.0,Versa 4
2026-05-11T12:28:29Z,135.0,Versa 4
2026-05-11T12:28:31Z,142.0,Versa 4
2026-05-11T12:28:34Z,142.0,Versa 4
2026-05-11T12:28:35Z,146.0,Versa 4
2026-05-11T12:28:37Z,148.0,Versa 4
2026-05-11T12:28:39Z,151.0,Versa 4
2026-05-11T12:28:41Z,149.0,Versa 4
2026-05-11T12:28:43Z,147.0,Versa 4
2026-05-11T12:28:45Z,146.0,Versa 4
2026-05-11T12:28:48Z,146.0,Versa 4
2026-05-11T12:28:51Z,146.0,Versa 4
2026-05-11T12:28:53Z,145.0,Versa 4
2026-05-11T12:28:54Z,144.0,Versa 4
2026-05-11T12:28:56Z,146.0,Versa 4
2026-05-11T12:28:58Z,150.0,Versa 4
2026-05-11T12:29:00Z,149.0,Versa 4
2026-05-11T12:29:02Z,151.0,Versa 4
2026-05-11T12:29:04Z,146.0,Versa 4
2026-05-11T12:29:06Z,148.0,Versa 4
2026-05-11T12:29:08Z,149.0,Versa 4
2026-05-11T12:29:11Z,149.0,Versa 4
2026-05-11T12:29:12Z,146.0,Versa 4
2026-05-11T12:29:14Z,145.0,Versa 4
2026-05-11T12:29:16Z,142.0,Versa 4
2026-05-11T12:29:17Z,141.0,Versa 4
2026-05-11T12:29:19Z,140.0,Versa 4
2026-05-11T12:29:21Z,139.0,Versa 4
2026-05-11T12:29:24Z,139.0,Versa 4
2026-05-11T12:29:25Z,142.0,Versa 4
2026-05-11T12:29:27Z,141.0,Versa 4
2026-05-11T12:29:30Z,141.0,Versa 4
2026-05-11T12:29:33Z,138.0,Versa 4
2026-05-11T12:29:35Z,135.0,Versa 4
2026-05-11T12:29:38Z,135.0,Versa 4
2026-05-11T12:29:41Z,134.0,Versa 4
2026-05-11T12:29:42Z,135.0,Versa 4
2026-05-11T12:29:44Z,134.0,Versa 4
2026-05-11T12:29:47Z,134.0,Versa 4
2026-05-11T12:29:48Z,136.0,Versa 4
2026-05-11T12:29:50Z,140.0,Versa 4
2026-05-11T12:29:52Z,141.0,Versa 4
2026-05-11T12:29:54Z,142.0,Versa 4
2026-05-11T12:29:56Z,140.0,Versa 4
2026-05-11T12:29:59Z,140.0,Versa 4
2026-05-11T12:30:00Z,139.0,Versa 4
2026-05-11T12:30:02Z,137.0,Versa 4
2026-05-11T12:30:04Z,135.0,Versa 4
2026-05-11T12:30:07Z,134.0,Versa 4
2026-05-11T12:30:09Z,133.0,Versa 4
2026-05-11T12:30:11Z,135.0,Versa 4
2026-05-11T12:30:13Z,134.0,Versa 4
2026-05-11T12:30:15Z,135.0,Versa 4
2026-05-11T12:30:17Z,137.0,Versa 4
2026-05-11T12:30:19Z,138.0,Versa 4
2026-05-11T12:30:21Z,137.0,Versa 4
2026-05-11T12:30:23Z,136.0,Versa 4
2026-05-11T12:30:25Z,132.0,Versa 4
2026-05-11T12:30:27Z,130.0,Versa 4
2026-05-11T12:30:29Z,129.0,Versa 4
2026-05-11T12:30:30Z,128.0,Versa 4
2026-05-11T12:30:32Z,130.0,Versa 4
2026-05-11T12:30:34Z,129.0,Versa 4
2026-05-11T12:30:36Z,124.0,Versa 4
2026-05-11T12:30:39Z,124.0,Versa 4
2026-05-11T12:30:42Z,123.0,Versa 4
2026-05-11T12:30:44Z,122.0,Versa 4
2026-05-11T12:30:46Z,125.0,Versa 4
2026-05-11T12:30:48Z,127.0,Versa 4
2026-05-11T12:30:51Z,127.0,Versa 4
2026-05-11T12:30:52Z,128.0,Versa 4
2026-05-11T12:30:53Z,131.0,Versa 4
2026-05-11T12:30:56Z,131.0,Versa 4
2026-05-11T12:30:57Z,139.0,Versa 4
2026-05-11T12:30:59Z,140.0,Versa 4
2026-05-11T12:31:01Z,141.0,Versa 4
2026-05-11T12:31:03Z,142.0,Versa 4
2026-05-11T12:31:05Z,144.0,Versa 4
2026-05-11T12:31:08Z,144.0,Versa 4
2026-05-11T12:31:09Z,145.0,Versa 4
2026-05-11T12:31:11Z,146.0,Versa 4
2026-05-11T12:31:13Z,145.0,Versa 4
2026-05-11T12:31:15Z,146.0,Versa 4
2026-05-11T12:31:17Z,147.0,Versa 4
2026-05-11T12:31:18Z,145.0,Versa 4
2026-05-11T12:31:20Z,140.0,Versa 4
2026-05-11T12:31:22Z,133.0,Versa 4
2026-05-11T12:31:24Z,134.0,Versa 4
2026-05-11T12:31:26Z,133.0,Versa 4
2026-05-11T12:31:28Z,132.0,Versa 4
2026-05-11T12:31:30Z,130.0,Versa 4
2026-05-11T12:31:32Z,127.0,Versa 4
2026-05-11T12:31:34Z,126.0,Versa 4
2026-05-11T12:31:37Z,126.0,Versa 4
2026-05-11T12:31:40Z,128.0,Versa 4
2026-05-11T12:31:43Z,128.0,Versa 4
2026-05-11T12:31:45Z,129.0,Versa 4
2026-05-11T12:31:47Z,130.0,Versa 4
2026-05-11T12:31:50Z,130.0,Versa 4
2026-05-11T12:31:53Z,130.0,Versa 4
2026-05-11T12:31:56Z,130.0,Versa 4
2026-05-11T12:31:59Z,130.0,Versa 4
2026-05-11T12:32:01Z,129.0,Versa 4
2026-05-11T12:32:04Z,129.0,Versa 4
2026-05-11T12:32:05Z,130.0,Versa 4
2026-05-11T12:32:06Z,131.0,Versa 4
2026-05-11T12:32:09Z,131.0,Versa 4
2026-05-11T12:32:10Z,131.0,Versa 4
2026-05-11T12:32:12Z,130.0,Versa 4
2026-05-11T12:32:14Z,131.0,Versa 4
2026-05-11T12:32:16Z,137.0,Versa 4
2026-05-11T12:32:18Z,139.0,Versa 4
2026-05-11T12:32:20Z,138.0,Versa 4
2026-05-11T12:32:22Z,136.0,Versa 4
2026-05-11T12:32:24Z,140.0,Versa 4
2026-05-11T12:32:26Z,138.0,Versa 4
2026-05-11T12:32:28Z,135.0,Versa 4
2026-05-11T12:32:29Z,134.0,Versa 4
2026-05-11T12:32:31Z,134.0,Versa 4
2026-05-11T12:32:33Z,139.0,Versa 4
2026-05-11T12:32:35Z,138.0,Versa 4
2026-05-11T12:32:37Z,134.0,Versa 4
2026-05-11T12:32:39Z,133.0,Versa 4
2026-05-11T12:32:41Z,137.0,Versa 4
2026-05-11T12:32:43Z,136.0,Versa 4
2026-05-11T12:32:45Z,134.0,Versa 4
2026-05-11T12:32:47Z,138.0,Versa 4
2026-05-11T12:32:49Z,135.0,Versa 4
2026-05-11T12:32:51Z,140.0,Versa 4
2026-05-11T12:32:53Z,147.0,Versa 4
2026-05-11T12:32:54Z,142.0,Versa 4
2026-05-11T12:32:56Z,141.0,Versa 4
2026-05-11T12:32:58Z,147.0,Versa 4
2026-05-11T12:33:00Z,145.0,Versa 4
2026-05-11T12:33:02Z,141.0,Versa 4
2026-05-11T12:33:04Z,144.0,Versa 4
2026-05-11T12:33:06Z,146.0,Versa 4
2026-05-11T12:33:08Z,147.0,Versa 4
2026-05-11T12:33:10Z,148.0,Versa 4
2026-05-11T12:33:12Z,154.0,Versa 4
2026-05-11T12:33:14Z,152.0,Versa 4
2026-05-11T12:33:17Z,155.0,Versa 4
2026-05-11T12:33:19Z,154.0,Versa 4
2026-05-11T12:33:21Z,156.0,Versa 4
2026-05-11T12:33:23Z,158.0,Versa 4
2026-05-11T12:33:25Z,154.0,Versa 4
2026-05-11T12:33:27Z,157.0,Versa 4
2026-05-11T12:33:29Z,156.0,Versa 4
2026-05-11T12:33:31Z,153.0,Versa 4
2026-05-11T12:33:33Z,156.0,Versa 4
2026-05-11T12:33:35Z,159.0,Versa 4
2026-05-11T12:33:37Z,156.0,Versa 4
2026-05-11T12:33:39Z,157.0,Versa 4
2026-05-11T12:33:41Z,155.0,Versa 4
2026-05-11T12:33:42Z,154.0,Versa 4
2026-05-11T12:33:44Z,157.0,Versa 4
2026-05-11T12:33:46Z,156.0,Versa 4
2026-05-11T12:33:49Z,156.0,Versa 4
2026-05-11T12:33:50Z,152.0,Versa 4
2026-05-11T12:33:52Z,147.0,Versa 4
2026-05-11T12:33:54Z,141.0,Versa 4
2026-05-11T12:33:56Z,142.0,Versa 4
2026-05-11T12:33:58Z,141.0,Versa 4
2026-05-11T12:34:00Z,140.0,Versa 4
2026-05-11T12:34:02Z,139.0,Versa 4
2026-05-11T12:34:04Z,137.0,Versa 4
2026-05-11T12:34:05Z,136.0,Versa 4
2026-05-11T12:34:07Z,137.0,Versa 4
2026-05-11T12:34:10Z,137.0,Versa 4
2026-05-11T12:34:13Z,140.0,Versa 4
2026-05-11T12:34:16Z,140.0,Versa 4
2026-05-11T12:34:17Z,143.0,Versa 4
2026-05-11T12:34:19Z,144.0,Versa 4
2026-05-11T12:34:21Z,143.0,Versa 4
2026-05-11T12:34:23Z,142.0,Versa 4
2026-05-11T12:34:25Z,140.0,Versa 4
2026-05-11T12:34:27Z,141.0,Versa 4
2026-05-11T12:34:29Z,142.0,Versa 4
2026-05-11T12:34:30Z,150.0,Versa 4
2026-05-11T12:34:32Z,153.0,Versa 4
2026-05-11T12:34:34Z,154.0,Versa 4
2026-05-11T12:34:36Z,149.0,Versa 4
2026-05-11T12:34:38Z,154.0,Versa 4
2026-05-11T12:34:40Z,158.0,Versa 4
2026-05-11T12:34:42Z,154.0,Versa 4
2026-05-11T12:34:44Z,156.0,Versa 4
2026-05-11T12:34:46Z,150.0,Versa 4
2026-05-11T12:34:48Z,143.0,Versa 4
2026-05-11T12:34:50Z,147.0,Versa 4
2026-05-11T12:34:53Z,142.0,Versa 4
2026-05-11T12:34:55Z,142.0,Versa 4
2026-05-11T12:34:57Z,135.0,Versa 4
2026-05-11T12:34:59Z,136.0,Versa 4
2026-05-11T12:35:02Z,136.0,Versa 4
2026-05-11T12:35:03Z,134.0,Versa 4
2026-05-11T12:35:06Z,134.0,Versa 4
2026-05-11T12:35:07Z,135.0,Versa 4
2026-05-11T12:35:09Z,132.0,Versa 4
2026-05-11T12:35:11Z,136.0,Versa 4
2026-05-11T12:35:13Z,123.0,Versa 4
2026-05-11T12:35:15Z,121.0,Versa 4
2026-05-11T12:35:17Z,122.0,Versa 4
2026-05-11T12:35:20Z,124.0,Versa 4
2026-05-11T12:35:22Z,131.0,Versa 4
2026-05-11T12:35:24Z,132.0,Versa 4
2026-05-11T12:35:26Z,134.0,Versa 4
2026-05-11T12:35:28Z,136.0,Versa 4
2026-05-11T12:35:30Z,138.0,Versa 4
2026-05-11T12:35:32Z,140.0,Versa 4
2026-05-11T12:35:35Z,140.0,Versa 4
2026-05-11T12:35:36Z,142.0,Versa 4
2026-05-11T12:35:38Z,143.0,Versa 4
2026-05-11T12:35:41Z,144.0,Versa 4
2026-05-11T12:35:43Z,144.0,Versa 4
2026-05-11T12:35:46Z,144.0,Versa 4
2026-05-11T12:35:47Z,143.0,Versa 4
2026-05-11T12:35:49Z,141.0,Versa 4
2026-05-11T12:35:52Z,141.0,Versa 4
2026-05-11T12:35:53Z,140.0,Versa 4
2026-05-11T12:35:55Z,139.0,Versa 4
2026-05-11T12:35:57Z,141.0,Versa 4
2026-05-11T12:35:59Z,143.0,Versa 4
2026-05-11T12:36:01Z,144.0,Versa 4
2026-05-11T12:36:03Z,143.0,Versa 4
2026-05-11T12:36:06Z,143.0,Versa 4
2026-05-11T12:36:08Z,144.0,Versa 4
2026-05-11T12:36:11Z,144.0,Versa 4
2026-05-11T12:36:12Z,145.0,Versa 4
2026-05-11T12:36:14Z,146.0,Versa 4
2026-05-11T12:36:16Z,144.0,Versa 4
2026-05-11T12:36:18Z,145.0,Versa 4
2026-05-11T12:36:21Z,145.0,Versa 4
2026-05-11T12:36:22Z,147.0,Versa 4
2026-05-11T12:36:25Z,147.0,Versa 4
2026-05-11T12:36:26Z,143.0,Versa 4
2026-05-11T12:36:28Z,144.0,Versa 4
2026-05-11T12:36:29Z,145.0,Versa 4
2026-05-11T12:36:32Z,145.0,Versa 4
2026-05-11T12:36:33Z,146.0,Versa 4
2026-05-11T12:36:35Z,145.0,Versa 4
2026-05-11T12:36:37Z,143.0,Versa 4
2026-05-11T12:36:39Z,146.0,Versa 4
2026-05-11T12:36:41Z,147.0,Versa 4
2026-05-11T12:36:43Z,148.0,Versa 4
2026-05-11T12:36:46Z,148.0,Versa 4
2026-05-11T12:36:47Z,143.0,Versa 4
2026-05-11T12:36:49Z,145.0,Versa 4
2026-05-11T12:36:52Z,145.0,Versa 4
2026-05-11T12:36:53Z,146.0,Versa 4
2026-05-11T12:36:54Z,145.0,Versa 4
2026-05-11T12:36:56Z,141.0,Versa 4
2026-05-11T12:36:59Z,141.0,Versa 4
2026-05-11T12:37:00Z,143.0,Versa 4
2026-05-11T12:37:02Z,144.0,Versa 4
2026-05-11T12:37:04Z,146.0,Versa 4
2026-05-11T12:37:06Z,147.0,Versa 4
2026-05-11T12:37:08Z,148.0,Versa 4
2026-05-11T12:37:11Z,148.0,Versa 4
2026-05-11T12:37:12Z,147.0,Versa 4
2026-05-11T12:37:14Z,146.0,Versa 4
2026-05-11T12:37:16Z,148.0,Versa 4
2026-05-11T12:37:17Z,146.0,Versa 4
2026-05-11T12:37:20Z,146.0,Versa 4
2026-05-11T12:37:21Z,147.0,Versa 4
2026-05-11T12:37:23Z,146.0,Versa 4
2026-05-11T12:37:25Z,145.0,Versa 4
2026-05-11T12:37:27Z,144.0,Versa 4
2026-05-11T12:37:29Z,145.0,Versa 4
2026-05-11T12:37:32Z,145.0,Versa 4
2026-05-11T12:37:33Z,147.0,Versa 4
2026-05-11T12:37:35Z,148.0,Versa 4
2026-05-11T12:37:38Z,148.0,Versa 4
2026-05-11T12:37:41Z,147.0,Versa 4
2026-05-11T12:37:42Z,148.0,Versa 4
2026-05-11T12:37:44Z,147.0,Versa 4
2026-05-11T12:37:46Z,145.0,Versa 4
2026-05-11T12:37:49Z,145.0,Versa 4
2026-05-11T12:37:50Z,144.0,Versa 4
2026-05-11T12:37:52Z,143.0,Versa 4
2026-05-11T12:37:54Z,145.0,Versa 4
2026-05-11T12:37:56Z,146.0,Versa 4
2026-05-11T12:37:58Z,143.0,Versa 4
2026-05-11T12:38:00Z,145.0,Versa 4
2026-05-11T12:38:02Z,144.0,Versa 4
2026-05-11T12:38:04Z,142.0,Versa 4
2026-05-11T12:38:05Z,146.0,Versa 4
2026-05-11T12:38:07Z,147.0,Versa 4
2026-05-11T12:38:09Z,142.0,Versa 4
2026-05-11T12:38:11Z,132.0,Versa 4
2026-05-11T12:38:13Z,142.0,Versa 4
2026-05-11T12:38:15Z,141.0,Versa 4
2026-05-11T12:38:17Z,142.0,Versa 4
2026-05-11T12:38:19Z,138.0,Versa 4
2026-05-11T12:38:21Z,131.0,Versa 4
2026-05-11T12:38:23Z,130.0,Versa 4
2026-05-11T12:38:25Z,131.0,Versa 4
2026-05-11T12:38:27Z,128.0,Versa 4
2026-05-11T12:38:29Z,129.0,Versa 4
2026-05-11T12:38:30Z,140.0,Versa 4
2026-05-11T12:38:32Z,131.0,Versa 4
2026-05-11T12:38:34Z,135.0,Versa 4
2026-05-11T12:38:36Z,139.0,Versa 4
2026-05-11T12:38:38Z,132.0,Versa 4
2026-05-11T12:38:40Z,134.0,Versa 4
2026-05-11T12:38:43Z,134.0,Versa 4
2026-05-11T12:38:44Z,133.0,Versa 4
2026-05-11T12:38:46Z,134.0,Versa 4
2026-05-11T12:38:49Z,134.0,Versa 4
2026-05-11T12:38:52Z,134.0,Versa 4
2026-05-11T12:38:53Z,133.0,Versa 4
2026-05-11T12:38:56Z,133.0,Versa 4
2026-05-11T12:38:59Z,130.0,Versa 4
2026-05-11T12:39:01Z,131.0,Versa 4
2026-05-11T12:39:03Z,132.0,Versa 4
2026-05-11T12:39:05Z,132.0,Versa 4
2026-05-11T12:39:07Z,131.0,Versa 4
2026-05-11T12:39:09Z,130.0,Versa 4
2026-05-11T12:39:11Z,128.0,Versa 4
2026-05-11T12:39:13Z,126.0,Versa 4
2026-05-11T12:39:16Z,126.0,Versa 4
2026-05-11T12:39:19Z,126.0,Versa 4
2026-05-11T12:39:20Z,122.0,Versa 4
2026-05-11T12:39:22Z,119.0,Versa 4
2026-05-11T12:39:24Z,120.0,Versa 4
2026-05-11T12:39:26Z,122.0,Versa 4
2026-05-11T12:39:28Z,124.0,Versa 4
2026-05-11T12:39:31Z,124.0,Versa 4
2026-05-11T12:39:34Z,125.0,Versa 4
2026-05-11T12:39:36Z,126.0,Versa 4
2026-05-11T12:39:38Z,126.0,Versa 4
2026-05-11T12:39:41Z,126.0,Versa 4
2026-05-11T12:39:43Z,124.0,Versa 4
2026-05-11T12:39:45Z,124.0,Versa 4
2026-05-11T12:39:48Z,124.0,Versa 4
2026-05-11T12:39:49Z,125.0,Versa 4
2026-05-11T12:39:51Z,124.0,Versa 4
2026-05-11T12:39:53Z,123.0,Versa 4
2026-05-11T12:39:55Z,123.0,Versa 4
2026-05-11T12:39:58Z,123.0,Versa 4
2026-05-11T12:39:59Z,122.0,Versa 4
2026-05-11T12:40:01Z,120.0,Versa 4
2026-05-11T12:40:04Z,120.0,Versa 4
2026-05-11T12:40:05Z,122.0,Versa 4
2026-05-11T12:40:06Z,121.0,Versa 4
2026-05-11T12:40:08Z,118.0,Versa 4
2026-05-11T12:40:10Z,113.0,Versa 4
2026-05-11T12:40:13Z,113.0,Versa 4
2026-05-11T12:40:14Z,114.0,Versa 4
2026-05-11T12:40:16Z,116.0,Versa 4
2026-05-11T12:40:18Z,118.0,Versa 4
2026-05-11T12:40:20Z,119.0,Versa 4
2026-05-11T12:40:22Z,121.0,Versa 4
2026-05-11T12:40:24Z,122.0,Versa 4
2026-05-11T12:40:26Z,120.0,Versa 4
2026-05-11T12:40:28Z,116.0,Versa 4
2026-05-11T12:40:29Z,118.0,Versa 4
2026-05-11T12:40:31Z,117.0,Versa 4
2026-05-11T12:40:34Z,117.0,Versa 4
2026-05-11T12:40:35Z,116.0,Versa 4
2026-05-11T12:40:38Z,116.0,Versa 4
2026-05-11T12:40:41Z,115.0,Versa 4
2026-05-11T12:40:44Z,115.0,Versa 4
2026-05-11T12:40:45Z,116.0,Versa 4
2026-05-11T12:40:47Z,117.0,Versa 4
2026-05-11T12:40:50Z,117.0,Versa 4
2026-05-11T12:40:51Z,112.0,Versa 4
2026-05-11T12:40:53Z,110.0,Versa 4
2026-05-11T12:40:54Z,111.0,Versa 4
2026-05-11T12:40:56Z,113.0,Versa 4
2026-05-11T12:40:58Z,116.0,Versa 4
2026-05-11T12:41:00Z,120.0,Versa 4
2026-05-11T12:41:02Z,122.0,Versa 4
2026-05-11T12:41:04Z,126.0,Versa 4
2026-05-11T12:41:06Z,128.0,Versa 4
2026-05-11T12:41:08Z,129.0,Versa 4
2026-05-11T12:41:10Z,130.0,Versa 4
2026-05-11T12:41:12Z,128.0,Versa 4
2026-05-11T12:41:14Z,129.0,Versa 4
2026-05-11T12:41:16Z,134.0,Versa 4
2026-05-11T12:41:17Z,130.0,Versa 4
2026-05-11T12:41:19Z,129.0,Versa 4
2026-05-11T12:41:22Z,129.0,Versa 4
2026-05-11T12:41:25Z,130.0,Versa 4
2026-05-11T12:41:27Z,131.0,Versa 4
2026-05-11T12:41:29Z,130.0,Versa 4
2026-05-11T12:41:31Z,129.0,Versa 4
2026-05-11T12:41:33Z,125.0,Versa 4
2026-05-11T12:41:35Z,123.0,Versa 4
2026-05-11T12:41:37Z,122.0,Versa 4
2026-05-11T12:41:40Z,122.0,Versa 4
2026-05-11T12:41:41Z,121.0,Versa 4
2026-05-11T12:41:42Z,122.0,Versa 4
2026-05-11T12:41:44Z,138.0,Versa 4
2026-05-11T12:41:46Z,134.0,Versa 4
2026-05-11T12:41:48Z,128.0,Versa 4
2026-05-11T12:41:50Z,135.0,Versa 4
2026-05-11T12:41:52Z,133.0,Versa 4
2026-05-11T12:41:54Z,133.0,Versa 4
2026-05-11T12:41:56Z,142.0,Versa 4
2026-05-11T12:41:58Z,147.0,Versa 4
2026-05-11T12:42:00Z,148.0,Versa 4
2026-05-11T12:42:02Z,150.0,Versa 4
2026-05-11T12:42:05Z,153.0,Versa 4
2026-05-11T12:42:07Z,156.0,Versa 4
2026-05-11T12:42:09Z,155.0,Versa 4
2026-05-11T12:42:11Z,156.0,Versa 4
2026-05-11T12:42:14Z,156.0,Versa 4
2026-05-11T12:42:15Z,155.0,Versa 4
2026-05-11T12:42:18Z,155.0,Versa 4
2026-05-11T12:42:21Z,155.0,Versa 4
2026-05-11T12:42:23Z,145.0,Versa 4
2026-05-11T12:42:25Z,142.0,Versa 4
2026-05-11T12:42:28Z,142.0,Versa 4
2026-05-11T12:42:29Z,144.0,Versa 4
2026-05-11T12:42:30Z,146.0,Versa 4
2026-05-11T12:42:32Z,143.0,Versa 4
2026-05-11T12:42:34Z,142.0,Versa 4
2026-05-11T12:42:37Z,142.0,Versa 4
2026-05-11T12:42:38Z,143.0,Versa 4
2026-05-11T12:42:41Z,143.0,Versa 4
2026-05-11T12:42:42Z,142.0,Versa 4
2026-05-11T12:42:44Z,142.0,Versa 4
2026-05-11T12:42:46Z,143.0,Versa 4
2026-05-11T12:42:48Z,142.0,Versa 4
2026-05-11T12:42:50Z,141.0,Versa 4
2026-05-11T12:42:52Z,142.0,Versa 4
2026-05-11T12:42:55Z,142.0,Versa 4
2026-05-11T12:42:57Z,145.0,Versa 4
2026-05-11T12:42:59Z,147.0,Versa 4
2026-05-11T12:43:02Z,147.0,Versa 4
2026-05-11T12:43:05Z,146.0,Versa 4
2026-05-11T12:43:07Z,144.0,Versa 4
2026-05-11T12:43:10Z,144.0,Versa 4
2026-05-11T12:43:11Z,145.0,Versa 4
2026-05-11T12:43:13Z,146.0,Versa 4
2026-05-11T12:43:16Z,146.0,Versa 4
2026-05-11T12:43:17Z,145.0,Versa 4
2026-05-11T12:43:20Z,144.0,Versa 4
2026-05-11T12:43:23Z,144.0,Versa 4
2026-05-11T12:43:26Z,144.0,Versa 4
2026-05-11T12:43:29Z,144.0,Versa 4
2026-05-11T12:43:30Z,143.0,Versa 4
2026-05-11T12:43:33Z,143.0,Versa 4
2026-05-11T12:43:34Z,142.0,Versa 4
2026-05-11T12:43:36Z,140.0,Versa 4
2026-05-11T12:43:38Z,139.0,Versa 4
2026-05-11T12:43:40Z,138.0,Versa 4
2026-05-11T12:43:43Z,138.0,Versa 4
2026-05-11T12:43:45Z,138.0,Versa 4
2026-05-11T12:43:47Z,139.0,Versa 4
2026-05-11T12:43:49Z,141.0,Versa 4
2026-05-11T12:43:51Z,143.0,Versa 4
2026-05-11T12:43:53Z,142.0,Versa 4
2026-05-11T12:43:56Z,142.0,Versa 4
2026-05-11T12:43:59Z,142.0,Versa 4
2026-05-11T12:44:02Z,142.0,Versa 4
2026-05-11T12:44:03Z,139.0,Versa 4
2026-05-11T12:44:05Z,136.0,Versa 4
2026-05-11T12:44:06Z,135.0,Versa 4
2026-05-11T12:44:08Z,134.0,Versa 4
2026-05-11T12:44:11Z,134.0,Versa 4
2026-05-11T12:44:12Z,133.0,Versa 4
2026-05-11T12:44:15Z,133.0,Versa 4
2026-05-11T12:44:16Z,132.0,Versa 4
2026-05-11T12:44:19Z,132.0,Versa 4
2026-05-11T12:44:22Z,131.0,Versa 4
2026-05-11T12:44:25Z,131.0,Versa 4
2026-05-11T12:44:26Z,130.0,Versa 4
2026-05-11T12:44:28Z,128.0,Versa 4
2026-05-11T12:44:29Z,127.0,Versa 4
2026-05-11T12:44:31Z,125.0,Versa 4
2026-05-11T12:44:33Z,124.0,Versa 4
2026-05-11T12:44:36Z,124.0,Versa 4
2026-05-11T12:44:37Z,126.0,Versa 4
2026-05-11T12:44:40Z,126.0,Versa 4
2026-05-11T12:44:41Z,126.0,Versa 4
2026-05-11T12:44:44Z,126.0,Versa 4
2026-05-11T12:44:45Z,132.0,Versa 4
2026-05-11T12:44:47Z,131.0,Versa 4
2026-05-11T12:44:49Z,130.0,Versa 4
2026-05-11T12:44:51Z,133.0,Versa 4
2026-05-11T12:44:54Z,128.0,Versa 4
2026-05-11T12:44:56Z,131.0,Versa 4
2026-05-11T12:44:58Z,132.0,Versa 4
2026-05-11T12:45:00Z,133.0,Versa 4
2026-05-11T12:45:02Z,132.0,Versa 4
2026-05-11T12:45:04Z,130.0,Versa 4
2026-05-11T12:45:06Z,128.0,Versa 4
2026-05-11T12:45:09Z,128.0,Versa 4
2026-05-11T12:45:12Z,130.0,Versa 4
2026-05-11T12:45:15Z,130.0,Versa 4
2026-05-11T12:45:16Z,134.0,Versa 4
2026-05-11T12:45:17Z,133.0,Versa 4
2026-05-11T12:45:19Z,129.0,Versa 4
2026-05-11T12:45:21Z,126.0,Versa 4
2026-05-11T12:45:23Z,124.0,Versa 4
2026-05-11T12:45:25Z,123.0,Versa 4
2026-05-11T12:45:27Z,124.0,Versa 4
2026-05-11T12:45:29Z,127.0,Versa 4
2026-05-11T12:45:31Z,126.0,Versa 4
2026-05-11T12:45:33Z,124.0,Versa 4
2026-05-11T12:45:35Z,123.0,Versa 4
2026-05-11T12:45:37Z,124.0,Versa 4
2026-05-11T12:45:40Z,124.0,Versa 4
2026-05-11T12:45:41Z,125.0,Versa 4
2026-05-11T12:45:42Z,126.0,Versa 4
2026-05-11T12:45:45Z,126.0,Versa 4
2026-05-11T12:45:46Z,125.0,Versa 4
2026-05-11T12:45:48Z,126.0,Versa 4
2026-05-11T12:45:51Z,126.0,Versa 4
2026-05-11T12:45:52Z,127.0,Versa 4
2026-05-11T12:45:55Z,127.0,Versa 4
2026-05-11T12:45:56Z,128.0,Versa 4
2026-05-11T12:45:58Z,127.0,Versa 4
2026-05-11T12:46:00Z,125.0,Versa 4
2026-05-11T12:46:02Z,124.0,Versa 4
2026-05-11T12:46:05Z,126.0,Versa 4
2026-05-11T12:46:07Z,127.0,Versa 4
2026-05-11T12:46:09Z,129.0,Versa 4
2026-05-11T12:46:11Z,131.0,Versa 4
2026-05-11T12:46:13Z,133.0,Versa 4
2026-05-11T12:46:15Z,131.0,Versa 4
2026-05-11T12:46:18Z,131.0,Versa 4
2026-05-11T12:46:19Z,130.0,Versa 4
2026-05-11T12:46:21Z,131.0,Versa 4
2026-05-11T12:46:23Z,133.0,Versa 4
2026-05-11T12:46:25Z,150.0,Versa 4
2026-05-11T12:46:27Z,159.0,Versa 4
2026-05-11T12:46:29Z,160.0,Versa 4
2026-05-11T12:46:30Z,158.0,Versa 4
2026-05-11T12:46:32Z,159.0,Versa 4
2026-05-11T12:46:34Z,160.0,Versa 4
2026-05-11T12:46:36Z,162.0,Versa 4
2026-05-11T12:46:38Z,163.0,Versa 4
2026-05-11T12:46:41Z,163.0,Versa 4
2026-05-11T12:46:42Z,162.0,Versa 4
2026-05-11T12:46:45Z,162.0,Versa 4
2026-05-11T12:46:46Z,158.0,Versa 4
2026-05-11T12:46:48Z,156.0,Versa 4
2026-05-11T12:46:50Z,153.0,Versa 4
2026-05-11T12:46:52Z,151.0,Versa 4
2026-05-11T12:46:53Z,153.0,Versa 4
2026-05-11T12:46:55Z,151.0,Versa 4
2026-05-11T12:46:57Z,153.0,Versa 4
2026-05-11T12:47:00Z,153.0,Versa 4
2026-05-11T12:47:01Z,152.0,Versa 4
2026-05-11T12:47:03Z,151.0,Versa 4
2026-05-11T12:47:05Z,148.0,Versa 4
2026-05-11T12:47:07Z,149.0,Versa 4
2026-05-11T12:47:09Z,147.0,Versa 4
2026-05-11T12:47:11Z,149.0,Versa 4
2026-05-11T12:47:13Z,152.0,Versa 4
2026-05-11T12:47:15Z,153.0,Versa 4
2026-05-11T12:47:18Z,154.0,Versa 4
2026-05-11T12:47:20Z,153.0,Versa 4
2026-05-11T12:47:23Z,153.0,Versa 4
2026-05-11T12:47:24Z,154.0,Versa 4
2026-05-11T12:47:27Z,154.0,Versa 4
2026-05-11T12:47:28Z,152.0,Versa 4
2026-05-11T12:47:30Z,148.0,Versa 4
2026-05-11T12:47:32Z,147.0,Versa 4
2026-05-11T12:47:34Z,146.0,Versa 4
2026-05-11T12:47:36Z,144.0,Versa 4
2026-05-11T12:47:38Z,143.0,Versa 4
2026-05-11T12:47:40Z,142.0,Versa 4
2026-05-11T12:47:43Z,143.0,Versa 4
2026-05-11T12:47:45Z,144.0,Versa 4
2026-05-11T12:47:47Z,145.0,Versa 4
2026-05-11T12:47:49Z,144.0,Versa 4
2026-05-11T12:47:51Z,142.0,Versa 4
2026-05-11T12:47:54Z,142.0,Versa 4
2026-05-11T12:47:57Z,142.0,Versa 4
2026-05-11T12:47:59Z,141.0,Versa 4
2026-05-11T12:48:01Z,139.0,Versa 4
2026-05-11T12:48:04Z,139.0,Versa 4
2026-05-11T12:48:06Z,141.0,Versa 4
2026-05-11T12:48:08Z,140.0,Versa 4
2026-05-11T12:48:10Z,138.0,Versa 4
2026-05-11T12:48:13Z,138.0,Versa 4
2026-05-11T12:48:14Z,136.0,Versa 4
2026-05-11T12:48:16Z,138.0,Versa 4
2026-05-11T12:48:18Z,137.0,Versa 4
2026-05-11T12:48:21Z,137.0,Versa 4
2026-05-11T12:48:24Z,136.0,Versa 4
2026-05-11T12:48:26Z,137.0,Versa 4
2026-05-11T12:48:28Z,133.0,Versa 4
2026-05-11T12:48:29Z,134.0,Versa 4
2026-05-11T12:48:31Z,135.0,Versa 4
2026-05-11T12:48:33Z,133.0,Versa 4
2026-05-11T12:48:35Z,134.0,Versa 4
2026-05-11T12:48:38Z,134.0,Versa 4
2026-05-11T12:48:41Z,134.0,Versa 4
2026-05-11T12:48:43Z,135.0,Versa 4
2026-05-11T12:48:46Z,135.0,Versa 4
2026-05-11T12:48:47Z,138.0,Versa 4
2026-05-11T12:48:49Z,139.0,Versa 4
2026-05-11T12:48:51Z,133.0,Versa 4
2026-05-11T12:48:53Z,131.0,Versa 4
2026-05-11T12:48:54Z,128.0,Versa 4
2026-05-11T12:48:56Z,131.0,Versa 4
2026-05-11T12:48:58Z,130.0,Versa 4
2026-05-11T12:49:00Z,129.0,Versa 4
2026-05-11T12:49:02Z,128.0,Versa 4
2026-05-11T12:49:04Z,129.0,Versa 4
2026-05-11T12:49:06Z,130.0,Versa 4
2026-05-11T12:49:08Z,131.0,Versa 4
2026-05-11T12:49:10Z,130.0,Versa 4
2026-05-11T12:49:12Z,129.0,Versa 4
2026-05-11T12:49:14Z,128.0,Versa 4
2026-05-11T12:49:17Z,128.0,Versa 4
2026-05-11T12:49:19Z,129.0,Versa 4
2026-05-11T12:49:21Z,128.0,Versa 4
2026-05-11T12:49:23Z,126.0,Versa 4
2026-05-11T12:49:25Z,125.0,Versa 4
2026-05-11T12:49:28Z,125.0,Versa 4
2026-05-11T12:49:31Z,124.0,Versa 4
2026-05-11T12:49:33Z,125.0,Versa 4
2026-05-11T12:49:35Z,129.0,Versa 4
2026-05-11T12:49:37Z,130.0,Versa 4
2026-05-11T12:49:40Z,130.0,Versa 4
2026-05-11T12:49:41Z,129.0,Versa 4
2026-05-11T12:49:42Z,131.0,Versa 4
2026-05-11T12:49:44Z,130.0,Versa 4
2026-05-11T12:49:46Z,128.0,Versa 4
2026-05-11T12:49:48Z,125.0,Versa 4
2026-05-11T12:49:51Z,125.0,Versa 4
2026-05-11T12:49:52Z,126.0,Versa 4
2026-05-11T12:49:54Z,125.0,Versa 4
2026-05-11T12:49:56Z,126.0,Versa 4
2026-05-11T12:49:58Z,129.0,Versa 4
2026-05-11T12:50:00Z,131.0,Versa 4
2026-05-11T12:50:02Z,132.0,Versa 4
2026-05-11T12:50:04Z,130.0,Versa 4
2026-05-11T12:50:05Z,131.0,Versa 4
2026-05-11T12:50:08Z,131.0,Versa 4
2026-05-11T12:50:09Z,130.0,Versa 4
2026-05-11T12:50:11Z,132.0,Versa 4
2026-05-11T12:50:13Z,131.0,Versa 4
2026-05-11T12:50:16Z,131.0,Versa 4
2026-05-11T12:50:17Z,132.0,Versa 4
2026-05-11T12:50:19Z,131.0,Versa 4
2026-05-11T12:50:21Z,128.0,Versa 4
2026-05-11T12:50:23Z,126.0,Versa 4
2026-05-11T12:50:26Z,126.0,Versa 4
2026-05-11T12:50:27Z,127.0,Versa 4
2026-05-11T12:50:29Z,129.0,Versa 4
2026-05-11T12:50:30Z,128.0,Versa 4
2026-05-11T12:50:32Z,131.0,Versa 4
2026-05-11T12:50:34Z,134.0,Versa 4
2026-05-11T12:50:37Z,134.0,Versa 4
2026-05-11T12:50:38Z,139.0,Versa 4
2026-05-11T12:50:41Z,139.0,Versa 4
2026-05-11T12:50:44Z,142.0,Versa 4
2026-05-11T12:50:46Z,146.0,Versa 4
2026-05-11T12:50:48Z,148.0,Versa 4
2026-05-11T12:50:50Z,150.0,Versa 4
2026-05-11T12:50:53Z,149.0,Versa 4
2026-05-11T12:50:55Z,150.0,Versa 4
2026-05-11T12:50:58Z,150.0,Versa 4
2026-05-11T12:50:59Z,149.0,Versa 4
2026-05-11T12:51:02Z,149.0,Versa 4
2026-05-11T12:51:03Z,151.0,Versa 4
2026-05-11T12:51:05Z,147.0,Versa 4
2026-05-11T12:51:07Z,148.0,Versa 4
2026-05-11T12:51:09Z,151.0,Versa 4
2026-05-11T12:51:11Z,146.0,Versa 4
2026-05-11T12:51:13Z,142.0,Versa 4
2026-05-11T12:51:16Z,142.0,Versa 4
2026-05-11T12:51:18Z,143.0,Versa 4
2026-05-11T12:51:20Z,142.0,Versa 4
2026-05-11T12:51:22Z,140.0,Versa 4
2026-05-11T12:51:24Z,137.0,Versa 4
2026-05-11T12:51:26Z,139.0,Versa 4
2026-05-11T12:51:28Z,141.0,Versa 4
2026-05-11T12:51:30Z,142.0,Versa 4
2026-05-11T12:51:32Z,144.0,Versa 4
2026-05-11T12:51:34Z,145.0,Versa 4
2026-05-11T12:51:36Z,143.0,Versa 4
2026-05-11T12:51:39Z,143.0,Versa 4
2026-05-11T12:51:41Z,142.0,Versa 4
2026-05-11T12:51:43Z,147.0,Versa 4
2026-05-11T12:51:46Z,147.0,Versa 4
2026-05-11T12:51:47Z,144.0,Versa 4
2026-05-11T12:51:49Z,145.0,Versa 4
2026-05-11T12:51:52Z,145.0,Versa 4
2026-05-11T12:51:53Z,146.0,Versa 4
2026-05-11T12:51:55Z,147.0,Versa 4
2026-05-11T12:51:58Z,147.0,Versa 4
2026-05-11T12:51:59Z,146.0,Versa 4
2026-05-11T12:52:01Z,147.0,Versa 4
2026-05-11T12:52:04Z,147.0,Versa 4
2026-05-11T12:52:06Z,149.0,Versa 4
2026-05-11T12:52:08Z,148.0,Versa 4
2026-05-11T12:52:10Z,146.0,Versa 4
2026-05-11T12:52:12Z,139.0,Versa 4
2026-05-11T12:52:14Z,140.0,Versa 4
2026-05-11T12:52:16Z,142.0,Versa 4
2026-05-11T12:52:18Z,138.0,Versa 4
2026-05-11T12:52:20Z,148.0,Versa 4
2026-05-11T12:52:22Z,153.0,Versa 4
2026-05-11T12:52:25Z,153.0,Versa 4
2026-05-11T12:52:26Z,151.0,Versa 4
2026-05-11T12:52:28Z,153.0,Versa 4
2026-05-11T12:52:29Z,148.0,Versa 4
2026-05-11T12:52:31Z,146.0,Versa 4
2026-05-11T12:52:33Z,141.0,Versa 4
2026-05-11T12:52:35Z,132.0,Versa 4
2026-05-11T12:52:37Z,142.0,Versa 4
2026-05-11T12:52:39Z,150.0,Versa 4
2026-05-11T12:52:41Z,144.0,Versa 4
2026-05-11T12:52:43Z,125.0,Versa 4
2026-05-11T12:52:45Z,124.0,Versa 4
2026-05-11T12:52:47Z,125.0,Versa 4
2026-05-11T12:52:49Z,126.0,Versa 4
2026-05-11T12:52:51Z,125.0,Versa 4
2026-05-11T12:52:53Z,124.0,Versa 4
2026-05-11T12:52:54Z,123.0,Versa 4
2026-05-11T12:52:57Z,123.0,Versa 4
2026-05-11T12:52:58Z,126.0,Versa 4
2026-05-11T12:53:00Z,124.0,Versa 4
2026-05-11T12:53:02Z,121.0,Versa 4
2026-05-11T12:53:04Z,116.0,Versa 4
2026-05-11T12:53:06Z,114.0,Versa 4
2026-05-11T12:53:08Z,115.0,Versa 4
2026-05-11T12:53:10Z,117.0,Versa 4
2026-05-11T12:53:12Z,118.0,Versa 4
2026-05-11T12:53:14Z,117.0,Versa 4
2026-05-11T12:53:16Z,119.0,Versa 4
2026-05-11T12:53:19Z,118.0,Versa 4
2026-05-11T12:53:21Z,119.0,Versa 4
2026-05-11T12:53:23Z,122.0,Versa 4
2026-05-11T12:53:26Z,122.0,Versa 4
2026-05-11T12:53:29Z,122.0,Versa 4
2026-05-11T12:53:32Z,122.0,Versa 4
2026-05-11T12:53:33Z,123.0,Versa 4
2026-05-11T12:53:36Z,123.0,Versa 4
2026-05-11T12:53:37Z,121.0,Versa 4
2026-05-11T12:53:39Z,122.0,Versa 4
2026-05-11T12:53:41Z,128.0,Versa 4
2026-05-11T12:53:42Z,126.0,Versa 4
2026-05-11T12:53:45Z,126.0,Versa 4
2026-05-11T12:53:46Z,128.0,Versa 4
2026-05-11T12:53:48Z,133.0,Versa 4
2026-05-11T12:53:50Z,132.0,Versa 4
2026-05-11T12:53:52Z,126.0,Versa 4
2026-05-11T12:53:54Z,124.0,Versa 4
2026-05-11T12:53:56Z,123.0,Versa 4
2026-05-11T12:53:58Z,122.0,Versa 4
2026-05-11T12:54:00Z,123.0,Versa 4
2026-05-11T12:54:03Z,123.0,Versa 4
2026-05-11T12:54:05Z,124.0,Versa 4
2026-05-11T12:54:07Z,125.0,Versa 4
2026-05-11T12:54:10Z,125.0,Versa 4
2026-05-11T12:54:11Z,124.0,Versa 4
2026-05-11T12:54:14Z,124.0,Versa 4
2026-05-11T12:54:15Z,122.0,Versa 4
2026-05-11T12:54:18Z,122.0,Versa 4
2026-05-11T12:54:21Z,123.0,Versa 4
2026-05-11T12:54:23Z,124.0,Versa 4
2026-05-11T12:54:25Z,125.0,Versa 4
2026-05-11T12:54:28Z,125.0,Versa 4
2026-05-11T12:54:30Z,124.0,Versa 4
2026-05-11T12:54:32Z,122.0,Versa 4
2026-05-11T12:54:34Z,123.0,Versa 4
2026-05-11T12:54:36Z,122.0,Versa 4
2026-05-11T12:54:38Z,123.0,Versa 4
2026-05-11T12:54:41Z,123.0,Versa 4
2026-05-11T12:54:42Z,124.0,Versa 4
2026-05-11T12:54:44Z,122.0,Versa 4
2026-05-11T12:54:46Z,121.0,Versa 4
2026-05-11T12:54:48Z,122.0,Versa 4
2026-05-11T12:54:50Z,121.0,Versa 4
2026-05-11T12:54:52Z,122.0,Versa 4
2026-05-11T12:54:55Z,122.0,Versa 4
2026-05-11T12:54:58Z,122.0,Versa 4
2026-05-11T12:55:01Z,122.0,Versa 4
2026-05-11T12:55:04Z,122.0,Versa 4
2026-05-11T12:55:05Z,123.0,Versa 4
2026-05-11T12:55:08Z,123.0,Versa 4
2026-05-11T12:55:11Z,125.0,Versa 4
2026-05-11T12:55:14Z,125.0,Versa 4
2026-05-11T12:55:17Z,125.0,Versa 4
2026-05-11T12:55:20Z,126.0,Versa 4
2026-05-11T12:55:23Z,126.0,Versa 4
2026-05-11T12:55:24Z,127.0,Versa 4
2026-05-11T12:55:26Z,125.0,Versa 4
2026-05-11T12:55:28Z,124.0,Versa 4
2026-05-11T12:55:30Z,123.0,Versa 4
2026-05-11T12:55:32Z,124.0,Versa 4
2026-05-11T12:55:35Z,124.0,Versa 4
2026-05-11T12:55:38Z,125.0,Versa 4
2026-05-11T12:55:40Z,126.0,Versa 4
2026-05-11T12:55:41Z,127.0,Versa 4
2026-05-11T12:55:44Z,127.0,Versa 4
2026-05-11T12:55:47Z,128.0,Versa 4
2026-05-11T12:55:49Z,129.0,Versa 4
2026-05-11T12:55:51Z,132.0,Versa 4
2026-05-11T12:55:53Z,134.0,Versa 4
2026-05-11T12:55:55Z,135.0,Versa 4
2026-05-11T12:55:57Z,138.0,Versa 4
2026-05-11T12:55:59Z,139.0,Versa 4
2026-05-11T12:56:02Z,139.0,Versa 4
2026-05-11T12:56:05Z,143.0,Versa 4
2026-05-11T12:56:06Z,149.0,Versa 4
2026-05-11T12:56:08Z,150.0,Versa 4
2026-05-11T12:56:10Z,153.0,Versa 4
2026-05-11T12:56:13Z,153.0,Versa 4
2026-05-11T12:56:16Z,154.0,Versa 4
2026-05-11T12:56:18Z,153.0,Versa 4
2026-05-11T12:56:20Z,154.0,Versa 4
2026-05-11T12:56:22Z,155.0,Versa 4
2026-05-11T12:56:24Z,154.0,Versa 4
2026-05-11T12:56:26Z,153.0,Versa 4
2026-05-11T12:56:28Z,152.0,Versa 4
2026-05-11T12:56:29Z,150.0,Versa 4
2026-05-11T12:56:31Z,146.0,Versa 4
2026-05-11T12:56:33Z,144.0,Versa 4
2026-05-11T12:56:35Z,143.0,Versa 4
2026-05-11T12:56:37Z,142.0,Versa 4
2026-05-11T12:56:39Z,141.0,Versa 4
2026-05-11T12:56:41Z,140.0,Versa 4
2026-05-11T12:56:43Z,142.0,Versa 4
2026-05-11T12:56:45Z,140.0,Versa 4
2026-05-11T12:56:47Z,139.0,Versa 4
2026-05-11T12:56:50Z,139.0,Versa 4
2026-05-11T12:56:51Z,142.0,Versa 4
2026-05-11T12:56:53Z,141.0,Versa 4
2026-05-11T12:56:54Z,140.0,Versa 4
2026-05-11T12:56:57Z,140.0,Versa 4
2026-05-11T12:57:00Z,142.0,Versa 4
2026-05-11T12:57:02Z,141.0,Versa 4
2026-05-11T12:57:04Z,140.0,Versa 4
2026-05-11T12:57:06Z,138.0,Versa 4
2026-05-11T12:57:08Z,136.0,Versa 4
2026-05-11T12:57:10Z,137.0,Versa 4
2026-05-11T12:57:13Z,137.0,Versa 4
2026-05-11T12:57:14Z,135.0,Versa 4
2026-05-11T12:57:16Z,132.0,Versa 4
2026-05-11T12:57:19Z,134.0,Versa 4
2026-05-11T12:57:22Z,134.0,Versa 4
2026-05-11T12:57:23Z,135.0,Versa 4
2026-05-11T12:57:25Z,136.0,Versa 4
2026-05-11T12:57:27Z,134.0,Versa 4
2026-05-11T12:57:29Z,133.0,Versa 4
2026-05-11T12:57:31Z,132.0,Versa 4
2026-05-11T12:57:33Z,133.0,Versa 4
2026-05-11T12:57:35Z,132.0,Versa 4
2026-05-11T12:57:37Z,130.0,Versa 4
2026-05-11T12:57:40Z,130.0,Versa 4
2026-05-11T12:57:41Z,131.0,Versa 4
2026-05-11T12:57:42Z,132.0,Versa 4
2026-05-11T12:57:44Z,132.0,Versa 4
2026-05-11T12:57:46Z,130.0,Versa 4
2026-05-11T12:57:49Z,130.0,Versa 4
2026-05-11T12:57:52Z,129.0,Versa 4
2026-05-11T12:57:55Z,129.0,Versa 4
2026-05-11T12:57:56Z,130.0,Versa 4
2026-05-11T12:57:58Z,131.0,Versa 4
2026-05-11T12:58:00Z,133.0,Versa 4
2026-05-11T12:58:03Z,133.0,Versa 4
2026-05-11T12:58:05Z,129.0,Versa 4
2026-05-11T12:58:07Z,127.0,Versa 4
2026-05-11T12:58:09Z,126.0,Versa 4
2026-05-11T12:58:11Z,125.0,Versa 4
2026-05-11T12:58:13Z,127.0,Versa 4
2026-05-11T12:58:16Z,127.0,Versa 4
2026-05-11T12:58:17Z,128.0,Versa 4
2026-05-11T12:58:20Z,128.0,Versa 4
2026-05-11T12:58:23Z,130.0,Versa 4
2026-05-11T12:58:25Z,118.0,Versa 4
2026-05-11T12:58:27Z,123.0,Versa 4
2026-05-11T12:58:29Z,129.0,Versa 4
2026-05-11T12:58:30Z,136.0,Versa 4
2026-05-11T12:58:32Z,128.0,Versa 4
2026-05-11T12:58:34Z,125.0,Versa 4
2026-05-11T12:58:36Z,123.0,Versa 4
2026-05-11T12:58:38Z,122.0,Versa 4
2026-05-11T12:58:40Z,123.0,Versa 4
2026-05-11T12:58:42Z,122.0,Versa 4
2026-05-11T12:58:44Z,123.0,Versa 4
2026-05-11T12:58:46Z,124.0,Versa 4
2026-05-11T12:58:48Z,123.0,Versa 4
2026-05-11T12:58:50Z,125.0,Versa 4
2026-05-11T12:58:52Z,124.0,Versa 4
2026-05-11T12:58:53Z,117.0,Versa 4
2026-05-11T12:58:55Z,116.0,Versa 4
2026-05-11T12:58:57Z,120.0,Versa 4
2026-05-11T12:58:59Z,123.0,Versa 4
2026-05-11T12:59:01Z,124.0,Versa 4
2026-05-11T12:59:03Z,126.0,Versa 4
2026-05-11T12:59:05Z,125.0,Versa 4
2026-05-11T12:59:07Z,129.0,Versa 4
2026-05-11T12:59:10Z,129.0,Versa 4
2026-05-11T12:59:11Z,130.0,Versa 4
2026-05-11T12:59:14Z,130.0,Versa 4
2026-05-11T12:59:15Z,131.0,Versa 4
2026-05-11T12:59:17Z,130.0,Versa 4
2026-05-11T12:59:18Z,129.0,Versa 4
2026-05-11T12:59:20Z,131.0,Versa 4
2026-05-11T12:59:23Z,131.0,Versa 4
2026-05-11T12:59:24Z,129.0,Versa 4
2026-05-11T12:59:26Z,128.0,Versa 4
2026-05-11T12:59:28Z,127.0,Versa 4
2026-05-11T12:59:30Z,128.0,Versa 4
2026-05-11T12:59:32Z,129.0,Versa 4
2026-05-11T12:59:34Z,128.0,Versa 4
2026-05-11T12:59:36Z,127.0,Versa 4
2026-05-11T12:59:38Z,128.0,Versa 4
2026-05-11T12:59:40Z,127.0,Versa 4
2026-05-11T12:59:43Z,128.0,Versa 4
2026-05-11T12:59:46Z,128.0,Versa 4
2026-05-11T12:59:49Z,130.0,Versa 4
2026-05-11T12:59:51Z,131.0,Versa 4
2026-05-11T12:59:53Z,130.0,Versa 4
2026-05-11T12:59:55Z,129.0,Versa 4
2026-05-11T12:59:57Z,128.0,Versa 4
2026-05-11T12:59:59Z,135.0,Versa 4
2026-05-11T13:00:01Z,131.0,Versa 4
2026-05-11T13:00:03Z,125.0,Versa 4
2026-05-11T13:00:06Z,124.0,Versa 4
2026-05-11T13:00:08Z,127.0,Versa 4
2026-05-11T13:00:10Z,129.0,Versa 4
2026-05-11T13:00:12Z,130.0,Versa 4
2026-05-11T13:00:14Z,133.0,Versa 4
2026-05-11T13:00:16Z,138.0,Versa 4
2026-05-11T13:00:18Z,140.0,Versa 4
2026-05-11T13:00:21Z,140.0,Versa 4
2026-05-11T13:00:22Z,142.0,Versa 4
2026-05-11T13:00:24Z,143.0,Versa 4
2026-05-11T13:00:27Z,143.0,Versa 4
2026-05-11T13:00:29Z,140.0,Versa 4
2026-05-11T13:00:31Z,137.0,Versa 4
2026-05-11T13:00:33Z,136.0,Versa 4
2026-05-11T13:00:36Z,136.0,Versa 4
2026-05-11T13:00:39Z,136.0,Versa 4
2026-05-11T13:00:41Z,135.0,Versa 4
2026-05-11T13:00:44Z,135.0,Versa 4
2026-05-11T13:00:45Z,134.0,Versa 4
2026-05-11T13:00:47Z,133.0,Versa 4
2026-05-11T13:00:49Z,134.0,Versa 4
2026-05-11T13:00:52Z,134.0,Versa 4
2026-05-11T13:00:54Z,133.0,Versa 4
2026-05-11T13:00:57Z,133.0,Versa 4
2026-05-11T13:01:00Z,134.0,Versa 4
2026-05-11T13:01:03Z,134.0,Versa 4
2026-05-11T13:01:04Z,135.0,Versa 4
2026-05-11T13:01:06Z,134.0,Versa 4
2026-05-11T13:01:08Z,135.0,Versa 4
2026-05-11T13:01:10Z,131.0,Versa 4
2026-05-11T13:01:12Z,124.0,Versa 4
2026-05-11T13:01:14Z,130.0,Versa 4
2026-05-11T13:01:16Z,132.0,Versa 4
2026-05-11T13:01:17Z,133.0,Versa 4
2026-05-11T13:01:19Z,132.0,Versa 4
2026-05-11T13:01:22Z,132.0,Versa 4
2026-05-11T13:01:23Z,130.0,Versa 4
2026-05-11T13:01:25Z,131.0,Versa 4
2026-05-11T13:01:27Z,130.0,Versa 4
2026-05-11T13:01:29Z,128.0,Versa 4
2026-05-11T13:01:31Z,129.0,Versa 4
2026-05-11T13:01:33Z,130.0,Versa 4
2026-05-11T13:01:36Z,130.0,Versa 4
2026-05-11T13:01:37Z,131.0,Versa 4
2026-05-11T13:01:40Z,131.0,Versa 4
2026-05-11T13:01:42Z,130.0,Versa 4
2026-05-11T13:01:44Z,131.0,Versa 4
2026-05-11T13:01:46Z,129.0,Versa 4
2026-05-11T13:01:49Z,129.0,Versa 4
2026-05-11T13:01:50Z,130.0,Versa 4
2026-05-11T13:01:52Z,131.0,Versa 4
2026-05-11T13:01:54Z,132.0,Versa 4
2026-05-11T13:01:56Z,131.0,Versa 4
2026-05-11T13:01:58Z,130.0,Versa 4
2026-05-11T13:02:00Z,125.0,Versa 4
2026-05-11T13:02:02Z,128.0,Versa 4
2026-05-11T13:02:04Z,125.0,Versa 4
2026-05-11T13:02:05Z,127.0,Versa 4
2026-05-11T13:02:07Z,129.0,Versa 4
2026-05-11T13:02:09Z,120.0,Versa 4
2026-05-11T13:02:11Z,118.0,Versa 4
2026-05-11T13:02:14Z,118.0,Versa 4
2026-05-11T13:02:17Z,118.0,Versa 4
2026-05-11T13:02:20Z,118.0,Versa 4
2026-05-11T13:02:23Z,121.0,Versa 4
2026-05-11T13:02:25Z,123.0,Versa 4
2026-05-11T13:02:27Z,124.0,Versa 4
2026-05-11T13:02:29Z,125.0,Versa 4
2026-05-11T13:02:30Z,124.0,Versa 4
2026-05-11T13:02:32Z,123.0,Versa 4
2026-05-11T13:02:35Z,123.0,Versa 4
2026-05-11T13:02:36Z,122.0,Versa 4
2026-05-11T13:02:38Z,123.0,Versa 4
2026-05-11T13:02:40Z,124.0,Versa 4
2026-05-11T13:02:42Z,123.0,Versa 4
2026-05-11T13:02:45Z,123.0,Versa 4
2026-05-11T13:02:46Z,122.0,Versa 4
2026-05-11T13:02:49Z,122.0,Versa 4
2026-05-11T13:02:50Z,120.0,Versa 4
2026-05-11T13:02:52Z,118.0,Versa 4
2026-05-11T13:02:53Z,114.0,Versa 4
2026-05-11T13:02:55Z,113.0,Versa 4
2026-05-11T13:02:57Z,115.0,Versa 4
2026-05-11T13:02:59Z,116.0,Versa 4
2026-05-11T13:03:01Z,122.0,Versa 4
2026-05-11T13:03:04Z,122.0,Versa 4
2026-05-11T13:03:05Z,122.0,Versa 4
2026-05-11T13:03:08Z,122.0,Versa 4
2026-05-11T13:03:11Z,122.0,Versa 4
2026-05-11T13:03:13Z,121.0,Versa 4
2026-05-11T13:03:15Z,122.0,Versa 4
2026-05-11T13:03:17Z,123.0,Versa 4
2026-05-11T13:03:18Z,124.0,Versa 4
2026-05-11T13:03:21Z,124.0,Versa 4
2026-05-11T13:03:22Z,121.0,Versa 4
2026-05-11T13:03:25Z,121.0,Versa 4
2026-05-11T13:03:26Z,123.0,Versa 4
2026-05-11T13:03:28Z,122.0,Versa 4
2026-05-11T13:03:31Z,122.0,Versa 4
2026-05-11T13:03:32Z,123.0,Versa 4
2026-05-11T13:03:34Z,124.0,Versa 4
2026-05-11T13:03:36Z,121.0,Versa 4
2026-05-11T13:03:38Z,122.0,Versa 4
2026-05-11T13:03:40Z,121.0,Versa 4
2026-05-11T13:03:43Z,122.0,Versa 4
2026-05-11T13:03:45Z,130.0,Versa 4
2026-05-11T13:03:47Z,132.0,Versa 4
2026-05-11T13:03:50Z,132.0,Versa 4
2026-05-11T13:03:53Z,132.0,Versa 4
2026-05-11T13:03:55Z,133.0,Versa 4
2026-05-11T13:03:57Z,137.0,Versa 4
2026-05-11T13:03:59Z,137.0,Versa 4
2026-05-11T13:04:01Z,137.0,Versa 4
2026-05-11T13:04:03Z,134.0,Versa 4
2026-05-11T13:04:05Z,130.0,Versa 4
2026-05-11T13:04:06Z,136.0,Versa 4
2026-05-11T13:04:08Z,141.0,Versa 4
2026-05-11T13:04:10Z,150.0,Versa 4
2026-05-11T13:04:12Z,151.0,Versa 4
2026-05-11T13:04:14Z,146.0,Versa 4
2026-05-11T13:04:16Z,149.0,Versa 4
2026-05-11T13:04:18Z,144.0,Versa 4
2026-05-11T13:04:20Z,142.0,Versa 4
2026-05-11T13:04:22Z,140.0,Versa 4
2026-05-11T13:04:24Z,138.0,Versa 4
2026-05-11T13:04:26Z,137.0,Versa 4
2026-05-11T13:04:28Z,138.0,Versa 4
2026-05-11T13:04:31Z,139.0,Versa 4
2026-05-11T13:04:33Z,141.0,Versa 4
2026-05-11T13:04:35Z,143.0,Versa 4
2026-05-11T13:04:37Z,145.0,Versa 4
2026-05-11T13:04:39Z,146.0,Versa 4
2026-05-11T13:04:41Z,147.0,Versa 4
2026-05-11T13:04:43Z,146.0,Versa 4
2026-05-11T13:04:46Z,146.0,Versa 4
2026-05-11T13:04:47Z,148.0,Versa 4
2026-05-11T13:04:50Z,148.0,Versa 4
2026-05-11T13:04:51Z,147.0,Versa 4
2026-05-11T13:04:53Z,147.0,Versa 4
2026-05-11T13:04:56Z,145.0,Versa 4
2026-05-11T13:04:58Z,146.0,Versa 4
2026-05-11T13:05:00Z,148.0,Versa 4
2026-05-11T13:05:02Z,143.0,Versa 4
2026-05-11T13:05:04Z,142.0,Versa 4
2026-05-11T13:05:06Z,141.0,Versa 4
2026-05-11T13:05:08Z,140.0,Versa 4
2026-05-11T13:05:11Z,140.0,Versa 4
2026-05-11T13:05:12Z,138.0,Versa 4
2026-05-11T13:05:14Z,133.0,Versa 4
2026-05-11T13:05:17Z,134.0,Versa 4
2026-05-11T13:05:19Z,135.0,Versa 4
2026-05-11T13:05:21Z,137.0,Versa 4
2026-05-11T13:05:23Z,136.0,Versa 4
2026-05-11T13:05:26Z,136.0,Versa 4
2026-05-11T13:05:29Z,137.0,Versa 4
2026-05-11T13:05:31Z,138.0,Versa 4
2026-05-11T13:05:33Z,134.0,Versa 4
2026-05-11T13:05:35Z,134.0,Versa 4
2026-05-11T13:05:37Z,136.0,Versa 4
2026-05-11T13:05:39Z,135.0,Versa 4
2026-05-11T13:05:42Z,137.0,Versa 4
2026-05-11T13:05:44Z,136.0,Versa 4
2026-05-11T13:05:46Z,140.0,Versa 4
2026-05-11T13:05:48Z,138.0,Versa 4
2026-05-11T13:05:50Z,139.0,Versa 4
2026-05-11T13:05:52Z,142.0,Versa 4
2026-05-11T13:05:54Z,143.0,Versa 4
2026-05-11T13:05:56Z,141.0,Versa 4
2026-05-11T13:05:58Z,135.0,Versa 4
2026-05-11T13:06:00Z,137.0,Versa 4
2026-05-11T13:06:02Z,135.0,Versa 4
2026-05-11T13:06:04Z,136.0,Versa 4
2026-05-11T13:06:05Z,131.0,Versa 4
2026-05-11T13:06:07Z,132.0,Versa 4
2026-05-11T13:06:09Z,155.0,Versa 4
2026-05-11T13:06:11Z,157.0,Versa 4
2026-05-11T13:06:13Z,150.0,Versa 4
2026-05-11T13:06:15Z,142.0,Versa 4
2026-05-11T13:06:17Z,141.0,Versa 4
2026-05-11T13:06:19Z,139.0,Versa 4
2026-05-11T13:06:21Z,147.0,Versa 4
2026-05-11T13:06:23Z,145.0,Versa 4
2026-05-11T13:06:25Z,143.0,Versa 4
2026-05-11T13:06:27Z,145.0,Versa 4
2026-05-11T13:06:29Z,149.0,Versa 4
2026-05-11T13:06:30Z,144.0,Versa 4
2026-05-11T13:06:32Z,137.0,Versa 4
2026-05-11T13:06:34Z,143.0,Versa 4
2026-05-11T13:06:36Z,139.0,Versa 4
2026-05-11T13:06:38Z,137.0,Versa 4
2026-05-11T13:06:40Z,134.0,Versa 4
2026-05-11T13:06:42Z,138.0,Versa 4
2026-05-11T13:06:45Z,138.0,Versa 4
2026-05-11T13:06:46Z,142.0,Versa 4
2026-05-11T13:06:48Z,140.0,Versa 4
2026-05-11T13:06:50Z,136.0,Versa 4
2026-05-11T13:06:52Z,140.0,Versa 4
2026-05-11T13:06:55Z,140.0,Versa 4
2026-05-11T13:06:57Z,143.0,Versa 4
2026-05-11T13:06:59Z,148.0,Versa 4
2026-05-11T13:07:01Z,143.0,Versa 4
2026-05-11T13:07:04Z,143.0,Versa 4
2026-05-11T13:07:05Z,145.0,Versa 4
2026-05-11T13:07:07Z,145.0,Versa 4
2026-05-11T13:07:09Z,148.0,Versa 4
2026-05-11T13:07:11Z,152.0,Versa 4
2026-05-11T13:07:13Z,146.0,Versa 4
2026-05-11T13:07:15Z,147.0,Versa 4
2026-05-11T13:07:17Z,144.0,Versa 4
2026-05-11T13:07:20Z,144.0,Versa 4
2026-05-11T13:07:22Z,143.0,Versa 4
2026-05-11T13:07:24Z,147.0,Versa 4
2026-05-11T13:07:27Z,147.0,Versa 4
2026-05-11T13:07:28Z,144.0,Versa 4
2026-05-11T13:07:30Z,140.0,Versa 4
2026-05-11T13:07:32Z,140.0,Versa 4
2026-05-11T13:07:34Z,139.0,Versa 4
2026-05-11T13:07:37Z,139.0,Versa 4
2026-05-11T13:07:40Z,139.0,Versa 4
2026-05-11T13:07:41Z,142.0,Versa 4
2026-05-11T13:07:43Z,146.0,Versa 4
2026-05-11T13:07:45Z,149.0,Versa 4
2026-05-11T13:07:48Z,149.0,Versa 4
2026-05-11T13:07:49Z,147.0,Versa 4
2026-05-11T13:07:51Z,144.0,Versa 4
2026-05-11T13:07:54Z,144.0,Versa 4
2026-05-11T13:07:57Z,144.0,Versa 4
2026-05-11T13:08:00Z,144.0,Versa 4
2026-05-11T13:08:01Z,143.0,Versa 4
2026-05-11T13:08:03Z,142.0,Versa 4
2026-05-11T13:08:05Z,141.0,Versa 4
2026-05-11T13:08:06Z,142.0,Versa 4
2026-05-11T13:08:09Z,142.0,Versa 4
2026-05-11T13:08:12Z,144.0,Versa 4
2026-05-11T13:08:15Z,144.0,Versa 4
2026-05-11T13:08:18Z,144.0,Versa 4
2026-05-11T13:08:21Z,144.0,Versa 4
2026-05-11T13:08:22Z,145.0,Versa 4
2026-05-11T13:08:24Z,143.0,Versa 4
2026-05-11T13:08:27Z,143.0,Versa 4
2026-05-11T13:08:29Z,144.0,Versa 4
2026-05-11T13:08:31Z,141.0,Versa 4
2026-05-11T13:08:33Z,135.0,Versa 4
2026-05-11T13:08:35Z,141.0,Versa 4
2026-05-11T13:08:37Z,144.0,Versa 4
2026-05-11T13:08:39Z,139.0,Versa 4
2026-05-11T13:08:41Z,138.0,Versa 4
2026-05-11T13:08:43Z,140.0,Versa 4
2026-05-11T13:08:46Z,140.0,Versa 4
2026-05-11T13:08:47Z,139.0,Versa 4
2026-05-11T13:08:49Z,137.0,Versa 4
2026-05-11T13:08:51Z,136.0,Versa 4
2026-05-11T13:08:54Z,135.0,Versa 4
2026-05-11T13:08:56Z,134.0,Versa 4
2026-05-11T13:08:59Z,134.0,Versa 4
2026-05-11T13:09:00Z,136.0,Versa 4
2026-05-11T13:09:03Z,136.0,Versa 4
2026-05-11T13:09:04Z,137.0,Versa 4
2026-05-11T13:09:06Z,135.0,Versa 4
2026-05-11T13:09:09Z,135.0,Versa 4
2026-05-11T13:09:12Z,136.0,Versa 4
2026-05-11T13:09:15Z,136.0,Versa 4
2026-05-11T13:09:16Z,133.0,Versa 4
2026-05-11T13:09:17Z,132.0,Versa 4
2026-05-11T13:09:19Z,134.0,Versa 4
2026-05-11T13:09:22Z,134.0,Versa 4
2026-05-11T13:09:23Z,133.0,Versa 4
2026-05-11T13:09:25Z,134.0,Versa 4
2026-05-11T13:09:27Z,135.0,Versa 4
2026-05-11T13:09:29Z,135.0,Versa 4
2026-05-11T13:09:31Z,136.0,Versa 4
2026-05-11T13:09:33Z,135.0,Versa 4
2026-05-11T13:09:35Z,136.0,Versa 4
2026-05-11T13:09:37Z,142.0,Versa 4
2026-05-11T13:09:39Z,143.0,Versa 4
2026-05-11T13:09:41Z,144.0,Versa 4
2026-05-11T13:09:44Z,140.0,Versa 4
2026-05-11T13:09:46Z,142.0,Versa 4
2026-05-11T13:09:49Z,142.0,Versa 4
2026-05-11T13:09:50Z,140.0,Versa 4
2026-05-11T13:09:52Z,142.0,Versa 4
2026-05-11T13:09:54Z,143.0,Versa 4
2026-05-11T13:09:56Z,134.0,Versa 4
2026-05-11T13:09:59Z,134.0,Versa 4
2026-05-11T13:10:02Z,133.0,Versa 4
2026-05-11T13:10:04Z,134.0,Versa 4
2026-05-11T13:10:07Z,134.0,Versa 4
2026-05-11T13:10:10Z,134.0,Versa 4
2026-05-11T13:10:11Z,133.0,Versa 4
2026-05-11T13:10:14Z,133.0,Versa 4
2026-05-11T13:10:17Z,133.0,Versa 4
2026-05-11T13:10:19Z,134.0,Versa 4
2026-05-11T13:10:21Z,133.0,Versa 4
2026-05-11T13:10:23Z,134.0,Versa 4
2026-05-11T13:10:26Z,134.0,Versa 4
2026-05-11T13:10:27Z,136.0,Versa 4
2026-05-11T13:10:29Z,134.0,Versa 4
2026-05-11T13:10:30Z,135.0,Versa 4
2026-05-11T13:10:33Z,135.0,Versa 4
2026-05-11T13:10:34Z,136.0,Versa 4
2026-05-11T13:10:36Z,134.0,Versa 4
2026-05-11T13:10:38Z,135.0,Versa 4
2026-05-11T13:10:40Z,136.0,Versa 4
2026-05-11T13:10:42Z,137.0,Versa 4
2026-05-11T13:10:44Z,138.0,Versa 4
2026-05-11T13:10:46Z,136.0,Versa 4
2026-05-11T13:10:48Z,137.0,Versa 4
2026-05-11T13:10:50Z,139.0,Versa 4
2026-05-11T13:10:52Z,141.0,Versa 4
2026-05-11T13:10:53Z,140.0,Versa 4
2026-05-11T13:10:55Z,141.0,Versa 4
2026-05-11T13:10:58Z,141.0,Versa 4
2026-05-11T13:10:59Z,140.0,Versa 4
2026-05-11T13:11:01Z,141.0,Versa 4
2026-05-11T13:11:03Z,140.0,Versa 4
2026-05-11T13:11:06Z,140.0,Versa 4
2026-05-11T13:11:09Z,140.0,Versa 4
2026-05-11T13:11:12Z,140.0,Versa 4
2026-05-11T13:11:15Z,139.0,Versa 4
2026-05-11T13:11:18Z,139.0,Versa 4
2026-05-11T13:11:20Z,140.0,Versa 4
2026-05-11T13:11:22Z,141.0,Versa 4
2026-05-11T13:11:24Z,142.0,Versa 4
2026-05-11T13:11:26Z,140.0,Versa 4
2026-05-11T13:11:28Z,137.0,Versa 4
2026-05-11T13:11:31Z,137.0,Versa 4
2026-05-11T13:11:34Z,135.0,Versa 4
2026-05-11T13:11:36Z,137.0,Versa 4
2026-05-11T13:11:39Z,137.0,Versa 4
2026-05-11T13:11:41Z,141.0,Versa 4
2026-05-11T13:11:43Z,138.0,Versa 4
2026-05-11T13:11:45Z,134.0,Versa 4
2026-05-11T13:11:47Z,138.0,Versa 4
2026-05-11T13:11:49Z,137.0,Versa 4
2026-05-11T13:11:51Z,135.0,Versa 4
2026-05-11T13:11:53Z,137.0,Versa 4
2026-05-11T13:11:55Z,139.0,Versa 4
2026-05-11T13:11:57Z,135.0,Versa 4
2026-05-11T13:11:59Z,140.0,Versa 4
2026-05-11T13:12:01Z,136.0,Versa 4
2026-05-11T13:12:04Z,136.0,Versa 4
2026-05-11T13:12:05Z,137.0,Versa 4
2026-05-11T13:12:06Z,136.0,Versa 4
2026-05-11T13:12:08Z,134.0,Versa 4
2026-05-11T13:12:10Z,135.0,Versa 4
2026-05-11T13:12:12Z,134.0,Versa 4
2026-05-11T13:12:14Z,136.0,Versa 4
2026-05-11T13:12:16Z,137.0,Versa 4
2026-05-11T13:12:18Z,140.0,Versa 4
2026-05-11T13:12:20Z,139.0,Versa 4
2026-05-11T13:12:22Z,138.0,Versa 4
2026-05-11T13:12:25Z,138.0,Versa 4
2026-05-11T13:12:26Z,139.0,Versa 4
2026-05-11T13:12:28Z,137.0,Versa 4
2026-05-11T13:12:29Z,138.0,Versa 4
2026-05-11T13:12:32Z,138.0,Versa 4
2026-05-11T13:12:33Z,139.0,Versa 4
2026-05-11T13:12:36Z,139.0,Versa 4
2026-05-11T13:12:37Z,138.0,Versa 4
2026-05-11T13:12:40Z,138.0,Versa 4
2026-05-11T13:12:43Z,136.0,Versa 4
2026-05-11T13:12:46Z,136.0,Versa 4
2026-05-11T13:12:49Z,135.0,Versa 4
2026-05-11T13:12:51Z,136.0,Versa 4
2026-05-11T13:12:53Z,137.0,Versa 4
2026-05-11T13:12:54Z,138.0,Versa 4
2026-05-11T13:12:56Z,141.0,Versa 4
2026-05-11T13:12:59Z,141.0,Versa 4
2026-05-11T13:13:00Z,140.0,Versa 4
2026-05-11T13:13:02Z,141.0,Versa 4
2026-05-11T13:13:04Z,140.0,Versa 4
2026-05-11T13:13:06Z,138.0,Versa 4
2026-05-11T13:13:08Z,142.0,Versa 4
2026-05-11T13:13:10Z,141.0,Versa 4
2026-05-11T13:13:12Z,143.0,Versa 4
2026-05-11T13:13:14Z,146.0,Versa 4
2026-05-11T13:13:16Z,146.0,Versa 4
2026-05-11T13:13:18Z,145.0,Versa 4
2026-05-11T13:13:19Z,147.0,Versa 4
2026-05-11T13:13:21Z,132.0,Versa 4
2026-05-11T13:13:23Z,128.0,Versa 4
2026-05-11T13:13:25Z,126.0,Versa 4
2026-05-11T13:13:27Z,125.0,Versa 4
2026-05-11T13:13:29Z,127.0,Versa 4
2026-05-11T13:13:31Z,128.0,Versa 4
2026-05-11T13:13:33Z,131.0,Versa 4
2026-05-11T13:13:35Z,132.0,Versa 4
2026-05-11T13:13:37Z,131.0,Versa 4
2026-05-11T13:13:40Z,131.0,Versa 4
2026-05-11T13:13:42Z,132.0,Versa 4
2026-05-11T13:13:44Z,133.0,Versa 4
2026-05-11T13:13:47Z,133.0,Versa 4
2026-05-11T13:13:48Z,134.0,Versa 4
2026-05-11T13:13:51Z,134.0,Versa 4
2026-05-11T13:13:54Z,135.0,Versa 4
2026-05-11T13:13:56Z,134.0,Versa 4
2026-05-11T13:13:58Z,132.0,Versa 4
2026-05-11T13:14:00Z,131.0,Versa 4
2026-05-11T13:14:02Z,132.0,Versa 4
2026-05-11T13:14:04Z,133.0,Versa 4
2026-05-11T13:14:06Z,132.0,Versa 4
2026-05-11T13:14:09Z,132.0,Versa 4
2026-05-11T13:14:11Z,132.0,Versa 4
2026-05-11T13:14:13Z,131.0,Versa 4
2026-05-11T13:14:16Z,131.0,Versa 4
2026-05-11T13:14:17Z,130.0,Versa 4
2026-05-11T13:14:19Z,131.0,Versa 4
2026-05-11T13:14:22Z,131.0,Versa 4
2026-05-11T13:14:23Z,132.0,Versa 4
2026-05-11T13:14:26Z,132.0,Versa 4
2026-05-11T13:14:29Z,134.0,Versa 4
2026-05-11T13:14:30Z,131.0,Versa 4
2026-05-11T13:14:32Z,123.0,Versa 4
2026-05-11T13:14:34Z,122.0,Versa 4
2026-05-11T13:14:36Z,129.0,Versa 4
2026-05-11T13:14:38Z,134.0,Versa 4
2026-05-11T13:14:40Z,115.0,Versa 4
2026-05-11T13:14:42Z,116.0,Versa 4
2026-05-11T13:14:44Z,119.0,Versa 4
2026-05-11T13:14:46Z,121.0,Versa 4
2026-05-11T13:14:48Z,125.0,Versa 4
2026-05-11T13:14:50Z,126.0,Versa 4
2026-05-11T13:14:52Z,127.0,Versa 4
2026-05-11T13:14:55Z,127.0,Versa 4
2026-05-11T13:14:57Z,124.0,Versa 4
2026-05-11T13:14:59Z,128.0,Versa 4
2026-05-11T13:15:01Z,129.0,Versa 4
2026-05-11T13:15:03Z,129.0,Versa 4
2026-05-11T13:15:05Z,128.0,Versa 4
2026-05-11T13:15:07Z,127.0,Versa 4
2026-05-11T13:15:09Z,126.0,Versa 4
2026-05-11T13:15:11Z,124.0,Versa 4
2026-05-11T13:15:13Z,123.0,Versa 4
2026-05-11T13:15:15Z,124.0,Versa 4
2026-05-11T13:15:18Z,124.0,Versa 4
2026-05-11T13:15:19Z,125.0,Versa 4
2026-05-11T13:15:21Z,126.0,Versa 4
2026-05-11T13:15:24Z,126.0,Versa 4
2026-05-11T13:15:25Z,128.0,Versa 4
2026-05-11T13:15:28Z,128.0,Versa 4
2026-05-11T13:15:30Z,127.0,Versa 4
2026-05-11T13:15:32Z,126.0,Versa 4
2026-05-11T13:15:34Z,127.0,Versa 4
2026-05-11T13:15:36Z,126.0,Versa 4
2026-05-11T13:15:39Z,126.0,Versa 4
2026-05-11T13:15:40Z,127.0,Versa 4
2026-05-11T13:15:43Z,127.0,Versa 4
2026-05-11T13:15:44Z,125.0,Versa 4
2026-05-11T13:15:47Z,125.0,Versa 4
2026-05-11T13:15:50Z,124.0,Versa 4
2026-05-11T13:15:52Z,126.0,Versa 4
2026-05-11T13:15:53Z,125.0,Versa 4
2026-05-11T13:15:55Z,123.0,Versa 4
2026-05-11T13:15:57Z,119.0,Versa 4
2026-05-11T13:15:59Z,117.0,Versa 4
2026-05-11T13:16:01Z,118.0,Versa 4
2026-05-11T13:16:03Z,121.0,Versa 4
2026-05-11T13:16:05Z,122.0,Versa 4
2026-05-11T13:16:07Z,123.0,Versa 4
2026-05-11T13:16:10Z,123.0,Versa 4
2026-05-11T13:16:13Z,123.0,Versa 4
2026-05-11T13:16:16Z,123.0,Versa 4
2026-05-11T13:16:17Z,124.0,Versa 4
2026-05-11T13:16:20Z,123.0,Versa 4
2026-05-11T13:16:22Z,122.0,Versa 4
2026-05-11T13:16:25Z,122.0,Versa 4
2026-05-11T13:16:28Z,123.0,Versa 4
2026-05-11T13:16:30Z,122.0,Versa 4
2026-05-11T13:16:32Z,121.0,Versa 4
2026-05-11T13:16:34Z,123.0,Versa 4
2026-05-11T13:16:36Z,124.0,Versa 4
2026-05-11T13:16:39Z,124.0,Versa 4
2026-05-11T13:16:42Z,124.0,Versa 4
2026-05-11T13:16:43Z,125.0,Versa 4
2026-05-11T13:16:46Z,125.0,Versa 4
2026-05-11T13:16:47Z,124.0,Versa 4
2026-05-11T13:16:49Z,126.0,Versa 4
2026-05-11T13:16:51Z,125.0,Versa 4
2026-05-11T13:16:53Z,126.0,Versa 4
2026-05-11T13:16:56Z,126.0,Versa 4
2026-05-11T13:16:59Z,126.0,Versa 4
2026-05-11T13:17:02Z,126.0,Versa 4
2026-05-11T13:17:03Z,125.0,Versa 4
2026-05-11T13:17:05Z,126.0,Versa 4
2026-05-11T13:17:08Z,126.0,Versa 4
2026-05-11T13:17:11Z,126.0,Versa 4
2026-05-11T13:17:12Z,125.0,Versa 4
2026-05-11T13:17:14Z,126.0,Versa 4
2026-05-11T13:17:17Z,126.0,Versa 4
2026-05-11T13:17:18Z,127.0,Versa 4
2026-05-11T13:17:20Z,126.0,Versa 4
2026-05-11T13:17:23Z,126.0,Versa 4
2026-05-11T13:17:26Z,126.0,Versa 4
2026-05-11T13:17:29Z,126.0,Versa 4
2026-05-11T13:17:30Z,128.0,Versa 4
2026-05-11T13:17:33Z,127.0,Versa 4
2026-05-11T13:17:35Z,129.0,Versa 4
2026-05-11T13:17:37Z,127.0,Versa 4
2026-05-11T13:17:39Z,130.0,Versa 4
2026-05-11T13:17:41Z,129.0,Versa 4
2026-05-11T13:17:44Z,129.0,Versa 4
2026-05-11T13:17:45Z,130.0,Versa 4
2026-05-11T13:17:48Z,130.0,Versa 4
2026-05-11T13:17:49Z,129.0,Versa 4
2026-05-11T13:17:51Z,130.0,Versa 4
2026-05-11T13:17:53Z,131.0,Versa 4
2026-05-11T13:17:56Z,131.0,Versa 4
2026-05-11T13:17:58Z,130.0,Versa 4
2026-05-11T13:18:01Z,130.0,Versa 4
2026-05-11T13:18:04Z,131.0,Versa 4
2026-05-11T13:18:07Z,131.0,Versa 4
2026-05-11T13:18:08Z,134.0,Versa 4
2026-05-11T13:18:10Z,132.0,Versa 4
2026-05-11T13:18:13Z,132.0,Versa 4
2026-05-11T13:18:14Z,133.0,Versa 4
2026-05-11T13:18:16Z,132.0,Versa 4
2026-05-11T13:18:19Z,133.0,Versa 4
2026-05-11T13:18:21Z,134.0,Versa 4
2026-05-11T13:18:23Z,131.0,Versa 4
2026-05-11T13:18:25Z,133.0,Versa 4
2026-05-11T13:18:28Z,133.0,Versa 4
2026-05-11T13:18:31Z,133.0,Versa 4
2026-05-11T13:18:33Z,131.0,Versa 4
2026-05-11T13:18:35Z,129.0,Versa 4
2026-05-11T13:18:37Z,132.0,Versa 4
2026-05-11T13:18:39Z,133.0,Versa 4
2026-05-11T13:18:42Z,135.0,Versa 4
2026-05-11T13:18:44Z,134.0,Versa 4
2026-05-11T13:18:46Z,132.0,Versa 4
2026-05-11T13:18:49Z,132.0,Versa 4
2026-05-11T13:18:50Z,130.0,Versa 4
2026-05-11T13:18:53Z,130.0,Versa 4
2026-05-11T13:18:56Z,132.0,Versa 4
2026-05-11T13:18:58Z,131.0,Versa 4
2026-05-11T13:19:00Z,128.0,Versa 4
2026-05-11T13:19:02Z,129.0,Versa 4
2026-05-11T13:19:05Z,129.0,Versa 4
2026-05-11T13:19:08Z,129.0,Versa 4
2026-05-11T13:19:09Z,129.0,Versa 4
2026-05-11T13:19:11Z,130.0,Versa 4
2026-05-11T13:19:14Z,130.0,Versa 4
2026-05-11T13:19:17Z,133.0,Versa 4
2026-05-11T13:19:20Z,133.0,Versa 4
2026-05-11T13:19:23Z,133.0,Versa 4
2026-05-11T13:19:26Z,133.0,Versa 4
2026-05-11T13:19:29Z,130.0,Versa 4
2026-05-11T13:19:32Z,129.0,Versa 4
2026-05-11T13:19:34Z,131.0,Versa 4
2026-05-11T13:19:36Z,132.0,Versa 4
2026-05-11T13:19:39Z,132.0,Versa 4
2026-05-11T13:19:40Z,131.0,Versa 4
2026-05-11T13:19:43Z,131.0,Versa 4
2026-05-11T13:19:46Z,131.0,Versa 4
2026-05-11T13:19:48Z,129.0,Versa 4
2026-05-11T13:19:51Z,129.0,Versa 4
2026-05-11T13:19:54Z,127.0,Versa 4
2026-05-11T13:19:57Z,127.0,Versa 4
2026-05-11T13:19:59Z,128.0,Versa 4
2026-05-11T13:20:01Z,127.0,Versa 4
2026-05-11T13:20:03Z,128.0,Versa 4
2026-05-11T13:20:06Z,128.0,Versa 4
2026-05-11T13:20:07Z,127.0,Versa 4
2026-05-11T13:20:10Z,127.0,Versa 4
2026-05-11T13:20:11Z,126.0,Versa 4
2026-05-11T13:20:13Z,128.0,Versa 4
2026-05-11T13:20:15Z,129.0,Versa 4
2026-05-11T13:20:17Z,128.0,Versa 4
2026-05-11T13:20:20Z,128.0,Versa 4
2026-05-11T13:20:23Z,128.0,Versa 4
2026-05-11T13:20:24Z,125.0,Versa 4
2026-05-11T13:20:26Z,127.0,Versa 4
2026-05-11T13:20:28Z,128.0,Versa 4
2026-05-11T13:20:30Z,128.0,Versa 4
2026-05-11T13:20:32Z,128.0,Versa 4
2026-05-11T13:20:34Z,127.0,Versa 4
2026-05-11T13:20:36Z,124.0,Versa 4
2026-05-11T13:20:39Z,124.0,Versa 4
2026-05-11T13:20:40Z,123.0,Versa 4
2026-05-11T13:20:42Z,121.0,Versa 4
2026-05-11T13:20:43Z,123.0,Versa 4
2026-05-11T13:20:45Z,122.0,Versa 4
2026-05-11T13:20:47Z,124.0,Versa 4
2026-05-11T13:20:50Z,124.0,Versa 4
2026-05-11T13:20:51Z,123.0,Versa 4
2026-05-11T13:20:54Z,123.0,Versa 4
2026-05-11T13:20:55Z,124.0,Versa 4
2026-05-11T13:20:57Z,122.0,Versa 4
2026-05-11T13:21:00Z,122.0,Versa 4
2026-05-11T13:21:01Z,123.0,Versa 4
2026-05-11T13:21:04Z,123.0,Versa 4
2026-05-11T13:21:06Z,126.0,Versa 4
2026-05-11T13:21:08Z,127.0,Versa 4
2026-05-11T13:21:10Z,127.0,Versa 4
2026-05-11T13:21:12Z,128.0,Versa 4
2026-05-11T13:21:15Z,128.0,Versa 4
2026-05-11T13:21:18Z,130.0,Versa 4
2026-05-11T13:21:20Z,128.0,Versa 4
2026-05-11T13:21:23Z,128.0,Versa 4
2026-05-11T13:21:24Z,129.0,Versa 4
2026-05-11T13:21:26Z,125.0,Versa 4
2026-05-11T13:21:29Z,125.0,Versa 4
2026-05-11T13:21:30Z,127.0,Versa 4
2026-05-11T13:21:31Z,131.0,Versa 4
2026-05-11T13:21:33Z,130.0,Versa 4
2026-05-11T13:21:35Z,128.0,Versa 4
2026-05-11T13:21:37Z,124.0,Versa 4
2026-05-11T13:21:39Z,122.0,Versa 4
2026-05-11T13:21:41Z,121.0,Versa 4
2026-05-11T13:21:44Z,121.0,Versa 4
2026-05-11T13:21:45Z,122.0,Versa 4
2026-05-11T13:21:48Z,122.0,Versa 4
2026-05-11T13:21:51Z,122.0,Versa 4
2026-05-11T13:21:53Z,119.0,Versa 4
2026-05-11T13:21:54Z,118.0,Versa 4
2026-05-11T13:21:56Z,117.0,Versa 4
2026-05-11T13:21:58Z,118.0,Versa 4
2026-05-11T13:22:01Z,118.0,Versa 4
2026-05-11T13:22:02Z,117.0,Versa 4
2026-05-11T13:22:04Z,115.0,Versa 4
2026-05-11T13:22:06Z,114.0,Versa 4
2026-05-11T13:22:08Z,115.0,Versa 4
2026-05-11T13:22:10Z,118.0,Versa 4
2026-05-11T13:22:13Z,118.0,Versa 4
2026-05-11T13:22:14Z,117.0,Versa 4
2026-05-11T13:22:17Z,117.0,Versa 4
2026-05-11T13:22:18Z,116.0,Versa 4
2026-05-11T13:22:19Z,114.0,Versa 4
2026-05-11T13:22:22Z,114.0,Versa 4
2026-05-11T13:22:23Z,115.0,Versa 4
2026-05-11T13:22:25Z,113.0,Versa 4
2026-05-11T13:22:27Z,112.0,Versa 4
2026-05-11T13:22:29Z,114.0,Versa 4
2026-05-11T13:22:31Z,116.0,Versa 4
2026-05-11T13:22:33Z,117.0,Versa 4
2026-05-11T13:22:35Z,116.0,Versa 4
2026-05-11T13:22:38Z,116.0,Versa 4
2026-05-11T13:22:39Z,117.0,Versa 4
2026-05-11T13:22:41Z,118.0,Versa 4
2026-05-11T13:22:44Z,118.0,Versa 4
2026-05-11T13:22:46Z,120.0,Versa 4
2026-05-11T13:22:48Z,121.0,Versa 4
2026-05-11T13:22:50Z,122.0,Versa 4
2026-05-11T13:22:53Z,122.0,Versa 4
2026-05-11T13:22:56Z,120.0,Versa 4
2026-05-11T13:22:58Z,119.0,Versa 4
2026-05-11T13:23:00Z,118.0,Versa 4
2026-05-11T13:23:02Z,118.0,Versa 4
2026-05-11T13:23:04Z,117.0,Versa 4
2026-05-11T13:23:06Z,116.0,Versa 4
2026-05-11T13:23:09Z,114.0,Versa 4
2026-05-11T13:23:11Z,113.0,Versa 4
2026-05-11T13:23:13Z,114.0,Versa 4
2026-05-11T13:23:15Z,115.0,Versa 4
2026-05-11T13:23:18Z,115.0,Versa 4
2026-05-11T13:23:19Z,114.0,Versa 4
2026-05-11T13:23:22Z,114.0,Versa 4
2026-05-11T13:23:25Z,114.0,Versa 4
2026-05-11T13:23:27Z,115.0,Versa 4
2026-05-11T13:23:29Z,114.0,Versa 4
2026-05-11T13:23:30Z,113.0,Versa 4
2026-05-11T13:23:33Z,113.0,Versa 4
2026-05-11T13:23:36Z,113.0,Versa 4
2026-05-11T13:23:38Z,112.0,Versa 4
2026-05-11T13:23:40Z,113.0,Versa 4
2026-05-11T13:23:43Z,113.0,Versa 4
2026-05-11T13:23:44Z,112.0,Versa 4
2026-05-11T13:23:46Z,114.0,Versa 4
2026-05-11T13:23:49Z,114.0,Versa 4
2026-05-11T13:23:52Z,113.0,Versa 4
2026-05-11T13:23:55Z,114.0,Versa 4
2026-05-11T13:23:57Z,116.0,Versa 4
2026-05-11T13:23:59Z,117.0,Versa 4
2026-05-11T13:24:02Z,117.0,Versa 4
2026-05-11T13:24:03Z,114.0,Versa 4
2026-05-11T13:24:05Z,111.0,Versa 4
2026-05-11T13:24:07Z,108.0,Versa 4
2026-05-11T13:24:10Z,108.0,Versa 4
2026-05-11T13:24:13Z,112.0,Versa 4
2026-05-11T13:24:15Z,114.0,Versa 4
2026-05-11T13:24:18Z,115.0,Versa 4
2026-05-11T13:24:21Z,115.0,Versa 4
2026-05-11T13:24:24Z,115.0,Versa 4
2026-05-11T13:24:27Z,115.0,Versa 4
2026-05-11T13:24:28Z,116.0,Versa 4
2026-05-11T13:24:31Z,116.0,Versa 4
2026-05-11T13:24:32Z,117.0,Versa 4
2026-05-11T13:24:35Z,117.0,Versa 4
2026-05-11T13:24:36Z,118.0,Versa 4
2026-05-11T13:24:38Z,119.0,Versa 4
2026-05-11T13:24:40Z,120.0,Versa 4
2026-05-11T13:24:43Z,120.0,Versa 4
2026-05-11T13:24:44Z,119.0,Versa 4
2026-05-11T13:24:45Z,118.0,Versa 4
2026-05-11T13:24:47Z,117.0,Versa 4
2026-05-11T13:24:50Z,117.0,Versa 4
2026-05-11T13:24:53Z,117.0,Versa 4
2026-05-11T13:24:56Z,117.0,Versa 4
2026-05-11T13:24:57Z,118.0,Versa 4
2026-05-11T13:24:59Z,120.0,Versa 4
2026-05-11T13:25:02Z,120.0,Versa 4
2026-05-11T13:25:05Z,118.0,Versa 4
2026-05-11T13:25:07Z,113.0,Versa 4
2026-05-11T13:25:09Z,112.0,Versa 4
2026-05-11T13:25:10Z,113.0,Versa 4
2026-05-11T13:25:13Z,113.0,Versa 4
2026-05-11T13:25:14Z,114.0,Versa 4
2026-05-11T13:25:17Z,114.0,Versa 4
2026-05-11T13:25:18Z,116.0,Versa 4
2026-05-11T13:25:21Z,116.0,Versa 4
2026-05-11T13:25:22Z,114.0,Versa 4
2026-05-11T13:25:24Z,113.0,Versa 4
2026-05-11T13:25:26Z,112.0,Versa 4
2026-05-11T13:25:29Z,112.0,Versa 4
2026-05-11T13:25:30Z,114.0,Versa 4
2026-05-11T13:25:32Z,115.0,Versa 4
2026-05-11T13:25:33Z,114.0,Versa 4
2026-05-11T13:25:35Z,111.0,Versa 4
2026-05-11T13:25:37Z,110.0,Versa 4
2026-05-11T13:25:39Z,111.0,Versa 4
2026-05-11T13:25:41Z,112.0,Versa 4
2026-05-11T13:25:44Z,112.0,Versa 4
2026-05-11T13:25:47Z,114.0,Versa 4
2026-05-11T13:25:50Z,114.0,Versa 4
2026-05-11T13:25:53Z,115.0,Versa 4
2026-05-11T13:25:55Z,117.0,Versa 4
2026-05-11T13:25:57Z,115.0,Versa 4
2026-05-11T13:25:58Z,113.0,Versa 4
2026-05-11T13:26:00Z,111.0,Versa 4
2026-05-11T13:26:03Z,111.0,Versa 4
2026-05-11T13:26:04Z,113.0,Versa 4
2026-05-11T13:26:06Z,112.0,Versa 4
2026-05-11T13:26:08Z,113.0,Versa 4
2026-05-11T13:26:10Z,118.0,Versa 4
2026-05-11T13:26:13Z,118.0,Versa 4
2026-05-11T13:26:14Z,116.0,Versa 4
2026-05-11T13:26:16Z,117.0,Versa 4
2026-05-11T13:26:18Z,118.0,Versa 4
2026-05-11T13:26:20Z,117.0,Versa 4
2026-05-11T13:26:23Z,119.0,Versa 4
2026-05-11T13:26:25Z,120.0,Versa 4
2026-05-11T13:26:28Z,120.0,Versa 4
2026-05-11T13:26:31Z,120.0,Versa 4
2026-05-11T13:26:34Z,120.0,Versa 4
2026-05-11T13:26:35Z,119.0,Versa 4
2026-05-11T13:26:38Z,119.0,Versa 4
2026-05-11T13:26:41Z,119.0,Versa 4
2026-05-11T13:26:44Z,119.0,Versa 4
2026-05-11T13:26:45Z,120.0,Versa 4
2026-05-11T13:26:46Z,119.0,Versa 4
2026-05-11T13:26:48Z,118.0,Versa 4
2026-05-11T13:26:50Z,109.0,Versa 4
2026-05-11T13:26:52Z,106.0,Versa 4
2026-05-11T13:26:54Z,109.0,Versa 4
2026-05-11T13:26:56Z,113.0,Versa 4
2026-05-11T13:26:58Z,118.0,Versa 4
2026-05-11T13:27:00Z,119.0,Versa 4
2026-05-11T13:27:03Z,119.0,Versa 4
2026-05-11T13:27:04Z,117.0,Versa 4
2026-05-11T13:27:06Z,115.0,Versa 4
2026-05-11T13:27:09Z,115.0,Versa 4
2026-05-11T13:27:11Z,116.0,Versa 4
2026-05-11T13:27:14Z,116.0,Versa 4
2026-05-11T13:27:15Z,114.0,Versa 4
2026-05-11T13:27:17Z,113.0,Versa 4
2026-05-11T13:27:19Z,114.0,Versa 4
2026-05-11T13:27:22Z,114.0,Versa 4
2026-05-11T13:27:23Z,113.0,Versa 4
2026-05-11T13:27:26Z,113.0,Versa 4
2026-05-11T13:27:29Z,115.0,Versa 4
2026-05-11T13:27:31Z,114.0,Versa 4
2026-05-11T13:27:33Z,113.0,Versa 4
2026-05-11T13:27:34Z,112.0,Versa 4
2026-05-11T13:27:37Z,112.0,Versa 4
2026-05-11T13:27:38Z,112.0,Versa 4
2026-05-11T13:27:41Z,112.0,Versa 4
2026-05-11T13:27:42Z,110.0,Versa 4
2026-05-11T13:27:44Z,103.0,Versa 4
2026-05-11T13:27:46Z,101.0,Versa 4
2026-05-11T13:27:48Z,103.0,Versa 4
2026-05-11T13:27:50Z,106.0,Versa 4
2026-05-11T13:27:52Z,108.0,Versa 4
2026-05-11T13:27:54Z,110.0,Versa 4
2026-05-11T13:27:56Z,112.0,Versa 4
2026-05-11T13:27:57Z,110.0,Versa 4
2026-05-11T13:27:59Z,106.0,Versa 4
2026-05-11T13:28:01Z,105.0,Versa 4
2026-05-11T13:28:03Z,107.0,Versa 4
2026-05-11T13:28:05Z,109.0,Versa 4
2026-05-11T13:28:07Z,111.0,Versa 4
2026-05-11T13:28:09Z,112.0,Versa 4
2026-05-11T13:28:11Z,111.0,Versa 4
2026-05-11T13:28:13Z,112.0,Versa 4
2026-05-11T13:28:15Z,113.0,Versa 4
2026-05-11T13:28:17Z,114.0,Versa 4
2026-05-11T13:28:19Z,112.0,Versa 4
2026-05-11T13:28:21Z,110.0,Versa 4
2026-05-11T13:28:22Z,109.0,Versa 4
2026-05-11T13:28:24Z,110.0,Versa 4
2026-05-11T13:28:26Z,113.0,Versa 4
2026-05-11T13:28:28Z,114.0,Versa 4
2026-05-11T13:28:30Z,112.0,Versa 4
2026-05-11T13:28:32Z,111.0,Versa 4
2026-05-11T13:28:34Z,114.0,Versa 4
2026-05-11T13:28:37Z,114.0,Versa 4
2026-05-11T13:28:40Z,114.0,Versa 4
2026-05-11T13:28:43Z,114.0,Versa 4
2026-05-11T13:28:46Z,114.0,Versa 4
2026-05-11T13:28:47Z,117.0,Versa 4
2026-05-11T13:28:49Z,119.0,Versa 4
2026-05-11T13:28:51Z,119.0,Versa 4
2026-05-11T13:28:53Z,116.0,Versa 4
2026-05-11T13:28:55Z,114.0,Versa 4
2026-05-11T13:28:57Z,114.0,Versa 4
2026-05-11T13:29:00Z,114.0,Versa 4
2026-05-11T13:29:01Z,114.0,Versa 4
2026-05-11T13:29:04Z,114.0,Versa 4
2026-05-11T13:29:07Z,115.0,Versa 4
2026-05-11T13:29:09Z,118.0,Versa 4
2026-05-11T13:29:10Z,114.0,Versa 4
2026-05-11T13:29:12Z,110.0,Versa 4
2026-05-11T13:29:14Z,106.0,Versa 4
2026-05-11T13:29:16Z,105.0,Versa 4
2026-05-11T13:29:18Z,108.0,Versa 4
2026-05-11T13:29:20Z,110.0,Versa 4
2026-05-11T13:29:23Z,110.0,Versa 4
2026-05-11T13:29:26Z,109.0,Versa 4
2026-05-11T13:29:28Z,111.0,Versa 4
2026-05-11T13:29:30Z,115.0,Versa 4
2026-05-11T13:29:32Z,116.0,Versa 4
2026-05-11T13:29:33Z,117.0,Versa 4
2026-05-11T13:29:35Z,114.0,Versa 4
2026-05-11T13:29:37Z,109.0,Versa 4
2026-05-11T13:29:39Z,108.0,Versa 4
2026-05-11T13:29:41Z,107.0,Versa 4
2026-05-11T13:29:43Z,108.0,Versa 4
2026-05-11T13:29:45Z,111.0,Versa 4
2026-05-11T13:29:47Z,112.0,Versa 4
2026-05-11T13:29:49Z,109.0,Versa 4
2026-05-11T13:29:51Z,106.0,Versa 4
2026-05-11T13:29:53Z,104.0,Versa 4
2026-05-11T13:29:55Z,105.0,Versa 4
2026-05-11T13:29:57Z,107.0,Versa 4
2026-05-11T13:29:58Z,108.0,Versa 4
2026-05-11T13:30:01Z,108.0,Versa 4
2026-05-11T13:30:04Z,108.0,Versa 4
2026-05-11T13:30:06Z,110.0,Versa 4
2026-05-11T13:30:08Z,111.0,Versa 4
2026-05-11T13:30:11Z,111.0,Versa 4
2026-05-11T13:30:12Z,110.0,Versa 4
2026-05-11T13:30:15Z,110.0,Versa 4
2026-05-11T13:30:18Z,109.0,Versa 4
2026-05-11T13:30:20Z,108.0,Versa 4
2026-05-11T13:30:23Z,109.0,Versa 4
2026-05-11T13:30:25Z,110.0,Versa 4
2026-05-11T13:30:28Z,110.0,Versa 4
2026-05-11T13:30:29Z,108.0,Versa 4
2026-05-11T13:30:32Z,108.0,Versa 4
2026-05-11T13:30:35Z,110.0,Versa 4
2026-05-11T13:30:38Z,110.0,Versa 4
2026-05-11T13:30:39Z,108.0,Versa 4
2026-05-11T13:30:42Z,108.0,Versa 4
2026-05-11T13:30:45Z,108.0,Versa 4
2026-05-11T13:30:46Z,109.0,Versa 4
2026-05-11T13:30:48Z,107.0,Versa 4
2026-05-11T13:30:50Z,105.0,Versa 4
2026-05-11T13:30:52Z,106.0,Versa 4
2026-05-11T13:30:55Z,106.0,Versa 4
2026-05-11T13:30:56Z,107.0,Versa 4
2026-05-11T13:30:58Z,106.0,Versa 4
2026-05-11T13:31:01Z,106.0,Versa 4
2026-05-11T13:31:02Z,107.0,Versa 4
2026-05-11T13:31:04Z,108.0,Versa 4
2026-05-11T13:31:06Z,107.0,Versa 4
2026-05-11T13:31:08Z,106.0,Versa 4
2026-05-11T13:31:09Z,107.0,Versa 4
2026-05-11T13:31:11Z,108.0,Versa 4
2026-05-11T13:31:14Z,108.0,Versa 4
2026-05-11T13:31:17Z,110.0,Versa 4
2026-05-11T13:31:20Z,110.0,Versa 4
2026-05-11T13:31:21Z,109.0,Versa 4
2026-05-11T13:31:23Z,110.0,Versa 4
2026-05-11T13:31:26Z,110.0,Versa 4
2026-05-11T13:31:29Z,108.0,Versa 4
2026-05-11T13:31:32Z,108.0,Versa 4
2026-05-11T13:31:33Z,110.0,Versa 4
2026-05-11T13:31:34Z,114.0,Versa 4
2026-05-11T13:31:36Z,111.0,Versa 4
2026-05-11T13:31:38Z,104.0,Versa 4
2026-05-11T13:31:40Z,101.0,Versa 4
2026-05-11T13:31:43Z,101.0,Versa 4
2026-05-11T13:31:44Z,104.0,Versa 4
2026-05-11T13:31:46Z,106.0,Versa 4
2026-05-11T13:31:48Z,107.0,Versa 4
2026-05-11T13:31:51Z,107.0,Versa 4
2026-05-11T13:31:52Z,106.0,Versa 4
2026-05-11T13:31:54Z,107.0,Versa 4
2026-05-11T13:31:56Z,108.0,Versa 4
2026-05-11T13:31:59Z,106.0,Versa 4
2026-05-11T13:32:02Z,106.0,Versa 4
2026-05-11T13:32:05Z,107.0,Versa 4
2026-05-11T13:32:07Z,108.0,Versa 4
2026-05-11T13:32:10Z,108.0,Versa 4
2026-05-11T13:32:11Z,106.0,Versa 4
2026-05-11T13:32:13Z,104.0,Versa 4
2026-05-11T13:32:16Z,104.0,Versa 4
2026-05-11T13:32:17Z,106.0,Versa 4
2026-05-11T13:32:20Z,106.0,Versa 4
2026-05-11T13:32:23Z,106.0,Versa 4
2026-05-11T13:32:26Z,106.0,Versa 4
2026-05-11T13:32:28Z,105.0,Versa 4
2026-05-11T13:32:31Z,105.0,Versa 4
2026-05-11T13:32:32Z,106.0,Versa 4
2026-05-11T13:32:34Z,107.0,Versa 4
2026-05-11T13:32:37Z,107.0,Versa 4
2026-05-11T13:32:38Z,106.0,Versa 4
2026-05-11T13:32:40Z,105.0,Versa 4
2026-05-11T13:32:43Z,105.0,Versa 4
2026-05-11T13:32:44Z,106.0,Versa 4
2026-05-11T13:32:45Z,107.0,Versa 4
2026-05-11T13:32:47Z,108.0,Versa 4
2026-05-11T13:32:49Z,110.0,Versa 4
2026-05-11T13:32:51Z,112.0,Versa 4
2026-05-11T13:32:53Z,112.0,Versa 4
2026-05-11T13:32:55Z,113.0,Versa 4
2026-05-11T13:32:57Z,118.0,Versa 4
2026-05-11T13:32:59Z,116.0,Versa 4
2026-05-11T13:33:02Z,116.0,Versa 4
2026-05-11T13:33:03Z,123.0,Versa 4
2026-05-11T13:33:05Z,119.0,Versa 4
2026-05-11T13:33:07Z,120.0,Versa 4
2026-05-11T13:33:09Z,121.0,Versa 4
2026-05-11T13:33:10Z,120.0,Versa 4
2026-05-11T13:33:13Z,120.0,Versa 4
2026-05-11T13:33:14Z,121.0,Versa 4
2026-05-11T13:33:16Z,115.0,Versa 4
2026-05-11T13:33:18Z,118.0,Versa 4
2026-05-11T13:33:20Z,117.0,Versa 4
2026-05-11T13:33:22Z,118.0,Versa 4
2026-05-11T13:33:24Z,120.0,Versa 4
2026-05-11T13:33:27Z,120.0,Versa 4
2026-05-11T13:33:28Z,121.0,Versa 4
2026-05-11T13:33:30Z,122.0,Versa 4
2026-05-11T13:33:32Z,123.0,Versa 4
2026-05-11T13:33:33Z,121.0,Versa 4
2026-05-11T13:33:35Z,122.0,Versa 4
2026-05-11T13:33:38Z,122.0,Versa 4
2026-05-11T13:33:39Z,122.0,Versa 4
2026-05-11T13:33:41Z,129.0,Versa 4
2026-05-11T13:33:43Z,125.0,Versa 4
2026-05-11T13:33:45Z,125.0,Versa 4
2026-05-11T13:33:48Z,125.0,Versa 4
2026-05-11T13:33:51Z,125.0,Versa 4
2026-05-11T13:33:53Z,130.0,Versa 4
2026-05-11T13:33:55Z,128.0,Versa 4
2026-05-11T13:33:58Z,130.0,Versa 4
2026-05-11T13:34:00Z,129.0,Versa 4
2026-05-11T13:34:03Z,129.0,Versa 4
2026-05-11T13:34:04Z,131.0,Versa 4
2026-05-11T13:34:07Z,131.0,Versa 4
2026-05-11T13:34:08Z,127.0,Versa 4
2026-05-11T13:34:10Z,118.0,Versa 4
2026-05-11T13:34:12Z,126.0,Versa 4
2026-05-11T13:34:14Z,122.0,Versa 4
2026-05-11T13:34:16Z,121.0,Versa 4
2026-05-11T13:34:18Z,121.0,Versa 4
2026-05-11T13:34:20Z,122.0,Versa 4
2026-05-11T13:34:21Z,129.0,Versa 4
2026-05-11T13:34:23Z,129.0,Versa 4
2026-05-11T13:34:25Z,123.0,Versa 4
2026-05-11T13:34:27Z,121.0,Versa 4
2026-05-11T13:34:29Z,122.0,Versa 4
2026-05-11T13:34:31Z,126.0,Versa 4
2026-05-11T13:34:33Z,126.0,Versa 4
2026-05-11T13:34:35Z,122.0,Versa 4
2026-05-11T13:34:37Z,123.0,Versa 4
2026-05-11T13:34:39Z,122.0,Versa 4
2026-05-11T13:34:41Z,123.0,Versa 4
2026-05-11T13:34:43Z,125.0,Versa 4
2026-05-11T13:34:46Z,125.0,Versa 4
2026-05-11T13:34:49Z,125.0,Versa 4
2026-05-11T13:34:50Z,123.0,Versa 4
2026-05-11T13:34:52Z,122.0,Versa 4
2026-05-11T13:34:55Z,122.0,Versa 4
2026-05-11T13:34:58Z,122.0,Versa 4
2026-05-11T13:35:00Z,124.0,Versa 4
2026-05-11T13:35:02Z,123.0,Versa 4
2026-05-11T13:35:05Z,123.0,Versa 4
2026-05-11T13:35:06Z,127.0,Versa 4
2026-05-11T13:35:08Z,123.0,Versa 4
2026-05-11T13:35:09Z,122.0,Versa 4
2026-05-11T13:35:11Z,128.0,Versa 4
2026-05-11T13:35:13Z,126.0,Versa 4
2026-05-11T13:35:16Z,126.0,Versa 4
2026-05-11T13:35:17Z,127.0,Versa 4
2026-05-11T13:35:19Z,125.0,Versa 4
2026-05-11T13:35:21Z,124.0,Versa 4
2026-05-11T13:35:23Z,127.0,Versa 4
2026-05-11T13:35:25Z,124.0,Versa 4
2026-05-11T13:35:27Z,123.0,Versa 4
2026-05-11T13:35:29Z,126.0,Versa 4
2026-05-11T13:35:31Z,122.0,Versa 4
2026-05-11T13:35:33Z,123.0,Versa 4
2026-05-11T13:35:35Z,127.0,Versa 4
2026-05-11T13:35:36Z,122.0,Versa 4
2026-05-11T13:35:38Z,121.0,Versa 4
2026-05-11T13:35:40Z,124.0,Versa 4
2026-05-11T13:35:42Z,116.0,Versa 4
2026-05-11T13:35:44Z,121.0,Versa 4
2026-05-11T13:35:46Z,125.0,Versa 4
2026-05-11T13:35:48Z,116.0,Versa 4
2026-05-11T13:35:50Z,119.0,Versa 4
2026-05-11T13:35:52Z,122.0,Versa 4
2026-05-11T13:35:54Z,118.0,Versa 4
2026-05-11T13:35:56Z,121.0,Versa 4
2026-05-11T13:35:58Z,125.0,Versa 4
2026-05-11T13:36:00Z,119.0,Versa 4
2026-05-11T13:36:01Z,120.0,Versa 4
2026-05-11T13:36:03Z,123.0,Versa 4
2026-05-11T13:36:05Z,120.0,Versa 4
2026-05-11T13:36:07Z,119.0,Versa 4
2026-05-11T13:36:09Z,121.0,Versa 4
2026-05-11T13:36:11Z,121.0,Versa 4
2026-05-11T13:36:13Z,122.0,Versa 4
2026-05-11T13:36:15Z,123.0,Versa 4
2026-05-11T13:36:17Z,122.0,Versa 4
2026-05-11T13:36:19Z,124.0,Versa 4
2026-05-11T13:36:21Z,125.0,Versa 4
2026-05-11T13:36:23Z,122.0,Versa 4
2026-05-11T13:36:24Z,123.0,Versa 4
2026-05-11T13:36:27Z,123.0,Versa 4
2026-05-11T13:36:28Z,120.0,Versa 4
2026-05-11T13:36:30Z,122.0,Versa 4
2026-05-11T13:36:32Z,125.0,Versa 4
2026-05-11T13:36:34Z,123.0,Versa 4
2026-05-11T13:36:36Z,125.0,Versa 4
2026-05-11T13:36:39Z,125.0,Versa 4
2026-05-11T13:36:40Z,116.0,Versa 4
2026-05-11T13:36:42Z,117.0,Versa 4
2026-05-11T13:36:44Z,117.0,Versa 4
2026-05-11T13:36:46Z,102.0,Versa 4
2026-05-11T13:36:48Z,118.0,Versa 4
2026-05-11T13:36:49Z,124.0,Versa 4
2026-05-11T13:36:51Z,119.0,Versa 4
2026-05-11T13:36:53Z,126.0,Versa 4
2026-05-11T13:36:55Z,125.0,Versa 4
2026-05-11T13:36:57Z,121.0,Versa 4
2026-05-11T13:36:59Z,122.0,Versa 4
2026-05-11T13:37:02Z,122.0,Versa 4
2026-05-11T13:37:03Z,121.0,Versa 4
2026-05-11T13:37:05Z,122.0,Versa 4
2026-05-11T13:37:07Z,124.0,Versa 4
2026-05-11T13:37:09Z,122.0,Versa 4
2026-05-11T13:37:11Z,123.0,Versa 4
2026-05-11T13:37:12Z,126.0,Versa 4
2026-05-11T13:37:14Z,122.0,Versa 4
2026-05-11T13:37:16Z,120.0,Versa 4
2026-05-11T13:37:19Z,120.0,Versa 4
2026-05-11T13:37:20Z,119.0,Versa 4
2026-05-11T13:37:22Z,120.0,Versa 4
2026-05-11T13:37:24Z,123.0,Versa 4
2026-05-11T13:37:27Z,123.0,Versa 4
2026-05-11T13:37:30Z,123.0,Versa 4
2026-05-11T13:37:32Z,126.0,Versa 4
2026-05-11T13:37:34Z,127.0,Versa 4
2026-05-11T13:37:36Z,128.0,Versa 4
2026-05-11T13:37:39Z,128.0,Versa 4
2026-05-11T13:37:42Z,128.0,Versa 4
2026-05-11T13:37:43Z,129.0,Versa 4
2026-05-11T13:37:45Z,128.0,Versa 4
2026-05-11T13:37:48Z,128.0,Versa 4
2026-05-11T13:37:49Z,129.0,Versa 4
2026-05-11T13:37:51Z,128.0,Versa 4
2026-05-11T13:37:53Z,125.0,Versa 4
2026-05-11T13:37:55Z,124.0,Versa 4
2026-05-11T13:37:57Z,126.0,Versa 4
2026-05-11T13:37:59Z,129.0,Versa 4
2026-05-11T13:38:02Z,128.0,Versa 4
2026-05-11T13:38:05Z,128.0,Versa 4
2026-05-11T13:38:08Z,128.0,Versa 4
2026-05-11T13:38:10Z,127.0,Versa 4
2026-05-11T13:38:13Z,127.0,Versa 4
2026-05-11T13:38:14Z,128.0,Versa 4
2026-05-11T13:38:17Z,128.0,Versa 4
2026-05-11T13:38:18Z,127.0,Versa 4
2026-05-11T13:38:20Z,129.0,Versa 4
2026-05-11T13:38:23Z,129.0,Versa 4
2026-05-11T13:38:24Z,130.0,Versa 4
2026-05-11T13:38:27Z,130.0,Versa 4
2026-05-11T13:38:29Z,133.0,Versa 4
2026-05-11T13:38:31Z,134.0,Versa 4
2026-05-11T13:38:34Z,134.0,Versa 4
2026-05-11T13:38:35Z,133.0,Versa 4
2026-05-11T13:38:37Z,135.0,Versa 4
2026-05-11T13:38:40Z,135.0,Versa 4
2026-05-11T13:38:41Z,134.0,Versa 4
2026-05-11T13:38:43Z,135.0,Versa 4
2026-05-11T13:38:45Z,133.0,Versa 4
2026-05-11T13:38:47Z,136.0,Versa 4
2026-05-11T13:38:48Z,136.0,Versa 4
2026-05-11T13:38:50Z,134.0,Versa 4
2026-05-11T13:38:52Z,133.0,Versa 4
2026-05-11T13:38:54Z,134.0,Versa 4
2026-05-11T13:38:56Z,133.0,Versa 4
2026-05-11T13:38:58Z,132.0,Versa 4
2026-05-11T13:39:00Z,128.0,Versa 4
2026-05-11T13:39:02Z,126.0,Versa 4
2026-05-11T13:39:04Z,127.0,Versa 4
2026-05-11T13:39:07Z,127.0,Versa 4
2026-05-11T13:39:08Z,125.0,Versa 4
2026-05-11T13:39:10Z,127.0,Versa 4
2026-05-11T13:39:12Z,128.0,Versa 4
2026-05-11T13:39:13Z,129.0,Versa 4
2026-05-11T13:39:15Z,126.0,Versa 4
2026-05-11T13:39:17Z,125.0,Versa 4
2026-05-11T13:39:19Z,124.0,Versa 4
2026-05-11T13:39:21Z,127.0,Versa 4
2026-05-11T13:39:23Z,126.0,Versa 4
2026-05-11T13:39:25Z,125.0,Versa 4
2026-05-11T13:39:27Z,124.0,Versa 4
2026-05-11T13:39:29Z,123.0,Versa 4
2026-05-11T13:39:32Z,123.0,Versa 4
2026-05-11T13:39:33Z,129.0,Versa 4
2026-05-11T13:39:35Z,128.0,Versa 4
2026-05-11T13:39:38Z,130.0,Versa 4
2026-05-11T13:39:41Z,130.0,Versa 4
2026-05-11T13:39:42Z,127.0,Versa 4
2026-05-11T13:39:44Z,128.0,Versa 4
2026-05-11T13:39:46Z,130.0,Versa 4
2026-05-11T13:39:49Z,130.0,Versa 4
2026-05-11T13:39:52Z,128.0,Versa 4
2026-05-11T13:39:54Z,127.0,Versa 4
2026-05-11T13:39:56Z,129.0,Versa 4
2026-05-11T13:39:59Z,129.0,Versa 4
2026-05-11T13:40:00Z,128.0,Versa 4
2026-05-11T13:40:01Z,130.0,Versa 4
2026-05-11T13:40:03Z,129.0,Versa 4
2026-05-11T13:40:05Z,131.0,Versa 4
2026-05-11T13:40:08Z,131.0,Versa 4
2026-05-11T13:40:09Z,130.0,Versa 4
2026-05-11T13:40:11Z,128.0,Versa 4
2026-05-11T13:40:13Z,129.0,Versa 4
2026-05-11T13:40:16Z,129.0,Versa 4
2026-05-11T13:40:17Z,127.0,Versa 4
2026-05-11T13:40:19Z,126.0,Versa 4
2026-05-11T13:40:21Z,125.0,Versa 4
2026-05-11T13:40:24Z,127.0,Versa 4
2026-05-11T13:40:26Z,126.0,Versa 4
2026-05-11T13:40:28Z,127.0,Versa 4
2026-05-11T13:40:30Z,126.0,Versa 4
2026-05-11T13:40:32Z,125.0,Versa 4
2026-05-11T13:40:34Z,124.0,Versa 4
2026-05-11T13:40:37Z,124.0,Versa 4
2026-05-11T13:40:38Z,125.0,Versa 4
2026-05-11T13:40:40Z,126.0,Versa 4
2026-05-11T13:40:43Z,126.0,Versa 4
2026-05-11T13:40:46Z,127.0,Versa 4
2026-05-11T13:40:48Z,123.0,Versa 4
2026-05-11T13:40:51Z,121.0,Versa 4
2026-05-11T13:40:54Z,121.0,Versa 4
2026-05-11T13:40:57Z,121.0,Versa 4
2026-05-11T13:40:59Z,120.0,Versa 4
2026-05-11T13:41:01Z,123.0,Versa 4
2026-05-11T13:41:04Z,123.0,Versa 4
2026-05-11T13:41:05Z,122.0,Versa 4
2026-05-11T13:41:07Z,121.0,Versa 4
2026-05-11T13:41:09Z,119.0,Versa 4
2026-05-11T13:41:11Z,121.0,Versa 4
2026-05-11T13:41:12Z,120.0,Versa 4
2026-05-11T13:41:14Z,121.0,Versa 4
2026-05-11T13:41:17Z,121.0,Versa 4
2026-05-11T13:41:20Z,121.0,Versa 4
2026-05-11T13:41:23Z,121.0,Versa 4
2026-05-11T13:41:26Z,121.0,Versa 4
2026-05-11T13:41:28Z,122.0,Versa 4
2026-05-11T13:41:30Z,121.0,Versa 4
2026-05-11T13:41:32Z,122.0,Versa 4
2026-05-11T13:41:35Z,122.0,Versa 4
2026-05-11T13:41:36Z,123.0,Versa 4
2026-05-11T13:41:39Z,122.0,Versa 4
2026-05-11T13:41:41Z,124.0,Versa 4
2026-05-11T13:41:43Z,123.0,Versa 4
2026-05-11T13:41:45Z,124.0,Versa 4
2026-05-11T13:41:48Z,124.0,Versa 4
2026-05-11T13:41:51Z,124.0,Versa 4
2026-05-11T13:41:53Z,122.0,Versa 4
2026-05-11T13:41:56Z,122.0,Versa 4
2026-05-11T13:41:59Z,122.0,Versa 4
2026-05-11T13:42:00Z,123.0,Versa 4
2026-05-11T13:42:03Z,123.0,Versa 4
2026-05-11T13:42:06Z,123.0,Versa 4
2026-05-11T13:42:08Z,125.0,Versa 4
2026-05-11T13:42:10Z,124.0,Versa 4
2026-05-11T13:42:13Z,124.0,Versa 4
2026-05-11T13:42:14Z,123.0,Versa 4
2026-05-11T13:42:17Z,123.0,Versa 4
2026-05-11T13:42:18Z,124.0,Versa 4
2026-05-11T13:42:21Z,124.0,Versa 4
2026-05-11T13:42:22Z,125.0,Versa 4
2026-05-11T13:42:25Z,126.0,Versa 4
2026-05-11T13:42:28Z,126.0,Versa 4
2026-05-11T13:42:29Z,125.0,Versa 4
2026-05-11T13:42:32Z,125.0,Versa 4
2026-05-11T13:42:33Z,125.0,Versa 4
2026-05-11T13:42:36Z,125.0,Versa 4
2026-05-11T13:42:39Z,125.0,Versa 4
2026-05-11T13:42:42Z,125.0,Versa 4
2026-05-11T13:42:45Z,125.0,Versa 4
2026-05-11T13:42:47Z,126.0,Versa 4
2026-05-11T13:42:50Z,126.0,Versa 4
2026-05-11T13:42:52Z,127.0,Versa 4
2026-05-11T13:42:55Z,127.0,Versa 4
2026-05-11T13:42:58Z,127.0,Versa 4
2026-05-11T13:43:01Z,127.0,Versa 4
2026-05-11T13:43:02Z,126.0,Versa 4
2026-05-11T13:43:04Z,127.0,Versa 4
2026-05-11T13:43:06Z,126.0,Versa 4
2026-05-11T13:43:08Z,125.0,Versa 4
2026-05-11T13:43:11Z,125.0,Versa 4
2026-05-11T13:43:12Z,126.0,Versa 4
2026-05-11T13:43:15Z,126.0,Versa 4
2026-05-11T13:43:17Z,127.0,Versa 4
2026-05-11T13:43:20Z,127.0,Versa 4
2026-05-11T13:43:21Z,126.0,Versa 4
2026-05-11T13:43:23Z,125.0,Versa 4
2026-05-11T13:43:26Z,125.0,Versa 4
2026-05-11T13:43:29Z,125.0,Versa 4
2026-05-11T13:43:32Z,125.0,Versa 4
2026-05-11T13:43:33Z,127.0,Versa 4
2026-05-11T13:43:35Z,125.0,Versa 4
2026-05-11T13:43:36Z,124.0,Versa 4
2026-05-11T13:43:39Z,124.0,Versa 4
2026-05-11T13:43:42Z,124.0,Versa 4
2026-05-11T13:43:44Z,125.0,Versa 4
2026-05-11T13:43:46Z,123.0,Versa 4
2026-05-11T13:43:49Z,123.0,Versa 4
2026-05-11T13:43:52Z,123.0,Versa 4
2026-05-11T13:43:55Z,123.0,Versa 4
2026-05-11T13:43:58Z,123.0,Versa 4
2026-05-11T13:44:01Z,122.0,Versa 4
2026-05-11T13:44:03Z,123.0,Versa 4
2026-05-11T13:44:06Z,123.0,Versa 4
2026-05-11T13:44:07Z,122.0,Versa 4
2026-05-11T13:44:09Z,120.0,Versa 4
2026-05-11T13:44:11Z,121.0,Versa 4
2026-05-11T13:44:13Z,122.0,Versa 4
2026-05-11T13:44:16Z,122.0,Versa 4
2026-05-11T13:44:19Z,121.0,Versa 4
2026-05-11T13:44:22Z,121.0,Versa 4
2026-05-11T13:44:25Z,121.0,Versa 4
2026-05-11T13:44:28Z,122.0,Versa 4
2026-05-11T13:44:30Z,121.0,Versa 4
2026-05-11T13:44:32Z,120.0,Versa 4
2026-05-11T13:44:34Z,121.0,Versa 4
2026-05-11T13:44:36Z,122.0,Versa 4
2026-05-11T13:44:38Z,121.0,Versa 4
2026-05-11T13:44:41Z,121.0,Versa 4
2026-05-11T13:44:42Z,121.0,Versa 4
2026-05-11T13:44:44Z,122.0,Versa 4
2026-05-11T13:44:46Z,121.0,Versa 4
2026-05-11T13:44:49Z,121.0,Versa 4
2026-05-11T13:44:51Z,120.0,Versa 4
2026-05-11T13:44:54Z,120.0,Versa 4
2026-05-11T13:44:57Z,121.0,Versa 4
2026-05-11T13:44:59Z,122.0,Versa 4
2026-05-11T13:45:02Z,122.0,Versa 4
2026-05-11T13:45:03Z,121.0,Versa 4
2026-05-11T13:45:06Z,121.0,Versa 4
2026-05-11T13:45:09Z,121.0,Versa 4
2026-05-11T13:45:11Z,120.0,Versa 4
2026-05-11T13:45:14Z,120.0,Versa 4
2026-05-11T13:45:17Z,120.0,Versa 4
2026-05-11T13:45:20Z,120.0,Versa 4
2026-05-11T13:45:23Z,120.0,Versa 4
2026-05-11T13:45:24Z,119.0,Versa 4
2026-05-11T13:45:27Z,119.0,Versa 4
2026-05-11T13:45:30Z,119.0,Versa 4
2026-05-11T13:45:33Z,119.0,Versa 4
2026-05-11T13:45:34Z,120.0,Versa 4
2026-05-11T13:45:37Z,121.0,Versa 4
2026-05-11T13:45:39Z,120.0,Versa 4
2026-05-11T13:45:41Z,115.0,Versa 4
2026-05-11T13:45:43Z,112.0,Versa 4
2026-05-11T13:45:45Z,114.0,Versa 4
2026-05-11T13:45:47Z,114.0,Versa 4
2026-05-11T13:45:50Z,114.0,Versa 4
2026-05-11T13:45:51Z,115.0,Versa 4
2026-05-11T13:45:53Z,118.0,Versa 4
2026-05-11T13:45:55Z,117.0,Versa 4
2026-05-11T13:45:57Z,115.0,Versa 4
2026-05-11T13:46:00Z,116.0,Versa 4
2026-05-11T13:46:03Z,116.0,Versa 4
2026-05-11T13:46:06Z,114.0,Versa 4
2026-05-11T13:46:09Z,114.0,Versa 4
2026-05-11T13:46:10Z,116.0,Versa 4
2026-05-11T13:46:13Z,116.0,Versa 4
2026-05-11T13:46:14Z,115.0,Versa 4
2026-05-11T13:46:17Z,115.0,Versa 4
2026-05-11T13:46:18Z,116.0,Versa 4
2026-05-11T13:46:20Z,118.0,Versa 4
2026-05-11T13:46:22Z,119.0,Versa 4
2026-05-11T13:46:24Z,120.0,Versa 4
2026-05-11T13:46:25Z,118.0,Versa 4
2026-05-11T13:46:27Z,120.0,Versa 4
2026-05-11T13:46:29Z,118.0,Versa 4
2026-05-11T13:46:31Z,117.0,Versa 4
2026-05-11T13:46:34Z,117.0,Versa 4
2026-05-11T13:46:35Z,116.0,Versa 4
2026-05-11T13:46:37Z,117.0,Versa 4
2026-05-11T13:46:40Z,117.0,Versa 4
2026-05-11T13:46:41Z,118.0,Versa 4
2026-05-11T13:46:43Z,118.0,Versa 4
2026-05-11T13:46:45Z,119.0,Versa 4
2026-05-11T13:46:48Z,119.0,Versa 4
2026-05-11T13:46:50Z,120.0,Versa 4
2026-05-11T13:46:52Z,119.0,Versa 4
2026-05-11T13:46:55Z,119.0,Versa 4
2026-05-11T13:46:56Z,121.0,Versa 4
2026-05-11T13:46:58Z,119.0,Versa 4
2026-05-11T13:47:00Z,120.0,Versa 4
2026-05-11T13:47:03Z,120.0,Versa 4
2026-05-11T13:47:06Z,120.0,Versa 4
2026-05-11T13:47:09Z,120.0,Versa 4
2026-05-11T13:47:10Z,121.0,Versa 4
2026-05-11T13:47:13Z,121.0,Versa 4
2026-05-11T13:47:15Z,119.0,Versa 4
2026-05-11T13:47:17Z,120.0,Versa 4
2026-05-11T13:47:20Z,120.0,Versa 4
2026-05-11T13:47:23Z,120.0,Versa 4
2026-05-11T13:47:26Z,120.0,Versa 4
2026-05-11T13:47:29Z,121.0,Versa 4
2026-05-11T13:47:32Z,121.0,Versa 4
2026-05-11T13:47:35Z,121.0,Versa 4
2026-05-11T13:47:38Z,122.0,Versa 4
2026-05-11T13:47:40Z,120.0,Versa 4
2026-05-11T13:47:42Z,121.0,Versa 4
2026-05-11T13:47:45Z,121.0,Versa 4
2026-05-11T13:47:46Z,120.0,Versa 4
2026-05-11T13:47:48Z,121.0,Versa 4
2026-05-11T13:47:50Z,123.0,Versa 4
2026-05-11T13:47:52Z,125.0,Versa 4
2026-05-11T13:47:54Z,124.0,Versa 4
2026-05-11T13:47:56Z,123.0,Versa 4
2026-05-11T13:47:58Z,122.0,Versa 4
2026-05-11T13:48:01Z,123.0,Versa 4
2026-05-11T13:48:04Z,123.0,Versa 4
2026-05-11T13:48:05Z,121.0,Versa 4
2026-05-11T13:48:07Z,122.0,Versa 4
2026-05-11T13:48:09Z,123.0,Versa 4
2026-05-11T13:48:11Z,121.0,Versa 4
2026-05-11T13:48:14Z,121.0,Versa 4
2026-05-11T13:48:15Z,119.0,Versa 4
2026-05-11T13:48:18Z,119.0,Versa 4
2026-05-11T13:48:19Z,120.0,Versa 4
2026-05-11T13:48:22Z,120.0,Versa 4
2026-05-11T13:48:23Z,117.0,Versa 4
2026-05-11T13:48:24Z,115.0,Versa 4
2026-05-11T13:48:26Z,113.0,Versa 4
2026-05-11T13:48:28Z,112.0,Versa 4
2026-05-11T13:48:30Z,113.0,Versa 4
2026-05-11T13:48:33Z,113.0,Versa 4
2026-05-11T13:48:34Z,112.0,Versa 4
2026-05-11T13:48:36Z,114.0,Versa 4
2026-05-11T13:48:39Z,114.0,Versa 4
2026-05-11T13:48:40Z,116.0,Versa 4
2026-05-11T13:48:42Z,117.0,Versa 4
2026-05-11T13:48:44Z,115.0,Versa 4
2026-05-11T13:48:46Z,114.0,Versa 4
2026-05-11T13:48:48Z,120.0,Versa 4
2026-05-11T13:48:49Z,121.0,Versa 4
2026-05-11T13:48:51Z,119.0,Versa 4
2026-05-11T13:48:53Z,118.0,Versa 4
2026-05-11T13:48:55Z,117.0,Versa 4
2026-05-11T13:48:58Z,117.0,Versa 4
2026-05-11T13:48:59Z,118.0,Versa 4
2026-05-11T13:49:02Z,118.0,Versa 4
2026-05-11T13:49:03Z,116.0,Versa 4
2026-05-11T13:49:06Z,116.0,Versa 4
2026-05-11T13:49:07Z,121.0,Versa 4
2026-05-11T13:49:09Z,122.0,Versa 4
2026-05-11T13:49:11Z,123.0,Versa 4
2026-05-11T13:49:14Z,121.0,Versa 4
2026-05-11T13:49:17Z,121.0,Versa 4
2026-05-11T13:49:20Z,121.0,Versa 4
2026-05-11T13:49:23Z,121.0,Versa 4
2026-05-11T13:49:24Z,123.0,Versa 4
2026-05-11T13:49:27Z,123.0,Versa 4
2026-05-11T13:49:30Z,122.0,Versa 4
2026-05-11T13:49:32Z,123.0,Versa 4
2026-05-11T13:49:34Z,118.0,Versa 4
2026-05-11T13:49:36Z,115.0,Versa 4
2026-05-11T13:49:39Z,114.0,Versa 4
2026-05-11T13:49:41Z,114.0,Versa 4
2026-05-11T13:49:44Z,114.0,Versa 4
2026-05-11T13:49:45Z,115.0,Versa 4
2026-05-11T13:49:48Z,115.0,Versa 4
2026-05-11T13:49:49Z,114.0,Versa 4
2026-05-11T13:49:52Z,114.0,Versa 4
2026-05-11T13:49:53Z,113.0,Versa 4
2026-05-11T13:49:55Z,111.0,Versa 4
2026-05-11T13:49:57Z,113.0,Versa 4
2026-05-11T13:50:00Z,114.0,Versa 4
2026-05-11T13:50:03Z,114.0,Versa 4
2026-05-11T13:50:06Z,114.0,Versa 4
2026-05-11T13:50:08Z,116.0,Versa 4
2026-05-11T13:50:11Z,116.0,Versa 4
2026-05-11T13:50:12Z,122.0,Versa 4
2026-05-11T13:50:14Z,123.0,Versa 4
2026-05-11T13:50:16Z,124.0,Versa 4
2026-05-11T13:50:19Z,124.0,Versa 4
2026-05-11T13:50:20Z,123.0,Versa 4
2026-05-11T13:50:22Z,122.0,Versa 4
2026-05-11T13:50:25Z,121.0,Versa 4
2026-05-11T13:50:27Z,120.0,Versa 4
2026-05-11T13:50:29Z,121.0,Versa 4
2026-05-11T13:50:31Z,120.0,Versa 4
2026-05-11T13:50:34Z,120.0,Versa 4
2026-05-11T13:50:35Z,121.0,Versa 4
2026-05-11T13:50:38Z,121.0,Versa 4
2026-05-11T13:50:39Z,122.0,Versa 4
2026-05-11T13:50:41Z,121.0,Versa 4
2026-05-11T13:50:44Z,121.0,Versa 4
2026-05-11T13:50:45Z,119.0,Versa 4
2026-05-11T13:50:47Z,118.0,Versa 4
2026-05-11T13:50:50Z,118.0,Versa 4
2026-05-11T13:50:53Z,118.0,Versa 4
2026-05-11T13:50:54Z,119.0,Versa 4
2026-05-11T13:50:57Z,119.0,Versa 4
2026-05-11T13:50:58Z,118.0,Versa 4
2026-05-11T13:51:00Z,119.0,Versa 4
2026-05-11T13:51:02Z,116.0,Versa 4
2026-05-11T13:51:04Z,113.0,Versa 4
2026-05-11T13:51:06Z,115.0,Versa 4
2026-05-11T13:51:08Z,121.0,Versa 4
2026-05-11T13:51:10Z,123.0,Versa 4
2026-05-11T13:51:12Z,127.0,Versa 4
2026-05-11T13:51:13Z,123.0,Versa 4
2026-05-11T13:51:16Z,123.0,Versa 4
2026-05-11T13:51:17Z,124.0,Versa 4
2026-05-11T13:51:19Z,123.0,Versa 4
2026-05-11T13:51:21Z,121.0,Versa 4
2026-05-11T13:51:23Z,120.0,Versa 4
2026-05-11T13:51:26Z,120.0,Versa 4
2026-05-11T13:51:27Z,122.0,Versa 4
2026-05-11T13:51:29Z,124.0,Versa 4
2026-05-11T13:51:31Z,122.0,Versa 4
2026-05-11T13:51:33Z,121.0,Versa 4
2026-05-11T13:51:35Z,120.0,Versa 4
2026-05-11T13:51:38Z,120.0,Versa 4
2026-05-11T13:51:41Z,120.0,Versa 4
2026-05-11T13:51:44Z,120.0,Versa 4
2026-05-11T13:51:47Z,120.0,Versa 4
2026-05-11T13:51:48Z,119.0,Versa 4
2026-05-11T13:51:50Z,118.0,Versa 4
2026-05-11T13:51:52Z,119.0,Versa 4
2026-05-11T13:51:54Z,120.0,Versa 4
2026-05-11T13:51:56Z,121.0,Versa 4
2026-05-11T13:51:58Z,120.0,Versa 4
2026-05-11T13:52:01Z,118.0,Versa 4
2026-05-11T13:52:04Z,118.0,Versa 4
2026-05-11T13:52:05Z,119.0,Versa 4
2026-05-11T13:52:07Z,117.0,Versa 4
2026-05-11T13:52:10Z,117.0,Versa 4
2026-05-11T13:52:13Z,117.0,Versa 4
2026-05-11T13:52:15Z,118.0,Versa 4
2026-05-11T13:52:18Z,118.0,Versa 4
2026-05-11T13:52:21Z,118.0,Versa 4
2026-05-11T13:52:24Z,117.0,Versa 4
2026-05-11T13:52:26Z,119.0,Versa 4
2026-05-11T13:52:28Z,121.0,Versa 4
2026-05-11T13:52:30Z,118.0,Versa 4
2026-05-11T13:52:32Z,119.0,Versa 4
2026-05-11T13:52:35Z,119.0,Versa 4
2026-05-11T13:52:36Z,118.0,Versa 4
2026-05-11T13:52:38Z,120.0,Versa 4
2026-05-11T13:52:40Z,121.0,Versa 4
2026-05-11T13:52:42Z,119.0,Versa 4
2026-05-11T13:52:44Z,122.0,Versa 4
2026-05-11T13:52:46Z,120.0,Versa 4
2026-05-11T13:52:48Z,118.0,Versa 4
2026-05-11T13:52:49Z,119.0,Versa 4
2026-05-11T13:52:52Z,119.0,Versa 4
2026-05-11T13:52:53Z,117.0,Versa 4
2026-05-11T13:52:55Z,116.0,Versa 4
2026-05-11T13:52:57Z,115.0,Versa 4
2026-05-11T13:53:00Z,115.0,Versa 4
2026-05-11T13:53:01Z,116.0,Versa 4
2026-05-11T13:53:04Z,116.0,Versa 4
2026-05-11T13:53:07Z,116.0,Versa 4
2026-05-11T13:53:09Z,117.0,Versa 4
2026-05-11T13:53:11Z,118.0,Versa 4
2026-05-11T13:53:12Z,117.0,Versa 4
2026-05-11T13:53:14Z,118.0,Versa 4
2026-05-11T13:53:17Z,118.0,Versa 4
2026-05-11T13:53:18Z,120.0,Versa 4
2026-05-11T13:53:20Z,122.0,Versa 4
2026-05-11T13:53:22Z,120.0,Versa 4
2026-05-11T13:53:24Z,119.0,Versa 4
2026-05-11T13:53:27Z,119.0,Versa 4
2026-05-11T13:53:28Z,117.0,Versa 4
2026-05-11T13:53:30Z,117.0,Versa 4
2026-05-11T13:53:32Z,119.0,Versa 4
2026-05-11T13:53:34Z,117.0,Versa 4
2026-05-11T13:53:36Z,118.0,Versa 4
2026-05-11T13:53:37Z,117.0,Versa 4
2026-05-11T13:53:39Z,115.0,Versa 4
2026-05-11T13:53:41Z,116.0,Versa 4
2026-05-11T13:53:43Z,117.0,Versa 4
2026-05-11T13:53:45Z,116.0,Versa 4
2026-05-11T13:53:47Z,117.0,Versa 4
2026-05-11T13:53:50Z,117.0,Versa 4
2026-05-11T13:53:53Z,118.0,Versa 4
2026-05-11T13:53:55Z,116.0,Versa 4
2026-05-11T13:53:57Z,115.0,Versa 4
2026-05-11T13:54:00Z,114.0,Versa 4
2026-05-11T13:54:02Z,112.0,Versa 4
2026-05-11T13:54:04Z,114.0,Versa 4
2026-05-11T13:54:07Z,114.0,Versa 4
2026-05-11T13:54:10Z,118.0,Versa 4
2026-05-11T13:54:12Z,124.0,Versa 4
2026-05-11T13:54:14Z,130.0,Versa 4
2026-05-11T13:54:16Z,129.0,Versa 4
2026-05-11T13:54:18Z,126.0,Versa 4
2026-05-11T13:54:20Z,125.0,Versa 4
2026-05-11T13:54:22Z,123.0,Versa 4
2026-05-11T13:54:24Z,123.0,Versa 4
2026-05-11T13:54:25Z,122.0,Versa 4
2026-05-11T13:54:27Z,126.0,Versa 4
2026-05-11T13:54:29Z,124.0,Versa 4
2026-05-11T13:54:31Z,120.0,Versa 4
2026-05-11T13:54:33Z,121.0,Versa 4
2026-05-11T13:54:35Z,124.0,Versa 4
2026-05-11T13:54:37Z,126.0,Versa 4
2026-05-11T13:54:39Z,128.0,Versa 4
2026-05-11T13:54:41Z,131.0,Versa 4
2026-05-11T13:54:43Z,130.0,Versa 4
2026-05-11T13:54:46Z,130.0,Versa 4
2026-05-11T13:54:47Z,131.0,Versa 4
2026-05-11T13:54:48Z,127.0,Versa 4
2026-05-11T13:54:50Z,126.0,Versa 4
2026-05-11T13:54:53Z,126.0,Versa 4
2026-05-11T13:54:54Z,124.0,Versa 4
2026-05-11T13:54:56Z,125.0,Versa 4
2026-05-11T13:54:58Z,125.0,Versa 4
2026-05-11T13:55:00Z,122.0,Versa 4
2026-05-11T13:55:02Z,124.0,Versa 4
2026-05-11T13:55:05Z,124.0,Versa 4
2026-05-11T13:55:06Z,121.0,Versa 4
2026-05-11T13:55:08Z,123.0,Versa 4
2026-05-11T13:55:11Z,123.0,Versa 4
2026-05-11T13:55:12Z,122.0,Versa 4
2026-05-11T13:55:15Z,124.0,Versa 4
2026-05-11T13:55:17Z,121.0,Versa 4
2026-05-11T13:55:19Z,126.0,Versa 4
2026-05-11T13:55:21Z,126.0,Versa 4
2026-05-11T13:55:24Z,126.0,Versa 4
2026-05-11T13:55:25Z,127.0,Versa 4
2026-05-11T13:55:27Z,129.0,Versa 4
2026-05-11T13:55:29Z,127.0,Versa 4
2026-05-11T13:55:31Z,123.0,Versa 4
2026-05-11T13:55:33Z,118.0,Versa 4
2026-05-11T13:55:35Z,117.0,Versa 4
2026-05-11T13:55:36Z,115.0,Versa 4
2026-05-11T13:55:39Z,115.0,Versa 4
2026-05-11T13:55:42Z,115.0,Versa 4
2026-05-11T13:55:44Z,116.0,Versa 4
2026-05-11T13:55:46Z,115.0,Versa 4
2026-05-11T13:55:48Z,116.0,Versa 4
2026-05-11T13:55:51Z,116.0,Versa 4
2026-05-11T13:55:54Z,115.0,Versa 4
2026-05-11T13:55:56Z,116.0,Versa 4
2026-05-11T13:55:58Z,117.0,Versa 4
2026-05-11T13:56:00Z,118.0,Versa 4
2026-05-11T13:56:01Z,117.0,Versa 4
2026-05-11T13:56:03Z,118.0,Versa 4
2026-05-11T13:56:05Z,124.0,Versa 4
2026-05-11T13:56:07Z,120.0,Versa 4
2026-05-11T13:56:09Z,121.0,Versa 4
2026-05-11T13:56:11Z,124.0,Versa 4
2026-05-11T13:56:13Z,123.0,Versa 4
2026-05-11T13:56:16Z,123.0,Versa 4
2026-05-11T13:56:17Z,123.0,Versa 4
2026-05-11T13:56:20Z,123.0,Versa 4
2026-05-11T13:56:23Z,124.0,Versa 4
2026-05-11T13:56:24Z,122.0,Versa 4
2026-05-11T13:56:27Z,122.0,Versa 4
2026-05-11T13:56:30Z,121.0,Versa 4
2026-05-11T13:56:32Z,119.0,Versa 4
2026-05-11T13:56:34Z,122.0,Versa 4
2026-05-11T13:56:36Z,125.0,Versa 4
2026-05-11T13:56:39Z,125.0,Versa 4
2026-05-11T13:56:42Z,124.0,Versa 4
2026-05-11T13:56:44Z,123.0,Versa 4
2026-05-11T13:56:46Z,124.0,Versa 4
2026-05-11T13:56:49Z,123.0,Versa 4
2026-05-11T13:56:52Z,123.0,Versa 4
2026-05-11T13:56:55Z,122.0,Versa 4
2026-05-11T13:56:57Z,121.0,Versa 4
2026-05-11T13:56:59Z,122.0,Versa 4
2026-05-11T13:57:01Z,121.0,Versa 4
2026-05-11T13:57:03Z,122.0,Versa 4
2026-05-11T13:57:05Z,121.0,Versa 4
2026-05-11T13:57:08Z,121.0,Versa 4
2026-05-11T13:57:09Z,122.0,Versa 4
2026-05-11T13:57:12Z,120.0,Versa 4
2026-05-11T13:57:15Z,120.0,Versa 4
2026-05-11T13:57:16Z,121.0,Versa 4
2026-05-11T13:57:18Z,122.0,Versa 4
2026-05-11T13:57:20Z,122.0,Versa 4
2026-05-11T13:57:22Z,123.0,Versa 4
2026-05-11T13:57:25Z,123.0,Versa 4
2026-05-11T13:57:28Z,123.0,Versa 4
2026-05-11T13:57:30Z,124.0,Versa 4
2026-05-11T13:57:32Z,125.0,Versa 4
2026-05-11T13:57:35Z,125.0,Versa 4
2026-05-11T13:57:37Z,123.0,Versa 4
2026-05-11T13:57:39Z,122.0,Versa 4
2026-05-11T13:57:42Z,122.0,Versa 4
2026-05-11T13:57:43Z,124.0,Versa 4
2026-05-11T13:57:45Z,125.0,Versa 4
2026-05-11T13:57:48Z,125.0,Versa 4
2026-05-11T13:57:51Z,122.0,Versa 4
2026-05-11T13:57:53Z,121.0,Versa 4
2026-05-11T13:57:56Z,121.0,Versa 4
2026-05-11T13:57:57Z,119.0,Versa 4
2026-05-11T13:57:59Z,117.0,Versa 4
2026-05-11T13:58:02Z,120.0,Versa 4
2026-05-11T13:58:04Z,122.0,Versa 4
2026-05-11T13:58:07Z,122.0,Versa 4
2026-05-11T13:58:08Z,119.0,Versa 4
2026-05-11T13:58:10Z,116.0,Versa 4
2026-05-11T13:58:12Z,117.0,Versa 4
2026-05-11T13:58:14Z,123.0,Versa 4
2026-05-11T13:58:16Z,119.0,Versa 4
2026-05-11T13:58:18Z,112.0,Versa 4
2026-05-11T13:58:20Z,105.0,Versa 4
2026-05-11T13:58:22Z,104.0,Versa 4
2026-05-11T13:58:24Z,108.0,Versa 4
2026-05-11T13:58:25Z,112.0,Versa 4
2026-05-11T13:58:27Z,117.0,Versa 4
2026-05-11T13:58:29Z,120.0,Versa 4
2026-05-11T13:58:31Z,124.0,Versa 4
2026-05-11T13:58:33Z,126.0,Versa 4
2026-05-11T13:58:35Z,124.0,Versa 4
2026-05-11T13:58:37Z,123.0,Versa 4
2026-05-11T13:58:40Z,123.0,Versa 4
2026-05-11T13:58:41Z,124.0,Versa 4
2026-05-11T13:58:43Z,125.0,Versa 4
2026-05-11T13:58:46Z,125.0,Versa 4
2026-05-11T13:58:47Z,124.0,Versa 4
2026-05-11T13:58:48Z,118.0,Versa 4
2026-05-11T13:58:50Z,113.0,Versa 4
2026-05-11T13:58:53Z,113.0,Versa 4
2026-05-11T13:58:54Z,112.0,Versa 4
2026-05-11T13:58:56Z,114.0,Versa 4
2026-05-11T13:58:58Z,113.0,Versa 4
2026-05-11T13:59:01Z,113.0,Versa 4
2026-05-11T13:59:02Z,114.0,Versa 4
2026-05-11T13:59:04Z,110.0,Versa 4
2026-05-11T13:59:06Z,109.0,Versa 4
2026-05-11T13:59:08Z,110.0,Versa 4
2026-05-11T13:59:11Z,110.0,Versa 4
2026-05-11T13:59:12Z,109.0,Versa 4
2026-05-11T13:59:13Z,113.0,Versa 4
2026-05-11T13:59:15Z,110.0,Versa 4
2026-05-11T13:59:17Z,111.0,Versa 4
2026-05-11T13:59:19Z,115.0,Versa 4
2026-05-11T13:59:21Z,118.0,Versa 4
2026-05-11T13:59:23Z,119.0,Versa 4
2026-05-11T13:59:26Z,119.0,Versa 4
2026-05-11T13:59:27Z,117.0,Versa 4
2026-05-11T13:59:29Z,115.0,Versa 4
2026-05-11T13:59:31Z,111.0,Versa 4
2026-05-11T13:59:33Z,108.0,Versa 4
2026-05-11T13:59:35Z,107.0,Versa 4
2026-05-11T13:59:36Z,106.0,Versa 4
2026-05-11T13:59:38Z,102.0,Versa 4
2026-05-11T13:59:40Z,106.0,Versa 4
2026-05-11T13:59:42Z,108.0,Versa 4
2026-05-11T13:59:45Z,108.0,Versa 4
2026-05-11T13:59:48Z,104.0,Versa 4
2026-05-11T13:59:50Z,103.0,Versa 4
2026-05-11T13:59:53Z,103.0,Versa 4
2026-05-11T13:59:54Z,104.0,Versa 4
2026-05-11T13:59:56Z,106.0,Versa 4
2026-05-11T13:59:58Z,107.0,Versa 4
2026-05-11T14:00:00Z,108.0,Versa 4
2026-05-11T14:00:03Z,108.0,Versa 4
2026-05-11T14:00:06Z,108.0,Versa 4
2026-05-11T14:00:07Z,109.0,Versa 4
2026-05-11T14:00:09Z,110.0,Versa 4
2026-05-11T14:00:11Z,111.0,Versa 4
2026-05-11T14:00:14Z,111.0,Versa 4
2026-05-11T14:00:15Z,110.0,Versa 4
2026-05-11T14:00:17Z,108.0,Versa 4
2026-05-11T14:00:19Z,107.0,Versa 4
2026-05-11T14:00:21Z,107.0,Versa 4
2026-05-11T14:00:23Z,107.0,Versa 4
2026-05-11T14:00:24Z,108.0,Versa 4
2026-05-11T14:00:27Z,108.0,Versa 4
2026-05-11T14:00:30Z,109.0,Versa 4
2026-05-11T14:00:33Z,109.0,Versa 4
2026-05-11T14:00:34Z,108.0,Versa 4
2026-05-11T14:00:37Z,108.0,Versa 4
2026-05-11T14:00:38Z,109.0,Versa 4
2026-05-11T14:00:41Z,109.0,Versa 4
2026-05-11T14:00:42Z,110.0,Versa 4
2026-05-11T14:00:45Z,110.0,Versa 4
2026-05-11T14:00:46Z,111.0,Versa 4
2026-05-11T14:00:48Z,112.0,Versa 4
2026-05-11T14:00:49Z,111.0,Versa 4
2026-05-11T14:00:51Z,112.0,Versa 4
2026-05-11T14:00:53Z,113.0,Versa 4
2026-05-11T14:00:55Z,119.0,Versa 4
2026-05-11T14:00:57Z,125.0,Versa 4
2026-05-11T14:00:59Z,122.0,Versa 4
2026-05-11T14:01:01Z,121.0,Versa 4
2026-05-11T14:01:03Z,120.0,Versa 4
2026-05-11T14:01:05Z,124.0,Versa 4
2026-05-11T14:01:07Z,121.0,Versa 4
2026-05-11T14:01:09Z,115.0,Versa 4
2026-05-11T14:01:12Z,112.0,Versa 4
2026-05-11T14:01:15Z,112.0,Versa 4
2026-05-11T14:01:16Z,116.0,Versa 4
2026-05-11T14:01:18Z,118.0,Versa 4
2026-05-11T14:01:21Z,118.0,Versa 4
2026-05-11T14:01:22Z,114.0,Versa 4
2026-05-11T14:01:24Z,111.0,Versa 4
2026-05-11T14:01:26Z,110.0,Versa 4
2026-05-11T14:01:28Z,105.0,Versa 4
2026-05-11T14:01:30Z,98.0,Versa 4
2026-05-11T14:01:32Z,97.0,Versa 4
2026-05-11T14:01:34Z,98.0,Versa 4
2026-05-11T14:01:36Z,99.0,Versa 4
2026-05-11T14:01:37Z,104.0,Versa 4
2026-05-11T14:01:40Z,104.0,Versa 4
2026-05-11T14:01:41Z,103.0,Versa 4
2026-05-11T14:01:43Z,104.0,Versa 4
2026-05-11T14:01:45Z,103.0,Versa 4
2026-05-11T14:01:47Z,102.0,Versa 4
2026-05-11T14:01:49Z,101.0,Versa 4
2026-05-11T14:01:51Z,100.0,Versa 4
2026-05-11T14:01:53Z,102.0,Versa 4
2026-05-11T14:01:55Z,103.0,Versa 4
2026-05-11T14:01:57Z,104.0,Versa 4
2026-05-11T14:01:59Z,102.0,Versa 4
2026-05-11T14:02:02Z,100.0,Versa 4
2026-05-11T14:02:05Z,100.0,Versa 4
2026-05-11T14:02:06Z,100.0,Versa 4
2026-05-11T14:02:09Z,100.0,Versa 4
2026-05-11T14:02:10Z,99.0,Versa 4
2026-05-11T14:02:12Z,98.0,Versa 4
2026-05-11T14:02:14Z,100.0,Versa 4
2026-05-11T14:02:17Z,100.0,Versa 4
2026-05-11T14:02:20Z,100.0,Versa 4
2026-05-11T14:02:23Z,100.0,Versa 4
2026-05-11T14:02:24Z,101.0,Versa 4
2026-05-11T14:02:25Z,100.0,Versa 4
2026-05-11T14:02:27Z,100.0,Versa 4
2026-05-11T14:02:29Z,100.0,Versa 4
2026-05-11T14:02:31Z,100.0,Versa 4
2026-05-11T14:02:33Z,100.0,Versa 4
2026-05-11T14:02:36Z,100.0,Versa 4
2026-05-11T14:02:39Z,100.0,Versa 4
2026-05-11T14:02:41Z,99.0,Versa 4
2026-05-11T14:02:43Z,99.0,Versa 4
2026-05-11T14:02:45Z,99.0,Versa 4
2026-05-11T14:02:47Z,98.0,Versa 4
2026-05-11T14:02:49Z,98.0,Versa 4
2026-05-11T14:02:50Z,97.0,Versa 4
2026-05-11T14:02:52Z,97.0,Versa 4
2026-05-11T14:02:54Z,98.0,Versa 4
2026-05-11T14:02:57Z,98.0,Versa 4
2026-05-11T14:02:58Z,96.0,Versa 4
2026-05-11T14:03:01Z,96.0,Versa 4
2026-05-11T14:03:04Z,98.0,Versa 4
2026-05-11T14:03:06Z,99.0,Versa 4
2026-05-11T14:03:08Z,98.0,Versa 4
2026-05-11T14:03:11Z,98.0,Versa 4
2026-05-11T14:03:13Z,100.0,Versa 4
2026-05-11T14:03:16Z,100.0,Versa 4
2026-05-11T14:03:19Z,100.0,Versa 4
2026-05-11T14:03:22Z,100.0,Versa 4
2026-05-11T14:03:25Z,98.0,Versa 4
2026-05-11T14:03:27Z,96.0,Versa 4
2026-05-11T14:03:29Z,95.0,Versa 4
2026-05-11T14:03:31Z,96.0,Versa 4
2026-05-11T14:03:34Z,96.0,Versa 4
2026-05-11T14:03:35Z,100.0,Versa 4
2026-05-11T14:03:37Z,101.0,Versa 4
2026-05-11T14:03:38Z,100.0,Versa 4
2026-05-11T14:03:40Z,98.0,Versa 4
2026-05-11T14:03:42Z,97.0,Versa 4
2026-05-11T14:03:44Z,98.0,Versa 4
2026-05-11T14:03:46Z,100.0,Versa 4
2026-05-11T14:03:49Z,100.0,Versa 4
2026-05-11T14:03:50Z,101.0,Versa 4
2026-05-11T14:03:52Z,103.0,Versa 4
2026-05-11T14:03:54Z,105.0,Versa 4
2026-05-11T14:03:56Z,107.0,Versa 4
2026-05-11T14:03:59Z,107.0,Versa 4
2026-05-11T14:04:01Z,101.0,Versa 4
2026-05-11T14:04:03Z,96.0,Versa 4
2026-05-11T14:04:05Z,92.0,Versa 4
2026-05-11T14:04:07Z,92.0,Versa 4
2026-05-11T14:04:09Z,94.0,Versa 4
2026-05-11T14:04:11Z,97.0,Versa 4
2026-05-11T14:04:13Z,98.0,Versa 4
2026-05-11T14:04:15Z,96.0,Versa 4
2026-05-11T14:04:17Z,95.0,Versa 4
2026-05-11T14:04:19Z,93.0,Versa 4
2026-05-11T14:04:21Z,94.0,Versa 4
2026-05-11T14:04:24Z,94.0,Versa 4
2026-05-11T14:04:25Z,91.0,Versa 4
2026-05-11T14:04:26Z,88.0,Versa 4
2026-05-11T14:04:28Z,86.0,Versa 4
2026-05-11T14:04:31Z,86.0,Versa 4
2026-05-11T14:04:32Z,88.0,Versa 4
2026-05-11T14:04:34Z,90.0,Versa 4
2026-05-11T14:04:37Z,90.0,Versa 4
2026-05-11T14:04:38Z,89.0,Versa 4
2026-05-11T14:04:40Z,88.0,Versa 4
2026-05-11T14:04:43Z,88.0,Versa 4
2026-05-11T14:04:44Z,90.0,Versa 4
2026-05-11T14:04:46Z,92.0,Versa 4
2026-05-11T14:04:49Z,92.0,Versa 4
2026-05-11T14:04:52Z,92.0,Versa 4
2026-05-11T14:04:53Z,91.0,Versa 4
2026-05-11T14:04:55Z,92.0,Versa 4
2026-05-11T14:04:58Z,92.0,Versa 4
2026-05-11T14:04:59Z,92.0,Versa 4
2026-05-11T14:05:02Z,92.0,Versa 4
2026-05-11T14:05:03Z,92.0,Versa 4
2026-05-11T14:05:05Z,93.0,Versa 4
2026-05-11T14:05:07Z,94.0,Versa 4
2026-05-11T14:05:09Z,94.0,Versa 4
2026-05-11T14:05:11Z,93.0,Versa 4
2026-05-11T14:05:14Z,94.0,Versa 4
2026-05-11T14:05:17Z,94.0,Versa 4
2026-05-11T14:05:20Z,93.0,Versa 4
2026-05-11T14:05:22Z,94.0,Versa 4
2026-05-11T14:05:24Z,95.0,Versa 4
2026-05-11T14:05:27Z,95.0,Versa 4
2026-05-11T14:05:28Z,94.0,Versa 4
2026-05-11T14:05:30Z,93.0,Versa 4
2026-05-11T14:05:32Z,94.0,Versa 4
2026-05-11T14:05:34Z,95.0,Versa 4
2026-05-11T14:05:36Z,91.0,Versa 4
2026-05-11T14:05:37Z,88.0,Versa 4
2026-05-11T14:05:39Z,87.0,Versa 4
2026-05-11T14:05:41Z,88.0,Versa 4
2026-05-11T14:05:43Z,90.0,Versa 4
2026-05-11T14:05:46Z,90.0,Versa 4
2026-05-11T14:05:49Z,89.0,Versa 4
2026-05-11T14:05:51Z,88.0,Versa 4
2026-05-11T14:05:54Z,88.0,Versa 4
2026-05-11T14:05:55Z,89.0,Versa 4
2026-05-11T14:05:57Z,90.0,Versa 4
2026-05-11T14:05:59Z,89.0,Versa 4
2026-05-11T14:06:01Z,90.0,Versa 4
2026-05-11T14:06:04Z,90.0,Versa 4
2026-05-11T14:06:07Z,90.0,Versa 4
2026-05-11T14:06:10Z,90.0,Versa 4
2026-05-11T14:06:12Z,91.0,Versa 4
2026-05-11T14:06:14Z,93.0,Versa 4
2026-05-11T14:06:16Z,96.0,Versa 4
2026-05-11T14:06:18Z,97.0,Versa 4
2026-05-11T14:06:20Z,96.0,Versa 4
2026-05-11T14:06:22Z,93.0,Versa 4
2026-05-11T14:06:24Z,94.0,Versa 4
2026-05-11T14:06:25Z,96.0,Versa 4
2026-05-11T14:06:27Z,93.0,Versa 4
2026-05-11T14:06:29Z,90.0,Versa 4
2026-05-11T14:06:31Z,88.0,Versa 4
2026-05-11T14:06:33Z,87.0,Versa 4
2026-05-11T14:06:35Z,88.0,Versa 4
2026-05-11T14:06:37Z,90.0,Versa 4
2026-05-11T14:06:39Z,91.0,Versa 4
2026-05-11T14:06:41Z,91.0,Versa 4
2026-05-11T14:06:43Z,92.0,Versa 4
2026-05-11T14:06:45Z,93.0,Versa 4
2026-05-11T14:06:47Z,95.0,Versa 4
2026-05-11T14:06:49Z,95.0,Versa 4
2026-05-11T14:06:50Z,94.0,Versa 4
2026-05-11T14:06:52Z,92.0,Versa 4
2026-05-11T14:06:55Z,92.0,Versa 4
2026-05-11T14:06:58Z,92.0,Versa 4
2026-05-11T14:07:00Z,91.0,Versa 4
2026-05-11T14:07:02Z,90.0,Versa 4
2026-05-11T14:07:05Z,90.0,Versa 4
2026-05-11T14:07:06Z,91.0,Versa 4
2026-05-11T14:07:08Z,92.0,Versa 4
2026-05-11T14:07:11Z,92.0,Versa 4
2026-05-11T14:07:12Z,90.0,Versa 4
2026-05-11T14:07:15Z,91.0,Versa 4
2026-05-11T14:07:17Z,92.0,Versa 4
2026-05-11T14:07:19Z,92.0,Versa 4
2026-05-11T14:07:21Z,91.0,Versa 4
2026-05-11T14:07:23Z,90.0,Versa 4
2026-05-11T14:07:25Z,91.0,Versa 4
2026-05-11T14:07:27Z,92.0,Versa 4
2026-05-11T14:07:29Z,93.0,Versa 4
2026-05-11T14:07:31Z,94.0,Versa 4
2026-05-11T14:07:34Z,94.0,Versa 4
2026-05-11T14:07:37Z,94.0,Versa 4
2026-05-11T14:07:38Z,93.0,Versa 4
2026-05-11T14:07:40Z,92.0,Versa 4
2026-05-11T14:07:43Z,92.0,Versa 4
2026-05-11T14:07:44Z,92.0,Versa 4
2026-05-11T14:07:46Z,92.0,Versa 4
2026-05-11T14:07:48Z,91.0,Versa 4
2026-05-11T14:07:50Z,90.0,Versa 4
2026-05-11T14:07:52Z,89.0,Versa 4
2026-05-11T14:07:54Z,90.0,Versa 4
2026-05-11T14:07:56Z,92.0,Versa 4
2026-05-11T14:07:59Z,92.0,Versa 4
2026-05-11T14:08:00Z,90.0,Versa 4
2026-05-11T14:08:01Z,89.0,Versa 4
2026-05-11T14:08:03Z,90.0,Versa 4
2026-05-11T14:08:05Z,89.0,Versa 4
2026-05-11T14:08:07Z,88.0,Versa 4
2026-05-11T14:08:10Z,88.0,Versa 4
2026-05-11T14:08:13Z,88.0,Versa 4
2026-05-11T14:08:15Z,90.0,Versa 4
2026-05-11T14:08:18Z,90.0,Versa 4
2026-05-11T14:08:19Z,91.0,Versa 4
2026-05-11T14:08:21Z,90.0,Versa 4
2026-05-11T14:08:24Z,90.0,Versa 4
2026-05-11T14:08:26Z,92.0,Versa 4
2026-05-11T14:08:29Z,92.0,Versa 4
2026-05-11T14:08:32Z,89.0,Versa 4
2026-05-11T14:08:34Z,85.0,Versa 4
2026-05-11T14:08:36Z,85.0,Versa 4
2026-05-11T14:08:38Z,87.0,Versa 4
2026-05-11T14:08:41Z,87.0,Versa 4
2026-05-11T14:08:42Z,88.0,Versa 4
2026-05-11T14:08:44Z,87.0,Versa 4
2026-05-11T14:08:46Z,86.0,Versa 4
2026-05-11T14:08:49Z,88.0,Versa 4
2026-05-11T14:08:51Z,89.0,Versa 4
2026-05-11T14:08:54Z,89.0,Versa 4
2026-05-11T14:08:57Z,88.0,Versa 4
2026-05-11T14:08:59Z,89.0,Versa 4
2026-05-11T14:09:01Z,91.0,Versa 4
2026-05-11T14:09:03Z,92.0,Versa 4
2026-05-11T14:09:05Z,91.0,Versa 4
2026-05-11T14:09:07Z,90.0,Versa 4
2026-05-11T14:09:09Z,88.0,Versa 4
2026-05-11T14:09:11Z,89.0,Versa 4
2026-05-11T14:09:13Z,90.0,Versa 4
2026-05-11T14:09:14Z,89.0,Versa 4
2026-05-11T14:09:16Z,88.0,Versa 4
2026-05-11T14:09:19Z,88.0,Versa 4
2026-05-11T14:09:20Z,90.0,Versa 4
2026-05-11T14:09:23Z,90.0,Versa 4
2026-05-11T14:09:24Z,90.0,Versa 4
2026-05-11T14:09:26Z,90.0,Versa 4
2026-05-11T14:09:29Z,90.0,Versa 4
2026-05-11T14:09:30Z,89.0,Versa 4
2026-05-11T14:09:32Z,90.0,Versa 4
2026-05-11T14:09:34Z,92.0,Versa 4
2026-05-11T14:09:36Z,91.0,Versa 4
2026-05-11T14:09:37Z,88.0,Versa 4
2026-05-11T14:09:40Z,88.0,Versa 4
2026-05-11T14:09:41Z,90.0,Versa 4
2026-05-11T14:09:43Z,91.0,Versa 4
2026-05-11T14:09:45Z,90.0,Versa 4
2026-05-11T14:09:47Z,88.0,Versa 4
2026-05-11T14:09:49Z,87.0,Versa 4
2026-05-11T14:09:51Z,88.0,Versa 4
2026-05-11T14:09:53Z,90.0,Versa 4
2026-05-11T14:09:55Z,92.0,Versa 4
2026-05-11T14:09:57Z,91.0,Versa 4
2026-05-11T14:09:59Z,92.0,Versa 4
2026-05-11T14:10:01Z,91.0,Versa 4
2026-05-11T14:10:02Z,93.0,Versa 4
2026-05-11T14:10:04Z,96.0,Versa 4
2026-05-11T14:10:06Z,99.0,Versa 4
2026-05-11T14:10:09Z,99.0,Versa 4
2026-05-11T14:10:10Z,101.0,Versa 4
2026-05-11T14:10:12Z,94.0,Versa 4
2026-05-11T14:10:14Z,92.0,Versa 4
2026-05-11T14:10:16Z,93.0,Versa 4
2026-05-11T14:10:18Z,94.0,Versa 4
2026-05-11T14:10:20Z,95.0,Versa 4
2026-05-11T14:10:23Z,95.0,Versa 4
2026-05-11T14:10:24Z,94.0,Versa 4
2026-05-11T14:10:27Z,95.0,Versa 4
2026-05-11T14:10:29Z,96.0,Versa 4
2026-05-11T14:10:32Z,96.0,Versa 4
2026-05-11T14:10:33Z,95.0,Versa 4
2026-05-11T14:10:36Z,95.0,Versa 4
2026-05-11T14:10:37Z,97.0,Versa 4
2026-05-11T14:10:39Z,99.0,Versa 4
2026-05-11T14:10:42Z,99.0,Versa 4
2026-05-11T14:10:43Z,94.0,Versa 4
2026-05-11T14:10:45Z,92.0,Versa 4
2026-05-11T14:10:47Z,94.0,Versa 4
2026-05-11T14:10:49Z,98.0,Versa 4
2026-05-11T14:10:50Z,95.0,Versa 4
2026-05-11T14:10:52Z,93.0,Versa 4
2026-05-11T14:10:54Z,90.0,Versa 4
2026-05-11T14:10:56Z,92.0,Versa 4
2026-05-11T14:10:58Z,94.0,Versa 4
2026-05-11T14:11:00Z,92.0,Versa 4
2026-05-11T14:11:02Z,91.0,Versa 4
2026-05-11T14:11:04Z,90.0,Versa 4
2026-05-11T14:11:06Z,91.0,Versa 4
2026-05-11T14:11:08Z,92.0,Versa 4
2026-05-11T14:11:11Z,92.0,Versa 4
2026-05-11T14:11:12Z,91.0,Versa 4
2026-05-11T14:11:15Z,92.0,Versa 4
2026-05-11T14:11:17Z,94.0,Versa 4
2026-05-11T14:11:19Z,92.0,Versa 4
2026-05-11T14:11:21Z,90.0,Versa 4
2026-05-11T14:11:24Z,90.0,Versa 4
2026-05-11T14:11:25Z,92.0,Versa 4
2026-05-11T14:11:27Z,93.0,Versa 4
2026-05-11T14:11:29Z,92.0,Versa 4
2026-05-11T14:11:31Z,90.0,Versa 4
2026-05-11T14:11:33Z,88.0,Versa 4
2026-05-11T14:11:35Z,87.0,Versa 4
2026-05-11T14:11:37Z,90.0,Versa 4
2026-05-11T14:11:38Z,92.0,Versa 4
2026-05-11T14:11:40Z,94.0,Versa 4
2026-05-11T14:11:43Z,94.0,Versa 4
2026-05-11T14:11:46Z,93.0,Versa 4
2026-05-11T14:11:48Z,92.0,Versa 4
2026-05-11T14:11:51Z,92.0,Versa 4
2026-05-11T14:11:54Z,92.0,Versa 4
2026-05-11T14:11:57Z,92.0,Versa 4
2026-05-11T14:12:00Z,92.0,Versa 4
2026-05-11T14:12:03Z,92.0,Versa 4
2026-05-11T14:12:06Z,92.0,Versa 4
2026-05-11T14:12:09Z,93.0,Versa 4
2026-05-11T14:12:11Z,94.0,Versa 4
2026-05-11T14:12:13Z,93.0,Versa 4
2026-05-11T14:12:15Z,92.0,Versa 4
2026-05-11T14:12:17Z,92.0,Versa 4
2026-05-11T14:12:19Z,94.0,Versa 4
2026-05-11T14:12:21Z,93.0,Versa 4
2026-05-11T14:12:23Z,94.0,Versa 4
2026-05-11T14:12:26Z,94.0,Versa 4
2026-05-11T14:12:29Z,96.0,Versa 4
2026-05-11T14:12:31Z,101.0,Versa 4
2026-05-11T14:12:33Z,102.0,Versa 4
2026-05-11T14:12:34Z,101.0,Versa 4
2026-05-11T14:12:36Z,99.0,Versa 4
2026-05-11T14:12:39Z,99.0,Versa 4
2026-05-11T14:12:40Z,98.0,Versa 4
2026-05-11T14:12:42Z,96.0,Versa 4
2026-05-11T14:12:44Z,94.0,Versa 4
2026-05-11T14:12:46Z,92.0,Versa 4
2026-05-11T14:12:49Z,92.0,Versa 4
2026-05-11T14:12:52Z,90.0,Versa 4
2026-05-11T14:12:54Z,90.0,Versa 4
2026-05-11T14:12:57Z,90.0,Versa 4
2026-05-11T14:12:58Z,90.0,Versa 4
2026-05-11T14:13:01Z,90.0,Versa 4
2026-05-11T14:13:04Z,90.0,Versa 4
2026-05-11T14:13:07Z,92.0,Versa 4
2026-05-11T14:13:09Z,93.0,Versa 4
2026-05-11T14:13:11Z,94.0,Versa 4
2026-05-11T14:13:13Z,93.0,Versa 4
2026-05-11T14:13:16Z,93.0,Versa 4
2026-05-11T14:13:17Z,92.0,Versa 4
2026-05-11T14:13:20Z,92.0,Versa 4
2026-05-11T14:13:21Z,91.0,Versa 4
2026-05-11T14:13:22Z,92.0,Versa 4
2026-05-11T14:13:25Z,92.0,Versa 4
2026-05-11T14:13:28Z,95.0,Versa 4
2026-05-11T14:13:30Z,97.0,Versa 4
2026-05-11T14:13:32Z,95.0,Versa 4
2026-05-11T14:13:34Z,94.0,Versa 4
2026-05-11T14:13:36Z,93.0,Versa 4
2026-05-11T14:13:39Z,93.0,Versa 4
2026-05-11T14:13:40Z,95.0,Versa 4
2026-05-11T14:13:42Z,97.0,Versa 4
2026-05-11T14:13:44Z,99.0,Versa 4
2026-05-11T14:13:46Z,102.0,Versa 4
2026-05-11T14:13:47Z,104.0,Versa 4
2026-05-11T14:13:49Z,106.0,Versa 4
2026-05-11T14:13:52Z,106.0,Versa 4
2026-05-11T14:13:53Z,105.0,Versa 4
2026-05-11T14:13:55Z,106.0,Versa 4
2026-05-11T14:13:58Z,106.0,Versa 4
2026-05-11T14:13:59Z,103.0,Versa 4
2026-05-11T14:14:01Z,99.0,Versa 4
2026-05-11T14:14:03Z,98.0,Versa 4
2026-05-11T14:14:05Z,97.0,Versa 4
2026-05-11T14:14:07Z,96.0,Versa 4
2026-05-11T14:14:10Z,97.0,Versa 4
2026-05-11T14:14:12Z,98.0,Versa 4
2026-05-11T14:14:14Z,100.0,Versa 4
2026-05-11T14:14:16Z,102.0,Versa 4
2026-05-11T14:14:18Z,103.0,Versa 4
2026-05-11T14:14:21Z,103.0,Versa 4
2026-05-11T14:14:24Z,102.0,Versa 4
2026-05-11T14:14:27Z,102.0,Versa 4
2026-05-11T14:14:28Z,101.0,Versa 4
2026-05-11T14:14:30Z,98.0,Versa 4
2026-05-11T14:14:32Z,96.0,Versa 4
2026-05-11T14:14:35Z,96.0,Versa 4
2026-05-11T14:14:38Z,96.0,Versa 4
2026-05-11T14:14:39Z,93.0,Versa 4
2026-05-11T14:14:41Z,92.0,Versa 4
2026-05-11T14:14:43Z,94.0,Versa 4
2026-05-11T14:14:45Z,95.0,Versa 4
2026-05-11T14:14:48Z,95.0,Versa 4
2026-05-11T14:14:49Z,98.0,Versa 4
2026-05-11T14:14:51Z,99.0,Versa 4
2026-05-11T14:14:53Z,100.0,Versa 4
2026-05-11T14:14:56Z,100.0,Versa 4
2026-05-11T14:14:58Z,96.0,Versa 4
2026-05-11T14:15:00Z,94.0,Versa 4
2026-05-11T14:15:03Z,94.0,Versa 4
2026-05-11T14:15:06Z,93.0,Versa 4
2026-05-11T14:15:08Z,92.0,Versa 4
2026-05-11T14:15:10Z,90.0,Versa 4
2026-05-11T14:15:12Z,91.0,Versa 4
2026-05-11T14:15:14Z,92.0,Versa 4
2026-05-11T14:15:17Z,92.0,Versa 4
2026-05-11T14:15:20Z,92.0,Versa 4
2026-05-11T14:15:23Z,93.0,Versa 4
2026-05-11T14:15:26Z,93.0,Versa 4
2026-05-11T14:15:27Z,96.0,Versa 4
2026-05-11T14:15:29Z,98.0,Versa 4
2026-05-11T14:15:32Z,98.0,Versa 4
2026-05-11T14:15:33Z,97.0,Versa 4
2026-05-11T14:15:35Z,98.0,Versa 4
2026-05-11T14:15:38Z,98.0,Versa 4
2026-05-11T14:15:39Z,99.0,Versa 4
2026-05-11T14:15:41Z,98.0,Versa 4
2026-05-11T14:15:43Z,96.0,Versa 4
2026-05-11T14:15:45Z,98.0,Versa 4
2026-05-11T14:15:46Z,100.0,Versa 4
2026-05-11T14:15:49Z,100.0,Versa 4
2026-05-11T14:15:50Z,101.0,Versa 4
2026-05-11T14:15:53Z,101.0,Versa 4
2026-05-11T14:15:56Z,97.0,Versa 4
2026-05-11T14:15:58Z,90.0,Versa 4
2026-05-11T14:16:00Z,87.0,Versa 4
2026-05-11T14:16:03Z,87.0,Versa 4
2026-05-11T14:16:04Z,90.0,Versa 4
2026-05-11T14:16:06Z,92.0,Versa 4
2026-05-11T14:16:08Z,89.0,Versa 4
2026-05-11T14:16:10Z,86.0,Versa 4
2026-05-11T14:16:13Z,84.0,Versa 4
2026-05-11T14:16:15Z,83.0,Versa 4
2026-05-11T14:16:17Z,84.0,Versa 4
2026-05-11T14:16:19Z,86.0,Versa 4
2026-05-11T14:16:21Z,87.0,Versa 4
2026-05-11T14:16:24Z,87.0,Versa 4
2026-05-11T14:16:25Z,86.0,Versa 4
2026-05-11T14:16:28Z,86.0,Versa 4
2026-05-11T14:16:31Z,88.0,Versa 4
2026-05-11T14:16:33Z,90.0,Versa 4
2026-05-11T14:16:36Z,91.0,Versa 4
2026-05-11T14:16:39Z,91.0,Versa 4
2026-05-11T14:16:40Z,92.0,Versa 4
2026-05-11T14:16:43Z,92.0,Versa 4
2026-05-11T14:16:44Z,93.0,Versa 4
2026-05-11T14:16:47Z,93.0,Versa 4
2026-05-11T14:16:48Z,92.0,Versa 4
2026-05-11T14:16:50Z,91.0,Versa 4
2026-05-11T14:16:52Z,86.0,Versa 4
2026-05-11T14:16:54Z,85.0,Versa 4
2026-05-11T14:16:56Z,86.0,Versa 4
2026-05-11T14:16:59Z,88.0,Versa 4
2026-05-11T14:17:01Z,92.0,Versa 4
2026-05-11T14:17:03Z,94.0,Versa 4
2026-05-11T14:17:06Z,94.0,Versa 4
2026-05-11T14:17:07Z,92.0,Versa 4
2026-05-11T14:17:09Z,93.0,Versa 4
2026-05-11T14:17:11Z,97.0,Versa 4
2026-05-11T14:17:13Z,99.0,Versa 4
2026-05-11T14:17:15Z,100.0,Versa 4
2026-05-11T14:17:17Z,101.0,Versa 4
2026-05-11T14:17:19Z,102.0,Versa 4
2026-05-11T14:17:21Z,103.0,Versa 4
2026-05-11T14:17:22Z,104.0,Versa 4
2026-05-11T14:17:24Z,106.0,Versa 4
2026-05-11T14:17:26Z,108.0,Versa 4
2026-05-11T14:17:28Z,107.0,Versa 4
2026-05-11T14:17:31Z,107.0,Versa 4
2026-05-11T14:17:32Z,106.0,Versa 4
2026-05-11T14:17:34Z,97.0,Versa 4
2026-05-11T14:17:36Z,93.0,Versa 4
2026-05-11T14:17:38Z,92.0,Versa 4
2026-05-11T14:17:40Z,91.0,Versa 4
2026-05-11T14:17:43Z,91.0,Versa 4
2026-05-11T14:17:46Z,92.0,Versa 4
2026-05-11T14:17:49Z,92.0,Versa 4
2026-05-11T14:17:51Z,91.0,Versa 4
2026-05-11T14:17:53Z,90.0,Versa 4
2026-05-11T14:17:56Z,90.0,Versa 4
2026-05-11T14:17:57Z,91.0,Versa 4
2026-05-11T14:17:59Z,90.0,Versa 4
2026-05-11T14:18:02Z,90.0,Versa 4
2026-05-11T14:18:03Z,92.0,Versa 4
2026-05-11T14:18:05Z,94.0,Versa 4
2026-05-11T14:18:07Z,93.0,Versa 4
2026-05-11T14:18:09Z,91.0,Versa 4
2026-05-11T14:18:10Z,90.0,Versa 4
2026-05-11T14:18:13Z,90.0,Versa 4
2026-05-11T14:18:14Z,88.0,Versa 4
2026-05-11T14:18:16Z,89.0,Versa 4
2026-05-11T14:18:18Z,90.0,Versa 4
2026-05-11T14:18:20Z,91.0,Versa 4
2026-05-11T14:18:22Z,92.0,Versa 4
2026-05-11T14:18:24Z,94.0,Versa 4
2026-05-11T14:18:27Z,94.0,Versa 4
2026-05-11T14:18:28Z,95.0,Versa 4
2026-05-11T14:18:30Z,100.0,Versa 4
2026-05-11T14:18:32Z,103.0,Versa 4
2026-05-11T14:18:35Z,102.0,Versa 4
2026-05-11T14:18:37Z,101.0,Versa 4
2026-05-11T14:18:39Z,98.0,Versa 4
2026-05-11T14:18:41Z,100.0,Versa 4
2026-05-11T14:18:43Z,103.0,Versa 4
2026-05-11T14:18:45Z,106.0,Versa 4
2026-05-11T14:18:47Z,107.0,Versa 4
2026-05-11T14:18:49Z,105.0,Versa 4
2026-05-11T14:18:51Z,104.0,Versa 4
2026-05-11T14:18:53Z,100.0,Versa 4
2026-05-11T14:18:55Z,96.0,Versa 4
2026-05-11T14:18:57Z,93.0,Versa 4
2026-05-11T14:18:58Z,91.0,Versa 4
2026-05-11T14:19:01Z,91.0,Versa 4
2026-05-11T14:19:02Z,93.0,Versa 4
2026-05-11T14:19:05Z,93.0,Versa 4
2026-05-11T14:19:06Z,94.0,Versa 4
2026-05-11T14:19:08Z,92.0,Versa 4
2026-05-11T14:19:10Z,89.0,Versa 4
2026-05-11T14:19:13Z,89.0,Versa 4
2026-05-11T14:19:14Z,90.0,Versa 4
2026-05-11T14:19:16Z,91.0,Versa 4
2026-05-11T14:19:18Z,90.0,Versa 4
2026-05-11T14:19:20Z,91.0,Versa 4
2026-05-11T14:19:23Z,92.0,Versa 4
2026-05-11T14:19:25Z,95.0,Versa 4
2026-05-11T14:19:27Z,97.0,Versa 4
2026-05-11T14:19:29Z,98.0,Versa 4
2026-05-11T14:19:31Z,99.0,Versa 4
2026-05-11T14:19:33Z,100.0,Versa 4
2026-05-11T14:19:35Z,101.0,Versa 4
2026-05-11T14:19:38Z,101.0,Versa 4
2026-05-11T14:19:39Z,103.0,Versa 4
2026-05-11T14:19:41Z,105.0,Versa 4
2026-05-11T14:19:43Z,104.0,Versa 4
2026-05-11T14:19:45Z,102.0,Versa 4
2026-05-11T14:19:46Z,100.0,Versa 4
2026-05-11T14:19:49Z,100.0,Versa 4
2026-05-11T14:19:50Z,100.0,Versa 4
2026-05-11T14:19:52Z,101.0,Versa 4
2026-05-11T14:19:54Z,102.0,Versa 4
2026-05-11T14:19:56Z,100.0,Versa 4
2026-05-11T14:19:59Z,100.0,Versa 4
2026-05-11T14:20:02Z,102.0,Versa 4
2026-05-11T14:20:04Z,104.0,Versa 4
2026-05-11T14:20:06Z,105.0,Versa 4
2026-05-11T14:20:08Z,106.0,Versa 4
2026-05-11T14:20:10Z,104.0,Versa 4
2026-05-11T14:20:11Z,101.0,Versa 4
2026-05-11T14:20:13Z,88.0,Versa 4
2026-05-11T14:20:15Z,83.0,Versa 4
2026-05-11T14:20:17Z,81.0,Versa 4
2026-05-11T14:20:19Z,83.0,Versa 4
2026-05-11T14:20:21Z,86.0,Versa 4
2026-05-11T14:20:23Z,85.0,Versa 4
2026-05-11T14:20:25Z,88.0,Versa 4
2026-05-11T14:20:27Z,90.0,Versa 4
2026-05-11T14:20:29Z,92.0,Versa 4
2026-05-11T14:20:32Z,92.0,Versa 4
2026-05-11T14:20:33Z,89.0,Versa 4
2026-05-11T14:20:36Z,89.0,Versa 4
2026-05-11T14:20:38Z,91.0,Versa 4
2026-05-11T14:20:40Z,92.0,Versa 4
2026-05-11T14:20:42Z,94.0,Versa 4
2026-05-11T14:20:44Z,96.0,Versa 4
2026-05-11T14:20:46Z,94.0,Versa 4
2026-05-11T14:20:48Z,95.0,Versa 4
2026-05-11T14:20:51Z,95.0,Versa 4
2026-05-11T14:20:52Z,94.0,Versa 4
2026-05-11T14:20:55Z,94.0,Versa 4
2026-05-11T14:20:56Z,96.0,Versa 4
2026-05-11T14:20:58Z,98.0,Versa 4
2026-05-11T14:20:59Z,97.0,Versa 4
2026-05-11T14:21:01Z,94.0,Versa 4
2026-05-11T14:21:03Z,90.0,Versa 4
2026-05-11T14:21:05Z,88.0,Versa 4
2026-05-11T14:21:07Z,89.0,Versa 4
2026-05-11T14:21:09Z,90.0,Versa 4
2026-05-11T14:21:12Z,90.0,Versa 4
2026-05-11T14:21:13Z,89.0,Versa 4
2026-05-11T14:21:15Z,91.0,Versa 4
2026-05-11T14:21:17Z,93.0,Versa 4
2026-05-11T14:21:19Z,92.0,Versa 4
2026-05-11T14:21:21Z,90.0,Versa 4
2026-05-11T14:21:22Z,89.0,Versa 4
2026-05-11T14:21:24Z,86.0,Versa 4
2026-05-11T14:21:26Z,84.0,Versa 4
2026-05-11T14:21:29Z,84.0,Versa 4
2026-05-11T14:21:32Z,85.0,Versa 4
2026-05-11T14:21:34Z,87.0,Versa 4
2026-05-11T14:21:37Z,87.0,Versa 4
2026-05-11T14:21:38Z,86.0,Versa 4
2026-05-11T14:21:40Z,87.0,Versa 4
2026-05-11T14:21:42Z,89.0,Versa 4
2026-05-11T14:21:44Z,90.0,Versa 4
2026-05-11T14:21:46Z,88.0,Versa 4
2026-05-11T14:21:47Z,87.0,Versa 4
2026-05-11T14:21:49Z,88.0,Versa 4
2026-05-11T14:21:51Z,90.0,Versa 4
2026-05-11T14:21:53Z,92.0,Versa 4
2026-05-11T14:21:55Z,93.0,Versa 4
2026-05-11T14:21:57Z,92.0,Versa 4
2026-05-11T14:22:00Z,92.0,Versa 4
2026-05-11T14:22:01Z,94.0,Versa 4
2026-05-11T14:22:03Z,95.0,Versa 4
2026-05-11T14:22:05Z,96.0,Versa 4
2026-05-11T14:22:07Z,98.0,Versa 4
2026-05-11T14:22:10Z,97.0,Versa 4
2026-05-11T14:22:12Z,96.0,Versa 4
2026-05-11T14:22:15Z,96.0,Versa 4
2026-05-11T14:22:16Z,97.0,Versa 4
2026-05-11T14:22:18Z,98.0,Versa 4
2026-05-11T14:22:20Z,96.0,Versa 4
2026-05-11T14:22:22Z,95.0,Versa 4
2026-05-11T14:22:25Z,95.0,Versa 4
2026-05-11T14:22:26Z,96.0,Versa 4
2026-05-11T14:22:28Z,97.0,Versa 4
2026-05-11T14:22:30Z,98.0,Versa 4
2026-05-11T14:22:32Z,103.0,Versa 4
2026-05-11T14:22:34Z,105.0,Versa 4
2026-05-11T14:22:35Z,106.0,Versa 4
2026-05-11T14:22:37Z,108.0,Versa 4
2026-05-11T14:22:39Z,109.0,Versa 4
2026-05-11T14:22:42Z,109.0,Versa 4
2026-05-11T14:22:43Z,105.0,Versa 4
2026-05-11T14:22:45Z,98.0,Versa 4
2026-05-11T14:22:47Z,99.0,Versa 4
2026-05-11T14:22:49Z,98.0,Versa 4
2026-05-11T14:22:51Z,94.0,Versa 4
2026-05-11T14:22:53Z,90.0,Versa 4
2026-05-11T14:22:55Z,93.0,Versa 4
2026-05-11T14:22:57Z,95.0,Versa 4
2026-05-11T14:22:58Z,93.0,Versa 4
2026-05-11T14:23:00Z,91.0,Versa 4
2026-05-11T14:23:02Z,88.0,Versa 4
2026-05-11T14:23:04Z,89.0,Versa 4
2026-05-11T14:23:07Z,89.0,Versa 4
2026-05-11T14:23:10Z,88.0,Versa 4
2026-05-11T14:23:12Z,85.0,Versa 4
2026-05-11T14:23:14Z,84.0,Versa 4
2026-05-11T14:23:17Z,84.0,Versa 4
2026-05-11T14:23:18Z,85.0,Versa 4
2026-05-11T14:23:21Z,85.0,Versa 4
2026-05-11T14:23:22Z,86.0,Versa 4
2026-05-11T14:23:23Z,83.0,Versa 4
2026-05-11T14:23:25Z,82.0,Versa 4
2026-05-11T14:23:28Z,82.0,Versa 4
2026-05-11T14:23:29Z,84.0,Versa 4
2026-05-11T14:23:31Z,86.0,Versa 4
2026-05-11T14:23:33Z,88.0,Versa 4
2026-05-11T14:23:35Z,90.0,Versa 4
2026-05-11T14:23:38Z,90.0,Versa 4
2026-05-11T14:23:39Z,89.0,Versa 4
2026-05-11T14:23:41Z,90.0,Versa 4
2026-05-11T14:23:44Z,90.0,Versa 4
2026-05-11T14:23:45Z,88.0,Versa 4
2026-05-11T14:23:46Z,82.0,Versa 4
2026-05-11T14:23:48Z,79.0,Versa 4
2026-05-11T14:23:50Z,78.0,Versa 4
2026-05-11T14:23:52Z,79.0,Versa 4
2026-05-11T14:23:54Z,81.0,Versa 4
2026-05-11T14:23:56Z,82.0,Versa 4
2026-05-11T14:23:58Z,85.0,Versa 4
2026-05-11T14:24:00Z,87.0,Versa 4
2026-05-11T14:24:03Z,87.0,Versa 4
2026-05-11T14:24:06Z,87.0,Versa 4
2026-05-11T14:24:09Z,87.0,Versa 4
2026-05-11T14:24:10Z,89.0,Versa 4
2026-05-11T14:24:13Z,89.0,Versa 4
2026-05-11T14:24:15Z,90.0,Versa 4
2026-05-11T14:24:17Z,91.0,Versa 4
2026-05-11T14:24:20Z,91.0,Versa 4
2026-05-11T14:24:21Z,91.0,Versa 4
2026-05-11T14:24:23Z,93.0,Versa 4
2026-05-11T14:24:25Z,96.0,Versa 4
2026-05-11T14:24:27Z,98.0,Versa 4
2026-05-11T14:24:29Z,99.0,Versa 4
2026-05-11T14:24:31Z,98.0,Versa 4
2026-05-11T14:24:34Z,98.0,Versa 4
2026-05-11T14:24:37Z,98.0,Versa 4
2026-05-11T14:24:38Z,95.0,Versa 4
2026-05-11T14:24:40Z,93.0,Versa 4
2026-05-11T14:24:42Z,92.0,Versa 4
2026-05-11T14:24:44Z,90.0,Versa 4
2026-05-11T14:24:46Z,91.0,Versa 4
2026-05-11T14:24:48Z,92.0,Versa 4
2026-05-11T14:24:51Z,92.0,Versa 4
2026-05-11T14:24:52Z,93.0,Versa 4
2026-05-11T14:24:55Z,93.0,Versa 4
2026-05-11T14:24:58Z,93.0,Versa 4
2026-05-11T14:25:01Z,95.0,Versa 4
2026-05-11T14:25:03Z,94.0,Versa 4
2026-05-11T14:25:06Z,94.0,Versa 4
2026-05-11T14:25:09Z,94.0,Versa 4
2026-05-11T14:25:11Z,93.0,Versa 4
2026-05-11T14:25:13Z,94.0,Versa 4
2026-05-11T14:25:15Z,96.0,Versa 4
2026-05-11T14:25:17Z,97.0,Versa 4
2026-05-11T14:25:19Z,94.0,Versa 4
2026-05-11T14:25:21Z,92.0,Versa 4
2026-05-11T14:25:22Z,90.0,Versa 4
2026-05-11T14:25:24Z,91.0,Versa 4
2026-05-11T14:25:26Z,92.0,Versa 4
2026-05-11T14:25:28Z,94.0,Versa 4
2026-05-11T14:25:30Z,95.0,Versa 4
2026-05-11T14:25:33Z,95.0,Versa 4
2026-05-11T14:25:34Z,94.0,Versa 4
2026-05-11T14:25:36Z,95.0,Versa 4
2026-05-11T14:25:39Z,95.0,Versa 4
2026-05-11T14:25:40Z,94.0,Versa 4
2026-05-11T14:25:42Z,95.0,Versa 4
2026-05-11T14:25:44Z,96.0,Versa 4
2026-05-11T14:25:46Z,94.0,Versa 4
2026-05-11T14:25:47Z,92.0,Versa 4
2026-05-11T14:25:49Z,90.0,Versa 4
2026-05-11T14:25:51Z,94.0,Versa 4
2026-05-11T14:25:53Z,93.0,Versa 4
2026-05-11T14:25:55Z,90.0,Versa 4
2026-05-11T14:25:57Z,89.0,Versa 4
2026-05-11T14:26:00Z,89.0,Versa 4
2026-05-11T14:26:01Z,88.0,Versa 4
2026-05-11T14:26:03Z,89.0,Versa 4
2026-05-11T14:26:05Z,91.0,Versa 4
2026-05-11T14:26:07Z,92.0,Versa 4
2026-05-11T14:26:09Z,91.0,Versa 4
2026-05-11T14:26:10Z,88.0,Versa 4
2026-05-11T14:26:12Z,86.0,Versa 4
2026-05-11T14:26:15Z,86.0,Versa 4
2026-05-11T14:26:16Z,87.0,Versa 4
2026-05-11T14:26:18Z,88.0,Versa 4
2026-05-11T14:26:20Z,90.0,Versa 4
2026-05-11T14:26:22Z,93.0,Versa 4
2026-05-11T14:26:24Z,94.0,Versa 4
2026-05-11T14:26:26Z,90.0,Versa 4
2026-05-11T14:26:28Z,89.0,Versa 4
2026-05-11T14:26:30Z,90.0,Versa 4
2026-05-11T14:26:32Z,91.0,Versa 4
2026-05-11T14:26:34Z,93.0,Versa 4
2026-05-11T14:26:35Z,94.0,Versa 4
2026-05-11T14:26:37Z,97.0,Versa 4
2026-05-11T14:26:39Z,98.0,Versa 4
2026-05-11T14:26:42Z,98.0,Versa 4
2026-05-11T14:26:43Z,97.0,Versa 4
2026-05-11T14:26:45Z,94.0,Versa 4
2026-05-11T14:26:47Z,92.0,Versa 4
2026-05-11T14:26:50Z,92.0,Versa 4
2026-05-11T14:26:51Z,94.0,Versa 4
2026-05-11T14:26:54Z,94.0,Versa 4
2026-05-11T14:26:55Z,93.0,Versa 4
2026-05-11T14:26:58Z,93.0,Versa 4
2026-05-11T14:27:01Z,93.0,Versa 4
2026-05-11T14:27:02Z,92.0,Versa 4
2026-05-11T14:27:04Z,90.0,Versa 4
2026-05-11T14:27:06Z,88.0,Versa 4
2026-05-11T14:27:08Z,86.0,Versa 4
2026-05-11T14:27:10Z,88.0,Versa 4
2026-05-11T14:27:12Z,90.0,Versa 4
2026-05-11T14:27:14Z,91.0,Versa 4
2026-05-11T14:27:16Z,92.0,Versa 4
2026-05-11T14:27:18Z,95.0,Versa 4
2026-05-11T14:27:20Z,96.0,Versa 4
2026-05-11T14:27:22Z,97.0,Versa 4
2026-05-11T14:27:23Z,98.0,Versa 4
2026-05-11T14:27:25Z,96.0,Versa 4
2026-05-11T14:27:27Z,94.0,Versa 4
2026-05-11T14:27:29Z,91.0,Versa 4
2026-05-11T14:27:31Z,90.0,Versa 4
2026-05-11T14:27:33Z,95.0,Versa 4
2026-05-11T14:27:36Z,95.0,Versa 4
2026-05-11T14:27:37Z,93.0,Versa 4
2026-05-11T14:27:39Z,91.0,Versa 4
2026-05-11T14:27:41Z,93.0,Versa 4
2026-05-11T14:27:43Z,95.0,Versa 4
2026-05-11T14:27:45Z,93.0,Versa 4
2026-05-11T14:27:46Z,86.0,Versa 4
2026-05-11T14:27:48Z,81.0,Versa 4
2026-05-11T14:27:51Z,81.0,Versa 4
2026-05-11T14:27:52Z,83.0,Versa 4
2026-05-11T14:27:55Z,83.0,Versa 4
2026-05-11T14:27:56Z,84.0,Versa 4
2026-05-11T14:27:58Z,86.0,Versa 4
2026-05-11T14:28:00Z,87.0,Versa 4
2026-05-11T14:28:02Z,88.0,Versa 4
2026-05-11T14:28:04Z,86.0,Versa 4
2026-05-11T14:28:06Z,88.0,Versa 4
2026-05-11T14:28:08Z,90.0,Versa 4
2026-05-11T14:28:10Z,92.0,Versa 4
2026-05-11T14:28:13Z,93.0,Versa 4
2026-05-11T14:28:16Z,93.0,Versa 4
2026-05-11T14:28:19Z,95.0,Versa 4
2026-05-11T14:28:21Z,96.0,Versa 4
2026-05-11T14:28:24Z,96.0,Versa 4
2026-05-11T14:28:25Z,95.0,Versa 4
2026-05-11T14:28:27Z,94.0,Versa 4
2026-05-11T14:28:29Z,91.0,Versa 4
2026-05-11T14:28:31Z,89.0,Versa 4
2026-05-11T14:28:33Z,88.0,Versa 4
2026-05-11T14:28:36Z,88.0,Versa 4
2026-05-11T14:28:38Z,87.0,Versa 4
2026-05-11T14:28:40Z,85.0,Versa 4
2026-05-11T14:28:42Z,84.0,Versa 4
2026-05-11T14:28:45Z,84.0,Versa 4
2026-05-11T14:28:46Z,87.0,Versa 4
2026-05-11T14:28:48Z,89.0,Versa 4
2026-05-11T14:28:50Z,90.0,Versa 4
2026-05-11T14:28:52Z,91.0,Versa 4
2026-05-11T14:28:55Z,91.0,Versa 4
2026-05-11T14:28:56Z,88.0,Versa 4
2026-05-11T14:28:58Z,88.0,Versa 4
2026-05-11T14:29:01Z,88.0,Versa 4
2026-05-11T14:29:04Z,88.0,Versa 4
2026-05-11T14:29:05Z,87.0,Versa 4
2026-05-11T14:29:07Z,88.0,Versa 4
2026-05-11T14:29:10Z,88.0,Versa 4
2026-05-11T14:29:13Z,89.0,Versa 4
2026-05-11T14:29:16Z,89.0,Versa 4
2026-05-11T14:29:17Z,90.0,Versa 4
2026-05-11T14:29:20Z,90.0,Versa 4
2026-05-11T14:29:21Z,89.0,Versa 4
2026-05-11T14:29:22Z,88.0,Versa 4
2026-05-11T14:29:24Z,91.0,Versa 4
2026-05-11T14:29:26Z,96.0,Versa 4
2026-05-11T14:29:28Z,97.0,Versa 4
2026-05-11T14:29:31Z,97.0,Versa 4
2026-05-11T14:29:32Z,95.0,Versa 4
2026-05-11T14:29:34Z,94.0,Versa 4
2026-05-11T14:29:36Z,95.0,Versa 4
2026-05-11T14:29:38Z,97.0,Versa 4
2026-05-11T14:29:40Z,98.0,Versa 4
2026-05-11T14:29:42Z,97.0,Versa 4
2026-05-11T14:29:44Z,92.0,Versa 4
2026-05-11T14:29:46Z,87.0,Versa 4
2026-05-11T14:29:47Z,85.0,Versa 4
2026-05-11T14:29:49Z,86.0,Versa 4
2026-05-11T14:29:51Z,87.0,Versa 4
2026-05-11T14:29:53Z,89.0,Versa 4
2026-05-11T14:29:55Z,87.0,Versa 4
2026-05-11T14:29:57Z,86.0,Versa 4
2026-05-11T14:29:59Z,85.0,Versa 4
2026-05-11T14:30:01Z,86.0,Versa 4
2026-05-11T14:30:03Z,92.0,Versa 4
2026-05-11T14:30:05Z,96.0,Versa 4
2026-05-11T14:30:07Z,100.0,Versa 4
2026-05-11T14:30:09Z,103.0,Versa 4
2026-05-11T14:30:10Z,104.0,Versa 4
2026-05-11T14:30:12Z,103.0,Versa 4
2026-05-11T14:30:15Z,103.0,Versa 4
2026-05-11T14:30:16Z,106.0,Versa 4
2026-05-11T14:30:18Z,108.0,Versa 4
2026-05-11T14:30:20Z,109.0,Versa 4
2026-05-11T14:30:23Z,109.0,Versa 4
2026-05-11T14:30:24Z,106.0,Versa 4
2026-05-11T14:30:26Z,103.0,Versa 4
2026-05-11T14:30:28Z,102.0,Versa 4
2026-05-11T14:30:30Z,101.0,Versa 4
2026-05-11T14:30:32Z,95.0,Versa 4
2026-05-11T14:30:34Z,93.0,Versa 4
2026-05-11T14:30:35Z,92.0,Versa 4
2026-05-11T14:30:37Z,91.0,Versa 4
2026-05-11T14:30:39Z,92.0,Versa 4
2026-05-11T14:30:42Z,92.0,Versa 4
2026-05-11T14:30:43Z,93.0,Versa 4
2026-05-11T14:30:45Z,91.0,Versa 4
2026-05-11T14:30:47Z,90.0,Versa 4
2026-05-11T14:30:50Z,90.0,Versa 4
2026-05-11T14:30:53Z,91.0,Versa 4
2026-05-11T14:30:55Z,89.0,Versa 4
2026-05-11T14:30:58Z,92.0,Versa 4
2026-05-11T14:31:00Z,87.0,Versa 4
2026-05-11T14:31:02Z,89.0,Versa 4
2026-05-11T14:31:04Z,90.0,Versa 4
2026-05-11T14:31:06Z,89.0,Versa 4
2026-05-11T14:31:08Z,88.0,Versa 4
2026-05-11T14:31:10Z,87.0,Versa 4
2026-05-11T14:31:12Z,86.0,Versa 4
2026-05-11T14:31:14Z,88.0,Versa 4
2026-05-11T14:31:16Z,89.0,Versa 4
2026-05-11T14:31:18Z,88.0,Versa 4
2026-05-11T14:31:20Z,90.0,Versa 4
2026-05-11T14:31:23Z,88.0,Versa 4
2026-05-11T14:31:25Z,85.0,Versa 4
2026-05-11T14:31:27Z,84.0,Versa 4
2026-05-11T14:31:29Z,83.0,Versa 4
2026-05-11T14:31:31Z,84.0,Versa 4
2026-05-11T14:31:33Z,85.0,Versa 4
2026-05-11T14:31:35Z,86.0,Versa 4
2026-05-11T14:31:38Z,86.0,Versa 4
2026-05-11T14:31:39Z,85.0,Versa 4
2026-05-11T14:31:41Z,86.0,Versa 4
2026-05-11T14:31:44Z,86.0,Versa 4
2026-05-11T14:31:46Z,88.0,Versa 4
2026-05-11T14:31:48Z,90.0,Versa 4
2026-05-11T14:31:50Z,92.0,Versa 4
2026-05-11T14:31:52Z,96.0,Versa 4
2026-05-11T14:31:54Z,98.0,Versa 4
2026-05-11T14:31:56Z,102.0,Versa 4
2026-05-11T14:31:58Z,104.0,Versa 4
2026-05-11T14:32:00Z,105.0,Versa 4
2026-05-11T14:32:03Z,105.0,Versa 4
2026-05-11T14:32:04Z,103.0,Versa 4
2026-05-11T14:32:06Z,99.0,Versa 4
2026-05-11T14:32:08Z,97.0,Versa 4
2026-05-11T14:32:10Z,98.0,Versa 4
2026-05-11T14:32:11Z,99.0,Versa 4
2026-05-11T14:32:13Z,98.0,Versa 4
2026-05-11T14:32:15Z,95.0,Versa 4
2026-05-11T14:32:17Z,94.0,Versa 4
2026-05-11T14:32:20Z,94.0,Versa 4
2026-05-11T14:32:21Z,95.0,Versa 4
2026-05-11T14:32:23Z,96.0,Versa 4
2026-05-11T14:32:26Z,96.0,Versa 4
2026-05-11T14:32:27Z,93.0,Versa 4
2026-05-11T14:32:29Z,92.0,Versa 4
2026-05-11T14:32:32Z,92.0,Versa 4
2026-05-11T14:32:34Z,95.0,Versa 4
2026-05-11T14:32:36Z,98.0,Versa 4
2026-05-11T14:32:39Z,98.0,Versa 4
2026-05-11T14:32:42Z,98.0,Versa 4
2026-05-11T14:32:44Z,99.0,Versa 4
2026-05-11T14:32:46Z,100.0,Versa 4
2026-05-11T14:32:49Z,100.0,Versa 4
2026-05-11T14:32:52Z,102.0,Versa 4
2026-05-11T14:32:55Z,102.0,Versa 4
2026-05-11T14:32:58Z,101.0,Versa 4
2026-05-11T14:32:59Z,102.0,Versa 4
2026-05-11T14:33:01Z,101.0,Versa 4
2026-05-11T14:33:03Z,98.0,Versa 4
2026-05-11T14:33:05Z,95.0,Versa 4
2026-05-11T14:33:07Z,92.0,Versa 4
2026-05-11T14:33:09Z,89.0,Versa 4
2026-05-11T14:33:11Z,90.0,Versa 4
2026-05-11T14:33:13Z,92.0,Versa 4
2026-05-11T14:33:15Z,94.0,Versa 4
2026-05-11T14:33:17Z,96.0,Versa 4
2026-05-11T14:33:20Z,96.0,Versa 4
2026-05-11T14:33:23Z,96.0,Versa 4
2026-05-11T14:33:24Z,94.0,Versa 4
2026-05-11T14:33:26Z,90.0,Versa 4
2026-05-11T14:33:28Z,88.0,Versa 4
2026-05-11T14:33:30Z,88.0,Versa 4
2026-05-11T14:33:32Z,89.0,Versa 4
2026-05-11T14:33:34Z,90.0,Versa 4
2026-05-11T14:33:36Z,90.0,Versa 4
2026-05-11T14:33:38Z,88.0,Versa 4
2026-05-11T14:33:41Z,88.0,Versa 4
2026-05-11T14:33:42Z,89.0,Versa 4
2026-05-11T14:33:45Z,89.0,Versa 4
2026-05-11T14:33:46Z,90.0,Versa 4
2026-05-11T14:33:47Z,91.0,Versa 4
2026-05-11T14:33:49Z,92.0,Versa 4
2026-05-11T14:33:51Z,91.0,Versa 4
2026-05-11T14:33:53Z,90.0,Versa 4
2026-05-11T14:33:55Z,88.0,Versa 4
2026-05-11T14:33:57Z,89.0,Versa 4
2026-05-11T14:33:59Z,92.0,Versa 4
2026-05-11T14:34:02Z,92.0,Versa 4
2026-05-11T14:34:03Z,93.0,Versa 4
2026-05-11T14:34:05Z,94.0,Versa 4
2026-05-11T14:34:08Z,94.0,Versa 4
2026-05-11T14:34:10Z,96.0,Versa 4
2026-05-11T14:34:12Z,98.0,Versa 4
2026-05-11T14:34:14Z,99.0,Versa 4
2026-05-11T14:34:17Z,99.0,Versa 4
2026-05-11T14:34:18Z,98.0,Versa 4
2026-05-11T14:34:21Z,98.0,Versa 4
2026-05-11T14:34:24Z,98.0,Versa 4
2026-05-11T14:34:27Z,98.0,Versa 4
2026-05-11T14:34:28Z,96.0,Versa 4
2026-05-11T14:34:30Z,93.0,Versa 4
2026-05-11T14:34:32Z,91.0,Versa 4
2026-05-11T14:34:34Z,90.0,Versa 4
2026-05-11T14:34:37Z,89.0,Versa 4
2026-05-11T14:34:39Z,90.0,Versa 4
2026-05-11T14:34:42Z,90.0,Versa 4
2026-05-11T14:34:43Z,88.0,Versa 4
2026-05-11T14:34:45Z,86.0,Versa 4
2026-05-11T14:34:48Z,86.0,Versa 4
2026-05-11T14:34:49Z,88.0,Versa 4
2026-05-11T14:34:51Z,89.0,Versa 4
2026-05-11T14:34:53Z,86.0,Versa 4
2026-05-11T14:34:55Z,84.0,Versa 4
2026-05-11T14:34:58Z,86.0,Versa 4
2026-05-11T14:35:00Z,87.0,Versa 4
2026-05-11T14:35:03Z,87.0,Versa 4
2026-05-11T14:35:04Z,88.0,Versa 4
2026-05-11T14:35:06Z,87.0,Versa 4
2026-05-11T14:35:08Z,85.0,Versa 4
2026-05-11T14:35:10Z,84.0,Versa 4
2026-05-11T14:35:12Z,85.0,Versa 4
2026-05-11T14:35:14Z,86.0,Versa 4
2026-05-11T14:35:17Z,86.0,Versa 4
2026-05-11T14:35:20Z,87.0,Versa 4
2026-05-11T14:35:22Z,90.0,Versa 4
2026-05-11T14:35:23Z,91.0,Versa 4
2026-05-11T14:35:26Z,91.0,Versa 4
2026-05-11T14:35:27Z,89.0,Versa 4
2026-05-11T14:35:29Z,86.0,Versa 4
2026-05-11T14:35:31Z,85.0,Versa 4
2026-05-11T14:35:33Z,84.0,Versa 4
2026-05-11T14:35:36Z,84.0,Versa 4
2026-05-11T14:35:37Z,88.0,Versa 4
2026-05-11T14:35:39Z,90.0,Versa 4
2026-05-11T14:35:42Z,90.0,Versa 4
2026-05-11T14:35:43Z,94.0,Versa 4
2026-05-11T14:35:45Z,97.0,Versa 4
2026-05-11T14:35:46Z,98.0,Versa 4
2026-05-11T14:35:48Z,97.0,Versa 4
2026-05-11T14:35:51Z,97.0,Versa 4
2026-05-11T14:35:52Z,98.0,Versa 4
2026-05-11T14:35:55Z,98.0,Versa 4
2026-05-11T14:35:56Z,99.0,Versa 4
2026-05-11T14:35:58Z,101.0,Versa 4
2026-05-11T14:36:00Z,102.0,Versa 4
2026-05-11T14:36:02Z,103.0,Versa 4
2026-05-11T14:36:04Z,102.0,Versa 4
2026-05-11T14:36:06Z,101.0,Versa 4
2026-05-11T14:36:09Z,101.0,Versa 4
2026-05-11T14:36:10Z,102.0,Versa 4
2026-05-11T14:36:11Z,105.0,Versa 4
2026-05-11T14:36:13Z,104.0,Versa 4
2026-05-11T14:36:15Z,102.0,Versa 4
2026-05-11T14:36:18Z,102.0,Versa 4
2026-05-11T14:36:19Z,97.0,Versa 4
2026-05-11T14:36:21Z,88.0,Versa 4
2026-05-11T14:36:23Z,85.0,Versa 4
2026-05-11T14:36:25Z,83.0,Versa 4
2026-05-11T14:36:28Z,83.0,Versa 4
2026-05-11T14:36:31Z,84.0,Versa 4
2026-05-11T14:36:33Z,87.0,Versa 4
2026-05-11T14:36:34Z,88.0,Versa 4
2026-05-11T14:36:36Z,89.0,Versa 4
2026-05-11T14:36:38Z,90.0,Versa 4
2026-05-11T14:36:40Z,92.0,Versa 4
2026-05-11T14:36:43Z,92.0,Versa 4
2026-05-11T14:36:46Z,93.0,Versa 4
2026-05-11T14:36:48Z,95.0,Versa 4
2026-05-11T14:36:50Z,97.0,Versa 4
2026-05-11T14:36:52Z,96.0,Versa 4
2026-05-11T14:36:54Z,97.0,Versa 4
2026-05-11T14:36:57Z,97.0,Versa 4
2026-05-11T14:36:59Z,96.0,Versa 4
2026-05-11T14:37:01Z,94.0,Versa 4
2026-05-11T14:37:04Z,94.0,Versa 4
2026-05-11T14:37:07Z,92.0,Versa 4
2026-05-11T14:37:09Z,91.0,Versa 4
2026-05-11T14:37:12Z,91.0,Versa 4
2026-05-11T14:37:15Z,92.0,Versa 4
2026-05-11T14:37:17Z,94.0,Versa 4
2026-05-11T14:37:19Z,93.0,Versa 4
2026-05-11T14:37:21Z,89.0,Versa 4
2026-05-11T14:37:22Z,87.0,Versa 4
2026-05-11T14:37:25Z,87.0,Versa 4
2026-05-11T14:37:28Z,87.0,Versa 4
2026-05-11T14:37:31Z,87.0,Versa 4
2026-05-11T14:37:34Z,88.0,Versa 4
2026-05-11T14:37:36Z,91.0,Versa 4
2026-05-11T14:37:38Z,92.0,Versa 4
2026-05-11T14:37:41Z,92.0,Versa 4
2026-05-11T14:37:44Z,91.0,Versa 4
2026-05-11T14:37:46Z,93.0,Versa 4
2026-05-11T14:37:47Z,95.0,Versa 4
2026-05-11T14:37:50Z,95.0,Versa 4
2026-05-11T14:37:51Z,94.0,Versa 4
2026-05-11T14:37:54Z,94.0,Versa 4
2026-05-11T14:37:55Z,95.0,Versa 4
2026-05-11T14:37:57Z,97.0,Versa 4
2026-05-11T14:38:00Z,97.0,Versa 4
2026-05-11T14:38:01Z,96.0,Versa 4
2026-05-11T14:38:03Z,94.0,Versa 4
2026-05-11T14:38:05Z,93.0,Versa 4
2026-05-11T14:38:07Z,94.0,Versa 4
2026-05-11T14:38:09Z,97.0,Versa 4
2026-05-11T14:38:10Z,99.0,Versa 4
2026-05-11T14:38:12Z,96.0,Versa 4
2026-05-11T14:38:14Z,91.0,Versa 4
2026-05-11T14:38:16Z,90.0,Versa 4
2026-05-11T14:38:18Z,91.0,Versa 4
2026-05-11T14:38:20Z,94.0,Versa 4
2026-05-11T14:38:22Z,92.0,Versa 4
2026-05-11T14:38:24Z,91.0,Versa 4
2026-05-11T14:38:26Z,90.0,Versa 4
2026-05-11T14:38:28Z,89.0,Versa 4
2026-05-11T14:38:30Z,91.0,Versa 4
2026-05-11T14:38:32Z,90.0,Versa 4
2026-05-11T14:38:34Z,89.0,Versa 4
2026-05-11T14:38:37Z,90.0,Versa 4
2026-05-11T14:38:39Z,91.0,Versa 4
2026-05-11T14:38:41Z,93.0,Versa 4
2026-05-11T14:38:43Z,95.0,Versa 4
2026-05-11T14:38:45Z,96.0,Versa 4
2026-05-11T14:38:48Z,96.0,Versa 4
2026-05-11T14:38:49Z,97.0,Versa 4
2026-05-11T14:38:51Z,96.0,Versa 4
2026-05-11T14:38:54Z,96.0,Versa 4
2026-05-11T14:38:55Z,97.0,Versa 4
2026-05-11T14:38:57Z,98.0,Versa 4
2026-05-11T14:38:58Z,99.0,Versa 4
2026-05-11T14:39:01Z,99.0,Versa 4
2026-05-11T14:39:04Z,98.0,Versa 4
2026-05-11T14:39:07Z,98.0,Versa 4
2026-05-11T14:39:10Z,97.0,Versa 4
2026-05-11T14:39:13Z,97.0,Versa 4
2026-05-11T14:39:16Z,97.0,Versa 4
2026-05-11T14:39:18Z,96.0,Versa 4
2026-05-11T14:39:20Z,95.0,Versa 4
2026-05-11T14:39:23Z,92.0,Versa 4
2026-05-11T14:39:25Z,91.0,Versa 4
2026-05-11T14:39:28Z,91.0,Versa 4
2026-05-11T14:39:29Z,93.0,Versa 4
2026-05-11T14:39:31Z,94.0,Versa 4
2026-05-11T14:39:33Z,93.0,Versa 4
2026-05-11T14:39:36Z,93.0,Versa 4
2026-05-11T14:39:37Z,94.0,Versa 4
2026-05-11T14:39:39Z,95.0,Versa 4
2026-05-11T14:39:41Z,93.0,Versa 4
2026-05-11T14:39:44Z,93.0,Versa 4
2026-05-11T14:39:45Z,94.0,Versa 4
2026-05-11T14:39:46Z,92.0,Versa 4
2026-05-11T14:39:48Z,89.0,Versa 4
2026-05-11T14:39:50Z,88.0,Versa 4
2026-05-11T14:39:52Z,89.0,Versa 4
2026-05-11T14:39:55Z,89.0,Versa 4
2026-05-11T14:39:56Z,90.0,Versa 4
2026-05-11T14:39:59Z,90.0,Versa 4
2026-05-11T14:40:00Z,88.0,Versa 4
2026-05-11T14:40:02Z,86.0,Versa 4
2026-05-11T14:40:05Z,86.0,Versa 4
2026-05-11T14:40:06Z,87.0,Versa 4
2026-05-11T14:40:08Z,88.0,Versa 4
2026-05-11T14:40:10Z,89.0,Versa 4
2026-05-11T14:40:11Z,90.0,Versa 4
2026-05-11T14:40:13Z,89.0,Versa 4
2026-05-11T14:40:16Z,89.0,Versa 4
2026-05-11T14:40:17Z,91.0,Versa 4
2026-05-11T14:40:20Z,91.0,Versa 4
2026-05-11T14:40:21Z,90.0,Versa 4
2026-05-11T14:40:23Z,91.0,Versa 4
2026-05-11T14:40:25Z,93.0,Versa 4
2026-05-11T14:40:27Z,94.0,Versa 4
2026-05-11T14:40:30Z,94.0,Versa 4
2026-05-11T14:40:31Z,92.0,Versa 4
2026-05-11T14:40:33Z,90.0,Versa 4
2026-05-11T14:40:34Z,91.0,Versa 4
2026-05-11T14:40:36Z,92.0,Versa 4
2026-05-11T14:40:39Z,92.0,Versa 4
2026-05-11T14:40:40Z,91.0,Versa 4
2026-05-11T14:40:43Z,91.0,Versa 4
2026-05-11T14:40:44Z,92.0,Versa 4
2026-05-11T14:40:46Z,94.0,Versa 4
2026-05-11T14:40:48Z,93.0,Versa 4
2026-05-11T14:40:50Z,91.0,Versa 4
2026-05-11T14:40:52Z,88.0,Versa 4
2026-05-11T14:40:54Z,86.0,Versa 4
2026-05-11T14:40:57Z,86.0,Versa 4
2026-05-11T14:40:59Z,87.0,Versa 4
2026-05-11T14:41:01Z,89.0,Versa 4
2026-05-11T14:41:03Z,91.0,Versa 4
2026-05-11T14:41:06Z,91.0,Versa 4
2026-05-11T14:41:07Z,88.0,Versa 4
2026-05-11T14:41:09Z,86.0,Versa 4
2026-05-11T14:41:12Z,86.0,Versa 4
2026-05-11T14:41:13Z,89.0,Versa 4
2026-05-11T14:41:15Z,91.0,Versa 4
2026-05-11T14:41:17Z,90.0,Versa 4
2026-05-11T14:41:19Z,89.0,Versa 4
2026-05-11T14:41:21Z,96.0,Versa 4
2026-05-11T14:41:22Z,101.0,Versa 4
2026-05-11T14:41:24Z,102.0,Versa 4
2026-05-11T14:41:26Z,98.0,Versa 4
2026-05-11T14:41:28Z,95.0,Versa 4
2026-05-11T14:41:30Z,94.0,Versa 4
2026-05-11T14:41:33Z,94.0,Versa 4
2026-05-11T14:41:36Z,91.0,Versa 4
2026-05-11T14:41:38Z,89.0,Versa 4
2026-05-11T14:41:40Z,88.0,Versa 4
2026-05-11T14:41:42Z,89.0,Versa 4
2026-05-11T14:41:45Z,89.0,Versa 4
2026-05-11T14:41:46Z,88.0,Versa 4
2026-05-11T14:41:47Z,87.0,Versa 4
2026-05-11T14:41:49Z,86.0,Versa 4
2026-05-11T14:41:51Z,87.0,Versa 4
2026-05-11T14:41:53Z,88.0,Versa 4
2026-05-11T14:41:55Z,88.0,Versa 4
2026-05-11T14:41:57Z,88.0,Versa 4
2026-05-11T14:41:59Z,87.0,Versa 4
2026-05-11T14:42:01Z,90.0,Versa 4
2026-05-11T14:42:03Z,91.0,Versa 4
2026-05-11T14:42:06Z,91.0,Versa 4
2026-05-11T14:42:07Z,92.0,Versa 4
2026-05-11T14:42:09Z,93.0,Versa 4
2026-05-11T14:42:10Z,92.0,Versa 4
2026-05-11T14:42:13Z,92.0,Versa 4
2026-05-11T14:42:14Z,91.0,Versa 4
2026-05-11T14:42:16Z,92.0,Versa 4
2026-05-11T14:42:18Z,94.0,Versa 4
2026-05-11T14:42:21Z,94.0,Versa 4
2026-05-11T14:42:22Z,95.0,Versa 4
2026-05-11T14:42:24Z,96.0,Versa 4
2026-05-11T14:42:26Z,97.0,Versa 4
2026-05-11T14:42:28Z,98.0,Versa 4
2026-05-11T14:42:30Z,99.0,Versa 4
2026-05-11T14:42:32Z,97.0,Versa 4
2026-05-11T14:42:34Z,98.0,Versa 4
2026-05-11T14:42:35Z,97.0,Versa 4
2026-05-11T14:42:37Z,96.0,Versa 4
2026-05-11T14:42:39Z,94.0,Versa 4
2026-05-11T14:42:41Z,92.0,Versa 4
2026-05-11T14:42:43Z,91.0,Versa 4
2026-05-11T14:42:45Z,90.0,Versa 4
2026-05-11T14:42:47Z,92.0,Versa 4
2026-05-11T14:42:50Z,92.0,Versa 4
2026-05-11T14:42:51Z,90.0,Versa 4
2026-05-11T14:42:53Z,88.0,Versa 4
2026-05-11T14:42:55Z,89.0,Versa 4
2026-05-11T14:42:57Z,91.0,Versa 4
2026-05-11T14:42:58Z,92.0,Versa 4
2026-05-11T14:43:01Z,92.0,Versa 4
2026-05-11T14:43:02Z,91.0,Versa 4
2026-05-11T14:43:04Z,90.0,Versa 4
2026-05-11T14:43:06Z,91.0,Versa 4
2026-05-11T14:43:08Z,93.0,Versa 4
2026-05-11T14:43:10Z,95.0,Versa 4
2026-05-11T14:43:12Z,96.0,Versa 4
2026-05-11T14:43:15Z,96.0,Versa 4
2026-05-11T14:43:16Z,95.0,Versa 4
2026-05-11T14:43:19Z,95.0,Versa 4
2026-05-11T14:43:20Z,98.0,Versa 4
2026-05-11T14:43:22Z,100.0,Versa 4
2026-05-11T14:43:25Z,100.0,Versa 4
2026-05-11T14:43:28Z,100.0,Versa 4
2026-05-11T14:43:29Z,99.0,Versa 4
2026-05-11T14:43:31Z,97.0,Versa 4
2026-05-11T14:43:33Z,98.0,Versa 4
2026-05-11T14:43:35Z,99.0,Versa 4
2026-05-11T14:43:37Z,97.0,Versa 4
2026-05-11T14:43:39Z,94.0,Versa 4
2026-05-11T14:43:41Z,92.0,Versa 4
2026-05-11T14:43:43Z,93.0,Versa 4
2026-05-11T14:43:45Z,94.0,Versa 4
2026-05-11T14:43:46Z,94.0,Versa 4
2026-05-11T14:43:49Z,94.0,Versa 4
2026-05-11T14:43:52Z,96.0,Versa 4
2026-05-11T14:43:54Z,98.0,Versa 4
2026-05-11T14:43:56Z,99.0,Versa 4
2026-05-11T14:43:59Z,99.0,Versa 4
2026-05-11T14:44:02Z,101.0,Versa 4
2026-05-11T14:44:04Z,104.0,Versa 4
2026-05-11T14:44:07Z,104.0,Versa 4
2026-05-11T14:44:10Z,105.0,Versa 4
2026-05-11T14:44:11Z,97.0,Versa 4
2026-05-11T14:44:13Z,99.0,Versa 4
2026-05-11T14:44:15Z,97.0,Versa 4
2026-05-11T14:44:17Z,96.0,Versa 4
2026-05-11T14:44:19Z,95.0,Versa 4
2026-05-11T14:44:21Z,94.0,Versa 4
2026-05-11T14:44:24Z,94.0,Versa 4
2026-05-11T14:44:27Z,93.0,Versa 4
2026-05-11T14:44:29Z,92.0,Versa 4
2026-05-11T14:44:31Z,93.0,Versa 4
2026-05-11T14:44:33Z,92.0,Versa 4
2026-05-11T14:44:34Z,91.0,Versa 4
2026-05-11T14:44:37Z,91.0,Versa 4
2026-05-11T14:44:38Z,90.0,Versa 4
2026-05-11T14:44:41Z,90.0,Versa 4
2026-05-11T14:44:44Z,90.0,Versa 4
2026-05-11T14:44:47Z,90.0,Versa 4
2026-05-11T14:44:48Z,91.0,Versa 4
2026-05-11T14:44:50Z,92.0,Versa 4
2026-05-11T14:44:52Z,91.0,Versa 4
2026-05-11T14:44:54Z,90.0,Versa 4
2026-05-11T14:44:56Z,93.0,Versa 4
2026-05-11T14:44:58Z,95.0,Versa 4
2026-05-11T14:44:59Z,96.0,Versa 4
2026-05-11T14:45:01Z,95.0,Versa 4
2026-05-11T14:45:03Z,94.0,Versa 4
2026-05-11T14:45:06Z,94.0,Versa 4
2026-05-11T14:45:07Z,94.0,Versa 4
2026-05-11T14:45:10Z,94.0,Versa 4
2026-05-11T14:45:11Z,93.0,Versa 4
2026-05-11T14:45:13Z,92.0,Versa 4
2026-05-11T14:45:16Z,92.0,Versa 4
2026-05-11T14:45:19Z,90.0,Versa 4
2026-05-11T14:45:22Z,92.0,Versa 4
2026-05-11T14:45:24Z,93.0,Versa 4
2026-05-11T14:45:27Z,93.0,Versa 4
2026-05-11T14:45:28Z,92.0,Versa 4
2026-05-11T14:45:30Z,93.0,Versa 4
2026-05-11T14:45:32Z,95.0,Versa 4
2026-05-11T14:45:34Z,96.0,Versa 4
2026-05-11T14:45:37Z,96.0,Versa 4
2026-05-11T14:45:38Z,92.0,Versa 4
2026-05-11T14:45:40Z,89.0,Versa 4
2026-05-11T14:45:42Z,88.0,Versa 4
2026-05-11T14:45:44Z,89.0,Versa 4
2026-05-11T14:45:46Z,90.0,Versa 4
2026-05-11T14:45:47Z,89.0,Versa 4
2026-05-11T14:45:49Z,88.0,Versa 4
2026-05-11T14:45:51Z,87.0,Versa 4
2026-05-11T14:45:54Z,87.0,Versa 4
2026-05-11T14:45:55Z,89.0,Versa 4
2026-05-11T14:45:57Z,90.0,Versa 4
2026-05-11T14:45:59Z,91.0,Versa 4
2026-05-11T14:46:17Z,92.0,Versa 4
2026-05-11T14:46:19Z,90.0,Versa 4
2026-05-11T14:46:21Z,92.0,Versa 4
2026-05-11T14:46:23Z,93.0,Versa 4
2026-05-11T14:46:25Z,92.0,Versa 4
2026-05-11T14:46:27Z,93.0,Versa 4
2026-05-11T14:46:28Z,92.0,Versa 4
2026-05-11T14:46:30Z,90.0,Versa 4
2026-05-11T14:46:33Z,90.0,Versa 4
2026-05-11T14:46:34Z,90.0,Versa 4
2026-05-11T14:46:36Z,90.0,Versa 4
2026-05-11T14:46:39Z,90.0,Versa 4
2026-05-11T14:46:40Z,88.0,Versa 4
2026-05-11T14:46:42Z,87.0,Versa 4
2026-05-11T14:46:45Z,87.0,Versa 4
2026-05-11T14:46:46Z,89.0,Versa 4
2026-05-11T14:46:48Z,90.0,Versa 4
2026-05-11T14:46:51Z,90.0,Versa 4
2026-05-11T14:46:54Z,90.0,Versa 4
2026-05-11T14:46:55Z,93.0,Versa 4
2026-05-11T14:46:58Z,93.0,Versa 4
2026-05-11T14:46:59Z,94.0,Versa 4
2026-05-11T14:47:01Z,93.0,Versa 4
2026-05-11T14:47:03Z,92.0,Versa 4
2026-05-11T14:47:05Z,91.0,Versa 4
2026-05-11T14:47:07Z,92.0,Versa 4
2026-05-11T14:47:09Z,95.0,Versa 4
2026-05-11T14:47:11Z,97.0,Versa 4
2026-05-11T14:47:14Z,97.0,Versa 4
2026-05-11T14:47:15Z,95.0,Versa 4
2026-05-11T14:47:18Z,96.0,Versa 4
2026-05-11T14:47:21Z,96.0,Versa 4
2026-05-11T14:47:24Z,95.0,Versa 4
2026-05-11T14:47:26Z,96.0,Versa 4
2026-05-11T14:47:29Z,96.0,Versa 4
2026-05-11T14:47:30Z,95.0,Versa 4
2026-05-11T14:47:33Z,95.0,Versa 4
2026-05-11T14:47:34Z,94.0,Versa 4
2026-05-11T14:47:36Z,93.0,Versa 4
2026-05-11T14:47:39Z,93.0,Versa 4
2026-05-11T14:47:40Z,94.0,Versa 4
2026-05-11T14:47:41Z,95.0,Versa 4
2026-05-11T14:47:43Z,94.0,Versa 4
2026-05-11T14:47:45Z,88.0,Versa 4
2026-05-11T14:47:47Z,87.0,Versa 4
2026-05-11T14:47:50Z,87.0,Versa 4
2026-05-11T14:47:51Z,89.0,Versa 4
2026-05-11T14:47:53Z,90.0,Versa 4
2026-05-11T14:47:55Z,91.0,Versa 4
2026-05-11T14:47:58Z,91.0,Versa 4
2026-05-11T14:47:59Z,90.0,Versa 4
2026-05-11T14:48:02Z,90.0,Versa 4
2026-05-11T14:48:03Z,91.0,Versa 4
2026-05-11T14:48:04Z,92.0,Versa 4
2026-05-11T14:48:06Z,93.0,Versa 4
2026-05-11T14:48:09Z,93.0,Versa 4
2026-05-11T14:48:10Z,94.0,Versa 4
2026-05-11T14:48:12Z,93.0,Versa 4
2026-05-11T14:48:15Z,93.0,Versa 4
2026-05-11T14:48:18Z,92.0,Versa 4
2026-05-11T14:48:20Z,90.0,Versa 4
2026-05-11T14:48:22Z,88.0,Versa 4
2026-05-11T14:48:24Z,89.0,Versa 4
2026-05-11T14:48:26Z,91.0,Versa 4
2026-05-11T14:48:28Z,90.0,Versa 4
2026-05-11T14:48:29Z,89.0,Versa 4
2026-05-11T14:48:32Z,89.0,Versa 4
2026-05-11T14:48:35Z,91.0,Versa 4
2026-05-11T14:48:37Z,90.0,Versa 4
2026-05-11T14:48:39Z,91.0,Versa 4
2026-05-11T14:48:41Z,92.0,Versa 4
2026-05-11T14:48:43Z,96.0,Versa 4
2026-05-11T14:48:45Z,99.0,Versa 4
2026-05-11T14:48:47Z,97.0,Versa 4
2026-05-11T14:48:49Z,94.0,Versa 4
2026-05-11T14:48:51Z,91.0,Versa 4
2026-05-11T14:48:54Z,93.0,Versa 4
2026-05-11T14:48:56Z,92.0,Versa 4
2026-05-11T14:48:58Z,90.0,Versa 4
2026-05-11T14:49:00Z,91.0,Versa 4
2026-05-11T14:49:03Z,91.0,Versa 4
2026-05-11T14:49:04Z,91.0,Versa 4
2026-05-11T14:49:06Z,92.0,Versa 4
2026-05-11T14:49:08Z,89.0,Versa 4
2026-05-11T14:49:10Z,88.0,Versa 4
2026-05-11T14:49:13Z,88.0,Versa 4
2026-05-11T14:49:16Z,90.0,Versa 4
2026-05-11T14:49:17Z,91.0,Versa 4
2026-05-11T14:49:19Z,90.0,Versa 4
2026-05-11T14:49:22Z,90.0,Versa 4
2026-05-11T14:49:23Z,89.0,Versa 4
2026-05-11T14:49:26Z,89.0,Versa 4
2026-05-11T14:49:27Z,90.0,Versa 4
2026-05-11T14:49:30Z,90.0,Versa 4
2026-05-11T14:49:33Z,92.0,Versa 4
2026-05-11T14:49:36Z,92.0,Versa 4
2026-05-11T14:49:37Z,91.0,Versa 4
2026-05-11T14:49:39Z,90.0,Versa 4
2026-05-11T14:49:40Z,89.0,Versa 4
2026-05-11T14:49:43Z,89.0,Versa 4
2026-05-11T14:49:44Z,90.0,Versa 4
2026-05-11T14:49:47Z,90.0,Versa 4
2026-05-11T14:49:48Z,89.0,Versa 4
2026-05-11T14:49:50Z,90.0,Versa 4
2026-05-11T14:49:53Z,90.0,Versa 4
2026-05-11T14:49:54Z,91.0,Versa 4
2026-05-11T14:49:57Z,91.0,Versa 4
2026-05-11T14:49:58Z,92.0,Versa 4
2026-05-11T14:50:00Z,92.0,Versa 4
2026-05-11T14:50:02Z,94.0,Versa 4
2026-05-11T14:50:04Z,93.0,Versa 4
2026-05-11T14:50:05Z,94.0,Versa 4
2026-05-11T14:50:08Z,94.0,Versa 4
2026-05-11T14:50:09Z,93.0,Versa 4
2026-05-11T14:50:11Z,91.0,Versa 4
2026-05-11T14:50:13Z,90.0,Versa 4
2026-05-11T14:50:15Z,91.0,Versa 4
2026-05-11T14:50:17Z,92.0,Versa 4
2026-05-11T14:50:20Z,92.0,Versa 4
2026-05-11T14:50:21Z,91.0,Versa 4
2026-05-11T14:50:24Z,91.0,Versa 4
2026-05-11T14:50:27Z,92.0,Versa 4
2026-05-11T14:50:28Z,93.0,Versa 4
2026-05-11T14:50:31Z,93.0,Versa 4
2026-05-11T14:50:32Z,92.0,Versa 4
2026-05-11T14:50:35Z,92.0,Versa 4
2026-05-11T14:50:36Z,94.0,Versa 4
2026-05-11T14:50:38Z,100.0,Versa 4
2026-05-11T14:50:40Z,101.0,Versa 4
2026-05-11T14:50:43Z,101.0,Versa 4
2026-05-11T14:50:44Z,100.0,Versa 4
2026-05-11T14:50:46Z,98.0,Versa 4
2026-05-11T14:50:48Z,97.0,Versa 4
2026-05-11T14:50:51Z,97.0,Versa 4
2026-05-11T14:50:54Z,97.0,Versa 4
2026-05-11T14:50:55Z,98.0,Versa 4
2026-05-11T14:50:58Z,98.0,Versa 4
2026-05-11T14:51:01Z,100.0,Versa 4
2026-05-11T14:51:03Z,99.0,Versa 4
2026-05-11T14:51:05Z,95.0,Versa 4
2026-05-11T14:51:07Z,96.0,Versa 4
2026-05-11T14:51:09Z,97.0,Versa 4
2026-05-11T14:51:12Z,97.0,Versa 4
2026-05-11T14:51:13Z,98.0,Versa 4
2026-05-11T14:51:15Z,95.0,Versa 4
2026-05-11T14:51:18Z,95.0,Versa 4
2026-05-11T14:51:20Z,96.0,Versa 4
2026-05-11T14:51:23Z,96.0,Versa 4
2026-05-11T14:51:26Z,95.0,Versa 4
2026-05-11T14:51:28Z,94.0,Versa 4
2026-05-11T14:51:30Z,96.0,Versa 4
2026-05-11T14:51:32Z,94.0,Versa 4
2026-05-11T14:51:35Z,94.0,Versa 4
2026-05-11T14:51:36Z,95.0,Versa 4
2026-05-11T14:51:38Z,94.0,Versa 4
2026-05-11T14:51:41Z,95.0,Versa 4
2026-05-11T14:51:43Z,92.0,Versa 4
2026-05-11T14:51:45Z,93.0,Versa 4
2026-05-11T14:51:47Z,94.0,Versa 4
2026-05-11T14:51:49Z,93.0,Versa 4
2026-05-11T14:51:52Z,93.0,Versa 4
2026-05-11T14:51:53Z,91.0,Versa 4
2026-05-11T14:51:55Z,89.0,Versa 4
2026-05-11T14:51:57Z,88.0,Versa 4
2026-05-11T14:51:59Z,87.0,Versa 4
2026-05-11T14:52:01Z,90.0,Versa 4
2026-05-11T14:52:03Z,92.0,Versa 4
2026-05-11T14:52:04Z,92.0,Versa 4
2026-05-11T14:52:06Z,89.0,Versa 4
2026-05-11T14:52:08Z,88.0,Versa 4
2026-05-11T14:52:10Z,86.0,Versa 4
2026-05-11T14:52:12Z,87.0,Versa 4
2026-05-11T14:52:14Z,88.0,Versa 4
2026-05-11T14:52:17Z,88.0,Versa 4
2026-05-11T14:52:18Z,87.0,Versa 4
2026-05-11T14:52:20Z,88.0,Versa 4
2026-05-11T14:52:22Z,89.0,Versa 4
2026-05-11T14:52:24Z,90.0,Versa 4
2026-05-11T14:52:26Z,92.0,Versa 4
2026-05-11T14:52:29Z,93.0,Versa 4
2026-05-11T14:52:31Z,92.0,Versa 4
2026-05-11T14:52:34Z,92.0,Versa 4
2026-05-11T14:52:37Z,91.0,Versa 4
2026-05-11T14:52:40Z,91.0,Versa 4
2026-05-11T14:52:43Z,91.0,Versa 4
2026-05-11T14:52:46Z,91.0,Versa 4
2026-05-11T14:52:49Z,92.0,Versa 4
2026-05-11T14:52:51Z,93.0,Versa 4
2026-05-11T14:52:52Z,95.0,Versa 4
2026-05-11T14:52:54Z,97.0,Versa 4
2026-05-11T14:52:57Z,97.0,Versa 4
2026-05-11T14:52:58Z,94.0,Versa 4
2026-05-11T14:53:00Z,92.0,Versa 4
2026-05-11T14:53:02Z,95.0,Versa 4
2026-05-11T14:53:04Z,92.0,Versa 4
2026-05-11T14:53:06Z,89.0,Versa 4
2026-05-11T14:53:08Z,88.0,Versa 4
2026-05-11T14:53:10Z,86.0,Versa 4
2026-05-11T14:53:13Z,86.0,Versa 4
2026-05-11T14:53:16Z,87.0,Versa 4
2026-05-11T14:53:17Z,89.0,Versa 4
2026-05-11T14:53:19Z,88.0,Versa 4
2026-05-11T14:53:21Z,86.0,Versa 4
2026-05-11T14:53:23Z,85.0,Versa 4
2026-05-11T14:53:25Z,86.0,Versa 4
2026-05-11T14:53:28Z,86.0,Versa 4
2026-05-11T14:53:31Z,84.0,Versa 4
2026-05-11T14:53:34Z,84.0,Versa 4
2026-05-11T14:53:37Z,84.0,Versa 4
2026-05-11T14:53:40Z,84.0,Versa 4
2026-05-11T14:53:43Z,84.0,Versa 4
2026-05-11T14:53:46Z,84.0,Versa 4
2026-05-11T14:53:48Z,83.0,Versa 4
2026-05-11T14:53:51Z,83.0,Versa 4
2026-05-11T14:53:52Z,84.0,Versa 4
2026-05-11T14:53:54Z,86.0,Versa 4
2026-05-11T14:53:56Z,86.0,Versa 4
2026-05-11T14:53:59Z,86.0,Versa 4
2026-05-11T14:54:00Z,85.0,Versa 4
2026-05-11T14:54:02Z,86.0,Versa 4
2026-05-11T14:54:05Z,85.0,Versa 4
2026-05-11T14:54:08Z,85.0,Versa 4
2026-05-11T14:54:11Z,85.0,Versa 4
2026-05-11T14:54:13Z,84.0,Versa 4
2026-05-11T14:54:15Z,85.0,Versa 4
2026-05-11T14:54:17Z,85.0,Versa 4
2026-05-11T14:54:20Z,85.0,Versa 4
2026-05-11T14:54:23Z,86.0,Versa 4
2026-05-11T14:54:26Z,86.0,Versa 4
2026-05-11T14:54:27Z,87.0,Versa 4
2026-05-11T14:54:28Z,88.0,Versa 4
2026-05-11T14:54:30Z,93.0,Versa 4
2026-05-11T14:54:32Z,94.0,Versa 4
2026-05-11T14:54:34Z,92.0,Versa 4
2026-05-11T14:54:36Z,89.0,Versa 4
2026-05-11T14:54:38Z,87.0,Versa 4
2026-05-11T14:54:40Z,86.0,Versa 4
2026-05-11T14:54:43Z,86.0,Versa 4
2026-05-11T14:54:46Z,85.0,Versa 4
2026-05-11T14:54:49Z,85.0,Versa 4
2026-05-11T14:54:50Z,84.0,Versa 4
2026-05-11T14:54:52Z,85.0,Versa 4
2026-05-11T14:54:53Z,85.0,Versa 4
2026-05-11T14:54:55Z,84.0,Versa 4
2026-05-11T14:54:58Z,84.0,Versa 4
2026-05-11T14:55:01Z,85.0,Versa 4
2026-05-11T14:55:04Z,85.0,Versa 4
2026-05-11T14:55:05Z,84.0,Versa 4
2026-05-11T14:55:08Z,84.0,Versa 4
2026-05-11T14:55:11Z,84.0,Versa 4
2026-05-11T14:55:14Z,84.0,Versa 4
2026-05-11T14:55:16Z,84.0,Versa 4
2026-05-11T14:55:19Z,84.0,Versa 4
2026-05-11T14:55:20Z,84.0,Versa 4
2026-05-11T14:55:23Z,84.0,Versa 4
2026-05-11T14:55:24Z,83.0,Versa 4
2026-05-11T14:55:27Z,83.0,Versa 4
2026-05-11T14:55:30Z,83.0,Versa 4
2026-05-11T14:55:32Z,82.0,Versa 4
2026-05-11T14:55:34Z,81.0,Versa 4
2026-05-11T14:55:37Z,81.0,Versa 4
2026-05-11T14:55:38Z,82.0,Versa 4
2026-05-11T14:55:41Z,83.0,Versa 4
2026-05-11T14:55:43Z,84.0,Versa 4
2026-05-11T14:55:46Z,84.0,Versa 4
2026-05-11T14:55:47Z,85.0,Versa 4
2026-05-11T14:55:49Z,86.0,Versa 4
2026-05-11T14:55:52Z,86.0,Versa 4
2026-05-11T14:55:55Z,86.0,Versa 4
2026-05-11T14:55:57Z,85.0,Versa 4
2026-05-11T14:55:59Z,84.0,Versa 4
2026-05-11T14:56:02Z,84.0,Versa 4
2026-05-11T14:56:04Z,86.0,Versa 4
2026-05-11T14:56:07Z,86.0,Versa 4
2026-05-11T14:56:08Z,84.0,Versa 4
2026-05-11T14:56:11Z,84.0,Versa 4
2026-05-11T14:56:14Z,85.0,Versa 4
2026-05-11T14:56:16Z,85.0,Versa 4
2026-05-11T14:56:19Z,85.0,Versa 4
2026-05-11T14:56:20Z,84.0,Versa 4
2026-05-11T14:56:23Z,84.0,Versa 4
2026-05-11T14:56:24Z,84.0,Versa 4
2026-05-11T14:56:27Z,84.0,Versa 4
2026-05-11T14:56:28Z,84.0,Versa 4
2026-05-11T14:56:31Z,84.0,Versa 4
2026-05-11T14:56:34Z,84.0,Versa 4
2026-05-11T14:56:35Z,84.0,Versa 4
2026-05-11T14:56:37Z,84.0,Versa 4
2026-05-11T14:56:39Z,84.0,Versa 4
2026-05-11T14:56:42Z,84.0,Versa 4
2026-05-11T14:56:43Z,84.0,Versa 4
2026-05-11T14:56:46Z,84.0,Versa 4
2026-05-11T14:56:49Z,84.0,Versa 4
2026-05-11T14:56:52Z,83.0,Versa 4
2026-05-11T14:56:54Z,83.0,Versa 4
2026-05-11T14:56:56Z,84.0,Versa 4
2026-05-11T14:56:58Z,85.0,Versa 4
2026-05-11T14:57:00Z,87.0,Versa 4
2026-05-11T14:57:02Z,89.0,Versa 4
2026-05-11T14:57:04Z,90.0,Versa 4
2026-05-11T14:57:07Z,90.0,Versa 4
2026-05-11T14:57:08Z,91.0,Versa 4
2026-05-11T14:57:10Z,94.0,Versa 4
2026-05-11T14:57:12Z,96.0,Versa 4
2026-05-11T14:57:14Z,95.0,Versa 4
2026-05-11T14:57:16Z,99.0,Versa 4
2026-05-11T14:57:17Z,98.0,Versa 4
2026-05-11T14:57:19Z,93.0,Versa 4
2026-05-11T14:57:21Z,97.0,Versa 4
2026-05-11T14:57:23Z,92.0,Versa 4
2026-05-11T14:57:25Z,88.0,Versa 4
2026-05-11T14:57:27Z,91.0,Versa 4
2026-05-11T14:57:29Z,93.0,Versa 4
2026-05-11T14:57:31Z,94.0,Versa 4
2026-05-11T14:57:33Z,95.0,Versa 4
2026-05-11T14:57:35Z,96.0,Versa 4
2026-05-11T14:57:37Z,95.0,Versa 4
2026-05-11T14:57:39Z,97.0,Versa 4
2026-05-11T14:57:40Z,95.0,Versa 4
2026-05-11T14:57:42Z,94.0,Versa 4
2026-05-11T14:57:44Z,95.0,Versa 4
2026-05-11T14:57:46Z,96.0,Versa 4
2026-05-11T14:57:49Z,96.0,Versa 4
2026-05-11T14:57:50Z,99.0,Versa 4
2026-05-11T14:57:52Z,100.0,Versa 4
2026-05-11T14:57:54Z,101.0,Versa 4
2026-05-11T14:57:57Z,101.0,Versa 4
2026-05-11T14:57:58Z,102.0,Versa 4
2026-05-11T14:58:01Z,102.0,Versa 4
2026-05-11T14:58:02Z,104.0,Versa 4
2026-05-11T14:58:04Z,105.0,Versa 4
2026-05-11T14:58:05Z,107.0,Versa 4
2026-05-11T14:58:07Z,111.0,Versa 4
2026-05-11T14:58:09Z,113.0,Versa 4
2026-05-11T14:58:11Z,114.0,Versa 4
2026-05-11T14:58:13Z,115.0,Versa 4
2026-05-11T14:58:15Z,113.0,Versa 4
2026-05-11T14:58:17Z,112.0,Versa 4
2026-05-11T14:58:20Z,112.0,Versa 4
2026-05-11T14:58:23Z,112.0,Versa 4
2026-05-11T14:58:25Z,116.0,Versa 4
2026-05-11T14:58:27Z,114.0,Versa 4
2026-05-11T14:58:28Z,112.0,Versa 4
2026-05-11T14:58:30Z,111.0,Versa 4
2026-05-11T14:58:32Z,112.0,Versa 4
2026-05-11T14:58:34Z,114.0,Versa 4
2026-05-11T14:58:36Z,117.0,Versa 4
2026-05-11T14:58:38Z,114.0,Versa 4
2026-05-11T14:58:40Z,113.0,Versa 4
2026-05-11T14:58:43Z,113.0,Versa 4
2026-05-11T14:58:44Z,114.0,Versa 4
2026-05-11T14:58:46Z,115.0,Versa 4
2026-05-11T14:58:48Z,116.0,Versa 4
2026-05-11T14:58:50Z,115.0,Versa 4
2026-05-11T14:58:52Z,106.0,Versa 4
2026-05-11T14:58:53Z,104.0,Versa 4
2026-05-11T14:58:55Z,103.0,Versa 4
2026-05-11T14:58:57Z,105.0,Versa 4
2026-05-11T14:58:59Z,107.0,Versa 4
2026-05-11T14:59:01Z,105.0,Versa 4
2026-05-11T14:59:03Z,104.0,Versa 4
2026-05-11T14:59:06Z,104.0,Versa 4
2026-05-11T14:59:07Z,102.0,Versa 4
2026-05-11T14:59:09Z,103.0,Versa 4
2026-05-11T14:59:11Z,104.0,Versa 4
2026-05-11T14:59:13Z,103.0,Versa 4
2026-05-11T14:59:16Z,99.0,Versa 4
2026-05-11T14:59:18Z,97.0,Versa 4
2026-05-11T14:59:20Z,95.0,Versa 4
2026-05-11T14:59:23Z,95.0,Versa 4
2026-05-11T14:59:24Z,94.0,Versa 4
2026-05-11T14:59:26Z,93.0,Versa 4
2026-05-11T14:59:28Z,94.0,Versa 4
2026-05-11T14:59:30Z,95.0,Versa 4
2026-05-11T14:59:32Z,97.0,Versa 4
2026-05-11T14:59:34Z,96.0,Versa 4
2026-05-11T14:59:36Z,95.0,Versa 4
2026-05-11T14:59:38Z,94.0,Versa 4
2026-05-11T14:59:40Z,89.0,Versa 4
2026-05-11T14:59:41Z,86.0,Versa 4
2026-05-11T14:59:43Z,89.0,Versa 4
2026-05-11T14:59:45Z,90.0,Versa 4
2026-05-11T14:59:47Z,91.0,Versa 4
2026-05-11T14:59:49Z,92.0,Versa 4
2026-05-11T14:59:51Z,94.0,Versa 4
2026-05-11T14:59:54Z,94.0,Versa 4
2026-05-11T14:59:55Z,92.0,Versa 4
2026-05-11T14:59:57Z,91.0,Versa 4
2026-05-11T14:59:59Z,87.0,Versa 4
2026-05-11T15:00:01Z,86.0,Versa 4
2026-05-11T15:00:04Z,86.0,Versa 4
2026-05-11T15:00:06Z,85.0,Versa 4
2026-05-11T15:00:09Z,85.0,Versa 4
2026-05-11T15:00:10Z,87.0,Versa 4
2026-05-11T15:00:12Z,88.0,Versa 4
2026-05-11T15:00:15Z,88.0,Versa 4
2026-05-11T15:00:16Z,85.0,Versa 4
2026-05-11T15:00:18Z,83.0,Versa 4
2026-05-11T15:00:21Z,83.0,Versa 4
2026-05-11T15:00:22Z,84.0,Versa 4
2026-05-11T15:00:24Z,85.0,Versa 4
2026-05-11T15:00:26Z,84.0,Versa 4
2026-05-11T15:00:28Z,84.0,Versa 4
2026-05-11T15:00:29Z,86.0,Versa 4
2026-05-11T15:00:31Z,90.0,Versa 4
2026-05-11T15:00:33Z,92.0,Versa 4
2026-05-11T15:00:35Z,91.0,Versa 4
2026-05-11T15:00:37Z,90.0,Versa 4
2026-05-11T15:00:39Z,88.0,Versa 4
2026-05-11T15:00:42Z,88.0,Versa 4
2026-05-11T15:00:43Z,89.0,Versa 4
2026-05-11T15:00:45Z,90.0,Versa 4
2026-05-11T15:00:47Z,90.0,Versa 4
2026-05-11T15:00:49Z,89.0,Versa 4
2026-05-11T15:00:52Z,93.0,Versa 4
2026-05-11T15:00:55Z,93.0,Versa 4
2026-05-11T15:00:56Z,90.0,Versa 4
2026-05-11T15:00:58Z,87.0,Versa 4
2026-05-11T15:01:00Z,85.0,Versa 4
2026-05-11T15:01:03Z,85.0,Versa 4
2026-05-11T15:01:04Z,86.0,Versa 4
2026-05-11T15:01:07Z,86.0,Versa 4
2026-05-11T15:01:10Z,84.0,Versa 4
2026-05-11T15:01:13Z,84.0,Versa 4
2026-05-11T15:01:16Z,86.0,Versa 4
2026-05-11T15:01:19Z,86.0,Versa 4
2026-05-11T15:01:22Z,86.0,Versa 4
2026-05-11T15:01:25Z,86.0,Versa 4
2026-05-11T15:01:27Z,86.0,Versa 4
2026-05-11T15:01:29Z,86.0,Versa 4
2026-05-11T15:01:32Z,86.0,Versa 4
2026-05-11T15:01:33Z,85.0,Versa 4
2026-05-11T15:01:35Z,84.0,Versa 4
2026-05-11T15:01:38Z,84.0,Versa 4
2026-05-11T15:01:41Z,84.0,Versa 4
2026-05-11T15:01:42Z,85.0,Versa 4
2026-05-11T15:01:45Z,85.0,Versa 4
2026-05-11T15:01:46Z,84.0,Versa 4
2026-05-11T15:01:49Z,84.0,Versa 4
2026-05-11T15:01:52Z,84.0,Versa 4
2026-05-11T15:01:54Z,86.0,Versa 4
2026-05-11T15:01:57Z,86.0,Versa 4
2026-05-11T15:01:58Z,87.0,Versa 4
2026-05-11T15:02:00Z,88.0,Versa 4
2026-05-11T15:02:02Z,91.0,Versa 4
2026-05-11T15:02:04Z,90.0,Versa 4
2026-05-11T15:02:05Z,89.0,Versa 4
2026-05-11T15:02:07Z,88.0,Versa 4
2026-05-11T15:02:09Z,88.0,Versa 4
2026-05-11T15:02:12Z,88.0,Versa 4
2026-05-11T15:02:13Z,89.0,Versa 4
2026-05-11T15:02:16Z,89.0,Versa 4
2026-05-11T15:02:19Z,90.0,Versa 4
2026-05-11T15:02:21Z,90.0,Versa 4
2026-05-11T15:02:24Z,90.0,Versa 4
2026-05-11T15:02:25Z,89.0,Versa 4
2026-05-11T15:02:27Z,88.0,Versa 4
2026-05-11T15:02:28Z,87.0,Versa 4
2026-05-11T15:02:30Z,86.0,Versa 4
2026-05-11T15:02:33Z,86.0,Versa 4
2026-05-11T15:02:36Z,85.0,Versa 4
2026-05-11T15:02:39Z,85.0,Versa 4
2026-05-11T15:02:40Z,86.0,Versa 4
2026-05-11T15:02:43Z,86.0,Versa 4
2026-05-11T15:02:46Z,87.0,Versa 4
2026-05-11T15:02:49Z,87.0,Versa 4
2026-05-11T15:02:50Z,89.0,Versa 4
2026-05-11T15:02:53Z,88.0,Versa 4
2026-05-11T15:02:55Z,87.0,Versa 4
2026-05-11T15:02:57Z,85.0,Versa 4
2026-05-11T15:02:59Z,86.0,Versa 4
2026-05-11T15:03:01Z,86.0,Versa 4
2026-05-11T15:03:03Z,86.0,Versa 4
2026-05-11T15:03:05Z,86.0,Versa 4
2026-05-11T15:03:08Z,86.0,Versa 4
2026-05-11T15:03:11Z,86.0,Versa 4
2026-05-11T15:03:14Z,86.0,Versa 4
2026-05-11T15:03:17Z,86.0,Versa 4
2026-05-11T15:03:20Z,87.0,Versa 4
2026-05-11T15:03:22Z,88.0,Versa 4
2026-05-11T15:03:25Z,88.0,Versa 4
2026-05-11T15:03:26Z,90.0,Versa 4
2026-05-11T15:03:28Z,93.0,Versa 4
2026-05-11T15:03:30Z,96.0,Versa 4
2026-05-11T15:03:32Z,100.0,Versa 4
2026-05-11T15:03:34Z,102.0,Versa 4
2026-05-11T15:03:37Z,102.0,Versa 4
2026-05-11T15:03:40Z,102.0,Versa 4
2026-05-11T15:03:41Z,102.0,Versa 4
2026-05-11T15:03:44Z,102.0,Versa 4
2026-05-11T15:03:45Z,100.0,Versa 4
2026-05-11T15:03:47Z,96.0,Versa 4
2026-05-11T15:03:49Z,94.0,Versa 4
2026-05-11T15:03:51Z,94.0,Versa 4
2026-05-11T15:03:53Z,95.0,Versa 4
2026-05-11T15:03:55Z,97.0,Versa 4
2026-05-11T15:03:57Z,93.0,Versa 4
2026-05-11T15:03:59Z,90.0,Versa 4
2026-05-11T15:04:02Z,90.0,Versa 4
2026-05-11T15:04:03Z,93.0,Versa 4
2026-05-11T15:04:04Z,97.0,Versa 4
2026-05-11T15:04:06Z,101.0,Versa 4
2026-05-11T15:04:08Z,102.0,Versa 4
2026-05-11T15:04:10Z,98.0,Versa 4
2026-05-11T15:04:13Z,98.0,Versa 4
2026-05-11T15:04:14Z,96.0,Versa 4
2026-05-11T15:04:16Z,94.0,Versa 4
2026-05-11T15:04:18Z,93.0,Versa 4
2026-05-11T15:04:20Z,92.0,Versa 4
2026-05-11T15:04:23Z,92.0,Versa 4
2026-05-11T15:04:24Z,91.0,Versa 4
2026-05-11T15:04:27Z,91.0,Versa 4
2026-05-11T15:04:28Z,91.0,Versa 4
2026-05-11T15:04:29Z,94.0,Versa 4
2026-05-11T15:04:31Z,96.0,Versa 4
2026-05-11T15:04:33Z,96.0,Versa 4
2026-05-11T15:04:35Z,92.0,Versa 4
2026-05-11T15:04:38Z,92.0,Versa 4
2026-05-11T15:04:39Z,94.0,Versa 4
2026-05-11T15:04:41Z,95.0,Versa 4
2026-05-11T15:04:43Z,93.0,Versa 4
2026-05-11T15:04:45Z,88.0,Versa 4
2026-05-11T15:04:47Z,87.0,Versa 4
2026-05-11T15:04:49Z,88.0,Versa 4
2026-05-11T15:04:51Z,89.0,Versa 4
2026-05-11T15:04:52Z,86.0,Versa 4
2026-05-11T15:04:54Z,85.0,Versa 4
2026-05-11T15:04:56Z,86.0,Versa 4
2026-05-11T15:04:59Z,86.0,Versa 4
2026-05-11T15:05:02Z,86.0,Versa 4
2026-05-11T15:05:04Z,85.0,Versa 4
2026-05-11T15:05:06Z,86.0,Versa 4
2026-05-11T15:05:09Z,86.0,Versa 4
2026-05-11T15:05:10Z,85.0,Versa 4
2026-05-11T15:05:12Z,84.0,Versa 4
2026-05-11T15:05:14Z,83.0,Versa 4
2026-05-11T15:05:16Z,84.0,Versa 4
2026-05-11T15:05:19Z,85.0,Versa 4
2026-05-11T15:05:21Z,84.0,Versa 4
2026-05-11T15:05:23Z,85.0,Versa 4
2026-05-11T15:05:25Z,86.0,Versa 4
2026-05-11T15:05:27Z,89.0,Versa 4
2026-05-11T15:05:29Z,91.0,Versa 4
2026-05-11T15:05:31Z,93.0,Versa 4
2026-05-11T15:05:34Z,93.0,Versa 4
2026-05-11T15:05:35Z,92.0,Versa 4
2026-05-11T15:05:38Z,92.0,Versa 4
2026-05-11T15:05:41Z,92.0,Versa 4
2026-05-11T15:05:42Z,89.0,Versa 4
2026-05-11T15:05:44Z,87.0,Versa 4
2026-05-11T15:05:46Z,88.0,Versa 4
2026-05-11T15:05:48Z,89.0,Versa 4
2026-05-11T15:05:50Z,91.0,Versa 4
2026-05-11T15:05:53Z,91.0,Versa 4
2026-05-11T15:05:56Z,92.0,Versa 4
2026-05-11T15:05:58Z,94.0,Versa 4
2026-05-11T15:06:00Z,95.0,Versa 4
2026-05-11T15:06:02Z,92.0,Versa 4
2026-05-11T15:06:05Z,93.0,Versa 4
2026-05-11T15:06:07Z,93.0,Versa 4
2026-05-11T15:06:09Z,92.0,Versa 4
2026-05-11T15:06:11Z,89.0,Versa 4
2026-05-11T15:06:13Z,88.0,Versa 4
2026-05-11T15:06:15Z,90.0,Versa 4
2026-05-11T15:06:18Z,90.0,Versa 4
2026-05-11T15:06:19Z,88.0,Versa 4
2026-05-11T15:06:21Z,85.0,Versa 4
2026-05-11T15:06:23Z,84.0,Versa 4
2026-05-11T15:06:25Z,85.0,Versa 4
2026-05-11T15:06:27Z,87.0,Versa 4
2026-05-11T15:06:28Z,88.0,Versa 4
2026-05-11T15:06:30Z,90.0,Versa 4
2026-05-11T15:06:33Z,90.0,Versa 4
2026-05-11T15:06:36Z,90.0,Versa 4
2026-05-11T15:06:38Z,90.0,Versa 4
2026-05-11T15:06:40Z,90.0,Versa 4
2026-05-11T15:06:43Z,90.0,Versa 4
2026-05-11T15:06:46Z,90.0,Versa 4
2026-05-11T15:06:48Z,92.0,Versa 4
2026-05-11T15:06:50Z,93.0,Versa 4
2026-05-11T15:06:52Z,95.0,Versa 4
2026-05-11T15:06:53Z,92.0,Versa 4
2026-05-11T15:06:55Z,93.0,Versa 4
2026-05-11T15:06:57Z,96.0,Versa 4
2026-05-11T15:07:00Z,96.0,Versa 4
2026-05-11T15:07:03Z,94.0,Versa 4
2026-05-11T15:07:05Z,91.0,Versa 4
2026-05-11T15:07:07Z,89.0,Versa 4
2026-05-11T15:07:10Z,89.0,Versa 4
2026-05-11T20:58:55Z,93.0,Versa 4
2026-05-11T20:58:58Z,93.0,Versa 4
2026-05-11T20:59:01Z,91.0,Versa 4
2026-05-11T20:59:02Z,93.0,Versa 4
2026-05-11T20:59:04Z,94.0,Versa 4
2026-05-11T20:59:06Z,93.0,Versa 4
2026-05-11T20:59:08Z,95.0,Versa 4
2026-05-11T20:59:11Z,95.0,Versa 4
2026-05-11T20:59:12Z,97.0,Versa 4
2026-05-11T20:59:14Z,94.0,Versa 4
2026-05-11T20:59:16Z,95.0,Versa 4
2026-05-11T20:59:18Z,94.0,Versa 4
2026-05-11T20:59:20Z,98.0,Versa 4
2026-05-11T20:59:22Z,98.0,Versa 4
2026-05-11T20:59:24Z,99.0,Versa 4
2026-05-11T20:59:25Z,99.0,Versa 4
2026-05-11T20:59:27Z,97.0,Versa 4
2026-05-11T20:59:29Z,95.0,Versa 4
2026-05-11T20:59:31Z,94.0,Versa 4
2026-05-11T20:59:33Z,95.0,Versa 4
2026-05-11T20:59:35Z,94.0,Versa 4
2026-05-11T20:59:37Z,95.0,Versa 4
2026-05-11T20:59:39Z,96.0,Versa 4
2026-05-11T20:59:41Z,97.0,Versa 4
2026-05-11T20:59:44Z,97.0,Versa 4
2026-05-11T20:59:45Z,98.0,Versa 4
2026-05-11T20:59:48Z,98.0,Versa 4
2026-05-11T20:59:49Z,97.0,Versa 4
2026-05-11T20:59:52Z,99.0,Versa 4
2026-05-11T20:59:55Z,99.0,Versa 4
2026-05-11T20:59:58Z,98.0,Versa 4
2026-05-11T21:00:01Z,98.0,Versa 4
2026-05-11T21:00:02Z,95.0,Versa 4
2026-05-11T21:00:04Z,93.0,Versa 4
2026-05-11T21:00:07Z,93.0,Versa 4
2026-05-11T21:00:08Z,92.0,Versa 4
2026-05-11T21:00:11Z,92.0,Versa 4
2026-05-11T21:00:13Z,93.0,Versa 4
2026-05-11T21:00:16Z,93.0,Versa 4
2026-05-11T21:00:17Z,94.0,Versa 4
2026-05-11T21:00:19Z,95.0,Versa 4
2026-05-11T21:00:22Z,95.0,Versa 4
2026-05-11T21:00:25Z,96.0,Versa 4
2026-05-11T21:00:28Z,96.0,Versa 4
2026-05-11T21:00:29Z,97.0,Versa 4
2026-05-11T21:00:31Z,96.0,Versa 4
2026-05-11T21:00:33Z,95.0,Versa 4
2026-05-11T21:00:35Z,96.0,Versa 4
2026-05-11T21:00:38Z,96.0,Versa 4
2026-05-11T21:00:40Z,98.0,Versa 4
2026-05-11T21:00:42Z,95.0,Versa 4
2026-05-11T21:00:44Z,97.0,Versa 4
2026-05-11T21:00:46Z,94.0,Versa 4
2026-05-11T21:00:48Z,91.0,Versa 4
2026-05-11T21:00:50Z,89.0,Versa 4
2026-05-11T21:00:52Z,87.0,Versa 4
2026-05-11T21:00:54Z,85.0,Versa 4
2026-05-11T21:00:56Z,85.0,Versa 4
2026-05-11T21:00:58Z,86.0,Versa 4
2026-05-11T21:01:00Z,87.0,Versa 4
2026-05-11T21:01:01Z,90.0,Versa 4
2026-05-11T21:01:03Z,93.0,Versa 4
2026-05-11T21:01:05Z,96.0,Versa 4
2026-05-11T21:01:07Z,94.0,Versa 4
2026-05-11T21:01:09Z,92.0,Versa 4
2026-05-11T21:01:11Z,88.0,Versa 4
2026-05-11T21:01:13Z,85.0,Versa 4
2026-05-11T21:01:16Z,85.0,Versa 4
2026-05-11T21:01:17Z,86.0,Versa 4
2026-05-11T21:01:19Z,87.0,Versa 4
2026-05-11T21:01:21Z,86.0,Versa 4
2026-05-11T21:01:23Z,83.0,Versa 4
2026-05-11T21:01:25Z,82.0,Versa 4
2026-05-11T21:01:28Z,84.0,Versa 4
2026-05-11T21:01:30Z,86.0,Versa 4
2026-05-11T21:01:32Z,85.0,Versa 4
2026-05-11T21:01:34Z,87.0,Versa 4
2026-05-11T21:01:36Z,84.0,Versa 4
2026-05-11T21:01:38Z,85.0,Versa 4
2026-05-11T21:01:40Z,84.0,Versa 4
2026-05-11T21:01:42Z,85.0,Versa 4
2026-05-11T21:01:44Z,85.0,Versa 4
2026-05-11T21:01:47Z,85.0,Versa 4
2026-05-11T21:01:49Z,86.0,Versa 4
2026-05-11T21:01:52Z,86.0,Versa 4
2026-05-11T21:01:53Z,87.0,Versa 4
2026-05-11T21:01:56Z,87.0,Versa 4
2026-05-11T21:01:59Z,86.0,Versa 4
2026-05-11T21:02:01Z,88.0,Versa 4
2026-05-11T21:02:03Z,92.0,Versa 4
2026-05-11T21:02:06Z,92.0,Versa 4
2026-05-11T21:02:09Z,91.0,Versa 4
2026-05-11T21:02:11Z,89.0,Versa 4
2026-05-11T21:02:13Z,88.0,Versa 4
2026-05-11T21:02:14Z,87.0,Versa 4
2026-05-11T21:02:16Z,85.0,Versa 4
2026-05-11T21:02:18Z,84.0,Versa 4
2026-05-11T21:02:20Z,82.0,Versa 4
2026-05-11T21:02:22Z,82.0,Versa 4
2026-05-11T21:02:24Z,81.0,Versa 4
2026-05-11T21:02:26Z,80.0,Versa 4
2026-05-11T21:02:28Z,80.0,Versa 4
2026-05-11T21:02:31Z,80.0,Versa 4
2026-05-11T21:02:34Z,79.0,Versa 4
2026-05-11T21:02:36Z,78.0,Versa 4
2026-05-11T21:02:37Z,78.0,Versa 4
2026-05-11T21:02:39Z,78.0,Versa 4
2026-05-11T21:02:42Z,78.0,Versa 4
2026-05-11T21:02:43Z,78.0,Versa 4
2026-05-11T21:02:46Z,78.0,Versa 4
2026-05-11T21:02:49Z,78.0,Versa 4
2026-05-11T21:02:52Z,78.0,Versa 4
2026-05-11T21:02:53Z,79.0,Versa 4
2026-05-11T21:02:56Z,79.0,Versa 4
2026-05-11T21:02:57Z,79.0,Versa 4
2026-05-11T21:02:59Z,80.0,Versa 4
2026-05-11T21:03:02Z,80.0,Versa 4
2026-05-11T21:03:04Z,79.0,Versa 4
2026-05-11T21:03:06Z,78.0,Versa 4
2026-05-11T21:03:09Z,78.0,Versa 4
2026-05-11T21:03:10Z,77.0,Versa 4
2026-05-11T21:03:12Z,76.0,Versa 4
2026-05-11T21:03:15Z,76.0,Versa 4
2026-05-11T21:03:18Z,76.0,Versa 4
2026-05-11T21:03:21Z,76.0,Versa 4
2026-05-11T21:03:22Z,75.0,Versa 4
2026-05-11T21:03:25Z,78.0,Versa 4
2026-05-11T21:03:28Z,78.0,Versa 4
2026-05-11T21:03:29Z,78.0,Versa 4
2026-05-11T21:03:32Z,78.0,Versa 4
2026-05-11T21:03:33Z,77.0,Versa 4
2026-05-11T21:03:36Z,77.0,Versa 4
2026-05-11T21:03:37Z,78.0,Versa 4
2026-05-11T21:03:39Z,81.0,Versa 4
2026-05-11T21:03:41Z,82.0,Versa 4
2026-05-11T21:03:43Z,83.0,Versa 4
2026-05-11T21:03:46Z,83.0,Versa 4
2026-05-11T21:03:47Z,82.0,Versa 4
2026-05-11T21:03:50Z,82.0,Versa 4
2026-05-11T21:03:53Z,82.0,Versa 4
2026-05-11T21:03:54Z,80.0,Versa 4
2026-05-11T21:03:56Z,78.0,Versa 4
2026-05-11T21:03:58Z,77.0,Versa 4
2026-05-11T21:04:00Z,76.0,Versa 4
2026-05-11T21:04:03Z,76.0,Versa 4
2026-05-11T21:04:04Z,76.0,Versa 4
2026-05-11T21:04:07Z,76.0,Versa 4
2026-05-11T21:04:08Z,74.0,Versa 4
2026-05-11T21:04:10Z,73.0,Versa 4
2026-05-11T21:04:12Z,74.0,Versa 4
2026-05-11T21:04:15Z,74.0,Versa 4
2026-05-11T21:04:16Z,73.0,Versa 4
2026-05-11T21:04:19Z,73.0,Versa 4
2026-05-11T21:04:20Z,74.0,Versa 4
2026-05-11T21:04:23Z,74.0,Versa 4
2026-05-11T21:04:26Z,76.0,Versa 4
2026-05-11T21:04:27Z,76.0,Versa 4
2026-05-11T21:04:29Z,75.0,Versa 4
2026-05-11T21:04:32Z,75.0,Versa 4
2026-05-11T21:04:35Z,74.0,Versa 4
2026-05-11T21:04:38Z,74.0,Versa 4
2026-05-11T21:04:41Z,73.0,Versa 4
2026-05-11T21:04:43Z,72.0,Versa 4
2026-05-11T21:04:45Z,73.0,Versa 4
2026-05-11T21:04:48Z,73.0,Versa 4
2026-05-11T21:04:50Z,74.0,Versa 4
2026-05-11T21:04:53Z,74.0,Versa 4
2026-05-11T21:04:54Z,77.0,Versa 4
2026-05-11T21:04:56Z,79.0,Versa 4
2026-05-11T21:04:58Z,80.0,Versa 4
2026-05-11T21:05:00Z,79.0,Versa 4
2026-05-11T21:05:02Z,77.0,Versa 4
2026-05-11T21:05:04Z,76.0,Versa 4
2026-05-11T21:05:06Z,75.0,Versa 4
2026-05-11T21:05:08Z,74.0,Versa 4
2026-05-11T21:05:11Z,74.0,Versa 4
2026-05-11T21:05:12Z,73.0,Versa 4
2026-05-11T21:05:14Z,72.0,Versa 4
2026-05-11T21:05:17Z,72.0,Versa 4
2026-05-11T21:05:20Z,72.0,Versa 4
2026-05-11T21:05:23Z,72.0,Versa 4
2026-05-11T21:05:26Z,72.0,Versa 4
2026-05-11T21:05:29Z,71.0,Versa 4
2026-05-11T21:05:32Z,71.0,Versa 4
2026-05-11T21:05:35Z,71.0,Versa 4
2026-05-11T21:05:38Z,71.0,Versa 4
2026-05-11T21:05:41Z,71.0,Versa 4
2026-05-11T21:05:42Z,70.0,Versa 4
2026-05-11T21:05:45Z,70.0,Versa 4
2026-05-11T21:05:46Z,70.0,Versa 4
2026-05-11T21:05:49Z,70.0,Versa 4
2026-05-11T21:05:52Z,70.0,Versa 4
2026-05-11T21:05:54Z,71.0,Versa 4
2026-05-11T21:05:57Z,71.0,Versa 4
2026-05-11T21:05:58Z,72.0,Versa 4
2026-05-11T21:06:00Z,71.0,Versa 4
2026-05-11T21:06:03Z,70.0,Versa 4
2026-05-11T21:06:06Z,70.0,Versa 4
2026-05-11T21:06:09Z,71.0,Versa 4
2026-05-11T21:06:12Z,71.0,Versa 4
2026-05-11T21:06:13Z,70.0,Versa 4
2026-05-11T21:06:16Z,70.0,Versa 4
2026-05-11T21:06:19Z,70.0,Versa 4
2026-05-11T21:06:22Z,70.0,Versa 4
2026-05-11T21:06:25Z,70.0,Versa 4
2026-05-11T21:06:28Z,70.0,Versa 4
2026-05-11T21:06:31Z,70.0,Versa 4
2026-05-11T21:06:34Z,70.0,Versa 4
2026-05-11T21:06:37Z,70.0,Versa 4
2026-05-11T21:06:40Z,70.0,Versa 4
2026-05-11T21:06:42Z,69.0,Versa 4
2026-05-11T21:06:45Z,69.0,Versa 4
2026-05-11T21:06:48Z,69.0,Versa 4
2026-05-11T21:06:51Z,69.0,Versa 4
2026-05-11T21:06:53Z,69.0,Versa 4
2026-05-11T21:06:55Z,70.0,Versa 4
2026-05-11T21:06:57Z,73.0,Versa 4
2026-05-11T21:06:59Z,77.0,Versa 4
2026-05-11T21:07:01Z,78.0,Versa 4
2026-05-11T21:07:03Z,79.0,Versa 4
2026-05-11T21:07:05Z,78.0,Versa 4
2026-05-11T21:07:08Z,78.0,Versa 4
2026-05-11T21:07:09Z,77.0,Versa 4
2026-05-11T21:07:11Z,76.0,Versa 4
2026-05-11T21:07:13Z,75.0,Versa 4
2026-05-11T21:07:14Z,74.0,Versa 4
2026-05-11T21:07:17Z,74.0,Versa 4
2026-05-11T21:07:20Z,73.0,Versa 4
2026-05-11T21:07:22Z,72.0,Versa 4
2026-05-11T21:07:25Z,72.0,Versa 4
2026-05-11T21:07:28Z,71.0,Versa 4
2026-05-11T21:07:30Z,70.0,Versa 4
2026-05-11T21:07:33Z,70.0,Versa 4
2026-05-11T21:07:36Z,70.0,Versa 4
2026-05-11T21:07:39Z,70.0,Versa 4
2026-05-11T21:07:42Z,70.0,Versa 4
2026-05-11T21:07:45Z,70.0,Versa 4
2026-05-11T21:07:48Z,70.0,Versa 4
2026-05-11T21:07:51Z,70.0,Versa 4
2026-05-11T21:07:53Z,71.0,Versa 4
2026-05-11T21:07:56Z,71.0,Versa 4
2026-05-11T21:07:59Z,70.0,Versa 4
2026-05-11T21:08:02Z,70.0,Versa 4
2026-05-11T21:08:04Z,70.0,Versa 4
2026-05-11T21:08:06Z,71.0,Versa 4
2026-05-11T21:08:08Z,70.0,Versa 4
2026-05-11T21:08:11Z,70.0,Versa 4
2026-05-11T21:08:14Z,70.0,Versa 4
2026-05-11T21:08:17Z,70.0,Versa 4
2026-05-11T21:08:20Z,70.0,Versa 4
2026-05-11T21:08:23Z,70.0,Versa 4
2026-05-11T21:08:26Z,71.0,Versa 4
2026-05-11T21:08:27Z,72.0,Versa 4
2026-05-11T21:08:29Z,71.0,Versa 4
2026-05-11T21:08:31Z,70.0,Versa 4
2026-05-11T21:08:34Z,70.0,Versa 4
2026-05-11T21:08:37Z,70.0,Versa 4
2026-05-11T21:08:39Z,71.0,Versa 4
2026-05-11T21:08:42Z,71.0,Versa 4
2026-05-11T21:08:43Z,70.0,Versa 4
2026-05-11T21:08:46Z,70.0,Versa 4
2026-05-11T21:08:49Z,70.0,Versa 4
2026-05-11T21:08:52Z,70.0,Versa 4
2026-05-11T21:08:55Z,70.0,Versa 4
2026-05-11T21:08:58Z,70.0,Versa 4
2026-05-11T21:09:01Z,70.0,Versa 4
2026-05-11T21:09:04Z,70.0,Versa 4
2026-05-11T21:09:07Z,70.0,Versa 4
2026-05-11T21:09:08Z,69.0,Versa 4
2026-05-11T21:09:10Z,68.0,Versa 4
2026-05-11T21:09:12Z,68.0,Versa 4
2026-05-11T21:09:15Z,68.0,Versa 4
2026-05-11T21:09:17Z,69.0,Versa 4
2026-05-11T21:09:20Z,69.0,Versa 4
2026-05-11T21:09:21Z,70.0,Versa 4
2026-05-11T21:09:24Z,70.0,Versa 4
2026-05-11T21:09:27Z,70.0,Versa 4
2026-05-11T21:09:30Z,70.0,Versa 4
2026-05-11T21:09:33Z,70.0,Versa 4
2026-05-11T21:09:35Z,71.0,Versa 4
2026-05-11T21:09:37Z,72.0,Versa 4
2026-05-11T21:09:40Z,72.0,Versa 4
2026-05-11T21:09:43Z,72.0,Versa 4
2026-05-11T21:09:46Z,72.0,Versa 4
2026-05-11T21:09:48Z,73.0,Versa 4
2026-05-11T21:09:51Z,73.0,Versa 4
2026-05-11T21:09:52Z,74.0,Versa 4
2026-05-11T21:09:54Z,73.0,Versa 4
2026-05-11T21:09:57Z,73.0,Versa 4
2026-05-11T21:10:00Z,73.0,Versa 4
2026-05-11T21:10:02Z,72.0,Versa 4
2026-05-11T21:10:05Z,71.0,Versa 4
2026-05-11T21:10:07Z,70.0,Versa 4
2026-05-11T21:10:10Z,70.0,Versa 4
2026-05-11T21:10:13Z,70.0,Versa 4
2026-05-11T21:10:16Z,70.0,Versa 4
2026-05-11T21:10:19Z,70.0,Versa 4
2026-05-11T21:10:21Z,70.0,Versa 4
2026-05-11T21:10:24Z,70.0,Versa 4
2026-05-11T21:10:27Z,70.0,Versa 4
2026-05-11T21:10:30Z,70.0,Versa 4
2026-05-11T21:10:32Z,72.0,Versa 4
2026-05-11T21:10:35Z,72.0,Versa 4
2026-05-11T21:10:38Z,70.0,Versa 4
2026-05-11T21:10:41Z,70.0,Versa 4
2026-05-11T21:10:44Z,71.0,Versa 4
2026-05-11T21:10:47Z,71.0,Versa 4
2026-05-11T21:10:48Z,72.0,Versa 4
2026-05-11T21:10:51Z,73.0,Versa 4
2026-05-11T21:10:53Z,74.0,Versa 4
2026-05-11T21:10:55Z,73.0,Versa 4
2026-05-11T21:10:57Z,72.0,Versa 4
2026-05-11T21:11:00Z,72.0,Versa 4
2026-05-11T21:11:03Z,72.0,Versa 4
2026-05-11T21:11:05Z,71.0,Versa 4
2026-05-11T21:11:07Z,72.0,Versa 4
2026-05-11T21:11:10Z,72.0,Versa 4
2026-05-11T21:11:13Z,70.0,Versa 4
2026-05-11T21:11:16Z,70.0,Versa 4
2026-05-11T21:11:18Z,71.0,Versa 4
2026-05-11T21:11:21Z,71.0,Versa 4
2026-05-11T21:11:24Z,72.0,Versa 4
2026-05-11T21:11:26Z,75.0,Versa 4
2026-05-11T21:11:28Z,76.0,Versa 4
2026-05-11T21:11:30Z,76.0,Versa 4
2026-05-11T21:11:32Z,74.0,Versa 4
2026-05-11T21:11:35Z,74.0,Versa 4
2026-05-11T21:11:36Z,72.0,Versa 4
2026-05-11T21:11:38Z,71.0,Versa 4
2026-05-11T21:11:41Z,71.0,Versa 4
2026-05-11T21:11:43Z,70.0,Versa 4
2026-05-11T21:11:46Z,70.0,Versa 4
2026-05-11T21:11:49Z,70.0,Versa 4
2026-05-11T21:11:52Z,70.0,Versa 4
2026-05-11T21:11:55Z,69.0,Versa 4
2026-05-11T21:11:58Z,69.0,Versa 4
2026-05-11T21:12:01Z,69.0,Versa 4
2026-05-11T21:12:04Z,69.0,Versa 4
2026-05-11T21:12:06Z,70.0,Versa 4
2026-05-11T21:12:09Z,70.0,Versa 4
2026-05-11T21:12:12Z,70.0,Versa 4
2026-05-11T21:12:15Z,70.0,Versa 4
2026-05-11T21:12:18Z,70.0,Versa 4
2026-05-11T21:12:21Z,70.0,Versa 4
2026-05-11T21:12:24Z,71.0,Versa 4
2026-05-11T21:12:26Z,72.0,Versa 4
2026-05-11T21:12:29Z,72.0,Versa 4
2026-05-11T21:12:32Z,72.0,Versa 4
2026-05-11T21:12:35Z,72.0,Versa 4
2026-05-11T21:12:37Z,73.0,Versa 4
2026-05-11T21:12:40Z,73.0,Versa 4
2026-05-11T21:12:41Z,73.0,Versa 4
2026-05-11T21:12:43Z,72.0,Versa 4
2026-05-11T21:12:46Z,72.0,Versa 4
2026-05-11T21:12:49Z,72.0,Versa 4
2026-05-11T21:12:52Z,72.0,Versa 4
2026-05-11T21:12:54Z,73.0,Versa 4
2026-05-11T21:12:57Z,73.0,Versa 4
2026-05-11T21:13:00Z,73.0,Versa 4
2026-05-11T21:13:03Z,73.0,Versa 4
2026-05-11T21:13:04Z,72.0,Versa 4
2026-05-11T21:13:07Z,72.0,Versa 4
2026-05-11T21:13:10Z,73.0,Versa 4
2026-05-11T21:13:12Z,74.0,Versa 4
2026-05-11T21:13:14Z,73.0,Versa 4
2026-05-11T21:13:17Z,74.0,Versa 4
2026-05-11T21:13:20Z,74.0,Versa 4
2026-05-11T21:13:21Z,76.0,Versa 4
2026-05-11T21:13:24Z,76.0,Versa 4
2026-05-11T21:13:25Z,74.0,Versa 4
2026-05-11T21:13:28Z,74.0,Versa 4
2026-05-11T21:13:29Z,73.0,Versa 4
2026-05-11T21:13:31Z,72.0,Versa 4
2026-05-11T21:13:33Z,73.0,Versa 4
2026-05-11T21:13:35Z,74.0,Versa 4
2026-05-11T21:13:38Z,73.0,Versa 4
2026-05-11T21:13:40Z,72.0,Versa 4
2026-05-11T21:13:43Z,72.0,Versa 4
2026-05-11T21:13:44Z,72.0,Versa 4
2026-05-11T21:13:47Z,72.0,Versa 4
2026-05-11T21:13:50Z,72.0,Versa 4
2026-05-11T21:13:52Z,71.0,Versa 4
2026-05-11T21:13:54Z,70.0,Versa 4
2026-05-11T21:13:57Z,70.0,Versa 4
2026-05-11T21:13:58Z,71.0,Versa 4
2026-05-11T21:14:00Z,72.0,Versa 4
2026-05-11T21:14:02Z,74.0,Versa 4
2026-05-11T21:14:05Z,72.0,Versa 4
2026-05-11T21:14:07Z,71.0,Versa 4
2026-05-11T21:14:09Z,70.0,Versa 4
2026-05-11T21:14:11Z,69.0,Versa 4
2026-05-11T21:14:14Z,69.0,Versa 4
2026-05-11T21:14:15Z,70.0,Versa 4
2026-05-11T21:14:18Z,70.0,Versa 4
2026-05-11T21:14:21Z,70.0,Versa 4
2026-05-11T21:14:23Z,71.0,Versa 4
2026-05-11T21:14:25Z,72.0,Versa 4
2026-05-11T21:14:28Z,72.0,Versa 4
2026-05-11T21:14:31Z,72.0,Versa 4
2026-05-11T21:14:34Z,72.0,Versa 4
2026-05-11T21:14:37Z,72.0,Versa 4
2026-05-11T21:14:40Z,72.0,Versa 4
2026-05-11T21:14:43Z,72.0,Versa 4
2026-05-11T21:14:46Z,73.0,Versa 4
2026-05-11T21:14:49Z,73.0,Versa 4
2026-05-11T21:14:50Z,73.0,Versa 4
2026-05-11T21:14:53Z,73.0,Versa 4
2026-05-11T21:14:56Z,73.0,Versa 4
2026-05-11T21:14:57Z,72.0,Versa 4
2026-05-11T21:15:00Z,72.0,Versa 4
2026-05-11T21:15:03Z,72.0,Versa 4
2026-05-11T21:15:06Z,72.0,Versa 4
2026-05-11T21:15:09Z,72.0,Versa 4
2026-05-11T21:15:11Z,71.0,Versa 4
2026-05-11T21:15:13Z,70.0,Versa 4
2026-05-11T21:15:14Z,69.0,Versa 4
2026-05-11T21:15:17Z,69.0,Versa 4
2026-05-11T21:15:20Z,70.0,Versa 4
2026-05-11T21:15:23Z,70.0,Versa 4
2026-05-11T21:15:24Z,71.0,Versa 4
2026-05-11T21:15:26Z,72.0,Versa 4
2026-05-11T21:15:29Z,72.0,Versa 4
2026-05-11T21:15:30Z,74.0,Versa 4
2026-05-11T21:15:32Z,75.0,Versa 4
2026-05-11T21:15:35Z,75.0,Versa 4
2026-05-11T21:15:36Z,73.0,Versa 4
2026-05-11T21:15:38Z,71.0,Versa 4
2026-05-11T21:15:39Z,69.0,Versa 4
2026-05-11T21:15:42Z,69.0,Versa 4
2026-05-11T21:15:43Z,68.0,Versa 4
2026-05-11T21:15:46Z,68.0,Versa 4
2026-05-11T21:15:49Z,68.0,Versa 4
2026-05-11T21:15:51Z,69.0,Versa 4
2026-05-11T21:15:54Z,69.0,Versa 4
2026-05-11T21:15:57Z,70.0,Versa 4
2026-05-11T21:15:59Z,70.0,Versa 4
2026-05-11T21:16:01Z,71.0,Versa 4
2026-05-11T21:16:02Z,74.0,Versa 4
2026-05-11T21:16:04Z,73.0,Versa 4
2026-05-11T21:16:06Z,71.0,Versa 4
2026-05-11T21:16:08Z,70.0,Versa 4
2026-05-11T21:16:11Z,70.0,Versa 4
2026-05-11T21:16:14Z,70.0,Versa 4
2026-05-11T21:16:17Z,70.0,Versa 4
2026-05-11T21:16:20Z,70.0,Versa 4
2026-05-11T21:16:22Z,71.0,Versa 4
2026-05-11T21:16:25Z,71.0,Versa 4
2026-05-11T21:16:26Z,72.0,Versa 4
2026-05-11T21:16:29Z,72.0,Versa 4
2026-05-11T21:16:31Z,73.0,Versa 4
2026-05-11T21:16:33Z,75.0,Versa 4
2026-05-11T21:16:35Z,76.0,Versa 4
2026-05-11T21:16:37Z,75.0,Versa 4
2026-05-11T21:16:39Z,72.0,Versa 4
2026-05-11T21:16:41Z,69.0,Versa 4
2026-05-11T21:16:43Z,67.0,Versa 4
2026-05-11T21:16:45Z,69.0,Versa 4
2026-05-11T21:16:47Z,68.0,Versa 4
2026-05-11T21:16:49Z,70.0,Versa 4
2026-05-11T21:16:50Z,72.0,Versa 4
2026-05-11T21:16:53Z,72.0,Versa 4
2026-05-11T21:16:54Z,73.0,Versa 4
2026-05-11T21:16:56Z,74.0,Versa 4
2026-05-11T21:16:58Z,72.0,Versa 4
2026-05-11T21:17:01Z,72.0,Versa 4
2026-05-11T21:17:04Z,72.0,Versa 4
2026-05-11T21:17:06Z,74.0,Versa 4
2026-05-11T21:17:09Z,74.0,Versa 4
2026-05-11T21:17:12Z,73.0,Versa 4
2026-05-11T21:17:14Z,72.0,Versa 4
2026-05-11T21:17:15Z,74.0,Versa 4
2026-05-11T21:17:17Z,75.0,Versa 4
2026-05-11T21:17:19Z,74.0,Versa 4
2026-05-11T21:17:21Z,72.0,Versa 4
2026-05-11T21:17:23Z,70.0,Versa 4
2026-05-11T21:17:25Z,69.0,Versa 4
2026-05-11T21:17:28Z,69.0,Versa 4
2026-05-11T21:17:29Z,69.0,Versa 4
2026-05-11T21:17:31Z,71.0,Versa 4
2026-05-11T21:17:33Z,75.0,Versa 4
2026-05-11T21:17:35Z,77.0,Versa 4
2026-05-11T21:17:37Z,76.0,Versa 4
2026-05-11T21:17:38Z,74.0,Versa 4
2026-05-11T21:17:40Z,73.0,Versa 4
2026-05-11T21:17:42Z,72.0,Versa 4
2026-05-11T21:17:44Z,70.0,Versa 4
2026-05-11T21:17:46Z,70.0,Versa 4
2026-05-11T21:17:49Z,70.0,Versa 4
2026-05-11T21:17:50Z,71.0,Versa 4
2026-05-11T21:17:52Z,73.0,Versa 4
2026-05-11T21:17:54Z,74.0,Versa 4
2026-05-11T21:17:56Z,76.0,Versa 4
2026-05-11T21:17:59Z,76.0,Versa 4
2026-05-11T21:18:00Z,75.0,Versa 4
2026-05-11T21:18:02Z,74.0,Versa 4
2026-05-11T21:18:03Z,73.0,Versa 4
2026-05-11T21:18:06Z,73.0,Versa 4
2026-05-11T21:18:09Z,72.0,Versa 4
2026-05-11T21:18:12Z,72.0,Versa 4
2026-05-11T21:18:15Z,72.0,Versa 4
2026-05-11T21:18:18Z,72.0,Versa 4
2026-05-11T21:18:21Z,72.0,Versa 4
2026-05-11T21:18:23Z,74.0,Versa 4
2026-05-11T21:18:25Z,77.0,Versa 4
2026-05-11T21:18:26Z,80.0,Versa 4
2026-05-11T21:18:28Z,84.0,Versa 4
2026-05-11T21:18:30Z,86.0,Versa 4
2026-05-11T21:18:32Z,85.0,Versa 4
2026-05-11T21:18:34Z,81.0,Versa 4
2026-05-11T21:18:36Z,75.0,Versa 4
2026-05-11T21:18:38Z,72.0,Versa 4
2026-05-11T21:18:41Z,72.0,Versa 4
2026-05-11T21:18:42Z,70.0,Versa 4
2026-05-11T21:18:44Z,70.0,Versa 4
2026-05-11T21:18:47Z,70.0,Versa 4
2026-05-11T21:18:48Z,69.0,Versa 4
2026-05-11T21:18:50Z,68.0,Versa 4
2026-05-11T21:18:51Z,69.0,Versa 4
2026-05-11T21:18:54Z,69.0,Versa 4
2026-05-11T21:18:55Z,70.0,Versa 4
2026-05-11T21:18:58Z,70.0,Versa 4
2026-05-11T21:18:59Z,69.0,Versa 4
2026-05-11T21:19:01Z,70.0,Versa 4
2026-05-11T21:19:04Z,70.0,Versa 4
2026-05-11T21:19:07Z,69.0,Versa 4
2026-05-11T21:19:10Z,69.0,Versa 4
2026-05-11T21:19:11Z,68.0,Versa 4
2026-05-11T21:19:14Z,69.0,Versa 4
2026-05-11T21:19:16Z,70.0,Versa 4
2026-05-11T21:19:18Z,71.0,Versa 4
2026-05-11T21:19:21Z,71.0,Versa 4
2026-05-11T21:19:22Z,69.0,Versa 4
2026-05-11T21:19:24Z,67.0,Versa 4
2026-05-11T21:19:26Z,66.0,Versa 4
2026-05-11T21:19:29Z,66.0,Versa 4
2026-05-11T21:19:30Z,67.0,Versa 4
2026-05-11T21:19:32Z,68.0,Versa 4
2026-05-11T21:19:34Z,67.0,Versa 4
2026-05-11T21:19:37Z,67.0,Versa 4
2026-05-11T21:19:38Z,66.0,Versa 4
2026-05-11T21:19:39Z,67.0,Versa 4
2026-05-11T21:19:41Z,68.0,Versa 4
2026-05-11T21:19:44Z,68.0,Versa 4
2026-05-11T21:19:47Z,68.0,Versa 4
2026-05-11T21:19:50Z,68.0,Versa 4
2026-05-11T21:19:53Z,69.0,Versa 4
2026-05-11T21:19:56Z,69.0,Versa 4
2026-05-11T21:19:57Z,68.0,Versa 4
2026-05-11T21:19:59Z,67.0,Versa 4
2026-05-11T21:20:01Z,65.0,Versa 4
2026-05-11T21:20:02Z,64.0,Versa 4
2026-05-11T21:20:04Z,65.0,Versa 4
2026-05-11T21:20:06Z,66.0,Versa 4
2026-05-11T21:20:08Z,67.0,Versa 4
2026-05-11T21:20:10Z,68.0,Versa 4
2026-05-11T21:20:12Z,69.0,Versa 4
2026-05-11T21:20:14Z,70.0,Versa 4
2026-05-11T21:20:16Z,71.0,Versa 4
2026-05-11T21:20:18Z,69.0,Versa 4
2026-05-11T21:20:20Z,67.0,Versa 4
2026-05-11T21:20:22Z,65.0,Versa 4
2026-05-11T21:20:24Z,64.0,Versa 4
2026-05-11T21:20:27Z,65.0,Versa 4
2026-05-11T21:20:30Z,65.0,Versa 4
2026-05-11T21:20:33Z,65.0,Versa 4
2026-05-11T21:20:36Z,65.0,Versa 4
2026-05-11T21:20:37Z,64.0,Versa 4
2026-05-11T21:20:39Z,65.0,Versa 4
2026-05-11T21:20:42Z,65.0,Versa 4
2026-05-11T21:20:45Z,65.0,Versa 4
2026-05-11T21:20:48Z,65.0,Versa 4
2026-05-11T21:20:49Z,66.0,Versa 4
2026-05-11T21:20:52Z,67.0,Versa 4
2026-05-11T21:20:54Z,68.0,Versa 4
2026-05-11T21:20:57Z,68.0,Versa 4
2026-05-11T21:20:58Z,66.0,Versa 4
2026-05-11T21:21:01Z,66.0,Versa 4
2026-05-11T21:21:04Z,66.0,Versa 4
2026-05-11T21:21:07Z,66.0,Versa 4
2026-05-11T21:21:08Z,67.0,Versa 4
2026-05-11T21:21:10Z,66.0,Versa 4
2026-05-11T21:21:13Z,66.0,Versa 4
2026-05-11T21:21:14Z,67.0,Versa 4
2026-05-11T21:21:15Z,68.0,Versa 4
2026-05-11T21:21:18Z,68.0,Versa 4
2026-05-11T21:21:21Z,68.0,Versa 4
2026-05-11T21:21:24Z,68.0,Versa 4
2026-05-11T21:21:27Z,68.0,Versa 4
2026-05-11T21:21:30Z,68.0,Versa 4
2026-05-11T21:21:31Z,67.0,Versa 4
2026-05-11T21:21:33Z,66.0,Versa 4
2026-05-11T21:21:36Z,66.0,Versa 4
2026-05-11T21:21:39Z,66.0,Versa 4
2026-05-11T21:21:42Z,66.0,Versa 4
2026-05-11T21:21:44Z,66.0,Versa 4
2026-05-11T21:21:47Z,66.0,Versa 4
2026-05-11T21:21:48Z,67.0,Versa 4
2026-05-11T21:21:50Z,67.0,Versa 4
2026-05-11T21:21:52Z,68.0,Versa 4
2026-05-11T21:21:55Z,68.0,Versa 4
2026-05-11T21:21:56Z,68.0,Versa 4
2026-05-11T21:21:58Z,66.0,Versa 4
2026-05-11T21:22:00Z,65.0,Versa 4
2026-05-11T21:22:02Z,65.0,Versa 4
2026-05-11T21:22:03Z,64.0,Versa 4
2026-05-11T21:22:06Z,64.0,Versa 4
2026-05-11T21:22:09Z,65.0,Versa 4
2026-05-11T21:22:11Z,66.0,Versa 4
2026-05-11T21:22:14Z,66.0,Versa 4
2026-05-11T21:22:15Z,65.0,Versa 4
2026-05-11T21:22:18Z,65.0,Versa 4
2026-05-11T21:22:21Z,66.0,Versa 4
2026-05-11T21:22:24Z,66.0,Versa 4
2026-05-11T21:22:27Z,66.0,Versa 4
2026-05-11T21:22:30Z,66.0,Versa 4
2026-05-11T21:22:33Z,66.0,Versa 4
2026-05-11T21:22:36Z,66.0,Versa 4
2026-05-11T21:22:39Z,66.0,Versa 4
2026-05-11T21:22:42Z,66.0,Versa 4
2026-05-11T21:22:44Z,66.0,Versa 4
2026-05-11T21:22:47Z,66.0,Versa 4
2026-05-11T21:22:48Z,66.0,Versa 4
2026-05-11T21:22:51Z,66.0,Versa 4
2026-05-11T21:22:54Z,66.0,Versa 4
2026-05-11T21:22:57Z,66.0,Versa 4
2026-05-11T21:23:00Z,66.0,Versa 4
2026-05-11T21:23:03Z,66.0,Versa 4
2026-05-11T21:23:06Z,66.0,Versa 4
2026-05-11T21:23:07Z,65.0,Versa 4
2026-05-11T21:23:10Z,65.0,Versa 4
2026-05-11T21:23:13Z,64.0,Versa 4
2026-05-11T21:23:16Z,64.0,Versa 4
2026-05-11T21:23:19Z,64.0,Versa 4
2026-05-11T21:23:22Z,65.0,Versa 4
2026-05-11T21:23:24Z,66.0,Versa 4
2026-05-11T21:23:27Z,66.0,Versa 4
2026-05-11T21:23:30Z,66.0,Versa 4
2026-05-11T21:23:33Z,66.0,Versa 4
2026-05-11T21:23:36Z,67.0,Versa 4
2026-05-11T21:23:39Z,66.0,Versa 4
2026-05-11T21:23:41Z,67.0,Versa 4
2026-05-11T21:23:43Z,66.0,Versa 4
2026-05-11T21:23:46Z,66.0,Versa 4
2026-05-11T21:23:49Z,66.0,Versa 4
2026-05-11T21:23:52Z,66.0,Versa 4
2026-05-11T21:23:55Z,66.0,Versa 4
2026-05-11T21:23:58Z,66.0,Versa 4
2026-05-11T21:23:59Z,65.0,Versa 4
2026-05-11T21:24:01Z,65.0,Versa 4
2026-05-11T21:24:04Z,65.0,Versa 4
2026-05-11T21:24:06Z,64.0,Versa 4
2026-05-11T21:24:09Z,64.0,Versa 4
2026-05-11T21:24:12Z,64.0,Versa 4
2026-05-11T21:24:15Z,64.0,Versa 4
2026-05-11T21:24:16Z,65.0,Versa 4
2026-05-11T21:24:19Z,65.0,Versa 4
2026-05-11T21:24:20Z,66.0,Versa 4
2026-05-11T21:24:23Z,66.0,Versa 4
2026-05-11T21:24:26Z,65.0,Versa 4
2026-05-11T21:24:27Z,65.0,Versa 4
2026-05-11T21:24:29Z,66.0,Versa 4
2026-05-11T21:24:31Z,66.0,Versa 4
2026-05-11T21:24:33Z,68.0,Versa 4
2026-05-11T21:24:35Z,69.0,Versa 4
2026-05-11T21:24:37Z,67.0,Versa 4
2026-05-11T21:24:39Z,66.0,Versa 4
2026-05-11T21:24:41Z,64.0,Versa 4
2026-05-11T21:24:44Z,64.0,Versa 4
2026-05-11T21:24:47Z,63.0,Versa 4
2026-05-11T21:24:49Z,64.0,Versa 4
2026-05-11T21:24:52Z,64.0,Versa 4
2026-05-11T21:24:55Z,64.0,Versa 4
2026-05-11T21:24:56Z,65.0,Versa 4
2026-05-11T21:24:59Z,65.0,Versa 4
2026-05-11T21:25:02Z,66.0,Versa 4
2026-05-11T21:25:04Z,66.0,Versa 4
2026-05-11T21:25:07Z,66.0,Versa 4
2026-05-11T21:25:08Z,67.0,Versa 4
2026-05-11T21:25:11Z,67.0,Versa 4
2026-05-11T21:25:12Z,66.0,Versa 4
2026-05-11T21:25:15Z,64.0,Versa 4
2026-05-11T21:25:18Z,64.0,Versa 4
2026-05-11T21:25:21Z,64.0,Versa 4
2026-05-11T21:25:24Z,64.0,Versa 4
2026-05-11T21:25:27Z,65.0,Versa 4
2026-05-11T21:25:30Z,65.0,Versa 4
2026-05-11T21:25:33Z,65.0,Versa 4
2026-05-11T21:25:36Z,65.0,Versa 4
2026-05-11T21:25:39Z,65.0,Versa 4
2026-05-11T21:25:40Z,66.0,Versa 4
2026-05-11T21:25:43Z,66.0,Versa 4
2026-05-11T21:25:46Z,65.0,Versa 4
2026-05-11T21:25:49Z,65.0,Versa 4
2026-05-11T21:25:50Z,66.0,Versa 4
2026-05-11T21:25:53Z,66.0,Versa 4
2026-05-11T21:25:56Z,66.0,Versa 4
2026-05-11T21:25:58Z,65.0,Versa 4
2026-05-11T21:26:01Z,65.0,Versa 4
2026-05-11T21:26:02Z,66.0,Versa 4
2026-05-11T21:26:05Z,66.0,Versa 4
2026-05-11T21:26:08Z,66.0,Versa 4
2026-05-11T21:26:09Z,65.0,Versa 4
2026-05-11T21:26:11Z,65.0,Versa 4
2026-05-11T21:26:14Z,65.0,Versa 4
2026-05-11T21:26:15Z,64.0,Versa 4
2026-05-11T21:26:18Z,64.0,Versa 4
2026-05-11T21:26:21Z,64.0,Versa 4
2026-05-11T21:26:24Z,64.0,Versa 4
2026-05-11T21:26:27Z,64.0,Versa 4
2026-05-11T21:26:28Z,65.0,Versa 4
2026-05-11T21:26:30Z,66.0,Versa 4
2026-05-11T21:26:33Z,66.0,Versa 4
2026-05-11T21:26:34Z,65.0,Versa 4
2026-05-11T21:26:36Z,64.0,Versa 4
2026-05-11T21:26:39Z,64.0,Versa 4
2026-05-11T21:26:40Z,63.0,Versa 4
2026-05-11T21:26:42Z,62.0,Versa 4
2026-05-11T21:26:45Z,62.0,Versa 4
2026-05-11T21:26:48Z,63.0,Versa 4
2026-05-11T21:26:50Z,64.0,Versa 4
2026-05-11T21:26:51Z,65.0,Versa 4
2026-05-11T21:26:54Z,65.0,Versa 4
2026-05-11T21:26:55Z,66.0,Versa 4
2026-05-11T21:26:58Z,66.0,Versa 4
2026-05-11T21:27:01Z,65.0,Versa 4
2026-05-11T21:27:03Z,64.0,Versa 4
2026-05-11T21:27:06Z,64.0,Versa 4
2026-05-11T21:27:09Z,64.0,Versa 4
2026-05-11T21:27:12Z,64.0,Versa 4
2026-05-11T21:27:13Z,64.0,Versa 4
2026-05-11T21:27:16Z,64.0,Versa 4
2026-05-11T21:27:19Z,64.0,Versa 4
2026-05-11T21:27:22Z,64.0,Versa 4
2026-05-11T21:27:25Z,64.0,Versa 4
2026-05-11T21:27:26Z,65.0,Versa 4
2026-05-11T21:27:29Z,65.0,Versa 4
2026-05-11T21:27:32Z,65.0,Versa 4
2026-05-11T21:27:35Z,65.0,Versa 4
2026-05-11T21:27:36Z,66.0,Versa 4
2026-05-11T21:27:39Z,66.0,Versa 4
2026-05-11T21:27:42Z,66.0,Versa 4
2026-05-11T21:27:45Z,66.0,Versa 4
2026-05-11T21:27:48Z,66.0,Versa 4
2026-05-11T21:27:51Z,66.0,Versa 4
2026-05-11T21:27:54Z,66.0,Versa 4
2026-05-11T21:27:55Z,65.0,Versa 4
2026-05-11T21:27:57Z,64.0,Versa 4
2026-05-11T21:28:00Z,64.0,Versa 4
2026-05-11T21:28:03Z,64.0,Versa 4
2026-05-11T21:28:06Z,64.0,Versa 4
2026-05-11T21:28:08Z,66.0,Versa 4
2026-05-11T21:28:11Z,66.0,Versa 4
2026-05-11T21:28:12Z,69.0,Versa 4
2026-05-11T21:28:14Z,71.0,Versa 4
2026-05-11T21:28:16Z,78.0,Versa 4
2026-05-11T21:28:18Z,83.0,Versa 4
2026-05-11T21:28:20Z,85.0,Versa 4
2026-05-11T21:28:22Z,86.0,Versa 4
2026-05-11T21:28:24Z,85.0,Versa 4
2026-05-11T21:28:26Z,81.0,Versa 4
2026-05-11T21:28:27Z,76.0,Versa 4
2026-05-11T21:28:29Z,70.0,Versa 4
2026-05-11T21:28:31Z,69.0,Versa 4
2026-05-11T21:28:33Z,68.0,Versa 4
2026-05-11T21:28:35Z,66.0,Versa 4
2026-05-11T21:28:37Z,64.0,Versa 4
2026-05-11T21:28:39Z,63.0,Versa 4
2026-05-11T21:28:41Z,62.0,Versa 4
2026-05-11T21:28:43Z,60.0,Versa 4
2026-05-11T21:28:46Z,60.0,Versa 4
2026-05-11T21:28:49Z,60.0,Versa 4
2026-05-11T21:28:52Z,60.0,Versa 4
2026-05-11T21:28:55Z,60.0,Versa 4
2026-05-11T21:28:58Z,60.0,Versa 4
2026-05-11T21:29:01Z,60.0,Versa 4
2026-05-11T21:29:04Z,60.0,Versa 4
2026-05-11T21:29:06Z,61.0,Versa 4
2026-05-11T21:29:08Z,62.0,Versa 4
2026-05-11T21:29:11Z,62.0,Versa 4
2026-05-11T21:29:14Z,62.0,Versa 4
2026-05-11T21:29:15Z,61.0,Versa 4
2026-05-11T21:29:18Z,61.0,Versa 4
2026-05-11T21:29:19Z,62.0,Versa 4
2026-05-11T21:29:21Z,62.0,Versa 4
2026-05-11T21:29:24Z,62.0,Versa 4
2026-05-11T21:29:25Z,61.0,Versa 4
2026-05-11T21:29:28Z,61.0,Versa 4
2026-05-11T21:29:29Z,60.0,Versa 4
2026-05-11T21:29:32Z,60.0,Versa 4
2026-05-11T21:29:35Z,60.0,Versa 4
2026-05-11T21:29:38Z,60.0,Versa 4
2026-05-11T21:29:41Z,60.0,Versa 4
2026-05-11T21:29:44Z,60.0,Versa 4
2026-05-11T21:29:47Z,60.0,Versa 4
2026-05-11T21:29:50Z,60.0,Versa 4
2026-05-11T21:29:52Z,59.0,Versa 4
2026-05-11T21:29:55Z,59.0,Versa 4
2026-05-11T21:29:56Z,60.0,Versa 4
2026-05-11T21:29:59Z,60.0,Versa 4
2026-05-11T21:30:02Z,58.0,Versa 4
2026-05-11T21:30:03Z,57.0,Versa 4
2026-05-11T21:30:05Z,56.0,Versa 4
2026-05-11T21:30:08Z,56.0,Versa 4
2026-05-11T21:30:11Z,56.0,Versa 4
2026-05-11T21:30:13Z,57.0,Versa 4
2026-05-11T21:30:16Z,57.0,Versa 4
2026-05-11T21:30:17Z,58.0,Versa 4
2026-05-11T21:30:20Z,58.0,Versa 4
2026-05-11T21:30:23Z,58.0,Versa 4
2026-05-11T21:30:26Z,57.0,Versa 4
2026-05-11T21:30:28Z,57.0,Versa 4
2026-05-11T21:30:31Z,57.0,Versa 4
2026-05-11T21:30:32Z,58.0,Versa 4
2026-05-11T21:30:35Z,58.0,Versa 4
2026-05-11T21:30:38Z,58.0,Versa 4
2026-05-11T21:30:40Z,59.0,Versa 4
2026-05-11T21:30:43Z,59.0,Versa 4
2026-05-11T21:30:46Z,58.0,Versa 4
2026-05-11T21:30:49Z,58.0,Versa 4
2026-05-11T21:30:52Z,58.0,Versa 4
2026-05-11T21:30:55Z,58.0,Versa 4
2026-05-11T21:30:57Z,59.0,Versa 4
2026-05-11T21:31:00Z,59.0,Versa 4
2026-05-11T21:31:01Z,60.0,Versa 4
2026-05-11T21:31:04Z,60.0,Versa 4
2026-05-11T21:31:07Z,60.0,Versa 4
2026-05-11T21:31:09Z,61.0,Versa 4
2026-05-11T21:31:11Z,62.0,Versa 4
2026-05-11T21:31:13Z,61.0,Versa 4
2026-05-11T21:31:16Z,60.0,Versa 4
2026-05-11T21:31:19Z,60.0,Versa 4
2026-05-11T21:31:22Z,60.0,Versa 4
2026-05-11T21:31:25Z,60.0,Versa 4
2026-05-11T21:31:28Z,60.0,Versa 4
2026-05-11T21:31:30Z,59.0,Versa 4
2026-05-11T21:31:32Z,58.0,Versa 4
2026-05-11T21:31:35Z,58.0,Versa 4
2026-05-11T21:31:36Z,58.0,Versa 4
2026-05-11T21:31:39Z,58.0,Versa 4
2026-05-11T21:31:42Z,58.0,Versa 4
2026-05-11T21:31:45Z,59.0,Versa 4
2026-05-11T21:31:47Z,60.0,Versa 4
2026-05-11T21:31:50Z,60.0,Versa 4
2026-05-11T21:31:53Z,60.0,Versa 4
2026-05-11T21:31:56Z,60.0,Versa 4
2026-05-11T21:31:59Z,60.0,Versa 4
2026-05-11T21:32:02Z,60.0,Versa 4
2026-05-11T21:32:05Z,60.0,Versa 4
2026-05-11T21:32:08Z,60.0,Versa 4
2026-05-11T21:32:11Z,60.0,Versa 4
2026-05-11T21:32:14Z,60.0,Versa 4
2026-05-11T21:32:17Z,60.0,Versa 4
2026-05-11T21:32:20Z,60.0,Versa 4
2026-05-11T21:32:23Z,60.0,Versa 4
2026-05-11T21:32:26Z,60.0,Versa 4
2026-05-11T21:32:29Z,60.0,Versa 4
2026-05-11T21:32:32Z,60.0,Versa 4
2026-05-11T21:32:35Z,60.0,Versa 4
2026-05-11T21:32:38Z,60.0,Versa 4
2026-05-11T21:32:41Z,60.0,Versa 4
2026-05-11T21:32:43Z,61.0,Versa 4
2026-05-11T21:32:46Z,61.0,Versa 4
2026-05-11T21:32:49Z,61.0,Versa 4
2026-05-11T21:32:52Z,61.0,Versa 4
2026-05-11T21:32:54Z,60.0,Versa 4
2026-05-11T21:32:57Z,60.0,Versa 4
2026-05-11T21:33:00Z,60.0,Versa 4
2026-05-11T21:33:03Z,60.0,Versa 4
2026-05-11T21:33:06Z,60.0,Versa 4
2026-05-11T21:33:09Z,60.0,Versa 4
2026-05-11T21:33:12Z,61.0,Versa 4
2026-05-11T21:33:15Z,62.0,Versa 4
2026-05-11T21:33:18Z,62.0,Versa 4
2026-05-11T21:33:21Z,62.0,Versa 4
2026-05-11T21:33:24Z,62.0,Versa 4
2026-05-11T21:33:27Z,61.0,Versa 4
2026-05-11T21:33:29Z,60.0,Versa 4
2026-05-11T21:33:32Z,60.0,Versa 4
2026-05-11T21:33:35Z,60.0,Versa 4
2026-05-11T21:33:38Z,60.0,Versa 4
2026-05-11T21:33:41Z,60.0,Versa 4
2026-05-11T21:33:44Z,61.0,Versa 4
2026-05-11T21:33:46Z,62.0,Versa 4
2026-05-11T21:33:49Z,62.0,Versa 4
2026-05-11T21:33:50Z,61.0,Versa 4
2026-05-11T21:33:53Z,61.0,Versa 4
2026-05-11T21:33:54Z,60.0,Versa 4
2026-05-11T21:33:57Z,60.0,Versa 4
2026-05-11T21:34:00Z,60.0,Versa 4
2026-05-11T21:34:03Z,60.0,Versa 4
2026-05-11T21:34:06Z,60.0,Versa 4
2026-05-11T21:34:07Z,60.0,Versa 4
2026-05-11T21:34:10Z,60.0,Versa 4
2026-05-11T21:34:13Z,60.0,Versa 4
2026-05-11T21:34:16Z,60.0,Versa 4
2026-05-11T21:34:17Z,62.0,Versa 4
2026-05-11T21:34:20Z,62.0,Versa 4
2026-05-11T21:34:23Z,61.0,Versa 4
2026-05-11T21:34:25Z,60.0,Versa 4
2026-05-11T21:34:26Z,59.0,Versa 4
2026-05-11T21:34:29Z,59.0,Versa 4
2026-05-11T21:34:32Z,60.0,Versa 4
2026-05-11T21:34:34Z,62.0,Versa 4
2026-05-11T21:34:37Z,62.0,Versa 4
2026-05-11T21:34:38Z,63.0,Versa 4
2026-05-11T21:34:40Z,66.0,Versa 4
2026-05-11T21:34:43Z,66.0,Versa 4
2026-05-11T21:34:44Z,82.0,Versa 4
2026-05-11T21:34:46Z,86.0,Versa 4
2026-05-11T21:34:48Z,87.0,Versa 4
2026-05-11T21:34:50Z,84.0,Versa 4
2026-05-11T21:34:51Z,77.0,Versa 4
2026-05-11T21:34:53Z,69.0,Versa 4
2026-05-11T21:34:55Z,68.0,Versa 4
2026-05-11T21:34:57Z,67.0,Versa 4
2026-05-11T21:34:59Z,64.0,Versa 4
2026-05-11T21:35:01Z,64.0,Versa 4
2026-05-11T21:35:03Z,63.0,Versa 4
2026-05-11T21:35:05Z,62.0,Versa 4
2026-05-11T21:35:07Z,61.0,Versa 4
2026-05-11T21:35:09Z,60.0,Versa 4
2026-05-11T21:35:12Z,60.0,Versa 4
2026-05-11T21:35:14Z,61.0,Versa 4
2026-05-11T21:35:16Z,60.0,Versa 4
2026-05-11T21:35:19Z,60.0,Versa 4
2026-05-11T21:35:22Z,60.0,Versa 4
2026-05-11T21:35:24Z,62.0,Versa 4
2026-05-11T21:35:26Z,63.0,Versa 4
2026-05-11T21:35:28Z,64.0,Versa 4
2026-05-11T21:35:31Z,64.0,Versa 4
2026-05-11T21:35:34Z,63.0,Versa 4
2026-05-11T21:35:36Z,64.0,Versa 4
2026-05-11T21:35:39Z,63.0,Versa 4
2026-05-11T21:35:41Z,62.0,Versa 4
2026-05-11T21:35:44Z,62.0,Versa 4
2026-05-11T21:35:45Z,60.0,Versa 4
2026-05-11T21:35:48Z,60.0,Versa 4
2026-05-11T21:35:51Z,60.0,Versa 4
2026-05-11T21:35:54Z,60.0,Versa 4
2026-05-11T21:35:57Z,60.0,Versa 4
2026-05-11T21:36:00Z,60.0,Versa 4
2026-05-11T21:36:01Z,61.0,Versa 4
2026-05-11T21:36:02Z,60.0,Versa 4
2026-05-11T21:36:04Z,60.0,Versa 4
2026-05-11T21:36:07Z,60.0,Versa 4
2026-05-11T21:36:10Z,60.0,Versa 4
2026-05-11T21:36:13Z,60.0,Versa 4
2026-05-11T21:36:14Z,61.0,Versa 4
2026-05-11T21:36:17Z,61.0,Versa 4
2026-05-11T21:36:20Z,61.0,Versa 4
2026-05-11T21:36:22Z,60.0,Versa 4
2026-05-11T21:36:25Z,60.0,Versa 4
2026-05-11T21:36:28Z,60.0,Versa 4
2026-05-11T21:36:31Z,61.0,Versa 4
2026-05-11T21:36:33Z,60.0,Versa 4
2026-05-11T21:36:35Z,61.0,Versa 4
2026-05-11T21:36:38Z,61.0,Versa 4
2026-05-11T21:36:39Z,62.0,Versa 4
2026-05-11T21:36:42Z,62.0,Versa 4
2026-05-11T21:36:43Z,61.0,Versa 4
2026-05-11T21:36:46Z,61.0,Versa 4
2026-05-11T21:36:49Z,60.0,Versa 4
2026-05-11T21:36:52Z,60.0,Versa 4
2026-05-11T21:36:55Z,60.0,Versa 4
2026-05-11T21:36:56Z,61.0,Versa 4
2026-05-11T21:36:58Z,60.0,Versa 4
2026-05-11T21:37:01Z,60.0,Versa 4
2026-05-11T21:37:04Z,60.0,Versa 4
2026-05-11T21:37:07Z,60.0,Versa 4
2026-05-11T21:37:10Z,61.0,Versa 4
2026-05-11T21:37:12Z,61.0,Versa 4
2026-05-11T21:37:15Z,62.0,Versa 4
2026-05-11T21:37:18Z,62.0,Versa 4
2026-05-11T21:37:21Z,62.0,Versa 4
2026-05-11T21:37:24Z,62.0,Versa 4
2026-05-11T21:37:27Z,62.0,Versa 4
2026-05-11T21:37:30Z,62.0,Versa 4
2026-05-11T21:37:33Z,62.0,Versa 4
2026-05-11T21:37:36Z,62.0,Versa 4
2026-05-11T21:37:37Z,63.0,Versa 4
2026-05-11T21:37:40Z,62.0,Versa 4
2026-05-11T21:37:43Z,62.0,Versa 4
2026-05-11T21:37:46Z,60.0,Versa 4
2026-05-11T21:37:49Z,60.0,Versa 4
2026-05-11T21:37:52Z,60.0,Versa 4
2026-05-11T21:37:55Z,60.0,Versa 4
2026-05-11T21:37:58Z,60.0,Versa 4
2026-05-11T21:38:00Z,61.0,Versa 4
2026-05-11T21:38:02Z,62.0,Versa 4
2026-05-11T21:38:05Z,63.0,Versa 4
2026-05-11T21:38:07Z,65.0,Versa 4
2026-05-11T21:38:09Z,67.0,Versa 4
2026-05-11T21:38:11Z,66.0,Versa 4
2026-05-11T21:38:13Z,64.0,Versa 4
2026-05-11T21:38:15Z,62.0,Versa 4
2026-05-11T21:38:17Z,60.0,Versa 4
2026-05-11T21:38:20Z,60.0,Versa 4
2026-05-11T21:38:21Z,59.0,Versa 4
2026-05-11T21:38:24Z,59.0,Versa 4
2026-05-11T21:38:25Z,60.0,Versa 4
2026-05-11T21:38:26Z,59.0,Versa 4
2026-05-11T21:38:29Z,59.0,Versa 4
2026-05-11T21:38:32Z,60.0,Versa 4
2026-05-11T21:38:35Z,60.0,Versa 4
2026-05-11T21:38:38Z,60.0,Versa 4
2026-05-11T21:38:41Z,60.0,Versa 4
2026-05-11T21:38:42Z,61.0,Versa 4
2026-05-11T21:38:44Z,62.0,Versa 4
2026-05-11T21:38:47Z,62.0,Versa 4
2026-05-11T21:38:50Z,62.0,Versa 4
2026-05-11T21:38:53Z,62.0,Versa 4
2026-05-11T21:38:56Z,62.0,Versa 4
2026-05-11T21:38:57Z,63.0,Versa 4
2026-05-11T21:38:59Z,64.0,Versa 4
2026-05-11T21:39:01Z,63.0,Versa 4
2026-05-11T21:39:04Z,63.0,Versa 4
2026-05-11T21:39:05Z,62.0,Versa 4
2026-05-11T21:39:08Z,62.0,Versa 4
2026-05-11T21:39:11Z,62.0,Versa 4
2026-05-11T21:39:14Z,62.0,Versa 4
2026-05-11T21:39:17Z,62.0,Versa 4
2026-05-11T21:39:20Z,62.0,Versa 4
2026-05-11T21:39:23Z,62.0,Versa 4
2026-05-11T21:39:26Z,62.0,Versa 4
2026-05-11T21:39:28Z,62.0,Versa 4
2026-05-11T21:39:31Z,62.0,Versa 4
2026-05-11T21:39:34Z,62.0,Versa 4
2026-05-11T21:39:37Z,62.0,Versa 4
2026-05-11T21:39:40Z,62.0,Versa 4
2026-05-11T21:39:43Z,62.0,Versa 4
2026-05-11T21:39:46Z,62.0,Versa 4
2026-05-11T21:39:49Z,62.0,Versa 4
2026-05-11T21:39:51Z,63.0,Versa 4
2026-05-11T21:39:53Z,64.0,Versa 4
2026-05-11T21:39:56Z,64.0,Versa 4
2026-05-11T21:39:59Z,64.0,Versa 4
2026-05-11T21:40:02Z,63.0,Versa 4
2026-05-11T21:40:05Z,63.0,Versa 4
2026-05-11T21:40:08Z,62.0,Versa 4
2026-05-11T21:40:11Z,62.0,Versa 4
2026-05-11T21:40:14Z,62.0,Versa 4
2026-05-11T21:40:17Z,62.0,Versa 4
2026-05-11T21:40:20Z,63.0,Versa 4
2026-05-11T21:40:23Z,63.0,Versa 4
2026-05-11T21:40:24Z,64.0,Versa 4
2026-05-11T21:40:26Z,63.0,Versa 4
2026-05-11T21:40:29Z,64.0,Versa 4
2026-05-11T21:40:32Z,64.0,Versa 4
2026-05-11T21:40:35Z,64.0,Versa 4
2026-05-11T21:40:37Z,63.0,Versa 4
2026-05-11T21:40:39Z,62.0,Versa 4
2026-05-11T21:40:41Z,62.0,Versa 4
2026-05-11T21:40:44Z,62.0,Versa 4
2026-05-11T21:40:47Z,62.0,Versa 4
2026-05-11T21:40:50Z,62.0,Versa 4
2026-05-11T21:40:52Z,64.0,Versa 4
2026-05-11T21:40:54Z,67.0,Versa 4
2026-05-11T21:40:56Z,69.0,Versa 4
2026-05-11T21:40:58Z,70.0,Versa 4
2026-05-11T21:41:00Z,71.0,Versa 4
2026-05-11T21:41:02Z,72.0,Versa 4
2026-05-11T21:41:04Z,70.0,Versa 4
2026-05-11T21:41:06Z,67.0,Versa 4
2026-05-11T21:41:08Z,65.0,Versa 4
2026-05-11T21:41:10Z,63.0,Versa 4
2026-05-11T21:41:12Z,62.0,Versa 4
2026-05-11T21:41:15Z,62.0,Versa 4
2026-05-11T21:41:18Z,62.0,Versa 4
2026-05-11T21:41:21Z,63.0,Versa 4
2026-05-11T21:41:23Z,62.0,Versa 4
2026-05-11T21:41:26Z,62.0,Versa 4
2026-05-11T21:41:27Z,63.0,Versa 4
2026-05-11T21:41:30Z,63.0,Versa 4
2026-05-11T21:41:33Z,63.0,Versa 4
2026-05-11T21:41:35Z,62.0,Versa 4
2026-05-11T21:41:37Z,63.0,Versa 4
2026-05-11T21:41:40Z,63.0,Versa 4
2026-05-11T21:41:43Z,63.0,Versa 4
2026-05-11T21:41:44Z,63.0,Versa 4
2026-05-11T21:41:47Z,63.0,Versa 4
2026-05-11T21:41:50Z,63.0,Versa 4
2026-05-11T21:41:53Z,63.0,Versa 4
2026-05-11T21:41:56Z,63.0,Versa 4
2026-05-11T21:41:59Z,63.0,Versa 4
2026-05-11T21:42:00Z,62.0,Versa 4
2026-05-11T21:42:03Z,62.0,Versa 4
2026-05-11T21:42:06Z,62.0,Versa 4
2026-05-11T21:42:09Z,62.0,Versa 4
2026-05-11T21:42:12Z,62.0,Versa 4
2026-05-11T21:42:15Z,62.0,Versa 4
2026-05-11T21:42:18Z,62.0,Versa 4
2026-05-11T21:42:19Z,63.0,Versa 4
2026-05-11T21:42:22Z,63.0,Versa 4
2026-05-11T21:42:25Z,63.0,Versa 4
2026-05-11T21:42:26Z,62.0,Versa 4
2026-05-11T21:42:29Z,62.0,Versa 4
2026-05-11T21:42:32Z,62.0,Versa 4
2026-05-11T21:42:34Z,64.0,Versa 4
2026-05-11T21:42:37Z,64.0,Versa 4
2026-05-11T21:42:40Z,62.0,Versa 4
2026-05-11T21:42:43Z,62.0,Versa 4
2026-05-11T21:42:44Z,60.0,Versa 4
2026-05-11T21:42:47Z,60.0,Versa 4
2026-05-11T21:42:50Z,60.0,Versa 4
2026-05-11T21:42:53Z,60.0,Versa 4
2026-05-11T21:42:55Z,60.0,Versa 4
2026-05-11T21:42:58Z,60.0,Versa 4
2026-05-11T21:42:59Z,61.0,Versa 4
2026-05-11T21:43:01Z,62.0,Versa 4
2026-05-11T21:43:04Z,62.0,Versa 4
2026-05-11T21:43:07Z,62.0,Versa 4
2026-05-11T21:43:10Z,62.0,Versa 4
2026-05-11T21:43:13Z,62.0,Versa 4
2026-05-11T21:43:14Z,63.0,Versa 4
2026-05-11T21:43:17Z,63.0,Versa 4
2026-05-11T21:43:18Z,64.0,Versa 4
2026-05-11T21:43:21Z,64.0,Versa 4
2026-05-11T21:43:24Z,64.0,Versa 4
2026-05-11T21:43:26Z,63.0,Versa 4
2026-05-11T21:43:29Z,63.0,Versa 4
2026-05-11T21:43:30Z,62.0,Versa 4
2026-05-11T21:43:33Z,62.0,Versa 4
2026-05-11T21:43:36Z,62.0,Versa 4
2026-05-11T21:43:39Z,63.0,Versa 4
2026-05-11T21:43:42Z,63.0,Versa 4
2026-05-11T21:43:43Z,64.0,Versa 4
2026-05-11T21:43:46Z,64.0,Versa 4
2026-05-11T21:43:49Z,64.0,Versa 4
2026-05-11T21:43:52Z,64.0,Versa 4
2026-05-11T21:43:55Z,64.0,Versa 4
2026-05-11T21:43:58Z,64.0,Versa 4
2026-05-11T21:43:59Z,65.0,Versa 4
2026-05-11T21:44:01Z,66.0,Versa 4
2026-05-11T21:44:04Z,65.0,Versa 4
2026-05-11T21:44:06Z,64.0,Versa 4
2026-05-11T21:44:09Z,64.0,Versa 4
2026-05-11T21:44:10Z,63.0,Versa 4
2026-05-11T21:44:12Z,62.0,Versa 4
2026-05-11T21:44:15Z,62.0,Versa 4
2026-05-11T21:44:18Z,62.0,Versa 4
2026-05-11T21:44:20Z,63.0,Versa 4
2026-05-11T21:44:23Z,63.0,Versa 4
2026-05-11T21:44:26Z,63.0,Versa 4
2026-05-11T21:44:29Z,62.0,Versa 4
2026-05-11T21:44:32Z,62.0,Versa 4
2026-05-11T21:44:33Z,63.0,Versa 4
2026-05-11T21:44:35Z,64.0,Versa 4
2026-05-11T21:44:38Z,64.0,Versa 4
2026-05-11T21:44:39Z,63.0,Versa 4
2026-05-11T21:44:41Z,62.0,Versa 4
2026-05-11T21:44:43Z,61.0,Versa 4
2026-05-11T21:44:45Z,60.0,Versa 4
2026-05-11T21:44:47Z,59.0,Versa 4
2026-05-11T21:44:50Z,59.0,Versa 4
2026-05-11T21:44:53Z,59.0,Versa 4
2026-05-11T21:44:54Z,60.0,Versa 4
2026-05-11T21:44:57Z,60.0,Versa 4
2026-05-11T21:45:00Z,60.0,Versa 4
2026-05-11T21:45:02Z,61.0,Versa 4
2026-05-11T21:45:04Z,62.0,Versa 4
2026-05-11T21:45:07Z,62.0,Versa 4
2026-05-11T21:45:10Z,62.0,Versa 4
2026-05-11T21:45:12Z,63.0,Versa 4
2026-05-11T21:45:15Z,63.0,Versa 4
2026-05-11T21:45:18Z,63.0,Versa 4
2026-05-11T21:45:19Z,64.0,Versa 4
2026-05-11T21:45:22Z,64.0,Versa 4
2026-05-11T21:45:25Z,64.0,Versa 4
2026-05-11T21:45:28Z,64.0,Versa 4
2026-05-11T21:45:31Z,63.0,Versa 4
2026-05-11T21:45:34Z,63.0,Versa 4
2026-05-11T21:45:37Z,63.0,Versa 4
2026-05-11T21:45:40Z,64.0,Versa 4
2026-05-11T21:45:43Z,64.0,Versa 4
2026-05-11T21:45:46Z,64.0,Versa 4
2026-05-11T21:45:49Z,64.0,Versa 4
2026-05-11T21:45:52Z,65.0,Versa 4
2026-05-11T21:45:55Z,65.0,Versa 4
2026-05-11T21:45:58Z,64.0,Versa 4
2026-05-11T21:46:01Z,64.0,Versa 4
2026-05-11T21:46:02Z,63.0,Versa 4
2026-05-11T21:46:03Z,62.0,Versa 4
2026-05-11T21:46:06Z,62.0,Versa 4
2026-05-11T21:46:09Z,63.0,Versa 4
2026-05-11T21:46:12Z,63.0,Versa 4
2026-05-11T21:46:15Z,63.0,Versa 4
2026-05-11T21:46:17Z,63.0,Versa 4
2026-05-11T21:46:20Z,63.0,Versa 4
2026-05-11T21:46:23Z,64.0,Versa 4
2026-05-11T21:46:26Z,64.0,Versa 4
2026-05-11T21:46:29Z,64.0,Versa 4
2026-05-11T21:46:32Z,64.0,Versa 4
2026-05-11T21:46:35Z,64.0,Versa 4
2026-05-11T21:46:38Z,64.0,Versa 4
2026-05-11T21:46:41Z,64.0,Versa 4
2026-05-11T21:46:44Z,64.0,Versa 4
2026-05-11T21:46:46Z,63.0,Versa 4
2026-05-11T21:46:49Z,63.0,Versa 4
2026-05-11T21:46:52Z,63.0,Versa 4
2026-05-11T21:46:55Z,63.0,Versa 4
2026-05-11T21:46:58Z,63.0,Versa 4
2026-05-11T21:47:01Z,64.0,Versa 4
2026-05-11T21:47:04Z,64.0,Versa 4
2026-05-11T21:47:07Z,64.0,Versa 4
2026-05-11T21:47:10Z,64.0,Versa 4
2026-05-11T21:47:13Z,64.0,Versa 4
2026-05-11T21:47:16Z,64.0,Versa 4
2026-05-11T21:47:19Z,64.0,Versa 4
2026-05-11T21:47:22Z,64.0,Versa 4
2026-05-11T21:47:24Z,63.0,Versa 4
2026-05-11T21:47:27Z,63.0,Versa 4
2026-05-11T21:47:30Z,63.0,Versa 4
2026-05-11T21:47:33Z,63.0,Versa 4
2026-05-11T21:47:34Z,63.0,Versa 4
2026-05-11T21:47:36Z,64.0,Versa 4
2026-05-11T21:47:39Z,64.0,Versa 4
2026-05-11T21:47:42Z,64.0,Versa 4
2026-05-11T21:47:45Z,64.0,Versa 4
2026-05-11T21:47:48Z,64.0,Versa 4
2026-05-11T21:47:51Z,64.0,Versa 4
2026-05-11T21:47:54Z,64.0,Versa 4
2026-05-11T21:47:55Z,65.0,Versa 4
2026-05-11T21:47:57Z,64.0,Versa 4
2026-05-11T21:48:00Z,64.0,Versa 4
2026-05-11T21:48:03Z,64.0,Versa 4
2026-05-11T21:48:06Z,64.0,Versa 4
2026-05-11T21:48:09Z,64.0,Versa 4
2026-05-11T21:48:12Z,64.0,Versa 4
2026-05-11T21:48:14Z,63.0,Versa 4
2026-05-11T21:48:16Z,62.0,Versa 4
2026-05-11T21:48:18Z,62.0,Versa 4
2026-05-11T21:48:21Z,62.0,Versa 4
2026-05-11T21:48:22Z,64.0,Versa 4
2026-05-11T21:48:24Z,64.0,Versa 4
2026-05-11T21:48:26Z,63.0,Versa 4
2026-05-11T21:48:27Z,62.0,Versa 4
2026-05-11T21:48:30Z,62.0,Versa 4
2026-05-11T21:48:33Z,62.0,Versa 4
2026-05-11T21:48:36Z,62.0,Versa 4
2026-05-11T21:48:39Z,62.0,Versa 4
2026-05-11T21:48:41Z,62.0,Versa 4
2026-05-11T21:48:43Z,63.0,Versa 4
2026-05-11T21:48:46Z,63.0,Versa 4
2026-05-11T21:48:47Z,64.0,Versa 4
2026-05-11T21:48:50Z,64.0,Versa 4
2026-05-11T21:48:53Z,64.0,Versa 4
2026-05-11T21:48:56Z,64.0,Versa 4
2026-05-11T21:48:58Z,63.0,Versa 4
2026-05-11T21:49:01Z,63.0,Versa 4
2026-05-11T21:49:02Z,62.0,Versa 4
2026-05-11T21:49:05Z,62.0,Versa 4
2026-05-11T21:49:08Z,62.0,Versa 4
2026-05-11T21:49:10Z,63.0,Versa 4
2026-05-11T21:49:13Z,63.0,Versa 4
2026-05-11T21:49:14Z,64.0,Versa 4
2026-05-11T21:49:17Z,64.0,Versa 4
2026-05-11T21:49:20Z,64.0,Versa 4
2026-05-11T21:49:23Z,64.0,Versa 4
2026-05-11T21:49:26Z,64.0,Versa 4
2026-05-11T21:49:29Z,64.0,Versa 4
2026-05-11T21:49:32Z,64.0,Versa 4
2026-05-11T21:49:35Z,65.0,Versa 4
2026-05-11T21:49:38Z,64.0,Versa 4
2026-05-11T21:49:41Z,64.0,Versa 4
2026-05-11T21:49:44Z,64.0,Versa 4
2026-05-11T21:49:47Z,64.0,Versa 4
2026-05-11T21:49:50Z,64.0,Versa 4
2026-05-11T21:49:52Z,64.0,Versa 4
2026-05-11T21:49:55Z,64.0,Versa 4
2026-05-11T21:49:56Z,63.0,Versa 4
2026-05-11T21:49:59Z,63.0,Versa 4
2026-05-11T21:50:00Z,64.0,Versa 4
2026-05-11T21:50:03Z,64.0,Versa 4
2026-05-11T21:50:06Z,64.0,Versa 4
2026-05-11T21:50:09Z,64.0,Versa 4
2026-05-11T21:50:12Z,64.0,Versa 4
2026-05-11T21:50:15Z,64.0,Versa 4
2026-05-11T21:50:18Z,64.0,Versa 4
2026-05-11T21:50:21Z,64.0,Versa 4
2026-05-11T21:50:24Z,64.0,Versa 4
2026-05-11T21:50:27Z,64.0,Versa 4
2026-05-11T21:50:28Z,65.0,Versa 4
2026-05-11T21:50:30Z,64.0,Versa 4
2026-05-11T21:50:33Z,64.0,Versa 4
2026-05-11T21:50:36Z,64.0,Versa 4
2026-05-11T21:50:38Z,65.0,Versa 4
2026-05-11T21:50:41Z,65.0,Versa 4
2026-05-11T21:50:44Z,64.0,Versa 4
2026-05-11T21:50:47Z,64.0,Versa 4
2026-05-11T21:50:50Z,64.0,Versa 4
2026-05-11T21:50:53Z,64.0,Versa 4
2026-05-11T21:50:56Z,64.0,Versa 4
2026-05-11T21:50:59Z,64.0,Versa 4
2026-05-11T21:51:02Z,64.0,Versa 4
2026-05-11T21:51:03Z,64.0,Versa 4
2026-05-11T21:51:06Z,64.0,Versa 4
2026-05-11T21:51:07Z,65.0,Versa 4
2026-05-11T21:51:10Z,65.0,Versa 4
2026-05-11T21:51:11Z,64.0,Versa 4
2026-05-11T21:51:14Z,64.0,Versa 4
2026-05-11T21:51:17Z,64.0,Versa 4
2026-05-11T21:51:20Z,63.0,Versa 4
2026-05-11T21:51:23Z,63.0,Versa 4
2026-05-11T21:51:24Z,64.0,Versa 4
2026-05-11T21:51:27Z,64.0,Versa 4
2026-05-11T21:51:30Z,64.0,Versa 4
2026-05-11T21:51:33Z,64.0,Versa 4
2026-05-11T21:51:34Z,65.0,Versa 4
2026-05-11T21:51:36Z,66.0,Versa 4
2026-05-11T21:51:39Z,65.0,Versa 4
2026-05-11T21:51:41Z,64.0,Versa 4
2026-05-11T21:51:44Z,64.0,Versa 4
2026-05-11T21:51:47Z,64.0,Versa 4
2026-05-11T21:51:50Z,64.0,Versa 4
2026-05-11T21:51:53Z,64.0,Versa 4
2026-05-11T21:51:56Z,64.0,Versa 4
2026-05-11T21:51:59Z,64.0,Versa 4
2026-05-11T21:52:02Z,64.0,Versa 4
2026-05-11T21:52:05Z,64.0,Versa 4
2026-05-11T21:52:08Z,64.0,Versa 4
2026-05-11T21:52:11Z,64.0,Versa 4
2026-05-11T21:52:12Z,64.0,Versa 4
2026-05-11T21:52:14Z,63.0,Versa 4
2026-05-11T21:52:16Z,64.0,Versa 4
2026-05-11T21:52:19Z,64.0,Versa 4
2026-05-11T21:52:22Z,64.0,Versa 4
2026-05-11T21:52:25Z,64.0,Versa 4
2026-05-11T21:52:26Z,63.0,Versa 4
2026-05-11T21:52:27Z,62.0,Versa 4
2026-05-11T21:52:30Z,62.0,Versa 4
2026-05-11T21:52:33Z,62.0,Versa 4
2026-05-11T21:52:36Z,62.0,Versa 4
2026-05-11T21:52:39Z,62.0,Versa 4
2026-05-11T21:52:41Z,63.0,Versa 4
2026-05-11T21:52:43Z,64.0,Versa 4
2026-05-11T21:52:46Z,64.0,Versa 4
2026-05-11T21:52:49Z,64.0,Versa 4
2026-05-11T21:52:52Z,64.0,Versa 4
2026-05-11T21:52:55Z,64.0,Versa 4
2026-05-11T21:52:58Z,64.0,Versa 4
2026-05-11T21:53:01Z,64.0,Versa 4
2026-05-11T21:53:04Z,64.0,Versa 4
2026-05-11T21:53:07Z,64.0,Versa 4
2026-05-11T21:53:08Z,63.0,Versa 4
2026-05-11T21:53:10Z,62.0,Versa 4
2026-05-11T21:53:13Z,62.0,Versa 4
2026-05-11T21:53:16Z,62.0,Versa 4
2026-05-11T21:53:19Z,62.0,Versa 4
2026-05-11T21:53:21Z,62.0,Versa 4
2026-05-11T21:53:23Z,63.0,Versa 4
2026-05-11T21:53:25Z,64.0,Versa 4
2026-05-11T21:53:28Z,64.0,Versa 4
2026-05-11T21:53:29Z,63.0,Versa 4
2026-05-11T21:53:32Z,63.0,Versa 4
2026-05-11T21:53:35Z,64.0,Versa 4
2026-05-11T21:53:38Z,64.0,Versa 4
2026-05-11T21:53:41Z,64.0,Versa 4
2026-05-11T21:53:42Z,63.0,Versa 4
2026-05-11T21:53:44Z,62.0,Versa 4
2026-05-11T21:53:47Z,62.0,Versa 4
2026-05-11T21:53:50Z,62.0,Versa 4
2026-05-11T21:53:52Z,63.0,Versa 4
2026-05-11T21:53:55Z,63.0,Versa 4
2026-05-11T21:53:56Z,64.0,Versa 4
2026-05-11T21:53:59Z,64.0,Versa 4
2026-05-11T21:54:02Z,64.0,Versa 4
2026-05-11T21:54:05Z,64.0,Versa 4
2026-05-11T21:54:08Z,64.0,Versa 4
2026-05-11T21:54:11Z,64.0,Versa 4
2026-05-11T21:54:14Z,64.0,Versa 4
2026-05-11T21:54:17Z,64.0,Versa 4
2026-05-11T21:54:20Z,64.0,Versa 4
2026-05-11T21:54:23Z,64.0,Versa 4
2026-05-11T21:54:26Z,64.0,Versa 4
2026-05-11T21:54:29Z,64.0,Versa 4
2026-05-11T21:54:30Z,64.0,Versa 4
2026-05-11T21:54:33Z,64.0,Versa 4
2026-05-11T21:54:36Z,64.0,Versa 4
2026-05-11T21:54:39Z,64.0,Versa 4
2026-05-11T21:54:42Z,64.0,Versa 4
2026-05-11T21:54:45Z,64.0,Versa 4
2026-05-11T21:54:48Z,64.0,Versa 4
2026-05-11T21:54:51Z,64.0,Versa 4
2026-05-11T21:54:54Z,64.0,Versa 4
2026-05-11T21:54:57Z,64.0,Versa 4
2026-05-11T21:54:59Z,65.0,Versa 4
2026-05-11T21:55:01Z,66.0,Versa 4
2026-05-11T21:55:03Z,65.0,Versa 4
2026-05-11T21:55:05Z,64.0,Versa 4
2026-05-11T21:55:08Z,64.0,Versa 4
2026-05-11T21:55:11Z,65.0,Versa 4
2026-05-11T21:55:13Z,66.0,Versa 4
2026-05-11T21:55:16Z,66.0,Versa 4
2026-05-11T21:55:19Z,66.0,Versa 4
2026-05-11T21:55:22Z,67.0,Versa 4
2026-05-11T21:55:25Z,67.0,Versa 4
2026-05-11T21:55:26Z,66.0,Versa 4
2026-05-11T21:55:29Z,66.0,Versa 4
2026-05-11T21:55:32Z,66.0,Versa 4
2026-05-11T21:55:34Z,64.0,Versa 4
2026-05-11T21:55:37Z,64.0,Versa 4
2026-05-11T21:55:38Z,63.0,Versa 4
2026-05-11T21:55:39Z,62.0,Versa 4
2026-05-11T21:55:42Z,62.0,Versa 4
2026-05-11T21:55:43Z,63.0,Versa 4
2026-05-11T21:55:46Z,63.0,Versa 4
2026-05-11T21:55:47Z,64.0,Versa 4
2026-05-11T21:55:50Z,64.0,Versa 4
2026-05-11T21:55:53Z,64.0,Versa 4
2026-05-11T21:55:56Z,64.0,Versa 4
2026-05-11T21:55:59Z,64.0,Versa 4
2026-05-11T21:56:01Z,63.0,Versa 4
2026-05-11T21:56:02Z,62.0,Versa 4
2026-05-11T21:56:05Z,62.0,Versa 4
2026-05-11T21:56:06Z,63.0,Versa 4
2026-05-11T21:56:09Z,63.0,Versa 4
2026-05-11T21:56:12Z,63.0,Versa 4
2026-05-11T21:56:15Z,63.0,Versa 4
2026-05-11T21:56:16Z,64.0,Versa 4
2026-05-11T21:56:19Z,64.0,Versa 4
2026-05-11T21:56:22Z,64.0,Versa 4
2026-05-11T21:56:24Z,63.0,Versa 4
2026-05-11T21:56:27Z,63.0,Versa 4
2026-05-11T21:56:29Z,62.0,Versa 4
2026-05-11T21:56:32Z,62.0,Versa 4
2026-05-11T21:56:35Z,62.0,Versa 4
2026-05-11T21:56:38Z,62.0,Versa 4
2026-05-11T21:56:41Z,62.0,Versa 4
2026-05-11T21:56:43Z,63.0,Versa 4
2026-05-11T21:56:45Z,63.0,Versa 4
2026-05-11T21:56:48Z,63.0,Versa 4
2026-05-11T21:56:51Z,63.0,Versa 4
2026-05-11T21:56:54Z,63.0,Versa 4
2026-05-11T21:56:57Z,63.0,Versa 4
2026-05-11T21:56:58Z,64.0,Versa 4
2026-05-11T21:57:01Z,64.0,Versa 4
2026-05-11T21:57:04Z,64.0,Versa 4
2026-05-11T21:57:07Z,64.0,Versa 4
2026-05-11T21:57:10Z,64.0,Versa 4
2026-05-11T21:57:13Z,64.0,Versa 4
2026-05-11T21:57:16Z,64.0,Versa 4
2026-05-11T21:57:19Z,65.0,Versa 4
2026-05-11T21:57:21Z,66.0,Versa 4
2026-05-11T21:57:23Z,65.0,Versa 4
2026-05-11T21:57:25Z,64.0,Versa 4
2026-05-11T21:57:28Z,64.0,Versa 4
2026-05-11T21:57:31Z,64.0,Versa 4
2026-05-11T21:57:34Z,64.0,Versa 4
2026-05-11T21:57:37Z,64.0,Versa 4
2026-05-11T21:57:40Z,64.0,Versa 4
2026-05-11T21:57:42Z,65.0,Versa 4
2026-05-11T21:57:45Z,65.0,Versa 4
2026-05-11T21:57:46Z,66.0,Versa 4
2026-05-11T21:57:49Z,66.0,Versa 4
2026-05-11T21:57:50Z,65.0,Versa 4
2026-05-11T21:57:53Z,65.0,Versa 4
2026-05-11T21:57:54Z,65.0,Versa 4
2026-05-11T21:57:57Z,65.0,Versa 4
2026-05-11T21:58:00Z,65.0,Versa 4
2026-05-11T21:58:03Z,66.0,Versa 4
2026-05-11T21:58:06Z,66.0,Versa 4
2026-05-11T21:58:09Z,65.0,Versa 4
2026-05-11T21:58:12Z,65.0,Versa 4
2026-05-11T21:58:13Z,64.0,Versa 4
2026-05-11T21:58:16Z,64.0,Versa 4
2026-05-11T21:58:19Z,64.0,Versa 4
2026-05-11T21:58:22Z,64.0,Versa 4
2026-05-11T21:58:25Z,66.0,Versa 4
2026-05-11T21:58:26Z,67.0,Versa 4
2026-05-11T21:58:28Z,69.0,Versa 4
2026-05-11T21:58:30Z,69.0,Versa 4
2026-05-11T21:58:32Z,67.0,Versa 4
2026-05-11T21:58:34Z,66.0,Versa 4
2026-05-11T21:58:37Z,66.0,Versa 4
2026-05-11T21:58:38Z,65.0,Versa 4
2026-05-11T21:58:40Z,64.0,Versa 4
2026-05-11T21:58:43Z,64.0,Versa 4
2026-05-11T21:58:44Z,65.0,Versa 4
2026-05-11T21:58:46Z,66.0,Versa 4
2026-05-11T21:58:49Z,66.0,Versa 4
2026-05-11T21:58:52Z,66.0,Versa 4
2026-05-11T21:58:55Z,65.0,Versa 4
2026-05-11T21:58:57Z,66.0,Versa 4
2026-05-11T21:58:59Z,66.0,Versa 4
2026-05-11T21:59:02Z,66.0,Versa 4
2026-05-11T21:59:05Z,66.0,Versa 4
2026-05-11T21:59:08Z,66.0,Versa 4
2026-05-11T21:59:11Z,67.0,Versa 4
2026-05-11T21:59:14Z,67.0,Versa 4
2026-05-11T21:59:17Z,67.0,Versa 4
2026-05-11T21:59:18Z,66.0,Versa 4
2026-05-11T21:59:21Z,66.0,Versa 4
2026-05-11T21:59:24Z,66.0,Versa 4
2026-05-11T21:59:27Z,66.0,Versa 4
2026-05-11T21:59:30Z,66.0,Versa 4
2026-05-11T21:59:33Z,66.0,Versa 4
2026-05-11T21:59:36Z,66.0,Versa 4
2026-05-11T21:59:39Z,66.0,Versa 4
2026-05-11T21:59:42Z,66.0,Versa 4
2026-05-11T21:59:45Z,65.0,Versa 4
2026-05-11T21:59:47Z,64.0,Versa 4
2026-05-11T21:59:49Z,65.0,Versa 4
2026-05-11T21:59:52Z,65.0,Versa 4
2026-05-11T21:59:55Z,64.0,Versa 4
2026-05-11T21:59:58Z,64.0,Versa 4
2026-05-11T22:00:01Z,65.0,Versa 4
2026-05-11T22:00:04Z,65.0,Versa 4
2026-05-11T22:00:07Z,65.0,Versa 4
2026-05-11T22:00:08Z,66.0,Versa 4
2026-05-11T22:00:11Z,66.0,Versa 4
2026-05-11T22:00:12Z,66.0,Versa 4
2026-05-11T22:00:15Z,66.0,Versa 4
2026-05-11T22:00:18Z,66.0,Versa 4
2026-05-11T22:00:21Z,66.0,Versa 4
2026-05-11T22:00:24Z,66.0,Versa 4
2026-05-11T22:00:26Z,65.0,Versa 4
2026-05-11T22:00:29Z,65.0,Versa 4
2026-05-11T22:00:31Z,64.0,Versa 4
2026-05-11T22:00:34Z,64.0,Versa 4
2026-05-11T22:00:37Z,64.0,Versa 4
2026-05-11T22:00:40Z,64.0,Versa 4
2026-05-11T22:00:41Z,65.0,Versa 4
2026-05-11T22:00:44Z,65.0,Versa 4
2026-05-11T22:00:45Z,64.0,Versa 4
2026-05-11T22:00:48Z,64.0,Versa 4
2026-05-11T22:00:51Z,64.0,Versa 4
2026-05-11T22:00:52Z,65.0,Versa 4
2026-05-11T22:00:54Z,66.0,Versa 4
2026-05-11T22:00:57Z,66.0,Versa 4
2026-05-11T22:01:00Z,66.0,Versa 4
2026-05-11T22:01:03Z,66.0,Versa 4
2026-05-11T22:01:06Z,66.0,Versa 4
2026-05-11T22:01:09Z,66.0,Versa 4
2026-05-11T22:01:12Z,66.0,Versa 4
2026-05-11T22:01:14Z,65.0,Versa 4
2026-05-11T22:01:17Z,66.0,Versa 4
2026-05-11T22:01:19Z,65.0,Versa 4
2026-05-11T22:01:21Z,65.0,Versa 4
2026-05-11T22:01:23Z,66.0,Versa 4
2026-05-11T22:01:26Z,66.0,Versa 4
2026-05-11T22:01:29Z,66.0,Versa 4
2026-05-11T22:01:32Z,66.0,Versa 4
2026-05-11T22:01:35Z,66.0,Versa 4
2026-05-11T22:01:38Z,66.0,Versa 4
2026-05-11T22:01:41Z,66.0,Versa 4
2026-05-11T22:01:44Z,66.0,Versa 4
2026-05-11T22:01:47Z,66.0,Versa 4
2026-05-11T22:01:50Z,66.0,Versa 4
2026-05-11T22:01:53Z,66.0,Versa 4
2026-05-11T22:01:56Z,66.0,Versa 4
2026-05-11T22:01:59Z,66.0,Versa 4
2026-05-11T22:02:02Z,66.0,Versa 4
2026-05-11T22:02:05Z,66.0,Versa 4
2026-05-11T22:02:08Z,66.0,Versa 4
2026-05-11T22:02:11Z,66.0,Versa 4
2026-05-11T22:02:13Z,65.0,Versa 4
2026-05-11T22:02:16Z,65.0,Versa 4
2026-05-11T22:02:19Z,65.0,Versa 4
2026-05-11T22:02:22Z,65.0,Versa 4
2026-05-11T22:02:23Z,66.0,Versa 4
2026-05-11T22:02:26Z,66.0,Versa 4
2026-05-11T22:02:29Z,66.0,Versa 4
2026-05-11T22:02:32Z,66.0,Versa 4
2026-05-11T22:02:35Z,66.0,Versa 4
2026-05-11T22:02:36Z,66.0,Versa 4
2026-05-11T22:02:39Z,66.0,Versa 4
2026-05-11T22:02:42Z,66.0,Versa 4
2026-05-11T22:02:45Z,66.0,Versa 4
2026-05-11T22:02:48Z,66.0,Versa 4
2026-05-11T22:02:51Z,66.0,Versa 4
2026-05-11T22:02:54Z,66.0,Versa 4
2026-05-11T22:02:57Z,66.0,Versa 4
2026-05-11T22:03:00Z,66.0,Versa 4
2026-05-11T22:03:03Z,66.0,Versa 4
2026-05-11T22:03:06Z,66.0,Versa 4
2026-05-11T22:03:07Z,65.0,Versa 4
2026-05-11T22:03:09Z,64.0,Versa 4
2026-05-11T22:03:12Z,64.0,Versa 4
2026-05-11T22:03:14Z,65.0,Versa 4
2026-05-11T22:03:16Z,64.0,Versa 4
2026-05-11T22:03:19Z,64.0,Versa 4
2026-05-11T22:03:22Z,63.0,Versa 4
2026-05-11T22:03:24Z,62.0,Versa 4
2026-05-11T22:03:27Z,62.0,Versa 4
2026-05-11T22:03:30Z,62.0,Versa 4
2026-05-11T22:03:33Z,62.0,Versa 4
2026-05-11T22:03:36Z,63.0,Versa 4
2026-05-11T22:03:38Z,64.0,Versa 4
2026-05-11T22:03:41Z,64.0,Versa 4
2026-05-11T22:03:44Z,64.0,Versa 4
2026-05-11T22:03:47Z,65.0,Versa 4
2026-05-11T22:03:49Z,65.0,Versa 4
2026-05-11T22:03:52Z,65.0,Versa 4
2026-05-11T22:03:53Z,66.0,Versa 4
2026-05-11T22:03:56Z,66.0,Versa 4
2026-05-11T22:03:57Z,65.0,Versa 4
2026-05-11T22:04:00Z,65.0,Versa 4
2026-05-11T22:04:01Z,64.0,Versa 4
2026-05-11T22:04:04Z,64.0,Versa 4
2026-05-11T22:04:07Z,64.0,Versa 4
2026-05-11T22:04:10Z,64.0,Versa 4
2026-05-11T22:04:13Z,64.0,Versa 4
2026-05-11T22:04:14Z,65.0,Versa 4
2026-05-11T22:04:16Z,66.0,Versa 4
2026-05-11T22:04:19Z,66.0,Versa 4
2026-05-11T22:04:20Z,65.0,Versa 4
2026-05-11T22:04:22Z,64.0,Versa 4
2026-05-11T22:04:25Z,64.0,Versa 4
2026-05-11T22:04:28Z,64.0,Versa 4
2026-05-11T22:04:29Z,65.0,Versa 4
2026-05-11T22:04:31Z,66.0,Versa 4
2026-05-11T22:04:34Z,66.0,Versa 4
2026-05-11T22:04:37Z,65.0,Versa 4
2026-05-11T22:04:40Z,65.0,Versa 4
2026-05-11T22:04:41Z,64.0,Versa 4
2026-05-11T22:04:44Z,64.0,Versa 4
2026-05-11T22:04:47Z,64.0,Versa 4
2026-05-11T22:04:49Z,65.0,Versa 4
2026-05-11T22:04:50Z,65.0,Versa 4
2026-05-11T22:04:52Z,66.0,Versa 4
2026-05-11T22:04:55Z,66.0,Versa 4
2026-05-11T22:04:58Z,66.0,Versa 4
2026-05-11T22:05:01Z,66.0,Versa 4
2026-05-11T22:05:02Z,67.0,Versa 4
2026-05-11T22:05:05Z,67.0,Versa 4
2026-05-11T22:05:06Z,66.0,Versa 4
2026-05-11T22:05:09Z,66.0,Versa 4
2026-05-11T22:05:12Z,66.0,Versa 4
2026-05-11T22:05:14Z,65.0,Versa 4
2026-05-11T22:05:17Z,65.0,Versa 4
2026-05-11T22:05:19Z,64.0,Versa 4
2026-05-11T22:05:22Z,64.0,Versa 4
2026-05-11T22:05:25Z,66.0,Versa 4
2026-05-11T22:05:28Z,66.0,Versa 4
2026-05-11T22:05:31Z,66.0,Versa 4
2026-05-11T22:05:34Z,66.0,Versa 4
2026-05-11T22:05:37Z,66.0,Versa 4
2026-05-11T22:05:40Z,66.0,Versa 4
2026-05-11T22:05:43Z,66.0,Versa 4
2026-05-11T22:05:46Z,66.0,Versa 4
2026-05-11T22:05:49Z,66.0,Versa 4
2026-05-11T22:05:52Z,66.0,Versa 4
2026-05-11T22:05:55Z,66.0,Versa 4
2026-05-11T22:05:58Z,66.0,Versa 4
2026-05-11T22:06:01Z,66.0,Versa 4
2026-05-11T22:06:02Z,66.0,Versa 4
2026-05-11T22:06:05Z,66.0,Versa 4
2026-05-11T22:06:08Z,66.0,Versa 4
2026-05-11T22:06:09Z,65.0,Versa 4
2026-05-11T22:06:11Z,64.0,Versa 4
2026-05-11T22:06:14Z,64.0,Versa 4
2026-05-11T22:06:17Z,64.0,Versa 4
2026-05-11T22:06:19Z,66.0,Versa 4
2026-05-11T22:06:22Z,66.0,Versa 4
2026-05-11T22:06:25Z,66.0,Versa 4
2026-05-11T22:06:28Z,66.0,Versa 4
2026-05-11T22:06:30Z,65.0,Versa 4
2026-05-11T22:06:32Z,64.0,Versa 4
2026-05-11T22:06:35Z,64.0,Versa 4
2026-05-11T22:06:36Z,66.0,Versa 4
2026-05-11T22:06:39Z,66.0,Versa 4
2026-05-11T22:06:40Z,65.0,Versa 4
2026-05-11T22:06:42Z,64.0,Versa 4
2026-05-11T22:06:44Z,63.0,Versa 4
2026-05-11T22:06:46Z,62.0,Versa 4
2026-05-11T22:06:49Z,62.0,Versa 4
2026-05-11T22:06:52Z,62.0,Versa 4
2026-05-11T22:06:55Z,63.0,Versa 4
2026-05-11T22:06:58Z,63.0,Versa 4
2026-05-11T22:06:59Z,64.0,Versa 4
2026-05-11T22:07:02Z,64.0,Versa 4
2026-05-11T22:07:05Z,64.0,Versa 4
2026-05-11T22:07:07Z,64.0,Versa 4
2026-05-11T22:07:10Z,64.0,Versa 4
2026-05-11T22:07:13Z,64.0,Versa 4
2026-05-11T22:07:16Z,65.0,Versa 4
2026-05-11T22:07:18Z,64.0,Versa 4
2026-05-11T22:07:20Z,64.0,Versa 4
2026-05-11T22:07:23Z,64.0,Versa 4
2026-05-11T22:07:24Z,66.0,Versa 4
2026-05-11T22:07:26Z,67.0,Versa 4
2026-05-11T22:07:28Z,66.0,Versa 4
2026-05-11T22:07:30Z,65.0,Versa 4
2026-05-11T22:07:32Z,62.0,Versa 4
2026-05-11T22:07:34Z,61.0,Versa 4
2026-05-11T22:07:36Z,60.0,Versa 4
2026-05-11T22:07:38Z,59.0,Versa 4
2026-05-11T22:07:39Z,60.0,Versa 4
2026-05-11T22:07:42Z,60.0,Versa 4
2026-05-11T22:07:45Z,60.0,Versa 4
2026-05-11T22:07:48Z,60.0,Versa 4
2026-05-11T22:07:49Z,61.0,Versa 4
2026-05-11T22:07:52Z,61.0,Versa 4
2026-05-11T22:07:53Z,62.0,Versa 4
2026-05-11T22:07:56Z,62.0,Versa 4
2026-05-11T22:07:59Z,64.0,Versa 4
2026-05-11T22:08:02Z,64.0,Versa 4
2026-05-11T22:08:05Z,64.0,Versa 4
2026-05-11T22:08:08Z,65.0,Versa 4
2026-05-11T22:08:10Z,64.0,Versa 4
2026-05-11T22:08:13Z,64.0,Versa 4
2026-05-11T22:08:16Z,64.0,Versa 4
2026-05-11T22:08:19Z,64.0,Versa 4
2026-05-11T22:08:22Z,64.0,Versa 4
2026-05-11T22:08:25Z,64.0,Versa 4
2026-05-11T22:08:28Z,64.0,Versa 4
2026-05-11T22:08:31Z,64.0,Versa 4
2026-05-11T22:08:34Z,64.0,Versa 4
2026-05-11T22:08:35Z,63.0,Versa 4
2026-05-11T22:08:38Z,63.0,Versa 4
2026-05-11T22:08:41Z,63.0,Versa 4
2026-05-11T22:08:44Z,63.0,Versa 4
2026-05-11T22:08:45Z,64.0,Versa 4
2026-05-11T22:08:48Z,64.0,Versa 4
2026-05-11T22:08:49Z,66.0,Versa 4
2026-05-11T22:08:50Z,65.0,Versa 4
2026-05-11T22:08:52Z,64.0,Versa 4
2026-05-11T22:08:55Z,64.0,Versa 4
2026-05-11T22:08:58Z,63.0,Versa 4
2026-05-11T22:09:01Z,63.0,Versa 4
2026-05-11T22:09:02Z,64.0,Versa 4
2026-05-11T22:09:04Z,63.0,Versa 4
2026-05-11T22:09:07Z,63.0,Versa 4
2026-05-11T22:09:10Z,63.0,Versa 4
2026-05-11T22:09:13Z,63.0,Versa 4
2026-05-11T22:09:15Z,64.0,Versa 4
2026-05-11T22:09:17Z,64.0,Versa 4
2026-05-11T22:09:19Z,65.0,Versa 4
2026-05-11T22:09:21Z,64.0,Versa 4
2026-05-11T22:09:24Z,64.0,Versa 4
2026-05-11T22:09:27Z,64.0,Versa 4
2026-05-11T22:09:30Z,64.0,Versa 4
2026-05-11T22:09:33Z,64.0,Versa 4
2026-05-11T22:09:36Z,64.0,Versa 4
2026-05-11T22:09:38Z,65.0,Versa 4
2026-05-11T22:09:40Z,64.0,Versa 4
2026-05-11T22:09:43Z,64.0,Versa 4
2026-05-11T22:09:46Z,64.0,Versa 4
2026-05-11T22:09:49Z,64.0,Versa 4
2026-05-11T22:09:52Z,64.0,Versa 4
2026-05-11T22:09:55Z,64.0,Versa 4
2026-05-11T22:09:58Z,64.0,Versa 4
2026-05-11T22:10:01Z,64.0,Versa 4
2026-05-11T22:10:04Z,64.0,Versa 4
2026-05-11T22:10:05Z,65.0,Versa 4
2026-05-11T22:10:07Z,66.0,Versa 4
2026-05-11T22:10:10Z,66.0,Versa 4
2026-05-11T22:10:13Z,66.0,Versa 4
2026-05-11T22:10:16Z,66.0,Versa 4
2026-05-11T22:10:17Z,65.0,Versa 4
2026-05-11T22:10:20Z,65.0,Versa 4
2026-05-11T22:10:21Z,64.0,Versa 4
2026-05-11T22:10:24Z,64.0,Versa 4
2026-05-11T22:10:25Z,65.0,Versa 4
2026-05-11T22:10:28Z,65.0,Versa 4
2026-05-11T22:10:31Z,65.0,Versa 4
2026-05-11T22:10:34Z,65.0,Versa 4
2026-05-11T22:10:36Z,64.0,Versa 4
2026-05-11T22:10:39Z,64.0,Versa 4
2026-05-11T22:10:42Z,64.0,Versa 4
2026-05-11T22:10:44Z,65.0,Versa 4
2026-05-11T22:10:46Z,66.0,Versa 4
2026-05-11T22:10:49Z,66.0,Versa 4
2026-05-11T22:10:50Z,65.0,Versa 4
2026-05-11T22:10:51Z,65.0,Versa 4
2026-05-11T22:10:53Z,69.0,Versa 4
2026-05-11T22:10:55Z,75.0,Versa 4
2026-05-11T22:10:57Z,79.0,Versa 4
2026-05-11T22:10:59Z,81.0,Versa 4
2026-05-11T22:11:01Z,82.0,Versa 4
2026-05-11T22:11:04Z,82.0,Versa 4
2026-05-11T22:11:05Z,81.0,Versa 4
2026-05-11T22:11:07Z,78.0,Versa 4
2026-05-11T22:11:09Z,74.0,Versa 4
2026-05-11T22:11:11Z,72.0,Versa 4
2026-05-11T22:11:14Z,71.0,Versa 4
2026-05-11T22:11:16Z,69.0,Versa 4
2026-05-11T22:11:18Z,66.0,Versa 4
2026-05-11T22:11:20Z,63.0,Versa 4
2026-05-11T22:11:22Z,62.0,Versa 4
2026-05-11T22:11:24Z,62.0,Versa 4
2026-05-11T22:11:27Z,62.0,Versa 4
2026-05-11T22:11:30Z,62.0,Versa 4
2026-05-11T22:11:33Z,62.0,Versa 4
2026-05-11T22:11:34Z,63.0,Versa 4
2026-05-11T22:11:37Z,63.0,Versa 4
2026-05-11T22:11:38Z,62.0,Versa 4
2026-05-11T22:11:41Z,63.0,Versa 4
2026-05-11T22:11:44Z,63.0,Versa 4
2026-05-11T22:11:45Z,64.0,Versa 4
2026-05-11T22:11:48Z,64.0,Versa 4
2026-05-11T22:11:49Z,65.0,Versa 4
2026-05-11T22:11:52Z,65.0,Versa 4
2026-05-11T22:11:55Z,64.0,Versa 4
2026-05-11T22:11:58Z,64.0,Versa 4
2026-05-11T22:12:01Z,64.0,Versa 4
2026-05-11T22:12:04Z,64.0,Versa 4
2026-05-11T22:12:07Z,64.0,Versa 4
2026-05-11T22:12:08Z,63.0,Versa 4
2026-05-11T22:12:11Z,63.0,Versa 4
2026-05-11T22:12:14Z,64.0,Versa 4
2026-05-11T22:12:17Z,64.0,Versa 4
2026-05-11T22:12:20Z,64.0,Versa 4
2026-05-11T22:12:23Z,64.0,Versa 4
2026-05-11T22:12:24Z,65.0,Versa 4
2026-05-11T22:12:26Z,66.0,Versa 4
2026-05-11T22:12:27Z,69.0,Versa 4
2026-05-11T22:12:29Z,72.0,Versa 4
2026-05-11T22:12:32Z,72.0,Versa 4
2026-05-11T22:12:35Z,71.0,Versa 4
2026-05-11T22:12:37Z,72.0,Versa 4
2026-05-11T22:12:39Z,73.0,Versa 4
2026-05-11T22:12:41Z,75.0,Versa 4
2026-05-11T22:12:43Z,76.0,Versa 4
2026-05-11T22:12:45Z,78.0,Versa 4
2026-05-11T22:12:47Z,80.0,Versa 4
2026-05-11T22:12:49Z,82.0,Versa 4
2026-05-11T22:12:50Z,85.0,Versa 4
2026-05-11T22:12:52Z,86.0,Versa 4
2026-05-11T22:12:54Z,88.0,Versa 4
2026-05-11T22:12:56Z,89.0,Versa 4
2026-05-11T22:12:58Z,90.0,Versa 4
2026-05-11T22:13:00Z,92.0,Versa 4
2026-05-11T22:13:03Z,92.0,Versa 4
2026-05-11T22:13:04Z,94.0,Versa 4
2026-05-11T22:13:07Z,94.0,Versa 4
2026-05-11T22:13:08Z,90.0,Versa 4
2026-05-11T22:13:10Z,82.0,Versa 4
2026-05-11T22:13:12Z,75.0,Versa 4
2026-05-11T22:13:14Z,71.0,Versa 4
2026-05-11T22:13:15Z,70.0,Versa 4
2026-05-11T22:13:17Z,67.0,Versa 4
2026-05-11T22:13:19Z,66.0,Versa 4
2026-05-11T22:13:21Z,65.0,Versa 4
2026-05-11T22:13:23Z,64.0,Versa 4
2026-05-11T22:13:25Z,63.0,Versa 4
2026-05-11T22:13:28Z,63.0,Versa 4
2026-05-11T22:13:31Z,62.0,Versa 4
2026-05-11T22:13:33Z,60.0,Versa 4
2026-05-11T22:13:35Z,60.0,Versa 4
2026-05-11T22:13:38Z,60.0,Versa 4
2026-05-11T22:13:41Z,60.0,Versa 4
2026-05-11T22:13:44Z,60.0,Versa 4
2026-05-11T22:13:47Z,60.0,Versa 4
2026-05-11T22:13:48Z,60.0,Versa 4
2026-05-11T22:13:50Z,62.0,Versa 4
2026-05-11T22:13:52Z,64.0,Versa 4
2026-05-11T22:13:54Z,67.0,Versa 4
2026-05-11T22:13:56Z,68.0,Versa 4
2026-05-11T22:13:58Z,69.0,Versa 4
2026-05-11T22:14:01Z,69.0,Versa 4
2026-05-11T22:14:02Z,66.0,Versa 4
2026-05-11T22:14:03Z,65.0,Versa 4
2026-05-11T22:14:05Z,64.0,Versa 4
2026-05-11T22:14:07Z,63.0,Versa 4
2026-05-11T22:14:10Z,63.0,Versa 4
2026-05-11T22:14:11Z,62.0,Versa 4
2026-05-11T22:14:14Z,62.0,Versa 4
2026-05-11T22:14:17Z,62.0,Versa 4
2026-05-11T22:14:19Z,63.0,Versa 4
2026-05-11T22:14:22Z,63.0,Versa 4
2026-05-11T22:14:23Z,63.0,Versa 4
2026-05-11T22:14:25Z,62.0,Versa 4
2026-05-11T22:14:26Z,63.0,Versa 4
2026-05-11T22:14:28Z,64.0,Versa 4
2026-05-11T22:14:30Z,65.0,Versa 4
2026-05-11T22:14:33Z,65.0,Versa 4
2026-05-11T22:14:34Z,64.0,Versa 4
2026-05-11T22:14:37Z,64.0,Versa 4
2026-05-11T22:14:40Z,64.0,Versa 4
2026-05-11T22:14:43Z,64.0,Versa 4
2026-05-11T22:14:46Z,64.0,Versa 4
2026-05-11T22:14:49Z,64.0,Versa 4
2026-05-11T22:14:52Z,64.0,Versa 4
2026-05-11T22:14:55Z,63.0,Versa 4
2026-05-11T22:14:58Z,63.0,Versa 4
2026-05-11T22:15:01Z,63.0,Versa 4
2026-05-11T22:15:03Z,62.0,Versa 4
2026-05-11T22:15:06Z,62.0,Versa 4
2026-05-11T22:15:09Z,62.0,Versa 4
2026-05-11T22:15:12Z,62.0,Versa 4
2026-05-11T22:15:15Z,62.0,Versa 4
2026-05-11T22:15:18Z,62.0,Versa 4
2026-05-11T22:15:20Z,63.0,Versa 4
2026-05-11T22:15:22Z,64.0,Versa 4
2026-05-11T22:15:25Z,64.0,Versa 4
2026-05-11T22:15:26Z,63.0,Versa 4
2026-05-11T22:15:28Z,62.0,Versa 4
2026-05-11T22:15:30Z,62.0,Versa 4
2026-05-11T22:15:33Z,62.0,Versa 4
2026-05-11T22:15:36Z,62.0,Versa 4
2026-05-11T22:15:39Z,62.0,Versa 4
2026-05-11T22:15:42Z,62.0,Versa 4
2026-05-11T22:15:45Z,62.0,Versa 4
2026-05-11T22:15:48Z,62.0,Versa 4
2026-05-11T22:15:49Z,61.0,Versa 4
2026-05-11T22:15:51Z,60.0,Versa 4
2026-05-11T22:15:53Z,61.0,Versa 4
2026-05-11T22:15:55Z,62.0,Versa 4
2026-05-11T22:15:58Z,62.0,Versa 4
2026-05-11T22:16:01Z,62.0,Versa 4
2026-05-11T22:16:04Z,62.0,Versa 4
2026-05-11T22:16:07Z,62.0,Versa 4
2026-05-11T22:16:10Z,62.0,Versa 4
2026-05-11T22:16:12Z,61.0,Versa 4
2026-05-11T22:16:14Z,62.0,Versa 4
2026-05-11T22:16:17Z,62.0,Versa 4
2026-05-11T22:16:18Z,62.0,Versa 4
2026-05-11T22:16:20Z,63.0,Versa 4
2026-05-11T22:16:23Z,63.0,Versa 4
2026-05-11T22:16:26Z,62.0,Versa 4
2026-05-11T22:16:29Z,62.0,Versa 4
2026-05-11T22:16:32Z,62.0,Versa 4
2026-05-11T22:16:33Z,62.0,Versa 4
2026-05-11T22:16:36Z,62.0,Versa 4
2026-05-11T22:16:37Z,62.0,Versa 4
2026-05-11T22:16:40Z,62.0,Versa 4
2026-05-11T22:16:41Z,62.0,Versa 4
2026-05-11T22:16:44Z,62.0,Versa 4
2026-05-11T22:16:47Z,61.0,Versa 4
2026-05-11T22:16:50Z,60.0,Versa 4
2026-05-11T22:16:53Z,60.0,Versa 4
2026-05-11T22:16:56Z,60.0,Versa 4
2026-05-11T22:16:58Z,61.0,Versa 4
2026-05-11T22:17:00Z,62.0,Versa 4
2026-05-11T22:17:02Z,63.0,Versa 4
2026-05-11T22:17:05Z,63.0,Versa 4
2026-05-11T22:17:06Z,64.0,Versa 4
2026-05-11T22:17:09Z,64.0,Versa 4
2026-05-11T22:17:12Z,66.0,Versa 4
2026-05-11T22:17:14Z,67.0,Versa 4
2026-05-11T22:17:15Z,66.0,Versa 4
2026-05-11T22:17:17Z,64.0,Versa 4
2026-05-11T22:17:19Z,63.0,Versa 4
2026-05-11T22:17:21Z,61.0,Versa 4
2026-05-11T22:17:23Z,60.0,Versa 4
2026-05-11T22:17:26Z,60.0,Versa 4
2026-05-11T22:17:29Z,60.0,Versa 4
2026-05-11T22:17:31Z,62.0,Versa 4
2026-05-11T22:17:34Z,62.0,Versa 4
2026-05-11T22:17:35Z,61.0,Versa 4
2026-05-11T22:17:37Z,60.0,Versa 4
2026-05-11T22:17:38Z,60.0,Versa 4
2026-05-11T22:17:41Z,60.0,Versa 4
2026-05-11T22:17:44Z,61.0,Versa 4
2026-05-11T22:17:46Z,62.0,Versa 4
2026-05-11T22:17:49Z,62.0,Versa 4
2026-05-11T22:17:52Z,63.0,Versa 4
2026-05-11T22:17:54Z,64.0,Versa 4
2026-05-11T22:17:57Z,64.0,Versa 4
2026-05-11T22:17:58Z,63.0,Versa 4
2026-05-11T22:18:01Z,63.0,Versa 4
2026-05-11T22:18:02Z,64.0,Versa 4
2026-05-11T22:18:05Z,63.0,Versa 4
2026-05-11T22:18:07Z,62.0,Versa 4
2026-05-11T22:18:10Z,62.0,Versa 4
2026-05-11T22:18:11Z,62.0,Versa 4
2026-05-11T22:18:14Z,62.0,Versa 4
2026-05-11T22:18:15Z,62.0,Versa 4
2026-05-11T22:18:18Z,62.0,Versa 4
2026-05-11T22:18:21Z,63.0,Versa 4
2026-05-11T22:18:23Z,64.0,Versa 4
2026-05-11T22:18:26Z,64.0,Versa 4
2026-05-11T22:18:28Z,65.0,Versa 4
2026-05-11T22:18:30Z,66.0,Versa 4
2026-05-11T22:18:32Z,66.0,Versa 4
2026-05-11T22:18:35Z,66.0,Versa 4
2026-05-11T22:18:38Z,64.0,Versa 4
2026-05-11T22:18:41Z,64.0,Versa 4
2026-05-11T22:18:42Z,63.0,Versa 4
2026-05-11T22:18:44Z,62.0,Versa 4
2026-05-11T22:18:47Z,62.0,Versa 4
2026-05-11T22:18:50Z,62.0,Versa 4
2026-05-11T22:18:53Z,62.0,Versa 4
2026-05-11T22:18:56Z,62.0,Versa 4
2026-05-11T22:18:59Z,62.0,Versa 4
2026-05-11T22:19:01Z,61.0,Versa 4
2026-05-11T22:19:03Z,62.0,Versa 4
2026-05-11T22:19:06Z,62.0,Versa 4
2026-05-11T22:19:09Z,62.0,Versa 4
2026-05-11T22:19:12Z,62.0,Versa 4
2026-05-11T22:19:14Z,63.0,Versa 4
2026-05-11T22:19:17Z,63.0,Versa 4
2026-05-11T22:19:20Z,62.0,Versa 4
2026-05-11T22:19:23Z,62.0,Versa 4
2026-05-11T22:19:26Z,62.0,Versa 4
2026-05-11T22:19:28Z,63.0,Versa 4
2026-05-11T22:19:31Z,63.0,Versa 4
2026-05-11T22:19:34Z,63.0,Versa 4
2026-05-11T22:19:37Z,63.0,Versa 4
2026-05-11T22:19:38Z,64.0,Versa 4
2026-05-11T22:19:41Z,64.0,Versa 4
2026-05-11T22:19:44Z,64.0,Versa 4
2026-05-11T22:19:47Z,64.0,Versa 4
2026-05-11T22:19:50Z,64.0,Versa 4
2026-05-11T22:19:53Z,64.0,Versa 4
2026-05-11T22:19:55Z,66.0,Versa 4
2026-05-11T22:19:58Z,66.0,Versa 4
2026-05-11T22:20:01Z,65.0,Versa 4
2026-05-11T22:20:02Z,64.0,Versa 4
2026-05-11T22:20:05Z,64.0,Versa 4
2026-05-11T22:20:08Z,64.0,Versa 4
2026-05-11T22:20:11Z,64.0,Versa 4
2026-05-11T22:20:14Z,64.0,Versa 4
2026-05-11T22:20:17Z,64.0,Versa 4
2026-05-11T22:20:20Z,64.0,Versa 4
2026-05-11T22:20:23Z,64.0,Versa 4
2026-05-11T22:20:26Z,64.0,Versa 4
2026-05-11T22:20:29Z,64.0,Versa 4
2026-05-11T22:20:31Z,64.0,Versa 4
2026-05-11T22:20:33Z,64.0,Versa 4
2026-05-11T22:20:36Z,64.0,Versa 4
2026-05-11T22:20:39Z,64.0,Versa 4
2026-05-11T22:20:41Z,63.0,Versa 4
2026-05-11T22:20:43Z,62.0,Versa 4
2026-05-11T22:20:45Z,61.0,Versa 4
2026-05-11T22:20:47Z,60.0,Versa 4
2026-05-11T22:20:49Z,61.0,Versa 4
2026-05-11T22:20:52Z,62.0,Versa 4
2026-05-11T22:20:54Z,63.0,Versa 4
2026-05-11T22:20:57Z,63.0,Versa 4
2026-05-11T22:20:58Z,64.0,Versa 4
2026-05-11T22:21:01Z,64.0,Versa 4
2026-05-11T22:21:02Z,64.0,Versa 4
2026-05-11T22:21:05Z,64.0,Versa 4
2026-05-11T22:21:08Z,64.0,Versa 4
2026-05-11T22:21:11Z,64.0,Versa 4
2026-05-11T22:21:14Z,64.0,Versa 4
2026-05-11T22:21:15Z,65.0,Versa 4
2026-05-11T22:21:17Z,64.0,Versa 4
2026-05-11T22:21:20Z,64.0,Versa 4
2026-05-11T22:21:21Z,64.0,Versa 4
2026-05-11T22:21:24Z,64.0,Versa 4
2026-05-11T22:21:27Z,64.0,Versa 4
2026-05-11T22:21:30Z,64.0,Versa 4
2026-05-11T22:21:33Z,64.0,Versa 4
2026-05-11T22:21:35Z,65.0,Versa 4
2026-05-11T22:21:37Z,66.0,Versa 4
2026-05-11T22:21:40Z,66.0,Versa 4
2026-05-11T22:21:43Z,66.0,Versa 4
2026-05-11T22:21:46Z,67.0,Versa 4
2026-05-11T22:21:48Z,68.0,Versa 4
2026-05-11T22:21:51Z,68.0,Versa 4
2026-05-11T22:21:54Z,68.0,Versa 4
2026-05-11T22:21:57Z,68.0,Versa 4
2026-05-11T22:22:00Z,67.0,Versa 4
2026-05-11T22:22:02Z,66.0,Versa 4
2026-05-11T22:22:03Z,66.0,Versa 4
2026-05-11T22:22:05Z,65.0,Versa 4
2026-05-11T22:22:08Z,65.0,Versa 4
2026-05-11T22:22:09Z,65.0,Versa 4
2026-05-11T22:22:12Z,65.0,Versa 4
2026-05-11T22:22:13Z,64.0,Versa 4
2026-05-11T22:22:16Z,64.0,Versa 4
2026-05-11T22:22:19Z,64.0,Versa 4
2026-05-11T22:22:22Z,64.0,Versa 4
2026-05-11T22:22:25Z,64.0,Versa 4
2026-05-11T22:22:28Z,64.0,Versa 4
2026-05-11T22:22:31Z,64.0,Versa 4
2026-05-11T22:22:34Z,65.0,Versa 4
2026-05-11T22:22:36Z,66.0,Versa 4
2026-05-11T22:22:38Z,65.0,Versa 4
2026-05-11T22:22:40Z,64.0,Versa 4
2026-05-11T22:22:43Z,64.0,Versa 4
2026-05-11T22:22:46Z,64.0,Versa 4
2026-05-11T22:22:49Z,64.0,Versa 4
2026-05-11T22:22:52Z,64.0,Versa 4
2026-05-11T22:22:55Z,64.0,Versa 4
2026-05-11T22:22:58Z,64.0,Versa 4
2026-05-11T22:22:59Z,65.0,Versa 4
2026-05-11T22:23:01Z,66.0,Versa 4
2026-05-11T22:23:03Z,66.0,Versa 4
2026-05-11T22:23:06Z,66.0,Versa 4
2026-05-11T22:23:07Z,67.0,Versa 4
2026-05-11T22:23:10Z,67.0,Versa 4
2026-05-11T22:23:11Z,66.0,Versa 4
2026-05-11T22:23:13Z,65.0,Versa 4
2026-05-11T22:23:14Z,64.0,Versa 4
2026-05-11T22:23:16Z,62.0,Versa 4
2026-05-11T22:23:19Z,62.0,Versa 4
2026-05-11T22:23:22Z,61.0,Versa 4
2026-05-11T22:23:24Z,62.0,Versa 4
2026-05-11T22:23:27Z,62.0,Versa 4
2026-05-11T22:23:30Z,61.0,Versa 4
2026-05-11T22:23:32Z,61.0,Versa 4
2026-05-11T22:23:34Z,62.0,Versa 4
2026-05-11T22:23:36Z,62.0,Versa 4
2026-05-11T22:23:39Z,62.0,Versa 4
2026-05-11T22:23:41Z,63.0,Versa 4
2026-05-11T22:23:44Z,63.0,Versa 4
2026-05-11T22:23:47Z,63.0,Versa 4
2026-05-11T22:23:50Z,63.0,Versa 4
2026-05-11T22:23:51Z,64.0,Versa 4
2026-05-11T22:23:54Z,64.0,Versa 4
2026-05-11T22:23:55Z,65.0,Versa 4
2026-05-11T22:23:57Z,66.0,Versa 4
2026-05-11T22:23:59Z,66.0,Versa 4
2026-05-11T22:24:02Z,64.0,Versa 4
2026-05-11T22:24:05Z,64.0,Versa 4
2026-05-11T22:24:08Z,64.0,Versa 4
2026-05-11T22:24:10Z,63.0,Versa 4
2026-05-11T22:24:13Z,63.0,Versa 4
2026-05-11T22:24:16Z,63.0,Versa 4
2026-05-11T22:24:18Z,64.0,Versa 4
2026-05-11T22:24:20Z,64.0,Versa 4
2026-05-11T22:24:23Z,64.0,Versa 4
2026-05-11T22:24:24Z,65.0,Versa 4
2026-05-11T22:24:26Z,64.0,Versa 4
2026-05-11T22:24:27Z,65.0,Versa 4
2026-05-11T22:24:30Z,65.0,Versa 4
2026-05-11T22:24:31Z,65.0,Versa 4
2026-05-11T22:24:33Z,66.0,Versa 4
2026-05-11T22:24:36Z,66.0,Versa 4
2026-05-11T22:24:39Z,66.0,Versa 4
2026-05-11T22:24:42Z,66.0,Versa 4
2026-05-11T22:24:45Z,66.0,Versa 4
2026-05-11T22:24:48Z,66.0,Versa 4
2026-05-11T22:24:49Z,65.0,Versa 4
2026-05-11T22:24:50Z,64.0,Versa 4
2026-05-11T22:24:52Z,65.0,Versa 4
2026-05-11T22:24:54Z,66.0,Versa 4
2026-05-11T22:24:57Z,66.0,Versa 4
2026-05-11T22:25:00Z,66.0,Versa 4
2026-05-11T22:25:02Z,67.0,Versa 4
2026-05-11T22:25:04Z,67.0,Versa 4
2026-05-11T22:25:07Z,67.0,Versa 4
2026-05-11T22:25:10Z,67.0,Versa 4
2026-05-11T22:25:12Z,68.0,Versa 4
2026-05-11T22:25:14Z,68.0,Versa 4
2026-05-11T22:25:17Z,68.0,Versa 4
2026-05-11T22:25:20Z,68.0,Versa 4
2026-05-11T22:25:21Z,68.0,Versa 4
2026-05-11T22:25:24Z,68.0,Versa 4
2026-05-11T22:25:27Z,68.0,Versa 4
2026-05-11T22:25:29Z,67.0,Versa 4
2026-05-11T22:25:31Z,66.0,Versa 4
2026-05-11T22:25:34Z,66.0,Versa 4
2026-05-11T22:25:37Z,66.0,Versa 4
2026-05-11T22:25:40Z,66.0,Versa 4
2026-05-11T22:25:42Z,66.0,Versa 4
2026-05-11T22:25:45Z,66.0,Versa 4
2026-05-11T22:25:48Z,65.0,Versa 4
2026-05-11T22:25:51Z,65.0,Versa 4
2026-05-11T22:25:52Z,64.0,Versa 4
2026-05-11T22:25:55Z,64.0,Versa 4
2026-05-11T22:25:56Z,63.0,Versa 4
2026-05-11T22:25:59Z,63.0,Versa 4
2026-05-11T22:26:00Z,64.0,Versa 4
2026-05-11T22:26:03Z,64.0,Versa 4
2026-05-11T22:26:06Z,64.0,Versa 4
2026-05-11T22:26:09Z,64.0,Versa 4
2026-05-11T22:26:12Z,64.0,Versa 4
2026-05-11T22:26:13Z,66.0,Versa 4
2026-05-11T22:26:16Z,66.0,Versa 4
2026-05-11T22:26:19Z,67.0,Versa 4
2026-05-11T22:26:22Z,67.0,Versa 4
2026-05-11T22:26:25Z,67.0,Versa 4
2026-05-11T22:26:26Z,67.0,Versa 4
2026-05-11T22:26:28Z,67.0,Versa 4
2026-05-11T22:26:31Z,67.0,Versa 4
2026-05-11T22:26:32Z,67.0,Versa 4
2026-05-11T22:26:35Z,67.0,Versa 4
2026-05-11T22:26:36Z,68.0,Versa 4
2026-05-11T22:26:39Z,68.0,Versa 4
2026-05-11T22:26:42Z,68.0,Versa 4
2026-05-11T22:26:44Z,67.0,Versa 4
2026-05-11T22:26:46Z,66.0,Versa 4
2026-05-11T22:26:49Z,66.0,Versa 4
2026-05-11T22:26:50Z,67.0,Versa 4
2026-05-11T22:26:51Z,68.0,Versa 4
2026-05-11T22:26:53Z,70.0,Versa 4
2026-05-11T22:26:56Z,70.0,Versa 4
2026-05-11T22:26:57Z,68.0,Versa 4
2026-05-11T22:26:59Z,64.0,Versa 4
2026-05-11T22:27:01Z,63.0,Versa 4
2026-05-11T22:27:04Z,63.0,Versa 4
2026-05-11T22:27:07Z,63.0,Versa 4
2026-05-11T22:27:10Z,63.0,Versa 4
2026-05-11T22:27:13Z,64.0,Versa 4
2026-05-11T22:27:16Z,64.0,Versa 4
2026-05-11T22:27:18Z,64.0,Versa 4
2026-05-11T22:27:20Z,64.0,Versa 4
2026-05-11T22:27:23Z,64.0,Versa 4
2026-05-11T22:27:26Z,64.0,Versa 4
2026-05-11T22:27:29Z,64.0,Versa 4
2026-05-11T22:27:30Z,64.0,Versa 4
2026-05-11T22:27:33Z,64.0,Versa 4
2026-05-11T22:27:36Z,64.0,Versa 4
2026-05-11T22:27:39Z,64.0,Versa 4
2026-05-11T22:27:41Z,66.0,Versa 4
2026-05-11T22:27:43Z,66.0,Versa 4
2026-05-11T22:27:46Z,66.0,Versa 4
2026-05-11T22:27:47Z,68.0,Versa 4
2026-05-11T22:27:49Z,69.0,Versa 4
2026-05-11T22:27:52Z,69.0,Versa 4
2026-05-11T22:27:53Z,70.0,Versa 4
2026-05-11T22:27:55Z,69.0,Versa 4
2026-05-11T22:27:57Z,68.0,Versa 4
2026-05-11T22:28:00Z,68.0,Versa 4
2026-05-11T22:28:01Z,67.0,Versa 4
2026-05-11T22:28:02Z,68.0,Versa 4
2026-05-11T22:28:05Z,68.0,Versa 4
2026-05-11T22:28:08Z,68.0,Versa 4
2026-05-11T22:28:10Z,67.0,Versa 4
2026-05-11T22:28:12Z,66.0,Versa 4
2026-05-11T22:28:14Z,66.0,Versa 4
2026-05-11T22:28:17Z,66.0,Versa 4
2026-05-11T22:28:18Z,66.0,Versa 4
2026-05-11T22:28:20Z,66.0,Versa 4
2026-05-11T22:28:22Z,66.0,Versa 4
2026-05-11T22:28:25Z,66.0,Versa 4
2026-05-11T22:28:28Z,66.0,Versa 4
2026-05-11T22:28:29Z,66.0,Versa 4
2026-05-11T22:28:32Z,66.0,Versa 4
2026-05-11T22:28:35Z,67.0,Versa 4
2026-05-11T22:28:37Z,68.0,Versa 4
2026-05-11T22:28:39Z,68.0,Versa 4
2026-05-11T22:28:41Z,68.0,Versa 4
2026-05-11T22:28:44Z,68.0,Versa 4
2026-05-11T22:28:47Z,68.0,Versa 4
2026-05-11T22:28:49Z,67.0,Versa 4
2026-05-11T22:28:52Z,66.0,Versa 4
2026-05-11T22:28:55Z,66.0,Versa 4
2026-05-11T22:28:58Z,66.0,Versa 4
2026-05-11T22:29:01Z,66.0,Versa 4
2026-05-11T22:29:04Z,66.0,Versa 4
2026-05-11T22:29:06Z,66.0,Versa 4
2026-05-11T22:29:08Z,66.0,Versa 4
2026-05-11T22:29:11Z,66.0,Versa 4
2026-05-11T22:29:12Z,67.0,Versa 4
2026-05-11T22:29:14Z,67.0,Versa 4
2026-05-11T22:29:17Z,66.0,Versa 4
2026-05-11T22:29:20Z,66.0,Versa 4
2026-05-11T22:29:23Z,66.0,Versa 4
2026-05-11T22:29:26Z,66.0,Versa 4
2026-05-11T22:29:29Z,66.0,Versa 4
2026-05-11T22:29:31Z,67.0,Versa 4
2026-05-11T22:29:34Z,67.0,Versa 4
2026-05-11T22:29:35Z,66.0,Versa 4
2026-05-11T22:29:37Z,64.0,Versa 4
2026-05-11T22:29:40Z,62.0,Versa 4
2026-05-11T22:29:42Z,63.0,Versa 4
2026-05-11T22:29:44Z,64.0,Versa 4
2026-05-11T22:29:46Z,65.0,Versa 4
2026-05-11T22:29:48Z,66.0,Versa 4
2026-05-11T22:29:51Z,66.0,Versa 4
2026-05-11T22:29:52Z,67.0,Versa 4
2026-05-11T22:29:55Z,67.0,Versa 4
2026-05-11T22:29:56Z,67.0,Versa 4
2026-05-11T22:29:58Z,68.0,Versa 4
2026-05-11T22:30:00Z,69.0,Versa 4
2026-05-11T22:30:02Z,70.0,Versa 4
2026-05-11T22:30:03Z,68.0,Versa 4
2026-05-11T22:30:05Z,66.0,Versa 4
2026-05-11T22:30:07Z,64.0,Versa 4
2026-05-11T22:30:09Z,62.0,Versa 4
2026-05-11T22:30:12Z,62.0,Versa 4
2026-05-11T22:30:13Z,63.0,Versa 4
2026-05-11T22:30:15Z,64.0,Versa 4
2026-05-11T22:30:17Z,65.0,Versa 4
2026-05-11T22:30:19Z,66.0,Versa 4
2026-05-11T22:30:21Z,65.0,Versa 4
2026-05-11T22:30:23Z,64.0,Versa 4
2026-05-11T22:30:26Z,63.0,Versa 4
2026-05-11T22:30:29Z,63.0,Versa 4
2026-05-11T22:30:30Z,64.0,Versa 4
2026-05-11T22:30:32Z,65.0,Versa 4
2026-05-11T22:30:34Z,65.0,Versa 4
2026-05-11T22:30:36Z,66.0,Versa 4
2026-05-11T22:30:38Z,66.0,Versa 4
2026-05-11T22:30:41Z,66.0,Versa 4
2026-05-11T22:30:42Z,66.0,Versa 4
2026-05-11T22:30:44Z,66.0,Versa 4
2026-05-11T22:30:47Z,66.0,Versa 4
2026-05-11T22:30:48Z,67.0,Versa 4
2026-05-11T22:30:51Z,68.0,Versa 4
2026-05-11T22:30:54Z,68.0,Versa 4
2026-05-11T22:30:57Z,66.0,Versa 4
2026-05-11T22:31:00Z,66.0,Versa 4
2026-05-11T22:31:03Z,66.0,Versa 4
2026-05-11T22:31:05Z,65.0,Versa 4
2026-05-11T22:31:08Z,65.0,Versa 4
2026-05-11T22:31:09Z,64.0,Versa 4
2026-05-11T22:31:12Z,64.0,Versa 4
2026-05-11T22:31:15Z,64.0,Versa 4
2026-05-11T22:31:18Z,64.0,Versa 4
2026-05-11T22:31:21Z,64.0,Versa 4
2026-05-11T22:31:24Z,64.0,Versa 4
2026-05-11T22:31:27Z,64.0,Versa 4
2026-05-11T22:31:30Z,63.0,Versa 4
2026-05-11T22:31:32Z,62.0,Versa 4
2026-05-11T22:31:35Z,62.0,Versa 4
2026-05-11T22:31:38Z,63.0,Versa 4
2026-05-11T22:31:39Z,64.0,Versa 4
2026-05-11T22:31:42Z,64.0,Versa 4
2026-05-11T22:31:43Z,65.0,Versa 4
2026-05-11T22:31:45Z,66.0,Versa 4
2026-05-11T22:31:48Z,66.0,Versa 4
2026-05-11T22:31:49Z,67.0,Versa 4
2026-05-11T22:31:52Z,67.0,Versa 4
2026-05-11T22:31:55Z,68.0,Versa 4
2026-05-11T22:31:58Z,68.0,Versa 4
2026-05-11T22:31:59Z,67.0,Versa 4
2026-05-11T22:32:02Z,67.0,Versa 4
2026-05-11T22:32:05Z,67.0,Versa 4
2026-05-11T22:32:06Z,66.0,Versa 4
2026-05-11T22:32:09Z,66.0,Versa 4
2026-05-11T22:32:12Z,66.0,Versa 4
2026-05-11T22:32:14Z,66.0,Versa 4
2026-05-11T22:32:17Z,66.0,Versa 4
2026-05-11T22:32:20Z,65.0,Versa 4
2026-05-11T22:32:23Z,65.0,Versa 4
2026-05-11T22:32:26Z,65.0,Versa 4
2026-05-11T22:32:27Z,64.0,Versa 4
2026-05-11T22:32:30Z,64.0,Versa 4
2026-05-11T22:32:31Z,65.0,Versa 4
2026-05-11T22:32:34Z,65.0,Versa 4
2026-05-11T22:32:35Z,66.0,Versa 4
2026-05-11T22:32:37Z,65.0,Versa 4
2026-05-11T22:32:39Z,65.0,Versa 4
2026-05-11T22:32:41Z,66.0,Versa 4
2026-05-11T22:32:43Z,65.0,Versa 4
2026-05-11T22:32:46Z,65.0,Versa 4
2026-05-11T22:32:47Z,64.0,Versa 4
2026-05-11T22:32:50Z,64.0,Versa 4
2026-05-11T22:32:53Z,64.0,Versa 4
2026-05-11T22:32:56Z,64.0,Versa 4
2026-05-11T22:32:59Z,64.0,Versa 4
2026-05-11T22:33:02Z,64.0,Versa 4
2026-05-11T22:33:05Z,64.0,Versa 4
2026-05-11T22:33:08Z,64.0,Versa 4
2026-05-11T22:33:10Z,65.0,Versa 4
2026-05-11T22:33:12Z,66.0,Versa 4
2026-05-11T22:33:15Z,66.0,Versa 4
2026-05-11T22:33:17Z,66.0,Versa 4
2026-05-11T22:33:19Z,67.0,Versa 4
2026-05-11T22:33:22Z,67.0,Versa 4
2026-05-11T22:33:25Z,67.0,Versa 4
2026-05-11T22:33:27Z,67.0,Versa 4
2026-05-11T22:33:30Z,67.0,Versa 4
2026-05-11T22:33:31Z,68.0,Versa 4
2026-05-11T22:33:33Z,69.0,Versa 4
2026-05-11T22:33:36Z,69.0,Versa 4
2026-05-11T22:33:37Z,68.0,Versa 4
2026-05-11T22:33:38Z,66.0,Versa 4
2026-05-11T22:33:40Z,65.0,Versa 4
2026-05-11T22:33:42Z,64.0,Versa 4
2026-05-11T22:33:44Z,64.0,Versa 4
2026-05-11T22:33:46Z,65.0,Versa 4
2026-05-11T22:33:48Z,66.0,Versa 4
2026-05-11T22:33:51Z,66.0,Versa 4
2026-05-11T22:33:54Z,67.0,Versa 4
2026-05-11T22:33:56Z,66.0,Versa 4
2026-05-11T22:33:59Z,66.0,Versa 4
2026-05-11T22:34:00Z,65.0,Versa 4
2026-05-11T22:34:02Z,64.0,Versa 4
2026-05-11T22:34:05Z,64.0,Versa 4
2026-05-11T22:34:08Z,64.0,Versa 4
2026-05-11T22:34:11Z,64.0,Versa 4
2026-05-11T22:34:14Z,64.0,Versa 4
2026-05-11T22:34:17Z,65.0,Versa 4
2026-05-11T22:34:19Z,66.0,Versa 4
2026-05-11T22:34:22Z,66.0,Versa 4
2026-05-11T22:34:23Z,67.0,Versa 4
2026-05-11T22:34:25Z,68.0,Versa 4
2026-05-11T22:34:28Z,67.0,Versa 4
2026-05-11T22:34:30Z,66.0,Versa 4
2026-05-11T22:34:32Z,65.0,Versa 4
2026-05-11T22:34:34Z,64.0,Versa 4
2026-05-11T22:34:37Z,64.0,Versa 4
2026-05-11T22:34:38Z,65.0,Versa 4
2026-05-11T22:34:40Z,66.0,Versa 4
2026-05-11T22:34:43Z,66.0,Versa 4
2026-05-11T22:34:44Z,67.0,Versa 4
2026-05-11T22:34:46Z,68.0,Versa 4
2026-05-11T22:34:48Z,69.0,Versa 4
2026-05-11T22:34:50Z,71.0,Versa 4
2026-05-11T22:34:51Z,72.0,Versa 4
2026-05-11T22:34:53Z,74.0,Versa 4
2026-05-11T22:34:55Z,80.0,Versa 4
2026-05-11T22:34:58Z,80.0,Versa 4
2026-05-11T22:34:59Z,81.0,Versa 4
2026-05-11T22:35:01Z,83.0,Versa 4
2026-05-11T22:35:03Z,82.0,Versa 4
2026-05-11T22:35:05Z,79.0,Versa 4
2026-05-11T22:35:07Z,76.0,Versa 4
2026-05-11T22:35:09Z,73.0,Versa 4
2026-05-11T22:35:11Z,71.0,Versa 4
2026-05-11T22:35:13Z,69.0,Versa 4
2026-05-11T22:35:14Z,68.0,Versa 4
2026-05-11T22:35:16Z,66.0,Versa 4
2026-05-11T22:35:19Z,66.0,Versa 4
2026-05-11T22:35:22Z,66.0,Versa 4
2026-05-11T22:35:24Z,65.0,Versa 4
2026-05-11T22:35:27Z,65.0,Versa 4
2026-05-11T22:35:30Z,65.0,Versa 4
2026-05-11T22:35:33Z,65.0,Versa 4
2026-05-11T22:35:36Z,66.0,Versa 4
2026-05-11T22:35:39Z,66.0,Versa 4
2026-05-11T22:35:42Z,66.0,Versa 4
2026-05-11T22:35:45Z,66.0,Versa 4
2026-05-11T22:35:47Z,66.0,Versa 4
2026-05-11T22:35:50Z,66.0,Versa 4
2026-05-11T22:35:53Z,66.0,Versa 4
2026-05-11T22:35:56Z,66.0,Versa 4
2026-05-11T22:35:59Z,66.0,Versa 4
2026-05-11T22:36:01Z,65.0,Versa 4
2026-05-11T22:36:02Z,66.0,Versa 4
2026-05-11T22:36:05Z,66.0,Versa 4
2026-05-11T22:36:06Z,65.0,Versa 4
2026-05-11T22:36:08Z,66.0,Versa 4
2026-05-11T22:36:11Z,66.0,Versa 4
2026-05-11T22:36:14Z,66.0,Versa 4
2026-05-11T22:36:16Z,65.0,Versa 4
2026-05-11T22:36:19Z,65.0,Versa 4
2026-05-11T22:36:22Z,64.0,Versa 4
2026-05-11T22:36:24Z,63.0,Versa 4
2026-05-11T22:36:26Z,62.0,Versa 4
2026-05-11T22:36:29Z,62.0,Versa 4
2026-05-11T22:36:31Z,64.0,Versa 4
2026-05-11T22:36:34Z,64.0,Versa 4
2026-05-11T22:36:37Z,64.0,Versa 4
2026-05-11T22:36:40Z,64.0,Versa 4
2026-05-11T22:36:43Z,64.0,Versa 4
2026-05-11T22:36:46Z,64.0,Versa 4
2026-05-11T22:36:49Z,64.0,Versa 4
2026-05-11T22:36:52Z,65.0,Versa 4
2026-05-11T22:36:54Z,66.0,Versa 4
2026-05-11T22:36:56Z,66.0,Versa 4
2026-05-11T22:36:59Z,66.0,Versa 4
2026-05-11T22:37:02Z,66.0,Versa 4
2026-05-11T22:37:04Z,65.0,Versa 4
2026-05-11T22:37:06Z,65.0,Versa 4
2026-05-11T22:37:08Z,66.0,Versa 4
2026-05-11T22:37:10Z,68.0,Versa 4
2026-05-11T22:37:12Z,69.0,Versa 4
2026-05-11T22:37:14Z,68.0,Versa 4
2026-05-11T22:37:15Z,67.0,Versa 4
2026-05-11T22:37:17Z,66.0,Versa 4
2026-05-11T22:37:20Z,66.0,Versa 4
2026-05-11T22:37:21Z,65.0,Versa 4
2026-05-11T22:37:23Z,64.0,Versa 4
2026-05-11T22:37:26Z,64.0,Versa 4
2026-05-11T22:37:29Z,64.0,Versa 4
2026-05-11T22:37:31Z,66.0,Versa 4
2026-05-11T22:37:34Z,66.0,Versa 4
2026-05-11T22:37:35Z,68.0,Versa 4
2026-05-11T22:37:38Z,68.0,Versa 4
2026-05-11T22:37:40Z,66.0,Versa 4
2026-05-11T22:37:43Z,66.0,Versa 4
2026-05-11T22:37:44Z,65.0,Versa 4
2026-05-11T22:37:47Z,65.0,Versa 4
2026-05-11T22:37:50Z,65.0,Versa 4
2026-05-11T22:37:53Z,65.0,Versa 4
2026-05-11T22:37:56Z,64.0,Versa 4
2026-05-11T22:37:58Z,64.0,Versa 4
2026-05-11T22:38:01Z,64.0,Versa 4
2026-05-11T22:38:04Z,64.0,Versa 4
2026-05-11T22:38:07Z,64.0,Versa 4
2026-05-11T22:38:10Z,64.0,Versa 4
2026-05-11T22:38:13Z,64.0,Versa 4
2026-05-11T22:38:16Z,64.0,Versa 4
2026-05-11T22:38:17Z,65.0,Versa 4
2026-05-11T22:38:19Z,66.0,Versa 4
2026-05-11T22:38:22Z,66.0,Versa 4
2026-05-11T22:38:25Z,67.0,Versa 4
2026-05-11T22:38:28Z,66.0,Versa 4
2026-05-11T22:38:30Z,65.0,Versa 4
2026-05-11T22:38:32Z,64.0,Versa 4
2026-05-11T22:38:34Z,62.0,Versa 4
2026-05-11T22:38:37Z,62.0,Versa 4
2026-05-11T22:38:40Z,62.0,Versa 4
2026-05-11T22:38:42Z,64.0,Versa 4
2026-05-11T22:38:44Z,66.0,Versa 4
2026-05-11T22:38:46Z,68.0,Versa 4
2026-05-11T22:38:48Z,69.0,Versa 4
2026-05-11T22:38:50Z,68.0,Versa 4
2026-05-11T22:38:51Z,66.0,Versa 4
2026-05-11T22:38:53Z,63.0,Versa 4
2026-05-11T22:38:55Z,61.0,Versa 4
2026-05-11T22:38:57Z,60.0,Versa 4
2026-05-11T22:38:59Z,59.0,Versa 4
2026-05-11T22:39:01Z,60.0,Versa 4
2026-05-11T22:39:04Z,60.0,Versa 4
2026-05-11T22:39:05Z,59.0,Versa 4
2026-05-11T22:39:07Z,60.0,Versa 4
2026-05-11T22:39:10Z,60.0,Versa 4
2026-05-11T22:39:13Z,61.0,Versa 4
2026-05-11T22:39:16Z,62.0,Versa 4
2026-05-11T22:39:19Z,62.0,Versa 4
2026-05-11T22:39:20Z,63.0,Versa 4
2026-05-11T22:39:23Z,63.0,Versa 4
2026-05-11T22:39:24Z,62.0,Versa 4
2026-05-11T22:39:27Z,62.0,Versa 4
2026-05-11T22:39:30Z,62.0,Versa 4
2026-05-11T22:39:32Z,63.0,Versa 4
2026-05-11T22:39:34Z,64.0,Versa 4
2026-05-11T22:39:37Z,64.0,Versa 4
2026-05-11T22:39:38Z,65.0,Versa 4
2026-05-11T22:39:39Z,66.0,Versa 4
2026-05-11T22:39:41Z,68.0,Versa 4
2026-05-11T22:39:44Z,68.0,Versa 4
2026-05-11T22:39:47Z,68.0,Versa 4
2026-05-11T22:39:50Z,68.0,Versa 4
2026-05-11T22:39:53Z,67.0,Versa 4
2026-05-11T22:39:55Z,66.0,Versa 4
2026-05-11T22:39:57Z,65.0,Versa 4
2026-05-11T22:39:59Z,64.0,Versa 4
2026-05-11T22:40:02Z,63.0,Versa 4
2026-05-11T22:40:04Z,62.0,Versa 4
2026-05-11T22:40:07Z,62.0,Versa 4
2026-05-11T22:40:10Z,63.0,Versa 4
2026-05-11T22:40:13Z,63.0,Versa 4
2026-05-11T22:40:14Z,64.0,Versa 4
2026-05-11T22:40:17Z,64.0,Versa 4
2026-05-11T22:40:20Z,64.0,Versa 4
2026-05-11T22:40:23Z,64.0,Versa 4
2026-05-11T22:40:26Z,64.0,Versa 4
2026-05-11T22:40:27Z,63.0,Versa 4
2026-05-11T22:40:29Z,62.0,Versa 4
2026-05-11T22:40:32Z,62.0,Versa 4
2026-05-11T22:40:35Z,62.0,Versa 4
2026-05-11T22:40:38Z,62.0,Versa 4
2026-05-11T22:40:39Z,63.0,Versa 4
2026-05-11T22:40:41Z,64.0,Versa 4
2026-05-11T22:40:43Z,66.0,Versa 4
2026-05-11T22:40:45Z,67.0,Versa 4
2026-05-11T22:40:48Z,67.0,Versa 4
2026-05-11T22:40:49Z,66.0,Versa 4
2026-05-11T22:40:50Z,65.0,Versa 4
2026-05-11T22:40:52Z,62.0,Versa 4
2026-05-11T22:40:54Z,61.0,Versa 4
2026-05-11T22:40:57Z,61.0,Versa 4
2026-05-11T22:41:00Z,61.0,Versa 4
2026-05-11T22:41:03Z,61.0,Versa 4
2026-05-11T22:41:06Z,62.0,Versa 4
2026-05-11T22:41:08Z,62.0,Versa 4
2026-05-11T22:41:11Z,62.0,Versa 4
2026-05-11T22:41:14Z,63.0,Versa 4
2026-05-11T22:41:17Z,63.0,Versa 4
2026-05-11T22:41:20Z,63.0,Versa 4
2026-05-11T22:41:21Z,62.0,Versa 4
2026-05-11T22:41:24Z,62.0,Versa 4
2026-05-11T22:41:27Z,62.0,Versa 4
2026-05-11T22:41:30Z,62.0,Versa 4
2026-05-11T22:41:33Z,62.0,Versa 4
2026-05-11T22:41:36Z,62.0,Versa 4
2026-05-11T22:41:39Z,62.0,Versa 4
2026-05-11T22:41:40Z,63.0,Versa 4
2026-05-11T22:41:43Z,63.0,Versa 4
2026-05-11T22:41:44Z,64.0,Versa 4
2026-05-11T22:41:46Z,66.0,Versa 4
2026-05-11T22:41:48Z,68.0,Versa 4
2026-05-11T22:41:50Z,72.0,Versa 4
2026-05-11T22:41:52Z,74.0,Versa 4
2026-05-11T22:41:55Z,74.0,Versa 4
2026-05-11T22:41:58Z,73.0,Versa 4
2026-05-11T22:42:00Z,70.0,Versa 4
2026-05-11T22:42:03Z,70.0,Versa 4
2026-05-11T22:42:06Z,70.0,Versa 4
2026-05-11T22:42:07Z,70.0,Versa 4
2026-05-11T22:42:09Z,69.0,Versa 4
2026-05-11T22:42:11Z,70.0,Versa 4
2026-05-11T22:42:13Z,71.0,Versa 4
2026-05-11T22:42:15Z,74.0,Versa 4
2026-05-11T22:42:17Z,77.0,Versa 4
2026-05-11T22:42:19Z,81.0,Versa 4
2026-05-11T22:42:21Z,84.0,Versa 4
2026-05-11T22:42:23Z,88.0,Versa 4
2026-05-11T22:42:25Z,90.0,Versa 4
2026-05-11T22:42:26Z,87.0,Versa 4
2026-05-11T22:42:28Z,79.0,Versa 4
2026-05-11T22:42:30Z,73.0,Versa 4
2026-05-11T22:42:32Z,70.0,Versa 4
2026-05-11T22:42:34Z,69.0,Versa 4
2026-05-11T22:42:37Z,69.0,Versa 4
2026-05-11T22:42:38Z,68.0,Versa 4
2026-05-11T22:42:40Z,67.0,Versa 4
2026-05-11T22:42:42Z,66.0,Versa 4
2026-05-11T22:42:44Z,65.0,Versa 4
2026-05-11T22:42:46Z,66.0,Versa 4
2026-05-11T22:42:49Z,66.0,Versa 4
2026-05-11T22:42:51Z,67.0,Versa 4
2026-05-11T22:42:54Z,67.0,Versa 4
2026-05-11T22:42:55Z,66.0,Versa 4
2026-05-11T22:42:58Z,66.0,Versa 4
2026-05-11T22:43:01Z,67.0,Versa 4
2026-05-11T22:43:03Z,68.0,Versa 4
2026-05-11T22:43:05Z,67.0,Versa 4
2026-05-11T22:43:07Z,66.0,Versa 4
2026-05-11T22:43:09Z,67.0,Versa 4
2026-05-11T22:43:11Z,68.0,Versa 4
2026-05-11T22:43:14Z,67.0,Versa 4
2026-05-11T22:43:17Z,67.0,Versa 4
2026-05-11T22:43:18Z,66.0,Versa 4
2026-05-11T22:43:20Z,67.0,Versa 4
2026-05-11T22:43:22Z,68.0,Versa 4
2026-05-11T22:43:25Z,68.0,Versa 4
2026-05-11T22:43:26Z,69.0,Versa 4
2026-05-11T22:43:28Z,70.0,Versa 4
2026-05-11T22:43:30Z,71.0,Versa 4
2026-05-11T22:43:33Z,71.0,Versa 4
2026-05-11T22:43:34Z,70.0,Versa 4
2026-05-11T22:43:36Z,69.0,Versa 4
2026-05-11T22:43:38Z,67.0,Versa 4
2026-05-11T22:43:39Z,65.0,Versa 4
2026-05-11T22:43:42Z,65.0,Versa 4
2026-05-11T22:43:43Z,64.0,Versa 4
2026-05-11T22:43:46Z,64.0,Versa 4
2026-05-11T22:43:47Z,66.0,Versa 4
2026-05-11T22:43:50Z,66.0,Versa 4
2026-05-11T22:43:53Z,66.0,Versa 4
2026-05-11T22:43:56Z,66.0,Versa 4
2026-05-11T22:43:59Z,65.0,Versa 4
2026-05-11T22:44:02Z,65.0,Versa 4
2026-05-11T22:44:04Z,66.0,Versa 4
2026-05-11T22:44:07Z,66.0,Versa 4
2026-05-11T22:44:08Z,66.0,Versa 4
2026-05-11T22:44:11Z,66.0,Versa 4
2026-05-11T22:44:12Z,65.0,Versa 4
2026-05-11T22:44:14Z,66.0,Versa 4
2026-05-11T22:44:17Z,66.0,Versa 4
2026-05-11T22:44:18Z,67.0,Versa 4
2026-05-11T22:44:20Z,68.0,Versa 4
2026-05-11T22:44:22Z,67.0,Versa 4
2026-05-11T22:44:24Z,65.0,Versa 4
2026-05-11T22:44:26Z,62.0,Versa 4
2026-05-11T22:44:27Z,61.0,Versa 4
2026-05-11T22:44:29Z,62.0,Versa 4
2026-05-11T22:44:32Z,62.0,Versa 4
2026-05-11T22:44:35Z,63.0,Versa 4
2026-05-11T22:44:38Z,63.0,Versa 4
2026-05-11T22:44:41Z,63.0,Versa 4
2026-05-11T22:44:44Z,63.0,Versa 4
2026-05-11T22:44:45Z,64.0,Versa 4
2026-05-11T22:44:48Z,64.0,Versa 4
2026-05-11T22:44:51Z,64.0,Versa 4
2026-05-11T22:44:54Z,64.0,Versa 4
2026-05-11T22:44:57Z,64.0,Versa 4
2026-05-11T22:44:58Z,65.0,Versa 4
2026-05-11T22:45:01Z,65.0,Versa 4
2026-05-11T22:45:04Z,64.0,Versa 4
2026-05-11T22:45:07Z,64.0,Versa 4
2026-05-11T22:45:10Z,64.0,Versa 4
2026-05-11T22:45:12Z,64.0,Versa 4
2026-05-11T22:45:15Z,64.0,Versa 4
2026-05-11T22:45:18Z,64.0,Versa 4
2026-05-11T22:45:21Z,64.0,Versa 4
2026-05-11T22:45:24Z,64.0,Versa 4
2026-05-11T22:45:25Z,63.0,Versa 4
2026-05-11T22:45:28Z,63.0,Versa 4
2026-05-11T22:45:31Z,63.0,Versa 4
2026-05-11T22:45:34Z,63.0,Versa 4
2026-05-11T22:45:37Z,62.0,Versa 4
2026-05-11T22:45:40Z,62.0,Versa 4
2026-05-11T22:45:43Z,62.0,Versa 4
2026-05-11T22:45:44Z,63.0,Versa 4
2026-05-11T22:45:47Z,63.0,Versa 4
2026-05-11T22:45:50Z,63.0,Versa 4
2026-05-11T22:45:52Z,64.0,Versa 4
2026-05-11T22:45:55Z,64.0,Versa 4
2026-05-11T22:45:58Z,64.0,Versa 4
2026-05-11T22:46:01Z,64.0,Versa 4
2026-05-11T22:46:04Z,64.0,Versa 4
2026-05-11T22:46:07Z,64.0,Versa 4
2026-05-11T22:46:10Z,64.0,Versa 4
2026-05-11T22:46:13Z,64.0,Versa 4
2026-05-11T22:46:16Z,64.0,Versa 4
2026-05-11T22:46:19Z,64.0,Versa 4
2026-05-11T22:46:21Z,64.0,Versa 4
2026-05-11T22:46:23Z,65.0,Versa 4
2026-05-11T22:46:25Z,66.0,Versa 4
2026-05-11T22:46:26Z,64.0,Versa 4
2026-05-11T22:46:28Z,63.0,Versa 4
2026-05-11T22:46:30Z,62.0,Versa 4
2026-05-11T22:46:32Z,60.0,Versa 4
2026-05-11T22:46:35Z,60.0,Versa 4
2026-05-11T22:46:36Z,61.0,Versa 4
2026-05-11T22:46:38Z,62.0,Versa 4
2026-05-11T22:46:41Z,62.0,Versa 4
2026-05-11T22:46:44Z,63.0,Versa 4
2026-05-11T22:46:47Z,63.0,Versa 4
2026-05-11T22:46:50Z,63.0,Versa 4
2026-05-11T22:46:51Z,64.0,Versa 4
2026-05-11T22:46:54Z,64.0,Versa 4
2026-05-11T22:46:57Z,64.0,Versa 4
2026-05-11T22:47:00Z,64.0,Versa 4
2026-05-11T22:47:01Z,65.0,Versa 4
2026-05-11T22:47:03Z,64.0,Versa 4
2026-05-11T22:47:06Z,64.0,Versa 4
2026-05-11T22:47:09Z,63.0,Versa 4
2026-05-11T22:47:12Z,63.0,Versa 4
2026-05-11T22:47:13Z,64.0,Versa 4
2026-05-11T22:47:16Z,63.0,Versa 4
2026-05-11T22:47:19Z,63.0,Versa 4
2026-05-11T22:47:20Z,64.0,Versa 4
2026-05-11T22:47:23Z,64.0,Versa 4
2026-05-11T22:47:26Z,64.0,Versa 4
2026-05-11T22:47:28Z,64.0,Versa 4
2026-05-11T22:47:30Z,66.0,Versa 4
2026-05-11T22:47:33Z,66.0,Versa 4
2026-05-11T22:47:36Z,64.0,Versa 4
2026-05-11T22:47:38Z,62.0,Versa 4
2026-05-11T22:47:39Z,61.0,Versa 4
2026-05-11T22:47:41Z,60.0,Versa 4
2026-05-11T22:47:43Z,61.0,Versa 4
2026-05-11T22:47:46Z,61.0,Versa 4
2026-05-11T22:47:49Z,60.0,Versa 4
2026-05-11T22:47:51Z,61.0,Versa 4
2026-05-11T22:47:54Z,61.0,Versa 4
2026-05-11T22:47:55Z,62.0,Versa 4
2026-05-11T22:47:58Z,62.0,Versa 4
2026-05-11T22:48:01Z,62.0,Versa 4
2026-05-11T22:48:04Z,62.0,Versa 4
2026-05-11T22:48:06Z,63.0,Versa 4
2026-05-11T22:48:09Z,63.0,Versa 4
2026-05-11T22:48:12Z,63.0,Versa 4
2026-05-11T22:48:14Z,64.0,Versa 4
2026-05-11T22:48:17Z,64.0,Versa 4
2026-05-11T22:48:20Z,65.0,Versa 4
2026-05-11T22:48:22Z,64.0,Versa 4
2026-05-11T22:48:25Z,64.0,Versa 4
2026-05-11T22:48:28Z,64.0,Versa 4
2026-05-11T22:48:29Z,63.0,Versa 4
2026-05-11T22:48:31Z,62.0,Versa 4
2026-05-11T22:48:33Z,62.0,Versa 4
2026-05-11T22:48:36Z,62.0,Versa 4
2026-05-11T22:48:39Z,62.0,Versa 4
2026-05-11T22:48:42Z,62.0,Versa 4
2026-05-11T22:48:45Z,62.0,Versa 4
2026-05-11T22:48:48Z,62.0,Versa 4
2026-05-11T22:48:51Z,62.0,Versa 4
2026-05-11T22:48:54Z,62.0,Versa 4
2026-05-11T22:48:57Z,62.0,Versa 4
2026-05-11T22:49:00Z,62.0,Versa 4
2026-05-11T22:49:02Z,63.0,Versa 4
2026-05-11T22:49:04Z,64.0,Versa 4
2026-05-11T22:49:07Z,64.0,Versa 4
2026-05-11T22:49:10Z,64.0,Versa 4
2026-05-11T22:49:13Z,64.0,Versa 4
2026-05-11T22:49:14Z,63.0,Versa 4
2026-05-11T22:49:17Z,62.0,Versa 4
2026-05-11T22:49:20Z,62.0,Versa 4
2026-05-11T22:49:23Z,63.0,Versa 4
2026-05-11T22:49:26Z,63.0,Versa 4
2026-05-11T22:49:27Z,64.0,Versa 4
2026-05-11T22:49:30Z,64.0,Versa 4
2026-05-11T22:49:31Z,66.0,Versa 4
2026-05-11T22:49:34Z,66.0,Versa 4
2026-05-11T22:49:35Z,64.0,Versa 4
2026-05-11T22:49:37Z,61.0,Versa 4
2026-05-11T22:49:38Z,60.0,Versa 4
2026-05-11T22:49:40Z,60.0,Versa 4
2026-05-11T22:49:43Z,60.0,Versa 4
2026-05-11T22:49:46Z,60.0,Versa 4
2026-05-11T22:49:49Z,60.0,Versa 4
2026-05-11T22:49:50Z,61.0,Versa 4
2026-05-11T22:49:52Z,62.0,Versa 4
2026-05-11T22:49:55Z,62.0,Versa 4
2026-05-11T22:49:58Z,63.0,Versa 4
2026-05-11T22:50:01Z,63.0,Versa 4
2026-05-11T22:50:02Z,64.0,Versa 4
2026-05-11T22:50:05Z,64.0,Versa 4
2026-05-11T22:50:08Z,64.0,Versa 4
2026-05-11T22:50:11Z,65.0,Versa 4
2026-05-11T22:50:13Z,66.0,Versa 4
2026-05-11T22:50:15Z,65.0,Versa 4
2026-05-11T22:50:17Z,64.0,Versa 4
2026-05-11T22:50:19Z,63.0,Versa 4
2026-05-11T22:50:21Z,62.0,Versa 4
2026-05-11T22:50:24Z,62.0,Versa 4
2026-05-11T22:50:27Z,62.0,Versa 4
2026-05-11T22:50:30Z,62.0,Versa 4
2026-05-11T22:50:33Z,62.0,Versa 4
2026-05-11T22:50:36Z,62.0,Versa 4
2026-05-11T22:50:39Z,62.0,Versa 4
2026-05-11T22:50:42Z,62.0,Versa 4
2026-05-11T22:50:45Z,62.0,Versa 4
2026-05-11T22:50:48Z,62.0,Versa 4
2026-05-11T22:50:50Z,62.0,Versa 4
2026-05-11T22:50:53Z,61.0,Versa 4
2026-05-11T22:50:56Z,61.0,Versa 4
2026-05-11T22:50:59Z,62.0,Versa 4
2026-05-11T22:51:02Z,62.0,Versa 4
2026-05-11T22:51:05Z,62.0,Versa 4
2026-05-11T22:51:07Z,64.0,Versa 4
2026-05-11T22:51:09Z,65.0,Versa 4
2026-05-11T22:51:11Z,66.0,Versa 4
2026-05-11T22:51:13Z,65.0,Versa 4
2026-05-11T22:51:14Z,63.0,Versa 4
2026-05-11T22:51:16Z,64.0,Versa 4
2026-05-11T22:51:18Z,63.0,Versa 4
2026-05-11T22:51:20Z,61.0,Versa 4
2026-05-11T22:51:22Z,60.0,Versa 4
2026-05-11T22:51:25Z,60.0,Versa 4
2026-05-11T22:51:26Z,58.0,Versa 4
2026-05-11T22:51:29Z,58.0,Versa 4
2026-05-11T22:51:32Z,58.0,Versa 4
2026-05-11T22:51:34Z,57.0,Versa 4
2026-05-11T22:51:36Z,58.0,Versa 4
2026-05-11T22:51:38Z,59.0,Versa 4
2026-05-11T22:51:39Z,61.0,Versa 4
2026-05-11T22:51:41Z,62.0,Versa 4
2026-05-11T22:51:43Z,61.0,Versa 4
2026-05-11T22:51:45Z,60.0,Versa 4
2026-05-11T22:51:48Z,60.0,Versa 4
2026-05-11T22:51:49Z,60.0,Versa 4
2026-05-11T22:51:52Z,60.0,Versa 4
2026-05-11T22:51:55Z,60.0,Versa 4
2026-05-11T22:51:57Z,61.0,Versa 4
2026-05-11T22:51:59Z,62.0,Versa 4
2026-05-11T22:52:02Z,62.0,Versa 4
2026-05-11T22:52:05Z,62.0,Versa 4
2026-05-11T22:52:08Z,62.0,Versa 4
2026-05-11T22:52:11Z,62.0,Versa 4
2026-05-11T22:52:14Z,62.0,Versa 4
2026-05-11T22:52:17Z,62.0,Versa 4
2026-05-11T22:52:20Z,62.0,Versa 4
2026-05-11T22:52:23Z,62.0,Versa 4
2026-05-11T22:52:26Z,62.0,Versa 4
2026-05-11T22:52:29Z,63.0,Versa 4
2026-05-11T22:52:31Z,64.0,Versa 4
2026-05-11T22:52:34Z,64.0,Versa 4
2026-05-11T22:52:37Z,63.0,Versa 4
2026-05-11T22:52:39Z,64.0,Versa 4
2026-05-11T22:52:42Z,64.0,Versa 4
2026-05-11T22:52:45Z,64.0,Versa 4
2026-05-11T22:52:47Z,62.0,Versa 4
2026-05-11T22:52:50Z,62.0,Versa 4
2026-05-11T22:52:53Z,62.0,Versa 4
2026-05-11T22:52:56Z,62.0,Versa 4
2026-05-11T22:52:59Z,62.0,Versa 4
2026-05-11T22:53:02Z,62.0,Versa 4
2026-05-11T22:53:04Z,63.0,Versa 4
2026-05-11T22:53:07Z,63.0,Versa 4
2026-05-11T22:53:10Z,64.0,Versa 4
2026-05-11T22:53:13Z,64.0,Versa 4
2026-05-11T22:53:15Z,63.0,Versa 4
2026-05-11T22:53:17Z,62.0,Versa 4
2026-05-11T22:53:20Z,62.0,Versa 4
2026-05-11T22:53:23Z,63.0,Versa 4
2026-05-11T22:53:26Z,63.0,Versa 4
2026-05-11T22:53:27Z,64.0,Versa 4
2026-05-11T22:53:30Z,64.0,Versa 4
2026-05-11T22:53:33Z,64.0,Versa 4
2026-05-11T22:53:36Z,64.0,Versa 4
2026-05-11T22:53:39Z,64.0,Versa 4
2026-05-11T22:53:42Z,64.0,Versa 4
2026-05-11T22:53:45Z,64.0,Versa 4
2026-05-11T22:53:48Z,64.0,Versa 4
2026-05-11T22:53:51Z,64.0,Versa 4
2026-05-11T22:53:52Z,63.0,Versa 4
2026-05-11T22:53:55Z,63.0,Versa 4
2026-05-11T22:53:58Z,64.0,Versa 4
2026-05-11T22:54:01Z,64.0,Versa 4
2026-05-11T22:54:02Z,65.0,Versa 4
2026-05-11T22:54:03Z,66.0,Versa 4
2026-05-11T22:54:05Z,65.0,Versa 4
2026-05-11T22:54:07Z,64.0,Versa 4
2026-05-11T22:54:10Z,64.0,Versa 4
2026-05-11T22:54:11Z,64.0,Versa 4
2026-05-11T22:54:14Z,64.0,Versa 4
2026-05-11T22:54:17Z,63.0,Versa 4
2026-05-11T22:54:19Z,62.0,Versa 4
2026-05-11T22:54:22Z,62.0,Versa 4
2026-05-11T22:54:25Z,62.0,Versa 4
2026-05-11T22:54:28Z,63.0,Versa 4
2026-05-11T22:54:31Z,63.0,Versa 4
2026-05-11T22:54:34Z,63.0,Versa 4
2026-05-11T22:54:37Z,63.0,Versa 4
2026-05-11T22:54:40Z,63.0,Versa 4
2026-05-11T22:54:43Z,63.0,Versa 4
2026-05-11T22:54:46Z,63.0,Versa 4
2026-05-11T22:54:49Z,63.0,Versa 4
2026-05-11T22:54:50Z,62.0,Versa 4
2026-05-11T22:54:53Z,63.0,Versa 4
2026-05-11T22:54:56Z,63.0,Versa 4
2026-05-11T22:54:59Z,63.0,Versa 4
2026-05-11T22:55:02Z,63.0,Versa 4
2026-05-11T22:55:03Z,62.0,Versa 4
2026-05-11T22:55:06Z,62.0,Versa 4
2026-05-11T22:55:09Z,63.0,Versa 4
2026-05-11T22:55:12Z,63.0,Versa 4
2026-05-11T22:55:15Z,63.0,Versa 4
2026-05-11T22:55:16Z,62.0,Versa 4
2026-05-11T22:55:19Z,62.0,Versa 4
2026-05-11T22:55:22Z,62.0,Versa 4
2026-05-11T22:55:24Z,62.0,Versa 4
2026-05-11T22:55:26Z,63.0,Versa 4
2026-05-11T22:55:29Z,63.0,Versa 4
2026-05-11T22:55:32Z,63.0,Versa 4
2026-05-11T22:55:34Z,62.0,Versa 4
2026-05-11T22:55:37Z,62.0,Versa 4
2026-05-11T22:55:39Z,63.0,Versa 4
2026-05-11T22:55:42Z,63.0,Versa 4
2026-05-11T22:55:43Z,64.0,Versa 4
2026-05-11T22:55:45Z,65.0,Versa 4
2026-05-11T22:55:48Z,65.0,Versa 4
2026-05-11T22:55:49Z,64.0,Versa 4
2026-05-11T22:55:51Z,62.0,Versa 4
2026-05-11T22:55:53Z,61.0,Versa 4
2026-05-11T22:55:55Z,60.0,Versa 4
2026-05-11T22:55:58Z,60.0,Versa 4
2026-05-11T22:56:01Z,61.0,Versa 4
2026-05-11T22:56:02Z,62.0,Versa 4
2026-05-11T22:56:05Z,62.0,Versa 4
2026-05-11T22:56:08Z,61.0,Versa 4
2026-05-11T22:56:11Z,61.0,Versa 4
2026-05-11T22:56:12Z,60.0,Versa 4
2026-05-11T22:56:15Z,60.0,Versa 4
2026-05-11T22:56:16Z,61.0,Versa 4
2026-05-11T22:56:18Z,62.0,Versa 4
2026-05-11T22:56:20Z,63.0,Versa 4
2026-05-11T22:56:22Z,64.0,Versa 4
2026-05-11T22:56:24Z,63.0,Versa 4
2026-05-11T22:56:26Z,62.0,Versa 4
2026-05-11T22:56:29Z,61.0,Versa 4
2026-05-11T22:56:31Z,62.0,Versa 4
2026-05-11T22:56:34Z,62.0,Versa 4
2026-05-11T22:56:37Z,63.0,Versa 4
2026-05-11T22:56:40Z,63.0,Versa 4
2026-05-11T22:56:43Z,63.0,Versa 4
2026-05-11T22:56:46Z,63.0,Versa 4
2026-05-11T22:56:49Z,62.0,Versa 4
2026-05-11T22:56:52Z,63.0,Versa 4
2026-05-11T22:56:54Z,64.0,Versa 4
2026-05-11T22:56:57Z,64.0,Versa 4
2026-05-11T22:56:58Z,63.0,Versa 4
2026-05-11T22:57:00Z,62.0,Versa 4
2026-05-11T22:57:02Z,61.0,Versa 4
2026-05-11T22:57:04Z,60.0,Versa 4
2026-05-11T22:57:07Z,60.0,Versa 4
2026-05-11T22:57:10Z,61.0,Versa 4
2026-05-11T22:57:12Z,62.0,Versa 4
2026-05-11T22:57:15Z,63.0,Versa 4
2026-05-11T22:57:17Z,64.0,Versa 4
2026-05-11T22:57:20Z,64.0,Versa 4
2026-05-11T22:57:23Z,64.0,Versa 4
2026-05-11T22:57:25Z,63.0,Versa 4
2026-05-11T22:57:27Z,62.0,Versa 4
2026-05-11T22:57:30Z,62.0,Versa 4
2026-05-11T22:57:31Z,62.0,Versa 4
2026-05-11T22:57:34Z,62.0,Versa 4
2026-05-11T22:57:37Z,62.0,Versa 4
2026-05-11T22:57:40Z,62.0,Versa 4
2026-05-11T22:57:42Z,63.0,Versa 4
2026-05-11T22:57:45Z,63.0,Versa 4
2026-05-11T22:57:48Z,64.0,Versa 4
2026-05-11T22:57:51Z,64.0,Versa 4
2026-05-11T22:57:54Z,64.0,Versa 4
2026-05-11T22:57:56Z,63.0,Versa 4
2026-05-11T22:57:58Z,62.0,Versa 4
2026-05-11T22:58:01Z,62.0,Versa 4
2026-05-11T22:58:02Z,63.0,Versa 4
2026-05-11T22:58:05Z,64.0,Versa 4
2026-05-11T22:58:08Z,64.0,Versa 4
2026-05-11T22:58:11Z,63.0,Versa 4
2026-05-11T22:58:13Z,64.0,Versa 4
2026-05-11T22:58:16Z,64.0,Versa 4
2026-05-11T22:58:19Z,65.0,Versa 4
2026-05-11T22:58:21Z,66.0,Versa 4
2026-05-11T22:58:24Z,66.0,Versa 4
2026-05-11T22:58:25Z,65.0,Versa 4
2026-05-11T22:58:26Z,64.0,Versa 4
2026-05-11T22:58:29Z,64.0,Versa 4
2026-05-11T22:58:32Z,64.0,Versa 4
2026-05-11T22:58:35Z,64.0,Versa 4
2026-05-11T22:58:36Z,63.0,Versa 4
2026-05-11T22:58:38Z,62.0,Versa 4
2026-05-11T22:58:40Z,61.0,Versa 4
2026-05-11T22:58:42Z,60.0,Versa 4
2026-05-11T22:58:45Z,60.0,Versa 4
2026-05-11T22:58:48Z,60.0,Versa 4
2026-05-11T22:58:51Z,61.0,Versa 4
2026-05-11T22:58:54Z,61.0,Versa 4
2026-05-11T22:58:55Z,62.0,Versa 4
2026-05-11T22:58:58Z,62.0,Versa 4
2026-05-11T22:59:01Z,62.0,Versa 4
2026-05-11T22:59:03Z,63.0,Versa 4
2026-05-11T22:59:05Z,64.0,Versa 4
2026-05-11T22:59:08Z,64.0,Versa 4
2026-05-11T22:59:11Z,63.0,Versa 4
2026-05-11T22:59:13Z,62.0,Versa 4
2026-05-11T22:59:16Z,61.0,Versa 4
2026-05-11T22:59:19Z,61.0,Versa 4
2026-05-11T22:59:22Z,61.0,Versa 4
2026-05-11T22:59:25Z,61.0,Versa 4
2026-05-11T22:59:28Z,61.0,Versa 4
2026-05-11T22:59:30Z,62.0,Versa 4
2026-05-11T22:59:33Z,62.0,Versa 4
2026-05-11T22:59:36Z,62.0,Versa 4
2026-05-11T22:59:39Z,62.0,Versa 4
2026-05-11T22:59:42Z,62.0,Versa 4
2026-05-11T22:59:43Z,63.0,Versa 4
2026-05-11T22:59:46Z,63.0,Versa 4
2026-05-11T22:59:47Z,64.0,Versa 4
2026-05-11T22:59:49Z,63.0,Versa 4
2026-05-11T22:59:51Z,62.0,Versa 4
2026-05-11T22:59:54Z,62.0,Versa 4
2026-05-11T22:59:55Z,61.0,Versa 4
2026-05-11T22:59:57Z,60.0,Versa 4
2026-05-11T23:00:00Z,60.0,Versa 4
2026-05-11T23:00:01Z,62.0,Versa 4
2026-05-11T23:00:04Z,62.0,Versa 4
2026-05-11T23:00:06Z,63.0,Versa 4
2026-05-11T23:00:09Z,63.0,Versa 4
2026-05-11T23:00:10Z,64.0,Versa 4
2026-05-11T23:00:13Z,64.0,Versa 4
2026-05-11T23:00:14Z,63.0,Versa 4
2026-05-11T23:00:17Z,63.0,Versa 4
2026-05-11T23:00:18Z,62.0,Versa 4
2026-05-11T23:00:21Z,62.0,Versa 4
2026-05-11T23:00:24Z,62.0,Versa 4
2026-05-11T23:00:27Z,62.0,Versa 4
2026-05-11T23:00:29Z,63.0,Versa 4
2026-05-11T23:00:32Z,63.0,Versa 4
2026-05-11T23:00:35Z,64.0,Versa 4
2026-05-11T23:00:38Z,64.0,Versa 4
2026-05-11T23:00:41Z,63.0,Versa 4
2026-05-11T23:00:44Z,63.0,Versa 4
2026-05-11T23:00:47Z,63.0,Versa 4
2026-05-11T23:00:50Z,64.0,Versa 4
2026-05-11T23:00:52Z,64.0,Versa 4
2026-05-11T23:00:54Z,65.0,Versa 4
2026-05-11T23:00:56Z,64.0,Versa 4
2026-05-11T23:00:59Z,64.0,Versa 4
2026-05-11T23:01:00Z,63.0,Versa 4
2026-05-11T23:01:02Z,62.0,Versa 4
2026-05-11T23:01:05Z,62.0,Versa 4
2026-05-11T23:01:08Z,62.0,Versa 4
2026-05-11T23:01:11Z,62.0,Versa 4
2026-05-11T23:01:14Z,62.0,Versa 4
2026-05-11T23:01:17Z,63.0,Versa 4
2026-05-11T23:01:19Z,64.0,Versa 4
2026-05-11T23:01:22Z,64.0,Versa 4
2026-05-11T23:01:23Z,65.0,Versa 4
2026-05-11T23:01:26Z,65.0,Versa 4
2026-05-11T23:01:29Z,65.0,Versa 4
2026-05-11T23:01:32Z,65.0,Versa 4
2026-05-11T23:01:35Z,65.0,Versa 4
2026-05-11T23:01:38Z,65.0,Versa 4
2026-05-11T23:01:40Z,64.0,Versa 4
2026-05-11T23:01:43Z,64.0,Versa 4
2026-05-11T23:01:46Z,64.0,Versa 4
2026-05-11T23:01:49Z,64.0,Versa 4
2026-05-11T23:01:52Z,64.0,Versa 4
2026-05-11T23:01:55Z,64.0,Versa 4
2026-05-11T23:01:58Z,64.0,Versa 4
2026-05-11T23:02:00Z,63.0,Versa 4
2026-05-11T23:02:02Z,62.0,Versa 4
2026-05-11T23:02:05Z,62.0,Versa 4
2026-05-11T23:02:08Z,62.0,Versa 4
2026-05-11T23:02:09Z,64.0,Versa 4
2026-05-11T23:02:12Z,64.0,Versa 4
2026-05-11T23:02:13Z,63.0,Versa 4
2026-05-11T23:02:15Z,62.0,Versa 4
2026-05-11T23:02:18Z,62.0,Versa 4
2026-05-11T23:02:21Z,62.0,Versa 4
2026-05-11T23:02:23Z,63.0,Versa 4
2026-05-11T23:02:26Z,64.0,Versa 4
2026-05-11T23:02:29Z,64.0,Versa 4
2026-05-11T23:02:32Z,64.0,Versa 4
2026-05-11T23:02:35Z,64.0,Versa 4
2026-05-11T23:02:38Z,64.0,Versa 4
2026-05-11T23:02:41Z,64.0,Versa 4
2026-05-11T23:02:44Z,64.0,Versa 4
2026-05-11T23:02:47Z,64.0,Versa 4
2026-05-11T23:02:50Z,64.0,Versa 4
2026-05-11T23:02:53Z,64.0,Versa 4
2026-05-11T23:02:56Z,64.0,Versa 4
2026-05-11T23:02:59Z,64.0,Versa 4
2026-05-11T23:03:02Z,64.0,Versa 4
2026-05-11T23:03:05Z,64.0,Versa 4
2026-05-11T23:03:08Z,64.0,Versa 4
2026-05-11T23:03:11Z,64.0,Versa 4
2026-05-11T23:03:14Z,64.0,Versa 4
2026-05-11T23:03:16Z,64.0,Versa 4
2026-05-11T23:03:19Z,64.0,Versa 4
2026-05-11T23:03:20Z,65.0,Versa 4
2026-05-11T23:03:22Z,64.0,Versa 4
2026-05-11T23:03:25Z,64.0,Versa 4
2026-05-11T23:03:26Z,65.0,Versa 4
2026-05-11T23:03:28Z,64.0,Versa 4
2026-05-11T23:03:31Z,64.0,Versa 4
2026-05-11T23:03:34Z,63.0,Versa 4
2026-05-11T23:03:37Z,63.0,Versa 4
2026-05-11T23:03:38Z,64.0,Versa 4
2026-05-11T23:03:41Z,64.0,Versa 4
2026-05-11T23:03:44Z,64.0,Versa 4
2026-05-11T23:03:47Z,63.0,Versa 4
2026-05-11T23:03:49Z,62.0,Versa 4
2026-05-11T23:03:52Z,62.0,Versa 4
2026-05-11T23:03:55Z,62.0,Versa 4
2026-05-11T23:03:58Z,62.0,Versa 4
2026-05-11T23:03:59Z,63.0,Versa 4
2026-05-11T23:04:02Z,64.0,Versa 4
2026-05-11T23:04:05Z,64.0,Versa 4
2026-05-11T23:04:06Z,65.0,Versa 4
2026-05-11T23:04:08Z,64.0,Versa 4
2026-05-11T23:04:11Z,64.0,Versa 4
2026-05-11T23:04:12Z,65.0,Versa 4
2026-05-11T23:04:14Z,64.0,Versa 4
2026-05-11T23:04:16Z,63.0,Versa 4
2026-05-11T23:04:18Z,62.0,Versa 4
2026-05-11T23:04:20Z,60.0,Versa 4
2026-05-11T23:04:23Z,60.0,Versa 4
2026-05-11T23:04:26Z,60.0,Versa 4
2026-05-11T23:04:29Z,60.0,Versa 4
2026-05-11T23:04:31Z,61.0,Versa 4
2026-05-11T23:04:34Z,61.0,Versa 4
2026-05-11T23:04:35Z,62.0,Versa 4
2026-05-11T23:04:38Z,62.0,Versa 4
2026-05-11T23:04:41Z,62.0,Versa 4
2026-05-11T23:04:43Z,63.0,Versa 4
2026-05-11T23:04:45Z,64.0,Versa 4
2026-05-11T23:04:48Z,64.0,Versa 4
2026-05-11T23:04:51Z,64.0,Versa 4
2026-05-11T23:04:54Z,64.0,Versa 4
2026-05-11T23:04:57Z,64.0,Versa 4
2026-05-11T23:05:00Z,64.0,Versa 4
2026-05-11T23:05:02Z,63.0,Versa 4
2026-05-11T23:05:05Z,63.0,Versa 4
2026-05-11T23:05:08Z,63.0,Versa 4
2026-05-11T23:05:11Z,63.0,Versa 4
2026-05-11T23:05:12Z,64.0,Versa 4
2026-05-11T23:05:15Z,66.0,Versa 4
2026-05-11T23:05:18Z,66.0,Versa 4
2026-05-11T23:05:19Z,67.0,Versa 4
2026-05-11T23:05:21Z,66.0,Versa 4
2026-05-11T23:05:23Z,64.0,Versa 4
2026-05-11T23:05:25Z,64.0,Versa 4
2026-05-11T23:05:28Z,64.0,Versa 4
2026-05-11T23:05:31Z,64.0,Versa 4
2026-05-11T23:05:34Z,64.0,Versa 4
2026-05-11T23:05:37Z,64.0,Versa 4
2026-05-11T23:05:38Z,65.0,Versa 4
2026-05-11T23:05:41Z,65.0,Versa 4
2026-05-11T23:05:42Z,66.0,Versa 4
2026-05-11T23:05:45Z,66.0,Versa 4
2026-05-11T23:05:48Z,66.0,Versa 4
2026-05-11T23:05:50Z,65.0,Versa 4
2026-05-11T23:05:52Z,64.0,Versa 4
2026-05-11T23:05:54Z,63.0,Versa 4
2026-05-11T23:05:56Z,62.0,Versa 4
2026-05-11T23:05:59Z,62.0,Versa 4
2026-05-11T23:06:02Z,62.0,Versa 4
2026-05-11T23:06:05Z,62.0,Versa 4
2026-05-11T23:06:07Z,63.0,Versa 4
2026-05-11T23:06:10Z,63.0,Versa 4
2026-05-11T23:06:13Z,63.0,Versa 4
2026-05-11T23:06:15Z,62.0,Versa 4
2026-05-11T23:06:18Z,62.0,Versa 4
2026-05-11T23:06:21Z,63.0,Versa 4
2026-05-11T23:06:24Z,63.0,Versa 4
2026-05-11T23:06:27Z,63.0,Versa 4
2026-05-11T23:06:28Z,62.0,Versa 4
2026-05-11T23:06:31Z,62.0,Versa 4
2026-05-11T23:06:32Z,62.0,Versa 4
2026-05-11T23:06:34Z,63.0,Versa 4
2026-05-11T23:06:36Z,62.0,Versa 4
2026-05-11T23:06:38Z,63.0,Versa 4
2026-05-11T23:06:41Z,63.0,Versa 4
2026-05-11T23:06:42Z,64.0,Versa 4
2026-05-11T23:06:45Z,64.0,Versa 4
2026-05-11T23:06:48Z,64.0,Versa 4
2026-05-11T23:06:51Z,64.0,Versa 4
2026-05-11T23:06:54Z,64.0,Versa 4
2026-05-11T23:06:57Z,64.0,Versa 4
2026-05-11T23:07:00Z,64.0,Versa 4
2026-05-11T23:07:03Z,64.0,Versa 4
2026-05-11T23:07:06Z,64.0,Versa 4
2026-05-11T23:07:07Z,65.0,Versa 4
2026-05-11T23:07:10Z,65.0,Versa 4
2026-05-11T23:07:13Z,64.0,Versa 4
2026-05-11T23:07:14Z,63.0,Versa 4
2026-05-11T23:07:16Z,62.0,Versa 4
2026-05-11T23:07:19Z,62.0,Versa 4
2026-05-11T23:07:22Z,62.0,Versa 4
2026-05-11T23:07:25Z,62.0,Versa 4
2026-05-11T23:07:28Z,62.0,Versa 4
2026-05-11T23:07:31Z,62.0,Versa 4
2026-05-11T23:07:32Z,63.0,Versa 4
2026-05-11T23:07:35Z,63.0,Versa 4
2026-05-11T23:07:36Z,64.0,Versa 4
2026-05-11T23:07:38Z,64.0,Versa 4
2026-05-11T23:07:41Z,64.0,Versa 4
2026-05-11T23:07:43Z,65.0,Versa 4
2026-05-11T23:07:45Z,64.0,Versa 4
2026-05-11T23:07:48Z,64.0,Versa 4
2026-05-11T23:07:51Z,64.0,Versa 4
2026-05-11T23:07:54Z,64.0,Versa 4
2026-05-11T23:07:57Z,64.0,Versa 4
2026-05-11T23:08:00Z,64.0,Versa 4
2026-05-11T23:08:03Z,64.0,Versa 4
2026-05-11T23:08:06Z,64.0,Versa 4
2026-05-11T23:08:09Z,64.0,Versa 4
2026-05-11T23:08:12Z,64.0,Versa 4
2026-05-11T23:08:15Z,64.0,Versa 4
2026-05-11T23:08:18Z,64.0,Versa 4
2026-05-11T23:08:21Z,64.0,Versa 4
2026-05-11T23:08:22Z,65.0,Versa 4
2026-05-11T23:08:25Z,65.0,Versa 4
2026-05-11T23:08:28Z,65.0,Versa 4
2026-05-11T23:08:29Z,64.0,Versa 4
2026-05-11T23:08:32Z,64.0,Versa 4
2026-05-11T23:08:33Z,63.0,Versa 4
2026-05-11T23:08:36Z,63.0,Versa 4
2026-05-11T23:08:39Z,63.0,Versa 4
2026-05-11T23:08:42Z,63.0,Versa 4
2026-05-11T23:08:45Z,63.0,Versa 4
2026-05-11T23:08:48Z,63.0,Versa 4
2026-05-11T23:08:49Z,63.0,Versa 4
2026-05-11T23:08:50Z,64.0,Versa 4
2026-05-11T23:08:53Z,64.0,Versa 4
2026-05-11T23:08:56Z,64.0,Versa 4
2026-05-11T23:08:59Z,64.0,Versa 4
2026-05-11T23:09:02Z,64.0,Versa 4
2026-05-11T23:09:05Z,64.0,Versa 4
2026-05-11T23:09:08Z,64.0,Versa 4
2026-05-11T23:09:10Z,63.0,Versa 4
2026-05-11T23:09:13Z,63.0,Versa 4
2026-05-11T23:09:16Z,63.0,Versa 4
2026-05-11T23:09:17Z,62.0,Versa 4
2026-05-11T23:09:20Z,62.0,Versa 4
2026-05-11T23:09:21Z,63.0,Versa 4
2026-05-11T23:09:24Z,63.0,Versa 4
2026-05-11T23:09:27Z,63.0,Versa 4
2026-05-11T23:09:30Z,63.0,Versa 4
2026-05-11T23:09:31Z,62.0,Versa 4
2026-05-11T23:09:34Z,62.0,Versa 4
2026-05-11T23:09:35Z,63.0,Versa 4
2026-05-11T23:09:38Z,63.0,Versa 4
2026-05-11T23:09:41Z,63.0,Versa 4
2026-05-11T23:09:42Z,64.0,Versa 4
2026-05-11T23:09:45Z,64.0,Versa 4
2026-05-11T23:09:48Z,64.0,Versa 4
2026-05-11T23:09:51Z,64.0,Versa 4
2026-05-11T23:09:54Z,64.0,Versa 4
2026-05-11T23:09:56Z,64.0,Versa 4
2026-05-11T23:09:59Z,64.0,Versa 4
2026-05-11T23:10:02Z,64.0,Versa 4
2026-05-11T23:10:05Z,64.0,Versa 4
2026-05-11T23:10:08Z,64.0,Versa 4
2026-05-11T23:10:11Z,64.0,Versa 4
2026-05-11T23:10:14Z,64.0,Versa 4
2026-05-11T23:10:17Z,64.0,Versa 4
2026-05-11T23:10:19Z,63.0,Versa 4
2026-05-11T23:10:21Z,64.0,Versa 4
2026-05-11T23:10:24Z,64.0,Versa 4
2026-05-11T23:10:27Z,64.0,Versa 4
2026-05-11T23:10:28Z,63.0,Versa 4
2026-05-11T23:10:30Z,62.0,Versa 4
2026-05-11T23:10:33Z,62.0,Versa 4
2026-05-11T23:10:36Z,63.0,Versa 4
2026-05-11T23:10:39Z,63.0,Versa 4
2026-05-11T23:10:42Z,63.0,Versa 4
2026-05-11T23:10:44Z,64.0,Versa 4
2026-05-11T23:10:46Z,63.0,Versa 4
2026-05-11T23:10:48Z,62.0,Versa 4
2026-05-11T23:10:51Z,62.0,Versa 4
2026-05-11T23:10:54Z,62.0,Versa 4
2026-05-11T23:10:55Z,63.0,Versa 4
2026-05-11T23:10:58Z,63.0,Versa 4
2026-05-11T23:11:01Z,64.0,Versa 4
2026-05-11T23:11:04Z,64.0,Versa 4
2026-05-11T23:11:05Z,64.0,Versa 4
2026-05-11T23:11:08Z,64.0,Versa 4
2026-05-11T23:11:11Z,64.0,Versa 4
2026-05-11T23:11:14Z,64.0,Versa 4
2026-05-11T23:11:17Z,64.0,Versa 4
2026-05-11T23:11:20Z,64.0,Versa 4
2026-05-11T23:11:23Z,64.0,Versa 4
2026-05-11T23:11:26Z,64.0,Versa 4
2026-05-11T23:11:29Z,64.0,Versa 4
2026-05-11T23:11:32Z,63.0,Versa 4
2026-05-11T23:11:35Z,63.0,Versa 4
2026-05-11T23:11:36Z,62.0,Versa 4
2026-05-11T23:11:39Z,63.0,Versa 4
2026-05-11T23:11:42Z,63.0,Versa 4
2026-05-11T23:11:43Z,62.0,Versa 4
2026-05-11T23:11:46Z,62.0,Versa 4
2026-05-11T23:11:47Z,61.0,Versa 4
2026-05-11T23:11:49Z,60.0,Versa 4
2026-05-11T23:11:52Z,60.0,Versa 4
2026-05-11T23:11:55Z,60.0,Versa 4
2026-05-11T23:11:58Z,60.0,Versa 4
2026-05-11T23:12:01Z,60.0,Versa 4
2026-05-11T23:12:02Z,61.0,Versa 4
2026-05-11T23:12:04Z,62.0,Versa 4
2026-05-11T23:12:07Z,62.0,Versa 4
2026-05-11T23:12:10Z,63.0,Versa 4
2026-05-11T23:12:13Z,63.0,Versa 4
2026-05-11T23:12:14Z,63.0,Versa 4
2026-05-11T23:12:16Z,64.0,Versa 4
2026-05-11T23:12:19Z,64.0,Versa 4
2026-05-11T23:12:22Z,63.0,Versa 4
2026-05-11T23:12:25Z,63.0,Versa 4
2026-05-11T23:12:28Z,63.0,Versa 4
2026-05-11T23:12:31Z,63.0,Versa 4
2026-05-11T23:12:33Z,64.0,Versa 4
2026-05-11T23:12:36Z,64.0,Versa 4
2026-05-11T23:12:39Z,64.0,Versa 4
2026-05-11T23:12:42Z,64.0,Versa 4
2026-05-11T23:12:45Z,64.0,Versa 4
2026-05-11T23:12:47Z,63.0,Versa 4
2026-05-11T23:12:49Z,62.0,Versa 4
2026-05-11T23:12:52Z,62.0,Versa 4
2026-05-11T23:12:55Z,62.0,Versa 4
2026-05-11T23:12:58Z,62.0,Versa 4
2026-05-11T23:13:01Z,62.0,Versa 4
2026-05-11T23:13:02Z,63.0,Versa 4
2026-05-11T23:13:05Z,63.0,Versa 4
2026-05-11T23:13:08Z,64.0,Versa 4
2026-05-11T23:13:11Z,64.0,Versa 4
2026-05-11T23:13:14Z,64.0,Versa 4
2026-05-11T23:13:17Z,64.0,Versa 4
2026-05-11T23:13:20Z,64.0,Versa 4
2026-05-11T23:13:23Z,64.0,Versa 4
2026-05-11T23:13:26Z,64.0,Versa 4
2026-05-11T23:13:27Z,64.0,Versa 4
2026-05-11T23:13:30Z,64.0,Versa 4
2026-05-11T23:13:33Z,64.0,Versa 4
2026-05-11T23:13:36Z,64.0,Versa 4
2026-05-11T23:13:37Z,66.0,Versa 4
2026-05-11T23:13:40Z,68.0,Versa 4
2026-05-11T23:13:43Z,68.0,Versa 4
2026-05-11T23:13:44Z,68.0,Versa 4
2026-05-11T23:13:46Z,69.0,Versa 4
2026-05-11T23:13:48Z,70.0,Versa 4
2026-05-11T23:13:50Z,69.0,Versa 4
2026-05-11T23:13:53Z,69.0,Versa 4
2026-05-11T23:13:54Z,68.0,Versa 4
2026-05-11T23:13:57Z,68.0,Versa 4
2026-05-11T23:13:58Z,66.0,Versa 4
2026-05-11T23:14:01Z,66.0,Versa 4
2026-05-11T23:14:04Z,66.0,Versa 4
2026-05-11T23:14:05Z,65.0,Versa 4
2026-05-11T23:14:07Z,64.0,Versa 4
2026-05-11T23:14:10Z,64.0,Versa 4
2026-05-11T23:14:13Z,63.0,Versa 4
2026-05-11T23:14:16Z,63.0,Versa 4
2026-05-11T23:14:19Z,63.0,Versa 4
2026-05-11T23:14:21Z,62.0,Versa 4
2026-05-11T23:14:24Z,62.0,Versa 4
2026-05-11T23:14:25Z,63.0,Versa 4
2026-05-11T23:14:26Z,64.0,Versa 4
2026-05-11T23:14:28Z,64.0,Versa 4
2026-05-11T23:14:31Z,64.0,Versa 4
2026-05-11T23:14:34Z,64.0,Versa 4
2026-05-11T23:14:37Z,64.0,Versa 4
2026-05-11T23:14:40Z,64.0,Versa 4
2026-05-11T23:14:43Z,64.0,Versa 4
2026-05-11T23:14:44Z,63.0,Versa 4
2026-05-11T23:14:47Z,63.0,Versa 4
2026-05-11T23:14:48Z,62.0,Versa 4
2026-05-11T23:14:51Z,62.0,Versa 4
2026-05-11T23:14:54Z,62.0,Versa 4
2026-05-11T23:14:55Z,63.0,Versa 4
2026-05-11T23:14:58Z,63.0,Versa 4
2026-05-11T23:15:01Z,62.0,Versa 4
2026-05-11T23:15:03Z,63.0,Versa 4
2026-05-11T23:15:05Z,64.0,Versa 4
2026-05-11T23:15:08Z,64.0,Versa 4
2026-05-11T23:15:11Z,65.0,Versa 4
2026-05-11T23:15:13Z,64.0,Versa 4
2026-05-11T23:15:16Z,64.0,Versa 4
2026-05-11T23:15:19Z,64.0,Versa 4
2026-05-11T23:15:20Z,65.0,Versa 4
2026-05-11T23:15:22Z,66.0,Versa 4
2026-05-11T23:15:25Z,66.0,Versa 4
2026-05-11T23:15:28Z,64.0,Versa 4
2026-05-11T23:15:30Z,65.0,Versa 4
2026-05-11T23:15:33Z,65.0,Versa 4
2026-05-11T23:15:34Z,64.0,Versa 4
2026-05-11T23:15:37Z,64.0,Versa 4
2026-05-11T23:15:40Z,64.0,Versa 4
2026-05-11T23:15:43Z,63.0,Versa 4
2026-05-11T23:15:46Z,63.0,Versa 4
2026-05-11T23:15:47Z,64.0,Versa 4
2026-05-11T23:15:50Z,64.0,Versa 4
2026-05-11T23:15:53Z,64.0,Versa 4
2026-05-11T23:15:56Z,64.0,Versa 4
2026-05-11T23:15:59Z,64.0,Versa 4
2026-05-11T23:16:02Z,64.0,Versa 4
2026-05-11T23:16:05Z,64.0,Versa 4
2026-05-11T23:16:08Z,64.0,Versa 4
2026-05-11T23:16:11Z,64.0,Versa 4
2026-05-11T23:16:14Z,64.0,Versa 4
2026-05-11T23:16:16Z,63.0,Versa 4
2026-05-11T23:16:18Z,62.0,Versa 4
2026-05-11T23:16:21Z,62.0,Versa 4
2026-05-11T23:16:24Z,62.0,Versa 4
2026-05-11T23:16:27Z,63.0,Versa 4
2026-05-11T23:16:30Z,63.0,Versa 4
2026-05-11T23:16:33Z,64.0,Versa 4
2026-05-11T23:16:35Z,63.0,Versa 4
2026-05-11T23:16:38Z,63.0,Versa 4
2026-05-11T23:16:41Z,63.0,Versa 4
2026-05-11T23:16:44Z,63.0,Versa 4
2026-05-11T23:16:47Z,64.0,Versa 4
2026-05-11T23:16:49Z,64.0,Versa 4
2026-05-11T23:16:52Z,64.0,Versa 4
2026-05-11T23:16:55Z,64.0,Versa 4
2026-05-11T23:16:58Z,64.0,Versa 4
2026-05-11T23:17:01Z,64.0,Versa 4
2026-05-11T23:17:04Z,64.0,Versa 4
2026-05-11T23:17:07Z,64.0,Versa 4
2026-05-11T23:17:08Z,63.0,Versa 4
2026-05-11T23:17:10Z,62.0,Versa 4
2026-05-11T23:17:12Z,61.0,Versa 4
2026-05-11T23:17:14Z,60.0,Versa 4
2026-05-11T23:17:17Z,60.0,Versa 4
2026-05-11T23:17:19Z,61.0,Versa 4
2026-05-11T23:17:21Z,62.0,Versa 4
2026-05-11T23:17:23Z,63.0,Versa 4
2026-05-11T23:17:26Z,63.0,Versa 4
2026-05-11T23:17:27Z,64.0,Versa 4
2026-05-11T23:17:30Z,64.0,Versa 4
2026-05-11T23:17:33Z,64.0,Versa 4
2026-05-11T23:17:35Z,63.0,Versa 4
2026-05-11T23:17:38Z,63.0,Versa 4
2026-05-11T23:17:40Z,62.0,Versa 4
2026-05-11T23:17:42Z,61.0,Versa 4
2026-05-11T23:17:44Z,60.0,Versa 4
2026-05-11T23:17:46Z,58.0,Versa 4
2026-05-11T23:17:48Z,59.0,Versa 4
2026-05-11T23:17:51Z,59.0,Versa 4
2026-05-11T23:17:52Z,59.0,Versa 4
2026-05-11T23:17:54Z,60.0,Versa 4
2026-05-11T23:17:57Z,60.0,Versa 4
2026-05-11T23:18:00Z,61.0,Versa 4
2026-05-11T23:18:02Z,62.0,Versa 4
2026-05-11T23:18:05Z,62.0,Versa 4
2026-05-11T23:18:08Z,62.0,Versa 4
2026-05-11T23:18:11Z,62.0,Versa 4
2026-05-11T23:18:14Z,62.0,Versa 4
2026-05-11T23:18:15Z,61.0,Versa 4
2026-05-11T23:18:18Z,61.0,Versa 4
2026-05-11T23:18:21Z,61.0,Versa 4
2026-05-11T23:18:23Z,62.0,Versa 4
2026-05-11T23:18:26Z,62.0,Versa 4
2026-05-11T23:18:28Z,63.0,Versa 4
2026-05-11T23:18:31Z,63.0,Versa 4
2026-05-11T23:18:34Z,64.0,Versa 4
2026-05-11T23:18:37Z,64.0,Versa 4
2026-05-11T23:18:40Z,64.0,Versa 4
2026-05-11T23:18:43Z,64.0,Versa 4
2026-05-11T23:18:46Z,64.0,Versa 4
2026-05-11T23:18:49Z,64.0,Versa 4
2026-05-11T23:18:52Z,64.0,Versa 4
2026-05-11T23:18:55Z,64.0,Versa 4
2026-05-11T23:18:58Z,64.0,Versa 4
2026-05-11T23:19:01Z,64.0,Versa 4
2026-05-11T23:19:04Z,64.0,Versa 4
2026-05-11T23:19:05Z,64.0,Versa 4
2026-05-11T23:19:08Z,64.0,Versa 4
2026-05-11T23:19:11Z,64.0,Versa 4
2026-05-11T23:19:14Z,64.0,Versa 4
2026-05-11T23:19:17Z,64.0,Versa 4
2026-05-11T23:19:18Z,63.0,Versa 4
2026-05-11T23:19:21Z,63.0,Versa 4
2026-05-11T23:19:24Z,62.0,Versa 4
2026-05-11T23:19:26Z,63.0,Versa 4
2026-05-11T23:19:29Z,63.0,Versa 4
2026-05-11T23:19:32Z,64.0,Versa 4
2026-05-11T23:19:35Z,64.0,Versa 4
2026-05-11T23:19:38Z,62.0,Versa 4
2026-05-11T23:19:41Z,62.0,Versa 4
2026-05-11T23:19:44Z,62.0,Versa 4
2026-05-11T23:19:47Z,63.0,Versa 4
2026-05-11T23:19:50Z,63.0,Versa 4
2026-05-11T23:19:51Z,62.0,Versa 4
2026-05-11T23:19:54Z,62.0,Versa 4
2026-05-11T23:19:57Z,63.0,Versa 4
2026-05-11T23:20:00Z,63.0,Versa 4
2026-05-11T23:20:01Z,64.0,Versa 4
2026-05-11T23:20:04Z,64.0,Versa 4
2026-05-11T23:20:07Z,64.0,Versa 4
2026-05-11T23:20:10Z,64.0,Versa 4
2026-05-11T23:20:13Z,64.0,Versa 4
2026-05-11T23:20:14Z,63.0,Versa 4
2026-05-11T23:20:16Z,63.0,Versa 4
2026-05-11T23:20:19Z,63.0,Versa 4
2026-05-11T23:20:22Z,62.0,Versa 4
2026-05-11T23:20:25Z,62.0,Versa 4
2026-05-11T23:20:28Z,62.0,Versa 4
2026-05-11T23:20:31Z,62.0,Versa 4
2026-05-11T23:20:34Z,62.0,Versa 4
2026-05-11T23:20:37Z,62.0,Versa 4
2026-05-11T23:20:40Z,62.0,Versa 4
2026-05-11T23:20:43Z,62.0,Versa 4
2026-05-11T23:20:45Z,63.0,Versa 4
2026-05-11T23:20:48Z,63.0,Versa 4
2026-05-11T23:20:50Z,62.0,Versa 4
2026-05-11T23:20:53Z,62.0,Versa 4
2026-05-11T23:20:54Z,61.0,Versa 4
2026-05-11T23:20:56Z,60.0,Versa 4
2026-05-11T23:20:59Z,60.0,Versa 4
2026-05-11T23:21:00Z,61.0,Versa 4
2026-05-11T23:21:03Z,61.0,Versa 4
2026-05-11T23:21:06Z,61.0,Versa 4
2026-05-11T23:21:09Z,61.0,Versa 4
2026-05-11T23:21:10Z,62.0,Versa 4
2026-05-11T23:21:13Z,62.0,Versa 4
2026-05-11T23:21:16Z,62.0,Versa 4
2026-05-11T23:21:19Z,63.0,Versa 4
2026-05-11T23:21:22Z,63.0,Versa 4
2026-05-11T23:21:23Z,62.0,Versa 4
2026-05-11T23:21:25Z,62.0,Versa 4
2026-05-11T23:21:27Z,60.0,Versa 4
2026-05-11T23:21:30Z,60.0,Versa 4
2026-05-11T23:21:33Z,61.0,Versa 4
2026-05-11T23:21:36Z,61.0,Versa 4
2026-05-11T23:21:39Z,61.0,Versa 4
2026-05-11T23:21:42Z,60.0,Versa 4
2026-05-11T23:21:45Z,60.0,Versa 4
2026-05-11T23:21:46Z,61.0,Versa 4
2026-05-11T23:21:48Z,62.0,Versa 4
2026-05-11T23:21:51Z,62.0,Versa 4
2026-05-11T23:21:54Z,62.0,Versa 4
2026-05-11T23:21:57Z,62.0,Versa 4
2026-05-11T23:22:00Z,62.0,Versa 4
2026-05-11T23:22:03Z,62.0,Versa 4
2026-05-11T23:22:06Z,62.0,Versa 4
2026-05-11T23:22:09Z,62.0,Versa 4
2026-05-11T23:22:12Z,62.0,Versa 4
2026-05-11T23:22:15Z,62.0,Versa 4
2026-05-11T23:22:18Z,62.0,Versa 4
2026-05-11T23:22:19Z,63.0,Versa 4
2026-05-11T23:22:22Z,63.0,Versa 4
2026-05-11T23:22:25Z,63.0,Versa 4
2026-05-11T23:22:26Z,64.0,Versa 4
2026-05-11T23:22:29Z,64.0,Versa 4
2026-05-11T23:22:32Z,64.0,Versa 4
2026-05-11T23:22:34Z,63.0,Versa 4
2026-05-11T23:22:36Z,63.0,Versa 4
2026-05-11T23:22:39Z,63.0,Versa 4
2026-05-11T23:22:42Z,64.0,Versa 4
2026-05-11T23:22:45Z,64.0,Versa 4
2026-05-11T23:22:48Z,63.0,Versa 4
2026-05-11T23:22:50Z,62.0,Versa 4
2026-05-11T23:22:53Z,62.0,Versa 4
2026-05-11T23:22:56Z,62.0,Versa 4
2026-05-11T23:22:59Z,62.0,Versa 4
2026-05-11T23:23:02Z,62.0,Versa 4
2026-05-11T23:23:05Z,62.0,Versa 4
2026-05-11T23:23:08Z,62.0,Versa 4
2026-05-11T23:23:11Z,62.0,Versa 4
2026-05-11T23:23:14Z,62.0,Versa 4
2026-05-11T23:23:16Z,63.0,Versa 4
2026-05-11T23:23:18Z,62.0,Versa 4
2026-05-11T23:23:21Z,62.0,Versa 4
2026-05-11T23:23:24Z,60.0,Versa 4
2026-05-11T23:23:27Z,60.0,Versa 4
2026-05-11T23:23:30Z,60.0,Versa 4
2026-05-11T23:23:32Z,61.0,Versa 4
2026-05-11T23:23:34Z,62.0,Versa 4
2026-05-11T23:23:37Z,62.0,Versa 4
2026-05-11T23:23:38Z,61.0,Versa 4
2026-05-11T23:23:39Z,60.0,Versa 4
2026-05-11T23:23:42Z,60.0,Versa 4
2026-05-11T23:23:45Z,60.0,Versa 4
2026-05-11T23:23:47Z,62.0,Versa 4
2026-05-11T23:23:50Z,62.0,Versa 4
2026-05-11T23:23:53Z,62.0,Versa 4
2026-05-11T23:23:56Z,62.0,Versa 4
2026-05-11T23:23:59Z,62.0,Versa 4
2026-05-11T23:24:02Z,62.0,Versa 4
2026-05-11T23:24:05Z,62.0,Versa 4
2026-05-11T23:24:08Z,62.0,Versa 4
2026-05-11T23:24:11Z,62.0,Versa 4
2026-05-11T23:24:14Z,62.0,Versa 4
2026-05-11T23:24:17Z,62.0,Versa 4
2026-05-11T23:24:20Z,62.0,Versa 4
2026-05-11T23:24:23Z,62.0,Versa 4
2026-05-11T23:24:24Z,63.0,Versa 4
2026-05-11T23:24:27Z,63.0,Versa 4
2026-05-11T23:24:30Z,63.0,Versa 4
2026-05-11T23:24:31Z,62.0,Versa 4
2026-05-11T23:24:34Z,62.0,Versa 4
2026-05-11T23:24:37Z,62.0,Versa 4
2026-05-11T23:24:40Z,62.0,Versa 4
2026-05-11T23:24:43Z,63.0,Versa 4
2026-05-11T23:24:45Z,62.0,Versa 4
2026-05-11T23:24:48Z,62.0,Versa 4
2026-05-11T23:24:49Z,61.0,Versa 4
2026-05-11T23:24:50Z,60.0,Versa 4
2026-05-11T23:24:53Z,60.0,Versa 4
2026-05-11T23:24:56Z,60.0,Versa 4
2026-05-11T23:24:58Z,60.0,Versa 4
2026-05-11T23:25:00Z,59.0,Versa 4
2026-05-11T23:25:02Z,58.0,Versa 4
2026-05-11T23:25:05Z,58.0,Versa 4
2026-05-11T23:25:06Z,59.0,Versa 4
2026-05-11T23:25:09Z,59.0,Versa 4
2026-05-11T23:25:10Z,60.0,Versa 4
2026-05-11T23:25:13Z,60.0,Versa 4
2026-05-11T23:25:16Z,60.0,Versa 4
2026-05-11T23:25:19Z,60.0,Versa 4
2026-05-11T23:25:22Z,60.0,Versa 4
2026-05-11T23:25:23Z,61.0,Versa 4
2026-05-11T23:25:25Z,62.0,Versa 4
2026-05-11T23:25:28Z,62.0,Versa 4
2026-05-11T23:25:31Z,62.0,Versa 4
2026-05-11T23:25:34Z,62.0,Versa 4
2026-05-11T23:25:37Z,62.0,Versa 4
2026-05-11T23:25:40Z,62.0,Versa 4
2026-05-11T23:25:42Z,61.0,Versa 4
2026-05-11T23:25:45Z,61.0,Versa 4
2026-05-11T23:25:48Z,62.0,Versa 4
2026-05-11T23:25:51Z,62.0,Versa 4
2026-05-11T23:25:54Z,62.0,Versa 4
2026-05-11T23:25:57Z,62.0,Versa 4
2026-05-11T23:26:00Z,62.0,Versa 4
2026-05-11T23:26:03Z,62.0,Versa 4
2026-05-11T23:26:06Z,62.0,Versa 4
2026-05-11T23:26:07Z,62.0,Versa 4
2026-05-11T23:26:10Z,62.0,Versa 4
2026-05-11T23:26:13Z,62.0,Versa 4
2026-05-11T23:26:16Z,62.0,Versa 4
2026-05-11T23:26:19Z,62.0,Versa 4
2026-05-11T23:26:22Z,62.0,Versa 4
2026-05-11T23:26:25Z,62.0,Versa 4
2026-05-11T23:26:28Z,62.0,Versa 4
2026-05-11T23:26:31Z,62.0,Versa 4
2026-05-11T23:26:32Z,63.0,Versa 4
2026-05-11T23:26:35Z,63.0,Versa 4
2026-05-11T23:26:36Z,62.0,Versa 4
2026-05-11T23:26:39Z,62.0,Versa 4
2026-05-11T23:26:42Z,62.0,Versa 4
2026-05-11T23:26:45Z,62.0,Versa 4
2026-05-11T23:26:48Z,62.0,Versa 4
2026-05-11T23:26:51Z,62.0,Versa 4
2026-05-11T23:26:54Z,62.0,Versa 4
2026-05-11T23:26:57Z,62.0,Versa 4
2026-05-11T23:27:00Z,62.0,Versa 4
2026-05-11T23:27:03Z,62.0,Versa 4
2026-05-11T23:27:06Z,62.0,Versa 4
2026-05-11T23:27:07Z,63.0,Versa 4
2026-05-11T23:27:10Z,63.0,Versa 4
2026-05-11T23:27:13Z,63.0,Versa 4
2026-05-11T23:27:16Z,63.0,Versa 4
2026-05-11T23:27:18Z,62.0,Versa 4
2026-05-11T23:27:20Z,62.0,Versa 4
2026-05-11T23:27:23Z,62.0,Versa 4
2026-05-11T23:27:26Z,62.0,Versa 4
2026-05-11T23:27:28Z,61.0,Versa 4
2026-05-11T23:27:30Z,62.0,Versa 4
2026-05-11T23:27:33Z,62.0,Versa 4
2026-05-11T23:27:36Z,62.0,Versa 4
2026-05-11T23:27:39Z,62.0,Versa 4
2026-05-11T23:27:42Z,62.0,Versa 4
2026-05-11T23:27:45Z,62.0,Versa 4
2026-05-11T23:27:48Z,62.0,Versa 4
2026-05-11T23:27:51Z,62.0,Versa 4
2026-05-11T23:27:54Z,62.0,Versa 4
2026-05-11T23:27:57Z,62.0,Versa 4
2026-05-11T23:28:00Z,62.0,Versa 4
2026-05-11T23:28:03Z,62.0,Versa 4
2026-05-11T23:28:06Z,63.0,Versa 4
2026-05-11T23:28:08Z,64.0,Versa 4
2026-05-11T23:28:11Z,64.0,Versa 4
2026-05-11T23:28:12Z,64.0,Versa 4
2026-05-11T23:28:14Z,61.0,Versa 4
2026-05-11T23:28:16Z,59.0,Versa 4
2026-05-11T23:28:19Z,59.0,Versa 4
2026-05-11T23:28:20Z,60.0,Versa 4
2026-05-11T23:28:22Z,60.0,Versa 4
2026-05-11T23:28:25Z,60.0,Versa 4
2026-05-11T23:28:26Z,59.0,Versa 4
2026-05-11T23:28:27Z,58.0,Versa 4
2026-05-11T23:28:30Z,58.0,Versa 4
2026-05-11T23:28:33Z,59.0,Versa 4
2026-05-11T23:28:35Z,60.0,Versa 4
2026-05-11T23:28:38Z,60.0,Versa 4
2026-05-11T23:28:39Z,59.0,Versa 4
2026-05-11T23:28:41Z,58.0,Versa 4
2026-05-11T23:28:43Z,57.0,Versa 4
2026-05-11T23:28:45Z,58.0,Versa 4
2026-05-11T23:28:48Z,58.0,Versa 4
2026-05-11T23:28:51Z,58.0,Versa 4
2026-05-11T23:28:52Z,59.0,Versa 4
2026-05-11T23:28:54Z,60.0,Versa 4
2026-05-11T23:28:57Z,60.0,Versa 4
2026-05-11T23:29:00Z,61.0,Versa 4
2026-05-11T23:29:02Z,62.0,Versa 4
2026-05-11T23:29:04Z,64.0,Versa 4
2026-05-11T23:29:06Z,65.0,Versa 4
2026-05-11T23:29:08Z,66.0,Versa 4
2026-05-11T23:29:10Z,67.0,Versa 4
2026-05-11T23:29:12Z,70.0,Versa 4
2026-05-11T23:29:14Z,76.0,Versa 4
2026-05-11T23:29:15Z,77.0,Versa 4
2026-05-11T23:29:17Z,87.0,Versa 4
2026-05-11T23:29:19Z,95.0,Versa 4
2026-05-11T23:29:21Z,99.0,Versa 4
2026-05-11T23:29:23Z,100.0,Versa 4
2026-05-11T23:29:26Z,100.0,Versa 4
2026-05-11T23:29:27Z,98.0,Versa 4
2026-05-11T23:29:29Z,96.0,Versa 4
2026-05-11T23:29:32Z,96.0,Versa 4
2026-05-11T23:29:33Z,93.0,Versa 4
2026-05-11T23:29:35Z,90.0,Versa 4
2026-05-11T23:29:38Z,90.0,Versa 4
2026-05-11T23:29:40Z,91.0,Versa 4
2026-05-11T23:29:42Z,90.0,Versa 4
2026-05-11T23:29:44Z,91.0,Versa 4
2026-05-11T23:29:46Z,90.0,Versa 4
2026-05-11T23:29:48Z,88.0,Versa 4
2026-05-11T23:29:50Z,88.0,Versa 4
2026-05-11T23:29:52Z,86.0,Versa 4
2026-05-11T23:29:54Z,84.0,Versa 4
2026-05-11T23:29:56Z,80.0,Versa 4
2026-05-11T23:29:58Z,77.0,Versa 4
2026-05-11T23:30:00Z,75.0,Versa 4
2026-05-11T23:30:03Z,74.0,Versa 4
2026-05-11T23:30:06Z,74.0,Versa 4
2026-05-11T23:30:07Z,72.0,Versa 4
2026-05-11T23:30:09Z,73.0,Versa 4
2026-05-11T23:30:11Z,74.0,Versa 4
2026-05-11T23:30:14Z,74.0,Versa 4
2026-05-11T23:30:15Z,72.0,Versa 4
2026-05-11T23:30:17Z,70.0,Versa 4
2026-05-11T23:30:19Z,68.0,Versa 4
2026-05-11T23:30:22Z,68.0,Versa 4
2026-05-11T23:30:25Z,68.0,Versa 4
2026-05-11T23:30:26Z,67.0,Versa 4
2026-05-11T23:30:28Z,66.0,Versa 4
2026-05-11T23:30:30Z,67.0,Versa 4
2026-05-11T23:30:32Z,68.0,Versa 4
2026-05-11T23:30:34Z,69.0,Versa 4
2026-05-11T23:30:36Z,70.0,Versa 4
2026-05-11T23:30:38Z,71.0,Versa 4
2026-05-11T23:30:40Z,76.0,Versa 4
2026-05-11T23:30:42Z,80.0,Versa 4
2026-05-11T23:30:44Z,83.0,Versa 4
2026-05-11T23:30:46Z,82.0,Versa 4
2026-05-11T23:30:48Z,77.0,Versa 4
2026-05-11T23:30:50Z,68.0,Versa 4
2026-05-11T23:30:51Z,66.0,Versa 4
2026-05-11T23:30:53Z,64.0,Versa 4
2026-05-11T23:30:55Z,65.0,Versa 4
2026-05-11T23:30:58Z,65.0,Versa 4
2026-05-11T23:31:01Z,65.0,Versa 4
2026-05-11T23:31:03Z,64.0,Versa 4
2026-05-11T23:31:05Z,64.0,Versa 4
2026-05-11T23:31:07Z,65.0,Versa 4
2026-05-11T23:31:09Z,66.0,Versa 4
2026-05-11T23:31:11Z,67.0,Versa 4
2026-05-11T23:31:13Z,68.0,Versa 4
2026-05-11T23:31:14Z,68.0,Versa 4
2026-05-11T23:31:16Z,67.0,Versa 4
2026-05-11T23:31:18Z,66.0,Versa 4
2026-05-11T23:31:20Z,66.0,Versa 4
2026-05-11T23:31:23Z,66.0,Versa 4
2026-05-11T23:31:26Z,65.0,Versa 4
2026-05-11T23:31:28Z,64.0,Versa 4
2026-05-11T23:31:30Z,64.0,Versa 4
2026-05-11T23:31:32Z,64.0,Versa 4
2026-05-11T23:31:35Z,64.0,Versa 4
2026-05-11T23:31:38Z,64.0,Versa 4
2026-05-11T23:31:39Z,63.0,Versa 4
2026-05-11T23:31:41Z,62.0,Versa 4
2026-05-11T23:31:43Z,62.0,Versa 4
2026-05-11T23:31:46Z,62.0,Versa 4
2026-05-11T23:31:49Z,63.0,Versa 4
2026-05-11T23:31:52Z,63.0,Versa 4
2026-05-11T23:31:55Z,62.0,Versa 4
2026-05-11T23:31:58Z,62.0,Versa 4
2026-05-11T23:32:01Z,64.0,Versa 4
2026-05-11T23:32:04Z,64.0,Versa 4
2026-05-11T23:32:07Z,64.0,Versa 4
2026-05-11T23:32:08Z,63.0,Versa 4
2026-05-11T23:32:10Z,62.0,Versa 4
2026-05-11T23:32:13Z,62.0,Versa 4
2026-05-11T23:32:14Z,64.0,Versa 4
2026-05-11T23:32:17Z,64.0,Versa 4
2026-05-11T23:32:18Z,63.0,Versa 4
2026-05-11T23:32:21Z,63.0,Versa 4
2026-05-11T23:32:24Z,64.0,Versa 4
2026-05-11T23:32:27Z,64.0,Versa 4
2026-05-11T23:32:30Z,64.0,Versa 4
2026-05-11T23:32:33Z,64.0,Versa 4
2026-05-11T23:32:36Z,64.0,Versa 4
2026-05-11T23:32:39Z,64.0,Versa 4
2026-05-11T23:32:42Z,64.0,Versa 4
2026-05-11T23:32:43Z,63.0,Versa 4
2026-05-11T23:32:45Z,62.0,Versa 4
2026-05-11T23:32:47Z,63.0,Versa 4
2026-05-11T23:32:49Z,64.0,Versa 4
2026-05-11T23:32:52Z,62.0,Versa 4
2026-05-11T23:32:54Z,61.0,Versa 4
2026-05-11T23:32:56Z,60.0,Versa 4
2026-05-11T23:32:59Z,60.0,Versa 4
2026-05-11T23:33:02Z,60.0,Versa 4
2026-05-11T23:33:05Z,60.0,Versa 4
2026-05-11T23:33:08Z,60.0,Versa 4
2026-05-11T23:33:10Z,61.0,Versa 4
2026-05-11T23:33:12Z,62.0,Versa 4
2026-05-11T23:33:14Z,61.0,Versa 4
2026-05-11T23:33:15Z,60.0,Versa 4
2026-05-11T23:33:17Z,59.0,Versa 4
2026-05-11T23:33:19Z,59.0,Versa 4
2026-05-11T23:33:22Z,59.0,Versa 4
2026-05-11T23:33:23Z,60.0,Versa 4
2026-05-11T23:33:26Z,60.0,Versa 4
2026-05-11T23:33:27Z,59.0,Versa 4
2026-05-11T23:33:30Z,59.0,Versa 4
2026-05-11T23:33:33Z,59.0,Versa 4
2026-05-11T23:33:36Z,59.0,Versa 4
2026-05-11T23:33:38Z,58.0,Versa 4
2026-05-11T23:33:41Z,58.0,Versa 4
2026-05-11T23:33:42Z,59.0,Versa 4
2026-05-11T23:33:44Z,60.0,Versa 4
2026-05-11T23:33:47Z,60.0,Versa 4
2026-05-11T23:33:50Z,60.0,Versa 4
2026-05-11T23:33:53Z,60.0,Versa 4
2026-05-11T23:33:56Z,60.0,Versa 4
2026-05-11T23:33:59Z,60.0,Versa 4
2026-05-11T23:34:02Z,60.0,Versa 4
2026-05-11T23:34:05Z,60.0,Versa 4
2026-05-11T23:34:08Z,60.0,Versa 4
2026-05-11T23:34:09Z,61.0,Versa 4
2026-05-11T23:34:11Z,62.0,Versa 4
2026-05-11T23:34:14Z,62.0,Versa 4
2026-05-11T23:34:17Z,62.0,Versa 4
2026-05-11T23:34:19Z,60.0,Versa 4
2026-05-11T23:34:21Z,62.0,Versa 4
2026-05-11T23:34:24Z,62.0,Versa 4
2026-05-11T23:34:25Z,61.0,Versa 4
2026-05-11T23:34:26Z,59.0,Versa 4
2026-05-11T23:34:28Z,58.0,Versa 4
2026-05-11T23:34:31Z,58.0,Versa 4
2026-05-11T23:34:32Z,57.0,Versa 4
2026-05-11T23:34:34Z,58.0,Versa 4
2026-05-11T23:34:37Z,58.0,Versa 4
2026-05-11T23:34:40Z,59.0,Versa 4
2026-05-11T23:34:42Z,60.0,Versa 4
2026-05-11T23:34:45Z,60.0,Versa 4
2026-05-11T23:34:48Z,60.0,Versa 4
2026-05-11T23:34:51Z,61.0,Versa 4
2026-05-11T23:34:53Z,62.0,Versa 4
2026-05-11T23:34:56Z,62.0,Versa 4
2026-05-11T23:34:57Z,61.0,Versa 4
2026-05-11T23:34:59Z,61.0,Versa 4
2026-05-11T23:35:01Z,60.0,Versa 4
2026-05-11T23:35:04Z,60.0,Versa 4
2026-05-11T23:35:07Z,60.0,Versa 4
2026-05-11T23:35:10Z,60.0,Versa 4
2026-05-11T23:35:13Z,59.0,Versa 4
2026-05-11T23:35:14Z,58.0,Versa 4
2026-05-11T23:35:17Z,58.0,Versa 4
2026-05-11T23:35:20Z,58.0,Versa 4
2026-05-11T23:35:23Z,58.0,Versa 4
2026-05-11T23:35:26Z,58.0,Versa 4
2026-05-11T23:35:28Z,59.0,Versa 4
2026-05-11T23:35:30Z,60.0,Versa 4
2026-05-11T23:35:33Z,60.0,Versa 4
2026-05-11T23:35:36Z,60.0,Versa 4
2026-05-11T23:35:39Z,58.0,Versa 4
2026-05-11T23:35:42Z,58.0,Versa 4
2026-05-11T23:35:45Z,59.0,Versa 4
2026-05-11T23:35:47Z,60.0,Versa 4
2026-05-11T23:35:50Z,60.0,Versa 4
2026-05-11T23:35:53Z,59.0,Versa 4
2026-05-11T23:35:55Z,58.0,Versa 4
2026-05-11T23:35:58Z,58.0,Versa 4
2026-05-11T23:36:01Z,58.0,Versa 4
2026-05-11T23:36:04Z,59.0,Versa 4
2026-05-11T23:36:07Z,59.0,Versa 4
2026-05-11T23:36:08Z,60.0,Versa 4
2026-05-11T23:36:11Z,60.0,Versa 4
2026-05-11T23:36:14Z,59.0,Versa 4
2026-05-11T23:36:16Z,58.0,Versa 4
2026-05-11T23:36:19Z,58.0,Versa 4
2026-05-11T23:36:22Z,58.0,Versa 4
2026-05-11T23:36:25Z,58.0,Versa 4
2026-05-11T23:36:28Z,58.0,Versa 4
2026-05-11T23:36:31Z,58.0,Versa 4
2026-05-11T23:36:34Z,58.0,Versa 4
2026-05-11T23:36:37Z,58.0,Versa 4
2026-05-11T23:36:40Z,58.0,Versa 4
2026-05-11T23:36:43Z,59.0,Versa 4
2026-05-11T23:36:45Z,60.0,Versa 4
2026-05-11T23:36:47Z,60.0,Versa 4
2026-05-11T23:36:49Z,59.0,Versa 4
2026-05-11T23:36:50Z,60.0,Versa 4
2026-05-11T23:36:53Z,60.0,Versa 4
2026-05-11T23:36:54Z,60.0,Versa 4
2026-05-11T23:36:56Z,62.0,Versa 4
2026-05-11T23:36:58Z,60.0,Versa 4
2026-05-11T23:37:01Z,60.0,Versa 4
2026-05-11T23:37:02Z,59.0,Versa 4
2026-05-11T23:37:04Z,58.0,Versa 4
2026-05-11T23:37:06Z,58.0,Versa 4
2026-05-11T23:37:08Z,58.0,Versa 4
2026-05-11T23:37:11Z,58.0,Versa 4
2026-05-11T23:37:14Z,58.0,Versa 4
2026-05-11T23:37:17Z,58.0,Versa 4
2026-05-11T23:37:20Z,58.0,Versa 4
2026-05-11T23:37:23Z,58.0,Versa 4
2026-05-11T23:37:26Z,58.0,Versa 4
2026-05-11T23:37:29Z,58.0,Versa 4
2026-05-11T23:37:32Z,58.0,Versa 4
2026-05-11T23:37:35Z,59.0,Versa 4
2026-05-11T23:37:38Z,58.0,Versa 4
2026-05-11T23:37:40Z,59.0,Versa 4
2026-05-11T23:37:43Z,59.0,Versa 4
2026-05-11T23:37:44Z,58.0,Versa 4
2026-05-11T23:37:47Z,58.0,Versa 4
2026-05-11T23:37:48Z,58.0,Versa 4
2026-05-11T23:37:50Z,59.0,Versa 4
2026-05-11T23:37:52Z,60.0,Versa 4
2026-05-11T23:37:54Z,60.0,Versa 4
2026-05-11T23:37:57Z,60.0,Versa 4
2026-05-11T23:38:00Z,60.0,Versa 4
2026-05-11T23:38:03Z,61.0,Versa 4
2026-05-11T23:38:06Z,61.0,Versa 4
2026-05-11T23:38:07Z,62.0,Versa 4
2026-05-11T23:38:09Z,63.0,Versa 4
2026-05-11T23:38:11Z,67.0,Versa 4
2026-05-11T23:38:13Z,69.0,Versa 4
2026-05-11T23:38:16Z,69.0,Versa 4
2026-05-11T23:38:17Z,70.0,Versa 4
2026-05-11T23:38:20Z,70.0,Versa 4
2026-05-11T23:38:21Z,71.0,Versa 4
2026-05-11T23:38:23Z,72.0,Versa 4
2026-05-11T23:38:25Z,73.0,Versa 4
2026-05-11T23:38:26Z,72.0,Versa 4
2026-05-11T23:38:28Z,71.0,Versa 4
2026-05-11T23:38:30Z,70.0,Versa 4
2026-05-11T23:38:32Z,68.0,Versa 4
2026-05-11T23:38:34Z,66.0,Versa 4
2026-05-11T23:38:37Z,66.0,Versa 4
2026-05-11T23:38:38Z,65.0,Versa 4
2026-05-11T23:38:41Z,65.0,Versa 4
2026-05-11T23:38:44Z,66.0,Versa 4
2026-05-11T23:38:46Z,66.0,Versa 4
2026-05-11T23:38:48Z,66.0,Versa 4
2026-05-11T23:38:51Z,66.0,Versa 4
2026-05-11T23:38:54Z,66.0,Versa 4
2026-05-11T23:38:55Z,64.0,Versa 4
2026-05-11T23:38:58Z,64.0,Versa 4
2026-05-11T23:39:01Z,64.0,Versa 4
2026-05-11T23:39:03Z,65.0,Versa 4
2026-05-11T23:39:05Z,66.0,Versa 4
2026-05-11T23:39:08Z,66.0,Versa 4
2026-05-11T23:39:11Z,65.0,Versa 4
2026-05-11T23:39:13Z,64.0,Versa 4
2026-05-11T23:39:16Z,64.0,Versa 4
2026-05-11T23:39:19Z,64.0,Versa 4
2026-05-11T23:39:22Z,64.0,Versa 4
2026-05-11T23:39:25Z,64.0,Versa 4
2026-05-11T23:39:28Z,63.0,Versa 4
2026-05-11T23:39:31Z,63.0,Versa 4
2026-05-11T23:39:34Z,62.0,Versa 4
2026-05-11T23:39:37Z,62.0,Versa 4
2026-05-11T23:39:40Z,62.0,Versa 4
2026-05-11T23:39:41Z,63.0,Versa 4
2026-05-11T23:39:44Z,63.0,Versa 4
2026-05-11T23:39:45Z,62.0,Versa 4
2026-05-11T23:39:48Z,62.0,Versa 4
2026-05-11T23:39:51Z,62.0,Versa 4
2026-05-11T23:39:54Z,62.0,Versa 4
2026-05-11T23:39:55Z,64.0,Versa 4
2026-05-11T23:39:58Z,64.0,Versa 4
2026-05-11T23:40:01Z,63.0,Versa 4
2026-05-11T23:40:02Z,62.0,Versa 4
2026-05-11T23:40:05Z,62.0,Versa 4
2026-05-11T23:40:08Z,61.0,Versa 4
2026-05-11T23:40:10Z,60.0,Versa 4
2026-05-11T23:40:13Z,60.0,Versa 4
2026-05-11T23:40:14Z,59.0,Versa 4
2026-05-11T23:40:17Z,59.0,Versa 4
2026-05-11T23:40:18Z,60.0,Versa 4
2026-05-11T23:40:21Z,60.0,Versa 4
2026-05-11T23:40:24Z,61.0,Versa 4
2026-05-11T23:40:27Z,61.0,Versa 4
2026-05-11T23:40:30Z,61.0,Versa 4
2026-05-11T23:40:33Z,60.0,Versa 4
2026-05-11T23:40:36Z,60.0,Versa 4
2026-05-11T23:40:39Z,60.0,Versa 4
2026-05-11T23:40:42Z,60.0,Versa 4
2026-05-11T23:40:45Z,60.0,Versa 4
2026-05-11T23:40:48Z,60.0,Versa 4
2026-05-11T23:40:51Z,60.0,Versa 4
2026-05-11T23:40:54Z,60.0,Versa 4
2026-05-11T23:40:57Z,60.0,Versa 4
2026-05-11T23:40:58Z,61.0,Versa 4
2026-05-11T23:41:01Z,61.0,Versa 4
2026-05-11T23:41:02Z,62.0,Versa 4
2026-05-11T23:41:04Z,62.0,Versa 4
2026-05-11T23:41:06Z,61.0,Versa 4
2026-05-11T23:41:08Z,60.0,Versa 4
2026-05-11T23:41:11Z,60.0,Versa 4
2026-05-11T23:41:14Z,60.0,Versa 4
2026-05-11T23:41:17Z,60.0,Versa 4
2026-05-11T23:41:19Z,62.0,Versa 4
2026-05-11T23:41:22Z,62.0,Versa 4
2026-05-11T23:41:25Z,62.0,Versa 4
2026-05-11T23:41:28Z,62.0,Versa 4
2026-05-11T23:41:29Z,61.0,Versa 4
2026-05-11T23:41:31Z,60.0,Versa 4
2026-05-11T23:41:34Z,60.0,Versa 4
2026-05-11T23:41:37Z,60.0,Versa 4
2026-05-11T23:41:40Z,60.0,Versa 4
2026-05-11T23:41:43Z,60.0,Versa 4
2026-05-11T23:41:46Z,59.0,Versa 4
2026-05-11T23:41:49Z,59.0,Versa 4
2026-05-11T23:41:50Z,58.0,Versa 4
2026-05-11T23:41:53Z,58.0,Versa 4
2026-05-11T23:41:54Z,59.0,Versa 4
2026-05-11T23:41:56Z,60.0,Versa 4
2026-05-11T23:41:59Z,60.0,Versa 4
2026-05-11T23:42:00Z,59.0,Versa 4
2026-05-11T23:42:02Z,58.0,Versa 4
2026-05-11T23:42:03Z,59.0,Versa 4
2026-05-11T23:42:06Z,59.0,Versa 4
2026-05-11T23:42:07Z,60.0,Versa 4
2026-05-11T23:42:10Z,60.0,Versa 4
2026-05-11T23:42:13Z,60.0,Versa 4
2026-05-11T23:42:16Z,60.0,Versa 4
2026-05-11T23:42:19Z,60.0,Versa 4
2026-05-11T23:42:22Z,60.0,Versa 4
2026-05-11T23:42:23Z,61.0,Versa 4
2026-05-11T23:42:25Z,62.0,Versa 4
2026-05-11T23:42:26Z,63.0,Versa 4
2026-05-11T23:42:29Z,63.0,Versa 4
2026-05-11T23:42:30Z,62.0,Versa 4
2026-05-11T23:42:32Z,60.0,Versa 4
2026-05-11T23:42:34Z,59.0,Versa 4
2026-05-11T23:42:36Z,58.0,Versa 4
2026-05-11T23:42:38Z,59.0,Versa 4
2026-05-11T23:42:41Z,59.0,Versa 4
2026-05-11T23:42:42Z,60.0,Versa 4
2026-05-11T23:42:45Z,60.0,Versa 4
2026-05-11T23:42:48Z,60.0,Versa 4
2026-05-11T23:42:51Z,60.0,Versa 4
2026-05-11T23:42:54Z,60.0,Versa 4
2026-05-11T23:42:55Z,61.0,Versa 4
2026-05-11T23:42:58Z,61.0,Versa 4
2026-05-11T23:42:59Z,60.0,Versa 4
2026-05-11T23:43:02Z,60.0,Versa 4
2026-05-11T23:43:05Z,60.0,Versa 4
2026-05-11T23:43:08Z,60.0,Versa 4
2026-05-11T23:43:09Z,60.0,Versa 4
2026-05-11T23:43:11Z,61.0,Versa 4
2026-05-11T23:43:14Z,62.0,Versa 4
2026-05-11T23:43:17Z,62.0,Versa 4
2026-05-11T23:43:20Z,62.0,Versa 4
2026-05-11T23:43:22Z,64.0,Versa 4
2026-05-11T23:43:25Z,64.0,Versa 4
2026-05-11T23:43:28Z,64.0,Versa 4
2026-05-11T23:43:30Z,62.0,Versa 4
2026-05-11T23:43:33Z,62.0,Versa 4
2026-05-11T23:43:34Z,60.0,Versa 4
2026-05-11T23:43:37Z,60.0,Versa 4
2026-05-11T23:43:40Z,60.0,Versa 4
2026-05-11T23:43:43Z,60.0,Versa 4
2026-05-11T23:43:46Z,60.0,Versa 4
2026-05-11T23:43:49Z,60.0,Versa 4
2026-05-11T23:43:52Z,60.0,Versa 4
2026-05-11T23:43:55Z,61.0,Versa 4
2026-05-11T23:43:57Z,60.0,Versa 4
2026-05-11T23:44:00Z,60.0,Versa 4
2026-05-11T23:44:03Z,60.0,Versa 4
2026-05-11T23:44:06Z,60.0,Versa 4
2026-05-11T23:44:09Z,60.0,Versa 4
2026-05-11T23:44:12Z,60.0,Versa 4
2026-05-11T23:44:15Z,60.0,Versa 4
2026-05-11T23:44:18Z,60.0,Versa 4
2026-05-11T23:44:21Z,60.0,Versa 4
2026-05-11T23:44:22Z,60.0,Versa 4
2026-05-11T23:44:25Z,60.0,Versa 4
2026-05-11T23:44:28Z,60.0,Versa 4
2026-05-11T23:44:31Z,60.0,Versa 4
2026-05-11T23:44:34Z,60.0,Versa 4
2026-05-11T23:44:37Z,60.0,Versa 4
2026-05-11T23:44:40Z,60.0,Versa 4
2026-05-11T23:44:43Z,60.0,Versa 4
2026-05-11T23:44:46Z,60.0,Versa 4
2026-05-11T23:44:49Z,59.0,Versa 4
2026-05-11T23:44:50Z,58.0,Versa 4
2026-05-11T23:44:53Z,58.0,Versa 4
2026-05-11T23:44:56Z,60.0,Versa 4
2026-05-11T23:44:58Z,59.0,Versa 4
2026-05-11T23:45:00Z,58.0,Versa 4
2026-05-11T23:45:03Z,58.0,Versa 4
2026-05-11T23:45:06Z,58.0,Versa 4
2026-05-11T23:45:08Z,59.0,Versa 4
2026-05-11T23:45:11Z,59.0,Versa 4
2026-05-11T23:45:12Z,60.0,Versa 4
2026-05-11T23:45:15Z,61.0,Versa 4
2026-05-11T23:45:18Z,61.0,Versa 4
2026-05-11T23:45:19Z,62.0,Versa 4
2026-05-11T23:45:21Z,61.0,Versa 4
2026-05-11T23:45:24Z,61.0,Versa 4
2026-05-11T23:45:25Z,60.0,Versa 4
2026-05-11T23:45:28Z,60.0,Versa 4
2026-05-11T23:45:29Z,60.0,Versa 4
2026-05-11T23:45:32Z,60.0,Versa 4
2026-05-11T23:45:35Z,60.0,Versa 4
2026-05-11T23:45:38Z,60.0,Versa 4
2026-05-11T23:45:41Z,60.0,Versa 4
2026-05-11T23:45:44Z,60.0,Versa 4
2026-05-11T23:45:47Z,60.0,Versa 4
2026-05-11T23:45:50Z,60.0,Versa 4
2026-05-11T23:45:52Z,62.0,Versa 4
2026-05-11T23:45:55Z,62.0,Versa 4
2026-05-11T23:45:58Z,63.0,Versa 4
2026-05-11T23:46:00Z,62.0,Versa 4
2026-05-11T23:46:03Z,62.0,Versa 4
2026-05-11T23:46:06Z,62.0,Versa 4
2026-05-11T23:46:07Z,61.0,Versa 4
2026-05-11T23:46:09Z,60.0,Versa 4
2026-05-11T23:46:12Z,60.0,Versa 4
2026-05-11T23:46:15Z,59.0,Versa 4
2026-05-11T23:46:18Z,59.0,Versa 4
2026-05-11T23:46:19Z,60.0,Versa 4
2026-05-11T23:46:22Z,60.0,Versa 4
2026-05-11T23:46:25Z,60.0,Versa 4
2026-05-11T23:46:26Z,61.0,Versa 4
2026-05-11T23:46:28Z,62.0,Versa 4
2026-05-11T23:46:31Z,62.0,Versa 4
2026-05-11T23:46:34Z,62.0,Versa 4
2026-05-11T23:46:37Z,62.0,Versa 4
2026-05-11T23:46:38Z,62.0,Versa 4
2026-05-11T23:46:40Z,64.0,Versa 4
2026-05-11T23:46:42Z,65.0,Versa 4
2026-05-11T23:46:44Z,66.0,Versa 4
2026-05-11T23:46:46Z,66.0,Versa 4
2026-05-11T23:46:48Z,64.0,Versa 4
2026-05-11T23:46:50Z,63.0,Versa 4
2026-05-11T23:46:51Z,62.0,Versa 4
2026-05-11T23:46:54Z,62.0,Versa 4
2026-05-11T23:46:57Z,62.0,Versa 4
2026-05-11T23:47:00Z,62.0,Versa 4
2026-05-11T23:47:03Z,62.0,Versa 4
2026-05-11T23:47:06Z,62.0,Versa 4
2026-05-11T23:47:09Z,62.0,Versa 4
2026-05-11T23:47:12Z,62.0,Versa 4
2026-05-11T23:47:15Z,62.0,Versa 4
2026-05-11T23:47:18Z,62.0,Versa 4
2026-05-11T23:47:20Z,61.0,Versa 4
2026-05-11T23:47:23Z,61.0,Versa 4
2026-05-11T23:47:26Z,62.0,Versa 4
2026-05-11T23:47:29Z,62.0,Versa 4
2026-05-11T23:47:32Z,62.0,Versa 4
2026-05-11T23:47:35Z,62.0,Versa 4
2026-05-11T23:47:38Z,63.0,Versa 4
2026-05-11T23:47:41Z,63.0,Versa 4
2026-05-11T23:47:43Z,62.0,Versa 4
2026-05-11T23:47:46Z,62.0,Versa 4
2026-05-11T23:47:47Z,62.0,Versa 4
2026-05-11T23:47:50Z,62.0,Versa 4
2026-05-11T23:47:53Z,62.0,Versa 4
2026-05-11T23:47:56Z,62.0,Versa 4
2026-05-11T23:47:59Z,62.0,Versa 4
2026-05-11T23:48:01Z,64.0,Versa 4
2026-05-11T23:48:02Z,65.0,Versa 4
2026-05-11T23:48:04Z,64.0,Versa 4
2026-05-11T23:48:07Z,64.0,Versa 4
2026-05-11T23:48:08Z,63.0,Versa 4
2026-05-11T23:48:10Z,62.0,Versa 4
2026-05-11T23:48:12Z,62.0,Versa 4
2026-05-11T23:48:15Z,62.0,Versa 4
2026-05-11T23:48:16Z,62.0,Versa 4
2026-05-11T23:48:19Z,62.0,Versa 4
2026-05-11T23:48:22Z,62.0,Versa 4
2026-05-11T23:48:25Z,62.0,Versa 4
2026-05-11T23:48:27Z,63.0,Versa 4
2026-05-11T23:48:30Z,63.0,Versa 4
2026-05-11T23:48:31Z,62.0,Versa 4
2026-05-11T23:48:33Z,60.0,Versa 4
2026-05-11T23:48:35Z,59.0,Versa 4
2026-05-11T23:48:37Z,58.0,Versa 4
2026-05-11T23:48:40Z,58.0,Versa 4
2026-05-11T23:48:41Z,59.0,Versa 4
2026-05-11T23:48:43Z,60.0,Versa 4
2026-05-11T23:48:46Z,60.0,Versa 4
2026-05-11T23:48:47Z,60.0,Versa 4
2026-05-11T23:48:49Z,62.0,Versa 4
2026-05-11T23:48:52Z,62.0,Versa 4
2026-05-11T23:48:55Z,62.0,Versa 4
2026-05-11T23:48:58Z,61.0,Versa 4
2026-05-11T23:49:00Z,60.0,Versa 4
2026-05-11T23:49:03Z,60.0,Versa 4
2026-05-11T23:49:06Z,61.0,Versa 4
2026-05-11T23:49:08Z,62.0,Versa 4
2026-05-11T23:49:11Z,62.0,Versa 4
2026-05-11T23:49:14Z,62.0,Versa 4
2026-05-11T23:49:15Z,61.0,Versa 4
2026-05-11T23:49:17Z,60.0,Versa 4
2026-05-11T23:49:19Z,61.0,Versa 4
2026-05-11T23:49:22Z,61.0,Versa 4
2026-05-11T23:49:23Z,62.0,Versa 4
2026-05-11T23:49:25Z,61.0,Versa 4
2026-05-11T23:49:27Z,60.0,Versa 4
2026-05-11T23:49:30Z,60.0,Versa 4
2026-05-11T23:49:31Z,61.0,Versa 4
2026-05-11T23:49:34Z,61.0,Versa 4
2026-05-11T23:49:37Z,60.0,Versa 4
2026-05-11T23:49:40Z,60.0,Versa 4
2026-05-11T23:49:43Z,60.0,Versa 4
2026-05-11T23:49:46Z,61.0,Versa 4
2026-05-11T23:49:49Z,61.0,Versa 4
2026-05-11T23:49:52Z,60.0,Versa 4
2026-05-11T23:49:54Z,60.0,Versa 4
2026-05-11T23:49:57Z,60.0,Versa 4
2026-05-11T23:50:00Z,61.0,Versa 4
2026-05-11T23:50:03Z,61.0,Versa 4
2026-05-11T23:50:05Z,60.0,Versa 4
2026-05-11T23:50:08Z,60.0,Versa 4
2026-05-11T23:50:11Z,60.0,Versa 4
2026-05-11T23:50:13Z,59.0,Versa 4
2026-05-11T23:50:16Z,59.0,Versa 4
2026-05-11T23:50:19Z,60.0,Versa 4
2026-05-11T23:50:22Z,60.0,Versa 4
2026-05-11T23:50:25Z,60.0,Versa 4
2026-05-11T23:50:28Z,60.0,Versa 4
2026-05-11T23:50:31Z,60.0,Versa 4
2026-05-11T23:50:32Z,59.0,Versa 4
2026-05-11T23:50:34Z,58.0,Versa 4
2026-05-11T23:50:37Z,58.0,Versa 4
2026-05-11T23:50:40Z,58.0,Versa 4
2026-05-11T23:50:43Z,58.0,Versa 4
2026-05-11T23:50:44Z,59.0,Versa 4
2026-05-11T23:50:47Z,59.0,Versa 4
2026-05-11T23:50:48Z,60.0,Versa 4
2026-05-11T23:50:51Z,60.0,Versa 4
2026-05-11T23:50:54Z,60.0,Versa 4
2026-05-11T23:50:57Z,60.0,Versa 4
2026-05-11T23:51:00Z,60.0,Versa 4
2026-05-11T23:51:03Z,60.0,Versa 4
2026-05-11T23:51:05Z,60.0,Versa 4
2026-05-11T23:51:07Z,61.0,Versa 4
2026-05-11T23:51:09Z,62.0,Versa 4
2026-05-11T23:51:12Z,62.0,Versa 4
2026-05-11T23:51:14Z,61.0,Versa 4
2026-05-11T23:51:16Z,60.0,Versa 4
2026-05-11T23:51:19Z,60.0,Versa 4
2026-05-11T23:51:22Z,59.0,Versa 4
2026-05-11T23:51:25Z,59.0,Versa 4
2026-05-11T23:51:28Z,60.0,Versa 4
2026-05-11T23:51:31Z,60.0,Versa 4
2026-05-11T23:51:34Z,61.0,Versa 4
2026-05-11T23:51:36Z,62.0,Versa 4
2026-05-11T23:51:39Z,62.0,Versa 4
2026-05-11T23:51:41Z,61.0,Versa 4
2026-05-11T23:51:44Z,61.0,Versa 4
2026-05-11T23:51:47Z,61.0,Versa 4
2026-05-11T23:51:50Z,61.0,Versa 4
2026-05-11T23:51:53Z,61.0,Versa 4
2026-05-11T23:51:56Z,61.0,Versa 4
2026-05-11T23:51:59Z,61.0,Versa 4
2026-05-11T23:52:01Z,60.0,Versa 4
2026-05-11T23:52:04Z,60.0,Versa 4
2026-05-11T23:52:07Z,60.0,Versa 4
2026-05-11T23:52:10Z,60.0,Versa 4
2026-05-11T23:52:12Z,62.0,Versa 4
2026-05-11T23:52:15Z,62.0,Versa 4
2026-05-11T23:52:16Z,61.0,Versa 4
2026-05-11T23:52:18Z,60.0,Versa 4
2026-05-11T23:52:21Z,60.0,Versa 4
2026-05-11T23:52:24Z,60.0,Versa 4
2026-05-11T23:52:27Z,60.0,Versa 4
2026-05-11T23:52:30Z,60.0,Versa 4
2026-05-11T23:52:31Z,61.0,Versa 4
2026-05-11T23:52:33Z,62.0,Versa 4
2026-05-11T23:52:35Z,61.0,Versa 4
2026-05-11T23:52:37Z,60.0,Versa 4
2026-05-11T23:52:40Z,60.0,Versa 4
2026-05-11T23:52:43Z,60.0,Versa 4
2026-05-11T23:52:46Z,60.0,Versa 4
2026-05-11T23:52:49Z,60.0,Versa 4
2026-05-11T23:52:52Z,60.0,Versa 4
2026-05-11T23:52:55Z,60.0,Versa 4
2026-05-11T23:52:56Z,61.0,Versa 4
2026-05-11T23:52:59Z,61.0,Versa 4
2026-05-11T23:53:00Z,62.0,Versa 4
2026-05-11T23:53:03Z,62.0,Versa 4
2026-05-11T23:53:06Z,62.0,Versa 4
2026-05-11T23:53:09Z,62.0,Versa 4
2026-05-11T23:53:12Z,62.0,Versa 4
2026-05-11T23:53:15Z,62.0,Versa 4
2026-05-11T23:53:18Z,62.0,Versa 4
2026-05-11T23:53:21Z,62.0,Versa 4
2026-05-11T23:53:23Z,61.0,Versa 4
2026-05-11T23:53:25Z,61.0,Versa 4
2026-05-11T23:53:28Z,61.0,Versa 4
2026-05-11T23:53:31Z,61.0,Versa 4
2026-05-11T23:53:33Z,62.0,Versa 4
2026-05-11T23:53:36Z,62.0,Versa 4
2026-05-11T23:53:38Z,61.0,Versa 4
2026-05-11T23:53:41Z,61.0,Versa 4
2026-05-11T23:53:44Z,62.0,Versa 4
2026-05-11T23:53:47Z,62.0,Versa 4
2026-05-11T23:53:50Z,62.0,Versa 4
2026-05-11T23:53:53Z,62.0,Versa 4
2026-05-11T23:53:56Z,62.0,Versa 4
2026-05-11T23:53:59Z,62.0,Versa 4
2026-05-11T23:54:02Z,61.0,Versa 4
2026-05-11T23:54:05Z,61.0,Versa 4
2026-05-11T23:54:07Z,62.0,Versa 4
2026-05-11T23:54:10Z,62.0,Versa 4
2026-05-11T23:54:11Z,61.0,Versa 4
2026-05-11T23:54:13Z,60.0,Versa 4
2026-05-11T23:54:16Z,60.0,Versa 4
2026-05-11T23:54:19Z,60.0,Versa 4
2026-05-11T23:54:22Z,60.0,Versa 4
2026-05-11T23:54:25Z,61.0,Versa 4
2026-05-11T23:54:26Z,62.0,Versa 4
2026-05-11T23:54:29Z,62.0,Versa 4
2026-05-11T23:54:32Z,61.0,Versa 4
2026-05-11T23:54:35Z,61.0,Versa 4
2026-05-11T23:54:36Z,61.0,Versa 4
2026-05-11T23:54:38Z,62.0,Versa 4
2026-05-11T23:54:40Z,61.0,Versa 4
2026-05-11T23:54:42Z,60.0,Versa 4
2026-05-11T23:54:45Z,60.0,Versa 4
2026-05-11T23:54:48Z,60.0,Versa 4
2026-05-11T23:54:51Z,61.0,Versa 4
2026-05-11T23:54:54Z,61.0,Versa 4
2026-05-11T23:54:57Z,62.0,Versa 4
2026-05-11T23:55:00Z,62.0,Versa 4
2026-05-11T23:55:03Z,62.0,Versa 4
2026-05-11T23:55:06Z,62.0,Versa 4
2026-05-11T23:55:09Z,61.0,Versa 4
2026-05-11T23:55:12Z,61.0,Versa 4
2026-05-11T23:55:15Z,61.0,Versa 4
2026-05-11T23:55:16Z,62.0,Versa 4
2026-05-11T23:55:19Z,62.0,Versa 4
2026-05-11T23:55:22Z,62.0,Versa 4
2026-05-11T23:55:25Z,62.0,Versa 4
2026-05-11T23:55:26Z,61.0,Versa 4
2026-05-11T23:55:29Z,61.0,Versa 4
2026-05-11T23:55:30Z,62.0,Versa 4
2026-05-11T23:55:33Z,62.0,Versa 4
2026-05-11T23:55:36Z,62.0,Versa 4
2026-05-11T23:55:39Z,62.0,Versa 4
2026-05-11T23:55:42Z,62.0,Versa 4
2026-05-11T23:55:45Z,62.0,Versa 4
2026-05-11T23:55:47Z,62.0,Versa 4
2026-05-11T23:55:50Z,62.0,Versa 4
2026-05-11T23:55:53Z,62.0,Versa 4
2026-05-11T23:55:56Z,62.0,Versa 4
2026-05-11T23:55:59Z,62.0,Versa 4
2026-05-11T23:56:02Z,62.0,Versa 4
2026-05-11T23:56:04Z,63.0,Versa 4
2026-05-11T23:56:07Z,63.0,Versa 4
2026-05-11T23:56:08Z,62.0,Versa 4
2026-05-11T23:56:11Z,62.0,Versa 4
2026-05-11T23:56:12Z,60.0,Versa 4
2026-05-11T23:56:15Z,60.0,Versa 4
2026-05-11T23:56:18Z,59.0,Versa 4
2026-05-11T23:56:20Z,58.0,Versa 4
2026-05-11T23:56:23Z,58.0,Versa 4
2026-05-11T23:56:24Z,59.0,Versa 4
2026-05-11T23:56:27Z,60.0,Versa 4
2026-05-11T23:56:30Z,60.0,Versa 4
2026-05-11T23:56:33Z,60.0,Versa 4
2026-05-11T23:56:35Z,59.0,Versa 4
2026-05-11T23:56:38Z,59.0,Versa 4
2026-05-11T23:56:39Z,60.0,Versa 4
2026-05-11T23:56:42Z,60.0,Versa 4
2026-05-11T23:56:45Z,60.0,Versa 4
2026-05-11T23:56:48Z,60.0,Versa 4
2026-05-11T23:56:51Z,60.0,Versa 4
2026-05-11T23:56:52Z,59.0,Versa 4
2026-05-11T23:56:54Z,59.0,Versa 4
2026-05-11T23:56:57Z,59.0,Versa 4
2026-05-11T23:56:58Z,60.0,Versa 4
2026-05-11T23:57:01Z,60.0,Versa 4
2026-05-11T23:57:04Z,61.0,Versa 4
2026-05-11T23:57:07Z,61.0,Versa 4
2026-05-11T23:57:10Z,62.0,Versa 4
2026-05-11T23:57:13Z,62.0,Versa 4
2026-05-11T23:57:16Z,62.0,Versa 4
2026-05-11T23:57:19Z,62.0,Versa 4
2026-05-11T23:57:22Z,62.0,Versa 4
2026-05-11T23:57:25Z,62.0,Versa 4
2026-05-11T23:57:28Z,62.0,Versa 4
2026-05-11T23:57:31Z,62.0,Versa 4
2026-05-11T23:57:34Z,62.0,Versa 4
2026-05-11T23:57:35Z,63.0,Versa 4
2026-05-11T23:57:38Z,62.0,Versa 4
2026-05-11T23:57:41Z,62.0,Versa 4
2026-05-11T23:57:44Z,60.0,Versa 4
2026-05-11T23:57:47Z,60.0,Versa 4
2026-05-11T23:57:50Z,60.0,Versa 4
2026-05-11T23:57:53Z,60.0,Versa 4
2026-05-11T23:57:56Z,59.0,Versa 4
2026-05-11T23:57:58Z,60.0,Versa 4
2026-05-11T23:58:01Z,60.0,Versa 4
2026-05-11T23:58:04Z,60.0,Versa 4
2026-05-11T23:58:05Z,61.0,Versa 4
2026-05-11T23:58:07Z,60.0,Versa 4
2026-05-11T23:58:10Z,60.0,Versa 4
2026-05-11T23:58:11Z,61.0,Versa 4
2026-05-11T23:58:13Z,62.0,Versa 4
2026-05-11T23:58:16Z,62.0,Versa 4
2026-05-11T23:58:19Z,62.0,Versa 4
2026-05-11T23:58:21Z,64.0,Versa 4
2026-05-11T23:58:24Z,64.0,Versa 4
2026-05-11T23:58:26Z,62.0,Versa 4
2026-05-11T23:58:29Z,62.0,Versa 4
2026-05-11T23:58:30Z,60.0,Versa 4
2026-05-11T23:58:33Z,60.0,Versa 4
2026-05-11T23:58:36Z,60.0,Versa 4
2026-05-11T23:58:39Z,60.0,Versa 4
2026-05-11T23:58:42Z,60.0,Versa 4
2026-05-11T23:58:44Z,62.0,Versa 4
2026-05-11T23:58:46Z,61.0,Versa 4
2026-05-11T23:58:48Z,60.0,Versa 4
2026-05-11T23:58:51Z,59.0,Versa 4
2026-05-11T23:58:54Z,59.0,Versa 4
2026-05-11T23:58:57Z,60.0,Versa 4
2026-05-11T23:58:59Z,61.0,Versa 4
2026-05-11T23:59:01Z,62.0,Versa 4
2026-05-11T23:59:04Z,62.0,Versa 4
2026-05-11T23:59:05Z,63.0,Versa 4
2026-05-11T23:59:07Z,65.0,Versa 4
2026-05-11T23:59:09Z,66.0,Versa 4
2026-05-11T23:59:11Z,65.0,Versa 4
2026-05-11T23:59:13Z,64.0,Versa 4
2026-05-11T23:59:14Z,62.0,Versa 4
2026-05-11T23:59:16Z,60.0,Versa 4
2026-05-11T23:59:19Z,60.0,Versa 4
2026-05-11T23:59:22Z,60.0,Versa 4
2026-05-11T23:59:24Z,61.0,Versa 4
2026-05-11T23:59:26Z,62.0,Versa 4
2026-05-11T23:59:29Z,62.0,Versa 4
2026-05-11T23:59:32Z,62.0,Versa 4
2026-05-11T23:59:35Z,62.0,Versa 4
2026-05-11T23:59:38Z,61.0,Versa 4
2026-05-11T23:59:39Z,62.0,Versa 4
2026-05-11T23:59:41Z,61.0,Versa 4
2026-05-11T23:59:44Z,61.0,Versa 4
2026-05-11T23:59:45Z,60.0,Versa 4
2026-05-11T23:59:48Z,60.0,Versa 4
2026-05-11T23:59:51Z,60.0,Versa 4
2026-05-11T23:59:54Z,60.0,Versa 4
2026-05-11T23:59:57Z,60.0,Versa 4
