timestamp,steps,distance millimeters,altitude gain millimeters,data source
2026-05-10T17:15:36Z,2,0,0,Versa 4
2026-05-10T17:15:37Z,2,0,-609,Versa 4
2026-05-10T17:15:38Z,2,180,304,Versa 4
2026-05-10T17:15:39Z,2,310,-609,Versa 4
2026-05-10T17:15:40Z,2,450,0,Versa 4
2026-05-10T17:15:41Z,2,620,0,Versa 4
2026-05-10T17:15:42Z,2,760,-609,Versa 4
2026-05-10T17:15:43Z,2,870,609,Versa 4
2026-05-10T17:15:44Z,2,950,-609,Versa 4
2026-05-10T17:15:45Z,1,980,304,Versa 4
2026-05-10T17:15:46Z,2,1010,-304,Versa 4
2026-05-10T17:15:47Z,1,1010,-304,Versa 4
2026-05-10T17:15:48Z,2,1230,304,Versa 4
2026-05-10T17:15:49Z,1,1180,0,Versa 4
2026-05-10T17:15:50Z,0,1180,0,Versa 4
2026-05-10T17:15:51Z,2,1170,304,Versa 4
2026-05-10T17:15:52Z,1,1160,0,Versa 4
2026-05-10T17:15:53Z,2,1160,0,Versa 4
2026-05-10T17:15:54Z,2,1160,-304,Versa 4
2026-05-10T17:15:55Z,1,1160,304,Versa 4
2026-05-10T17:15:56Z,1,1160,0,Versa 4
2026-05-10T17:15:57Z,1,1150,0,Versa 4
2026-05-10T17:15:58Z,1,1150,-914,Versa 4
2026-05-10T17:15:59Z,1,1140,914,Versa 4
2026-05-10T17:16:00Z,2,1140,-609,Versa 4
2026-05-10T17:16:01Z,0,1120,2133,Versa 4
2026-05-10T17:16:02Z,1,1120,-1828,Versa 4
2026-05-10T17:16:03Z,1,1100,-304,Versa 4
2026-05-10T17:16:04Z,1,1090,-609,Versa 4
2026-05-10T17:16:05Z,1,970,0,Versa 4
2026-05-10T17:16:06Z,0,880,914,Versa 4
2026-05-10T17:16:07Z,0,680,-609,Versa 4
2026-05-10T17:16:08Z,0,0,304,Versa 4
2026-05-10T17:16:09Z,0,0,0,Versa 4
2026-05-10T17:16:10Z,0,0,0,Versa 4
2026-05-10T17:16:11Z,0,0,0,Versa 4
2026-05-10T17:16:12Z,2,0,304,Versa 4
2026-05-10T17:16:13Z,1,0,0,Versa 4
2026-05-10T17:16:14Z,1,0,-304,Versa 4
2026-05-10T17:16:15Z,2,0,0,Versa 4
2026-05-10T17:16:16Z,2,130,-304,Versa 4
2026-05-10T17:16:17Z,1,270,304,Versa 4
2026-05-10T17:16:18Z,0,360,304,Versa 4
2026-05-10T17:16:19Z,0,450,-304,Versa 4
2026-05-10T17:16:20Z,0,510,0,Versa 4
2026-05-10T17:16:21Z,0,0,0,Versa 4
2026-05-10T17:16:22Z,0,0,-304,Versa 4
2026-05-10T17:16:23Z,0,0,304,Versa 4
2026-05-10T17:16:24Z,0,0,0,Versa 4
2026-05-10T17:16:25Z,0,0,304,Versa 4
2026-05-10T17:16:26Z,0,0,-304,Versa 4
2026-05-10T17:16:27Z,0,0,0,Versa 4
2026-05-10T17:16:28Z,0,0,304,Versa 4
2026-05-10T17:16:29Z,0,0,-304,Versa 4
2026-05-10T17:16:30Z,0,0,0,Versa 4
2026-05-10T17:16:31Z,0,0,0,Versa 4
2026-05-10T17:16:32Z,0,0,0,Versa 4
2026-05-10T17:16:33Z,0,0,-304,Versa 4
2026-05-10T17:16:34Z,0,0,304,Versa 4
2026-05-10T17:16:35Z,0,0,304,Versa 4
2026-05-10T17:16:36Z,0,0,-609,Versa 4
2026-05-10T17:16:37Z,0,0,609,Versa 4
2026-05-10T17:16:38Z,0,0,-304,Versa 4
2026-05-10T17:16:39Z,0,0,0,Versa 4
2026-05-10T17:16:41Z,0,0,-304,Versa 4
2026-05-10T17:16:42Z,0,0,304,Versa 4
2026-05-10T17:16:43Z,0,0,0,Versa 4
2026-05-10T17:16:44Z,0,0,0,Versa 4
2026-05-10T17:16:45Z,0,0,0,Versa 4
2026-05-10T17:16:46Z,0,0,304,Versa 4
2026-05-10T17:16:47Z,0,0,-304,Versa 4
2026-05-10T17:16:48Z,0,0,0,Versa 4
2026-05-10T17:16:49Z,0,0,0,Versa 4
2026-05-10T17:16:50Z,0,0,609,Versa 4
2026-05-10T17:16:51Z,0,0,0,Versa 4
2026-05-10T17:16:52Z,0,0,0,Versa 4
2026-05-10T17:16:53Z,0,0,0,Versa 4
2026-05-10T17:16:54Z,0,0,0,Versa 4
2026-05-10T17:16:55Z,0,0,-304,Versa 4
2026-05-10T17:16:56Z,0,0,0,Versa 4
2026-05-10T17:16:57Z,0,0,0,Versa 4
2026-05-10T17:16:58Z,0,0,-304,Versa 4
2026-05-10T17:16:59Z,0,0,304,Versa 4
2026-05-10T17:17:00Z,0,0,0,Versa 4
2026-05-10T17:17:01Z,0,0,-304,Versa 4
2026-05-10T17:17:02Z,0,0,0,Versa 4
2026-05-10T17:17:03Z,0,0,304,Versa 4
2026-05-10T17:17:04Z,0,0,0,Versa 4
2026-05-10T17:17:05Z,0,0,304,Versa 4
2026-05-10T17:17:06Z,0,0,0,Versa 4
2026-05-10T17:17:07Z,0,0,-304,Versa 4
2026-05-10T17:17:08Z,0,0,304,Versa 4
2026-05-10T17:17:09Z,0,0,0,Versa 4
2026-05-10T17:17:10Z,0,0,0,Versa 4
2026-05-10T17:17:11Z,0,0,-609,Versa 4
2026-05-10T17:17:12Z,0,0,304,Versa 4
2026-05-10T17:17:13Z,0,0,0,Versa 4
2026-05-10T17:17:14Z,0,0,-304,Versa 4
2026-05-10T17:17:15Z,0,0,0,Versa 4
2026-05-10T17:17:16Z,0,0,304,Versa 4
2026-05-10T17:17:17Z,0,0,0,Versa 4
2026-05-10T17:17:18Z,0,0,-304,Versa 4
2026-05-10T17:17:19Z,0,0,0,Versa 4
2026-05-10T17:17:20Z,0,0,0,Versa 4
2026-05-10T17:17:21Z,0,0,-304,Versa 4
2026-05-10T17:17:22Z,0,0,609,Versa 4
2026-05-10T17:17:23Z,0,0,-304,Versa 4
2026-05-10T17:17:24Z,0,0,0,Versa 4
2026-05-10T17:17:25Z,0,0,304,Versa 4
2026-05-10T17:17:26Z,0,0,304,Versa 4
2026-05-10T17:17:27Z,0,0,-304,Versa 4
2026-05-10T17:17:28Z,0,0,0,Versa 4
2026-05-10T17:17:29Z,0,0,304,Versa 4
2026-05-10T17:17:30Z,0,0,-304,Versa 4
2026-05-10T17:17:31Z,0,0,0,Versa 4
2026-05-10T17:17:32Z,0,0,0,Versa 4
2026-05-10T17:17:33Z,0,0,0,Versa 4
2026-05-10T17:17:34Z,0,0,0,Versa 4
2026-05-10T17:17:35Z,0,0,304,Versa 4
2026-05-10T17:17:36Z,0,0,-304,Versa 4
2026-05-10T17:17:37Z,0,0,0,Versa 4
2026-05-10T17:17:38Z,0,0,304,Versa 4
2026-05-10T17:17:39Z,0,0,-304,Versa 4
2026-05-10T17:17:40Z,0,0,0,Versa 4
2026-05-10T17:17:41Z,0,0,-914,Versa 4
2026-05-10T17:17:42Z,0,0,0,Versa 4
2026-05-10T17:17:43Z,0,0,304,Versa 4
2026-05-10T17:17:44Z,0,0,304,Versa 4
2026-05-10T17:17:45Z,0,0,-304,Versa 4
2026-05-10T17:17:46Z,0,0,0,Versa 4
2026-05-10T17:17:47Z,0,0,0,Versa 4
2026-05-10T17:17:48Z,0,0,-609,Versa 4
2026-05-10T17:17:49Z,0,0,304,Versa 4
2026-05-10T17:17:50Z,0,0,-304,Versa 4
2026-05-10T17:17:51Z,0,0,609,Versa 4
2026-05-10T17:17:52Z,0,0,-609,Versa 4
2026-05-10T17:17:53Z,0,0,609,Versa 4
2026-05-10T17:17:54Z,0,0,0,Versa 4
2026-05-10T17:17:55Z,0,0,0,Versa 4
2026-05-10T17:17:56Z,0,0,0,Versa 4
2026-05-10T17:17:57Z,0,0,-304,Versa 4
2026-05-10T17:17:58Z,0,0,-304,Versa 4
2026-05-10T17:17:59Z,0,0,0,Versa 4
2026-05-10T17:18:00Z,0,0,304,Versa 4
2026-05-10T17:18:01Z,0,0,-304,Versa 4
2026-05-10T17:18:02Z,0,0,0,Versa 4
2026-05-10T17:18:03Z,0,0,0,Versa 4
2026-05-10T17:18:04Z,0,0,-609,Versa 4
2026-05-10T17:18:05Z,0,0,0,Versa 4
2026-05-10T17:18:06Z,0,0,0,Versa 4
2026-05-10T17:18:07Z,0,0,304,Versa 4
2026-05-10T17:18:08Z,0,0,-304,Versa 4
2026-05-10T17:18:09Z,0,0,304,Versa 4
2026-05-10T17:18:10Z,0,0,0,Versa 4
2026-05-10T17:18:11Z,0,0,-304,Versa 4
2026-05-10T17:18:12Z,0,0,0,Versa 4
2026-05-10T17:18:13Z,0,0,304,Versa 4
2026-05-10T17:18:14Z,0,0,-304,Versa 4
2026-05-10T17:18:15Z,0,0,0,Versa 4
2026-05-10T17:18:16Z,0,0,0,Versa 4
2026-05-10T17:18:17Z,0,0,609,Versa 4
2026-05-10T17:18:18Z,0,0,-304,Versa 4
2026-05-10T17:18:19Z,0,0,0,Versa 4
2026-05-10T17:18:20Z,0,0,304,Versa 4
2026-05-10T17:18:21Z,2,0,0,Versa 4
2026-05-10T17:18:22Z,2,0,0,Versa 4
2026-05-10T17:18:23Z,0,0,0,Versa 4
2026-05-10T17:18:24Z,0,0,0,Versa 4
2026-05-10T17:18:25Z,0,0,609,Versa 4
2026-05-10T17:18:26Z,0,0,0,Versa 4
2026-05-10T17:18:27Z,0,0,0,Versa 4
2026-05-10T17:18:28Z,0,0,-304,Versa 4
2026-05-10T17:18:29Z,0,0,0,Versa 4
2026-05-10T17:18:30Z,0,0,0,Versa 4
2026-05-10T17:18:31Z,0,0,304,Versa 4
2026-05-10T17:18:32Z,0,0,0,Versa 4
2026-05-10T17:18:33Z,0,0,0,Versa 4
2026-05-10T17:18:34Z,0,0,0,Versa 4
2026-05-10T17:18:35Z,0,0,0,Versa 4
2026-05-10T17:18:36Z,0,0,0,Versa 4
2026-05-10T17:18:37Z,0,0,-304,Versa 4
2026-05-10T17:18:38Z,0,0,304,Versa 4
2026-05-10T17:18:39Z,0,0,0,Versa 4
2026-05-10T17:18:40Z,0,0,0,Versa 4
2026-05-10T17:18:41Z,0,0,0,Versa 4
2026-05-10T17:18:42Z,0,0,0,Versa 4
2026-05-10T17:18:43Z,0,0,0,Versa 4
2026-05-10T17:18:44Z,0,0,0,Versa 4
2026-05-10T17:18:45Z,0,0,609,Versa 4
2026-05-10T17:18:46Z,0,0,-304,Versa 4
2026-05-10T17:18:47Z,0,0,-304,Versa 4
2026-05-10T17:18:48Z,0,0,304,Versa 4
2026-05-10T17:18:49Z,0,0,-609,Versa 4
2026-05-10T17:18:50Z,0,0,304,Versa 4
2026-05-10T17:18:51Z,0,0,304,Versa 4
2026-05-10T17:18:52Z,0,0,-304,Versa 4
2026-05-10T17:18:53Z,0,0,304,Versa 4
2026-05-10T17:18:54Z,0,0,304,Versa 4
2026-05-10T17:18:55Z,0,0,0,Versa 4
2026-05-10T17:18:56Z,0,0,-609,Versa 4
2026-05-10T17:18:57Z,0,0,0,Versa 4
2026-05-10T17:18:58Z,0,0,609,Versa 4
2026-05-10T17:18:59Z,0,0,-609,Versa 4
2026-05-10T17:19:00Z,0,0,0,Versa 4
2026-05-10T17:19:01Z,0,0,304,Versa 4
2026-05-10T17:19:02Z,0,0,0,Versa 4
2026-05-10T17:19:03Z,0,0,-304,Versa 4
2026-05-10T17:19:04Z,0,0,0,Versa 4
2026-05-10T17:19:05Z,0,0,0,Versa 4
2026-05-10T17:19:06Z,0,0,304,Versa 4
2026-05-10T17:19:07Z,0,0,304,Versa 4
2026-05-10T17:19:08Z,0,0,-609,Versa 4
2026-05-10T17:19:09Z,0,0,-304,Versa 4
2026-05-10T17:19:10Z,0,0,0,Versa 4
2026-05-10T17:19:11Z,0,0,0,Versa 4
2026-05-10T17:19:12Z,0,0,609,Versa 4
2026-05-10T17:19:13Z,0,0,-609,Versa 4
2026-05-10T17:19:14Z,0,0,0,Versa 4
2026-05-10T17:19:15Z,0,0,0,Versa 4
2026-05-10T17:19:16Z,0,0,0,Versa 4
2026-05-10T17:19:17Z,0,0,0,Versa 4
2026-05-10T17:19:18Z,0,0,609,Versa 4
2026-05-10T17:19:19Z,0,0,0,Versa 4
2026-05-10T17:19:20Z,0,0,0,Versa 4
2026-05-10T17:19:21Z,0,0,-609,Versa 4
2026-05-10T17:19:22Z,0,0,304,Versa 4
2026-05-10T17:19:23Z,0,0,304,Versa 4
2026-05-10T17:19:24Z,0,0,0,Versa 4
2026-05-10T17:19:25Z,0,0,0,Versa 4
2026-05-10T17:19:26Z,0,0,0,Versa 4
2026-05-10T17:19:27Z,0,0,-304,Versa 4
2026-05-10T17:19:28Z,0,0,304,Versa 4
2026-05-10T17:19:29Z,0,0,0,Versa 4
2026-05-10T17:19:30Z,0,0,304,Versa 4
2026-05-10T17:19:31Z,0,0,-304,Versa 4
2026-05-10T17:19:32Z,0,0,0,Versa 4
2026-05-10T17:19:33Z,0,0,304,Versa 4
2026-05-10T17:19:34Z,0,0,304,Versa 4
2026-05-10T17:19:35Z,0,0,-304,Versa 4
2026-05-10T17:19:36Z,0,0,-304,Versa 4
2026-05-10T17:19:37Z,0,0,609,Versa 4
2026-05-10T17:19:38Z,0,0,609,Versa 4
2026-05-10T17:19:39Z,0,0,-304,Versa 4
2026-05-10T17:19:40Z,0,0,-914,Versa 4
2026-05-10T17:19:41Z,0,0,0,Versa 4
2026-05-10T17:19:42Z,0,0,0,Versa 4
2026-05-10T17:19:43Z,0,0,609,Versa 4
2026-05-10T17:19:44Z,0,0,-304,Versa 4
2026-05-10T17:19:45Z,0,0,-304,Versa 4
2026-05-10T17:19:46Z,0,0,304,Versa 4
2026-05-10T17:19:47Z,0,0,-304,Versa 4
2026-05-10T17:19:48Z,0,0,609,Versa 4
2026-05-10T17:19:49Z,0,0,304,Versa 4
2026-05-10T17:19:50Z,0,0,0,Versa 4
2026-05-10T17:19:51Z,0,0,-914,Versa 4
2026-05-10T17:19:52Z,0,0,0,Versa 4
2026-05-10T17:19:53Z,0,0,914,Versa 4
2026-05-10T17:19:54Z,0,0,-304,Versa 4
2026-05-10T17:19:55Z,0,0,-609,Versa 4
2026-05-10T17:19:56Z,0,0,0,Versa 4
2026-05-10T17:19:57Z,0,0,0,Versa 4
2026-05-10T17:19:58Z,0,0,609,Versa 4
2026-05-10T17:19:59Z,0,0,-304,Versa 4
2026-05-10T17:20:00Z,0,0,0,Versa 4
2026-05-10T17:20:01Z,2,0,304,Versa 4
2026-05-10T17:20:02Z,2,0,304,Versa 4
2026-05-10T17:20:03Z,0,0,0,Versa 4
2026-05-10T17:20:04Z,0,0,-304,Versa 4
2026-05-10T17:20:05Z,0,0,304,Versa 4
2026-05-10T17:20:06Z,0,0,609,Versa 4
2026-05-10T17:20:07Z,0,0,0,Versa 4
2026-05-10T17:20:08Z,0,0,304,Versa 4
2026-05-10T17:20:09Z,0,0,-914,Versa 4
2026-05-10T17:20:10Z,0,0,0,Versa 4
2026-05-10T17:20:11Z,0,0,609,Versa 4
2026-05-10T17:20:12Z,0,0,0,Versa 4
2026-05-10T17:20:13Z,0,0,0,Versa 4
2026-05-10T17:20:14Z,0,0,609,Versa 4
2026-05-10T17:20:15Z,0,0,0,Versa 4
2026-05-10T17:20:16Z,0,0,0,Versa 4
2026-05-10T17:20:17Z,0,0,-304,Versa 4
2026-05-10T17:20:18Z,0,0,0,Versa 4
2026-05-10T17:20:19Z,0,0,0,Versa 4
2026-05-10T17:20:20Z,0,0,-304,Versa 4
2026-05-10T17:20:21Z,0,0,0,Versa 4
2026-05-10T17:20:22Z,0,0,-304,Versa 4
2026-05-10T17:20:23Z,0,0,-304,Versa 4
2026-05-10T17:20:24Z,0,0,609,Versa 4
2026-05-10T17:20:25Z,0,0,-609,Versa 4
2026-05-10T17:20:26Z,0,0,609,Versa 4
2026-05-10T17:20:27Z,0,0,0,Versa 4
2026-05-10T17:20:28Z,0,0,-304,Versa 4
2026-05-10T17:20:29Z,0,0,304,Versa 4
2026-05-10T17:20:30Z,0,0,-304,Versa 4
2026-05-10T17:20:31Z,0,0,-304,Versa 4
2026-05-10T17:20:32Z,0,0,0,Versa 4
2026-05-10T17:20:33Z,0,0,914,Versa 4
2026-05-10T17:20:34Z,0,0,-914,Versa 4
2026-05-10T17:20:35Z,0,0,0,Versa 4
2026-05-10T17:20:36Z,0,0,-609,Versa 4
2026-05-10T17:20:37Z,0,0,-304,Versa 4
2026-05-10T17:20:38Z,0,0,1524,Versa 4
2026-05-10T17:20:39Z,0,0,-609,Versa 4
2026-05-10T17:20:40Z,0,0,-304,Versa 4
2026-05-10T18:00:04Z,1,0,0,Versa 4
2026-05-10T18:00:05Z,2,0,-304,Versa 4
2026-05-10T18:00:06Z,2,180,609,Versa 4
2026-05-10T18:00:07Z,2,300,-304,Versa 4
2026-05-10T18:00:08Z,2,460,304,Versa 4
2026-05-10T18:00:09Z,2,620,-609,Versa 4
2026-05-10T18:00:10Z,2,760,609,Versa 4
2026-05-10T18:00:11Z,2,870,-609,Versa 4
2026-05-10T18:00:12Z,2,940,609,Versa 4
2026-05-10T18:00:13Z,1,990,-304,Versa 4
2026-05-10T18:00:14Z,2,1000,304,Versa 4
2026-05-10T18:00:15Z,2,1030,304,Versa 4
2026-05-10T18:00:16Z,2,1300,-914,Versa 4
2026-05-10T18:00:17Z,2,1310,304,Versa 4
2026-05-10T18:00:18Z,2,1350,0,Versa 4
2026-05-10T18:00:19Z,2,1380,304,Versa 4
2026-05-10T18:00:20Z,2,1410,-304,Versa 4
2026-05-10T18:00:21Z,2,1430,304,Versa 4
2026-05-10T18:00:22Z,2,1440,0,Versa 4
2026-05-10T18:00:23Z,2,1460,-304,Versa 4
2026-05-10T18:00:24Z,2,1460,304,Versa 4
2026-05-10T18:00:25Z,2,1460,0,Versa 4
2026-05-10T18:00:26Z,1,1470,0,Versa 4
2026-05-10T18:00:27Z,3,1460,0,Versa 4
2026-05-10T18:00:28Z,1,1470,0,Versa 4
2026-05-10T18:00:29Z,2,1460,0,Versa 4
2026-05-10T18:00:30Z,2,1470,609,Versa 4
2026-05-10T18:00:31Z,2,1460,-609,Versa 4
2026-05-10T18:00:32Z,2,1460,0,Versa 4
2026-05-10T18:00:33Z,2,1470,609,Versa 4
2026-05-10T18:00:34Z,2,1470,-609,Versa 4
2026-05-10T18:00:35Z,2,1470,609,Versa 4
2026-05-10T18:00:37Z,2,1470,0,Versa 4
2026-05-10T18:00:38Z,2,1470,0,Versa 4
2026-05-10T18:00:39Z,2,1470,-304,Versa 4
2026-05-10T18:00:40Z,2,1470,304,Versa 4
2026-05-10T18:00:41Z,1,1460,-304,Versa 4
2026-05-10T18:00:42Z,3,1470,609,Versa 4
2026-05-10T18:00:43Z,1,1460,-609,Versa 4
2026-05-10T18:00:44Z,2,1470,304,Versa 4
2026-05-10T18:00:45Z,2,1460,0,Versa 4
2026-05-10T18:00:46Z,2,1460,-304,Versa 4
2026-05-10T18:00:47Z,2,1450,609,Versa 4
2026-05-10T18:00:48Z,2,1450,-304,Versa 4
2026-05-10T18:00:49Z,2,1460,304,Versa 4
2026-05-10T18:00:50Z,2,1470,-304,Versa 4
2026-05-10T18:00:51Z,2,1460,304,Versa 4
2026-05-10T18:00:52Z,2,1460,-609,Versa 4
2026-05-10T18:00:53Z,2,1460,609,Versa 4
2026-05-10T18:00:54Z,2,1460,0,Versa 4
2026-05-10T18:00:55Z,2,1460,-609,Versa 4
2026-05-10T18:00:56Z,2,1460,304,Versa 4
2026-05-10T18:00:57Z,2,1460,0,Versa 4
2026-05-10T18:00:58Z,2,1460,0,Versa 4
2026-05-10T18:00:59Z,1,1460,0,Versa 4
2026-05-10T18:01:00Z,3,1460,0,Versa 4
2026-05-10T18:01:01Z,1,1470,609,Versa 4
2026-05-10T18:01:02Z,2,1450,-609,Versa 4
2026-05-10T18:01:03Z,2,1450,304,Versa 4
2026-05-10T18:01:04Z,2,1460,-304,Versa 4
2026-05-10T18:01:05Z,2,1450,304,Versa 4
2026-05-10T18:01:06Z,2,1450,-304,Versa 4
2026-05-10T18:01:07Z,2,1450,304,Versa 4
2026-05-10T18:01:08Z,2,1460,0,Versa 4
2026-05-10T18:01:09Z,2,1450,-304,Versa 4
2026-05-10T18:01:10Z,2,1450,304,Versa 4
2026-05-10T18:01:11Z,2,1460,0,Versa 4
2026-05-10T18:01:12Z,2,1450,0,Versa 4
2026-05-10T18:01:13Z,2,1450,0,Versa 4
2026-05-10T18:01:14Z,1,1460,-304,Versa 4
2026-05-10T18:01:15Z,2,1450,304,Versa 4
2026-05-10T18:01:16Z,2,1440,-304,Versa 4
2026-05-10T18:01:17Z,2,1450,609,Versa 4
2026-05-10T18:01:18Z,2,1450,-609,Versa 4
2026-05-10T18:01:19Z,2,1440,609,Versa 4
2026-05-10T18:01:20Z,2,1450,-304,Versa 4
2026-05-10T18:01:21Z,2,1440,304,Versa 4
2026-05-10T18:01:22Z,2,1450,-304,Versa 4
2026-05-10T18:01:23Z,1,1440,304,Versa 4
2026-05-10T18:01:24Z,2,1440,0,Versa 4
2026-05-10T18:01:25Z,2,1440,-609,Versa 4
2026-05-10T18:01:26Z,2,1430,304,Versa 4
2026-05-10T18:01:27Z,2,1440,-304,Versa 4
2026-05-10T18:01:28Z,2,1440,609,Versa 4
2026-05-10T18:01:29Z,2,1440,-304,Versa 4
2026-05-10T18:01:30Z,2,1430,304,Versa 4
2026-05-10T18:01:31Z,2,1440,-304,Versa 4
2026-05-10T18:01:32Z,1,1440,-304,Versa 4
2026-05-10T18:01:33Z,2,1440,914,Versa 4
2026-05-10T18:01:34Z,2,1430,0,Versa 4
2026-05-10T18:01:35Z,2,1430,0,Versa 4
2026-05-10T18:01:36Z,2,1430,-914,Versa 4
2026-05-10T18:01:37Z,2,1430,0,Versa 4
2026-05-10T18:01:38Z,2,1430,-304,Versa 4
2026-05-10T18:01:39Z,2,1430,0,Versa 4
2026-05-10T18:01:40Z,2,1420,304,Versa 4
2026-05-10T18:01:41Z,1,1430,0,Versa 4
2026-05-10T18:01:42Z,2,1430,0,Versa 4
2026-05-10T18:01:43Z,2,1430,0,Versa 4
2026-05-10T18:01:44Z,2,1420,0,Versa 4
2026-05-10T18:01:45Z,2,1420,0,Versa 4
2026-05-10T18:01:46Z,2,1420,-304,Versa 4
2026-05-10T18:01:47Z,2,1420,0,Versa 4
2026-05-10T18:01:48Z,2,1430,-304,Versa 4
2026-05-10T18:01:49Z,2,1430,609,Versa 4
2026-05-10T18:01:50Z,1,1420,0,Versa 4
2026-05-10T18:01:51Z,2,1430,-304,Versa 4
2026-05-10T18:01:52Z,2,1420,-304,Versa 4
2026-05-10T18:01:53Z,2,1420,0,Versa 4
2026-05-10T18:01:54Z,2,1410,304,Versa 4
2026-05-10T18:01:55Z,2,1430,-304,Versa 4
2026-05-10T18:01:56Z,2,1420,609,Versa 4
2026-05-10T18:01:57Z,2,1420,0,Versa 4
2026-05-10T18:01:58Z,1,1420,304,Versa 4
2026-05-10T18:01:59Z,2,1420,0,Versa 4
2026-05-10T18:02:00Z,2,1420,304,Versa 4
2026-05-10T18:02:01Z,2,1410,0,Versa 4
2026-05-10T18:02:02Z,2,1420,0,Versa 4
2026-05-10T18:02:03Z,2,1410,-304,Versa 4
2026-05-10T18:02:04Z,2,1410,-304,Versa 4
2026-05-10T18:02:05Z,2,1420,0,Versa 4
2026-05-10T18:02:06Z,2,1420,304,Versa 4
2026-05-10T18:02:07Z,2,1420,-304,Versa 4
2026-05-10T18:02:08Z,2,1420,304,Versa 4
2026-05-10T18:02:09Z,2,1430,-609,Versa 4
2026-05-10T18:02:10Z,2,1420,0,Versa 4
2026-05-10T18:02:11Z,2,1430,0,Versa 4
2026-05-10T18:02:12Z,2,1430,609,Versa 4
2026-05-10T18:02:13Z,2,1430,-609,Versa 4
2026-05-10T18:02:14Z,1,1430,0,Versa 4
2026-05-10T18:02:15Z,2,1420,-304,Versa 4
2026-05-10T18:02:16Z,2,1420,0,Versa 4
2026-05-10T18:02:17Z,2,1420,304,Versa 4
2026-05-10T18:02:18Z,2,1420,304,Versa 4
2026-05-10T18:02:19Z,2,1420,0,Versa 4
2026-05-10T18:02:20Z,2,1430,0,Versa 4
2026-05-10T18:02:21Z,2,1420,304,Versa 4
2026-05-10T18:02:22Z,1,1420,0,Versa 4
2026-05-10T18:02:23Z,2,1420,304,Versa 4
2026-05-10T18:02:24Z,2,1420,-304,Versa 4
2026-05-10T18:02:25Z,2,1410,-304,Versa 4
2026-05-10T18:02:26Z,2,1410,304,Versa 4
2026-05-10T18:02:27Z,2,1420,0,Versa 4
2026-05-10T18:02:28Z,2,1410,0,Versa 4
2026-05-10T18:02:29Z,2,1420,0,Versa 4
2026-05-10T18:02:30Z,2,1420,-304,Versa 4
2026-05-10T18:02:31Z,2,1420,304,Versa 4
2026-05-10T18:02:32Z,2,1420,0,Versa 4
2026-05-10T18:02:33Z,2,1420,0,Versa 4
2026-05-10T18:02:34Z,1,1430,-304,Versa 4
2026-05-10T18:02:35Z,2,1420,0,Versa 4
2026-05-10T18:02:36Z,2,1420,0,Versa 4
2026-05-10T18:02:37Z,2,1410,609,Versa 4
2026-05-10T18:02:38Z,2,1420,-304,Versa 4
2026-05-10T18:02:39Z,2,1410,0,Versa 4
2026-05-10T18:02:40Z,2,1420,0,Versa 4
2026-05-10T18:02:41Z,2,1420,0,Versa 4
2026-05-10T18:02:42Z,2,1420,304,Versa 4
2026-05-10T18:02:43Z,2,1420,-609,Versa 4
2026-05-10T18:02:44Z,2,1420,609,Versa 4
2026-05-10T18:02:45Z,2,1420,0,Versa 4
2026-05-10T18:02:46Z,2,1430,0,Versa 4
2026-05-10T18:02:47Z,2,1430,-304,Versa 4
2026-05-10T18:02:48Z,1,1430,0,Versa 4
2026-05-10T18:02:49Z,2,1430,304,Versa 4
2026-05-10T18:02:50Z,2,1420,304,Versa 4
2026-05-10T18:02:51Z,2,1420,-304,Versa 4
2026-05-10T18:02:52Z,2,1410,304,Versa 4
2026-05-10T18:02:53Z,2,1430,-609,Versa 4
2026-05-10T18:02:54Z,2,1420,304,Versa 4
2026-05-10T18:02:55Z,2,1420,0,Versa 4
2026-05-10T18:02:56Z,2,1420,0,Versa 4
2026-05-10T18:02:57Z,2,1430,304,Versa 4
2026-05-10T18:02:58Z,1,1420,-304,Versa 4
2026-05-10T18:02:59Z,2,1420,-304,Versa 4
2026-05-10T18:03:00Z,2,1430,0,Versa 4
2026-05-10T18:03:01Z,2,1410,304,Versa 4
2026-05-10T18:03:02Z,2,1410,0,Versa 4
2026-05-10T18:03:03Z,2,1420,0,Versa 4
2026-05-10T18:03:04Z,2,1420,-304,Versa 4
2026-05-10T18:03:05Z,2,1420,304,Versa 4
2026-05-10T18:03:06Z,1,1420,304,Versa 4
2026-05-10T18:03:07Z,2,1420,-304,Versa 4
2026-05-10T18:03:08Z,2,1410,0,Versa 4
2026-05-10T18:03:09Z,2,1420,-304,Versa 4
2026-05-10T18:03:10Z,2,1410,304,Versa 4
2026-05-10T18:03:11Z,2,1410,-304,Versa 4
2026-05-10T18:03:12Z,1,1420,-304,Versa 4
2026-05-10T18:03:13Z,2,1400,-304,Versa 4
2026-05-10T18:03:14Z,2,1410,0,Versa 4
2026-05-10T18:03:15Z,2,1410,0,Versa 4
2026-05-10T18:03:16Z,2,1400,0,Versa 4
2026-05-10T18:03:17Z,2,1410,0,Versa 4
2026-05-10T18:03:18Z,2,1410,304,Versa 4
2026-05-10T18:03:19Z,1,1400,-304,Versa 4
2026-05-10T18:03:20Z,2,1410,-304,Versa 4
2026-05-10T18:03:21Z,2,1400,304,Versa 4
2026-05-10T18:03:22Z,2,1400,0,Versa 4
2026-05-10T18:03:23Z,2,1400,-304,Versa 4
2026-05-10T18:03:24Z,2,1400,304,Versa 4
2026-05-10T18:03:25Z,2,1410,-304,Versa 4
2026-05-10T18:03:26Z,2,1400,0,Versa 4
2026-05-10T18:03:27Z,2,1410,0,Versa 4
2026-05-10T18:03:28Z,1,1400,0,Versa 4
2026-05-10T18:03:29Z,2,1410,0,Versa 4
2026-05-10T18:03:30Z,2,1410,0,Versa 4
2026-05-10T18:03:31Z,2,1400,0,Versa 4
2026-05-10T18:03:32Z,2,1390,0,Versa 4
2026-05-10T18:03:33Z,2,1400,0,Versa 4
2026-05-10T18:03:34Z,2,1410,304,Versa 4
2026-05-10T18:03:35Z,1,1410,304,Versa 4
2026-05-10T18:03:36Z,2,1390,304,Versa 4
2026-05-10T18:03:37Z,2,1400,-304,Versa 4
2026-05-10T18:03:38Z,2,1400,0,Versa 4
2026-05-10T18:03:39Z,2,1400,0,Versa 4
2026-05-10T18:03:40Z,2,1400,-304,Versa 4
2026-05-10T18:03:41Z,2,1400,0,Versa 4
2026-05-10T18:03:42Z,2,1400,0,Versa 4
2026-05-10T18:03:43Z,2,1410,-304,Versa 4
2026-05-10T18:03:44Z,2,1400,304,Versa 4
2026-05-10T18:03:45Z,2,1410,-304,Versa 4
2026-05-10T18:03:46Z,1,1410,304,Versa 4
2026-05-10T18:03:47Z,2,1400,-304,Versa 4
2026-05-10T18:03:48Z,2,1410,304,Versa 4
2026-05-10T18:03:49Z,2,1400,0,Versa 4
2026-05-10T18:03:50Z,2,1400,0,Versa 4
2026-05-10T18:03:51Z,2,1400,-609,Versa 4
2026-05-10T18:03:52Z,2,1410,304,Versa 4
2026-05-10T18:03:53Z,2,1410,0,Versa 4
2026-05-10T18:03:54Z,1,1400,0,Versa 4
2026-05-10T18:03:55Z,2,1410,304,Versa 4
2026-05-10T18:03:56Z,2,1400,0,Versa 4
2026-05-10T18:03:57Z,2,1400,0,Versa 4
2026-05-10T18:03:58Z,2,1390,304,Versa 4
2026-05-10T18:03:59Z,1,1350,0,Versa 4
2026-05-10T18:04:00Z,2,1340,304,Versa 4
2026-05-10T18:04:01Z,2,1350,0,Versa 4
2026-05-10T18:04:02Z,2,1340,0,Versa 4
2026-05-10T18:04:03Z,1,1340,0,Versa 4
2026-05-10T18:04:04Z,2,1350,-609,Versa 4
2026-05-10T18:04:05Z,2,1340,304,Versa 4
2026-05-10T18:04:06Z,2,1340,0,Versa 4
2026-05-10T18:04:07Z,2,1350,0,Versa 4
2026-05-10T18:04:08Z,2,1340,0,Versa 4
2026-05-10T18:04:09Z,2,1350,304,Versa 4
2026-05-10T18:04:10Z,2,1360,0,Versa 4
2026-05-10T18:04:11Z,2,1350,-304,Versa 4
2026-05-10T18:04:12Z,2,1360,304,Versa 4
2026-05-10T18:04:13Z,1,1360,304,Versa 4
2026-05-10T18:04:14Z,2,1360,-609,Versa 4
2026-05-10T18:04:15Z,2,1360,304,Versa 4
2026-05-10T18:04:16Z,2,1360,0,Versa 4
2026-05-10T18:04:17Z,2,1360,-609,Versa 4
2026-05-10T18:04:18Z,2,1360,304,Versa 4
2026-05-10T18:04:19Z,1,1360,304,Versa 4
2026-05-10T18:04:20Z,2,1360,0,Versa 4
2026-05-10T18:04:21Z,2,1360,0,Versa 4
2026-05-10T18:04:22Z,2,1360,0,Versa 4
2026-05-10T18:04:23Z,2,1360,0,Versa 4
2026-05-10T18:04:24Z,2,1360,0,Versa 4
2026-05-10T18:04:25Z,2,1360,0,Versa 4
2026-05-10T18:04:26Z,1,1360,304,Versa 4
2026-05-10T18:04:27Z,2,1360,-609,Versa 4
2026-05-10T18:04:28Z,2,1360,0,Versa 4
2026-05-10T18:04:29Z,2,1360,-304,Versa 4
2026-05-10T18:04:30Z,2,1360,-304,Versa 4
2026-05-10T18:04:31Z,2,1370,0,Versa 4
2026-05-10T18:04:32Z,2,1360,0,Versa 4
2026-05-10T18:04:33Z,2,1370,0,Versa 4
2026-05-10T18:04:34Z,2,1380,0,Versa 4
2026-05-10T18:04:35Z,2,1370,0,Versa 4
2026-05-10T18:04:36Z,1,1380,0,Versa 4
2026-05-10T18:04:37Z,2,1370,304,Versa 4
2026-05-10T18:04:38Z,2,1380,0,Versa 4
2026-05-10T18:04:39Z,2,1370,0,Versa 4
2026-05-10T18:04:40Z,2,1380,-304,Versa 4
2026-05-10T18:04:41Z,2,1370,0,Versa 4
2026-05-10T18:04:42Z,2,1380,609,Versa 4
2026-05-10T18:04:43Z,1,1370,-304,Versa 4
2026-05-10T18:04:44Z,2,1380,304,Versa 4
2026-05-10T18:04:45Z,2,1370,0,Versa 4
2026-05-10T18:04:46Z,2,1380,0,Versa 4
2026-05-10T18:04:47Z,2,1370,0,Versa 4
2026-05-10T18:04:48Z,2,1380,-304,Versa 4
2026-05-10T18:04:49Z,1,1370,0,Versa 4
2026-05-10T18:04:50Z,2,1380,304,Versa 4
2026-05-10T18:04:51Z,2,1370,-304,Versa 4
2026-05-10T18:04:52Z,2,1380,0,Versa 4
2026-05-10T18:04:53Z,2,1360,304,Versa 4
2026-05-10T18:04:54Z,2,1380,304,Versa 4
2026-05-10T18:04:55Z,1,1370,0,Versa 4
2026-05-10T18:04:56Z,2,1380,-304,Versa 4
2026-05-10T18:04:57Z,2,1370,0,Versa 4
2026-05-10T18:04:58Z,2,1370,0,Versa 4
2026-05-10T18:04:59Z,2,1370,0,Versa 4
2026-05-10T18:05:00Z,2,1370,-304,Versa 4
2026-05-10T18:05:01Z,2,1380,304,Versa 4
2026-05-10T18:05:02Z,1,1370,304,Versa 4
2026-05-10T18:05:03Z,2,1380,-304,Versa 4
2026-05-10T18:05:04Z,2,1370,0,Versa 4
2026-05-10T18:05:05Z,2,1380,0,Versa 4
2026-05-10T18:05:06Z,2,1370,0,Versa 4
2026-05-10T18:05:07Z,2,1370,304,Versa 4
2026-05-10T18:05:08Z,2,1380,304,Versa 4
2026-05-10T18:05:09Z,2,1380,-304,Versa 4
2026-05-10T18:05:10Z,1,1370,0,Versa 4
2026-05-10T18:05:11Z,2,1380,0,Versa 4
2026-05-10T18:05:12Z,2,1370,0,Versa 4
2026-05-10T18:05:13Z,2,1380,0,Versa 4
2026-05-10T18:05:14Z,2,1370,304,Versa 4
2026-05-10T18:05:15Z,2,1380,-304,Versa 4
2026-05-10T18:05:16Z,2,1380,0,Versa 4
2026-05-10T18:05:17Z,2,1380,0,Versa 4
2026-05-10T18:05:18Z,2,1390,-304,Versa 4
2026-05-10T18:05:19Z,1,1380,0,Versa 4
2026-05-10T18:05:20Z,2,1380,0,Versa 4
2026-05-10T18:05:21Z,2,1390,0,Versa 4
2026-05-10T18:05:22Z,2,1380,-304,Versa 4
2026-05-10T18:05:23Z,2,1380,609,Versa 4
2026-05-10T18:05:24Z,2,1380,0,Versa 4
2026-05-10T18:05:25Z,2,1390,-304,Versa 4
2026-05-10T18:05:26Z,1,1380,0,Versa 4
2026-05-10T18:05:27Z,2,1380,0,Versa 4
2026-05-10T18:05:28Z,2,1390,304,Versa 4
2026-05-10T18:05:29Z,2,1380,304,Versa 4
2026-05-10T18:05:30Z,2,1380,0,Versa 4
2026-05-10T18:05:31Z,2,1380,304,Versa 4
2026-05-10T18:05:32Z,2,1390,-304,Versa 4
2026-05-10T18:05:33Z,2,1390,-304,Versa 4
2026-05-10T18:05:34Z,2,1390,304,Versa 4
2026-05-10T18:05:35Z,1,1390,0,Versa 4
2026-05-10T18:05:36Z,2,1390,609,Versa 4
2026-05-10T18:05:37Z,2,1380,0,Versa 4
2026-05-10T18:05:38Z,2,1380,0,Versa 4
2026-05-10T18:05:39Z,2,1380,0,Versa 4
2026-05-10T18:05:40Z,2,1390,-914,Versa 4
2026-05-10T18:05:41Z,2,1380,304,Versa 4
2026-05-10T18:05:42Z,2,1390,0,Versa 4
2026-05-10T18:05:43Z,2,1390,609,Versa 4
2026-05-10T18:05:44Z,1,1390,-914,Versa 4
2026-05-10T18:05:45Z,2,1390,-609,Versa 4
2026-05-10T18:05:46Z,2,1390,0,Versa 4
2026-05-10T18:05:47Z,2,1390,-304,Versa 4
2026-05-10T18:05:48Z,2,1380,0,Versa 4
2026-05-10T18:05:49Z,2,1390,609,Versa 4
2026-05-10T18:05:50Z,1,1380,609,Versa 4
2026-05-10T18:05:51Z,2,1390,0,Versa 4
2026-05-10T18:05:52Z,2,1380,-304,Versa 4
2026-05-10T18:05:53Z,1,1330,-304,Versa 4
2026-05-10T18:05:54Z,2,1330,304,Versa 4
2026-05-10T18:05:55Z,2,1330,-609,Versa 4
2026-05-10T18:05:56Z,2,1330,609,Versa 4
2026-05-10T18:05:57Z,2,1330,0,Versa 4
2026-05-10T18:05:58Z,2,1330,304,Versa 4
2026-05-10T18:05:59Z,1,1340,0,Versa 4
2026-05-10T18:06:00Z,2,1330,0,Versa 4
2026-05-10T18:06:01Z,2,1340,-609,Versa 4
2026-05-10T18:06:02Z,2,1340,1219,Versa 4
2026-05-10T18:06:03Z,2,1330,-1219,Versa 4
2026-05-10T18:06:04Z,1,1340,609,Versa 4
2026-05-10T18:06:05Z,3,1330,-609,Versa 4
2026-05-10T18:06:06Z,1,1340,1219,Versa 4
2026-05-10T18:06:07Z,2,1340,-304,Versa 4
2026-05-10T18:06:08Z,2,1330,-304,Versa 4
2026-05-10T18:06:09Z,2,1350,-304,Versa 4
2026-05-10T18:06:10Z,2,1340,609,Versa 4
2026-05-10T18:06:11Z,2,1340,-609,Versa 4
2026-05-10T18:06:12Z,2,1350,0,Versa 4
2026-05-10T18:06:13Z,2,1360,304,Versa 4
2026-05-10T18:06:14Z,2,1360,0,Versa 4
2026-05-10T18:06:15Z,2,1350,0,Versa 4
2026-05-10T18:06:16Z,2,1360,304,Versa 4
2026-05-10T18:06:17Z,2,1370,-609,Versa 4
2026-05-10T18:06:18Z,2,1370,304,Versa 4
2026-05-10T18:06:19Z,2,1370,304,Versa 4
2026-05-10T18:06:20Z,2,1380,-304,Versa 4
2026-05-10T18:06:21Z,2,1370,0,Versa 4
2026-05-10T18:06:22Z,1,1380,304,Versa 4
2026-05-10T18:06:23Z,3,1380,-304,Versa 4
2026-05-10T18:06:24Z,1,1380,0,Versa 4
2026-05-10T18:06:25Z,2,1370,304,Versa 4
2026-05-10T18:06:26Z,2,1380,-304,Versa 4
2026-05-10T18:06:27Z,2,1380,304,Versa 4
2026-05-10T18:06:28Z,2,1370,-304,Versa 4
2026-05-10T18:06:29Z,2,1390,0,Versa 4
2026-05-10T18:06:30Z,2,1380,0,Versa 4
2026-05-10T18:06:31Z,2,1380,0,Versa 4
2026-05-10T18:06:32Z,2,1390,0,Versa 4
2026-05-10T18:06:33Z,2,1390,304,Versa 4
2026-05-10T18:06:34Z,2,1390,0,Versa 4
2026-05-10T18:06:35Z,2,1400,0,Versa 4
2026-05-10T18:06:36Z,2,1400,0,Versa 4
2026-05-10T18:06:37Z,2,1400,304,Versa 4
2026-05-10T18:06:38Z,2,1400,0,Versa 4
2026-05-10T18:06:39Z,1,1400,304,Versa 4
2026-05-10T18:06:40Z,2,1400,-304,Versa 4
2026-05-10T18:06:41Z,2,1390,0,Versa 4
2026-05-10T18:06:42Z,2,1400,-609,Versa 4
2026-05-10T18:06:43Z,2,1400,609,Versa 4
2026-05-10T18:06:44Z,2,1400,-304,Versa 4
2026-05-10T18:06:45Z,2,1400,304,Versa 4
2026-05-10T18:06:46Z,1,1400,-609,Versa 4
2026-05-10T18:06:47Z,1,1400,-609,Versa 4
2026-05-10T18:06:48Z,2,1390,0,Versa 4
2026-05-10T18:06:49Z,3,1400,0,Versa 4
2026-05-10T18:06:50Z,1,1400,0,Versa 4
2026-05-10T18:06:51Z,2,1400,304,Versa 4
2026-05-10T18:06:52Z,2,1400,-304,Versa 4
2026-05-10T18:06:53Z,2,1400,0,Versa 4
2026-05-10T18:06:54Z,2,1390,0,Versa 4
2026-05-10T18:06:55Z,2,1400,304,Versa 4
2026-05-10T18:06:56Z,2,1410,0,Versa 4
2026-05-10T18:06:57Z,2,1410,-304,Versa 4
2026-05-10T18:06:58Z,1,1400,304,Versa 4
2026-05-10T18:06:59Z,2,1400,-304,Versa 4
2026-05-10T18:07:00Z,3,1410,609,Versa 4
2026-05-10T18:07:01Z,2,1400,0,Versa 4
2026-05-10T18:07:02Z,1,1410,0,Versa 4
2026-05-10T18:07:03Z,2,1410,-304,Versa 4
2026-05-10T18:07:04Z,2,1400,304,Versa 4
2026-05-10T18:07:05Z,2,1400,304,Versa 4
2026-05-10T18:07:06Z,2,1410,0,Versa 4
2026-05-10T18:07:07Z,2,1400,0,Versa 4
2026-05-10T18:07:08Z,2,1410,0,Versa 4
2026-05-10T18:07:09Z,2,1410,0,Versa 4
2026-05-10T18:07:10Z,2,1410,0,Versa 4
2026-05-10T18:07:11Z,2,1410,0,Versa 4
2026-05-10T18:07:12Z,2,1420,0,Versa 4
2026-05-10T18:07:13Z,2,1410,-304,Versa 4
2026-05-10T18:07:14Z,2,1420,0,Versa 4
2026-05-10T18:07:15Z,2,1420,0,Versa 4
2026-05-10T18:07:16Z,2,1420,304,Versa 4
2026-05-10T18:07:17Z,1,1420,-304,Versa 4
2026-05-10T18:07:18Z,2,1420,0,Versa 4
2026-05-10T18:07:19Z,2,1410,0,Versa 4
2026-05-10T18:07:20Z,2,1410,-304,Versa 4
2026-05-10T18:07:21Z,2,1420,304,Versa 4
2026-05-10T18:07:22Z,2,1410,-304,Versa 4
2026-05-10T18:07:23Z,2,1420,304,Versa 4
2026-05-10T18:07:24Z,2,1410,-304,Versa 4
2026-05-10T18:07:25Z,2,1420,304,Versa 4
2026-05-10T18:07:26Z,2,1420,-304,Versa 4
2026-05-10T18:07:27Z,2,1430,304,Versa 4
2026-05-10T18:07:28Z,2,1420,0,Versa 4
2026-05-10T18:07:29Z,2,1420,0,Versa 4
2026-05-10T18:07:30Z,1,1420,0,Versa 4
2026-05-10T18:07:31Z,2,1420,-304,Versa 4
2026-05-10T18:07:32Z,2,1430,0,Versa 4
2026-05-10T18:07:33Z,2,1410,304,Versa 4
2026-05-10T18:07:34Z,2,1410,0,Versa 4
2026-05-10T18:07:35Z,2,1420,0,Versa 4
2026-05-10T18:07:36Z,2,1420,-609,Versa 4
2026-05-10T18:07:37Z,2,1420,609,Versa 4
2026-05-10T18:07:38Z,1,1420,-304,Versa 4
2026-05-10T18:07:39Z,2,1410,304,Versa 4
2026-05-10T18:07:40Z,2,1410,0,Versa 4
2026-05-10T18:07:41Z,2,1420,-609,Versa 4
2026-05-10T18:07:42Z,2,1410,914,Versa 4
2026-05-10T18:07:43Z,2,1420,-304,Versa 4
2026-05-10T18:07:44Z,2,1410,304,Versa 4
2026-05-10T18:07:45Z,2,1410,-609,Versa 4
2026-05-10T18:07:46Z,1,1420,0,Versa 4
2026-05-10T18:07:47Z,2,1410,0,Versa 4
2026-05-10T18:07:48Z,2,1410,304,Versa 4
2026-05-10T18:07:49Z,2,1410,304,Versa 4
2026-05-10T18:07:50Z,2,1400,-609,Versa 4
2026-05-10T18:07:51Z,2,1410,609,Versa 4
2026-05-10T18:07:52Z,2,1410,-609,Versa 4
2026-05-10T18:07:53Z,1,1410,609,Versa 4
2026-05-10T18:07:54Z,2,1400,-609,Versa 4
2026-05-10T18:07:55Z,2,1410,304,Versa 4
2026-05-10T18:07:56Z,2,1410,-609,Versa 4
2026-05-10T18:07:57Z,2,1400,304,Versa 4
2026-05-10T18:07:58Z,2,1400,0,Versa 4
2026-05-10T18:07:59Z,1,1410,-304,Versa 4
2026-05-10T18:08:00Z,2,1400,-609,Versa 4
2026-05-10T18:08:01Z,2,1390,609,Versa 4
2026-05-10T18:08:02Z,2,1400,-304,Versa 4
2026-05-10T18:08:03Z,2,1400,0,Versa 4
2026-05-10T18:08:04Z,2,1400,-304,Versa 4
2026-05-10T18:08:05Z,2,1400,304,Versa 4
2026-05-10T18:08:06Z,1,1400,609,Versa 4
2026-05-10T18:08:07Z,2,1400,0,Versa 4
2026-05-10T18:08:08Z,2,1390,-914,Versa 4
2026-05-10T18:08:09Z,2,1400,914,Versa 4
2026-05-10T18:08:10Z,2,1390,304,Versa 4
2026-05-10T18:08:11Z,2,1400,-609,Versa 4
2026-05-10T18:08:12Z,1,1390,0,Versa 4
2026-05-10T18:08:13Z,2,1390,0,Versa 4
2026-05-10T18:08:14Z,2,1390,304,Versa 4
2026-05-10T18:08:15Z,2,1390,-304,Versa 4
2026-05-10T18:08:16Z,2,1390,0,Versa 4
2026-05-10T18:08:17Z,2,1390,-304,Versa 4
2026-05-10T18:08:18Z,2,1400,304,Versa 4
2026-05-10T18:08:19Z,2,1390,0,Versa 4
2026-05-10T18:08:20Z,2,1400,0,Versa 4
2026-05-10T18:08:21Z,1,1400,-609,Versa 4
2026-05-10T18:08:22Z,3,1400,609,Versa 4
2026-05-10T18:08:23Z,1,1400,-304,Versa 4
2026-05-10T18:08:24Z,2,1400,-304,Versa 4
2026-05-10T18:08:25Z,2,1390,0,Versa 4
2026-05-10T18:08:26Z,2,1400,0,Versa 4
2026-05-10T18:08:27Z,2,1390,914,Versa 4
2026-05-10T18:08:28Z,2,1400,-1828,Versa 4
2026-05-10T18:08:29Z,2,1400,914,Versa 4
2026-05-10T18:08:30Z,2,1400,0,Versa 4
2026-05-10T18:08:31Z,1,1400,-304,Versa 4
2026-05-10T18:08:32Z,2,1400,304,Versa 4
2026-05-10T18:08:33Z,1,1340,0,Versa 4
2026-05-10T18:08:34Z,3,1340,0,Versa 4
2026-05-10T18:08:35Z,1,1310,0,Versa 4
2026-05-10T18:08:36Z,2,1300,-304,Versa 4
2026-05-10T18:08:37Z,2,1310,0,Versa 4
2026-05-10T18:08:38Z,2,1310,-304,Versa 4
2026-05-10T18:08:39Z,2,1310,609,Versa 4
2026-05-10T18:08:40Z,2,1320,0,Versa 4
2026-05-10T18:08:41Z,2,1320,-304,Versa 4
2026-05-10T18:08:42Z,2,1330,609,Versa 4
2026-05-10T18:08:43Z,2,1330,0,Versa 4
2026-05-10T18:08:44Z,2,1340,-609,Versa 4
2026-05-10T18:08:45Z,2,1340,-609,Versa 4
2026-05-10T18:08:46Z,1,1330,304,Versa 4
2026-05-10T18:08:47Z,2,1340,0,Versa 4
2026-05-10T18:08:48Z,2,1330,0,Versa 4
2026-05-10T18:08:49Z,2,1340,609,Versa 4
2026-05-10T18:08:50Z,2,1330,-914,Versa 4
2026-05-10T18:08:51Z,2,1340,304,Versa 4
2026-05-10T18:08:52Z,2,1340,304,Versa 4
2026-05-10T18:08:53Z,2,1350,0,Versa 4
2026-05-10T18:08:54Z,1,1340,-609,Versa 4
2026-05-10T18:08:55Z,2,1350,304,Versa 4
2026-05-10T18:08:56Z,2,1340,304,Versa 4
2026-05-10T18:08:57Z,2,1340,0,Versa 4
2026-05-10T18:08:58Z,2,1350,-304,Versa 4
2026-05-10T18:08:59Z,2,1350,609,Versa 4
2026-05-10T18:09:00Z,1,1340,-304,Versa 4
2026-05-10T18:09:01Z,2,1350,-609,Versa 4
2026-05-10T18:09:02Z,2,1340,304,Versa 4
2026-05-10T18:09:03Z,2,1340,0,Versa 4
2026-05-10T18:09:04Z,1,1350,304,Versa 4
2026-05-10T18:09:05Z,2,1340,-304,Versa 4
2026-05-10T18:09:06Z,2,1340,609,Versa 4
2026-05-10T18:09:07Z,2,1350,-304,Versa 4
2026-05-10T18:09:08Z,2,1340,0,Versa 4
2026-05-10T18:09:09Z,2,1350,-304,Versa 4
2026-05-10T18:09:10Z,2,1350,304,Versa 4
2026-05-10T18:09:11Z,1,1350,0,Versa 4
2026-05-10T18:09:12Z,2,1350,-304,Versa 4
2026-05-10T18:09:13Z,2,1350,304,Versa 4
2026-05-10T18:09:14Z,2,1350,0,Versa 4
2026-05-10T18:09:15Z,2,1360,-304,Versa 4
2026-05-10T18:09:16Z,1,1350,0,Versa 4
2026-05-10T18:09:17Z,2,1350,304,Versa 4
2026-05-10T18:09:18Z,2,1340,0,Versa 4
2026-05-10T18:09:19Z,2,1350,-304,Versa 4
2026-05-10T18:09:20Z,2,1340,304,Versa 4
2026-05-10T18:09:21Z,2,1350,0,Versa 4
2026-05-10T18:09:22Z,1,1350,-304,Versa 4
2026-05-10T18:09:23Z,2,1350,0,Versa 4
2026-05-10T18:09:24Z,2,1360,0,Versa 4
2026-05-10T18:09:25Z,2,1350,0,Versa 4
2026-05-10T18:09:26Z,2,1350,0,Versa 4
2026-05-10T18:09:27Z,2,1350,0,Versa 4
2026-05-10T18:09:28Z,1,1350,304,Versa 4
2026-05-10T18:09:29Z,2,1350,-304,Versa 4
2026-05-10T18:09:30Z,2,1360,0,Versa 4
2026-05-10T18:09:31Z,2,1350,-304,Versa 4
2026-05-10T18:09:32Z,2,1350,609,Versa 4
2026-05-10T18:09:33Z,2,1350,304,Versa 4
2026-05-10T18:09:34Z,1,1350,-304,Versa 4
2026-05-10T18:09:35Z,2,1350,304,Versa 4
2026-05-10T18:09:36Z,0,1280,304,Versa 4
2026-05-10T18:09:37Z,1,1180,-609,Versa 4
2026-05-10T18:09:38Z,2,1110,0,Versa 4
2026-05-10T18:09:39Z,2,1080,304,Versa 4
2026-05-10T18:09:40Z,2,1080,0,Versa 4
2026-05-10T18:09:41Z,2,1090,-609,Versa 4
2026-05-10T18:09:42Z,1,1080,304,Versa 4
2026-05-10T18:09:43Z,2,1100,304,Versa 4
2026-05-10T18:09:44Z,2,1100,-609,Versa 4
2026-05-10T18:09:45Z,1,1100,914,Versa 4
2026-05-10T18:09:46Z,1,1080,0,Versa 4
2026-05-10T18:09:47Z,0,1040,0,Versa 4
2026-05-10T18:09:48Z,1,930,-304,Versa 4
2026-05-10T18:09:49Z,2,0,0,Versa 4
2026-05-10T18:09:50Z,2,0,0,Versa 4
2026-05-10T18:09:51Z,1,420,0,Versa 4
2026-05-10T18:09:52Z,2,520,0,Versa 4
2026-05-10T18:09:53Z,2,670,0,Versa 4
2026-05-10T18:09:54Z,2,860,0,Versa 4
2026-05-10T18:09:55Z,2,1070,0,Versa 4
2026-05-10T18:09:56Z,1,1120,0,Versa 4
2026-05-10T18:09:57Z,2,1160,0,Versa 4
2026-05-10T18:09:58Z,2,1180,-609,Versa 4
2026-05-10T18:09:59Z,2,1210,609,Versa 4
2026-05-10T18:10:00Z,2,1230,0,Versa 4
2026-05-10T18:10:01Z,1,1290,0,Versa 4
2026-05-10T18:10:02Z,2,1290,0,Versa 4
2026-05-10T18:10:03Z,2,1290,0,Versa 4
2026-05-10T18:10:04Z,2,1290,0,Versa 4
2026-05-10T18:10:05Z,1,1290,0,Versa 4
2026-05-10T18:10:06Z,2,1290,0,Versa 4
2026-05-10T18:10:07Z,2,1280,-304,Versa 4
2026-05-10T18:10:08Z,2,1290,304,Versa 4
2026-05-10T18:10:09Z,2,1290,-304,Versa 4
2026-05-10T18:10:10Z,1,1300,304,Versa 4
2026-05-10T18:10:11Z,2,1300,-304,Versa 4
2026-05-10T18:10:12Z,2,1290,0,Versa 4
2026-05-10T18:10:13Z,2,1300,304,Versa 4
2026-05-10T18:10:14Z,1,1300,304,Versa 4
2026-05-10T18:10:15Z,2,1290,-609,Versa 4
2026-05-10T18:10:16Z,2,1300,0,Versa 4
2026-05-10T18:10:17Z,2,1300,0,Versa 4
2026-05-10T18:10:18Z,2,1290,0,Versa 4
2026-05-10T18:10:19Z,1,1300,0,Versa 4
2026-05-10T18:10:20Z,2,1300,609,Versa 4
2026-05-10T18:10:21Z,2,1300,-304,Versa 4
2026-05-10T18:10:22Z,2,1310,-609,Versa 4
2026-05-10T18:10:23Z,1,1290,914,Versa 4
2026-05-10T18:10:24Z,2,1300,-609,Versa 4
2026-05-10T18:10:25Z,2,1240,-304,Versa 4
2026-05-10T18:10:26Z,2,1240,-304,Versa 4
2026-05-10T18:10:27Z,0,1100,609,Versa 4
2026-05-10T18:10:28Z,0,950,0,Versa 4
2026-05-10T18:10:29Z,1,0,304,Versa 4
2026-05-10T18:10:30Z,0,0,-304,Versa 4
2026-05-10T18:10:31Z,1,0,0,Versa 4
2026-05-10T18:10:32Z,2,0,-304,Versa 4
2026-05-10T18:10:33Z,2,0,0,Versa 4
2026-05-10T18:10:34Z,2,160,304,Versa 4
2026-05-10T18:10:35Z,1,300,0,Versa 4
2026-05-10T18:10:36Z,2,480,0,Versa 4
2026-05-10T18:10:37Z,1,640,-609,Versa 4
2026-05-10T18:10:38Z,3,870,304,Versa 4
2026-05-10T18:10:39Z,2,960,304,Versa 4
2026-05-10T18:10:40Z,1,1050,-304,Versa 4
2026-05-10T18:10:41Z,2,1100,-609,Versa 4
2026-05-10T18:10:42Z,2,1180,914,Versa 4
2026-05-10T18:10:43Z,1,1170,-304,Versa 4
2026-05-10T18:10:44Z,2,1230,304,Versa 4
2026-05-10T18:10:45Z,1,1230,0,Versa 4
2026-05-10T18:10:46Z,2,1220,-304,Versa 4
2026-05-10T18:10:47Z,2,1230,0,Versa 4
2026-05-10T18:10:48Z,1,1220,-304,Versa 4
2026-05-10T18:10:49Z,1,1220,914,Versa 4
2026-05-10T18:10:50Z,3,1250,-609,Versa 4
2026-05-10T18:10:51Z,1,1240,0,Versa 4
2026-05-10T18:10:52Z,1,1240,0,Versa 4
2026-05-10T18:10:53Z,2,1240,0,Versa 4
2026-05-10T18:10:54Z,2,1270,-304,Versa 4
2026-05-10T18:10:55Z,1,1260,0,Versa 4
2026-05-10T18:10:56Z,2,1260,304,Versa 4
2026-05-10T18:10:57Z,1,1250,304,Versa 4
2026-05-10T18:10:58Z,3,1280,-609,Versa 4
2026-05-10T18:10:59Z,1,1270,609,Versa 4
2026-05-10T18:11:00Z,1,1270,-304,Versa 4
2026-05-10T18:11:01Z,0,1180,0,Versa 4
2026-05-10T18:11:02Z,0,1070,304,Versa 4
2026-05-10T18:11:03Z,0,0,-609,Versa 4
2026-05-10T18:11:04Z,0,0,304,Versa 4
2026-05-10T18:11:05Z,0,0,0,Versa 4
2026-05-10T18:11:06Z,0,0,304,Versa 4
2026-05-10T18:11:07Z,0,0,0,Versa 4
2026-05-10T18:11:08Z,0,0,0,Versa 4
2026-05-10T18:11:09Z,0,0,-304,Versa 4
2026-05-10T18:11:10Z,0,0,304,Versa 4
2026-05-10T18:11:11Z,0,0,0,Versa 4
2026-05-10T18:11:12Z,0,0,0,Versa 4
2026-05-10T18:11:13Z,0,0,0,Versa 4
2026-05-10T18:11:14Z,0,0,0,Versa 4
2026-05-10T18:11:15Z,0,0,0,Versa 4
2026-05-10T18:11:16Z,0,0,-304,Versa 4
2026-05-10T18:11:17Z,0,0,304,Versa 4
2026-05-10T18:11:18Z,0,0,0,Versa 4
2026-05-10T18:11:19Z,0,0,-304,Versa 4
2026-05-10T18:11:20Z,0,0,304,Versa 4
2026-05-10T18:11:21Z,0,0,0,Versa 4
2026-05-10T18:11:22Z,0,0,0,Versa 4
2026-05-10T18:11:23Z,0,0,-304,Versa 4
2026-05-10T18:11:24Z,0,0,0,Versa 4
2026-05-10T18:11:25Z,0,0,304,Versa 4
2026-05-10T18:11:26Z,0,0,-304,Versa 4
2026-05-10T18:11:27Z,0,0,0,Versa 4
2026-05-10T18:11:28Z,0,0,304,Versa 4
2026-05-10T18:11:29Z,0,0,0,Versa 4
2026-05-10T18:11:30Z,0,0,-304,Versa 4
2026-05-10T18:11:31Z,0,0,0,Versa 4
2026-05-10T18:11:32Z,0,0,0,Versa 4
2026-05-10T18:11:33Z,0,0,0,Versa 4
2026-05-10T18:11:34Z,0,0,304,Versa 4
2026-05-10T18:11:35Z,0,0,0,Versa 4
2026-05-10T18:11:36Z,0,0,-304,Versa 4
2026-05-10T18:11:37Z,0,0,304,Versa 4
2026-05-10T18:11:38Z,0,0,-609,Versa 4
2026-05-10T18:11:39Z,0,0,304,Versa 4
2026-05-10T18:11:40Z,0,0,0,Versa 4
2026-05-10T18:11:41Z,1,0,304,Versa 4
2026-05-10T18:11:42Z,0,0,0,Versa 4
2026-05-10T18:11:43Z,2,0,-304,Versa 4
2026-05-10T18:11:44Z,2,0,0,Versa 4
2026-05-10T18:11:45Z,1,140,0,Versa 4
2026-05-10T18:11:46Z,3,350,0,Versa 4
2026-05-10T18:11:47Z,2,580,-304,Versa 4
2026-05-10T18:11:48Z,1,790,304,Versa 4
2026-05-10T18:11:49Z,2,1010,0,Versa 4
2026-05-10T18:11:50Z,2,1120,-304,Versa 4
2026-05-10T18:11:51Z,1,1120,304,Versa 4
2026-05-10T18:11:52Z,1,1080,0,Versa 4
2026-05-10T18:11:53Z,1,1060,0,Versa 4
2026-05-10T18:11:54Z,1,1010,0,Versa 4
2026-05-10T18:11:55Z,2,1060,0,Versa 4
2026-05-10T18:11:56Z,1,1050,-304,Versa 4
2026-05-10T18:11:57Z,2,1050,0,Versa 4
2026-05-10T18:11:58Z,0,1040,304,Versa 4
2026-05-10T18:11:59Z,1,1040,304,Versa 4
2026-05-10T18:12:00Z,0,930,-304,Versa 4
2026-05-10T18:12:01Z,1,850,0,Versa 4
2026-05-10T18:12:02Z,1,710,-304,Versa 4
2026-05-10T18:12:03Z,0,640,304,Versa 4
2026-05-10T18:12:04Z,0,0,0,Versa 4
2026-05-10T18:12:05Z,1,0,-304,Versa 4
2026-05-10T18:12:06Z,2,0,0,Versa 4
2026-05-10T18:12:07Z,2,0,0,Versa 4
2026-05-10T18:12:08Z,0,0,0,Versa 4
2026-05-10T18:12:09Z,1,0,0,Versa 4
2026-05-10T18:12:10Z,2,0,609,Versa 4
2026-05-10T18:12:11Z,1,0,-304,Versa 4
2026-05-10T18:12:12Z,0,0,-304,Versa 4
2026-05-10T18:12:13Z,4,0,304,Versa 4
2026-05-10T18:12:14Z,2,0,0,Versa 4
2026-05-10T18:12:15Z,0,0,304,Versa 4
2026-05-10T18:12:16Z,2,0,-304,Versa 4
2026-05-10T18:12:17Z,0,0,-304,Versa 4
2026-05-10T18:12:18Z,2,140,0,Versa 4
2026-05-10T18:12:19Z,1,280,304,Versa 4
2026-05-10T18:12:20Z,1,420,-609,Versa 4
2026-05-10T18:12:21Z,1,570,609,Versa 4
2026-05-10T18:12:22Z,0,670,0,Versa 4
2026-05-10T18:12:23Z,0,610,-609,Versa 4
2026-05-10T18:12:24Z,1,0,0,Versa 4
2026-05-10T18:12:25Z,2,0,304,Versa 4
2026-05-10T18:12:26Z,1,0,-304,Versa 4
2026-05-10T18:12:27Z,1,0,609,Versa 4
2026-05-10T18:12:28Z,1,190,-609,Versa 4
2026-05-10T18:12:29Z,1,320,0,Versa 4
2026-05-10T18:12:30Z,0,420,0,Versa 4
2026-05-10T18:12:31Z,0,1040,304,Versa 4
2026-05-10T18:12:32Z,0,0,-304,Versa 4
2026-05-10T18:12:33Z,0,0,0,Versa 4
2026-05-10T18:12:34Z,0,0,304,Versa 4
2026-05-10T18:12:35Z,0,0,0,Versa 4
2026-05-10T18:12:36Z,0,0,0,Versa 4
2026-05-10T18:12:37Z,0,0,-304,Versa 4
2026-05-10T18:12:38Z,0,0,304,Versa 4
2026-05-10T18:12:39Z,0,0,-304,Versa 4
2026-05-10T18:12:40Z,0,0,0,Versa 4
2026-05-10T18:12:41Z,0,0,0,Versa 4
2026-05-10T18:12:42Z,0,0,304,Versa 4
2026-05-10T18:12:43Z,0,0,-304,Versa 4
2026-05-10T18:12:44Z,0,0,304,Versa 4
2026-05-10T18:12:45Z,0,0,0,Versa 4
2026-05-10T18:12:46Z,0,0,0,Versa 4
2026-05-10T18:12:47Z,0,0,0,Versa 4
2026-05-10T18:12:48Z,0,0,-304,Versa 4
2026-05-10T18:12:49Z,0,0,0,Versa 4
2026-05-10T18:12:50Z,0,0,304,Versa 4
2026-05-10T18:12:51Z,0,0,-304,Versa 4
2026-05-10T18:12:52Z,0,0,0,Versa 4
2026-05-10T18:12:53Z,0,0,0,Versa 4
2026-05-10T18:12:54Z,0,0,-304,Versa 4
2026-05-10T18:12:55Z,0,0,304,Versa 4
2026-05-10T18:12:56Z,0,0,0,Versa 4
2026-05-10T18:12:57Z,0,0,0,Versa 4
2026-05-10T18:12:58Z,0,0,0,Versa 4
2026-05-10T18:12:59Z,0,0,-304,Versa 4
2026-05-10T18:13:00Z,0,0,0,Versa 4
2026-05-10T18:13:01Z,0,0,0,Versa 4
2026-05-10T18:13:02Z,0,0,0,Versa 4
2026-05-10T18:13:03Z,0,0,304,Versa 4
2026-05-10T18:13:04Z,0,0,0,Versa 4
2026-05-10T18:13:05Z,0,0,0,Versa 4
2026-05-10T18:13:06Z,0,0,0,Versa 4
2026-05-10T18:13:07Z,0,0,0,Versa 4
2026-05-10T18:13:08Z,0,0,0,Versa 4
2026-05-10T18:13:09Z,0,0,304,Versa 4
2026-05-10T18:13:10Z,0,0,0,Versa 4
2026-05-10T18:13:11Z,0,0,-304,Versa 4
2026-05-10T18:13:12Z,0,0,304,Versa 4
2026-05-10T18:13:13Z,0,0,0,Versa 4
2026-05-10T18:13:14Z,0,0,0,Versa 4
2026-05-10T18:13:15Z,0,0,-304,Versa 4
2026-05-10T18:13:16Z,0,0,304,Versa 4
2026-05-10T18:13:17Z,0,0,0,Versa 4
2026-05-10T18:13:18Z,0,0,-304,Versa 4
2026-05-10T18:13:19Z,0,0,0,Versa 4
2026-05-10T18:13:20Z,0,0,-304,Versa 4
2026-05-10T18:13:21Z,0,0,0,Versa 4
2026-05-10T18:13:22Z,0,0,304,Versa 4
2026-05-10T18:13:23Z,0,0,0,Versa 4
2026-05-10T18:13:24Z,0,0,0,Versa 4
2026-05-10T18:13:25Z,0,0,-304,Versa 4
2026-05-10T18:13:26Z,0,0,609,Versa 4
2026-05-10T18:13:27Z,0,0,-304,Versa 4
2026-05-10T18:13:28Z,0,0,304,Versa 4
2026-05-10T18:13:29Z,0,0,-304,Versa 4
2026-05-10T18:13:30Z,0,0,0,Versa 4
2026-05-10T18:13:31Z,0,0,304,Versa 4
2026-05-10T18:13:32Z,0,0,0,Versa 4
2026-05-10T18:13:33Z,0,0,0,Versa 4
2026-05-10T18:13:34Z,0,0,-304,Versa 4
2026-05-10T18:13:35Z,0,0,0,Versa 4
2026-05-10T18:13:36Z,0,0,0,Versa 4
2026-05-10T18:13:37Z,0,0,0,Versa 4
2026-05-10T18:13:38Z,0,0,0,Versa 4
2026-05-10T18:13:39Z,0,0,0,Versa 4
2026-05-10T18:13:40Z,0,0,304,Versa 4
2026-05-10T18:13:41Z,0,0,0,Versa 4
2026-05-10T18:13:42Z,0,0,0,Versa 4
2026-05-10T18:13:43Z,0,0,-304,Versa 4
2026-05-10T18:13:44Z,0,0,304,Versa 4
2026-05-10T18:13:45Z,2,0,-304,Versa 4
2026-05-10T18:13:46Z,2,0,-304,Versa 4
2026-05-10T18:13:47Z,0,0,0,Versa 4
2026-05-10T18:13:48Z,0,0,0,Versa 4
2026-05-10T18:13:49Z,0,0,0,Versa 4
2026-05-10T18:13:50Z,0,0,0,Versa 4
2026-05-10T18:13:51Z,0,0,0,Versa 4
2026-05-10T18:13:52Z,0,0,0,Versa 4
2026-05-10T18:13:53Z,0,0,-304,Versa 4
2026-05-10T18:13:54Z,0,0,304,Versa 4
2026-05-10T18:13:55Z,0,0,0,Versa 4
2026-05-10T18:13:56Z,0,0,-304,Versa 4
2026-05-10T18:13:57Z,0,0,304,Versa 4
2026-05-10T18:13:58Z,0,0,0,Versa 4
2026-05-10T18:13:59Z,0,0,0,Versa 4
2026-05-10T18:14:00Z,0,0,0,Versa 4
2026-05-10T18:14:01Z,0,0,0,Versa 4
2026-05-10T18:14:02Z,0,0,0,Versa 4
2026-05-10T18:14:03Z,0,0,-304,Versa 4
2026-05-10T18:14:04Z,0,0,0,Versa 4
2026-05-10T18:14:05Z,0,0,0,Versa 4
2026-05-10T18:14:06Z,0,0,304,Versa 4
2026-05-10T18:14:07Z,0,0,0,Versa 4
2026-05-10T18:14:08Z,0,0,0,Versa 4
2026-05-10T18:14:09Z,0,0,-304,Versa 4
2026-05-10T18:14:10Z,0,0,304,Versa 4
2026-05-10T18:14:11Z,0,0,-304,Versa 4
2026-05-10T18:14:12Z,0,0,0,Versa 4
2026-05-10T18:14:13Z,0,0,304,Versa 4
2026-05-10T18:14:14Z,0,0,-304,Versa 4
2026-05-10T18:14:15Z,0,0,304,Versa 4
2026-05-10T18:14:16Z,0,0,-304,Versa 4
2026-05-10T18:14:17Z,0,0,304,Versa 4
2026-05-10T18:14:18Z,0,0,-304,Versa 4
2026-05-10T18:14:19Z,0,0,304,Versa 4
2026-05-10T18:14:20Z,0,0,0,Versa 4
2026-05-10T18:14:21Z,0,0,0,Versa 4
2026-05-10T18:14:22Z,0,0,0,Versa 4
2026-05-10T18:14:23Z,0,0,304,Versa 4
2026-05-10T18:14:24Z,0,0,-304,Versa 4
2026-05-10T18:14:25Z,0,0,304,Versa 4
2026-05-10T18:14:26Z,0,0,-609,Versa 4
2026-05-10T18:14:27Z,0,0,609,Versa 4
2026-05-10T18:14:28Z,0,0,0,Versa 4
2026-05-10T18:14:29Z,0,0,-304,Versa 4
2026-05-10T18:14:30Z,0,0,0,Versa 4
2026-05-10T18:14:31Z,0,0,0,Versa 4
2026-05-10T18:14:32Z,0,0,0,Versa 4
2026-05-10T18:14:33Z,0,0,0,Versa 4
2026-05-10T18:14:34Z,0,0,0,Versa 4
2026-05-10T18:14:35Z,0,0,-304,Versa 4
2026-05-10T18:14:36Z,0,0,304,Versa 4
2026-05-10T18:14:37Z,0,0,0,Versa 4
2026-05-10T18:14:38Z,0,0,304,Versa 4
2026-05-10T18:14:39Z,0,0,0,Versa 4
2026-05-10T18:14:40Z,0,0,0,Versa 4
2026-05-10T18:14:41Z,0,0,0,Versa 4
2026-05-10T18:14:42Z,0,0,0,Versa 4
2026-05-10T18:14:43Z,0,0,0,Versa 4
2026-05-10T18:14:44Z,0,0,-304,Versa 4
2026-05-10T18:14:45Z,0,0,0,Versa 4
2026-05-10T18:14:46Z,0,0,0,Versa 4
2026-05-10T18:14:47Z,0,0,0,Versa 4
2026-05-10T18:14:48Z,0,0,0,Versa 4
2026-05-10T18:14:49Z,0,0,-304,Versa 4
2026-05-10T18:14:50Z,0,0,304,Versa 4
2026-05-10T18:14:51Z,0,0,0,Versa 4
2026-05-10T18:14:52Z,0,0,0,Versa 4
2026-05-10T18:14:53Z,0,0,0,Versa 4
2026-05-10T18:14:54Z,0,0,304,Versa 4
2026-05-10T18:14:55Z,0,0,0,Versa 4
2026-05-10T18:14:56Z,0,0,0,Versa 4
2026-05-10T18:14:57Z,0,0,0,Versa 4
2026-05-10T18:14:58Z,0,0,0,Versa 4
2026-05-10T18:14:59Z,0,0,0,Versa 4
2026-05-10T18:15:00Z,0,0,0,Versa 4
2026-05-10T18:15:01Z,0,0,-304,Versa 4
2026-05-10T18:15:02Z,0,0,304,Versa 4
2026-05-10T18:15:03Z,0,0,-304,Versa 4
2026-05-10T18:15:04Z,0,0,304,Versa 4
2026-05-10T18:15:05Z,0,0,0,Versa 4
2026-05-10T18:15:06Z,0,0,0,Versa 4
2026-05-10T18:15:07Z,0,0,0,Versa 4
2026-05-10T18:15:08Z,0,0,-304,Versa 4
2026-05-10T18:15:09Z,0,0,304,Versa 4
2026-05-10T18:15:10Z,0,0,-304,Versa 4
2026-05-10T18:15:11Z,0,0,304,Versa 4
2026-05-10T18:15:12Z,0,0,-304,Versa 4
2026-05-10T18:15:13Z,0,0,0,Versa 4
2026-05-10T18:15:14Z,0,0,0,Versa 4
2026-05-10T18:15:15Z,0,0,0,Versa 4
2026-05-10T18:15:16Z,0,0,-304,Versa 4
2026-05-10T18:15:17Z,0,0,304,Versa 4
2026-05-10T18:15:18Z,0,0,304,Versa 4
2026-05-10T18:15:19Z,0,0,0,Versa 4
2026-05-10T18:15:20Z,0,0,0,Versa 4
2026-05-10T18:15:21Z,0,0,-304,Versa 4
2026-05-10T18:15:22Z,0,0,0,Versa 4
2026-05-10T18:15:23Z,0,0,0,Versa 4
2026-05-10T18:15:24Z,0,0,0,Versa 4
2026-05-10T18:15:25Z,0,0,0,Versa 4
2026-05-10T18:15:26Z,2,0,0,Versa 4
2026-05-10T18:15:27Z,2,0,0,Versa 4
2026-05-10T18:15:28Z,0,0,0,Versa 4
2026-05-10T18:15:29Z,0,0,304,Versa 4
2026-05-10T18:15:30Z,0,0,0,Versa 4
2026-05-10T18:15:31Z,0,0,-304,Versa 4
2026-05-10T18:15:32Z,0,0,0,Versa 4
2026-05-10T18:15:33Z,0,0,304,Versa 4
2026-05-10T18:15:34Z,0,0,-304,Versa 4
2026-05-10T18:15:35Z,0,0,304,Versa 4
2026-05-10T18:15:36Z,0,0,0,Versa 4
2026-05-10T18:15:37Z,0,0,-304,Versa 4
2026-05-10T18:15:38Z,0,0,0,Versa 4
2026-05-10T18:15:39Z,0,0,304,Versa 4
2026-05-10T18:15:40Z,0,0,-304,Versa 4
2026-05-10T18:15:41Z,0,0,0,Versa 4
2026-05-10T18:15:42Z,0,0,0,Versa 4
2026-05-10T18:15:43Z,0,0,0,Versa 4
2026-05-10T18:15:44Z,0,0,304,Versa 4
2026-05-10T18:15:45Z,0,0,-304,Versa 4
2026-05-10T18:15:46Z,0,0,0,Versa 4
2026-05-10T18:15:47Z,0,0,0,Versa 4
2026-05-10T18:15:48Z,0,0,304,Versa 4
2026-05-10T18:15:49Z,0,0,-304,Versa 4
2026-05-10T18:15:50Z,0,0,304,Versa 4
2026-05-10T18:15:51Z,0,0,0,Versa 4
2026-05-10T18:15:52Z,0,0,0,Versa 4
2026-05-10T18:15:53Z,0,0,0,Versa 4
2026-05-10T18:15:54Z,0,0,0,Versa 4
2026-05-10T18:15:55Z,0,0,0,Versa 4
2026-05-10T18:15:56Z,0,0,0,Versa 4
2026-05-10T18:15:57Z,0,0,-304,Versa 4
2026-05-10T18:15:58Z,0,0,-304,Versa 4
2026-05-10T18:15:59Z,0,0,304,Versa 4
2026-05-10T18:16:00Z,0,0,-304,Versa 4
2026-05-10T18:16:01Z,0,0,304,Versa 4
2026-05-10T18:16:02Z,0,0,304,Versa 4
2026-05-10T18:16:03Z,0,0,-609,Versa 4
2026-05-10T18:16:04Z,0,0,609,Versa 4
2026-05-10T18:16:05Z,0,0,0,Versa 4
2026-05-10T18:16:06Z,0,0,0,Versa 4
2026-05-10T18:16:07Z,0,0,-304,Versa 4
2026-05-10T18:16:08Z,0,0,0,Versa 4
2026-05-10T18:16:09Z,0,0,-304,Versa 4
2026-05-10T18:16:10Z,0,0,304,Versa 4
2026-05-10T18:16:11Z,0,0,0,Versa 4
2026-05-10T18:16:12Z,0,0,0,Versa 4
2026-05-10T18:16:13Z,0,0,0,Versa 4
2026-05-10T18:16:14Z,0,0,0,Versa 4
2026-05-10T18:16:15Z,0,0,0,Versa 4
2026-05-10T18:16:16Z,0,0,0,Versa 4
2026-05-10T18:16:17Z,0,0,0,Versa 4
2026-05-10T18:16:18Z,0,0,304,Versa 4
2026-05-10T18:16:19Z,0,0,-304,Versa 4
2026-05-10T18:16:20Z,0,0,0,Versa 4
2026-05-10T18:16:21Z,0,0,0,Versa 4
2026-05-10T18:16:22Z,0,0,304,Versa 4
2026-05-10T18:16:23Z,0,0,-304,Versa 4
2026-05-10T18:16:24Z,0,0,0,Versa 4
2026-05-10T18:16:25Z,0,0,304,Versa 4
2026-05-10T18:16:26Z,0,0,0,Versa 4
2026-05-10T18:16:27Z,0,0,0,Versa 4
2026-05-10T18:16:28Z,0,0,0,Versa 4
2026-05-10T18:16:29Z,0,0,0,Versa 4
2026-05-10T18:16:30Z,0,0,-304,Versa 4
2026-05-10T18:16:31Z,0,0,304,Versa 4
2026-05-10T18:16:32Z,0,0,0,Versa 4
2026-05-10T18:16:33Z,0,0,0,Versa 4
2026-05-10T18:16:34Z,0,0,304,Versa 4
2026-05-10T18:16:35Z,0,0,0,Versa 4
2026-05-10T18:16:36Z,0,0,-609,Versa 4
2026-05-10T18:16:37Z,0,0,609,Versa 4
2026-05-10T18:16:38Z,0,0,-304,Versa 4
2026-05-10T18:16:39Z,0,0,0,Versa 4
2026-05-10T18:16:40Z,0,0,0,Versa 4
2026-05-10T18:16:41Z,0,0,304,Versa 4
2026-05-10T18:16:42Z,0,0,-304,Versa 4
2026-05-10T18:16:43Z,0,0,-304,Versa 4
2026-05-10T18:16:44Z,0,0,0,Versa 4
2026-05-10T18:16:45Z,0,0,-304,Versa 4
2026-05-10T18:16:46Z,0,0,304,Versa 4
2026-05-10T18:16:47Z,0,0,304,Versa 4
2026-05-10T18:16:48Z,0,0,0,Versa 4
2026-05-10T18:16:49Z,0,0,0,Versa 4
2026-05-10T18:16:50Z,0,0,-304,Versa 4
2026-05-10T18:16:51Z,0,0,304,Versa 4
2026-05-10T18:16:52Z,0,0,-304,Versa 4
2026-05-10T18:16:53Z,0,0,0,Versa 4
2026-05-10T18:16:54Z,0,0,0,Versa 4
2026-05-10T18:16:55Z,0,0,0,Versa 4
2026-05-10T18:16:56Z,0,0,0,Versa 4
2026-05-10T18:16:57Z,0,0,0,Versa 4
2026-05-10T18:16:58Z,0,0,0,Versa 4
2026-05-10T18:16:59Z,0,0,0,Versa 4
2026-05-10T18:17:00Z,0,0,0,Versa 4
2026-05-10T18:17:01Z,0,0,0,Versa 4
2026-05-10T18:17:02Z,0,0,0,Versa 4
2026-05-10T18:17:03Z,0,0,0,Versa 4
2026-05-10T18:17:04Z,0,0,304,Versa 4
2026-05-10T18:17:05Z,0,0,-304,Versa 4
2026-05-10T18:17:06Z,0,0,304,Versa 4
2026-05-10T18:17:07Z,2,0,-609,Versa 4
2026-05-10T18:17:08Z,2,0,-609,Versa 4
2026-05-10T18:17:09Z,0,0,304,Versa 4
2026-05-10T18:17:10Z,0,0,0,Versa 4
2026-05-10T18:17:11Z,0,0,0,Versa 4
2026-05-10T18:17:12Z,0,0,0,Versa 4
2026-05-10T18:17:13Z,0,0,0,Versa 4
2026-05-10T18:17:14Z,0,0,0,Versa 4
2026-05-10T18:17:15Z,0,0,0,Versa 4
2026-05-10T18:17:16Z,0,0,-304,Versa 4
2026-05-10T18:17:17Z,0,0,0,Versa 4
2026-05-10T18:17:18Z,0,0,0,Versa 4
2026-05-10T18:17:19Z,0,0,0,Versa 4
2026-05-10T18:17:20Z,0,0,304,Versa 4
2026-05-10T18:17:21Z,0,0,-304,Versa 4
2026-05-10T18:17:22Z,0,0,0,Versa 4
2026-05-10T18:17:23Z,0,0,304,Versa 4
2026-05-10T18:17:24Z,0,0,304,Versa 4
2026-05-10T18:17:25Z,0,0,-609,Versa 4
2026-05-10T18:17:26Z,0,0,0,Versa 4
2026-05-10T18:17:27Z,0,0,304,Versa 4
2026-05-10T18:17:28Z,0,0,-304,Versa 4
2026-05-10T18:17:29Z,0,0,304,Versa 4
2026-05-10T18:17:30Z,0,0,0,Versa 4
2026-05-10T18:17:31Z,0,0,0,Versa 4
2026-05-10T18:17:32Z,0,0,0,Versa 4
2026-05-10T18:17:33Z,0,0,0,Versa 4
2026-05-10T18:17:34Z,0,0,0,Versa 4
2026-05-10T18:17:35Z,0,0,-304,Versa 4
2026-05-10T18:17:36Z,0,0,0,Versa 4
2026-05-10T18:17:37Z,0,0,0,Versa 4
2026-05-10T18:17:38Z,0,0,0,Versa 4
2026-05-10T18:17:39Z,0,0,0,Versa 4
2026-05-10T18:17:40Z,0,0,-304,Versa 4
2026-05-10T18:17:41Z,0,0,304,Versa 4
2026-05-10T18:17:42Z,0,0,0,Versa 4
2026-05-10T18:17:43Z,0,0,0,Versa 4
2026-05-10T18:17:44Z,0,0,-304,Versa 4
2026-05-10T18:17:45Z,0,0,304,Versa 4
2026-05-10T18:17:46Z,0,0,0,Versa 4
2026-05-10T18:17:47Z,0,0,-304,Versa 4
2026-05-10T18:17:48Z,0,0,304,Versa 4
2026-05-10T18:17:49Z,0,0,0,Versa 4
2026-05-10T18:17:50Z,0,0,-304,Versa 4
2026-05-10T18:17:51Z,0,0,0,Versa 4
2026-05-10T18:17:52Z,0,0,0,Versa 4
2026-05-10T18:17:53Z,0,0,304,Versa 4
2026-05-10T18:17:54Z,0,0,304,Versa 4
2026-05-10T18:17:55Z,0,0,-304,Versa 4
2026-05-10T18:17:56Z,0,0,0,Versa 4
2026-05-10T18:17:57Z,0,0,304,Versa 4
2026-05-10T18:17:58Z,0,0,0,Versa 4
2026-05-10T18:17:59Z,0,0,0,Versa 4
2026-05-10T18:18:00Z,0,0,0,Versa 4
2026-05-10T18:18:01Z,0,0,0,Versa 4
2026-05-10T18:18:02Z,0,0,-304,Versa 4
2026-05-10T18:18:03Z,0,0,-304,Versa 4
2026-05-10T18:18:04Z,0,0,914,Versa 4
2026-05-10T18:18:05Z,0,0,-304,Versa 4
2026-05-10T18:18:06Z,0,0,0,Versa 4
2026-05-10T18:18:07Z,0,0,0,Versa 4
2026-05-10T18:18:08Z,0,0,0,Versa 4
2026-05-10T18:18:09Z,0,0,304,Versa 4
2026-05-10T18:18:10Z,0,0,0,Versa 4
2026-05-10T18:18:11Z,0,0,-304,Versa 4
2026-05-10T18:18:12Z,0,0,304,Versa 4
2026-05-10T18:18:13Z,0,0,0,Versa 4
2026-05-10T18:18:14Z,0,0,-304,Versa 4
2026-05-10T18:18:15Z,0,0,304,Versa 4
2026-05-10T18:18:16Z,0,0,-304,Versa 4
2026-05-10T18:18:17Z,0,0,0,Versa 4
2026-05-10T18:18:18Z,0,0,0,Versa 4
2026-05-10T18:18:19Z,0,0,-304,Versa 4
2026-05-10T18:18:20Z,0,0,304,Versa 4
2026-05-10T18:18:21Z,0,0,0,Versa 4
2026-05-10T18:18:22Z,0,0,0,Versa 4
2026-05-10T18:18:23Z,0,0,304,Versa 4
2026-05-10T18:18:24Z,0,0,0,Versa 4
2026-05-10T18:18:25Z,0,0,0,Versa 4
2026-05-10T18:18:26Z,0,0,0,Versa 4
2026-05-10T18:18:27Z,0,0,0,Versa 4
2026-05-10T18:18:28Z,0,0,0,Versa 4
2026-05-10T18:18:29Z,0,0,0,Versa 4
2026-05-10T18:18:30Z,0,0,0,Versa 4
2026-05-10T18:18:31Z,0,0,304,Versa 4
2026-05-10T18:18:32Z,0,0,-304,Versa 4
2026-05-10T18:18:33Z,0,0,304,Versa 4
2026-05-10T18:18:34Z,0,0,-304,Versa 4
2026-05-10T18:18:35Z,0,0,0,Versa 4
2026-05-10T18:18:36Z,0,0,0,Versa 4
2026-05-10T18:18:37Z,0,0,0,Versa 4
2026-05-10T18:18:38Z,0,0,0,Versa 4
2026-05-10T18:18:39Z,0,0,0,Versa 4
2026-05-10T18:18:40Z,0,0,0,Versa 4
2026-05-10T18:18:41Z,0,0,0,Versa 4
2026-05-10T18:18:42Z,0,0,0,Versa 4
2026-05-10T18:18:43Z,0,0,0,Versa 4
2026-05-10T18:18:44Z,0,0,0,Versa 4
2026-05-10T18:18:45Z,0,0,0,Versa 4
2026-05-10T18:18:46Z,0,0,0,Versa 4
2026-05-10T18:18:47Z,0,0,0,Versa 4
2026-05-10T18:18:48Z,2,0,0,Versa 4
2026-05-10T18:18:49Z,2,0,0,Versa 4
2026-05-10T18:18:50Z,0,0,-304,Versa 4
2026-05-10T18:18:51Z,0,0,304,Versa 4
2026-05-10T18:18:52Z,0,0,0,Versa 4
2026-05-10T18:18:53Z,0,0,0,Versa 4
2026-05-10T18:18:54Z,0,0,304,Versa 4
2026-05-10T18:18:55Z,0,0,-304,Versa 4
2026-05-10T18:18:56Z,0,0,304,Versa 4
2026-05-10T18:18:57Z,0,0,-304,Versa 4
2026-05-10T18:18:58Z,0,0,0,Versa 4
2026-05-10T18:18:59Z,0,0,0,Versa 4
2026-05-10T18:19:00Z,0,0,304,Versa 4
2026-05-10T18:19:01Z,0,0,0,Versa 4
2026-05-10T18:19:02Z,0,0,-304,Versa 4
2026-05-10T18:19:03Z,0,0,0,Versa 4
2026-05-10T18:19:04Z,0,0,0,Versa 4
2026-05-10T18:19:05Z,0,0,-304,Versa 4
2026-05-10T18:19:06Z,0,0,304,Versa 4
2026-05-10T18:19:07Z,0,0,0,Versa 4
2026-05-10T18:19:08Z,0,0,0,Versa 4
2026-05-10T18:19:09Z,0,0,0,Versa 4
2026-05-10T18:19:10Z,0,0,-304,Versa 4
2026-05-10T18:19:11Z,0,0,0,Versa 4
2026-05-10T18:19:12Z,0,0,304,Versa 4
2026-05-10T18:19:13Z,0,0,-304,Versa 4
2026-05-10T18:19:14Z,0,0,0,Versa 4
2026-05-10T18:19:15Z,0,0,304,Versa 4
2026-05-10T18:19:16Z,0,0,-304,Versa 4
2026-05-10T18:19:17Z,0,0,0,Versa 4
2026-05-10T18:19:18Z,0,0,0,Versa 4
2026-05-10T18:19:19Z,0,0,0,Versa 4
2026-05-10T18:19:20Z,0,0,304,Versa 4
2026-05-10T18:19:21Z,0,0,0,Versa 4
2026-05-10T18:19:22Z,0,0,0,Versa 4
2026-05-10T18:19:23Z,0,0,-304,Versa 4
2026-05-10T18:19:24Z,0,0,304,Versa 4
2026-05-10T18:19:25Z,0,0,-304,Versa 4
2026-05-10T18:19:26Z,0,0,0,Versa 4
2026-05-10T18:19:27Z,0,0,0,Versa 4
2026-05-10T18:19:28Z,0,0,0,Versa 4
2026-05-10T18:19:29Z,0,0,0,Versa 4
2026-05-10T18:19:30Z,0,0,304,Versa 4
2026-05-10T18:19:31Z,0,0,-304,Versa 4
2026-05-10T18:19:32Z,0,0,304,Versa 4
2026-05-10T18:19:33Z,0,0,0,Versa 4
2026-05-10T18:19:34Z,0,0,304,Versa 4
2026-05-10T18:19:35Z,0,0,-304,Versa 4
2026-05-10T18:19:36Z,0,0,-304,Versa 4
2026-05-10T18:19:37Z,0,0,304,Versa 4
2026-05-10T18:19:38Z,0,0,0,Versa 4
2026-05-10T18:19:39Z,0,0,0,Versa 4
2026-05-10T18:19:40Z,0,0,304,Versa 4
2026-05-10T18:19:41Z,0,0,0,Versa 4
2026-05-10T18:19:42Z,0,0,0,Versa 4
2026-05-10T18:19:43Z,0,0,304,Versa 4
2026-05-10T18:19:44Z,0,0,0,Versa 4
2026-05-10T18:19:45Z,0,0,0,Versa 4
2026-05-10T18:19:46Z,0,0,0,Versa 4
2026-05-10T18:19:47Z,0,0,0,Versa 4
2026-05-10T18:19:48Z,0,0,0,Versa 4
2026-05-10T18:19:49Z,0,0,0,Versa 4
2026-05-10T18:19:50Z,0,0,0,Versa 4
2026-05-10T18:19:51Z,0,0,0,Versa 4
2026-05-10T18:19:52Z,0,0,0,Versa 4
2026-05-10T18:19:53Z,0,0,0,Versa 4
2026-05-10T18:19:54Z,0,0,0,Versa 4
2026-05-10T18:19:55Z,0,0,0,Versa 4
2026-05-10T18:19:56Z,0,0,-304,Versa 4
2026-05-10T18:19:57Z,0,0,304,Versa 4
2026-05-10T18:19:58Z,0,0,0,Versa 4
2026-05-10T18:19:59Z,0,0,-304,Versa 4
2026-05-10T18:20:00Z,0,0,0,Versa 4
2026-05-10T18:20:01Z,0,0,304,Versa 4
2026-05-10T18:20:02Z,0,0,-304,Versa 4
2026-05-10T18:20:03Z,0,0,304,Versa 4
2026-05-10T18:20:04Z,0,0,-304,Versa 4
2026-05-10T18:20:05Z,0,0,304,Versa 4
2026-05-10T18:20:06Z,0,0,0,Versa 4
2026-05-10T18:20:07Z,0,0,-304,Versa 4
2026-05-10T18:20:08Z,0,0,609,Versa 4
2026-05-10T18:20:09Z,0,0,-609,Versa 4
2026-05-10T18:20:10Z,0,0,304,Versa 4
2026-05-10T18:20:11Z,0,0,304,Versa 4
2026-05-10T18:20:12Z,0,0,0,Versa 4
2026-05-10T18:20:13Z,0,0,0,Versa 4
2026-05-10T18:20:14Z,0,0,-609,Versa 4
2026-05-10T18:20:15Z,0,0,0,Versa 4
2026-05-10T18:20:16Z,0,0,-304,Versa 4
2026-05-10T18:20:17Z,0,0,0,Versa 4
2026-05-10T18:20:18Z,0,0,609,Versa 4
2026-05-10T18:20:19Z,0,0,304,Versa 4
2026-05-10T18:20:20Z,0,0,-304,Versa 4
2026-05-10T18:20:21Z,0,0,0,Versa 4
2026-05-10T18:20:22Z,0,0,0,Versa 4
2026-05-10T18:20:23Z,0,0,0,Versa 4
2026-05-10T18:20:24Z,0,0,0,Versa 4
2026-05-10T18:20:25Z,0,0,0,Versa 4
2026-05-10T18:20:26Z,0,0,-609,Versa 4
2026-05-10T18:20:27Z,0,0,0,Versa 4
2026-05-10T18:20:28Z,2,0,0,Versa 4
2026-05-10T18:20:29Z,2,0,0,Versa 4
2026-05-10T18:20:30Z,0,0,0,Versa 4
2026-05-10T18:20:31Z,0,0,0,Versa 4
2026-05-10T18:20:32Z,0,0,0,Versa 4
2026-05-10T18:20:33Z,0,0,0,Versa 4
2026-05-10T18:20:34Z,0,0,304,Versa 4
2026-05-10T18:20:35Z,0,0,-304,Versa 4
2026-05-10T18:20:36Z,0,0,304,Versa 4
2026-05-10T18:20:37Z,0,0,0,Versa 4
2026-05-10T18:20:38Z,0,0,-304,Versa 4
2026-05-10T18:20:39Z,1,0,304,Versa 4
2026-05-10T18:20:40Z,2,0,304,Versa 4
2026-05-10T18:20:41Z,0,0,-609,Versa 4
2026-05-10T18:20:42Z,4,0,609,Versa 4
2026-05-10T18:20:43Z,0,0,0,Versa 4
2026-05-10T18:20:44Z,0,0,0,Versa 4
2026-05-10T18:20:45Z,1,0,-609,Versa 4
2026-05-10T18:20:46Z,0,0,304,Versa 4
2026-05-10T18:20:47Z,4,0,0,Versa 4
2026-05-10T18:20:48Z,2,0,0,Versa 4
2026-05-10T18:20:49Z,0,0,304,Versa 4
2026-05-10T18:20:50Z,4,0,-304,Versa 4
2026-05-10T18:20:51Z,0,0,-304,Versa 4
2026-05-10T18:20:52Z,0,0,304,Versa 4
2026-05-10T18:20:53Z,1,0,-609,Versa 4
2026-05-10T18:20:54Z,1,0,304,Versa 4
2026-05-10T18:20:55Z,1,0,0,Versa 4
2026-05-10T18:20:56Z,2,140,304,Versa 4
2026-05-10T18:20:57Z,0,240,-304,Versa 4
2026-05-10T18:20:58Z,0,330,0,Versa 4
2026-05-10T18:20:59Z,0,380,0,Versa 4
2026-05-10T18:21:00Z,0,430,0,Versa 4
2026-05-10T18:21:01Z,0,0,304,Versa 4
2026-05-10T18:21:02Z,0,0,304,Versa 4
2026-05-10T18:21:03Z,0,0,0,Versa 4
2026-05-10T18:21:04Z,0,0,-304,Versa 4
2026-05-10T18:21:05Z,0,0,-304,Versa 4
2026-05-10T18:21:06Z,0,0,609,Versa 4
2026-05-10T18:21:07Z,0,0,-304,Versa 4
2026-05-10T18:21:08Z,0,0,304,Versa 4
2026-05-10T18:21:09Z,0,0,-304,Versa 4
2026-05-10T18:21:10Z,0,0,0,Versa 4
2026-05-10T18:21:11Z,0,0,304,Versa 4
2026-05-10T18:21:12Z,0,0,0,Versa 4
2026-05-10T18:21:13Z,0,0,0,Versa 4
2026-05-10T18:21:14Z,0,0,0,Versa 4
2026-05-10T18:21:15Z,0,0,-304,Versa 4
2026-05-10T18:21:16Z,0,0,-304,Versa 4
2026-05-10T18:21:17Z,0,0,304,Versa 4
2026-05-10T18:21:18Z,0,0,-304,Versa 4
2026-05-10T18:21:19Z,0,0,0,Versa 4
2026-05-10T18:21:20Z,0,0,609,Versa 4
2026-05-10T18:21:21Z,0,0,-304,Versa 4
2026-05-10T18:21:22Z,0,0,0,Versa 4
2026-05-10T18:21:23Z,0,0,0,Versa 4
2026-05-10T18:21:24Z,0,0,304,Versa 4
2026-05-10T18:21:25Z,0,0,0,Versa 4
2026-05-10T18:21:26Z,0,0,-304,Versa 4
2026-05-10T18:21:27Z,0,0,0,Versa 4
2026-05-10T18:21:28Z,0,0,304,Versa 4
2026-05-10T18:21:29Z,0,0,0,Versa 4
2026-05-10T18:21:30Z,0,0,0,Versa 4
2026-05-10T18:21:31Z,0,0,0,Versa 4
2026-05-10T18:21:32Z,0,0,0,Versa 4
2026-05-10T18:21:33Z,0,0,0,Versa 4
2026-05-10T18:21:34Z,0,0,304,Versa 4
2026-05-10T18:21:35Z,0,0,0,Versa 4
2026-05-10T18:21:36Z,0,0,0,Versa 4
2026-05-10T18:21:37Z,0,0,0,Versa 4
2026-05-10T18:21:38Z,0,0,304,Versa 4
2026-05-10T18:21:39Z,0,0,-609,Versa 4
2026-05-10T18:21:40Z,0,0,304,Versa 4
2026-05-10T18:21:41Z,0,0,0,Versa 4
2026-05-10T18:21:42Z,0,0,304,Versa 4
2026-05-10T18:21:43Z,0,0,304,Versa 4
2026-05-10T18:21:44Z,0,0,-609,Versa 4
2026-05-10T18:21:45Z,0,0,304,Versa 4
2026-05-10T18:21:46Z,0,0,-304,Versa 4
2026-05-10T18:21:47Z,0,0,304,Versa 4
2026-05-10T18:21:48Z,0,0,-609,Versa 4
2026-05-10T18:21:49Z,0,0,0,Versa 4
2026-05-10T18:21:50Z,1,0,0,Versa 4
2026-05-10T18:21:51Z,2,0,609,Versa 4
2026-05-10T18:21:52Z,1,140,-304,Versa 4
2026-05-10T18:21:53Z,0,240,0,Versa 4
2026-05-10T18:21:54Z,0,1140,0,Versa 4
2026-05-10T18:21:55Z,0,0,914,Versa 4
2026-05-10T18:21:56Z,0,0,-609,Versa 4
2026-05-10T18:21:57Z,0,0,0,Versa 4
2026-05-10T18:21:58Z,0,0,609,Versa 4
2026-05-10T18:21:59Z,0,0,-304,Versa 4
2026-05-10T18:22:00Z,0,0,0,Versa 4
2026-05-10T18:22:01Z,0,0,0,Versa 4
2026-05-10T18:22:02Z,0,0,304,Versa 4
2026-05-10T18:22:03Z,0,0,-304,Versa 4
2026-05-10T18:22:04Z,0,0,0,Versa 4
2026-05-10T18:22:05Z,0,0,304,Versa 4
2026-05-10T18:22:06Z,1,0,0,Versa 4
2026-05-10T18:22:07Z,2,0,0,Versa 4
2026-05-10T18:22:08Z,2,0,-304,Versa 4
2026-05-10T18:22:09Z,1,0,609,Versa 4
2026-05-10T18:22:10Z,1,0,-609,Versa 4
2026-05-10T18:22:11Z,2,140,304,Versa 4
2026-05-10T18:22:12Z,0,240,0,Versa 4
2026-05-10T18:22:13Z,0,330,-304,Versa 4
2026-05-10T18:22:14Z,0,820,609,Versa 4
2026-05-10T18:22:15Z,0,0,-304,Versa 4
2026-05-10T18:22:16Z,0,0,-609,Versa 4
2026-05-10T18:22:17Z,0,0,304,Versa 4
2026-05-10T18:22:18Z,0,0,0,Versa 4
2026-05-10T18:22:19Z,0,0,304,Versa 4
2026-05-10T18:22:20Z,0,0,0,Versa 4
2026-05-10T18:22:21Z,0,0,-304,Versa 4
2026-05-10T18:22:22Z,0,0,0,Versa 4
2026-05-10T18:22:23Z,0,0,304,Versa 4
2026-05-10T18:22:24Z,0,0,609,Versa 4
2026-05-10T18:22:25Z,0,0,0,Versa 4
2026-05-10T18:22:26Z,0,0,0,Versa 4
2026-05-10T18:22:27Z,0,0,0,Versa 4
2026-05-10T18:22:28Z,1,0,304,Versa 4
2026-05-10T18:22:29Z,1,0,0,Versa 4
2026-05-10T18:22:30Z,1,0,0,Versa 4
2026-05-10T18:22:31Z,2,140,-304,Versa 4
2026-05-10T18:22:32Z,0,240,0,Versa 4
2026-05-10T18:22:33Z,0,330,0,Versa 4
2026-05-10T18:22:34Z,2,380,304,Versa 4
2026-05-10T18:22:35Z,0,0,-304,Versa 4
2026-05-10T18:22:36Z,4,0,304,Versa 4
2026-05-10T18:22:37Z,2,0,-914,Versa 4
2026-05-10T18:22:38Z,0,0,-304,Versa 4
2026-05-10T18:22:39Z,4,0,914,Versa 4
2026-05-10T18:22:40Z,1,0,-304,Versa 4
2026-05-10T18:22:41Z,2,580,-304,Versa 4
2026-05-10T18:22:42Z,2,320,0,Versa 4
2026-05-10T18:22:43Z,1,490,304,Versa 4
2026-05-10T18:22:44Z,0,620,-609,Versa 4
2026-05-10T18:22:45Z,0,1340,304,Versa 4
2026-05-10T18:22:46Z,0,0,-304,Versa 4
2026-05-10T18:22:47Z,0,0,304,Versa 4
2026-05-10T18:22:48Z,2,0,-304,Versa 4
2026-05-10T18:22:49Z,2,0,-304,Versa 4
2026-05-10T18:22:50Z,0,0,0,Versa 4
2026-05-10T18:22:51Z,0,0,304,Versa 4
2026-05-10T18:22:52Z,0,0,-609,Versa 4
2026-05-10T18:22:53Z,0,0,304,Versa 4
2026-05-10T18:22:54Z,0,0,-304,Versa 4
2026-05-10T18:22:55Z,0,0,304,Versa 4
2026-05-10T18:22:56Z,0,0,0,Versa 4
2026-05-10T18:22:57Z,0,0,0,Versa 4
2026-05-10T18:22:58Z,0,0,304,Versa 4
2026-05-10T18:22:59Z,0,0,-304,Versa 4
2026-05-10T18:23:00Z,0,0,304,Versa 4
2026-05-10T18:23:01Z,1,0,0,Versa 4
2026-05-10T18:23:02Z,2,0,0,Versa 4
2026-05-10T18:23:03Z,2,0,0,Versa 4
2026-05-10T18:23:04Z,1,0,-304,Versa 4
2026-05-10T18:23:05Z,1,140,0,Versa 4
2026-05-10T18:23:06Z,0,240,0,Versa 4
2026-05-10T18:23:07Z,2,330,304,Versa 4
2026-05-10T18:23:08Z,2,0,-609,Versa 4
2026-05-10T18:23:09Z,1,0,914,Versa 4
2026-05-10T18:23:10Z,2,1280,0,Versa 4
2026-05-10T18:23:11Z,1,520,-304,Versa 4
2026-05-10T18:23:12Z,2,640,0,Versa 4
2026-05-10T18:23:13Z,0,730,609,Versa 4
2026-05-10T18:23:14Z,1,780,-609,Versa 4
2026-05-10T18:23:15Z,0,0,0,Versa 4
2026-05-10T18:23:16Z,0,0,-304,Versa 4
2026-05-10T18:23:17Z,0,0,304,Versa 4
2026-05-10T18:23:18Z,1,0,0,Versa 4
2026-05-10T18:23:19Z,2,940,-304,Versa 4
2026-05-10T18:23:20Z,2,390,0,Versa 4
2026-05-10T18:23:21Z,2,570,304,Versa 4
2026-05-10T18:23:22Z,2,780,0,Versa 4
2026-05-10T18:23:23Z,2,1000,0,Versa 4
2026-05-10T18:23:24Z,1,1080,-609,Versa 4
2026-05-10T18:23:25Z,2,1130,609,Versa 4
2026-05-10T18:23:26Z,2,1160,-304,Versa 4
2026-05-10T18:23:27Z,2,1190,0,Versa 4
2026-05-10T18:23:28Z,2,1210,-304,Versa 4
2026-05-10T18:23:29Z,2,1330,0,Versa 4
2026-05-10T18:23:30Z,1,1330,304,Versa 4
2026-05-10T18:23:31Z,2,1320,304,Versa 4
2026-05-10T18:23:32Z,2,1330,-304,Versa 4
2026-05-10T18:23:33Z,2,1340,0,Versa 4
2026-05-10T18:23:34Z,2,1330,0,Versa 4
2026-05-10T18:23:35Z,2,1380,304,Versa 4
2026-05-10T18:23:36Z,1,1370,0,Versa 4
2026-05-10T18:23:37Z,2,1360,0,Versa 4
2026-05-10T18:23:38Z,2,1370,0,Versa 4
2026-05-10T18:23:39Z,1,1370,914,Versa 4
2026-05-10T18:23:40Z,1,1360,-1219,Versa 4
2026-05-10T18:23:41Z,2,1350,304,Versa 4
2026-05-10T18:23:42Z,3,1350,304,Versa 4
2026-05-10T18:23:43Z,2,1350,0,Versa 4
2026-05-10T18:23:44Z,2,1390,-914,Versa 4
2026-05-10T18:23:45Z,1,1410,609,Versa 4
2026-05-10T18:23:46Z,2,1430,-609,Versa 4
2026-05-10T18:23:47Z,2,1430,0,Versa 4
2026-05-10T18:23:48Z,1,1420,0,Versa 4
2026-05-10T18:23:49Z,2,1410,-304,Versa 4
2026-05-10T18:23:50Z,2,1420,609,Versa 4
2026-05-10T18:23:51Z,2,1410,0,Versa 4
2026-05-10T18:23:52Z,2,1410,0,Versa 4
2026-05-10T18:23:53Z,2,1430,-304,Versa 4
2026-05-10T18:23:54Z,2,1430,0,Versa 4
2026-05-10T18:23:55Z,2,1430,0,Versa 4
2026-05-10T18:23:56Z,2,1430,0,Versa 4
2026-05-10T18:23:57Z,2,1440,0,Versa 4
2026-05-10T18:23:58Z,2,1430,0,Versa 4
2026-05-10T18:23:59Z,1,1430,304,Versa 4
2026-05-10T18:24:00Z,2,1430,304,Versa 4
2026-05-10T18:24:01Z,2,1430,-304,Versa 4
2026-05-10T18:24:02Z,2,1430,0,Versa 4
2026-05-10T18:24:03Z,2,1420,-304,Versa 4
2026-05-10T18:24:04Z,2,1430,-304,Versa 4
2026-05-10T18:24:05Z,2,1420,0,Versa 4
2026-05-10T18:24:06Z,2,1430,304,Versa 4
2026-05-10T18:24:07Z,1,1430,0,Versa 4
2026-05-10T18:24:08Z,2,1430,0,Versa 4
2026-05-10T18:24:09Z,2,1420,0,Versa 4
2026-05-10T18:24:10Z,2,1420,0,Versa 4
2026-05-10T18:24:11Z,2,1410,0,Versa 4
2026-05-10T18:24:12Z,2,1430,0,Versa 4
2026-05-10T18:24:13Z,1,1410,0,Versa 4
2026-05-10T18:24:14Z,2,1410,0,Versa 4
2026-05-10T18:24:15Z,2,1420,609,Versa 4
2026-05-10T18:24:16Z,2,1410,304,Versa 4
2026-05-10T18:24:17Z,2,1410,-304,Versa 4
2026-05-10T18:24:18Z,1,1400,0,Versa 4
2026-05-10T18:24:19Z,2,1410,0,Versa 4
2026-05-10T18:24:20Z,2,1410,0,Versa 4
2026-05-10T18:24:21Z,2,1400,0,Versa 4
2026-05-10T18:24:22Z,2,1400,0,Versa 4
2026-05-10T18:24:23Z,2,1410,609,Versa 4
2026-05-10T18:24:24Z,2,1400,-304,Versa 4
2026-05-10T18:24:25Z,2,1410,0,Versa 4
2026-05-10T18:24:26Z,2,1410,-304,Versa 4
2026-05-10T18:24:27Z,2,1410,-304,Versa 4
2026-05-10T18:24:28Z,2,1410,0,Versa 4
2026-05-10T18:24:29Z,2,1420,304,Versa 4
2026-05-10T18:24:30Z,2,1420,304,Versa 4
2026-05-10T18:24:31Z,2,1410,-304,Versa 4
2026-05-10T18:24:32Z,2,1420,304,Versa 4
2026-05-10T18:24:33Z,2,1430,-304,Versa 4
2026-05-10T18:24:34Z,1,1420,0,Versa 4
2026-05-10T18:24:35Z,2,1410,609,Versa 4
2026-05-10T18:24:36Z,2,1420,-304,Versa 4
2026-05-10T18:24:37Z,2,1410,304,Versa 4
2026-05-10T18:24:38Z,2,1410,-609,Versa 4
2026-05-10T18:24:39Z,2,1420,0,Versa 4
2026-05-10T18:24:40Z,2,1410,609,Versa 4
2026-05-10T18:24:41Z,2,1420,-609,Versa 4
2026-05-10T18:24:42Z,2,1410,0,Versa 4
2026-05-10T18:24:43Z,2,1420,0,Versa 4
2026-05-10T18:24:44Z,2,1420,0,Versa 4
2026-05-10T18:24:45Z,2,1430,304,Versa 4
2026-05-10T18:24:46Z,2,1420,-304,Versa 4
2026-05-10T18:24:47Z,2,1430,0,Versa 4
2026-05-10T18:24:48Z,2,1430,0,Versa 4
2026-05-10T18:24:49Z,2,1430,304,Versa 4
2026-05-10T18:24:50Z,2,1430,-304,Versa 4
2026-05-10T18:24:51Z,2,1430,0,Versa 4
2026-05-10T18:24:52Z,2,1430,0,Versa 4
2026-05-10T18:24:53Z,2,1430,304,Versa 4
2026-05-10T18:24:54Z,2,1440,0,Versa 4
2026-05-10T18:24:55Z,1,1430,0,Versa 4
2026-05-10T18:24:56Z,2,1430,0,Versa 4
2026-05-10T18:24:57Z,2,1430,0,Versa 4
2026-05-10T18:24:58Z,2,1430,-304,Versa 4
2026-05-10T18:24:59Z,2,1420,304,Versa 4
2026-05-10T18:25:00Z,2,1420,304,Versa 4
2026-05-10T18:25:01Z,2,1430,-304,Versa 4
2026-05-10T18:25:02Z,2,1430,0,Versa 4
2026-05-10T18:25:03Z,2,1430,0,Versa 4
2026-05-10T18:25:04Z,2,1430,304,Versa 4
2026-05-10T18:25:05Z,2,1430,0,Versa 4
2026-05-10T18:25:06Z,2,1440,304,Versa 4
2026-05-10T18:25:07Z,2,1440,0,Versa 4
2026-05-10T18:25:08Z,2,1440,0,Versa 4
2026-05-10T18:27:11Z,1,0,0,Versa 4
2026-05-10T18:27:12Z,2,0,0,Versa 4
2026-05-10T18:27:13Z,2,180,0,Versa 4
2026-05-10T18:27:14Z,2,300,0,Versa 4
2026-05-10T18:27:15Z,1,420,0,Versa 4
2026-05-10T18:27:16Z,2,570,-304,Versa 4
2026-05-10T18:27:17Z,2,700,914,Versa 4
2026-05-10T18:27:18Z,2,780,304,Versa 4
2026-05-10T18:27:19Z,2,860,-914,Versa 4
2026-05-10T18:27:20Z,2,940,304,Versa 4
2026-05-10T18:27:21Z,2,1010,914,Versa 4
2026-05-10T18:27:22Z,2,1070,0,Versa 4
2026-05-10T18:27:23Z,2,1350,-304,Versa 4
2026-05-10T18:27:24Z,2,1400,304,Versa 4
2026-05-10T18:27:25Z,1,1370,-609,Versa 4
2026-05-10T18:27:26Z,2,1370,-609,Versa 4
2026-05-10T18:27:27Z,2,1360,609,Versa 4
2026-05-10T18:27:28Z,2,1350,-304,Versa 4
2026-05-10T18:27:29Z,2,1340,0,Versa 4
2026-05-10T18:27:30Z,1,1350,-304,Versa 4
2026-05-10T18:27:31Z,2,1340,0,Versa 4
2026-05-10T18:27:32Z,2,1340,304,Versa 4
2026-05-10T18:27:33Z,1,1330,-609,Versa 4
2026-05-10T18:27:34Z,1,1330,0,Versa 4
2026-05-10T18:27:35Z,0,1220,-304,Versa 4
2026-05-10T18:27:36Z,0,1060,304,Versa 4
2026-05-10T18:27:37Z,0,0,0,Versa 4
2026-05-10T18:27:38Z,0,0,-304,Versa 4
2026-05-10T18:27:39Z,0,0,304,Versa 4
2026-05-10T18:27:40Z,1,0,304,Versa 4
2026-05-10T18:27:41Z,1,0,304,Versa 4
2026-05-10T18:27:42Z,2,0,304,Versa 4
2026-05-10T18:27:43Z,2,150,-304,Versa 4
2026-05-10T18:27:44Z,1,270,-304,Versa 4
2026-05-10T18:27:45Z,2,440,0,Versa 4
2026-05-10T18:27:46Z,2,630,0,Versa 4
2026-05-10T18:27:47Z,2,830,0,Versa 4
2026-05-10T18:27:48Z,2,930,0,Versa 4
2026-05-10T18:27:49Z,2,1030,-609,Versa 4
2026-05-10T18:27:50Z,2,1110,609,Versa 4
2026-05-10T18:27:51Z,2,1170,0,Versa 4
2026-05-10T18:27:52Z,2,1210,-304,Versa 4
2026-05-10T18:27:53Z,2,1380,0,Versa 4
2026-05-10T18:27:54Z,2,1410,-304,Versa 4
2026-05-10T18:27:55Z,2,1420,609,Versa 4
2026-05-10T18:27:56Z,2,1430,-609,Versa 4
2026-05-10T18:27:57Z,2,1460,304,Versa 4
2026-05-10T18:27:58Z,1,1440,0,Versa 4
2026-05-10T18:27:59Z,2,1450,304,Versa 4
2026-05-10T18:28:00Z,2,1440,-914,Versa 4
2026-05-10T18:28:01Z,2,1430,304,Versa 4
2026-05-10T18:28:02Z,2,1440,0,Versa 4
2026-05-10T18:28:03Z,2,1450,304,Versa 4
2026-05-10T18:28:04Z,2,1450,304,Versa 4
2026-05-10T18:28:05Z,2,1450,304,Versa 4
2026-05-10T18:28:06Z,2,1460,0,Versa 4
2026-05-10T18:28:07Z,2,1460,-304,Versa 4
2026-05-10T18:28:08Z,1,1450,304,Versa 4
2026-05-10T18:28:09Z,2,1460,0,Versa 4
2026-05-10T18:28:10Z,2,1450,0,Versa 4
2026-05-10T18:28:11Z,2,1450,-304,Versa 4
2026-05-10T18:28:12Z,2,1440,0,Versa 4
2026-05-10T18:28:13Z,2,1450,609,Versa 4
2026-05-10T18:28:14Z,2,1440,-609,Versa 4
2026-05-10T18:28:15Z,2,1450,0,Versa 4
2026-05-10T18:28:16Z,2,1440,0,Versa 4
2026-05-10T18:28:17Z,2,1450,609,Versa 4
2026-05-10T18:28:18Z,2,1450,-304,Versa 4
2026-05-10T18:28:19Z,2,1450,304,Versa 4
2026-05-10T18:28:20Z,2,1460,0,Versa 4
2026-05-10T18:28:21Z,1,1440,-304,Versa 4
2026-05-10T18:28:22Z,2,1450,0,Versa 4
2026-05-10T18:28:23Z,2,1440,0,Versa 4
2026-05-10T18:28:24Z,2,1440,304,Versa 4
2026-05-10T18:28:25Z,2,1440,-609,Versa 4
2026-05-10T18:28:26Z,2,1440,304,Versa 4
2026-05-10T18:28:27Z,2,1430,0,Versa 4
2026-05-10T18:28:28Z,2,1440,0,Versa 4
2026-05-10T18:28:29Z,2,1450,0,Versa 4
2026-05-10T18:28:30Z,2,1440,0,Versa 4
2026-05-10T18:28:31Z,2,1450,0,Versa 4
2026-05-10T18:28:32Z,2,1440,0,Versa 4
2026-05-10T18:28:33Z,2,1450,0,Versa 4
2026-05-10T18:28:34Z,2,1440,304,Versa 4
2026-05-10T18:28:35Z,1,1450,-304,Versa 4
2026-05-10T18:28:36Z,2,1440,304,Versa 4
2026-05-10T18:28:37Z,3,1450,-304,Versa 4
2026-05-10T18:28:38Z,1,1440,0,Versa 4
2026-05-10T18:28:39Z,2,1430,0,Versa 4
2026-05-10T18:28:40Z,2,1440,-304,Versa 4
2026-05-10T18:28:41Z,2,1440,304,Versa 4
2026-05-10T18:28:42Z,2,1440,0,Versa 4
2026-05-10T18:28:43Z,2,1430,0,Versa 4
2026-05-10T18:28:44Z,2,1440,304,Versa 4
2026-05-10T18:28:45Z,2,1440,-304,Versa 4
2026-05-10T18:28:46Z,1,1440,304,Versa 4
2026-05-10T18:28:47Z,2,1430,0,Versa 4
2026-05-10T18:28:48Z,2,1430,0,Versa 4
2026-05-10T18:28:49Z,2,1430,609,Versa 4
2026-05-10T18:28:50Z,2,1430,0,Versa 4
2026-05-10T18:28:51Z,2,1430,-914,Versa 4
2026-05-10T18:28:52Z,2,1430,304,Versa 4
2026-05-10T18:28:53Z,2,1430,0,Versa 4
2026-05-10T18:28:54Z,2,1430,-304,Versa 4
2026-05-10T18:28:55Z,2,1440,304,Versa 4
2026-05-10T18:28:56Z,2,1440,0,Versa 4
2026-05-10T18:28:57Z,2,1430,-304,Versa 4
2026-05-10T18:28:58Z,2,1440,0,Versa 4
2026-05-10T18:28:59Z,1,1440,0,Versa 4
2026-05-10T18:29:00Z,2,1430,0,Versa 4
2026-05-10T18:29:01Z,2,1430,0,Versa 4
2026-05-10T18:29:02Z,2,1430,304,Versa 4
2026-05-10T18:29:03Z,2,1430,609,Versa 4
2026-05-10T18:29:04Z,2,1430,0,Versa 4
2026-05-10T18:29:05Z,2,1430,0,Versa 4
2026-05-10T18:29:06Z,2,1430,609,Versa 4
2026-05-10T18:29:07Z,2,1430,-1219,Versa 4
2026-05-10T18:29:08Z,2,1430,304,Versa 4
2026-05-10T18:29:09Z,2,1430,-609,Versa 4
2026-05-10T18:29:10Z,2,1440,0,Versa 4
2026-05-10T18:29:11Z,2,1440,609,Versa 4
2026-05-10T18:29:12Z,2,1440,-609,Versa 4
2026-05-10T18:29:13Z,2,1430,0,Versa 4
2026-05-10T18:29:14Z,1,1440,304,Versa 4
2026-05-10T18:29:15Z,2,1440,-304,Versa 4
2026-05-10T18:29:16Z,2,1430,304,Versa 4
2026-05-10T18:29:17Z,2,1430,0,Versa 4
2026-05-10T18:29:18Z,2,1430,0,Versa 4
2026-05-10T18:29:19Z,2,1430,-304,Versa 4
2026-05-10T18:29:20Z,2,1430,-304,Versa 4
2026-05-10T18:29:21Z,2,1430,-304,Versa 4
2026-05-10T18:29:22Z,1,1430,304,Versa 4
2026-05-10T18:29:23Z,2,1430,0,Versa 4
2026-05-10T18:29:24Z,2,1420,0,Versa 4
2026-05-10T18:29:25Z,2,1420,0,Versa 4
2026-05-10T18:29:26Z,2,1420,0,Versa 4
2026-05-10T18:29:27Z,2,1420,0,Versa 4
2026-05-10T18:29:28Z,1,1430,304,Versa 4
2026-05-10T18:29:29Z,2,1410,-304,Versa 4
2026-05-10T18:29:30Z,0,1320,304,Versa 4
2026-05-10T18:29:31Z,3,1320,-304,Versa 4
2026-05-10T18:29:32Z,2,1310,0,Versa 4
2026-05-10T18:29:33Z,2,1320,0,Versa 4
2026-05-10T18:29:34Z,1,1310,0,Versa 4
2026-05-10T18:29:35Z,2,1320,0,Versa 4
2026-05-10T18:29:36Z,2,1320,0,Versa 4
2026-05-10T18:29:37Z,1,1310,0,Versa 4
2026-05-10T18:29:38Z,2,1310,304,Versa 4
2026-05-10T18:29:39Z,2,1320,0,Versa 4
2026-05-10T18:29:40Z,2,1310,-304,Versa 4
2026-05-10T18:29:41Z,2,1310,-304,Versa 4
2026-05-10T18:29:42Z,1,1310,0,Versa 4
2026-05-10T18:29:43Z,2,1310,609,Versa 4
2026-05-10T18:29:44Z,1,1310,0,Versa 4
2026-05-10T18:29:45Z,2,1300,0,Versa 4
2026-05-10T18:29:46Z,2,1310,0,Versa 4
2026-05-10T18:29:47Z,0,1230,0,Versa 4
2026-05-10T18:29:48Z,0,1110,0,Versa 4
2026-05-10T18:29:49Z,0,990,-609,Versa 4
2026-05-10T18:29:50Z,0,0,609,Versa 4
2026-05-10T18:29:51Z,0,0,0,Versa 4
2026-05-10T18:29:52Z,0,0,0,Versa 4
2026-05-10T18:29:53Z,0,0,-609,Versa 4
2026-05-10T18:29:54Z,0,0,609,Versa 4
2026-05-10T18:29:55Z,0,0,0,Versa 4
2026-05-10T18:29:56Z,0,0,-304,Versa 4
2026-05-10T18:29:57Z,0,0,-304,Versa 4
2026-05-10T18:29:58Z,0,0,609,Versa 4
2026-05-10T18:29:59Z,0,0,-304,Versa 4
2026-05-10T18:30:00Z,0,0,-304,Versa 4
2026-05-10T18:30:01Z,0,0,609,Versa 4
2026-05-10T18:30:02Z,0,0,-914,Versa 4
2026-05-10T18:30:03Z,0,0,609,Versa 4
2026-05-10T18:30:04Z,0,0,0,Versa 4
2026-05-10T18:30:05Z,0,0,304,Versa 4
2026-05-10T18:30:06Z,0,0,-304,Versa 4
2026-05-10T18:30:07Z,0,0,304,Versa 4
2026-05-10T18:30:08Z,0,0,-609,Versa 4
2026-05-10T18:30:09Z,0,0,0,Versa 4
2026-05-10T18:30:10Z,0,0,609,Versa 4
2026-05-10T18:30:11Z,0,0,-304,Versa 4
2026-05-10T18:30:12Z,0,0,304,Versa 4
2026-05-10T18:30:13Z,0,0,0,Versa 4
2026-05-10T18:30:14Z,0,0,0,Versa 4
2026-05-10T18:30:15Z,0,0,0,Versa 4
2026-05-10T18:30:16Z,0,0,0,Versa 4
2026-05-10T18:30:17Z,0,0,0,Versa 4
2026-05-10T18:30:18Z,0,0,0,Versa 4
2026-05-10T18:30:19Z,0,0,0,Versa 4
2026-05-10T18:30:20Z,0,0,0,Versa 4
2026-05-10T18:30:21Z,0,0,0,Versa 4
2026-05-10T18:30:22Z,0,0,0,Versa 4
2026-05-10T18:30:23Z,0,0,0,Versa 4
2026-05-10T18:30:24Z,0,0,0,Versa 4
2026-05-10T18:30:25Z,0,0,304,Versa 4
2026-05-10T18:30:26Z,0,0,-304,Versa 4
2026-05-10T18:30:27Z,0,0,-304,Versa 4
2026-05-10T18:30:28Z,0,0,0,Versa 4
2026-05-10T18:30:29Z,0,0,0,Versa 4
2026-05-10T18:30:30Z,0,0,0,Versa 4
2026-05-10T18:30:31Z,0,0,0,Versa 4
2026-05-10T18:30:32Z,0,0,0,Versa 4
2026-05-10T18:30:33Z,0,0,304,Versa 4
2026-05-10T18:30:34Z,0,0,0,Versa 4
2026-05-10T18:30:35Z,0,0,-304,Versa 4
2026-05-10T18:30:36Z,0,0,0,Versa 4
2026-05-10T18:30:37Z,0,0,0,Versa 4
2026-05-10T18:30:38Z,0,0,0,Versa 4
2026-05-10T18:30:39Z,0,0,304,Versa 4
2026-05-10T18:30:40Z,0,0,-304,Versa 4
2026-05-10T18:30:41Z,0,0,304,Versa 4
2026-05-10T18:30:42Z,0,0,-304,Versa 4
2026-05-10T18:30:43Z,0,0,0,Versa 4
2026-05-10T18:30:44Z,0,0,0,Versa 4
2026-05-10T18:30:45Z,0,0,0,Versa 4
2026-05-10T18:30:46Z,0,0,-304,Versa 4
2026-05-10T18:30:47Z,0,0,304,Versa 4
2026-05-10T18:30:48Z,0,0,0,Versa 4
2026-05-10T18:30:49Z,0,0,0,Versa 4
2026-05-10T18:30:50Z,0,0,0,Versa 4
2026-05-10T18:30:51Z,0,0,0,Versa 4
2026-05-10T18:30:52Z,0,0,304,Versa 4
2026-05-10T18:30:53Z,0,0,0,Versa 4
2026-05-10T18:30:54Z,0,0,-304,Versa 4
2026-05-10T18:30:55Z,0,0,304,Versa 4
2026-05-10T18:30:56Z,0,0,-304,Versa 4
2026-05-10T18:30:57Z,0,0,304,Versa 4
2026-05-10T18:30:58Z,0,0,-304,Versa 4
2026-05-10T18:30:59Z,0,0,304,Versa 4
2026-05-10T18:31:00Z,0,0,-304,Versa 4
2026-05-10T18:31:01Z,1,0,0,Versa 4
2026-05-10T18:31:02Z,2,0,-304,Versa 4
2026-05-10T18:31:03Z,1,140,0,Versa 4
2026-05-10T18:31:04Z,2,310,304,Versa 4
2026-05-10T18:31:05Z,2,510,304,Versa 4
2026-05-10T18:31:06Z,1,710,0,Versa 4
2026-05-10T18:31:07Z,2,920,0,Versa 4
2026-05-10T18:31:08Z,1,970,304,Versa 4
2026-05-10T18:31:09Z,2,1010,-609,Versa 4
2026-05-10T18:31:10Z,1,1000,0,Versa 4
2026-05-10T18:31:11Z,1,1000,304,Versa 4
2026-05-10T18:31:12Z,1,960,-304,Versa 4
2026-05-10T18:31:13Z,2,1020,304,Versa 4
2026-05-10T18:31:14Z,1,1020,-304,Versa 4
2026-05-10T18:31:15Z,1,1000,0,Versa 4
2026-05-10T18:31:16Z,1,1010,0,Versa 4
2026-05-10T18:31:17Z,1,1010,304,Versa 4
2026-05-10T18:31:18Z,1,1000,0,Versa 4
2026-05-10T18:31:19Z,2,990,304,Versa 4
2026-05-10T18:31:20Z,1,990,-304,Versa 4
2026-05-10T18:31:21Z,1,1000,-304,Versa 4
2026-05-10T18:31:22Z,2,1000,304,Versa 4
2026-05-10T18:31:23Z,2,1000,304,Versa 4
2026-05-10T18:31:24Z,1,1000,0,Versa 4
2026-05-10T18:31:25Z,2,1020,0,Versa 4
2026-05-10T18:31:26Z,1,1010,304,Versa 4
2026-05-10T18:31:27Z,2,1070,-304,Versa 4
2026-05-10T18:31:28Z,1,1060,-609,Versa 4
2026-05-10T18:31:29Z,1,1060,609,Versa 4
2026-05-10T18:31:30Z,0,1060,-609,Versa 4
2026-05-10T18:31:31Z,1,930,304,Versa 4
2026-05-10T18:31:32Z,0,0,-304,Versa 4
2026-05-10T18:31:33Z,0,0,304,Versa 4
2026-05-10T18:31:34Z,1,0,0,Versa 4
2026-05-10T18:31:35Z,1,0,-304,Versa 4
2026-05-10T18:31:36Z,2,0,304,Versa 4
2026-05-10T18:31:37Z,2,180,0,Versa 4
2026-05-10T18:31:38Z,2,340,0,Versa 4
2026-05-10T18:31:39Z,1,500,0,Versa 4
2026-05-10T18:31:40Z,2,700,0,Versa 4
2026-05-10T18:31:41Z,3,940,304,Versa 4
2026-05-10T18:31:42Z,2,1060,0,Versa 4
2026-05-10T18:31:43Z,2,1150,-609,Versa 4
2026-05-10T18:31:44Z,1,1220,304,Versa 4
2026-05-10T18:31:45Z,2,1270,-304,Versa 4
2026-05-10T18:31:46Z,2,1260,0,Versa 4
2026-05-10T18:31:47Z,2,1330,304,Versa 4
2026-05-10T18:31:48Z,2,1330,-304,Versa 4
2026-05-10T18:31:49Z,1,1330,0,Versa 4
2026-05-10T18:31:50Z,2,1340,0,Versa 4
2026-05-10T18:31:51Z,2,1340,609,Versa 4
2026-05-10T18:31:52Z,1,1320,-304,Versa 4
2026-05-10T18:31:53Z,2,1330,0,Versa 4
2026-05-10T18:31:54Z,2,1330,0,Versa 4
2026-05-10T18:31:55Z,2,1330,1219,Versa 4
2026-05-10T18:31:56Z,1,1320,-609,Versa 4
2026-05-10T18:31:57Z,2,1320,0,Versa 4
2026-05-10T18:31:58Z,2,1320,-609,Versa 4
2026-05-10T18:31:59Z,2,1330,0,Versa 4
2026-05-10T18:32:00Z,2,1330,304,Versa 4
2026-05-10T18:32:01Z,2,1360,914,Versa 4
2026-05-10T18:32:02Z,1,1370,-304,Versa 4
2026-05-10T18:32:03Z,2,1360,-609,Versa 4
2026-05-10T18:32:04Z,2,1360,0,Versa 4
2026-05-10T18:32:05Z,2,1360,0,Versa 4
2026-05-10T18:32:06Z,1,1360,304,Versa 4
2026-05-10T18:32:07Z,2,1360,0,Versa 4
2026-05-10T18:32:08Z,2,1360,-304,Versa 4
2026-05-10T18:32:09Z,2,1360,609,Versa 4
2026-05-10T18:32:10Z,2,1350,-304,Versa 4
2026-05-10T18:32:11Z,1,1350,-609,Versa 4
2026-05-10T18:32:12Z,2,1350,609,Versa 4
2026-05-10T18:32:13Z,2,1350,-609,Versa 4
2026-05-10T18:32:14Z,2,1350,0,Versa 4
2026-05-10T18:32:15Z,2,1350,304,Versa 4
2026-05-10T18:32:16Z,1,1360,0,Versa 4
2026-05-10T18:32:17Z,2,1350,304,Versa 4
2026-05-10T18:32:18Z,2,1350,-609,Versa 4
2026-05-10T18:32:19Z,2,1350,0,Versa 4
2026-05-10T18:32:20Z,2,1350,304,Versa 4
2026-05-10T18:32:21Z,2,1350,0,Versa 4
2026-05-10T18:32:22Z,1,1360,0,Versa 4
2026-05-10T18:32:23Z,2,1350,304,Versa 4
2026-05-10T18:32:24Z,2,1350,0,Versa 4
2026-05-10T18:32:25Z,2,1350,0,Versa 4
2026-05-10T18:32:26Z,2,1350,-304,Versa 4
2026-05-10T18:32:27Z,2,1360,0,Versa 4
2026-05-10T18:32:28Z,1,1350,0,Versa 4
2026-05-10T18:32:29Z,2,1350,-304,Versa 4
2026-05-10T18:32:30Z,2,1360,304,Versa 4
2026-05-10T18:32:31Z,2,1350,304,Versa 4
2026-05-10T18:32:32Z,2,1350,-304,Versa 4
2026-05-10T18:32:33Z,2,1360,0,Versa 4
2026-05-10T18:32:34Z,2,1360,-304,Versa 4
2026-05-10T18:32:35Z,1,1360,0,Versa 4
2026-05-10T18:32:36Z,2,1360,609,Versa 4
2026-05-10T18:32:37Z,2,1360,0,Versa 4
2026-05-10T18:32:38Z,2,1360,0,Versa 4
2026-05-10T18:32:39Z,2,1350,-304,Versa 4
2026-05-10T18:32:40Z,2,1360,0,Versa 4
2026-05-10T18:32:41Z,2,1370,609,Versa 4
2026-05-10T18:32:42Z,1,1360,-609,Versa 4
2026-05-10T18:32:43Z,2,1360,304,Versa 4
2026-05-10T18:32:44Z,2,1360,-304,Versa 4
2026-05-10T18:32:45Z,2,1360,0,Versa 4
2026-05-10T18:32:46Z,1,1360,0,Versa 4
2026-05-10T18:32:47Z,2,1360,-304,Versa 4
2026-05-10T18:32:48Z,2,1350,0,Versa 4
2026-05-10T18:32:49Z,2,1350,0,Versa 4
2026-05-10T18:32:50Z,2,1350,0,Versa 4
2026-05-10T18:32:51Z,2,1360,0,Versa 4
2026-05-10T18:32:52Z,2,1360,609,Versa 4
2026-05-10T18:32:53Z,1,1360,0,Versa 4
2026-05-10T18:32:54Z,2,1360,-304,Versa 4
2026-05-10T18:32:55Z,2,1360,0,Versa 4
2026-05-10T18:32:56Z,2,1360,304,Versa 4
2026-05-10T18:32:57Z,2,1360,-609,Versa 4
2026-05-10T18:32:58Z,2,1360,0,Versa 4
2026-05-10T18:32:59Z,2,1360,0,Versa 4
2026-05-10T18:33:00Z,2,1370,304,Versa 4
2026-05-10T18:33:01Z,1,1370,-609,Versa 4
2026-05-10T18:33:02Z,2,1370,-304,Versa 4
2026-05-10T18:33:03Z,2,1370,-304,Versa 4
2026-05-10T18:33:04Z,2,1360,304,Versa 4
2026-05-10T18:33:05Z,2,1370,-304,Versa 4
2026-05-10T18:33:06Z,2,1370,304,Versa 4
2026-05-10T18:33:07Z,2,1360,0,Versa 4
2026-05-10T18:33:08Z,2,1370,304,Versa 4
2026-05-10T18:33:09Z,1,1370,0,Versa 4
2026-05-10T18:33:10Z,2,1370,304,Versa 4
2026-05-10T18:33:11Z,2,1360,-609,Versa 4
2026-05-10T18:33:12Z,2,1370,609,Versa 4
2026-05-10T18:33:13Z,2,1370,609,Versa 4
2026-05-10T18:33:14Z,2,1370,-304,Versa 4
2026-05-10T18:33:15Z,2,1370,-609,Versa 4
2026-05-10T18:33:16Z,1,1370,-304,Versa 4
2026-05-10T18:33:17Z,2,1360,0,Versa 4
2026-05-10T18:33:18Z,2,1370,0,Versa 4
2026-05-10T18:33:19Z,2,1370,0,Versa 4
2026-05-10T18:33:20Z,2,1370,0,Versa 4
2026-05-10T18:33:21Z,2,1360,-304,Versa 4
2026-05-10T18:33:22Z,1,1370,304,Versa 4
2026-05-10T18:33:23Z,2,1370,-304,Versa 4
2026-05-10T18:33:24Z,2,1360,609,Versa 4
2026-05-10T18:33:25Z,2,1370,-304,Versa 4
2026-05-10T18:33:26Z,2,1370,304,Versa 4
2026-05-10T18:33:27Z,2,1370,304,Versa 4
2026-05-10T18:33:28Z,1,1360,0,Versa 4
2026-05-10T18:33:29Z,2,1370,0,Versa 4
2026-05-10T18:33:30Z,2,1370,304,Versa 4
2026-05-10T18:33:31Z,2,1370,0,Versa 4
2026-05-10T18:33:32Z,2,1360,-914,Versa 4
2026-05-10T18:33:33Z,2,1370,304,Versa 4
2026-05-10T18:33:34Z,2,1370,0,Versa 4
2026-05-10T18:33:35Z,1,1370,304,Versa 4
2026-05-10T18:33:36Z,2,1370,0,Versa 4
2026-05-10T18:33:37Z,2,1370,0,Versa 4
2026-05-10T18:33:38Z,2,1360,0,Versa 4
2026-05-10T18:33:39Z,2,1370,0,Versa 4
2026-05-10T18:33:40Z,2,1370,-304,Versa 4
2026-05-10T18:33:41Z,2,1370,609,Versa 4
2026-05-10T18:33:42Z,1,1380,-609,Versa 4
2026-05-10T18:33:43Z,2,1360,0,Versa 4
2026-05-10T18:33:44Z,2,1370,304,Versa 4
2026-05-10T18:33:45Z,2,1370,-304,Versa 4
2026-05-10T18:33:46Z,2,1370,0,Versa 4
2026-05-10T18:33:47Z,1,1360,0,Versa 4
2026-05-10T18:33:48Z,2,1370,304,Versa 4
2026-05-10T18:33:49Z,2,1370,0,Versa 4
2026-05-10T18:33:50Z,2,1370,-304,Versa 4
2026-05-10T18:33:51Z,2,1360,304,Versa 4
2026-05-10T18:33:52Z,2,1370,609,Versa 4
2026-05-10T18:33:53Z,1,1370,-914,Versa 4
2026-05-10T18:33:54Z,2,1360,0,Versa 4
2026-05-10T18:33:55Z,2,1370,0,Versa 4
2026-05-10T18:33:56Z,2,1370,914,Versa 4
2026-05-10T18:33:57Z,1,1360,0,Versa 4
2026-05-10T18:33:58Z,2,1360,-304,Versa 4
2026-05-10T18:33:59Z,2,1360,-304,Versa 4
2026-05-10T18:34:00Z,2,1360,609,Versa 4
2026-05-10T18:34:01Z,2,1360,-914,Versa 4
2026-05-10T18:34:02Z,2,1350,-304,Versa 4
2026-05-10T18:34:03Z,1,1360,304,Versa 4
2026-05-10T18:34:04Z,2,1360,0,Versa 4
2026-05-10T18:34:05Z,2,1360,0,Versa 4
2026-05-10T18:34:06Z,2,1360,-609,Versa 4
2026-05-10T18:34:07Z,2,1360,914,Versa 4
2026-05-10T18:34:08Z,1,1360,-304,Versa 4
2026-05-10T18:34:09Z,2,1360,914,Versa 4
2026-05-10T18:34:10Z,2,1360,-304,Versa 4
2026-05-10T18:34:11Z,1,1350,304,Versa 4
2026-05-10T18:34:12Z,2,1350,304,Versa 4
2026-05-10T18:34:13Z,2,1350,-914,Versa 4
2026-05-10T18:34:14Z,2,1360,0,Versa 4
2026-05-10T18:34:15Z,2,1340,-304,Versa 4
2026-05-10T18:34:16Z,1,1340,0,Versa 4
2026-05-10T18:34:17Z,2,1350,304,Versa 4
2026-05-10T18:34:18Z,2,1340,609,Versa 4
2026-05-10T18:34:19Z,1,1340,-609,Versa 4
2026-05-10T18:34:20Z,2,1340,304,Versa 4
2026-05-10T18:34:21Z,2,1340,304,Versa 4
2026-05-10T18:34:22Z,2,1330,0,Versa 4
2026-05-10T18:34:23Z,1,1340,-304,Versa 4
2026-05-10T18:34:24Z,2,1330,304,Versa 4
2026-05-10T18:34:25Z,2,1340,-304,Versa 4
2026-05-10T18:34:26Z,2,1340,304,Versa 4
2026-05-10T18:34:27Z,1,1320,-914,Versa 4
2026-05-10T18:34:28Z,2,1330,304,Versa 4
2026-05-10T18:34:29Z,2,1330,304,Versa 4
2026-05-10T18:34:30Z,2,1330,-304,Versa 4
2026-05-10T18:34:31Z,1,1330,0,Versa 4
2026-05-10T18:34:32Z,2,1320,304,Versa 4
2026-05-10T18:34:33Z,2,1330,304,Versa 4
2026-05-10T18:34:34Z,2,1330,-609,Versa 4
2026-05-10T18:34:35Z,2,1330,0,Versa 4
2026-05-10T18:34:36Z,2,1340,0,Versa 4
2026-05-10T18:34:37Z,1,1330,0,Versa 4
2026-05-10T18:34:38Z,2,1340,0,Versa 4
2026-05-10T18:34:39Z,2,1330,304,Versa 4
2026-05-10T18:34:40Z,2,1340,-304,Versa 4
2026-05-10T18:34:41Z,1,1330,609,Versa 4
2026-05-10T18:34:42Z,2,1330,0,Versa 4
2026-05-10T18:34:43Z,2,1330,0,Versa 4
2026-05-10T18:34:44Z,2,1320,-609,Versa 4
2026-05-10T18:34:45Z,2,1330,609,Versa 4
2026-05-10T18:34:46Z,2,1330,0,Versa 4
2026-05-10T18:34:47Z,2,1340,0,Versa 4
2026-05-10T18:34:48Z,2,1330,-304,Versa 4
2026-05-10T18:34:49Z,1,1340,0,Versa 4
2026-05-10T18:34:50Z,2,1330,-304,Versa 4
2026-05-10T18:34:51Z,2,1340,304,Versa 4
2026-05-10T18:34:52Z,2,1340,-304,Versa 4
2026-05-10T18:34:53Z,2,1330,304,Versa 4
2026-05-10T18:34:54Z,2,1340,-304,Versa 4
2026-05-10T18:34:55Z,1,1350,609,Versa 4
2026-05-10T18:34:56Z,2,1340,0,Versa 4
2026-05-10T18:34:57Z,2,1350,0,Versa 4
2026-05-10T18:34:58Z,2,1340,0,Versa 4
2026-05-10T18:34:59Z,2,1340,0,Versa 4
2026-05-10T18:35:00Z,2,1350,0,Versa 4
2026-05-10T18:35:01Z,1,1340,-609,Versa 4
2026-05-10T18:35:02Z,2,1340,0,Versa 4
2026-05-10T18:35:03Z,2,1350,609,Versa 4
2026-05-10T18:35:04Z,2,1340,0,Versa 4
2026-05-10T18:35:05Z,1,1340,609,Versa 4
2026-05-10T18:35:06Z,2,1330,-609,Versa 4
2026-05-10T18:35:07Z,2,1340,0,Versa 4
2026-05-10T18:35:08Z,2,1340,0,Versa 4
2026-05-10T18:35:09Z,2,1330,0,Versa 4
2026-05-10T18:35:10Z,2,1350,0,Versa 4
2026-05-10T18:35:11Z,2,1340,0,Versa 4
2026-05-10T18:35:12Z,1,1340,-609,Versa 4
2026-05-10T18:35:13Z,2,1350,609,Versa 4
2026-05-10T18:35:14Z,2,1340,-304,Versa 4
2026-05-10T18:35:15Z,2,1340,-304,Versa 4
2026-05-10T18:35:16Z,2,1350,0,Versa 4
2026-05-10T18:35:17Z,2,1350,304,Versa 4
2026-05-10T18:35:18Z,2,1350,-304,Versa 4
2026-05-10T18:35:19Z,2,1350,304,Versa 4
2026-05-10T18:35:20Z,2,1360,304,Versa 4
2026-05-10T18:35:21Z,1,1360,0,Versa 4
2026-05-10T18:35:22Z,2,1360,-304,Versa 4
2026-05-10T18:35:23Z,2,1360,304,Versa 4
2026-05-10T18:35:24Z,2,1360,0,Versa 4
2026-05-10T18:35:25Z,2,1360,0,Versa 4
2026-05-10T18:35:26Z,2,1360,304,Versa 4
2026-05-10T18:35:27Z,2,1360,-304,Versa 4
2026-05-10T18:35:28Z,2,1370,0,Versa 4
2026-05-10T18:35:29Z,2,1360,0,Versa 4
2026-05-10T18:35:30Z,1,1370,0,Versa 4
2026-05-10T18:35:31Z,2,1370,609,Versa 4
2026-05-10T18:35:32Z,2,1360,-304,Versa 4
2026-05-10T18:35:33Z,2,1370,304,Versa 4
2026-05-10T18:35:34Z,2,1370,0,Versa 4
2026-05-10T18:35:35Z,2,1370,-304,Versa 4
2026-05-10T18:35:36Z,2,1360,-304,Versa 4
2026-05-10T18:35:37Z,1,1370,609,Versa 4
2026-05-10T18:35:38Z,2,1370,-304,Versa 4
2026-05-10T18:35:39Z,2,1360,0,Versa 4
2026-05-10T18:35:40Z,2,1370,304,Versa 4
2026-05-10T18:35:41Z,2,1370,-609,Versa 4
2026-05-10T18:35:42Z,2,1370,304,Versa 4
2026-05-10T18:35:43Z,2,1370,304,Versa 4
2026-05-10T18:35:44Z,2,1380,-609,Versa 4
2026-05-10T18:35:45Z,1,1370,304,Versa 4
2026-05-10T18:35:46Z,2,1380,-304,Versa 4
2026-05-10T18:35:47Z,2,1370,0,Versa 4
2026-05-10T18:35:48Z,2,1380,0,Versa 4
2026-05-10T18:35:49Z,2,1360,304,Versa 4
2026-05-10T18:35:50Z,2,1380,0,Versa 4
2026-05-10T18:35:51Z,1,1370,304,Versa 4
2026-05-10T18:35:52Z,2,1380,0,Versa 4
2026-05-10T18:35:53Z,2,1370,0,Versa 4
2026-05-10T18:35:54Z,2,1360,-304,Versa 4
2026-05-10T18:35:55Z,2,1370,-304,Versa 4
2026-05-10T18:35:56Z,2,1370,0,Versa 4
2026-05-10T18:35:57Z,1,1370,304,Versa 4
2026-05-10T18:35:58Z,2,1370,0,Versa 4
2026-05-10T18:35:59Z,2,1370,0,Versa 4
2026-05-10T18:36:00Z,2,1360,0,Versa 4
2026-05-10T18:36:01Z,2,1370,-304,Versa 4
2026-05-10T18:36:02Z,2,1370,0,Versa 4
2026-05-10T18:36:03Z,1,1360,609,Versa 4
2026-05-10T18:36:04Z,2,1370,-304,Versa 4
2026-05-10T18:36:05Z,2,1370,-304,Versa 4
2026-05-10T18:36:06Z,2,1370,304,Versa 4
2026-05-10T18:36:07Z,2,1360,-304,Versa 4
2026-05-10T18:36:08Z,2,1370,0,Versa 4
2026-05-10T18:36:09Z,2,1380,0,Versa 4
2026-05-10T18:36:10Z,1,1370,-304,Versa 4
2026-05-10T18:36:11Z,2,1370,304,Versa 4
2026-05-10T18:36:12Z,2,1370,-609,Versa 4
2026-05-10T18:36:13Z,2,1360,304,Versa 4
2026-05-10T18:36:14Z,2,1370,0,Versa 4
2026-05-10T18:36:15Z,2,1370,0,Versa 4
2026-05-10T18:36:16Z,2,1370,0,Versa 4
2026-05-10T18:36:17Z,1,1380,304,Versa 4
2026-05-10T18:36:18Z,2,1370,304,Versa 4
2026-05-10T18:36:19Z,2,1370,-304,Versa 4
2026-05-10T18:36:20Z,2,1370,-304,Versa 4
2026-05-10T18:36:21Z,2,1360,0,Versa 4
2026-05-10T18:36:22Z,2,1380,609,Versa 4
2026-05-10T18:36:23Z,2,1370,-304,Versa 4
2026-05-10T18:36:24Z,2,1370,-304,Versa 4
2026-05-10T18:36:25Z,2,1380,-609,Versa 4
2026-05-10T18:36:26Z,1,1370,304,Versa 4
2026-05-10T18:36:27Z,2,1380,0,Versa 4
2026-05-10T18:36:28Z,2,1370,0,Versa 4
2026-05-10T18:36:29Z,2,1380,0,Versa 4
2026-05-10T18:36:30Z,2,1370,0,Versa 4
2026-05-10T18:36:31Z,2,1380,-304,Versa 4
2026-05-10T18:36:32Z,2,1370,0,Versa 4
2026-05-10T18:36:33Z,1,1380,304,Versa 4
2026-05-10T18:36:34Z,2,1370,304,Versa 4
2026-05-10T18:36:35Z,2,1380,-304,Versa 4
2026-05-10T18:36:36Z,2,1370,304,Versa 4
2026-05-10T18:36:37Z,2,1380,-304,Versa 4
2026-05-10T18:36:38Z,2,1370,0,Versa 4
2026-05-10T18:36:39Z,1,1380,-609,Versa 4
2026-05-10T18:36:40Z,2,1370,609,Versa 4
2026-05-10T18:36:41Z,1,1330,0,Versa 4
2026-05-10T18:36:42Z,2,1320,0,Versa 4
2026-05-10T18:36:43Z,2,1320,0,Versa 4
2026-05-10T18:36:44Z,2,1320,0,Versa 4
2026-05-10T18:36:45Z,2,1320,304,Versa 4
2026-05-10T18:36:46Z,1,1320,-304,Versa 4
2026-05-10T18:36:47Z,2,1320,0,Versa 4
2026-05-10T18:36:48Z,2,1320,304,Versa 4
2026-05-10T18:36:49Z,2,1320,-304,Versa 4
2026-05-10T18:36:50Z,1,1320,0,Versa 4
2026-05-10T18:36:51Z,2,1320,304,Versa 4
2026-05-10T18:36:52Z,2,1320,0,Versa 4
2026-05-10T18:36:53Z,1,1330,-914,Versa 4
2026-05-10T18:36:54Z,2,1310,304,Versa 4
2026-05-10T18:36:55Z,2,1310,0,Versa 4
2026-05-10T18:36:56Z,2,1310,0,Versa 4
2026-05-10T18:36:57Z,2,1320,609,Versa 4
2026-05-10T18:36:58Z,2,1320,-304,Versa 4
2026-05-10T18:36:59Z,2,1320,0,Versa 4
2026-05-10T18:37:00Z,2,1320,-304,Versa 4
2026-05-10T18:37:01Z,2,1330,0,Versa 4
2026-05-10T18:37:02Z,2,1340,0,Versa 4
2026-05-10T18:37:03Z,1,1330,0,Versa 4
2026-05-10T18:37:04Z,2,1340,609,Versa 4
2026-05-10T18:37:05Z,2,1340,-304,Versa 4
2026-05-10T18:37:06Z,2,1330,609,Versa 4
2026-05-10T18:37:07Z,2,1340,304,Versa 4
2026-05-10T18:37:08Z,2,1330,-914,Versa 4
2026-05-10T18:37:09Z,2,1350,914,Versa 4
2026-05-10T18:37:10Z,2,1340,-609,Versa 4
2026-05-10T18:37:11Z,2,1350,0,Versa 4
2026-05-10T18:37:12Z,1,1350,0,Versa 4
2026-05-10T18:37:13Z,2,1360,0,Versa 4
2026-05-10T18:37:14Z,2,1350,-609,Versa 4
2026-05-10T18:37:15Z,2,1350,609,Versa 4
2026-05-10T18:37:16Z,2,1350,-609,Versa 4
2026-05-10T18:37:17Z,2,1350,304,Versa 4
2026-05-10T18:37:18Z,2,1350,0,Versa 4
2026-05-10T18:37:19Z,1,1360,0,Versa 4
2026-05-10T18:37:20Z,2,1350,0,Versa 4
2026-05-10T18:37:21Z,2,1350,0,Versa 4
2026-05-10T18:37:22Z,1,1310,-304,Versa 4
2026-05-10T18:37:23Z,2,1310,0,Versa 4
2026-05-10T18:37:24Z,2,1310,0,Versa 4
2026-05-10T18:37:25Z,1,1300,304,Versa 4
2026-05-10T18:37:26Z,2,1310,-304,Versa 4
2026-05-10T18:37:27Z,2,1300,304,Versa 4
2026-05-10T18:37:28Z,2,1310,0,Versa 4
2026-05-10T18:37:29Z,1,1300,304,Versa 4
2026-05-10T18:37:30Z,2,1310,-609,Versa 4
2026-05-10T18:37:31Z,2,1300,304,Versa 4
2026-05-10T18:37:32Z,2,1310,-304,Versa 4
2026-05-10T18:37:33Z,1,1300,609,Versa 4
2026-05-10T18:37:34Z,2,1300,-304,Versa 4
2026-05-10T18:37:35Z,2,1310,304,Versa 4
2026-05-10T18:37:36Z,2,1300,-609,Versa 4
2026-05-10T18:37:37Z,2,1310,609,Versa 4
2026-05-10T18:37:38Z,2,1310,-304,Versa 4
2026-05-10T18:37:39Z,1,1310,0,Versa 4
2026-05-10T18:37:40Z,2,1320,304,Versa 4
2026-05-10T18:37:41Z,2,1310,-304,Versa 4
2026-05-10T18:37:42Z,2,1310,-304,Versa 4
2026-05-10T18:37:43Z,1,1310,304,Versa 4
2026-05-10T18:37:44Z,2,1310,-304,Versa 4
2026-05-10T18:37:45Z,2,1310,0,Versa 4
2026-05-10T18:37:46Z,2,1310,0,Versa 4
2026-05-10T18:37:47Z,1,1310,304,Versa 4
2026-05-10T18:37:48Z,2,1300,0,Versa 4
2026-05-10T18:37:49Z,2,1320,-304,Versa 4
2026-05-10T18:37:50Z,2,1310,304,Versa 4
2026-05-10T18:37:51Z,2,1310,304,Versa 4
2026-05-10T18:37:52Z,1,1310,-304,Versa 4
2026-05-10T18:37:53Z,2,1320,-304,Versa 4
2026-05-10T18:37:54Z,2,1310,0,Versa 4
2026-05-10T18:37:55Z,2,1310,0,Versa 4
2026-05-10T18:37:56Z,2,1310,609,Versa 4
2026-05-10T18:37:57Z,1,1320,-304,Versa 4
2026-05-10T18:37:58Z,2,1310,304,Versa 4
2026-05-10T18:37:59Z,1,1310,0,Versa 4
2026-05-10T18:38:00Z,2,1310,609,Versa 4
2026-05-10T18:38:01Z,0,1200,-304,Versa 4
2026-05-10T18:38:02Z,2,1160,-609,Versa 4
2026-05-10T18:38:03Z,2,1160,-609,Versa 4
2026-05-10T18:38:04Z,2,1140,304,Versa 4
2026-05-10T18:38:05Z,2,1130,-304,Versa 4
2026-05-10T18:38:06Z,1,1130,-304,Versa 4
2026-05-10T18:38:07Z,2,1130,609,Versa 4
2026-05-10T18:38:08Z,2,1140,304,Versa 4
2026-05-10T18:38:09Z,1,1140,-304,Versa 4
2026-05-10T18:38:10Z,2,1150,304,Versa 4
2026-05-10T18:38:11Z,2,1140,0,Versa 4
2026-05-10T18:38:12Z,1,1150,0,Versa 4
2026-05-10T18:38:13Z,2,1150,-304,Versa 4
2026-05-10T18:38:14Z,1,1150,0,Versa 4
2026-05-10T18:38:15Z,2,1150,304,Versa 4
2026-05-10T18:38:16Z,2,1150,0,Versa 4
2026-05-10T18:38:17Z,2,1150,0,Versa 4
2026-05-10T18:38:18Z,2,1170,0,Versa 4
2026-05-10T18:38:19Z,1,1160,0,Versa 4
2026-05-10T18:38:20Z,2,1170,-304,Versa 4
2026-05-10T18:38:21Z,2,1170,304,Versa 4
2026-05-10T18:38:22Z,2,1180,-304,Versa 4
2026-05-10T18:38:23Z,2,1180,304,Versa 4
2026-05-10T18:38:24Z,2,1260,0,Versa 4
2026-05-10T18:38:25Z,2,1310,-304,Versa 4
2026-05-10T18:38:26Z,2,1320,0,Versa 4
2026-05-10T18:38:27Z,2,1320,304,Versa 4
2026-05-10T18:38:28Z,1,1320,-304,Versa 4
2026-05-10T18:38:29Z,3,1330,0,Versa 4
2026-05-10T18:38:30Z,1,1330,0,Versa 4
2026-05-10T18:38:31Z,3,1330,0,Versa 4
2026-05-10T18:38:32Z,2,1340,0,Versa 4
2026-05-10T18:38:33Z,1,1330,0,Versa 4
2026-05-10T18:38:34Z,2,1340,0,Versa 4
2026-05-10T18:38:35Z,2,1340,0,Versa 4
2026-05-10T18:38:36Z,2,1340,0,Versa 4
2026-05-10T18:38:37Z,1,1310,0,Versa 4
2026-05-10T18:38:38Z,2,1300,304,Versa 4
2026-05-10T18:38:39Z,1,1300,-304,Versa 4
2026-05-10T18:38:40Z,2,1300,609,Versa 4
2026-05-10T18:38:41Z,2,1290,-609,Versa 4
2026-05-10T18:38:42Z,0,1240,0,Versa 4
2026-05-10T18:38:43Z,2,1180,0,Versa 4
2026-05-10T18:38:44Z,1,1150,0,Versa 4
2026-05-10T18:38:45Z,2,1110,0,Versa 4
2026-05-10T18:38:46Z,2,1110,0,Versa 4
2026-05-10T18:38:47Z,1,1100,-304,Versa 4
2026-05-10T18:38:48Z,2,1100,0,Versa 4
2026-05-10T18:38:49Z,2,1110,0,Versa 4
2026-05-10T18:38:50Z,2,1120,609,Versa 4
2026-05-10T18:38:51Z,1,1110,-304,Versa 4
2026-05-10T18:38:52Z,1,1120,0,Versa 4
2026-05-10T18:38:53Z,3,1120,304,Versa 4
2026-05-10T18:38:54Z,2,1130,-304,Versa 4
2026-05-10T18:38:55Z,1,1130,0,Versa 4
2026-05-10T18:38:56Z,2,1140,304,Versa 4
2026-05-10T18:38:57Z,0,1130,0,Versa 4
2026-05-10T18:38:58Z,0,1040,0,Versa 4
2026-05-10T18:38:59Z,0,890,-609,Versa 4
2026-05-10T18:39:00Z,2,0,304,Versa 4
2026-05-10T18:39:01Z,2,0,1219,Versa 4
2026-05-10T18:39:02Z,2,0,-609,Versa 4
2026-05-10T18:39:03Z,2,240,-304,Versa 4
2026-05-10T18:39:04Z,1,360,-304,Versa 4
2026-05-10T18:39:05Z,1,480,0,Versa 4
2026-05-10T18:39:06Z,1,610,0,Versa 4
2026-05-10T18:39:07Z,2,780,304,Versa 4
2026-05-10T18:39:08Z,1,790,0,Versa 4
2026-05-10T18:39:09Z,0,770,304,Versa 4
2026-05-10T18:39:10Z,4,860,0,Versa 4
2026-05-10T18:39:11Z,1,930,0,Versa 4
2026-05-10T18:39:12Z,2,970,0,Versa 4
2026-05-10T18:39:13Z,1,1080,-304,Versa 4
2026-05-10T18:39:14Z,1,1130,304,Versa 4
2026-05-10T18:39:15Z,2,1130,0,Versa 4
2026-05-10T18:39:16Z,2,1130,0,Versa 4
2026-05-10T18:39:17Z,2,1140,-304,Versa 4
2026-05-10T18:39:18Z,2,1180,0,Versa 4
2026-05-10T18:39:19Z,0,1190,304,Versa 4
2026-05-10T18:39:20Z,0,1110,-609,Versa 4
2026-05-10T18:39:21Z,0,990,0,Versa 4
2026-05-10T18:39:22Z,0,0,0,Versa 4
2026-05-10T18:39:23Z,0,0,0,Versa 4
2026-05-10T18:39:24Z,0,0,0,Versa 4
2026-05-10T18:39:25Z,0,0,-304,Versa 4
2026-05-10T18:39:26Z,0,0,304,Versa 4
2026-05-10T18:39:27Z,0,0,304,Versa 4
2026-05-10T18:39:28Z,0,0,-304,Versa 4
2026-05-10T18:39:29Z,0,0,0,Versa 4
2026-05-10T18:39:30Z,0,0,304,Versa 4
2026-05-10T18:39:31Z,2,0,0,Versa 4
2026-05-10T18:39:32Z,1,0,0,Versa 4
2026-05-10T18:39:33Z,1,0,-609,Versa 4
2026-05-10T18:39:34Z,0,0,304,Versa 4
2026-05-10T18:39:35Z,2,0,0,Versa 4
2026-05-10T18:39:36Z,1,140,0,Versa 4
2026-05-10T18:39:37Z,0,240,-304,Versa 4
2026-05-10T18:39:38Z,0,320,0,Versa 4
2026-05-10T18:39:39Z,0,380,0,Versa 4
2026-05-10T18:39:40Z,0,430,0,Versa 4
2026-05-10T18:39:41Z,0,0,0,Versa 4
2026-05-10T18:39:42Z,2,0,0,Versa 4
2026-05-10T18:39:43Z,2,0,0,Versa 4
2026-05-10T18:39:44Z,0,0,-304,Versa 4
2026-05-10T18:39:45Z,0,0,304,Versa 4
2026-05-10T18:39:46Z,0,0,-609,Versa 4
2026-05-10T18:39:47Z,0,0,609,Versa 4
2026-05-10T18:39:48Z,0,0,0,Versa 4
2026-05-10T18:39:49Z,0,0,-304,Versa 4
2026-05-10T18:39:50Z,0,0,0,Versa 4
2026-05-10T18:39:51Z,0,0,-304,Versa 4
2026-05-10T18:39:52Z,0,0,0,Versa 4
2026-05-10T18:39:53Z,0,0,-304,Versa 4
2026-05-10T18:39:54Z,0,0,304,Versa 4
2026-05-10T18:39:55Z,0,0,0,Versa 4
2026-05-10T18:39:56Z,0,0,304,Versa 4
2026-05-10T18:39:57Z,0,0,-304,Versa 4
2026-05-10T18:39:58Z,0,0,304,Versa 4
2026-05-10T18:39:59Z,0,0,0,Versa 4
2026-05-10T18:40:00Z,0,0,0,Versa 4
2026-05-10T18:40:01Z,0,0,0,Versa 4
2026-05-10T18:40:02Z,0,0,0,Versa 4
2026-05-10T18:40:03Z,0,0,304,Versa 4
2026-05-10T18:40:04Z,0,0,-304,Versa 4
2026-05-10T18:40:05Z,0,0,609,Versa 4
2026-05-10T18:40:06Z,0,0,-304,Versa 4
2026-05-10T18:40:07Z,0,0,0,Versa 4
2026-05-10T18:40:08Z,0,0,304,Versa 4
2026-05-10T18:40:09Z,0,0,-304,Versa 4
2026-05-10T18:40:10Z,0,0,-304,Versa 4
2026-05-10T18:40:11Z,0,0,609,Versa 4
2026-05-10T18:40:12Z,0,0,0,Versa 4
2026-05-10T18:40:13Z,0,0,-304,Versa 4
2026-05-10T18:40:14Z,0,0,304,Versa 4
2026-05-10T18:40:15Z,0,0,-304,Versa 4
2026-05-10T18:40:16Z,0,0,0,Versa 4
2026-05-10T18:40:17Z,0,0,0,Versa 4
2026-05-10T18:40:18Z,0,0,-304,Versa 4
2026-05-10T18:40:19Z,0,0,304,Versa 4
2026-05-10T18:40:20Z,0,0,0,Versa 4
2026-05-10T18:40:21Z,0,0,0,Versa 4
2026-05-10T18:40:22Z,0,0,-304,Versa 4
2026-05-10T18:40:23Z,0,0,304,Versa 4
2026-05-10T18:40:24Z,0,0,0,Versa 4
2026-05-10T18:40:25Z,0,0,-304,Versa 4
2026-05-10T18:40:26Z,0,0,0,Versa 4
2026-05-10T18:40:27Z,0,0,304,Versa 4
2026-05-10T18:40:28Z,0,0,304,Versa 4
2026-05-10T18:40:29Z,0,0,-304,Versa 4
2026-05-10T18:40:30Z,0,0,0,Versa 4
2026-05-10T18:40:31Z,0,0,0,Versa 4
2026-05-10T18:40:32Z,0,0,-304,Versa 4
2026-05-10T18:40:33Z,0,0,304,Versa 4
2026-05-10T18:40:34Z,0,0,-304,Versa 4
2026-05-10T18:40:35Z,0,0,0,Versa 4
2026-05-10T18:40:36Z,0,0,304,Versa 4
2026-05-10T18:40:37Z,0,0,0,Versa 4
2026-05-10T18:40:38Z,0,0,-304,Versa 4
2026-05-10T18:40:39Z,0,0,304,Versa 4
2026-05-10T18:40:40Z,0,0,-304,Versa 4
2026-05-10T18:40:41Z,0,0,0,Versa 4
2026-05-10T18:40:42Z,2,0,0,Versa 4
2026-05-10T18:40:43Z,2,0,0,Versa 4
2026-05-10T18:40:44Z,0,0,609,Versa 4
2026-05-10T18:40:45Z,0,0,-609,Versa 4
2026-05-10T18:40:46Z,0,0,0,Versa 4
2026-05-10T18:40:47Z,0,0,0,Versa 4
2026-05-10T18:40:48Z,0,0,0,Versa 4
2026-05-10T18:40:49Z,0,0,304,Versa 4
2026-05-10T18:40:50Z,0,0,-304,Versa 4
2026-05-10T18:40:51Z,0,0,0,Versa 4
2026-05-10T18:40:52Z,0,0,0,Versa 4
2026-05-10T18:40:53Z,0,0,304,Versa 4
2026-05-10T18:40:54Z,0,0,-304,Versa 4
2026-05-10T18:40:55Z,0,0,0,Versa 4
2026-05-10T18:40:56Z,0,0,-304,Versa 4
2026-05-10T18:40:57Z,0,0,304,Versa 4
2026-05-10T18:40:58Z,0,0,0,Versa 4
2026-05-10T18:40:59Z,0,0,-304,Versa 4
2026-05-10T18:41:00Z,0,0,914,Versa 4
2026-05-10T18:41:01Z,0,0,-304,Versa 4
2026-05-10T18:41:02Z,0,0,-304,Versa 4
2026-05-10T18:41:03Z,0,0,304,Versa 4
2026-05-10T18:41:04Z,0,0,0,Versa 4
2026-05-10T18:41:05Z,0,0,0,Versa 4
2026-05-10T18:41:06Z,0,0,0,Versa 4
2026-05-10T18:41:07Z,0,0,0,Versa 4
2026-05-10T18:41:08Z,0,0,-304,Versa 4
2026-05-10T18:41:09Z,0,0,0,Versa 4
2026-05-10T18:41:10Z,0,0,304,Versa 4
2026-05-10T18:41:11Z,0,0,-304,Versa 4
2026-05-10T18:41:12Z,0,0,0,Versa 4
2026-05-10T18:41:13Z,0,0,0,Versa 4
2026-05-10T18:41:14Z,0,0,0,Versa 4
2026-05-10T18:41:15Z,0,0,0,Versa 4
2026-05-10T18:41:16Z,0,0,0,Versa 4
2026-05-10T18:41:17Z,0,0,0,Versa 4
2026-05-10T18:41:18Z,0,0,-304,Versa 4
2026-05-10T18:41:19Z,0,0,609,Versa 4
2026-05-10T18:41:20Z,0,0,-304,Versa 4
2026-05-10T18:41:21Z,0,0,0,Versa 4
2026-05-10T18:41:22Z,0,0,0,Versa 4
2026-05-10T18:41:23Z,0,0,304,Versa 4
2026-05-10T18:41:24Z,0,0,-304,Versa 4
2026-05-10T18:41:25Z,0,0,0,Versa 4
2026-05-10T18:41:26Z,0,0,0,Versa 4
2026-05-10T18:41:27Z,0,0,304,Versa 4
2026-05-10T18:41:28Z,0,0,0,Versa 4
2026-05-10T18:41:29Z,0,0,0,Versa 4
2026-05-10T18:41:30Z,0,0,0,Versa 4
2026-05-10T18:41:31Z,0,0,-304,Versa 4
2026-05-10T18:41:32Z,0,0,304,Versa 4
2026-05-10T18:41:33Z,0,0,0,Versa 4
2026-05-10T18:41:34Z,0,0,0,Versa 4
2026-05-10T18:41:35Z,0,0,0,Versa 4
2026-05-10T18:41:36Z,0,0,304,Versa 4
2026-05-10T18:41:37Z,0,0,-304,Versa 4
2026-05-10T18:41:38Z,0,0,304,Versa 4
2026-05-10T18:41:39Z,0,0,0,Versa 4
2026-05-10T18:41:40Z,0,0,0,Versa 4
2026-05-10T18:41:41Z,0,0,-609,Versa 4
2026-05-10T18:41:42Z,0,0,0,Versa 4
2026-05-10T18:41:43Z,0,0,304,Versa 4
2026-05-10T18:41:44Z,0,0,-304,Versa 4
2026-05-10T18:41:45Z,0,0,609,Versa 4
2026-05-10T18:41:46Z,0,0,-304,Versa 4
2026-05-10T18:41:47Z,0,0,304,Versa 4
2026-05-10T18:41:48Z,0,0,-304,Versa 4
2026-05-10T18:41:49Z,0,0,0,Versa 4
2026-05-10T18:41:50Z,0,0,0,Versa 4
2026-05-10T18:41:51Z,0,0,-304,Versa 4
2026-05-10T18:41:52Z,0,0,0,Versa 4
2026-05-10T18:41:53Z,0,0,0,Versa 4
2026-05-10T18:41:54Z,0,0,-304,Versa 4
2026-05-10T18:41:55Z,0,0,304,Versa 4
2026-05-10T18:41:56Z,0,0,0,Versa 4
2026-05-10T18:41:57Z,0,0,0,Versa 4
2026-05-10T18:41:58Z,0,0,0,Versa 4
2026-05-10T18:41:59Z,0,0,0,Versa 4
2026-05-10T18:42:00Z,0,0,-304,Versa 4
2026-05-10T18:42:01Z,0,0,304,Versa 4
2026-05-10T18:42:02Z,0,0,0,Versa 4
2026-05-10T18:42:03Z,0,0,0,Versa 4
2026-05-10T18:42:04Z,0,0,0,Versa 4
2026-05-10T18:42:05Z,0,0,-304,Versa 4
2026-05-10T18:42:06Z,0,0,0,Versa 4
2026-05-10T18:42:07Z,0,0,609,Versa 4
2026-05-10T18:42:08Z,0,0,-304,Versa 4
2026-05-10T18:42:09Z,0,0,304,Versa 4
2026-05-10T18:42:10Z,0,0,-304,Versa 4
2026-05-10T18:42:11Z,0,0,304,Versa 4
2026-05-10T18:42:12Z,0,0,-304,Versa 4
2026-05-10T18:42:13Z,0,0,304,Versa 4
2026-05-10T18:42:14Z,0,0,-304,Versa 4
2026-05-10T18:42:15Z,0,0,0,Versa 4
2026-05-10T18:42:16Z,0,0,0,Versa 4
2026-05-10T18:42:17Z,0,0,304,Versa 4
2026-05-10T18:42:18Z,0,0,-304,Versa 4
2026-05-10T18:42:19Z,0,0,304,Versa 4
2026-05-10T18:42:20Z,0,0,-609,Versa 4
2026-05-10T18:42:21Z,0,0,304,Versa 4
2026-05-10T18:42:22Z,0,0,0,Versa 4
2026-05-10T18:42:24Z,0,0,0,Versa 4
2026-05-10T18:42:25Z,0,0,0,Versa 4
2026-05-10T18:42:26Z,0,0,304,Versa 4
2026-05-10T18:42:27Z,0,0,0,Versa 4
2026-05-10T18:42:28Z,0,0,-304,Versa 4
2026-05-10T18:42:29Z,0,0,0,Versa 4
2026-05-10T18:42:30Z,0,0,0,Versa 4
2026-05-10T18:42:31Z,0,0,0,Versa 4
2026-05-10T18:42:32Z,0,0,0,Versa 4
2026-05-10T18:42:33Z,0,0,0,Versa 4
2026-05-10T18:42:34Z,0,0,0,Versa 4
2026-05-10T18:42:35Z,0,0,0,Versa 4
2026-05-10T18:42:36Z,0,0,304,Versa 4
2026-05-10T18:42:37Z,0,0,-304,Versa 4
2026-05-10T18:42:38Z,0,0,0,Versa 4
2026-05-10T18:42:39Z,0,0,0,Versa 4
2026-05-10T18:42:40Z,0,0,-304,Versa 4
2026-05-10T18:42:41Z,0,0,304,Versa 4
2026-05-10T18:42:42Z,0,0,-304,Versa 4
2026-05-10T18:42:43Z,0,0,304,Versa 4
2026-05-10T18:42:44Z,0,0,0,Versa 4
2026-05-10T18:42:45Z,0,0,-304,Versa 4
2026-05-10T18:42:46Z,0,0,0,Versa 4
2026-05-10T18:42:47Z,0,0,304,Versa 4
2026-05-10T18:42:48Z,0,0,0,Versa 4
2026-05-10T18:42:49Z,0,0,0,Versa 4
2026-05-10T18:42:50Z,0,0,609,Versa 4
2026-05-10T18:42:51Z,0,0,-609,Versa 4
2026-05-10T18:42:52Z,0,0,609,Versa 4
2026-05-10T18:42:53Z,0,0,-304,Versa 4
2026-05-10T18:42:54Z,0,0,-304,Versa 4
2026-05-10T18:42:55Z,0,0,304,Versa 4
2026-05-10T18:42:56Z,0,0,0,Versa 4
2026-05-10T18:42:57Z,0,0,0,Versa 4
2026-05-10T18:42:58Z,0,0,0,Versa 4
2026-05-10T18:42:59Z,0,0,0,Versa 4
2026-05-10T18:43:00Z,0,0,0,Versa 4
2026-05-10T18:43:01Z,0,0,-304,Versa 4
2026-05-10T18:43:02Z,0,0,609,Versa 4
2026-05-10T18:43:03Z,0,0,0,Versa 4
2026-05-10T18:43:04Z,0,0,-304,Versa 4
2026-05-10T18:43:05Z,0,0,0,Versa 4
2026-05-10T18:43:06Z,0,0,-304,Versa 4
2026-05-10T18:43:07Z,0,0,0,Versa 4
2026-05-10T18:43:08Z,0,0,0,Versa 4
2026-05-10T18:43:09Z,0,0,0,Versa 4
2026-05-10T18:43:10Z,0,0,0,Versa 4
2026-05-10T18:43:11Z,0,0,0,Versa 4
2026-05-10T18:43:12Z,0,0,304,Versa 4
2026-05-10T18:43:13Z,0,0,0,Versa 4
2026-05-10T18:43:14Z,0,0,-304,Versa 4
2026-05-10T18:43:15Z,0,0,304,Versa 4
2026-05-10T18:43:16Z,0,0,-304,Versa 4
2026-05-10T18:43:17Z,0,0,0,Versa 4
2026-05-10T18:43:18Z,0,0,0,Versa 4
2026-05-10T18:43:19Z,0,0,304,Versa 4
2026-05-10T18:43:20Z,0,0,-304,Versa 4
2026-05-10T18:43:21Z,0,0,0,Versa 4
2026-05-10T18:43:22Z,0,0,304,Versa 4
2026-05-10T18:43:23Z,0,0,-304,Versa 4
2026-05-10T18:43:24Z,0,0,0,Versa 4
2026-05-10T18:43:25Z,0,0,304,Versa 4
2026-05-10T18:43:26Z,0,0,-304,Versa 4
2026-05-10T18:43:27Z,0,0,0,Versa 4
2026-05-10T18:43:28Z,0,0,0,Versa 4
2026-05-10T18:43:29Z,0,0,0,Versa 4
2026-05-10T18:43:30Z,0,0,304,Versa 4
2026-05-10T18:43:31Z,0,0,0,Versa 4
2026-05-10T18:43:32Z,0,0,-304,Versa 4
2026-05-10T18:43:33Z,0,0,0,Versa 4
2026-05-10T18:43:34Z,0,0,304,Versa 4
2026-05-10T18:43:35Z,0,0,-304,Versa 4
2026-05-10T18:43:36Z,0,0,0,Versa 4
2026-05-10T18:43:37Z,0,0,-304,Versa 4
2026-05-10T18:43:38Z,0,0,609,Versa 4
2026-05-10T18:43:39Z,0,0,-304,Versa 4
2026-05-10T18:43:40Z,0,0,0,Versa 4
2026-05-10T18:43:41Z,0,0,0,Versa 4
2026-05-10T18:43:42Z,0,0,0,Versa 4
2026-05-10T18:43:43Z,0,0,0,Versa 4
2026-05-10T18:43:44Z,0,0,0,Versa 4
2026-05-10T18:43:45Z,0,0,0,Versa 4
2026-05-10T18:43:46Z,0,0,-304,Versa 4
2026-05-10T18:43:47Z,0,0,0,Versa 4
2026-05-10T18:43:48Z,0,0,0,Versa 4
2026-05-10T18:43:49Z,0,0,304,Versa 4
2026-05-10T18:43:50Z,0,0,0,Versa 4
2026-05-10T18:43:51Z,0,0,-304,Versa 4
2026-05-10T18:43:52Z,0,0,609,Versa 4
2026-05-10T18:43:53Z,0,0,-304,Versa 4
2026-05-10T18:43:54Z,0,0,304,Versa 4
2026-05-10T18:43:55Z,0,0,-304,Versa 4
2026-05-10T18:43:56Z,0,0,0,Versa 4
2026-05-10T18:43:57Z,0,0,-304,Versa 4
2026-05-10T18:43:58Z,0,0,304,Versa 4
2026-05-10T18:43:59Z,0,0,-304,Versa 4
2026-05-10T18:44:01Z,0,0,304,Versa 4
2026-05-10T18:44:02Z,0,0,0,Versa 4
2026-05-10T18:44:03Z,0,0,-304,Versa 4
2026-05-10T18:44:04Z,0,0,0,Versa 4
2026-05-10T18:44:05Z,0,0,0,Versa 4
2026-05-10T18:44:06Z,0,0,304,Versa 4
2026-05-10T18:44:07Z,0,0,0,Versa 4
2026-05-10T18:44:08Z,0,0,0,Versa 4
2026-05-10T18:44:09Z,0,0,-304,Versa 4
2026-05-10T18:44:10Z,0,0,304,Versa 4
2026-05-10T18:44:11Z,0,0,0,Versa 4
2026-05-10T18:44:12Z,0,0,0,Versa 4
2026-05-10T18:44:13Z,0,0,0,Versa 4
2026-05-10T18:44:14Z,0,0,0,Versa 4
2026-05-10T18:44:15Z,0,0,304,Versa 4
2026-05-10T18:44:16Z,0,0,-609,Versa 4
2026-05-10T18:44:17Z,0,0,609,Versa 4
2026-05-10T18:44:18Z,0,0,-304,Versa 4
2026-05-10T18:44:19Z,0,0,0,Versa 4
2026-05-10T18:44:20Z,0,0,0,Versa 4
2026-05-10T18:44:21Z,0,0,304,Versa 4
2026-05-10T18:44:22Z,0,0,0,Versa 4
2026-05-10T18:44:23Z,0,0,0,Versa 4
2026-05-10T18:44:24Z,0,0,0,Versa 4
2026-05-10T18:44:25Z,0,0,-304,Versa 4
2026-05-10T18:44:26Z,0,0,0,Versa 4
2026-05-10T18:44:27Z,0,0,0,Versa 4
2026-05-10T18:44:28Z,0,0,0,Versa 4
2026-05-10T18:44:29Z,0,0,0,Versa 4
2026-05-10T18:44:30Z,0,0,304,Versa 4
2026-05-10T18:44:31Z,0,0,-304,Versa 4
2026-05-10T18:44:32Z,0,0,304,Versa 4
2026-05-10T18:44:33Z,0,0,-304,Versa 4
2026-05-10T18:44:34Z,0,0,0,Versa 4
2026-05-10T18:44:35Z,0,0,0,Versa 4
2026-05-10T18:44:36Z,0,0,304,Versa 4
2026-05-10T18:44:37Z,0,0,0,Versa 4
2026-05-10T18:44:38Z,0,0,-304,Versa 4
2026-05-10T18:44:39Z,0,0,0,Versa 4
2026-05-10T18:44:40Z,0,0,0,Versa 4
2026-05-10T18:44:41Z,0,0,0,Versa 4
2026-05-10T18:44:42Z,0,0,0,Versa 4
2026-05-10T18:44:43Z,0,0,0,Versa 4
2026-05-10T18:44:44Z,0,0,304,Versa 4
2026-05-10T18:44:45Z,0,0,0,Versa 4
2026-05-10T18:44:46Z,0,0,0,Versa 4
2026-05-10T18:44:47Z,0,0,304,Versa 4
2026-05-10T18:44:48Z,0,0,0,Versa 4
2026-05-10T18:44:49Z,0,0,0,Versa 4
2026-05-10T18:44:50Z,0,0,0,Versa 4
2026-05-10T18:44:51Z,0,0,-304,Versa 4
2026-05-10T18:44:52Z,0,0,0,Versa 4
2026-05-10T18:44:53Z,0,0,304,Versa 4
2026-05-10T18:44:54Z,0,0,0,Versa 4
2026-05-10T18:44:55Z,0,0,0,Versa 4
2026-05-10T18:44:56Z,0,0,-304,Versa 4
2026-05-10T18:44:57Z,0,0,0,Versa 4
2026-05-10T18:44:58Z,0,0,0,Versa 4
2026-05-10T18:44:59Z,0,0,0,Versa 4
2026-05-10T18:45:00Z,0,0,304,Versa 4
2026-05-10T18:45:01Z,0,0,-304,Versa 4
2026-05-10T18:45:02Z,0,0,0,Versa 4
2026-05-10T18:45:03Z,0,0,0,Versa 4
2026-05-10T18:45:04Z,0,0,0,Versa 4
2026-05-10T18:45:05Z,0,0,0,Versa 4
2026-05-10T18:45:06Z,0,0,0,Versa 4
2026-05-10T18:45:07Z,0,0,0,Versa 4
2026-05-10T18:45:08Z,0,0,304,Versa 4
2026-05-10T18:45:09Z,0,0,-304,Versa 4
2026-05-10T18:45:10Z,0,0,0,Versa 4
2026-05-10T18:45:11Z,0,0,0,Versa 4
2026-05-10T18:45:12Z,0,0,0,Versa 4
2026-05-10T18:45:13Z,0,0,0,Versa 4
2026-05-10T18:45:14Z,0,0,0,Versa 4
2026-05-10T18:45:15Z,0,0,0,Versa 4
2026-05-10T18:45:16Z,0,0,0,Versa 4
2026-05-10T18:45:17Z,0,0,0,Versa 4
2026-05-10T18:45:18Z,0,0,0,Versa 4
2026-05-10T18:45:19Z,0,0,0,Versa 4
2026-05-10T18:45:20Z,0,0,0,Versa 4
2026-05-10T18:45:21Z,0,0,0,Versa 4
2026-05-10T18:45:22Z,0,0,-304,Versa 4
2026-05-10T18:45:23Z,0,0,304,Versa 4
2026-05-10T18:45:24Z,0,0,0,Versa 4
2026-05-10T18:45:25Z,0,0,-304,Versa 4
2026-05-10T18:45:26Z,0,0,304,Versa 4
2026-05-10T18:45:27Z,0,0,304,Versa 4
2026-05-10T18:45:28Z,0,0,-304,Versa 4
2026-05-10T18:45:29Z,0,0,0,Versa 4
2026-05-10T18:45:30Z,0,0,-304,Versa 4
2026-05-10T18:45:31Z,0,0,0,Versa 4
2026-05-10T18:45:32Z,0,0,0,Versa 4
2026-05-10T18:45:33Z,0,0,0,Versa 4
2026-05-10T18:45:34Z,0,0,0,Versa 4
2026-05-10T18:45:35Z,0,0,304,Versa 4
2026-05-10T18:45:36Z,0,0,-304,Versa 4
2026-05-10T18:45:37Z,0,0,0,Versa 4
2026-05-10T18:45:38Z,0,0,0,Versa 4
2026-05-10T18:45:39Z,0,0,304,Versa 4
2026-05-10T18:45:40Z,0,0,-304,Versa 4
2026-05-10T18:45:41Z,2,0,304,Versa 4
2026-05-10T18:45:42Z,2,0,304,Versa 4
2026-05-10T18:45:43Z,0,0,0,Versa 4
2026-05-10T18:45:44Z,0,0,0,Versa 4
2026-05-10T18:45:45Z,0,0,0,Versa 4
2026-05-10T18:45:46Z,0,0,0,Versa 4
2026-05-10T18:45:47Z,0,0,304,Versa 4
2026-05-10T18:45:48Z,0,0,-609,Versa 4
2026-05-10T18:45:49Z,0,0,0,Versa 4
2026-05-10T18:45:50Z,0,0,304,Versa 4
2026-05-10T18:45:51Z,0,0,0,Versa 4
2026-05-10T18:45:52Z,0,0,304,Versa 4
2026-05-10T18:45:53Z,0,0,-609,Versa 4
2026-05-10T18:45:54Z,0,0,304,Versa 4
2026-05-10T18:45:55Z,0,0,0,Versa 4
2026-05-10T18:45:56Z,0,0,0,Versa 4
2026-05-10T18:45:57Z,0,0,304,Versa 4
2026-05-10T18:45:58Z,0,0,-304,Versa 4
2026-05-10T18:45:59Z,0,0,-304,Versa 4
2026-05-10T18:46:00Z,0,0,304,Versa 4
2026-05-10T18:46:01Z,0,0,0,Versa 4
2026-05-10T18:46:02Z,0,0,0,Versa 4
2026-05-10T18:46:03Z,0,0,0,Versa 4
2026-05-10T18:46:04Z,0,0,0,Versa 4
2026-05-10T18:46:05Z,0,0,0,Versa 4
2026-05-10T18:46:06Z,0,0,0,Versa 4
2026-05-10T18:46:07Z,0,0,-304,Versa 4
2026-05-10T18:46:08Z,0,0,0,Versa 4
2026-05-10T18:46:09Z,0,0,0,Versa 4
2026-05-10T18:46:10Z,0,0,304,Versa 4
2026-05-10T18:46:11Z,0,0,-304,Versa 4
2026-05-10T18:46:12Z,0,0,0,Versa 4
2026-05-10T18:46:13Z,0,0,304,Versa 4
2026-05-10T18:46:14Z,0,0,0,Versa 4
2026-05-10T18:46:15Z,0,0,0,Versa 4
2026-05-10T18:46:16Z,0,0,304,Versa 4
2026-05-10T18:46:17Z,0,0,-609,Versa 4
2026-05-10T18:46:18Z,0,0,0,Versa 4
2026-05-10T18:46:19Z,0,0,0,Versa 4
2026-05-10T18:46:20Z,0,0,0,Versa 4
2026-05-10T18:46:21Z,0,0,0,Versa 4
2026-05-10T18:46:22Z,0,0,304,Versa 4
2026-05-10T18:46:23Z,0,0,0,Versa 4
2026-05-10T18:46:24Z,0,0,-304,Versa 4
2026-05-10T18:46:25Z,0,0,304,Versa 4
2026-05-10T18:46:26Z,0,0,304,Versa 4
2026-05-10T18:46:27Z,0,0,-304,Versa 4
2026-05-10T18:46:28Z,0,0,0,Versa 4
2026-05-10T18:46:29Z,0,0,0,Versa 4
2026-05-10T18:46:30Z,0,0,0,Versa 4
2026-05-10T18:46:31Z,0,0,0,Versa 4
2026-05-10T18:46:32Z,0,0,0,Versa 4
2026-05-10T18:46:33Z,0,0,0,Versa 4
2026-05-10T18:46:34Z,0,0,304,Versa 4
2026-05-10T18:46:35Z,0,0,-304,Versa 4
2026-05-10T18:46:36Z,0,0,0,Versa 4
2026-05-10T18:46:37Z,0,0,0,Versa 4
2026-05-10T18:46:38Z,0,0,304,Versa 4
2026-05-10T18:46:39Z,0,0,-609,Versa 4
2026-05-10T18:46:40Z,0,0,304,Versa 4
2026-05-10T18:46:41Z,0,0,0,Versa 4
2026-05-10T18:46:42Z,0,0,-304,Versa 4
2026-05-10T18:46:43Z,0,0,0,Versa 4
2026-05-10T18:46:44Z,0,0,304,Versa 4
2026-05-10T18:46:45Z,0,0,0,Versa 4
2026-05-10T18:46:46Z,0,0,0,Versa 4
2026-05-10T18:46:47Z,0,0,0,Versa 4
2026-05-10T18:46:48Z,0,0,-304,Versa 4
2026-05-10T18:46:49Z,0,0,0,Versa 4
2026-05-10T18:46:50Z,0,0,0,Versa 4
2026-05-10T18:46:51Z,0,0,304,Versa 4
2026-05-10T18:46:52Z,0,0,0,Versa 4
2026-05-10T18:46:53Z,0,0,-304,Versa 4
2026-05-10T18:46:54Z,0,0,609,Versa 4
2026-05-10T18:46:55Z,0,0,0,Versa 4
2026-05-10T18:46:56Z,0,0,0,Versa 4
2026-05-10T18:46:57Z,0,0,0,Versa 4
2026-05-10T18:46:58Z,0,0,0,Versa 4
2026-05-10T18:46:59Z,0,0,-304,Versa 4
2026-05-10T18:47:00Z,0,0,0,Versa 4
2026-05-10T18:47:01Z,0,0,304,Versa 4
2026-05-10T18:47:02Z,0,0,304,Versa 4
2026-05-10T18:47:03Z,0,0,0,Versa 4
2026-05-10T18:47:04Z,0,0,-609,Versa 4
2026-05-10T18:47:05Z,0,0,304,Versa 4
2026-05-10T18:47:06Z,0,0,-304,Versa 4
2026-05-10T18:47:07Z,0,0,0,Versa 4
2026-05-10T18:47:08Z,0,0,304,Versa 4
2026-05-10T18:47:09Z,0,0,304,Versa 4
2026-05-10T18:47:10Z,0,0,-609,Versa 4
2026-05-10T18:47:11Z,0,0,0,Versa 4
2026-05-10T18:47:12Z,0,0,0,Versa 4
2026-05-10T18:47:13Z,0,0,304,Versa 4
2026-05-10T18:47:14Z,0,0,-304,Versa 4
2026-05-10T18:47:15Z,0,0,0,Versa 4
2026-05-10T18:47:16Z,0,0,304,Versa 4
2026-05-10T18:47:17Z,0,0,0,Versa 4
2026-05-10T18:47:18Z,0,0,-609,Versa 4
2026-05-10T18:47:19Z,0,0,304,Versa 4
2026-05-10T18:47:20Z,0,0,-304,Versa 4
2026-05-10T18:47:21Z,2,0,304,Versa 4
2026-05-10T18:47:22Z,2,0,304,Versa 4
2026-05-10T18:47:23Z,0,0,-304,Versa 4
2026-05-10T18:47:24Z,0,0,0,Versa 4
2026-05-10T18:47:25Z,0,0,0,Versa 4
2026-05-10T18:47:26Z,0,0,304,Versa 4
2026-05-10T18:47:27Z,0,0,0,Versa 4
2026-05-10T18:47:28Z,0,0,-304,Versa 4
2026-05-10T18:47:29Z,0,0,609,Versa 4
2026-05-10T18:47:30Z,0,0,-609,Versa 4
2026-05-10T18:47:31Z,0,0,609,Versa 4
2026-05-10T18:47:32Z,0,0,-304,Versa 4
2026-05-10T18:47:33Z,0,0,304,Versa 4
2026-05-10T18:47:34Z,0,0,0,Versa 4
2026-05-10T18:47:35Z,0,0,-304,Versa 4
2026-05-10T18:47:36Z,0,0,0,Versa 4
2026-05-10T18:47:37Z,0,0,304,Versa 4
2026-05-10T18:47:38Z,0,0,304,Versa 4
2026-05-10T18:47:39Z,0,0,-609,Versa 4
2026-05-10T18:47:40Z,0,0,0,Versa 4
2026-05-10T18:47:41Z,0,0,304,Versa 4
2026-05-10T18:47:42Z,0,0,-304,Versa 4
2026-05-10T18:47:43Z,0,0,304,Versa 4
2026-05-10T18:47:44Z,0,0,-304,Versa 4
2026-05-10T18:47:45Z,0,0,-304,Versa 4
2026-05-10T18:47:46Z,0,0,0,Versa 4
2026-05-10T18:47:47Z,0,0,609,Versa 4
2026-05-10T18:47:48Z,0,0,-304,Versa 4
2026-05-10T18:47:49Z,0,0,304,Versa 4
2026-05-10T18:47:50Z,0,0,0,Versa 4
2026-05-10T18:47:51Z,0,0,0,Versa 4
2026-05-10T18:47:52Z,0,0,0,Versa 4
2026-05-10T18:47:53Z,0,0,-304,Versa 4
2026-05-10T18:47:54Z,0,0,0,Versa 4
2026-05-10T18:47:55Z,0,0,-304,Versa 4
2026-05-10T18:47:56Z,0,0,609,Versa 4
2026-05-10T18:47:57Z,0,0,0,Versa 4
2026-05-10T18:47:58Z,0,0,-609,Versa 4
2026-05-10T18:47:59Z,0,0,0,Versa 4
2026-05-10T18:48:00Z,0,0,609,Versa 4
2026-05-10T18:48:01Z,0,0,-609,Versa 4
2026-05-10T18:48:02Z,0,0,0,Versa 4
2026-05-10T18:48:03Z,0,0,0,Versa 4
2026-05-10T18:48:04Z,0,0,0,Versa 4
2026-05-10T18:48:05Z,0,0,0,Versa 4
2026-05-10T18:48:06Z,0,0,304,Versa 4
2026-05-10T18:48:07Z,0,0,0,Versa 4
2026-05-10T18:48:08Z,0,0,304,Versa 4
2026-05-10T18:48:09Z,0,0,-304,Versa 4
2026-05-10T18:48:10Z,0,0,0,Versa 4
2026-05-10T18:48:11Z,0,0,0,Versa 4
2026-05-10T18:48:12Z,0,0,-304,Versa 4
2026-05-10T18:48:13Z,0,0,0,Versa 4
2026-05-10T18:48:14Z,0,0,0,Versa 4
2026-05-10T18:48:15Z,0,0,304,Versa 4
2026-05-10T18:48:16Z,0,0,-304,Versa 4
2026-05-10T18:48:17Z,0,0,304,Versa 4
2026-05-10T18:48:18Z,0,0,-304,Versa 4
2026-05-10T18:48:19Z,0,0,609,Versa 4
2026-05-10T18:48:20Z,0,0,-304,Versa 4
2026-05-10T18:48:21Z,0,0,-304,Versa 4
2026-05-10T18:48:22Z,0,0,0,Versa 4
2026-05-10T18:48:23Z,0,0,0,Versa 4
2026-05-10T18:48:24Z,0,0,0,Versa 4
2026-05-10T18:48:25Z,0,0,0,Versa 4
2026-05-10T18:48:26Z,0,0,304,Versa 4
2026-05-10T18:48:27Z,0,0,304,Versa 4
2026-05-10T18:48:28Z,0,0,-304,Versa 4
2026-05-10T18:48:29Z,0,0,304,Versa 4
2026-05-10T18:48:30Z,0,0,0,Versa 4
2026-05-10T18:48:31Z,0,0,0,Versa 4
2026-05-10T18:48:32Z,0,0,0,Versa 4
2026-05-10T18:48:33Z,0,0,-609,Versa 4
2026-05-10T18:48:34Z,0,0,304,Versa 4
2026-05-10T18:48:35Z,0,0,304,Versa 4
2026-05-10T18:48:36Z,0,0,304,Versa 4
2026-05-10T18:48:37Z,0,0,-304,Versa 4
2026-05-10T18:48:38Z,0,0,304,Versa 4
2026-05-10T18:48:39Z,0,0,-304,Versa 4
2026-05-10T18:48:40Z,0,0,0,Versa 4
2026-05-10T18:48:41Z,0,0,304,Versa 4
2026-05-10T18:48:42Z,0,0,-304,Versa 4
2026-05-10T18:48:43Z,0,0,0,Versa 4
2026-05-10T18:48:44Z,0,0,0,Versa 4
2026-05-10T18:48:45Z,0,0,0,Versa 4
2026-05-10T18:48:46Z,0,0,-609,Versa 4
2026-05-10T18:48:47Z,0,0,609,Versa 4
2026-05-10T18:48:48Z,0,0,0,Versa 4
2026-05-10T18:48:49Z,0,0,-609,Versa 4
2026-05-10T18:48:50Z,0,0,609,Versa 4
2026-05-10T18:48:51Z,0,0,0,Versa 4
2026-05-10T18:48:52Z,0,0,0,Versa 4
2026-05-10T18:48:53Z,0,0,304,Versa 4
2026-05-10T18:48:54Z,0,0,-304,Versa 4
2026-05-10T18:48:55Z,0,0,-304,Versa 4
2026-05-10T18:48:56Z,0,0,-304,Versa 4
2026-05-10T18:48:57Z,0,0,304,Versa 4
2026-05-10T18:48:58Z,1,0,-304,Versa 4
2026-05-10T18:48:59Z,1,0,304,Versa 4
2026-05-10T18:49:00Z,1,0,-304,Versa 4
2026-05-10T18:49:01Z,2,0,304,Versa 4
2026-05-10T18:49:02Z,1,0,304,Versa 4
2026-05-10T18:49:03Z,1,0,304,Versa 4
2026-05-10T18:49:04Z,0,0,-304,Versa 4
2026-05-10T18:49:05Z,4,0,609,Versa 4
2026-05-10T18:49:06Z,2,0,0,Versa 4
2026-05-10T18:49:07Z,1,0,-304,Versa 4
2026-05-10T18:49:08Z,0,0,304,Versa 4
2026-05-10T18:49:09Z,2,0,0,Versa 4
2026-05-10T18:49:10Z,0,0,0,Versa 4
2026-05-10T18:49:11Z,1,0,-304,Versa 4
2026-05-10T18:49:12Z,1,0,304,Versa 4
2026-05-10T18:49:13Z,1,0,304,Versa 4
2026-05-10T18:49:14Z,1,0,-304,Versa 4
2026-05-10T18:49:15Z,2,0,0,Versa 4
2026-05-10T18:49:16Z,1,0,-304,Versa 4
2026-05-10T18:49:17Z,1,140,304,Versa 4
2026-05-10T18:49:18Z,2,310,0,Versa 4
2026-05-10T18:49:19Z,1,490,0,Versa 4
2026-05-10T18:49:20Z,0,610,-304,Versa 4
2026-05-10T18:49:21Z,0,700,609,Versa 4
2026-05-10T18:49:22Z,0,630,-304,Versa 4
2026-05-10T18:49:23Z,0,0,304,Versa 4
2026-05-10T18:49:24Z,0,0,0,Versa 4
2026-05-10T18:49:25Z,0,0,-609,Versa 4
2026-05-10T18:49:26Z,0,0,304,Versa 4
2026-05-10T18:49:27Z,0,0,304,Versa 4
2026-05-10T18:49:28Z,0,0,0,Versa 4
2026-05-10T18:49:29Z,0,0,0,Versa 4
2026-05-10T18:49:30Z,0,0,0,Versa 4
2026-05-10T18:49:31Z,0,0,0,Versa 4
2026-05-10T18:49:32Z,0,0,-304,Versa 4
2026-05-10T18:49:33Z,0,0,304,Versa 4
2026-05-10T18:49:34Z,0,0,-304,Versa 4
2026-05-10T18:49:35Z,0,0,0,Versa 4
2026-05-10T18:49:36Z,0,0,-304,Versa 4
2026-05-10T18:49:37Z,0,0,0,Versa 4
2026-05-10T18:49:38Z,0,0,609,Versa 4
2026-05-10T18:49:39Z,0,0,-304,Versa 4
2026-05-10T18:49:40Z,0,0,304,Versa 4
2026-05-10T18:49:41Z,0,0,0,Versa 4
2026-05-10T18:49:42Z,0,0,0,Versa 4
2026-05-10T18:49:43Z,0,0,0,Versa 4
2026-05-10T18:49:44Z,0,0,0,Versa 4
2026-05-10T18:49:45Z,1,0,0,Versa 4
2026-05-10T18:49:46Z,1,0,-304,Versa 4
2026-05-10T18:49:47Z,1,0,304,Versa 4
2026-05-10T18:49:48Z,2,0,-304,Versa 4
2026-05-10T18:49:49Z,2,140,304,Versa 4
2026-05-10T18:49:50Z,2,320,-304,Versa 4
2026-05-10T18:49:51Z,2,510,0,Versa 4
2026-05-10T18:49:52Z,1,710,304,Versa 4
2026-05-10T18:49:53Z,2,920,0,Versa 4
2026-05-10T18:49:54Z,2,1010,-304,Versa 4
2026-05-10T18:49:55Z,2,1070,304,Versa 4
2026-05-10T18:49:56Z,2,1120,-304,Versa 4
2026-05-10T18:49:57Z,2,1200,304,Versa 4
2026-05-10T18:49:58Z,1,1210,304,Versa 4
2026-05-10T18:49:59Z,2,1290,-914,Versa 4
2026-05-10T18:50:00Z,2,1300,609,Versa 4
2026-05-10T18:50:01Z,2,1310,304,Versa 4
2026-05-10T18:50:02Z,2,1320,0,Versa 4
2026-05-10T18:50:03Z,2,1350,0,Versa 4
2026-05-10T18:50:04Z,1,1360,0,Versa 4
2026-05-10T18:50:05Z,1,1350,0,Versa 4
2026-05-10T18:50:06Z,3,1340,-304,Versa 4
2026-05-10T18:50:07Z,1,1350,0,Versa 4
2026-05-10T18:50:08Z,1,1330,-609,Versa 4
2026-05-10T18:50:09Z,3,1340,609,Versa 4
2026-05-10T18:50:10Z,2,1370,304,Versa 4
2026-05-10T18:50:11Z,1,1370,-304,Versa 4
2026-05-10T18:50:12Z,1,1360,0,Versa 4
2026-05-10T18:50:13Z,1,1360,0,Versa 4
2026-05-10T18:50:14Z,3,1350,0,Versa 4
2026-05-10T18:50:15Z,0,1230,-304,Versa 4
2026-05-10T18:50:16Z,0,1110,0,Versa 4
2026-05-10T18:50:17Z,0,990,0,Versa 4
2026-05-10T18:50:18Z,0,840,0,Versa 4
2026-05-10T18:50:19Z,0,0,-304,Versa 4
2026-05-10T18:50:20Z,0,0,0,Versa 4
2026-05-10T18:50:21Z,0,0,304,Versa 4
2026-05-10T18:50:22Z,0,0,0,Versa 4
2026-05-10T18:50:23Z,0,0,0,Versa 4
2026-05-10T18:50:24Z,0,0,0,Versa 4
2026-05-10T18:50:25Z,0,0,0,Versa 4
2026-05-10T18:50:26Z,0,0,0,Versa 4
2026-05-10T18:50:27Z,0,0,0,Versa 4
2026-05-10T18:50:28Z,0,0,0,Versa 4
2026-05-10T18:50:29Z,0,0,0,Versa 4
2026-05-10T18:50:30Z,0,0,304,Versa 4
2026-05-10T18:50:31Z,0,0,-304,Versa 4
2026-05-10T18:50:32Z,0,0,304,Versa 4
2026-05-10T18:50:33Z,0,0,0,Versa 4
2026-05-10T18:50:34Z,0,0,-304,Versa 4
2026-05-10T18:50:35Z,0,0,609,Versa 4
2026-05-10T18:50:36Z,0,0,-304,Versa 4
2026-05-10T18:50:37Z,0,0,-304,Versa 4
2026-05-10T18:50:38Z,0,0,304,Versa 4
2026-05-10T18:50:39Z,0,0,-304,Versa 4
2026-05-10T18:50:40Z,0,0,304,Versa 4
2026-05-10T18:50:41Z,0,0,0,Versa 4
2026-05-10T18:50:42Z,2,0,-304,Versa 4
2026-05-10T18:50:43Z,2,0,-304,Versa 4
2026-05-10T18:50:44Z,0,0,0,Versa 4
2026-05-10T18:50:45Z,0,0,304,Versa 4
2026-05-10T18:50:46Z,0,0,0,Versa 4
2026-05-10T18:50:47Z,0,0,0,Versa 4
2026-05-10T18:50:48Z,0,0,304,Versa 4
2026-05-10T18:50:49Z,0,0,304,Versa 4
2026-05-10T18:50:50Z,0,0,-304,Versa 4
2026-05-10T18:50:51Z,0,0,0,Versa 4
2026-05-10T18:50:52Z,0,0,0,Versa 4
2026-05-10T18:50:53Z,1,0,-609,Versa 4
2026-05-10T18:50:54Z,2,0,609,Versa 4
2026-05-10T18:50:55Z,2,140,-914,Versa 4
2026-05-10T18:50:56Z,1,280,609,Versa 4
2026-05-10T18:50:57Z,2,460,-304,Versa 4
2026-05-10T18:50:58Z,2,660,304,Versa 4
2026-05-10T18:50:59Z,1,850,-304,Versa 4
2026-05-10T18:51:00Z,2,920,304,Versa 4
2026-05-10T18:51:01Z,1,970,0,Versa 4
2026-05-10T18:51:02Z,2,1010,0,Versa 4
2026-05-10T18:51:03Z,2,1040,0,Versa 4
2026-05-10T18:51:04Z,1,1060,304,Versa 4
2026-05-10T18:51:05Z,2,1140,0,Versa 4
2026-05-10T18:51:06Z,2,1180,-304,Versa 4
2026-05-10T18:51:07Z,2,1220,-304,Versa 4
2026-05-10T18:51:08Z,1,1210,-304,Versa 4
2026-05-10T18:51:09Z,1,1210,304,Versa 4
2026-05-10T18:51:10Z,0,1190,304,Versa 4
2026-05-10T18:51:11Z,0,1050,609,Versa 4
2026-05-10T18:51:12Z,0,0,-609,Versa 4
2026-05-10T18:51:13Z,0,0,609,Versa 4
2026-05-10T18:51:14Z,0,0,-609,Versa 4
2026-05-10T18:51:15Z,0,0,304,Versa 4
2026-05-10T18:51:16Z,0,0,0,Versa 4
2026-05-10T18:51:17Z,0,0,-304,Versa 4
2026-05-10T18:51:18Z,0,0,0,Versa 4
2026-05-10T18:51:19Z,0,0,-304,Versa 4
2026-05-10T18:51:20Z,0,0,609,Versa 4
2026-05-10T18:51:21Z,0,0,-609,Versa 4
2026-05-10T18:51:22Z,0,0,609,Versa 4
2026-05-10T18:51:23Z,0,0,-304,Versa 4
2026-05-10T18:51:24Z,0,0,0,Versa 4
2026-05-10T18:51:25Z,0,0,0,Versa 4
2026-05-10T18:51:26Z,0,0,0,Versa 4
2026-05-10T18:51:27Z,0,0,0,Versa 4
2026-05-10T18:51:28Z,0,0,-304,Versa 4
2026-05-10T18:51:29Z,0,0,304,Versa 4
2026-05-10T18:51:30Z,0,0,0,Versa 4
2026-05-10T18:51:31Z,0,0,0,Versa 4
2026-05-10T18:51:32Z,0,0,-304,Versa 4
2026-05-10T18:51:33Z,0,0,304,Versa 4
2026-05-10T18:51:34Z,0,0,0,Versa 4
2026-05-10T18:51:35Z,0,0,0,Versa 4
2026-05-10T18:51:36Z,0,0,304,Versa 4
2026-05-10T18:51:37Z,0,0,-304,Versa 4
2026-05-10T18:51:38Z,0,0,-304,Versa 4
2026-05-10T18:51:39Z,0,0,-609,Versa 4
2026-05-10T18:51:40Z,0,0,609,Versa 4
2026-05-10T18:51:41Z,0,0,-609,Versa 4
2026-05-10T18:51:42Z,0,0,609,Versa 4
2026-05-10T18:51:43Z,0,0,-304,Versa 4
2026-05-10T18:51:44Z,0,0,-609,Versa 4
2026-05-10T18:51:45Z,0,0,609,Versa 4
2026-05-10T18:51:46Z,0,0,0,Versa 4
2026-05-10T18:51:47Z,0,0,0,Versa 4
2026-05-10T18:51:48Z,0,0,0,Versa 4
2026-05-10T18:51:49Z,0,0,0,Versa 4
2026-05-10T18:51:50Z,0,0,0,Versa 4
2026-05-10T18:51:51Z,0,0,0,Versa 4
2026-05-10T18:51:52Z,0,0,0,Versa 4
2026-05-10T18:51:53Z,0,0,0,Versa 4
2026-05-10T18:51:54Z,0,0,0,Versa 4
2026-05-10T18:51:55Z,0,0,0,Versa 4
2026-05-10T18:51:56Z,0,0,0,Versa 4
2026-05-10T18:51:57Z,0,0,0,Versa 4
2026-05-10T18:51:58Z,0,0,0,Versa 4
2026-05-10T18:51:59Z,0,0,0,Versa 4
2026-05-10T18:52:00Z,0,0,0,Versa 4
2026-05-10T18:52:01Z,0,0,609,Versa 4
2026-05-10T18:52:02Z,0,0,304,Versa 4
2026-05-10T18:52:03Z,0,0,0,Versa 4
2026-05-10T18:52:04Z,0,0,0,Versa 4
2026-05-10T18:52:05Z,0,0,-609,Versa 4
2026-05-10T18:52:06Z,0,0,304,Versa 4
2026-05-10T18:52:07Z,0,0,0,Versa 4
2026-05-10T18:52:08Z,0,0,-304,Versa 4
2026-05-10T18:52:09Z,0,0,-304,Versa 4
2026-05-10T18:52:10Z,0,0,0,Versa 4
2026-05-10T18:52:11Z,0,0,0,Versa 4
2026-05-10T18:52:12Z,0,0,0,Versa 4
2026-05-10T18:52:13Z,0,0,304,Versa 4
2026-05-10T18:52:14Z,0,0,0,Versa 4
2026-05-10T18:52:15Z,0,0,304,Versa 4
2026-05-10T18:52:16Z,0,0,-304,Versa 4
2026-05-10T18:52:17Z,0,0,304,Versa 4
2026-05-10T18:52:18Z,0,0,0,Versa 4
2026-05-10T18:52:19Z,0,0,-304,Versa 4
2026-05-10T18:52:20Z,0,0,0,Versa 4
2026-05-10T18:52:21Z,0,0,0,Versa 4
2026-05-10T18:52:22Z,0,0,0,Versa 4
2026-05-10T18:52:23Z,2,0,-304,Versa 4
2026-05-10T18:52:24Z,2,0,-304,Versa 4
2026-05-10T18:52:25Z,0,0,304,Versa 4
2026-05-10T18:52:26Z,0,0,0,Versa 4
2026-05-10T18:52:27Z,0,0,304,Versa 4
2026-05-10T18:52:28Z,0,0,0,Versa 4
2026-05-10T18:52:29Z,0,0,0,Versa 4
2026-05-10T18:52:30Z,0,0,-304,Versa 4
2026-05-10T18:52:31Z,0,0,0,Versa 4
2026-05-10T18:52:32Z,0,0,0,Versa 4
2026-05-10T18:52:33Z,0,0,0,Versa 4
2026-05-10T18:52:34Z,0,0,304,Versa 4
2026-05-10T18:52:35Z,0,0,-304,Versa 4
2026-05-10T18:52:36Z,0,0,0,Versa 4
2026-05-10T18:52:37Z,0,0,0,Versa 4
2026-05-10T18:52:38Z,0,0,0,Versa 4
2026-05-10T18:52:39Z,0,0,304,Versa 4
2026-05-10T18:52:40Z,0,0,-304,Versa 4
2026-05-10T18:52:41Z,0,0,0,Versa 4
2026-05-10T18:52:42Z,0,0,-304,Versa 4
2026-05-10T18:52:43Z,0,0,304,Versa 4
2026-05-10T18:52:44Z,0,0,-304,Versa 4
2026-05-10T18:52:45Z,0,0,0,Versa 4
2026-05-10T18:52:46Z,0,0,304,Versa 4
2026-05-10T18:52:47Z,0,0,0,Versa 4
2026-05-10T18:52:48Z,0,0,304,Versa 4
2026-05-10T18:52:49Z,0,0,0,Versa 4
2026-05-10T18:52:50Z,0,0,0,Versa 4
2026-05-10T18:52:51Z,0,0,0,Versa 4
2026-05-10T18:52:52Z,0,0,0,Versa 4
2026-05-10T18:52:53Z,0,0,-304,Versa 4
2026-05-10T18:52:54Z,0,0,0,Versa 4
2026-05-10T18:52:55Z,0,0,0,Versa 4
2026-05-10T18:52:56Z,0,0,0,Versa 4
2026-05-10T18:52:57Z,0,0,-304,Versa 4
2026-05-10T18:52:58Z,0,0,609,Versa 4
2026-05-10T18:52:59Z,0,0,304,Versa 4
2026-05-10T18:53:00Z,0,0,-609,Versa 4
2026-05-10T18:53:01Z,0,0,304,Versa 4
2026-05-10T18:53:02Z,0,0,0,Versa 4
2026-05-10T18:53:03Z,0,0,-304,Versa 4
2026-05-10T18:53:04Z,0,0,304,Versa 4
2026-05-10T18:53:05Z,0,0,-304,Versa 4
2026-05-10T18:53:06Z,0,0,304,Versa 4
2026-05-10T18:53:07Z,0,0,-304,Versa 4
2026-05-10T18:53:08Z,0,0,304,Versa 4
2026-05-10T18:53:09Z,0,0,-304,Versa 4
2026-05-10T18:53:10Z,0,0,-304,Versa 4
2026-05-10T18:53:11Z,0,0,304,Versa 4
2026-05-10T18:53:12Z,0,0,0,Versa 4
2026-05-10T18:53:13Z,0,0,304,Versa 4
2026-05-10T18:53:14Z,0,0,-304,Versa 4
2026-05-10T18:53:15Z,0,0,304,Versa 4
2026-05-10T18:53:16Z,0,0,0,Versa 4
2026-05-10T18:53:17Z,0,0,0,Versa 4
2026-05-10T18:53:18Z,0,0,0,Versa 4
