timestamp,steps,distance millimeters,altitude gain millimeters,data source
2026-05-08T05:57:45Z,0,0,0,Versa 4
2026-05-08T05:57:46Z,2,0,0,Versa 4
2026-05-08T05:57:47Z,2,180,-609,Versa 4
2026-05-08T05:57:48Z,2,310,0,Versa 4
2026-05-08T05:57:49Z,2,440,304,Versa 4
2026-05-08T05:57:50Z,2,620,0,Versa 4
2026-05-08T05:57:51Z,2,760,0,Versa 4
2026-05-08T05:57:52Z,2,860,0,Versa 4
2026-05-08T05:57:53Z,1,910,-609,Versa 4
2026-05-08T05:57:54Z,2,960,914,Versa 4
2026-05-08T05:57:55Z,2,980,-304,Versa 4
2026-05-08T05:57:56Z,2,1020,304,Versa 4
2026-05-08T05:57:57Z,2,1270,0,Versa 4
2026-05-08T05:57:58Z,2,1330,0,Versa 4
2026-05-08T05:57:59Z,2,1360,304,Versa 4
2026-05-08T05:58:00Z,2,1390,0,Versa 4
2026-05-08T05:58:01Z,2,1420,-304,Versa 4
2026-05-08T05:58:02Z,2,1430,0,Versa 4
2026-05-08T05:58:03Z,2,1440,0,Versa 4
2026-05-08T05:58:04Z,2,1450,0,Versa 4
2026-05-08T05:58:05Z,2,1450,0,Versa 4
2026-05-08T05:58:06Z,2,1460,-609,Versa 4
2026-05-08T05:58:07Z,2,1470,914,Versa 4
2026-05-08T05:58:08Z,2,1470,914,Versa 4
2026-05-08T05:58:09Z,2,1470,-304,Versa 4
2026-05-08T05:58:10Z,2,1470,0,Versa 4
2026-05-08T05:58:11Z,1,1470,0,Versa 4
2026-05-08T05:58:12Z,2,1460,0,Versa 4
2026-05-08T05:58:13Z,2,1460,304,Versa 4
2026-05-08T05:58:14Z,2,1460,-304,Versa 4
2026-05-08T05:58:15Z,2,1450,304,Versa 4
2026-05-08T05:58:16Z,2,1460,304,Versa 4
2026-05-08T05:58:17Z,2,1450,-304,Versa 4
2026-05-08T05:58:18Z,2,1450,0,Versa 4
2026-05-08T05:58:19Z,1,1460,304,Versa 4
2026-05-08T05:58:20Z,2,1450,-304,Versa 4
2026-05-08T05:58:21Z,2,1440,0,Versa 4
2026-05-08T05:58:22Z,2,1450,-304,Versa 4
2026-05-08T05:58:23Z,2,1440,914,Versa 4
2026-05-08T05:58:24Z,2,1440,-914,Versa 4
2026-05-08T05:58:25Z,2,1450,609,Versa 4
2026-05-08T05:58:26Z,2,1440,0,Versa 4
2026-05-08T05:58:27Z,2,1450,304,Versa 4
2026-05-08T05:58:28Z,2,1440,0,Versa 4
2026-05-08T05:58:29Z,1,1450,-304,Versa 4
2026-05-08T05:58:30Z,1,1370,0,Versa 4
2026-05-08T05:58:31Z,2,1380,304,Versa 4
2026-05-08T05:58:32Z,2,1370,0,Versa 4
2026-05-08T05:58:33Z,2,1360,-609,Versa 4
2026-05-08T05:58:34Z,2,1360,304,Versa 4
2026-05-08T05:58:35Z,2,1360,0,Versa 4
2026-05-08T05:58:36Z,2,1370,304,Versa 4
2026-05-08T05:58:37Z,1,1370,0,Versa 4
2026-05-08T05:58:38Z,2,1360,-609,Versa 4
2026-05-08T05:58:39Z,2,1370,304,Versa 4
2026-05-08T05:58:40Z,2,1370,304,Versa 4
2026-05-08T05:58:41Z,2,1370,-609,Versa 4
2026-05-08T05:58:42Z,2,1360,609,Versa 4
2026-05-08T05:58:43Z,2,1370,-304,Versa 4
2026-05-08T05:58:44Z,2,1380,304,Versa 4
2026-05-08T05:58:45Z,2,1370,0,Versa 4
2026-05-08T05:58:46Z,2,1380,-304,Versa 4
2026-05-08T05:58:47Z,2,1380,304,Versa 4
2026-05-08T05:58:48Z,1,1370,0,Versa 4
2026-05-08T05:58:49Z,3,1390,-304,Versa 4
2026-05-08T05:58:50Z,2,1380,304,Versa 4
2026-05-08T05:58:51Z,1,1380,304,Versa 4
2026-05-08T05:58:52Z,1,1330,-304,Versa 4
2026-05-08T05:58:53Z,2,1330,0,Versa 4
2026-05-08T05:58:54Z,2,1290,304,Versa 4
2026-05-08T05:58:55Z,2,1290,0,Versa 4
2026-05-08T05:58:56Z,2,1290,-609,Versa 4
2026-05-08T05:58:57Z,2,1300,0,Versa 4
2026-05-08T05:58:58Z,2,1300,0,Versa 4
2026-05-08T05:58:59Z,2,1310,304,Versa 4
2026-05-08T05:59:00Z,2,1310,0,Versa 4
2026-05-08T05:59:01Z,2,1310,304,Versa 4
2026-05-08T05:59:02Z,2,1320,-304,Versa 4
2026-05-08T05:59:03Z,3,1400,-304,Versa 4
2026-05-08T05:59:04Z,1,1400,-304,Versa 4
2026-05-08T05:59:05Z,3,1450,304,Versa 4
2026-05-08T05:59:06Z,2,1470,304,Versa 4
2026-05-08T05:59:07Z,2,1460,-304,Versa 4
2026-05-08T05:59:08Z,1,1460,0,Versa 4
2026-05-08T05:59:09Z,2,1460,0,Versa 4
2026-05-08T05:59:10Z,2,1450,0,Versa 4
2026-05-08T05:59:11Z,2,1450,304,Versa 4
2026-05-08T05:59:12Z,2,1460,304,Versa 4
2026-05-08T05:59:13Z,2,1450,-914,Versa 4
2026-05-08T05:59:14Z,2,1450,0,Versa 4
2026-05-08T05:59:15Z,2,1460,0,Versa 4
2026-05-08T05:59:16Z,2,1450,914,Versa 4
2026-05-08T05:59:17Z,2,1450,-609,Versa 4
2026-05-08T05:59:18Z,2,1460,-304,Versa 4
2026-05-08T05:59:19Z,2,1450,-304,Versa 4
2026-05-08T05:59:20Z,2,1450,304,Versa 4
2026-05-08T05:59:21Z,2,1460,0,Versa 4
2026-05-08T05:59:22Z,2,1450,-304,Versa 4
2026-05-08T05:59:23Z,2,1460,304,Versa 4
2026-05-08T05:59:24Z,2,1460,0,Versa 4
2026-05-08T05:59:25Z,2,1460,-304,Versa 4
2026-05-08T05:59:26Z,2,1460,0,Versa 4
2026-05-08T05:59:27Z,2,1460,304,Versa 4
2026-05-08T05:59:28Z,2,1460,0,Versa 4
2026-05-08T05:59:29Z,2,1470,0,Versa 4
2026-05-08T05:59:30Z,1,1450,0,Versa 4
2026-05-08T05:59:31Z,2,1450,0,Versa 4
2026-05-08T05:59:32Z,2,1450,-609,Versa 4
2026-05-08T05:59:33Z,1,1390,304,Versa 4
2026-05-08T05:59:34Z,2,1330,304,Versa 4
2026-05-08T05:59:35Z,2,1340,0,Versa 4
2026-05-08T05:59:36Z,2,1340,0,Versa 4
2026-05-08T05:59:37Z,2,1330,-304,Versa 4
2026-05-08T05:59:38Z,2,1340,609,Versa 4
2026-05-08T05:59:39Z,1,1330,0,Versa 4
2026-05-08T05:59:40Z,2,1340,0,Versa 4
2026-05-08T05:59:41Z,2,1330,-914,Versa 4
2026-05-08T05:59:42Z,2,1340,304,Versa 4
2026-05-08T05:59:43Z,2,1340,0,Versa 4
2026-05-08T05:59:44Z,2,1330,1219,Versa 4
2026-05-08T05:59:45Z,2,1350,-1524,Versa 4
2026-05-08T05:59:46Z,1,1340,304,Versa 4
2026-05-08T05:59:47Z,2,1340,0,Versa 4
2026-05-08T05:59:48Z,2,1340,0,Versa 4
2026-05-08T05:59:49Z,2,1350,914,Versa 4
2026-05-08T05:59:50Z,2,1340,-609,Versa 4
2026-05-08T05:59:51Z,2,1350,-609,Versa 4
2026-05-08T05:59:52Z,2,1340,304,Versa 4
2026-05-08T05:59:53Z,2,1350,914,Versa 4
2026-05-08T05:59:54Z,2,1350,-609,Versa 4
2026-05-08T05:59:55Z,1,1350,0,Versa 4
2026-05-08T05:59:56Z,2,1360,609,Versa 4
2026-05-08T05:59:57Z,2,1350,-304,Versa 4
2026-05-08T05:59:58Z,1,1300,-914,Versa 4
2026-05-08T05:59:59Z,2,1310,304,Versa 4
2026-05-08T06:00:00Z,2,1300,304,Versa 4
2026-05-08T06:00:01Z,2,1310,-304,Versa 4
2026-05-08T06:00:02Z,2,1300,-304,Versa 4
2026-05-08T06:00:03Z,2,1310,304,Versa 4
2026-05-08T06:00:04Z,2,1320,0,Versa 4
2026-05-08T06:00:05Z,2,1320,0,Versa 4
2026-05-08T06:00:06Z,1,1320,-304,Versa 4
2026-05-08T06:00:07Z,2,1320,304,Versa 4
2026-05-08T06:00:08Z,2,1320,0,Versa 4
2026-05-08T06:00:09Z,2,1320,304,Versa 4
2026-05-08T06:00:10Z,2,1320,0,Versa 4
2026-05-08T06:00:11Z,2,1320,-304,Versa 4
2026-05-08T06:00:12Z,2,1330,-304,Versa 4
2026-05-08T06:00:13Z,2,1320,304,Versa 4
2026-05-08T06:00:14Z,2,1340,-304,Versa 4
2026-05-08T06:00:15Z,2,1340,0,Versa 4
2026-05-08T06:00:16Z,2,1340,304,Versa 4
2026-05-08T06:00:17Z,2,1340,304,Versa 4
2026-05-08T06:00:18Z,2,1350,-304,Versa 4
2026-05-08T06:00:19Z,2,1360,304,Versa 4
2026-05-08T06:00:20Z,2,1350,0,Versa 4
2026-05-08T06:00:21Z,2,1360,-304,Versa 4
2026-05-08T06:00:22Z,2,1360,609,Versa 4
2026-05-08T06:00:23Z,2,1360,-304,Versa 4
2026-05-08T06:00:24Z,1,1370,0,Versa 4
2026-05-08T06:00:25Z,2,1360,304,Versa 4
2026-05-08T06:00:26Z,2,1360,-304,Versa 4
2026-05-08T06:00:27Z,2,1360,0,Versa 4
2026-05-08T06:00:28Z,2,1360,-304,Versa 4
2026-05-08T06:00:29Z,2,1370,304,Versa 4
2026-05-08T06:00:30Z,2,1360,-304,Versa 4
2026-05-08T06:00:31Z,2,1370,0,Versa 4
2026-05-08T06:00:32Z,2,1370,609,Versa 4
2026-05-08T06:00:33Z,1,1370,-1219,Versa 4
2026-05-08T06:00:34Z,2,1370,609,Versa 4
2026-05-08T06:00:35Z,2,1370,-609,Versa 4
2026-05-08T06:00:36Z,2,1360,304,Versa 4
2026-05-08T06:00:37Z,2,1370,0,Versa 4
2026-05-08T06:00:38Z,2,1370,304,Versa 4
2026-05-08T06:00:39Z,2,1370,0,Versa 4
2026-05-08T06:00:40Z,2,1380,-304,Versa 4
2026-05-08T06:00:41Z,2,1370,609,Versa 4
2026-05-08T06:00:42Z,2,1390,-304,Versa 4
2026-05-08T06:00:43Z,2,1380,0,Versa 4
2026-05-08T06:00:44Z,2,1380,0,Versa 4
2026-05-08T06:00:45Z,2,1390,304,Versa 4
2026-05-08T06:00:46Z,2,1390,-304,Versa 4
2026-05-08T06:00:47Z,2,1390,-304,Versa 4
2026-05-08T06:00:48Z,2,1390,304,Versa 4
2026-05-08T06:00:49Z,2,1400,0,Versa 4
2026-05-08T06:00:50Z,2,1400,304,Versa 4
2026-05-08T06:00:51Z,1,1400,304,Versa 4
2026-05-08T06:00:52Z,2,1400,304,Versa 4
2026-05-08T06:00:53Z,2,1390,-304,Versa 4
2026-05-08T06:00:54Z,2,1390,304,Versa 4
2026-05-08T06:00:55Z,2,1390,-304,Versa 4
2026-05-08T06:00:56Z,2,1390,-609,Versa 4
2026-05-08T06:00:57Z,2,1390,914,Versa 4
2026-05-08T06:00:58Z,2,1400,0,Versa 4
2026-05-08T06:00:59Z,2,1400,-304,Versa 4
2026-05-08T06:01:00Z,2,1400,0,Versa 4
2026-05-08T06:01:01Z,1,1390,304,Versa 4
2026-05-08T06:01:02Z,2,1400,-609,Versa 4
2026-05-08T06:01:03Z,2,1400,304,Versa 4
2026-05-08T06:01:04Z,2,1390,304,Versa 4
2026-05-08T06:01:05Z,2,1390,0,Versa 4
2026-05-08T06:01:06Z,2,1390,0,Versa 4
2026-05-08T06:01:07Z,2,1400,0,Versa 4
2026-05-08T06:01:08Z,2,1400,0,Versa 4
2026-05-08T06:01:09Z,2,1400,-304,Versa 4
2026-05-08T06:01:10Z,2,1400,609,Versa 4
2026-05-08T06:01:11Z,2,1410,-304,Versa 4
2026-05-08T06:01:12Z,2,1410,304,Versa 4
2026-05-08T06:01:13Z,1,1400,0,Versa 4
2026-05-08T06:01:14Z,2,1410,-304,Versa 4
2026-05-08T06:01:15Z,2,1400,0,Versa 4
2026-05-08T06:01:16Z,2,1400,304,Versa 4
2026-05-08T06:01:17Z,2,1400,-304,Versa 4
2026-05-08T06:01:18Z,2,1390,304,Versa 4
2026-05-08T06:01:19Z,2,1400,0,Versa 4
2026-05-08T06:01:20Z,2,1410,-304,Versa 4
2026-05-08T06:01:21Z,2,1400,304,Versa 4
2026-05-08T06:01:22Z,1,1410,-304,Versa 4
2026-05-08T06:01:23Z,2,1400,0,Versa 4
2026-05-08T06:01:24Z,3,1410,0,Versa 4
2026-05-08T06:01:25Z,1,1390,0,Versa 4
2026-05-08T06:01:26Z,2,1400,0,Versa 4
2026-05-08T06:01:27Z,2,1400,0,Versa 4
2026-05-08T06:01:28Z,2,1410,0,Versa 4
2026-05-08T06:01:29Z,2,1410,0,Versa 4
2026-05-08T06:01:30Z,2,1400,0,Versa 4
2026-05-08T06:01:31Z,2,1400,304,Versa 4
2026-05-08T06:01:32Z,2,1410,-609,Versa 4
2026-05-08T06:01:33Z,2,1400,609,Versa 4
2026-05-08T06:01:34Z,2,1410,-304,Versa 4
2026-05-08T06:01:35Z,2,1410,304,Versa 4
2026-05-08T06:01:36Z,2,1420,-304,Versa 4
2026-05-08T06:01:37Z,1,1410,0,Versa 4
2026-05-08T06:01:38Z,2,1410,609,Versa 4
2026-05-08T06:01:39Z,2,1410,0,Versa 4
2026-05-08T06:01:40Z,2,1400,-609,Versa 4
2026-05-08T06:01:41Z,2,1410,-304,Versa 4
2026-05-08T06:01:42Z,2,1400,304,Versa 4
2026-05-08T06:01:43Z,2,1410,304,Versa 4
2026-05-08T06:01:44Z,2,1410,-304,Versa 4
2026-05-08T06:01:45Z,2,1400,0,Versa 4
2026-05-08T06:01:46Z,2,1420,0,Versa 4
2026-05-08T06:01:47Z,2,1410,-304,Versa 4
2026-05-08T06:01:48Z,2,1410,0,Versa 4
2026-05-08T06:01:49Z,2,1420,0,Versa 4
2026-05-08T06:01:50Z,2,1420,304,Versa 4
2026-05-08T06:01:51Z,2,1420,-304,Versa 4
2026-05-08T06:01:52Z,2,1420,609,Versa 4
2026-05-08T06:01:53Z,2,1430,-304,Versa 4
2026-05-08T06:01:54Z,2,1420,-304,Versa 4
2026-05-08T06:01:55Z,2,1420,0,Versa 4
2026-05-08T06:01:56Z,2,1430,-304,Versa 4
2026-05-08T06:01:57Z,2,1430,0,Versa 4
2026-05-08T06:01:58Z,2,1430,0,Versa 4
2026-05-08T06:01:59Z,2,1430,304,Versa 4
2026-05-08T06:02:00Z,2,1430,0,Versa 4
2026-05-08T06:02:01Z,1,1430,0,Versa 4
2026-05-08T06:02:02Z,3,1430,304,Versa 4
2026-05-08T06:02:03Z,1,1430,0,Versa 4
2026-05-08T06:02:04Z,2,1420,-609,Versa 4
2026-05-08T06:02:05Z,2,1420,0,Versa 4
2026-05-08T06:02:06Z,3,1480,0,Versa 4
2026-05-08T06:02:07Z,2,1470,0,Versa 4
2026-05-08T06:02:08Z,2,1480,-304,Versa 4
2026-05-08T06:02:09Z,2,1490,914,Versa 4
2026-05-08T06:02:10Z,2,1480,304,Versa 4
2026-05-08T06:02:11Z,2,1480,-304,Versa 4
2026-05-08T06:02:12Z,2,1490,0,Versa 4
2026-05-08T06:02:13Z,2,1480,-609,Versa 4
2026-05-08T06:02:14Z,2,1490,304,Versa 4
2026-05-08T06:02:15Z,2,1480,0,Versa 4
2026-05-08T06:02:16Z,2,1490,-304,Versa 4
2026-05-08T06:02:17Z,2,1480,0,Versa 4
2026-05-08T06:02:18Z,2,1480,0,Versa 4
2026-05-08T06:02:19Z,2,1490,609,Versa 4
2026-05-08T06:02:20Z,2,1480,-304,Versa 4
2026-05-08T06:02:21Z,2,1490,0,Versa 4
2026-05-08T06:02:22Z,2,1480,0,Versa 4
2026-05-08T06:02:23Z,2,1490,304,Versa 4
2026-05-08T06:02:24Z,2,1480,-304,Versa 4
2026-05-08T06:02:25Z,2,1490,-304,Versa 4
2026-05-08T06:02:26Z,2,1480,0,Versa 4
2026-05-08T06:02:27Z,2,1480,304,Versa 4
2026-05-08T06:02:28Z,2,1490,609,Versa 4
2026-05-08T06:02:29Z,2,1480,-609,Versa 4
2026-05-08T06:02:30Z,2,1490,0,Versa 4
2026-05-08T06:02:31Z,2,1480,-304,Versa 4
2026-05-08T06:02:32Z,2,1490,0,Versa 4
2026-05-08T06:02:33Z,2,1480,0,Versa 4
2026-05-08T06:02:34Z,1,1480,304,Versa 4
2026-05-08T06:02:35Z,1,1400,304,Versa 4
2026-05-08T06:02:36Z,1,1320,-609,Versa 4
2026-05-08T06:02:37Z,0,1160,609,Versa 4
2026-05-08T06:02:38Z,0,980,-914,Versa 4
2026-05-08T06:02:39Z,0,0,914,Versa 4
2026-05-08T06:02:40Z,2,0,-609,Versa 4
2026-05-08T06:02:41Z,2,430,304,Versa 4
2026-05-08T06:02:42Z,1,490,-304,Versa 4
2026-05-08T06:02:43Z,1,580,304,Versa 4
2026-05-08T06:02:44Z,0,640,0,Versa 4
2026-05-08T06:02:45Z,0,700,-609,Versa 4
2026-05-08T06:02:46Z,0,0,609,Versa 4
2026-05-08T06:02:47Z,0,0,-304,Versa 4
2026-05-08T06:02:48Z,0,0,0,Versa 4
2026-05-08T06:02:49Z,0,0,0,Versa 4
2026-05-08T06:02:50Z,0,0,304,Versa 4
2026-05-08T06:02:51Z,0,0,-609,Versa 4
2026-05-08T06:02:52Z,0,0,914,Versa 4
2026-05-08T06:02:53Z,0,0,-609,Versa 4
2026-05-08T06:02:54Z,0,0,-304,Versa 4
2026-05-08T06:02:55Z,0,0,609,Versa 4
2026-05-08T06:02:56Z,1,0,-609,Versa 4
2026-05-08T06:02:57Z,1,0,609,Versa 4
2026-05-08T06:02:58Z,2,140,304,Versa 4
2026-05-08T06:02:59Z,2,310,-304,Versa 4
2026-05-08T06:03:00Z,2,520,0,Versa 4
2026-05-08T06:03:01Z,2,740,-609,Versa 4
2026-05-08T06:03:02Z,2,980,914,Versa 4
2026-05-08T06:03:03Z,2,1080,-609,Versa 4
2026-05-08T06:03:04Z,2,1170,304,Versa 4
2026-05-08T06:03:05Z,2,1220,0,Versa 4
2026-05-08T06:03:06Z,2,1280,-609,Versa 4
2026-05-08T06:03:07Z,1,1270,1219,Versa 4
2026-05-08T06:03:08Z,3,1370,-609,Versa 4
2026-05-08T06:03:09Z,3,1370,-609,Versa 4
2026-05-08T06:03:10Z,2,1400,-304,Versa 4
2026-05-08T06:03:11Z,1,1380,304,Versa 4
2026-05-08T06:03:12Z,2,1370,0,Versa 4
2026-05-08T06:03:13Z,2,1400,0,Versa 4
2026-05-08T06:03:14Z,2,1370,609,Versa 4
2026-05-08T06:03:15Z,2,1380,0,Versa 4
2026-05-08T06:03:16Z,2,1400,-304,Versa 4
2026-05-08T06:03:17Z,2,1420,0,Versa 4
2026-05-08T06:03:18Z,2,1440,-304,Versa 4
2026-05-08T06:03:19Z,2,1450,304,Versa 4
2026-05-08T06:03:20Z,2,1450,0,Versa 4
2026-05-08T06:03:21Z,2,1460,0,Versa 4
2026-05-08T06:03:22Z,2,1460,-609,Versa 4
2026-05-08T06:03:23Z,2,1460,304,Versa 4
2026-05-08T06:03:24Z,2,1460,0,Versa 4
2026-05-08T06:03:25Z,2,1460,0,Versa 4
2026-05-08T06:03:26Z,1,1460,-304,Versa 4
2026-05-08T06:03:27Z,2,1460,0,Versa 4
2026-05-08T06:03:28Z,2,1450,609,Versa 4
2026-05-08T06:03:29Z,1,1450,0,Versa 4
2026-05-08T06:03:30Z,1,1340,-304,Versa 4
2026-05-08T06:03:31Z,1,1270,0,Versa 4
2026-05-08T06:03:32Z,1,1170,-304,Versa 4
2026-05-08T06:03:33Z,0,1020,609,Versa 4
2026-05-08T06:03:34Z,2,950,0,Versa 4
2026-05-08T06:03:35Z,1,900,304,Versa 4
2026-05-08T06:03:36Z,0,780,-609,Versa 4
2026-05-08T06:03:37Z,0,700,304,Versa 4
2026-05-08T06:03:38Z,0,620,304,Versa 4
2026-05-08T06:03:39Z,0,0,-304,Versa 4
2026-05-08T06:03:40Z,0,0,-304,Versa 4
2026-05-08T06:03:41Z,0,0,0,Versa 4
2026-05-08T06:03:42Z,1,0,0,Versa 4
2026-05-08T06:03:43Z,1,0,609,Versa 4
2026-05-08T06:03:44Z,2,0,-609,Versa 4
2026-05-08T06:03:45Z,2,0,0,Versa 4
2026-05-08T06:03:46Z,1,140,0,Versa 4
2026-05-08T06:03:47Z,1,290,0,Versa 4
2026-05-08T06:03:48Z,1,420,304,Versa 4
2026-05-08T06:03:49Z,0,520,-609,Versa 4
2026-05-08T06:03:50Z,1,610,304,Versa 4
2026-05-08T06:03:51Z,0,0,0,Versa 4
2026-05-08T06:03:52Z,1,0,0,Versa 4
2026-05-08T06:03:53Z,1,0,304,Versa 4
2026-05-08T06:03:54Z,3,250,-304,Versa 4
2026-05-08T06:03:55Z,1,360,0,Versa 4
2026-05-08T06:03:56Z,2,520,0,Versa 4
2026-05-08T06:03:57Z,1,670,-304,Versa 4
2026-05-08T06:03:58Z,1,820,1219,Versa 4
2026-05-08T06:03:59Z,3,900,-914,Versa 4
2026-05-08T06:04:00Z,2,980,-304,Versa 4
2026-05-08T06:04:01Z,2,1060,-304,Versa 4
2026-05-08T06:04:02Z,2,1140,1219,Versa 4
2026-05-08T06:04:03Z,2,1250,-609,Versa 4
2026-05-08T06:04:04Z,1,1310,609,Versa 4
2026-05-08T06:04:05Z,2,1320,0,Versa 4
2026-05-08T06:04:06Z,0,1310,0,Versa 4
2026-05-08T06:04:07Z,0,1170,-304,Versa 4
2026-05-08T06:04:08Z,0,980,-304,Versa 4
2026-05-08T06:04:09Z,1,0,0,Versa 4
2026-05-08T06:04:10Z,2,0,609,Versa 4
2026-05-08T06:04:11Z,1,0,-609,Versa 4
2026-05-08T06:04:12Z,3,250,304,Versa 4
2026-05-08T06:04:13Z,2,400,-304,Versa 4
2026-05-08T06:04:14Z,2,580,609,Versa 4
2026-05-08T06:04:15Z,1,750,609,Versa 4
2026-05-08T06:04:16Z,1,910,-914,Versa 4
2026-05-08T06:04:17Z,1,930,0,Versa 4
2026-05-08T06:04:18Z,1,910,0,Versa 4
2026-05-08T06:04:19Z,1,860,0,Versa 4
2026-05-08T06:04:20Z,2,860,-304,Versa 4
2026-05-08T06:04:21Z,1,850,914,Versa 4
2026-05-08T06:04:22Z,1,850,-914,Versa 4
2026-05-08T06:04:23Z,0,810,914,Versa 4
2026-05-08T06:04:24Z,0,750,-609,Versa 4
2026-05-08T06:04:25Z,0,0,0,Versa 4
2026-05-08T06:04:26Z,0,0,609,Versa 4
2026-05-08T06:04:27Z,0,0,0,Versa 4
2026-05-08T06:04:28Z,0,0,-914,Versa 4
2026-05-08T06:04:29Z,0,0,304,Versa 4
2026-05-08T06:04:30Z,0,0,304,Versa 4
2026-05-08T06:04:31Z,0,0,-609,Versa 4
2026-05-08T06:04:32Z,0,0,-609,Versa 4
2026-05-08T06:04:33Z,0,0,609,Versa 4
2026-05-08T06:04:34Z,0,0,0,Versa 4
2026-05-08T06:04:35Z,0,0,304,Versa 4
2026-05-08T06:04:36Z,0,0,-609,Versa 4
2026-05-08T06:04:37Z,0,0,304,Versa 4
2026-05-08T06:04:38Z,0,0,914,Versa 4
2026-05-08T06:04:39Z,0,0,-304,Versa 4
2026-05-08T06:04:40Z,0,0,-914,Versa 4
2026-05-08T06:04:41Z,0,0,304,Versa 4
2026-05-08T06:04:42Z,0,0,-609,Versa 4
2026-05-08T06:04:43Z,0,0,609,Versa 4
2026-05-08T06:04:44Z,0,0,304,Versa 4
2026-05-08T06:04:45Z,0,0,0,Versa 4
2026-05-08T06:04:46Z,0,0,-914,Versa 4
2026-05-08T06:04:47Z,0,0,304,Versa 4
2026-05-08T06:04:48Z,0,0,304,Versa 4
2026-05-08T06:04:49Z,2,0,914,Versa 4
2026-05-08T06:04:50Z,2,0,914,Versa 4
2026-05-08T06:04:51Z,0,0,-304,Versa 4
2026-05-08T06:04:52Z,0,0,0,Versa 4
2026-05-08T06:04:53Z,0,0,304,Versa 4
2026-05-08T06:04:54Z,0,0,304,Versa 4
2026-05-08T06:04:55Z,0,0,304,Versa 4
2026-05-08T06:04:56Z,0,0,-304,Versa 4
2026-05-08T06:04:57Z,0,0,-609,Versa 4
2026-05-08T06:04:58Z,0,0,609,Versa 4
2026-05-08T06:04:59Z,0,0,0,Versa 4
2026-05-08T06:05:00Z,0,0,-304,Versa 4
2026-05-08T06:05:01Z,0,0,-609,Versa 4
2026-05-08T06:05:02Z,0,0,914,Versa 4
2026-05-08T06:05:03Z,0,0,-609,Versa 4
2026-05-08T06:05:04Z,0,0,304,Versa 4
2026-05-08T06:05:05Z,0,0,0,Versa 4
2026-05-08T06:05:06Z,0,0,0,Versa 4
2026-05-08T06:05:07Z,0,0,-914,Versa 4
2026-05-08T06:05:08Z,0,0,304,Versa 4
2026-05-08T06:05:09Z,0,0,304,Versa 4
2026-05-08T06:05:10Z,0,0,304,Versa 4
2026-05-08T06:05:11Z,0,0,304,Versa 4
2026-05-08T06:05:12Z,0,0,-304,Versa 4
2026-05-08T06:05:13Z,0,0,0,Versa 4
2026-05-08T06:05:14Z,0,0,609,Versa 4
2026-05-08T06:05:15Z,0,0,609,Versa 4
2026-05-08T06:05:16Z,0,0,0,Versa 4
2026-05-08T06:05:17Z,0,0,0,Versa 4
2026-05-08T06:05:18Z,0,0,0,Versa 4
2026-05-08T06:05:19Z,0,0,304,Versa 4
2026-05-08T06:05:20Z,0,0,914,Versa 4
2026-05-08T06:05:21Z,0,0,-304,Versa 4
2026-05-08T06:05:22Z,0,0,0,Versa 4
2026-05-08T06:05:23Z,0,0,-304,Versa 4
2026-05-08T06:05:24Z,0,0,304,Versa 4
2026-05-08T06:05:25Z,0,0,609,Versa 4
2026-05-08T06:05:26Z,0,0,-609,Versa 4
2026-05-08T06:05:27Z,0,0,-304,Versa 4
2026-05-08T06:05:28Z,0,0,-1524,Versa 4
2026-05-08T06:05:29Z,0,0,0,Versa 4
2026-05-08T06:05:30Z,0,0,914,Versa 4
2026-05-08T06:05:31Z,0,0,-609,Versa 4
2026-05-08T06:05:32Z,0,0,-914,Versa 4
2026-05-08T06:05:33Z,0,0,0,Versa 4
2026-05-08T06:05:34Z,0,0,-609,Versa 4
2026-05-08T06:05:35Z,0,0,304,Versa 4
2026-05-08T06:05:36Z,0,0,-609,Versa 4
2026-05-08T06:05:37Z,0,0,0,Versa 4
2026-05-08T06:05:38Z,0,0,-304,Versa 4
2026-05-08T06:05:39Z,0,0,304,Versa 4
2026-05-08T06:05:40Z,0,0,-609,Versa 4
2026-05-08T06:05:41Z,0,0,304,Versa 4
2026-05-08T06:05:42Z,0,0,-304,Versa 4
2026-05-08T06:05:43Z,0,0,-304,Versa 4
2026-05-08T06:05:44Z,0,0,0,Versa 4
2026-05-08T06:05:45Z,0,0,0,Versa 4
2026-05-08T06:05:46Z,0,0,0,Versa 4
2026-05-08T06:05:47Z,0,0,304,Versa 4
2026-05-08T06:05:48Z,0,0,-304,Versa 4
2026-05-08T06:05:49Z,0,0,0,Versa 4
2026-05-08T06:05:50Z,0,0,0,Versa 4
2026-05-08T06:05:51Z,0,0,0,Versa 4
2026-05-08T06:05:52Z,0,0,0,Versa 4
2026-05-08T06:05:53Z,0,0,0,Versa 4
2026-05-08T06:05:54Z,0,0,0,Versa 4
2026-05-08T06:05:55Z,0,0,304,Versa 4
2026-05-08T06:05:56Z,0,0,-609,Versa 4
2026-05-08T06:05:57Z,0,0,304,Versa 4
2026-05-08T06:05:58Z,0,0,-304,Versa 4
2026-05-08T06:05:59Z,0,0,304,Versa 4
2026-05-08T06:06:00Z,0,0,0,Versa 4
2026-05-08T06:06:01Z,0,0,0,Versa 4
2026-05-08T06:06:02Z,0,0,0,Versa 4
2026-05-08T06:06:03Z,0,0,0,Versa 4
2026-05-08T06:06:04Z,0,0,609,Versa 4
2026-05-08T06:06:05Z,1,0,304,Versa 4
2026-05-08T06:06:06Z,0,0,0,Versa 4
2026-05-08T06:06:07Z,0,0,0,Versa 4
2026-05-08T06:06:08Z,1,0,-304,Versa 4
2026-05-08T06:06:09Z,1,0,-304,Versa 4
2026-05-08T06:06:10Z,1,140,0,Versa 4
2026-05-08T06:06:11Z,0,240,0,Versa 4
2026-05-08T06:06:12Z,0,320,-304,Versa 4
2026-05-08T06:06:13Z,0,390,0,Versa 4
2026-05-08T06:06:14Z,0,430,0,Versa 4
2026-05-08T06:06:15Z,0,0,0,Versa 4
2026-05-08T06:06:16Z,0,0,0,Versa 4
2026-05-08T06:06:17Z,0,0,0,Versa 4
2026-05-08T06:06:18Z,0,0,0,Versa 4
2026-05-08T06:06:19Z,0,0,304,Versa 4
2026-05-08T06:06:20Z,0,0,-304,Versa 4
2026-05-08T06:06:21Z,0,0,0,Versa 4
2026-05-08T06:06:22Z,0,0,0,Versa 4
2026-05-08T06:06:23Z,0,0,0,Versa 4
2026-05-08T06:06:24Z,0,0,0,Versa 4
2026-05-08T06:06:25Z,2,0,304,Versa 4
2026-05-08T06:06:26Z,2,0,304,Versa 4
2026-05-08T06:06:27Z,0,0,-304,Versa 4
2026-05-08T06:06:28Z,0,0,0,Versa 4
2026-05-08T06:06:29Z,0,0,304,Versa 4
2026-05-08T06:06:30Z,0,0,-609,Versa 4
2026-05-08T06:06:31Z,0,0,304,Versa 4
2026-05-08T06:06:32Z,0,0,304,Versa 4
2026-05-08T06:06:33Z,0,0,-609,Versa 4
2026-05-08T06:06:34Z,0,0,304,Versa 4
2026-05-08T06:06:35Z,0,0,0,Versa 4
2026-05-08T06:06:36Z,0,0,0,Versa 4
2026-05-08T06:06:37Z,0,0,0,Versa 4
2026-05-08T06:06:38Z,0,0,0,Versa 4
2026-05-08T06:06:39Z,0,0,-304,Versa 4
2026-05-08T06:06:40Z,0,0,0,Versa 4
2026-05-08T06:06:41Z,0,0,304,Versa 4
2026-05-08T06:06:42Z,0,0,-304,Versa 4
2026-05-08T06:06:43Z,0,0,0,Versa 4
2026-05-08T06:06:44Z,0,0,304,Versa 4
2026-05-08T06:06:45Z,0,0,-304,Versa 4
2026-05-08T06:06:46Z,0,0,304,Versa 4
2026-05-08T06:06:47Z,0,0,0,Versa 4
2026-05-08T06:06:48Z,0,0,0,Versa 4
2026-05-08T06:06:49Z,0,0,0,Versa 4
2026-05-08T06:06:50Z,0,0,0,Versa 4
2026-05-08T06:06:51Z,0,0,-304,Versa 4
2026-05-08T06:06:52Z,0,0,914,Versa 4
2026-05-08T06:06:53Z,0,0,-609,Versa 4
2026-05-08T06:06:54Z,0,0,0,Versa 4
2026-05-08T06:06:55Z,0,0,-304,Versa 4
2026-05-08T06:06:56Z,0,0,304,Versa 4
2026-05-08T06:06:57Z,0,0,304,Versa 4
2026-05-08T06:06:58Z,0,0,-304,Versa 4
2026-05-08T06:06:59Z,0,0,-304,Versa 4
2026-05-08T06:07:00Z,0,0,304,Versa 4
2026-05-08T06:07:01Z,0,0,304,Versa 4
2026-05-08T06:07:02Z,0,0,0,Versa 4
2026-05-08T06:07:03Z,0,0,-304,Versa 4
2026-05-08T06:07:04Z,0,0,304,Versa 4
2026-05-08T06:07:05Z,0,0,-304,Versa 4
2026-05-08T06:07:06Z,0,0,304,Versa 4
2026-05-08T06:07:07Z,0,0,0,Versa 4
2026-05-08T06:07:08Z,0,0,-609,Versa 4
2026-05-08T06:07:09Z,0,0,304,Versa 4
2026-05-08T06:07:10Z,0,0,304,Versa 4
2026-05-08T06:07:11Z,0,0,-914,Versa 4
2026-05-08T06:07:12Z,0,0,-304,Versa 4
2026-05-08T06:07:13Z,0,0,0,Versa 4
2026-05-08T06:07:14Z,0,0,609,Versa 4
2026-05-08T06:07:15Z,0,0,-304,Versa 4
2026-05-08T06:07:16Z,0,0,-304,Versa 4
2026-05-08T06:07:17Z,0,0,914,Versa 4
2026-05-08T06:07:18Z,0,0,609,Versa 4
2026-05-08T06:07:19Z,0,0,-914,Versa 4
2026-05-08T06:07:20Z,0,0,0,Versa 4
2026-05-08T06:07:21Z,0,0,-609,Versa 4
2026-05-08T06:07:22Z,0,0,304,Versa 4
2026-05-08T06:07:23Z,0,0,0,Versa 4
2026-05-08T06:07:24Z,0,0,0,Versa 4
2026-05-08T06:07:25Z,0,0,-304,Versa 4
2026-05-08T06:07:26Z,0,0,-609,Versa 4
2026-05-08T06:07:27Z,0,0,1219,Versa 4
2026-05-08T06:07:28Z,0,0,0,Versa 4
2026-05-08T06:07:29Z,0,0,0,Versa 4
2026-05-08T06:07:30Z,0,0,-609,Versa 4
2026-05-08T06:22:45Z,1,0,0,Versa 4
2026-05-08T06:22:46Z,2,0,-304,Versa 4
2026-05-08T06:22:47Z,2,180,0,Versa 4
2026-05-08T06:22:48Z,1,280,-304,Versa 4
2026-05-08T06:22:49Z,2,390,304,Versa 4
2026-05-08T06:22:50Z,2,560,304,Versa 4
2026-05-08T06:22:51Z,2,680,0,Versa 4
2026-05-08T06:22:52Z,1,740,-304,Versa 4
2026-05-08T06:22:53Z,2,820,-304,Versa 4
2026-05-08T06:22:54Z,2,880,304,Versa 4
2026-05-08T06:22:55Z,2,940,0,Versa 4
2026-05-08T06:22:56Z,1,950,304,Versa 4
2026-05-08T06:22:57Z,2,1210,-304,Versa 4
2026-05-08T06:22:58Z,1,1200,609,Versa 4
2026-05-08T06:22:59Z,2,1200,304,Versa 4
2026-05-08T06:23:00Z,2,1190,609,Versa 4
2026-05-08T06:23:01Z,2,1230,304,Versa 4
2026-05-08T06:23:02Z,2,1250,0,Versa 4
2026-05-08T06:23:03Z,1,1270,304,Versa 4
2026-05-08T06:23:04Z,2,1280,0,Versa 4
2026-05-08T06:23:05Z,1,1280,304,Versa 4
2026-05-08T06:23:06Z,2,1280,304,Versa 4
2026-05-08T06:23:07Z,1,1280,0,Versa 4
2026-05-08T06:23:08Z,2,1270,1219,Versa 4
2026-05-08T06:23:09Z,1,1270,-304,Versa 4
2026-05-08T06:23:10Z,1,1260,0,Versa 4
2026-05-08T06:23:11Z,2,1250,0,Versa 4
2026-05-08T06:23:12Z,2,1250,0,Versa 4
2026-05-08T06:23:13Z,2,1250,0,Versa 4
2026-05-08T06:23:14Z,2,1260,304,Versa 4
2026-05-08T06:23:15Z,1,1280,0,Versa 4
2026-05-08T06:23:16Z,1,1280,-304,Versa 4
2026-05-08T06:23:17Z,2,1280,304,Versa 4
2026-05-08T06:23:18Z,2,1280,-304,Versa 4
2026-05-08T06:23:19Z,2,1270,304,Versa 4
2026-05-08T06:23:20Z,2,1290,0,Versa 4
2026-05-08T06:23:21Z,1,1290,0,Versa 4
2026-05-08T06:23:22Z,0,1280,0,Versa 4
2026-05-08T06:23:23Z,0,1150,-304,Versa 4
2026-05-08T06:23:24Z,0,970,304,Versa 4
2026-05-08T06:23:25Z,0,0,0,Versa 4
2026-05-08T06:23:26Z,0,0,0,Versa 4
2026-05-08T06:23:27Z,0,0,0,Versa 4
2026-05-08T06:23:28Z,0,0,-304,Versa 4
2026-05-08T06:23:29Z,0,0,304,Versa 4
2026-05-08T06:23:30Z,0,0,-304,Versa 4
2026-05-08T06:23:31Z,0,0,0,Versa 4
2026-05-08T06:23:32Z,0,0,0,Versa 4
2026-05-08T06:23:33Z,0,0,0,Versa 4
2026-05-08T06:23:34Z,0,0,304,Versa 4
2026-05-08T06:23:35Z,0,0,-304,Versa 4
2026-05-08T06:23:36Z,0,0,304,Versa 4
2026-05-08T06:23:37Z,0,0,304,Versa 4
2026-05-08T06:23:38Z,0,0,-609,Versa 4
2026-05-08T06:23:39Z,0,0,304,Versa 4
2026-05-08T06:23:40Z,0,0,-304,Versa 4
2026-05-08T06:23:41Z,0,0,-304,Versa 4
2026-05-08T06:23:42Z,0,0,609,Versa 4
2026-05-08T06:23:43Z,1,0,0,Versa 4
2026-05-08T06:23:44Z,2,0,-304,Versa 4
2026-05-08T06:23:45Z,1,0,0,Versa 4
2026-05-08T06:23:46Z,2,130,304,Versa 4
2026-05-08T06:23:47Z,2,310,-304,Versa 4
2026-05-08T06:23:48Z,1,460,0,Versa 4
2026-05-08T06:23:49Z,2,670,-304,Versa 4
2026-05-08T06:23:50Z,1,840,304,Versa 4
2026-05-08T06:23:51Z,1,880,0,Versa 4
2026-05-08T06:23:52Z,2,900,0,Versa 4
2026-05-08T06:23:53Z,2,940,0,Versa 4
2026-05-08T06:23:54Z,1,950,0,Versa 4
2026-05-08T06:23:55Z,2,1000,0,Versa 4
2026-05-08T06:23:56Z,1,1080,0,Versa 4
2026-05-08T06:23:57Z,2,1110,0,Versa 4
2026-05-08T06:23:58Z,1,1100,0,Versa 4
2026-05-08T06:23:59Z,2,1110,0,Versa 4
2026-05-08T06:24:00Z,1,1110,-609,Versa 4
2026-05-08T06:24:01Z,1,1110,609,Versa 4
2026-05-08T06:24:02Z,3,1130,-304,Versa 4
2026-05-08T06:24:03Z,2,1180,609,Versa 4
2026-05-08T06:24:04Z,1,1180,304,Versa 4
2026-05-08T06:24:05Z,0,1170,-304,Versa 4
2026-05-08T06:24:06Z,2,1170,-914,Versa 4
2026-05-08T06:24:07Z,1,1170,304,Versa 4
2026-05-08T06:24:08Z,1,1170,304,Versa 4
2026-05-08T06:24:09Z,0,1020,0,Versa 4
2026-05-08T06:24:10Z,0,1610,0,Versa 4
2026-05-08T06:24:11Z,0,0,0,Versa 4
2026-05-08T06:24:12Z,0,0,304,Versa 4
2026-05-08T06:24:13Z,0,0,-304,Versa 4
2026-05-08T06:24:14Z,0,0,0,Versa 4
2026-05-08T06:24:15Z,0,0,304,Versa 4
2026-05-08T06:24:16Z,0,0,-304,Versa 4
2026-05-08T06:24:17Z,0,0,-304,Versa 4
2026-05-08T06:24:18Z,0,0,304,Versa 4
2026-05-08T06:24:19Z,0,0,0,Versa 4
2026-05-08T06:24:20Z,0,0,0,Versa 4
2026-05-08T06:24:21Z,0,0,0,Versa 4
2026-05-08T06:24:22Z,0,0,0,Versa 4
2026-05-08T06:24:23Z,0,0,304,Versa 4
2026-05-08T06:24:24Z,0,0,-304,Versa 4
2026-05-08T06:24:25Z,0,0,-304,Versa 4
2026-05-08T06:24:26Z,0,0,609,Versa 4
2026-05-08T06:24:27Z,0,0,-304,Versa 4
2026-05-08T06:24:28Z,0,0,-304,Versa 4
2026-05-08T06:24:29Z,0,0,304,Versa 4
2026-05-08T06:24:30Z,0,0,0,Versa 4
2026-05-08T06:24:31Z,0,0,304,Versa 4
2026-05-08T06:24:32Z,0,0,0,Versa 4
2026-05-08T06:24:33Z,0,0,-609,Versa 4
2026-05-08T06:24:34Z,0,0,304,Versa 4
2026-05-08T06:24:35Z,0,0,-304,Versa 4
2026-05-08T06:24:36Z,0,0,0,Versa 4
2026-05-08T06:24:37Z,0,0,304,Versa 4
2026-05-08T06:24:38Z,0,0,0,Versa 4
2026-05-08T06:24:39Z,0,0,304,Versa 4
2026-05-08T06:24:40Z,0,0,0,Versa 4
2026-05-08T06:24:41Z,0,0,0,Versa 4
2026-05-08T06:24:42Z,0,0,-304,Versa 4
2026-05-08T06:24:43Z,0,0,-304,Versa 4
2026-05-08T06:24:44Z,0,0,304,Versa 4
2026-05-08T06:24:45Z,0,0,0,Versa 4
2026-05-08T06:24:46Z,0,0,0,Versa 4
2026-05-08T06:24:47Z,0,0,-304,Versa 4
2026-05-08T06:24:48Z,0,0,304,Versa 4
2026-05-08T06:24:49Z,0,0,0,Versa 4
2026-05-08T06:24:50Z,0,0,-304,Versa 4
2026-05-08T06:24:51Z,0,0,304,Versa 4
2026-05-08T06:24:52Z,0,0,-304,Versa 4
2026-05-08T06:24:53Z,0,0,0,Versa 4
2026-05-08T06:24:54Z,0,0,304,Versa 4
2026-05-08T06:24:55Z,0,0,304,Versa 4
2026-05-08T06:24:56Z,0,0,-304,Versa 4
2026-05-08T06:24:57Z,0,0,0,Versa 4
2026-05-08T06:24:58Z,0,0,0,Versa 4
2026-05-08T06:24:59Z,0,0,-304,Versa 4
2026-05-08T06:25:00Z,0,0,0,Versa 4
2026-05-08T06:25:01Z,0,0,304,Versa 4
2026-05-08T06:25:02Z,0,0,-304,Versa 4
2026-05-08T06:25:03Z,0,0,0,Versa 4
2026-05-08T06:25:04Z,0,0,0,Versa 4
2026-05-08T06:25:05Z,0,0,0,Versa 4
2026-05-08T06:25:06Z,0,0,304,Versa 4
2026-05-08T06:25:07Z,0,0,-304,Versa 4
2026-05-08T06:25:08Z,0,0,0,Versa 4
2026-05-08T06:25:09Z,0,0,0,Versa 4
2026-05-08T06:25:10Z,0,0,0,Versa 4
2026-05-08T06:25:11Z,0,0,0,Versa 4
2026-05-08T06:25:12Z,0,0,0,Versa 4
2026-05-08T06:25:13Z,0,0,0,Versa 4
2026-05-08T06:25:14Z,0,0,0,Versa 4
2026-05-08T06:25:15Z,0,0,0,Versa 4
2026-05-08T06:25:16Z,0,0,0,Versa 4
2026-05-08T06:25:17Z,0,0,304,Versa 4
2026-05-08T06:25:18Z,0,0,-304,Versa 4
2026-05-08T06:25:19Z,0,0,0,Versa 4
2026-05-08T06:25:20Z,0,0,0,Versa 4
2026-05-08T06:25:21Z,0,0,0,Versa 4
2026-05-08T06:25:22Z,0,0,0,Versa 4
2026-05-08T06:25:23Z,0,0,304,Versa 4
2026-05-08T06:25:24Z,0,0,-304,Versa 4
2026-05-08T06:25:25Z,0,0,304,Versa 4
2026-05-08T06:25:26Z,0,0,-304,Versa 4
2026-05-08T06:25:27Z,0,0,0,Versa 4
2026-05-08T06:25:28Z,0,0,0,Versa 4
2026-05-08T06:25:29Z,0,0,0,Versa 4
2026-05-08T06:25:30Z,0,0,0,Versa 4
2026-05-08T06:25:31Z,0,0,304,Versa 4
2026-05-08T06:25:32Z,0,0,-609,Versa 4
2026-05-08T06:25:33Z,0,0,609,Versa 4
2026-05-08T06:25:34Z,0,0,-304,Versa 4
2026-05-08T06:25:35Z,0,0,-304,Versa 4
2026-05-08T06:25:36Z,0,0,0,Versa 4
2026-05-08T06:25:37Z,0,0,304,Versa 4
2026-05-08T06:25:38Z,0,0,0,Versa 4
2026-05-08T06:25:39Z,0,0,304,Versa 4
2026-05-08T06:25:40Z,0,0,-304,Versa 4
2026-05-08T06:25:41Z,0,0,304,Versa 4
2026-05-08T06:25:42Z,0,0,-304,Versa 4
2026-05-08T06:25:43Z,0,0,0,Versa 4
2026-05-08T06:25:44Z,0,0,0,Versa 4
2026-05-08T06:25:45Z,0,0,0,Versa 4
2026-05-08T06:25:46Z,0,0,-304,Versa 4
2026-05-08T06:25:47Z,0,0,304,Versa 4
2026-05-08T06:25:48Z,2,0,0,Versa 4
2026-05-08T06:25:49Z,2,0,0,Versa 4
2026-05-08T06:25:50Z,0,0,0,Versa 4
2026-05-08T06:25:51Z,0,0,0,Versa 4
2026-05-08T06:25:52Z,0,0,-304,Versa 4
2026-05-08T06:25:53Z,0,0,0,Versa 4
2026-05-08T06:25:54Z,0,0,0,Versa 4
2026-05-08T06:25:55Z,0,0,0,Versa 4
2026-05-08T06:25:56Z,0,0,0,Versa 4
2026-05-08T06:25:57Z,0,0,304,Versa 4
2026-05-08T06:25:58Z,0,0,0,Versa 4
2026-05-08T06:25:59Z,0,0,-304,Versa 4
2026-05-08T06:26:00Z,0,0,304,Versa 4
2026-05-08T06:26:01Z,0,0,304,Versa 4
2026-05-08T06:26:02Z,0,0,-609,Versa 4
2026-05-08T06:26:03Z,0,0,609,Versa 4
2026-05-08T06:26:04Z,0,0,-304,Versa 4
2026-05-08T06:26:05Z,0,0,0,Versa 4
2026-05-08T06:26:06Z,0,0,0,Versa 4
2026-05-08T06:26:07Z,0,0,304,Versa 4
2026-05-08T06:26:08Z,0,0,-304,Versa 4
2026-05-08T06:26:09Z,0,0,0,Versa 4
2026-05-08T06:26:10Z,0,0,0,Versa 4
2026-05-08T06:26:11Z,0,0,0,Versa 4
2026-05-08T06:26:12Z,0,0,0,Versa 4
2026-05-08T06:26:13Z,0,0,0,Versa 4
2026-05-08T06:26:14Z,0,0,304,Versa 4
2026-05-08T06:26:15Z,0,0,-304,Versa 4
2026-05-08T06:26:16Z,0,0,-304,Versa 4
2026-05-08T06:26:17Z,0,0,0,Versa 4
2026-05-08T06:26:18Z,0,0,304,Versa 4
2026-05-08T06:26:19Z,0,0,0,Versa 4
2026-05-08T06:26:20Z,0,0,0,Versa 4
2026-05-08T06:26:21Z,0,0,0,Versa 4
2026-05-08T06:26:22Z,0,0,-304,Versa 4
2026-05-08T06:26:23Z,0,0,0,Versa 4
2026-05-08T06:26:24Z,0,0,609,Versa 4
2026-05-08T06:26:25Z,0,0,-914,Versa 4
2026-05-08T06:26:26Z,0,0,304,Versa 4
2026-05-08T06:26:27Z,0,0,304,Versa 4
2026-05-08T06:26:28Z,0,0,-304,Versa 4
2026-05-08T06:26:29Z,0,0,304,Versa 4
2026-05-08T06:26:30Z,0,0,0,Versa 4
2026-05-08T06:26:31Z,0,0,-304,Versa 4
2026-05-08T06:26:32Z,0,0,304,Versa 4
2026-05-08T06:26:33Z,0,0,0,Versa 4
2026-05-08T06:26:34Z,0,0,0,Versa 4
2026-05-08T06:26:35Z,0,0,-304,Versa 4
2026-05-08T06:26:36Z,0,0,304,Versa 4
2026-05-08T06:26:37Z,0,0,0,Versa 4
2026-05-08T06:26:38Z,0,0,0,Versa 4
2026-05-08T06:26:39Z,0,0,0,Versa 4
2026-05-08T06:26:40Z,0,0,-304,Versa 4
2026-05-08T06:26:41Z,0,0,304,Versa 4
2026-05-08T06:26:42Z,0,0,0,Versa 4
2026-05-08T06:26:43Z,0,0,0,Versa 4
2026-05-08T06:26:44Z,0,0,0,Versa 4
2026-05-08T06:26:45Z,0,0,0,Versa 4
2026-05-08T06:26:46Z,0,0,0,Versa 4
2026-05-08T06:26:47Z,0,0,0,Versa 4
2026-05-08T06:26:48Z,0,0,0,Versa 4
2026-05-08T06:26:49Z,0,0,0,Versa 4
2026-05-08T06:26:50Z,0,0,0,Versa 4
2026-05-08T06:26:51Z,0,0,0,Versa 4
2026-05-08T06:26:52Z,0,0,0,Versa 4
2026-05-08T06:26:53Z,0,0,0,Versa 4
2026-05-08T06:26:54Z,0,0,0,Versa 4
2026-05-08T06:26:55Z,0,0,0,Versa 4
2026-05-08T06:26:56Z,0,0,0,Versa 4
2026-05-08T06:26:57Z,0,0,0,Versa 4
2026-05-08T06:26:58Z,0,0,0,Versa 4
2026-05-08T06:26:59Z,0,0,0,Versa 4
2026-05-08T06:27:00Z,0,0,0,Versa 4
2026-05-08T06:27:01Z,0,0,0,Versa 4
2026-05-08T06:27:02Z,0,0,0,Versa 4
2026-05-08T06:27:03Z,0,0,0,Versa 4
2026-05-08T06:27:04Z,0,0,0,Versa 4
2026-05-08T06:27:05Z,0,0,0,Versa 4
2026-05-08T06:27:06Z,0,0,0,Versa 4
2026-05-08T06:27:07Z,0,0,0,Versa 4
2026-05-08T06:27:08Z,0,0,-304,Versa 4
2026-05-08T06:27:09Z,0,0,304,Versa 4
2026-05-08T06:27:10Z,0,0,0,Versa 4
2026-05-08T06:27:11Z,0,0,0,Versa 4
2026-05-08T06:27:12Z,1,0,304,Versa 4
2026-05-08T06:27:13Z,2,0,0,Versa 4
2026-05-08T06:27:14Z,1,140,-304,Versa 4
2026-05-08T06:27:15Z,2,310,0,Versa 4
2026-05-08T06:27:16Z,2,510,0,Versa 4
2026-05-08T06:27:17Z,2,750,0,Versa 4
2026-05-08T06:27:18Z,1,930,0,Versa 4
2026-05-08T06:27:19Z,1,990,-304,Versa 4
2026-05-08T06:27:20Z,1,980,-304,Versa 4
2026-05-08T06:27:21Z,1,960,0,Versa 4
2026-05-08T06:27:22Z,2,920,0,Versa 4
2026-05-08T06:27:23Z,2,940,609,Versa 4
2026-05-08T06:27:24Z,0,960,0,Versa 4
2026-05-08T06:27:25Z,1,930,0,Versa 4
2026-05-08T06:27:26Z,2,970,304,Versa 4
2026-05-08T06:27:27Z,0,960,0,Versa 4
2026-05-08T06:27:28Z,2,820,-609,Versa 4
2026-05-08T06:27:29Z,2,820,-609,Versa 4
2026-05-08T06:27:30Z,1,700,-914,Versa 4
2026-05-08T06:27:31Z,2,0,0,Versa 4
2026-05-08T06:27:32Z,1,0,0,Versa 4
2026-05-08T06:27:33Z,2,320,0,Versa 4
2026-05-08T06:27:34Z,2,450,304,Versa 4
2026-05-08T06:27:35Z,1,590,304,Versa 4
2026-05-08T06:27:36Z,2,760,-609,Versa 4
2026-05-08T06:27:37Z,1,910,0,Versa 4
2026-05-08T06:27:38Z,2,970,304,Versa 4
2026-05-08T06:27:39Z,1,970,-304,Versa 4
2026-05-08T06:27:40Z,1,970,304,Versa 4
2026-05-08T06:27:41Z,0,910,304,Versa 4
2026-05-08T06:27:42Z,0,820,-304,Versa 4
2026-05-08T06:27:43Z,0,0,0,Versa 4
2026-05-08T06:27:44Z,0,0,304,Versa 4
2026-05-08T06:27:45Z,0,0,0,Versa 4
2026-05-08T06:27:46Z,0,0,0,Versa 4
2026-05-08T06:27:47Z,0,0,914,Versa 4
2026-05-08T06:27:48Z,0,0,-304,Versa 4
2026-05-08T06:27:49Z,0,0,0,Versa 4
2026-05-08T06:27:50Z,0,0,0,Versa 4
2026-05-08T06:27:51Z,0,0,-1219,Versa 4
2026-05-08T06:27:52Z,0,0,609,Versa 4
2026-05-08T06:27:53Z,0,0,0,Versa 4
2026-05-08T06:27:54Z,0,0,0,Versa 4
2026-05-08T11:24:40Z,0,0,0,Versa 4
2026-05-08T11:24:41Z,0,0,0,Versa 4
2026-05-08T11:24:42Z,0,0,0,Versa 4
2026-05-08T11:24:43Z,0,0,-304,Versa 4
2026-05-08T11:24:44Z,0,0,0,Versa 4
2026-05-08T11:24:45Z,0,0,0,Versa 4
2026-05-08T12:00:32Z,0,0,0,Versa 4
2026-05-08T12:00:33Z,2,0,0,Versa 4
2026-05-08T12:00:34Z,1,160,-304,Versa 4
2026-05-08T12:00:35Z,2,250,304,Versa 4
2026-05-08T12:00:36Z,2,390,-304,Versa 4
2026-05-08T12:00:37Z,2,550,609,Versa 4
2026-05-08T12:00:38Z,1,650,0,Versa 4
2026-05-08T12:00:39Z,2,750,-609,Versa 4
2026-05-08T12:00:40Z,2,830,304,Versa 4
2026-05-08T12:00:41Z,2,900,0,Versa 4
2026-05-08T12:00:42Z,2,940,-304,Versa 4
2026-05-08T12:00:43Z,1,990,0,Versa 4
2026-05-08T12:00:44Z,2,1250,0,Versa 4
2026-05-08T12:00:45Z,2,1270,304,Versa 4
2026-05-08T12:00:46Z,2,1290,0,Versa 4
2026-05-08T12:00:47Z,2,1300,0,Versa 4
2026-05-08T12:00:48Z,1,1320,609,Versa 4
2026-05-08T12:00:49Z,2,1320,-609,Versa 4
2026-05-08T12:00:50Z,2,1320,304,Versa 4
2026-05-08T12:00:51Z,2,1320,0,Versa 4
2026-05-08T12:00:52Z,2,1330,304,Versa 4
2026-05-08T12:00:53Z,1,1340,-609,Versa 4
2026-05-08T12:00:54Z,2,1330,304,Versa 4
2026-05-08T12:00:55Z,2,1340,-304,Versa 4
2026-05-08T12:00:56Z,2,1340,609,Versa 4
2026-05-08T12:00:57Z,1,1330,0,Versa 4
2026-05-08T12:00:58Z,2,1340,-609,Versa 4
2026-05-08T12:00:59Z,2,1330,0,Versa 4
2026-05-08T12:01:00Z,1,1330,0,Versa 4
2026-05-08T12:01:01Z,2,1330,0,Versa 4
2026-05-08T12:01:02Z,1,1320,0,Versa 4
2026-05-08T12:01:03Z,2,1320,-304,Versa 4
2026-05-08T12:01:04Z,1,1310,-304,Versa 4
2026-05-08T12:01:05Z,2,1320,0,Versa 4
2026-05-08T12:01:06Z,1,1300,609,Versa 4
2026-05-08T12:01:07Z,2,1300,0,Versa 4
2026-05-08T12:01:08Z,1,1290,0,Versa 4
2026-05-08T12:01:09Z,2,1290,0,Versa 4
2026-05-08T12:01:10Z,2,1290,-609,Versa 4
2026-05-08T12:01:11Z,1,1290,0,Versa 4
2026-05-08T12:01:12Z,2,1280,304,Versa 4
2026-05-08T12:01:13Z,0,1280,304,Versa 4
2026-05-08T12:01:14Z,0,1150,-304,Versa 4
2026-05-08T12:01:15Z,0,970,304,Versa 4
2026-05-08T12:01:16Z,0,0,0,Versa 4
2026-05-08T12:01:17Z,0,0,0,Versa 4
2026-05-08T12:01:18Z,0,0,-609,Versa 4
2026-05-08T12:01:19Z,0,0,0,Versa 4
2026-05-08T12:01:20Z,0,0,304,Versa 4
2026-05-08T12:01:21Z,0,0,304,Versa 4
2026-05-08T12:01:22Z,0,0,0,Versa 4
2026-05-08T12:01:23Z,0,0,0,Versa 4
2026-05-08T12:01:24Z,0,0,-304,Versa 4
2026-05-08T12:01:25Z,0,0,304,Versa 4
2026-05-08T12:01:26Z,0,0,0,Versa 4
2026-05-08T12:01:27Z,0,0,-609,Versa 4
2026-05-08T12:01:28Z,0,0,0,Versa 4
2026-05-08T12:01:29Z,0,0,609,Versa 4
2026-05-08T12:01:30Z,0,0,0,Versa 4
2026-05-08T12:01:31Z,0,0,-304,Versa 4
2026-05-08T12:01:32Z,0,0,0,Versa 4
2026-05-08T12:01:33Z,0,0,304,Versa 4
2026-05-08T12:01:34Z,0,0,0,Versa 4
2026-05-08T12:01:35Z,0,0,-609,Versa 4
2026-05-08T12:01:36Z,0,0,304,Versa 4
2026-05-08T12:01:37Z,0,0,-304,Versa 4
2026-05-08T12:01:38Z,0,0,609,Versa 4
2026-05-08T12:01:39Z,0,0,-914,Versa 4
2026-05-08T12:01:40Z,0,0,304,Versa 4
2026-05-08T12:01:41Z,0,0,304,Versa 4
2026-05-08T12:01:42Z,0,0,-304,Versa 4
2026-05-08T12:01:43Z,0,0,0,Versa 4
2026-05-08T12:01:44Z,0,0,-304,Versa 4
2026-05-08T12:01:45Z,0,0,0,Versa 4
2026-05-08T12:01:46Z,0,0,0,Versa 4
2026-05-08T12:01:47Z,0,0,0,Versa 4
2026-05-08T12:01:48Z,0,0,0,Versa 4
2026-05-08T12:01:49Z,0,0,0,Versa 4
2026-05-08T12:01:50Z,0,0,304,Versa 4
2026-05-08T12:01:51Z,0,0,0,Versa 4
2026-05-08T12:01:52Z,0,0,-304,Versa 4
2026-05-08T12:01:53Z,0,0,304,Versa 4
2026-05-08T12:01:54Z,2,0,-304,Versa 4
2026-05-08T12:01:55Z,2,0,-304,Versa 4
2026-05-08T12:01:56Z,0,0,304,Versa 4
2026-05-08T12:01:57Z,0,0,0,Versa 4
2026-05-08T12:01:58Z,0,0,-304,Versa 4
2026-05-08T12:01:59Z,0,0,0,Versa 4
2026-05-08T12:02:00Z,0,0,0,Versa 4
2026-05-08T12:02:01Z,0,0,0,Versa 4
2026-05-08T12:02:02Z,0,0,304,Versa 4
2026-05-08T12:02:03Z,0,0,0,Versa 4
2026-05-08T12:02:04Z,0,0,0,Versa 4
2026-05-08T12:02:05Z,0,0,0,Versa 4
2026-05-08T12:02:06Z,0,0,0,Versa 4
2026-05-08T12:02:07Z,0,0,0,Versa 4
2026-05-08T12:02:08Z,0,0,0,Versa 4
2026-05-08T12:02:09Z,0,0,0,Versa 4
2026-05-08T12:02:10Z,0,0,-304,Versa 4
2026-05-08T12:02:11Z,0,0,304,Versa 4
2026-05-08T12:02:12Z,0,0,-609,Versa 4
2026-05-08T12:02:13Z,0,0,304,Versa 4
2026-05-08T12:02:14Z,0,0,-304,Versa 4
2026-05-08T12:02:15Z,0,0,609,Versa 4
2026-05-08T12:02:16Z,0,0,0,Versa 4
2026-05-08T12:02:17Z,0,0,0,Versa 4
2026-05-08T12:02:18Z,0,0,-304,Versa 4
2026-05-08T12:02:19Z,0,0,304,Versa 4
2026-05-08T12:02:20Z,0,0,0,Versa 4
2026-05-08T12:02:21Z,0,0,-304,Versa 4
2026-05-08T12:02:22Z,0,0,304,Versa 4
2026-05-08T12:02:23Z,0,0,-304,Versa 4
2026-05-08T12:02:24Z,0,0,0,Versa 4
2026-05-08T12:02:25Z,0,0,304,Versa 4
2026-05-08T12:02:26Z,0,0,0,Versa 4
2026-05-08T12:02:27Z,0,0,0,Versa 4
2026-05-08T12:02:28Z,0,0,304,Versa 4
2026-05-08T12:02:29Z,0,0,-304,Versa 4
2026-05-08T12:02:30Z,0,0,0,Versa 4
2026-05-08T12:02:31Z,0,0,304,Versa 4
2026-05-08T12:02:32Z,0,0,-304,Versa 4
2026-05-08T12:02:33Z,0,0,0,Versa 4
2026-05-08T12:02:34Z,0,0,-304,Versa 4
2026-05-08T12:02:35Z,0,0,0,Versa 4
2026-05-08T12:02:36Z,0,0,0,Versa 4
2026-05-08T12:02:37Z,0,0,0,Versa 4
2026-05-08T12:02:38Z,0,0,-609,Versa 4
2026-05-08T12:02:39Z,0,0,0,Versa 4
2026-05-08T12:02:40Z,0,0,0,Versa 4
2026-05-08T12:02:41Z,0,0,304,Versa 4
2026-05-08T12:02:42Z,0,0,-304,Versa 4
2026-05-08T12:02:43Z,0,0,0,Versa 4
2026-05-08T12:02:44Z,0,0,0,Versa 4
2026-05-08T12:02:45Z,0,0,0,Versa 4
2026-05-08T12:02:46Z,0,0,0,Versa 4
2026-05-08T12:02:47Z,0,0,0,Versa 4
2026-05-08T12:02:48Z,0,0,0,Versa 4
2026-05-08T12:02:49Z,0,0,304,Versa 4
2026-05-08T12:02:50Z,0,0,304,Versa 4
2026-05-08T12:02:51Z,0,0,0,Versa 4
2026-05-08T12:02:52Z,0,0,0,Versa 4
2026-05-08T12:02:53Z,0,0,-609,Versa 4
2026-05-08T12:02:54Z,0,0,609,Versa 4
2026-05-08T12:02:55Z,0,0,0,Versa 4
2026-05-08T12:02:56Z,0,0,0,Versa 4
2026-05-08T12:02:57Z,0,0,0,Versa 4
2026-05-08T12:02:58Z,0,0,0,Versa 4
2026-05-08T12:02:59Z,0,0,0,Versa 4
2026-05-08T12:03:00Z,0,0,0,Versa 4
2026-05-08T12:03:01Z,0,0,0,Versa 4
2026-05-08T12:03:02Z,0,0,304,Versa 4
2026-05-08T12:03:03Z,0,0,0,Versa 4
2026-05-08T12:03:04Z,0,0,-304,Versa 4
2026-05-08T12:03:05Z,0,0,304,Versa 4
2026-05-08T12:03:06Z,0,0,-609,Versa 4
2026-05-08T12:03:07Z,0,0,304,Versa 4
2026-05-08T12:03:08Z,0,0,304,Versa 4
2026-05-08T12:03:09Z,0,0,609,Versa 4
2026-05-08T12:03:10Z,0,0,0,Versa 4
2026-05-08T12:03:11Z,0,0,-304,Versa 4
2026-05-08T12:03:12Z,0,0,304,Versa 4
2026-05-08T12:03:13Z,0,0,-609,Versa 4
2026-05-08T12:03:14Z,0,0,0,Versa 4
2026-05-08T12:03:15Z,0,0,609,Versa 4
2026-05-08T12:03:16Z,0,0,-304,Versa 4
2026-05-08T12:03:17Z,0,0,0,Versa 4
2026-05-08T12:03:18Z,0,0,-304,Versa 4
2026-05-08T12:03:19Z,0,0,609,Versa 4
2026-05-08T12:03:20Z,0,0,-304,Versa 4
2026-05-08T12:03:21Z,0,0,304,Versa 4
2026-05-08T12:03:22Z,0,0,-304,Versa 4
2026-05-08T12:03:23Z,0,0,-609,Versa 4
2026-05-08T12:03:24Z,0,0,0,Versa 4
2026-05-08T12:03:25Z,0,0,0,Versa 4
2026-05-08T12:03:26Z,0,0,304,Versa 4
2026-05-08T12:03:27Z,0,0,0,Versa 4
2026-05-08T12:03:28Z,0,0,0,Versa 4
2026-05-08T12:03:29Z,0,0,0,Versa 4
2026-05-08T12:03:30Z,0,0,0,Versa 4
2026-05-08T12:03:31Z,0,0,-304,Versa 4
2026-05-08T12:03:32Z,1,0,609,Versa 4
2026-05-08T12:03:33Z,1,0,-304,Versa 4
2026-05-08T12:03:34Z,1,0,-304,Versa 4
2026-05-08T12:03:35Z,1,0,609,Versa 4
2026-05-08T12:03:36Z,1,0,609,Versa 4
2026-05-08T12:03:37Z,1,0,0,Versa 4
2026-05-08T12:03:38Z,1,140,0,Versa 4
2026-05-08T12:03:39Z,0,950,304,Versa 4
2026-05-08T12:03:40Z,0,0,-304,Versa 4
2026-05-08T12:03:41Z,0,0,-609,Versa 4
2026-05-08T12:03:42Z,0,430,0,Versa 4
2026-05-08T12:03:43Z,0,0,0,Versa 4
2026-05-08T12:03:44Z,1,0,0,Versa 4
2026-05-08T12:03:45Z,1,0,-609,Versa 4
2026-05-08T12:03:46Z,1,0,0,Versa 4
2026-05-08T12:03:47Z,2,0,0,Versa 4
2026-05-08T12:03:48Z,0,0,609,Versa 4
2026-05-08T12:03:49Z,1,0,-304,Versa 4
2026-05-08T12:03:50Z,1,0,304,Versa 4
2026-05-08T12:03:51Z,1,0,0,Versa 4
2026-05-08T12:03:52Z,1,0,0,Versa 4
2026-05-08T12:03:53Z,1,140,304,Versa 4
2026-05-08T12:03:54Z,2,330,-304,Versa 4
2026-05-08T12:03:55Z,0,450,0,Versa 4
2026-05-08T12:03:56Z,0,1170,0,Versa 4
2026-05-08T12:03:57Z,0,0,-304,Versa 4
2026-05-08T12:03:58Z,0,0,304,Versa 4
2026-05-08T12:03:59Z,0,0,0,Versa 4
2026-05-08T12:04:00Z,0,0,304,Versa 4
2026-05-08T12:04:01Z,0,0,-304,Versa 4
2026-05-08T12:04:02Z,0,0,304,Versa 4
2026-05-08T12:04:03Z,0,0,304,Versa 4
2026-05-08T12:04:04Z,0,0,-609,Versa 4
2026-05-08T12:04:05Z,0,0,304,Versa 4
2026-05-08T12:04:06Z,0,0,0,Versa 4
2026-05-08T12:04:07Z,0,0,-304,Versa 4
2026-05-08T12:04:08Z,0,0,0,Versa 4
2026-05-08T12:04:09Z,0,0,0,Versa 4
2026-05-08T12:04:10Z,0,0,304,Versa 4
2026-05-08T12:04:11Z,0,0,-304,Versa 4
2026-05-08T12:04:12Z,0,0,0,Versa 4
2026-05-08T12:04:13Z,0,0,0,Versa 4
2026-05-08T12:04:14Z,0,0,914,Versa 4
2026-05-08T12:04:15Z,0,0,-304,Versa 4
2026-05-08T12:04:16Z,0,0,0,Versa 4
2026-05-08T12:04:17Z,0,0,0,Versa 4
2026-05-08T12:04:18Z,0,0,609,Versa 4
2026-05-08T12:04:19Z,0,0,0,Versa 4
2026-05-08T12:04:20Z,0,0,-609,Versa 4
2026-05-08T12:04:21Z,0,0,0,Versa 4
2026-05-08T12:04:22Z,0,0,0,Versa 4
2026-05-08T12:04:23Z,0,0,-609,Versa 4
2026-05-08T12:04:24Z,0,0,914,Versa 4
2026-05-08T12:04:25Z,0,0,0,Versa 4
2026-05-08T12:04:26Z,0,0,0,Versa 4
2026-05-08T12:04:27Z,0,0,0,Versa 4
2026-05-08T12:04:28Z,0,0,-609,Versa 4
2026-05-08T12:04:29Z,0,0,0,Versa 4
2026-05-08T12:04:30Z,0,0,-304,Versa 4
2026-05-08T12:04:31Z,0,0,0,Versa 4
2026-05-08T12:04:32Z,0,0,0,Versa 4
2026-05-08T12:04:33Z,0,0,0,Versa 4
2026-05-08T12:04:34Z,0,0,0,Versa 4
2026-05-08T12:04:35Z,0,0,0,Versa 4
2026-05-08T12:04:36Z,0,0,0,Versa 4
2026-05-08T12:04:37Z,0,0,0,Versa 4
2026-05-08T12:04:38Z,0,0,-304,Versa 4
2026-05-08T12:04:39Z,0,0,304,Versa 4
2026-05-08T12:04:40Z,0,0,0,Versa 4
2026-05-08T12:04:41Z,0,0,304,Versa 4
2026-05-08T12:04:42Z,0,0,-304,Versa 4
2026-05-08T12:04:43Z,0,0,0,Versa 4
2026-05-08T12:04:44Z,0,0,0,Versa 4
2026-05-08T12:04:45Z,0,0,609,Versa 4
2026-05-08T12:04:46Z,0,0,-304,Versa 4
2026-05-08T12:04:47Z,0,0,0,Versa 4
2026-05-08T12:04:48Z,0,0,0,Versa 4
2026-05-08T12:04:49Z,0,0,304,Versa 4
2026-05-08T12:04:50Z,0,0,-304,Versa 4
2026-05-08T12:04:51Z,0,0,609,Versa 4
2026-05-08T12:04:52Z,0,0,-304,Versa 4
2026-05-08T12:04:53Z,0,0,0,Versa 4
2026-05-08T12:04:54Z,0,0,-304,Versa 4
2026-05-08T12:04:55Z,0,0,609,Versa 4
2026-05-08T12:04:56Z,0,0,-304,Versa 4
2026-05-08T12:04:57Z,0,0,-609,Versa 4
2026-05-08T12:04:58Z,0,0,304,Versa 4
2026-05-08T12:04:59Z,0,0,-304,Versa 4
2026-05-08T12:05:00Z,0,0,0,Versa 4
2026-05-08T12:05:01Z,0,0,304,Versa 4
2026-05-08T12:05:02Z,0,0,304,Versa 4
2026-05-08T12:05:03Z,0,0,-609,Versa 4
2026-05-08T12:05:04Z,0,0,0,Versa 4
2026-05-08T12:05:05Z,0,0,0,Versa 4
2026-05-08T12:05:06Z,0,0,0,Versa 4
2026-05-08T12:05:07Z,0,0,0,Versa 4
2026-05-08T12:05:08Z,0,0,0,Versa 4
2026-05-08T12:05:09Z,0,0,304,Versa 4
2026-05-08T12:05:10Z,0,0,-304,Versa 4
2026-05-08T12:05:11Z,0,0,0,Versa 4
2026-05-08T12:05:12Z,0,0,0,Versa 4
2026-05-08T12:05:13Z,0,0,0,Versa 4
2026-05-08T12:05:14Z,0,0,304,Versa 4
2026-05-08T12:05:15Z,2,0,0,Versa 4
2026-05-08T12:05:16Z,2,0,0,Versa 4
2026-05-08T12:05:17Z,0,0,0,Versa 4
2026-05-08T12:05:18Z,0,0,-304,Versa 4
2026-05-08T12:05:19Z,0,0,0,Versa 4
2026-05-08T12:05:20Z,0,0,-304,Versa 4
2026-05-08T12:05:21Z,0,0,0,Versa 4
2026-05-08T12:05:22Z,0,0,304,Versa 4
2026-05-08T12:05:23Z,0,0,0,Versa 4
2026-05-08T12:05:24Z,0,0,304,Versa 4
2026-05-08T12:05:25Z,0,0,0,Versa 4
2026-05-08T12:05:26Z,0,0,-304,Versa 4
2026-05-08T12:05:27Z,0,0,0,Versa 4
2026-05-08T12:05:28Z,0,0,0,Versa 4
2026-05-08T12:05:29Z,0,0,304,Versa 4
2026-05-08T12:05:30Z,0,0,-304,Versa 4
2026-05-08T12:05:31Z,0,0,304,Versa 4
2026-05-08T12:05:32Z,0,0,-304,Versa 4
2026-05-08T12:05:33Z,0,0,304,Versa 4
2026-05-08T12:05:34Z,0,0,0,Versa 4
2026-05-08T12:05:35Z,0,0,304,Versa 4
2026-05-08T12:05:36Z,0,0,-304,Versa 4
2026-05-08T12:05:37Z,0,0,304,Versa 4
2026-05-08T12:45:32Z,0,0,0,Versa 4
2026-05-08T12:45:33Z,2,0,0,Versa 4
2026-05-08T12:45:34Z,2,180,-304,Versa 4
2026-05-08T12:45:35Z,2,300,304,Versa 4
2026-05-08T12:45:36Z,1,430,0,Versa 4
2026-05-08T12:45:37Z,2,570,-609,Versa 4
2026-05-08T12:45:38Z,2,700,609,Versa 4
2026-05-08T12:45:39Z,2,790,-609,Versa 4
2026-05-08T12:45:40Z,2,860,0,Versa 4
2026-05-08T12:45:41Z,2,940,609,Versa 4
2026-05-08T12:45:42Z,2,1020,-609,Versa 4
2026-05-08T12:45:43Z,1,1040,609,Versa 4
2026-05-08T12:45:44Z,2,1290,-609,Versa 4
2026-05-08T12:45:45Z,1,1280,304,Versa 4
2026-05-08T12:45:46Z,2,1250,0,Versa 4
2026-05-08T12:45:47Z,2,1230,0,Versa 4
2026-05-08T12:45:48Z,2,1260,-304,Versa 4
2026-05-08T12:45:49Z,2,1280,609,Versa 4
2026-05-08T12:45:50Z,2,1330,-304,Versa 4
2026-05-08T12:45:51Z,2,1370,-304,Versa 4
2026-05-08T12:45:52Z,2,1400,0,Versa 4
2026-05-08T12:45:53Z,2,1420,304,Versa 4
2026-05-08T12:45:54Z,2,1430,-304,Versa 4
2026-05-08T12:45:55Z,2,1460,0,Versa 4
2026-05-08T12:45:56Z,2,1460,0,Versa 4
2026-05-08T12:45:57Z,1,1450,304,Versa 4
2026-05-08T12:45:58Z,2,1460,-304,Versa 4
2026-05-08T12:45:59Z,2,1450,0,Versa 4
2026-05-08T12:46:00Z,2,1440,-304,Versa 4
2026-05-08T12:46:01Z,2,1450,304,Versa 4
2026-05-08T12:46:02Z,2,1450,0,Versa 4
2026-05-08T12:46:03Z,2,1460,0,Versa 4
2026-05-08T12:46:04Z,2,1460,-304,Versa 4
2026-05-08T12:46:05Z,2,1460,304,Versa 4
2026-05-08T12:46:06Z,2,1460,304,Versa 4
2026-05-08T12:46:07Z,1,1470,-304,Versa 4
2026-05-08T12:46:08Z,2,1460,304,Versa 4
2026-05-08T12:46:09Z,2,1450,0,Versa 4
2026-05-08T12:46:10Z,2,1450,0,Versa 4
2026-05-08T12:46:11Z,2,1460,0,Versa 4
2026-05-08T12:46:12Z,2,1450,0,Versa 4
2026-05-08T12:46:13Z,1,1440,0,Versa 4
2026-05-08T12:46:14Z,2,1450,609,Versa 4
2026-05-08T12:46:15Z,2,1450,-609,Versa 4
2026-05-08T12:46:16Z,2,1430,304,Versa 4
2026-05-08T12:46:17Z,2,1440,304,Versa 4
2026-05-08T12:46:18Z,2,1440,-609,Versa 4
2026-05-08T12:46:19Z,2,1440,609,Versa 4
2026-05-08T12:46:20Z,2,1430,-914,Versa 4
2026-05-08T12:46:21Z,1,1440,304,Versa 4
2026-05-08T12:46:22Z,2,1440,609,Versa 4
2026-05-08T12:46:23Z,2,1440,0,Versa 4
2026-05-08T12:46:24Z,2,1420,-609,Versa 4
2026-05-08T12:46:25Z,2,1430,609,Versa 4
2026-05-08T12:46:26Z,2,1430,-304,Versa 4
2026-05-08T12:46:27Z,2,1430,-304,Versa 4
2026-05-08T12:46:28Z,1,1430,609,Versa 4
2026-05-08T12:46:29Z,2,1430,-609,Versa 4
2026-05-08T12:46:30Z,2,1430,609,Versa 4
2026-05-08T12:46:31Z,2,1420,0,Versa 4
2026-05-08T12:46:32Z,2,1420,0,Versa 4
2026-05-08T12:46:33Z,2,1420,0,Versa 4
2026-05-08T12:46:34Z,2,1420,-609,Versa 4
2026-05-08T12:46:35Z,2,1430,304,Versa 4
2026-05-08T12:46:36Z,1,1420,-304,Versa 4
2026-05-08T12:46:37Z,2,1430,0,Versa 4
2026-05-08T12:46:38Z,2,1420,609,Versa 4
2026-05-08T12:46:39Z,2,1410,304,Versa 4
2026-05-08T12:46:40Z,2,1420,0,Versa 4
2026-05-08T12:46:41Z,2,1410,-304,Versa 4
2026-05-08T12:46:42Z,1,1410,0,Versa 4
2026-05-08T12:46:43Z,2,1420,0,Versa 4
2026-05-08T12:46:44Z,2,1410,0,Versa 4
2026-05-08T12:46:45Z,2,1420,0,Versa 4
2026-05-08T12:46:46Z,2,1400,0,Versa 4
2026-05-08T12:46:47Z,2,1420,0,Versa 4
2026-05-08T12:46:48Z,2,1410,-304,Versa 4
2026-05-08T12:46:49Z,1,1410,0,Versa 4
2026-05-08T12:46:50Z,2,1410,-304,Versa 4
2026-05-08T12:46:51Z,2,1410,609,Versa 4
2026-05-08T12:46:52Z,2,1400,304,Versa 4
2026-05-08T12:46:53Z,2,1410,0,Versa 4
2026-05-08T12:46:54Z,2,1410,0,Versa 4
2026-05-08T12:46:55Z,2,1400,-304,Versa 4
2026-05-08T12:46:56Z,2,1410,304,Versa 4
2026-05-08T12:46:57Z,1,1400,-304,Versa 4
2026-05-08T12:46:58Z,2,1410,0,Versa 4
2026-05-08T12:46:59Z,2,1410,0,Versa 4
2026-05-08T12:47:00Z,2,1400,-304,Versa 4
2026-05-08T12:47:01Z,2,1400,609,Versa 4
2026-05-08T12:47:02Z,2,1410,0,Versa 4
2026-05-08T12:47:03Z,2,1400,-304,Versa 4
2026-05-08T12:47:04Z,1,1410,304,Versa 4
2026-05-08T12:47:05Z,2,1410,-304,Versa 4
2026-05-08T12:47:06Z,2,1400,304,Versa 4
2026-05-08T12:47:07Z,2,1390,0,Versa 4
2026-05-08T12:47:08Z,2,1400,-304,Versa 4
2026-05-08T12:47:09Z,1,1400,-304,Versa 4
2026-05-08T12:47:10Z,2,1400,-304,Versa 4
2026-05-08T12:47:11Z,2,1390,609,Versa 4
2026-05-08T12:47:12Z,2,1390,-304,Versa 4
2026-05-08T12:47:13Z,2,1390,304,Versa 4
2026-05-08T12:47:14Z,2,1390,0,Versa 4
2026-05-08T12:47:15Z,2,1400,-304,Versa 4
2026-05-08T12:47:16Z,2,1400,609,Versa 4
2026-05-08T12:47:17Z,2,1400,0,Versa 4
2026-05-08T12:47:18Z,1,1400,-304,Versa 4
2026-05-08T12:47:19Z,2,1390,0,Versa 4
2026-05-08T12:47:20Z,2,1400,0,Versa 4
2026-05-08T12:47:21Z,2,1400,304,Versa 4
2026-05-08T12:47:22Z,2,1390,-304,Versa 4
2026-05-08T12:47:23Z,2,1400,304,Versa 4
2026-05-08T12:47:24Z,1,1400,-304,Versa 4
2026-05-08T12:47:25Z,2,1390,0,Versa 4
2026-05-08T12:47:26Z,2,1390,-304,Versa 4
2026-05-08T12:47:27Z,2,1390,304,Versa 4
2026-05-08T12:47:28Z,2,1390,-304,Versa 4
2026-05-08T12:47:29Z,2,1390,304,Versa 4
2026-05-08T12:47:30Z,1,1390,0,Versa 4
2026-05-08T12:47:31Z,2,1390,0,Versa 4
2026-05-08T12:47:32Z,2,1390,0,Versa 4
2026-05-08T12:47:33Z,2,1390,-304,Versa 4
2026-05-08T12:47:34Z,2,1390,304,Versa 4
2026-05-08T12:47:35Z,2,1390,-304,Versa 4
2026-05-08T12:47:36Z,2,1390,0,Versa 4
2026-05-08T12:47:37Z,1,1390,-304,Versa 4
2026-05-08T12:47:38Z,2,1390,304,Versa 4
2026-05-08T12:47:39Z,2,1390,0,Versa 4
2026-05-08T12:47:40Z,2,1380,304,Versa 4
2026-05-08T12:47:41Z,2,1390,-304,Versa 4
2026-05-08T12:47:42Z,2,1390,0,Versa 4
2026-05-08T12:47:43Z,2,1390,304,Versa 4
2026-05-08T12:47:44Z,2,1390,-304,Versa 4
2026-05-08T12:47:45Z,2,1400,304,Versa 4
2026-05-08T12:47:46Z,2,1390,0,Versa 4
2026-05-08T12:47:47Z,2,1390,0,Versa 4
2026-05-08T12:47:48Z,1,1400,0,Versa 4
2026-05-08T12:47:49Z,2,1390,0,Versa 4
2026-05-08T12:47:50Z,2,1390,0,Versa 4
2026-05-08T12:47:51Z,2,1390,0,Versa 4
2026-05-08T12:47:52Z,2,1400,0,Versa 4
2026-05-08T12:47:53Z,2,1390,-304,Versa 4
2026-05-08T12:47:54Z,1,1390,304,Versa 4
2026-05-08T12:47:55Z,2,1390,0,Versa 4
2026-05-08T12:47:56Z,2,1390,0,Versa 4
2026-05-08T12:47:57Z,2,1390,0,Versa 4
2026-05-08T12:47:58Z,2,1380,-609,Versa 4
2026-05-08T12:47:59Z,2,1390,609,Versa 4
2026-05-08T12:48:00Z,2,1390,0,Versa 4
2026-05-08T12:48:01Z,2,1390,0,Versa 4
2026-05-08T12:48:02Z,2,1400,0,Versa 4
2026-05-08T12:48:03Z,2,1400,-304,Versa 4
2026-05-08T12:48:04Z,1,1400,304,Versa 4
2026-05-08T12:48:05Z,2,1400,-304,Versa 4
2026-05-08T12:48:06Z,2,1390,609,Versa 4
2026-05-08T12:48:07Z,2,1390,0,Versa 4
2026-05-08T12:48:08Z,2,1390,-304,Versa 4
2026-05-08T12:48:09Z,2,1390,0,Versa 4
2026-05-08T12:48:10Z,2,1400,-609,Versa 4
2026-05-08T12:48:11Z,1,1400,609,Versa 4
2026-05-08T12:48:12Z,2,1390,-304,Versa 4
2026-05-08T12:48:13Z,2,1390,304,Versa 4
2026-05-08T12:48:14Z,2,1390,-609,Versa 4
2026-05-08T12:48:15Z,2,1390,304,Versa 4
2026-05-08T12:48:16Z,2,1390,0,Versa 4
2026-05-08T12:48:17Z,2,1390,0,Versa 4
2026-05-08T12:48:18Z,2,1400,0,Versa 4
2026-05-08T12:48:19Z,2,1400,304,Versa 4
2026-05-08T12:48:20Z,2,1400,0,Versa 4
2026-05-08T12:48:21Z,1,1390,304,Versa 4
2026-05-08T12:48:22Z,2,1400,-304,Versa 4
2026-05-08T12:48:23Z,2,1400,0,Versa 4
2026-05-08T12:48:24Z,2,1400,0,Versa 4
2026-05-08T12:48:25Z,2,1390,0,Versa 4
2026-05-08T12:48:26Z,2,1400,0,Versa 4
2026-05-08T12:48:27Z,1,1400,-609,Versa 4
2026-05-08T12:48:28Z,3,1390,-304,Versa 4
2026-05-08T12:48:29Z,1,1400,609,Versa 4
2026-05-08T12:48:30Z,2,1390,-609,Versa 4
2026-05-08T12:48:31Z,2,1390,609,Versa 4
2026-05-08T12:48:32Z,2,1400,-609,Versa 4
2026-05-08T12:48:33Z,2,1390,0,Versa 4
2026-05-08T12:48:34Z,2,1400,304,Versa 4
2026-05-08T12:48:35Z,1,1400,0,Versa 4
2026-05-08T12:48:36Z,2,1390,0,Versa 4
2026-05-08T12:48:37Z,2,1390,0,Versa 4
2026-05-08T12:48:38Z,2,1390,304,Versa 4
2026-05-08T12:48:39Z,2,1390,-609,Versa 4
2026-05-08T12:48:40Z,2,1390,0,Versa 4
2026-05-08T12:48:41Z,1,1390,304,Versa 4
2026-05-08T12:48:42Z,2,1390,-304,Versa 4
2026-05-08T12:48:43Z,2,1400,0,Versa 4
2026-05-08T12:48:44Z,2,1390,0,Versa 4
2026-05-08T12:48:45Z,2,1380,304,Versa 4
2026-05-08T12:48:46Z,2,1390,0,Versa 4
2026-05-08T12:48:47Z,2,1390,-304,Versa 4
2026-05-08T12:48:48Z,1,1390,304,Versa 4
2026-05-08T12:48:49Z,2,1390,0,Versa 4
2026-05-08T12:48:50Z,2,1390,0,Versa 4
2026-05-08T12:48:51Z,2,1380,-304,Versa 4
2026-05-08T12:48:52Z,2,1390,0,Versa 4
2026-05-08T12:48:53Z,1,1380,0,Versa 4
2026-05-08T12:48:54Z,2,1380,0,Versa 4
2026-05-08T12:48:55Z,2,1390,0,Versa 4
2026-05-08T12:48:56Z,2,1380,0,Versa 4
2026-05-08T12:48:57Z,2,1380,304,Versa 4
2026-05-08T12:48:58Z,2,1380,0,Versa 4
2026-05-08T12:48:59Z,1,1390,0,Versa 4
2026-05-08T12:49:00Z,1,1370,-304,Versa 4
2026-05-08T12:49:01Z,3,1380,0,Versa 4
2026-05-08T12:49:02Z,2,1370,0,Versa 4
2026-05-08T12:49:03Z,2,1380,304,Versa 4
2026-05-08T12:49:04Z,1,1370,-609,Versa 4
2026-05-08T12:49:05Z,2,1380,-304,Versa 4
2026-05-08T12:49:06Z,2,1370,914,Versa 4
2026-05-08T12:49:07Z,1,1370,-1219,Versa 4
2026-05-08T12:49:08Z,2,1370,609,Versa 4
2026-05-08T12:49:09Z,2,1360,-304,Versa 4
2026-05-08T12:49:10Z,2,1370,-609,Versa 4
2026-05-08T12:49:11Z,2,1370,304,Versa 4
2026-05-08T12:49:12Z,2,1370,-304,Versa 4
2026-05-08T12:49:13Z,2,1360,609,Versa 4
2026-05-08T12:49:14Z,1,1370,-304,Versa 4
2026-05-08T12:49:15Z,2,1370,914,Versa 4
2026-05-08T12:49:16Z,2,1360,-609,Versa 4
2026-05-08T12:49:17Z,2,1370,304,Versa 4
2026-05-08T12:49:18Z,2,1370,-609,Versa 4
2026-05-08T12:49:19Z,1,1370,304,Versa 4
2026-05-08T12:49:20Z,2,1360,0,Versa 4
2026-05-08T12:49:21Z,2,1370,0,Versa 4
2026-05-08T12:49:22Z,2,1370,609,Versa 4
2026-05-08T12:49:23Z,2,1360,609,Versa 4
2026-05-08T12:49:24Z,2,1370,-304,Versa 4
2026-05-08T12:49:25Z,2,1370,304,Versa 4
2026-05-08T12:49:26Z,2,1370,0,Versa 4
2026-05-08T12:49:27Z,2,1380,-304,Versa 4
2026-05-08T12:49:28Z,2,1380,-304,Versa 4
2026-05-08T12:49:29Z,2,1370,304,Versa 4
2026-05-08T12:49:30Z,2,1390,304,Versa 4
2026-05-08T12:49:31Z,2,1380,0,Versa 4
2026-05-08T12:49:32Z,2,1380,-304,Versa 4
2026-05-08T12:49:33Z,1,1390,304,Versa 4
2026-05-08T12:49:34Z,2,1380,-609,Versa 4
2026-05-08T12:49:35Z,2,1380,-304,Versa 4
2026-05-08T12:49:36Z,2,1380,609,Versa 4
2026-05-08T12:49:37Z,2,1390,304,Versa 4
2026-05-08T12:49:38Z,2,1380,-609,Versa 4
2026-05-08T12:49:39Z,2,1380,304,Versa 4
2026-05-08T12:49:40Z,2,1390,-609,Versa 4
2026-05-08T12:49:41Z,1,1390,0,Versa 4
2026-05-08T12:49:42Z,2,1390,0,Versa 4
2026-05-08T12:49:43Z,2,1380,0,Versa 4
2026-05-08T12:49:44Z,2,1380,304,Versa 4
2026-05-08T12:49:45Z,2,1380,0,Versa 4
2026-05-08T12:49:46Z,2,1390,304,Versa 4
2026-05-08T12:49:47Z,1,1380,-304,Versa 4
2026-05-08T12:49:48Z,2,1380,0,Versa 4
2026-05-08T12:49:49Z,2,1390,-304,Versa 4
2026-05-08T12:49:50Z,1,1330,609,Versa 4
2026-05-08T12:49:51Z,1,1260,304,Versa 4
2026-05-08T12:49:52Z,2,1260,0,Versa 4
2026-05-08T12:49:53Z,2,1260,-304,Versa 4
2026-05-08T12:49:54Z,1,1200,0,Versa 4
2026-05-08T12:49:55Z,2,1200,0,Versa 4
2026-05-08T12:49:56Z,1,1200,0,Versa 4
2026-05-08T12:49:57Z,2,1210,0,Versa 4
2026-05-08T12:49:58Z,1,1160,0,Versa 4
2026-05-08T12:49:59Z,2,1170,0,Versa 4
2026-05-08T12:50:00Z,1,1130,0,Versa 4
2026-05-08T12:50:01Z,2,1130,0,Versa 4
2026-05-08T12:50:02Z,2,1130,-304,Versa 4
2026-05-08T12:50:03Z,2,1140,0,Versa 4
2026-05-08T12:50:04Z,1,1150,304,Versa 4
2026-05-08T12:50:05Z,2,1140,0,Versa 4
2026-05-08T12:50:06Z,2,1150,0,Versa 4
2026-05-08T12:50:07Z,2,1160,0,Versa 4
2026-05-08T12:50:08Z,2,1150,-304,Versa 4
2026-05-08T12:50:09Z,2,1250,304,Versa 4
2026-05-08T12:50:10Z,1,1240,-304,Versa 4
2026-05-08T12:50:11Z,2,1250,0,Versa 4
2026-05-08T12:50:12Z,2,1250,0,Versa 4
2026-05-08T12:50:13Z,2,1250,304,Versa 4
2026-05-08T12:50:14Z,2,1250,0,Versa 4
2026-05-08T12:50:15Z,1,1260,304,Versa 4
2026-05-08T12:50:16Z,2,1250,-609,Versa 4
2026-05-08T12:50:17Z,1,1260,304,Versa 4
2026-05-08T12:50:18Z,2,1260,-304,Versa 4
2026-05-08T12:50:19Z,2,1250,609,Versa 4
2026-05-08T12:50:20Z,2,1260,-304,Versa 4
2026-05-08T12:50:21Z,2,1260,304,Versa 4
2026-05-08T12:50:22Z,1,1250,-304,Versa 4
2026-05-08T12:50:23Z,2,1260,-304,Versa 4
2026-05-08T12:50:24Z,2,1270,304,Versa 4
2026-05-08T12:50:25Z,2,1260,-304,Versa 4
2026-05-08T12:50:26Z,1,1270,304,Versa 4
2026-05-08T12:50:27Z,1,1260,-304,Versa 4
2026-05-08T12:50:28Z,1,1200,0,Versa 4
2026-05-08T12:50:29Z,3,1200,0,Versa 4
2026-05-08T12:50:30Z,2,1210,0,Versa 4
2026-05-08T12:50:31Z,2,1210,304,Versa 4
2026-05-08T12:50:32Z,1,1210,0,Versa 4
2026-05-08T12:50:33Z,2,1280,-304,Versa 4
2026-05-08T12:50:34Z,2,1280,0,Versa 4
2026-05-08T12:50:35Z,1,1280,609,Versa 4
2026-05-08T12:50:36Z,2,1280,-609,Versa 4
2026-05-08T12:50:37Z,2,1280,304,Versa 4
2026-05-08T12:50:38Z,1,1280,-304,Versa 4
2026-05-08T12:50:39Z,0,1180,0,Versa 4
2026-05-08T12:50:40Z,0,1070,0,Versa 4
2026-05-08T12:50:41Z,1,910,-304,Versa 4
2026-05-08T12:50:42Z,1,0,-304,Versa 4
2026-05-08T12:50:43Z,1,0,609,Versa 4
2026-05-08T12:50:44Z,0,0,304,Versa 4
2026-05-08T12:50:45Z,4,0,-609,Versa 4
2026-05-08T12:50:46Z,1,0,0,Versa 4
2026-05-08T12:50:47Z,0,0,-304,Versa 4
2026-05-08T12:50:48Z,1,0,0,Versa 4
2026-05-08T12:50:49Z,3,0,609,Versa 4
2026-05-08T12:50:50Z,2,140,609,Versa 4
2026-05-08T12:50:51Z,1,280,0,Versa 4
2026-05-08T12:50:52Z,1,430,-914,Versa 4
2026-05-08T12:50:53Z,1,560,0,Versa 4
2026-05-08T12:50:54Z,2,740,-609,Versa 4
2026-05-08T12:50:55Z,1,770,609,Versa 4
2026-05-08T12:50:56Z,3,850,0,Versa 4
2026-05-08T12:50:57Z,1,930,0,Versa 4
2026-05-08T12:50:58Z,1,980,0,Versa 4
2026-05-08T12:50:59Z,1,990,0,Versa 4
2026-05-08T12:51:00Z,1,1030,0,Versa 4
2026-05-08T12:51:01Z,1,1020,0,Versa 4
2026-05-08T12:51:02Z,2,1020,0,Versa 4
2026-05-08T12:51:03Z,1,1030,-304,Versa 4
2026-05-08T12:51:04Z,2,1020,-609,Versa 4
2026-05-08T12:51:05Z,1,1020,304,Versa 4
2026-05-08T12:51:06Z,2,1070,0,Versa 4
2026-05-08T12:51:07Z,2,1090,-304,Versa 4
2026-05-08T12:51:09Z,1,1120,0,Versa 4
2026-05-08T12:51:10Z,3,1170,0,Versa 4
2026-05-08T12:51:11Z,2,1250,609,Versa 4
2026-05-08T12:51:12Z,1,1270,914,Versa 4
2026-05-08T12:51:13Z,2,1290,-609,Versa 4
2026-05-08T12:51:14Z,1,1310,-304,Versa 4
2026-05-08T12:51:15Z,1,1290,0,Versa 4
2026-05-08T12:51:16Z,4,1310,-304,Versa 4
2026-05-08T12:51:17Z,1,1310,-304,Versa 4
2026-05-08T12:51:18Z,0,1310,609,Versa 4
2026-05-08T12:51:19Z,1,1290,304,Versa 4
2026-05-08T12:51:20Z,2,1300,-609,Versa 4
2026-05-08T12:51:21Z,0,1120,0,Versa 4
2026-05-08T12:51:22Z,0,1790,304,Versa 4
2026-05-08T12:51:23Z,0,0,304,Versa 4
2026-05-08T12:51:24Z,0,0,-609,Versa 4
2026-05-08T12:51:25Z,0,0,609,Versa 4
2026-05-08T12:51:26Z,0,0,609,Versa 4
2026-05-08T12:51:27Z,0,0,0,Versa 4
2026-05-08T12:51:28Z,0,0,-304,Versa 4
2026-05-08T12:51:29Z,0,0,0,Versa 4
2026-05-08T12:51:30Z,0,0,0,Versa 4
2026-05-08T12:51:31Z,1,0,-914,Versa 4
2026-05-08T12:51:32Z,2,0,914,Versa 4
2026-05-08T12:51:33Z,1,0,-609,Versa 4
2026-05-08T12:51:34Z,2,140,609,Versa 4
2026-05-08T12:51:35Z,2,310,-304,Versa 4
2026-05-08T12:51:36Z,0,450,0,Versa 4
2026-05-08T12:51:37Z,2,620,304,Versa 4
2026-05-08T12:51:38Z,1,780,-1219,Versa 4
2026-05-08T12:51:39Z,2,840,-304,Versa 4
2026-05-08T12:51:40Z,1,830,1219,Versa 4
2026-05-08T12:51:41Z,1,880,-609,Versa 4
2026-05-08T12:51:42Z,2,900,0,Versa 4
2026-05-08T12:51:43Z,2,960,609,Versa 4
2026-05-08T12:51:44Z,1,1020,0,Versa 4
2026-05-08T12:51:45Z,2,1060,-609,Versa 4
2026-05-08T12:51:46Z,2,1130,0,Versa 4
2026-05-08T12:51:47Z,2,1180,304,Versa 4
2026-05-08T12:51:48Z,1,1190,609,Versa 4
2026-05-08T12:51:49Z,1,1190,304,Versa 4
2026-05-08T12:51:50Z,2,1190,-304,Versa 4
2026-05-08T12:51:51Z,2,1180,0,Versa 4
2026-05-08T12:51:52Z,1,1180,304,Versa 4
2026-05-08T12:51:53Z,2,1180,-1219,Versa 4
2026-05-08T12:51:54Z,0,1180,0,Versa 4
2026-05-08T12:51:55Z,1,1070,914,Versa 4
2026-05-08T12:51:56Z,1,0,0,Versa 4
2026-05-08T12:51:57Z,0,0,0,Versa 4
2026-05-08T12:51:58Z,1,0,0,Versa 4
2026-05-08T12:51:59Z,2,0,-304,Versa 4
2026-05-08T12:52:00Z,2,1170,304,Versa 4
2026-05-08T12:52:01Z,3,430,-609,Versa 4
2026-05-08T12:52:02Z,1,610,304,Versa 4
2026-05-08T12:52:03Z,1,770,0,Versa 4
2026-05-08T12:52:04Z,0,900,304,Versa 4
2026-05-08T12:52:05Z,0,850,0,Versa 4
2026-05-08T12:52:06Z,0,0,0,Versa 4
2026-05-08T12:52:07Z,1,0,609,Versa 4
2026-05-08T12:52:08Z,1,0,-304,Versa 4
2026-05-08T12:52:09Z,1,0,-914,Versa 4
2026-05-08T12:52:10Z,0,0,1219,Versa 4
2026-05-08T12:52:11Z,4,0,-609,Versa 4
2026-05-08T12:52:12Z,0,0,609,Versa 4
2026-05-08T12:52:13Z,1,0,-609,Versa 4
2026-05-08T12:52:14Z,1,0,-609,Versa 4
2026-05-08T12:52:15Z,1,0,609,Versa 4
2026-05-08T12:52:16Z,2,140,0,Versa 4
2026-05-08T12:52:17Z,1,280,304,Versa 4
2026-05-08T12:52:18Z,0,390,-609,Versa 4
2026-05-08T12:52:19Z,2,540,304,Versa 4
2026-05-08T12:52:20Z,2,720,0,Versa 4
2026-05-08T12:52:21Z,2,790,0,Versa 4
2026-05-08T12:52:22Z,1,840,304,Versa 4
2026-05-08T12:52:23Z,2,940,0,Versa 4
2026-05-08T12:52:24Z,2,1030,0,Versa 4
2026-05-08T12:52:25Z,0,1030,0,Versa 4
2026-05-08T12:52:26Z,0,1060,304,Versa 4
2026-05-08T12:52:27Z,1,940,-304,Versa 4
2026-05-08T12:52:28Z,1,0,0,Versa 4
2026-05-08T12:52:29Z,1,0,0,Versa 4
2026-05-08T12:52:30Z,3,360,0,Versa 4
2026-05-08T12:52:31Z,1,450,609,Versa 4
2026-05-08T12:52:32Z,1,550,-609,Versa 4
2026-05-08T12:52:33Z,2,690,0,Versa 4
2026-05-08T12:52:34Z,2,880,304,Versa 4
2026-05-08T12:52:35Z,2,930,-304,Versa 4
2026-05-08T12:52:36Z,1,990,0,Versa 4
2026-05-08T12:52:37Z,0,990,0,Versa 4
2026-05-08T12:52:38Z,0,920,304,Versa 4
2026-05-08T12:52:39Z,0,800,-304,Versa 4
2026-05-08T12:52:40Z,0,0,-304,Versa 4
2026-05-08T12:52:41Z,0,0,0,Versa 4
2026-05-08T12:52:42Z,0,0,0,Versa 4
2026-05-08T12:52:43Z,0,0,0,Versa 4
2026-05-08T12:52:44Z,0,0,304,Versa 4
2026-05-08T12:52:45Z,0,0,-304,Versa 4
2026-05-08T12:52:46Z,0,0,0,Versa 4
2026-05-08T12:52:47Z,0,0,0,Versa 4
2026-05-08T12:52:48Z,0,0,0,Versa 4
2026-05-08T12:52:49Z,2,0,304,Versa 4
2026-05-08T12:52:50Z,2,0,304,Versa 4
2026-05-08T12:52:51Z,0,0,-304,Versa 4
2026-05-08T12:52:52Z,0,0,0,Versa 4
2026-05-08T12:52:53Z,0,0,0,Versa 4
2026-05-08T12:52:54Z,0,0,0,Versa 4
2026-05-08T12:52:55Z,0,0,0,Versa 4
2026-05-08T12:52:56Z,0,0,0,Versa 4
2026-05-08T12:52:57Z,0,0,304,Versa 4
2026-05-08T12:52:58Z,0,0,0,Versa 4
2026-05-08T12:52:59Z,0,0,0,Versa 4
2026-05-08T12:53:00Z,0,0,-304,Versa 4
2026-05-08T12:53:01Z,0,0,304,Versa 4
2026-05-08T12:53:02Z,1,0,304,Versa 4
2026-05-08T12:53:03Z,1,0,-304,Versa 4
2026-05-08T12:53:04Z,0,0,0,Versa 4
2026-05-08T12:53:05Z,4,0,609,Versa 4
2026-05-08T12:53:06Z,2,0,-304,Versa 4
2026-05-08T12:53:07Z,2,0,0,Versa 4
2026-05-08T12:53:08Z,1,0,0,Versa 4
2026-05-08T12:53:09Z,1,140,0,Versa 4
2026-05-08T12:53:10Z,2,310,0,Versa 4
2026-05-08T12:53:11Z,1,490,609,Versa 4
2026-05-08T12:53:12Z,1,640,-2133,Versa 4
2026-05-08T12:53:13Z,1,810,914,Versa 4
2026-05-08T12:53:14Z,3,880,304,Versa 4
2026-05-08T12:53:15Z,1,920,0,Versa 4
2026-05-08T12:53:16Z,1,930,0,Versa 4
2026-05-08T12:53:17Z,1,940,609,Versa 4
2026-05-08T12:53:18Z,1,960,-609,Versa 4
2026-05-08T12:53:19Z,2,980,0,Versa 4
2026-05-08T12:53:20Z,1,950,304,Versa 4
2026-05-08T12:53:21Z,0,950,-304,Versa 4
2026-05-08T12:53:22Z,2,950,304,Versa 4
2026-05-08T12:53:23Z,1,950,0,Versa 4
2026-05-08T12:53:24Z,2,940,0,Versa 4
2026-05-08T12:53:25Z,0,940,-304,Versa 4
2026-05-08T12:53:26Z,0,940,304,Versa 4
2026-05-08T12:53:27Z,1,810,304,Versa 4
2026-05-08T12:53:28Z,2,0,-304,Versa 4
2026-05-08T12:53:29Z,1,0,0,Versa 4
2026-05-08T12:53:30Z,0,0,304,Versa 4
2026-05-08T12:53:31Z,4,0,-304,Versa 4
2026-05-08T12:53:32Z,2,0,0,Versa 4
2026-05-08T12:53:33Z,1,0,0,Versa 4
2026-05-08T12:53:34Z,1,150,0,Versa 4
2026-05-08T12:53:35Z,1,290,0,Versa 4
2026-05-08T12:53:36Z,1,430,-304,Versa 4
2026-05-08T12:53:37Z,0,530,304,Versa 4
2026-05-08T12:53:38Z,1,640,0,Versa 4
2026-05-08T12:53:39Z,0,600,-609,Versa 4
2026-05-08T12:53:40Z,1,550,-304,Versa 4
2026-05-08T12:53:41Z,0,0,304,Versa 4
2026-05-08T12:53:42Z,0,0,-304,Versa 4
2026-05-08T12:53:43Z,0,0,0,Versa 4
2026-05-08T12:53:44Z,0,0,0,Versa 4
2026-05-08T12:53:45Z,0,0,304,Versa 4
2026-05-08T12:53:46Z,0,0,609,Versa 4
2026-05-08T12:53:47Z,0,0,-304,Versa 4
2026-05-08T12:53:48Z,0,0,304,Versa 4
2026-05-08T12:53:49Z,0,0,-609,Versa 4
2026-05-08T12:53:50Z,0,0,0,Versa 4
2026-05-08T12:53:51Z,0,0,-304,Versa 4
2026-05-08T12:53:52Z,0,0,0,Versa 4
2026-05-08T12:53:53Z,0,0,0,Versa 4
2026-05-08T12:53:54Z,0,0,304,Versa 4
2026-05-08T12:53:55Z,0,0,0,Versa 4
2026-05-08T12:53:56Z,0,0,0,Versa 4
2026-05-08T12:53:57Z,0,0,-304,Versa 4
2026-05-08T12:53:58Z,0,0,0,Versa 4
2026-05-08T12:53:59Z,0,0,914,Versa 4
2026-05-08T12:54:00Z,0,0,-304,Versa 4
2026-05-08T12:54:01Z,0,0,-304,Versa 4
2026-05-08T12:54:02Z,0,0,304,Versa 4
2026-05-08T12:54:03Z,0,0,304,Versa 4
2026-05-08T12:54:04Z,1,0,-914,Versa 4
2026-05-08T12:54:05Z,1,0,0,Versa 4
2026-05-08T12:54:06Z,3,0,0,Versa 4
2026-05-08T12:54:07Z,0,0,304,Versa 4
2026-05-08T12:54:08Z,2,140,-304,Versa 4
2026-05-08T12:54:09Z,1,280,0,Versa 4
2026-05-08T12:54:10Z,1,420,0,Versa 4
2026-05-08T12:54:11Z,0,530,-304,Versa 4
2026-05-08T12:54:12Z,2,680,304,Versa 4
2026-05-08T12:54:13Z,3,760,304,Versa 4
2026-05-08T12:54:14Z,1,810,-304,Versa 4
2026-05-08T12:54:15Z,0,820,304,Versa 4
2026-05-08T12:54:16Z,0,1590,0,Versa 4
2026-05-08T12:54:17Z,0,0,0,Versa 4
2026-05-08T12:54:18Z,0,0,304,Versa 4
2026-05-08T12:54:19Z,0,0,-304,Versa 4
2026-05-08T12:54:20Z,0,0,304,Versa 4
2026-05-08T12:54:21Z,0,0,304,Versa 4
2026-05-08T12:54:22Z,0,0,-1219,Versa 4
2026-05-08T12:54:23Z,0,0,1219,Versa 4
2026-05-08T12:54:24Z,1,0,0,Versa 4
2026-05-08T12:54:25Z,1,0,0,Versa 4
2026-05-08T12:54:26Z,2,0,-609,Versa 4
2026-05-08T12:54:27Z,2,0,-609,Versa 4
2026-05-08T12:54:28Z,2,0,0,Versa 4
2026-05-08T12:54:29Z,2,0,0,Versa 4
2026-05-08T12:54:30Z,2,0,0,Versa 4
2026-05-08T12:54:31Z,2,0,0,Versa 4
2026-05-08T12:54:32Z,1,0,609,Versa 4
2026-05-08T12:54:33Z,1,150,-609,Versa 4
2026-05-08T12:54:34Z,1,280,0,Versa 4
2026-05-08T12:54:35Z,0,390,0,Versa 4
2026-05-08T12:54:36Z,0,990,0,Versa 4
2026-05-08T12:54:37Z,0,0,0,Versa 4
2026-05-08T12:54:38Z,0,0,0,Versa 4
2026-05-08T12:54:39Z,0,0,0,Versa 4
2026-05-08T12:54:40Z,0,0,-304,Versa 4
2026-05-08T12:54:41Z,0,0,0,Versa 4
2026-05-08T12:54:42Z,0,0,0,Versa 4
2026-05-08T12:54:43Z,0,0,0,Versa 4
2026-05-08T12:54:44Z,0,0,304,Versa 4
2026-05-08T12:54:45Z,0,0,304,Versa 4
2026-05-08T12:54:46Z,0,0,-304,Versa 4
2026-05-08T12:54:47Z,0,0,609,Versa 4
2026-05-08T12:54:48Z,0,0,-609,Versa 4
2026-05-08T12:54:49Z,0,0,304,Versa 4
2026-05-08T12:54:50Z,0,0,-304,Versa 4
2026-05-08T12:54:51Z,0,0,609,Versa 4
2026-05-08T12:54:52Z,0,0,304,Versa 4
2026-05-08T12:54:53Z,0,0,-609,Versa 4
2026-05-08T12:54:54Z,0,0,-304,Versa 4
2026-05-08T12:54:55Z,0,0,0,Versa 4
2026-05-08T12:54:56Z,0,0,0,Versa 4
2026-05-08T12:54:57Z,0,0,0,Versa 4
2026-05-08T12:54:58Z,0,0,0,Versa 4
2026-05-08T12:54:59Z,0,0,0,Versa 4
2026-05-08T12:55:00Z,0,0,304,Versa 4
2026-05-08T12:55:01Z,0,0,-304,Versa 4
2026-05-08T12:55:02Z,0,0,0,Versa 4
2026-05-08T12:55:03Z,0,0,0,Versa 4
2026-05-08T12:55:04Z,0,0,304,Versa 4
2026-05-08T12:55:05Z,0,0,-304,Versa 4
2026-05-08T12:55:06Z,0,0,-304,Versa 4
2026-05-08T12:55:07Z,1,0,-304,Versa 4
2026-05-08T12:55:08Z,1,0,304,Versa 4
2026-05-08T12:55:09Z,2,140,609,Versa 4
2026-05-08T12:55:10Z,0,240,0,Versa 4
2026-05-08T12:55:11Z,0,330,-304,Versa 4
2026-05-08T12:55:12Z,0,380,-304,Versa 4
2026-05-08T13:00:09Z,0,0,0,Versa 4
2026-05-08T13:00:10Z,1,0,0,Versa 4
2026-05-08T13:00:11Z,0,0,-609,Versa 4
2026-05-08T13:00:12Z,0,0,0,Versa 4
2026-05-08T13:00:13Z,2,0,0,Versa 4
2026-05-08T13:00:14Z,1,0,0,Versa 4
2026-05-08T13:00:15Z,2,200,304,Versa 4
2026-05-08T13:00:16Z,1,290,304,Versa 4
2026-05-08T13:00:17Z,2,420,-609,Versa 4
2026-05-08T13:00:18Z,2,590,304,Versa 4
2026-05-08T13:00:19Z,1,740,-304,Versa 4
2026-05-08T13:00:20Z,2,800,0,Versa 4
2026-05-08T13:00:21Z,1,850,304,Versa 4
2026-05-08T13:00:22Z,2,880,-304,Versa 4
2026-05-08T13:00:23Z,1,880,609,Versa 4
2026-05-08T13:00:24Z,2,920,-304,Versa 4
2026-05-08T13:00:25Z,1,1080,0,Versa 4
2026-05-08T13:00:26Z,2,1110,0,Versa 4
2026-05-08T13:00:27Z,2,1130,0,Versa 4
2026-05-08T13:00:28Z,1,1150,0,Versa 4
2026-05-08T13:00:29Z,2,1160,304,Versa 4
2026-05-08T13:00:30Z,1,1160,0,Versa 4
2026-05-08T13:00:31Z,2,1170,0,Versa 4
2026-05-08T13:00:32Z,2,1180,-304,Versa 4
2026-05-08T13:00:33Z,2,1220,0,Versa 4
2026-05-08T13:00:34Z,2,1250,-304,Versa 4
2026-05-08T13:00:35Z,2,1310,0,Versa 4
2026-05-08T13:00:36Z,3,1390,0,Versa 4
2026-05-08T13:00:37Z,1,1410,0,Versa 4
2026-05-08T13:00:38Z,1,1420,0,Versa 4
2026-05-08T13:00:39Z,2,1410,304,Versa 4
2026-05-08T13:00:40Z,2,1410,-304,Versa 4
2026-05-08T13:00:41Z,1,1400,0,Versa 4
2026-05-08T13:00:42Z,2,1390,609,Versa 4
2026-05-08T13:00:43Z,2,1390,0,Versa 4
2026-05-08T13:00:44Z,2,1400,0,Versa 4
2026-05-08T13:00:45Z,1,1390,-304,Versa 4
2026-05-08T13:00:46Z,2,1390,-304,Versa 4
2026-05-08T13:00:47Z,2,1380,0,Versa 4
2026-05-08T13:00:48Z,2,1380,304,Versa 4
2026-05-08T13:00:49Z,2,1380,0,Versa 4
2026-05-08T13:00:50Z,1,1390,0,Versa 4
2026-05-08T13:00:51Z,2,1380,304,Versa 4
2026-05-08T13:00:52Z,2,1380,-304,Versa 4
2026-05-08T13:00:53Z,2,1390,304,Versa 4
2026-05-08T13:00:54Z,0,1290,-609,Versa 4
2026-05-08T13:00:55Z,1,1240,0,Versa 4
2026-05-08T13:00:56Z,3,1230,609,Versa 4
2026-05-08T13:00:57Z,2,1230,-304,Versa 4
2026-05-08T13:00:58Z,2,1220,-609,Versa 4
2026-05-08T13:00:59Z,1,1240,0,Versa 4
2026-05-08T13:01:00Z,2,1300,304,Versa 4
2026-05-08T13:01:01Z,2,1290,0,Versa 4
2026-05-08T13:01:02Z,1,1300,0,Versa 4
2026-05-08T13:01:03Z,2,1290,-304,Versa 4
2026-05-08T13:01:04Z,2,1300,0,Versa 4
2026-05-08T13:01:05Z,2,1290,0,Versa 4
2026-05-08T13:01:06Z,1,1290,304,Versa 4
2026-05-08T13:01:07Z,1,1290,304,Versa 4
2026-05-08T13:01:08Z,2,1300,609,Versa 4
2026-05-08T13:01:09Z,2,1300,-304,Versa 4
2026-05-08T13:01:10Z,1,1280,0,Versa 4
2026-05-08T13:01:11Z,2,1290,-304,Versa 4
2026-05-08T13:01:12Z,2,1290,304,Versa 4
2026-05-08T13:01:13Z,1,1290,0,Versa 4
2026-05-08T13:01:14Z,2,1290,0,Versa 4
2026-05-08T13:01:15Z,2,1290,304,Versa 4
2026-05-08T13:01:16Z,1,1280,0,Versa 4
2026-05-08T13:01:17Z,2,1280,0,Versa 4
2026-05-08T13:01:18Z,2,1280,304,Versa 4
2026-05-08T13:01:19Z,1,1280,-304,Versa 4
2026-05-08T13:01:20Z,2,1290,304,Versa 4
2026-05-08T13:01:21Z,2,1280,0,Versa 4
2026-05-08T13:01:22Z,1,1280,0,Versa 4
2026-05-08T13:01:23Z,2,1270,0,Versa 4
2026-05-08T13:01:24Z,2,1280,0,Versa 4
2026-05-08T13:01:25Z,1,1280,0,Versa 4
2026-05-08T13:01:26Z,2,1270,-914,Versa 4
2026-05-08T13:01:27Z,2,1270,914,Versa 4
2026-05-08T13:01:28Z,1,1280,-304,Versa 4
2026-05-08T13:01:29Z,2,1270,914,Versa 4
2026-05-08T13:01:30Z,2,1270,0,Versa 4
2026-05-08T13:01:31Z,1,1280,-609,Versa 4
2026-05-08T13:01:32Z,2,1260,304,Versa 4
2026-05-08T13:01:33Z,1,1270,-304,Versa 4
2026-05-08T13:01:34Z,3,1260,0,Versa 4
2026-05-08T13:01:35Z,1,1270,0,Versa 4
2026-05-08T13:01:36Z,1,1270,0,Versa 4
2026-05-08T13:01:37Z,2,1260,304,Versa 4
2026-05-08T13:01:38Z,2,1270,304,Versa 4
2026-05-08T13:01:39Z,1,1210,-304,Versa 4
2026-05-08T13:01:40Z,2,1210,0,Versa 4
2026-05-08T13:01:41Z,2,1210,0,Versa 4
2026-05-08T13:01:42Z,1,1210,0,Versa 4
2026-05-08T13:01:43Z,2,1210,304,Versa 4
2026-05-08T13:01:44Z,2,1210,0,Versa 4
2026-05-08T13:01:45Z,1,1210,0,Versa 4
2026-05-08T13:01:46Z,2,1210,-304,Versa 4
2026-05-08T13:01:47Z,1,1220,304,Versa 4
2026-05-08T13:01:48Z,2,1210,0,Versa 4
2026-05-08T13:01:49Z,1,1210,-304,Versa 4
2026-05-08T13:01:50Z,2,1210,304,Versa 4
2026-05-08T13:01:51Z,2,1210,-609,Versa 4
2026-05-08T13:01:52Z,1,1210,0,Versa 4
2026-05-08T13:01:53Z,2,1200,304,Versa 4
2026-05-08T13:01:54Z,1,1210,0,Versa 4
2026-05-08T13:01:55Z,2,1200,0,Versa 4
2026-05-08T13:01:56Z,2,1200,0,Versa 4
2026-05-08T13:01:57Z,1,1210,0,Versa 4
2026-05-08T13:01:58Z,2,1200,-304,Versa 4
2026-05-08T13:01:59Z,2,1210,-304,Versa 4
2026-05-08T13:02:00Z,2,1210,609,Versa 4
2026-05-08T13:02:01Z,1,1210,0,Versa 4
2026-05-08T13:02:02Z,2,1210,0,Versa 4
2026-05-08T13:02:03Z,1,1210,-304,Versa 4
2026-05-08T13:02:04Z,2,1210,0,Versa 4
2026-05-08T13:02:05Z,2,1220,0,Versa 4
2026-05-08T13:02:06Z,1,1210,0,Versa 4
2026-05-08T13:02:07Z,2,1210,914,Versa 4
2026-05-08T13:02:08Z,2,1220,-609,Versa 4
2026-05-08T13:02:09Z,1,1210,0,Versa 4
2026-05-08T13:02:10Z,2,1210,-304,Versa 4
2026-05-08T13:02:11Z,1,1210,0,Versa 4
2026-05-08T13:02:12Z,2,1210,0,Versa 4
2026-05-08T13:02:13Z,2,1210,-304,Versa 4
2026-05-08T13:02:14Z,1,1210,609,Versa 4
2026-05-08T13:02:15Z,2,1210,-304,Versa 4
2026-05-08T13:02:16Z,2,1210,0,Versa 4
2026-05-08T13:02:17Z,1,1210,-304,Versa 4
2026-05-08T13:02:18Z,2,1220,609,Versa 4
2026-05-08T13:02:19Z,1,1210,-304,Versa 4
2026-05-08T13:02:20Z,1,1210,0,Versa 4
2026-05-08T13:02:21Z,2,1200,-304,Versa 4
2026-05-08T13:02:22Z,2,1200,304,Versa 4
2026-05-08T13:02:23Z,2,1210,0,Versa 4
2026-05-08T13:02:24Z,2,1210,0,Versa 4
2026-05-08T13:02:25Z,1,1210,-304,Versa 4
2026-05-08T13:02:26Z,2,1210,0,Versa 4
2026-05-08T13:02:27Z,2,1220,0,Versa 4
2026-05-08T13:02:28Z,1,1220,-304,Versa 4
2026-05-08T13:02:29Z,2,1220,0,Versa 4
2026-05-08T13:02:30Z,2,1210,609,Versa 4
2026-05-08T13:02:31Z,2,1220,-304,Versa 4
2026-05-08T13:02:32Z,1,1220,304,Versa 4
2026-05-08T13:02:33Z,2,1230,0,Versa 4
2026-05-08T13:02:34Z,2,1220,304,Versa 4
2026-05-08T13:02:35Z,1,1230,-304,Versa 4
2026-05-08T13:02:36Z,2,1230,0,Versa 4
2026-05-08T13:02:37Z,2,1220,0,Versa 4
2026-05-08T13:02:38Z,1,1230,0,Versa 4
2026-05-08T13:02:39Z,2,1230,0,Versa 4
2026-05-08T13:02:40Z,2,1220,0,Versa 4
2026-05-08T13:02:41Z,1,1230,-304,Versa 4
2026-05-08T13:02:42Z,2,1230,304,Versa 4
2026-05-08T13:02:43Z,2,1230,-304,Versa 4
2026-05-08T13:02:44Z,2,1240,0,Versa 4
2026-05-08T13:02:45Z,1,1230,0,Versa 4
2026-05-08T13:02:46Z,2,1230,0,Versa 4
2026-05-08T13:02:47Z,2,1240,304,Versa 4
2026-05-08T13:02:48Z,2,1240,0,Versa 4
2026-05-08T13:02:49Z,2,1240,0,Versa 4
2026-05-08T13:02:50Z,1,1240,-304,Versa 4
2026-05-08T13:02:51Z,2,1250,0,Versa 4
2026-05-08T13:02:52Z,2,1240,-304,Versa 4
2026-05-08T13:02:53Z,1,1240,609,Versa 4
2026-05-08T13:02:54Z,2,1240,-304,Versa 4
2026-05-08T13:02:55Z,2,1240,0,Versa 4
2026-05-08T13:02:56Z,1,1250,0,Versa 4
2026-05-08T13:02:57Z,2,1240,0,Versa 4
2026-05-08T13:02:58Z,0,1190,609,Versa 4
2026-05-08T13:02:59Z,3,1200,-304,Versa 4
2026-05-08T13:03:00Z,3,1190,-304,Versa 4
2026-05-08T13:03:01Z,1,1200,-304,Versa 4
2026-05-08T13:03:02Z,2,1200,304,Versa 4
2026-05-08T13:03:03Z,2,1320,-304,Versa 4
2026-05-08T13:03:04Z,2,1360,304,Versa 4
2026-05-08T13:03:05Z,2,1350,0,Versa 4
2026-05-08T13:03:06Z,2,1360,-609,Versa 4
2026-05-08T13:03:07Z,1,1360,0,Versa 4
2026-05-08T13:03:08Z,2,1360,304,Versa 4
2026-05-08T13:03:09Z,2,1360,-609,Versa 4
2026-05-08T13:03:10Z,1,1350,609,Versa 4
2026-05-08T13:03:11Z,2,1360,-304,Versa 4
2026-05-08T13:03:12Z,2,1350,609,Versa 4
2026-05-08T13:03:13Z,1,1340,0,Versa 4
2026-05-08T13:03:14Z,2,1340,0,Versa 4
2026-05-08T13:03:15Z,2,1350,-304,Versa 4
2026-05-08T13:03:16Z,2,1340,304,Versa 4
2026-05-08T13:03:17Z,1,1340,0,Versa 4
2026-05-08T13:03:18Z,2,1330,304,Versa 4
2026-05-08T13:03:19Z,2,1340,-609,Versa 4
2026-05-08T13:03:20Z,1,1340,304,Versa 4
2026-05-08T13:03:21Z,2,1320,0,Versa 4
2026-05-08T13:03:22Z,2,1330,-304,Versa 4
2026-05-08T13:03:23Z,1,1330,304,Versa 4
2026-05-08T13:03:24Z,2,1320,0,Versa 4
2026-05-08T13:03:25Z,2,1330,0,Versa 4
2026-05-08T13:03:26Z,2,1330,0,Versa 4
2026-05-08T13:03:27Z,1,1320,0,Versa 4
2026-05-08T13:03:28Z,2,1320,0,Versa 4
2026-05-08T13:03:29Z,2,1320,0,Versa 4
2026-05-08T13:03:30Z,2,1320,0,Versa 4
2026-05-08T13:03:31Z,1,1320,0,Versa 4
2026-05-08T13:03:32Z,2,1320,0,Versa 4
2026-05-08T13:03:33Z,2,1320,0,Versa 4
2026-05-08T13:03:34Z,2,1320,-304,Versa 4
2026-05-08T13:03:35Z,1,1320,304,Versa 4
2026-05-08T13:03:36Z,2,1320,0,Versa 4
2026-05-08T13:03:37Z,2,1320,-304,Versa 4
2026-05-08T13:03:38Z,1,1310,0,Versa 4
2026-05-08T13:03:39Z,2,1310,0,Versa 4
2026-05-08T13:03:40Z,2,1320,0,Versa 4
2026-05-08T13:03:41Z,2,1310,-304,Versa 4
2026-05-08T13:03:42Z,1,1310,609,Versa 4
2026-05-08T13:03:43Z,2,1310,-304,Versa 4
2026-05-08T13:03:44Z,2,1320,304,Versa 4
2026-05-08T13:03:45Z,2,1310,0,Versa 4
2026-05-08T13:03:46Z,1,1310,-304,Versa 4
2026-05-08T13:03:47Z,2,1310,0,Versa 4
2026-05-08T13:03:48Z,2,1320,304,Versa 4
2026-05-08T13:03:49Z,1,1310,-304,Versa 4
2026-05-08T13:03:50Z,2,1300,0,Versa 4
2026-05-08T13:03:51Z,2,1310,0,Versa 4
2026-05-08T13:03:52Z,2,1300,304,Versa 4
2026-05-08T13:03:53Z,1,1310,-304,Versa 4
2026-05-08T13:03:54Z,2,1300,0,Versa 4
2026-05-08T13:03:55Z,2,1310,304,Versa 4
2026-05-08T13:03:56Z,2,1300,0,Versa 4
2026-05-08T13:03:57Z,1,1310,-304,Versa 4
2026-05-08T13:03:58Z,2,1300,0,Versa 4
2026-05-08T13:03:59Z,2,1310,0,Versa 4
2026-05-08T13:04:00Z,2,1300,304,Versa 4
2026-05-08T13:04:01Z,1,1310,0,Versa 4
2026-05-08T13:04:02Z,2,1300,-304,Versa 4
2026-05-08T13:04:03Z,2,1310,0,Versa 4
2026-05-08T13:04:04Z,2,1300,-304,Versa 4
2026-05-08T13:04:05Z,1,1300,609,Versa 4
2026-05-08T13:04:06Z,2,1310,-609,Versa 4
2026-05-08T13:04:07Z,2,1300,304,Versa 4
2026-05-08T13:04:08Z,2,1310,0,Versa 4
2026-05-08T13:04:09Z,1,1300,0,Versa 4
2026-05-08T13:04:10Z,2,1310,-304,Versa 4
2026-05-08T13:04:11Z,2,1300,304,Versa 4
2026-05-08T13:04:12Z,2,1310,304,Versa 4
2026-05-08T13:04:13Z,1,1300,-609,Versa 4
2026-05-08T13:04:14Z,2,1310,0,Versa 4
2026-05-08T13:04:15Z,1,1300,304,Versa 4
2026-05-08T13:04:16Z,2,1300,609,Versa 4
2026-05-08T13:04:17Z,2,1300,-304,Versa 4
2026-05-08T13:04:18Z,2,1290,0,Versa 4
2026-05-08T13:04:19Z,2,1300,0,Versa 4
2026-05-08T13:04:20Z,1,1300,0,Versa 4
2026-05-08T13:04:21Z,2,1290,0,Versa 4
2026-05-08T13:04:22Z,2,1310,0,Versa 4
2026-05-08T13:04:23Z,1,1290,-304,Versa 4
2026-05-08T13:04:24Z,2,1300,-304,Versa 4
2026-05-08T13:04:26Z,2,1300,914,Versa 4
2026-05-08T13:04:27Z,1,1300,-609,Versa 4
2026-05-08T13:04:28Z,2,1280,304,Versa 4
2026-05-08T13:04:29Z,2,1300,304,Versa 4
2026-05-08T13:04:30Z,1,1290,609,Versa 4
2026-05-08T13:04:31Z,2,1290,-914,Versa 4
2026-05-08T13:04:32Z,2,1290,304,Versa 4
2026-05-08T13:04:33Z,1,1290,609,Versa 4
2026-05-08T13:04:34Z,2,1280,-609,Versa 4
2026-05-08T13:04:35Z,2,1290,0,Versa 4
2026-05-08T13:04:36Z,1,1280,609,Versa 4
2026-05-08T13:04:37Z,2,1280,-304,Versa 4
2026-05-08T13:04:38Z,2,1280,0,Versa 4
2026-05-08T13:04:39Z,1,1280,-609,Versa 4
2026-05-08T13:04:40Z,2,1280,914,Versa 4
2026-05-08T13:04:41Z,2,1290,0,Versa 4
2026-05-08T13:04:42Z,1,1280,0,Versa 4
2026-05-08T13:04:43Z,2,1270,-609,Versa 4
2026-05-08T13:04:44Z,2,1280,609,Versa 4
2026-05-08T13:04:45Z,2,1280,-609,Versa 4
2026-05-08T13:04:46Z,1,1280,0,Versa 4
2026-05-08T13:04:47Z,2,1280,0,Versa 4
2026-05-08T13:04:48Z,2,1280,-304,Versa 4
2026-05-08T13:04:49Z,1,1280,-304,Versa 4
2026-05-08T13:04:50Z,2,1270,914,Versa 4
2026-05-08T13:04:51Z,2,1280,0,Versa 4
2026-05-08T13:04:52Z,2,1280,-304,Versa 4
2026-05-08T13:04:53Z,1,1270,-304,Versa 4
2026-05-08T13:04:54Z,2,1280,0,Versa 4
2026-05-08T13:04:55Z,2,1280,304,Versa 4
2026-05-08T13:04:56Z,2,1280,-304,Versa 4
2026-05-08T13:04:57Z,1,1290,0,Versa 4
2026-05-08T13:04:58Z,2,1280,304,Versa 4
2026-05-08T13:04:59Z,2,1280,-304,Versa 4
2026-05-08T13:05:00Z,1,1280,304,Versa 4
2026-05-08T13:05:01Z,2,1280,-304,Versa 4
2026-05-08T13:05:02Z,2,1280,0,Versa 4
2026-05-08T13:05:03Z,1,1280,-304,Versa 4
2026-05-08T13:05:04Z,2,1270,-304,Versa 4
2026-05-08T13:05:05Z,2,1270,609,Versa 4
2026-05-08T13:05:06Z,1,1280,0,Versa 4
2026-05-08T13:05:07Z,2,1270,-609,Versa 4
2026-05-08T13:05:08Z,1,1270,-304,Versa 4
2026-05-08T13:05:09Z,2,1270,304,Versa 4
2026-05-08T13:05:10Z,2,1260,304,Versa 4
2026-05-08T13:05:11Z,2,1270,-609,Versa 4
2026-05-08T13:05:12Z,1,1270,914,Versa 4
2026-05-08T13:05:13Z,2,1260,-609,Versa 4
2026-05-08T13:05:14Z,1,1270,304,Versa 4
2026-05-08T13:05:15Z,2,1260,609,Versa 4
2026-05-08T13:05:16Z,2,1270,-304,Versa 4
2026-05-08T13:05:17Z,1,1260,0,Versa 4
2026-05-08T13:05:18Z,2,1250,304,Versa 4
2026-05-08T13:05:19Z,2,1260,304,Versa 4
2026-05-08T13:05:20Z,1,1260,-304,Versa 4
2026-05-08T13:05:21Z,2,1260,0,Versa 4
2026-05-08T13:05:22Z,2,1250,0,Versa 4
2026-05-08T13:05:23Z,1,1260,0,Versa 4
2026-05-08T13:05:24Z,2,1260,0,Versa 4
2026-05-08T13:05:25Z,2,1260,304,Versa 4
2026-05-08T13:05:26Z,1,1260,0,Versa 4
2026-05-08T13:05:27Z,2,1250,0,Versa 4
2026-05-08T13:05:28Z,2,1260,-304,Versa 4
2026-05-08T13:05:29Z,2,1260,0,Versa 4
2026-05-08T13:05:30Z,1,1260,0,Versa 4
2026-05-08T13:05:31Z,2,1260,304,Versa 4
2026-05-08T13:05:32Z,1,1250,0,Versa 4
2026-05-08T13:05:33Z,2,1260,0,Versa 4
2026-05-08T13:05:34Z,2,1260,-609,Versa 4
2026-05-08T13:05:35Z,2,1260,0,Versa 4
2026-05-08T13:05:36Z,1,1250,0,Versa 4
2026-05-08T13:05:37Z,2,1260,609,Versa 4
2026-05-08T13:05:38Z,2,1260,0,Versa 4
2026-05-08T13:05:39Z,2,1270,-609,Versa 4
2026-05-08T13:05:40Z,1,1250,0,Versa 4
2026-05-08T13:05:41Z,2,1270,0,Versa 4
2026-05-08T13:05:42Z,2,1260,304,Versa 4
2026-05-08T13:05:43Z,2,1270,304,Versa 4
2026-05-08T13:05:44Z,1,1270,0,Versa 4
2026-05-08T13:05:45Z,2,1260,304,Versa 4
2026-05-08T13:05:46Z,2,1270,-304,Versa 4
2026-05-08T13:05:47Z,1,1260,304,Versa 4
2026-05-08T13:05:48Z,2,1270,-609,Versa 4
2026-05-08T13:05:49Z,1,1260,304,Versa 4
2026-05-08T13:05:50Z,2,1260,-304,Versa 4
2026-05-08T13:05:51Z,2,1260,0,Versa 4
2026-05-08T13:05:52Z,1,1260,609,Versa 4
2026-05-08T13:05:53Z,2,1260,-609,Versa 4
2026-05-08T13:05:54Z,2,1250,-304,Versa 4
2026-05-08T13:05:55Z,2,1260,0,Versa 4
2026-05-08T13:05:56Z,2,1270,609,Versa 4
2026-05-08T13:05:57Z,1,1260,-609,Versa 4
2026-05-08T13:05:58Z,2,1270,0,Versa 4
2026-05-08T13:05:59Z,2,1260,304,Versa 4
2026-05-08T13:06:00Z,2,1280,-304,Versa 4
2026-05-08T13:06:01Z,1,1260,304,Versa 4
2026-05-08T13:06:02Z,2,1280,-304,Versa 4
2026-05-08T13:06:03Z,2,1270,304,Versa 4
2026-05-08T13:06:04Z,2,1270,304,Versa 4
2026-05-08T13:06:05Z,2,1280,0,Versa 4
2026-05-08T13:06:06Z,1,1270,-304,Versa 4
2026-05-08T13:06:07Z,2,1280,0,Versa 4
2026-05-08T13:06:08Z,2,1280,304,Versa 4
2026-05-08T13:06:09Z,1,1280,-304,Versa 4
2026-05-08T13:06:10Z,1,1280,-304,Versa 4
2026-05-08T13:06:11Z,2,1270,304,Versa 4
2026-05-08T13:06:12Z,2,1270,-304,Versa 4
2026-05-08T13:06:13Z,2,1280,609,Versa 4
2026-05-08T13:06:14Z,1,1280,-609,Versa 4
2026-05-08T13:06:15Z,2,1280,0,Versa 4
2026-05-08T13:06:16Z,2,1280,304,Versa 4
2026-05-08T13:06:17Z,1,1270,-609,Versa 4
2026-05-08T13:06:18Z,2,1280,304,Versa 4
2026-05-08T13:06:19Z,2,1270,0,Versa 4
2026-05-08T13:06:20Z,2,1280,609,Versa 4
2026-05-08T13:06:21Z,1,1270,-304,Versa 4
2026-05-08T13:06:22Z,2,1290,0,Versa 4
2026-05-08T13:06:23Z,2,1280,-609,Versa 4
2026-05-08T13:06:24Z,2,1280,609,Versa 4
2026-05-08T13:06:25Z,1,1280,-304,Versa 4
2026-05-08T13:06:26Z,2,1280,304,Versa 4
2026-05-08T13:06:27Z,2,1280,0,Versa 4
2026-05-08T13:06:28Z,2,1280,-304,Versa 4
2026-05-08T13:06:29Z,1,1280,304,Versa 4
2026-05-08T13:06:30Z,2,1290,0,Versa 4
2026-05-08T13:06:31Z,2,1280,-304,Versa 4
2026-05-08T13:06:32Z,3,1330,0,Versa 4
2026-05-08T13:06:33Z,1,1340,304,Versa 4
2026-05-08T13:06:34Z,2,1330,-304,Versa 4
2026-05-08T13:06:35Z,2,1350,304,Versa 4
2026-05-08T13:06:36Z,1,1340,-609,Versa 4
2026-05-08T13:06:37Z,2,1340,0,Versa 4
2026-05-08T13:06:38Z,2,1330,304,Versa 4
2026-05-08T13:06:39Z,1,1340,304,Versa 4
2026-05-08T13:06:40Z,2,1340,304,Versa 4
2026-05-08T13:06:41Z,2,1330,-609,Versa 4
2026-05-08T13:06:42Z,1,1330,609,Versa 4
2026-05-08T13:06:43Z,2,1330,-304,Versa 4
2026-05-08T13:06:44Z,2,1330,0,Versa 4
2026-05-08T13:06:45Z,2,1320,0,Versa 4
2026-05-08T13:06:46Z,1,1320,0,Versa 4
2026-05-08T13:06:47Z,2,1330,0,Versa 4
2026-05-08T13:06:48Z,2,1320,0,Versa 4
2026-05-08T13:06:49Z,2,1320,304,Versa 4
2026-05-08T13:06:50Z,1,1320,0,Versa 4
2026-05-08T13:06:51Z,2,1320,-304,Versa 4
2026-05-08T13:06:52Z,2,1320,0,Versa 4
2026-05-08T13:06:53Z,1,1320,-304,Versa 4
2026-05-08T13:06:54Z,2,1310,609,Versa 4
2026-05-08T13:06:55Z,2,1310,-304,Versa 4
2026-05-08T13:06:56Z,1,1310,304,Versa 4
2026-05-08T13:06:57Z,2,1320,-304,Versa 4
2026-05-08T13:06:58Z,2,1310,0,Versa 4
2026-05-08T13:06:59Z,0,1240,304,Versa 4
2026-05-08T13:07:00Z,3,1240,-304,Versa 4
2026-05-08T13:07:01Z,3,1310,0,Versa 4
2026-05-08T13:07:02Z,1,1300,-304,Versa 4
2026-05-08T13:07:03Z,2,1310,609,Versa 4
2026-05-08T13:07:04Z,1,1350,-304,Versa 4
2026-05-08T13:07:05Z,2,1350,304,Versa 4
2026-05-08T13:07:06Z,2,1340,0,Versa 4
2026-05-08T13:07:07Z,2,1350,0,Versa 4
2026-05-08T13:07:08Z,1,1340,-304,Versa 4
2026-05-08T13:07:09Z,2,1350,0,Versa 4
2026-05-08T13:07:10Z,2,1340,0,Versa 4
2026-05-08T13:07:11Z,2,1340,-304,Versa 4
2026-05-08T13:07:12Z,1,1340,609,Versa 4
2026-05-08T13:07:13Z,2,1340,0,Versa 4
2026-05-08T13:07:14Z,2,1330,0,Versa 4
2026-05-08T13:07:15Z,2,1340,0,Versa 4
2026-05-08T13:07:16Z,1,1330,0,Versa 4
2026-05-08T13:07:17Z,2,1340,-304,Versa 4
2026-05-08T13:07:18Z,2,1340,0,Versa 4
2026-05-08T13:07:19Z,2,1330,304,Versa 4
2026-05-08T13:07:20Z,1,1340,0,Versa 4
2026-05-08T13:07:21Z,2,1330,0,Versa 4
2026-05-08T13:07:22Z,2,1340,304,Versa 4
2026-05-08T13:07:23Z,1,1330,-304,Versa 4
2026-05-08T13:07:24Z,2,1330,0,Versa 4
2026-05-08T13:07:25Z,2,1320,304,Versa 4
2026-05-08T13:07:26Z,2,1330,-304,Versa 4
2026-05-08T13:07:27Z,1,1320,0,Versa 4
2026-05-08T13:07:28Z,2,1320,304,Versa 4
2026-05-08T13:07:29Z,2,1330,0,Versa 4
2026-05-08T13:07:30Z,2,1330,0,Versa 4
2026-05-08T13:07:31Z,1,1320,-914,Versa 4
2026-05-08T13:07:32Z,2,1320,0,Versa 4
2026-05-08T13:07:33Z,2,1320,0,Versa 4
2026-05-08T13:07:34Z,1,1320,304,Versa 4
2026-05-08T13:07:35Z,2,1310,-304,Versa 4
2026-05-08T13:07:36Z,2,1320,0,Versa 4
2026-05-08T13:07:37Z,2,1320,0,Versa 4
2026-05-08T13:07:38Z,1,1320,0,Versa 4
2026-05-08T13:07:39Z,2,1310,0,Versa 4
2026-05-08T13:07:40Z,2,1310,0,Versa 4
2026-05-08T13:07:41Z,1,1310,-304,Versa 4
2026-05-08T13:07:42Z,2,1320,609,Versa 4
2026-05-08T13:07:43Z,2,1310,-304,Versa 4
2026-05-08T13:07:44Z,2,1310,304,Versa 4
2026-05-08T13:07:45Z,1,1300,0,Versa 4
2026-05-08T13:07:46Z,2,1320,0,Versa 4
2026-05-08T13:07:47Z,2,1310,304,Versa 4
2026-05-08T13:07:48Z,2,1310,-304,Versa 4
2026-05-08T13:07:49Z,1,1310,304,Versa 4
2026-05-08T13:07:50Z,1,1310,304,Versa 4
2026-05-08T13:07:51Z,2,1300,0,Versa 4
2026-05-08T13:07:52Z,2,1310,0,Versa 4
2026-05-08T13:07:53Z,2,1320,0,Versa 4
2026-05-08T13:07:54Z,1,1300,-609,Versa 4
2026-05-08T13:07:55Z,2,1310,609,Versa 4
2026-05-08T13:07:56Z,2,1300,-609,Versa 4
2026-05-08T13:07:57Z,1,1310,0,Versa 4
2026-05-08T13:07:58Z,2,1300,609,Versa 4
2026-05-08T13:07:59Z,2,1300,0,Versa 4
2026-05-08T13:08:00Z,2,1310,-304,Versa 4
2026-05-08T13:08:01Z,2,1300,-304,Versa 4
2026-05-08T13:08:02Z,1,1310,304,Versa 4
2026-05-08T13:08:03Z,2,1300,304,Versa 4
2026-05-08T13:08:04Z,2,1310,-304,Versa 4
2026-05-08T13:08:05Z,2,1310,304,Versa 4
2026-05-08T13:08:06Z,1,1310,-304,Versa 4
2026-05-08T13:08:07Z,2,1300,0,Versa 4
2026-05-08T13:08:08Z,2,1300,0,Versa 4
2026-05-08T13:08:09Z,1,1310,0,Versa 4
2026-05-08T13:08:10Z,2,1300,0,Versa 4
2026-05-08T13:08:11Z,2,1310,-304,Versa 4
2026-05-08T13:08:12Z,2,1300,0,Versa 4
2026-05-08T13:08:13Z,1,1310,0,Versa 4
2026-05-08T13:08:14Z,2,1300,304,Versa 4
2026-05-08T13:08:15Z,2,1310,-304,Versa 4
2026-05-08T13:08:16Z,1,1290,0,Versa 4
2026-05-08T13:08:17Z,2,1300,0,Versa 4
2026-05-08T13:08:18Z,2,1300,304,Versa 4
2026-05-08T13:08:19Z,1,1300,0,Versa 4
2026-05-08T13:08:20Z,2,1290,0,Versa 4
2026-05-08T13:08:21Z,2,1300,-304,Versa 4
2026-05-08T13:08:22Z,2,1300,0,Versa 4
2026-05-08T13:08:23Z,1,1290,0,Versa 4
2026-05-08T13:08:24Z,2,1300,0,Versa 4
2026-05-08T13:08:25Z,2,1300,304,Versa 4
2026-05-08T13:08:26Z,2,1290,-304,Versa 4
2026-05-08T13:08:27Z,1,1300,0,Versa 4
2026-05-08T13:08:28Z,2,1300,304,Versa 4
2026-05-08T13:08:29Z,2,1290,0,Versa 4
2026-05-08T13:08:30Z,1,1300,-304,Versa 4
2026-05-08T13:08:31Z,2,1290,0,Versa 4
2026-05-08T13:08:32Z,2,1290,-304,Versa 4
2026-05-08T13:08:33Z,2,1300,609,Versa 4
2026-05-08T13:08:34Z,1,1280,0,Versa 4
2026-05-08T13:08:35Z,2,1290,0,Versa 4
2026-05-08T13:08:36Z,2,1300,0,Versa 4
2026-05-08T13:08:37Z,2,1300,-304,Versa 4
2026-05-08T13:08:38Z,1,1290,304,Versa 4
2026-05-08T13:08:39Z,2,1290,-304,Versa 4
2026-05-08T13:08:40Z,2,1300,-304,Versa 4
2026-05-08T13:08:41Z,1,1290,0,Versa 4
2026-05-08T13:08:42Z,2,1290,0,Versa 4
2026-05-08T13:08:43Z,2,1290,304,Versa 4
2026-05-08T13:08:44Z,2,1290,304,Versa 4
2026-05-08T13:08:45Z,1,1290,304,Versa 4
2026-05-08T13:08:46Z,2,1280,0,Versa 4
2026-05-08T13:08:47Z,2,1290,-609,Versa 4
2026-05-08T13:08:48Z,1,1290,0,Versa 4
2026-05-08T13:08:49Z,2,1290,0,Versa 4
2026-05-08T13:08:50Z,2,1290,609,Versa 4
2026-05-08T13:08:51Z,2,1290,-609,Versa 4
2026-05-08T13:08:52Z,1,1290,0,Versa 4
2026-05-08T13:08:53Z,2,1290,0,Versa 4
2026-05-08T13:08:54Z,2,1290,0,Versa 4
2026-05-08T13:08:55Z,1,1290,304,Versa 4
2026-05-08T13:08:56Z,2,1290,-304,Versa 4
2026-05-08T13:08:57Z,2,1280,-304,Versa 4
2026-05-08T13:08:58Z,2,1290,304,Versa 4
2026-05-08T13:08:59Z,1,1290,-304,Versa 4
2026-05-08T13:09:00Z,2,1290,0,Versa 4
2026-05-08T13:09:01Z,2,1290,0,Versa 4
2026-05-08T13:09:02Z,1,1290,0,Versa 4
2026-05-08T13:09:03Z,2,1280,0,Versa 4
2026-05-08T13:09:04Z,2,1280,0,Versa 4
2026-05-08T13:09:05Z,1,1280,0,Versa 4
2026-05-08T13:09:06Z,2,1280,0,Versa 4
2026-05-08T13:09:07Z,2,1290,304,Versa 4
2026-05-08T13:09:08Z,1,1280,0,Versa 4
2026-05-08T13:09:09Z,2,1280,-609,Versa 4
2026-05-08T13:09:10Z,2,1280,304,Versa 4
2026-05-08T13:09:11Z,1,1270,0,Versa 4
2026-05-08T13:09:12Z,2,1280,0,Versa 4
2026-05-08T13:09:13Z,2,1270,-304,Versa 4
2026-05-08T13:09:14Z,1,1270,304,Versa 4
2026-05-08T13:09:15Z,2,1280,0,Versa 4
2026-05-08T13:09:16Z,2,1270,-304,Versa 4
2026-05-08T13:09:17Z,1,1270,0,Versa 4
2026-05-08T13:09:18Z,2,1280,304,Versa 4
2026-05-08T13:09:19Z,2,1270,304,Versa 4
2026-05-08T13:09:20Z,1,1270,0,Versa 4
2026-05-08T13:09:21Z,2,1270,-609,Versa 4
2026-05-08T13:09:22Z,2,1270,304,Versa 4
2026-05-08T13:09:23Z,2,1280,0,Versa 4
2026-05-08T13:09:24Z,1,1260,-304,Versa 4
2026-05-08T13:09:25Z,2,1280,304,Versa 4
2026-05-08T13:09:26Z,2,1270,-304,Versa 4
2026-05-08T13:09:27Z,1,1270,0,Versa 4
2026-05-08T13:09:28Z,2,1270,304,Versa 4
2026-05-08T13:09:29Z,2,1270,304,Versa 4
2026-05-08T13:09:30Z,2,1270,0,Versa 4
2026-05-08T13:09:31Z,2,1280,0,Versa 4
2026-05-08T13:09:32Z,1,1270,-609,Versa 4
2026-05-08T13:09:33Z,2,1270,-304,Versa 4
2026-05-08T13:09:34Z,2,1280,609,Versa 4
2026-05-08T13:09:35Z,1,1270,-304,Versa 4
2026-05-08T13:09:36Z,2,1270,-304,Versa 4
2026-05-08T13:09:37Z,2,1280,609,Versa 4
2026-05-08T13:09:38Z,2,1270,304,Versa 4
2026-05-08T13:09:39Z,2,1270,-609,Versa 4
2026-05-08T13:09:40Z,1,1280,304,Versa 4
2026-05-08T13:09:41Z,2,1280,-304,Versa 4
2026-05-08T13:09:42Z,2,1280,304,Versa 4
2026-05-08T13:09:43Z,2,1280,-304,Versa 4
2026-05-08T13:09:44Z,2,1280,0,Versa 4
2026-05-08T13:09:45Z,1,1280,304,Versa 4
2026-05-08T13:09:46Z,2,1290,304,Versa 4
2026-05-08T13:09:47Z,2,1290,0,Versa 4
2026-05-08T13:09:48Z,2,1290,-609,Versa 4
2026-05-08T13:09:49Z,1,1290,-304,Versa 4
2026-05-08T13:09:50Z,2,1290,0,Versa 4
2026-05-08T13:09:51Z,2,1290,0,Versa 4
2026-05-08T13:09:52Z,2,1290,0,Versa 4
2026-05-08T13:09:53Z,1,1280,0,Versa 4
2026-05-08T13:09:54Z,2,1290,0,Versa 4
2026-05-08T13:09:55Z,2,1290,-304,Versa 4
2026-05-08T13:09:56Z,2,1290,304,Versa 4
2026-05-08T13:09:57Z,1,1290,-609,Versa 4
2026-05-08T13:09:58Z,2,1290,0,Versa 4
2026-05-08T13:09:59Z,2,1290,304,Versa 4
2026-05-08T13:10:00Z,2,1290,-609,Versa 4
2026-05-08T13:10:01Z,2,1300,0,Versa 4
2026-05-08T13:10:02Z,1,1290,304,Versa 4
2026-05-08T13:10:03Z,2,1300,-304,Versa 4
2026-05-08T13:10:04Z,2,1300,304,Versa 4
2026-05-08T13:10:05Z,2,1290,0,Versa 4
2026-05-08T13:10:06Z,2,1300,0,Versa 4
2026-05-08T13:10:07Z,1,1300,-304,Versa 4
2026-05-08T13:10:08Z,2,1300,304,Versa 4
2026-05-08T13:10:09Z,2,1310,-609,Versa 4
2026-05-08T13:10:10Z,2,1300,0,Versa 4
2026-05-08T13:10:11Z,1,1300,304,Versa 4
2026-05-08T13:10:12Z,2,1300,0,Versa 4
2026-05-08T13:10:13Z,2,1310,0,Versa 4
2026-05-08T13:10:14Z,2,1300,0,Versa 4
2026-05-08T13:10:15Z,1,1300,-304,Versa 4
2026-05-08T13:10:16Z,2,1300,0,Versa 4
2026-05-08T13:10:17Z,2,1310,304,Versa 4
2026-05-08T13:10:18Z,2,1300,-304,Versa 4
2026-05-08T13:10:19Z,1,1300,0,Versa 4
2026-05-08T13:10:20Z,2,1300,304,Versa 4
2026-05-08T13:10:21Z,2,1310,-609,Versa 4
2026-05-08T13:10:22Z,2,1300,-304,Versa 4
2026-05-08T13:10:23Z,1,1310,304,Versa 4
2026-05-08T13:10:24Z,2,1300,609,Versa 4
2026-05-08T13:10:25Z,2,1310,-304,Versa 4
2026-05-08T13:10:26Z,2,1300,0,Versa 4
2026-05-08T13:10:27Z,1,1310,-609,Versa 4
2026-05-08T13:10:28Z,2,1300,304,Versa 4
2026-05-08T13:10:29Z,2,1310,0,Versa 4
2026-05-08T13:10:30Z,1,1290,609,Versa 4
2026-05-08T13:10:31Z,2,1300,0,Versa 4
2026-05-08T13:10:32Z,2,1300,609,Versa 4
2026-05-08T13:10:33Z,2,1290,-609,Versa 4
2026-05-08T13:10:34Z,1,1300,0,Versa 4
2026-05-08T13:10:35Z,2,1300,-609,Versa 4
2026-05-08T13:10:36Z,2,1290,304,Versa 4
2026-05-08T13:10:37Z,2,1300,0,Versa 4
2026-05-08T13:10:38Z,2,1310,-609,Versa 4
2026-05-08T13:10:39Z,1,1300,304,Versa 4
2026-05-08T13:10:40Z,2,1310,-304,Versa 4
2026-05-08T13:10:41Z,2,1300,0,Versa 4
2026-05-08T13:10:42Z,1,1300,0,Versa 4
2026-05-08T13:10:43Z,2,1300,-609,Versa 4
2026-05-08T13:10:44Z,2,1300,0,Versa 4
2026-05-08T13:10:45Z,2,1300,0,Versa 4
2026-05-08T13:10:46Z,1,1290,0,Versa 4
2026-05-08T13:10:47Z,2,1300,0,Versa 4
2026-05-08T13:10:48Z,2,1300,0,Versa 4
2026-05-08T13:10:49Z,2,1300,0,Versa 4
2026-05-08T13:10:50Z,1,1300,0,Versa 4
2026-05-08T13:10:51Z,2,1290,0,Versa 4
2026-05-08T13:10:52Z,2,1300,0,Versa 4
2026-05-08T13:10:53Z,2,1310,0,Versa 4
2026-05-08T13:10:54Z,1,1290,-304,Versa 4
2026-05-08T13:10:55Z,1,1290,-304,Versa 4
2026-05-08T13:10:56Z,2,1300,0,Versa 4
2026-05-08T13:10:57Z,1,1300,304,Versa 4
2026-05-08T13:10:58Z,2,1290,0,Versa 4
2026-05-08T13:10:59Z,2,1290,609,Versa 4
2026-05-08T13:11:00Z,2,1300,0,Versa 4
2026-05-08T13:11:01Z,1,1290,304,Versa 4
2026-05-08T13:11:02Z,2,1290,0,Versa 4
2026-05-08T13:11:03Z,2,1290,609,Versa 4
2026-05-08T13:11:04Z,2,1300,0,Versa 4
2026-05-08T13:11:05Z,1,1290,304,Versa 4
2026-05-08T13:11:06Z,2,1290,0,Versa 4
2026-05-08T13:11:07Z,2,1300,609,Versa 4
2026-05-08T13:11:08Z,1,1290,-304,Versa 4
2026-05-08T13:11:09Z,2,1280,304,Versa 4
2026-05-08T13:11:10Z,1,1290,609,Versa 4
2026-05-08T13:11:11Z,2,1280,304,Versa 4
2026-05-08T13:11:12Z,2,1290,304,Versa 4
2026-05-08T13:11:13Z,1,1280,0,Versa 4
2026-05-08T13:11:14Z,1,1280,0,Versa 4
2026-05-08T13:11:15Z,2,1280,304,Versa 4
2026-05-08T13:11:16Z,1,1270,304,Versa 4
2026-05-08T13:11:17Z,2,1280,304,Versa 4
2026-05-08T13:11:18Z,1,1210,304,Versa 4
2026-05-08T13:11:19Z,1,1210,-304,Versa 4
2026-05-08T13:11:20Z,3,1220,304,Versa 4
2026-05-08T13:11:21Z,1,1210,0,Versa 4
2026-05-08T13:11:22Z,3,1210,0,Versa 4
2026-05-08T13:11:23Z,0,1210,0,Versa 4
2026-05-08T13:11:24Z,0,1210,304,Versa 4
2026-05-08T13:11:25Z,2,1050,304,Versa 4
2026-05-08T13:11:26Z,1,0,0,Versa 4
2026-05-08T13:11:27Z,2,0,-304,Versa 4
2026-05-08T13:11:28Z,1,0,0,Versa 4
2026-05-08T13:11:29Z,1,0,304,Versa 4
2026-05-08T13:11:30Z,3,1120,0,Versa 4
2026-05-08T13:11:31Z,2,380,-304,Versa 4
2026-05-08T13:11:32Z,1,530,0,Versa 4
2026-05-08T13:11:33Z,2,720,304,Versa 4
2026-05-08T13:11:34Z,2,930,-304,Versa 4
2026-05-08T13:11:35Z,2,1010,609,Versa 4
2026-05-08T13:11:36Z,2,1080,-304,Versa 4
2026-05-08T13:11:37Z,3,1200,304,Versa 4
2026-05-08T13:11:38Z,0,1220,-609,Versa 4
2026-05-08T13:11:39Z,0,1170,304,Versa 4
2026-05-08T13:11:40Z,0,1100,304,Versa 4
2026-05-08T13:11:41Z,1,930,-609,Versa 4
2026-05-08T13:11:42Z,1,0,0,Versa 4
2026-05-08T13:11:43Z,1,0,0,Versa 4
2026-05-08T13:11:44Z,2,0,0,Versa 4
2026-05-08T13:11:45Z,1,0,0,Versa 4
2026-05-08T13:11:46Z,1,180,-304,Versa 4
2026-05-08T13:11:47Z,2,360,914,Versa 4
2026-05-08T13:11:48Z,2,540,-304,Versa 4
2026-05-08T13:11:49Z,1,730,-914,Versa 4
2026-05-08T13:11:50Z,2,940,609,Versa 4
2026-05-08T13:11:51Z,2,1020,0,Versa 4
2026-05-08T13:11:52Z,2,1090,609,Versa 4
2026-05-08T13:11:53Z,2,1130,0,Versa 4
2026-05-08T13:11:54Z,1,1170,-304,Versa 4
2026-05-08T13:11:55Z,2,1200,-304,Versa 4
2026-05-08T13:11:56Z,1,1250,304,Versa 4
2026-05-08T13:11:57Z,2,1250,0,Versa 4
2026-05-08T13:11:58Z,1,1250,-914,Versa 4
2026-05-08T13:11:59Z,2,1240,914,Versa 4
2026-05-08T13:12:00Z,1,1240,0,Versa 4
2026-05-08T13:12:01Z,2,1240,609,Versa 4
2026-05-08T13:12:02Z,2,1250,-609,Versa 4
2026-05-08T13:12:03Z,1,1230,-609,Versa 4
2026-05-08T13:12:04Z,2,1230,304,Versa 4
2026-05-08T13:12:05Z,2,1270,-304,Versa 4
2026-05-08T13:12:06Z,2,1280,0,Versa 4
2026-05-08T13:12:07Z,1,1280,0,Versa 4
2026-05-08T13:12:08Z,2,1280,304,Versa 4
2026-05-08T13:12:09Z,2,1280,-609,Versa 4
2026-05-08T13:12:10Z,2,1290,609,Versa 4
2026-05-08T13:12:11Z,0,1280,0,Versa 4
2026-05-08T13:12:12Z,0,1180,-304,Versa 4
2026-05-08T13:12:13Z,0,1030,304,Versa 4
2026-05-08T13:12:14Z,0,0,-304,Versa 4
2026-05-08T13:12:15Z,0,0,609,Versa 4
2026-05-08T13:12:16Z,0,0,-304,Versa 4
2026-05-08T13:12:17Z,0,0,-304,Versa 4
2026-05-08T13:12:18Z,0,0,0,Versa 4
2026-05-08T13:12:19Z,0,0,304,Versa 4
2026-05-08T13:12:20Z,0,0,0,Versa 4
2026-05-08T13:12:21Z,0,0,0,Versa 4
2026-05-08T13:12:22Z,0,0,0,Versa 4
2026-05-08T13:12:23Z,0,0,0,Versa 4
2026-05-08T13:12:24Z,0,0,0,Versa 4
2026-05-08T13:12:25Z,0,0,0,Versa 4
2026-05-08T13:12:26Z,0,0,0,Versa 4
2026-05-08T13:12:27Z,0,0,0,Versa 4
2026-05-08T13:12:28Z,0,0,0,Versa 4
2026-05-08T13:12:29Z,0,0,0,Versa 4
2026-05-08T13:12:30Z,0,0,-609,Versa 4
2026-05-08T13:12:31Z,0,0,609,Versa 4
2026-05-08T13:12:32Z,0,0,0,Versa 4
2026-05-08T13:12:33Z,0,0,-304,Versa 4
2026-05-08T13:12:34Z,0,0,609,Versa 4
2026-05-08T13:12:35Z,0,0,-304,Versa 4
2026-05-08T13:12:36Z,0,0,0,Versa 4
2026-05-08T13:12:37Z,0,0,0,Versa 4
2026-05-08T13:12:38Z,0,0,0,Versa 4
2026-05-08T13:12:39Z,0,0,-304,Versa 4
2026-05-08T13:12:40Z,0,0,304,Versa 4
2026-05-08T13:12:41Z,0,0,-609,Versa 4
2026-05-08T13:12:42Z,0,0,609,Versa 4
2026-05-08T13:12:43Z,0,0,-304,Versa 4
2026-05-08T13:12:44Z,0,0,0,Versa 4
2026-05-08T13:12:45Z,0,0,0,Versa 4
2026-05-08T13:12:46Z,0,0,0,Versa 4
2026-05-08T13:12:47Z,0,0,0,Versa 4
2026-05-08T13:12:48Z,0,0,0,Versa 4
2026-05-08T13:12:49Z,0,0,304,Versa 4
2026-05-08T13:12:50Z,0,0,0,Versa 4
2026-05-08T13:12:51Z,0,0,0,Versa 4
2026-05-08T13:12:52Z,0,0,0,Versa 4
2026-05-08T13:12:53Z,0,0,0,Versa 4
2026-05-08T13:12:54Z,2,0,-304,Versa 4
2026-05-08T13:12:55Z,2,0,-304,Versa 4
2026-05-08T13:12:56Z,0,0,304,Versa 4
2026-05-08T13:12:57Z,0,0,-304,Versa 4
2026-05-08T13:12:58Z,0,0,304,Versa 4
2026-05-08T13:12:59Z,0,0,0,Versa 4
2026-05-08T13:13:00Z,0,0,0,Versa 4
2026-05-08T13:13:01Z,0,0,-304,Versa 4
2026-05-08T13:13:02Z,0,0,304,Versa 4
2026-05-08T13:13:03Z,0,0,0,Versa 4
2026-05-08T13:13:04Z,0,0,0,Versa 4
2026-05-08T13:13:05Z,0,0,304,Versa 4
2026-05-08T13:13:06Z,0,0,-304,Versa 4
2026-05-08T13:13:07Z,0,0,0,Versa 4
2026-05-08T13:13:08Z,0,0,0,Versa 4
2026-05-08T13:13:09Z,0,0,0,Versa 4
2026-05-08T13:13:10Z,0,0,0,Versa 4
2026-05-08T13:13:11Z,0,0,0,Versa 4
2026-05-08T13:13:12Z,0,0,0,Versa 4
2026-05-08T13:13:13Z,0,0,0,Versa 4
2026-05-08T13:13:14Z,0,0,0,Versa 4
2026-05-08T13:13:15Z,0,0,0,Versa 4
2026-05-08T13:13:16Z,0,0,0,Versa 4
2026-05-08T13:13:17Z,0,0,304,Versa 4
2026-05-08T13:13:18Z,0,0,-304,Versa 4
2026-05-08T13:13:19Z,0,0,-304,Versa 4
2026-05-08T13:13:20Z,0,0,304,Versa 4
2026-05-08T13:13:21Z,0,0,-304,Versa 4
2026-05-08T13:13:22Z,0,0,304,Versa 4
2026-05-08T13:13:23Z,0,0,0,Versa 4
2026-05-08T13:13:24Z,0,0,0,Versa 4
2026-05-08T13:13:25Z,0,0,0,Versa 4
2026-05-08T13:13:26Z,0,0,-304,Versa 4
2026-05-08T13:13:27Z,0,0,304,Versa 4
2026-05-08T13:13:28Z,0,0,0,Versa 4
2026-05-08T13:13:29Z,0,0,0,Versa 4
2026-05-08T13:13:30Z,0,0,0,Versa 4
2026-05-08T13:13:31Z,0,0,-304,Versa 4
2026-05-08T13:13:32Z,0,0,0,Versa 4
2026-05-08T13:13:33Z,0,0,0,Versa 4
2026-05-08T13:13:34Z,0,0,304,Versa 4
2026-05-08T13:13:35Z,0,0,0,Versa 4
2026-05-08T13:13:36Z,0,0,0,Versa 4
2026-05-08T13:13:37Z,0,0,0,Versa 4
2026-05-08T13:13:38Z,0,0,0,Versa 4
2026-05-08T13:13:39Z,0,0,-304,Versa 4
2026-05-08T13:13:40Z,0,0,304,Versa 4
2026-05-08T13:13:41Z,0,0,0,Versa 4
2026-05-08T13:13:42Z,0,0,304,Versa 4
2026-05-08T13:13:43Z,0,0,-304,Versa 4
2026-05-08T13:13:44Z,0,0,0,Versa 4
2026-05-08T13:13:45Z,0,0,-304,Versa 4
2026-05-08T13:13:46Z,0,0,304,Versa 4
2026-05-08T13:13:47Z,0,0,0,Versa 4
2026-05-08T13:13:48Z,0,0,0,Versa 4
2026-05-08T13:13:49Z,0,0,-304,Versa 4
2026-05-08T13:13:50Z,0,0,304,Versa 4
2026-05-08T13:13:51Z,0,0,-304,Versa 4
2026-05-08T13:13:52Z,0,0,304,Versa 4
2026-05-08T13:13:53Z,0,0,0,Versa 4
2026-05-08T13:13:54Z,0,0,0,Versa 4
2026-05-08T13:13:55Z,0,0,304,Versa 4
2026-05-08T13:13:56Z,0,0,-304,Versa 4
2026-05-08T13:13:57Z,0,0,-609,Versa 4
2026-05-08T13:13:58Z,0,0,304,Versa 4
2026-05-08T13:13:59Z,0,0,304,Versa 4
2026-05-08T13:14:00Z,0,0,-609,Versa 4
2026-05-08T13:14:01Z,0,0,304,Versa 4
2026-05-08T13:14:02Z,0,0,609,Versa 4
2026-05-08T13:14:03Z,0,0,-609,Versa 4
2026-05-08T13:14:04Z,0,0,0,Versa 4
2026-05-08T13:14:05Z,0,0,304,Versa 4
2026-05-08T13:14:06Z,0,0,-304,Versa 4
2026-05-08T13:14:07Z,0,0,304,Versa 4
2026-05-08T13:14:08Z,0,0,-304,Versa 4
2026-05-08T13:14:09Z,0,0,-304,Versa 4
2026-05-08T13:14:10Z,0,0,304,Versa 4
2026-05-08T13:14:11Z,0,0,0,Versa 4
2026-05-08T13:14:12Z,0,0,304,Versa 4
2026-05-08T13:14:13Z,0,0,0,Versa 4
2026-05-08T13:14:14Z,0,0,0,Versa 4
2026-05-08T13:14:15Z,0,0,0,Versa 4
2026-05-08T13:14:16Z,0,0,0,Versa 4
2026-05-08T13:14:17Z,0,0,0,Versa 4
2026-05-08T13:14:18Z,0,0,0,Versa 4
2026-05-08T13:14:19Z,0,0,0,Versa 4
2026-05-08T13:14:20Z,0,0,0,Versa 4
2026-05-08T13:14:21Z,0,0,0,Versa 4
2026-05-08T13:14:22Z,0,0,0,Versa 4
2026-05-08T13:14:23Z,0,0,0,Versa 4
2026-05-08T13:14:24Z,0,0,304,Versa 4
2026-05-08T13:14:25Z,0,0,-304,Versa 4
2026-05-08T13:14:26Z,0,0,0,Versa 4
2026-05-08T13:14:27Z,0,0,-304,Versa 4
2026-05-08T13:14:28Z,0,0,304,Versa 4
2026-05-08T13:14:29Z,0,0,-304,Versa 4
2026-05-08T13:14:30Z,0,0,0,Versa 4
2026-05-08T13:14:31Z,0,0,0,Versa 4
2026-05-08T13:14:32Z,0,0,304,Versa 4
2026-05-08T13:14:33Z,0,0,0,Versa 4
2026-05-08T13:14:35Z,0,0,-304,Versa 4
2026-05-08T13:14:36Z,0,0,304,Versa 4
2026-05-08T13:14:37Z,0,0,0,Versa 4
2026-05-08T13:14:38Z,0,0,0,Versa 4
2026-05-08T13:14:39Z,0,0,0,Versa 4
2026-05-08T13:14:40Z,0,0,0,Versa 4
2026-05-08T13:14:41Z,0,0,0,Versa 4
2026-05-08T13:14:42Z,0,0,0,Versa 4
2026-05-08T13:14:43Z,0,0,0,Versa 4
2026-05-08T13:14:44Z,0,0,-304,Versa 4
2026-05-08T13:14:45Z,0,0,304,Versa 4
2026-05-08T13:14:46Z,0,0,-304,Versa 4
2026-05-08T13:14:47Z,0,0,304,Versa 4
2026-05-08T13:14:48Z,0,0,0,Versa 4
2026-05-08T13:14:49Z,0,0,0,Versa 4
2026-05-08T13:14:50Z,0,0,-304,Versa 4
2026-05-08T13:14:51Z,0,0,609,Versa 4
2026-05-08T13:14:52Z,0,0,0,Versa 4
2026-05-08T13:14:53Z,0,0,-304,Versa 4
2026-05-08T13:14:54Z,0,0,0,Versa 4
2026-05-08T13:14:55Z,0,0,0,Versa 4
2026-05-08T13:14:56Z,0,0,0,Versa 4
2026-05-08T13:14:57Z,0,0,-304,Versa 4
2026-05-08T13:14:58Z,0,0,304,Versa 4
2026-05-08T13:14:59Z,0,0,0,Versa 4
2026-05-08T13:15:00Z,0,0,0,Versa 4
2026-05-08T13:15:01Z,0,0,0,Versa 4
2026-05-08T13:15:02Z,0,0,0,Versa 4
2026-05-08T13:15:03Z,0,0,-304,Versa 4
2026-05-08T13:15:04Z,0,0,0,Versa 4
2026-05-08T13:15:05Z,0,0,-304,Versa 4
2026-05-08T13:15:06Z,0,0,304,Versa 4
2026-05-08T13:15:07Z,0,0,-304,Versa 4
2026-05-08T13:15:08Z,0,0,304,Versa 4
2026-05-08T13:15:09Z,0,0,304,Versa 4
2026-05-08T13:15:10Z,0,0,-304,Versa 4
2026-05-08T13:15:11Z,0,0,304,Versa 4
2026-05-08T13:15:12Z,0,0,0,Versa 4
2026-05-08T13:15:13Z,0,0,0,Versa 4
2026-05-08T13:15:14Z,0,0,-609,Versa 4
2026-05-08T13:15:15Z,0,0,609,Versa 4
2026-05-08T13:15:16Z,0,0,-609,Versa 4
2026-05-08T13:15:17Z,0,0,304,Versa 4
2026-05-08T13:15:18Z,0,0,-304,Versa 4
2026-05-08T13:15:19Z,0,0,304,Versa 4
2026-05-08T13:15:20Z,0,0,0,Versa 4
2026-05-08T13:15:21Z,0,0,0,Versa 4
2026-05-08T13:15:22Z,0,0,304,Versa 4
2026-05-08T13:15:23Z,0,0,-304,Versa 4
2026-05-08T13:15:24Z,0,0,-304,Versa 4
2026-05-08T13:15:25Z,0,0,609,Versa 4
2026-05-08T13:15:26Z,0,0,-304,Versa 4
2026-05-08T13:15:27Z,0,0,0,Versa 4
2026-05-08T13:15:28Z,0,0,0,Versa 4
2026-05-08T13:15:29Z,0,0,0,Versa 4
2026-05-08T13:15:30Z,0,0,304,Versa 4
2026-05-08T13:15:31Z,0,0,-609,Versa 4
2026-05-08T13:15:32Z,0,0,609,Versa 4
2026-05-08T13:15:33Z,0,0,-304,Versa 4
2026-05-08T13:15:34Z,0,0,0,Versa 4
2026-05-08T13:15:35Z,0,0,0,Versa 4
2026-05-08T13:15:36Z,0,0,0,Versa 4
2026-05-08T13:15:37Z,0,0,304,Versa 4
2026-05-08T13:15:38Z,0,0,-609,Versa 4
2026-05-08T13:15:39Z,0,0,609,Versa 4
2026-05-08T13:15:40Z,0,0,-304,Versa 4
2026-05-08T13:15:41Z,0,0,0,Versa 4
2026-05-08T13:15:42Z,0,0,304,Versa 4
2026-05-08T13:15:43Z,0,0,0,Versa 4
2026-05-08T13:15:44Z,0,0,-304,Versa 4
2026-05-08T13:15:45Z,0,0,0,Versa 4
2026-05-08T13:15:46Z,0,0,304,Versa 4
2026-05-08T13:15:47Z,0,0,304,Versa 4
2026-05-08T13:15:48Z,0,0,-304,Versa 4
2026-05-08T13:15:49Z,0,0,0,Versa 4
2026-05-08T13:15:50Z,0,0,-609,Versa 4
2026-05-08T13:15:51Z,0,0,914,Versa 4
2026-05-08T13:15:52Z,0,0,-609,Versa 4
2026-05-08T13:15:53Z,0,0,0,Versa 4
2026-05-08T13:15:54Z,0,0,304,Versa 4
2026-05-08T13:15:55Z,0,0,-304,Versa 4
2026-05-08T13:15:56Z,0,0,0,Versa 4
2026-05-08T13:15:57Z,0,0,0,Versa 4
2026-05-08T13:15:58Z,0,0,304,Versa 4
2026-05-08T13:15:59Z,0,0,0,Versa 4
2026-05-08T13:16:00Z,0,0,-304,Versa 4
2026-05-08T13:16:01Z,0,0,609,Versa 4
2026-05-08T13:16:02Z,0,0,-304,Versa 4
2026-05-08T13:16:03Z,0,0,304,Versa 4
2026-05-08T13:16:04Z,0,0,-304,Versa 4
2026-05-08T13:16:05Z,0,0,-304,Versa 4
2026-05-08T13:16:06Z,0,0,304,Versa 4
2026-05-08T13:16:07Z,0,0,0,Versa 4
2026-05-08T13:16:08Z,0,0,0,Versa 4
2026-05-08T13:16:09Z,0,0,304,Versa 4
2026-05-08T13:16:10Z,0,0,-304,Versa 4
2026-05-08T13:16:11Z,0,0,304,Versa 4
2026-05-08T13:16:12Z,0,0,0,Versa 4
2026-05-08T13:16:13Z,0,0,-304,Versa 4
2026-05-08T13:16:14Z,0,0,-304,Versa 4
2026-05-08T13:16:15Z,2,0,304,Versa 4
2026-05-08T13:16:16Z,2,0,304,Versa 4
2026-05-08T13:16:17Z,0,0,0,Versa 4
2026-05-08T13:16:18Z,0,0,304,Versa 4
2026-05-08T13:16:19Z,0,0,-304,Versa 4
2026-05-08T13:16:20Z,0,0,-304,Versa 4
2026-05-08T13:16:21Z,0,0,304,Versa 4
2026-05-08T13:16:22Z,0,0,304,Versa 4
2026-05-08T13:16:23Z,0,0,-304,Versa 4
2026-05-08T13:16:24Z,0,0,0,Versa 4
2026-05-08T13:16:25Z,0,0,304,Versa 4
2026-05-08T13:16:26Z,0,0,-609,Versa 4
2026-05-08T13:16:27Z,0,0,304,Versa 4
2026-05-08T13:16:28Z,0,0,0,Versa 4
2026-05-08T13:16:29Z,0,0,0,Versa 4
2026-05-08T13:16:30Z,0,0,-304,Versa 4
2026-05-08T13:16:31Z,0,0,304,Versa 4
2026-05-08T13:16:32Z,0,0,0,Versa 4
2026-05-08T13:16:33Z,0,0,304,Versa 4
2026-05-08T13:16:34Z,0,0,-609,Versa 4
2026-05-08T13:16:35Z,0,0,304,Versa 4
2026-05-08T13:16:36Z,0,0,-304,Versa 4
2026-05-08T13:16:37Z,0,0,304,Versa 4
2026-05-08T13:16:38Z,0,0,0,Versa 4
2026-05-08T13:16:39Z,0,0,0,Versa 4
2026-05-08T13:16:40Z,0,0,0,Versa 4
2026-05-08T13:16:41Z,0,0,-304,Versa 4
2026-05-08T13:16:42Z,0,0,304,Versa 4
2026-05-08T13:16:43Z,0,0,304,Versa 4
2026-05-08T13:16:44Z,0,0,-304,Versa 4
2026-05-08T13:16:45Z,0,0,0,Versa 4
2026-05-08T13:16:46Z,0,0,0,Versa 4
2026-05-08T13:16:47Z,0,0,0,Versa 4
2026-05-08T13:16:48Z,0,0,0,Versa 4
2026-05-08T13:16:49Z,0,0,0,Versa 4
2026-05-08T13:16:50Z,0,0,304,Versa 4
2026-05-08T13:16:51Z,0,0,-304,Versa 4
2026-05-08T13:16:52Z,0,0,0,Versa 4
2026-05-08T13:16:53Z,0,0,-304,Versa 4
2026-05-08T13:16:54Z,0,0,609,Versa 4
2026-05-08T13:16:55Z,0,0,0,Versa 4
2026-05-08T13:16:56Z,0,0,-304,Versa 4
2026-05-08T13:16:57Z,0,0,0,Versa 4
2026-05-08T13:16:58Z,0,0,0,Versa 4
2026-05-08T13:16:59Z,0,0,0,Versa 4
2026-05-08T13:17:00Z,0,0,0,Versa 4
2026-05-08T13:17:01Z,0,0,0,Versa 4
2026-05-08T13:17:02Z,0,0,0,Versa 4
2026-05-08T13:17:03Z,0,0,-304,Versa 4
2026-05-08T13:17:04Z,0,0,304,Versa 4
2026-05-08T13:17:05Z,0,0,304,Versa 4
2026-05-08T13:17:06Z,0,0,-304,Versa 4
2026-05-08T13:17:07Z,0,0,0,Versa 4
2026-05-08T13:17:08Z,0,0,0,Versa 4
2026-05-08T13:17:09Z,0,0,0,Versa 4
2026-05-08T13:17:10Z,0,0,0,Versa 4
2026-05-08T13:17:11Z,0,0,-304,Versa 4
2026-05-08T13:17:12Z,0,0,609,Versa 4
2026-05-08T13:17:13Z,0,0,-304,Versa 4
2026-05-08T13:17:14Z,0,0,0,Versa 4
2026-05-08T13:17:15Z,0,0,304,Versa 4
2026-05-08T13:17:16Z,0,0,-304,Versa 4
2026-05-08T13:17:17Z,0,0,0,Versa 4
2026-05-08T13:17:18Z,0,0,0,Versa 4
2026-05-08T13:17:19Z,0,0,0,Versa 4
2026-05-08T13:17:20Z,0,0,-304,Versa 4
2026-05-08T13:17:21Z,0,0,304,Versa 4
2026-05-08T13:17:22Z,0,0,0,Versa 4
2026-05-08T13:17:23Z,0,0,0,Versa 4
2026-05-08T13:17:24Z,0,0,0,Versa 4
2026-05-08T13:17:25Z,0,0,0,Versa 4
2026-05-08T13:17:26Z,0,0,0,Versa 4
2026-05-08T13:17:27Z,0,0,0,Versa 4
2026-05-08T13:17:28Z,0,0,0,Versa 4
2026-05-08T13:17:29Z,0,0,0,Versa 4
2026-05-08T13:17:30Z,0,0,0,Versa 4
2026-05-08T13:17:31Z,0,0,0,Versa 4
2026-05-08T13:17:32Z,0,0,0,Versa 4
2026-05-08T13:17:33Z,0,0,-304,Versa 4
2026-05-08T13:17:34Z,0,0,304,Versa 4
2026-05-08T13:17:35Z,0,0,0,Versa 4
2026-05-08T13:17:36Z,0,0,0,Versa 4
2026-05-08T13:17:37Z,0,0,0,Versa 4
2026-05-08T13:17:38Z,0,0,0,Versa 4
2026-05-08T13:17:39Z,0,0,0,Versa 4
2026-05-08T13:17:40Z,0,0,0,Versa 4
2026-05-08T13:17:41Z,0,0,0,Versa 4
2026-05-08T13:17:42Z,0,0,-609,Versa 4
2026-05-08T13:17:43Z,0,0,609,Versa 4
2026-05-08T13:17:44Z,0,0,0,Versa 4
2026-05-08T13:17:45Z,0,0,0,Versa 4
2026-05-08T13:17:46Z,0,0,-304,Versa 4
2026-05-08T13:17:47Z,0,0,304,Versa 4
2026-05-08T13:17:48Z,0,0,0,Versa 4
2026-05-08T13:17:49Z,0,0,-304,Versa 4
2026-05-08T13:17:50Z,0,0,304,Versa 4
2026-05-08T13:17:51Z,0,0,0,Versa 4
2026-05-08T13:17:52Z,0,0,-304,Versa 4
2026-05-08T13:17:53Z,0,0,304,Versa 4
2026-05-08T13:17:54Z,0,0,0,Versa 4
2026-05-08T13:17:55Z,2,0,0,Versa 4
2026-05-08T13:17:56Z,2,0,0,Versa 4
2026-05-08T13:17:57Z,0,0,-304,Versa 4
2026-05-08T13:17:58Z,0,0,304,Versa 4
2026-05-08T13:17:59Z,0,0,0,Versa 4
2026-05-08T13:18:00Z,0,0,0,Versa 4
2026-05-08T13:18:01Z,0,0,0,Versa 4
2026-05-08T13:18:02Z,0,0,0,Versa 4
2026-05-08T13:18:03Z,0,0,0,Versa 4
2026-05-08T13:18:04Z,0,0,0,Versa 4
2026-05-08T13:18:05Z,0,0,0,Versa 4
2026-05-08T13:18:06Z,0,0,0,Versa 4
2026-05-08T13:18:07Z,0,0,0,Versa 4
2026-05-08T13:18:08Z,0,0,0,Versa 4
2026-05-08T13:18:09Z,0,0,0,Versa 4
2026-05-08T13:18:10Z,0,0,0,Versa 4
2026-05-08T13:18:11Z,0,0,-304,Versa 4
2026-05-08T13:18:12Z,0,0,304,Versa 4
2026-05-08T13:18:13Z,0,0,0,Versa 4
2026-05-08T13:18:14Z,0,0,-304,Versa 4
2026-05-08T13:18:15Z,0,0,304,Versa 4
2026-05-08T13:18:16Z,0,0,-304,Versa 4
2026-05-08T13:18:17Z,0,0,304,Versa 4
2026-05-08T13:18:18Z,0,0,0,Versa 4
2026-05-08T13:18:19Z,0,0,0,Versa 4
2026-05-08T13:18:20Z,0,0,0,Versa 4
2026-05-08T13:18:21Z,0,0,0,Versa 4
2026-05-08T13:18:22Z,0,0,0,Versa 4
2026-05-08T13:18:23Z,0,0,0,Versa 4
2026-05-08T13:18:24Z,0,0,-304,Versa 4
2026-05-08T13:18:25Z,0,0,304,Versa 4
2026-05-08T13:18:26Z,0,0,-304,Versa 4
2026-05-08T13:18:27Z,0,0,304,Versa 4
2026-05-08T13:18:28Z,0,0,-304,Versa 4
2026-05-08T13:18:29Z,0,0,-304,Versa 4
2026-05-08T13:18:30Z,0,0,609,Versa 4
2026-05-08T13:18:31Z,0,0,-304,Versa 4
2026-05-08T13:18:32Z,0,0,0,Versa 4
2026-05-08T13:18:33Z,0,0,0,Versa 4
2026-05-08T13:18:34Z,0,0,0,Versa 4
2026-05-08T13:18:35Z,0,0,0,Versa 4
2026-05-08T13:18:36Z,0,0,-304,Versa 4
2026-05-08T13:18:37Z,0,0,0,Versa 4
2026-05-08T13:18:38Z,0,0,0,Versa 4
2026-05-08T13:18:39Z,0,0,0,Versa 4
2026-05-08T13:18:40Z,0,0,0,Versa 4
2026-05-08T13:18:41Z,0,0,304,Versa 4
2026-05-08T13:18:42Z,0,0,-304,Versa 4
2026-05-08T13:18:43Z,0,0,304,Versa 4
2026-05-08T13:18:44Z,0,0,-304,Versa 4
2026-05-08T13:18:45Z,0,0,0,Versa 4
2026-05-08T13:18:46Z,0,0,0,Versa 4
2026-05-08T13:18:47Z,0,0,609,Versa 4
2026-05-08T13:18:48Z,0,0,-609,Versa 4
2026-05-08T13:18:49Z,0,0,0,Versa 4
2026-05-08T13:18:50Z,0,0,0,Versa 4
2026-05-08T13:18:51Z,0,0,0,Versa 4
2026-05-08T13:18:52Z,0,0,304,Versa 4
2026-05-08T13:18:53Z,0,0,-304,Versa 4
2026-05-08T13:18:54Z,0,0,0,Versa 4
2026-05-08T13:18:55Z,0,0,0,Versa 4
2026-05-08T13:18:56Z,0,0,0,Versa 4
2026-05-08T13:18:57Z,0,0,0,Versa 4
2026-05-08T13:18:58Z,0,0,0,Versa 4
2026-05-08T13:18:59Z,0,0,0,Versa 4
2026-05-08T13:19:00Z,0,0,304,Versa 4
2026-05-08T13:19:01Z,0,0,-304,Versa 4
2026-05-08T13:19:02Z,0,0,0,Versa 4
2026-05-08T13:19:03Z,0,0,0,Versa 4
2026-05-08T13:19:04Z,0,0,0,Versa 4
2026-05-08T13:19:05Z,0,0,0,Versa 4
2026-05-08T13:19:06Z,0,0,609,Versa 4
2026-05-08T13:19:07Z,0,0,0,Versa 4
2026-05-08T13:19:08Z,0,0,-304,Versa 4
2026-05-08T13:19:09Z,0,0,-304,Versa 4
2026-05-08T13:19:10Z,0,0,304,Versa 4
2026-05-08T13:19:11Z,0,0,-304,Versa 4
2026-05-08T13:19:12Z,0,0,304,Versa 4
2026-05-08T13:19:13Z,0,0,304,Versa 4
2026-05-08T13:19:14Z,0,0,-304,Versa 4
2026-05-08T13:19:15Z,0,0,0,Versa 4
2026-05-08T13:19:16Z,0,0,0,Versa 4
2026-05-08T13:19:17Z,0,0,0,Versa 4
2026-05-08T13:19:18Z,0,0,0,Versa 4
2026-05-08T13:19:19Z,0,0,304,Versa 4
2026-05-08T13:19:20Z,0,0,0,Versa 4
2026-05-08T13:19:21Z,0,0,-304,Versa 4
2026-05-08T13:19:22Z,0,0,-304,Versa 4
2026-05-08T13:19:23Z,0,0,609,Versa 4
2026-05-08T13:19:24Z,0,0,-304,Versa 4
2026-05-08T13:19:25Z,0,0,0,Versa 4
2026-05-08T13:19:26Z,0,0,304,Versa 4
2026-05-08T13:19:27Z,0,0,0,Versa 4
2026-05-08T13:19:28Z,0,0,0,Versa 4
2026-05-08T13:19:29Z,0,0,0,Versa 4
2026-05-08T13:19:30Z,0,0,0,Versa 4
2026-05-08T13:19:31Z,0,0,-304,Versa 4
2026-05-08T13:19:32Z,0,0,304,Versa 4
2026-05-08T13:19:33Z,0,0,-304,Versa 4
2026-05-08T13:19:34Z,0,0,304,Versa 4
2026-05-08T13:19:35Z,0,0,-304,Versa 4
2026-05-08T13:19:36Z,2,0,-304,Versa 4
2026-05-08T13:19:37Z,2,0,-304,Versa 4
2026-05-08T13:19:38Z,0,0,609,Versa 4
2026-05-08T13:19:39Z,0,0,-304,Versa 4
2026-05-08T13:19:40Z,0,0,0,Versa 4
2026-05-08T13:19:41Z,0,0,0,Versa 4
2026-05-08T13:19:42Z,0,0,304,Versa 4
2026-05-08T13:19:43Z,0,0,0,Versa 4
2026-05-08T13:19:44Z,0,0,0,Versa 4
2026-05-08T13:19:45Z,0,0,-304,Versa 4
2026-05-08T13:19:46Z,0,0,304,Versa 4
2026-05-08T13:19:47Z,0,0,0,Versa 4
2026-05-08T13:19:48Z,0,0,0,Versa 4
2026-05-08T13:19:49Z,0,0,0,Versa 4
2026-05-08T13:19:50Z,0,0,0,Versa 4
2026-05-08T13:19:51Z,0,0,-304,Versa 4
2026-05-08T13:19:52Z,0,0,304,Versa 4
2026-05-08T13:19:53Z,0,0,-304,Versa 4
2026-05-08T13:19:54Z,0,0,304,Versa 4
2026-05-08T13:19:55Z,0,0,0,Versa 4
2026-05-08T13:19:56Z,0,0,-304,Versa 4
2026-05-08T13:19:57Z,0,0,304,Versa 4
2026-05-08T13:19:58Z,0,0,0,Versa 4
2026-05-08T13:19:59Z,0,0,-304,Versa 4
2026-05-08T13:20:00Z,0,0,304,Versa 4
2026-05-08T13:20:01Z,0,0,-304,Versa 4
2026-05-08T13:20:02Z,0,0,0,Versa 4
2026-05-08T13:20:03Z,0,0,304,Versa 4
2026-05-08T13:20:04Z,0,0,304,Versa 4
2026-05-08T13:20:05Z,0,0,-304,Versa 4
2026-05-08T13:20:06Z,0,0,0,Versa 4
2026-05-08T13:20:07Z,0,0,0,Versa 4
2026-05-08T13:20:08Z,0,0,0,Versa 4
2026-05-08T13:20:09Z,0,0,0,Versa 4
2026-05-08T13:20:10Z,0,0,0,Versa 4
2026-05-08T13:20:11Z,0,0,0,Versa 4
2026-05-08T13:20:12Z,0,0,0,Versa 4
2026-05-08T13:20:13Z,0,0,0,Versa 4
2026-05-08T13:20:14Z,0,0,-609,Versa 4
2026-05-08T13:20:15Z,0,0,609,Versa 4
2026-05-08T13:20:16Z,0,0,-609,Versa 4
2026-05-08T13:20:17Z,0,0,0,Versa 4
2026-05-08T13:20:18Z,0,0,609,Versa 4
2026-05-08T13:20:19Z,0,0,-609,Versa 4
2026-05-08T13:20:20Z,0,0,304,Versa 4
2026-05-08T13:20:21Z,0,0,-304,Versa 4
2026-05-08T13:20:22Z,0,0,304,Versa 4
2026-05-08T13:20:23Z,0,0,0,Versa 4
2026-05-08T13:20:24Z,0,0,-304,Versa 4
2026-05-08T13:20:25Z,0,0,304,Versa 4
2026-05-08T13:20:26Z,0,0,0,Versa 4
2026-05-08T13:20:27Z,0,0,-304,Versa 4
2026-05-08T13:20:28Z,0,0,609,Versa 4
2026-05-08T13:20:29Z,0,0,-304,Versa 4
2026-05-08T13:20:30Z,0,0,0,Versa 4
2026-05-08T13:20:31Z,0,0,0,Versa 4
2026-05-08T13:20:32Z,0,0,0,Versa 4
2026-05-08T13:20:33Z,0,0,304,Versa 4
2026-05-08T13:20:34Z,0,0,-609,Versa 4
2026-05-08T13:20:35Z,0,0,0,Versa 4
2026-05-08T13:20:36Z,0,0,304,Versa 4
2026-05-08T13:20:37Z,0,0,0,Versa 4
2026-05-08T13:20:38Z,0,0,-304,Versa 4
2026-05-08T13:20:39Z,0,0,0,Versa 4
2026-05-08T13:20:40Z,0,0,304,Versa 4
2026-05-08T13:20:41Z,0,0,304,Versa 4
2026-05-08T13:20:42Z,0,0,0,Versa 4
2026-05-08T13:20:43Z,0,0,0,Versa 4
2026-05-08T13:20:44Z,0,0,0,Versa 4
2026-05-08T13:20:45Z,0,0,0,Versa 4
2026-05-08T13:20:46Z,0,0,0,Versa 4
2026-05-08T13:20:47Z,0,0,0,Versa 4
2026-05-08T13:20:48Z,0,0,0,Versa 4
2026-05-08T13:20:49Z,0,0,0,Versa 4
2026-05-08T13:20:50Z,0,0,0,Versa 4
2026-05-08T13:20:51Z,0,0,0,Versa 4
2026-05-08T13:20:52Z,0,0,304,Versa 4
2026-05-08T13:20:53Z,0,0,-304,Versa 4
2026-05-08T13:20:54Z,0,0,-304,Versa 4
2026-05-08T13:20:55Z,0,0,304,Versa 4
2026-05-08T13:20:56Z,0,0,0,Versa 4
2026-05-08T13:20:57Z,0,0,0,Versa 4
2026-05-08T13:20:58Z,0,0,-304,Versa 4
2026-05-08T13:20:59Z,0,0,304,Versa 4
2026-05-08T13:21:00Z,0,0,0,Versa 4
2026-05-08T13:21:01Z,0,0,-304,Versa 4
2026-05-08T13:21:02Z,0,0,0,Versa 4
2026-05-08T13:21:03Z,0,0,304,Versa 4
2026-05-08T13:21:04Z,0,0,-304,Versa 4
2026-05-08T13:21:05Z,0,0,0,Versa 4
2026-05-08T13:21:06Z,0,0,0,Versa 4
2026-05-08T13:21:07Z,0,0,304,Versa 4
2026-05-08T13:21:08Z,0,0,304,Versa 4
2026-05-08T13:21:09Z,0,0,-914,Versa 4
2026-05-08T13:21:10Z,0,0,609,Versa 4
2026-05-08T13:21:11Z,0,0,-304,Versa 4
2026-05-08T13:21:12Z,0,0,304,Versa 4
2026-05-08T13:21:13Z,0,0,-304,Versa 4
2026-05-08T13:21:14Z,0,0,0,Versa 4
2026-05-08T13:21:15Z,0,0,0,Versa 4
2026-05-08T13:21:16Z,0,0,0,Versa 4
2026-05-08T13:21:17Z,2,0,0,Versa 4
2026-05-08T13:21:18Z,2,0,0,Versa 4
2026-05-08T13:21:19Z,0,0,-304,Versa 4
2026-05-08T13:21:20Z,0,0,304,Versa 4
2026-05-08T13:21:21Z,0,0,304,Versa 4
2026-05-08T13:21:22Z,0,0,-304,Versa 4
2026-05-08T13:21:23Z,0,0,0,Versa 4
2026-05-08T13:21:24Z,0,0,304,Versa 4
2026-05-08T13:21:25Z,0,0,-304,Versa 4
2026-05-08T13:21:26Z,0,0,304,Versa 4
2026-05-08T13:21:27Z,0,0,-304,Versa 4
2026-05-08T13:21:28Z,0,0,304,Versa 4
2026-05-08T13:21:29Z,0,0,0,Versa 4
2026-05-08T13:21:30Z,0,0,0,Versa 4
2026-05-08T13:21:31Z,0,0,0,Versa 4
2026-05-08T13:21:32Z,0,0,0,Versa 4
2026-05-08T13:21:33Z,0,0,0,Versa 4
2026-05-08T13:21:34Z,0,0,0,Versa 4
2026-05-08T13:21:35Z,0,0,0,Versa 4
2026-05-08T13:21:36Z,0,0,304,Versa 4
2026-05-08T13:21:37Z,0,0,-304,Versa 4
2026-05-08T13:21:38Z,0,0,304,Versa 4
2026-05-08T13:21:39Z,0,0,-304,Versa 4
2026-05-08T13:21:40Z,0,0,0,Versa 4
2026-05-08T13:21:41Z,0,0,0,Versa 4
2026-05-08T13:21:42Z,0,0,0,Versa 4
2026-05-08T13:21:43Z,0,0,0,Versa 4
2026-05-08T13:21:44Z,0,0,0,Versa 4
2026-05-08T13:21:45Z,0,0,0,Versa 4
2026-05-08T13:21:46Z,0,0,0,Versa 4
2026-05-08T13:21:47Z,0,0,0,Versa 4
2026-05-08T13:21:48Z,0,0,0,Versa 4
2026-05-08T13:21:49Z,0,0,0,Versa 4
2026-05-08T13:21:50Z,0,0,-304,Versa 4
2026-05-08T13:21:51Z,0,0,-304,Versa 4
2026-05-08T13:21:52Z,0,0,304,Versa 4
2026-05-08T13:21:53Z,0,0,304,Versa 4
2026-05-08T13:21:54Z,0,0,0,Versa 4
2026-05-08T13:21:55Z,0,0,0,Versa 4
2026-05-08T13:21:56Z,0,0,0,Versa 4
2026-05-08T13:21:57Z,0,0,0,Versa 4
2026-05-08T13:21:58Z,0,0,0,Versa 4
2026-05-08T13:21:59Z,0,0,0,Versa 4
2026-05-08T13:22:00Z,0,0,0,Versa 4
2026-05-08T13:22:01Z,0,0,304,Versa 4
2026-05-08T13:22:02Z,0,0,-914,Versa 4
2026-05-08T13:22:03Z,0,0,609,Versa 4
2026-05-08T13:22:04Z,0,0,-304,Versa 4
2026-05-08T13:22:05Z,0,0,304,Versa 4
2026-05-08T13:22:06Z,0,0,-304,Versa 4
2026-05-08T13:22:07Z,0,0,304,Versa 4
2026-05-08T13:22:08Z,0,0,0,Versa 4
2026-05-08T13:22:09Z,0,0,-304,Versa 4
2026-05-08T13:22:10Z,0,0,304,Versa 4
2026-05-08T13:22:11Z,0,0,-609,Versa 4
2026-05-08T13:22:12Z,0,0,609,Versa 4
2026-05-08T13:22:13Z,0,0,0,Versa 4
2026-05-08T13:22:14Z,0,0,0,Versa 4
2026-05-08T13:22:15Z,0,0,-304,Versa 4
2026-05-08T13:22:16Z,0,0,304,Versa 4
2026-05-08T13:22:17Z,0,0,-304,Versa 4
2026-05-08T13:22:18Z,0,0,304,Versa 4
2026-05-08T13:22:19Z,0,0,-609,Versa 4
2026-05-08T13:22:20Z,0,0,0,Versa 4
2026-05-08T13:22:21Z,0,0,304,Versa 4
2026-05-08T13:22:22Z,0,0,-304,Versa 4
2026-05-08T13:22:23Z,0,0,0,Versa 4
2026-05-08T13:22:24Z,0,0,304,Versa 4
2026-05-08T13:22:25Z,0,0,-304,Versa 4
2026-05-08T13:22:26Z,0,0,0,Versa 4
2026-05-08T13:22:27Z,0,0,0,Versa 4
2026-05-08T13:22:28Z,0,0,304,Versa 4
2026-05-08T13:22:29Z,0,0,0,Versa 4
2026-05-08T13:22:30Z,0,0,-304,Versa 4
2026-05-08T13:22:31Z,0,0,0,Versa 4
2026-05-08T13:22:32Z,0,0,304,Versa 4
2026-05-08T13:22:33Z,0,0,-304,Versa 4
2026-05-08T13:22:34Z,0,0,304,Versa 4
2026-05-08T13:22:35Z,0,0,304,Versa 4
2026-05-08T13:22:36Z,0,0,-304,Versa 4
2026-05-08T13:22:37Z,0,0,0,Versa 4
2026-05-08T13:22:38Z,0,0,0,Versa 4
2026-05-08T13:22:39Z,0,0,0,Versa 4
2026-05-08T13:22:40Z,0,0,-304,Versa 4
2026-05-08T13:22:41Z,0,0,0,Versa 4
2026-05-08T13:22:42Z,0,0,0,Versa 4
2026-05-08T13:22:43Z,0,0,304,Versa 4
2026-05-08T13:22:44Z,0,0,-304,Versa 4
2026-05-08T13:22:45Z,0,0,0,Versa 4
2026-05-08T13:22:46Z,0,0,0,Versa 4
2026-05-08T13:22:47Z,0,0,304,Versa 4
2026-05-08T13:22:48Z,0,0,0,Versa 4
2026-05-08T13:22:49Z,0,0,0,Versa 4
2026-05-08T13:22:50Z,0,0,0,Versa 4
2026-05-08T13:22:51Z,0,0,-304,Versa 4
2026-05-08T13:22:52Z,0,0,0,Versa 4
2026-05-08T13:22:53Z,0,0,0,Versa 4
2026-05-08T13:22:54Z,0,0,0,Versa 4
2026-05-08T13:22:55Z,0,0,304,Versa 4
2026-05-08T13:22:56Z,0,0,0,Versa 4
2026-05-08T13:22:57Z,0,0,-304,Versa 4
2026-05-08T13:22:58Z,2,0,304,Versa 4
2026-05-08T13:22:59Z,2,0,304,Versa 4
2026-05-08T13:23:00Z,0,0,0,Versa 4
2026-05-08T13:23:01Z,0,0,0,Versa 4
2026-05-08T13:23:02Z,0,0,0,Versa 4
2026-05-08T13:23:03Z,0,0,-304,Versa 4
2026-05-08T13:23:04Z,0,0,304,Versa 4
2026-05-08T13:23:05Z,0,0,0,Versa 4
2026-05-08T13:23:06Z,0,0,-304,Versa 4
2026-05-08T13:23:07Z,0,0,0,Versa 4
2026-05-08T13:23:08Z,0,0,0,Versa 4
2026-05-08T13:23:09Z,0,0,0,Versa 4
2026-05-08T13:23:10Z,0,0,0,Versa 4
2026-05-08T13:23:11Z,0,0,0,Versa 4
2026-05-08T13:23:12Z,0,0,0,Versa 4
2026-05-08T13:23:13Z,0,0,0,Versa 4
2026-05-08T13:23:14Z,0,0,304,Versa 4
2026-05-08T13:23:15Z,0,0,0,Versa 4
2026-05-08T13:23:16Z,0,0,-304,Versa 4
2026-05-08T13:23:17Z,0,0,0,Versa 4
2026-05-08T13:23:18Z,0,0,304,Versa 4
2026-05-08T13:23:19Z,0,0,0,Versa 4
2026-05-08T13:23:20Z,0,0,0,Versa 4
2026-05-08T13:23:21Z,0,0,-304,Versa 4
2026-05-08T13:23:22Z,0,0,0,Versa 4
2026-05-08T13:23:23Z,0,0,0,Versa 4
2026-05-08T13:23:24Z,0,0,0,Versa 4
2026-05-08T13:23:25Z,0,0,0,Versa 4
2026-05-08T13:23:26Z,0,0,304,Versa 4
2026-05-08T13:23:27Z,0,0,0,Versa 4
2026-05-08T13:23:28Z,0,0,-304,Versa 4
2026-05-08T13:23:29Z,0,0,304,Versa 4
2026-05-08T13:23:30Z,0,0,0,Versa 4
2026-05-08T13:23:31Z,0,0,0,Versa 4
2026-05-08T13:23:32Z,0,0,0,Versa 4
2026-05-08T13:23:33Z,0,0,-304,Versa 4
2026-05-08T13:23:34Z,0,0,0,Versa 4
2026-05-08T13:23:35Z,0,0,304,Versa 4
2026-05-08T13:23:36Z,0,0,0,Versa 4
2026-05-08T13:23:37Z,0,0,0,Versa 4
2026-05-08T13:23:38Z,0,0,-304,Versa 4
2026-05-08T13:23:39Z,0,0,0,Versa 4
2026-05-08T13:23:40Z,0,0,0,Versa 4
2026-05-08T13:23:41Z,0,0,0,Versa 4
2026-05-08T13:23:42Z,0,0,304,Versa 4
2026-05-08T13:23:43Z,0,0,0,Versa 4
2026-05-08T13:23:44Z,0,0,-304,Versa 4
2026-05-08T13:23:45Z,0,0,304,Versa 4
2026-05-08T13:23:46Z,0,0,0,Versa 4
2026-05-08T13:23:47Z,0,0,0,Versa 4
2026-05-08T13:23:48Z,0,0,0,Versa 4
2026-05-08T13:23:49Z,0,0,0,Versa 4
2026-05-08T13:23:50Z,0,0,-304,Versa 4
2026-05-08T13:23:51Z,0,0,0,Versa 4
2026-05-08T13:23:52Z,0,0,0,Versa 4
2026-05-08T13:23:53Z,0,0,0,Versa 4
2026-05-08T13:23:54Z,0,0,0,Versa 4
2026-05-08T13:23:55Z,0,0,0,Versa 4
2026-05-08T13:23:56Z,0,0,304,Versa 4
2026-05-08T13:23:57Z,0,0,0,Versa 4
2026-05-08T13:23:58Z,0,0,-304,Versa 4
2026-05-08T13:23:59Z,0,0,0,Versa 4
2026-05-08T13:24:00Z,0,0,304,Versa 4
2026-05-08T13:24:01Z,0,0,-304,Versa 4
2026-05-08T13:24:02Z,0,0,0,Versa 4
2026-05-08T13:24:03Z,0,0,0,Versa 4
2026-05-08T13:24:04Z,0,0,0,Versa 4
2026-05-08T13:24:05Z,0,0,0,Versa 4
2026-05-08T13:24:06Z,0,0,304,Versa 4
2026-05-08T13:24:07Z,0,0,-304,Versa 4
2026-05-08T13:24:08Z,0,0,0,Versa 4
2026-05-08T13:24:09Z,0,0,304,Versa 4
2026-05-08T13:24:10Z,0,0,-304,Versa 4
2026-05-08T13:24:11Z,0,0,0,Versa 4
2026-05-08T13:24:12Z,0,0,0,Versa 4
2026-05-08T13:24:13Z,0,0,0,Versa 4
2026-05-08T13:24:14Z,0,0,0,Versa 4
2026-05-08T13:24:15Z,0,0,-304,Versa 4
2026-05-08T13:24:16Z,0,0,0,Versa 4
2026-05-08T13:24:17Z,0,0,304,Versa 4
2026-05-08T13:24:18Z,0,0,0,Versa 4
2026-05-08T13:24:19Z,0,0,0,Versa 4
2026-05-08T13:24:20Z,0,0,0,Versa 4
2026-05-08T13:24:21Z,0,0,-304,Versa 4
2026-05-08T13:24:22Z,0,0,304,Versa 4
2026-05-08T13:24:23Z,0,0,304,Versa 4
2026-05-08T13:24:24Z,0,0,-304,Versa 4
2026-05-08T13:24:25Z,0,0,0,Versa 4
2026-05-08T13:24:26Z,0,0,304,Versa 4
2026-05-08T13:24:27Z,0,0,-304,Versa 4
2026-05-08T13:24:28Z,0,0,0,Versa 4
2026-05-08T13:24:29Z,0,0,0,Versa 4
2026-05-08T13:24:30Z,0,0,0,Versa 4
2026-05-08T13:24:31Z,0,0,0,Versa 4
2026-05-08T13:24:32Z,0,0,-304,Versa 4
2026-05-08T13:24:33Z,0,0,304,Versa 4
2026-05-08T13:24:34Z,0,0,0,Versa 4
2026-05-08T13:24:35Z,0,0,304,Versa 4
2026-05-08T13:24:36Z,0,0,-304,Versa 4
2026-05-08T13:24:37Z,0,0,0,Versa 4
2026-05-08T13:24:38Z,0,0,0,Versa 4
2026-05-08T13:24:39Z,2,0,304,Versa 4
2026-05-08T13:24:40Z,2,0,304,Versa 4
2026-05-08T13:24:41Z,0,0,-304,Versa 4
2026-05-08T13:24:42Z,0,0,0,Versa 4
2026-05-08T13:24:43Z,0,0,0,Versa 4
2026-05-08T13:24:44Z,0,0,0,Versa 4
2026-05-08T13:24:45Z,0,0,0,Versa 4
2026-05-08T13:24:46Z,0,0,0,Versa 4
2026-05-08T13:24:47Z,0,0,304,Versa 4
2026-05-08T13:24:48Z,0,0,-304,Versa 4
2026-05-08T13:24:49Z,0,0,0,Versa 4
2026-05-08T13:24:50Z,0,0,0,Versa 4
2026-05-08T13:24:51Z,0,0,304,Versa 4
2026-05-08T13:24:52Z,0,0,-304,Versa 4
2026-05-08T13:24:53Z,0,0,304,Versa 4
2026-05-08T13:24:54Z,0,0,-304,Versa 4
2026-05-08T13:24:55Z,0,0,0,Versa 4
2026-05-08T13:24:56Z,0,0,0,Versa 4
2026-05-08T13:24:57Z,0,0,0,Versa 4
2026-05-08T13:24:58Z,0,0,0,Versa 4
2026-05-08T13:24:59Z,0,0,0,Versa 4
2026-05-08T13:25:00Z,0,0,0,Versa 4
2026-05-08T13:25:01Z,0,0,0,Versa 4
2026-05-08T13:25:02Z,0,0,0,Versa 4
2026-05-08T13:25:03Z,0,0,0,Versa 4
2026-05-08T13:25:04Z,0,0,0,Versa 4
2026-05-08T13:25:05Z,0,0,-304,Versa 4
2026-05-08T13:25:06Z,0,0,0,Versa 4
2026-05-08T13:25:07Z,0,0,304,Versa 4
2026-05-08T13:25:08Z,0,0,0,Versa 4
2026-05-08T13:25:09Z,0,0,304,Versa 4
2026-05-08T13:25:10Z,0,0,-304,Versa 4
2026-05-08T13:25:11Z,0,0,304,Versa 4
2026-05-08T13:25:12Z,0,0,0,Versa 4
2026-05-08T13:25:13Z,0,0,0,Versa 4
2026-05-08T13:25:14Z,0,0,0,Versa 4
2026-05-08T13:25:15Z,0,0,-304,Versa 4
2026-05-08T13:25:16Z,0,0,0,Versa 4
2026-05-08T13:25:17Z,0,0,0,Versa 4
2026-05-08T13:25:18Z,0,0,0,Versa 4
2026-05-08T13:25:19Z,0,0,0,Versa 4
2026-05-08T13:25:20Z,0,0,0,Versa 4
2026-05-08T13:25:21Z,0,0,0,Versa 4
2026-05-08T13:25:22Z,0,0,0,Versa 4
2026-05-08T13:25:23Z,0,0,0,Versa 4
2026-05-08T13:25:24Z,0,0,304,Versa 4
2026-05-08T13:25:25Z,0,0,-304,Versa 4
2026-05-08T13:25:26Z,0,0,-304,Versa 4
2026-05-08T13:25:27Z,0,0,0,Versa 4
2026-05-08T13:25:28Z,0,0,304,Versa 4
2026-05-08T13:25:29Z,0,0,0,Versa 4
2026-05-08T13:25:30Z,0,0,-304,Versa 4
2026-05-08T13:25:31Z,0,0,304,Versa 4
2026-05-08T13:25:32Z,0,0,-304,Versa 4
2026-05-08T13:25:33Z,0,0,304,Versa 4
2026-05-08T13:25:34Z,0,0,0,Versa 4
2026-05-08T13:25:35Z,0,0,0,Versa 4
2026-05-08T13:25:36Z,0,0,-609,Versa 4
2026-05-08T13:25:37Z,0,0,304,Versa 4
2026-05-08T13:25:38Z,0,0,304,Versa 4
2026-05-08T13:25:39Z,0,0,-304,Versa 4
2026-05-08T13:25:40Z,0,0,304,Versa 4
2026-05-08T13:25:41Z,0,0,-304,Versa 4
2026-05-08T13:25:42Z,0,0,0,Versa 4
2026-05-08T13:25:43Z,0,0,304,Versa 4
2026-05-08T13:25:44Z,0,0,-304,Versa 4
2026-05-08T13:25:45Z,0,0,0,Versa 4
2026-05-08T13:25:46Z,0,0,304,Versa 4
2026-05-08T13:25:47Z,0,0,0,Versa 4
2026-05-08T13:25:48Z,0,0,0,Versa 4
2026-05-08T13:25:49Z,0,0,0,Versa 4
2026-05-08T13:25:50Z,0,0,0,Versa 4
2026-05-08T13:25:51Z,0,0,0,Versa 4
2026-05-08T13:25:52Z,0,0,0,Versa 4
2026-05-08T13:25:53Z,0,0,0,Versa 4
2026-05-08T13:25:54Z,0,0,304,Versa 4
2026-05-08T13:25:55Z,0,0,0,Versa 4
2026-05-08T13:25:56Z,0,0,-304,Versa 4
2026-05-08T13:25:57Z,0,0,0,Versa 4
2026-05-08T13:25:58Z,0,0,0,Versa 4
2026-05-08T13:25:59Z,0,0,0,Versa 4
2026-05-08T13:26:00Z,0,0,-304,Versa 4
2026-05-08T13:26:01Z,0,0,304,Versa 4
2026-05-08T13:26:02Z,0,0,-304,Versa 4
2026-05-08T13:26:03Z,0,0,304,Versa 4
2026-05-08T13:26:04Z,0,0,0,Versa 4
2026-05-08T13:26:05Z,0,0,0,Versa 4
2026-05-08T13:26:06Z,0,0,0,Versa 4
2026-05-08T13:26:07Z,0,0,-304,Versa 4
2026-05-08T13:26:08Z,0,0,609,Versa 4
2026-05-08T13:26:09Z,0,0,-304,Versa 4
2026-05-08T13:26:10Z,0,0,0,Versa 4
2026-05-08T13:26:11Z,0,0,-304,Versa 4
2026-05-08T13:26:12Z,0,0,0,Versa 4
2026-05-08T13:26:13Z,0,0,304,Versa 4
2026-05-08T13:26:14Z,0,0,0,Versa 4
2026-05-08T13:26:15Z,0,0,0,Versa 4
2026-05-08T15:24:19Z,2,0,0,Versa 4
2026-05-08T15:24:20Z,2,0,-304,Versa 4
2026-05-08T15:24:21Z,2,180,0,Versa 4
2026-05-08T15:24:22Z,1,270,304,Versa 4
2026-05-08T15:24:23Z,2,410,-304,Versa 4
2026-05-08T15:24:24Z,2,560,0,Versa 4
2026-05-08T15:24:25Z,2,680,0,Versa 4
2026-05-08T15:24:26Z,2,770,304,Versa 4
2026-05-08T15:24:27Z,2,880,-609,Versa 4
2026-05-08T15:24:28Z,2,970,0,Versa 4
2026-05-08T15:24:29Z,1,990,0,Versa 4
2026-05-08T15:24:30Z,2,1020,304,Versa 4
2026-05-08T15:24:31Z,2,1290,0,Versa 4
2026-05-08T15:24:32Z,2,1300,-304,Versa 4
2026-05-08T15:24:33Z,2,1300,304,Versa 4
2026-05-08T15:24:34Z,2,1350,304,Versa 4
2026-05-08T15:24:35Z,2,1390,-609,Versa 4
2026-05-08T15:24:36Z,2,1410,609,Versa 4
2026-05-08T15:24:37Z,1,1390,-304,Versa 4
2026-05-08T15:24:38Z,2,1380,-304,Versa 4
2026-05-08T15:24:39Z,2,1370,304,Versa 4
2026-05-08T15:24:40Z,2,1360,304,Versa 4
2026-05-08T15:24:41Z,2,1350,-304,Versa 4
2026-05-08T15:24:42Z,1,1350,-304,Versa 4
2026-05-08T15:24:43Z,2,1350,304,Versa 4
2026-05-08T15:24:44Z,2,1360,0,Versa 4
2026-05-08T15:24:45Z,2,1350,0,Versa 4
2026-05-08T15:24:46Z,2,1350,0,Versa 4
2026-05-08T15:24:47Z,2,1390,0,Versa 4
2026-05-08T15:24:48Z,1,1380,0,Versa 4
2026-05-08T15:24:49Z,2,1390,0,Versa 4
2026-05-08T15:24:50Z,2,1380,0,Versa 4
2026-05-08T15:24:51Z,2,1380,0,Versa 4
2026-05-08T15:24:52Z,2,1380,304,Versa 4
2026-05-08T15:24:53Z,2,1410,0,Versa 4
2026-05-08T15:24:54Z,2,1410,304,Versa 4
2026-05-08T15:24:55Z,1,1400,0,Versa 4
2026-05-08T15:24:56Z,2,1410,0,Versa 4
2026-05-08T15:24:57Z,2,1410,304,Versa 4
2026-05-08T15:24:58Z,1,1390,-609,Versa 4
2026-05-08T15:24:59Z,1,1390,-609,Versa 4
2026-05-08T15:25:00Z,2,1390,0,Versa 4
2026-05-08T15:25:01Z,2,1400,0,Versa 4
2026-05-08T15:25:02Z,2,1390,-304,Versa 4
2026-05-08T15:25:03Z,1,1380,304,Versa 4
2026-05-08T15:25:04Z,2,1380,304,Versa 4
2026-05-08T15:25:05Z,2,1380,-304,Versa 4
2026-05-08T15:25:06Z,2,1390,0,Versa 4
2026-05-08T15:25:07Z,2,1380,0,Versa 4
2026-05-08T15:25:08Z,1,1380,0,Versa 4
2026-05-08T15:25:09Z,2,1390,304,Versa 4
2026-05-08T15:25:10Z,2,1380,0,Versa 4
2026-05-08T15:25:11Z,2,1370,304,Versa 4
2026-05-08T15:25:12Z,1,1380,-304,Versa 4
2026-05-08T15:25:13Z,2,1370,0,Versa 4
2026-05-08T15:25:14Z,2,1380,0,Versa 4
2026-05-08T15:25:15Z,2,1370,0,Versa 4
2026-05-08T15:25:16Z,2,1370,0,Versa 4
2026-05-08T15:25:17Z,2,1380,-304,Versa 4
2026-05-08T15:25:18Z,1,1370,304,Versa 4
2026-05-08T15:25:19Z,2,1380,0,Versa 4
2026-05-08T15:25:20Z,2,1360,-304,Versa 4
2026-05-08T15:25:21Z,2,1370,304,Versa 4
2026-05-08T15:25:22Z,2,1370,-304,Versa 4
2026-05-08T15:25:23Z,2,1370,0,Versa 4
2026-05-08T15:25:24Z,1,1380,0,Versa 4
2026-05-08T15:25:25Z,2,1360,609,Versa 4
2026-05-08T15:25:26Z,2,1370,-304,Versa 4
2026-05-08T15:25:27Z,2,1370,0,Versa 4
2026-05-08T15:25:28Z,2,1370,0,Versa 4
2026-05-08T15:25:29Z,1,1360,-304,Versa 4
2026-05-08T15:25:30Z,2,1370,304,Versa 4
2026-05-08T15:25:31Z,2,1370,0,Versa 4
2026-05-08T15:25:32Z,2,1360,0,Versa 4
2026-05-08T15:25:33Z,1,1360,0,Versa 4
2026-05-08T15:25:34Z,2,1360,-304,Versa 4
2026-05-08T15:25:35Z,2,1360,609,Versa 4
2026-05-08T15:25:36Z,2,1360,-304,Versa 4
2026-05-08T15:25:37Z,2,1360,0,Versa 4
2026-05-08T15:25:38Z,2,1360,304,Versa 4
2026-05-08T15:25:39Z,2,1370,0,Versa 4
2026-05-08T15:25:40Z,1,1370,304,Versa 4
2026-05-08T15:25:41Z,2,1360,-304,Versa 4
2026-05-08T15:25:42Z,2,1370,0,Versa 4
2026-05-08T15:25:43Z,2,1370,0,Versa 4
2026-05-08T15:25:44Z,2,1360,0,Versa 4
2026-05-08T15:25:45Z,1,1360,-304,Versa 4
2026-05-08T15:25:46Z,2,1350,609,Versa 4
2026-05-08T15:25:47Z,2,1360,-304,Versa 4
2026-05-08T15:25:48Z,2,1360,0,Versa 4
2026-05-08T15:25:49Z,1,1360,0,Versa 4
2026-05-08T15:25:50Z,2,1360,-304,Versa 4
2026-05-08T15:25:51Z,2,1360,304,Versa 4
2026-05-08T15:25:52Z,2,1350,304,Versa 4
2026-05-08T15:25:53Z,2,1350,0,Versa 4
2026-05-08T15:25:54Z,1,1360,-304,Versa 4
2026-05-08T15:25:55Z,2,1350,304,Versa 4
2026-05-08T15:25:56Z,2,1350,0,Versa 4
2026-05-08T15:25:57Z,2,1350,-304,Versa 4
2026-05-08T15:25:58Z,2,1350,304,Versa 4
2026-05-08T15:25:59Z,2,1360,0,Versa 4
2026-05-08T15:26:00Z,1,1360,-609,Versa 4
2026-05-08T15:26:01Z,2,1360,0,Versa 4
2026-05-08T15:26:02Z,2,1350,609,Versa 4
2026-05-08T15:26:03Z,2,1350,-304,Versa 4
2026-05-08T15:26:04Z,2,1360,0,Versa 4
2026-05-08T15:26:05Z,1,1350,-304,Versa 4
2026-05-08T15:26:06Z,2,1350,609,Versa 4
2026-05-08T15:26:07Z,2,1350,-304,Versa 4
2026-05-08T15:26:08Z,2,1350,-609,Versa 4
2026-05-08T15:26:09Z,2,1350,0,Versa 4
2026-05-08T15:26:10Z,1,1350,609,Versa 4
2026-05-08T15:26:11Z,2,1360,304,Versa 4
2026-05-08T15:26:12Z,2,1350,-304,Versa 4
2026-05-08T15:26:13Z,1,1350,304,Versa 4
2026-05-08T15:26:14Z,2,1340,-304,Versa 4
2026-05-08T15:26:15Z,1,1350,304,Versa 4
2026-05-08T15:26:16Z,2,1330,-609,Versa 4
2026-05-08T15:26:17Z,2,1340,0,Versa 4
2026-05-08T15:26:18Z,2,1330,0,Versa 4
2026-05-08T15:26:19Z,1,1330,304,Versa 4
2026-05-08T15:26:20Z,2,1330,-304,Versa 4
2026-05-08T15:26:21Z,2,1330,304,Versa 4
2026-05-08T15:26:22Z,2,1330,304,Versa 4
2026-05-08T15:26:23Z,1,1330,0,Versa 4
2026-05-08T15:26:24Z,2,1320,-609,Versa 4
2026-05-08T15:26:25Z,2,1330,0,Versa 4
2026-05-08T15:26:26Z,2,1330,0,Versa 4
2026-05-08T15:26:27Z,2,1330,0,Versa 4
2026-05-08T15:26:28Z,2,1330,0,Versa 4
2026-05-08T15:26:29Z,2,1330,304,Versa 4
2026-05-08T15:26:30Z,1,1340,0,Versa 4
2026-05-08T15:26:31Z,2,1330,0,Versa 4
2026-05-08T15:26:32Z,2,1340,-304,Versa 4
2026-05-08T15:26:33Z,2,1340,0,Versa 4
2026-05-08T15:26:34Z,2,1330,0,Versa 4
2026-05-08T15:26:35Z,1,1340,0,Versa 4
2026-05-08T15:26:36Z,2,1330,0,Versa 4
2026-05-08T15:26:37Z,2,1330,0,Versa 4
2026-05-08T15:26:38Z,4,2680,304,Versa 4
2026-05-08T15:26:39Z,4,2680,304,Versa 4
2026-05-08T15:26:40Z,1,1330,0,Versa 4
2026-05-08T15:26:41Z,2,1340,304,Versa 4
2026-05-08T15:26:42Z,2,1330,-304,Versa 4
2026-05-08T15:26:43Z,2,1340,0,Versa 4
2026-05-08T15:26:44Z,2,1340,304,Versa 4
2026-05-08T15:26:45Z,1,1330,0,Versa 4
2026-05-08T15:26:46Z,2,1340,-304,Versa 4
2026-05-08T15:26:47Z,2,1330,304,Versa 4
2026-05-08T15:26:48Z,2,1340,0,Versa 4
2026-05-08T15:26:49Z,2,1330,304,Versa 4
2026-05-08T15:26:50Z,2,1340,-304,Versa 4
2026-05-08T15:26:51Z,1,1340,304,Versa 4
2026-05-08T15:26:52Z,2,1330,-304,Versa 4
2026-05-08T15:26:53Z,2,1340,0,Versa 4
2026-05-08T15:26:54Z,1,1330,0,Versa 4
2026-05-08T15:26:55Z,2,1330,0,Versa 4
2026-05-08T15:26:56Z,1,1330,304,Versa 4
2026-05-08T15:26:57Z,2,1320,-304,Versa 4
2026-05-08T15:26:58Z,2,1320,0,Versa 4
2026-05-08T15:26:59Z,2,1320,0,Versa 4
2026-05-08T15:27:00Z,2,1320,609,Versa 4
2026-05-08T15:27:01Z,1,1320,-304,Versa 4
2026-05-08T15:27:02Z,2,1320,-304,Versa 4
2026-05-08T15:27:03Z,2,1320,0,Versa 4
2026-05-08T15:27:04Z,2,1320,304,Versa 4
2026-05-08T15:27:05Z,2,1320,0,Versa 4
2026-05-08T15:27:06Z,2,1330,-609,Versa 4
2026-05-08T15:27:07Z,2,1330,609,Versa 4
2026-05-08T15:27:08Z,1,1330,-609,Versa 4
2026-05-08T15:27:09Z,2,1330,609,Versa 4
2026-05-08T15:27:10Z,2,1320,-304,Versa 4
2026-05-08T15:27:11Z,2,1340,304,Versa 4
2026-05-08T15:27:12Z,2,1340,0,Versa 4
2026-05-08T15:27:13Z,1,1330,0,Versa 4
2026-05-08T15:27:14Z,2,1340,-304,Versa 4
2026-05-08T15:27:15Z,2,1330,0,Versa 4
2026-05-08T15:27:16Z,2,1340,0,Versa 4
2026-05-08T15:27:17Z,2,1340,0,Versa 4
2026-05-08T15:27:18Z,2,1330,0,Versa 4
2026-05-08T15:27:19Z,1,1340,0,Versa 4
2026-05-08T15:27:20Z,2,1330,0,Versa 4
2026-05-08T15:27:21Z,2,1340,304,Versa 4
2026-05-08T15:27:22Z,2,1340,-609,Versa 4
2026-05-08T15:27:23Z,2,1330,609,Versa 4
2026-05-08T15:27:24Z,1,1340,304,Versa 4
2026-05-08T15:27:25Z,2,1330,-304,Versa 4
2026-05-08T15:27:26Z,2,1340,0,Versa 4
2026-05-08T15:27:27Z,2,1340,0,Versa 4
2026-05-08T15:27:28Z,1,1330,-304,Versa 4
2026-05-08T15:27:29Z,2,1340,304,Versa 4
2026-05-08T15:27:30Z,2,1330,0,Versa 4
2026-05-08T15:27:31Z,2,1340,0,Versa 4
2026-05-08T15:27:32Z,2,1330,0,Versa 4
2026-05-08T15:27:33Z,1,1340,304,Versa 4
2026-05-08T15:27:34Z,2,1340,0,Versa 4
2026-05-08T15:27:35Z,2,1330,0,Versa 4
2026-05-08T15:27:36Z,2,1340,-304,Versa 4
2026-05-08T15:27:37Z,1,1340,0,Versa 4
2026-05-08T15:27:38Z,2,1330,0,Versa 4
2026-05-08T15:27:39Z,2,1340,304,Versa 4
2026-05-08T15:27:40Z,2,1330,0,Versa 4
2026-05-08T15:27:41Z,2,1340,-609,Versa 4
2026-05-08T15:27:42Z,1,1340,304,Versa 4
2026-05-08T15:27:43Z,2,1330,304,Versa 4
2026-05-08T15:27:44Z,2,1340,-304,Versa 4
2026-05-08T15:27:45Z,2,1330,0,Versa 4
2026-05-08T15:27:46Z,2,1340,0,Versa 4
2026-05-08T15:27:47Z,1,1340,304,Versa 4
2026-05-08T15:27:48Z,2,1330,0,Versa 4
2026-05-08T15:27:49Z,2,1340,304,Versa 4
2026-05-08T15:27:50Z,2,1330,-609,Versa 4
2026-05-08T15:27:51Z,2,1340,304,Versa 4
2026-05-08T15:27:52Z,1,1340,0,Versa 4
2026-05-08T15:27:53Z,2,1330,0,Versa 4
2026-05-08T15:27:54Z,2,1340,-304,Versa 4
2026-05-08T15:27:55Z,2,1330,304,Versa 4
2026-05-08T15:27:56Z,1,1340,-304,Versa 4
2026-05-08T15:27:57Z,2,1340,304,Versa 4
2026-05-08T15:27:58Z,2,1330,-609,Versa 4
2026-05-08T15:27:59Z,2,1340,304,Versa 4
2026-05-08T15:28:00Z,1,1330,0,Versa 4
2026-05-08T15:28:01Z,2,1320,0,Versa 4
2026-05-08T15:28:02Z,2,1330,304,Versa 4
2026-05-08T15:28:03Z,2,1330,-304,Versa 4
2026-05-08T15:28:04Z,2,1340,0,Versa 4
2026-05-08T15:28:05Z,1,1330,-304,Versa 4
2026-05-08T15:28:06Z,2,1340,609,Versa 4
2026-05-08T15:28:07Z,2,1330,-609,Versa 4
2026-05-08T15:28:08Z,2,1340,0,Versa 4
2026-05-08T15:28:09Z,1,1330,304,Versa 4
2026-05-08T15:28:10Z,2,1330,0,Versa 4
2026-05-08T15:28:11Z,2,1320,0,Versa 4
2026-05-08T15:28:12Z,2,1330,0,Versa 4
2026-05-08T15:28:13Z,2,1330,304,Versa 4
2026-05-08T15:28:14Z,2,1340,-304,Versa 4
2026-05-08T15:28:15Z,1,1330,-304,Versa 4
2026-05-08T15:28:16Z,2,1340,0,Versa 4
2026-05-08T15:28:17Z,2,1330,304,Versa 4
2026-05-08T15:28:18Z,2,1340,-304,Versa 4
2026-05-08T15:28:19Z,1,1330,609,Versa 4
2026-05-08T15:28:20Z,2,1330,-609,Versa 4
2026-05-08T15:28:21Z,2,1320,304,Versa 4
2026-05-08T15:28:22Z,2,1330,0,Versa 4
2026-05-08T15:28:23Z,2,1330,-304,Versa 4
2026-05-08T15:28:24Z,2,1340,0,Versa 4
2026-05-08T15:28:25Z,2,1330,304,Versa 4
2026-05-08T15:28:26Z,1,1340,0,Versa 4
2026-05-08T15:28:27Z,2,1330,0,Versa 4
2026-05-08T15:28:28Z,2,1340,304,Versa 4
2026-05-08T15:28:29Z,2,1340,0,Versa 4
2026-05-08T15:28:30Z,2,1330,0,Versa 4
2026-05-08T15:28:31Z,2,1350,-304,Versa 4
2026-05-08T15:28:32Z,2,1340,0,Versa 4
2026-05-08T15:28:33Z,1,1340,609,Versa 4
2026-05-08T15:28:34Z,2,1350,-304,Versa 4
2026-05-08T15:28:35Z,2,1340,0,Versa 4
2026-05-08T15:28:36Z,2,1340,-304,Versa 4
2026-05-08T15:28:37Z,2,1350,0,Versa 4
2026-05-08T15:28:38Z,2,1350,304,Versa 4
2026-05-08T15:28:39Z,1,1350,-304,Versa 4
2026-05-08T15:28:40Z,2,1350,304,Versa 4
2026-05-08T15:28:41Z,2,1350,-304,Versa 4
2026-05-08T15:28:42Z,2,1360,0,Versa 4
2026-05-08T15:28:43Z,2,1350,304,Versa 4
2026-05-08T15:28:44Z,2,1350,-304,Versa 4
2026-05-08T15:28:45Z,2,1350,0,Versa 4
2026-05-08T15:28:46Z,1,1350,0,Versa 4
2026-05-08T15:28:47Z,2,1350,0,Versa 4
2026-05-08T15:28:48Z,2,1360,0,Versa 4
2026-05-08T15:28:49Z,2,1350,304,Versa 4
2026-05-08T15:28:50Z,2,1350,0,Versa 4
2026-05-08T15:28:51Z,2,1360,0,Versa 4
2026-05-08T15:28:52Z,2,1360,-304,Versa 4
2026-05-08T15:28:53Z,1,1360,0,Versa 4
2026-05-08T15:28:54Z,2,1360,609,Versa 4
2026-05-08T15:28:55Z,2,1360,0,Versa 4
2026-05-08T15:28:56Z,2,1350,-304,Versa 4
2026-05-08T15:28:57Z,2,1360,304,Versa 4
2026-05-08T15:28:58Z,2,1360,-304,Versa 4
2026-05-08T15:28:59Z,1,1360,-304,Versa 4
2026-05-08T15:29:00Z,2,1360,0,Versa 4
2026-05-08T15:29:01Z,2,1360,0,Versa 4
2026-05-08T15:29:02Z,2,1360,304,Versa 4
2026-05-08T15:29:03Z,2,1360,304,Versa 4
2026-05-08T15:29:04Z,2,1360,304,Versa 4
2026-05-08T15:29:05Z,2,1360,0,Versa 4
2026-05-08T15:29:06Z,1,1360,-304,Versa 4
2026-05-08T15:29:07Z,2,1360,-304,Versa 4
2026-05-08T15:29:08Z,2,1360,0,Versa 4
2026-05-08T15:29:09Z,2,1360,304,Versa 4
2026-05-08T15:29:10Z,2,1360,-304,Versa 4
2026-05-08T15:29:11Z,2,1360,609,Versa 4
2026-05-08T15:29:12Z,1,1360,0,Versa 4
2026-05-08T15:29:13Z,2,1350,0,Versa 4
2026-05-08T15:29:14Z,2,1360,-304,Versa 4
2026-05-08T15:29:15Z,2,1360,304,Versa 4
2026-05-08T15:29:16Z,2,1360,0,Versa 4
2026-05-08T15:29:17Z,2,1360,0,Versa 4
2026-05-08T15:29:18Z,1,1360,0,Versa 4
2026-05-08T15:29:19Z,2,1360,-304,Versa 4
2026-05-08T15:29:20Z,2,1360,304,Versa 4
2026-05-08T15:29:21Z,2,1360,0,Versa 4
2026-05-08T15:29:22Z,2,1360,0,Versa 4
2026-05-08T15:29:23Z,1,1360,-304,Versa 4
2026-05-08T15:29:24Z,2,1360,0,Versa 4
2026-05-08T15:29:25Z,2,1360,304,Versa 4
2026-05-08T15:29:26Z,2,1360,-609,Versa 4
2026-05-08T15:29:27Z,2,1360,304,Versa 4
2026-05-08T15:29:28Z,2,1360,-304,Versa 4
2026-05-08T15:29:29Z,2,1360,304,Versa 4
2026-05-08T15:29:30Z,1,1370,0,Versa 4
2026-05-08T15:29:31Z,2,1360,0,Versa 4
2026-05-08T15:29:32Z,2,1360,304,Versa 4
2026-05-08T15:29:33Z,2,1360,-609,Versa 4
2026-05-08T15:29:34Z,2,1360,304,Versa 4
2026-05-08T15:29:35Z,2,1360,0,Versa 4
2026-05-08T15:29:36Z,1,1370,304,Versa 4
2026-05-08T15:29:37Z,2,1370,0,Versa 4
2026-05-08T15:29:38Z,2,1360,-304,Versa 4
2026-05-08T15:29:39Z,2,1360,0,Versa 4
2026-05-08T15:29:40Z,2,1360,0,Versa 4
2026-05-08T15:29:41Z,2,1360,0,Versa 4
2026-05-08T15:29:42Z,1,1370,0,Versa 4
2026-05-08T15:29:43Z,2,1370,0,Versa 4
2026-05-08T15:29:44Z,2,1360,0,Versa 4
2026-05-08T15:29:45Z,2,1360,-304,Versa 4
2026-05-08T15:29:46Z,1,1360,0,Versa 4
2026-05-08T15:29:47Z,2,1360,0,Versa 4
2026-05-08T15:29:48Z,2,1360,0,Versa 4
2026-05-08T15:29:49Z,2,1350,0,Versa 4
2026-05-08T15:29:50Z,2,1360,0,Versa 4
2026-05-08T15:29:51Z,1,1360,-304,Versa 4
2026-05-08T15:29:52Z,2,1360,609,Versa 4
2026-05-08T15:29:53Z,2,1350,-304,Versa 4
2026-05-08T15:29:54Z,2,1360,0,Versa 4
2026-05-08T15:29:55Z,2,1350,0,Versa 4
2026-05-08T15:29:56Z,1,1350,0,Versa 4
2026-05-08T15:29:57Z,2,1350,0,Versa 4
2026-05-08T15:29:58Z,2,1350,0,Versa 4
2026-05-08T15:29:59Z,2,1350,0,Versa 4
2026-05-08T15:30:00Z,2,1360,0,Versa 4
2026-05-08T15:30:01Z,2,1350,-304,Versa 4
2026-05-08T15:30:02Z,2,1360,304,Versa 4
2026-05-08T15:30:03Z,1,1360,-304,Versa 4
2026-05-08T15:30:04Z,2,1360,304,Versa 4
2026-05-08T15:30:05Z,2,1360,0,Versa 4
2026-05-08T15:30:06Z,2,1360,0,Versa 4
2026-05-08T15:30:07Z,2,1360,0,Versa 4
2026-05-08T15:30:08Z,1,1360,0,Versa 4
2026-05-08T15:30:09Z,2,1360,0,Versa 4
2026-05-08T15:30:10Z,2,1360,-304,Versa 4
2026-05-08T15:30:11Z,2,1360,-304,Versa 4
2026-05-08T15:30:12Z,1,1350,609,Versa 4
2026-05-08T15:30:13Z,2,1350,-304,Versa 4
2026-05-08T15:30:14Z,2,1350,-609,Versa 4
2026-05-08T15:30:15Z,2,1350,914,Versa 4
2026-05-08T15:30:16Z,2,1360,0,Versa 4
2026-05-08T15:30:17Z,1,1350,-304,Versa 4
2026-05-08T15:30:18Z,2,1350,609,Versa 4
2026-05-08T15:30:19Z,2,1350,0,Versa 4
2026-05-08T15:30:20Z,2,1350,-304,Versa 4
2026-05-08T15:30:21Z,2,1350,304,Versa 4
2026-05-08T15:30:22Z,1,1360,-304,Versa 4
2026-05-08T15:30:23Z,2,1350,-304,Versa 4
2026-05-08T15:30:24Z,2,1350,304,Versa 4
2026-05-08T15:30:25Z,2,1350,-304,Versa 4
2026-05-08T15:30:26Z,2,1350,-304,Versa 4
2026-05-08T15:30:27Z,1,1350,0,Versa 4
2026-05-08T15:30:28Z,2,1350,0,Versa 4
2026-05-08T15:30:29Z,2,1350,304,Versa 4
2026-05-08T15:30:30Z,2,1340,304,Versa 4
2026-05-08T15:30:31Z,2,1350,-914,Versa 4
2026-05-08T15:30:32Z,1,1340,304,Versa 4
2026-05-08T15:30:33Z,2,1340,-304,Versa 4
2026-05-08T15:30:34Z,2,1350,0,Versa 4
2026-05-08T15:30:35Z,2,1340,0,Versa 4
2026-05-08T15:30:36Z,2,1340,304,Versa 4
2026-05-08T15:30:37Z,1,1350,304,Versa 4
2026-05-08T15:30:38Z,2,1340,-304,Versa 4
2026-05-08T15:30:39Z,2,1350,-304,Versa 4
2026-05-08T15:30:40Z,2,1340,0,Versa 4
2026-05-08T15:30:41Z,2,1340,0,Versa 4
2026-05-08T15:30:42Z,1,1350,-304,Versa 4
2026-05-08T15:30:43Z,2,1340,0,Versa 4
2026-05-08T15:30:44Z,2,1340,304,Versa 4
2026-05-08T15:30:45Z,2,1340,304,Versa 4
2026-05-08T15:30:46Z,2,1350,0,Versa 4
2026-05-08T15:30:47Z,1,1340,609,Versa 4
2026-05-08T15:30:48Z,2,1350,-609,Versa 4
2026-05-08T15:30:49Z,2,1340,0,Versa 4
2026-05-08T15:30:50Z,2,1340,304,Versa 4
2026-05-08T15:30:51Z,1,1340,304,Versa 4
2026-05-08T15:30:52Z,2,1340,0,Versa 4
2026-05-08T15:30:53Z,2,1330,-304,Versa 4
2026-05-08T15:30:54Z,2,1340,-304,Versa 4
2026-05-08T15:30:55Z,2,1330,304,Versa 4
2026-05-08T15:30:56Z,1,1340,0,Versa 4
2026-05-08T15:30:57Z,2,1340,304,Versa 4
2026-05-08T15:30:58Z,2,1330,-304,Versa 4
2026-05-08T15:30:59Z,2,1340,304,Versa 4
2026-05-08T15:31:00Z,2,1330,-304,Versa 4
2026-05-08T15:31:01Z,1,1340,304,Versa 4
2026-05-08T15:31:02Z,2,1330,0,Versa 4
2026-05-08T15:31:03Z,2,1340,-304,Versa 4
2026-05-08T15:31:04Z,2,1340,0,Versa 4
2026-05-08T15:31:05Z,1,1330,304,Versa 4
2026-05-08T15:31:06Z,2,1340,0,Versa 4
2026-05-08T15:31:07Z,2,1330,-304,Versa 4
2026-05-08T15:31:08Z,2,1340,304,Versa 4
2026-05-08T15:31:09Z,2,1340,-304,Versa 4
2026-05-08T15:31:10Z,1,1330,304,Versa 4
2026-05-08T15:31:11Z,2,1340,0,Versa 4
2026-05-08T15:31:12Z,2,1330,-304,Versa 4
2026-05-08T15:31:13Z,2,1340,0,Versa 4
2026-05-08T15:31:14Z,2,1340,0,Versa 4
2026-05-08T15:31:15Z,2,1330,304,Versa 4
2026-05-08T15:31:16Z,1,1340,0,Versa 4
2026-05-08T15:31:17Z,2,1330,0,Versa 4
2026-05-08T15:31:18Z,2,1340,-304,Versa 4
2026-05-08T15:31:19Z,2,1340,304,Versa 4
2026-05-08T15:31:20Z,1,1330,0,Versa 4
2026-05-08T15:31:21Z,2,1340,-304,Versa 4
2026-05-08T15:31:22Z,2,1330,304,Versa 4
2026-05-08T15:31:23Z,2,1340,0,Versa 4
2026-05-08T15:31:24Z,2,1340,-304,Versa 4
2026-05-08T15:31:25Z,2,1330,304,Versa 4
2026-05-08T15:31:26Z,1,1340,0,Versa 4
2026-05-08T15:31:27Z,2,1330,-609,Versa 4
2026-05-08T15:31:28Z,2,1340,304,Versa 4
2026-05-08T15:31:29Z,2,1340,-304,Versa 4
2026-05-08T15:31:30Z,2,1330,304,Versa 4
2026-05-08T15:31:31Z,2,1340,304,Versa 4
2026-05-08T15:31:32Z,2,1350,-304,Versa 4
2026-05-08T15:31:33Z,1,1340,304,Versa 4
2026-05-08T15:31:34Z,2,1350,-304,Versa 4
2026-05-08T15:31:35Z,2,1340,0,Versa 4
2026-05-08T15:31:36Z,2,1340,0,Versa 4
2026-05-08T15:31:37Z,1,1350,304,Versa 4
2026-05-08T15:31:38Z,2,1340,-304,Versa 4
2026-05-08T15:31:39Z,2,1340,304,Versa 4
2026-05-08T15:31:40Z,2,1350,0,Versa 4
2026-05-08T15:31:41Z,2,1340,304,Versa 4
2026-05-08T15:31:42Z,1,1350,-304,Versa 4
2026-05-08T15:31:43Z,2,1340,304,Versa 4
2026-05-08T15:31:44Z,2,1340,-304,Versa 4
2026-05-08T15:31:45Z,2,1350,304,Versa 4
2026-05-08T15:31:46Z,1,1330,-304,Versa 4
2026-05-08T15:31:47Z,2,1340,0,Versa 4
2026-05-08T15:31:48Z,2,1340,-304,Versa 4
2026-05-08T15:31:49Z,2,1330,609,Versa 4
2026-05-08T15:31:50Z,2,1340,-304,Versa 4
2026-05-08T15:31:51Z,1,1330,0,Versa 4
2026-05-08T15:31:52Z,2,1340,304,Versa 4
2026-05-08T15:31:53Z,2,1330,-304,Versa 4
2026-05-08T15:31:54Z,2,1340,0,Versa 4
2026-05-08T15:31:55Z,1,1340,304,Versa 4
2026-05-08T15:31:56Z,2,1330,0,Versa 4
2026-05-08T15:31:57Z,2,1340,-609,Versa 4
2026-05-08T15:31:58Z,2,1330,304,Versa 4
2026-05-08T15:31:59Z,2,1340,0,Versa 4
2026-05-08T15:32:00Z,1,1340,0,Versa 4
2026-05-08T15:32:01Z,2,1330,0,Versa 4
2026-05-08T15:32:02Z,2,1340,0,Versa 4
2026-05-08T15:32:03Z,2,1330,0,Versa 4
2026-05-08T15:32:04Z,1,1330,304,Versa 4
2026-05-08T15:32:05Z,2,1330,-304,Versa 4
2026-05-08T15:32:06Z,2,1330,0,Versa 4
2026-05-08T15:32:07Z,2,1330,0,Versa 4
2026-05-08T15:32:08Z,2,1330,0,Versa 4
2026-05-08T15:32:09Z,1,1340,0,Versa 4
2026-05-08T15:32:10Z,2,1330,-304,Versa 4
2026-05-08T15:32:11Z,2,1340,304,Versa 4
2026-05-08T15:32:12Z,1,1330,0,Versa 4
2026-05-08T15:32:13Z,2,1330,-304,Versa 4
2026-05-08T15:32:14Z,2,1320,0,Versa 4
2026-05-08T15:32:15Z,2,1330,0,Versa 4
2026-05-08T15:32:16Z,2,1330,0,Versa 4
2026-05-08T15:32:17Z,1,1330,0,Versa 4
2026-05-08T15:32:18Z,2,1330,-304,Versa 4
2026-05-08T15:32:19Z,2,1330,609,Versa 4
2026-05-08T15:32:20Z,1,1320,609,Versa 4
2026-05-08T15:32:21Z,2,1320,-304,Versa 4
2026-05-08T15:32:22Z,2,1320,-304,Versa 4
2026-05-08T15:32:23Z,2,1320,-304,Versa 4
2026-05-08T15:32:24Z,2,1320,0,Versa 4
2026-05-08T15:32:25Z,2,1320,0,Versa 4
2026-05-08T15:32:26Z,1,1320,0,Versa 4
2026-05-08T15:32:27Z,2,1320,304,Versa 4
2026-05-08T15:32:28Z,2,1320,-609,Versa 4
2026-05-08T15:32:29Z,2,1320,304,Versa 4
2026-05-08T15:32:30Z,2,1320,0,Versa 4
2026-05-08T15:32:31Z,1,1320,-304,Versa 4
2026-05-08T15:32:32Z,2,1330,609,Versa 4
2026-05-08T15:32:33Z,2,1330,-304,Versa 4
2026-05-08T15:32:34Z,2,1320,0,Versa 4
2026-05-08T15:32:35Z,2,1330,0,Versa 4
2026-05-08T15:32:36Z,1,1330,0,Versa 4
2026-05-08T15:32:37Z,2,1330,0,Versa 4
2026-05-08T15:32:38Z,2,1330,-304,Versa 4
2026-05-08T15:32:39Z,2,1320,304,Versa 4
2026-05-08T15:32:40Z,2,1330,0,Versa 4
2026-05-08T15:32:41Z,2,1330,0,Versa 4
2026-05-08T15:32:42Z,1,1330,0,Versa 4
2026-05-08T15:32:43Z,2,1330,304,Versa 4
2026-05-08T15:32:44Z,2,1320,-304,Versa 4
2026-05-08T15:32:45Z,2,1330,0,Versa 4
2026-05-08T15:32:46Z,2,1340,0,Versa 4
2026-05-08T15:32:47Z,1,1330,0,Versa 4
2026-05-08T15:32:48Z,2,1340,-609,Versa 4
2026-05-08T15:32:49Z,2,1340,304,Versa 4
2026-05-08T15:32:50Z,2,1330,304,Versa 4
2026-05-08T15:32:51Z,2,1340,-609,Versa 4
2026-05-08T15:32:52Z,2,1330,-609,Versa 4
2026-05-08T15:32:53Z,1,1340,1219,Versa 4
2026-05-08T15:32:54Z,2,1340,304,Versa 4
2026-05-08T15:32:55Z,2,1330,0,Versa 4
2026-05-08T15:32:56Z,2,1340,609,Versa 4
2026-05-08T15:32:57Z,2,1330,-1219,Versa 4
2026-05-08T15:32:58Z,2,1350,304,Versa 4
2026-05-08T15:32:59Z,1,1340,304,Versa 4
2026-05-08T15:33:00Z,2,1350,-1219,Versa 4
2026-05-08T15:33:01Z,2,1340,0,Versa 4
2026-05-08T15:33:02Z,2,1340,-304,Versa 4
2026-05-08T15:33:03Z,2,1350,609,Versa 4
2026-05-08T15:33:04Z,1,1340,-304,Versa 4
2026-05-08T15:33:05Z,2,1340,914,Versa 4
2026-05-08T15:33:06Z,2,1350,-609,Versa 4
2026-05-08T15:33:07Z,2,1340,0,Versa 4
2026-05-08T15:33:08Z,1,1340,-304,Versa 4
2026-05-08T15:33:09Z,2,1330,0,Versa 4
2026-05-08T15:33:10Z,2,1340,304,Versa 4
2026-05-08T15:33:11Z,2,1340,0,Versa 4
2026-05-08T15:33:12Z,1,1330,0,Versa 4
2026-05-08T15:33:13Z,2,1340,0,Versa 4
2026-05-08T15:33:14Z,2,1330,304,Versa 4
2026-05-08T15:33:15Z,2,1340,0,Versa 4
2026-05-08T15:33:16Z,1,1330,304,Versa 4
2026-05-08T15:33:17Z,2,1330,-304,Versa 4
2026-05-08T15:33:18Z,2,1320,0,Versa 4
2026-05-08T15:33:19Z,2,1330,-304,Versa 4
2026-05-08T15:33:20Z,1,1330,609,Versa 4
2026-05-08T15:33:21Z,2,1330,0,Versa 4
2026-05-08T15:33:22Z,2,1330,-304,Versa 4
2026-05-08T15:33:23Z,2,1320,0,Versa 4
2026-05-08T15:33:24Z,1,1330,304,Versa 4
2026-05-08T15:33:25Z,2,1330,304,Versa 4
2026-05-08T15:33:26Z,2,1330,-609,Versa 4
2026-05-08T15:33:27Z,2,1330,304,Versa 4
2026-05-08T15:33:28Z,1,1320,0,Versa 4
2026-05-08T15:33:29Z,2,1320,-304,Versa 4
2026-05-08T15:33:30Z,2,1320,304,Versa 4
2026-05-08T15:33:31Z,2,1320,-609,Versa 4
2026-05-08T15:33:32Z,2,1320,304,Versa 4
2026-05-08T15:33:33Z,1,1330,304,Versa 4
2026-05-08T15:33:34Z,2,1320,-304,Versa 4
2026-05-08T15:33:35Z,2,1330,304,Versa 4
2026-05-08T15:33:36Z,2,1330,-304,Versa 4
2026-05-08T15:33:37Z,2,1330,304,Versa 4
2026-05-08T15:33:38Z,2,1330,-304,Versa 4
2026-05-08T15:33:39Z,1,1320,0,Versa 4
2026-05-08T15:33:40Z,2,1330,609,Versa 4
2026-05-08T15:33:41Z,2,1330,-609,Versa 4
2026-05-08T15:33:42Z,2,1330,0,Versa 4
2026-05-08T15:33:43Z,3,1340,304,Versa 4
2026-05-08T15:33:44Z,2,1400,-304,Versa 4
2026-05-08T15:33:45Z,1,1420,0,Versa 4
2026-05-08T15:33:46Z,2,1410,304,Versa 4
2026-05-08T15:33:47Z,2,1410,0,Versa 4
2026-05-08T15:33:48Z,2,1420,0,Versa 4
2026-05-08T15:33:49Z,2,1410,0,Versa 4
2026-05-08T15:33:50Z,1,1420,-304,Versa 4
2026-05-08T15:33:51Z,2,1400,304,Versa 4
2026-05-08T15:33:52Z,2,1410,0,Versa 4
2026-05-08T15:33:53Z,2,1400,0,Versa 4
2026-05-08T15:33:54Z,1,1360,-609,Versa 4
2026-05-08T15:33:55Z,2,1350,304,Versa 4
2026-05-08T15:33:56Z,2,1350,0,Versa 4
2026-05-08T15:33:57Z,2,1350,0,Versa 4
2026-05-08T15:33:58Z,2,1350,609,Versa 4
2026-05-08T15:33:59Z,1,1350,609,Versa 4
2026-05-08T15:34:00Z,2,1360,-914,Versa 4
2026-05-08T15:34:01Z,2,1350,304,Versa 4
2026-05-08T15:34:02Z,1,1340,-609,Versa 4
2026-05-08T15:34:03Z,2,1340,0,Versa 4
2026-05-08T15:34:04Z,2,1350,304,Versa 4
2026-05-08T15:34:05Z,2,1340,0,Versa 4
2026-05-08T15:34:06Z,2,1340,0,Versa 4
2026-05-08T15:34:07Z,2,1350,304,Versa 4
2026-05-08T15:34:08Z,1,1340,0,Versa 4
2026-05-08T15:34:09Z,2,1340,-304,Versa 4
2026-05-08T15:34:10Z,2,1350,-304,Versa 4
2026-05-08T15:34:11Z,2,1340,0,Versa 4
2026-05-08T15:34:12Z,2,1340,0,Versa 4
2026-05-08T15:34:13Z,2,1350,0,Versa 4
2026-05-08T15:34:14Z,1,1340,0,Versa 4
2026-05-08T15:34:15Z,2,1350,0,Versa 4
2026-05-08T15:34:16Z,2,1340,0,Versa 4
2026-05-08T15:34:17Z,2,1340,0,Versa 4
2026-05-08T15:34:18Z,2,1350,304,Versa 4
2026-05-08T15:34:19Z,1,1340,-304,Versa 4
2026-05-08T15:34:20Z,2,1340,0,Versa 4
2026-05-08T15:34:21Z,2,1350,304,Versa 4
2026-05-08T15:34:22Z,2,1340,304,Versa 4
2026-05-08T15:34:23Z,2,1350,-304,Versa 4
2026-05-08T15:34:24Z,1,1340,304,Versa 4
2026-05-08T15:34:25Z,2,1340,0,Versa 4
2026-05-08T15:34:26Z,2,1350,-609,Versa 4
2026-05-08T15:34:27Z,2,1340,304,Versa 4
2026-05-08T15:34:28Z,1,1340,304,Versa 4
2026-05-08T15:34:29Z,2,1330,-304,Versa 4
2026-05-08T15:34:30Z,2,1340,-304,Versa 4
2026-05-08T15:34:31Z,2,1330,304,Versa 4
2026-05-08T15:34:32Z,2,1340,-304,Versa 4
2026-05-08T15:34:33Z,1,1340,0,Versa 4
2026-05-08T15:34:34Z,2,1330,304,Versa 4
2026-05-08T15:34:35Z,2,1340,-304,Versa 4
2026-05-08T15:34:36Z,2,1330,304,Versa 4
2026-05-08T15:34:37Z,2,1340,0,Versa 4
2026-05-08T15:34:38Z,1,1340,0,Versa 4
2026-05-08T15:34:39Z,2,1330,0,Versa 4
2026-05-08T15:34:40Z,2,1340,-304,Versa 4
2026-05-08T15:34:41Z,2,1330,0,Versa 4
2026-05-08T15:34:42Z,1,1340,0,Versa 4
2026-05-08T15:34:43Z,2,1340,0,Versa 4
2026-05-08T15:34:44Z,2,1330,0,Versa 4
2026-05-08T15:34:45Z,2,1340,304,Versa 4
2026-05-08T15:34:46Z,2,1330,0,Versa 4
2026-05-08T15:34:47Z,1,1340,-304,Versa 4
2026-05-08T15:34:48Z,2,1340,0,Versa 4
2026-05-08T15:34:49Z,2,1330,304,Versa 4
2026-05-08T15:34:50Z,2,1340,-304,Versa 4
2026-05-08T15:34:51Z,2,1330,304,Versa 4
2026-05-08T15:34:52Z,1,1340,-304,Versa 4
2026-05-08T15:34:53Z,2,1340,0,Versa 4
2026-05-08T15:34:54Z,2,1330,304,Versa 4
2026-05-08T15:34:55Z,2,1340,-304,Versa 4
2026-05-08T15:34:56Z,2,1330,304,Versa 4
2026-05-08T15:34:57Z,1,1340,0,Versa 4
2026-05-08T15:34:58Z,2,1330,609,Versa 4
2026-05-08T15:34:59Z,2,1340,-304,Versa 4
2026-05-08T15:35:00Z,1,1340,609,Versa 4
2026-05-08T15:35:01Z,2,1320,-304,Versa 4
2026-05-08T15:35:02Z,2,1330,0,Versa 4
2026-05-08T15:35:03Z,2,1330,0,Versa 4
2026-05-08T15:35:04Z,2,1330,-304,Versa 4
2026-05-08T15:35:05Z,1,1330,0,Versa 4
2026-05-08T15:35:06Z,2,1330,0,Versa 4
2026-05-08T15:35:07Z,2,1320,0,Versa 4
2026-05-08T15:35:08Z,2,1330,0,Versa 4
2026-05-08T15:35:09Z,2,1330,304,Versa 4
2026-05-08T15:35:10Z,2,1340,0,Versa 4
2026-05-08T15:35:11Z,1,1330,0,Versa 4
2026-05-08T15:35:12Z,2,1340,304,Versa 4
2026-05-08T15:35:13Z,2,1330,-304,Versa 4
2026-05-08T15:35:14Z,2,1340,0,Versa 4
2026-05-08T15:35:15Z,1,1330,0,Versa 4
2026-05-08T15:35:16Z,2,1330,0,Versa 4
2026-05-08T15:35:17Z,2,1340,0,Versa 4
2026-05-08T15:35:18Z,2,1340,304,Versa 4
2026-05-08T15:35:19Z,2,1330,-304,Versa 4
2026-05-08T15:35:20Z,2,1340,0,Versa 4
2026-05-08T15:35:21Z,1,1330,0,Versa 4
2026-05-08T15:35:22Z,2,1340,0,Versa 4
2026-05-08T15:35:23Z,2,1340,0,Versa 4
2026-05-08T15:35:24Z,2,1330,304,Versa 4
2026-05-08T15:35:25Z,1,1340,-304,Versa 4
2026-05-08T15:35:26Z,2,1330,0,Versa 4
2026-05-08T15:35:27Z,2,1340,0,Versa 4
2026-05-08T15:35:28Z,2,1330,0,Versa 4
2026-05-08T15:35:29Z,2,1340,0,Versa 4
2026-05-08T15:35:30Z,2,1340,0,Versa 4
2026-05-08T15:35:31Z,1,1330,0,Versa 4
2026-05-08T15:35:32Z,2,1340,0,Versa 4
2026-05-08T15:35:33Z,2,1330,304,Versa 4
2026-05-08T15:35:34Z,2,1340,-304,Versa 4
2026-05-08T15:35:35Z,2,1340,304,Versa 4
2026-05-08T15:35:36Z,2,1340,-609,Versa 4
2026-05-08T15:35:37Z,1,1340,609,Versa 4
2026-05-08T15:35:38Z,2,1350,-304,Versa 4
2026-05-08T15:35:39Z,2,1340,0,Versa 4
2026-05-08T15:35:40Z,2,1350,304,Versa 4
2026-05-08T15:35:41Z,2,1340,-304,Versa 4
2026-05-08T15:35:42Z,1,1340,0,Versa 4
2026-05-08T15:35:43Z,2,1350,0,Versa 4
2026-05-08T15:35:44Z,2,1340,0,Versa 4
2026-05-08T15:35:45Z,2,1340,0,Versa 4
2026-05-08T15:35:46Z,1,1340,0,Versa 4
2026-05-08T15:35:47Z,1,1340,0,Versa 4
2026-05-08T15:35:48Z,2,1340,0,Versa 4
2026-05-08T15:35:49Z,2,1330,0,Versa 4
2026-05-08T15:35:50Z,1,1340,304,Versa 4
2026-05-08T15:35:51Z,2,1330,-304,Versa 4
2026-05-08T15:35:52Z,2,1320,0,Versa 4
2026-05-08T15:35:53Z,2,1330,304,Versa 4
2026-05-08T15:35:54Z,2,1330,-304,Versa 4
2026-05-08T15:35:55Z,1,1330,304,Versa 4
2026-05-08T15:35:56Z,2,1330,0,Versa 4
2026-05-08T15:35:57Z,2,1320,-304,Versa 4
2026-05-08T15:35:58Z,2,1330,304,Versa 4
2026-05-08T15:35:59Z,1,1330,-304,Versa 4
2026-05-08T15:36:00Z,2,1330,0,Versa 4
2026-05-08T15:36:01Z,2,1330,0,Versa 4
2026-05-08T15:36:02Z,2,1330,304,Versa 4
2026-05-08T15:36:03Z,1,1320,-304,Versa 4
2026-05-08T15:36:04Z,2,1330,609,Versa 4
2026-05-08T15:36:05Z,2,1330,0,Versa 4
2026-05-08T15:36:06Z,2,1330,-609,Versa 4
2026-05-08T15:36:07Z,1,1320,914,Versa 4
2026-05-08T15:36:08Z,2,1320,-304,Versa 4
2026-05-08T15:36:09Z,2,1320,-304,Versa 4
2026-05-08T15:36:10Z,1,1320,-304,Versa 4
2026-05-08T15:36:11Z,2,1320,304,Versa 4
2026-05-08T15:36:12Z,1,1310,304,Versa 4
2026-05-08T15:36:13Z,2,1310,-609,Versa 4
2026-05-08T15:36:14Z,2,1310,-304,Versa 4
2026-05-08T15:36:15Z,2,1310,914,Versa 4
2026-05-08T15:36:16Z,2,1310,-609,Versa 4
2026-05-08T15:36:17Z,2,1360,0,Versa 4
2026-05-08T15:36:18Z,1,1350,0,Versa 4
2026-05-08T15:36:19Z,2,1350,-304,Versa 4
2026-05-08T15:36:20Z,2,1350,304,Versa 4
2026-05-08T15:36:21Z,2,1350,0,Versa 4
2026-05-08T15:36:22Z,1,1350,609,Versa 4
2026-05-08T15:36:23Z,2,1350,0,Versa 4
2026-05-08T15:36:24Z,1,1350,304,Versa 4
2026-05-08T15:36:25Z,2,1340,0,Versa 4
2026-05-08T15:36:26Z,2,1340,0,Versa 4
2026-05-08T15:36:27Z,2,1330,609,Versa 4
2026-05-08T15:36:28Z,1,1340,-609,Versa 4
2026-05-08T15:36:29Z,2,1340,0,Versa 4
2026-05-08T15:36:30Z,2,1330,-304,Versa 4
2026-05-08T15:36:31Z,2,1340,0,Versa 4
2026-05-08T15:36:32Z,1,1330,304,Versa 4
2026-05-08T15:36:33Z,2,1320,-609,Versa 4
2026-05-08T15:36:34Z,1,1330,-304,Versa 4
2026-05-08T15:36:35Z,2,1320,304,Versa 4
2026-05-08T15:36:36Z,1,1250,304,Versa 4
2026-05-08T15:36:37Z,1,1210,0,Versa 4
2026-05-08T15:36:38Z,2,1150,-304,Versa 4
2026-05-08T15:36:39Z,2,1170,0,Versa 4
2026-05-08T15:36:40Z,1,1150,-304,Versa 4
2026-05-08T15:36:41Z,1,1160,304,Versa 4
2026-05-08T15:36:42Z,0,1080,0,Versa 4
2026-05-08T15:36:43Z,1,970,0,Versa 4
2026-05-08T15:36:44Z,1,0,304,Versa 4
2026-05-08T15:36:45Z,2,0,0,Versa 4
2026-05-08T15:36:46Z,1,0,304,Versa 4
2026-05-08T15:36:47Z,2,280,-304,Versa 4
2026-05-08T15:36:48Z,1,380,0,Versa 4
2026-05-08T15:36:49Z,0,470,0,Versa 4
2026-05-08T15:36:50Z,0,1090,304,Versa 4
2026-05-08T15:36:51Z,0,0,-304,Versa 4
2026-05-08T15:36:52Z,0,0,0,Versa 4
2026-05-08T15:36:53Z,0,0,-609,Versa 4
2026-05-08T15:36:54Z,2,0,609,Versa 4
2026-05-08T15:36:55Z,1,0,-304,Versa 4
2026-05-08T15:36:56Z,2,170,609,Versa 4
2026-05-08T15:36:57Z,1,310,304,Versa 4
2026-05-08T15:36:58Z,2,480,-304,Versa 4
2026-05-08T15:36:59Z,1,640,609,Versa 4
2026-05-08T15:37:00Z,3,860,-609,Versa 4
2026-05-08T15:37:01Z,0,900,0,Versa 4
2026-05-08T15:37:02Z,2,960,0,Versa 4
2026-05-08T15:37:03Z,1,970,-304,Versa 4
2026-05-08T15:37:04Z,1,970,0,Versa 4
2026-05-08T15:37:05Z,0,870,-304,Versa 4
2026-05-08T15:37:06Z,2,860,304,Versa 4
2026-05-08T15:37:07Z,0,790,-304,Versa 4
2026-05-08T15:37:08Z,1,740,609,Versa 4
2026-05-08T15:37:09Z,1,690,0,Versa 4
2026-05-08T15:37:10Z,2,730,0,Versa 4
2026-05-08T15:37:11Z,0,690,304,Versa 4
2026-05-08T15:37:12Z,0,650,609,Versa 4
2026-05-08T15:37:13Z,0,600,-304,Versa 4
2026-05-08T15:37:14Z,0,0,-304,Versa 4
2026-05-08T15:37:15Z,0,0,-304,Versa 4
2026-05-08T15:37:16Z,0,0,-304,Versa 4
2026-05-08T15:37:17Z,1,0,0,Versa 4
2026-05-08T15:37:18Z,2,0,304,Versa 4
2026-05-08T15:37:19Z,1,0,-609,Versa 4
2026-05-08T15:37:20Z,1,0,0,Versa 4
2026-05-08T15:37:21Z,2,150,0,Versa 4
2026-05-08T15:37:22Z,1,280,-304,Versa 4
2026-05-08T15:37:23Z,1,420,0,Versa 4
2026-05-08T15:37:24Z,0,530,0,Versa 4
2026-05-08T15:37:25Z,0,610,914,Versa 4
2026-05-08T15:37:27Z,0,0,0,Versa 4
2026-05-08T15:37:28Z,0,0,0,Versa 4
2026-05-08T15:37:29Z,0,0,0,Versa 4
2026-05-08T15:37:30Z,0,0,0,Versa 4
2026-05-08T15:37:31Z,0,0,-304,Versa 4
2026-05-08T15:37:32Z,0,0,0,Versa 4
2026-05-08T15:37:33Z,0,0,304,Versa 4
2026-05-08T15:37:34Z,0,0,-304,Versa 4
2026-05-08T15:37:35Z,0,0,914,Versa 4
2026-05-08T15:37:36Z,0,0,-304,Versa 4
2026-05-08T15:37:37Z,0,0,-304,Versa 4
2026-05-08T15:37:38Z,0,0,-304,Versa 4
2026-05-08T15:37:39Z,0,0,0,Versa 4
2026-05-08T15:37:40Z,0,0,0,Versa 4
2026-05-08T15:37:41Z,0,0,0,Versa 4
2026-05-08T15:37:42Z,0,0,0,Versa 4
2026-05-08T15:37:43Z,0,0,304,Versa 4
2026-05-08T15:37:44Z,0,0,304,Versa 4
2026-05-08T15:37:45Z,0,0,-609,Versa 4
2026-05-08T15:37:46Z,0,0,0,Versa 4
2026-05-08T15:37:47Z,0,0,0,Versa 4
2026-05-08T15:37:48Z,0,0,-304,Versa 4
2026-05-08T15:37:49Z,0,0,304,Versa 4
2026-05-08T15:37:50Z,0,0,0,Versa 4
2026-05-08T15:37:51Z,0,0,0,Versa 4
2026-05-08T15:37:52Z,0,0,0,Versa 4
2026-05-08T15:37:53Z,0,0,304,Versa 4
2026-05-08T15:37:54Z,0,0,-304,Versa 4
2026-05-08T15:37:55Z,0,0,304,Versa 4
2026-05-08T15:37:56Z,0,0,-304,Versa 4
2026-05-08T15:37:57Z,0,0,0,Versa 4
2026-05-08T15:37:58Z,0,0,-609,Versa 4
2026-05-08T15:37:59Z,0,0,0,Versa 4
2026-05-08T15:38:00Z,0,0,0,Versa 4
2026-05-08T15:38:01Z,0,0,0,Versa 4
2026-05-08T15:38:02Z,0,0,304,Versa 4
2026-05-08T15:38:03Z,0,0,304,Versa 4
2026-05-08T15:38:04Z,0,0,-304,Versa 4
2026-05-08T15:38:05Z,0,0,0,Versa 4
2026-05-08T15:38:06Z,0,0,304,Versa 4
2026-05-08T15:38:07Z,0,0,0,Versa 4
2026-05-08T15:38:08Z,0,0,304,Versa 4
2026-05-08T15:38:09Z,0,0,0,Versa 4
2026-05-08T15:38:10Z,0,0,0,Versa 4
2026-05-08T15:38:11Z,0,0,-304,Versa 4
2026-05-08T15:38:12Z,0,0,0,Versa 4
2026-05-08T15:38:13Z,0,0,304,Versa 4
2026-05-08T15:38:14Z,0,0,609,Versa 4
2026-05-08T15:38:15Z,0,0,-304,Versa 4
2026-05-08T15:38:16Z,0,0,-304,Versa 4
2026-05-08T15:38:17Z,0,0,-304,Versa 4
2026-05-08T15:38:18Z,0,0,304,Versa 4
2026-05-08T15:38:19Z,0,0,0,Versa 4
2026-05-08T15:38:20Z,0,0,0,Versa 4
2026-05-08T15:38:21Z,0,0,0,Versa 4
2026-05-08T15:38:22Z,0,0,0,Versa 4
2026-05-08T15:38:23Z,0,0,0,Versa 4
2026-05-08T15:38:24Z,0,0,-609,Versa 4
2026-05-08T15:38:25Z,0,0,609,Versa 4
2026-05-08T15:38:26Z,0,0,-304,Versa 4
2026-05-08T15:38:27Z,0,0,304,Versa 4
2026-05-08T15:38:28Z,0,0,0,Versa 4
2026-05-08T15:38:29Z,0,0,0,Versa 4
2026-05-08T15:38:30Z,0,0,-304,Versa 4
2026-05-08T15:38:31Z,0,0,0,Versa 4
2026-05-08T15:38:32Z,0,0,0,Versa 4
2026-05-08T15:38:33Z,0,0,304,Versa 4
2026-05-08T15:38:34Z,0,0,0,Versa 4
2026-05-08T15:38:35Z,0,0,-304,Versa 4
2026-05-08T15:38:36Z,0,0,304,Versa 4
2026-05-08T15:38:37Z,0,0,-304,Versa 4
2026-05-08T15:38:38Z,0,0,304,Versa 4
2026-05-08T15:38:39Z,0,0,0,Versa 4
2026-05-08T15:38:40Z,0,0,0,Versa 4
2026-05-08T15:38:41Z,0,0,0,Versa 4
2026-05-08T15:38:42Z,0,0,0,Versa 4
2026-05-08T15:38:43Z,0,0,0,Versa 4
2026-05-08T15:38:44Z,0,0,0,Versa 4
2026-05-08T15:38:45Z,0,0,0,Versa 4
2026-05-08T15:38:46Z,0,0,304,Versa 4
2026-05-08T15:38:47Z,0,0,-609,Versa 4
2026-05-08T15:38:48Z,0,0,0,Versa 4
2026-05-08T15:38:49Z,0,0,0,Versa 4
2026-05-08T15:38:50Z,0,0,0,Versa 4
2026-05-08T15:38:51Z,0,0,304,Versa 4
2026-05-08T15:38:52Z,0,0,0,Versa 4
2026-05-08T15:38:53Z,0,0,-304,Versa 4
2026-05-08T15:38:54Z,0,0,304,Versa 4
2026-05-08T15:38:55Z,0,0,-304,Versa 4
2026-05-08T15:38:56Z,0,0,0,Versa 4
2026-05-08T15:38:57Z,0,0,304,Versa 4
2026-05-08T15:38:58Z,0,0,-304,Versa 4
2026-05-08T15:38:59Z,0,0,304,Versa 4
2026-05-08T15:39:00Z,0,0,-304,Versa 4
2026-05-08T15:39:01Z,0,0,-304,Versa 4
2026-05-08T15:39:02Z,0,0,0,Versa 4
2026-05-08T15:39:04Z,0,0,0,Versa 4
2026-05-08T15:39:05Z,0,0,-304,Versa 4
2026-05-08T15:39:06Z,0,0,304,Versa 4
2026-05-08T15:39:07Z,0,0,0,Versa 4
2026-05-08T15:39:08Z,0,0,304,Versa 4
2026-05-08T15:39:09Z,0,0,-609,Versa 4
2026-05-08T15:39:10Z,0,0,-304,Versa 4
2026-05-08T15:39:11Z,0,0,304,Versa 4
2026-05-08T15:39:12Z,0,0,0,Versa 4
2026-05-08T15:39:13Z,0,0,-304,Versa 4
2026-05-08T15:39:14Z,0,0,304,Versa 4
2026-05-08T15:39:15Z,0,0,-304,Versa 4
2026-05-08T15:39:16Z,0,0,609,Versa 4
2026-05-08T15:39:17Z,0,0,-304,Versa 4
2026-05-08T15:39:18Z,0,0,304,Versa 4
2026-05-08T15:39:19Z,0,0,-304,Versa 4
2026-05-08T15:39:20Z,0,0,609,Versa 4
2026-05-08T15:39:21Z,0,0,-609,Versa 4
2026-05-08T15:39:22Z,0,0,304,Versa 4
2026-05-08T15:39:23Z,0,0,0,Versa 4
2026-05-08T15:39:24Z,0,0,-304,Versa 4
2026-05-08T15:39:25Z,0,0,304,Versa 4
2026-05-08T15:39:26Z,0,0,-304,Versa 4
2026-05-08T15:39:27Z,0,0,304,Versa 4
2026-05-08T15:39:28Z,0,0,0,Versa 4
2026-05-08T15:39:29Z,0,0,0,Versa 4
2026-05-08T15:39:30Z,0,0,304,Versa 4
2026-05-08T15:39:31Z,0,0,-304,Versa 4
2026-05-08T15:39:32Z,0,0,-304,Versa 4
2026-05-08T15:39:33Z,0,0,304,Versa 4
2026-05-08T15:39:34Z,0,0,0,Versa 4
2026-05-08T15:39:35Z,0,0,-304,Versa 4
2026-05-08T15:39:36Z,0,0,0,Versa 4
2026-05-08T15:39:37Z,0,0,0,Versa 4
2026-05-08T15:39:38Z,0,0,0,Versa 4
2026-05-08T15:39:39Z,0,0,0,Versa 4
2026-05-08T15:39:40Z,0,0,0,Versa 4
2026-05-08T15:39:41Z,0,0,0,Versa 4
2026-05-08T15:39:42Z,0,0,0,Versa 4
2026-05-08T15:39:43Z,0,0,0,Versa 4
2026-05-08T15:39:44Z,0,0,0,Versa 4
2026-05-08T15:39:45Z,0,0,0,Versa 4
2026-05-08T15:39:46Z,0,0,0,Versa 4
2026-05-08T15:39:47Z,0,0,0,Versa 4
2026-05-08T15:39:48Z,0,0,609,Versa 4
2026-05-08T15:39:49Z,0,0,-304,Versa 4
2026-05-08T15:39:50Z,0,0,304,Versa 4
2026-05-08T15:39:51Z,0,0,-304,Versa 4
2026-05-08T15:39:52Z,0,0,304,Versa 4
2026-05-08T15:39:53Z,0,0,-304,Versa 4
2026-05-08T15:39:54Z,0,0,0,Versa 4
2026-05-08T15:39:55Z,0,0,0,Versa 4
2026-05-08T15:39:56Z,0,0,-304,Versa 4
2026-05-08T15:39:57Z,0,0,304,Versa 4
2026-05-08T15:39:58Z,0,0,-304,Versa 4
2026-05-08T15:39:59Z,0,0,0,Versa 4
2026-05-08T15:40:00Z,0,0,0,Versa 4
2026-05-08T15:40:01Z,0,0,0,Versa 4
2026-05-08T15:40:02Z,0,0,0,Versa 4
2026-05-08T15:40:03Z,0,0,304,Versa 4
2026-05-08T15:40:04Z,0,0,0,Versa 4
2026-05-08T15:40:05Z,0,0,0,Versa 4
2026-05-08T15:40:06Z,0,0,0,Versa 4
2026-05-08T15:40:07Z,0,0,-304,Versa 4
2026-05-08T15:40:08Z,0,0,0,Versa 4
2026-05-08T15:40:09Z,0,0,0,Versa 4
2026-05-08T15:40:10Z,0,0,0,Versa 4
2026-05-08T15:40:11Z,0,0,-304,Versa 4
2026-05-08T15:40:12Z,0,0,304,Versa 4
2026-05-08T15:40:13Z,0,0,-304,Versa 4
2026-05-08T15:40:14Z,0,0,609,Versa 4
2026-05-08T15:40:15Z,0,0,0,Versa 4
2026-05-08T15:40:16Z,0,0,-304,Versa 4
2026-05-08T15:40:17Z,0,0,-304,Versa 4
2026-05-08T15:40:18Z,0,0,304,Versa 4
2026-05-08T15:40:19Z,0,0,0,Versa 4
2026-05-08T15:40:20Z,0,0,0,Versa 4
2026-05-08T15:40:21Z,0,0,304,Versa 4
2026-05-08T15:40:22Z,0,0,-304,Versa 4
2026-05-08T15:40:23Z,0,0,0,Versa 4
2026-05-08T15:40:24Z,0,0,0,Versa 4
2026-05-08T15:40:25Z,0,0,0,Versa 4
2026-05-08T15:40:26Z,0,0,-304,Versa 4
2026-05-08T15:40:27Z,0,0,0,Versa 4
2026-05-08T15:40:28Z,0,0,304,Versa 4
2026-05-08T15:40:29Z,0,0,-304,Versa 4
2026-05-08T15:40:30Z,0,0,0,Versa 4
2026-05-08T15:40:31Z,0,0,304,Versa 4
2026-05-08T15:40:32Z,0,0,0,Versa 4
2026-05-08T15:40:33Z,0,0,-304,Versa 4
2026-05-08T15:40:34Z,0,0,304,Versa 4
2026-05-08T15:40:35Z,0,0,0,Versa 4
2026-05-08T15:40:36Z,0,0,0,Versa 4
2026-05-08T15:40:37Z,0,0,304,Versa 4
2026-05-08T15:40:38Z,0,0,-609,Versa 4
2026-05-08T15:40:39Z,0,0,0,Versa 4
2026-05-08T15:40:40Z,0,0,304,Versa 4
2026-05-08T15:40:41Z,0,0,0,Versa 4
2026-05-08T15:40:42Z,0,0,0,Versa 4
2026-05-08T15:40:43Z,0,0,0,Versa 4
2026-05-08T15:40:44Z,0,0,-304,Versa 4
2026-05-08T15:40:45Z,2,0,304,Versa 4
2026-05-08T15:40:46Z,2,0,304,Versa 4
2026-05-08T15:40:47Z,0,0,0,Versa 4
2026-05-08T15:40:48Z,0,0,0,Versa 4
2026-05-08T15:40:49Z,0,0,304,Versa 4
2026-05-08T15:40:50Z,0,0,-304,Versa 4
2026-05-08T15:40:51Z,0,0,0,Versa 4
2026-05-08T15:40:52Z,0,0,-304,Versa 4
2026-05-08T15:40:53Z,0,0,304,Versa 4
2026-05-08T15:40:54Z,0,0,0,Versa 4
2026-05-08T15:40:55Z,0,0,0,Versa 4
2026-05-08T15:40:56Z,0,0,-304,Versa 4
2026-05-08T15:40:57Z,0,0,304,Versa 4
2026-05-08T15:40:58Z,0,0,-609,Versa 4
2026-05-08T15:40:59Z,0,0,304,Versa 4
2026-05-08T15:41:00Z,0,0,0,Versa 4
2026-05-08T15:41:01Z,0,0,304,Versa 4
2026-05-08T15:41:02Z,0,0,-304,Versa 4
2026-05-08T15:41:03Z,0,0,304,Versa 4
2026-05-08T15:41:04Z,0,0,0,Versa 4
2026-05-08T15:41:05Z,0,0,-304,Versa 4
2026-05-08T15:41:06Z,0,0,304,Versa 4
2026-05-08T15:41:07Z,0,0,304,Versa 4
2026-05-08T15:41:08Z,0,0,-304,Versa 4
2026-05-08T15:41:09Z,0,0,0,Versa 4
2026-05-08T15:41:10Z,0,0,0,Versa 4
2026-05-08T15:41:11Z,0,0,0,Versa 4
2026-05-08T15:41:12Z,0,0,0,Versa 4
2026-05-08T15:41:13Z,0,0,0,Versa 4
2026-05-08T15:41:14Z,0,0,0,Versa 4
2026-05-08T15:41:15Z,0,0,0,Versa 4
2026-05-08T15:41:16Z,0,0,-304,Versa 4
2026-05-08T15:41:17Z,0,0,304,Versa 4
2026-05-08T15:41:18Z,0,0,-304,Versa 4
2026-05-08T15:41:19Z,0,0,304,Versa 4
2026-05-08T15:41:20Z,0,0,0,Versa 4
2026-05-08T15:41:21Z,0,0,0,Versa 4
2026-05-08T15:41:22Z,0,0,-304,Versa 4
