timestamp,beats per minute,data source
2026-06-03T00:00:00Z,69.0,Versa 4
2026-06-03T00:00:03Z,69.0,Versa 4
2026-06-03T00:00:06Z,69.0,Versa 4
2026-06-03T00:00:09Z,69.0,Versa 4
2026-06-03T00:00:12Z,69.0,Versa 4
2026-06-03T00:00:14Z,70.0,Versa 4
2026-06-03T00:00:17Z,70.0,Versa 4
2026-06-03T00:00:19Z,70.0,Versa 4
2026-06-03T00:00:21Z,71.0,Versa 4
2026-06-03T00:00:23Z,72.0,Versa 4
2026-06-03T00:00:26Z,72.0,Versa 4
2026-06-03T00:00:29Z,71.0,Versa 4
2026-06-03T00:00:31Z,70.0,Versa 4
2026-06-03T00:00:34Z,70.0,Versa 4
2026-06-03T00:00:35Z,71.0,Versa 4
2026-06-03T00:00:37Z,70.0,Versa 4
2026-06-03T00:00:40Z,70.0,Versa 4
2026-06-03T00:00:43Z,70.0,Versa 4
2026-06-03T00:00:44Z,70.0,Versa 4
2026-06-03T00:00:46Z,69.0,Versa 4
2026-06-03T00:00:49Z,69.0,Versa 4
2026-06-03T00:00:52Z,69.0,Versa 4
2026-06-03T00:00:55Z,69.0,Versa 4
2026-06-03T00:00:58Z,69.0,Versa 4
2026-06-03T00:01:01Z,69.0,Versa 4
2026-06-03T00:01:02Z,70.0,Versa 4
2026-06-03T00:01:05Z,70.0,Versa 4
2026-06-03T00:01:08Z,70.0,Versa 4
2026-06-03T00:01:11Z,70.0,Versa 4
2026-06-03T00:01:14Z,70.0,Versa 4
2026-06-03T00:01:17Z,70.0,Versa 4
2026-06-03T00:01:19Z,72.0,Versa 4
2026-06-03T00:01:21Z,74.0,Versa 4
2026-06-03T00:01:24Z,74.0,Versa 4
2026-06-03T00:01:27Z,74.0,Versa 4
2026-06-03T00:01:29Z,73.0,Versa 4
2026-06-03T00:01:31Z,72.0,Versa 4
2026-06-03T00:01:34Z,72.0,Versa 4
2026-06-03T00:01:36Z,71.0,Versa 4
2026-06-03T00:01:39Z,71.0,Versa 4
2026-06-03T00:01:40Z,70.0,Versa 4
2026-06-03T00:01:43Z,70.0,Versa 4
2026-06-03T00:01:44Z,69.0,Versa 4
2026-06-03T00:01:46Z,68.0,Versa 4
2026-06-03T00:01:49Z,68.0,Versa 4
2026-06-03T00:01:50Z,68.0,Versa 4
2026-06-03T00:01:52Z,69.0,Versa 4
2026-06-03T00:01:55Z,68.0,Versa 4
2026-06-03T00:01:58Z,68.0,Versa 4
2026-06-03T00:01:59Z,69.0,Versa 4
2026-06-03T00:02:01Z,70.0,Versa 4
2026-06-03T00:02:04Z,70.0,Versa 4
2026-06-03T00:02:07Z,70.0,Versa 4
2026-06-03T00:02:10Z,70.0,Versa 4
2026-06-03T00:02:11Z,69.0,Versa 4
2026-06-03T00:02:14Z,69.0,Versa 4
2026-06-03T00:02:17Z,70.0,Versa 4
2026-06-03T00:02:20Z,70.0,Versa 4
2026-06-03T00:02:23Z,70.0,Versa 4
2026-06-03T00:02:26Z,70.0,Versa 4
2026-06-03T00:02:29Z,70.0,Versa 4
2026-06-03T00:02:32Z,71.0,Versa 4
2026-06-03T00:02:34Z,72.0,Versa 4
2026-06-03T00:02:36Z,73.0,Versa 4
2026-06-03T00:02:38Z,75.0,Versa 4
2026-06-03T00:02:40Z,88.0,Versa 4
2026-06-03T00:02:42Z,92.0,Versa 4
2026-06-03T00:02:43Z,96.0,Versa 4
2026-06-03T00:02:45Z,94.0,Versa 4
2026-06-03T00:02:47Z,89.0,Versa 4
2026-06-03T00:02:49Z,85.0,Versa 4
2026-06-03T00:02:51Z,85.0,Versa 4
2026-06-03T00:02:53Z,84.0,Versa 4
2026-06-03T00:02:55Z,81.0,Versa 4
2026-06-03T00:02:57Z,79.0,Versa 4
2026-06-03T00:02:59Z,77.0,Versa 4
2026-06-03T00:03:01Z,76.0,Versa 4
2026-06-03T00:03:03Z,75.0,Versa 4
2026-06-03T00:03:05Z,74.0,Versa 4
2026-06-03T00:03:08Z,73.0,Versa 4
2026-06-03T00:03:10Z,72.0,Versa 4
2026-06-03T00:03:12Z,73.0,Versa 4
2026-06-03T00:03:14Z,72.0,Versa 4
2026-06-03T00:03:17Z,72.0,Versa 4
2026-06-03T00:03:18Z,71.0,Versa 4
2026-06-03T00:03:20Z,70.0,Versa 4
2026-06-03T00:03:23Z,70.0,Versa 4
2026-06-03T00:03:26Z,70.0,Versa 4
2026-06-03T00:03:29Z,70.0,Versa 4
2026-06-03T00:03:30Z,69.0,Versa 4
2026-06-03T00:03:33Z,70.0,Versa 4
2026-06-03T00:03:36Z,70.0,Versa 4
2026-06-03T00:03:37Z,73.0,Versa 4
2026-06-03T00:03:39Z,75.0,Versa 4
2026-06-03T00:03:41Z,76.0,Versa 4
2026-06-03T00:03:43Z,75.0,Versa 4
2026-06-03T00:03:45Z,74.0,Versa 4
2026-06-03T00:03:48Z,74.0,Versa 4
2026-06-03T00:03:49Z,74.0,Versa 4
2026-06-03T00:03:51Z,73.0,Versa 4
2026-06-03T00:03:54Z,73.0,Versa 4
2026-06-03T00:03:56Z,74.0,Versa 4
2026-06-03T00:03:59Z,74.0,Versa 4
2026-06-03T00:04:02Z,74.0,Versa 4
2026-06-03T00:04:04Z,73.0,Versa 4
2026-06-03T00:04:06Z,72.0,Versa 4
2026-06-03T00:04:09Z,72.0,Versa 4
2026-06-03T00:04:12Z,72.0,Versa 4
2026-06-03T00:04:15Z,72.0,Versa 4
2026-06-03T00:04:16Z,72.0,Versa 4
2026-06-03T00:04:18Z,73.0,Versa 4
2026-06-03T00:04:21Z,74.0,Versa 4
2026-06-03T00:04:24Z,74.0,Versa 4
2026-06-03T00:04:27Z,74.0,Versa 4
2026-06-03T00:04:30Z,74.0,Versa 4
2026-06-03T00:04:31Z,73.0,Versa 4
2026-06-03T00:04:33Z,72.0,Versa 4
2026-06-03T00:04:36Z,72.0,Versa 4
2026-06-03T00:04:39Z,72.0,Versa 4
2026-06-03T00:04:42Z,72.0,Versa 4
2026-06-03T00:04:45Z,72.0,Versa 4
2026-06-03T00:04:48Z,72.0,Versa 4
2026-06-03T00:04:51Z,72.0,Versa 4
2026-06-03T00:04:54Z,72.0,Versa 4
2026-06-03T00:04:57Z,72.0,Versa 4
2026-06-03T00:04:58Z,72.0,Versa 4
2026-06-03T00:05:01Z,72.0,Versa 4
2026-06-03T00:05:04Z,72.0,Versa 4
2026-06-03T00:05:07Z,72.0,Versa 4
2026-06-03T00:05:10Z,72.0,Versa 4
2026-06-03T00:05:13Z,72.0,Versa 4
2026-06-03T00:05:16Z,72.0,Versa 4
2026-06-03T00:05:19Z,72.0,Versa 4
2026-06-03T00:05:22Z,72.0,Versa 4
2026-06-03T00:05:25Z,72.0,Versa 4
2026-06-03T00:05:27Z,73.0,Versa 4
2026-06-03T00:05:30Z,73.0,Versa 4
2026-06-03T00:05:31Z,74.0,Versa 4
2026-06-03T00:05:34Z,74.0,Versa 4
2026-06-03T00:05:36Z,75.0,Versa 4
2026-06-03T00:05:38Z,74.0,Versa 4
2026-06-03T00:05:41Z,74.0,Versa 4
2026-06-03T00:05:42Z,73.0,Versa 4
2026-06-03T00:05:44Z,72.0,Versa 4
2026-06-03T00:05:47Z,72.0,Versa 4
2026-06-03T00:05:50Z,71.0,Versa 4
2026-06-03T00:05:53Z,71.0,Versa 4
2026-06-03T00:05:55Z,71.0,Versa 4
2026-06-03T00:05:58Z,71.0,Versa 4
2026-06-03T00:05:59Z,72.0,Versa 4
2026-06-03T00:06:02Z,72.0,Versa 4
2026-06-03T00:06:03Z,71.0,Versa 4
2026-06-03T00:06:05Z,71.0,Versa 4
2026-06-03T00:06:07Z,72.0,Versa 4
2026-06-03T00:06:10Z,72.0,Versa 4
2026-06-03T00:06:11Z,73.0,Versa 4
2026-06-03T00:06:13Z,74.0,Versa 4
2026-06-03T00:06:15Z,74.0,Versa 4
2026-06-03T00:06:18Z,74.0,Versa 4
2026-06-03T00:06:21Z,74.0,Versa 4
2026-06-03T00:06:24Z,74.0,Versa 4
2026-06-03T00:06:27Z,74.0,Versa 4
2026-06-03T00:06:30Z,74.0,Versa 4
2026-06-03T00:06:32Z,73.0,Versa 4
2026-06-03T00:06:34Z,72.0,Versa 4
2026-06-03T00:06:36Z,72.0,Versa 4
2026-06-03T00:06:39Z,72.0,Versa 4
2026-06-03T00:06:42Z,72.0,Versa 4
2026-06-03T00:06:45Z,72.0,Versa 4
2026-06-03T00:06:47Z,70.0,Versa 4
2026-06-03T00:06:50Z,70.0,Versa 4
2026-06-03T00:06:51Z,70.0,Versa 4
2026-06-03T00:06:54Z,70.0,Versa 4
2026-06-03T00:06:55Z,70.0,Versa 4
2026-06-03T00:06:58Z,70.0,Versa 4
2026-06-03T00:06:59Z,74.0,Versa 4
2026-06-03T00:07:01Z,78.0,Versa 4
2026-06-03T00:07:03Z,80.0,Versa 4
2026-06-03T00:07:05Z,81.0,Versa 4
2026-06-03T00:07:07Z,81.0,Versa 4
2026-06-03T00:07:08Z,80.0,Versa 4
2026-06-03T00:07:10Z,79.0,Versa 4
2026-06-03T00:07:13Z,79.0,Versa 4
2026-06-03T00:07:14Z,78.0,Versa 4
2026-06-03T00:07:16Z,76.0,Versa 4
2026-06-03T00:07:19Z,76.0,Versa 4
2026-06-03T00:07:20Z,75.0,Versa 4
2026-06-03T00:07:22Z,74.0,Versa 4
2026-06-03T00:07:25Z,74.0,Versa 4
2026-06-03T00:07:26Z,73.0,Versa 4
2026-06-03T00:07:28Z,72.0,Versa 4
2026-06-03T00:07:31Z,72.0,Versa 4
2026-06-03T00:07:34Z,72.0,Versa 4
2026-06-03T00:07:37Z,71.0,Versa 4
2026-06-03T00:07:40Z,71.0,Versa 4
2026-06-03T00:07:43Z,72.0,Versa 4
2026-06-03T00:07:46Z,72.0,Versa 4
2026-06-03T00:07:47Z,71.0,Versa 4
2026-06-03T00:07:50Z,71.0,Versa 4
2026-06-03T00:07:53Z,71.0,Versa 4
2026-06-03T00:07:55Z,70.0,Versa 4
2026-06-03T00:07:58Z,70.0,Versa 4
2026-06-03T00:08:01Z,70.0,Versa 4
2026-06-03T00:08:02Z,71.0,Versa 4
2026-06-03T00:08:04Z,72.0,Versa 4
2026-06-03T00:08:07Z,72.0,Versa 4
2026-06-03T00:08:08Z,71.0,Versa 4
2026-06-03T00:08:11Z,71.0,Versa 4
2026-06-03T00:08:14Z,71.0,Versa 4
2026-06-03T00:08:16Z,70.0,Versa 4
2026-06-03T00:08:19Z,70.0,Versa 4
2026-06-03T00:08:22Z,70.0,Versa 4
2026-06-03T00:08:23Z,71.0,Versa 4
2026-06-03T00:08:26Z,71.0,Versa 4
2026-06-03T00:08:27Z,70.0,Versa 4
2026-06-03T00:08:30Z,70.0,Versa 4
2026-06-03T00:08:31Z,71.0,Versa 4
2026-06-03T00:08:33Z,72.0,Versa 4
2026-06-03T00:08:36Z,72.0,Versa 4
2026-06-03T00:08:39Z,72.0,Versa 4
2026-06-03T00:08:42Z,72.0,Versa 4
2026-06-03T00:08:44Z,74.0,Versa 4
2026-06-03T00:08:47Z,74.0,Versa 4
2026-06-03T00:08:48Z,74.0,Versa 4
2026-06-03T00:08:51Z,74.0,Versa 4
2026-06-03T00:08:52Z,76.0,Versa 4
2026-06-03T00:08:54Z,78.0,Versa 4
2026-06-03T00:08:57Z,78.0,Versa 4
2026-06-03T00:08:58Z,76.0,Versa 4
2026-06-03T00:09:01Z,76.0,Versa 4
2026-06-03T00:09:04Z,76.0,Versa 4
2026-06-03T00:09:06Z,74.0,Versa 4
2026-06-03T00:09:09Z,74.0,Versa 4
2026-06-03T00:09:11Z,74.0,Versa 4
2026-06-03T00:09:13Z,73.0,Versa 4
2026-06-03T00:09:16Z,73.0,Versa 4
2026-06-03T00:09:17Z,74.0,Versa 4
2026-06-03T00:09:20Z,74.0,Versa 4
2026-06-03T00:09:21Z,73.0,Versa 4
2026-06-03T00:09:23Z,72.0,Versa 4
2026-06-03T00:09:26Z,72.0,Versa 4
2026-06-03T00:09:27Z,73.0,Versa 4
2026-06-03T00:09:30Z,73.0,Versa 4
2026-06-03T00:09:32Z,72.0,Versa 4
2026-06-03T00:09:35Z,72.0,Versa 4
2026-06-03T00:09:38Z,72.0,Versa 4
2026-06-03T00:09:41Z,72.0,Versa 4
2026-06-03T00:09:44Z,72.0,Versa 4
2026-06-03T00:09:47Z,72.0,Versa 4
2026-06-03T00:09:50Z,72.0,Versa 4
2026-06-03T00:09:53Z,72.0,Versa 4
2026-06-03T00:09:55Z,71.0,Versa 4
2026-06-03T00:09:58Z,71.0,Versa 4
2026-06-03T00:10:01Z,71.0,Versa 4
2026-06-03T00:10:03Z,70.0,Versa 4
2026-06-03T00:10:05Z,71.0,Versa 4
2026-06-03T00:10:08Z,71.0,Versa 4
2026-06-03T00:10:09Z,70.0,Versa 4
2026-06-03T00:10:11Z,71.0,Versa 4
2026-06-03T00:10:13Z,74.0,Versa 4
2026-06-03T00:10:15Z,75.0,Versa 4
2026-06-03T00:10:17Z,74.0,Versa 4
2026-06-03T00:10:19Z,72.0,Versa 4
2026-06-03T00:10:20Z,74.0,Versa 4
2026-06-03T00:10:23Z,74.0,Versa 4
2026-06-03T00:10:26Z,72.0,Versa 4
2026-06-03T00:10:29Z,72.0,Versa 4
2026-06-03T00:10:32Z,73.0,Versa 4
2026-06-03T00:10:34Z,74.0,Versa 4
2026-06-03T00:10:37Z,74.0,Versa 4
2026-06-03T00:10:40Z,74.0,Versa 4
2026-06-03T00:10:43Z,74.0,Versa 4
2026-06-03T00:10:46Z,74.0,Versa 4
2026-06-03T00:10:49Z,74.0,Versa 4
2026-06-03T00:10:52Z,74.0,Versa 4
2026-06-03T00:10:55Z,74.0,Versa 4
2026-06-03T00:10:58Z,74.0,Versa 4
2026-06-03T00:11:01Z,74.0,Versa 4
2026-06-03T00:11:04Z,74.0,Versa 4
2026-06-03T00:11:07Z,74.0,Versa 4
2026-06-03T00:11:10Z,74.0,Versa 4
2026-06-03T00:11:13Z,74.0,Versa 4
2026-06-03T00:11:16Z,74.0,Versa 4
2026-06-03T00:11:18Z,73.0,Versa 4
2026-06-03T00:11:21Z,73.0,Versa 4
2026-06-03T00:11:24Z,74.0,Versa 4
2026-06-03T00:11:26Z,75.0,Versa 4
2026-06-03T00:11:28Z,77.0,Versa 4
2026-06-03T00:11:30Z,79.0,Versa 4
2026-06-03T00:11:33Z,78.0,Versa 4
2026-06-03T00:11:35Z,77.0,Versa 4
2026-06-03T00:11:37Z,78.0,Versa 4
2026-06-03T00:11:39Z,77.0,Versa 4
2026-06-03T00:11:41Z,76.0,Versa 4
2026-06-03T00:11:43Z,75.0,Versa 4
2026-06-03T00:11:45Z,74.0,Versa 4
2026-06-03T00:11:48Z,74.0,Versa 4
2026-06-03T00:11:51Z,74.0,Versa 4
2026-06-03T00:11:54Z,74.0,Versa 4
2026-06-03T00:11:55Z,73.0,Versa 4
2026-06-03T00:11:56Z,74.0,Versa 4
2026-06-03T00:11:58Z,74.0,Versa 4
2026-06-03T00:12:00Z,75.0,Versa 4
2026-06-03T00:12:02Z,76.0,Versa 4
2026-06-03T00:12:04Z,75.0,Versa 4
2026-06-03T00:12:06Z,74.0,Versa 4
2026-06-03T00:12:09Z,74.0,Versa 4
2026-06-03T00:12:12Z,74.0,Versa 4
2026-06-03T00:12:14Z,73.0,Versa 4
2026-06-03T00:12:17Z,73.0,Versa 4
2026-06-03T00:12:19Z,74.0,Versa 4
2026-06-03T00:12:22Z,74.0,Versa 4
2026-06-03T00:12:25Z,74.0,Versa 4
2026-06-03T00:12:28Z,74.0,Versa 4
2026-06-03T00:12:29Z,74.0,Versa 4
2026-06-03T00:12:32Z,74.0,Versa 4
2026-06-03T00:12:35Z,74.0,Versa 4
2026-06-03T00:12:38Z,74.0,Versa 4
2026-06-03T00:12:41Z,74.0,Versa 4
2026-06-03T00:12:43Z,74.0,Versa 4
2026-06-03T00:12:44Z,77.0,Versa 4
2026-06-03T00:12:46Z,79.0,Versa 4
2026-06-03T00:12:48Z,80.0,Versa 4
2026-06-03T00:12:50Z,81.0,Versa 4
2026-06-03T00:12:52Z,80.0,Versa 4
2026-06-03T00:12:54Z,79.0,Versa 4
2026-06-03T00:12:56Z,78.0,Versa 4
2026-06-03T00:12:59Z,78.0,Versa 4
2026-06-03T00:13:00Z,76.0,Versa 4
2026-06-03T00:13:03Z,76.0,Versa 4
2026-06-03T00:13:06Z,75.0,Versa 4
2026-06-03T00:13:07Z,74.0,Versa 4
2026-06-03T00:13:10Z,74.0,Versa 4
2026-06-03T00:13:11Z,74.0,Versa 4
2026-06-03T00:13:13Z,75.0,Versa 4
2026-06-03T00:13:15Z,76.0,Versa 4
2026-06-03T00:13:17Z,74.0,Versa 4
2026-06-03T00:13:20Z,74.0,Versa 4
2026-06-03T00:13:23Z,73.0,Versa 4
2026-06-03T00:13:26Z,73.0,Versa 4
2026-06-03T00:13:29Z,72.0,Versa 4
2026-06-03T00:13:31Z,72.0,Versa 4
2026-06-03T00:13:34Z,72.0,Versa 4
2026-06-03T00:13:37Z,72.0,Versa 4
2026-06-03T00:13:40Z,72.0,Versa 4
2026-06-03T00:13:43Z,72.0,Versa 4
2026-06-03T00:13:46Z,73.0,Versa 4
2026-06-03T00:13:48Z,74.0,Versa 4
2026-06-03T00:13:51Z,74.0,Versa 4
2026-06-03T00:13:54Z,74.0,Versa 4
2026-06-03T00:13:57Z,75.0,Versa 4
2026-06-03T00:13:59Z,76.0,Versa 4
2026-06-03T00:14:01Z,78.0,Versa 4
2026-06-03T00:14:03Z,80.0,Versa 4
2026-06-03T00:14:05Z,82.0,Versa 4
2026-06-03T00:14:08Z,82.0,Versa 4
2026-06-03T00:14:09Z,84.0,Versa 4
2026-06-03T00:14:11Z,87.0,Versa 4
2026-06-03T00:14:13Z,89.0,Versa 4
2026-06-03T00:14:16Z,89.0,Versa 4
2026-06-03T00:14:19Z,93.0,Versa 4
2026-06-03T00:14:22Z,94.0,Versa 4
2026-06-03T00:14:25Z,94.0,Versa 4
2026-06-03T00:14:26Z,100.0,Versa 4
2026-06-03T00:14:28Z,104.0,Versa 4
2026-06-03T00:14:30Z,102.0,Versa 4
2026-06-03T00:14:32Z,101.0,Versa 4
2026-06-03T00:14:34Z,98.0,Versa 4
2026-06-03T00:14:36Z,92.0,Versa 4
2026-06-03T00:14:38Z,90.0,Versa 4
2026-06-03T00:14:40Z,87.0,Versa 4
2026-06-03T00:14:42Z,83.0,Versa 4
2026-06-03T00:14:43Z,80.0,Versa 4
2026-06-03T00:14:45Z,78.0,Versa 4
2026-06-03T00:14:48Z,78.0,Versa 4
2026-06-03T00:14:49Z,77.0,Versa 4
2026-06-03T00:14:51Z,76.0,Versa 4
2026-06-03T00:14:53Z,75.0,Versa 4
2026-06-03T00:14:56Z,75.0,Versa 4
2026-06-03T00:14:57Z,76.0,Versa 4
2026-06-03T00:15:00Z,76.0,Versa 4
2026-06-03T00:15:03Z,76.0,Versa 4
2026-06-03T00:15:06Z,76.0,Versa 4
2026-06-03T00:15:09Z,76.0,Versa 4
2026-06-03T00:15:12Z,76.0,Versa 4
2026-06-03T00:15:15Z,76.0,Versa 4
2026-06-03T00:15:18Z,77.0,Versa 4
2026-06-03T00:15:21Z,77.0,Versa 4
2026-06-03T00:15:22Z,78.0,Versa 4
2026-06-03T00:15:25Z,78.0,Versa 4
2026-06-03T00:15:28Z,78.0,Versa 4
2026-06-03T00:15:31Z,80.0,Versa 4
2026-06-03T00:15:33Z,81.0,Versa 4
2026-06-03T00:15:35Z,82.0,Versa 4
2026-06-03T00:15:37Z,84.0,Versa 4
2026-06-03T00:15:39Z,84.0,Versa 4
2026-06-03T00:15:41Z,85.0,Versa 4
2026-06-03T00:15:43Z,84.0,Versa 4
2026-06-03T00:15:45Z,83.0,Versa 4
2026-06-03T00:15:47Z,82.0,Versa 4
2026-06-03T00:15:50Z,82.0,Versa 4
2026-06-03T00:15:53Z,81.0,Versa 4
2026-06-03T00:15:55Z,82.0,Versa 4
2026-06-03T00:15:58Z,82.0,Versa 4
2026-06-03T00:16:00Z,81.0,Versa 4
2026-06-03T00:16:02Z,82.0,Versa 4
2026-06-03T00:16:05Z,82.0,Versa 4
2026-06-03T00:16:08Z,82.0,Versa 4
2026-06-03T00:16:11Z,82.0,Versa 4
2026-06-03T00:16:14Z,82.0,Versa 4
2026-06-03T00:16:17Z,82.0,Versa 4
2026-06-03T00:16:18Z,83.0,Versa 4
2026-06-03T00:16:19Z,84.0,Versa 4
2026-06-03T00:16:22Z,84.0,Versa 4
2026-06-03T00:16:25Z,84.0,Versa 4
2026-06-03T00:16:28Z,84.0,Versa 4
2026-06-03T00:16:31Z,84.0,Versa 4
2026-06-03T00:16:34Z,84.0,Versa 4
2026-06-03T00:16:35Z,84.0,Versa 4
2026-06-03T00:16:37Z,86.0,Versa 4
2026-06-03T00:16:40Z,86.0,Versa 4
2026-06-03T00:16:41Z,88.0,Versa 4
2026-06-03T00:16:43Z,89.0,Versa 4
2026-06-03T00:16:46Z,90.0,Versa 4
2026-06-03T00:16:48Z,89.0,Versa 4
2026-06-03T00:16:50Z,88.0,Versa 4
2026-06-03T00:16:52Z,86.0,Versa 4
2026-06-03T00:16:55Z,86.0,Versa 4
2026-06-03T00:16:58Z,86.0,Versa 4
2026-06-03T00:17:01Z,86.0,Versa 4
2026-06-03T00:17:04Z,86.0,Versa 4
2026-06-03T00:17:07Z,86.0,Versa 4
2026-06-03T00:17:10Z,86.0,Versa 4
2026-06-03T00:17:13Z,85.0,Versa 4
2026-06-03T00:17:15Z,84.0,Versa 4
2026-06-03T00:17:18Z,84.0,Versa 4
2026-06-03T00:17:21Z,84.0,Versa 4
2026-06-03T00:17:23Z,83.0,Versa 4
2026-06-03T00:17:26Z,83.0,Versa 4
2026-06-03T00:17:27Z,84.0,Versa 4
2026-06-03T00:17:30Z,84.0,Versa 4
2026-06-03T00:17:32Z,82.0,Versa 4
2026-06-03T00:17:35Z,82.0,Versa 4
2026-06-03T00:17:36Z,83.0,Versa 4
2026-06-03T00:17:38Z,84.0,Versa 4
2026-06-03T00:17:41Z,84.0,Versa 4
2026-06-03T00:17:44Z,83.0,Versa 4
2026-06-03T00:17:46Z,82.0,Versa 4
2026-06-03T00:17:48Z,84.0,Versa 4
2026-06-03T00:17:50Z,86.0,Versa 4
2026-06-03T00:17:52Z,88.0,Versa 4
2026-06-03T00:17:54Z,89.0,Versa 4
2026-06-03T00:17:57Z,87.0,Versa 4
2026-06-03T00:17:59Z,87.0,Versa 4
2026-06-03T00:18:01Z,86.0,Versa 4
2026-06-03T00:18:03Z,85.0,Versa 4
2026-06-03T00:18:05Z,84.0,Versa 4
2026-06-03T00:18:07Z,82.0,Versa 4
2026-06-03T00:18:10Z,82.0,Versa 4
2026-06-03T00:18:11Z,83.0,Versa 4
2026-06-03T00:18:13Z,82.0,Versa 4
2026-06-03T00:18:16Z,82.0,Versa 4
2026-06-03T00:18:19Z,82.0,Versa 4
2026-06-03T00:18:22Z,82.0,Versa 4
2026-06-03T00:18:24Z,80.0,Versa 4
2026-06-03T00:18:26Z,79.0,Versa 4
2026-06-03T00:18:29Z,79.0,Versa 4
2026-06-03T00:18:30Z,79.0,Versa 4
2026-06-03T00:18:32Z,79.0,Versa 4
2026-06-03T00:18:35Z,79.0,Versa 4
2026-06-03T00:18:38Z,80.0,Versa 4
2026-06-03T00:18:41Z,80.0,Versa 4
2026-06-03T00:18:43Z,81.0,Versa 4
2026-06-03T00:18:45Z,82.0,Versa 4
2026-06-03T00:18:48Z,82.0,Versa 4
2026-06-03T00:18:51Z,82.0,Versa 4
2026-06-03T00:18:53Z,82.0,Versa 4
2026-06-03T00:18:56Z,82.0,Versa 4
2026-06-03T00:18:59Z,82.0,Versa 4
2026-06-03T00:19:02Z,82.0,Versa 4
2026-06-03T00:19:05Z,82.0,Versa 4
2026-06-03T00:19:07Z,84.0,Versa 4
2026-06-03T00:19:08Z,85.0,Versa 4
2026-06-03T00:19:10Z,86.0,Versa 4
2026-06-03T00:19:12Z,84.0,Versa 4
2026-06-03T00:19:14Z,83.0,Versa 4
2026-06-03T00:19:16Z,82.0,Versa 4
2026-06-03T00:19:18Z,83.0,Versa 4
2026-06-03T00:19:20Z,84.0,Versa 4
2026-06-03T00:19:22Z,83.0,Versa 4
2026-06-03T00:19:24Z,82.0,Versa 4
2026-06-03T00:19:27Z,82.0,Versa 4
2026-06-03T00:19:30Z,82.0,Versa 4
2026-06-03T00:19:33Z,82.0,Versa 4
2026-06-03T00:19:36Z,82.0,Versa 4
2026-06-03T00:19:39Z,82.0,Versa 4
2026-06-03T00:19:42Z,82.0,Versa 4
2026-06-03T00:19:43Z,80.0,Versa 4
2026-06-03T00:19:46Z,80.0,Versa 4
2026-06-03T00:19:49Z,81.0,Versa 4
2026-06-03T00:19:51Z,82.0,Versa 4
2026-06-03T00:19:54Z,82.0,Versa 4
2026-06-03T00:19:57Z,82.0,Versa 4
2026-06-03T00:19:58Z,82.0,Versa 4
2026-06-03T00:20:01Z,82.0,Versa 4
2026-06-03T00:20:04Z,82.0,Versa 4
2026-06-03T00:20:07Z,82.0,Versa 4
2026-06-03T00:20:10Z,82.0,Versa 4
2026-06-03T00:20:13Z,82.0,Versa 4
2026-06-03T00:20:16Z,82.0,Versa 4
2026-06-03T00:20:19Z,83.0,Versa 4
2026-06-03T00:20:21Z,82.0,Versa 4
2026-06-03T00:20:23Z,81.0,Versa 4
2026-06-03T00:20:25Z,80.0,Versa 4
2026-06-03T00:20:28Z,80.0,Versa 4
2026-06-03T00:20:29Z,81.0,Versa 4
2026-06-03T00:20:32Z,81.0,Versa 4
2026-06-03T00:20:35Z,80.0,Versa 4
2026-06-03T00:20:37Z,81.0,Versa 4
2026-06-03T00:20:40Z,81.0,Versa 4
2026-06-03T00:20:41Z,82.0,Versa 4
2026-06-03T00:20:43Z,81.0,Versa 4
2026-06-03T00:20:44Z,80.0,Versa 4
2026-06-03T00:20:47Z,80.0,Versa 4
2026-06-03T00:20:50Z,81.0,Versa 4
2026-06-03T00:20:52Z,82.0,Versa 4
2026-06-03T00:20:55Z,82.0,Versa 4
2026-06-03T00:20:56Z,82.0,Versa 4
2026-06-03T00:20:59Z,82.0,Versa 4
2026-06-03T00:21:00Z,84.0,Versa 4
2026-06-03T00:21:02Z,86.0,Versa 4
2026-06-03T00:21:04Z,87.0,Versa 4
2026-06-03T00:21:06Z,89.0,Versa 4
2026-06-03T00:21:07Z,90.0,Versa 4
2026-06-03T00:21:09Z,88.0,Versa 4
2026-06-03T00:21:11Z,87.0,Versa 4
2026-06-03T00:21:13Z,84.0,Versa 4
2026-06-03T00:21:15Z,83.0,Versa 4
2026-06-03T00:21:18Z,83.0,Versa 4
2026-06-03T00:21:19Z,82.0,Versa 4
2026-06-03T00:21:22Z,82.0,Versa 4
2026-06-03T00:21:23Z,83.0,Versa 4
2026-06-03T00:21:25Z,84.0,Versa 4
2026-06-03T00:21:27Z,83.0,Versa 4
2026-06-03T00:21:29Z,82.0,Versa 4
2026-06-03T00:21:32Z,82.0,Versa 4
2026-06-03T00:21:35Z,82.0,Versa 4
2026-06-03T00:21:38Z,82.0,Versa 4
2026-06-03T00:21:41Z,82.0,Versa 4
2026-06-03T00:21:44Z,82.0,Versa 4
2026-06-03T00:21:46Z,81.0,Versa 4
2026-06-03T00:21:48Z,80.0,Versa 4
2026-06-03T00:21:51Z,80.0,Versa 4
2026-06-03T00:21:54Z,80.0,Versa 4
2026-06-03T00:21:55Z,81.0,Versa 4
2026-06-03T00:21:57Z,82.0,Versa 4
2026-06-03T00:22:00Z,82.0,Versa 4
2026-06-03T00:22:01Z,82.0,Versa 4
2026-06-03T00:22:04Z,82.0,Versa 4
2026-06-03T00:22:07Z,82.0,Versa 4
2026-06-03T00:22:10Z,82.0,Versa 4
2026-06-03T00:22:13Z,82.0,Versa 4
2026-06-03T00:22:16Z,82.0,Versa 4
2026-06-03T00:22:19Z,82.0,Versa 4
2026-06-03T00:22:22Z,82.0,Versa 4
2026-06-03T00:22:25Z,82.0,Versa 4
2026-06-03T00:22:26Z,84.0,Versa 4
2026-06-03T00:22:28Z,86.0,Versa 4
2026-06-03T00:22:30Z,87.0,Versa 4
2026-06-03T00:22:33Z,87.0,Versa 4
2026-06-03T00:22:34Z,86.0,Versa 4
2026-06-03T00:22:36Z,84.0,Versa 4
2026-06-03T00:22:39Z,84.0,Versa 4
2026-06-03T00:22:40Z,83.0,Versa 4
2026-06-03T00:22:43Z,83.0,Versa 4
2026-06-03T00:22:45Z,82.0,Versa 4
2026-06-03T00:22:48Z,82.0,Versa 4
2026-06-03T00:22:49Z,81.0,Versa 4
2026-06-03T00:22:52Z,81.0,Versa 4
2026-06-03T00:22:53Z,81.0,Versa 4
2026-06-03T00:22:55Z,82.0,Versa 4
2026-06-03T00:22:57Z,83.0,Versa 4
2026-06-03T00:22:59Z,85.0,Versa 4
2026-06-03T00:23:01Z,86.0,Versa 4
2026-06-03T00:23:03Z,87.0,Versa 4
2026-06-03T00:23:05Z,89.0,Versa 4
2026-06-03T00:23:07Z,93.0,Versa 4
2026-06-03T00:23:08Z,99.0,Versa 4
2026-06-03T00:23:10Z,101.0,Versa 4
2026-06-03T00:23:12Z,100.0,Versa 4
2026-06-03T00:23:14Z,97.0,Versa 4
2026-06-03T00:23:16Z,91.0,Versa 4
2026-06-03T00:23:18Z,88.0,Versa 4
2026-06-03T00:23:20Z,86.0,Versa 4
2026-06-03T00:23:22Z,85.0,Versa 4
2026-06-03T00:23:24Z,84.0,Versa 4
2026-06-03T00:23:26Z,83.0,Versa 4
2026-06-03T00:23:28Z,82.0,Versa 4
2026-06-03T00:23:30Z,82.0,Versa 4
2026-06-03T00:23:31Z,81.0,Versa 4
2026-06-03T00:23:33Z,82.0,Versa 4
2026-06-03T00:23:36Z,82.0,Versa 4
2026-06-03T00:23:37Z,83.0,Versa 4
2026-06-03T00:23:39Z,82.0,Versa 4
2026-06-03T00:23:41Z,81.0,Versa 4
2026-06-03T00:23:43Z,80.0,Versa 4
2026-06-03T00:23:46Z,80.0,Versa 4
2026-06-03T00:23:47Z,80.0,Versa 4
2026-06-03T00:23:50Z,80.0,Versa 4
2026-06-03T00:23:53Z,80.0,Versa 4
2026-06-03T00:23:55Z,79.0,Versa 4
2026-06-03T00:23:56Z,78.0,Versa 4
2026-06-03T00:23:59Z,78.0,Versa 4
2026-06-03T00:24:02Z,78.0,Versa 4
2026-06-03T00:24:05Z,78.0,Versa 4
2026-06-03T00:24:06Z,76.0,Versa 4
2026-06-03T00:24:09Z,76.0,Versa 4
2026-06-03T00:24:12Z,76.0,Versa 4
2026-06-03T00:24:14Z,77.0,Versa 4
2026-06-03T00:24:16Z,78.0,Versa 4
2026-06-03T00:24:18Z,77.0,Versa 4
2026-06-03T00:24:21Z,77.0,Versa 4
2026-06-03T00:24:23Z,77.0,Versa 4
2026-06-03T00:24:26Z,77.0,Versa 4
2026-06-03T00:24:27Z,78.0,Versa 4
2026-06-03T00:24:29Z,81.0,Versa 4
2026-06-03T00:24:31Z,86.0,Versa 4
2026-06-03T00:24:33Z,90.0,Versa 4
2026-06-03T00:24:35Z,92.0,Versa 4
2026-06-03T00:24:37Z,93.0,Versa 4
2026-06-03T00:24:39Z,96.0,Versa 4
2026-06-03T00:24:42Z,96.0,Versa 4
2026-06-03T00:24:43Z,97.0,Versa 4
2026-06-03T00:24:46Z,96.0,Versa 4
2026-06-03T00:24:48Z,93.0,Versa 4
2026-06-03T00:24:50Z,92.0,Versa 4
2026-06-03T00:24:52Z,91.0,Versa 4
2026-06-03T00:24:54Z,89.0,Versa 4
2026-06-03T00:24:56Z,87.0,Versa 4
2026-06-03T00:24:58Z,86.0,Versa 4
2026-06-03T00:25:00Z,84.0,Versa 4
2026-06-03T00:25:02Z,82.0,Versa 4
2026-06-03T00:25:04Z,80.0,Versa 4
2026-06-03T00:25:07Z,81.0,Versa 4
2026-06-03T00:25:09Z,80.0,Versa 4
2026-06-03T00:25:11Z,81.0,Versa 4
2026-06-03T00:25:14Z,81.0,Versa 4
2026-06-03T00:25:15Z,81.0,Versa 4
2026-06-03T00:25:17Z,80.0,Versa 4
2026-06-03T00:25:19Z,81.0,Versa 4
2026-06-03T00:25:21Z,82.0,Versa 4
2026-06-03T00:25:23Z,82.0,Versa 4
2026-06-03T00:25:26Z,82.0,Versa 4
2026-06-03T00:25:27Z,81.0,Versa 4
2026-06-03T00:25:29Z,80.0,Versa 4
2026-06-03T00:25:32Z,80.0,Versa 4
2026-06-03T00:25:34Z,81.0,Versa 4
2026-06-03T00:25:36Z,81.0,Versa 4
2026-06-03T00:25:39Z,81.0,Versa 4
2026-06-03T00:25:40Z,82.0,Versa 4
2026-06-03T00:25:43Z,82.0,Versa 4
2026-06-03T00:25:46Z,82.0,Versa 4
2026-06-03T00:25:48Z,81.0,Versa 4
2026-06-03T00:25:51Z,81.0,Versa 4
2026-06-03T00:25:52Z,81.0,Versa 4
2026-06-03T00:25:54Z,81.0,Versa 4
2026-06-03T00:25:57Z,82.0,Versa 4
2026-06-03T00:25:59Z,84.0,Versa 4
2026-06-03T00:26:01Z,87.0,Versa 4
2026-06-03T00:26:03Z,90.0,Versa 4
2026-06-03T00:26:05Z,92.0,Versa 4
2026-06-03T00:26:07Z,91.0,Versa 4
2026-06-03T00:26:09Z,89.0,Versa 4
2026-06-03T00:26:11Z,87.0,Versa 4
2026-06-03T00:26:13Z,86.0,Versa 4
2026-06-03T00:26:16Z,86.0,Versa 4
2026-06-03T00:26:17Z,88.0,Versa 4
2026-06-03T00:26:19Z,88.0,Versa 4
2026-06-03T00:26:20Z,88.0,Versa 4
2026-06-03T00:26:22Z,86.0,Versa 4
2026-06-03T00:26:25Z,86.0,Versa 4
2026-06-03T00:26:26Z,85.0,Versa 4
2026-06-03T00:26:28Z,84.0,Versa 4
2026-06-03T00:26:30Z,82.0,Versa 4
2026-06-03T00:26:32Z,82.0,Versa 4
2026-06-03T00:26:34Z,82.0,Versa 4
2026-06-03T00:26:36Z,80.0,Versa 4
2026-06-03T00:26:38Z,80.0,Versa 4
2026-06-03T00:26:40Z,79.0,Versa 4
2026-06-03T00:26:42Z,78.0,Versa 4
2026-06-03T00:26:45Z,78.0,Versa 4
2026-06-03T00:26:47Z,77.0,Versa 4
2026-06-03T00:26:49Z,76.0,Versa 4
2026-06-03T00:26:52Z,76.0,Versa 4
2026-06-03T00:26:53Z,77.0,Versa 4
2026-06-03T00:26:56Z,77.0,Versa 4
2026-06-03T00:26:59Z,78.0,Versa 4
2026-06-03T00:27:02Z,78.0,Versa 4
2026-06-03T00:27:05Z,78.0,Versa 4
2026-06-03T00:27:07Z,80.0,Versa 4
2026-06-03T00:27:08Z,82.0,Versa 4
2026-06-03T00:27:10Z,83.0,Versa 4
2026-06-03T00:27:13Z,83.0,Versa 4
2026-06-03T00:27:14Z,82.0,Versa 4
2026-06-03T00:27:17Z,82.0,Versa 4
2026-06-03T00:27:20Z,81.0,Versa 4
2026-06-03T00:27:23Z,81.0,Versa 4
2026-06-03T00:27:24Z,80.0,Versa 4
2026-06-03T00:27:27Z,80.0,Versa 4
2026-06-03T00:27:28Z,80.0,Versa 4
2026-06-03T00:27:31Z,82.0,Versa 4
2026-06-03T00:27:33Z,82.0,Versa 4
2026-06-03T00:27:35Z,83.0,Versa 4
2026-06-03T00:27:37Z,82.0,Versa 4
2026-06-03T00:27:40Z,82.0,Versa 4
2026-06-03T00:27:41Z,81.0,Versa 4
2026-06-03T00:27:44Z,81.0,Versa 4
2026-06-03T00:27:45Z,80.0,Versa 4
2026-06-03T00:27:48Z,80.0,Versa 4
2026-06-03T00:27:49Z,80.0,Versa 4
2026-06-03T00:27:51Z,82.0,Versa 4
2026-06-03T00:27:54Z,82.0,Versa 4
2026-06-03T00:27:57Z,82.0,Versa 4
2026-06-03T00:28:00Z,82.0,Versa 4
2026-06-03T00:28:02Z,81.0,Versa 4
2026-06-03T00:28:04Z,80.0,Versa 4
2026-06-03T00:28:07Z,80.0,Versa 4
2026-06-03T00:28:08Z,78.0,Versa 4
2026-06-03T00:28:10Z,79.0,Versa 4
2026-06-03T00:28:12Z,80.0,Versa 4
2026-06-03T00:28:15Z,80.0,Versa 4
2026-06-03T00:28:18Z,78.0,Versa 4
2026-06-03T00:28:21Z,78.0,Versa 4
2026-06-03T00:28:23Z,80.0,Versa 4
2026-06-03T00:28:26Z,80.0,Versa 4
2026-06-03T00:28:29Z,80.0,Versa 4
2026-06-03T00:28:32Z,80.0,Versa 4
2026-06-03T00:28:35Z,79.0,Versa 4
2026-06-03T00:28:37Z,80.0,Versa 4
2026-06-03T00:28:39Z,82.0,Versa 4
2026-06-03T00:28:41Z,84.0,Versa 4
2026-06-03T00:28:43Z,89.0,Versa 4
2026-06-03T00:28:44Z,95.0,Versa 4
2026-06-03T00:28:46Z,96.0,Versa 4
2026-06-03T00:28:48Z,94.0,Versa 4
2026-06-03T00:28:50Z,90.0,Versa 4
2026-06-03T00:28:52Z,89.0,Versa 4
2026-06-03T00:28:54Z,88.0,Versa 4
2026-06-03T00:28:57Z,88.0,Versa 4
2026-06-03T00:28:58Z,87.0,Versa 4
2026-06-03T00:29:00Z,86.0,Versa 4
2026-06-03T00:29:02Z,84.0,Versa 4
2026-06-03T00:29:04Z,83.0,Versa 4
2026-06-03T00:29:06Z,82.0,Versa 4
2026-06-03T00:29:09Z,82.0,Versa 4
2026-06-03T00:29:12Z,82.0,Versa 4
2026-06-03T00:29:13Z,82.0,Versa 4
2026-06-03T00:29:16Z,82.0,Versa 4
2026-06-03T00:29:19Z,82.0,Versa 4
2026-06-03T00:29:22Z,82.0,Versa 4
2026-06-03T00:29:25Z,81.0,Versa 4
2026-06-03T00:29:27Z,80.0,Versa 4
2026-06-03T00:29:30Z,80.0,Versa 4
2026-06-03T00:29:31Z,81.0,Versa 4
2026-06-03T00:29:32Z,82.0,Versa 4
2026-06-03T00:29:34Z,81.0,Versa 4
2026-06-03T00:29:36Z,80.0,Versa 4
2026-06-03T00:29:38Z,82.0,Versa 4
2026-06-03T00:29:40Z,83.0,Versa 4
2026-06-03T00:29:42Z,84.0,Versa 4
2026-06-03T00:29:44Z,85.0,Versa 4
2026-06-03T00:29:47Z,85.0,Versa 4
2026-06-03T00:29:48Z,84.0,Versa 4
2026-06-03T00:29:50Z,82.0,Versa 4
2026-06-03T00:29:52Z,81.0,Versa 4
2026-06-03T00:29:54Z,80.0,Versa 4
2026-06-03T00:29:55Z,81.0,Versa 4
2026-06-03T00:29:57Z,83.0,Versa 4
2026-06-03T00:29:59Z,86.0,Versa 4
2026-06-03T00:30:01Z,89.0,Versa 4
2026-06-03T00:30:03Z,96.0,Versa 4
2026-06-03T00:30:05Z,99.0,Versa 4
2026-06-03T00:30:07Z,98.0,Versa 4
2026-06-03T00:30:09Z,91.0,Versa 4
2026-06-03T00:30:11Z,82.0,Versa 4
2026-06-03T00:30:13Z,83.0,Versa 4
2026-06-03T00:30:15Z,86.0,Versa 4
2026-06-03T00:30:17Z,88.0,Versa 4
2026-06-03T00:30:20Z,87.0,Versa 4
2026-06-03T00:30:22Z,85.0,Versa 4
2026-06-03T00:30:24Z,84.0,Versa 4
2026-06-03T00:30:27Z,84.0,Versa 4
2026-06-03T00:30:28Z,82.0,Versa 4
2026-06-03T00:30:31Z,82.0,Versa 4
2026-06-03T00:30:34Z,83.0,Versa 4
2026-06-03T00:30:37Z,83.0,Versa 4
2026-06-03T00:30:38Z,82.0,Versa 4
2026-06-03T00:30:41Z,82.0,Versa 4
2026-06-03T00:30:42Z,81.0,Versa 4
2026-06-03T00:30:43Z,82.0,Versa 4
2026-06-03T00:30:45Z,81.0,Versa 4
2026-06-03T00:30:48Z,81.0,Versa 4
2026-06-03T00:30:51Z,81.0,Versa 4
2026-06-03T00:30:53Z,80.0,Versa 4
2026-06-03T00:30:56Z,80.0,Versa 4
2026-06-03T00:30:59Z,79.0,Versa 4
2026-06-03T00:31:01Z,80.0,Versa 4
2026-06-03T00:31:04Z,80.0,Versa 4
2026-06-03T00:31:07Z,80.0,Versa 4
2026-06-03T00:31:10Z,81.0,Versa 4
2026-06-03T00:31:12Z,82.0,Versa 4
2026-06-03T00:31:14Z,83.0,Versa 4
2026-06-03T00:31:16Z,84.0,Versa 4
2026-06-03T00:31:19Z,84.0,Versa 4
2026-06-03T00:31:22Z,82.0,Versa 4
2026-06-03T00:31:25Z,82.0,Versa 4
2026-06-03T00:31:28Z,82.0,Versa 4
2026-06-03T00:31:31Z,82.0,Versa 4
2026-06-03T00:31:34Z,82.0,Versa 4
2026-06-03T00:31:37Z,82.0,Versa 4
2026-06-03T00:31:40Z,82.0,Versa 4
2026-06-03T00:31:41Z,81.0,Versa 4
2026-06-03T00:31:43Z,80.0,Versa 4
2026-06-03T00:31:46Z,80.0,Versa 4
2026-06-03T00:31:49Z,80.0,Versa 4
2026-06-03T00:31:52Z,80.0,Versa 4
2026-06-03T00:31:53Z,79.0,Versa 4
2026-06-03T00:31:55Z,78.0,Versa 4
2026-06-03T00:31:58Z,78.0,Versa 4
2026-06-03T00:32:01Z,78.0,Versa 4
2026-06-03T00:32:02Z,78.0,Versa 4
2026-06-03T00:32:04Z,80.0,Versa 4
2026-06-03T00:32:06Z,82.0,Versa 4
2026-06-03T00:32:08Z,84.0,Versa 4
2026-06-03T00:32:10Z,86.0,Versa 4
2026-06-03T00:32:13Z,86.0,Versa 4
2026-06-03T00:32:14Z,84.0,Versa 4
2026-06-03T00:32:17Z,84.0,Versa 4
2026-06-03T00:32:18Z,83.0,Versa 4
2026-06-03T00:32:19Z,82.0,Versa 4
2026-06-03T00:32:22Z,82.0,Versa 4
2026-06-03T00:32:25Z,82.0,Versa 4
2026-06-03T00:32:28Z,82.0,Versa 4
2026-06-03T00:32:29Z,81.0,Versa 4
2026-06-03T00:32:31Z,80.0,Versa 4
2026-06-03T00:32:33Z,80.0,Versa 4
2026-06-03T00:32:35Z,82.0,Versa 4
2026-06-03T00:32:38Z,82.0,Versa 4
2026-06-03T00:32:39Z,85.0,Versa 4
2026-06-03T00:32:41Z,87.0,Versa 4
2026-06-03T00:32:43Z,89.0,Versa 4
2026-06-03T00:32:44Z,90.0,Versa 4
2026-06-03T00:32:46Z,87.0,Versa 4
2026-06-03T00:32:48Z,85.0,Versa 4
2026-06-03T00:32:50Z,83.0,Versa 4
2026-06-03T00:32:52Z,82.0,Versa 4
2026-06-03T00:32:55Z,82.0,Versa 4
2026-06-03T00:32:58Z,81.0,Versa 4
2026-06-03T00:33:00Z,80.0,Versa 4
2026-06-03T00:33:03Z,80.0,Versa 4
2026-06-03T00:33:06Z,80.0,Versa 4
2026-06-03T00:33:07Z,81.0,Versa 4
2026-06-03T00:33:10Z,81.0,Versa 4
2026-06-03T00:33:11Z,80.0,Versa 4
2026-06-03T00:33:14Z,80.0,Versa 4
2026-06-03T00:33:17Z,80.0,Versa 4
2026-06-03T00:33:20Z,80.0,Versa 4
2026-06-03T00:33:23Z,80.0,Versa 4
2026-06-03T00:33:25Z,79.0,Versa 4
2026-06-03T00:33:27Z,80.0,Versa 4
2026-06-03T00:33:30Z,80.0,Versa 4
2026-06-03T00:33:32Z,79.0,Versa 4
2026-06-03T00:33:35Z,79.0,Versa 4
2026-06-03T00:33:38Z,78.0,Versa 4
2026-06-03T00:33:41Z,78.0,Versa 4
2026-06-03T00:33:44Z,78.0,Versa 4
2026-06-03T00:33:47Z,78.0,Versa 4
2026-06-03T00:33:50Z,78.0,Versa 4
2026-06-03T00:33:53Z,78.0,Versa 4
2026-06-03T00:33:56Z,78.0,Versa 4
2026-06-03T00:33:57Z,79.0,Versa 4
2026-06-03T00:33:59Z,80.0,Versa 4
2026-06-03T00:34:01Z,82.0,Versa 4
2026-06-03T00:34:03Z,82.0,Versa 4
2026-06-03T00:34:05Z,83.0,Versa 4
2026-06-03T00:34:07Z,82.0,Versa 4
2026-06-03T00:34:10Z,82.0,Versa 4
2026-06-03T00:34:11Z,81.0,Versa 4
2026-06-03T00:34:14Z,81.0,Versa 4
2026-06-03T00:34:15Z,80.0,Versa 4
2026-06-03T00:34:18Z,80.0,Versa 4
2026-06-03T00:34:21Z,80.0,Versa 4
2026-06-03T00:34:24Z,81.0,Versa 4
2026-06-03T00:34:27Z,81.0,Versa 4
2026-06-03T00:34:28Z,80.0,Versa 4
2026-06-03T00:34:31Z,80.0,Versa 4
2026-06-03T00:34:34Z,80.0,Versa 4
2026-06-03T00:34:36Z,81.0,Versa 4
2026-06-03T00:34:38Z,80.0,Versa 4
2026-06-03T00:34:41Z,80.0,Versa 4
2026-06-03T00:34:43Z,79.0,Versa 4
2026-06-03T00:34:45Z,80.0,Versa 4
2026-06-03T00:34:48Z,80.0,Versa 4
2026-06-03T00:34:51Z,79.0,Versa 4
2026-06-03T00:34:53Z,78.0,Versa 4
2026-06-03T00:34:56Z,78.0,Versa 4
2026-06-03T00:34:59Z,79.0,Versa 4
2026-06-03T00:35:01Z,79.0,Versa 4
2026-06-03T00:35:03Z,80.0,Versa 4
2026-06-03T00:35:06Z,80.0,Versa 4
2026-06-03T00:35:07Z,79.0,Versa 4
2026-06-03T00:35:08Z,80.0,Versa 4
2026-06-03T00:35:10Z,79.0,Versa 4
2026-06-03T00:35:12Z,78.0,Versa 4
2026-06-03T00:35:15Z,78.0,Versa 4
2026-06-03T00:35:18Z,78.0,Versa 4
2026-06-03T00:35:21Z,78.0,Versa 4
2026-06-03T00:35:24Z,78.0,Versa 4
2026-06-03T00:35:27Z,78.0,Versa 4
2026-06-03T00:35:30Z,79.0,Versa 4
2026-06-03T00:35:33Z,79.0,Versa 4
2026-06-03T00:35:36Z,79.0,Versa 4
2026-06-03T00:35:39Z,79.0,Versa 4
2026-06-03T00:35:42Z,79.0,Versa 4
2026-06-03T00:35:45Z,79.0,Versa 4
2026-06-03T00:35:48Z,79.0,Versa 4
2026-06-03T00:35:51Z,79.0,Versa 4
2026-06-03T00:35:53Z,78.0,Versa 4
2026-06-03T00:35:56Z,78.0,Versa 4
2026-06-03T00:35:59Z,78.0,Versa 4
2026-06-03T00:36:02Z,78.0,Versa 4
2026-06-03T00:36:05Z,78.0,Versa 4
2026-06-03T00:36:06Z,79.0,Versa 4
2026-06-03T00:36:09Z,79.0,Versa 4
2026-06-03T00:36:10Z,79.0,Versa 4
2026-06-03T00:36:12Z,78.0,Versa 4
2026-06-03T00:36:14Z,78.0,Versa 4
2026-06-03T00:36:16Z,80.0,Versa 4
2026-06-03T00:36:18Z,81.0,Versa 4
2026-06-03T00:36:19Z,82.0,Versa 4
2026-06-03T00:36:21Z,84.0,Versa 4
2026-06-03T00:36:24Z,84.0,Versa 4
2026-06-03T00:36:27Z,84.0,Versa 4
2026-06-03T00:36:29Z,82.0,Versa 4
2026-06-03T00:36:32Z,82.0,Versa 4
2026-06-03T00:36:35Z,82.0,Versa 4
2026-06-03T00:36:37Z,81.0,Versa 4
2026-06-03T00:36:39Z,80.0,Versa 4
2026-06-03T00:36:42Z,80.0,Versa 4
2026-06-03T00:36:43Z,79.0,Versa 4
2026-06-03T00:36:46Z,78.0,Versa 4
2026-06-03T00:36:49Z,78.0,Versa 4
2026-06-03T00:36:50Z,77.0,Versa 4
2026-06-03T00:36:52Z,78.0,Versa 4
2026-06-03T00:36:55Z,78.0,Versa 4
2026-06-03T00:36:56Z,77.0,Versa 4
2026-06-03T00:36:59Z,77.0,Versa 4
2026-06-03T00:37:02Z,78.0,Versa 4
2026-06-03T00:37:05Z,78.0,Versa 4
2026-06-03T00:37:08Z,78.0,Versa 4
2026-06-03T00:37:11Z,78.0,Versa 4
2026-06-03T00:37:13Z,79.0,Versa 4
2026-06-03T00:37:16Z,79.0,Versa 4
2026-06-03T00:37:17Z,80.0,Versa 4
2026-06-03T00:37:20Z,80.0,Versa 4
2026-06-03T00:37:21Z,81.0,Versa 4
2026-06-03T00:37:23Z,82.0,Versa 4
2026-06-03T00:37:25Z,84.0,Versa 4
2026-06-03T00:37:28Z,84.0,Versa 4
2026-06-03T00:37:31Z,84.0,Versa 4
2026-06-03T00:37:32Z,82.0,Versa 4
2026-06-03T00:37:35Z,82.0,Versa 4
2026-06-03T00:37:36Z,82.0,Versa 4
2026-06-03T00:37:38Z,82.0,Versa 4
2026-06-03T00:37:40Z,81.0,Versa 4
2026-06-03T00:37:43Z,81.0,Versa 4
2026-06-03T00:37:44Z,80.0,Versa 4
2026-06-03T00:37:47Z,80.0,Versa 4
2026-06-03T00:37:50Z,80.0,Versa 4
2026-06-03T00:37:53Z,80.0,Versa 4
2026-06-03T00:37:56Z,80.0,Versa 4
2026-06-03T00:37:59Z,80.0,Versa 4
2026-06-03T00:38:01Z,81.0,Versa 4
2026-06-03T00:38:04Z,81.0,Versa 4
2026-06-03T00:38:05Z,82.0,Versa 4
2026-06-03T00:38:08Z,82.0,Versa 4
2026-06-03T00:38:11Z,82.0,Versa 4
2026-06-03T00:38:13Z,81.0,Versa 4
2026-06-03T00:38:15Z,81.0,Versa 4
2026-06-03T00:38:17Z,80.0,Versa 4
2026-06-03T00:38:20Z,80.0,Versa 4
2026-06-03T00:38:23Z,80.0,Versa 4
2026-06-03T00:38:26Z,80.0,Versa 4
2026-06-03T00:38:28Z,79.0,Versa 4
2026-06-03T00:38:31Z,79.0,Versa 4
2026-06-03T00:38:34Z,78.0,Versa 4
2026-06-03T00:38:37Z,78.0,Versa 4
2026-06-03T00:38:40Z,78.0,Versa 4
2026-06-03T00:38:43Z,78.0,Versa 4
2026-06-03T00:38:46Z,78.0,Versa 4
2026-06-03T00:38:49Z,78.0,Versa 4
2026-06-03T00:38:52Z,78.0,Versa 4
2026-06-03T00:38:55Z,78.0,Versa 4
2026-06-03T00:38:58Z,78.0,Versa 4
2026-06-03T00:39:01Z,78.0,Versa 4
2026-06-03T00:39:04Z,78.0,Versa 4
2026-06-03T00:39:07Z,79.0,Versa 4
2026-06-03T00:39:10Z,78.0,Versa 4
2026-06-03T00:39:12Z,78.0,Versa 4
2026-06-03T00:39:14Z,77.0,Versa 4
2026-06-03T00:39:16Z,76.0,Versa 4
2026-06-03T00:39:19Z,76.0,Versa 4
2026-06-03T00:39:22Z,76.0,Versa 4
2026-06-03T00:39:24Z,76.0,Versa 4
2026-06-03T00:39:26Z,78.0,Versa 4
2026-06-03T00:39:28Z,79.0,Versa 4
2026-06-03T00:39:30Z,81.0,Versa 4
2026-06-03T00:39:31Z,82.0,Versa 4
2026-06-03T00:39:34Z,82.0,Versa 4
2026-06-03T00:39:35Z,81.0,Versa 4
2026-06-03T00:39:37Z,80.0,Versa 4
2026-06-03T00:39:40Z,80.0,Versa 4
2026-06-03T00:39:41Z,79.0,Versa 4
2026-06-03T00:39:43Z,78.0,Versa 4
2026-06-03T00:39:45Z,78.0,Versa 4
2026-06-03T00:39:48Z,78.0,Versa 4
2026-06-03T00:39:51Z,77.0,Versa 4
2026-06-03T00:39:53Z,76.0,Versa 4
2026-06-03T00:39:55Z,77.0,Versa 4
2026-06-03T00:39:56Z,78.0,Versa 4
2026-06-03T00:39:58Z,80.0,Versa 4
2026-06-03T00:40:01Z,80.0,Versa 4
2026-06-03T00:40:02Z,79.0,Versa 4
2026-06-03T00:40:04Z,78.0,Versa 4
2026-06-03T00:40:07Z,78.0,Versa 4
2026-06-03T00:40:10Z,78.0,Versa 4
2026-06-03T00:40:13Z,78.0,Versa 4
2026-06-03T00:40:16Z,79.0,Versa 4
2026-06-03T00:40:18Z,80.0,Versa 4
2026-06-03T00:40:19Z,80.0,Versa 4
2026-06-03T00:40:22Z,80.0,Versa 4
2026-06-03T00:40:25Z,80.0,Versa 4
2026-06-03T00:40:27Z,81.0,Versa 4
2026-06-03T00:40:29Z,80.0,Versa 4
2026-06-03T00:40:31Z,80.0,Versa 4
2026-06-03T00:40:33Z,80.0,Versa 4
2026-06-03T00:40:36Z,80.0,Versa 4
2026-06-03T00:40:37Z,81.0,Versa 4
2026-06-03T00:40:39Z,82.0,Versa 4
2026-06-03T00:40:41Z,81.0,Versa 4
2026-06-03T00:40:43Z,80.0,Versa 4
2026-06-03T00:40:46Z,80.0,Versa 4
2026-06-03T00:40:49Z,80.0,Versa 4
2026-06-03T00:40:50Z,79.0,Versa 4
2026-06-03T00:40:53Z,79.0,Versa 4
2026-06-03T00:40:54Z,78.0,Versa 4
2026-06-03T00:40:57Z,78.0,Versa 4
2026-06-03T00:41:00Z,78.0,Versa 4
2026-06-03T00:41:03Z,78.0,Versa 4
2026-06-03T00:41:06Z,78.0,Versa 4
2026-06-03T00:41:07Z,79.0,Versa 4
2026-06-03T00:41:10Z,79.0,Versa 4
2026-06-03T00:41:13Z,79.0,Versa 4
2026-06-03T00:41:15Z,78.0,Versa 4
2026-06-03T00:41:18Z,78.0,Versa 4
2026-06-03T00:41:21Z,78.0,Versa 4
2026-06-03T00:41:24Z,78.0,Versa 4
2026-06-03T00:41:27Z,78.0,Versa 4
2026-06-03T00:41:30Z,78.0,Versa 4
2026-06-03T00:41:31Z,78.0,Versa 4
2026-06-03T00:41:34Z,78.0,Versa 4
2026-06-03T00:41:36Z,79.0,Versa 4
2026-06-03T00:41:39Z,79.0,Versa 4
2026-06-03T00:41:40Z,78.0,Versa 4
2026-06-03T00:41:43Z,78.0,Versa 4
2026-06-03T00:41:46Z,78.0,Versa 4
2026-06-03T00:41:49Z,78.0,Versa 4
2026-06-03T00:41:52Z,78.0,Versa 4
2026-06-03T00:41:55Z,78.0,Versa 4
2026-06-03T00:41:57Z,78.0,Versa 4
2026-06-03T00:41:59Z,80.0,Versa 4
2026-06-03T00:42:02Z,80.0,Versa 4
2026-06-03T00:42:03Z,81.0,Versa 4
2026-06-03T00:42:05Z,87.0,Versa 4
2026-06-03T00:42:07Z,93.0,Versa 4
2026-06-03T00:42:09Z,95.0,Versa 4
2026-06-03T00:42:11Z,96.0,Versa 4
2026-06-03T00:42:13Z,97.0,Versa 4
2026-06-03T00:42:15Z,96.0,Versa 4
2026-06-03T00:42:17Z,92.0,Versa 4
2026-06-03T00:42:19Z,87.0,Versa 4
2026-06-03T00:42:20Z,84.0,Versa 4
2026-06-03T00:42:23Z,84.0,Versa 4
2026-06-03T00:42:24Z,82.0,Versa 4
2026-06-03T00:42:27Z,82.0,Versa 4
2026-06-03T00:42:28Z,81.0,Versa 4
2026-06-03T00:42:30Z,80.0,Versa 4
2026-06-03T00:42:32Z,79.0,Versa 4
2026-06-03T00:42:35Z,79.0,Versa 4
2026-06-03T00:42:36Z,79.0,Versa 4
2026-06-03T00:42:38Z,79.0,Versa 4
2026-06-03T00:42:40Z,78.0,Versa 4
2026-06-03T00:42:43Z,79.0,Versa 4
2026-06-03T00:42:45Z,80.0,Versa 4
2026-06-03T00:42:47Z,79.0,Versa 4
2026-06-03T00:42:49Z,78.0,Versa 4
2026-06-03T00:42:52Z,78.0,Versa 4
2026-06-03T00:42:53Z,79.0,Versa 4
2026-06-03T00:42:55Z,80.0,Versa 4
2026-06-03T00:42:58Z,80.0,Versa 4
2026-06-03T00:42:59Z,81.0,Versa 4
2026-06-03T00:43:01Z,80.0,Versa 4
2026-06-03T00:43:04Z,80.0,Versa 4
2026-06-03T00:43:07Z,80.0,Versa 4
2026-06-03T00:43:08Z,81.0,Versa 4
2026-06-03T00:43:10Z,80.0,Versa 4
2026-06-03T00:43:13Z,80.0,Versa 4
2026-06-03T00:43:14Z,78.0,Versa 4
2026-06-03T00:43:16Z,78.0,Versa 4
2026-06-03T00:43:18Z,76.0,Versa 4
2026-06-03T00:43:21Z,76.0,Versa 4
2026-06-03T00:43:24Z,76.0,Versa 4
2026-06-03T00:43:26Z,77.0,Versa 4
2026-06-03T00:43:28Z,79.0,Versa 4
2026-06-03T00:43:30Z,84.0,Versa 4
2026-06-03T00:43:31Z,88.0,Versa 4
2026-06-03T00:43:33Z,91.0,Versa 4
2026-06-03T00:43:35Z,94.0,Versa 4
2026-06-03T00:43:37Z,86.0,Versa 4
2026-06-03T00:43:40Z,86.0,Versa 4
2026-06-03T00:43:41Z,83.0,Versa 4
2026-06-03T00:43:43Z,82.0,Versa 4
2026-06-03T00:43:45Z,81.0,Versa 4
2026-06-03T00:43:48Z,81.0,Versa 4
2026-06-03T00:43:49Z,79.0,Versa 4
2026-06-03T00:43:51Z,78.0,Versa 4
2026-06-03T00:43:53Z,79.0,Versa 4
2026-06-03T00:43:56Z,80.0,Versa 4
2026-06-03T00:43:59Z,80.0,Versa 4
2026-06-03T00:44:00Z,81.0,Versa 4
2026-06-03T00:44:02Z,82.0,Versa 4
2026-06-03T00:44:04Z,84.0,Versa 4
2026-06-03T00:44:06Z,88.0,Versa 4
2026-06-03T00:44:08Z,89.0,Versa 4
2026-06-03T00:44:10Z,91.0,Versa 4
2026-06-03T00:44:12Z,90.0,Versa 4
2026-06-03T00:44:14Z,89.0,Versa 4
2026-06-03T00:44:16Z,87.0,Versa 4
2026-06-03T00:44:18Z,86.0,Versa 4
2026-06-03T00:44:19Z,84.0,Versa 4
2026-06-03T00:44:21Z,85.0,Versa 4
2026-06-03T00:44:23Z,86.0,Versa 4
2026-06-03T00:44:26Z,86.0,Versa 4
2026-06-03T00:44:29Z,85.0,Versa 4
2026-06-03T00:44:31Z,84.0,Versa 4
2026-06-03T00:44:33Z,83.0,Versa 4
2026-06-03T00:44:35Z,82.0,Versa 4
2026-06-03T00:44:38Z,82.0,Versa 4
2026-06-03T00:44:39Z,80.0,Versa 4
2026-06-03T00:44:41Z,81.0,Versa 4
2026-06-03T00:44:43Z,80.0,Versa 4
2026-06-03T00:44:46Z,80.0,Versa 4
2026-06-03T00:44:48Z,80.0,Versa 4
2026-06-03T00:44:50Z,79.0,Versa 4
2026-06-03T00:44:52Z,80.0,Versa 4
2026-06-03T00:44:55Z,80.0,Versa 4
2026-06-03T00:44:58Z,80.0,Versa 4
2026-06-03T00:45:00Z,81.0,Versa 4
2026-06-03T00:45:02Z,82.0,Versa 4
2026-06-03T00:45:05Z,82.0,Versa 4
2026-06-03T00:45:06Z,81.0,Versa 4
2026-06-03T00:45:07Z,80.0,Versa 4
2026-06-03T00:45:09Z,78.0,Versa 4
2026-06-03T00:45:11Z,78.0,Versa 4
2026-06-03T00:45:14Z,78.0,Versa 4
2026-06-03T00:45:15Z,77.0,Versa 4
2026-06-03T00:45:18Z,77.0,Versa 4
2026-06-03T00:45:19Z,77.0,Versa 4
2026-06-03T00:45:21Z,76.0,Versa 4
2026-06-03T00:45:24Z,76.0,Versa 4
2026-06-03T00:45:27Z,76.0,Versa 4
2026-06-03T00:45:30Z,76.0,Versa 4
2026-06-03T00:45:33Z,76.0,Versa 4
2026-06-03T00:45:36Z,77.0,Versa 4
2026-06-03T00:45:38Z,78.0,Versa 4
2026-06-03T00:45:40Z,80.0,Versa 4
2026-06-03T00:45:42Z,84.0,Versa 4
2026-06-03T00:45:45Z,84.0,Versa 4
2026-06-03T00:45:48Z,83.0,Versa 4
2026-06-03T00:45:50Z,82.0,Versa 4
2026-06-03T00:45:52Z,81.0,Versa 4
2026-06-03T00:45:54Z,80.0,Versa 4
2026-06-03T00:45:55Z,80.0,Versa 4
2026-06-03T00:45:57Z,80.0,Versa 4
2026-06-03T00:45:59Z,79.0,Versa 4
2026-06-03T00:46:01Z,78.0,Versa 4
2026-06-03T00:46:04Z,78.0,Versa 4
2026-06-03T00:46:05Z,79.0,Versa 4
2026-06-03T00:46:07Z,80.0,Versa 4
2026-06-03T00:46:09Z,82.0,Versa 4
2026-06-03T00:46:11Z,81.0,Versa 4
2026-06-03T00:46:13Z,80.0,Versa 4
2026-06-03T00:46:15Z,78.0,Versa 4
2026-06-03T00:46:18Z,78.0,Versa 4
2026-06-03T00:46:19Z,78.0,Versa 4
2026-06-03T00:46:20Z,78.0,Versa 4
2026-06-03T00:46:23Z,78.0,Versa 4
2026-06-03T00:46:26Z,78.0,Versa 4
2026-06-03T00:46:29Z,78.0,Versa 4
2026-06-03T00:46:30Z,78.0,Versa 4
2026-06-03T00:46:33Z,78.0,Versa 4
2026-06-03T00:46:34Z,80.0,Versa 4
2026-06-03T00:46:36Z,81.0,Versa 4
2026-06-03T00:46:38Z,82.0,Versa 4
2026-06-03T00:46:41Z,82.0,Versa 4
2026-06-03T00:46:42Z,81.0,Versa 4
2026-06-03T00:46:43Z,80.0,Versa 4
2026-06-03T00:46:45Z,80.0,Versa 4
2026-06-03T00:46:48Z,80.0,Versa 4
2026-06-03T00:46:51Z,80.0,Versa 4
2026-06-03T00:46:53Z,79.0,Versa 4
2026-06-03T00:46:55Z,78.0,Versa 4
2026-06-03T00:46:58Z,78.0,Versa 4
2026-06-03T00:47:01Z,78.0,Versa 4
2026-06-03T00:47:03Z,77.0,Versa 4
2026-06-03T00:47:06Z,77.0,Versa 4
2026-06-03T00:47:07Z,78.0,Versa 4
2026-06-03T00:47:08Z,78.0,Versa 4
2026-06-03T00:47:10Z,77.0,Versa 4
2026-06-03T00:47:13Z,77.0,Versa 4
2026-06-03T00:47:16Z,78.0,Versa 4
2026-06-03T00:47:18Z,78.0,Versa 4
2026-06-03T00:47:21Z,78.0,Versa 4
2026-06-03T00:47:24Z,78.0,Versa 4
2026-06-03T00:47:27Z,78.0,Versa 4
2026-06-03T00:47:30Z,78.0,Versa 4
2026-06-03T00:47:33Z,79.0,Versa 4
2026-06-03T00:47:35Z,80.0,Versa 4
2026-06-03T00:47:38Z,80.0,Versa 4
2026-06-03T00:47:39Z,81.0,Versa 4
2026-06-03T00:47:41Z,82.0,Versa 4
2026-06-03T00:47:43Z,82.0,Versa 4
2026-06-03T00:47:45Z,81.0,Versa 4
2026-06-03T00:47:47Z,80.0,Versa 4
2026-06-03T00:47:49Z,80.0,Versa 4
2026-06-03T00:47:52Z,80.0,Versa 4
2026-06-03T00:47:55Z,80.0,Versa 4
2026-06-03T00:47:58Z,80.0,Versa 4
2026-06-03T00:48:01Z,80.0,Versa 4
2026-06-03T00:48:04Z,80.0,Versa 4
2026-06-03T00:48:07Z,80.0,Versa 4
2026-06-03T00:48:10Z,81.0,Versa 4
2026-06-03T00:48:13Z,81.0,Versa 4
2026-06-03T00:48:14Z,81.0,Versa 4
2026-06-03T00:48:16Z,81.0,Versa 4
2026-06-03T00:48:18Z,82.0,Versa 4
2026-06-03T00:48:21Z,83.0,Versa 4
2026-06-03T00:48:23Z,85.0,Versa 4
2026-06-03T00:48:25Z,88.0,Versa 4
2026-06-03T00:48:27Z,90.0,Versa 4
2026-06-03T00:48:30Z,90.0,Versa 4
2026-06-03T00:48:33Z,88.0,Versa 4
2026-06-03T00:48:35Z,86.0,Versa 4
2026-06-03T00:48:37Z,85.0,Versa 4
2026-06-03T00:48:39Z,83.0,Versa 4
2026-06-03T00:48:41Z,82.0,Versa 4
2026-06-03T00:48:44Z,82.0,Versa 4
2026-06-03T00:48:46Z,81.0,Versa 4
2026-06-03T00:48:48Z,82.0,Versa 4
2026-06-03T00:48:51Z,82.0,Versa 4
2026-06-03T00:48:52Z,84.0,Versa 4
2026-06-03T00:48:54Z,85.0,Versa 4
2026-06-03T00:48:56Z,84.0,Versa 4
2026-06-03T00:48:58Z,83.0,Versa 4
2026-06-03T00:49:00Z,82.0,Versa 4
2026-06-03T00:49:02Z,82.0,Versa 4
2026-06-03T00:49:04Z,82.0,Versa 4
2026-06-03T00:49:06Z,82.0,Versa 4
2026-06-03T00:49:09Z,82.0,Versa 4
2026-06-03T00:49:11Z,82.0,Versa 4
2026-06-03T00:49:14Z,82.0,Versa 4
2026-06-03T00:49:15Z,81.0,Versa 4
2026-06-03T00:49:17Z,82.0,Versa 4
2026-06-03T00:49:20Z,82.0,Versa 4
2026-06-03T00:49:21Z,83.0,Versa 4
2026-06-03T00:49:23Z,85.0,Versa 4
2026-06-03T00:49:25Z,84.0,Versa 4
2026-06-03T00:49:27Z,83.0,Versa 4
2026-06-03T00:49:29Z,92.0,Versa 4
2026-06-03T00:49:31Z,97.0,Versa 4
2026-06-03T00:49:32Z,96.0,Versa 4
2026-06-03T00:49:34Z,92.0,Versa 4
2026-06-03T00:49:36Z,89.0,Versa 4
2026-06-03T00:49:38Z,87.0,Versa 4
2026-06-03T00:49:41Z,87.0,Versa 4
2026-06-03T00:49:44Z,86.0,Versa 4
2026-06-03T00:49:46Z,83.0,Versa 4
2026-06-03T00:49:48Z,82.0,Versa 4
2026-06-03T00:49:51Z,82.0,Versa 4
2026-06-03T00:49:54Z,83.0,Versa 4
2026-06-03T00:49:55Z,83.0,Versa 4
2026-06-03T00:49:57Z,82.0,Versa 4
2026-06-03T00:50:00Z,82.0,Versa 4
2026-06-03T00:50:03Z,84.0,Versa 4
2026-06-03T00:50:06Z,84.0,Versa 4
2026-06-03T00:50:07Z,83.0,Versa 4
2026-06-03T00:50:09Z,81.0,Versa 4
2026-06-03T00:50:11Z,80.0,Versa 4
2026-06-03T00:50:14Z,80.0,Versa 4
2026-06-03T00:50:17Z,79.0,Versa 4
2026-06-03T00:50:19Z,78.0,Versa 4
2026-06-03T00:50:20Z,78.0,Versa 4
2026-06-03T00:50:23Z,78.0,Versa 4
2026-06-03T00:50:26Z,78.0,Versa 4
2026-06-03T00:50:29Z,78.0,Versa 4
2026-06-03T00:50:30Z,77.0,Versa 4
2026-06-03T00:50:32Z,78.0,Versa 4
2026-06-03T00:50:35Z,78.0,Versa 4
2026-06-03T00:50:38Z,78.0,Versa 4
2026-06-03T00:50:40Z,80.0,Versa 4
2026-06-03T00:50:42Z,80.0,Versa 4
2026-06-03T00:50:45Z,79.0,Versa 4
2026-06-03T00:50:47Z,78.0,Versa 4
2026-06-03T00:50:49Z,77.0,Versa 4
2026-06-03T00:50:52Z,77.0,Versa 4
2026-06-03T00:50:55Z,77.0,Versa 4
2026-06-03T00:50:57Z,76.0,Versa 4
2026-06-03T00:51:00Z,76.0,Versa 4
2026-06-03T00:51:03Z,78.0,Versa 4
2026-06-03T00:51:06Z,78.0,Versa 4
2026-06-03T00:51:09Z,78.0,Versa 4
2026-06-03T00:51:12Z,78.0,Versa 4
2026-06-03T00:51:15Z,78.0,Versa 4
2026-06-03T00:51:18Z,78.0,Versa 4
2026-06-03T00:51:21Z,78.0,Versa 4
2026-06-03T00:51:24Z,80.0,Versa 4
2026-06-03T00:51:27Z,80.0,Versa 4
2026-06-03T00:51:30Z,80.0,Versa 4
2026-06-03T00:51:31Z,80.0,Versa 4
2026-06-03T00:51:34Z,80.0,Versa 4
2026-06-03T00:51:37Z,79.0,Versa 4
2026-06-03T00:51:39Z,78.0,Versa 4
2026-06-03T00:51:42Z,78.0,Versa 4
2026-06-03T00:51:45Z,78.0,Versa 4
2026-06-03T00:51:48Z,78.0,Versa 4
2026-06-03T00:51:51Z,78.0,Versa 4
2026-06-03T00:51:54Z,78.0,Versa 4
2026-06-03T00:51:57Z,78.0,Versa 4
2026-06-03T00:52:00Z,77.0,Versa 4
2026-06-03T00:52:02Z,78.0,Versa 4
2026-06-03T00:52:04Z,80.0,Versa 4
2026-06-03T00:52:06Z,80.0,Versa 4
2026-06-03T00:52:08Z,82.0,Versa 4
2026-06-03T00:52:10Z,83.0,Versa 4
2026-06-03T00:52:12Z,82.0,Versa 4
2026-06-03T00:52:15Z,82.0,Versa 4
2026-06-03T00:52:16Z,81.0,Versa 4
2026-06-03T00:52:18Z,80.0,Versa 4
2026-06-03T00:52:21Z,80.0,Versa 4
2026-06-03T00:52:23Z,79.0,Versa 4
2026-06-03T00:52:26Z,79.0,Versa 4
2026-06-03T00:52:29Z,79.0,Versa 4
2026-06-03T00:52:32Z,79.0,Versa 4
2026-06-03T00:52:35Z,78.0,Versa 4
2026-06-03T00:52:38Z,78.0,Versa 4
2026-06-03T00:52:39Z,78.0,Versa 4
2026-06-03T00:52:42Z,78.0,Versa 4
2026-06-03T00:52:43Z,77.0,Versa 4
2026-06-03T00:52:46Z,77.0,Versa 4
2026-06-03T00:52:49Z,77.0,Versa 4
2026-06-03T00:52:50Z,78.0,Versa 4
2026-06-03T00:52:52Z,79.0,Versa 4
2026-06-03T00:52:54Z,80.0,Versa 4
2026-06-03T00:52:56Z,82.0,Versa 4
2026-06-03T00:52:59Z,82.0,Versa 4
2026-06-03T00:53:00Z,83.0,Versa 4
2026-06-03T00:53:03Z,83.0,Versa 4
2026-06-03T00:53:04Z,82.0,Versa 4
2026-06-03T00:53:07Z,82.0,Versa 4
2026-06-03T00:53:10Z,82.0,Versa 4
2026-06-03T00:53:11Z,83.0,Versa 4
2026-06-03T00:53:14Z,83.0,Versa 4
2026-06-03T00:53:15Z,82.0,Versa 4
2026-06-03T00:53:17Z,80.0,Versa 4
2026-06-03T00:53:20Z,80.0,Versa 4
2026-06-03T00:53:21Z,79.0,Versa 4
2026-06-03T00:53:24Z,79.0,Versa 4
2026-06-03T00:53:27Z,79.0,Versa 4
2026-06-03T00:53:29Z,78.0,Versa 4
2026-06-03T00:53:32Z,78.0,Versa 4
2026-06-03T00:53:35Z,78.0,Versa 4
2026-06-03T00:53:38Z,78.0,Versa 4
2026-06-03T00:53:40Z,79.0,Versa 4
2026-06-03T00:53:42Z,80.0,Versa 4
2026-06-03T00:53:45Z,80.0,Versa 4
2026-06-03T00:53:48Z,79.0,Versa 4
2026-06-03T00:53:50Z,78.0,Versa 4
2026-06-03T00:53:53Z,78.0,Versa 4
2026-06-03T00:53:56Z,78.0,Versa 4
2026-06-03T00:53:59Z,78.0,Versa 4
2026-06-03T00:54:02Z,78.0,Versa 4
2026-06-03T00:54:03Z,77.0,Versa 4
2026-06-03T00:54:05Z,76.0,Versa 4
2026-06-03T00:54:08Z,76.0,Versa 4
2026-06-03T00:54:11Z,76.0,Versa 4
2026-06-03T00:54:14Z,76.0,Versa 4
2026-06-03T00:54:15Z,77.0,Versa 4
2026-06-03T00:54:18Z,77.0,Versa 4
2026-06-03T00:54:19Z,78.0,Versa 4
2026-06-03T00:54:22Z,78.0,Versa 4
2026-06-03T00:54:25Z,78.0,Versa 4
2026-06-03T00:54:28Z,79.0,Versa 4
2026-06-03T00:54:31Z,79.0,Versa 4
2026-06-03T00:54:34Z,79.0,Versa 4
2026-06-03T00:54:37Z,79.0,Versa 4
2026-06-03T00:54:40Z,80.0,Versa 4
2026-06-03T00:54:43Z,79.0,Versa 4
2026-06-03T00:54:45Z,78.0,Versa 4
2026-06-03T00:54:48Z,78.0,Versa 4
2026-06-03T00:54:49Z,78.0,Versa 4
2026-06-03T00:54:52Z,78.0,Versa 4
2026-06-03T00:54:55Z,78.0,Versa 4
2026-06-03T00:54:58Z,78.0,Versa 4
2026-06-03T00:55:01Z,78.0,Versa 4
2026-06-03T00:55:04Z,78.0,Versa 4
2026-06-03T00:55:05Z,78.0,Versa 4
2026-06-03T00:55:07Z,79.0,Versa 4
2026-06-03T00:55:08Z,80.0,Versa 4
2026-06-03T00:55:10Z,82.0,Versa 4
2026-06-03T00:55:13Z,82.0,Versa 4
2026-06-03T00:55:16Z,82.0,Versa 4
2026-06-03T00:55:19Z,82.0,Versa 4
2026-06-03T00:55:22Z,81.0,Versa 4
2026-06-03T00:55:25Z,81.0,Versa 4
2026-06-03T00:55:26Z,80.0,Versa 4
2026-06-03T00:55:29Z,80.0,Versa 4
2026-06-03T00:55:32Z,80.0,Versa 4
2026-06-03T00:55:33Z,79.0,Versa 4
2026-06-03T00:55:36Z,79.0,Versa 4
2026-06-03T00:55:39Z,78.0,Versa 4
2026-06-03T00:55:42Z,78.0,Versa 4
2026-06-03T00:55:45Z,78.0,Versa 4
2026-06-03T00:55:47Z,79.0,Versa 4
2026-06-03T00:55:49Z,80.0,Versa 4
2026-06-03T00:55:51Z,81.0,Versa 4
2026-06-03T00:55:53Z,82.0,Versa 4
2026-06-03T00:55:55Z,83.0,Versa 4
2026-06-03T00:55:56Z,84.0,Versa 4
2026-06-03T00:55:58Z,83.0,Versa 4
2026-06-03T00:56:00Z,82.0,Versa 4
2026-06-03T00:56:02Z,81.0,Versa 4
2026-06-03T00:56:05Z,81.0,Versa 4
2026-06-03T00:56:08Z,81.0,Versa 4
2026-06-03T00:56:10Z,82.0,Versa 4
2026-06-03T00:56:13Z,82.0,Versa 4
2026-06-03T00:56:14Z,81.0,Versa 4
2026-06-03T00:56:17Z,81.0,Versa 4
2026-06-03T00:56:19Z,80.0,Versa 4
2026-06-03T00:56:22Z,80.0,Versa 4
2026-06-03T00:56:25Z,80.0,Versa 4
2026-06-03T00:56:28Z,80.0,Versa 4
2026-06-03T00:56:29Z,79.0,Versa 4
2026-06-03T00:56:31Z,78.0,Versa 4
2026-06-03T00:56:34Z,78.0,Versa 4
2026-06-03T00:56:37Z,79.0,Versa 4
2026-06-03T00:56:40Z,79.0,Versa 4
2026-06-03T00:56:43Z,78.0,Versa 4
2026-06-03T00:56:44Z,79.0,Versa 4
2026-06-03T00:56:47Z,79.0,Versa 4
2026-06-03T00:56:48Z,78.0,Versa 4
2026-06-03T00:56:50Z,78.0,Versa 4
2026-06-03T00:56:52Z,79.0,Versa 4
2026-06-03T00:56:54Z,81.0,Versa 4
2026-06-03T00:56:56Z,84.0,Versa 4
2026-06-03T00:56:58Z,85.0,Versa 4
2026-06-03T00:57:00Z,88.0,Versa 4
2026-06-03T00:57:02Z,87.0,Versa 4
2026-06-03T00:57:04Z,86.0,Versa 4
2026-06-03T00:57:06Z,84.0,Versa 4
2026-06-03T00:57:07Z,82.0,Versa 4
2026-06-03T00:57:09Z,82.0,Versa 4
2026-06-03T00:57:11Z,84.0,Versa 4
2026-06-03T00:57:13Z,85.0,Versa 4
2026-06-03T00:57:15Z,84.0,Versa 4
2026-06-03T00:57:17Z,80.0,Versa 4
2026-06-03T00:57:19Z,77.0,Versa 4
2026-06-03T00:57:21Z,78.0,Versa 4
2026-06-03T00:57:24Z,78.0,Versa 4
2026-06-03T00:57:25Z,77.0,Versa 4
2026-06-03T00:57:27Z,76.0,Versa 4
2026-06-03T00:57:30Z,76.0,Versa 4
2026-06-03T00:57:33Z,76.0,Versa 4
2026-06-03T00:57:36Z,76.0,Versa 4
2026-06-03T00:57:38Z,77.0,Versa 4
2026-06-03T00:57:40Z,78.0,Versa 4
2026-06-03T00:57:43Z,78.0,Versa 4
2026-06-03T00:57:46Z,78.0,Versa 4
2026-06-03T00:57:49Z,78.0,Versa 4
2026-06-03T00:57:52Z,78.0,Versa 4
2026-06-03T00:57:55Z,78.0,Versa 4
2026-06-03T00:57:57Z,79.0,Versa 4
2026-06-03T00:57:59Z,80.0,Versa 4
2026-06-03T00:58:02Z,80.0,Versa 4
2026-06-03T00:58:05Z,80.0,Versa 4
2026-06-03T00:58:08Z,80.0,Versa 4
2026-06-03T00:58:11Z,80.0,Versa 4
2026-06-03T00:58:14Z,80.0,Versa 4
2026-06-03T00:58:17Z,80.0,Versa 4
2026-06-03T00:58:19Z,80.0,Versa 4
2026-06-03T00:58:22Z,82.0,Versa 4
2026-06-03T00:58:25Z,82.0,Versa 4
2026-06-03T00:58:26Z,83.0,Versa 4
2026-06-03T00:58:28Z,82.0,Versa 4
2026-06-03T00:58:30Z,82.0,Versa 4
2026-06-03T00:58:33Z,82.0,Versa 4
2026-06-03T00:58:34Z,81.0,Versa 4
2026-06-03T00:58:36Z,80.0,Versa 4
2026-06-03T00:58:39Z,80.0,Versa 4
2026-06-03T00:58:42Z,80.0,Versa 4
2026-06-03T00:58:45Z,79.0,Versa 4
2026-06-03T00:58:48Z,79.0,Versa 4
2026-06-03T00:58:51Z,79.0,Versa 4
2026-06-03T00:58:54Z,79.0,Versa 4
2026-06-03T00:58:57Z,79.0,Versa 4
2026-06-03T00:59:00Z,79.0,Versa 4
2026-06-03T00:59:01Z,78.0,Versa 4
2026-06-03T00:59:04Z,78.0,Versa 4
2026-06-03T00:59:05Z,78.0,Versa 4
2026-06-03T00:59:08Z,78.0,Versa 4
2026-06-03T00:59:11Z,78.0,Versa 4
2026-06-03T00:59:12Z,77.0,Versa 4
2026-06-03T00:59:15Z,77.0,Versa 4
2026-06-03T00:59:18Z,78.0,Versa 4
2026-06-03T00:59:21Z,78.0,Versa 4
2026-06-03T00:59:22Z,78.0,Versa 4
2026-06-03T00:59:25Z,78.0,Versa 4
2026-06-03T00:59:26Z,80.0,Versa 4
2026-06-03T00:59:28Z,81.0,Versa 4
2026-06-03T00:59:30Z,83.0,Versa 4
2026-06-03T00:59:31Z,84.0,Versa 4
2026-06-03T00:59:34Z,84.0,Versa 4
2026-06-03T00:59:37Z,83.0,Versa 4
2026-06-03T00:59:39Z,82.0,Versa 4
2026-06-03T00:59:41Z,81.0,Versa 4
2026-06-03T00:59:43Z,80.0,Versa 4
2026-06-03T00:59:46Z,80.0,Versa 4
2026-06-03T00:59:49Z,80.0,Versa 4
2026-06-03T00:59:52Z,80.0,Versa 4
2026-06-03T00:59:53Z,79.0,Versa 4
2026-06-03T00:59:55Z,78.0,Versa 4
2026-06-03T00:59:58Z,78.0,Versa 4
2026-06-03T01:00:01Z,78.0,Versa 4
2026-06-03T01:00:02Z,77.0,Versa 4
2026-06-03T01:00:05Z,77.0,Versa 4
2026-06-03T01:00:06Z,77.0,Versa 4
2026-06-03T01:00:09Z,77.0,Versa 4
2026-06-03T01:00:10Z,77.0,Versa 4
2026-06-03T01:00:12Z,78.0,Versa 4
2026-06-03T01:00:14Z,79.0,Versa 4
2026-06-03T01:00:16Z,82.0,Versa 4
2026-06-03T01:00:18Z,83.0,Versa 4
2026-06-03T01:00:19Z,82.0,Versa 4
2026-06-03T01:00:21Z,80.0,Versa 4
2026-06-03T01:00:23Z,79.0,Versa 4
2026-06-03T01:00:25Z,78.0,Versa 4
2026-06-03T01:00:28Z,78.0,Versa 4
2026-06-03T01:00:31Z,78.0,Versa 4
2026-06-03T01:00:34Z,78.0,Versa 4
2026-06-03T01:00:37Z,78.0,Versa 4
2026-06-03T01:00:40Z,78.0,Versa 4
2026-06-03T01:00:43Z,78.0,Versa 4
2026-06-03T01:00:46Z,78.0,Versa 4
2026-06-03T01:00:48Z,79.0,Versa 4
2026-06-03T01:00:50Z,81.0,Versa 4
2026-06-03T01:00:52Z,82.0,Versa 4
2026-06-03T01:00:55Z,82.0,Versa 4
2026-06-03T01:00:58Z,82.0,Versa 4
2026-06-03T01:01:01Z,82.0,Versa 4
2026-06-03T01:01:02Z,81.0,Versa 4
2026-06-03T01:01:04Z,80.0,Versa 4
2026-06-03T01:01:07Z,79.0,Versa 4
2026-06-03T01:01:09Z,78.0,Versa 4
2026-06-03T01:01:12Z,78.0,Versa 4
2026-06-03T01:01:15Z,78.0,Versa 4
2026-06-03T01:01:18Z,78.0,Versa 4
2026-06-03T01:01:21Z,78.0,Versa 4
2026-06-03T01:01:24Z,78.0,Versa 4
2026-06-03T01:01:27Z,78.0,Versa 4
2026-06-03T01:01:30Z,78.0,Versa 4
2026-06-03T01:01:33Z,78.0,Versa 4
2026-06-03T01:01:36Z,80.0,Versa 4
2026-06-03T01:01:38Z,80.0,Versa 4
2026-06-03T01:01:40Z,82.0,Versa 4
2026-06-03T01:01:42Z,85.0,Versa 4
2026-06-03T01:01:44Z,87.0,Versa 4
2026-06-03T01:01:46Z,89.0,Versa 4
2026-06-03T01:01:48Z,92.0,Versa 4
2026-06-03T01:01:50Z,94.0,Versa 4
2026-06-03T01:01:52Z,90.0,Versa 4
2026-06-03T01:01:54Z,83.0,Versa 4
2026-06-03T01:01:55Z,81.0,Versa 4
2026-06-03T01:01:57Z,80.0,Versa 4
2026-06-03T01:01:59Z,79.0,Versa 4
2026-06-03T01:02:01Z,80.0,Versa 4
2026-06-03T01:02:03Z,78.0,Versa 4
2026-06-03T01:02:06Z,78.0,Versa 4
2026-06-03T01:02:07Z,77.0,Versa 4
2026-06-03T01:02:10Z,77.0,Versa 4
2026-06-03T01:02:11Z,77.0,Versa 4
2026-06-03T01:02:13Z,76.0,Versa 4
2026-06-03T01:02:16Z,76.0,Versa 4
2026-06-03T01:02:19Z,76.0,Versa 4
2026-06-03T01:02:22Z,76.0,Versa 4
2026-06-03T01:02:25Z,76.0,Versa 4
2026-06-03T01:02:28Z,76.0,Versa 4
2026-06-03T01:02:31Z,76.0,Versa 4
2026-06-03T01:02:34Z,76.0,Versa 4
2026-06-03T01:02:36Z,75.0,Versa 4
2026-06-03T01:02:39Z,75.0,Versa 4
2026-06-03T01:02:40Z,76.0,Versa 4
2026-06-03T01:02:42Z,75.0,Versa 4
2026-06-03T01:02:43Z,74.0,Versa 4
2026-06-03T01:02:46Z,74.0,Versa 4
2026-06-03T01:02:49Z,74.0,Versa 4
2026-06-03T01:02:51Z,75.0,Versa 4
2026-06-03T01:02:54Z,75.0,Versa 4
2026-06-03T01:02:57Z,75.0,Versa 4
2026-06-03T01:03:00Z,75.0,Versa 4
2026-06-03T01:03:01Z,76.0,Versa 4
2026-06-03T01:03:04Z,76.0,Versa 4
2026-06-03T01:03:07Z,76.0,Versa 4
2026-06-03T01:03:10Z,77.0,Versa 4
2026-06-03T01:03:12Z,78.0,Versa 4
2026-06-03T01:03:14Z,79.0,Versa 4
2026-06-03T01:03:16Z,81.0,Versa 4
2026-06-03T01:03:18Z,82.0,Versa 4
2026-06-03T01:03:20Z,84.0,Versa 4
2026-06-03T01:03:23Z,84.0,Versa 4
2026-06-03T01:03:26Z,84.0,Versa 4
2026-06-03T01:03:28Z,82.0,Versa 4
2026-06-03T01:03:30Z,81.0,Versa 4
2026-06-03T01:03:31Z,80.0,Versa 4
2026-06-03T01:03:33Z,79.0,Versa 4
2026-06-03T01:03:35Z,80.0,Versa 4
2026-06-03T01:03:37Z,82.0,Versa 4
2026-06-03T01:03:39Z,84.0,Versa 4
2026-06-03T01:03:41Z,87.0,Versa 4
2026-06-03T01:03:44Z,87.0,Versa 4
2026-06-03T01:03:45Z,86.0,Versa 4
2026-06-03T01:03:47Z,83.0,Versa 4
2026-06-03T01:03:49Z,82.0,Versa 4
2026-06-03T01:03:51Z,80.0,Versa 4
2026-06-03T01:03:54Z,80.0,Versa 4
2026-06-03T01:03:56Z,78.0,Versa 4
2026-06-03T01:03:58Z,77.0,Versa 4
2026-06-03T01:04:00Z,78.0,Versa 4
2026-06-03T01:04:03Z,78.0,Versa 4
2026-06-03T01:04:04Z,79.0,Versa 4
2026-06-03T01:04:07Z,79.0,Versa 4
2026-06-03T01:04:08Z,78.0,Versa 4
2026-06-03T01:04:11Z,78.0,Versa 4
2026-06-03T01:04:14Z,78.0,Versa 4
2026-06-03T01:04:16Z,78.0,Versa 4
2026-06-03T01:04:19Z,78.0,Versa 4
2026-06-03T01:04:21Z,79.0,Versa 4
2026-06-03T01:04:23Z,80.0,Versa 4
2026-06-03T01:04:25Z,83.0,Versa 4
2026-06-03T01:04:27Z,87.0,Versa 4
2026-06-03T01:04:29Z,89.0,Versa 4
2026-06-03T01:04:31Z,96.0,Versa 4
2026-06-03T01:04:33Z,100.0,Versa 4
2026-06-03T01:04:36Z,100.0,Versa 4
2026-06-03T01:04:39Z,97.0,Versa 4
2026-06-03T01:04:41Z,91.0,Versa 4
2026-06-03T01:04:44Z,90.0,Versa 4
2026-06-03T01:04:46Z,88.0,Versa 4
2026-06-03T01:04:48Z,86.0,Versa 4
2026-06-03T01:04:50Z,84.0,Versa 4
2026-06-03T01:04:52Z,82.0,Versa 4
2026-06-03T01:04:55Z,82.0,Versa 4
2026-06-03T01:04:56Z,81.0,Versa 4
2026-06-03T01:04:58Z,80.0,Versa 4
2026-06-03T01:05:01Z,80.0,Versa 4
2026-06-03T01:05:02Z,78.0,Versa 4
2026-06-03T01:05:05Z,78.0,Versa 4
2026-06-03T01:05:07Z,79.0,Versa 4
2026-06-03T01:05:09Z,78.0,Versa 4
2026-06-03T01:05:11Z,79.0,Versa 4
2026-06-03T01:05:13Z,78.0,Versa 4
2026-06-03T01:05:15Z,79.0,Versa 4
2026-06-03T01:05:17Z,80.0,Versa 4
2026-06-03T01:05:20Z,80.0,Versa 4
2026-06-03T01:05:21Z,82.0,Versa 4
2026-06-03T01:05:24Z,82.0,Versa 4
2026-06-03T01:05:25Z,83.0,Versa 4
2026-06-03T01:05:27Z,82.0,Versa 4
2026-06-03T01:05:30Z,82.0,Versa 4
2026-06-03T01:05:31Z,81.0,Versa 4
2026-06-03T01:05:32Z,81.0,Versa 4
2026-06-03T01:05:34Z,80.0,Versa 4
2026-06-03T01:05:37Z,80.0,Versa 4
2026-06-03T01:05:40Z,80.0,Versa 4
2026-06-03T01:05:43Z,80.0,Versa 4
2026-06-03T01:05:46Z,81.0,Versa 4
2026-06-03T01:05:48Z,82.0,Versa 4
2026-06-03T01:05:51Z,82.0,Versa 4
2026-06-03T01:05:54Z,82.0,Versa 4
2026-06-03T01:05:55Z,81.0,Versa 4
2026-06-03T01:05:57Z,80.0,Versa 4
2026-06-03T01:06:00Z,80.0,Versa 4
2026-06-03T01:06:03Z,80.0,Versa 4
2026-06-03T01:06:06Z,80.0,Versa 4
2026-06-03T01:06:09Z,80.0,Versa 4
2026-06-03T01:06:12Z,80.0,Versa 4
2026-06-03T01:06:15Z,80.0,Versa 4
2026-06-03T01:06:18Z,80.0,Versa 4
2026-06-03T01:06:19Z,80.0,Versa 4
2026-06-03T01:06:22Z,82.0,Versa 4
2026-06-03T01:06:24Z,83.0,Versa 4
2026-06-03T01:06:26Z,84.0,Versa 4
2026-06-03T01:06:28Z,83.0,Versa 4
2026-06-03T01:06:30Z,82.0,Versa 4
2026-06-03T01:06:33Z,82.0,Versa 4
2026-06-03T01:06:34Z,81.0,Versa 4
2026-06-03T01:06:36Z,81.0,Versa 4
2026-06-03T01:06:38Z,80.0,Versa 4
2026-06-03T01:06:41Z,80.0,Versa 4
2026-06-03T01:06:42Z,81.0,Versa 4
2026-06-03T01:06:43Z,82.0,Versa 4
2026-06-03T01:06:46Z,82.0,Versa 4
2026-06-03T01:06:49Z,82.0,Versa 4
2026-06-03T01:06:52Z,82.0,Versa 4
2026-06-03T01:06:53Z,81.0,Versa 4
2026-06-03T01:06:55Z,81.0,Versa 4
2026-06-03T01:06:57Z,80.0,Versa 4
2026-06-03T01:06:59Z,81.0,Versa 4
2026-06-03T01:07:02Z,81.0,Versa 4
2026-06-03T01:07:03Z,81.0,Versa 4
2026-06-03T01:07:06Z,81.0,Versa 4
2026-06-03T01:07:08Z,80.0,Versa 4
2026-06-03T01:07:11Z,80.0,Versa 4
2026-06-03T01:07:14Z,80.0,Versa 4
2026-06-03T01:07:16Z,81.0,Versa 4
2026-06-03T01:07:18Z,82.0,Versa 4
2026-06-03T01:07:20Z,83.0,Versa 4
2026-06-03T01:07:22Z,82.0,Versa 4
2026-06-03T01:07:25Z,82.0,Versa 4
2026-06-03T01:07:28Z,83.0,Versa 4
2026-06-03T01:07:31Z,83.0,Versa 4
2026-06-03T01:07:33Z,82.0,Versa 4
2026-06-03T01:07:36Z,82.0,Versa 4
2026-06-03T01:07:39Z,82.0,Versa 4
2026-06-03T01:07:42Z,82.0,Versa 4
2026-06-03T01:07:45Z,84.0,Versa 4
2026-06-03T01:07:47Z,88.0,Versa 4
2026-06-03T01:07:49Z,93.0,Versa 4
2026-06-03T01:07:51Z,95.0,Versa 4
2026-06-03T01:07:54Z,95.0,Versa 4
2026-06-03T01:07:55Z,94.0,Versa 4
2026-06-03T01:07:56Z,91.0,Versa 4
2026-06-03T01:07:58Z,90.0,Versa 4
2026-06-03T01:08:00Z,88.0,Versa 4
2026-06-03T01:08:02Z,86.0,Versa 4
2026-06-03T01:08:05Z,86.0,Versa 4
2026-06-03T01:08:06Z,84.0,Versa 4
2026-06-03T01:08:09Z,84.0,Versa 4
2026-06-03T01:08:12Z,84.0,Versa 4
2026-06-03T01:08:15Z,84.0,Versa 4
2026-06-03T01:08:16Z,85.0,Versa 4
2026-06-03T01:08:18Z,86.0,Versa 4
2026-06-03T01:08:19Z,85.0,Versa 4
2026-06-03T01:08:21Z,84.0,Versa 4
2026-06-03T01:08:23Z,83.0,Versa 4
2026-06-03T01:08:26Z,83.0,Versa 4
2026-06-03T01:08:27Z,83.0,Versa 4
2026-06-03T01:08:30Z,83.0,Versa 4
2026-06-03T01:08:33Z,83.0,Versa 4
2026-06-03T01:08:36Z,83.0,Versa 4
2026-06-03T01:08:39Z,82.0,Versa 4
2026-06-03T01:08:42Z,82.0,Versa 4
2026-06-03T01:08:45Z,82.0,Versa 4
2026-06-03T01:08:46Z,83.0,Versa 4
2026-06-03T01:08:49Z,83.0,Versa 4
2026-06-03T01:08:52Z,83.0,Versa 4
2026-06-03T01:08:54Z,84.0,Versa 4
2026-06-03T01:08:57Z,84.0,Versa 4
2026-06-03T01:09:00Z,84.0,Versa 4
2026-06-03T01:09:02Z,82.0,Versa 4
2026-06-03T01:09:05Z,82.0,Versa 4
2026-06-03T01:09:08Z,82.0,Versa 4
2026-06-03T01:09:09Z,83.0,Versa 4
2026-06-03T01:09:11Z,84.0,Versa 4
2026-06-03T01:09:14Z,84.0,Versa 4
2026-06-03T01:09:17Z,85.0,Versa 4
2026-06-03T01:09:19Z,87.0,Versa 4
2026-06-03T01:09:21Z,88.0,Versa 4
2026-06-03T01:09:23Z,90.0,Versa 4
2026-06-03T01:09:25Z,94.0,Versa 4
2026-06-03T01:09:27Z,96.0,Versa 4
2026-06-03T01:09:29Z,95.0,Versa 4
2026-06-03T01:09:31Z,93.0,Versa 4
2026-06-03T01:09:32Z,90.0,Versa 4
2026-06-03T01:09:34Z,88.0,Versa 4
2026-06-03T01:09:37Z,88.0,Versa 4
2026-06-03T01:09:38Z,86.0,Versa 4
2026-06-03T01:09:40Z,86.0,Versa 4
2026-06-03T01:09:42Z,85.0,Versa 4
2026-06-03T01:09:44Z,84.0,Versa 4
2026-06-03T01:09:47Z,84.0,Versa 4
2026-06-03T01:09:48Z,83.0,Versa 4
2026-06-03T01:09:50Z,82.0,Versa 4
2026-06-03T01:09:52Z,81.0,Versa 4
2026-06-03T01:09:54Z,80.0,Versa 4
2026-06-03T01:09:55Z,80.0,Versa 4
2026-06-03T01:09:57Z,79.0,Versa 4
2026-06-03T01:09:59Z,78.0,Versa 4
2026-06-03T01:10:02Z,78.0,Versa 4
2026-06-03T01:10:05Z,77.0,Versa 4
2026-06-03T01:10:07Z,78.0,Versa 4
2026-06-03T01:10:10Z,78.0,Versa 4
2026-06-03T01:10:11Z,80.0,Versa 4
2026-06-03T01:10:14Z,80.0,Versa 4
2026-06-03T01:10:17Z,80.0,Versa 4
2026-06-03T01:10:20Z,80.0,Versa 4
2026-06-03T01:10:22Z,80.0,Versa 4
2026-06-03T01:10:25Z,80.0,Versa 4
2026-06-03T01:10:26Z,81.0,Versa 4
2026-06-03T01:10:28Z,82.0,Versa 4
2026-06-03T01:10:30Z,83.0,Versa 4
2026-06-03T01:10:33Z,83.0,Versa 4
2026-06-03T01:10:34Z,82.0,Versa 4
2026-06-03T01:10:36Z,81.0,Versa 4
2026-06-03T01:10:38Z,80.0,Versa 4
2026-06-03T01:10:41Z,80.0,Versa 4
2026-06-03T01:10:44Z,80.0,Versa 4
2026-06-03T01:10:45Z,80.0,Versa 4
2026-06-03T01:10:47Z,79.0,Versa 4
2026-06-03T01:10:50Z,79.0,Versa 4
2026-06-03T01:10:51Z,80.0,Versa 4
2026-06-03T01:10:53Z,83.0,Versa 4
2026-06-03T01:10:55Z,86.0,Versa 4
2026-06-03T01:10:57Z,89.0,Versa 4
2026-06-03T01:10:59Z,92.0,Versa 4
2026-06-03T01:11:02Z,92.0,Versa 4
2026-06-03T01:11:03Z,89.0,Versa 4
2026-06-03T01:11:05Z,87.0,Versa 4
2026-06-03T01:11:07Z,84.0,Versa 4
2026-06-03T01:11:10Z,83.0,Versa 4
2026-06-03T01:11:12Z,82.0,Versa 4
2026-06-03T01:11:14Z,80.0,Versa 4
2026-06-03T01:11:17Z,80.0,Versa 4
2026-06-03T01:11:18Z,80.0,Versa 4
2026-06-03T01:11:21Z,80.0,Versa 4
2026-06-03T01:11:24Z,80.0,Versa 4
2026-06-03T01:11:26Z,79.0,Versa 4
2026-06-03T01:11:29Z,79.0,Versa 4
2026-06-03T01:11:31Z,80.0,Versa 4
2026-06-03T01:11:33Z,80.0,Versa 4
2026-06-03T01:11:36Z,80.0,Versa 4
2026-06-03T01:11:37Z,80.0,Versa 4
2026-06-03T01:11:40Z,80.0,Versa 4
2026-06-03T01:11:43Z,80.0,Versa 4
2026-06-03T01:11:46Z,80.0,Versa 4
2026-06-03T01:11:49Z,80.0,Versa 4
2026-06-03T01:11:52Z,80.0,Versa 4
2026-06-03T01:11:53Z,79.0,Versa 4
2026-06-03T01:11:56Z,79.0,Versa 4
2026-06-03T01:11:58Z,80.0,Versa 4
2026-06-03T01:12:01Z,80.0,Versa 4
2026-06-03T01:12:04Z,80.0,Versa 4
2026-06-03T01:12:06Z,81.0,Versa 4
2026-06-03T01:12:09Z,81.0,Versa 4
2026-06-03T01:12:10Z,82.0,Versa 4
2026-06-03T01:12:13Z,82.0,Versa 4
2026-06-03T01:12:14Z,83.0,Versa 4
2026-06-03T01:12:16Z,82.0,Versa 4
2026-06-03T01:12:19Z,82.0,Versa 4
2026-06-03T01:12:22Z,82.0,Versa 4
2026-06-03T01:12:23Z,82.0,Versa 4
2026-06-03T01:12:26Z,82.0,Versa 4
2026-06-03T01:12:29Z,82.0,Versa 4
2026-06-03T01:12:31Z,81.0,Versa 4
2026-06-03T01:12:33Z,80.0,Versa 4
2026-06-03T01:12:36Z,80.0,Versa 4
2026-06-03T01:12:39Z,80.0,Versa 4
2026-06-03T01:12:42Z,80.0,Versa 4
2026-06-03T01:12:44Z,78.0,Versa 4
2026-06-03T01:12:46Z,80.0,Versa 4
2026-06-03T01:12:49Z,80.0,Versa 4
2026-06-03T01:12:50Z,79.0,Versa 4
2026-06-03T01:12:52Z,78.0,Versa 4
2026-06-03T01:12:55Z,78.0,Versa 4
2026-06-03T01:12:56Z,78.0,Versa 4
2026-06-03T01:12:58Z,79.0,Versa 4
2026-06-03T01:13:00Z,78.0,Versa 4
2026-06-03T01:13:02Z,77.0,Versa 4
2026-06-03T01:13:04Z,76.0,Versa 4
2026-06-03T01:13:07Z,76.0,Versa 4
2026-06-03T01:13:10Z,76.0,Versa 4
2026-06-03T01:13:13Z,76.0,Versa 4
2026-06-03T01:13:16Z,76.0,Versa 4
2026-06-03T01:13:17Z,77.0,Versa 4
2026-06-03T01:13:20Z,77.0,Versa 4
2026-06-03T01:13:21Z,78.0,Versa 4
2026-06-03T01:13:24Z,78.0,Versa 4
2026-06-03T01:13:25Z,78.0,Versa 4
2026-06-03T01:13:27Z,77.0,Versa 4
2026-06-03T01:13:29Z,76.0,Versa 4
2026-06-03T01:13:31Z,76.0,Versa 4
2026-06-03T01:13:32Z,77.0,Versa 4
2026-06-03T01:13:34Z,78.0,Versa 4
2026-06-03T01:13:36Z,80.0,Versa 4
2026-06-03T01:13:38Z,86.0,Versa 4
2026-06-03T01:13:40Z,88.0,Versa 4
2026-06-03T01:13:42Z,91.0,Versa 4
2026-06-03T01:13:44Z,93.0,Versa 4
2026-06-03T01:13:46Z,91.0,Versa 4
2026-06-03T01:13:48Z,89.0,Versa 4
2026-06-03T01:13:50Z,88.0,Versa 4
2026-06-03T01:13:52Z,86.0,Versa 4
2026-06-03T01:13:54Z,86.0,Versa 4
2026-06-03T01:13:55Z,85.0,Versa 4
2026-06-03T01:13:57Z,84.0,Versa 4
2026-06-03T01:14:00Z,84.0,Versa 4
2026-06-03T01:14:03Z,84.0,Versa 4
2026-06-03T01:14:05Z,83.0,Versa 4
2026-06-03T01:14:07Z,82.0,Versa 4
2026-06-03T01:14:10Z,82.0,Versa 4
2026-06-03T01:14:11Z,82.0,Versa 4
2026-06-03T01:14:13Z,81.0,Versa 4
2026-06-03T01:14:15Z,80.0,Versa 4
2026-06-03T01:14:18Z,80.0,Versa 4
2026-06-03T01:14:19Z,80.0,Versa 4
2026-06-03T01:14:22Z,80.0,Versa 4
2026-06-03T01:14:25Z,80.0,Versa 4
2026-06-03T01:14:28Z,80.0,Versa 4
2026-06-03T01:14:31Z,80.0,Versa 4
2026-06-03T01:14:34Z,80.0,Versa 4
2026-06-03T01:14:37Z,80.0,Versa 4
2026-06-03T01:14:40Z,80.0,Versa 4
2026-06-03T01:14:43Z,81.0,Versa 4
2026-06-03T01:14:46Z,81.0,Versa 4
2026-06-03T01:14:47Z,80.0,Versa 4
2026-06-03T01:14:49Z,81.0,Versa 4
2026-06-03T01:14:51Z,82.0,Versa 4
2026-06-03T01:14:54Z,82.0,Versa 4
2026-06-03T01:14:55Z,82.0,Versa 4
2026-06-03T01:14:58Z,82.0,Versa 4
2026-06-03T01:14:59Z,82.0,Versa 4
2026-06-03T01:15:01Z,82.0,Versa 4
2026-06-03T01:15:04Z,82.0,Versa 4
2026-06-03T01:15:05Z,84.0,Versa 4
2026-06-03T01:15:08Z,84.0,Versa 4
2026-06-03T01:15:11Z,84.0,Versa 4
2026-06-03T01:15:14Z,82.0,Versa 4
2026-06-03T01:15:17Z,82.0,Versa 4
2026-06-03T01:15:20Z,82.0,Versa 4
2026-06-03T01:15:23Z,82.0,Versa 4
2026-06-03T01:15:26Z,81.0,Versa 4
2026-06-03T01:15:28Z,81.0,Versa 4
2026-06-03T01:15:30Z,80.0,Versa 4
2026-06-03T01:15:31Z,81.0,Versa 4
2026-06-03T01:15:34Z,81.0,Versa 4
2026-06-03T01:15:37Z,81.0,Versa 4
2026-06-03T01:15:39Z,80.0,Versa 4
2026-06-03T01:15:41Z,81.0,Versa 4
2026-06-03T01:15:44Z,81.0,Versa 4
2026-06-03T01:15:45Z,80.0,Versa 4
2026-06-03T01:15:48Z,80.0,Versa 4
2026-06-03T01:15:49Z,81.0,Versa 4
2026-06-03T01:15:52Z,81.0,Versa 4
2026-06-03T01:15:53Z,82.0,Versa 4
2026-06-03T01:15:55Z,80.0,Versa 4
2026-06-03T01:15:58Z,80.0,Versa 4
2026-06-03T01:16:00Z,80.0,Versa 4
2026-06-03T01:16:02Z,81.0,Versa 4
2026-06-03T01:16:04Z,83.0,Versa 4
2026-06-03T01:16:06Z,85.0,Versa 4
2026-06-03T01:16:08Z,86.0,Versa 4
2026-06-03T01:16:11Z,86.0,Versa 4
2026-06-03T01:16:12Z,85.0,Versa 4
2026-06-03T01:16:14Z,84.0,Versa 4
2026-06-03T01:16:16Z,83.0,Versa 4
2026-06-03T01:16:18Z,82.0,Versa 4
2026-06-03T01:16:19Z,82.0,Versa 4
2026-06-03T01:16:22Z,82.0,Versa 4
2026-06-03T01:16:23Z,82.0,Versa 4
2026-06-03T01:16:25Z,80.0,Versa 4
2026-06-03T01:16:28Z,80.0,Versa 4
2026-06-03T01:16:31Z,80.0,Versa 4
2026-06-03T01:16:34Z,80.0,Versa 4
2026-06-03T01:16:37Z,80.0,Versa 4
2026-06-03T01:16:39Z,81.0,Versa 4
2026-06-03T01:16:42Z,81.0,Versa 4
2026-06-03T01:16:45Z,81.0,Versa 4
2026-06-03T01:16:46Z,80.0,Versa 4
2026-06-03T01:16:49Z,80.0,Versa 4
2026-06-03T01:16:52Z,80.0,Versa 4
2026-06-03T01:16:55Z,80.0,Versa 4
2026-06-03T01:16:58Z,80.0,Versa 4
2026-06-03T01:17:00Z,81.0,Versa 4
2026-06-03T01:17:02Z,82.0,Versa 4
2026-06-03T01:17:04Z,84.0,Versa 4
2026-06-03T01:17:07Z,83.0,Versa 4
2026-06-03T01:17:09Z,82.0,Versa 4
2026-06-03T01:17:12Z,82.0,Versa 4
2026-06-03T01:17:15Z,82.0,Versa 4
2026-06-03T01:17:17Z,81.0,Versa 4
2026-06-03T01:17:20Z,81.0,Versa 4
2026-06-03T01:17:21Z,80.0,Versa 4
2026-06-03T01:17:24Z,80.0,Versa 4
2026-06-03T01:17:27Z,80.0,Versa 4
2026-06-03T01:17:30Z,80.0,Versa 4
2026-06-03T01:17:31Z,79.0,Versa 4
2026-06-03T01:17:32Z,78.0,Versa 4
2026-06-03T01:17:34Z,78.0,Versa 4
2026-06-03T01:17:36Z,80.0,Versa 4
2026-06-03T01:17:38Z,81.0,Versa 4
2026-06-03T01:17:40Z,82.0,Versa 4
2026-06-03T01:17:42Z,84.0,Versa 4
2026-06-03T01:17:44Z,84.0,Versa 4
2026-06-03T01:17:47Z,84.0,Versa 4
2026-06-03T01:17:48Z,84.0,Versa 4
2026-06-03T01:17:50Z,83.0,Versa 4
2026-06-03T01:17:53Z,83.0,Versa 4
2026-06-03T01:17:54Z,84.0,Versa 4
2026-06-03T01:17:55Z,85.0,Versa 4
2026-06-03T01:17:57Z,86.0,Versa 4
2026-06-03T01:17:59Z,88.0,Versa 4
2026-06-03T01:18:01Z,90.0,Versa 4
2026-06-03T01:18:03Z,91.0,Versa 4
2026-06-03T01:18:05Z,94.0,Versa 4
2026-06-03T01:18:07Z,96.0,Versa 4
2026-06-03T01:18:10Z,96.0,Versa 4
2026-06-03T01:18:11Z,95.0,Versa 4
2026-06-03T01:18:13Z,94.0,Versa 4
2026-06-03T01:18:15Z,92.0,Versa 4
2026-06-03T01:18:17Z,91.0,Versa 4
2026-06-03T01:18:19Z,87.0,Versa 4
2026-06-03T01:18:20Z,84.0,Versa 4
2026-06-03T01:18:22Z,81.0,Versa 4
2026-06-03T01:18:24Z,78.0,Versa 4
2026-06-03T01:18:27Z,78.0,Versa 4
2026-06-03T01:18:28Z,77.0,Versa 4
2026-06-03T01:18:30Z,76.0,Versa 4
2026-06-03T01:18:32Z,75.0,Versa 4
2026-06-03T01:18:34Z,74.0,Versa 4
2026-06-03T01:18:36Z,73.0,Versa 4
2026-06-03T01:18:38Z,72.0,Versa 4
2026-06-03T01:18:41Z,72.0,Versa 4
2026-06-03T01:18:43Z,70.0,Versa 4
2026-06-03T01:18:46Z,70.0,Versa 4
2026-06-03T01:18:49Z,70.0,Versa 4
2026-06-03T01:18:51Z,70.0,Versa 4
2026-06-03T01:18:53Z,72.0,Versa 4
2026-06-03T01:18:56Z,72.0,Versa 4
2026-06-03T01:18:57Z,72.0,Versa 4
2026-06-03T01:19:00Z,72.0,Versa 4
2026-06-03T01:19:01Z,71.0,Versa 4
2026-06-03T01:19:03Z,70.0,Versa 4
2026-06-03T01:19:06Z,70.0,Versa 4
2026-06-03T01:19:08Z,71.0,Versa 4
2026-06-03T01:19:10Z,70.0,Versa 4
2026-06-03T01:19:13Z,70.0,Versa 4
2026-06-03T01:19:16Z,71.0,Versa 4
2026-06-03T01:19:18Z,72.0,Versa 4
2026-06-03T01:19:20Z,73.0,Versa 4
2026-06-03T01:19:22Z,73.0,Versa 4
2026-06-03T01:19:24Z,72.0,Versa 4
2026-06-03T01:19:27Z,72.0,Versa 4
2026-06-03T01:19:30Z,72.0,Versa 4
2026-06-03T01:19:31Z,72.0,Versa 4
2026-06-03T01:19:34Z,72.0,Versa 4
2026-06-03T01:19:35Z,73.0,Versa 4
2026-06-03T01:19:37Z,75.0,Versa 4
2026-06-03T01:19:39Z,78.0,Versa 4
2026-06-03T01:19:41Z,83.0,Versa 4
2026-06-03T01:19:43Z,93.0,Versa 4
2026-06-03T01:19:45Z,102.0,Versa 4
2026-06-03T01:19:47Z,106.0,Versa 4
2026-06-03T01:19:49Z,110.0,Versa 4
2026-06-03T01:19:51Z,113.0,Versa 4
2026-06-03T01:19:54Z,113.0,Versa 4
2026-06-03T01:19:55Z,110.0,Versa 4
2026-06-03T01:19:56Z,104.0,Versa 4
2026-06-03T01:19:58Z,99.0,Versa 4
2026-06-03T01:20:00Z,100.0,Versa 4
2026-06-03T01:20:02Z,102.0,Versa 4
2026-06-03T01:20:04Z,104.0,Versa 4
2026-06-03T01:20:06Z,107.0,Versa 4
2026-06-03T01:20:08Z,112.0,Versa 4
2026-06-03T01:20:11Z,112.0,Versa 4
2026-06-03T01:20:12Z,110.0,Versa 4
2026-06-03T01:20:14Z,107.0,Versa 4
2026-06-03T01:20:16Z,104.0,Versa 4
2026-06-03T01:20:18Z,104.0,Versa 4
2026-06-03T01:20:21Z,104.0,Versa 4
2026-06-03T01:20:23Z,102.0,Versa 4
2026-06-03T01:20:25Z,97.0,Versa 4
2026-06-03T01:20:27Z,94.0,Versa 4
2026-06-03T01:20:29Z,96.0,Versa 4
2026-06-03T01:20:31Z,99.0,Versa 4
2026-06-03T01:20:33Z,103.0,Versa 4
2026-06-03T01:20:35Z,106.0,Versa 4
2026-06-03T01:20:37Z,106.0,Versa 4
2026-06-03T01:20:39Z,105.0,Versa 4
2026-06-03T01:20:41Z,104.0,Versa 4
2026-06-03T01:20:43Z,106.0,Versa 4
2026-06-03T01:20:44Z,110.0,Versa 4
2026-06-03T01:20:46Z,112.0,Versa 4
2026-06-03T01:20:48Z,110.0,Versa 4
2026-06-03T01:20:50Z,82.0,Versa 4
2026-06-03T01:20:52Z,80.0,Versa 4
2026-06-03T01:20:54Z,82.0,Versa 4
2026-06-03T01:20:56Z,86.0,Versa 4
2026-06-03T01:20:58Z,94.0,Versa 4
2026-06-03T01:21:00Z,98.0,Versa 4
2026-06-03T01:21:02Z,95.0,Versa 4
2026-06-03T01:21:04Z,93.0,Versa 4
2026-06-03T01:21:06Z,91.0,Versa 4
2026-06-03T01:21:07Z,89.0,Versa 4
2026-06-03T01:21:09Z,87.0,Versa 4
2026-06-03T01:21:11Z,86.0,Versa 4
2026-06-03T01:21:14Z,86.0,Versa 4
2026-06-03T01:21:15Z,88.0,Versa 4
2026-06-03T01:21:17Z,91.0,Versa 4
2026-06-03T01:21:19Z,92.0,Versa 4
2026-06-03T01:21:21Z,94.0,Versa 4
2026-06-03T01:21:23Z,93.0,Versa 4
2026-06-03T01:21:25Z,92.0,Versa 4
2026-06-03T01:21:27Z,87.0,Versa 4
2026-06-03T01:21:29Z,85.0,Versa 4
2026-06-03T01:21:31Z,84.0,Versa 4
2026-06-03T01:21:34Z,85.0,Versa 4
2026-06-03T01:21:36Z,87.0,Versa 4
2026-06-03T01:21:38Z,86.0,Versa 4
2026-06-03T01:21:40Z,84.0,Versa 4
2026-06-03T01:21:42Z,83.0,Versa 4
2026-06-03T01:21:44Z,84.0,Versa 4
2026-06-03T01:21:46Z,84.0,Versa 4
2026-06-03T01:21:48Z,85.0,Versa 4
2026-06-03T01:21:51Z,85.0,Versa 4
2026-06-03T01:21:52Z,86.0,Versa 4
2026-06-03T01:21:54Z,86.0,Versa 4
2026-06-03T01:21:55Z,86.0,Versa 4
2026-06-03T01:21:58Z,86.0,Versa 4
2026-06-03T01:22:01Z,87.0,Versa 4
2026-06-03T01:22:04Z,87.0,Versa 4
2026-06-03T01:22:05Z,87.0,Versa 4
2026-06-03T01:22:08Z,87.0,Versa 4
2026-06-03T01:22:09Z,88.0,Versa 4
2026-06-03T01:22:12Z,88.0,Versa 4
2026-06-03T01:22:13Z,88.0,Versa 4
2026-06-03T01:22:16Z,88.0,Versa 4
2026-06-03T01:22:17Z,89.0,Versa 4
2026-06-03T01:22:19Z,92.0,Versa 4
2026-06-03T01:22:20Z,94.0,Versa 4
2026-06-03T01:22:22Z,97.0,Versa 4
2026-06-03T01:22:24Z,97.0,Versa 4
2026-06-03T01:22:26Z,96.0,Versa 4
2026-06-03T01:22:28Z,94.0,Versa 4
2026-06-03T01:22:30Z,92.0,Versa 4
2026-06-03T01:22:32Z,90.0,Versa 4
2026-06-03T01:22:34Z,86.0,Versa 4
2026-06-03T01:22:36Z,85.0,Versa 4
2026-06-03T01:22:38Z,86.0,Versa 4
2026-06-03T01:22:41Z,86.0,Versa 4
2026-06-03T01:22:42Z,85.0,Versa 4
2026-06-03T01:22:43Z,84.0,Versa 4
2026-06-03T01:22:45Z,85.0,Versa 4
2026-06-03T01:22:47Z,88.0,Versa 4
2026-06-03T01:22:49Z,91.0,Versa 4
2026-06-03T01:22:51Z,93.0,Versa 4
2026-06-03T01:22:53Z,94.0,Versa 4
2026-06-03T01:22:55Z,96.0,Versa 4
2026-06-03T01:22:57Z,96.0,Versa 4
2026-06-03T01:22:59Z,92.0,Versa 4
2026-06-03T01:23:01Z,82.0,Versa 4
2026-06-03T01:23:03Z,78.0,Versa 4
2026-06-03T01:23:05Z,77.0,Versa 4
2026-06-03T01:23:07Z,78.0,Versa 4
2026-06-03T01:23:10Z,79.0,Versa 4
2026-06-03T01:23:12Z,81.0,Versa 4
2026-06-03T01:23:14Z,82.0,Versa 4
2026-06-03T01:23:16Z,82.0,Versa 4
2026-06-03T01:23:19Z,82.0,Versa 4
2026-06-03T01:23:20Z,83.0,Versa 4
2026-06-03T01:23:22Z,88.0,Versa 4
2026-06-03T01:23:24Z,94.0,Versa 4
2026-06-03T01:23:26Z,95.0,Versa 4
2026-06-03T01:23:28Z,90.0,Versa 4
2026-06-03T01:23:30Z,87.0,Versa 4
2026-06-03T01:23:31Z,86.0,Versa 4
2026-06-03T01:23:33Z,88.0,Versa 4
2026-06-03T01:23:35Z,91.0,Versa 4
2026-06-03T01:23:37Z,93.0,Versa 4
2026-06-03T01:23:39Z,96.0,Versa 4
2026-06-03T01:23:41Z,97.0,Versa 4
2026-06-03T01:23:43Z,96.0,Versa 4
2026-06-03T01:23:45Z,90.0,Versa 4
2026-06-03T01:23:47Z,87.0,Versa 4
2026-06-03T01:23:49Z,88.0,Versa 4
2026-06-03T01:23:51Z,90.0,Versa 4
2026-06-03T01:23:54Z,90.0,Versa 4
2026-06-03T01:23:55Z,86.0,Versa 4
2026-06-03T01:23:56Z,84.0,Versa 4
2026-06-03T01:23:58Z,82.0,Versa 4
2026-06-03T01:24:00Z,83.0,Versa 4
2026-06-03T01:24:03Z,83.0,Versa 4
2026-06-03T01:24:04Z,84.0,Versa 4
2026-06-03T01:24:06Z,86.0,Versa 4
2026-06-03T01:24:08Z,87.0,Versa 4
2026-06-03T01:24:10Z,90.0,Versa 4
2026-06-03T01:24:12Z,92.0,Versa 4
2026-06-03T01:24:14Z,94.0,Versa 4
2026-06-03T01:24:17Z,94.0,Versa 4
2026-06-03T01:24:18Z,92.0,Versa 4
2026-06-03T01:24:19Z,89.0,Versa 4
2026-06-03T01:24:21Z,85.0,Versa 4
2026-06-03T01:24:23Z,83.0,Versa 4
2026-06-03T01:24:25Z,85.0,Versa 4
2026-06-03T01:24:27Z,87.0,Versa 4
2026-06-03T01:24:29Z,91.0,Versa 4
2026-06-03T01:24:31Z,88.0,Versa 4
2026-06-03T01:24:33Z,83.0,Versa 4
2026-06-03T01:24:35Z,81.0,Versa 4
2026-06-03T01:24:37Z,79.0,Versa 4
2026-06-03T01:24:39Z,79.0,Versa 4
2026-06-03T01:24:42Z,79.0,Versa 4
2026-06-03T01:24:43Z,80.0,Versa 4
2026-06-03T01:24:46Z,80.0,Versa 4
2026-06-03T01:24:49Z,80.0,Versa 4
2026-06-03T01:24:50Z,81.0,Versa 4
2026-06-03T01:24:52Z,82.0,Versa 4
2026-06-03T01:24:54Z,84.0,Versa 4
2026-06-03T01:24:57Z,84.0,Versa 4
2026-06-03T01:24:58Z,86.0,Versa 4
2026-06-03T01:25:00Z,87.0,Versa 4
2026-06-03T01:25:02Z,89.0,Versa 4
2026-06-03T01:25:04Z,88.0,Versa 4
2026-06-03T01:25:06Z,85.0,Versa 4
2026-06-03T01:25:07Z,82.0,Versa 4
2026-06-03T01:25:09Z,81.0,Versa 4
2026-06-03T01:25:11Z,80.0,Versa 4
2026-06-03T01:25:14Z,80.0,Versa 4
2026-06-03T01:25:17Z,80.0,Versa 4
2026-06-03T01:25:20Z,80.0,Versa 4
2026-06-03T01:25:21Z,81.0,Versa 4
2026-06-03T01:25:23Z,82.0,Versa 4
2026-06-03T01:25:25Z,82.0,Versa 4
2026-06-03T01:25:27Z,84.0,Versa 4
2026-06-03T01:25:30Z,84.0,Versa 4
2026-06-03T01:25:32Z,84.0,Versa 4
2026-06-03T01:25:34Z,86.0,Versa 4
2026-06-03T01:25:36Z,88.0,Versa 4
2026-06-03T01:25:38Z,89.0,Versa 4
2026-06-03T01:25:40Z,91.0,Versa 4
2026-06-03T01:25:43Z,91.0,Versa 4
2026-06-03T01:25:44Z,90.0,Versa 4
2026-06-03T01:25:46Z,88.0,Versa 4
2026-06-03T01:25:49Z,88.0,Versa 4
2026-06-03T01:25:52Z,89.0,Versa 4
2026-06-03T01:25:54Z,88.0,Versa 4
2026-06-03T01:25:57Z,87.0,Versa 4
2026-06-03T01:25:59Z,86.0,Versa 4
2026-06-03T01:26:02Z,86.0,Versa 4
2026-06-03T01:26:03Z,87.0,Versa 4
2026-06-03T01:26:06Z,87.0,Versa 4
2026-06-03T01:26:07Z,86.0,Versa 4
2026-06-03T01:26:10Z,86.0,Versa 4
2026-06-03T01:26:13Z,86.0,Versa 4
2026-06-03T01:26:16Z,86.0,Versa 4
2026-06-03T01:26:19Z,86.0,Versa 4
2026-06-03T01:26:22Z,87.0,Versa 4
2026-06-03T01:26:24Z,89.0,Versa 4
2026-06-03T01:26:26Z,93.0,Versa 4
2026-06-03T01:26:28Z,97.0,Versa 4
2026-06-03T01:26:30Z,98.0,Versa 4
2026-06-03T01:26:33Z,98.0,Versa 4
2026-06-03T01:26:34Z,100.0,Versa 4
2026-06-03T01:26:36Z,99.0,Versa 4
2026-06-03T01:26:38Z,98.0,Versa 4
2026-06-03T01:26:40Z,93.0,Versa 4
2026-06-03T01:26:42Z,88.0,Versa 4
2026-06-03T01:26:45Z,87.0,Versa 4
2026-06-03T01:26:47Z,86.0,Versa 4
2026-06-03T01:26:49Z,84.0,Versa 4
2026-06-03T01:26:51Z,83.0,Versa 4
2026-06-03T01:26:53Z,82.0,Versa 4
2026-06-03T01:26:56Z,82.0,Versa 4
2026-06-03T01:26:59Z,81.0,Versa 4
2026-06-03T01:27:01Z,82.0,Versa 4
2026-06-03T01:27:04Z,82.0,Versa 4
2026-06-03T01:27:05Z,83.0,Versa 4
2026-06-03T01:27:07Z,84.0,Versa 4
2026-06-03T01:27:08Z,85.0,Versa 4
2026-06-03T01:27:10Z,84.0,Versa 4
2026-06-03T01:27:12Z,83.0,Versa 4
2026-06-03T01:27:15Z,83.0,Versa 4
2026-06-03T01:27:18Z,84.0,Versa 4
2026-06-03T01:27:21Z,84.0,Versa 4
2026-06-03T01:27:24Z,84.0,Versa 4
2026-06-03T01:27:26Z,84.0,Versa 4
2026-06-03T01:27:28Z,84.0,Versa 4
2026-06-03T01:27:30Z,84.0,Versa 4
2026-06-03T01:27:33Z,86.0,Versa 4
2026-06-03T01:27:35Z,87.0,Versa 4
2026-06-03T01:27:37Z,88.0,Versa 4
2026-06-03T01:27:39Z,87.0,Versa 4
2026-06-03T01:27:41Z,86.0,Versa 4
2026-06-03T01:27:43Z,85.0,Versa 4
2026-06-03T01:27:45Z,86.0,Versa 4
2026-06-03T01:27:47Z,86.0,Versa 4
2026-06-03T01:27:50Z,86.0,Versa 4
2026-06-03T01:27:51Z,85.0,Versa 4
2026-06-03T01:27:54Z,85.0,Versa 4
2026-06-03T01:27:57Z,85.0,Versa 4
2026-06-03T01:28:00Z,86.0,Versa 4
2026-06-03T01:28:03Z,86.0,Versa 4
2026-06-03T01:28:06Z,88.0,Versa 4
2026-06-03T01:28:09Z,88.0,Versa 4
2026-06-03T01:28:12Z,89.0,Versa 4
2026-06-03T01:28:14Z,90.0,Versa 4
2026-06-03T01:28:16Z,92.0,Versa 4
2026-06-03T01:28:18Z,94.0,Versa 4
2026-06-03T01:28:19Z,97.0,Versa 4
2026-06-03T01:28:21Z,100.0,Versa 4
2026-06-03T01:28:24Z,100.0,Versa 4
2026-06-03T01:28:25Z,107.0,Versa 4
2026-06-03T01:28:27Z,105.0,Versa 4
2026-06-03T01:28:29Z,107.0,Versa 4
2026-06-03T01:28:31Z,106.0,Versa 4
2026-06-03T01:28:33Z,107.0,Versa 4
2026-06-03T01:28:35Z,104.0,Versa 4
2026-06-03T01:28:37Z,102.0,Versa 4
2026-06-03T01:28:39Z,101.0,Versa 4
2026-06-03T01:28:41Z,102.0,Versa 4
2026-06-03T01:28:44Z,103.0,Versa 4
2026-06-03T01:28:46Z,106.0,Versa 4
2026-06-03T01:28:48Z,107.0,Versa 4
2026-06-03T01:28:50Z,104.0,Versa 4
2026-06-03T01:28:52Z,101.0,Versa 4
2026-06-03T01:28:54Z,100.0,Versa 4
2026-06-03T01:28:56Z,102.0,Versa 4
2026-06-03T01:28:58Z,105.0,Versa 4
2026-06-03T01:29:00Z,109.0,Versa 4
2026-06-03T01:29:02Z,114.0,Versa 4
2026-06-03T01:29:04Z,115.0,Versa 4
2026-06-03T01:29:06Z,111.0,Versa 4
2026-06-03T01:29:07Z,107.0,Versa 4
2026-06-03T01:29:09Z,105.0,Versa 4
2026-06-03T01:29:12Z,105.0,Versa 4
2026-06-03T01:29:15Z,106.0,Versa 4
2026-06-03T01:29:18Z,106.0,Versa 4
2026-06-03T01:29:21Z,107.0,Versa 4
2026-06-03T01:29:23Z,108.0,Versa 4
2026-06-03T01:29:26Z,108.0,Versa 4
2026-06-03T01:29:27Z,108.0,Versa 4
2026-06-03T01:29:29Z,110.0,Versa 4
2026-06-03T01:29:31Z,109.0,Versa 4
2026-06-03T01:29:32Z,108.0,Versa 4
2026-06-03T01:29:35Z,108.0,Versa 4
2026-06-03T01:29:38Z,110.0,Versa 4
2026-06-03T01:29:40Z,112.0,Versa 4
2026-06-03T01:29:42Z,111.0,Versa 4
2026-06-03T01:29:44Z,106.0,Versa 4
2026-06-03T01:29:46Z,105.0,Versa 4
2026-06-03T01:29:48Z,103.0,Versa 4
2026-06-03T01:29:50Z,104.0,Versa 4
2026-06-03T01:29:52Z,105.0,Versa 4
2026-06-03T01:29:54Z,104.0,Versa 4
2026-06-03T01:29:55Z,102.0,Versa 4
2026-06-03T01:29:57Z,101.0,Versa 4
2026-06-03T01:30:00Z,101.0,Versa 4
2026-06-03T01:30:01Z,103.0,Versa 4
2026-06-03T01:30:03Z,104.0,Versa 4
2026-06-03T01:30:05Z,107.0,Versa 4
2026-06-03T01:30:07Z,109.0,Versa 4
2026-06-03T01:30:09Z,111.0,Versa 4
2026-06-03T01:30:11Z,112.0,Versa 4
2026-06-03T01:30:13Z,111.0,Versa 4
2026-06-03T01:30:15Z,110.0,Versa 4
2026-06-03T01:30:17Z,109.0,Versa 4
2026-06-03T01:30:19Z,108.0,Versa 4
2026-06-03T01:30:20Z,107.0,Versa 4
2026-06-03T01:30:22Z,108.0,Versa 4
2026-06-03T01:30:24Z,111.0,Versa 4
2026-06-03T01:30:27Z,111.0,Versa 4
2026-06-03T01:30:28Z,117.0,Versa 4
2026-06-03T01:30:31Z,117.0,Versa 4
2026-06-03T01:30:34Z,114.0,Versa 4
2026-06-03T01:30:36Z,113.0,Versa 4
2026-06-03T01:30:38Z,116.0,Versa 4
2026-06-03T01:30:41Z,116.0,Versa 4
2026-06-03T01:30:44Z,116.0,Versa 4
2026-06-03T01:30:45Z,115.0,Versa 4
2026-06-03T01:30:47Z,112.0,Versa 4
2026-06-03T01:30:49Z,111.0,Versa 4
2026-06-03T01:30:52Z,111.0,Versa 4
2026-06-03T01:30:53Z,109.0,Versa 4
2026-06-03T01:30:55Z,107.0,Versa 4
2026-06-03T01:30:57Z,105.0,Versa 4
2026-06-03T01:30:59Z,104.0,Versa 4
2026-06-03T01:31:01Z,102.0,Versa 4
2026-06-03T01:31:03Z,99.0,Versa 4
2026-06-03T01:31:05Z,98.0,Versa 4
2026-06-03T01:31:07Z,94.0,Versa 4
2026-06-03T01:31:08Z,90.0,Versa 4
2026-06-03T01:31:10Z,88.0,Versa 4
2026-06-03T01:31:12Z,87.0,Versa 4
2026-06-03T01:31:14Z,86.0,Versa 4
2026-06-03T01:31:16Z,86.0,Versa 4
2026-06-03T01:31:18Z,87.0,Versa 4
2026-06-03T01:31:20Z,88.0,Versa 4
2026-06-03T01:31:22Z,92.0,Versa 4
2026-06-03T01:31:24Z,93.0,Versa 4
2026-06-03T01:31:27Z,93.0,Versa 4
2026-06-03T01:31:28Z,91.0,Versa 4
2026-06-03T01:31:30Z,88.0,Versa 4
2026-06-03T01:31:31Z,86.0,Versa 4
2026-06-03T01:31:33Z,83.0,Versa 4
2026-06-03T01:31:35Z,81.0,Versa 4
2026-06-03T01:31:37Z,80.0,Versa 4
2026-06-03T01:31:39Z,79.0,Versa 4
2026-06-03T01:31:41Z,78.0,Versa 4
2026-06-03T01:31:43Z,77.0,Versa 4
2026-06-03T01:31:45Z,76.0,Versa 4
2026-06-03T01:31:47Z,75.0,Versa 4
2026-06-03T01:31:49Z,74.0,Versa 4
2026-06-03T01:31:52Z,74.0,Versa 4
2026-06-03T01:31:55Z,74.0,Versa 4
2026-06-03T01:31:56Z,73.0,Versa 4
2026-06-03T01:31:58Z,72.0,Versa 4
2026-06-03T01:32:01Z,72.0,Versa 4
2026-06-03T01:32:02Z,71.0,Versa 4
2026-06-03T01:32:05Z,71.0,Versa 4
2026-06-03T01:32:06Z,72.0,Versa 4
2026-06-03T01:32:09Z,72.0,Versa 4
2026-06-03T01:32:10Z,72.0,Versa 4
2026-06-03T01:32:13Z,72.0,Versa 4
2026-06-03T01:32:16Z,72.0,Versa 4
2026-06-03T01:32:19Z,72.0,Versa 4
2026-06-03T01:32:22Z,72.0,Versa 4
2026-06-03T01:32:25Z,72.0,Versa 4
2026-06-03T01:32:28Z,72.0,Versa 4
2026-06-03T01:32:29Z,73.0,Versa 4
2026-06-03T01:32:32Z,73.0,Versa 4
2026-06-03T01:32:35Z,74.0,Versa 4
2026-06-03T01:32:38Z,74.0,Versa 4
2026-06-03T01:32:39Z,73.0,Versa 4
2026-06-03T01:32:42Z,73.0,Versa 4
2026-06-03T01:32:43Z,74.0,Versa 4
2026-06-03T01:32:46Z,74.0,Versa 4
2026-06-03T01:32:49Z,74.0,Versa 4
2026-06-03T01:32:52Z,74.0,Versa 4
2026-06-03T01:32:55Z,74.0,Versa 4
2026-06-03T01:32:58Z,73.0,Versa 4
2026-06-03T01:33:00Z,72.0,Versa 4
2026-06-03T01:33:03Z,72.0,Versa 4
2026-06-03T01:33:06Z,72.0,Versa 4
2026-06-03T01:33:07Z,73.0,Versa 4
2026-06-03T01:33:09Z,74.0,Versa 4
2026-06-03T01:33:12Z,74.0,Versa 4
2026-06-03T01:33:15Z,74.0,Versa 4
2026-06-03T01:33:18Z,74.0,Versa 4
2026-06-03T01:33:19Z,74.0,Versa 4
2026-06-03T01:33:21Z,76.0,Versa 4
2026-06-03T01:33:24Z,76.0,Versa 4
2026-06-03T01:33:25Z,78.0,Versa 4
2026-06-03T01:33:27Z,80.0,Versa 4
2026-06-03T01:33:30Z,80.0,Versa 4
2026-06-03T01:33:32Z,79.0,Versa 4
2026-06-03T01:33:34Z,78.0,Versa 4
2026-06-03T01:33:37Z,78.0,Versa 4
2026-06-03T01:33:38Z,77.0,Versa 4
2026-06-03T01:33:40Z,76.0,Versa 4
2026-06-03T01:33:43Z,76.0,Versa 4
2026-06-03T01:33:46Z,74.0,Versa 4
2026-06-03T01:33:49Z,74.0,Versa 4
2026-06-03T01:33:52Z,73.0,Versa 4
2026-06-03T01:33:55Z,72.0,Versa 4
2026-06-03T01:33:58Z,72.0,Versa 4
2026-06-03T01:34:01Z,72.0,Versa 4
2026-06-03T01:34:04Z,72.0,Versa 4
2026-06-03T01:34:07Z,72.0,Versa 4
2026-06-03T01:34:10Z,72.0,Versa 4
2026-06-03T01:34:13Z,72.0,Versa 4
2026-06-03T01:34:15Z,72.0,Versa 4
2026-06-03T01:34:17Z,73.0,Versa 4
2026-06-03T01:34:19Z,74.0,Versa 4
2026-06-03T01:34:20Z,75.0,Versa 4
2026-06-03T01:34:22Z,76.0,Versa 4
2026-06-03T01:34:24Z,76.0,Versa 4
2026-06-03T01:34:27Z,76.0,Versa 4
2026-06-03T01:34:28Z,75.0,Versa 4
2026-06-03T01:34:30Z,74.0,Versa 4
2026-06-03T01:34:33Z,74.0,Versa 4
2026-06-03T01:34:36Z,74.0,Versa 4
2026-06-03T01:34:39Z,74.0,Versa 4
2026-06-03T01:34:40Z,74.0,Versa 4
2026-06-03T01:34:42Z,73.0,Versa 4
2026-06-03T01:34:43Z,72.0,Versa 4
2026-06-03T01:34:46Z,72.0,Versa 4
2026-06-03T01:34:49Z,72.0,Versa 4
2026-06-03T01:34:52Z,72.0,Versa 4
2026-06-03T01:34:55Z,72.0,Versa 4
2026-06-03T01:34:58Z,72.0,Versa 4
2026-06-03T01:35:01Z,72.0,Versa 4
2026-06-03T01:35:04Z,72.0,Versa 4
2026-06-03T01:35:05Z,73.0,Versa 4
2026-06-03T01:35:07Z,74.0,Versa 4
2026-06-03T01:35:08Z,75.0,Versa 4
2026-06-03T01:35:10Z,79.0,Versa 4
2026-06-03T01:35:12Z,80.0,Versa 4
2026-06-03T01:35:15Z,80.0,Versa 4
2026-06-03T01:35:16Z,81.0,Versa 4
2026-06-03T01:35:18Z,80.0,Versa 4
2026-06-03T01:35:20Z,79.0,Versa 4
2026-06-03T01:35:22Z,78.0,Versa 4
2026-06-03T01:35:24Z,78.0,Versa 4
2026-06-03T01:35:26Z,76.0,Versa 4
2026-06-03T01:35:29Z,76.0,Versa 4
2026-06-03T01:35:31Z,75.0,Versa 4
2026-06-03T01:35:33Z,74.0,Versa 4
2026-06-03T01:35:35Z,75.0,Versa 4
2026-06-03T01:35:37Z,76.0,Versa 4
2026-06-03T01:35:39Z,77.0,Versa 4
2026-06-03T01:35:41Z,78.0,Versa 4
2026-06-03T01:35:44Z,78.0,Versa 4
2026-06-03T01:35:45Z,79.0,Versa 4
2026-06-03T01:35:47Z,80.0,Versa 4
2026-06-03T01:35:49Z,82.0,Versa 4
2026-06-03T01:35:51Z,83.0,Versa 4
2026-06-03T01:35:54Z,83.0,Versa 4
2026-06-03T01:35:55Z,84.0,Versa 4
2026-06-03T01:35:56Z,83.0,Versa 4
2026-06-03T01:35:59Z,83.0,Versa 4
2026-06-03T01:36:02Z,83.0,Versa 4
2026-06-03T01:36:04Z,84.0,Versa 4
2026-06-03T01:36:06Z,86.0,Versa 4
2026-06-03T01:36:08Z,87.0,Versa 4
2026-06-03T01:36:10Z,86.0,Versa 4
2026-06-03T01:36:12Z,87.0,Versa 4
2026-06-03T01:36:14Z,93.0,Versa 4
2026-06-03T01:36:17Z,93.0,Versa 4
2026-06-03T01:36:18Z,91.0,Versa 4
2026-06-03T01:36:19Z,89.0,Versa 4
2026-06-03T01:36:21Z,87.0,Versa 4
2026-06-03T01:36:23Z,85.0,Versa 4
2026-06-03T01:36:25Z,83.0,Versa 4
2026-06-03T01:36:27Z,82.0,Versa 4
2026-06-03T01:36:29Z,81.0,Versa 4
2026-06-03T01:36:31Z,80.0,Versa 4
2026-06-03T01:36:34Z,80.0,Versa 4
2026-06-03T01:36:35Z,80.0,Versa 4
2026-06-03T01:36:37Z,79.0,Versa 4
2026-06-03T01:36:39Z,80.0,Versa 4
2026-06-03T01:36:42Z,80.0,Versa 4
2026-06-03T01:36:44Z,79.0,Versa 4
2026-06-03T01:36:47Z,79.0,Versa 4
2026-06-03T01:36:50Z,80.0,Versa 4
2026-06-03T01:36:52Z,80.0,Versa 4
2026-06-03T01:36:54Z,79.0,Versa 4
2026-06-03T01:36:56Z,78.0,Versa 4
2026-06-03T01:36:59Z,78.0,Versa 4
2026-06-03T01:37:02Z,78.0,Versa 4
2026-06-03T01:37:05Z,78.0,Versa 4
2026-06-03T01:37:06Z,79.0,Versa 4
2026-06-03T01:37:07Z,79.0,Versa 4
2026-06-03T01:37:09Z,78.0,Versa 4
2026-06-03T01:37:12Z,78.0,Versa 4
2026-06-03T01:37:15Z,78.0,Versa 4
2026-06-03T01:37:18Z,78.0,Versa 4
2026-06-03T01:37:19Z,78.0,Versa 4
2026-06-03T01:37:22Z,78.0,Versa 4
2026-06-03T01:37:23Z,78.0,Versa 4
2026-06-03T01:37:25Z,79.0,Versa 4
2026-06-03T01:37:28Z,79.0,Versa 4
2026-06-03T01:37:29Z,79.0,Versa 4
2026-06-03T01:37:32Z,80.0,Versa 4
2026-06-03T01:37:35Z,80.0,Versa 4
2026-06-03T01:37:36Z,80.0,Versa 4
2026-06-03T01:37:39Z,80.0,Versa 4
2026-06-03T01:37:40Z,82.0,Versa 4
2026-06-03T01:37:42Z,85.0,Versa 4
2026-06-03T01:37:44Z,89.0,Versa 4
2026-06-03T01:37:46Z,98.0,Versa 4
2026-06-03T01:37:48Z,99.0,Versa 4
2026-06-03T01:37:50Z,100.0,Versa 4
2026-06-03T01:37:52Z,106.0,Versa 4
2026-06-03T01:37:54Z,102.0,Versa 4
2026-06-03T01:37:55Z,98.0,Versa 4
2026-06-03T01:37:57Z,97.0,Versa 4
2026-06-03T01:37:59Z,94.0,Versa 4
2026-06-03T01:38:01Z,92.0,Versa 4
2026-06-03T01:38:03Z,93.0,Versa 4
2026-06-03T01:38:06Z,93.0,Versa 4
2026-06-03T01:38:09Z,94.0,Versa 4
2026-06-03T01:38:11Z,94.0,Versa 4
2026-06-03T01:38:13Z,93.0,Versa 4
2026-06-03T01:38:15Z,91.0,Versa 4
2026-06-03T01:38:17Z,88.0,Versa 4
2026-06-03T01:38:19Z,90.0,Versa 4
2026-06-03T01:38:20Z,92.0,Versa 4
2026-06-03T01:38:22Z,95.0,Versa 4
2026-06-03T01:38:24Z,96.0,Versa 4
2026-06-03T01:38:26Z,93.0,Versa 4
2026-06-03T01:38:28Z,89.0,Versa 4
2026-06-03T01:38:30Z,87.0,Versa 4
2026-06-03T01:38:32Z,86.0,Versa 4
2026-06-03T01:38:35Z,86.0,Versa 4
2026-06-03T01:38:38Z,84.0,Versa 4
2026-06-03T01:38:40Z,84.0,Versa 4
2026-06-03T01:38:43Z,86.0,Versa 4
2026-06-03T01:38:45Z,86.0,Versa 4
2026-06-03T01:38:47Z,84.0,Versa 4
2026-06-03T01:38:50Z,84.0,Versa 4
2026-06-03T01:38:51Z,86.0,Versa 4
2026-06-03T01:38:53Z,90.0,Versa 4
2026-06-03T01:38:55Z,92.0,Versa 4
2026-06-03T01:38:57Z,88.0,Versa 4
2026-06-03T01:38:59Z,82.0,Versa 4
2026-06-03T01:39:01Z,80.0,Versa 4
2026-06-03T01:39:04Z,80.0,Versa 4
2026-06-03T01:39:05Z,82.0,Versa 4
2026-06-03T01:39:07Z,84.0,Versa 4
2026-06-03T01:39:08Z,88.0,Versa 4
2026-06-03T01:39:10Z,89.0,Versa 4
2026-06-03T01:39:12Z,88.0,Versa 4
2026-06-03T01:39:15Z,88.0,Versa 4
2026-06-03T01:39:18Z,87.0,Versa 4
2026-06-03T01:39:20Z,85.0,Versa 4
2026-06-03T01:39:22Z,83.0,Versa 4
2026-06-03T01:39:24Z,82.0,Versa 4
2026-06-03T01:39:26Z,81.0,Versa 4
2026-06-03T01:39:28Z,80.0,Versa 4
2026-06-03T01:39:30Z,80.0,Versa 4
2026-06-03T01:39:33Z,80.0,Versa 4
2026-06-03T01:39:35Z,81.0,Versa 4
2026-06-03T01:39:37Z,85.0,Versa 4
2026-06-03T01:39:39Z,87.0,Versa 4
2026-06-03T01:39:41Z,88.0,Versa 4
2026-06-03T01:39:43Z,90.0,Versa 4
2026-06-03T01:39:45Z,91.0,Versa 4
2026-06-03T01:39:48Z,91.0,Versa 4
2026-06-03T01:39:49Z,90.0,Versa 4
2026-06-03T01:39:51Z,88.0,Versa 4
2026-06-03T01:39:53Z,86.0,Versa 4
2026-06-03T01:39:55Z,84.0,Versa 4
2026-06-03T01:39:56Z,83.0,Versa 4
2026-06-03T01:39:58Z,82.0,Versa 4
2026-06-03T01:40:00Z,82.0,Versa 4
2026-06-03T01:40:03Z,82.0,Versa 4
2026-06-03T01:40:04Z,84.0,Versa 4
2026-06-03T01:40:06Z,87.0,Versa 4
2026-06-03T01:40:08Z,88.0,Versa 4
2026-06-03T01:40:10Z,87.0,Versa 4
2026-06-03T01:40:12Z,86.0,Versa 4
2026-06-03T01:40:14Z,84.0,Versa 4
2026-06-03T01:40:16Z,82.0,Versa 4
2026-06-03T01:40:18Z,83.0,Versa 4
2026-06-03T01:40:19Z,82.0,Versa 4
2026-06-03T01:40:21Z,82.0,Versa 4
2026-06-03T01:40:23Z,82.0,Versa 4
2026-06-03T01:40:25Z,81.0,Versa 4
2026-06-03T01:40:28Z,81.0,Versa 4
2026-06-03T01:40:29Z,82.0,Versa 4
2026-06-03T01:40:32Z,82.0,Versa 4
2026-06-03T01:40:35Z,82.0,Versa 4
2026-06-03T01:40:38Z,82.0,Versa 4
2026-06-03T01:40:41Z,82.0,Versa 4
2026-06-03T01:40:43Z,81.0,Versa 4
2026-06-03T01:40:44Z,82.0,Versa 4
2026-06-03T01:40:47Z,82.0,Versa 4
2026-06-03T01:40:50Z,81.0,Versa 4
2026-06-03T01:40:52Z,80.0,Versa 4
2026-06-03T01:40:54Z,81.0,Versa 4
2026-06-03T01:40:57Z,81.0,Versa 4
2026-06-03T01:40:58Z,80.0,Versa 4
2026-06-03T01:41:00Z,81.0,Versa 4
2026-06-03T01:41:02Z,82.0,Versa 4
2026-06-03T01:41:05Z,82.0,Versa 4
2026-06-03T01:41:06Z,82.0,Versa 4
2026-06-03T01:41:09Z,83.0,Versa 4
2026-06-03T01:41:11Z,86.0,Versa 4
2026-06-03T01:41:13Z,90.0,Versa 4
2026-06-03T01:41:15Z,92.0,Versa 4
2026-06-03T01:41:17Z,93.0,Versa 4
2026-06-03T01:41:19Z,94.0,Versa 4
2026-06-03T01:41:21Z,96.0,Versa 4
2026-06-03T01:41:23Z,98.0,Versa 4
2026-06-03T01:41:25Z,102.0,Versa 4
2026-06-03T01:41:27Z,103.0,Versa 4
2026-06-03T01:41:29Z,100.0,Versa 4
2026-06-03T01:41:31Z,94.0,Versa 4
2026-06-03T01:41:32Z,90.0,Versa 4
2026-06-03T01:41:34Z,88.0,Versa 4
2026-06-03T01:41:36Z,86.0,Versa 4
2026-06-03T01:41:38Z,84.0,Versa 4
2026-06-03T01:41:40Z,82.0,Versa 4
2026-06-03T01:41:43Z,82.0,Versa 4
2026-06-03T01:41:44Z,83.0,Versa 4
2026-06-03T01:41:46Z,87.0,Versa 4
2026-06-03T01:41:48Z,92.0,Versa 4
2026-06-03T01:41:50Z,95.0,Versa 4
2026-06-03T01:41:52Z,98.0,Versa 4
2026-06-03T01:41:54Z,101.0,Versa 4
2026-06-03T01:41:55Z,103.0,Versa 4
2026-06-03T01:41:58Z,103.0,Versa 4
2026-06-03T01:41:59Z,99.0,Versa 4
2026-06-03T01:42:01Z,94.0,Versa 4
2026-06-03T01:42:03Z,92.0,Versa 4
2026-06-03T01:42:05Z,91.0,Versa 4
2026-06-03T01:42:07Z,89.0,Versa 4
2026-06-03T01:42:09Z,86.0,Versa 4
2026-06-03T01:42:11Z,84.0,Versa 4
2026-06-03T01:42:13Z,82.0,Versa 4
2026-06-03T01:42:16Z,82.0,Versa 4
2026-06-03T01:42:19Z,82.0,Versa 4
2026-06-03T01:42:22Z,82.0,Versa 4
2026-06-03T01:42:25Z,82.0,Versa 4
2026-06-03T01:42:26Z,84.0,Versa 4
2026-06-03T01:42:29Z,84.0,Versa 4
2026-06-03T01:42:30Z,84.0,Versa 4
2026-06-03T01:42:32Z,86.0,Versa 4
2026-06-03T01:42:34Z,91.0,Versa 4
2026-06-03T01:42:36Z,95.0,Versa 4
2026-06-03T01:42:38Z,99.0,Versa 4
2026-06-03T01:42:40Z,102.0,Versa 4
2026-06-03T01:42:42Z,99.0,Versa 4
2026-06-03T01:42:43Z,95.0,Versa 4
2026-06-03T01:42:45Z,92.0,Versa 4
2026-06-03T01:42:47Z,90.0,Versa 4
2026-06-03T01:42:49Z,88.0,Versa 4
2026-06-03T01:42:51Z,86.0,Versa 4
2026-06-03T01:42:53Z,87.0,Versa 4
2026-06-03T01:42:55Z,91.0,Versa 4
2026-06-03T01:42:57Z,95.0,Versa 4
2026-06-03T01:42:59Z,99.0,Versa 4
2026-06-03T01:43:01Z,101.0,Versa 4
2026-06-03T01:43:03Z,102.0,Versa 4
2026-06-03T01:43:05Z,105.0,Versa 4
2026-06-03T01:43:07Z,106.0,Versa 4
2026-06-03T01:43:08Z,104.0,Versa 4
2026-06-03T01:43:10Z,99.0,Versa 4
2026-06-03T01:43:12Z,94.0,Versa 4
2026-06-03T01:43:14Z,92.0,Versa 4
2026-06-03T01:43:16Z,91.0,Versa 4
2026-06-03T01:43:18Z,90.0,Versa 4
2026-06-03T01:43:20Z,86.0,Versa 4
2026-06-03T01:43:22Z,84.0,Versa 4
2026-06-03T01:43:24Z,83.0,Versa 4
2026-06-03T01:43:26Z,85.0,Versa 4
2026-06-03T01:43:28Z,89.0,Versa 4
2026-06-03T01:43:30Z,97.0,Versa 4
2026-06-03T01:43:31Z,105.0,Versa 4
2026-06-03T01:43:33Z,107.0,Versa 4
2026-06-03T01:43:35Z,106.0,Versa 4
2026-06-03T01:43:37Z,102.0,Versa 4
2026-06-03T01:43:39Z,99.0,Versa 4
2026-06-03T01:43:41Z,95.0,Versa 4
2026-06-03T01:43:43Z,92.0,Versa 4
2026-06-03T01:43:45Z,89.0,Versa 4
2026-06-03T01:43:47Z,86.0,Versa 4
2026-06-03T01:43:49Z,85.0,Versa 4
2026-06-03T01:43:51Z,84.0,Versa 4
2026-06-03T01:43:53Z,83.0,Versa 4
2026-06-03T01:43:55Z,82.0,Versa 4
2026-06-03T01:43:56Z,81.0,Versa 4
2026-06-03T01:43:59Z,81.0,Versa 4
2026-06-03T01:44:02Z,81.0,Versa 4
2026-06-03T01:44:04Z,80.0,Versa 4
2026-06-03T01:44:07Z,80.0,Versa 4
2026-06-03T01:44:08Z,81.0,Versa 4
2026-06-03T01:44:10Z,82.0,Versa 4
2026-06-03T01:44:13Z,82.0,Versa 4
2026-06-03T01:44:16Z,80.0,Versa 4
2026-06-03T01:44:18Z,78.0,Versa 4
2026-06-03T01:44:19Z,78.0,Versa 4
2026-06-03T01:44:22Z,78.0,Versa 4
2026-06-03T01:44:25Z,78.0,Versa 4
2026-06-03T01:44:28Z,78.0,Versa 4
2026-06-03T01:44:29Z,79.0,Versa 4
2026-06-03T01:44:31Z,80.0,Versa 4
2026-06-03T01:44:33Z,81.0,Versa 4
2026-06-03T01:44:36Z,81.0,Versa 4
2026-06-03T01:44:37Z,80.0,Versa 4
2026-06-03T01:44:40Z,80.0,Versa 4
2026-06-03T01:44:41Z,82.0,Versa 4
2026-06-03T01:44:43Z,84.0,Versa 4
2026-06-03T01:44:44Z,85.0,Versa 4
2026-06-03T01:44:46Z,84.0,Versa 4
2026-06-03T01:44:48Z,85.0,Versa 4
2026-06-03T01:44:50Z,87.0,Versa 4
2026-06-03T01:44:52Z,88.0,Versa 4
2026-06-03T01:44:55Z,88.0,Versa 4
2026-06-03T01:44:58Z,88.0,Versa 4
2026-06-03T01:45:00Z,89.0,Versa 4
2026-06-03T01:45:03Z,89.0,Versa 4
2026-06-03T01:45:04Z,100.0,Versa 4
2026-06-03T01:45:07Z,108.0,Versa 4
2026-06-03T01:45:09Z,106.0,Versa 4
2026-06-03T01:45:11Z,104.0,Versa 4
2026-06-03T01:45:13Z,99.0,Versa 4
2026-06-03T01:45:15Z,94.0,Versa 4
2026-06-03T01:45:17Z,91.0,Versa 4
2026-06-03T01:45:19Z,88.0,Versa 4
2026-06-03T01:45:21Z,86.0,Versa 4
2026-06-03T01:45:23Z,85.0,Versa 4
2026-06-03T01:45:25Z,84.0,Versa 4
2026-06-03T01:45:27Z,85.0,Versa 4
2026-06-03T01:45:29Z,85.0,Versa 4
2026-06-03T01:45:31Z,84.0,Versa 4
2026-06-03T01:45:32Z,82.0,Versa 4
2026-06-03T01:45:34Z,81.0,Versa 4
2026-06-03T01:45:36Z,80.0,Versa 4
2026-06-03T01:45:39Z,80.0,Versa 4
2026-06-03T01:45:42Z,80.0,Versa 4
2026-06-03T01:45:45Z,80.0,Versa 4
2026-06-03T01:45:46Z,81.0,Versa 4
2026-06-03T01:45:49Z,81.0,Versa 4
2026-06-03T01:45:50Z,82.0,Versa 4
2026-06-03T01:45:52Z,81.0,Versa 4
2026-06-03T01:45:54Z,83.0,Versa 4
2026-06-03T01:45:55Z,86.0,Versa 4
2026-06-03T01:45:57Z,88.0,Versa 4
2026-06-03T01:46:00Z,88.0,Versa 4
2026-06-03T01:46:01Z,86.0,Versa 4
2026-06-03T01:46:03Z,84.0,Versa 4
2026-06-03T01:46:05Z,83.0,Versa 4
2026-06-03T01:46:07Z,84.0,Versa 4
2026-06-03T01:46:09Z,83.0,Versa 4
2026-06-03T01:46:11Z,82.0,Versa 4
2026-06-03T01:46:14Z,82.0,Versa 4
2026-06-03T01:46:15Z,80.0,Versa 4
2026-06-03T01:46:18Z,80.0,Versa 4
2026-06-03T01:46:19Z,80.0,Versa 4
2026-06-03T01:46:20Z,79.0,Versa 4
2026-06-03T01:46:22Z,79.0,Versa 4
2026-06-03T01:46:25Z,79.0,Versa 4
2026-06-03T01:46:26Z,80.0,Versa 4
2026-06-03T01:46:29Z,80.0,Versa 4
2026-06-03T01:46:30Z,81.0,Versa 4
2026-06-03T01:46:33Z,81.0,Versa 4
2026-06-03T01:46:34Z,80.0,Versa 4
2026-06-03T01:46:37Z,80.0,Versa 4
2026-06-03T01:46:38Z,81.0,Versa 4
2026-06-03T01:46:40Z,82.0,Versa 4
2026-06-03T01:46:43Z,82.0,Versa 4
2026-06-03T01:46:45Z,82.0,Versa 4
2026-06-03T01:46:47Z,83.0,Versa 4
2026-06-03T01:46:49Z,84.0,Versa 4
2026-06-03T01:46:51Z,86.0,Versa 4
2026-06-03T01:46:53Z,92.0,Versa 4
2026-06-03T01:46:55Z,96.0,Versa 4
2026-06-03T01:46:57Z,100.0,Versa 4
2026-06-03T01:46:59Z,103.0,Versa 4
2026-06-03T01:47:01Z,107.0,Versa 4
2026-06-03T01:47:03Z,111.0,Versa 4
2026-06-03T01:47:05Z,112.0,Versa 4
2026-06-03T01:47:07Z,108.0,Versa 4
2026-06-03T01:47:08Z,91.0,Versa 4
2026-06-03T01:47:10Z,88.0,Versa 4
2026-06-03T01:47:12Z,87.0,Versa 4
2026-06-03T01:47:14Z,84.0,Versa 4
2026-06-03T01:47:16Z,83.0,Versa 4
2026-06-03T01:47:18Z,82.0,Versa 4
2026-06-03T01:47:20Z,80.0,Versa 4
2026-06-03T01:47:23Z,80.0,Versa 4
2026-06-03T01:47:24Z,78.0,Versa 4
2026-06-03T01:47:26Z,78.0,Versa 4
2026-06-03T01:47:29Z,78.0,Versa 4
2026-06-03T01:47:30Z,80.0,Versa 4
2026-06-03T01:47:33Z,81.0,Versa 4
2026-06-03T01:47:35Z,80.0,Versa 4
2026-06-03T01:47:37Z,79.0,Versa 4
2026-06-03T01:47:39Z,78.0,Versa 4
2026-06-03T01:47:41Z,77.0,Versa 4
2026-06-03T01:47:43Z,76.0,Versa 4
2026-06-03T01:47:45Z,75.0,Versa 4
2026-06-03T01:47:47Z,74.0,Versa 4
2026-06-03T01:47:50Z,74.0,Versa 4
2026-06-03T01:47:53Z,74.0,Versa 4
2026-06-03T01:47:56Z,76.0,Versa 4
2026-06-03T01:47:59Z,76.0,Versa 4
2026-06-03T01:48:02Z,76.0,Versa 4
2026-06-03T01:48:05Z,76.0,Versa 4
2026-06-03T01:48:06Z,77.0,Versa 4
2026-06-03T01:48:08Z,77.0,Versa 4
2026-06-03T01:48:10Z,76.0,Versa 4
2026-06-03T01:48:12Z,76.0,Versa 4
2026-06-03T01:48:15Z,76.0,Versa 4
2026-06-03T01:48:16Z,78.0,Versa 4
2026-06-03T01:48:18Z,80.0,Versa 4
2026-06-03T01:48:19Z,82.0,Versa 4
2026-06-03T01:48:22Z,82.0,Versa 4
2026-06-03T01:48:25Z,82.0,Versa 4
2026-06-03T01:48:27Z,80.0,Versa 4
2026-06-03T01:48:29Z,79.0,Versa 4
2026-06-03T01:48:31Z,78.0,Versa 4
2026-06-03T01:48:34Z,78.0,Versa 4
2026-06-03T01:48:37Z,79.0,Versa 4
2026-06-03T01:48:39Z,78.0,Versa 4
2026-06-03T01:48:42Z,78.0,Versa 4
2026-06-03T01:48:45Z,78.0,Versa 4
2026-06-03T01:48:48Z,78.0,Versa 4
2026-06-03T01:48:50Z,78.0,Versa 4
2026-06-03T01:48:52Z,77.0,Versa 4
2026-06-03T01:48:55Z,77.0,Versa 4
2026-06-03T01:48:56Z,78.0,Versa 4
2026-06-03T01:48:59Z,78.0,Versa 4
2026-06-03T01:49:02Z,78.0,Versa 4
2026-06-03T01:49:04Z,79.0,Versa 4
2026-06-03T01:49:06Z,80.0,Versa 4
2026-06-03T01:49:09Z,80.0,Versa 4
2026-06-03T01:49:11Z,82.0,Versa 4
2026-06-03T01:49:14Z,82.0,Versa 4
2026-06-03T01:49:15Z,82.0,Versa 4
2026-06-03T01:49:18Z,82.0,Versa 4
2026-06-03T01:49:19Z,83.0,Versa 4
2026-06-03T01:49:21Z,84.0,Versa 4
2026-06-03T01:49:24Z,84.0,Versa 4
2026-06-03T01:49:25Z,86.0,Versa 4
2026-06-03T01:49:27Z,87.0,Versa 4
2026-06-03T01:49:29Z,87.0,Versa 4
2026-06-03T01:49:31Z,86.0,Versa 4
2026-06-03T01:49:32Z,83.0,Versa 4
2026-06-03T01:49:34Z,82.0,Versa 4
2026-06-03T01:49:37Z,82.0,Versa 4
2026-06-03T01:49:38Z,81.0,Versa 4
2026-06-03T01:49:40Z,80.0,Versa 4
2026-06-03T01:49:43Z,80.0,Versa 4
2026-06-03T01:49:46Z,80.0,Versa 4
2026-06-03T01:49:48Z,79.0,Versa 4
2026-06-03T01:49:50Z,78.0,Versa 4
2026-06-03T01:49:52Z,79.0,Versa 4
2026-06-03T01:49:54Z,80.0,Versa 4
2026-06-03T01:49:55Z,89.0,Versa 4
2026-06-03T01:49:57Z,98.0,Versa 4
2026-06-03T01:49:59Z,102.0,Versa 4
2026-06-03T01:50:01Z,105.0,Versa 4
2026-06-03T01:50:03Z,100.0,Versa 4
2026-06-03T01:50:05Z,90.0,Versa 4
2026-06-03T01:50:07Z,87.0,Versa 4
2026-06-03T01:50:10Z,87.0,Versa 4
2026-06-03T01:50:13Z,87.0,Versa 4
2026-06-03T01:50:15Z,86.0,Versa 4
2026-06-03T01:50:17Z,84.0,Versa 4
2026-06-03T01:50:20Z,83.0,Versa 4
2026-06-03T01:50:22Z,84.0,Versa 4
2026-06-03T01:50:24Z,84.0,Versa 4
2026-06-03T01:50:26Z,82.0,Versa 4
2026-06-03T01:50:29Z,82.0,Versa 4
2026-06-03T01:50:30Z,84.0,Versa 4
2026-06-03T01:50:32Z,85.0,Versa 4
2026-06-03T01:50:34Z,86.0,Versa 4
2026-06-03T01:50:36Z,84.0,Versa 4
2026-06-03T01:50:38Z,82.0,Versa 4
2026-06-03T01:50:41Z,82.0,Versa 4
2026-06-03T01:50:43Z,81.0,Versa 4
2026-06-03T01:50:45Z,80.0,Versa 4
2026-06-03T01:50:48Z,80.0,Versa 4
2026-06-03T01:50:49Z,79.0,Versa 4
2026-06-03T01:50:52Z,79.0,Versa 4
2026-06-03T01:50:53Z,78.0,Versa 4
2026-06-03T01:50:56Z,78.0,Versa 4
2026-06-03T01:50:59Z,78.0,Versa 4
2026-06-03T01:51:01Z,80.0,Versa 4
2026-06-03T01:51:04Z,80.0,Versa 4
2026-06-03T01:51:05Z,79.0,Versa 4
2026-06-03T01:51:07Z,78.0,Versa 4
2026-06-03T01:51:10Z,79.0,Versa 4
2026-06-03T01:51:13Z,79.0,Versa 4
2026-06-03T01:51:16Z,80.0,Versa 4
2026-06-03T01:51:18Z,82.0,Versa 4
2026-06-03T01:51:20Z,82.0,Versa 4
2026-06-03T01:51:23Z,82.0,Versa 4
2026-06-03T01:51:24Z,81.0,Versa 4
2026-06-03T01:51:27Z,81.0,Versa 4
2026-06-03T01:51:28Z,82.0,Versa 4
2026-06-03T01:51:30Z,84.0,Versa 4
2026-06-03T01:51:31Z,87.0,Versa 4
2026-06-03T01:51:33Z,91.0,Versa 4
2026-06-03T01:51:35Z,93.0,Versa 4
2026-06-03T01:51:37Z,95.0,Versa 4
2026-06-03T01:51:39Z,104.0,Versa 4
2026-06-03T01:51:41Z,104.0,Versa 4
2026-06-03T01:51:43Z,94.0,Versa 4
2026-06-03T01:51:45Z,83.0,Versa 4
2026-06-03T01:51:47Z,81.0,Versa 4
2026-06-03T01:51:49Z,80.0,Versa 4
2026-06-03T01:51:51Z,79.0,Versa 4
2026-06-03T01:51:53Z,77.0,Versa 4
2026-06-03T01:51:55Z,76.0,Versa 4
2026-06-03T01:51:58Z,74.0,Versa 4
2026-06-03T01:52:01Z,74.0,Versa 4
2026-06-03T01:52:02Z,75.0,Versa 4
2026-06-03T01:52:05Z,75.0,Versa 4
2026-06-03T01:52:08Z,74.0,Versa 4
2026-06-03T01:52:11Z,74.0,Versa 4
2026-06-03T01:52:14Z,75.0,Versa 4
2026-06-03T01:52:16Z,76.0,Versa 4
2026-06-03T01:52:19Z,77.0,Versa 4
2026-06-03T01:52:21Z,78.0,Versa 4
2026-06-03T01:52:24Z,78.0,Versa 4
2026-06-03T01:52:25Z,80.0,Versa 4
2026-06-03T01:52:28Z,80.0,Versa 4
2026-06-03T01:52:31Z,82.0,Versa 4
2026-06-03T01:52:33Z,84.0,Versa 4
2026-06-03T01:52:35Z,87.0,Versa 4
2026-06-03T01:52:37Z,88.0,Versa 4
2026-06-03T01:52:39Z,87.0,Versa 4
2026-06-03T01:52:41Z,84.0,Versa 4
2026-06-03T01:52:43Z,82.0,Versa 4
2026-06-03T01:52:46Z,80.0,Versa 4
2026-06-03T01:52:49Z,80.0,Versa 4
2026-06-03T01:52:50Z,79.0,Versa 4
2026-06-03T01:52:52Z,78.0,Versa 4
2026-06-03T01:52:55Z,78.0,Versa 4
2026-06-03T01:52:58Z,78.0,Versa 4
2026-06-03T01:53:00Z,78.0,Versa 4
2026-06-03T01:53:02Z,78.0,Versa 4
2026-06-03T01:53:05Z,78.0,Versa 4
2026-06-03T01:53:08Z,78.0,Versa 4
2026-06-03T01:53:09Z,78.0,Versa 4
2026-06-03T01:53:11Z,80.0,Versa 4
2026-06-03T01:53:14Z,80.0,Versa 4
2026-06-03T01:53:15Z,81.0,Versa 4
2026-06-03T01:53:18Z,81.0,Versa 4
2026-06-03T01:53:19Z,82.0,Versa 4
2026-06-03T01:53:22Z,82.0,Versa 4
2026-06-03T01:53:23Z,84.0,Versa 4
2026-06-03T01:53:26Z,84.0,Versa 4
2026-06-03T01:53:27Z,83.0,Versa 4
2026-06-03T01:53:29Z,82.0,Versa 4
2026-06-03T01:53:31Z,81.0,Versa 4
2026-06-03T01:53:34Z,81.0,Versa 4
2026-06-03T01:53:36Z,82.0,Versa 4
2026-06-03T01:53:38Z,85.0,Versa 4
2026-06-03T01:53:40Z,91.0,Versa 4
2026-06-03T01:53:42Z,100.0,Versa 4
2026-06-03T01:53:44Z,107.0,Versa 4
2026-06-03T01:53:46Z,104.0,Versa 4
2026-06-03T01:53:48Z,86.0,Versa 4
2026-06-03T01:53:50Z,83.0,Versa 4
2026-06-03T01:53:52Z,85.0,Versa 4
2026-06-03T01:53:54Z,87.0,Versa 4
2026-06-03T01:53:55Z,88.0,Versa 4
2026-06-03T01:53:57Z,88.0,Versa 4
2026-06-03T01:53:59Z,87.0,Versa 4
2026-06-03T01:54:01Z,85.0,Versa 4
2026-06-03T01:54:03Z,84.0,Versa 4
2026-06-03T01:54:05Z,85.0,Versa 4
2026-06-03T01:54:07Z,86.0,Versa 4
2026-06-03T01:54:09Z,89.0,Versa 4
2026-06-03T01:54:11Z,93.0,Versa 4
2026-06-03T01:54:13Z,101.0,Versa 4
2026-06-03T01:54:15Z,107.0,Versa 4
2026-06-03T01:54:18Z,107.0,Versa 4
2026-06-03T01:54:20Z,116.0,Versa 4
2026-06-03T01:54:22Z,120.0,Versa 4
2026-06-03T01:54:24Z,123.0,Versa 4
2026-06-03T01:54:26Z,125.0,Versa 4
2026-06-03T01:54:28Z,126.0,Versa 4
2026-06-03T01:54:31Z,126.0,Versa 4
2026-06-03T01:54:32Z,118.0,Versa 4
2026-06-03T01:54:34Z,108.0,Versa 4
2026-06-03T01:54:36Z,103.0,Versa 4
2026-06-03T01:54:38Z,98.0,Versa 4
2026-06-03T01:54:40Z,93.0,Versa 4
2026-06-03T01:54:42Z,88.0,Versa 4
2026-06-03T01:54:43Z,86.0,Versa 4
2026-06-03T01:54:45Z,84.0,Versa 4
2026-06-03T01:54:47Z,82.0,Versa 4
2026-06-03T01:54:49Z,80.0,Versa 4
2026-06-03T01:54:51Z,79.0,Versa 4
2026-06-03T01:54:53Z,78.0,Versa 4
2026-06-03T01:54:56Z,78.0,Versa 4
2026-06-03T01:54:57Z,79.0,Versa 4
2026-06-03T01:54:59Z,80.0,Versa 4
2026-06-03T01:55:02Z,80.0,Versa 4
2026-06-03T01:55:03Z,79.0,Versa 4
2026-06-03T01:55:06Z,79.0,Versa 4
2026-06-03T01:55:07Z,80.0,Versa 4
2026-06-03T01:55:08Z,80.0,Versa 4
2026-06-03T01:55:10Z,78.0,Versa 4
2026-06-03T01:55:12Z,76.0,Versa 4
2026-06-03T01:55:14Z,76.0,Versa 4
2026-06-03T01:55:16Z,78.0,Versa 4
2026-06-03T01:55:18Z,79.0,Versa 4
2026-06-03T01:55:20Z,92.0,Versa 4
2026-06-03T01:55:22Z,100.0,Versa 4
2026-06-03T01:55:24Z,103.0,Versa 4
2026-06-03T01:55:26Z,101.0,Versa 4
2026-06-03T01:55:28Z,98.0,Versa 4
2026-06-03T01:55:30Z,93.0,Versa 4
2026-06-03T01:55:31Z,90.0,Versa 4
2026-06-03T01:55:33Z,87.0,Versa 4
2026-06-03T01:55:35Z,85.0,Versa 4
2026-06-03T01:55:37Z,84.0,Versa 4
2026-06-03T01:55:39Z,82.0,Versa 4
2026-06-03T01:55:42Z,82.0,Versa 4
2026-06-03T01:55:43Z,83.0,Versa 4
2026-06-03T01:55:46Z,83.0,Versa 4
2026-06-03T01:55:49Z,83.0,Versa 4
2026-06-03T01:55:51Z,82.0,Versa 4
2026-06-03T01:55:54Z,82.0,Versa 4
2026-06-03T01:55:56Z,83.0,Versa 4
2026-06-03T01:55:58Z,84.0,Versa 4
2026-06-03T01:56:00Z,86.0,Versa 4
2026-06-03T01:56:02Z,87.0,Versa 4
2026-06-03T01:56:04Z,89.0,Versa 4
2026-06-03T01:56:06Z,94.0,Versa 4
2026-06-03T01:56:08Z,98.0,Versa 4
2026-06-03T01:56:10Z,101.0,Versa 4
2026-06-03T01:56:12Z,103.0,Versa 4
2026-06-03T01:56:14Z,106.0,Versa 4
2026-06-03T01:56:16Z,107.0,Versa 4
2026-06-03T01:56:18Z,108.0,Versa 4
2026-06-03T01:56:19Z,106.0,Versa 4
2026-06-03T01:56:21Z,105.0,Versa 4
2026-06-03T01:56:24Z,105.0,Versa 4
2026-06-03T01:56:25Z,106.0,Versa 4
2026-06-03T01:56:27Z,110.0,Versa 4
2026-06-03T01:56:29Z,113.0,Versa 4
2026-06-03T01:56:31Z,116.0,Versa 4
2026-06-03T01:56:33Z,118.0,Versa 4
2026-06-03T01:56:35Z,117.0,Versa 4
2026-06-03T01:56:37Z,114.0,Versa 4
2026-06-03T01:56:58Z,107.0,Versa 4
2026-06-03T01:57:00Z,110.0,Versa 4
2026-06-03T01:57:02Z,106.0,Versa 4
2026-06-03T01:57:04Z,107.0,Versa 4
2026-06-03T01:57:06Z,104.0,Versa 4
2026-06-03T01:57:08Z,98.0,Versa 4
2026-06-03T01:57:10Z,97.0,Versa 4
2026-06-03T01:57:12Z,92.0,Versa 4
2026-06-03T01:57:14Z,87.0,Versa 4
2026-06-03T01:57:16Z,88.0,Versa 4
2026-06-03T01:57:18Z,90.0,Versa 4
2026-06-03T01:57:21Z,91.0,Versa 4
2026-06-03T01:57:23Z,92.0,Versa 4
2026-06-03T01:57:25Z,84.0,Versa 4
2026-06-03T01:57:27Z,86.0,Versa 4
2026-06-03T01:57:29Z,88.0,Versa 4
2026-06-03T01:57:31Z,86.0,Versa 4
2026-06-03T01:57:34Z,86.0,Versa 4
2026-06-03T01:57:35Z,87.0,Versa 4
2026-06-03T01:57:37Z,86.0,Versa 4
2026-06-03T01:57:39Z,87.0,Versa 4
2026-06-03T01:57:41Z,88.0,Versa 4
2026-06-03T01:57:43Z,90.0,Versa 4
2026-06-03T01:57:44Z,89.0,Versa 4
2026-06-03T01:57:46Z,88.0,Versa 4
2026-06-03T01:57:48Z,93.0,Versa 4
2026-06-03T01:57:50Z,90.0,Versa 4
2026-06-03T01:57:52Z,90.0,Versa 4
2026-06-03T01:57:54Z,97.0,Versa 4
2026-06-03T01:57:56Z,100.0,Versa 4
2026-06-03T01:57:58Z,94.0,Versa 4
2026-06-03T02:00:20Z,92.0,Versa 4
2026-06-03T02:00:23Z,93.0,Versa 4
2026-06-03T02:00:25Z,94.0,Versa 4
2026-06-03T02:00:27Z,92.0,Versa 4
2026-06-03T02:00:29Z,94.0,Versa 4
2026-06-03T02:00:31Z,95.0,Versa 4
2026-06-03T02:00:33Z,94.0,Versa 4
2026-06-03T02:00:35Z,97.0,Versa 4
2026-06-03T02:00:37Z,95.0,Versa 4
2026-06-03T02:00:39Z,96.0,Versa 4
2026-06-03T02:00:41Z,98.0,Versa 4
2026-06-03T02:00:43Z,97.0,Versa 4
2026-06-03T02:00:44Z,96.0,Versa 4
2026-06-03T02:00:46Z,93.0,Versa 4
2026-06-03T02:00:49Z,93.0,Versa 4
2026-06-03T02:00:50Z,94.0,Versa 4
2026-06-03T02:00:52Z,95.0,Versa 4
2026-06-03T02:00:54Z,94.0,Versa 4
2026-06-03T02:00:56Z,93.0,Versa 4
2026-06-03T02:00:58Z,95.0,Versa 4
2026-06-03T02:01:00Z,93.0,Versa 4
2026-06-03T02:01:03Z,93.0,Versa 4
2026-06-03T02:01:04Z,96.0,Versa 4
2026-06-03T02:01:06Z,94.0,Versa 4
2026-06-03T02:01:08Z,92.0,Versa 4
2026-06-03T02:01:09Z,95.0,Versa 4
2026-06-03T02:01:11Z,96.0,Versa 4
2026-06-03T02:01:13Z,94.0,Versa 4
2026-06-03T02:01:15Z,96.0,Versa 4
2026-06-03T02:01:18Z,96.0,Versa 4
2026-06-03T02:01:19Z,94.0,Versa 4
2026-06-03T02:22:43Z,100.0,Versa 4
2026-06-03T02:22:45Z,98.0,Versa 4
2026-06-03T02:22:47Z,96.0,Versa 4
2026-06-03T02:22:49Z,97.0,Versa 4
2026-06-03T02:22:51Z,98.0,Versa 4
2026-06-03T02:22:53Z,103.0,Versa 4
2026-06-03T02:22:55Z,101.0,Versa 4
2026-06-03T02:22:57Z,99.0,Versa 4
2026-06-03T02:22:59Z,102.0,Versa 4
2026-06-03T02:23:01Z,101.0,Versa 4
2026-06-03T02:23:04Z,101.0,Versa 4
2026-06-03T02:23:06Z,100.0,Versa 4
2026-06-03T02:23:08Z,101.0,Versa 4
2026-06-03T02:23:10Z,102.0,Versa 4
2026-06-03T02:23:12Z,101.0,Versa 4
2026-06-03T02:23:14Z,104.0,Versa 4
2026-06-03T02:23:16Z,102.0,Versa 4
2026-06-03T02:23:18Z,100.0,Versa 4
2026-06-03T02:23:20Z,101.0,Versa 4
2026-06-03T02:23:22Z,100.0,Versa 4
2026-06-03T02:23:24Z,99.0,Versa 4
2026-06-03T02:23:27Z,98.0,Versa 4
2026-06-03T02:23:29Z,97.0,Versa 4
2026-06-03T02:23:32Z,97.0,Versa 4
2026-06-03T02:23:33Z,96.0,Versa 4
2026-06-03T02:23:36Z,96.0,Versa 4
2026-06-03T02:23:37Z,95.0,Versa 4
2026-06-03T02:23:39Z,94.0,Versa 4
2026-06-03T08:42:26Z,101.0,Versa 4
2026-06-03T08:42:28Z,100.0,Versa 4
2026-06-03T08:42:30Z,101.0,Versa 4
2026-06-03T08:42:32Z,102.0,Versa 4
2026-06-03T08:42:34Z,103.0,Versa 4
2026-06-03T08:42:37Z,103.0,Versa 4
2026-06-03T08:42:38Z,104.0,Versa 4
2026-06-03T08:42:40Z,105.0,Versa 4
2026-06-03T08:42:42Z,103.0,Versa 4
2026-06-03T08:42:45Z,103.0,Versa 4
2026-06-03T08:42:47Z,101.0,Versa 4
2026-06-03T08:42:50Z,101.0,Versa 4
2026-06-03T08:42:51Z,102.0,Versa 4
2026-06-03T08:42:53Z,103.0,Versa 4
2026-06-03T08:42:55Z,104.0,Versa 4
2026-06-03T08:42:57Z,105.0,Versa 4
2026-06-03T08:42:59Z,106.0,Versa 4
2026-06-03T08:43:01Z,103.0,Versa 4
2026-06-03T08:43:03Z,107.0,Versa 4
2026-06-03T08:43:05Z,108.0,Versa 4
2026-06-03T08:43:07Z,107.0,Versa 4
2026-06-03T08:43:08Z,105.0,Versa 4
2026-06-03T08:43:10Z,103.0,Versa 4
2026-06-03T08:43:12Z,102.0,Versa 4
2026-06-03T08:43:14Z,105.0,Versa 4
2026-06-03T08:43:16Z,103.0,Versa 4
2026-06-03T08:43:18Z,100.0,Versa 4
2026-06-03T08:43:20Z,102.0,Versa 4
2026-06-03T10:10:03Z,104.0,Versa 4
2026-06-03T10:10:04Z,105.0,Versa 4
2026-06-03T10:10:07Z,105.0,Versa 4
2026-06-03T10:10:10Z,106.0,Versa 4
2026-06-03T10:10:13Z,106.0,Versa 4
2026-06-03T10:10:16Z,107.0,Versa 4
2026-06-03T10:10:18Z,104.0,Versa 4
2026-06-03T10:10:20Z,103.0,Versa 4
2026-06-03T10:10:22Z,104.0,Versa 4
2026-06-03T10:10:25Z,104.0,Versa 4
2026-06-03T10:10:26Z,111.0,Versa 4
2026-06-03T10:10:27Z,107.0,Versa 4
2026-06-03T10:10:29Z,103.0,Versa 4
2026-06-03T22:03:13Z,96.0,Versa 4
2026-06-03T22:03:15Z,103.0,Versa 4
2026-06-03T22:03:17Z,99.0,Versa 4
2026-06-03T22:03:18Z,97.0,Versa 4
2026-06-03T22:03:36Z,96.0,Versa 4
2026-06-03T22:03:38Z,95.0,Versa 4
2026-06-03T22:03:40Z,106.0,Versa 4
2026-06-03T22:03:42Z,102.0,Versa 4
2026-06-03T22:03:44Z,106.0,Versa 4
2026-06-03T22:03:46Z,104.0,Versa 4
2026-06-03T22:03:48Z,103.0,Versa 4
2026-06-03T22:03:50Z,109.0,Versa 4
2026-06-03T22:03:52Z,108.0,Versa 4
2026-06-03T22:03:53Z,111.0,Versa 4
2026-06-03T22:03:55Z,109.0,Versa 4
2026-06-03T22:03:57Z,120.0,Versa 4
2026-06-03T22:03:59Z,112.0,Versa 4
2026-06-03T22:04:01Z,103.0,Versa 4
2026-06-03T22:04:03Z,100.0,Versa 4
2026-06-03T22:04:05Z,93.0,Versa 4
2026-06-03T22:04:07Z,87.0,Versa 4
2026-06-03T22:04:09Z,89.0,Versa 4
2026-06-03T22:04:11Z,83.0,Versa 4
2026-06-03T22:04:13Z,80.0,Versa 4
2026-06-03T22:04:15Z,90.0,Versa 4
2026-06-03T22:04:16Z,84.0,Versa 4
2026-06-03T22:04:18Z,83.0,Versa 4
2026-06-03T22:04:20Z,90.0,Versa 4
2026-06-03T22:04:22Z,86.0,Versa 4
2026-06-03T22:04:24Z,87.0,Versa 4
2026-06-03T22:04:26Z,91.0,Versa 4
2026-06-03T22:04:28Z,95.0,Versa 4
2026-06-03T22:04:30Z,96.0,Versa 4
2026-06-03T22:04:32Z,97.0,Versa 4
2026-06-03T22:04:34Z,96.0,Versa 4
2026-06-03T22:04:36Z,95.0,Versa 4
2026-06-03T22:04:38Z,96.0,Versa 4
2026-06-03T22:04:40Z,97.0,Versa 4
2026-06-03T22:04:43Z,98.0,Versa 4
2026-06-03T22:04:46Z,98.0,Versa 4
2026-06-03T22:04:47Z,96.0,Versa 4
2026-06-03T22:04:49Z,97.0,Versa 4
2026-06-03T22:04:52Z,97.0,Versa 4
2026-06-03T22:04:53Z,96.0,Versa 4
2026-06-03T22:04:55Z,95.0,Versa 4
2026-06-03T22:04:57Z,94.0,Versa 4
2026-06-03T22:04:59Z,93.0,Versa 4
2026-06-03T22:05:01Z,93.0,Versa 4
2026-06-03T22:05:03Z,91.0,Versa 4
2026-06-03T22:05:06Z,92.0,Versa 4
2026-06-03T22:05:08Z,91.0,Versa 4
2026-06-03T22:05:10Z,89.0,Versa 4
2026-06-03T22:05:12Z,87.0,Versa 4
2026-06-03T22:05:15Z,87.0,Versa 4
2026-06-03T22:05:16Z,87.0,Versa 4
2026-06-03T22:05:19Z,87.0,Versa 4
2026-06-03T22:05:22Z,88.0,Versa 4
2026-06-03T22:05:25Z,88.0,Versa 4
2026-06-03T22:05:26Z,90.0,Versa 4
2026-06-03T22:05:29Z,89.0,Versa 4
2026-06-03T22:05:31Z,88.0,Versa 4
2026-06-03T22:05:33Z,88.0,Versa 4
2026-06-03T22:05:36Z,88.0,Versa 4
2026-06-03T22:05:37Z,89.0,Versa 4
2026-06-03T22:05:39Z,93.0,Versa 4
2026-06-03T22:05:42Z,93.0,Versa 4
2026-06-03T22:05:43Z,94.0,Versa 4
2026-06-03T22:05:45Z,93.0,Versa 4
2026-06-03T22:05:47Z,92.0,Versa 4
2026-06-03T22:05:49Z,90.0,Versa 4
2026-06-03T22:05:51Z,89.0,Versa 4
2026-06-03T22:05:52Z,88.0,Versa 4
2026-06-03T22:05:54Z,88.0,Versa 4
2026-06-03T22:05:56Z,87.0,Versa 4
2026-06-03T22:05:58Z,86.0,Versa 4
2026-06-03T22:06:00Z,87.0,Versa 4
2026-06-03T22:06:02Z,86.0,Versa 4
2026-06-03T22:06:05Z,86.0,Versa 4
2026-06-03T22:06:08Z,86.0,Versa 4
2026-06-03T22:06:10Z,87.0,Versa 4
2026-06-03T22:06:12Z,87.0,Versa 4
2026-06-03T22:06:14Z,87.0,Versa 4
2026-06-03T22:06:16Z,86.0,Versa 4
2026-06-03T22:06:19Z,86.0,Versa 4
2026-06-03T22:06:22Z,86.0,Versa 4
2026-06-03T22:06:25Z,86.0,Versa 4
2026-06-03T22:06:28Z,86.0,Versa 4
2026-06-03T22:06:31Z,86.0,Versa 4
2026-06-03T22:06:33Z,85.0,Versa 4
2026-06-03T22:06:35Z,84.0,Versa 4
2026-06-03T22:06:37Z,86.0,Versa 4
2026-06-03T22:06:39Z,85.0,Versa 4
2026-06-03T22:06:40Z,83.0,Versa 4
2026-06-03T22:06:42Z,82.0,Versa 4
2026-06-03T22:06:44Z,83.0,Versa 4
2026-06-03T22:06:47Z,83.0,Versa 4
2026-06-03T22:06:48Z,84.0,Versa 4
2026-06-03T22:06:51Z,84.0,Versa 4
2026-06-03T22:06:52Z,83.0,Versa 4
2026-06-03T22:06:54Z,84.0,Versa 4
2026-06-03T22:06:57Z,84.0,Versa 4
2026-06-03T22:06:58Z,85.0,Versa 4
2026-06-03T22:07:00Z,88.0,Versa 4
2026-06-03T22:07:03Z,88.0,Versa 4
2026-06-03T22:07:06Z,88.0,Versa 4
2026-06-03T22:07:09Z,90.0,Versa 4
2026-06-03T22:07:12Z,90.0,Versa 4
2026-06-03T22:07:13Z,91.0,Versa 4
2026-06-03T22:07:15Z,90.0,Versa 4
2026-06-03T22:07:17Z,88.0,Versa 4
2026-06-03T22:07:19Z,86.0,Versa 4
2026-06-03T22:07:21Z,85.0,Versa 4
2026-06-03T22:07:24Z,85.0,Versa 4
2026-06-03T22:07:25Z,88.0,Versa 4
2026-06-03T22:07:28Z,86.0,Versa 4
2026-06-03T22:07:30Z,84.0,Versa 4
2026-06-03T22:07:32Z,83.0,Versa 4
2026-06-03T22:07:35Z,83.0,Versa 4
2026-06-03T22:07:36Z,82.0,Versa 4
2026-06-03T22:07:38Z,83.0,Versa 4
2026-06-03T22:07:40Z,84.0,Versa 4
2026-06-03T22:07:43Z,84.0,Versa 4
2026-06-03T22:07:44Z,85.0,Versa 4
2026-06-03T22:07:46Z,84.0,Versa 4
2026-06-03T22:07:49Z,84.0,Versa 4
2026-06-03T22:07:52Z,83.0,Versa 4
2026-06-03T22:07:53Z,82.0,Versa 4
2026-06-03T22:07:56Z,82.0,Versa 4
2026-06-03T22:07:59Z,81.0,Versa 4
2026-06-03T22:08:02Z,81.0,Versa 4
2026-06-03T22:08:03Z,82.0,Versa 4
2026-06-03T22:08:06Z,82.0,Versa 4
2026-06-03T22:08:07Z,83.0,Versa 4
2026-06-03T22:08:09Z,84.0,Versa 4
2026-06-03T22:08:12Z,84.0,Versa 4
2026-06-03T22:08:13Z,85.0,Versa 4
2026-06-03T22:08:15Z,84.0,Versa 4
2026-06-03T22:08:18Z,84.0,Versa 4
2026-06-03T22:08:20Z,83.0,Versa 4
2026-06-03T22:08:23Z,83.0,Versa 4
2026-06-03T22:08:24Z,82.0,Versa 4
2026-06-03T22:08:27Z,82.0,Versa 4
2026-06-03T22:08:30Z,83.0,Versa 4
2026-06-03T22:08:32Z,84.0,Versa 4
2026-06-03T22:08:35Z,84.0,Versa 4
2026-06-03T22:08:38Z,84.0,Versa 4
2026-06-03T22:08:40Z,85.0,Versa 4
2026-06-03T22:08:43Z,85.0,Versa 4
2026-06-03T22:08:45Z,86.0,Versa 4
2026-06-03T22:08:47Z,87.0,Versa 4
2026-06-03T22:08:49Z,86.0,Versa 4
2026-06-03T22:08:52Z,86.0,Versa 4
2026-06-03T22:08:53Z,85.0,Versa 4
2026-06-03T22:08:55Z,84.0,Versa 4
2026-06-03T22:08:58Z,84.0,Versa 4
2026-06-03T22:08:59Z,84.0,Versa 4
2026-06-03T22:09:01Z,83.0,Versa 4
2026-06-03T22:09:03Z,82.0,Versa 4
2026-06-03T22:09:06Z,82.0,Versa 4
2026-06-03T22:09:07Z,84.0,Versa 4
2026-06-03T22:09:10Z,85.0,Versa 4
2026-06-03T22:09:12Z,84.0,Versa 4
2026-06-03T22:09:14Z,84.0,Versa 4
2026-06-03T22:09:17Z,84.0,Versa 4
2026-06-03T22:09:18Z,84.0,Versa 4
2026-06-03T22:09:20Z,83.0,Versa 4
2026-06-03T22:09:22Z,82.0,Versa 4
2026-06-03T22:09:24Z,83.0,Versa 4
2026-06-03T22:09:27Z,83.0,Versa 4
2026-06-03T22:09:30Z,84.0,Versa 4
2026-06-03T22:09:33Z,84.0,Versa 4
2026-06-03T22:09:35Z,85.0,Versa 4
2026-06-03T22:09:37Z,85.0,Versa 4
2026-06-03T22:09:39Z,85.0,Versa 4
2026-06-03T22:09:42Z,85.0,Versa 4
2026-06-03T22:09:45Z,85.0,Versa 4
2026-06-03T22:09:48Z,85.0,Versa 4
2026-06-03T22:09:51Z,84.0,Versa 4
2026-06-03T22:09:54Z,84.0,Versa 4
2026-06-03T22:09:57Z,84.0,Versa 4
2026-06-03T22:10:00Z,85.0,Versa 4
2026-06-03T22:10:03Z,85.0,Versa 4
2026-06-03T22:10:06Z,86.0,Versa 4
2026-06-03T22:10:09Z,86.0,Versa 4
2026-06-03T22:10:12Z,86.0,Versa 4
2026-06-03T22:10:15Z,86.0,Versa 4
2026-06-03T22:10:18Z,86.0,Versa 4
2026-06-03T22:10:21Z,86.0,Versa 4
2026-06-03T22:10:24Z,86.0,Versa 4
2026-06-03T22:10:25Z,86.0,Versa 4
2026-06-03T22:10:27Z,84.0,Versa 4
2026-06-03T22:10:30Z,84.0,Versa 4
2026-06-03T22:10:33Z,84.0,Versa 4
2026-06-03T22:10:36Z,84.0,Versa 4
2026-06-03T22:10:39Z,84.0,Versa 4
2026-06-03T22:10:41Z,85.0,Versa 4
2026-06-03T22:10:44Z,85.0,Versa 4
2026-06-03T22:10:47Z,85.0,Versa 4
2026-06-03T22:10:48Z,86.0,Versa 4
2026-06-03T22:10:51Z,86.0,Versa 4
2026-06-03T22:10:52Z,86.0,Versa 4
2026-06-03T22:10:55Z,86.0,Versa 4
2026-06-03T22:10:56Z,87.0,Versa 4
2026-06-03T22:10:58Z,88.0,Versa 4
2026-06-03T22:11:00Z,91.0,Versa 4
2026-06-03T22:11:02Z,92.0,Versa 4
2026-06-03T22:11:04Z,91.0,Versa 4
2026-06-03T22:11:06Z,88.0,Versa 4
2026-06-03T22:11:08Z,86.0,Versa 4
2026-06-03T22:11:09Z,85.0,Versa 4
2026-06-03T22:11:11Z,84.0,Versa 4
2026-06-03T22:11:14Z,84.0,Versa 4
2026-06-03T22:11:15Z,83.0,Versa 4
2026-06-03T22:11:18Z,83.0,Versa 4
2026-06-03T22:11:21Z,83.0,Versa 4
2026-06-03T22:11:24Z,83.0,Versa 4
2026-06-03T22:11:25Z,82.0,Versa 4
2026-06-03T22:11:28Z,82.0,Versa 4
2026-06-03T22:11:31Z,82.0,Versa 4
2026-06-03T22:11:32Z,82.0,Versa 4
2026-06-03T22:11:35Z,82.0,Versa 4
2026-06-03T22:11:38Z,82.0,Versa 4
2026-06-03T22:11:41Z,82.0,Versa 4
2026-06-03T22:11:44Z,82.0,Versa 4
2026-06-03T22:11:47Z,82.0,Versa 4
2026-06-03T22:11:49Z,83.0,Versa 4
2026-06-03T22:11:51Z,84.0,Versa 4
2026-06-03T22:11:54Z,84.0,Versa 4
2026-06-03T22:11:55Z,84.0,Versa 4
2026-06-03T22:11:57Z,84.0,Versa 4
2026-06-03T22:11:59Z,85.0,Versa 4
2026-06-03T22:12:02Z,85.0,Versa 4
2026-06-03T22:12:03Z,86.0,Versa 4
2026-06-03T22:12:06Z,86.0,Versa 4
2026-06-03T22:12:07Z,87.0,Versa 4
2026-06-03T22:12:10Z,87.0,Versa 4
2026-06-03T22:12:12Z,87.0,Versa 4
2026-06-03T22:12:14Z,88.0,Versa 4
2026-06-03T22:12:16Z,90.0,Versa 4
2026-06-03T22:12:18Z,92.0,Versa 4
2026-06-03T22:12:20Z,94.0,Versa 4
2026-06-03T22:12:22Z,95.0,Versa 4
2026-06-03T22:12:25Z,95.0,Versa 4
2026-06-03T22:12:26Z,95.0,Versa 4
2026-06-03T22:12:28Z,98.0,Versa 4
2026-06-03T22:12:30Z,99.0,Versa 4
2026-06-03T22:12:32Z,98.0,Versa 4
2026-06-03T22:12:33Z,95.0,Versa 4
2026-06-03T22:12:35Z,90.0,Versa 4
2026-06-03T22:12:37Z,89.0,Versa 4
2026-06-03T22:12:40Z,89.0,Versa 4
2026-06-03T22:12:43Z,90.0,Versa 4
2026-06-03T22:12:46Z,90.0,Versa 4
2026-06-03T22:12:47Z,88.0,Versa 4
2026-06-03T22:12:49Z,86.0,Versa 4
2026-06-03T22:12:51Z,85.0,Versa 4
2026-06-03T22:12:54Z,85.0,Versa 4
2026-06-03T22:12:57Z,85.0,Versa 4
2026-06-03T22:13:00Z,86.0,Versa 4
2026-06-03T22:13:03Z,86.0,Versa 4
2026-06-03T22:13:06Z,89.0,Versa 4
2026-06-03T22:13:08Z,90.0,Versa 4
2026-06-03T22:13:10Z,91.0,Versa 4
2026-06-03T22:13:13Z,91.0,Versa 4
2026-06-03T22:13:14Z,90.0,Versa 4
2026-06-03T22:13:16Z,88.0,Versa 4
2026-06-03T22:13:18Z,89.0,Versa 4
2026-06-03T22:13:21Z,89.0,Versa 4
2026-06-03T22:13:23Z,89.0,Versa 4
2026-06-03T22:13:25Z,88.0,Versa 4
2026-06-03T22:13:27Z,88.0,Versa 4
2026-06-03T22:13:29Z,89.0,Versa 4
2026-06-03T22:13:32Z,89.0,Versa 4
2026-06-03T22:13:33Z,88.0,Versa 4
2026-06-03T22:13:36Z,88.0,Versa 4
2026-06-03T22:13:37Z,89.0,Versa 4
2026-06-03T22:13:40Z,89.0,Versa 4
2026-06-03T22:13:41Z,90.0,Versa 4
2026-06-03T22:13:44Z,90.0,Versa 4
2026-06-03T22:13:46Z,89.0,Versa 4
2026-06-03T22:13:48Z,88.0,Versa 4
2026-06-03T22:13:50Z,86.0,Versa 4
2026-06-03T22:13:52Z,85.0,Versa 4
2026-06-03T22:13:55Z,85.0,Versa 4
2026-06-03T22:13:56Z,84.0,Versa 4
2026-06-03T22:13:58Z,83.0,Versa 4
2026-06-03T22:14:00Z,84.0,Versa 4
2026-06-03T22:14:02Z,86.0,Versa 4
2026-06-03T22:14:05Z,86.0,Versa 4
2026-06-03T22:14:06Z,86.0,Versa 4
2026-06-03T22:14:09Z,85.0,Versa 4
2026-06-03T22:14:11Z,84.0,Versa 4
2026-06-03T22:14:13Z,84.0,Versa 4
2026-06-03T22:14:15Z,84.0,Versa 4
2026-06-03T22:14:18Z,84.0,Versa 4
2026-06-03T22:14:19Z,84.0,Versa 4
2026-06-03T22:14:21Z,83.0,Versa 4
2026-06-03T22:14:23Z,83.0,Versa 4
2026-06-03T22:14:25Z,83.0,Versa 4
2026-06-03T22:14:27Z,84.0,Versa 4
2026-06-03T22:14:30Z,84.0,Versa 4
2026-06-03T22:14:31Z,86.0,Versa 4
2026-06-03T22:14:34Z,86.0,Versa 4
2026-06-03T22:14:36Z,85.0,Versa 4
2026-06-03T22:14:38Z,84.0,Versa 4
2026-06-03T22:14:40Z,86.0,Versa 4
2026-06-03T22:14:42Z,87.0,Versa 4
2026-06-03T22:14:44Z,88.0,Versa 4
2026-06-03T22:14:46Z,89.0,Versa 4
2026-06-03T22:14:48Z,87.0,Versa 4
2026-06-03T22:14:50Z,86.0,Versa 4
2026-06-03T22:14:53Z,86.0,Versa 4
2026-06-03T22:14:56Z,86.0,Versa 4
2026-06-03T22:14:57Z,85.0,Versa 4
2026-06-03T22:14:59Z,84.0,Versa 4
2026-06-03T22:15:02Z,84.0,Versa 4
2026-06-03T22:15:03Z,84.0,Versa 4
2026-06-03T22:15:06Z,84.0,Versa 4
2026-06-03T22:15:07Z,84.0,Versa 4
2026-06-03T22:15:09Z,86.0,Versa 4
2026-06-03T22:15:12Z,86.0,Versa 4
2026-06-03T22:15:15Z,86.0,Versa 4
2026-06-03T22:15:18Z,86.0,Versa 4
2026-06-03T22:15:19Z,86.0,Versa 4
2026-06-03T22:15:20Z,87.0,Versa 4
2026-06-03T22:15:22Z,88.0,Versa 4
2026-06-03T22:15:24Z,88.0,Versa 4
2026-06-03T22:15:26Z,87.0,Versa 4
2026-06-03T22:15:29Z,87.0,Versa 4
2026-06-03T22:15:30Z,86.0,Versa 4
2026-06-03T22:15:32Z,86.0,Versa 4
2026-06-03T22:15:35Z,86.0,Versa 4
2026-06-03T22:15:38Z,86.0,Versa 4
2026-06-03T22:15:40Z,86.0,Versa 4
2026-06-03T22:15:42Z,86.0,Versa 4
2026-06-03T22:15:44Z,86.0,Versa 4
2026-06-03T22:15:47Z,86.0,Versa 4
2026-06-03T22:15:49Z,88.0,Versa 4
2026-06-03T22:15:51Z,89.0,Versa 4
2026-06-03T22:15:53Z,90.0,Versa 4
2026-06-03T22:15:55Z,91.0,Versa 4
2026-06-03T22:15:57Z,92.0,Versa 4
2026-06-03T22:15:59Z,94.0,Versa 4
2026-06-03T22:16:01Z,95.0,Versa 4
2026-06-03T22:16:04Z,95.0,Versa 4
2026-06-03T22:16:07Z,95.0,Versa 4
2026-06-03T22:16:10Z,93.0,Versa 4
2026-06-03T22:16:12Z,92.0,Versa 4
2026-06-03T22:16:14Z,91.0,Versa 4
2026-06-03T22:16:16Z,90.0,Versa 4
2026-06-03T22:16:18Z,89.0,Versa 4
2026-06-03T22:16:20Z,88.0,Versa 4
2026-06-03T22:16:23Z,88.0,Versa 4
2026-06-03T22:16:26Z,87.0,Versa 4
2026-06-03T22:16:29Z,87.0,Versa 4
2026-06-03T22:16:32Z,87.0,Versa 4
2026-06-03T22:16:35Z,88.0,Versa 4
2026-06-03T22:16:37Z,89.0,Versa 4
2026-06-03T22:16:40Z,89.0,Versa 4
2026-06-03T22:16:43Z,88.0,Versa 4
2026-06-03T22:16:46Z,88.0,Versa 4
2026-06-03T22:16:47Z,87.0,Versa 4
2026-06-03T22:16:49Z,86.0,Versa 4
2026-06-03T22:16:52Z,86.0,Versa 4
2026-06-03T22:16:53Z,86.0,Versa 4
2026-06-03T22:16:55Z,88.0,Versa 4
2026-06-03T22:16:56Z,89.0,Versa 4
2026-06-03T22:16:58Z,91.0,Versa 4
2026-06-03T22:17:00Z,94.0,Versa 4
2026-06-03T22:17:02Z,98.0,Versa 4
2026-06-03T22:17:04Z,104.0,Versa 4
2026-06-03T22:17:06Z,110.0,Versa 4
2026-06-03T22:17:08Z,113.0,Versa 4
2026-06-03T22:17:11Z,113.0,Versa 4
2026-06-03T22:17:14Z,111.0,Versa 4
2026-06-03T22:17:16Z,106.0,Versa 4
2026-06-03T22:17:18Z,105.0,Versa 4
2026-06-03T22:17:20Z,104.0,Versa 4
2026-06-03T22:17:21Z,102.0,Versa 4
2026-06-03T22:17:23Z,97.0,Versa 4
2026-06-03T22:17:25Z,94.0,Versa 4
2026-06-03T22:17:27Z,102.0,Versa 4
2026-06-03T22:17:29Z,104.0,Versa 4
2026-06-03T22:17:31Z,104.0,Versa 4
2026-06-03T22:17:33Z,98.0,Versa 4
2026-06-03T22:17:35Z,92.0,Versa 4
2026-06-03T22:17:38Z,92.0,Versa 4
2026-06-03T22:17:39Z,94.0,Versa 4
2026-06-03T22:17:42Z,94.0,Versa 4
2026-06-03T22:17:43Z,94.0,Versa 4
2026-06-03T22:17:46Z,96.0,Versa 4
2026-06-03T22:17:48Z,104.0,Versa 4
2026-06-03T22:17:50Z,105.0,Versa 4
2026-06-03T22:17:52Z,102.0,Versa 4
2026-06-03T22:17:54Z,95.0,Versa 4
2026-06-03T22:17:56Z,92.0,Versa 4
2026-06-03T22:17:58Z,91.0,Versa 4
2026-06-03T22:18:00Z,92.0,Versa 4
2026-06-03T22:18:02Z,93.0,Versa 4
2026-06-03T22:18:05Z,93.0,Versa 4
2026-06-03T22:18:06Z,92.0,Versa 4
2026-06-03T22:18:09Z,94.0,Versa 4
2026-06-03T22:18:11Z,95.0,Versa 4
2026-06-03T22:18:13Z,96.0,Versa 4
2026-06-03T22:18:16Z,96.0,Versa 4
2026-06-03T22:18:17Z,97.0,Versa 4
2026-06-03T22:18:19Z,98.0,Versa 4
2026-06-03T22:18:21Z,97.0,Versa 4
2026-06-03T22:18:24Z,97.0,Versa 4
2026-06-03T22:18:25Z,98.0,Versa 4
2026-06-03T22:18:28Z,98.0,Versa 4
2026-06-03T22:18:29Z,96.0,Versa 4
2026-06-03T22:18:31Z,94.0,Versa 4
2026-06-03T22:18:34Z,96.0,Versa 4
2026-06-03T22:18:36Z,100.0,Versa 4
2026-06-03T22:18:38Z,104.0,Versa 4
2026-06-03T22:18:40Z,106.0,Versa 4
2026-06-03T22:18:43Z,106.0,Versa 4
2026-06-03T22:18:44Z,107.0,Versa 4
2026-06-03T22:18:46Z,108.0,Versa 4
2026-06-03T22:18:48Z,110.0,Versa 4
2026-06-03T22:18:51Z,110.0,Versa 4
2026-06-03T22:18:52Z,106.0,Versa 4
2026-06-03T22:18:54Z,104.0,Versa 4
2026-06-03T22:18:56Z,104.0,Versa 4
2026-06-03T22:18:57Z,102.0,Versa 4
2026-06-03T22:18:59Z,100.0,Versa 4
2026-06-03T22:19:01Z,98.0,Versa 4
2026-06-03T22:19:04Z,98.0,Versa 4
2026-06-03T22:19:07Z,98.0,Versa 4
2026-06-03T22:19:09Z,99.0,Versa 4
2026-06-03T22:19:12Z,99.0,Versa 4
2026-06-03T22:19:15Z,101.0,Versa 4
2026-06-03T22:19:17Z,100.0,Versa 4
2026-06-03T22:19:19Z,98.0,Versa 4
2026-06-03T22:19:20Z,100.0,Versa 4
2026-06-03T22:19:22Z,107.0,Versa 4
2026-06-03T22:19:24Z,108.0,Versa 4
2026-06-03T22:19:26Z,109.0,Versa 4
2026-06-03T22:19:29Z,109.0,Versa 4
2026-06-03T22:19:30Z,107.0,Versa 4
2026-06-03T22:19:32Z,104.0,Versa 4
2026-06-03T22:19:34Z,103.0,Versa 4
2026-06-03T22:19:36Z,104.0,Versa 4
2026-06-03T22:19:39Z,104.0,Versa 4
2026-06-03T22:19:40Z,105.0,Versa 4
2026-06-03T22:19:42Z,106.0,Versa 4
2026-06-03T22:19:45Z,105.0,Versa 4
2026-06-03T22:19:47Z,104.0,Versa 4
2026-06-03T22:19:49Z,105.0,Versa 4
2026-06-03T22:19:51Z,102.0,Versa 4
2026-06-03T22:19:53Z,96.0,Versa 4
2026-06-03T22:19:55Z,94.0,Versa 4
2026-06-03T22:19:58Z,94.0,Versa 4
2026-06-03T22:19:59Z,98.0,Versa 4
2026-06-03T22:20:01Z,101.0,Versa 4
2026-06-03T22:20:03Z,106.0,Versa 4
2026-06-03T22:20:05Z,110.0,Versa 4
2026-06-03T22:20:08Z,103.0,Versa 4
2026-06-03T22:20:10Z,96.0,Versa 4
2026-06-03T22:20:12Z,95.0,Versa 4
2026-06-03T22:20:14Z,98.0,Versa 4
2026-06-03T22:20:16Z,98.0,Versa 4
2026-06-03T22:20:18Z,96.0,Versa 4
2026-06-03T22:20:20Z,95.0,Versa 4
2026-06-03T22:20:23Z,95.0,Versa 4
2026-06-03T22:20:24Z,95.0,Versa 4
2026-06-03T22:20:27Z,95.0,Versa 4
2026-06-03T22:20:28Z,94.0,Versa 4
2026-06-03T22:20:31Z,94.0,Versa 4
2026-06-03T22:20:32Z,95.0,Versa 4
2026-06-03T22:20:33Z,97.0,Versa 4
2026-06-03T22:20:35Z,100.0,Versa 4
2026-06-03T22:20:37Z,102.0,Versa 4
2026-06-03T22:20:39Z,103.0,Versa 4
2026-06-03T22:20:41Z,102.0,Versa 4
2026-06-03T22:20:44Z,102.0,Versa 4
2026-06-03T22:20:45Z,104.0,Versa 4
2026-06-03T22:20:47Z,103.0,Versa 4
2026-06-03T22:20:49Z,101.0,Versa 4
2026-06-03T22:20:51Z,106.0,Versa 4
2026-06-03T22:20:53Z,105.0,Versa 4
2026-06-03T22:20:55Z,101.0,Versa 4
2026-06-03T22:20:56Z,98.0,Versa 4
2026-06-03T22:20:58Z,96.0,Versa 4
2026-06-03T22:21:00Z,97.0,Versa 4
2026-06-03T22:21:02Z,98.0,Versa 4
2026-06-03T22:21:04Z,99.0,Versa 4
2026-06-03T22:21:06Z,98.0,Versa 4
2026-06-03T22:21:08Z,96.0,Versa 4
2026-06-03T22:21:11Z,96.0,Versa 4
2026-06-03T22:21:12Z,98.0,Versa 4
2026-06-03T22:21:14Z,99.0,Versa 4
2026-06-03T22:21:16Z,100.0,Versa 4
2026-06-03T22:21:18Z,101.0,Versa 4
2026-06-03T22:21:21Z,101.0,Versa 4
2026-06-03T22:21:23Z,102.0,Versa 4
2026-06-03T22:21:26Z,102.0,Versa 4
2026-06-03T22:21:27Z,101.0,Versa 4
2026-06-03T22:21:29Z,106.0,Versa 4
2026-06-03T22:21:31Z,109.0,Versa 4
2026-06-03T22:21:33Z,109.0,Versa 4
2026-06-03T22:21:35Z,108.0,Versa 4
2026-06-03T22:21:37Z,107.0,Versa 4
2026-06-03T22:21:39Z,105.0,Versa 4
2026-06-03T22:21:41Z,102.0,Versa 4
2026-06-03T22:21:43Z,100.0,Versa 4
2026-06-03T22:21:46Z,101.0,Versa 4
2026-06-03T22:21:48Z,105.0,Versa 4
2026-06-03T22:21:50Z,108.0,Versa 4
2026-06-03T22:21:52Z,111.0,Versa 4
2026-06-03T22:21:54Z,115.0,Versa 4
2026-06-03T22:21:56Z,118.0,Versa 4
2026-06-03T22:21:58Z,121.0,Versa 4
2026-06-03T22:22:00Z,123.0,Versa 4
2026-06-03T22:22:02Z,125.0,Versa 4
2026-06-03T22:22:04Z,126.0,Versa 4
2026-06-03T22:22:06Z,123.0,Versa 4
2026-06-03T22:22:08Z,119.0,Versa 4
2026-06-03T22:22:09Z,118.0,Versa 4
2026-06-03T22:22:11Z,117.0,Versa 4
2026-06-03T22:22:13Z,118.0,Versa 4
2026-06-03T22:22:15Z,121.0,Versa 4
2026-06-03T22:22:17Z,123.0,Versa 4
2026-06-03T22:22:19Z,125.0,Versa 4
2026-06-03T22:22:21Z,127.0,Versa 4
2026-06-03T22:22:23Z,130.0,Versa 4
2026-06-03T22:22:25Z,131.0,Versa 4
2026-06-03T22:22:27Z,129.0,Versa 4
2026-06-03T22:22:29Z,125.0,Versa 4
2026-06-03T22:22:31Z,120.0,Versa 4
2026-06-03T22:22:32Z,117.0,Versa 4
2026-06-03T22:22:34Z,114.0,Versa 4
2026-06-03T22:22:37Z,113.0,Versa 4
2026-06-03T22:22:39Z,111.0,Versa 4
2026-06-03T22:22:42Z,111.0,Versa 4
2026-06-03T22:22:43Z,114.0,Versa 4
2026-06-03T22:22:45Z,115.0,Versa 4
2026-06-03T22:22:47Z,117.0,Versa 4
2026-06-03T22:22:49Z,118.0,Versa 4
2026-06-03T22:22:50Z,121.0,Versa 4
2026-06-03T22:22:52Z,126.0,Versa 4
2026-06-03T22:22:55Z,126.0,Versa 4
2026-06-03T22:22:56Z,129.0,Versa 4
2026-06-03T22:22:59Z,129.0,Versa 4
2026-06-03T22:23:00Z,124.0,Versa 4
2026-06-03T22:23:02Z,121.0,Versa 4
2026-06-03T22:23:04Z,120.0,Versa 4
2026-06-03T22:23:06Z,119.0,Versa 4
2026-06-03T22:23:08Z,118.0,Versa 4
2026-06-03T22:23:10Z,115.0,Versa 4
2026-06-03T22:23:12Z,111.0,Versa 4
2026-06-03T22:23:13Z,106.0,Versa 4
2026-06-03T22:23:15Z,101.0,Versa 4
2026-06-03T22:23:17Z,98.0,Versa 4
2026-06-03T22:23:19Z,96.0,Versa 4
2026-06-03T22:23:21Z,94.0,Versa 4
2026-06-03T22:23:23Z,93.0,Versa 4
2026-06-03T22:23:25Z,94.0,Versa 4
2026-06-03T22:23:27Z,95.0,Versa 4
2026-06-03T22:23:29Z,96.0,Versa 4
2026-06-03T22:23:31Z,95.0,Versa 4
2026-06-03T22:23:33Z,94.0,Versa 4
2026-06-03T22:23:36Z,94.0,Versa 4
2026-06-03T22:23:37Z,102.0,Versa 4
2026-06-03T22:23:38Z,106.0,Versa 4
2026-06-03T22:23:41Z,106.0,Versa 4
2026-06-03T22:23:42Z,109.0,Versa 4
2026-06-03T22:23:44Z,112.0,Versa 4
2026-06-03T22:23:46Z,115.0,Versa 4
2026-06-03T22:23:48Z,119.0,Versa 4
2026-06-03T22:23:50Z,120.0,Versa 4
2026-06-03T22:23:52Z,117.0,Versa 4
2026-06-03T22:23:54Z,115.0,Versa 4
2026-06-03T22:23:56Z,111.0,Versa 4
2026-06-03T22:23:58Z,109.0,Versa 4
2026-06-03T22:24:00Z,105.0,Versa 4
2026-06-03T22:24:01Z,104.0,Versa 4
2026-06-03T22:24:03Z,101.0,Versa 4
2026-06-03T22:24:05Z,97.0,Versa 4
2026-06-03T22:24:07Z,96.0,Versa 4
2026-06-03T22:24:09Z,96.0,Versa 4
2026-06-03T22:24:11Z,99.0,Versa 4
2026-06-03T22:24:13Z,103.0,Versa 4
2026-06-03T22:24:15Z,107.0,Versa 4
2026-06-03T22:24:17Z,111.0,Versa 4
2026-06-03T22:24:19Z,117.0,Versa 4
2026-06-03T22:24:21Z,119.0,Versa 4
2026-06-03T22:24:23Z,122.0,Versa 4
2026-06-03T22:24:25Z,123.0,Versa 4
2026-06-03T22:24:26Z,124.0,Versa 4
2026-06-03T22:24:28Z,129.0,Versa 4
2026-06-03T22:24:30Z,131.0,Versa 4
2026-06-03T22:24:33Z,131.0,Versa 4
2026-06-03T22:24:34Z,130.0,Versa 4
2026-06-03T22:24:36Z,116.0,Versa 4
2026-06-03T22:24:38Z,115.0,Versa 4
2026-06-03T22:24:40Z,114.0,Versa 4
2026-06-03T22:24:42Z,113.0,Versa 4
2026-06-03T22:24:44Z,116.0,Versa 4
2026-06-03T22:24:46Z,117.0,Versa 4
2026-06-03T22:24:49Z,122.0,Versa 4
2026-06-03T22:24:51Z,124.0,Versa 4
2026-06-03T22:24:53Z,127.0,Versa 4
2026-06-03T22:24:55Z,120.0,Versa 4
2026-06-03T22:24:57Z,116.0,Versa 4
2026-06-03T22:24:59Z,115.0,Versa 4
2026-06-03T22:25:01Z,114.0,Versa 4
2026-06-03T22:25:03Z,112.0,Versa 4
2026-06-03T22:25:05Z,113.0,Versa 4
2026-06-03T22:25:07Z,110.0,Versa 4
2026-06-03T22:25:09Z,106.0,Versa 4
2026-06-03T22:25:11Z,104.0,Versa 4
2026-06-03T22:25:13Z,101.0,Versa 4
2026-06-03T22:25:14Z,100.0,Versa 4
2026-06-03T22:25:16Z,99.0,Versa 4
2026-06-03T22:25:18Z,100.0,Versa 4
2026-06-03T22:25:20Z,102.0,Versa 4
2026-06-03T22:25:22Z,104.0,Versa 4
2026-06-03T22:25:25Z,104.0,Versa 4
2026-06-03T22:25:26Z,104.0,Versa 4
2026-06-03T22:25:28Z,102.0,Versa 4
2026-06-03T22:25:30Z,100.0,Versa 4
2026-06-03T22:25:32Z,99.0,Versa 4
2026-06-03T22:25:34Z,99.0,Versa 4
2026-06-03T22:25:36Z,100.0,Versa 4
2026-06-03T22:25:39Z,100.0,Versa 4
2026-06-03T22:25:42Z,100.0,Versa 4
2026-06-03T22:25:43Z,99.0,Versa 4
2026-06-03T22:25:46Z,99.0,Versa 4
2026-06-03T22:25:47Z,100.0,Versa 4
2026-06-03T22:25:50Z,100.0,Versa 4
2026-06-03T22:25:51Z,98.0,Versa 4
2026-06-03T22:25:53Z,98.0,Versa 4
2026-06-03T22:25:55Z,97.0,Versa 4
2026-06-03T22:25:58Z,97.0,Versa 4
2026-06-03T22:25:59Z,98.0,Versa 4
2026-06-03T22:26:02Z,98.0,Versa 4
2026-06-03T22:26:04Z,99.0,Versa 4
2026-06-03T22:26:06Z,102.0,Versa 4
2026-06-03T22:26:08Z,105.0,Versa 4
2026-06-03T22:26:10Z,108.0,Versa 4
2026-06-03T22:26:12Z,106.0,Versa 4
2026-06-03T22:26:14Z,103.0,Versa 4
2026-06-03T22:26:16Z,100.0,Versa 4
2026-06-03T22:26:18Z,99.0,Versa 4
2026-06-03T22:26:20Z,100.0,Versa 4
2026-06-03T22:26:22Z,99.0,Versa 4
2026-06-03T22:26:24Z,97.0,Versa 4
2026-06-03T22:26:25Z,96.0,Versa 4
2026-06-03T22:26:27Z,96.0,Versa 4
2026-06-03T22:26:30Z,96.0,Versa 4
2026-06-03T22:26:31Z,98.0,Versa 4
2026-06-03T22:26:33Z,100.0,Versa 4
2026-06-03T22:26:35Z,100.0,Versa 4
2026-06-03T22:26:37Z,101.0,Versa 4
2026-06-03T22:26:39Z,102.0,Versa 4
2026-06-03T22:26:41Z,104.0,Versa 4
2026-06-03T22:26:43Z,107.0,Versa 4
2026-06-03T22:26:45Z,111.0,Versa 4
2026-06-03T22:26:47Z,113.0,Versa 4
2026-06-03T22:26:49Z,121.0,Versa 4
2026-06-03T22:26:50Z,122.0,Versa 4
2026-06-03T22:26:52Z,118.0,Versa 4
2026-06-03T22:26:54Z,117.0,Versa 4
2026-06-03T22:26:56Z,116.0,Versa 4
2026-06-03T22:26:58Z,113.0,Versa 4
2026-06-03T22:27:00Z,110.0,Versa 4
2026-06-03T22:27:02Z,105.0,Versa 4
2026-06-03T22:27:05Z,105.0,Versa 4
2026-06-03T22:27:06Z,110.0,Versa 4
2026-06-03T22:27:08Z,112.0,Versa 4
2026-06-03T22:27:10Z,114.0,Versa 4
2026-06-03T22:27:12Z,123.0,Versa 4
2026-06-03T22:27:13Z,124.0,Versa 4
2026-06-03T22:27:15Z,125.0,Versa 4
2026-06-03T22:27:17Z,127.0,Versa 4
2026-06-03T22:27:19Z,129.0,Versa 4
2026-06-03T22:27:21Z,132.0,Versa 4
2026-06-03T22:27:23Z,134.0,Versa 4
2026-06-03T22:27:25Z,137.0,Versa 4
2026-06-03T22:27:27Z,138.0,Versa 4
2026-06-03T22:27:29Z,139.0,Versa 4
2026-06-03T22:27:31Z,140.0,Versa 4
2026-06-03T22:27:34Z,140.0,Versa 4
2026-06-03T22:27:35Z,138.0,Versa 4
2026-06-03T22:27:37Z,136.0,Versa 4
2026-06-03T22:27:39Z,129.0,Versa 4
2026-06-03T22:27:41Z,123.0,Versa 4
2026-06-03T22:27:43Z,120.0,Versa 4
2026-06-03T22:27:44Z,116.0,Versa 4
2026-06-03T22:27:46Z,115.0,Versa 4
2026-06-03T22:27:48Z,116.0,Versa 4
2026-06-03T22:27:50Z,119.0,Versa 4
2026-06-03T22:27:52Z,122.0,Versa 4
2026-06-03T22:27:54Z,119.0,Versa 4
2026-06-03T22:27:56Z,119.0,Versa 4
2026-06-03T22:27:58Z,125.0,Versa 4
2026-06-03T22:28:00Z,122.0,Versa 4
2026-06-03T22:28:02Z,119.0,Versa 4
2026-06-03T22:28:04Z,115.0,Versa 4
2026-06-03T22:28:06Z,112.0,Versa 4
2026-06-03T22:28:07Z,113.0,Versa 4
2026-06-03T22:28:09Z,112.0,Versa 4
2026-06-03T22:28:11Z,110.0,Versa 4
2026-06-03T22:28:13Z,106.0,Versa 4
2026-06-03T22:28:15Z,104.0,Versa 4
2026-06-03T22:28:17Z,101.0,Versa 4
2026-06-03T22:28:19Z,100.0,Versa 4
2026-06-03T22:28:21Z,99.0,Versa 4
2026-06-03T22:28:23Z,98.0,Versa 4
2026-06-03T22:28:25Z,98.0,Versa 4
2026-06-03T22:28:28Z,98.0,Versa 4
2026-06-03T22:28:29Z,99.0,Versa 4
2026-06-03T22:28:32Z,100.0,Versa 4
2026-06-03T22:28:35Z,100.0,Versa 4
2026-06-03T22:28:38Z,100.0,Versa 4
2026-06-03T22:28:41Z,100.0,Versa 4
2026-06-03T22:28:44Z,102.0,Versa 4
2026-06-03T22:28:47Z,102.0,Versa 4
2026-06-03T22:28:50Z,104.0,Versa 4
2026-06-03T22:28:52Z,105.0,Versa 4
2026-06-03T22:28:54Z,107.0,Versa 4
2026-06-03T22:28:55Z,107.0,Versa 4
2026-06-03T22:28:58Z,107.0,Versa 4
2026-06-03T22:28:59Z,106.0,Versa 4
2026-06-03T22:29:01Z,107.0,Versa 4
2026-06-03T22:29:03Z,108.0,Versa 4
2026-06-03T22:29:05Z,110.0,Versa 4
2026-06-03T22:29:07Z,109.0,Versa 4
2026-06-03T22:29:09Z,118.0,Versa 4
2026-06-03T22:29:11Z,125.0,Versa 4
2026-06-03T22:29:14Z,125.0,Versa 4
2026-06-03T22:29:15Z,124.0,Versa 4
2026-06-03T22:29:17Z,121.0,Versa 4
2026-06-03T22:29:19Z,116.0,Versa 4
2026-06-03T22:29:20Z,111.0,Versa 4
2026-06-03T22:29:22Z,108.0,Versa 4
2026-06-03T22:29:24Z,106.0,Versa 4
2026-06-03T22:29:26Z,104.0,Versa 4
2026-06-03T22:29:29Z,104.0,Versa 4
2026-06-03T22:29:30Z,107.0,Versa 4
2026-06-03T22:29:32Z,113.0,Versa 4
2026-06-03T22:29:34Z,117.0,Versa 4
2026-06-03T22:29:36Z,120.0,Versa 4
2026-06-03T22:29:38Z,123.0,Versa 4
2026-06-03T22:29:40Z,124.0,Versa 4
2026-06-03T22:29:42Z,125.0,Versa 4
2026-06-03T22:29:43Z,122.0,Versa 4
2026-06-03T22:29:45Z,117.0,Versa 4
2026-06-03T22:29:47Z,114.0,Versa 4
2026-06-03T22:29:49Z,113.0,Versa 4
2026-06-03T22:29:51Z,112.0,Versa 4
2026-06-03T22:29:53Z,111.0,Versa 4
2026-06-03T22:29:55Z,108.0,Versa 4
2026-06-03T22:29:57Z,107.0,Versa 4
2026-06-03T22:29:59Z,106.0,Versa 4
2026-06-03T22:30:02Z,106.0,Versa 4
2026-06-03T22:30:05Z,106.0,Versa 4
2026-06-03T22:30:08Z,107.0,Versa 4
2026-06-03T22:30:10Z,108.0,Versa 4
2026-06-03T22:30:13Z,108.0,Versa 4
2026-06-03T22:30:14Z,109.0,Versa 4
2026-06-03T22:30:16Z,110.0,Versa 4
2026-06-03T22:30:18Z,107.0,Versa 4
2026-06-03T22:30:20Z,106.0,Versa 4
2026-06-03T22:30:22Z,109.0,Versa 4
2026-06-03T22:30:24Z,112.0,Versa 4
2026-06-03T22:30:26Z,118.0,Versa 4
2026-06-03T22:30:28Z,127.0,Versa 4
2026-06-03T22:30:30Z,134.0,Versa 4
2026-06-03T22:30:31Z,132.0,Versa 4
2026-06-03T22:30:33Z,129.0,Versa 4
2026-06-03T22:30:35Z,124.0,Versa 4
2026-06-03T22:30:37Z,120.0,Versa 4
2026-06-03T22:30:39Z,115.0,Versa 4
2026-06-03T22:30:41Z,113.0,Versa 4
2026-06-03T22:30:43Z,111.0,Versa 4
2026-06-03T22:30:45Z,109.0,Versa 4
2026-06-03T22:30:47Z,107.0,Versa 4
2026-06-03T22:30:49Z,106.0,Versa 4
2026-06-03T22:30:51Z,106.0,Versa 4
2026-06-03T22:30:54Z,106.0,Versa 4
2026-06-03T22:30:55Z,105.0,Versa 4
2026-06-03T22:30:56Z,105.0,Versa 4
2026-06-03T22:30:58Z,106.0,Versa 4
2026-06-03T22:31:00Z,107.0,Versa 4
2026-06-03T22:31:02Z,106.0,Versa 4
2026-06-03T22:31:04Z,105.0,Versa 4
2026-06-03T22:31:06Z,104.0,Versa 4
2026-06-03T22:31:08Z,106.0,Versa 4
2026-06-03T22:31:10Z,110.0,Versa 4
2026-06-03T22:31:12Z,112.0,Versa 4
2026-06-03T22:31:14Z,115.0,Versa 4
2026-06-03T22:31:16Z,117.0,Versa 4
2026-06-03T22:31:19Z,116.0,Versa 4
2026-06-03T22:31:21Z,117.0,Versa 4
2026-06-03T22:31:23Z,121.0,Versa 4
2026-06-03T22:31:25Z,123.0,Versa 4
2026-06-03T22:31:27Z,120.0,Versa 4
2026-06-03T22:31:29Z,124.0,Versa 4
2026-06-03T22:31:31Z,123.0,Versa 4
2026-06-03T22:31:33Z,126.0,Versa 4
2026-06-03T22:31:35Z,128.0,Versa 4
2026-06-03T22:31:37Z,126.0,Versa 4
2026-06-03T22:31:39Z,125.0,Versa 4
2026-06-03T22:31:41Z,122.0,Versa 4
2026-06-03T22:31:43Z,118.0,Versa 4
2026-06-03T22:31:44Z,115.0,Versa 4
2026-06-03T22:31:46Z,112.0,Versa 4
2026-06-03T22:31:48Z,111.0,Versa 4
2026-06-03T22:31:50Z,107.0,Versa 4
2026-06-03T22:31:52Z,104.0,Versa 4
2026-06-03T22:31:55Z,104.0,Versa 4
2026-06-03T22:31:56Z,106.0,Versa 4
2026-06-03T22:31:58Z,108.0,Versa 4
2026-06-03T22:32:00Z,110.0,Versa 4
2026-06-03T22:32:02Z,112.0,Versa 4
2026-06-03T22:32:04Z,124.0,Versa 4
2026-06-03T22:32:07Z,121.0,Versa 4
2026-06-03T22:32:09Z,119.0,Versa 4
2026-06-03T22:32:11Z,118.0,Versa 4
2026-06-03T22:32:13Z,115.0,Versa 4
2026-06-03T22:32:15Z,111.0,Versa 4
2026-06-03T22:32:17Z,108.0,Versa 4
2026-06-03T22:32:19Z,105.0,Versa 4
2026-06-03T22:32:21Z,106.0,Versa 4
2026-06-03T22:32:24Z,106.0,Versa 4
2026-06-03T22:32:25Z,105.0,Versa 4
2026-06-03T22:32:27Z,104.0,Versa 4
2026-06-03T22:32:29Z,103.0,Versa 4
2026-06-03T22:32:31Z,104.0,Versa 4
2026-06-03T22:32:34Z,105.0,Versa 4
2026-06-03T22:32:36Z,104.0,Versa 4
2026-06-03T22:32:38Z,103.0,Versa 4
2026-06-03T22:32:40Z,103.0,Versa 4
2026-06-03T22:32:42Z,103.0,Versa 4
2026-06-03T22:32:44Z,104.0,Versa 4
2026-06-03T22:32:46Z,106.0,Versa 4
2026-06-03T22:32:48Z,108.0,Versa 4
2026-06-03T22:32:50Z,109.0,Versa 4
2026-06-03T22:32:53Z,109.0,Versa 4
2026-06-03T22:32:54Z,108.0,Versa 4
2026-06-03T22:32:55Z,106.0,Versa 4
2026-06-03T22:32:58Z,106.0,Versa 4
2026-06-03T22:32:59Z,104.0,Versa 4
2026-06-03T22:33:01Z,103.0,Versa 4
2026-06-03T22:33:04Z,103.0,Versa 4
2026-06-03T22:33:05Z,103.0,Versa 4
2026-06-03T22:33:07Z,104.0,Versa 4
2026-06-03T22:33:09Z,106.0,Versa 4
2026-06-03T22:33:11Z,110.0,Versa 4
2026-06-03T22:33:13Z,113.0,Versa 4
2026-06-03T22:33:15Z,115.0,Versa 4
2026-06-03T22:33:17Z,114.0,Versa 4
2026-06-03T22:33:19Z,112.0,Versa 4
2026-06-03T22:33:22Z,111.0,Versa 4
2026-06-03T22:33:24Z,112.0,Versa 4
2026-06-03T22:33:26Z,110.0,Versa 4
2026-06-03T22:33:28Z,105.0,Versa 4
2026-06-03T22:33:30Z,101.0,Versa 4
2026-06-03T22:33:32Z,98.0,Versa 4
2026-06-03T22:33:34Z,97.0,Versa 4
2026-06-03T22:33:36Z,97.0,Versa 4
2026-06-03T22:33:38Z,98.0,Versa 4
2026-06-03T22:33:40Z,97.0,Versa 4
2026-06-03T22:33:42Z,96.0,Versa 4
2026-06-03T22:33:43Z,97.0,Versa 4
2026-06-03T22:33:46Z,97.0,Versa 4
2026-06-03T22:33:47Z,99.0,Versa 4
2026-06-03T22:33:49Z,100.0,Versa 4
2026-06-03T22:33:51Z,102.0,Versa 4
2026-06-03T22:33:54Z,102.0,Versa 4
2026-06-03T22:33:55Z,103.0,Versa 4
2026-06-03T22:33:58Z,103.0,Versa 4
2026-06-03T22:33:59Z,102.0,Versa 4
2026-06-03T22:34:02Z,102.0,Versa 4
2026-06-03T22:34:03Z,101.0,Versa 4
2026-06-03T22:34:05Z,100.0,Versa 4
2026-06-03T22:34:08Z,100.0,Versa 4
2026-06-03T22:34:10Z,99.0,Versa 4
2026-06-03T22:34:13Z,99.0,Versa 4
2026-06-03T22:34:14Z,100.0,Versa 4
2026-06-03T22:34:17Z,100.0,Versa 4
2026-06-03T22:34:18Z,101.0,Versa 4
2026-06-03T22:34:20Z,103.0,Versa 4
2026-06-03T22:34:22Z,106.0,Versa 4
2026-06-03T22:34:24Z,108.0,Versa 4
2026-06-03T22:34:26Z,109.0,Versa 4
2026-06-03T22:34:28Z,110.0,Versa 4
2026-06-03T22:34:31Z,113.0,Versa 4
2026-06-03T22:34:33Z,115.0,Versa 4
2026-06-03T22:34:35Z,117.0,Versa 4
2026-06-03T22:34:37Z,116.0,Versa 4
2026-06-03T22:34:39Z,112.0,Versa 4
2026-06-03T22:34:41Z,105.0,Versa 4
2026-06-03T22:34:43Z,101.0,Versa 4
2026-06-03T22:34:45Z,100.0,Versa 4
2026-06-03T22:34:47Z,99.0,Versa 4
2026-06-03T22:34:49Z,98.0,Versa 4
2026-06-03T22:34:51Z,94.0,Versa 4
2026-06-03T22:34:53Z,92.0,Versa 4
2026-06-03T22:34:55Z,92.0,Versa 4
2026-06-03T22:34:58Z,92.0,Versa 4
2026-06-03T22:35:01Z,92.0,Versa 4
2026-06-03T22:35:02Z,94.0,Versa 4
2026-06-03T22:35:04Z,96.0,Versa 4
2026-06-03T22:35:06Z,97.0,Versa 4
2026-06-03T22:35:08Z,97.0,Versa 4
2026-06-03T22:35:10Z,96.0,Versa 4
2026-06-03T22:35:12Z,97.0,Versa 4
2026-06-03T22:35:14Z,98.0,Versa 4
2026-06-03T22:35:16Z,99.0,Versa 4
2026-06-03T22:35:18Z,100.0,Versa 4
2026-06-03T22:35:21Z,102.0,Versa 4
2026-06-03T22:35:23Z,104.0,Versa 4
2026-06-03T22:35:25Z,105.0,Versa 4
2026-06-03T22:35:27Z,106.0,Versa 4
2026-06-03T22:35:29Z,110.0,Versa 4
2026-06-03T22:35:31Z,112.0,Versa 4
2026-06-03T22:35:33Z,113.0,Versa 4
2026-06-03T22:35:35Z,116.0,Versa 4
2026-06-03T22:35:37Z,122.0,Versa 4
2026-06-03T22:35:39Z,124.0,Versa 4
2026-06-03T22:35:41Z,123.0,Versa 4
2026-06-03T22:35:43Z,120.0,Versa 4
2026-06-03T22:35:44Z,117.0,Versa 4
2026-06-03T22:35:47Z,117.0,Versa 4
2026-06-03T22:35:48Z,115.0,Versa 4
2026-06-03T22:35:50Z,113.0,Versa 4
2026-06-03T22:35:53Z,113.0,Versa 4
2026-06-03T22:35:54Z,112.0,Versa 4
2026-06-03T22:35:57Z,112.0,Versa 4
2026-06-03T22:35:58Z,111.0,Versa 4
2026-06-03T22:36:01Z,111.0,Versa 4
2026-06-03T22:36:04Z,112.0,Versa 4
2026-06-03T22:36:06Z,113.0,Versa 4
2026-06-03T22:36:09Z,114.0,Versa 4
2026-06-03T22:36:11Z,113.0,Versa 4
2026-06-03T22:36:14Z,113.0,Versa 4
2026-06-03T22:36:17Z,112.0,Versa 4
2026-06-03T22:36:19Z,112.0,Versa 4
2026-06-03T22:36:21Z,110.0,Versa 4
2026-06-03T22:36:23Z,107.0,Versa 4
2026-06-03T22:36:25Z,104.0,Versa 4
2026-06-03T22:36:27Z,103.0,Versa 4
2026-06-03T22:36:29Z,102.0,Versa 4
2026-06-03T22:36:32Z,104.0,Versa 4
2026-06-03T22:36:34Z,110.0,Versa 4
2026-06-03T22:36:36Z,112.0,Versa 4
2026-06-03T22:36:38Z,111.0,Versa 4
2026-06-03T22:36:40Z,109.0,Versa 4
2026-06-03T22:36:42Z,108.0,Versa 4
2026-06-03T22:36:44Z,111.0,Versa 4
2026-06-03T22:36:46Z,112.0,Versa 4
2026-06-03T22:36:48Z,114.0,Versa 4
2026-06-03T22:36:51Z,114.0,Versa 4
2026-06-03T22:36:52Z,115.0,Versa 4
2026-06-03T22:36:54Z,122.0,Versa 4
2026-06-03T22:36:55Z,116.0,Versa 4
2026-06-03T22:36:58Z,116.0,Versa 4
2026-06-03T22:36:59Z,117.0,Versa 4
2026-06-03T22:37:02Z,117.0,Versa 4
2026-06-03T22:37:03Z,120.0,Versa 4
2026-06-03T22:37:05Z,131.0,Versa 4
2026-06-03T22:37:08Z,131.0,Versa 4
2026-06-03T22:37:09Z,126.0,Versa 4
2026-06-03T22:37:11Z,120.0,Versa 4
2026-06-03T22:37:13Z,112.0,Versa 4
2026-06-03T22:37:15Z,107.0,Versa 4
2026-06-03T22:37:17Z,106.0,Versa 4
2026-06-03T22:37:19Z,105.0,Versa 4
2026-06-03T22:37:20Z,104.0,Versa 4
2026-06-03T22:37:23Z,104.0,Versa 4
2026-06-03T22:37:24Z,103.0,Versa 4
2026-06-03T22:37:26Z,102.0,Versa 4
2026-06-03T22:37:29Z,102.0,Versa 4
2026-06-03T22:37:32Z,102.0,Versa 4
2026-06-03T22:37:34Z,100.0,Versa 4
2026-06-03T22:37:37Z,100.0,Versa 4
2026-06-03T22:37:38Z,101.0,Versa 4
2026-06-03T22:37:40Z,102.0,Versa 4
2026-06-03T22:37:41Z,101.0,Versa 4
2026-06-03T22:37:43Z,100.0,Versa 4
2026-06-03T22:37:46Z,100.0,Versa 4
2026-06-03T22:37:47Z,102.0,Versa 4
2026-06-03T22:37:50Z,102.0,Versa 4
2026-06-03T22:37:51Z,103.0,Versa 4
2026-06-03T22:37:53Z,104.0,Versa 4
2026-06-03T22:37:55Z,105.0,Versa 4
2026-06-03T22:37:58Z,105.0,Versa 4
2026-06-03T22:38:01Z,107.0,Versa 4
2026-06-03T22:38:03Z,116.0,Versa 4
2026-06-03T22:38:04Z,115.0,Versa 4
2026-06-03T22:38:06Z,113.0,Versa 4
2026-06-03T22:38:08Z,118.0,Versa 4
2026-06-03T22:38:10Z,127.0,Versa 4
2026-06-03T22:38:12Z,126.0,Versa 4
2026-06-03T22:38:14Z,120.0,Versa 4
2026-06-03T22:38:16Z,114.0,Versa 4
2026-06-03T22:38:18Z,110.0,Versa 4
2026-06-03T22:38:20Z,107.0,Versa 4
2026-06-03T22:38:22Z,106.0,Versa 4
2026-06-03T22:38:24Z,104.0,Versa 4
2026-06-03T22:38:26Z,103.0,Versa 4
2026-06-03T22:38:29Z,103.0,Versa 4
2026-06-03T22:38:31Z,104.0,Versa 4
2026-06-03T22:38:33Z,110.0,Versa 4
2026-06-03T22:38:35Z,109.0,Versa 4
2026-06-03T22:38:37Z,106.0,Versa 4
2026-06-03T22:38:39Z,107.0,Versa 4
2026-06-03T22:38:41Z,105.0,Versa 4
2026-06-03T22:38:43Z,107.0,Versa 4
2026-06-03T22:38:45Z,126.0,Versa 4
2026-06-03T22:38:47Z,121.0,Versa 4
2026-06-03T22:38:49Z,116.0,Versa 4
2026-06-03T22:38:51Z,113.0,Versa 4
2026-06-03T22:38:52Z,108.0,Versa 4
2026-06-03T22:38:54Z,107.0,Versa 4
2026-06-03T22:38:56Z,107.0,Versa 4
2026-06-03T22:38:58Z,107.0,Versa 4
2026-06-03T22:39:00Z,106.0,Versa 4
2026-06-03T22:39:02Z,106.0,Versa 4
2026-06-03T22:39:04Z,104.0,Versa 4
2026-06-03T22:39:06Z,105.0,Versa 4
2026-06-03T22:39:08Z,106.0,Versa 4
2026-06-03T22:39:10Z,107.0,Versa 4
2026-06-03T22:39:13Z,107.0,Versa 4
2026-06-03T22:39:14Z,108.0,Versa 4
2026-06-03T22:39:17Z,108.0,Versa 4
2026-06-03T22:39:20Z,108.0,Versa 4
2026-06-03T22:39:23Z,108.0,Versa 4
2026-06-03T22:39:26Z,108.0,Versa 4
2026-06-03T22:39:29Z,108.0,Versa 4
2026-06-03T22:39:31Z,109.0,Versa 4
2026-06-03T22:39:33Z,111.0,Versa 4
2026-06-03T22:39:35Z,112.0,Versa 4
2026-06-03T22:39:37Z,109.0,Versa 4
2026-06-03T22:39:39Z,107.0,Versa 4
2026-06-03T22:39:40Z,109.0,Versa 4
2026-06-03T22:39:42Z,116.0,Versa 4
2026-06-03T22:39:45Z,116.0,Versa 4
2026-06-03T22:39:46Z,117.0,Versa 4
2026-06-03T22:39:49Z,117.0,Versa 4
2026-06-03T22:39:50Z,112.0,Versa 4
2026-06-03T22:39:53Z,112.0,Versa 4
2026-06-03T22:39:54Z,114.0,Versa 4
2026-06-03T22:39:56Z,116.0,Versa 4
2026-06-03T22:39:58Z,114.0,Versa 4
2026-06-03T22:40:00Z,117.0,Versa 4
2026-06-03T22:40:02Z,113.0,Versa 4
2026-06-03T22:40:03Z,118.0,Versa 4
2026-06-03T22:40:05Z,127.0,Versa 4
2026-06-03T22:40:07Z,126.0,Versa 4
2026-06-03T22:40:09Z,120.0,Versa 4
2026-06-03T22:40:11Z,115.0,Versa 4
2026-06-03T22:40:13Z,112.0,Versa 4
2026-06-03T22:40:15Z,110.0,Versa 4
2026-06-03T22:40:17Z,109.0,Versa 4
2026-06-03T22:40:19Z,108.0,Versa 4
2026-06-03T22:40:21Z,107.0,Versa 4
2026-06-03T22:40:23Z,105.0,Versa 4
2026-06-03T22:40:25Z,103.0,Versa 4
2026-06-03T22:40:27Z,102.0,Versa 4
2026-06-03T22:40:30Z,102.0,Versa 4
2026-06-03T22:40:32Z,102.0,Versa 4
2026-06-03T22:40:34Z,102.0,Versa 4
2026-06-03T22:40:37Z,102.0,Versa 4
2026-06-03T22:40:38Z,102.0,Versa 4
2026-06-03T22:40:40Z,103.0,Versa 4
2026-06-03T22:40:42Z,104.0,Versa 4
2026-06-03T22:40:44Z,106.0,Versa 4
2026-06-03T22:40:46Z,108.0,Versa 4
2026-06-03T22:40:49Z,108.0,Versa 4
2026-06-03T22:40:50Z,107.0,Versa 4
2026-06-03T22:40:51Z,106.0,Versa 4
2026-06-03T22:40:54Z,106.0,Versa 4
2026-06-03T22:40:55Z,104.0,Versa 4
2026-06-03T22:40:57Z,102.0,Versa 4
2026-06-03T22:40:59Z,100.0,Versa 4
2026-06-03T22:41:02Z,100.0,Versa 4
2026-06-03T22:41:05Z,101.0,Versa 4
2026-06-03T22:41:07Z,100.0,Versa 4
2026-06-03T22:41:10Z,100.0,Versa 4
2026-06-03T22:41:13Z,100.0,Versa 4
2026-06-03T22:41:16Z,100.0,Versa 4
2026-06-03T22:41:18Z,100.0,Versa 4
2026-06-03T22:41:20Z,100.0,Versa 4
2026-06-03T22:41:23Z,100.0,Versa 4
2026-06-03T22:41:26Z,102.0,Versa 4
2026-06-03T22:41:29Z,102.0,Versa 4
2026-06-03T22:41:30Z,103.0,Versa 4
2026-06-03T22:41:32Z,104.0,Versa 4
2026-06-03T22:41:34Z,106.0,Versa 4
2026-06-03T22:41:36Z,110.0,Versa 4
2026-06-03T22:41:38Z,114.0,Versa 4
2026-06-03T22:41:39Z,118.0,Versa 4
2026-06-03T22:41:41Z,121.0,Versa 4
2026-06-03T22:41:43Z,120.0,Versa 4
2026-06-03T22:41:45Z,115.0,Versa 4
2026-06-03T22:41:47Z,107.0,Versa 4
2026-06-03T22:41:49Z,102.0,Versa 4
2026-06-03T22:41:51Z,99.0,Versa 4
2026-06-03T22:41:54Z,99.0,Versa 4
2026-06-03T22:41:55Z,96.0,Versa 4
2026-06-03T22:41:57Z,97.0,Versa 4
2026-06-03T22:42:00Z,97.0,Versa 4
2026-06-03T22:42:01Z,100.0,Versa 4
2026-06-03T22:42:03Z,102.0,Versa 4
2026-06-03T22:42:04Z,103.0,Versa 4
2026-06-03T22:42:07Z,103.0,Versa 4
2026-06-03T22:42:08Z,101.0,Versa 4
2026-06-03T22:42:10Z,99.0,Versa 4
2026-06-03T22:42:12Z,97.0,Versa 4
2026-06-03T22:42:14Z,98.0,Versa 4
2026-06-03T22:42:17Z,98.0,Versa 4
2026-06-03T22:42:20Z,97.0,Versa 4
2026-06-03T22:42:22Z,97.0,Versa 4
2026-06-03T22:42:24Z,98.0,Versa 4
2026-06-03T22:42:26Z,99.0,Versa 4
2026-06-03T22:42:27Z,98.0,Versa 4
2026-06-03T22:42:29Z,100.0,Versa 4
2026-06-03T22:42:31Z,101.0,Versa 4
2026-06-03T22:42:33Z,100.0,Versa 4
2026-06-03T22:42:35Z,102.0,Versa 4
2026-06-03T22:42:37Z,101.0,Versa 4
2026-06-03T22:42:39Z,100.0,Versa 4
2026-06-03T22:42:41Z,115.0,Versa 4
2026-06-03T22:42:44Z,115.0,Versa 4
2026-06-03T22:42:45Z,114.0,Versa 4
2026-06-03T22:42:47Z,110.0,Versa 4
2026-06-03T22:42:49Z,105.0,Versa 4
2026-06-03T22:42:51Z,102.0,Versa 4
2026-06-03T22:42:52Z,100.0,Versa 4
2026-06-03T22:42:54Z,98.0,Versa 4
2026-06-03T22:42:56Z,97.0,Versa 4
2026-06-03T22:42:58Z,96.0,Versa 4
2026-06-03T22:43:00Z,98.0,Versa 4
2026-06-03T22:43:02Z,100.0,Versa 4
2026-06-03T22:43:04Z,101.0,Versa 4
2026-06-03T22:43:06Z,100.0,Versa 4
2026-06-03T22:43:08Z,100.0,Versa 4
2026-06-03T22:43:10Z,99.0,Versa 4
2026-06-03T22:43:12Z,98.0,Versa 4
2026-06-03T22:43:14Z,96.0,Versa 4
2026-06-03T22:43:15Z,96.0,Versa 4
2026-06-03T22:43:17Z,98.0,Versa 4
2026-06-03T22:43:19Z,100.0,Versa 4
2026-06-03T22:43:21Z,103.0,Versa 4
2026-06-03T22:43:23Z,106.0,Versa 4
2026-06-03T22:43:25Z,105.0,Versa 4
2026-06-03T22:43:27Z,103.0,Versa 4
2026-06-03T22:43:29Z,105.0,Versa 4
2026-06-03T22:43:31Z,104.0,Versa 4
2026-06-03T22:43:33Z,110.0,Versa 4
2026-06-03T22:43:35Z,112.0,Versa 4
2026-06-03T22:43:38Z,112.0,Versa 4
2026-06-03T22:43:39Z,110.0,Versa 4
2026-06-03T22:43:40Z,104.0,Versa 4
2026-06-03T22:43:42Z,99.0,Versa 4
2026-06-03T22:43:44Z,96.0,Versa 4
2026-06-03T22:43:46Z,95.0,Versa 4
2026-06-03T22:43:48Z,94.0,Versa 4
2026-06-03T22:43:50Z,92.0,Versa 4
2026-06-03T22:43:52Z,91.0,Versa 4
2026-06-03T22:43:54Z,90.0,Versa 4
2026-06-03T22:43:57Z,90.0,Versa 4
2026-06-03T22:44:00Z,90.0,Versa 4
2026-06-03T22:44:03Z,92.0,Versa 4
2026-06-03T22:44:05Z,93.0,Versa 4
2026-06-03T22:44:07Z,94.0,Versa 4
2026-06-03T22:44:10Z,94.0,Versa 4
2026-06-03T22:44:11Z,96.0,Versa 4
2026-06-03T22:44:13Z,98.0,Versa 4
2026-06-03T22:44:15Z,100.0,Versa 4
2026-06-03T22:44:18Z,100.0,Versa 4
2026-06-03T22:44:19Z,98.0,Versa 4
2026-06-03T22:44:22Z,98.0,Versa 4
2026-06-03T22:44:25Z,99.0,Versa 4
2026-06-03T22:44:28Z,101.0,Versa 4
2026-06-03T22:44:30Z,109.0,Versa 4
2026-06-03T22:44:32Z,111.0,Versa 4
2026-06-03T22:44:34Z,105.0,Versa 4
2026-06-03T22:44:36Z,100.0,Versa 4
2026-06-03T22:44:38Z,97.0,Versa 4
2026-06-03T22:44:40Z,98.0,Versa 4
2026-06-03T22:44:42Z,101.0,Versa 4
2026-06-03T22:44:44Z,103.0,Versa 4
2026-06-03T22:44:46Z,104.0,Versa 4
2026-06-03T22:44:49Z,104.0,Versa 4
2026-06-03T22:44:50Z,105.0,Versa 4
2026-06-03T22:44:51Z,118.0,Versa 4
2026-06-03T22:44:53Z,115.0,Versa 4
2026-06-03T22:44:55Z,114.0,Versa 4
2026-06-03T22:44:57Z,108.0,Versa 4
2026-06-03T22:44:59Z,104.0,Versa 4
2026-06-03T22:45:01Z,102.0,Versa 4
2026-06-03T22:45:03Z,101.0,Versa 4
2026-06-03T22:45:05Z,100.0,Versa 4
2026-06-03T22:45:07Z,98.0,Versa 4
2026-06-03T22:45:10Z,98.0,Versa 4
2026-06-03T22:45:11Z,98.0,Versa 4
2026-06-03T22:45:13Z,99.0,Versa 4
2026-06-03T22:45:16Z,97.0,Versa 4
2026-06-03T22:45:18Z,96.0,Versa 4
2026-06-03T22:45:21Z,96.0,Versa 4
2026-06-03T22:45:24Z,95.0,Versa 4
2026-06-03T22:45:26Z,96.0,Versa 4
2026-06-03T22:45:28Z,99.0,Versa 4
2026-06-03T22:45:30Z,111.0,Versa 4
2026-06-03T22:45:32Z,112.0,Versa 4
2026-06-03T22:45:34Z,113.0,Versa 4
2026-06-03T22:45:37Z,113.0,Versa 4
2026-06-03T22:45:38Z,110.0,Versa 4
2026-06-03T22:45:41Z,112.0,Versa 4
2026-06-03T22:45:43Z,114.0,Versa 4
2026-06-03T22:45:45Z,122.0,Versa 4
2026-06-03T22:45:47Z,129.0,Versa 4
2026-06-03T22:45:49Z,130.0,Versa 4
2026-06-03T22:45:51Z,129.0,Versa 4
2026-06-03T22:45:53Z,125.0,Versa 4
2026-06-03T22:45:55Z,118.0,Versa 4
2026-06-03T22:45:57Z,115.0,Versa 4
2026-06-03T22:45:59Z,114.0,Versa 4
2026-06-03T22:46:01Z,116.0,Versa 4
2026-06-03T22:46:03Z,117.0,Versa 4
2026-06-03T22:46:06Z,115.0,Versa 4
2026-06-03T22:46:08Z,109.0,Versa 4
2026-06-03T22:46:10Z,112.0,Versa 4
2026-06-03T22:46:12Z,109.0,Versa 4
2026-06-03T22:46:14Z,115.0,Versa 4
2026-06-03T22:46:16Z,101.0,Versa 4
2026-06-03T22:46:18Z,99.0,Versa 4
2026-06-03T22:46:20Z,100.0,Versa 4
2026-06-03T22:46:23Z,100.0,Versa 4
2026-06-03T22:46:24Z,101.0,Versa 4
2026-06-03T22:46:26Z,102.0,Versa 4
2026-06-03T22:46:29Z,103.0,Versa 4
2026-06-03T22:46:31Z,105.0,Versa 4
2026-06-03T22:46:34Z,105.0,Versa 4
2026-06-03T22:46:35Z,109.0,Versa 4
2026-06-03T22:46:37Z,112.0,Versa 4
2026-06-03T22:46:39Z,114.0,Versa 4
2026-06-03T22:46:42Z,114.0,Versa 4
2026-06-03T22:46:43Z,113.0,Versa 4
2026-06-03T22:46:45Z,112.0,Versa 4
2026-06-03T22:46:47Z,109.0,Versa 4
2026-06-03T22:46:49Z,103.0,Versa 4
2026-06-03T22:46:51Z,99.0,Versa 4
2026-06-03T22:46:52Z,96.0,Versa 4
2026-06-03T22:46:55Z,96.0,Versa 4
2026-06-03T22:46:56Z,98.0,Versa 4
2026-06-03T22:46:58Z,100.0,Versa 4
2026-06-03T22:47:00Z,102.0,Versa 4
2026-06-03T22:47:02Z,105.0,Versa 4
2026-06-03T22:47:04Z,106.0,Versa 4
2026-06-03T22:47:06Z,103.0,Versa 4
2026-06-03T22:47:08Z,100.0,Versa 4
2026-06-03T22:47:10Z,97.0,Versa 4
2026-06-03T22:47:12Z,96.0,Versa 4
2026-06-03T22:47:14Z,97.0,Versa 4
2026-06-03T22:47:15Z,96.0,Versa 4
2026-06-03T22:47:17Z,94.0,Versa 4
2026-06-03T22:47:19Z,91.0,Versa 4
2026-06-03T22:47:21Z,90.0,Versa 4
2026-06-03T22:47:24Z,90.0,Versa 4
2026-06-03T22:47:25Z,91.0,Versa 4
2026-06-03T22:47:28Z,91.0,Versa 4
2026-06-03T22:47:29Z,89.0,Versa 4
2026-06-03T22:47:31Z,87.0,Versa 4
2026-06-03T22:47:33Z,86.0,Versa 4
2026-06-03T22:47:35Z,85.0,Versa 4
2026-06-03T22:47:38Z,85.0,Versa 4
2026-06-03T22:47:40Z,84.0,Versa 4
2026-06-03T22:47:43Z,84.0,Versa 4
2026-06-03T22:47:44Z,84.0,Versa 4
2026-06-03T22:47:46Z,86.0,Versa 4
2026-06-03T22:47:48Z,87.0,Versa 4
2026-06-03T22:47:50Z,88.0,Versa 4
2026-06-03T22:47:52Z,89.0,Versa 4
2026-06-03T22:47:54Z,90.0,Versa 4
2026-06-03T22:47:56Z,92.0,Versa 4
2026-06-03T22:47:58Z,94.0,Versa 4
2026-06-03T22:48:00Z,92.0,Versa 4
2026-06-03T22:48:02Z,90.0,Versa 4
2026-06-03T22:48:03Z,88.0,Versa 4
2026-06-03T22:48:05Z,87.0,Versa 4
2026-06-03T22:48:07Z,85.0,Versa 4
2026-06-03T22:48:10Z,85.0,Versa 4
2026-06-03T22:48:11Z,85.0,Versa 4
2026-06-03T22:48:13Z,84.0,Versa 4
2026-06-03T22:48:16Z,84.0,Versa 4
2026-06-03T22:48:19Z,84.0,Versa 4
2026-06-03T22:48:21Z,83.0,Versa 4
2026-06-03T22:48:23Z,84.0,Versa 4
2026-06-03T22:48:26Z,84.0,Versa 4
2026-06-03T22:48:29Z,84.0,Versa 4
2026-06-03T22:48:32Z,84.0,Versa 4
2026-06-03T22:48:35Z,84.0,Versa 4
2026-06-03T22:48:38Z,84.0,Versa 4
2026-06-03T22:48:41Z,84.0,Versa 4
2026-06-03T22:48:44Z,84.0,Versa 4
2026-06-03T22:48:46Z,84.0,Versa 4
2026-06-03T22:48:49Z,84.0,Versa 4
2026-06-03T22:48:50Z,83.0,Versa 4
2026-06-03T22:48:51Z,82.0,Versa 4
2026-06-03T22:48:53Z,83.0,Versa 4
2026-06-03T22:48:56Z,83.0,Versa 4
2026-06-03T22:48:59Z,83.0,Versa 4
2026-06-03T22:49:02Z,83.0,Versa 4
2026-06-03T22:49:03Z,84.0,Versa 4
2026-06-03T22:49:06Z,84.0,Versa 4
2026-06-03T22:49:07Z,83.0,Versa 4
2026-06-03T22:49:10Z,83.0,Versa 4
2026-06-03T22:49:11Z,82.0,Versa 4
2026-06-03T22:49:14Z,82.0,Versa 4
2026-06-03T22:49:17Z,82.0,Versa 4
2026-06-03T22:49:20Z,82.0,Versa 4
2026-06-03T22:49:23Z,82.0,Versa 4
2026-06-03T22:49:24Z,82.0,Versa 4
2026-06-03T22:49:26Z,83.0,Versa 4
2026-06-03T22:49:28Z,85.0,Versa 4
2026-06-03T22:49:30Z,87.0,Versa 4
2026-06-03T22:49:32Z,89.0,Versa 4
2026-06-03T22:49:34Z,91.0,Versa 4
2026-06-03T22:49:36Z,92.0,Versa 4
2026-06-03T22:49:38Z,90.0,Versa 4
2026-06-03T22:49:39Z,87.0,Versa 4
2026-06-03T22:49:41Z,85.0,Versa 4
2026-06-03T22:49:43Z,84.0,Versa 4
2026-06-03T22:49:45Z,82.0,Versa 4
2026-06-03T22:49:48Z,82.0,Versa 4
2026-06-03T22:49:51Z,81.0,Versa 4
2026-06-03T22:49:53Z,80.0,Versa 4
2026-06-03T22:49:56Z,80.0,Versa 4
2026-06-03T22:49:57Z,81.0,Versa 4
2026-06-03T22:49:59Z,82.0,Versa 4
2026-06-03T22:50:02Z,82.0,Versa 4
2026-06-03T22:50:04Z,82.0,Versa 4
2026-06-03T22:50:06Z,84.0,Versa 4
2026-06-03T22:50:08Z,85.0,Versa 4
2026-06-03T22:50:10Z,88.0,Versa 4
2026-06-03T22:50:12Z,90.0,Versa 4
2026-06-03T22:50:14Z,91.0,Versa 4
2026-06-03T22:50:16Z,90.0,Versa 4
2026-06-03T22:50:18Z,87.0,Versa 4
2026-06-03T22:50:20Z,85.0,Versa 4
2026-06-03T22:50:22Z,84.0,Versa 4
2026-06-03T22:50:24Z,82.0,Versa 4
2026-06-03T22:50:27Z,82.0,Versa 4
2026-06-03T22:50:29Z,81.0,Versa 4
2026-06-03T22:50:31Z,80.0,Versa 4
2026-06-03T22:50:34Z,80.0,Versa 4
2026-06-03T22:50:37Z,80.0,Versa 4
2026-06-03T22:50:40Z,80.0,Versa 4
2026-06-03T22:50:43Z,80.0,Versa 4
2026-06-03T22:50:45Z,81.0,Versa 4
2026-06-03T22:50:47Z,80.0,Versa 4
2026-06-03T22:50:49Z,80.0,Versa 4
2026-06-03T22:50:52Z,80.0,Versa 4
2026-06-03T22:50:54Z,80.0,Versa 4
2026-06-03T22:50:57Z,80.0,Versa 4
2026-06-03T22:51:00Z,80.0,Versa 4
2026-06-03T22:51:03Z,80.0,Versa 4
2026-06-03T22:51:04Z,81.0,Versa 4
2026-06-03T22:51:06Z,82.0,Versa 4
2026-06-03T22:51:09Z,82.0,Versa 4
2026-06-03T22:51:12Z,82.0,Versa 4
2026-06-03T22:51:15Z,82.0,Versa 4
2026-06-03T22:51:18Z,82.0,Versa 4
2026-06-03T22:51:21Z,82.0,Versa 4
2026-06-03T22:51:23Z,83.0,Versa 4
2026-06-03T22:51:25Z,83.0,Versa 4
2026-06-03T22:51:27Z,82.0,Versa 4
2026-06-03T22:51:30Z,82.0,Versa 4
2026-06-03T22:51:33Z,81.0,Versa 4
2026-06-03T22:51:36Z,81.0,Versa 4
2026-06-03T22:51:39Z,81.0,Versa 4
2026-06-03T22:51:42Z,80.0,Versa 4
2026-06-03T22:51:45Z,80.0,Versa 4
2026-06-03T22:51:48Z,80.0,Versa 4
2026-06-03T22:51:51Z,80.0,Versa 4
2026-06-03T22:51:52Z,79.0,Versa 4
2026-06-03T22:51:54Z,79.0,Versa 4
2026-06-03T22:51:56Z,80.0,Versa 4
2026-06-03T22:51:58Z,81.0,Versa 4
2026-06-03T22:52:00Z,83.0,Versa 4
2026-06-03T22:52:02Z,85.0,Versa 4
2026-06-03T22:52:03Z,86.0,Versa 4
2026-06-03T22:52:05Z,88.0,Versa 4
2026-06-03T22:52:08Z,88.0,Versa 4
2026-06-03T22:52:09Z,87.0,Versa 4
2026-06-03T22:52:11Z,85.0,Versa 4
2026-06-03T22:52:13Z,84.0,Versa 4
2026-06-03T22:52:16Z,84.0,Versa 4
2026-06-03T22:52:17Z,86.0,Versa 4
2026-06-03T22:52:19Z,89.0,Versa 4
2026-06-03T22:52:21Z,92.0,Versa 4
2026-06-03T22:52:23Z,95.0,Versa 4
2026-06-03T22:52:25Z,93.0,Versa 4
2026-06-03T22:52:27Z,88.0,Versa 4
2026-06-03T22:52:28Z,85.0,Versa 4
2026-06-03T22:52:30Z,84.0,Versa 4
2026-06-03T22:52:33Z,84.0,Versa 4
2026-06-03T22:52:36Z,84.0,Versa 4
2026-06-03T22:52:38Z,83.0,Versa 4
2026-06-03T22:52:41Z,83.0,Versa 4
2026-06-03T22:52:44Z,84.0,Versa 4
2026-06-03T22:52:46Z,82.0,Versa 4
2026-06-03T22:52:48Z,81.0,Versa 4
2026-06-03T22:52:50Z,81.0,Versa 4
2026-06-03T22:52:51Z,80.0,Versa 4
2026-06-03T22:52:54Z,80.0,Versa 4
2026-06-03T22:52:57Z,82.0,Versa 4
2026-06-03T22:53:00Z,82.0,Versa 4
2026-06-03T22:53:01Z,82.0,Versa 4
2026-06-03T22:53:03Z,80.0,Versa 4
2026-06-03T22:53:06Z,80.0,Versa 4
2026-06-03T22:53:07Z,79.0,Versa 4
2026-06-03T22:53:09Z,78.0,Versa 4
2026-06-03T22:53:12Z,78.0,Versa 4
2026-06-03T22:53:15Z,78.0,Versa 4
2026-06-03T22:53:16Z,78.0,Versa 4
2026-06-03T22:53:18Z,78.0,Versa 4
2026-06-03T22:53:20Z,80.0,Versa 4
2026-06-03T22:53:23Z,80.0,Versa 4
2026-06-03T22:53:26Z,79.0,Versa 4
2026-06-03T22:53:29Z,79.0,Versa 4
2026-06-03T22:53:30Z,80.0,Versa 4
2026-06-03T22:53:32Z,80.0,Versa 4
2026-06-03T22:53:34Z,81.0,Versa 4
2026-06-03T22:53:36Z,84.0,Versa 4
2026-06-03T22:53:38Z,86.0,Versa 4
2026-06-03T22:53:41Z,87.0,Versa 4
2026-06-03T22:53:43Z,88.0,Versa 4
2026-06-03T22:53:46Z,88.0,Versa 4
2026-06-03T22:53:47Z,85.0,Versa 4
2026-06-03T22:53:49Z,82.0,Versa 4
2026-06-03T22:53:51Z,80.0,Versa 4
2026-06-03T22:53:53Z,79.0,Versa 4
2026-06-03T22:53:55Z,78.0,Versa 4
2026-06-03T22:53:58Z,78.0,Versa 4
2026-06-03T22:53:59Z,78.0,Versa 4
2026-06-03T22:54:02Z,78.0,Versa 4
2026-06-03T22:54:05Z,78.0,Versa 4
2026-06-03T22:54:08Z,78.0,Versa 4
2026-06-03T22:54:11Z,78.0,Versa 4
2026-06-03T22:54:12Z,77.0,Versa 4
2026-06-03T22:54:15Z,77.0,Versa 4
2026-06-03T22:54:16Z,76.0,Versa 4
2026-06-03T22:54:19Z,76.0,Versa 4
2026-06-03T22:54:22Z,76.0,Versa 4
2026-06-03T22:54:25Z,76.0,Versa 4
2026-06-03T22:54:28Z,76.0,Versa 4
2026-06-03T22:54:31Z,76.0,Versa 4
2026-06-03T22:54:34Z,76.0,Versa 4
2026-06-03T22:54:37Z,76.0,Versa 4
2026-06-03T22:54:40Z,76.0,Versa 4
2026-06-03T22:54:43Z,76.0,Versa 4
2026-06-03T22:54:46Z,76.0,Versa 4
2026-06-03T22:54:49Z,76.0,Versa 4
2026-06-03T22:54:52Z,76.0,Versa 4
2026-06-03T22:54:55Z,76.0,Versa 4
2026-06-03T22:54:58Z,76.0,Versa 4
2026-06-03T22:55:00Z,76.0,Versa 4
2026-06-03T22:55:03Z,76.0,Versa 4
2026-06-03T22:55:06Z,77.0,Versa 4
2026-06-03T22:55:08Z,78.0,Versa 4
2026-06-03T22:55:11Z,78.0,Versa 4
2026-06-03T22:55:12Z,78.0,Versa 4
2026-06-03T22:55:15Z,80.0,Versa 4
2026-06-03T22:55:17Z,81.0,Versa 4
2026-06-03T22:55:19Z,82.0,Versa 4
2026-06-03T22:55:21Z,83.0,Versa 4
2026-06-03T22:55:23Z,87.0,Versa 4
2026-06-03T22:55:25Z,89.0,Versa 4
2026-06-03T22:55:27Z,91.0,Versa 4
2026-06-03T22:55:29Z,93.0,Versa 4
2026-06-03T22:55:31Z,96.0,Versa 4
2026-06-03T22:55:33Z,97.0,Versa 4
2026-06-03T22:55:36Z,97.0,Versa 4
2026-06-03T22:55:37Z,96.0,Versa 4
2026-06-03T22:55:39Z,92.0,Versa 4
2026-06-03T22:55:40Z,90.0,Versa 4
2026-06-03T22:55:42Z,87.0,Versa 4
2026-06-03T22:55:44Z,86.0,Versa 4
2026-06-03T22:55:46Z,83.0,Versa 4
2026-06-03T22:55:48Z,81.0,Versa 4
2026-06-03T22:55:50Z,80.0,Versa 4
2026-06-03T22:55:52Z,79.0,Versa 4
2026-06-03T22:55:54Z,78.0,Versa 4
2026-06-03T22:55:56Z,78.0,Versa 4
2026-06-03T22:55:59Z,78.0,Versa 4
2026-06-03T22:56:00Z,77.0,Versa 4
2026-06-03T22:56:02Z,76.0,Versa 4
2026-06-03T22:56:03Z,76.0,Versa 4
2026-06-03T22:56:05Z,74.0,Versa 4
2026-06-03T22:56:08Z,74.0,Versa 4
2026-06-03T22:56:09Z,75.0,Versa 4
2026-06-03T22:56:12Z,75.0,Versa 4
2026-06-03T22:56:15Z,75.0,Versa 4
2026-06-03T22:56:18Z,75.0,Versa 4
2026-06-03T22:56:21Z,76.0,Versa 4
2026-06-03T22:56:24Z,76.0,Versa 4
2026-06-03T22:56:27Z,76.0,Versa 4
2026-06-03T22:56:30Z,76.0,Versa 4
2026-06-03T22:56:33Z,76.0,Versa 4
2026-06-03T22:56:36Z,76.0,Versa 4
2026-06-03T22:56:39Z,76.0,Versa 4
2026-06-03T22:56:42Z,76.0,Versa 4
2026-06-03T22:56:45Z,76.0,Versa 4
2026-06-03T22:56:48Z,76.0,Versa 4
2026-06-03T22:56:51Z,76.0,Versa 4
2026-06-03T22:56:53Z,77.0,Versa 4
2026-06-03T22:56:55Z,78.0,Versa 4
2026-06-03T22:56:57Z,80.0,Versa 4
2026-06-03T22:56:59Z,82.0,Versa 4
2026-06-03T22:57:02Z,82.0,Versa 4
2026-06-03T22:57:03Z,82.0,Versa 4
2026-06-03T22:57:05Z,81.0,Versa 4
2026-06-03T22:57:08Z,81.0,Versa 4
2026-06-03T22:57:11Z,80.0,Versa 4
2026-06-03T22:57:13Z,81.0,Versa 4
2026-06-03T22:57:16Z,81.0,Versa 4
2026-06-03T22:57:19Z,81.0,Versa 4
2026-06-03T22:57:22Z,81.0,Versa 4
2026-06-03T22:57:25Z,81.0,Versa 4
2026-06-03T22:57:26Z,82.0,Versa 4
2026-06-03T22:57:28Z,83.0,Versa 4
2026-06-03T22:57:31Z,83.0,Versa 4
2026-06-03T22:57:32Z,82.0,Versa 4
2026-06-03T22:57:35Z,82.0,Versa 4
2026-06-03T22:57:36Z,81.0,Versa 4
2026-06-03T22:57:38Z,80.0,Versa 4
2026-06-03T22:57:41Z,80.0,Versa 4
2026-06-03T22:57:43Z,78.0,Versa 4
2026-06-03T22:57:46Z,78.0,Versa 4
2026-06-03T22:57:49Z,78.0,Versa 4
2026-06-03T22:57:52Z,78.0,Versa 4
2026-06-03T22:57:55Z,78.0,Versa 4
2026-06-03T22:57:58Z,78.0,Versa 4
2026-06-03T22:58:01Z,78.0,Versa 4
2026-06-03T22:58:03Z,79.0,Versa 4
2026-06-03T22:58:04Z,80.0,Versa 4
2026-06-03T22:58:07Z,80.0,Versa 4
2026-06-03T22:58:08Z,80.0,Versa 4
2026-06-03T22:58:11Z,80.0,Versa 4
2026-06-03T22:58:14Z,80.0,Versa 4
2026-06-03T22:58:17Z,80.0,Versa 4
2026-06-03T22:58:20Z,80.0,Versa 4
2026-06-03T22:58:23Z,80.0,Versa 4
2026-06-03T22:58:24Z,79.0,Versa 4
2026-06-03T22:58:26Z,78.0,Versa 4
2026-06-03T22:58:29Z,79.0,Versa 4
2026-06-03T22:58:31Z,80.0,Versa 4
2026-06-03T22:58:34Z,80.0,Versa 4
2026-06-03T22:58:37Z,80.0,Versa 4
2026-06-03T22:58:40Z,80.0,Versa 4
2026-06-03T22:58:43Z,80.0,Versa 4
2026-06-03T22:58:45Z,79.0,Versa 4
2026-06-03T22:58:47Z,78.0,Versa 4
2026-06-03T22:58:50Z,78.0,Versa 4
2026-06-03T22:58:51Z,79.0,Versa 4
2026-06-03T22:58:54Z,79.0,Versa 4
2026-06-03T22:58:56Z,80.0,Versa 4
2026-06-03T22:58:59Z,80.0,Versa 4
2026-06-03T22:59:02Z,79.0,Versa 4
2026-06-03T22:59:05Z,79.0,Versa 4
2026-06-03T22:59:06Z,80.0,Versa 4
2026-06-03T22:59:09Z,80.0,Versa 4
2026-06-03T22:59:12Z,81.0,Versa 4
2026-06-03T22:59:15Z,81.0,Versa 4
2026-06-03T22:59:17Z,80.0,Versa 4
2026-06-03T22:59:20Z,80.0,Versa 4
2026-06-03T22:59:23Z,80.0,Versa 4
2026-06-03T22:59:26Z,80.0,Versa 4
2026-06-03T22:59:29Z,79.0,Versa 4
2026-06-03T22:59:32Z,79.0,Versa 4
2026-06-03T22:59:33Z,79.0,Versa 4
2026-06-03T22:59:35Z,80.0,Versa 4
2026-06-03T22:59:37Z,82.0,Versa 4
2026-06-03T22:59:39Z,86.0,Versa 4
2026-06-03T22:59:40Z,87.0,Versa 4
2026-06-03T22:59:43Z,87.0,Versa 4
2026-06-03T22:59:44Z,85.0,Versa 4
2026-06-03T22:59:46Z,84.0,Versa 4
2026-06-03T22:59:48Z,83.0,Versa 4
2026-06-03T22:59:51Z,83.0,Versa 4
2026-06-03T22:59:52Z,82.0,Versa 4
2026-06-03T22:59:55Z,82.0,Versa 4
2026-06-03T22:59:56Z,81.0,Versa 4
2026-06-03T22:59:58Z,80.0,Versa 4
2026-06-03T23:00:01Z,80.0,Versa 4
2026-06-03T23:00:02Z,81.0,Versa 4
2026-06-03T23:00:03Z,82.0,Versa 4
2026-06-03T23:00:05Z,83.0,Versa 4
2026-06-03T23:00:07Z,83.0,Versa 4
2026-06-03T23:00:09Z,82.0,Versa 4
2026-06-03T23:00:11Z,81.0,Versa 4
2026-06-03T23:00:13Z,81.0,Versa 4
2026-06-03T23:00:15Z,80.0,Versa 4
2026-06-03T23:00:18Z,80.0,Versa 4
2026-06-03T23:00:21Z,80.0,Versa 4
2026-06-03T23:00:24Z,80.0,Versa 4
2026-06-03T23:00:25Z,81.0,Versa 4
2026-06-03T23:00:27Z,82.0,Versa 4
2026-06-03T23:00:30Z,83.0,Versa 4
2026-06-03T23:00:32Z,84.0,Versa 4
2026-06-03T23:00:34Z,83.0,Versa 4
2026-06-03T23:00:36Z,82.0,Versa 4
2026-06-03T23:00:39Z,82.0,Versa 4
2026-06-03T23:00:42Z,82.0,Versa 4
2026-06-03T23:00:44Z,81.0,Versa 4
2026-06-03T23:00:46Z,82.0,Versa 4
2026-06-03T23:00:49Z,82.0,Versa 4
2026-06-03T23:00:50Z,83.0,Versa 4
2026-06-03T23:00:51Z,84.0,Versa 4
2026-06-03T23:00:54Z,84.0,Versa 4
2026-06-03T23:00:57Z,85.0,Versa 4
2026-06-03T23:00:59Z,86.0,Versa 4
2026-06-03T23:01:01Z,85.0,Versa 4
2026-06-03T23:01:03Z,84.0,Versa 4
2026-06-03T23:01:05Z,84.0,Versa 4
2026-06-03T23:01:07Z,83.0,Versa 4
2026-06-03T23:01:09Z,84.0,Versa 4
2026-06-03T23:01:11Z,83.0,Versa 4
2026-06-03T23:01:13Z,82.0,Versa 4
2026-06-03T23:01:15Z,83.0,Versa 4
2026-06-03T23:01:16Z,85.0,Versa 4
2026-06-03T23:01:18Z,87.0,Versa 4
2026-06-03T23:01:20Z,88.0,Versa 4
2026-06-03T23:01:22Z,90.0,Versa 4
2026-06-03T23:01:24Z,92.0,Versa 4
2026-06-03T23:01:26Z,93.0,Versa 4
2026-06-03T23:01:28Z,92.0,Versa 4
2026-06-03T23:01:30Z,90.0,Versa 4
2026-06-03T23:01:32Z,88.0,Versa 4
2026-06-03T23:01:34Z,86.0,Versa 4
2026-06-03T23:01:36Z,85.0,Versa 4
2026-06-03T23:01:38Z,84.0,Versa 4
2026-06-03T23:01:39Z,83.0,Versa 4
2026-06-03T23:01:41Z,84.0,Versa 4
2026-06-03T23:01:43Z,85.0,Versa 4
2026-06-03T23:01:45Z,88.0,Versa 4
2026-06-03T23:01:47Z,95.0,Versa 4
2026-06-03T23:01:49Z,97.0,Versa 4
2026-06-03T23:01:51Z,100.0,Versa 4
2026-06-03T23:01:53Z,104.0,Versa 4
2026-06-03T23:01:55Z,102.0,Versa 4
2026-06-03T23:01:57Z,100.0,Versa 4
2026-06-03T23:01:59Z,102.0,Versa 4
2026-06-03T23:02:01Z,98.0,Versa 4
2026-06-03T23:02:04Z,97.0,Versa 4
2026-06-03T23:02:06Z,98.0,Versa 4
2026-06-03T23:02:09Z,98.0,Versa 4
2026-06-03T23:02:10Z,100.0,Versa 4
2026-06-03T23:02:12Z,102.0,Versa 4
2026-06-03T23:02:14Z,104.0,Versa 4
2026-06-03T23:02:16Z,105.0,Versa 4
2026-06-03T23:02:18Z,104.0,Versa 4
2026-06-03T23:02:21Z,104.0,Versa 4
2026-06-03T23:02:24Z,104.0,Versa 4
2026-06-03T23:02:27Z,104.0,Versa 4
2026-06-03T23:02:29Z,103.0,Versa 4
2026-06-03T23:02:31Z,104.0,Versa 4
2026-06-03T23:02:33Z,106.0,Versa 4
2026-06-03T23:02:35Z,107.0,Versa 4
2026-06-03T23:02:38Z,107.0,Versa 4
2026-06-03T23:02:39Z,106.0,Versa 4
2026-06-03T23:02:41Z,104.0,Versa 4
2026-06-03T23:02:44Z,104.0,Versa 4
2026-06-03T23:02:45Z,103.0,Versa 4
2026-06-03T23:02:48Z,103.0,Versa 4
2026-06-03T23:02:49Z,100.0,Versa 4
2026-06-03T23:02:51Z,97.0,Versa 4
2026-06-03T23:02:52Z,96.0,Versa 4
2026-06-03T23:02:54Z,97.0,Versa 4
2026-06-03T23:02:56Z,99.0,Versa 4
2026-06-03T23:02:59Z,99.0,Versa 4
2026-06-03T23:03:00Z,97.0,Versa 4
2026-06-03T23:03:02Z,96.0,Versa 4
2026-06-03T23:03:04Z,98.0,Versa 4
2026-06-03T23:03:06Z,100.0,Versa 4
2026-06-03T23:03:09Z,100.0,Versa 4
2026-06-03T23:03:10Z,101.0,Versa 4
2026-06-03T23:03:12Z,100.0,Versa 4
2026-06-03T23:03:14Z,99.0,Versa 4
2026-06-03T23:03:15Z,97.0,Versa 4
2026-06-03T23:03:18Z,97.0,Versa 4
2026-06-03T23:03:19Z,98.0,Versa 4
2026-06-03T23:03:22Z,98.0,Versa 4
2026-06-03T23:03:23Z,97.0,Versa 4
2026-06-03T23:03:25Z,95.0,Versa 4
2026-06-03T23:03:27Z,91.0,Versa 4
2026-06-03T23:03:30Z,91.0,Versa 4
2026-06-03T23:03:31Z,92.0,Versa 4
2026-06-03T23:03:33Z,93.0,Versa 4
2026-06-03T23:03:35Z,94.0,Versa 4
2026-06-03T23:03:37Z,93.0,Versa 4
2026-06-03T23:03:39Z,92.0,Versa 4
2026-06-03T23:03:40Z,91.0,Versa 4
2026-06-03T23:03:42Z,93.0,Versa 4
2026-06-03T23:03:44Z,95.0,Versa 4
2026-06-03T23:03:46Z,99.0,Versa 4
2026-06-03T23:03:48Z,101.0,Versa 4
2026-06-03T23:03:50Z,102.0,Versa 4
2026-06-03T23:03:52Z,96.0,Versa 4
2026-06-03T23:03:54Z,92.0,Versa 4
2026-06-03T23:03:56Z,91.0,Versa 4
2026-06-03T23:03:58Z,94.0,Versa 4
2026-06-03T23:04:00Z,98.0,Versa 4
2026-06-03T23:04:02Z,100.0,Versa 4
2026-06-03T23:04:03Z,102.0,Versa 4
2026-06-03T23:04:06Z,102.0,Versa 4
2026-06-03T23:04:07Z,104.0,Versa 4
2026-06-03T23:04:09Z,107.0,Versa 4
2026-06-03T23:04:11Z,109.0,Versa 4
2026-06-03T23:04:13Z,108.0,Versa 4
2026-06-03T23:04:15Z,109.0,Versa 4
2026-06-03T23:04:17Z,106.0,Versa 4
2026-06-03T23:04:20Z,106.0,Versa 4
2026-06-03T23:04:21Z,105.0,Versa 4
2026-06-03T23:04:24Z,105.0,Versa 4
2026-06-03T23:04:25Z,104.0,Versa 4
2026-06-03T23:04:27Z,103.0,Versa 4
2026-06-03T23:04:28Z,99.0,Versa 4
2026-06-03T23:04:30Z,98.0,Versa 4
2026-06-03T23:04:33Z,98.0,Versa 4
2026-06-03T23:04:36Z,99.0,Versa 4
2026-06-03T23:04:38Z,98.0,Versa 4
2026-06-03T23:04:41Z,98.0,Versa 4
2026-06-03T23:04:42Z,97.0,Versa 4
2026-06-03T23:04:44Z,92.0,Versa 4
2026-06-03T23:04:46Z,90.0,Versa 4
2026-06-03T23:04:48Z,89.0,Versa 4
2026-06-03T23:04:50Z,88.0,Versa 4
2026-06-03T23:04:53Z,88.0,Versa 4
2026-06-03T23:04:56Z,88.0,Versa 4
2026-06-03T23:04:57Z,87.0,Versa 4
2026-06-03T23:05:00Z,87.0,Versa 4
2026-06-03T23:05:01Z,88.0,Versa 4
2026-06-03T23:05:03Z,87.0,Versa 4
2026-06-03T23:05:05Z,88.0,Versa 4
2026-06-03T23:05:08Z,88.0,Versa 4
2026-06-03T23:05:11Z,86.0,Versa 4
2026-06-03T23:05:13Z,85.0,Versa 4
2026-06-03T23:05:16Z,86.0,Versa 4
2026-06-03T23:05:18Z,86.0,Versa 4
2026-06-03T23:05:20Z,87.0,Versa 4
2026-06-03T23:05:22Z,88.0,Versa 4
2026-06-03T23:05:25Z,88.0,Versa 4
2026-06-03T23:05:26Z,87.0,Versa 4
2026-06-03T23:05:28Z,88.0,Versa 4
2026-06-03T23:05:30Z,90.0,Versa 4
2026-06-03T23:05:32Z,93.0,Versa 4
2026-06-03T23:05:34Z,97.0,Versa 4
2026-06-03T23:05:36Z,96.0,Versa 4
2026-06-03T23:05:38Z,88.0,Versa 4
2026-06-03T23:05:41Z,89.0,Versa 4
2026-06-03T23:05:43Z,90.0,Versa 4
2026-06-03T23:05:45Z,89.0,Versa 4
2026-06-03T23:05:47Z,89.0,Versa 4
2026-06-03T23:05:50Z,89.0,Versa 4
2026-06-03T23:05:53Z,91.0,Versa 4
2026-06-03T23:05:55Z,92.0,Versa 4
2026-06-03T23:05:58Z,92.0,Versa 4
2026-06-03T23:05:59Z,93.0,Versa 4
2026-06-03T23:06:01Z,94.0,Versa 4
2026-06-03T23:06:04Z,94.0,Versa 4
2026-06-03T23:06:07Z,94.0,Versa 4
2026-06-03T23:06:08Z,93.0,Versa 4
2026-06-03T23:06:10Z,94.0,Versa 4
2026-06-03T23:06:13Z,94.0,Versa 4
2026-06-03T23:06:16Z,92.0,Versa 4
2026-06-03T23:06:18Z,91.0,Versa 4
2026-06-03T23:06:20Z,91.0,Versa 4
2026-06-03T23:06:22Z,93.0,Versa 4
2026-06-03T23:06:24Z,94.0,Versa 4
2026-06-03T23:06:27Z,92.0,Versa 4
2026-06-03T23:06:29Z,91.0,Versa 4
2026-06-03T23:06:32Z,91.0,Versa 4
2026-06-03T23:06:33Z,92.0,Versa 4
2026-06-03T23:06:36Z,92.0,Versa 4
2026-06-03T23:06:37Z,91.0,Versa 4
2026-06-03T23:06:39Z,90.0,Versa 4
2026-06-03T23:06:42Z,90.0,Versa 4
2026-06-03T23:06:45Z,90.0,Versa 4
2026-06-03T23:06:47Z,92.0,Versa 4
2026-06-03T23:06:49Z,93.0,Versa 4
2026-06-03T23:06:52Z,92.0,Versa 4
2026-06-03T23:06:55Z,92.0,Versa 4
2026-06-03T23:06:58Z,92.0,Versa 4
2026-06-03T23:07:00Z,93.0,Versa 4
2026-06-03T23:07:03Z,93.0,Versa 4
2026-06-03T23:07:04Z,89.0,Versa 4
2026-06-03T23:07:07Z,89.0,Versa 4
2026-06-03T23:07:08Z,90.0,Versa 4
2026-06-03T23:07:11Z,90.0,Versa 4
2026-06-03T23:07:12Z,92.0,Versa 4
2026-06-03T23:07:14Z,98.0,Versa 4
2026-06-03T23:07:15Z,99.0,Versa 4
2026-06-03T23:07:17Z,100.0,Versa 4
2026-06-03T23:07:19Z,98.0,Versa 4
2026-06-03T23:07:21Z,94.0,Versa 4
2026-06-03T23:07:23Z,91.0,Versa 4
2026-06-03T23:07:25Z,90.0,Versa 4
2026-06-03T23:07:27Z,89.0,Versa 4
2026-06-03T23:07:29Z,88.0,Versa 4
2026-06-03T23:07:32Z,88.0,Versa 4
2026-06-03T23:07:33Z,87.0,Versa 4
2026-06-03T23:07:35Z,86.0,Versa 4
2026-06-03T23:07:38Z,86.0,Versa 4
2026-06-03T23:07:40Z,84.0,Versa 4
2026-06-03T23:07:43Z,84.0,Versa 4
2026-06-03T23:07:44Z,83.0,Versa 4
2026-06-03T23:07:46Z,84.0,Versa 4
2026-06-03T23:07:48Z,85.0,Versa 4
2026-06-03T23:07:50Z,86.0,Versa 4
2026-06-03T23:07:53Z,86.0,Versa 4
2026-06-03T23:07:54Z,86.0,Versa 4
2026-06-03T23:07:57Z,86.0,Versa 4
2026-06-03T23:07:58Z,85.0,Versa 4
2026-06-03T23:08:00Z,84.0,Versa 4
2026-06-03T23:08:03Z,84.0,Versa 4
2026-06-03T23:08:06Z,84.0,Versa 4
2026-06-03T23:08:07Z,85.0,Versa 4
2026-06-03T23:08:09Z,86.0,Versa 4
2026-06-03T23:08:11Z,87.0,Versa 4
2026-06-03T23:08:14Z,87.0,Versa 4
2026-06-03T23:08:15Z,86.0,Versa 4
2026-06-03T23:08:18Z,86.0,Versa 4
2026-06-03T23:08:21Z,85.0,Versa 4
2026-06-03T23:08:24Z,85.0,Versa 4
2026-06-03T23:08:25Z,85.0,Versa 4
2026-06-03T23:08:28Z,85.0,Versa 4
2026-06-03T23:08:30Z,86.0,Versa 4
2026-06-03T23:08:33Z,86.0,Versa 4
2026-06-03T23:08:34Z,86.0,Versa 4
2026-06-03T23:08:36Z,85.0,Versa 4
2026-06-03T23:08:38Z,85.0,Versa 4
2026-06-03T23:08:40Z,85.0,Versa 4
2026-06-03T23:08:42Z,85.0,Versa 4
2026-06-03T23:08:44Z,86.0,Versa 4
2026-06-03T23:08:47Z,86.0,Versa 4
2026-06-03T23:08:48Z,86.0,Versa 4
2026-06-03T23:08:51Z,86.0,Versa 4
2026-06-03T23:08:54Z,86.0,Versa 4
2026-06-03T23:08:55Z,84.0,Versa 4
2026-06-03T23:08:58Z,84.0,Versa 4
2026-06-03T23:09:01Z,84.0,Versa 4
2026-06-03T23:09:04Z,84.0,Versa 4
2026-06-03T23:09:07Z,84.0,Versa 4
2026-06-03T23:09:10Z,84.0,Versa 4
2026-06-03T23:09:11Z,86.0,Versa 4
2026-06-03T23:09:13Z,88.0,Versa 4
2026-06-03T23:09:16Z,88.0,Versa 4
2026-06-03T23:09:18Z,86.0,Versa 4
2026-06-03T23:09:20Z,86.0,Versa 4
2026-06-03T23:09:23Z,86.0,Versa 4
2026-06-03T23:09:26Z,86.0,Versa 4
2026-06-03T23:09:28Z,86.0,Versa 4
2026-06-03T23:09:31Z,86.0,Versa 4
2026-06-03T23:09:32Z,87.0,Versa 4
2026-06-03T23:09:35Z,87.0,Versa 4
2026-06-03T23:09:36Z,86.0,Versa 4
2026-06-03T23:09:39Z,88.0,Versa 4
2026-06-03T23:09:41Z,90.0,Versa 4
2026-06-03T23:09:43Z,91.0,Versa 4
2026-06-03T23:09:45Z,90.0,Versa 4
2026-06-03T23:09:47Z,88.0,Versa 4
2026-06-03T23:09:49Z,87.0,Versa 4
2026-06-03T23:09:52Z,87.0,Versa 4
2026-06-03T23:09:53Z,88.0,Versa 4
2026-06-03T23:09:55Z,90.0,Versa 4
2026-06-03T23:09:58Z,90.0,Versa 4
2026-06-03T23:09:59Z,90.0,Versa 4
2026-06-03T23:10:02Z,90.0,Versa 4
2026-06-03T23:10:05Z,90.0,Versa 4
2026-06-03T23:10:06Z,88.0,Versa 4
2026-06-03T23:10:08Z,86.0,Versa 4
2026-06-03T23:10:10Z,87.0,Versa 4
2026-06-03T23:10:12Z,88.0,Versa 4
2026-06-03T23:10:14Z,89.0,Versa 4
2026-06-03T23:10:17Z,89.0,Versa 4
2026-06-03T23:10:18Z,88.0,Versa 4
2026-06-03T23:10:20Z,87.0,Versa 4
2026-06-03T23:10:22Z,86.0,Versa 4
2026-06-03T23:10:24Z,87.0,Versa 4
2026-06-03T23:10:26Z,88.0,Versa 4
2026-06-03T23:10:27Z,87.0,Versa 4
2026-06-03T23:10:29Z,86.0,Versa 4
2026-06-03T23:10:31Z,86.0,Versa 4
2026-06-03T23:10:33Z,86.0,Versa 4
2026-06-03T23:10:35Z,88.0,Versa 4
2026-06-03T23:10:37Z,88.0,Versa 4
2026-06-03T23:10:39Z,87.0,Versa 4
2026-06-03T23:10:41Z,87.0,Versa 4
2026-06-03T23:10:44Z,87.0,Versa 4
2026-06-03T23:10:45Z,86.0,Versa 4
2026-06-03T23:10:47Z,86.0,Versa 4
2026-06-03T23:10:50Z,85.0,Versa 4
2026-06-03T23:10:53Z,85.0,Versa 4
2026-06-03T23:10:54Z,85.0,Versa 4
2026-06-03T23:10:56Z,86.0,Versa 4
2026-06-03T23:10:58Z,89.0,Versa 4
2026-06-03T23:11:00Z,92.0,Versa 4
2026-06-03T23:11:02Z,92.0,Versa 4
2026-06-03T23:11:04Z,91.0,Versa 4
2026-06-03T23:11:07Z,91.0,Versa 4
2026-06-03T23:11:08Z,90.0,Versa 4
2026-06-03T23:11:10Z,90.0,Versa 4
2026-06-03T23:11:13Z,90.0,Versa 4
2026-06-03T23:11:14Z,88.0,Versa 4
2026-06-03T23:11:15Z,86.0,Versa 4
2026-06-03T23:11:17Z,86.0,Versa 4
2026-06-03T23:11:19Z,87.0,Versa 4
2026-06-03T23:11:21Z,88.0,Versa 4
2026-06-03T23:11:24Z,88.0,Versa 4
2026-06-03T23:11:25Z,88.0,Versa 4
2026-06-03T23:11:27Z,88.0,Versa 4
2026-06-03T23:11:29Z,89.0,Versa 4
2026-06-03T23:11:31Z,90.0,Versa 4
2026-06-03T23:11:34Z,90.0,Versa 4
2026-06-03T23:11:35Z,92.0,Versa 4
2026-06-03T23:11:37Z,93.0,Versa 4
2026-06-03T23:11:38Z,92.0,Versa 4
2026-06-03T23:11:40Z,93.0,Versa 4
2026-06-03T23:11:43Z,93.0,Versa 4
2026-06-03T23:11:44Z,92.0,Versa 4
2026-06-03T23:11:46Z,93.0,Versa 4
2026-06-03T23:11:48Z,92.0,Versa 4
2026-06-03T23:11:50Z,93.0,Versa 4
2026-06-03T23:11:52Z,94.0,Versa 4
2026-06-03T23:11:54Z,93.0,Versa 4
2026-06-03T23:11:56Z,92.0,Versa 4
2026-06-03T23:11:59Z,92.0,Versa 4
2026-06-03T23:12:00Z,90.0,Versa 4
2026-06-03T23:12:02Z,89.0,Versa 4
2026-06-03T23:12:03Z,90.0,Versa 4
2026-06-03T23:12:06Z,90.0,Versa 4
2026-06-03T23:12:09Z,90.0,Versa 4
2026-06-03T23:12:11Z,91.0,Versa 4
2026-06-03T23:12:13Z,90.0,Versa 4
2026-06-03T23:12:15Z,88.0,Versa 4
2026-06-03T23:12:17Z,87.0,Versa 4
2026-06-03T23:12:20Z,87.0,Versa 4
2026-06-03T23:12:23Z,88.0,Versa 4
2026-06-03T23:12:26Z,88.0,Versa 4
2026-06-03T23:12:29Z,88.0,Versa 4
2026-06-03T23:12:32Z,88.0,Versa 4
2026-06-03T23:12:34Z,88.0,Versa 4
2026-06-03T23:12:37Z,88.0,Versa 4
2026-06-03T23:12:40Z,88.0,Versa 4
2026-06-03T23:12:42Z,89.0,Versa 4
2026-06-03T23:12:44Z,88.0,Versa 4
2026-06-03T23:12:47Z,88.0,Versa 4
2026-06-03T23:12:48Z,90.0,Versa 4
2026-06-03T23:12:51Z,90.0,Versa 4
2026-06-03T23:12:53Z,89.0,Versa 4
2026-06-03T23:12:55Z,88.0,Versa 4
2026-06-03T23:12:58Z,88.0,Versa 4
2026-06-03T23:13:01Z,88.0,Versa 4
2026-06-03T23:13:03Z,91.0,Versa 4
2026-06-03T23:13:06Z,91.0,Versa 4
2026-06-03T23:13:07Z,90.0,Versa 4
2026-06-03T23:13:09Z,91.0,Versa 4
2026-06-03T23:13:11Z,92.0,Versa 4
2026-06-03T23:13:13Z,93.0,Versa 4
2026-06-03T23:13:16Z,92.0,Versa 4
2026-06-03T23:13:18Z,91.0,Versa 4
2026-06-03T23:13:20Z,91.0,Versa 4
2026-06-03T23:13:22Z,89.0,Versa 4
2026-06-03T23:13:24Z,93.0,Versa 4
2026-06-03T23:13:26Z,95.0,Versa 4
2026-06-03T23:13:28Z,92.0,Versa 4
2026-06-03T23:13:30Z,93.0,Versa 4
2026-06-03T23:13:32Z,96.0,Versa 4
2026-06-03T23:13:34Z,98.0,Versa 4
2026-06-03T23:13:36Z,100.0,Versa 4
2026-06-03T23:13:38Z,101.0,Versa 4
2026-06-03T23:13:39Z,102.0,Versa 4
2026-06-03T23:13:41Z,99.0,Versa 4
2026-06-03T23:13:43Z,94.0,Versa 4
2026-06-03T23:13:45Z,91.0,Versa 4
2026-06-03T23:13:48Z,91.0,Versa 4
2026-06-03T23:13:49Z,92.0,Versa 4
2026-06-03T23:13:52Z,92.0,Versa 4
2026-06-03T23:13:55Z,92.0,Versa 4
2026-06-03T23:13:58Z,92.0,Versa 4
2026-06-03T23:13:59Z,90.0,Versa 4
2026-06-03T23:14:01Z,89.0,Versa 4
2026-06-03T23:14:02Z,88.0,Versa 4
2026-06-03T23:14:04Z,89.0,Versa 4
2026-06-03T23:14:06Z,92.0,Versa 4
2026-06-03T23:14:08Z,95.0,Versa 4
2026-06-03T23:14:10Z,97.0,Versa 4
2026-06-03T23:14:12Z,95.0,Versa 4
2026-06-03T23:14:14Z,91.0,Versa 4
2026-06-03T23:14:16Z,88.0,Versa 4
2026-06-03T23:14:18Z,90.0,Versa 4
2026-06-03T23:14:20Z,91.0,Versa 4
2026-06-03T23:14:22Z,91.0,Versa 4
2026-06-03T23:14:25Z,91.0,Versa 4
2026-06-03T23:14:26Z,90.0,Versa 4
2026-06-03T23:14:27Z,91.0,Versa 4
2026-06-03T23:14:29Z,92.0,Versa 4
2026-06-03T23:14:31Z,91.0,Versa 4
2026-06-03T23:14:33Z,90.0,Versa 4
2026-06-03T23:14:35Z,88.0,Versa 4
2026-06-03T23:14:37Z,88.0,Versa 4
2026-06-03T23:14:40Z,88.0,Versa 4
2026-06-03T23:14:43Z,88.0,Versa 4
2026-06-03T23:14:45Z,88.0,Versa 4
2026-06-03T23:14:47Z,90.0,Versa 4
2026-06-03T23:14:49Z,93.0,Versa 4
2026-06-03T23:14:50Z,94.0,Versa 4
2026-06-03T23:14:53Z,94.0,Versa 4
2026-06-03T23:14:56Z,95.0,Versa 4
2026-06-03T23:14:59Z,95.0,Versa 4
2026-06-03T23:15:00Z,93.0,Versa 4
2026-06-03T23:15:02Z,90.0,Versa 4
2026-06-03T23:15:04Z,86.0,Versa 4
2026-06-03T23:15:06Z,85.0,Versa 4
2026-06-03T23:15:08Z,84.0,Versa 4
2026-06-03T23:15:10Z,84.0,Versa 4
2026-06-03T23:15:13Z,84.0,Versa 4
2026-06-03T23:15:15Z,87.0,Versa 4
2026-06-03T23:15:17Z,88.0,Versa 4
2026-06-03T23:15:19Z,89.0,Versa 4
2026-06-03T23:15:21Z,88.0,Versa 4
2026-06-03T23:15:24Z,88.0,Versa 4
2026-06-03T23:15:25Z,89.0,Versa 4
2026-06-03T23:15:27Z,88.0,Versa 4
2026-06-03T23:15:29Z,87.0,Versa 4
2026-06-03T23:15:31Z,86.0,Versa 4
2026-06-03T23:15:33Z,87.0,Versa 4
2026-06-03T23:15:35Z,86.0,Versa 4
2026-06-03T23:15:37Z,85.0,Versa 4
2026-06-03T23:15:38Z,84.0,Versa 4
2026-06-03T23:15:41Z,84.0,Versa 4
2026-06-03T23:15:42Z,83.0,Versa 4
2026-06-03T23:15:44Z,84.0,Versa 4
2026-06-03T23:15:46Z,85.0,Versa 4
2026-06-03T23:15:48Z,84.0,Versa 4
2026-06-03T23:15:50Z,83.0,Versa 4
2026-06-03T23:15:52Z,84.0,Versa 4
2026-06-03T23:15:54Z,86.0,Versa 4
2026-06-03T23:15:56Z,89.0,Versa 4
2026-06-03T23:15:58Z,93.0,Versa 4
2026-06-03T23:16:00Z,96.0,Versa 4
2026-06-03T23:16:02Z,95.0,Versa 4
2026-06-03T23:16:03Z,93.0,Versa 4
2026-06-03T23:16:05Z,92.0,Versa 4
2026-06-03T23:16:08Z,92.0,Versa 4
2026-06-03T23:16:11Z,90.0,Versa 4
2026-06-03T23:16:13Z,88.0,Versa 4
2026-06-03T23:16:15Z,87.0,Versa 4
2026-06-03T23:16:17Z,88.0,Versa 4
2026-06-03T23:16:19Z,88.0,Versa 4
2026-06-03T23:16:22Z,88.0,Versa 4
2026-06-03T23:16:25Z,88.0,Versa 4
2026-06-03T23:16:26Z,87.0,Versa 4
2026-06-03T23:16:28Z,85.0,Versa 4
2026-06-03T23:16:30Z,86.0,Versa 4
2026-06-03T23:16:32Z,87.0,Versa 4
2026-06-03T23:16:34Z,89.0,Versa 4
2026-06-03T23:16:37Z,89.0,Versa 4
2026-06-03T23:16:38Z,88.0,Versa 4
2026-06-03T23:16:40Z,87.0,Versa 4
2026-06-03T23:16:42Z,85.0,Versa 4
2026-06-03T23:16:45Z,85.0,Versa 4
2026-06-03T23:16:46Z,84.0,Versa 4
2026-06-03T23:16:48Z,86.0,Versa 4
2026-06-03T23:16:50Z,88.0,Versa 4
2026-06-03T23:16:51Z,89.0,Versa 4
2026-06-03T23:16:53Z,88.0,Versa 4
2026-06-03T23:16:55Z,86.0,Versa 4
2026-06-03T23:16:57Z,83.0,Versa 4
2026-06-03T23:16:59Z,82.0,Versa 4
2026-06-03T23:17:02Z,82.0,Versa 4
2026-06-03T23:17:05Z,83.0,Versa 4
2026-06-03T23:17:07Z,84.0,Versa 4
2026-06-03T23:17:09Z,83.0,Versa 4
2026-06-03T23:17:12Z,83.0,Versa 4
2026-06-03T23:17:13Z,84.0,Versa 4
2026-06-03T23:17:14Z,84.0,Versa 4
2026-06-03T23:17:17Z,84.0,Versa 4
2026-06-03T23:17:20Z,84.0,Versa 4
2026-06-03T23:17:23Z,84.0,Versa 4
2026-06-03T23:17:26Z,82.0,Versa 4
2026-06-03T23:17:29Z,82.0,Versa 4
2026-06-03T23:17:32Z,82.0,Versa 4
2026-06-03T23:17:35Z,82.0,Versa 4
2026-06-03T23:17:38Z,82.0,Versa 4
2026-06-03T23:17:41Z,83.0,Versa 4
2026-06-03T23:17:43Z,84.0,Versa 4
2026-06-03T23:17:45Z,83.0,Versa 4
2026-06-03T23:17:47Z,82.0,Versa 4
2026-06-03T23:17:49Z,82.0,Versa 4
2026-06-03T23:17:51Z,83.0,Versa 4
2026-06-03T23:17:53Z,85.0,Versa 4
2026-06-03T23:17:55Z,87.0,Versa 4
2026-06-03T23:17:57Z,88.0,Versa 4
2026-06-03T23:18:00Z,88.0,Versa 4
2026-06-03T23:18:03Z,88.0,Versa 4
2026-06-03T23:18:04Z,89.0,Versa 4
2026-06-03T23:18:06Z,88.0,Versa 4
2026-06-03T23:18:08Z,87.0,Versa 4
2026-06-03T23:18:10Z,85.0,Versa 4
2026-06-03T23:18:13Z,85.0,Versa 4
2026-06-03T23:18:16Z,85.0,Versa 4
2026-06-03T23:18:18Z,84.0,Versa 4
2026-06-03T23:18:20Z,86.0,Versa 4
2026-06-03T23:18:22Z,86.0,Versa 4
2026-06-03T23:18:25Z,86.0,Versa 4
2026-06-03T23:18:26Z,88.0,Versa 4
2026-06-03T23:18:29Z,88.0,Versa 4
2026-06-03T23:18:31Z,86.0,Versa 4
2026-06-03T23:18:33Z,86.0,Versa 4
2026-06-03T23:18:36Z,86.0,Versa 4
2026-06-03T23:18:39Z,84.0,Versa 4
2026-06-03T23:18:42Z,84.0,Versa 4
2026-06-03T23:18:43Z,85.0,Versa 4
2026-06-03T23:18:45Z,84.0,Versa 4
2026-06-03T23:18:47Z,85.0,Versa 4
2026-06-03T23:18:50Z,85.0,Versa 4
2026-06-03T23:18:53Z,85.0,Versa 4
2026-06-03T23:18:56Z,85.0,Versa 4
2026-06-03T23:18:58Z,86.0,Versa 4
2026-06-03T23:19:01Z,86.0,Versa 4
2026-06-03T23:19:02Z,88.0,Versa 4
2026-06-03T23:19:04Z,89.0,Versa 4
2026-06-03T23:19:06Z,90.0,Versa 4
2026-06-03T23:19:08Z,92.0,Versa 4
2026-06-03T23:19:11Z,92.0,Versa 4
2026-06-03T23:19:12Z,88.0,Versa 4
2026-06-03T23:19:14Z,86.0,Versa 4
2026-06-03T23:19:17Z,87.0,Versa 4
2026-06-03T23:19:19Z,86.0,Versa 4
2026-06-03T23:19:21Z,86.0,Versa 4
2026-06-03T23:19:23Z,86.0,Versa 4
2026-06-03T23:19:25Z,85.0,Versa 4
2026-06-03T23:19:27Z,84.0,Versa 4
2026-06-03T23:19:30Z,84.0,Versa 4
2026-06-03T23:19:31Z,86.0,Versa 4
2026-06-03T23:19:33Z,88.0,Versa 4
2026-06-03T23:19:35Z,89.0,Versa 4
2026-06-03T23:19:37Z,86.0,Versa 4
2026-06-03T23:19:38Z,83.0,Versa 4
2026-06-03T23:19:40Z,82.0,Versa 4
2026-06-03T23:19:43Z,82.0,Versa 4
2026-06-03T23:19:46Z,81.0,Versa 4
2026-06-03T23:19:48Z,81.0,Versa 4
2026-06-03T23:19:51Z,81.0,Versa 4
2026-06-03T23:19:52Z,82.0,Versa 4
2026-06-03T23:19:54Z,84.0,Versa 4
2026-06-03T23:19:56Z,85.0,Versa 4
2026-06-03T23:19:58Z,86.0,Versa 4
2026-06-03T23:20:00Z,86.0,Versa 4
2026-06-03T23:20:02Z,84.0,Versa 4
2026-06-03T23:20:03Z,82.0,Versa 4
2026-06-03T23:20:05Z,81.0,Versa 4
2026-06-03T23:20:07Z,82.0,Versa 4
2026-06-03T23:20:10Z,82.0,Versa 4
2026-06-03T23:20:13Z,82.0,Versa 4
2026-06-03T23:20:16Z,82.0,Versa 4
2026-06-03T23:20:17Z,82.0,Versa 4
2026-06-03T23:20:19Z,83.0,Versa 4
2026-06-03T23:20:21Z,84.0,Versa 4
2026-06-03T23:20:24Z,83.0,Versa 4
2026-06-03T23:20:27Z,83.0,Versa 4
2026-06-03T23:20:28Z,82.0,Versa 4
2026-06-03T23:20:31Z,82.0,Versa 4
2026-06-03T23:20:33Z,82.0,Versa 4
2026-06-03T23:20:36Z,82.0,Versa 4
2026-06-03T23:20:39Z,83.0,Versa 4
2026-06-03T23:20:41Z,84.0,Versa 4
2026-06-03T23:20:44Z,84.0,Versa 4
2026-06-03T23:20:47Z,84.0,Versa 4
2026-06-03T23:20:50Z,84.0,Versa 4
2026-06-03T23:20:51Z,85.0,Versa 4
2026-06-03T23:20:54Z,84.0,Versa 4
2026-06-03T23:20:57Z,84.0,Versa 4
2026-06-03T23:20:58Z,83.0,Versa 4
2026-06-03T23:21:01Z,83.0,Versa 4
2026-06-03T23:21:04Z,83.0,Versa 4
2026-06-03T23:21:06Z,82.0,Versa 4
2026-06-03T23:21:09Z,82.0,Versa 4
2026-06-03T23:21:10Z,82.0,Versa 4
2026-06-03T23:21:13Z,82.0,Versa 4
2026-06-03T23:21:14Z,80.0,Versa 4
2026-06-03T23:21:17Z,79.0,Versa 4
2026-06-03T23:21:19Z,81.0,Versa 4
2026-06-03T23:21:21Z,83.0,Versa 4
2026-06-03T23:21:24Z,83.0,Versa 4
2026-06-03T23:21:25Z,82.0,Versa 4
2026-06-03T23:21:28Z,82.0,Versa 4
2026-06-03T23:21:29Z,81.0,Versa 4
2026-06-03T23:21:31Z,82.0,Versa 4
2026-06-03T23:21:34Z,82.0,Versa 4
2026-06-03T23:21:37Z,82.0,Versa 4
2026-06-03T23:21:40Z,82.0,Versa 4
2026-06-03T23:21:42Z,83.0,Versa 4
2026-06-03T23:21:44Z,84.0,Versa 4
2026-06-03T23:21:47Z,84.0,Versa 4
2026-06-03T23:21:48Z,85.0,Versa 4
2026-06-03T23:21:50Z,87.0,Versa 4
2026-06-03T23:21:52Z,88.0,Versa 4
2026-06-03T23:21:54Z,90.0,Versa 4
2026-06-03T23:21:56Z,91.0,Versa 4
2026-06-03T23:21:58Z,92.0,Versa 4
2026-06-03T23:22:01Z,92.0,Versa 4
2026-06-03T23:22:02Z,94.0,Versa 4
2026-06-03T23:22:04Z,96.0,Versa 4
2026-06-03T23:22:05Z,97.0,Versa 4
2026-06-03T23:22:07Z,95.0,Versa 4
2026-06-03T23:22:09Z,93.0,Versa 4
2026-06-03T23:22:11Z,92.0,Versa 4
2026-06-03T23:22:13Z,93.0,Versa 4
2026-06-03T23:22:16Z,93.0,Versa 4
2026-06-03T23:22:17Z,95.0,Versa 4
2026-06-03T23:22:19Z,96.0,Versa 4
2026-06-03T23:22:21Z,97.0,Versa 4
2026-06-03T23:22:23Z,94.0,Versa 4
2026-06-03T23:22:25Z,95.0,Versa 4
2026-06-03T23:22:27Z,93.0,Versa 4
2026-06-03T23:22:30Z,91.0,Versa 4
2026-06-03T23:22:32Z,87.0,Versa 4
2026-06-03T23:22:34Z,85.0,Versa 4
2026-06-03T23:22:36Z,87.0,Versa 4
2026-06-03T23:22:38Z,89.0,Versa 4
2026-06-03T23:22:40Z,97.0,Versa 4
2026-06-03T23:22:42Z,101.0,Versa 4
2026-06-03T23:22:45Z,101.0,Versa 4
2026-06-03T23:22:48Z,98.0,Versa 4
2026-06-03T23:22:50Z,95.0,Versa 4
2026-06-03T23:22:52Z,95.0,Versa 4
2026-06-03T23:22:53Z,94.0,Versa 4
2026-06-03T23:22:55Z,93.0,Versa 4
2026-06-03T23:22:57Z,92.0,Versa 4
2026-06-03T23:23:00Z,92.0,Versa 4
2026-06-03T23:23:01Z,94.0,Versa 4
2026-06-03T23:23:04Z,94.0,Versa 4
2026-06-03T23:23:07Z,94.0,Versa 4
2026-06-03T23:23:09Z,91.0,Versa 4
2026-06-03T23:23:11Z,90.0,Versa 4
2026-06-03T23:23:13Z,88.0,Versa 4
2026-06-03T23:23:15Z,88.0,Versa 4
2026-06-03T23:23:17Z,87.0,Versa 4
2026-06-03T23:23:18Z,86.0,Versa 4
2026-06-03T23:23:20Z,84.0,Versa 4
2026-06-03T23:23:22Z,86.0,Versa 4
2026-06-03T23:23:25Z,86.0,Versa 4
2026-06-03T23:23:28Z,88.0,Versa 4
2026-06-03T23:23:30Z,90.0,Versa 4
2026-06-03T23:23:32Z,91.0,Versa 4
2026-06-03T23:23:34Z,92.0,Versa 4
2026-06-03T23:23:37Z,92.0,Versa 4
2026-06-03T23:23:38Z,88.0,Versa 4
2026-06-03T23:23:40Z,88.0,Versa 4
2026-06-03T23:23:41Z,88.0,Versa 4
2026-06-03T23:23:43Z,90.0,Versa 4
2026-06-03T23:23:46Z,90.0,Versa 4
2026-06-03T23:23:47Z,89.0,Versa 4
2026-06-03T23:23:49Z,88.0,Versa 4
2026-06-03T23:23:51Z,86.0,Versa 4
2026-06-03T23:23:54Z,86.0,Versa 4
2026-06-03T23:23:55Z,84.0,Versa 4
2026-06-03T23:23:58Z,84.0,Versa 4
2026-06-03T23:24:01Z,84.0,Versa 4
2026-06-03T23:24:04Z,84.0,Versa 4
2026-06-03T23:24:05Z,85.0,Versa 4
2026-06-03T23:24:06Z,86.0,Versa 4
2026-06-03T23:24:08Z,86.0,Versa 4
2026-06-03T23:24:11Z,86.0,Versa 4
2026-06-03T23:24:12Z,87.0,Versa 4
2026-06-03T23:24:14Z,88.0,Versa 4
2026-06-03T23:24:16Z,89.0,Versa 4
2026-06-03T23:24:19Z,89.0,Versa 4
2026-06-03T23:24:22Z,89.0,Versa 4
2026-06-03T23:24:25Z,89.0,Versa 4
2026-06-03T23:24:26Z,90.0,Versa 4
2026-06-03T23:24:28Z,91.0,Versa 4
2026-06-03T23:24:29Z,92.0,Versa 4
2026-06-03T23:24:31Z,91.0,Versa 4
2026-06-03T23:24:33Z,88.0,Versa 4
2026-06-03T23:24:35Z,86.0,Versa 4
2026-06-03T23:24:37Z,85.0,Versa 4
2026-06-03T23:24:40Z,85.0,Versa 4
2026-06-03T23:24:43Z,85.0,Versa 4
2026-06-03T23:24:45Z,85.0,Versa 4
2026-06-03T23:24:47Z,84.0,Versa 4
2026-06-03T23:24:50Z,84.0,Versa 4
2026-06-03T23:24:51Z,84.0,Versa 4
2026-06-03T23:24:53Z,84.0,Versa 4
2026-06-03T23:24:54Z,83.0,Versa 4
2026-06-03T23:24:56Z,82.0,Versa 4
2026-06-03T23:24:58Z,83.0,Versa 4
2026-06-03T23:25:00Z,84.0,Versa 4
2026-06-03T23:25:02Z,86.0,Versa 4
2026-06-03T23:25:04Z,85.0,Versa 4
2026-06-03T23:25:06Z,85.0,Versa 4
2026-06-03T23:25:08Z,86.0,Versa 4
2026-06-03T23:25:10Z,87.0,Versa 4
2026-06-03T23:25:13Z,87.0,Versa 4
2026-06-03T23:25:16Z,87.0,Versa 4
2026-06-03T23:25:17Z,88.0,Versa 4
2026-06-03T23:25:20Z,88.0,Versa 4
2026-06-03T23:25:23Z,88.0,Versa 4
2026-06-03T23:25:25Z,88.0,Versa 4
2026-06-03T23:25:28Z,88.0,Versa 4
2026-06-03T23:25:29Z,87.0,Versa 4
2026-06-03T23:25:32Z,87.0,Versa 4
2026-06-03T23:25:33Z,86.0,Versa 4
2026-06-03T23:25:35Z,86.0,Versa 4
2026-06-03T23:25:38Z,86.0,Versa 4
2026-06-03T23:25:41Z,86.0,Versa 4
2026-06-03T23:25:44Z,86.0,Versa 4
2026-06-03T23:25:47Z,86.0,Versa 4
2026-06-03T23:25:48Z,87.0,Versa 4
2026-06-03T23:25:50Z,88.0,Versa 4
2026-06-03T23:25:52Z,90.0,Versa 4
2026-06-03T23:25:54Z,91.0,Versa 4
2026-06-03T23:25:57Z,91.0,Versa 4
2026-06-03T23:25:58Z,88.0,Versa 4
2026-06-03T23:26:00Z,87.0,Versa 4
2026-06-03T23:26:03Z,87.0,Versa 4
2026-06-03T23:26:04Z,87.0,Versa 4
2026-06-03T23:26:05Z,89.0,Versa 4
2026-06-03T23:26:07Z,90.0,Versa 4
2026-06-03T23:26:10Z,90.0,Versa 4
2026-06-03T23:26:11Z,93.0,Versa 4
2026-06-03T23:26:13Z,94.0,Versa 4
2026-06-03T23:26:15Z,95.0,Versa 4
2026-06-03T23:26:17Z,97.0,Versa 4
2026-06-03T23:26:19Z,97.0,Versa 4
2026-06-03T23:26:21Z,96.0,Versa 4
2026-06-03T23:26:23Z,94.0,Versa 4
2026-06-03T23:26:25Z,92.0,Versa 4
2026-06-03T23:26:27Z,91.0,Versa 4
2026-06-03T23:26:29Z,90.0,Versa 4
2026-06-03T23:26:30Z,88.0,Versa 4
2026-06-03T23:26:32Z,86.0,Versa 4
2026-06-03T23:26:34Z,85.0,Versa 4
2026-06-03T23:26:37Z,85.0,Versa 4
2026-06-03T23:26:38Z,86.0,Versa 4
2026-06-03T23:26:41Z,86.0,Versa 4
2026-06-03T23:26:44Z,85.0,Versa 4
2026-06-03T23:26:46Z,84.0,Versa 4
2026-06-03T23:26:48Z,82.0,Versa 4
2026-06-03T23:26:50Z,82.0,Versa 4
2026-06-03T23:26:52Z,83.0,Versa 4
2026-06-03T23:26:55Z,82.0,Versa 4
2026-06-03T23:26:58Z,82.0,Versa 4
2026-06-03T23:26:59Z,82.0,Versa 4
2026-06-03T23:27:02Z,82.0,Versa 4
2026-06-03T23:27:05Z,82.0,Versa 4
2026-06-03T23:27:08Z,82.0,Versa 4
2026-06-03T23:27:11Z,82.0,Versa 4
2026-06-03T23:27:14Z,82.0,Versa 4
2026-06-03T23:27:15Z,81.0,Versa 4
2026-06-03T23:27:17Z,83.0,Versa 4
2026-06-03T23:27:18Z,85.0,Versa 4
2026-06-03T23:27:21Z,85.0,Versa 4
2026-06-03T23:27:22Z,84.0,Versa 4
2026-06-03T23:27:25Z,84.0,Versa 4
2026-06-03T23:27:28Z,84.0,Versa 4
2026-06-03T23:27:31Z,84.0,Versa 4
2026-06-03T23:27:32Z,84.0,Versa 4
2026-06-03T23:27:34Z,86.0,Versa 4
2026-06-03T23:27:37Z,86.0,Versa 4
2026-06-03T23:27:38Z,84.0,Versa 4
2026-06-03T23:27:41Z,84.0,Versa 4
2026-06-03T23:27:44Z,84.0,Versa 4
2026-06-03T23:27:47Z,84.0,Versa 4
2026-06-03T23:27:49Z,85.0,Versa 4
2026-06-03T23:27:51Z,84.0,Versa 4
2026-06-03T23:27:53Z,83.0,Versa 4
2026-06-03T23:27:55Z,82.0,Versa 4
2026-06-03T23:27:57Z,83.0,Versa 4
2026-06-03T23:28:00Z,83.0,Versa 4
2026-06-03T23:28:01Z,84.0,Versa 4
2026-06-03T23:28:04Z,84.0,Versa 4
2026-06-03T23:28:06Z,83.0,Versa 4
2026-06-03T23:28:08Z,84.0,Versa 4
2026-06-03T23:28:11Z,84.0,Versa 4
2026-06-03T23:28:12Z,83.0,Versa 4
2026-06-03T23:28:14Z,84.0,Versa 4
2026-06-03T23:28:17Z,84.0,Versa 4
2026-06-03T23:28:20Z,84.0,Versa 4
2026-06-03T23:28:23Z,84.0,Versa 4
2026-06-03T23:28:26Z,85.0,Versa 4
2026-06-03T23:28:28Z,86.0,Versa 4
2026-06-03T23:28:31Z,86.0,Versa 4
2026-06-03T23:28:34Z,86.0,Versa 4
2026-06-03T23:28:37Z,87.0,Versa 4
2026-06-03T23:28:39Z,86.0,Versa 4
2026-06-03T23:28:41Z,89.0,Versa 4
2026-06-03T23:28:44Z,89.0,Versa 4
2026-06-03T23:28:47Z,88.0,Versa 4
2026-06-03T23:28:49Z,89.0,Versa 4
2026-06-03T23:28:51Z,92.0,Versa 4
2026-06-03T23:28:53Z,93.0,Versa 4
2026-06-03T23:28:54Z,94.0,Versa 4
2026-06-03T23:28:56Z,93.0,Versa 4
2026-06-03T23:28:58Z,92.0,Versa 4
2026-06-03T23:29:00Z,91.0,Versa 4
2026-06-03T23:29:03Z,91.0,Versa 4
2026-06-03T23:29:04Z,88.0,Versa 4
2026-06-03T23:29:07Z,88.0,Versa 4
2026-06-03T23:29:08Z,87.0,Versa 4
2026-06-03T23:29:10Z,88.0,Versa 4
2026-06-03T23:29:12Z,86.0,Versa 4
2026-06-03T23:29:14Z,83.0,Versa 4
2026-06-03T23:29:16Z,84.0,Versa 4
2026-06-03T23:29:17Z,83.0,Versa 4
2026-06-03T23:29:20Z,83.0,Versa 4
2026-06-03T23:29:21Z,85.0,Versa 4
2026-06-03T23:29:23Z,84.0,Versa 4
2026-06-03T23:29:25Z,83.0,Versa 4
2026-06-03T23:29:27Z,84.0,Versa 4
2026-06-03T23:29:29Z,87.0,Versa 4
2026-06-03T23:29:31Z,88.0,Versa 4
2026-06-03T23:29:34Z,88.0,Versa 4
2026-06-03T23:29:35Z,85.0,Versa 4
2026-06-03T23:29:38Z,85.0,Versa 4
2026-06-03T23:29:39Z,86.0,Versa 4
2026-06-03T23:29:41Z,85.0,Versa 4
2026-06-03T23:29:42Z,84.0,Versa 4
2026-06-03T23:29:44Z,84.0,Versa 4
2026-06-03T23:29:46Z,84.0,Versa 4
2026-06-03T23:29:49Z,84.0,Versa 4
2026-06-03T23:29:52Z,84.0,Versa 4
2026-06-03T23:29:54Z,84.0,Versa 4
2026-06-03T23:29:57Z,84.0,Versa 4
2026-06-03T23:29:58Z,84.0,Versa 4
2026-06-03T23:30:00Z,85.0,Versa 4
2026-06-03T23:30:02Z,86.0,Versa 4
2026-06-03T23:30:04Z,87.0,Versa 4
2026-06-03T23:30:07Z,88.0,Versa 4
2026-06-03T23:30:09Z,87.0,Versa 4
2026-06-03T23:30:11Z,84.0,Versa 4
2026-06-03T23:30:14Z,84.0,Versa 4
2026-06-03T23:30:17Z,85.0,Versa 4
2026-06-03T23:30:19Z,86.0,Versa 4
2026-06-03T23:30:22Z,86.0,Versa 4
2026-06-03T23:30:23Z,84.0,Versa 4
2026-06-03T23:30:25Z,83.0,Versa 4
2026-06-03T23:30:27Z,84.0,Versa 4
2026-06-03T23:30:30Z,84.0,Versa 4
2026-06-03T23:30:32Z,83.0,Versa 4
2026-06-03T23:30:34Z,84.0,Versa 4
2026-06-03T23:30:36Z,83.0,Versa 4
2026-06-03T23:30:38Z,82.0,Versa 4
2026-06-03T23:30:40Z,82.0,Versa 4
2026-06-03T23:30:42Z,83.0,Versa 4
2026-06-03T23:30:44Z,84.0,Versa 4
2026-06-03T23:30:47Z,84.0,Versa 4
2026-06-03T23:30:48Z,82.0,Versa 4
2026-06-03T23:30:50Z,81.0,Versa 4
2026-06-03T23:30:52Z,82.0,Versa 4
2026-06-03T23:30:53Z,83.0,Versa 4
2026-06-03T23:30:55Z,84.0,Versa 4
2026-06-03T23:30:58Z,84.0,Versa 4
2026-06-03T23:31:01Z,87.0,Versa 4
2026-06-03T23:31:04Z,87.0,Versa 4
2026-06-03T23:31:05Z,86.0,Versa 4
2026-06-03T23:31:07Z,82.0,Versa 4
2026-06-03T23:31:09Z,80.0,Versa 4
2026-06-03T23:31:12Z,80.0,Versa 4
2026-06-03T23:31:13Z,82.0,Versa 4
2026-06-03T23:31:16Z,82.0,Versa 4
2026-06-03T23:31:18Z,81.0,Versa 4
2026-06-03T23:31:20Z,82.0,Versa 4
2026-06-03T23:31:22Z,83.0,Versa 4
2026-06-03T23:31:24Z,85.0,Versa 4
2026-06-03T23:31:26Z,86.0,Versa 4
2026-06-03T23:31:29Z,86.0,Versa 4
2026-06-03T23:31:30Z,87.0,Versa 4
2026-06-03T23:31:32Z,86.0,Versa 4
2026-06-03T23:31:34Z,87.0,Versa 4
2026-06-03T23:31:36Z,88.0,Versa 4
2026-06-03T23:31:38Z,87.0,Versa 4
2026-06-03T23:31:41Z,87.0,Versa 4
2026-06-03T23:31:43Z,89.0,Versa 4
2026-06-03T23:31:45Z,93.0,Versa 4
2026-06-03T23:31:48Z,93.0,Versa 4
2026-06-03T23:31:49Z,88.0,Versa 4
2026-06-03T23:31:52Z,88.0,Versa 4
2026-06-03T23:31:53Z,87.0,Versa 4
2026-06-03T23:31:55Z,86.0,Versa 4
2026-06-03T23:31:58Z,86.0,Versa 4
2026-06-03T23:32:01Z,85.0,Versa 4
2026-06-03T23:32:03Z,84.0,Versa 4
2026-06-03T23:32:05Z,85.0,Versa 4
2026-06-03T23:32:06Z,86.0,Versa 4
2026-06-03T23:32:08Z,87.0,Versa 4
2026-06-03T23:32:10Z,88.0,Versa 4
2026-06-03T23:32:13Z,88.0,Versa 4
2026-06-03T23:32:16Z,89.0,Versa 4
2026-06-03T23:32:18Z,87.0,Versa 4
2026-06-03T23:32:20Z,88.0,Versa 4
2026-06-03T23:32:23Z,88.0,Versa 4
2026-06-03T23:32:26Z,88.0,Versa 4
2026-06-03T23:32:29Z,87.0,Versa 4
2026-06-03T23:32:32Z,87.0,Versa 4
2026-06-03T23:32:33Z,88.0,Versa 4
2026-06-03T23:32:35Z,89.0,Versa 4
2026-06-03T23:32:37Z,88.0,Versa 4
2026-06-03T23:32:39Z,86.0,Versa 4
2026-06-03T23:32:41Z,85.0,Versa 4
2026-06-03T23:32:43Z,86.0,Versa 4
2026-06-03T23:32:45Z,88.0,Versa 4
2026-06-03T23:32:48Z,88.0,Versa 4
2026-06-03T23:32:49Z,86.0,Versa 4
2026-06-03T23:32:51Z,84.0,Versa 4
2026-06-03T23:32:53Z,82.0,Versa 4
2026-06-03T23:32:54Z,83.0,Versa 4
2026-06-03T23:32:56Z,84.0,Versa 4
2026-06-03T23:32:58Z,82.0,Versa 4
2026-06-03T23:33:01Z,82.0,Versa 4
2026-06-03T23:33:02Z,83.0,Versa 4
2026-06-03T23:33:05Z,83.0,Versa 4
2026-06-03T23:33:06Z,82.0,Versa 4
2026-06-03T23:33:09Z,82.0,Versa 4
2026-06-03T23:33:10Z,83.0,Versa 4
2026-06-03T23:33:12Z,84.0,Versa 4
2026-06-03T23:33:15Z,84.0,Versa 4
2026-06-03T23:33:16Z,82.0,Versa 4
2026-06-03T23:33:19Z,83.0,Versa 4
2026-06-03T23:33:22Z,83.0,Versa 4
2026-06-03T23:33:25Z,79.0,Versa 4
2026-06-03T23:33:27Z,80.0,Versa 4
2026-06-03T23:33:29Z,82.0,Versa 4
2026-06-03T23:33:31Z,84.0,Versa 4
2026-06-03T23:33:34Z,84.0,Versa 4
2026-06-03T23:33:37Z,84.0,Versa 4
2026-06-03T23:33:40Z,84.0,Versa 4
2026-06-03T23:33:41Z,86.0,Versa 4
2026-06-03T23:33:42Z,88.0,Versa 4
2026-06-03T23:33:45Z,88.0,Versa 4
2026-06-03T23:33:46Z,86.0,Versa 4
2026-06-03T23:33:49Z,86.0,Versa 4
2026-06-03T23:33:50Z,85.0,Versa 4
2026-06-03T23:33:52Z,84.0,Versa 4
2026-06-03T23:33:54Z,83.0,Versa 4
2026-06-03T23:33:56Z,82.0,Versa 4
2026-06-03T23:33:58Z,82.0,Versa 4
2026-06-03T23:34:00Z,81.0,Versa 4
2026-06-03T23:34:02Z,80.0,Versa 4
2026-06-03T23:34:05Z,80.0,Versa 4
2026-06-03T23:34:07Z,81.0,Versa 4
2026-06-03T23:34:09Z,80.0,Versa 4
2026-06-03T23:34:12Z,80.0,Versa 4
2026-06-03T23:34:15Z,81.0,Versa 4
2026-06-03T23:34:17Z,80.0,Versa 4
2026-06-03T23:34:20Z,80.0,Versa 4
2026-06-03T23:34:21Z,81.0,Versa 4
2026-06-03T23:34:23Z,82.0,Versa 4
2026-06-03T23:34:25Z,82.0,Versa 4
2026-06-03T23:34:27Z,81.0,Versa 4
2026-06-03T23:34:29Z,80.0,Versa 4
2026-06-03T23:34:30Z,82.0,Versa 4
2026-06-03T23:34:32Z,83.0,Versa 4
2026-06-03T23:34:35Z,83.0,Versa 4
2026-06-03T23:34:36Z,82.0,Versa 4
2026-06-03T23:34:38Z,81.0,Versa 4
2026-06-03T23:34:41Z,81.0,Versa 4
2026-06-03T23:34:42Z,82.0,Versa 4
2026-06-03T23:34:44Z,83.0,Versa 4
2026-06-03T23:34:46Z,84.0,Versa 4
2026-06-03T23:34:48Z,83.0,Versa 4
2026-06-03T23:34:50Z,82.0,Versa 4
2026-06-03T23:34:52Z,83.0,Versa 4
2026-06-03T23:34:53Z,84.0,Versa 4
2026-06-03T23:34:56Z,84.0,Versa 4
2026-06-03T23:34:59Z,83.0,Versa 4
2026-06-03T23:35:01Z,82.0,Versa 4
2026-06-03T23:35:03Z,84.0,Versa 4
2026-06-03T23:35:05Z,83.0,Versa 4
2026-06-03T23:35:07Z,83.0,Versa 4
2026-06-03T23:35:09Z,82.0,Versa 4
2026-06-03T23:35:12Z,82.0,Versa 4
2026-06-03T23:35:13Z,84.0,Versa 4
2026-06-03T23:35:15Z,84.0,Versa 4
2026-06-03T23:35:17Z,83.0,Versa 4
2026-06-03T23:35:18Z,84.0,Versa 4
2026-06-03T23:35:20Z,86.0,Versa 4
2026-06-03T23:35:22Z,83.0,Versa 4
2026-06-03T23:35:24Z,81.0,Versa 4
2026-06-03T23:35:26Z,82.0,Versa 4
2026-06-03T23:35:29Z,82.0,Versa 4
2026-06-03T23:35:32Z,82.0,Versa 4
2026-06-03T23:35:33Z,80.0,Versa 4
2026-06-03T23:35:35Z,79.0,Versa 4
2026-06-03T23:35:37Z,80.0,Versa 4
2026-06-03T23:35:39Z,82.0,Versa 4
2026-06-03T23:35:41Z,82.0,Versa 4
2026-06-03T23:35:44Z,82.0,Versa 4
2026-06-03T23:35:45Z,81.0,Versa 4
2026-06-03T23:35:47Z,80.0,Versa 4
2026-06-03T23:35:48Z,82.0,Versa 4
2026-06-03T23:35:50Z,84.0,Versa 4
2026-06-03T23:35:53Z,84.0,Versa 4
2026-06-03T23:35:56Z,87.0,Versa 4
2026-06-03T23:35:58Z,86.0,Versa 4
2026-06-03T23:36:00Z,84.0,Versa 4
2026-06-03T23:36:02Z,84.0,Versa 4
2026-06-03T23:36:04Z,86.0,Versa 4
2026-06-03T23:36:07Z,86.0,Versa 4
2026-06-03T23:36:08Z,84.0,Versa 4
2026-06-03T23:36:10Z,82.0,Versa 4
2026-06-03T23:36:11Z,81.0,Versa 4
2026-06-03T23:36:13Z,81.0,Versa 4
2026-06-03T23:36:15Z,82.0,Versa 4
2026-06-03T23:36:18Z,82.0,Versa 4
2026-06-03T23:36:19Z,82.0,Versa 4
2026-06-03T23:36:21Z,82.0,Versa 4
2026-06-03T23:36:23Z,83.0,Versa 4
2026-06-03T23:36:25Z,84.0,Versa 4
2026-06-03T23:36:28Z,84.0,Versa 4
2026-06-03T23:36:29Z,85.0,Versa 4
2026-06-03T23:36:31Z,84.0,Versa 4
2026-06-03T23:36:33Z,82.0,Versa 4
2026-06-03T23:36:35Z,81.0,Versa 4
2026-06-03T23:36:36Z,80.0,Versa 4
2026-06-03T23:36:38Z,85.0,Versa 4
2026-06-03T23:36:40Z,94.0,Versa 4
2026-06-03T23:36:42Z,92.0,Versa 4
2026-06-03T23:36:44Z,99.0,Versa 4
2026-06-03T23:36:46Z,98.0,Versa 4
2026-06-03T23:36:48Z,91.0,Versa 4
2026-06-03T23:36:50Z,88.0,Versa 4
2026-06-03T23:36:52Z,87.0,Versa 4
2026-06-03T23:36:54Z,86.0,Versa 4
2026-06-03T23:36:56Z,85.0,Versa 4
2026-06-03T23:36:59Z,85.0,Versa 4
2026-06-03T23:37:01Z,86.0,Versa 4
2026-06-03T23:37:03Z,88.0,Versa 4
2026-06-03T23:37:05Z,90.0,Versa 4
2026-06-03T23:37:07Z,91.0,Versa 4
2026-06-03T23:37:09Z,90.0,Versa 4
2026-06-03T23:37:11Z,86.0,Versa 4
2026-06-03T23:37:14Z,86.0,Versa 4
2026-06-03T23:37:17Z,86.0,Versa 4
2026-06-03T23:37:19Z,88.0,Versa 4
2026-06-03T23:37:21Z,90.0,Versa 4
2026-06-03T23:37:23Z,86.0,Versa 4
2026-06-03T23:37:24Z,83.0,Versa 4
2026-06-03T23:37:26Z,82.0,Versa 4
2026-06-03T23:37:28Z,83.0,Versa 4
2026-06-03T23:37:30Z,83.0,Versa 4
2026-06-03T23:37:32Z,84.0,Versa 4
2026-06-03T23:37:35Z,84.0,Versa 4
2026-06-03T23:37:38Z,86.0,Versa 4
2026-06-03T23:37:40Z,88.0,Versa 4
2026-06-03T23:37:42Z,88.0,Versa 4
2026-06-03T23:37:44Z,87.0,Versa 4
2026-06-03T23:37:46Z,88.0,Versa 4
2026-06-03T23:37:47Z,90.0,Versa 4
2026-06-03T23:37:49Z,91.0,Versa 4
2026-06-03T23:37:51Z,90.0,Versa 4
2026-06-03T23:37:53Z,89.0,Versa 4
2026-06-03T23:37:56Z,89.0,Versa 4
2026-06-03T23:37:57Z,90.0,Versa 4
2026-06-03T23:38:00Z,90.0,Versa 4
2026-06-03T23:38:01Z,88.0,Versa 4
2026-06-03T23:38:03Z,87.0,Versa 4
2026-06-03T23:38:05Z,88.0,Versa 4
2026-06-03T23:38:07Z,89.0,Versa 4
2026-06-03T23:38:09Z,90.0,Versa 4
2026-06-03T23:38:11Z,91.0,Versa 4
2026-06-03T23:38:12Z,90.0,Versa 4
2026-06-03T23:38:14Z,90.0,Versa 4
2026-06-03T23:38:17Z,90.0,Versa 4
2026-06-03T23:38:18Z,92.0,Versa 4
2026-06-03T23:38:20Z,93.0,Versa 4
2026-06-03T23:38:22Z,90.0,Versa 4
2026-06-03T23:38:24Z,87.0,Versa 4
2026-06-03T23:38:27Z,87.0,Versa 4
2026-06-03T23:38:28Z,88.0,Versa 4
2026-06-03T23:38:31Z,88.0,Versa 4
2026-06-03T23:38:32Z,87.0,Versa 4
2026-06-03T23:38:34Z,86.0,Versa 4
2026-06-03T23:38:35Z,88.0,Versa 4
2026-06-03T23:38:37Z,90.0,Versa 4
2026-06-03T23:38:39Z,91.0,Versa 4
2026-06-03T23:38:42Z,91.0,Versa 4
2026-06-03T23:38:43Z,89.0,Versa 4
2026-06-03T23:38:45Z,88.0,Versa 4
2026-06-03T23:38:47Z,89.0,Versa 4
2026-06-03T23:38:49Z,88.0,Versa 4
2026-06-03T23:38:52Z,88.0,Versa 4
2026-06-03T23:38:55Z,88.0,Versa 4
2026-06-03T23:38:57Z,90.0,Versa 4
2026-06-03T23:39:00Z,90.0,Versa 4
2026-06-03T23:39:03Z,90.0,Versa 4
2026-06-03T23:39:04Z,91.0,Versa 4
2026-06-03T23:39:06Z,92.0,Versa 4
2026-06-03T23:39:08Z,91.0,Versa 4
2026-06-03T23:39:10Z,90.0,Versa 4
2026-06-03T23:39:13Z,90.0,Versa 4
2026-06-03T23:39:14Z,89.0,Versa 4
2026-06-03T23:39:16Z,87.0,Versa 4
2026-06-03T23:39:18Z,86.0,Versa 4
2026-06-03T23:39:21Z,86.0,Versa 4
2026-06-03T23:39:22Z,87.0,Versa 4
2026-06-03T23:39:23Z,86.0,Versa 4
2026-06-03T23:39:25Z,87.0,Versa 4
2026-06-03T23:39:27Z,88.0,Versa 4
2026-06-03T23:39:29Z,89.0,Versa 4
2026-06-03T23:39:32Z,89.0,Versa 4
2026-06-03T23:39:35Z,89.0,Versa 4
2026-06-03T23:39:37Z,90.0,Versa 4
2026-06-03T23:39:39Z,92.0,Versa 4
2026-06-03T23:39:42Z,92.0,Versa 4
2026-06-03T23:39:43Z,91.0,Versa 4
2026-06-03T23:39:45Z,90.0,Versa 4
2026-06-03T23:39:47Z,91.0,Versa 4
2026-06-03T23:39:48Z,93.0,Versa 4
2026-06-03T23:39:50Z,96.0,Versa 4
2026-06-03T23:39:52Z,97.0,Versa 4
2026-06-03T23:39:54Z,96.0,Versa 4
2026-06-03T23:39:56Z,96.0,Versa 4
2026-06-03T23:39:58Z,95.0,Versa 4
2026-06-03T23:40:00Z,94.0,Versa 4
2026-06-03T23:40:02Z,92.0,Versa 4
2026-06-03T23:40:04Z,91.0,Versa 4
2026-06-03T23:40:06Z,90.0,Versa 4
2026-06-03T23:40:09Z,90.0,Versa 4
2026-06-03T23:40:10Z,89.0,Versa 4
2026-06-03T23:40:11Z,88.0,Versa 4
2026-06-03T23:40:14Z,88.0,Versa 4
2026-06-03T23:40:15Z,89.0,Versa 4
2026-06-03T23:40:17Z,90.0,Versa 4
2026-06-03T23:40:20Z,90.0,Versa 4
2026-06-03T23:40:23Z,90.0,Versa 4
2026-06-03T23:40:25Z,91.0,Versa 4
2026-06-03T23:40:28Z,91.0,Versa 4
2026-06-03T23:40:31Z,90.0,Versa 4
2026-06-03T23:40:33Z,89.0,Versa 4
2026-06-03T23:40:36Z,88.0,Versa 4
2026-06-03T23:40:38Z,87.0,Versa 4
2026-06-03T23:40:40Z,83.0,Versa 4
2026-06-03T23:40:42Z,80.0,Versa 4
2026-06-03T23:40:44Z,79.0,Versa 4
2026-06-03T23:40:46Z,80.0,Versa 4
2026-06-03T23:40:48Z,79.0,Versa 4
2026-06-03T23:40:50Z,80.0,Versa 4
2026-06-03T23:40:52Z,81.0,Versa 4
2026-06-03T23:40:55Z,81.0,Versa 4
2026-06-03T23:40:56Z,82.0,Versa 4
2026-06-03T23:40:59Z,82.0,Versa 4
2026-06-03T23:41:01Z,84.0,Versa 4
2026-06-03T23:41:03Z,84.0,Versa 4
2026-06-03T23:41:06Z,84.0,Versa 4
2026-06-03T23:41:07Z,82.0,Versa 4
2026-06-03T23:41:09Z,81.0,Versa 4
2026-06-03T23:41:11Z,80.0,Versa 4
2026-06-03T23:41:13Z,79.0,Versa 4
2026-06-03T23:41:15Z,78.0,Versa 4
2026-06-03T23:41:17Z,77.0,Versa 4
2026-06-03T23:41:19Z,78.0,Versa 4
2026-06-03T23:41:21Z,79.0,Versa 4
2026-06-03T23:41:23Z,80.0,Versa 4
2026-06-03T23:41:24Z,81.0,Versa 4
2026-06-03T23:41:26Z,80.0,Versa 4
2026-06-03T23:41:29Z,80.0,Versa 4
2026-06-03T23:41:30Z,81.0,Versa 4
2026-06-03T23:41:33Z,81.0,Versa 4
2026-06-03T23:41:34Z,82.0,Versa 4
2026-06-03T23:41:37Z,82.0,Versa 4
2026-06-03T23:41:40Z,80.0,Versa 4
2026-06-03T23:41:43Z,80.0,Versa 4
2026-06-03T23:41:44Z,81.0,Versa 4
2026-06-03T23:41:46Z,83.0,Versa 4
2026-06-03T23:41:49Z,83.0,Versa 4
2026-06-03T23:41:51Z,84.0,Versa 4
2026-06-03T23:41:53Z,87.0,Versa 4
2026-06-03T23:41:55Z,84.0,Versa 4
2026-06-03T23:41:58Z,84.0,Versa 4
2026-06-03T23:41:59Z,83.0,Versa 4
2026-06-03T23:42:01Z,84.0,Versa 4
2026-06-03T23:42:04Z,84.0,Versa 4
2026-06-03T23:42:05Z,82.0,Versa 4
2026-06-03T23:42:07Z,81.0,Versa 4
2026-06-03T23:42:09Z,82.0,Versa 4
2026-06-03T23:42:11Z,83.0,Versa 4
2026-06-03T23:42:12Z,86.0,Versa 4
2026-06-03T23:42:14Z,87.0,Versa 4
2026-06-03T23:42:16Z,88.0,Versa 4
2026-06-03T23:42:18Z,89.0,Versa 4
2026-06-03T23:42:20Z,88.0,Versa 4
2026-06-03T23:42:22Z,87.0,Versa 4
2026-06-03T23:42:24Z,86.0,Versa 4
2026-06-03T23:42:27Z,86.0,Versa 4
2026-06-03T23:42:28Z,85.0,Versa 4
2026-06-03T23:42:30Z,87.0,Versa 4
2026-06-03T23:42:32Z,92.0,Versa 4
2026-06-03T23:42:34Z,95.0,Versa 4
2026-06-03T23:42:35Z,96.0,Versa 4
2026-06-03T23:42:37Z,94.0,Versa 4
2026-06-03T23:42:39Z,91.0,Versa 4
2026-06-03T23:42:41Z,89.0,Versa 4
2026-06-03T23:42:43Z,85.0,Versa 4
2026-06-03T23:42:45Z,84.0,Versa 4
2026-06-03T23:42:47Z,82.0,Versa 4
2026-06-03T23:42:49Z,83.0,Versa 4
2026-06-03T23:42:51Z,84.0,Versa 4
2026-06-03T23:42:53Z,82.0,Versa 4
2026-06-03T23:42:56Z,82.0,Versa 4
2026-06-03T23:42:57Z,84.0,Versa 4
2026-06-03T23:42:59Z,86.0,Versa 4
2026-06-03T23:43:00Z,86.0,Versa 4
2026-06-03T23:43:02Z,84.0,Versa 4
2026-06-03T23:43:04Z,82.0,Versa 4
2026-06-03T23:43:06Z,81.0,Versa 4
2026-06-03T23:43:09Z,81.0,Versa 4
2026-06-03T23:43:10Z,82.0,Versa 4
2026-06-03T23:43:12Z,84.0,Versa 4
2026-06-03T23:43:14Z,83.0,Versa 4
2026-06-03T23:43:16Z,81.0,Versa 4
2026-06-03T23:43:18Z,80.0,Versa 4
2026-06-03T23:43:21Z,80.0,Versa 4
2026-06-03T23:43:23Z,79.0,Versa 4
2026-06-03T23:43:25Z,80.0,Versa 4
2026-06-03T23:43:28Z,80.0,Versa 4
2026-06-03T23:43:31Z,81.0,Versa 4
2026-06-03T23:43:33Z,83.0,Versa 4
2026-06-03T23:43:36Z,83.0,Versa 4
2026-06-03T23:43:39Z,84.0,Versa 4
2026-06-03T23:43:41Z,83.0,Versa 4
2026-06-03T23:43:43Z,84.0,Versa 4
2026-06-03T23:43:45Z,84.0,Versa 4
2026-06-03T23:43:47Z,86.0,Versa 4
2026-06-03T23:43:50Z,86.0,Versa 4
2026-06-03T23:43:52Z,85.0,Versa 4
2026-06-03T23:43:55Z,85.0,Versa 4
2026-06-03T23:43:56Z,84.0,Versa 4
2026-06-03T23:43:58Z,85.0,Versa 4
2026-06-03T23:44:01Z,85.0,Versa 4
2026-06-03T23:44:02Z,84.0,Versa 4
2026-06-03T23:44:04Z,85.0,Versa 4
2026-06-03T23:44:06Z,84.0,Versa 4
2026-06-03T23:44:09Z,84.0,Versa 4
2026-06-03T23:44:10Z,85.0,Versa 4
2026-06-03T23:44:11Z,83.0,Versa 4
2026-06-03T23:44:13Z,82.0,Versa 4
2026-06-03T23:44:15Z,81.0,Versa 4
2026-06-03T23:44:17Z,80.0,Versa 4
2026-06-03T23:44:19Z,78.0,Versa 4
2026-06-03T23:44:21Z,77.0,Versa 4
2026-06-03T23:44:23Z,79.0,Versa 4
2026-06-03T23:44:26Z,79.0,Versa 4
2026-06-03T23:44:27Z,80.0,Versa 4
2026-06-03T23:44:29Z,82.0,Versa 4
2026-06-03T23:44:31Z,83.0,Versa 4
2026-06-03T23:44:33Z,84.0,Versa 4
2026-06-03T23:44:35Z,85.0,Versa 4
2026-06-03T23:44:36Z,84.0,Versa 4
2026-06-03T23:44:39Z,84.0,Versa 4
2026-06-03T23:44:42Z,84.0,Versa 4
2026-06-03T23:44:45Z,84.0,Versa 4
2026-06-03T23:44:46Z,82.0,Versa 4
2026-06-03T23:44:49Z,82.0,Versa 4
2026-06-03T23:44:50Z,83.0,Versa 4
2026-06-03T23:44:52Z,83.0,Versa 4
2026-06-03T23:44:54Z,84.0,Versa 4
2026-06-03T23:44:56Z,83.0,Versa 4
2026-06-03T23:44:59Z,83.0,Versa 4
2026-06-03T23:45:01Z,84.0,Versa 4
2026-06-03T23:45:04Z,84.0,Versa 4
2026-06-03T23:45:05Z,81.0,Versa 4
2026-06-03T23:45:08Z,81.0,Versa 4
2026-06-03T23:45:11Z,81.0,Versa 4
2026-06-03T23:45:13Z,80.0,Versa 4
2026-06-03T23:45:16Z,80.0,Versa 4
2026-06-03T23:45:17Z,78.0,Versa 4
2026-06-03T23:45:20Z,78.0,Versa 4
2026-06-03T23:45:21Z,79.0,Versa 4
2026-06-03T23:45:24Z,79.0,Versa 4
2026-06-03T23:45:26Z,78.0,Versa 4
2026-06-03T23:45:28Z,80.0,Versa 4
2026-06-03T23:45:30Z,81.0,Versa 4
2026-06-03T23:45:32Z,84.0,Versa 4
2026-06-03T23:45:35Z,84.0,Versa 4
2026-06-03T23:45:36Z,82.0,Versa 4
2026-06-03T23:45:38Z,80.0,Versa 4
2026-06-03T23:45:40Z,81.0,Versa 4
2026-06-03T23:45:42Z,82.0,Versa 4
2026-06-03T23:45:45Z,82.0,Versa 4
2026-06-03T23:45:46Z,81.0,Versa 4
2026-06-03T23:45:47Z,82.0,Versa 4
2026-06-03T23:45:49Z,83.0,Versa 4
2026-06-03T23:45:51Z,84.0,Versa 4
2026-06-03T23:45:53Z,83.0,Versa 4
2026-06-03T23:45:55Z,82.0,Versa 4
2026-06-03T23:45:58Z,82.0,Versa 4
2026-06-03T23:45:59Z,84.0,Versa 4
2026-06-03T23:46:01Z,83.0,Versa 4
2026-06-03T23:46:03Z,82.0,Versa 4
2026-06-03T23:46:06Z,82.0,Versa 4
2026-06-03T23:46:07Z,84.0,Versa 4
2026-06-03T23:46:09Z,85.0,Versa 4
2026-06-03T23:46:11Z,84.0,Versa 4
2026-06-03T23:46:12Z,85.0,Versa 4
2026-06-03T23:46:15Z,85.0,Versa 4
2026-06-03T23:46:16Z,84.0,Versa 4
2026-06-03T23:46:19Z,84.0,Versa 4
2026-06-03T23:46:22Z,84.0,Versa 4
2026-06-03T23:46:24Z,83.0,Versa 4
2026-06-03T23:46:26Z,80.0,Versa 4
2026-06-03T23:46:28Z,79.0,Versa 4
2026-06-03T23:46:30Z,80.0,Versa 4
2026-06-03T23:46:32Z,82.0,Versa 4
2026-06-03T23:46:34Z,80.0,Versa 4
2026-06-03T23:46:35Z,81.0,Versa 4
2026-06-03T23:46:37Z,82.0,Versa 4
2026-06-03T23:46:39Z,81.0,Versa 4
2026-06-03T23:46:41Z,83.0,Versa 4
2026-06-03T23:46:43Z,84.0,Versa 4
2026-06-03T23:46:45Z,85.0,Versa 4
2026-06-03T23:46:47Z,84.0,Versa 4
2026-06-03T23:46:49Z,84.0,Versa 4
2026-06-03T23:46:52Z,84.0,Versa 4
2026-06-03T23:46:53Z,84.0,Versa 4
2026-06-03T23:46:55Z,83.0,Versa 4
2026-06-03T23:46:57Z,82.0,Versa 4
2026-06-03T23:46:59Z,84.0,Versa 4
2026-06-03T23:47:00Z,85.0,Versa 4
2026-06-03T23:47:03Z,85.0,Versa 4
2026-06-03T23:47:04Z,84.0,Versa 4
2026-06-03T23:47:06Z,83.0,Versa 4
2026-06-03T23:47:08Z,82.0,Versa 4
2026-06-03T23:47:11Z,82.0,Versa 4
2026-06-03T23:47:12Z,83.0,Versa 4
2026-06-03T23:47:15Z,83.0,Versa 4
2026-06-03T23:47:16Z,82.0,Versa 4
2026-06-03T23:47:19Z,82.0,Versa 4
2026-06-03T23:47:20Z,81.0,Versa 4
2026-06-03T23:47:22Z,82.0,Versa 4
2026-06-03T23:47:23Z,84.0,Versa 4
2026-06-03T23:47:25Z,85.0,Versa 4
2026-06-03T23:47:28Z,85.0,Versa 4
2026-06-03T23:47:29Z,83.0,Versa 4
2026-06-03T23:47:32Z,83.0,Versa 4
2026-06-03T23:47:33Z,85.0,Versa 4
2026-06-03T23:47:35Z,85.0,Versa 4
2026-06-03T23:47:37Z,86.0,Versa 4
2026-06-03T23:47:40Z,86.0,Versa 4
2026-06-03T23:47:41Z,83.0,Versa 4
2026-06-03T23:47:43Z,82.0,Versa 4
2026-06-03T23:47:45Z,84.0,Versa 4
2026-06-03T23:47:47Z,85.0,Versa 4
2026-06-03T23:47:48Z,84.0,Versa 4
2026-06-03T23:47:50Z,84.0,Versa 4
2026-06-03T23:47:52Z,82.0,Versa 4
2026-06-03T23:47:54Z,82.0,Versa 4
2026-06-03T23:47:56Z,83.0,Versa 4
2026-06-03T23:47:58Z,84.0,Versa 4
2026-06-03T23:48:01Z,84.0,Versa 4
2026-06-03T23:48:04Z,83.0,Versa 4
2026-06-03T23:48:06Z,84.0,Versa 4
2026-06-03T23:48:09Z,84.0,Versa 4
2026-06-03T23:48:12Z,84.0,Versa 4
2026-06-03T23:48:15Z,84.0,Versa 4
2026-06-03T23:48:17Z,83.0,Versa 4
2026-06-03T23:48:19Z,80.0,Versa 4
2026-06-03T23:48:21Z,79.0,Versa 4
2026-06-03T23:48:23Z,81.0,Versa 4
2026-06-03T23:48:25Z,80.0,Versa 4
2026-06-03T23:48:28Z,80.0,Versa 4
2026-06-03T23:48:29Z,81.0,Versa 4
2026-06-03T23:48:31Z,79.0,Versa 4
2026-06-03T23:48:33Z,78.0,Versa 4
2026-06-03T23:48:35Z,79.0,Versa 4
2026-06-03T23:48:38Z,80.0,Versa 4
2026-06-03T23:48:40Z,81.0,Versa 4
2026-06-03T23:48:42Z,83.0,Versa 4
2026-06-03T23:48:44Z,84.0,Versa 4
2026-06-03T23:48:46Z,83.0,Versa 4
2026-06-03T23:48:49Z,83.0,Versa 4
2026-06-03T23:48:50Z,85.0,Versa 4
2026-06-03T23:48:52Z,87.0,Versa 4
2026-06-03T23:48:55Z,87.0,Versa 4
2026-06-03T23:48:56Z,84.0,Versa 4
2026-06-03T23:48:58Z,83.0,Versa 4
2026-06-03T23:48:59Z,82.0,Versa 4
2026-06-03T23:49:01Z,81.0,Versa 4
2026-06-03T23:49:03Z,80.0,Versa 4
2026-06-03T23:49:05Z,81.0,Versa 4
2026-06-03T23:49:08Z,81.0,Versa 4
2026-06-03T23:49:09Z,82.0,Versa 4
2026-06-03T23:49:12Z,82.0,Versa 4
2026-06-03T23:49:15Z,82.0,Versa 4
2026-06-03T23:49:17Z,84.0,Versa 4
2026-06-03T23:49:19Z,85.0,Versa 4
2026-06-03T23:49:21Z,86.0,Versa 4
2026-06-03T23:49:23Z,87.0,Versa 4
2026-06-03T23:49:24Z,86.0,Versa 4
2026-06-03T23:49:27Z,86.0,Versa 4
2026-06-03T23:49:28Z,85.0,Versa 4
2026-06-03T23:49:31Z,85.0,Versa 4
2026-06-03T23:49:32Z,83.0,Versa 4
2026-06-03T23:49:34Z,82.0,Versa 4
2026-06-03T23:49:37Z,82.0,Versa 4
2026-06-03T23:49:40Z,81.0,Versa 4
2026-06-03T23:49:42Z,78.0,Versa 4
2026-06-03T23:49:45Z,78.0,Versa 4
2026-06-03T23:49:47Z,79.0,Versa 4
2026-06-03T23:49:49Z,80.0,Versa 4
2026-06-03T23:49:51Z,80.0,Versa 4
2026-06-03T23:49:53Z,79.0,Versa 4
2026-06-03T23:49:55Z,80.0,Versa 4
2026-06-03T23:49:57Z,81.0,Versa 4
2026-06-03T23:49:59Z,82.0,Versa 4
2026-06-03T23:50:02Z,82.0,Versa 4
2026-06-03T23:50:03Z,84.0,Versa 4
2026-06-03T23:50:06Z,84.0,Versa 4
2026-06-03T23:50:07Z,86.0,Versa 4
2026-06-03T23:50:09Z,83.0,Versa 4
2026-06-03T23:50:11Z,81.0,Versa 4
2026-06-03T23:50:14Z,81.0,Versa 4
2026-06-03T23:50:16Z,82.0,Versa 4
2026-06-03T23:50:18Z,83.0,Versa 4
2026-06-03T23:50:21Z,83.0,Versa 4
2026-06-03T23:50:22Z,84.0,Versa 4
2026-06-03T23:50:24Z,85.0,Versa 4
2026-06-03T23:50:26Z,87.0,Versa 4
2026-06-03T23:50:28Z,94.0,Versa 4
2026-06-03T23:50:30Z,96.0,Versa 4
2026-06-03T23:50:32Z,97.0,Versa 4
2026-06-03T23:50:33Z,96.0,Versa 4
2026-06-03T23:50:35Z,93.0,Versa 4
2026-06-03T23:50:37Z,90.0,Versa 4
2026-06-03T23:50:39Z,84.0,Versa 4
2026-06-03T23:50:42Z,84.0,Versa 4
2026-06-03T23:50:43Z,86.0,Versa 4
2026-06-03T23:50:44Z,84.0,Versa 4
2026-06-03T23:50:46Z,82.0,Versa 4
2026-06-03T23:50:49Z,82.0,Versa 4
2026-06-03T23:50:52Z,82.0,Versa 4
2026-06-03T23:50:55Z,82.0,Versa 4
2026-06-03T23:50:56Z,83.0,Versa 4
2026-06-03T23:50:59Z,83.0,Versa 4
2026-06-03T23:51:00Z,82.0,Versa 4
2026-06-03T23:51:03Z,82.0,Versa 4
2026-06-03T23:51:06Z,82.0,Versa 4
2026-06-03T23:51:09Z,82.0,Versa 4
2026-06-03T23:51:12Z,82.0,Versa 4
2026-06-03T23:51:15Z,82.0,Versa 4
2026-06-03T23:51:17Z,84.0,Versa 4
2026-06-03T23:51:19Z,86.0,Versa 4
2026-06-03T23:51:21Z,88.0,Versa 4
2026-06-03T23:51:23Z,90.0,Versa 4
2026-06-03T23:51:25Z,90.0,Versa 4
2026-06-03T23:51:27Z,87.0,Versa 4
2026-06-03T23:51:29Z,86.0,Versa 4
2026-06-03T23:51:32Z,88.0,Versa 4
2026-06-03T23:51:34Z,88.0,Versa 4
2026-06-03T23:51:36Z,86.0,Versa 4
2026-06-03T23:51:38Z,84.0,Versa 4
2026-06-03T23:51:41Z,84.0,Versa 4
2026-06-03T23:51:42Z,85.0,Versa 4
2026-06-03T23:51:44Z,86.0,Versa 4
2026-06-03T23:51:46Z,85.0,Versa 4
2026-06-03T23:51:48Z,84.0,Versa 4
2026-06-03T23:51:50Z,83.0,Versa 4
2026-06-03T23:51:52Z,84.0,Versa 4
2026-06-03T23:51:55Z,84.0,Versa 4
2026-06-03T23:51:56Z,85.0,Versa 4
2026-06-03T23:51:57Z,86.0,Versa 4
2026-06-03T23:52:00Z,86.0,Versa 4
2026-06-03T23:52:01Z,87.0,Versa 4
2026-06-03T23:52:03Z,88.0,Versa 4
2026-06-03T23:52:05Z,86.0,Versa 4
2026-06-03T23:52:07Z,83.0,Versa 4
2026-06-03T23:52:09Z,82.0,Versa 4
2026-06-03T23:52:11Z,83.0,Versa 4
2026-06-03T23:52:13Z,84.0,Versa 4
2026-06-03T23:52:16Z,84.0,Versa 4
2026-06-03T23:52:17Z,83.0,Versa 4
2026-06-03T23:52:19Z,82.0,Versa 4
2026-06-03T23:52:22Z,84.0,Versa 4
2026-06-03T23:52:24Z,84.0,Versa 4
2026-06-03T23:52:26Z,83.0,Versa 4
2026-06-03T23:52:29Z,83.0,Versa 4
2026-06-03T23:52:32Z,83.0,Versa 4
2026-06-03T23:52:34Z,84.0,Versa 4
2026-06-03T23:52:37Z,84.0,Versa 4
2026-06-03T23:52:40Z,84.0,Versa 4
2026-06-03T23:52:42Z,85.0,Versa 4
2026-06-03T23:52:44Z,86.0,Versa 4
2026-06-03T23:52:45Z,86.0,Versa 4
2026-06-03T23:52:47Z,85.0,Versa 4
2026-06-03T23:52:49Z,82.0,Versa 4
2026-06-03T23:52:51Z,81.0,Versa 4
2026-06-03T23:52:53Z,82.0,Versa 4
2026-06-03T23:52:56Z,82.0,Versa 4
2026-06-03T23:52:57Z,83.0,Versa 4
2026-06-03T23:52:59Z,84.0,Versa 4
2026-06-03T23:53:02Z,84.0,Versa 4
2026-06-03T23:53:05Z,85.0,Versa 4
2026-06-03T23:53:07Z,84.0,Versa 4
2026-06-03T23:53:08Z,84.0,Versa 4
2026-06-03T23:53:11Z,84.0,Versa 4
2026-06-03T23:53:14Z,84.0,Versa 4
2026-06-03T23:53:17Z,84.0,Versa 4
2026-06-03T23:53:20Z,84.0,Versa 4
2026-06-03T23:53:22Z,84.0,Versa 4
2026-06-03T23:53:24Z,85.0,Versa 4
2026-06-03T23:53:27Z,85.0,Versa 4
2026-06-03T23:53:28Z,84.0,Versa 4
2026-06-03T23:53:30Z,84.0,Versa 4
2026-06-03T23:53:32Z,82.0,Versa 4
2026-06-03T23:53:33Z,82.0,Versa 4
2026-06-03T23:53:35Z,83.0,Versa 4
2026-06-03T23:53:37Z,84.0,Versa 4
2026-06-03T23:53:39Z,85.0,Versa 4
2026-06-03T23:53:41Z,86.0,Versa 4
2026-06-03T23:53:43Z,87.0,Versa 4
2026-06-03T23:53:45Z,86.0,Versa 4
2026-06-03T23:53:47Z,84.0,Versa 4
2026-06-03T23:53:50Z,84.0,Versa 4
2026-06-03T23:53:53Z,83.0,Versa 4
2026-06-03T23:53:55Z,82.0,Versa 4
2026-06-03T23:53:56Z,81.0,Versa 4
2026-06-03T23:53:59Z,81.0,Versa 4
2026-06-03T23:54:02Z,80.0,Versa 4
2026-06-03T23:54:05Z,80.0,Versa 4
2026-06-03T23:54:08Z,78.0,Versa 4
2026-06-03T23:54:11Z,78.0,Versa 4
2026-06-03T23:54:14Z,78.0,Versa 4
2026-06-03T23:54:16Z,77.0,Versa 4
2026-06-03T23:54:18Z,78.0,Versa 4
2026-06-03T23:54:20Z,80.0,Versa 4
2026-06-03T23:54:21Z,81.0,Versa 4
2026-06-03T23:54:23Z,80.0,Versa 4
2026-06-03T23:54:25Z,81.0,Versa 4
2026-06-03T23:54:27Z,82.0,Versa 4
2026-06-03T23:54:30Z,82.0,Versa 4
2026-06-03T23:54:33Z,82.0,Versa 4
2026-06-03T23:54:36Z,82.0,Versa 4
2026-06-03T23:54:39Z,83.0,Versa 4
2026-06-03T23:54:41Z,82.0,Versa 4
2026-06-03T23:54:43Z,80.0,Versa 4
2026-06-03T23:54:46Z,79.0,Versa 4
2026-06-03T23:54:49Z,79.0,Versa 4
2026-06-03T23:54:50Z,81.0,Versa 4
2026-06-03T23:54:52Z,82.0,Versa 4
2026-06-03T23:54:55Z,82.0,Versa 4
2026-06-03T23:54:58Z,83.0,Versa 4
2026-06-03T23:55:00Z,83.0,Versa 4
2026-06-03T23:55:02Z,82.0,Versa 4
2026-06-03T23:55:04Z,80.0,Versa 4
2026-06-03T23:55:07Z,80.0,Versa 4
2026-06-03T23:55:08Z,81.0,Versa 4
2026-06-03T23:55:09Z,82.0,Versa 4
2026-06-03T23:55:11Z,80.0,Versa 4
2026-06-03T23:55:13Z,78.0,Versa 4
2026-06-03T23:55:15Z,79.0,Versa 4
2026-06-03T23:55:17Z,81.0,Versa 4
2026-06-03T23:55:19Z,83.0,Versa 4
2026-06-03T23:55:21Z,84.0,Versa 4
2026-06-03T23:55:24Z,84.0,Versa 4
2026-06-03T23:55:27Z,84.0,Versa 4
2026-06-03T23:55:29Z,82.0,Versa 4
2026-06-03T23:55:31Z,83.0,Versa 4
2026-06-03T23:55:34Z,82.0,Versa 4
2026-06-03T23:55:36Z,83.0,Versa 4
2026-06-03T23:55:38Z,82.0,Versa 4
2026-06-03T23:55:41Z,82.0,Versa 4
2026-06-03T23:55:42Z,83.0,Versa 4
2026-06-03T23:55:44Z,84.0,Versa 4
2026-06-03T23:55:46Z,85.0,Versa 4
2026-06-03T23:55:48Z,86.0,Versa 4
2026-06-03T23:55:51Z,86.0,Versa 4
2026-06-03T23:55:54Z,85.0,Versa 4
2026-06-03T23:55:57Z,85.0,Versa 4
2026-06-03T23:56:00Z,85.0,Versa 4
2026-06-03T23:56:01Z,84.0,Versa 4
2026-06-03T23:56:04Z,84.0,Versa 4
2026-06-03T23:56:07Z,84.0,Versa 4
2026-06-03T23:56:09Z,85.0,Versa 4
2026-06-03T23:56:11Z,84.0,Versa 4
2026-06-03T23:56:13Z,83.0,Versa 4
2026-06-03T23:56:15Z,82.0,Versa 4
2026-06-03T23:56:17Z,83.0,Versa 4
2026-06-03T23:56:20Z,84.0,Versa 4
2026-06-03T23:56:23Z,84.0,Versa 4
2026-06-03T23:56:24Z,84.0,Versa 4
2026-06-03T23:56:26Z,83.0,Versa 4
2026-06-03T23:56:29Z,83.0,Versa 4
2026-06-03T23:56:30Z,85.0,Versa 4
2026-06-03T23:56:32Z,87.0,Versa 4
2026-06-03T23:56:34Z,89.0,Versa 4
2026-06-03T23:56:36Z,91.0,Versa 4
2026-06-03T23:56:38Z,90.0,Versa 4
2026-06-03T23:56:41Z,90.0,Versa 4
2026-06-03T23:56:44Z,90.0,Versa 4
2026-06-03T23:56:47Z,89.0,Versa 4
2026-06-03T23:56:49Z,86.0,Versa 4
2026-06-03T23:56:51Z,83.0,Versa 4
2026-06-03T23:56:53Z,84.0,Versa 4
2026-06-03T23:56:55Z,85.0,Versa 4
2026-06-03T23:56:58Z,85.0,Versa 4
2026-06-03T23:56:59Z,84.0,Versa 4
2026-06-03T23:57:01Z,83.0,Versa 4
2026-06-03T23:57:03Z,82.0,Versa 4
2026-06-03T23:57:05Z,83.0,Versa 4
2026-06-03T23:57:07Z,84.0,Versa 4
2026-06-03T23:57:10Z,85.0,Versa 4
2026-06-03T23:57:12Z,86.0,Versa 4
2026-06-03T23:57:15Z,86.0,Versa 4
2026-06-03T23:57:18Z,85.0,Versa 4
2026-06-03T23:57:20Z,84.0,Versa 4
2026-06-03T23:57:22Z,85.0,Versa 4
2026-06-03T23:57:24Z,84.0,Versa 4
2026-06-03T23:57:27Z,84.0,Versa 4
2026-06-03T23:57:28Z,82.0,Versa 4
2026-06-03T23:57:31Z,82.0,Versa 4
2026-06-03T23:57:32Z,84.0,Versa 4
2026-06-03T23:57:33Z,85.0,Versa 4
2026-06-03T23:57:35Z,83.0,Versa 4
2026-06-03T23:57:37Z,81.0,Versa 4
2026-06-03T23:57:39Z,82.0,Versa 4
2026-06-03T23:57:41Z,84.0,Versa 4
2026-06-03T23:57:44Z,84.0,Versa 4
2026-06-03T23:57:45Z,85.0,Versa 4
2026-06-03T23:57:48Z,85.0,Versa 4
2026-06-03T23:57:49Z,84.0,Versa 4
2026-06-03T23:57:51Z,83.0,Versa 4
2026-06-03T23:57:54Z,83.0,Versa 4
2026-06-03T23:57:55Z,84.0,Versa 4
2026-06-03T23:57:58Z,84.0,Versa 4
2026-06-03T23:58:01Z,84.0,Versa 4
2026-06-03T23:58:04Z,84.0,Versa 4
2026-06-03T23:58:07Z,84.0,Versa 4
2026-06-03T23:58:10Z,82.0,Versa 4
2026-06-03T23:58:13Z,82.0,Versa 4
2026-06-03T23:58:14Z,82.0,Versa 4
2026-06-03T23:58:17Z,82.0,Versa 4
2026-06-03T23:58:18Z,82.0,Versa 4
2026-06-03T23:58:20Z,81.0,Versa 4
2026-06-03T23:58:21Z,82.0,Versa 4
2026-06-03T23:58:23Z,84.0,Versa 4
2026-06-03T23:58:25Z,84.0,Versa 4
2026-06-03T23:58:28Z,84.0,Versa 4
2026-06-03T23:58:29Z,82.0,Versa 4
2026-06-03T23:58:31Z,82.0,Versa 4
2026-06-03T23:58:33Z,83.0,Versa 4
2026-06-03T23:58:36Z,83.0,Versa 4
2026-06-03T23:58:37Z,82.0,Versa 4
2026-06-03T23:58:39Z,83.0,Versa 4
2026-06-03T23:58:41Z,82.0,Versa 4
2026-06-03T23:58:43Z,82.0,Versa 4
2026-06-03T23:58:44Z,82.0,Versa 4
2026-06-03T23:58:47Z,82.0,Versa 4
2026-06-03T23:58:50Z,80.0,Versa 4
2026-06-03T23:58:52Z,81.0,Versa 4
2026-06-03T23:58:54Z,82.0,Versa 4
2026-06-03T23:58:56Z,82.0,Versa 4
2026-06-03T23:58:58Z,80.0,Versa 4
2026-06-03T23:59:00Z,78.0,Versa 4
2026-06-03T23:59:02Z,78.0,Versa 4
2026-06-03T23:59:05Z,78.0,Versa 4
2026-06-03T23:59:08Z,78.0,Versa 4
2026-06-03T23:59:09Z,76.0,Versa 4
2026-06-03T23:59:11Z,77.0,Versa 4
2026-06-03T23:59:13Z,78.0,Versa 4
2026-06-03T23:59:15Z,80.0,Versa 4
2026-06-03T23:59:17Z,80.0,Versa 4
2026-06-03T23:59:20Z,80.0,Versa 4
2026-06-03T23:59:21Z,79.0,Versa 4
2026-06-03T23:59:23Z,80.0,Versa 4
2026-06-03T23:59:25Z,81.0,Versa 4
2026-06-03T23:59:27Z,82.0,Versa 4
2026-06-03T23:59:29Z,80.0,Versa 4
2026-06-03T23:59:31Z,79.0,Versa 4
2026-06-03T23:59:32Z,80.0,Versa 4
2026-06-03T23:59:34Z,82.0,Versa 4
2026-06-03T23:59:37Z,82.0,Versa 4
2026-06-03T23:59:40Z,82.0,Versa 4
2026-06-03T23:59:42Z,81.0,Versa 4
2026-06-03T23:59:45Z,81.0,Versa 4
2026-06-03T23:59:46Z,83.0,Versa 4
2026-06-03T23:59:48Z,84.0,Versa 4
2026-06-03T23:59:50Z,85.0,Versa 4
2026-06-03T23:59:53Z,85.0,Versa 4
2026-06-03T23:59:56Z,83.0,Versa 4
2026-06-03T23:59:57Z,82.0,Versa 4
2026-06-03T23:59:59Z,81.0,Versa 4
