timestamp,beats per minute,data source
2026-05-21T00:00:02Z,72.0,Versa 4
2026-05-21T00:00:03Z,73.0,Versa 4
2026-05-21T00:00:05Z,74.0,Versa 4
2026-05-21T00:00:08Z,76.0,Versa 4
2026-05-21T00:00:10Z,74.0,Versa 4
2026-05-21T00:00:13Z,74.0,Versa 4
2026-05-21T00:00:14Z,73.0,Versa 4
2026-05-21T00:00:16Z,73.0,Versa 4
2026-05-21T00:00:19Z,73.0,Versa 4
2026-05-21T00:00:22Z,72.0,Versa 4
2026-05-21T00:00:24Z,73.0,Versa 4
2026-05-21T00:00:26Z,73.0,Versa 4
2026-05-21T00:00:28Z,80.0,Versa 4
2026-05-21T00:00:30Z,81.0,Versa 4
2026-05-21T00:00:33Z,82.0,Versa 4
2026-05-21T00:00:36Z,82.0,Versa 4
2026-05-21T00:00:39Z,82.0,Versa 4
2026-05-21T00:00:41Z,81.0,Versa 4
2026-05-21T00:00:43Z,80.0,Versa 4
2026-05-21T00:00:46Z,80.0,Versa 4
2026-05-21T00:00:49Z,78.0,Versa 4
2026-05-21T00:00:52Z,78.0,Versa 4
2026-05-21T00:00:55Z,78.0,Versa 4
2026-05-21T00:00:58Z,76.0,Versa 4
2026-05-21T00:01:01Z,76.0,Versa 4
2026-05-21T00:01:02Z,75.0,Versa 4
2026-05-21T00:01:04Z,74.0,Versa 4
2026-05-21T00:01:06Z,77.0,Versa 4
2026-05-21T00:01:08Z,79.0,Versa 4
2026-05-21T00:01:11Z,79.0,Versa 4
2026-05-21T00:01:14Z,83.0,Versa 4
2026-05-21T00:01:16Z,85.0,Versa 4
2026-05-21T00:01:18Z,88.0,Versa 4
2026-05-21T00:01:19Z,91.0,Versa 4
2026-05-21T00:01:21Z,92.0,Versa 4
2026-05-21T00:01:23Z,90.0,Versa 4
2026-05-21T00:01:25Z,88.0,Versa 4
2026-05-21T00:01:27Z,84.0,Versa 4
2026-05-21T00:01:29Z,82.0,Versa 4
2026-05-21T00:01:31Z,81.0,Versa 4
2026-05-21T00:01:33Z,78.0,Versa 4
2026-05-21T00:01:35Z,77.0,Versa 4
2026-05-21T00:01:38Z,77.0,Versa 4
2026-05-21T00:01:41Z,76.0,Versa 4
2026-05-21T00:01:44Z,76.0,Versa 4
2026-05-21T00:01:45Z,77.0,Versa 4
2026-05-21T00:01:48Z,78.0,Versa 4
2026-05-21T00:01:50Z,89.0,Versa 4
2026-05-21T00:01:52Z,98.0,Versa 4
2026-05-21T00:01:55Z,98.0,Versa 4
2026-05-21T00:01:56Z,94.0,Versa 4
2026-05-21T00:01:58Z,89.0,Versa 4
2026-05-21T00:02:00Z,85.0,Versa 4
2026-05-21T00:02:02Z,82.0,Versa 4
2026-05-21T00:02:04Z,81.0,Versa 4
2026-05-21T00:02:06Z,79.0,Versa 4
2026-05-21T00:02:08Z,78.0,Versa 4
2026-05-21T00:02:10Z,77.0,Versa 4
2026-05-21T00:02:11Z,76.0,Versa 4
2026-05-21T00:02:13Z,75.0,Versa 4
2026-05-21T00:02:16Z,75.0,Versa 4
2026-05-21T00:02:17Z,76.0,Versa 4
2026-05-21T00:02:19Z,75.0,Versa 4
2026-05-21T00:02:21Z,76.0,Versa 4
2026-05-21T00:02:24Z,76.0,Versa 4
2026-05-21T00:02:27Z,76.0,Versa 4
2026-05-21T00:02:29Z,76.0,Versa 4
2026-05-21T00:02:31Z,78.0,Versa 4
2026-05-21T00:02:33Z,81.0,Versa 4
2026-05-21T00:02:35Z,86.0,Versa 4
2026-05-21T00:02:36Z,87.0,Versa 4
2026-05-21T00:02:38Z,86.0,Versa 4
2026-05-21T00:02:40Z,85.0,Versa 4
2026-05-21T00:02:42Z,84.0,Versa 4
2026-05-21T00:02:45Z,84.0,Versa 4
2026-05-21T00:02:46Z,82.0,Versa 4
2026-05-21T00:02:48Z,80.0,Versa 4
2026-05-21T00:02:50Z,79.0,Versa 4
2026-05-21T00:02:52Z,78.0,Versa 4
2026-05-21T00:02:55Z,78.0,Versa 4
2026-05-21T00:02:56Z,77.0,Versa 4
2026-05-21T00:02:58Z,76.0,Versa 4
2026-05-21T00:02:59Z,76.0,Versa 4
2026-05-21T00:03:02Z,76.0,Versa 4
2026-05-21T00:03:03Z,77.0,Versa 4
2026-05-21T00:03:05Z,84.0,Versa 4
2026-05-21T00:03:08Z,84.0,Versa 4
2026-05-21T00:03:09Z,81.0,Versa 4
2026-05-21T00:03:11Z,80.0,Versa 4
2026-05-21T00:03:13Z,81.0,Versa 4
2026-05-21T00:03:15Z,82.0,Versa 4
2026-05-21T00:03:18Z,82.0,Versa 4
2026-05-21T00:03:19Z,80.0,Versa 4
2026-05-21T00:03:21Z,78.0,Versa 4
2026-05-21T00:03:23Z,76.0,Versa 4
2026-05-21T00:03:24Z,75.0,Versa 4
2026-05-21T00:03:26Z,76.0,Versa 4
2026-05-21T00:03:29Z,76.0,Versa 4
2026-05-21T00:03:30Z,75.0,Versa 4
2026-05-21T00:03:33Z,75.0,Versa 4
2026-05-21T00:03:34Z,74.0,Versa 4
2026-05-21T00:03:37Z,74.0,Versa 4
2026-05-21T00:03:38Z,76.0,Versa 4
2026-05-21T00:03:40Z,77.0,Versa 4
2026-05-21T00:03:42Z,89.0,Versa 4
2026-05-21T00:03:44Z,91.0,Versa 4
2026-05-21T00:03:47Z,88.0,Versa 4
2026-05-21T00:03:49Z,87.0,Versa 4
2026-05-21T00:03:51Z,85.0,Versa 4
2026-05-21T00:03:53Z,84.0,Versa 4
2026-05-21T00:03:56Z,84.0,Versa 4
2026-05-21T00:03:59Z,88.0,Versa 4
2026-05-21T00:04:01Z,89.0,Versa 4
2026-05-21T00:04:04Z,89.0,Versa 4
2026-05-21T00:04:05Z,91.0,Versa 4
2026-05-21T00:04:08Z,91.0,Versa 4
2026-05-21T00:04:09Z,93.0,Versa 4
2026-05-21T00:04:12Z,92.0,Versa 4
2026-05-21T00:04:14Z,89.0,Versa 4
2026-05-21T00:04:16Z,86.0,Versa 4
2026-05-21T00:04:18Z,84.0,Versa 4
2026-05-21T00:04:20Z,81.0,Versa 4
2026-05-21T00:04:22Z,79.0,Versa 4
2026-05-21T00:04:24Z,78.0,Versa 4
2026-05-21T00:04:26Z,77.0,Versa 4
2026-05-21T00:04:28Z,76.0,Versa 4
2026-05-21T00:04:31Z,76.0,Versa 4
2026-05-21T00:04:34Z,75.0,Versa 4
2026-05-21T00:04:37Z,75.0,Versa 4
2026-05-21T00:04:40Z,75.0,Versa 4
2026-05-21T00:04:41Z,74.0,Versa 4
2026-05-21T00:04:44Z,74.0,Versa 4
2026-05-21T00:04:47Z,74.0,Versa 4
2026-05-21T00:04:50Z,74.0,Versa 4
2026-05-21T00:04:51Z,75.0,Versa 4
2026-05-21T00:04:53Z,76.0,Versa 4
2026-05-21T00:04:55Z,76.0,Versa 4
2026-05-21T00:04:58Z,76.0,Versa 4
2026-05-21T00:04:59Z,78.0,Versa 4
2026-05-21T00:05:00Z,79.0,Versa 4
2026-05-21T00:05:02Z,80.0,Versa 4
2026-05-21T00:05:04Z,79.0,Versa 4
2026-05-21T00:05:06Z,78.0,Versa 4
2026-05-21T00:05:08Z,77.0,Versa 4
2026-05-21T00:05:10Z,77.0,Versa 4
2026-05-21T00:05:12Z,76.0,Versa 4
2026-05-21T00:05:14Z,78.0,Versa 4
2026-05-21T00:05:16Z,80.0,Versa 4
2026-05-21T00:05:18Z,83.0,Versa 4
2026-05-21T00:05:21Z,83.0,Versa 4
2026-05-21T00:05:23Z,88.0,Versa 4
2026-05-21T00:05:25Z,87.0,Versa 4
2026-05-21T00:05:27Z,85.0,Versa 4
2026-05-21T00:05:30Z,85.0,Versa 4
2026-05-21T00:05:31Z,86.0,Versa 4
2026-05-21T00:05:33Z,88.0,Versa 4
2026-05-21T00:05:35Z,94.0,Versa 4
2026-05-21T00:05:37Z,98.0,Versa 4
2026-05-21T00:05:39Z,99.0,Versa 4
2026-05-21T00:05:41Z,94.0,Versa 4
2026-05-21T00:05:43Z,90.0,Versa 4
2026-05-21T00:05:45Z,88.0,Versa 4
2026-05-21T00:05:47Z,86.0,Versa 4
2026-05-21T00:05:48Z,83.0,Versa 4
2026-05-21T00:05:50Z,80.0,Versa 4
2026-05-21T00:05:52Z,78.0,Versa 4
2026-05-21T00:05:54Z,77.0,Versa 4
2026-05-21T00:05:56Z,75.0,Versa 4
2026-05-21T00:05:58Z,74.0,Versa 4
2026-05-21T00:06:01Z,74.0,Versa 4
2026-05-21T00:06:02Z,74.0,Versa 4
2026-05-21T00:06:04Z,73.0,Versa 4
2026-05-21T00:06:07Z,73.0,Versa 4
2026-05-21T00:06:08Z,72.0,Versa 4
2026-05-21T00:06:11Z,72.0,Versa 4
2026-05-21T00:06:13Z,73.0,Versa 4
2026-05-21T00:06:16Z,73.0,Versa 4
2026-05-21T00:06:19Z,73.0,Versa 4
2026-05-21T00:06:21Z,74.0,Versa 4
2026-05-21T00:06:24Z,74.0,Versa 4
2026-05-21T00:06:27Z,73.0,Versa 4
2026-05-21T00:06:30Z,73.0,Versa 4
2026-05-21T00:06:33Z,74.0,Versa 4
2026-05-21T00:06:35Z,77.0,Versa 4
2026-05-21T00:06:36Z,85.0,Versa 4
2026-05-21T00:06:38Z,90.0,Versa 4
2026-05-21T00:06:40Z,95.0,Versa 4
2026-05-21T00:06:42Z,101.0,Versa 4
2026-05-21T00:06:44Z,100.0,Versa 4
2026-05-21T00:06:46Z,87.0,Versa 4
2026-05-21T00:06:48Z,81.0,Versa 4
2026-05-21T00:06:50Z,79.0,Versa 4
2026-05-21T00:06:52Z,76.0,Versa 4
2026-05-21T00:06:54Z,74.0,Versa 4
2026-05-21T00:06:56Z,72.0,Versa 4
2026-05-21T00:06:58Z,71.0,Versa 4
2026-05-21T00:06:59Z,70.0,Versa 4
2026-05-21T00:07:01Z,69.0,Versa 4
2026-05-21T00:07:03Z,69.0,Versa 4
2026-05-21T00:07:05Z,70.0,Versa 4
2026-05-21T00:07:08Z,70.0,Versa 4
2026-05-21T00:07:11Z,73.0,Versa 4
2026-05-21T00:07:13Z,76.0,Versa 4
2026-05-21T00:07:15Z,78.0,Versa 4
2026-05-21T00:07:18Z,78.0,Versa 4
2026-05-21T00:07:19Z,76.0,Versa 4
2026-05-21T00:07:21Z,75.0,Versa 4
2026-05-21T00:07:23Z,76.0,Versa 4
2026-05-21T00:07:26Z,76.0,Versa 4
2026-05-21T00:07:28Z,76.0,Versa 4
2026-05-21T00:07:31Z,76.0,Versa 4
2026-05-21T00:07:32Z,77.0,Versa 4
2026-05-21T00:07:34Z,77.0,Versa 4
2026-05-21T00:07:36Z,76.0,Versa 4
2026-05-21T00:07:38Z,77.0,Versa 4
2026-05-21T00:07:40Z,78.0,Versa 4
2026-05-21T00:07:43Z,78.0,Versa 4
2026-05-21T00:07:44Z,78.0,Versa 4
2026-05-21T00:07:46Z,79.0,Versa 4
2026-05-21T00:07:47Z,83.0,Versa 4
2026-05-21T00:07:49Z,84.0,Versa 4
2026-05-21T00:07:51Z,86.0,Versa 4
2026-05-21T00:07:53Z,86.0,Versa 4
2026-05-21T00:07:55Z,84.0,Versa 4
2026-05-21T00:07:58Z,84.0,Versa 4
2026-05-21T00:07:59Z,85.0,Versa 4
2026-05-21T00:08:01Z,88.0,Versa 4
2026-05-21T00:08:03Z,91.0,Versa 4
2026-05-21T00:08:05Z,93.0,Versa 4
2026-05-21T00:08:07Z,92.0,Versa 4
2026-05-21T00:08:09Z,90.0,Versa 4
2026-05-21T00:08:11Z,85.0,Versa 4
2026-05-21T00:08:12Z,83.0,Versa 4
2026-05-21T00:08:14Z,81.0,Versa 4
2026-05-21T00:08:16Z,78.0,Versa 4
2026-05-21T00:08:18Z,76.0,Versa 4
2026-05-21T00:08:20Z,74.0,Versa 4
2026-05-21T00:08:23Z,74.0,Versa 4
2026-05-21T00:08:24Z,73.0,Versa 4
2026-05-21T00:08:26Z,71.0,Versa 4
2026-05-21T00:08:28Z,70.0,Versa 4
2026-05-21T00:08:31Z,70.0,Versa 4
2026-05-21T00:08:34Z,71.0,Versa 4
2026-05-21T00:08:35Z,73.0,Versa 4
2026-05-21T00:08:38Z,73.0,Versa 4
2026-05-21T00:08:39Z,72.0,Versa 4
2026-05-21T00:08:41Z,75.0,Versa 4
2026-05-21T00:08:43Z,85.0,Versa 4
2026-05-21T00:08:45Z,89.0,Versa 4
2026-05-21T00:08:47Z,91.0,Versa 4
2026-05-21T00:08:50Z,91.0,Versa 4
2026-05-21T00:08:51Z,88.0,Versa 4
2026-05-21T00:08:53Z,84.0,Versa 4
2026-05-21T00:08:55Z,82.0,Versa 4
2026-05-21T00:08:57Z,79.0,Versa 4
2026-05-21T00:08:59Z,78.0,Versa 4
2026-05-21T00:09:00Z,76.0,Versa 4
2026-05-21T00:09:02Z,74.0,Versa 4
2026-05-21T00:09:04Z,72.0,Versa 4
2026-05-21T00:09:06Z,70.0,Versa 4
2026-05-21T00:09:09Z,70.0,Versa 4
2026-05-21T00:09:12Z,70.0,Versa 4
2026-05-21T00:09:15Z,70.0,Versa 4
2026-05-21T00:09:16Z,72.0,Versa 4
2026-05-21T00:09:18Z,73.0,Versa 4
2026-05-21T00:09:21Z,73.0,Versa 4
2026-05-21T00:09:22Z,74.0,Versa 4
2026-05-21T00:09:25Z,76.0,Versa 4
2026-05-21T00:09:27Z,79.0,Versa 4
2026-05-21T00:09:29Z,81.0,Versa 4
2026-05-21T00:09:31Z,85.0,Versa 4
2026-05-21T00:09:33Z,86.0,Versa 4
2026-05-21T00:09:35Z,88.0,Versa 4
2026-05-21T00:09:37Z,89.0,Versa 4
2026-05-21T00:09:39Z,88.0,Versa 4
2026-05-21T00:09:41Z,91.0,Versa 4
2026-05-21T00:09:43Z,116.0,Versa 4
2026-05-21T00:09:46Z,116.0,Versa 4
2026-05-21T00:09:47Z,108.0,Versa 4
2026-05-21T00:09:48Z,90.0,Versa 4
2026-05-21T00:09:50Z,86.0,Versa 4
2026-05-21T00:09:52Z,81.0,Versa 4
2026-05-21T00:09:54Z,79.0,Versa 4
2026-05-21T00:09:56Z,78.0,Versa 4
2026-05-21T00:09:58Z,76.0,Versa 4
2026-05-21T00:10:00Z,74.0,Versa 4
2026-05-21T00:10:03Z,74.0,Versa 4
2026-05-21T00:10:04Z,73.0,Versa 4
2026-05-21T00:10:06Z,72.0,Versa 4
2026-05-21T00:10:08Z,72.0,Versa 4
2026-05-21T00:10:10Z,73.0,Versa 4
2026-05-21T00:10:11Z,75.0,Versa 4
2026-05-21T00:10:13Z,77.0,Versa 4
2026-05-21T00:10:15Z,78.0,Versa 4
2026-05-21T00:10:17Z,85.0,Versa 4
2026-05-21T00:10:19Z,102.0,Versa 4
2026-05-21T00:10:21Z,105.0,Versa 4
2026-05-21T00:10:24Z,105.0,Versa 4
2026-05-21T00:10:25Z,104.0,Versa 4
2026-05-21T00:10:27Z,99.0,Versa 4
2026-05-21T00:10:29Z,92.0,Versa 4
2026-05-21T00:10:31Z,88.0,Versa 4
2026-05-21T00:10:33Z,87.0,Versa 4
2026-05-21T00:10:35Z,89.0,Versa 4
2026-05-21T00:10:36Z,93.0,Versa 4
2026-05-21T00:10:38Z,94.0,Versa 4
2026-05-21T00:10:40Z,93.0,Versa 4
2026-05-21T00:10:42Z,99.0,Versa 4
2026-05-21T00:10:44Z,98.0,Versa 4
2026-05-21T00:10:46Z,103.0,Versa 4
2026-05-21T00:10:48Z,94.0,Versa 4
2026-05-21T00:10:50Z,92.0,Versa 4
2026-05-21T00:10:52Z,89.0,Versa 4
2026-05-21T00:10:54Z,85.0,Versa 4
2026-05-21T00:10:56Z,82.0,Versa 4
2026-05-21T00:10:58Z,80.0,Versa 4
2026-05-21T00:10:59Z,79.0,Versa 4
2026-05-21T00:11:01Z,78.0,Versa 4
2026-05-21T00:11:03Z,76.0,Versa 4
2026-05-21T00:11:05Z,75.0,Versa 4
2026-05-21T00:11:07Z,74.0,Versa 4
2026-05-21T00:11:09Z,74.0,Versa 4
2026-05-21T00:11:11Z,76.0,Versa 4
2026-05-21T00:11:13Z,77.0,Versa 4
2026-05-21T00:11:15Z,79.0,Versa 4
2026-05-21T00:11:17Z,82.0,Versa 4
2026-05-21T00:11:20Z,82.0,Versa 4
2026-05-21T00:11:21Z,95.0,Versa 4
2026-05-21T00:11:24Z,94.0,Versa 4
2026-05-21T00:11:26Z,91.0,Versa 4
2026-05-21T00:11:28Z,88.0,Versa 4
2026-05-21T00:11:30Z,84.0,Versa 4
2026-05-21T00:11:32Z,80.0,Versa 4
2026-05-21T00:11:34Z,79.0,Versa 4
2026-05-21T00:11:36Z,76.0,Versa 4
2026-05-21T00:11:38Z,74.0,Versa 4
2026-05-21T00:11:41Z,74.0,Versa 4
2026-05-21T00:11:42Z,72.0,Versa 4
2026-05-21T00:11:45Z,72.0,Versa 4
2026-05-21T00:11:48Z,72.0,Versa 4
2026-05-21T00:11:50Z,73.0,Versa 4
2026-05-21T00:11:52Z,74.0,Versa 4
2026-05-21T00:11:53Z,76.0,Versa 4
2026-05-21T00:11:55Z,78.0,Versa 4
2026-05-21T00:11:57Z,82.0,Versa 4
2026-05-21T00:11:59Z,85.0,Versa 4
2026-05-21T00:12:01Z,88.0,Versa 4
2026-05-21T00:12:03Z,94.0,Versa 4
2026-05-21T00:12:05Z,95.0,Versa 4
2026-05-21T00:12:08Z,95.0,Versa 4
2026-05-21T00:12:09Z,96.0,Versa 4
2026-05-21T00:12:12Z,96.0,Versa 4
2026-05-21T00:12:13Z,97.0,Versa 4
2026-05-21T00:12:15Z,95.0,Versa 4
2026-05-21T00:12:16Z,93.0,Versa 4
2026-05-21T00:12:18Z,92.0,Versa 4
2026-05-21T00:12:20Z,90.0,Versa 4
2026-05-21T00:12:22Z,87.0,Versa 4
2026-05-21T00:12:24Z,83.0,Versa 4
2026-05-21T00:12:26Z,80.0,Versa 4
2026-05-21T00:12:28Z,78.0,Versa 4
2026-05-21T00:12:30Z,76.0,Versa 4
2026-05-21T00:12:32Z,74.0,Versa 4
2026-05-21T00:12:34Z,73.0,Versa 4
2026-05-21T00:12:36Z,72.0,Versa 4
2026-05-21T00:12:38Z,70.0,Versa 4
2026-05-21T00:12:41Z,69.0,Versa 4
2026-05-21T00:12:43Z,68.0,Versa 4
2026-05-21T00:12:46Z,68.0,Versa 4
2026-05-21T00:12:47Z,67.0,Versa 4
2026-05-21T00:12:49Z,66.0,Versa 4
2026-05-21T00:12:51Z,66.0,Versa 4
2026-05-21T00:12:54Z,66.0,Versa 4
2026-05-21T00:12:55Z,66.0,Versa 4
2026-05-21T00:12:57Z,66.0,Versa 4
2026-05-21T00:13:00Z,66.0,Versa 4
2026-05-21T00:13:01Z,66.0,Versa 4
2026-05-21T00:13:03Z,66.0,Versa 4
2026-05-21T00:13:06Z,66.0,Versa 4
2026-05-21T00:13:09Z,66.0,Versa 4
2026-05-21T00:13:10Z,67.0,Versa 4
2026-05-21T00:13:12Z,68.0,Versa 4
2026-05-21T00:13:15Z,68.0,Versa 4
2026-05-21T00:13:16Z,68.0,Versa 4
2026-05-21T00:13:18Z,70.0,Versa 4
2026-05-21T00:13:20Z,72.0,Versa 4
2026-05-21T00:13:22Z,74.0,Versa 4
2026-05-21T00:13:24Z,80.0,Versa 4
2026-05-21T00:13:26Z,84.0,Versa 4
2026-05-21T00:13:28Z,80.0,Versa 4
2026-05-21T00:13:31Z,88.0,Versa 4
2026-05-21T00:13:33Z,86.0,Versa 4
2026-05-21T00:13:35Z,85.0,Versa 4
2026-05-21T00:13:37Z,84.0,Versa 4
2026-05-21T00:13:39Z,81.0,Versa 4
2026-05-21T00:13:41Z,79.0,Versa 4
2026-05-21T00:13:43Z,78.0,Versa 4
2026-05-21T00:13:45Z,76.0,Versa 4
2026-05-21T00:13:47Z,75.0,Versa 4
2026-05-21T00:13:49Z,74.0,Versa 4
2026-05-21T00:13:51Z,73.0,Versa 4
2026-05-21T00:13:52Z,72.0,Versa 4
2026-05-21T00:13:55Z,72.0,Versa 4
2026-05-21T00:13:58Z,72.0,Versa 4
2026-05-21T00:14:01Z,72.0,Versa 4
2026-05-21T00:14:04Z,73.0,Versa 4
2026-05-21T00:14:06Z,74.0,Versa 4
2026-05-21T00:14:09Z,74.0,Versa 4
2026-05-21T00:14:12Z,74.0,Versa 4
2026-05-21T00:14:15Z,74.0,Versa 4
2026-05-21T00:14:16Z,75.0,Versa 4
2026-05-21T00:14:17Z,76.0,Versa 4
2026-05-21T00:14:19Z,78.0,Versa 4
2026-05-21T00:14:21Z,86.0,Versa 4
2026-05-21T00:14:23Z,85.0,Versa 4
2026-05-21T00:14:26Z,85.0,Versa 4
2026-05-21T00:14:29Z,87.0,Versa 4
2026-05-21T00:14:31Z,100.0,Versa 4
2026-05-21T00:14:33Z,102.0,Versa 4
2026-05-21T00:14:35Z,99.0,Versa 4
2026-05-21T00:14:37Z,94.0,Versa 4
2026-05-21T00:14:39Z,90.0,Versa 4
2026-05-21T00:14:40Z,88.0,Versa 4
2026-05-21T00:14:42Z,84.0,Versa 4
2026-05-21T00:14:44Z,83.0,Versa 4
2026-05-21T00:14:46Z,82.0,Versa 4
2026-05-21T00:14:48Z,80.0,Versa 4
2026-05-21T00:14:50Z,79.0,Versa 4
2026-05-21T00:14:52Z,78.0,Versa 4
2026-05-21T00:14:55Z,78.0,Versa 4
2026-05-21T00:14:56Z,78.0,Versa 4
2026-05-21T00:14:59Z,78.0,Versa 4
2026-05-21T00:15:00Z,81.0,Versa 4
2026-05-21T00:15:02Z,87.0,Versa 4
2026-05-21T00:15:04Z,94.0,Versa 4
2026-05-21T00:15:05Z,95.0,Versa 4
2026-05-21T00:15:07Z,94.0,Versa 4
2026-05-21T00:15:09Z,89.0,Versa 4
2026-05-21T00:15:11Z,86.0,Versa 4
2026-05-21T00:15:13Z,84.0,Versa 4
2026-05-21T00:15:15Z,83.0,Versa 4
2026-05-21T00:15:17Z,82.0,Versa 4
2026-05-21T00:15:19Z,80.0,Versa 4
2026-05-21T00:15:21Z,79.0,Versa 4
2026-05-21T00:15:23Z,78.0,Versa 4
2026-05-21T00:15:26Z,78.0,Versa 4
2026-05-21T00:15:29Z,78.0,Versa 4
2026-05-21T00:15:32Z,80.0,Versa 4
2026-05-21T00:15:35Z,80.0,Versa 4
2026-05-21T00:15:36Z,81.0,Versa 4
2026-05-21T00:15:38Z,82.0,Versa 4
2026-05-21T00:15:41Z,82.0,Versa 4
2026-05-21T00:15:42Z,84.0,Versa 4
2026-05-21T00:15:44Z,85.0,Versa 4
2026-05-21T00:15:46Z,84.0,Versa 4
2026-05-21T00:15:49Z,84.0,Versa 4
2026-05-21T00:15:52Z,84.0,Versa 4
2026-05-21T00:15:53Z,85.0,Versa 4
2026-05-21T00:15:55Z,86.0,Versa 4
2026-05-21T00:15:57Z,88.0,Versa 4
2026-05-21T00:16:00Z,88.0,Versa 4
2026-05-21T00:16:01Z,86.0,Versa 4
2026-05-21T00:16:03Z,83.0,Versa 4
2026-05-21T00:16:05Z,82.0,Versa 4
2026-05-21T00:16:07Z,80.0,Versa 4
2026-05-21T00:16:09Z,78.0,Versa 4
2026-05-21T00:16:12Z,78.0,Versa 4
2026-05-21T00:16:15Z,76.0,Versa 4
2026-05-21T00:16:18Z,76.0,Versa 4
2026-05-21T00:16:21Z,76.0,Versa 4
2026-05-21T00:16:24Z,75.0,Versa 4
2026-05-21T00:16:27Z,75.0,Versa 4
2026-05-21T00:16:28Z,76.0,Versa 4
2026-05-21T00:16:31Z,76.0,Versa 4
2026-05-21T00:16:34Z,76.0,Versa 4
2026-05-21T00:16:36Z,75.0,Versa 4
2026-05-21T00:16:39Z,75.0,Versa 4
2026-05-21T00:16:40Z,76.0,Versa 4
2026-05-21T00:16:41Z,75.0,Versa 4
2026-05-21T00:16:43Z,75.0,Versa 4
2026-05-21T00:16:46Z,75.0,Versa 4
2026-05-21T00:16:47Z,76.0,Versa 4
2026-05-21T00:16:50Z,76.0,Versa 4
2026-05-21T00:16:51Z,77.0,Versa 4
2026-05-21T00:16:53Z,78.0,Versa 4
2026-05-21T00:16:55Z,79.0,Versa 4
2026-05-21T00:16:57Z,84.0,Versa 4
2026-05-21T00:16:59Z,90.0,Versa 4
2026-05-21T00:17:02Z,90.0,Versa 4
2026-05-21T00:17:03Z,91.0,Versa 4
2026-05-21T00:17:04Z,98.0,Versa 4
2026-05-21T00:17:06Z,100.0,Versa 4
2026-05-21T00:17:08Z,101.0,Versa 4
2026-05-21T00:17:10Z,102.0,Versa 4
2026-05-21T00:17:12Z,106.0,Versa 4
2026-05-21T00:17:14Z,110.0,Versa 4
2026-05-21T00:17:16Z,112.0,Versa 4
2026-05-21T00:17:18Z,109.0,Versa 4
2026-05-21T00:17:20Z,100.0,Versa 4
2026-05-21T00:17:22Z,91.0,Versa 4
2026-05-21T00:17:24Z,86.0,Versa 4
2026-05-21T00:17:26Z,83.0,Versa 4
2026-05-21T00:17:28Z,80.0,Versa 4
2026-05-21T00:17:29Z,79.0,Versa 4
2026-05-21T00:17:31Z,77.0,Versa 4
2026-05-21T00:17:34Z,77.0,Versa 4
2026-05-21T00:17:35Z,76.0,Versa 4
2026-05-21T00:17:37Z,77.0,Versa 4
2026-05-21T00:17:39Z,79.0,Versa 4
2026-05-21T00:17:41Z,82.0,Versa 4
2026-05-21T00:17:43Z,88.0,Versa 4
2026-05-21T00:17:45Z,99.0,Versa 4
2026-05-21T00:17:47Z,102.0,Versa 4
2026-05-21T00:17:49Z,101.0,Versa 4
2026-05-21T00:17:51Z,98.0,Versa 4
2026-05-21T00:17:52Z,101.0,Versa 4
2026-05-21T00:17:54Z,100.0,Versa 4
2026-05-21T00:17:56Z,101.0,Versa 4
2026-05-21T00:17:58Z,102.0,Versa 4
2026-05-21T00:18:00Z,101.0,Versa 4
2026-05-21T00:18:02Z,96.0,Versa 4
2026-05-21T00:18:04Z,91.0,Versa 4
2026-05-21T00:18:06Z,87.0,Versa 4
2026-05-21T00:18:08Z,83.0,Versa 4
2026-05-21T00:18:10Z,80.0,Versa 4
2026-05-21T00:18:12Z,78.0,Versa 4
2026-05-21T00:18:14Z,76.0,Versa 4
2026-05-21T00:18:16Z,75.0,Versa 4
2026-05-21T00:18:17Z,74.0,Versa 4
2026-05-21T00:18:19Z,72.0,Versa 4
2026-05-21T00:18:21Z,71.0,Versa 4
2026-05-21T00:18:23Z,70.0,Versa 4
2026-05-21T00:18:25Z,69.0,Versa 4
2026-05-21T00:18:27Z,68.0,Versa 4
2026-05-21T00:18:29Z,68.0,Versa 4
2026-05-21T00:18:31Z,67.0,Versa 4
2026-05-21T00:18:33Z,67.0,Versa 4
2026-05-21T00:18:35Z,67.0,Versa 4
2026-05-21T00:18:37Z,66.0,Versa 4
2026-05-21T00:18:39Z,66.0,Versa 4
2026-05-21T00:18:42Z,66.0,Versa 4
2026-05-21T00:18:45Z,66.0,Versa 4
2026-05-21T00:18:48Z,66.0,Versa 4
2026-05-21T00:18:50Z,67.0,Versa 4
2026-05-21T00:18:53Z,67.0,Versa 4
2026-05-21T00:18:54Z,68.0,Versa 4
2026-05-21T00:18:57Z,68.0,Versa 4
2026-05-21T00:19:00Z,67.0,Versa 4
2026-05-21T00:19:03Z,67.0,Versa 4
2026-05-21T00:19:04Z,66.0,Versa 4
2026-05-21T00:19:07Z,66.0,Versa 4
2026-05-21T00:19:10Z,66.0,Versa 4
2026-05-21T00:19:13Z,67.0,Versa 4
2026-05-21T00:19:15Z,68.0,Versa 4
2026-05-21T00:19:18Z,68.0,Versa 4
2026-05-21T00:19:21Z,68.0,Versa 4
2026-05-21T00:19:23Z,68.0,Versa 4
2026-05-21T00:19:25Z,68.0,Versa 4
2026-05-21T00:19:27Z,67.0,Versa 4
2026-05-21T00:19:30Z,67.0,Versa 4
2026-05-21T00:19:33Z,67.0,Versa 4
2026-05-21T00:19:34Z,68.0,Versa 4
2026-05-21T00:19:37Z,68.0,Versa 4
2026-05-21T00:19:40Z,68.0,Versa 4
2026-05-21T00:19:43Z,68.0,Versa 4
2026-05-21T00:19:46Z,70.0,Versa 4
2026-05-21T00:19:49Z,70.0,Versa 4
2026-05-21T00:19:52Z,70.0,Versa 4
2026-05-21T00:19:55Z,71.0,Versa 4
2026-05-21T00:19:57Z,72.0,Versa 4
2026-05-21T00:20:00Z,72.0,Versa 4
2026-05-21T00:20:01Z,73.0,Versa 4
2026-05-21T00:20:03Z,74.0,Versa 4
2026-05-21T00:20:05Z,73.0,Versa 4
2026-05-21T00:20:07Z,72.0,Versa 4
2026-05-21T00:20:09Z,73.0,Versa 4
2026-05-21T00:20:11Z,74.0,Versa 4
2026-05-21T00:20:13Z,75.0,Versa 4
2026-05-21T00:20:15Z,77.0,Versa 4
2026-05-21T00:20:16Z,78.0,Versa 4
2026-05-21T00:20:19Z,78.0,Versa 4
2026-05-21T00:20:20Z,76.0,Versa 4
2026-05-21T00:20:23Z,76.0,Versa 4
2026-05-21T00:20:26Z,76.0,Versa 4
2026-05-21T00:20:28Z,75.0,Versa 4
2026-05-21T00:20:30Z,74.0,Versa 4
2026-05-21T00:20:33Z,74.0,Versa 4
2026-05-21T00:20:36Z,75.0,Versa 4
2026-05-21T00:20:38Z,74.0,Versa 4
2026-05-21T00:20:41Z,74.0,Versa 4
2026-05-21T00:20:43Z,76.0,Versa 4
2026-05-21T00:20:45Z,77.0,Versa 4
2026-05-21T00:20:48Z,77.0,Versa 4
2026-05-21T00:20:51Z,76.0,Versa 4
2026-05-21T00:20:54Z,76.0,Versa 4
2026-05-21T00:20:57Z,76.0,Versa 4
2026-05-21T00:21:00Z,76.0,Versa 4
2026-05-21T00:21:03Z,74.0,Versa 4
2026-05-21T00:21:04Z,73.0,Versa 4
2026-05-21T00:21:06Z,74.0,Versa 4
2026-05-21T00:21:08Z,76.0,Versa 4
2026-05-21T00:21:11Z,76.0,Versa 4
2026-05-21T00:21:14Z,74.0,Versa 4
2026-05-21T00:21:16Z,75.0,Versa 4
2026-05-21T00:21:18Z,76.0,Versa 4
2026-05-21T00:21:20Z,77.0,Versa 4
2026-05-21T00:21:23Z,77.0,Versa 4
2026-05-21T00:21:26Z,78.0,Versa 4
2026-05-21T00:21:28Z,79.0,Versa 4
2026-05-21T00:21:29Z,83.0,Versa 4
2026-05-21T00:21:31Z,87.0,Versa 4
2026-05-21T00:21:33Z,88.0,Versa 4
2026-05-21T00:21:35Z,86.0,Versa 4
2026-05-21T00:21:38Z,86.0,Versa 4
2026-05-21T00:21:39Z,88.0,Versa 4
2026-05-21T00:21:42Z,88.0,Versa 4
2026-05-21T00:21:45Z,88.0,Versa 4
2026-05-21T00:21:48Z,88.0,Versa 4
2026-05-21T00:21:51Z,86.0,Versa 4
2026-05-21T00:21:52Z,85.0,Versa 4
2026-05-21T00:21:54Z,86.0,Versa 4
2026-05-21T00:21:56Z,88.0,Versa 4
2026-05-21T00:21:58Z,90.0,Versa 4
2026-05-21T00:22:00Z,88.0,Versa 4
2026-05-21T00:22:02Z,86.0,Versa 4
2026-05-21T00:22:04Z,83.0,Versa 4
2026-05-21T00:22:06Z,81.0,Versa 4
2026-05-21T00:22:08Z,80.0,Versa 4
2026-05-21T00:22:10Z,79.0,Versa 4
2026-05-21T00:22:12Z,78.0,Versa 4
2026-05-21T00:22:15Z,78.0,Versa 4
2026-05-21T00:22:16Z,77.0,Versa 4
2026-05-21T00:22:17Z,76.0,Versa 4
2026-05-21T00:22:20Z,76.0,Versa 4
2026-05-21T00:22:21Z,75.0,Versa 4
2026-05-21T00:22:23Z,74.0,Versa 4
2026-05-21T00:22:26Z,74.0,Versa 4
2026-05-21T00:22:29Z,74.0,Versa 4
2026-05-21T00:22:31Z,74.0,Versa 4
2026-05-21T00:22:34Z,74.0,Versa 4
2026-05-21T00:22:37Z,75.0,Versa 4
2026-05-21T00:22:39Z,74.0,Versa 4
2026-05-21T00:22:42Z,74.0,Versa 4
2026-05-21T00:22:45Z,74.0,Versa 4
2026-05-21T00:22:48Z,74.0,Versa 4
2026-05-21T00:22:50Z,77.0,Versa 4
2026-05-21T00:22:52Z,78.0,Versa 4
2026-05-21T00:22:55Z,78.0,Versa 4
2026-05-21T00:22:58Z,78.0,Versa 4
2026-05-21T00:23:01Z,78.0,Versa 4
2026-05-21T00:23:04Z,78.0,Versa 4
2026-05-21T00:23:05Z,77.0,Versa 4
2026-05-21T00:23:07Z,76.0,Versa 4
2026-05-21T00:23:10Z,76.0,Versa 4
2026-05-21T00:23:11Z,75.0,Versa 4
2026-05-21T00:23:13Z,74.0,Versa 4
2026-05-21T00:23:16Z,74.0,Versa 4
2026-05-21T00:23:19Z,73.0,Versa 4
2026-05-21T00:23:22Z,73.0,Versa 4
2026-05-21T00:23:23Z,74.0,Versa 4
2026-05-21T00:23:25Z,76.0,Versa 4
2026-05-21T00:23:27Z,78.0,Versa 4
2026-05-21T00:23:30Z,78.0,Versa 4
2026-05-21T00:23:33Z,78.0,Versa 4
2026-05-21T00:23:36Z,78.0,Versa 4
2026-05-21T00:23:38Z,78.0,Versa 4
2026-05-21T00:23:41Z,78.0,Versa 4
2026-05-21T00:23:44Z,79.0,Versa 4
2026-05-21T00:23:46Z,80.0,Versa 4
2026-05-21T00:23:49Z,80.0,Versa 4
2026-05-21T00:23:52Z,80.0,Versa 4
2026-05-21T00:23:55Z,80.0,Versa 4
2026-05-21T00:23:58Z,80.0,Versa 4
2026-05-21T00:24:01Z,80.0,Versa 4
2026-05-21T00:24:04Z,80.0,Versa 4
2026-05-21T00:24:07Z,81.0,Versa 4
2026-05-21T00:24:10Z,81.0,Versa 4
2026-05-21T00:24:11Z,80.0,Versa 4
2026-05-21T00:24:13Z,78.0,Versa 4
2026-05-21T00:24:15Z,77.0,Versa 4
2026-05-21T00:24:16Z,76.0,Versa 4
2026-05-21T00:24:19Z,76.0,Versa 4
2026-05-21T00:24:20Z,74.0,Versa 4
2026-05-21T00:24:23Z,74.0,Versa 4
2026-05-21T00:24:24Z,73.0,Versa 4
2026-05-21T00:24:26Z,72.0,Versa 4
2026-05-21T00:24:29Z,72.0,Versa 4
2026-05-21T00:24:30Z,71.0,Versa 4
2026-05-21T00:24:33Z,71.0,Versa 4
2026-05-21T00:24:36Z,72.0,Versa 4
2026-05-21T00:24:39Z,72.0,Versa 4
2026-05-21T00:24:41Z,73.0,Versa 4
2026-05-21T00:24:43Z,74.0,Versa 4
2026-05-21T00:24:45Z,76.0,Versa 4
2026-05-21T00:24:47Z,79.0,Versa 4
2026-05-21T00:24:49Z,80.0,Versa 4
2026-05-21T00:24:51Z,79.0,Versa 4
2026-05-21T00:24:54Z,79.0,Versa 4
2026-05-21T00:24:57Z,80.0,Versa 4
2026-05-21T00:25:00Z,80.0,Versa 4
2026-05-21T00:25:03Z,80.0,Versa 4
2026-05-21T00:25:06Z,80.0,Versa 4
2026-05-21T00:25:09Z,80.0,Versa 4
2026-05-21T00:25:12Z,79.0,Versa 4
2026-05-21T00:25:14Z,78.0,Versa 4
2026-05-21T00:25:16Z,79.0,Versa 4
2026-05-21T00:25:18Z,80.0,Versa 4
2026-05-21T00:25:20Z,79.0,Versa 4
2026-05-21T00:25:22Z,79.0,Versa 4
2026-05-21T00:25:24Z,78.0,Versa 4
2026-05-21T00:25:27Z,78.0,Versa 4
2026-05-21T00:25:28Z,81.0,Versa 4
2026-05-21T00:25:29Z,84.0,Versa 4
2026-05-21T00:25:31Z,86.0,Versa 4
2026-05-21T00:25:33Z,91.0,Versa 4
2026-05-21T00:25:35Z,93.0,Versa 4
2026-05-21T00:25:37Z,83.0,Versa 4
2026-05-21T00:25:39Z,79.0,Versa 4
2026-05-21T00:25:41Z,78.0,Versa 4
2026-05-21T00:25:43Z,79.0,Versa 4
2026-05-21T00:25:46Z,79.0,Versa 4
2026-05-21T00:25:47Z,80.0,Versa 4
2026-05-21T00:25:49Z,81.0,Versa 4
2026-05-21T00:25:51Z,80.0,Versa 4
2026-05-21T00:25:54Z,79.0,Versa 4
2026-05-21T00:25:56Z,78.0,Versa 4
2026-05-21T00:25:58Z,76.0,Versa 4
2026-05-21T00:26:00Z,75.0,Versa 4
2026-05-21T00:26:02Z,74.0,Versa 4
2026-05-21T00:26:04Z,73.0,Versa 4
2026-05-21T00:26:06Z,72.0,Versa 4
2026-05-21T00:26:09Z,72.0,Versa 4
2026-05-21T00:26:12Z,71.0,Versa 4
2026-05-21T00:26:15Z,71.0,Versa 4
2026-05-21T00:26:16Z,70.0,Versa 4
2026-05-21T00:26:19Z,70.0,Versa 4
2026-05-21T00:26:22Z,70.0,Versa 4
2026-05-21T00:26:23Z,71.0,Versa 4
2026-05-21T00:26:25Z,72.0,Versa 4
2026-05-21T00:26:27Z,71.0,Versa 4
2026-05-21T00:26:29Z,72.0,Versa 4
2026-05-21T00:26:32Z,72.0,Versa 4
2026-05-21T00:26:35Z,74.0,Versa 4
2026-05-21T00:26:38Z,74.0,Versa 4
2026-05-21T00:26:41Z,74.0,Versa 4
2026-05-21T00:26:42Z,73.0,Versa 4
2026-05-21T00:26:44Z,74.0,Versa 4
2026-05-21T00:26:47Z,74.0,Versa 4
2026-05-21T00:26:48Z,73.0,Versa 4
2026-05-21T00:26:51Z,73.0,Versa 4
2026-05-21T00:26:54Z,73.0,Versa 4
2026-05-21T00:26:56Z,74.0,Versa 4
2026-05-21T00:26:59Z,74.0,Versa 4
2026-05-21T00:27:02Z,74.0,Versa 4
2026-05-21T00:27:05Z,74.0,Versa 4
2026-05-21T00:27:08Z,74.0,Versa 4
2026-05-21T00:27:11Z,74.0,Versa 4
2026-05-21T00:27:13Z,75.0,Versa 4
2026-05-21T00:27:15Z,76.0,Versa 4
2026-05-21T00:27:17Z,75.0,Versa 4
2026-05-21T00:27:20Z,75.0,Versa 4
2026-05-21T00:27:21Z,76.0,Versa 4
2026-05-21T00:27:23Z,79.0,Versa 4
2026-05-21T00:27:25Z,82.0,Versa 4
2026-05-21T00:27:28Z,81.0,Versa 4
2026-05-21T00:27:31Z,81.0,Versa 4
2026-05-21T00:27:32Z,80.0,Versa 4
2026-05-21T00:27:34Z,78.0,Versa 4
2026-05-21T00:27:36Z,77.0,Versa 4
2026-05-21T00:27:39Z,77.0,Versa 4
2026-05-21T00:27:40Z,76.0,Versa 4
2026-05-21T00:27:43Z,76.0,Versa 4
2026-05-21T00:27:44Z,76.0,Versa 4
2026-05-21T00:27:47Z,76.0,Versa 4
2026-05-21T00:27:48Z,77.0,Versa 4
2026-05-21T00:27:49Z,78.0,Versa 4
2026-05-21T00:27:51Z,76.0,Versa 4
2026-05-21T00:27:54Z,76.0,Versa 4
2026-05-21T00:27:57Z,75.0,Versa 4
2026-05-21T00:28:00Z,75.0,Versa 4
2026-05-21T00:28:01Z,76.0,Versa 4
2026-05-21T00:28:04Z,76.0,Versa 4
2026-05-21T00:28:07Z,78.0,Versa 4
2026-05-21T00:28:10Z,78.0,Versa 4
2026-05-21T00:28:13Z,78.0,Versa 4
2026-05-21T00:28:14Z,79.0,Versa 4
2026-05-21T00:28:16Z,80.0,Versa 4
2026-05-21T00:28:18Z,81.0,Versa 4
2026-05-21T00:28:20Z,83.0,Versa 4
2026-05-21T00:28:22Z,84.0,Versa 4
2026-05-21T00:28:24Z,97.0,Versa 4
2026-05-21T00:28:26Z,98.0,Versa 4
2026-05-21T00:28:28Z,90.0,Versa 4
2026-05-21T00:28:30Z,83.0,Versa 4
2026-05-21T00:28:32Z,78.0,Versa 4
2026-05-21T00:28:34Z,76.0,Versa 4
2026-05-21T00:28:36Z,74.0,Versa 4
2026-05-21T00:28:37Z,72.0,Versa 4
2026-05-21T00:28:39Z,71.0,Versa 4
2026-05-21T00:28:41Z,75.0,Versa 4
2026-05-21T00:28:43Z,82.0,Versa 4
2026-05-21T00:28:45Z,85.0,Versa 4
2026-05-21T00:28:47Z,88.0,Versa 4
2026-05-21T00:28:50Z,88.0,Versa 4
2026-05-21T00:28:51Z,85.0,Versa 4
2026-05-21T00:28:53Z,84.0,Versa 4
2026-05-21T00:28:55Z,83.0,Versa 4
2026-05-21T00:28:57Z,82.0,Versa 4
2026-05-21T00:28:59Z,81.0,Versa 4
2026-05-21T00:29:02Z,84.0,Versa 4
2026-05-21T00:29:04Z,89.0,Versa 4
2026-05-21T00:29:06Z,94.0,Versa 4
2026-05-21T00:29:08Z,98.0,Versa 4
2026-05-21T00:29:10Z,101.0,Versa 4
2026-05-21T00:29:12Z,98.0,Versa 4
2026-05-21T00:29:14Z,95.0,Versa 4
2026-05-21T00:29:17Z,95.0,Versa 4
2026-05-21T00:29:18Z,109.0,Versa 4
2026-05-21T00:29:20Z,108.0,Versa 4
2026-05-21T00:29:22Z,102.0,Versa 4
2026-05-21T00:29:24Z,96.0,Versa 4
2026-05-21T00:29:25Z,91.0,Versa 4
2026-05-21T00:29:27Z,85.0,Versa 4
2026-05-21T00:29:29Z,83.0,Versa 4
2026-05-21T00:29:31Z,81.0,Versa 4
2026-05-21T00:29:33Z,79.0,Versa 4
2026-05-21T00:29:35Z,78.0,Versa 4
2026-05-21T00:29:37Z,77.0,Versa 4
2026-05-21T00:29:39Z,75.0,Versa 4
2026-05-21T00:29:41Z,74.0,Versa 4
2026-05-21T00:29:44Z,74.0,Versa 4
2026-05-21T00:29:45Z,73.0,Versa 4
2026-05-21T00:29:47Z,73.0,Versa 4
2026-05-21T00:29:49Z,74.0,Versa 4
2026-05-21T00:29:50Z,76.0,Versa 4
2026-05-21T00:29:52Z,77.0,Versa 4
2026-05-21T00:29:54Z,78.0,Versa 4
2026-05-21T00:29:57Z,78.0,Versa 4
2026-05-21T00:29:58Z,79.0,Versa 4
2026-05-21T00:30:00Z,80.0,Versa 4
2026-05-21T00:30:02Z,81.0,Versa 4
2026-05-21T00:30:05Z,81.0,Versa 4
2026-05-21T00:30:06Z,80.0,Versa 4
2026-05-21T00:30:09Z,80.0,Versa 4
2026-05-21T00:30:12Z,78.0,Versa 4
2026-05-21T00:30:13Z,75.0,Versa 4
2026-05-21T00:30:15Z,73.0,Versa 4
2026-05-21T00:30:17Z,72.0,Versa 4
2026-05-21T00:30:19Z,71.0,Versa 4
2026-05-21T00:30:21Z,72.0,Versa 4
2026-05-21T00:30:23Z,73.0,Versa 4
2026-05-21T00:30:25Z,73.0,Versa 4
2026-05-21T00:30:28Z,73.0,Versa 4
2026-05-21T00:30:31Z,73.0,Versa 4
2026-05-21T00:30:33Z,72.0,Versa 4
2026-05-21T00:30:36Z,72.0,Versa 4
2026-05-21T00:30:37Z,74.0,Versa 4
2026-05-21T00:30:38Z,79.0,Versa 4
2026-05-21T00:30:40Z,82.0,Versa 4
2026-05-21T00:30:42Z,83.0,Versa 4
2026-05-21T00:30:44Z,82.0,Versa 4
2026-05-21T00:30:46Z,80.0,Versa 4
2026-05-21T00:30:49Z,80.0,Versa 4
2026-05-21T00:30:52Z,79.0,Versa 4
2026-05-21T00:30:55Z,79.0,Versa 4
2026-05-21T00:30:56Z,79.0,Versa 4
2026-05-21T00:30:58Z,80.0,Versa 4
2026-05-21T00:31:01Z,82.0,Versa 4
2026-05-21T00:31:04Z,82.0,Versa 4
2026-05-21T00:31:05Z,83.0,Versa 4
2026-05-21T00:31:07Z,84.0,Versa 4
2026-05-21T00:31:09Z,88.0,Versa 4
2026-05-21T00:31:11Z,92.0,Versa 4
2026-05-21T00:31:13Z,91.0,Versa 4
2026-05-21T00:31:15Z,87.0,Versa 4
2026-05-21T00:31:17Z,85.0,Versa 4
2026-05-21T00:31:19Z,81.0,Versa 4
2026-05-21T00:31:21Z,77.0,Versa 4
2026-05-21T00:31:23Z,74.0,Versa 4
2026-05-21T00:31:25Z,72.0,Versa 4
2026-05-21T00:31:26Z,70.0,Versa 4
2026-05-21T00:31:29Z,70.0,Versa 4
2026-05-21T00:31:30Z,69.0,Versa 4
2026-05-21T00:31:32Z,68.0,Versa 4
2026-05-21T00:31:34Z,69.0,Versa 4
2026-05-21T00:31:36Z,70.0,Versa 4
2026-05-21T00:31:38Z,72.0,Versa 4
2026-05-21T00:31:40Z,74.0,Versa 4
2026-05-21T00:31:42Z,75.0,Versa 4
2026-05-21T00:31:45Z,75.0,Versa 4
2026-05-21T00:31:46Z,74.0,Versa 4
2026-05-21T00:31:48Z,72.0,Versa 4
2026-05-21T00:31:49Z,71.0,Versa 4
2026-05-21T00:31:52Z,71.0,Versa 4
2026-05-21T00:31:55Z,70.0,Versa 4
2026-05-21T00:31:57Z,69.0,Versa 4
2026-05-21T00:31:59Z,68.0,Versa 4
2026-05-21T00:32:02Z,68.0,Versa 4
2026-05-21T00:32:03Z,67.0,Versa 4
2026-05-21T00:32:05Z,66.0,Versa 4
2026-05-21T00:32:07Z,65.0,Versa 4
2026-05-21T00:32:10Z,65.0,Versa 4
2026-05-21T00:32:13Z,67.0,Versa 4
2026-05-21T00:32:14Z,68.0,Versa 4
2026-05-21T00:32:16Z,69.0,Versa 4
2026-05-21T00:32:18Z,68.0,Versa 4
2026-05-21T00:32:21Z,68.0,Versa 4
2026-05-21T00:32:24Z,68.0,Versa 4
2026-05-21T00:32:26Z,69.0,Versa 4
2026-05-21T00:32:28Z,68.0,Versa 4
2026-05-21T00:32:31Z,68.0,Versa 4
2026-05-21T00:32:32Z,69.0,Versa 4
2026-05-21T00:32:35Z,69.0,Versa 4
2026-05-21T00:32:36Z,70.0,Versa 4
2026-05-21T00:32:39Z,69.0,Versa 4
2026-05-21T00:32:41Z,70.0,Versa 4
2026-05-21T00:32:44Z,70.0,Versa 4
2026-05-21T00:32:47Z,70.0,Versa 4
2026-05-21T00:32:50Z,70.0,Versa 4
2026-05-21T00:32:51Z,72.0,Versa 4
2026-05-21T00:32:54Z,72.0,Versa 4
2026-05-21T00:32:55Z,73.0,Versa 4
2026-05-21T00:32:57Z,74.0,Versa 4
2026-05-21T00:32:59Z,75.0,Versa 4
2026-05-21T00:33:02Z,76.0,Versa 4
2026-05-21T00:33:04Z,79.0,Versa 4
2026-05-21T00:33:06Z,81.0,Versa 4
2026-05-21T00:33:08Z,83.0,Versa 4
2026-05-21T00:33:10Z,91.0,Versa 4
2026-05-21T00:33:13Z,91.0,Versa 4
2026-05-21T00:33:14Z,88.0,Versa 4
2026-05-21T00:33:16Z,86.0,Versa 4
2026-05-21T00:33:19Z,86.0,Versa 4
2026-05-21T00:33:20Z,89.0,Versa 4
2026-05-21T00:33:22Z,88.0,Versa 4
2026-05-21T00:33:24Z,91.0,Versa 4
2026-05-21T00:33:25Z,105.0,Versa 4
2026-05-21T00:33:27Z,106.0,Versa 4
2026-05-21T00:33:29Z,101.0,Versa 4
2026-05-21T00:33:31Z,91.0,Versa 4
2026-05-21T00:33:33Z,88.0,Versa 4
2026-05-21T00:33:35Z,83.0,Versa 4
2026-05-21T00:33:37Z,81.0,Versa 4
2026-05-21T00:33:39Z,79.0,Versa 4
2026-05-21T00:33:41Z,78.0,Versa 4
2026-05-21T00:33:43Z,80.0,Versa 4
2026-05-21T00:33:45Z,82.0,Versa 4
2026-05-21T00:33:47Z,85.0,Versa 4
2026-05-21T00:33:49Z,97.0,Versa 4
2026-05-21T00:33:52Z,92.0,Versa 4
2026-05-21T00:33:54Z,89.0,Versa 4
2026-05-21T00:33:56Z,86.0,Versa 4
2026-05-21T00:33:58Z,84.0,Versa 4
2026-05-21T00:34:00Z,81.0,Versa 4
2026-05-21T00:34:02Z,78.0,Versa 4
2026-05-21T00:34:04Z,76.0,Versa 4
2026-05-21T00:34:06Z,77.0,Versa 4
2026-05-21T00:34:08Z,80.0,Versa 4
2026-05-21T00:34:10Z,81.0,Versa 4
2026-05-21T00:34:12Z,91.0,Versa 4
2026-05-21T00:34:13Z,98.0,Versa 4
2026-05-21T00:34:15Z,102.0,Versa 4
2026-05-21T00:34:17Z,105.0,Versa 4
2026-05-21T00:34:20Z,105.0,Versa 4
2026-05-21T00:34:21Z,101.0,Versa 4
2026-05-21T00:34:23Z,95.0,Versa 4
2026-05-21T00:34:25Z,90.0,Versa 4
2026-05-21T00:34:27Z,86.0,Versa 4
2026-05-21T00:34:29Z,84.0,Versa 4
2026-05-21T00:34:31Z,82.0,Versa 4
2026-05-21T00:34:33Z,80.0,Versa 4
2026-05-21T00:34:36Z,80.0,Versa 4
2026-05-21T00:34:38Z,81.0,Versa 4
2026-05-21T00:34:41Z,81.0,Versa 4
2026-05-21T00:34:44Z,81.0,Versa 4
2026-05-21T00:34:46Z,81.0,Versa 4
2026-05-21T00:34:48Z,80.0,Versa 4
2026-05-21T00:34:50Z,81.0,Versa 4
2026-05-21T00:34:53Z,81.0,Versa 4
2026-05-21T00:34:54Z,80.0,Versa 4
2026-05-21T00:34:56Z,81.0,Versa 4
2026-05-21T00:34:58Z,82.0,Versa 4
2026-05-21T00:35:00Z,80.0,Versa 4
2026-05-21T00:35:01Z,79.0,Versa 4
2026-05-21T00:35:03Z,78.0,Versa 4
2026-05-21T00:35:05Z,77.0,Versa 4
2026-05-21T00:35:07Z,76.0,Versa 4
2026-05-21T00:35:10Z,76.0,Versa 4
2026-05-21T00:35:11Z,78.0,Versa 4
2026-05-21T00:35:13Z,81.0,Versa 4
2026-05-21T00:35:15Z,85.0,Versa 4
2026-05-21T00:35:17Z,86.0,Versa 4
2026-05-21T00:35:19Z,85.0,Versa 4
2026-05-21T00:35:21Z,83.0,Versa 4
2026-05-21T00:35:23Z,82.0,Versa 4
2026-05-21T00:35:25Z,83.0,Versa 4
2026-05-21T00:35:26Z,81.0,Versa 4
2026-05-21T00:35:28Z,79.0,Versa 4
2026-05-21T00:35:30Z,80.0,Versa 4
2026-05-21T00:35:32Z,79.0,Versa 4
2026-05-21T00:35:34Z,83.0,Versa 4
2026-05-21T00:35:36Z,82.0,Versa 4
2026-05-21T00:35:38Z,81.0,Versa 4
2026-05-21T00:35:40Z,80.0,Versa 4
2026-05-21T00:35:42Z,78.0,Versa 4
2026-05-21T00:35:44Z,79.0,Versa 4
2026-05-21T00:35:46Z,78.0,Versa 4
2026-05-21T00:35:48Z,77.0,Versa 4
2026-05-21T00:35:49Z,76.0,Versa 4
2026-05-21T00:35:51Z,75.0,Versa 4
2026-05-21T00:35:54Z,75.0,Versa 4
2026-05-21T00:35:57Z,74.0,Versa 4
2026-05-21T00:36:00Z,74.0,Versa 4
2026-05-21T00:36:03Z,74.0,Versa 4
2026-05-21T00:36:05Z,75.0,Versa 4
2026-05-21T00:36:07Z,77.0,Versa 4
2026-05-21T00:36:10Z,77.0,Versa 4
2026-05-21T00:36:13Z,78.0,Versa 4
2026-05-21T00:36:16Z,77.0,Versa 4
2026-05-21T00:36:18Z,76.0,Versa 4
2026-05-21T00:36:20Z,74.0,Versa 4
2026-05-21T00:36:22Z,73.0,Versa 4
2026-05-21T00:36:25Z,73.0,Versa 4
2026-05-21T00:36:28Z,72.0,Versa 4
2026-05-21T00:36:30Z,73.0,Versa 4
2026-05-21T00:36:32Z,72.0,Versa 4
2026-05-21T00:36:35Z,72.0,Versa 4
2026-05-21T00:36:38Z,72.0,Versa 4
2026-05-21T00:36:41Z,72.0,Versa 4
2026-05-21T00:36:44Z,72.0,Versa 4
2026-05-21T00:36:47Z,72.0,Versa 4
2026-05-21T00:36:49Z,71.0,Versa 4
2026-05-21T00:36:52Z,71.0,Versa 4
2026-05-21T00:36:53Z,72.0,Versa 4
2026-05-21T00:36:56Z,72.0,Versa 4
2026-05-21T00:36:57Z,72.0,Versa 4
2026-05-21T00:37:00Z,72.0,Versa 4
2026-05-21T00:37:02Z,72.0,Versa 4
2026-05-21T00:37:04Z,73.0,Versa 4
2026-05-21T00:37:07Z,73.0,Versa 4
2026-05-21T00:37:10Z,73.0,Versa 4
2026-05-21T00:37:12Z,74.0,Versa 4
2026-05-21T00:37:15Z,74.0,Versa 4
2026-05-21T00:37:16Z,74.0,Versa 4
2026-05-21T00:37:19Z,74.0,Versa 4
2026-05-21T00:37:20Z,76.0,Versa 4
2026-05-21T00:37:22Z,78.0,Versa 4
2026-05-21T00:37:24Z,79.0,Versa 4
2026-05-21T00:37:25Z,80.0,Versa 4
2026-05-21T00:37:28Z,80.0,Versa 4
2026-05-21T00:37:31Z,82.0,Versa 4
2026-05-21T00:37:33Z,83.0,Versa 4
2026-05-21T00:37:35Z,82.0,Versa 4
2026-05-21T00:37:38Z,82.0,Versa 4
2026-05-21T00:37:39Z,81.0,Versa 4
2026-05-21T00:37:41Z,80.0,Versa 4
2026-05-21T00:37:44Z,80.0,Versa 4
2026-05-21T00:37:45Z,81.0,Versa 4
2026-05-21T00:37:47Z,82.0,Versa 4
2026-05-21T00:37:49Z,90.0,Versa 4
2026-05-21T00:37:50Z,93.0,Versa 4
2026-05-21T00:37:52Z,91.0,Versa 4
2026-05-21T00:37:54Z,88.0,Versa 4
2026-05-21T00:37:56Z,84.0,Versa 4
2026-05-21T00:37:58Z,82.0,Versa 4
2026-05-21T00:38:01Z,82.0,Versa 4
2026-05-21T00:38:02Z,80.0,Versa 4
2026-05-21T00:38:04Z,79.0,Versa 4
2026-05-21T00:38:07Z,79.0,Versa 4
2026-05-21T00:38:08Z,78.0,Versa 4
2026-05-21T00:38:10Z,77.0,Versa 4
2026-05-21T00:38:13Z,78.0,Versa 4
2026-05-21T00:38:15Z,77.0,Versa 4
2026-05-21T00:38:17Z,78.0,Versa 4
2026-05-21T00:38:19Z,79.0,Versa 4
2026-05-21T00:38:21Z,86.0,Versa 4
2026-05-21T00:38:23Z,92.0,Versa 4
2026-05-21T00:38:25Z,89.0,Versa 4
2026-05-21T00:38:27Z,82.0,Versa 4
2026-05-21T00:38:29Z,79.0,Versa 4
2026-05-21T00:38:31Z,78.0,Versa 4
2026-05-21T00:38:33Z,76.0,Versa 4
2026-05-21T00:38:36Z,76.0,Versa 4
2026-05-21T00:38:37Z,75.0,Versa 4
2026-05-21T00:38:40Z,75.0,Versa 4
2026-05-21T00:38:42Z,76.0,Versa 4
2026-05-21T00:38:44Z,78.0,Versa 4
2026-05-21T00:38:46Z,83.0,Versa 4
2026-05-21T00:38:48Z,89.0,Versa 4
2026-05-21T00:38:50Z,88.0,Versa 4
2026-05-21T00:38:52Z,83.0,Versa 4
2026-05-21T00:38:54Z,81.0,Versa 4
2026-05-21T00:38:56Z,79.0,Versa 4
2026-05-21T00:38:58Z,78.0,Versa 4
2026-05-21T00:39:00Z,77.0,Versa 4
2026-05-21T00:39:01Z,76.0,Versa 4
2026-05-21T00:39:04Z,76.0,Versa 4
2026-05-21T00:39:05Z,74.0,Versa 4
2026-05-21T00:39:08Z,74.0,Versa 4
2026-05-21T00:39:09Z,76.0,Versa 4
2026-05-21T00:39:11Z,79.0,Versa 4
2026-05-21T00:39:13Z,80.0,Versa 4
2026-05-21T00:39:15Z,84.0,Versa 4
2026-05-21T00:39:18Z,84.0,Versa 4
2026-05-21T00:39:19Z,87.0,Versa 4
2026-05-21T00:39:22Z,87.0,Versa 4
2026-05-21T00:39:23Z,89.0,Versa 4
2026-05-21T00:39:26Z,88.0,Versa 4
2026-05-21T00:39:28Z,87.0,Versa 4
2026-05-21T00:39:30Z,85.0,Versa 4
2026-05-21T00:39:32Z,83.0,Versa 4
2026-05-21T00:39:34Z,82.0,Versa 4
2026-05-21T00:39:36Z,80.0,Versa 4
2026-05-21T00:39:38Z,78.0,Versa 4
2026-05-21T00:39:40Z,76.0,Versa 4
2026-05-21T00:39:42Z,75.0,Versa 4
2026-05-21T00:39:44Z,74.0,Versa 4
2026-05-21T00:39:46Z,73.0,Versa 4
2026-05-21T00:39:48Z,72.0,Versa 4
2026-05-21T00:39:51Z,73.0,Versa 4
2026-05-21T00:39:53Z,74.0,Versa 4
2026-05-21T00:39:56Z,74.0,Versa 4
2026-05-21T00:39:57Z,75.0,Versa 4
2026-05-21T00:39:59Z,74.0,Versa 4
2026-05-21T00:40:01Z,75.0,Versa 4
2026-05-21T00:40:03Z,76.0,Versa 4
2026-05-21T00:40:05Z,75.0,Versa 4
2026-05-21T00:40:07Z,76.0,Versa 4
2026-05-21T00:40:10Z,76.0,Versa 4
2026-05-21T00:40:13Z,76.0,Versa 4
2026-05-21T00:40:14Z,76.0,Versa 4
2026-05-21T00:40:16Z,76.0,Versa 4
2026-05-21T00:40:18Z,77.0,Versa 4
2026-05-21T00:40:20Z,78.0,Versa 4
2026-05-21T00:40:22Z,79.0,Versa 4
2026-05-21T00:40:24Z,80.0,Versa 4
2026-05-21T00:40:27Z,80.0,Versa 4
2026-05-21T00:40:28Z,79.0,Versa 4
2026-05-21T00:40:31Z,79.0,Versa 4
2026-05-21T00:40:32Z,82.0,Versa 4
2026-05-21T00:40:34Z,87.0,Versa 4
2026-05-21T00:40:36Z,87.0,Versa 4
2026-05-21T00:40:37Z,85.0,Versa 4
2026-05-21T00:40:39Z,82.0,Versa 4
2026-05-21T00:40:41Z,79.0,Versa 4
2026-05-21T00:40:43Z,79.0,Versa 4
2026-05-21T00:40:45Z,80.0,Versa 4
2026-05-21T00:40:48Z,80.0,Versa 4
2026-05-21T00:40:49Z,80.0,Versa 4
2026-05-21T00:40:51Z,78.0,Versa 4
2026-05-21T00:40:53Z,77.0,Versa 4
2026-05-21T00:40:55Z,78.0,Versa 4
2026-05-21T00:40:58Z,78.0,Versa 4
2026-05-21T00:40:59Z,78.0,Versa 4
2026-05-21T00:41:02Z,78.0,Versa 4
2026-05-21T00:41:04Z,77.0,Versa 4
2026-05-21T00:41:06Z,78.0,Versa 4
2026-05-21T00:41:09Z,78.0,Versa 4
2026-05-21T00:41:12Z,79.0,Versa 4
2026-05-21T00:41:14Z,81.0,Versa 4
2026-05-21T00:41:16Z,84.0,Versa 4
2026-05-21T00:41:18Z,91.0,Versa 4
2026-05-21T00:41:20Z,90.0,Versa 4
2026-05-21T00:41:22Z,95.0,Versa 4
2026-05-21T00:41:24Z,94.0,Versa 4
2026-05-21T00:41:25Z,89.0,Versa 4
2026-05-21T00:41:27Z,83.0,Versa 4
2026-05-21T00:41:29Z,81.0,Versa 4
2026-05-21T00:41:31Z,79.0,Versa 4
2026-05-21T00:41:33Z,78.0,Versa 4
2026-05-21T00:41:35Z,76.0,Versa 4
2026-05-21T00:41:37Z,75.0,Versa 4
2026-05-21T00:41:39Z,74.0,Versa 4
2026-05-21T00:41:42Z,74.0,Versa 4
2026-05-21T00:41:43Z,73.0,Versa 4
2026-05-21T00:41:45Z,72.0,Versa 4
2026-05-21T00:41:48Z,72.0,Versa 4
2026-05-21T00:41:50Z,73.0,Versa 4
2026-05-21T00:41:53Z,73.0,Versa 4
2026-05-21T00:41:55Z,74.0,Versa 4
2026-05-21T00:41:58Z,74.0,Versa 4
2026-05-21T00:42:01Z,74.0,Versa 4
2026-05-21T00:42:02Z,75.0,Versa 4
2026-05-21T00:42:04Z,75.0,Versa 4
2026-05-21T00:42:06Z,76.0,Versa 4
2026-05-21T00:42:09Z,76.0,Versa 4
2026-05-21T00:42:12Z,76.0,Versa 4
2026-05-21T00:42:14Z,76.0,Versa 4
2026-05-21T00:42:16Z,77.0,Versa 4
2026-05-21T00:42:19Z,77.0,Versa 4
2026-05-21T00:42:20Z,78.0,Versa 4
2026-05-21T00:42:23Z,78.0,Versa 4
2026-05-21T00:42:25Z,79.0,Versa 4
2026-05-21T00:42:27Z,81.0,Versa 4
2026-05-21T00:42:29Z,83.0,Versa 4
2026-05-21T00:42:31Z,90.0,Versa 4
2026-05-21T00:42:33Z,94.0,Versa 4
2026-05-21T00:42:36Z,94.0,Versa 4
2026-05-21T00:42:37Z,93.0,Versa 4
2026-05-21T00:42:39Z,89.0,Versa 4
2026-05-21T00:42:41Z,86.0,Versa 4
2026-05-21T00:42:43Z,84.0,Versa 4
2026-05-21T00:42:45Z,83.0,Versa 4
2026-05-21T00:42:47Z,81.0,Versa 4
2026-05-21T00:42:48Z,80.0,Versa 4
2026-05-21T00:42:50Z,78.0,Versa 4
2026-05-21T00:42:53Z,78.0,Versa 4
2026-05-21T00:42:54Z,78.0,Versa 4
2026-05-21T00:42:56Z,79.0,Versa 4
2026-05-21T00:42:58Z,83.0,Versa 4
2026-05-21T00:43:00Z,87.0,Versa 4
2026-05-21T00:43:02Z,92.0,Versa 4
2026-05-21T00:43:04Z,93.0,Versa 4
2026-05-21T00:43:06Z,92.0,Versa 4
2026-05-21T00:43:08Z,96.0,Versa 4
2026-05-21T00:43:10Z,101.0,Versa 4
2026-05-21T00:43:13Z,95.0,Versa 4
2026-05-21T00:43:15Z,90.0,Versa 4
2026-05-21T00:43:17Z,85.0,Versa 4
2026-05-21T00:43:19Z,83.0,Versa 4
2026-05-21T00:43:21Z,81.0,Versa 4
2026-05-21T00:43:23Z,79.0,Versa 4
2026-05-21T00:43:25Z,77.0,Versa 4
2026-05-21T00:43:27Z,76.0,Versa 4
2026-05-21T00:43:30Z,76.0,Versa 4
2026-05-21T00:43:31Z,75.0,Versa 4
2026-05-21T00:43:33Z,76.0,Versa 4
2026-05-21T00:43:35Z,78.0,Versa 4
2026-05-21T00:43:36Z,79.0,Versa 4
2026-05-21T00:43:38Z,82.0,Versa 4
2026-05-21T00:43:40Z,85.0,Versa 4
2026-05-21T00:43:43Z,85.0,Versa 4
2026-05-21T00:43:44Z,89.0,Versa 4
2026-05-21T00:43:46Z,90.0,Versa 4
2026-05-21T00:43:48Z,87.0,Versa 4
2026-05-21T00:43:50Z,84.0,Versa 4
2026-05-21T00:43:52Z,82.0,Versa 4
2026-05-21T00:43:54Z,80.0,Versa 4
2026-05-21T00:43:56Z,79.0,Versa 4
2026-05-21T00:43:58Z,77.0,Versa 4
2026-05-21T00:44:00Z,76.0,Versa 4
2026-05-21T00:44:01Z,74.0,Versa 4
2026-05-21T00:44:03Z,73.0,Versa 4
2026-05-21T00:44:06Z,73.0,Versa 4
2026-05-21T00:44:07Z,72.0,Versa 4
2026-05-21T00:44:10Z,72.0,Versa 4
2026-05-21T00:44:13Z,72.0,Versa 4
2026-05-21T00:44:16Z,72.0,Versa 4
2026-05-21T00:44:17Z,73.0,Versa 4
2026-05-21T00:44:19Z,74.0,Versa 4
2026-05-21T00:44:21Z,75.0,Versa 4
2026-05-21T00:44:24Z,75.0,Versa 4
2026-05-21T00:44:26Z,76.0,Versa 4
2026-05-21T00:44:28Z,79.0,Versa 4
2026-05-21T00:44:30Z,83.0,Versa 4
2026-05-21T00:44:32Z,84.0,Versa 4
2026-05-21T00:44:35Z,84.0,Versa 4
2026-05-21T00:44:36Z,82.0,Versa 4
2026-05-21T00:44:38Z,80.0,Versa 4
2026-05-21T00:44:41Z,80.0,Versa 4
2026-05-21T00:44:44Z,78.0,Versa 4
2026-05-21T00:44:46Z,76.0,Versa 4
2026-05-21T00:44:49Z,74.0,Versa 4
2026-05-21T00:44:52Z,74.0,Versa 4
2026-05-21T00:44:55Z,74.0,Versa 4
2026-05-21T00:44:58Z,74.0,Versa 4
2026-05-21T00:45:01Z,74.0,Versa 4
2026-05-21T00:45:03Z,75.0,Versa 4
2026-05-21T00:45:05Z,76.0,Versa 4
2026-05-21T00:45:08Z,76.0,Versa 4
2026-05-21T00:45:11Z,76.0,Versa 4
2026-05-21T00:45:14Z,77.0,Versa 4
2026-05-21T00:45:16Z,78.0,Versa 4
2026-05-21T00:45:19Z,78.0,Versa 4
2026-05-21T00:45:22Z,77.0,Versa 4
2026-05-21T00:45:24Z,76.0,Versa 4
2026-05-21T00:45:27Z,76.0,Versa 4
2026-05-21T00:45:28Z,76.0,Versa 4
2026-05-21T00:45:31Z,76.0,Versa 4
2026-05-21T00:45:34Z,76.0,Versa 4
2026-05-21T00:45:37Z,76.0,Versa 4
2026-05-21T00:45:39Z,77.0,Versa 4
2026-05-21T00:45:41Z,78.0,Versa 4
2026-05-21T00:45:43Z,80.0,Versa 4
2026-05-21T00:45:45Z,82.0,Versa 4
2026-05-21T00:45:47Z,84.0,Versa 4
2026-05-21T00:45:49Z,85.0,Versa 4
2026-05-21T00:45:51Z,88.0,Versa 4
2026-05-21T00:45:53Z,91.0,Versa 4
2026-05-21T00:45:55Z,93.0,Versa 4
2026-05-21T00:45:58Z,93.0,Versa 4
2026-05-21T00:45:59Z,90.0,Versa 4
2026-05-21T00:46:00Z,88.0,Versa 4
2026-05-21T00:46:02Z,87.0,Versa 4
2026-05-21T00:46:04Z,86.0,Versa 4
2026-05-21T00:46:06Z,85.0,Versa 4
2026-05-21T00:46:08Z,83.0,Versa 4
2026-05-21T00:46:10Z,81.0,Versa 4
2026-05-21T00:46:13Z,81.0,Versa 4
2026-05-21T00:46:14Z,82.0,Versa 4
2026-05-21T00:46:17Z,82.0,Versa 4
2026-05-21T00:46:18Z,84.0,Versa 4
2026-05-21T00:46:21Z,84.0,Versa 4
2026-05-21T00:46:22Z,79.0,Versa 4
2026-05-21T00:46:24Z,79.0,Versa 4
2026-05-21T00:46:27Z,79.0,Versa 4
2026-05-21T00:46:30Z,79.0,Versa 4
2026-05-21T00:46:33Z,79.0,Versa 4
2026-05-21T00:46:36Z,79.0,Versa 4
2026-05-21T00:46:37Z,78.0,Versa 4
2026-05-21T00:46:39Z,77.0,Versa 4
2026-05-21T00:46:42Z,77.0,Versa 4
2026-05-21T00:46:43Z,78.0,Versa 4
2026-05-21T00:46:46Z,78.0,Versa 4
2026-05-21T00:46:47Z,77.0,Versa 4
2026-05-21T00:46:48Z,76.0,Versa 4
2026-05-21T00:46:51Z,76.0,Versa 4
2026-05-21T00:46:52Z,77.0,Versa 4
2026-05-21T00:46:54Z,78.0,Versa 4
2026-05-21T00:46:56Z,77.0,Versa 4
2026-05-21T00:46:58Z,78.0,Versa 4
2026-05-21T00:47:00Z,77.0,Versa 4
2026-05-21T00:47:03Z,77.0,Versa 4
2026-05-21T00:47:04Z,76.0,Versa 4
2026-05-21T00:47:06Z,75.0,Versa 4
2026-05-21T00:47:08Z,76.0,Versa 4
2026-05-21T00:47:10Z,75.0,Versa 4
2026-05-21T00:47:13Z,74.0,Versa 4
2026-05-21T00:47:16Z,74.0,Versa 4
2026-05-21T00:47:17Z,75.0,Versa 4
2026-05-21T00:47:20Z,75.0,Versa 4
2026-05-21T00:47:21Z,74.0,Versa 4
2026-05-21T00:47:24Z,74.0,Versa 4
2026-05-21T00:47:25Z,72.0,Versa 4
2026-05-21T00:47:27Z,74.0,Versa 4
2026-05-21T00:47:29Z,77.0,Versa 4
2026-05-21T00:47:31Z,76.0,Versa 4
2026-05-21T00:47:33Z,74.0,Versa 4
2026-05-21T00:47:36Z,74.0,Versa 4
2026-05-21T00:47:38Z,73.0,Versa 4
2026-05-21T00:47:40Z,74.0,Versa 4
2026-05-21T00:47:42Z,73.0,Versa 4
2026-05-21T00:47:45Z,73.0,Versa 4
2026-05-21T00:47:46Z,74.0,Versa 4
2026-05-21T00:47:48Z,73.0,Versa 4
2026-05-21T00:47:50Z,75.0,Versa 4
2026-05-21T00:47:52Z,76.0,Versa 4
2026-05-21T00:47:55Z,76.0,Versa 4
2026-05-21T00:47:56Z,75.0,Versa 4
2026-05-21T00:47:58Z,74.0,Versa 4
2026-05-21T00:48:00Z,73.0,Versa 4
2026-05-21T00:48:01Z,74.0,Versa 4
2026-05-21T00:48:03Z,74.0,Versa 4
2026-05-21T00:48:06Z,74.0,Versa 4
2026-05-21T00:48:09Z,74.0,Versa 4
2026-05-21T00:48:12Z,74.0,Versa 4
2026-05-21T00:48:15Z,74.0,Versa 4
2026-05-21T00:48:18Z,74.0,Versa 4
2026-05-21T00:48:19Z,74.0,Versa 4
2026-05-21T00:48:21Z,72.0,Versa 4
2026-05-21T00:48:23Z,71.0,Versa 4
2026-05-21T00:48:26Z,72.0,Versa 4
2026-05-21T00:48:28Z,74.0,Versa 4
2026-05-21T00:48:30Z,80.0,Versa 4
2026-05-21T00:48:32Z,81.0,Versa 4
2026-05-21T00:48:34Z,78.0,Versa 4
2026-05-21T00:48:36Z,77.0,Versa 4
2026-05-21T00:48:38Z,76.0,Versa 4
2026-05-21T00:48:41Z,76.0,Versa 4
2026-05-21T00:48:42Z,78.0,Versa 4
2026-05-21T00:48:44Z,77.0,Versa 4
2026-05-21T00:48:46Z,75.0,Versa 4
2026-05-21T00:48:48Z,76.0,Versa 4
2026-05-21T00:48:51Z,76.0,Versa 4
2026-05-21T00:48:53Z,78.0,Versa 4
2026-05-21T00:48:56Z,78.0,Versa 4
2026-05-21T00:48:59Z,78.0,Versa 4
2026-05-21T00:49:01Z,79.0,Versa 4
2026-05-21T00:49:04Z,79.0,Versa 4
2026-05-21T00:49:07Z,79.0,Versa 4
2026-05-21T00:49:10Z,79.0,Versa 4
2026-05-21T00:49:11Z,78.0,Versa 4
2026-05-21T00:49:12Z,75.0,Versa 4
2026-05-21T00:49:14Z,72.0,Versa 4
2026-05-21T00:49:16Z,71.0,Versa 4
2026-05-21T00:49:18Z,70.0,Versa 4
2026-05-21T00:49:20Z,70.0,Versa 4
2026-05-21T00:49:22Z,69.0,Versa 4
2026-05-21T00:49:24Z,68.0,Versa 4
2026-05-21T00:49:26Z,69.0,Versa 4
2026-05-21T00:49:28Z,70.0,Versa 4
2026-05-21T00:49:31Z,70.0,Versa 4
2026-05-21T00:49:32Z,69.0,Versa 4
2026-05-21T00:49:35Z,69.0,Versa 4
2026-05-21T00:49:36Z,68.0,Versa 4
2026-05-21T00:49:37Z,69.0,Versa 4
2026-05-21T00:49:39Z,70.0,Versa 4
2026-05-21T00:49:41Z,68.0,Versa 4
2026-05-21T00:49:44Z,68.0,Versa 4
2026-05-21T00:49:45Z,67.0,Versa 4
2026-05-21T00:49:47Z,66.0,Versa 4
2026-05-21T00:49:50Z,66.0,Versa 4
2026-05-21T00:49:53Z,66.0,Versa 4
2026-05-21T00:49:55Z,67.0,Versa 4
2026-05-21T00:49:57Z,66.0,Versa 4
2026-05-21T00:50:00Z,66.0,Versa 4
2026-05-21T00:50:02Z,65.0,Versa 4
2026-05-21T00:50:04Z,66.0,Versa 4
2026-05-21T00:50:07Z,66.0,Versa 4
2026-05-21T00:50:10Z,66.0,Versa 4
2026-05-21T00:50:13Z,66.0,Versa 4
2026-05-21T00:50:16Z,66.0,Versa 4
2026-05-21T00:50:18Z,67.0,Versa 4
2026-05-21T00:50:20Z,68.0,Versa 4
2026-05-21T00:50:22Z,70.0,Versa 4
2026-05-21T00:50:24Z,71.0,Versa 4
2026-05-21T00:50:25Z,72.0,Versa 4
2026-05-21T00:50:28Z,72.0,Versa 4
2026-05-21T00:50:29Z,73.0,Versa 4
2026-05-21T00:50:31Z,74.0,Versa 4
2026-05-21T00:50:33Z,73.0,Versa 4
2026-05-21T00:50:36Z,73.0,Versa 4
2026-05-21T00:50:39Z,73.0,Versa 4
2026-05-21T00:50:42Z,73.0,Versa 4
2026-05-21T00:50:43Z,72.0,Versa 4
2026-05-21T00:50:46Z,72.0,Versa 4
2026-05-21T00:50:47Z,74.0,Versa 4
2026-05-21T00:50:50Z,74.0,Versa 4
2026-05-21T00:50:52Z,75.0,Versa 4
2026-05-21T00:50:55Z,75.0,Versa 4
2026-05-21T00:50:56Z,74.0,Versa 4
2026-05-21T00:50:58Z,73.0,Versa 4
2026-05-21T00:51:00Z,72.0,Versa 4
2026-05-21T00:51:02Z,71.0,Versa 4
2026-05-21T00:51:04Z,70.0,Versa 4
2026-05-21T00:51:07Z,70.0,Versa 4
2026-05-21T00:51:10Z,70.0,Versa 4
2026-05-21T00:51:12Z,71.0,Versa 4
2026-05-21T00:51:15Z,71.0,Versa 4
2026-05-21T00:51:17Z,70.0,Versa 4
2026-05-21T00:51:19Z,69.0,Versa 4
2026-05-21T00:51:21Z,67.0,Versa 4
2026-05-21T00:51:23Z,66.0,Versa 4
2026-05-21T00:51:25Z,66.0,Versa 4
2026-05-21T00:51:27Z,65.0,Versa 4
2026-05-21T00:51:30Z,65.0,Versa 4
2026-05-21T00:51:33Z,66.0,Versa 4
2026-05-21T00:51:36Z,67.0,Versa 4
2026-05-21T00:51:38Z,68.0,Versa 4
2026-05-21T00:51:40Z,69.0,Versa 4
2026-05-21T00:51:42Z,70.0,Versa 4
2026-05-21T00:51:45Z,70.0,Versa 4
2026-05-21T00:51:48Z,70.0,Versa 4
2026-05-21T00:51:51Z,70.0,Versa 4
2026-05-21T00:51:52Z,69.0,Versa 4
2026-05-21T00:51:55Z,69.0,Versa 4
2026-05-21T00:51:58Z,69.0,Versa 4
2026-05-21T00:52:00Z,68.0,Versa 4
2026-05-21T00:52:03Z,68.0,Versa 4
2026-05-21T00:52:05Z,69.0,Versa 4
2026-05-21T00:52:08Z,69.0,Versa 4
2026-05-21T00:52:11Z,69.0,Versa 4
2026-05-21T00:52:13Z,70.0,Versa 4
2026-05-21T00:52:15Z,68.0,Versa 4
2026-05-21T00:52:17Z,66.0,Versa 4
2026-05-21T00:52:20Z,66.0,Versa 4
2026-05-21T00:52:21Z,65.0,Versa 4
2026-05-21T00:52:23Z,64.0,Versa 4
2026-05-21T00:52:26Z,64.0,Versa 4
2026-05-21T00:52:29Z,64.0,Versa 4
2026-05-21T00:52:30Z,65.0,Versa 4
2026-05-21T00:52:32Z,66.0,Versa 4
2026-05-21T00:52:35Z,66.0,Versa 4
2026-05-21T00:52:36Z,68.0,Versa 4
2026-05-21T00:52:38Z,69.0,Versa 4
2026-05-21T00:52:41Z,69.0,Versa 4
2026-05-21T00:52:42Z,68.0,Versa 4
2026-05-21T00:52:45Z,68.0,Versa 4
2026-05-21T00:52:48Z,67.0,Versa 4
2026-05-21T00:52:49Z,68.0,Versa 4
2026-05-21T00:52:52Z,68.0,Versa 4
2026-05-21T00:52:55Z,68.0,Versa 4
2026-05-21T00:52:58Z,68.0,Versa 4
2026-05-21T00:52:59Z,69.0,Versa 4
2026-05-21T00:53:02Z,69.0,Versa 4
2026-05-21T00:53:05Z,69.0,Versa 4
2026-05-21T00:53:08Z,69.0,Versa 4
2026-05-21T00:53:11Z,69.0,Versa 4
2026-05-21T00:53:14Z,69.0,Versa 4
2026-05-21T00:53:17Z,69.0,Versa 4
2026-05-21T00:53:18Z,68.0,Versa 4
2026-05-21T00:53:21Z,68.0,Versa 4
2026-05-21T00:53:22Z,67.0,Versa 4
2026-05-21T00:53:24Z,66.0,Versa 4
2026-05-21T00:53:27Z,66.0,Versa 4
2026-05-21T00:53:28Z,66.0,Versa 4
2026-05-21T00:53:30Z,66.0,Versa 4
2026-05-21T00:53:32Z,65.0,Versa 4
2026-05-21T00:53:35Z,65.0,Versa 4
2026-05-21T00:53:36Z,67.0,Versa 4
2026-05-21T00:53:37Z,74.0,Versa 4
2026-05-21T00:53:39Z,76.0,Versa 4
2026-05-21T00:53:41Z,75.0,Versa 4
2026-05-21T00:53:43Z,73.0,Versa 4
2026-05-21T00:53:45Z,71.0,Versa 4
2026-05-21T00:53:47Z,70.0,Versa 4
2026-05-21T00:53:49Z,71.0,Versa 4
2026-05-21T00:53:51Z,70.0,Versa 4
2026-05-21T00:53:54Z,70.0,Versa 4
2026-05-21T00:53:55Z,69.0,Versa 4
2026-05-21T00:53:58Z,69.0,Versa 4
2026-05-21T00:53:59Z,70.0,Versa 4
2026-05-21T00:54:02Z,70.0,Versa 4
2026-05-21T00:54:04Z,71.0,Versa 4
2026-05-21T00:54:06Z,72.0,Versa 4
2026-05-21T00:54:08Z,73.0,Versa 4
2026-05-21T00:54:11Z,73.0,Versa 4
2026-05-21T00:54:12Z,74.0,Versa 4
2026-05-21T00:54:14Z,76.0,Versa 4
2026-05-21T00:54:16Z,75.0,Versa 4
2026-05-21T00:54:18Z,75.0,Versa 4
2026-05-21T00:54:20Z,74.0,Versa 4
2026-05-21T00:54:22Z,75.0,Versa 4
2026-05-21T00:54:24Z,74.0,Versa 4
2026-05-21T00:54:27Z,74.0,Versa 4
2026-05-21T00:54:30Z,74.0,Versa 4
2026-05-21T00:54:31Z,73.0,Versa 4
2026-05-21T00:54:34Z,73.0,Versa 4
2026-05-21T00:54:37Z,73.0,Versa 4
2026-05-21T00:54:39Z,71.0,Versa 4
2026-05-21T00:54:41Z,70.0,Versa 4
2026-05-21T00:54:44Z,70.0,Versa 4
2026-05-21T00:54:45Z,69.0,Versa 4
2026-05-21T00:54:48Z,69.0,Versa 4
2026-05-21T00:54:51Z,69.0,Versa 4
2026-05-21T00:54:54Z,70.0,Versa 4
2026-05-21T00:54:57Z,70.0,Versa 4
2026-05-21T00:54:58Z,71.0,Versa 4
2026-05-21T00:55:01Z,71.0,Versa 4
2026-05-21T00:55:04Z,72.0,Versa 4
2026-05-21T00:55:07Z,72.0,Versa 4
2026-05-21T00:55:08Z,70.0,Versa 4
2026-05-21T00:55:11Z,70.0,Versa 4
2026-05-21T00:55:14Z,70.0,Versa 4
2026-05-21T00:55:17Z,69.0,Versa 4
2026-05-21T00:55:19Z,68.0,Versa 4
2026-05-21T00:55:22Z,68.0,Versa 4
2026-05-21T00:55:23Z,68.0,Versa 4
2026-05-21T00:55:26Z,68.0,Versa 4
2026-05-21T00:55:29Z,68.0,Versa 4
2026-05-21T00:55:32Z,68.0,Versa 4
2026-05-21T00:55:33Z,67.0,Versa 4
2026-05-21T00:55:35Z,66.0,Versa 4
2026-05-21T00:55:38Z,66.0,Versa 4
2026-05-21T00:55:40Z,65.0,Versa 4
2026-05-21T00:55:42Z,66.0,Versa 4
2026-05-21T00:55:45Z,66.0,Versa 4
2026-05-21T00:55:46Z,68.0,Versa 4
2026-05-21T00:55:48Z,70.0,Versa 4
2026-05-21T00:55:51Z,70.0,Versa 4
2026-05-21T00:55:52Z,70.0,Versa 4
2026-05-21T00:55:54Z,69.0,Versa 4
2026-05-21T00:55:56Z,68.0,Versa 4
2026-05-21T00:55:58Z,70.0,Versa 4
2026-05-21T00:56:00Z,69.0,Versa 4
2026-05-21T00:56:03Z,68.0,Versa 4
2026-05-21T00:56:06Z,68.0,Versa 4
2026-05-21T00:56:07Z,69.0,Versa 4
2026-05-21T00:56:10Z,69.0,Versa 4
2026-05-21T00:56:11Z,68.0,Versa 4
2026-05-21T00:56:14Z,68.0,Versa 4
2026-05-21T00:56:17Z,68.0,Versa 4
2026-05-21T00:56:19Z,68.0,Versa 4
2026-05-21T00:56:22Z,68.0,Versa 4
2026-05-21T00:56:23Z,68.0,Versa 4
2026-05-21T00:56:24Z,68.0,Versa 4
2026-05-21T00:56:26Z,67.0,Versa 4
2026-05-21T00:56:29Z,67.0,Versa 4
2026-05-21T00:56:30Z,68.0,Versa 4
2026-05-21T00:56:33Z,68.0,Versa 4
2026-05-21T00:56:34Z,67.0,Versa 4
2026-05-21T00:56:36Z,68.0,Versa 4
2026-05-21T00:56:39Z,68.0,Versa 4
2026-05-21T00:56:40Z,67.0,Versa 4
2026-05-21T00:56:43Z,67.0,Versa 4
2026-05-21T00:56:44Z,67.0,Versa 4
2026-05-21T00:56:46Z,67.0,Versa 4
2026-05-21T00:56:48Z,68.0,Versa 4
2026-05-21T00:56:49Z,70.0,Versa 4
2026-05-21T00:56:52Z,70.0,Versa 4
2026-05-21T00:56:55Z,69.0,Versa 4
2026-05-21T00:56:57Z,68.0,Versa 4
2026-05-21T00:56:58Z,69.0,Versa 4
2026-05-21T00:57:00Z,68.0,Versa 4
2026-05-21T00:57:03Z,68.0,Versa 4
2026-05-21T00:57:06Z,68.0,Versa 4
2026-05-21T00:57:08Z,70.0,Versa 4
2026-05-21T00:57:11Z,70.0,Versa 4
2026-05-21T00:57:12Z,69.0,Versa 4
2026-05-21T00:57:15Z,69.0,Versa 4
2026-05-21T00:57:16Z,68.0,Versa 4
2026-05-21T00:57:18Z,68.0,Versa 4
2026-05-21T00:57:21Z,68.0,Versa 4
2026-05-21T00:57:24Z,68.0,Versa 4
2026-05-21T00:57:27Z,68.0,Versa 4
2026-05-21T00:57:30Z,68.0,Versa 4
2026-05-21T00:57:31Z,69.0,Versa 4
2026-05-21T00:57:33Z,69.0,Versa 4
2026-05-21T00:57:36Z,69.0,Versa 4
2026-05-21T00:57:37Z,68.0,Versa 4
2026-05-21T00:57:40Z,68.0,Versa 4
2026-05-21T00:57:43Z,68.0,Versa 4
2026-05-21T00:57:45Z,69.0,Versa 4
2026-05-21T00:57:48Z,69.0,Versa 4
2026-05-21T00:57:50Z,68.0,Versa 4
2026-05-21T00:57:53Z,68.0,Versa 4
2026-05-21T00:57:54Z,70.0,Versa 4
2026-05-21T00:57:56Z,72.0,Versa 4
2026-05-21T00:57:58Z,74.0,Versa 4
2026-05-21T00:58:00Z,75.0,Versa 4
2026-05-21T00:58:02Z,94.0,Versa 4
2026-05-21T00:58:04Z,100.0,Versa 4
2026-05-21T00:58:06Z,95.0,Versa 4
2026-05-21T00:58:08Z,93.0,Versa 4
2026-05-21T00:58:09Z,85.0,Versa 4
2026-05-21T00:58:11Z,80.0,Versa 4
2026-05-21T00:58:13Z,78.0,Versa 4
2026-05-21T00:58:15Z,77.0,Versa 4
2026-05-21T00:58:17Z,75.0,Versa 4
2026-05-21T00:58:19Z,73.0,Versa 4
2026-05-21T00:58:22Z,73.0,Versa 4
2026-05-21T00:58:23Z,72.0,Versa 4
2026-05-21T00:58:25Z,76.0,Versa 4
2026-05-21T00:58:27Z,80.0,Versa 4
2026-05-21T00:58:29Z,89.0,Versa 4
2026-05-21T00:58:31Z,95.0,Versa 4
2026-05-21T00:58:33Z,91.0,Versa 4
2026-05-21T00:58:34Z,87.0,Versa 4
2026-05-21T00:58:36Z,84.0,Versa 4
2026-05-21T00:58:38Z,83.0,Versa 4
2026-05-21T00:58:41Z,83.0,Versa 4
2026-05-21T00:58:42Z,86.0,Versa 4
2026-05-21T00:58:44Z,87.0,Versa 4
2026-05-21T00:58:46Z,92.0,Versa 4
2026-05-21T00:58:49Z,92.0,Versa 4
2026-05-21T00:58:52Z,90.0,Versa 4
2026-05-21T00:58:54Z,87.0,Versa 4
2026-05-21T00:58:56Z,85.0,Versa 4
2026-05-21T00:58:57Z,84.0,Versa 4
2026-05-21T00:58:59Z,83.0,Versa 4
2026-05-21T00:59:01Z,82.0,Versa 4
2026-05-21T00:59:03Z,81.0,Versa 4
2026-05-21T00:59:05Z,80.0,Versa 4
2026-05-21T00:59:08Z,80.0,Versa 4
2026-05-21T00:59:11Z,80.0,Versa 4
2026-05-21T00:59:14Z,80.0,Versa 4
2026-05-21T00:59:17Z,80.0,Versa 4
2026-05-21T00:59:20Z,80.0,Versa 4
2026-05-21T00:59:22Z,81.0,Versa 4
2026-05-21T00:59:24Z,82.0,Versa 4
2026-05-21T00:59:26Z,83.0,Versa 4
2026-05-21T00:59:28Z,85.0,Versa 4
2026-05-21T00:59:30Z,88.0,Versa 4
2026-05-21T00:59:32Z,87.0,Versa 4
2026-05-21T00:59:34Z,82.0,Versa 4
2026-05-21T00:59:36Z,80.0,Versa 4
2026-05-21T00:59:39Z,80.0,Versa 4
2026-05-21T00:59:42Z,83.0,Versa 4
2026-05-21T00:59:44Z,85.0,Versa 4
2026-05-21T00:59:45Z,84.0,Versa 4
2026-05-21T00:59:47Z,84.0,Versa 4
2026-05-21T00:59:50Z,84.0,Versa 4
2026-05-21T00:59:51Z,86.0,Versa 4
2026-05-21T00:59:53Z,95.0,Versa 4
2026-05-21T00:59:55Z,88.0,Versa 4
2026-05-21T00:59:57Z,85.0,Versa 4
2026-05-21T00:59:59Z,84.0,Versa 4
2026-05-21T01:00:01Z,81.0,Versa 4
2026-05-21T01:00:03Z,79.0,Versa 4
2026-05-21T01:00:05Z,81.0,Versa 4
2026-05-21T01:00:07Z,83.0,Versa 4
2026-05-21T01:00:10Z,83.0,Versa 4
2026-05-21T01:00:12Z,80.0,Versa 4
2026-05-21T01:00:15Z,80.0,Versa 4
2026-05-21T01:00:16Z,81.0,Versa 4
2026-05-21T01:00:18Z,85.0,Versa 4
2026-05-21T01:00:20Z,90.0,Versa 4
2026-05-21T01:00:22Z,94.0,Versa 4
2026-05-21T01:00:24Z,93.0,Versa 4
2026-05-21T01:00:26Z,92.0,Versa 4
2026-05-21T01:00:28Z,92.0,Versa 4
2026-05-21T01:00:30Z,91.0,Versa 4
2026-05-21T01:00:32Z,88.0,Versa 4
2026-05-21T01:00:33Z,85.0,Versa 4
2026-05-21T01:00:35Z,82.0,Versa 4
2026-05-21T01:00:37Z,81.0,Versa 4
2026-05-21T01:00:39Z,80.0,Versa 4
2026-05-21T01:00:42Z,80.0,Versa 4
2026-05-21T01:00:45Z,80.0,Versa 4
2026-05-21T01:00:48Z,80.0,Versa 4
2026-05-21T01:00:51Z,81.0,Versa 4
2026-05-21T01:00:53Z,82.0,Versa 4
2026-05-21T01:00:56Z,82.0,Versa 4
2026-05-21T01:00:57Z,84.0,Versa 4
2026-05-21T01:00:58Z,85.0,Versa 4
2026-05-21T01:01:00Z,87.0,Versa 4
2026-05-21T01:01:02Z,88.0,Versa 4
2026-05-21T01:01:04Z,89.0,Versa 4
2026-05-21T01:01:06Z,88.0,Versa 4
2026-05-21T01:01:08Z,85.0,Versa 4
2026-05-21T01:01:10Z,82.0,Versa 4
2026-05-21T01:01:12Z,80.0,Versa 4
2026-05-21T01:01:14Z,78.0,Versa 4
2026-05-21T01:01:16Z,77.0,Versa 4
2026-05-21T01:01:18Z,76.0,Versa 4
2026-05-21T01:01:20Z,74.0,Versa 4
2026-05-21T01:01:21Z,72.0,Versa 4
2026-05-21T01:01:24Z,72.0,Versa 4
2026-05-21T01:01:27Z,72.0,Versa 4
2026-05-21T01:01:29Z,71.0,Versa 4
2026-05-21T01:01:31Z,70.0,Versa 4
2026-05-21T01:01:34Z,70.0,Versa 4
2026-05-21T01:01:35Z,71.0,Versa 4
2026-05-21T01:01:37Z,72.0,Versa 4
2026-05-21T01:01:39Z,71.0,Versa 4
2026-05-21T01:01:42Z,71.0,Versa 4
2026-05-21T01:01:45Z,72.0,Versa 4
2026-05-21T01:01:48Z,72.0,Versa 4
2026-05-21T01:01:51Z,72.0,Versa 4
2026-05-21T01:01:54Z,72.0,Versa 4
2026-05-21T01:01:57Z,72.0,Versa 4
2026-05-21T01:02:00Z,72.0,Versa 4
2026-05-21T01:02:02Z,72.0,Versa 4
2026-05-21T01:02:05Z,72.0,Versa 4
2026-05-21T01:02:06Z,73.0,Versa 4
2026-05-21T01:02:08Z,74.0,Versa 4
2026-05-21T01:02:09Z,76.0,Versa 4
2026-05-21T01:02:12Z,76.0,Versa 4
2026-05-21T01:02:13Z,74.0,Versa 4
2026-05-21T01:02:16Z,74.0,Versa 4
2026-05-21T01:02:17Z,73.0,Versa 4
2026-05-21T01:02:19Z,72.0,Versa 4
2026-05-21T01:02:21Z,73.0,Versa 4
2026-05-21T01:02:23Z,72.0,Versa 4
2026-05-21T01:02:26Z,72.0,Versa 4
2026-05-21T01:02:29Z,71.0,Versa 4
2026-05-21T01:02:32Z,71.0,Versa 4
2026-05-21T01:02:33Z,72.0,Versa 4
2026-05-21T01:02:36Z,72.0,Versa 4
2026-05-21T01:02:38Z,71.0,Versa 4
2026-05-21T01:02:41Z,71.0,Versa 4
2026-05-21T01:02:44Z,70.0,Versa 4
2026-05-21T01:02:47Z,70.0,Versa 4
2026-05-21T01:02:50Z,70.0,Versa 4
2026-05-21T01:02:53Z,70.0,Versa 4
2026-05-21T01:02:56Z,69.0,Versa 4
2026-05-21T01:02:57Z,68.0,Versa 4
2026-05-21T01:03:00Z,68.0,Versa 4
2026-05-21T01:03:03Z,69.0,Versa 4
2026-05-21T01:03:05Z,70.0,Versa 4
2026-05-21T01:03:08Z,70.0,Versa 4
2026-05-21T01:03:11Z,71.0,Versa 4
2026-05-21T01:03:14Z,71.0,Versa 4
2026-05-21T01:03:17Z,71.0,Versa 4
2026-05-21T01:03:19Z,72.0,Versa 4
2026-05-21T01:03:22Z,72.0,Versa 4
2026-05-21T01:03:25Z,72.0,Versa 4
2026-05-21T01:03:28Z,74.0,Versa 4
2026-05-21T01:03:31Z,74.0,Versa 4
2026-05-21T01:03:34Z,74.0,Versa 4
2026-05-21T01:03:37Z,74.0,Versa 4
2026-05-21T01:03:40Z,75.0,Versa 4
2026-05-21T01:03:43Z,75.0,Versa 4
2026-05-21T01:03:44Z,74.0,Versa 4
2026-05-21T01:03:47Z,74.0,Versa 4
2026-05-21T01:03:50Z,74.0,Versa 4
2026-05-21T01:03:51Z,73.0,Versa 4
2026-05-21T01:03:53Z,72.0,Versa 4
2026-05-21T01:03:56Z,72.0,Versa 4
2026-05-21T01:03:57Z,72.0,Versa 4
2026-05-21T01:03:59Z,73.0,Versa 4
2026-05-21T01:04:01Z,74.0,Versa 4
2026-05-21T01:04:04Z,74.0,Versa 4
2026-05-21T01:04:07Z,75.0,Versa 4
2026-05-21T01:04:10Z,75.0,Versa 4
2026-05-21T01:04:12Z,76.0,Versa 4
2026-05-21T01:04:14Z,77.0,Versa 4
2026-05-21T01:04:16Z,85.0,Versa 4
2026-05-21T01:04:18Z,88.0,Versa 4
2026-05-21T01:04:20Z,86.0,Versa 4
2026-05-21T01:04:22Z,85.0,Versa 4
2026-05-21T01:04:24Z,83.0,Versa 4
2026-05-21T01:04:26Z,82.0,Versa 4
2026-05-21T01:04:28Z,81.0,Versa 4
2026-05-21T01:04:30Z,82.0,Versa 4
2026-05-21T01:04:32Z,84.0,Versa 4
2026-05-21T01:04:33Z,83.0,Versa 4
2026-05-21T01:04:35Z,79.0,Versa 4
2026-05-21T01:04:37Z,76.0,Versa 4
2026-05-21T01:04:39Z,74.0,Versa 4
2026-05-21T01:04:42Z,74.0,Versa 4
2026-05-21T01:04:43Z,73.0,Versa 4
2026-05-21T01:04:45Z,72.0,Versa 4
2026-05-21T01:04:47Z,73.0,Versa 4
2026-05-21T01:04:49Z,72.0,Versa 4
2026-05-21T01:04:51Z,72.0,Versa 4
2026-05-21T01:04:53Z,72.0,Versa 4
2026-05-21T01:04:56Z,72.0,Versa 4
2026-05-21T01:04:57Z,73.0,Versa 4
2026-05-21T01:04:58Z,76.0,Versa 4
2026-05-21T01:05:00Z,82.0,Versa 4
2026-05-21T01:05:03Z,82.0,Versa 4
2026-05-21T01:05:04Z,80.0,Versa 4
2026-05-21T01:05:07Z,80.0,Versa 4
2026-05-21T01:05:10Z,80.0,Versa 4
2026-05-21T01:05:13Z,80.0,Versa 4
2026-05-21T01:05:14Z,78.0,Versa 4
2026-05-21T01:05:16Z,77.0,Versa 4
2026-05-21T01:05:18Z,76.0,Versa 4
2026-05-21T01:05:21Z,74.0,Versa 4
2026-05-21T01:05:24Z,74.0,Versa 4
2026-05-21T01:05:27Z,73.0,Versa 4
2026-05-21T01:05:29Z,74.0,Versa 4
2026-05-21T01:05:32Z,74.0,Versa 4
2026-05-21T01:05:33Z,76.0,Versa 4
2026-05-21T01:05:35Z,78.0,Versa 4
2026-05-21T01:05:37Z,80.0,Versa 4
2026-05-21T01:05:39Z,87.0,Versa 4
2026-05-21T01:05:41Z,88.0,Versa 4
2026-05-21T01:05:43Z,81.0,Versa 4
2026-05-21T01:05:45Z,76.0,Versa 4
2026-05-21T01:05:46Z,72.0,Versa 4
2026-05-21T01:05:48Z,71.0,Versa 4
2026-05-21T01:05:50Z,72.0,Versa 4
2026-05-21T01:05:52Z,75.0,Versa 4
2026-05-21T01:05:54Z,79.0,Versa 4
2026-05-21T01:05:56Z,82.0,Versa 4
2026-05-21T01:05:58Z,94.0,Versa 4
2026-05-21T01:06:00Z,89.0,Versa 4
2026-05-21T01:06:02Z,97.0,Versa 4
2026-05-21T01:06:05Z,97.0,Versa 4
2026-05-21T01:06:06Z,87.0,Versa 4
2026-05-21T01:06:08Z,84.0,Versa 4
2026-05-21T01:06:09Z,82.0,Versa 4
2026-05-21T01:06:11Z,81.0,Versa 4
2026-05-21T01:06:13Z,83.0,Versa 4
2026-05-21T01:06:15Z,81.0,Versa 4
2026-05-21T01:06:17Z,79.0,Versa 4
2026-05-21T01:06:19Z,77.0,Versa 4
2026-05-21T01:06:21Z,75.0,Versa 4
2026-05-21T01:06:23Z,74.0,Versa 4
2026-05-21T01:06:25Z,72.0,Versa 4
2026-05-21T01:06:28Z,72.0,Versa 4
2026-05-21T01:06:29Z,71.0,Versa 4
2026-05-21T01:06:31Z,72.0,Versa 4
2026-05-21T01:06:33Z,73.0,Versa 4
2026-05-21T01:06:36Z,74.0,Versa 4
2026-05-21T01:06:38Z,75.0,Versa 4
2026-05-21T01:06:41Z,75.0,Versa 4
2026-05-21T01:06:42Z,77.0,Versa 4
2026-05-21T01:06:44Z,79.0,Versa 4
2026-05-21T01:06:46Z,76.0,Versa 4
2026-05-21T01:06:48Z,77.0,Versa 4
2026-05-21T01:06:50Z,78.0,Versa 4
2026-05-21T01:06:53Z,78.0,Versa 4
2026-05-21T01:06:54Z,77.0,Versa 4
2026-05-21T01:06:56Z,75.0,Versa 4
2026-05-21T01:06:59Z,75.0,Versa 4
2026-05-21T01:07:01Z,76.0,Versa 4
2026-05-21T01:07:03Z,78.0,Versa 4
2026-05-21T01:07:05Z,81.0,Versa 4
2026-05-21T01:07:07Z,83.0,Versa 4
2026-05-21T01:07:10Z,83.0,Versa 4
2026-05-21T01:07:11Z,88.0,Versa 4
2026-05-21T01:07:14Z,88.0,Versa 4
2026-05-21T01:07:15Z,83.0,Versa 4
2026-05-21T01:07:17Z,84.0,Versa 4
2026-05-21T01:07:19Z,83.0,Versa 4
2026-05-21T01:07:21Z,82.0,Versa 4
2026-05-21T01:07:22Z,81.0,Versa 4
2026-05-21T01:07:24Z,78.0,Versa 4
2026-05-21T01:07:27Z,78.0,Versa 4
2026-05-21T01:07:30Z,78.0,Versa 4
2026-05-21T01:07:32Z,77.0,Versa 4
2026-05-21T01:07:34Z,76.0,Versa 4
2026-05-21T01:07:36Z,75.0,Versa 4
2026-05-21T01:07:38Z,74.0,Versa 4
2026-05-21T01:07:41Z,74.0,Versa 4
2026-05-21T01:07:44Z,72.0,Versa 4
2026-05-21T01:07:47Z,72.0,Versa 4
2026-05-21T01:07:49Z,72.0,Versa 4
2026-05-21T01:07:52Z,72.0,Versa 4
2026-05-21T01:07:55Z,72.0,Versa 4
2026-05-21T01:07:58Z,72.0,Versa 4
2026-05-21T01:07:59Z,71.0,Versa 4
2026-05-21T01:08:02Z,71.0,Versa 4
2026-05-21T01:08:05Z,71.0,Versa 4
2026-05-21T01:08:07Z,72.0,Versa 4
2026-05-21T01:08:09Z,71.0,Versa 4
2026-05-21T01:08:10Z,72.0,Versa 4
2026-05-21T01:08:12Z,71.0,Versa 4
2026-05-21T01:08:15Z,71.0,Versa 4
2026-05-21T01:08:18Z,72.0,Versa 4
2026-05-21T01:08:21Z,72.0,Versa 4
2026-05-21T01:08:22Z,73.0,Versa 4
2026-05-21T01:08:24Z,72.0,Versa 4
2026-05-21T01:08:26Z,73.0,Versa 4
2026-05-21T01:08:29Z,73.0,Versa 4
2026-05-21T01:08:30Z,72.0,Versa 4
2026-05-21T01:08:33Z,72.0,Versa 4
2026-05-21T01:08:36Z,72.0,Versa 4
2026-05-21T01:08:37Z,71.0,Versa 4
2026-05-21T01:08:40Z,71.0,Versa 4
2026-05-21T01:08:41Z,72.0,Versa 4
2026-05-21T01:08:44Z,72.0,Versa 4
2026-05-21T01:08:47Z,72.0,Versa 4
2026-05-21T01:08:49Z,71.0,Versa 4
2026-05-21T01:08:51Z,72.0,Versa 4
2026-05-21T01:08:53Z,71.0,Versa 4
2026-05-21T01:08:55Z,70.0,Versa 4
2026-05-21T01:08:58Z,71.0,Versa 4
2026-05-21T01:09:00Z,72.0,Versa 4
2026-05-21T01:09:03Z,72.0,Versa 4
2026-05-21T01:09:06Z,72.0,Versa 4
2026-05-21T01:09:09Z,72.0,Versa 4
2026-05-21T01:09:12Z,73.0,Versa 4
2026-05-21T01:09:14Z,72.0,Versa 4
2026-05-21T01:09:16Z,75.0,Versa 4
2026-05-21T01:09:19Z,75.0,Versa 4
2026-05-21T01:09:20Z,70.0,Versa 4
2026-05-21T01:09:21Z,68.0,Versa 4
2026-05-21T01:09:24Z,68.0,Versa 4
2026-05-21T01:09:25Z,67.0,Versa 4
2026-05-21T01:09:27Z,68.0,Versa 4
2026-05-21T01:09:29Z,66.0,Versa 4
2026-05-21T01:09:32Z,66.0,Versa 4
2026-05-21T01:09:35Z,65.0,Versa 4
2026-05-21T01:09:38Z,65.0,Versa 4
2026-05-21T01:09:39Z,66.0,Versa 4
2026-05-21T01:09:41Z,70.0,Versa 4
2026-05-21T01:09:43Z,73.0,Versa 4
2026-05-21T01:09:45Z,74.0,Versa 4
2026-05-21T01:09:46Z,73.0,Versa 4
2026-05-21T01:09:48Z,71.0,Versa 4
2026-05-21T01:09:50Z,71.0,Versa 4
2026-05-21T01:09:53Z,71.0,Versa 4
2026-05-21T01:09:56Z,72.0,Versa 4
2026-05-21T01:09:58Z,71.0,Versa 4
2026-05-21T01:10:00Z,70.0,Versa 4
2026-05-21T01:10:02Z,69.0,Versa 4
2026-05-21T01:10:04Z,68.0,Versa 4
2026-05-21T01:10:07Z,68.0,Versa 4
2026-05-21T01:10:09Z,69.0,Versa 4
2026-05-21T01:10:12Z,69.0,Versa 4
2026-05-21T01:10:13Z,70.0,Versa 4
2026-05-21T01:10:15Z,71.0,Versa 4
2026-05-21T01:10:17Z,70.0,Versa 4
2026-05-21T01:10:19Z,71.0,Versa 4
2026-05-21T01:10:21Z,73.0,Versa 4
2026-05-21T01:10:23Z,74.0,Versa 4
2026-05-21T01:10:26Z,74.0,Versa 4
2026-05-21T01:10:27Z,75.0,Versa 4
2026-05-21T01:10:29Z,74.0,Versa 4
2026-05-21T01:10:31Z,75.0,Versa 4
2026-05-21T01:10:34Z,75.0,Versa 4
2026-05-21T01:10:37Z,75.0,Versa 4
2026-05-21T01:10:38Z,76.0,Versa 4
2026-05-21T01:10:41Z,76.0,Versa 4
2026-05-21T01:10:44Z,75.0,Versa 4
2026-05-21T01:10:46Z,74.0,Versa 4
2026-05-21T01:10:49Z,74.0,Versa 4
2026-05-21T01:10:50Z,74.0,Versa 4
2026-05-21T01:10:52Z,73.0,Versa 4
2026-05-21T01:10:54Z,72.0,Versa 4
2026-05-21T01:10:57Z,72.0,Versa 4
2026-05-21T01:10:59Z,73.0,Versa 4
2026-05-21T01:11:01Z,74.0,Versa 4
2026-05-21T01:11:04Z,74.0,Versa 4
2026-05-21T01:11:05Z,73.0,Versa 4
2026-05-21T01:11:08Z,73.0,Versa 4
2026-05-21T01:11:11Z,73.0,Versa 4
2026-05-21T01:11:14Z,73.0,Versa 4
2026-05-21T01:11:15Z,74.0,Versa 4
2026-05-21T01:11:17Z,72.0,Versa 4
2026-05-21T01:11:19Z,71.0,Versa 4
2026-05-21T01:11:21Z,70.0,Versa 4
2026-05-21T01:11:24Z,70.0,Versa 4
2026-05-21T01:11:27Z,70.0,Versa 4
2026-05-21T01:11:28Z,69.0,Versa 4
2026-05-21T01:11:31Z,69.0,Versa 4
2026-05-21T01:11:32Z,68.0,Versa 4
2026-05-21T01:11:34Z,67.0,Versa 4
2026-05-21T01:11:37Z,67.0,Versa 4
2026-05-21T01:11:38Z,65.0,Versa 4
2026-05-21T01:11:40Z,64.0,Versa 4
2026-05-21T01:11:42Z,63.0,Versa 4
2026-05-21T01:11:44Z,64.0,Versa 4
2026-05-21T01:11:47Z,64.0,Versa 4
2026-05-21T01:11:49Z,64.0,Versa 4
2026-05-21T01:11:52Z,64.0,Versa 4
2026-05-21T01:11:53Z,65.0,Versa 4
2026-05-21T01:11:55Z,64.0,Versa 4
2026-05-21T01:11:58Z,64.0,Versa 4
2026-05-21T01:11:59Z,66.0,Versa 4
2026-05-21T01:12:02Z,66.0,Versa 4
2026-05-21T01:12:03Z,67.0,Versa 4
2026-05-21T01:12:05Z,72.0,Versa 4
2026-05-21T01:12:07Z,76.0,Versa 4
2026-05-21T01:12:09Z,79.0,Versa 4
2026-05-21T01:12:12Z,79.0,Versa 4
2026-05-21T01:12:13Z,75.0,Versa 4
2026-05-21T01:12:15Z,73.0,Versa 4
2026-05-21T01:12:18Z,71.0,Versa 4
2026-05-21T01:12:21Z,71.0,Versa 4
2026-05-21T01:12:22Z,70.0,Versa 4
2026-05-21T01:12:24Z,69.0,Versa 4
2026-05-21T01:12:26Z,68.0,Versa 4
2026-05-21T01:12:29Z,68.0,Versa 4
2026-05-21T01:12:30Z,69.0,Versa 4
2026-05-21T01:12:32Z,70.0,Versa 4
2026-05-21T01:12:35Z,70.0,Versa 4
2026-05-21T01:12:38Z,69.0,Versa 4
2026-05-21T01:12:40Z,70.0,Versa 4
2026-05-21T01:12:43Z,70.0,Versa 4
2026-05-21T01:12:45Z,69.0,Versa 4
2026-05-21T01:12:47Z,68.0,Versa 4
2026-05-21T01:12:49Z,67.0,Versa 4
2026-05-21T01:12:52Z,67.0,Versa 4
2026-05-21T01:12:53Z,66.0,Versa 4
2026-05-21T01:12:56Z,66.0,Versa 4
2026-05-21T01:12:59Z,66.0,Versa 4
2026-05-21T01:13:02Z,66.0,Versa 4
2026-05-21T01:13:03Z,66.0,Versa 4
2026-05-21T01:13:05Z,66.0,Versa 4
2026-05-21T01:13:06Z,67.0,Versa 4
2026-05-21T01:13:08Z,66.0,Versa 4
2026-05-21T01:13:11Z,66.0,Versa 4
2026-05-21T01:13:14Z,66.0,Versa 4
2026-05-21T01:13:17Z,66.0,Versa 4
2026-05-21T01:13:20Z,66.0,Versa 4
2026-05-21T01:13:23Z,66.0,Versa 4
2026-05-21T01:13:24Z,65.0,Versa 4
2026-05-21T01:13:27Z,65.0,Versa 4
2026-05-21T01:13:28Z,66.0,Versa 4
2026-05-21T01:13:29Z,68.0,Versa 4
2026-05-21T01:13:32Z,68.0,Versa 4
2026-05-21T01:13:35Z,67.0,Versa 4
2026-05-21T01:13:37Z,66.0,Versa 4
2026-05-21T01:13:40Z,66.0,Versa 4
2026-05-21T01:13:43Z,66.0,Versa 4
2026-05-21T01:13:45Z,65.0,Versa 4
2026-05-21T01:13:48Z,65.0,Versa 4
2026-05-21T01:13:49Z,66.0,Versa 4
2026-05-21T01:13:52Z,66.0,Versa 4
2026-05-21T01:13:55Z,66.0,Versa 4
2026-05-21T01:13:58Z,66.0,Versa 4
2026-05-21T01:14:01Z,66.0,Versa 4
2026-05-21T01:14:04Z,66.0,Versa 4
2026-05-21T01:14:06Z,65.0,Versa 4
2026-05-21T01:14:08Z,66.0,Versa 4
2026-05-21T01:14:11Z,66.0,Versa 4
2026-05-21T01:14:12Z,67.0,Versa 4
2026-05-21T01:14:14Z,68.0,Versa 4
2026-05-21T01:14:17Z,70.0,Versa 4
2026-05-21T01:14:19Z,72.0,Versa 4
2026-05-21T01:14:21Z,71.0,Versa 4
2026-05-21T01:14:24Z,71.0,Versa 4
2026-05-21T01:14:27Z,70.0,Versa 4
2026-05-21T01:14:29Z,69.0,Versa 4
2026-05-21T01:14:32Z,69.0,Versa 4
2026-05-21T01:14:33Z,68.0,Versa 4
2026-05-21T01:14:36Z,68.0,Versa 4
2026-05-21T01:14:37Z,69.0,Versa 4
2026-05-21T01:14:39Z,70.0,Versa 4
2026-05-21T01:14:42Z,72.0,Versa 4
2026-05-21T01:14:44Z,73.0,Versa 4
2026-05-21T01:14:46Z,71.0,Versa 4
2026-05-21T01:14:48Z,72.0,Versa 4
2026-05-21T01:14:50Z,74.0,Versa 4
2026-05-21T01:14:52Z,74.0,Versa 4
2026-05-21T01:14:54Z,72.0,Versa 4
2026-05-21T01:14:56Z,71.0,Versa 4
2026-05-21T01:14:58Z,70.0,Versa 4
2026-05-21T01:15:00Z,68.0,Versa 4
2026-05-21T01:15:02Z,67.0,Versa 4
2026-05-21T01:15:04Z,66.0,Versa 4
2026-05-21T01:15:07Z,65.0,Versa 4
2026-05-21T01:15:09Z,66.0,Versa 4
2026-05-21T01:15:11Z,68.0,Versa 4
2026-05-21T01:15:13Z,70.0,Versa 4
2026-05-21T01:15:16Z,70.0,Versa 4
2026-05-21T01:15:19Z,70.0,Versa 4
2026-05-21T01:15:21Z,68.0,Versa 4
2026-05-21T01:15:24Z,68.0,Versa 4
2026-05-21T01:15:27Z,68.0,Versa 4
2026-05-21T01:15:30Z,68.0,Versa 4
2026-05-21T01:15:32Z,66.0,Versa 4
2026-05-21T01:15:35Z,66.0,Versa 4
2026-05-21T01:15:38Z,66.0,Versa 4
2026-05-21T01:15:41Z,66.0,Versa 4
2026-05-21T01:15:44Z,66.0,Versa 4
2026-05-21T01:15:46Z,65.0,Versa 4
2026-05-21T01:15:48Z,66.0,Versa 4
2026-05-21T01:15:51Z,66.0,Versa 4
2026-05-21T01:15:54Z,66.0,Versa 4
2026-05-21T01:15:55Z,67.0,Versa 4
2026-05-21T01:15:57Z,67.0,Versa 4
2026-05-21T01:16:00Z,67.0,Versa 4
2026-05-21T01:16:03Z,67.0,Versa 4
2026-05-21T01:16:06Z,67.0,Versa 4
2026-05-21T01:16:07Z,68.0,Versa 4
2026-05-21T01:16:10Z,68.0,Versa 4
2026-05-21T01:16:13Z,69.0,Versa 4
2026-05-21T01:16:15Z,74.0,Versa 4
2026-05-21T01:16:17Z,75.0,Versa 4
2026-05-21T01:16:18Z,75.0,Versa 4
2026-05-21T01:16:20Z,74.0,Versa 4
2026-05-21T01:16:23Z,74.0,Versa 4
2026-05-21T01:16:24Z,73.0,Versa 4
2026-05-21T01:16:27Z,73.0,Versa 4
2026-05-21T01:16:28Z,72.0,Versa 4
2026-05-21T01:16:30Z,71.0,Versa 4
2026-05-21T01:16:32Z,70.0,Versa 4
2026-05-21T01:16:35Z,70.0,Versa 4
2026-05-21T01:16:38Z,70.0,Versa 4
2026-05-21T01:16:40Z,69.0,Versa 4
2026-05-21T01:16:43Z,68.0,Versa 4
2026-05-21T01:16:45Z,69.0,Versa 4
2026-05-21T01:16:48Z,69.0,Versa 4
2026-05-21T01:16:49Z,68.0,Versa 4
2026-05-21T01:16:52Z,68.0,Versa 4
2026-05-21T01:16:53Z,68.0,Versa 4
2026-05-21T01:16:56Z,68.0,Versa 4
2026-05-21T01:16:57Z,68.0,Versa 4
2026-05-21T01:16:59Z,69.0,Versa 4
2026-05-21T01:17:01Z,68.0,Versa 4
2026-05-21T01:17:04Z,68.0,Versa 4
2026-05-21T01:17:07Z,68.0,Versa 4
2026-05-21T01:17:10Z,68.0,Versa 4
2026-05-21T01:17:13Z,68.0,Versa 4
2026-05-21T01:17:14Z,69.0,Versa 4
2026-05-21T01:17:16Z,70.0,Versa 4
2026-05-21T01:17:18Z,73.0,Versa 4
2026-05-21T01:17:20Z,74.0,Versa 4
2026-05-21T01:17:22Z,73.0,Versa 4
2026-05-21T01:17:24Z,72.0,Versa 4
2026-05-21T01:17:26Z,71.0,Versa 4
2026-05-21T01:17:29Z,71.0,Versa 4
2026-05-21T01:17:31Z,70.0,Versa 4
2026-05-21T01:17:33Z,69.0,Versa 4
2026-05-21T01:17:35Z,68.0,Versa 4
2026-05-21T01:17:38Z,68.0,Versa 4
2026-05-21T01:17:41Z,67.0,Versa 4
2026-05-21T01:17:44Z,67.0,Versa 4
2026-05-21T01:17:45Z,68.0,Versa 4
2026-05-21T01:17:48Z,68.0,Versa 4
2026-05-21T01:17:51Z,68.0,Versa 4
2026-05-21T01:17:53Z,69.0,Versa 4
2026-05-21T01:17:56Z,69.0,Versa 4
2026-05-21T01:17:59Z,69.0,Versa 4
2026-05-21T01:18:00Z,69.0,Versa 4
2026-05-21T01:18:02Z,69.0,Versa 4
2026-05-21T01:18:04Z,68.0,Versa 4
2026-05-21T01:18:07Z,68.0,Versa 4
2026-05-21T01:18:10Z,69.0,Versa 4
2026-05-21T01:18:12Z,68.0,Versa 4
2026-05-21T01:18:14Z,67.0,Versa 4
2026-05-21T01:18:16Z,68.0,Versa 4
2026-05-21T01:18:19Z,68.0,Versa 4
2026-05-21T01:18:22Z,68.0,Versa 4
2026-05-21T01:18:23Z,70.0,Versa 4
2026-05-21T01:18:26Z,70.0,Versa 4
2026-05-21T01:18:27Z,71.0,Versa 4
2026-05-21T01:18:29Z,72.0,Versa 4
2026-05-21T01:18:31Z,72.0,Versa 4
2026-05-21T01:18:33Z,72.0,Versa 4
2026-05-21T01:18:35Z,71.0,Versa 4
2026-05-21T01:18:37Z,70.0,Versa 4
2026-05-21T01:18:39Z,71.0,Versa 4
2026-05-21T01:18:42Z,71.0,Versa 4
2026-05-21T01:18:45Z,71.0,Versa 4
2026-05-21T01:18:48Z,70.0,Versa 4
2026-05-21T01:18:51Z,70.0,Versa 4
2026-05-21T01:18:54Z,70.0,Versa 4
2026-05-21T01:18:57Z,70.0,Versa 4
2026-05-21T01:19:00Z,72.0,Versa 4
2026-05-21T01:19:02Z,74.0,Versa 4
2026-05-21T01:19:04Z,74.0,Versa 4
2026-05-21T01:19:07Z,72.0,Versa 4
2026-05-21T01:19:10Z,72.0,Versa 4
2026-05-21T01:19:11Z,71.0,Versa 4
2026-05-21T01:19:13Z,72.0,Versa 4
2026-05-21T01:19:15Z,71.0,Versa 4
2026-05-21T01:19:17Z,70.0,Versa 4
2026-05-21T01:19:20Z,70.0,Versa 4
2026-05-21T01:19:23Z,70.0,Versa 4
2026-05-21T01:19:26Z,70.0,Versa 4
2026-05-21T01:19:29Z,70.0,Versa 4
2026-05-21T01:19:32Z,70.0,Versa 4
2026-05-21T01:19:35Z,70.0,Versa 4
2026-05-21T01:19:38Z,71.0,Versa 4
2026-05-21T01:19:40Z,72.0,Versa 4
2026-05-21T01:19:42Z,73.0,Versa 4
2026-05-21T01:19:45Z,73.0,Versa 4
2026-05-21T01:19:46Z,74.0,Versa 4
2026-05-21T01:19:48Z,75.0,Versa 4
2026-05-21T01:19:50Z,74.0,Versa 4
2026-05-21T01:19:52Z,73.0,Versa 4
2026-05-21T01:19:53Z,75.0,Versa 4
2026-05-21T01:19:55Z,76.0,Versa 4
2026-05-21T01:19:58Z,76.0,Versa 4
2026-05-21T01:20:01Z,74.0,Versa 4
2026-05-21T01:20:03Z,72.0,Versa 4
2026-05-21T01:20:06Z,72.0,Versa 4
2026-05-21T01:20:07Z,71.0,Versa 4
2026-05-21T01:20:09Z,70.0,Versa 4
2026-05-21T01:20:12Z,70.0,Versa 4
2026-05-21T01:20:13Z,69.0,Versa 4
2026-05-21T01:20:15Z,68.0,Versa 4
2026-05-21T01:20:18Z,68.0,Versa 4
2026-05-21T01:20:21Z,68.0,Versa 4
2026-05-21T01:20:22Z,69.0,Versa 4
2026-05-21T01:20:24Z,71.0,Versa 4
2026-05-21T01:20:26Z,73.0,Versa 4
2026-05-21T01:20:28Z,75.0,Versa 4
2026-05-21T01:20:30Z,76.0,Versa 4
2026-05-21T01:20:33Z,76.0,Versa 4
2026-05-21T01:20:36Z,76.0,Versa 4
2026-05-21T01:20:39Z,76.0,Versa 4
2026-05-21T01:20:41Z,77.0,Versa 4
2026-05-21T01:20:43Z,76.0,Versa 4
2026-05-21T01:20:46Z,76.0,Versa 4
2026-05-21T01:20:49Z,75.0,Versa 4
2026-05-21T01:20:51Z,77.0,Versa 4
2026-05-21T01:20:53Z,84.0,Versa 4
2026-05-21T01:20:55Z,83.0,Versa 4
2026-05-21T01:20:57Z,82.0,Versa 4
2026-05-21T01:20:59Z,79.0,Versa 4
2026-05-21T01:21:01Z,76.0,Versa 4
2026-05-21T01:21:03Z,74.0,Versa 4
2026-05-21T01:21:05Z,73.0,Versa 4
2026-05-21T01:21:06Z,72.0,Versa 4
2026-05-21T01:21:08Z,71.0,Versa 4
2026-05-21T01:21:10Z,70.0,Versa 4
2026-05-21T01:21:12Z,68.0,Versa 4
2026-05-21T01:21:15Z,68.0,Versa 4
2026-05-21T01:21:16Z,69.0,Versa 4
2026-05-21T01:21:19Z,69.0,Versa 4
2026-05-21T01:21:22Z,68.0,Versa 4
2026-05-21T01:21:25Z,68.0,Versa 4
2026-05-21T01:21:28Z,68.0,Versa 4
2026-05-21T01:21:31Z,68.0,Versa 4
2026-05-21T01:21:34Z,68.0,Versa 4
2026-05-21T01:21:37Z,67.0,Versa 4
2026-05-21T01:21:40Z,67.0,Versa 4
2026-05-21T01:21:43Z,67.0,Versa 4
2026-05-21T01:21:45Z,68.0,Versa 4
2026-05-21T01:21:48Z,68.0,Versa 4
2026-05-21T01:21:49Z,67.0,Versa 4
2026-05-21T01:21:52Z,67.0,Versa 4
2026-05-21T01:21:55Z,67.0,Versa 4
2026-05-21T01:21:58Z,67.0,Versa 4
2026-05-21T01:22:01Z,67.0,Versa 4
2026-05-21T01:22:02Z,66.0,Versa 4
2026-05-21T01:22:04Z,67.0,Versa 4
2026-05-21T01:22:06Z,68.0,Versa 4
2026-05-21T01:22:09Z,68.0,Versa 4
2026-05-21T01:22:12Z,68.0,Versa 4
2026-05-21T01:22:14Z,69.0,Versa 4
2026-05-21T01:22:16Z,70.0,Versa 4
2026-05-21T01:22:19Z,71.0,Versa 4
2026-05-21T01:22:21Z,69.0,Versa 4
2026-05-21T01:22:24Z,69.0,Versa 4
2026-05-21T01:22:25Z,71.0,Versa 4
2026-05-21T01:22:28Z,71.0,Versa 4
2026-05-21T01:22:29Z,70.0,Versa 4
2026-05-21T01:22:31Z,69.0,Versa 4
2026-05-21T01:22:33Z,68.0,Versa 4
2026-05-21T01:22:36Z,68.0,Versa 4
2026-05-21T01:22:37Z,68.0,Versa 4
2026-05-21T01:22:39Z,67.0,Versa 4
2026-05-21T01:22:41Z,68.0,Versa 4
2026-05-21T01:22:42Z,68.0,Versa 4
2026-05-21T01:22:45Z,68.0,Versa 4
2026-05-21T01:22:46Z,70.0,Versa 4
2026-05-21T01:22:49Z,70.0,Versa 4
2026-05-21T01:22:52Z,69.0,Versa 4
2026-05-21T01:22:54Z,68.0,Versa 4
2026-05-21T01:22:57Z,68.0,Versa 4
2026-05-21T01:23:00Z,68.0,Versa 4
2026-05-21T01:23:02Z,69.0,Versa 4
2026-05-21T01:23:05Z,69.0,Versa 4
2026-05-21T01:23:07Z,68.0,Versa 4
2026-05-21T01:23:09Z,69.0,Versa 4
2026-05-21T01:23:11Z,70.0,Versa 4
2026-05-21T01:23:13Z,70.0,Versa 4
2026-05-21T01:23:16Z,70.0,Versa 4
2026-05-21T01:23:17Z,70.0,Versa 4
2026-05-21T01:23:19Z,71.0,Versa 4
2026-05-21T01:23:21Z,72.0,Versa 4
2026-05-21T01:23:24Z,72.0,Versa 4
2026-05-21T01:23:25Z,73.0,Versa 4
2026-05-21T01:23:27Z,75.0,Versa 4
2026-05-21T01:23:29Z,74.0,Versa 4
2026-05-21T01:23:30Z,71.0,Versa 4
2026-05-21T01:23:32Z,69.0,Versa 4
2026-05-21T01:23:34Z,67.0,Versa 4
2026-05-21T01:23:36Z,66.0,Versa 4
2026-05-21T01:23:39Z,66.0,Versa 4
2026-05-21T01:23:42Z,66.0,Versa 4
2026-05-21T01:23:45Z,66.0,Versa 4
2026-05-21T01:23:48Z,67.0,Versa 4
2026-05-21T01:23:50Z,68.0,Versa 4
2026-05-21T01:23:52Z,67.0,Versa 4
2026-05-21T01:23:55Z,66.0,Versa 4
2026-05-21T01:23:57Z,67.0,Versa 4
2026-05-21T01:23:59Z,68.0,Versa 4
2026-05-21T01:24:02Z,68.0,Versa 4
2026-05-21T01:24:05Z,68.0,Versa 4
2026-05-21T01:24:08Z,68.0,Versa 4
2026-05-21T01:24:11Z,68.0,Versa 4
2026-05-21T01:24:14Z,68.0,Versa 4
2026-05-21T01:24:15Z,69.0,Versa 4
2026-05-21T01:24:17Z,72.0,Versa 4
2026-05-21T01:24:18Z,75.0,Versa 4
2026-05-21T01:24:20Z,78.0,Versa 4
2026-05-21T01:24:22Z,79.0,Versa 4
2026-05-21T01:24:24Z,77.0,Versa 4
2026-05-21T01:24:26Z,75.0,Versa 4
2026-05-21T01:24:28Z,74.0,Versa 4
2026-05-21T01:24:30Z,75.0,Versa 4
2026-05-21T01:24:33Z,75.0,Versa 4
2026-05-21T01:24:34Z,74.0,Versa 4
2026-05-21T01:24:36Z,73.0,Versa 4
2026-05-21T01:24:38Z,72.0,Versa 4
2026-05-21T01:24:41Z,72.0,Versa 4
2026-05-21T01:24:44Z,72.0,Versa 4
2026-05-21T01:24:47Z,72.0,Versa 4
2026-05-21T01:24:49Z,73.0,Versa 4
2026-05-21T01:24:51Z,72.0,Versa 4
2026-05-21T01:24:53Z,71.0,Versa 4
2026-05-21T01:24:55Z,70.0,Versa 4
2026-05-21T01:24:57Z,70.0,Versa 4
2026-05-21T01:25:00Z,70.0,Versa 4
2026-05-21T01:25:01Z,70.0,Versa 4
2026-05-21T01:25:03Z,69.0,Versa 4
2026-05-21T01:25:05Z,69.0,Versa 4
2026-05-21T01:25:06Z,69.0,Versa 4
2026-05-21T01:25:08Z,70.0,Versa 4
2026-05-21T01:25:10Z,70.0,Versa 4
2026-05-21T01:25:12Z,72.0,Versa 4
2026-05-21T01:25:15Z,72.0,Versa 4
2026-05-21T01:25:16Z,71.0,Versa 4
2026-05-21T01:25:18Z,72.0,Versa 4
2026-05-21T01:25:20Z,71.0,Versa 4
2026-05-21T01:25:22Z,72.0,Versa 4
2026-05-21T01:25:25Z,72.0,Versa 4
2026-05-21T01:25:28Z,72.0,Versa 4
2026-05-21T01:25:31Z,71.0,Versa 4
2026-05-21T01:25:34Z,71.0,Versa 4
2026-05-21T01:25:35Z,72.0,Versa 4
2026-05-21T01:25:37Z,76.0,Versa 4
2026-05-21T01:25:39Z,72.0,Versa 4
2026-05-21T01:25:41Z,71.0,Versa 4
2026-05-21T01:25:43Z,73.0,Versa 4
2026-05-21T01:25:45Z,70.0,Versa 4
2026-05-21T01:25:47Z,69.0,Versa 4
2026-05-21T01:25:49Z,68.0,Versa 4
2026-05-21T01:25:51Z,69.0,Versa 4
2026-05-21T01:25:54Z,69.0,Versa 4
2026-05-21T01:25:56Z,70.0,Versa 4
2026-05-21T01:25:59Z,70.0,Versa 4
2026-05-21T01:26:00Z,73.0,Versa 4
2026-05-21T01:26:02Z,72.0,Versa 4
2026-05-21T01:26:04Z,74.0,Versa 4
2026-05-21T01:26:07Z,74.0,Versa 4
2026-05-21T01:26:08Z,72.0,Versa 4
2026-05-21T01:26:11Z,72.0,Versa 4
2026-05-21T01:26:12Z,74.0,Versa 4
2026-05-21T01:26:14Z,73.0,Versa 4
2026-05-21T01:26:17Z,72.0,Versa 4
2026-05-21T01:26:19Z,71.0,Versa 4
2026-05-21T01:26:21Z,70.0,Versa 4
2026-05-21T01:26:23Z,69.0,Versa 4
2026-05-21T01:26:25Z,68.0,Versa 4
2026-05-21T01:26:28Z,68.0,Versa 4
2026-05-21T01:26:31Z,68.0,Versa 4
2026-05-21T01:26:33Z,69.0,Versa 4
2026-05-21T01:26:35Z,70.0,Versa 4
2026-05-21T01:26:37Z,70.0,Versa 4
2026-05-21T01:26:39Z,70.0,Versa 4
2026-05-21T01:26:41Z,69.0,Versa 4
2026-05-21T01:26:44Z,70.0,Versa 4
2026-05-21T01:26:47Z,70.0,Versa 4
2026-05-21T01:26:48Z,69.0,Versa 4
2026-05-21T01:26:50Z,68.0,Versa 4
2026-05-21T01:26:53Z,68.0,Versa 4
2026-05-21T01:26:56Z,67.0,Versa 4
2026-05-21T01:26:59Z,67.0,Versa 4
2026-05-21T01:27:02Z,67.0,Versa 4
2026-05-21T01:27:05Z,67.0,Versa 4
2026-05-21T01:27:07Z,66.0,Versa 4
2026-05-21T01:27:10Z,66.0,Versa 4
2026-05-21T01:27:11Z,66.0,Versa 4
2026-05-21T01:27:14Z,66.0,Versa 4
2026-05-21T01:27:15Z,66.0,Versa 4
2026-05-21T01:27:16Z,67.0,Versa 4
2026-05-21T01:27:19Z,67.0,Versa 4
2026-05-21T01:27:20Z,66.0,Versa 4
2026-05-21T01:27:22Z,67.0,Versa 4
2026-05-21T01:27:25Z,67.0,Versa 4
2026-05-21T01:27:26Z,67.0,Versa 4
2026-05-21T01:27:28Z,68.0,Versa 4
2026-05-21T01:27:30Z,69.0,Versa 4
2026-05-21T01:27:33Z,69.0,Versa 4
2026-05-21T01:27:34Z,70.0,Versa 4
2026-05-21T01:27:37Z,70.0,Versa 4
2026-05-21T01:27:38Z,68.0,Versa 4
2026-05-21T01:27:40Z,70.0,Versa 4
2026-05-21T01:27:41Z,71.0,Versa 4
2026-05-21T01:27:43Z,72.0,Versa 4
2026-05-21T01:27:46Z,72.0,Versa 4
2026-05-21T01:27:49Z,72.0,Versa 4
2026-05-21T01:27:51Z,73.0,Versa 4
2026-05-21T01:27:54Z,73.0,Versa 4
2026-05-21T01:27:57Z,74.0,Versa 4
2026-05-21T01:28:00Z,74.0,Versa 4
2026-05-21T01:28:01Z,76.0,Versa 4
2026-05-21T01:28:04Z,76.0,Versa 4
2026-05-21T01:28:07Z,76.0,Versa 4
2026-05-21T01:28:08Z,75.0,Versa 4
2026-05-21T01:28:11Z,75.0,Versa 4
2026-05-21T01:28:12Z,74.0,Versa 4
2026-05-21T01:28:14Z,73.0,Versa 4
2026-05-21T01:28:16Z,72.0,Versa 4
2026-05-21T01:28:18Z,70.0,Versa 4
2026-05-21T01:28:20Z,69.0,Versa 4
2026-05-21T01:28:22Z,68.0,Versa 4
2026-05-21T01:28:25Z,68.0,Versa 4
2026-05-21T01:28:28Z,69.0,Versa 4
2026-05-21T01:28:31Z,70.0,Versa 4
2026-05-21T01:28:34Z,70.0,Versa 4
2026-05-21T01:28:37Z,70.0,Versa 4
2026-05-21T01:28:39Z,71.0,Versa 4
2026-05-21T01:28:42Z,71.0,Versa 4
2026-05-21T01:28:45Z,71.0,Versa 4
2026-05-21T01:28:48Z,71.0,Versa 4
2026-05-21T01:28:49Z,73.0,Versa 4
2026-05-21T01:28:51Z,75.0,Versa 4
2026-05-21T01:28:52Z,76.0,Versa 4
2026-05-21T01:28:54Z,78.0,Versa 4
2026-05-21T01:28:56Z,79.0,Versa 4
2026-05-21T01:28:58Z,86.0,Versa 4
2026-05-21T01:29:00Z,101.0,Versa 4
2026-05-21T01:29:02Z,102.0,Versa 4
2026-05-21T01:29:04Z,101.0,Versa 4
2026-05-21T01:29:06Z,100.0,Versa 4
2026-05-21T01:29:08Z,93.0,Versa 4
2026-05-21T01:29:10Z,93.0,Versa 4
2026-05-21T01:29:12Z,98.0,Versa 4
2026-05-21T01:29:14Z,99.0,Versa 4
2026-05-21T01:29:16Z,100.0,Versa 4
2026-05-21T01:29:17Z,101.0,Versa 4
2026-05-21T01:29:19Z,98.0,Versa 4
2026-05-21T01:29:21Z,88.0,Versa 4
2026-05-21T01:29:23Z,82.0,Versa 4
2026-05-21T01:29:25Z,80.0,Versa 4
2026-05-21T01:29:27Z,79.0,Versa 4
2026-05-21T01:29:29Z,76.0,Versa 4
2026-05-21T01:29:31Z,72.0,Versa 4
2026-05-21T01:29:33Z,71.0,Versa 4
2026-05-21T01:29:35Z,74.0,Versa 4
2026-05-21T01:29:37Z,75.0,Versa 4
2026-05-21T01:29:39Z,79.0,Versa 4
2026-05-21T01:29:40Z,84.0,Versa 4
2026-05-21T01:29:42Z,91.0,Versa 4
2026-05-21T01:29:44Z,95.0,Versa 4
2026-05-21T01:29:46Z,104.0,Versa 4
2026-05-21T01:29:48Z,105.0,Versa 4
2026-05-21T01:29:50Z,103.0,Versa 4
2026-05-21T01:29:52Z,98.0,Versa 4
2026-05-21T01:29:54Z,94.0,Versa 4
2026-05-21T01:29:56Z,90.0,Versa 4
2026-05-21T01:29:59Z,90.0,Versa 4
2026-05-21T01:30:00Z,95.0,Versa 4
2026-05-21T01:30:02Z,100.0,Versa 4
2026-05-21T01:30:04Z,99.0,Versa 4
2026-05-21T01:30:05Z,100.0,Versa 4
2026-05-21T01:30:07Z,101.0,Versa 4
2026-05-21T01:30:09Z,104.0,Versa 4
2026-05-21T01:30:11Z,96.0,Versa 4
2026-05-21T01:30:13Z,91.0,Versa 4
2026-05-21T01:30:15Z,86.0,Versa 4
2026-05-21T01:30:17Z,83.0,Versa 4
2026-05-21T01:30:19Z,82.0,Versa 4
2026-05-21T01:30:21Z,82.0,Versa 4
2026-05-21T01:30:23Z,85.0,Versa 4
2026-05-21T01:30:25Z,94.0,Versa 4
2026-05-21T01:30:27Z,96.0,Versa 4
2026-05-21T01:30:28Z,97.0,Versa 4
2026-05-21T01:30:30Z,102.0,Versa 4
2026-05-21T01:30:33Z,102.0,Versa 4
2026-05-21T01:30:34Z,100.0,Versa 4
2026-05-21T01:30:36Z,94.0,Versa 4
2026-05-21T01:30:38Z,87.0,Versa 4
2026-05-21T01:30:40Z,85.0,Versa 4
2026-05-21T01:30:42Z,87.0,Versa 4
2026-05-21T01:30:44Z,90.0,Versa 4
2026-05-21T01:30:46Z,92.0,Versa 4
2026-05-21T01:30:48Z,87.0,Versa 4
2026-05-21T01:30:50Z,84.0,Versa 4
2026-05-21T01:30:53Z,86.0,Versa 4
2026-05-21T01:30:55Z,93.0,Versa 4
2026-05-21T01:30:57Z,91.0,Versa 4
2026-05-21T01:30:59Z,83.0,Versa 4
2026-05-21T01:31:01Z,80.0,Versa 4
2026-05-21T01:31:03Z,76.0,Versa 4
2026-05-21T01:31:06Z,76.0,Versa 4
2026-05-21T01:31:07Z,75.0,Versa 4
2026-05-21T01:31:09Z,74.0,Versa 4
2026-05-21T01:31:11Z,73.0,Versa 4
2026-05-21T01:31:13Z,72.0,Versa 4
2026-05-21T01:31:15Z,71.0,Versa 4
2026-05-21T01:31:18Z,72.0,Versa 4
2026-05-21T01:31:21Z,72.0,Versa 4
2026-05-21T01:31:24Z,73.0,Versa 4
2026-05-21T01:31:26Z,74.0,Versa 4
2026-05-21T01:31:28Z,75.0,Versa 4
2026-05-21T01:31:31Z,75.0,Versa 4
2026-05-21T01:31:34Z,76.0,Versa 4
2026-05-21T01:31:37Z,76.0,Versa 4
2026-05-21T01:31:40Z,78.0,Versa 4
2026-05-21T01:31:41Z,80.0,Versa 4
2026-05-21T01:31:43Z,85.0,Versa 4
2026-05-21T01:31:45Z,91.0,Versa 4
2026-05-21T01:31:47Z,86.0,Versa 4
2026-05-21T01:31:49Z,80.0,Versa 4
2026-05-21T01:31:51Z,79.0,Versa 4
2026-05-21T01:31:53Z,77.0,Versa 4
2026-05-21T01:31:55Z,75.0,Versa 4
2026-05-21T01:31:57Z,73.0,Versa 4
2026-05-21T01:31:59Z,71.0,Versa 4
2026-05-21T01:32:01Z,69.0,Versa 4
2026-05-21T01:32:03Z,68.0,Versa 4
2026-05-21T01:32:06Z,67.0,Versa 4
2026-05-21T01:32:09Z,67.0,Versa 4
2026-05-21T01:32:10Z,68.0,Versa 4
2026-05-21T01:32:13Z,68.0,Versa 4
2026-05-21T01:32:14Z,69.0,Versa 4
2026-05-21T01:32:16Z,70.0,Versa 4
2026-05-21T01:32:19Z,70.0,Versa 4
2026-05-21T01:32:20Z,70.0,Versa 4
2026-05-21T01:32:22Z,71.0,Versa 4
2026-05-21T01:32:24Z,73.0,Versa 4
2026-05-21T01:32:26Z,76.0,Versa 4
2026-05-21T01:32:28Z,82.0,Versa 4
2026-05-21T01:32:29Z,85.0,Versa 4
2026-05-21T01:32:32Z,85.0,Versa 4
2026-05-21T01:32:33Z,84.0,Versa 4
2026-05-21T01:32:35Z,83.0,Versa 4
2026-05-21T01:32:37Z,84.0,Versa 4
2026-05-21T01:32:39Z,96.0,Versa 4
2026-05-21T01:32:41Z,94.0,Versa 4
2026-05-21T01:32:43Z,87.0,Versa 4
2026-05-21T01:32:45Z,85.0,Versa 4
2026-05-21T01:32:47Z,83.0,Versa 4
2026-05-21T01:32:49Z,80.0,Versa 4
2026-05-21T01:32:51Z,78.0,Versa 4
2026-05-21T01:32:52Z,75.0,Versa 4
2026-05-21T01:32:54Z,73.0,Versa 4
2026-05-21T01:32:56Z,72.0,Versa 4
2026-05-21T01:32:58Z,71.0,Versa 4
2026-05-21T01:33:01Z,71.0,Versa 4
2026-05-21T01:33:02Z,70.0,Versa 4
2026-05-21T01:33:04Z,69.0,Versa 4
2026-05-21T01:33:06Z,70.0,Versa 4
2026-05-21T01:33:08Z,72.0,Versa 4
2026-05-21T01:33:10Z,73.0,Versa 4
2026-05-21T01:33:12Z,76.0,Versa 4
2026-05-21T01:33:14Z,80.0,Versa 4
2026-05-21T01:33:16Z,84.0,Versa 4
2026-05-21T01:33:17Z,90.0,Versa 4
2026-05-21T01:33:19Z,94.0,Versa 4
2026-05-21T01:33:21Z,92.0,Versa 4
2026-05-21T01:33:23Z,86.0,Versa 4
2026-05-21T01:33:25Z,82.0,Versa 4
2026-05-21T01:33:27Z,81.0,Versa 4
2026-05-21T01:33:29Z,83.0,Versa 4
2026-05-21T01:33:31Z,84.0,Versa 4
2026-05-21T01:33:33Z,83.0,Versa 4
2026-05-21T01:33:35Z,81.0,Versa 4
2026-05-21T01:33:37Z,78.0,Versa 4
2026-05-21T01:33:39Z,76.0,Versa 4
2026-05-21T01:33:42Z,75.0,Versa 4
2026-05-21T01:33:44Z,74.0,Versa 4
2026-05-21T01:33:46Z,75.0,Versa 4
2026-05-21T01:33:49Z,75.0,Versa 4
2026-05-21T01:33:50Z,74.0,Versa 4
2026-05-21T01:33:52Z,74.0,Versa 4
2026-05-21T01:33:54Z,76.0,Versa 4
2026-05-21T01:33:56Z,80.0,Versa 4
2026-05-21T01:33:58Z,84.0,Versa 4
2026-05-21T01:34:00Z,88.0,Versa 4
2026-05-21T01:34:02Z,87.0,Versa 4
2026-05-21T01:34:04Z,88.0,Versa 4
2026-05-21T01:34:05Z,90.0,Versa 4
2026-05-21T01:34:07Z,98.0,Versa 4
2026-05-21T01:34:09Z,95.0,Versa 4
2026-05-21T01:34:11Z,90.0,Versa 4
2026-05-21T01:34:13Z,88.0,Versa 4
2026-05-21T01:34:15Z,85.0,Versa 4
2026-05-21T01:34:17Z,83.0,Versa 4
2026-05-21T01:34:19Z,81.0,Versa 4
2026-05-21T01:34:21Z,79.0,Versa 4
2026-05-21T01:34:23Z,78.0,Versa 4
2026-05-21T01:34:25Z,76.0,Versa 4
2026-05-21T01:34:27Z,75.0,Versa 4
2026-05-21T01:34:28Z,74.0,Versa 4
2026-05-21T01:34:31Z,74.0,Versa 4
2026-05-21T01:34:32Z,75.0,Versa 4
2026-05-21T01:34:34Z,76.0,Versa 4
2026-05-21T01:34:36Z,78.0,Versa 4
2026-05-21T01:34:38Z,84.0,Versa 4
2026-05-21T01:34:40Z,88.0,Versa 4
2026-05-21T01:34:42Z,94.0,Versa 4
2026-05-21T01:34:44Z,93.0,Versa 4
2026-05-21T01:34:46Z,89.0,Versa 4
2026-05-21T01:34:48Z,87.0,Versa 4
2026-05-21T01:34:50Z,88.0,Versa 4
2026-05-21T01:34:52Z,92.0,Versa 4
2026-05-21T01:34:53Z,96.0,Versa 4
2026-05-21T01:34:55Z,98.0,Versa 4
2026-05-21T01:34:57Z,101.0,Versa 4
2026-05-21T01:34:59Z,104.0,Versa 4
2026-05-21T01:35:01Z,103.0,Versa 4
2026-05-21T01:35:03Z,105.0,Versa 4
2026-05-21T01:35:05Z,109.0,Versa 4
2026-05-21T01:35:07Z,106.0,Versa 4
2026-05-21T01:35:09Z,97.0,Versa 4
2026-05-21T01:35:11Z,90.0,Versa 4
2026-05-21T01:35:13Z,87.0,Versa 4
2026-05-21T01:35:15Z,85.0,Versa 4
2026-05-21T01:35:16Z,84.0,Versa 4
2026-05-21T01:35:18Z,86.0,Versa 4
2026-05-21T01:35:20Z,90.0,Versa 4
2026-05-21T01:35:22Z,95.0,Versa 4
2026-05-21T01:35:24Z,93.0,Versa 4
2026-05-21T01:35:26Z,96.0,Versa 4
2026-05-21T01:35:28Z,99.0,Versa 4
2026-05-21T01:35:30Z,99.0,Versa 4
2026-05-21T01:35:32Z,96.0,Versa 4
2026-05-21T01:35:34Z,89.0,Versa 4
2026-05-21T01:35:36Z,84.0,Versa 4
2026-05-21T01:35:38Z,81.0,Versa 4
2026-05-21T01:35:40Z,80.0,Versa 4
2026-05-21T01:35:41Z,79.0,Versa 4
2026-05-21T01:35:43Z,77.0,Versa 4
2026-05-21T01:35:45Z,76.0,Versa 4
2026-05-21T01:35:47Z,75.0,Versa 4
2026-05-21T01:35:50Z,75.0,Versa 4
2026-05-21T01:35:51Z,79.0,Versa 4
2026-05-21T01:35:53Z,84.0,Versa 4
2026-05-21T01:35:55Z,87.0,Versa 4
2026-05-21T01:35:57Z,89.0,Versa 4
2026-05-21T01:35:59Z,91.0,Versa 4
2026-05-21T01:36:01Z,92.0,Versa 4
2026-05-21T01:36:03Z,91.0,Versa 4
2026-05-21T01:36:04Z,95.0,Versa 4
2026-05-21T01:36:06Z,96.0,Versa 4
2026-05-21T01:36:08Z,97.0,Versa 4
2026-05-21T01:36:10Z,93.0,Versa 4
2026-05-21T01:36:12Z,89.0,Versa 4
2026-05-21T01:36:14Z,84.0,Versa 4
2026-05-21T01:36:16Z,81.0,Versa 4
2026-05-21T01:36:18Z,77.0,Versa 4
2026-05-21T01:36:20Z,74.0,Versa 4
2026-05-21T01:36:22Z,73.0,Versa 4
2026-05-21T01:36:24Z,71.0,Versa 4
2026-05-21T01:36:26Z,70.0,Versa 4
2026-05-21T01:36:28Z,70.0,Versa 4
2026-05-21T01:36:29Z,69.0,Versa 4
2026-05-21T01:36:31Z,69.0,Versa 4
2026-05-21T01:36:33Z,69.0,Versa 4
2026-05-21T01:36:35Z,70.0,Versa 4
2026-05-21T01:36:38Z,70.0,Versa 4
2026-05-21T01:36:39Z,71.0,Versa 4
2026-05-21T01:36:42Z,71.0,Versa 4
2026-05-21T01:36:43Z,72.0,Versa 4
2026-05-21T01:36:45Z,73.0,Versa 4
2026-05-21T01:36:48Z,73.0,Versa 4
2026-05-21T01:36:51Z,74.0,Versa 4
2026-05-21T01:36:54Z,75.0,Versa 4
2026-05-21T01:36:56Z,74.0,Versa 4
2026-05-21T01:36:59Z,74.0,Versa 4
2026-05-21T01:37:02Z,74.0,Versa 4
2026-05-21T01:37:04Z,74.0,Versa 4
2026-05-21T01:37:06Z,73.0,Versa 4
2026-05-21T01:37:08Z,72.0,Versa 4
2026-05-21T01:37:11Z,72.0,Versa 4
2026-05-21T01:37:12Z,72.0,Versa 4
2026-05-21T01:37:15Z,72.0,Versa 4
2026-05-21T01:37:16Z,73.0,Versa 4
2026-05-21T01:37:17Z,81.0,Versa 4
2026-05-21T01:37:19Z,85.0,Versa 4
2026-05-21T01:37:21Z,88.0,Versa 4
2026-05-21T01:37:23Z,90.0,Versa 4
2026-05-21T01:37:25Z,92.0,Versa 4
2026-05-21T01:37:28Z,92.0,Versa 4
2026-05-21T01:37:29Z,93.0,Versa 4
2026-05-21T01:37:32Z,93.0,Versa 4
2026-05-21T01:37:33Z,103.0,Versa 4
2026-05-21T01:37:35Z,106.0,Versa 4
2026-05-21T01:37:37Z,102.0,Versa 4
2026-05-21T01:37:39Z,96.0,Versa 4
2026-05-21T01:37:40Z,91.0,Versa 4
2026-05-21T01:37:42Z,88.0,Versa 4
2026-05-21T01:37:44Z,86.0,Versa 4
2026-05-21T01:37:46Z,83.0,Versa 4
2026-05-21T01:37:48Z,81.0,Versa 4
2026-05-21T01:37:50Z,79.0,Versa 4
2026-05-21T01:37:52Z,78.0,Versa 4
2026-05-21T01:37:54Z,76.0,Versa 4
2026-05-21T01:37:56Z,75.0,Versa 4
2026-05-21T01:37:58Z,74.0,Versa 4
2026-05-21T01:38:01Z,74.0,Versa 4
2026-05-21T01:38:04Z,75.0,Versa 4
2026-05-21T01:38:05Z,76.0,Versa 4
2026-05-21T01:38:07Z,77.0,Versa 4
2026-05-21T01:38:09Z,80.0,Versa 4
2026-05-21T01:38:11Z,84.0,Versa 4
2026-05-21T01:38:13Z,87.0,Versa 4
2026-05-21T01:38:15Z,89.0,Versa 4
2026-05-21T01:38:17Z,92.0,Versa 4
2026-05-21T01:38:19Z,93.0,Versa 4
2026-05-21T01:38:21Z,91.0,Versa 4
2026-05-21T01:38:23Z,89.0,Versa 4
2026-05-21T01:38:25Z,87.0,Versa 4
2026-05-21T01:38:27Z,85.0,Versa 4
2026-05-21T01:38:28Z,83.0,Versa 4
2026-05-21T01:38:30Z,81.0,Versa 4
2026-05-21T01:38:32Z,79.0,Versa 4
2026-05-21T01:38:34Z,78.0,Versa 4
2026-05-21T01:38:36Z,76.0,Versa 4
2026-05-21T01:38:38Z,75.0,Versa 4
2026-05-21T01:38:40Z,74.0,Versa 4
2026-05-21T01:38:43Z,74.0,Versa 4
2026-05-21T01:38:46Z,74.0,Versa 4
2026-05-21T01:38:48Z,74.0,Versa 4
2026-05-21T01:38:50Z,75.0,Versa 4
2026-05-21T01:38:52Z,77.0,Versa 4
2026-05-21T01:38:53Z,81.0,Versa 4
2026-05-21T01:38:55Z,83.0,Versa 4
2026-05-21T01:38:57Z,84.0,Versa 4
2026-05-21T01:39:00Z,84.0,Versa 4
2026-05-21T01:39:01Z,87.0,Versa 4
2026-05-21T01:39:03Z,89.0,Versa 4
2026-05-21T01:39:05Z,92.0,Versa 4
2026-05-21T01:39:07Z,90.0,Versa 4
2026-05-21T01:39:09Z,88.0,Versa 4
2026-05-21T01:39:11Z,85.0,Versa 4
2026-05-21T01:39:13Z,82.0,Versa 4
2026-05-21T01:39:15Z,80.0,Versa 4
2026-05-21T01:39:18Z,77.0,Versa 4
2026-05-21T01:39:20Z,76.0,Versa 4
2026-05-21T01:39:22Z,74.0,Versa 4
2026-05-21T01:39:24Z,71.0,Versa 4
2026-05-21T01:39:26Z,70.0,Versa 4
2026-05-21T01:39:29Z,70.0,Versa 4
2026-05-21T01:39:30Z,69.0,Versa 4
2026-05-21T01:39:32Z,70.0,Versa 4
2026-05-21T01:39:34Z,71.0,Versa 4
2026-05-21T01:39:36Z,73.0,Versa 4
2026-05-21T01:39:39Z,73.0,Versa 4
2026-05-21T01:39:40Z,72.0,Versa 4
2026-05-21T01:39:41Z,73.0,Versa 4
2026-05-21T01:39:44Z,73.0,Versa 4
2026-05-21T01:39:45Z,74.0,Versa 4
2026-05-21T01:39:47Z,75.0,Versa 4
2026-05-21T01:39:49Z,74.0,Versa 4
2026-05-21T01:39:52Z,74.0,Versa 4
2026-05-21T01:39:53Z,74.0,Versa 4
2026-05-21T01:39:55Z,74.0,Versa 4
2026-05-21T01:39:57Z,75.0,Versa 4
2026-05-21T01:39:59Z,76.0,Versa 4
2026-05-21T01:40:01Z,75.0,Versa 4
2026-05-21T01:40:03Z,75.0,Versa 4
2026-05-21T01:40:04Z,77.0,Versa 4
2026-05-21T01:40:06Z,84.0,Versa 4
2026-05-21T01:40:08Z,86.0,Versa 4
2026-05-21T01:40:10Z,91.0,Versa 4
2026-05-21T01:40:12Z,93.0,Versa 4
2026-05-21T01:40:14Z,90.0,Versa 4
2026-05-21T01:40:16Z,87.0,Versa 4
2026-05-21T01:40:19Z,87.0,Versa 4
2026-05-21T01:40:20Z,86.0,Versa 4
2026-05-21T01:40:22Z,89.0,Versa 4
2026-05-21T01:40:24Z,93.0,Versa 4
2026-05-21T01:40:26Z,94.0,Versa 4
2026-05-21T01:40:28Z,94.0,Versa 4
2026-05-21T01:40:29Z,87.0,Versa 4
2026-05-21T01:40:31Z,83.0,Versa 4
2026-05-21T01:40:33Z,81.0,Versa 4
2026-05-21T01:40:35Z,82.0,Versa 4
2026-05-21T01:40:37Z,87.0,Versa 4
2026-05-21T01:40:39Z,95.0,Versa 4
2026-05-21T01:40:41Z,94.0,Versa 4
2026-05-21T01:40:43Z,92.0,Versa 4
2026-05-21T01:40:45Z,109.0,Versa 4
2026-05-21T01:40:47Z,106.0,Versa 4
2026-05-21T01:40:49Z,98.0,Versa 4
2026-05-21T01:40:51Z,92.0,Versa 4
2026-05-21T01:40:52Z,89.0,Versa 4
2026-05-21T01:40:54Z,87.0,Versa 4
2026-05-21T01:40:56Z,85.0,Versa 4
2026-05-21T01:40:58Z,83.0,Versa 4
2026-05-21T01:41:00Z,80.0,Versa 4
2026-05-21T01:41:02Z,79.0,Versa 4
2026-05-21T01:41:04Z,78.0,Versa 4
2026-05-21T01:41:07Z,78.0,Versa 4
2026-05-21T01:41:10Z,79.0,Versa 4
2026-05-21T01:41:12Z,80.0,Versa 4
2026-05-21T01:41:14Z,81.0,Versa 4
2026-05-21T01:41:16Z,81.0,Versa 4
2026-05-21T01:41:17Z,80.0,Versa 4
2026-05-21T01:41:19Z,82.0,Versa 4
2026-05-21T01:41:21Z,84.0,Versa 4
2026-05-21T01:41:23Z,88.0,Versa 4
2026-05-21T01:41:25Z,98.0,Versa 4
2026-05-21T01:41:27Z,103.0,Versa 4
2026-05-21T01:41:29Z,105.0,Versa 4
2026-05-21T01:41:31Z,106.0,Versa 4
2026-05-21T01:41:34Z,106.0,Versa 4
2026-05-21T01:41:35Z,110.0,Versa 4
2026-05-21T01:41:37Z,115.0,Versa 4
2026-05-21T01:41:39Z,113.0,Versa 4
2026-05-21T01:41:40Z,106.0,Versa 4
2026-05-21T01:41:42Z,98.0,Versa 4
2026-05-21T01:41:44Z,93.0,Versa 4
2026-05-21T01:41:46Z,90.0,Versa 4
2026-05-21T01:41:48Z,88.0,Versa 4
2026-05-21T01:41:50Z,86.0,Versa 4
2026-05-21T01:41:52Z,84.0,Versa 4
2026-05-21T01:41:55Z,84.0,Versa 4
2026-05-21T01:41:56Z,85.0,Versa 4
2026-05-21T01:41:58Z,83.0,Versa 4
2026-05-21T01:42:00Z,81.0,Versa 4
2026-05-21T01:42:02Z,80.0,Versa 4
2026-05-21T01:42:04Z,78.0,Versa 4
2026-05-21T01:42:05Z,78.0,Versa 4
2026-05-21T01:42:08Z,78.0,Versa 4
2026-05-21T01:42:09Z,76.0,Versa 4
2026-05-21T01:42:11Z,75.0,Versa 4
2026-05-21T01:42:13Z,76.0,Versa 4
2026-05-21T01:42:15Z,78.0,Versa 4
2026-05-21T01:42:17Z,83.0,Versa 4
2026-05-21T01:42:19Z,91.0,Versa 4
2026-05-21T01:42:21Z,93.0,Versa 4
2026-05-21T01:42:23Z,94.0,Versa 4
2026-05-21T01:42:25Z,99.0,Versa 4
2026-05-21T01:42:27Z,98.0,Versa 4
2026-05-21T01:42:29Z,97.0,Versa 4
2026-05-21T01:42:31Z,94.0,Versa 4
2026-05-21T01:42:33Z,93.0,Versa 4
2026-05-21T01:42:34Z,94.0,Versa 4
2026-05-21T01:42:37Z,94.0,Versa 4
2026-05-21T01:42:38Z,92.0,Versa 4
2026-05-21T01:42:40Z,85.0,Versa 4
2026-05-21T01:42:42Z,82.0,Versa 4
2026-05-21T01:42:44Z,80.0,Versa 4
2026-05-21T01:42:46Z,78.0,Versa 4
2026-05-21T01:42:48Z,76.0,Versa 4
2026-05-21T01:42:50Z,74.0,Versa 4
2026-05-21T01:42:52Z,73.0,Versa 4
2026-05-21T01:42:55Z,73.0,Versa 4
2026-05-21T01:42:56Z,72.0,Versa 4
2026-05-21T01:42:58Z,73.0,Versa 4
2026-05-21T01:43:01Z,72.0,Versa 4
2026-05-21T01:43:03Z,71.0,Versa 4
2026-05-21T01:43:05Z,72.0,Versa 4
2026-05-21T01:43:07Z,74.0,Versa 4
2026-05-21T01:43:10Z,74.0,Versa 4
2026-05-21T01:43:11Z,73.0,Versa 4
2026-05-21T01:43:13Z,74.0,Versa 4
2026-05-21T01:43:15Z,73.0,Versa 4
2026-05-21T01:43:18Z,73.0,Versa 4
2026-05-21T01:43:19Z,74.0,Versa 4
2026-05-21T01:43:21Z,73.0,Versa 4
2026-05-21T01:43:22Z,74.0,Versa 4
2026-05-21T01:43:25Z,74.0,Versa 4
2026-05-21T01:43:26Z,73.0,Versa 4
2026-05-21T01:43:29Z,73.0,Versa 4
2026-05-21T01:43:30Z,74.0,Versa 4
2026-05-21T01:43:33Z,74.0,Versa 4
2026-05-21T01:43:34Z,72.0,Versa 4
2026-05-21T01:43:37Z,72.0,Versa 4
2026-05-21T01:43:40Z,72.0,Versa 4
2026-05-21T01:43:42Z,72.0,Versa 4
2026-05-21T01:43:44Z,73.0,Versa 4
2026-05-21T01:43:47Z,73.0,Versa 4
2026-05-21T01:43:49Z,74.0,Versa 4
2026-05-21T01:43:52Z,74.0,Versa 4
2026-05-21T01:43:53Z,74.0,Versa 4
2026-05-21T01:43:55Z,75.0,Versa 4
2026-05-21T01:43:58Z,75.0,Versa 4
2026-05-21T01:43:59Z,74.0,Versa 4
2026-05-21T01:44:02Z,74.0,Versa 4
2026-05-21T01:44:03Z,75.0,Versa 4
2026-05-21T01:44:05Z,76.0,Versa 4
2026-05-21T01:44:08Z,76.0,Versa 4
2026-05-21T01:44:11Z,76.0,Versa 4
2026-05-21T01:44:14Z,76.0,Versa 4
2026-05-21T01:44:17Z,76.0,Versa 4
2026-05-21T01:44:20Z,77.0,Versa 4
2026-05-21T01:44:22Z,78.0,Versa 4
2026-05-21T01:44:25Z,78.0,Versa 4
2026-05-21T01:44:28Z,78.0,Versa 4
2026-05-21T01:44:31Z,78.0,Versa 4
2026-05-21T01:44:34Z,78.0,Versa 4
2026-05-21T01:44:35Z,77.0,Versa 4
2026-05-21T01:44:38Z,77.0,Versa 4
2026-05-21T01:44:39Z,76.0,Versa 4
2026-05-21T01:44:42Z,76.0,Versa 4
2026-05-21T01:44:45Z,78.0,Versa 4
2026-05-21T01:44:48Z,78.0,Versa 4
2026-05-21T01:44:51Z,78.0,Versa 4
2026-05-21T01:44:54Z,78.0,Versa 4
2026-05-21T01:44:57Z,78.0,Versa 4
2026-05-21T01:45:00Z,78.0,Versa 4
2026-05-21T01:45:02Z,78.0,Versa 4
2026-05-21T01:45:05Z,78.0,Versa 4
2026-05-21T01:45:08Z,81.0,Versa 4
2026-05-21T01:45:10Z,84.0,Versa 4
2026-05-21T01:45:12Z,85.0,Versa 4
2026-05-21T01:45:14Z,80.0,Versa 4
2026-05-21T01:45:16Z,79.0,Versa 4
2026-05-21T01:45:18Z,78.0,Versa 4
2026-05-21T01:45:21Z,78.0,Versa 4
2026-05-21T01:45:22Z,77.0,Versa 4
2026-05-21T01:45:25Z,76.0,Versa 4
2026-05-21T01:45:27Z,75.0,Versa 4
2026-05-21T01:45:30Z,75.0,Versa 4
2026-05-21T01:45:33Z,76.0,Versa 4
2026-05-21T01:45:36Z,76.0,Versa 4
2026-05-21T01:45:39Z,75.0,Versa 4
2026-05-21T01:45:42Z,75.0,Versa 4
2026-05-21T01:45:43Z,76.0,Versa 4
2026-05-21T01:45:46Z,76.0,Versa 4
2026-05-21T01:45:48Z,77.0,Versa 4
2026-05-21T01:45:50Z,84.0,Versa 4
2026-05-21T01:45:52Z,88.0,Versa 4
2026-05-21T01:45:54Z,91.0,Versa 4
2026-05-21T01:45:56Z,95.0,Versa 4
2026-05-21T01:45:59Z,95.0,Versa 4
2026-05-21T01:46:00Z,94.0,Versa 4
2026-05-21T01:46:03Z,94.0,Versa 4
2026-05-21T01:46:04Z,87.0,Versa 4
2026-05-21T01:46:06Z,81.0,Versa 4
2026-05-21T01:46:08Z,80.0,Versa 4
2026-05-21T01:46:10Z,78.0,Versa 4
2026-05-21T01:46:11Z,76.0,Versa 4
2026-05-21T01:46:14Z,76.0,Versa 4
2026-05-21T01:46:15Z,80.0,Versa 4
2026-05-21T01:46:17Z,82.0,Versa 4
2026-05-21T01:46:19Z,83.0,Versa 4
2026-05-21T01:46:21Z,82.0,Versa 4
2026-05-21T01:46:24Z,82.0,Versa 4
2026-05-21T01:46:25Z,83.0,Versa 4
2026-05-21T01:46:27Z,82.0,Versa 4
2026-05-21T01:46:29Z,94.0,Versa 4
2026-05-21T01:46:31Z,93.0,Versa 4
2026-05-21T01:46:33Z,89.0,Versa 4
2026-05-21T01:46:34Z,87.0,Versa 4
2026-05-21T01:46:36Z,85.0,Versa 4
2026-05-21T01:46:38Z,84.0,Versa 4
2026-05-21T01:46:40Z,86.0,Versa 4
2026-05-21T01:46:42Z,88.0,Versa 4
2026-05-21T01:46:45Z,88.0,Versa 4
2026-05-21T01:46:46Z,85.0,Versa 4
2026-05-21T01:46:48Z,84.0,Versa 4
2026-05-21T01:46:50Z,84.0,Versa 4
2026-05-21T01:46:52Z,81.0,Versa 4
2026-05-21T01:46:54Z,79.0,Versa 4
2026-05-21T01:46:56Z,78.0,Versa 4
2026-05-21T01:46:58Z,80.0,Versa 4
2026-05-21T01:46:59Z,81.0,Versa 4
2026-05-21T01:47:01Z,82.0,Versa 4
2026-05-21T01:47:03Z,84.0,Versa 4
2026-05-21T01:47:05Z,85.0,Versa 4
2026-05-21T01:47:08Z,85.0,Versa 4
2026-05-21T01:47:11Z,85.0,Versa 4
2026-05-21T01:47:13Z,88.0,Versa 4
2026-05-21T01:47:15Z,89.0,Versa 4
2026-05-21T01:47:17Z,99.0,Versa 4
2026-05-21T01:47:20Z,99.0,Versa 4
2026-05-21T01:47:21Z,95.0,Versa 4
2026-05-21T01:47:22Z,90.0,Versa 4
2026-05-21T01:47:24Z,86.0,Versa 4
2026-05-21T01:47:26Z,84.0,Versa 4
2026-05-21T01:47:28Z,81.0,Versa 4
2026-05-21T01:47:30Z,78.0,Versa 4
2026-05-21T01:47:32Z,76.0,Versa 4
2026-05-21T01:47:35Z,76.0,Versa 4
2026-05-21T01:47:36Z,77.0,Versa 4
2026-05-21T01:47:39Z,77.0,Versa 4
2026-05-21T01:47:40Z,80.0,Versa 4
2026-05-21T01:47:42Z,85.0,Versa 4
2026-05-21T01:47:45Z,85.0,Versa 4
2026-05-21T01:47:46Z,88.0,Versa 4
2026-05-21T01:47:47Z,89.0,Versa 4
2026-05-21T01:47:49Z,90.0,Versa 4
2026-05-21T01:47:51Z,92.0,Versa 4
2026-05-21T01:47:53Z,98.0,Versa 4
2026-05-21T01:47:55Z,104.0,Versa 4
2026-05-21T01:47:57Z,106.0,Versa 4
2026-05-21T01:47:59Z,109.0,Versa 4
2026-05-21T01:48:01Z,105.0,Versa 4
2026-05-21T01:48:03Z,94.0,Versa 4
2026-05-21T01:48:05Z,89.0,Versa 4
2026-05-21T01:48:07Z,86.0,Versa 4
2026-05-21T01:48:09Z,85.0,Versa 4
2026-05-21T01:48:10Z,84.0,Versa 4
2026-05-21T01:48:12Z,82.0,Versa 4
2026-05-21T01:48:14Z,80.0,Versa 4
2026-05-21T01:48:16Z,75.0,Versa 4
2026-05-21T01:48:18Z,71.0,Versa 4
2026-05-21T01:48:20Z,69.0,Versa 4
2026-05-21T01:48:22Z,67.0,Versa 4
2026-05-21T01:48:25Z,67.0,Versa 4
2026-05-21T01:48:26Z,66.0,Versa 4
2026-05-21T01:48:29Z,66.0,Versa 4
2026-05-21T01:48:30Z,66.0,Versa 4
2026-05-21T01:48:32Z,66.0,Versa 4
2026-05-21T01:48:34Z,67.0,Versa 4
2026-05-21T01:48:35Z,66.0,Versa 4
2026-05-21T01:48:38Z,66.0,Versa 4
2026-05-21T01:48:41Z,66.0,Versa 4
2026-05-21T01:48:43Z,66.0,Versa 4
2026-05-21T01:48:46Z,66.0,Versa 4
2026-05-21T01:48:47Z,67.0,Versa 4
2026-05-21T01:48:50Z,67.0,Versa 4
2026-05-21T01:48:51Z,68.0,Versa 4
2026-05-21T01:48:54Z,68.0,Versa 4
2026-05-21T01:48:57Z,67.0,Versa 4
2026-05-21T01:49:00Z,67.0,Versa 4
2026-05-21T01:49:03Z,67.0,Versa 4
2026-05-21T01:49:06Z,67.0,Versa 4
2026-05-21T01:49:08Z,68.0,Versa 4
2026-05-21T01:49:11Z,68.0,Versa 4
2026-05-21T01:49:14Z,69.0,Versa 4
2026-05-21T01:49:17Z,69.0,Versa 4
2026-05-21T01:49:18Z,70.0,Versa 4
2026-05-21T01:49:21Z,70.0,Versa 4
2026-05-21T01:49:24Z,70.0,Versa 4
2026-05-21T01:49:25Z,71.0,Versa 4
2026-05-21T01:49:27Z,72.0,Versa 4
2026-05-21T01:49:29Z,73.0,Versa 4
2026-05-21T01:49:31Z,71.0,Versa 4
2026-05-21T01:49:33Z,72.0,Versa 4
2026-05-21T01:49:36Z,72.0,Versa 4
2026-05-21T01:49:37Z,71.0,Versa 4
2026-05-21T01:49:39Z,72.0,Versa 4
2026-05-21T01:49:42Z,72.0,Versa 4
2026-05-21T01:49:43Z,71.0,Versa 4
2026-05-21T01:49:46Z,71.0,Versa 4
2026-05-21T01:49:48Z,72.0,Versa 4
2026-05-21T01:49:50Z,74.0,Versa 4
2026-05-21T01:49:53Z,74.0,Versa 4
2026-05-21T01:49:54Z,75.0,Versa 4
2026-05-21T01:49:56Z,78.0,Versa 4
2026-05-21T01:49:58Z,85.0,Versa 4
2026-05-21T01:50:00Z,84.0,Versa 4
2026-05-21T01:50:02Z,82.0,Versa 4
2026-05-21T01:50:04Z,80.0,Versa 4
2026-05-21T01:50:06Z,83.0,Versa 4
2026-05-21T01:50:08Z,84.0,Versa 4
2026-05-21T01:50:10Z,82.0,Versa 4
2026-05-21T01:50:11Z,76.0,Versa 4
2026-05-21T01:50:13Z,72.0,Versa 4
2026-05-21T01:50:15Z,70.0,Versa 4
2026-05-21T01:50:17Z,69.0,Versa 4
2026-05-21T01:50:19Z,68.0,Versa 4
2026-05-21T01:50:21Z,68.0,Versa 4
2026-05-21T01:50:23Z,69.0,Versa 4
2026-05-21T01:50:25Z,71.0,Versa 4
2026-05-21T01:50:27Z,88.0,Versa 4
2026-05-21T01:50:29Z,91.0,Versa 4
2026-05-21T01:50:31Z,88.0,Versa 4
2026-05-21T01:50:33Z,82.0,Versa 4
2026-05-21T01:50:34Z,80.0,Versa 4
2026-05-21T01:50:36Z,82.0,Versa 4
2026-05-21T01:50:38Z,85.0,Versa 4
2026-05-21T01:50:40Z,87.0,Versa 4
2026-05-21T01:50:42Z,88.0,Versa 4
2026-05-21T01:50:44Z,90.0,Versa 4
2026-05-21T01:50:46Z,89.0,Versa 4
2026-05-21T01:50:48Z,99.0,Versa 4
2026-05-21T01:50:50Z,95.0,Versa 4
2026-05-21T01:50:52Z,90.0,Versa 4
2026-05-21T01:50:54Z,87.0,Versa 4
2026-05-21T01:50:56Z,84.0,Versa 4
2026-05-21T01:50:58Z,82.0,Versa 4
2026-05-21T01:50:59Z,79.0,Versa 4
2026-05-21T01:51:01Z,77.0,Versa 4
2026-05-21T01:51:03Z,74.0,Versa 4
2026-05-21T01:51:05Z,72.0,Versa 4
2026-05-21T01:51:07Z,71.0,Versa 4
2026-05-21T01:51:09Z,70.0,Versa 4
2026-05-21T01:51:12Z,70.0,Versa 4
2026-05-21T01:51:13Z,71.0,Versa 4
2026-05-21T01:51:15Z,72.0,Versa 4
2026-05-21T01:51:17Z,75.0,Versa 4
2026-05-21T01:51:19Z,77.0,Versa 4
2026-05-21T01:51:21Z,78.0,Versa 4
2026-05-21T01:51:22Z,84.0,Versa 4
2026-05-21T01:51:24Z,89.0,Versa 4
2026-05-21T01:51:26Z,88.0,Versa 4
2026-05-21T01:51:28Z,86.0,Versa 4
2026-05-21T01:51:30Z,82.0,Versa 4
2026-05-21T01:51:32Z,78.0,Versa 4
2026-05-21T01:51:34Z,75.0,Versa 4
2026-05-21T01:51:36Z,73.0,Versa 4
2026-05-21T01:51:38Z,71.0,Versa 4
2026-05-21T01:51:40Z,69.0,Versa 4
2026-05-21T01:51:42Z,70.0,Versa 4
2026-05-21T01:51:44Z,69.0,Versa 4
2026-05-21T01:51:46Z,67.0,Versa 4
2026-05-21T01:51:49Z,66.0,Versa 4
2026-05-21T01:51:51Z,65.0,Versa 4
2026-05-21T01:51:54Z,65.0,Versa 4
2026-05-21T01:51:57Z,64.0,Versa 4
2026-05-21T01:51:59Z,65.0,Versa 4
2026-05-21T01:52:01Z,66.0,Versa 4
2026-05-21T01:52:03Z,67.0,Versa 4
2026-05-21T01:52:05Z,68.0,Versa 4
2026-05-21T01:52:08Z,68.0,Versa 4
2026-05-21T01:52:09Z,69.0,Versa 4
2026-05-21T01:52:10Z,70.0,Versa 4
2026-05-21T01:52:13Z,70.0,Versa 4
2026-05-21T01:52:14Z,71.0,Versa 4
2026-05-21T01:52:17Z,71.0,Versa 4
2026-05-21T01:52:20Z,73.0,Versa 4
2026-05-21T01:52:22Z,75.0,Versa 4
2026-05-21T01:52:24Z,78.0,Versa 4
2026-05-21T01:52:27Z,78.0,Versa 4
2026-05-21T01:52:28Z,77.0,Versa 4
2026-05-21T01:52:30Z,76.0,Versa 4
2026-05-21T01:52:32Z,75.0,Versa 4
2026-05-21T01:52:34Z,74.0,Versa 4
2026-05-21T01:52:37Z,75.0,Versa 4
2026-05-21T01:52:39Z,74.0,Versa 4
2026-05-21T01:52:41Z,73.0,Versa 4
2026-05-21T01:52:44Z,73.0,Versa 4
2026-05-21T01:52:45Z,72.0,Versa 4
2026-05-21T01:52:48Z,72.0,Versa 4
2026-05-21T01:52:51Z,73.0,Versa 4
2026-05-21T01:52:53Z,75.0,Versa 4
2026-05-21T01:52:55Z,77.0,Versa 4
2026-05-21T01:52:57Z,78.0,Versa 4
2026-05-21T01:53:00Z,81.0,Versa 4
2026-05-21T01:53:02Z,86.0,Versa 4
2026-05-21T01:53:05Z,86.0,Versa 4
2026-05-21T01:53:06Z,87.0,Versa 4
2026-05-21T01:53:08Z,90.0,Versa 4
2026-05-21T01:53:10Z,92.0,Versa 4
2026-05-21T01:53:12Z,93.0,Versa 4
2026-05-21T01:53:14Z,94.0,Versa 4
2026-05-21T01:53:17Z,94.0,Versa 4
2026-05-21T01:53:18Z,95.0,Versa 4
2026-05-21T01:53:20Z,96.0,Versa 4
2026-05-21T01:53:22Z,103.0,Versa 4
2026-05-21T01:53:23Z,102.0,Versa 4
2026-05-21T01:53:26Z,102.0,Versa 4
2026-05-21T01:53:27Z,100.0,Versa 4
2026-05-21T01:53:29Z,96.0,Versa 4
2026-05-21T01:53:31Z,92.0,Versa 4
2026-05-21T01:53:33Z,90.0,Versa 4
2026-05-21T01:53:35Z,89.0,Versa 4
2026-05-21T01:53:37Z,86.0,Versa 4
2026-05-21T01:53:39Z,84.0,Versa 4
2026-05-21T01:53:41Z,82.0,Versa 4
2026-05-21T01:53:44Z,82.0,Versa 4
2026-05-21T01:53:46Z,80.0,Versa 4
2026-05-21T01:53:48Z,78.0,Versa 4
2026-05-21T01:53:50Z,80.0,Versa 4
2026-05-21T01:53:52Z,81.0,Versa 4
2026-05-21T01:53:55Z,81.0,Versa 4
2026-05-21T01:53:56Z,79.0,Versa 4
2026-05-21T01:53:58Z,78.0,Versa 4
2026-05-21T01:54:01Z,78.0,Versa 4
2026-05-21T01:54:02Z,80.0,Versa 4
2026-05-21T01:54:05Z,80.0,Versa 4
2026-05-21T01:54:08Z,79.0,Versa 4
2026-05-21T01:54:10Z,78.0,Versa 4
2026-05-21T01:54:11Z,80.0,Versa 4
2026-05-21T01:54:14Z,80.0,Versa 4
2026-05-21T01:54:17Z,80.0,Versa 4
2026-05-21T01:54:20Z,80.0,Versa 4
2026-05-21T01:54:21Z,78.0,Versa 4
2026-05-21T01:54:23Z,77.0,Versa 4
2026-05-21T01:54:25Z,75.0,Versa 4
2026-05-21T01:54:28Z,75.0,Versa 4
2026-05-21T01:54:29Z,74.0,Versa 4
2026-05-21T01:54:31Z,73.0,Versa 4
2026-05-21T01:54:33Z,72.0,Versa 4
2026-05-21T01:54:34Z,71.0,Versa 4
2026-05-21T01:54:37Z,71.0,Versa 4
2026-05-21T01:54:38Z,70.0,Versa 4
2026-05-21T01:54:41Z,70.0,Versa 4
2026-05-21T01:54:44Z,70.0,Versa 4
2026-05-21T01:54:46Z,72.0,Versa 4
2026-05-21T01:54:49Z,72.0,Versa 4
2026-05-21T01:54:52Z,73.0,Versa 4
2026-05-21T01:54:54Z,75.0,Versa 4
2026-05-21T01:54:56Z,76.0,Versa 4
2026-05-21T01:54:58Z,78.0,Versa 4
2026-05-21T01:55:01Z,79.0,Versa 4
2026-05-21T01:55:04Z,79.0,Versa 4
2026-05-21T01:55:05Z,83.0,Versa 4
2026-05-21T01:55:07Z,88.0,Versa 4
2026-05-21T01:55:09Z,91.0,Versa 4
2026-05-21T01:55:11Z,96.0,Versa 4
2026-05-21T01:55:13Z,97.0,Versa 4
2026-05-21T01:55:15Z,99.0,Versa 4
2026-05-21T01:55:17Z,100.0,Versa 4
2026-05-21T01:55:19Z,101.0,Versa 4
2026-05-21T01:55:21Z,102.0,Versa 4
2026-05-21T01:55:24Z,102.0,Versa 4
2026-05-21T01:55:26Z,103.0,Versa 4
2026-05-21T01:55:29Z,103.0,Versa 4
2026-05-21T01:55:32Z,107.0,Versa 4
2026-05-21T01:55:34Z,105.0,Versa 4
2026-05-21T01:55:36Z,104.0,Versa 4
2026-05-21T01:55:38Z,103.0,Versa 4
2026-05-21T01:55:41Z,103.0,Versa 4
2026-05-21T01:55:42Z,102.0,Versa 4
2026-05-21T01:55:44Z,100.0,Versa 4
2026-05-21T01:55:46Z,97.0,Versa 4
2026-05-21T01:55:47Z,95.0,Versa 4
2026-05-21T01:55:49Z,93.0,Versa 4
2026-05-21T01:55:51Z,91.0,Versa 4
2026-05-21T01:55:53Z,89.0,Versa 4
2026-05-21T01:55:55Z,88.0,Versa 4
2026-05-21T01:55:57Z,86.0,Versa 4
2026-05-21T01:55:59Z,85.0,Versa 4
2026-05-21T01:56:02Z,85.0,Versa 4
2026-05-21T01:56:03Z,84.0,Versa 4
2026-05-21T01:56:05Z,81.0,Versa 4
2026-05-21T01:56:07Z,80.0,Versa 4
2026-05-21T01:56:09Z,78.0,Versa 4
2026-05-21T01:56:10Z,77.0,Versa 4
2026-05-21T01:56:12Z,78.0,Versa 4
2026-05-21T01:56:15Z,78.0,Versa 4
2026-05-21T01:56:16Z,82.0,Versa 4
2026-05-21T01:56:18Z,86.0,Versa 4
2026-05-21T01:56:20Z,87.0,Versa 4
2026-05-21T01:56:22Z,83.0,Versa 4
2026-05-21T01:56:24Z,80.0,Versa 4
2026-05-21T01:56:26Z,79.0,Versa 4
2026-05-21T01:56:28Z,78.0,Versa 4
2026-05-21T01:56:31Z,78.0,Versa 4
2026-05-21T01:56:34Z,78.0,Versa 4
2026-05-21T01:56:35Z,76.0,Versa 4
2026-05-21T01:56:37Z,75.0,Versa 4
2026-05-21T01:56:39Z,74.0,Versa 4
2026-05-21T01:56:41Z,72.0,Versa 4
2026-05-21T01:56:43Z,70.0,Versa 4
2026-05-21T01:56:45Z,68.0,Versa 4
2026-05-21T01:56:47Z,67.0,Versa 4
2026-05-21T01:56:49Z,68.0,Versa 4
2026-05-21T01:56:51Z,71.0,Versa 4
2026-05-21T01:56:54Z,71.0,Versa 4
2026-05-21T01:56:55Z,72.0,Versa 4
2026-05-21T01:56:57Z,73.0,Versa 4
2026-05-21T01:56:58Z,75.0,Versa 4
2026-05-21T01:57:00Z,79.0,Versa 4
2026-05-21T01:57:02Z,81.0,Versa 4
2026-05-21T01:57:05Z,81.0,Versa 4
2026-05-21T01:57:06Z,80.0,Versa 4
2026-05-21T01:57:08Z,78.0,Versa 4
2026-05-21T01:57:11Z,78.0,Versa 4
2026-05-21T01:57:12Z,80.0,Versa 4
2026-05-21T01:57:15Z,80.0,Versa 4
2026-05-21T01:57:16Z,79.0,Versa 4
2026-05-21T01:57:18Z,76.0,Versa 4
2026-05-21T01:57:20Z,74.0,Versa 4
2026-05-21T01:57:21Z,73.0,Versa 4
2026-05-21T01:57:23Z,72.0,Versa 4
2026-05-21T01:57:26Z,72.0,Versa 4
2026-05-21T01:57:27Z,74.0,Versa 4
2026-05-21T01:57:29Z,75.0,Versa 4
2026-05-21T01:57:30Z,76.0,Versa 4
2026-05-21T01:57:33Z,76.0,Versa 4
2026-05-21T01:57:34Z,77.0,Versa 4
2026-05-21T01:57:36Z,78.0,Versa 4
2026-05-21T01:57:38Z,80.0,Versa 4
2026-05-21T01:57:40Z,83.0,Versa 4
2026-05-21T01:57:42Z,85.0,Versa 4
2026-05-21T01:57:44Z,87.0,Versa 4
2026-05-21T01:58:58Z,89.0,Versa 4
2026-05-21T01:59:00Z,90.0,Versa 4
2026-05-21T01:59:02Z,93.0,Versa 4
2026-05-21T01:59:04Z,96.0,Versa 4
2026-05-21T01:59:06Z,95.0,Versa 4
2026-05-21T01:59:08Z,92.0,Versa 4
2026-05-21T01:59:10Z,94.0,Versa 4
2026-05-21T01:59:11Z,95.0,Versa 4
2026-05-21T01:59:13Z,97.0,Versa 4
2026-05-21T01:59:15Z,98.0,Versa 4
2026-05-21T01:59:17Z,95.0,Versa 4
2026-05-21T01:59:19Z,93.0,Versa 4
2026-05-21T01:59:21Z,93.0,Versa 4
2026-05-21T01:59:23Z,96.0,Versa 4
2026-05-21T01:59:25Z,98.0,Versa 4
2026-05-21T01:59:27Z,93.0,Versa 4
2026-05-21T01:59:29Z,92.0,Versa 4
2026-05-21T01:59:31Z,87.0,Versa 4
2026-05-21T01:59:33Z,81.0,Versa 4
2026-05-21T01:59:34Z,80.0,Versa 4
2026-05-21T01:59:36Z,78.0,Versa 4
2026-05-21T01:59:38Z,79.0,Versa 4
2026-05-21T01:59:40Z,81.0,Versa 4
2026-05-21T01:59:42Z,82.0,Versa 4
2026-05-21T01:59:44Z,84.0,Versa 4
2026-05-21T01:59:46Z,82.0,Versa 4
2026-05-21T01:59:48Z,94.0,Versa 4
2026-05-21T01:59:50Z,87.0,Versa 4
2026-05-21T01:59:52Z,79.0,Versa 4
2026-05-21T01:59:54Z,76.0,Versa 4
2026-05-21T01:59:56Z,74.0,Versa 4
2026-05-21T01:59:59Z,75.0,Versa 4
2026-05-21T02:00:02Z,75.0,Versa 4
2026-05-21T02:00:03Z,76.0,Versa 4
2026-05-21T02:00:06Z,76.0,Versa 4
2026-05-21T02:00:07Z,78.0,Versa 4
2026-05-21T02:00:09Z,81.0,Versa 4
2026-05-21T02:00:11Z,82.0,Versa 4
2026-05-21T02:00:13Z,80.0,Versa 4
2026-05-21T02:00:15Z,79.0,Versa 4
2026-05-21T02:00:17Z,77.0,Versa 4
2026-05-21T02:00:19Z,75.0,Versa 4
2026-05-21T02:00:21Z,74.0,Versa 4
2026-05-21T02:00:22Z,73.0,Versa 4
2026-05-21T02:00:24Z,72.0,Versa 4
2026-05-21T02:00:26Z,70.0,Versa 4
2026-05-21T02:00:28Z,69.0,Versa 4
2026-05-21T02:00:30Z,70.0,Versa 4
2026-05-21T02:00:33Z,70.0,Versa 4
2026-05-21T02:00:34Z,69.0,Versa 4
2026-05-21T02:00:37Z,69.0,Versa 4
2026-05-21T02:00:38Z,70.0,Versa 4
2026-05-21T02:00:40Z,70.0,Versa 4
2026-05-21T02:00:42Z,69.0,Versa 4
2026-05-21T02:00:45Z,69.0,Versa 4
2026-05-21T02:00:46Z,68.0,Versa 4
2026-05-21T02:00:49Z,68.0,Versa 4
2026-05-21T02:00:52Z,68.0,Versa 4
2026-05-21T02:00:55Z,68.0,Versa 4
2026-05-21T02:00:58Z,68.0,Versa 4
2026-05-21T02:01:01Z,68.0,Versa 4
2026-05-21T02:01:03Z,69.0,Versa 4
2026-05-21T02:01:05Z,71.0,Versa 4
2026-05-21T02:01:08Z,71.0,Versa 4
2026-05-21T02:01:09Z,70.0,Versa 4
2026-05-21T02:01:12Z,71.0,Versa 4
2026-05-21T02:01:14Z,70.0,Versa 4
2026-05-21T02:01:16Z,71.0,Versa 4
2026-05-21T02:01:18Z,70.0,Versa 4
2026-05-21T02:01:21Z,70.0,Versa 4
2026-05-21T02:01:24Z,70.0,Versa 4
2026-05-21T02:01:26Z,71.0,Versa 4
2026-05-21T02:01:28Z,70.0,Versa 4
2026-05-21T02:01:30Z,69.0,Versa 4
2026-05-21T02:01:33Z,69.0,Versa 4
2026-05-21T02:01:35Z,69.0,Versa 4
2026-05-21T02:01:38Z,69.0,Versa 4
2026-05-21T02:01:41Z,68.0,Versa 4
2026-05-21T02:01:43Z,67.0,Versa 4
2026-05-21T02:01:45Z,66.0,Versa 4
2026-05-21T02:01:47Z,67.0,Versa 4
2026-05-21T02:01:49Z,69.0,Versa 4
2026-05-21T02:01:51Z,69.0,Versa 4
2026-05-21T02:01:54Z,69.0,Versa 4
2026-05-21T02:01:57Z,68.0,Versa 4
2026-05-21T02:01:58Z,67.0,Versa 4
2026-05-21T02:02:01Z,67.0,Versa 4
2026-05-21T02:02:04Z,66.0,Versa 4
2026-05-21T02:02:07Z,66.0,Versa 4
2026-05-21T02:02:10Z,65.0,Versa 4
2026-05-21T02:02:12Z,64.0,Versa 4
2026-05-21T02:02:15Z,64.0,Versa 4
2026-05-21T02:02:18Z,64.0,Versa 4
2026-05-21T02:02:21Z,64.0,Versa 4
2026-05-21T02:02:24Z,64.0,Versa 4
2026-05-21T02:02:25Z,64.0,Versa 4
2026-05-21T02:02:28Z,64.0,Versa 4
2026-05-21T02:02:29Z,65.0,Versa 4
2026-05-21T02:02:31Z,69.0,Versa 4
2026-05-21T02:02:33Z,70.0,Versa 4
2026-05-21T02:02:35Z,69.0,Versa 4
2026-05-21T02:02:37Z,67.0,Versa 4
2026-05-21T02:02:39Z,66.0,Versa 4
2026-05-21T02:02:42Z,66.0,Versa 4
2026-05-21T02:02:45Z,65.0,Versa 4
2026-05-21T02:02:46Z,64.0,Versa 4
2026-05-21T02:02:49Z,64.0,Versa 4
2026-05-21T02:02:50Z,64.0,Versa 4
2026-05-21T02:02:52Z,65.0,Versa 4
2026-05-21T02:02:54Z,64.0,Versa 4
2026-05-21T02:02:57Z,64.0,Versa 4
2026-05-21T02:03:00Z,64.0,Versa 4
2026-05-21T02:03:03Z,64.0,Versa 4
2026-05-21T02:03:04Z,65.0,Versa 4
2026-05-21T02:03:06Z,67.0,Versa 4
2026-05-21T02:03:09Z,67.0,Versa 4
2026-05-21T02:03:10Z,69.0,Versa 4
2026-05-21T02:03:13Z,69.0,Versa 4
2026-05-21T02:03:15Z,70.0,Versa 4
2026-05-21T02:03:17Z,67.0,Versa 4
2026-05-21T02:03:20Z,67.0,Versa 4
2026-05-21T02:03:23Z,66.0,Versa 4
2026-05-21T02:03:26Z,66.0,Versa 4
2026-05-21T02:03:29Z,66.0,Versa 4
2026-05-21T02:03:31Z,66.0,Versa 4
2026-05-21T02:03:34Z,66.0,Versa 4
2026-05-21T02:03:37Z,66.0,Versa 4
2026-05-21T02:03:38Z,66.0,Versa 4
2026-05-21T02:03:41Z,66.0,Versa 4
2026-05-21T02:03:42Z,67.0,Versa 4
2026-05-21T02:03:44Z,68.0,Versa 4
2026-05-21T02:03:47Z,68.0,Versa 4
2026-05-21T02:03:50Z,68.0,Versa 4
2026-05-21T02:03:52Z,67.0,Versa 4
2026-05-21T02:03:54Z,66.0,Versa 4
2026-05-21T02:03:56Z,66.0,Versa 4
2026-05-21T02:03:59Z,66.0,Versa 4
2026-05-21T02:04:01Z,64.0,Versa 4
2026-05-21T02:04:04Z,64.0,Versa 4
2026-05-21T02:04:07Z,65.0,Versa 4
2026-05-21T02:04:10Z,65.0,Versa 4
2026-05-21T02:04:13Z,65.0,Versa 4
2026-05-21T02:04:15Z,64.0,Versa 4
2026-05-21T02:04:18Z,64.0,Versa 4
2026-05-21T02:04:21Z,65.0,Versa 4
2026-05-21T02:04:24Z,66.0,Versa 4
2026-05-21T02:04:27Z,66.0,Versa 4
2026-05-21T02:04:28Z,67.0,Versa 4
2026-05-21T02:04:30Z,68.0,Versa 4
2026-05-21T02:04:32Z,69.0,Versa 4
2026-05-21T02:04:34Z,70.0,Versa 4
2026-05-21T02:04:36Z,72.0,Versa 4
2026-05-21T02:04:38Z,70.0,Versa 4
2026-05-21T02:04:40Z,69.0,Versa 4
2026-05-21T02:04:43Z,69.0,Versa 4
2026-05-21T02:04:44Z,68.0,Versa 4
2026-05-21T02:04:46Z,67.0,Versa 4
2026-05-21T02:04:49Z,66.0,Versa 4
2026-05-21T02:04:52Z,66.0,Versa 4
2026-05-21T02:04:55Z,66.0,Versa 4
2026-05-21T02:04:58Z,66.0,Versa 4
2026-05-21T02:04:59Z,65.0,Versa 4
2026-05-21T02:05:02Z,65.0,Versa 4
2026-05-21T02:05:05Z,65.0,Versa 4
2026-05-21T02:05:08Z,65.0,Versa 4
2026-05-21T02:05:09Z,64.0,Versa 4
2026-05-21T02:05:10Z,65.0,Versa 4
2026-05-21T02:05:12Z,66.0,Versa 4
2026-05-21T02:05:14Z,66.0,Versa 4
2026-05-21T02:05:17Z,66.0,Versa 4
2026-05-21T02:05:20Z,66.0,Versa 4
2026-05-21T02:05:23Z,66.0,Versa 4
2026-05-21T02:05:26Z,66.0,Versa 4
2026-05-21T02:05:29Z,66.0,Versa 4
2026-05-21T02:05:32Z,67.0,Versa 4
2026-05-21T02:05:34Z,68.0,Versa 4
2026-05-21T02:05:37Z,68.0,Versa 4
2026-05-21T02:05:39Z,69.0,Versa 4
2026-05-21T02:05:42Z,69.0,Versa 4
2026-05-21T02:05:45Z,69.0,Versa 4
2026-05-21T02:05:48Z,69.0,Versa 4
2026-05-21T02:05:51Z,69.0,Versa 4
2026-05-21T02:05:54Z,69.0,Versa 4
2026-05-21T02:05:55Z,68.0,Versa 4
2026-05-21T02:05:58Z,68.0,Versa 4
2026-05-21T02:06:01Z,68.0,Versa 4
2026-05-21T02:06:04Z,66.0,Versa 4
2026-05-21T02:06:07Z,66.0,Versa 4
2026-05-21T02:06:08Z,65.0,Versa 4
2026-05-21T02:06:10Z,64.0,Versa 4
2026-05-21T02:06:13Z,64.0,Versa 4
2026-05-21T02:06:14Z,66.0,Versa 4
2026-05-21T02:06:16Z,68.0,Versa 4
2026-05-21T02:06:18Z,67.0,Versa 4
2026-05-21T02:06:21Z,67.0,Versa 4
2026-05-21T02:06:22Z,66.0,Versa 4
2026-05-21T02:06:23Z,67.0,Versa 4
2026-05-21T02:06:25Z,72.0,Versa 4
2026-05-21T02:06:27Z,76.0,Versa 4
2026-05-21T02:06:29Z,71.0,Versa 4
2026-05-21T02:06:32Z,71.0,Versa 4
2026-05-21T02:06:33Z,73.0,Versa 4
2026-05-21T02:06:35Z,71.0,Versa 4
2026-05-21T02:06:37Z,73.0,Versa 4
2026-05-21T02:06:39Z,77.0,Versa 4
2026-05-21T02:06:41Z,75.0,Versa 4
2026-05-21T02:06:43Z,78.0,Versa 4
2026-05-21T02:06:45Z,70.0,Versa 4
2026-05-21T02:06:46Z,69.0,Versa 4
2026-05-21T02:06:48Z,70.0,Versa 4
2026-05-21T02:06:51Z,70.0,Versa 4
2026-05-21T02:06:54Z,69.0,Versa 4
2026-05-21T02:06:56Z,70.0,Versa 4
2026-05-21T02:06:59Z,70.0,Versa 4
2026-05-21T02:07:00Z,71.0,Versa 4
2026-05-21T02:07:02Z,70.0,Versa 4
2026-05-21T02:07:04Z,67.0,Versa 4
2026-05-21T02:07:07Z,67.0,Versa 4
2026-05-21T02:07:08Z,66.0,Versa 4
2026-05-21T02:07:10Z,65.0,Versa 4
2026-05-21T02:07:11Z,66.0,Versa 4
2026-05-21T02:07:13Z,65.0,Versa 4
2026-05-21T02:07:16Z,65.0,Versa 4
2026-05-21T02:07:19Z,65.0,Versa 4
2026-05-21T02:07:21Z,64.0,Versa 4
2026-05-21T02:07:23Z,65.0,Versa 4
2026-05-21T02:07:25Z,64.0,Versa 4
2026-05-21T02:07:27Z,65.0,Versa 4
2026-05-21T02:07:29Z,66.0,Versa 4
2026-05-21T02:07:32Z,66.0,Versa 4
2026-05-21T02:07:33Z,67.0,Versa 4
2026-05-21T02:07:36Z,67.0,Versa 4
2026-05-21T02:07:38Z,68.0,Versa 4
2026-05-21T02:07:40Z,71.0,Versa 4
2026-05-21T02:07:42Z,81.0,Versa 4
2026-05-21T02:07:45Z,81.0,Versa 4
2026-05-21T02:07:46Z,82.0,Versa 4
2026-05-21T02:07:48Z,81.0,Versa 4
2026-05-21T02:07:50Z,80.0,Versa 4
2026-05-21T02:07:52Z,77.0,Versa 4
2026-05-21T02:07:55Z,77.0,Versa 4
2026-05-21T02:07:56Z,75.0,Versa 4
2026-05-21T02:07:58Z,74.0,Versa 4
2026-05-21T02:07:59Z,73.0,Versa 4
2026-05-21T02:08:02Z,73.0,Versa 4
2026-05-21T02:08:03Z,75.0,Versa 4
2026-05-21T02:08:05Z,74.0,Versa 4
2026-05-21T02:08:07Z,71.0,Versa 4
2026-05-21T02:08:10Z,71.0,Versa 4
2026-05-21T02:08:11Z,72.0,Versa 4
2026-05-21T02:08:14Z,72.0,Versa 4
2026-05-21T02:08:17Z,73.0,Versa 4
2026-05-21T02:08:19Z,72.0,Versa 4
2026-05-21T02:08:21Z,71.0,Versa 4
2026-05-21T02:08:24Z,72.0,Versa 4
2026-05-21T02:08:26Z,73.0,Versa 4
2026-05-21T02:08:28Z,74.0,Versa 4
2026-05-21T02:08:30Z,74.0,Versa 4
2026-05-21T02:08:33Z,74.0,Versa 4
2026-05-21T02:08:34Z,73.0,Versa 4
2026-05-21T02:08:36Z,72.0,Versa 4
2026-05-21T02:08:39Z,72.0,Versa 4
2026-05-21T02:08:42Z,72.0,Versa 4
2026-05-21T02:08:44Z,71.0,Versa 4
2026-05-21T02:08:46Z,70.0,Versa 4
2026-05-21T02:08:49Z,70.0,Versa 4
2026-05-21T02:08:52Z,70.0,Versa 4
2026-05-21T02:08:53Z,69.0,Versa 4
2026-05-21T02:08:55Z,68.0,Versa 4
2026-05-21T02:08:58Z,68.0,Versa 4
2026-05-21T02:09:01Z,68.0,Versa 4
2026-05-21T02:09:04Z,68.0,Versa 4
2026-05-21T02:09:05Z,69.0,Versa 4
2026-05-21T02:09:08Z,69.0,Versa 4
2026-05-21T02:09:10Z,68.0,Versa 4
2026-05-21T02:09:12Z,69.0,Versa 4
2026-05-21T02:09:14Z,69.0,Versa 4
2026-05-21T02:09:16Z,68.0,Versa 4
2026-05-21T02:09:18Z,68.0,Versa 4
2026-05-21T02:09:21Z,68.0,Versa 4
2026-05-21T02:09:22Z,69.0,Versa 4
2026-05-21T02:09:24Z,72.0,Versa 4
2026-05-21T02:09:27Z,72.0,Versa 4
2026-05-21T02:09:28Z,73.0,Versa 4
2026-05-21T02:09:30Z,72.0,Versa 4
2026-05-21T02:09:33Z,72.0,Versa 4
2026-05-21T02:09:35Z,71.0,Versa 4
2026-05-21T02:09:38Z,71.0,Versa 4
2026-05-21T02:09:41Z,72.0,Versa 4
2026-05-21T02:09:44Z,72.0,Versa 4
2026-05-21T02:09:45Z,73.0,Versa 4
2026-05-21T02:09:47Z,75.0,Versa 4
2026-05-21T02:09:49Z,76.0,Versa 4
2026-05-21T02:09:52Z,76.0,Versa 4
2026-05-21T02:09:53Z,77.0,Versa 4
2026-05-21T02:09:55Z,77.0,Versa 4
2026-05-21T02:09:57Z,76.0,Versa 4
2026-05-21T02:09:58Z,74.0,Versa 4
2026-05-21T02:10:00Z,74.0,Versa 4
2026-05-21T02:10:02Z,73.0,Versa 4
2026-05-21T02:10:04Z,73.0,Versa 4
2026-05-21T02:10:06Z,72.0,Versa 4
2026-05-21T02:10:08Z,71.0,Versa 4
2026-05-21T02:10:10Z,72.0,Versa 4
2026-05-21T02:10:13Z,72.0,Versa 4
2026-05-21T02:10:14Z,73.0,Versa 4
2026-05-21T02:10:17Z,73.0,Versa 4
2026-05-21T02:10:20Z,72.0,Versa 4
2026-05-21T02:10:23Z,72.0,Versa 4
2026-05-21T02:10:26Z,72.0,Versa 4
2026-05-21T02:10:29Z,72.0,Versa 4
2026-05-21T02:10:31Z,71.0,Versa 4
2026-05-21T02:10:33Z,70.0,Versa 4
2026-05-21T02:10:35Z,69.0,Versa 4
2026-05-21T02:10:38Z,69.0,Versa 4
2026-05-21T02:10:39Z,69.0,Versa 4
2026-05-21T02:10:42Z,69.0,Versa 4
2026-05-21T02:10:43Z,70.0,Versa 4
2026-05-21T02:10:45Z,72.0,Versa 4
2026-05-21T02:10:46Z,73.0,Versa 4
2026-05-21T02:10:48Z,74.0,Versa 4
2026-05-21T02:10:51Z,74.0,Versa 4
2026-05-21T02:10:52Z,73.0,Versa 4
2026-05-21T02:10:54Z,72.0,Versa 4
2026-05-21T02:10:56Z,70.0,Versa 4
2026-05-21T02:10:58Z,69.0,Versa 4
2026-05-21T02:11:01Z,69.0,Versa 4
2026-05-21T02:11:02Z,68.0,Versa 4
2026-05-21T02:11:05Z,68.0,Versa 4
2026-05-21T02:11:06Z,69.0,Versa 4
2026-05-21T02:11:09Z,69.0,Versa 4
2026-05-21T02:11:11Z,70.0,Versa 4
2026-05-21T02:11:13Z,71.0,Versa 4
2026-05-21T02:11:15Z,72.0,Versa 4
2026-05-21T02:11:18Z,72.0,Versa 4
2026-05-21T02:11:21Z,70.0,Versa 4
2026-05-21T02:11:24Z,70.0,Versa 4
2026-05-21T02:11:27Z,70.0,Versa 4
2026-05-21T02:11:29Z,70.0,Versa 4
2026-05-21T02:11:32Z,70.0,Versa 4
2026-05-21T02:11:33Z,69.0,Versa 4
2026-05-21T02:11:34Z,70.0,Versa 4
2026-05-21T02:11:37Z,70.0,Versa 4
2026-05-21T02:11:38Z,70.0,Versa 4
2026-05-21T02:11:41Z,70.0,Versa 4
2026-05-21T02:11:44Z,70.0,Versa 4
2026-05-21T02:11:47Z,70.0,Versa 4
2026-05-21T02:11:48Z,69.0,Versa 4
2026-05-21T02:11:51Z,69.0,Versa 4
2026-05-21T02:11:52Z,69.0,Versa 4
2026-05-21T02:11:55Z,69.0,Versa 4
2026-05-21T02:11:58Z,69.0,Versa 4
2026-05-21T02:11:59Z,70.0,Versa 4
2026-05-21T02:12:02Z,70.0,Versa 4
2026-05-21T02:12:05Z,69.0,Versa 4
2026-05-21T02:12:08Z,69.0,Versa 4
2026-05-21T02:12:11Z,69.0,Versa 4
2026-05-21T02:12:13Z,68.0,Versa 4
2026-05-21T02:12:16Z,68.0,Versa 4
2026-05-21T02:12:19Z,69.0,Versa 4
2026-05-21T02:12:22Z,71.0,Versa 4
2026-05-21T02:12:24Z,74.0,Versa 4
2026-05-21T02:12:26Z,72.0,Versa 4
2026-05-21T02:12:28Z,71.0,Versa 4
2026-05-21T02:12:31Z,71.0,Versa 4
2026-05-21T02:12:32Z,70.0,Versa 4
2026-05-21T02:12:35Z,70.0,Versa 4
2026-05-21T02:12:38Z,70.0,Versa 4
2026-05-21T02:12:40Z,69.0,Versa 4
2026-05-21T02:12:43Z,69.0,Versa 4
2026-05-21T02:12:46Z,69.0,Versa 4
2026-05-21T02:12:49Z,69.0,Versa 4
2026-05-21T02:12:51Z,70.0,Versa 4
2026-05-21T02:12:53Z,70.0,Versa 4
2026-05-21T02:12:56Z,70.0,Versa 4
2026-05-21T02:12:59Z,70.0,Versa 4
2026-05-21T02:13:01Z,70.0,Versa 4
2026-05-21T02:13:04Z,70.0,Versa 4
2026-05-21T02:13:07Z,70.0,Versa 4
2026-05-21T02:13:10Z,70.0,Versa 4
2026-05-21T02:13:11Z,70.0,Versa 4
2026-05-21T02:13:14Z,70.0,Versa 4
2026-05-21T02:13:17Z,70.0,Versa 4
2026-05-21T02:13:20Z,70.0,Versa 4
2026-05-21T02:13:22Z,71.0,Versa 4
2026-05-21T02:13:24Z,72.0,Versa 4
2026-05-21T02:13:27Z,72.0,Versa 4
2026-05-21T02:13:30Z,72.0,Versa 4
2026-05-21T02:13:32Z,72.0,Versa 4
2026-05-21T02:13:35Z,72.0,Versa 4
2026-05-21T02:13:38Z,72.0,Versa 4
2026-05-21T02:13:41Z,71.0,Versa 4
2026-05-21T02:13:43Z,70.0,Versa 4
2026-05-21T02:13:46Z,70.0,Versa 4
2026-05-21T02:13:47Z,72.0,Versa 4
2026-05-21T02:13:50Z,72.0,Versa 4
2026-05-21T02:13:53Z,72.0,Versa 4
2026-05-21T02:13:55Z,71.0,Versa 4
2026-05-21T02:13:57Z,72.0,Versa 4
2026-05-21T02:14:00Z,72.0,Versa 4
2026-05-21T02:14:02Z,71.0,Versa 4
2026-05-21T02:14:04Z,70.0,Versa 4
2026-05-21T02:14:07Z,70.0,Versa 4
2026-05-21T02:14:08Z,70.0,Versa 4
2026-05-21T02:14:10Z,71.0,Versa 4
2026-05-21T02:14:12Z,71.0,Versa 4
2026-05-21T02:14:15Z,71.0,Versa 4
2026-05-21T02:14:18Z,70.0,Versa 4
2026-05-21T02:14:21Z,70.0,Versa 4
2026-05-21T02:14:24Z,71.0,Versa 4
2026-05-21T02:14:25Z,72.0,Versa 4
2026-05-21T02:14:27Z,74.0,Versa 4
2026-05-21T02:14:29Z,75.0,Versa 4
2026-05-21T02:14:31Z,76.0,Versa 4
2026-05-21T02:14:33Z,77.0,Versa 4
2026-05-21T02:14:35Z,74.0,Versa 4
2026-05-21T02:14:37Z,77.0,Versa 4
2026-05-21T02:14:39Z,79.0,Versa 4
2026-05-21T02:14:41Z,78.0,Versa 4
2026-05-21T02:14:43Z,77.0,Versa 4
2026-05-21T02:14:45Z,76.0,Versa 4
2026-05-21T02:14:47Z,75.0,Versa 4
2026-05-21T02:14:48Z,74.0,Versa 4
2026-05-21T02:14:50Z,72.0,Versa 4
2026-05-21T02:14:53Z,72.0,Versa 4
2026-05-21T02:14:54Z,71.0,Versa 4
2026-05-21T02:14:57Z,71.0,Versa 4
2026-05-21T02:14:58Z,71.0,Versa 4
2026-05-21T02:15:00Z,70.0,Versa 4
2026-05-21T02:15:02Z,70.0,Versa 4
2026-05-21T02:15:04Z,70.0,Versa 4
2026-05-21T02:15:07Z,70.0,Versa 4
2026-05-21T02:15:10Z,70.0,Versa 4
2026-05-21T02:15:13Z,70.0,Versa 4
2026-05-21T02:15:16Z,70.0,Versa 4
2026-05-21T02:15:19Z,69.0,Versa 4
2026-05-21T02:15:22Z,69.0,Versa 4
2026-05-21T02:15:23Z,70.0,Versa 4
2026-05-21T02:15:26Z,70.0,Versa 4
2026-05-21T02:15:29Z,70.0,Versa 4
2026-05-21T02:15:31Z,69.0,Versa 4
2026-05-21T02:15:33Z,70.0,Versa 4
2026-05-21T02:15:36Z,70.0,Versa 4
2026-05-21T02:15:39Z,70.0,Versa 4
2026-05-21T02:15:42Z,68.0,Versa 4
2026-05-21T02:15:45Z,68.0,Versa 4
2026-05-21T02:15:48Z,68.0,Versa 4
2026-05-21T02:15:50Z,67.0,Versa 4
2026-05-21T02:15:52Z,68.0,Versa 4
2026-05-21T02:15:55Z,68.0,Versa 4
2026-05-21T02:15:56Z,69.0,Versa 4
2026-05-21T02:15:58Z,71.0,Versa 4
2026-05-21T02:16:01Z,72.0,Versa 4
2026-05-21T02:16:04Z,72.0,Versa 4
2026-05-21T02:16:07Z,73.0,Versa 4
2026-05-21T02:16:09Z,72.0,Versa 4
2026-05-21T02:16:12Z,72.0,Versa 4
2026-05-21T02:16:13Z,72.0,Versa 4
2026-05-21T02:16:15Z,72.0,Versa 4
2026-05-21T02:16:17Z,72.0,Versa 4
2026-05-21T02:16:20Z,72.0,Versa 4
2026-05-21T02:16:21Z,73.0,Versa 4
2026-05-21T02:16:23Z,72.0,Versa 4
2026-05-21T02:16:24Z,72.0,Versa 4
2026-05-21T02:16:27Z,72.0,Versa 4
2026-05-21T02:16:30Z,72.0,Versa 4
2026-05-21T02:16:32Z,73.0,Versa 4
2026-05-21T02:16:34Z,72.0,Versa 4
2026-05-21T02:16:37Z,72.0,Versa 4
2026-05-21T02:16:38Z,71.0,Versa 4
2026-05-21T02:16:40Z,71.0,Versa 4
2026-05-21T02:16:43Z,71.0,Versa 4
2026-05-21T02:16:46Z,71.0,Versa 4
2026-05-21T02:16:48Z,72.0,Versa 4
2026-05-21T02:16:51Z,73.0,Versa 4
2026-05-21T02:16:54Z,73.0,Versa 4
2026-05-21T02:16:55Z,72.0,Versa 4
2026-05-21T02:16:58Z,72.0,Versa 4
2026-05-21T02:17:01Z,72.0,Versa 4
2026-05-21T02:17:03Z,71.0,Versa 4
2026-05-21T02:17:05Z,70.0,Versa 4
2026-05-21T02:17:08Z,70.0,Versa 4
2026-05-21T02:17:09Z,71.0,Versa 4
2026-05-21T02:17:11Z,71.0,Versa 4
2026-05-21T02:17:12Z,71.0,Versa 4
2026-05-21T02:17:14Z,72.0,Versa 4
2026-05-21T02:17:17Z,72.0,Versa 4
2026-05-21T02:17:20Z,73.0,Versa 4
2026-05-21T02:17:23Z,73.0,Versa 4
2026-05-21T02:17:26Z,73.0,Versa 4
2026-05-21T02:17:28Z,72.0,Versa 4
2026-05-21T02:17:31Z,72.0,Versa 4
2026-05-21T02:17:34Z,71.0,Versa 4
2026-05-21T02:17:36Z,70.0,Versa 4
2026-05-21T02:17:39Z,70.0,Versa 4
2026-05-21T02:17:42Z,70.0,Versa 4
2026-05-21T02:17:43Z,71.0,Versa 4
2026-05-21T02:17:45Z,70.0,Versa 4
2026-05-21T02:17:47Z,69.0,Versa 4
2026-05-21T02:17:49Z,68.0,Versa 4
2026-05-21T02:17:52Z,68.0,Versa 4
2026-05-21T02:17:55Z,68.0,Versa 4
2026-05-21T02:17:58Z,68.0,Versa 4
2026-05-21T02:18:00Z,68.0,Versa 4
2026-05-21T02:18:02Z,68.0,Versa 4
2026-05-21T02:18:05Z,68.0,Versa 4
2026-05-21T02:18:08Z,68.0,Versa 4
2026-05-21T02:18:11Z,68.0,Versa 4
2026-05-21T02:18:12Z,68.0,Versa 4
2026-05-21T02:18:14Z,68.0,Versa 4
2026-05-21T02:18:17Z,68.0,Versa 4
2026-05-21T02:18:18Z,68.0,Versa 4
2026-05-21T02:18:20Z,69.0,Versa 4
2026-05-21T02:18:22Z,70.0,Versa 4
2026-05-21T02:18:24Z,71.0,Versa 4
2026-05-21T02:18:25Z,72.0,Versa 4
2026-05-21T02:18:27Z,74.0,Versa 4
2026-05-21T02:18:29Z,77.0,Versa 4
2026-05-21T02:18:31Z,79.0,Versa 4
2026-05-21T02:18:33Z,76.0,Versa 4
2026-05-21T02:18:35Z,75.0,Versa 4
2026-05-21T02:18:37Z,72.0,Versa 4
2026-05-21T02:18:40Z,72.0,Versa 4
2026-05-21T02:18:41Z,75.0,Versa 4
2026-05-21T02:18:44Z,75.0,Versa 4
2026-05-21T02:18:45Z,73.0,Versa 4
2026-05-21T02:18:47Z,71.0,Versa 4
2026-05-21T02:18:48Z,70.0,Versa 4
2026-05-21T02:18:51Z,70.0,Versa 4
2026-05-21T02:18:54Z,71.0,Versa 4
2026-05-21T02:18:57Z,71.0,Versa 4
2026-05-21T02:18:58Z,71.0,Versa 4
2026-05-21T02:19:01Z,71.0,Versa 4
2026-05-21T02:19:04Z,71.0,Versa 4
2026-05-21T02:19:07Z,71.0,Versa 4
2026-05-21T02:19:08Z,70.0,Versa 4
2026-05-21T02:19:11Z,70.0,Versa 4
2026-05-21T02:19:12Z,71.0,Versa 4
2026-05-21T02:19:13Z,71.0,Versa 4
2026-05-21T02:19:15Z,70.0,Versa 4
2026-05-21T02:19:18Z,70.0,Versa 4
2026-05-21T02:19:19Z,70.0,Versa 4
2026-05-21T02:19:22Z,70.0,Versa 4
2026-05-21T02:19:23Z,72.0,Versa 4
2026-05-21T02:19:26Z,72.0,Versa 4
2026-05-21T02:19:29Z,71.0,Versa 4
2026-05-21T02:19:31Z,72.0,Versa 4
2026-05-21T02:19:33Z,73.0,Versa 4
2026-05-21T02:19:36Z,72.0,Versa 4
2026-05-21T02:19:38Z,70.0,Versa 4
2026-05-21T02:19:40Z,69.0,Versa 4
2026-05-21T02:19:43Z,69.0,Versa 4
2026-05-21T02:19:44Z,68.0,Versa 4
2026-05-21T02:19:47Z,68.0,Versa 4
2026-05-21T02:19:50Z,67.0,Versa 4
2026-05-21T02:19:52Z,66.0,Versa 4
2026-05-21T02:19:55Z,66.0,Versa 4
2026-05-21T02:19:56Z,67.0,Versa 4
2026-05-21T02:19:58Z,68.0,Versa 4
2026-05-21T02:20:01Z,67.0,Versa 4
2026-05-21T02:20:03Z,68.0,Versa 4
2026-05-21T02:20:05Z,69.0,Versa 4
2026-05-21T02:20:07Z,71.0,Versa 4
2026-05-21T02:20:09Z,75.0,Versa 4
2026-05-21T02:20:11Z,80.0,Versa 4
2026-05-21T02:20:13Z,83.0,Versa 4
2026-05-21T02:20:15Z,84.0,Versa 4
2026-05-21T02:20:17Z,79.0,Versa 4
2026-05-21T02:20:19Z,77.0,Versa 4
2026-05-21T02:20:21Z,76.0,Versa 4
2026-05-21T02:20:23Z,74.0,Versa 4
2026-05-21T02:20:24Z,73.0,Versa 4
2026-05-21T02:20:26Z,71.0,Versa 4
2026-05-21T02:20:29Z,71.0,Versa 4
2026-05-21T02:20:32Z,70.0,Versa 4
2026-05-21T02:20:34Z,71.0,Versa 4
2026-05-21T02:20:36Z,72.0,Versa 4
2026-05-21T02:20:38Z,74.0,Versa 4
2026-05-21T02:20:40Z,78.0,Versa 4
2026-05-21T02:20:43Z,78.0,Versa 4
2026-05-21T02:20:44Z,80.0,Versa 4
2026-05-21T02:20:46Z,85.0,Versa 4
2026-05-21T02:20:48Z,86.0,Versa 4
2026-05-21T02:20:51Z,84.0,Versa 4
2026-05-21T02:20:53Z,95.0,Versa 4
2026-05-21T02:20:55Z,99.0,Versa 4
2026-05-21T02:20:58Z,99.0,Versa 4
2026-05-21T02:20:59Z,100.0,Versa 4
2026-05-21T02:21:01Z,99.0,Versa 4
2026-05-21T02:21:03Z,98.0,Versa 4
2026-05-21T02:21:05Z,95.0,Versa 4
2026-05-21T02:21:07Z,96.0,Versa 4
2026-05-21T02:21:10Z,96.0,Versa 4
2026-05-21T02:21:11Z,98.0,Versa 4
2026-05-21T02:21:12Z,100.0,Versa 4
2026-05-21T02:21:15Z,100.0,Versa 4
2026-05-21T02:21:16Z,102.0,Versa 4
2026-05-21T02:21:18Z,101.0,Versa 4
2026-05-21T02:21:20Z,96.0,Versa 4
2026-05-21T02:21:22Z,94.0,Versa 4
2026-05-21T02:21:24Z,92.0,Versa 4
2026-05-21T02:21:26Z,91.0,Versa 4
2026-05-21T02:21:28Z,94.0,Versa 4
2026-05-21T02:21:30Z,95.0,Versa 4
2026-05-21T02:21:33Z,95.0,Versa 4
2026-05-21T02:21:34Z,93.0,Versa 4
2026-05-21T02:21:36Z,90.0,Versa 4
2026-05-21T02:21:37Z,88.0,Versa 4
2026-05-21T02:21:39Z,84.0,Versa 4
2026-05-21T02:21:41Z,80.0,Versa 4
2026-05-21T02:21:43Z,76.0,Versa 4
2026-05-21T02:21:45Z,75.0,Versa 4
2026-05-21T02:21:47Z,72.0,Versa 4
2026-05-21T02:21:49Z,71.0,Versa 4
2026-05-21T02:21:51Z,73.0,Versa 4
2026-05-21T02:21:53Z,74.0,Versa 4
2026-05-21T02:21:55Z,75.0,Versa 4
2026-05-21T02:21:58Z,75.0,Versa 4
2026-05-21T02:21:59Z,74.0,Versa 4
2026-05-21T02:22:00Z,72.0,Versa 4
2026-05-21T02:22:03Z,72.0,Versa 4
2026-05-21T02:22:04Z,71.0,Versa 4
2026-05-21T02:22:06Z,70.0,Versa 4
2026-05-21T02:22:09Z,70.0,Versa 4
2026-05-21T02:22:10Z,69.0,Versa 4
2026-05-21T02:22:12Z,69.0,Versa 4
2026-05-21T02:22:14Z,70.0,Versa 4
2026-05-21T02:22:16Z,69.0,Versa 4
2026-05-21T02:22:18Z,68.0,Versa 4
2026-05-21T02:22:20Z,67.0,Versa 4
2026-05-21T02:22:22Z,67.0,Versa 4
2026-05-21T02:22:24Z,68.0,Versa 4
2026-05-21T02:22:25Z,67.0,Versa 4
2026-05-21T02:22:27Z,66.0,Versa 4
2026-05-21T02:22:30Z,66.0,Versa 4
2026-05-21T02:22:31Z,67.0,Versa 4
2026-05-21T02:22:33Z,75.0,Versa 4
2026-05-21T02:22:35Z,85.0,Versa 4
2026-05-21T02:22:37Z,97.0,Versa 4
2026-05-21T02:22:39Z,99.0,Versa 4
2026-05-21T02:22:41Z,100.0,Versa 4
2026-05-21T02:22:43Z,99.0,Versa 4
2026-05-21T02:22:45Z,97.0,Versa 4
2026-05-21T02:22:47Z,86.0,Versa 4
2026-05-21T02:22:48Z,82.0,Versa 4
2026-05-21T02:22:50Z,80.0,Versa 4
2026-05-21T02:22:52Z,77.0,Versa 4
2026-05-21T02:22:55Z,77.0,Versa 4
2026-05-21T02:22:58Z,76.0,Versa 4
2026-05-21T02:23:01Z,76.0,Versa 4
2026-05-21T02:23:02Z,77.0,Versa 4
2026-05-21T02:23:04Z,81.0,Versa 4
2026-05-21T02:23:06Z,79.0,Versa 4
2026-05-21T02:23:09Z,79.0,Versa 4
2026-05-21T02:23:10Z,83.0,Versa 4
2026-05-21T02:23:12Z,85.0,Versa 4
2026-05-21T02:23:13Z,83.0,Versa 4
2026-05-21T02:23:15Z,80.0,Versa 4
2026-05-21T02:23:17Z,82.0,Versa 4
2026-05-21T02:23:19Z,85.0,Versa 4
2026-05-21T02:23:21Z,88.0,Versa 4
2026-05-21T02:23:24Z,88.0,Versa 4
2026-05-21T02:23:25Z,87.0,Versa 4
2026-05-21T02:23:27Z,88.0,Versa 4
2026-05-21T02:23:29Z,91.0,Versa 4
2026-05-21T02:23:31Z,95.0,Versa 4
2026-05-21T02:23:33Z,100.0,Versa 4
2026-05-21T02:23:35Z,105.0,Versa 4
2026-05-21T02:23:36Z,105.0,Versa 4
2026-05-21T02:23:38Z,102.0,Versa 4
2026-05-21T02:23:41Z,102.0,Versa 4
2026-05-21T02:23:44Z,103.0,Versa 4
2026-05-21T02:23:47Z,103.0,Versa 4
2026-05-21T02:23:48Z,99.0,Versa 4
2026-05-21T02:23:50Z,96.0,Versa 4
2026-05-21T02:23:52Z,94.0,Versa 4
2026-05-21T02:23:54Z,95.0,Versa 4
2026-05-21T02:23:56Z,96.0,Versa 4
2026-05-21T02:23:58Z,98.0,Versa 4
2026-05-21T02:24:00Z,99.0,Versa 4
2026-05-21T02:24:03Z,99.0,Versa 4
2026-05-21T02:24:06Z,99.0,Versa 4
2026-05-21T02:24:07Z,100.0,Versa 4
2026-05-21T02:24:09Z,103.0,Versa 4
2026-05-21T02:24:11Z,106.0,Versa 4
2026-05-21T02:24:13Z,95.0,Versa 4
2026-05-21T02:24:15Z,84.0,Versa 4
2026-05-21T02:24:17Z,79.0,Versa 4
2026-05-21T02:24:19Z,74.0,Versa 4
2026-05-21T02:24:21Z,72.0,Versa 4
2026-05-21T02:24:23Z,71.0,Versa 4
2026-05-21T02:24:24Z,70.0,Versa 4
2026-05-21T02:24:26Z,73.0,Versa 4
2026-05-21T02:24:28Z,81.0,Versa 4
2026-05-21T02:24:30Z,87.0,Versa 4
2026-05-21T02:24:32Z,97.0,Versa 4
2026-05-21T02:24:34Z,101.0,Versa 4
2026-05-21T02:24:36Z,100.0,Versa 4
2026-05-21T02:24:38Z,101.0,Versa 4
2026-05-21T02:24:40Z,96.0,Versa 4
2026-05-21T02:24:42Z,85.0,Versa 4
2026-05-21T02:24:44Z,87.0,Versa 4
2026-05-21T02:24:46Z,84.0,Versa 4
2026-05-21T02:24:48Z,80.0,Versa 4
2026-05-21T02:24:49Z,76.0,Versa 4
2026-05-21T02:24:51Z,73.0,Versa 4
2026-05-21T02:24:53Z,71.0,Versa 4
2026-05-21T02:24:55Z,70.0,Versa 4
2026-05-21T02:24:58Z,70.0,Versa 4
2026-05-21T02:25:01Z,70.0,Versa 4
2026-05-21T02:25:03Z,71.0,Versa 4
2026-05-21T02:25:06Z,71.0,Versa 4
2026-05-21T02:25:07Z,72.0,Versa 4
2026-05-21T02:25:09Z,73.0,Versa 4
2026-05-21T02:25:11Z,74.0,Versa 4
2026-05-21T02:25:12Z,77.0,Versa 4
2026-05-21T02:25:14Z,80.0,Versa 4
2026-05-21T02:25:16Z,85.0,Versa 4
2026-05-21T02:25:18Z,89.0,Versa 4
2026-05-21T02:25:20Z,90.0,Versa 4
2026-05-21T02:25:22Z,95.0,Versa 4
2026-05-21T02:25:25Z,95.0,Versa 4
2026-05-21T02:25:26Z,100.0,Versa 4
2026-05-21T02:25:28Z,99.0,Versa 4
2026-05-21T02:25:30Z,93.0,Versa 4
2026-05-21T02:25:32Z,87.0,Versa 4
2026-05-21T02:25:34Z,82.0,Versa 4
2026-05-21T02:25:36Z,79.0,Versa 4
2026-05-21T02:25:37Z,76.0,Versa 4
2026-05-21T02:25:39Z,73.0,Versa 4
2026-05-21T02:25:41Z,71.0,Versa 4
2026-05-21T02:25:43Z,72.0,Versa 4
2026-05-21T02:25:45Z,73.0,Versa 4
2026-05-21T02:25:47Z,74.0,Versa 4
2026-05-21T02:25:49Z,78.0,Versa 4
2026-05-21T02:25:51Z,77.0,Versa 4
2026-05-21T02:25:53Z,76.0,Versa 4
2026-05-21T02:25:55Z,77.0,Versa 4
2026-05-21T02:25:57Z,76.0,Versa 4
2026-05-21T02:26:00Z,75.0,Versa 4
2026-05-21T02:26:02Z,74.0,Versa 4
2026-05-21T02:26:05Z,74.0,Versa 4
2026-05-21T02:26:06Z,75.0,Versa 4
2026-05-21T02:26:08Z,74.0,Versa 4
2026-05-21T02:26:10Z,72.0,Versa 4
2026-05-21T02:26:12Z,71.0,Versa 4
2026-05-21T02:26:14Z,69.0,Versa 4
2026-05-21T02:26:16Z,68.0,Versa 4
2026-05-21T02:26:18Z,66.0,Versa 4
2026-05-21T02:26:21Z,66.0,Versa 4
2026-05-21T02:26:22Z,65.0,Versa 4
2026-05-21T02:26:24Z,64.0,Versa 4
2026-05-21T02:26:25Z,66.0,Versa 4
2026-05-21T02:26:27Z,68.0,Versa 4
2026-05-21T02:26:29Z,72.0,Versa 4
2026-05-21T02:26:31Z,81.0,Versa 4
2026-05-21T02:26:33Z,85.0,Versa 4
2026-05-21T02:26:35Z,96.0,Versa 4
2026-05-21T02:26:37Z,95.0,Versa 4
2026-05-21T02:26:39Z,96.0,Versa 4
2026-05-21T02:26:41Z,95.0,Versa 4
2026-05-21T02:26:43Z,101.0,Versa 4
2026-05-21T02:26:45Z,100.0,Versa 4
2026-05-21T02:26:47Z,97.0,Versa 4
2026-05-21T02:26:48Z,91.0,Versa 4
2026-05-21T02:26:50Z,83.0,Versa 4
2026-05-21T02:26:52Z,79.0,Versa 4
2026-05-21T02:26:54Z,74.0,Versa 4
2026-05-21T02:26:56Z,71.0,Versa 4
2026-05-21T02:26:58Z,68.0,Versa 4
2026-05-21T02:27:00Z,66.0,Versa 4
2026-05-21T02:27:02Z,66.0,Versa 4
2026-05-21T02:27:05Z,66.0,Versa 4
2026-05-21T02:27:06Z,67.0,Versa 4
2026-05-21T02:27:08Z,70.0,Versa 4
2026-05-21T02:27:10Z,68.0,Versa 4
2026-05-21T02:27:12Z,70.0,Versa 4
2026-05-21T02:27:13Z,77.0,Versa 4
2026-05-21T02:27:15Z,85.0,Versa 4
2026-05-21T02:27:17Z,96.0,Versa 4
2026-05-21T02:27:19Z,90.0,Versa 4
2026-05-21T02:27:21Z,87.0,Versa 4
2026-05-21T02:27:23Z,86.0,Versa 4
2026-05-21T02:27:25Z,83.0,Versa 4
2026-05-21T02:27:27Z,78.0,Versa 4
2026-05-21T02:27:29Z,76.0,Versa 4
2026-05-21T02:27:31Z,73.0,Versa 4
2026-05-21T02:27:33Z,71.0,Versa 4
2026-05-21T02:27:35Z,70.0,Versa 4
2026-05-21T02:27:37Z,69.0,Versa 4
2026-05-21T02:27:38Z,68.0,Versa 4
2026-05-21T02:27:40Z,67.0,Versa 4
2026-05-21T02:27:42Z,68.0,Versa 4
2026-05-21T02:27:44Z,70.0,Versa 4
2026-05-21T02:27:46Z,82.0,Versa 4
2026-05-21T02:27:48Z,87.0,Versa 4
2026-05-21T02:27:50Z,90.0,Versa 4
2026-05-21T02:27:52Z,93.0,Versa 4
2026-05-21T02:27:54Z,100.0,Versa 4
2026-05-21T02:27:56Z,105.0,Versa 4
2026-05-21T02:27:58Z,106.0,Versa 4
2026-05-21T02:28:00Z,105.0,Versa 4
2026-05-21T02:28:02Z,106.0,Versa 4
2026-05-21T02:28:03Z,93.0,Versa 4
2026-05-21T02:28:05Z,87.0,Versa 4
2026-05-21T02:28:07Z,83.0,Versa 4
2026-05-21T02:28:09Z,78.0,Versa 4
2026-05-21T02:28:11Z,75.0,Versa 4
2026-05-21T02:28:13Z,70.0,Versa 4
2026-05-21T02:28:15Z,68.0,Versa 4
2026-05-21T02:28:17Z,66.0,Versa 4
2026-05-21T02:28:19Z,65.0,Versa 4
2026-05-21T02:28:21Z,64.0,Versa 4
2026-05-21T02:28:23Z,64.0,Versa 4
2026-05-21T02:28:26Z,64.0,Versa 4
2026-05-21T02:28:29Z,64.0,Versa 4
2026-05-21T02:28:32Z,64.0,Versa 4
2026-05-21T02:28:34Z,65.0,Versa 4
2026-05-21T02:28:37Z,65.0,Versa 4
2026-05-21T02:28:40Z,66.0,Versa 4
2026-05-21T02:28:42Z,66.0,Versa 4
2026-05-21T02:28:44Z,68.0,Versa 4
2026-05-21T02:28:46Z,70.0,Versa 4
2026-05-21T02:28:48Z,72.0,Versa 4
2026-05-21T02:28:50Z,73.0,Versa 4
2026-05-21T02:28:53Z,71.0,Versa 4
2026-05-21T02:28:55Z,70.0,Versa 4
2026-05-21T02:28:58Z,70.0,Versa 4
2026-05-21T02:28:59Z,69.0,Versa 4
2026-05-21T02:29:01Z,70.0,Versa 4
2026-05-21T02:29:03Z,72.0,Versa 4
2026-05-21T02:29:05Z,79.0,Versa 4
2026-05-21T02:29:07Z,87.0,Versa 4
2026-05-21T02:29:09Z,94.0,Versa 4
2026-05-21T02:29:11Z,100.0,Versa 4
2026-05-21T02:29:13Z,97.0,Versa 4
2026-05-21T02:29:14Z,99.0,Versa 4
2026-05-21T02:29:16Z,104.0,Versa 4
2026-05-21T02:29:18Z,102.0,Versa 4
2026-05-21T02:29:20Z,90.0,Versa 4
2026-05-21T02:29:22Z,81.0,Versa 4
2026-05-21T02:29:24Z,79.0,Versa 4
2026-05-21T02:29:26Z,77.0,Versa 4
2026-05-21T02:29:28Z,74.0,Versa 4
2026-05-21T02:29:30Z,73.0,Versa 4
2026-05-21T02:29:32Z,71.0,Versa 4
2026-05-21T02:29:34Z,74.0,Versa 4
2026-05-21T02:29:36Z,79.0,Versa 4
2026-05-21T02:29:38Z,84.0,Versa 4
2026-05-21T02:29:39Z,88.0,Versa 4
2026-05-21T02:29:41Z,92.0,Versa 4
2026-05-21T02:29:43Z,91.0,Versa 4
2026-05-21T02:29:45Z,92.0,Versa 4
2026-05-21T02:29:47Z,94.0,Versa 4
2026-05-21T02:29:49Z,88.0,Versa 4
2026-05-21T02:29:51Z,85.0,Versa 4
2026-05-21T02:29:53Z,93.0,Versa 4
2026-05-21T02:29:55Z,92.0,Versa 4
2026-05-21T02:29:57Z,90.0,Versa 4
2026-05-21T02:29:59Z,86.0,Versa 4
2026-05-21T02:30:02Z,85.0,Versa 4
2026-05-21T02:30:04Z,82.0,Versa 4
2026-05-21T02:30:06Z,82.0,Versa 4
2026-05-21T02:30:08Z,80.0,Versa 4
2026-05-21T02:30:10Z,75.0,Versa 4
2026-05-21T02:30:12Z,74.0,Versa 4
2026-05-21T02:30:15Z,74.0,Versa 4
2026-05-21T02:30:16Z,72.0,Versa 4
2026-05-21T02:30:18Z,72.0,Versa 4
2026-05-21T02:30:21Z,72.0,Versa 4
2026-05-21T02:30:22Z,72.0,Versa 4
2026-05-21T02:30:24Z,73.0,Versa 4
2026-05-21T02:30:27Z,76.0,Versa 4
2026-05-21T02:30:30Z,76.0,Versa 4
2026-05-21T02:30:31Z,74.0,Versa 4
2026-05-21T02:30:33Z,73.0,Versa 4
2026-05-21T02:30:35Z,71.0,Versa 4
2026-05-21T02:30:38Z,71.0,Versa 4
2026-05-21T02:30:41Z,70.0,Versa 4
2026-05-21T02:30:43Z,68.0,Versa 4
2026-05-21T02:30:46Z,68.0,Versa 4
2026-05-21T02:30:49Z,70.0,Versa 4
2026-05-21T02:30:50Z,71.0,Versa 4
2026-05-21T02:30:53Z,71.0,Versa 4
2026-05-21T02:30:54Z,70.0,Versa 4
2026-05-21T02:30:57Z,70.0,Versa 4
2026-05-21T02:30:58Z,71.0,Versa 4
2026-05-21T02:31:01Z,71.0,Versa 4
2026-05-21T02:31:04Z,74.0,Versa 4
2026-05-21T02:31:06Z,80.0,Versa 4
2026-05-21T02:31:08Z,84.0,Versa 4
2026-05-21T02:31:10Z,88.0,Versa 4
2026-05-21T02:31:12Z,93.0,Versa 4
2026-05-21T02:31:14Z,100.0,Versa 4
2026-05-21T02:31:15Z,103.0,Versa 4
2026-05-21T02:31:17Z,110.0,Versa 4
2026-05-21T02:31:19Z,108.0,Versa 4
2026-05-21T02:31:21Z,107.0,Versa 4
2026-05-21T02:31:23Z,102.0,Versa 4
2026-05-21T02:31:25Z,92.0,Versa 4
2026-05-21T02:31:27Z,86.0,Versa 4
2026-05-21T02:31:29Z,81.0,Versa 4
2026-05-21T02:31:31Z,78.0,Versa 4
2026-05-21T02:31:33Z,77.0,Versa 4
2026-05-21T02:31:35Z,76.0,Versa 4
2026-05-21T02:31:37Z,73.0,Versa 4
2026-05-21T02:31:38Z,71.0,Versa 4
2026-05-21T02:31:40Z,70.0,Versa 4
2026-05-21T02:31:42Z,69.0,Versa 4
2026-05-21T02:31:45Z,69.0,Versa 4
2026-05-21T02:31:46Z,70.0,Versa 4
2026-05-21T02:31:48Z,70.0,Versa 4
2026-05-21T02:31:51Z,70.0,Versa 4
2026-05-21T02:31:54Z,71.0,Versa 4
2026-05-21T02:31:57Z,71.0,Versa 4
2026-05-21T02:31:58Z,70.0,Versa 4
2026-05-21T02:32:00Z,72.0,Versa 4
2026-05-21T02:32:02Z,74.0,Versa 4
2026-05-21T02:32:03Z,75.0,Versa 4
2026-05-21T02:32:05Z,76.0,Versa 4
2026-05-21T02:32:07Z,75.0,Versa 4
2026-05-21T02:32:09Z,74.0,Versa 4
2026-05-21T02:32:12Z,74.0,Versa 4
2026-05-21T02:32:13Z,73.0,Versa 4
2026-05-21T02:32:15Z,72.0,Versa 4
2026-05-21T02:32:17Z,71.0,Versa 4
2026-05-21T02:32:19Z,70.0,Versa 4
2026-05-21T02:32:22Z,70.0,Versa 4
2026-05-21T02:32:23Z,71.0,Versa 4
2026-05-21T02:32:25Z,72.0,Versa 4
2026-05-21T02:32:28Z,72.0,Versa 4
2026-05-21T02:32:31Z,72.0,Versa 4
2026-05-21T02:32:34Z,72.0,Versa 4
2026-05-21T02:32:37Z,72.0,Versa 4
2026-05-21T02:32:40Z,72.0,Versa 4
2026-05-21T02:32:42Z,72.0,Versa 4
2026-05-21T02:32:44Z,73.0,Versa 4
2026-05-21T02:32:47Z,73.0,Versa 4
2026-05-21T02:32:50Z,72.0,Versa 4
2026-05-21T02:32:53Z,72.0,Versa 4
2026-05-21T02:32:55Z,73.0,Versa 4
2026-05-21T02:32:57Z,75.0,Versa 4
2026-05-21T02:32:59Z,78.0,Versa 4
2026-05-21T02:33:01Z,87.0,Versa 4
2026-05-21T02:33:03Z,92.0,Versa 4
2026-05-21T02:33:05Z,86.0,Versa 4
2026-05-21T02:33:07Z,81.0,Versa 4
2026-05-21T02:33:09Z,78.0,Versa 4
2026-05-21T02:33:11Z,76.0,Versa 4
2026-05-21T02:33:13Z,73.0,Versa 4
2026-05-21T02:33:14Z,70.0,Versa 4
2026-05-21T02:33:16Z,69.0,Versa 4
2026-05-21T02:33:18Z,68.0,Versa 4
2026-05-21T02:33:20Z,74.0,Versa 4
2026-05-21T02:33:22Z,84.0,Versa 4
2026-05-21T02:33:24Z,90.0,Versa 4
2026-05-21T02:33:26Z,85.0,Versa 4
2026-05-21T02:33:28Z,90.0,Versa 4
2026-05-21T02:33:30Z,91.0,Versa 4
2026-05-21T02:33:32Z,89.0,Versa 4
2026-05-21T02:33:34Z,85.0,Versa 4
2026-05-21T02:33:36Z,84.0,Versa 4
2026-05-21T02:33:38Z,82.0,Versa 4
2026-05-21T02:33:39Z,81.0,Versa 4
2026-05-21T02:33:41Z,80.0,Versa 4
2026-05-21T02:33:43Z,78.0,Versa 4
2026-05-21T02:33:45Z,77.0,Versa 4
2026-05-21T02:33:47Z,78.0,Versa 4
2026-05-21T02:33:49Z,81.0,Versa 4
2026-05-21T02:33:51Z,89.0,Versa 4
2026-05-21T02:33:53Z,97.0,Versa 4
2026-05-21T02:33:55Z,99.0,Versa 4
2026-05-21T02:33:57Z,102.0,Versa 4
2026-05-21T02:33:59Z,98.0,Versa 4
2026-05-21T02:34:01Z,103.0,Versa 4
2026-05-21T02:34:02Z,98.0,Versa 4
2026-05-21T02:34:04Z,90.0,Versa 4
2026-05-21T02:34:06Z,87.0,Versa 4
2026-05-21T02:34:08Z,84.0,Versa 4
2026-05-21T02:34:10Z,82.0,Versa 4
2026-05-21T02:34:12Z,80.0,Versa 4
2026-05-21T02:34:14Z,78.0,Versa 4
2026-05-21T02:34:16Z,76.0,Versa 4
2026-05-21T02:34:18Z,77.0,Versa 4
2026-05-21T02:34:20Z,78.0,Versa 4
2026-05-21T02:34:23Z,78.0,Versa 4
2026-05-21T02:34:24Z,81.0,Versa 4
2026-05-21T02:34:26Z,92.0,Versa 4
2026-05-21T02:34:27Z,96.0,Versa 4
2026-05-21T02:34:29Z,91.0,Versa 4
2026-05-21T02:34:31Z,88.0,Versa 4
2026-05-21T02:34:33Z,86.0,Versa 4
2026-05-21T02:34:35Z,84.0,Versa 4
2026-05-21T02:34:37Z,82.0,Versa 4
2026-05-21T02:34:39Z,80.0,Versa 4
2026-05-21T02:34:41Z,77.0,Versa 4
2026-05-21T02:34:43Z,76.0,Versa 4
2026-05-21T02:34:45Z,75.0,Versa 4
2026-05-21T02:34:48Z,75.0,Versa 4
2026-05-21T02:34:49Z,74.0,Versa 4
2026-05-21T02:34:52Z,75.0,Versa 4
2026-05-21T02:34:55Z,75.0,Versa 4
2026-05-21T02:34:56Z,76.0,Versa 4
2026-05-21T02:34:59Z,76.0,Versa 4
2026-05-21T02:35:00Z,76.0,Versa 4
2026-05-21T02:35:02Z,77.0,Versa 4
2026-05-21T02:35:04Z,76.0,Versa 4
2026-05-21T02:35:07Z,76.0,Versa 4
2026-05-21T02:35:08Z,77.0,Versa 4
2026-05-21T02:35:10Z,78.0,Versa 4
2026-05-21T02:35:12Z,80.0,Versa 4
2026-05-21T02:35:14Z,88.0,Versa 4
2026-05-21T02:35:15Z,91.0,Versa 4
2026-05-21T02:35:17Z,88.0,Versa 4
2026-05-21T02:35:19Z,86.0,Versa 4
2026-05-21T02:35:21Z,84.0,Versa 4
2026-05-21T02:35:23Z,80.0,Versa 4
2026-05-21T02:35:25Z,78.0,Versa 4
2026-05-21T02:35:27Z,75.0,Versa 4
2026-05-21T02:35:29Z,74.0,Versa 4
2026-05-21T02:35:31Z,73.0,Versa 4
2026-05-21T02:35:33Z,77.0,Versa 4
2026-05-21T02:35:35Z,84.0,Versa 4
2026-05-21T02:35:37Z,87.0,Versa 4
2026-05-21T02:35:38Z,91.0,Versa 4
2026-05-21T02:35:40Z,99.0,Versa 4
2026-05-21T02:35:42Z,103.0,Versa 4
2026-05-21T02:35:45Z,103.0,Versa 4
2026-05-21T02:35:46Z,100.0,Versa 4
2026-05-21T02:35:49Z,100.0,Versa 4
2026-05-21T02:35:52Z,102.0,Versa 4
2026-05-21T02:35:54Z,103.0,Versa 4
2026-05-21T02:35:57Z,103.0,Versa 4
2026-05-21T02:35:58Z,99.0,Versa 4
2026-05-21T02:36:00Z,98.0,Versa 4
2026-05-21T02:36:02Z,95.0,Versa 4
2026-05-21T02:36:03Z,94.0,Versa 4
2026-05-21T02:36:05Z,93.0,Versa 4
2026-05-21T02:36:07Z,94.0,Versa 4
2026-05-21T02:36:09Z,89.0,Versa 4
2026-05-21T02:36:11Z,87.0,Versa 4
2026-05-21T02:36:14Z,87.0,Versa 4
2026-05-21T02:36:15Z,88.0,Versa 4
2026-05-21T02:36:17Z,93.0,Versa 4
2026-05-21T02:36:19Z,92.0,Versa 4
2026-05-21T02:36:21Z,90.0,Versa 4
2026-05-21T02:36:23Z,84.0,Versa 4
2026-05-21T02:36:25Z,82.0,Versa 4
2026-05-21T02:36:26Z,81.0,Versa 4
2026-05-21T02:36:28Z,82.0,Versa 4
2026-05-21T02:36:30Z,83.0,Versa 4
2026-05-21T02:36:32Z,84.0,Versa 4
2026-05-21T02:36:34Z,83.0,Versa 4
2026-05-21T02:36:36Z,84.0,Versa 4
2026-05-21T02:36:39Z,84.0,Versa 4
2026-05-21T02:36:40Z,85.0,Versa 4
2026-05-21T02:36:42Z,86.0,Versa 4
2026-05-21T02:36:44Z,87.0,Versa 4
2026-05-21T02:36:46Z,91.0,Versa 4
2026-05-21T02:36:48Z,95.0,Versa 4
2026-05-21T02:36:51Z,97.0,Versa 4
2026-05-21T02:36:53Z,96.0,Versa 4
2026-05-21T02:36:56Z,96.0,Versa 4
2026-05-21T02:36:57Z,98.0,Versa 4
2026-05-21T02:36:59Z,95.0,Versa 4
2026-05-21T02:37:01Z,94.0,Versa 4
2026-05-21T02:37:03Z,95.0,Versa 4
2026-05-21T02:37:06Z,95.0,Versa 4
2026-05-21T02:37:07Z,97.0,Versa 4
2026-05-21T02:37:09Z,98.0,Versa 4
2026-05-21T02:37:12Z,98.0,Versa 4
2026-05-21T02:37:14Z,96.0,Versa 4
2026-05-21T02:37:17Z,96.0,Versa 4
2026-05-21T02:37:18Z,95.0,Versa 4
2026-05-21T02:37:20Z,92.0,Versa 4
2026-05-21T02:37:22Z,88.0,Versa 4
2026-05-21T02:37:24Z,85.0,Versa 4
2026-05-21T02:37:26Z,83.0,Versa 4
2026-05-21T02:37:28Z,81.0,Versa 4
2026-05-21T02:37:30Z,79.0,Versa 4
2026-05-21T02:37:32Z,78.0,Versa 4
2026-05-21T02:37:34Z,77.0,Versa 4
2026-05-21T02:37:36Z,76.0,Versa 4
2026-05-21T02:37:38Z,75.0,Versa 4
2026-05-21T02:37:41Z,74.0,Versa 4
2026-05-21T02:37:43Z,74.0,Versa 4
2026-05-21T02:37:45Z,73.0,Versa 4
2026-05-21T02:37:47Z,72.0,Versa 4
2026-05-21T02:37:50Z,72.0,Versa 4
2026-05-21T02:37:51Z,72.0,Versa 4
2026-05-21T02:37:54Z,72.0,Versa 4
2026-05-21T02:37:55Z,72.0,Versa 4
2026-05-21T02:37:58Z,72.0,Versa 4
2026-05-21T02:37:59Z,72.0,Versa 4
2026-05-21T02:38:02Z,70.0,Versa 4
2026-05-21T02:38:05Z,70.0,Versa 4
2026-05-21T02:38:06Z,69.0,Versa 4
2026-05-21T02:38:08Z,68.0,Versa 4
2026-05-21T02:38:10Z,68.0,Versa 4
2026-05-21T02:38:12Z,68.0,Versa 4
2026-05-21T02:38:14Z,67.0,Versa 4
2026-05-21T02:38:17Z,67.0,Versa 4
2026-05-21T02:38:18Z,66.0,Versa 4
2026-05-21T02:38:21Z,66.0,Versa 4
2026-05-21T02:38:24Z,66.0,Versa 4
2026-05-21T02:38:26Z,65.0,Versa 4
2026-05-21T02:38:27Z,66.0,Versa 4
2026-05-21T02:38:30Z,66.0,Versa 4
2026-05-21T02:38:31Z,67.0,Versa 4
2026-05-21T02:38:34Z,67.0,Versa 4
2026-05-21T02:38:35Z,69.0,Versa 4
2026-05-21T02:38:37Z,70.0,Versa 4
2026-05-21T02:38:39Z,71.0,Versa 4
2026-05-21T02:38:42Z,71.0,Versa 4
2026-05-21T02:38:43Z,80.0,Versa 4
2026-05-21T02:38:45Z,74.0,Versa 4
2026-05-21T02:38:47Z,70.0,Versa 4
2026-05-21T02:38:49Z,71.0,Versa 4
2026-05-21T02:38:52Z,69.0,Versa 4
2026-05-21T02:38:54Z,68.0,Versa 4
2026-05-21T02:38:56Z,68.0,Versa 4
2026-05-21T02:38:58Z,66.0,Versa 4
2026-05-21T02:39:01Z,66.0,Versa 4
2026-05-21T02:39:02Z,66.0,Versa 4
2026-05-21T02:39:05Z,66.0,Versa 4
2026-05-21T02:39:06Z,65.0,Versa 4
2026-05-21T02:39:08Z,66.0,Versa 4
2026-05-21T02:39:11Z,66.0,Versa 4
2026-05-21T02:39:12Z,65.0,Versa 4
2026-05-21T02:39:15Z,64.0,Versa 4
2026-05-21T02:39:18Z,64.0,Versa 4
2026-05-21T02:39:19Z,64.0,Versa 4
2026-05-21T02:39:21Z,64.0,Versa 4
2026-05-21T02:39:24Z,64.0,Versa 4
2026-05-21T02:39:27Z,63.0,Versa 4
2026-05-21T02:39:29Z,62.0,Versa 4
2026-05-21T02:39:31Z,63.0,Versa 4
2026-05-21T02:39:34Z,63.0,Versa 4
2026-05-21T02:39:35Z,64.0,Versa 4
2026-05-21T02:39:38Z,64.0,Versa 4
2026-05-21T02:39:41Z,64.0,Versa 4
2026-05-21T02:39:42Z,64.0,Versa 4
2026-05-21T02:39:45Z,64.0,Versa 4
2026-05-21T02:39:48Z,64.0,Versa 4
2026-05-21T02:39:51Z,64.0,Versa 4
2026-05-21T02:39:54Z,64.0,Versa 4
2026-05-21T02:39:56Z,63.0,Versa 4
2026-05-21T02:39:59Z,63.0,Versa 4
2026-05-21T02:40:00Z,64.0,Versa 4
2026-05-21T02:40:03Z,64.0,Versa 4
2026-05-21T02:40:06Z,64.0,Versa 4
2026-05-21T02:40:09Z,64.0,Versa 4
2026-05-21T02:40:11Z,64.0,Versa 4
2026-05-21T02:40:13Z,65.0,Versa 4
2026-05-21T02:40:15Z,66.0,Versa 4
2026-05-21T02:40:17Z,67.0,Versa 4
2026-05-21T02:40:19Z,68.0,Versa 4
2026-05-21T02:40:21Z,69.0,Versa 4
2026-05-21T02:40:23Z,69.0,Versa 4
2026-05-21T02:40:25Z,69.0,Versa 4
2026-05-21T02:40:26Z,68.0,Versa 4
2026-05-21T02:40:28Z,66.0,Versa 4
2026-05-21T02:40:31Z,66.0,Versa 4
2026-05-21T02:40:34Z,65.0,Versa 4
2026-05-21T02:40:36Z,64.0,Versa 4
2026-05-21T02:40:39Z,64.0,Versa 4
2026-05-21T02:40:40Z,64.0,Versa 4
2026-05-21T02:40:43Z,64.0,Versa 4
2026-05-21T02:40:46Z,64.0,Versa 4
2026-05-21T02:40:49Z,64.0,Versa 4
2026-05-21T02:40:52Z,64.0,Versa 4
2026-05-21T02:40:55Z,64.0,Versa 4
2026-05-21T02:40:58Z,64.0,Versa 4
2026-05-21T02:41:01Z,64.0,Versa 4
2026-05-21T02:41:03Z,65.0,Versa 4
2026-05-21T02:41:05Z,66.0,Versa 4
2026-05-21T02:41:08Z,66.0,Versa 4
2026-05-21T02:41:09Z,65.0,Versa 4
2026-05-21T02:41:12Z,65.0,Versa 4
2026-05-21T02:41:14Z,64.0,Versa 4
2026-05-21T02:41:17Z,64.0,Versa 4
2026-05-21T02:41:20Z,64.0,Versa 4
2026-05-21T02:41:23Z,64.0,Versa 4
2026-05-21T02:41:26Z,64.0,Versa 4
2026-05-21T02:41:28Z,63.0,Versa 4
2026-05-21T02:41:31Z,63.0,Versa 4
2026-05-21T02:41:32Z,63.0,Versa 4
2026-05-21T02:41:35Z,63.0,Versa 4
2026-05-21T02:41:38Z,63.0,Versa 4
2026-05-21T02:41:39Z,62.0,Versa 4
2026-05-21T02:41:42Z,62.0,Versa 4
2026-05-21T02:41:43Z,63.0,Versa 4
2026-05-21T02:41:46Z,63.0,Versa 4
2026-05-21T02:41:47Z,64.0,Versa 4
2026-05-21T02:41:50Z,64.0,Versa 4
2026-05-21T02:41:53Z,64.0,Versa 4
2026-05-21T02:41:56Z,64.0,Versa 4
2026-05-21T02:41:59Z,64.0,Versa 4
2026-05-21T02:42:02Z,64.0,Versa 4
2026-05-21T02:42:05Z,64.0,Versa 4
2026-05-21T02:42:08Z,64.0,Versa 4
2026-05-21T02:42:11Z,64.0,Versa 4
2026-05-21T02:42:14Z,64.0,Versa 4
2026-05-21T02:42:16Z,64.0,Versa 4
2026-05-21T02:42:19Z,64.0,Versa 4
2026-05-21T02:42:22Z,64.0,Versa 4
2026-05-21T02:42:25Z,64.0,Versa 4
2026-05-21T02:42:28Z,64.0,Versa 4
2026-05-21T02:42:31Z,64.0,Versa 4
2026-05-21T02:42:34Z,64.0,Versa 4
2026-05-21T02:42:35Z,64.0,Versa 4
2026-05-21T02:42:38Z,64.0,Versa 4
2026-05-21T02:42:41Z,64.0,Versa 4
2026-05-21T02:42:42Z,64.0,Versa 4
2026-05-21T02:42:44Z,65.0,Versa 4
2026-05-21T02:42:46Z,66.0,Versa 4
2026-05-21T02:42:47Z,67.0,Versa 4
2026-05-21T02:42:49Z,68.0,Versa 4
2026-05-21T02:42:52Z,68.0,Versa 4
2026-05-21T02:42:53Z,68.0,Versa 4
2026-05-21T02:42:56Z,68.0,Versa 4
2026-05-21T02:42:59Z,68.0,Versa 4
2026-05-21T02:43:01Z,67.0,Versa 4
2026-05-21T02:43:03Z,66.0,Versa 4
2026-05-21T02:43:06Z,66.0,Versa 4
2026-05-21T02:43:09Z,66.0,Versa 4
2026-05-21T02:43:10Z,65.0,Versa 4
2026-05-21T02:43:13Z,65.0,Versa 4
2026-05-21T02:43:14Z,64.0,Versa 4
2026-05-21T02:43:17Z,64.0,Versa 4
2026-05-21T02:43:20Z,64.0,Versa 4
2026-05-21T02:43:23Z,64.0,Versa 4
2026-05-21T02:43:26Z,64.0,Versa 4
2026-05-21T02:43:29Z,64.0,Versa 4
2026-05-21T02:43:32Z,64.0,Versa 4
2026-05-21T02:43:35Z,64.0,Versa 4
2026-05-21T02:43:38Z,64.0,Versa 4
2026-05-21T02:43:41Z,65.0,Versa 4
2026-05-21T02:43:44Z,65.0,Versa 4
2026-05-21T02:43:47Z,66.0,Versa 4
2026-05-21T02:43:49Z,66.0,Versa 4
2026-05-21T02:43:52Z,66.0,Versa 4
2026-05-21T02:43:55Z,66.0,Versa 4
2026-05-21T02:43:57Z,66.0,Versa 4
2026-05-21T02:43:58Z,66.0,Versa 4
2026-05-21T02:44:01Z,66.0,Versa 4
2026-05-21T02:44:04Z,66.0,Versa 4
2026-05-21T02:44:06Z,65.0,Versa 4
2026-05-21T02:44:08Z,66.0,Versa 4
2026-05-21T02:44:11Z,66.0,Versa 4
2026-05-21T02:44:12Z,66.0,Versa 4
2026-05-21T02:44:15Z,66.0,Versa 4
2026-05-21T02:44:18Z,66.0,Versa 4
2026-05-21T02:44:20Z,66.0,Versa 4
2026-05-21T02:44:23Z,66.0,Versa 4
2026-05-21T02:44:26Z,66.0,Versa 4
2026-05-21T02:44:29Z,66.0,Versa 4
2026-05-21T02:44:32Z,66.0,Versa 4
2026-05-21T02:44:35Z,66.0,Versa 4
2026-05-21T02:44:38Z,66.0,Versa 4
2026-05-21T02:44:39Z,66.0,Versa 4
2026-05-21T02:44:42Z,66.0,Versa 4
2026-05-21T02:44:45Z,66.0,Versa 4
2026-05-21T02:44:46Z,66.0,Versa 4
2026-05-21T02:44:48Z,66.0,Versa 4
2026-05-21T02:44:50Z,66.0,Versa 4
2026-05-21T02:44:52Z,65.0,Versa 4
2026-05-21T02:44:54Z,65.0,Versa 4
2026-05-21T02:44:56Z,65.0,Versa 4
2026-05-21T02:44:58Z,66.0,Versa 4
2026-05-21T02:45:00Z,65.0,Versa 4
2026-05-21T02:45:03Z,65.0,Versa 4
2026-05-21T02:45:04Z,64.0,Versa 4
2026-05-21T02:45:07Z,64.0,Versa 4
2026-05-21T02:45:08Z,64.0,Versa 4
2026-05-21T02:45:11Z,65.0,Versa 4
2026-05-21T02:45:13Z,66.0,Versa 4
2026-05-21T02:45:16Z,66.0,Versa 4
2026-05-21T02:45:17Z,69.0,Versa 4
2026-05-21T02:45:19Z,70.0,Versa 4
2026-05-21T02:45:22Z,70.0,Versa 4
2026-05-21T02:45:23Z,68.0,Versa 4
2026-05-21T02:45:26Z,68.0,Versa 4
2026-05-21T02:45:29Z,68.0,Versa 4
2026-05-21T02:45:32Z,68.0,Versa 4
2026-05-21T02:45:34Z,68.0,Versa 4
2026-05-21T02:45:36Z,67.0,Versa 4
2026-05-21T02:45:38Z,67.0,Versa 4
2026-05-21T02:45:41Z,67.0,Versa 4
2026-05-21T02:45:44Z,66.0,Versa 4
2026-05-21T02:45:46Z,65.0,Versa 4
2026-05-21T02:45:48Z,64.0,Versa 4
2026-05-21T02:45:51Z,64.0,Versa 4
2026-05-21T02:45:54Z,64.0,Versa 4
2026-05-21T02:45:56Z,64.0,Versa 4
2026-05-21T02:45:59Z,64.0,Versa 4
2026-05-21T02:46:02Z,64.0,Versa 4
2026-05-21T02:46:05Z,64.0,Versa 4
2026-05-21T02:46:07Z,64.0,Versa 4
2026-05-21T02:46:09Z,65.0,Versa 4
2026-05-21T02:46:12Z,65.0,Versa 4
2026-05-21T02:46:13Z,64.0,Versa 4
2026-05-21T02:46:16Z,64.0,Versa 4
2026-05-21T02:46:19Z,64.0,Versa 4
2026-05-21T02:46:21Z,65.0,Versa 4
2026-05-21T02:46:22Z,65.0,Versa 4
2026-05-21T02:46:24Z,66.0,Versa 4
2026-05-21T02:46:27Z,66.0,Versa 4
2026-05-21T02:46:28Z,66.0,Versa 4
2026-05-21T02:46:31Z,66.0,Versa 4
2026-05-21T02:46:34Z,66.0,Versa 4
2026-05-21T02:46:37Z,66.0,Versa 4
2026-05-21T02:46:40Z,66.0,Versa 4
2026-05-21T02:46:43Z,66.0,Versa 4
2026-05-21T02:46:46Z,66.0,Versa 4
2026-05-21T02:46:47Z,67.0,Versa 4
2026-05-21T02:46:50Z,67.0,Versa 4
2026-05-21T02:46:51Z,69.0,Versa 4
2026-05-21T02:46:53Z,72.0,Versa 4
2026-05-21T02:46:55Z,73.0,Versa 4
2026-05-21T02:46:57Z,70.0,Versa 4
2026-05-21T02:46:59Z,71.0,Versa 4
2026-05-21T02:47:01Z,72.0,Versa 4
2026-05-21T02:47:03Z,72.0,Versa 4
2026-05-21T02:47:05Z,71.0,Versa 4
2026-05-21T02:47:07Z,70.0,Versa 4
2026-05-21T02:47:10Z,70.0,Versa 4
2026-05-21T02:47:12Z,68.0,Versa 4
2026-05-21T02:47:14Z,68.0,Versa 4
2026-05-21T02:47:16Z,67.0,Versa 4
2026-05-21T02:47:18Z,66.0,Versa 4
2026-05-21T02:47:21Z,66.0,Versa 4
2026-05-21T02:47:22Z,65.0,Versa 4
2026-05-21T02:47:24Z,64.0,Versa 4
2026-05-21T02:47:27Z,64.0,Versa 4
2026-05-21T02:47:30Z,65.0,Versa 4
2026-05-21T02:47:32Z,65.0,Versa 4
2026-05-21T02:47:34Z,65.0,Versa 4
2026-05-21T02:47:37Z,66.0,Versa 4
2026-05-21T02:47:40Z,66.0,Versa 4
2026-05-21T02:47:43Z,66.0,Versa 4
2026-05-21T02:47:46Z,66.0,Versa 4
2026-05-21T02:47:47Z,65.0,Versa 4
2026-05-21T02:47:49Z,66.0,Versa 4
2026-05-21T02:47:52Z,66.0,Versa 4
2026-05-21T02:47:55Z,66.0,Versa 4
2026-05-21T02:47:58Z,66.0,Versa 4
2026-05-21T02:48:01Z,66.0,Versa 4
2026-05-21T02:48:02Z,66.0,Versa 4
2026-05-21T02:48:05Z,66.0,Versa 4
2026-05-21T02:48:08Z,66.0,Versa 4
2026-05-21T02:48:10Z,65.0,Versa 4
2026-05-21T02:48:13Z,65.0,Versa 4
2026-05-21T02:48:14Z,66.0,Versa 4
2026-05-21T02:48:17Z,66.0,Versa 4
2026-05-21T02:48:18Z,65.0,Versa 4
2026-05-21T02:48:20Z,64.0,Versa 4
2026-05-21T02:48:23Z,64.0,Versa 4
2026-05-21T02:48:26Z,64.0,Versa 4
2026-05-21T02:48:29Z,64.0,Versa 4
2026-05-21T02:48:31Z,65.0,Versa 4
2026-05-21T02:48:34Z,65.0,Versa 4
2026-05-21T02:48:37Z,65.0,Versa 4
2026-05-21T02:48:40Z,65.0,Versa 4
2026-05-21T02:48:41Z,66.0,Versa 4
2026-05-21T02:48:44Z,66.0,Versa 4
2026-05-21T02:48:47Z,66.0,Versa 4
2026-05-21T02:48:50Z,66.0,Versa 4
2026-05-21T02:48:53Z,66.0,Versa 4
2026-05-21T02:48:54Z,67.0,Versa 4
2026-05-21T02:48:57Z,67.0,Versa 4
2026-05-21T02:48:58Z,66.0,Versa 4
2026-05-21T02:49:01Z,66.0,Versa 4
2026-05-21T02:49:04Z,66.0,Versa 4
2026-05-21T02:49:07Z,66.0,Versa 4
2026-05-21T02:49:08Z,66.0,Versa 4
2026-05-21T02:49:11Z,66.0,Versa 4
2026-05-21T02:49:13Z,67.0,Versa 4
2026-05-21T02:49:16Z,67.0,Versa 4
2026-05-21T02:49:19Z,67.0,Versa 4
2026-05-21T02:49:21Z,68.0,Versa 4
2026-05-21T02:49:24Z,68.0,Versa 4
2026-05-21T02:49:27Z,67.0,Versa 4
2026-05-21T02:49:29Z,66.0,Versa 4
2026-05-21T02:49:31Z,67.0,Versa 4
2026-05-21T02:49:33Z,68.0,Versa 4
2026-05-21T02:49:36Z,68.0,Versa 4
2026-05-21T02:49:38Z,67.0,Versa 4
2026-05-21T02:49:40Z,68.0,Versa 4
2026-05-21T02:49:43Z,68.0,Versa 4
2026-05-21T02:49:44Z,70.0,Versa 4
2026-05-21T02:49:46Z,70.0,Versa 4
2026-05-21T02:49:48Z,71.0,Versa 4
2026-05-21T02:49:50Z,70.0,Versa 4
2026-05-21T02:49:52Z,68.0,Versa 4
2026-05-21T02:49:54Z,68.0,Versa 4
2026-05-21T02:49:57Z,68.0,Versa 4
2026-05-21T02:49:58Z,68.0,Versa 4
2026-05-21T02:49:59Z,67.0,Versa 4
2026-05-21T02:50:02Z,67.0,Versa 4
2026-05-21T02:50:03Z,66.0,Versa 4
2026-05-21T02:50:06Z,66.0,Versa 4
2026-05-21T02:50:07Z,67.0,Versa 4
2026-05-21T02:50:09Z,68.0,Versa 4
2026-05-21T02:50:11Z,67.0,Versa 4
2026-05-21T02:50:13Z,66.0,Versa 4
2026-05-21T02:50:15Z,67.0,Versa 4
2026-05-21T02:50:17Z,68.0,Versa 4
2026-05-21T02:50:20Z,68.0,Versa 4
2026-05-21T02:50:23Z,68.0,Versa 4
2026-05-21T02:50:24Z,67.0,Versa 4
2026-05-21T02:50:26Z,67.0,Versa 4
2026-05-21T02:50:29Z,67.0,Versa 4
2026-05-21T02:50:30Z,66.0,Versa 4
2026-05-21T02:50:33Z,66.0,Versa 4
2026-05-21T02:50:36Z,66.0,Versa 4
2026-05-21T02:50:39Z,66.0,Versa 4
2026-05-21T02:50:42Z,66.0,Versa 4
2026-05-21T02:50:45Z,66.0,Versa 4
2026-05-21T02:50:48Z,66.0,Versa 4
2026-05-21T02:50:51Z,66.0,Versa 4
2026-05-21T02:50:54Z,66.0,Versa 4
2026-05-21T02:50:57Z,66.0,Versa 4
2026-05-21T02:51:00Z,66.0,Versa 4
2026-05-21T02:51:03Z,66.0,Versa 4
2026-05-21T02:51:06Z,66.0,Versa 4
2026-05-21T02:51:09Z,67.0,Versa 4
2026-05-21T02:51:12Z,67.0,Versa 4
2026-05-21T02:51:15Z,67.0,Versa 4
2026-05-21T02:51:16Z,67.0,Versa 4
2026-05-21T02:51:18Z,66.0,Versa 4
2026-05-21T02:51:21Z,66.0,Versa 4
2026-05-21T02:51:24Z,66.0,Versa 4
2026-05-21T02:51:27Z,66.0,Versa 4
2026-05-21T02:51:30Z,66.0,Versa 4
2026-05-21T02:51:32Z,67.0,Versa 4
2026-05-21T02:51:34Z,68.0,Versa 4
2026-05-21T02:51:37Z,68.0,Versa 4
2026-05-21T02:51:40Z,68.0,Versa 4
2026-05-21T02:51:43Z,68.0,Versa 4
2026-05-21T02:51:46Z,68.0,Versa 4
2026-05-21T02:51:49Z,68.0,Versa 4
2026-05-21T02:51:52Z,68.0,Versa 4
2026-05-21T02:51:53Z,69.0,Versa 4
2026-05-21T02:51:56Z,69.0,Versa 4
2026-05-21T02:51:58Z,70.0,Versa 4
2026-05-21T02:52:00Z,72.0,Versa 4
2026-05-21T02:52:02Z,73.0,Versa 4
2026-05-21T02:52:04Z,72.0,Versa 4
2026-05-21T02:52:07Z,72.0,Versa 4
2026-05-21T02:52:08Z,70.0,Versa 4
2026-05-21T02:52:11Z,70.0,Versa 4
2026-05-21T02:52:14Z,69.0,Versa 4
2026-05-21T02:52:16Z,68.0,Versa 4
2026-05-21T02:52:19Z,68.0,Versa 4
2026-05-21T02:52:22Z,68.0,Versa 4
2026-05-21T02:52:23Z,67.0,Versa 4
2026-05-21T02:52:26Z,67.0,Versa 4
2026-05-21T02:52:27Z,66.0,Versa 4
2026-05-21T02:52:30Z,66.0,Versa 4
2026-05-21T02:52:33Z,66.0,Versa 4
2026-05-21T02:52:36Z,66.0,Versa 4
2026-05-21T02:52:37Z,67.0,Versa 4
2026-05-21T02:52:40Z,67.0,Versa 4
2026-05-21T02:52:41Z,66.0,Versa 4
2026-05-21T02:52:44Z,66.0,Versa 4
2026-05-21T02:52:47Z,66.0,Versa 4
2026-05-21T02:52:50Z,66.0,Versa 4
2026-05-21T02:52:53Z,66.0,Versa 4
2026-05-21T02:52:54Z,67.0,Versa 4
2026-05-21T02:52:56Z,68.0,Versa 4
2026-05-21T02:52:59Z,68.0,Versa 4
2026-05-21T02:53:02Z,68.0,Versa 4
2026-05-21T02:53:04Z,70.0,Versa 4
2026-05-21T02:53:07Z,70.0,Versa 4
2026-05-21T02:53:08Z,69.0,Versa 4
2026-05-21T02:53:10Z,68.0,Versa 4
2026-05-21T02:53:11Z,69.0,Versa 4
2026-05-21T02:53:14Z,69.0,Versa 4
2026-05-21T02:53:15Z,68.0,Versa 4
2026-05-21T02:53:17Z,69.0,Versa 4
2026-05-21T02:53:20Z,69.0,Versa 4
2026-05-21T02:53:23Z,69.0,Versa 4
2026-05-21T02:53:25Z,68.0,Versa 4
2026-05-21T02:53:28Z,68.0,Versa 4
2026-05-21T02:53:31Z,68.0,Versa 4
2026-05-21T02:53:34Z,68.0,Versa 4
2026-05-21T02:53:37Z,68.0,Versa 4
2026-05-21T02:53:40Z,67.0,Versa 4
2026-05-21T02:53:43Z,67.0,Versa 4
2026-05-21T02:53:44Z,68.0,Versa 4
2026-05-21T02:53:47Z,68.0,Versa 4
2026-05-21T02:53:50Z,68.0,Versa 4
2026-05-21T02:53:52Z,69.0,Versa 4
2026-05-21T02:53:54Z,70.0,Versa 4
2026-05-21T02:53:57Z,70.0,Versa 4
2026-05-21T02:53:59Z,69.0,Versa 4
2026-05-21T02:54:01Z,68.0,Versa 4
2026-05-21T02:54:03Z,69.0,Versa 4
2026-05-21T02:54:05Z,69.0,Versa 4
2026-05-21T02:54:07Z,68.0,Versa 4
2026-05-21T02:54:10Z,68.0,Versa 4
2026-05-21T02:54:13Z,68.0,Versa 4
2026-05-21T02:54:16Z,68.0,Versa 4
2026-05-21T02:54:19Z,67.0,Versa 4
2026-05-21T02:54:22Z,67.0,Versa 4
2026-05-21T02:54:25Z,67.0,Versa 4
2026-05-21T02:54:28Z,66.0,Versa 4
2026-05-21T02:54:31Z,66.0,Versa 4
2026-05-21T02:54:34Z,66.0,Versa 4
2026-05-21T02:54:36Z,66.0,Versa 4
2026-05-21T02:54:38Z,67.0,Versa 4
2026-05-21T02:54:40Z,68.0,Versa 4
2026-05-21T02:54:43Z,68.0,Versa 4
2026-05-21T02:54:46Z,68.0,Versa 4
2026-05-21T02:54:49Z,68.0,Versa 4
2026-05-21T02:54:52Z,68.0,Versa 4
2026-05-21T02:54:53Z,67.0,Versa 4
2026-05-21T02:54:55Z,66.0,Versa 4
2026-05-21T02:54:57Z,67.0,Versa 4
2026-05-21T02:54:59Z,68.0,Versa 4
2026-05-21T02:55:02Z,68.0,Versa 4
2026-05-21T02:55:03Z,69.0,Versa 4
2026-05-21T02:55:05Z,70.0,Versa 4
2026-05-21T02:55:07Z,72.0,Versa 4
2026-05-21T02:55:10Z,72.0,Versa 4
2026-05-21T02:55:12Z,71.0,Versa 4
2026-05-21T02:55:14Z,71.0,Versa 4
2026-05-21T02:55:16Z,72.0,Versa 4
2026-05-21T02:55:18Z,73.0,Versa 4
2026-05-21T02:55:21Z,73.0,Versa 4
2026-05-21T02:55:24Z,71.0,Versa 4
2026-05-21T02:55:26Z,70.0,Versa 4
2026-05-21T02:55:29Z,70.0,Versa 4
2026-05-21T02:55:30Z,69.0,Versa 4
2026-05-21T02:55:32Z,68.0,Versa 4
2026-05-21T02:55:34Z,69.0,Versa 4
2026-05-21T02:55:35Z,69.0,Versa 4
2026-05-21T02:55:37Z,68.0,Versa 4
2026-05-21T02:55:40Z,68.0,Versa 4
2026-05-21T02:55:41Z,69.0,Versa 4
2026-05-21T02:55:44Z,69.0,Versa 4
2026-05-21T02:55:47Z,70.0,Versa 4
2026-05-21T02:55:50Z,70.0,Versa 4
2026-05-21T02:55:53Z,70.0,Versa 4
2026-05-21T02:55:55Z,69.0,Versa 4
2026-05-21T02:55:58Z,69.0,Versa 4
2026-05-21T02:56:00Z,68.0,Versa 4
2026-05-21T02:56:02Z,69.0,Versa 4
2026-05-21T02:56:05Z,69.0,Versa 4
2026-05-21T02:56:08Z,69.0,Versa 4
2026-05-21T02:56:10Z,70.0,Versa 4
2026-05-21T02:56:12Z,71.0,Versa 4
2026-05-21T02:56:14Z,72.0,Versa 4
2026-05-21T02:56:16Z,71.0,Versa 4
2026-05-21T02:56:18Z,72.0,Versa 4
2026-05-21T02:56:20Z,73.0,Versa 4
2026-05-21T02:56:22Z,74.0,Versa 4
2026-05-21T02:56:25Z,74.0,Versa 4
2026-05-21T02:56:27Z,73.0,Versa 4
2026-05-21T02:56:30Z,73.0,Versa 4
2026-05-21T02:56:33Z,72.0,Versa 4
2026-05-21T02:56:36Z,72.0,Versa 4
2026-05-21T02:56:39Z,71.0,Versa 4
2026-05-21T02:56:41Z,70.0,Versa 4
2026-05-21T02:56:44Z,70.0,Versa 4
2026-05-21T02:56:47Z,70.0,Versa 4
2026-05-21T02:56:50Z,70.0,Versa 4
2026-05-21T02:56:53Z,70.0,Versa 4
2026-05-21T02:56:56Z,70.0,Versa 4
2026-05-21T02:56:59Z,70.0,Versa 4
2026-05-21T02:57:02Z,70.0,Versa 4
2026-05-21T02:57:05Z,70.0,Versa 4
2026-05-21T02:57:08Z,70.0,Versa 4
2026-05-21T02:57:10Z,70.0,Versa 4
2026-05-21T02:57:13Z,70.0,Versa 4
2026-05-21T02:57:15Z,69.0,Versa 4
2026-05-21T02:57:17Z,68.0,Versa 4
2026-05-21T02:57:20Z,68.0,Versa 4
2026-05-21T02:57:23Z,68.0,Versa 4
2026-05-21T02:57:26Z,68.0,Versa 4
2026-05-21T02:57:29Z,68.0,Versa 4
2026-05-21T02:57:32Z,68.0,Versa 4
2026-05-21T02:57:33Z,69.0,Versa 4
2026-05-21T02:57:36Z,68.0,Versa 4
2026-05-21T02:57:39Z,68.0,Versa 4
2026-05-21T02:57:42Z,68.0,Versa 4
2026-05-21T02:57:43Z,67.0,Versa 4
2026-05-21T02:57:45Z,68.0,Versa 4
2026-05-21T02:57:48Z,68.0,Versa 4
2026-05-21T02:57:49Z,67.0,Versa 4
2026-05-21T02:57:52Z,67.0,Versa 4
2026-05-21T02:57:55Z,66.0,Versa 4
2026-05-21T02:57:58Z,66.0,Versa 4
2026-05-21T02:58:01Z,66.0,Versa 4
2026-05-21T02:58:04Z,67.0,Versa 4
2026-05-21T02:58:06Z,68.0,Versa 4
2026-05-21T02:58:08Z,70.0,Versa 4
2026-05-21T02:58:11Z,70.0,Versa 4
2026-05-21T02:58:12Z,69.0,Versa 4
2026-05-21T02:58:14Z,68.0,Versa 4
2026-05-21T02:58:17Z,68.0,Versa 4
2026-05-21T02:58:20Z,68.0,Versa 4
2026-05-21T02:58:23Z,68.0,Versa 4
2026-05-21T02:58:25Z,67.0,Versa 4
2026-05-21T02:58:27Z,68.0,Versa 4
2026-05-21T02:58:30Z,68.0,Versa 4
2026-05-21T02:58:33Z,68.0,Versa 4
2026-05-21T02:58:35Z,67.0,Versa 4
2026-05-21T02:58:37Z,66.0,Versa 4
2026-05-21T02:58:40Z,66.0,Versa 4
2026-05-21T02:58:41Z,67.0,Versa 4
2026-05-21T02:58:43Z,68.0,Versa 4
2026-05-21T02:58:45Z,69.0,Versa 4
2026-05-21T02:58:47Z,68.0,Versa 4
2026-05-21T02:58:50Z,68.0,Versa 4
2026-05-21T02:58:53Z,68.0,Versa 4
2026-05-21T02:58:54Z,69.0,Versa 4
2026-05-21T02:58:56Z,68.0,Versa 4
2026-05-21T02:58:59Z,68.0,Versa 4
2026-05-21T02:59:00Z,66.0,Versa 4
2026-05-21T02:59:03Z,66.0,Versa 4
2026-05-21T02:59:04Z,67.0,Versa 4
2026-05-21T02:59:07Z,67.0,Versa 4
2026-05-21T02:59:08Z,66.0,Versa 4
2026-05-21T02:59:11Z,66.0,Versa 4
2026-05-21T02:59:14Z,66.0,Versa 4
2026-05-21T02:59:15Z,67.0,Versa 4
2026-05-21T02:59:18Z,67.0,Versa 4
2026-05-21T02:59:21Z,68.0,Versa 4
2026-05-21T02:59:24Z,68.0,Versa 4
2026-05-21T02:59:27Z,68.0,Versa 4
2026-05-21T02:59:29Z,68.0,Versa 4
2026-05-21T02:59:32Z,68.0,Versa 4
2026-05-21T02:59:33Z,70.0,Versa 4
2026-05-21T02:59:35Z,72.0,Versa 4
2026-05-21T02:59:37Z,72.0,Versa 4
2026-05-21T02:59:38Z,70.0,Versa 4
2026-05-21T02:59:40Z,69.0,Versa 4
2026-05-21T02:59:42Z,68.0,Versa 4
2026-05-21T02:59:45Z,68.0,Versa 4
2026-05-21T02:59:46Z,68.0,Versa 4
2026-05-21T02:59:49Z,68.0,Versa 4
2026-05-21T02:59:52Z,68.0,Versa 4
2026-05-21T02:59:55Z,68.0,Versa 4
2026-05-21T02:59:58Z,69.0,Versa 4
2026-05-21T03:00:00Z,70.0,Versa 4
2026-05-21T03:00:01Z,72.0,Versa 4
2026-05-21T03:00:03Z,73.0,Versa 4
2026-05-21T03:00:06Z,73.0,Versa 4
2026-05-21T03:00:07Z,72.0,Versa 4
2026-05-21T03:00:09Z,71.0,Versa 4
2026-05-21T03:00:11Z,70.0,Versa 4
2026-05-21T03:00:14Z,70.0,Versa 4
2026-05-21T03:00:17Z,69.0,Versa 4
2026-05-21T03:00:20Z,69.0,Versa 4
2026-05-21T03:00:23Z,69.0,Versa 4
2026-05-21T03:00:25Z,68.0,Versa 4
2026-05-21T03:00:28Z,68.0,Versa 4
2026-05-21T03:00:31Z,68.0,Versa 4
2026-05-21T03:00:32Z,68.0,Versa 4
2026-05-21T03:00:35Z,68.0,Versa 4
2026-05-21T03:00:36Z,67.0,Versa 4
2026-05-21T03:00:39Z,67.0,Versa 4
2026-05-21T03:00:40Z,68.0,Versa 4
2026-05-21T03:00:43Z,68.0,Versa 4
2026-05-21T03:00:44Z,67.0,Versa 4
2026-05-21T03:00:46Z,66.0,Versa 4
2026-05-21T03:00:48Z,66.0,Versa 4
2026-05-21T03:00:51Z,66.0,Versa 4
2026-05-21T03:00:54Z,66.0,Versa 4
2026-05-21T03:00:55Z,66.0,Versa 4
2026-05-21T03:00:58Z,66.0,Versa 4
2026-05-21T03:01:01Z,65.0,Versa 4
2026-05-21T03:01:04Z,65.0,Versa 4
2026-05-21T03:01:05Z,66.0,Versa 4
2026-05-21T03:01:07Z,65.0,Versa 4
2026-05-21T03:01:09Z,66.0,Versa 4
2026-05-21T03:01:11Z,66.0,Versa 4
2026-05-21T03:01:14Z,66.0,Versa 4
2026-05-21T03:01:17Z,66.0,Versa 4
2026-05-21T03:01:18Z,66.0,Versa 4
2026-05-21T03:01:21Z,66.0,Versa 4
2026-05-21T03:01:24Z,66.0,Versa 4
2026-05-21T03:01:27Z,66.0,Versa 4
2026-05-21T03:01:30Z,66.0,Versa 4
2026-05-21T03:01:32Z,66.0,Versa 4
2026-05-21T03:01:35Z,66.0,Versa 4
2026-05-21T03:01:36Z,66.0,Versa 4
2026-05-21T03:01:37Z,67.0,Versa 4
2026-05-21T03:01:39Z,69.0,Versa 4
2026-05-21T03:01:41Z,70.0,Versa 4
2026-05-21T03:01:43Z,70.0,Versa 4
2026-05-21T03:01:45Z,68.0,Versa 4
2026-05-21T03:01:48Z,68.0,Versa 4
2026-05-21T03:01:49Z,68.0,Versa 4
2026-05-21T03:01:51Z,68.0,Versa 4
2026-05-21T03:01:54Z,68.0,Versa 4
2026-05-21T03:01:55Z,68.0,Versa 4
2026-05-21T03:01:57Z,68.0,Versa 4
2026-05-21T03:02:00Z,68.0,Versa 4
2026-05-21T03:02:01Z,69.0,Versa 4
2026-05-21T03:02:02Z,68.0,Versa 4
2026-05-21T03:02:05Z,68.0,Versa 4
2026-05-21T03:02:06Z,68.0,Versa 4
2026-05-21T03:02:09Z,68.0,Versa 4
2026-05-21T03:02:12Z,68.0,Versa 4
2026-05-21T03:02:15Z,68.0,Versa 4
2026-05-21T03:02:16Z,67.0,Versa 4
2026-05-21T03:02:19Z,67.0,Versa 4
2026-05-21T03:02:22Z,67.0,Versa 4
2026-05-21T03:02:24Z,66.0,Versa 4
2026-05-21T03:02:27Z,66.0,Versa 4
2026-05-21T03:02:30Z,66.0,Versa 4
2026-05-21T03:02:33Z,66.0,Versa 4
2026-05-21T03:02:35Z,67.0,Versa 4
2026-05-21T03:02:37Z,66.0,Versa 4
2026-05-21T03:02:40Z,66.0,Versa 4
2026-05-21T03:02:43Z,67.0,Versa 4
2026-05-21T03:02:46Z,67.0,Versa 4
2026-05-21T03:02:47Z,68.0,Versa 4
2026-05-21T03:02:50Z,68.0,Versa 4
2026-05-21T03:02:52Z,69.0,Versa 4
2026-05-21T03:02:54Z,70.0,Versa 4
2026-05-21T03:02:57Z,70.0,Versa 4
2026-05-21T03:03:00Z,71.0,Versa 4
2026-05-21T03:03:03Z,71.0,Versa 4
2026-05-21T03:03:04Z,70.0,Versa 4
2026-05-21T03:03:06Z,69.0,Versa 4
2026-05-21T03:03:08Z,69.0,Versa 4
2026-05-21T03:03:11Z,69.0,Versa 4
2026-05-21T03:03:12Z,68.0,Versa 4
2026-05-21T03:03:15Z,68.0,Versa 4
2026-05-21T03:03:17Z,67.0,Versa 4
2026-05-21T03:03:20Z,67.0,Versa 4
2026-05-21T03:03:21Z,67.0,Versa 4
2026-05-21T03:03:23Z,68.0,Versa 4
2026-05-21T03:03:25Z,70.0,Versa 4
2026-05-21T03:03:27Z,71.0,Versa 4
2026-05-21T03:03:30Z,71.0,Versa 4
2026-05-21T03:03:31Z,70.0,Versa 4
2026-05-21T03:03:34Z,70.0,Versa 4
2026-05-21T03:03:37Z,70.0,Versa 4
2026-05-21T03:03:40Z,70.0,Versa 4
2026-05-21T03:03:42Z,70.0,Versa 4
2026-05-21T03:03:45Z,70.0,Versa 4
2026-05-21T03:03:48Z,70.0,Versa 4
2026-05-21T03:03:51Z,70.0,Versa 4
2026-05-21T03:03:54Z,70.0,Versa 4
2026-05-21T03:03:56Z,70.0,Versa 4
2026-05-21T03:03:59Z,70.0,Versa 4
2026-05-21T03:04:00Z,69.0,Versa 4
2026-05-21T03:04:03Z,68.0,Versa 4
2026-05-21T03:04:06Z,68.0,Versa 4
2026-05-21T03:04:09Z,68.0,Versa 4
2026-05-21T03:04:12Z,68.0,Versa 4
2026-05-21T03:04:15Z,68.0,Versa 4
2026-05-21T03:04:18Z,68.0,Versa 4
2026-05-21T03:04:21Z,68.0,Versa 4
2026-05-21T03:04:23Z,70.0,Versa 4
2026-05-21T03:04:25Z,73.0,Versa 4
2026-05-21T03:04:26Z,74.0,Versa 4
2026-05-21T03:04:28Z,75.0,Versa 4
2026-05-21T03:04:30Z,74.0,Versa 4
2026-05-21T03:04:32Z,71.0,Versa 4
2026-05-21T03:04:34Z,70.0,Versa 4
2026-05-21T03:04:37Z,70.0,Versa 4
2026-05-21T03:04:40Z,71.0,Versa 4
2026-05-21T03:04:43Z,71.0,Versa 4
2026-05-21T03:04:44Z,70.0,Versa 4
2026-05-21T03:04:46Z,69.0,Versa 4
2026-05-21T03:04:48Z,68.0,Versa 4
2026-05-21T03:04:49Z,69.0,Versa 4
2026-05-21T03:04:52Z,69.0,Versa 4
2026-05-21T03:04:55Z,68.0,Versa 4
2026-05-21T03:04:58Z,68.0,Versa 4
2026-05-21T03:04:59Z,68.0,Versa 4
2026-05-21T03:05:02Z,68.0,Versa 4
2026-05-21T03:05:05Z,68.0,Versa 4
2026-05-21T03:05:08Z,68.0,Versa 4
2026-05-21T03:05:11Z,68.0,Versa 4
2026-05-21T03:05:14Z,68.0,Versa 4
2026-05-21T03:05:17Z,68.0,Versa 4
2026-05-21T03:05:20Z,70.0,Versa 4
2026-05-21T03:05:23Z,70.0,Versa 4
2026-05-21T03:05:24Z,72.0,Versa 4
2026-05-21T03:05:26Z,72.0,Versa 4
2026-05-21T03:05:29Z,72.0,Versa 4
2026-05-21T03:05:30Z,70.0,Versa 4
2026-05-21T03:05:33Z,70.0,Versa 4
2026-05-21T03:05:36Z,70.0,Versa 4
2026-05-21T03:05:37Z,69.0,Versa 4
2026-05-21T03:05:40Z,69.0,Versa 4
2026-05-21T03:05:43Z,70.0,Versa 4
2026-05-21T03:05:45Z,71.0,Versa 4
2026-05-21T03:05:47Z,72.0,Versa 4
2026-05-21T03:05:49Z,73.0,Versa 4
2026-05-21T03:05:51Z,74.0,Versa 4
2026-05-21T03:05:54Z,74.0,Versa 4
2026-05-21T03:05:55Z,73.0,Versa 4
2026-05-21T03:05:58Z,73.0,Versa 4
2026-05-21T03:05:59Z,72.0,Versa 4
2026-05-21T03:06:02Z,72.0,Versa 4
2026-05-21T03:06:04Z,71.0,Versa 4
2026-05-21T03:06:06Z,70.0,Versa 4
2026-05-21T03:06:09Z,70.0,Versa 4
2026-05-21T03:06:10Z,70.0,Versa 4
2026-05-21T03:06:12Z,70.0,Versa 4
2026-05-21T03:06:15Z,70.0,Versa 4
2026-05-21T03:06:16Z,69.0,Versa 4
2026-05-21T03:06:18Z,69.0,Versa 4
2026-05-21T03:06:20Z,70.0,Versa 4
2026-05-21T03:06:23Z,70.0,Versa 4
2026-05-21T03:06:24Z,69.0,Versa 4
2026-05-21T03:06:25Z,68.0,Versa 4
2026-05-21T03:06:28Z,68.0,Versa 4
2026-05-21T03:06:29Z,69.0,Versa 4
2026-05-21T03:06:32Z,69.0,Versa 4
2026-05-21T03:06:35Z,69.0,Versa 4
2026-05-21T03:06:38Z,69.0,Versa 4
2026-05-21T03:06:41Z,70.0,Versa 4
2026-05-21T03:06:44Z,70.0,Versa 4
2026-05-21T03:06:45Z,72.0,Versa 4
2026-05-21T03:06:47Z,76.0,Versa 4
2026-05-21T03:06:49Z,79.0,Versa 4
2026-05-21T03:06:50Z,90.0,Versa 4
2026-05-21T03:06:52Z,95.0,Versa 4
2026-05-21T03:06:54Z,98.0,Versa 4
2026-05-21T03:06:56Z,97.0,Versa 4
2026-05-21T03:06:58Z,92.0,Versa 4
2026-05-21T03:07:00Z,87.0,Versa 4
2026-05-21T03:07:02Z,85.0,Versa 4
2026-05-21T03:07:04Z,84.0,Versa 4
2026-05-21T03:07:06Z,81.0,Versa 4
2026-05-21T03:07:08Z,79.0,Versa 4
2026-05-21T03:07:10Z,78.0,Versa 4
2026-05-21T03:07:12Z,77.0,Versa 4
2026-05-21T03:07:13Z,75.0,Versa 4
2026-05-21T03:07:15Z,74.0,Versa 4
2026-05-21T03:07:18Z,74.0,Versa 4
2026-05-21T03:07:19Z,74.0,Versa 4
2026-05-21T03:07:21Z,72.0,Versa 4
2026-05-21T03:07:23Z,72.0,Versa 4
2026-05-21T03:07:26Z,72.0,Versa 4
2026-05-21T03:07:29Z,74.0,Versa 4
2026-05-21T03:07:32Z,74.0,Versa 4
2026-05-21T03:07:35Z,74.0,Versa 4
2026-05-21T03:07:37Z,77.0,Versa 4
2026-05-21T03:07:38Z,80.0,Versa 4
2026-05-21T03:07:40Z,79.0,Versa 4
2026-05-21T03:07:42Z,77.0,Versa 4
2026-05-21T03:07:44Z,78.0,Versa 4
2026-05-21T03:07:46Z,76.0,Versa 4
2026-05-21T03:07:48Z,77.0,Versa 4
2026-05-21T03:07:51Z,77.0,Versa 4
2026-05-21T03:07:52Z,75.0,Versa 4
2026-05-21T03:07:54Z,73.0,Versa 4
2026-05-21T03:07:56Z,72.0,Versa 4
2026-05-21T03:07:58Z,72.0,Versa 4
2026-05-21T03:08:00Z,71.0,Versa 4
2026-05-21T03:08:01Z,70.0,Versa 4
2026-05-21T03:08:04Z,70.0,Versa 4
2026-05-21T03:08:07Z,70.0,Versa 4
2026-05-21T03:08:10Z,70.0,Versa 4
2026-05-21T03:08:13Z,71.0,Versa 4
2026-05-21T03:08:15Z,70.0,Versa 4
2026-05-21T03:08:17Z,70.0,Versa 4
2026-05-21T03:08:20Z,70.0,Versa 4
2026-05-21T03:08:21Z,71.0,Versa 4
2026-05-21T03:08:24Z,71.0,Versa 4
2026-05-21T03:08:25Z,72.0,Versa 4
2026-05-21T03:08:28Z,72.0,Versa 4
2026-05-21T03:08:30Z,72.0,Versa 4
2026-05-21T03:08:33Z,72.0,Versa 4
2026-05-21T03:08:36Z,72.0,Versa 4
2026-05-21T03:08:39Z,72.0,Versa 4
2026-05-21T03:08:40Z,71.0,Versa 4
2026-05-21T03:08:43Z,71.0,Versa 4
2026-05-21T03:08:46Z,71.0,Versa 4
2026-05-21T03:08:48Z,70.0,Versa 4
2026-05-21T03:08:51Z,71.0,Versa 4
2026-05-21T03:08:53Z,70.0,Versa 4
2026-05-21T03:08:55Z,70.0,Versa 4
2026-05-21T03:08:57Z,70.0,Versa 4
2026-05-21T03:09:00Z,70.0,Versa 4
2026-05-21T03:09:03Z,70.0,Versa 4
2026-05-21T03:09:06Z,70.0,Versa 4
2026-05-21T03:09:09Z,70.0,Versa 4
2026-05-21T03:09:11Z,70.0,Versa 4
2026-05-21T03:09:13Z,73.0,Versa 4
2026-05-21T03:09:14Z,76.0,Versa 4
2026-05-21T03:09:16Z,78.0,Versa 4
2026-05-21T03:09:19Z,78.0,Versa 4
2026-05-21T03:09:22Z,78.0,Versa 4
2026-05-21T03:09:24Z,76.0,Versa 4
2026-05-21T03:09:26Z,75.0,Versa 4
2026-05-21T03:09:28Z,74.0,Versa 4
2026-05-21T03:09:30Z,72.0,Versa 4
2026-05-21T03:09:32Z,71.0,Versa 4
2026-05-21T03:09:35Z,71.0,Versa 4
2026-05-21T03:09:36Z,70.0,Versa 4
2026-05-21T03:09:39Z,69.0,Versa 4
2026-05-21T03:09:42Z,69.0,Versa 4
2026-05-21T03:09:45Z,68.0,Versa 4
2026-05-21T03:09:47Z,70.0,Versa 4
2026-05-21T03:09:49Z,70.0,Versa 4
2026-05-21T03:09:52Z,70.0,Versa 4
2026-05-21T03:09:53Z,69.0,Versa 4
2026-05-21T03:09:55Z,68.0,Versa 4
2026-05-21T03:09:58Z,68.0,Versa 4
2026-05-21T03:09:59Z,69.0,Versa 4
2026-05-21T03:10:01Z,68.0,Versa 4
2026-05-21T03:10:04Z,68.0,Versa 4
2026-05-21T03:10:07Z,68.0,Versa 4
2026-05-21T03:10:08Z,68.0,Versa 4
2026-05-21T03:10:10Z,70.0,Versa 4
2026-05-21T03:10:12Z,72.0,Versa 4
2026-05-21T03:10:15Z,72.0,Versa 4
2026-05-21T03:10:18Z,72.0,Versa 4
2026-05-21T03:10:20Z,70.0,Versa 4
2026-05-21T03:10:23Z,70.0,Versa 4
2026-05-21T03:10:25Z,69.0,Versa 4
2026-05-21T03:10:27Z,70.0,Versa 4
2026-05-21T03:10:30Z,70.0,Versa 4
2026-05-21T03:10:31Z,70.0,Versa 4
2026-05-21T03:10:33Z,70.0,Versa 4
2026-05-21T03:10:35Z,69.0,Versa 4
2026-05-21T03:10:37Z,68.0,Versa 4
2026-05-21T03:10:39Z,68.0,Versa 4
2026-05-21T03:10:41Z,70.0,Versa 4
2026-05-21T03:10:43Z,72.0,Versa 4
2026-05-21T03:10:45Z,71.0,Versa 4
2026-05-21T03:10:47Z,70.0,Versa 4
2026-05-21T03:10:49Z,69.0,Versa 4
2026-05-21T03:10:50Z,70.0,Versa 4
2026-05-21T03:10:53Z,70.0,Versa 4
2026-05-21T03:10:56Z,68.0,Versa 4
2026-05-21T03:10:58Z,68.0,Versa 4
2026-05-21T03:11:01Z,68.0,Versa 4
2026-05-21T03:11:04Z,68.0,Versa 4
2026-05-21T03:11:06Z,68.0,Versa 4
2026-05-21T03:11:09Z,68.0,Versa 4
2026-05-21T03:11:12Z,69.0,Versa 4
2026-05-21T03:11:13Z,69.0,Versa 4
2026-05-21T03:11:16Z,69.0,Versa 4
2026-05-21T03:11:17Z,69.0,Versa 4
2026-05-21T03:11:20Z,69.0,Versa 4
2026-05-21T03:11:21Z,68.0,Versa 4
2026-05-21T03:11:24Z,68.0,Versa 4
2026-05-21T03:11:27Z,68.0,Versa 4
2026-05-21T03:11:30Z,68.0,Versa 4
2026-05-21T03:11:31Z,67.0,Versa 4
2026-05-21T03:11:34Z,67.0,Versa 4
2026-05-21T03:11:35Z,66.0,Versa 4
2026-05-21T03:11:38Z,66.0,Versa 4
2026-05-21T03:11:41Z,66.0,Versa 4
2026-05-21T03:11:44Z,66.0,Versa 4
2026-05-21T03:11:47Z,66.0,Versa 4
2026-05-21T03:11:50Z,66.0,Versa 4
2026-05-21T03:11:53Z,66.0,Versa 4
2026-05-21T03:11:56Z,67.0,Versa 4
2026-05-21T03:11:58Z,68.0,Versa 4
2026-05-21T03:12:01Z,69.0,Versa 4
2026-05-21T03:12:04Z,69.0,Versa 4
2026-05-21T03:12:05Z,69.0,Versa 4
2026-05-21T03:12:07Z,68.0,Versa 4
2026-05-21T03:12:10Z,68.0,Versa 4
2026-05-21T03:12:13Z,68.0,Versa 4
2026-05-21T03:12:16Z,68.0,Versa 4
2026-05-21T03:12:19Z,68.0,Versa 4
2026-05-21T03:12:22Z,68.0,Versa 4
2026-05-21T03:12:25Z,68.0,Versa 4
2026-05-21T03:12:28Z,68.0,Versa 4
2026-05-21T03:12:31Z,68.0,Versa 4
2026-05-21T03:12:34Z,68.0,Versa 4
2026-05-21T03:12:36Z,69.0,Versa 4
2026-05-21T03:12:39Z,69.0,Versa 4
2026-05-21T03:12:42Z,69.0,Versa 4
2026-05-21T03:12:44Z,68.0,Versa 4
2026-05-21T03:12:47Z,68.0,Versa 4
2026-05-21T03:12:48Z,69.0,Versa 4
2026-05-21T03:12:49Z,68.0,Versa 4
2026-05-21T03:12:52Z,68.0,Versa 4
2026-05-21T03:12:55Z,68.0,Versa 4
2026-05-21T03:12:57Z,69.0,Versa 4
2026-05-21T03:12:59Z,70.0,Versa 4
2026-05-21T03:13:01Z,70.0,Versa 4
2026-05-21T03:13:03Z,69.0,Versa 4
2026-05-21T03:13:06Z,69.0,Versa 4
2026-05-21T03:13:08Z,70.0,Versa 4
2026-05-21T03:13:11Z,70.0,Versa 4
2026-05-21T03:13:12Z,70.0,Versa 4
2026-05-21T03:13:14Z,69.0,Versa 4
2026-05-21T03:13:16Z,70.0,Versa 4
2026-05-21T03:13:18Z,69.0,Versa 4
2026-05-21T03:13:20Z,70.0,Versa 4
2026-05-21T03:13:23Z,70.0,Versa 4
2026-05-21T03:13:24Z,69.0,Versa 4
2026-05-21T03:13:26Z,70.0,Versa 4
2026-05-21T03:13:29Z,70.0,Versa 4
2026-05-21T03:13:32Z,70.0,Versa 4
2026-05-21T03:13:35Z,70.0,Versa 4
2026-05-21T03:13:38Z,70.0,Versa 4
2026-05-21T03:13:41Z,70.0,Versa 4
2026-05-21T03:13:44Z,70.0,Versa 4
2026-05-21T03:13:47Z,69.0,Versa 4
2026-05-21T03:13:50Z,69.0,Versa 4
2026-05-21T03:13:53Z,69.0,Versa 4
2026-05-21T03:13:54Z,69.0,Versa 4
2026-05-21T03:13:56Z,70.0,Versa 4
2026-05-21T03:13:59Z,70.0,Versa 4
2026-05-21T03:14:00Z,76.0,Versa 4
2026-05-21T03:14:02Z,78.0,Versa 4
2026-05-21T03:14:04Z,79.0,Versa 4
2026-05-21T03:14:07Z,79.0,Versa 4
2026-05-21T03:14:10Z,79.0,Versa 4
2026-05-21T03:14:12Z,77.0,Versa 4
2026-05-21T03:14:14Z,76.0,Versa 4
2026-05-21T03:14:16Z,74.0,Versa 4
2026-05-21T03:14:17Z,73.0,Versa 4
2026-05-21T03:14:19Z,72.0,Versa 4
2026-05-21T03:14:21Z,73.0,Versa 4
2026-05-21T03:14:23Z,74.0,Versa 4
2026-05-21T03:14:26Z,74.0,Versa 4
2026-05-21T03:14:29Z,74.0,Versa 4
2026-05-21T03:14:31Z,75.0,Versa 4
2026-05-21T03:14:33Z,74.0,Versa 4
2026-05-21T03:14:36Z,74.0,Versa 4
2026-05-21T03:14:37Z,73.0,Versa 4
2026-05-21T03:14:39Z,71.0,Versa 4
2026-05-21T03:14:40Z,70.0,Versa 4
2026-05-21T03:14:43Z,70.0,Versa 4
2026-05-21T03:14:46Z,72.0,Versa 4
2026-05-21T03:14:48Z,74.0,Versa 4
2026-05-21T03:14:50Z,70.0,Versa 4
2026-05-21T03:14:53Z,70.0,Versa 4
2026-05-21T03:14:56Z,69.0,Versa 4
2026-05-21T03:14:58Z,69.0,Versa 4
2026-05-21T03:15:00Z,68.0,Versa 4
2026-05-21T03:15:03Z,68.0,Versa 4
2026-05-21T03:15:05Z,68.0,Versa 4
2026-05-21T03:15:07Z,67.0,Versa 4
2026-05-21T03:15:09Z,67.0,Versa 4
2026-05-21T03:15:11Z,66.0,Versa 4
2026-05-21T03:15:14Z,66.0,Versa 4
2026-05-21T03:15:15Z,67.0,Versa 4
2026-05-21T03:15:18Z,67.0,Versa 4
2026-05-21T03:15:19Z,68.0,Versa 4
2026-05-21T03:15:21Z,67.0,Versa 4
2026-05-21T03:15:24Z,67.0,Versa 4
2026-05-21T03:15:25Z,68.0,Versa 4
2026-05-21T03:15:27Z,68.0,Versa 4
2026-05-21T03:15:30Z,70.0,Versa 4
2026-05-21T03:15:32Z,72.0,Versa 4
2026-05-21T03:15:35Z,72.0,Versa 4
2026-05-21T03:15:36Z,71.0,Versa 4
2026-05-21T03:15:38Z,70.0,Versa 4
2026-05-21T03:15:40Z,72.0,Versa 4
2026-05-21T03:15:42Z,70.0,Versa 4
2026-05-21T03:15:44Z,69.0,Versa 4
2026-05-21T03:15:46Z,70.0,Versa 4
2026-05-21T03:15:49Z,70.0,Versa 4
2026-05-21T03:15:50Z,71.0,Versa 4
2026-05-21T03:15:52Z,70.0,Versa 4
2026-05-21T03:15:55Z,69.0,Versa 4
2026-05-21T03:15:58Z,69.0,Versa 4
2026-05-21T03:15:59Z,70.0,Versa 4
2026-05-21T03:16:01Z,71.0,Versa 4
2026-05-21T03:16:04Z,71.0,Versa 4
2026-05-21T03:16:05Z,70.0,Versa 4
2026-05-21T03:16:07Z,69.0,Versa 4
2026-05-21T03:16:09Z,68.0,Versa 4
2026-05-21T03:16:11Z,68.0,Versa 4
2026-05-21T03:16:14Z,68.0,Versa 4
2026-05-21T03:16:17Z,68.0,Versa 4
2026-05-21T03:16:18Z,67.0,Versa 4
2026-05-21T03:16:20Z,68.0,Versa 4
2026-05-21T03:16:23Z,68.0,Versa 4
2026-05-21T03:16:24Z,68.0,Versa 4
2026-05-21T03:16:26Z,68.0,Versa 4
2026-05-21T03:16:29Z,68.0,Versa 4
2026-05-21T03:16:32Z,68.0,Versa 4
2026-05-21T03:16:35Z,68.0,Versa 4
2026-05-21T03:16:36Z,68.0,Versa 4
2026-05-21T03:16:39Z,68.0,Versa 4
2026-05-21T03:16:41Z,69.0,Versa 4
2026-05-21T03:16:43Z,70.0,Versa 4
2026-05-21T03:16:45Z,69.0,Versa 4
2026-05-21T03:16:47Z,68.0,Versa 4
2026-05-21T03:16:49Z,67.0,Versa 4
2026-05-21T03:16:51Z,66.0,Versa 4
2026-05-21T03:16:54Z,66.0,Versa 4
2026-05-21T03:16:57Z,66.0,Versa 4
2026-05-21T03:17:00Z,66.0,Versa 4
2026-05-21T03:17:01Z,67.0,Versa 4
2026-05-21T03:17:03Z,68.0,Versa 4
2026-05-21T03:17:04Z,68.0,Versa 4
2026-05-21T03:17:07Z,68.0,Versa 4
2026-05-21T03:17:08Z,67.0,Versa 4
2026-05-21T03:17:10Z,67.0,Versa 4
2026-05-21T03:17:12Z,68.0,Versa 4
2026-05-21T03:17:15Z,68.0,Versa 4
2026-05-21T03:17:16Z,67.0,Versa 4
2026-05-21T03:17:19Z,67.0,Versa 4
2026-05-21T03:17:20Z,66.0,Versa 4
2026-05-21T03:17:23Z,66.0,Versa 4
2026-05-21T03:17:24Z,66.0,Versa 4
2026-05-21T03:17:26Z,67.0,Versa 4
2026-05-21T03:17:29Z,67.0,Versa 4
2026-05-21T03:17:32Z,67.0,Versa 4
2026-05-21T03:17:35Z,68.0,Versa 4
2026-05-21T03:17:38Z,68.0,Versa 4
2026-05-21T03:17:41Z,68.0,Versa 4
2026-05-21T03:17:44Z,68.0,Versa 4
2026-05-21T03:17:47Z,68.0,Versa 4
2026-05-21T03:17:50Z,68.0,Versa 4
2026-05-21T03:17:51Z,70.0,Versa 4
2026-05-21T03:17:52Z,73.0,Versa 4
2026-05-21T03:17:54Z,74.0,Versa 4
2026-05-21T03:17:57Z,74.0,Versa 4
2026-05-21T03:17:58Z,73.0,Versa 4
2026-05-21T03:18:01Z,73.0,Versa 4
2026-05-21T03:18:04Z,73.0,Versa 4
2026-05-21T03:18:06Z,72.0,Versa 4
2026-05-21T03:18:08Z,72.0,Versa 4
2026-05-21T03:18:11Z,72.0,Versa 4
2026-05-21T03:18:12Z,71.0,Versa 4
2026-05-21T03:18:14Z,72.0,Versa 4
2026-05-21T03:18:16Z,73.0,Versa 4
2026-05-21T03:18:17Z,72.0,Versa 4
2026-05-21T03:18:20Z,72.0,Versa 4
2026-05-21T03:18:23Z,73.0,Versa 4
2026-05-21T03:18:25Z,72.0,Versa 4
2026-05-21T03:18:27Z,71.0,Versa 4
2026-05-21T03:18:29Z,70.0,Versa 4
2026-05-21T03:18:32Z,70.0,Versa 4
2026-05-21T03:18:35Z,69.0,Versa 4
2026-05-21T03:18:37Z,68.0,Versa 4
2026-05-21T03:18:40Z,68.0,Versa 4
2026-05-21T03:18:43Z,68.0,Versa 4
2026-05-21T03:18:44Z,67.0,Versa 4
2026-05-21T03:18:46Z,68.0,Versa 4
2026-05-21T03:18:49Z,68.0,Versa 4
2026-05-21T03:18:52Z,68.0,Versa 4
2026-05-21T03:18:54Z,68.0,Versa 4
2026-05-21T03:18:57Z,68.0,Versa 4
2026-05-21T03:19:00Z,68.0,Versa 4
2026-05-21T03:19:02Z,69.0,Versa 4
2026-05-21T03:19:04Z,70.0,Versa 4
2026-05-21T03:19:05Z,71.0,Versa 4
2026-05-21T03:19:07Z,72.0,Versa 4
2026-05-21T03:19:09Z,74.0,Versa 4
2026-05-21T03:19:11Z,75.0,Versa 4
2026-05-21T03:19:13Z,88.0,Versa 4
2026-05-21T03:19:15Z,92.0,Versa 4
2026-05-21T03:19:17Z,95.0,Versa 4
2026-05-21T03:19:19Z,95.0,Versa 4
2026-05-21T03:19:21Z,91.0,Versa 4
2026-05-21T03:19:23Z,82.0,Versa 4
2026-05-21T03:19:25Z,79.0,Versa 4
2026-05-21T03:19:28Z,78.0,Versa 4
2026-05-21T03:19:30Z,77.0,Versa 4
2026-05-21T03:19:32Z,76.0,Versa 4
2026-05-21T03:19:34Z,74.0,Versa 4
2026-05-21T03:19:36Z,73.0,Versa 4
2026-05-21T03:19:39Z,73.0,Versa 4
2026-05-21T03:19:40Z,72.0,Versa 4
2026-05-21T03:19:42Z,71.0,Versa 4
2026-05-21T03:19:44Z,72.0,Versa 4
2026-05-21T03:19:46Z,73.0,Versa 4
2026-05-21T03:19:48Z,74.0,Versa 4
2026-05-21T03:19:50Z,70.0,Versa 4
2026-05-21T03:19:53Z,70.0,Versa 4
2026-05-21T03:19:55Z,71.0,Versa 4
2026-05-21T03:19:57Z,72.0,Versa 4
2026-05-21T03:19:59Z,70.0,Versa 4
2026-05-21T03:20:02Z,70.0,Versa 4
2026-05-21T03:20:03Z,71.0,Versa 4
2026-05-21T03:20:06Z,71.0,Versa 4
2026-05-21T03:20:07Z,71.0,Versa 4
2026-05-21T03:20:09Z,72.0,Versa 4
2026-05-21T03:20:12Z,72.0,Versa 4
2026-05-21T03:20:13Z,72.0,Versa 4
2026-05-21T03:20:16Z,72.0,Versa 4
2026-05-21T03:20:18Z,71.0,Versa 4
2026-05-21T03:20:20Z,70.0,Versa 4
2026-05-21T03:20:22Z,72.0,Versa 4
2026-05-21T03:20:25Z,72.0,Versa 4
2026-05-21T03:20:28Z,72.0,Versa 4
2026-05-21T03:20:31Z,72.0,Versa 4
2026-05-21T03:20:34Z,72.0,Versa 4
2026-05-21T03:20:37Z,72.0,Versa 4
2026-05-21T03:20:40Z,72.0,Versa 4
2026-05-21T03:20:43Z,72.0,Versa 4
2026-05-21T03:20:46Z,72.0,Versa 4
2026-05-21T03:20:49Z,72.0,Versa 4
2026-05-21T03:20:51Z,75.0,Versa 4
2026-05-21T03:20:53Z,77.0,Versa 4
2026-05-21T03:20:55Z,78.0,Versa 4
2026-05-21T03:20:58Z,78.0,Versa 4
2026-05-21T03:20:59Z,76.0,Versa 4
2026-05-21T03:21:01Z,76.0,Versa 4
2026-05-21T03:21:04Z,75.0,Versa 4
2026-05-21T03:21:07Z,75.0,Versa 4
2026-05-21T03:21:10Z,74.0,Versa 4
2026-05-21T03:21:13Z,74.0,Versa 4
2026-05-21T03:21:14Z,74.0,Versa 4
2026-05-21T03:21:16Z,75.0,Versa 4
2026-05-21T03:21:18Z,76.0,Versa 4
2026-05-21T03:21:21Z,76.0,Versa 4
2026-05-21T03:21:24Z,76.0,Versa 4
2026-05-21T03:21:26Z,75.0,Versa 4
2026-05-21T03:21:28Z,74.0,Versa 4
2026-05-21T03:21:31Z,74.0,Versa 4
2026-05-21T03:21:34Z,74.0,Versa 4
2026-05-21T03:21:37Z,74.0,Versa 4
2026-05-21T03:21:39Z,75.0,Versa 4
2026-05-21T03:21:41Z,76.0,Versa 4
2026-05-21T03:21:43Z,77.0,Versa 4
2026-05-21T03:21:45Z,78.0,Versa 4
2026-05-21T03:21:48Z,78.0,Versa 4
2026-05-21T03:21:49Z,78.0,Versa 4
2026-05-21T03:21:51Z,78.0,Versa 4
2026-05-21T03:21:52Z,79.0,Versa 4
2026-05-21T03:21:54Z,82.0,Versa 4
2026-05-21T03:21:56Z,83.0,Versa 4
2026-05-21T03:21:58Z,85.0,Versa 4
2026-05-21T03:22:00Z,88.0,Versa 4
2026-05-21T03:22:02Z,89.0,Versa 4
2026-05-21T03:22:04Z,91.0,Versa 4
2026-05-21T03:22:06Z,90.0,Versa 4
2026-05-21T03:22:08Z,86.0,Versa 4
2026-05-21T03:22:10Z,83.0,Versa 4
2026-05-21T03:22:12Z,80.0,Versa 4
2026-05-21T03:22:14Z,79.0,Versa 4
2026-05-21T03:22:16Z,78.0,Versa 4
2026-05-21T03:22:17Z,77.0,Versa 4
2026-05-21T03:22:19Z,78.0,Versa 4
2026-05-21T03:22:21Z,79.0,Versa 4
2026-05-21T03:22:23Z,82.0,Versa 4
2026-05-21T03:22:25Z,82.0,Versa 4
2026-05-21T03:22:27Z,82.0,Versa 4
2026-05-21T03:22:29Z,80.0,Versa 4
2026-05-21T03:22:31Z,77.0,Versa 4
2026-05-21T03:22:33Z,76.0,Versa 4
2026-05-21T03:22:35Z,75.0,Versa 4
2026-05-21T03:22:37Z,74.0,Versa 4
2026-05-21T03:22:39Z,74.0,Versa 4
2026-05-21T03:22:40Z,73.0,Versa 4
2026-05-21T03:22:42Z,72.0,Versa 4
2026-05-21T03:22:44Z,71.0,Versa 4
2026-05-21T03:22:46Z,70.0,Versa 4
2026-05-21T03:22:49Z,70.0,Versa 4
2026-05-21T03:22:50Z,71.0,Versa 4
2026-05-21T03:22:52Z,72.0,Versa 4
2026-05-21T03:22:54Z,73.0,Versa 4
2026-05-21T03:22:57Z,73.0,Versa 4
2026-05-21T03:22:58Z,74.0,Versa 4
2026-05-21T03:23:00Z,73.0,Versa 4
2026-05-21T03:23:02Z,72.0,Versa 4
2026-05-21T03:23:04Z,72.0,Versa 4
2026-05-21T03:23:05Z,71.0,Versa 4
2026-05-21T03:23:08Z,71.0,Versa 4
2026-05-21T03:23:11Z,72.0,Versa 4
2026-05-21T03:23:14Z,72.0,Versa 4
2026-05-21T03:23:15Z,73.0,Versa 4
2026-05-21T03:23:18Z,73.0,Versa 4
2026-05-21T03:23:21Z,74.0,Versa 4
2026-05-21T03:23:23Z,72.0,Versa 4
2026-05-21T03:23:26Z,72.0,Versa 4
2026-05-21T03:23:27Z,73.0,Versa 4
2026-05-21T03:23:30Z,74.0,Versa 4
2026-05-21T03:23:32Z,75.0,Versa 4
2026-05-21T03:23:34Z,74.0,Versa 4
2026-05-21T03:23:36Z,73.0,Versa 4
2026-05-21T03:23:39Z,73.0,Versa 4
2026-05-21T03:23:40Z,72.0,Versa 4
2026-05-21T03:23:43Z,72.0,Versa 4
2026-05-21T03:23:44Z,73.0,Versa 4
2026-05-21T03:23:47Z,73.0,Versa 4
2026-05-21T03:23:50Z,72.0,Versa 4
2026-05-21T03:23:52Z,71.0,Versa 4
2026-05-21T03:23:53Z,70.0,Versa 4
2026-05-21T03:23:55Z,71.0,Versa 4
2026-05-21T03:23:58Z,71.0,Versa 4
2026-05-21T03:23:59Z,70.0,Versa 4
2026-05-21T03:24:01Z,72.0,Versa 4
2026-05-21T03:24:03Z,72.0,Versa 4
2026-05-21T03:24:05Z,71.0,Versa 4
2026-05-21T03:24:08Z,71.0,Versa 4
2026-05-21T03:24:11Z,70.0,Versa 4
2026-05-21T03:24:13Z,72.0,Versa 4
2026-05-21T03:24:15Z,71.0,Versa 4
2026-05-21T03:24:16Z,70.0,Versa 4
2026-05-21T03:24:18Z,73.0,Versa 4
2026-05-21T03:24:21Z,73.0,Versa 4
2026-05-21T03:24:22Z,71.0,Versa 4
2026-05-21T03:24:24Z,73.0,Versa 4
2026-05-21T03:24:27Z,73.0,Versa 4
2026-05-21T03:24:28Z,71.0,Versa 4
2026-05-21T03:24:30Z,72.0,Versa 4
2026-05-21T03:24:32Z,70.0,Versa 4
2026-05-21T03:24:34Z,71.0,Versa 4
2026-05-21T03:24:36Z,74.0,Versa 4
2026-05-21T03:24:39Z,74.0,Versa 4
2026-05-21T03:24:41Z,78.0,Versa 4
2026-05-21T03:24:43Z,74.0,Versa 4
2026-05-21T03:24:45Z,72.0,Versa 4
2026-05-21T03:24:48Z,72.0,Versa 4
2026-05-21T03:24:49Z,71.0,Versa 4
2026-05-21T03:24:51Z,70.0,Versa 4
2026-05-21T03:24:53Z,74.0,Versa 4
2026-05-21T03:24:55Z,75.0,Versa 4
2026-05-21T03:24:57Z,74.0,Versa 4
2026-05-21T03:24:59Z,73.0,Versa 4
2026-05-21T03:25:01Z,71.0,Versa 4
2026-05-21T03:25:03Z,72.0,Versa 4
2026-05-21T03:25:04Z,74.0,Versa 4
2026-05-21T03:25:06Z,73.0,Versa 4
2026-05-21T03:25:08Z,71.0,Versa 4
2026-05-21T03:25:10Z,72.0,Versa 4
2026-05-21T03:25:12Z,76.0,Versa 4
2026-05-21T03:25:14Z,74.0,Versa 4
2026-05-21T03:25:17Z,74.0,Versa 4
2026-05-21T03:25:20Z,75.0,Versa 4
2026-05-21T03:25:22Z,74.0,Versa 4
2026-05-21T03:25:25Z,74.0,Versa 4
2026-05-21T03:25:26Z,76.0,Versa 4
2026-05-21T03:25:28Z,75.0,Versa 4
2026-05-21T03:25:29Z,77.0,Versa 4
2026-05-21T03:25:31Z,75.0,Versa 4
2026-05-21T03:25:33Z,74.0,Versa 4
2026-05-21T03:25:36Z,74.0,Versa 4
2026-05-21T03:25:37Z,73.0,Versa 4
2026-05-21T03:25:39Z,74.0,Versa 4
2026-05-21T03:25:41Z,73.0,Versa 4
2026-05-21T03:25:44Z,73.0,Versa 4
2026-05-21T03:25:45Z,72.0,Versa 4
2026-05-21T03:25:47Z,75.0,Versa 4
2026-05-21T03:25:49Z,74.0,Versa 4
2026-05-21T03:25:51Z,73.0,Versa 4
2026-05-21T03:25:52Z,73.0,Versa 4
2026-05-21T03:25:54Z,72.0,Versa 4
2026-05-21T03:25:57Z,72.0,Versa 4
2026-05-21T03:25:58Z,71.0,Versa 4
2026-05-21T03:26:00Z,72.0,Versa 4
2026-05-21T03:26:03Z,72.0,Versa 4
2026-05-21T03:26:04Z,74.0,Versa 4
2026-05-21T03:26:06Z,75.0,Versa 4
2026-05-21T03:26:08Z,76.0,Versa 4
2026-05-21T03:26:10Z,78.0,Versa 4
2026-05-21T03:26:12Z,77.0,Versa 4
2026-05-21T03:26:14Z,75.0,Versa 4
2026-05-21T03:26:16Z,74.0,Versa 4
2026-05-21T03:26:17Z,75.0,Versa 4
2026-05-21T03:26:19Z,74.0,Versa 4
2026-05-21T03:26:21Z,75.0,Versa 4
2026-05-21T03:26:24Z,75.0,Versa 4
2026-05-21T03:26:25Z,74.0,Versa 4
2026-05-21T03:26:27Z,74.0,Versa 4
2026-05-21T03:26:29Z,73.0,Versa 4
2026-05-21T03:26:32Z,73.0,Versa 4
2026-05-21T03:26:33Z,72.0,Versa 4
2026-05-21T03:26:35Z,73.0,Versa 4
2026-05-21T03:26:38Z,73.0,Versa 4
2026-05-21T03:26:39Z,76.0,Versa 4
2026-05-21T03:26:40Z,75.0,Versa 4
2026-05-21T03:26:42Z,73.0,Versa 4
2026-05-21T03:26:44Z,71.0,Versa 4
2026-05-21T03:26:46Z,69.0,Versa 4
2026-05-21T03:26:49Z,69.0,Versa 4
2026-05-21T03:26:52Z,71.0,Versa 4
2026-05-21T03:26:54Z,73.0,Versa 4
2026-05-21T03:26:56Z,76.0,Versa 4
2026-05-21T03:26:58Z,77.0,Versa 4
2026-05-21T03:27:00Z,77.0,Versa 4
2026-05-21T03:27:02Z,76.0,Versa 4
2026-05-21T03:27:04Z,76.0,Versa 4
2026-05-21T03:27:05Z,74.0,Versa 4
2026-05-21T03:27:08Z,74.0,Versa 4
2026-05-21T03:27:09Z,76.0,Versa 4
2026-05-21T03:27:11Z,77.0,Versa 4
2026-05-21T03:27:13Z,78.0,Versa 4
2026-05-21T03:27:15Z,77.0,Versa 4
2026-05-21T03:27:17Z,78.0,Versa 4
2026-05-21T03:27:19Z,77.0,Versa 4
2026-05-21T03:27:21Z,75.0,Versa 4
2026-05-21T03:27:24Z,75.0,Versa 4
2026-05-21T03:27:25Z,74.0,Versa 4
2026-05-21T03:27:28Z,74.0,Versa 4
2026-05-21T03:27:30Z,77.0,Versa 4
2026-05-21T03:27:32Z,76.0,Versa 4
2026-05-21T03:27:34Z,75.0,Versa 4
2026-05-21T03:27:36Z,74.0,Versa 4
2026-05-21T03:27:39Z,74.0,Versa 4
2026-05-21T03:27:40Z,74.0,Versa 4
2026-05-21T03:27:43Z,74.0,Versa 4
2026-05-21T03:27:46Z,74.0,Versa 4
2026-05-21T03:27:48Z,76.0,Versa 4
2026-05-21T03:27:50Z,75.0,Versa 4
2026-05-21T03:27:52Z,73.0,Versa 4
2026-05-21T03:27:53Z,74.0,Versa 4
2026-05-21T03:27:55Z,72.0,Versa 4
2026-05-21T03:27:57Z,74.0,Versa 4
2026-05-21T03:27:59Z,74.0,Versa 4
2026-05-21T03:28:02Z,76.0,Versa 4
2026-05-21T03:28:04Z,78.0,Versa 4
2026-05-21T03:28:05Z,82.0,Versa 4
2026-05-21T03:28:07Z,79.0,Versa 4
2026-05-21T03:28:09Z,80.0,Versa 4
2026-05-21T03:28:11Z,79.0,Versa 4
2026-05-21T03:28:13Z,78.0,Versa 4
2026-05-21T03:28:15Z,77.0,Versa 4
2026-05-21T03:28:17Z,74.0,Versa 4
2026-05-21T03:28:19Z,76.0,Versa 4
2026-05-21T03:28:22Z,76.0,Versa 4
2026-05-21T03:28:23Z,77.0,Versa 4
2026-05-21T03:28:26Z,77.0,Versa 4
2026-05-21T03:28:27Z,78.0,Versa 4
2026-05-21T03:28:29Z,75.0,Versa 4
2026-05-21T03:28:30Z,72.0,Versa 4
2026-05-21T03:28:33Z,72.0,Versa 4
2026-05-21T03:28:34Z,70.0,Versa 4
2026-05-21T03:28:36Z,69.0,Versa 4
2026-05-21T03:28:38Z,73.0,Versa 4
2026-05-21T03:28:40Z,76.0,Versa 4
2026-05-21T03:28:42Z,75.0,Versa 4
2026-05-21T03:28:44Z,79.0,Versa 4
2026-05-21T03:28:46Z,77.0,Versa 4
2026-05-21T03:28:48Z,75.0,Versa 4
2026-05-21T03:28:50Z,77.0,Versa 4
2026-05-21T03:28:52Z,74.0,Versa 4
2026-05-21T03:28:53Z,73.0,Versa 4
2026-05-21T03:28:55Z,77.0,Versa 4
2026-05-21T03:28:57Z,74.0,Versa 4
2026-05-21T03:28:59Z,75.0,Versa 4
2026-05-21T03:29:01Z,76.0,Versa 4
2026-05-21T03:29:03Z,73.0,Versa 4
2026-05-21T03:29:05Z,71.0,Versa 4
2026-05-21T03:29:07Z,72.0,Versa 4
2026-05-21T03:29:09Z,70.0,Versa 4
2026-05-21T03:29:11Z,72.0,Versa 4
2026-05-21T03:29:13Z,73.0,Versa 4
2026-05-21T03:29:15Z,76.0,Versa 4
2026-05-21T03:29:17Z,74.0,Versa 4
2026-05-21T03:29:18Z,76.0,Versa 4
2026-05-21T03:29:20Z,70.0,Versa 4
2026-05-21T03:29:22Z,68.0,Versa 4
2026-05-21T03:29:24Z,69.0,Versa 4
2026-05-21T03:29:26Z,68.0,Versa 4
2026-05-21T03:29:28Z,69.0,Versa 4
2026-05-21T03:29:30Z,70.0,Versa 4
2026-05-21T03:29:32Z,71.0,Versa 4
2026-05-21T03:29:34Z,72.0,Versa 4
2026-05-21T03:29:36Z,73.0,Versa 4
2026-05-21T03:29:38Z,71.0,Versa 4
2026-05-21T03:29:40Z,70.0,Versa 4
2026-05-21T03:29:41Z,71.0,Versa 4
2026-05-21T03:29:44Z,71.0,Versa 4
2026-05-21T03:29:47Z,72.0,Versa 4
2026-05-21T03:29:49Z,74.0,Versa 4
2026-05-21T03:29:51Z,72.0,Versa 4
2026-05-21T03:29:53Z,74.0,Versa 4
2026-05-21T03:29:55Z,73.0,Versa 4
2026-05-21T03:29:57Z,74.0,Versa 4
2026-05-21T03:29:59Z,75.0,Versa 4
2026-05-21T03:30:01Z,71.0,Versa 4
2026-05-21T03:30:04Z,71.0,Versa 4
2026-05-21T03:30:06Z,70.0,Versa 4
2026-05-21T03:30:08Z,70.0,Versa 4
2026-05-21T03:30:10Z,69.0,Versa 4
2026-05-21T03:30:13Z,69.0,Versa 4
2026-05-21T03:30:16Z,68.0,Versa 4
2026-05-21T03:30:18Z,68.0,Versa 4
2026-05-21T03:30:20Z,68.0,Versa 4
2026-05-21T03:30:22Z,67.0,Versa 4
2026-05-21T03:30:24Z,66.0,Versa 4
2026-05-21T03:30:27Z,66.0,Versa 4
2026-05-21T03:30:28Z,67.0,Versa 4
2026-05-21T03:30:31Z,68.0,Versa 4
2026-05-21T03:30:34Z,68.0,Versa 4
2026-05-21T03:30:35Z,67.0,Versa 4
2026-05-21T03:30:37Z,68.0,Versa 4
2026-05-21T03:30:39Z,67.0,Versa 4
2026-05-21T03:30:42Z,67.0,Versa 4
2026-05-21T03:30:43Z,68.0,Versa 4
2026-05-21T03:30:45Z,67.0,Versa 4
2026-05-21T03:30:47Z,66.0,Versa 4
2026-05-21T03:30:49Z,68.0,Versa 4
2026-05-21T03:30:52Z,68.0,Versa 4
2026-05-21T03:30:53Z,66.0,Versa 4
2026-05-21T03:30:56Z,66.0,Versa 4
2026-05-21T03:30:59Z,66.0,Versa 4
2026-05-21T03:31:02Z,68.0,Versa 4
2026-05-21T03:31:05Z,68.0,Versa 4
2026-05-21T03:31:08Z,68.0,Versa 4
2026-05-21T03:31:10Z,67.0,Versa 4
2026-05-21T03:31:12Z,67.0,Versa 4
2026-05-21T03:31:14Z,68.0,Versa 4
2026-05-21T03:31:16Z,69.0,Versa 4
2026-05-21T03:31:19Z,73.0,Versa 4
2026-05-21T03:31:21Z,70.0,Versa 4
2026-05-21T03:31:23Z,71.0,Versa 4
2026-05-21T03:31:25Z,71.0,Versa 4
2026-05-21T03:31:27Z,70.0,Versa 4
2026-05-21T03:31:30Z,70.0,Versa 4
2026-05-21T03:31:31Z,71.0,Versa 4
2026-05-21T03:31:33Z,70.0,Versa 4
2026-05-21T03:31:36Z,70.0,Versa 4
2026-05-21T03:31:37Z,71.0,Versa 4
2026-05-21T03:31:39Z,70.0,Versa 4
2026-05-21T03:31:42Z,70.0,Versa 4
2026-05-21T03:31:44Z,69.0,Versa 4
2026-05-21T03:31:46Z,68.0,Versa 4
2026-05-21T03:31:48Z,69.0,Versa 4
2026-05-21T03:31:51Z,69.0,Versa 4
2026-05-21T03:31:52Z,68.0,Versa 4
2026-05-21T03:31:55Z,68.0,Versa 4
2026-05-21T03:31:56Z,67.0,Versa 4
2026-05-21T03:31:59Z,67.0,Versa 4
2026-05-21T03:32:00Z,68.0,Versa 4
2026-05-21T03:32:03Z,68.0,Versa 4
2026-05-21T03:32:04Z,67.0,Versa 4
2026-05-21T03:32:05Z,69.0,Versa 4
2026-05-21T03:32:07Z,67.0,Versa 4
2026-05-21T03:32:09Z,68.0,Versa 4
2026-05-21T03:32:12Z,68.0,Versa 4
2026-05-21T03:32:15Z,68.0,Versa 4
2026-05-21T03:32:18Z,68.0,Versa 4
2026-05-21T03:32:21Z,68.0,Versa 4
2026-05-21T03:32:23Z,70.0,Versa 4
2026-05-21T03:32:25Z,68.0,Versa 4
2026-05-21T03:32:28Z,68.0,Versa 4
2026-05-21T03:32:29Z,69.0,Versa 4
2026-05-21T03:32:30Z,70.0,Versa 4
2026-05-21T03:32:33Z,70.0,Versa 4
2026-05-21T03:32:34Z,71.0,Versa 4
2026-05-21T03:32:37Z,71.0,Versa 4
2026-05-21T03:32:38Z,70.0,Versa 4
2026-05-21T03:32:41Z,70.0,Versa 4
2026-05-21T03:32:44Z,70.0,Versa 4
2026-05-21T03:32:47Z,70.0,Versa 4
2026-05-21T03:32:50Z,70.0,Versa 4
2026-05-21T03:32:53Z,71.0,Versa 4
2026-05-21T03:32:55Z,70.0,Versa 4
2026-05-21T03:32:57Z,71.0,Versa 4
2026-05-21T03:33:00Z,71.0,Versa 4
2026-05-21T03:33:01Z,70.0,Versa 4
2026-05-21T03:33:03Z,69.0,Versa 4
2026-05-21T03:33:05Z,68.0,Versa 4
2026-05-21T03:33:07Z,68.0,Versa 4
2026-05-21T03:33:09Z,67.0,Versa 4
2026-05-21T03:33:11Z,66.0,Versa 4
2026-05-21T03:33:14Z,66.0,Versa 4
2026-05-21T03:33:17Z,66.0,Versa 4
2026-05-21T03:33:20Z,66.0,Versa 4
2026-05-21T03:33:23Z,66.0,Versa 4
2026-05-21T03:33:24Z,66.0,Versa 4
2026-05-21T03:33:27Z,66.0,Versa 4
2026-05-21T03:33:30Z,66.0,Versa 4
2026-05-21T03:33:33Z,66.0,Versa 4
2026-05-21T03:33:36Z,66.0,Versa 4
2026-05-21T03:33:39Z,66.0,Versa 4
2026-05-21T03:33:42Z,66.0,Versa 4
2026-05-21T03:33:43Z,66.0,Versa 4
2026-05-21T03:33:45Z,67.0,Versa 4
2026-05-21T03:33:47Z,68.0,Versa 4
2026-05-21T03:33:49Z,69.0,Versa 4
2026-05-21T03:33:52Z,69.0,Versa 4
2026-05-21T03:33:55Z,68.0,Versa 4
2026-05-21T03:33:57Z,69.0,Versa 4
2026-05-21T03:34:00Z,69.0,Versa 4
2026-05-21T03:34:03Z,70.0,Versa 4
2026-05-21T03:34:05Z,71.0,Versa 4
2026-05-21T03:34:06Z,73.0,Versa 4
2026-05-21T03:34:08Z,76.0,Versa 4
2026-05-21T03:34:10Z,77.0,Versa 4
2026-05-21T03:34:12Z,81.0,Versa 4
2026-05-21T03:34:14Z,80.0,Versa 4
2026-05-21T03:34:16Z,83.0,Versa 4
2026-05-21T03:34:18Z,91.0,Versa 4
2026-05-21T03:34:20Z,95.0,Versa 4
2026-05-21T03:34:22Z,95.0,Versa 4
2026-05-21T03:34:24Z,99.0,Versa 4
2026-05-21T03:34:26Z,97.0,Versa 4
2026-05-21T03:34:28Z,113.0,Versa 4
2026-05-21T03:34:29Z,114.0,Versa 4
2026-05-21T03:34:31Z,110.0,Versa 4
2026-05-21T03:34:33Z,107.0,Versa 4
2026-05-21T03:34:35Z,105.0,Versa 4
2026-05-21T03:34:37Z,103.0,Versa 4
2026-05-21T03:34:39Z,97.0,Versa 4
2026-05-21T03:34:41Z,93.0,Versa 4
2026-05-21T03:34:43Z,91.0,Versa 4
2026-05-21T03:34:45Z,93.0,Versa 4
2026-05-21T03:34:47Z,94.0,Versa 4
2026-05-21T03:34:49Z,86.0,Versa 4
2026-05-21T03:34:51Z,80.0,Versa 4
2026-05-21T03:34:53Z,81.0,Versa 4
2026-05-21T03:34:54Z,82.0,Versa 4
2026-05-21T03:34:56Z,87.0,Versa 4
2026-05-21T03:34:58Z,92.0,Versa 4
2026-05-21T03:35:00Z,84.0,Versa 4
2026-05-21T03:35:02Z,81.0,Versa 4
2026-05-21T03:35:05Z,81.0,Versa 4
2026-05-21T03:35:06Z,84.0,Versa 4
2026-05-21T03:35:08Z,86.0,Versa 4
2026-05-21T03:35:10Z,85.0,Versa 4
2026-05-21T03:35:12Z,82.0,Versa 4
2026-05-21T03:35:14Z,80.0,Versa 4
2026-05-21T03:35:16Z,78.0,Versa 4
2026-05-21T03:35:17Z,80.0,Versa 4
2026-05-21T03:35:20Z,80.0,Versa 4
2026-05-21T03:35:23Z,80.0,Versa 4
2026-05-21T03:35:25Z,81.0,Versa 4
2026-05-21T03:35:27Z,83.0,Versa 4
2026-05-21T03:35:29Z,84.0,Versa 4
2026-05-21T03:35:31Z,88.0,Versa 4
2026-05-21T03:35:33Z,100.0,Versa 4
2026-05-21T03:35:35Z,107.0,Versa 4
2026-05-21T03:35:37Z,108.0,Versa 4
2026-05-21T03:35:39Z,102.0,Versa 4
2026-05-21T03:35:41Z,104.0,Versa 4
2026-05-21T03:35:42Z,105.0,Versa 4
2026-05-21T03:35:44Z,111.0,Versa 4
2026-05-21T03:35:46Z,110.0,Versa 4
2026-05-21T03:35:48Z,111.0,Versa 4
2026-05-21T03:35:51Z,111.0,Versa 4
2026-05-21T03:35:54Z,108.0,Versa 4
2026-05-21T03:35:56Z,104.0,Versa 4
2026-05-21T03:35:58Z,102.0,Versa 4
2026-05-21T03:36:01Z,102.0,Versa 4
2026-05-21T03:36:02Z,101.0,Versa 4
2026-05-21T03:36:04Z,100.0,Versa 4
2026-05-21T03:36:05Z,99.0,Versa 4
2026-05-21T03:36:08Z,99.0,Versa 4
2026-05-21T03:36:09Z,96.0,Versa 4
2026-05-21T03:36:12Z,96.0,Versa 4
2026-05-21T03:36:13Z,95.0,Versa 4
2026-05-21T03:36:15Z,94.0,Versa 4
2026-05-21T03:36:18Z,94.0,Versa 4
2026-05-21T03:36:19Z,92.0,Versa 4
2026-05-21T03:36:22Z,92.0,Versa 4
2026-05-21T03:36:23Z,91.0,Versa 4
2026-05-21T03:36:26Z,91.0,Versa 4
2026-05-21T03:36:27Z,90.0,Versa 4
2026-05-21T03:36:29Z,88.0,Versa 4
2026-05-21T03:36:30Z,86.0,Versa 4
2026-05-21T03:36:32Z,85.0,Versa 4
2026-05-21T03:36:34Z,84.0,Versa 4
2026-05-21T03:36:36Z,82.0,Versa 4
2026-05-21T03:36:38Z,80.0,Versa 4
2026-05-21T03:36:40Z,79.0,Versa 4
2026-05-21T03:36:42Z,78.0,Versa 4
2026-05-21T03:36:44Z,78.0,Versa 4
2026-05-21T03:36:46Z,77.0,Versa 4
2026-05-21T03:36:49Z,77.0,Versa 4
2026-05-21T03:36:50Z,76.0,Versa 4
2026-05-21T03:36:53Z,75.0,Versa 4
2026-05-21T03:36:55Z,74.0,Versa 4
2026-05-21T03:36:58Z,74.0,Versa 4
2026-05-21T03:36:59Z,74.0,Versa 4
2026-05-21T03:37:01Z,73.0,Versa 4
2026-05-21T03:37:04Z,73.0,Versa 4
2026-05-21T03:37:05Z,72.0,Versa 4
2026-05-21T03:37:08Z,72.0,Versa 4
2026-05-21T03:37:09Z,72.0,Versa 4
2026-05-21T03:37:12Z,72.0,Versa 4
2026-05-21T03:37:15Z,72.0,Versa 4
2026-05-21T03:37:17Z,72.0,Versa 4
2026-05-21T03:37:18Z,71.0,Versa 4
2026-05-21T03:37:21Z,71.0,Versa 4
2026-05-21T03:37:22Z,70.0,Versa 4
2026-05-21T03:37:25Z,70.0,Versa 4
2026-05-21T03:37:28Z,70.0,Versa 4
2026-05-21T03:37:31Z,70.0,Versa 4
2026-05-21T03:37:32Z,69.0,Versa 4
2026-05-21T03:37:34Z,68.0,Versa 4
2026-05-21T03:37:37Z,68.0,Versa 4
2026-05-21T03:37:38Z,69.0,Versa 4
2026-05-21T03:37:41Z,69.0,Versa 4
2026-05-21T03:37:44Z,69.0,Versa 4
2026-05-21T03:37:45Z,70.0,Versa 4
2026-05-21T03:37:48Z,70.0,Versa 4
2026-05-21T03:37:51Z,70.0,Versa 4
2026-05-21T03:37:54Z,70.0,Versa 4
2026-05-21T03:37:57Z,70.0,Versa 4
2026-05-21T03:38:00Z,70.0,Versa 4
2026-05-21T03:38:01Z,70.0,Versa 4
2026-05-21T03:38:04Z,70.0,Versa 4
2026-05-21T03:38:07Z,70.0,Versa 4
2026-05-21T03:38:10Z,70.0,Versa 4
2026-05-21T03:38:13Z,70.0,Versa 4
2026-05-21T03:38:16Z,70.0,Versa 4
2026-05-21T03:38:19Z,70.0,Versa 4
2026-05-21T03:38:22Z,70.0,Versa 4
2026-05-21T03:38:25Z,70.0,Versa 4
2026-05-21T03:38:28Z,70.0,Versa 4
2026-05-21T03:38:31Z,70.0,Versa 4
2026-05-21T03:38:34Z,70.0,Versa 4
2026-05-21T03:38:37Z,70.0,Versa 4
2026-05-21T03:38:39Z,71.0,Versa 4
2026-05-21T03:38:42Z,71.0,Versa 4
2026-05-21T03:38:45Z,70.0,Versa 4
2026-05-21T03:38:48Z,70.0,Versa 4
2026-05-21T03:38:51Z,70.0,Versa 4
2026-05-21T03:38:54Z,70.0,Versa 4
2026-05-21T03:38:57Z,70.0,Versa 4
2026-05-21T03:39:00Z,70.0,Versa 4
2026-05-21T03:39:02Z,71.0,Versa 4
2026-05-21T03:39:05Z,71.0,Versa 4
2026-05-21T03:39:06Z,70.0,Versa 4
2026-05-21T03:39:09Z,70.0,Versa 4
2026-05-21T03:39:12Z,70.0,Versa 4
2026-05-21T03:39:15Z,70.0,Versa 4
2026-05-21T03:39:16Z,70.0,Versa 4
2026-05-21T03:39:19Z,70.0,Versa 4
2026-05-21T03:39:22Z,70.0,Versa 4
2026-05-21T03:39:25Z,70.0,Versa 4
2026-05-21T03:39:28Z,70.0,Versa 4
2026-05-21T03:39:31Z,70.0,Versa 4
2026-05-21T03:39:34Z,70.0,Versa 4
2026-05-21T03:39:37Z,70.0,Versa 4
2026-05-21T03:39:40Z,70.0,Versa 4
2026-05-21T03:39:43Z,70.0,Versa 4
2026-05-21T03:39:46Z,70.0,Versa 4
2026-05-21T03:39:49Z,70.0,Versa 4
2026-05-21T03:39:52Z,70.0,Versa 4
2026-05-21T03:39:55Z,70.0,Versa 4
2026-05-21T03:39:58Z,71.0,Versa 4
2026-05-21T03:40:00Z,72.0,Versa 4
2026-05-21T03:40:02Z,71.0,Versa 4
2026-05-21T03:40:04Z,70.0,Versa 4
2026-05-21T03:40:07Z,70.0,Versa 4
2026-05-21T03:40:10Z,70.0,Versa 4
2026-05-21T03:40:13Z,70.0,Versa 4
2026-05-21T03:40:16Z,70.0,Versa 4
2026-05-21T03:40:19Z,70.0,Versa 4
2026-05-21T03:40:22Z,70.0,Versa 4
2026-05-21T03:40:23Z,70.0,Versa 4
2026-05-21T03:40:25Z,72.0,Versa 4
2026-05-21T03:40:27Z,74.0,Versa 4
2026-05-21T03:40:29Z,74.0,Versa 4
2026-05-21T03:40:32Z,73.0,Versa 4
2026-05-21T03:40:34Z,72.0,Versa 4
2026-05-21T03:40:36Z,72.0,Versa 4
2026-05-21T03:40:38Z,73.0,Versa 4
2026-05-21T03:40:40Z,74.0,Versa 4
2026-05-21T03:40:42Z,78.0,Versa 4
2026-05-21T03:40:44Z,81.0,Versa 4
2026-05-21T03:40:46Z,82.0,Versa 4
2026-05-21T03:40:48Z,84.0,Versa 4
2026-05-21T03:40:50Z,85.0,Versa 4
2026-05-21T03:40:52Z,84.0,Versa 4
2026-05-21T03:40:53Z,83.0,Versa 4
2026-05-21T03:40:55Z,82.0,Versa 4
2026-05-21T03:40:58Z,82.0,Versa 4
2026-05-21T03:41:01Z,81.0,Versa 4
2026-05-21T03:41:03Z,80.0,Versa 4
2026-05-21T03:41:05Z,78.0,Versa 4
2026-05-21T03:41:08Z,78.0,Versa 4
2026-05-21T03:41:09Z,76.0,Versa 4
2026-05-21T03:41:12Z,76.0,Versa 4
2026-05-21T03:41:13Z,74.0,Versa 4
2026-05-21T03:41:15Z,74.0,Versa 4
2026-05-21T03:41:17Z,73.0,Versa 4
2026-05-21T03:41:18Z,72.0,Versa 4
2026-05-21T03:41:21Z,72.0,Versa 4
2026-05-21T03:41:24Z,72.0,Versa 4
2026-05-21T03:41:26Z,72.0,Versa 4
2026-05-21T03:41:28Z,71.0,Versa 4
2026-05-21T03:41:30Z,70.0,Versa 4
2026-05-21T03:41:33Z,70.0,Versa 4
2026-05-21T03:41:34Z,69.0,Versa 4
2026-05-21T03:41:36Z,68.0,Versa 4
2026-05-21T03:41:39Z,68.0,Versa 4
2026-05-21T03:41:42Z,68.0,Versa 4
2026-05-21T03:41:45Z,68.0,Versa 4
2026-05-21T03:41:47Z,69.0,Versa 4
2026-05-21T03:41:50Z,69.0,Versa 4
2026-05-21T03:41:53Z,70.0,Versa 4
2026-05-21T03:41:56Z,70.0,Versa 4
2026-05-21T03:41:59Z,69.0,Versa 4
2026-05-21T03:42:02Z,69.0,Versa 4
2026-05-21T03:42:05Z,69.0,Versa 4
2026-05-21T03:42:08Z,70.0,Versa 4
2026-05-21T03:42:11Z,70.0,Versa 4
2026-05-21T03:42:12Z,69.0,Versa 4
2026-05-21T03:42:14Z,70.0,Versa 4
2026-05-21T03:42:16Z,71.0,Versa 4
2026-05-21T03:42:19Z,71.0,Versa 4
2026-05-21T03:42:22Z,70.0,Versa 4
2026-05-21T03:42:25Z,70.0,Versa 4
2026-05-21T03:42:26Z,70.0,Versa 4
2026-05-21T03:42:29Z,69.0,Versa 4
2026-05-21T03:42:31Z,68.0,Versa 4
2026-05-21T03:42:33Z,69.0,Versa 4
2026-05-21T03:42:35Z,70.0,Versa 4
2026-05-21T03:42:38Z,70.0,Versa 4
2026-05-21T03:42:39Z,70.0,Versa 4
2026-05-21T03:42:41Z,69.0,Versa 4
2026-05-21T03:42:43Z,68.0,Versa 4
2026-05-21T03:42:46Z,68.0,Versa 4
2026-05-21T03:42:49Z,69.0,Versa 4
2026-05-21T03:42:52Z,69.0,Versa 4
2026-05-21T03:42:54Z,70.0,Versa 4
2026-05-21T03:42:57Z,70.0,Versa 4
2026-05-21T03:42:58Z,69.0,Versa 4
2026-05-21T03:43:00Z,70.0,Versa 4
2026-05-21T03:43:03Z,70.0,Versa 4
2026-05-21T03:43:06Z,69.0,Versa 4
2026-05-21T03:43:08Z,68.0,Versa 4
2026-05-21T03:43:11Z,68.0,Versa 4
2026-05-21T03:43:12Z,69.0,Versa 4
2026-05-21T03:43:15Z,69.0,Versa 4
2026-05-21T03:43:17Z,68.0,Versa 4
2026-05-21T03:43:20Z,68.0,Versa 4
2026-05-21T03:43:23Z,68.0,Versa 4
2026-05-21T03:43:26Z,68.0,Versa 4
2026-05-21T03:43:29Z,68.0,Versa 4
2026-05-21T03:43:32Z,68.0,Versa 4
2026-05-21T03:43:35Z,68.0,Versa 4
2026-05-21T03:43:37Z,68.0,Versa 4
2026-05-21T03:43:39Z,68.0,Versa 4
2026-05-21T03:43:40Z,69.0,Versa 4
2026-05-21T03:43:43Z,69.0,Versa 4
2026-05-21T03:43:44Z,70.0,Versa 4
2026-05-21T03:43:47Z,70.0,Versa 4
2026-05-21T03:43:50Z,70.0,Versa 4
2026-05-21T03:43:53Z,70.0,Versa 4
2026-05-21T03:43:56Z,69.0,Versa 4
2026-05-21T03:43:59Z,69.0,Versa 4
2026-05-21T03:44:02Z,70.0,Versa 4
2026-05-21T03:44:05Z,70.0,Versa 4
2026-05-21T03:44:08Z,70.0,Versa 4
2026-05-21T03:44:09Z,71.0,Versa 4
2026-05-21T03:44:11Z,72.0,Versa 4
2026-05-21T03:44:13Z,72.0,Versa 4
2026-05-21T03:44:16Z,72.0,Versa 4
2026-05-21T03:44:17Z,73.0,Versa 4
2026-05-21T03:44:20Z,73.0,Versa 4
2026-05-21T03:44:21Z,72.0,Versa 4
2026-05-21T03:44:24Z,72.0,Versa 4
2026-05-21T03:44:27Z,71.0,Versa 4
2026-05-21T03:44:30Z,70.0,Versa 4
2026-05-21T03:44:33Z,70.0,Versa 4
2026-05-21T03:44:36Z,69.0,Versa 4
2026-05-21T03:44:39Z,69.0,Versa 4
2026-05-21T03:44:42Z,69.0,Versa 4
2026-05-21T03:44:44Z,68.0,Versa 4
2026-05-21T03:44:46Z,68.0,Versa 4
2026-05-21T03:44:49Z,68.0,Versa 4
2026-05-21T03:44:52Z,68.0,Versa 4
2026-05-21T03:44:55Z,68.0,Versa 4
2026-05-21T03:44:58Z,68.0,Versa 4
2026-05-21T03:45:01Z,68.0,Versa 4
2026-05-21T03:45:04Z,68.0,Versa 4
2026-05-21T03:45:05Z,69.0,Versa 4
2026-05-21T03:45:08Z,69.0,Versa 4
2026-05-21T03:45:11Z,68.0,Versa 4
2026-05-21T03:45:14Z,68.0,Versa 4
2026-05-21T03:45:17Z,68.0,Versa 4
2026-05-21T03:45:20Z,68.0,Versa 4
2026-05-21T03:45:23Z,68.0,Versa 4
2026-05-21T03:45:26Z,68.0,Versa 4
2026-05-21T03:45:29Z,68.0,Versa 4
2026-05-21T03:45:32Z,68.0,Versa 4
2026-05-21T03:45:35Z,68.0,Versa 4
2026-05-21T03:45:36Z,69.0,Versa 4
2026-05-21T03:45:39Z,69.0,Versa 4
2026-05-21T03:45:41Z,70.0,Versa 4
2026-05-21T03:45:43Z,72.0,Versa 4
2026-05-21T03:45:45Z,74.0,Versa 4
2026-05-21T03:45:47Z,73.0,Versa 4
2026-05-21T03:45:49Z,72.0,Versa 4
2026-05-21T03:45:51Z,71.0,Versa 4
2026-05-21T03:45:53Z,70.0,Versa 4
2026-05-21T03:45:55Z,70.0,Versa 4
2026-05-21T03:45:57Z,70.0,Versa 4
2026-05-21T03:45:59Z,69.0,Versa 4
2026-05-21T03:46:01Z,70.0,Versa 4
2026-05-21T03:46:04Z,70.0,Versa 4
2026-05-21T03:46:07Z,70.0,Versa 4
2026-05-21T03:46:08Z,69.0,Versa 4
2026-05-21T03:46:11Z,69.0,Versa 4
2026-05-21T03:46:14Z,70.0,Versa 4
2026-05-21T03:46:17Z,70.0,Versa 4
2026-05-21T03:46:20Z,70.0,Versa 4
2026-05-21T03:46:23Z,70.0,Versa 4
2026-05-21T03:46:26Z,70.0,Versa 4
2026-05-21T03:46:27Z,70.0,Versa 4
2026-05-21T03:46:29Z,70.0,Versa 4
2026-05-21T03:46:32Z,70.0,Versa 4
2026-05-21T03:46:35Z,70.0,Versa 4
2026-05-21T03:46:38Z,70.0,Versa 4
2026-05-21T03:46:41Z,70.0,Versa 4
2026-05-21T03:46:44Z,70.0,Versa 4
2026-05-21T03:46:47Z,70.0,Versa 4
2026-05-21T03:46:49Z,69.0,Versa 4
2026-05-21T03:46:51Z,68.0,Versa 4
2026-05-21T03:46:54Z,68.0,Versa 4
2026-05-21T03:46:57Z,68.0,Versa 4
2026-05-21T03:47:00Z,68.0,Versa 4
2026-05-21T03:47:03Z,68.0,Versa 4
2026-05-21T03:47:04Z,68.0,Versa 4
2026-05-21T03:47:07Z,68.0,Versa 4
2026-05-21T03:47:10Z,68.0,Versa 4
2026-05-21T03:47:13Z,68.0,Versa 4
2026-05-21T03:47:14Z,68.0,Versa 4
2026-05-21T03:47:15Z,68.0,Versa 4
2026-05-21T03:47:18Z,68.0,Versa 4
2026-05-21T03:47:19Z,69.0,Versa 4
2026-05-21T03:47:21Z,70.0,Versa 4
2026-05-21T03:47:23Z,71.0,Versa 4
2026-05-21T03:47:25Z,71.0,Versa 4
2026-05-21T03:47:27Z,72.0,Versa 4
2026-05-21T03:47:30Z,72.0,Versa 4
2026-05-21T03:47:33Z,72.0,Versa 4
2026-05-21T03:47:36Z,72.0,Versa 4
2026-05-21T03:47:37Z,71.0,Versa 4
2026-05-21T03:47:39Z,71.0,Versa 4
2026-05-21T03:47:40Z,72.0,Versa 4
2026-05-21T03:47:42Z,74.0,Versa 4
2026-05-21T03:47:44Z,75.0,Versa 4
2026-05-21T03:47:46Z,76.0,Versa 4
2026-05-21T03:47:49Z,76.0,Versa 4
2026-05-21T03:47:52Z,75.0,Versa 4
2026-05-21T03:47:54Z,74.0,Versa 4
2026-05-21T03:47:57Z,74.0,Versa 4
2026-05-21T03:47:58Z,72.0,Versa 4
2026-05-21T03:48:01Z,72.0,Versa 4
2026-05-21T03:48:02Z,71.0,Versa 4
2026-05-21T03:48:03Z,70.0,Versa 4
2026-05-21T03:48:06Z,70.0,Versa 4
2026-05-21T03:48:07Z,69.0,Versa 4
2026-05-21T03:48:09Z,70.0,Versa 4
2026-05-21T03:48:12Z,70.0,Versa 4
2026-05-21T03:48:13Z,72.0,Versa 4
2026-05-21T03:48:15Z,71.0,Versa 4
2026-05-21T03:48:17Z,70.0,Versa 4
2026-05-21T03:48:20Z,70.0,Versa 4
2026-05-21T03:48:21Z,72.0,Versa 4
2026-05-21T03:48:24Z,72.0,Versa 4
2026-05-21T03:48:25Z,71.0,Versa 4
2026-05-21T03:48:27Z,70.0,Versa 4
2026-05-21T03:48:30Z,69.0,Versa 4
2026-05-21T03:48:32Z,70.0,Versa 4
2026-05-21T03:48:35Z,70.0,Versa 4
2026-05-21T03:48:36Z,69.0,Versa 4
2026-05-21T03:48:39Z,69.0,Versa 4
2026-05-21T03:48:42Z,69.0,Versa 4
2026-05-21T03:48:45Z,69.0,Versa 4
2026-05-21T03:48:48Z,68.0,Versa 4
2026-05-21T03:48:50Z,69.0,Versa 4
2026-05-21T03:48:53Z,70.0,Versa 4
2026-05-21T03:48:55Z,69.0,Versa 4
2026-05-21T03:48:58Z,69.0,Versa 4
2026-05-21T03:49:01Z,70.0,Versa 4
2026-05-21T03:49:03Z,70.0,Versa 4
2026-05-21T03:49:05Z,73.0,Versa 4
2026-05-21T03:49:07Z,75.0,Versa 4
2026-05-21T03:49:09Z,76.0,Versa 4
2026-05-21T03:49:11Z,74.0,Versa 4
2026-05-21T03:49:14Z,74.0,Versa 4
2026-05-21T03:49:15Z,73.0,Versa 4
2026-05-21T03:49:16Z,72.0,Versa 4
2026-05-21T03:49:19Z,72.0,Versa 4
2026-05-21T03:49:22Z,71.0,Versa 4
2026-05-21T03:49:24Z,70.0,Versa 4
2026-05-21T03:49:26Z,70.0,Versa 4
2026-05-21T03:49:29Z,70.0,Versa 4
2026-05-21T03:49:32Z,70.0,Versa 4
2026-05-21T03:49:34Z,69.0,Versa 4
2026-05-21T03:49:37Z,69.0,Versa 4
2026-05-21T03:49:38Z,68.0,Versa 4
2026-05-21T03:49:41Z,68.0,Versa 4
2026-05-21T03:49:44Z,68.0,Versa 4
2026-05-21T03:49:47Z,69.0,Versa 4
2026-05-21T03:49:50Z,69.0,Versa 4
2026-05-21T03:49:53Z,69.0,Versa 4
2026-05-21T03:49:55Z,68.0,Versa 4
2026-05-21T03:49:58Z,68.0,Versa 4
2026-05-21T03:50:01Z,68.0,Versa 4
2026-05-21T03:50:04Z,69.0,Versa 4
2026-05-21T03:50:07Z,69.0,Versa 4
2026-05-21T03:50:08Z,68.0,Versa 4
2026-05-21T03:50:10Z,68.0,Versa 4
2026-05-21T03:50:12Z,70.0,Versa 4
2026-05-21T03:50:14Z,72.0,Versa 4
2026-05-21T03:50:16Z,84.0,Versa 4
2026-05-21T03:50:18Z,89.0,Versa 4
2026-05-21T03:50:20Z,93.0,Versa 4
2026-05-21T03:50:22Z,92.0,Versa 4
2026-05-21T03:50:24Z,87.0,Versa 4
2026-05-21T03:50:26Z,85.0,Versa 4
2026-05-21T03:50:27Z,84.0,Versa 4
2026-05-21T03:50:29Z,83.0,Versa 4
2026-05-21T03:50:31Z,81.0,Versa 4
2026-05-21T03:50:33Z,79.0,Versa 4
2026-05-21T03:50:35Z,78.0,Versa 4
2026-05-21T03:50:37Z,76.0,Versa 4
2026-05-21T03:50:39Z,74.0,Versa 4
2026-05-21T03:50:41Z,76.0,Versa 4
2026-05-21T03:50:43Z,77.0,Versa 4
2026-05-21T03:50:45Z,81.0,Versa 4
2026-05-21T03:50:47Z,91.0,Versa 4
2026-05-21T03:50:50Z,91.0,Versa 4
2026-05-21T03:50:51Z,88.0,Versa 4
2026-05-21T03:50:52Z,85.0,Versa 4
2026-05-21T03:50:54Z,83.0,Versa 4
2026-05-21T03:50:56Z,84.0,Versa 4
2026-05-21T03:50:58Z,87.0,Versa 4
2026-05-21T03:51:00Z,86.0,Versa 4
2026-05-21T03:51:02Z,83.0,Versa 4
2026-05-21T03:51:04Z,81.0,Versa 4
2026-05-21T03:51:06Z,78.0,Versa 4
2026-05-21T03:51:08Z,78.0,Versa 4
2026-05-21T03:51:10Z,78.0,Versa 4
2026-05-21T03:51:12Z,76.0,Versa 4
2026-05-21T03:51:15Z,76.0,Versa 4
2026-05-21T03:51:18Z,76.0,Versa 4
2026-05-21T03:51:21Z,75.0,Versa 4
2026-05-21T03:51:23Z,74.0,Versa 4
2026-05-21T03:51:25Z,74.0,Versa 4
2026-05-21T03:51:27Z,74.0,Versa 4
2026-05-21T03:51:29Z,73.0,Versa 4
2026-05-21T03:51:32Z,73.0,Versa 4
2026-05-21T03:51:33Z,72.0,Versa 4
2026-05-21T03:51:36Z,72.0,Versa 4
2026-05-21T03:51:39Z,72.0,Versa 4
2026-05-21T03:51:42Z,72.0,Versa 4
2026-05-21T03:51:44Z,73.0,Versa 4
2026-05-21T03:51:46Z,74.0,Versa 4
2026-05-21T03:51:49Z,74.0,Versa 4
2026-05-21T03:51:52Z,74.0,Versa 4
2026-05-21T03:51:55Z,74.0,Versa 4
2026-05-21T03:51:58Z,74.0,Versa 4
2026-05-21T03:52:00Z,74.0,Versa 4
2026-05-21T03:52:03Z,73.0,Versa 4
2026-05-21T03:52:05Z,73.0,Versa 4
2026-05-21T03:52:07Z,72.0,Versa 4
2026-05-21T03:52:10Z,72.0,Versa 4
2026-05-21T03:52:11Z,73.0,Versa 4
2026-05-21T03:52:13Z,72.0,Versa 4
2026-05-21T03:52:15Z,73.0,Versa 4
2026-05-21T03:52:17Z,74.0,Versa 4
2026-05-21T03:52:20Z,74.0,Versa 4
2026-05-21T03:52:21Z,75.0,Versa 4
2026-05-21T03:52:24Z,75.0,Versa 4
2026-05-21T03:52:27Z,75.0,Versa 4
2026-05-21T03:52:30Z,74.0,Versa 4
2026-05-21T03:52:33Z,74.0,Versa 4
2026-05-21T03:52:36Z,74.0,Versa 4
2026-05-21T03:52:39Z,74.0,Versa 4
2026-05-21T03:52:42Z,74.0,Versa 4
2026-05-21T03:52:45Z,74.0,Versa 4
2026-05-21T03:52:48Z,74.0,Versa 4
2026-05-21T03:52:51Z,75.0,Versa 4
2026-05-21T03:52:53Z,75.0,Versa 4
2026-05-21T03:52:56Z,75.0,Versa 4
2026-05-21T03:52:57Z,75.0,Versa 4
2026-05-21T03:52:59Z,74.0,Versa 4
2026-05-21T03:53:01Z,75.0,Versa 4
2026-05-21T03:53:04Z,75.0,Versa 4
2026-05-21T03:53:05Z,75.0,Versa 4
2026-05-21T03:53:07Z,74.0,Versa 4
2026-05-21T03:53:09Z,75.0,Versa 4
2026-05-21T03:53:12Z,75.0,Versa 4
2026-05-21T03:53:15Z,75.0,Versa 4
2026-05-21T03:53:16Z,74.0,Versa 4
2026-05-21T03:53:19Z,74.0,Versa 4
2026-05-21T03:53:22Z,74.0,Versa 4
2026-05-21T03:53:25Z,74.0,Versa 4
2026-05-21T03:53:28Z,74.0,Versa 4
2026-05-21T03:53:31Z,74.0,Versa 4
2026-05-21T03:53:34Z,74.0,Versa 4
2026-05-21T03:53:37Z,74.0,Versa 4
2026-05-21T03:53:40Z,74.0,Versa 4
2026-05-21T03:53:43Z,74.0,Versa 4
2026-05-21T03:53:46Z,74.0,Versa 4
2026-05-21T03:53:47Z,74.0,Versa 4
2026-05-21T03:53:49Z,76.0,Versa 4
2026-05-21T03:53:51Z,78.0,Versa 4
2026-05-21T03:53:53Z,80.0,Versa 4
2026-05-21T03:53:55Z,81.0,Versa 4
2026-05-21T03:53:57Z,84.0,Versa 4
2026-05-21T03:53:59Z,86.0,Versa 4
2026-05-21T03:54:01Z,88.0,Versa 4
2026-05-21T03:54:03Z,86.0,Versa 4
2026-05-21T03:54:04Z,81.0,Versa 4
2026-05-21T03:54:06Z,80.0,Versa 4
2026-05-21T03:54:08Z,81.0,Versa 4
2026-05-21T03:54:11Z,81.0,Versa 4
2026-05-21T03:54:12Z,83.0,Versa 4
2026-05-21T03:54:14Z,84.0,Versa 4
2026-05-21T03:54:17Z,84.0,Versa 4
2026-05-21T03:54:18Z,86.0,Versa 4
2026-05-21T03:54:20Z,85.0,Versa 4
2026-05-21T03:54:23Z,85.0,Versa 4
2026-05-21T03:54:26Z,85.0,Versa 4
2026-05-21T03:54:27Z,82.0,Versa 4
2026-05-21T03:54:29Z,80.0,Versa 4
2026-05-21T03:54:31Z,78.0,Versa 4
2026-05-21T03:54:33Z,78.0,Versa 4
2026-05-21T03:54:35Z,77.0,Versa 4
2026-05-21T03:54:38Z,77.0,Versa 4
2026-05-21T03:54:39Z,76.0,Versa 4
2026-05-21T03:54:41Z,75.0,Versa 4
2026-05-21T03:54:43Z,74.0,Versa 4
2026-05-21T03:54:45Z,73.0,Versa 4
2026-05-21T03:54:48Z,73.0,Versa 4
2026-05-21T03:54:49Z,72.0,Versa 4
2026-05-21T03:54:51Z,72.0,Versa 4
2026-05-21T03:54:54Z,72.0,Versa 4
2026-05-21T03:54:56Z,72.0,Versa 4
2026-05-21T03:54:58Z,73.0,Versa 4
2026-05-21T03:55:01Z,73.0,Versa 4
2026-05-21T03:55:02Z,72.0,Versa 4
2026-05-21T03:55:04Z,73.0,Versa 4
2026-05-21T03:55:06Z,72.0,Versa 4
2026-05-21T03:55:09Z,72.0,Versa 4
2026-05-21T03:55:12Z,72.0,Versa 4
2026-05-21T03:55:14Z,72.0,Versa 4
2026-05-21T03:55:17Z,72.0,Versa 4
2026-05-21T03:55:20Z,72.0,Versa 4
2026-05-21T03:55:23Z,72.0,Versa 4
2026-05-21T03:55:26Z,72.0,Versa 4
2026-05-21T03:55:29Z,72.0,Versa 4
2026-05-21T03:55:32Z,72.0,Versa 4
2026-05-21T03:55:33Z,74.0,Versa 4
2026-05-21T03:55:36Z,74.0,Versa 4
2026-05-21T03:55:37Z,73.0,Versa 4
2026-05-21T03:55:39Z,72.0,Versa 4
2026-05-21T03:55:42Z,72.0,Versa 4
2026-05-21T03:55:44Z,71.0,Versa 4
2026-05-21T03:55:46Z,70.0,Versa 4
2026-05-21T03:55:49Z,70.0,Versa 4
2026-05-21T03:55:52Z,71.0,Versa 4
2026-05-21T03:55:55Z,71.0,Versa 4
2026-05-21T03:55:58Z,70.0,Versa 4
2026-05-21T03:56:01Z,70.0,Versa 4
2026-05-21T03:56:02Z,71.0,Versa 4
2026-05-21T03:56:05Z,70.0,Versa 4
2026-05-21T03:56:08Z,70.0,Versa 4
2026-05-21T03:56:11Z,70.0,Versa 4
2026-05-21T03:56:13Z,70.0,Versa 4
2026-05-21T03:56:16Z,70.0,Versa 4
2026-05-21T03:56:19Z,70.0,Versa 4
2026-05-21T03:56:22Z,70.0,Versa 4
2026-05-21T03:56:25Z,70.0,Versa 4
2026-05-21T03:56:28Z,70.0,Versa 4
2026-05-21T03:56:30Z,71.0,Versa 4
2026-05-21T03:56:33Z,71.0,Versa 4
2026-05-21T03:56:34Z,70.0,Versa 4
2026-05-21T03:56:37Z,70.0,Versa 4
2026-05-21T03:56:40Z,70.0,Versa 4
2026-05-21T03:56:43Z,70.0,Versa 4
2026-05-21T03:56:46Z,70.0,Versa 4
2026-05-21T03:56:48Z,71.0,Versa 4
2026-05-21T03:56:50Z,72.0,Versa 4
2026-05-21T03:56:53Z,72.0,Versa 4
2026-05-21T03:56:55Z,72.0,Versa 4
2026-05-21T03:56:57Z,71.0,Versa 4
2026-05-21T03:57:00Z,71.0,Versa 4
2026-05-21T03:57:03Z,70.0,Versa 4
2026-05-21T03:57:06Z,70.0,Versa 4
2026-05-21T03:57:09Z,72.0,Versa 4
2026-05-21T03:57:12Z,72.0,Versa 4
2026-05-21T03:57:15Z,72.0,Versa 4
2026-05-21T03:57:16Z,74.0,Versa 4
2026-05-21T03:57:18Z,76.0,Versa 4
2026-05-21T03:57:21Z,76.0,Versa 4
2026-05-21T03:57:22Z,76.0,Versa 4
2026-05-21T03:57:24Z,74.0,Versa 4
2026-05-21T03:57:26Z,74.0,Versa 4
2026-05-21T03:57:29Z,74.0,Versa 4
2026-05-21T03:57:30Z,73.0,Versa 4
2026-05-21T03:57:32Z,72.0,Versa 4
2026-05-21T03:57:35Z,72.0,Versa 4
2026-05-21T03:57:38Z,72.0,Versa 4
2026-05-21T03:57:41Z,71.0,Versa 4
2026-05-21T03:57:44Z,71.0,Versa 4
2026-05-21T03:57:45Z,70.0,Versa 4
2026-05-21T03:57:47Z,71.0,Versa 4
2026-05-21T03:57:49Z,72.0,Versa 4
2026-05-21T03:57:51Z,74.0,Versa 4
2026-05-21T03:57:53Z,76.0,Versa 4
2026-05-21T03:57:55Z,78.0,Versa 4
2026-05-21T03:57:57Z,79.0,Versa 4
2026-05-21T03:57:59Z,78.0,Versa 4
2026-05-21T03:58:01Z,76.0,Versa 4
2026-05-21T03:58:04Z,74.0,Versa 4
2026-05-21T03:58:06Z,73.0,Versa 4
2026-05-21T03:58:08Z,73.0,Versa 4
2026-05-21T03:58:10Z,74.0,Versa 4
2026-05-21T03:58:11Z,76.0,Versa 4
2026-05-21T03:58:13Z,75.0,Versa 4
2026-05-21T03:58:14Z,74.0,Versa 4
2026-05-21T03:58:17Z,74.0,Versa 4
2026-05-21T03:58:20Z,73.0,Versa 4
2026-05-21T03:58:22Z,72.0,Versa 4
2026-05-21T03:58:25Z,72.0,Versa 4
2026-05-21T03:58:28Z,72.0,Versa 4
2026-05-21T03:58:31Z,72.0,Versa 4
2026-05-21T03:58:32Z,72.0,Versa 4
2026-05-21T03:58:35Z,72.0,Versa 4
2026-05-21T03:58:38Z,72.0,Versa 4
2026-05-21T03:58:41Z,72.0,Versa 4
2026-05-21T03:58:44Z,72.0,Versa 4
2026-05-21T03:58:47Z,72.0,Versa 4
2026-05-21T03:58:49Z,73.0,Versa 4
2026-05-21T03:58:51Z,72.0,Versa 4
2026-05-21T03:58:54Z,72.0,Versa 4
2026-05-21T03:58:57Z,72.0,Versa 4
2026-05-21T03:58:59Z,72.0,Versa 4
2026-05-21T03:59:01Z,72.0,Versa 4
2026-05-21T03:59:02Z,71.0,Versa 4
2026-05-21T03:59:04Z,70.0,Versa 4
2026-05-21T03:59:07Z,70.0,Versa 4
2026-05-21T03:59:10Z,70.0,Versa 4
2026-05-21T03:59:13Z,70.0,Versa 4
2026-05-21T03:59:16Z,70.0,Versa 4
2026-05-21T03:59:18Z,70.0,Versa 4
2026-05-21T03:59:21Z,70.0,Versa 4
2026-05-21T03:59:24Z,71.0,Versa 4
2026-05-21T03:59:27Z,72.0,Versa 4
2026-05-21T03:59:30Z,72.0,Versa 4
2026-05-21T03:59:31Z,71.0,Versa 4
2026-05-21T03:59:34Z,71.0,Versa 4
2026-05-21T03:59:37Z,71.0,Versa 4
2026-05-21T03:59:40Z,71.0,Versa 4
2026-05-21T03:59:43Z,72.0,Versa 4
2026-05-21T03:59:46Z,72.0,Versa 4
2026-05-21T03:59:47Z,72.0,Versa 4
2026-05-21T03:59:50Z,72.0,Versa 4
2026-05-21T03:59:53Z,72.0,Versa 4
2026-05-21T03:59:56Z,72.0,Versa 4
2026-05-21T03:59:58Z,71.0,Versa 4
2026-05-21T04:00:01Z,71.0,Versa 4
2026-05-21T04:00:04Z,72.0,Versa 4
2026-05-21T04:00:07Z,72.0,Versa 4
2026-05-21T04:00:10Z,72.0,Versa 4
2026-05-21T04:00:12Z,72.0,Versa 4
2026-05-21T04:00:13Z,71.0,Versa 4
2026-05-21T04:00:15Z,71.0,Versa 4
2026-05-21T04:00:17Z,73.0,Versa 4
2026-05-21T04:00:19Z,74.0,Versa 4
2026-05-21T04:00:21Z,73.0,Versa 4
2026-05-21T04:00:23Z,74.0,Versa 4
2026-05-21T04:00:25Z,73.0,Versa 4
2026-05-21T04:00:27Z,72.0,Versa 4
2026-05-21T04:00:30Z,72.0,Versa 4
2026-05-21T04:00:31Z,72.0,Versa 4
2026-05-21T04:00:33Z,72.0,Versa 4
2026-05-21T04:00:36Z,72.0,Versa 4
2026-05-21T04:00:37Z,71.0,Versa 4
2026-05-21T04:00:40Z,71.0,Versa 4
2026-05-21T04:00:43Z,71.0,Versa 4
2026-05-21T04:00:46Z,71.0,Versa 4
2026-05-21T04:00:49Z,71.0,Versa 4
2026-05-21T04:00:52Z,71.0,Versa 4
2026-05-21T04:00:55Z,71.0,Versa 4
2026-05-21T04:00:56Z,72.0,Versa 4
2026-05-21T04:00:58Z,71.0,Versa 4
2026-05-21T04:01:01Z,72.0,Versa 4
2026-05-21T04:01:03Z,73.0,Versa 4
2026-05-21T04:01:05Z,76.0,Versa 4
2026-05-21T04:01:07Z,79.0,Versa 4
2026-05-21T04:01:09Z,82.0,Versa 4
2026-05-21T04:01:11Z,86.0,Versa 4
2026-05-21T04:01:13Z,89.0,Versa 4
2026-05-21T04:01:15Z,91.0,Versa 4
2026-05-21T04:01:18Z,91.0,Versa 4
2026-05-21T04:01:19Z,89.0,Versa 4
2026-05-21T04:01:21Z,86.0,Versa 4
2026-05-21T04:01:23Z,83.0,Versa 4
2026-05-21T04:01:25Z,80.0,Versa 4
2026-05-21T04:01:26Z,77.0,Versa 4
2026-05-21T04:01:28Z,76.0,Versa 4
2026-05-21T04:01:30Z,75.0,Versa 4
2026-05-21T04:01:33Z,75.0,Versa 4
2026-05-21T04:01:34Z,74.0,Versa 4
2026-05-21T04:01:37Z,74.0,Versa 4
2026-05-21T04:01:40Z,74.0,Versa 4
2026-05-21T04:01:43Z,74.0,Versa 4
2026-05-21T04:01:44Z,73.0,Versa 4
2026-05-21T04:01:47Z,73.0,Versa 4
2026-05-21T04:01:48Z,74.0,Versa 4
2026-05-21T04:01:49Z,72.0,Versa 4
2026-05-21T04:01:51Z,74.0,Versa 4
2026-05-21T04:01:53Z,73.0,Versa 4
2026-05-21T04:01:55Z,72.0,Versa 4
2026-05-21T04:01:58Z,72.0,Versa 4
2026-05-21T04:01:59Z,71.0,Versa 4
2026-05-21T04:02:01Z,72.0,Versa 4
2026-05-21T04:02:04Z,72.0,Versa 4
2026-05-21T04:02:05Z,71.0,Versa 4
2026-05-21T04:02:08Z,71.0,Versa 4
2026-05-21T04:02:11Z,70.0,Versa 4
2026-05-21T04:02:13Z,71.0,Versa 4
2026-05-21T04:02:16Z,73.0,Versa 4
2026-05-21T04:02:18Z,75.0,Versa 4
2026-05-21T04:02:21Z,75.0,Versa 4
2026-05-21T04:02:22Z,75.0,Versa 4
2026-05-21T04:02:25Z,75.0,Versa 4
2026-05-21T04:02:26Z,73.0,Versa 4
2026-05-21T04:02:28Z,72.0,Versa 4
2026-05-21T04:02:31Z,72.0,Versa 4
2026-05-21T04:02:34Z,72.0,Versa 4
2026-05-21T04:02:37Z,72.0,Versa 4
2026-05-21T04:02:39Z,71.0,Versa 4
2026-05-21T04:02:41Z,72.0,Versa 4
2026-05-21T04:02:44Z,72.0,Versa 4
2026-05-21T04:02:47Z,72.0,Versa 4
2026-05-21T04:02:50Z,72.0,Versa 4
2026-05-21T04:02:53Z,74.0,Versa 4
2026-05-21T04:02:55Z,76.0,Versa 4
2026-05-21T04:02:57Z,78.0,Versa 4
2026-05-21T04:02:59Z,80.0,Versa 4
2026-05-21T04:03:02Z,79.0,Versa 4
2026-05-21T04:03:04Z,77.0,Versa 4
2026-05-21T04:03:06Z,76.0,Versa 4
2026-05-21T04:03:08Z,74.0,Versa 4
2026-05-21T04:03:10Z,73.0,Versa 4
2026-05-21T04:03:12Z,72.0,Versa 4
2026-05-21T04:03:15Z,72.0,Versa 4
2026-05-21T04:03:16Z,71.0,Versa 4
2026-05-21T04:03:18Z,70.0,Versa 4
2026-05-21T04:03:20Z,70.0,Versa 4
2026-05-21T04:03:23Z,70.0,Versa 4
2026-05-21T04:03:24Z,70.0,Versa 4
2026-05-21T04:03:27Z,71.0,Versa 4
2026-05-21T04:03:29Z,72.0,Versa 4
2026-05-21T04:03:31Z,73.0,Versa 4
2026-05-21T04:03:34Z,73.0,Versa 4
2026-05-21T04:03:35Z,85.0,Versa 4
2026-05-21T04:03:37Z,94.0,Versa 4
2026-05-21T04:03:39Z,89.0,Versa 4
2026-05-21T04:03:41Z,91.0,Versa 4
2026-05-21T04:03:43Z,92.0,Versa 4
2026-05-21T04:03:45Z,86.0,Versa 4
2026-05-21T04:03:47Z,87.0,Versa 4
2026-05-21T04:03:49Z,84.0,Versa 4
2026-05-21T04:03:50Z,79.0,Versa 4
2026-05-21T04:03:52Z,77.0,Versa 4
2026-05-21T04:03:54Z,76.0,Versa 4
2026-05-21T04:03:56Z,74.0,Versa 4
2026-05-21T04:03:58Z,75.0,Versa 4
2026-05-21T04:04:00Z,77.0,Versa 4
2026-05-21T04:04:02Z,79.0,Versa 4
2026-05-21T04:04:04Z,78.0,Versa 4
2026-05-21T04:04:06Z,77.0,Versa 4
2026-05-21T04:04:08Z,74.0,Versa 4
2026-05-21T04:04:10Z,72.0,Versa 4
2026-05-21T04:04:13Z,71.0,Versa 4
2026-05-21T04:04:15Z,71.0,Versa 4
2026-05-21T04:04:17Z,73.0,Versa 4
2026-05-21T04:04:20Z,73.0,Versa 4
2026-05-21T04:04:23Z,73.0,Versa 4
2026-05-21T04:04:26Z,73.0,Versa 4
2026-05-21T04:04:29Z,73.0,Versa 4
2026-05-21T04:04:31Z,74.0,Versa 4
2026-05-21T04:04:34Z,74.0,Versa 4
2026-05-21T04:04:35Z,75.0,Versa 4
2026-05-21T04:04:37Z,77.0,Versa 4
2026-05-21T04:04:38Z,76.0,Versa 4
2026-05-21T04:04:40Z,75.0,Versa 4
2026-05-21T04:04:42Z,76.0,Versa 4
2026-05-21T04:04:44Z,75.0,Versa 4
2026-05-21T04:04:46Z,74.0,Versa 4
2026-05-21T04:04:48Z,75.0,Versa 4
2026-05-21T04:04:51Z,75.0,Versa 4
2026-05-21T04:04:52Z,74.0,Versa 4
2026-05-21T04:04:54Z,75.0,Versa 4
2026-05-21T04:04:56Z,74.0,Versa 4
2026-05-21T04:04:58Z,73.0,Versa 4
2026-05-21T04:05:00Z,74.0,Versa 4
2026-05-21T04:05:01Z,73.0,Versa 4
2026-05-21T04:05:04Z,73.0,Versa 4
2026-05-21T04:05:05Z,74.0,Versa 4
2026-05-21T04:05:07Z,73.0,Versa 4
2026-05-21T04:05:10Z,73.0,Versa 4
2026-05-21T04:05:11Z,75.0,Versa 4
2026-05-21T04:05:13Z,73.0,Versa 4
2026-05-21T04:05:15Z,72.0,Versa 4
2026-05-21T04:05:17Z,73.0,Versa 4
2026-05-21T04:05:20Z,73.0,Versa 4
2026-05-21T04:05:23Z,73.0,Versa 4
2026-05-21T04:05:25Z,72.0,Versa 4
2026-05-21T04:05:26Z,74.0,Versa 4
2026-05-21T04:05:28Z,75.0,Versa 4
2026-05-21T04:05:31Z,75.0,Versa 4
2026-05-21T04:05:32Z,74.0,Versa 4
2026-05-21T04:05:34Z,75.0,Versa 4
2026-05-21T04:05:37Z,75.0,Versa 4
2026-05-21T04:05:38Z,74.0,Versa 4
2026-05-21T04:05:41Z,74.0,Versa 4
2026-05-21T04:05:44Z,75.0,Versa 4
2026-05-21T04:05:46Z,74.0,Versa 4
2026-05-21T04:05:49Z,74.0,Versa 4
2026-05-21T04:05:52Z,74.0,Versa 4
2026-05-21T04:05:55Z,72.0,Versa 4
2026-05-21T04:05:58Z,72.0,Versa 4
2026-05-21T04:05:59Z,74.0,Versa 4
2026-05-21T04:06:02Z,74.0,Versa 4
2026-05-21T04:06:03Z,75.0,Versa 4
2026-05-21T04:06:05Z,76.0,Versa 4
2026-05-21T04:06:08Z,76.0,Versa 4
2026-05-21T04:06:11Z,75.0,Versa 4
2026-05-21T04:06:13Z,74.0,Versa 4
2026-05-21T04:06:16Z,74.0,Versa 4
2026-05-21T04:06:18Z,73.0,Versa 4
2026-05-21T04:06:21Z,73.0,Versa 4
2026-05-21T04:06:24Z,73.0,Versa 4
2026-05-21T04:06:26Z,74.0,Versa 4
2026-05-21T04:06:28Z,75.0,Versa 4
2026-05-21T04:06:30Z,74.0,Versa 4
2026-05-21T04:06:33Z,74.0,Versa 4
2026-05-21T04:06:34Z,76.0,Versa 4
2026-05-21T04:06:36Z,77.0,Versa 4
2026-05-21T04:06:37Z,80.0,Versa 4
2026-05-21T04:06:40Z,80.0,Versa 4
2026-05-21T04:06:41Z,81.0,Versa 4
2026-05-21T04:06:43Z,79.0,Versa 4
2026-05-21T04:06:45Z,77.0,Versa 4
2026-05-21T04:06:47Z,76.0,Versa 4
2026-05-21T04:06:49Z,75.0,Versa 4
2026-05-21T04:06:51Z,74.0,Versa 4
2026-05-21T04:06:53Z,73.0,Versa 4
2026-05-21T04:06:55Z,72.0,Versa 4
2026-05-21T04:06:58Z,72.0,Versa 4
2026-05-21T04:07:01Z,72.0,Versa 4
2026-05-21T04:07:02Z,73.0,Versa 4
2026-05-21T04:07:04Z,73.0,Versa 4
2026-05-21T04:07:06Z,74.0,Versa 4
2026-05-21T04:07:09Z,74.0,Versa 4
2026-05-21T04:07:10Z,73.0,Versa 4
2026-05-21T04:07:12Z,74.0,Versa 4
2026-05-21T04:07:15Z,74.0,Versa 4
2026-05-21T04:07:16Z,74.0,Versa 4
2026-05-21T04:07:18Z,75.0,Versa 4
2026-05-21T04:07:21Z,75.0,Versa 4
2026-05-21T04:07:22Z,75.0,Versa 4
2026-05-21T04:07:25Z,75.0,Versa 4
2026-05-21T04:07:27Z,74.0,Versa 4
2026-05-21T04:07:29Z,75.0,Versa 4
2026-05-21T04:07:32Z,75.0,Versa 4
2026-05-21T04:07:33Z,74.0,Versa 4
2026-05-21T04:07:36Z,74.0,Versa 4
2026-05-21T04:07:39Z,73.0,Versa 4
2026-05-21T04:07:41Z,73.0,Versa 4
2026-05-21T04:07:43Z,72.0,Versa 4
2026-05-21T04:07:45Z,72.0,Versa 4
2026-05-21T04:07:47Z,73.0,Versa 4
2026-05-21T04:07:50Z,74.0,Versa 4
2026-05-21T04:07:53Z,74.0,Versa 4
2026-05-21T04:07:56Z,74.0,Versa 4
2026-05-21T04:07:58Z,73.0,Versa 4
2026-05-21T04:08:01Z,73.0,Versa 4
2026-05-21T04:08:02Z,72.0,Versa 4
2026-05-21T04:08:05Z,72.0,Versa 4
2026-05-21T04:08:06Z,72.0,Versa 4
2026-05-21T04:08:08Z,71.0,Versa 4
2026-05-21T04:08:10Z,71.0,Versa 4
2026-05-21T04:08:12Z,70.0,Versa 4
2026-05-21T04:08:15Z,70.0,Versa 4
2026-05-21T04:08:18Z,70.0,Versa 4
2026-05-21T04:08:21Z,70.0,Versa 4
2026-05-21T04:08:24Z,70.0,Versa 4
2026-05-21T04:08:27Z,70.0,Versa 4
2026-05-21T04:08:30Z,70.0,Versa 4
2026-05-21T04:08:33Z,70.0,Versa 4
2026-05-21T04:08:36Z,70.0,Versa 4
2026-05-21T04:08:39Z,70.0,Versa 4
2026-05-21T04:08:42Z,70.0,Versa 4
2026-05-21T04:08:45Z,70.0,Versa 4
2026-05-21T04:08:48Z,70.0,Versa 4
2026-05-21T04:08:51Z,70.0,Versa 4
2026-05-21T04:08:54Z,70.0,Versa 4
2026-05-21T04:08:57Z,70.0,Versa 4
2026-05-21T04:09:00Z,70.0,Versa 4
2026-05-21T04:09:03Z,69.0,Versa 4
2026-05-21T04:09:06Z,69.0,Versa 4
2026-05-21T04:09:09Z,70.0,Versa 4
2026-05-21T04:09:12Z,70.0,Versa 4
2026-05-21T04:09:13Z,72.0,Versa 4
2026-05-21T04:09:15Z,74.0,Versa 4
2026-05-21T04:09:18Z,74.0,Versa 4
2026-05-21T04:09:19Z,73.0,Versa 4
2026-05-21T04:09:21Z,72.0,Versa 4
2026-05-21T04:09:23Z,72.0,Versa 4
2026-05-21T04:09:25Z,71.0,Versa 4
2026-05-21T04:09:26Z,70.0,Versa 4
2026-05-21T04:09:29Z,70.0,Versa 4
2026-05-21T04:09:32Z,70.0,Versa 4
2026-05-21T04:09:35Z,70.0,Versa 4
2026-05-21T04:09:36Z,69.0,Versa 4
2026-05-21T04:09:39Z,69.0,Versa 4
2026-05-21T04:09:42Z,69.0,Versa 4
2026-05-21T04:09:44Z,70.0,Versa 4
2026-05-21T04:09:47Z,70.0,Versa 4
2026-05-21T04:09:50Z,70.0,Versa 4
2026-05-21T04:09:53Z,70.0,Versa 4
2026-05-21T04:09:56Z,70.0,Versa 4
2026-05-21T04:09:59Z,70.0,Versa 4
2026-05-21T04:10:02Z,70.0,Versa 4
2026-05-21T04:10:03Z,70.0,Versa 4
2026-05-21T04:10:06Z,70.0,Versa 4
2026-05-21T04:10:09Z,70.0,Versa 4
2026-05-21T04:10:11Z,70.0,Versa 4
2026-05-21T04:10:14Z,71.0,Versa 4
2026-05-21T04:10:16Z,72.0,Versa 4
2026-05-21T04:10:18Z,73.0,Versa 4
2026-05-21T04:10:21Z,73.0,Versa 4
2026-05-21T04:10:22Z,72.0,Versa 4
2026-05-21T04:10:24Z,73.0,Versa 4
2026-05-21T04:10:27Z,73.0,Versa 4
2026-05-21T04:10:28Z,73.0,Versa 4
2026-05-21T04:10:30Z,72.0,Versa 4
2026-05-21T04:10:32Z,72.0,Versa 4
2026-05-21T04:10:35Z,72.0,Versa 4
2026-05-21T04:10:36Z,70.0,Versa 4
2026-05-21T04:10:37Z,70.0,Versa 4
2026-05-21T04:10:39Z,70.0,Versa 4
2026-05-21T04:10:41Z,70.0,Versa 4
2026-05-21T04:10:44Z,70.0,Versa 4
2026-05-21T04:10:47Z,70.0,Versa 4
2026-05-21T04:10:49Z,70.0,Versa 4
2026-05-21T04:10:51Z,71.0,Versa 4
2026-05-21T04:10:53Z,71.0,Versa 4
2026-05-21T04:10:55Z,70.0,Versa 4
2026-05-21T04:10:57Z,71.0,Versa 4
2026-05-21T04:10:59Z,71.0,Versa 4
2026-05-21T04:11:02Z,71.0,Versa 4
2026-05-21T04:11:05Z,71.0,Versa 4
2026-05-21T04:11:08Z,71.0,Versa 4
2026-05-21T04:11:11Z,71.0,Versa 4
2026-05-21T04:11:12Z,71.0,Versa 4
2026-05-21T04:11:14Z,70.0,Versa 4
2026-05-21T04:11:17Z,70.0,Versa 4
2026-05-21T04:11:18Z,70.0,Versa 4
2026-05-21T04:11:21Z,70.0,Versa 4
2026-05-21T04:11:22Z,70.0,Versa 4
2026-05-21T04:11:24Z,69.0,Versa 4
2026-05-21T04:11:25Z,69.0,Versa 4
2026-05-21T04:11:28Z,69.0,Versa 4
2026-05-21T04:11:29Z,68.0,Versa 4
2026-05-21T04:11:32Z,68.0,Versa 4
2026-05-21T04:11:33Z,69.0,Versa 4
2026-05-21T04:11:36Z,69.0,Versa 4
2026-05-21T04:11:37Z,69.0,Versa 4
2026-05-21T04:11:39Z,70.0,Versa 4
2026-05-21T04:11:41Z,71.0,Versa 4
2026-05-21T04:11:43Z,71.0,Versa 4
2026-05-21T04:11:46Z,71.0,Versa 4
2026-05-21T04:11:49Z,70.0,Versa 4
2026-05-21T04:11:50Z,71.0,Versa 4
2026-05-21T04:11:52Z,71.0,Versa 4
2026-05-21T04:11:55Z,71.0,Versa 4
2026-05-21T04:11:58Z,71.0,Versa 4
2026-05-21T04:12:00Z,71.0,Versa 4
2026-05-21T04:12:03Z,71.0,Versa 4
2026-05-21T04:12:06Z,70.0,Versa 4
2026-05-21T04:12:08Z,71.0,Versa 4
2026-05-21T04:12:10Z,71.0,Versa 4
2026-05-21T04:12:13Z,71.0,Versa 4
2026-05-21T04:12:16Z,71.0,Versa 4
2026-05-21T04:12:17Z,70.0,Versa 4
2026-05-21T04:12:19Z,71.0,Versa 4
2026-05-21T04:12:22Z,71.0,Versa 4
2026-05-21T04:12:23Z,70.0,Versa 4
2026-05-21T04:12:25Z,71.0,Versa 4
2026-05-21T04:12:27Z,70.0,Versa 4
2026-05-21T04:12:30Z,70.0,Versa 4
2026-05-21T04:12:31Z,71.0,Versa 4
2026-05-21T04:12:34Z,71.0,Versa 4
2026-05-21T04:12:37Z,74.0,Versa 4
2026-05-21T04:12:38Z,77.0,Versa 4
2026-05-21T04:12:40Z,78.0,Versa 4
2026-05-21T04:12:42Z,77.0,Versa 4
2026-05-21T04:12:44Z,76.0,Versa 4
2026-05-21T04:12:46Z,76.0,Versa 4
2026-05-21T04:12:48Z,75.0,Versa 4
2026-05-21T04:12:50Z,74.0,Versa 4
2026-05-21T04:12:52Z,73.0,Versa 4
2026-05-21T04:12:55Z,73.0,Versa 4
2026-05-21T04:12:56Z,72.0,Versa 4
2026-05-21T04:12:59Z,72.0,Versa 4
2026-05-21T04:13:00Z,71.0,Versa 4
2026-05-21T04:13:01Z,70.0,Versa 4
2026-05-21T04:13:03Z,70.0,Versa 4
2026-05-21T04:13:06Z,70.0,Versa 4
2026-05-21T04:13:09Z,70.0,Versa 4
2026-05-21T04:13:11Z,70.0,Versa 4
2026-05-21T04:13:13Z,69.0,Versa 4
2026-05-21T04:13:15Z,68.0,Versa 4
2026-05-21T04:13:18Z,68.0,Versa 4
2026-05-21T04:13:21Z,68.0,Versa 4
2026-05-21T04:13:25Z,68.0,Versa 4
2026-05-21T04:13:28Z,68.0,Versa 4
2026-05-21T04:13:31Z,68.0,Versa 4
2026-05-21T04:13:34Z,68.0,Versa 4
2026-05-21T04:13:35Z,68.0,Versa 4
2026-05-21T04:13:38Z,68.0,Versa 4
2026-05-21T04:13:39Z,69.0,Versa 4
2026-05-21T04:13:42Z,69.0,Versa 4
2026-05-21T04:13:45Z,69.0,Versa 4
2026-05-21T04:13:48Z,69.0,Versa 4
2026-05-21T04:13:51Z,69.0,Versa 4
2026-05-21T04:13:54Z,69.0,Versa 4
2026-05-21T04:13:56Z,68.0,Versa 4
2026-05-21T04:13:59Z,68.0,Versa 4
2026-05-21T04:14:02Z,68.0,Versa 4
2026-05-21T04:14:05Z,68.0,Versa 4
2026-05-21T04:14:08Z,68.0,Versa 4
2026-05-21T04:14:11Z,68.0,Versa 4
2026-05-21T04:14:14Z,68.0,Versa 4
2026-05-21T04:14:17Z,68.0,Versa 4
2026-05-21T04:14:20Z,68.0,Versa 4
2026-05-21T04:14:23Z,68.0,Versa 4
2026-05-21T04:14:26Z,68.0,Versa 4
2026-05-21T04:14:29Z,68.0,Versa 4
2026-05-21T04:14:32Z,68.0,Versa 4
2026-05-21T04:14:35Z,68.0,Versa 4
2026-05-21T04:14:38Z,69.0,Versa 4
2026-05-21T04:14:40Z,68.0,Versa 4
2026-05-21T04:14:42Z,69.0,Versa 4
2026-05-21T04:14:44Z,70.0,Versa 4
2026-05-21T04:14:46Z,71.0,Versa 4
2026-05-21T04:14:48Z,72.0,Versa 4
2026-05-21T04:14:50Z,73.0,Versa 4
2026-05-21T04:14:52Z,72.0,Versa 4
2026-05-21T04:14:54Z,73.0,Versa 4
2026-05-21T04:14:57Z,71.0,Versa 4
2026-05-21T04:14:59Z,70.0,Versa 4
2026-05-21T04:15:01Z,69.0,Versa 4
2026-05-21T04:15:04Z,69.0,Versa 4
2026-05-21T04:15:05Z,70.0,Versa 4
2026-05-21T04:15:08Z,70.0,Versa 4
2026-05-21T04:15:11Z,70.0,Versa 4
2026-05-21T04:15:13Z,70.0,Versa 4
2026-05-21T04:15:15Z,69.0,Versa 4
2026-05-21T04:15:17Z,70.0,Versa 4
2026-05-21T04:15:19Z,71.0,Versa 4
2026-05-21T04:15:21Z,74.0,Versa 4
2026-05-21T04:15:22Z,76.0,Versa 4
2026-05-21T04:15:25Z,76.0,Versa 4
2026-05-21T04:15:28Z,75.0,Versa 4
2026-05-21T04:15:30Z,74.0,Versa 4
2026-05-21T04:15:32Z,73.0,Versa 4
2026-05-21T04:15:34Z,72.0,Versa 4
2026-05-21T04:15:37Z,72.0,Versa 4
2026-05-21T04:15:38Z,72.0,Versa 4
2026-05-21T04:15:40Z,71.0,Versa 4
2026-05-21T04:15:43Z,71.0,Versa 4
2026-05-21T04:15:44Z,71.0,Versa 4
2026-05-21T04:15:45Z,72.0,Versa 4
2026-05-21T04:15:48Z,72.0,Versa 4
2026-05-21T04:15:49Z,71.0,Versa 4
2026-05-21T04:15:51Z,72.0,Versa 4
2026-05-21T04:15:54Z,72.0,Versa 4
2026-05-21T04:15:55Z,71.0,Versa 4
2026-05-21T04:15:57Z,72.0,Versa 4
2026-05-21T04:15:59Z,73.0,Versa 4
2026-05-21T04:16:01Z,72.0,Versa 4
2026-05-21T04:16:03Z,74.0,Versa 4
2026-05-21T04:16:05Z,79.0,Versa 4
2026-05-21T04:16:07Z,83.0,Versa 4
2026-05-21T04:16:09Z,85.0,Versa 4
2026-05-21T04:16:10Z,87.0,Versa 4
2026-05-21T04:16:12Z,85.0,Versa 4
2026-05-21T04:16:14Z,84.0,Versa 4
2026-05-21T04:16:16Z,83.0,Versa 4
2026-05-21T04:16:18Z,81.0,Versa 4
2026-05-21T04:16:20Z,79.0,Versa 4
2026-05-21T04:16:23Z,79.0,Versa 4
2026-05-21T04:16:24Z,78.0,Versa 4
2026-05-21T04:16:27Z,78.0,Versa 4
2026-05-21T04:16:30Z,78.0,Versa 4
2026-05-21T04:16:32Z,80.0,Versa 4
2026-05-21T04:16:33Z,82.0,Versa 4
2026-05-21T04:16:35Z,86.0,Versa 4
2026-05-21T04:16:37Z,88.0,Versa 4
2026-05-21T04:16:39Z,89.0,Versa 4
2026-05-21T04:16:41Z,88.0,Versa 4
2026-05-21T04:16:43Z,87.0,Versa 4
2026-05-21T04:16:46Z,87.0,Versa 4
2026-05-21T04:16:47Z,86.0,Versa 4
2026-05-21T04:16:49Z,83.0,Versa 4
2026-05-21T04:16:51Z,81.0,Versa 4
2026-05-21T04:16:53Z,78.0,Versa 4
2026-05-21T04:16:55Z,77.0,Versa 4
2026-05-21T04:16:57Z,76.0,Versa 4
2026-05-21T04:16:58Z,74.0,Versa 4
2026-05-21T04:17:01Z,74.0,Versa 4
2026-05-21T04:17:02Z,72.0,Versa 4
2026-05-21T04:17:05Z,72.0,Versa 4
2026-05-21T04:17:08Z,72.0,Versa 4
2026-05-21T04:17:11Z,72.0,Versa 4
2026-05-21T04:17:12Z,71.0,Versa 4
2026-05-21T04:17:15Z,71.0,Versa 4
2026-05-21T04:17:16Z,70.0,Versa 4
2026-05-21T04:17:19Z,70.0,Versa 4
2026-05-21T04:17:22Z,70.0,Versa 4
2026-05-21T04:17:23Z,69.0,Versa 4
2026-05-21T04:17:25Z,69.0,Versa 4
2026-05-21T04:17:27Z,70.0,Versa 4
2026-05-21T04:17:29Z,72.0,Versa 4
2026-05-21T04:17:31Z,75.0,Versa 4
2026-05-21T04:17:33Z,77.0,Versa 4
2026-05-21T04:17:36Z,77.0,Versa 4
2026-05-21T04:17:39Z,76.0,Versa 4
2026-05-21T04:17:42Z,76.0,Versa 4
2026-05-21T04:17:43Z,77.0,Versa 4
2026-05-21T04:17:46Z,76.0,Versa 4
2026-05-21T04:17:48Z,75.0,Versa 4
2026-05-21T04:17:50Z,74.0,Versa 4
2026-05-21T04:17:52Z,72.0,Versa 4
2026-05-21T04:17:54Z,72.0,Versa 4
2026-05-21T04:17:56Z,72.0,Versa 4
2026-05-21T04:17:59Z,72.0,Versa 4
2026-05-21T04:18:02Z,74.0,Versa 4
2026-05-21T04:18:04Z,76.0,Versa 4
2026-05-21T04:18:06Z,77.0,Versa 4
2026-05-21T04:18:08Z,78.0,Versa 4
2026-05-21T04:18:09Z,77.0,Versa 4
2026-05-21T04:18:11Z,76.0,Versa 4
2026-05-21T04:18:14Z,76.0,Versa 4
2026-05-21T04:18:15Z,75.0,Versa 4
2026-05-21T04:18:17Z,74.0,Versa 4
2026-05-21T04:18:19Z,73.0,Versa 4
2026-05-21T04:18:21Z,72.0,Versa 4
2026-05-21T04:18:24Z,72.0,Versa 4
2026-05-21T04:18:25Z,71.0,Versa 4
2026-05-21T04:18:28Z,71.0,Versa 4
2026-05-21T04:18:29Z,70.0,Versa 4
2026-05-21T04:18:32Z,70.0,Versa 4
2026-05-21T04:18:35Z,70.0,Versa 4
2026-05-21T04:18:38Z,70.0,Versa 4
2026-05-21T04:18:41Z,70.0,Versa 4
2026-05-21T04:18:44Z,71.0,Versa 4
2026-05-21T04:18:46Z,73.0,Versa 4
2026-05-21T04:18:49Z,73.0,Versa 4
2026-05-21T04:18:52Z,72.0,Versa 4
2026-05-21T04:18:55Z,72.0,Versa 4
2026-05-21T04:18:56Z,73.0,Versa 4
2026-05-21T04:18:57Z,73.0,Versa 4
2026-05-21T04:18:59Z,72.0,Versa 4
2026-05-21T04:19:01Z,71.0,Versa 4
2026-05-21T04:19:04Z,71.0,Versa 4
2026-05-21T04:19:05Z,72.0,Versa 4
2026-05-21T04:19:08Z,72.0,Versa 4
2026-05-21T04:19:11Z,71.0,Versa 4
2026-05-21T04:19:14Z,71.0,Versa 4
2026-05-21T04:19:17Z,72.0,Versa 4
2026-05-21T04:19:20Z,72.0,Versa 4
2026-05-21T04:19:22Z,73.0,Versa 4
2026-05-21T04:19:24Z,75.0,Versa 4
2026-05-21T04:19:26Z,77.0,Versa 4
2026-05-21T04:19:29Z,77.0,Versa 4
2026-05-21T04:19:30Z,76.0,Versa 4
2026-05-21T04:19:32Z,75.0,Versa 4
2026-05-21T04:19:35Z,75.0,Versa 4
2026-05-21T04:19:38Z,75.0,Versa 4
2026-05-21T04:19:40Z,74.0,Versa 4
2026-05-21T04:19:42Z,73.0,Versa 4
2026-05-21T04:19:44Z,74.0,Versa 4
2026-05-21T04:19:47Z,73.0,Versa 4
2026-05-21T04:19:49Z,74.0,Versa 4
2026-05-21T04:19:51Z,73.0,Versa 4
2026-05-21T04:19:53Z,72.0,Versa 4
2026-05-21T04:19:56Z,72.0,Versa 4
2026-05-21T04:19:59Z,72.0,Versa 4
2026-05-21T04:20:02Z,72.0,Versa 4
2026-05-21T04:20:05Z,73.0,Versa 4
2026-05-21T04:20:07Z,74.0,Versa 4
2026-05-21T04:20:09Z,75.0,Versa 4
2026-05-21T04:20:12Z,74.0,Versa 4
2026-05-21T04:20:15Z,74.0,Versa 4
2026-05-21T04:20:18Z,73.0,Versa 4
2026-05-21T04:20:20Z,72.0,Versa 4
2026-05-21T04:20:22Z,71.0,Versa 4
2026-05-21T04:20:25Z,71.0,Versa 4
2026-05-21T04:20:28Z,71.0,Versa 4
2026-05-21T04:20:30Z,70.0,Versa 4
2026-05-21T04:20:32Z,71.0,Versa 4
2026-05-21T04:20:35Z,71.0,Versa 4
2026-05-21T04:20:37Z,72.0,Versa 4
2026-05-21T04:20:40Z,72.0,Versa 4
2026-05-21T04:20:43Z,72.0,Versa 4
2026-05-21T04:20:45Z,74.0,Versa 4
2026-05-21T04:20:47Z,73.0,Versa 4
2026-05-21T04:20:50Z,73.0,Versa 4
2026-05-21T04:20:53Z,72.0,Versa 4
2026-05-21T04:20:56Z,72.0,Versa 4
2026-05-21T04:20:58Z,72.0,Versa 4
2026-05-21T04:21:00Z,71.0,Versa 4
2026-05-21T04:21:03Z,71.0,Versa 4
2026-05-21T04:21:04Z,72.0,Versa 4
2026-05-21T04:21:06Z,73.0,Versa 4
2026-05-21T04:21:08Z,75.0,Versa 4
2026-05-21T04:21:10Z,78.0,Versa 4
2026-05-21T04:21:12Z,80.0,Versa 4
2026-05-21T04:21:14Z,82.0,Versa 4
2026-05-21T04:21:17Z,82.0,Versa 4
2026-05-21T04:21:18Z,81.0,Versa 4
2026-05-21T04:21:20Z,79.0,Versa 4
2026-05-21T04:21:21Z,78.0,Versa 4
2026-05-21T04:21:23Z,76.0,Versa 4
2026-05-21T04:21:26Z,76.0,Versa 4
2026-05-21T04:21:27Z,75.0,Versa 4
2026-05-21T04:21:29Z,74.0,Versa 4
2026-05-21T04:21:31Z,74.0,Versa 4
2026-05-21T04:21:34Z,74.0,Versa 4
2026-05-21T04:21:35Z,74.0,Versa 4
2026-05-21T04:21:37Z,73.0,Versa 4
2026-05-21T04:21:40Z,73.0,Versa 4
2026-05-21T04:21:43Z,73.0,Versa 4
2026-05-21T04:21:45Z,74.0,Versa 4
2026-05-21T04:21:48Z,74.0,Versa 4
2026-05-21T04:21:50Z,74.0,Versa 4
2026-05-21T04:21:53Z,74.0,Versa 4
2026-05-21T04:21:56Z,74.0,Versa 4
2026-05-21T04:21:58Z,73.0,Versa 4
2026-05-21T04:22:00Z,72.0,Versa 4
2026-05-21T04:22:02Z,73.0,Versa 4
2026-05-21T04:22:04Z,72.0,Versa 4
2026-05-21T04:22:07Z,72.0,Versa 4
2026-05-21T04:22:08Z,72.0,Versa 4
2026-05-21T04:22:09Z,71.0,Versa 4
2026-05-21T04:22:12Z,71.0,Versa 4
2026-05-21T04:22:13Z,70.0,Versa 4
2026-05-21T04:22:16Z,70.0,Versa 4
2026-05-21T04:22:19Z,72.0,Versa 4
2026-05-21T04:22:21Z,75.0,Versa 4
2026-05-21T04:22:23Z,77.0,Versa 4
2026-05-21T04:22:25Z,79.0,Versa 4
2026-05-21T04:22:27Z,80.0,Versa 4
2026-05-21T04:22:29Z,82.0,Versa 4
2026-05-21T04:22:31Z,81.0,Versa 4
2026-05-21T04:22:33Z,80.0,Versa 4
2026-05-21T04:22:34Z,80.0,Versa 4
2026-05-21T04:22:36Z,78.0,Versa 4
2026-05-21T04:22:38Z,77.0,Versa 4
2026-05-21T04:22:40Z,76.0,Versa 4
2026-05-21T04:22:42Z,77.0,Versa 4
2026-05-21T04:22:44Z,76.0,Versa 4
2026-05-21T04:22:47Z,76.0,Versa 4
2026-05-21T04:22:48Z,75.0,Versa 4
2026-05-21T04:22:50Z,74.0,Versa 4
2026-05-21T04:22:53Z,74.0,Versa 4
2026-05-21T04:22:56Z,74.0,Versa 4
2026-05-21T04:22:59Z,73.0,Versa 4
2026-05-21T04:23:01Z,72.0,Versa 4
2026-05-21T04:23:04Z,72.0,Versa 4
2026-05-21T04:23:07Z,72.0,Versa 4
2026-05-21T04:23:09Z,73.0,Versa 4
2026-05-21T04:23:11Z,75.0,Versa 4
2026-05-21T04:23:13Z,76.0,Versa 4
2026-05-21T04:23:16Z,76.0,Versa 4
2026-05-21T04:23:17Z,75.0,Versa 4
2026-05-21T04:23:19Z,74.0,Versa 4
2026-05-21T04:23:22Z,74.0,Versa 4
2026-05-21T04:23:24Z,73.0,Versa 4
2026-05-21T04:23:27Z,73.0,Versa 4
2026-05-21T04:23:30Z,73.0,Versa 4
2026-05-21T04:23:33Z,73.0,Versa 4
2026-05-21T04:23:34Z,72.0,Versa 4
2026-05-21T04:23:36Z,72.0,Versa 4
2026-05-21T04:23:39Z,72.0,Versa 4
2026-05-21T04:23:42Z,72.0,Versa 4
2026-05-21T04:23:45Z,72.0,Versa 4
2026-05-21T04:23:48Z,72.0,Versa 4
2026-05-21T04:23:51Z,72.0,Versa 4
2026-05-21T04:23:54Z,72.0,Versa 4
2026-05-21T04:23:57Z,72.0,Versa 4
2026-05-21T04:24:00Z,72.0,Versa 4
2026-05-21T04:24:01Z,72.0,Versa 4
2026-05-21T04:24:03Z,74.0,Versa 4
2026-05-21T04:24:05Z,76.0,Versa 4
2026-05-21T04:24:07Z,75.0,Versa 4
2026-05-21T04:24:09Z,74.0,Versa 4
2026-05-21T04:24:12Z,74.0,Versa 4
2026-05-21T04:24:15Z,74.0,Versa 4
2026-05-21T04:24:16Z,73.0,Versa 4
2026-05-21T04:24:19Z,73.0,Versa 4
2026-05-21T04:24:20Z,72.0,Versa 4
2026-05-21T04:24:23Z,72.0,Versa 4
2026-05-21T04:24:26Z,72.0,Versa 4
2026-05-21T04:24:28Z,71.0,Versa 4
2026-05-21T04:24:31Z,71.0,Versa 4
2026-05-21T04:24:34Z,71.0,Versa 4
2026-05-21T04:24:35Z,70.0,Versa 4
2026-05-21T04:24:37Z,70.0,Versa 4
2026-05-21T04:24:39Z,70.0,Versa 4
2026-05-21T04:24:41Z,70.0,Versa 4
2026-05-21T04:24:44Z,70.0,Versa 4
2026-05-21T04:24:47Z,70.0,Versa 4
2026-05-21T04:24:49Z,71.0,Versa 4
2026-05-21T04:24:51Z,72.0,Versa 4
2026-05-21T04:24:54Z,72.0,Versa 4
2026-05-21T04:24:57Z,71.0,Versa 4
2026-05-21T04:24:58Z,70.0,Versa 4
2026-05-21T04:25:01Z,70.0,Versa 4
2026-05-21T04:25:02Z,71.0,Versa 4
2026-05-21T04:25:05Z,71.0,Versa 4
2026-05-21T04:25:06Z,70.0,Versa 4
2026-05-21T04:25:09Z,70.0,Versa 4
2026-05-21T04:25:12Z,70.0,Versa 4
2026-05-21T04:25:15Z,70.0,Versa 4
2026-05-21T04:25:18Z,70.0,Versa 4
2026-05-21T04:25:21Z,70.0,Versa 4
2026-05-21T04:25:24Z,70.0,Versa 4
2026-05-21T04:25:27Z,70.0,Versa 4
2026-05-21T04:25:30Z,70.0,Versa 4
2026-05-21T04:25:31Z,70.0,Versa 4
2026-05-21T04:25:33Z,72.0,Versa 4
2026-05-21T04:25:35Z,74.0,Versa 4
2026-05-21T04:25:37Z,75.0,Versa 4
2026-05-21T04:25:39Z,74.0,Versa 4
2026-05-21T04:25:41Z,73.0,Versa 4
2026-05-21T04:25:43Z,72.0,Versa 4
2026-05-21T04:25:45Z,72.0,Versa 4
2026-05-21T04:25:48Z,72.0,Versa 4
2026-05-21T04:25:51Z,72.0,Versa 4
2026-05-21T04:25:54Z,72.0,Versa 4
2026-05-21T04:25:56Z,73.0,Versa 4
2026-05-21T04:25:58Z,72.0,Versa 4
2026-05-21T04:26:01Z,72.0,Versa 4
2026-05-21T04:26:02Z,71.0,Versa 4
2026-05-21T04:26:05Z,71.0,Versa 4
2026-05-21T04:26:06Z,72.0,Versa 4
2026-05-21T04:26:09Z,72.0,Versa 4
2026-05-21T04:26:11Z,71.0,Versa 4
2026-05-21T04:26:13Z,72.0,Versa 4
2026-05-21T04:26:16Z,72.0,Versa 4
2026-05-21T04:26:17Z,73.0,Versa 4
2026-05-21T04:26:20Z,73.0,Versa 4
2026-05-21T04:26:23Z,72.0,Versa 4
2026-05-21T04:26:26Z,72.0,Versa 4
2026-05-21T04:26:29Z,72.0,Versa 4
2026-05-21T04:26:32Z,72.0,Versa 4
2026-05-21T04:26:35Z,72.0,Versa 4
2026-05-21T04:26:38Z,72.0,Versa 4
2026-05-21T04:26:41Z,72.0,Versa 4
2026-05-21T04:26:44Z,72.0,Versa 4
2026-05-21T04:26:46Z,73.0,Versa 4
2026-05-21T04:26:48Z,75.0,Versa 4
2026-05-21T04:26:50Z,77.0,Versa 4
2026-05-21T04:26:52Z,78.0,Versa 4
2026-05-21T04:26:55Z,78.0,Versa 4
2026-05-21T04:26:56Z,77.0,Versa 4
2026-05-21T04:26:57Z,76.0,Versa 4
2026-05-21T04:27:00Z,76.0,Versa 4
2026-05-21T04:27:01Z,74.0,Versa 4
2026-05-21T04:27:04Z,74.0,Versa 4
2026-05-21T04:27:07Z,74.0,Versa 4
2026-05-21T04:27:09Z,73.0,Versa 4
2026-05-21T04:27:12Z,73.0,Versa 4
2026-05-21T04:27:13Z,72.0,Versa 4
2026-05-21T04:27:16Z,72.0,Versa 4
2026-05-21T04:27:19Z,72.0,Versa 4
2026-05-21T04:27:22Z,71.0,Versa 4
2026-05-21T04:27:25Z,71.0,Versa 4
2026-05-21T04:27:28Z,71.0,Versa 4
2026-05-21T04:27:31Z,71.0,Versa 4
2026-05-21T04:27:34Z,71.0,Versa 4
2026-05-21T04:27:36Z,70.0,Versa 4
2026-05-21T04:27:39Z,70.0,Versa 4
2026-05-21T04:27:42Z,70.0,Versa 4
2026-05-21T04:27:45Z,70.0,Versa 4
2026-05-21T04:27:48Z,70.0,Versa 4
2026-05-21T04:27:51Z,70.0,Versa 4
2026-05-21T04:27:53Z,70.0,Versa 4
2026-05-21T04:27:55Z,70.0,Versa 4
2026-05-21T04:27:58Z,70.0,Versa 4
2026-05-21T04:27:59Z,70.0,Versa 4
2026-05-21T04:28:01Z,70.0,Versa 4
2026-05-21T04:28:03Z,70.0,Versa 4
2026-05-21T04:28:05Z,70.0,Versa 4
2026-05-21T04:28:07Z,71.0,Versa 4
2026-05-21T04:28:09Z,72.0,Versa 4
2026-05-21T04:28:10Z,72.0,Versa 4
2026-05-21T04:28:13Z,72.0,Versa 4
2026-05-21T04:28:16Z,70.0,Versa 4
2026-05-21T04:28:18Z,70.0,Versa 4
2026-05-21T04:28:20Z,71.0,Versa 4
2026-05-21T04:28:22Z,70.0,Versa 4
2026-05-21T04:28:25Z,70.0,Versa 4
2026-05-21T04:28:28Z,70.0,Versa 4
2026-05-21T04:28:31Z,70.0,Versa 4
2026-05-21T04:28:34Z,70.0,Versa 4
2026-05-21T04:28:37Z,70.0,Versa 4
2026-05-21T04:28:39Z,71.0,Versa 4
2026-05-21T04:28:41Z,70.0,Versa 4
2026-05-21T04:28:44Z,70.0,Versa 4
2026-05-21T04:28:47Z,70.0,Versa 4
2026-05-21T04:28:50Z,70.0,Versa 4
2026-05-21T04:28:53Z,70.0,Versa 4
2026-05-21T04:28:54Z,70.0,Versa 4
2026-05-21T04:28:56Z,71.0,Versa 4
2026-05-21T04:28:58Z,73.0,Versa 4
2026-05-21T04:29:00Z,74.0,Versa 4
2026-05-21T04:29:02Z,74.0,Versa 4
2026-05-21T04:29:04Z,73.0,Versa 4
2026-05-21T04:29:06Z,72.0,Versa 4
2026-05-21T04:29:09Z,72.0,Versa 4
2026-05-21T04:29:12Z,72.0,Versa 4
2026-05-21T04:29:15Z,72.0,Versa 4
2026-05-21T04:29:17Z,71.0,Versa 4
2026-05-21T04:29:20Z,71.0,Versa 4
2026-05-21T04:29:23Z,71.0,Versa 4
2026-05-21T04:29:25Z,70.0,Versa 4
2026-05-21T04:29:28Z,70.0,Versa 4
2026-05-21T04:29:31Z,70.0,Versa 4
2026-05-21T04:29:34Z,70.0,Versa 4
2026-05-21T04:29:37Z,70.0,Versa 4
2026-05-21T04:29:40Z,70.0,Versa 4
2026-05-21T04:29:43Z,70.0,Versa 4
2026-05-21T04:29:46Z,70.0,Versa 4
2026-05-21T04:29:49Z,70.0,Versa 4
2026-05-21T04:29:52Z,70.0,Versa 4
2026-05-21T04:29:55Z,70.0,Versa 4
2026-05-21T04:29:58Z,70.0,Versa 4
2026-05-21T04:29:59Z,71.0,Versa 4
2026-05-21T04:30:02Z,71.0,Versa 4
2026-05-21T04:30:03Z,72.0,Versa 4
2026-05-21T04:30:06Z,72.0,Versa 4
2026-05-21T04:30:07Z,71.0,Versa 4
2026-05-21T04:30:09Z,70.0,Versa 4
2026-05-21T04:30:11Z,70.0,Versa 4
2026-05-21T04:30:14Z,70.0,Versa 4
2026-05-21T04:30:15Z,71.0,Versa 4
2026-05-21T04:30:17Z,72.0,Versa 4
2026-05-21T04:30:20Z,72.0,Versa 4
2026-05-21T04:30:22Z,74.0,Versa 4
2026-05-21T04:30:24Z,76.0,Versa 4
2026-05-21T04:30:26Z,77.0,Versa 4
2026-05-21T04:30:28Z,78.0,Versa 4
2026-05-21T04:30:31Z,78.0,Versa 4
2026-05-21T04:30:32Z,76.0,Versa 4
2026-05-21T04:30:35Z,76.0,Versa 4
2026-05-21T04:30:36Z,75.0,Versa 4
2026-05-21T04:30:38Z,74.0,Versa 4
2026-05-21T04:30:41Z,74.0,Versa 4
2026-05-21T04:30:42Z,73.0,Versa 4
2026-05-21T04:30:44Z,72.0,Versa 4
2026-05-21T04:30:47Z,72.0,Versa 4
2026-05-21T04:30:50Z,72.0,Versa 4
2026-05-21T04:30:53Z,72.0,Versa 4
2026-05-21T04:30:55Z,71.0,Versa 4
2026-05-21T04:30:58Z,71.0,Versa 4
2026-05-21T04:30:59Z,72.0,Versa 4
2026-05-21T04:31:01Z,72.0,Versa 4
2026-05-21T04:31:04Z,72.0,Versa 4
2026-05-21T04:31:05Z,73.0,Versa 4
2026-05-21T04:31:07Z,76.0,Versa 4
2026-05-21T04:31:09Z,84.0,Versa 4
2026-05-21T04:31:10Z,90.0,Versa 4
2026-05-21T04:31:12Z,97.0,Versa 4
2026-05-21T04:31:14Z,99.0,Versa 4
2026-05-21T04:31:16Z,100.0,Versa 4
2026-05-21T04:31:19Z,100.0,Versa 4
2026-05-21T04:31:20Z,98.0,Versa 4
2026-05-21T04:31:22Z,100.0,Versa 4
2026-05-21T04:31:24Z,98.0,Versa 4
2026-05-21T04:31:26Z,95.0,Versa 4
2026-05-21T04:31:28Z,90.0,Versa 4
2026-05-21T04:31:31Z,90.0,Versa 4
2026-05-21T04:31:34Z,89.0,Versa 4
2026-05-21T04:31:37Z,88.0,Versa 4
2026-05-21T04:31:39Z,86.0,Versa 4
2026-05-21T04:31:41Z,84.0,Versa 4
2026-05-21T04:31:43Z,82.0,Versa 4
2026-05-21T04:31:45Z,81.0,Versa 4
2026-05-21T04:31:47Z,82.0,Versa 4
2026-05-21T04:31:50Z,82.0,Versa 4
2026-05-21T04:31:51Z,83.0,Versa 4
2026-05-21T04:31:54Z,83.0,Versa 4
2026-05-21T04:31:55Z,82.0,Versa 4
2026-05-21T04:31:57Z,81.0,Versa 4
2026-05-21T04:31:58Z,79.0,Versa 4
2026-05-21T04:32:00Z,77.0,Versa 4
2026-05-21T04:32:03Z,77.0,Versa 4
2026-05-21T04:32:04Z,79.0,Versa 4
2026-05-21T04:32:06Z,78.0,Versa 4
2026-05-21T04:32:08Z,79.0,Versa 4
2026-05-21T04:32:10Z,78.0,Versa 4
2026-05-21T04:32:12Z,77.0,Versa 4
2026-05-21T04:32:14Z,82.0,Versa 4
2026-05-21T04:32:16Z,85.0,Versa 4
2026-05-21T04:32:18Z,85.0,Versa 4
2026-05-21T04:32:20Z,84.0,Versa 4
2026-05-21T04:32:22Z,82.0,Versa 4
2026-05-21T04:32:23Z,81.0,Versa 4
2026-05-21T04:32:25Z,82.0,Versa 4
2026-05-21T04:32:28Z,82.0,Versa 4
2026-05-21T04:32:31Z,82.0,Versa 4
2026-05-21T04:32:33Z,81.0,Versa 4
2026-05-21T04:32:36Z,81.0,Versa 4
2026-05-21T04:32:37Z,85.0,Versa 4
2026-05-21T04:32:40Z,85.0,Versa 4
2026-05-21T04:32:41Z,86.0,Versa 4
2026-05-21T04:32:44Z,86.0,Versa 4
2026-05-21T04:32:46Z,89.0,Versa 4
2026-05-21T04:32:48Z,93.0,Versa 4
2026-05-21T04:32:50Z,90.0,Versa 4
2026-05-21T04:32:52Z,86.0,Versa 4
2026-05-21T04:32:55Z,86.0,Versa 4
2026-05-21T04:32:58Z,86.0,Versa 4
2026-05-21T04:33:01Z,86.0,Versa 4
2026-05-21T04:33:02Z,88.0,Versa 4
2026-05-21T04:33:04Z,89.0,Versa 4
2026-05-21T04:33:06Z,90.0,Versa 4
2026-05-21T04:33:09Z,90.0,Versa 4
2026-05-21T04:33:10Z,91.0,Versa 4
2026-05-21T04:33:13Z,89.0,Versa 4
2026-05-21T04:33:16Z,89.0,Versa 4
2026-05-21T04:33:17Z,94.0,Versa 4
2026-05-21T04:33:19Z,95.0,Versa 4
2026-05-21T04:33:21Z,94.0,Versa 4
2026-05-21T04:33:23Z,89.0,Versa 4
2026-05-21T04:33:25Z,86.0,Versa 4
2026-05-21T04:33:27Z,84.0,Versa 4
2026-05-21T04:33:30Z,84.0,Versa 4
2026-05-21T04:33:33Z,84.0,Versa 4
2026-05-21T04:33:34Z,82.0,Versa 4
2026-05-21T04:33:36Z,80.0,Versa 4
2026-05-21T04:33:38Z,78.0,Versa 4
2026-05-21T04:33:41Z,78.0,Versa 4
2026-05-21T04:33:44Z,80.0,Versa 4
2026-05-21T04:33:46Z,82.0,Versa 4
2026-05-21T04:33:48Z,82.0,Versa 4
2026-05-21T04:33:50Z,81.0,Versa 4
2026-05-21T04:33:52Z,80.0,Versa 4
2026-05-21T04:33:54Z,79.0,Versa 4
2026-05-21T04:33:56Z,78.0,Versa 4
2026-05-21T04:33:59Z,78.0,Versa 4
2026-05-21T04:34:01Z,78.0,Versa 4
2026-05-21T04:34:04Z,78.0,Versa 4
2026-05-21T04:34:07Z,78.0,Versa 4
2026-05-21T04:34:09Z,80.0,Versa 4
2026-05-21T04:34:11Z,81.0,Versa 4
2026-05-21T04:34:13Z,80.0,Versa 4
2026-05-21T04:34:16Z,80.0,Versa 4
2026-05-21T04:34:19Z,80.0,Versa 4
2026-05-21T04:34:22Z,81.0,Versa 4
2026-05-21T04:34:24Z,82.0,Versa 4
2026-05-21T04:34:26Z,84.0,Versa 4
2026-05-21T04:34:28Z,84.0,Versa 4
2026-05-21T04:34:30Z,84.0,Versa 4
2026-05-21T04:34:32Z,84.0,Versa 4
2026-05-21T04:34:35Z,84.0,Versa 4
2026-05-21T04:34:38Z,86.0,Versa 4
2026-05-21T04:34:40Z,88.0,Versa 4
2026-05-21T04:34:42Z,89.0,Versa 4
2026-05-21T04:34:44Z,88.0,Versa 4
2026-05-21T04:34:46Z,86.0,Versa 4
2026-05-21T04:34:47Z,87.0,Versa 4
2026-05-21T04:34:49Z,90.0,Versa 4
2026-05-21T04:34:51Z,92.0,Versa 4
2026-05-21T04:34:53Z,94.0,Versa 4
2026-05-21T04:34:55Z,96.0,Versa 4
2026-05-21T04:34:57Z,95.0,Versa 4
2026-05-21T04:34:59Z,91.0,Versa 4
2026-05-21T04:35:01Z,85.0,Versa 4
2026-05-21T04:35:03Z,82.0,Versa 4
2026-05-21T04:35:06Z,82.0,Versa 4
2026-05-21T04:35:07Z,85.0,Versa 4
2026-05-21T04:35:09Z,86.0,Versa 4
2026-05-21T04:35:10Z,84.0,Versa 4
2026-05-21T04:35:12Z,83.0,Versa 4
2026-05-21T04:35:14Z,81.0,Versa 4
2026-05-21T04:35:16Z,83.0,Versa 4
2026-05-21T04:35:18Z,85.0,Versa 4
2026-05-21T04:35:20Z,87.0,Versa 4
2026-05-21T04:35:22Z,91.0,Versa 4
2026-05-21T04:35:24Z,94.0,Versa 4
2026-05-21T04:35:26Z,95.0,Versa 4
2026-05-21T04:35:28Z,96.0,Versa 4
2026-05-21T04:35:30Z,95.0,Versa 4
2026-05-21T04:35:33Z,95.0,Versa 4
2026-05-21T04:35:35Z,98.0,Versa 4
2026-05-21T04:35:38Z,98.0,Versa 4
2026-05-21T04:35:41Z,95.0,Versa 4
2026-05-21T04:35:43Z,89.0,Versa 4
2026-05-21T04:35:45Z,86.0,Versa 4
2026-05-21T04:35:47Z,85.0,Versa 4
2026-05-21T04:35:49Z,84.0,Versa 4
2026-05-21T04:35:51Z,83.0,Versa 4
2026-05-21T04:35:53Z,82.0,Versa 4
2026-05-21T04:35:55Z,81.0,Versa 4
2026-05-21T04:35:57Z,80.0,Versa 4
2026-05-21T04:35:58Z,81.0,Versa 4
2026-05-21T04:36:01Z,81.0,Versa 4
2026-05-21T04:36:04Z,80.0,Versa 4
2026-05-21T04:36:07Z,80.0,Versa 4
2026-05-21T04:36:10Z,80.0,Versa 4
2026-05-21T04:36:13Z,80.0,Versa 4
2026-05-21T04:36:16Z,80.0,Versa 4
2026-05-21T04:36:19Z,80.0,Versa 4
2026-05-21T04:36:22Z,80.0,Versa 4
2026-05-21T04:36:23Z,79.0,Versa 4
2026-05-21T04:36:25Z,80.0,Versa 4
2026-05-21T04:36:27Z,82.0,Versa 4
2026-05-21T04:36:29Z,83.0,Versa 4
2026-05-21T04:36:31Z,84.0,Versa 4
2026-05-21T04:36:34Z,84.0,Versa 4
2026-05-21T04:36:35Z,84.0,Versa 4
2026-05-21T04:36:37Z,84.0,Versa 4
2026-05-21T04:36:39Z,82.0,Versa 4
2026-05-21T04:36:41Z,81.0,Versa 4
2026-05-21T04:36:43Z,80.0,Versa 4
2026-05-21T04:36:45Z,78.0,Versa 4
2026-05-21T04:36:46Z,77.0,Versa 4
2026-05-21T04:36:48Z,76.0,Versa 4
2026-05-21T04:36:50Z,76.0,Versa 4
2026-05-21T04:36:52Z,75.0,Versa 4
2026-05-21T04:36:54Z,74.0,Versa 4
2026-05-21T04:36:56Z,74.0,Versa 4
2026-05-21T04:36:58Z,76.0,Versa 4
2026-05-21T04:37:00Z,78.0,Versa 4
2026-05-21T04:37:03Z,78.0,Versa 4
2026-05-21T04:37:04Z,77.0,Versa 4
2026-05-21T04:37:06Z,75.0,Versa 4
2026-05-21T04:37:08Z,74.0,Versa 4
2026-05-21T04:37:11Z,74.0,Versa 4
2026-05-21T04:37:14Z,74.0,Versa 4
2026-05-21T04:37:15Z,73.0,Versa 4
2026-05-21T04:37:18Z,73.0,Versa 4
2026-05-21T04:37:21Z,73.0,Versa 4
2026-05-21T04:37:24Z,73.0,Versa 4
2026-05-21T04:37:27Z,73.0,Versa 4
2026-05-21T04:37:30Z,73.0,Versa 4
2026-05-21T04:37:31Z,74.0,Versa 4
2026-05-21T04:37:34Z,74.0,Versa 4
2026-05-21T04:37:37Z,74.0,Versa 4
2026-05-21T04:37:40Z,74.0,Versa 4
2026-05-21T04:37:42Z,74.0,Versa 4
2026-05-21T04:37:44Z,73.0,Versa 4
2026-05-21T04:37:47Z,73.0,Versa 4
2026-05-21T04:37:48Z,72.0,Versa 4
2026-05-21T04:37:51Z,72.0,Versa 4
2026-05-21T04:37:54Z,72.0,Versa 4
2026-05-21T04:37:57Z,72.0,Versa 4
2026-05-21T04:38:00Z,72.0,Versa 4
2026-05-21T04:38:01Z,72.0,Versa 4
2026-05-21T04:38:03Z,73.0,Versa 4
2026-05-21T04:38:06Z,73.0,Versa 4
2026-05-21T04:38:07Z,72.0,Versa 4
2026-05-21T04:38:10Z,72.0,Versa 4
2026-05-21T04:38:11Z,73.0,Versa 4
2026-05-21T04:38:13Z,74.0,Versa 4
2026-05-21T04:38:15Z,76.0,Versa 4
2026-05-21T04:38:18Z,76.0,Versa 4
2026-05-21T04:38:21Z,75.0,Versa 4
2026-05-21T04:38:22Z,76.0,Versa 4
2026-05-21T04:38:25Z,76.0,Versa 4
2026-05-21T04:38:26Z,75.0,Versa 4
2026-05-21T04:38:28Z,74.0,Versa 4
2026-05-21T04:38:31Z,74.0,Versa 4
2026-05-21T04:38:34Z,74.0,Versa 4
2026-05-21T04:38:36Z,74.0,Versa 4
2026-05-21T04:38:39Z,74.0,Versa 4
2026-05-21T04:38:42Z,74.0,Versa 4
2026-05-21T04:38:45Z,74.0,Versa 4
2026-05-21T04:38:48Z,74.0,Versa 4
2026-05-21T04:38:51Z,74.0,Versa 4
2026-05-21T04:38:54Z,74.0,Versa 4
2026-05-21T04:38:55Z,74.0,Versa 4
2026-05-21T04:38:57Z,74.0,Versa 4
2026-05-21T04:38:59Z,75.0,Versa 4
2026-05-21T04:39:01Z,80.0,Versa 4
2026-05-21T04:39:03Z,86.0,Versa 4
2026-05-21T04:39:05Z,92.0,Versa 4
2026-05-21T04:39:07Z,94.0,Versa 4
2026-05-21T04:39:09Z,95.0,Versa 4
2026-05-21T04:39:10Z,93.0,Versa 4
2026-05-21T04:39:12Z,95.0,Versa 4
2026-05-21T04:39:14Z,96.0,Versa 4
2026-05-21T04:39:17Z,96.0,Versa 4
2026-05-21T04:39:20Z,95.0,Versa 4
2026-05-21T04:39:23Z,95.0,Versa 4
2026-05-21T04:39:24Z,94.0,Versa 4
2026-05-21T04:39:26Z,91.0,Versa 4
2026-05-21T04:39:28Z,87.0,Versa 4
2026-05-21T04:39:30Z,84.0,Versa 4
2026-05-21T04:39:32Z,83.0,Versa 4
2026-05-21T04:39:34Z,82.0,Versa 4
2026-05-21T04:39:37Z,81.0,Versa 4
2026-05-21T04:39:39Z,80.0,Versa 4
2026-05-21T04:39:41Z,79.0,Versa 4
2026-05-21T04:39:43Z,78.0,Versa 4
2026-05-21T04:39:46Z,78.0,Versa 4
2026-05-21T04:39:49Z,78.0,Versa 4
2026-05-21T04:39:52Z,78.0,Versa 4
2026-05-21T04:39:55Z,78.0,Versa 4
2026-05-21T04:39:57Z,79.0,Versa 4
2026-05-21T04:39:58Z,80.0,Versa 4
2026-05-21T04:40:01Z,80.0,Versa 4
2026-05-21T04:40:02Z,81.0,Versa 4
2026-05-21T04:40:05Z,81.0,Versa 4
2026-05-21T04:40:06Z,80.0,Versa 4
2026-05-21T04:40:08Z,80.0,Versa 4
2026-05-21T04:40:10Z,79.0,Versa 4
2026-05-21T04:40:12Z,79.0,Versa 4
2026-05-21T04:40:14Z,80.0,Versa 4
2026-05-21T04:40:17Z,80.0,Versa 4
2026-05-21T04:40:18Z,79.0,Versa 4
2026-05-21T04:40:20Z,78.0,Versa 4
2026-05-21T04:40:22Z,79.0,Versa 4
2026-05-21T04:40:23Z,82.0,Versa 4
2026-05-21T04:40:25Z,84.0,Versa 4
2026-05-21T04:40:28Z,84.0,Versa 4
2026-05-21T04:40:29Z,82.0,Versa 4
2026-05-21T04:40:31Z,80.0,Versa 4
2026-05-21T04:40:34Z,80.0,Versa 4
2026-05-21T04:40:37Z,79.0,Versa 4
2026-05-21T04:40:39Z,78.0,Versa 4
2026-05-21T04:40:42Z,78.0,Versa 4
2026-05-21T04:40:43Z,78.0,Versa 4
2026-05-21T04:40:45Z,79.0,Versa 4
2026-05-21T04:40:46Z,80.0,Versa 4
2026-05-21T04:40:49Z,80.0,Versa 4
2026-05-21T04:40:50Z,83.0,Versa 4
2026-05-21T04:40:53Z,83.0,Versa 4
2026-05-21T04:40:54Z,82.0,Versa 4
2026-05-21T04:40:56Z,81.0,Versa 4
2026-05-21T04:40:58Z,80.0,Versa 4
2026-05-21T04:41:00Z,78.0,Versa 4
2026-05-21T04:41:03Z,78.0,Versa 4
2026-05-21T04:41:04Z,77.0,Versa 4
2026-05-21T04:41:06Z,76.0,Versa 4
2026-05-21T04:41:09Z,76.0,Versa 4
2026-05-21T04:41:11Z,75.0,Versa 4
2026-05-21T04:41:13Z,76.0,Versa 4
2026-05-21T04:41:15Z,76.0,Versa 4
2026-05-21T04:41:18Z,76.0,Versa 4
2026-05-21T04:41:19Z,76.0,Versa 4
2026-05-21T04:41:22Z,76.0,Versa 4
2026-05-21T04:41:25Z,77.0,Versa 4
2026-05-21T04:41:27Z,77.0,Versa 4
2026-05-21T04:41:29Z,78.0,Versa 4
2026-05-21T04:41:32Z,78.0,Versa 4
2026-05-21T04:41:35Z,78.0,Versa 4
2026-05-21T04:41:38Z,78.0,Versa 4
2026-05-21T04:41:41Z,78.0,Versa 4
2026-05-21T04:41:44Z,78.0,Versa 4
2026-05-21T04:41:47Z,78.0,Versa 4
2026-05-21T04:41:50Z,80.0,Versa 4
2026-05-21T04:41:52Z,82.0,Versa 4
2026-05-21T04:41:55Z,82.0,Versa 4
2026-05-21T04:41:56Z,80.0,Versa 4
2026-05-21T04:41:58Z,78.0,Versa 4
2026-05-21T04:41:59Z,78.0,Versa 4
2026-05-21T04:42:01Z,77.0,Versa 4
2026-05-21T04:42:03Z,76.0,Versa 4
2026-05-21T04:42:05Z,76.0,Versa 4
2026-05-21T04:42:07Z,77.0,Versa 4
2026-05-21T04:42:10Z,77.0,Versa 4
2026-05-21T04:42:11Z,78.0,Versa 4
2026-05-21T04:42:13Z,79.0,Versa 4
2026-05-21T04:42:15Z,80.0,Versa 4
2026-05-21T04:42:17Z,81.0,Versa 4
2026-05-21T04:42:19Z,85.0,Versa 4
2026-05-21T04:42:21Z,87.0,Versa 4
2026-05-21T04:42:24Z,85.0,Versa 4
2026-05-21T04:42:26Z,82.0,Versa 4
2026-05-21T04:42:28Z,80.0,Versa 4
2026-05-21T04:42:30Z,79.0,Versa 4
2026-05-21T04:42:32Z,78.0,Versa 4
2026-05-21T04:42:34Z,77.0,Versa 4
2026-05-21T04:42:36Z,78.0,Versa 4
2026-05-21T04:42:38Z,77.0,Versa 4
2026-05-21T04:42:41Z,77.0,Versa 4
2026-05-21T04:42:42Z,78.0,Versa 4
2026-05-21T04:42:44Z,77.0,Versa 4
2026-05-21T04:42:47Z,76.0,Versa 4
2026-05-21T04:42:50Z,76.0,Versa 4
2026-05-21T04:42:51Z,74.0,Versa 4
2026-05-21T04:42:54Z,74.0,Versa 4
2026-05-21T04:42:55Z,74.0,Versa 4
2026-05-21T04:42:58Z,74.0,Versa 4
2026-05-21T04:43:01Z,74.0,Versa 4
2026-05-21T04:43:04Z,74.0,Versa 4
2026-05-21T04:43:07Z,73.0,Versa 4
2026-05-21T04:43:10Z,73.0,Versa 4
2026-05-21T04:43:12Z,74.0,Versa 4
2026-05-21T04:43:15Z,74.0,Versa 4
2026-05-21T04:43:18Z,74.0,Versa 4
2026-05-21T04:43:21Z,74.0,Versa 4
2026-05-21T04:43:24Z,74.0,Versa 4
2026-05-21T04:43:26Z,74.0,Versa 4
2026-05-21T04:43:28Z,74.0,Versa 4
2026-05-21T04:43:30Z,75.0,Versa 4
2026-05-21T04:43:32Z,76.0,Versa 4
2026-05-21T04:43:35Z,75.0,Versa 4
2026-05-21T04:43:37Z,74.0,Versa 4
2026-05-21T04:43:39Z,74.0,Versa 4
2026-05-21T04:43:41Z,75.0,Versa 4
2026-05-21T04:43:44Z,75.0,Versa 4
2026-05-21T04:43:45Z,76.0,Versa 4
2026-05-21T04:43:48Z,76.0,Versa 4
2026-05-21T04:43:51Z,76.0,Versa 4
2026-05-21T04:43:53Z,77.0,Versa 4
2026-05-21T04:43:55Z,78.0,Versa 4
2026-05-21T04:43:57Z,84.0,Versa 4
2026-05-21T04:43:59Z,85.0,Versa 4
2026-05-21T04:44:01Z,89.0,Versa 4
2026-05-21T04:44:02Z,92.0,Versa 4
2026-05-21T04:44:05Z,92.0,Versa 4
2026-05-21T04:44:06Z,91.0,Versa 4
2026-05-21T04:44:08Z,92.0,Versa 4
2026-05-21T04:44:11Z,92.0,Versa 4
2026-05-21T04:44:12Z,94.0,Versa 4
2026-05-21T04:44:14Z,97.0,Versa 4
2026-05-21T04:44:16Z,96.0,Versa 4
2026-05-21T04:44:19Z,96.0,Versa 4
2026-05-21T04:44:20Z,98.0,Versa 4
2026-05-21T04:44:22Z,99.0,Versa 4
2026-05-21T04:44:24Z,101.0,Versa 4
2026-05-21T04:44:27Z,101.0,Versa 4
2026-05-21T04:44:29Z,100.0,Versa 4
2026-05-21T04:44:32Z,100.0,Versa 4
2026-05-21T04:44:33Z,87.0,Versa 4
2026-05-21T04:44:35Z,82.0,Versa 4
2026-05-21T04:44:37Z,80.0,Versa 4
2026-05-21T04:44:39Z,79.0,Versa 4
2026-05-21T04:44:41Z,80.0,Versa 4
2026-05-21T04:44:44Z,80.0,Versa 4
2026-05-21T04:44:47Z,81.0,Versa 4
2026-05-21T04:44:50Z,82.0,Versa 4
2026-05-21T04:44:52Z,84.0,Versa 4
2026-05-21T04:44:54Z,85.0,Versa 4
2026-05-21T04:44:56Z,85.0,Versa 4
2026-05-21T04:44:59Z,85.0,Versa 4
2026-05-21T04:45:02Z,84.0,Versa 4
2026-05-21T04:45:04Z,84.0,Versa 4
2026-05-21T04:45:07Z,84.0,Versa 4
2026-05-21T04:45:08Z,83.0,Versa 4
2026-05-21T04:45:10Z,82.0,Versa 4
2026-05-21T04:45:13Z,82.0,Versa 4
2026-05-21T04:45:15Z,83.0,Versa 4
2026-05-21T04:45:18Z,83.0,Versa 4
2026-05-21T04:45:19Z,82.0,Versa 4
2026-05-21T04:45:21Z,80.0,Versa 4
2026-05-21T04:45:23Z,79.0,Versa 4
2026-05-21T04:45:26Z,79.0,Versa 4
2026-05-21T04:45:29Z,78.0,Versa 4
2026-05-21T04:45:32Z,78.0,Versa 4
2026-05-21T04:45:35Z,78.0,Versa 4
2026-05-21T04:45:38Z,78.0,Versa 4
2026-05-21T04:45:41Z,78.0,Versa 4
2026-05-21T04:45:44Z,78.0,Versa 4
2026-05-21T04:45:47Z,78.0,Versa 4
2026-05-21T04:45:50Z,78.0,Versa 4
2026-05-21T04:45:53Z,78.0,Versa 4
2026-05-21T04:45:56Z,79.0,Versa 4
2026-05-21T04:45:58Z,81.0,Versa 4
2026-05-21T04:46:00Z,84.0,Versa 4
2026-05-21T04:46:01Z,85.0,Versa 4
2026-05-21T04:46:03Z,86.0,Versa 4
2026-05-21T04:46:05Z,87.0,Versa 4
2026-05-21T04:46:08Z,87.0,Versa 4
2026-05-21T04:46:11Z,87.0,Versa 4
2026-05-21T04:46:14Z,87.0,Versa 4
2026-05-21T04:46:17Z,84.0,Versa 4
2026-05-21T04:46:19Z,82.0,Versa 4
2026-05-21T04:46:21Z,80.0,Versa 4
2026-05-21T04:46:23Z,80.0,Versa 4
2026-05-21T04:46:25Z,79.0,Versa 4
2026-05-21T04:46:26Z,77.0,Versa 4
2026-05-21T04:46:28Z,77.0,Versa 4
2026-05-21T04:46:30Z,76.0,Versa 4
2026-05-21T04:46:32Z,77.0,Versa 4
2026-05-21T04:46:34Z,78.0,Versa 4
2026-05-21T04:46:37Z,78.0,Versa 4
2026-05-21T04:46:38Z,77.0,Versa 4
2026-05-21T04:46:40Z,78.0,Versa 4
2026-05-21T04:46:42Z,79.0,Versa 4
2026-05-21T04:46:44Z,78.0,Versa 4
2026-05-21T04:46:46Z,76.0,Versa 4
2026-05-21T04:46:49Z,75.0,Versa 4
2026-05-21T04:46:52Z,75.0,Versa 4
2026-05-21T04:46:53Z,76.0,Versa 4
2026-05-21T04:46:55Z,77.0,Versa 4
2026-05-21T04:46:57Z,79.0,Versa 4
2026-05-21T04:46:59Z,82.0,Versa 4
2026-05-21T04:47:01Z,84.0,Versa 4
2026-05-21T04:47:03Z,89.0,Versa 4
2026-05-21T04:47:05Z,99.0,Versa 4
2026-05-21T04:47:07Z,105.0,Versa 4
2026-05-21T04:47:09Z,106.0,Versa 4
2026-05-21T04:47:11Z,105.0,Versa 4
2026-05-21T04:47:14Z,106.0,Versa 4
2026-05-21T04:47:16Z,104.0,Versa 4
2026-05-21T04:47:18Z,105.0,Versa 4
2026-05-21T04:47:21Z,105.0,Versa 4
2026-05-21T04:47:22Z,101.0,Versa 4
2026-05-21T04:47:24Z,89.0,Versa 4
2026-05-21T04:47:26Z,86.0,Versa 4
2026-05-21T04:47:29Z,86.0,Versa 4
2026-05-21T04:47:30Z,84.0,Versa 4
2026-05-21T04:47:32Z,83.0,Versa 4
2026-05-21T04:47:34Z,82.0,Versa 4
2026-05-21T04:47:36Z,82.0,Versa 4
2026-05-21T04:47:37Z,83.0,Versa 4
2026-05-21T04:47:39Z,85.0,Versa 4
2026-05-21T04:47:42Z,85.0,Versa 4
2026-05-21T04:47:45Z,96.0,Versa 4
2026-05-21T04:47:47Z,99.0,Versa 4
2026-05-21T04:47:49Z,101.0,Versa 4
2026-05-21T04:47:51Z,100.0,Versa 4
2026-05-21T04:47:53Z,98.0,Versa 4
2026-05-21T04:47:55Z,97.0,Versa 4
2026-05-21T04:47:57Z,96.0,Versa 4
2026-05-21T04:48:00Z,96.0,Versa 4
2026-05-21T04:48:01Z,95.0,Versa 4
2026-05-21T04:48:02Z,92.0,Versa 4
2026-05-21T04:48:04Z,88.0,Versa 4
2026-05-21T04:48:06Z,89.0,Versa 4
2026-05-21T04:48:08Z,91.0,Versa 4
2026-05-21T04:48:10Z,92.0,Versa 4
2026-05-21T04:48:12Z,91.0,Versa 4
2026-05-21T04:48:14Z,90.0,Versa 4
2026-05-21T04:48:16Z,87.0,Versa 4
2026-05-21T04:48:18Z,81.0,Versa 4
2026-05-21T04:48:20Z,79.0,Versa 4
2026-05-21T04:48:23Z,79.0,Versa 4
2026-05-21T04:48:24Z,78.0,Versa 4
2026-05-21T04:48:25Z,78.0,Versa 4
2026-05-21T04:48:27Z,79.0,Versa 4
2026-05-21T04:48:29Z,80.0,Versa 4
2026-05-21T04:48:31Z,83.0,Versa 4
2026-05-21T04:48:33Z,86.0,Versa 4
2026-05-21T04:48:35Z,90.0,Versa 4
2026-05-21T04:48:37Z,98.0,Versa 4
2026-05-21T04:48:39Z,98.0,Versa 4
2026-05-21T04:48:41Z,109.0,Versa 4
2026-05-21T04:48:43Z,111.0,Versa 4
2026-05-21T04:48:45Z,112.0,Versa 4
2026-05-21T04:48:47Z,111.0,Versa 4
2026-05-21T04:48:49Z,106.0,Versa 4
2026-05-21T04:48:50Z,99.0,Versa 4
2026-05-21T04:48:52Z,93.0,Versa 4
2026-05-21T04:48:54Z,89.0,Versa 4
2026-05-21T04:48:56Z,87.0,Versa 4
2026-05-21T04:48:58Z,86.0,Versa 4
2026-05-21T04:49:00Z,84.0,Versa 4
2026-05-21T04:49:02Z,84.0,Versa 4
2026-05-21T04:49:04Z,84.0,Versa 4
2026-05-21T04:49:06Z,82.0,Versa 4
2026-05-21T04:49:09Z,82.0,Versa 4
2026-05-21T04:49:12Z,82.0,Versa 4
2026-05-21T04:49:13Z,82.0,Versa 4
2026-05-21T04:49:15Z,83.0,Versa 4
2026-05-21T04:49:17Z,84.0,Versa 4
2026-05-21T04:49:19Z,84.0,Versa 4
2026-05-21T04:49:22Z,84.0,Versa 4
2026-05-21T04:49:23Z,82.0,Versa 4
2026-05-21T04:49:26Z,82.0,Versa 4
2026-05-21T04:49:27Z,83.0,Versa 4
2026-05-21T04:49:29Z,84.0,Versa 4
2026-05-21T04:49:32Z,84.0,Versa 4
2026-05-21T04:49:35Z,84.0,Versa 4
2026-05-21T04:49:37Z,84.0,Versa 4
2026-05-21T04:49:40Z,82.0,Versa 4
2026-05-21T04:49:43Z,82.0,Versa 4
2026-05-21T04:49:44Z,83.0,Versa 4
2026-05-21T04:49:46Z,82.0,Versa 4
2026-05-21T04:49:48Z,80.0,Versa 4
2026-05-21T04:49:51Z,80.0,Versa 4
2026-05-21T04:49:52Z,81.0,Versa 4
2026-05-21T04:49:54Z,83.0,Versa 4
2026-05-21T04:49:57Z,83.0,Versa 4
2026-05-21T04:49:58Z,88.0,Versa 4
2026-05-21T04:50:00Z,95.0,Versa 4
2026-05-21T04:50:01Z,98.0,Versa 4
2026-05-21T04:50:03Z,100.0,Versa 4
2026-05-21T04:50:05Z,97.0,Versa 4
2026-05-21T04:50:07Z,91.0,Versa 4
2026-05-21T04:50:09Z,92.0,Versa 4
2026-05-21T04:50:11Z,95.0,Versa 4
2026-05-21T04:50:13Z,95.0,Versa 4
2026-05-21T04:50:15Z,94.0,Versa 4
2026-05-21T04:50:17Z,95.0,Versa 4
2026-05-21T04:50:19Z,91.0,Versa 4
2026-05-21T04:50:21Z,88.0,Versa 4
2026-05-21T04:50:23Z,86.0,Versa 4
2026-05-21T04:50:25Z,87.0,Versa 4
2026-05-21T04:50:26Z,88.0,Versa 4
2026-05-21T04:50:28Z,90.0,Versa 4
2026-05-21T04:50:30Z,90.0,Versa 4
2026-05-21T04:50:32Z,88.0,Versa 4
2026-05-21T04:50:34Z,86.0,Versa 4
2026-05-21T04:50:36Z,84.0,Versa 4
2026-05-21T04:50:39Z,84.0,Versa 4
2026-05-21T04:50:40Z,82.0,Versa 4
2026-05-21T04:50:42Z,80.0,Versa 4
2026-05-21T04:50:44Z,79.0,Versa 4
2026-05-21T04:50:46Z,78.0,Versa 4
2026-05-21T04:50:48Z,78.0,Versa 4
2026-05-21T04:50:49Z,80.0,Versa 4
2026-05-21T04:50:51Z,81.0,Versa 4
2026-05-21T04:50:53Z,80.0,Versa 4
2026-05-21T04:50:55Z,78.0,Versa 4
2026-05-21T04:50:57Z,77.0,Versa 4
2026-05-21T04:50:59Z,78.0,Versa 4
2026-05-21T04:51:01Z,79.0,Versa 4
2026-05-21T04:51:03Z,80.0,Versa 4
2026-05-21T04:51:05Z,79.0,Versa 4
2026-05-21T04:51:08Z,79.0,Versa 4
2026-05-21T04:51:09Z,78.0,Versa 4
2026-05-21T04:51:11Z,79.0,Versa 4
2026-05-21T04:51:14Z,80.0,Versa 4
2026-05-21T04:51:17Z,80.0,Versa 4
2026-05-21T04:51:20Z,80.0,Versa 4
2026-05-21T04:51:23Z,80.0,Versa 4
2026-05-21T04:51:26Z,82.0,Versa 4
2026-05-21T04:51:28Z,82.0,Versa 4
2026-05-21T04:51:31Z,82.0,Versa 4
2026-05-21T04:51:34Z,81.0,Versa 4
2026-05-21T04:51:37Z,82.0,Versa 4
2026-05-21T04:51:40Z,82.0,Versa 4
2026-05-21T04:51:41Z,81.0,Versa 4
2026-05-21T04:51:43Z,80.0,Versa 4
2026-05-21T04:51:45Z,81.0,Versa 4
2026-05-21T04:51:48Z,81.0,Versa 4
2026-05-21T04:51:49Z,80.0,Versa 4
2026-05-21T04:51:52Z,80.0,Versa 4
2026-05-21T04:51:55Z,80.0,Versa 4
2026-05-21T04:51:58Z,80.0,Versa 4
2026-05-21T04:51:59Z,80.0,Versa 4
2026-05-21T04:52:01Z,79.0,Versa 4
2026-05-21T04:52:02Z,79.0,Versa 4
2026-05-21T04:52:05Z,79.0,Versa 4
2026-05-21T04:52:06Z,80.0,Versa 4
2026-05-21T04:52:08Z,80.0,Versa 4
2026-05-21T04:52:10Z,81.0,Versa 4
2026-05-21T04:52:12Z,83.0,Versa 4
2026-05-21T04:52:14Z,86.0,Versa 4
2026-05-21T04:52:16Z,87.0,Versa 4
2026-05-21T04:52:18Z,88.0,Versa 4
2026-05-21T04:52:20Z,87.0,Versa 4
2026-05-21T04:52:22Z,86.0,Versa 4
2026-05-21T04:52:24Z,84.0,Versa 4
2026-05-21T04:52:25Z,84.0,Versa 4
2026-05-21T04:52:27Z,83.0,Versa 4
2026-05-21T04:52:29Z,82.0,Versa 4
2026-05-21T04:52:32Z,82.0,Versa 4
2026-05-21T04:52:35Z,82.0,Versa 4
2026-05-21T04:52:37Z,80.0,Versa 4
2026-05-21T04:52:40Z,80.0,Versa 4
2026-05-21T04:52:41Z,78.0,Versa 4
2026-05-21T04:52:43Z,80.0,Versa 4
2026-05-21T04:52:45Z,81.0,Versa 4
2026-05-21T04:52:48Z,81.0,Versa 4
2026-05-21T04:52:51Z,81.0,Versa 4
2026-05-21T04:52:52Z,80.0,Versa 4
2026-05-21T04:52:54Z,81.0,Versa 4
2026-05-21T04:52:57Z,81.0,Versa 4
2026-05-21T04:52:58Z,82.0,Versa 4
2026-05-21T04:53:01Z,82.0,Versa 4
2026-05-21T04:53:04Z,82.0,Versa 4
2026-05-21T04:53:06Z,80.0,Versa 4
2026-05-21T04:53:09Z,80.0,Versa 4
2026-05-21T04:53:12Z,80.0,Versa 4
2026-05-21T04:53:15Z,78.0,Versa 4
2026-05-21T04:53:18Z,78.0,Versa 4
2026-05-21T04:53:19Z,79.0,Versa 4
2026-05-21T04:53:21Z,80.0,Versa 4
2026-05-21T04:53:23Z,86.0,Versa 4
2026-05-21T04:53:25Z,92.0,Versa 4
2026-05-21T04:53:27Z,94.0,Versa 4
2026-05-21T04:53:29Z,95.0,Versa 4
2026-05-21T04:53:31Z,93.0,Versa 4
2026-05-21T04:53:33Z,91.0,Versa 4
2026-05-21T04:53:35Z,92.0,Versa 4
2026-05-21T04:53:37Z,91.0,Versa 4
2026-05-21T04:53:38Z,88.0,Versa 4
2026-05-21T04:53:40Z,86.0,Versa 4
2026-05-21T04:53:42Z,85.0,Versa 4
2026-05-21T04:53:44Z,84.0,Versa 4
2026-05-21T04:53:46Z,86.0,Versa 4
2026-05-21T04:53:48Z,87.0,Versa 4
2026-05-21T04:53:50Z,86.0,Versa 4
2026-05-21T04:53:53Z,86.0,Versa 4
2026-05-21T04:53:54Z,87.0,Versa 4
2026-05-21T04:53:57Z,87.0,Versa 4
2026-05-21T04:53:58Z,93.0,Versa 4
2026-05-21T04:54:01Z,86.0,Versa 4
2026-05-21T04:54:03Z,81.0,Versa 4
2026-05-21T04:54:05Z,79.0,Versa 4
2026-05-21T04:54:07Z,78.0,Versa 4
2026-05-21T04:54:09Z,77.0,Versa 4
2026-05-21T04:54:11Z,75.0,Versa 4
2026-05-21T04:54:13Z,74.0,Versa 4
2026-05-21T04:54:15Z,73.0,Versa 4
2026-05-21T04:54:17Z,72.0,Versa 4
2026-05-21T04:54:20Z,72.0,Versa 4
2026-05-21T04:54:21Z,72.0,Versa 4
2026-05-21T04:54:24Z,72.0,Versa 4
2026-05-21T04:54:26Z,73.0,Versa 4
2026-05-21T04:54:28Z,74.0,Versa 4
2026-05-21T04:54:31Z,74.0,Versa 4
2026-05-21T04:54:32Z,75.0,Versa 4
2026-05-21T04:54:34Z,76.0,Versa 4
2026-05-21T04:54:37Z,76.0,Versa 4
2026-05-21T04:54:38Z,77.0,Versa 4
2026-05-21T04:54:40Z,78.0,Versa 4
2026-05-21T04:54:43Z,78.0,Versa 4
2026-05-21T04:54:44Z,77.0,Versa 4
2026-05-21T04:54:46Z,78.0,Versa 4
2026-05-21T04:54:48Z,79.0,Versa 4
2026-05-21T04:54:51Z,78.0,Versa 4
2026-05-21T04:54:54Z,78.0,Versa 4
2026-05-21T04:54:57Z,78.0,Versa 4
2026-05-21T04:55:00Z,78.0,Versa 4
2026-05-21T04:55:03Z,78.0,Versa 4
2026-05-21T04:55:06Z,78.0,Versa 4
2026-05-21T04:55:09Z,79.0,Versa 4
2026-05-21T04:55:12Z,79.0,Versa 4
2026-05-21T04:55:13Z,78.0,Versa 4
2026-05-21T04:55:16Z,78.0,Versa 4
2026-05-21T04:55:19Z,78.0,Versa 4
2026-05-21T04:55:22Z,79.0,Versa 4
2026-05-21T04:55:25Z,79.0,Versa 4
2026-05-21T04:55:26Z,79.0,Versa 4
2026-05-21T04:55:29Z,79.0,Versa 4
2026-05-21T04:55:30Z,78.0,Versa 4
2026-05-21T04:55:32Z,79.0,Versa 4
2026-05-21T04:55:34Z,80.0,Versa 4
2026-05-21T04:55:36Z,80.0,Versa 4
2026-05-21T04:55:39Z,79.0,Versa 4
2026-05-21T04:55:41Z,78.0,Versa 4
2026-05-21T04:55:43Z,80.0,Versa 4
2026-05-21T04:55:45Z,84.0,Versa 4
2026-05-21T04:55:47Z,85.0,Versa 4
2026-05-21T04:55:49Z,84.0,Versa 4
2026-05-21T04:55:51Z,82.0,Versa 4
2026-05-21T04:55:53Z,81.0,Versa 4
2026-05-21T04:55:56Z,81.0,Versa 4
2026-05-21T04:55:57Z,82.0,Versa 4
2026-05-21T04:56:00Z,82.0,Versa 4
2026-05-21T04:56:02Z,83.0,Versa 4
2026-05-21T04:56:04Z,84.0,Versa 4
2026-05-21T04:56:07Z,84.0,Versa 4
2026-05-21T04:56:10Z,83.0,Versa 4
2026-05-21T04:56:12Z,82.0,Versa 4
2026-05-21T04:56:15Z,82.0,Versa 4
2026-05-21T04:56:16Z,80.0,Versa 4
2026-05-21T04:56:19Z,80.0,Versa 4
2026-05-21T04:56:22Z,79.0,Versa 4
2026-05-21T04:56:24Z,78.0,Versa 4
2026-05-21T04:56:25Z,78.0,Versa 4
2026-05-21T04:56:27Z,79.0,Versa 4
2026-05-21T04:56:29Z,78.0,Versa 4
2026-05-21T04:56:32Z,78.0,Versa 4
2026-05-21T04:56:35Z,79.0,Versa 4
2026-05-21T04:56:37Z,80.0,Versa 4
2026-05-21T04:56:40Z,80.0,Versa 4
2026-05-21T04:56:43Z,81.0,Versa 4
2026-05-21T04:56:45Z,80.0,Versa 4
2026-05-21T04:56:47Z,78.0,Versa 4
2026-05-21T04:56:50Z,79.0,Versa 4
2026-05-21T04:56:52Z,80.0,Versa 4
2026-05-21T04:56:55Z,80.0,Versa 4
2026-05-21T04:56:56Z,82.0,Versa 4
2026-05-21T04:56:59Z,82.0,Versa 4
2026-05-21T04:57:02Z,82.0,Versa 4
2026-05-21T04:57:04Z,81.0,Versa 4
2026-05-21T04:57:07Z,81.0,Versa 4
2026-05-21T04:57:08Z,82.0,Versa 4
2026-05-21T04:57:11Z,82.0,Versa 4
2026-05-21T04:57:13Z,84.0,Versa 4
2026-05-21T04:57:15Z,86.0,Versa 4
2026-05-21T04:57:17Z,87.0,Versa 4
2026-05-21T04:57:19Z,86.0,Versa 4
2026-05-21T04:57:21Z,85.0,Versa 4
2026-05-21T04:57:23Z,84.0,Versa 4
2026-05-21T04:57:25Z,83.0,Versa 4
2026-05-21T04:57:27Z,82.0,Versa 4
2026-05-21T04:57:30Z,82.0,Versa 4
2026-05-21T04:57:31Z,82.0,Versa 4
2026-05-21T04:57:34Z,82.0,Versa 4
2026-05-21T04:57:35Z,81.0,Versa 4
2026-05-21T04:57:37Z,82.0,Versa 4
2026-05-21T04:57:38Z,83.0,Versa 4
2026-05-21T04:57:40Z,86.0,Versa 4
2026-05-21T04:57:42Z,89.0,Versa 4
2026-05-21T04:57:44Z,93.0,Versa 4
2026-05-21T04:57:46Z,96.0,Versa 4
2026-05-21T04:57:48Z,97.0,Versa 4
2026-05-21T04:57:51Z,97.0,Versa 4
2026-05-21T04:57:52Z,94.0,Versa 4
2026-05-21T04:57:54Z,90.0,Versa 4
2026-05-21T04:57:56Z,86.0,Versa 4
2026-05-21T04:57:59Z,86.0,Versa 4
2026-05-21T04:58:01Z,84.0,Versa 4
2026-05-21T04:58:03Z,82.0,Versa 4
2026-05-21T04:58:05Z,80.0,Versa 4
2026-05-21T04:58:07Z,80.0,Versa 4
2026-05-21T04:58:09Z,79.0,Versa 4
2026-05-21T04:58:11Z,78.0,Versa 4
2026-05-21T04:58:14Z,78.0,Versa 4
2026-05-21T04:58:17Z,78.0,Versa 4
2026-05-21T04:58:19Z,79.0,Versa 4
2026-05-21T04:58:22Z,79.0,Versa 4
2026-05-21T04:58:23Z,78.0,Versa 4
2026-05-21T04:58:26Z,80.0,Versa 4
2026-05-21T04:58:29Z,80.0,Versa 4
2026-05-21T04:58:30Z,81.0,Versa 4
2026-05-21T04:58:32Z,80.0,Versa 4
2026-05-21T04:58:35Z,80.0,Versa 4
2026-05-21T04:58:38Z,80.0,Versa 4
2026-05-21T04:58:40Z,81.0,Versa 4
2026-05-21T04:58:42Z,80.0,Versa 4
2026-05-21T04:58:44Z,78.0,Versa 4
2026-05-21T04:58:46Z,77.0,Versa 4
2026-05-21T04:58:49Z,78.0,Versa 4
2026-05-21T04:58:52Z,78.0,Versa 4
2026-05-21T04:58:55Z,78.0,Versa 4
2026-05-21T04:58:57Z,77.0,Versa 4
2026-05-21T04:59:00Z,77.0,Versa 4
2026-05-21T04:59:01Z,78.0,Versa 4
2026-05-21T04:59:04Z,78.0,Versa 4
2026-05-21T04:59:07Z,77.0,Versa 4
2026-05-21T04:59:09Z,78.0,Versa 4
2026-05-21T04:59:12Z,77.0,Versa 4
2026-05-21T04:59:14Z,76.0,Versa 4
2026-05-21T04:59:17Z,76.0,Versa 4
2026-05-21T04:59:18Z,78.0,Versa 4
2026-05-21T04:59:21Z,78.0,Versa 4
2026-05-21T04:59:24Z,77.0,Versa 4
2026-05-21T04:59:26Z,77.0,Versa 4
2026-05-21T04:59:28Z,78.0,Versa 4
2026-05-21T04:59:31Z,78.0,Versa 4
2026-05-21T04:59:32Z,79.0,Versa 4
2026-05-21T04:59:34Z,80.0,Versa 4
2026-05-21T04:59:37Z,81.0,Versa 4
2026-05-21T04:59:39Z,84.0,Versa 4
2026-05-21T04:59:41Z,86.0,Versa 4
2026-05-21T04:59:43Z,87.0,Versa 4
2026-05-21T04:59:45Z,86.0,Versa 4
2026-05-21T04:59:47Z,84.0,Versa 4
2026-05-21T04:59:49Z,85.0,Versa 4
2026-05-21T04:59:51Z,86.0,Versa 4
2026-05-21T04:59:53Z,83.0,Versa 4
2026-05-21T04:59:55Z,80.0,Versa 4
2026-05-21T04:59:57Z,78.0,Versa 4
2026-05-21T05:00:00Z,77.0,Versa 4
2026-05-21T05:00:03Z,77.0,Versa 4
2026-05-21T05:00:04Z,77.0,Versa 4
2026-05-21T05:00:06Z,76.0,Versa 4
2026-05-21T05:00:08Z,75.0,Versa 4
2026-05-21T05:00:10Z,76.0,Versa 4
2026-05-21T05:00:13Z,76.0,Versa 4
2026-05-21T05:00:16Z,76.0,Versa 4
2026-05-21T05:00:18Z,74.0,Versa 4
2026-05-21T05:00:20Z,75.0,Versa 4
2026-05-21T05:00:22Z,76.0,Versa 4
2026-05-21T05:00:23Z,76.0,Versa 4
2026-05-21T05:00:26Z,76.0,Versa 4
2026-05-21T05:00:29Z,77.0,Versa 4
2026-05-21T05:00:31Z,79.0,Versa 4
2026-05-21T05:00:33Z,83.0,Versa 4
2026-05-21T05:00:35Z,88.0,Versa 4
2026-05-21T05:00:37Z,89.0,Versa 4
2026-05-21T05:00:39Z,86.0,Versa 4
2026-05-21T05:00:41Z,83.0,Versa 4
2026-05-21T05:00:43Z,82.0,Versa 4
2026-05-21T05:00:46Z,80.0,Versa 4
2026-05-21T05:00:49Z,80.0,Versa 4
2026-05-21T05:00:50Z,82.0,Versa 4
2026-05-21T05:00:52Z,85.0,Versa 4
2026-05-21T05:00:54Z,88.0,Versa 4
2026-05-21T05:00:56Z,96.0,Versa 4
2026-05-21T05:00:58Z,99.0,Versa 4
2026-05-21T05:01:00Z,97.0,Versa 4
2026-05-21T05:01:02Z,92.0,Versa 4
2026-05-21T05:01:04Z,89.0,Versa 4
2026-05-21T05:01:07Z,89.0,Versa 4
2026-05-21T05:01:08Z,93.0,Versa 4
2026-05-21T05:01:10Z,94.0,Versa 4
2026-05-21T05:01:13Z,93.0,Versa 4
2026-05-21T05:01:15Z,90.0,Versa 4
2026-05-21T05:01:17Z,85.0,Versa 4
2026-05-21T05:01:19Z,81.0,Versa 4
2026-05-21T05:01:21Z,80.0,Versa 4
2026-05-21T05:01:24Z,80.0,Versa 4
2026-05-21T05:01:25Z,78.0,Versa 4
2026-05-21T05:01:27Z,77.0,Versa 4
2026-05-21T05:01:30Z,77.0,Versa 4
2026-05-21T05:01:31Z,76.0,Versa 4
2026-05-21T05:01:33Z,76.0,Versa 4
2026-05-21T05:01:34Z,75.0,Versa 4
2026-05-21T05:01:36Z,74.0,Versa 4
2026-05-21T05:01:39Z,74.0,Versa 4
2026-05-21T05:01:40Z,74.0,Versa 4
2026-05-21T05:01:43Z,74.0,Versa 4
2026-05-21T05:01:44Z,74.0,Versa 4
2026-05-21T05:01:46Z,74.0,Versa 4
2026-05-21T05:01:49Z,74.0,Versa 4
2026-05-21T05:01:50Z,76.0,Versa 4
2026-05-21T05:01:52Z,76.0,Versa 4
2026-05-21T05:01:54Z,76.0,Versa 4
2026-05-21T05:01:56Z,74.0,Versa 4
2026-05-21T05:01:59Z,74.0,Versa 4
2026-05-21T05:02:02Z,74.0,Versa 4
2026-05-21T05:02:03Z,76.0,Versa 4
2026-05-21T05:02:06Z,76.0,Versa 4
2026-05-21T05:02:07Z,76.0,Versa 4
2026-05-21T05:02:09Z,78.0,Versa 4
2026-05-21T05:02:11Z,81.0,Versa 4
2026-05-21T05:02:13Z,85.0,Versa 4
2026-05-21T05:02:15Z,90.0,Versa 4
2026-05-21T05:02:17Z,94.0,Versa 4
2026-05-21T05:02:19Z,96.0,Versa 4
2026-05-21T05:02:21Z,93.0,Versa 4
2026-05-21T05:02:22Z,84.0,Versa 4
2026-05-21T05:02:24Z,80.0,Versa 4
2026-05-21T05:02:26Z,78.0,Versa 4
2026-05-21T05:02:28Z,76.0,Versa 4
2026-05-21T05:02:30Z,73.0,Versa 4
2026-05-21T05:02:33Z,73.0,Versa 4
2026-05-21T05:02:34Z,72.0,Versa 4
2026-05-21T05:02:36Z,70.0,Versa 4
2026-05-21T05:02:38Z,70.0,Versa 4
2026-05-21T05:02:40Z,70.0,Versa 4
2026-05-21T05:02:43Z,70.0,Versa 4
2026-05-21T05:02:46Z,70.0,Versa 4
2026-05-21T05:02:47Z,72.0,Versa 4
2026-05-21T05:02:49Z,74.0,Versa 4
2026-05-21T05:02:51Z,76.0,Versa 4
2026-05-21T05:02:53Z,76.0,Versa 4
2026-05-21T05:02:56Z,76.0,Versa 4
2026-05-21T05:02:59Z,78.0,Versa 4
2026-05-21T05:03:02Z,78.0,Versa 4
2026-05-21T05:03:03Z,80.0,Versa 4
2026-05-21T05:03:05Z,82.0,Versa 4
2026-05-21T05:03:07Z,84.0,Versa 4
2026-05-21T05:03:09Z,83.0,Versa 4
2026-05-21T05:03:10Z,81.0,Versa 4
2026-05-21T05:03:12Z,79.0,Versa 4
2026-05-21T05:03:14Z,78.0,Versa 4
2026-05-21T05:03:17Z,78.0,Versa 4
2026-05-21T05:03:18Z,78.0,Versa 4
2026-05-21T05:03:20Z,80.0,Versa 4
2026-05-21T05:03:22Z,82.0,Versa 4
2026-05-21T05:03:24Z,86.0,Versa 4
2026-05-21T05:03:26Z,95.0,Versa 4
2026-05-21T05:03:28Z,103.0,Versa 4
2026-05-21T05:03:30Z,111.0,Versa 4
2026-05-21T05:03:32Z,112.0,Versa 4
2026-05-21T05:03:34Z,111.0,Versa 4
2026-05-21T05:03:35Z,103.0,Versa 4
2026-05-21T05:03:37Z,96.0,Versa 4
2026-05-21T05:03:39Z,92.0,Versa 4
2026-05-21T05:03:41Z,90.0,Versa 4
2026-05-21T05:03:43Z,88.0,Versa 4
2026-05-21T05:03:45Z,86.0,Versa 4
2026-05-21T05:03:47Z,85.0,Versa 4
2026-05-21T05:03:49Z,83.0,Versa 4
2026-05-21T05:03:51Z,83.0,Versa 4
2026-05-21T05:03:53Z,85.0,Versa 4
2026-05-21T05:03:55Z,88.0,Versa 4
2026-05-21T05:03:57Z,96.0,Versa 4
2026-05-21T05:03:58Z,100.0,Versa 4
2026-05-21T05:04:00Z,102.0,Versa 4
2026-05-21T05:04:02Z,100.0,Versa 4
2026-05-21T05:04:04Z,95.0,Versa 4
2026-05-21T05:04:06Z,97.0,Versa 4
2026-05-21T05:04:09Z,97.0,Versa 4
2026-05-21T05:04:10Z,95.0,Versa 4
2026-05-21T05:04:12Z,94.0,Versa 4
2026-05-21T05:04:14Z,90.0,Versa 4
2026-05-21T05:04:16Z,87.0,Versa 4
2026-05-21T05:04:18Z,83.0,Versa 4
2026-05-21T05:04:20Z,80.0,Versa 4
2026-05-21T05:04:22Z,77.0,Versa 4
2026-05-21T05:04:23Z,76.0,Versa 4
2026-05-21T05:04:25Z,75.0,Versa 4
2026-05-21T05:04:27Z,74.0,Versa 4
2026-05-21T05:04:29Z,75.0,Versa 4
2026-05-21T05:04:31Z,78.0,Versa 4
2026-05-21T05:04:33Z,80.0,Versa 4
2026-05-21T05:04:35Z,82.0,Versa 4
2026-05-21T05:04:37Z,84.0,Versa 4
2026-05-21T05:04:39Z,87.0,Versa 4
2026-05-21T05:04:41Z,91.0,Versa 4
2026-05-21T05:04:43Z,93.0,Versa 4
2026-05-21T05:04:45Z,92.0,Versa 4
2026-05-21T05:04:46Z,89.0,Versa 4
2026-05-21T05:04:48Z,87.0,Versa 4
2026-05-21T05:04:50Z,85.0,Versa 4
2026-05-21T05:04:52Z,86.0,Versa 4
2026-05-21T05:04:54Z,90.0,Versa 4
2026-05-21T05:04:56Z,96.0,Versa 4
2026-05-21T05:04:58Z,101.0,Versa 4
2026-05-21T05:05:00Z,104.0,Versa 4
2026-05-21T05:05:02Z,103.0,Versa 4
2026-05-21T05:05:04Z,100.0,Versa 4
2026-05-21T05:05:06Z,111.0,Versa 4
2026-05-21T05:05:09Z,111.0,Versa 4
2026-05-21T05:05:10Z,101.0,Versa 4
2026-05-21T05:05:11Z,94.0,Versa 4
2026-05-21T05:05:13Z,90.0,Versa 4
2026-05-21T05:05:15Z,88.0,Versa 4
2026-05-21T05:05:17Z,85.0,Versa 4
2026-05-21T05:05:19Z,84.0,Versa 4
2026-05-21T05:05:21Z,82.0,Versa 4
2026-05-21T05:05:23Z,81.0,Versa 4
2026-05-21T05:05:25Z,84.0,Versa 4
2026-05-21T05:05:27Z,90.0,Versa 4
2026-05-21T05:05:29Z,94.0,Versa 4
2026-05-21T05:05:31Z,94.0,Versa 4
2026-05-21T05:05:33Z,97.0,Versa 4
2026-05-21T05:05:34Z,100.0,Versa 4
2026-05-21T05:05:36Z,106.0,Versa 4
2026-05-21T05:05:38Z,112.0,Versa 4
2026-05-21T05:05:40Z,117.0,Versa 4
2026-05-21T05:05:42Z,120.0,Versa 4
2026-05-21T05:05:44Z,122.0,Versa 4
2026-05-21T05:05:46Z,124.0,Versa 4
2026-05-21T05:05:48Z,125.0,Versa 4
2026-05-21T05:05:51Z,125.0,Versa 4
2026-05-21T05:05:52Z,128.0,Versa 4
2026-05-21T05:05:54Z,111.0,Versa 4
2026-05-21T05:05:56Z,104.0,Versa 4
2026-05-21T05:05:58Z,100.0,Versa 4
2026-05-21T05:05:59Z,96.0,Versa 4
2026-05-21T05:06:01Z,92.0,Versa 4
2026-05-21T05:06:03Z,89.0,Versa 4
2026-05-21T05:06:05Z,90.0,Versa 4
2026-05-21T05:06:07Z,92.0,Versa 4
2026-05-21T05:06:09Z,93.0,Versa 4
2026-05-21T05:06:11Z,99.0,Versa 4
2026-05-21T05:06:13Z,115.0,Versa 4
2026-05-21T05:06:15Z,118.0,Versa 4
2026-05-21T05:06:17Z,121.0,Versa 4
2026-05-21T05:06:20Z,121.0,Versa 4
2026-05-21T05:06:21Z,116.0,Versa 4
2026-05-21T05:06:22Z,105.0,Versa 4
2026-05-21T05:06:24Z,101.0,Versa 4
2026-05-21T05:06:26Z,101.0,Versa 4
2026-05-21T05:06:28Z,103.0,Versa 4
2026-05-21T05:06:30Z,106.0,Versa 4
2026-05-21T05:06:32Z,107.0,Versa 4
2026-05-21T05:06:34Z,105.0,Versa 4
2026-05-21T05:06:36Z,104.0,Versa 4
2026-05-21T05:06:38Z,102.0,Versa 4
2026-05-21T05:06:40Z,97.0,Versa 4
2026-05-21T05:06:42Z,92.0,Versa 4
2026-05-21T05:06:44Z,89.0,Versa 4
2026-05-21T05:06:46Z,87.0,Versa 4
2026-05-21T05:06:47Z,86.0,Versa 4
2026-05-21T05:06:49Z,85.0,Versa 4
2026-05-21T05:06:51Z,90.0,Versa 4
2026-05-21T05:06:53Z,96.0,Versa 4
2026-05-21T05:06:55Z,98.0,Versa 4
2026-05-21T05:06:57Z,101.0,Versa 4
2026-05-21T05:06:59Z,109.0,Versa 4
2026-05-21T05:07:01Z,114.0,Versa 4
2026-05-21T05:07:03Z,116.0,Versa 4
2026-05-21T05:07:05Z,112.0,Versa 4
2026-05-21T05:07:07Z,106.0,Versa 4
2026-05-21T05:07:09Z,98.0,Versa 4
2026-05-21T05:07:10Z,92.0,Versa 4
2026-05-21T05:07:12Z,88.0,Versa 4
2026-05-21T05:07:14Z,84.0,Versa 4
2026-05-21T05:07:16Z,80.0,Versa 4
2026-05-21T05:07:18Z,78.0,Versa 4
2026-05-21T05:07:20Z,76.0,Versa 4
2026-05-21T05:07:23Z,76.0,Versa 4
2026-05-21T05:07:24Z,75.0,Versa 4
2026-05-21T05:07:26Z,75.0,Versa 4
2026-05-21T05:07:28Z,74.0,Versa 4
2026-05-21T05:07:31Z,74.0,Versa 4
2026-05-21T05:07:32Z,73.0,Versa 4
2026-05-21T05:07:34Z,74.0,Versa 4
2026-05-21T05:07:35Z,73.0,Versa 4
2026-05-21T05:07:38Z,73.0,Versa 4
2026-05-21T05:07:39Z,73.0,Versa 4
2026-05-21T05:07:41Z,74.0,Versa 4
2026-05-21T05:07:43Z,75.0,Versa 4
2026-05-21T05:07:46Z,75.0,Versa 4
2026-05-21T05:07:47Z,78.0,Versa 4
2026-05-21T05:07:49Z,82.0,Versa 4
2026-05-21T05:07:51Z,84.0,Versa 4
2026-05-21T05:07:53Z,84.0,Versa 4
2026-05-21T05:07:55Z,84.0,Versa 4
2026-05-21T05:07:57Z,84.0,Versa 4
2026-05-21T05:07:58Z,83.0,Versa 4
2026-05-21T05:08:00Z,82.0,Versa 4
2026-05-21T05:08:03Z,82.0,Versa 4
2026-05-21T05:08:04Z,84.0,Versa 4
2026-05-21T05:08:06Z,87.0,Versa 4
2026-05-21T05:08:08Z,96.0,Versa 4
2026-05-21T05:08:10Z,99.0,Versa 4
2026-05-21T05:08:12Z,100.0,Versa 4
2026-05-21T05:08:14Z,102.0,Versa 4
2026-05-21T05:08:16Z,105.0,Versa 4
2026-05-21T05:08:18Z,108.0,Versa 4
2026-05-21T05:08:20Z,111.0,Versa 4
2026-05-21T05:08:22Z,113.0,Versa 4
2026-05-21T05:08:23Z,119.0,Versa 4
2026-05-21T05:08:25Z,124.0,Versa 4
2026-05-21T05:08:27Z,126.0,Versa 4
2026-05-21T05:08:29Z,127.0,Versa 4
2026-05-21T05:08:31Z,125.0,Versa 4
2026-05-21T05:08:33Z,123.0,Versa 4
2026-05-21T05:08:35Z,122.0,Versa 4
2026-05-21T05:08:37Z,123.0,Versa 4
2026-05-21T05:08:39Z,124.0,Versa 4
2026-05-21T05:08:41Z,125.0,Versa 4
2026-05-21T05:08:44Z,125.0,Versa 4
2026-05-21T05:08:45Z,126.0,Versa 4
2026-05-21T05:08:46Z,127.0,Versa 4
2026-05-21T05:08:49Z,127.0,Versa 4
2026-05-21T05:08:50Z,128.0,Versa 4
2026-05-21T05:08:52Z,122.0,Versa 4
2026-05-21T05:08:54Z,114.0,Versa 4
2026-05-21T05:08:56Z,110.0,Versa 4
2026-05-21T05:08:58Z,106.0,Versa 4
2026-05-21T05:09:00Z,104.0,Versa 4
2026-05-21T05:09:02Z,101.0,Versa 4
2026-05-21T05:09:04Z,94.0,Versa 4
2026-05-21T05:09:06Z,90.0,Versa 4
2026-05-21T05:09:08Z,88.0,Versa 4
2026-05-21T05:09:10Z,87.0,Versa 4
2026-05-21T05:09:11Z,85.0,Versa 4
2026-05-21T05:09:13Z,84.0,Versa 4
2026-05-21T05:09:15Z,83.0,Versa 4
2026-05-21T05:09:17Z,82.0,Versa 4
2026-05-21T05:09:20Z,82.0,Versa 4
2026-05-21T05:09:23Z,81.0,Versa 4
2026-05-21T05:09:25Z,82.0,Versa 4
2026-05-21T05:09:28Z,82.0,Versa 4
2026-05-21T05:09:29Z,83.0,Versa 4
2026-05-21T05:09:32Z,83.0,Versa 4
2026-05-21T05:09:33Z,82.0,Versa 4
2026-05-21T05:09:36Z,81.0,Versa 4
2026-05-21T05:09:39Z,81.0,Versa 4
2026-05-21T05:09:40Z,80.0,Versa 4
2026-05-21T05:09:43Z,80.0,Versa 4
2026-05-21T05:09:44Z,79.0,Versa 4
2026-05-21T05:09:46Z,78.0,Versa 4
2026-05-21T05:09:48Z,80.0,Versa 4
2026-05-21T05:09:50Z,82.0,Versa 4
2026-05-21T05:09:52Z,83.0,Versa 4
2026-05-21T05:09:55Z,83.0,Versa 4
2026-05-21T05:09:56Z,83.0,Versa 4
2026-05-21T05:09:59Z,84.0,Versa 4
2026-05-21T05:10:01Z,86.0,Versa 4
2026-05-21T05:10:03Z,88.0,Versa 4
2026-05-21T05:10:05Z,87.0,Versa 4
2026-05-21T05:10:07Z,86.0,Versa 4
2026-05-21T05:10:09Z,84.0,Versa 4
2026-05-21T05:10:12Z,84.0,Versa 4
2026-05-21T05:10:15Z,82.0,Versa 4
2026-05-21T05:10:17Z,82.0,Versa 4
2026-05-21T05:10:19Z,80.0,Versa 4
2026-05-21T05:10:21Z,81.0,Versa 4
2026-05-21T05:10:22Z,86.0,Versa 4
2026-05-21T05:10:24Z,96.0,Versa 4
2026-05-21T05:10:26Z,99.0,Versa 4
2026-05-21T05:10:28Z,98.0,Versa 4
2026-05-21T05:10:30Z,88.0,Versa 4
2026-05-21T05:10:32Z,84.0,Versa 4
2026-05-21T05:10:34Z,82.0,Versa 4
2026-05-21T05:10:36Z,82.0,Versa 4
2026-05-21T05:10:38Z,81.0,Versa 4
2026-05-21T05:10:40Z,82.0,Versa 4
2026-05-21T05:10:42Z,85.0,Versa 4
2026-05-21T05:10:44Z,89.0,Versa 4
2026-05-21T05:10:46Z,97.0,Versa 4
2026-05-21T05:10:47Z,102.0,Versa 4
2026-05-21T05:10:49Z,109.0,Versa 4
2026-05-21T05:10:51Z,112.0,Versa 4
2026-05-21T05:10:53Z,114.0,Versa 4
2026-05-21T05:10:55Z,117.0,Versa 4
2026-05-21T05:10:57Z,121.0,Versa 4
2026-05-21T05:10:59Z,124.0,Versa 4
2026-05-21T05:11:01Z,126.0,Versa 4
2026-05-21T05:11:03Z,127.0,Versa 4
2026-05-21T05:11:05Z,129.0,Versa 4
2026-05-21T05:11:07Z,131.0,Versa 4
2026-05-21T05:11:09Z,132.0,Versa 4
2026-05-21T05:11:12Z,132.0,Versa 4
2026-05-21T05:11:14Z,130.0,Versa 4
2026-05-21T05:11:16Z,128.0,Versa 4
2026-05-21T05:11:18Z,120.0,Versa 4
2026-05-21T05:11:20Z,109.0,Versa 4
2026-05-21T05:11:22Z,106.0,Versa 4
2026-05-21T05:11:24Z,103.0,Versa 4
2026-05-21T05:11:26Z,100.0,Versa 4
2026-05-21T05:11:28Z,97.0,Versa 4
2026-05-21T05:11:30Z,94.0,Versa 4
2026-05-21T05:11:32Z,92.0,Versa 4
2026-05-21T05:11:35Z,90.0,Versa 4
2026-05-21T05:11:37Z,89.0,Versa 4
2026-05-21T05:11:40Z,89.0,Versa 4
2026-05-21T05:11:41Z,90.0,Versa 4
2026-05-21T05:11:44Z,90.0,Versa 4
2026-05-21T05:11:45Z,89.0,Versa 4
2026-05-21T05:11:47Z,88.0,Versa 4
2026-05-21T05:11:50Z,88.0,Versa 4
2026-05-21T05:11:51Z,87.0,Versa 4
2026-05-21T05:11:53Z,88.0,Versa 4
2026-05-21T05:11:55Z,91.0,Versa 4
2026-05-21T05:11:58Z,107.0,Versa 4
2026-05-21T05:12:00Z,119.0,Versa 4
2026-05-21T05:12:02Z,113.0,Versa 4
2026-05-21T05:12:04Z,105.0,Versa 4
2026-05-21T05:12:06Z,97.0,Versa 4
2026-05-21T05:12:08Z,91.0,Versa 4
2026-05-21T05:12:10Z,90.0,Versa 4
2026-05-21T05:12:12Z,89.0,Versa 4
2026-05-21T05:12:14Z,87.0,Versa 4
2026-05-21T05:12:16Z,86.0,Versa 4
2026-05-21T05:12:18Z,85.0,Versa 4
2026-05-21T05:12:21Z,85.0,Versa 4
2026-05-21T05:12:23Z,86.0,Versa 4
2026-05-21T05:12:26Z,86.0,Versa 4
2026-05-21T05:12:27Z,86.0,Versa 4
2026-05-21T05:12:29Z,88.0,Versa 4
2026-05-21T05:12:31Z,90.0,Versa 4
2026-05-21T05:12:33Z,94.0,Versa 4
2026-05-21T05:12:35Z,95.0,Versa 4
2026-05-21T05:12:37Z,94.0,Versa 4
2026-05-21T05:12:39Z,92.0,Versa 4
2026-05-21T05:12:41Z,89.0,Versa 4
2026-05-21T05:12:43Z,90.0,Versa 4
2026-05-21T05:12:45Z,93.0,Versa 4
2026-05-21T05:12:46Z,95.0,Versa 4
2026-05-21T05:12:48Z,99.0,Versa 4
2026-05-21T05:12:50Z,102.0,Versa 4
2026-05-21T05:12:52Z,103.0,Versa 4
2026-05-21T05:12:54Z,102.0,Versa 4
2026-05-21T05:12:56Z,104.0,Versa 4
2026-05-21T05:12:58Z,107.0,Versa 4
2026-05-21T05:13:00Z,104.0,Versa 4
2026-05-21T05:13:02Z,98.0,Versa 4
2026-05-21T05:13:04Z,94.0,Versa 4
2026-05-21T05:13:06Z,92.0,Versa 4
2026-05-21T05:13:09Z,92.0,Versa 4
2026-05-21T05:13:11Z,94.0,Versa 4
2026-05-21T05:13:13Z,92.0,Versa 4
2026-05-21T05:13:15Z,87.0,Versa 4
2026-05-21T05:13:17Z,86.0,Versa 4
2026-05-21T05:13:19Z,84.0,Versa 4
2026-05-21T05:13:21Z,83.0,Versa 4
2026-05-21T05:13:23Z,84.0,Versa 4
2026-05-21T05:13:26Z,84.0,Versa 4
2026-05-21T05:13:27Z,87.0,Versa 4
2026-05-21T05:13:29Z,95.0,Versa 4
2026-05-21T05:13:31Z,99.0,Versa 4
2026-05-21T05:13:33Z,107.0,Versa 4
2026-05-21T05:13:34Z,112.0,Versa 4
2026-05-21T05:13:37Z,112.0,Versa 4
2026-05-21T05:13:38Z,107.0,Versa 4
2026-05-21T05:13:40Z,103.0,Versa 4
2026-05-21T05:13:42Z,99.0,Versa 4
2026-05-21T05:13:44Z,95.0,Versa 4
2026-05-21T05:13:46Z,92.0,Versa 4
2026-05-21T05:13:49Z,88.0,Versa 4
2026-05-21T05:13:51Z,85.0,Versa 4
2026-05-21T05:13:53Z,84.0,Versa 4
2026-05-21T05:13:55Z,83.0,Versa 4
2026-05-21T05:13:57Z,82.0,Versa 4
2026-05-21T05:14:00Z,82.0,Versa 4
2026-05-21T05:14:01Z,86.0,Versa 4
2026-05-21T05:14:02Z,97.0,Versa 4
2026-05-21T05:14:04Z,104.0,Versa 4
2026-05-21T05:14:06Z,108.0,Versa 4
2026-05-21T05:14:08Z,111.0,Versa 4
2026-05-21T05:14:10Z,113.0,Versa 4
2026-05-21T05:14:12Z,117.0,Versa 4
2026-05-21T05:14:14Z,120.0,Versa 4
2026-05-21T05:14:16Z,123.0,Versa 4
2026-05-21T05:14:18Z,124.0,Versa 4
2026-05-21T05:14:21Z,124.0,Versa 4
2026-05-21T05:14:22Z,126.0,Versa 4
2026-05-21T05:14:24Z,127.0,Versa 4
2026-05-21T05:14:25Z,128.0,Versa 4
2026-05-21T05:14:28Z,128.0,Versa 4
2026-05-21T05:14:29Z,127.0,Versa 4
2026-05-21T05:14:31Z,114.0,Versa 4
2026-05-21T05:14:33Z,109.0,Versa 4
2026-05-21T05:14:35Z,105.0,Versa 4
2026-05-21T05:14:37Z,101.0,Versa 4
2026-05-21T05:14:39Z,98.0,Versa 4
2026-05-21T05:14:41Z,95.0,Versa 4
2026-05-21T05:14:43Z,93.0,Versa 4
2026-05-21T05:14:45Z,91.0,Versa 4
2026-05-21T05:14:47Z,90.0,Versa 4
2026-05-21T05:14:49Z,90.0,Versa 4
2026-05-21T05:14:52Z,89.0,Versa 4
2026-05-21T05:14:54Z,88.0,Versa 4
2026-05-21T05:14:57Z,88.0,Versa 4
2026-05-21T05:15:00Z,90.0,Versa 4
2026-05-21T05:15:02Z,89.0,Versa 4
2026-05-21T05:15:04Z,88.0,Versa 4
2026-05-21T05:15:06Z,87.0,Versa 4
2026-05-21T05:15:08Z,88.0,Versa 4
2026-05-21T05:15:10Z,89.0,Versa 4
2026-05-21T05:15:13Z,89.0,Versa 4
2026-05-21T05:15:15Z,93.0,Versa 4
2026-05-21T05:15:17Z,94.0,Versa 4
2026-05-21T05:15:19Z,104.0,Versa 4
2026-05-21T05:15:21Z,105.0,Versa 4
2026-05-21T05:15:23Z,103.0,Versa 4
2026-05-21T05:15:25Z,95.0,Versa 4
2026-05-21T05:15:27Z,91.0,Versa 4
2026-05-21T05:15:29Z,90.0,Versa 4
2026-05-21T05:15:32Z,90.0,Versa 4
2026-05-21T05:15:33Z,91.0,Versa 4
2026-05-21T05:15:35Z,90.0,Versa 4
2026-05-21T05:15:37Z,88.0,Versa 4
2026-05-21T05:15:38Z,85.0,Versa 4
2026-05-21T05:15:40Z,84.0,Versa 4
2026-05-21T05:15:42Z,83.0,Versa 4
2026-05-21T05:15:44Z,82.0,Versa 4
2026-05-21T05:15:46Z,82.0,Versa 4
2026-05-21T05:15:48Z,82.0,Versa 4
2026-05-21T05:15:50Z,83.0,Versa 4
2026-05-21T05:15:52Z,84.0,Versa 4
2026-05-21T05:15:54Z,85.0,Versa 4
2026-05-21T05:15:56Z,86.0,Versa 4
2026-05-21T05:15:58Z,85.0,Versa 4
2026-05-21T05:16:01Z,86.0,Versa 4
2026-05-21T05:16:03Z,87.0,Versa 4
2026-05-21T05:16:06Z,87.0,Versa 4
2026-05-21T05:16:07Z,88.0,Versa 4
2026-05-21T05:16:10Z,88.0,Versa 4
2026-05-21T05:16:11Z,89.0,Versa 4
2026-05-21T05:16:13Z,91.0,Versa 4
2026-05-21T05:16:15Z,103.0,Versa 4
2026-05-21T05:16:18Z,103.0,Versa 4
2026-05-21T05:16:19Z,100.0,Versa 4
2026-05-21T05:16:21Z,97.0,Versa 4
2026-05-21T05:16:23Z,95.0,Versa 4
2026-05-21T05:16:25Z,91.0,Versa 4
2026-05-21T05:16:26Z,88.0,Versa 4
2026-05-21T05:16:28Z,86.0,Versa 4
2026-05-21T05:16:30Z,86.0,Versa 4
2026-05-21T05:16:32Z,85.0,Versa 4
2026-05-21T05:16:35Z,85.0,Versa 4
2026-05-21T05:16:38Z,86.0,Versa 4
2026-05-21T05:16:41Z,86.0,Versa 4
2026-05-21T05:16:42Z,88.0,Versa 4
2026-05-21T05:16:45Z,88.0,Versa 4
2026-05-21T05:16:46Z,89.0,Versa 4
2026-05-21T05:16:48Z,93.0,Versa 4
2026-05-21T05:16:49Z,100.0,Versa 4
2026-05-21T05:16:51Z,104.0,Versa 4
2026-05-21T05:16:53Z,112.0,Versa 4
2026-05-21T05:16:55Z,116.0,Versa 4
2026-05-21T05:16:57Z,118.0,Versa 4
2026-05-21T05:16:59Z,120.0,Versa 4
2026-05-21T05:17:01Z,115.0,Versa 4
2026-05-21T05:17:03Z,121.0,Versa 4
2026-05-21T05:17:05Z,113.0,Versa 4
2026-05-21T05:17:07Z,107.0,Versa 4
2026-05-21T05:17:09Z,100.0,Versa 4
2026-05-21T05:17:11Z,95.0,Versa 4
2026-05-21T05:17:13Z,93.0,Versa 4
2026-05-21T05:17:14Z,91.0,Versa 4
2026-05-21T05:17:16Z,88.0,Versa 4
2026-05-21T05:17:18Z,87.0,Versa 4
2026-05-21T05:17:20Z,86.0,Versa 4
2026-05-21T05:17:22Z,85.0,Versa 4
2026-05-21T05:17:24Z,85.0,Versa 4
2026-05-21T05:17:26Z,86.0,Versa 4
2026-05-21T05:17:29Z,86.0,Versa 4
2026-05-21T05:17:30Z,86.0,Versa 4
2026-05-21T05:17:32Z,89.0,Versa 4
2026-05-21T05:17:34Z,95.0,Versa 4
2026-05-21T05:17:36Z,96.0,Versa 4
2026-05-21T05:17:37Z,101.0,Versa 4
2026-05-21T05:17:39Z,103.0,Versa 4
2026-05-21T05:17:42Z,103.0,Versa 4
2026-05-21T05:17:43Z,106.0,Versa 4
2026-05-21T05:17:45Z,112.0,Versa 4
2026-05-21T05:17:47Z,113.0,Versa 4
2026-05-21T05:17:49Z,110.0,Versa 4
2026-05-21T05:17:51Z,105.0,Versa 4
2026-05-21T05:17:53Z,98.0,Versa 4
2026-05-21T05:17:55Z,93.0,Versa 4
2026-05-21T05:17:57Z,92.0,Versa 4
2026-05-21T05:17:59Z,91.0,Versa 4
2026-05-21T05:18:01Z,96.0,Versa 4
2026-05-21T05:18:02Z,101.0,Versa 4
2026-05-21T05:18:04Z,106.0,Versa 4
2026-05-21T05:18:06Z,110.0,Versa 4
2026-05-21T05:18:08Z,113.0,Versa 4
2026-05-21T05:18:11Z,113.0,Versa 4
2026-05-21T05:18:12Z,111.0,Versa 4
2026-05-21T05:18:14Z,105.0,Versa 4
2026-05-21T05:18:16Z,98.0,Versa 4
2026-05-21T05:18:18Z,94.0,Versa 4
2026-05-21T05:18:20Z,93.0,Versa 4
2026-05-21T05:18:22Z,94.0,Versa 4
2026-05-21T05:18:24Z,93.0,Versa 4
2026-05-21T05:18:25Z,90.0,Versa 4
2026-05-21T05:18:27Z,88.0,Versa 4
2026-05-21T05:18:29Z,87.0,Versa 4
2026-05-21T05:18:31Z,88.0,Versa 4
2026-05-21T05:18:33Z,89.0,Versa 4
2026-05-21T05:18:35Z,91.0,Versa 4
2026-05-21T05:18:37Z,91.0,Versa 4
2026-05-21T05:18:39Z,90.0,Versa 4
2026-05-21T05:18:42Z,90.0,Versa 4
2026-05-21T05:18:45Z,90.0,Versa 4
2026-05-21T05:18:47Z,88.0,Versa 4
2026-05-21T05:18:50Z,90.0,Versa 4
2026-05-21T05:18:53Z,90.0,Versa 4
2026-05-21T05:18:54Z,90.0,Versa 4
2026-05-21T05:18:56Z,89.0,Versa 4
2026-05-21T05:18:58Z,92.0,Versa 4
2026-05-21T05:19:00Z,100.0,Versa 4
2026-05-21T05:19:02Z,103.0,Versa 4
2026-05-21T05:19:04Z,107.0,Versa 4
2026-05-21T05:19:06Z,103.0,Versa 4
2026-05-21T05:19:08Z,91.0,Versa 4
2026-05-21T05:19:10Z,85.0,Versa 4
2026-05-21T05:19:12Z,82.0,Versa 4
2026-05-21T05:19:13Z,80.0,Versa 4
2026-05-21T05:19:16Z,80.0,Versa 4
2026-05-21T05:19:19Z,83.0,Versa 4
2026-05-21T05:19:22Z,83.0,Versa 4
2026-05-21T05:19:23Z,82.0,Versa 4
2026-05-21T05:19:25Z,81.0,Versa 4
2026-05-21T05:19:27Z,82.0,Versa 4
2026-05-21T05:19:29Z,82.0,Versa 4
2026-05-21T05:19:31Z,86.0,Versa 4
2026-05-21T05:19:33Z,90.0,Versa 4
2026-05-21T05:19:35Z,93.0,Versa 4
2026-05-21T05:19:37Z,96.0,Versa 4
2026-05-21T05:19:38Z,109.0,Versa 4
2026-05-21T05:19:40Z,110.0,Versa 4
2026-05-21T05:19:43Z,110.0,Versa 4
2026-05-21T05:19:46Z,110.0,Versa 4
2026-05-21T05:19:48Z,112.0,Versa 4
2026-05-21T05:19:50Z,113.0,Versa 4
2026-05-21T05:19:52Z,114.0,Versa 4
2026-05-21T05:19:54Z,116.0,Versa 4
2026-05-21T05:19:57Z,116.0,Versa 4
2026-05-21T05:19:58Z,118.0,Versa 4
2026-05-21T05:20:00Z,121.0,Versa 4
2026-05-21T05:20:01Z,124.0,Versa 4
2026-05-21T05:20:03Z,125.0,Versa 4
2026-05-21T05:20:05Z,126.0,Versa 4
2026-05-21T05:20:08Z,126.0,Versa 4
2026-05-21T05:20:09Z,125.0,Versa 4
2026-05-21T05:20:11Z,121.0,Versa 4
2026-05-21T05:20:13Z,113.0,Versa 4
2026-05-21T05:20:15Z,105.0,Versa 4
2026-05-21T05:20:17Z,101.0,Versa 4
2026-05-21T05:20:19Z,99.0,Versa 4
2026-05-21T05:20:22Z,99.0,Versa 4
2026-05-21T05:20:23Z,101.0,Versa 4
2026-05-21T05:20:25Z,104.0,Versa 4
2026-05-21T05:20:26Z,102.0,Versa 4
2026-05-21T05:20:28Z,103.0,Versa 4
2026-05-21T05:20:30Z,101.0,Versa 4
2026-05-21T05:20:32Z,108.0,Versa 4
2026-05-21T05:20:34Z,111.0,Versa 4
2026-05-21T05:20:36Z,107.0,Versa 4
2026-05-21T05:20:38Z,100.0,Versa 4
2026-05-21T05:20:40Z,99.0,Versa 4
2026-05-21T05:20:42Z,96.0,Versa 4
2026-05-21T05:20:44Z,93.0,Versa 4
2026-05-21T05:20:46Z,92.0,Versa 4
2026-05-21T05:20:48Z,90.0,Versa 4
2026-05-21T05:20:49Z,89.0,Versa 4
2026-05-21T05:20:51Z,88.0,Versa 4
2026-05-21T05:20:53Z,88.0,Versa 4
2026-05-21T05:20:56Z,88.0,Versa 4
2026-05-21T05:20:57Z,90.0,Versa 4
2026-05-21T05:21:00Z,90.0,Versa 4
2026-05-21T05:21:03Z,88.0,Versa 4
2026-05-21T05:21:06Z,88.0,Versa 4
2026-05-21T05:21:09Z,88.0,Versa 4
2026-05-21T05:21:11Z,88.0,Versa 4
2026-05-21T05:21:13Z,86.0,Versa 4
2026-05-21T05:21:14Z,86.0,Versa 4
2026-05-21T05:21:16Z,88.0,Versa 4
2026-05-21T05:21:18Z,90.0,Versa 4
2026-05-21T05:21:20Z,91.0,Versa 4
2026-05-21T05:21:22Z,93.0,Versa 4
2026-05-21T05:21:24Z,95.0,Versa 4
2026-05-21T05:21:26Z,97.0,Versa 4
2026-05-21T05:21:28Z,99.0,Versa 4
2026-05-21T05:21:30Z,114.0,Versa 4
2026-05-21T05:21:32Z,110.0,Versa 4
2026-05-21T05:21:34Z,108.0,Versa 4
2026-05-21T05:21:36Z,104.0,Versa 4
2026-05-21T05:21:37Z,101.0,Versa 4
2026-05-21T05:21:39Z,102.0,Versa 4
2026-05-21T05:21:41Z,101.0,Versa 4
2026-05-21T05:21:43Z,94.0,Versa 4
2026-05-21T05:21:45Z,86.0,Versa 4
2026-05-21T05:21:47Z,85.0,Versa 4
2026-05-21T05:21:50Z,85.0,Versa 4
2026-05-21T05:21:51Z,88.0,Versa 4
2026-05-21T05:21:53Z,90.0,Versa 4
2026-05-21T05:21:55Z,90.0,Versa 4
2026-05-21T05:21:57Z,92.0,Versa 4
2026-05-21T05:21:59Z,97.0,Versa 4
2026-05-21T05:22:01Z,105.0,Versa 4
2026-05-21T05:22:02Z,111.0,Versa 4
2026-05-21T05:22:04Z,115.0,Versa 4
2026-05-21T05:22:06Z,113.0,Versa 4
2026-05-21T05:22:08Z,103.0,Versa 4
2026-05-21T05:22:10Z,106.0,Versa 4
2026-05-21T05:22:12Z,108.0,Versa 4
2026-05-21T05:22:14Z,109.0,Versa 4
2026-05-21T05:22:16Z,108.0,Versa 4
2026-05-21T05:22:18Z,105.0,Versa 4
2026-05-21T05:22:20Z,101.0,Versa 4
2026-05-21T05:22:22Z,98.0,Versa 4
2026-05-21T05:22:24Z,95.0,Versa 4
2026-05-21T05:22:25Z,92.0,Versa 4
2026-05-21T05:22:27Z,90.0,Versa 4
2026-05-21T05:22:29Z,90.0,Versa 4
2026-05-21T05:22:32Z,90.0,Versa 4
2026-05-21T05:22:33Z,89.0,Versa 4
2026-05-21T05:22:35Z,90.0,Versa 4
2026-05-21T05:22:37Z,91.0,Versa 4
2026-05-21T05:22:39Z,92.0,Versa 4
2026-05-21T05:22:41Z,93.0,Versa 4
2026-05-21T05:22:44Z,93.0,Versa 4
2026-05-21T05:22:45Z,94.0,Versa 4
2026-05-21T05:22:47Z,95.0,Versa 4
2026-05-21T05:22:50Z,94.0,Versa 4
2026-05-21T05:22:53Z,94.0,Versa 4
2026-05-21T05:22:54Z,95.0,Versa 4
2026-05-21T05:22:56Z,94.0,Versa 4
2026-05-21T05:22:58Z,93.0,Versa 4
2026-05-21T05:23:00Z,92.0,Versa 4
2026-05-21T05:23:03Z,92.0,Versa 4
2026-05-21T05:23:06Z,92.0,Versa 4
2026-05-21T05:23:09Z,92.0,Versa 4
2026-05-21T05:23:12Z,92.0,Versa 4
2026-05-21T05:23:15Z,92.0,Versa 4
2026-05-21T05:23:17Z,94.0,Versa 4
2026-05-21T05:23:19Z,95.0,Versa 4
2026-05-21T05:23:21Z,97.0,Versa 4
2026-05-21T05:23:23Z,98.0,Versa 4
2026-05-21T05:23:25Z,97.0,Versa 4
2026-05-21T05:23:27Z,96.0,Versa 4
2026-05-21T05:23:29Z,97.0,Versa 4
2026-05-21T05:23:31Z,98.0,Versa 4
2026-05-21T05:23:33Z,98.0,Versa 4
2026-05-21T05:23:35Z,97.0,Versa 4
2026-05-21T05:23:38Z,96.0,Versa 4
2026-05-21T05:23:41Z,96.0,Versa 4
2026-05-21T05:23:42Z,94.0,Versa 4
2026-05-21T05:23:45Z,94.0,Versa 4
2026-05-21T05:23:46Z,93.0,Versa 4
2026-05-21T05:23:48Z,94.0,Versa 4
2026-05-21T05:23:51Z,94.0,Versa 4
2026-05-21T05:23:54Z,92.0,Versa 4
2026-05-21T05:23:56Z,90.0,Versa 4
2026-05-21T05:23:58Z,94.0,Versa 4
2026-05-21T05:24:00Z,100.0,Versa 4
2026-05-21T05:24:01Z,106.0,Versa 4
2026-05-21T05:24:03Z,111.0,Versa 4
2026-05-21T05:24:05Z,109.0,Versa 4
2026-05-21T05:24:07Z,94.0,Versa 4
2026-05-21T05:24:09Z,87.0,Versa 4
2026-05-21T05:24:11Z,83.0,Versa 4
2026-05-21T05:24:14Z,83.0,Versa 4
2026-05-21T05:24:17Z,86.0,Versa 4
2026-05-21T05:24:19Z,88.0,Versa 4
2026-05-21T05:24:21Z,90.0,Versa 4
2026-05-21T05:24:24Z,90.0,Versa 4
2026-05-21T05:24:25Z,89.0,Versa 4
2026-05-21T05:24:28Z,88.0,Versa 4
2026-05-21T05:24:30Z,88.0,Versa 4
2026-05-21T05:24:33Z,88.0,Versa 4
2026-05-21T05:24:36Z,88.0,Versa 4
2026-05-21T05:24:38Z,89.0,Versa 4
2026-05-21T05:24:40Z,90.0,Versa 4
2026-05-21T05:24:42Z,91.0,Versa 4
2026-05-21T05:24:44Z,96.0,Versa 4
2026-05-21T05:24:46Z,103.0,Versa 4
2026-05-21T05:24:48Z,111.0,Versa 4
2026-05-21T05:24:49Z,118.0,Versa 4
2026-05-21T05:24:51Z,120.0,Versa 4
2026-05-21T05:24:53Z,121.0,Versa 4
2026-05-21T05:24:55Z,120.0,Versa 4
2026-05-21T05:24:57Z,121.0,Versa 4
2026-05-21T05:24:59Z,124.0,Versa 4
2026-05-21T05:25:01Z,126.0,Versa 4
2026-05-21T05:25:04Z,126.0,Versa 4
2026-05-21T05:25:05Z,125.0,Versa 4
2026-05-21T05:25:07Z,131.0,Versa 4
2026-05-21T05:25:09Z,132.0,Versa 4
2026-05-21T05:25:11Z,135.0,Versa 4
2026-05-21T05:25:13Z,137.0,Versa 4
2026-05-21T05:25:16Z,135.0,Versa 4
2026-05-21T05:25:18Z,140.0,Versa 4
2026-05-21T05:25:20Z,142.0,Versa 4
2026-05-21T05:25:22Z,141.0,Versa 4
2026-05-21T05:25:24Z,139.0,Versa 4
2026-05-21T05:25:26Z,136.0,Versa 4
2026-05-21T05:25:28Z,133.0,Versa 4
2026-05-21T05:25:30Z,130.0,Versa 4
2026-05-21T05:25:32Z,127.0,Versa 4
2026-05-21T05:25:34Z,126.0,Versa 4
2026-05-21T05:25:36Z,121.0,Versa 4
2026-05-21T05:25:37Z,117.0,Versa 4
2026-05-21T05:25:39Z,113.0,Versa 4
2026-05-21T05:25:41Z,110.0,Versa 4
2026-05-21T05:25:43Z,106.0,Versa 4
2026-05-21T05:25:45Z,104.0,Versa 4
2026-05-21T05:25:48Z,104.0,Versa 4
2026-05-21T05:25:49Z,102.0,Versa 4
2026-05-21T05:25:51Z,101.0,Versa 4
2026-05-21T05:25:53Z,99.0,Versa 4
2026-05-21T05:25:55Z,98.0,Versa 4
2026-05-21T05:25:58Z,98.0,Versa 4
2026-05-21T05:25:59Z,99.0,Versa 4
2026-05-21T05:26:01Z,101.0,Versa 4
2026-05-21T05:26:02Z,100.0,Versa 4
2026-05-21T05:26:05Z,100.0,Versa 4
2026-05-21T05:26:06Z,101.0,Versa 4
2026-05-21T05:26:08Z,100.0,Versa 4
2026-05-21T05:26:11Z,100.0,Versa 4
2026-05-21T05:26:14Z,101.0,Versa 4
2026-05-21T05:26:17Z,101.0,Versa 4
2026-05-21T05:26:18Z,100.0,Versa 4
2026-05-21T05:26:20Z,101.0,Versa 4
2026-05-21T05:26:22Z,102.0,Versa 4
2026-05-21T05:26:24Z,104.0,Versa 4
2026-05-21T05:26:25Z,103.0,Versa 4
2026-05-21T05:26:27Z,101.0,Versa 4
2026-05-21T05:26:29Z,98.0,Versa 4
2026-05-21T05:26:31Z,92.0,Versa 4
2026-05-21T05:26:33Z,88.0,Versa 4
2026-05-21T05:26:35Z,87.0,Versa 4
2026-05-21T05:26:37Z,85.0,Versa 4
2026-05-21T05:26:39Z,83.0,Versa 4
2026-05-21T05:26:41Z,82.0,Versa 4
2026-05-21T05:26:43Z,81.0,Versa 4
2026-05-21T05:26:45Z,82.0,Versa 4
2026-05-21T05:26:48Z,82.0,Versa 4
2026-05-21T05:26:50Z,84.0,Versa 4
2026-05-21T05:26:52Z,83.0,Versa 4
2026-05-21T05:26:54Z,84.0,Versa 4
2026-05-21T05:26:57Z,84.0,Versa 4
2026-05-21T05:26:58Z,83.0,Versa 4
2026-05-21T05:27:00Z,82.0,Versa 4
2026-05-21T05:27:03Z,82.0,Versa 4
2026-05-21T05:27:04Z,82.0,Versa 4
2026-05-21T05:27:06Z,82.0,Versa 4
2026-05-21T05:27:09Z,82.0,Versa 4
2026-05-21T05:27:12Z,81.0,Versa 4
2026-05-21T05:27:13Z,81.0,Versa 4
2026-05-21T05:27:15Z,81.0,Versa 4
2026-05-21T05:27:18Z,81.0,Versa 4
2026-05-21T05:27:19Z,80.0,Versa 4
2026-05-21T05:27:22Z,80.0,Versa 4
2026-05-21T05:27:25Z,80.0,Versa 4
2026-05-21T05:27:27Z,81.0,Versa 4
2026-05-21T05:27:30Z,81.0,Versa 4
2026-05-21T05:27:31Z,80.0,Versa 4
2026-05-21T05:27:33Z,79.0,Versa 4
2026-05-21T05:27:36Z,79.0,Versa 4
2026-05-21T05:27:37Z,80.0,Versa 4
2026-05-21T05:27:38Z,79.0,Versa 4
2026-05-21T05:27:40Z,79.0,Versa 4
2026-05-21T05:27:42Z,78.0,Versa 4
2026-05-21T05:27:45Z,78.0,Versa 4
2026-05-21T05:27:46Z,77.0,Versa 4
2026-05-21T05:27:48Z,78.0,Versa 4
2026-05-21T05:27:50Z,77.0,Versa 4
2026-05-21T05:27:52Z,76.0,Versa 4
2026-05-21T05:27:55Z,76.0,Versa 4
2026-05-21T05:27:58Z,76.0,Versa 4
2026-05-21T05:28:01Z,76.0,Versa 4
2026-05-21T05:28:03Z,75.0,Versa 4
2026-05-21T05:28:06Z,75.0,Versa 4
2026-05-21T05:28:07Z,76.0,Versa 4
2026-05-21T05:28:09Z,77.0,Versa 4
2026-05-21T05:28:11Z,78.0,Versa 4
2026-05-21T05:28:13Z,81.0,Versa 4
2026-05-21T05:28:15Z,84.0,Versa 4
2026-05-21T05:28:17Z,86.0,Versa 4
2026-05-21T05:28:19Z,93.0,Versa 4
2026-05-21T05:28:21Z,102.0,Versa 4
2026-05-21T05:28:23Z,105.0,Versa 4
2026-05-21T05:28:25Z,104.0,Versa 4
2026-05-21T05:28:26Z,102.0,Versa 4
2026-05-21T05:28:28Z,98.0,Versa 4
2026-05-21T05:28:30Z,93.0,Versa 4
2026-05-21T05:28:32Z,90.0,Versa 4
2026-05-21T05:28:34Z,88.0,Versa 4
2026-05-21T05:28:36Z,86.0,Versa 4
2026-05-21T05:28:38Z,83.0,Versa 4
2026-05-21T05:28:40Z,82.0,Versa 4
2026-05-21T05:28:42Z,80.0,Versa 4
2026-05-21T05:28:45Z,80.0,Versa 4
2026-05-21T05:28:46Z,78.0,Versa 4
2026-05-21T05:28:48Z,77.0,Versa 4
2026-05-21T05:28:49Z,76.0,Versa 4
2026-05-21T05:28:51Z,76.0,Versa 4
2026-05-21T05:28:53Z,75.0,Versa 4
2026-05-21T05:28:55Z,74.0,Versa 4
2026-05-21T05:28:57Z,73.0,Versa 4
2026-05-21T05:28:59Z,72.0,Versa 4
2026-05-21T05:29:01Z,72.0,Versa 4
2026-05-21T05:29:04Z,72.0,Versa 4
2026-05-21T05:29:07Z,72.0,Versa 4
2026-05-21T05:29:09Z,72.0,Versa 4
2026-05-21T05:29:12Z,72.0,Versa 4
2026-05-21T05:29:14Z,72.0,Versa 4
2026-05-21T05:29:17Z,72.0,Versa 4
2026-05-21T05:29:18Z,71.0,Versa 4
2026-05-21T05:29:21Z,71.0,Versa 4
2026-05-21T05:29:22Z,70.0,Versa 4
2026-05-21T05:29:24Z,71.0,Versa 4
2026-05-21T05:29:26Z,70.0,Versa 4
2026-05-21T05:29:29Z,70.0,Versa 4
2026-05-21T05:29:32Z,71.0,Versa 4
2026-05-21T05:29:35Z,71.0,Versa 4
2026-05-21T05:29:38Z,71.0,Versa 4
2026-05-21T05:29:39Z,70.0,Versa 4
2026-05-21T05:29:42Z,70.0,Versa 4
2026-05-21T05:29:45Z,71.0,Versa 4
2026-05-21T05:29:48Z,71.0,Versa 4
2026-05-21T05:29:51Z,70.0,Versa 4
2026-05-21T05:29:54Z,70.0,Versa 4
2026-05-21T05:29:57Z,70.0,Versa 4
2026-05-21T05:30:00Z,70.0,Versa 4
2026-05-21T05:30:03Z,70.0,Versa 4
2026-05-21T05:30:06Z,70.0,Versa 4
2026-05-21T05:30:09Z,70.0,Versa 4
2026-05-21T05:30:10Z,70.0,Versa 4
2026-05-21T05:30:13Z,70.0,Versa 4
2026-05-21T05:30:16Z,70.0,Versa 4
2026-05-21T05:30:19Z,70.0,Versa 4
2026-05-21T05:30:22Z,70.0,Versa 4
2026-05-21T05:30:25Z,70.0,Versa 4
2026-05-21T05:30:27Z,71.0,Versa 4
2026-05-21T05:30:30Z,71.0,Versa 4
2026-05-21T05:30:31Z,70.0,Versa 4
2026-05-21T05:30:34Z,70.0,Versa 4
2026-05-21T05:30:35Z,71.0,Versa 4
2026-05-21T05:30:38Z,71.0,Versa 4
2026-05-21T05:30:41Z,71.0,Versa 4
2026-05-21T05:30:44Z,71.0,Versa 4
2026-05-21T05:30:45Z,72.0,Versa 4
2026-05-21T05:30:48Z,74.0,Versa 4
2026-05-21T05:30:50Z,76.0,Versa 4
2026-05-21T05:30:53Z,76.0,Versa 4
2026-05-21T05:30:56Z,76.0,Versa 4
2026-05-21T05:30:58Z,75.0,Versa 4
2026-05-21T05:31:00Z,74.0,Versa 4
2026-05-21T05:31:03Z,74.0,Versa 4
2026-05-21T05:31:06Z,74.0,Versa 4
2026-05-21T05:31:09Z,74.0,Versa 4
2026-05-21T05:31:10Z,73.0,Versa 4
2026-05-21T05:31:12Z,72.0,Versa 4
2026-05-21T05:31:15Z,72.0,Versa 4
2026-05-21T05:31:17Z,72.0,Versa 4
2026-05-21T05:31:20Z,72.0,Versa 4
2026-05-21T05:31:21Z,71.0,Versa 4
2026-05-21T05:31:23Z,70.0,Versa 4
2026-05-21T05:31:26Z,70.0,Versa 4
2026-05-21T05:31:27Z,71.0,Versa 4
2026-05-21T05:31:30Z,71.0,Versa 4
2026-05-21T05:31:33Z,70.0,Versa 4
2026-05-21T05:31:36Z,71.0,Versa 4
2026-05-21T05:31:38Z,72.0,Versa 4
2026-05-21T05:31:41Z,72.0,Versa 4
2026-05-21T05:31:42Z,73.0,Versa 4
2026-05-21T05:31:44Z,72.0,Versa 4
2026-05-21T05:31:47Z,72.0,Versa 4
2026-05-21T05:31:48Z,72.0,Versa 4
2026-05-21T05:31:51Z,72.0,Versa 4
2026-05-21T05:31:54Z,72.0,Versa 4
2026-05-21T05:31:56Z,72.0,Versa 4
2026-05-21T05:31:58Z,72.0,Versa 4
2026-05-21T05:32:00Z,72.0,Versa 4
2026-05-21T05:32:01Z,72.0,Versa 4
2026-05-21T05:32:04Z,72.0,Versa 4
2026-05-21T05:32:07Z,72.0,Versa 4
2026-05-21T05:32:09Z,72.0,Versa 4
2026-05-21T05:32:11Z,73.0,Versa 4
2026-05-21T05:32:13Z,75.0,Versa 4
2026-05-21T05:32:16Z,75.0,Versa 4
2026-05-21T05:32:17Z,75.0,Versa 4
2026-05-21T05:32:19Z,75.0,Versa 4
2026-05-21T05:32:22Z,75.0,Versa 4
2026-05-21T05:32:23Z,74.0,Versa 4
2026-05-21T05:32:26Z,73.0,Versa 4
2026-05-21T05:32:29Z,73.0,Versa 4
2026-05-21T05:32:32Z,73.0,Versa 4
2026-05-21T05:32:35Z,73.0,Versa 4
2026-05-21T05:32:38Z,74.0,Versa 4
2026-05-21T05:32:41Z,74.0,Versa 4
2026-05-21T05:32:42Z,73.0,Versa 4
2026-05-21T05:32:45Z,73.0,Versa 4
2026-05-21T05:32:46Z,73.0,Versa 4
2026-05-21T05:32:48Z,74.0,Versa 4
2026-05-21T05:32:51Z,74.0,Versa 4
2026-05-21T05:32:54Z,74.0,Versa 4
2026-05-21T05:32:57Z,74.0,Versa 4
2026-05-21T05:33:00Z,74.0,Versa 4
2026-05-21T05:33:01Z,73.0,Versa 4
2026-05-21T05:33:03Z,74.0,Versa 4
2026-05-21T05:33:05Z,73.0,Versa 4
2026-05-21T05:33:07Z,72.0,Versa 4
2026-05-21T05:33:10Z,72.0,Versa 4
2026-05-21T05:33:13Z,72.0,Versa 4
2026-05-21T05:33:16Z,72.0,Versa 4
2026-05-21T05:33:19Z,72.0,Versa 4
2026-05-21T05:33:22Z,72.0,Versa 4
2026-05-21T05:33:24Z,72.0,Versa 4
2026-05-21T05:33:27Z,72.0,Versa 4
2026-05-21T05:33:30Z,72.0,Versa 4
2026-05-21T05:33:33Z,72.0,Versa 4
2026-05-21T05:33:36Z,72.0,Versa 4
2026-05-21T05:33:39Z,72.0,Versa 4
2026-05-21T05:33:42Z,72.0,Versa 4
2026-05-21T05:33:45Z,73.0,Versa 4
2026-05-21T05:33:47Z,74.0,Versa 4
2026-05-21T05:33:50Z,74.0,Versa 4
2026-05-21T05:33:53Z,76.0,Versa 4
2026-05-21T05:33:55Z,74.0,Versa 4
2026-05-21T05:33:57Z,73.0,Versa 4
2026-05-21T05:33:59Z,72.0,Versa 4
2026-05-21T05:34:02Z,72.0,Versa 4
2026-05-21T05:34:05Z,72.0,Versa 4
2026-05-21T05:34:06Z,71.0,Versa 4
2026-05-21T05:34:08Z,70.0,Versa 4
2026-05-21T05:34:10Z,71.0,Versa 4
2026-05-21T05:34:13Z,71.0,Versa 4
2026-05-21T05:34:14Z,70.0,Versa 4
2026-05-21T05:34:17Z,70.0,Versa 4
2026-05-21T05:34:18Z,71.0,Versa 4
2026-05-21T05:34:20Z,72.0,Versa 4
2026-05-21T05:34:22Z,71.0,Versa 4
2026-05-21T05:34:25Z,70.0,Versa 4
2026-05-21T05:34:27Z,71.0,Versa 4
2026-05-21T05:34:29Z,72.0,Versa 4
2026-05-21T05:34:32Z,72.0,Versa 4
2026-05-21T05:34:33Z,71.0,Versa 4
2026-05-21T05:34:35Z,72.0,Versa 4
2026-05-21T05:34:38Z,72.0,Versa 4
2026-05-21T05:34:41Z,72.0,Versa 4
2026-05-21T05:34:44Z,72.0,Versa 4
2026-05-21T05:34:47Z,70.0,Versa 4
2026-05-21T05:34:50Z,70.0,Versa 4
2026-05-21T05:34:53Z,70.0,Versa 4
2026-05-21T05:34:54Z,71.0,Versa 4
2026-05-21T05:34:56Z,70.0,Versa 4
2026-05-21T05:34:59Z,70.0,Versa 4
2026-05-21T05:35:02Z,70.0,Versa 4
2026-05-21T05:35:05Z,70.0,Versa 4
2026-05-21T05:35:08Z,70.0,Versa 4
2026-05-21T05:35:11Z,70.0,Versa 4
2026-05-21T05:35:12Z,71.0,Versa 4
2026-05-21T05:35:15Z,72.0,Versa 4
2026-05-21T05:35:18Z,72.0,Versa 4
2026-05-21T05:35:21Z,72.0,Versa 4
2026-05-21T05:35:24Z,72.0,Versa 4
2026-05-21T05:35:25Z,73.0,Versa 4
2026-05-21T05:35:27Z,74.0,Versa 4
2026-05-21T05:35:29Z,73.0,Versa 4
2026-05-21T05:35:32Z,73.0,Versa 4
2026-05-21T05:35:33Z,72.0,Versa 4
2026-05-21T05:35:35Z,72.0,Versa 4
2026-05-21T05:35:38Z,72.0,Versa 4
2026-05-21T05:35:41Z,72.0,Versa 4
2026-05-21T05:35:44Z,71.0,Versa 4
2026-05-21T05:35:47Z,71.0,Versa 4
2026-05-21T05:35:50Z,71.0,Versa 4
2026-05-21T05:35:52Z,70.0,Versa 4
2026-05-21T05:35:54Z,71.0,Versa 4
2026-05-21T05:35:57Z,71.0,Versa 4
2026-05-21T05:35:58Z,70.0,Versa 4
2026-05-21T05:36:01Z,70.0,Versa 4
2026-05-21T05:36:03Z,71.0,Versa 4
2026-05-21T05:36:06Z,71.0,Versa 4
2026-05-21T05:36:07Z,70.0,Versa 4
2026-05-21T05:36:10Z,70.0,Versa 4
2026-05-21T05:36:13Z,70.0,Versa 4
2026-05-21T05:36:16Z,70.0,Versa 4
2026-05-21T05:36:19Z,70.0,Versa 4
2026-05-21T05:36:21Z,71.0,Versa 4
2026-05-21T05:36:24Z,71.0,Versa 4
2026-05-21T05:36:27Z,71.0,Versa 4
2026-05-21T05:36:30Z,71.0,Versa 4
2026-05-21T05:36:32Z,72.0,Versa 4
2026-05-21T05:36:35Z,72.0,Versa 4
2026-05-21T05:36:38Z,72.0,Versa 4
2026-05-21T05:36:41Z,72.0,Versa 4
2026-05-21T05:36:44Z,72.0,Versa 4
2026-05-21T05:36:46Z,72.0,Versa 4
2026-05-21T05:36:49Z,75.0,Versa 4
2026-05-21T05:36:51Z,78.0,Versa 4
2026-05-21T05:36:53Z,79.0,Versa 4
2026-05-21T05:36:56Z,79.0,Versa 4
2026-05-21T05:36:59Z,80.0,Versa 4
2026-05-21T05:37:02Z,80.0,Versa 4
2026-05-21T05:37:03Z,79.0,Versa 4
2026-05-21T05:37:05Z,77.0,Versa 4
2026-05-21T05:37:07Z,76.0,Versa 4
2026-05-21T05:37:09Z,76.0,Versa 4
2026-05-21T05:37:11Z,76.0,Versa 4
2026-05-21T05:37:12Z,76.0,Versa 4
2026-05-21T05:37:14Z,75.0,Versa 4
2026-05-21T05:37:16Z,74.0,Versa 4
2026-05-21T05:37:18Z,74.0,Versa 4
2026-05-21T05:37:20Z,74.0,Versa 4
2026-05-21T05:37:22Z,74.0,Versa 4
2026-05-21T05:37:25Z,74.0,Versa 4
2026-05-21T05:37:26Z,75.0,Versa 4
2026-05-21T05:37:28Z,76.0,Versa 4
2026-05-21T05:37:30Z,76.0,Versa 4
2026-05-21T05:37:33Z,76.0,Versa 4
2026-05-21T05:37:34Z,75.0,Versa 4
2026-05-21T05:37:36Z,74.0,Versa 4
2026-05-21T05:37:39Z,74.0,Versa 4
2026-05-21T05:37:42Z,74.0,Versa 4
2026-05-21T05:37:43Z,74.0,Versa 4
2026-05-21T05:37:46Z,74.0,Versa 4
2026-05-21T05:37:49Z,74.0,Versa 4
2026-05-21T05:37:52Z,74.0,Versa 4
2026-05-21T05:37:55Z,74.0,Versa 4
2026-05-21T05:37:57Z,73.0,Versa 4
2026-05-21T05:38:00Z,73.0,Versa 4
2026-05-21T05:38:03Z,73.0,Versa 4
2026-05-21T05:38:04Z,72.0,Versa 4
2026-05-21T05:38:07Z,72.0,Versa 4
2026-05-21T05:38:10Z,72.0,Versa 4
2026-05-21T05:38:13Z,72.0,Versa 4
2026-05-21T05:38:16Z,72.0,Versa 4
2026-05-21T05:38:19Z,72.0,Versa 4
2026-05-21T05:38:22Z,72.0,Versa 4
2026-05-21T05:38:24Z,71.0,Versa 4
2026-05-21T05:38:27Z,71.0,Versa 4
2026-05-21T05:38:30Z,71.0,Versa 4
2026-05-21T05:38:31Z,72.0,Versa 4
2026-05-21T05:38:34Z,72.0,Versa 4
2026-05-21T05:38:37Z,71.0,Versa 4
2026-05-21T05:38:39Z,72.0,Versa 4
2026-05-21T05:38:42Z,72.0,Versa 4
2026-05-21T05:38:45Z,72.0,Versa 4
2026-05-21T05:38:48Z,72.0,Versa 4
2026-05-21T05:38:51Z,72.0,Versa 4
2026-05-21T05:38:54Z,72.0,Versa 4
2026-05-21T05:38:56Z,72.0,Versa 4
2026-05-21T05:38:59Z,72.0,Versa 4
2026-05-21T05:39:02Z,72.0,Versa 4
2026-05-21T05:39:05Z,72.0,Versa 4
2026-05-21T05:39:08Z,72.0,Versa 4
2026-05-21T05:39:11Z,72.0,Versa 4
2026-05-21T05:39:13Z,74.0,Versa 4
2026-05-21T05:39:15Z,76.0,Versa 4
2026-05-21T05:39:17Z,78.0,Versa 4
2026-05-21T05:39:19Z,80.0,Versa 4
2026-05-21T05:39:21Z,83.0,Versa 4
2026-05-21T05:39:23Z,95.0,Versa 4
2026-05-21T05:39:25Z,100.0,Versa 4
2026-05-21T05:39:28Z,100.0,Versa 4
2026-05-21T05:39:29Z,98.0,Versa 4
2026-05-21T05:39:31Z,93.0,Versa 4
2026-05-21T05:39:33Z,89.0,Versa 4
2026-05-21T05:39:35Z,86.0,Versa 4
2026-05-21T05:39:36Z,84.0,Versa 4
2026-05-21T05:39:38Z,82.0,Versa 4
2026-05-21T05:39:40Z,80.0,Versa 4
2026-05-21T05:39:42Z,79.0,Versa 4
2026-05-21T05:39:44Z,79.0,Versa 4
2026-05-21T05:39:46Z,78.0,Versa 4
2026-05-21T05:39:48Z,76.0,Versa 4
2026-05-21T05:39:51Z,76.0,Versa 4
2026-05-21T05:39:52Z,75.0,Versa 4
2026-05-21T05:39:54Z,74.0,Versa 4
2026-05-21T05:39:56Z,74.0,Versa 4
2026-05-21T05:39:58Z,74.0,Versa 4
2026-05-21T05:40:00Z,73.0,Versa 4
2026-05-21T05:40:01Z,74.0,Versa 4
2026-05-21T05:40:04Z,74.0,Versa 4
2026-05-21T05:40:05Z,74.0,Versa 4
2026-05-21T05:40:08Z,74.0,Versa 4
2026-05-21T05:40:11Z,74.0,Versa 4
2026-05-21T05:40:14Z,74.0,Versa 4
2026-05-21T05:40:15Z,75.0,Versa 4
2026-05-21T05:40:17Z,76.0,Versa 4
2026-05-21T05:40:19Z,76.0,Versa 4
2026-05-21T05:40:22Z,76.0,Versa 4
2026-05-21T05:40:25Z,76.0,Versa 4
2026-05-21T05:40:26Z,77.0,Versa 4
2026-05-21T05:40:29Z,77.0,Versa 4
2026-05-21T05:40:32Z,77.0,Versa 4
2026-05-21T05:40:35Z,77.0,Versa 4
2026-05-21T05:40:38Z,76.0,Versa 4
2026-05-21T05:40:41Z,76.0,Versa 4
2026-05-21T05:40:44Z,76.0,Versa 4
2026-05-21T05:40:47Z,76.0,Versa 4
2026-05-21T05:40:50Z,76.0,Versa 4
2026-05-21T05:40:53Z,76.0,Versa 4
2026-05-21T05:40:56Z,76.0,Versa 4
2026-05-21T05:40:57Z,76.0,Versa 4
2026-05-21T05:41:00Z,76.0,Versa 4
2026-05-21T05:41:03Z,76.0,Versa 4
2026-05-21T05:41:05Z,75.0,Versa 4
2026-05-21T05:41:08Z,75.0,Versa 4
2026-05-21T05:41:11Z,74.0,Versa 4
2026-05-21T05:41:14Z,74.0,Versa 4
2026-05-21T05:41:17Z,74.0,Versa 4
2026-05-21T05:41:18Z,75.0,Versa 4
2026-05-21T05:41:21Z,75.0,Versa 4
2026-05-21T05:41:24Z,74.0,Versa 4
2026-05-21T05:41:27Z,74.0,Versa 4
2026-05-21T05:41:28Z,73.0,Versa 4
2026-05-21T05:41:30Z,72.0,Versa 4
2026-05-21T05:41:33Z,72.0,Versa 4
2026-05-21T05:41:36Z,72.0,Versa 4
2026-05-21T05:41:39Z,72.0,Versa 4
2026-05-21T05:41:42Z,72.0,Versa 4
2026-05-21T05:41:45Z,72.0,Versa 4
2026-05-21T05:41:47Z,73.0,Versa 4
2026-05-21T05:41:49Z,74.0,Versa 4
2026-05-21T05:41:52Z,74.0,Versa 4
2026-05-21T05:41:55Z,74.0,Versa 4
2026-05-21T05:41:58Z,74.0,Versa 4
2026-05-21T05:42:01Z,74.0,Versa 4
2026-05-21T05:42:04Z,74.0,Versa 4
2026-05-21T05:42:07Z,74.0,Versa 4
2026-05-21T05:42:08Z,74.0,Versa 4
2026-05-21T05:42:11Z,74.0,Versa 4
2026-05-21T05:42:14Z,75.0,Versa 4
2026-05-21T05:42:16Z,76.0,Versa 4
2026-05-21T05:42:19Z,76.0,Versa 4
2026-05-21T05:42:22Z,75.0,Versa 4
2026-05-21T05:42:24Z,74.0,Versa 4
2026-05-21T05:42:27Z,74.0,Versa 4
2026-05-21T05:42:29Z,75.0,Versa 4
2026-05-21T05:42:31Z,76.0,Versa 4
2026-05-21T05:42:33Z,78.0,Versa 4
2026-05-21T05:42:35Z,80.0,Versa 4
2026-05-21T05:42:37Z,81.0,Versa 4
2026-05-21T05:42:39Z,82.0,Versa 4
2026-05-21T05:42:41Z,82.0,Versa 4
2026-05-21T05:42:44Z,82.0,Versa 4
2026-05-21T05:42:45Z,81.0,Versa 4
2026-05-21T05:42:47Z,80.0,Versa 4
2026-05-21T05:42:50Z,80.0,Versa 4
2026-05-21T05:42:52Z,78.0,Versa 4
2026-05-21T05:42:54Z,77.0,Versa 4
2026-05-21T05:42:56Z,76.0,Versa 4
2026-05-21T05:42:59Z,76.0,Versa 4
2026-05-21T05:43:02Z,75.0,Versa 4
2026-05-21T05:43:04Z,74.0,Versa 4
2026-05-21T05:43:07Z,74.0,Versa 4
2026-05-21T05:43:10Z,74.0,Versa 4
2026-05-21T05:43:12Z,72.0,Versa 4
2026-05-21T05:43:13Z,71.0,Versa 4
2026-05-21T05:43:15Z,70.0,Versa 4
2026-05-21T05:43:18Z,70.0,Versa 4
2026-05-21T05:43:19Z,71.0,Versa 4
2026-05-21T05:43:21Z,70.0,Versa 4
2026-05-21T05:43:24Z,70.0,Versa 4
2026-05-21T05:43:27Z,70.0,Versa 4
2026-05-21T05:43:30Z,70.0,Versa 4
2026-05-21T05:43:33Z,70.0,Versa 4
2026-05-21T05:43:35Z,71.0,Versa 4
2026-05-21T05:43:38Z,70.0,Versa 4
2026-05-21T05:43:41Z,70.0,Versa 4
2026-05-21T05:43:44Z,70.0,Versa 4
2026-05-21T05:43:47Z,70.0,Versa 4
2026-05-21T05:43:50Z,70.0,Versa 4
2026-05-21T05:43:53Z,70.0,Versa 4
2026-05-21T05:43:56Z,70.0,Versa 4
2026-05-21T05:43:59Z,70.0,Versa 4
2026-05-21T05:44:00Z,71.0,Versa 4
2026-05-21T05:44:03Z,71.0,Versa 4
2026-05-21T05:44:04Z,70.0,Versa 4
2026-05-21T05:44:07Z,70.0,Versa 4
2026-05-21T05:44:10Z,72.0,Versa 4
2026-05-21T05:44:13Z,72.0,Versa 4
2026-05-21T05:44:16Z,72.0,Versa 4
2026-05-21T05:44:19Z,72.0,Versa 4
2026-05-21T05:44:20Z,72.0,Versa 4
2026-05-21T05:44:21Z,74.0,Versa 4
2026-05-21T05:44:23Z,77.0,Versa 4
2026-05-21T05:44:25Z,79.0,Versa 4
2026-05-21T05:44:27Z,80.0,Versa 4
2026-05-21T05:44:29Z,83.0,Versa 4
2026-05-21T05:44:31Z,87.0,Versa 4
2026-05-21T05:44:33Z,88.0,Versa 4
2026-05-21T05:44:35Z,89.0,Versa 4
2026-05-21T05:44:37Z,92.0,Versa 4
2026-05-21T05:44:39Z,97.0,Versa 4
2026-05-21T05:44:41Z,96.0,Versa 4
2026-05-21T05:44:43Z,97.0,Versa 4
2026-05-21T05:44:45Z,100.0,Versa 4
2026-05-21T05:44:46Z,102.0,Versa 4
2026-05-21T05:44:49Z,102.0,Versa 4
2026-05-21T05:44:52Z,102.0,Versa 4
2026-05-21T05:44:54Z,101.0,Versa 4
2026-05-21T05:44:56Z,102.0,Versa 4
2026-05-21T05:44:58Z,98.0,Versa 4
2026-05-21T05:45:00Z,92.0,Versa 4
2026-05-21T05:45:02Z,90.0,Versa 4
2026-05-21T05:45:04Z,88.0,Versa 4
2026-05-21T05:45:07Z,88.0,Versa 4
2026-05-21T05:45:08Z,89.0,Versa 4
2026-05-21T05:45:09Z,90.0,Versa 4
2026-05-21T05:45:11Z,89.0,Versa 4
2026-05-21T05:45:13Z,88.0,Versa 4
2026-05-21T05:45:15Z,86.0,Versa 4
2026-05-21T05:45:17Z,85.0,Versa 4
2026-05-21T05:45:19Z,84.0,Versa 4
2026-05-21T05:45:22Z,84.0,Versa 4
2026-05-21T05:45:25Z,82.0,Versa 4
2026-05-21T05:45:28Z,82.0,Versa 4
2026-05-21T05:45:31Z,83.0,Versa 4
2026-05-21T05:45:33Z,82.0,Versa 4
2026-05-21T05:45:34Z,81.0,Versa 4
2026-05-21T05:45:36Z,82.0,Versa 4
2026-05-21T05:45:38Z,84.0,Versa 4
2026-05-21T05:45:40Z,85.0,Versa 4
2026-05-21T05:45:42Z,84.0,Versa 4
2026-05-21T05:45:44Z,82.0,Versa 4
2026-05-21T05:45:47Z,82.0,Versa 4
2026-05-21T05:45:48Z,81.0,Versa 4
2026-05-21T05:45:50Z,82.0,Versa 4
2026-05-21T05:45:53Z,82.0,Versa 4
2026-05-21T05:45:54Z,81.0,Versa 4
2026-05-21T05:45:56Z,79.0,Versa 4
2026-05-21T05:45:57Z,78.0,Versa 4
2026-05-21T05:46:00Z,78.0,Versa 4
2026-05-21T05:46:03Z,78.0,Versa 4
2026-05-21T05:46:05Z,77.0,Versa 4
2026-05-21T05:46:07Z,76.0,Versa 4
2026-05-21T05:46:09Z,74.0,Versa 4
2026-05-21T05:46:11Z,75.0,Versa 4
2026-05-21T05:46:14Z,75.0,Versa 4
2026-05-21T05:46:15Z,74.0,Versa 4
2026-05-21T05:46:18Z,74.0,Versa 4
2026-05-21T05:46:21Z,75.0,Versa 4
2026-05-21T05:46:22Z,75.0,Versa 4
2026-05-21T05:46:25Z,75.0,Versa 4
2026-05-21T05:46:26Z,77.0,Versa 4
2026-05-21T05:46:28Z,82.0,Versa 4
2026-05-21T05:46:30Z,83.0,Versa 4
2026-05-21T05:46:32Z,89.0,Versa 4
2026-05-21T05:46:34Z,101.0,Versa 4
2026-05-21T05:46:36Z,107.0,Versa 4
2026-05-21T05:46:39Z,107.0,Versa 4
2026-05-21T05:46:40Z,104.0,Versa 4
2026-05-21T05:46:42Z,101.0,Versa 4
2026-05-21T05:46:44Z,103.0,Versa 4
2026-05-21T05:46:45Z,104.0,Versa 4
2026-05-21T05:46:47Z,103.0,Versa 4
2026-05-21T05:46:50Z,103.0,Versa 4
2026-05-21T05:47:10Z,103.0,Versa 4
2026-05-21T05:47:12Z,105.0,Versa 4
2026-05-21T05:47:14Z,107.0,Versa 4
2026-05-21T05:47:17Z,107.0,Versa 4
2026-05-21T05:47:18Z,110.0,Versa 4
2026-05-21T05:47:20Z,112.0,Versa 4
2026-05-21T05:47:22Z,111.0,Versa 4
2026-05-21T05:47:24Z,109.0,Versa 4
2026-05-21T05:47:26Z,110.0,Versa 4
2026-05-21T05:47:28Z,109.0,Versa 4
2026-05-21T05:47:30Z,111.0,Versa 4
2026-05-21T05:47:32Z,113.0,Versa 4
2026-05-21T05:47:35Z,114.0,Versa 4
2026-05-21T05:47:37Z,115.0,Versa 4
2026-05-21T05:47:39Z,113.0,Versa 4
2026-05-21T05:47:41Z,112.0,Versa 4
2026-05-21T05:47:43Z,111.0,Versa 4
2026-05-21T05:47:45Z,112.0,Versa 4
2026-05-21T05:47:47Z,113.0,Versa 4
2026-05-21T05:47:50Z,113.0,Versa 4
2026-05-21T05:47:53Z,114.0,Versa 4
2026-05-21T05:47:55Z,115.0,Versa 4
2026-05-21T05:47:57Z,114.0,Versa 4
2026-05-21T05:47:58Z,113.0,Versa 4
2026-05-21T05:57:11Z,114.0,Versa 4
2026-05-21T05:57:13Z,114.0,Versa 4
2026-05-21T05:57:15Z,115.0,Versa 4
2026-05-21T05:57:18Z,115.0,Versa 4
2026-05-21T05:57:21Z,116.0,Versa 4
2026-05-21T05:57:23Z,114.0,Versa 4
2026-05-21T05:57:26Z,114.0,Versa 4
2026-05-21T05:57:28Z,113.0,Versa 4
2026-05-21T05:57:30Z,115.0,Versa 4
2026-05-21T05:57:32Z,117.0,Versa 4
2026-05-21T05:57:34Z,116.0,Versa 4
2026-05-21T05:57:36Z,117.0,Versa 4
2026-05-21T05:57:39Z,117.0,Versa 4
2026-05-21T05:57:42Z,117.0,Versa 4
2026-05-21T05:57:44Z,119.0,Versa 4
2026-05-21T05:57:47Z,128.0,Versa 4
2026-05-21T05:57:49Z,127.0,Versa 4
2026-05-21T05:57:51Z,129.0,Versa 4
2026-05-21T05:57:53Z,128.0,Versa 4
2026-05-21T05:57:55Z,123.0,Versa 4
2026-05-21T05:57:57Z,121.0,Versa 4
2026-05-21T05:57:59Z,120.0,Versa 4
2026-05-21T05:58:01Z,122.0,Versa 4
2026-05-21T05:58:04Z,122.0,Versa 4
2026-05-21T05:58:05Z,118.0,Versa 4
2026-05-21T05:58:07Z,120.0,Versa 4
2026-05-21T05:58:09Z,120.0,Versa 4
2026-05-21T05:58:11Z,115.0,Versa 4
2026-05-21T05:58:12Z,113.0,Versa 4
2026-05-21T05:58:14Z,109.0,Versa 4
2026-05-21T05:58:16Z,111.0,Versa 4
2026-05-21T05:58:18Z,115.0,Versa 4
2026-05-21T05:58:21Z,115.0,Versa 4
2026-05-21T05:58:22Z,121.0,Versa 4
2026-05-21T05:58:24Z,119.0,Versa 4
2026-05-21T05:58:26Z,118.0,Versa 4
2026-05-21T05:58:28Z,119.0,Versa 4
2026-05-21T05:58:30Z,115.0,Versa 4
2026-05-21T05:58:32Z,113.0,Versa 4
2026-05-21T05:58:34Z,115.0,Versa 4
2026-05-21T05:58:35Z,120.0,Versa 4
2026-05-21T05:58:37Z,118.0,Versa 4
2026-05-21T05:58:40Z,118.0,Versa 4
2026-05-21T05:58:43Z,117.0,Versa 4
2026-05-21T05:58:46Z,117.0,Versa 4
2026-05-21T05:58:47Z,118.0,Versa 4
2026-05-21T05:58:49Z,117.0,Versa 4
2026-05-21T05:58:51Z,118.0,Versa 4
2026-05-21T05:58:54Z,118.0,Versa 4
2026-05-21T05:58:57Z,120.0,Versa 4
2026-05-21T05:59:00Z,121.0,Versa 4
2026-05-21T05:59:03Z,121.0,Versa 4
2026-05-21T05:59:05Z,118.0,Versa 4
2026-05-21T05:59:07Z,119.0,Versa 4
2026-05-21T05:59:09Z,117.0,Versa 4
2026-05-21T05:59:11Z,113.0,Versa 4
2026-05-21T05:59:13Z,114.0,Versa 4
2026-05-21T05:59:15Z,115.0,Versa 4
2026-05-21T05:59:18Z,115.0,Versa 4
2026-05-21T05:59:19Z,118.0,Versa 4
2026-05-21T05:59:22Z,116.0,Versa 4
2026-05-21T05:59:24Z,117.0,Versa 4
2026-05-21T05:59:26Z,118.0,Versa 4
2026-05-21T05:59:28Z,120.0,Versa 4
2026-05-21T05:59:31Z,120.0,Versa 4
2026-05-21T05:59:34Z,120.0,Versa 4
2026-05-21T05:59:36Z,122.0,Versa 4
2026-05-21T05:59:38Z,120.0,Versa 4
2026-05-21T05:59:41Z,120.0,Versa 4
2026-05-21T05:59:42Z,121.0,Versa 4
2026-05-21T05:59:43Z,122.0,Versa 4
2026-05-21T05:59:46Z,122.0,Versa 4
2026-05-21T05:59:47Z,122.0,Versa 4
2026-05-21T05:59:49Z,119.0,Versa 4
2026-05-21T05:59:52Z,119.0,Versa 4
2026-05-21T05:59:55Z,118.0,Versa 4
2026-05-21T05:59:57Z,117.0,Versa 4
2026-05-21T05:59:59Z,121.0,Versa 4
2026-05-21T06:00:01Z,116.0,Versa 4
2026-05-21T06:00:03Z,117.0,Versa 4
2026-05-21T06:00:05Z,117.0,Versa 4
2026-05-21T06:00:07Z,107.0,Versa 4
2026-05-21T06:00:08Z,102.0,Versa 4
2026-05-21T06:00:10Z,99.0,Versa 4
2026-05-21T06:00:12Z,97.0,Versa 4
2026-05-21T06:00:14Z,96.0,Versa 4
2026-05-21T06:00:16Z,101.0,Versa 4
2026-05-21T06:00:18Z,97.0,Versa 4
2026-05-21T06:00:20Z,96.0,Versa 4
2026-05-21T06:00:22Z,95.0,Versa 4
2026-05-21T06:00:24Z,92.0,Versa 4
2026-05-21T06:00:26Z,89.0,Versa 4
2026-05-21T06:00:29Z,89.0,Versa 4
2026-05-21T06:00:30Z,88.0,Versa 4
2026-05-21T06:00:31Z,91.0,Versa 4
2026-05-21T06:00:33Z,92.0,Versa 4
2026-05-21T06:00:35Z,91.0,Versa 4
2026-05-21T06:00:38Z,91.0,Versa 4
2026-05-21T06:00:39Z,93.0,Versa 4
2026-05-21T06:00:41Z,92.0,Versa 4
2026-05-21T06:00:43Z,90.0,Versa 4
2026-05-21T06:00:45Z,91.0,Versa 4
2026-05-21T06:00:47Z,90.0,Versa 4
2026-05-21T06:00:50Z,90.0,Versa 4
2026-05-21T06:00:53Z,90.0,Versa 4
2026-05-21T06:00:55Z,91.0,Versa 4
2026-05-21T06:00:56Z,92.0,Versa 4
2026-05-21T06:00:58Z,91.0,Versa 4
2026-05-21T06:01:00Z,89.0,Versa 4
2026-05-21T06:01:03Z,89.0,Versa 4
2026-05-21T06:01:06Z,90.0,Versa 4
2026-05-21T06:01:08Z,92.0,Versa 4
2026-05-21T06:01:10Z,91.0,Versa 4
2026-05-21T06:01:12Z,89.0,Versa 4
2026-05-21T06:01:15Z,89.0,Versa 4
2026-05-21T06:01:18Z,88.0,Versa 4
2026-05-21T06:01:21Z,89.0,Versa 4
2026-05-21T06:01:23Z,88.0,Versa 4
2026-05-21T06:01:25Z,87.0,Versa 4
2026-05-21T06:01:27Z,88.0,Versa 4
2026-05-21T06:01:29Z,87.0,Versa 4
2026-05-21T06:01:31Z,88.0,Versa 4
2026-05-21T06:01:33Z,92.0,Versa 4
2026-05-21T06:01:36Z,92.0,Versa 4
2026-05-21T06:01:37Z,83.0,Versa 4
2026-05-21T06:01:39Z,77.0,Versa 4
2026-05-21T06:01:42Z,77.0,Versa 4
2026-05-21T06:01:43Z,76.0,Versa 4
2026-05-21T06:01:44Z,79.0,Versa 4
2026-05-21T06:01:46Z,82.0,Versa 4
2026-05-21T06:01:48Z,81.0,Versa 4
2026-05-21T06:01:51Z,81.0,Versa 4
2026-05-21T06:01:52Z,82.0,Versa 4
2026-05-21T06:01:54Z,80.0,Versa 4
2026-05-21T06:01:56Z,82.0,Versa 4
2026-05-21T06:01:58Z,84.0,Versa 4
2026-05-21T06:02:00Z,85.0,Versa 4
2026-05-21T06:02:02Z,83.0,Versa 4
2026-05-21T06:02:04Z,82.0,Versa 4
2026-05-21T06:02:06Z,80.0,Versa 4
2026-05-21T06:02:09Z,82.0,Versa 4
2026-05-21T06:02:11Z,84.0,Versa 4
2026-05-21T06:02:13Z,85.0,Versa 4
2026-05-21T06:02:16Z,85.0,Versa 4
2026-05-21T06:02:17Z,84.0,Versa 4
2026-05-21T06:02:20Z,84.0,Versa 4
2026-05-21T06:02:21Z,86.0,Versa 4
2026-05-21T06:02:23Z,87.0,Versa 4
2026-05-21T06:02:26Z,87.0,Versa 4
2026-05-21T06:02:27Z,88.0,Versa 4
2026-05-21T06:02:29Z,89.0,Versa 4
2026-05-21T06:02:31Z,87.0,Versa 4
2026-05-21T06:02:32Z,86.0,Versa 4
2026-05-21T06:02:34Z,87.0,Versa 4
2026-05-21T06:02:36Z,89.0,Versa 4
2026-05-21T06:02:38Z,90.0,Versa 4
2026-05-21T06:02:40Z,89.0,Versa 4
2026-05-21T06:02:43Z,89.0,Versa 4
2026-05-21T06:02:46Z,90.0,Versa 4
2026-05-21T06:02:48Z,92.0,Versa 4
2026-05-21T06:02:50Z,94.0,Versa 4
2026-05-21T06:02:53Z,94.0,Versa 4
2026-05-21T06:02:54Z,88.0,Versa 4
2026-05-21T06:02:55Z,86.0,Versa 4
2026-05-21T06:02:57Z,90.0,Versa 4
2026-05-21T06:02:59Z,91.0,Versa 4
2026-05-21T06:03:01Z,94.0,Versa 4
2026-05-21T06:03:03Z,91.0,Versa 4
2026-05-21T06:03:05Z,88.0,Versa 4
2026-05-21T06:03:07Z,87.0,Versa 4
2026-05-21T06:03:10Z,87.0,Versa 4
2026-05-21T06:03:11Z,86.0,Versa 4
2026-05-21T06:03:13Z,87.0,Versa 4
2026-05-21T06:03:16Z,87.0,Versa 4
2026-05-21T06:03:19Z,87.0,Versa 4
2026-05-21T06:03:20Z,89.0,Versa 4
2026-05-21T06:03:22Z,90.0,Versa 4
2026-05-21T06:03:25Z,90.0,Versa 4
2026-05-21T06:03:28Z,87.0,Versa 4
2026-05-21T06:03:30Z,85.0,Versa 4
2026-05-21T06:03:32Z,87.0,Versa 4
2026-05-21T06:03:34Z,88.0,Versa 4
2026-05-21T06:03:37Z,88.0,Versa 4
2026-05-21T06:03:40Z,89.0,Versa 4
2026-05-21T06:03:43Z,87.0,Versa 4
2026-05-21T06:03:45Z,87.0,Versa 4
2026-05-21T06:03:47Z,86.0,Versa 4
2026-05-21T06:03:49Z,83.0,Versa 4
2026-05-21T06:03:51Z,81.0,Versa 4
2026-05-21T06:03:54Z,81.0,Versa 4
2026-05-21T06:03:57Z,80.0,Versa 4
2026-05-21T06:04:00Z,80.0,Versa 4
2026-05-21T06:04:03Z,80.0,Versa 4
2026-05-21T06:04:05Z,82.0,Versa 4
2026-05-21T06:04:07Z,83.0,Versa 4
2026-05-21T06:04:10Z,82.0,Versa 4
2026-05-21T06:04:12Z,83.0,Versa 4
2026-05-21T06:04:14Z,84.0,Versa 4
2026-05-21T06:04:17Z,84.0,Versa 4
2026-05-21T06:04:18Z,83.0,Versa 4
2026-05-21T06:04:21Z,83.0,Versa 4
2026-05-21T06:04:24Z,83.0,Versa 4
2026-05-21T06:04:26Z,85.0,Versa 4
2026-05-21T06:04:29Z,85.0,Versa 4
2026-05-21T06:04:32Z,85.0,Versa 4
2026-05-21T06:04:33Z,84.0,Versa 4
2026-05-21T06:04:35Z,84.0,Versa 4
2026-05-21T06:04:38Z,84.0,Versa 4
2026-05-21T06:04:41Z,84.0,Versa 4
2026-05-21T06:04:43Z,86.0,Versa 4
2026-05-21T06:04:45Z,87.0,Versa 4
2026-05-21T06:04:47Z,88.0,Versa 4
2026-05-21T06:04:49Z,86.0,Versa 4
2026-05-21T06:04:51Z,85.0,Versa 4
2026-05-21T06:04:53Z,84.0,Versa 4
2026-05-21T06:04:56Z,84.0,Versa 4
2026-05-21T06:04:59Z,84.0,Versa 4
2026-05-21T06:05:02Z,84.0,Versa 4
2026-05-21T06:05:05Z,84.0,Versa 4
2026-05-21T06:05:06Z,87.0,Versa 4
2026-05-21T06:05:09Z,87.0,Versa 4
2026-05-21T06:05:10Z,86.0,Versa 4
2026-05-21T06:05:12Z,87.0,Versa 4
2026-05-21T06:05:14Z,89.0,Versa 4
2026-05-21T06:05:16Z,91.0,Versa 4
2026-05-21T06:05:18Z,92.0,Versa 4
2026-05-21T06:05:19Z,91.0,Versa 4
2026-05-21T06:05:21Z,88.0,Versa 4
2026-05-21T06:05:23Z,85.0,Versa 4
2026-05-21T06:05:26Z,85.0,Versa 4
2026-05-21T06:05:29Z,83.0,Versa 4
2026-05-21T06:05:31Z,82.0,Versa 4
2026-05-21T06:05:33Z,83.0,Versa 4
2026-05-21T06:05:36Z,83.0,Versa 4
2026-05-21T06:05:37Z,84.0,Versa 4
2026-05-21T06:05:40Z,84.0,Versa 4
2026-05-21T06:05:41Z,83.0,Versa 4
2026-05-21T06:05:43Z,85.0,Versa 4
2026-05-21T06:05:46Z,84.0,Versa 4
2026-05-21T06:05:49Z,84.0,Versa 4
2026-05-21T06:05:50Z,84.0,Versa 4
2026-05-21T06:05:52Z,85.0,Versa 4
2026-05-21T06:05:54Z,86.0,Versa 4
2026-05-21T06:05:57Z,86.0,Versa 4
2026-05-21T06:06:00Z,87.0,Versa 4
2026-05-21T06:06:02Z,91.0,Versa 4
2026-05-21T06:06:04Z,93.0,Versa 4
2026-05-21T06:06:06Z,91.0,Versa 4
2026-05-21T06:06:07Z,84.0,Versa 4
2026-05-21T06:06:09Z,83.0,Versa 4
2026-05-21T06:06:11Z,84.0,Versa 4
2026-05-21T06:06:14Z,84.0,Versa 4
2026-05-21T06:06:15Z,86.0,Versa 4
2026-05-21T06:06:17Z,89.0,Versa 4
2026-05-21T06:06:20Z,89.0,Versa 4
2026-05-21T06:06:21Z,87.0,Versa 4
2026-05-21T06:06:23Z,85.0,Versa 4
2026-05-21T06:06:25Z,83.0,Versa 4
2026-05-21T06:06:27Z,82.0,Versa 4
2026-05-21T06:06:29Z,86.0,Versa 4
2026-05-21T06:06:31Z,83.0,Versa 4
2026-05-21T06:06:34Z,83.0,Versa 4
2026-05-21T06:06:36Z,84.0,Versa 4
2026-05-21T06:06:38Z,85.0,Versa 4
2026-05-21T06:06:40Z,87.0,Versa 4
2026-05-21T06:06:42Z,86.0,Versa 4
2026-05-21T06:06:44Z,84.0,Versa 4
2026-05-21T06:06:46Z,82.0,Versa 4
2026-05-21T06:06:48Z,81.0,Versa 4
2026-05-21T06:06:50Z,82.0,Versa 4
2026-05-21T06:06:52Z,82.0,Versa 4
2026-05-21T06:06:54Z,84.0,Versa 4
2026-05-21T06:06:55Z,84.0,Versa 4
2026-05-21T06:06:58Z,84.0,Versa 4
2026-05-21T06:06:59Z,84.0,Versa 4
2026-05-21T06:07:01Z,83.0,Versa 4
2026-05-21T06:07:04Z,83.0,Versa 4
2026-05-21T06:07:05Z,84.0,Versa 4
2026-05-21T06:07:08Z,84.0,Versa 4
2026-05-21T06:07:11Z,84.0,Versa 4
2026-05-21T06:07:13Z,83.0,Versa 4
2026-05-21T06:07:16Z,83.0,Versa 4
2026-05-21T06:07:17Z,82.0,Versa 4
2026-05-21T06:07:20Z,81.0,Versa 4
2026-05-21T06:07:23Z,81.0,Versa 4
2026-05-21T06:07:24Z,82.0,Versa 4
2026-05-21T06:07:27Z,82.0,Versa 4
2026-05-21T06:07:30Z,82.0,Versa 4
2026-05-21T06:07:32Z,81.0,Versa 4
2026-05-21T06:07:34Z,80.0,Versa 4
2026-05-21T06:07:36Z,81.0,Versa 4
2026-05-21T06:07:39Z,81.0,Versa 4
2026-05-21T06:07:42Z,80.0,Versa 4
2026-05-21T06:07:43Z,80.0,Versa 4
2026-05-21T06:07:45Z,80.0,Versa 4
2026-05-21T06:07:48Z,80.0,Versa 4
2026-05-21T06:07:51Z,80.0,Versa 4
2026-05-21T06:07:54Z,80.0,Versa 4
2026-05-21T06:07:57Z,81.0,Versa 4
2026-05-21T06:08:00Z,81.0,Versa 4
2026-05-21T06:08:01Z,80.0,Versa 4
2026-05-21T06:08:03Z,79.0,Versa 4
2026-05-21T06:08:05Z,80.0,Versa 4
2026-05-21T06:08:07Z,82.0,Versa 4
2026-05-21T06:08:08Z,83.0,Versa 4
2026-05-21T06:08:11Z,83.0,Versa 4
2026-05-21T06:08:14Z,82.0,Versa 4
2026-05-21T06:08:16Z,83.0,Versa 4
2026-05-21T06:08:18Z,82.0,Versa 4
2026-05-21T06:08:20Z,81.0,Versa 4
2026-05-21T06:08:22Z,80.0,Versa 4
2026-05-21T06:08:25Z,80.0,Versa 4
2026-05-21T06:08:26Z,80.0,Versa 4
2026-05-21T06:08:28Z,81.0,Versa 4
2026-05-21T06:08:30Z,82.0,Versa 4
2026-05-21T06:08:31Z,83.0,Versa 4
2026-05-21T06:08:34Z,83.0,Versa 4
2026-05-21T06:08:35Z,84.0,Versa 4
2026-05-21T06:08:38Z,84.0,Versa 4
2026-05-21T06:08:41Z,84.0,Versa 4
2026-05-21T06:08:44Z,84.0,Versa 4
2026-05-21T06:08:45Z,84.0,Versa 4
2026-05-21T06:08:48Z,84.0,Versa 4
2026-05-21T06:08:51Z,84.0,Versa 4
2026-05-21T06:08:54Z,84.0,Versa 4
2026-05-21T06:08:57Z,84.0,Versa 4
2026-05-21T06:08:58Z,83.0,Versa 4
2026-05-21T06:09:01Z,83.0,Versa 4
2026-05-21T06:09:02Z,84.0,Versa 4
2026-05-21T06:09:05Z,84.0,Versa 4
2026-05-21T06:09:06Z,86.0,Versa 4
2026-05-21T06:09:08Z,85.0,Versa 4
2026-05-21T06:09:11Z,85.0,Versa 4
2026-05-21T06:09:14Z,84.0,Versa 4
2026-05-21T06:09:16Z,83.0,Versa 4
2026-05-21T06:09:18Z,81.0,Versa 4
2026-05-21T06:09:19Z,82.0,Versa 4
2026-05-21T06:09:21Z,84.0,Versa 4
2026-05-21T06:09:24Z,84.0,Versa 4
2026-05-21T06:09:25Z,82.0,Versa 4
2026-05-21T06:09:27Z,81.0,Versa 4
2026-05-21T06:09:30Z,81.0,Versa 4
2026-05-21T06:09:31Z,82.0,Versa 4
2026-05-21T06:09:33Z,84.0,Versa 4
2026-05-21T06:09:36Z,84.0,Versa 4
2026-05-21T06:09:37Z,85.0,Versa 4
2026-05-21T06:09:39Z,84.0,Versa 4
2026-05-21T06:09:41Z,83.0,Versa 4
2026-05-21T06:09:43Z,84.0,Versa 4
2026-05-21T06:09:46Z,85.0,Versa 4
2026-05-21T06:09:49Z,85.0,Versa 4
2026-05-21T06:09:50Z,84.0,Versa 4
2026-05-21T06:09:53Z,84.0,Versa 4
2026-05-21T06:09:54Z,85.0,Versa 4
2026-05-21T06:09:56Z,86.0,Versa 4
2026-05-21T06:09:58Z,85.0,Versa 4
2026-05-21T06:10:00Z,84.0,Versa 4
2026-05-21T06:10:02Z,82.0,Versa 4
2026-05-21T06:10:05Z,82.0,Versa 4
2026-05-21T06:10:07Z,84.0,Versa 4
2026-05-21T06:10:09Z,85.0,Versa 4
2026-05-21T06:10:11Z,84.0,Versa 4
2026-05-21T06:10:13Z,85.0,Versa 4
2026-05-21T06:10:15Z,86.0,Versa 4
2026-05-21T06:10:17Z,85.0,Versa 4
2026-05-21T06:10:20Z,85.0,Versa 4
2026-05-21T06:10:21Z,83.0,Versa 4
2026-05-21T06:10:23Z,82.0,Versa 4
2026-05-21T06:10:25Z,83.0,Versa 4
2026-05-21T06:10:27Z,84.0,Versa 4
2026-05-21T06:10:29Z,85.0,Versa 4
2026-05-21T06:10:31Z,85.0,Versa 4
2026-05-21T06:10:32Z,83.0,Versa 4
2026-05-21T06:10:34Z,80.0,Versa 4
2026-05-21T06:10:37Z,80.0,Versa 4
2026-05-21T06:10:38Z,80.0,Versa 4
2026-05-21T06:10:40Z,81.0,Versa 4
2026-05-21T06:10:43Z,81.0,Versa 4
2026-05-21T06:10:44Z,80.0,Versa 4
2026-05-21T06:10:46Z,81.0,Versa 4
2026-05-21T06:10:48Z,82.0,Versa 4
2026-05-21T06:10:50Z,83.0,Versa 4
2026-05-21T06:10:52Z,84.0,Versa 4
2026-05-21T06:10:54Z,83.0,Versa 4
2026-05-21T06:10:57Z,84.0,Versa 4
2026-05-21T06:11:00Z,84.0,Versa 4
2026-05-21T06:11:03Z,84.0,Versa 4
2026-05-21T06:11:05Z,83.0,Versa 4
2026-05-21T06:11:07Z,84.0,Versa 4
2026-05-21T06:11:10Z,84.0,Versa 4
2026-05-21T06:11:11Z,83.0,Versa 4
2026-05-21T06:11:13Z,82.0,Versa 4
2026-05-21T06:11:16Z,82.0,Versa 4
2026-05-21T06:11:17Z,82.0,Versa 4
2026-05-21T06:11:19Z,81.0,Versa 4
2026-05-21T06:11:22Z,81.0,Versa 4
2026-05-21T06:11:24Z,80.0,Versa 4
2026-05-21T06:11:26Z,80.0,Versa 4
2026-05-21T06:11:29Z,80.0,Versa 4
2026-05-21T06:11:30Z,81.0,Versa 4
2026-05-21T06:11:32Z,82.0,Versa 4
2026-05-21T06:11:35Z,82.0,Versa 4
2026-05-21T06:11:36Z,82.0,Versa 4
2026-05-21T06:11:38Z,83.0,Versa 4
2026-05-21T06:11:40Z,84.0,Versa 4
2026-05-21T06:11:43Z,83.0,Versa 4
2026-05-21T06:11:45Z,82.0,Versa 4
2026-05-21T06:11:47Z,81.0,Versa 4
2026-05-21T06:11:50Z,81.0,Versa 4
2026-05-21T06:11:51Z,82.0,Versa 4
2026-05-21T06:11:54Z,82.0,Versa 4
2026-05-21T06:11:55Z,83.0,Versa 4
2026-05-21T06:11:57Z,82.0,Versa 4
2026-05-21T06:12:00Z,82.0,Versa 4
2026-05-21T06:12:01Z,83.0,Versa 4
2026-05-21T06:12:03Z,82.0,Versa 4
2026-05-21T06:12:06Z,82.0,Versa 4
2026-05-21T06:12:07Z,83.0,Versa 4
2026-05-21T06:12:08Z,87.0,Versa 4
2026-05-21T06:12:11Z,87.0,Versa 4
2026-05-21T06:12:14Z,84.0,Versa 4
2026-05-21T06:12:16Z,83.0,Versa 4
2026-05-21T06:12:19Z,83.0,Versa 4
2026-05-21T06:12:20Z,85.0,Versa 4
2026-05-21T06:12:23Z,85.0,Versa 4
2026-05-21T06:12:24Z,83.0,Versa 4
2026-05-21T06:12:26Z,81.0,Versa 4
2026-05-21T06:12:29Z,81.0,Versa 4
2026-05-21T06:12:30Z,82.0,Versa 4
2026-05-21T06:12:31Z,83.0,Versa 4
2026-05-21T06:12:33Z,82.0,Versa 4
2026-05-21T06:12:36Z,82.0,Versa 4
2026-05-21T06:12:39Z,83.0,Versa 4
2026-05-21T06:12:41Z,84.0,Versa 4
2026-05-21T06:12:44Z,84.0,Versa 4
2026-05-21T06:12:45Z,83.0,Versa 4
2026-05-21T06:12:47Z,84.0,Versa 4
2026-05-21T06:12:50Z,84.0,Versa 4
2026-05-21T06:12:51Z,85.0,Versa 4
2026-05-21T06:12:53Z,84.0,Versa 4
2026-05-21T06:12:55Z,85.0,Versa 4
2026-05-21T06:12:56Z,87.0,Versa 4
2026-05-21T06:12:58Z,90.0,Versa 4
2026-05-21T06:13:00Z,93.0,Versa 4
2026-05-21T06:13:02Z,95.0,Versa 4
2026-05-21T06:13:04Z,96.0,Versa 4
2026-05-21T06:13:06Z,95.0,Versa 4
2026-05-21T06:13:08Z,87.0,Versa 4
2026-05-21T06:13:10Z,85.0,Versa 4
2026-05-21T06:13:12Z,86.0,Versa 4
2026-05-21T06:13:14Z,88.0,Versa 4
2026-05-21T06:13:16Z,87.0,Versa 4
2026-05-21T06:13:18Z,85.0,Versa 4
2026-05-21T06:13:19Z,84.0,Versa 4
2026-05-21T06:13:22Z,84.0,Versa 4
2026-05-21T06:13:25Z,83.0,Versa 4
2026-05-21T06:13:27Z,83.0,Versa 4
2026-05-21T06:13:29Z,82.0,Versa 4
2026-05-21T06:13:31Z,83.0,Versa 4
2026-05-21T06:13:34Z,83.0,Versa 4
2026-05-21T06:13:35Z,82.0,Versa 4
2026-05-21T06:13:38Z,82.0,Versa 4
2026-05-21T06:13:41Z,82.0,Versa 4
2026-05-21T06:13:44Z,82.0,Versa 4
2026-05-21T06:13:47Z,82.0,Versa 4
2026-05-21T06:13:50Z,82.0,Versa 4
2026-05-21T06:13:52Z,81.0,Versa 4
2026-05-21T06:13:55Z,81.0,Versa 4
2026-05-21T06:13:56Z,82.0,Versa 4
2026-05-21T06:13:58Z,84.0,Versa 4
2026-05-21T06:14:00Z,85.0,Versa 4
2026-05-21T06:14:03Z,85.0,Versa 4
2026-05-21T06:14:04Z,83.0,Versa 4
2026-05-21T06:14:06Z,82.0,Versa 4
2026-05-21T06:14:09Z,83.0,Versa 4
2026-05-21T06:14:11Z,80.0,Versa 4
2026-05-21T06:14:14Z,79.0,Versa 4
2026-05-21T06:14:16Z,80.0,Versa 4
2026-05-21T06:14:18Z,82.0,Versa 4
2026-05-21T06:14:19Z,83.0,Versa 4
2026-05-21T06:14:21Z,84.0,Versa 4
2026-05-21T06:14:23Z,86.0,Versa 4
2026-05-21T06:14:26Z,86.0,Versa 4
2026-05-21T06:14:27Z,86.0,Versa 4
2026-05-21T06:14:29Z,85.0,Versa 4
2026-05-21T06:14:31Z,84.0,Versa 4
2026-05-21T06:14:34Z,84.0,Versa 4
2026-05-21T06:14:35Z,85.0,Versa 4
2026-05-21T06:14:38Z,85.0,Versa 4
2026-05-21T06:14:39Z,83.0,Versa 4
2026-05-21T06:14:41Z,82.0,Versa 4
2026-05-21T06:14:42Z,81.0,Versa 4
2026-05-21T06:14:44Z,82.0,Versa 4
2026-05-21T06:14:46Z,82.0,Versa 4
2026-05-21T06:14:48Z,84.0,Versa 4
2026-05-21T06:14:51Z,84.0,Versa 4
2026-05-21T06:14:52Z,83.0,Versa 4
2026-05-21T06:14:54Z,82.0,Versa 4
2026-05-21T06:14:57Z,82.0,Versa 4
2026-05-21T06:15:00Z,83.0,Versa 4
2026-05-21T06:15:02Z,84.0,Versa 4
2026-05-21T06:15:04Z,85.0,Versa 4
2026-05-21T06:15:07Z,84.0,Versa 4
2026-05-21T06:15:10Z,84.0,Versa 4
2026-05-21T06:15:13Z,85.0,Versa 4
2026-05-21T06:15:15Z,84.0,Versa 4
2026-05-21T06:15:18Z,84.0,Versa 4
2026-05-21T06:15:19Z,85.0,Versa 4
2026-05-21T06:15:22Z,85.0,Versa 4
2026-05-21T06:15:25Z,84.0,Versa 4
2026-05-21T06:15:27Z,85.0,Versa 4
2026-05-21T06:15:30Z,85.0,Versa 4
2026-05-21T06:15:32Z,84.0,Versa 4
2026-05-21T06:15:34Z,83.0,Versa 4
2026-05-21T06:15:37Z,83.0,Versa 4
2026-05-21T06:15:38Z,84.0,Versa 4
2026-05-21T06:15:40Z,85.0,Versa 4
2026-05-21T06:15:42Z,86.0,Versa 4
2026-05-21T06:15:45Z,86.0,Versa 4
2026-05-21T06:15:46Z,87.0,Versa 4
2026-05-21T06:15:48Z,86.0,Versa 4
2026-05-21T06:15:51Z,86.0,Versa 4
2026-05-21T06:15:52Z,85.0,Versa 4
2026-05-21T06:15:54Z,84.0,Versa 4
2026-05-21T06:15:57Z,84.0,Versa 4
2026-05-21T06:15:59Z,85.0,Versa 4
2026-05-21T06:16:01Z,87.0,Versa 4
2026-05-21T06:16:04Z,87.0,Versa 4
2026-05-21T06:16:07Z,86.0,Versa 4
2026-05-21T06:16:09Z,87.0,Versa 4
2026-05-21T06:16:12Z,87.0,Versa 4
2026-05-21T06:16:13Z,85.0,Versa 4
2026-05-21T06:16:15Z,83.0,Versa 4
2026-05-21T06:16:18Z,84.0,Versa 4
2026-05-21T06:16:20Z,85.0,Versa 4
2026-05-21T06:16:22Z,86.0,Versa 4
2026-05-21T06:16:25Z,86.0,Versa 4
2026-05-21T06:16:26Z,85.0,Versa 4
2026-05-21T06:16:28Z,86.0,Versa 4
2026-05-21T06:16:31Z,86.0,Versa 4
2026-05-21T06:16:32Z,86.0,Versa 4
2026-05-21T06:16:34Z,87.0,Versa 4
2026-05-21T06:16:37Z,87.0,Versa 4
2026-05-21T06:16:38Z,86.0,Versa 4
2026-05-21T06:16:41Z,86.0,Versa 4
2026-05-21T06:16:43Z,84.0,Versa 4
2026-05-21T06:16:45Z,83.0,Versa 4
2026-05-21T06:16:47Z,83.0,Versa 4
2026-05-21T06:16:49Z,82.0,Versa 4
2026-05-21T06:16:51Z,83.0,Versa 4
2026-05-21T06:16:54Z,83.0,Versa 4
2026-05-21T06:16:57Z,83.0,Versa 4
2026-05-21T06:17:00Z,83.0,Versa 4
2026-05-21T06:17:01Z,83.0,Versa 4
2026-05-21T06:17:03Z,83.0,Versa 4
2026-05-21T06:17:06Z,84.0,Versa 4
2026-05-21T06:17:08Z,87.0,Versa 4
2026-05-21T06:17:10Z,86.0,Versa 4
2026-05-21T06:17:12Z,85.0,Versa 4
2026-05-21T06:17:14Z,86.0,Versa 4
2026-05-21T06:17:16Z,87.0,Versa 4
2026-05-21T06:17:19Z,87.0,Versa 4
2026-05-21T06:17:22Z,88.0,Versa 4
2026-05-21T06:17:25Z,88.0,Versa 4
2026-05-21T06:17:26Z,88.0,Versa 4
2026-05-21T06:17:28Z,87.0,Versa 4
2026-05-21T06:17:30Z,85.0,Versa 4
2026-05-21T06:17:31Z,83.0,Versa 4
2026-05-21T06:17:33Z,82.0,Versa 4
2026-05-21T06:17:36Z,82.0,Versa 4
2026-05-21T06:17:39Z,82.0,Versa 4
2026-05-21T06:17:41Z,81.0,Versa 4
2026-05-21T06:17:43Z,82.0,Versa 4
2026-05-21T06:17:45Z,84.0,Versa 4
2026-05-21T06:17:47Z,85.0,Versa 4
2026-05-21T06:17:49Z,84.0,Versa 4
2026-05-21T06:17:52Z,84.0,Versa 4
2026-05-21T06:17:54Z,85.0,Versa 4
2026-05-21T06:17:56Z,88.0,Versa 4
2026-05-21T06:17:58Z,90.0,Versa 4
2026-05-21T06:18:00Z,89.0,Versa 4
2026-05-21T06:18:02Z,88.0,Versa 4
2026-05-21T06:18:05Z,88.0,Versa 4
2026-05-21T06:18:08Z,88.0,Versa 4
2026-05-21T06:18:11Z,88.0,Versa 4
2026-05-21T06:18:14Z,87.0,Versa 4
2026-05-21T06:18:17Z,87.0,Versa 4
2026-05-21T06:18:18Z,86.0,Versa 4
2026-05-21T06:18:21Z,86.0,Versa 4
2026-05-21T06:18:24Z,86.0,Versa 4
2026-05-21T06:18:25Z,89.0,Versa 4
2026-05-21T06:18:27Z,88.0,Versa 4
2026-05-21T06:18:29Z,86.0,Versa 4
2026-05-21T06:18:32Z,86.0,Versa 4
2026-05-21T06:18:33Z,87.0,Versa 4
2026-05-21T06:18:36Z,87.0,Versa 4
2026-05-21T06:18:37Z,86.0,Versa 4
2026-05-21T06:18:40Z,86.0,Versa 4
2026-05-21T06:18:43Z,86.0,Versa 4
2026-05-21T06:18:44Z,84.0,Versa 4
2026-05-21T06:18:47Z,84.0,Versa 4
2026-05-21T06:18:50Z,86.0,Versa 4
2026-05-21T06:18:52Z,87.0,Versa 4
2026-05-21T06:18:54Z,86.0,Versa 4
2026-05-21T06:18:56Z,84.0,Versa 4
2026-05-21T06:18:59Z,84.0,Versa 4
2026-05-21T06:19:00Z,86.0,Versa 4
2026-05-21T06:19:03Z,86.0,Versa 4
2026-05-21T06:19:04Z,84.0,Versa 4
2026-05-21T06:19:06Z,82.0,Versa 4
2026-05-21T06:19:09Z,82.0,Versa 4
2026-05-21T06:19:11Z,84.0,Versa 4
2026-05-21T06:19:13Z,85.0,Versa 4
2026-05-21T06:19:16Z,85.0,Versa 4
2026-05-21T06:19:17Z,84.0,Versa 4
2026-05-21T06:19:19Z,82.0,Versa 4
2026-05-21T06:19:22Z,82.0,Versa 4
2026-05-21T06:19:25Z,82.0,Versa 4
2026-05-21T06:19:27Z,82.0,Versa 4
2026-05-21T06:19:30Z,81.0,Versa 4
2026-05-21T06:19:32Z,82.0,Versa 4
2026-05-21T06:19:35Z,82.0,Versa 4
2026-05-21T06:19:36Z,81.0,Versa 4
2026-05-21T06:19:39Z,81.0,Versa 4
2026-05-21T06:19:42Z,81.0,Versa 4
2026-05-21T06:19:44Z,82.0,Versa 4
2026-05-21T06:19:47Z,82.0,Versa 4
2026-05-21T06:19:50Z,82.0,Versa 4
2026-05-21T06:19:53Z,82.0,Versa 4
2026-05-21T06:19:54Z,83.0,Versa 4
2026-05-21T06:19:57Z,84.0,Versa 4
2026-05-21T06:19:59Z,83.0,Versa 4
2026-05-21T06:20:01Z,82.0,Versa 4
2026-05-21T06:20:03Z,83.0,Versa 4
2026-05-21T06:20:06Z,83.0,Versa 4
2026-05-21T06:20:07Z,84.0,Versa 4
2026-05-21T06:20:09Z,85.0,Versa 4
2026-05-21T06:20:11Z,87.0,Versa 4
2026-05-21T06:20:14Z,87.0,Versa 4
2026-05-21T06:20:15Z,84.0,Versa 4
2026-05-21T06:20:17Z,83.0,Versa 4
2026-05-21T06:20:18Z,82.0,Versa 4
2026-05-21T06:20:20Z,84.0,Versa 4
2026-05-21T06:20:22Z,85.0,Versa 4
2026-05-21T06:20:25Z,85.0,Versa 4
2026-05-21T06:20:26Z,84.0,Versa 4
2026-05-21T06:20:28Z,83.0,Versa 4
2026-05-21T06:20:30Z,84.0,Versa 4
2026-05-21T06:20:33Z,84.0,Versa 4
2026-05-21T06:20:36Z,85.0,Versa 4
2026-05-21T06:20:38Z,84.0,Versa 4
2026-05-21T06:20:40Z,86.0,Versa 4
2026-05-21T06:20:43Z,86.0,Versa 4
2026-05-21T06:20:46Z,86.0,Versa 4
2026-05-21T06:20:47Z,85.0,Versa 4
2026-05-21T06:20:49Z,84.0,Versa 4
2026-05-21T06:20:52Z,84.0,Versa 4
2026-05-21T06:20:55Z,84.0,Versa 4
2026-05-21T06:20:58Z,84.0,Versa 4
2026-05-21T06:21:01Z,83.0,Versa 4
2026-05-21T06:21:04Z,83.0,Versa 4
2026-05-21T06:21:05Z,84.0,Versa 4
2026-05-21T06:21:08Z,82.0,Versa 4
2026-05-21T06:21:10Z,81.0,Versa 4
2026-05-21T06:21:12Z,82.0,Versa 4
2026-05-21T06:21:15Z,82.0,Versa 4
2026-05-21T06:21:16Z,83.0,Versa 4
2026-05-21T06:21:18Z,84.0,Versa 4
2026-05-21T06:21:20Z,82.0,Versa 4
2026-05-21T06:21:23Z,82.0,Versa 4
2026-05-21T06:21:26Z,84.0,Versa 4
2026-05-21T06:21:29Z,84.0,Versa 4
2026-05-21T06:21:30Z,83.0,Versa 4
2026-05-21T06:21:31Z,82.0,Versa 4
2026-05-21T06:21:33Z,83.0,Versa 4
2026-05-21T06:21:35Z,85.0,Versa 4
2026-05-21T06:21:37Z,86.0,Versa 4
2026-05-21T06:21:39Z,84.0,Versa 4
2026-05-21T06:21:41Z,83.0,Versa 4
2026-05-21T06:21:44Z,83.0,Versa 4
2026-05-21T06:21:47Z,83.0,Versa 4
2026-05-21T06:21:50Z,83.0,Versa 4
2026-05-21T06:21:53Z,84.0,Versa 4
2026-05-21T06:21:54Z,86.0,Versa 4
2026-05-21T06:21:56Z,88.0,Versa 4
2026-05-21T06:21:58Z,89.0,Versa 4
2026-05-21T06:22:00Z,88.0,Versa 4
2026-05-21T06:22:02Z,89.0,Versa 4
2026-05-21T06:22:04Z,90.0,Versa 4
2026-05-21T06:22:06Z,89.0,Versa 4
2026-05-21T06:22:09Z,89.0,Versa 4
2026-05-21T06:22:10Z,88.0,Versa 4
2026-05-21T06:22:12Z,86.0,Versa 4
2026-05-21T06:22:15Z,86.0,Versa 4
2026-05-21T06:22:16Z,87.0,Versa 4
2026-05-21T06:22:19Z,88.0,Versa 4
2026-05-21T06:22:21Z,87.0,Versa 4
2026-05-21T06:22:23Z,86.0,Versa 4
2026-05-21T06:22:25Z,87.0,Versa 4
2026-05-21T06:22:27Z,89.0,Versa 4
2026-05-21T06:22:30Z,89.0,Versa 4
2026-05-21T06:22:33Z,88.0,Versa 4
2026-05-21T06:22:35Z,86.0,Versa 4
2026-05-21T06:22:38Z,86.0,Versa 4
2026-05-21T06:22:39Z,85.0,Versa 4
2026-05-21T06:22:41Z,86.0,Versa 4
2026-05-21T06:22:42Z,86.0,Versa 4
2026-05-21T06:22:44Z,85.0,Versa 4
2026-05-21T06:22:46Z,86.0,Versa 4
2026-05-21T06:22:48Z,85.0,Versa 4
2026-05-21T06:22:50Z,84.0,Versa 4
2026-05-21T06:22:53Z,84.0,Versa 4
2026-05-21T06:22:54Z,83.0,Versa 4
2026-05-21T06:22:56Z,82.0,Versa 4
2026-05-21T06:22:58Z,83.0,Versa 4
2026-05-21T06:23:01Z,83.0,Versa 4
2026-05-21T06:23:02Z,82.0,Versa 4
2026-05-21T06:23:05Z,82.0,Versa 4
2026-05-21T06:23:08Z,82.0,Versa 4
2026-05-21T06:23:09Z,83.0,Versa 4
2026-05-21T06:23:12Z,83.0,Versa 4
2026-05-21T06:23:15Z,83.0,Versa 4
2026-05-21T06:23:18Z,83.0,Versa 4
2026-05-21T06:23:19Z,84.0,Versa 4
2026-05-21T06:23:22Z,84.0,Versa 4
2026-05-21T06:23:25Z,84.0,Versa 4
2026-05-21T06:23:27Z,85.0,Versa 4
2026-05-21T06:23:29Z,84.0,Versa 4
2026-05-21T06:23:30Z,83.0,Versa 4
2026-05-21T06:23:32Z,84.0,Versa 4
2026-05-21T06:23:35Z,84.0,Versa 4
2026-05-21T06:23:36Z,87.0,Versa 4
2026-05-21T06:23:38Z,86.0,Versa 4
2026-05-21T06:23:40Z,85.0,Versa 4
2026-05-21T06:23:43Z,85.0,Versa 4
2026-05-21T06:23:44Z,84.0,Versa 4
2026-05-21T06:23:47Z,84.0,Versa 4
2026-05-21T06:23:48Z,83.0,Versa 4
2026-05-21T06:23:50Z,84.0,Versa 4
2026-05-21T06:23:53Z,84.0,Versa 4
2026-05-21T06:23:54Z,85.0,Versa 4
2026-05-21T06:23:55Z,84.0,Versa 4
2026-05-21T06:23:57Z,83.0,Versa 4
2026-05-21T06:23:59Z,84.0,Versa 4
2026-05-21T06:24:02Z,84.0,Versa 4
2026-05-21T06:24:03Z,83.0,Versa 4
2026-05-21T06:24:05Z,84.0,Versa 4
2026-05-21T06:24:07Z,85.0,Versa 4
2026-05-21T06:24:09Z,84.0,Versa 4
2026-05-21T06:24:11Z,85.0,Versa 4
2026-05-21T06:24:13Z,86.0,Versa 4
2026-05-21T06:24:15Z,85.0,Versa 4
2026-05-21T06:24:17Z,84.0,Versa 4
2026-05-21T06:24:18Z,84.0,Versa 4
2026-05-21T06:24:21Z,84.0,Versa 4
2026-05-21T06:24:22Z,86.0,Versa 4
2026-05-21T06:24:24Z,88.0,Versa 4
2026-05-21T06:24:27Z,88.0,Versa 4
2026-05-21T06:24:30Z,86.0,Versa 4
2026-05-21T06:24:33Z,86.0,Versa 4
2026-05-21T06:24:36Z,85.0,Versa 4
2026-05-21T06:24:39Z,85.0,Versa 4
2026-05-21T06:24:40Z,84.0,Versa 4
2026-05-21T06:24:43Z,84.0,Versa 4
2026-05-21T06:24:45Z,81.0,Versa 4
2026-05-21T06:24:47Z,83.0,Versa 4
2026-05-21T06:24:49Z,82.0,Versa 4
2026-05-21T06:24:51Z,81.0,Versa 4
2026-05-21T06:24:53Z,84.0,Versa 4
2026-05-21T06:24:55Z,85.0,Versa 4
2026-05-21T06:24:58Z,85.0,Versa 4
2026-05-21T06:25:01Z,85.0,Versa 4
2026-05-21T06:25:03Z,86.0,Versa 4
2026-05-21T06:25:05Z,85.0,Versa 4
2026-05-21T06:25:06Z,84.0,Versa 4
2026-05-21T06:25:08Z,82.0,Versa 4
2026-05-21T06:25:10Z,83.0,Versa 4
2026-05-21T06:25:12Z,84.0,Versa 4
2026-05-21T06:25:14Z,86.0,Versa 4
2026-05-21T06:25:16Z,87.0,Versa 4
2026-05-21T06:25:18Z,88.0,Versa 4
2026-05-21T06:25:21Z,88.0,Versa 4
2026-05-21T06:25:22Z,87.0,Versa 4
2026-05-21T06:25:24Z,88.0,Versa 4
2026-05-21T06:25:27Z,88.0,Versa 4
2026-05-21T06:25:28Z,87.0,Versa 4
2026-05-21T06:25:30Z,88.0,Versa 4
2026-05-21T06:25:33Z,88.0,Versa 4
2026-05-21T06:25:35Z,88.0,Versa 4
2026-05-21T06:25:37Z,88.0,Versa 4
2026-05-21T06:25:40Z,88.0,Versa 4
2026-05-21T06:25:41Z,87.0,Versa 4
2026-05-21T06:25:43Z,88.0,Versa 4
2026-05-21T06:25:46Z,88.0,Versa 4
2026-05-21T06:25:47Z,89.0,Versa 4
2026-05-21T06:25:50Z,89.0,Versa 4
2026-05-21T06:25:51Z,88.0,Versa 4
2026-05-21T06:25:53Z,87.0,Versa 4
2026-05-21T06:25:56Z,87.0,Versa 4
2026-05-21T06:25:58Z,86.0,Versa 4
2026-05-21T06:26:01Z,86.0,Versa 4
2026-05-21T06:26:02Z,87.0,Versa 4
2026-05-21T06:26:04Z,88.0,Versa 4
2026-05-21T06:26:07Z,88.0,Versa 4
2026-05-21T06:26:10Z,88.0,Versa 4
2026-05-21T06:26:12Z,86.0,Versa 4
2026-05-21T06:26:15Z,86.0,Versa 4
2026-05-21T06:26:16Z,86.0,Versa 4
2026-05-21T06:26:18Z,85.0,Versa 4
2026-05-21T06:26:19Z,84.0,Versa 4
2026-05-21T06:26:22Z,84.0,Versa 4
2026-05-21T06:26:25Z,84.0,Versa 4
2026-05-21T06:26:27Z,82.0,Versa 4
2026-05-21T06:26:30Z,82.0,Versa 4
2026-05-21T06:26:33Z,84.0,Versa 4
2026-05-21T06:26:36Z,84.0,Versa 4
2026-05-21T06:26:39Z,82.0,Versa 4
2026-05-21T06:26:42Z,84.0,Versa 4
2026-05-21T06:26:45Z,84.0,Versa 4
2026-05-21T06:26:48Z,84.0,Versa 4
2026-05-21T06:26:50Z,83.0,Versa 4
2026-05-21T06:26:52Z,84.0,Versa 4
2026-05-21T06:26:55Z,84.0,Versa 4
2026-05-21T06:26:56Z,85.0,Versa 4
2026-05-21T06:26:58Z,84.0,Versa 4
2026-05-21T06:27:01Z,84.0,Versa 4
2026-05-21T06:27:04Z,84.0,Versa 4
2026-05-21T06:27:07Z,85.0,Versa 4
2026-05-21T06:27:09Z,86.0,Versa 4
2026-05-21T06:27:11Z,87.0,Versa 4
2026-05-21T06:27:13Z,86.0,Versa 4
2026-05-21T06:27:16Z,86.0,Versa 4
2026-05-21T06:27:19Z,85.0,Versa 4
2026-05-21T06:27:21Z,86.0,Versa 4
2026-05-21T06:27:23Z,85.0,Versa 4
2026-05-21T06:27:25Z,83.0,Versa 4
2026-05-21T06:27:27Z,82.0,Versa 4
2026-05-21T06:27:30Z,82.0,Versa 4
2026-05-21T06:27:32Z,83.0,Versa 4
2026-05-21T06:27:34Z,82.0,Versa 4
2026-05-21T06:27:36Z,83.0,Versa 4
2026-05-21T06:27:38Z,84.0,Versa 4
2026-05-21T06:27:41Z,84.0,Versa 4
2026-05-21T06:27:42Z,83.0,Versa 4
2026-05-21T06:27:44Z,82.0,Versa 4
2026-05-21T06:27:47Z,82.0,Versa 4
2026-05-21T06:27:50Z,82.0,Versa 4
2026-05-21T06:27:53Z,82.0,Versa 4
2026-05-21T06:27:55Z,81.0,Versa 4
2026-05-21T06:27:57Z,80.0,Versa 4
2026-05-21T06:28:00Z,80.0,Versa 4
2026-05-21T06:28:01Z,82.0,Versa 4
2026-05-21T06:28:03Z,83.0,Versa 4
2026-05-21T06:28:05Z,84.0,Versa 4
2026-05-21T06:28:07Z,81.0,Versa 4
2026-05-21T06:28:09Z,79.0,Versa 4
2026-05-21T06:28:12Z,79.0,Versa 4
2026-05-21T06:28:13Z,80.0,Versa 4
2026-05-21T06:28:16Z,80.0,Versa 4
2026-05-21T06:28:18Z,81.0,Versa 4
2026-05-21T06:28:20Z,80.0,Versa 4
2026-05-21T06:28:22Z,80.0,Versa 4
2026-05-21T06:28:24Z,81.0,Versa 4
2026-05-21T06:28:26Z,82.0,Versa 4
2026-05-21T06:28:28Z,81.0,Versa 4
2026-05-21T06:28:30Z,80.0,Versa 4
2026-05-21T06:28:33Z,80.0,Versa 4
2026-05-21T06:28:36Z,80.0,Versa 4
2026-05-21T06:28:38Z,81.0,Versa 4
2026-05-21T06:28:40Z,82.0,Versa 4
2026-05-21T06:28:43Z,82.0,Versa 4
2026-05-21T06:28:46Z,82.0,Versa 4
2026-05-21T06:28:47Z,83.0,Versa 4
2026-05-21T06:28:50Z,83.0,Versa 4
2026-05-21T06:28:53Z,82.0,Versa 4
2026-05-21T06:28:56Z,82.0,Versa 4
2026-05-21T06:28:59Z,82.0,Versa 4
2026-05-21T06:29:02Z,82.0,Versa 4
2026-05-21T06:29:05Z,82.0,Versa 4
2026-05-21T06:29:06Z,80.0,Versa 4
2026-05-21T06:29:09Z,80.0,Versa 4
2026-05-21T06:29:12Z,81.0,Versa 4
2026-05-21T06:29:15Z,81.0,Versa 4
2026-05-21T06:29:16Z,80.0,Versa 4
2026-05-21T06:29:19Z,80.0,Versa 4
2026-05-21T06:29:22Z,81.0,Versa 4
2026-05-21T06:29:24Z,82.0,Versa 4
2026-05-21T06:29:27Z,82.0,Versa 4
2026-05-21T06:29:28Z,82.0,Versa 4
2026-05-21T06:29:31Z,82.0,Versa 4
2026-05-21T06:29:34Z,82.0,Versa 4
2026-05-21T06:29:36Z,83.0,Versa 4
2026-05-21T06:29:39Z,83.0,Versa 4
2026-05-21T06:29:41Z,79.0,Versa 4
2026-05-21T06:29:44Z,79.0,Versa 4
2026-05-21T06:29:47Z,78.0,Versa 4
2026-05-21T06:29:49Z,81.0,Versa 4
2026-05-21T06:29:52Z,81.0,Versa 4
2026-05-21T06:29:53Z,80.0,Versa 4
2026-05-21T06:29:56Z,80.0,Versa 4
2026-05-21T06:29:57Z,81.0,Versa 4
2026-05-21T06:29:59Z,80.0,Versa 4
2026-05-21T06:30:02Z,80.0,Versa 4
2026-05-21T06:30:03Z,79.0,Versa 4
2026-05-21T06:30:05Z,81.0,Versa 4
2026-05-21T06:30:08Z,80.0,Versa 4
2026-05-21T06:30:11Z,80.0,Versa 4
2026-05-21T06:30:12Z,81.0,Versa 4
2026-05-21T06:30:15Z,81.0,Versa 4
2026-05-21T06:30:16Z,80.0,Versa 4
2026-05-21T06:30:19Z,80.0,Versa 4
2026-05-21T06:30:20Z,81.0,Versa 4
2026-05-21T06:30:22Z,85.0,Versa 4
2026-05-21T06:30:24Z,86.0,Versa 4
2026-05-21T06:30:27Z,86.0,Versa 4
2026-05-21T06:30:28Z,85.0,Versa 4
2026-05-21T06:30:29Z,83.0,Versa 4
2026-05-21T06:30:31Z,87.0,Versa 4
2026-05-21T06:30:34Z,87.0,Versa 4
2026-05-21T06:30:35Z,91.0,Versa 4
2026-05-21T06:30:37Z,90.0,Versa 4
2026-05-21T06:30:39Z,91.0,Versa 4
2026-05-21T06:30:41Z,89.0,Versa 4
2026-05-21T06:30:43Z,87.0,Versa 4
2026-05-21T06:30:45Z,85.0,Versa 4
2026-05-21T06:30:47Z,86.0,Versa 4
2026-05-21T06:30:49Z,87.0,Versa 4
2026-05-21T06:30:52Z,87.0,Versa 4
2026-05-21T06:30:54Z,84.0,Versa 4
2026-05-21T06:30:56Z,81.0,Versa 4
2026-05-21T06:30:58Z,80.0,Versa 4
2026-05-21T06:31:00Z,81.0,Versa 4
2026-05-21T06:31:02Z,80.0,Versa 4
2026-05-21T06:31:05Z,80.0,Versa 4
2026-05-21T06:31:06Z,79.0,Versa 4
2026-05-21T06:31:09Z,79.0,Versa 4
2026-05-21T06:31:10Z,81.0,Versa 4
2026-05-21T06:31:12Z,83.0,Versa 4
2026-05-21T06:31:14Z,84.0,Versa 4
2026-05-21T06:31:16Z,85.0,Versa 4
2026-05-21T06:31:19Z,89.0,Versa 4
2026-05-21T06:31:21Z,91.0,Versa 4
2026-05-21T06:31:23Z,92.0,Versa 4
2026-05-21T06:31:25Z,93.0,Versa 4
2026-05-21T06:31:27Z,95.0,Versa 4
2026-05-21T06:31:30Z,95.0,Versa 4
2026-05-21T06:31:31Z,94.0,Versa 4
2026-05-21T06:31:33Z,91.0,Versa 4
2026-05-21T06:31:35Z,89.0,Versa 4
2026-05-21T06:31:37Z,87.0,Versa 4
2026-05-21T06:31:39Z,86.0,Versa 4
2026-05-21T06:31:42Z,86.0,Versa 4
2026-05-21T06:31:45Z,86.0,Versa 4
2026-05-21T06:31:46Z,85.0,Versa 4
2026-05-21T06:31:48Z,84.0,Versa 4
2026-05-21T06:31:50Z,85.0,Versa 4
2026-05-21T06:31:52Z,86.0,Versa 4
2026-05-21T06:31:54Z,85.0,Versa 4
2026-05-21T06:31:56Z,86.0,Versa 4
2026-05-21T06:31:58Z,87.0,Versa 4
2026-05-21T06:32:01Z,87.0,Versa 4
2026-05-21T06:32:04Z,87.0,Versa 4
2026-05-21T06:32:07Z,88.0,Versa 4
2026-05-21T06:32:09Z,89.0,Versa 4
2026-05-21T06:32:11Z,90.0,Versa 4
2026-05-21T06:32:13Z,89.0,Versa 4
2026-05-21T06:32:15Z,88.0,Versa 4
2026-05-21T06:32:18Z,88.0,Versa 4
2026-05-21T06:32:21Z,88.0,Versa 4
2026-05-21T06:32:23Z,88.0,Versa 4
2026-05-21T06:32:26Z,88.0,Versa 4
2026-05-21T06:32:29Z,88.0,Versa 4
2026-05-21T06:32:32Z,88.0,Versa 4
2026-05-21T06:32:35Z,88.0,Versa 4
2026-05-21T06:32:36Z,89.0,Versa 4
2026-05-21T06:32:38Z,88.0,Versa 4
2026-05-21T06:32:41Z,88.0,Versa 4
2026-05-21T06:32:42Z,86.0,Versa 4
2026-05-21T06:32:45Z,86.0,Versa 4
2026-05-21T06:32:46Z,87.0,Versa 4
2026-05-21T06:32:49Z,87.0,Versa 4
2026-05-21T06:32:50Z,85.0,Versa 4
2026-05-21T06:32:52Z,84.0,Versa 4
2026-05-21T06:32:53Z,83.0,Versa 4
2026-05-21T06:32:56Z,83.0,Versa 4
2026-05-21T06:32:57Z,84.0,Versa 4
2026-05-21T06:33:00Z,84.0,Versa 4
2026-05-21T06:33:01Z,85.0,Versa 4
2026-05-21T06:33:04Z,85.0,Versa 4
2026-05-21T06:33:05Z,87.0,Versa 4
2026-05-21T06:33:07Z,86.0,Versa 4
2026-05-21T06:33:10Z,86.0,Versa 4
2026-05-21T06:33:11Z,88.0,Versa 4
2026-05-21T06:33:13Z,89.0,Versa 4
2026-05-21T06:33:15Z,90.0,Versa 4
2026-05-21T06:33:17Z,91.0,Versa 4
2026-05-21T06:33:18Z,90.0,Versa 4
2026-05-21T06:33:20Z,91.0,Versa 4
2026-05-21T06:33:22Z,92.0,Versa 4
2026-05-21T06:33:24Z,94.0,Versa 4
2026-05-21T06:33:26Z,96.0,Versa 4
2026-05-21T06:33:29Z,96.0,Versa 4
2026-05-21T06:33:32Z,95.0,Versa 4
2026-05-21T06:33:34Z,92.0,Versa 4
2026-05-21T06:33:36Z,87.0,Versa 4
2026-05-21T06:33:38Z,84.0,Versa 4
2026-05-21T06:33:41Z,83.0,Versa 4
2026-05-21T06:33:44Z,83.0,Versa 4
2026-05-21T06:33:45Z,82.0,Versa 4
2026-05-21T06:33:47Z,81.0,Versa 4
2026-05-21T06:33:50Z,81.0,Versa 4
2026-05-21T06:33:51Z,84.0,Versa 4
2026-05-21T06:33:53Z,86.0,Versa 4
2026-05-21T06:33:55Z,88.0,Versa 4
2026-05-21T06:33:57Z,89.0,Versa 4
2026-05-21T06:33:59Z,88.0,Versa 4
2026-05-21T06:34:02Z,88.0,Versa 4
2026-05-21T06:34:03Z,87.0,Versa 4
2026-05-21T06:34:05Z,86.0,Versa 4
2026-05-21T06:34:06Z,86.0,Versa 4
2026-05-21T06:34:08Z,87.0,Versa 4
2026-05-21T06:34:10Z,86.0,Versa 4
2026-05-21T06:34:13Z,86.0,Versa 4
2026-05-21T06:34:14Z,86.0,Versa 4
2026-05-21T06:34:17Z,86.0,Versa 4
2026-05-21T06:34:20Z,87.0,Versa 4
2026-05-21T06:34:23Z,87.0,Versa 4
2026-05-21T06:34:26Z,87.0,Versa 4
2026-05-21T06:34:28Z,88.0,Versa 4
2026-05-21T06:34:29Z,89.0,Versa 4
2026-05-21T06:34:31Z,90.0,Versa 4
2026-05-21T06:34:34Z,90.0,Versa 4
2026-05-21T06:34:37Z,90.0,Versa 4
2026-05-21T06:34:40Z,90.0,Versa 4
2026-05-21T06:34:43Z,90.0,Versa 4
2026-05-21T06:34:46Z,90.0,Versa 4
2026-05-21T06:34:49Z,92.0,Versa 4
2026-05-21T06:34:51Z,93.0,Versa 4
2026-05-21T06:34:53Z,94.0,Versa 4
2026-05-21T06:34:54Z,93.0,Versa 4
2026-05-21T06:34:56Z,92.0,Versa 4
2026-05-21T06:34:58Z,91.0,Versa 4
2026-05-21T06:35:00Z,92.0,Versa 4
2026-05-21T06:35:03Z,92.0,Versa 4
2026-05-21T06:35:04Z,91.0,Versa 4
2026-05-21T06:35:06Z,92.0,Versa 4
2026-05-21T06:35:08Z,90.0,Versa 4
2026-05-21T06:35:10Z,88.0,Versa 4
2026-05-21T06:35:13Z,88.0,Versa 4
2026-05-21T06:35:16Z,89.0,Versa 4
2026-05-21T06:35:17Z,89.0,Versa 4
2026-05-21T06:35:19Z,90.0,Versa 4
2026-05-21T06:35:22Z,90.0,Versa 4
2026-05-21T06:35:23Z,92.0,Versa 4
2026-05-21T06:35:26Z,92.0,Versa 4
2026-05-21T06:35:27Z,91.0,Versa 4
2026-05-21T06:35:30Z,91.0,Versa 4
2026-05-21T06:35:31Z,92.0,Versa 4
2026-05-21T06:35:34Z,92.0,Versa 4
2026-05-21T06:35:35Z,93.0,Versa 4
2026-05-21T06:35:37Z,91.0,Versa 4
2026-05-21T06:35:40Z,91.0,Versa 4
2026-05-21T06:35:42Z,88.0,Versa 4
2026-05-21T06:35:44Z,85.0,Versa 4
2026-05-21T06:35:46Z,88.0,Versa 4
2026-05-21T06:35:48Z,87.0,Versa 4
2026-05-21T06:35:50Z,84.0,Versa 4
2026-05-21T06:35:52Z,85.0,Versa 4
2026-05-21T06:35:55Z,85.0,Versa 4
2026-05-21T06:35:58Z,86.0,Versa 4
2026-05-21T06:36:00Z,84.0,Versa 4
2026-05-21T06:36:02Z,83.0,Versa 4
2026-05-21T06:36:05Z,84.0,Versa 4
2026-05-21T06:36:08Z,84.0,Versa 4
2026-05-21T06:36:09Z,85.0,Versa 4
2026-05-21T06:36:12Z,85.0,Versa 4
2026-05-21T06:36:15Z,87.0,Versa 4
2026-05-21T06:36:17Z,87.0,Versa 4
2026-05-21T06:36:19Z,88.0,Versa 4
2026-05-21T06:36:22Z,88.0,Versa 4
2026-05-21T06:36:23Z,87.0,Versa 4
2026-05-21T06:36:25Z,86.0,Versa 4
2026-05-21T06:36:27Z,87.0,Versa 4
2026-05-21T06:36:30Z,87.0,Versa 4
2026-05-21T06:36:32Z,86.0,Versa 4
2026-05-21T06:36:35Z,86.0,Versa 4
2026-05-21T06:36:38Z,86.0,Versa 4
2026-05-21T06:36:40Z,87.0,Versa 4
2026-05-21T06:36:42Z,88.0,Versa 4
2026-05-21T06:36:44Z,90.0,Versa 4
2026-05-21T06:36:46Z,92.0,Versa 4
2026-05-21T06:36:49Z,92.0,Versa 4
2026-05-21T06:36:50Z,90.0,Versa 4
2026-05-21T06:36:52Z,92.0,Versa 4
2026-05-21T06:36:55Z,93.0,Versa 4
2026-05-21T06:36:57Z,92.0,Versa 4
2026-05-21T06:36:59Z,90.0,Versa 4
2026-05-21T06:37:02Z,90.0,Versa 4
2026-05-21T06:37:05Z,89.0,Versa 4
2026-05-21T06:37:07Z,90.0,Versa 4
2026-05-21T06:37:09Z,89.0,Versa 4
2026-05-21T06:37:12Z,89.0,Versa 4
2026-05-21T06:37:13Z,87.0,Versa 4
2026-05-21T06:37:16Z,87.0,Versa 4
2026-05-21T06:37:17Z,87.0,Versa 4
2026-05-21T06:37:18Z,87.0,Versa 4
2026-05-21T06:37:20Z,86.0,Versa 4
2026-05-21T06:37:23Z,86.0,Versa 4
2026-05-21T06:37:24Z,86.0,Versa 4
2026-05-21T06:37:26Z,86.0,Versa 4
2026-05-21T06:37:28Z,87.0,Versa 4
2026-05-21T06:37:31Z,87.0,Versa 4
2026-05-21T06:37:32Z,85.0,Versa 4
2026-05-21T06:37:35Z,85.0,Versa 4
2026-05-21T06:37:36Z,84.0,Versa 4
2026-05-21T06:37:39Z,84.0,Versa 4
2026-05-21T06:37:40Z,85.0,Versa 4
2026-05-21T06:37:41Z,86.0,Versa 4
2026-05-21T06:37:43Z,87.0,Versa 4
2026-05-21T06:37:45Z,88.0,Versa 4
2026-05-21T06:37:48Z,88.0,Versa 4
2026-05-21T06:37:49Z,87.0,Versa 4
2026-05-21T06:37:51Z,88.0,Versa 4
2026-05-21T06:37:53Z,88.0,Versa 4
2026-05-21T06:37:55Z,88.0,Versa 4
2026-05-21T06:37:58Z,88.0,Versa 4
2026-05-21T06:38:01Z,88.0,Versa 4
2026-05-21T06:38:04Z,88.0,Versa 4
2026-05-21T06:38:07Z,88.0,Versa 4
2026-05-21T06:38:08Z,87.0,Versa 4
2026-05-21T06:38:11Z,87.0,Versa 4
2026-05-21T06:38:12Z,87.0,Versa 4
2026-05-21T06:38:15Z,87.0,Versa 4
2026-05-21T06:38:18Z,86.0,Versa 4
2026-05-21T06:38:20Z,84.0,Versa 4
2026-05-21T06:38:23Z,84.0,Versa 4
2026-05-21T06:38:26Z,85.0,Versa 4
2026-05-21T06:38:28Z,84.0,Versa 4
2026-05-21T06:38:31Z,83.0,Versa 4
2026-05-21T06:38:33Z,84.0,Versa 4
2026-05-21T06:38:35Z,86.0,Versa 4
2026-05-21T06:38:37Z,87.0,Versa 4
2026-05-21T06:38:40Z,87.0,Versa 4
2026-05-21T06:38:41Z,86.0,Versa 4
2026-05-21T06:38:43Z,88.0,Versa 4
2026-05-21T06:38:45Z,89.0,Versa 4
2026-05-21T06:38:47Z,90.0,Versa 4
2026-05-21T06:38:49Z,89.0,Versa 4
2026-05-21T06:38:51Z,87.0,Versa 4
2026-05-21T06:38:53Z,86.0,Versa 4
2026-05-21T06:38:56Z,87.0,Versa 4
2026-05-21T06:38:58Z,88.0,Versa 4
2026-05-21T06:39:01Z,88.0,Versa 4
2026-05-21T06:39:02Z,86.0,Versa 4
2026-05-21T06:39:05Z,86.0,Versa 4
2026-05-21T06:39:06Z,88.0,Versa 4
2026-05-21T06:39:09Z,88.0,Versa 4
2026-05-21T06:39:10Z,87.0,Versa 4
2026-05-21T06:39:12Z,86.0,Versa 4
2026-05-21T06:39:14Z,85.0,Versa 4
2026-05-21T06:39:17Z,86.0,Versa 4
2026-05-21T06:39:19Z,87.0,Versa 4
2026-05-21T06:39:21Z,86.0,Versa 4
2026-05-21T06:39:24Z,86.0,Versa 4
2026-05-21T06:39:27Z,86.0,Versa 4
2026-05-21T06:39:29Z,88.0,Versa 4
2026-05-21T06:39:32Z,88.0,Versa 4
2026-05-21T06:39:35Z,87.0,Versa 4
2026-05-21T06:39:37Z,88.0,Versa 4
2026-05-21T06:39:40Z,88.0,Versa 4
2026-05-21T06:39:41Z,87.0,Versa 4
2026-05-21T06:39:42Z,86.0,Versa 4
2026-05-21T06:39:44Z,87.0,Versa 4
2026-05-21T06:39:46Z,86.0,Versa 4
2026-05-21T06:39:49Z,86.0,Versa 4
2026-05-21T06:39:50Z,87.0,Versa 4
2026-05-21T06:39:52Z,88.0,Versa 4
2026-05-21T06:39:54Z,89.0,Versa 4
2026-05-21T06:39:56Z,90.0,Versa 4
2026-05-21T06:39:58Z,88.0,Versa 4
2026-05-21T06:40:01Z,88.0,Versa 4
2026-05-21T06:40:02Z,86.0,Versa 4
2026-05-21T06:40:04Z,86.0,Versa 4
2026-05-21T06:40:05Z,87.0,Versa 4
2026-05-21T06:40:07Z,89.0,Versa 4
2026-05-21T06:40:09Z,88.0,Versa 4
2026-05-21T06:40:11Z,86.0,Versa 4
2026-05-21T06:40:14Z,86.0,Versa 4
2026-05-21T06:40:17Z,85.0,Versa 4
2026-05-21T06:40:20Z,85.0,Versa 4
2026-05-21T06:40:23Z,85.0,Versa 4
2026-05-21T06:40:26Z,85.0,Versa 4
2026-05-21T06:40:27Z,86.0,Versa 4
2026-05-21T06:40:29Z,87.0,Versa 4
2026-05-21T06:40:30Z,88.0,Versa 4
2026-05-21T06:40:32Z,87.0,Versa 4
2026-05-21T06:40:34Z,88.0,Versa 4
2026-05-21T06:40:37Z,88.0,Versa 4
2026-05-21T06:40:38Z,87.0,Versa 4
2026-05-21T06:40:40Z,88.0,Versa 4
2026-05-21T06:40:42Z,89.0,Versa 4
2026-05-21T06:40:44Z,88.0,Versa 4
2026-05-21T06:40:47Z,88.0,Versa 4
2026-05-21T06:40:48Z,86.0,Versa 4
2026-05-21T06:40:50Z,85.0,Versa 4
2026-05-21T06:40:53Z,85.0,Versa 4
2026-05-21T06:40:55Z,86.0,Versa 4
2026-05-21T06:40:57Z,87.0,Versa 4
2026-05-21T06:41:00Z,87.0,Versa 4
2026-05-21T06:41:01Z,86.0,Versa 4
2026-05-21T06:41:03Z,87.0,Versa 4
2026-05-21T06:41:06Z,87.0,Versa 4
2026-05-21T06:41:07Z,86.0,Versa 4
2026-05-21T06:41:09Z,87.0,Versa 4
2026-05-21T06:41:11Z,88.0,Versa 4
2026-05-21T06:41:14Z,88.0,Versa 4
2026-05-21T06:41:17Z,87.0,Versa 4
2026-05-21T06:41:20Z,89.0,Versa 4
2026-05-21T06:41:22Z,91.0,Versa 4
2026-05-21T06:41:24Z,92.0,Versa 4
2026-05-21T06:41:27Z,92.0,Versa 4
2026-05-21T06:41:28Z,91.0,Versa 4
2026-05-21T06:41:31Z,91.0,Versa 4
2026-05-21T06:41:32Z,92.0,Versa 4
2026-05-21T06:41:35Z,92.0,Versa 4
2026-05-21T06:41:36Z,90.0,Versa 4
2026-05-21T06:41:38Z,89.0,Versa 4
2026-05-21T06:41:41Z,88.0,Versa 4
2026-05-21T06:41:44Z,88.0,Versa 4
2026-05-21T06:41:47Z,88.0,Versa 4
2026-05-21T06:41:49Z,88.0,Versa 4
2026-05-21T06:41:51Z,88.0,Versa 4
2026-05-21T06:41:54Z,88.0,Versa 4
2026-05-21T06:41:57Z,88.0,Versa 4
2026-05-21T06:41:59Z,89.0,Versa 4
2026-05-21T06:42:01Z,90.0,Versa 4
2026-05-21T06:42:04Z,90.0,Versa 4
2026-05-21T06:42:05Z,89.0,Versa 4
2026-05-21T06:42:06Z,88.0,Versa 4
2026-05-21T06:42:08Z,88.0,Versa 4
2026-05-21T06:42:11Z,88.0,Versa 4
2026-05-21T06:42:12Z,88.0,Versa 4
2026-05-21T06:42:15Z,88.0,Versa 4
2026-05-21T06:42:18Z,88.0,Versa 4
2026-05-21T06:42:20Z,89.0,Versa 4
2026-05-21T06:42:23Z,89.0,Versa 4
2026-05-21T06:42:24Z,90.0,Versa 4
2026-05-21T06:42:27Z,90.0,Versa 4
2026-05-21T06:42:28Z,89.0,Versa 4
2026-05-21T06:42:31Z,90.0,Versa 4
2026-05-21T06:42:34Z,90.0,Versa 4
2026-05-21T06:42:37Z,90.0,Versa 4
2026-05-21T06:42:40Z,90.0,Versa 4
2026-05-21T06:42:43Z,90.0,Versa 4
2026-05-21T06:42:45Z,91.0,Versa 4
2026-05-21T06:42:47Z,93.0,Versa 4
2026-05-21T06:42:50Z,93.0,Versa 4
2026-05-21T06:42:53Z,91.0,Versa 4
2026-05-21T06:42:54Z,90.0,Versa 4
2026-05-21T06:42:56Z,88.0,Versa 4
2026-05-21T06:42:58Z,87.0,Versa 4
2026-05-21T06:43:01Z,87.0,Versa 4
2026-05-21T06:43:02Z,89.0,Versa 4
2026-05-21T06:43:04Z,90.0,Versa 4
2026-05-21T06:43:07Z,90.0,Versa 4
2026-05-21T06:43:10Z,89.0,Versa 4
2026-05-21T06:43:12Z,88.0,Versa 4
2026-05-21T06:43:14Z,87.0,Versa 4
2026-05-21T06:43:16Z,88.0,Versa 4
2026-05-21T06:43:17Z,89.0,Versa 4
2026-05-21T06:43:19Z,88.0,Versa 4
2026-05-21T06:43:21Z,87.0,Versa 4
2026-05-21T06:43:23Z,86.0,Versa 4
2026-05-21T06:43:25Z,87.0,Versa 4
2026-05-21T06:43:27Z,88.0,Versa 4
2026-05-21T06:43:30Z,88.0,Versa 4
2026-05-21T06:43:31Z,89.0,Versa 4
2026-05-21T06:43:34Z,89.0,Versa 4
2026-05-21T06:43:37Z,90.0,Versa 4
2026-05-21T06:43:40Z,90.0,Versa 4
2026-05-21T06:43:43Z,90.0,Versa 4
2026-05-21T06:43:44Z,91.0,Versa 4
2026-05-21T06:43:46Z,92.0,Versa 4
2026-05-21T06:43:48Z,91.0,Versa 4
2026-05-21T06:43:50Z,93.0,Versa 4
2026-05-21T06:43:52Z,96.0,Versa 4
2026-05-21T06:43:54Z,99.0,Versa 4
2026-05-21T06:43:57Z,99.0,Versa 4
2026-05-21T06:43:58Z,101.0,Versa 4
2026-05-21T06:44:01Z,101.0,Versa 4
2026-05-21T06:44:04Z,101.0,Versa 4
2026-05-21T06:44:05Z,100.0,Versa 4
2026-05-21T06:44:07Z,101.0,Versa 4
2026-05-21T06:44:09Z,101.0,Versa 4
2026-05-21T06:44:11Z,102.0,Versa 4
2026-05-21T06:44:13Z,101.0,Versa 4
2026-05-21T06:44:16Z,101.0,Versa 4
2026-05-21T06:44:17Z,102.0,Versa 4
2026-05-21T06:44:19Z,103.0,Versa 4
2026-05-21T06:44:21Z,105.0,Versa 4
2026-05-21T06:44:24Z,105.0,Versa 4
2026-05-21T06:44:27Z,106.0,Versa 4
2026-05-21T06:44:29Z,106.0,Versa 4
2026-05-21T06:44:31Z,106.0,Versa 4
2026-05-21T06:44:33Z,109.0,Versa 4
2026-05-21T06:44:34Z,107.0,Versa 4
2026-05-21T06:44:36Z,108.0,Versa 4
2026-05-21T06:44:39Z,108.0,Versa 4
2026-05-21T06:44:40Z,110.0,Versa 4
2026-05-21T06:44:42Z,109.0,Versa 4
2026-05-21T06:44:44Z,112.0,Versa 4
2026-05-21T06:44:47Z,112.0,Versa 4
2026-05-21T06:44:48Z,113.0,Versa 4
2026-05-21T06:44:50Z,115.0,Versa 4
2026-05-21T06:44:52Z,119.0,Versa 4
2026-05-21T06:44:55Z,119.0,Versa 4
2026-05-21T06:44:56Z,118.0,Versa 4
2026-05-21T06:44:58Z,121.0,Versa 4
2026-05-21T06:44:59Z,122.0,Versa 4
2026-05-21T06:45:01Z,124.0,Versa 4
2026-05-21T06:45:03Z,122.0,Versa 4
2026-05-21T06:45:05Z,124.0,Versa 4
2026-05-21T06:45:07Z,128.0,Versa 4
2026-05-21T06:45:09Z,129.0,Versa 4
2026-05-21T06:45:12Z,129.0,Versa 4
2026-05-21T06:45:13Z,131.0,Versa 4
2026-05-21T06:45:15Z,129.0,Versa 4
2026-05-21T06:45:17Z,127.0,Versa 4
2026-05-21T06:45:19Z,131.0,Versa 4
2026-05-21T06:45:21Z,129.0,Versa 4
2026-05-21T06:45:22Z,127.0,Versa 4
2026-05-21T06:45:24Z,126.0,Versa 4
2026-05-21T06:45:27Z,126.0,Versa 4
2026-05-21T06:45:30Z,128.0,Versa 4
2026-05-21T06:45:32Z,129.0,Versa 4
2026-05-21T06:45:34Z,130.0,Versa 4
2026-05-21T06:45:36Z,128.0,Versa 4
2026-05-21T06:45:38Z,129.0,Versa 4
2026-05-21T06:45:40Z,128.0,Versa 4
2026-05-21T06:45:42Z,127.0,Versa 4
2026-05-21T06:45:44Z,124.0,Versa 4
2026-05-21T06:45:46Z,125.0,Versa 4
2026-05-21T06:45:47Z,126.0,Versa 4
2026-05-21T06:45:49Z,127.0,Versa 4
2026-05-21T06:45:52Z,127.0,Versa 4
2026-05-21T06:45:55Z,128.0,Versa 4
2026-05-21T06:45:57Z,129.0,Versa 4
2026-05-21T06:45:59Z,130.0,Versa 4
2026-05-21T06:46:01Z,129.0,Versa 4
2026-05-21T06:46:03Z,126.0,Versa 4
2026-05-21T06:46:05Z,125.0,Versa 4
2026-05-21T06:46:07Z,123.0,Versa 4
2026-05-21T06:46:09Z,122.0,Versa 4
2026-05-21T06:46:11Z,123.0,Versa 4
2026-05-21T06:46:13Z,124.0,Versa 4
2026-05-21T06:46:16Z,124.0,Versa 4
2026-05-21T06:46:19Z,124.0,Versa 4
2026-05-21T06:46:21Z,123.0,Versa 4
2026-05-21T06:46:24Z,123.0,Versa 4
2026-05-21T06:46:27Z,123.0,Versa 4
2026-05-21T06:46:28Z,122.0,Versa 4
2026-05-21T06:46:30Z,123.0,Versa 4
2026-05-21T06:46:32Z,122.0,Versa 4
2026-05-21T06:46:34Z,123.0,Versa 4
2026-05-21T06:46:36Z,124.0,Versa 4
2026-05-21T06:46:38Z,123.0,Versa 4
2026-05-21T06:46:40Z,124.0,Versa 4
2026-05-21T06:46:42Z,123.0,Versa 4
2026-05-21T06:46:44Z,122.0,Versa 4
2026-05-21T06:46:47Z,122.0,Versa 4
2026-05-21T06:46:50Z,122.0,Versa 4
2026-05-21T06:46:51Z,123.0,Versa 4
2026-05-21T06:46:53Z,121.0,Versa 4
2026-05-21T06:46:56Z,121.0,Versa 4
2026-05-21T06:46:59Z,120.0,Versa 4
2026-05-21T06:47:01Z,121.0,Versa 4
2026-05-21T06:47:04Z,121.0,Versa 4
2026-05-21T06:47:05Z,122.0,Versa 4
2026-05-21T06:47:07Z,121.0,Versa 4
2026-05-21T06:47:09Z,121.0,Versa 4
2026-05-21T06:47:11Z,120.0,Versa 4
2026-05-21T06:47:13Z,123.0,Versa 4
2026-05-21T06:47:16Z,122.0,Versa 4
2026-05-21T06:47:18Z,123.0,Versa 4
2026-05-21T06:47:21Z,123.0,Versa 4
2026-05-21T06:47:22Z,122.0,Versa 4
2026-05-21T06:47:24Z,123.0,Versa 4
2026-05-21T06:47:27Z,123.0,Versa 4
2026-05-21T06:47:30Z,124.0,Versa 4
2026-05-21T06:47:32Z,126.0,Versa 4
2026-05-21T06:47:35Z,126.0,Versa 4
2026-05-21T06:47:36Z,129.0,Versa 4
2026-05-21T06:47:38Z,128.0,Versa 4
2026-05-21T06:47:39Z,126.0,Versa 4
2026-05-21T06:47:42Z,126.0,Versa 4
2026-05-21T06:47:43Z,125.0,Versa 4
2026-05-21T06:47:46Z,125.0,Versa 4
2026-05-21T06:47:47Z,126.0,Versa 4
2026-05-21T06:47:50Z,126.0,Versa 4
2026-05-21T06:47:53Z,129.0,Versa 4
2026-05-21T06:47:56Z,129.0,Versa 4
2026-05-21T06:47:57Z,131.0,Versa 4
2026-05-21T06:48:00Z,131.0,Versa 4
2026-05-21T06:48:01Z,130.0,Versa 4
2026-05-21T06:48:04Z,130.0,Versa 4
2026-05-21T06:48:06Z,129.0,Versa 4
2026-05-21T06:48:08Z,130.0,Versa 4
2026-05-21T06:48:10Z,131.0,Versa 4
2026-05-21T06:48:12Z,129.0,Versa 4
2026-05-21T06:48:15Z,129.0,Versa 4
2026-05-21T06:48:16Z,132.0,Versa 4
2026-05-21T06:48:18Z,136.0,Versa 4
2026-05-21T06:48:20Z,137.0,Versa 4
2026-05-21T06:48:23Z,137.0,Versa 4
2026-05-21T06:48:26Z,136.0,Versa 4
2026-05-21T06:48:29Z,136.0,Versa 4
2026-05-21T06:48:31Z,141.0,Versa 4
2026-05-21T06:48:34Z,141.0,Versa 4
2026-05-21T06:48:35Z,142.0,Versa 4
2026-05-21T06:48:37Z,142.0,Versa 4
2026-05-21T06:48:40Z,142.0,Versa 4
2026-05-21T06:48:43Z,140.0,Versa 4
2026-05-21T06:48:45Z,138.0,Versa 4
2026-05-21T06:48:48Z,138.0,Versa 4
2026-05-21T06:48:49Z,137.0,Versa 4
2026-05-21T06:48:50Z,140.0,Versa 4
2026-05-21T06:48:52Z,138.0,Versa 4
2026-05-21T06:48:54Z,134.0,Versa 4
2026-05-21T06:48:56Z,130.0,Versa 4
2026-05-21T06:48:58Z,132.0,Versa 4
2026-05-21T06:49:00Z,135.0,Versa 4
2026-05-21T06:49:02Z,134.0,Versa 4
2026-05-21T06:49:04Z,135.0,Versa 4
2026-05-21T06:49:06Z,134.0,Versa 4
2026-05-21T06:49:08Z,133.0,Versa 4
2026-05-21T06:49:10Z,135.0,Versa 4
2026-05-21T06:49:12Z,133.0,Versa 4
2026-05-21T06:49:14Z,131.0,Versa 4
2026-05-21T06:49:15Z,133.0,Versa 4
2026-05-21T06:49:18Z,133.0,Versa 4
2026-05-21T06:49:19Z,131.0,Versa 4
2026-05-21T06:49:22Z,131.0,Versa 4
2026-05-21T06:49:23Z,130.0,Versa 4
2026-05-21T06:49:25Z,128.0,Versa 4
2026-05-21T06:49:27Z,130.0,Versa 4
2026-05-21T06:49:29Z,129.0,Versa 4
2026-05-21T06:49:31Z,111.0,Versa 4
2026-05-21T06:49:33Z,110.0,Versa 4
2026-05-21T06:49:35Z,108.0,Versa 4
2026-05-21T06:49:37Z,104.0,Versa 4
2026-05-21T06:49:38Z,101.0,Versa 4
2026-05-21T06:49:40Z,102.0,Versa 4
2026-05-21T06:49:42Z,102.0,Versa 4
2026-05-21T06:49:45Z,102.0,Versa 4
2026-05-21T06:49:48Z,100.0,Versa 4
2026-05-21T06:49:50Z,100.0,Versa 4
2026-05-21T06:49:52Z,99.0,Versa 4
2026-05-21T06:49:54Z,100.0,Versa 4
2026-05-21T06:49:56Z,100.0,Versa 4
2026-05-21T06:49:58Z,102.0,Versa 4
2026-05-21T06:50:00Z,101.0,Versa 4
2026-05-21T06:50:02Z,100.0,Versa 4
2026-05-21T06:50:03Z,97.0,Versa 4
2026-05-21T06:50:05Z,95.0,Versa 4
2026-05-21T06:50:07Z,96.0,Versa 4
2026-05-21T06:50:10Z,96.0,Versa 4
2026-05-21T06:50:13Z,94.0,Versa 4
2026-05-21T06:50:15Z,91.0,Versa 4
2026-05-21T06:50:17Z,94.0,Versa 4
2026-05-21T06:50:19Z,98.0,Versa 4
2026-05-21T06:50:21Z,97.0,Versa 4
2026-05-21T06:50:23Z,96.0,Versa 4
2026-05-21T06:50:26Z,95.0,Versa 4
2026-05-21T06:50:28Z,97.0,Versa 4
2026-05-21T06:50:30Z,98.0,Versa 4
2026-05-21T06:50:32Z,95.0,Versa 4
2026-05-21T06:50:34Z,96.0,Versa 4
2026-05-21T06:50:36Z,99.0,Versa 4
2026-05-21T06:50:38Z,100.0,Versa 4
2026-05-21T06:50:40Z,97.0,Versa 4
2026-05-21T06:50:42Z,96.0,Versa 4
2026-05-21T06:50:44Z,93.0,Versa 4
2026-05-21T06:50:46Z,94.0,Versa 4
2026-05-21T06:50:48Z,95.0,Versa 4
2026-05-21T06:50:50Z,95.0,Versa 4
2026-05-21T06:50:51Z,92.0,Versa 4
2026-05-21T06:50:53Z,90.0,Versa 4
2026-05-21T06:50:56Z,90.0,Versa 4
2026-05-21T06:50:59Z,91.0,Versa 4
2026-05-21T06:51:01Z,92.0,Versa 4
2026-05-21T06:51:03Z,94.0,Versa 4
2026-05-21T06:51:06Z,94.0,Versa 4
2026-05-21T06:51:09Z,93.0,Versa 4
2026-05-21T06:51:11Z,90.0,Versa 4
2026-05-21T06:51:13Z,88.0,Versa 4
2026-05-21T06:51:14Z,90.0,Versa 4
2026-05-21T06:51:16Z,89.0,Versa 4
2026-05-21T06:51:18Z,90.0,Versa 4
2026-05-21T06:51:20Z,92.0,Versa 4
2026-05-21T06:51:23Z,92.0,Versa 4
2026-05-21T06:51:24Z,90.0,Versa 4
2026-05-21T06:51:26Z,91.0,Versa 4
2026-05-21T06:51:28Z,92.0,Versa 4
2026-05-21T06:51:30Z,91.0,Versa 4
2026-05-21T06:51:32Z,89.0,Versa 4
2026-05-21T06:51:34Z,86.0,Versa 4
2026-05-21T06:51:37Z,86.0,Versa 4
2026-05-21T06:51:39Z,87.0,Versa 4
2026-05-21T06:51:41Z,88.0,Versa 4
2026-05-21T06:51:43Z,87.0,Versa 4
2026-05-21T06:51:46Z,87.0,Versa 4
2026-05-21T06:51:47Z,88.0,Versa 4
2026-05-21T06:51:49Z,88.0,Versa 4
2026-05-21T06:51:52Z,88.0,Versa 4
2026-05-21T06:51:53Z,89.0,Versa 4
2026-05-21T06:51:55Z,91.0,Versa 4
2026-05-21T06:51:57Z,92.0,Versa 4
2026-05-21T06:52:00Z,92.0,Versa 4
2026-05-21T06:52:01Z,92.0,Versa 4
2026-05-21T06:52:02Z,90.0,Versa 4
2026-05-21T06:52:05Z,90.0,Versa 4
2026-05-21T06:52:06Z,91.0,Versa 4
2026-05-21T06:52:08Z,92.0,Versa 4
2026-05-21T06:52:10Z,90.0,Versa 4
2026-05-21T06:52:12Z,89.0,Versa 4
2026-05-21T06:52:14Z,90.0,Versa 4
2026-05-21T06:52:16Z,91.0,Versa 4
2026-05-21T06:52:18Z,90.0,Versa 4
2026-05-21T06:52:20Z,89.0,Versa 4
2026-05-21T06:52:22Z,87.0,Versa 4
2026-05-21T06:52:24Z,86.0,Versa 4
2026-05-21T06:52:27Z,86.0,Versa 4
2026-05-21T06:52:29Z,84.0,Versa 4
2026-05-21T06:52:31Z,83.0,Versa 4
2026-05-21T06:52:34Z,83.0,Versa 4
2026-05-21T06:52:35Z,84.0,Versa 4
2026-05-21T06:52:38Z,84.0,Versa 4
2026-05-21T06:52:39Z,86.0,Versa 4
2026-05-21T06:52:41Z,87.0,Versa 4
2026-05-21T06:52:43Z,89.0,Versa 4
2026-05-21T06:52:45Z,91.0,Versa 4
2026-05-21T06:52:47Z,92.0,Versa 4
2026-05-21T06:52:49Z,91.0,Versa 4
2026-05-21T06:52:51Z,91.0,Versa 4
2026-05-21T06:52:53Z,89.0,Versa 4
2026-05-21T06:52:55Z,88.0,Versa 4
2026-05-21T06:52:57Z,90.0,Versa 4
2026-05-21T06:53:00Z,89.0,Versa 4
2026-05-21T06:53:02Z,88.0,Versa 4
2026-05-21T06:53:04Z,86.0,Versa 4
2026-05-21T06:53:07Z,86.0,Versa 4
2026-05-21T06:53:08Z,87.0,Versa 4
2026-05-21T06:53:10Z,86.0,Versa 4
2026-05-21T06:53:13Z,86.0,Versa 4
2026-05-21T06:53:16Z,86.0,Versa 4
2026-05-21T06:53:19Z,86.0,Versa 4
2026-05-21T06:53:20Z,86.0,Versa 4
2026-05-21T06:53:22Z,85.0,Versa 4
2026-05-21T06:53:23Z,86.0,Versa 4
2026-05-21T06:53:25Z,87.0,Versa 4
2026-05-21T06:53:27Z,88.0,Versa 4
2026-05-21T06:53:29Z,87.0,Versa 4
2026-05-21T06:53:31Z,86.0,Versa 4
2026-05-21T06:53:33Z,84.0,Versa 4
2026-05-21T06:53:35Z,85.0,Versa 4
2026-05-21T06:53:37Z,86.0,Versa 4
2026-05-21T06:53:40Z,86.0,Versa 4
2026-05-21T06:53:41Z,84.0,Versa 4
2026-05-21T06:53:43Z,85.0,Versa 4
2026-05-21T06:53:46Z,84.0,Versa 4
2026-05-21T06:53:49Z,84.0,Versa 4
2026-05-21T06:53:52Z,84.0,Versa 4
2026-05-21T06:53:54Z,86.0,Versa 4
2026-05-21T06:53:57Z,86.0,Versa 4
2026-05-21T06:53:58Z,85.0,Versa 4
2026-05-21T06:54:00Z,86.0,Versa 4
2026-05-21T06:54:03Z,86.0,Versa 4
2026-05-21T06:54:04Z,87.0,Versa 4
2026-05-21T06:54:06Z,87.0,Versa 4
2026-05-21T06:54:08Z,88.0,Versa 4
2026-05-21T06:54:10Z,89.0,Versa 4
2026-05-21T06:54:11Z,90.0,Versa 4
2026-05-21T06:54:14Z,90.0,Versa 4
2026-05-21T06:54:15Z,89.0,Versa 4
2026-05-21T06:54:17Z,88.0,Versa 4
2026-05-21T06:54:20Z,88.0,Versa 4
2026-05-21T06:54:21Z,87.0,Versa 4
2026-05-21T06:54:23Z,86.0,Versa 4
2026-05-21T06:54:26Z,86.0,Versa 4
2026-05-21T06:54:29Z,86.0,Versa 4
2026-05-21T06:54:32Z,86.0,Versa 4
2026-05-21T06:54:33Z,85.0,Versa 4
2026-05-21T06:54:34Z,86.0,Versa 4
2026-05-21T06:54:37Z,86.0,Versa 4
2026-05-21T06:54:40Z,86.0,Versa 4
2026-05-21T06:54:43Z,86.0,Versa 4
2026-05-21T06:54:44Z,90.0,Versa 4
2026-05-21T06:54:46Z,92.0,Versa 4
2026-05-21T06:54:48Z,93.0,Versa 4
2026-05-21T06:54:50Z,91.0,Versa 4
2026-05-21T06:54:52Z,89.0,Versa 4
2026-05-21T06:54:54Z,90.0,Versa 4
2026-05-21T06:54:57Z,90.0,Versa 4
2026-05-21T06:54:58Z,88.0,Versa 4
2026-05-21T06:54:59Z,85.0,Versa 4
2026-05-21T06:55:02Z,85.0,Versa 4
2026-05-21T06:55:03Z,86.0,Versa 4
2026-05-21T06:55:06Z,86.0,Versa 4
2026-05-21T06:55:07Z,84.0,Versa 4
2026-05-21T06:55:09Z,83.0,Versa 4
2026-05-21T06:55:12Z,83.0,Versa 4
2026-05-21T06:55:13Z,84.0,Versa 4
2026-05-21T06:55:16Z,84.0,Versa 4
2026-05-21T06:55:17Z,83.0,Versa 4
2026-05-21T06:55:19Z,82.0,Versa 4
2026-05-21T06:55:21Z,83.0,Versa 4
2026-05-21T06:55:22Z,84.0,Versa 4
2026-05-21T06:55:25Z,84.0,Versa 4
2026-05-21T06:55:26Z,83.0,Versa 4
2026-05-21T06:55:28Z,82.0,Versa 4
2026-05-21T06:55:30Z,81.0,Versa 4
2026-05-21T06:55:32Z,82.0,Versa 4
2026-05-21T06:55:34Z,84.0,Versa 4
2026-05-21T06:55:37Z,84.0,Versa 4
2026-05-21T06:55:38Z,83.0,Versa 4
2026-05-21T06:55:40Z,84.0,Versa 4
2026-05-21T06:55:42Z,85.0,Versa 4
2026-05-21T06:55:44Z,84.0,Versa 4
2026-05-21T06:55:46Z,83.0,Versa 4
2026-05-21T06:55:47Z,82.0,Versa 4
2026-05-21T06:55:50Z,82.0,Versa 4
2026-05-21T06:55:53Z,83.0,Versa 4
2026-05-21T06:55:56Z,83.0,Versa 4
2026-05-21T06:55:57Z,84.0,Versa 4
2026-05-21T06:55:59Z,85.0,Versa 4
2026-05-21T06:56:02Z,85.0,Versa 4
2026-05-21T06:56:03Z,84.0,Versa 4
2026-05-21T06:56:05Z,83.0,Versa 4
2026-05-21T06:56:07Z,84.0,Versa 4
2026-05-21T06:56:09Z,84.0,Versa 4
2026-05-21T06:56:10Z,84.0,Versa 4
2026-05-21T06:56:12Z,83.0,Versa 4
2026-05-21T06:56:15Z,83.0,Versa 4
2026-05-21T06:56:16Z,84.0,Versa 4
2026-05-21T06:56:19Z,84.0,Versa 4
2026-05-21T06:56:20Z,84.0,Versa 4
2026-05-21T06:56:23Z,84.0,Versa 4
2026-05-21T06:56:24Z,85.0,Versa 4
2026-05-21T06:56:26Z,86.0,Versa 4
2026-05-21T06:56:28Z,86.0,Versa 4
2026-05-21T06:56:30Z,85.0,Versa 4
2026-05-21T06:56:33Z,85.0,Versa 4
2026-05-21T06:56:34Z,84.0,Versa 4
2026-05-21T06:56:37Z,84.0,Versa 4
2026-05-21T06:56:40Z,84.0,Versa 4
2026-05-21T06:56:43Z,84.0,Versa 4
2026-05-21T06:56:45Z,85.0,Versa 4
2026-05-21T06:56:47Z,86.0,Versa 4
2026-05-21T06:56:50Z,86.0,Versa 4
2026-05-21T06:56:53Z,87.0,Versa 4
2026-05-21T06:56:55Z,86.0,Versa 4
2026-05-21T06:56:58Z,88.0,Versa 4
2026-05-21T06:57:00Z,90.0,Versa 4
2026-05-21T06:57:02Z,91.0,Versa 4
2026-05-21T06:57:04Z,90.0,Versa 4
2026-05-21T06:57:06Z,88.0,Versa 4
2026-05-21T06:57:08Z,86.0,Versa 4
2026-05-21T06:57:10Z,87.0,Versa 4
2026-05-21T06:57:12Z,85.0,Versa 4
2026-05-21T06:57:14Z,83.0,Versa 4
2026-05-21T06:57:17Z,83.0,Versa 4
2026-05-21T06:57:20Z,83.0,Versa 4
2026-05-21T06:57:23Z,83.0,Versa 4
2026-05-21T06:57:25Z,85.0,Versa 4
2026-05-21T06:57:27Z,87.0,Versa 4
2026-05-21T06:57:30Z,87.0,Versa 4
2026-05-21T06:57:31Z,84.0,Versa 4
2026-05-21T06:57:34Z,84.0,Versa 4
2026-05-21T06:57:37Z,84.0,Versa 4
2026-05-21T06:57:39Z,85.0,Versa 4
2026-05-21T06:57:41Z,84.0,Versa 4
2026-05-21T06:57:43Z,83.0,Versa 4
2026-05-21T06:57:45Z,84.0,Versa 4
2026-05-21T06:57:46Z,85.0,Versa 4
2026-05-21T06:57:48Z,86.0,Versa 4
2026-05-21T06:57:50Z,87.0,Versa 4
2026-05-21T06:57:52Z,86.0,Versa 4
2026-05-21T06:57:54Z,88.0,Versa 4
2026-05-21T06:57:56Z,86.0,Versa 4
2026-05-21T06:57:58Z,84.0,Versa 4
2026-05-21T06:58:00Z,85.0,Versa 4
2026-05-21T06:58:02Z,87.0,Versa 4
2026-05-21T06:58:04Z,85.0,Versa 4
2026-05-21T06:58:06Z,84.0,Versa 4
2026-05-21T06:58:09Z,84.0,Versa 4
2026-05-21T06:58:10Z,84.0,Versa 4
2026-05-21T06:58:13Z,83.0,Versa 4
2026-05-21T06:58:16Z,83.0,Versa 4
2026-05-21T06:58:19Z,83.0,Versa 4
2026-05-21T06:58:22Z,83.0,Versa 4
2026-05-21T06:58:23Z,82.0,Versa 4
2026-05-21T06:58:26Z,82.0,Versa 4
2026-05-21T06:58:29Z,83.0,Versa 4
2026-05-21T06:58:31Z,82.0,Versa 4
2026-05-21T06:58:33Z,83.0,Versa 4
2026-05-21T06:58:34Z,82.0,Versa 4
2026-05-21T06:58:36Z,79.0,Versa 4
2026-05-21T06:58:38Z,80.0,Versa 4
2026-05-21T06:58:40Z,82.0,Versa 4
2026-05-21T06:58:43Z,82.0,Versa 4
2026-05-21T06:58:46Z,82.0,Versa 4
2026-05-21T06:58:49Z,82.0,Versa 4
2026-05-21T06:58:50Z,83.0,Versa 4
2026-05-21T06:58:53Z,83.0,Versa 4
2026-05-21T06:58:54Z,84.0,Versa 4
2026-05-21T06:58:57Z,84.0,Versa 4
2026-05-21T06:59:00Z,84.0,Versa 4
2026-05-21T06:59:01Z,85.0,Versa 4
2026-05-21T06:59:03Z,86.0,Versa 4
2026-05-21T06:59:05Z,87.0,Versa 4
2026-05-21T06:59:08Z,87.0,Versa 4
2026-05-21T06:59:11Z,86.0,Versa 4
2026-05-21T06:59:13Z,85.0,Versa 4
2026-05-21T06:59:15Z,84.0,Versa 4
2026-05-21T06:59:18Z,84.0,Versa 4
2026-05-21T06:59:19Z,85.0,Versa 4
2026-05-21T06:59:21Z,84.0,Versa 4
2026-05-21T06:59:24Z,82.0,Versa 4
2026-05-21T06:59:26Z,83.0,Versa 4
2026-05-21T06:59:28Z,84.0,Versa 4
2026-05-21T06:59:31Z,84.0,Versa 4
2026-05-21T06:59:34Z,84.0,Versa 4
2026-05-21T06:59:36Z,86.0,Versa 4
2026-05-21T06:59:38Z,87.0,Versa 4
2026-05-21T06:59:40Z,88.0,Versa 4
2026-05-21T06:59:42Z,86.0,Versa 4
2026-05-21T06:59:44Z,85.0,Versa 4
2026-05-21T06:59:45Z,86.0,Versa 4
2026-05-21T06:59:48Z,86.0,Versa 4
2026-05-21T06:59:51Z,85.0,Versa 4
2026-05-21T06:59:54Z,85.0,Versa 4
2026-05-21T06:59:57Z,86.0,Versa 4
2026-05-21T06:59:59Z,85.0,Versa 4
2026-05-21T07:00:01Z,84.0,Versa 4
2026-05-21T07:00:04Z,84.0,Versa 4
2026-05-21T07:00:05Z,83.0,Versa 4
2026-05-21T07:00:08Z,83.0,Versa 4
2026-05-21T07:00:09Z,82.0,Versa 4
2026-05-21T07:00:10Z,82.0,Versa 4
2026-05-21T07:00:12Z,81.0,Versa 4
2026-05-21T07:00:14Z,82.0,Versa 4
2026-05-21T07:00:16Z,85.0,Versa 4
2026-05-21T07:00:18Z,86.0,Versa 4
2026-05-21T07:00:20Z,84.0,Versa 4
2026-05-21T07:00:22Z,83.0,Versa 4
2026-05-21T07:00:24Z,82.0,Versa 4
2026-05-21T07:00:27Z,82.0,Versa 4
2026-05-21T07:00:28Z,83.0,Versa 4
2026-05-21T07:00:30Z,84.0,Versa 4
2026-05-21T07:00:32Z,86.0,Versa 4
2026-05-21T07:00:33Z,87.0,Versa 4
2026-05-21T07:00:35Z,89.0,Versa 4
2026-05-21T07:00:37Z,88.0,Versa 4
2026-05-21T07:00:40Z,88.0,Versa 4
2026-05-21T07:00:41Z,86.0,Versa 4
2026-05-21T07:00:43Z,85.0,Versa 4
2026-05-21T07:00:46Z,85.0,Versa 4
2026-05-21T07:00:47Z,84.0,Versa 4
2026-05-21T07:00:50Z,84.0,Versa 4
2026-05-21T07:00:53Z,84.0,Versa 4
2026-05-21T07:00:56Z,84.0,Versa 4
2026-05-21T07:00:58Z,82.0,Versa 4
2026-05-21T07:01:00Z,84.0,Versa 4
2026-05-21T07:01:02Z,85.0,Versa 4
2026-05-21T07:01:05Z,85.0,Versa 4
2026-05-21T07:01:08Z,84.0,Versa 4
2026-05-21T07:01:10Z,84.0,Versa 4
2026-05-21T07:01:13Z,84.0,Versa 4
2026-05-21T07:01:14Z,84.0,Versa 4
2026-05-21T07:01:16Z,83.0,Versa 4
2026-05-21T07:01:18Z,82.0,Versa 4
2026-05-21T07:01:21Z,83.0,Versa 4
2026-05-21T07:01:23Z,84.0,Versa 4
2026-05-21T07:01:26Z,84.0,Versa 4
2026-05-21T07:01:27Z,83.0,Versa 4
2026-05-21T07:01:29Z,82.0,Versa 4
2026-05-21T07:01:32Z,82.0,Versa 4
2026-05-21T07:01:35Z,82.0,Versa 4
2026-05-21T07:01:37Z,81.0,Versa 4
2026-05-21T07:01:39Z,82.0,Versa 4
2026-05-21T07:01:41Z,85.0,Versa 4
2026-05-21T07:01:44Z,85.0,Versa 4
2026-05-21T07:01:46Z,84.0,Versa 4
2026-05-21T07:01:49Z,84.0,Versa 4
2026-05-21T07:01:50Z,85.0,Versa 4
2026-05-21T07:01:53Z,85.0,Versa 4
2026-05-21T07:01:54Z,84.0,Versa 4
2026-05-21T07:01:56Z,83.0,Versa 4
2026-05-21T07:01:59Z,83.0,Versa 4
2026-05-21T07:02:00Z,85.0,Versa 4
2026-05-21T07:02:03Z,85.0,Versa 4
2026-05-21T07:02:04Z,86.0,Versa 4
2026-05-21T07:02:07Z,86.0,Versa 4
2026-05-21T07:02:08Z,85.0,Versa 4
2026-05-21T07:02:11Z,86.0,Versa 4
2026-05-21T07:02:13Z,87.0,Versa 4
2026-05-21T07:02:15Z,86.0,Versa 4
2026-05-21T07:02:17Z,85.0,Versa 4
2026-05-21T07:02:19Z,86.0,Versa 4
2026-05-21T07:02:21Z,88.0,Versa 4
2026-05-21T07:02:24Z,88.0,Versa 4
2026-05-21T07:02:25Z,85.0,Versa 4
2026-05-21T07:02:27Z,82.0,Versa 4
2026-05-21T07:02:29Z,83.0,Versa 4
2026-05-21T07:02:31Z,86.0,Versa 4
2026-05-21T07:02:33Z,88.0,Versa 4
2026-05-21T07:02:34Z,88.0,Versa 4
2026-05-21T07:02:36Z,87.0,Versa 4
2026-05-21T07:02:39Z,87.0,Versa 4
2026-05-21T07:02:40Z,89.0,Versa 4
2026-05-21T07:02:42Z,86.0,Versa 4
2026-05-21T07:02:44Z,84.0,Versa 4
2026-05-21T07:02:46Z,81.0,Versa 4
2026-05-21T07:02:49Z,81.0,Versa 4
2026-05-21T07:02:50Z,82.0,Versa 4
2026-05-21T07:02:53Z,82.0,Versa 4
2026-05-21T07:02:56Z,81.0,Versa 4
2026-05-21T07:02:57Z,82.0,Versa 4
2026-05-21T07:03:00Z,82.0,Versa 4
2026-05-21T07:03:03Z,82.0,Versa 4
2026-05-21T07:03:05Z,82.0,Versa 4
2026-05-21T07:03:07Z,84.0,Versa 4
2026-05-21T07:03:10Z,84.0,Versa 4
2026-05-21T07:03:13Z,82.0,Versa 4
2026-05-21T07:03:16Z,82.0,Versa 4
2026-05-21T07:03:19Z,83.0,Versa 4
2026-05-21T07:03:21Z,84.0,Versa 4
2026-05-21T07:03:22Z,83.0,Versa 4
2026-05-21T07:03:24Z,84.0,Versa 4
2026-05-21T07:03:27Z,84.0,Versa 4
2026-05-21T07:03:28Z,86.0,Versa 4
2026-05-21T07:03:30Z,87.0,Versa 4
2026-05-21T07:03:32Z,87.0,Versa 4
2026-05-21T07:03:34Z,86.0,Versa 4
2026-05-21T07:03:36Z,85.0,Versa 4
2026-05-21T07:03:38Z,84.0,Versa 4
2026-05-21T07:03:40Z,84.0,Versa 4
2026-05-21T07:03:42Z,82.0,Versa 4
2026-05-21T07:03:45Z,82.0,Versa 4
2026-05-21T07:03:48Z,82.0,Versa 4
2026-05-21T07:03:51Z,82.0,Versa 4
2026-05-21T07:03:53Z,83.0,Versa 4
2026-05-21T07:03:55Z,82.0,Versa 4
2026-05-21T07:03:57Z,83.0,Versa 4
2026-05-21T07:03:59Z,84.0,Versa 4
2026-05-21T07:04:02Z,84.0,Versa 4
2026-05-21T07:04:03Z,85.0,Versa 4
2026-05-21T07:04:05Z,85.0,Versa 4
2026-05-21T07:04:07Z,82.0,Versa 4
2026-05-21T07:04:09Z,81.0,Versa 4
2026-05-21T07:04:12Z,82.0,Versa 4
2026-05-21T07:04:14Z,83.0,Versa 4
2026-05-21T07:04:16Z,84.0,Versa 4
2026-05-21T07:04:19Z,84.0,Versa 4
2026-05-21T07:04:20Z,85.0,Versa 4
2026-05-21T07:04:22Z,86.0,Versa 4
2026-05-21T07:04:25Z,86.0,Versa 4
2026-05-21T07:04:28Z,86.0,Versa 4
2026-05-21T07:04:31Z,86.0,Versa 4
2026-05-21T07:04:34Z,86.0,Versa 4
2026-05-21T07:04:35Z,87.0,Versa 4
2026-05-21T07:04:38Z,87.0,Versa 4
2026-05-21T07:04:39Z,86.0,Versa 4
2026-05-21T07:04:42Z,86.0,Versa 4
2026-05-21T07:04:45Z,89.0,Versa 4
2026-05-21T07:04:47Z,91.0,Versa 4
2026-05-21T07:04:49Z,90.0,Versa 4
2026-05-21T07:04:51Z,88.0,Versa 4
2026-05-21T07:04:53Z,86.0,Versa 4
2026-05-21T07:04:56Z,86.0,Versa 4
2026-05-21T07:04:57Z,88.0,Versa 4
2026-05-21T07:04:58Z,87.0,Versa 4
2026-05-21T07:05:00Z,84.0,Versa 4
2026-05-21T07:05:03Z,84.0,Versa 4
2026-05-21T07:05:04Z,85.0,Versa 4
2026-05-21T07:05:06Z,86.0,Versa 4
2026-05-21T07:05:09Z,86.0,Versa 4
2026-05-21T07:05:12Z,86.0,Versa 4
2026-05-21T07:05:15Z,86.0,Versa 4
2026-05-21T07:05:18Z,86.0,Versa 4
2026-05-21T07:05:21Z,86.0,Versa 4
2026-05-21T07:05:24Z,86.0,Versa 4
2026-05-21T07:05:25Z,85.0,Versa 4
2026-05-21T07:05:27Z,84.0,Versa 4
2026-05-21T07:05:29Z,82.0,Versa 4
2026-05-21T07:05:31Z,83.0,Versa 4
2026-05-21T07:05:34Z,83.0,Versa 4
2026-05-21T07:05:35Z,84.0,Versa 4
2026-05-21T07:05:37Z,83.0,Versa 4
2026-05-21T07:05:39Z,82.0,Versa 4
2026-05-21T07:05:41Z,84.0,Versa 4
2026-05-21T07:05:44Z,84.0,Versa 4
2026-05-21T07:05:47Z,84.0,Versa 4
2026-05-21T07:05:48Z,82.0,Versa 4
2026-05-21T07:05:50Z,83.0,Versa 4
2026-05-21T07:05:52Z,84.0,Versa 4
2026-05-21T07:05:55Z,84.0,Versa 4
2026-05-21T07:05:58Z,85.0,Versa 4
2026-05-21T07:06:00Z,86.0,Versa 4
2026-05-21T07:06:02Z,89.0,Versa 4
2026-05-21T07:06:04Z,91.0,Versa 4
2026-05-21T07:06:06Z,91.0,Versa 4
2026-05-21T07:06:08Z,90.0,Versa 4
2026-05-21T07:06:09Z,92.0,Versa 4
2026-05-21T07:06:12Z,92.0,Versa 4
2026-05-21T07:06:13Z,90.0,Versa 4
2026-05-21T07:06:15Z,88.0,Versa 4
2026-05-21T07:06:18Z,88.0,Versa 4
2026-05-21T07:06:19Z,86.0,Versa 4
2026-05-21T07:06:21Z,84.0,Versa 4
2026-05-21T07:06:24Z,84.0,Versa 4
2026-05-21T07:06:25Z,83.0,Versa 4
2026-05-21T07:06:27Z,84.0,Versa 4
2026-05-21T07:06:29Z,84.0,Versa 4
2026-05-21T07:06:31Z,84.0,Versa 4
2026-05-21T07:06:33Z,85.0,Versa 4
2026-05-21T07:06:34Z,86.0,Versa 4
2026-05-21T07:06:36Z,87.0,Versa 4
2026-05-21T07:06:39Z,87.0,Versa 4
2026-05-21T07:06:40Z,87.0,Versa 4
2026-05-21T07:06:42Z,86.0,Versa 4
2026-05-21T07:06:44Z,84.0,Versa 4
2026-05-21T07:06:47Z,84.0,Versa 4
2026-05-21T07:06:50Z,84.0,Versa 4
2026-05-21T07:06:53Z,84.0,Versa 4
2026-05-21T07:06:56Z,84.0,Versa 4
2026-05-21T07:06:57Z,85.0,Versa 4
2026-05-21T07:07:00Z,85.0,Versa 4
2026-05-21T07:07:01Z,84.0,Versa 4
2026-05-21T07:07:04Z,84.0,Versa 4
2026-05-21T07:07:05Z,85.0,Versa 4
2026-05-21T07:07:07Z,86.0,Versa 4
2026-05-21T07:07:10Z,86.0,Versa 4
2026-05-21T07:07:11Z,85.0,Versa 4
2026-05-21T07:07:13Z,84.0,Versa 4
2026-05-21T07:07:15Z,85.0,Versa 4
2026-05-21T07:07:17Z,86.0,Versa 4
2026-05-21T07:07:19Z,85.0,Versa 4
2026-05-21T07:07:21Z,84.0,Versa 4
2026-05-21T07:07:24Z,84.0,Versa 4
2026-05-21T07:07:26Z,84.0,Versa 4
2026-05-21T07:07:29Z,84.0,Versa 4
2026-05-21T07:07:30Z,85.0,Versa 4
2026-05-21T07:07:32Z,84.0,Versa 4
2026-05-21T07:07:34Z,85.0,Versa 4
2026-05-21T07:07:36Z,86.0,Versa 4
2026-05-21T07:07:38Z,85.0,Versa 4
2026-05-21T07:07:40Z,86.0,Versa 4
2026-05-21T07:07:42Z,88.0,Versa 4
2026-05-21T07:07:44Z,90.0,Versa 4
2026-05-21T07:07:45Z,91.0,Versa 4
2026-05-21T07:07:47Z,90.0,Versa 4
2026-05-21T07:07:49Z,88.0,Versa 4
2026-05-21T07:07:51Z,87.0,Versa 4
2026-05-21T07:07:53Z,86.0,Versa 4
2026-05-21T07:07:55Z,87.0,Versa 4
2026-05-21T07:07:57Z,85.0,Versa 4
2026-05-21T07:07:59Z,84.0,Versa 4
2026-05-21T07:08:01Z,83.0,Versa 4
2026-05-21T07:08:03Z,84.0,Versa 4
2026-05-21T07:08:06Z,84.0,Versa 4
2026-05-21T07:08:07Z,85.0,Versa 4
2026-05-21T07:08:09Z,86.0,Versa 4
2026-05-21T07:08:12Z,86.0,Versa 4
2026-05-21T07:08:14Z,87.0,Versa 4
2026-05-21T07:08:16Z,85.0,Versa 4
2026-05-21T07:08:19Z,85.0,Versa 4
2026-05-21T07:08:22Z,84.0,Versa 4
2026-05-21T07:08:25Z,84.0,Versa 4
2026-05-21T07:08:26Z,86.0,Versa 4
2026-05-21T07:08:28Z,85.0,Versa 4
2026-05-21T07:08:30Z,84.0,Versa 4
2026-05-21T07:08:33Z,85.0,Versa 4
2026-05-21T07:08:35Z,87.0,Versa 4
2026-05-21T07:08:38Z,87.0,Versa 4
2026-05-21T07:08:39Z,85.0,Versa 4
2026-05-21T07:08:41Z,84.0,Versa 4
2026-05-21T07:08:43Z,83.0,Versa 4
2026-05-21T07:08:46Z,83.0,Versa 4
2026-05-21T07:08:49Z,82.0,Versa 4
2026-05-21T07:08:52Z,82.0,Versa 4
2026-05-21T07:08:55Z,83.0,Versa 4
2026-05-21T07:08:57Z,83.0,Versa 4
2026-05-21T07:09:00Z,82.0,Versa 4
2026-05-21T07:09:03Z,82.0,Versa 4
2026-05-21T07:09:04Z,84.0,Versa 4
2026-05-21T07:09:07Z,84.0,Versa 4
2026-05-21T07:09:08Z,85.0,Versa 4
2026-05-21T07:09:10Z,86.0,Versa 4
2026-05-21T07:09:12Z,87.0,Versa 4
2026-05-21T07:09:14Z,88.0,Versa 4
2026-05-21T07:09:16Z,87.0,Versa 4
2026-05-21T07:09:18Z,86.0,Versa 4
2026-05-21T07:09:21Z,87.0,Versa 4
2026-05-21T07:09:23Z,89.0,Versa 4
2026-05-21T07:09:26Z,89.0,Versa 4
2026-05-21T07:09:27Z,86.0,Versa 4
2026-05-21T07:09:29Z,84.0,Versa 4
2026-05-21T07:09:31Z,83.0,Versa 4
2026-05-21T07:09:33Z,82.0,Versa 4
2026-05-21T07:09:35Z,83.0,Versa 4
2026-05-21T07:09:37Z,84.0,Versa 4
2026-05-21T07:09:40Z,84.0,Versa 4
2026-05-21T07:09:43Z,84.0,Versa 4
2026-05-21T07:09:45Z,86.0,Versa 4
2026-05-21T07:09:46Z,88.0,Versa 4
2026-05-21T07:09:48Z,87.0,Versa 4
2026-05-21T07:09:50Z,86.0,Versa 4
2026-05-21T07:09:53Z,86.0,Versa 4
2026-05-21T07:09:54Z,86.0,Versa 4
2026-05-21T07:09:57Z,86.0,Versa 4
2026-05-21T07:10:00Z,85.0,Versa 4
2026-05-21T07:10:03Z,85.0,Versa 4
2026-05-21T07:10:04Z,86.0,Versa 4
2026-05-21T07:10:06Z,85.0,Versa 4
2026-05-21T07:10:08Z,84.0,Versa 4
2026-05-21T07:10:11Z,84.0,Versa 4
2026-05-21T07:10:14Z,84.0,Versa 4
2026-05-21T07:10:15Z,85.0,Versa 4
2026-05-21T07:10:17Z,84.0,Versa 4
2026-05-21T07:10:19Z,83.0,Versa 4
2026-05-21T07:10:22Z,83.0,Versa 4
2026-05-21T07:10:23Z,84.0,Versa 4
2026-05-21T07:10:26Z,84.0,Versa 4
2026-05-21T07:10:27Z,82.0,Versa 4
2026-05-21T07:10:30Z,82.0,Versa 4
2026-05-21T07:10:33Z,82.0,Versa 4
2026-05-21T07:10:36Z,82.0,Versa 4
2026-05-21T07:10:39Z,82.0,Versa 4
2026-05-21T07:10:40Z,84.0,Versa 4
2026-05-21T07:10:43Z,84.0,Versa 4
2026-05-21T07:10:46Z,84.0,Versa 4
2026-05-21T07:10:49Z,84.0,Versa 4
2026-05-21T07:10:52Z,84.0,Versa 4
2026-05-21T07:10:55Z,84.0,Versa 4
2026-05-21T07:10:56Z,85.0,Versa 4
2026-05-21T07:10:57Z,88.0,Versa 4
2026-05-21T07:11:00Z,88.0,Versa 4
2026-05-21T07:11:01Z,87.0,Versa 4
2026-05-21T07:11:03Z,85.0,Versa 4
2026-05-21T07:11:05Z,84.0,Versa 4
2026-05-21T07:11:07Z,83.0,Versa 4
2026-05-21T07:11:10Z,83.0,Versa 4
2026-05-21T07:11:13Z,82.0,Versa 4
2026-05-21T07:11:16Z,82.0,Versa 4
2026-05-21T07:11:19Z,82.0,Versa 4
2026-05-21T07:11:22Z,83.0,Versa 4
2026-05-21T07:11:24Z,84.0,Versa 4
2026-05-21T07:11:27Z,84.0,Versa 4
2026-05-21T07:11:28Z,85.0,Versa 4
2026-05-21T07:11:30Z,86.0,Versa 4
2026-05-21T07:11:32Z,88.0,Versa 4
2026-05-21T07:11:35Z,88.0,Versa 4
2026-05-21T07:11:36Z,87.0,Versa 4
2026-05-21T07:11:38Z,86.0,Versa 4
2026-05-21T07:11:41Z,86.0,Versa 4
2026-05-21T07:11:44Z,86.0,Versa 4
2026-05-21T07:11:47Z,86.0,Versa 4
2026-05-21T07:11:49Z,86.0,Versa 4
2026-05-21T07:11:52Z,86.0,Versa 4
2026-05-21T07:11:55Z,87.0,Versa 4
2026-05-21T07:11:57Z,88.0,Versa 4
2026-05-21T07:11:59Z,88.0,Versa 4
2026-05-21T07:12:01Z,88.0,Versa 4
2026-05-21T07:12:04Z,88.0,Versa 4
2026-05-21T07:12:07Z,88.0,Versa 4
2026-05-21T07:12:09Z,87.0,Versa 4
2026-05-21T07:12:12Z,87.0,Versa 4
2026-05-21T07:12:14Z,88.0,Versa 4
2026-05-21T07:12:16Z,86.0,Versa 4
2026-05-21T07:12:19Z,86.0,Versa 4
2026-05-21T07:12:20Z,84.0,Versa 4
2026-05-21T07:12:23Z,84.0,Versa 4
2026-05-21T07:12:26Z,83.0,Versa 4
2026-05-21T07:12:28Z,84.0,Versa 4
2026-05-21T07:12:31Z,84.0,Versa 4
2026-05-21T07:12:34Z,84.0,Versa 4
2026-05-21T07:12:37Z,85.0,Versa 4
2026-05-21T07:12:39Z,86.0,Versa 4
2026-05-21T07:12:42Z,86.0,Versa 4
2026-05-21T07:12:43Z,85.0,Versa 4
2026-05-21T07:12:45Z,84.0,Versa 4
2026-05-21T07:12:47Z,83.0,Versa 4
2026-05-21T07:12:50Z,83.0,Versa 4
2026-05-21T07:12:51Z,82.0,Versa 4
2026-05-21T07:12:53Z,83.0,Versa 4
2026-05-21T07:12:55Z,84.0,Versa 4
2026-05-21T07:12:58Z,85.0,Versa 4
2026-05-21T07:13:01Z,85.0,Versa 4
2026-05-21T07:13:04Z,85.0,Versa 4
2026-05-21T07:13:06Z,86.0,Versa 4
2026-05-21T07:13:09Z,86.0,Versa 4
2026-05-21T07:13:12Z,86.0,Versa 4
2026-05-21T07:13:14Z,87.0,Versa 4
2026-05-21T07:13:17Z,87.0,Versa 4
2026-05-21T07:13:18Z,85.0,Versa 4
2026-05-21T07:13:20Z,84.0,Versa 4
2026-05-21T07:13:21Z,85.0,Versa 4
2026-05-21T07:13:24Z,85.0,Versa 4
2026-05-21T07:13:25Z,86.0,Versa 4
2026-05-21T07:13:28Z,86.0,Versa 4
2026-05-21T07:13:29Z,89.0,Versa 4
2026-05-21T07:13:31Z,90.0,Versa 4
2026-05-21T07:13:34Z,90.0,Versa 4
2026-05-21T07:13:37Z,89.0,Versa 4
2026-05-21T07:13:40Z,89.0,Versa 4
2026-05-21T07:13:41Z,87.0,Versa 4
2026-05-21T07:13:43Z,86.0,Versa 4
2026-05-21T07:13:45Z,85.0,Versa 4
2026-05-21T07:13:46Z,86.0,Versa 4
2026-05-21T07:13:49Z,86.0,Versa 4
2026-05-21T07:13:50Z,85.0,Versa 4
2026-05-21T07:13:52Z,84.0,Versa 4
2026-05-21T07:13:55Z,84.0,Versa 4
2026-05-21T07:13:56Z,87.0,Versa 4
2026-05-21T07:13:58Z,88.0,Versa 4
2026-05-21T07:14:00Z,86.0,Versa 4
2026-05-21T07:14:02Z,84.0,Versa 4
2026-05-21T07:14:04Z,83.0,Versa 4
2026-05-21T07:14:07Z,83.0,Versa 4
2026-05-21T07:14:08Z,82.0,Versa 4
2026-05-21T07:14:11Z,82.0,Versa 4
2026-05-21T07:14:13Z,80.0,Versa 4
2026-05-21T07:14:15Z,81.0,Versa 4
2026-05-21T07:14:17Z,82.0,Versa 4
2026-05-21T07:14:19Z,81.0,Versa 4
2026-05-21T07:14:21Z,80.0,Versa 4
2026-05-21T07:14:24Z,80.0,Versa 4
2026-05-21T07:14:27Z,81.0,Versa 4
2026-05-21T07:14:30Z,81.0,Versa 4
2026-05-21T07:14:33Z,81.0,Versa 4
2026-05-21T07:14:34Z,82.0,Versa 4
2026-05-21T07:14:37Z,82.0,Versa 4
2026-05-21T07:14:40Z,82.0,Versa 4
2026-05-21T07:14:43Z,82.0,Versa 4
2026-05-21T07:14:44Z,84.0,Versa 4
2026-05-21T07:14:47Z,84.0,Versa 4
2026-05-21T07:14:49Z,83.0,Versa 4
2026-05-21T07:14:51Z,84.0,Versa 4
2026-05-21T07:14:53Z,85.0,Versa 4
2026-05-21T07:14:56Z,85.0,Versa 4
2026-05-21T07:14:57Z,84.0,Versa 4
2026-05-21T07:15:00Z,84.0,Versa 4
2026-05-21T07:15:01Z,85.0,Versa 4
2026-05-21T07:15:03Z,87.0,Versa 4
2026-05-21T07:15:05Z,92.0,Versa 4
2026-05-21T07:15:07Z,90.0,Versa 4
2026-05-21T07:15:09Z,87.0,Versa 4
2026-05-21T07:15:10Z,86.0,Versa 4
2026-05-21T07:15:12Z,84.0,Versa 4
2026-05-21T07:15:14Z,85.0,Versa 4
2026-05-21T07:15:17Z,85.0,Versa 4
2026-05-21T07:15:18Z,84.0,Versa 4
2026-05-21T07:15:21Z,84.0,Versa 4
2026-05-21T07:15:24Z,84.0,Versa 4
2026-05-21T07:15:27Z,84.0,Versa 4
2026-05-21T07:15:30Z,84.0,Versa 4
2026-05-21T07:15:32Z,83.0,Versa 4
2026-05-21T07:15:34Z,82.0,Versa 4
2026-05-21T07:15:37Z,82.0,Versa 4
2026-05-21T07:15:40Z,82.0,Versa 4
2026-05-21T07:15:43Z,82.0,Versa 4
2026-05-21T07:15:46Z,82.0,Versa 4
2026-05-21T07:15:49Z,82.0,Versa 4
2026-05-21T07:15:52Z,82.0,Versa 4
2026-05-21T07:15:53Z,83.0,Versa 4
2026-05-21T07:15:55Z,82.0,Versa 4
2026-05-21T07:15:57Z,84.0,Versa 4
2026-05-21T07:16:00Z,83.0,Versa 4
2026-05-21T07:16:02Z,81.0,Versa 4
2026-05-21T07:16:04Z,80.0,Versa 4
2026-05-21T07:16:06Z,80.0,Versa 4
2026-05-21T07:16:09Z,80.0,Versa 4
2026-05-21T07:16:10Z,79.0,Versa 4
2026-05-21T07:16:12Z,80.0,Versa 4
2026-05-21T07:16:14Z,82.0,Versa 4
2026-05-21T07:16:17Z,82.0,Versa 4
2026-05-21T07:16:18Z,81.0,Versa 4
2026-05-21T07:16:20Z,80.0,Versa 4
2026-05-21T07:16:23Z,80.0,Versa 4
2026-05-21T07:16:26Z,80.0,Versa 4
2026-05-21T07:16:29Z,80.0,Versa 4
2026-05-21T07:16:32Z,80.0,Versa 4
2026-05-21T07:16:35Z,80.0,Versa 4
2026-05-21T07:16:38Z,80.0,Versa 4
2026-05-21T07:16:39Z,81.0,Versa 4
2026-05-21T07:16:42Z,81.0,Versa 4
2026-05-21T07:16:43Z,82.0,Versa 4
2026-05-21T07:16:45Z,81.0,Versa 4
2026-05-21T07:16:46Z,83.0,Versa 4
2026-05-21T07:16:49Z,83.0,Versa 4
2026-05-21T07:16:50Z,81.0,Versa 4
2026-05-21T07:16:52Z,80.0,Versa 4
2026-05-21T07:16:55Z,80.0,Versa 4
2026-05-21T07:16:58Z,81.0,Versa 4
2026-05-21T07:17:01Z,81.0,Versa 4
2026-05-21T07:17:04Z,81.0,Versa 4
2026-05-21T07:17:07Z,81.0,Versa 4
2026-05-21T07:17:08Z,81.0,Versa 4
2026-05-21T07:17:11Z,79.0,Versa 4
2026-05-21T07:17:13Z,80.0,Versa 4
2026-05-21T07:17:15Z,83.0,Versa 4
2026-05-21T07:17:17Z,84.0,Versa 4
2026-05-21T07:17:19Z,83.0,Versa 4
2026-05-21T07:17:21Z,81.0,Versa 4
2026-05-21T07:17:23Z,80.0,Versa 4
2026-05-21T07:17:26Z,80.0,Versa 4
2026-05-21T07:17:29Z,80.0,Versa 4
2026-05-21T07:17:32Z,80.0,Versa 4
2026-05-21T07:17:34Z,81.0,Versa 4
2026-05-21T07:17:36Z,82.0,Versa 4
2026-05-21T07:17:38Z,83.0,Versa 4
2026-05-21T07:17:40Z,81.0,Versa 4
2026-05-21T07:17:42Z,79.0,Versa 4
2026-05-21T07:17:45Z,79.0,Versa 4
2026-05-21T07:17:48Z,79.0,Versa 4
2026-05-21T07:17:50Z,80.0,Versa 4
2026-05-21T07:17:52Z,81.0,Versa 4
2026-05-21T07:17:54Z,83.0,Versa 4
2026-05-21T07:17:56Z,84.0,Versa 4
2026-05-21T07:17:58Z,86.0,Versa 4
2026-05-21T07:17:59Z,85.0,Versa 4
2026-05-21T07:18:01Z,86.0,Versa 4
2026-05-21T07:18:04Z,86.0,Versa 4
2026-05-21T07:18:05Z,88.0,Versa 4
2026-05-21T07:18:07Z,90.0,Versa 4
2026-05-21T07:18:10Z,90.0,Versa 4
2026-05-21T07:18:11Z,87.0,Versa 4
2026-05-21T07:18:13Z,85.0,Versa 4
2026-05-21T07:18:15Z,84.0,Versa 4
2026-05-21T07:18:18Z,84.0,Versa 4
2026-05-21T07:18:19Z,85.0,Versa 4
2026-05-21T07:18:21Z,84.0,Versa 4
2026-05-21T07:18:22Z,82.0,Versa 4
2026-05-21T07:18:24Z,81.0,Versa 4
2026-05-21T07:18:26Z,80.0,Versa 4
2026-05-21T07:18:29Z,80.0,Versa 4
2026-05-21T07:18:32Z,79.0,Versa 4
2026-05-21T07:18:34Z,78.0,Versa 4
2026-05-21T07:18:37Z,78.0,Versa 4
2026-05-21T07:18:40Z,79.0,Versa 4
2026-05-21T07:18:43Z,79.0,Versa 4
2026-05-21T07:18:46Z,80.0,Versa 4
2026-05-21T07:18:47Z,81.0,Versa 4
2026-05-21T07:18:49Z,82.0,Versa 4
2026-05-21T07:18:51Z,81.0,Versa 4
2026-05-21T07:18:54Z,81.0,Versa 4
2026-05-21T07:18:57Z,81.0,Versa 4
2026-05-21T07:18:59Z,80.0,Versa 4
2026-05-21T07:19:02Z,80.0,Versa 4
2026-05-21T07:19:05Z,80.0,Versa 4
2026-05-21T07:19:08Z,80.0,Versa 4
2026-05-21T07:19:09Z,80.0,Versa 4
2026-05-21T07:19:10Z,80.0,Versa 4
2026-05-21T07:19:12Z,81.0,Versa 4
2026-05-21T07:19:14Z,82.0,Versa 4
2026-05-21T07:19:16Z,83.0,Versa 4
2026-05-21T07:19:18Z,86.0,Versa 4
2026-05-21T07:19:20Z,87.0,Versa 4
2026-05-21T07:19:23Z,87.0,Versa 4
2026-05-21T07:19:26Z,85.0,Versa 4
2026-05-21T07:19:28Z,82.0,Versa 4
2026-05-21T07:19:30Z,81.0,Versa 4
2026-05-21T07:19:32Z,80.0,Versa 4
2026-05-21T07:19:35Z,80.0,Versa 4
2026-05-21T07:19:37Z,81.0,Versa 4
2026-05-21T07:19:40Z,81.0,Versa 4
2026-05-21T07:19:43Z,80.0,Versa 4
2026-05-21T07:19:46Z,80.0,Versa 4
2026-05-21T07:19:47Z,81.0,Versa 4
2026-05-21T07:19:49Z,82.0,Versa 4
2026-05-21T07:19:52Z,82.0,Versa 4
2026-05-21T07:19:55Z,82.0,Versa 4
2026-05-21T07:19:58Z,82.0,Versa 4
2026-05-21T07:20:01Z,82.0,Versa 4
2026-05-21T07:20:04Z,82.0,Versa 4
2026-05-21T07:20:06Z,83.0,Versa 4
2026-05-21T07:20:08Z,84.0,Versa 4
2026-05-21T07:20:11Z,84.0,Versa 4
2026-05-21T07:20:12Z,84.0,Versa 4
2026-05-21T07:20:14Z,83.0,Versa 4
2026-05-21T07:20:17Z,83.0,Versa 4
2026-05-21T07:20:18Z,84.0,Versa 4
2026-05-21T07:20:20Z,85.0,Versa 4
2026-05-21T07:20:22Z,85.0,Versa 4
2026-05-21T07:20:23Z,83.0,Versa 4
2026-05-21T07:20:25Z,82.0,Versa 4
2026-05-21T07:20:28Z,82.0,Versa 4
2026-05-21T07:20:29Z,81.0,Versa 4
2026-05-21T07:20:32Z,81.0,Versa 4
2026-05-21T07:20:33Z,80.0,Versa 4
2026-05-21T07:20:35Z,79.0,Versa 4
2026-05-21T07:20:37Z,78.0,Versa 4
2026-05-21T07:20:39Z,80.0,Versa 4
2026-05-21T07:20:42Z,80.0,Versa 4
2026-05-21T07:20:45Z,79.0,Versa 4
2026-05-21T07:20:48Z,79.0,Versa 4
2026-05-21T07:20:50Z,78.0,Versa 4
2026-05-21T07:20:53Z,78.0,Versa 4
2026-05-21T07:20:56Z,79.0,Versa 4
2026-05-21T07:20:58Z,81.0,Versa 4
2026-05-21T07:21:00Z,84.0,Versa 4
2026-05-21T07:21:02Z,83.0,Versa 4
2026-05-21T07:21:05Z,83.0,Versa 4
2026-05-21T07:21:06Z,82.0,Versa 4
2026-05-21T07:21:09Z,82.0,Versa 4
2026-05-21T07:21:10Z,82.0,Versa 4
2026-05-21T07:21:11Z,83.0,Versa 4
2026-05-21T07:21:13Z,84.0,Versa 4
2026-05-21T07:21:16Z,84.0,Versa 4
2026-05-21T07:21:17Z,85.0,Versa 4
2026-05-21T07:21:20Z,85.0,Versa 4
2026-05-21T07:21:21Z,84.0,Versa 4
2026-05-21T07:21:24Z,84.0,Versa 4
2026-05-21T07:21:25Z,82.0,Versa 4
2026-05-21T07:21:27Z,81.0,Versa 4
2026-05-21T07:21:29Z,82.0,Versa 4
2026-05-21T07:21:32Z,82.0,Versa 4
2026-05-21T07:21:33Z,81.0,Versa 4
2026-05-21T07:21:36Z,81.0,Versa 4
2026-05-21T07:21:38Z,80.0,Versa 4
2026-05-21T07:21:40Z,78.0,Versa 4
2026-05-21T07:21:42Z,76.0,Versa 4
2026-05-21T07:21:44Z,75.0,Versa 4
2026-05-21T07:21:46Z,74.0,Versa 4
2026-05-21T07:21:48Z,76.0,Versa 4
2026-05-21T07:21:50Z,77.0,Versa 4
2026-05-21T07:21:52Z,78.0,Versa 4
2026-05-21T07:21:54Z,79.0,Versa 4
2026-05-21T07:21:56Z,82.0,Versa 4
2026-05-21T07:21:58Z,84.0,Versa 4
2026-05-21T07:21:59Z,85.0,Versa 4
2026-05-21T07:22:01Z,84.0,Versa 4
2026-05-21T07:22:03Z,83.0,Versa 4
2026-05-21T07:22:05Z,82.0,Versa 4
2026-05-21T07:22:07Z,82.0,Versa 4
2026-05-21T07:22:10Z,82.0,Versa 4
2026-05-21T07:22:11Z,81.0,Versa 4
2026-05-21T07:22:13Z,80.0,Versa 4
2026-05-21T07:22:16Z,80.0,Versa 4
2026-05-21T07:22:17Z,81.0,Versa 4
2026-05-21T07:22:19Z,82.0,Versa 4
2026-05-21T07:22:22Z,80.0,Versa 4
2026-05-21T07:22:25Z,80.0,Versa 4
2026-05-21T07:22:26Z,81.0,Versa 4
2026-05-21T07:22:28Z,82.0,Versa 4
2026-05-21T07:22:30Z,84.0,Versa 4
2026-05-21T07:22:32Z,85.0,Versa 4
2026-05-21T07:22:34Z,84.0,Versa 4
2026-05-21T07:22:37Z,84.0,Versa 4
2026-05-21T07:22:40Z,85.0,Versa 4
2026-05-21T07:22:43Z,85.0,Versa 4
2026-05-21T07:22:44Z,84.0,Versa 4
2026-05-21T07:22:47Z,84.0,Versa 4
2026-05-21T07:22:50Z,84.0,Versa 4
2026-05-21T07:22:51Z,82.0,Versa 4
2026-05-21T07:22:54Z,82.0,Versa 4
2026-05-21T07:22:55Z,81.0,Versa 4
2026-05-21T07:22:57Z,80.0,Versa 4
2026-05-21T07:23:00Z,80.0,Versa 4
2026-05-21T07:23:01Z,80.0,Versa 4
2026-05-21T07:23:04Z,80.0,Versa 4
2026-05-21T07:23:07Z,81.0,Versa 4
2026-05-21T07:23:09Z,80.0,Versa 4
2026-05-21T07:23:12Z,80.0,Versa 4
2026-05-21T07:23:14Z,81.0,Versa 4
2026-05-21T07:23:16Z,82.0,Versa 4
2026-05-21T07:23:18Z,81.0,Versa 4
2026-05-21T07:23:21Z,81.0,Versa 4
2026-05-21T07:23:22Z,80.0,Versa 4
2026-05-21T07:23:24Z,81.0,Versa 4
2026-05-21T07:23:27Z,81.0,Versa 4
2026-05-21T07:23:28Z,82.0,Versa 4
2026-05-21T07:23:30Z,83.0,Versa 4
2026-05-21T07:23:32Z,84.0,Versa 4
2026-05-21T07:23:35Z,84.0,Versa 4
2026-05-21T07:23:38Z,84.0,Versa 4
2026-05-21T07:23:41Z,83.0,Versa 4
2026-05-21T07:23:43Z,81.0,Versa 4
2026-05-21T07:23:45Z,80.0,Versa 4
2026-05-21T07:23:47Z,81.0,Versa 4
2026-05-21T07:23:49Z,80.0,Versa 4
2026-05-21T07:23:52Z,80.0,Versa 4
2026-05-21T07:23:53Z,78.0,Versa 4
2026-05-21T07:23:55Z,77.0,Versa 4
2026-05-21T07:23:57Z,78.0,Versa 4
2026-05-21T07:24:00Z,79.0,Versa 4
2026-05-21T07:24:02Z,81.0,Versa 4
2026-05-21T07:24:04Z,83.0,Versa 4
2026-05-21T07:24:06Z,84.0,Versa 4
2026-05-21T07:24:08Z,85.0,Versa 4
2026-05-21T07:24:10Z,84.0,Versa 4
2026-05-21T07:24:12Z,81.0,Versa 4
2026-05-21T07:24:14Z,80.0,Versa 4
2026-05-21T07:24:17Z,80.0,Versa 4
2026-05-21T07:24:18Z,79.0,Versa 4
2026-05-21T07:24:20Z,78.0,Versa 4
2026-05-21T07:24:22Z,79.0,Versa 4
2026-05-21T07:24:25Z,80.0,Versa 4
2026-05-21T07:24:27Z,81.0,Versa 4
2026-05-21T07:24:30Z,81.0,Versa 4
2026-05-21T07:24:33Z,80.0,Versa 4
2026-05-21T07:24:36Z,80.0,Versa 4
2026-05-21T07:24:37Z,79.0,Versa 4
2026-05-21T07:24:39Z,78.0,Versa 4
2026-05-21T07:24:41Z,82.0,Versa 4
2026-05-21T07:24:44Z,82.0,Versa 4
2026-05-21T07:24:45Z,80.0,Versa 4
2026-05-21T07:24:48Z,81.0,Versa 4
2026-05-21T07:24:50Z,82.0,Versa 4
2026-05-21T07:24:52Z,81.0,Versa 4
2026-05-21T07:24:55Z,81.0,Versa 4
2026-05-21T07:24:56Z,82.0,Versa 4
2026-05-21T07:24:59Z,82.0,Versa 4
2026-05-21T07:25:00Z,84.0,Versa 4
2026-05-21T07:25:02Z,85.0,Versa 4
2026-05-21T07:25:04Z,88.0,Versa 4
2026-05-21T07:25:06Z,89.0,Versa 4
2026-05-21T07:25:09Z,89.0,Versa 4
2026-05-21T07:25:12Z,89.0,Versa 4
2026-05-21T07:25:13Z,87.0,Versa 4
2026-05-21T07:25:15Z,85.0,Versa 4
2026-05-21T07:25:18Z,85.0,Versa 4
2026-05-21T07:25:21Z,84.0,Versa 4
2026-05-21T07:25:23Z,83.0,Versa 4
2026-05-21T07:25:26Z,83.0,Versa 4
2026-05-21T07:25:27Z,84.0,Versa 4
2026-05-21T07:25:30Z,84.0,Versa 4
2026-05-21T07:25:33Z,83.0,Versa 4
2026-05-21T07:25:36Z,84.0,Versa 4
2026-05-21T07:25:38Z,85.0,Versa 4
2026-05-21T07:25:40Z,86.0,Versa 4
2026-05-21T07:25:42Z,84.0,Versa 4
2026-05-21T07:25:44Z,83.0,Versa 4
2026-05-21T07:25:46Z,83.0,Versa 4
2026-05-21T07:25:48Z,84.0,Versa 4
2026-05-21T07:25:50Z,83.0,Versa 4
2026-05-21T07:25:52Z,82.0,Versa 4
2026-05-21T07:25:54Z,84.0,Versa 4
2026-05-21T07:25:57Z,84.0,Versa 4
2026-05-21T07:25:58Z,86.0,Versa 4
2026-05-21T07:25:59Z,89.0,Versa 4
2026-05-21T07:26:01Z,103.0,Versa 4
2026-05-21T07:26:03Z,106.0,Versa 4
2026-05-21T07:26:05Z,107.0,Versa 4
2026-05-21T07:26:07Z,106.0,Versa 4
2026-05-21T07:26:10Z,106.0,Versa 4
2026-05-21T07:26:11Z,101.0,Versa 4
2026-05-21T07:26:13Z,83.0,Versa 4
2026-05-21T07:26:15Z,84.0,Versa 4
2026-05-21T07:26:17Z,83.0,Versa 4
2026-05-21T07:26:20Z,83.0,Versa 4
2026-05-21T07:26:21Z,84.0,Versa 4
2026-05-21T07:26:22Z,83.0,Versa 4
2026-05-21T07:26:24Z,82.0,Versa 4
2026-05-21T07:26:26Z,80.0,Versa 4
2026-05-21T07:26:28Z,79.0,Versa 4
2026-05-21T07:26:30Z,78.0,Versa 4
2026-05-21T07:26:33Z,78.0,Versa 4
2026-05-21T07:26:34Z,79.0,Versa 4
2026-05-21T07:26:36Z,81.0,Versa 4
2026-05-21T07:26:38Z,80.0,Versa 4
2026-05-21T07:26:41Z,80.0,Versa 4
2026-05-21T07:26:44Z,80.0,Versa 4
2026-05-21T07:26:47Z,81.0,Versa 4
2026-05-21T07:26:49Z,80.0,Versa 4
2026-05-21T07:26:52Z,80.0,Versa 4
2026-05-21T07:26:53Z,79.0,Versa 4
2026-05-21T07:26:55Z,78.0,Versa 4
2026-05-21T07:26:58Z,78.0,Versa 4
2026-05-21T07:26:59Z,80.0,Versa 4
2026-05-21T07:27:01Z,78.0,Versa 4
2026-05-21T07:27:04Z,78.0,Versa 4
2026-05-21T07:27:05Z,79.0,Versa 4
2026-05-21T07:27:07Z,80.0,Versa 4
2026-05-21T07:27:09Z,82.0,Versa 4
2026-05-21T07:27:12Z,81.0,Versa 4
2026-05-21T07:27:14Z,82.0,Versa 4
2026-05-21T07:27:16Z,85.0,Versa 4
2026-05-21T07:27:19Z,85.0,Versa 4
2026-05-21T07:27:20Z,87.0,Versa 4
2026-05-21T07:27:22Z,86.0,Versa 4
2026-05-21T07:27:24Z,84.0,Versa 4
2026-05-21T07:27:26Z,83.0,Versa 4
2026-05-21T07:27:28Z,82.0,Versa 4
2026-05-21T07:27:30Z,81.0,Versa 4
2026-05-21T07:27:33Z,81.0,Versa 4
2026-05-21T07:27:34Z,81.0,Versa 4
2026-05-21T07:27:37Z,80.0,Versa 4
2026-05-21T07:27:40Z,80.0,Versa 4
2026-05-21T07:27:41Z,81.0,Versa 4
2026-05-21T07:27:43Z,83.0,Versa 4
2026-05-21T07:27:45Z,83.0,Versa 4
2026-05-21T07:27:48Z,83.0,Versa 4
2026-05-21T07:27:51Z,85.0,Versa 4
2026-05-21T07:27:53Z,84.0,Versa 4
2026-05-21T07:27:56Z,84.0,Versa 4
2026-05-21T07:27:57Z,82.0,Versa 4
2026-05-21T07:27:58Z,80.0,Versa 4
2026-05-21T07:28:01Z,80.0,Versa 4
2026-05-21T07:28:02Z,82.0,Versa 4
2026-05-21T07:28:04Z,83.0,Versa 4
2026-05-21T07:28:06Z,80.0,Versa 4
2026-05-21T07:28:08Z,79.0,Versa 4
2026-05-21T07:28:10Z,78.0,Versa 4
2026-05-21T07:28:13Z,78.0,Versa 4
2026-05-21T07:28:14Z,79.0,Versa 4
2026-05-21T07:28:16Z,80.0,Versa 4
2026-05-21T07:28:18Z,81.0,Versa 4
2026-05-21T07:28:20Z,83.0,Versa 4
2026-05-21T07:28:22Z,88.0,Versa 4
2026-05-21T07:28:23Z,90.0,Versa 4
2026-05-21T07:28:26Z,90.0,Versa 4
2026-05-21T07:28:27Z,89.0,Versa 4
2026-05-21T07:28:29Z,90.0,Versa 4
2026-05-21T07:28:32Z,90.0,Versa 4
2026-05-21T07:28:33Z,88.0,Versa 4
2026-05-21T07:28:35Z,86.0,Versa 4
2026-05-21T07:28:37Z,84.0,Versa 4
