timestamp,oxygen saturation percentage,data source
2026-05-06T10:04:14Z,95.7,Versa 4
2026-05-06T14:02:33Z,50.0,Versa 4
2026-05-06T14:03:33Z,50.0,Versa 4
2026-05-06T14:04:33Z,50.0,Versa 4
2026-05-06T14:05:33Z,50.0,Versa 4
2026-05-06T14:06:33Z,50.0,Versa 4
2026-05-06T14:07:33Z,50.0,Versa 4
2026-05-06T14:08:33Z,50.0,Versa 4
2026-05-06T14:09:33Z,50.0,Versa 4
2026-05-06T14:10:33Z,50.0,Versa 4
2026-05-06T14:40:33Z,95.0,Versa 4
2026-05-06T14:41:33Z,94.5,Versa 4
2026-05-06T14:42:33Z,93.9,Versa 4
2026-05-06T14:43:33Z,93.8,Versa 4
2026-05-06T14:44:33Z,93.9,Versa 4
2026-05-06T14:45:33Z,93.6,Versa 4
2026-05-06T14:46:33Z,93.2,Versa 4
2026-05-06T14:47:33Z,93.2,Versa 4
2026-05-06T14:48:33Z,93.3,Versa 4
2026-05-06T14:49:33Z,92.8,Versa 4
2026-05-06T14:50:33Z,93.0,Versa 4
2026-05-06T14:51:33Z,93.6,Versa 4
2026-05-06T14:52:33Z,93.6,Versa 4
2026-05-06T14:53:33Z,50.0,Versa 4
2026-05-06T14:54:33Z,93.1,Versa 4
2026-05-06T14:55:33Z,50.0,Versa 4
2026-05-06T14:56:33Z,50.0,Versa 4
2026-05-06T14:57:33Z,91.0,Versa 4
2026-05-06T14:58:33Z,90.6,Versa 4
2026-05-06T14:59:33Z,89.8,Versa 4
2026-05-06T15:00:33Z,88.9,Versa 4
2026-05-06T15:01:33Z,88.8,Versa 4
2026-05-06T15:02:33Z,88.7,Versa 4
2026-05-06T15:03:33Z,89.0,Versa 4
2026-05-06T15:04:33Z,88.8,Versa 4
2026-05-06T15:05:33Z,88.9,Versa 4
2026-05-06T15:06:33Z,89.1,Versa 4
2026-05-06T15:07:33Z,89.6,Versa 4
2026-05-06T15:08:33Z,89.3,Versa 4
2026-05-06T15:09:33Z,89.5,Versa 4
2026-05-06T15:10:33Z,89.5,Versa 4
2026-05-06T15:11:33Z,89.2,Versa 4
2026-05-06T15:12:33Z,89.1,Versa 4
2026-05-06T15:13:33Z,88.6,Versa 4
2026-05-06T15:14:33Z,88.5,Versa 4
2026-05-06T15:15:33Z,88.4,Versa 4
2026-05-06T15:16:33Z,88.4,Versa 4
2026-05-06T15:17:33Z,89.0,Versa 4
2026-05-06T15:18:33Z,89.0,Versa 4
2026-05-06T15:19:33Z,89.9,Versa 4
2026-05-06T15:20:33Z,90.5,Versa 4
2026-05-06T15:21:33Z,90.9,Versa 4
2026-05-06T15:22:33Z,90.7,Versa 4
2026-05-06T15:23:33Z,90.5,Versa 4
2026-05-06T15:24:33Z,90.0,Versa 4
2026-05-06T15:25:33Z,89.6,Versa 4
2026-05-06T15:26:33Z,89.7,Versa 4
2026-05-06T15:27:33Z,89.1,Versa 4
2026-05-06T15:28:33Z,88.2,Versa 4
2026-05-06T15:29:33Z,87.8,Versa 4
2026-05-06T15:30:33Z,87.7,Versa 4
2026-05-06T15:31:33Z,87.5,Versa 4
2026-05-06T15:32:33Z,87.9,Versa 4
2026-05-06T15:33:33Z,87.6,Versa 4
2026-05-06T15:34:33Z,88.1,Versa 4
2026-05-06T15:35:33Z,88.8,Versa 4
2026-05-06T15:36:33Z,89.5,Versa 4
2026-05-06T15:37:33Z,89.2,Versa 4
2026-05-06T15:38:33Z,89.4,Versa 4
2026-05-06T15:39:33Z,89.4,Versa 4
2026-05-06T15:40:33Z,90.0,Versa 4
2026-05-06T15:41:33Z,89.6,Versa 4
2026-05-06T15:42:33Z,89.6,Versa 4
2026-05-06T15:43:33Z,89.4,Versa 4
2026-05-06T15:44:33Z,89.6,Versa 4
2026-05-06T15:45:33Z,89.8,Versa 4
2026-05-06T15:46:33Z,89.4,Versa 4
2026-05-06T15:47:33Z,89.7,Versa 4
2026-05-06T15:48:33Z,89.7,Versa 4
2026-05-06T15:49:33Z,89.3,Versa 4
2026-05-06T15:50:33Z,88.9,Versa 4
2026-05-06T15:51:33Z,88.8,Versa 4
2026-05-06T15:52:33Z,88.8,Versa 4
2026-05-06T15:53:33Z,88.7,Versa 4
2026-05-06T15:54:33Z,88.8,Versa 4
2026-05-06T15:55:33Z,89.0,Versa 4
2026-05-06T15:56:33Z,89.2,Versa 4
2026-05-06T15:57:33Z,89.2,Versa 4
2026-05-06T15:58:33Z,89.3,Versa 4
2026-05-06T15:59:33Z,89.5,Versa 4
2026-05-06T16:00:33Z,89.5,Versa 4
2026-05-06T16:01:33Z,89.2,Versa 4
2026-05-06T16:02:33Z,89.6,Versa 4
2026-05-06T16:03:33Z,89.0,Versa 4
2026-05-06T16:04:33Z,89.0,Versa 4
2026-05-06T16:05:33Z,88.8,Versa 4
2026-05-06T16:06:33Z,88.9,Versa 4
2026-05-06T16:07:33Z,88.8,Versa 4
2026-05-06T16:08:33Z,88.7,Versa 4
2026-05-06T16:09:33Z,88.8,Versa 4
2026-05-06T16:10:33Z,88.9,Versa 4
2026-05-06T16:11:33Z,89.1,Versa 4
2026-05-06T16:12:33Z,89.1,Versa 4
2026-05-06T16:13:33Z,89.0,Versa 4
2026-05-06T16:14:33Z,88.7,Versa 4
2026-05-06T16:15:33Z,89.1,Versa 4
2026-05-06T16:16:33Z,88.7,Versa 4
2026-05-06T16:17:33Z,89.0,Versa 4
2026-05-06T16:18:33Z,88.6,Versa 4
2026-05-06T16:19:33Z,88.9,Versa 4
2026-05-06T16:20:33Z,88.5,Versa 4
2026-05-06T16:21:33Z,88.5,Versa 4
2026-05-06T16:22:33Z,89.1,Versa 4
2026-05-06T16:23:33Z,89.1,Versa 4
2026-05-06T16:24:33Z,88.7,Versa 4
2026-05-06T16:25:33Z,88.8,Versa 4
2026-05-06T16:26:33Z,88.8,Versa 4
2026-05-06T16:27:33Z,89.2,Versa 4
2026-05-06T16:28:33Z,88.5,Versa 4
2026-05-06T16:29:33Z,89.0,Versa 4
2026-05-06T16:30:33Z,88.6,Versa 4
2026-05-06T16:31:33Z,88.6,Versa 4
2026-05-06T16:32:33Z,88.7,Versa 4
2026-05-06T16:33:33Z,88.6,Versa 4
2026-05-06T16:34:33Z,88.9,Versa 4
2026-05-06T16:35:33Z,89.0,Versa 4
2026-05-06T16:36:33Z,88.8,Versa 4
2026-05-06T16:37:33Z,89.1,Versa 4
2026-05-06T16:38:33Z,89.0,Versa 4
2026-05-06T16:39:33Z,89.1,Versa 4
2026-05-06T16:40:33Z,88.8,Versa 4
2026-05-06T16:41:33Z,88.9,Versa 4
2026-05-06T16:42:33Z,88.7,Versa 4
2026-05-06T16:43:33Z,88.6,Versa 4
2026-05-06T16:44:33Z,88.2,Versa 4
2026-05-06T16:45:33Z,88.3,Versa 4
2026-05-06T16:46:33Z,88.5,Versa 4
2026-05-06T16:47:33Z,88.6,Versa 4
2026-05-06T16:48:33Z,89.2,Versa 4
2026-05-06T16:49:33Z,89.2,Versa 4
2026-05-06T16:50:33Z,89.5,Versa 4
2026-05-06T16:51:33Z,89.7,Versa 4
2026-05-06T16:52:33Z,89.1,Versa 4
2026-05-06T16:53:33Z,89.5,Versa 4
2026-05-06T16:54:33Z,89.4,Versa 4
2026-05-06T16:55:33Z,89.2,Versa 4
2026-05-07T05:58:04Z,50.0,Versa 4
2026-05-07T05:59:04Z,50.0,Versa 4
2026-05-07T06:00:04Z,50.0,Versa 4
2026-05-07T06:01:04Z,50.0,Versa 4
2026-05-07T06:02:04Z,90.2,Versa 4
2026-05-07T06:03:04Z,50.0,Versa 4
2026-05-07T06:04:04Z,50.0,Versa 4
2026-05-07T06:05:04Z,50.0,Versa 4
2026-05-07T06:06:04Z,50.0,Versa 4
2026-05-07T06:07:04Z,50.0,Versa 4
2026-05-07T06:08:04Z,50.0,Versa 4
2026-05-07T06:35:33Z,50.0,Versa 4
2026-05-07T06:36:33Z,94.0,Versa 4
2026-05-07T06:37:33Z,50.0,Versa 4
2026-05-07T06:38:33Z,93.5,Versa 4
2026-05-07T06:39:33Z,93.0,Versa 4
2026-05-07T06:43:33Z,92.5,Versa 4
2026-05-07T06:44:33Z,92.6,Versa 4
2026-05-07T06:45:33Z,92.5,Versa 4
2026-05-07T06:46:33Z,92.9,Versa 4
2026-05-07T06:47:33Z,92.6,Versa 4
2026-05-07T06:48:33Z,92.8,Versa 4
2026-05-07T06:49:33Z,92.7,Versa 4
2026-05-07T06:52:04Z,93.4,Versa 4
2026-05-07T06:53:04Z,50.0,Versa 4
2026-05-07T06:54:04Z,50.0,Versa 4
2026-05-07T06:55:04Z,50.0,Versa 4
2026-05-07T06:56:04Z,50.0,Versa 4
2026-05-07T06:57:04Z,50.0,Versa 4
2026-05-07T06:58:04Z,50.0,Versa 4
2026-05-07T06:59:04Z,50.0,Versa 4
2026-05-07T07:00:04Z,50.0,Versa 4
2026-05-07T07:01:04Z,50.0,Versa 4
2026-05-07T07:02:04Z,50.0,Versa 4
2026-05-07T07:03:04Z,50.0,Versa 4
2026-05-07T11:34:07Z,98.3,Versa 4
2026-05-07T11:35:07Z,98.3,Versa 4
2026-05-07T11:36:07Z,98.4,Versa 4
2026-05-07T11:37:07Z,98.2,Versa 4
2026-05-07T11:38:07Z,50.0,Versa 4
2026-05-07T11:39:07Z,98.2,Versa 4
2026-05-07T11:40:07Z,97.6,Versa 4
2026-05-07T11:41:07Z,97.6,Versa 4
2026-05-07T11:42:07Z,97.7,Versa 4
2026-05-07T11:44:34Z,76.7,Versa 4
2026-05-07T11:45:34Z,78.6,Versa 4
2026-05-07T11:46:34Z,84.5,Versa 4
2026-05-07T11:47:34Z,89.2,Versa 4
2026-05-07T11:48:34Z,92.0,Versa 4
2026-05-07T11:49:34Z,93.7,Versa 4
2026-05-07T11:50:34Z,95.0,Versa 4
2026-05-07T11:51:34Z,95.8,Versa 4
2026-05-07T11:52:34Z,96.1,Versa 4
2026-05-07T11:53:34Z,96.4,Versa 4
2026-05-07T11:54:34Z,96.7,Versa 4
2026-05-07T11:55:34Z,96.9,Versa 4
2026-05-07T11:56:34Z,50.0,Versa 4
2026-05-07T11:57:34Z,97.1,Versa 4
2026-05-07T11:58:34Z,98.2,Versa 4
2026-05-07T11:59:34Z,98.7,Versa 4
2026-05-07T12:00:34Z,99.1,Versa 4
2026-05-07T12:01:34Z,99.2,Versa 4
2026-05-07T12:02:34Z,99.4,Versa 4
2026-05-07T12:03:34Z,99.7,Versa 4
2026-05-07T12:04:34Z,99.7,Versa 4
2026-05-07T12:05:34Z,99.8,Versa 4
2026-05-07T12:06:34Z,99.7,Versa 4
2026-05-07T12:07:34Z,99.6,Versa 4
2026-05-07T12:08:34Z,99.8,Versa 4
2026-05-07T12:09:34Z,99.9,Versa 4
2026-05-07T12:10:34Z,99.8,Versa 4
2026-05-07T12:11:34Z,99.8,Versa 4
2026-05-07T12:12:34Z,99.9,Versa 4
2026-05-07T12:13:34Z,99.9,Versa 4
2026-05-07T12:14:34Z,99.9,Versa 4
2026-05-07T12:15:34Z,99.9,Versa 4
2026-05-07T12:16:34Z,99.8,Versa 4
2026-05-07T12:17:34Z,99.8,Versa 4
2026-05-07T12:18:34Z,99.8,Versa 4
2026-05-07T12:19:34Z,99.8,Versa 4
2026-05-07T12:20:34Z,100.0,Versa 4
2026-05-07T12:21:34Z,100.0,Versa 4
2026-05-07T12:22:34Z,100.0,Versa 4
2026-05-07T12:23:34Z,100.0,Versa 4
2026-05-07T12:24:34Z,100.0,Versa 4
2026-05-07T12:25:34Z,100.0,Versa 4
2026-05-07T12:26:34Z,100.0,Versa 4
2026-05-07T12:27:34Z,100.0,Versa 4
2026-05-07T12:28:34Z,100.0,Versa 4
2026-05-07T12:29:34Z,100.0,Versa 4
2026-05-07T12:30:34Z,100.0,Versa 4
2026-05-07T12:31:34Z,99.1,Versa 4
2026-05-07T12:32:34Z,50.0,Versa 4
2026-05-07T12:33:34Z,98.5,Versa 4
2026-05-07T12:34:34Z,97.8,Versa 4
2026-05-07T12:35:34Z,96.8,Versa 4
2026-05-07T12:36:34Z,50.0,Versa 4
2026-05-07T12:37:34Z,96.5,Versa 4
2026-05-07T12:38:34Z,95.9,Versa 4
2026-05-07T12:39:34Z,95.3,Versa 4
2026-05-07T12:40:34Z,95.0,Versa 4
2026-05-07T12:41:34Z,94.3,Versa 4
2026-05-07T12:42:34Z,95.5,Versa 4
2026-05-07T12:43:34Z,95.9,Versa 4
2026-05-07T12:44:34Z,50.0,Versa 4
2026-05-07T12:45:34Z,95.9,Versa 4
2026-05-07T12:46:34Z,96.3,Versa 4
2026-05-07T12:47:34Z,96.4,Versa 4
2026-05-07T12:48:34Z,50.0,Versa 4
2026-05-07T12:49:34Z,96.7,Versa 4
2026-05-07T12:50:34Z,50.0,Versa 4
2026-05-07T12:51:34Z,97.0,Versa 4
2026-05-07T12:52:34Z,97.1,Versa 4
2026-05-07T12:53:34Z,97.3,Versa 4
2026-05-07T12:54:34Z,97.3,Versa 4
2026-05-07T12:55:34Z,97.2,Versa 4
2026-05-07T12:56:34Z,97.2,Versa 4
2026-05-07T12:57:34Z,97.1,Versa 4
2026-05-07T12:58:34Z,97.0,Versa 4
2026-05-07T12:59:34Z,50.0,Versa 4
2026-05-07T13:00:34Z,50.0,Versa 4
2026-05-07T13:01:34Z,50.0,Versa 4
2026-05-07T13:02:34Z,50.0,Versa 4
2026-05-07T13:03:34Z,50.0,Versa 4
2026-05-07T13:23:06Z,50.0,Versa 4
2026-05-07T13:24:06Z,50.0,Versa 4
2026-05-07T13:25:06Z,50.0,Versa 4
2026-05-07T13:26:06Z,50.0,Versa 4
2026-05-07T13:27:06Z,50.0,Versa 4
2026-05-07T13:28:06Z,50.0,Versa 4
2026-05-07T22:17:34Z,99.3,Versa 4
2026-05-07T22:18:34Z,98.7,Versa 4
2026-05-07T22:19:34Z,98.0,Versa 4
2026-05-07T22:20:34Z,97.4,Versa 4
2026-05-07T22:21:34Z,97.1,Versa 4
2026-05-07T22:22:34Z,96.8,Versa 4
2026-05-07T22:23:34Z,96.7,Versa 4
2026-05-07T22:24:34Z,96.6,Versa 4
2026-05-07T22:25:34Z,96.4,Versa 4
2026-05-07T22:26:34Z,96.3,Versa 4
2026-05-07T22:27:34Z,96.3,Versa 4
2026-05-07T22:28:34Z,96.3,Versa 4
2026-05-07T22:29:34Z,96.3,Versa 4
2026-05-07T22:30:34Z,96.3,Versa 4
2026-05-07T22:31:34Z,96.3,Versa 4
2026-05-07T22:32:34Z,96.4,Versa 4
2026-05-07T22:33:34Z,50.0,Versa 4
2026-05-07T22:34:34Z,96.4,Versa 4
2026-05-07T22:35:34Z,50.0,Versa 4
2026-05-07T22:36:34Z,95.0,Versa 4
2026-05-07T22:37:34Z,93.6,Versa 4
2026-05-07T22:38:34Z,92.7,Versa 4
2026-05-07T22:39:34Z,50.0,Versa 4
2026-05-07T22:40:34Z,93.4,Versa 4
2026-05-07T22:41:34Z,50.0,Versa 4
2026-05-07T22:42:34Z,94.3,Versa 4
2026-05-07T22:43:34Z,95.2,Versa 4
2026-05-07T22:44:34Z,95.8,Versa 4
2026-05-07T22:45:34Z,96.3,Versa 4
2026-05-07T22:46:34Z,50.0,Versa 4
2026-05-07T22:47:34Z,96.7,Versa 4
2026-05-07T22:48:34Z,96.9,Versa 4
2026-05-07T22:49:34Z,97.0,Versa 4
2026-05-07T22:50:34Z,97.1,Versa 4
2026-05-07T22:51:34Z,97.3,Versa 4
2026-05-07T22:52:34Z,97.3,Versa 4
2026-05-07T22:53:34Z,50.0,Versa 4
2026-05-07T22:54:34Z,96.8,Versa 4
2026-05-07T22:55:34Z,50.0,Versa 4
2026-05-07T22:56:34Z,96.0,Versa 4
2026-05-07T22:57:34Z,50.0,Versa 4
2026-05-07T22:58:34Z,96.1,Versa 4
2026-05-07T22:59:34Z,50.0,Versa 4
2026-05-07T23:00:34Z,50.0,Versa 4
2026-05-07T23:01:34Z,94.0,Versa 4
2026-05-07T23:02:34Z,92.0,Versa 4
2026-05-07T23:03:34Z,91.1,Versa 4
2026-05-07T23:04:34Z,89.8,Versa 4
2026-05-07T23:05:34Z,90.7,Versa 4
2026-05-07T23:06:34Z,90.3,Versa 4
2026-05-07T23:07:34Z,50.0,Versa 4
2026-05-07T23:08:34Z,89.7,Versa 4
2026-05-07T23:09:34Z,50.0,Versa 4
2026-05-07T23:10:34Z,90.2,Versa 4
2026-05-07T23:11:34Z,92.9,Versa 4
2026-05-07T23:12:34Z,50.0,Versa 4
2026-05-07T23:13:34Z,94.2,Versa 4
2026-05-07T23:14:34Z,93.0,Versa 4
2026-05-07T23:15:34Z,92.0,Versa 4
2026-05-07T23:16:34Z,50.0,Versa 4
2026-05-07T23:17:34Z,50.0,Versa 4
2026-05-07T23:18:34Z,92.1,Versa 4
2026-05-07T23:19:34Z,92.4,Versa 4
2026-05-07T23:20:34Z,93.5,Versa 4
2026-05-07T23:21:34Z,50.0,Versa 4
2026-05-07T23:22:34Z,93.0,Versa 4
2026-05-07T23:23:34Z,92.6,Versa 4
2026-05-07T23:24:34Z,91.6,Versa 4
2026-05-07T23:25:34Z,90.6,Versa 4
2026-05-07T23:26:34Z,89.4,Versa 4
2026-05-07T23:27:34Z,50.0,Versa 4
2026-05-07T23:28:34Z,91.4,Versa 4
2026-05-07T23:29:34Z,92.6,Versa 4
2026-05-07T23:30:34Z,93.3,Versa 4
2026-05-07T23:31:34Z,50.0,Versa 4
2026-05-07T23:32:34Z,93.9,Versa 4
2026-05-07T23:33:34Z,94.4,Versa 4
2026-05-07T23:34:34Z,94.6,Versa 4
2026-05-07T23:35:34Z,94.8,Versa 4
2026-05-07T23:36:34Z,94.7,Versa 4
2026-05-07T23:37:34Z,95.0,Versa 4
2026-05-07T23:38:34Z,50.0,Versa 4
2026-05-07T23:39:34Z,50.0,Versa 4
2026-05-07T23:40:34Z,95.1,Versa 4
2026-05-07T23:41:34Z,95.9,Versa 4
2026-05-07T23:42:34Z,96.5,Versa 4
2026-05-07T23:43:34Z,96.9,Versa 4
2026-05-07T23:44:34Z,50.0,Versa 4
2026-05-07T23:45:34Z,50.0,Versa 4
2026-05-07T23:46:34Z,97.1,Versa 4
2026-05-07T23:47:34Z,97.3,Versa 4
2026-05-07T23:48:34Z,97.5,Versa 4
2026-05-07T23:49:34Z,97.6,Versa 4
2026-05-07T23:50:34Z,97.8,Versa 4
2026-05-07T23:51:34Z,97.8,Versa 4
2026-05-07T23:52:34Z,97.9,Versa 4
2026-05-07T23:53:34Z,97.9,Versa 4
2026-05-07T23:54:34Z,97.8,Versa 4
2026-05-07T23:55:34Z,97.6,Versa 4
2026-05-07T23:56:34Z,97.7,Versa 4
2026-05-07T23:57:34Z,97.7,Versa 4
2026-05-07T23:58:34Z,50.0,Versa 4
2026-05-07T23:59:34Z,97.7,Versa 4
2026-05-08T00:00:34Z,96.8,Versa 4
2026-05-08T00:01:34Z,95.7,Versa 4
2026-05-08T00:02:34Z,94.8,Versa 4
2026-05-08T00:03:34Z,94.6,Versa 4
2026-05-08T00:04:34Z,94.4,Versa 4
2026-05-08T00:05:34Z,94.4,Versa 4
2026-05-08T00:06:34Z,50.0,Versa 4
2026-05-08T00:07:34Z,94.8,Versa 4
2026-05-08T00:08:34Z,95.5,Versa 4
2026-05-08T00:09:34Z,96.0,Versa 4
2026-05-08T00:10:34Z,96.1,Versa 4
2026-05-08T00:11:34Z,96.2,Versa 4
2026-05-08T00:12:34Z,96.2,Versa 4
2026-05-08T00:13:34Z,96.8,Versa 4
2026-05-08T00:14:34Z,97.0,Versa 4
2026-05-08T00:15:34Z,97.2,Versa 4
2026-05-08T00:16:34Z,97.1,Versa 4
2026-05-08T00:17:34Z,97.3,Versa 4
2026-05-08T00:18:34Z,97.3,Versa 4
2026-05-08T00:19:34Z,97.2,Versa 4
2026-05-08T00:20:34Z,97.3,Versa 4
2026-05-08T00:21:34Z,97.3,Versa 4
2026-05-08T00:22:34Z,97.2,Versa 4
2026-05-08T00:23:34Z,97.3,Versa 4
2026-05-08T00:24:34Z,97.3,Versa 4
2026-05-08T00:25:34Z,50.0,Versa 4
2026-05-08T00:26:34Z,97.0,Versa 4
2026-05-08T00:27:34Z,96.8,Versa 4
2026-05-08T00:28:34Z,96.4,Versa 4
2026-05-08T00:29:34Z,96.9,Versa 4
2026-05-08T00:30:34Z,97.4,Versa 4
2026-05-08T00:31:34Z,97.7,Versa 4
2026-05-08T00:32:34Z,97.9,Versa 4
2026-05-08T00:33:34Z,97.6,Versa 4
2026-05-08T00:34:34Z,97.7,Versa 4
2026-05-08T00:35:34Z,98.0,Versa 4
2026-05-08T00:36:34Z,98.1,Versa 4
2026-05-08T00:37:34Z,97.9,Versa 4
2026-05-08T00:38:34Z,50.0,Versa 4
2026-05-08T00:39:34Z,97.2,Versa 4
2026-05-08T00:40:34Z,95.7,Versa 4
2026-05-08T00:41:34Z,50.0,Versa 4
2026-05-08T00:42:34Z,95.9,Versa 4
2026-05-08T00:43:34Z,96.5,Versa 4
2026-05-08T00:44:34Z,96.8,Versa 4
2026-05-08T00:45:34Z,96.9,Versa 4
2026-05-08T00:46:34Z,97.3,Versa 4
2026-05-08T00:47:34Z,97.5,Versa 4
2026-05-08T00:48:34Z,97.5,Versa 4
2026-05-08T00:49:34Z,97.5,Versa 4
2026-05-08T00:50:34Z,97.4,Versa 4
2026-05-08T00:51:34Z,97.4,Versa 4
2026-05-08T00:52:34Z,97.5,Versa 4
2026-05-08T00:53:34Z,97.6,Versa 4
2026-05-08T00:54:34Z,97.8,Versa 4
2026-05-08T00:55:34Z,97.7,Versa 4
2026-05-08T00:56:34Z,97.6,Versa 4
2026-05-08T00:57:34Z,97.5,Versa 4
2026-05-08T00:58:34Z,97.4,Versa 4
2026-05-08T00:59:34Z,97.4,Versa 4
2026-05-08T01:00:34Z,97.3,Versa 4
2026-05-08T01:01:34Z,97.2,Versa 4
2026-05-08T01:02:34Z,97.2,Versa 4
2026-05-08T01:03:34Z,97.1,Versa 4
2026-05-08T01:04:34Z,97.2,Versa 4
2026-05-08T01:05:34Z,97.1,Versa 4
2026-05-08T01:06:34Z,96.9,Versa 4
2026-05-08T01:07:34Z,97.0,Versa 4
2026-05-08T01:08:34Z,97.0,Versa 4
2026-05-08T01:09:34Z,97.1,Versa 4
2026-05-08T01:10:34Z,97.0,Versa 4
2026-05-08T01:11:34Z,97.1,Versa 4
2026-05-08T01:12:34Z,97.0,Versa 4
2026-05-08T01:13:34Z,97.0,Versa 4
2026-05-08T01:14:34Z,96.9,Versa 4
2026-05-08T01:15:34Z,96.8,Versa 4
2026-05-08T01:16:34Z,96.9,Versa 4
2026-05-08T01:17:34Z,50.0,Versa 4
2026-05-08T01:18:34Z,50.0,Versa 4
2026-05-08T01:19:34Z,97.6,Versa 4
2026-05-08T01:20:34Z,98.9,Versa 4
2026-05-08T01:21:34Z,98.8,Versa 4
2026-05-08T01:22:34Z,98.4,Versa 4
2026-05-08T01:23:34Z,98.4,Versa 4
2026-05-08T01:24:34Z,97.6,Versa 4
2026-05-08T01:25:34Z,96.4,Versa 4
2026-05-08T01:26:34Z,95.7,Versa 4
2026-05-08T01:27:34Z,95.6,Versa 4
2026-05-08T01:28:34Z,96.0,Versa 4
2026-05-08T01:29:34Z,95.5,Versa 4
2026-05-08T01:30:34Z,95.3,Versa 4
2026-05-08T01:31:34Z,94.8,Versa 4
2026-05-08T01:32:34Z,94.7,Versa 4
2026-05-08T01:33:34Z,94.4,Versa 4
2026-05-08T01:34:34Z,94.2,Versa 4
2026-05-08T01:35:34Z,94.4,Versa 4
2026-05-08T01:36:34Z,94.2,Versa 4
2026-05-08T01:37:34Z,94.8,Versa 4
2026-05-08T01:38:34Z,94.7,Versa 4
2026-05-08T01:39:34Z,94.4,Versa 4
2026-05-08T01:40:34Z,94.4,Versa 4
2026-05-08T01:41:34Z,93.9,Versa 4
2026-05-08T01:42:34Z,50.0,Versa 4
2026-05-08T01:43:34Z,93.8,Versa 4
2026-05-08T01:44:34Z,95.2,Versa 4
2026-05-08T01:45:34Z,96.0,Versa 4
2026-05-08T01:46:34Z,96.7,Versa 4
2026-05-08T01:47:34Z,50.0,Versa 4
2026-05-08T01:48:34Z,50.0,Versa 4
2026-05-08T01:49:34Z,50.0,Versa 4
2026-05-08T01:50:34Z,97.0,Versa 4
2026-05-08T01:51:34Z,97.3,Versa 4
2026-05-08T01:52:34Z,97.5,Versa 4
2026-05-08T01:53:34Z,97.8,Versa 4
2026-05-08T01:54:34Z,97.9,Versa 4
2026-05-08T01:55:34Z,98.1,Versa 4
2026-05-08T01:56:34Z,98.2,Versa 4
2026-05-08T01:57:34Z,98.3,Versa 4
2026-05-08T01:58:34Z,98.4,Versa 4
2026-05-08T01:59:34Z,98.5,Versa 4
2026-05-08T02:00:34Z,98.7,Versa 4
2026-05-08T02:01:34Z,98.5,Versa 4
2026-05-08T02:02:34Z,98.5,Versa 4
2026-05-08T02:03:34Z,98.4,Versa 4
2026-05-08T02:04:34Z,98.5,Versa 4
2026-05-08T02:05:34Z,50.0,Versa 4
2026-05-08T02:06:34Z,97.8,Versa 4
2026-05-08T02:07:34Z,97.4,Versa 4
2026-05-08T02:08:34Z,97.1,Versa 4
2026-05-08T02:09:34Z,97.1,Versa 4
2026-05-08T02:10:34Z,97.1,Versa 4
2026-05-08T02:11:34Z,50.0,Versa 4
2026-05-08T02:12:34Z,50.0,Versa 4
2026-05-08T02:13:34Z,50.0,Versa 4
2026-05-08T02:14:34Z,50.0,Versa 4
2026-05-08T02:15:34Z,50.0,Versa 4
2026-05-08T02:16:34Z,50.0,Versa 4
2026-05-08T02:17:34Z,50.0,Versa 4
2026-05-08T02:18:34Z,50.0,Versa 4
2026-05-08T02:19:34Z,50.0,Versa 4
2026-05-08T02:20:34Z,50.0,Versa 4
2026-05-08T02:21:34Z,50.0,Versa 4
2026-05-08T02:22:34Z,50.0,Versa 4
2026-05-08T02:23:34Z,96.7,Versa 4
2026-05-08T02:24:34Z,96.2,Versa 4
2026-05-08T02:25:34Z,50.0,Versa 4
2026-05-08T02:26:34Z,95.6,Versa 4
2026-05-08T02:27:34Z,95.7,Versa 4
2026-05-08T02:28:34Z,96.2,Versa 4
2026-05-08T02:29:34Z,96.7,Versa 4
2026-05-08T02:30:34Z,96.5,Versa 4
2026-05-08T02:31:34Z,95.6,Versa 4
2026-05-08T02:32:34Z,50.0,Versa 4
2026-05-08T02:33:34Z,96.0,Versa 4
2026-05-08T02:34:34Z,50.0,Versa 4
2026-05-08T02:35:34Z,96.3,Versa 4
2026-05-08T02:36:34Z,50.0,Versa 4
2026-05-08T02:37:34Z,96.2,Versa 4
2026-05-08T02:38:34Z,96.3,Versa 4
2026-05-08T02:39:34Z,96.3,Versa 4
2026-05-08T02:40:34Z,96.4,Versa 4
2026-05-08T02:41:34Z,96.5,Versa 4
2026-05-08T02:42:34Z,96.5,Versa 4
2026-05-08T02:43:34Z,96.5,Versa 4
2026-05-08T02:44:34Z,96.6,Versa 4
2026-05-08T02:45:34Z,50.0,Versa 4
2026-05-08T02:46:34Z,96.6,Versa 4
2026-05-08T02:47:34Z,96.5,Versa 4
2026-05-08T02:48:34Z,50.0,Versa 4
2026-05-08T02:49:34Z,96.6,Versa 4
2026-05-08T02:50:34Z,96.5,Versa 4
2026-05-08T02:51:34Z,96.4,Versa 4
2026-05-08T02:52:34Z,96.2,Versa 4
2026-05-08T02:53:34Z,96.3,Versa 4
2026-05-08T02:54:34Z,96.3,Versa 4
2026-05-08T02:55:34Z,96.4,Versa 4
2026-05-08T02:56:34Z,96.4,Versa 4
2026-05-08T02:57:34Z,96.5,Versa 4
2026-05-08T02:58:34Z,96.4,Versa 4
2026-05-08T02:59:34Z,96.4,Versa 4
2026-05-08T03:00:34Z,96.6,Versa 4
2026-05-08T03:01:34Z,96.5,Versa 4
2026-05-08T03:02:34Z,96.4,Versa 4
2026-05-08T03:03:34Z,96.3,Versa 4
2026-05-08T03:04:34Z,96.2,Versa 4
2026-05-08T03:05:34Z,96.2,Versa 4
2026-05-08T03:06:34Z,96.0,Versa 4
2026-05-08T03:07:34Z,96.0,Versa 4
2026-05-08T03:08:34Z,96.0,Versa 4
2026-05-08T03:09:34Z,96.0,Versa 4
2026-05-08T03:10:34Z,96.0,Versa 4
2026-05-08T03:11:34Z,95.9,Versa 4
2026-05-08T03:12:34Z,95.9,Versa 4
2026-05-08T03:13:34Z,95.8,Versa 4
2026-05-08T03:14:34Z,95.9,Versa 4
2026-05-08T03:15:34Z,95.8,Versa 4
2026-05-08T03:16:34Z,95.8,Versa 4
2026-05-08T03:17:34Z,95.7,Versa 4
2026-05-08T03:18:34Z,95.8,Versa 4
2026-05-08T03:19:34Z,95.8,Versa 4
2026-05-08T03:20:34Z,95.7,Versa 4
2026-05-08T03:21:34Z,95.7,Versa 4
2026-05-08T03:22:34Z,95.7,Versa 4
2026-05-08T03:23:34Z,95.6,Versa 4
2026-05-08T03:24:34Z,50.0,Versa 4
2026-05-08T03:25:34Z,95.6,Versa 4
2026-05-08T03:26:34Z,95.3,Versa 4
2026-05-08T03:27:34Z,94.4,Versa 4
2026-05-08T03:28:34Z,50.0,Versa 4
2026-05-08T03:29:34Z,50.0,Versa 4
2026-05-08T03:30:34Z,94.3,Versa 4
2026-05-08T03:31:34Z,94.2,Versa 4
2026-05-08T03:32:34Z,94.0,Versa 4
2026-05-08T03:33:34Z,94.6,Versa 4
2026-05-08T03:34:34Z,94.7,Versa 4
2026-05-08T03:35:34Z,94.9,Versa 4
2026-05-08T03:36:34Z,95.1,Versa 4
2026-05-08T03:37:34Z,95.3,Versa 4
2026-05-08T03:38:34Z,95.6,Versa 4
2026-05-08T03:39:34Z,95.9,Versa 4
2026-05-08T03:40:34Z,95.7,Versa 4
2026-05-08T03:41:34Z,95.8,Versa 4
2026-05-08T03:42:34Z,50.0,Versa 4
2026-05-08T03:43:34Z,95.8,Versa 4
2026-05-08T03:44:34Z,94.3,Versa 4
2026-05-08T03:45:34Z,91.5,Versa 4
2026-05-08T03:46:34Z,91.6,Versa 4
2026-05-08T03:47:34Z,86.0,Versa 4
2026-05-08T03:48:34Z,83.6,Versa 4
2026-05-08T03:49:34Z,81.2,Versa 4
2026-05-08T03:50:34Z,80.6,Versa 4
2026-05-08T03:51:34Z,80.9,Versa 4
2026-05-08T03:52:34Z,81.1,Versa 4
2026-05-08T03:53:34Z,50.0,Versa 4
2026-05-08T03:54:34Z,50.0,Versa 4
2026-05-08T03:55:34Z,50.0,Versa 4
2026-05-08T03:56:34Z,84.1,Versa 4
2026-05-08T03:57:34Z,88.2,Versa 4
2026-05-08T03:58:34Z,90.6,Versa 4
2026-05-08T03:59:34Z,50.0,Versa 4
2026-05-08T04:00:34Z,92.3,Versa 4
2026-05-08T04:01:34Z,93.5,Versa 4
2026-05-08T04:02:34Z,94.4,Versa 4
2026-05-08T04:03:34Z,94.8,Versa 4
2026-05-08T04:04:34Z,94.8,Versa 4
2026-05-08T04:05:34Z,94.6,Versa 4
2026-05-08T04:06:34Z,94.7,Versa 4
2026-05-08T04:07:34Z,94.8,Versa 4
2026-05-08T04:08:34Z,94.7,Versa 4
2026-05-08T04:09:34Z,50.0,Versa 4
2026-05-08T04:10:34Z,94.0,Versa 4
2026-05-08T04:11:34Z,93.6,Versa 4
2026-05-08T04:12:34Z,94.0,Versa 4
2026-05-08T04:13:34Z,92.3,Versa 4
2026-05-08T04:14:34Z,91.8,Versa 4
2026-05-08T04:15:34Z,89.5,Versa 4
2026-05-08T04:16:34Z,88.2,Versa 4
2026-05-08T04:17:34Z,87.4,Versa 4
2026-05-08T04:18:34Z,86.7,Versa 4
2026-05-08T04:19:34Z,86.4,Versa 4
2026-05-08T04:20:34Z,50.0,Versa 4
2026-05-08T04:21:34Z,88.5,Versa 4
2026-05-08T04:22:34Z,92.1,Versa 4
2026-05-08T04:23:34Z,94.8,Versa 4
2026-05-08T04:24:34Z,97.2,Versa 4
2026-05-08T04:25:34Z,99.0,Versa 4
2026-05-08T04:26:34Z,100.0,Versa 4
2026-05-08T04:27:34Z,100.0,Versa 4
2026-05-08T04:28:34Z,100.0,Versa 4
2026-05-08T04:29:34Z,100.0,Versa 4
2026-05-08T04:30:34Z,100.0,Versa 4
2026-05-08T04:31:34Z,100.0,Versa 4
2026-05-08T04:32:34Z,100.0,Versa 4
2026-05-08T04:33:34Z,50.0,Versa 4
2026-05-08T04:34:34Z,100.0,Versa 4
2026-05-08T04:35:34Z,100.0,Versa 4
2026-05-08T04:36:34Z,100.0,Versa 4
2026-05-08T04:37:34Z,100.0,Versa 4
2026-05-08T04:38:34Z,100.0,Versa 4
2026-05-08T04:39:34Z,100.0,Versa 4
2026-05-08T04:40:34Z,100.0,Versa 4
2026-05-08T04:41:34Z,50.0,Versa 4
2026-05-08T04:42:34Z,50.0,Versa 4
2026-05-08T04:43:34Z,50.0,Versa 4
2026-05-08T04:44:34Z,100.0,Versa 4
2026-05-08T04:45:34Z,99.0,Versa 4
2026-05-08T04:46:34Z,98.2,Versa 4
2026-05-08T04:47:34Z,97.8,Versa 4
2026-05-08T04:48:34Z,97.4,Versa 4
2026-05-08T04:49:34Z,97.1,Versa 4
2026-05-08T04:50:34Z,96.9,Versa 4
2026-05-08T04:51:34Z,96.7,Versa 4
2026-05-08T04:52:34Z,96.5,Versa 4
2026-05-08T04:53:34Z,96.2,Versa 4
2026-05-08T04:54:34Z,95.9,Versa 4
2026-05-08T04:55:34Z,95.7,Versa 4
2026-05-08T04:56:34Z,95.5,Versa 4
2026-05-08T04:57:34Z,95.2,Versa 4
2026-05-08T04:58:34Z,95.0,Versa 4
2026-05-08T04:59:34Z,94.9,Versa 4
2026-05-08T05:00:34Z,95.2,Versa 4
2026-05-08T05:01:34Z,95.5,Versa 4
2026-05-08T05:02:34Z,50.0,Versa 4
2026-05-08T05:03:34Z,95.8,Versa 4
2026-05-08T05:04:34Z,96.6,Versa 4
2026-05-08T05:05:34Z,96.9,Versa 4
2026-05-08T05:06:34Z,97.2,Versa 4
2026-05-08T05:07:34Z,97.5,Versa 4
2026-05-08T05:08:34Z,97.9,Versa 4
2026-05-08T05:09:34Z,98.0,Versa 4
2026-05-08T05:10:34Z,98.2,Versa 4
2026-05-08T05:11:34Z,98.5,Versa 4
2026-05-08T05:12:34Z,99.5,Versa 4
2026-05-08T05:13:34Z,100.0,Versa 4
2026-05-08T05:14:34Z,100.0,Versa 4
2026-05-08T05:15:34Z,100.0,Versa 4
2026-05-08T05:16:34Z,100.0,Versa 4
2026-05-08T05:17:34Z,100.0,Versa 4
2026-05-08T05:18:34Z,100.0,Versa 4
2026-05-08T05:19:34Z,100.0,Versa 4
2026-05-08T05:20:34Z,50.0,Versa 4
2026-05-08T05:21:34Z,99.7,Versa 4
2026-05-08T05:22:34Z,98.2,Versa 4
2026-05-08T05:23:34Z,97.2,Versa 4
2026-05-08T05:24:34Z,96.5,Versa 4
2026-05-08T05:25:34Z,95.6,Versa 4
2026-05-08T05:26:34Z,95.1,Versa 4
2026-05-08T05:27:34Z,95.0,Versa 4
2026-05-08T05:28:34Z,94.8,Versa 4
2026-05-08T05:29:34Z,50.0,Versa 4
2026-05-08T05:30:34Z,50.0,Versa 4
2026-05-08T05:31:34Z,94.4,Versa 4
2026-05-08T05:32:34Z,94.4,Versa 4
2026-05-08T05:33:34Z,94.5,Versa 4
2026-05-08T05:34:34Z,50.0,Versa 4
2026-05-08T05:35:34Z,95.1,Versa 4
2026-05-08T05:36:34Z,50.0,Versa 4
2026-05-08T05:37:34Z,96.5,Versa 4
2026-05-08T05:38:34Z,96.9,Versa 4
2026-05-08T05:39:34Z,50.0,Versa 4
2026-05-08T05:40:34Z,50.0,Versa 4
2026-05-08T05:41:34Z,50.0,Versa 4
2026-05-08T05:42:34Z,50.0,Versa 4
2026-05-08T05:43:34Z,50.0,Versa 4
2026-05-08T05:44:34Z,50.0,Versa 4
2026-05-08T05:45:34Z,50.0,Versa 4
2026-05-08T05:46:34Z,97.4,Versa 4
2026-05-08T05:47:34Z,50.0,Versa 4
2026-05-08T05:48:34Z,50.0,Versa 4
2026-05-08T05:49:34Z,50.0,Versa 4
2026-05-08T05:50:34Z,50.0,Versa 4
2026-05-08T05:51:34Z,50.0,Versa 4
2026-05-08T05:52:34Z,50.0,Versa 4
2026-05-08T05:53:34Z,50.0,Versa 4
2026-05-08T05:54:34Z,50.0,Versa 4
2026-05-08T05:55:34Z,50.0,Versa 4
2026-05-08T05:56:34Z,50.0,Versa 4
2026-05-08T05:57:34Z,50.0,Versa 4
2026-05-08T05:58:34Z,50.0,Versa 4
2026-05-09T00:36:05Z,97.7,Versa 4
2026-05-09T00:37:05Z,50.0,Versa 4
2026-05-09T00:38:05Z,97.5,Versa 4
2026-05-09T00:39:05Z,97.3,Versa 4
2026-05-09T00:40:05Z,97.1,Versa 4
2026-05-09T00:41:05Z,97.0,Versa 4
2026-05-09T00:50:35Z,95.0,Versa 4
2026-05-09T00:51:35Z,95.3,Versa 4
2026-05-09T00:52:35Z,95.5,Versa 4
2026-05-09T00:53:35Z,95.4,Versa 4
2026-05-09T00:54:35Z,95.9,Versa 4
2026-05-09T00:55:35Z,96.1,Versa 4
2026-05-09T00:56:35Z,96.1,Versa 4
2026-05-09T00:57:35Z,96.2,Versa 4
2026-05-09T00:58:35Z,96.3,Versa 4
2026-05-09T00:59:35Z,50.0,Versa 4
2026-05-09T01:00:35Z,96.4,Versa 4
2026-05-09T01:01:35Z,96.5,Versa 4
2026-05-09T01:02:35Z,96.5,Versa 4
2026-05-09T01:03:35Z,96.5,Versa 4
2026-05-09T01:04:35Z,96.4,Versa 4
2026-05-09T01:05:35Z,96.0,Versa 4
2026-05-09T01:06:35Z,50.0,Versa 4
2026-05-09T01:07:35Z,93.5,Versa 4
2026-05-09T01:08:35Z,50.0,Versa 4
2026-05-09T01:09:35Z,92.1,Versa 4
2026-05-09T01:10:35Z,50.0,Versa 4
2026-05-09T01:11:35Z,50.0,Versa 4
2026-05-09T01:12:35Z,50.0,Versa 4
2026-05-09T01:13:35Z,50.0,Versa 4
2026-05-09T01:14:35Z,50.0,Versa 4
2026-05-09T01:15:35Z,50.0,Versa 4
2026-05-09T01:16:35Z,50.0,Versa 4
2026-05-09T01:17:35Z,92.7,Versa 4
2026-05-09T01:18:35Z,50.0,Versa 4
2026-05-09T01:19:35Z,50.0,Versa 4
2026-05-09T01:20:35Z,93.6,Versa 4
2026-05-09T01:21:35Z,93.9,Versa 4
2026-05-09T01:22:35Z,94.0,Versa 4
2026-05-09T01:23:35Z,94.1,Versa 4
2026-05-09T01:24:35Z,94.3,Versa 4
2026-05-09T01:25:35Z,94.5,Versa 4
2026-05-09T01:26:35Z,94.6,Versa 4
2026-05-09T01:27:35Z,94.7,Versa 4
2026-05-09T01:28:35Z,94.7,Versa 4
2026-05-09T01:29:35Z,95.0,Versa 4
2026-05-09T01:30:35Z,95.3,Versa 4
2026-05-09T01:31:35Z,50.0,Versa 4
2026-05-09T01:32:35Z,93.5,Versa 4
2026-05-09T01:33:35Z,92.9,Versa 4
2026-05-09T01:34:35Z,88.6,Versa 4
2026-05-09T01:35:35Z,85.4,Versa 4
2026-05-09T01:36:35Z,82.3,Versa 4
2026-05-09T01:37:35Z,81.1,Versa 4
2026-05-09T01:38:35Z,79.6,Versa 4
2026-05-09T01:39:35Z,80.0,Versa 4
2026-05-09T01:40:35Z,80.8,Versa 4
2026-05-09T01:41:35Z,80.5,Versa 4
2026-05-09T01:42:35Z,80.6,Versa 4
2026-05-09T01:43:35Z,80.7,Versa 4
2026-05-09T01:44:35Z,81.1,Versa 4
2026-05-09T01:45:35Z,81.4,Versa 4
2026-05-09T01:46:35Z,81.7,Versa 4
2026-05-09T01:47:35Z,82.4,Versa 4
2026-05-09T01:48:35Z,82.9,Versa 4
2026-05-09T01:49:35Z,83.5,Versa 4
2026-05-09T01:50:35Z,83.7,Versa 4
2026-05-09T01:51:35Z,84.0,Versa 4
2026-05-09T01:52:35Z,84.0,Versa 4
2026-05-09T01:53:35Z,84.1,Versa 4
2026-05-09T01:54:35Z,84.2,Versa 4
2026-05-09T01:55:35Z,84.0,Versa 4
2026-05-09T01:56:35Z,84.9,Versa 4
2026-05-09T01:57:35Z,85.1,Versa 4
2026-05-09T01:58:35Z,84.5,Versa 4
2026-05-09T01:59:35Z,50.0,Versa 4
2026-05-09T02:00:35Z,83.8,Versa 4
2026-05-09T02:01:35Z,86.1,Versa 4
2026-05-09T02:02:35Z,88.7,Versa 4
2026-05-09T02:03:35Z,90.2,Versa 4
2026-05-09T02:04:35Z,91.5,Versa 4
2026-05-09T02:05:35Z,92.6,Versa 4
2026-05-09T02:06:35Z,93.3,Versa 4
2026-05-09T02:07:35Z,93.7,Versa 4
2026-05-09T02:08:35Z,50.0,Versa 4
2026-05-09T02:09:35Z,50.0,Versa 4
2026-05-09T02:10:35Z,94.1,Versa 4
2026-05-09T02:11:35Z,94.6,Versa 4
2026-05-09T02:12:35Z,95.1,Versa 4
2026-05-09T02:13:35Z,95.4,Versa 4
2026-05-09T02:14:35Z,50.0,Versa 4
2026-05-09T02:15:35Z,95.6,Versa 4
2026-05-09T02:16:35Z,95.5,Versa 4
2026-05-09T02:17:35Z,50.0,Versa 4
2026-05-09T02:18:35Z,50.0,Versa 4
2026-05-09T02:19:35Z,95.3,Versa 4
2026-05-09T02:20:35Z,94.9,Versa 4
2026-05-09T02:21:35Z,94.7,Versa 4
2026-05-09T02:22:35Z,50.0,Versa 4
2026-05-09T02:23:35Z,93.4,Versa 4
2026-05-09T02:24:35Z,88.5,Versa 4
2026-05-09T02:25:35Z,85.2,Versa 4
2026-05-09T02:26:35Z,84.0,Versa 4
2026-05-09T02:27:35Z,82.1,Versa 4
2026-05-09T02:28:35Z,80.4,Versa 4
2026-05-09T02:29:35Z,80.4,Versa 4
2026-05-09T02:30:35Z,82.2,Versa 4
2026-05-09T02:31:35Z,82.6,Versa 4
2026-05-09T02:32:35Z,84.4,Versa 4
2026-05-09T02:33:35Z,87.9,Versa 4
2026-05-09T02:34:35Z,89.8,Versa 4
2026-05-09T02:35:35Z,91.2,Versa 4
2026-05-09T02:36:35Z,92.0,Versa 4
2026-05-09T02:37:35Z,50.0,Versa 4
2026-05-09T02:38:35Z,92.9,Versa 4
2026-05-09T02:39:35Z,93.8,Versa 4
2026-05-09T02:40:35Z,94.5,Versa 4
2026-05-09T02:41:35Z,94.9,Versa 4
2026-05-09T02:42:35Z,95.2,Versa 4
2026-05-09T02:43:35Z,95.4,Versa 4
2026-05-09T02:44:35Z,95.6,Versa 4
2026-05-09T02:45:35Z,95.7,Versa 4
2026-05-09T02:46:35Z,95.8,Versa 4
2026-05-09T02:47:35Z,95.9,Versa 4
2026-05-09T02:48:35Z,95.9,Versa 4
2026-05-09T02:49:35Z,95.9,Versa 4
2026-05-09T02:50:35Z,96.0,Versa 4
2026-05-09T02:51:35Z,96.0,Versa 4
2026-05-09T02:52:35Z,50.0,Versa 4
2026-05-09T02:53:35Z,96.0,Versa 4
2026-05-09T02:54:35Z,96.1,Versa 4
2026-05-09T02:55:35Z,96.2,Versa 4
2026-05-09T02:56:35Z,50.0,Versa 4
2026-05-09T02:57:35Z,50.0,Versa 4
2026-05-09T02:58:35Z,50.0,Versa 4
2026-05-09T02:59:35Z,50.0,Versa 4
2026-05-09T03:00:35Z,96.1,Versa 4
2026-05-09T03:01:35Z,95.9,Versa 4
2026-05-09T03:02:35Z,95.8,Versa 4
2026-05-09T03:03:35Z,95.8,Versa 4
2026-05-09T03:04:35Z,95.8,Versa 4
2026-05-09T03:05:35Z,95.9,Versa 4
2026-05-09T03:06:35Z,96.0,Versa 4
2026-05-09T03:07:35Z,96.1,Versa 4
2026-05-09T03:08:35Z,50.0,Versa 4
2026-05-09T03:09:35Z,96.2,Versa 4
2026-05-09T03:10:35Z,50.0,Versa 4
2026-05-09T03:11:35Z,50.0,Versa 4
2026-05-09T03:12:35Z,50.0,Versa 4
2026-05-09T03:13:35Z,96.3,Versa 4
2026-05-09T03:14:35Z,96.3,Versa 4
2026-05-09T03:15:35Z,96.3,Versa 4
2026-05-09T03:16:35Z,96.2,Versa 4
2026-05-09T03:17:35Z,96.2,Versa 4
2026-05-09T03:18:35Z,50.0,Versa 4
2026-05-09T03:19:35Z,50.0,Versa 4
2026-05-09T03:20:35Z,50.0,Versa 4
2026-05-09T03:21:35Z,89.5,Versa 4
2026-05-09T03:22:35Z,50.0,Versa 4
2026-05-09T03:23:35Z,90.9,Versa 4
2026-05-09T03:24:35Z,92.7,Versa 4
2026-05-09T03:25:35Z,92.8,Versa 4
2026-05-09T03:26:35Z,93.2,Versa 4
2026-05-09T03:27:35Z,50.0,Versa 4
2026-05-09T03:28:35Z,50.0,Versa 4
2026-05-09T03:29:35Z,50.0,Versa 4
2026-05-09T03:30:35Z,93.9,Versa 4
2026-05-09T03:31:35Z,94.4,Versa 4
2026-05-09T03:32:35Z,94.6,Versa 4
2026-05-09T03:33:35Z,50.0,Versa 4
2026-05-09T03:34:35Z,50.0,Versa 4
2026-05-09T03:35:35Z,94.9,Versa 4
2026-05-09T03:36:35Z,95.2,Versa 4
2026-05-09T03:37:35Z,95.2,Versa 4
2026-05-09T03:38:35Z,95.2,Versa 4
2026-05-09T03:39:35Z,50.0,Versa 4
2026-05-09T03:40:35Z,50.0,Versa 4
2026-05-09T03:41:35Z,95.6,Versa 4
2026-05-09T03:42:35Z,95.6,Versa 4
2026-05-09T03:43:35Z,95.8,Versa 4
2026-05-09T03:44:35Z,95.8,Versa 4
2026-05-09T03:45:35Z,95.5,Versa 4
2026-05-09T03:46:35Z,95.2,Versa 4
2026-05-09T03:47:35Z,95.2,Versa 4
2026-05-09T03:48:35Z,95.2,Versa 4
2026-05-09T03:49:35Z,95.3,Versa 4
2026-05-09T03:50:35Z,95.4,Versa 4
2026-05-09T03:51:35Z,95.5,Versa 4
2026-05-09T03:52:35Z,95.3,Versa 4
2026-05-09T03:53:35Z,95.0,Versa 4
2026-05-09T03:54:35Z,50.0,Versa 4
2026-05-09T03:55:35Z,95.1,Versa 4
2026-05-09T03:56:35Z,95.5,Versa 4
2026-05-09T03:57:35Z,50.0,Versa 4
2026-05-09T03:58:35Z,50.0,Versa 4
2026-05-09T03:59:35Z,95.7,Versa 4
2026-05-09T04:00:35Z,50.0,Versa 4
2026-05-09T04:01:35Z,95.9,Versa 4
2026-05-09T04:02:35Z,50.0,Versa 4
2026-05-09T04:03:35Z,92.1,Versa 4
2026-05-09T04:04:35Z,88.0,Versa 4
2026-05-09T04:05:35Z,85.4,Versa 4
2026-05-09T04:06:35Z,84.2,Versa 4
2026-05-09T04:07:35Z,83.6,Versa 4
2026-05-09T04:08:35Z,83.4,Versa 4
2026-05-09T04:09:35Z,83.7,Versa 4
2026-05-09T04:10:35Z,84.2,Versa 4
2026-05-09T04:11:35Z,50.0,Versa 4
2026-05-09T04:12:35Z,84.7,Versa 4
2026-05-09T04:13:35Z,88.1,Versa 4
2026-05-09T04:14:35Z,90.6,Versa 4
2026-05-09T04:15:35Z,92.4,Versa 4
2026-05-09T04:16:35Z,93.3,Versa 4
2026-05-09T04:17:35Z,93.9,Versa 4
2026-05-09T04:18:35Z,94.2,Versa 4
2026-05-09T04:19:35Z,94.5,Versa 4
2026-05-09T04:20:35Z,94.5,Versa 4
2026-05-09T04:21:35Z,94.5,Versa 4
2026-05-09T04:22:35Z,94.6,Versa 4
2026-05-09T04:23:35Z,94.7,Versa 4
2026-05-09T04:24:35Z,94.6,Versa 4
2026-05-09T04:25:35Z,94.8,Versa 4
2026-05-09T04:26:35Z,94.9,Versa 4
2026-05-09T04:27:35Z,94.9,Versa 4
2026-05-09T04:28:35Z,95.3,Versa 4
2026-05-09T04:29:35Z,95.1,Versa 4
2026-05-09T04:30:35Z,95.1,Versa 4
2026-05-09T04:31:35Z,95.2,Versa 4
2026-05-09T04:32:35Z,95.2,Versa 4
2026-05-09T04:33:35Z,95.3,Versa 4
2026-05-09T04:34:35Z,95.2,Versa 4
2026-05-09T04:35:35Z,95.2,Versa 4
2026-05-09T04:36:35Z,95.0,Versa 4
2026-05-09T04:37:35Z,94.9,Versa 4
2026-05-09T04:38:35Z,95.0,Versa 4
2026-05-09T04:39:35Z,94.9,Versa 4
2026-05-09T04:40:35Z,95.0,Versa 4
2026-05-09T04:41:35Z,50.0,Versa 4
2026-05-09T04:42:35Z,50.0,Versa 4
2026-05-09T04:43:35Z,50.0,Versa 4
2026-05-09T04:44:35Z,50.0,Versa 4
2026-05-09T04:45:35Z,50.0,Versa 4
2026-05-09T04:46:35Z,95.5,Versa 4
2026-05-09T04:47:35Z,95.8,Versa 4
2026-05-09T04:48:35Z,50.0,Versa 4
2026-05-09T04:49:35Z,96.0,Versa 4
2026-05-09T04:50:35Z,96.2,Versa 4
2026-05-09T04:51:35Z,96.3,Versa 4
2026-05-09T04:52:35Z,96.4,Versa 4
2026-05-09T04:53:35Z,96.5,Versa 4
2026-05-09T04:54:35Z,96.6,Versa 4
2026-05-09T04:55:35Z,96.8,Versa 4
2026-05-09T04:56:35Z,96.8,Versa 4
2026-05-09T04:57:35Z,96.8,Versa 4
2026-05-09T04:58:35Z,96.8,Versa 4
2026-05-09T04:59:35Z,96.9,Versa 4
2026-05-09T05:00:35Z,50.0,Versa 4
2026-05-09T05:01:35Z,96.7,Versa 4
2026-05-09T05:02:35Z,96.0,Versa 4
2026-05-09T05:03:35Z,95.4,Versa 4
2026-05-09T05:04:35Z,95.0,Versa 4
2026-05-09T05:05:35Z,95.1,Versa 4
2026-05-09T05:06:35Z,95.3,Versa 4
2026-05-09T05:07:35Z,95.4,Versa 4
2026-05-09T05:08:35Z,50.0,Versa 4
2026-05-09T05:09:35Z,50.0,Versa 4
2026-05-09T05:10:35Z,95.5,Versa 4
2026-05-09T05:11:35Z,96.0,Versa 4
2026-05-09T05:12:35Z,96.2,Versa 4
2026-05-09T05:13:35Z,96.4,Versa 4
2026-05-09T05:14:35Z,96.6,Versa 4
2026-05-09T05:15:35Z,96.6,Versa 4
2026-05-09T05:16:35Z,50.0,Versa 4
2026-05-09T05:17:35Z,96.6,Versa 4
2026-05-09T05:18:35Z,96.6,Versa 4
2026-05-09T05:19:35Z,50.0,Versa 4
2026-05-09T05:20:35Z,96.1,Versa 4
2026-05-09T05:21:35Z,94.8,Versa 4
2026-05-09T05:22:35Z,93.9,Versa 4
2026-05-09T05:23:35Z,50.0,Versa 4
2026-05-09T05:24:35Z,93.9,Versa 4
2026-05-09T05:25:35Z,94.5,Versa 4
2026-05-09T05:26:35Z,95.0,Versa 4
2026-05-09T05:27:35Z,95.3,Versa 4
2026-05-09T05:28:35Z,95.5,Versa 4
2026-05-09T05:29:35Z,95.6,Versa 4
2026-05-09T05:30:35Z,95.5,Versa 4
2026-05-09T05:31:35Z,96.6,Versa 4
2026-05-09T05:32:35Z,97.1,Versa 4
2026-05-09T05:33:35Z,98.1,Versa 4
2026-05-09T05:34:35Z,98.3,Versa 4
2026-05-09T05:35:35Z,98.1,Versa 4
2026-05-09T05:36:35Z,97.7,Versa 4
2026-05-09T05:37:35Z,97.5,Versa 4
2026-05-09T05:38:35Z,97.4,Versa 4
2026-05-09T05:39:35Z,97.3,Versa 4
2026-05-09T05:40:35Z,97.2,Versa 4
2026-05-09T05:41:35Z,97.0,Versa 4
2026-05-09T05:42:35Z,96.9,Versa 4
2026-05-09T05:43:35Z,96.6,Versa 4
2026-05-09T05:44:35Z,96.4,Versa 4
2026-05-09T05:45:35Z,96.4,Versa 4
2026-05-09T05:46:35Z,96.2,Versa 4
2026-05-09T05:47:35Z,96.3,Versa 4
2026-05-09T05:48:35Z,96.2,Versa 4
2026-05-09T05:49:35Z,96.0,Versa 4
2026-05-09T05:50:35Z,95.9,Versa 4
2026-05-09T05:51:35Z,95.7,Versa 4
2026-05-09T05:52:35Z,95.6,Versa 4
2026-05-09T05:53:35Z,95.9,Versa 4
2026-05-09T05:54:35Z,96.1,Versa 4
2026-05-09T05:55:35Z,96.3,Versa 4
2026-05-09T05:56:35Z,96.3,Versa 4
2026-05-09T05:57:35Z,96.5,Versa 4
2026-05-09T05:58:35Z,96.5,Versa 4
2026-05-09T05:59:35Z,96.7,Versa 4
2026-05-09T06:00:35Z,96.7,Versa 4
2026-05-09T06:01:35Z,96.8,Versa 4
2026-05-09T06:02:35Z,96.8,Versa 4
2026-05-09T06:03:35Z,50.0,Versa 4
2026-05-09T06:04:35Z,96.7,Versa 4
2026-05-09T06:05:35Z,96.1,Versa 4
2026-05-09T06:06:35Z,95.8,Versa 4
2026-05-09T06:07:35Z,95.9,Versa 4
2026-05-09T06:08:35Z,96.2,Versa 4
2026-05-09T06:09:35Z,96.3,Versa 4
2026-05-09T06:10:35Z,96.2,Versa 4
2026-05-09T06:11:35Z,50.0,Versa 4
2026-05-09T06:12:35Z,50.0,Versa 4
2026-05-09T06:13:35Z,96.4,Versa 4
2026-05-09T06:14:35Z,50.0,Versa 4
2026-05-09T06:15:35Z,50.0,Versa 4
2026-05-09T06:16:35Z,50.0,Versa 4
2026-05-09T06:17:35Z,50.0,Versa 4
2026-05-09T06:18:35Z,50.0,Versa 4
2026-05-09T06:19:35Z,50.0,Versa 4
2026-05-09T06:20:35Z,50.0,Versa 4
2026-05-09T06:21:35Z,50.0,Versa 4
2026-05-09T06:22:35Z,96.9,Versa 4
2026-05-09T06:23:35Z,94.7,Versa 4
2026-05-09T06:24:35Z,89.6,Versa 4
2026-05-09T06:25:35Z,83.5,Versa 4
2026-05-09T06:26:35Z,81.4,Versa 4
2026-05-09T06:27:35Z,80.7,Versa 4
2026-05-09T06:28:35Z,82.4,Versa 4
2026-05-09T06:29:35Z,50.0,Versa 4
2026-05-09T06:30:35Z,82.2,Versa 4
2026-05-09T06:31:35Z,82.4,Versa 4
2026-05-09T06:32:35Z,82.6,Versa 4
2026-05-09T06:33:35Z,50.0,Versa 4
2026-05-09T06:34:35Z,84.8,Versa 4
2026-05-09T06:35:35Z,88.0,Versa 4
2026-05-09T06:36:35Z,50.0,Versa 4
2026-05-09T06:37:35Z,89.5,Versa 4
2026-05-09T06:38:35Z,50.0,Versa 4
2026-05-09T06:39:35Z,91.8,Versa 4
2026-05-09T06:40:35Z,50.0,Versa 4
2026-05-09T06:41:35Z,93.9,Versa 4
2026-05-09T06:42:35Z,50.0,Versa 4
2026-05-09T06:43:35Z,50.0,Versa 4
2026-05-09T06:44:35Z,94.9,Versa 4
2026-05-09T06:45:35Z,95.9,Versa 4
2026-05-09T06:46:35Z,96.3,Versa 4
2026-05-09T06:47:35Z,96.5,Versa 4
2026-05-09T06:48:35Z,50.0,Versa 4
2026-05-09T06:49:35Z,96.6,Versa 4
2026-05-09T06:50:35Z,50.0,Versa 4
2026-05-09T06:51:35Z,97.0,Versa 4
2026-05-09T06:52:35Z,97.0,Versa 4
2026-05-09T06:53:35Z,96.8,Versa 4
2026-05-09T06:54:35Z,96.6,Versa 4
2026-05-09T06:55:35Z,96.6,Versa 4
2026-05-09T06:56:35Z,50.0,Versa 4
2026-05-09T06:57:35Z,50.0,Versa 4
2026-05-09T06:58:35Z,96.5,Versa 4
2026-05-09T06:59:35Z,96.8,Versa 4
2026-05-09T07:00:35Z,96.8,Versa 4
2026-05-09T07:01:35Z,96.8,Versa 4
2026-05-09T07:02:35Z,96.7,Versa 4
2026-05-09T07:03:35Z,96.6,Versa 4
2026-05-09T07:04:35Z,50.0,Versa 4
2026-05-09T07:05:35Z,50.0,Versa 4
2026-05-09T07:06:35Z,95.9,Versa 4
2026-05-09T07:07:35Z,95.6,Versa 4
2026-05-09T07:08:35Z,95.4,Versa 4
2026-05-09T07:09:35Z,95.3,Versa 4
2026-05-09T07:10:35Z,95.1,Versa 4
2026-05-09T07:11:35Z,50.0,Versa 4
2026-05-09T07:12:35Z,95.1,Versa 4
2026-05-09T07:13:35Z,95.2,Versa 4
2026-05-09T07:14:35Z,95.2,Versa 4
2026-05-09T07:15:35Z,95.4,Versa 4
2026-05-09T07:16:35Z,95.5,Versa 4
2026-05-09T07:17:35Z,95.3,Versa 4
2026-05-09T07:18:35Z,95.5,Versa 4
2026-05-09T07:19:35Z,50.0,Versa 4
2026-05-09T07:20:35Z,95.6,Versa 4
2026-05-09T07:21:35Z,50.0,Versa 4
2026-05-09T07:22:35Z,50.0,Versa 4
2026-05-09T07:23:35Z,96.1,Versa 4
2026-05-09T07:24:35Z,96.0,Versa 4
2026-05-09T07:25:35Z,96.2,Versa 4
2026-05-09T07:26:35Z,96.1,Versa 4
2026-05-09T07:27:35Z,50.0,Versa 4
2026-05-09T07:28:35Z,95.8,Versa 4
2026-05-09T07:29:35Z,95.5,Versa 4
2026-05-09T07:30:35Z,95.1,Versa 4
2026-05-09T07:31:35Z,50.0,Versa 4
2026-05-09T07:32:35Z,94.1,Versa 4
2026-05-09T07:33:35Z,93.7,Versa 4
2026-05-09T07:34:35Z,93.6,Versa 4
2026-05-09T07:35:35Z,50.0,Versa 4
2026-05-09T07:36:35Z,93.5,Versa 4
2026-05-09T07:37:35Z,50.0,Versa 4
2026-05-09T07:38:35Z,93.7,Versa 4
2026-05-09T07:39:35Z,94.1,Versa 4
2026-05-09T07:40:35Z,94.4,Versa 4
2026-05-09T07:41:35Z,50.0,Versa 4
2026-05-09T07:42:35Z,94.6,Versa 4
2026-05-09T07:43:35Z,94.9,Versa 4
2026-05-09T07:44:35Z,95.1,Versa 4
2026-05-09T07:45:35Z,50.0,Versa 4
2026-05-09T07:46:35Z,95.1,Versa 4
2026-05-09T07:47:35Z,95.1,Versa 4
2026-05-09T07:48:35Z,95.0,Versa 4
2026-05-09T07:49:35Z,95.0,Versa 4
2026-05-09T07:50:35Z,50.0,Versa 4
2026-05-09T07:51:35Z,50.0,Versa 4
2026-05-09T07:52:35Z,95.0,Versa 4
2026-05-09T07:53:35Z,94.9,Versa 4
2026-05-09T07:54:35Z,95.0,Versa 4
2026-05-09T07:55:35Z,95.0,Versa 4
2026-05-09T07:56:35Z,95.0,Versa 4
2026-05-09T07:57:35Z,95.1,Versa 4
2026-05-09T07:58:35Z,95.1,Versa 4
2026-05-09T07:59:35Z,95.2,Versa 4
2026-05-09T08:00:35Z,95.3,Versa 4
2026-05-09T08:01:35Z,95.3,Versa 4
2026-05-09T08:02:35Z,95.3,Versa 4
2026-05-09T08:03:35Z,95.4,Versa 4
2026-05-09T08:04:35Z,95.3,Versa 4
2026-05-09T08:05:35Z,95.4,Versa 4
2026-05-09T08:06:35Z,95.4,Versa 4
2026-05-09T08:07:35Z,95.4,Versa 4
2026-05-09T08:08:35Z,95.5,Versa 4
2026-05-09T08:09:35Z,95.5,Versa 4
2026-05-09T08:10:35Z,95.6,Versa 4
2026-05-09T08:11:35Z,95.5,Versa 4
2026-05-09T08:12:35Z,95.6,Versa 4
2026-05-09T08:13:35Z,95.6,Versa 4
2026-05-09T08:14:35Z,95.6,Versa 4
2026-05-09T08:15:35Z,95.5,Versa 4
2026-05-09T08:16:35Z,95.6,Versa 4
2026-05-09T08:17:35Z,95.5,Versa 4
2026-05-09T08:18:35Z,50.0,Versa 4
2026-05-09T08:19:35Z,95.3,Versa 4
2026-05-09T08:20:35Z,95.6,Versa 4
2026-05-09T08:21:35Z,50.0,Versa 4
2026-05-09T08:22:35Z,96.1,Versa 4
2026-05-09T08:23:35Z,96.0,Versa 4
2026-05-09T08:24:35Z,95.8,Versa 4
2026-05-09T08:25:35Z,95.7,Versa 4
2026-05-09T08:26:35Z,95.7,Versa 4
2026-05-09T08:27:35Z,95.6,Versa 4
2026-05-09T08:28:35Z,95.7,Versa 4
2026-05-09T08:29:35Z,95.7,Versa 4
2026-05-09T08:30:35Z,95.7,Versa 4
2026-05-09T08:31:35Z,95.6,Versa 4
2026-05-09T08:32:35Z,95.7,Versa 4
2026-05-09T08:33:35Z,95.7,Versa 4
2026-05-09T08:34:35Z,95.7,Versa 4
2026-05-09T08:35:35Z,95.8,Versa 4
2026-05-09T08:36:35Z,95.7,Versa 4
2026-05-09T08:37:35Z,95.8,Versa 4
2026-05-09T08:38:35Z,95.8,Versa 4
2026-05-09T08:39:35Z,95.7,Versa 4
2026-05-09T08:40:35Z,50.0,Versa 4
2026-05-09T08:41:35Z,95.7,Versa 4
2026-05-09T08:42:35Z,95.5,Versa 4
2026-05-09T08:43:35Z,95.3,Versa 4
2026-05-09T08:44:35Z,95.2,Versa 4
2026-05-09T08:45:35Z,95.2,Versa 4
2026-05-09T08:46:35Z,95.1,Versa 4
2026-05-09T08:47:35Z,95.0,Versa 4
2026-05-09T08:48:35Z,95.0,Versa 4
2026-05-09T08:49:35Z,95.0,Versa 4
2026-05-09T08:50:35Z,94.9,Versa 4
2026-05-09T08:51:35Z,50.0,Versa 4
2026-05-09T08:52:35Z,50.0,Versa 4
2026-05-09T08:53:35Z,95.2,Versa 4
2026-05-09T08:54:35Z,95.7,Versa 4
2026-05-09T08:55:35Z,95.8,Versa 4
2026-05-09T08:56:35Z,95.9,Versa 4
2026-05-09T08:57:35Z,96.0,Versa 4
2026-05-09T08:58:35Z,50.0,Versa 4
2026-05-09T08:59:35Z,96.0,Versa 4
2026-05-09T09:00:35Z,96.0,Versa 4
2026-05-09T09:01:35Z,95.8,Versa 4
2026-05-09T09:02:35Z,95.8,Versa 4
2026-05-09T09:03:35Z,95.8,Versa 4
2026-05-09T09:04:35Z,95.8,Versa 4
2026-05-09T09:05:35Z,95.8,Versa 4
2026-05-09T09:06:35Z,95.8,Versa 4
2026-05-09T09:07:35Z,95.7,Versa 4
2026-05-09T09:08:35Z,95.7,Versa 4
2026-05-09T09:09:35Z,95.6,Versa 4
2026-05-09T09:10:35Z,95.6,Versa 4
2026-05-09T09:11:35Z,95.5,Versa 4
2026-05-09T09:12:35Z,95.5,Versa 4
2026-05-09T09:13:35Z,95.5,Versa 4
2026-05-09T09:14:35Z,95.5,Versa 4
2026-05-09T09:15:35Z,95.5,Versa 4
2026-05-09T09:16:35Z,95.5,Versa 4
2026-05-09T09:17:35Z,50.0,Versa 4
2026-05-09T09:18:35Z,50.0,Versa 4
2026-05-09T09:19:35Z,97.2,Versa 4
2026-05-09T09:20:35Z,97.6,Versa 4
2026-05-09T09:21:35Z,97.7,Versa 4
2026-05-09T09:22:35Z,50.0,Versa 4
2026-05-09T09:23:35Z,97.7,Versa 4
2026-05-09T09:24:35Z,98.5,Versa 4
2026-05-09T09:25:35Z,98.9,Versa 4
2026-05-09T09:26:35Z,99.1,Versa 4
2026-05-09T09:27:35Z,99.2,Versa 4
2026-05-09T09:28:35Z,99.1,Versa 4
2026-05-09T09:29:35Z,99.0,Versa 4
2026-05-09T09:30:35Z,99.1,Versa 4
2026-05-09T09:31:35Z,99.2,Versa 4
2026-05-09T09:32:35Z,98.7,Versa 4
2026-05-09T09:33:35Z,98.6,Versa 4
2026-05-09T09:34:35Z,98.0,Versa 4
2026-05-09T09:35:35Z,98.4,Versa 4
2026-05-09T09:36:35Z,98.5,Versa 4
2026-05-09T09:37:35Z,98.8,Versa 4
2026-05-09T09:38:35Z,98.4,Versa 4
2026-05-09T09:39:35Z,98.4,Versa 4
2026-05-09T09:40:35Z,98.3,Versa 4
2026-05-09T09:41:35Z,98.0,Versa 4
2026-05-09T09:42:35Z,98.1,Versa 4
2026-05-09T09:43:35Z,98.3,Versa 4
2026-05-09T09:44:35Z,98.3,Versa 4
2026-05-09T09:45:35Z,98.2,Versa 4
2026-05-09T09:46:35Z,98.0,Versa 4
2026-05-09T09:47:35Z,98.1,Versa 4
2026-05-09T09:48:35Z,97.9,Versa 4
2026-05-09T09:49:35Z,98.0,Versa 4
2026-05-09T09:50:35Z,98.0,Versa 4
2026-05-09T09:51:35Z,98.0,Versa 4
2026-05-09T09:52:35Z,50.0,Versa 4
2026-05-09T09:53:35Z,97.7,Versa 4
2026-05-09T09:54:35Z,96.8,Versa 4
2026-05-09T09:55:35Z,50.0,Versa 4
2026-05-09T09:56:35Z,96.4,Versa 4
2026-05-09T09:57:35Z,96.0,Versa 4
2026-05-09T09:58:35Z,95.8,Versa 4
2026-05-09T09:59:35Z,50.0,Versa 4
2026-05-09T10:00:35Z,50.0,Versa 4
2026-05-09T10:01:35Z,95.9,Versa 4
2026-05-09T10:02:35Z,95.6,Versa 4
2026-05-09T10:03:35Z,50.0,Versa 4
2026-05-09T10:04:35Z,95.6,Versa 4
2026-05-09T10:05:35Z,95.8,Versa 4
2026-05-09T10:06:35Z,95.7,Versa 4
2026-05-09T10:07:35Z,95.7,Versa 4
2026-05-09T10:08:35Z,95.8,Versa 4
2026-05-09T10:09:35Z,95.9,Versa 4
2026-05-09T10:10:35Z,50.0,Versa 4
2026-05-09T10:11:35Z,50.0,Versa 4
2026-05-09T10:12:35Z,50.0,Versa 4
2026-05-09T10:13:35Z,50.0,Versa 4
2026-05-09T10:14:35Z,50.0,Versa 4
2026-05-09T10:15:35Z,50.0,Versa 4
2026-05-09T10:16:35Z,50.0,Versa 4
2026-05-09T10:17:35Z,88.3,Versa 4
2026-05-09T10:18:35Z,50.0,Versa 4
2026-05-09T10:19:35Z,50.0,Versa 4
2026-05-09T10:20:35Z,50.0,Versa 4
2026-05-09T10:21:35Z,50.0,Versa 4
2026-05-09T10:22:35Z,50.0,Versa 4
2026-05-09T10:23:35Z,50.0,Versa 4
2026-05-09T10:24:35Z,50.0,Versa 4
2026-05-09T10:25:35Z,50.0,Versa 4
2026-05-09T10:26:35Z,50.0,Versa 4
2026-05-09T10:27:35Z,50.0,Versa 4
2026-05-09T10:28:35Z,50.0,Versa 4
2026-05-10T01:13:04Z,98.9,Versa 4
2026-05-10T01:14:04Z,97.5,Versa 4
2026-05-10T01:15:04Z,97.4,Versa 4
2026-05-10T01:16:04Z,97.5,Versa 4
2026-05-10T01:17:04Z,97.6,Versa 4
2026-05-10T01:18:04Z,97.5,Versa 4
2026-05-10T01:19:04Z,97.5,Versa 4
2026-05-10T01:20:04Z,97.5,Versa 4
2026-05-10T01:21:04Z,97.5,Versa 4
2026-05-10T01:22:04Z,97.4,Versa 4
2026-05-10T01:23:04Z,97.4,Versa 4
2026-05-10T01:24:04Z,97.4,Versa 4
2026-05-10T01:25:04Z,97.4,Versa 4
2026-05-10T01:26:04Z,97.4,Versa 4
2026-05-10T01:27:04Z,97.4,Versa 4
2026-05-10T01:28:04Z,97.4,Versa 4
2026-05-10T01:29:04Z,97.4,Versa 4
2026-05-10T01:30:04Z,50.0,Versa 4
2026-05-10T01:31:04Z,50.0,Versa 4
2026-05-10T01:32:04Z,98.0,Versa 4
2026-05-10T01:33:04Z,98.2,Versa 4
2026-05-10T01:34:04Z,50.0,Versa 4
2026-05-10T01:35:04Z,97.9,Versa 4
2026-05-10T01:36:04Z,50.0,Versa 4
2026-05-10T01:37:04Z,97.7,Versa 4
2026-05-10T01:38:04Z,97.2,Versa 4
2026-05-10T01:39:04Z,96.8,Versa 4
2026-05-10T01:40:04Z,96.8,Versa 4
2026-05-10T01:41:04Z,96.8,Versa 4
2026-05-10T01:42:04Z,96.6,Versa 4
2026-05-10T01:43:04Z,96.6,Versa 4
2026-05-10T01:44:04Z,96.7,Versa 4
2026-05-10T01:45:04Z,50.0,Versa 4
2026-05-10T01:46:04Z,96.9,Versa 4
2026-05-10T01:47:04Z,97.2,Versa 4
2026-05-10T01:48:04Z,97.3,Versa 4
2026-05-10T01:49:04Z,97.4,Versa 4
2026-05-10T01:50:04Z,97.4,Versa 4
2026-05-10T01:51:04Z,97.4,Versa 4
2026-05-10T01:52:04Z,97.5,Versa 4
2026-05-10T01:53:04Z,97.6,Versa 4
2026-05-10T01:54:04Z,50.0,Versa 4
2026-05-10T01:55:04Z,97.4,Versa 4
2026-05-10T01:56:04Z,97.0,Versa 4
2026-05-10T01:57:04Z,96.5,Versa 4
2026-05-10T01:58:04Z,95.9,Versa 4
2026-05-10T01:59:04Z,95.7,Versa 4
2026-05-10T02:00:04Z,50.0,Versa 4
2026-05-10T02:01:04Z,95.7,Versa 4
2026-05-10T02:02:04Z,96.0,Versa 4
2026-05-10T02:03:04Z,95.7,Versa 4
2026-05-10T02:04:04Z,95.5,Versa 4
2026-05-10T02:05:04Z,95.4,Versa 4
2026-05-10T02:06:04Z,95.3,Versa 4
2026-05-10T02:07:04Z,95.2,Versa 4
2026-05-10T02:08:04Z,95.6,Versa 4
2026-05-10T02:09:04Z,96.2,Versa 4
2026-05-10T02:10:04Z,97.0,Versa 4
2026-05-10T02:11:04Z,50.0,Versa 4
2026-05-10T02:12:04Z,97.3,Versa 4
2026-05-10T02:13:04Z,97.1,Versa 4
2026-05-10T02:14:04Z,96.9,Versa 4
2026-05-10T02:15:04Z,96.8,Versa 4
2026-05-10T02:16:04Z,96.7,Versa 4
2026-05-10T02:17:04Z,96.4,Versa 4
2026-05-10T02:18:04Z,96.4,Versa 4
2026-05-10T02:19:04Z,96.5,Versa 4
2026-05-10T02:20:04Z,96.4,Versa 4
2026-05-10T02:21:04Z,96.4,Versa 4
2026-05-10T02:22:04Z,96.4,Versa 4
2026-05-10T02:23:04Z,96.5,Versa 4
2026-05-10T02:24:04Z,96.6,Versa 4
2026-05-10T02:25:04Z,96.5,Versa 4
2026-05-10T02:26:04Z,96.5,Versa 4
2026-05-10T02:27:04Z,96.6,Versa 4
2026-05-10T02:28:04Z,96.6,Versa 4
2026-05-10T02:29:04Z,96.6,Versa 4
2026-05-10T02:30:04Z,96.7,Versa 4
2026-05-10T02:31:04Z,96.7,Versa 4
2026-05-10T02:32:04Z,96.6,Versa 4
2026-05-10T02:33:04Z,96.5,Versa 4
2026-05-10T02:34:04Z,96.4,Versa 4
2026-05-10T02:35:04Z,96.4,Versa 4
2026-05-10T02:36:04Z,96.4,Versa 4
2026-05-10T02:37:04Z,96.3,Versa 4
2026-05-10T02:38:04Z,96.3,Versa 4
2026-05-10T02:39:04Z,96.5,Versa 4
2026-05-10T02:40:04Z,96.3,Versa 4
2026-05-10T02:41:04Z,96.3,Versa 4
2026-05-10T02:42:04Z,96.2,Versa 4
2026-05-10T02:43:04Z,96.2,Versa 4
2026-05-10T02:44:04Z,50.0,Versa 4
2026-05-10T02:45:04Z,96.1,Versa 4
2026-05-10T02:46:04Z,95.8,Versa 4
2026-05-10T02:47:04Z,96.1,Versa 4
2026-05-10T02:48:04Z,96.6,Versa 4
2026-05-10T02:49:04Z,96.9,Versa 4
2026-05-10T02:50:04Z,97.1,Versa 4
2026-05-10T02:51:04Z,97.1,Versa 4
2026-05-10T02:52:04Z,97.2,Versa 4
2026-05-10T02:53:04Z,97.2,Versa 4
2026-05-10T02:54:04Z,97.2,Versa 4
2026-05-10T02:55:04Z,97.2,Versa 4
2026-05-10T02:56:04Z,97.1,Versa 4
2026-05-10T02:57:04Z,97.2,Versa 4
2026-05-10T02:58:04Z,97.2,Versa 4
2026-05-10T02:59:04Z,97.1,Versa 4
2026-05-10T03:00:04Z,97.1,Versa 4
2026-05-10T03:01:04Z,97.1,Versa 4
2026-05-10T03:02:04Z,96.9,Versa 4
2026-05-10T03:03:04Z,96.8,Versa 4
2026-05-10T03:04:04Z,96.8,Versa 4
2026-05-10T03:05:04Z,96.8,Versa 4
2026-05-10T03:06:04Z,96.8,Versa 4
2026-05-10T03:07:04Z,96.8,Versa 4
2026-05-10T03:08:04Z,96.7,Versa 4
2026-05-10T03:09:04Z,96.7,Versa 4
2026-05-10T03:10:04Z,96.6,Versa 4
2026-05-10T03:11:04Z,96.6,Versa 4
2026-05-10T03:12:04Z,50.0,Versa 4
2026-05-10T03:13:04Z,50.0,Versa 4
2026-05-10T03:14:04Z,50.0,Versa 4
2026-05-10T03:15:04Z,50.0,Versa 4
2026-05-10T03:16:04Z,96.3,Versa 4
2026-05-10T03:17:04Z,96.1,Versa 4
2026-05-10T03:18:04Z,50.0,Versa 4
2026-05-10T03:19:04Z,96.1,Versa 4
2026-05-10T03:20:04Z,88.2,Versa 4
2026-05-10T03:21:04Z,83.5,Versa 4
2026-05-10T03:22:04Z,81.7,Versa 4
2026-05-10T03:23:04Z,80.5,Versa 4
2026-05-10T03:24:04Z,78.1,Versa 4
2026-05-10T03:25:04Z,77.0,Versa 4
2026-05-10T03:26:04Z,77.1,Versa 4
2026-05-10T03:27:04Z,77.1,Versa 4
2026-05-10T03:28:04Z,77.4,Versa 4
2026-05-10T03:29:04Z,78.7,Versa 4
2026-05-10T03:30:04Z,79.4,Versa 4
2026-05-10T03:31:04Z,81.0,Versa 4
2026-05-10T03:32:04Z,80.9,Versa 4
2026-05-10T03:33:04Z,82.5,Versa 4
2026-05-10T03:34:04Z,82.9,Versa 4
2026-05-10T03:35:04Z,83.1,Versa 4
2026-05-10T03:36:04Z,83.2,Versa 4
2026-05-10T03:37:04Z,83.4,Versa 4
2026-05-10T03:38:04Z,83.4,Versa 4
2026-05-10T03:39:04Z,50.0,Versa 4
2026-05-10T03:40:04Z,82.6,Versa 4
2026-05-10T03:41:04Z,76.8,Versa 4
2026-05-10T03:42:04Z,78.5,Versa 4
2026-05-10T03:43:04Z,84.0,Versa 4
2026-05-10T03:44:04Z,88.2,Versa 4
2026-05-10T03:45:04Z,90.7,Versa 4
2026-05-10T03:46:04Z,50.0,Versa 4
2026-05-10T03:47:04Z,50.0,Versa 4
2026-05-10T03:48:04Z,93.4,Versa 4
2026-05-10T03:49:04Z,93.5,Versa 4
2026-05-10T03:50:04Z,94.7,Versa 4
2026-05-10T03:51:04Z,96.0,Versa 4
2026-05-10T03:52:04Z,50.0,Versa 4
2026-05-10T03:53:04Z,96.5,Versa 4
2026-05-10T03:54:04Z,97.1,Versa 4
2026-05-10T03:55:04Z,97.0,Versa 4
2026-05-10T03:56:04Z,97.0,Versa 4
2026-05-10T03:57:04Z,50.0,Versa 4
2026-05-10T03:58:04Z,96.7,Versa 4
2026-05-10T03:59:04Z,50.0,Versa 4
2026-05-10T04:00:04Z,95.9,Versa 4
2026-05-10T04:01:04Z,50.0,Versa 4
2026-05-10T04:02:04Z,95.6,Versa 4
2026-05-10T04:03:04Z,50.0,Versa 4
2026-05-10T04:04:04Z,95.6,Versa 4
2026-05-10T04:05:04Z,95.9,Versa 4
2026-05-10T04:06:04Z,96.1,Versa 4
2026-05-10T04:07:04Z,96.3,Versa 4
2026-05-10T04:08:04Z,96.4,Versa 4
2026-05-10T04:09:04Z,96.5,Versa 4
2026-05-10T04:10:04Z,96.4,Versa 4
2026-05-10T04:11:04Z,96.4,Versa 4
2026-05-10T04:12:04Z,96.4,Versa 4
2026-05-10T04:13:04Z,96.5,Versa 4
2026-05-10T04:14:04Z,96.5,Versa 4
2026-05-10T04:15:04Z,96.5,Versa 4
2026-05-10T04:16:04Z,96.4,Versa 4
2026-05-10T04:17:04Z,96.3,Versa 4
2026-05-10T04:18:04Z,50.0,Versa 4
2026-05-10T04:19:04Z,96.2,Versa 4
2026-05-10T04:20:04Z,96.1,Versa 4
2026-05-10T04:21:04Z,96.0,Versa 4
2026-05-10T04:22:04Z,95.9,Versa 4
2026-05-10T04:23:04Z,95.8,Versa 4
2026-05-10T04:24:04Z,95.8,Versa 4
2026-05-10T04:25:04Z,95.7,Versa 4
2026-05-10T04:26:04Z,95.7,Versa 4
2026-05-10T04:27:04Z,95.6,Versa 4
2026-05-10T04:28:04Z,95.5,Versa 4
2026-05-10T04:29:04Z,95.5,Versa 4
2026-05-10T04:30:04Z,95.4,Versa 4
2026-05-10T04:31:04Z,95.4,Versa 4
2026-05-10T04:32:04Z,95.3,Versa 4
2026-05-10T04:33:04Z,95.3,Versa 4
2026-05-10T04:34:04Z,95.2,Versa 4
2026-05-10T04:35:04Z,95.2,Versa 4
2026-05-10T04:36:04Z,95.1,Versa 4
2026-05-10T04:37:04Z,95.1,Versa 4
2026-05-10T04:38:04Z,95.1,Versa 4
2026-05-10T04:39:04Z,95.0,Versa 4
2026-05-10T04:40:04Z,94.9,Versa 4
2026-05-10T04:41:04Z,94.8,Versa 4
2026-05-10T04:42:04Z,94.9,Versa 4
2026-05-10T04:43:04Z,94.9,Versa 4
2026-05-10T04:44:04Z,94.9,Versa 4
2026-05-10T04:45:04Z,94.9,Versa 4
2026-05-10T04:46:04Z,94.9,Versa 4
2026-05-10T04:47:04Z,95.0,Versa 4
2026-05-10T04:48:04Z,95.0,Versa 4
2026-05-10T04:49:04Z,95.0,Versa 4
2026-05-10T04:50:04Z,95.0,Versa 4
2026-05-10T04:51:04Z,95.1,Versa 4
2026-05-10T04:52:04Z,95.0,Versa 4
2026-05-10T04:53:04Z,50.0,Versa 4
2026-05-10T04:54:04Z,50.0,Versa 4
2026-05-10T04:55:04Z,95.1,Versa 4
2026-05-10T04:56:04Z,95.1,Versa 4
2026-05-10T04:57:04Z,50.0,Versa 4
2026-05-10T04:58:04Z,50.0,Versa 4
2026-05-10T04:59:04Z,50.0,Versa 4
2026-05-10T05:00:04Z,95.3,Versa 4
2026-05-10T05:01:04Z,95.5,Versa 4
2026-05-10T05:02:04Z,95.6,Versa 4
2026-05-10T05:03:04Z,95.7,Versa 4
2026-05-10T05:04:04Z,95.8,Versa 4
2026-05-10T05:05:04Z,96.0,Versa 4
2026-05-10T05:06:04Z,50.0,Versa 4
2026-05-10T05:07:04Z,96.1,Versa 4
2026-05-10T05:08:04Z,97.2,Versa 4
2026-05-10T05:09:04Z,98.5,Versa 4
2026-05-10T05:10:04Z,99.3,Versa 4
2026-05-10T05:11:04Z,50.0,Versa 4
2026-05-10T05:12:04Z,98.5,Versa 4
2026-05-10T05:13:04Z,97.3,Versa 4
2026-05-10T05:14:04Z,96.5,Versa 4
2026-05-10T05:15:04Z,95.9,Versa 4
2026-05-10T05:16:04Z,95.4,Versa 4
2026-05-10T05:17:04Z,95.2,Versa 4
2026-05-10T05:18:04Z,95.0,Versa 4
2026-05-10T05:19:04Z,94.9,Versa 4
2026-05-10T05:20:04Z,93.9,Versa 4
2026-05-10T05:21:04Z,93.4,Versa 4
2026-05-10T05:22:04Z,92.5,Versa 4
2026-05-10T05:23:04Z,92.1,Versa 4
2026-05-10T05:24:04Z,91.8,Versa 4
2026-05-10T05:25:04Z,91.4,Versa 4
2026-05-10T05:26:04Z,91.1,Versa 4
2026-05-10T05:27:04Z,50.0,Versa 4
2026-05-10T05:28:04Z,91.5,Versa 4
2026-05-10T05:29:04Z,91.3,Versa 4
2026-05-10T05:30:04Z,91.5,Versa 4
2026-05-10T05:31:04Z,91.3,Versa 4
2026-05-10T05:32:04Z,91.2,Versa 4
2026-05-10T05:33:04Z,91.1,Versa 4
2026-05-10T05:34:04Z,91.3,Versa 4
2026-05-10T05:35:04Z,90.8,Versa 4
2026-05-10T05:36:04Z,90.8,Versa 4
2026-05-10T05:37:04Z,91.1,Versa 4
2026-05-10T05:38:04Z,90.7,Versa 4
2026-05-10T05:39:04Z,90.5,Versa 4
2026-05-10T05:40:04Z,90.6,Versa 4
2026-05-10T05:41:04Z,90.3,Versa 4
2026-05-10T05:42:04Z,90.1,Versa 4
2026-05-10T05:43:04Z,90.2,Versa 4
2026-05-10T05:44:04Z,90.6,Versa 4
2026-05-10T05:45:04Z,90.8,Versa 4
2026-05-10T05:46:04Z,90.5,Versa 4
2026-05-10T05:47:04Z,91.4,Versa 4
2026-05-10T05:48:04Z,91.4,Versa 4
2026-05-10T05:49:04Z,91.8,Versa 4
2026-05-10T05:50:04Z,91.8,Versa 4
2026-05-10T05:51:04Z,92.5,Versa 4
2026-05-10T05:52:04Z,92.7,Versa 4
2026-05-10T05:53:04Z,93.4,Versa 4
2026-05-10T05:54:04Z,50.0,Versa 4
2026-05-10T05:55:04Z,92.7,Versa 4
2026-05-10T05:56:04Z,90.9,Versa 4
2026-05-10T05:57:04Z,89.7,Versa 4
2026-05-10T05:58:04Z,90.0,Versa 4
2026-05-10T05:59:04Z,90.3,Versa 4
2026-05-10T06:00:04Z,90.4,Versa 4
2026-05-10T06:01:04Z,90.7,Versa 4
2026-05-10T06:02:04Z,91.0,Versa 4
2026-05-10T06:03:04Z,50.0,Versa 4
2026-05-10T06:04:04Z,92.6,Versa 4
2026-05-10T06:05:04Z,94.2,Versa 4
2026-05-10T06:06:04Z,95.1,Versa 4
2026-05-10T06:07:04Z,95.3,Versa 4
2026-05-10T06:08:04Z,95.4,Versa 4
2026-05-10T06:09:04Z,95.7,Versa 4
2026-05-10T06:10:04Z,96.2,Versa 4
2026-05-10T06:11:04Z,96.6,Versa 4
2026-05-10T06:12:04Z,97.0,Versa 4
2026-05-10T06:13:04Z,97.3,Versa 4
2026-05-10T06:14:04Z,50.0,Versa 4
2026-05-10T06:15:04Z,94.9,Versa 4
2026-05-10T06:16:04Z,92.8,Versa 4
2026-05-10T06:17:04Z,90.8,Versa 4
2026-05-10T06:18:04Z,50.0,Versa 4
2026-05-10T06:19:04Z,50.0,Versa 4
2026-05-10T06:20:04Z,91.9,Versa 4
2026-05-10T06:21:04Z,93.2,Versa 4
2026-05-10T06:22:04Z,94.2,Versa 4
2026-05-10T06:23:04Z,94.9,Versa 4
2026-05-10T06:24:04Z,50.0,Versa 4
2026-05-10T06:25:04Z,95.4,Versa 4
2026-05-10T06:26:04Z,95.6,Versa 4
2026-05-10T06:27:04Z,95.8,Versa 4
2026-05-10T06:28:04Z,95.8,Versa 4
2026-05-10T06:29:04Z,50.0,Versa 4
2026-05-10T06:30:04Z,95.8,Versa 4
2026-05-10T06:31:04Z,95.8,Versa 4
2026-05-10T06:32:04Z,50.0,Versa 4
2026-05-10T06:33:04Z,95.9,Versa 4
2026-05-10T06:34:04Z,95.9,Versa 4
2026-05-10T06:35:04Z,95.9,Versa 4
2026-05-10T06:36:04Z,96.1,Versa 4
2026-05-10T06:37:04Z,96.2,Versa 4
2026-05-10T06:38:04Z,50.0,Versa 4
2026-05-10T06:39:04Z,96.8,Versa 4
2026-05-10T06:40:04Z,97.0,Versa 4
2026-05-10T06:41:04Z,97.1,Versa 4
2026-05-10T06:42:04Z,97.2,Versa 4
2026-05-10T06:43:04Z,97.3,Versa 4
2026-05-10T06:44:04Z,97.3,Versa 4
2026-05-10T06:45:04Z,97.5,Versa 4
2026-05-10T06:46:04Z,97.5,Versa 4
2026-05-10T06:47:04Z,97.6,Versa 4
2026-05-10T06:48:04Z,97.6,Versa 4
2026-05-10T06:49:04Z,50.0,Versa 4
2026-05-10T06:50:04Z,96.7,Versa 4
2026-05-10T06:51:04Z,95.8,Versa 4
2026-05-10T06:52:04Z,95.2,Versa 4
2026-05-10T06:53:04Z,94.9,Versa 4
2026-05-10T06:54:04Z,94.6,Versa 4
2026-05-10T06:55:04Z,94.3,Versa 4
2026-05-10T06:56:04Z,94.1,Versa 4
2026-05-10T06:57:04Z,93.8,Versa 4
2026-05-10T06:58:04Z,93.9,Versa 4
2026-05-10T06:59:04Z,94.0,Versa 4
2026-05-10T07:00:04Z,94.1,Versa 4
2026-05-10T07:01:04Z,94.2,Versa 4
2026-05-10T07:02:04Z,94.0,Versa 4
2026-05-10T07:03:04Z,93.8,Versa 4
2026-05-10T07:04:04Z,94.1,Versa 4
2026-05-10T07:05:04Z,94.2,Versa 4
2026-05-10T07:06:04Z,50.0,Versa 4
2026-05-10T07:07:04Z,94.3,Versa 4
2026-05-10T07:08:04Z,94.5,Versa 4
2026-05-10T07:09:04Z,94.6,Versa 4
2026-05-10T07:10:04Z,94.7,Versa 4
2026-05-10T07:11:04Z,94.7,Versa 4
2026-05-10T07:12:04Z,94.7,Versa 4
2026-05-10T07:13:04Z,94.7,Versa 4
2026-05-10T07:14:04Z,50.0,Versa 4
2026-05-10T07:15:04Z,94.8,Versa 4
2026-05-10T07:16:04Z,95.3,Versa 4
2026-05-10T07:17:04Z,50.0,Versa 4
2026-05-10T07:18:04Z,95.7,Versa 4
2026-05-10T07:19:04Z,95.7,Versa 4
2026-05-10T07:20:04Z,95.8,Versa 4
2026-05-10T07:21:04Z,95.8,Versa 4
2026-05-10T07:22:04Z,50.0,Versa 4
2026-05-10T07:23:04Z,95.7,Versa 4
2026-05-10T07:24:04Z,50.0,Versa 4
2026-05-10T07:25:04Z,95.6,Versa 4
2026-05-10T07:26:04Z,95.3,Versa 4
2026-05-10T07:27:04Z,95.2,Versa 4
2026-05-10T07:28:04Z,95.3,Versa 4
2026-05-10T07:29:04Z,95.3,Versa 4
2026-05-10T07:30:04Z,95.5,Versa 4
2026-05-10T07:31:04Z,95.4,Versa 4
2026-05-10T07:32:04Z,95.4,Versa 4
2026-05-10T07:33:04Z,50.0,Versa 4
2026-05-10T07:34:04Z,95.5,Versa 4
2026-05-10T07:35:04Z,95.6,Versa 4
2026-05-10T07:36:04Z,95.6,Versa 4
2026-05-10T07:37:04Z,50.0,Versa 4
2026-05-10T07:38:04Z,95.6,Versa 4
2026-05-10T07:39:04Z,95.7,Versa 4
2026-05-10T07:40:04Z,95.8,Versa 4
2026-05-10T07:41:04Z,95.7,Versa 4
2026-05-10T07:42:04Z,95.8,Versa 4
2026-05-10T07:43:04Z,95.8,Versa 4
2026-05-10T07:44:04Z,95.8,Versa 4
2026-05-10T07:45:04Z,95.9,Versa 4
2026-05-10T07:46:04Z,95.9,Versa 4
2026-05-10T07:47:04Z,95.9,Versa 4
2026-05-10T07:48:04Z,96.0,Versa 4
2026-05-10T07:49:04Z,96.0,Versa 4
2026-05-10T07:50:04Z,96.1,Versa 4
2026-05-10T07:51:04Z,96.1,Versa 4
2026-05-10T07:52:04Z,96.2,Versa 4
2026-05-10T07:53:04Z,96.2,Versa 4
2026-05-10T07:54:04Z,96.2,Versa 4
2026-05-10T07:55:04Z,96.1,Versa 4
2026-05-10T07:56:04Z,96.2,Versa 4
2026-05-10T07:57:04Z,96.2,Versa 4
2026-05-10T07:58:04Z,96.3,Versa 4
2026-05-10T07:59:04Z,96.2,Versa 4
2026-05-10T08:00:04Z,96.1,Versa 4
2026-05-10T08:01:04Z,95.9,Versa 4
2026-05-10T08:02:04Z,50.0,Versa 4
2026-05-10T08:03:04Z,96.0,Versa 4
2026-05-10T08:04:04Z,96.1,Versa 4
2026-05-10T08:05:04Z,96.3,Versa 4
2026-05-10T08:06:04Z,95.6,Versa 4
2026-05-10T08:07:04Z,96.3,Versa 4
2026-05-10T08:08:04Z,96.9,Versa 4
2026-05-10T08:09:04Z,97.6,Versa 4
2026-05-10T08:10:04Z,98.1,Versa 4
2026-05-10T08:11:04Z,50.0,Versa 4
2026-05-10T08:12:04Z,95.6,Versa 4
2026-05-10T08:13:04Z,95.4,Versa 4
2026-05-10T08:14:04Z,95.3,Versa 4
2026-05-10T08:15:04Z,95.3,Versa 4
2026-05-10T08:16:04Z,95.2,Versa 4
2026-05-10T08:17:04Z,95.2,Versa 4
2026-05-10T08:18:04Z,95.3,Versa 4
2026-05-10T08:19:04Z,95.3,Versa 4
2026-05-10T08:20:04Z,95.2,Versa 4
2026-05-10T08:21:04Z,95.2,Versa 4
2026-05-10T08:22:04Z,95.2,Versa 4
2026-05-10T08:23:04Z,95.2,Versa 4
2026-05-10T08:24:04Z,95.3,Versa 4
2026-05-10T08:25:04Z,95.2,Versa 4
2026-05-10T08:26:04Z,95.3,Versa 4
2026-05-10T08:27:04Z,95.2,Versa 4
2026-05-10T08:28:04Z,95.2,Versa 4
2026-05-10T08:29:04Z,95.2,Versa 4
2026-05-10T08:30:04Z,95.1,Versa 4
2026-05-10T08:31:04Z,95.2,Versa 4
2026-05-10T08:32:04Z,95.2,Versa 4
2026-05-10T08:33:04Z,95.2,Versa 4
2026-05-10T08:34:04Z,95.2,Versa 4
2026-05-10T08:35:04Z,95.2,Versa 4
2026-05-10T08:36:04Z,95.2,Versa 4
2026-05-10T08:37:04Z,95.2,Versa 4
2026-05-10T08:38:04Z,95.1,Versa 4
2026-05-10T08:39:04Z,95.2,Versa 4
2026-05-10T08:40:04Z,95.1,Versa 4
2026-05-10T08:41:04Z,95.1,Versa 4
2026-05-10T08:42:04Z,95.1,Versa 4
2026-05-10T08:43:04Z,95.1,Versa 4
2026-05-10T08:44:04Z,95.2,Versa 4
2026-05-10T08:45:04Z,95.3,Versa 4
2026-05-10T08:46:04Z,95.2,Versa 4
2026-05-10T08:47:04Z,95.2,Versa 4
2026-05-10T08:48:04Z,95.2,Versa 4
2026-05-10T08:49:04Z,95.2,Versa 4
2026-05-10T08:50:04Z,95.3,Versa 4
2026-05-10T08:51:04Z,95.3,Versa 4
2026-05-10T08:52:04Z,95.3,Versa 4
2026-05-10T08:53:04Z,95.3,Versa 4
2026-05-10T08:54:04Z,95.3,Versa 4
2026-05-10T08:55:04Z,95.3,Versa 4
2026-05-10T08:56:04Z,95.3,Versa 4
2026-05-10T08:57:04Z,50.0,Versa 4
2026-05-10T08:58:04Z,50.0,Versa 4
2026-05-10T08:59:04Z,50.0,Versa 4
2026-05-10T09:00:04Z,95.9,Versa 4
2026-05-10T09:01:04Z,50.0,Versa 4
2026-05-10T09:02:04Z,95.7,Versa 4
2026-05-10T09:03:04Z,95.5,Versa 4
2026-05-10T09:04:04Z,95.4,Versa 4
2026-05-10T09:05:04Z,95.4,Versa 4
2026-05-10T09:06:04Z,95.3,Versa 4
2026-05-10T09:07:04Z,95.3,Versa 4
2026-05-10T09:08:04Z,95.2,Versa 4
2026-05-10T09:09:04Z,95.1,Versa 4
2026-05-10T09:10:04Z,95.1,Versa 4
2026-05-10T09:11:04Z,95.0,Versa 4
2026-05-10T09:12:04Z,50.0,Versa 4
2026-05-10T09:13:04Z,95.0,Versa 4
2026-05-10T09:14:04Z,93.6,Versa 4
2026-05-10T09:15:04Z,50.0,Versa 4
2026-05-10T09:16:04Z,95.3,Versa 4
2026-05-10T09:17:04Z,96.9,Versa 4
2026-05-10T09:18:04Z,50.0,Versa 4
2026-05-10T09:19:04Z,50.0,Versa 4
2026-05-10T09:20:04Z,50.0,Versa 4
2026-05-10T09:21:04Z,50.0,Versa 4
2026-05-10T09:22:04Z,50.0,Versa 4
2026-05-10T09:23:04Z,50.0,Versa 4
2026-05-10T09:24:04Z,50.0,Versa 4
2026-05-10T09:25:04Z,50.0,Versa 4
2026-05-10T11:27:36Z,50.0,Versa 4
2026-05-10T11:28:36Z,50.0,Versa 4
2026-05-10T11:29:36Z,50.0,Versa 4
2026-05-10T11:30:36Z,96.0,Versa 4
2026-05-10T11:31:36Z,96.0,Versa 4
2026-05-10T11:32:36Z,95.9,Versa 4
2026-05-10T11:33:36Z,95.6,Versa 4
2026-05-10T11:34:36Z,96.0,Versa 4
2026-05-10T11:35:36Z,50.0,Versa 4
2026-05-10T11:36:36Z,95.8,Versa 4
2026-05-10T11:37:36Z,95.5,Versa 4
2026-05-10T11:38:36Z,95.1,Versa 4
2026-05-10T11:39:36Z,50.0,Versa 4
2026-05-10T11:40:36Z,95.3,Versa 4
2026-05-10T11:41:36Z,94.7,Versa 4
2026-05-10T11:42:36Z,94.4,Versa 4
2026-05-10T11:43:36Z,50.0,Versa 4
2026-05-10T11:44:36Z,93.5,Versa 4
2026-05-10T11:45:36Z,90.5,Versa 4
2026-05-10T11:46:36Z,88.4,Versa 4
2026-05-10T11:47:36Z,50.0,Versa 4
2026-05-10T21:48:05Z,50.0,Versa 4
2026-05-10T21:49:05Z,50.0,Versa 4
2026-05-10T21:50:05Z,50.0,Versa 4
2026-05-10T21:51:05Z,50.0,Versa 4
2026-05-10T21:52:05Z,50.0,Versa 4
2026-05-10T21:53:05Z,50.0,Versa 4
2026-05-10T21:54:05Z,50.0,Versa 4
2026-05-10T21:55:05Z,50.0,Versa 4
2026-05-10T21:56:05Z,50.0,Versa 4
2026-05-10T21:57:05Z,50.0,Versa 4
2026-05-10T21:58:05Z,79.5,Versa 4
2026-05-10T21:59:05Z,79.5,Versa 4
2026-05-11T02:59:36Z,91.5,Versa 4
2026-05-11T03:00:36Z,92.8,Versa 4
2026-05-11T03:01:36Z,95.0,Versa 4
2026-05-11T03:02:36Z,95.0,Versa 4
2026-05-11T03:03:36Z,95.7,Versa 4
2026-05-11T03:04:36Z,95.3,Versa 4
2026-05-11T03:05:36Z,96.4,Versa 4
2026-05-11T03:06:36Z,97.1,Versa 4
2026-05-11T03:07:36Z,96.3,Versa 4
2026-05-11T03:08:36Z,97.1,Versa 4
2026-05-11T03:09:36Z,50.0,Versa 4
2026-05-11T03:10:36Z,97.2,Versa 4
2026-05-11T03:11:36Z,97.9,Versa 4
2026-05-11T03:12:36Z,97.0,Versa 4
2026-05-11T03:13:36Z,96.7,Versa 4
2026-05-11T03:14:36Z,97.0,Versa 4
2026-05-11T03:15:36Z,97.3,Versa 4
2026-05-11T03:16:36Z,50.0,Versa 4
2026-05-11T03:17:36Z,97.6,Versa 4
2026-05-11T03:18:36Z,96.4,Versa 4
2026-05-11T03:19:36Z,93.6,Versa 4
2026-05-11T03:20:36Z,93.9,Versa 4
2026-05-11T03:21:36Z,94.3,Versa 4
2026-05-11T03:22:36Z,94.8,Versa 4
2026-05-11T03:23:36Z,96.2,Versa 4
2026-05-11T03:24:36Z,96.3,Versa 4
2026-05-11T03:25:36Z,98.0,Versa 4
2026-05-11T03:26:36Z,50.0,Versa 4
2026-05-11T03:27:36Z,98.9,Versa 4
2026-05-11T03:28:36Z,97.8,Versa 4
2026-05-11T03:29:36Z,92.7,Versa 4
2026-05-11T03:30:36Z,88.6,Versa 4
2026-05-11T03:31:36Z,85.7,Versa 4
2026-05-11T03:32:36Z,83.7,Versa 4
2026-05-11T03:33:36Z,82.5,Versa 4
2026-05-11T03:34:36Z,81.7,Versa 4
2026-05-11T03:35:36Z,81.2,Versa 4
2026-05-11T03:36:36Z,80.8,Versa 4
2026-05-11T03:37:36Z,80.4,Versa 4
2026-05-11T03:38:36Z,80.1,Versa 4
2026-05-11T03:39:36Z,79.9,Versa 4
2026-05-11T03:40:36Z,79.8,Versa 4
2026-05-11T03:41:36Z,79.7,Versa 4
2026-05-11T03:42:36Z,79.6,Versa 4
2026-05-11T03:43:36Z,79.5,Versa 4
2026-05-11T03:44:36Z,79.4,Versa 4
2026-05-11T03:45:36Z,79.4,Versa 4
2026-05-11T03:46:36Z,79.3,Versa 4
2026-05-11T03:47:36Z,79.2,Versa 4
2026-05-11T03:48:36Z,79.3,Versa 4
2026-05-11T03:49:36Z,79.1,Versa 4
2026-05-11T03:50:36Z,78.9,Versa 4
2026-05-11T03:51:36Z,78.8,Versa 4
2026-05-11T03:52:36Z,78.7,Versa 4
2026-05-11T03:53:36Z,78.6,Versa 4
2026-05-11T03:54:36Z,78.6,Versa 4
2026-05-11T03:55:36Z,78.6,Versa 4
2026-05-11T03:56:36Z,78.4,Versa 4
2026-05-11T03:57:36Z,78.5,Versa 4
2026-05-11T03:58:36Z,78.4,Versa 4
2026-05-11T03:59:36Z,78.4,Versa 4
2026-05-11T04:00:36Z,78.2,Versa 4
2026-05-11T04:01:36Z,50.0,Versa 4
2026-05-11T04:02:36Z,78.3,Versa 4
2026-05-11T04:03:36Z,50.0,Versa 4
2026-05-11T04:04:36Z,50.0,Versa 4
2026-05-11T04:05:36Z,80.6,Versa 4
2026-05-11T04:06:36Z,81.1,Versa 4
2026-05-11T04:07:36Z,82.4,Versa 4
2026-05-11T04:08:36Z,84.5,Versa 4
2026-05-11T04:09:36Z,88.9,Versa 4
2026-05-11T04:10:36Z,91.5,Versa 4
2026-05-11T04:11:36Z,93.7,Versa 4
2026-05-11T04:12:36Z,95.4,Versa 4
2026-05-11T04:13:36Z,97.0,Versa 4
2026-05-11T04:14:36Z,97.6,Versa 4
2026-05-11T04:15:36Z,98.5,Versa 4
2026-05-11T04:16:36Z,98.6,Versa 4
2026-05-11T04:17:36Z,97.9,Versa 4
2026-05-11T04:18:36Z,50.0,Versa 4
2026-05-11T04:19:36Z,95.0,Versa 4
2026-05-11T04:20:36Z,92.0,Versa 4
2026-05-11T04:21:36Z,89.1,Versa 4
2026-05-11T04:22:36Z,87.2,Versa 4
2026-05-11T04:23:36Z,85.9,Versa 4
2026-05-11T04:24:36Z,84.8,Versa 4
2026-05-11T04:25:36Z,84.0,Versa 4
2026-05-11T04:26:36Z,83.4,Versa 4
2026-05-11T04:27:36Z,50.0,Versa 4
2026-05-11T04:28:36Z,85.5,Versa 4
2026-05-11T04:29:36Z,89.6,Versa 4
2026-05-11T04:30:36Z,50.0,Versa 4
2026-05-11T04:31:36Z,92.2,Versa 4
2026-05-11T04:32:36Z,50.0,Versa 4
2026-05-11T04:33:36Z,90.9,Versa 4
2026-05-11T04:34:36Z,89.1,Versa 4
2026-05-11T04:35:36Z,87.8,Versa 4
2026-05-11T04:36:36Z,50.0,Versa 4
2026-05-11T04:37:36Z,86.8,Versa 4
2026-05-11T04:38:36Z,85.8,Versa 4
2026-05-11T04:39:36Z,84.9,Versa 4
2026-05-11T04:40:36Z,84.0,Versa 4
2026-05-11T04:41:36Z,83.8,Versa 4
2026-05-11T04:42:36Z,83.6,Versa 4
2026-05-11T04:43:36Z,83.7,Versa 4
2026-05-11T04:44:36Z,83.7,Versa 4
2026-05-11T04:45:36Z,84.0,Versa 4
2026-05-11T04:46:36Z,84.3,Versa 4
2026-05-11T04:47:36Z,84.4,Versa 4
2026-05-11T04:48:36Z,84.7,Versa 4
2026-05-11T04:49:36Z,84.3,Versa 4
2026-05-11T04:50:36Z,84.5,Versa 4
2026-05-11T04:51:36Z,84.0,Versa 4
2026-05-11T04:52:36Z,85.3,Versa 4
2026-05-11T04:53:36Z,85.4,Versa 4
2026-05-11T04:54:36Z,84.8,Versa 4
2026-05-11T04:55:36Z,85.0,Versa 4
2026-05-11T04:56:36Z,85.2,Versa 4
2026-05-11T04:57:36Z,87.5,Versa 4
2026-05-11T04:58:36Z,92.7,Versa 4
2026-05-11T04:59:36Z,50.0,Versa 4
2026-05-11T05:00:36Z,50.0,Versa 4
2026-05-11T05:01:36Z,50.0,Versa 4
2026-05-11T05:02:36Z,95.0,Versa 4
2026-05-11T05:03:36Z,95.1,Versa 4
2026-05-11T05:04:36Z,95.3,Versa 4
2026-05-11T05:05:36Z,95.5,Versa 4
2026-05-11T05:06:36Z,95.7,Versa 4
2026-05-11T05:07:36Z,95.9,Versa 4
2026-05-11T05:08:36Z,95.9,Versa 4
2026-05-11T05:09:36Z,50.0,Versa 4
2026-05-11T05:10:36Z,95.9,Versa 4
2026-05-11T05:11:36Z,50.0,Versa 4
2026-05-11T05:12:36Z,50.0,Versa 4
2026-05-11T05:13:36Z,50.0,Versa 4
2026-05-11T05:14:36Z,50.0,Versa 4
2026-05-11T05:15:36Z,50.0,Versa 4
2026-05-11T05:16:36Z,94.9,Versa 4
2026-05-11T05:17:36Z,94.3,Versa 4
2026-05-11T05:18:36Z,50.0,Versa 4
2026-05-11T05:19:36Z,50.0,Versa 4
2026-05-11T05:20:36Z,50.0,Versa 4
2026-05-11T05:21:36Z,50.0,Versa 4
2026-05-11T05:22:36Z,50.0,Versa 4
2026-05-11T05:23:36Z,93.5,Versa 4
2026-05-12T00:02:37Z,50.0,Versa 4
2026-05-12T00:03:37Z,50.0,Versa 4
2026-05-12T00:04:37Z,50.0,Versa 4
2026-05-12T00:05:37Z,87.7,Versa 4
2026-05-12T00:06:37Z,86.9,Versa 4
2026-05-12T00:07:37Z,50.0,Versa 4
2026-05-12T00:08:37Z,83.8,Versa 4
2026-05-12T00:09:37Z,83.5,Versa 4
2026-05-12T00:10:37Z,79.2,Versa 4
2026-05-12T00:11:37Z,50.0,Versa 4
2026-05-12T00:12:37Z,50.0,Versa 4
2026-05-12T00:13:37Z,50.0,Versa 4
2026-05-12T00:14:37Z,50.0,Versa 4
2026-05-12T00:15:37Z,50.0,Versa 4
2026-05-12T00:16:37Z,50.0,Versa 4
2026-05-12T00:17:37Z,50.0,Versa 4
2026-05-12T00:18:37Z,50.0,Versa 4
2026-05-12T00:19:37Z,50.0,Versa 4
2026-05-12T00:20:37Z,50.0,Versa 4
2026-05-12T00:21:37Z,50.0,Versa 4
2026-05-12T03:38:35Z,99.0,Versa 4
2026-05-12T03:39:35Z,98.8,Versa 4
2026-05-12T03:40:35Z,98.3,Versa 4
2026-05-12T03:41:35Z,98.1,Versa 4
2026-05-12T03:42:35Z,97.9,Versa 4
2026-05-12T03:43:35Z,97.8,Versa 4
2026-05-12T03:44:35Z,97.8,Versa 4
2026-05-12T03:45:35Z,97.7,Versa 4
2026-05-12T03:46:35Z,97.6,Versa 4
2026-05-12T03:47:35Z,97.5,Versa 4
2026-05-12T03:48:35Z,97.4,Versa 4
2026-05-12T03:49:35Z,97.4,Versa 4
2026-05-12T03:50:35Z,97.4,Versa 4
2026-05-12T03:51:35Z,97.3,Versa 4
2026-05-12T03:52:35Z,97.3,Versa 4
2026-05-12T03:53:35Z,97.2,Versa 4
2026-05-12T03:54:35Z,97.1,Versa 4
2026-05-12T03:55:35Z,97.1,Versa 4
2026-05-12T03:56:35Z,97.0,Versa 4
2026-05-12T03:57:35Z,97.0,Versa 4
2026-05-12T03:58:35Z,96.9,Versa 4
2026-05-12T03:59:35Z,96.8,Versa 4
2026-05-12T04:00:35Z,96.8,Versa 4
2026-05-12T04:01:35Z,96.8,Versa 4
2026-05-12T04:02:35Z,50.0,Versa 4
2026-05-12T04:03:35Z,50.0,Versa 4
2026-05-12T04:04:35Z,97.5,Versa 4
2026-05-12T04:05:35Z,97.8,Versa 4
2026-05-12T04:06:35Z,97.6,Versa 4
2026-05-12T04:07:35Z,97.8,Versa 4
2026-05-12T04:08:35Z,50.0,Versa 4
2026-05-12T04:09:35Z,98.5,Versa 4
2026-05-12T04:10:35Z,98.7,Versa 4
2026-05-12T04:11:35Z,98.3,Versa 4
2026-05-12T04:12:35Z,50.0,Versa 4
2026-05-12T04:13:35Z,97.9,Versa 4
2026-05-12T04:14:35Z,97.3,Versa 4
2026-05-12T04:15:35Z,95.4,Versa 4
2026-05-12T04:16:35Z,95.6,Versa 4
2026-05-12T04:17:35Z,95.4,Versa 4
2026-05-12T04:18:35Z,95.2,Versa 4
2026-05-12T04:19:35Z,50.0,Versa 4
2026-05-12T04:20:35Z,93.5,Versa 4
2026-05-12T04:21:35Z,94.1,Versa 4
2026-05-12T04:22:35Z,93.5,Versa 4
2026-05-12T04:23:35Z,93.7,Versa 4
2026-05-12T04:24:35Z,50.0,Versa 4
2026-05-12T04:25:35Z,95.4,Versa 4
2026-05-12T04:26:35Z,95.7,Versa 4
2026-05-12T04:27:35Z,91.3,Versa 4
2026-05-12T04:28:35Z,87.6,Versa 4
2026-05-12T04:29:35Z,84.8,Versa 4
2026-05-12T04:30:35Z,82.7,Versa 4
2026-05-12T04:31:35Z,81.0,Versa 4
2026-05-12T04:32:35Z,80.7,Versa 4
2026-05-12T04:33:35Z,80.3,Versa 4
2026-05-12T04:34:35Z,78.6,Versa 4
2026-05-12T04:35:35Z,78.4,Versa 4
2026-05-12T04:36:35Z,78.5,Versa 4
2026-05-12T04:37:35Z,79.3,Versa 4
2026-05-12T04:38:35Z,78.5,Versa 4
2026-05-12T04:39:35Z,78.5,Versa 4
2026-05-12T04:40:35Z,80.1,Versa 4
2026-05-12T04:41:35Z,80.6,Versa 4
2026-05-12T04:42:35Z,79.8,Versa 4
2026-05-12T04:43:35Z,50.0,Versa 4
2026-05-12T04:44:35Z,80.2,Versa 4
2026-05-12T04:45:35Z,50.0,Versa 4
2026-05-12T04:46:35Z,50.0,Versa 4
2026-05-12T04:47:35Z,50.0,Versa 4
2026-05-12T04:48:35Z,50.0,Versa 4
2026-05-12T04:49:35Z,89.0,Versa 4
2026-05-12T04:50:35Z,91.4,Versa 4
2026-05-12T04:51:35Z,92.4,Versa 4
2026-05-12T04:52:35Z,93.4,Versa 4
2026-05-12T04:53:35Z,94.7,Versa 4
2026-05-12T04:54:35Z,95.4,Versa 4
2026-05-12T04:55:35Z,95.9,Versa 4
2026-05-12T04:56:35Z,95.6,Versa 4
2026-05-12T04:57:35Z,96.6,Versa 4
2026-05-12T04:58:35Z,97.4,Versa 4
2026-05-12T04:59:35Z,97.9,Versa 4
2026-05-12T05:00:35Z,98.0,Versa 4
2026-05-12T05:01:35Z,98.3,Versa 4
2026-05-12T05:02:35Z,98.4,Versa 4
2026-05-12T05:03:35Z,98.3,Versa 4
2026-05-12T05:04:35Z,98.5,Versa 4
2026-05-12T05:05:35Z,98.5,Versa 4
2026-05-12T05:06:35Z,98.6,Versa 4
2026-05-12T05:07:35Z,98.6,Versa 4
2026-05-12T05:08:35Z,98.5,Versa 4
2026-05-12T05:09:35Z,98.5,Versa 4
2026-05-12T05:10:35Z,98.6,Versa 4
2026-05-12T05:11:35Z,98.7,Versa 4
2026-05-12T05:12:35Z,98.8,Versa 4
2026-05-12T05:13:35Z,98.9,Versa 4
2026-05-12T05:14:35Z,50.0,Versa 4
2026-05-12T05:15:35Z,98.8,Versa 4
2026-05-12T05:16:35Z,99.0,Versa 4
2026-05-12T05:17:35Z,98.9,Versa 4
2026-05-12T05:18:35Z,98.9,Versa 4
2026-05-12T05:19:35Z,98.9,Versa 4
2026-05-12T05:20:35Z,98.9,Versa 4
2026-05-12T05:21:35Z,98.9,Versa 4
2026-05-12T05:22:35Z,98.8,Versa 4
2026-05-12T05:23:35Z,98.9,Versa 4
2026-05-12T05:24:35Z,98.9,Versa 4
2026-05-12T05:25:35Z,99.0,Versa 4
2026-05-12T05:26:35Z,98.9,Versa 4
2026-05-12T05:27:35Z,99.0,Versa 4
2026-05-12T05:28:35Z,98.9,Versa 4
2026-05-12T05:29:35Z,98.8,Versa 4
2026-05-12T05:30:35Z,98.8,Versa 4
2026-05-12T05:31:35Z,98.8,Versa 4
2026-05-12T05:32:35Z,98.8,Versa 4
2026-05-12T05:33:35Z,98.7,Versa 4
2026-05-12T05:34:35Z,98.7,Versa 4
2026-05-12T05:35:35Z,98.7,Versa 4
2026-05-12T05:36:35Z,98.6,Versa 4
2026-05-12T05:37:35Z,98.7,Versa 4
2026-05-12T05:38:35Z,98.7,Versa 4
2026-05-12T05:39:35Z,98.6,Versa 4
2026-05-12T05:40:35Z,98.7,Versa 4
2026-05-12T05:41:35Z,98.5,Versa 4
2026-05-12T05:42:35Z,98.6,Versa 4
2026-05-12T05:43:35Z,98.7,Versa 4
2026-05-12T05:44:35Z,98.8,Versa 4
2026-05-12T05:45:35Z,98.8,Versa 4
2026-05-12T05:46:35Z,98.6,Versa 4
2026-05-12T05:47:35Z,98.5,Versa 4
2026-05-12T05:48:35Z,98.6,Versa 4
2026-05-12T05:49:35Z,50.0,Versa 4
2026-05-12T05:50:35Z,50.0,Versa 4
2026-05-12T05:51:35Z,98.1,Versa 4
2026-05-12T05:52:35Z,97.7,Versa 4
2026-05-12T05:53:35Z,97.5,Versa 4
2026-05-12T05:54:35Z,97.2,Versa 4
2026-05-12T05:55:35Z,97.1,Versa 4
2026-05-12T05:56:35Z,96.7,Versa 4
2026-05-12T05:57:35Z,96.8,Versa 4
2026-05-12T05:58:35Z,96.3,Versa 4
2026-05-12T05:59:35Z,96.7,Versa 4
2026-05-12T06:00:35Z,50.0,Versa 4
2026-05-12T06:01:35Z,50.0,Versa 4
2026-05-12T06:02:35Z,96.2,Versa 4
2026-05-12T06:03:35Z,95.1,Versa 4
2026-05-12T06:04:35Z,89.8,Versa 4
2026-05-12T06:05:35Z,85.2,Versa 4
2026-05-12T06:06:35Z,82.9,Versa 4
2026-05-12T06:07:35Z,81.5,Versa 4
2026-05-12T06:08:35Z,50.0,Versa 4
2026-05-12T06:09:35Z,50.0,Versa 4
2026-05-12T06:10:35Z,50.0,Versa 4
2026-05-12T06:11:35Z,50.0,Versa 4
2026-05-12T06:12:35Z,50.0,Versa 4
2026-05-12T06:13:35Z,83.7,Versa 4
2026-05-12T06:14:35Z,88.1,Versa 4
2026-05-12T06:15:35Z,50.0,Versa 4
2026-05-12T06:16:35Z,86.7,Versa 4
2026-05-12T06:17:35Z,82.5,Versa 4
2026-05-12T06:18:35Z,80.7,Versa 4
2026-05-12T06:19:35Z,79.6,Versa 4
2026-05-12T06:20:35Z,78.5,Versa 4
2026-05-12T06:21:35Z,50.0,Versa 4
2026-05-12T06:22:35Z,82.6,Versa 4
2026-05-12T06:23:35Z,87.8,Versa 4
2026-05-12T06:24:35Z,91.4,Versa 4
2026-05-12T06:25:35Z,93.1,Versa 4
2026-05-12T06:26:35Z,94.3,Versa 4
2026-05-12T06:27:35Z,95.0,Versa 4
2026-05-12T06:28:35Z,50.0,Versa 4
2026-05-12T06:29:35Z,50.0,Versa 4
2026-05-12T06:30:35Z,50.0,Versa 4
2026-05-12T06:31:35Z,95.5,Versa 4
2026-05-12T06:32:35Z,96.0,Versa 4
2026-05-12T06:33:35Z,96.3,Versa 4
2026-05-12T06:34:35Z,96.4,Versa 4
2026-05-12T06:35:35Z,50.0,Versa 4
2026-05-12T06:36:35Z,96.5,Versa 4
2026-05-12T06:37:35Z,96.8,Versa 4
2026-05-12T06:38:35Z,96.9,Versa 4
2026-05-12T06:39:35Z,97.1,Versa 4
2026-05-12T06:40:35Z,50.0,Versa 4
2026-05-12T06:41:35Z,96.8,Versa 4
2026-05-12T06:42:35Z,96.6,Versa 4
2026-05-12T06:43:35Z,50.0,Versa 4
2026-05-12T06:44:35Z,50.0,Versa 4
2026-05-12T06:45:35Z,98.2,Versa 4
2026-05-12T06:46:35Z,93.2,Versa 4
2026-05-12T06:47:35Z,88.9,Versa 4
2026-05-12T06:48:35Z,88.1,Versa 4
2026-05-12T06:49:35Z,90.2,Versa 4
2026-05-12T06:50:35Z,93.7,Versa 4
2026-05-12T06:51:35Z,96.6,Versa 4
2026-05-12T06:52:35Z,98.9,Versa 4
2026-05-12T06:53:35Z,100.0,Versa 4
2026-05-12T06:54:35Z,100.0,Versa 4
2026-05-12T06:55:35Z,100.0,Versa 4
2026-05-12T06:56:35Z,100.0,Versa 4
2026-05-12T06:57:35Z,100.0,Versa 4
2026-05-12T06:58:35Z,99.8,Versa 4
2026-05-12T06:59:35Z,99.7,Versa 4
2026-05-12T07:00:35Z,50.0,Versa 4
2026-05-12T07:01:35Z,98.1,Versa 4
2026-05-12T07:02:35Z,97.2,Versa 4
2026-05-12T07:03:35Z,96.8,Versa 4
2026-05-12T07:04:35Z,50.0,Versa 4
2026-05-12T07:05:35Z,50.0,Versa 4
2026-05-12T07:06:35Z,96.1,Versa 4
2026-05-12T07:07:35Z,95.9,Versa 4
2026-05-12T07:08:35Z,95.9,Versa 4
2026-05-12T07:09:35Z,95.8,Versa 4
2026-05-12T07:10:35Z,95.9,Versa 4
2026-05-12T07:11:35Z,50.0,Versa 4
2026-05-12T07:12:35Z,96.0,Versa 4
2026-05-12T07:13:35Z,96.1,Versa 4
2026-05-12T07:14:35Z,96.3,Versa 4
2026-05-12T07:15:35Z,96.8,Versa 4
2026-05-12T07:16:35Z,97.1,Versa 4
2026-05-12T07:17:35Z,97.4,Versa 4
2026-05-12T07:18:35Z,97.6,Versa 4
2026-05-12T07:19:35Z,97.6,Versa 4
2026-05-12T07:20:35Z,97.4,Versa 4
2026-05-12T07:21:35Z,97.8,Versa 4
2026-05-12T07:22:35Z,98.1,Versa 4
2026-05-12T07:23:35Z,50.0,Versa 4
2026-05-12T07:24:35Z,98.1,Versa 4
2026-05-12T07:25:35Z,97.8,Versa 4
2026-05-12T07:26:35Z,97.6,Versa 4
2026-05-12T07:27:35Z,97.4,Versa 4
2026-05-12T07:28:35Z,97.5,Versa 4
2026-05-12T07:29:35Z,50.0,Versa 4
2026-05-12T07:30:35Z,97.4,Versa 4
2026-05-12T07:31:35Z,97.1,Versa 4
2026-05-12T07:32:35Z,97.6,Versa 4
2026-05-12T07:33:35Z,97.4,Versa 4
2026-05-12T07:34:35Z,97.8,Versa 4
2026-05-12T07:35:35Z,97.4,Versa 4
2026-05-12T07:36:35Z,97.3,Versa 4
2026-05-12T07:37:35Z,96.9,Versa 4
2026-05-12T07:38:35Z,96.9,Versa 4
2026-05-12T07:39:35Z,96.7,Versa 4
2026-05-12T07:40:35Z,96.8,Versa 4
2026-05-12T07:41:35Z,96.6,Versa 4
2026-05-12T07:42:35Z,96.4,Versa 4
2026-05-12T07:43:35Z,96.6,Versa 4
2026-05-12T07:44:35Z,96.4,Versa 4
2026-05-12T07:45:35Z,96.0,Versa 4
2026-05-12T07:46:35Z,95.9,Versa 4
2026-05-12T07:47:35Z,95.6,Versa 4
2026-05-12T07:48:35Z,95.6,Versa 4
2026-05-12T07:49:35Z,95.6,Versa 4
2026-05-12T07:50:35Z,95.5,Versa 4
2026-05-12T07:51:35Z,95.5,Versa 4
2026-05-12T07:52:35Z,95.7,Versa 4
2026-05-12T07:53:35Z,95.6,Versa 4
2026-05-12T07:54:35Z,95.1,Versa 4
2026-05-12T07:55:35Z,95.8,Versa 4
2026-05-12T07:56:35Z,95.8,Versa 4
2026-05-12T07:57:35Z,95.8,Versa 4
2026-05-12T07:58:35Z,96.2,Versa 4
2026-05-12T07:59:35Z,50.0,Versa 4
2026-05-12T08:00:35Z,50.0,Versa 4
2026-05-12T08:01:35Z,96.6,Versa 4
2026-05-12T08:02:35Z,96.7,Versa 4
2026-05-12T08:03:35Z,50.0,Versa 4
2026-05-12T08:04:35Z,96.9,Versa 4
2026-05-12T08:05:35Z,50.0,Versa 4
2026-05-12T08:06:35Z,97.0,Versa 4
2026-05-12T08:07:35Z,50.0,Versa 4
2026-05-12T08:08:35Z,97.1,Versa 4
2026-05-12T08:09:35Z,97.2,Versa 4
2026-05-12T08:10:35Z,50.0,Versa 4
2026-05-12T08:11:35Z,97.1,Versa 4
2026-05-12T08:12:35Z,97.0,Versa 4
2026-05-12T08:13:35Z,96.8,Versa 4
2026-05-12T08:14:35Z,96.9,Versa 4
2026-05-12T08:15:35Z,97.0,Versa 4
2026-05-12T08:16:35Z,50.0,Versa 4
2026-05-12T08:17:35Z,97.1,Versa 4
2026-05-12T08:18:35Z,50.0,Versa 4
2026-05-12T08:19:35Z,50.0,Versa 4
2026-05-12T08:20:35Z,95.3,Versa 4
2026-05-12T08:21:35Z,50.0,Versa 4
2026-05-12T08:22:35Z,94.2,Versa 4
2026-05-12T08:23:35Z,95.4,Versa 4
2026-05-12T08:24:35Z,96.1,Versa 4
2026-05-12T08:25:35Z,96.7,Versa 4
2026-05-12T08:26:35Z,97.1,Versa 4
2026-05-12T08:27:35Z,50.0,Versa 4
2026-05-12T08:28:35Z,97.2,Versa 4
2026-05-12T08:29:35Z,50.0,Versa 4
2026-05-12T08:30:35Z,96.5,Versa 4
2026-05-12T08:31:35Z,95.7,Versa 4
2026-05-12T08:32:35Z,95.4,Versa 4
2026-05-12T08:33:35Z,95.1,Versa 4
2026-05-12T08:34:35Z,50.0,Versa 4
2026-05-12T08:35:35Z,95.3,Versa 4
2026-05-12T08:36:35Z,95.7,Versa 4
2026-05-12T08:37:35Z,95.9,Versa 4
2026-05-12T08:38:35Z,96.0,Versa 4
2026-05-12T08:39:35Z,96.4,Versa 4
2026-05-12T08:40:35Z,96.4,Versa 4
2026-05-12T08:41:35Z,50.0,Versa 4
2026-05-12T08:42:35Z,96.4,Versa 4
2026-05-12T08:43:35Z,96.7,Versa 4
2026-05-12T08:44:35Z,97.2,Versa 4
2026-05-12T08:45:35Z,97.8,Versa 4
2026-05-12T08:46:35Z,50.0,Versa 4
2026-05-12T08:47:35Z,97.6,Versa 4
2026-05-12T08:48:35Z,97.2,Versa 4
2026-05-12T08:49:35Z,96.8,Versa 4
2026-05-12T08:50:35Z,50.0,Versa 4
2026-05-12T08:51:35Z,50.0,Versa 4
2026-05-12T08:52:35Z,96.4,Versa 4
2026-05-12T08:53:35Z,50.0,Versa 4
2026-05-12T08:54:35Z,96.7,Versa 4
2026-05-12T08:55:35Z,50.0,Versa 4
2026-05-12T08:56:35Z,50.0,Versa 4
2026-05-12T08:57:35Z,50.0,Versa 4
2026-05-12T08:58:35Z,50.0,Versa 4
2026-05-12T08:59:35Z,97.3,Versa 4
2026-05-12T09:00:35Z,50.0,Versa 4
2026-05-12T09:01:35Z,50.0,Versa 4
2026-05-12T09:02:35Z,50.0,Versa 4
2026-05-12T09:03:35Z,50.0,Versa 4
2026-05-12T09:04:35Z,50.0,Versa 4
2026-05-12T09:05:35Z,50.0,Versa 4
2026-05-12T09:06:35Z,50.0,Versa 4
2026-05-12T09:07:35Z,50.0,Versa 4
2026-05-12T09:08:35Z,50.0,Versa 4
2026-05-12T09:09:35Z,50.0,Versa 4
2026-05-12T22:21:39Z,95.1,Versa 4
2026-05-12T22:22:39Z,95.1,Versa 4
2026-05-12T22:23:39Z,95.0,Versa 4
2026-05-12T22:24:39Z,95.0,Versa 4
2026-05-12T22:25:39Z,95.0,Versa 4
2026-05-12T22:26:39Z,95.0,Versa 4
2026-05-12T22:27:39Z,95.0,Versa 4
2026-05-12T22:28:39Z,94.9,Versa 4
2026-05-12T22:29:39Z,94.9,Versa 4
2026-05-12T22:30:39Z,94.8,Versa 4
2026-05-12T22:31:39Z,94.8,Versa 4
2026-05-12T22:32:39Z,94.5,Versa 4
2026-05-12T22:33:39Z,94.5,Versa 4
2026-05-12T22:34:39Z,94.3,Versa 4
2026-05-12T22:35:39Z,94.1,Versa 4
2026-05-12T22:36:39Z,94.0,Versa 4
2026-05-12T22:37:39Z,93.9,Versa 4
2026-05-12T22:38:39Z,93.8,Versa 4
2026-05-12T22:39:39Z,93.8,Versa 4
2026-05-12T22:40:39Z,93.7,Versa 4
2026-05-12T22:41:39Z,93.7,Versa 4
2026-05-12T22:42:39Z,93.7,Versa 4
2026-05-12T22:43:39Z,93.7,Versa 4
2026-05-12T22:44:39Z,93.5,Versa 4
2026-05-12T22:45:39Z,93.4,Versa 4
2026-05-12T22:46:39Z,93.6,Versa 4
2026-05-12T22:47:39Z,50.0,Versa 4
2026-05-12T22:48:39Z,50.0,Versa 4
2026-05-12T22:49:39Z,50.0,Versa 4
2026-05-12T22:50:39Z,94.5,Versa 4
2026-05-12T22:51:39Z,50.0,Versa 4
2026-05-12T22:52:39Z,50.0,Versa 4
2026-05-12T22:53:39Z,94.8,Versa 4
2026-05-12T22:54:39Z,95.3,Versa 4
2026-05-12T22:55:39Z,95.2,Versa 4
2026-05-12T22:56:39Z,94.3,Versa 4
2026-05-12T22:57:39Z,94.2,Versa 4
2026-05-12T22:58:39Z,94.0,Versa 4
2026-05-12T22:59:39Z,93.9,Versa 4
2026-05-12T23:00:39Z,93.8,Versa 4
2026-05-12T23:01:39Z,93.6,Versa 4
2026-05-12T23:02:39Z,94.7,Versa 4
2026-05-12T23:03:39Z,94.9,Versa 4
2026-05-12T23:04:39Z,95.8,Versa 4
2026-05-12T23:05:39Z,95.6,Versa 4
2026-05-12T23:06:39Z,95.4,Versa 4
2026-05-12T23:07:39Z,94.5,Versa 4
2026-05-12T23:08:39Z,94.9,Versa 4
2026-05-12T23:09:39Z,96.0,Versa 4
2026-05-12T23:10:39Z,95.8,Versa 4
2026-05-12T23:11:39Z,96.6,Versa 4
2026-05-12T23:12:39Z,96.9,Versa 4
2026-05-12T23:13:39Z,97.5,Versa 4
2026-05-12T23:14:39Z,50.0,Versa 4
2026-05-12T23:15:39Z,96.0,Versa 4
2026-05-12T23:16:39Z,96.2,Versa 4
2026-05-12T23:17:39Z,95.7,Versa 4
2026-05-12T23:18:39Z,95.7,Versa 4
2026-05-12T23:19:39Z,94.9,Versa 4
2026-05-12T23:20:39Z,95.4,Versa 4
2026-05-12T23:21:39Z,50.0,Versa 4
2026-05-12T23:22:39Z,96.3,Versa 4
2026-05-12T23:23:39Z,96.6,Versa 4
2026-05-12T23:24:39Z,96.2,Versa 4
2026-05-12T23:25:39Z,94.8,Versa 4
2026-05-12T23:26:39Z,92.1,Versa 4
2026-05-12T23:27:39Z,50.0,Versa 4
2026-05-12T23:28:39Z,89.9,Versa 4
2026-05-12T23:29:39Z,89.3,Versa 4
2026-05-12T23:30:39Z,88.9,Versa 4
2026-05-12T23:31:39Z,88.2,Versa 4
2026-05-12T23:32:39Z,87.0,Versa 4
2026-05-12T23:33:39Z,86.6,Versa 4
2026-05-12T23:34:39Z,86.0,Versa 4
2026-05-12T23:35:39Z,85.1,Versa 4
2026-05-12T23:36:39Z,84.6,Versa 4
2026-05-12T23:37:39Z,84.0,Versa 4
2026-05-12T23:38:39Z,83.8,Versa 4
2026-05-12T23:39:39Z,83.3,Versa 4
2026-05-12T23:40:39Z,83.0,Versa 4
2026-05-12T23:41:39Z,82.4,Versa 4
2026-05-12T23:42:39Z,82.3,Versa 4
2026-05-12T23:43:39Z,82.0,Versa 4
2026-05-12T23:44:39Z,81.8,Versa 4
2026-05-12T23:45:39Z,81.8,Versa 4
2026-05-12T23:46:39Z,82.1,Versa 4
2026-05-12T23:47:39Z,82.3,Versa 4
2026-05-12T23:48:39Z,82.2,Versa 4
2026-05-12T23:49:39Z,82.1,Versa 4
2026-05-12T23:50:39Z,82.3,Versa 4
2026-05-12T23:51:39Z,81.9,Versa 4
2026-05-12T23:52:39Z,81.3,Versa 4
2026-05-12T23:53:39Z,81.0,Versa 4
2026-05-12T23:54:39Z,80.9,Versa 4
2026-05-12T23:55:39Z,50.0,Versa 4
2026-05-12T23:56:39Z,50.0,Versa 4
2026-05-12T23:57:39Z,79.6,Versa 4
2026-05-12T23:58:39Z,50.0,Versa 4
2026-05-12T23:59:39Z,82.2,Versa 4
2026-05-13T00:00:39Z,85.3,Versa 4
2026-05-13T00:01:39Z,50.0,Versa 4
2026-05-13T00:02:39Z,86.6,Versa 4
2026-05-13T00:03:39Z,84.5,Versa 4
2026-05-13T00:04:39Z,50.0,Versa 4
2026-05-13T00:05:39Z,88.2,Versa 4
2026-05-13T00:06:39Z,92.7,Versa 4
2026-05-13T00:07:39Z,94.0,Versa 4
2026-05-13T00:08:39Z,96.5,Versa 4
2026-05-13T00:09:39Z,97.2,Versa 4
2026-05-13T00:10:39Z,97.0,Versa 4
2026-05-13T00:11:39Z,97.8,Versa 4
2026-05-13T00:12:39Z,97.9,Versa 4
2026-05-13T00:13:39Z,98.1,Versa 4
2026-05-13T00:14:39Z,98.3,Versa 4
2026-05-13T00:15:39Z,98.2,Versa 4
2026-05-13T00:16:39Z,98.4,Versa 4
2026-05-13T00:17:39Z,97.8,Versa 4
2026-05-13T00:18:39Z,97.6,Versa 4
2026-05-13T00:19:39Z,97.2,Versa 4
2026-05-13T00:20:39Z,97.8,Versa 4
2026-05-13T00:21:39Z,97.9,Versa 4
2026-05-13T00:22:39Z,50.0,Versa 4
2026-05-13T00:23:39Z,50.0,Versa 4
2026-05-13T00:24:39Z,50.0,Versa 4
2026-05-13T00:25:39Z,50.0,Versa 4
2026-05-13T00:26:39Z,50.0,Versa 4
2026-05-13T00:27:39Z,50.0,Versa 4
2026-05-13T00:28:39Z,95.4,Versa 4
2026-05-13T00:29:39Z,93.7,Versa 4
2026-05-13T00:30:39Z,50.0,Versa 4
2026-05-13T00:31:39Z,90.9,Versa 4
2026-05-13T00:32:39Z,89.1,Versa 4
2026-05-13T00:33:39Z,89.6,Versa 4
2026-05-13T00:34:39Z,90.4,Versa 4
2026-05-13T00:35:39Z,91.0,Versa 4
2026-05-13T00:36:39Z,50.0,Versa 4
2026-05-13T00:37:39Z,94.0,Versa 4
2026-05-13T00:38:39Z,96.4,Versa 4
2026-05-13T00:39:39Z,96.5,Versa 4
2026-05-13T00:40:39Z,50.0,Versa 4
2026-05-13T00:41:39Z,96.9,Versa 4
2026-05-13T00:42:39Z,98.8,Versa 4
2026-05-13T00:43:39Z,50.0,Versa 4
2026-05-13T00:44:39Z,98.9,Versa 4
2026-05-13T00:45:39Z,99.4,Versa 4
2026-05-13T00:46:39Z,99.7,Versa 4
2026-05-13T00:47:39Z,99.6,Versa 4
2026-05-13T00:48:39Z,100.0,Versa 4
2026-05-13T00:49:39Z,50.0,Versa 4
2026-05-13T00:50:39Z,99.5,Versa 4
2026-05-13T00:51:39Z,50.0,Versa 4
2026-05-13T00:52:39Z,50.0,Versa 4
2026-05-13T00:53:39Z,96.3,Versa 4
2026-05-13T00:54:39Z,90.7,Versa 4
2026-05-13T00:55:39Z,50.0,Versa 4
2026-05-13T00:56:39Z,85.8,Versa 4
2026-05-13T00:57:39Z,82.0,Versa 4
2026-05-13T00:58:39Z,79.8,Versa 4
2026-05-13T00:59:39Z,78.6,Versa 4
2026-05-13T01:00:39Z,78.1,Versa 4
2026-05-13T01:01:39Z,50.0,Versa 4
2026-05-13T01:02:39Z,79.8,Versa 4
2026-05-13T01:03:39Z,83.1,Versa 4
2026-05-13T01:04:39Z,87.2,Versa 4
2026-05-13T01:05:39Z,90.8,Versa 4
2026-05-13T01:06:39Z,92.2,Versa 4
2026-05-13T01:07:39Z,93.8,Versa 4
2026-05-13T01:08:39Z,95.0,Versa 4
2026-05-13T01:09:39Z,96.1,Versa 4
2026-05-13T01:10:39Z,96.3,Versa 4
2026-05-13T01:11:39Z,96.7,Versa 4
2026-05-13T01:12:39Z,96.9,Versa 4
2026-05-13T01:13:39Z,96.7,Versa 4
2026-05-13T01:14:39Z,97.0,Versa 4
2026-05-13T01:15:39Z,96.8,Versa 4
2026-05-13T01:16:39Z,96.7,Versa 4
2026-05-13T01:17:39Z,50.0,Versa 4
2026-05-13T01:18:39Z,95.4,Versa 4
2026-05-13T01:19:39Z,92.7,Versa 4
2026-05-13T01:20:39Z,91.6,Versa 4
2026-05-13T01:21:39Z,90.5,Versa 4
2026-05-13T01:22:39Z,90.2,Versa 4
2026-05-13T01:23:39Z,50.0,Versa 4
2026-05-13T01:24:39Z,90.4,Versa 4
2026-05-13T01:25:39Z,90.9,Versa 4
2026-05-13T01:26:39Z,90.4,Versa 4
2026-05-13T01:27:39Z,91.3,Versa 4
2026-05-13T01:28:39Z,91.1,Versa 4
2026-05-13T01:29:39Z,90.7,Versa 4
2026-05-13T01:30:39Z,90.3,Versa 4
2026-05-13T01:31:39Z,89.2,Versa 4
2026-05-13T01:32:39Z,88.9,Versa 4
2026-05-13T01:33:39Z,90.3,Versa 4
2026-05-13T01:34:39Z,90.7,Versa 4
2026-05-13T01:35:39Z,89.6,Versa 4
2026-05-13T01:36:39Z,89.5,Versa 4
2026-05-13T01:37:39Z,90.0,Versa 4
2026-05-13T01:38:39Z,50.0,Versa 4
2026-05-13T01:39:39Z,50.0,Versa 4
2026-05-13T01:40:39Z,89.2,Versa 4
2026-05-13T01:41:39Z,50.0,Versa 4
2026-05-13T01:42:39Z,90.3,Versa 4
2026-05-13T01:43:39Z,88.8,Versa 4
2026-05-13T01:44:39Z,89.0,Versa 4
2026-05-13T01:45:39Z,88.5,Versa 4
2026-05-13T01:46:39Z,88.9,Versa 4
2026-05-13T01:47:39Z,89.7,Versa 4
2026-05-13T01:48:39Z,89.6,Versa 4
2026-05-13T01:49:39Z,89.5,Versa 4
2026-05-13T01:50:39Z,89.5,Versa 4
2026-05-13T01:51:39Z,90.0,Versa 4
2026-05-13T01:52:39Z,90.3,Versa 4
2026-05-13T01:53:39Z,89.6,Versa 4
2026-05-13T01:54:39Z,89.9,Versa 4
2026-05-13T01:55:39Z,90.8,Versa 4
2026-05-13T01:56:39Z,90.8,Versa 4
2026-05-13T01:57:39Z,90.2,Versa 4
2026-05-13T01:58:39Z,90.2,Versa 4
2026-05-13T01:59:39Z,90.4,Versa 4
2026-05-13T02:00:39Z,90.1,Versa 4
2026-05-13T02:01:39Z,89.7,Versa 4
2026-05-13T02:02:39Z,90.0,Versa 4
2026-05-13T02:03:39Z,90.3,Versa 4
2026-05-13T02:04:39Z,90.2,Versa 4
2026-05-13T02:05:39Z,90.4,Versa 4
2026-05-13T02:06:39Z,90.2,Versa 4
2026-05-13T02:07:39Z,89.9,Versa 4
2026-05-13T02:08:39Z,89.5,Versa 4
2026-05-13T02:09:39Z,89.6,Versa 4
2026-05-13T02:10:39Z,89.4,Versa 4
2026-05-13T02:11:39Z,89.3,Versa 4
2026-05-13T02:12:39Z,89.3,Versa 4
2026-05-13T02:13:39Z,89.3,Versa 4
2026-05-13T02:14:39Z,89.4,Versa 4
2026-05-13T02:15:39Z,89.2,Versa 4
2026-05-13T02:16:39Z,89.3,Versa 4
2026-05-13T02:17:39Z,89.3,Versa 4
2026-05-13T02:18:39Z,89.0,Versa 4
2026-05-13T02:19:39Z,50.0,Versa 4
2026-05-13T02:20:39Z,50.0,Versa 4
2026-05-13T02:21:39Z,50.0,Versa 4
2026-05-13T02:22:39Z,86.7,Versa 4
2026-05-13T02:23:39Z,50.0,Versa 4
2026-05-13T02:24:39Z,84.2,Versa 4
2026-05-13T02:25:39Z,83.2,Versa 4
2026-05-13T02:26:39Z,81.9,Versa 4
2026-05-13T02:27:39Z,83.2,Versa 4
2026-05-13T02:28:39Z,85.1,Versa 4
2026-05-13T02:29:39Z,86.4,Versa 4
2026-05-13T02:30:39Z,84.9,Versa 4
2026-05-13T02:31:39Z,82.6,Versa 4
2026-05-13T02:32:39Z,81.8,Versa 4
2026-05-13T02:33:39Z,82.8,Versa 4
2026-05-13T02:34:39Z,79.5,Versa 4
2026-05-13T02:35:39Z,79.7,Versa 4
2026-05-13T02:36:39Z,79.6,Versa 4
2026-05-13T02:37:39Z,78.6,Versa 4
2026-05-13T02:38:39Z,78.3,Versa 4
2026-05-13T02:39:39Z,78.1,Versa 4
2026-05-13T02:40:39Z,50.0,Versa 4
2026-05-13T02:41:39Z,77.5,Versa 4
2026-05-13T02:42:39Z,78.4,Versa 4
2026-05-13T02:43:39Z,50.0,Versa 4
2026-05-13T02:44:39Z,50.0,Versa 4
2026-05-13T02:45:39Z,80.6,Versa 4
2026-05-13T02:46:39Z,50.0,Versa 4
2026-05-13T02:47:39Z,50.0,Versa 4
2026-05-13T02:48:39Z,83.1,Versa 4
2026-05-13T02:49:39Z,86.5,Versa 4
2026-05-13T02:50:39Z,89.5,Versa 4
2026-05-13T02:51:39Z,90.7,Versa 4
2026-05-13T02:52:39Z,91.6,Versa 4
2026-05-13T02:53:39Z,50.0,Versa 4
2026-05-13T02:54:39Z,91.0,Versa 4
2026-05-13T02:55:39Z,86.5,Versa 4
2026-05-13T02:56:39Z,83.7,Versa 4
2026-05-13T02:57:39Z,80.8,Versa 4
2026-05-13T02:58:39Z,79.2,Versa 4
2026-05-13T02:59:39Z,78.7,Versa 4
2026-05-13T03:00:39Z,78.2,Versa 4
2026-05-13T03:01:39Z,77.5,Versa 4
2026-05-13T03:02:39Z,77.6,Versa 4
2026-05-13T03:03:39Z,78.0,Versa 4
2026-05-13T03:04:39Z,78.1,Versa 4
2026-05-13T03:05:39Z,78.1,Versa 4
2026-05-13T03:06:39Z,77.9,Versa 4
2026-05-13T03:07:39Z,77.9,Versa 4
2026-05-13T03:08:39Z,78.1,Versa 4
2026-05-13T03:09:39Z,78.6,Versa 4
2026-05-13T03:10:39Z,80.1,Versa 4
2026-05-13T03:11:39Z,80.5,Versa 4
2026-05-13T03:12:39Z,80.3,Versa 4
2026-05-13T03:13:39Z,50.0,Versa 4
2026-05-13T03:14:39Z,81.2,Versa 4
2026-05-13T03:15:39Z,83.3,Versa 4
2026-05-13T03:16:39Z,86.0,Versa 4
2026-05-13T03:17:39Z,50.0,Versa 4
2026-05-13T03:18:39Z,50.0,Versa 4
2026-05-13T03:19:39Z,87.8,Versa 4
2026-05-13T03:20:39Z,89.1,Versa 4
2026-05-13T03:21:39Z,50.0,Versa 4
2026-05-13T03:22:39Z,50.0,Versa 4
2026-05-13T03:23:39Z,50.0,Versa 4
2026-05-13T03:24:39Z,50.0,Versa 4
2026-05-13T03:25:39Z,50.0,Versa 4
2026-05-13T06:06:33Z,50.0,Versa 4
2026-05-13T06:07:33Z,50.0,Versa 4
2026-05-13T06:08:33Z,50.0,Versa 4
2026-05-13T06:09:33Z,50.0,Versa 4
2026-05-13T06:10:33Z,50.0,Versa 4
2026-05-13T06:11:33Z,50.0,Versa 4
2026-05-13T08:16:35Z,97.9,Versa 4
2026-05-13T08:17:35Z,97.1,Versa 4
2026-05-13T08:18:35Z,96.7,Versa 4
2026-05-13T08:19:35Z,96.1,Versa 4
2026-05-13T08:20:35Z,95.9,Versa 4
2026-05-13T08:21:35Z,95.5,Versa 4
2026-05-13T08:22:35Z,95.2,Versa 4
2026-05-13T08:23:35Z,95.2,Versa 4
2026-05-13T08:24:35Z,95.1,Versa 4
2026-05-13T08:28:06Z,94.1,Versa 4
2026-05-13T08:29:06Z,94.6,Versa 4
2026-05-13T08:30:06Z,94.9,Versa 4
2026-05-13T08:31:06Z,50.0,Versa 4
2026-05-13T08:32:06Z,95.2,Versa 4
2026-05-13T08:33:06Z,95.3,Versa 4
2026-05-13T08:34:06Z,95.5,Versa 4
2026-05-13T08:35:06Z,95.6,Versa 4
2026-05-13T08:36:06Z,95.6,Versa 4
2026-05-13T08:37:06Z,95.4,Versa 4
2026-05-13T08:38:06Z,95.6,Versa 4
2026-05-13T08:39:06Z,95.5,Versa 4
2026-05-13T08:40:06Z,95.4,Versa 4
2026-05-13T08:41:06Z,95.3,Versa 4
2026-05-13T08:42:06Z,95.2,Versa 4
2026-05-13T08:43:06Z,95.0,Versa 4
2026-05-13T08:44:06Z,95.1,Versa 4
2026-05-13T08:45:06Z,95.0,Versa 4
2026-05-13T08:46:06Z,50.0,Versa 4
2026-05-13T08:47:06Z,95.0,Versa 4
2026-05-13T08:48:06Z,95.1,Versa 4
2026-05-13T08:49:06Z,95.0,Versa 4
2026-05-13T08:50:06Z,95.0,Versa 4
2026-05-13T08:51:06Z,95.0,Versa 4
2026-05-13T08:52:06Z,95.0,Versa 4
2026-05-13T08:53:06Z,95.0,Versa 4
2026-05-13T08:54:06Z,95.0,Versa 4
2026-05-13T08:55:06Z,95.0,Versa 4
2026-05-13T08:56:06Z,95.0,Versa 4
2026-05-13T08:57:06Z,95.0,Versa 4
2026-05-13T08:58:06Z,95.1,Versa 4
2026-05-13T08:59:06Z,95.1,Versa 4
2026-05-13T09:00:06Z,95.1,Versa 4
2026-05-13T09:01:06Z,95.1,Versa 4
2026-05-13T09:02:06Z,95.1,Versa 4
2026-05-13T09:03:06Z,95.0,Versa 4
2026-05-13T09:04:06Z,95.0,Versa 4
2026-05-13T09:05:06Z,95.1,Versa 4
2026-05-13T09:06:06Z,95.1,Versa 4
2026-05-13T09:07:06Z,95.1,Versa 4
2026-05-13T09:08:06Z,95.0,Versa 4
2026-05-13T09:09:06Z,95.0,Versa 4
2026-05-13T09:10:06Z,95.0,Versa 4
2026-05-13T09:11:06Z,95.0,Versa 4
2026-05-13T09:12:06Z,95.0,Versa 4
2026-05-13T09:13:06Z,95.0,Versa 4
2026-05-13T09:14:06Z,95.0,Versa 4
2026-05-13T09:15:06Z,95.0,Versa 4
2026-05-13T09:16:06Z,50.0,Versa 4
2026-05-13T09:17:06Z,50.0,Versa 4
2026-05-13T09:18:06Z,96.3,Versa 4
2026-05-13T09:19:06Z,96.8,Versa 4
2026-05-13T09:20:06Z,97.1,Versa 4
2026-05-13T09:21:06Z,97.3,Versa 4
2026-05-13T09:22:06Z,97.5,Versa 4
2026-05-13T09:23:06Z,97.5,Versa 4
2026-05-13T09:24:06Z,50.0,Versa 4
2026-05-13T09:25:06Z,97.0,Versa 4
2026-05-13T09:26:06Z,96.7,Versa 4
2026-05-13T09:27:06Z,96.4,Versa 4
2026-05-13T09:28:06Z,96.2,Versa 4
2026-05-13T09:29:06Z,95.9,Versa 4
2026-05-13T09:30:06Z,95.8,Versa 4
2026-05-13T09:31:06Z,50.0,Versa 4
2026-05-13T09:32:06Z,96.0,Versa 4
2026-05-13T09:33:06Z,96.2,Versa 4
2026-05-13T09:34:06Z,95.9,Versa 4
2026-05-13T09:35:06Z,96.0,Versa 4
2026-05-13T09:36:06Z,50.0,Versa 4
2026-05-13T09:37:06Z,96.1,Versa 4
2026-05-13T09:38:06Z,96.2,Versa 4
2026-05-13T09:39:06Z,50.0,Versa 4
2026-05-13T09:40:06Z,50.0,Versa 4
2026-05-13T09:41:06Z,50.0,Versa 4
2026-05-13T09:42:06Z,97.1,Versa 4
2026-05-13T09:43:06Z,97.2,Versa 4
2026-05-13T09:44:06Z,97.4,Versa 4
2026-05-13T09:45:06Z,97.5,Versa 4
2026-05-13T09:46:06Z,97.8,Versa 4
2026-05-13T09:47:06Z,98.0,Versa 4
2026-05-13T09:48:06Z,98.3,Versa 4
2026-05-13T09:49:06Z,98.4,Versa 4
2026-05-13T09:50:06Z,98.2,Versa 4
2026-05-13T09:51:06Z,98.3,Versa 4
2026-05-13T09:52:06Z,98.3,Versa 4
2026-05-13T09:53:06Z,98.5,Versa 4
2026-05-13T09:54:06Z,50.0,Versa 4
2026-05-13T09:55:06Z,50.0,Versa 4
2026-05-13T09:56:06Z,50.0,Versa 4
2026-05-13T09:57:06Z,50.0,Versa 4
2026-05-13T09:58:06Z,50.0,Versa 4
2026-05-13T09:59:06Z,50.0,Versa 4
2026-05-13T10:00:06Z,50.0,Versa 4
2026-05-13T10:01:06Z,97.0,Versa 4
2026-05-13T10:02:06Z,50.0,Versa 4
2026-05-13T10:03:06Z,50.0,Versa 4
2026-05-13T10:04:06Z,50.0,Versa 4
2026-05-13T10:05:06Z,97.2,Versa 4
2026-05-13T10:06:06Z,50.0,Versa 4
2026-05-13T10:07:06Z,97.7,Versa 4
2026-05-13T10:08:06Z,50.0,Versa 4
2026-05-13T10:09:06Z,50.0,Versa 4
2026-05-13T10:10:06Z,97.4,Versa 4
2026-05-13T10:11:06Z,50.0,Versa 4
2026-05-13T10:12:06Z,50.0,Versa 4
2026-05-13T10:13:06Z,97.6,Versa 4
2026-05-13T10:14:06Z,50.0,Versa 4
2026-05-13T10:15:06Z,50.0,Versa 4
2026-05-13T10:16:06Z,97.6,Versa 4
2026-05-13T10:17:06Z,98.3,Versa 4
2026-05-13T10:18:06Z,50.0,Versa 4
2026-05-13T10:19:06Z,93.9,Versa 4
2026-05-13T10:20:06Z,94.4,Versa 4
2026-05-13T10:21:06Z,50.0,Versa 4
2026-05-13T10:22:06Z,50.0,Versa 4
2026-05-13T10:23:06Z,50.0,Versa 4
2026-05-13T10:24:06Z,50.0,Versa 4
2026-05-13T10:25:06Z,93.5,Versa 4
2026-05-13T10:26:06Z,50.0,Versa 4
2026-05-13T10:27:06Z,50.0,Versa 4
2026-05-13T10:28:06Z,50.0,Versa 4
2026-05-13T10:29:06Z,50.0,Versa 4
2026-05-13T10:30:06Z,50.0,Versa 4
2026-05-13T10:31:06Z,50.0,Versa 4
2026-05-13T10:32:06Z,93.4,Versa 4
2026-05-13T11:16:08Z,87.6,Versa 4
2026-05-13T11:17:08Z,90.6,Versa 4
2026-05-13T11:18:08Z,93.0,Versa 4
2026-05-13T11:19:08Z,94.6,Versa 4
2026-05-13T11:20:08Z,95.4,Versa 4
2026-05-13T18:56:35Z,50.0,Versa 4
2026-05-13T18:57:35Z,50.0,Versa 4
2026-05-13T18:58:35Z,50.0,Versa 4
2026-05-13T18:59:35Z,50.0,Versa 4
2026-05-13T19:00:35Z,50.0,Versa 4
2026-05-13T19:01:35Z,50.0,Versa 4
2026-05-13T19:34:04Z,96.6,Versa 4
2026-05-13T19:35:04Z,50.0,Versa 4
2026-05-13T19:36:04Z,96.5,Versa 4
2026-05-13T19:37:04Z,96.5,Versa 4
2026-05-13T19:38:04Z,50.0,Versa 4
2026-05-13T19:39:04Z,95.9,Versa 4
2026-05-13T19:40:04Z,95.7,Versa 4
2026-05-13T19:41:04Z,95.8,Versa 4
2026-05-13T19:42:04Z,50.0,Versa 4
2026-05-13T19:43:04Z,50.0,Versa 4
2026-05-13T19:44:04Z,94.7,Versa 4
2026-05-13T19:45:04Z,50.0,Versa 4
2026-05-13T19:46:04Z,95.2,Versa 4
2026-05-13T19:47:04Z,95.7,Versa 4
2026-05-13T19:48:04Z,50.0,Versa 4
2026-05-13T19:49:04Z,50.0,Versa 4
2026-05-13T19:50:04Z,95.8,Versa 4
2026-05-13T19:51:04Z,50.0,Versa 4
2026-05-14T04:05:09Z,91.0,Versa 4
2026-05-14T04:06:09Z,90.2,Versa 4
2026-05-14T04:07:09Z,89.4,Versa 4
2026-05-14T04:08:09Z,89.2,Versa 4
2026-05-14T04:09:09Z,89.5,Versa 4
2026-05-14T04:10:09Z,89.2,Versa 4
2026-05-14T04:11:09Z,89.0,Versa 4
2026-05-14T04:12:09Z,88.8,Versa 4
2026-05-14T04:13:09Z,89.1,Versa 4
2026-05-14T04:14:09Z,89.2,Versa 4
2026-05-14T04:15:09Z,89.1,Versa 4
2026-05-14T04:16:09Z,89.3,Versa 4
2026-05-14T04:17:09Z,89.2,Versa 4
2026-05-14T04:18:09Z,89.1,Versa 4
2026-05-14T04:19:09Z,50.0,Versa 4
2026-05-14T04:20:09Z,89.6,Versa 4
2026-05-14T04:21:09Z,89.6,Versa 4
2026-05-14T04:22:09Z,89.7,Versa 4
2026-05-14T04:23:09Z,90.6,Versa 4
2026-05-14T04:24:09Z,90.0,Versa 4
2026-05-14T04:25:09Z,89.8,Versa 4
2026-05-14T04:26:09Z,91.9,Versa 4
2026-05-14T04:27:09Z,93.6,Versa 4
2026-05-14T04:28:09Z,50.0,Versa 4
2026-05-14T04:29:09Z,93.8,Versa 4
2026-05-14T04:30:09Z,93.8,Versa 4
2026-05-14T04:31:09Z,94.6,Versa 4
2026-05-14T04:32:09Z,50.0,Versa 4
2026-05-14T04:33:09Z,95.1,Versa 4
2026-05-14T04:34:09Z,95.1,Versa 4
2026-05-14T04:35:09Z,95.2,Versa 4
2026-05-14T04:36:09Z,95.2,Versa 4
2026-05-14T04:37:09Z,95.4,Versa 4
2026-05-14T04:38:09Z,50.0,Versa 4
2026-05-14T04:39:09Z,95.2,Versa 4
2026-05-14T04:40:09Z,50.0,Versa 4
2026-05-14T04:41:09Z,94.7,Versa 4
2026-05-14T04:42:09Z,95.6,Versa 4
2026-05-14T04:43:09Z,96.0,Versa 4
2026-05-14T04:44:09Z,50.0,Versa 4
2026-05-14T04:45:09Z,96.3,Versa 4
2026-05-14T04:46:09Z,96.4,Versa 4
2026-05-14T04:47:09Z,96.4,Versa 4
2026-05-14T04:48:09Z,96.5,Versa 4
2026-05-14T04:49:09Z,96.3,Versa 4
2026-05-14T04:50:09Z,96.3,Versa 4
2026-05-14T04:51:09Z,96.4,Versa 4
2026-05-14T04:52:09Z,96.4,Versa 4
2026-05-14T04:53:09Z,96.4,Versa 4
2026-05-14T04:54:09Z,96.4,Versa 4
2026-05-14T04:55:09Z,96.5,Versa 4
2026-05-14T04:56:09Z,96.6,Versa 4
2026-05-14T04:57:09Z,96.8,Versa 4
2026-05-14T04:58:09Z,96.8,Versa 4
2026-05-14T04:59:09Z,96.9,Versa 4
2026-05-14T05:00:09Z,96.9,Versa 4
2026-05-14T05:01:09Z,97.0,Versa 4
2026-05-14T05:02:09Z,97.1,Versa 4
2026-05-14T05:03:09Z,97.2,Versa 4
2026-05-14T05:04:09Z,97.1,Versa 4
2026-05-14T05:05:09Z,97.2,Versa 4
2026-05-14T05:06:09Z,97.1,Versa 4
2026-05-14T05:07:09Z,97.2,Versa 4
2026-05-14T05:08:09Z,97.3,Versa 4
2026-05-14T05:09:09Z,97.2,Versa 4
2026-05-14T05:10:09Z,97.2,Versa 4
2026-05-14T05:11:09Z,97.2,Versa 4
2026-05-14T05:12:09Z,97.2,Versa 4
2026-05-14T05:13:09Z,97.3,Versa 4
2026-05-14T05:14:09Z,97.3,Versa 4
2026-05-14T05:15:09Z,97.2,Versa 4
2026-05-14T05:16:09Z,97.2,Versa 4
2026-05-14T05:17:09Z,97.2,Versa 4
2026-05-14T05:18:09Z,97.1,Versa 4
2026-05-14T05:19:09Z,97.1,Versa 4
2026-05-14T05:20:09Z,97.0,Versa 4
2026-05-14T05:21:09Z,97.0,Versa 4
2026-05-14T05:22:09Z,97.0,Versa 4
2026-05-14T05:23:09Z,96.9,Versa 4
2026-05-14T05:24:09Z,96.9,Versa 4
2026-05-14T05:25:09Z,96.9,Versa 4
2026-05-14T05:26:09Z,97.0,Versa 4
2026-05-14T05:27:09Z,96.9,Versa 4
2026-05-14T05:28:09Z,97.0,Versa 4
2026-05-14T05:29:09Z,96.9,Versa 4
2026-05-14T05:30:09Z,97.0,Versa 4
2026-05-14T05:31:09Z,50.0,Versa 4
2026-05-14T05:32:09Z,96.3,Versa 4
2026-05-14T05:33:09Z,50.0,Versa 4
2026-05-14T05:34:09Z,92.3,Versa 4
2026-05-14T05:35:09Z,88.2,Versa 4
2026-05-14T05:36:09Z,85.2,Versa 4
2026-05-14T05:37:09Z,82.7,Versa 4
2026-05-14T05:38:09Z,81.1,Versa 4
2026-05-14T05:39:09Z,79.6,Versa 4
2026-05-14T05:40:09Z,78.7,Versa 4
2026-05-14T05:41:09Z,78.2,Versa 4
2026-05-14T05:42:09Z,78.0,Versa 4
2026-05-14T05:43:09Z,77.9,Versa 4
2026-05-14T05:44:09Z,77.8,Versa 4
2026-05-14T05:45:09Z,77.7,Versa 4
2026-05-14T05:46:09Z,77.8,Versa 4
2026-05-14T05:47:09Z,77.8,Versa 4
2026-05-14T05:48:09Z,77.9,Versa 4
2026-05-14T05:49:09Z,78.0,Versa 4
2026-05-14T05:50:09Z,78.0,Versa 4
2026-05-14T05:51:09Z,50.0,Versa 4
2026-05-14T05:52:09Z,78.8,Versa 4
2026-05-14T05:53:09Z,83.1,Versa 4
2026-05-14T05:54:09Z,86.3,Versa 4
2026-05-14T05:55:09Z,50.0,Versa 4
2026-05-14T05:56:09Z,91.6,Versa 4
2026-05-14T05:57:09Z,93.2,Versa 4
2026-05-14T05:58:09Z,94.0,Versa 4
2026-05-14T05:59:09Z,94.8,Versa 4
2026-05-14T06:00:09Z,95.2,Versa 4
2026-05-14T06:01:09Z,95.8,Versa 4
2026-05-14T06:02:09Z,96.2,Versa 4
2026-05-14T06:03:09Z,96.5,Versa 4
2026-05-14T06:04:09Z,96.4,Versa 4
2026-05-14T06:05:09Z,96.3,Versa 4
2026-05-14T06:06:09Z,50.0,Versa 4
2026-05-14T06:07:09Z,91.1,Versa 4
2026-05-14T06:08:09Z,87.4,Versa 4
2026-05-14T06:09:09Z,84.5,Versa 4
2026-05-14T06:10:09Z,50.0,Versa 4
2026-05-14T06:11:09Z,82.4,Versa 4
2026-05-14T06:12:09Z,81.9,Versa 4
2026-05-14T06:13:09Z,82.1,Versa 4
2026-05-14T06:14:09Z,50.0,Versa 4
2026-05-14T06:15:09Z,82.6,Versa 4
2026-05-14T06:16:09Z,85.3,Versa 4
2026-05-14T06:17:09Z,87.1,Versa 4
2026-05-14T06:18:09Z,87.9,Versa 4
2026-05-14T06:19:09Z,50.0,Versa 4
2026-05-14T06:20:09Z,88.5,Versa 4
2026-05-14T06:21:09Z,89.3,Versa 4
2026-05-14T06:22:09Z,89.9,Versa 4
2026-05-14T06:23:09Z,50.0,Versa 4
2026-05-14T06:24:09Z,50.0,Versa 4
2026-05-14T06:25:09Z,50.0,Versa 4
2026-05-14T06:26:09Z,90.2,Versa 4
2026-05-14T06:27:09Z,91.3,Versa 4
2026-05-14T06:28:09Z,91.6,Versa 4
2026-05-14T06:29:09Z,92.4,Versa 4
2026-05-14T06:30:09Z,91.5,Versa 4
2026-05-14T06:31:09Z,50.0,Versa 4
2026-05-14T06:32:09Z,90.4,Versa 4
2026-05-14T06:33:09Z,89.3,Versa 4
2026-05-14T06:34:09Z,88.5,Versa 4
2026-05-14T06:35:09Z,87.8,Versa 4
2026-05-14T06:36:09Z,87.2,Versa 4
2026-05-14T06:37:09Z,86.5,Versa 4
2026-05-14T06:38:09Z,86.0,Versa 4
2026-05-14T06:39:09Z,85.7,Versa 4
2026-05-14T06:40:09Z,85.1,Versa 4
2026-05-14T06:41:09Z,84.9,Versa 4
2026-05-14T06:42:09Z,84.4,Versa 4
2026-05-14T06:43:09Z,84.2,Versa 4
2026-05-14T06:44:09Z,83.6,Versa 4
2026-05-14T07:22:04Z,100.0,Versa 4
2026-05-14T07:23:04Z,50.0,Versa 4
2026-05-14T07:24:04Z,98.4,Versa 4
2026-05-14T07:25:04Z,50.0,Versa 4
2026-05-14T07:26:04Z,97.6,Versa 4
2026-05-14T07:27:04Z,97.0,Versa 4
2026-05-14T07:28:04Z,96.2,Versa 4
2026-05-14T07:29:04Z,95.9,Versa 4
2026-05-14T07:30:04Z,95.6,Versa 4
2026-05-14T07:31:04Z,50.0,Versa 4
2026-05-14T07:32:04Z,50.0,Versa 4
2026-05-14T07:33:04Z,50.0,Versa 4
2026-05-14T07:34:04Z,50.0,Versa 4
2026-05-14T07:35:04Z,50.0,Versa 4
2026-05-14T07:36:04Z,94.6,Versa 4
2026-05-14T07:37:04Z,92.0,Versa 4
2026-05-14T07:38:04Z,88.2,Versa 4
2026-05-14T07:39:04Z,85.1,Versa 4
2026-05-14T07:40:04Z,83.0,Versa 4
2026-05-14T07:41:04Z,82.3,Versa 4
2026-05-14T07:42:04Z,80.4,Versa 4
2026-05-14T07:43:04Z,79.7,Versa 4
2026-05-14T07:44:04Z,79.2,Versa 4
2026-05-14T07:45:04Z,79.0,Versa 4
2026-05-14T07:46:04Z,78.8,Versa 4
2026-05-14T07:47:04Z,79.3,Versa 4
2026-05-14T07:48:04Z,79.5,Versa 4
2026-05-14T07:49:04Z,79.8,Versa 4
2026-05-14T07:50:04Z,50.0,Versa 4
2026-05-14T07:51:04Z,80.1,Versa 4
2026-05-14T07:52:04Z,84.4,Versa 4
2026-05-14T07:53:04Z,87.2,Versa 4
2026-05-14T07:54:04Z,91.3,Versa 4
2026-05-14T07:55:04Z,50.0,Versa 4
2026-05-14T07:56:04Z,94.3,Versa 4
2026-05-14T07:57:04Z,96.0,Versa 4
2026-05-14T07:58:04Z,97.1,Versa 4
2026-05-14T07:59:04Z,97.9,Versa 4
2026-05-14T08:00:04Z,50.0,Versa 4
2026-05-14T08:01:04Z,50.0,Versa 4
2026-05-14T08:02:04Z,96.2,Versa 4
2026-05-14T08:03:04Z,90.6,Versa 4
2026-05-14T08:04:04Z,50.0,Versa 4
2026-05-14T08:05:04Z,50.0,Versa 4
2026-05-14T08:06:04Z,92.6,Versa 4
2026-05-14T08:07:04Z,94.6,Versa 4
2026-05-14T08:08:04Z,96.2,Versa 4
2026-05-14T08:09:04Z,97.3,Versa 4
2026-05-14T08:10:04Z,98.0,Versa 4
2026-05-14T08:11:04Z,98.3,Versa 4
2026-05-14T08:12:04Z,98.5,Versa 4
2026-05-14T08:13:04Z,98.8,Versa 4
2026-05-14T08:14:04Z,99.2,Versa 4
2026-05-14T08:15:04Z,99.3,Versa 4
2026-05-14T08:16:04Z,99.2,Versa 4
2026-05-14T08:17:04Z,99.3,Versa 4
2026-05-14T08:18:04Z,99.3,Versa 4
2026-05-14T08:19:04Z,50.0,Versa 4
2026-05-14T08:20:04Z,99.3,Versa 4
2026-05-14T08:21:04Z,99.3,Versa 4
2026-05-14T08:22:04Z,99.1,Versa 4
2026-05-14T08:23:04Z,99.1,Versa 4
2026-05-14T08:24:04Z,99.0,Versa 4
2026-05-14T08:25:04Z,99.1,Versa 4
2026-05-14T08:26:04Z,99.0,Versa 4
2026-05-14T08:27:04Z,99.1,Versa 4
2026-05-14T08:28:04Z,99.4,Versa 4
2026-05-14T08:29:04Z,99.3,Versa 4
2026-05-14T08:30:04Z,99.1,Versa 4
2026-05-14T08:31:04Z,50.0,Versa 4
2026-05-14T08:32:04Z,98.5,Versa 4
2026-05-14T08:33:04Z,97.7,Versa 4
2026-05-14T08:34:04Z,50.0,Versa 4
2026-05-14T08:35:04Z,95.2,Versa 4
2026-05-14T08:36:04Z,50.0,Versa 4
2026-05-14T08:37:04Z,50.0,Versa 4
2026-05-14T08:38:04Z,50.0,Versa 4
2026-05-14T08:39:04Z,50.0,Versa 4
2026-05-14T08:40:04Z,92.0,Versa 4
2026-05-14T08:41:04Z,92.0,Versa 4
2026-05-14T08:42:04Z,92.7,Versa 4
2026-05-14T08:43:04Z,93.4,Versa 4
2026-05-14T08:44:04Z,94.6,Versa 4
2026-05-14T08:45:04Z,95.5,Versa 4
2026-05-14T08:46:04Z,95.8,Versa 4
2026-05-14T08:47:04Z,97.0,Versa 4
2026-05-14T08:48:04Z,96.8,Versa 4
2026-05-14T08:49:04Z,96.8,Versa 4
2026-05-14T08:50:04Z,50.0,Versa 4
2026-05-14T08:51:04Z,96.8,Versa 4
2026-05-14T08:52:04Z,92.9,Versa 4
2026-05-14T08:53:04Z,88.6,Versa 4
2026-05-14T08:54:04Z,85.7,Versa 4
2026-05-14T08:55:04Z,84.9,Versa 4
2026-05-14T08:56:04Z,84.1,Versa 4
2026-05-14T08:57:04Z,83.1,Versa 4
2026-05-14T08:58:04Z,83.3,Versa 4
2026-05-14T08:59:04Z,83.6,Versa 4
2026-05-14T09:00:04Z,83.8,Versa 4
2026-05-14T09:01:04Z,50.0,Versa 4
2026-05-14T09:02:04Z,85.0,Versa 4
2026-05-14T09:03:04Z,87.2,Versa 4
2026-05-14T09:04:04Z,86.2,Versa 4
2026-05-14T09:05:04Z,85.2,Versa 4
2026-05-14T09:06:04Z,50.0,Versa 4
2026-05-14T09:07:04Z,86.1,Versa 4
2026-05-14T09:08:04Z,50.0,Versa 4
2026-05-14T09:09:04Z,86.5,Versa 4
2026-05-14T09:10:04Z,50.0,Versa 4
2026-05-14T09:11:04Z,85.6,Versa 4
2026-05-14T09:12:04Z,85.8,Versa 4
2026-05-14T09:13:04Z,86.3,Versa 4
2026-05-14T09:14:04Z,50.0,Versa 4
2026-05-14T09:15:04Z,86.3,Versa 4
2026-05-14T09:16:04Z,88.7,Versa 4
2026-05-14T09:17:04Z,90.8,Versa 4
2026-05-14T09:18:04Z,92.1,Versa 4
2026-05-14T09:19:04Z,93.3,Versa 4
2026-05-14T09:20:04Z,93.9,Versa 4
2026-05-14T09:21:04Z,50.0,Versa 4
2026-05-14T09:22:04Z,96.0,Versa 4
2026-05-14T09:23:04Z,97.7,Versa 4
2026-05-14T09:24:04Z,98.7,Versa 4
2026-05-14T09:25:04Z,99.4,Versa 4
2026-05-14T09:26:04Z,99.7,Versa 4
2026-05-14T09:27:04Z,99.9,Versa 4
2026-05-14T09:28:04Z,100.0,Versa 4
2026-05-14T09:29:04Z,100.0,Versa 4
2026-05-14T09:30:04Z,100.0,Versa 4
2026-05-14T09:31:04Z,100.0,Versa 4
2026-05-14T09:32:04Z,100.0,Versa 4
2026-05-14T09:33:04Z,99.6,Versa 4
2026-05-14T09:34:04Z,97.4,Versa 4
2026-05-14T09:35:04Z,50.0,Versa 4
2026-05-14T09:36:04Z,96.3,Versa 4
2026-05-14T09:37:04Z,95.6,Versa 4
2026-05-14T09:38:04Z,92.7,Versa 4
2026-05-14T09:39:04Z,92.0,Versa 4
2026-05-14T09:40:04Z,91.0,Versa 4
2026-05-14T09:41:04Z,91.7,Versa 4
2026-05-14T09:42:04Z,91.3,Versa 4
2026-05-14T09:43:04Z,94.7,Versa 4
2026-05-14T09:44:04Z,97.5,Versa 4
2026-05-14T09:45:04Z,98.4,Versa 4
2026-05-14T09:46:04Z,99.3,Versa 4
2026-05-14T09:47:04Z,100.0,Versa 4
2026-05-14T09:48:04Z,100.0,Versa 4
2026-05-14T09:49:04Z,100.0,Versa 4
2026-05-14T09:50:04Z,99.8,Versa 4
2026-05-14T09:51:04Z,99.9,Versa 4
2026-05-14T09:52:04Z,100.0,Versa 4
2026-05-14T09:53:04Z,100.0,Versa 4
2026-05-14T09:54:04Z,100.0,Versa 4
2026-05-14T09:55:04Z,100.0,Versa 4
2026-05-14T09:56:04Z,100.0,Versa 4
2026-05-14T09:57:04Z,50.0,Versa 4
2026-05-14T09:58:04Z,100.0,Versa 4
2026-05-14T09:59:04Z,50.0,Versa 4
2026-05-14T10:00:04Z,50.0,Versa 4
2026-05-14T10:01:04Z,95.1,Versa 4
2026-05-14T10:02:04Z,91.4,Versa 4
2026-05-14T10:03:04Z,88.6,Versa 4
2026-05-14T10:04:04Z,50.0,Versa 4
2026-05-14T10:05:04Z,88.1,Versa 4
2026-05-14T10:06:04Z,91.0,Versa 4
2026-05-14T10:07:04Z,92.7,Versa 4
2026-05-14T10:08:04Z,94.0,Versa 4
2026-05-14T10:09:04Z,94.9,Versa 4
2026-05-14T10:10:04Z,95.4,Versa 4
2026-05-14T10:11:04Z,95.7,Versa 4
2026-05-14T10:12:04Z,95.9,Versa 4
2026-05-14T10:13:04Z,50.0,Versa 4
2026-05-14T10:14:04Z,95.9,Versa 4
2026-05-14T10:15:04Z,96.1,Versa 4
2026-05-14T10:16:04Z,96.2,Versa 4
2026-05-14T10:17:04Z,96.1,Versa 4
2026-05-14T10:18:04Z,96.2,Versa 4
2026-05-14T10:19:04Z,50.0,Versa 4
2026-05-14T10:20:04Z,96.2,Versa 4
2026-05-14T10:21:04Z,95.9,Versa 4
2026-05-14T10:22:04Z,50.0,Versa 4
2026-05-14T10:23:04Z,97.2,Versa 4
2026-05-14T10:24:04Z,98.1,Versa 4
2026-05-14T10:25:04Z,99.0,Versa 4
2026-05-14T10:26:04Z,99.5,Versa 4
2026-05-14T10:27:04Z,99.8,Versa 4
2026-05-14T10:28:04Z,100.0,Versa 4
2026-05-14T10:29:04Z,100.0,Versa 4
2026-05-14T10:30:04Z,100.0,Versa 4
2026-05-14T10:31:04Z,99.1,Versa 4
2026-05-14T10:32:04Z,99.8,Versa 4
2026-05-14T10:33:04Z,98.5,Versa 4
2026-05-14T10:34:04Z,99.2,Versa 4
2026-05-14T10:35:04Z,100.0,Versa 4
2026-05-14T10:36:04Z,50.0,Versa 4
2026-05-14T10:37:04Z,50.0,Versa 4
2026-05-14T10:38:04Z,50.0,Versa 4
2026-05-14T10:39:04Z,50.0,Versa 4
2026-05-14T10:40:04Z,99.1,Versa 4
2026-05-14T10:41:04Z,50.0,Versa 4
2026-05-14T10:42:04Z,50.0,Versa 4
2026-05-14T10:43:04Z,98.4,Versa 4
2026-05-14T10:44:04Z,98.5,Versa 4
2026-05-14T10:45:04Z,98.9,Versa 4
2026-05-14T10:46:04Z,98.4,Versa 4
2026-05-14T10:47:04Z,50.0,Versa 4
2026-05-14T10:48:04Z,97.9,Versa 4
2026-05-14T10:49:04Z,97.0,Versa 4
2026-05-14T10:50:04Z,96.3,Versa 4
2026-05-14T10:51:04Z,95.7,Versa 4
2026-05-14T10:52:04Z,95.6,Versa 4
2026-05-14T10:53:04Z,50.0,Versa 4
2026-05-14T10:54:04Z,96.3,Versa 4
2026-05-14T10:55:04Z,97.1,Versa 4
2026-05-14T10:56:04Z,50.0,Versa 4
2026-05-14T10:57:04Z,96.8,Versa 4
2026-05-14T10:58:04Z,50.0,Versa 4
2026-05-14T10:59:04Z,50.0,Versa 4
2026-05-14T11:00:04Z,96.7,Versa 4
2026-05-14T11:01:04Z,96.4,Versa 4
2026-05-14T11:02:04Z,96.2,Versa 4
2026-05-14T11:03:04Z,50.0,Versa 4
2026-05-14T11:04:04Z,95.4,Versa 4
2026-05-14T11:05:04Z,50.0,Versa 4
2026-05-14T11:06:04Z,50.0,Versa 4
2026-05-14T11:07:04Z,94.4,Versa 4
2026-05-14T11:08:04Z,91.3,Versa 4
2026-05-14T11:09:04Z,50.0,Versa 4
2026-05-14T11:10:04Z,50.0,Versa 4
2026-05-14T11:11:04Z,92.2,Versa 4
2026-05-14T11:12:04Z,94.7,Versa 4
2026-05-14T11:13:04Z,96.1,Versa 4
2026-05-14T11:14:04Z,97.0,Versa 4
2026-05-14T11:15:04Z,50.0,Versa 4
2026-05-14T11:16:04Z,50.0,Versa 4
2026-05-14T11:17:04Z,97.5,Versa 4
2026-05-14T11:18:04Z,50.0,Versa 4
2026-05-14T11:19:04Z,97.6,Versa 4
2026-05-14T11:20:04Z,50.0,Versa 4
2026-05-14T11:21:04Z,50.0,Versa 4
2026-05-14T11:22:04Z,50.0,Versa 4
2026-05-14T11:23:04Z,50.0,Versa 4
2026-05-14T11:24:04Z,50.0,Versa 4
2026-05-14T11:25:04Z,94.9,Versa 4
2026-05-14T11:26:04Z,93.3,Versa 4
2026-05-14T11:27:04Z,50.0,Versa 4
2026-05-14T11:28:04Z,50.0,Versa 4
2026-05-14T23:52:05Z,97.5,Versa 4
2026-05-14T23:53:05Z,97.8,Versa 4
2026-05-14T23:54:05Z,98.0,Versa 4
2026-05-14T23:55:05Z,98.1,Versa 4
2026-05-14T23:56:05Z,98.1,Versa 4
2026-05-14T23:57:05Z,98.2,Versa 4
2026-05-14T23:58:05Z,98.2,Versa 4
2026-05-14T23:59:05Z,98.0,Versa 4
2026-05-15T00:00:05Z,98.1,Versa 4
2026-05-15T00:01:05Z,98.1,Versa 4
2026-05-15T00:02:05Z,98.1,Versa 4
2026-05-15T00:03:05Z,98.1,Versa 4
2026-05-15T00:04:05Z,97.9,Versa 4
2026-05-15T00:05:05Z,50.0,Versa 4
2026-05-15T00:06:05Z,97.2,Versa 4
2026-05-15T00:07:05Z,96.4,Versa 4
2026-05-15T00:08:05Z,96.1,Versa 4
2026-05-15T00:09:05Z,96.8,Versa 4
2026-05-15T00:10:05Z,97.1,Versa 4
2026-05-15T00:11:05Z,97.2,Versa 4
2026-05-15T00:12:05Z,97.2,Versa 4
2026-05-15T00:13:05Z,97.3,Versa 4
2026-05-15T00:14:05Z,97.3,Versa 4
2026-05-15T00:15:05Z,97.4,Versa 4
2026-05-15T00:16:05Z,97.3,Versa 4
2026-05-15T00:17:05Z,97.2,Versa 4
2026-05-15T00:18:05Z,97.2,Versa 4
2026-05-15T00:19:05Z,97.3,Versa 4
2026-05-15T00:20:05Z,97.3,Versa 4
2026-05-15T00:21:05Z,97.4,Versa 4
2026-05-15T00:22:05Z,97.5,Versa 4
2026-05-15T00:23:05Z,97.5,Versa 4
2026-05-15T00:24:05Z,97.7,Versa 4
2026-05-15T00:25:05Z,97.7,Versa 4
2026-05-15T00:26:05Z,50.0,Versa 4
2026-05-15T00:27:05Z,97.6,Versa 4
2026-05-15T00:28:05Z,96.7,Versa 4
2026-05-15T00:29:05Z,50.0,Versa 4
2026-05-15T00:30:05Z,50.0,Versa 4
2026-05-15T00:31:05Z,93.5,Versa 4
2026-05-15T00:32:05Z,95.2,Versa 4
2026-05-15T00:33:05Z,95.4,Versa 4
2026-05-15T00:34:05Z,96.2,Versa 4
2026-05-15T00:35:05Z,97.1,Versa 4
2026-05-15T00:36:05Z,98.0,Versa 4
2026-05-15T00:37:05Z,98.0,Versa 4
2026-05-15T00:38:05Z,50.0,Versa 4
2026-05-15T00:39:05Z,98.3,Versa 4
2026-05-15T00:40:05Z,98.8,Versa 4
2026-05-15T00:41:05Z,99.1,Versa 4
2026-05-15T00:42:05Z,99.3,Versa 4
2026-05-15T00:43:05Z,99.5,Versa 4
2026-05-15T00:44:05Z,99.7,Versa 4
2026-05-15T00:45:05Z,100.0,Versa 4
2026-05-15T00:46:05Z,50.0,Versa 4
2026-05-15T00:47:05Z,98.8,Versa 4
2026-05-15T00:48:05Z,98.9,Versa 4
2026-05-15T00:49:05Z,99.0,Versa 4
2026-05-15T00:50:05Z,50.0,Versa 4
2026-05-15T00:51:05Z,99.0,Versa 4
2026-05-15T00:52:05Z,99.2,Versa 4
2026-05-15T00:53:05Z,99.2,Versa 4
2026-05-15T00:54:05Z,50.0,Versa 4
2026-05-15T00:55:05Z,99.2,Versa 4
2026-05-15T00:56:05Z,99.4,Versa 4
2026-05-15T00:57:05Z,50.0,Versa 4
2026-05-15T00:58:05Z,98.8,Versa 4
2026-05-15T00:59:05Z,50.0,Versa 4
2026-05-15T01:00:05Z,50.0,Versa 4
2026-05-15T01:01:05Z,50.0,Versa 4
2026-05-15T01:02:05Z,50.0,Versa 4
2026-05-15T01:03:05Z,50.0,Versa 4
2026-05-15T01:04:05Z,96.6,Versa 4
2026-05-15T01:05:05Z,95.7,Versa 4
2026-05-15T01:06:05Z,96.1,Versa 4
2026-05-15T01:07:05Z,95.4,Versa 4
2026-05-15T01:08:05Z,50.0,Versa 4
2026-05-15T01:09:05Z,94.3,Versa 4
2026-05-15T01:10:05Z,50.0,Versa 4
2026-05-15T01:11:05Z,50.0,Versa 4
2026-05-15T01:12:05Z,50.0,Versa 4
2026-05-15T01:13:05Z,92.6,Versa 4
2026-05-15T01:14:05Z,92.8,Versa 4
2026-05-15T01:15:05Z,50.0,Versa 4
2026-05-15T01:16:05Z,92.1,Versa 4
2026-05-15T01:17:05Z,92.4,Versa 4
2026-05-15T01:18:05Z,93.1,Versa 4
2026-05-15T01:19:05Z,92.9,Versa 4
2026-05-15T01:20:05Z,93.0,Versa 4
2026-05-15T01:21:05Z,92.2,Versa 4
2026-05-15T01:22:05Z,92.2,Versa 4
2026-05-15T01:23:05Z,92.0,Versa 4
2026-05-15T01:24:05Z,91.0,Versa 4
2026-05-15T01:25:05Z,90.8,Versa 4
2026-05-15T01:26:05Z,90.6,Versa 4
2026-05-15T01:27:05Z,90.3,Versa 4
2026-05-15T01:28:05Z,90.1,Versa 4
2026-05-15T01:29:05Z,90.3,Versa 4
2026-05-15T01:30:05Z,89.9,Versa 4
2026-05-15T01:31:05Z,90.0,Versa 4
2026-05-15T01:32:05Z,89.8,Versa 4
2026-05-15T01:33:05Z,90.2,Versa 4
2026-05-15T01:34:05Z,91.0,Versa 4
2026-05-15T01:35:05Z,90.9,Versa 4
2026-05-15T01:36:05Z,90.9,Versa 4
2026-05-15T01:37:05Z,91.3,Versa 4
2026-05-15T01:38:05Z,91.7,Versa 4
2026-05-15T01:39:05Z,50.0,Versa 4
2026-05-15T01:40:05Z,50.0,Versa 4
2026-05-15T01:41:05Z,92.5,Versa 4
2026-05-15T01:42:05Z,50.0,Versa 4
2026-05-15T01:43:05Z,50.0,Versa 4
2026-05-15T01:44:05Z,95.1,Versa 4
2026-05-15T01:45:05Z,96.5,Versa 4
2026-05-15T01:46:05Z,50.0,Versa 4
2026-05-15T01:47:05Z,97.0,Versa 4
2026-05-15T01:48:05Z,50.0,Versa 4
2026-05-15T01:49:05Z,98.0,Versa 4
2026-05-15T01:50:05Z,98.4,Versa 4
2026-05-15T01:51:05Z,98.7,Versa 4
2026-05-15T01:52:05Z,98.8,Versa 4
2026-05-15T01:53:05Z,50.0,Versa 4
2026-05-15T01:54:05Z,99.0,Versa 4
2026-05-15T01:55:05Z,99.1,Versa 4
2026-05-15T01:56:05Z,99.1,Versa 4
2026-05-15T01:57:05Z,99.1,Versa 4
2026-05-15T01:58:05Z,99.1,Versa 4
2026-05-15T01:59:05Z,50.0,Versa 4
2026-05-15T02:00:05Z,50.0,Versa 4
2026-05-15T02:01:05Z,98.7,Versa 4
2026-05-15T02:02:05Z,98.1,Versa 4
2026-05-15T02:03:05Z,98.1,Versa 4
2026-05-15T02:04:05Z,97.6,Versa 4
2026-05-15T02:05:05Z,97.7,Versa 4
2026-05-15T02:06:05Z,98.3,Versa 4
2026-05-15T02:07:05Z,97.7,Versa 4
2026-05-15T02:08:05Z,96.5,Versa 4
2026-05-15T02:09:05Z,96.1,Versa 4
2026-05-15T02:10:05Z,92.0,Versa 4
2026-05-15T02:11:05Z,89.9,Versa 4
2026-05-15T02:12:05Z,88.4,Versa 4
2026-05-15T02:13:05Z,86.6,Versa 4
2026-05-15T02:14:05Z,50.0,Versa 4
2026-05-15T02:15:05Z,89.0,Versa 4
2026-05-15T02:16:05Z,92.2,Versa 4
2026-05-15T02:17:05Z,94.0,Versa 4
2026-05-15T02:18:05Z,95.3,Versa 4
2026-05-15T02:19:05Z,95.9,Versa 4
2026-05-15T02:20:05Z,50.0,Versa 4
2026-05-15T02:21:05Z,96.9,Versa 4
2026-05-15T02:22:05Z,98.0,Versa 4
2026-05-15T02:23:05Z,98.6,Versa 4
2026-05-15T02:24:05Z,50.0,Versa 4
2026-05-15T02:25:05Z,50.0,Versa 4
2026-05-15T02:26:05Z,99.0,Versa 4
2026-05-15T02:27:05Z,50.0,Versa 4
2026-05-15T02:28:05Z,98.8,Versa 4
2026-05-15T02:29:05Z,98.6,Versa 4
2026-05-15T02:30:05Z,98.4,Versa 4
2026-05-15T02:31:05Z,98.4,Versa 4
2026-05-15T02:32:05Z,50.0,Versa 4
2026-05-15T02:33:05Z,98.7,Versa 4
2026-05-15T02:34:05Z,99.0,Versa 4
2026-05-15T02:35:05Z,99.1,Versa 4
2026-05-15T02:36:05Z,99.3,Versa 4
2026-05-15T02:37:05Z,99.4,Versa 4
2026-05-15T02:38:05Z,99.5,Versa 4
2026-05-15T02:39:05Z,99.6,Versa 4
2026-05-15T02:40:05Z,99.8,Versa 4
2026-05-15T02:41:05Z,99.8,Versa 4
2026-05-15T02:42:05Z,99.8,Versa 4
2026-05-15T02:43:05Z,99.9,Versa 4
2026-05-15T02:44:05Z,99.9,Versa 4
2026-05-15T02:45:05Z,100.0,Versa 4
2026-05-15T02:46:05Z,100.0,Versa 4
2026-05-15T02:47:05Z,100.0,Versa 4
2026-05-15T02:48:05Z,50.0,Versa 4
2026-05-15T02:49:05Z,50.0,Versa 4
2026-05-15T02:50:05Z,50.0,Versa 4
2026-05-15T02:51:05Z,99.9,Versa 4
2026-05-15T02:52:05Z,99.0,Versa 4
2026-05-15T02:53:05Z,98.5,Versa 4
2026-05-15T02:54:05Z,50.0,Versa 4
2026-05-15T02:55:05Z,50.0,Versa 4
2026-05-15T02:56:05Z,50.0,Versa 4
2026-05-15T02:57:05Z,98.4,Versa 4
2026-05-15T02:58:05Z,97.3,Versa 4
2026-05-15T02:59:05Z,97.5,Versa 4
2026-05-15T03:00:05Z,97.3,Versa 4
2026-05-15T03:01:05Z,97.5,Versa 4
2026-05-15T03:02:05Z,97.5,Versa 4
2026-05-15T03:03:05Z,97.5,Versa 4
2026-05-15T03:04:05Z,97.5,Versa 4
2026-05-15T03:05:05Z,97.3,Versa 4
2026-05-15T03:06:05Z,97.3,Versa 4
2026-05-15T03:07:05Z,97.3,Versa 4
2026-05-15T03:08:05Z,97.2,Versa 4
2026-05-15T03:09:05Z,97.1,Versa 4
2026-05-15T03:10:05Z,96.9,Versa 4
2026-05-15T03:11:05Z,97.0,Versa 4
2026-05-15T03:12:05Z,96.9,Versa 4
2026-05-15T03:13:05Z,96.9,Versa 4
2026-05-15T03:14:05Z,50.0,Versa 4
2026-05-15T03:15:05Z,50.0,Versa 4
2026-05-15T03:16:05Z,50.0,Versa 4
2026-05-15T03:17:05Z,95.7,Versa 4
2026-05-15T03:18:05Z,50.0,Versa 4
2026-05-15T03:19:05Z,50.0,Versa 4
2026-05-15T03:20:05Z,96.2,Versa 4
2026-05-15T03:21:05Z,50.0,Versa 4
2026-05-15T03:22:05Z,96.8,Versa 4
2026-05-15T03:23:05Z,97.2,Versa 4
2026-05-15T03:24:05Z,97.9,Versa 4
2026-05-15T03:25:05Z,50.0,Versa 4
2026-05-15T03:26:05Z,97.1,Versa 4
2026-05-15T03:27:05Z,96.9,Versa 4
2026-05-15T03:28:05Z,96.4,Versa 4
2026-05-15T03:29:05Z,96.3,Versa 4
2026-05-15T03:30:05Z,96.2,Versa 4
2026-05-15T03:31:05Z,96.1,Versa 4
2026-05-15T03:32:05Z,96.0,Versa 4
2026-05-15T03:33:05Z,96.0,Versa 4
2026-05-15T03:34:05Z,95.9,Versa 4
2026-05-15T03:35:05Z,96.0,Versa 4
2026-05-15T03:36:05Z,96.0,Versa 4
2026-05-15T03:37:05Z,95.9,Versa 4
2026-05-15T03:38:05Z,95.8,Versa 4
2026-05-15T03:39:05Z,95.9,Versa 4
2026-05-15T03:40:05Z,96.0,Versa 4
2026-05-15T03:41:05Z,96.2,Versa 4
2026-05-15T03:42:05Z,96.2,Versa 4
2026-05-15T03:43:05Z,96.3,Versa 4
2026-05-15T03:44:05Z,96.3,Versa 4
2026-05-15T03:45:05Z,96.4,Versa 4
2026-05-15T03:46:05Z,96.6,Versa 4
2026-05-15T03:47:05Z,96.7,Versa 4
2026-05-15T03:48:05Z,96.8,Versa 4
2026-05-15T03:49:05Z,50.0,Versa 4
2026-05-15T03:50:05Z,97.1,Versa 4
2026-05-15T03:51:05Z,97.5,Versa 4
2026-05-15T03:52:05Z,97.8,Versa 4
2026-05-15T03:53:05Z,98.0,Versa 4
2026-05-15T03:54:05Z,98.1,Versa 4
2026-05-15T03:55:05Z,98.1,Versa 4
2026-05-15T03:56:05Z,50.0,Versa 4
2026-05-15T03:57:05Z,98.0,Versa 4
2026-05-15T03:58:05Z,50.0,Versa 4
2026-05-15T03:59:05Z,98.6,Versa 4
2026-05-15T04:00:05Z,50.0,Versa 4
2026-05-15T04:01:05Z,50.0,Versa 4
2026-05-15T04:02:05Z,98.6,Versa 4
2026-05-15T04:03:05Z,98.1,Versa 4
2026-05-15T04:04:05Z,98.2,Versa 4
2026-05-15T04:05:05Z,98.0,Versa 4
2026-05-15T04:06:05Z,98.2,Versa 4
2026-05-15T04:07:05Z,98.6,Versa 4
2026-05-15T04:08:05Z,98.8,Versa 4
2026-05-15T04:09:05Z,50.0,Versa 4
2026-05-15T04:10:05Z,50.0,Versa 4
2026-05-15T04:11:05Z,98.6,Versa 4
2026-05-15T04:12:05Z,50.0,Versa 4
2026-05-15T04:13:05Z,50.0,Versa 4
2026-05-15T04:14:05Z,50.0,Versa 4
2026-05-15T04:15:05Z,98.0,Versa 4
2026-05-15T04:16:05Z,97.9,Versa 4
2026-05-15T04:17:05Z,88.5,Versa 4
2026-05-15T04:18:05Z,87.9,Versa 4
2026-05-15T04:19:05Z,89.0,Versa 4
2026-05-15T04:20:05Z,91.2,Versa 4
2026-05-15T04:21:05Z,93.2,Versa 4
2026-05-15T04:22:05Z,95.0,Versa 4
2026-05-15T04:23:05Z,95.7,Versa 4
2026-05-15T04:24:05Z,96.4,Versa 4
2026-05-15T04:25:05Z,95.9,Versa 4
2026-05-15T04:26:05Z,97.0,Versa 4
2026-05-15T04:27:05Z,97.9,Versa 4
2026-05-15T04:28:05Z,98.4,Versa 4
2026-05-15T04:29:05Z,99.0,Versa 4
2026-05-15T04:30:05Z,99.4,Versa 4
2026-05-15T04:31:05Z,99.5,Versa 4
2026-05-15T04:32:05Z,99.6,Versa 4
2026-05-15T04:33:05Z,99.8,Versa 4
2026-05-15T04:34:05Z,100.0,Versa 4
2026-05-15T04:35:05Z,100.0,Versa 4
2026-05-15T04:36:05Z,100.0,Versa 4
2026-05-15T04:37:05Z,100.0,Versa 4
2026-05-15T04:38:05Z,100.0,Versa 4
2026-05-15T04:39:05Z,100.0,Versa 4
2026-05-15T04:40:05Z,100.0,Versa 4
2026-05-15T04:41:05Z,100.0,Versa 4
2026-05-15T04:42:05Z,100.0,Versa 4
2026-05-15T04:43:05Z,100.0,Versa 4
2026-05-15T04:44:05Z,100.0,Versa 4
2026-05-15T04:45:05Z,100.0,Versa 4
2026-05-15T04:46:05Z,99.9,Versa 4
2026-05-15T04:47:05Z,99.9,Versa 4
2026-05-15T04:48:05Z,50.0,Versa 4
2026-05-15T04:49:05Z,99.9,Versa 4
2026-05-15T04:50:05Z,50.0,Versa 4
2026-05-15T04:51:05Z,99.0,Versa 4
2026-05-15T04:52:05Z,98.4,Versa 4
2026-05-15T04:53:05Z,97.8,Versa 4
2026-05-15T04:54:05Z,50.0,Versa 4
2026-05-15T04:55:05Z,97.1,Versa 4
2026-05-15T04:56:05Z,96.9,Versa 4
2026-05-15T04:57:05Z,96.1,Versa 4
2026-05-15T04:58:05Z,50.0,Versa 4
2026-05-15T04:59:05Z,96.2,Versa 4
2026-05-15T05:00:05Z,50.0,Versa 4
2026-05-15T05:01:05Z,95.9,Versa 4
2026-05-15T05:02:05Z,95.8,Versa 4
2026-05-15T05:03:05Z,95.7,Versa 4
2026-05-15T05:04:05Z,95.7,Versa 4
2026-05-15T05:05:05Z,95.9,Versa 4
2026-05-15T05:06:05Z,50.0,Versa 4
2026-05-15T05:07:05Z,96.0,Versa 4
2026-05-15T05:08:05Z,95.9,Versa 4
2026-05-15T05:09:05Z,95.9,Versa 4
2026-05-15T05:10:05Z,95.9,Versa 4
2026-05-15T05:11:05Z,96.0,Versa 4
2026-05-15T05:12:05Z,96.0,Versa 4
2026-05-15T05:13:05Z,96.1,Versa 4
2026-05-15T05:14:05Z,96.2,Versa 4
2026-05-15T05:15:05Z,50.0,Versa 4
2026-05-15T05:16:05Z,96.6,Versa 4
2026-05-15T05:17:05Z,96.7,Versa 4
2026-05-15T05:18:05Z,96.6,Versa 4
2026-05-15T05:19:05Z,96.7,Versa 4
2026-05-15T05:20:05Z,96.6,Versa 4
2026-05-15T05:21:05Z,96.6,Versa 4
2026-05-15T05:22:05Z,96.6,Versa 4
2026-05-15T05:23:05Z,96.6,Versa 4
2026-05-15T05:24:05Z,50.0,Versa 4
2026-05-15T05:25:05Z,97.5,Versa 4
2026-05-15T05:26:05Z,98.4,Versa 4
2026-05-15T05:27:05Z,98.5,Versa 4
2026-05-15T05:28:05Z,98.8,Versa 4
2026-05-15T05:29:05Z,50.0,Versa 4
2026-05-15T05:30:05Z,50.0,Versa 4
2026-05-15T05:31:05Z,50.0,Versa 4
2026-05-15T05:32:05Z,50.0,Versa 4
2026-05-15T05:33:05Z,50.0,Versa 4
2026-05-15T05:34:05Z,50.0,Versa 4
2026-05-15T05:35:05Z,50.0,Versa 4
2026-05-15T05:36:05Z,50.0,Versa 4
2026-05-15T05:37:05Z,99.5,Versa 4
2026-05-15T05:38:05Z,99.8,Versa 4
2026-05-15T05:39:05Z,99.6,Versa 4
2026-05-15T05:40:05Z,99.9,Versa 4
2026-05-15T05:41:05Z,98.5,Versa 4
2026-05-15T05:42:05Z,94.3,Versa 4
2026-05-15T05:43:05Z,93.3,Versa 4
2026-05-15T05:44:05Z,95.2,Versa 4
2026-05-15T05:45:05Z,50.0,Versa 4
2026-05-15T05:46:05Z,50.0,Versa 4
2026-05-15T05:47:05Z,95.7,Versa 4
2026-05-15T05:48:05Z,96.3,Versa 4
2026-05-15T05:49:05Z,97.0,Versa 4
2026-05-15T05:50:05Z,97.3,Versa 4
2026-05-15T05:51:05Z,50.0,Versa 4
2026-05-15T05:52:05Z,98.0,Versa 4
2026-05-15T05:53:05Z,99.1,Versa 4
2026-05-15T05:54:05Z,98.8,Versa 4
2026-05-15T05:55:05Z,97.6,Versa 4
2026-05-15T05:56:05Z,50.0,Versa 4
2026-05-15T05:57:05Z,96.9,Versa 4
2026-05-15T05:58:05Z,97.3,Versa 4
2026-05-15T05:59:05Z,97.7,Versa 4
2026-05-15T06:00:05Z,50.0,Versa 4
2026-05-15T06:01:05Z,98.0,Versa 4
2026-05-15T06:02:05Z,98.5,Versa 4
2026-05-15T06:03:05Z,98.9,Versa 4
2026-05-15T06:04:05Z,99.1,Versa 4
2026-05-15T06:05:05Z,99.3,Versa 4
2026-05-15T06:06:05Z,99.3,Versa 4
2026-05-15T06:07:05Z,50.0,Versa 4
2026-05-15T06:08:05Z,99.5,Versa 4
2026-05-15T06:09:05Z,50.0,Versa 4
2026-05-15T06:10:05Z,99.3,Versa 4
2026-05-15T06:11:05Z,99.0,Versa 4
2026-05-15T06:12:05Z,100.0,Versa 4
2026-05-15T06:13:05Z,100.0,Versa 4
2026-05-15T06:14:05Z,98.9,Versa 4
2026-05-15T06:15:05Z,97.9,Versa 4
2026-05-15T06:16:05Z,97.2,Versa 4
2026-05-15T06:17:05Z,95.3,Versa 4
2026-05-15T06:18:05Z,50.0,Versa 4
2026-05-15T06:19:05Z,50.0,Versa 4
2026-05-15T06:20:05Z,96.0,Versa 4
2026-05-15T06:21:05Z,96.7,Versa 4
2026-05-15T06:22:05Z,97.2,Versa 4
2026-05-15T06:23:05Z,50.0,Versa 4
2026-05-15T06:24:05Z,97.6,Versa 4
2026-05-15T06:25:05Z,97.9,Versa 4
2026-05-15T06:26:05Z,98.1,Versa 4
2026-05-15T06:27:05Z,98.2,Versa 4
2026-05-15T06:28:05Z,98.2,Versa 4
2026-05-15T06:29:05Z,98.1,Versa 4
2026-05-15T06:30:05Z,98.1,Versa 4
2026-05-15T06:31:05Z,98.4,Versa 4
2026-05-15T06:32:05Z,98.4,Versa 4
2026-05-15T06:33:05Z,98.4,Versa 4
2026-05-15T06:34:05Z,98.4,Versa 4
2026-05-15T06:35:05Z,50.0,Versa 4
2026-05-15T06:36:05Z,98.2,Versa 4
2026-05-15T06:37:05Z,50.0,Versa 4
2026-05-15T06:38:05Z,50.0,Versa 4
2026-05-15T06:39:05Z,97.4,Versa 4
2026-05-15T06:40:05Z,97.2,Versa 4
2026-05-15T06:41:05Z,96.9,Versa 4
2026-05-15T06:42:05Z,97.0,Versa 4
2026-05-15T06:43:05Z,97.0,Versa 4
2026-05-15T06:44:05Z,97.1,Versa 4
2026-05-15T06:45:05Z,50.0,Versa 4
2026-05-15T06:46:05Z,96.9,Versa 4
2026-05-15T06:47:05Z,96.3,Versa 4
2026-05-15T06:48:05Z,95.7,Versa 4
2026-05-15T06:49:05Z,95.1,Versa 4
2026-05-15T06:50:05Z,94.8,Versa 4
2026-05-15T06:51:05Z,94.6,Versa 4
2026-05-15T06:52:05Z,94.6,Versa 4
2026-05-15T06:53:05Z,94.5,Versa 4
2026-05-15T06:54:05Z,94.2,Versa 4
2026-05-15T06:55:05Z,94.3,Versa 4
2026-05-15T06:56:05Z,94.1,Versa 4
2026-05-15T06:57:05Z,94.1,Versa 4
2026-05-15T06:58:05Z,94.0,Versa 4
2026-05-15T06:59:05Z,94.1,Versa 4
2026-05-15T07:00:05Z,94.3,Versa 4
2026-05-15T07:01:05Z,94.4,Versa 4
2026-05-15T07:02:05Z,94.4,Versa 4
2026-05-15T07:03:05Z,94.4,Versa 4
2026-05-15T07:04:05Z,94.4,Versa 4
2026-05-15T07:05:05Z,94.3,Versa 4
2026-05-15T07:06:05Z,94.2,Versa 4
2026-05-15T07:07:05Z,94.3,Versa 4
2026-05-15T07:08:05Z,94.3,Versa 4
2026-05-15T07:09:05Z,94.3,Versa 4
2026-05-15T07:10:05Z,94.3,Versa 4
2026-05-15T07:11:05Z,94.3,Versa 4
2026-05-15T07:12:05Z,94.3,Versa 4
2026-05-15T07:13:05Z,94.2,Versa 4
2026-05-15T07:14:05Z,94.2,Versa 4
2026-05-15T07:15:05Z,94.2,Versa 4
2026-05-15T07:16:05Z,50.0,Versa 4
2026-05-15T07:17:05Z,50.0,Versa 4
2026-05-15T07:18:05Z,50.0,Versa 4
2026-05-15T07:19:05Z,50.0,Versa 4
2026-05-15T07:20:05Z,50.0,Versa 4
2026-05-15T07:21:05Z,95.2,Versa 4
2026-05-15T07:22:05Z,50.0,Versa 4
2026-05-15T07:23:05Z,92.0,Versa 4
2026-05-15T07:24:05Z,87.6,Versa 4
2026-05-15T07:25:05Z,83.3,Versa 4
2026-05-15T07:26:05Z,79.5,Versa 4
2026-05-15T07:27:05Z,77.0,Versa 4
2026-05-15T07:28:05Z,77.0,Versa 4
2026-05-15T07:29:05Z,77.3,Versa 4
2026-05-15T07:30:05Z,81.3,Versa 4
2026-05-15T07:31:05Z,81.6,Versa 4
2026-05-15T07:32:05Z,81.3,Versa 4
2026-05-15T07:33:05Z,50.0,Versa 4
2026-05-15T07:34:05Z,81.0,Versa 4
2026-05-15T07:35:05Z,50.0,Versa 4
2026-05-15T07:36:05Z,77.5,Versa 4
2026-05-15T07:37:05Z,80.0,Versa 4
2026-05-15T07:38:05Z,50.0,Versa 4
2026-05-15T07:39:05Z,80.7,Versa 4
2026-05-15T07:40:05Z,83.7,Versa 4
2026-05-15T07:41:05Z,84.9,Versa 4
2026-05-15T07:42:05Z,87.4,Versa 4
2026-05-15T07:43:05Z,50.0,Versa 4
2026-05-15T07:44:05Z,89.6,Versa 4
2026-05-15T07:45:05Z,91.2,Versa 4
2026-05-15T07:46:05Z,92.2,Versa 4
2026-05-15T07:47:05Z,94.0,Versa 4
2026-05-15T07:48:05Z,94.4,Versa 4
2026-05-15T07:49:05Z,94.8,Versa 4
2026-05-15T07:50:05Z,94.5,Versa 4
2026-05-15T07:51:05Z,95.2,Versa 4
2026-05-15T07:52:05Z,94.9,Versa 4
2026-05-15T07:53:05Z,50.0,Versa 4
2026-05-15T07:54:05Z,95.8,Versa 4
2026-05-15T07:55:05Z,97.0,Versa 4
2026-05-15T07:56:05Z,97.9,Versa 4
2026-05-15T07:57:05Z,98.6,Versa 4
2026-05-15T07:58:05Z,99.3,Versa 4
2026-05-15T07:59:05Z,99.4,Versa 4
2026-05-15T08:00:05Z,99.5,Versa 4
2026-05-15T08:01:05Z,99.8,Versa 4
2026-05-15T08:02:05Z,50.0,Versa 4
2026-05-15T08:03:05Z,99.6,Versa 4
2026-05-15T08:04:05Z,98.7,Versa 4
2026-05-15T08:05:05Z,97.8,Versa 4
2026-05-15T08:06:05Z,97.2,Versa 4
2026-05-15T08:07:05Z,96.5,Versa 4
2026-05-15T08:08:05Z,50.0,Versa 4
2026-05-15T08:09:05Z,95.9,Versa 4
2026-05-15T08:10:05Z,95.8,Versa 4
2026-05-15T08:11:05Z,50.0,Versa 4
2026-05-15T08:12:05Z,96.6,Versa 4
2026-05-15T08:13:05Z,96.7,Versa 4
2026-05-15T08:14:05Z,50.0,Versa 4
2026-05-15T08:15:05Z,50.0,Versa 4
2026-05-15T08:16:05Z,50.0,Versa 4
2026-05-15T08:17:05Z,50.0,Versa 4
2026-05-15T08:18:05Z,97.7,Versa 4
2026-05-15T08:19:05Z,98.5,Versa 4
2026-05-15T08:20:05Z,50.0,Versa 4
2026-05-15T08:21:05Z,50.0,Versa 4
2026-05-15T08:22:05Z,50.0,Versa 4
2026-05-15T08:23:05Z,99.3,Versa 4
2026-05-15T08:24:05Z,99.6,Versa 4
2026-05-15T08:25:05Z,50.0,Versa 4
2026-05-15T08:26:05Z,50.0,Versa 4
2026-05-15T08:27:05Z,100.0,Versa 4
2026-05-15T08:28:05Z,100.0,Versa 4
2026-05-15T08:29:05Z,100.0,Versa 4
2026-05-15T08:30:05Z,100.0,Versa 4
2026-05-15T08:31:05Z,100.0,Versa 4
2026-05-15T08:32:05Z,100.0,Versa 4
2026-05-15T08:33:05Z,99.8,Versa 4
2026-05-15T08:34:05Z,50.0,Versa 4
2026-05-15T08:35:05Z,98.2,Versa 4
2026-05-15T08:36:05Z,50.0,Versa 4
2026-05-15T08:37:05Z,91.1,Versa 4
2026-05-15T08:38:05Z,91.3,Versa 4
2026-05-15T08:39:05Z,50.0,Versa 4
2026-05-15T08:40:05Z,91.7,Versa 4
2026-05-15T08:41:05Z,95.2,Versa 4
2026-05-15T08:42:05Z,95.5,Versa 4
2026-05-15T08:43:05Z,50.0,Versa 4
2026-05-15T08:44:05Z,96.0,Versa 4
2026-05-15T08:45:05Z,50.0,Versa 4
2026-05-15T08:46:05Z,96.7,Versa 4
2026-05-15T08:47:05Z,96.7,Versa 4
2026-05-15T08:48:05Z,96.7,Versa 4
2026-05-15T08:49:05Z,50.0,Versa 4
2026-05-15T08:50:05Z,96.9,Versa 4
2026-05-15T08:51:05Z,98.2,Versa 4
2026-05-15T08:52:05Z,99.2,Versa 4
2026-05-15T08:53:05Z,50.0,Versa 4
2026-05-15T08:54:05Z,97.8,Versa 4
2026-05-15T08:55:05Z,96.6,Versa 4
2026-05-15T08:56:05Z,95.7,Versa 4
2026-05-15T08:57:05Z,95.1,Versa 4
2026-05-15T08:58:05Z,94.9,Versa 4
2026-05-15T08:59:05Z,50.0,Versa 4
2026-05-15T09:00:05Z,95.0,Versa 4
2026-05-15T09:01:05Z,95.1,Versa 4
2026-05-15T09:02:05Z,95.2,Versa 4
2026-05-15T09:03:05Z,95.3,Versa 4
2026-05-15T09:04:05Z,50.0,Versa 4
2026-05-15T09:05:05Z,95.8,Versa 4
2026-05-15T09:06:05Z,96.0,Versa 4
2026-05-15T09:07:05Z,96.4,Versa 4
2026-05-15T09:08:05Z,96.5,Versa 4
2026-05-15T09:09:05Z,96.6,Versa 4
2026-05-15T09:10:05Z,50.0,Versa 4
2026-05-15T09:11:05Z,50.0,Versa 4
2026-05-15T09:12:05Z,50.0,Versa 4
2026-05-15T09:13:05Z,50.0,Versa 4
2026-05-15T09:14:05Z,50.0,Versa 4
2026-05-15T09:15:05Z,50.0,Versa 4
2026-05-15T09:16:05Z,50.0,Versa 4
2026-05-15T09:17:05Z,50.0,Versa 4
2026-05-15T09:18:05Z,50.0,Versa 4
2026-05-15T09:19:05Z,50.0,Versa 4
2026-05-15T09:20:05Z,50.0,Versa 4
2026-05-16T13:28:35Z,50.0,Versa 4
2026-05-16T13:29:35Z,50.0,Versa 4
2026-05-16T13:30:35Z,50.0,Versa 4
2026-05-16T13:31:35Z,50.0,Versa 4
2026-05-16T13:32:35Z,50.0,Versa 4
2026-05-16T13:33:35Z,50.0,Versa 4
2026-05-17T01:04:34Z,99.3,Versa 4
2026-05-17T01:05:34Z,50.0,Versa 4
2026-05-17T01:06:34Z,50.0,Versa 4
2026-05-17T01:07:34Z,50.0,Versa 4
2026-05-17T01:08:34Z,50.0,Versa 4
2026-05-17T01:09:34Z,50.0,Versa 4
2026-05-17T01:10:34Z,98.4,Versa 4
2026-05-17T01:11:34Z,97.9,Versa 4
2026-05-17T01:12:34Z,97.3,Versa 4
2026-05-17T01:13:34Z,50.0,Versa 4
2026-05-17T01:14:34Z,50.0,Versa 4
2026-05-17T01:15:34Z,96.9,Versa 4
2026-05-17T01:16:34Z,96.9,Versa 4
2026-05-17T03:48:05Z,94.7,Versa 4
2026-05-17T03:49:05Z,94.8,Versa 4
2026-05-17T03:50:05Z,94.7,Versa 4
2026-05-17T03:51:05Z,94.7,Versa 4
2026-05-17T03:52:05Z,94.7,Versa 4
2026-05-17T03:53:05Z,94.6,Versa 4
2026-05-17T03:54:05Z,94.7,Versa 4
2026-05-17T03:55:05Z,94.6,Versa 4
2026-05-17T03:56:05Z,94.7,Versa 4
2026-05-17T03:57:05Z,94.7,Versa 4
2026-05-17T03:58:05Z,94.7,Versa 4
2026-05-17T03:59:05Z,50.0,Versa 4
2026-05-17T04:00:05Z,94.7,Versa 4
2026-05-17T04:01:05Z,94.4,Versa 4
2026-05-17T04:02:05Z,94.2,Versa 4
2026-05-17T04:03:05Z,94.0,Versa 4
2026-05-17T04:04:05Z,94.0,Versa 4
2026-05-17T04:05:05Z,94.1,Versa 4
2026-05-17T04:06:05Z,94.1,Versa 4
2026-05-17T04:07:05Z,94.1,Versa 4
2026-05-17T04:08:05Z,94.1,Versa 4
2026-05-17T04:09:05Z,94.0,Versa 4
2026-05-17T04:10:05Z,93.8,Versa 4
2026-05-17T04:11:05Z,93.8,Versa 4
2026-05-17T04:12:05Z,93.9,Versa 4
2026-05-17T04:13:05Z,94.0,Versa 4
2026-05-17T04:14:05Z,94.1,Versa 4
2026-05-17T04:15:05Z,94.1,Versa 4
2026-05-17T04:16:05Z,94.1,Versa 4
2026-05-17T04:17:05Z,94.1,Versa 4
2026-05-17T04:18:05Z,94.0,Versa 4
2026-05-17T04:19:05Z,93.9,Versa 4
2026-05-17T04:20:05Z,94.0,Versa 4
2026-05-17T04:21:05Z,93.9,Versa 4
2026-05-17T04:22:05Z,93.9,Versa 4
2026-05-17T04:23:05Z,93.8,Versa 4
2026-05-17T04:24:05Z,93.9,Versa 4
2026-05-17T04:25:05Z,94.0,Versa 4
2026-05-17T04:26:05Z,94.1,Versa 4
2026-05-17T04:27:05Z,94.2,Versa 4
2026-05-17T04:28:05Z,94.2,Versa 4
2026-05-17T04:29:05Z,94.2,Versa 4
2026-05-17T04:30:05Z,94.3,Versa 4
2026-05-17T04:31:05Z,94.3,Versa 4
2026-05-17T04:32:05Z,94.2,Versa 4
2026-05-17T04:33:05Z,94.2,Versa 4
2026-05-17T04:34:05Z,94.1,Versa 4
2026-05-17T04:35:05Z,94.0,Versa 4
2026-05-17T04:36:05Z,94.1,Versa 4
2026-05-17T04:37:05Z,50.0,Versa 4
2026-05-17T04:38:05Z,94.8,Versa 4
2026-05-17T04:39:05Z,95.3,Versa 4
2026-05-17T04:40:05Z,95.5,Versa 4
2026-05-17T04:41:05Z,50.0,Versa 4
2026-05-17T04:42:05Z,95.8,Versa 4
2026-05-17T04:43:05Z,95.8,Versa 4
2026-05-17T04:44:05Z,95.8,Versa 4
2026-05-17T04:45:05Z,95.8,Versa 4
2026-05-17T04:46:05Z,50.0,Versa 4
2026-05-17T04:47:05Z,95.9,Versa 4
2026-05-17T04:48:05Z,96.3,Versa 4
2026-05-17T04:49:05Z,50.0,Versa 4
2026-05-17T04:50:05Z,96.4,Versa 4
2026-05-17T04:51:05Z,96.1,Versa 4
2026-05-17T04:52:05Z,96.0,Versa 4
2026-05-17T04:53:05Z,95.9,Versa 4
2026-05-17T04:54:05Z,95.8,Versa 4
2026-05-17T04:55:05Z,95.7,Versa 4
2026-05-17T04:56:05Z,95.8,Versa 4
2026-05-17T04:57:05Z,50.0,Versa 4
2026-05-17T04:58:05Z,95.4,Versa 4
2026-05-17T04:59:05Z,94.6,Versa 4
2026-05-17T05:00:05Z,94.0,Versa 4
2026-05-17T05:01:05Z,93.8,Versa 4
2026-05-17T05:02:05Z,93.6,Versa 4
2026-05-17T05:03:05Z,93.3,Versa 4
2026-05-17T05:04:05Z,93.1,Versa 4
2026-05-17T05:05:05Z,93.2,Versa 4
2026-05-17T05:06:05Z,50.0,Versa 4
2026-05-17T05:07:05Z,50.0,Versa 4
2026-05-17T05:08:05Z,93.4,Versa 4
2026-05-17T05:09:05Z,93.7,Versa 4
2026-05-17T05:10:05Z,93.7,Versa 4
2026-05-17T05:11:05Z,93.6,Versa 4
2026-05-17T05:12:05Z,94.1,Versa 4
2026-05-17T05:13:05Z,94.1,Versa 4
2026-05-17T05:14:05Z,94.1,Versa 4
2026-05-17T05:15:05Z,94.2,Versa 4
2026-05-17T05:16:05Z,94.2,Versa 4
2026-05-17T05:17:05Z,94.3,Versa 4
2026-05-17T05:18:05Z,94.2,Versa 4
2026-05-17T05:19:05Z,94.1,Versa 4
2026-05-17T05:20:05Z,94.1,Versa 4
2026-05-17T05:21:05Z,50.0,Versa 4
2026-05-17T05:22:05Z,94.2,Versa 4
2026-05-17T05:23:05Z,50.0,Versa 4
2026-05-17T05:24:05Z,94.5,Versa 4
2026-05-17T05:25:05Z,94.5,Versa 4
2026-05-17T05:26:05Z,94.4,Versa 4
2026-05-17T05:27:05Z,94.4,Versa 4
2026-05-17T05:28:05Z,94.3,Versa 4
2026-05-17T05:29:05Z,94.2,Versa 4
2026-05-17T05:30:05Z,94.2,Versa 4
2026-05-17T05:31:05Z,94.2,Versa 4
2026-05-17T05:32:05Z,50.0,Versa 4
2026-05-17T05:33:05Z,94.2,Versa 4
2026-05-17T05:34:05Z,94.3,Versa 4
2026-05-17T05:35:05Z,94.1,Versa 4
2026-05-17T05:36:05Z,93.7,Versa 4
2026-05-17T05:37:05Z,93.1,Versa 4
2026-05-17T05:38:05Z,92.6,Versa 4
2026-05-17T05:39:05Z,92.4,Versa 4
2026-05-17T05:40:05Z,92.6,Versa 4
2026-05-17T05:41:05Z,92.9,Versa 4
2026-05-17T05:42:05Z,93.2,Versa 4
2026-05-17T05:43:05Z,93.4,Versa 4
2026-05-17T05:44:05Z,93.5,Versa 4
2026-05-17T05:45:05Z,93.5,Versa 4
2026-05-17T05:46:05Z,93.6,Versa 4
2026-05-17T05:47:05Z,93.6,Versa 4
2026-05-17T05:48:05Z,93.4,Versa 4
2026-05-17T05:49:05Z,93.2,Versa 4
2026-05-17T05:50:05Z,93.1,Versa 4
2026-05-17T05:51:05Z,92.9,Versa 4
2026-05-17T05:52:05Z,92.7,Versa 4
2026-05-17T05:53:05Z,92.5,Versa 4
2026-05-17T05:54:05Z,92.4,Versa 4
2026-05-17T05:55:05Z,92.3,Versa 4
2026-05-17T05:56:05Z,92.2,Versa 4
2026-05-17T05:57:05Z,92.2,Versa 4
2026-05-17T05:58:05Z,92.1,Versa 4
2026-05-17T05:59:05Z,92.1,Versa 4
2026-05-17T06:00:05Z,92.4,Versa 4
2026-05-17T06:01:05Z,50.0,Versa 4
2026-05-17T06:02:05Z,92.8,Versa 4
2026-05-17T06:03:05Z,92.0,Versa 4
2026-05-17T06:04:05Z,93.7,Versa 4
2026-05-17T06:05:05Z,91.5,Versa 4
2026-05-17T06:06:05Z,88.6,Versa 4
2026-05-17T06:07:05Z,86.6,Versa 4
2026-05-17T06:08:05Z,85.6,Versa 4
2026-05-17T06:09:05Z,83.6,Versa 4
2026-05-17T06:10:05Z,83.5,Versa 4
2026-05-17T06:11:05Z,84.5,Versa 4
2026-05-17T06:12:05Z,85.8,Versa 4
2026-05-17T06:13:05Z,87.2,Versa 4
2026-05-17T06:14:05Z,50.0,Versa 4
2026-05-17T06:15:05Z,87.2,Versa 4
2026-05-17T06:16:05Z,90.0,Versa 4
2026-05-17T06:17:05Z,92.2,Versa 4
2026-05-17T06:18:05Z,94.0,Versa 4
2026-05-17T06:19:05Z,94.8,Versa 4
2026-05-17T06:20:05Z,95.4,Versa 4
2026-05-17T06:21:05Z,95.6,Versa 4
2026-05-17T06:22:05Z,96.0,Versa 4
2026-05-17T06:23:05Z,50.0,Versa 4
2026-05-17T06:24:05Z,95.6,Versa 4
2026-05-17T06:25:05Z,93.9,Versa 4
2026-05-17T06:26:05Z,93.6,Versa 4
2026-05-17T06:27:05Z,92.9,Versa 4
2026-05-17T06:28:05Z,93.1,Versa 4
2026-05-17T06:29:05Z,92.6,Versa 4
2026-05-17T06:30:05Z,92.9,Versa 4
2026-05-17T06:31:05Z,93.0,Versa 4
2026-05-17T06:32:05Z,93.2,Versa 4
2026-05-17T06:33:05Z,93.9,Versa 4
2026-05-17T06:34:05Z,94.4,Versa 4
2026-05-17T06:35:05Z,94.7,Versa 4
2026-05-17T06:36:05Z,95.1,Versa 4
2026-05-17T06:37:05Z,95.5,Versa 4
2026-05-17T06:38:05Z,95.6,Versa 4
2026-05-17T06:39:05Z,95.9,Versa 4
2026-05-17T06:40:05Z,96.0,Versa 4
2026-05-17T06:41:05Z,96.0,Versa 4
2026-05-17T06:42:05Z,95.9,Versa 4
2026-05-17T06:43:05Z,95.7,Versa 4
2026-05-17T06:44:05Z,96.0,Versa 4
2026-05-17T06:45:05Z,95.9,Versa 4
2026-05-17T06:46:05Z,95.9,Versa 4
2026-05-17T06:47:05Z,50.0,Versa 4
2026-05-17T06:48:05Z,50.0,Versa 4
2026-05-17T06:49:05Z,95.2,Versa 4
2026-05-17T06:50:05Z,94.9,Versa 4
2026-05-17T06:51:05Z,94.6,Versa 4
2026-05-17T06:52:05Z,94.5,Versa 4
2026-05-17T06:53:05Z,94.4,Versa 4
2026-05-17T06:54:05Z,94.4,Versa 4
2026-05-17T06:55:05Z,94.3,Versa 4
2026-05-17T06:56:05Z,94.0,Versa 4
2026-05-17T06:57:05Z,93.8,Versa 4
2026-05-17T06:58:05Z,50.0,Versa 4
2026-05-17T06:59:05Z,93.8,Versa 4
2026-05-17T07:00:05Z,95.3,Versa 4
2026-05-17T07:01:05Z,96.4,Versa 4
2026-05-17T07:02:05Z,97.0,Versa 4
2026-05-17T07:03:05Z,97.5,Versa 4
2026-05-17T07:04:05Z,50.0,Versa 4
2026-05-17T07:05:05Z,97.1,Versa 4
2026-05-17T07:06:05Z,95.5,Versa 4
2026-05-17T07:07:05Z,94.3,Versa 4
2026-05-17T07:08:05Z,93.6,Versa 4
2026-05-17T07:09:05Z,93.2,Versa 4
2026-05-17T07:10:05Z,92.9,Versa 4
2026-05-17T07:11:05Z,92.8,Versa 4
2026-05-17T07:12:05Z,92.5,Versa 4
2026-05-17T07:13:05Z,92.5,Versa 4
2026-05-17T07:14:05Z,92.4,Versa 4
2026-05-17T07:15:05Z,92.5,Versa 4
2026-05-17T07:16:05Z,50.0,Versa 4
2026-05-17T07:17:05Z,92.9,Versa 4
2026-05-17T07:18:05Z,93.8,Versa 4
2026-05-17T07:19:05Z,94.8,Versa 4
2026-05-17T07:20:05Z,95.3,Versa 4
2026-05-17T07:21:05Z,95.9,Versa 4
2026-05-17T07:22:05Z,96.5,Versa 4
2026-05-17T07:23:05Z,96.9,Versa 4
2026-05-17T07:24:05Z,97.4,Versa 4
2026-05-17T07:25:05Z,97.6,Versa 4
2026-05-17T07:26:05Z,97.7,Versa 4
2026-05-17T07:27:05Z,97.9,Versa 4
2026-05-17T07:28:05Z,97.7,Versa 4
2026-05-17T07:29:05Z,50.0,Versa 4
2026-05-17T07:30:05Z,97.4,Versa 4
2026-05-17T07:31:05Z,95.3,Versa 4
2026-05-17T07:32:05Z,93.1,Versa 4
2026-05-17T07:33:05Z,90.9,Versa 4
2026-05-17T07:34:05Z,90.7,Versa 4
2026-05-17T07:35:05Z,91.1,Versa 4
2026-05-17T07:36:05Z,88.5,Versa 4
2026-05-17T07:37:05Z,87.5,Versa 4
2026-05-17T07:38:05Z,87.0,Versa 4
2026-05-17T07:39:05Z,86.6,Versa 4
2026-05-17T07:40:05Z,86.6,Versa 4
2026-05-17T07:41:05Z,86.4,Versa 4
2026-05-17T07:42:05Z,88.6,Versa 4
2026-05-17T07:43:05Z,91.1,Versa 4
2026-05-17T07:44:05Z,93.1,Versa 4
2026-05-17T07:45:05Z,94.3,Versa 4
2026-05-17T07:46:05Z,95.1,Versa 4
2026-05-17T07:47:05Z,95.4,Versa 4
2026-05-17T07:48:05Z,96.0,Versa 4
2026-05-17T07:49:05Z,96.2,Versa 4
2026-05-17T07:50:05Z,96.5,Versa 4
2026-05-17T07:51:05Z,96.5,Versa 4
2026-05-17T07:52:05Z,96.6,Versa 4
2026-05-17T07:53:05Z,96.7,Versa 4
2026-05-17T07:54:05Z,96.6,Versa 4
2026-05-17T07:55:05Z,96.5,Versa 4
2026-05-17T07:56:05Z,50.0,Versa 4
2026-05-17T07:57:05Z,96.3,Versa 4
2026-05-17T07:58:05Z,96.2,Versa 4
2026-05-17T07:59:05Z,96.4,Versa 4
2026-05-17T08:00:05Z,96.6,Versa 4
2026-05-17T08:01:05Z,96.8,Versa 4
2026-05-17T08:02:05Z,97.0,Versa 4
2026-05-17T08:03:05Z,50.0,Versa 4
2026-05-17T08:04:05Z,96.5,Versa 4
2026-05-17T08:05:05Z,96.1,Versa 4
2026-05-17T08:06:05Z,95.8,Versa 4
2026-05-17T08:07:05Z,95.7,Versa 4
2026-05-17T08:08:05Z,95.8,Versa 4
2026-05-17T08:09:05Z,95.6,Versa 4
2026-05-17T08:10:05Z,95.7,Versa 4
2026-05-17T08:11:05Z,95.6,Versa 4
2026-05-17T08:12:05Z,95.8,Versa 4
2026-05-17T08:13:05Z,95.8,Versa 4
2026-05-17T08:14:05Z,95.9,Versa 4
2026-05-17T08:15:05Z,96.0,Versa 4
2026-05-17T08:16:05Z,50.0,Versa 4
2026-05-17T08:17:05Z,95.3,Versa 4
2026-05-17T08:18:05Z,92.3,Versa 4
2026-05-17T08:19:05Z,50.0,Versa 4
2026-05-17T08:20:05Z,91.5,Versa 4
2026-05-17T08:21:05Z,93.1,Versa 4
2026-05-17T08:22:05Z,94.5,Versa 4
2026-05-17T08:23:05Z,95.0,Versa 4
2026-05-17T08:24:05Z,96.2,Versa 4
2026-05-17T08:25:05Z,96.3,Versa 4
2026-05-17T08:26:05Z,96.8,Versa 4
2026-05-17T08:27:05Z,96.5,Versa 4
2026-05-17T08:28:05Z,96.3,Versa 4
2026-05-17T08:29:05Z,96.7,Versa 4
2026-05-17T08:30:05Z,96.5,Versa 4
2026-05-17T08:31:05Z,50.0,Versa 4
2026-05-17T08:32:05Z,97.2,Versa 4
2026-05-17T08:33:05Z,97.9,Versa 4
2026-05-17T08:34:05Z,97.9,Versa 4
2026-05-17T08:35:05Z,97.5,Versa 4
2026-05-17T08:36:05Z,97.2,Versa 4
2026-05-17T08:37:05Z,97.0,Versa 4
2026-05-17T08:38:05Z,96.8,Versa 4
2026-05-17T08:39:05Z,96.8,Versa 4
2026-05-17T08:40:05Z,96.6,Versa 4
2026-05-17T08:41:05Z,96.5,Versa 4
2026-05-17T08:42:05Z,96.4,Versa 4
2026-05-17T08:43:05Z,96.3,Versa 4
2026-05-17T08:44:05Z,96.2,Versa 4
2026-05-17T08:45:05Z,96.1,Versa 4
2026-05-17T08:46:05Z,96.0,Versa 4
2026-05-17T08:47:05Z,96.0,Versa 4
2026-05-17T08:48:05Z,95.8,Versa 4
2026-05-17T08:49:05Z,95.8,Versa 4
2026-05-17T08:50:05Z,95.7,Versa 4
2026-05-17T08:51:05Z,95.6,Versa 4
2026-05-17T08:52:05Z,95.5,Versa 4
2026-05-17T08:53:05Z,95.5,Versa 4
2026-05-17T08:54:05Z,95.5,Versa 4
2026-05-17T08:55:05Z,95.5,Versa 4
2026-05-17T08:56:05Z,95.5,Versa 4
2026-05-17T08:57:05Z,95.4,Versa 4
2026-05-17T08:58:05Z,50.0,Versa 4
2026-05-17T08:59:05Z,50.0,Versa 4
2026-05-17T09:00:05Z,95.3,Versa 4
2026-05-17T09:01:05Z,95.3,Versa 4
2026-05-17T09:02:05Z,95.3,Versa 4
2026-05-17T09:03:05Z,50.0,Versa 4
2026-05-17T09:04:05Z,96.3,Versa 4
2026-05-17T09:05:05Z,97.2,Versa 4
2026-05-17T09:06:05Z,97.6,Versa 4
2026-05-17T09:07:05Z,97.1,Versa 4
2026-05-17T09:08:05Z,96.1,Versa 4
2026-05-17T09:09:05Z,94.9,Versa 4
2026-05-17T09:10:05Z,94.0,Versa 4
2026-05-17T09:11:05Z,50.0,Versa 4
2026-05-17T09:12:05Z,50.0,Versa 4
2026-05-17T09:13:05Z,96.1,Versa 4
2026-05-17T09:14:05Z,50.0,Versa 4
2026-05-17T09:15:05Z,50.0,Versa 4
2026-05-17T09:16:05Z,96.4,Versa 4
2026-05-17T09:17:05Z,50.0,Versa 4
2026-05-17T09:18:05Z,50.0,Versa 4
2026-05-17T09:19:05Z,97.2,Versa 4
2026-05-17T09:20:05Z,97.5,Versa 4
2026-05-17T09:21:05Z,50.0,Versa 4
2026-05-17T09:22:05Z,50.0,Versa 4
2026-05-17T09:23:05Z,97.4,Versa 4
2026-05-17T09:24:05Z,97.4,Versa 4
2026-05-17T09:25:05Z,97.5,Versa 4
2026-05-17T09:26:05Z,98.0,Versa 4
2026-05-17T09:27:05Z,98.7,Versa 4
2026-05-17T09:28:05Z,99.6,Versa 4
2026-05-17T09:29:05Z,100.0,Versa 4
2026-05-17T09:30:05Z,100.0,Versa 4
2026-05-17T09:31:05Z,100.0,Versa 4
2026-05-17T09:32:05Z,100.0,Versa 4
2026-05-17T09:33:05Z,50.0,Versa 4
2026-05-17T09:34:05Z,99.8,Versa 4
2026-05-17T09:35:05Z,50.0,Versa 4
2026-05-17T09:36:05Z,98.1,Versa 4
2026-05-17T09:37:05Z,97.5,Versa 4
2026-05-17T09:38:05Z,50.0,Versa 4
2026-05-17T09:39:05Z,96.2,Versa 4
2026-05-17T09:40:05Z,50.0,Versa 4
2026-05-17T09:41:05Z,96.4,Versa 4
2026-05-17T09:42:05Z,50.0,Versa 4
2026-05-17T09:43:05Z,50.0,Versa 4
2026-05-17T09:44:05Z,50.0,Versa 4
2026-05-17T09:45:05Z,96.8,Versa 4
2026-05-17T09:46:05Z,97.7,Versa 4
2026-05-17T09:47:05Z,50.0,Versa 4
2026-05-17T09:48:05Z,96.8,Versa 4
2026-05-17T09:49:05Z,95.7,Versa 4
2026-05-17T09:50:05Z,94.9,Versa 4
2026-05-17T09:51:05Z,50.0,Versa 4
2026-05-17T09:52:05Z,95.2,Versa 4
2026-05-17T09:53:05Z,95.7,Versa 4
2026-05-17T09:54:05Z,96.7,Versa 4
2026-05-17T09:55:05Z,97.5,Versa 4
2026-05-17T09:56:05Z,98.2,Versa 4
2026-05-17T09:57:05Z,98.8,Versa 4
2026-05-17T09:58:05Z,50.0,Versa 4
2026-05-17T09:59:05Z,99.0,Versa 4
2026-05-17T10:00:05Z,98.7,Versa 4
2026-05-17T10:01:05Z,50.0,Versa 4
2026-05-17T10:02:05Z,98.8,Versa 4
2026-05-17T10:03:05Z,99.2,Versa 4
2026-05-17T10:04:05Z,99.3,Versa 4
2026-05-17T10:05:05Z,99.9,Versa 4
2026-05-17T10:06:05Z,100.0,Versa 4
2026-05-17T10:07:05Z,100.0,Versa 4
2026-05-17T10:08:05Z,100.0,Versa 4
2026-05-17T10:09:05Z,100.0,Versa 4
2026-05-17T10:10:05Z,100.0,Versa 4
2026-05-17T10:11:05Z,100.0,Versa 4
2026-05-17T10:12:05Z,100.0,Versa 4
2026-05-17T10:13:05Z,50.0,Versa 4
2026-05-17T10:14:05Z,100.0,Versa 4
2026-05-17T10:15:05Z,100.0,Versa 4
2026-05-17T10:16:05Z,100.0,Versa 4
2026-05-17T10:17:05Z,100.0,Versa 4
2026-05-17T10:18:05Z,100.0,Versa 4
2026-05-17T10:19:05Z,100.0,Versa 4
2026-05-17T10:20:05Z,100.0,Versa 4
2026-05-17T10:21:05Z,100.0,Versa 4
2026-05-17T10:22:05Z,100.0,Versa 4
2026-05-17T10:23:05Z,100.0,Versa 4
2026-05-17T10:24:05Z,100.0,Versa 4
2026-05-17T10:25:05Z,100.0,Versa 4
2026-05-17T10:26:05Z,100.0,Versa 4
2026-05-17T10:27:05Z,100.0,Versa 4
2026-05-17T10:28:05Z,100.0,Versa 4
2026-05-17T10:29:05Z,100.0,Versa 4
2026-05-17T10:30:05Z,50.0,Versa 4
2026-05-17T10:31:05Z,100.0,Versa 4
2026-05-17T10:32:05Z,100.0,Versa 4
2026-05-17T10:33:05Z,100.0,Versa 4
2026-05-17T10:34:05Z,100.0,Versa 4
2026-05-17T10:35:05Z,50.0,Versa 4
2026-05-17T10:36:05Z,100.0,Versa 4
2026-05-17T10:37:05Z,100.0,Versa 4
2026-05-17T10:38:05Z,99.9,Versa 4
2026-05-17T10:39:05Z,99.6,Versa 4
2026-05-17T10:40:05Z,99.3,Versa 4
2026-05-17T10:41:05Z,99.1,Versa 4
2026-05-17T10:42:05Z,98.8,Versa 4
2026-05-17T10:43:05Z,98.5,Versa 4
2026-05-17T10:44:05Z,98.3,Versa 4
2026-05-17T10:45:05Z,50.0,Versa 4
2026-05-17T10:46:05Z,98.1,Versa 4
2026-05-17T10:47:05Z,97.4,Versa 4
2026-05-17T10:48:05Z,97.0,Versa 4
2026-05-17T10:49:05Z,50.0,Versa 4
2026-05-17T10:50:05Z,96.6,Versa 4
2026-05-17T10:51:05Z,96.4,Versa 4
2026-05-17T10:52:05Z,96.3,Versa 4
2026-05-17T10:53:05Z,96.1,Versa 4
2026-05-17T10:54:05Z,95.9,Versa 4
2026-05-17T10:55:05Z,50.0,Versa 4
2026-05-17T10:56:05Z,96.0,Versa 4
2026-05-17T10:57:05Z,96.4,Versa 4
2026-05-17T10:58:05Z,96.8,Versa 4
2026-05-17T10:59:05Z,50.0,Versa 4
2026-05-17T11:00:05Z,97.0,Versa 4
2026-05-17T11:01:05Z,97.3,Versa 4
2026-05-17T11:02:05Z,97.2,Versa 4
2026-05-17T11:03:05Z,97.3,Versa 4
2026-05-17T11:04:05Z,97.4,Versa 4
2026-05-17T11:05:05Z,97.4,Versa 4
2026-05-17T11:06:05Z,97.5,Versa 4
2026-05-17T11:07:05Z,50.0,Versa 4
2026-05-17T11:08:05Z,98.5,Versa 4
2026-05-17T11:09:05Z,99.7,Versa 4
2026-05-17T11:10:05Z,100.0,Versa 4
2026-05-17T11:11:05Z,99.4,Versa 4
2026-05-17T11:12:05Z,96.0,Versa 4
2026-05-17T11:13:05Z,91.7,Versa 4
2026-05-17T11:14:05Z,87.0,Versa 4
2026-05-17T11:15:05Z,82.7,Versa 4
2026-05-17T11:16:05Z,81.7,Versa 4
2026-05-17T11:17:05Z,80.9,Versa 4
2026-05-17T11:18:05Z,81.2,Versa 4
2026-05-17T11:19:05Z,80.9,Versa 4
2026-05-17T11:20:05Z,81.3,Versa 4
2026-05-17T11:21:05Z,80.5,Versa 4
2026-05-17T11:22:05Z,80.9,Versa 4
2026-05-17T11:23:05Z,81.0,Versa 4
2026-05-17T11:24:05Z,81.1,Versa 4
2026-05-17T11:25:05Z,80.9,Versa 4
2026-05-17T11:26:05Z,81.2,Versa 4
2026-05-17T11:27:05Z,81.1,Versa 4
2026-05-17T11:28:05Z,80.7,Versa 4
2026-05-17T11:29:05Z,81.2,Versa 4
2026-05-17T11:30:05Z,80.6,Versa 4
2026-05-17T11:31:05Z,80.8,Versa 4
2026-05-17T11:32:05Z,81.0,Versa 4
2026-05-17T11:33:05Z,80.6,Versa 4
2026-05-17T11:34:05Z,80.5,Versa 4
2026-05-17T11:35:05Z,80.6,Versa 4
2026-05-17T11:36:05Z,80.8,Versa 4
2026-05-17T11:37:05Z,81.1,Versa 4
2026-05-17T11:38:05Z,81.3,Versa 4
2026-05-17T11:39:05Z,81.5,Versa 4
2026-05-17T11:40:05Z,82.2,Versa 4
2026-05-17T11:41:05Z,81.3,Versa 4
2026-05-17T11:42:05Z,80.9,Versa 4
2026-05-17T11:43:05Z,50.0,Versa 4
2026-05-17T11:44:05Z,50.0,Versa 4
2026-05-17T11:45:05Z,80.2,Versa 4
2026-05-17T11:46:05Z,82.1,Versa 4
2026-05-17T11:47:05Z,50.0,Versa 4
2026-05-17T11:48:05Z,85.2,Versa 4
2026-05-17T11:49:05Z,88.5,Versa 4
2026-05-17T11:50:05Z,90.8,Versa 4
2026-05-17T11:51:05Z,92.2,Versa 4
2026-05-17T11:52:05Z,93.5,Versa 4
2026-05-17T11:53:05Z,94.5,Versa 4
2026-05-17T11:54:05Z,50.0,Versa 4
2026-05-17T11:55:05Z,94.5,Versa 4
2026-05-17T11:56:05Z,94.5,Versa 4
2026-05-17T11:57:05Z,94.7,Versa 4
2026-05-17T11:58:05Z,94.9,Versa 4
2026-05-17T11:59:05Z,95.1,Versa 4
2026-05-17T12:00:05Z,95.3,Versa 4
2026-05-17T12:01:05Z,95.1,Versa 4
2026-05-17T12:02:05Z,95.3,Versa 4
2026-05-17T12:03:05Z,95.5,Versa 4
2026-05-17T12:04:05Z,95.6,Versa 4
2026-05-17T12:05:05Z,95.8,Versa 4
2026-05-17T12:06:05Z,95.9,Versa 4
2026-05-17T12:07:05Z,95.9,Versa 4
2026-05-17T12:08:05Z,96.0,Versa 4
2026-05-17T12:09:05Z,96.0,Versa 4
2026-05-17T12:10:05Z,96.0,Versa 4
2026-05-17T12:11:05Z,96.0,Versa 4
2026-05-17T12:12:05Z,95.9,Versa 4
2026-05-17T12:13:05Z,95.9,Versa 4
2026-05-17T12:14:05Z,50.0,Versa 4
2026-05-17T12:15:05Z,50.0,Versa 4
2026-05-17T12:16:05Z,50.0,Versa 4
2026-05-17T12:17:05Z,96.1,Versa 4
2026-05-17T12:18:05Z,96.4,Versa 4
2026-05-17T12:19:05Z,96.5,Versa 4
2026-05-17T12:20:05Z,50.0,Versa 4
2026-05-17T12:21:05Z,97.0,Versa 4
2026-05-17T12:22:05Z,96.9,Versa 4
2026-05-17T12:23:05Z,96.7,Versa 4
2026-05-17T12:24:05Z,50.0,Versa 4
2026-05-17T12:25:05Z,50.0,Versa 4
2026-05-17T12:26:05Z,50.0,Versa 4
2026-05-17T12:27:05Z,96.9,Versa 4
2026-05-17T12:28:05Z,50.0,Versa 4
2026-05-17T12:29:05Z,50.0,Versa 4
2026-05-17T12:30:05Z,50.0,Versa 4
2026-05-17T12:31:05Z,50.0,Versa 4
2026-05-17T12:32:05Z,50.0,Versa 4
2026-05-17T12:33:05Z,50.0,Versa 4
2026-05-17T12:34:05Z,50.0,Versa 4
2026-05-17T12:35:05Z,50.0,Versa 4
2026-05-17T12:36:05Z,50.0,Versa 4
2026-05-17T12:37:05Z,98.4,Versa 4
2026-05-17T12:38:05Z,50.0,Versa 4
2026-05-17T12:39:05Z,50.0,Versa 4
2026-05-17T12:40:05Z,50.0,Versa 4
2026-05-17T12:41:05Z,50.0,Versa 4
2026-05-17T12:42:05Z,50.0,Versa 4
2026-05-17T12:43:05Z,50.0,Versa 4
2026-05-17T12:44:05Z,50.0,Versa 4
2026-05-17T12:45:05Z,50.0,Versa 4
2026-05-17T12:46:05Z,50.0,Versa 4
2026-05-17T12:47:05Z,50.0,Versa 4
2026-05-17T12:48:05Z,50.0,Versa 4
2026-05-17T12:49:05Z,50.0,Versa 4
2026-05-17T12:50:05Z,97.8,Versa 4
2026-05-17T12:51:05Z,50.0,Versa 4
2026-05-17T12:52:05Z,50.0,Versa 4
2026-05-17T12:53:05Z,50.0,Versa 4
2026-05-17T12:54:05Z,50.0,Versa 4
2026-05-17T12:55:05Z,50.0,Versa 4
2026-05-17T12:56:05Z,50.0,Versa 4
2026-05-17T12:57:05Z,50.0,Versa 4
2026-05-17T12:58:05Z,50.0,Versa 4
2026-05-17T19:42:37Z,50.0,Versa 4
2026-05-17T19:43:37Z,50.0,Versa 4
2026-05-17T19:44:37Z,50.0,Versa 4
2026-05-17T19:45:37Z,50.0,Versa 4
2026-05-17T19:46:37Z,50.0,Versa 4
2026-05-17T19:47:37Z,50.0,Versa 4
2026-05-17T19:48:37Z,50.0,Versa 4
2026-05-17T19:49:37Z,50.0,Versa 4
2026-05-17T19:50:37Z,50.0,Versa 4
2026-05-17T19:51:37Z,50.0,Versa 4
2026-05-17T19:52:37Z,50.0,Versa 4
2026-05-17T19:53:37Z,50.0,Versa 4
2026-05-17T19:54:37Z,85.1,Versa 4
2026-05-17T19:55:37Z,50.0,Versa 4
2026-05-17T19:56:37Z,50.0,Versa 4
2026-05-17T19:57:37Z,50.0,Versa 4
2026-05-17T19:58:37Z,50.0,Versa 4
2026-05-17T19:59:37Z,90.6,Versa 4
2026-05-17T20:00:37Z,91.8,Versa 4
2026-05-17T23:38:10Z,94.4,Versa 4
2026-05-17T23:39:10Z,50.0,Versa 4
2026-05-17T23:40:10Z,50.0,Versa 4
2026-05-17T23:41:10Z,94.5,Versa 4
2026-05-17T23:42:10Z,92.3,Versa 4
2026-05-17T23:43:10Z,90.6,Versa 4
2026-05-17T23:44:10Z,50.0,Versa 4
2026-05-17T23:45:10Z,92.9,Versa 4
2026-05-17T23:46:10Z,50.0,Versa 4
2026-05-17T23:47:10Z,50.0,Versa 4
2026-05-17T23:48:10Z,50.0,Versa 4
2026-05-17T23:49:10Z,93.2,Versa 4
2026-05-17T23:50:10Z,91.4,Versa 4
2026-05-17T23:51:10Z,90.2,Versa 4
2026-05-17T23:52:10Z,50.0,Versa 4
2026-05-17T23:53:10Z,89.1,Versa 4
2026-05-17T23:54:10Z,50.0,Versa 4
2026-05-17T23:55:10Z,89.4,Versa 4
2026-05-17T23:56:10Z,50.0,Versa 4
2026-05-17T23:57:10Z,91.0,Versa 4
2026-05-17T23:58:10Z,50.0,Versa 4
2026-05-17T23:59:10Z,93.3,Versa 4
2026-05-18T00:00:10Z,93.7,Versa 4
2026-05-18T00:01:10Z,94.7,Versa 4
2026-05-18T00:02:10Z,93.9,Versa 4
2026-05-18T00:03:10Z,92.9,Versa 4
2026-05-18T00:04:10Z,91.8,Versa 4
2026-05-18T00:05:10Z,50.0,Versa 4
2026-05-18T00:06:10Z,50.0,Versa 4
2026-05-18T00:07:10Z,50.0,Versa 4
2026-05-18T00:08:10Z,91.5,Versa 4
2026-05-18T00:09:10Z,50.0,Versa 4
2026-05-18T00:10:10Z,50.0,Versa 4
2026-05-18T00:11:10Z,87.2,Versa 4
2026-05-18T00:12:10Z,50.0,Versa 4
2026-05-18T00:13:10Z,50.0,Versa 4
2026-05-18T03:28:35Z,87.2,Versa 4
2026-05-18T03:29:35Z,87.5,Versa 4
2026-05-18T03:30:35Z,87.2,Versa 4
2026-05-18T03:31:35Z,87.9,Versa 4
2026-05-18T03:32:35Z,89.0,Versa 4
2026-05-18T03:33:35Z,88.0,Versa 4
2026-05-18T03:34:35Z,87.7,Versa 4
2026-05-18T03:35:35Z,88.3,Versa 4
2026-05-18T03:36:35Z,87.9,Versa 4
2026-05-18T03:37:35Z,87.8,Versa 4
2026-05-18T03:38:35Z,87.8,Versa 4
2026-05-18T03:39:35Z,88.0,Versa 4
2026-05-18T03:40:35Z,88.2,Versa 4
2026-05-18T03:41:35Z,88.3,Versa 4
2026-05-18T03:42:35Z,88.2,Versa 4
2026-05-18T03:43:35Z,50.0,Versa 4
2026-05-18T03:44:35Z,87.8,Versa 4
2026-05-18T03:45:35Z,86.6,Versa 4
2026-05-18T03:46:35Z,85.1,Versa 4
2026-05-18T03:47:35Z,84.0,Versa 4
2026-05-18T03:48:35Z,83.2,Versa 4
2026-05-18T03:49:35Z,82.8,Versa 4
2026-05-18T03:50:35Z,82.6,Versa 4
2026-05-18T03:51:35Z,82.6,Versa 4
2026-05-18T03:52:35Z,82.9,Versa 4
2026-05-18T03:53:35Z,50.0,Versa 4
2026-05-18T03:54:35Z,50.0,Versa 4
2026-05-18T03:55:35Z,84.5,Versa 4
2026-05-18T03:56:35Z,85.3,Versa 4
2026-05-18T03:57:35Z,86.0,Versa 4
2026-05-18T03:58:35Z,86.0,Versa 4
2026-05-18T03:59:35Z,86.5,Versa 4
2026-05-18T04:00:35Z,86.9,Versa 4
2026-05-18T04:01:35Z,86.9,Versa 4
2026-05-18T04:02:35Z,85.7,Versa 4
2026-05-18T04:03:35Z,86.3,Versa 4
2026-05-18T04:04:35Z,86.1,Versa 4
2026-05-18T04:05:35Z,86.4,Versa 4
2026-05-18T04:06:35Z,85.9,Versa 4
2026-05-18T04:07:35Z,85.9,Versa 4
2026-05-18T04:08:35Z,85.9,Versa 4
2026-05-18T04:09:35Z,85.8,Versa 4
2026-05-18T04:10:35Z,85.2,Versa 4
2026-05-18T04:11:35Z,50.0,Versa 4
2026-05-18T04:12:35Z,86.3,Versa 4
2026-05-18T04:13:35Z,87.8,Versa 4
2026-05-18T04:14:35Z,50.0,Versa 4
2026-05-18T04:15:35Z,87.3,Versa 4
2026-05-18T04:16:35Z,87.1,Versa 4
2026-05-18T04:17:35Z,87.1,Versa 4
2026-05-18T04:18:35Z,86.5,Versa 4
2026-05-18T04:19:35Z,86.3,Versa 4
2026-05-18T04:20:35Z,87.1,Versa 4
2026-05-18T04:21:35Z,87.0,Versa 4
2026-05-18T04:22:35Z,87.3,Versa 4
2026-05-18T04:23:35Z,89.0,Versa 4
2026-05-18T04:24:35Z,90.3,Versa 4
2026-05-18T04:25:35Z,50.0,Versa 4
2026-05-18T04:26:35Z,89.8,Versa 4
2026-05-18T04:27:35Z,86.7,Versa 4
2026-05-18T04:28:35Z,85.6,Versa 4
2026-05-18T04:29:35Z,85.7,Versa 4
2026-05-18T04:30:35Z,85.6,Versa 4
2026-05-18T04:31:35Z,86.8,Versa 4
2026-05-18T04:32:35Z,87.3,Versa 4
2026-05-18T04:33:35Z,87.9,Versa 4
2026-05-18T04:34:35Z,87.7,Versa 4
2026-05-18T04:35:35Z,50.0,Versa 4
2026-05-18T04:36:35Z,88.3,Versa 4
2026-05-18T04:37:35Z,90.6,Versa 4
2026-05-18T04:38:35Z,91.6,Versa 4
2026-05-18T04:39:35Z,91.7,Versa 4
2026-05-18T04:40:35Z,91.2,Versa 4
2026-05-18T04:41:35Z,91.4,Versa 4
2026-05-18T04:42:35Z,91.8,Versa 4
2026-05-18T04:43:35Z,92.3,Versa 4
2026-05-18T04:44:35Z,91.9,Versa 4
2026-05-18T04:45:35Z,90.9,Versa 4
2026-05-18T04:46:35Z,91.6,Versa 4
2026-05-18T04:47:35Z,92.1,Versa 4
2026-05-18T04:48:35Z,91.8,Versa 4
2026-05-18T04:49:35Z,91.7,Versa 4
2026-05-18T04:50:35Z,91.2,Versa 4
2026-05-18T04:51:35Z,92.6,Versa 4
2026-05-18T04:52:35Z,92.9,Versa 4
2026-05-18T04:53:35Z,92.8,Versa 4
2026-05-18T04:54:35Z,92.6,Versa 4
2026-05-18T04:55:35Z,92.7,Versa 4
2026-05-18T04:56:35Z,92.5,Versa 4
2026-05-18T04:57:35Z,92.1,Versa 4
2026-05-18T04:58:35Z,92.4,Versa 4
2026-05-18T04:59:35Z,92.2,Versa 4
2026-05-18T05:00:35Z,50.0,Versa 4
2026-05-18T05:01:35Z,91.3,Versa 4
2026-05-18T05:02:35Z,93.1,Versa 4
2026-05-18T05:03:35Z,94.2,Versa 4
2026-05-18T05:04:35Z,94.8,Versa 4
2026-05-18T05:05:35Z,95.3,Versa 4
2026-05-18T05:06:35Z,95.3,Versa 4
2026-05-18T05:07:35Z,95.1,Versa 4
2026-05-18T05:08:35Z,95.4,Versa 4
2026-05-18T05:09:35Z,95.5,Versa 4
2026-05-18T05:10:35Z,95.8,Versa 4
2026-05-18T05:11:35Z,95.8,Versa 4
2026-05-18T05:12:35Z,96.0,Versa 4
2026-05-18T05:13:35Z,96.4,Versa 4
2026-05-18T05:14:35Z,96.3,Versa 4
2026-05-18T05:15:35Z,50.0,Versa 4
2026-05-18T05:16:35Z,94.7,Versa 4
2026-05-18T05:17:35Z,50.0,Versa 4
2026-05-18T05:18:35Z,94.0,Versa 4
2026-05-18T05:19:35Z,50.0,Versa 4
2026-05-18T05:20:35Z,94.9,Versa 4
2026-05-18T05:21:35Z,95.5,Versa 4
2026-05-18T05:22:35Z,95.6,Versa 4
2026-05-18T05:23:35Z,95.6,Versa 4
2026-05-18T05:24:35Z,95.5,Versa 4
2026-05-18T05:25:35Z,95.3,Versa 4
2026-05-18T05:26:35Z,95.3,Versa 4
2026-05-18T05:27:35Z,95.1,Versa 4
2026-05-18T05:28:35Z,95.0,Versa 4
2026-05-18T05:29:35Z,94.9,Versa 4
2026-05-18T05:30:35Z,94.9,Versa 4
2026-05-18T05:31:35Z,95.3,Versa 4
2026-05-18T05:32:35Z,95.7,Versa 4
2026-05-18T05:33:35Z,95.6,Versa 4
2026-05-18T05:34:35Z,95.8,Versa 4
2026-05-18T05:35:35Z,95.6,Versa 4
2026-05-18T05:36:35Z,95.5,Versa 4
2026-05-18T05:37:35Z,95.8,Versa 4
2026-05-18T05:38:35Z,50.0,Versa 4
2026-05-18T05:39:35Z,94.1,Versa 4
2026-05-18T05:40:35Z,92.7,Versa 4
2026-05-18T05:41:35Z,91.7,Versa 4
2026-05-18T05:42:35Z,91.8,Versa 4
2026-05-18T05:43:35Z,50.0,Versa 4
2026-05-18T05:44:35Z,50.0,Versa 4
2026-05-18T05:45:35Z,89.9,Versa 4
2026-05-18T05:46:35Z,88.3,Versa 4
2026-05-18T05:47:35Z,86.8,Versa 4
2026-05-18T05:48:35Z,86.8,Versa 4
2026-05-18T05:49:35Z,86.5,Versa 4
2026-05-18T05:50:35Z,50.0,Versa 4
2026-05-18T05:51:35Z,85.1,Versa 4
2026-05-18T05:52:35Z,84.8,Versa 4
2026-05-18T05:53:35Z,84.3,Versa 4
2026-05-18T05:54:35Z,50.0,Versa 4
2026-05-18T05:55:35Z,83.0,Versa 4
2026-05-18T05:56:35Z,81.1,Versa 4
2026-05-18T05:57:35Z,80.4,Versa 4
2026-05-18T05:58:35Z,79.9,Versa 4
2026-05-18T05:59:35Z,79.9,Versa 4
2026-05-18T06:00:35Z,80.0,Versa 4
2026-05-18T06:01:35Z,81.5,Versa 4
2026-05-18T06:02:35Z,82.8,Versa 4
2026-05-18T06:03:35Z,83.2,Versa 4
2026-05-18T06:04:35Z,82.6,Versa 4
2026-05-18T06:05:35Z,83.4,Versa 4
2026-05-18T06:06:35Z,84.2,Versa 4
2026-05-18T06:07:35Z,84.2,Versa 4
2026-05-18T06:08:35Z,84.0,Versa 4
2026-05-18T06:09:35Z,84.1,Versa 4
2026-05-18T06:10:35Z,85.1,Versa 4
2026-05-18T06:11:35Z,84.8,Versa 4
2026-05-18T06:12:35Z,83.9,Versa 4
2026-05-18T06:13:35Z,84.1,Versa 4
2026-05-18T06:14:35Z,50.0,Versa 4
2026-05-18T06:15:35Z,84.3,Versa 4
2026-05-18T06:16:35Z,84.3,Versa 4
2026-05-18T06:17:35Z,85.8,Versa 4
2026-05-18T06:18:35Z,87.5,Versa 4
2026-05-18T06:19:35Z,87.8,Versa 4
2026-05-18T06:20:35Z,86.2,Versa 4
2026-05-18T06:21:35Z,84.8,Versa 4
2026-05-18T06:22:35Z,83.8,Versa 4
2026-05-18T06:23:35Z,83.5,Versa 4
2026-05-18T06:24:35Z,84.7,Versa 4
2026-05-18T06:25:35Z,50.0,Versa 4
2026-05-18T06:26:35Z,85.1,Versa 4
2026-05-18T06:27:35Z,84.8,Versa 4
2026-05-18T06:28:35Z,84.8,Versa 4
2026-05-18T06:29:35Z,86.7,Versa 4
2026-05-18T06:30:35Z,88.3,Versa 4
2026-05-18T06:31:35Z,50.0,Versa 4
2026-05-18T06:32:35Z,89.0,Versa 4
2026-05-18T06:33:35Z,89.2,Versa 4
2026-05-18T06:34:35Z,90.4,Versa 4
2026-05-18T06:35:35Z,91.2,Versa 4
2026-05-18T06:36:35Z,89.5,Versa 4
2026-05-18T06:37:35Z,89.1,Versa 4
2026-05-18T06:38:35Z,89.2,Versa 4
2026-05-18T06:39:35Z,50.0,Versa 4
2026-05-18T06:40:35Z,50.0,Versa 4
2026-05-18T06:41:35Z,91.4,Versa 4
2026-05-18T06:42:35Z,93.4,Versa 4
2026-05-18T06:43:35Z,95.1,Versa 4
2026-05-18T06:44:35Z,95.9,Versa 4
2026-05-18T06:45:35Z,97.0,Versa 4
2026-05-18T06:46:35Z,97.7,Versa 4
2026-05-18T06:47:35Z,97.5,Versa 4
2026-05-18T06:48:35Z,97.7,Versa 4
2026-05-18T06:49:35Z,97.3,Versa 4
2026-05-18T06:50:35Z,97.6,Versa 4
2026-05-18T06:51:35Z,97.3,Versa 4
2026-05-18T06:52:35Z,97.3,Versa 4
2026-05-18T06:53:35Z,97.1,Versa 4
2026-05-18T06:54:35Z,96.3,Versa 4
2026-05-18T06:55:35Z,95.6,Versa 4
2026-05-18T06:56:35Z,94.6,Versa 4
2026-05-18T06:57:35Z,92.2,Versa 4
2026-05-18T06:58:35Z,91.3,Versa 4
2026-05-18T06:59:35Z,50.0,Versa 4
2026-05-18T07:00:35Z,89.8,Versa 4
2026-05-18T07:01:35Z,89.5,Versa 4
2026-05-18T07:02:35Z,90.0,Versa 4
2026-05-18T07:03:35Z,89.5,Versa 4
2026-05-18T07:04:35Z,50.0,Versa 4
2026-05-18T07:05:35Z,50.0,Versa 4
2026-05-18T07:06:35Z,93.0,Versa 4
2026-05-18T07:07:35Z,50.0,Versa 4
2026-05-18T07:08:35Z,93.8,Versa 4
2026-05-18T07:09:35Z,95.0,Versa 4
2026-05-18T07:10:35Z,95.8,Versa 4
2026-05-18T07:11:35Z,96.8,Versa 4
2026-05-18T07:12:35Z,96.6,Versa 4
2026-05-18T07:13:35Z,97.0,Versa 4
2026-05-18T07:14:35Z,96.8,Versa 4
2026-05-18T07:15:35Z,96.7,Versa 4
2026-05-18T07:16:35Z,96.0,Versa 4
2026-05-18T07:17:35Z,96.7,Versa 4
2026-05-18T07:18:35Z,97.7,Versa 4
2026-05-18T07:19:35Z,97.6,Versa 4
2026-05-18T07:20:35Z,97.9,Versa 4
2026-05-18T07:21:35Z,97.2,Versa 4
2026-05-18T07:22:35Z,97.0,Versa 4
2026-05-18T07:23:35Z,97.2,Versa 4
2026-05-18T07:24:35Z,50.0,Versa 4
2026-05-18T07:25:35Z,50.0,Versa 4
2026-05-18T07:26:35Z,50.0,Versa 4
2026-05-18T07:27:35Z,90.7,Versa 4
2026-05-18T07:28:35Z,89.8,Versa 4
2026-05-18T07:29:35Z,50.0,Versa 4
2026-05-18T07:30:35Z,88.6,Versa 4
2026-05-18T07:31:35Z,50.0,Versa 4
2026-05-18T07:32:35Z,88.7,Versa 4
2026-05-18T07:33:35Z,84.5,Versa 4
2026-05-18T07:34:35Z,80.1,Versa 4
2026-05-18T07:35:35Z,78.0,Versa 4
2026-05-18T07:36:35Z,78.2,Versa 4
2026-05-18T07:37:35Z,77.6,Versa 4
2026-05-18T07:38:35Z,78.2,Versa 4
2026-05-18T07:39:35Z,78.2,Versa 4
2026-05-18T07:40:35Z,78.6,Versa 4
2026-05-18T07:41:35Z,79.1,Versa 4
2026-05-18T07:42:35Z,79.9,Versa 4
2026-05-18T07:43:35Z,80.5,Versa 4
2026-05-18T07:44:35Z,50.0,Versa 4
2026-05-18T07:45:35Z,82.0,Versa 4
2026-05-18T07:46:35Z,82.7,Versa 4
2026-05-18T07:47:35Z,83.0,Versa 4
2026-05-18T07:48:35Z,83.1,Versa 4
2026-05-18T07:49:35Z,82.9,Versa 4
2026-05-18T07:50:35Z,82.7,Versa 4
2026-05-18T07:51:35Z,84.7,Versa 4
2026-05-18T07:52:35Z,89.0,Versa 4
2026-05-18T07:53:35Z,91.7,Versa 4
2026-05-18T07:54:35Z,93.5,Versa 4
2026-05-18T07:55:35Z,94.6,Versa 4
2026-05-18T07:56:35Z,95.1,Versa 4
2026-05-18T07:57:35Z,94.9,Versa 4
2026-05-18T07:58:35Z,95.0,Versa 4
2026-05-18T07:59:35Z,95.2,Versa 4
2026-05-18T08:00:35Z,95.2,Versa 4
2026-05-18T08:01:35Z,95.4,Versa 4
2026-05-18T08:02:35Z,50.0,Versa 4
2026-05-18T08:03:35Z,50.0,Versa 4
2026-05-18T08:04:35Z,95.4,Versa 4
2026-05-18T08:05:35Z,95.2,Versa 4
2026-05-18T08:06:35Z,95.2,Versa 4
2026-05-18T08:07:35Z,95.1,Versa 4
2026-05-18T08:08:35Z,95.1,Versa 4
2026-05-18T08:09:35Z,95.0,Versa 4
2026-05-18T08:10:35Z,95.1,Versa 4
2026-05-18T08:11:35Z,50.0,Versa 4
2026-05-18T08:12:35Z,94.9,Versa 4
2026-05-18T08:13:35Z,95.0,Versa 4
2026-05-18T08:14:35Z,95.1,Versa 4
2026-05-18T08:15:35Z,95.1,Versa 4
2026-05-18T08:16:35Z,95.0,Versa 4
2026-05-18T08:17:35Z,95.1,Versa 4
2026-05-18T08:18:35Z,95.1,Versa 4
2026-05-18T08:19:35Z,95.2,Versa 4
2026-05-18T08:20:35Z,95.3,Versa 4
2026-05-18T08:21:35Z,95.4,Versa 4
2026-05-18T08:22:35Z,95.4,Versa 4
2026-05-18T08:23:35Z,95.6,Versa 4
2026-05-18T08:24:35Z,95.7,Versa 4
2026-05-18T08:25:35Z,95.8,Versa 4
2026-05-18T08:26:35Z,95.9,Versa 4
2026-05-18T08:27:35Z,96.2,Versa 4
2026-05-18T08:28:35Z,96.1,Versa 4
2026-05-18T08:29:35Z,50.0,Versa 4
2026-05-18T08:30:35Z,96.0,Versa 4
2026-05-18T08:31:35Z,50.0,Versa 4
2026-05-18T08:32:35Z,96.0,Versa 4
2026-05-18T08:33:35Z,50.0,Versa 4
2026-05-18T08:34:35Z,50.0,Versa 4
2026-05-18T08:35:35Z,94.6,Versa 4
2026-05-18T08:36:35Z,94.8,Versa 4
2026-05-18T08:37:35Z,94.9,Versa 4
2026-05-18T08:38:35Z,94.9,Versa 4
2026-05-18T08:39:35Z,50.0,Versa 4
2026-05-18T08:40:35Z,95.3,Versa 4
2026-05-18T08:41:35Z,50.0,Versa 4
2026-05-18T08:42:35Z,95.2,Versa 4
2026-05-18T08:43:35Z,95.8,Versa 4
2026-05-18T08:44:35Z,96.0,Versa 4
2026-05-18T08:45:35Z,96.1,Versa 4
2026-05-18T08:46:35Z,96.0,Versa 4
2026-05-18T08:47:35Z,96.0,Versa 4
2026-05-18T08:48:35Z,96.4,Versa 4
2026-05-18T08:49:35Z,96.0,Versa 4
2026-05-18T08:50:35Z,50.0,Versa 4
2026-05-18T08:51:35Z,94.9,Versa 4
2026-05-18T08:52:35Z,50.0,Versa 4
2026-05-18T08:53:35Z,93.2,Versa 4
2026-05-18T08:54:35Z,91.8,Versa 4
2026-05-18T08:55:35Z,90.5,Versa 4
2026-05-18T08:56:35Z,88.8,Versa 4
2026-05-18T08:57:35Z,88.7,Versa 4
2026-05-18T08:58:35Z,50.0,Versa 4
2026-05-18T08:59:35Z,50.0,Versa 4
2026-05-18T09:00:35Z,90.7,Versa 4
2026-05-18T09:01:35Z,93.6,Versa 4
2026-05-18T09:02:35Z,95.3,Versa 4
2026-05-18T09:03:35Z,96.2,Versa 4
2026-05-18T09:04:35Z,50.0,Versa 4
2026-05-18T09:05:35Z,50.0,Versa 4
2026-05-18T09:06:35Z,96.0,Versa 4
2026-05-18T09:07:35Z,95.7,Versa 4
2026-05-18T09:08:35Z,95.8,Versa 4
2026-05-18T09:09:35Z,50.0,Versa 4
2026-05-18T09:10:35Z,95.1,Versa 4
2026-05-18T09:11:35Z,95.0,Versa 4
2026-05-18T09:12:35Z,95.1,Versa 4
2026-05-18T09:13:35Z,94.6,Versa 4
2026-05-18T09:14:35Z,50.0,Versa 4
2026-05-18T09:15:35Z,50.0,Versa 4
2026-05-18T09:16:35Z,94.4,Versa 4
2026-05-18T09:17:35Z,50.0,Versa 4
2026-05-18T09:18:35Z,50.0,Versa 4
2026-05-18T09:19:35Z,93.3,Versa 4
2026-05-18T09:20:35Z,91.0,Versa 4
2026-05-18T09:21:35Z,50.0,Versa 4
2026-05-18T09:22:35Z,50.0,Versa 4
2026-05-18T09:23:35Z,50.0,Versa 4
2026-05-18T09:24:35Z,50.0,Versa 4
2026-05-18T09:25:35Z,50.0,Versa 4
2026-05-18T09:26:35Z,50.0,Versa 4
2026-05-18T09:27:35Z,50.0,Versa 4
2026-05-18T09:28:35Z,50.0,Versa 4
2026-05-18T09:29:35Z,50.0,Versa 4
2026-05-18T09:30:35Z,89.1,Versa 4
2026-05-18T09:31:35Z,50.0,Versa 4
2026-05-18T14:59:36Z,50.0,Versa 4
2026-05-18T15:00:36Z,99.8,Versa 4
2026-05-18T15:01:36Z,99.2,Versa 4
2026-05-18T15:02:36Z,98.6,Versa 4
2026-05-18T15:03:36Z,50.0,Versa 4
2026-05-18T15:04:36Z,98.0,Versa 4
2026-05-18T15:05:36Z,97.7,Versa 4
2026-05-18T15:06:36Z,97.4,Versa 4
2026-05-18T15:07:36Z,97.1,Versa 4
2026-05-18T15:08:36Z,97.1,Versa 4
2026-05-18T15:09:36Z,96.9,Versa 4
2026-05-18T15:10:36Z,96.9,Versa 4
2026-05-18T15:11:36Z,97.0,Versa 4
2026-05-18T15:12:36Z,97.0,Versa 4
2026-05-18T15:13:36Z,50.0,Versa 4
2026-05-18T15:14:36Z,97.0,Versa 4
2026-05-18T15:15:36Z,96.9,Versa 4
2026-05-18T15:16:36Z,96.9,Versa 4
2026-05-18T15:17:36Z,96.8,Versa 4
2026-05-18T15:18:36Z,96.7,Versa 4
2026-05-18T15:19:36Z,96.7,Versa 4
2026-05-18T15:20:36Z,96.6,Versa 4
2026-05-18T15:21:36Z,96.6,Versa 4
2026-05-18T15:22:36Z,96.6,Versa 4
2026-05-18T15:23:36Z,96.4,Versa 4
2026-05-18T15:24:36Z,50.0,Versa 4
2026-05-18T15:25:36Z,96.3,Versa 4
2026-05-18T15:26:36Z,96.3,Versa 4
2026-05-18T15:27:36Z,96.2,Versa 4
2026-05-18T15:28:36Z,96.1,Versa 4
2026-05-18T15:29:36Z,96.1,Versa 4
2026-05-18T15:30:36Z,96.1,Versa 4
2026-05-18T15:31:36Z,96.0,Versa 4
2026-05-18T15:32:36Z,96.0,Versa 4
2026-05-18T15:33:36Z,96.0,Versa 4
2026-05-18T15:34:36Z,96.0,Versa 4
2026-05-18T15:35:36Z,96.1,Versa 4
2026-05-18T15:36:36Z,95.9,Versa 4
2026-05-18T15:37:36Z,95.9,Versa 4
2026-05-18T15:38:36Z,50.0,Versa 4
2026-05-18T15:39:36Z,95.3,Versa 4
2026-05-18T15:40:36Z,50.0,Versa 4
2026-05-18T15:41:36Z,50.0,Versa 4
2026-05-18T15:42:36Z,50.0,Versa 4
2026-05-18T15:43:36Z,95.0,Versa 4
2026-05-18T15:44:36Z,96.0,Versa 4
2026-05-18T15:45:36Z,95.2,Versa 4
2026-05-18T15:46:36Z,94.0,Versa 4
2026-05-18T15:47:36Z,91.1,Versa 4
2026-05-18T15:48:36Z,87.9,Versa 4
2026-05-18T15:49:36Z,84.5,Versa 4
2026-05-18T15:50:36Z,82.7,Versa 4
2026-05-18T15:51:36Z,82.2,Versa 4
2026-05-18T15:52:36Z,81.4,Versa 4
2026-05-18T15:53:36Z,80.2,Versa 4
2026-05-18T15:54:36Z,50.0,Versa 4
2026-05-18T15:55:36Z,82.8,Versa 4
2026-05-18T15:56:36Z,89.0,Versa 4
2026-05-18T15:57:36Z,93.0,Versa 4
2026-05-18T15:58:36Z,95.2,Versa 4
2026-05-18T15:59:36Z,96.8,Versa 4
2026-05-18T16:00:36Z,97.6,Versa 4
2026-05-18T16:01:36Z,98.1,Versa 4
2026-05-18T16:02:36Z,98.3,Versa 4
2026-05-18T16:03:36Z,50.0,Versa 4
2026-05-18T16:04:36Z,97.8,Versa 4
2026-05-18T16:05:36Z,96.8,Versa 4
2026-05-18T16:06:36Z,96.2,Versa 4
2026-05-18T16:07:36Z,95.8,Versa 4
2026-05-18T16:08:36Z,95.2,Versa 4
2026-05-18T16:09:36Z,95.0,Versa 4
2026-05-18T16:10:36Z,94.8,Versa 4
2026-05-18T16:11:36Z,94.7,Versa 4
2026-05-18T16:12:36Z,94.8,Versa 4
2026-05-18T16:13:36Z,94.7,Versa 4
2026-05-18T16:14:36Z,94.5,Versa 4
2026-05-18T16:15:36Z,94.5,Versa 4
2026-05-18T16:16:36Z,94.5,Versa 4
2026-05-18T16:17:36Z,94.5,Versa 4
2026-05-18T16:18:36Z,94.4,Versa 4
2026-05-18T16:19:36Z,94.4,Versa 4
2026-05-18T16:20:36Z,94.4,Versa 4
2026-05-18T16:21:36Z,94.3,Versa 4
2026-05-18T16:22:36Z,94.4,Versa 4
2026-05-18T16:23:36Z,94.4,Versa 4
2026-05-18T16:24:36Z,94.5,Versa 4
2026-05-18T16:25:36Z,94.5,Versa 4
2026-05-18T16:26:36Z,94.5,Versa 4
2026-05-18T16:27:36Z,94.5,Versa 4
2026-05-18T16:28:36Z,94.5,Versa 4
2026-05-18T16:29:36Z,94.5,Versa 4
2026-05-18T16:30:36Z,94.4,Versa 4
2026-05-18T16:31:36Z,50.0,Versa 4
2026-05-18T16:32:36Z,50.0,Versa 4
2026-05-18T16:33:36Z,92.6,Versa 4
2026-05-18T16:34:36Z,94.0,Versa 4
2026-05-18T16:35:36Z,95.2,Versa 4
2026-05-18T16:36:36Z,50.0,Versa 4
2026-05-18T16:37:36Z,96.2,Versa 4
2026-05-18T16:38:36Z,96.8,Versa 4
2026-05-18T16:39:36Z,97.6,Versa 4
2026-05-18T16:40:36Z,97.8,Versa 4
2026-05-18T16:41:36Z,97.9,Versa 4
2026-05-18T16:42:36Z,98.0,Versa 4
2026-05-18T16:43:36Z,98.1,Versa 4
2026-05-18T16:44:36Z,98.3,Versa 4
2026-05-18T16:45:36Z,98.5,Versa 4
2026-05-18T16:46:36Z,50.0,Versa 4
2026-05-18T16:47:36Z,97.8,Versa 4
2026-05-18T16:48:36Z,96.6,Versa 4
2026-05-18T16:49:36Z,95.9,Versa 4
2026-05-18T16:50:36Z,95.5,Versa 4
2026-05-18T16:51:36Z,95.4,Versa 4
2026-05-18T16:52:36Z,95.3,Versa 4
2026-05-18T16:53:36Z,95.3,Versa 4
2026-05-18T16:54:36Z,95.4,Versa 4
2026-05-18T16:55:36Z,95.4,Versa 4
2026-05-18T16:56:36Z,50.0,Versa 4
2026-05-18T16:57:36Z,95.4,Versa 4
2026-05-18T16:58:36Z,95.3,Versa 4
2026-05-18T16:59:36Z,95.3,Versa 4
2026-05-18T17:00:36Z,95.3,Versa 4
2026-05-18T17:01:36Z,50.0,Versa 4
2026-05-18T17:02:36Z,95.3,Versa 4
2026-05-18T17:03:36Z,96.0,Versa 4
2026-05-18T17:04:36Z,96.3,Versa 4
2026-05-18T17:05:36Z,96.5,Versa 4
2026-05-18T17:06:36Z,96.6,Versa 4
2026-05-18T17:07:36Z,96.7,Versa 4
2026-05-18T17:08:36Z,50.0,Versa 4
2026-05-18T17:09:36Z,96.6,Versa 4
2026-05-18T17:10:36Z,96.7,Versa 4
2026-05-18T17:11:36Z,96.7,Versa 4
2026-05-18T17:12:36Z,96.7,Versa 4
2026-05-18T17:13:36Z,97.0,Versa 4
2026-05-18T17:14:36Z,97.2,Versa 4
2026-05-18T17:15:36Z,97.2,Versa 4
2026-05-18T17:16:36Z,97.2,Versa 4
2026-05-18T17:17:36Z,97.1,Versa 4
2026-05-18T17:18:36Z,97.3,Versa 4
2026-05-18T17:19:36Z,97.3,Versa 4
2026-05-18T17:20:36Z,97.3,Versa 4
2026-05-18T17:21:36Z,97.3,Versa 4
2026-05-18T17:22:36Z,96.9,Versa 4
2026-05-18T17:23:36Z,50.0,Versa 4
2026-05-18T17:24:36Z,50.0,Versa 4
2026-05-18T17:25:36Z,96.3,Versa 4
2026-05-18T17:26:36Z,96.6,Versa 4
2026-05-18T17:27:36Z,96.6,Versa 4
2026-05-18T17:28:36Z,96.3,Versa 4
2026-05-18T17:29:36Z,50.0,Versa 4
2026-05-18T17:30:36Z,91.4,Versa 4
2026-05-18T17:31:36Z,91.8,Versa 4
2026-05-18T17:32:36Z,50.0,Versa 4
2026-05-18T17:33:36Z,50.0,Versa 4
2026-05-18T17:34:36Z,50.0,Versa 4
2026-05-18T17:35:36Z,50.0,Versa 4
2026-05-18T17:36:36Z,50.0,Versa 4
2026-05-18T17:37:36Z,93.4,Versa 4
2026-05-18T17:38:36Z,50.0,Versa 4
2026-05-18T17:39:36Z,94.6,Versa 4
2026-05-18T17:40:36Z,50.0,Versa 4
2026-05-18T17:41:36Z,96.0,Versa 4
2026-05-18T17:42:36Z,97.9,Versa 4
2026-05-18T17:43:36Z,50.0,Versa 4
2026-05-18T17:44:36Z,50.0,Versa 4
2026-05-18T17:45:36Z,50.0,Versa 4
2026-05-18T17:46:36Z,97.7,Versa 4
2026-05-18T17:47:36Z,50.0,Versa 4
2026-05-18T17:48:36Z,98.0,Versa 4
2026-05-18T17:49:36Z,50.0,Versa 4
2026-05-18T17:50:36Z,50.0,Versa 4
2026-05-18T17:51:36Z,50.0,Versa 4
2026-05-18T17:52:36Z,97.4,Versa 4
2026-05-18T17:53:36Z,50.0,Versa 4
2026-05-18T17:54:36Z,50.0,Versa 4
2026-05-18T17:55:36Z,50.0,Versa 4
2026-05-18T17:56:36Z,50.0,Versa 4
2026-05-18T17:57:36Z,50.0,Versa 4
2026-05-18T17:58:36Z,50.0,Versa 4
2026-05-18T17:59:36Z,50.0,Versa 4
2026-05-18T18:00:36Z,50.0,Versa 4
2026-05-18T18:01:36Z,50.0,Versa 4
2026-05-18T18:02:36Z,50.0,Versa 4
2026-05-18T18:03:36Z,50.0,Versa 4
2026-05-18T18:04:36Z,50.0,Versa 4
2026-05-18T18:05:36Z,50.0,Versa 4
2026-05-18T18:06:36Z,96.9,Versa 4
2026-05-18T18:07:36Z,50.0,Versa 4
2026-05-18T18:08:36Z,96.3,Versa 4
2026-05-18T18:09:36Z,96.6,Versa 4
2026-05-18T18:10:36Z,96.3,Versa 4
2026-05-18T22:55:04Z,50.0,Versa 4
2026-05-18T22:56:04Z,50.0,Versa 4
2026-05-18T22:57:04Z,50.0,Versa 4
2026-05-18T22:58:04Z,89.4,Versa 4
2026-05-18T22:59:04Z,50.0,Versa 4
2026-05-19T04:07:36Z,88.1,Versa 4
2026-05-19T04:08:36Z,91.7,Versa 4
2026-05-19T04:09:36Z,50.0,Versa 4
2026-05-19T04:10:36Z,94.1,Versa 4
2026-05-19T04:11:36Z,95.5,Versa 4
2026-05-19T04:12:36Z,96.2,Versa 4
2026-05-19T04:13:36Z,96.7,Versa 4
2026-05-19T04:14:36Z,97.0,Versa 4
2026-05-19T04:15:36Z,97.2,Versa 4
2026-05-19T04:16:36Z,97.3,Versa 4
2026-05-19T04:17:36Z,97.5,Versa 4
2026-05-19T04:18:36Z,97.7,Versa 4
2026-05-19T04:19:36Z,97.7,Versa 4
2026-05-19T04:20:36Z,97.6,Versa 4
2026-05-19T04:21:36Z,97.8,Versa 4
2026-05-19T04:22:36Z,97.6,Versa 4
2026-05-19T04:23:36Z,97.7,Versa 4
2026-05-19T04:24:36Z,97.8,Versa 4
2026-05-19T04:25:36Z,97.7,Versa 4
2026-05-19T04:26:36Z,97.9,Versa 4
2026-05-19T04:27:36Z,98.1,Versa 4
2026-05-19T04:28:36Z,98.1,Versa 4
2026-05-19T04:29:36Z,98.2,Versa 4
2026-05-19T04:30:36Z,98.3,Versa 4
2026-05-19T04:31:36Z,98.3,Versa 4
2026-05-19T04:32:36Z,98.4,Versa 4
2026-05-19T04:33:36Z,98.4,Versa 4
2026-05-19T04:34:36Z,98.4,Versa 4
2026-05-19T04:35:36Z,98.4,Versa 4
2026-05-19T04:36:36Z,98.4,Versa 4
2026-05-19T04:37:36Z,50.0,Versa 4
2026-05-19T04:38:36Z,50.0,Versa 4
2026-05-19T04:39:36Z,50.0,Versa 4
2026-05-19T04:40:36Z,50.0,Versa 4
2026-05-19T04:41:36Z,98.1,Versa 4
2026-05-19T04:42:36Z,98.7,Versa 4
2026-05-19T04:43:36Z,98.7,Versa 4
2026-05-19T04:44:36Z,98.7,Versa 4
2026-05-19T04:45:36Z,98.6,Versa 4
2026-05-19T04:46:36Z,98.7,Versa 4
2026-05-19T04:47:36Z,98.8,Versa 4
2026-05-19T04:48:36Z,50.0,Versa 4
2026-05-19T04:49:36Z,97.9,Versa 4
2026-05-19T04:50:36Z,97.0,Versa 4
2026-05-19T04:51:36Z,96.5,Versa 4
2026-05-19T04:52:36Z,96.1,Versa 4
2026-05-19T04:53:36Z,95.8,Versa 4
2026-05-19T04:54:36Z,95.3,Versa 4
2026-05-19T04:55:36Z,95.1,Versa 4
2026-05-19T04:56:36Z,94.9,Versa 4
2026-05-19T04:57:36Z,94.8,Versa 4
2026-05-19T04:58:36Z,94.9,Versa 4
2026-05-19T04:59:36Z,94.9,Versa 4
2026-05-19T05:00:36Z,94.7,Versa 4
2026-05-19T05:01:36Z,94.7,Versa 4
2026-05-19T05:02:36Z,94.8,Versa 4
2026-05-19T05:03:36Z,94.8,Versa 4
2026-05-19T05:04:36Z,94.8,Versa 4
2026-05-19T05:05:36Z,94.9,Versa 4
2026-05-19T05:06:36Z,50.0,Versa 4
2026-05-19T05:07:36Z,95.2,Versa 4
2026-05-19T05:08:36Z,95.6,Versa 4
2026-05-19T05:09:36Z,95.7,Versa 4
2026-05-19T05:10:36Z,95.8,Versa 4
2026-05-19T05:11:36Z,96.0,Versa 4
2026-05-19T05:12:36Z,95.7,Versa 4
2026-05-19T05:13:36Z,96.1,Versa 4
2026-05-19T05:14:36Z,96.3,Versa 4
2026-05-19T05:15:36Z,96.4,Versa 4
2026-05-19T05:16:36Z,96.3,Versa 4
2026-05-19T05:17:36Z,96.3,Versa 4
2026-05-19T05:18:36Z,50.0,Versa 4
2026-05-19T05:19:36Z,96.4,Versa 4
2026-05-19T05:20:36Z,96.5,Versa 4
2026-05-19T05:21:36Z,96.5,Versa 4
2026-05-19T05:22:36Z,96.7,Versa 4
2026-05-19T05:23:36Z,96.8,Versa 4
2026-05-19T05:24:36Z,97.0,Versa 4
2026-05-19T05:25:36Z,97.3,Versa 4
2026-05-19T05:26:36Z,97.2,Versa 4
2026-05-19T05:27:36Z,97.3,Versa 4
2026-05-19T05:28:36Z,97.5,Versa 4
2026-05-19T05:29:36Z,97.8,Versa 4
2026-05-19T05:30:36Z,97.7,Versa 4
2026-05-19T05:31:36Z,98.0,Versa 4
2026-05-19T05:32:36Z,98.1,Versa 4
2026-05-19T05:33:36Z,98.1,Versa 4
2026-05-19T05:34:36Z,50.0,Versa 4
2026-05-19T05:35:36Z,96.3,Versa 4
2026-05-19T05:36:36Z,94.9,Versa 4
2026-05-19T05:37:36Z,94.1,Versa 4
2026-05-19T05:38:36Z,93.7,Versa 4
2026-05-19T05:39:36Z,93.4,Versa 4
2026-05-19T05:40:36Z,93.2,Versa 4
2026-05-19T05:41:36Z,93.2,Versa 4
2026-05-19T05:42:36Z,93.3,Versa 4
2026-05-19T05:43:36Z,93.5,Versa 4
2026-05-19T05:44:36Z,93.6,Versa 4
2026-05-19T05:45:36Z,93.6,Versa 4
2026-05-19T05:46:36Z,93.5,Versa 4
2026-05-19T05:47:36Z,93.6,Versa 4
2026-05-19T05:48:36Z,93.4,Versa 4
2026-05-19T05:49:36Z,93.1,Versa 4
2026-05-19T05:50:36Z,93.0,Versa 4
2026-05-19T05:51:36Z,92.9,Versa 4
2026-05-19T05:52:36Z,92.9,Versa 4
2026-05-19T05:53:36Z,92.9,Versa 4
2026-05-19T05:54:36Z,93.0,Versa 4
2026-05-19T05:55:36Z,50.0,Versa 4
2026-05-19T05:56:36Z,92.9,Versa 4
2026-05-19T05:57:36Z,92.9,Versa 4
2026-05-19T05:58:36Z,93.0,Versa 4
2026-05-19T05:59:36Z,93.1,Versa 4
2026-05-19T06:00:36Z,93.2,Versa 4
2026-05-19T06:01:36Z,93.1,Versa 4
2026-05-19T06:02:36Z,93.2,Versa 4
2026-05-19T06:03:36Z,93.2,Versa 4
2026-05-19T06:04:36Z,93.2,Versa 4
2026-05-19T06:05:36Z,93.3,Versa 4
2026-05-19T06:06:36Z,93.4,Versa 4
2026-05-19T06:07:36Z,93.4,Versa 4
2026-05-19T06:08:36Z,93.4,Versa 4
2026-05-19T06:09:36Z,93.4,Versa 4
2026-05-19T06:10:36Z,93.4,Versa 4
2026-05-19T06:11:36Z,93.4,Versa 4
2026-05-19T06:12:36Z,93.4,Versa 4
2026-05-19T06:13:36Z,93.5,Versa 4
2026-05-19T06:14:36Z,93.5,Versa 4
2026-05-19T06:15:36Z,93.5,Versa 4
2026-05-19T06:16:36Z,93.5,Versa 4
2026-05-19T06:17:36Z,93.5,Versa 4
2026-05-19T06:18:36Z,93.5,Versa 4
2026-05-19T06:19:36Z,93.6,Versa 4
2026-05-19T06:20:36Z,93.6,Versa 4
2026-05-19T06:21:36Z,93.6,Versa 4
2026-05-19T06:22:36Z,93.6,Versa 4
2026-05-19T06:23:36Z,50.0,Versa 4
2026-05-19T06:24:36Z,93.8,Versa 4
2026-05-19T06:25:36Z,94.1,Versa 4
2026-05-19T06:26:36Z,94.5,Versa 4
2026-05-19T06:27:36Z,94.9,Versa 4
2026-05-19T06:28:36Z,95.2,Versa 4
2026-05-19T06:29:36Z,95.3,Versa 4
2026-05-19T06:30:36Z,95.5,Versa 4
2026-05-19T06:31:36Z,95.6,Versa 4
2026-05-19T06:32:36Z,95.8,Versa 4
2026-05-19T06:33:36Z,95.9,Versa 4
2026-05-19T06:34:36Z,95.9,Versa 4
2026-05-19T06:35:36Z,95.9,Versa 4
2026-05-19T06:36:36Z,95.9,Versa 4
2026-05-19T06:37:36Z,95.9,Versa 4
2026-05-19T06:38:36Z,95.9,Versa 4
2026-05-19T06:39:36Z,96.0,Versa 4
2026-05-19T06:40:36Z,95.9,Versa 4
2026-05-19T06:41:36Z,95.9,Versa 4
2026-05-19T06:42:36Z,95.9,Versa 4
2026-05-19T06:43:36Z,95.8,Versa 4
2026-05-19T06:44:36Z,50.0,Versa 4
2026-05-19T06:45:36Z,95.0,Versa 4
2026-05-19T06:46:36Z,95.1,Versa 4
2026-05-19T06:47:36Z,95.7,Versa 4
2026-05-19T06:48:36Z,96.0,Versa 4
2026-05-19T06:49:36Z,95.8,Versa 4
2026-05-19T06:50:36Z,95.4,Versa 4
2026-05-19T06:51:36Z,95.3,Versa 4
2026-05-19T06:52:36Z,50.0,Versa 4
2026-05-19T06:53:36Z,50.0,Versa 4
2026-05-19T06:54:36Z,95.1,Versa 4
2026-05-19T06:55:36Z,50.0,Versa 4
2026-05-19T06:56:36Z,95.9,Versa 4
2026-05-19T06:57:36Z,50.0,Versa 4
2026-05-19T06:58:36Z,96.5,Versa 4
2026-05-19T06:59:36Z,96.8,Versa 4
2026-05-19T07:00:36Z,50.0,Versa 4
2026-05-19T07:01:36Z,97.0,Versa 4
2026-05-19T07:02:36Z,97.1,Versa 4
2026-05-19T07:03:36Z,97.1,Versa 4
2026-05-19T07:04:36Z,97.1,Versa 4
2026-05-19T07:05:36Z,97.1,Versa 4
2026-05-19T07:06:36Z,97.1,Versa 4
2026-05-19T07:07:36Z,97.2,Versa 4
2026-05-19T07:08:36Z,97.2,Versa 4
2026-05-19T07:09:36Z,50.0,Versa 4
2026-05-19T07:10:36Z,96.3,Versa 4
2026-05-19T07:11:36Z,50.0,Versa 4
2026-05-19T07:12:36Z,50.0,Versa 4
2026-05-19T07:13:36Z,94.2,Versa 4
2026-05-19T07:14:36Z,93.4,Versa 4
2026-05-19T07:15:36Z,91.9,Versa 4
2026-05-19T07:16:36Z,90.5,Versa 4
2026-05-19T07:17:36Z,86.6,Versa 4
2026-05-19T07:18:36Z,50.0,Versa 4
2026-05-19T07:19:36Z,83.8,Versa 4
2026-05-19T07:20:36Z,82.4,Versa 4
2026-05-19T07:21:36Z,82.1,Versa 4
2026-05-19T07:22:36Z,81.6,Versa 4
2026-05-19T07:23:36Z,81.1,Versa 4
2026-05-19T07:24:36Z,80.9,Versa 4
2026-05-19T07:25:36Z,80.7,Versa 4
2026-05-19T07:26:36Z,81.1,Versa 4
2026-05-19T07:27:36Z,81.0,Versa 4
2026-05-19T07:28:36Z,81.5,Versa 4
2026-05-19T07:29:36Z,82.1,Versa 4
2026-05-19T07:30:36Z,82.4,Versa 4
2026-05-19T07:31:36Z,82.6,Versa 4
2026-05-19T07:32:36Z,82.4,Versa 4
2026-05-19T07:33:36Z,82.1,Versa 4
2026-05-19T07:34:36Z,81.6,Versa 4
2026-05-19T07:35:36Z,81.4,Versa 4
2026-05-19T07:36:36Z,50.0,Versa 4
2026-05-19T07:37:36Z,50.0,Versa 4
2026-05-19T07:38:36Z,50.0,Versa 4
2026-05-19T07:39:36Z,84.7,Versa 4
2026-05-19T07:40:36Z,88.6,Versa 4
2026-05-19T07:41:36Z,50.0,Versa 4
2026-05-19T07:42:36Z,91.7,Versa 4
2026-05-19T07:43:36Z,94.5,Versa 4
2026-05-19T07:44:36Z,96.3,Versa 4
2026-05-19T07:45:36Z,97.3,Versa 4
2026-05-19T07:46:36Z,98.1,Versa 4
2026-05-19T07:47:36Z,98.6,Versa 4
2026-05-19T07:48:36Z,98.8,Versa 4
2026-05-19T07:49:36Z,99.0,Versa 4
2026-05-19T07:50:36Z,99.1,Versa 4
2026-05-19T07:51:36Z,99.2,Versa 4
2026-05-19T07:52:36Z,50.0,Versa 4
2026-05-19T07:53:36Z,50.0,Versa 4
2026-05-19T07:54:36Z,99.1,Versa 4
2026-05-19T07:55:36Z,50.0,Versa 4
2026-05-19T07:56:36Z,50.0,Versa 4
2026-05-19T07:57:36Z,50.0,Versa 4
2026-05-19T07:58:36Z,98.8,Versa 4
2026-05-19T07:59:36Z,98.7,Versa 4
2026-05-19T08:00:36Z,50.0,Versa 4
2026-05-19T08:01:36Z,50.0,Versa 4
2026-05-19T08:02:36Z,50.0,Versa 4
2026-05-19T08:03:36Z,98.3,Versa 4
2026-05-19T08:04:36Z,98.0,Versa 4
2026-05-19T08:05:36Z,97.7,Versa 4
2026-05-19T08:06:36Z,97.6,Versa 4
2026-05-19T08:07:36Z,97.8,Versa 4
2026-05-19T08:08:36Z,97.8,Versa 4
2026-05-19T08:09:36Z,97.8,Versa 4
2026-05-19T08:10:36Z,97.7,Versa 4
2026-05-19T08:11:36Z,97.8,Versa 4
2026-05-19T08:12:36Z,97.6,Versa 4
2026-05-19T08:13:36Z,97.5,Versa 4
2026-05-19T08:14:36Z,97.6,Versa 4
2026-05-19T08:15:36Z,97.7,Versa 4
2026-05-19T08:16:36Z,97.8,Versa 4
2026-05-19T08:17:36Z,97.7,Versa 4
2026-05-19T08:18:36Z,97.2,Versa 4
2026-05-19T08:19:36Z,97.2,Versa 4
2026-05-19T08:20:36Z,97.5,Versa 4
2026-05-19T08:21:36Z,97.7,Versa 4
2026-05-19T08:22:36Z,97.7,Versa 4
2026-05-19T08:23:36Z,97.6,Versa 4
2026-05-19T08:24:36Z,97.4,Versa 4
2026-05-19T08:25:36Z,97.6,Versa 4
2026-05-19T08:26:36Z,97.6,Versa 4
2026-05-19T08:27:36Z,97.7,Versa 4
2026-05-19T08:28:36Z,97.9,Versa 4
2026-05-19T08:29:36Z,98.0,Versa 4
2026-05-19T08:30:36Z,98.2,Versa 4
2026-05-19T08:31:36Z,50.0,Versa 4
2026-05-19T08:32:36Z,98.3,Versa 4
2026-05-19T08:33:36Z,98.5,Versa 4
2026-05-19T08:34:36Z,98.3,Versa 4
2026-05-19T08:35:36Z,98.4,Versa 4
2026-05-19T08:36:36Z,50.0,Versa 4
2026-05-19T08:37:36Z,98.0,Versa 4
2026-05-19T08:38:36Z,50.0,Versa 4
2026-05-19T08:39:36Z,96.9,Versa 4
2026-05-19T08:40:36Z,96.5,Versa 4
2026-05-19T08:41:36Z,96.6,Versa 4
2026-05-19T08:42:36Z,50.0,Versa 4
2026-05-19T08:43:36Z,96.5,Versa 4
2026-05-19T08:44:36Z,95.8,Versa 4
2026-05-19T08:45:36Z,96.3,Versa 4
2026-05-19T08:46:36Z,96.2,Versa 4
2026-05-19T08:47:36Z,96.6,Versa 4
2026-05-19T08:48:36Z,50.0,Versa 4
2026-05-19T08:49:36Z,96.8,Versa 4
2026-05-19T08:50:36Z,97.1,Versa 4
2026-05-19T08:51:36Z,97.3,Versa 4
2026-05-19T08:52:36Z,97.5,Versa 4
2026-05-19T08:53:36Z,97.5,Versa 4
2026-05-19T08:54:36Z,97.6,Versa 4
2026-05-19T08:55:36Z,97.7,Versa 4
2026-05-19T08:56:36Z,97.8,Versa 4
2026-05-19T08:57:36Z,98.0,Versa 4
2026-05-19T08:58:36Z,98.0,Versa 4
2026-05-19T08:59:36Z,98.0,Versa 4
2026-05-19T09:00:36Z,98.0,Versa 4
2026-05-19T09:01:36Z,97.9,Versa 4
2026-05-19T09:02:36Z,97.8,Versa 4
2026-05-19T09:03:36Z,97.9,Versa 4
2026-05-19T09:04:36Z,97.8,Versa 4
2026-05-19T09:05:36Z,97.6,Versa 4
2026-05-19T09:06:36Z,97.6,Versa 4
2026-05-19T09:07:36Z,97.5,Versa 4
2026-05-19T09:08:36Z,97.6,Versa 4
2026-05-19T09:09:36Z,97.4,Versa 4
2026-05-19T09:10:36Z,97.4,Versa 4
2026-05-19T09:11:36Z,50.0,Versa 4
2026-05-19T09:12:36Z,97.4,Versa 4
2026-05-19T09:13:36Z,50.0,Versa 4
2026-05-19T09:14:36Z,50.0,Versa 4
2026-05-19T09:15:36Z,97.1,Versa 4
2026-05-19T09:16:36Z,50.0,Versa 4
2026-05-19T09:17:36Z,97.5,Versa 4
2026-05-19T09:18:36Z,98.9,Versa 4
2026-05-19T09:19:36Z,99.7,Versa 4
2026-05-19T09:20:36Z,99.6,Versa 4
2026-05-19T09:21:36Z,97.0,Versa 4
2026-05-19T09:22:36Z,94.1,Versa 4
2026-05-19T09:23:36Z,50.0,Versa 4
2026-05-19T09:24:36Z,93.4,Versa 4
2026-05-19T09:25:36Z,94.3,Versa 4
2026-05-19T09:26:36Z,50.0,Versa 4
2026-05-19T09:27:36Z,50.0,Versa 4
2026-05-19T09:28:36Z,95.4,Versa 4
2026-05-19T09:29:36Z,96.1,Versa 4
2026-05-19T09:30:36Z,96.5,Versa 4
2026-05-19T09:31:36Z,96.8,Versa 4
2026-05-19T09:32:36Z,97.0,Versa 4
2026-05-19T09:33:36Z,97.1,Versa 4
2026-05-19T09:34:36Z,97.0,Versa 4
2026-05-19T09:35:36Z,97.0,Versa 4
2026-05-19T09:36:36Z,96.7,Versa 4
2026-05-19T09:37:36Z,95.8,Versa 4
2026-05-19T09:38:36Z,50.0,Versa 4
2026-05-19T09:39:36Z,96.0,Versa 4
2026-05-19T09:40:36Z,96.3,Versa 4
2026-05-19T09:41:36Z,96.5,Versa 4
2026-05-19T09:42:36Z,96.6,Versa 4
2026-05-19T09:43:36Z,96.8,Versa 4
2026-05-19T09:44:36Z,96.8,Versa 4
2026-05-19T09:45:36Z,96.8,Versa 4
2026-05-19T09:46:36Z,96.8,Versa 4
2026-05-19T09:47:36Z,96.8,Versa 4
2026-05-19T09:48:36Z,96.8,Versa 4
2026-05-19T09:49:36Z,96.9,Versa 4
2026-05-19T09:50:36Z,96.9,Versa 4
2026-05-19T09:51:36Z,97.0,Versa 4
2026-05-19T09:52:36Z,97.1,Versa 4
2026-05-19T09:53:36Z,97.0,Versa 4
2026-05-19T09:54:36Z,97.0,Versa 4
2026-05-19T09:55:36Z,96.9,Versa 4
2026-05-19T09:56:36Z,97.1,Versa 4
2026-05-19T09:57:36Z,97.1,Versa 4
2026-05-19T09:58:36Z,97.1,Versa 4
2026-05-19T09:59:36Z,97.0,Versa 4
2026-05-19T10:00:36Z,97.2,Versa 4
2026-05-19T10:01:36Z,97.2,Versa 4
2026-05-19T10:02:36Z,97.2,Versa 4
2026-05-19T10:03:36Z,97.2,Versa 4
2026-05-19T10:04:36Z,97.1,Versa 4
2026-05-19T10:05:36Z,97.2,Versa 4
2026-05-19T10:06:36Z,97.3,Versa 4
2026-05-19T10:07:36Z,97.2,Versa 4
2026-05-19T10:08:36Z,97.2,Versa 4
2026-05-19T10:09:36Z,97.1,Versa 4
2026-05-19T10:10:36Z,97.3,Versa 4
2026-05-19T10:11:36Z,97.5,Versa 4
2026-05-19T10:12:36Z,97.5,Versa 4
2026-05-19T10:13:36Z,97.5,Versa 4
2026-05-19T10:14:36Z,97.3,Versa 4
2026-05-19T10:15:36Z,97.2,Versa 4
2026-05-19T10:16:36Z,50.0,Versa 4
2026-05-19T10:17:36Z,50.0,Versa 4
2026-05-19T10:18:36Z,98.0,Versa 4
2026-05-19T10:19:36Z,99.2,Versa 4
2026-05-19T10:20:36Z,100.0,Versa 4
2026-05-19T10:21:36Z,100.0,Versa 4
2026-05-19T10:22:36Z,98.8,Versa 4
2026-05-19T10:23:36Z,96.8,Versa 4
2026-05-19T10:24:36Z,95.1,Versa 4
2026-05-19T10:25:36Z,95.3,Versa 4
2026-05-19T10:26:36Z,94.5,Versa 4
2026-05-19T10:27:36Z,93.5,Versa 4
2026-05-19T10:28:36Z,90.2,Versa 4
2026-05-19T10:29:36Z,50.0,Versa 4
2026-05-19T10:30:36Z,90.9,Versa 4
2026-05-19T10:31:36Z,50.0,Versa 4
2026-05-19T10:32:36Z,92.8,Versa 4
2026-05-19T10:33:36Z,50.0,Versa 4
2026-05-19T10:34:36Z,93.6,Versa 4
2026-05-19T10:35:36Z,93.9,Versa 4
2026-05-19T10:36:36Z,94.2,Versa 4
2026-05-19T10:37:36Z,94.3,Versa 4
2026-05-19T10:38:36Z,94.4,Versa 4
2026-05-19T10:39:36Z,94.4,Versa 4
2026-05-19T10:40:36Z,94.5,Versa 4
2026-05-19T10:41:36Z,94.5,Versa 4
2026-05-19T10:42:36Z,94.4,Versa 4
2026-05-19T10:43:36Z,94.3,Versa 4
2026-05-19T10:44:36Z,94.2,Versa 4
2026-05-19T10:45:36Z,94.1,Versa 4
2026-05-19T10:46:36Z,94.0,Versa 4
2026-05-19T10:47:36Z,50.0,Versa 4
2026-05-19T10:48:36Z,94.0,Versa 4
2026-05-19T10:49:36Z,50.0,Versa 4
2026-05-19T10:50:36Z,50.0,Versa 4
2026-05-19T10:51:36Z,95.0,Versa 4
2026-05-19T10:52:36Z,95.0,Versa 4
2026-05-19T10:53:36Z,94.5,Versa 4
2026-05-19T10:54:36Z,50.0,Versa 4
2026-05-19T10:55:36Z,50.0,Versa 4
2026-05-19T10:56:36Z,50.0,Versa 4
2026-05-19T10:57:36Z,94.9,Versa 4
2026-05-19T10:58:36Z,50.0,Versa 4
2026-05-19T10:59:36Z,50.0,Versa 4
2026-05-19T11:00:36Z,50.0,Versa 4
2026-05-19T11:01:36Z,96.4,Versa 4
2026-05-19T11:02:36Z,97.2,Versa 4
2026-05-19T11:03:36Z,50.0,Versa 4
2026-05-19T11:04:36Z,50.0,Versa 4
2026-05-19T11:05:36Z,97.2,Versa 4
2026-05-19T11:06:36Z,50.0,Versa 4
2026-05-19T11:07:36Z,97.6,Versa 4
2026-05-19T11:08:36Z,50.0,Versa 4
2026-05-19T11:09:36Z,50.0,Versa 4
2026-05-19T11:10:36Z,50.0,Versa 4
2026-05-19T11:11:36Z,50.0,Versa 4
2026-05-19T11:12:36Z,97.4,Versa 4
2026-05-19T13:32:06Z,50.0,Versa 4
2026-05-19T13:33:06Z,50.0,Versa 4
2026-05-19T13:34:06Z,50.0,Versa 4
2026-05-19T13:35:06Z,50.0,Versa 4
2026-05-19T13:36:06Z,50.0,Versa 4
2026-05-19T13:37:06Z,50.0,Versa 4
2026-05-19T21:19:06Z,50.0,Versa 4
2026-05-19T21:20:06Z,97.3,Versa 4
2026-05-19T21:21:06Z,50.0,Versa 4
2026-05-19T21:22:06Z,97.1,Versa 4
2026-05-19T21:23:06Z,97.2,Versa 4
2026-05-19T21:24:06Z,97.1,Versa 4
2026-05-19T21:25:06Z,96.8,Versa 4
2026-05-19T21:26:06Z,50.0,Versa 4
2026-05-19T21:27:06Z,50.0,Versa 4
2026-05-19T21:28:06Z,96.5,Versa 4
2026-05-19T21:29:06Z,96.7,Versa 4
2026-05-19T21:30:06Z,97.0,Versa 4
2026-05-19T21:31:06Z,50.0,Versa 4
2026-05-19T21:32:06Z,50.0,Versa 4
2026-05-19T21:33:06Z,97.3,Versa 4
2026-05-19T21:34:06Z,96.8,Versa 4
2026-05-19T21:35:06Z,96.4,Versa 4
2026-05-19T21:36:06Z,96.4,Versa 4
2026-05-19T21:37:06Z,96.5,Versa 4
2026-05-19T21:38:06Z,50.0,Versa 4
2026-05-19T21:39:06Z,96.5,Versa 4
2026-05-19T21:40:06Z,96.7,Versa 4
2026-05-19T21:57:39Z,94.0,Versa 4
2026-05-19T21:58:39Z,94.2,Versa 4
2026-05-19T21:59:39Z,94.2,Versa 4
2026-05-19T22:00:39Z,94.2,Versa 4
2026-05-19T22:01:39Z,94.5,Versa 4
2026-05-19T22:02:39Z,94.5,Versa 4
2026-05-19T22:03:39Z,50.0,Versa 4
2026-05-19T22:04:39Z,50.0,Versa 4
2026-05-19T22:05:39Z,50.0,Versa 4
2026-05-19T22:06:39Z,50.0,Versa 4
2026-05-19T22:07:39Z,94.0,Versa 4
2026-05-19T22:08:39Z,93.8,Versa 4
2026-05-19T22:09:39Z,94.0,Versa 4
2026-05-19T22:10:39Z,50.0,Versa 4
2026-05-19T22:11:39Z,93.8,Versa 4
2026-05-19T22:12:39Z,94.0,Versa 4
2026-05-19T22:13:39Z,50.0,Versa 4
2026-05-19T22:14:39Z,94.5,Versa 4
2026-05-19T22:15:39Z,50.0,Versa 4
2026-05-19T22:16:39Z,50.0,Versa 4
2026-05-19T22:17:39Z,50.0,Versa 4
2026-05-19T22:18:39Z,50.0,Versa 4
2026-05-19T22:19:39Z,50.0,Versa 4
2026-05-19T22:20:39Z,50.0,Versa 4
2026-05-19T22:21:39Z,95.1,Versa 4
2026-05-19T22:22:39Z,50.0,Versa 4
2026-05-19T22:23:39Z,50.0,Versa 4
2026-05-19T22:24:39Z,50.0,Versa 4
2026-05-19T22:25:39Z,95.3,Versa 4
2026-05-19T22:26:39Z,50.0,Versa 4
2026-05-19T22:27:39Z,95.8,Versa 4
2026-05-19T22:28:39Z,96.5,Versa 4
2026-05-19T22:29:39Z,96.6,Versa 4
2026-05-19T22:30:39Z,50.0,Versa 4
2026-05-19T22:31:39Z,50.0,Versa 4
2026-05-19T22:32:39Z,50.0,Versa 4
2026-05-19T22:33:39Z,50.0,Versa 4
2026-05-19T22:34:39Z,96.8,Versa 4
2026-05-19T22:35:39Z,97.0,Versa 4
2026-05-19T22:36:39Z,97.0,Versa 4
2026-05-19T22:37:39Z,50.0,Versa 4
2026-05-19T22:38:39Z,50.0,Versa 4
2026-05-19T22:39:39Z,50.0,Versa 4
2026-05-19T22:40:39Z,50.0,Versa 4
2026-05-19T22:41:39Z,50.0,Versa 4
2026-05-19T22:42:39Z,97.3,Versa 4
2026-05-19T22:43:39Z,50.0,Versa 4
2026-05-19T22:44:39Z,50.0,Versa 4
2026-05-19T22:45:39Z,50.0,Versa 4
2026-05-20T02:21:04Z,80.3,Versa 4
2026-05-20T02:22:04Z,75.9,Versa 4
2026-05-20T02:23:04Z,78.8,Versa 4
2026-05-20T02:24:04Z,84.6,Versa 4
2026-05-20T02:25:04Z,89.0,Versa 4
2026-05-20T02:26:04Z,50.0,Versa 4
2026-05-20T02:27:04Z,92.1,Versa 4
2026-05-20T02:28:04Z,93.6,Versa 4
2026-05-20T02:29:04Z,94.5,Versa 4
2026-05-20T02:30:04Z,94.8,Versa 4
2026-05-20T02:31:04Z,95.0,Versa 4
2026-05-20T02:32:04Z,95.2,Versa 4
2026-05-20T02:33:04Z,95.3,Versa 4
2026-05-20T02:34:04Z,95.3,Versa 4
2026-05-20T02:35:04Z,95.3,Versa 4
2026-05-20T02:36:04Z,95.3,Versa 4
2026-05-20T02:37:04Z,95.4,Versa 4
2026-05-20T02:38:04Z,95.4,Versa 4
2026-05-20T02:39:04Z,95.4,Versa 4
2026-05-20T02:40:04Z,95.4,Versa 4
2026-05-20T02:41:04Z,95.4,Versa 4
2026-05-20T02:42:04Z,95.4,Versa 4
2026-05-20T02:43:04Z,95.4,Versa 4
2026-05-20T02:44:04Z,95.5,Versa 4
2026-05-20T02:45:04Z,95.5,Versa 4
2026-05-20T02:46:04Z,95.5,Versa 4
2026-05-20T02:47:04Z,95.5,Versa 4
2026-05-20T02:48:04Z,50.0,Versa 4
2026-05-20T02:49:04Z,95.5,Versa 4
2026-05-20T02:50:04Z,95.5,Versa 4
2026-05-20T02:51:04Z,95.6,Versa 4
2026-05-20T02:52:04Z,95.7,Versa 4
2026-05-20T02:53:04Z,95.9,Versa 4
2026-05-20T02:54:04Z,96.0,Versa 4
2026-05-20T02:55:04Z,96.1,Versa 4
2026-05-20T02:56:04Z,96.2,Versa 4
2026-05-20T02:57:04Z,96.1,Versa 4
2026-05-20T02:58:04Z,50.0,Versa 4
2026-05-20T02:59:04Z,96.2,Versa 4
2026-05-20T03:00:04Z,96.3,Versa 4
2026-05-20T03:01:04Z,96.5,Versa 4
2026-05-20T03:02:04Z,50.0,Versa 4
2026-05-20T03:03:04Z,95.7,Versa 4
2026-05-20T03:04:04Z,90.1,Versa 4
2026-05-20T03:05:04Z,85.3,Versa 4
2026-05-20T03:06:04Z,82.6,Versa 4
2026-05-20T03:07:04Z,80.0,Versa 4
2026-05-20T03:08:04Z,78.6,Versa 4
2026-05-20T03:09:04Z,77.7,Versa 4
2026-05-20T03:10:04Z,77.4,Versa 4
2026-05-20T03:11:04Z,78.1,Versa 4
2026-05-20T03:12:04Z,79.5,Versa 4
2026-05-20T03:13:04Z,80.2,Versa 4
2026-05-20T03:14:04Z,50.0,Versa 4
2026-05-20T03:15:04Z,83.5,Versa 4
2026-05-20T03:16:04Z,87.2,Versa 4
2026-05-20T03:17:04Z,90.0,Versa 4
2026-05-20T03:18:04Z,91.8,Versa 4
2026-05-20T03:19:04Z,92.8,Versa 4
2026-05-20T03:20:04Z,93.8,Versa 4
2026-05-20T03:21:04Z,94.5,Versa 4
2026-05-20T03:22:04Z,94.9,Versa 4
2026-05-20T03:23:04Z,95.2,Versa 4
2026-05-20T03:24:04Z,95.4,Versa 4
2026-05-20T03:25:04Z,95.5,Versa 4
2026-05-20T03:26:04Z,95.6,Versa 4
2026-05-20T03:27:04Z,95.6,Versa 4
2026-05-20T03:28:04Z,95.7,Versa 4
2026-05-20T03:29:04Z,95.7,Versa 4
2026-05-20T03:30:04Z,95.7,Versa 4
2026-05-20T03:31:04Z,95.8,Versa 4
2026-05-20T03:32:04Z,95.8,Versa 4
2026-05-20T03:33:04Z,95.8,Versa 4
2026-05-20T03:34:04Z,95.9,Versa 4
2026-05-20T03:35:04Z,96.0,Versa 4
2026-05-20T03:36:04Z,96.0,Versa 4
2026-05-20T03:37:04Z,96.1,Versa 4
2026-05-20T03:38:04Z,96.2,Versa 4
2026-05-20T03:39:04Z,96.1,Versa 4
2026-05-20T03:40:04Z,96.2,Versa 4
2026-05-20T03:41:04Z,96.3,Versa 4
2026-05-20T03:42:04Z,96.3,Versa 4
2026-05-20T03:43:04Z,96.3,Versa 4
2026-05-20T03:44:04Z,96.2,Versa 4
2026-05-20T03:45:04Z,96.3,Versa 4
2026-05-20T03:46:04Z,96.3,Versa 4
2026-05-20T03:47:04Z,96.3,Versa 4
2026-05-20T03:48:04Z,50.0,Versa 4
2026-05-20T03:49:04Z,96.4,Versa 4
2026-05-20T03:50:04Z,96.4,Versa 4
2026-05-20T03:51:04Z,96.3,Versa 4
2026-05-20T03:52:04Z,96.5,Versa 4
2026-05-20T03:53:04Z,96.5,Versa 4
2026-05-20T03:54:04Z,96.5,Versa 4
2026-05-20T03:55:04Z,96.5,Versa 4
2026-05-20T03:56:04Z,96.5,Versa 4
2026-05-20T03:57:04Z,96.5,Versa 4
2026-05-20T03:58:04Z,96.5,Versa 4
2026-05-20T03:59:04Z,96.7,Versa 4
2026-05-20T04:00:04Z,96.8,Versa 4
2026-05-20T04:01:04Z,96.8,Versa 4
2026-05-20T04:02:04Z,96.9,Versa 4
2026-05-20T04:03:04Z,96.9,Versa 4
2026-05-20T04:04:04Z,50.0,Versa 4
2026-05-20T04:05:04Z,96.7,Versa 4
2026-05-20T04:06:04Z,50.0,Versa 4
2026-05-20T04:07:04Z,50.0,Versa 4
2026-05-20T04:08:04Z,50.0,Versa 4
2026-05-20T04:09:04Z,96.3,Versa 4
2026-05-20T04:10:04Z,96.3,Versa 4
2026-05-20T04:11:04Z,50.0,Versa 4
2026-05-20T04:12:04Z,96.1,Versa 4
2026-05-20T04:13:04Z,96.4,Versa 4
2026-05-20T04:14:04Z,96.5,Versa 4
2026-05-20T04:15:04Z,96.9,Versa 4
2026-05-20T04:16:04Z,97.1,Versa 4
2026-05-20T04:17:04Z,97.1,Versa 4
2026-05-20T04:18:04Z,97.5,Versa 4
2026-05-20T04:19:04Z,97.8,Versa 4
2026-05-20T04:20:04Z,98.3,Versa 4
2026-05-20T04:21:04Z,98.3,Versa 4
2026-05-20T04:22:04Z,98.2,Versa 4
2026-05-20T04:23:04Z,98.2,Versa 4
2026-05-20T04:24:04Z,98.3,Versa 4
2026-05-20T04:25:04Z,98.5,Versa 4
2026-05-20T04:26:04Z,98.5,Versa 4
2026-05-20T04:27:04Z,98.6,Versa 4
2026-05-20T04:28:04Z,98.9,Versa 4
2026-05-20T04:29:04Z,99.2,Versa 4
2026-05-20T04:30:04Z,99.2,Versa 4
2026-05-20T04:31:04Z,50.0,Versa 4
2026-05-20T04:32:04Z,98.8,Versa 4
2026-05-20T04:33:04Z,50.0,Versa 4
2026-05-20T04:34:04Z,98.1,Versa 4
2026-05-20T04:35:04Z,97.7,Versa 4
2026-05-20T04:36:04Z,50.0,Versa 4
2026-05-20T04:37:04Z,96.3,Versa 4
2026-05-20T04:38:04Z,96.0,Versa 4
2026-05-20T04:39:04Z,95.0,Versa 4
2026-05-20T04:40:04Z,50.0,Versa 4
2026-05-20T04:41:04Z,95.5,Versa 4
2026-05-20T04:42:04Z,95.5,Versa 4
2026-05-20T04:43:04Z,95.1,Versa 4
2026-05-20T04:44:04Z,94.8,Versa 4
2026-05-20T04:45:04Z,94.8,Versa 4
2026-05-20T04:46:04Z,94.6,Versa 4
2026-05-20T04:47:04Z,94.5,Versa 4
2026-05-20T04:48:04Z,94.6,Versa 4
2026-05-20T04:49:04Z,94.5,Versa 4
2026-05-20T04:50:04Z,50.0,Versa 4
2026-05-20T04:51:04Z,95.1,Versa 4
2026-05-20T04:52:04Z,95.5,Versa 4
2026-05-20T04:53:04Z,95.9,Versa 4
2026-05-20T04:54:04Z,96.1,Versa 4
2026-05-20T04:55:04Z,50.0,Versa 4
2026-05-20T04:56:04Z,50.0,Versa 4
2026-05-20T04:57:04Z,50.0,Versa 4
2026-05-20T04:58:04Z,50.0,Versa 4
2026-05-20T04:59:04Z,96.2,Versa 4
2026-05-20T05:00:04Z,50.0,Versa 4
2026-05-20T05:01:04Z,96.6,Versa 4
2026-05-20T05:02:04Z,96.8,Versa 4
2026-05-20T05:03:04Z,96.9,Versa 4
2026-05-20T05:04:04Z,97.0,Versa 4
2026-05-20T05:05:04Z,97.1,Versa 4
2026-05-20T05:06:04Z,97.0,Versa 4
2026-05-20T05:07:04Z,97.1,Versa 4
2026-05-20T05:08:04Z,97.3,Versa 4
2026-05-20T05:09:04Z,97.6,Versa 4
2026-05-20T05:10:04Z,50.0,Versa 4
2026-05-20T05:11:04Z,97.6,Versa 4
2026-05-20T05:12:04Z,97.3,Versa 4
2026-05-20T05:13:04Z,97.0,Versa 4
2026-05-20T05:14:04Z,96.8,Versa 4
2026-05-20T05:15:04Z,96.5,Versa 4
2026-05-20T05:16:04Z,96.5,Versa 4
2026-05-20T05:17:04Z,96.8,Versa 4
2026-05-20T05:18:04Z,96.8,Versa 4
2026-05-20T05:19:04Z,50.0,Versa 4
2026-05-20T05:20:04Z,50.0,Versa 4
2026-05-20T05:21:04Z,50.0,Versa 4
2026-05-20T05:22:04Z,50.0,Versa 4
2026-05-20T05:23:04Z,96.7,Versa 4
2026-05-20T05:24:04Z,96.8,Versa 4
2026-05-20T05:25:04Z,96.8,Versa 4
2026-05-20T05:26:04Z,96.8,Versa 4
2026-05-20T05:27:04Z,96.8,Versa 4
2026-05-20T05:28:04Z,96.9,Versa 4
2026-05-20T05:29:04Z,50.0,Versa 4
2026-05-20T05:30:04Z,50.0,Versa 4
2026-05-20T05:31:04Z,97.0,Versa 4
2026-05-20T05:32:04Z,97.0,Versa 4
2026-05-20T05:33:04Z,96.9,Versa 4
2026-05-20T05:34:04Z,96.9,Versa 4
2026-05-20T05:35:04Z,96.8,Versa 4
2026-05-20T05:36:04Z,96.8,Versa 4
2026-05-20T05:37:04Z,96.9,Versa 4
2026-05-20T05:38:04Z,96.9,Versa 4
2026-05-20T05:39:04Z,96.8,Versa 4
2026-05-20T05:40:04Z,96.8,Versa 4
2026-05-20T05:41:04Z,96.9,Versa 4
2026-05-20T05:42:04Z,50.0,Versa 4
2026-05-20T05:43:04Z,97.1,Versa 4
2026-05-20T05:44:04Z,96.8,Versa 4
2026-05-20T05:45:04Z,50.0,Versa 4
2026-05-20T05:46:04Z,50.0,Versa 4
2026-05-20T05:47:04Z,97.0,Versa 4
2026-05-20T05:48:04Z,50.0,Versa 4
2026-05-20T05:49:04Z,97.3,Versa 4
2026-05-20T05:50:04Z,97.4,Versa 4
2026-05-20T05:51:04Z,50.0,Versa 4
2026-05-20T05:52:04Z,50.0,Versa 4
2026-05-20T05:53:04Z,50.0,Versa 4
2026-05-20T05:54:04Z,50.0,Versa 4
2026-05-20T06:07:03Z,50.0,Versa 4
2026-05-20T06:08:03Z,50.0,Versa 4
2026-05-20T06:09:03Z,50.0,Versa 4
2026-05-20T06:10:03Z,87.1,Versa 4
2026-05-20T06:11:03Z,87.1,Versa 4
2026-05-20T06:12:03Z,50.0,Versa 4
2026-05-20T06:13:03Z,50.0,Versa 4
2026-05-20T06:14:03Z,50.0,Versa 4
2026-05-20T06:15:03Z,50.0,Versa 4
2026-05-20T06:16:03Z,50.0,Versa 4
2026-05-20T06:17:03Z,50.0,Versa 4
2026-05-20T06:18:03Z,50.0,Versa 4
2026-05-20T06:19:03Z,50.0,Versa 4
2026-05-20T06:20:03Z,50.0,Versa 4
2026-05-20T06:21:03Z,50.0,Versa 4
2026-05-20T06:22:03Z,50.0,Versa 4
2026-05-20T10:13:03Z,50.0,Versa 4
2026-05-20T10:14:03Z,50.0,Versa 4
2026-05-20T10:15:03Z,50.0,Versa 4
2026-05-20T10:16:03Z,50.0,Versa 4
2026-05-20T10:17:03Z,50.0,Versa 4
2026-05-20T11:20:06Z,98.8,Versa 4
2026-05-20T11:21:06Z,98.2,Versa 4
2026-05-20T11:22:06Z,97.9,Versa 4
2026-05-20T11:23:06Z,97.6,Versa 4
2026-05-20T11:24:06Z,97.5,Versa 4
2026-05-20T11:25:06Z,97.2,Versa 4
2026-05-20T11:26:06Z,97.2,Versa 4
2026-05-20T11:27:06Z,97.0,Versa 4
2026-05-20T11:28:06Z,96.9,Versa 4
2026-05-20T11:29:06Z,96.8,Versa 4
2026-05-20T11:30:06Z,96.7,Versa 4
2026-05-20T11:31:06Z,96.5,Versa 4
2026-05-20T11:32:06Z,96.5,Versa 4
2026-05-20T11:33:06Z,96.3,Versa 4
2026-05-20T11:34:06Z,96.2,Versa 4
2026-05-20T11:35:06Z,96.1,Versa 4
2026-05-20T11:36:06Z,96.0,Versa 4
2026-05-20T11:37:06Z,96.0,Versa 4
2026-05-20T11:38:06Z,95.8,Versa 4
2026-05-20T11:39:06Z,50.0,Versa 4
2026-05-20T11:40:06Z,95.7,Versa 4
2026-05-20T11:41:06Z,95.6,Versa 4
2026-05-20T11:42:06Z,95.5,Versa 4
2026-05-20T11:43:06Z,95.4,Versa 4
2026-05-20T11:44:06Z,95.4,Versa 4
2026-05-20T11:45:06Z,95.3,Versa 4
2026-05-20T11:46:06Z,95.3,Versa 4
2026-05-20T11:47:06Z,95.2,Versa 4
2026-05-20T11:48:06Z,95.2,Versa 4
2026-05-20T11:49:06Z,95.0,Versa 4
2026-05-20T11:50:06Z,94.9,Versa 4
2026-05-20T11:51:06Z,94.9,Versa 4
2026-05-20T11:52:06Z,94.9,Versa 4
2026-05-20T11:53:06Z,95.0,Versa 4
2026-05-20T11:54:06Z,50.0,Versa 4
2026-05-20T11:55:06Z,94.8,Versa 4
2026-05-20T11:56:06Z,50.0,Versa 4
2026-05-20T11:57:06Z,50.0,Versa 4
2026-05-20T11:58:06Z,94.2,Versa 4
2026-05-20T11:59:06Z,93.7,Versa 4
2026-05-20T12:00:06Z,93.3,Versa 4
2026-05-20T12:01:06Z,50.0,Versa 4
2026-05-20T12:02:06Z,50.0,Versa 4
2026-05-20T12:03:06Z,92.7,Versa 4
2026-05-20T12:04:06Z,92.7,Versa 4
2026-05-20T12:05:06Z,92.6,Versa 4
2026-05-20T12:06:06Z,50.0,Versa 4
2026-05-20T12:07:06Z,94.1,Versa 4
2026-05-20T12:08:06Z,95.4,Versa 4
2026-05-20T12:09:06Z,96.2,Versa 4
2026-05-20T12:10:06Z,96.3,Versa 4
2026-05-20T12:11:06Z,50.0,Versa 4
2026-05-20T12:12:06Z,96.2,Versa 4
2026-05-20T12:13:06Z,96.1,Versa 4
2026-05-20T12:14:06Z,95.7,Versa 4
2026-05-20T12:15:06Z,95.5,Versa 4
2026-05-20T12:16:06Z,95.8,Versa 4
2026-05-20T12:17:06Z,96.3,Versa 4
2026-05-20T12:18:06Z,96.6,Versa 4
2026-05-20T12:19:06Z,97.0,Versa 4
2026-05-20T12:20:06Z,97.4,Versa 4
2026-05-20T12:21:06Z,97.6,Versa 4
2026-05-20T12:22:06Z,97.8,Versa 4
2026-05-20T12:23:06Z,98.1,Versa 4
2026-05-20T12:24:06Z,98.1,Versa 4
2026-05-20T12:25:06Z,98.2,Versa 4
2026-05-20T12:26:06Z,50.0,Versa 4
2026-05-20T12:27:06Z,98.0,Versa 4
2026-05-20T12:28:06Z,97.3,Versa 4
2026-05-20T12:29:06Z,96.9,Versa 4
2026-05-20T12:30:06Z,96.4,Versa 4
2026-05-20T12:31:06Z,50.0,Versa 4
2026-05-20T12:32:06Z,95.9,Versa 4
2026-05-20T12:33:06Z,95.3,Versa 4
2026-05-20T12:34:06Z,94.7,Versa 4
2026-05-20T12:35:06Z,94.4,Versa 4
2026-05-20T12:36:06Z,50.0,Versa 4
2026-05-20T12:37:06Z,94.4,Versa 4
2026-05-20T12:38:06Z,94.9,Versa 4
2026-05-20T12:39:06Z,95.5,Versa 4
2026-05-20T12:40:06Z,95.8,Versa 4
2026-05-20T12:41:06Z,50.0,Versa 4
2026-05-20T12:42:06Z,95.5,Versa 4
2026-05-20T12:43:06Z,95.0,Versa 4
2026-05-20T12:44:06Z,94.6,Versa 4
2026-05-20T12:45:06Z,94.4,Versa 4
2026-05-20T12:46:06Z,94.3,Versa 4
2026-05-20T12:47:06Z,94.1,Versa 4
2026-05-20T12:48:06Z,94.1,Versa 4
2026-05-20T12:49:06Z,94.1,Versa 4
2026-05-20T12:50:06Z,94.2,Versa 4
2026-05-20T12:51:06Z,94.1,Versa 4
2026-05-20T12:52:06Z,50.0,Versa 4
2026-05-20T12:53:06Z,94.1,Versa 4
2026-05-20T12:54:06Z,94.3,Versa 4
2026-05-20T12:55:06Z,94.4,Versa 4
2026-05-20T12:56:06Z,94.3,Versa 4
2026-05-20T12:57:06Z,94.3,Versa 4
2026-05-20T12:58:06Z,94.3,Versa 4
2026-05-20T12:59:06Z,50.0,Versa 4
2026-05-20T13:00:06Z,50.0,Versa 4
2026-05-20T13:01:06Z,94.0,Versa 4
2026-05-20T13:02:06Z,94.0,Versa 4
2026-05-20T13:03:06Z,94.0,Versa 4
2026-05-20T13:04:06Z,94.0,Versa 4
2026-05-20T13:05:06Z,94.2,Versa 4
2026-05-20T13:06:06Z,50.0,Versa 4
2026-05-20T13:07:06Z,50.0,Versa 4
2026-05-20T13:08:06Z,94.4,Versa 4
2026-05-20T13:09:06Z,94.4,Versa 4
2026-05-20T13:10:06Z,94.5,Versa 4
2026-05-20T13:11:06Z,94.5,Versa 4
2026-05-20T13:12:06Z,94.5,Versa 4
2026-05-20T13:13:06Z,94.7,Versa 4
2026-05-20T13:14:06Z,95.0,Versa 4
2026-05-20T13:15:06Z,95.1,Versa 4
2026-05-20T13:16:06Z,95.3,Versa 4
2026-05-20T13:17:06Z,95.4,Versa 4
2026-05-20T13:18:06Z,50.0,Versa 4
2026-05-20T13:19:06Z,95.5,Versa 4
2026-05-20T13:20:06Z,95.2,Versa 4
2026-05-20T13:21:06Z,95.0,Versa 4
2026-05-20T13:22:06Z,94.8,Versa 4
2026-05-20T13:23:06Z,94.8,Versa 4
2026-05-20T13:24:06Z,95.0,Versa 4
2026-05-20T13:25:06Z,95.0,Versa 4
2026-05-20T13:26:06Z,94.7,Versa 4
2026-05-20T13:27:06Z,94.7,Versa 4
2026-05-20T13:28:06Z,94.8,Versa 4
2026-05-20T13:29:06Z,50.0,Versa 4
2026-05-20T13:30:06Z,94.4,Versa 4
2026-05-20T13:31:06Z,94.3,Versa 4
2026-05-20T13:32:06Z,94.7,Versa 4
2026-05-20T13:33:06Z,93.2,Versa 4
2026-05-20T13:34:06Z,92.7,Versa 4
2026-05-20T13:35:06Z,94.4,Versa 4
2026-05-20T13:36:06Z,89.9,Versa 4
2026-05-20T13:37:06Z,86.8,Versa 4
2026-05-20T13:38:06Z,84.8,Versa 4
2026-05-20T13:39:06Z,82.7,Versa 4
2026-05-20T13:40:06Z,82.7,Versa 4
2026-05-20T13:41:06Z,81.9,Versa 4
2026-05-20T13:42:06Z,82.2,Versa 4
2026-05-20T13:43:06Z,82.4,Versa 4
2026-05-20T13:44:06Z,81.9,Versa 4
2026-05-20T13:45:06Z,82.3,Versa 4
2026-05-20T13:46:06Z,82.7,Versa 4
2026-05-20T13:47:06Z,83.1,Versa 4
2026-05-20T13:48:06Z,82.6,Versa 4
2026-05-20T13:49:06Z,82.9,Versa 4
2026-05-20T13:50:06Z,83.4,Versa 4
2026-05-20T13:51:06Z,83.4,Versa 4
2026-05-20T13:52:06Z,50.0,Versa 4
2026-05-20T13:53:06Z,50.0,Versa 4
2026-05-20T13:54:06Z,83.1,Versa 4
2026-05-20T13:55:06Z,85.0,Versa 4
2026-05-20T13:56:06Z,86.0,Versa 4
2026-05-20T13:57:06Z,50.0,Versa 4
2026-05-20T13:58:06Z,87.1,Versa 4
2026-05-20T13:59:06Z,89.7,Versa 4
2026-05-20T14:00:06Z,91.4,Versa 4
2026-05-20T14:01:06Z,50.0,Versa 4
2026-05-20T14:02:06Z,93.1,Versa 4
2026-05-20T14:03:06Z,94.0,Versa 4
2026-05-20T14:04:06Z,94.7,Versa 4
2026-05-20T14:05:06Z,94.9,Versa 4
2026-05-20T14:06:06Z,95.0,Versa 4
2026-05-20T14:07:06Z,95.3,Versa 4
2026-05-20T14:08:06Z,95.5,Versa 4
2026-05-20T14:09:06Z,95.5,Versa 4
2026-05-20T14:10:06Z,95.5,Versa 4
2026-05-20T14:11:06Z,95.4,Versa 4
2026-05-20T14:12:06Z,95.4,Versa 4
2026-05-20T14:13:06Z,95.6,Versa 4
2026-05-20T14:14:06Z,95.6,Versa 4
2026-05-20T14:15:06Z,50.0,Versa 4
2026-05-20T14:16:06Z,95.5,Versa 4
2026-05-20T14:17:06Z,95.4,Versa 4
2026-05-20T14:18:06Z,95.6,Versa 4
2026-05-20T14:19:06Z,95.6,Versa 4
2026-05-20T14:20:06Z,95.4,Versa 4
2026-05-20T14:21:06Z,50.0,Versa 4
2026-05-20T14:22:06Z,95.1,Versa 4
2026-05-20T14:23:06Z,95.3,Versa 4
2026-05-20T14:24:06Z,95.4,Versa 4
2026-05-20T14:25:06Z,94.9,Versa 4
2026-05-20T14:26:06Z,95.1,Versa 4
2026-05-20T14:27:06Z,95.2,Versa 4
2026-05-20T14:28:06Z,95.5,Versa 4
2026-05-20T14:29:06Z,95.7,Versa 4
2026-05-20T14:30:06Z,95.4,Versa 4
2026-05-20T14:31:06Z,50.0,Versa 4
2026-05-20T14:32:06Z,50.0,Versa 4
2026-05-20T14:33:06Z,50.0,Versa 4
2026-05-20T14:34:06Z,50.0,Versa 4
2026-05-20T14:35:06Z,50.0,Versa 4
2026-05-20T14:36:06Z,50.0,Versa 4
2026-05-20T14:37:06Z,94.3,Versa 4
2026-05-20T14:38:06Z,94.9,Versa 4
2026-05-20T14:39:06Z,50.0,Versa 4
2026-05-20T14:40:06Z,95.1,Versa 4
2026-05-20T14:41:06Z,50.0,Versa 4
2026-05-20T14:42:06Z,95.4,Versa 4
2026-05-20T14:43:06Z,95.0,Versa 4
2026-05-20T14:44:06Z,50.0,Versa 4
2026-05-20T14:45:06Z,94.0,Versa 4
2026-05-20T14:46:06Z,93.5,Versa 4
2026-05-20T14:47:06Z,92.9,Versa 4
2026-05-20T14:48:06Z,50.0,Versa 4
2026-05-20T14:49:06Z,92.1,Versa 4
2026-05-20T14:50:06Z,93.5,Versa 4
2026-05-20T14:51:06Z,94.3,Versa 4
2026-05-20T14:52:06Z,94.7,Versa 4
2026-05-20T14:53:06Z,50.0,Versa 4
2026-05-20T14:54:06Z,95.4,Versa 4
2026-05-20T14:55:06Z,95.5,Versa 4
2026-05-20T14:56:06Z,96.3,Versa 4
2026-05-20T14:57:06Z,50.0,Versa 4
2026-05-20T14:58:06Z,96.4,Versa 4
2026-05-20T14:59:06Z,96.3,Versa 4
2026-05-20T15:00:06Z,50.0,Versa 4
2026-05-20T15:01:06Z,96.4,Versa 4
2026-05-20T15:02:06Z,50.0,Versa 4
2026-05-20T23:44:36Z,96.1,Versa 4
2026-05-20T23:45:36Z,95.1,Versa 4
2026-05-20T23:46:36Z,94.3,Versa 4
2026-05-20T23:47:36Z,50.0,Versa 4
2026-05-20T23:48:36Z,93.5,Versa 4
2026-05-20T23:49:36Z,50.0,Versa 4
2026-05-20T23:50:36Z,50.0,Versa 4
2026-05-20T23:51:36Z,50.0,Versa 4
2026-05-20T23:52:36Z,50.0,Versa 4
2026-05-20T23:53:36Z,50.0,Versa 4
2026-05-20T23:54:36Z,50.0,Versa 4
2026-05-20T23:55:36Z,50.0,Versa 4
2026-05-20T23:56:36Z,50.0,Versa 4
2026-05-20T23:57:36Z,50.0,Versa 4
2026-05-20T23:58:36Z,50.0,Versa 4
2026-05-20T23:59:36Z,50.0,Versa 4
