timestamp,level,data source
2026-05-06T10:12:00Z,LIGHTLY_ACTIVE,Fitbit App
2026-05-06T10:13:00Z,LIGHTLY_ACTIVE,Fitbit App
2026-05-06T10:14:00Z,LIGHTLY_ACTIVE,Fitbit App
2026-05-06T10:15:00Z,SEDENTARY,Fitbit App
2026-05-06T10:16:00Z,SEDENTARY,Fitbit App
2026-05-06T10:17:00Z,SEDENTARY,Fitbit App
2026-05-06T10:18:00Z,SEDENTARY,Fitbit App
2026-05-06T10:19:00Z,SEDENTARY,Fitbit App
2026-05-06T10:20:00Z,SEDENTARY,Fitbit App
2026-05-06T10:21:00Z,SEDENTARY,Fitbit App
2026-05-06T10:22:00Z,SEDENTARY,Fitbit App
2026-05-06T10:23:00Z,SEDENTARY,Fitbit App
2026-05-06T10:24:00Z,SEDENTARY,Fitbit App
2026-05-06T10:25:00Z,SEDENTARY,Fitbit App
2026-05-06T10:26:00Z,LIGHTLY_ACTIVE,Fitbit App
2026-05-06T10:27:00Z,MODERATELY_ACTIVE,Fitbit App
2026-05-06T10:28:00Z,VERY_ACTIVE,Fitbit App
2026-05-06T10:29:00Z,MODERATELY_ACTIVE,Fitbit App
2026-05-06T10:30:00Z,VERY_ACTIVE,Fitbit App
2026-05-06T10:31:00Z,MODERATELY_ACTIVE,Fitbit App
2026-05-06T10:32:00Z,LIGHTLY_ACTIVE,Fitbit App
2026-05-06T10:33:00Z,SEDENTARY,Fitbit App
2026-05-06T10:34:00Z,SEDENTARY,Fitbit App
2026-05-06T10:35:00Z,SEDENTARY,Fitbit App
2026-05-06T10:36:00Z,SEDENTARY,Fitbit App
2026-05-06T10:37:00Z,SEDENTARY,Fitbit App
2026-05-06T10:38:00Z,SEDENTARY,Fitbit App
2026-05-06T10:39:00Z,SEDENTARY,Fitbit App
2026-05-06T10:40:00Z,SEDENTARY,Fitbit App
2026-05-06T10:41:00Z,SEDENTARY,Fitbit App
2026-05-06T10:42:00Z,SEDENTARY,Fitbit App
2026-05-06T10:43:00Z,SEDENTARY,Fitbit App
2026-05-06T10:44:00Z,SEDENTARY,Fitbit App
2026-05-06T10:45:00Z,SEDENTARY,Fitbit App
2026-05-06T10:46:00Z,SEDENTARY,Fitbit App
2026-05-06T10:47:00Z,SEDENTARY,Fitbit App
2026-05-06T10:48:00Z,SEDENTARY,Fitbit App
2026-05-06T10:49:00Z,SEDENTARY,Fitbit App
2026-05-06T10:50:00Z,SEDENTARY,Fitbit App
2026-05-06T10:51:00Z,SEDENTARY,Fitbit App
2026-05-06T10:52:00Z,SEDENTARY,Fitbit App
2026-05-06T10:53:00Z,SEDENTARY,Fitbit App
2026-05-06T10:54:00Z,SEDENTARY,Fitbit App
2026-05-06T10:55:00Z,SEDENTARY,Fitbit App
2026-05-06T10:56:00Z,SEDENTARY,Fitbit App
2026-05-06T10:57:00Z,SEDENTARY,Fitbit App
2026-05-06T10:58:00Z,SEDENTARY,Fitbit App
2026-05-06T10:59:00Z,SEDENTARY,Fitbit App
2026-05-06T11:00:00Z,SEDENTARY,Fitbit App
2026-05-06T11:01:00Z,SEDENTARY,Fitbit App
2026-05-06T11:02:00Z,SEDENTARY,Fitbit App
2026-05-06T11:03:00Z,SEDENTARY,Fitbit App
2026-05-06T11:04:00Z,SEDENTARY,Fitbit App
2026-05-06T11:05:00Z,SEDENTARY,Fitbit App
2026-05-06T11:06:00Z,SEDENTARY,Fitbit App
2026-05-06T11:07:00Z,SEDENTARY,Fitbit App
2026-05-06T11:08:00Z,SEDENTARY,Fitbit App
2026-05-06T11:09:00Z,SEDENTARY,Fitbit App
2026-05-06T11:10:00Z,LIGHTLY_ACTIVE,Fitbit App
2026-05-06T11:11:00Z,SEDENTARY,Fitbit App
2026-05-06T11:12:00Z,SEDENTARY,Fitbit App
2026-05-06T11:13:00Z,SEDENTARY,Fitbit App
2026-05-06T11:14:00Z,SEDENTARY,Fitbit App
2026-05-06T11:15:00Z,SEDENTARY,Fitbit App
2026-05-06T11:16:00Z,SEDENTARY,Fitbit App
2026-05-06T11:17:00Z,SEDENTARY,Fitbit App
2026-05-06T11:18:00Z,SEDENTARY,Fitbit App
2026-05-06T11:19:00Z,SEDENTARY,Fitbit App
2026-05-06T11:20:00Z,SEDENTARY,Fitbit App
2026-05-06T11:21:00Z,SEDENTARY,Fitbit App
2026-05-06T11:22:00Z,SEDENTARY,Fitbit App
2026-05-06T11:23:00Z,SEDENTARY,Fitbit App
2026-05-06T11:24:00Z,SEDENTARY,Fitbit App
2026-05-06T11:25:00Z,SEDENTARY,Fitbit App
2026-05-06T11:26:00Z,SEDENTARY,Fitbit App
2026-05-06T11:27:00Z,SEDENTARY,Fitbit App
2026-05-06T11:28:00Z,SEDENTARY,Fitbit App
2026-05-06T11:29:00Z,SEDENTARY,Fitbit App
2026-05-06T11:30:00Z,SEDENTARY,Fitbit App
2026-05-06T11:31:00Z,SEDENTARY,Fitbit App
2026-05-06T11:32:00Z,SEDENTARY,Fitbit App
2026-05-06T11:33:00Z,SEDENTARY,Fitbit App
2026-05-06T11:34:00Z,LIGHTLY_ACTIVE,Fitbit App
2026-05-06T11:35:00Z,SEDENTARY,Fitbit App
2026-05-06T11:36:00Z,SEDENTARY,Fitbit App
2026-05-06T11:37:00Z,SEDENTARY,Fitbit App
2026-05-06T11:38:00Z,LIGHTLY_ACTIVE,Fitbit App
2026-05-06T11:39:00Z,MODERATELY_ACTIVE,Fitbit App
2026-05-06T11:40:00Z,LIGHTLY_ACTIVE,Fitbit App
2026-05-06T11:42:00Z,SEDENTARY,Fitbit App
2026-05-06T11:43:00Z,SEDENTARY,Fitbit App
2026-05-06T11:44:00Z,SEDENTARY,Fitbit App
2026-05-06T11:45:00Z,LIGHTLY_ACTIVE,Fitbit App
2026-05-06T11:46:00Z,LIGHTLY_ACTIVE,Fitbit App
2026-05-06T11:47:00Z,SEDENTARY,Fitbit App
2026-05-06T11:48:00Z,SEDENTARY,Fitbit App
2026-05-06T11:49:00Z,SEDENTARY,Fitbit App
2026-05-06T11:50:00Z,SEDENTARY,Fitbit App
2026-05-06T11:51:00Z,SEDENTARY,Fitbit App
2026-05-06T11:52:00Z,SEDENTARY,Fitbit App
2026-05-06T11:53:00Z,SEDENTARY,Fitbit App
2026-05-06T11:54:00Z,SEDENTARY,Fitbit App
2026-05-06T11:55:00Z,SEDENTARY,Fitbit App
2026-05-06T11:56:00Z,SEDENTARY,Fitbit App
2026-05-06T11:57:00Z,SEDENTARY,Fitbit App
2026-05-06T11:58:00Z,SEDENTARY,Fitbit App
2026-05-06T11:59:00Z,SEDENTARY,Fitbit App
2026-05-06T12:00:00Z,SEDENTARY,Fitbit App
2026-05-06T12:01:00Z,SEDENTARY,Fitbit App
2026-05-06T12:02:00Z,SEDENTARY,Fitbit App
2026-05-06T12:03:00Z,MODERATELY_ACTIVE,Fitbit App
2026-05-06T12:04:00Z,MODERATELY_ACTIVE,Fitbit App
2026-05-06T12:05:00Z,MODERATELY_ACTIVE,Fitbit App
2026-05-06T12:06:00Z,VERY_ACTIVE,Fitbit App
2026-05-06T12:07:00Z,LIGHTLY_ACTIVE,Fitbit App
2026-05-06T12:08:00Z,SEDENTARY,Fitbit App
2026-05-06T12:09:00Z,SEDENTARY,Fitbit App
2026-05-06T12:10:00Z,SEDENTARY,Fitbit App
2026-05-06T12:11:00Z,SEDENTARY,Fitbit App
2026-05-06T12:12:00Z,SEDENTARY,Fitbit App
2026-05-06T12:13:00Z,SEDENTARY,Fitbit App
2026-05-06T12:14:00Z,SEDENTARY,Fitbit App
2026-05-06T12:15:00Z,LIGHTLY_ACTIVE,Fitbit App
2026-05-06T12:16:00Z,LIGHTLY_ACTIVE,Fitbit App
2026-05-06T12:17:00Z,LIGHTLY_ACTIVE,Fitbit App
2026-05-06T12:24:00Z,LIGHTLY_ACTIVE,Fitbit App
2026-05-06T12:25:00Z,MODERATELY_ACTIVE,Fitbit App
2026-05-06T12:26:00Z,LIGHTLY_ACTIVE,Fitbit App
2026-05-06T12:27:00Z,MODERATELY_ACTIVE,Fitbit App
2026-05-06T12:28:00Z,MODERATELY_ACTIVE,Fitbit App
2026-05-06T12:29:00Z,LIGHTLY_ACTIVE,Fitbit App
2026-05-06T12:30:00Z,SEDENTARY,Fitbit App
2026-05-06T12:51:00Z,SEDENTARY,Fitbit App
2026-05-06T12:53:00Z,SEDENTARY,Fitbit App
2026-05-06T12:57:00Z,SEDENTARY,Fitbit App
2026-05-06T13:12:00Z,SEDENTARY,Fitbit App
2026-05-06T13:13:00Z,SEDENTARY,Fitbit App
2026-05-06T13:14:00Z,SEDENTARY,Fitbit App
2026-05-06T13:19:00Z,SEDENTARY,Fitbit App
2026-05-06T13:20:00Z,SEDENTARY,Fitbit App
2026-05-06T13:24:00Z,SEDENTARY,Fitbit App
2026-05-06T13:27:00Z,SEDENTARY,Fitbit App
2026-05-06T13:28:00Z,SEDENTARY,Fitbit App
2026-05-06T13:35:00Z,SEDENTARY,Fitbit App
2026-05-06T13:41:00Z,SEDENTARY,Fitbit App
2026-05-06T13:44:00Z,SEDENTARY,Fitbit App
2026-05-06T13:47:00Z,SEDENTARY,Fitbit App
2026-05-06T13:51:00Z,SEDENTARY,Fitbit App
2026-05-06T13:56:00Z,LIGHTLY_ACTIVE,Fitbit App
2026-05-06T13:57:00Z,LIGHTLY_ACTIVE,Fitbit App
2026-05-06T13:58:00Z,SEDENTARY,Fitbit App
2026-05-06T14:00:00Z,SEDENTARY,Fitbit App
2026-05-06T14:01:00Z,SEDENTARY,Fitbit App
2026-05-06T14:02:00Z,SEDENTARY,Fitbit App
2026-05-06T14:05:00Z,SEDENTARY,Fitbit App
2026-05-06T14:06:00Z,SEDENTARY,Fitbit App
2026-05-06T14:08:00Z,SEDENTARY,Fitbit App
2026-05-06T14:09:00Z,LIGHTLY_ACTIVE,Fitbit App
2026-05-06T14:10:00Z,VERY_ACTIVE,Fitbit App
2026-05-06T14:11:00Z,LIGHTLY_ACTIVE,Fitbit App
2026-05-06T14:12:00Z,SEDENTARY,Fitbit App
2026-05-06T14:13:00Z,SEDENTARY,Fitbit App
2026-05-06T14:21:00Z,LIGHTLY_ACTIVE,Fitbit App
2026-05-06T14:22:00Z,VERY_ACTIVE,Fitbit App
2026-05-06T14:23:00Z,MODERATELY_ACTIVE,Fitbit App
2026-05-06T14:24:00Z,MODERATELY_ACTIVE,Fitbit App
2026-05-06T14:25:00Z,MODERATELY_ACTIVE,Fitbit App
2026-05-06T14:26:00Z,LIGHTLY_ACTIVE,Fitbit App
2026-05-06T14:27:00Z,MODERATELY_ACTIVE,Fitbit App
2026-05-06T14:28:00Z,MODERATELY_ACTIVE,Fitbit App
2026-05-06T14:29:00Z,MODERATELY_ACTIVE,Fitbit App
2026-05-06T14:30:00Z,MODERATELY_ACTIVE,Fitbit App
2026-05-06T14:31:00Z,MODERATELY_ACTIVE,Fitbit App
2026-05-06T14:32:00Z,MODERATELY_ACTIVE,Fitbit App
2026-05-06T14:33:00Z,LIGHTLY_ACTIVE,Fitbit App
2026-05-06T14:34:00Z,LIGHTLY_ACTIVE,Fitbit App
2026-05-06T14:35:00Z,LIGHTLY_ACTIVE,Fitbit App
2026-05-06T14:36:00Z,SEDENTARY,Fitbit App
2026-05-06T14:37:00Z,LIGHTLY_ACTIVE,Fitbit App
2026-05-06T14:38:00Z,LIGHTLY_ACTIVE,Fitbit App
2026-05-06T14:39:00Z,LIGHTLY_ACTIVE,Fitbit App
2026-05-06T14:40:00Z,SEDENTARY,Fitbit App
2026-05-06T14:41:00Z,SEDENTARY,Fitbit App
2026-05-06T14:42:00Z,LIGHTLY_ACTIVE,Fitbit App
2026-05-06T14:43:00Z,SEDENTARY,Fitbit App
2026-05-06T14:44:00Z,SEDENTARY,Fitbit App
2026-05-06T14:45:00Z,SEDENTARY,Fitbit App
2026-05-06T14:46:00Z,SEDENTARY,Fitbit App
2026-05-06T14:47:00Z,SEDENTARY,Fitbit App
2026-05-06T14:48:00Z,SEDENTARY,Fitbit App
2026-05-06T14:49:00Z,SEDENTARY,Fitbit App
2026-05-06T14:50:00Z,SEDENTARY,Fitbit App
2026-05-06T15:02:00Z,SEDENTARY,Fitbit App
2026-05-06T15:54:00Z,SEDENTARY,Fitbit App
2026-05-06T15:58:00Z,SEDENTARY,Fitbit App
2026-05-06T15:59:00Z,SEDENTARY,Fitbit App
2026-05-06T16:15:00Z,SEDENTARY,Fitbit App
2026-05-06T16:18:00Z,SEDENTARY,Fitbit App
2026-05-06T16:27:00Z,SEDENTARY,Fitbit App
2026-05-06T16:34:00Z,SEDENTARY,Fitbit App
2026-05-06T17:03:00Z,SEDENTARY,Fitbit App
2026-05-06T17:05:00Z,SEDENTARY,Fitbit App
2026-05-06T17:06:00Z,LIGHTLY_ACTIVE,Fitbit App
2026-05-06T17:09:00Z,LIGHTLY_ACTIVE,Fitbit App
2026-05-06T17:10:00Z,LIGHTLY_ACTIVE,Fitbit App
2026-05-06T17:11:00Z,LIGHTLY_ACTIVE,Fitbit App
2026-05-06T17:12:00Z,LIGHTLY_ACTIVE,Fitbit App
2026-05-06T17:13:00Z,LIGHTLY_ACTIVE,Fitbit App
2026-05-06T17:18:00Z,SEDENTARY,Fitbit App
2026-05-06T17:19:00Z,SEDENTARY,Fitbit App
2026-05-06T17:33:00Z,SEDENTARY,Fitbit App
2026-05-06T17:38:00Z,SEDENTARY,Fitbit App
2026-05-06T17:39:00Z,SEDENTARY,Fitbit App
2026-05-06T17:40:00Z,SEDENTARY,Fitbit App
2026-05-06T17:42:00Z,SEDENTARY,Fitbit App
2026-05-06T17:45:00Z,SEDENTARY,Fitbit App
2026-05-06T17:51:00Z,SEDENTARY,Fitbit App
2026-05-06T17:54:00Z,SEDENTARY,Fitbit App
2026-05-06T17:56:00Z,SEDENTARY,Fitbit App
2026-05-06T18:02:00Z,SEDENTARY,Fitbit App
2026-05-06T18:08:00Z,SEDENTARY,Fitbit App
2026-05-06T18:10:00Z,SEDENTARY,Fitbit App
2026-05-06T18:13:00Z,SEDENTARY,Fitbit App
2026-05-06T18:28:00Z,SEDENTARY,Fitbit App
2026-05-06T18:29:00Z,SEDENTARY,Fitbit App
2026-05-06T18:38:00Z,SEDENTARY,Fitbit App
2026-05-06T18:41:00Z,SEDENTARY,Fitbit App
2026-05-06T18:42:00Z,SEDENTARY,Fitbit App
2026-05-06T18:43:00Z,SEDENTARY,Fitbit App
2026-05-06T18:47:00Z,LIGHTLY_ACTIVE,Fitbit App
2026-05-06T18:49:00Z,SEDENTARY,Fitbit App
2026-05-06T18:50:00Z,SEDENTARY,Fitbit App
2026-05-06T18:51:00Z,SEDENTARY,Fitbit App
2026-05-06T18:52:00Z,SEDENTARY,Fitbit App
2026-05-06T18:53:00Z,SEDENTARY,Fitbit App
2026-05-06T18:54:00Z,SEDENTARY,Fitbit App
2026-05-06T19:07:00Z,SEDENTARY,Fitbit App
2026-05-06T19:08:00Z,SEDENTARY,Fitbit App
2026-05-06T19:11:00Z,SEDENTARY,Fitbit App
2026-05-06T19:12:00Z,SEDENTARY,Fitbit App
2026-05-06T19:13:00Z,SEDENTARY,Fitbit App
2026-05-06T19:15:00Z,SEDENTARY,Fitbit App
2026-05-06T19:16:00Z,SEDENTARY,Fitbit App
2026-05-06T19:17:00Z,SEDENTARY,Fitbit App
2026-05-06T19:25:00Z,LIGHTLY_ACTIVE,Fitbit App
2026-05-06T19:26:00Z,LIGHTLY_ACTIVE,Fitbit App
2026-05-06T19:27:00Z,LIGHTLY_ACTIVE,Fitbit App
2026-05-06T19:28:00Z,LIGHTLY_ACTIVE,Fitbit App
2026-05-06T19:29:00Z,LIGHTLY_ACTIVE,Fitbit App
2026-05-06T19:30:00Z,SEDENTARY,Fitbit App
2026-05-06T19:31:00Z,LIGHTLY_ACTIVE,Fitbit App
2026-05-06T19:32:00Z,LIGHTLY_ACTIVE,Fitbit App
2026-05-06T19:33:00Z,LIGHTLY_ACTIVE,Fitbit App
2026-05-06T19:34:00Z,SEDENTARY,Fitbit App
2026-05-06T19:35:00Z,LIGHTLY_ACTIVE,Fitbit App
2026-05-06T19:36:00Z,LIGHTLY_ACTIVE,Fitbit App
2026-05-06T19:37:00Z,SEDENTARY,Fitbit App
2026-05-06T19:38:00Z,SEDENTARY,Fitbit App
2026-05-06T19:39:00Z,SEDENTARY,Fitbit App
2026-05-06T19:43:00Z,SEDENTARY,Fitbit App
2026-05-06T19:53:00Z,SEDENTARY,Fitbit App
2026-05-06T19:55:00Z,SEDENTARY,Fitbit App
2026-05-06T19:56:00Z,SEDENTARY,Fitbit App
2026-05-06T19:57:00Z,SEDENTARY,Fitbit App
2026-05-06T19:58:00Z,SEDENTARY,Fitbit App
2026-05-06T19:59:00Z,SEDENTARY,Fitbit App
2026-05-06T20:01:00Z,SEDENTARY,Fitbit App
2026-05-06T20:03:00Z,SEDENTARY,Fitbit App
2026-05-06T20:04:00Z,SEDENTARY,Fitbit App
2026-05-06T20:13:00Z,SEDENTARY,Fitbit App
2026-05-06T20:32:00Z,SEDENTARY,Fitbit App
2026-05-06T20:34:00Z,SEDENTARY,Fitbit App
2026-05-06T20:36:00Z,SEDENTARY,Fitbit App
2026-05-06T20:37:00Z,SEDENTARY,Fitbit App
2026-05-06T20:38:00Z,LIGHTLY_ACTIVE,Fitbit App
2026-05-06T20:39:00Z,SEDENTARY,Fitbit App
2026-05-06T20:40:00Z,LIGHTLY_ACTIVE,Fitbit App
2026-05-06T20:41:00Z,LIGHTLY_ACTIVE,Fitbit App
2026-05-06T20:42:00Z,SEDENTARY,Fitbit App
2026-05-06T20:43:00Z,SEDENTARY,Fitbit App
2026-05-06T20:44:00Z,SEDENTARY,Fitbit App
2026-05-06T20:45:00Z,SEDENTARY,Fitbit App
2026-05-06T20:46:00Z,SEDENTARY,Fitbit App
2026-05-06T20:47:00Z,SEDENTARY,Fitbit App
2026-05-06T20:48:00Z,SEDENTARY,Fitbit App
2026-05-06T20:49:00Z,SEDENTARY,Fitbit App
2026-05-06T20:50:00Z,SEDENTARY,Fitbit App
2026-05-06T20:51:00Z,SEDENTARY,Fitbit App
2026-05-06T20:52:00Z,SEDENTARY,Fitbit App
2026-05-06T20:53:00Z,SEDENTARY,Fitbit App
2026-05-06T20:54:00Z,SEDENTARY,Fitbit App
2026-05-06T20:55:00Z,SEDENTARY,Fitbit App
2026-05-06T20:56:00Z,SEDENTARY,Fitbit App
2026-05-06T21:10:00Z,SEDENTARY,Fitbit App
2026-05-06T21:15:00Z,SEDENTARY,Fitbit App
2026-05-06T21:19:00Z,SEDENTARY,Fitbit App
2026-05-06T21:25:00Z,LIGHTLY_ACTIVE,Fitbit App
2026-05-06T21:30:00Z,SEDENTARY,Fitbit App
2026-05-06T21:32:00Z,SEDENTARY,Fitbit App
2026-05-06T22:01:00Z,LIGHTLY_ACTIVE,Fitbit App
2026-05-06T22:02:00Z,LIGHTLY_ACTIVE,Fitbit App
2026-05-06T22:13:00Z,SEDENTARY,Fitbit App
2026-05-06T22:14:00Z,LIGHTLY_ACTIVE,Fitbit App
2026-05-06T22:15:00Z,LIGHTLY_ACTIVE,Fitbit App
2026-05-06T22:16:00Z,LIGHTLY_ACTIVE,Fitbit App
2026-05-06T22:17:00Z,LIGHTLY_ACTIVE,Fitbit App
2026-05-06T22:20:00Z,SEDENTARY,Fitbit App
2026-05-06T22:31:00Z,SEDENTARY,Fitbit App
2026-05-06T22:32:00Z,SEDENTARY,Fitbit App
2026-05-06T22:33:00Z,LIGHTLY_ACTIVE,Fitbit App
2026-05-06T22:46:00Z,SEDENTARY,Fitbit App
2026-05-06T22:58:00Z,SEDENTARY,Fitbit App
2026-05-06T23:08:00Z,SEDENTARY,Fitbit App
2026-05-06T23:45:00Z,SEDENTARY,Fitbit App
2026-05-06T23:46:00Z,SEDENTARY,Fitbit App
2026-05-07T00:37:00Z,SEDENTARY,Fitbit App
2026-05-07T01:34:00Z,SEDENTARY,Fitbit App
2026-05-07T01:49:00Z,SEDENTARY,Fitbit App
2026-05-07T02:10:00Z,SEDENTARY,Fitbit App
2026-05-07T03:07:00Z,SEDENTARY,Fitbit App
2026-05-07T03:38:00Z,SEDENTARY,Fitbit App
2026-05-07T03:52:00Z,SEDENTARY,Fitbit App
2026-05-07T04:09:00Z,SEDENTARY,Fitbit App
2026-05-07T04:32:00Z,SEDENTARY,Fitbit App
2026-05-07T04:39:00Z,SEDENTARY,Fitbit App
2026-05-07T04:44:00Z,SEDENTARY,Fitbit App
2026-05-07T04:46:00Z,SEDENTARY,Fitbit App
2026-05-07T04:52:00Z,SEDENTARY,Fitbit App
2026-05-07T04:56:00Z,SEDENTARY,Fitbit App
2026-05-07T05:03:00Z,SEDENTARY,Fitbit App
2026-05-07T05:15:00Z,SEDENTARY,Fitbit App
2026-05-07T05:25:00Z,SEDENTARY,Fitbit App
2026-05-07T05:28:00Z,SEDENTARY,Fitbit App
2026-05-07T05:34:00Z,SEDENTARY,Fitbit App
2026-05-07T05:36:00Z,SEDENTARY,Fitbit App
2026-05-07T05:37:00Z,SEDENTARY,Fitbit App
2026-05-07T05:40:00Z,SEDENTARY,Fitbit App
2026-05-07T05:44:00Z,LIGHTLY_ACTIVE,Fitbit App
2026-05-07T05:50:00Z,SEDENTARY,Fitbit App
2026-05-07T05:53:00Z,SEDENTARY,Fitbit App
2026-05-07T05:58:00Z,LIGHTLY_ACTIVE,Fitbit App
2026-05-07T06:25:00Z,LIGHTLY_ACTIVE,Fitbit App
2026-05-07T06:26:00Z,MODERATELY_ACTIVE,Fitbit App
2026-05-07T06:35:00Z,VERY_ACTIVE,Fitbit App
2026-05-07T06:36:00Z,VERY_ACTIVE,Fitbit App
2026-05-07T06:37:00Z,VERY_ACTIVE,Fitbit App
2026-05-07T06:38:00Z,LIGHTLY_ACTIVE,Fitbit App
2026-05-07T06:39:00Z,LIGHTLY_ACTIVE,Fitbit App
2026-05-07T06:40:00Z,LIGHTLY_ACTIVE,Fitbit App
2026-05-07T06:41:00Z,SEDENTARY,Fitbit App
2026-05-07T06:42:00Z,SEDENTARY,Fitbit App
2026-05-07T06:43:00Z,SEDENTARY,Fitbit App
2026-05-07T06:44:00Z,LIGHTLY_ACTIVE,Fitbit App
2026-05-07T06:45:00Z,SEDENTARY,Fitbit App
2026-05-07T06:46:00Z,SEDENTARY,Fitbit App
2026-05-07T06:47:00Z,SEDENTARY,Fitbit App
2026-05-07T06:48:00Z,SEDENTARY,Fitbit App
2026-05-07T06:49:00Z,SEDENTARY,Fitbit App
2026-05-07T06:50:00Z,SEDENTARY,Fitbit App
2026-05-07T06:51:00Z,SEDENTARY,Fitbit App
2026-05-07T06:52:00Z,SEDENTARY,Fitbit App
2026-05-07T06:53:00Z,SEDENTARY,Fitbit App
2026-05-07T06:54:00Z,SEDENTARY,Fitbit App
2026-05-07T06:55:00Z,SEDENTARY,Fitbit App
2026-05-07T06:56:00Z,SEDENTARY,Fitbit App
2026-05-07T06:57:00Z,SEDENTARY,Fitbit App
2026-05-07T06:58:00Z,SEDENTARY,Fitbit App
2026-05-07T06:59:00Z,SEDENTARY,Fitbit App
2026-05-07T07:00:00Z,SEDENTARY,Fitbit App
2026-05-07T07:01:00Z,SEDENTARY,Fitbit App
2026-05-07T07:02:00Z,SEDENTARY,Fitbit App
2026-05-07T07:03:00Z,SEDENTARY,Fitbit App
2026-05-07T07:04:00Z,SEDENTARY,Fitbit App
2026-05-07T07:05:00Z,SEDENTARY,Fitbit App
2026-05-07T07:06:00Z,SEDENTARY,Fitbit App
2026-05-07T07:07:00Z,SEDENTARY,Fitbit App
2026-05-07T07:08:00Z,SEDENTARY,Fitbit App
2026-05-07T07:09:00Z,SEDENTARY,Fitbit App
2026-05-07T07:10:00Z,SEDENTARY,Fitbit App
2026-05-07T07:11:00Z,SEDENTARY,Fitbit App
2026-05-07T07:13:00Z,SEDENTARY,Fitbit App
2026-05-07T07:14:00Z,SEDENTARY,Fitbit App
2026-05-07T07:15:00Z,SEDENTARY,Fitbit App
2026-05-07T07:16:00Z,SEDENTARY,Fitbit App
2026-05-07T07:17:00Z,SEDENTARY,Fitbit App
2026-05-07T07:18:00Z,SEDENTARY,Fitbit App
2026-05-07T07:19:00Z,SEDENTARY,Fitbit App
2026-05-07T07:20:00Z,SEDENTARY,Fitbit App
2026-05-07T07:21:00Z,SEDENTARY,Fitbit App
2026-05-07T07:22:00Z,SEDENTARY,Fitbit App
2026-05-07T07:23:00Z,SEDENTARY,Fitbit App
2026-05-07T07:24:00Z,LIGHTLY_ACTIVE,Fitbit App
2026-05-07T07:25:00Z,MODERATELY_ACTIVE,Fitbit App
2026-05-07T07:26:00Z,VERY_ACTIVE,Fitbit App
2026-05-07T07:27:00Z,LIGHTLY_ACTIVE,Fitbit App
2026-05-07T07:28:00Z,SEDENTARY,Fitbit App
2026-05-07T07:29:00Z,SEDENTARY,Fitbit App
2026-05-07T07:30:00Z,SEDENTARY,Fitbit App
2026-05-07T07:31:00Z,SEDENTARY,Fitbit App
2026-05-07T07:32:00Z,LIGHTLY_ACTIVE,Fitbit App
2026-05-07T07:33:00Z,MODERATELY_ACTIVE,Fitbit App
2026-05-07T07:34:00Z,LIGHTLY_ACTIVE,Fitbit App
2026-05-07T07:35:00Z,SEDENTARY,Fitbit App
2026-05-07T07:36:00Z,SEDENTARY,Fitbit App
2026-05-07T07:37:00Z,SEDENTARY,Fitbit App
2026-05-07T07:38:00Z,SEDENTARY,Fitbit App
2026-05-07T07:39:00Z,SEDENTARY,Fitbit App
2026-05-07T07:40:00Z,SEDENTARY,Fitbit App
2026-05-07T07:41:00Z,SEDENTARY,Fitbit App
2026-05-07T07:42:00Z,SEDENTARY,Fitbit App
2026-05-07T07:43:00Z,SEDENTARY,Fitbit App
2026-05-07T07:44:00Z,SEDENTARY,Fitbit App
2026-05-07T07:45:00Z,SEDENTARY,Fitbit App
2026-05-07T07:48:00Z,SEDENTARY,Fitbit App
2026-05-07T07:49:00Z,SEDENTARY,Fitbit App
2026-05-07T07:50:00Z,SEDENTARY,Fitbit App
2026-05-07T07:51:00Z,SEDENTARY,Fitbit App
2026-05-07T07:52:00Z,SEDENTARY,Fitbit App
2026-05-07T07:53:00Z,LIGHTLY_ACTIVE,Fitbit App
2026-05-07T07:54:00Z,LIGHTLY_ACTIVE,Fitbit App
2026-05-07T07:55:00Z,LIGHTLY_ACTIVE,Fitbit App
2026-05-07T07:56:00Z,MODERATELY_ACTIVE,Fitbit App
2026-05-07T07:57:00Z,MODERATELY_ACTIVE,Fitbit App
2026-05-07T07:58:00Z,MODERATELY_ACTIVE,Fitbit App
2026-05-07T07:59:00Z,LIGHTLY_ACTIVE,Fitbit App
2026-05-07T08:00:00Z,LIGHTLY_ACTIVE,Fitbit App
2026-05-07T08:01:00Z,LIGHTLY_ACTIVE,Fitbit App
2026-05-07T08:02:00Z,SEDENTARY,Fitbit App
2026-05-07T08:03:00Z,SEDENTARY,Fitbit App
2026-05-07T08:04:00Z,SEDENTARY,Fitbit App
2026-05-07T08:05:00Z,LIGHTLY_ACTIVE,Fitbit App
2026-05-07T08:06:00Z,LIGHTLY_ACTIVE,Fitbit App
2026-05-07T08:07:00Z,SEDENTARY,Fitbit App
2026-05-07T08:08:00Z,SEDENTARY,Fitbit App
2026-05-07T08:09:00Z,SEDENTARY,Fitbit App
2026-05-07T08:10:00Z,LIGHTLY_ACTIVE,Fitbit App
2026-05-07T08:11:00Z,LIGHTLY_ACTIVE,Fitbit App
2026-05-07T08:12:00Z,LIGHTLY_ACTIVE,Fitbit App
2026-05-07T08:13:00Z,SEDENTARY,Fitbit App
2026-05-07T08:14:00Z,SEDENTARY,Fitbit App
2026-05-07T08:16:00Z,LIGHTLY_ACTIVE,Fitbit App
2026-05-07T08:17:00Z,LIGHTLY_ACTIVE,Fitbit App
2026-05-07T08:18:00Z,MODERATELY_ACTIVE,Fitbit App
2026-05-07T08:19:00Z,MODERATELY_ACTIVE,Fitbit App
2026-05-07T08:20:00Z,LIGHTLY_ACTIVE,Fitbit App
2026-05-07T08:21:00Z,SEDENTARY,Fitbit App
2026-05-07T08:22:00Z,SEDENTARY,Fitbit App
2026-05-07T08:23:00Z,SEDENTARY,Fitbit App
2026-05-07T08:24:00Z,SEDENTARY,Fitbit App
2026-05-07T08:25:00Z,SEDENTARY,Fitbit App
2026-05-07T08:26:00Z,SEDENTARY,Fitbit App
2026-05-07T08:27:00Z,SEDENTARY,Fitbit App
2026-05-07T08:28:00Z,LIGHTLY_ACTIVE,Fitbit App
2026-05-07T08:29:00Z,LIGHTLY_ACTIVE,Fitbit App
2026-05-07T08:30:00Z,VERY_ACTIVE,Fitbit App
2026-05-07T08:31:00Z,MODERATELY_ACTIVE,Fitbit App
2026-05-07T08:32:00Z,SEDENTARY,Fitbit App
2026-05-07T08:33:00Z,SEDENTARY,Fitbit App
2026-05-07T08:34:00Z,SEDENTARY,Fitbit App
2026-05-07T08:35:00Z,SEDENTARY,Fitbit App
2026-05-07T08:36:00Z,LIGHTLY_ACTIVE,Fitbit App
2026-05-07T08:37:00Z,SEDENTARY,Fitbit App
2026-05-07T08:38:00Z,SEDENTARY,Fitbit App
2026-05-07T08:39:00Z,SEDENTARY,Fitbit App
2026-05-07T08:40:00Z,SEDENTARY,Fitbit App
2026-05-07T08:41:00Z,SEDENTARY,Fitbit App
2026-05-07T08:42:00Z,SEDENTARY,Fitbit App
2026-05-07T08:43:00Z,SEDENTARY,Fitbit App
2026-05-07T08:44:00Z,SEDENTARY,Fitbit App
2026-05-07T08:45:00Z,SEDENTARY,Fitbit App
2026-05-07T08:46:00Z,SEDENTARY,Fitbit App
2026-05-07T08:47:00Z,SEDENTARY,Fitbit App
2026-05-07T08:48:00Z,SEDENTARY,Fitbit App
2026-05-07T08:49:00Z,SEDENTARY,Fitbit App
2026-05-07T08:50:00Z,SEDENTARY,Fitbit App
2026-05-07T08:51:00Z,SEDENTARY,Fitbit App
2026-05-07T08:52:00Z,LIGHTLY_ACTIVE,Fitbit App
2026-05-07T08:53:00Z,SEDENTARY,Fitbit App
2026-05-07T08:54:00Z,SEDENTARY,Fitbit App
2026-05-07T08:55:00Z,SEDENTARY,Fitbit App
2026-05-07T08:56:00Z,SEDENTARY,Fitbit App
2026-05-07T08:57:00Z,SEDENTARY,Fitbit App
2026-05-07T08:58:00Z,LIGHTLY_ACTIVE,Fitbit App
2026-05-07T08:59:00Z,SEDENTARY,Fitbit App
2026-05-07T09:00:00Z,SEDENTARY,Fitbit App
2026-05-07T09:01:00Z,SEDENTARY,Fitbit App
2026-05-07T09:02:00Z,SEDENTARY,Fitbit App
2026-05-07T09:03:00Z,SEDENTARY,Fitbit App
2026-05-07T09:04:00Z,SEDENTARY,Fitbit App
2026-05-07T09:05:00Z,SEDENTARY,Fitbit App
2026-05-07T09:06:00Z,SEDENTARY,Fitbit App
2026-05-07T09:07:00Z,LIGHTLY_ACTIVE,Fitbit App
2026-05-07T09:08:00Z,SEDENTARY,Fitbit App
2026-05-07T09:09:00Z,SEDENTARY,Fitbit App
2026-05-07T09:10:00Z,SEDENTARY,Fitbit App
2026-05-07T09:11:00Z,SEDENTARY,Fitbit App
2026-05-07T09:12:00Z,SEDENTARY,Fitbit App
2026-05-07T09:13:00Z,SEDENTARY,Fitbit App
2026-05-07T09:14:00Z,SEDENTARY,Fitbit App
2026-05-07T09:15:00Z,SEDENTARY,Fitbit App
2026-05-07T09:16:00Z,SEDENTARY,Fitbit App
2026-05-07T09:17:00Z,SEDENTARY,Fitbit App
2026-05-07T09:18:00Z,SEDENTARY,Fitbit App
2026-05-07T09:19:00Z,SEDENTARY,Fitbit App
2026-05-07T09:20:00Z,SEDENTARY,Fitbit App
2026-05-07T09:21:00Z,LIGHTLY_ACTIVE,Fitbit App
2026-05-07T09:22:00Z,LIGHTLY_ACTIVE,Fitbit App
2026-05-07T09:23:00Z,SEDENTARY,Fitbit App
2026-05-07T09:24:00Z,SEDENTARY,Fitbit App
2026-05-07T09:25:00Z,SEDENTARY,Fitbit App
2026-05-07T09:26:00Z,SEDENTARY,Fitbit App
2026-05-07T09:27:00Z,LIGHTLY_ACTIVE,Fitbit App
2026-05-07T09:28:00Z,SEDENTARY,Fitbit App
2026-05-07T09:29:00Z,SEDENTARY,Fitbit App
2026-05-07T09:30:00Z,SEDENTARY,Fitbit App
2026-05-07T09:31:00Z,SEDENTARY,Fitbit App
2026-05-07T09:32:00Z,SEDENTARY,Fitbit App
2026-05-07T09:33:00Z,SEDENTARY,Fitbit App
2026-05-07T09:34:00Z,SEDENTARY,Fitbit App
2026-05-07T09:35:00Z,SEDENTARY,Fitbit App
2026-05-07T09:36:00Z,LIGHTLY_ACTIVE,Fitbit App
2026-05-07T09:37:00Z,SEDENTARY,Fitbit App
2026-05-07T09:38:00Z,SEDENTARY,Fitbit App
2026-05-07T09:39:00Z,SEDENTARY,Fitbit App
2026-05-07T09:40:00Z,LIGHTLY_ACTIVE,Fitbit App
2026-05-07T09:41:00Z,SEDENTARY,Fitbit App
2026-05-07T09:42:00Z,SEDENTARY,Fitbit App
2026-05-07T09:43:00Z,SEDENTARY,Fitbit App
2026-05-07T09:45:00Z,SEDENTARY,Fitbit App
2026-05-07T09:46:00Z,LIGHTLY_ACTIVE,Fitbit App
2026-05-07T09:47:00Z,LIGHTLY_ACTIVE,Fitbit App
2026-05-07T09:48:00Z,LIGHTLY_ACTIVE,Fitbit App
2026-05-07T09:49:00Z,VERY_ACTIVE,Fitbit App
2026-05-07T09:50:00Z,VERY_ACTIVE,Fitbit App
2026-05-07T09:51:00Z,MODERATELY_ACTIVE,Fitbit App
2026-05-07T09:52:00Z,LIGHTLY_ACTIVE,Fitbit App
2026-05-07T09:53:00Z,MODERATELY_ACTIVE,Fitbit App
2026-05-07T09:54:00Z,MODERATELY_ACTIVE,Fitbit App
2026-05-07T09:55:00Z,MODERATELY_ACTIVE,Fitbit App
2026-05-07T09:56:00Z,MODERATELY_ACTIVE,Fitbit App
2026-05-07T09:57:00Z,MODERATELY_ACTIVE,Fitbit App
2026-05-07T09:58:00Z,MODERATELY_ACTIVE,Fitbit App
2026-05-07T09:59:00Z,MODERATELY_ACTIVE,Fitbit App
2026-05-07T10:00:00Z,VERY_ACTIVE,Fitbit App
2026-05-07T10:01:00Z,VERY_ACTIVE,Fitbit App
2026-05-07T10:02:00Z,MODERATELY_ACTIVE,Fitbit App
2026-05-07T10:03:00Z,MODERATELY_ACTIVE,Fitbit App
2026-05-07T10:04:00Z,LIGHTLY_ACTIVE,Fitbit App
2026-05-07T10:05:00Z,LIGHTLY_ACTIVE,Fitbit App
2026-05-07T10:06:00Z,LIGHTLY_ACTIVE,Fitbit App
2026-05-07T10:07:00Z,LIGHTLY_ACTIVE,Fitbit App
2026-05-07T10:08:00Z,MODERATELY_ACTIVE,Fitbit App
2026-05-07T10:09:00Z,LIGHTLY_ACTIVE,Fitbit App
2026-05-07T10:10:00Z,SEDENTARY,Fitbit App
2026-05-07T10:11:00Z,LIGHTLY_ACTIVE,Fitbit App
2026-05-07T10:12:00Z,MODERATELY_ACTIVE,Fitbit App
2026-05-07T10:13:00Z,SEDENTARY,Fitbit App
2026-05-07T10:14:00Z,SEDENTARY,Fitbit App
2026-05-07T10:15:00Z,SEDENTARY,Fitbit App
2026-05-07T10:16:00Z,SEDENTARY,Fitbit App
2026-05-07T10:17:00Z,SEDENTARY,Fitbit App
2026-05-07T10:18:00Z,SEDENTARY,Fitbit App
2026-05-07T10:19:00Z,SEDENTARY,Fitbit App
2026-05-07T10:20:00Z,SEDENTARY,Fitbit App
2026-05-07T10:21:00Z,SEDENTARY,Fitbit App
2026-05-07T10:22:00Z,LIGHTLY_ACTIVE,Fitbit App
2026-05-07T10:23:00Z,MODERATELY_ACTIVE,Fitbit App
2026-05-07T10:24:00Z,LIGHTLY_ACTIVE,Fitbit App
2026-05-07T10:25:00Z,SEDENTARY,Fitbit App
2026-05-07T10:26:00Z,SEDENTARY,Fitbit App
2026-05-07T10:27:00Z,SEDENTARY,Fitbit App
2026-05-07T10:29:00Z,SEDENTARY,Fitbit App
2026-05-07T10:34:00Z,SEDENTARY,Fitbit App
2026-05-07T10:35:00Z,SEDENTARY,Fitbit App
2026-05-07T10:36:00Z,SEDENTARY,Fitbit App
2026-05-07T10:37:00Z,SEDENTARY,Fitbit App
2026-05-07T10:38:00Z,SEDENTARY,Fitbit App
2026-05-07T10:39:00Z,SEDENTARY,Fitbit App
2026-05-07T10:41:00Z,SEDENTARY,Fitbit App
2026-05-07T10:44:00Z,SEDENTARY,Fitbit App
2026-05-07T10:45:00Z,SEDENTARY,Fitbit App
2026-05-07T10:46:00Z,SEDENTARY,Fitbit App
2026-05-07T10:54:00Z,SEDENTARY,Fitbit App
2026-05-07T10:57:00Z,SEDENTARY,Fitbit App
2026-05-07T11:01:00Z,SEDENTARY,Fitbit App
2026-05-07T11:14:00Z,SEDENTARY,Fitbit App
2026-05-07T11:15:00Z,SEDENTARY,Fitbit App
2026-05-07T11:16:00Z,SEDENTARY,Fitbit App
2026-05-07T11:25:00Z,SEDENTARY,Fitbit App
2026-05-07T11:30:00Z,SEDENTARY,Fitbit App
2026-05-07T11:38:00Z,SEDENTARY,Fitbit App
2026-05-07T11:46:00Z,SEDENTARY,Fitbit App
2026-05-07T11:47:00Z,SEDENTARY,Fitbit App
2026-05-07T11:53:00Z,SEDENTARY,Fitbit App
2026-05-07T11:58:00Z,SEDENTARY,Fitbit App
2026-05-07T12:01:00Z,SEDENTARY,Fitbit App
2026-05-07T12:04:00Z,SEDENTARY,Fitbit App
2026-05-07T12:07:00Z,LIGHTLY_ACTIVE,Fitbit App
2026-05-07T12:08:00Z,LIGHTLY_ACTIVE,Fitbit App
2026-05-07T12:09:00Z,MODERATELY_ACTIVE,Fitbit App
2026-05-07T12:10:00Z,LIGHTLY_ACTIVE,Fitbit App
2026-05-07T12:11:00Z,LIGHTLY_ACTIVE,Fitbit App
2026-05-07T12:12:00Z,LIGHTLY_ACTIVE,Fitbit App
2026-05-07T12:13:00Z,MODERATELY_ACTIVE,Fitbit App
2026-05-07T12:14:00Z,VERY_ACTIVE,Fitbit App
2026-05-07T12:15:00Z,LIGHTLY_ACTIVE,Fitbit App
2026-05-07T12:16:00Z,VERY_ACTIVE,Fitbit App
2026-05-07T12:17:00Z,MODERATELY_ACTIVE,Fitbit App
2026-05-07T12:18:00Z,MODERATELY_ACTIVE,Fitbit App
2026-05-07T12:19:00Z,VERY_ACTIVE,Fitbit App
2026-05-07T12:20:00Z,VERY_ACTIVE,Fitbit App
2026-05-07T12:21:00Z,VERY_ACTIVE,Fitbit App
2026-05-07T12:22:00Z,VERY_ACTIVE,Fitbit App
2026-05-07T12:23:00Z,LIGHTLY_ACTIVE,Fitbit App
2026-05-07T12:24:00Z,MODERATELY_ACTIVE,Fitbit App
2026-05-07T12:25:00Z,MODERATELY_ACTIVE,Fitbit App
2026-05-07T12:26:00Z,MODERATELY_ACTIVE,Fitbit App
2026-05-07T12:27:00Z,MODERATELY_ACTIVE,Fitbit App
2026-05-07T12:28:00Z,MODERATELY_ACTIVE,Fitbit App
2026-05-07T12:29:00Z,MODERATELY_ACTIVE,Fitbit App
2026-05-07T12:30:00Z,LIGHTLY_ACTIVE,Fitbit App
2026-05-07T12:31:00Z,MODERATELY_ACTIVE,Fitbit App
2026-05-07T12:32:00Z,MODERATELY_ACTIVE,Fitbit App
2026-05-07T12:33:00Z,VERY_ACTIVE,Fitbit App
2026-05-07T12:34:00Z,VERY_ACTIVE,Fitbit App
2026-05-07T12:35:00Z,MODERATELY_ACTIVE,Fitbit App
2026-05-07T12:36:00Z,VERY_ACTIVE,Fitbit App
2026-05-07T12:37:00Z,MODERATELY_ACTIVE,Fitbit App
2026-05-07T12:38:00Z,VERY_ACTIVE,Fitbit App
2026-05-07T12:39:00Z,VERY_ACTIVE,Fitbit App
2026-05-07T12:40:00Z,LIGHTLY_ACTIVE,Fitbit App
2026-05-07T12:41:00Z,LIGHTLY_ACTIVE,Fitbit App
2026-05-07T12:42:00Z,SEDENTARY,Fitbit App
2026-05-07T12:43:00Z,LIGHTLY_ACTIVE,Fitbit App
2026-05-07T12:44:00Z,SEDENTARY,Fitbit App
2026-05-07T12:45:00Z,SEDENTARY,Fitbit App
2026-05-07T12:46:00Z,SEDENTARY,Fitbit App
2026-05-07T12:47:00Z,SEDENTARY,Fitbit App
2026-05-07T12:48:00Z,LIGHTLY_ACTIVE,Fitbit App
2026-05-07T12:49:00Z,MODERATELY_ACTIVE,Fitbit App
2026-05-07T12:50:00Z,MODERATELY_ACTIVE,Fitbit App
2026-05-07T12:51:00Z,LIGHTLY_ACTIVE,Fitbit App
2026-05-07T12:52:00Z,LIGHTLY_ACTIVE,Fitbit App
2026-05-07T12:53:00Z,LIGHTLY_ACTIVE,Fitbit App
2026-05-07T12:54:00Z,LIGHTLY_ACTIVE,Fitbit App
2026-05-07T12:55:00Z,SEDENTARY,Fitbit App
2026-05-07T12:57:00Z,SEDENTARY,Fitbit App
2026-05-07T12:58:00Z,SEDENTARY,Fitbit App
2026-05-07T12:59:00Z,SEDENTARY,Fitbit App
2026-05-07T13:00:00Z,LIGHTLY_ACTIVE,Fitbit App
2026-05-07T13:01:00Z,LIGHTLY_ACTIVE,Fitbit App
2026-05-07T13:02:00Z,LIGHTLY_ACTIVE,Fitbit App
2026-05-07T13:03:00Z,LIGHTLY_ACTIVE,Fitbit App
2026-05-07T13:04:00Z,LIGHTLY_ACTIVE,Fitbit App
2026-05-07T13:05:00Z,SEDENTARY,Fitbit App
2026-05-07T13:08:00Z,LIGHTLY_ACTIVE,Fitbit App
2026-05-07T13:09:00Z,SEDENTARY,Fitbit App
2026-05-07T13:10:00Z,LIGHTLY_ACTIVE,Fitbit App
2026-05-07T13:11:00Z,LIGHTLY_ACTIVE,Fitbit App
2026-05-07T13:12:00Z,LIGHTLY_ACTIVE,Fitbit App
2026-05-07T13:15:00Z,SEDENTARY,Fitbit App
2026-05-07T13:17:00Z,SEDENTARY,Fitbit App
2026-05-07T13:20:00Z,SEDENTARY,Fitbit App
2026-05-07T13:24:00Z,SEDENTARY,Fitbit App
2026-05-07T13:31:00Z,SEDENTARY,Fitbit App
2026-05-07T13:32:00Z,SEDENTARY,Fitbit App
2026-05-07T13:33:00Z,SEDENTARY,Fitbit App
2026-05-07T13:43:00Z,SEDENTARY,Fitbit App
2026-05-07T14:05:00Z,SEDENTARY,Fitbit App
2026-05-07T14:14:00Z,LIGHTLY_ACTIVE,Fitbit App
2026-05-07T14:15:00Z,LIGHTLY_ACTIVE,Fitbit App
2026-05-07T14:17:00Z,LIGHTLY_ACTIVE,Fitbit App
2026-05-07T14:18:00Z,MODERATELY_ACTIVE,Fitbit App
2026-05-07T14:19:00Z,LIGHTLY_ACTIVE,Fitbit App
2026-05-07T14:20:00Z,LIGHTLY_ACTIVE,Fitbit App
2026-05-07T14:21:00Z,LIGHTLY_ACTIVE,Fitbit App
2026-05-07T14:22:00Z,LIGHTLY_ACTIVE,Fitbit App
2026-05-07T14:23:00Z,MODERATELY_ACTIVE,Fitbit App
2026-05-07T14:32:00Z,SEDENTARY,Fitbit App
2026-05-07T14:44:00Z,SEDENTARY,Fitbit App
2026-05-07T14:45:00Z,SEDENTARY,Fitbit App
2026-05-07T14:46:00Z,SEDENTARY,Fitbit App
2026-05-07T14:47:00Z,LIGHTLY_ACTIVE,Fitbit App
2026-05-07T14:52:00Z,SEDENTARY,Fitbit App
2026-05-07T14:53:00Z,SEDENTARY,Fitbit App
2026-05-07T14:54:00Z,LIGHTLY_ACTIVE,Fitbit App
2026-05-07T14:55:00Z,LIGHTLY_ACTIVE,Fitbit App
2026-05-07T14:56:00Z,LIGHTLY_ACTIVE,Fitbit App
2026-05-07T14:57:00Z,LIGHTLY_ACTIVE,Fitbit App
2026-05-07T14:58:00Z,LIGHTLY_ACTIVE,Fitbit App
2026-05-07T14:59:00Z,LIGHTLY_ACTIVE,Fitbit App
2026-05-07T15:00:00Z,LIGHTLY_ACTIVE,Fitbit App
2026-05-07T15:01:00Z,LIGHTLY_ACTIVE,Fitbit App
2026-05-07T15:02:00Z,LIGHTLY_ACTIVE,Fitbit App
2026-05-07T15:03:00Z,LIGHTLY_ACTIVE,Fitbit App
2026-05-07T15:04:00Z,LIGHTLY_ACTIVE,Fitbit App
2026-05-07T15:05:00Z,SEDENTARY,Fitbit App
2026-05-07T15:06:00Z,SEDENTARY,Fitbit App
2026-05-07T15:07:00Z,LIGHTLY_ACTIVE,Fitbit App
2026-05-07T15:08:00Z,LIGHTLY_ACTIVE,Fitbit App
2026-05-07T15:09:00Z,LIGHTLY_ACTIVE,Fitbit App
2026-05-07T15:10:00Z,LIGHTLY_ACTIVE,Fitbit App
2026-05-07T15:11:00Z,SEDENTARY,Fitbit App
2026-05-07T15:12:00Z,LIGHTLY_ACTIVE,Fitbit App
2026-05-07T15:13:00Z,LIGHTLY_ACTIVE,Fitbit App
2026-05-07T15:14:00Z,LIGHTLY_ACTIVE,Fitbit App
2026-05-07T15:15:00Z,LIGHTLY_ACTIVE,Fitbit App
2026-05-07T15:17:00Z,LIGHTLY_ACTIVE,Fitbit App
2026-05-07T15:18:00Z,SEDENTARY,Fitbit App
2026-05-07T15:19:00Z,LIGHTLY_ACTIVE,Fitbit App
2026-05-07T15:20:00Z,LIGHTLY_ACTIVE,Fitbit App
2026-05-07T15:21:00Z,LIGHTLY_ACTIVE,Fitbit App
2026-05-07T15:22:00Z,LIGHTLY_ACTIVE,Fitbit App
2026-05-07T15:23:00Z,LIGHTLY_ACTIVE,Fitbit App
2026-05-07T15:24:00Z,LIGHTLY_ACTIVE,Fitbit App
2026-05-07T15:25:00Z,SEDENTARY,Fitbit App
2026-05-07T15:26:00Z,SEDENTARY,Fitbit App
2026-05-07T15:27:00Z,SEDENTARY,Fitbit App
2026-05-07T15:28:00Z,SEDENTARY,Fitbit App
2026-05-07T15:29:00Z,SEDENTARY,Fitbit App
2026-05-07T15:32:00Z,SEDENTARY,Fitbit App
2026-05-07T15:33:00Z,SEDENTARY,Fitbit App
2026-05-07T15:35:00Z,SEDENTARY,Fitbit App
2026-05-07T15:37:00Z,SEDENTARY,Fitbit App
2026-05-07T15:38:00Z,SEDENTARY,Fitbit App
2026-05-07T15:39:00Z,SEDENTARY,Fitbit App
2026-05-07T15:40:00Z,SEDENTARY,Fitbit App
2026-05-07T15:41:00Z,SEDENTARY,Fitbit App
2026-05-07T15:43:00Z,SEDENTARY,Fitbit App
2026-05-07T15:45:00Z,SEDENTARY,Fitbit App
2026-05-07T15:46:00Z,SEDENTARY,Fitbit App
2026-05-07T15:47:00Z,SEDENTARY,Fitbit App
2026-05-07T15:48:00Z,SEDENTARY,Fitbit App
2026-05-07T15:49:00Z,SEDENTARY,Fitbit App
2026-05-07T15:50:00Z,SEDENTARY,Fitbit App
2026-05-07T15:53:00Z,SEDENTARY,Fitbit App
2026-05-07T15:54:00Z,SEDENTARY,Fitbit App
2026-05-07T15:55:00Z,SEDENTARY,Fitbit App
2026-05-07T15:57:00Z,SEDENTARY,Fitbit App
2026-05-07T15:58:00Z,SEDENTARY,Fitbit App
2026-05-07T15:59:00Z,SEDENTARY,Fitbit App
2026-05-07T16:00:00Z,SEDENTARY,Fitbit App
2026-05-07T16:01:00Z,SEDENTARY,Fitbit App
2026-05-07T16:03:00Z,LIGHTLY_ACTIVE,Fitbit App
2026-05-07T16:04:00Z,SEDENTARY,Fitbit App
2026-05-07T16:05:00Z,SEDENTARY,Fitbit App
2026-05-07T16:10:00Z,SEDENTARY,Fitbit App
2026-05-07T16:11:00Z,SEDENTARY,Fitbit App
2026-05-07T16:12:00Z,SEDENTARY,Fitbit App
2026-05-07T16:14:00Z,SEDENTARY,Fitbit App
2026-05-07T16:16:00Z,SEDENTARY,Fitbit App
2026-05-07T16:17:00Z,SEDENTARY,Fitbit App
2026-05-07T16:19:00Z,SEDENTARY,Fitbit App
2026-05-07T16:20:00Z,LIGHTLY_ACTIVE,Fitbit App
2026-05-07T16:21:00Z,LIGHTLY_ACTIVE,Fitbit App
2026-05-07T16:22:00Z,SEDENTARY,Fitbit App
2026-05-07T16:23:00Z,SEDENTARY,Fitbit App
2026-05-07T16:24:00Z,SEDENTARY,Fitbit App
2026-05-07T16:25:00Z,SEDENTARY,Fitbit App
2026-05-07T16:30:00Z,LIGHTLY_ACTIVE,Fitbit App
2026-05-07T16:31:00Z,SEDENTARY,Fitbit App
2026-05-07T16:32:00Z,LIGHTLY_ACTIVE,Fitbit App
2026-05-07T16:33:00Z,LIGHTLY_ACTIVE,Fitbit App
2026-05-07T16:34:00Z,LIGHTLY_ACTIVE,Fitbit App
2026-05-07T16:35:00Z,LIGHTLY_ACTIVE,Fitbit App
2026-05-07T16:36:00Z,LIGHTLY_ACTIVE,Fitbit App
2026-05-07T16:37:00Z,MODERATELY_ACTIVE,Fitbit App
2026-05-07T16:38:00Z,LIGHTLY_ACTIVE,Fitbit App
2026-05-07T16:39:00Z,LIGHTLY_ACTIVE,Fitbit App
2026-05-07T16:40:00Z,SEDENTARY,Fitbit App
2026-05-07T16:44:00Z,SEDENTARY,Fitbit App
2026-05-07T16:45:00Z,SEDENTARY,Fitbit App
2026-05-07T16:46:00Z,SEDENTARY,Fitbit App
2026-05-07T16:47:00Z,SEDENTARY,Fitbit App
2026-05-07T16:49:00Z,SEDENTARY,Fitbit App
2026-05-07T16:51:00Z,SEDENTARY,Fitbit App
2026-05-07T16:52:00Z,SEDENTARY,Fitbit App
2026-05-07T16:53:00Z,SEDENTARY,Fitbit App
2026-05-07T16:54:00Z,SEDENTARY,Fitbit App
2026-05-07T16:55:00Z,LIGHTLY_ACTIVE,Fitbit App
2026-05-07T16:56:00Z,SEDENTARY,Fitbit App
2026-05-07T17:00:00Z,SEDENTARY,Fitbit App
2026-05-07T17:01:00Z,SEDENTARY,Fitbit App
2026-05-07T17:02:00Z,SEDENTARY,Fitbit App
2026-05-07T17:05:00Z,SEDENTARY,Fitbit App
2026-05-07T17:06:00Z,SEDENTARY,Fitbit App
2026-05-07T17:07:00Z,SEDENTARY,Fitbit App
2026-05-07T17:08:00Z,LIGHTLY_ACTIVE,Fitbit App
2026-05-07T17:09:00Z,LIGHTLY_ACTIVE,Fitbit App
2026-05-07T17:10:00Z,SEDENTARY,Fitbit App
2026-05-07T17:11:00Z,LIGHTLY_ACTIVE,Fitbit App
2026-05-07T17:12:00Z,LIGHTLY_ACTIVE,Fitbit App
2026-05-07T17:13:00Z,LIGHTLY_ACTIVE,Fitbit App
2026-05-07T17:14:00Z,LIGHTLY_ACTIVE,Fitbit App
2026-05-07T17:15:00Z,SEDENTARY,Fitbit App
2026-05-07T17:17:00Z,LIGHTLY_ACTIVE,Fitbit App
2026-05-07T17:18:00Z,MODERATELY_ACTIVE,Fitbit App
2026-05-07T17:19:00Z,MODERATELY_ACTIVE,Fitbit App
2026-05-07T17:20:00Z,MODERATELY_ACTIVE,Fitbit App
2026-05-07T17:21:00Z,VERY_ACTIVE,Fitbit App
2026-05-07T17:22:00Z,VERY_ACTIVE,Fitbit App
2026-05-07T17:23:00Z,MODERATELY_ACTIVE,Fitbit App
2026-05-07T17:24:00Z,MODERATELY_ACTIVE,Fitbit App
2026-05-07T17:25:00Z,VERY_ACTIVE,Fitbit App
2026-05-07T17:26:00Z,VERY_ACTIVE,Fitbit App
2026-05-07T17:27:00Z,VERY_ACTIVE,Fitbit App
2026-05-07T17:28:00Z,MODERATELY_ACTIVE,Fitbit App
2026-05-07T17:29:00Z,MODERATELY_ACTIVE,Fitbit App
2026-05-07T17:30:00Z,LIGHTLY_ACTIVE,Fitbit App
2026-05-07T17:31:00Z,LIGHTLY_ACTIVE,Fitbit App
2026-05-07T17:32:00Z,LIGHTLY_ACTIVE,Fitbit App
2026-05-07T17:33:00Z,LIGHTLY_ACTIVE,Fitbit App
2026-05-07T17:34:00Z,SEDENTARY,Fitbit App
2026-05-07T17:35:00Z,LIGHTLY_ACTIVE,Fitbit App
2026-05-07T17:36:00Z,LIGHTLY_ACTIVE,Fitbit App
2026-05-07T17:37:00Z,LIGHTLY_ACTIVE,Fitbit App
2026-05-07T17:38:00Z,MODERATELY_ACTIVE,Fitbit App
2026-05-07T17:39:00Z,MODERATELY_ACTIVE,Fitbit App
2026-05-07T17:40:00Z,LIGHTLY_ACTIVE,Fitbit App
2026-05-07T17:41:00Z,LIGHTLY_ACTIVE,Fitbit App
2026-05-07T17:42:00Z,MODERATELY_ACTIVE,Fitbit App
2026-05-07T17:43:00Z,MODERATELY_ACTIVE,Fitbit App
2026-05-07T17:44:00Z,MODERATELY_ACTIVE,Fitbit App
2026-05-07T17:45:00Z,VERY_ACTIVE,Fitbit App
2026-05-07T17:46:00Z,MODERATELY_ACTIVE,Fitbit App
2026-05-07T17:47:00Z,LIGHTLY_ACTIVE,Fitbit App
2026-05-07T17:48:00Z,LIGHTLY_ACTIVE,Fitbit App
2026-05-07T17:49:00Z,LIGHTLY_ACTIVE,Fitbit App
2026-05-07T17:50:00Z,LIGHTLY_ACTIVE,Fitbit App
2026-05-07T17:51:00Z,LIGHTLY_ACTIVE,Fitbit App
2026-05-07T17:52:00Z,SEDENTARY,Fitbit App
2026-05-07T17:53:00Z,SEDENTARY,Fitbit App
2026-05-07T17:54:00Z,LIGHTLY_ACTIVE,Fitbit App
2026-05-07T17:55:00Z,SEDENTARY,Fitbit App
2026-05-07T17:56:00Z,SEDENTARY,Fitbit App
2026-05-07T17:57:00Z,SEDENTARY,Fitbit App
2026-05-07T17:58:00Z,SEDENTARY,Fitbit App
2026-05-07T17:59:00Z,LIGHTLY_ACTIVE,Fitbit App
2026-05-07T18:00:00Z,VERY_ACTIVE,Fitbit App
2026-05-07T18:01:00Z,VERY_ACTIVE,Fitbit App
2026-05-07T18:02:00Z,MODERATELY_ACTIVE,Fitbit App
2026-05-07T18:03:00Z,VERY_ACTIVE,Fitbit App
2026-05-07T18:04:00Z,VERY_ACTIVE,Fitbit App
2026-05-07T18:05:00Z,LIGHTLY_ACTIVE,Fitbit App
2026-05-07T18:06:00Z,LIGHTLY_ACTIVE,Fitbit App
2026-05-07T18:07:00Z,SEDENTARY,Fitbit App
2026-05-07T18:08:00Z,SEDENTARY,Fitbit App
2026-05-07T18:09:00Z,SEDENTARY,Fitbit App
2026-05-07T18:10:00Z,SEDENTARY,Fitbit App
2026-05-07T18:11:00Z,SEDENTARY,Fitbit App
2026-05-07T18:12:00Z,SEDENTARY,Fitbit App
2026-05-07T18:13:00Z,SEDENTARY,Fitbit App
2026-05-07T18:14:00Z,LIGHTLY_ACTIVE,Fitbit App
2026-05-07T18:15:00Z,LIGHTLY_ACTIVE,Fitbit App
2026-05-07T18:16:00Z,LIGHTLY_ACTIVE,Fitbit App
2026-05-07T18:17:00Z,LIGHTLY_ACTIVE,Fitbit App
2026-05-07T18:18:00Z,LIGHTLY_ACTIVE,Fitbit App
2026-05-07T18:19:00Z,LIGHTLY_ACTIVE,Fitbit App
2026-05-07T18:20:00Z,MODERATELY_ACTIVE,Fitbit App
2026-05-07T18:21:00Z,LIGHTLY_ACTIVE,Fitbit App
2026-05-07T18:22:00Z,SEDENTARY,Fitbit App
2026-05-07T18:23:00Z,SEDENTARY,Fitbit App
2026-05-07T18:24:00Z,SEDENTARY,Fitbit App
2026-05-07T18:25:00Z,SEDENTARY,Fitbit App
2026-05-07T18:26:00Z,LIGHTLY_ACTIVE,Fitbit App
2026-05-08T10:56:00Z,SEDENTARY,Fitbit App
2026-05-08T10:57:00Z,SEDENTARY,Fitbit App
2026-05-08T11:02:00Z,SEDENTARY,Fitbit App
2026-05-08T11:03:00Z,SEDENTARY,Fitbit App
2026-05-08T11:08:00Z,SEDENTARY,Fitbit App
2026-05-08T11:09:00Z,SEDENTARY,Fitbit App
2026-05-08T11:10:00Z,SEDENTARY,Fitbit App
2026-05-08T11:11:00Z,SEDENTARY,Fitbit App
2026-05-08T11:12:00Z,SEDENTARY,Fitbit App
2026-05-08T11:13:00Z,SEDENTARY,Fitbit App
2026-05-08T11:14:00Z,SEDENTARY,Fitbit App
2026-05-08T11:15:00Z,SEDENTARY,Fitbit App
2026-05-08T11:16:00Z,SEDENTARY,Fitbit App
2026-05-08T11:18:00Z,SEDENTARY,Fitbit App
2026-05-08T11:22:00Z,SEDENTARY,Fitbit App
2026-05-08T11:23:00Z,SEDENTARY,Fitbit App
2026-05-08T11:30:00Z,SEDENTARY,Fitbit App
2026-05-08T11:31:00Z,SEDENTARY,Fitbit App
2026-05-08T11:32:00Z,SEDENTARY,Fitbit App
2026-05-08T11:33:00Z,SEDENTARY,Fitbit App
2026-05-08T11:46:00Z,SEDENTARY,Fitbit App
2026-05-08T11:48:00Z,SEDENTARY,Fitbit App
2026-05-08T11:49:00Z,SEDENTARY,Fitbit App
2026-05-08T11:54:00Z,SEDENTARY,Fitbit App
2026-05-08T11:57:00Z,SEDENTARY,Fitbit App
2026-05-08T11:58:00Z,LIGHTLY_ACTIVE,Fitbit App
2026-05-08T11:59:00Z,LIGHTLY_ACTIVE,Fitbit App
2026-05-08T12:00:00Z,MODERATELY_ACTIVE,Fitbit App
2026-05-08T12:01:00Z,MODERATELY_ACTIVE,Fitbit App
2026-05-08T12:02:00Z,MODERATELY_ACTIVE,Fitbit App
2026-05-08T12:03:00Z,MODERATELY_ACTIVE,Fitbit App
2026-05-08T12:04:00Z,MODERATELY_ACTIVE,Fitbit App
2026-05-08T12:05:00Z,LIGHTLY_ACTIVE,Fitbit App
2026-05-08T12:06:00Z,MODERATELY_ACTIVE,Fitbit App
2026-05-08T12:07:00Z,MODERATELY_ACTIVE,Fitbit App
2026-05-08T12:08:00Z,VERY_ACTIVE,Fitbit App
2026-05-08T12:09:00Z,VERY_ACTIVE,Fitbit App
2026-05-08T12:10:00Z,LIGHTLY_ACTIVE,Fitbit App
2026-05-08T12:11:00Z,LIGHTLY_ACTIVE,Fitbit App
2026-05-08T12:12:00Z,LIGHTLY_ACTIVE,Fitbit App
2026-05-08T12:13:00Z,LIGHTLY_ACTIVE,Fitbit App
2026-05-08T12:14:00Z,VERY_ACTIVE,Fitbit App
2026-05-08T12:15:00Z,VERY_ACTIVE,Fitbit App
2026-05-08T12:16:00Z,VERY_ACTIVE,Fitbit App
2026-05-08T12:17:00Z,VERY_ACTIVE,Fitbit App
2026-05-08T12:18:00Z,VERY_ACTIVE,Fitbit App
2026-05-08T12:19:00Z,VERY_ACTIVE,Fitbit App
2026-05-08T12:20:00Z,VERY_ACTIVE,Fitbit App
2026-05-08T12:21:00Z,VERY_ACTIVE,Fitbit App
2026-05-08T12:22:00Z,MODERATELY_ACTIVE,Fitbit App
2026-05-08T12:23:00Z,MODERATELY_ACTIVE,Fitbit App
2026-05-08T12:24:00Z,LIGHTLY_ACTIVE,Fitbit App
2026-05-08T12:25:00Z,SEDENTARY,Fitbit App
2026-05-08T12:26:00Z,SEDENTARY,Fitbit App
2026-05-08T12:27:00Z,SEDENTARY,Fitbit App
2026-05-08T12:28:00Z,SEDENTARY,Fitbit App
2026-05-08T12:29:00Z,LIGHTLY_ACTIVE,Fitbit App
2026-05-08T12:30:00Z,SEDENTARY,Fitbit App
2026-05-08T12:31:00Z,SEDENTARY,Fitbit App
2026-05-08T12:32:00Z,SEDENTARY,Fitbit App
2026-05-08T12:33:00Z,SEDENTARY,Fitbit App
2026-05-08T12:34:00Z,LIGHTLY_ACTIVE,Fitbit App
2026-05-08T12:35:00Z,SEDENTARY,Fitbit App
2026-05-08T12:36:00Z,SEDENTARY,Fitbit App
2026-05-08T12:37:00Z,SEDENTARY,Fitbit App
2026-05-08T12:38:00Z,LIGHTLY_ACTIVE,Fitbit App
2026-05-08T12:39:00Z,LIGHTLY_ACTIVE,Fitbit App
2026-05-08T12:40:00Z,LIGHTLY_ACTIVE,Fitbit App
2026-05-08T12:41:00Z,LIGHTLY_ACTIVE,Fitbit App
2026-05-08T12:42:00Z,MODERATELY_ACTIVE,Fitbit App
2026-05-08T12:43:00Z,LIGHTLY_ACTIVE,Fitbit App
2026-05-08T12:44:00Z,SEDENTARY,Fitbit App
2026-05-08T12:45:00Z,SEDENTARY,Fitbit App
2026-05-08T12:47:00Z,SEDENTARY,Fitbit App
2026-05-08T12:51:00Z,SEDENTARY,Fitbit App
2026-05-08T12:54:00Z,SEDENTARY,Fitbit App
2026-05-08T12:55:00Z,SEDENTARY,Fitbit App
2026-05-08T12:57:00Z,SEDENTARY,Fitbit App
2026-05-08T13:21:00Z,LIGHTLY_ACTIVE,Fitbit App
2026-05-08T13:22:00Z,SEDENTARY,Fitbit App
2026-05-08T13:23:00Z,SEDENTARY,Fitbit App
2026-05-08T13:24:00Z,SEDENTARY,Fitbit App
2026-05-08T13:29:00Z,SEDENTARY,Fitbit App
2026-05-08T13:31:00Z,SEDENTARY,Fitbit App
2026-05-08T13:52:00Z,SEDENTARY,Fitbit App
2026-05-08T13:53:00Z,SEDENTARY,Fitbit App
2026-05-08T13:54:00Z,SEDENTARY,Fitbit App
2026-05-08T13:55:00Z,SEDENTARY,Fitbit App
2026-05-08T13:56:00Z,SEDENTARY,Fitbit App
2026-05-08T13:57:00Z,SEDENTARY,Fitbit App
2026-05-08T14:00:00Z,SEDENTARY,Fitbit App
2026-05-08T14:01:00Z,SEDENTARY,Fitbit App
2026-05-08T14:02:00Z,MODERATELY_ACTIVE,Fitbit App
2026-05-08T14:03:00Z,LIGHTLY_ACTIVE,Fitbit App
2026-05-08T14:04:00Z,MODERATELY_ACTIVE,Fitbit App
2026-05-08T14:05:00Z,LIGHTLY_ACTIVE,Fitbit App
2026-05-08T14:06:00Z,LIGHTLY_ACTIVE,Fitbit App
2026-05-08T14:07:00Z,LIGHTLY_ACTIVE,Fitbit App
2026-05-08T14:08:00Z,LIGHTLY_ACTIVE,Fitbit App
2026-05-08T14:09:00Z,SEDENTARY,Fitbit App
2026-05-08T14:10:00Z,LIGHTLY_ACTIVE,Fitbit App
2026-05-08T14:11:00Z,LIGHTLY_ACTIVE,Fitbit App
2026-05-08T14:12:00Z,LIGHTLY_ACTIVE,Fitbit App
2026-05-08T14:13:00Z,LIGHTLY_ACTIVE,Fitbit App
2026-05-08T14:14:00Z,LIGHTLY_ACTIVE,Fitbit App
2026-05-08T14:15:00Z,LIGHTLY_ACTIVE,Fitbit App
2026-05-08T14:16:00Z,LIGHTLY_ACTIVE,Fitbit App
2026-05-08T14:17:00Z,LIGHTLY_ACTIVE,Fitbit App
2026-05-08T14:18:00Z,LIGHTLY_ACTIVE,Fitbit App
2026-05-08T14:19:00Z,LIGHTLY_ACTIVE,Fitbit App
2026-05-08T14:20:00Z,MODERATELY_ACTIVE,Fitbit App
2026-05-08T14:21:00Z,LIGHTLY_ACTIVE,Fitbit App
2026-05-08T14:22:00Z,LIGHTLY_ACTIVE,Fitbit App
2026-05-08T14:23:00Z,LIGHTLY_ACTIVE,Fitbit App
2026-05-08T14:24:00Z,SEDENTARY,Fitbit App
2026-05-08T14:25:00Z,SEDENTARY,Fitbit App
2026-05-08T14:26:00Z,SEDENTARY,Fitbit App
2026-05-08T14:27:00Z,LIGHTLY_ACTIVE,Fitbit App
2026-05-08T14:28:00Z,LIGHTLY_ACTIVE,Fitbit App
2026-05-08T14:29:00Z,SEDENTARY,Fitbit App
2026-05-08T14:30:00Z,SEDENTARY,Fitbit App
2026-05-08T14:31:00Z,SEDENTARY,Fitbit App
2026-05-08T14:32:00Z,SEDENTARY,Fitbit App
2026-05-08T14:33:00Z,LIGHTLY_ACTIVE,Fitbit App
2026-05-08T14:34:00Z,LIGHTLY_ACTIVE,Fitbit App
2026-05-08T14:35:00Z,LIGHTLY_ACTIVE,Fitbit App
2026-05-08T14:36:00Z,SEDENTARY,Fitbit App
2026-05-08T14:37:00Z,LIGHTLY_ACTIVE,Fitbit App
2026-05-08T14:38:00Z,LIGHTLY_ACTIVE,Fitbit App
2026-05-08T14:39:00Z,LIGHTLY_ACTIVE,Fitbit App
2026-05-08T14:40:00Z,LIGHTLY_ACTIVE,Fitbit App
2026-05-08T14:41:00Z,LIGHTLY_ACTIVE,Fitbit App
2026-05-08T14:42:00Z,LIGHTLY_ACTIVE,Fitbit App
2026-05-08T14:43:00Z,LIGHTLY_ACTIVE,Fitbit App
2026-05-08T14:44:00Z,LIGHTLY_ACTIVE,Fitbit App
2026-05-08T14:45:00Z,SEDENTARY,Fitbit App
2026-05-08T14:46:00Z,SEDENTARY,Fitbit App
2026-05-08T14:47:00Z,SEDENTARY,Fitbit App
2026-05-08T14:48:00Z,LIGHTLY_ACTIVE,Fitbit App
2026-05-08T14:49:00Z,LIGHTLY_ACTIVE,Fitbit App
2026-05-08T14:50:00Z,SEDENTARY,Fitbit App
2026-05-08T14:51:00Z,LIGHTLY_ACTIVE,Fitbit App
2026-05-08T14:52:00Z,SEDENTARY,Fitbit App
2026-05-08T14:53:00Z,SEDENTARY,Fitbit App
2026-05-08T14:54:00Z,SEDENTARY,Fitbit App
2026-05-08T14:55:00Z,SEDENTARY,Fitbit App
2026-05-08T14:56:00Z,SEDENTARY,Fitbit App
2026-05-08T14:57:00Z,SEDENTARY,Fitbit App
2026-05-08T14:58:00Z,LIGHTLY_ACTIVE,Fitbit App
2026-05-08T14:59:00Z,SEDENTARY,Fitbit App
2026-05-08T15:00:00Z,SEDENTARY,Fitbit App
2026-05-08T15:01:00Z,SEDENTARY,Fitbit App
2026-05-08T15:03:00Z,SEDENTARY,Fitbit App
2026-05-08T15:04:00Z,LIGHTLY_ACTIVE,Fitbit App
2026-05-08T15:05:00Z,MODERATELY_ACTIVE,Fitbit App
2026-05-08T15:06:00Z,LIGHTLY_ACTIVE,Fitbit App
2026-05-08T15:07:00Z,SEDENTARY,Fitbit App
2026-05-08T15:08:00Z,SEDENTARY,Fitbit App
2026-05-08T15:09:00Z,SEDENTARY,Fitbit App
2026-05-08T15:10:00Z,SEDENTARY,Fitbit App
2026-05-08T15:11:00Z,LIGHTLY_ACTIVE,Fitbit App
2026-05-08T15:12:00Z,LIGHTLY_ACTIVE,Fitbit App
2026-05-08T15:13:00Z,LIGHTLY_ACTIVE,Fitbit App
2026-05-08T15:14:00Z,LIGHTLY_ACTIVE,Fitbit App
2026-05-08T15:15:00Z,LIGHTLY_ACTIVE,Fitbit App
2026-05-08T15:16:00Z,LIGHTLY_ACTIVE,Fitbit App
2026-05-08T15:17:00Z,SEDENTARY,Fitbit App
2026-05-08T15:18:00Z,SEDENTARY,Fitbit App
2026-05-08T15:19:00Z,SEDENTARY,Fitbit App
2026-05-08T15:20:00Z,SEDENTARY,Fitbit App
2026-05-08T15:21:00Z,SEDENTARY,Fitbit App
2026-05-08T15:22:00Z,SEDENTARY,Fitbit App
2026-05-08T15:23:00Z,SEDENTARY,Fitbit App
2026-05-08T15:24:00Z,SEDENTARY,Fitbit App
2026-05-08T15:25:00Z,SEDENTARY,Fitbit App
2026-05-08T15:26:00Z,SEDENTARY,Fitbit App
2026-05-08T15:27:00Z,SEDENTARY,Fitbit App
2026-05-08T15:28:00Z,SEDENTARY,Fitbit App
2026-05-08T15:29:00Z,SEDENTARY,Fitbit App
2026-05-08T15:30:00Z,SEDENTARY,Fitbit App
2026-05-08T15:31:00Z,SEDENTARY,Fitbit App
2026-05-08T15:32:00Z,SEDENTARY,Fitbit App
2026-05-08T15:33:00Z,SEDENTARY,Fitbit App
2026-05-08T15:34:00Z,SEDENTARY,Fitbit App
2026-05-08T15:35:00Z,SEDENTARY,Fitbit App
2026-05-08T15:36:00Z,LIGHTLY_ACTIVE,Fitbit App
2026-05-08T15:37:00Z,LIGHTLY_ACTIVE,Fitbit App
2026-05-08T15:38:00Z,MODERATELY_ACTIVE,Fitbit App
2026-05-08T15:39:00Z,SEDENTARY,Fitbit App
2026-05-08T15:40:00Z,SEDENTARY,Fitbit App
2026-05-08T15:41:00Z,SEDENTARY,Fitbit App
2026-05-08T15:42:00Z,SEDENTARY,Fitbit App
2026-05-08T15:43:00Z,SEDENTARY,Fitbit App
2026-05-08T15:44:00Z,LIGHTLY_ACTIVE,Fitbit App
2026-05-08T15:45:00Z,SEDENTARY,Fitbit App
2026-05-08T15:46:00Z,SEDENTARY,Fitbit App
2026-05-08T15:48:00Z,SEDENTARY,Fitbit App
2026-05-08T15:49:00Z,SEDENTARY,Fitbit App
2026-05-08T15:50:00Z,SEDENTARY,Fitbit App
2026-05-08T15:51:00Z,SEDENTARY,Fitbit App
2026-05-08T15:52:00Z,SEDENTARY,Fitbit App
2026-05-08T15:53:00Z,SEDENTARY,Fitbit App
2026-05-08T15:54:00Z,SEDENTARY,Fitbit App
2026-05-08T15:55:00Z,SEDENTARY,Fitbit App
2026-05-08T15:56:00Z,SEDENTARY,Fitbit App
2026-05-08T15:57:00Z,LIGHTLY_ACTIVE,Fitbit App
2026-05-08T15:58:00Z,SEDENTARY,Fitbit App
2026-05-08T15:59:00Z,SEDENTARY,Fitbit App
2026-05-08T16:00:00Z,SEDENTARY,Fitbit App
2026-05-08T16:01:00Z,SEDENTARY,Fitbit App
2026-05-08T16:02:00Z,SEDENTARY,Fitbit App
2026-05-08T16:03:00Z,SEDENTARY,Fitbit App
2026-05-08T16:04:00Z,SEDENTARY,Fitbit App
2026-05-08T16:05:00Z,SEDENTARY,Fitbit App
2026-05-08T16:06:00Z,SEDENTARY,Fitbit App
2026-05-08T16:07:00Z,SEDENTARY,Fitbit App
2026-05-08T16:08:00Z,SEDENTARY,Fitbit App
2026-05-08T16:09:00Z,SEDENTARY,Fitbit App
2026-05-08T16:10:00Z,SEDENTARY,Fitbit App
2026-05-08T16:11:00Z,SEDENTARY,Fitbit App
2026-05-08T16:12:00Z,SEDENTARY,Fitbit App
2026-05-08T16:13:00Z,SEDENTARY,Fitbit App
2026-05-08T16:14:00Z,SEDENTARY,Fitbit App
2026-05-08T16:15:00Z,SEDENTARY,Fitbit App
2026-05-08T16:16:00Z,SEDENTARY,Fitbit App
2026-05-08T16:18:00Z,SEDENTARY,Fitbit App
2026-05-08T16:21:00Z,SEDENTARY,Fitbit App
2026-05-08T16:24:00Z,SEDENTARY,Fitbit App
2026-05-08T16:25:00Z,SEDENTARY,Fitbit App
2026-05-08T16:26:00Z,MODERATELY_ACTIVE,Fitbit App
2026-05-08T16:27:00Z,SEDENTARY,Fitbit App
2026-05-08T16:28:00Z,SEDENTARY,Fitbit App
2026-05-08T16:29:00Z,LIGHTLY_ACTIVE,Fitbit App
2026-05-08T16:30:00Z,LIGHTLY_ACTIVE,Fitbit App
2026-05-08T16:31:00Z,SEDENTARY,Fitbit App
2026-05-08T16:32:00Z,LIGHTLY_ACTIVE,Fitbit App
2026-05-08T16:33:00Z,SEDENTARY,Fitbit App
2026-05-08T16:34:00Z,SEDENTARY,Fitbit App
2026-05-08T16:35:00Z,LIGHTLY_ACTIVE,Fitbit App
2026-05-08T16:36:00Z,SEDENTARY,Fitbit App
2026-05-08T16:37:00Z,SEDENTARY,Fitbit App
2026-05-08T16:38:00Z,LIGHTLY_ACTIVE,Fitbit App
2026-05-08T16:39:00Z,LIGHTLY_ACTIVE,Fitbit App
2026-05-08T16:40:00Z,MODERATELY_ACTIVE,Fitbit App
2026-05-08T16:41:00Z,LIGHTLY_ACTIVE,Fitbit App
2026-05-08T16:42:00Z,MODERATELY_ACTIVE,Fitbit App
2026-05-08T16:43:00Z,MODERATELY_ACTIVE,Fitbit App
2026-05-08T16:44:00Z,LIGHTLY_ACTIVE,Fitbit App
2026-05-08T16:45:00Z,LIGHTLY_ACTIVE,Fitbit App
2026-05-08T16:46:00Z,LIGHTLY_ACTIVE,Fitbit App
2026-05-08T16:47:00Z,MODERATELY_ACTIVE,Fitbit App
2026-05-08T16:48:00Z,MODERATELY_ACTIVE,Fitbit App
2026-05-08T16:49:00Z,VERY_ACTIVE,Fitbit App
2026-05-08T16:50:00Z,MODERATELY_ACTIVE,Fitbit App
2026-05-08T16:51:00Z,MODERATELY_ACTIVE,Fitbit App
2026-05-08T16:52:00Z,VERY_ACTIVE,Fitbit App
2026-05-08T16:53:00Z,VERY_ACTIVE,Fitbit App
2026-05-08T16:54:00Z,VERY_ACTIVE,Fitbit App
2026-05-08T16:55:00Z,VERY_ACTIVE,Fitbit App
2026-05-08T16:56:00Z,VERY_ACTIVE,Fitbit App
2026-05-08T16:57:00Z,VERY_ACTIVE,Fitbit App
2026-05-08T16:58:00Z,MODERATELY_ACTIVE,Fitbit App
2026-05-08T16:59:00Z,VERY_ACTIVE,Fitbit App
2026-05-08T17:00:00Z,VERY_ACTIVE,Fitbit App
2026-05-08T17:01:00Z,VERY_ACTIVE,Fitbit App
2026-05-08T17:02:00Z,VERY_ACTIVE,Fitbit App
2026-05-08T17:03:00Z,LIGHTLY_ACTIVE,Fitbit App
2026-05-08T17:04:00Z,LIGHTLY_ACTIVE,Fitbit App
2026-05-08T17:05:00Z,LIGHTLY_ACTIVE,Fitbit App
2026-05-08T17:06:00Z,LIGHTLY_ACTIVE,Fitbit App
2026-05-08T17:07:00Z,SEDENTARY,Fitbit App
2026-05-08T17:08:00Z,SEDENTARY,Fitbit App
2026-05-08T17:10:00Z,SEDENTARY,Fitbit App
2026-05-08T17:11:00Z,SEDENTARY,Fitbit App
2026-05-08T17:12:00Z,SEDENTARY,Fitbit App
2026-05-08T17:13:00Z,SEDENTARY,Fitbit App
2026-05-08T17:14:00Z,SEDENTARY,Fitbit App
2026-05-08T17:15:00Z,LIGHTLY_ACTIVE,Fitbit App
2026-05-08T17:16:00Z,SEDENTARY,Fitbit App
2026-05-08T17:17:00Z,SEDENTARY,Fitbit App
2026-05-08T17:18:00Z,SEDENTARY,Fitbit App
2026-05-08T17:19:00Z,SEDENTARY,Fitbit App
2026-05-08T17:20:00Z,SEDENTARY,Fitbit App
2026-05-08T17:21:00Z,SEDENTARY,Fitbit App
2026-05-08T17:22:00Z,SEDENTARY,Fitbit App
2026-05-08T17:23:00Z,SEDENTARY,Fitbit App
2026-05-08T17:24:00Z,SEDENTARY,Fitbit App
2026-05-08T17:25:00Z,SEDENTARY,Fitbit App
2026-05-08T17:26:00Z,SEDENTARY,Fitbit App
2026-05-08T17:27:00Z,SEDENTARY,Fitbit App
2026-05-08T17:28:00Z,SEDENTARY,Fitbit App
2026-05-08T17:29:00Z,SEDENTARY,Fitbit App
2026-05-08T17:30:00Z,SEDENTARY,Fitbit App
2026-05-08T17:31:00Z,SEDENTARY,Fitbit App
2026-05-08T17:32:00Z,SEDENTARY,Fitbit App
2026-05-08T17:33:00Z,SEDENTARY,Fitbit App
2026-05-08T17:34:00Z,SEDENTARY,Fitbit App
2026-05-08T17:35:00Z,SEDENTARY,Fitbit App
2026-05-08T17:36:00Z,SEDENTARY,Fitbit App
2026-05-08T17:37:00Z,SEDENTARY,Fitbit App
2026-05-08T17:38:00Z,SEDENTARY,Fitbit App
2026-05-08T17:39:00Z,SEDENTARY,Fitbit App
2026-05-08T17:40:00Z,SEDENTARY,Fitbit App
2026-05-08T17:41:00Z,SEDENTARY,Fitbit App
2026-05-08T17:42:00Z,SEDENTARY,Fitbit App
2026-05-08T17:43:00Z,SEDENTARY,Fitbit App
2026-05-08T17:44:00Z,SEDENTARY,Fitbit App
2026-05-08T17:45:00Z,SEDENTARY,Fitbit App
2026-05-08T17:46:00Z,SEDENTARY,Fitbit App
2026-05-08T17:47:00Z,SEDENTARY,Fitbit App
2026-05-08T17:48:00Z,SEDENTARY,Fitbit App
2026-05-08T17:49:00Z,SEDENTARY,Fitbit App
2026-05-08T17:50:00Z,LIGHTLY_ACTIVE,Fitbit App
2026-05-08T17:51:00Z,MODERATELY_ACTIVE,Fitbit App
2026-05-08T17:52:00Z,MODERATELY_ACTIVE,Fitbit App
2026-05-08T17:53:00Z,VERY_ACTIVE,Fitbit App
2026-05-08T17:54:00Z,VERY_ACTIVE,Fitbit App
2026-05-08T17:55:00Z,VERY_ACTIVE,Fitbit App
2026-05-08T17:56:00Z,VERY_ACTIVE,Fitbit App
2026-05-08T17:57:00Z,VERY_ACTIVE,Fitbit App
2026-05-08T17:58:00Z,VERY_ACTIVE,Fitbit App
2026-05-08T17:59:00Z,VERY_ACTIVE,Fitbit App
2026-05-08T18:00:00Z,VERY_ACTIVE,Fitbit App
2026-05-08T18:01:00Z,VERY_ACTIVE,Fitbit App
2026-05-08T18:02:00Z,LIGHTLY_ACTIVE,Fitbit App
2026-05-08T18:03:00Z,SEDENTARY,Fitbit App
2026-05-08T18:04:00Z,SEDENTARY,Fitbit App
2026-05-08T18:05:00Z,LIGHTLY_ACTIVE,Fitbit App
2026-05-08T18:06:00Z,LIGHTLY_ACTIVE,Fitbit App
2026-05-08T18:07:00Z,LIGHTLY_ACTIVE,Fitbit App
2026-05-08T18:08:00Z,SEDENTARY,Fitbit App
2026-05-08T18:09:00Z,SEDENTARY,Fitbit App
2026-05-08T18:10:00Z,SEDENTARY,Fitbit App
2026-05-08T18:11:00Z,SEDENTARY,Fitbit App
2026-05-08T18:12:00Z,SEDENTARY,Fitbit App
2026-05-08T18:13:00Z,SEDENTARY,Fitbit App
2026-05-08T18:14:00Z,SEDENTARY,Fitbit App
2026-05-08T18:17:00Z,SEDENTARY,Fitbit App
2026-05-08T18:18:00Z,SEDENTARY,Fitbit App
2026-05-08T18:19:00Z,SEDENTARY,Fitbit App
2026-05-08T18:20:00Z,SEDENTARY,Fitbit App
2026-05-08T18:21:00Z,SEDENTARY,Fitbit App
2026-05-08T18:22:00Z,LIGHTLY_ACTIVE,Fitbit App
2026-05-08T18:23:00Z,LIGHTLY_ACTIVE,Fitbit App
2026-05-08T18:24:00Z,LIGHTLY_ACTIVE,Fitbit App
2026-05-08T18:25:00Z,VERY_ACTIVE,Fitbit App
2026-05-08T18:26:00Z,VERY_ACTIVE,Fitbit App
2026-05-08T18:27:00Z,VERY_ACTIVE,Fitbit App
2026-05-08T18:28:00Z,LIGHTLY_ACTIVE,Fitbit App
2026-05-08T18:29:00Z,MODERATELY_ACTIVE,Fitbit App
2026-05-08T18:30:00Z,SEDENTARY,Fitbit App
2026-05-08T18:31:00Z,LIGHTLY_ACTIVE,Fitbit App
2026-05-08T18:32:00Z,LIGHTLY_ACTIVE,Fitbit App
2026-05-08T18:33:00Z,SEDENTARY,Fitbit App
2026-05-08T18:34:00Z,SEDENTARY,Fitbit App
2026-05-08T18:35:00Z,SEDENTARY,Fitbit App
2026-05-08T18:36:00Z,SEDENTARY,Fitbit App
2026-05-08T18:37:00Z,LIGHTLY_ACTIVE,Fitbit App
2026-05-08T18:38:00Z,LIGHTLY_ACTIVE,Fitbit App
2026-05-08T18:39:00Z,SEDENTARY,Fitbit App
2026-05-08T18:40:00Z,SEDENTARY,Fitbit App
2026-05-08T18:41:00Z,LIGHTLY_ACTIVE,Fitbit App
2026-05-08T18:42:00Z,SEDENTARY,Fitbit App
2026-05-08T18:43:00Z,LIGHTLY_ACTIVE,Fitbit App
2026-05-08T18:44:00Z,LIGHTLY_ACTIVE,Fitbit App
2026-05-08T18:45:00Z,LIGHTLY_ACTIVE,Fitbit App
2026-05-08T18:46:00Z,LIGHTLY_ACTIVE,Fitbit App
2026-05-08T18:47:00Z,LIGHTLY_ACTIVE,Fitbit App
2026-05-08T18:48:00Z,LIGHTLY_ACTIVE,Fitbit App
2026-05-08T18:49:00Z,SEDENTARY,Fitbit App
2026-05-08T18:50:00Z,LIGHTLY_ACTIVE,Fitbit App
2026-05-08T18:51:00Z,LIGHTLY_ACTIVE,Fitbit App
2026-05-08T18:52:00Z,LIGHTLY_ACTIVE,Fitbit App
2026-05-08T18:53:00Z,LIGHTLY_ACTIVE,Fitbit App
2026-05-08T18:54:00Z,SEDENTARY,Fitbit App
2026-05-08T18:55:00Z,SEDENTARY,Fitbit App
2026-05-08T18:56:00Z,SEDENTARY,Fitbit App
2026-05-08T18:57:00Z,SEDENTARY,Fitbit App
2026-05-08T18:58:00Z,SEDENTARY,Fitbit App
2026-05-08T18:59:00Z,SEDENTARY,Fitbit App
2026-05-08T19:00:00Z,SEDENTARY,Fitbit App
2026-05-08T19:01:00Z,SEDENTARY,Fitbit App
2026-05-08T19:02:00Z,SEDENTARY,Fitbit App
2026-05-08T19:03:00Z,SEDENTARY,Fitbit App
2026-05-08T19:04:00Z,SEDENTARY,Fitbit App
2026-05-08T19:05:00Z,SEDENTARY,Fitbit App
2026-05-08T19:06:00Z,LIGHTLY_ACTIVE,Fitbit App
2026-05-08T19:07:00Z,SEDENTARY,Fitbit App
2026-05-08T19:08:00Z,SEDENTARY,Fitbit App
2026-05-08T19:09:00Z,SEDENTARY,Fitbit App
2026-05-08T19:10:00Z,SEDENTARY,Fitbit App
2026-05-08T19:11:00Z,SEDENTARY,Fitbit App
2026-05-08T19:12:00Z,SEDENTARY,Fitbit App
2026-05-08T19:13:00Z,SEDENTARY,Fitbit App
2026-05-08T19:14:00Z,LIGHTLY_ACTIVE,Fitbit App
2026-05-08T19:15:00Z,SEDENTARY,Fitbit App
2026-05-08T19:16:00Z,LIGHTLY_ACTIVE,Fitbit App
2026-05-08T19:17:00Z,SEDENTARY,Fitbit App
2026-05-08T19:18:00Z,LIGHTLY_ACTIVE,Fitbit App
2026-05-08T19:19:00Z,SEDENTARY,Fitbit App
2026-05-08T19:20:00Z,SEDENTARY,Fitbit App
2026-05-08T19:21:00Z,LIGHTLY_ACTIVE,Fitbit App
2026-05-08T19:22:00Z,SEDENTARY,Fitbit App
2026-05-08T19:23:00Z,SEDENTARY,Fitbit App
2026-05-08T19:24:00Z,SEDENTARY,Fitbit App
2026-05-08T19:25:00Z,LIGHTLY_ACTIVE,Fitbit App
2026-05-08T19:26:00Z,LIGHTLY_ACTIVE,Fitbit App
2026-05-08T19:27:00Z,LIGHTLY_ACTIVE,Fitbit App
2026-05-08T19:28:00Z,LIGHTLY_ACTIVE,Fitbit App
2026-05-08T19:29:00Z,LIGHTLY_ACTIVE,Fitbit App
2026-05-08T19:30:00Z,LIGHTLY_ACTIVE,Fitbit App
2026-05-08T19:31:00Z,LIGHTLY_ACTIVE,Fitbit App
2026-05-08T19:32:00Z,MODERATELY_ACTIVE,Fitbit App
2026-05-08T19:33:00Z,LIGHTLY_ACTIVE,Fitbit App
2026-05-08T19:34:00Z,SEDENTARY,Fitbit App
2026-05-08T19:35:00Z,SEDENTARY,Fitbit App
2026-05-08T19:36:00Z,SEDENTARY,Fitbit App
2026-05-08T19:37:00Z,SEDENTARY,Fitbit App
2026-05-08T19:38:00Z,SEDENTARY,Fitbit App
2026-05-08T19:39:00Z,SEDENTARY,Fitbit App
2026-05-08T19:40:00Z,SEDENTARY,Fitbit App
2026-05-08T19:41:00Z,SEDENTARY,Fitbit App
2026-05-08T19:42:00Z,SEDENTARY,Fitbit App
2026-05-08T19:43:00Z,SEDENTARY,Fitbit App
2026-05-08T19:44:00Z,SEDENTARY,Fitbit App
2026-05-08T19:45:00Z,SEDENTARY,Fitbit App
2026-05-08T19:46:00Z,SEDENTARY,Fitbit App
2026-05-08T19:47:00Z,SEDENTARY,Fitbit App
2026-05-08T19:48:00Z,SEDENTARY,Fitbit App
2026-05-08T19:49:00Z,SEDENTARY,Fitbit App
2026-05-08T19:50:00Z,SEDENTARY,Fitbit App
2026-05-08T19:51:00Z,SEDENTARY,Fitbit App
2026-05-08T19:52:00Z,SEDENTARY,Fitbit App
2026-05-08T19:53:00Z,SEDENTARY,Fitbit App
2026-05-08T19:54:00Z,SEDENTARY,Fitbit App
2026-05-08T19:55:00Z,SEDENTARY,Fitbit App
2026-05-08T19:56:00Z,SEDENTARY,Fitbit App
2026-05-08T19:57:00Z,SEDENTARY,Fitbit App
2026-05-08T19:58:00Z,SEDENTARY,Fitbit App
2026-05-08T19:59:00Z,SEDENTARY,Fitbit App
2026-05-08T20:00:00Z,SEDENTARY,Fitbit App
2026-05-08T20:01:00Z,SEDENTARY,Fitbit App
2026-05-08T20:02:00Z,SEDENTARY,Fitbit App
2026-05-08T20:03:00Z,SEDENTARY,Fitbit App
2026-05-08T20:04:00Z,SEDENTARY,Fitbit App
2026-05-08T20:05:00Z,SEDENTARY,Fitbit App
2026-05-08T20:06:00Z,SEDENTARY,Fitbit App
2026-05-08T20:07:00Z,SEDENTARY,Fitbit App
2026-05-08T20:08:00Z,SEDENTARY,Fitbit App
2026-05-08T20:09:00Z,SEDENTARY,Fitbit App
2026-05-08T20:10:00Z,SEDENTARY,Fitbit App
2026-05-08T20:11:00Z,SEDENTARY,Fitbit App
2026-05-08T20:12:00Z,SEDENTARY,Fitbit App
2026-05-08T20:13:00Z,SEDENTARY,Fitbit App
2026-05-08T20:14:00Z,SEDENTARY,Fitbit App
2026-05-08T20:15:00Z,SEDENTARY,Fitbit App
2026-05-08T20:16:00Z,SEDENTARY,Fitbit App
2026-05-08T20:17:00Z,SEDENTARY,Fitbit App
2026-05-08T20:18:00Z,SEDENTARY,Fitbit App
2026-05-08T20:19:00Z,SEDENTARY,Fitbit App
2026-05-08T20:20:00Z,SEDENTARY,Fitbit App
2026-05-08T20:21:00Z,SEDENTARY,Fitbit App
2026-05-08T20:22:00Z,SEDENTARY,Fitbit App
2026-05-08T20:23:00Z,SEDENTARY,Fitbit App
2026-05-08T20:24:00Z,SEDENTARY,Fitbit App
2026-05-08T20:25:00Z,SEDENTARY,Fitbit App
2026-05-08T20:26:00Z,SEDENTARY,Fitbit App
2026-05-08T20:28:00Z,SEDENTARY,Fitbit App
2026-05-08T20:29:00Z,SEDENTARY,Fitbit App
2026-05-08T20:30:00Z,SEDENTARY,Fitbit App
2026-05-08T20:46:00Z,SEDENTARY,Fitbit App
2026-05-08T20:53:00Z,SEDENTARY,Fitbit App
2026-05-08T20:54:00Z,LIGHTLY_ACTIVE,Fitbit App
2026-05-08T20:55:00Z,LIGHTLY_ACTIVE,Fitbit App
2026-05-08T20:56:00Z,SEDENTARY,Fitbit App
2026-05-08T20:57:00Z,LIGHTLY_ACTIVE,Fitbit App
2026-05-08T20:58:00Z,LIGHTLY_ACTIVE,Fitbit App
2026-05-08T20:59:00Z,LIGHTLY_ACTIVE,Fitbit App
2026-05-08T21:00:00Z,LIGHTLY_ACTIVE,Fitbit App
2026-05-08T21:01:00Z,LIGHTLY_ACTIVE,Fitbit App
2026-05-08T21:02:00Z,LIGHTLY_ACTIVE,Fitbit App
2026-05-08T21:03:00Z,MODERATELY_ACTIVE,Fitbit App
2026-05-08T21:04:00Z,LIGHTLY_ACTIVE,Fitbit App
2026-05-08T21:05:00Z,MODERATELY_ACTIVE,Fitbit App
2026-05-08T21:06:00Z,LIGHTLY_ACTIVE,Fitbit App
2026-05-08T21:07:00Z,LIGHTLY_ACTIVE,Fitbit App
2026-05-08T21:08:00Z,LIGHTLY_ACTIVE,Fitbit App
2026-05-08T21:09:00Z,LIGHTLY_ACTIVE,Fitbit App
2026-05-08T21:10:00Z,LIGHTLY_ACTIVE,Fitbit App
2026-05-08T21:11:00Z,SEDENTARY,Fitbit App
2026-05-08T21:12:00Z,LIGHTLY_ACTIVE,Fitbit App
2026-05-08T21:13:00Z,SEDENTARY,Fitbit App
2026-05-08T21:14:00Z,SEDENTARY,Fitbit App
2026-05-08T21:15:00Z,SEDENTARY,Fitbit App
2026-05-08T21:16:00Z,SEDENTARY,Fitbit App
2026-05-08T21:17:00Z,SEDENTARY,Fitbit App
2026-05-08T21:18:00Z,LIGHTLY_ACTIVE,Fitbit App
2026-05-08T21:19:00Z,SEDENTARY,Fitbit App
2026-05-08T21:20:00Z,SEDENTARY,Fitbit App
2026-05-08T21:22:00Z,SEDENTARY,Fitbit App
2026-05-08T21:23:00Z,SEDENTARY,Fitbit App
2026-05-08T21:28:00Z,SEDENTARY,Fitbit App
2026-05-08T21:29:00Z,SEDENTARY,Fitbit App
2026-05-08T21:30:00Z,SEDENTARY,Fitbit App
2026-05-08T21:31:00Z,SEDENTARY,Fitbit App
2026-05-08T21:32:00Z,SEDENTARY,Fitbit App
2026-05-08T21:35:00Z,SEDENTARY,Fitbit App
2026-05-08T21:36:00Z,MODERATELY_ACTIVE,Fitbit App
2026-05-08T21:37:00Z,LIGHTLY_ACTIVE,Fitbit App
2026-05-08T21:38:00Z,SEDENTARY,Fitbit App
2026-05-08T21:39:00Z,SEDENTARY,Fitbit App
2026-05-08T21:40:00Z,SEDENTARY,Fitbit App
2026-05-08T21:41:00Z,LIGHTLY_ACTIVE,Fitbit App
2026-05-08T21:42:00Z,SEDENTARY,Fitbit App
2026-05-08T21:43:00Z,LIGHTLY_ACTIVE,Fitbit App
2026-05-08T21:44:00Z,LIGHTLY_ACTIVE,Fitbit App
2026-05-08T21:45:00Z,LIGHTLY_ACTIVE,Fitbit App
2026-05-08T21:46:00Z,SEDENTARY,Fitbit App
2026-05-08T21:47:00Z,LIGHTLY_ACTIVE,Fitbit App
2026-05-08T21:51:00Z,SEDENTARY,Fitbit App
2026-05-08T22:30:00Z,LIGHTLY_ACTIVE,Fitbit App
2026-05-08T22:33:00Z,SEDENTARY,Fitbit App
2026-05-08T22:39:00Z,SEDENTARY,Fitbit App
2026-05-08T22:50:00Z,SEDENTARY,Fitbit App
2026-05-08T22:54:00Z,SEDENTARY,Fitbit App
2026-05-08T23:05:00Z,SEDENTARY,Fitbit App
2026-05-08T23:08:00Z,SEDENTARY,Fitbit App
2026-05-08T23:11:00Z,SEDENTARY,Fitbit App
2026-05-08T23:14:00Z,SEDENTARY,Fitbit App
2026-05-08T23:17:00Z,SEDENTARY,Fitbit App
2026-05-08T23:50:00Z,LIGHTLY_ACTIVE,Fitbit App
2026-05-08T23:51:00Z,LIGHTLY_ACTIVE,Fitbit App
2026-05-09T00:36:00Z,SEDENTARY,Fitbit App
2026-05-09T00:47:00Z,SEDENTARY,Fitbit App
2026-05-09T01:22:00Z,SEDENTARY,Fitbit App
2026-05-09T02:07:00Z,LIGHTLY_ACTIVE,Fitbit App
2026-05-09T02:53:00Z,SEDENTARY,Fitbit App
2026-05-09T03:25:00Z,SEDENTARY,Fitbit App
2026-05-09T03:27:00Z,SEDENTARY,Fitbit App
2026-05-09T03:28:00Z,LIGHTLY_ACTIVE,Fitbit App
2026-05-09T03:44:00Z,SEDENTARY,Fitbit App
2026-05-09T04:30:00Z,SEDENTARY,Fitbit App
2026-05-09T04:47:00Z,SEDENTARY,Fitbit App
2026-05-09T04:54:00Z,SEDENTARY,Fitbit App
2026-05-09T05:46:00Z,SEDENTARY,Fitbit App
2026-05-09T06:00:00Z,SEDENTARY,Fitbit App
2026-05-09T06:02:00Z,SEDENTARY,Fitbit App
2026-05-09T06:20:00Z,SEDENTARY,Fitbit App
2026-05-09T06:23:00Z,LIGHTLY_ACTIVE,Fitbit App
2026-05-09T06:24:00Z,LIGHTLY_ACTIVE,Fitbit App
2026-05-09T06:25:00Z,LIGHTLY_ACTIVE,Fitbit App
2026-05-09T06:26:00Z,SEDENTARY,Fitbit App
2026-05-09T06:42:00Z,SEDENTARY,Fitbit App
2026-05-09T06:43:00Z,LIGHTLY_ACTIVE,Fitbit App
2026-05-09T06:44:00Z,LIGHTLY_ACTIVE,Fitbit App
2026-05-09T06:45:00Z,MODERATELY_ACTIVE,Fitbit App
2026-05-09T06:46:00Z,MODERATELY_ACTIVE,Fitbit App
2026-05-09T06:47:00Z,LIGHTLY_ACTIVE,Fitbit App
2026-05-09T06:48:00Z,MODERATELY_ACTIVE,Fitbit App
2026-05-09T06:49:00Z,MODERATELY_ACTIVE,Fitbit App
2026-05-09T06:50:00Z,MODERATELY_ACTIVE,Fitbit App
2026-05-09T06:51:00Z,LIGHTLY_ACTIVE,Fitbit App
2026-05-09T06:52:00Z,SEDENTARY,Fitbit App
2026-05-09T06:53:00Z,SEDENTARY,Fitbit App
2026-05-09T06:54:00Z,SEDENTARY,Fitbit App
2026-05-09T06:55:00Z,SEDENTARY,Fitbit App
2026-05-09T06:57:00Z,SEDENTARY,Fitbit App
2026-05-09T06:58:00Z,SEDENTARY,Fitbit App
2026-05-09T06:59:00Z,SEDENTARY,Fitbit App
2026-05-09T07:00:00Z,SEDENTARY,Fitbit App
2026-05-09T07:01:00Z,SEDENTARY,Fitbit App
2026-05-09T07:02:00Z,SEDENTARY,Fitbit App
2026-05-09T07:03:00Z,SEDENTARY,Fitbit App
2026-05-09T07:04:00Z,SEDENTARY,Fitbit App
2026-05-09T07:05:00Z,SEDENTARY,Fitbit App
2026-05-09T07:06:00Z,SEDENTARY,Fitbit App
2026-05-09T07:07:00Z,SEDENTARY,Fitbit App
2026-05-09T07:08:00Z,SEDENTARY,Fitbit App
2026-05-09T07:09:00Z,SEDENTARY,Fitbit App
2026-05-09T07:10:00Z,LIGHTLY_ACTIVE,Fitbit App
2026-05-09T07:11:00Z,SEDENTARY,Fitbit App
2026-05-09T07:12:00Z,SEDENTARY,Fitbit App
2026-05-09T07:18:00Z,SEDENTARY,Fitbit App
2026-05-09T07:21:00Z,SEDENTARY,Fitbit App
2026-05-09T07:22:00Z,LIGHTLY_ACTIVE,Fitbit App
2026-05-09T07:23:00Z,LIGHTLY_ACTIVE,Fitbit App
2026-05-09T07:24:00Z,SEDENTARY,Fitbit App
2026-05-09T07:25:00Z,SEDENTARY,Fitbit App
2026-05-09T07:26:00Z,SEDENTARY,Fitbit App
2026-05-09T07:27:00Z,SEDENTARY,Fitbit App
2026-05-09T07:29:00Z,SEDENTARY,Fitbit App
2026-05-09T07:30:00Z,SEDENTARY,Fitbit App
2026-05-09T07:31:00Z,LIGHTLY_ACTIVE,Fitbit App
2026-05-09T07:33:00Z,SEDENTARY,Fitbit App
2026-05-09T07:34:00Z,SEDENTARY,Fitbit App
2026-05-09T07:35:00Z,SEDENTARY,Fitbit App
2026-05-09T07:40:00Z,SEDENTARY,Fitbit App
2026-05-09T07:42:00Z,SEDENTARY,Fitbit App
2026-05-09T07:43:00Z,SEDENTARY,Fitbit App
2026-05-09T07:44:00Z,SEDENTARY,Fitbit App
2026-05-09T07:50:00Z,SEDENTARY,Fitbit App
2026-05-09T07:52:00Z,SEDENTARY,Fitbit App
2026-05-09T07:53:00Z,SEDENTARY,Fitbit App
2026-05-09T07:56:00Z,SEDENTARY,Fitbit App
2026-05-09T07:59:00Z,SEDENTARY,Fitbit App
2026-05-09T08:02:00Z,SEDENTARY,Fitbit App
2026-05-09T08:08:00Z,SEDENTARY,Fitbit App
2026-05-09T08:11:00Z,SEDENTARY,Fitbit App
2026-05-09T08:12:00Z,LIGHTLY_ACTIVE,Fitbit App
2026-05-09T08:13:00Z,SEDENTARY,Fitbit App
2026-05-09T08:14:00Z,LIGHTLY_ACTIVE,Fitbit App
2026-05-09T08:15:00Z,SEDENTARY,Fitbit App
2026-05-09T08:16:00Z,SEDENTARY,Fitbit App
2026-05-09T08:17:00Z,LIGHTLY_ACTIVE,Fitbit App
2026-05-09T08:18:00Z,LIGHTLY_ACTIVE,Fitbit App
2026-05-09T08:19:00Z,LIGHTLY_ACTIVE,Fitbit App
2026-05-09T08:20:00Z,SEDENTARY,Fitbit App
2026-05-09T08:21:00Z,SEDENTARY,Fitbit App
2026-05-09T08:22:00Z,LIGHTLY_ACTIVE,Fitbit App
2026-05-09T08:23:00Z,LIGHTLY_ACTIVE,Fitbit App
2026-05-09T08:24:00Z,LIGHTLY_ACTIVE,Fitbit App
2026-05-09T08:25:00Z,SEDENTARY,Fitbit App
2026-05-09T08:26:00Z,MODERATELY_ACTIVE,Fitbit App
2026-05-09T08:27:00Z,SEDENTARY,Fitbit App
2026-05-09T08:28:00Z,SEDENTARY,Fitbit App
2026-05-09T08:29:00Z,SEDENTARY,Fitbit App
2026-05-09T08:30:00Z,SEDENTARY,Fitbit App
2026-05-09T08:31:00Z,LIGHTLY_ACTIVE,Fitbit App
2026-05-09T08:32:00Z,MODERATELY_ACTIVE,Fitbit App
2026-05-09T08:33:00Z,SEDENTARY,Fitbit App
2026-05-09T08:35:00Z,SEDENTARY,Fitbit App
2026-05-09T08:36:00Z,SEDENTARY,Fitbit App
2026-05-09T08:37:00Z,SEDENTARY,Fitbit App
2026-05-09T08:38:00Z,LIGHTLY_ACTIVE,Fitbit App
2026-05-09T08:39:00Z,LIGHTLY_ACTIVE,Fitbit App
2026-05-09T08:40:00Z,LIGHTLY_ACTIVE,Fitbit App
2026-05-09T08:41:00Z,SEDENTARY,Fitbit App
2026-05-09T08:42:00Z,SEDENTARY,Fitbit App
2026-05-09T08:43:00Z,LIGHTLY_ACTIVE,Fitbit App
2026-05-09T08:44:00Z,MODERATELY_ACTIVE,Fitbit App
2026-05-09T08:45:00Z,SEDENTARY,Fitbit App
2026-05-09T08:46:00Z,SEDENTARY,Fitbit App
2026-05-09T08:47:00Z,SEDENTARY,Fitbit App
2026-05-09T08:48:00Z,SEDENTARY,Fitbit App
2026-05-09T08:49:00Z,LIGHTLY_ACTIVE,Fitbit App
2026-05-09T08:50:00Z,LIGHTLY_ACTIVE,Fitbit App
2026-05-09T08:51:00Z,SEDENTARY,Fitbit App
2026-05-09T08:52:00Z,LIGHTLY_ACTIVE,Fitbit App
2026-05-09T08:53:00Z,LIGHTLY_ACTIVE,Fitbit App
2026-05-09T08:54:00Z,LIGHTLY_ACTIVE,Fitbit App
2026-05-09T08:55:00Z,LIGHTLY_ACTIVE,Fitbit App
2026-05-09T08:56:00Z,SEDENTARY,Fitbit App
2026-05-09T08:57:00Z,SEDENTARY,Fitbit App
2026-05-09T08:58:00Z,LIGHTLY_ACTIVE,Fitbit App
2026-05-09T08:59:00Z,LIGHTLY_ACTIVE,Fitbit App
2026-05-09T09:00:00Z,LIGHTLY_ACTIVE,Fitbit App
2026-05-09T09:01:00Z,LIGHTLY_ACTIVE,Fitbit App
2026-05-09T09:02:00Z,SEDENTARY,Fitbit App
2026-05-09T09:03:00Z,SEDENTARY,Fitbit App
2026-05-09T09:04:00Z,LIGHTLY_ACTIVE,Fitbit App
2026-05-09T09:05:00Z,SEDENTARY,Fitbit App
2026-05-09T09:06:00Z,MODERATELY_ACTIVE,Fitbit App
2026-05-09T09:07:00Z,LIGHTLY_ACTIVE,Fitbit App
2026-05-09T09:08:00Z,SEDENTARY,Fitbit App
2026-05-09T09:13:00Z,SEDENTARY,Fitbit App
2026-05-09T09:16:00Z,SEDENTARY,Fitbit App
2026-05-09T09:17:00Z,SEDENTARY,Fitbit App
2026-05-09T09:18:00Z,SEDENTARY,Fitbit App
2026-05-09T09:19:00Z,SEDENTARY,Fitbit App
2026-05-09T09:22:00Z,SEDENTARY,Fitbit App
2026-05-09T09:23:00Z,SEDENTARY,Fitbit App
2026-05-09T09:24:00Z,LIGHTLY_ACTIVE,Fitbit App
2026-05-09T09:25:00Z,SEDENTARY,Fitbit App
2026-05-09T09:26:00Z,SEDENTARY,Fitbit App
2026-05-09T09:27:00Z,SEDENTARY,Fitbit App
2026-05-09T09:28:00Z,SEDENTARY,Fitbit App
2026-05-09T09:29:00Z,SEDENTARY,Fitbit App
2026-05-09T09:30:00Z,SEDENTARY,Fitbit App
2026-05-09T09:31:00Z,LIGHTLY_ACTIVE,Fitbit App
2026-05-09T09:32:00Z,LIGHTLY_ACTIVE,Fitbit App
2026-05-09T09:33:00Z,LIGHTLY_ACTIVE,Fitbit App
2026-05-09T09:34:00Z,LIGHTLY_ACTIVE,Fitbit App
2026-05-09T09:35:00Z,LIGHTLY_ACTIVE,Fitbit App
2026-05-09T09:36:00Z,SEDENTARY,Fitbit App
2026-05-09T09:37:00Z,SEDENTARY,Fitbit App
2026-05-09T09:38:00Z,LIGHTLY_ACTIVE,Fitbit App
2026-05-09T09:39:00Z,SEDENTARY,Fitbit App
2026-05-09T09:40:00Z,SEDENTARY,Fitbit App
2026-05-09T09:41:00Z,SEDENTARY,Fitbit App
2026-05-09T09:42:00Z,SEDENTARY,Fitbit App
2026-05-09T09:43:00Z,LIGHTLY_ACTIVE,Fitbit App
2026-05-09T09:44:00Z,LIGHTLY_ACTIVE,Fitbit App
2026-05-09T09:45:00Z,LIGHTLY_ACTIVE,Fitbit App
2026-05-09T09:46:00Z,LIGHTLY_ACTIVE,Fitbit App
2026-05-09T09:47:00Z,SEDENTARY,Fitbit App
2026-05-09T09:48:00Z,SEDENTARY,Fitbit App
2026-05-09T09:49:00Z,LIGHTLY_ACTIVE,Fitbit App
2026-05-09T09:50:00Z,LIGHTLY_ACTIVE,Fitbit App
2026-05-09T09:51:00Z,LIGHTLY_ACTIVE,Fitbit App
2026-05-09T09:52:00Z,SEDENTARY,Fitbit App
2026-05-09T09:53:00Z,LIGHTLY_ACTIVE,Fitbit App
2026-05-09T09:54:00Z,SEDENTARY,Fitbit App
2026-05-09T09:55:00Z,LIGHTLY_ACTIVE,Fitbit App
2026-05-09T09:56:00Z,LIGHTLY_ACTIVE,Fitbit App
2026-05-09T09:57:00Z,LIGHTLY_ACTIVE,Fitbit App
2026-05-09T09:58:00Z,LIGHTLY_ACTIVE,Fitbit App
2026-05-09T09:59:00Z,LIGHTLY_ACTIVE,Fitbit App
2026-05-09T10:00:00Z,LIGHTLY_ACTIVE,Fitbit App
2026-05-09T10:06:00Z,SEDENTARY,Fitbit App
2026-05-09T10:08:00Z,SEDENTARY,Fitbit App
2026-05-09T10:09:00Z,LIGHTLY_ACTIVE,Fitbit App
2026-05-09T10:10:00Z,LIGHTLY_ACTIVE,Fitbit App
2026-05-09T10:11:00Z,LIGHTLY_ACTIVE,Fitbit App
2026-05-09T10:12:00Z,SEDENTARY,Fitbit App
2026-05-09T10:13:00Z,SEDENTARY,Fitbit App
2026-05-09T10:14:00Z,SEDENTARY,Fitbit App
2026-05-09T10:15:00Z,SEDENTARY,Fitbit App
2026-05-09T10:16:00Z,SEDENTARY,Fitbit App
2026-05-09T10:17:00Z,SEDENTARY,Fitbit App
2026-05-09T10:18:00Z,LIGHTLY_ACTIVE,Fitbit App
2026-05-09T10:20:00Z,LIGHTLY_ACTIVE,Fitbit App
2026-05-09T10:21:00Z,LIGHTLY_ACTIVE,Fitbit App
2026-05-09T10:22:00Z,SEDENTARY,Fitbit App
2026-05-09T10:23:00Z,SEDENTARY,Fitbit App
2026-05-09T10:24:00Z,SEDENTARY,Fitbit App
2026-05-09T10:25:00Z,LIGHTLY_ACTIVE,Fitbit App
2026-05-09T10:26:00Z,LIGHTLY_ACTIVE,Fitbit App
2026-05-09T10:27:00Z,SEDENTARY,Fitbit App
2026-05-09T10:28:00Z,SEDENTARY,Fitbit App
2026-05-09T10:29:00Z,SEDENTARY,Fitbit App
2026-05-09T10:30:00Z,LIGHTLY_ACTIVE,Fitbit App
2026-05-09T10:31:00Z,SEDENTARY,Fitbit App
2026-05-09T10:32:00Z,SEDENTARY,Fitbit App
2026-05-09T10:33:00Z,LIGHTLY_ACTIVE,Fitbit App
2026-05-09T10:34:00Z,LIGHTLY_ACTIVE,Fitbit App
2026-05-09T10:35:00Z,SEDENTARY,Fitbit App
2026-05-09T10:36:00Z,SEDENTARY,Fitbit App
2026-05-09T10:37:00Z,LIGHTLY_ACTIVE,Fitbit App
2026-05-09T10:38:00Z,SEDENTARY,Fitbit App
2026-05-09T10:39:00Z,LIGHTLY_ACTIVE,Fitbit App
2026-05-09T10:40:00Z,LIGHTLY_ACTIVE,Fitbit App
2026-05-09T10:41:00Z,LIGHTLY_ACTIVE,Fitbit App
2026-05-09T10:42:00Z,LIGHTLY_ACTIVE,Fitbit App
2026-05-09T10:43:00Z,SEDENTARY,Fitbit App
2026-05-09T10:44:00Z,SEDENTARY,Fitbit App
2026-05-09T10:45:00Z,MODERATELY_ACTIVE,Fitbit App
2026-05-09T10:46:00Z,LIGHTLY_ACTIVE,Fitbit App
2026-05-09T10:48:00Z,LIGHTLY_ACTIVE,Fitbit App
2026-05-09T10:49:00Z,LIGHTLY_ACTIVE,Fitbit App
2026-05-09T10:50:00Z,LIGHTLY_ACTIVE,Fitbit App
2026-05-09T10:51:00Z,LIGHTLY_ACTIVE,Fitbit App
2026-05-09T10:52:00Z,LIGHTLY_ACTIVE,Fitbit App
2026-05-09T10:53:00Z,LIGHTLY_ACTIVE,Fitbit App
2026-05-09T10:54:00Z,SEDENTARY,Fitbit App
2026-05-09T10:55:00Z,LIGHTLY_ACTIVE,Fitbit App
2026-05-09T10:56:00Z,SEDENTARY,Fitbit App
2026-05-09T10:57:00Z,LIGHTLY_ACTIVE,Fitbit App
2026-05-09T10:58:00Z,LIGHTLY_ACTIVE,Fitbit App
2026-05-09T10:59:00Z,LIGHTLY_ACTIVE,Fitbit App
2026-05-09T11:00:00Z,SEDENTARY,Fitbit App
2026-05-09T11:01:00Z,SEDENTARY,Fitbit App
2026-05-09T11:02:00Z,SEDENTARY,Fitbit App
2026-05-09T11:04:00Z,LIGHTLY_ACTIVE,Fitbit App
2026-05-09T11:05:00Z,SEDENTARY,Fitbit App
2026-05-09T11:07:00Z,SEDENTARY,Fitbit App
2026-05-09T11:10:00Z,LIGHTLY_ACTIVE,Fitbit App
2026-05-09T11:11:00Z,LIGHTLY_ACTIVE,Fitbit App
2026-05-09T11:12:00Z,LIGHTLY_ACTIVE,Fitbit App
2026-05-09T11:13:00Z,LIGHTLY_ACTIVE,Fitbit App
2026-05-09T11:14:00Z,SEDENTARY,Fitbit App
2026-05-09T11:15:00Z,LIGHTLY_ACTIVE,Fitbit App
2026-05-09T11:16:00Z,LIGHTLY_ACTIVE,Fitbit App
2026-05-09T11:17:00Z,LIGHTLY_ACTIVE,Fitbit App
2026-05-09T11:18:00Z,LIGHTLY_ACTIVE,Fitbit App
2026-05-09T11:19:00Z,LIGHTLY_ACTIVE,Fitbit App
2026-05-09T11:20:00Z,LIGHTLY_ACTIVE,Fitbit App
2026-05-09T11:21:00Z,SEDENTARY,Fitbit App
2026-05-09T11:22:00Z,LIGHTLY_ACTIVE,Fitbit App
2026-05-09T11:23:00Z,SEDENTARY,Fitbit App
2026-05-09T11:24:00Z,LIGHTLY_ACTIVE,Fitbit App
2026-05-09T11:25:00Z,LIGHTLY_ACTIVE,Fitbit App
2026-05-09T11:26:00Z,LIGHTLY_ACTIVE,Fitbit App
2026-05-09T11:27:00Z,SEDENTARY,Fitbit App
2026-05-09T11:28:00Z,LIGHTLY_ACTIVE,Fitbit App
2026-05-09T11:29:00Z,LIGHTLY_ACTIVE,Fitbit App
2026-05-09T11:30:00Z,LIGHTLY_ACTIVE,Fitbit App
2026-05-09T11:31:00Z,LIGHTLY_ACTIVE,Fitbit App
2026-05-09T11:32:00Z,LIGHTLY_ACTIVE,Fitbit App
2026-05-09T11:33:00Z,SEDENTARY,Fitbit App
2026-05-09T11:34:00Z,SEDENTARY,Fitbit App
2026-05-09T11:35:00Z,SEDENTARY,Fitbit App
2026-05-09T11:36:00Z,SEDENTARY,Fitbit App
2026-05-09T11:37:00Z,SEDENTARY,Fitbit App
2026-05-09T11:38:00Z,LIGHTLY_ACTIVE,Fitbit App
2026-05-09T11:39:00Z,SEDENTARY,Fitbit App
2026-05-09T11:41:00Z,SEDENTARY,Fitbit App
2026-05-09T11:43:00Z,SEDENTARY,Fitbit App
2026-05-09T11:44:00Z,SEDENTARY,Fitbit App
2026-05-09T11:45:00Z,LIGHTLY_ACTIVE,Fitbit App
2026-05-09T11:47:00Z,LIGHTLY_ACTIVE,Fitbit App
2026-05-09T11:49:00Z,SEDENTARY,Fitbit App
2026-05-09T11:50:00Z,SEDENTARY,Fitbit App
2026-05-09T11:53:00Z,SEDENTARY,Fitbit App
2026-05-09T11:56:00Z,SEDENTARY,Fitbit App
2026-05-09T11:57:00Z,SEDENTARY,Fitbit App
2026-05-09T11:58:00Z,SEDENTARY,Fitbit App
2026-05-09T11:59:00Z,LIGHTLY_ACTIVE,Fitbit App
2026-05-09T12:00:00Z,LIGHTLY_ACTIVE,Fitbit App
2026-05-09T12:01:00Z,LIGHTLY_ACTIVE,Fitbit App
2026-05-09T12:02:00Z,LIGHTLY_ACTIVE,Fitbit App
2026-05-09T12:03:00Z,SEDENTARY,Fitbit App
2026-05-09T12:04:00Z,LIGHTLY_ACTIVE,Fitbit App
2026-05-09T12:05:00Z,LIGHTLY_ACTIVE,Fitbit App
2026-05-09T12:06:00Z,SEDENTARY,Fitbit App
2026-05-09T12:08:00Z,SEDENTARY,Fitbit App
2026-05-09T12:10:00Z,SEDENTARY,Fitbit App
2026-05-09T12:13:00Z,SEDENTARY,Fitbit App
2026-05-09T12:15:00Z,SEDENTARY,Fitbit App
2026-05-09T12:16:00Z,SEDENTARY,Fitbit App
2026-05-09T12:17:00Z,SEDENTARY,Fitbit App
2026-05-09T12:19:00Z,SEDENTARY,Fitbit App
2026-05-09T12:21:00Z,SEDENTARY,Fitbit App
2026-05-09T12:22:00Z,SEDENTARY,Fitbit App
2026-05-09T12:23:00Z,SEDENTARY,Fitbit App
2026-05-09T12:24:00Z,SEDENTARY,Fitbit App
2026-05-09T12:25:00Z,SEDENTARY,Fitbit App
2026-05-09T12:26:00Z,SEDENTARY,Fitbit App
2026-05-09T12:27:00Z,LIGHTLY_ACTIVE,Fitbit App
2026-05-09T12:28:00Z,LIGHTLY_ACTIVE,Fitbit App
2026-05-09T12:30:00Z,SEDENTARY,Fitbit App
2026-05-09T12:36:00Z,SEDENTARY,Fitbit App
2026-05-09T12:37:00Z,LIGHTLY_ACTIVE,Fitbit App
2026-05-09T12:38:00Z,SEDENTARY,Fitbit App
2026-05-09T12:39:00Z,LIGHTLY_ACTIVE,Fitbit App
2026-05-09T12:42:00Z,LIGHTLY_ACTIVE,Fitbit App
2026-05-09T12:43:00Z,LIGHTLY_ACTIVE,Fitbit App
2026-05-09T12:44:00Z,SEDENTARY,Fitbit App
2026-05-09T12:47:00Z,SEDENTARY,Fitbit App
2026-05-09T12:48:00Z,MODERATELY_ACTIVE,Fitbit App
2026-05-09T12:49:00Z,LIGHTLY_ACTIVE,Fitbit App
2026-05-09T12:50:00Z,SEDENTARY,Fitbit App
2026-05-09T12:52:00Z,SEDENTARY,Fitbit App
2026-05-09T12:53:00Z,SEDENTARY,Fitbit App
2026-05-09T12:55:00Z,SEDENTARY,Fitbit App
2026-05-09T12:56:00Z,SEDENTARY,Fitbit App
2026-05-09T12:57:00Z,SEDENTARY,Fitbit App
2026-05-09T13:04:00Z,SEDENTARY,Fitbit App
2026-05-09T13:09:00Z,MODERATELY_ACTIVE,Fitbit App
2026-05-09T13:10:00Z,MODERATELY_ACTIVE,Fitbit App
2026-05-09T13:11:00Z,VERY_ACTIVE,Fitbit App
2026-05-09T13:12:00Z,VERY_ACTIVE,Fitbit App
2026-05-09T13:13:00Z,VERY_ACTIVE,Fitbit App
2026-05-09T13:14:00Z,LIGHTLY_ACTIVE,Fitbit App
2026-05-09T13:15:00Z,LIGHTLY_ACTIVE,Fitbit App
2026-05-09T13:16:00Z,LIGHTLY_ACTIVE,Fitbit App
2026-05-09T13:17:00Z,MODERATELY_ACTIVE,Fitbit App
2026-05-09T13:18:00Z,MODERATELY_ACTIVE,Fitbit App
2026-05-09T13:19:00Z,MODERATELY_ACTIVE,Fitbit App
2026-05-09T13:20:00Z,MODERATELY_ACTIVE,Fitbit App
2026-05-09T13:21:00Z,VERY_ACTIVE,Fitbit App
2026-05-09T13:22:00Z,VERY_ACTIVE,Fitbit App
2026-05-09T13:23:00Z,VERY_ACTIVE,Fitbit App
2026-05-09T13:24:00Z,MODERATELY_ACTIVE,Fitbit App
2026-05-09T13:25:00Z,MODERATELY_ACTIVE,Fitbit App
2026-05-09T13:26:00Z,MODERATELY_ACTIVE,Fitbit App
2026-05-09T13:27:00Z,LIGHTLY_ACTIVE,Fitbit App
2026-05-09T13:28:00Z,LIGHTLY_ACTIVE,Fitbit App
2026-05-09T13:29:00Z,LIGHTLY_ACTIVE,Fitbit App
2026-05-09T13:30:00Z,VERY_ACTIVE,Fitbit App
2026-05-09T13:31:00Z,VERY_ACTIVE,Fitbit App
2026-05-09T13:32:00Z,LIGHTLY_ACTIVE,Fitbit App
2026-05-09T13:33:00Z,LIGHTLY_ACTIVE,Fitbit App
2026-05-09T13:34:00Z,LIGHTLY_ACTIVE,Fitbit App
2026-05-09T13:35:00Z,LIGHTLY_ACTIVE,Fitbit App
2026-05-09T13:36:00Z,SEDENTARY,Fitbit App
2026-05-09T13:37:00Z,LIGHTLY_ACTIVE,Fitbit App
2026-05-09T13:38:00Z,SEDENTARY,Fitbit App
2026-05-09T13:39:00Z,SEDENTARY,Fitbit App
2026-05-09T13:40:00Z,LIGHTLY_ACTIVE,Fitbit App
2026-05-09T13:41:00Z,SEDENTARY,Fitbit App
2026-05-09T13:42:00Z,LIGHTLY_ACTIVE,Fitbit App
2026-05-09T13:43:00Z,VERY_ACTIVE,Fitbit App
2026-05-09T13:44:00Z,VERY_ACTIVE,Fitbit App
2026-05-09T13:45:00Z,MODERATELY_ACTIVE,Fitbit App
2026-05-09T13:46:00Z,LIGHTLY_ACTIVE,Fitbit App
2026-05-09T13:47:00Z,SEDENTARY,Fitbit App
2026-05-09T13:48:00Z,LIGHTLY_ACTIVE,Fitbit App
2026-05-09T13:49:00Z,SEDENTARY,Fitbit App
2026-05-09T13:53:00Z,SEDENTARY,Fitbit App
2026-05-09T13:59:00Z,SEDENTARY,Fitbit App
2026-05-09T14:00:00Z,SEDENTARY,Fitbit App
2026-05-09T14:01:00Z,SEDENTARY,Fitbit App
2026-05-09T14:03:00Z,SEDENTARY,Fitbit App
2026-05-09T14:04:00Z,SEDENTARY,Fitbit App
2026-05-09T14:07:00Z,SEDENTARY,Fitbit App
2026-05-09T14:09:00Z,SEDENTARY,Fitbit App
2026-05-09T14:10:00Z,SEDENTARY,Fitbit App
2026-05-09T14:12:00Z,SEDENTARY,Fitbit App
2026-05-09T14:18:00Z,LIGHTLY_ACTIVE,Fitbit App
2026-05-09T14:19:00Z,SEDENTARY,Fitbit App
2026-05-09T14:20:00Z,SEDENTARY,Fitbit App
2026-05-09T14:21:00Z,SEDENTARY,Fitbit App
2026-05-09T14:22:00Z,SEDENTARY,Fitbit App
2026-05-09T14:24:00Z,SEDENTARY,Fitbit App
2026-05-09T14:27:00Z,SEDENTARY,Fitbit App
2026-05-09T14:32:00Z,SEDENTARY,Fitbit App
2026-05-09T14:33:00Z,SEDENTARY,Fitbit App
2026-05-09T14:34:00Z,SEDENTARY,Fitbit App
2026-05-09T14:35:00Z,SEDENTARY,Fitbit App
2026-05-09T14:36:00Z,SEDENTARY,Fitbit App
2026-05-09T14:37:00Z,SEDENTARY,Fitbit App
2026-05-09T14:38:00Z,SEDENTARY,Fitbit App
2026-05-09T14:39:00Z,SEDENTARY,Fitbit App
2026-05-09T14:40:00Z,SEDENTARY,Fitbit App
2026-05-09T14:41:00Z,SEDENTARY,Fitbit App
2026-05-09T14:43:00Z,SEDENTARY,Fitbit App
2026-05-09T14:45:00Z,SEDENTARY,Fitbit App
2026-05-09T14:51:00Z,SEDENTARY,Fitbit App
2026-05-09T14:52:00Z,SEDENTARY,Fitbit App
2026-05-09T14:53:00Z,SEDENTARY,Fitbit App
2026-05-09T14:55:00Z,SEDENTARY,Fitbit App
2026-05-09T14:56:00Z,SEDENTARY,Fitbit App
2026-05-09T15:02:00Z,SEDENTARY,Fitbit App
2026-05-09T15:03:00Z,SEDENTARY,Fitbit App
2026-05-09T15:04:00Z,SEDENTARY,Fitbit App
2026-05-09T15:05:00Z,SEDENTARY,Fitbit App
2026-05-09T15:06:00Z,LIGHTLY_ACTIVE,Fitbit App
2026-05-09T15:07:00Z,LIGHTLY_ACTIVE,Fitbit App
2026-05-09T15:08:00Z,LIGHTLY_ACTIVE,Fitbit App
2026-05-09T15:09:00Z,LIGHTLY_ACTIVE,Fitbit App
2026-05-09T15:10:00Z,SEDENTARY,Fitbit App
2026-05-09T15:11:00Z,SEDENTARY,Fitbit App
2026-05-09T15:12:00Z,LIGHTLY_ACTIVE,Fitbit App
2026-05-09T15:13:00Z,LIGHTLY_ACTIVE,Fitbit App
2026-05-09T15:14:00Z,SEDENTARY,Fitbit App
2026-05-09T15:15:00Z,LIGHTLY_ACTIVE,Fitbit App
2026-05-09T15:16:00Z,SEDENTARY,Fitbit App
2026-05-09T15:17:00Z,LIGHTLY_ACTIVE,Fitbit App
2026-05-09T15:18:00Z,LIGHTLY_ACTIVE,Fitbit App
2026-05-09T15:19:00Z,LIGHTLY_ACTIVE,Fitbit App
2026-05-09T15:20:00Z,LIGHTLY_ACTIVE,Fitbit App
2026-05-09T15:21:00Z,MODERATELY_ACTIVE,Fitbit App
2026-05-09T15:22:00Z,LIGHTLY_ACTIVE,Fitbit App
2026-05-09T15:23:00Z,MODERATELY_ACTIVE,Fitbit App
2026-05-09T15:24:00Z,MODERATELY_ACTIVE,Fitbit App
2026-05-09T15:25:00Z,MODERATELY_ACTIVE,Fitbit App
2026-05-09T15:26:00Z,MODERATELY_ACTIVE,Fitbit App
2026-05-09T15:27:00Z,LIGHTLY_ACTIVE,Fitbit App
2026-05-09T15:28:00Z,MODERATELY_ACTIVE,Fitbit App
2026-05-09T15:29:00Z,MODERATELY_ACTIVE,Fitbit App
2026-05-09T15:30:00Z,VERY_ACTIVE,Fitbit App
2026-05-09T15:31:00Z,MODERATELY_ACTIVE,Fitbit App
2026-05-09T15:32:00Z,VERY_ACTIVE,Fitbit App
2026-05-09T15:33:00Z,MODERATELY_ACTIVE,Fitbit App
2026-05-09T15:34:00Z,MODERATELY_ACTIVE,Fitbit App
2026-05-09T15:35:00Z,LIGHTLY_ACTIVE,Fitbit App
2026-05-09T15:36:00Z,MODERATELY_ACTIVE,Fitbit App
2026-05-09T15:37:00Z,VERY_ACTIVE,Fitbit App
2026-05-09T15:38:00Z,MODERATELY_ACTIVE,Fitbit App
2026-05-09T15:39:00Z,VERY_ACTIVE,Fitbit App
2026-05-09T15:40:00Z,MODERATELY_ACTIVE,Fitbit App
2026-05-09T15:41:00Z,MODERATELY_ACTIVE,Fitbit App
2026-05-09T15:42:00Z,SEDENTARY,Fitbit App
2026-05-09T15:43:00Z,SEDENTARY,Fitbit App
2026-05-09T15:44:00Z,LIGHTLY_ACTIVE,Fitbit App
2026-05-09T15:45:00Z,LIGHTLY_ACTIVE,Fitbit App
2026-05-09T15:46:00Z,LIGHTLY_ACTIVE,Fitbit App
2026-05-09T15:47:00Z,LIGHTLY_ACTIVE,Fitbit App
2026-05-09T15:48:00Z,LIGHTLY_ACTIVE,Fitbit App
2026-05-09T15:49:00Z,LIGHTLY_ACTIVE,Fitbit App
2026-05-09T15:50:00Z,LIGHTLY_ACTIVE,Fitbit App
2026-05-09T15:51:00Z,SEDENTARY,Fitbit App
2026-05-09T15:52:00Z,SEDENTARY,Fitbit App
2026-05-09T15:53:00Z,SEDENTARY,Fitbit App
2026-05-09T15:54:00Z,SEDENTARY,Fitbit App
2026-05-09T15:55:00Z,SEDENTARY,Fitbit App
2026-05-09T15:56:00Z,SEDENTARY,Fitbit App
2026-05-09T15:57:00Z,SEDENTARY,Fitbit App
2026-05-09T15:58:00Z,SEDENTARY,Fitbit App
2026-05-09T15:59:00Z,SEDENTARY,Fitbit App
2026-05-09T16:00:00Z,SEDENTARY,Fitbit App
2026-05-09T16:01:00Z,SEDENTARY,Fitbit App
2026-05-09T16:03:00Z,SEDENTARY,Fitbit App
2026-05-09T16:04:00Z,SEDENTARY,Fitbit App
2026-05-09T16:05:00Z,SEDENTARY,Fitbit App
2026-05-09T16:06:00Z,SEDENTARY,Fitbit App
2026-05-09T16:07:00Z,SEDENTARY,Fitbit App
2026-05-09T16:08:00Z,SEDENTARY,Fitbit App
2026-05-09T16:09:00Z,SEDENTARY,Fitbit App
2026-05-09T16:10:00Z,SEDENTARY,Fitbit App
2026-05-09T16:11:00Z,SEDENTARY,Fitbit App
2026-05-09T16:12:00Z,SEDENTARY,Fitbit App
2026-05-09T16:13:00Z,SEDENTARY,Fitbit App
2026-05-09T16:14:00Z,SEDENTARY,Fitbit App
2026-05-09T16:15:00Z,SEDENTARY,Fitbit App
2026-05-09T16:16:00Z,SEDENTARY,Fitbit App
2026-05-09T16:17:00Z,SEDENTARY,Fitbit App
2026-05-09T16:18:00Z,MODERATELY_ACTIVE,Fitbit App
2026-05-09T16:19:00Z,SEDENTARY,Fitbit App
2026-05-09T16:56:00Z,LIGHTLY_ACTIVE,Fitbit App
2026-05-09T16:57:00Z,LIGHTLY_ACTIVE,Fitbit App
2026-05-09T16:58:00Z,SEDENTARY,Fitbit App
2026-05-09T16:59:00Z,SEDENTARY,Fitbit App
2026-05-09T17:00:00Z,SEDENTARY,Fitbit App
2026-05-09T17:01:00Z,SEDENTARY,Fitbit App
2026-05-09T17:02:00Z,SEDENTARY,Fitbit App
2026-05-09T17:03:00Z,SEDENTARY,Fitbit App
2026-05-09T17:04:00Z,SEDENTARY,Fitbit App
2026-05-09T17:05:00Z,SEDENTARY,Fitbit App
2026-05-09T17:06:00Z,SEDENTARY,Fitbit App
2026-05-09T17:07:00Z,SEDENTARY,Fitbit App
2026-05-09T17:08:00Z,LIGHTLY_ACTIVE,Fitbit App
2026-05-09T17:09:00Z,SEDENTARY,Fitbit App
2026-05-09T17:10:00Z,LIGHTLY_ACTIVE,Fitbit App
2026-05-09T17:11:00Z,LIGHTLY_ACTIVE,Fitbit App
2026-05-09T17:12:00Z,LIGHTLY_ACTIVE,Fitbit App
2026-05-09T17:13:00Z,LIGHTLY_ACTIVE,Fitbit App
2026-05-09T17:14:00Z,SEDENTARY,Fitbit App
2026-05-09T17:15:00Z,SEDENTARY,Fitbit App
2026-05-09T17:16:00Z,SEDENTARY,Fitbit App
2026-05-09T17:17:00Z,LIGHTLY_ACTIVE,Fitbit App
2026-05-09T17:18:00Z,LIGHTLY_ACTIVE,Fitbit App
2026-05-09T17:19:00Z,LIGHTLY_ACTIVE,Fitbit App
2026-05-09T17:20:00Z,LIGHTLY_ACTIVE,Fitbit App
2026-05-09T17:21:00Z,LIGHTLY_ACTIVE,Fitbit App
2026-05-09T17:22:00Z,LIGHTLY_ACTIVE,Fitbit App
2026-05-09T17:23:00Z,LIGHTLY_ACTIVE,Fitbit App
2026-05-09T17:24:00Z,LIGHTLY_ACTIVE,Fitbit App
2026-05-09T17:25:00Z,SEDENTARY,Fitbit App
2026-05-09T17:26:00Z,SEDENTARY,Fitbit App
2026-05-09T17:27:00Z,SEDENTARY,Fitbit App
2026-05-09T17:28:00Z,SEDENTARY,Fitbit App
2026-05-09T17:29:00Z,SEDENTARY,Fitbit App
2026-05-09T17:30:00Z,SEDENTARY,Fitbit App
2026-05-09T17:31:00Z,SEDENTARY,Fitbit App
2026-05-09T17:32:00Z,SEDENTARY,Fitbit App
2026-05-09T17:33:00Z,SEDENTARY,Fitbit App
2026-05-09T17:34:00Z,SEDENTARY,Fitbit App
2026-05-09T17:35:00Z,LIGHTLY_ACTIVE,Fitbit App
2026-05-09T17:36:00Z,LIGHTLY_ACTIVE,Fitbit App
2026-05-09T17:37:00Z,LIGHTLY_ACTIVE,Fitbit App
2026-05-09T17:38:00Z,LIGHTLY_ACTIVE,Fitbit App
2026-05-09T17:39:00Z,LIGHTLY_ACTIVE,Fitbit App
2026-05-09T17:40:00Z,LIGHTLY_ACTIVE,Fitbit App
2026-05-09T17:41:00Z,SEDENTARY,Fitbit App
2026-05-09T17:42:00Z,SEDENTARY,Fitbit App
2026-05-09T17:43:00Z,SEDENTARY,Fitbit App
2026-05-09T17:44:00Z,LIGHTLY_ACTIVE,Fitbit App
2026-05-09T17:45:00Z,SEDENTARY,Fitbit App
2026-05-09T17:46:00Z,SEDENTARY,Fitbit App
2026-05-09T17:47:00Z,SEDENTARY,Fitbit App
2026-05-09T17:48:00Z,SEDENTARY,Fitbit App
2026-05-09T17:49:00Z,SEDENTARY,Fitbit App
2026-05-09T17:50:00Z,SEDENTARY,Fitbit App
2026-05-09T17:51:00Z,SEDENTARY,Fitbit App
2026-05-09T17:52:00Z,SEDENTARY,Fitbit App
2026-05-09T17:53:00Z,SEDENTARY,Fitbit App
2026-05-09T17:54:00Z,SEDENTARY,Fitbit App
2026-05-09T17:55:00Z,SEDENTARY,Fitbit App
2026-05-09T17:56:00Z,SEDENTARY,Fitbit App
2026-05-09T17:57:00Z,SEDENTARY,Fitbit App
2026-05-09T17:58:00Z,SEDENTARY,Fitbit App
2026-05-09T17:59:00Z,LIGHTLY_ACTIVE,Fitbit App
2026-05-09T18:00:00Z,LIGHTLY_ACTIVE,Fitbit App
2026-05-09T18:01:00Z,VERY_ACTIVE,Fitbit App
2026-05-09T18:02:00Z,VERY_ACTIVE,Fitbit App
2026-05-09T18:03:00Z,VERY_ACTIVE,Fitbit App
2026-05-09T18:04:00Z,VERY_ACTIVE,Fitbit App
2026-05-09T18:05:00Z,VERY_ACTIVE,Fitbit App
2026-05-09T18:06:00Z,VERY_ACTIVE,Fitbit App
2026-05-09T18:07:00Z,VERY_ACTIVE,Fitbit App
2026-05-09T18:08:00Z,VERY_ACTIVE,Fitbit App
2026-05-09T18:09:00Z,VERY_ACTIVE,Fitbit App
2026-05-09T18:10:00Z,MODERATELY_ACTIVE,Fitbit App
2026-05-09T18:11:00Z,VERY_ACTIVE,Fitbit App
2026-05-09T18:12:00Z,VERY_ACTIVE,Fitbit App
2026-05-09T18:13:00Z,VERY_ACTIVE,Fitbit App
2026-05-09T18:14:00Z,MODERATELY_ACTIVE,Fitbit App
2026-05-09T18:15:00Z,VERY_ACTIVE,Fitbit App
2026-05-09T18:16:00Z,VERY_ACTIVE,Fitbit App
2026-05-09T18:17:00Z,VERY_ACTIVE,Fitbit App
2026-05-09T18:18:00Z,VERY_ACTIVE,Fitbit App
2026-05-09T18:19:00Z,VERY_ACTIVE,Fitbit App
2026-05-09T18:20:00Z,VERY_ACTIVE,Fitbit App
2026-05-09T18:21:00Z,VERY_ACTIVE,Fitbit App
2026-05-09T18:22:00Z,VERY_ACTIVE,Fitbit App
2026-05-09T18:23:00Z,MODERATELY_ACTIVE,Fitbit App
2026-05-09T18:24:00Z,LIGHTLY_ACTIVE,Fitbit App
2026-05-09T18:25:00Z,MODERATELY_ACTIVE,Fitbit App
2026-05-09T18:26:00Z,MODERATELY_ACTIVE,Fitbit App
2026-05-09T18:27:00Z,MODERATELY_ACTIVE,Fitbit App
2026-05-09T18:28:00Z,MODERATELY_ACTIVE,Fitbit App
2026-05-09T18:29:00Z,MODERATELY_ACTIVE,Fitbit App
2026-05-09T18:30:00Z,MODERATELY_ACTIVE,Fitbit App
2026-05-09T18:31:00Z,MODERATELY_ACTIVE,Fitbit App
2026-05-09T18:32:00Z,MODERATELY_ACTIVE,Fitbit App
2026-05-09T18:33:00Z,MODERATELY_ACTIVE,Fitbit App
2026-05-09T18:34:00Z,MODERATELY_ACTIVE,Fitbit App
2026-05-09T18:35:00Z,MODERATELY_ACTIVE,Fitbit App
2026-05-09T18:36:00Z,MODERATELY_ACTIVE,Fitbit App
2026-05-09T18:37:00Z,MODERATELY_ACTIVE,Fitbit App
2026-05-09T18:38:00Z,MODERATELY_ACTIVE,Fitbit App
2026-05-09T18:39:00Z,LIGHTLY_ACTIVE,Fitbit App
2026-05-09T18:40:00Z,LIGHTLY_ACTIVE,Fitbit App
2026-05-09T18:41:00Z,SEDENTARY,Fitbit App
2026-05-09T18:42:00Z,SEDENTARY,Fitbit App
2026-05-09T18:43:00Z,SEDENTARY,Fitbit App
2026-05-09T18:44:00Z,SEDENTARY,Fitbit App
2026-05-09T18:46:00Z,SEDENTARY,Fitbit App
2026-05-09T18:47:00Z,SEDENTARY,Fitbit App
2026-05-09T18:48:00Z,SEDENTARY,Fitbit App
2026-05-09T18:49:00Z,SEDENTARY,Fitbit App
2026-05-09T18:50:00Z,SEDENTARY,Fitbit App
2026-05-09T18:52:00Z,SEDENTARY,Fitbit App
2026-05-09T18:53:00Z,SEDENTARY,Fitbit App
2026-05-09T18:54:00Z,SEDENTARY,Fitbit App
2026-05-09T18:55:00Z,SEDENTARY,Fitbit App
2026-05-09T18:56:00Z,SEDENTARY,Fitbit App
2026-05-09T18:57:00Z,SEDENTARY,Fitbit App
2026-05-09T18:58:00Z,LIGHTLY_ACTIVE,Fitbit App
2026-05-09T18:59:00Z,LIGHTLY_ACTIVE,Fitbit App
2026-05-09T19:00:00Z,LIGHTLY_ACTIVE,Fitbit App
2026-05-09T19:01:00Z,LIGHTLY_ACTIVE,Fitbit App
2026-05-09T19:02:00Z,SEDENTARY,Fitbit App
2026-05-09T19:03:00Z,LIGHTLY_ACTIVE,Fitbit App
2026-05-09T19:04:00Z,LIGHTLY_ACTIVE,Fitbit App
2026-05-09T19:05:00Z,MODERATELY_ACTIVE,Fitbit App
2026-05-09T19:06:00Z,VERY_ACTIVE,Fitbit App
2026-05-09T19:07:00Z,MODERATELY_ACTIVE,Fitbit App
2026-05-09T19:08:00Z,LIGHTLY_ACTIVE,Fitbit App
2026-05-09T19:09:00Z,SEDENTARY,Fitbit App
2026-05-09T19:10:00Z,LIGHTLY_ACTIVE,Fitbit App
2026-05-09T19:11:00Z,LIGHTLY_ACTIVE,Fitbit App
2026-05-09T19:14:00Z,SEDENTARY,Fitbit App
2026-05-09T19:15:00Z,SEDENTARY,Fitbit App
2026-05-09T19:25:00Z,SEDENTARY,Fitbit App
2026-05-09T19:29:00Z,SEDENTARY,Fitbit App
2026-05-09T19:30:00Z,SEDENTARY,Fitbit App
2026-05-09T19:32:00Z,SEDENTARY,Fitbit App
2026-05-09T19:38:00Z,SEDENTARY,Fitbit App
2026-05-09T19:41:00Z,SEDENTARY,Fitbit App
2026-05-09T19:44:00Z,LIGHTLY_ACTIVE,Fitbit App
2026-05-09T19:45:00Z,SEDENTARY,Fitbit App
2026-05-09T19:46:00Z,LIGHTLY_ACTIVE,Fitbit App
2026-05-09T19:47:00Z,LIGHTLY_ACTIVE,Fitbit App
2026-05-09T19:48:00Z,SEDENTARY,Fitbit App
2026-05-09T19:49:00Z,LIGHTLY_ACTIVE,Fitbit App
2026-05-09T19:50:00Z,SEDENTARY,Fitbit App
2026-05-09T19:51:00Z,SEDENTARY,Fitbit App
2026-05-09T19:52:00Z,SEDENTARY,Fitbit App
2026-05-09T19:53:00Z,LIGHTLY_ACTIVE,Fitbit App
2026-05-09T19:54:00Z,SEDENTARY,Fitbit App
2026-05-09T20:00:00Z,SEDENTARY,Fitbit App
2026-05-09T20:01:00Z,SEDENTARY,Fitbit App
2026-05-09T20:02:00Z,SEDENTARY,Fitbit App
2026-05-09T20:03:00Z,SEDENTARY,Fitbit App
2026-05-09T20:04:00Z,SEDENTARY,Fitbit App
2026-05-09T20:05:00Z,SEDENTARY,Fitbit App
2026-05-09T20:06:00Z,LIGHTLY_ACTIVE,Fitbit App
2026-05-09T20:07:00Z,LIGHTLY_ACTIVE,Fitbit App
2026-05-09T20:08:00Z,LIGHTLY_ACTIVE,Fitbit App
2026-05-09T20:09:00Z,LIGHTLY_ACTIVE,Fitbit App
2026-05-09T20:10:00Z,SEDENTARY,Fitbit App
2026-05-09T20:19:00Z,SEDENTARY,Fitbit App
2026-05-09T20:20:00Z,SEDENTARY,Fitbit App
2026-05-09T20:23:00Z,SEDENTARY,Fitbit App
2026-05-09T20:24:00Z,SEDENTARY,Fitbit App
2026-05-09T20:27:00Z,SEDENTARY,Fitbit App
2026-05-09T20:33:00Z,SEDENTARY,Fitbit App
2026-05-09T20:35:00Z,SEDENTARY,Fitbit App
2026-05-09T20:57:00Z,SEDENTARY,Fitbit App
2026-05-09T21:06:00Z,SEDENTARY,Fitbit App
2026-05-09T21:14:00Z,SEDENTARY,Fitbit App
2026-05-09T21:15:00Z,SEDENTARY,Fitbit App
2026-05-09T21:19:00Z,SEDENTARY,Fitbit App
2026-05-09T21:22:00Z,SEDENTARY,Fitbit App
2026-05-09T21:25:00Z,SEDENTARY,Fitbit App
2026-05-09T21:26:00Z,SEDENTARY,Fitbit App
2026-05-09T21:27:00Z,SEDENTARY,Fitbit App
2026-05-09T21:28:00Z,LIGHTLY_ACTIVE,Fitbit App
2026-05-09T21:29:00Z,LIGHTLY_ACTIVE,Fitbit App
2026-05-09T21:30:00Z,LIGHTLY_ACTIVE,Fitbit App
2026-05-09T21:31:00Z,LIGHTLY_ACTIVE,Fitbit App
2026-05-09T21:32:00Z,SEDENTARY,Fitbit App
2026-05-09T22:01:00Z,SEDENTARY,Fitbit App
2026-05-09T22:16:00Z,SEDENTARY,Fitbit App
2026-05-09T22:17:00Z,LIGHTLY_ACTIVE,Fitbit App
2026-05-09T22:22:00Z,SEDENTARY,Fitbit App
2026-05-09T22:30:00Z,SEDENTARY,Fitbit App
2026-05-10T00:07:00Z,SEDENTARY,Fitbit App
2026-05-10T00:52:00Z,SEDENTARY,Fitbit App
2026-05-10T01:43:00Z,SEDENTARY,Fitbit App
2026-05-10T01:44:00Z,SEDENTARY,Fitbit App
2026-05-10T02:22:00Z,SEDENTARY,Fitbit App
2026-05-10T02:36:00Z,SEDENTARY,Fitbit App
2026-05-10T02:39:00Z,SEDENTARY,Fitbit App
2026-05-10T03:53:00Z,SEDENTARY,Fitbit App
2026-05-10T04:13:00Z,SEDENTARY,Fitbit App
2026-05-10T04:33:00Z,SEDENTARY,Fitbit App
2026-05-10T04:42:00Z,SEDENTARY,Fitbit App
2026-05-10T04:53:00Z,SEDENTARY,Fitbit App
2026-05-10T05:02:00Z,SEDENTARY,Fitbit App
2026-05-10T05:29:00Z,SEDENTARY,Fitbit App
2026-05-10T05:38:00Z,SEDENTARY,Fitbit App
2026-05-10T05:48:00Z,LIGHTLY_ACTIVE,Fitbit App
2026-05-10T05:50:00Z,SEDENTARY,Fitbit App
2026-05-10T06:03:00Z,SEDENTARY,Fitbit App
2026-05-10T06:05:00Z,SEDENTARY,Fitbit App
2026-05-10T06:10:00Z,SEDENTARY,Fitbit App
2026-05-10T06:11:00Z,SEDENTARY,Fitbit App
2026-05-10T06:14:00Z,SEDENTARY,Fitbit App
2026-05-10T06:17:00Z,SEDENTARY,Fitbit App
2026-05-10T06:18:00Z,SEDENTARY,Fitbit App
2026-05-10T06:22:00Z,SEDENTARY,Fitbit App
2026-05-10T06:31:00Z,SEDENTARY,Fitbit App
2026-05-10T07:01:00Z,SEDENTARY,Fitbit App
2026-05-10T07:07:00Z,SEDENTARY,Fitbit App
2026-05-10T07:11:00Z,LIGHTLY_ACTIVE,Fitbit App
2026-05-10T07:12:00Z,MODERATELY_ACTIVE,Fitbit App
2026-05-10T07:13:00Z,MODERATELY_ACTIVE,Fitbit App
2026-05-10T07:14:00Z,LIGHTLY_ACTIVE,Fitbit App
2026-05-10T07:15:00Z,LIGHTLY_ACTIVE,Fitbit App
2026-05-10T07:16:00Z,SEDENTARY,Fitbit App
2026-05-10T07:17:00Z,SEDENTARY,Fitbit App
2026-05-10T07:18:00Z,LIGHTLY_ACTIVE,Fitbit App
2026-05-10T07:19:00Z,LIGHTLY_ACTIVE,Fitbit App
2026-05-10T07:20:00Z,LIGHTLY_ACTIVE,Fitbit App
2026-05-10T07:21:00Z,LIGHTLY_ACTIVE,Fitbit App
2026-05-10T07:22:00Z,LIGHTLY_ACTIVE,Fitbit App
2026-05-10T07:23:00Z,LIGHTLY_ACTIVE,Fitbit App
2026-05-10T07:24:00Z,LIGHTLY_ACTIVE,Fitbit App
2026-05-10T07:25:00Z,LIGHTLY_ACTIVE,Fitbit App
2026-05-10T07:26:00Z,LIGHTLY_ACTIVE,Fitbit App
2026-05-10T07:27:00Z,LIGHTLY_ACTIVE,Fitbit App
2026-05-10T07:28:00Z,LIGHTLY_ACTIVE,Fitbit App
2026-05-10T07:29:00Z,LIGHTLY_ACTIVE,Fitbit App
2026-05-10T07:30:00Z,SEDENTARY,Fitbit App
2026-05-10T07:31:00Z,LIGHTLY_ACTIVE,Fitbit App
2026-05-10T07:32:00Z,LIGHTLY_ACTIVE,Fitbit App
2026-05-10T07:33:00Z,SEDENTARY,Fitbit App
2026-05-10T07:34:00Z,LIGHTLY_ACTIVE,Fitbit App
2026-05-10T07:35:00Z,LIGHTLY_ACTIVE,Fitbit App
2026-05-10T07:36:00Z,LIGHTLY_ACTIVE,Fitbit App
2026-05-10T07:37:00Z,MODERATELY_ACTIVE,Fitbit App
2026-05-10T07:38:00Z,LIGHTLY_ACTIVE,Fitbit App
2026-05-10T07:39:00Z,MODERATELY_ACTIVE,Fitbit App
2026-05-10T07:40:00Z,MODERATELY_ACTIVE,Fitbit App
2026-05-10T07:41:00Z,LIGHTLY_ACTIVE,Fitbit App
2026-05-10T07:42:00Z,LIGHTLY_ACTIVE,Fitbit App
2026-05-10T07:43:00Z,LIGHTLY_ACTIVE,Fitbit App
2026-05-10T07:44:00Z,MODERATELY_ACTIVE,Fitbit App
2026-05-10T07:45:00Z,LIGHTLY_ACTIVE,Fitbit App
2026-05-10T07:46:00Z,LIGHTLY_ACTIVE,Fitbit App
2026-05-10T07:47:00Z,LIGHTLY_ACTIVE,Fitbit App
2026-05-10T07:48:00Z,LIGHTLY_ACTIVE,Fitbit App
2026-05-10T07:49:00Z,LIGHTLY_ACTIVE,Fitbit App
2026-05-10T07:50:00Z,LIGHTLY_ACTIVE,Fitbit App
2026-05-10T07:51:00Z,MODERATELY_ACTIVE,Fitbit App
2026-05-10T07:52:00Z,MODERATELY_ACTIVE,Fitbit App
2026-05-10T07:53:00Z,SEDENTARY,Fitbit App
2026-05-10T07:54:00Z,LIGHTLY_ACTIVE,Fitbit App
2026-05-10T07:55:00Z,SEDENTARY,Fitbit App
2026-05-10T07:56:00Z,LIGHTLY_ACTIVE,Fitbit App
2026-05-10T07:57:00Z,LIGHTLY_ACTIVE,Fitbit App
2026-05-10T07:58:00Z,SEDENTARY,Fitbit App
2026-05-10T07:59:00Z,LIGHTLY_ACTIVE,Fitbit App
2026-05-10T08:00:00Z,LIGHTLY_ACTIVE,Fitbit App
2026-05-10T08:01:00Z,LIGHTLY_ACTIVE,Fitbit App
2026-05-10T08:02:00Z,LIGHTLY_ACTIVE,Fitbit App
2026-05-10T08:03:00Z,LIGHTLY_ACTIVE,Fitbit App
2026-05-10T08:04:00Z,LIGHTLY_ACTIVE,Fitbit App
2026-05-10T08:05:00Z,LIGHTLY_ACTIVE,Fitbit App
2026-05-10T08:06:00Z,LIGHTLY_ACTIVE,Fitbit App
2026-05-10T08:07:00Z,SEDENTARY,Fitbit App
2026-05-10T08:08:00Z,LIGHTLY_ACTIVE,Fitbit App
2026-05-10T08:09:00Z,SEDENTARY,Fitbit App
2026-05-10T08:10:00Z,SEDENTARY,Fitbit App
2026-05-10T08:11:00Z,LIGHTLY_ACTIVE,Fitbit App
2026-05-10T08:12:00Z,LIGHTLY_ACTIVE,Fitbit App
2026-05-10T08:13:00Z,SEDENTARY,Fitbit App
2026-05-10T08:14:00Z,SEDENTARY,Fitbit App
2026-05-10T08:15:00Z,SEDENTARY,Fitbit App
2026-05-10T08:16:00Z,SEDENTARY,Fitbit App
2026-05-10T08:17:00Z,LIGHTLY_ACTIVE,Fitbit App
2026-05-10T08:18:00Z,LIGHTLY_ACTIVE,Fitbit App
2026-05-10T08:19:00Z,LIGHTLY_ACTIVE,Fitbit App
2026-05-10T08:20:00Z,SEDENTARY,Fitbit App
2026-05-10T08:24:00Z,SEDENTARY,Fitbit App
2026-05-10T08:25:00Z,LIGHTLY_ACTIVE,Fitbit App
2026-05-10T08:26:00Z,MODERATELY_ACTIVE,Fitbit App
2026-05-10T08:27:00Z,LIGHTLY_ACTIVE,Fitbit App
2026-05-10T08:28:00Z,SEDENTARY,Fitbit App
2026-05-10T08:29:00Z,LIGHTLY_ACTIVE,Fitbit App
2026-05-10T08:30:00Z,LIGHTLY_ACTIVE,Fitbit App
2026-05-10T08:31:00Z,LIGHTLY_ACTIVE,Fitbit App
2026-05-10T08:32:00Z,LIGHTLY_ACTIVE,Fitbit App
2026-05-10T08:33:00Z,LIGHTLY_ACTIVE,Fitbit App
2026-05-10T08:34:00Z,SEDENTARY,Fitbit App
2026-05-10T08:35:00Z,SEDENTARY,Fitbit App
2026-05-10T08:36:00Z,SEDENTARY,Fitbit App
2026-05-10T08:37:00Z,SEDENTARY,Fitbit App
2026-05-10T08:38:00Z,SEDENTARY,Fitbit App
2026-05-10T08:39:00Z,SEDENTARY,Fitbit App
2026-05-10T08:40:00Z,SEDENTARY,Fitbit App
2026-05-10T08:41:00Z,SEDENTARY,Fitbit App
2026-05-10T08:42:00Z,SEDENTARY,Fitbit App
2026-05-10T08:43:00Z,SEDENTARY,Fitbit App
2026-05-10T08:44:00Z,SEDENTARY,Fitbit App
2026-05-10T08:45:00Z,SEDENTARY,Fitbit App
2026-05-10T08:46:00Z,SEDENTARY,Fitbit App
2026-05-10T08:47:00Z,SEDENTARY,Fitbit App
2026-05-10T08:48:00Z,SEDENTARY,Fitbit App
2026-05-10T08:49:00Z,SEDENTARY,Fitbit App
2026-05-10T08:50:00Z,SEDENTARY,Fitbit App
2026-05-10T08:51:00Z,SEDENTARY,Fitbit App
2026-05-10T08:52:00Z,SEDENTARY,Fitbit App
2026-05-10T08:53:00Z,SEDENTARY,Fitbit App
2026-05-10T08:54:00Z,SEDENTARY,Fitbit App
2026-05-10T08:55:00Z,SEDENTARY,Fitbit App
2026-05-10T08:56:00Z,SEDENTARY,Fitbit App
2026-05-10T08:57:00Z,LIGHTLY_ACTIVE,Fitbit App
2026-05-10T08:58:00Z,SEDENTARY,Fitbit App
2026-05-10T08:59:00Z,SEDENTARY,Fitbit App
2026-05-10T09:00:00Z,SEDENTARY,Fitbit App
2026-05-10T09:01:00Z,SEDENTARY,Fitbit App
2026-05-10T09:02:00Z,SEDENTARY,Fitbit App
2026-05-10T09:03:00Z,SEDENTARY,Fitbit App
2026-05-10T09:04:00Z,LIGHTLY_ACTIVE,Fitbit App
2026-05-10T09:05:00Z,SEDENTARY,Fitbit App
2026-05-10T09:06:00Z,LIGHTLY_ACTIVE,Fitbit App
2026-05-10T09:07:00Z,SEDENTARY,Fitbit App
2026-05-10T09:08:00Z,SEDENTARY,Fitbit App
2026-05-10T09:09:00Z,SEDENTARY,Fitbit App
2026-05-10T09:10:00Z,LIGHTLY_ACTIVE,Fitbit App
2026-05-10T09:11:00Z,SEDENTARY,Fitbit App
2026-05-10T09:12:00Z,SEDENTARY,Fitbit App
2026-05-10T09:13:00Z,LIGHTLY_ACTIVE,Fitbit App
2026-05-10T09:14:00Z,MODERATELY_ACTIVE,Fitbit App
2026-05-10T09:15:00Z,LIGHTLY_ACTIVE,Fitbit App
2026-05-10T09:16:00Z,MODERATELY_ACTIVE,Fitbit App
2026-05-10T09:17:00Z,MODERATELY_ACTIVE,Fitbit App
2026-05-10T09:18:00Z,SEDENTARY,Fitbit App
2026-05-10T09:19:00Z,SEDENTARY,Fitbit App
2026-05-10T09:25:00Z,LIGHTLY_ACTIVE,Fitbit App
2026-05-10T09:26:00Z,SEDENTARY,Fitbit App
2026-05-10T09:27:00Z,SEDENTARY,Fitbit App
2026-05-10T09:28:00Z,SEDENTARY,Fitbit App
2026-05-10T09:29:00Z,SEDENTARY,Fitbit App
2026-05-10T09:30:00Z,SEDENTARY,Fitbit App
2026-05-10T09:31:00Z,SEDENTARY,Fitbit App
2026-05-10T09:32:00Z,LIGHTLY_ACTIVE,Fitbit App
2026-05-10T09:33:00Z,SEDENTARY,Fitbit App
2026-05-10T09:34:00Z,SEDENTARY,Fitbit App
2026-05-10T09:35:00Z,SEDENTARY,Fitbit App
2026-05-10T09:36:00Z,SEDENTARY,Fitbit App
2026-05-10T09:37:00Z,MODERATELY_ACTIVE,Fitbit App
2026-05-10T09:38:00Z,VERY_ACTIVE,Fitbit App
2026-05-10T09:39:00Z,MODERATELY_ACTIVE,Fitbit App
2026-05-10T09:40:00Z,VERY_ACTIVE,Fitbit App
2026-05-10T09:41:00Z,VERY_ACTIVE,Fitbit App
2026-05-10T09:42:00Z,VERY_ACTIVE,Fitbit App
2026-05-10T09:43:00Z,VERY_ACTIVE,Fitbit App
2026-05-10T09:44:00Z,VERY_ACTIVE,Fitbit App
2026-05-10T09:45:00Z,VERY_ACTIVE,Fitbit App
2026-05-10T09:46:00Z,VERY_ACTIVE,Fitbit App
2026-05-10T09:47:00Z,VERY_ACTIVE,Fitbit App
2026-05-10T09:48:00Z,VERY_ACTIVE,Fitbit App
2026-05-10T09:49:00Z,VERY_ACTIVE,Fitbit App
2026-05-10T09:50:00Z,MODERATELY_ACTIVE,Fitbit App
2026-05-10T09:51:00Z,LIGHTLY_ACTIVE,Fitbit App
2026-05-10T09:52:00Z,LIGHTLY_ACTIVE,Fitbit App
2026-05-10T09:53:00Z,LIGHTLY_ACTIVE,Fitbit App
2026-05-10T09:54:00Z,LIGHTLY_ACTIVE,Fitbit App
2026-05-10T09:55:00Z,LIGHTLY_ACTIVE,Fitbit App
2026-05-10T09:56:00Z,MODERATELY_ACTIVE,Fitbit App
2026-05-10T09:57:00Z,LIGHTLY_ACTIVE,Fitbit App
2026-05-10T09:58:00Z,MODERATELY_ACTIVE,Fitbit App
2026-05-10T09:59:00Z,MODERATELY_ACTIVE,Fitbit App
2026-05-10T10:00:00Z,MODERATELY_ACTIVE,Fitbit App
2026-05-10T10:01:00Z,MODERATELY_ACTIVE,Fitbit App
2026-05-10T10:02:00Z,VERY_ACTIVE,Fitbit App
2026-05-10T10:03:00Z,VERY_ACTIVE,Fitbit App
2026-05-10T10:04:00Z,MODERATELY_ACTIVE,Fitbit App
2026-05-10T10:05:00Z,VERY_ACTIVE,Fitbit App
2026-05-10T10:06:00Z,MODERATELY_ACTIVE,Fitbit App
2026-05-10T10:07:00Z,MODERATELY_ACTIVE,Fitbit App
2026-05-10T10:08:00Z,MODERATELY_ACTIVE,Fitbit App
2026-05-10T10:09:00Z,MODERATELY_ACTIVE,Fitbit App
2026-05-10T10:10:00Z,MODERATELY_ACTIVE,Fitbit App
2026-05-10T10:11:00Z,VERY_ACTIVE,Fitbit App
2026-05-10T10:12:00Z,VERY_ACTIVE,Fitbit App
2026-05-10T10:13:00Z,MODERATELY_ACTIVE,Fitbit App
2026-05-10T10:14:00Z,VERY_ACTIVE,Fitbit App
2026-05-10T10:15:00Z,VERY_ACTIVE,Fitbit App
2026-05-10T10:16:00Z,MODERATELY_ACTIVE,Fitbit App
2026-05-10T10:17:00Z,VERY_ACTIVE,Fitbit App
2026-05-10T10:18:00Z,MODERATELY_ACTIVE,Fitbit App
2026-05-10T10:19:00Z,MODERATELY_ACTIVE,Fitbit App
2026-05-10T10:20:00Z,VERY_ACTIVE,Fitbit App
2026-05-10T10:21:00Z,MODERATELY_ACTIVE,Fitbit App
2026-05-10T10:22:00Z,VERY_ACTIVE,Fitbit App
2026-05-10T10:23:00Z,MODERATELY_ACTIVE,Fitbit App
2026-05-10T10:24:00Z,LIGHTLY_ACTIVE,Fitbit App
2026-05-10T10:25:00Z,LIGHTLY_ACTIVE,Fitbit App
2026-05-10T10:26:00Z,LIGHTLY_ACTIVE,Fitbit App
2026-05-10T10:27:00Z,LIGHTLY_ACTIVE,Fitbit App
2026-05-10T10:28:00Z,LIGHTLY_ACTIVE,Fitbit App
2026-05-10T10:29:00Z,LIGHTLY_ACTIVE,Fitbit App
2026-05-10T10:30:00Z,SEDENTARY,Fitbit App
2026-05-10T10:31:00Z,SEDENTARY,Fitbit App
2026-05-10T10:32:00Z,SEDENTARY,Fitbit App
2026-05-10T10:34:00Z,SEDENTARY,Fitbit App
2026-05-10T10:35:00Z,SEDENTARY,Fitbit App
2026-05-10T10:36:00Z,SEDENTARY,Fitbit App
2026-05-10T10:37:00Z,SEDENTARY,Fitbit App
2026-05-10T10:41:00Z,SEDENTARY,Fitbit App
2026-05-10T10:42:00Z,SEDENTARY,Fitbit App
2026-05-10T10:43:00Z,MODERATELY_ACTIVE,Fitbit App
2026-05-10T10:44:00Z,LIGHTLY_ACTIVE,Fitbit App
2026-05-10T10:45:00Z,LIGHTLY_ACTIVE,Fitbit App
2026-05-10T10:46:00Z,MODERATELY_ACTIVE,Fitbit App
2026-05-10T10:47:00Z,LIGHTLY_ACTIVE,Fitbit App
2026-05-10T10:48:00Z,LIGHTLY_ACTIVE,Fitbit App
2026-05-10T10:50:00Z,SEDENTARY,Fitbit App
2026-05-10T10:51:00Z,MODERATELY_ACTIVE,Fitbit App
2026-05-10T10:52:00Z,LIGHTLY_ACTIVE,Fitbit App
2026-05-10T10:53:00Z,MODERATELY_ACTIVE,Fitbit App
2026-05-10T10:54:00Z,LIGHTLY_ACTIVE,Fitbit App
2026-05-10T10:55:00Z,SEDENTARY,Fitbit App
2026-05-10T10:56:00Z,SEDENTARY,Fitbit App
2026-05-10T10:57:00Z,SEDENTARY,Fitbit App
2026-05-10T10:58:00Z,SEDENTARY,Fitbit App
2026-05-10T10:59:00Z,SEDENTARY,Fitbit App
2026-05-10T11:00:00Z,LIGHTLY_ACTIVE,Fitbit App
2026-05-10T11:01:00Z,LIGHTLY_ACTIVE,Fitbit App
2026-05-10T11:02:00Z,LIGHTLY_ACTIVE,Fitbit App
2026-05-10T11:03:00Z,LIGHTLY_ACTIVE,Fitbit App
2026-05-10T11:04:00Z,LIGHTLY_ACTIVE,Fitbit App
2026-05-10T11:05:00Z,SEDENTARY,Fitbit App
2026-05-10T11:06:00Z,SEDENTARY,Fitbit App
2026-05-10T11:07:00Z,SEDENTARY,Fitbit App
2026-05-10T11:08:00Z,SEDENTARY,Fitbit App
2026-05-10T11:09:00Z,LIGHTLY_ACTIVE,Fitbit App
2026-05-10T11:10:00Z,LIGHTLY_ACTIVE,Fitbit App
2026-05-10T11:11:00Z,SEDENTARY,Fitbit App
2026-05-10T11:12:00Z,SEDENTARY,Fitbit App
2026-05-10T11:13:00Z,SEDENTARY,Fitbit App
2026-05-10T11:14:00Z,SEDENTARY,Fitbit App
2026-05-10T11:15:00Z,SEDENTARY,Fitbit App
2026-05-10T11:16:00Z,SEDENTARY,Fitbit App
2026-05-10T11:17:00Z,SEDENTARY,Fitbit App
2026-05-10T11:20:00Z,SEDENTARY,Fitbit App
2026-05-10T11:21:00Z,SEDENTARY,Fitbit App
2026-05-10T11:22:00Z,SEDENTARY,Fitbit App
2026-05-10T11:23:00Z,SEDENTARY,Fitbit App
2026-05-10T11:24:00Z,SEDENTARY,Fitbit App
2026-05-10T11:25:00Z,SEDENTARY,Fitbit App
2026-05-10T11:26:00Z,SEDENTARY,Fitbit App
2026-05-10T11:27:00Z,SEDENTARY,Fitbit App
2026-05-10T11:28:00Z,SEDENTARY,Fitbit App
2026-05-10T11:29:00Z,LIGHTLY_ACTIVE,Fitbit App
2026-05-10T11:30:00Z,LIGHTLY_ACTIVE,Fitbit App
2026-05-10T11:31:00Z,LIGHTLY_ACTIVE,Fitbit App
2026-05-10T11:32:00Z,LIGHTLY_ACTIVE,Fitbit App
2026-05-10T11:33:00Z,SEDENTARY,Fitbit App
2026-05-10T11:34:00Z,LIGHTLY_ACTIVE,Fitbit App
2026-05-10T11:35:00Z,LIGHTLY_ACTIVE,Fitbit App
2026-05-10T11:36:00Z,MODERATELY_ACTIVE,Fitbit App
2026-05-10T11:37:00Z,MODERATELY_ACTIVE,Fitbit App
2026-05-10T11:38:00Z,LIGHTLY_ACTIVE,Fitbit App
2026-05-10T11:39:00Z,LIGHTLY_ACTIVE,Fitbit App
2026-05-10T11:40:00Z,LIGHTLY_ACTIVE,Fitbit App
2026-05-10T11:41:00Z,SEDENTARY,Fitbit App
2026-05-10T11:42:00Z,SEDENTARY,Fitbit App
2026-05-10T11:43:00Z,SEDENTARY,Fitbit App
2026-05-10T11:45:00Z,SEDENTARY,Fitbit App
2026-05-10T11:46:00Z,SEDENTARY,Fitbit App
2026-05-10T11:47:00Z,SEDENTARY,Fitbit App
2026-05-10T11:48:00Z,SEDENTARY,Fitbit App
2026-05-10T11:49:00Z,SEDENTARY,Fitbit App
2026-05-10T11:50:00Z,SEDENTARY,Fitbit App
2026-05-10T11:51:00Z,SEDENTARY,Fitbit App
2026-05-10T11:53:00Z,SEDENTARY,Fitbit App
2026-05-10T11:55:00Z,SEDENTARY,Fitbit App
2026-05-10T11:56:00Z,SEDENTARY,Fitbit App
2026-05-10T11:58:00Z,SEDENTARY,Fitbit App
2026-05-10T11:59:00Z,SEDENTARY,Fitbit App
2026-05-10T12:02:00Z,SEDENTARY,Fitbit App
2026-05-10T12:03:00Z,SEDENTARY,Fitbit App
2026-05-10T12:04:00Z,SEDENTARY,Fitbit App
2026-05-10T12:05:00Z,SEDENTARY,Fitbit App
2026-05-10T12:06:00Z,SEDENTARY,Fitbit App
2026-05-10T12:07:00Z,SEDENTARY,Fitbit App
2026-05-10T12:09:00Z,SEDENTARY,Fitbit App
2026-05-10T12:10:00Z,SEDENTARY,Fitbit App
2026-05-10T12:11:00Z,SEDENTARY,Fitbit App
2026-05-10T12:12:00Z,SEDENTARY,Fitbit App
2026-05-10T12:13:00Z,SEDENTARY,Fitbit App
2026-05-10T12:14:00Z,SEDENTARY,Fitbit App
2026-05-10T12:15:00Z,SEDENTARY,Fitbit App
2026-05-10T12:16:00Z,SEDENTARY,Fitbit App
2026-05-10T12:17:00Z,SEDENTARY,Fitbit App
2026-05-10T12:18:00Z,SEDENTARY,Fitbit App
2026-05-10T12:19:00Z,SEDENTARY,Fitbit App
2026-05-10T12:22:00Z,SEDENTARY,Fitbit App
2026-05-10T12:23:00Z,SEDENTARY,Fitbit App
2026-05-10T12:24:00Z,SEDENTARY,Fitbit App
2026-05-10T12:25:00Z,SEDENTARY,Fitbit App
2026-05-10T12:26:00Z,SEDENTARY,Fitbit App
2026-05-10T12:27:00Z,SEDENTARY,Fitbit App
2026-05-10T12:28:00Z,SEDENTARY,Fitbit App
2026-05-10T12:29:00Z,SEDENTARY,Fitbit App
2026-05-10T12:30:00Z,SEDENTARY,Fitbit App
2026-05-10T12:31:00Z,SEDENTARY,Fitbit App
2026-05-10T12:32:00Z,SEDENTARY,Fitbit App
2026-05-10T12:33:00Z,SEDENTARY,Fitbit App
2026-05-10T12:34:00Z,SEDENTARY,Fitbit App
2026-05-10T12:35:00Z,SEDENTARY,Fitbit App
2026-05-10T12:36:00Z,SEDENTARY,Fitbit App
2026-05-10T12:38:00Z,SEDENTARY,Fitbit App
2026-05-10T12:39:00Z,SEDENTARY,Fitbit App
2026-05-10T12:40:00Z,SEDENTARY,Fitbit App
2026-05-10T12:41:00Z,SEDENTARY,Fitbit App
2026-05-10T12:42:00Z,SEDENTARY,Fitbit App
2026-05-10T12:43:00Z,SEDENTARY,Fitbit App
2026-05-10T12:44:00Z,SEDENTARY,Fitbit App
2026-05-10T12:45:00Z,SEDENTARY,Fitbit App
2026-05-10T12:49:00Z,SEDENTARY,Fitbit App
2026-05-10T12:50:00Z,SEDENTARY,Fitbit App
2026-05-10T12:51:00Z,SEDENTARY,Fitbit App
2026-05-10T12:52:00Z,SEDENTARY,Fitbit App
2026-05-10T12:53:00Z,SEDENTARY,Fitbit App
2026-05-10T12:54:00Z,SEDENTARY,Fitbit App
2026-05-10T12:55:00Z,SEDENTARY,Fitbit App
2026-05-10T12:56:00Z,SEDENTARY,Fitbit App
2026-05-10T13:00:00Z,SEDENTARY,Fitbit App
2026-05-10T13:01:00Z,SEDENTARY,Fitbit App
2026-05-10T13:02:00Z,SEDENTARY,Fitbit App
2026-05-10T13:07:00Z,LIGHTLY_ACTIVE,Fitbit App
2026-05-10T13:08:00Z,LIGHTLY_ACTIVE,Fitbit App
2026-05-10T13:09:00Z,LIGHTLY_ACTIVE,Fitbit App
2026-05-10T13:10:00Z,LIGHTLY_ACTIVE,Fitbit App
2026-05-10T13:11:00Z,LIGHTLY_ACTIVE,Fitbit App
2026-05-10T13:12:00Z,LIGHTLY_ACTIVE,Fitbit App
2026-05-10T13:13:00Z,LIGHTLY_ACTIVE,Fitbit App
2026-05-10T13:14:00Z,SEDENTARY,Fitbit App
2026-05-10T13:15:00Z,SEDENTARY,Fitbit App
2026-05-10T13:16:00Z,SEDENTARY,Fitbit App
2026-05-10T13:17:00Z,LIGHTLY_ACTIVE,Fitbit App
2026-05-10T13:18:00Z,LIGHTLY_ACTIVE,Fitbit App
2026-05-10T13:19:00Z,VERY_ACTIVE,Fitbit App
2026-05-10T13:20:00Z,MODERATELY_ACTIVE,Fitbit App
2026-05-10T13:21:00Z,LIGHTLY_ACTIVE,Fitbit App
2026-05-10T13:22:00Z,SEDENTARY,Fitbit App
2026-05-10T13:23:00Z,SEDENTARY,Fitbit App
2026-05-10T13:24:00Z,LIGHTLY_ACTIVE,Fitbit App
2026-05-10T13:25:00Z,SEDENTARY,Fitbit App
2026-05-10T13:26:00Z,LIGHTLY_ACTIVE,Fitbit App
2026-05-10T13:27:00Z,LIGHTLY_ACTIVE,Fitbit App
2026-05-10T13:28:00Z,SEDENTARY,Fitbit App
2026-05-10T13:29:00Z,SEDENTARY,Fitbit App
2026-05-10T13:30:00Z,SEDENTARY,Fitbit App
2026-05-10T13:31:00Z,SEDENTARY,Fitbit App
2026-05-10T13:33:00Z,SEDENTARY,Fitbit App
2026-05-10T13:34:00Z,SEDENTARY,Fitbit App
2026-05-10T13:36:00Z,SEDENTARY,Fitbit App
2026-05-10T13:37:00Z,SEDENTARY,Fitbit App
2026-05-10T13:38:00Z,SEDENTARY,Fitbit App
2026-05-10T13:39:00Z,SEDENTARY,Fitbit App
2026-05-10T13:40:00Z,SEDENTARY,Fitbit App
2026-05-10T13:41:00Z,SEDENTARY,Fitbit App
2026-05-10T13:42:00Z,SEDENTARY,Fitbit App
2026-05-10T13:43:00Z,SEDENTARY,Fitbit App
2026-05-10T13:44:00Z,SEDENTARY,Fitbit App
2026-05-10T13:45:00Z,SEDENTARY,Fitbit App
2026-05-10T13:46:00Z,SEDENTARY,Fitbit App
2026-05-10T13:47:00Z,LIGHTLY_ACTIVE,Fitbit App
2026-05-10T13:48:00Z,LIGHTLY_ACTIVE,Fitbit App
2026-05-10T13:49:00Z,SEDENTARY,Fitbit App
2026-05-10T13:50:00Z,SEDENTARY,Fitbit App
2026-05-10T13:51:00Z,SEDENTARY,Fitbit App
2026-05-10T13:52:00Z,LIGHTLY_ACTIVE,Fitbit App
2026-05-10T13:53:00Z,LIGHTLY_ACTIVE,Fitbit App
2026-05-10T13:54:00Z,SEDENTARY,Fitbit App
2026-05-10T13:55:00Z,SEDENTARY,Fitbit App
2026-05-10T13:56:00Z,SEDENTARY,Fitbit App
2026-05-10T13:57:00Z,SEDENTARY,Fitbit App
2026-05-10T13:58:00Z,SEDENTARY,Fitbit App
2026-05-10T13:59:00Z,SEDENTARY,Fitbit App
2026-05-10T14:00:00Z,SEDENTARY,Fitbit App
2026-05-10T14:01:00Z,SEDENTARY,Fitbit App
2026-05-10T14:02:00Z,SEDENTARY,Fitbit App
2026-05-10T14:03:00Z,SEDENTARY,Fitbit App
2026-05-10T14:04:00Z,SEDENTARY,Fitbit App
2026-05-10T14:05:00Z,SEDENTARY,Fitbit App
2026-05-10T14:06:00Z,SEDENTARY,Fitbit App
2026-05-10T14:07:00Z,SEDENTARY,Fitbit App
2026-05-10T14:08:00Z,SEDENTARY,Fitbit App
2026-05-10T14:09:00Z,SEDENTARY,Fitbit App
2026-05-10T14:10:00Z,SEDENTARY,Fitbit App
2026-05-10T14:11:00Z,SEDENTARY,Fitbit App
2026-05-10T14:13:00Z,SEDENTARY,Fitbit App
2026-05-10T14:14:00Z,SEDENTARY,Fitbit App
2026-05-10T14:15:00Z,SEDENTARY,Fitbit App
2026-05-10T14:16:00Z,SEDENTARY,Fitbit App
2026-05-10T14:17:00Z,SEDENTARY,Fitbit App
2026-05-10T14:19:00Z,SEDENTARY,Fitbit App
2026-05-10T14:20:00Z,SEDENTARY,Fitbit App
2026-05-10T14:21:00Z,SEDENTARY,Fitbit App
2026-05-10T14:22:00Z,SEDENTARY,Fitbit App
2026-05-10T14:23:00Z,SEDENTARY,Fitbit App
2026-05-10T14:24:00Z,SEDENTARY,Fitbit App
2026-05-10T14:25:00Z,LIGHTLY_ACTIVE,Fitbit App
2026-05-10T14:26:00Z,LIGHTLY_ACTIVE,Fitbit App
2026-05-10T14:27:00Z,MODERATELY_ACTIVE,Fitbit App
2026-05-10T14:28:00Z,MODERATELY_ACTIVE,Fitbit App
2026-05-10T14:29:00Z,MODERATELY_ACTIVE,Fitbit App
2026-05-10T14:30:00Z,VERY_ACTIVE,Fitbit App
2026-05-10T14:31:00Z,MODERATELY_ACTIVE,Fitbit App
2026-05-10T14:32:00Z,MODERATELY_ACTIVE,Fitbit App
2026-05-10T14:33:00Z,MODERATELY_ACTIVE,Fitbit App
2026-05-10T14:34:00Z,SEDENTARY,Fitbit App
2026-05-10T14:35:00Z,SEDENTARY,Fitbit App
2026-05-10T14:36:00Z,VERY_ACTIVE,Fitbit App
2026-05-10T14:37:00Z,MODERATELY_ACTIVE,Fitbit App
2026-05-10T14:38:00Z,SEDENTARY,Fitbit App
2026-05-10T14:49:00Z,SEDENTARY,Fitbit App
2026-05-10T14:54:00Z,SEDENTARY,Fitbit App
2026-05-10T14:55:00Z,SEDENTARY,Fitbit App
2026-05-10T14:58:00Z,SEDENTARY,Fitbit App
2026-05-10T15:04:00Z,SEDENTARY,Fitbit App
2026-05-10T15:05:00Z,SEDENTARY,Fitbit App
2026-05-10T15:13:00Z,SEDENTARY,Fitbit App
2026-05-10T15:14:00Z,SEDENTARY,Fitbit App
2026-05-10T15:15:00Z,SEDENTARY,Fitbit App
2026-05-10T15:16:00Z,SEDENTARY,Fitbit App
2026-05-10T15:21:00Z,SEDENTARY,Fitbit App
2026-05-10T15:22:00Z,SEDENTARY,Fitbit App
2026-05-10T15:23:00Z,SEDENTARY,Fitbit App
2026-05-10T15:25:00Z,LIGHTLY_ACTIVE,Fitbit App
2026-05-10T15:26:00Z,SEDENTARY,Fitbit App
2026-05-10T15:27:00Z,SEDENTARY,Fitbit App
2026-05-10T15:28:00Z,SEDENTARY,Fitbit App
2026-05-10T15:29:00Z,SEDENTARY,Fitbit App
2026-05-10T15:31:00Z,SEDENTARY,Fitbit App
2026-05-10T15:32:00Z,SEDENTARY,Fitbit App
2026-05-10T15:33:00Z,SEDENTARY,Fitbit App
2026-05-10T15:34:00Z,SEDENTARY,Fitbit App
2026-05-10T15:35:00Z,LIGHTLY_ACTIVE,Fitbit App
2026-05-10T15:36:00Z,SEDENTARY,Fitbit App
2026-05-10T15:37:00Z,SEDENTARY,Fitbit App
2026-05-10T15:38:00Z,SEDENTARY,Fitbit App
2026-05-10T15:39:00Z,SEDENTARY,Fitbit App
2026-05-10T15:40:00Z,SEDENTARY,Fitbit App
2026-05-10T15:41:00Z,SEDENTARY,Fitbit App
2026-05-10T15:42:00Z,SEDENTARY,Fitbit App
2026-05-10T15:43:00Z,SEDENTARY,Fitbit App
2026-05-10T15:44:00Z,SEDENTARY,Fitbit App
2026-05-10T15:45:00Z,SEDENTARY,Fitbit App
2026-05-10T15:46:00Z,SEDENTARY,Fitbit App
2026-05-10T15:47:00Z,SEDENTARY,Fitbit App
2026-05-10T15:48:00Z,SEDENTARY,Fitbit App
2026-05-10T15:49:00Z,SEDENTARY,Fitbit App
2026-05-10T15:50:00Z,SEDENTARY,Fitbit App
2026-05-10T15:51:00Z,SEDENTARY,Fitbit App
2026-05-10T15:52:00Z,LIGHTLY_ACTIVE,Fitbit App
2026-05-10T15:53:00Z,SEDENTARY,Fitbit App
2026-05-10T15:54:00Z,SEDENTARY,Fitbit App
2026-05-10T15:55:00Z,SEDENTARY,Fitbit App
2026-05-10T15:56:00Z,SEDENTARY,Fitbit App
2026-05-10T15:57:00Z,SEDENTARY,Fitbit App
2026-05-10T15:58:00Z,SEDENTARY,Fitbit App
2026-05-10T15:59:00Z,SEDENTARY,Fitbit App
2026-05-10T16:00:00Z,SEDENTARY,Fitbit App
2026-05-10T16:01:00Z,LIGHTLY_ACTIVE,Fitbit App
2026-05-10T16:02:00Z,LIGHTLY_ACTIVE,Fitbit App
2026-05-10T16:03:00Z,LIGHTLY_ACTIVE,Fitbit App
2026-05-10T16:04:00Z,LIGHTLY_ACTIVE,Fitbit App
2026-05-10T16:05:00Z,SEDENTARY,Fitbit App
2026-05-10T16:10:00Z,SEDENTARY,Fitbit App
2026-05-10T16:16:00Z,SEDENTARY,Fitbit App
2026-05-10T16:18:00Z,SEDENTARY,Fitbit App
2026-05-10T16:20:00Z,LIGHTLY_ACTIVE,Fitbit App
2026-05-10T16:21:00Z,LIGHTLY_ACTIVE,Fitbit App
2026-05-10T16:22:00Z,LIGHTLY_ACTIVE,Fitbit App
2026-05-10T16:23:00Z,SEDENTARY,Fitbit App
2026-05-10T16:24:00Z,SEDENTARY,Fitbit App
2026-05-10T16:25:00Z,LIGHTLY_ACTIVE,Fitbit App
2026-05-10T16:26:00Z,SEDENTARY,Fitbit App
2026-05-10T16:27:00Z,SEDENTARY,Fitbit App
2026-05-10T16:30:00Z,SEDENTARY,Fitbit App
2026-05-10T16:31:00Z,SEDENTARY,Fitbit App
2026-05-10T16:32:00Z,VERY_ACTIVE,Fitbit App
2026-05-10T16:33:00Z,LIGHTLY_ACTIVE,Fitbit App
2026-05-10T16:34:00Z,LIGHTLY_ACTIVE,Fitbit App
2026-05-10T16:35:00Z,SEDENTARY,Fitbit App
2026-05-10T16:39:00Z,SEDENTARY,Fitbit App
2026-05-10T16:40:00Z,SEDENTARY,Fitbit App
2026-05-10T16:45:00Z,SEDENTARY,Fitbit App
2026-05-10T16:46:00Z,LIGHTLY_ACTIVE,Fitbit App
2026-05-10T16:50:00Z,LIGHTLY_ACTIVE,Fitbit App
2026-05-10T16:51:00Z,LIGHTLY_ACTIVE,Fitbit App
2026-05-10T16:52:00Z,SEDENTARY,Fitbit App
2026-05-10T16:53:00Z,SEDENTARY,Fitbit App
2026-05-10T16:54:00Z,LIGHTLY_ACTIVE,Fitbit App
2026-05-10T16:55:00Z,LIGHTLY_ACTIVE,Fitbit App
2026-05-10T16:56:00Z,SEDENTARY,Fitbit App
2026-05-10T16:57:00Z,LIGHTLY_ACTIVE,Fitbit App
2026-05-10T16:59:00Z,SEDENTARY,Fitbit App
2026-05-10T17:01:00Z,LIGHTLY_ACTIVE,Fitbit App
2026-05-10T17:02:00Z,SEDENTARY,Fitbit App
2026-05-10T17:04:00Z,LIGHTLY_ACTIVE,Fitbit App
2026-05-10T17:05:00Z,LIGHTLY_ACTIVE,Fitbit App
2026-05-10T17:06:00Z,LIGHTLY_ACTIVE,Fitbit App
2026-05-10T17:07:00Z,SEDENTARY,Fitbit App
2026-05-10T17:08:00Z,LIGHTLY_ACTIVE,Fitbit App
2026-05-10T17:09:00Z,LIGHTLY_ACTIVE,Fitbit App
2026-05-10T17:10:00Z,SEDENTARY,Fitbit App
2026-05-10T17:11:00Z,SEDENTARY,Fitbit App
2026-05-10T17:12:00Z,SEDENTARY,Fitbit App
2026-05-10T17:13:00Z,LIGHTLY_ACTIVE,Fitbit App
2026-05-10T17:14:00Z,SEDENTARY,Fitbit App
2026-05-10T17:15:00Z,LIGHTLY_ACTIVE,Fitbit App
2026-05-10T17:17:00Z,LIGHTLY_ACTIVE,Fitbit App
2026-05-10T17:23:00Z,SEDENTARY,Fitbit App
2026-05-10T17:35:00Z,SEDENTARY,Fitbit App
2026-05-10T17:36:00Z,LIGHTLY_ACTIVE,Fitbit App
2026-05-10T17:42:00Z,SEDENTARY,Fitbit App
2026-05-10T17:45:00Z,SEDENTARY,Fitbit App
2026-05-10T17:48:00Z,LIGHTLY_ACTIVE,Fitbit App
2026-05-10T17:50:00Z,SEDENTARY,Fitbit App
2026-05-10T17:51:00Z,SEDENTARY,Fitbit App
2026-05-10T17:52:00Z,LIGHTLY_ACTIVE,Fitbit App
2026-05-10T17:53:00Z,SEDENTARY,Fitbit App
2026-05-10T17:54:00Z,LIGHTLY_ACTIVE,Fitbit App
2026-05-10T17:55:00Z,LIGHTLY_ACTIVE,Fitbit App
2026-05-10T17:56:00Z,LIGHTLY_ACTIVE,Fitbit App
2026-05-10T17:57:00Z,LIGHTLY_ACTIVE,Fitbit App
2026-05-10T17:58:00Z,MODERATELY_ACTIVE,Fitbit App
2026-05-10T17:59:00Z,LIGHTLY_ACTIVE,Fitbit App
2026-05-10T18:00:00Z,LIGHTLY_ACTIVE,Fitbit App
2026-05-10T18:01:00Z,SEDENTARY,Fitbit App
2026-05-10T18:02:00Z,LIGHTLY_ACTIVE,Fitbit App
2026-05-10T18:03:00Z,SEDENTARY,Fitbit App
2026-05-10T18:04:00Z,LIGHTLY_ACTIVE,Fitbit App
2026-05-10T18:05:00Z,SEDENTARY,Fitbit App
2026-05-10T18:06:00Z,LIGHTLY_ACTIVE,Fitbit App
2026-05-10T18:07:00Z,SEDENTARY,Fitbit App
2026-05-10T18:08:00Z,SEDENTARY,Fitbit App
2026-05-10T18:09:00Z,SEDENTARY,Fitbit App
2026-05-10T18:10:00Z,SEDENTARY,Fitbit App
2026-05-10T18:11:00Z,SEDENTARY,Fitbit App
2026-05-10T18:12:00Z,SEDENTARY,Fitbit App
2026-05-10T18:13:00Z,SEDENTARY,Fitbit App
2026-05-10T18:14:00Z,SEDENTARY,Fitbit App
2026-05-10T18:15:00Z,SEDENTARY,Fitbit App
2026-05-10T18:16:00Z,LIGHTLY_ACTIVE,Fitbit App
2026-05-10T18:17:00Z,LIGHTLY_ACTIVE,Fitbit App
2026-05-10T18:18:00Z,LIGHTLY_ACTIVE,Fitbit App
2026-05-10T18:19:00Z,LIGHTLY_ACTIVE,Fitbit App
2026-05-10T18:20:00Z,SEDENTARY,Fitbit App
2026-05-10T18:21:00Z,LIGHTLY_ACTIVE,Fitbit App
2026-05-10T18:22:00Z,SEDENTARY,Fitbit App
2026-05-10T18:23:00Z,LIGHTLY_ACTIVE,Fitbit App
2026-05-10T18:24:00Z,LIGHTLY_ACTIVE,Fitbit App
2026-05-10T18:25:00Z,LIGHTLY_ACTIVE,Fitbit App
2026-05-10T18:26:00Z,LIGHTLY_ACTIVE,Fitbit App
2026-05-10T18:27:00Z,LIGHTLY_ACTIVE,Fitbit App
2026-05-10T18:28:00Z,LIGHTLY_ACTIVE,Fitbit App
2026-05-10T18:29:00Z,LIGHTLY_ACTIVE,Fitbit App
2026-05-10T18:30:00Z,LIGHTLY_ACTIVE,Fitbit App
2026-05-10T18:31:00Z,LIGHTLY_ACTIVE,Fitbit App
2026-05-10T18:32:00Z,LIGHTLY_ACTIVE,Fitbit App
2026-05-10T18:33:00Z,LIGHTLY_ACTIVE,Fitbit App
2026-05-10T18:34:00Z,LIGHTLY_ACTIVE,Fitbit App
2026-05-10T18:35:00Z,LIGHTLY_ACTIVE,Fitbit App
2026-05-10T18:36:00Z,LIGHTLY_ACTIVE,Fitbit App
2026-05-10T18:37:00Z,LIGHTLY_ACTIVE,Fitbit App
2026-05-10T18:38:00Z,LIGHTLY_ACTIVE,Fitbit App
2026-05-10T18:39:00Z,LIGHTLY_ACTIVE,Fitbit App
2026-05-10T18:40:00Z,LIGHTLY_ACTIVE,Fitbit App
2026-05-10T18:41:00Z,LIGHTLY_ACTIVE,Fitbit App
2026-05-10T18:42:00Z,SEDENTARY,Fitbit App
2026-05-10T18:43:00Z,LIGHTLY_ACTIVE,Fitbit App
2026-05-10T18:44:00Z,LIGHTLY_ACTIVE,Fitbit App
2026-05-10T18:45:00Z,SEDENTARY,Fitbit App
2026-05-10T18:46:00Z,SEDENTARY,Fitbit App
2026-05-10T18:47:00Z,LIGHTLY_ACTIVE,Fitbit App
2026-05-10T18:48:00Z,LIGHTLY_ACTIVE,Fitbit App
2026-05-10T18:49:00Z,LIGHTLY_ACTIVE,Fitbit App
2026-05-10T18:50:00Z,LIGHTLY_ACTIVE,Fitbit App
2026-05-10T18:51:00Z,LIGHTLY_ACTIVE,Fitbit App
2026-05-10T18:52:00Z,SEDENTARY,Fitbit App
2026-05-10T18:53:00Z,SEDENTARY,Fitbit App
2026-05-10T18:57:00Z,SEDENTARY,Fitbit App
2026-05-10T18:58:00Z,SEDENTARY,Fitbit App
2026-05-10T19:00:00Z,LIGHTLY_ACTIVE,Fitbit App
2026-05-10T19:01:00Z,LIGHTLY_ACTIVE,Fitbit App
2026-05-10T19:02:00Z,LIGHTLY_ACTIVE,Fitbit App
2026-05-10T19:03:00Z,SEDENTARY,Fitbit App
2026-05-10T19:04:00Z,LIGHTLY_ACTIVE,Fitbit App
2026-05-10T19:05:00Z,MODERATELY_ACTIVE,Fitbit App
2026-05-10T19:06:00Z,MODERATELY_ACTIVE,Fitbit App
2026-05-10T19:07:00Z,LIGHTLY_ACTIVE,Fitbit App
2026-05-10T19:09:00Z,SEDENTARY,Fitbit App
2026-05-10T19:11:00Z,LIGHTLY_ACTIVE,Fitbit App
2026-05-10T19:12:00Z,SEDENTARY,Fitbit App
2026-05-10T19:13:00Z,SEDENTARY,Fitbit App
2026-05-10T19:14:00Z,SEDENTARY,Fitbit App
2026-05-10T19:17:00Z,SEDENTARY,Fitbit App
2026-05-10T19:18:00Z,SEDENTARY,Fitbit App
2026-05-10T19:19:00Z,SEDENTARY,Fitbit App
2026-05-10T19:20:00Z,SEDENTARY,Fitbit App
2026-05-10T19:21:00Z,SEDENTARY,Fitbit App
2026-05-10T19:22:00Z,SEDENTARY,Fitbit App
2026-05-10T19:23:00Z,SEDENTARY,Fitbit App
2026-05-10T19:24:00Z,SEDENTARY,Fitbit App
2026-05-10T19:25:00Z,SEDENTARY,Fitbit App
2026-05-10T19:26:00Z,SEDENTARY,Fitbit App
2026-05-10T19:27:00Z,SEDENTARY,Fitbit App
2026-05-10T19:28:00Z,SEDENTARY,Fitbit App
2026-05-10T19:29:00Z,SEDENTARY,Fitbit App
2026-05-10T19:30:00Z,SEDENTARY,Fitbit App
2026-05-10T19:31:00Z,SEDENTARY,Fitbit App
2026-05-10T19:32:00Z,SEDENTARY,Fitbit App
2026-05-10T19:33:00Z,SEDENTARY,Fitbit App
2026-05-10T19:34:00Z,SEDENTARY,Fitbit App
2026-05-10T19:35:00Z,SEDENTARY,Fitbit App
2026-05-10T19:36:00Z,SEDENTARY,Fitbit App
2026-05-10T19:37:00Z,SEDENTARY,Fitbit App
2026-05-10T19:38:00Z,SEDENTARY,Fitbit App
2026-05-10T19:39:00Z,SEDENTARY,Fitbit App
2026-05-10T19:40:00Z,LIGHTLY_ACTIVE,Fitbit App
2026-05-10T19:41:00Z,VERY_ACTIVE,Fitbit App
2026-05-10T19:42:00Z,SEDENTARY,Fitbit App
2026-05-10T19:43:00Z,SEDENTARY,Fitbit App
2026-05-10T19:44:00Z,SEDENTARY,Fitbit App
2026-05-10T19:45:00Z,SEDENTARY,Fitbit App
2026-05-10T19:46:00Z,SEDENTARY,Fitbit App
2026-05-10T19:47:00Z,SEDENTARY,Fitbit App
2026-05-10T19:48:00Z,SEDENTARY,Fitbit App
2026-05-10T19:49:00Z,SEDENTARY,Fitbit App
2026-05-10T19:50:00Z,SEDENTARY,Fitbit App
2026-05-10T19:51:00Z,SEDENTARY,Fitbit App
2026-05-10T19:52:00Z,SEDENTARY,Fitbit App
2026-05-10T19:53:00Z,SEDENTARY,Fitbit App
2026-05-10T19:54:00Z,SEDENTARY,Fitbit App
2026-05-10T19:55:00Z,SEDENTARY,Fitbit App
2026-05-10T19:56:00Z,SEDENTARY,Fitbit App
2026-05-10T19:57:00Z,LIGHTLY_ACTIVE,Fitbit App
2026-05-10T19:58:00Z,MODERATELY_ACTIVE,Fitbit App
2026-05-10T19:59:00Z,MODERATELY_ACTIVE,Fitbit App
2026-05-10T20:00:00Z,VERY_ACTIVE,Fitbit App
2026-05-10T20:01:00Z,MODERATELY_ACTIVE,Fitbit App
2026-05-10T20:02:00Z,MODERATELY_ACTIVE,Fitbit App
2026-05-10T20:03:00Z,MODERATELY_ACTIVE,Fitbit App
2026-05-10T20:04:00Z,MODERATELY_ACTIVE,Fitbit App
2026-05-10T20:05:00Z,SEDENTARY,Fitbit App
2026-05-10T20:06:00Z,MODERATELY_ACTIVE,Fitbit App
2026-05-10T20:07:00Z,MODERATELY_ACTIVE,Fitbit App
2026-05-10T20:08:00Z,VERY_ACTIVE,Fitbit App
2026-05-10T20:09:00Z,MODERATELY_ACTIVE,Fitbit App
2026-05-10T20:10:00Z,MODERATELY_ACTIVE,Fitbit App
2026-05-10T20:11:00Z,MODERATELY_ACTIVE,Fitbit App
2026-05-10T20:12:00Z,VERY_ACTIVE,Fitbit App
2026-05-10T20:13:00Z,VERY_ACTIVE,Fitbit App
2026-05-10T20:14:00Z,VERY_ACTIVE,Fitbit App
2026-05-10T20:15:00Z,VERY_ACTIVE,Fitbit App
2026-05-10T20:16:00Z,VERY_ACTIVE,Fitbit App
2026-05-10T20:17:00Z,MODERATELY_ACTIVE,Fitbit App
2026-05-10T20:18:00Z,VERY_ACTIVE,Fitbit App
2026-05-10T20:19:00Z,VERY_ACTIVE,Fitbit App
2026-05-10T20:20:00Z,VERY_ACTIVE,Fitbit App
2026-05-10T20:21:00Z,VERY_ACTIVE,Fitbit App
2026-05-10T20:22:00Z,MODERATELY_ACTIVE,Fitbit App
2026-05-10T20:23:00Z,LIGHTLY_ACTIVE,Fitbit App
2026-05-10T20:24:00Z,SEDENTARY,Fitbit App
2026-05-10T20:25:00Z,SEDENTARY,Fitbit App
2026-05-10T20:26:00Z,SEDENTARY,Fitbit App
2026-05-10T20:27:00Z,SEDENTARY,Fitbit App
2026-05-10T20:28:00Z,SEDENTARY,Fitbit App
2026-05-10T20:29:00Z,SEDENTARY,Fitbit App
2026-05-10T20:30:00Z,LIGHTLY_ACTIVE,Fitbit App
2026-05-10T20:31:00Z,SEDENTARY,Fitbit App
2026-05-10T20:32:00Z,SEDENTARY,Fitbit App
2026-05-10T20:33:00Z,SEDENTARY,Fitbit App
2026-05-10T20:34:00Z,SEDENTARY,Fitbit App
2026-05-10T20:35:00Z,SEDENTARY,Fitbit App
2026-05-10T20:36:00Z,SEDENTARY,Fitbit App
2026-05-10T20:37:00Z,SEDENTARY,Fitbit App
2026-05-10T20:38:00Z,LIGHTLY_ACTIVE,Fitbit App
2026-05-10T20:39:00Z,LIGHTLY_ACTIVE,Fitbit App
2026-05-10T20:40:00Z,SEDENTARY,Fitbit App
2026-05-10T20:41:00Z,LIGHTLY_ACTIVE,Fitbit App
2026-05-10T20:42:00Z,LIGHTLY_ACTIVE,Fitbit App
2026-05-10T20:43:00Z,LIGHTLY_ACTIVE,Fitbit App
2026-05-10T20:44:00Z,SEDENTARY,Fitbit App
2026-05-10T20:45:00Z,SEDENTARY,Fitbit App
2026-05-10T20:46:00Z,SEDENTARY,Fitbit App
2026-05-10T20:47:00Z,SEDENTARY,Fitbit App
2026-05-10T20:48:00Z,LIGHTLY_ACTIVE,Fitbit App
2026-05-10T20:49:00Z,SEDENTARY,Fitbit App
2026-05-10T20:50:00Z,SEDENTARY,Fitbit App
2026-05-10T20:51:00Z,SEDENTARY,Fitbit App
2026-05-10T20:52:00Z,SEDENTARY,Fitbit App
2026-05-10T20:53:00Z,LIGHTLY_ACTIVE,Fitbit App
2026-05-10T20:54:00Z,SEDENTARY,Fitbit App
2026-05-10T20:55:00Z,SEDENTARY,Fitbit App
2026-05-10T20:56:00Z,SEDENTARY,Fitbit App
2026-05-10T20:57:00Z,SEDENTARY,Fitbit App
2026-05-10T20:58:00Z,SEDENTARY,Fitbit App
2026-05-10T20:59:00Z,LIGHTLY_ACTIVE,Fitbit App
2026-05-10T21:00:00Z,SEDENTARY,Fitbit App
2026-05-10T21:01:00Z,SEDENTARY,Fitbit App
2026-05-10T21:02:00Z,SEDENTARY,Fitbit App
2026-05-10T21:03:00Z,SEDENTARY,Fitbit App
2026-05-10T21:04:00Z,SEDENTARY,Fitbit App
2026-05-10T21:05:00Z,SEDENTARY,Fitbit App
2026-05-10T21:06:00Z,LIGHTLY_ACTIVE,Fitbit App
2026-05-10T21:07:00Z,MODERATELY_ACTIVE,Fitbit App
2026-05-10T21:08:00Z,LIGHTLY_ACTIVE,Fitbit App
2026-05-10T21:09:00Z,SEDENTARY,Fitbit App
2026-05-10T21:10:00Z,SEDENTARY,Fitbit App
2026-05-10T21:11:00Z,SEDENTARY,Fitbit App
2026-05-10T21:12:00Z,SEDENTARY,Fitbit App
2026-05-10T21:13:00Z,SEDENTARY,Fitbit App
2026-05-10T21:14:00Z,SEDENTARY,Fitbit App
2026-05-10T21:15:00Z,SEDENTARY,Fitbit App
2026-05-10T21:16:00Z,SEDENTARY,Fitbit App
2026-05-10T21:17:00Z,SEDENTARY,Fitbit App
2026-05-10T21:18:00Z,SEDENTARY,Fitbit App
2026-05-10T21:19:00Z,SEDENTARY,Fitbit App
2026-05-10T21:20:00Z,SEDENTARY,Fitbit App
2026-05-10T21:21:00Z,SEDENTARY,Fitbit App
2026-05-10T21:22:00Z,SEDENTARY,Fitbit App
2026-05-10T21:23:00Z,LIGHTLY_ACTIVE,Fitbit App
2026-05-10T21:24:00Z,LIGHTLY_ACTIVE,Fitbit App
2026-05-10T21:25:00Z,SEDENTARY,Fitbit App
2026-05-10T21:26:00Z,SEDENTARY,Fitbit App
2026-05-10T21:27:00Z,SEDENTARY,Fitbit App
2026-05-10T21:28:00Z,SEDENTARY,Fitbit App
2026-05-10T21:29:00Z,SEDENTARY,Fitbit App
2026-05-10T21:30:00Z,LIGHTLY_ACTIVE,Fitbit App
2026-05-10T21:31:00Z,SEDENTARY,Fitbit App
2026-05-10T21:32:00Z,SEDENTARY,Fitbit App
2026-05-10T21:33:00Z,SEDENTARY,Fitbit App
2026-05-10T21:34:00Z,SEDENTARY,Fitbit App
2026-05-10T21:35:00Z,LIGHTLY_ACTIVE,Fitbit App
2026-05-10T21:36:00Z,LIGHTLY_ACTIVE,Fitbit App
2026-05-10T21:37:00Z,SEDENTARY,Fitbit App
2026-05-10T21:38:00Z,LIGHTLY_ACTIVE,Fitbit App
2026-05-10T21:39:00Z,LIGHTLY_ACTIVE,Fitbit App
2026-05-10T21:40:00Z,SEDENTARY,Fitbit App
2026-05-10T21:41:00Z,SEDENTARY,Fitbit App
2026-05-10T21:42:00Z,SEDENTARY,Fitbit App
2026-05-10T21:43:00Z,SEDENTARY,Fitbit App
2026-05-10T21:44:00Z,SEDENTARY,Fitbit App
2026-05-10T21:45:00Z,SEDENTARY,Fitbit App
2026-05-10T21:46:00Z,SEDENTARY,Fitbit App
2026-05-10T21:47:00Z,SEDENTARY,Fitbit App
2026-05-10T21:48:00Z,SEDENTARY,Fitbit App
2026-05-10T21:49:00Z,SEDENTARY,Fitbit App
2026-05-10T21:50:00Z,SEDENTARY,Fitbit App
2026-05-10T21:51:00Z,SEDENTARY,Fitbit App
2026-05-10T21:52:00Z,SEDENTARY,Fitbit App
2026-05-10T21:53:00Z,SEDENTARY,Fitbit App
2026-05-10T21:54:00Z,LIGHTLY_ACTIVE,Fitbit App
2026-05-10T21:55:00Z,LIGHTLY_ACTIVE,Fitbit App
2026-05-10T21:56:00Z,SEDENTARY,Fitbit App
2026-05-10T21:57:00Z,SEDENTARY,Fitbit App
2026-05-10T21:58:00Z,SEDENTARY,Fitbit App
2026-05-10T21:59:00Z,SEDENTARY,Fitbit App
2026-05-10T22:00:00Z,SEDENTARY,Fitbit App
2026-05-10T22:01:00Z,SEDENTARY,Fitbit App
2026-05-10T22:02:00Z,SEDENTARY,Fitbit App
2026-05-10T22:03:00Z,SEDENTARY,Fitbit App
2026-05-10T22:04:00Z,SEDENTARY,Fitbit App
2026-05-10T22:05:00Z,SEDENTARY,Fitbit App
2026-05-10T22:06:00Z,SEDENTARY,Fitbit App
2026-05-10T22:07:00Z,SEDENTARY,Fitbit App
2026-05-10T22:08:00Z,SEDENTARY,Fitbit App
2026-05-10T22:09:00Z,LIGHTLY_ACTIVE,Fitbit App
2026-05-10T22:10:00Z,LIGHTLY_ACTIVE,Fitbit App
2026-05-10T22:11:00Z,LIGHTLY_ACTIVE,Fitbit App
2026-05-10T22:12:00Z,SEDENTARY,Fitbit App
2026-05-10T22:13:00Z,SEDENTARY,Fitbit App
2026-05-10T22:14:00Z,SEDENTARY,Fitbit App
2026-05-10T22:15:00Z,LIGHTLY_ACTIVE,Fitbit App
2026-05-10T22:16:00Z,LIGHTLY_ACTIVE,Fitbit App
2026-05-10T22:17:00Z,SEDENTARY,Fitbit App
2026-05-10T22:18:00Z,SEDENTARY,Fitbit App
2026-05-10T22:19:00Z,SEDENTARY,Fitbit App
2026-05-10T22:20:00Z,LIGHTLY_ACTIVE,Fitbit App
2026-05-10T22:21:00Z,SEDENTARY,Fitbit App
2026-05-10T22:22:00Z,LIGHTLY_ACTIVE,Fitbit App
2026-05-10T22:23:00Z,LIGHTLY_ACTIVE,Fitbit App
2026-05-10T22:24:00Z,LIGHTLY_ACTIVE,Fitbit App
2026-05-10T22:25:00Z,LIGHTLY_ACTIVE,Fitbit App
2026-05-10T22:26:00Z,LIGHTLY_ACTIVE,Fitbit App
2026-05-10T22:27:00Z,SEDENTARY,Fitbit App
2026-05-10T22:34:00Z,SEDENTARY,Fitbit App
2026-05-10T22:35:00Z,LIGHTLY_ACTIVE,Fitbit App
2026-05-10T22:39:00Z,SEDENTARY,Fitbit App
2026-05-10T22:45:00Z,SEDENTARY,Fitbit App
2026-05-10T22:46:00Z,SEDENTARY,Fitbit App
2026-05-10T22:48:00Z,SEDENTARY,Fitbit App
2026-05-10T22:55:00Z,SEDENTARY,Fitbit App
2026-05-10T22:57:00Z,SEDENTARY,Fitbit App
2026-05-10T22:58:00Z,SEDENTARY,Fitbit App
2026-05-10T23:02:00Z,SEDENTARY,Fitbit App
2026-05-10T23:08:00Z,SEDENTARY,Fitbit App
2026-05-10T23:11:00Z,SEDENTARY,Fitbit App
2026-05-10T23:13:00Z,SEDENTARY,Fitbit App
2026-05-10T23:16:00Z,SEDENTARY,Fitbit App
2026-05-10T23:19:00Z,SEDENTARY,Fitbit App
2026-05-10T23:51:00Z,SEDENTARY,Fitbit App
2026-05-10T23:53:00Z,SEDENTARY,Fitbit App
2026-05-10T23:55:00Z,SEDENTARY,Fitbit App
2026-05-11T01:18:00Z,SEDENTARY,Fitbit App
2026-05-11T01:20:00Z,SEDENTARY,Fitbit App
2026-05-11T02:42:00Z,SEDENTARY,Fitbit App
2026-05-11T02:59:00Z,SEDENTARY,Fitbit App
2026-05-11T03:11:00Z,SEDENTARY,Fitbit App
2026-05-11T03:27:00Z,SEDENTARY,Fitbit App
2026-05-11T03:30:00Z,SEDENTARY,Fitbit App
2026-05-11T03:58:00Z,SEDENTARY,Fitbit App
2026-05-11T04:02:00Z,SEDENTARY,Fitbit App
2026-05-11T04:11:00Z,SEDENTARY,Fitbit App
2026-05-11T04:23:00Z,SEDENTARY,Fitbit App
2026-05-11T04:48:00Z,SEDENTARY,Fitbit App
2026-05-11T04:49:00Z,LIGHTLY_ACTIVE,Fitbit App
2026-05-11T04:50:00Z,LIGHTLY_ACTIVE,Fitbit App
2026-05-11T04:51:00Z,SEDENTARY,Fitbit App
2026-05-11T05:20:00Z,SEDENTARY,Fitbit App
2026-05-11T05:49:00Z,SEDENTARY,Fitbit App
2026-05-11T05:58:00Z,SEDENTARY,Fitbit App
2026-05-11T06:00:00Z,SEDENTARY,Fitbit App
2026-05-11T06:01:00Z,SEDENTARY,Fitbit App
2026-05-11T06:08:00Z,SEDENTARY,Fitbit App
2026-05-11T06:13:00Z,SEDENTARY,Fitbit App
2026-05-11T06:24:00Z,SEDENTARY,Fitbit App
2026-05-11T06:26:00Z,SEDENTARY,Fitbit App
2026-05-11T06:49:00Z,SEDENTARY,Fitbit App
2026-05-11T07:03:00Z,SEDENTARY,Fitbit App
2026-05-11T07:05:00Z,SEDENTARY,Fitbit App
2026-05-11T07:10:00Z,LIGHTLY_ACTIVE,Fitbit App
2026-05-11T07:20:00Z,SEDENTARY,Fitbit App
2026-05-11T07:57:00Z,SEDENTARY,Fitbit App
2026-05-11T08:06:00Z,SEDENTARY,Fitbit App
2026-05-11T08:15:00Z,SEDENTARY,Fitbit App
2026-05-11T08:16:00Z,SEDENTARY,Fitbit App
2026-05-11T08:17:00Z,LIGHTLY_ACTIVE,Fitbit App
2026-05-11T08:18:00Z,LIGHTLY_ACTIVE,Fitbit App
2026-05-11T08:19:00Z,LIGHTLY_ACTIVE,Fitbit App
2026-05-11T08:20:00Z,SEDENTARY,Fitbit App
2026-05-11T08:21:00Z,SEDENTARY,Fitbit App
2026-05-11T08:27:00Z,SEDENTARY,Fitbit App
2026-05-11T08:40:00Z,SEDENTARY,Fitbit App
2026-05-11T08:41:00Z,LIGHTLY_ACTIVE,Fitbit App
2026-05-11T08:42:00Z,LIGHTLY_ACTIVE,Fitbit App
2026-05-11T08:43:00Z,LIGHTLY_ACTIVE,Fitbit App
2026-05-11T08:44:00Z,SEDENTARY,Fitbit App
2026-05-11T08:45:00Z,LIGHTLY_ACTIVE,Fitbit App
2026-05-11T08:46:00Z,LIGHTLY_ACTIVE,Fitbit App
2026-05-11T08:47:00Z,SEDENTARY,Fitbit App
2026-05-11T08:48:00Z,SEDENTARY,Fitbit App
2026-05-11T08:49:00Z,LIGHTLY_ACTIVE,Fitbit App
2026-05-11T08:50:00Z,LIGHTLY_ACTIVE,Fitbit App
2026-05-11T08:51:00Z,LIGHTLY_ACTIVE,Fitbit App
2026-05-11T08:52:00Z,LIGHTLY_ACTIVE,Fitbit App
2026-05-11T08:53:00Z,SEDENTARY,Fitbit App
2026-05-11T08:54:00Z,MODERATELY_ACTIVE,Fitbit App
2026-05-11T08:55:00Z,LIGHTLY_ACTIVE,Fitbit App
2026-05-11T08:56:00Z,MODERATELY_ACTIVE,Fitbit App
2026-05-11T08:57:00Z,MODERATELY_ACTIVE,Fitbit App
2026-05-11T08:58:00Z,MODERATELY_ACTIVE,Fitbit App
2026-05-11T08:59:00Z,VERY_ACTIVE,Fitbit App
2026-05-11T09:00:00Z,SEDENTARY,Fitbit App
2026-05-11T09:01:00Z,LIGHTLY_ACTIVE,Fitbit App
2026-05-11T09:02:00Z,LIGHTLY_ACTIVE,Fitbit App
2026-05-11T09:03:00Z,SEDENTARY,Fitbit App
2026-05-11T09:04:00Z,LIGHTLY_ACTIVE,Fitbit App
2026-05-11T09:05:00Z,LIGHTLY_ACTIVE,Fitbit App
2026-05-11T09:06:00Z,LIGHTLY_ACTIVE,Fitbit App
2026-05-11T09:07:00Z,MODERATELY_ACTIVE,Fitbit App
2026-05-11T09:08:00Z,MODERATELY_ACTIVE,Fitbit App
2026-05-11T09:09:00Z,LIGHTLY_ACTIVE,Fitbit App
2026-05-11T09:10:00Z,SEDENTARY,Fitbit App
2026-05-11T09:11:00Z,MODERATELY_ACTIVE,Fitbit App
2026-05-11T09:12:00Z,MODERATELY_ACTIVE,Fitbit App
2026-05-11T09:13:00Z,LIGHTLY_ACTIVE,Fitbit App
2026-05-11T09:14:00Z,SEDENTARY,Fitbit App
2026-05-11T09:15:00Z,LIGHTLY_ACTIVE,Fitbit App
2026-05-11T09:16:00Z,VERY_ACTIVE,Fitbit App
2026-05-11T09:17:00Z,MODERATELY_ACTIVE,Fitbit App
2026-05-11T09:18:00Z,MODERATELY_ACTIVE,Fitbit App
2026-05-11T09:19:00Z,LIGHTLY_ACTIVE,Fitbit App
2026-05-11T09:20:00Z,MODERATELY_ACTIVE,Fitbit App
2026-05-11T09:21:00Z,SEDENTARY,Fitbit App
2026-05-11T09:22:00Z,SEDENTARY,Fitbit App
2026-05-11T09:23:00Z,LIGHTLY_ACTIVE,Fitbit App
2026-05-11T09:24:00Z,LIGHTLY_ACTIVE,Fitbit App
2026-05-11T09:25:00Z,MODERATELY_ACTIVE,Fitbit App
2026-05-11T09:26:00Z,LIGHTLY_ACTIVE,Fitbit App
2026-05-11T09:27:00Z,MODERATELY_ACTIVE,Fitbit App
2026-05-11T09:28:00Z,SEDENTARY,Fitbit App
2026-05-11T09:29:00Z,SEDENTARY,Fitbit App
2026-05-11T09:30:00Z,SEDENTARY,Fitbit App
2026-05-11T09:40:00Z,SEDENTARY,Fitbit App
2026-05-11T09:42:00Z,SEDENTARY,Fitbit App
2026-05-11T09:43:00Z,SEDENTARY,Fitbit App
2026-05-11T09:44:00Z,SEDENTARY,Fitbit App
2026-05-11T09:45:00Z,SEDENTARY,Fitbit App
2026-05-11T09:46:00Z,SEDENTARY,Fitbit App
2026-05-11T09:47:00Z,SEDENTARY,Fitbit App
2026-05-11T09:54:00Z,SEDENTARY,Fitbit App
2026-05-11T09:55:00Z,SEDENTARY,Fitbit App
2026-05-11T09:56:00Z,SEDENTARY,Fitbit App
2026-05-11T09:57:00Z,SEDENTARY,Fitbit App
2026-05-11T09:58:00Z,SEDENTARY,Fitbit App
2026-05-11T09:59:00Z,SEDENTARY,Fitbit App
2026-05-11T10:00:00Z,SEDENTARY,Fitbit App
2026-05-11T10:01:00Z,SEDENTARY,Fitbit App
2026-05-11T10:02:00Z,SEDENTARY,Fitbit App
2026-05-11T10:04:00Z,SEDENTARY,Fitbit App
2026-05-11T10:05:00Z,SEDENTARY,Fitbit App
2026-05-11T10:07:00Z,SEDENTARY,Fitbit App
2026-05-11T10:10:00Z,SEDENTARY,Fitbit App
2026-05-11T10:14:00Z,SEDENTARY,Fitbit App
2026-05-11T10:15:00Z,LIGHTLY_ACTIVE,Fitbit App
2026-05-11T10:16:00Z,SEDENTARY,Fitbit App
2026-05-11T10:17:00Z,LIGHTLY_ACTIVE,Fitbit App
2026-05-11T10:18:00Z,LIGHTLY_ACTIVE,Fitbit App
2026-05-11T10:19:00Z,LIGHTLY_ACTIVE,Fitbit App
2026-05-11T10:20:00Z,SEDENTARY,Fitbit App
2026-05-11T10:21:00Z,SEDENTARY,Fitbit App
2026-05-11T10:22:00Z,SEDENTARY,Fitbit App
2026-05-11T10:23:00Z,SEDENTARY,Fitbit App
2026-05-11T10:38:00Z,LIGHTLY_ACTIVE,Fitbit App
2026-05-11T10:46:00Z,SEDENTARY,Fitbit App
2026-05-11T10:48:00Z,SEDENTARY,Fitbit App
2026-05-11T10:49:00Z,LIGHTLY_ACTIVE,Fitbit App
2026-05-11T10:50:00Z,SEDENTARY,Fitbit App
2026-05-11T10:51:00Z,SEDENTARY,Fitbit App
2026-05-11T10:52:00Z,VERY_ACTIVE,Fitbit App
2026-05-11T10:53:00Z,MODERATELY_ACTIVE,Fitbit App
2026-05-11T10:54:00Z,SEDENTARY,Fitbit App
2026-05-11T10:55:00Z,SEDENTARY,Fitbit App
2026-05-11T10:56:00Z,SEDENTARY,Fitbit App
2026-05-11T10:57:00Z,SEDENTARY,Fitbit App
2026-05-11T11:00:00Z,SEDENTARY,Fitbit App
2026-05-11T11:02:00Z,SEDENTARY,Fitbit App
2026-05-11T11:03:00Z,SEDENTARY,Fitbit App
2026-05-11T11:06:00Z,SEDENTARY,Fitbit App
2026-05-11T11:07:00Z,SEDENTARY,Fitbit App
2026-05-11T11:08:00Z,SEDENTARY,Fitbit App
2026-05-11T11:09:00Z,LIGHTLY_ACTIVE,Fitbit App
2026-05-11T11:10:00Z,VERY_ACTIVE,Fitbit App
2026-05-11T11:11:00Z,VERY_ACTIVE,Fitbit App
2026-05-11T11:12:00Z,VERY_ACTIVE,Fitbit App
2026-05-11T11:13:00Z,VERY_ACTIVE,Fitbit App
2026-05-11T11:14:00Z,VERY_ACTIVE,Fitbit App
2026-05-11T11:15:00Z,VERY_ACTIVE,Fitbit App
2026-05-11T11:16:00Z,VERY_ACTIVE,Fitbit App
2026-05-11T11:17:00Z,VERY_ACTIVE,Fitbit App
2026-05-11T11:18:00Z,MODERATELY_ACTIVE,Fitbit App
2026-05-11T11:19:00Z,VERY_ACTIVE,Fitbit App
2026-05-11T11:20:00Z,VERY_ACTIVE,Fitbit App
2026-05-11T11:21:00Z,MODERATELY_ACTIVE,Fitbit App
2026-05-11T11:22:00Z,MODERATELY_ACTIVE,Fitbit App
2026-05-11T11:23:00Z,LIGHTLY_ACTIVE,Fitbit App
2026-05-11T11:24:00Z,VERY_ACTIVE,Fitbit App
2026-05-11T11:25:00Z,VERY_ACTIVE,Fitbit App
2026-05-11T11:26:00Z,LIGHTLY_ACTIVE,Fitbit App
2026-05-11T11:27:00Z,MODERATELY_ACTIVE,Fitbit App
2026-05-11T11:28:00Z,LIGHTLY_ACTIVE,Fitbit App
2026-05-11T11:29:00Z,LIGHTLY_ACTIVE,Fitbit App
2026-05-11T11:30:00Z,MODERATELY_ACTIVE,Fitbit App
2026-05-11T11:31:00Z,VERY_ACTIVE,Fitbit App
2026-05-11T11:32:00Z,VERY_ACTIVE,Fitbit App
2026-05-11T11:33:00Z,VERY_ACTIVE,Fitbit App
2026-05-11T11:34:00Z,VERY_ACTIVE,Fitbit App
2026-05-11T11:35:00Z,MODERATELY_ACTIVE,Fitbit App
2026-05-11T11:36:00Z,VERY_ACTIVE,Fitbit App
2026-05-11T11:37:00Z,VERY_ACTIVE,Fitbit App
2026-05-11T11:38:00Z,VERY_ACTIVE,Fitbit App
2026-05-11T11:39:00Z,VERY_ACTIVE,Fitbit App
2026-05-11T11:40:00Z,LIGHTLY_ACTIVE,Fitbit App
2026-05-11T11:41:00Z,SEDENTARY,Fitbit App
2026-05-11T11:42:00Z,SEDENTARY,Fitbit App
2026-05-11T11:43:00Z,SEDENTARY,Fitbit App
2026-05-11T11:46:00Z,LIGHTLY_ACTIVE,Fitbit App
2026-05-11T11:47:00Z,LIGHTLY_ACTIVE,Fitbit App
2026-05-11T11:48:00Z,MODERATELY_ACTIVE,Fitbit App
2026-05-11T11:49:00Z,VERY_ACTIVE,Fitbit App
2026-05-11T11:50:00Z,MODERATELY_ACTIVE,Fitbit App
2026-05-11T11:51:00Z,VERY_ACTIVE,Fitbit App
2026-05-11T11:52:00Z,VERY_ACTIVE,Fitbit App
2026-05-11T11:53:00Z,MODERATELY_ACTIVE,Fitbit App
2026-05-11T11:54:00Z,SEDENTARY,Fitbit App
2026-05-11T11:55:00Z,SEDENTARY,Fitbit App
2026-05-11T11:56:00Z,SEDENTARY,Fitbit App
2026-05-11T11:57:00Z,LIGHTLY_ACTIVE,Fitbit App
2026-05-11T11:58:00Z,VERY_ACTIVE,Fitbit App
2026-05-11T11:59:00Z,MODERATELY_ACTIVE,Fitbit App
2026-05-11T12:00:00Z,VERY_ACTIVE,Fitbit App
2026-05-11T12:01:00Z,VERY_ACTIVE,Fitbit App
2026-05-11T12:02:00Z,MODERATELY_ACTIVE,Fitbit App
2026-05-11T12:03:00Z,VERY_ACTIVE,Fitbit App
2026-05-11T12:04:00Z,VERY_ACTIVE,Fitbit App
2026-05-11T12:05:00Z,MODERATELY_ACTIVE,Fitbit App
2026-05-11T12:06:00Z,MODERATELY_ACTIVE,Fitbit App
2026-05-11T12:07:00Z,MODERATELY_ACTIVE,Fitbit App
2026-05-11T12:08:00Z,MODERATELY_ACTIVE,Fitbit App
2026-05-11T12:09:00Z,MODERATELY_ACTIVE,Fitbit App
2026-05-11T12:10:00Z,MODERATELY_ACTIVE,Fitbit App
2026-05-11T12:11:00Z,MODERATELY_ACTIVE,Fitbit App
2026-05-11T12:12:00Z,MODERATELY_ACTIVE,Fitbit App
2026-05-11T12:13:00Z,MODERATELY_ACTIVE,Fitbit App
2026-05-11T12:14:00Z,LIGHTLY_ACTIVE,Fitbit App
2026-05-11T12:15:00Z,VERY_ACTIVE,Fitbit App
2026-05-11T12:16:00Z,VERY_ACTIVE,Fitbit App
2026-05-11T12:17:00Z,LIGHTLY_ACTIVE,Fitbit App
2026-05-11T12:18:00Z,LIGHTLY_ACTIVE,Fitbit App
2026-05-11T12:19:00Z,SEDENTARY,Fitbit App
2026-05-11T12:20:00Z,LIGHTLY_ACTIVE,Fitbit App
2026-05-11T12:21:00Z,LIGHTLY_ACTIVE,Fitbit App
2026-05-11T12:22:00Z,LIGHTLY_ACTIVE,Fitbit App
2026-05-11T12:23:00Z,LIGHTLY_ACTIVE,Fitbit App
2026-05-11T12:24:00Z,VERY_ACTIVE,Fitbit App
2026-05-11T12:25:00Z,MODERATELY_ACTIVE,Fitbit App
2026-05-11T12:26:00Z,VERY_ACTIVE,Fitbit App
2026-05-11T12:27:00Z,LIGHTLY_ACTIVE,Fitbit App
2026-05-11T12:28:00Z,LIGHTLY_ACTIVE,Fitbit App
2026-05-11T12:29:00Z,SEDENTARY,Fitbit App
2026-05-11T12:30:00Z,SEDENTARY,Fitbit App
2026-05-11T12:31:00Z,SEDENTARY,Fitbit App
2026-05-11T12:33:00Z,SEDENTARY,Fitbit App
2026-05-11T12:43:00Z,SEDENTARY,Fitbit App
2026-05-11T12:45:00Z,SEDENTARY,Fitbit App
2026-05-11T12:46:00Z,SEDENTARY,Fitbit App
2026-05-11T12:53:00Z,SEDENTARY,Fitbit App
2026-05-11T12:54:00Z,SEDENTARY,Fitbit App
2026-05-11T12:58:00Z,SEDENTARY,Fitbit App
2026-05-11T12:59:00Z,SEDENTARY,Fitbit App
2026-05-11T13:00:00Z,SEDENTARY,Fitbit App
2026-05-11T13:02:00Z,SEDENTARY,Fitbit App
2026-05-11T13:03:00Z,SEDENTARY,Fitbit App
2026-05-11T13:04:00Z,SEDENTARY,Fitbit App
2026-05-11T13:05:00Z,SEDENTARY,Fitbit App
2026-05-11T13:06:00Z,SEDENTARY,Fitbit App
2026-05-11T13:07:00Z,SEDENTARY,Fitbit App
2026-05-11T13:08:00Z,SEDENTARY,Fitbit App
2026-05-11T13:12:00Z,SEDENTARY,Fitbit App
2026-05-11T13:13:00Z,SEDENTARY,Fitbit App
2026-05-11T13:16:00Z,SEDENTARY,Fitbit App
2026-05-11T13:17:00Z,MODERATELY_ACTIVE,Fitbit App
2026-05-11T13:18:00Z,VERY_ACTIVE,Fitbit App
2026-05-11T13:19:00Z,VERY_ACTIVE,Fitbit App
2026-05-11T13:20:00Z,MODERATELY_ACTIVE,Fitbit App
2026-05-11T13:21:00Z,MODERATELY_ACTIVE,Fitbit App
2026-05-11T13:22:00Z,MODERATELY_ACTIVE,Fitbit App
2026-05-11T13:23:00Z,MODERATELY_ACTIVE,Fitbit App
2026-05-11T13:24:00Z,LIGHTLY_ACTIVE,Fitbit App
2026-05-11T13:25:00Z,LIGHTLY_ACTIVE,Fitbit App
2026-05-11T13:26:00Z,LIGHTLY_ACTIVE,Fitbit App
2026-05-11T13:27:00Z,VERY_ACTIVE,Fitbit App
2026-05-11T13:28:00Z,MODERATELY_ACTIVE,Fitbit App
2026-05-11T13:29:00Z,LIGHTLY_ACTIVE,Fitbit App
2026-05-11T13:30:00Z,LIGHTLY_ACTIVE,Fitbit App
2026-05-11T13:31:00Z,SEDENTARY,Fitbit App
2026-05-11T13:32:00Z,SEDENTARY,Fitbit App
2026-05-11T13:33:00Z,SEDENTARY,Fitbit App
2026-05-11T13:34:00Z,SEDENTARY,Fitbit App
2026-05-11T13:35:00Z,SEDENTARY,Fitbit App
2026-05-11T13:36:00Z,SEDENTARY,Fitbit App
2026-05-11T13:37:00Z,SEDENTARY,Fitbit App
2026-05-11T13:38:00Z,SEDENTARY,Fitbit App
2026-05-11T13:39:00Z,SEDENTARY,Fitbit App
2026-05-11T13:40:00Z,SEDENTARY,Fitbit App
2026-05-11T13:41:00Z,SEDENTARY,Fitbit App
2026-05-11T13:42:00Z,SEDENTARY,Fitbit App
2026-05-11T13:43:00Z,SEDENTARY,Fitbit App
2026-05-11T13:44:00Z,SEDENTARY,Fitbit App
2026-05-11T13:45:00Z,SEDENTARY,Fitbit App
2026-05-11T13:46:00Z,SEDENTARY,Fitbit App
2026-05-11T13:47:00Z,SEDENTARY,Fitbit App
2026-05-11T13:48:00Z,SEDENTARY,Fitbit App
2026-05-11T13:49:00Z,SEDENTARY,Fitbit App
2026-05-11T13:50:00Z,SEDENTARY,Fitbit App
2026-05-11T13:51:00Z,SEDENTARY,Fitbit App
2026-05-11T13:52:00Z,LIGHTLY_ACTIVE,Fitbit App
2026-05-11T13:53:00Z,SEDENTARY,Fitbit App
2026-05-11T13:54:00Z,LIGHTLY_ACTIVE,Fitbit App
2026-05-11T13:55:00Z,LIGHTLY_ACTIVE,Fitbit App
2026-05-11T13:56:00Z,LIGHTLY_ACTIVE,Fitbit App
2026-05-11T13:57:00Z,LIGHTLY_ACTIVE,Fitbit App
2026-05-11T13:58:00Z,LIGHTLY_ACTIVE,Fitbit App
2026-05-11T13:59:00Z,LIGHTLY_ACTIVE,Fitbit App
2026-05-11T14:00:00Z,LIGHTLY_ACTIVE,Fitbit App
2026-05-11T14:01:00Z,LIGHTLY_ACTIVE,Fitbit App
2026-05-11T14:02:00Z,LIGHTLY_ACTIVE,Fitbit App
2026-05-11T14:03:00Z,LIGHTLY_ACTIVE,Fitbit App
2026-05-11T14:04:00Z,MODERATELY_ACTIVE,Fitbit App
2026-05-11T14:05:00Z,MODERATELY_ACTIVE,Fitbit App
2026-05-11T14:06:00Z,VERY_ACTIVE,Fitbit App
2026-05-11T14:07:00Z,VERY_ACTIVE,Fitbit App
2026-05-11T14:08:00Z,MODERATELY_ACTIVE,Fitbit App
2026-05-11T14:09:00Z,MODERATELY_ACTIVE,Fitbit App
2026-05-11T14:10:00Z,VERY_ACTIVE,Fitbit App
2026-05-11T14:11:00Z,MODERATELY_ACTIVE,Fitbit App
2026-05-11T14:12:00Z,VERY_ACTIVE,Fitbit App
2026-05-11T14:13:00Z,VERY_ACTIVE,Fitbit App
2026-05-11T14:14:00Z,MODERATELY_ACTIVE,Fitbit App
2026-05-11T14:15:00Z,LIGHTLY_ACTIVE,Fitbit App
2026-05-11T14:16:00Z,MODERATELY_ACTIVE,Fitbit App
2026-05-11T14:17:00Z,SEDENTARY,Fitbit App
2026-05-11T14:18:00Z,LIGHTLY_ACTIVE,Fitbit App
2026-05-11T14:19:00Z,LIGHTLY_ACTIVE,Fitbit App
2026-05-11T14:20:00Z,LIGHTLY_ACTIVE,Fitbit App
2026-05-11T14:21:00Z,MODERATELY_ACTIVE,Fitbit App
2026-05-11T14:22:00Z,MODERATELY_ACTIVE,Fitbit App
2026-05-11T14:23:00Z,VERY_ACTIVE,Fitbit App
2026-05-11T14:24:00Z,VERY_ACTIVE,Fitbit App
2026-05-11T14:25:00Z,VERY_ACTIVE,Fitbit App
2026-05-11T14:26:00Z,VERY_ACTIVE,Fitbit App
2026-05-11T14:27:00Z,VERY_ACTIVE,Fitbit App
2026-05-11T14:28:00Z,VERY_ACTIVE,Fitbit App
2026-05-11T14:29:00Z,MODERATELY_ACTIVE,Fitbit App
2026-05-11T14:30:00Z,VERY_ACTIVE,Fitbit App
2026-05-11T14:31:00Z,MODERATELY_ACTIVE,Fitbit App
2026-05-11T14:32:00Z,LIGHTLY_ACTIVE,Fitbit App
2026-05-11T14:33:00Z,LIGHTLY_ACTIVE,Fitbit App
2026-05-11T14:34:00Z,LIGHTLY_ACTIVE,Fitbit App
2026-05-11T14:35:00Z,LIGHTLY_ACTIVE,Fitbit App
2026-05-11T14:36:00Z,SEDENTARY,Fitbit App
2026-05-11T14:37:00Z,SEDENTARY,Fitbit App
2026-05-11T14:38:00Z,LIGHTLY_ACTIVE,Fitbit App
2026-05-11T14:39:00Z,LIGHTLY_ACTIVE,Fitbit App
2026-05-11T14:40:00Z,SEDENTARY,Fitbit App
2026-05-11T14:41:00Z,SEDENTARY,Fitbit App
2026-05-11T14:42:00Z,SEDENTARY,Fitbit App
2026-05-11T14:49:00Z,SEDENTARY,Fitbit App
2026-05-11T14:50:00Z,SEDENTARY,Fitbit App
2026-05-11T14:53:00Z,SEDENTARY,Fitbit App
2026-05-11T14:54:00Z,SEDENTARY,Fitbit App
2026-05-11T14:56:00Z,SEDENTARY,Fitbit App
2026-05-11T15:11:00Z,SEDENTARY,Fitbit App
2026-05-11T15:18:00Z,SEDENTARY,Fitbit App
2026-05-11T15:19:00Z,SEDENTARY,Fitbit App
2026-05-11T15:20:00Z,SEDENTARY,Fitbit App
2026-05-11T15:21:00Z,SEDENTARY,Fitbit App
2026-05-11T15:22:00Z,SEDENTARY,Fitbit App
2026-05-11T15:23:00Z,SEDENTARY,Fitbit App
2026-05-11T15:24:00Z,SEDENTARY,Fitbit App
2026-05-11T15:25:00Z,SEDENTARY,Fitbit App
2026-05-11T15:26:00Z,SEDENTARY,Fitbit App
2026-05-11T15:27:00Z,SEDENTARY,Fitbit App
2026-05-11T15:28:00Z,SEDENTARY,Fitbit App
2026-05-11T15:29:00Z,SEDENTARY,Fitbit App
2026-05-11T15:30:00Z,SEDENTARY,Fitbit App
2026-05-11T15:31:00Z,SEDENTARY,Fitbit App
2026-05-11T15:32:00Z,SEDENTARY,Fitbit App
2026-05-11T15:33:00Z,SEDENTARY,Fitbit App
2026-05-11T15:34:00Z,SEDENTARY,Fitbit App
2026-05-11T15:35:00Z,SEDENTARY,Fitbit App
2026-05-11T15:36:00Z,SEDENTARY,Fitbit App
2026-05-11T15:37:00Z,SEDENTARY,Fitbit App
2026-05-11T15:38:00Z,SEDENTARY,Fitbit App
2026-05-11T15:39:00Z,SEDENTARY,Fitbit App
2026-05-11T15:40:00Z,SEDENTARY,Fitbit App
2026-05-11T15:41:00Z,SEDENTARY,Fitbit App
2026-05-11T15:42:00Z,SEDENTARY,Fitbit App
2026-05-11T15:43:00Z,LIGHTLY_ACTIVE,Fitbit App
2026-05-11T15:44:00Z,SEDENTARY,Fitbit App
2026-05-11T15:45:00Z,LIGHTLY_ACTIVE,Fitbit App
2026-05-11T15:46:00Z,SEDENTARY,Fitbit App
2026-05-11T15:47:00Z,LIGHTLY_ACTIVE,Fitbit App
2026-05-11T15:48:00Z,SEDENTARY,Fitbit App
2026-05-11T15:49:00Z,LIGHTLY_ACTIVE,Fitbit App
2026-05-11T15:50:00Z,SEDENTARY,Fitbit App
2026-05-11T15:51:00Z,SEDENTARY,Fitbit App
2026-05-11T15:52:00Z,SEDENTARY,Fitbit App
2026-05-11T15:53:00Z,SEDENTARY,Fitbit App
2026-05-11T15:54:00Z,SEDENTARY,Fitbit App
2026-05-11T15:55:00Z,LIGHTLY_ACTIVE,Fitbit App
2026-05-11T15:56:00Z,SEDENTARY,Fitbit App
2026-05-11T15:57:00Z,MODERATELY_ACTIVE,Fitbit App
2026-05-11T15:58:00Z,VERY_ACTIVE,Fitbit App
2026-05-11T15:59:00Z,VERY_ACTIVE,Fitbit App
2026-05-11T16:00:00Z,VERY_ACTIVE,Fitbit App
2026-05-11T16:01:00Z,VERY_ACTIVE,Fitbit App
2026-05-11T16:02:00Z,VERY_ACTIVE,Fitbit App
2026-05-11T16:03:00Z,VERY_ACTIVE,Fitbit App
2026-05-11T16:04:00Z,MODERATELY_ACTIVE,Fitbit App
2026-05-11T16:05:00Z,VERY_ACTIVE,Fitbit App
2026-05-11T16:06:00Z,MODERATELY_ACTIVE,Fitbit App
2026-05-11T16:07:00Z,MODERATELY_ACTIVE,Fitbit App
2026-05-11T16:08:00Z,SEDENTARY,Fitbit App
2026-05-11T16:09:00Z,SEDENTARY,Fitbit App
2026-05-11T16:10:00Z,SEDENTARY,Fitbit App
2026-05-11T16:11:00Z,LIGHTLY_ACTIVE,Fitbit App
2026-05-11T16:12:00Z,LIGHTLY_ACTIVE,Fitbit App
2026-05-11T16:13:00Z,LIGHTLY_ACTIVE,Fitbit App
2026-05-11T16:14:00Z,LIGHTLY_ACTIVE,Fitbit App
2026-05-11T16:15:00Z,MODERATELY_ACTIVE,Fitbit App
2026-05-11T16:16:00Z,LIGHTLY_ACTIVE,Fitbit App
2026-05-11T16:17:00Z,SEDENTARY,Fitbit App
2026-05-11T16:18:00Z,LIGHTLY_ACTIVE,Fitbit App
2026-05-11T16:19:00Z,LIGHTLY_ACTIVE,Fitbit App
2026-05-11T16:20:00Z,MODERATELY_ACTIVE,Fitbit App
2026-05-11T16:21:00Z,MODERATELY_ACTIVE,Fitbit App
2026-05-11T16:22:00Z,LIGHTLY_ACTIVE,Fitbit App
2026-05-11T16:23:00Z,LIGHTLY_ACTIVE,Fitbit App
2026-05-11T16:24:00Z,VERY_ACTIVE,Fitbit App
2026-05-11T16:25:00Z,LIGHTLY_ACTIVE,Fitbit App
2026-05-11T16:26:00Z,SEDENTARY,Fitbit App
2026-05-11T16:27:00Z,MODERATELY_ACTIVE,Fitbit App
2026-05-11T16:28:00Z,VERY_ACTIVE,Fitbit App
2026-05-11T16:29:00Z,VERY_ACTIVE,Fitbit App
2026-05-11T16:30:00Z,VERY_ACTIVE,Fitbit App
2026-05-11T16:31:00Z,VERY_ACTIVE,Fitbit App
2026-05-11T16:32:00Z,MODERATELY_ACTIVE,Fitbit App
2026-05-11T16:33:00Z,MODERATELY_ACTIVE,Fitbit App
2026-05-11T16:34:00Z,MODERATELY_ACTIVE,Fitbit App
2026-05-11T16:35:00Z,VERY_ACTIVE,Fitbit App
2026-05-11T16:36:00Z,VERY_ACTIVE,Fitbit App
2026-05-11T16:37:00Z,VERY_ACTIVE,Fitbit App
2026-05-11T16:38:00Z,VERY_ACTIVE,Fitbit App
2026-05-11T16:39:00Z,MODERATELY_ACTIVE,Fitbit App
2026-05-11T16:40:00Z,LIGHTLY_ACTIVE,Fitbit App
2026-05-11T16:41:00Z,SEDENTARY,Fitbit App
2026-05-11T16:42:00Z,SEDENTARY,Fitbit App
2026-05-11T16:43:00Z,SEDENTARY,Fitbit App
2026-05-11T16:44:00Z,SEDENTARY,Fitbit App
2026-05-11T16:45:00Z,SEDENTARY,Fitbit App
2026-05-11T16:46:00Z,SEDENTARY,Fitbit App
2026-05-11T16:47:00Z,SEDENTARY,Fitbit App
2026-05-11T16:48:00Z,SEDENTARY,Fitbit App
2026-05-11T16:49:00Z,SEDENTARY,Fitbit App
2026-05-11T16:50:00Z,SEDENTARY,Fitbit App
2026-05-11T16:51:00Z,SEDENTARY,Fitbit App
2026-05-11T16:52:00Z,SEDENTARY,Fitbit App
2026-05-11T16:53:00Z,SEDENTARY,Fitbit App
2026-05-11T16:54:00Z,SEDENTARY,Fitbit App
2026-05-11T16:55:00Z,SEDENTARY,Fitbit App
2026-05-11T16:56:00Z,SEDENTARY,Fitbit App
2026-05-11T16:57:00Z,SEDENTARY,Fitbit App
2026-05-11T16:58:00Z,SEDENTARY,Fitbit App
2026-05-11T16:59:00Z,LIGHTLY_ACTIVE,Fitbit App
2026-05-11T17:00:00Z,SEDENTARY,Fitbit App
2026-05-11T17:01:00Z,SEDENTARY,Fitbit App
2026-05-11T17:02:00Z,SEDENTARY,Fitbit App
2026-05-11T17:03:00Z,SEDENTARY,Fitbit App
2026-05-11T17:04:00Z,SEDENTARY,Fitbit App
2026-05-11T17:05:00Z,SEDENTARY,Fitbit App
2026-05-11T17:06:00Z,SEDENTARY,Fitbit App
2026-05-11T17:07:00Z,SEDENTARY,Fitbit App
2026-05-11T17:08:00Z,SEDENTARY,Fitbit App
2026-05-11T17:09:00Z,SEDENTARY,Fitbit App
2026-05-11T17:10:00Z,SEDENTARY,Fitbit App
2026-05-11T17:11:00Z,SEDENTARY,Fitbit App
2026-05-11T17:12:00Z,LIGHTLY_ACTIVE,Fitbit App
2026-05-11T17:13:00Z,SEDENTARY,Fitbit App
2026-05-11T17:14:00Z,SEDENTARY,Fitbit App
2026-05-11T17:15:00Z,SEDENTARY,Fitbit App
2026-05-11T17:16:00Z,SEDENTARY,Fitbit App
2026-05-11T17:17:00Z,SEDENTARY,Fitbit App
2026-05-11T17:18:00Z,SEDENTARY,Fitbit App
2026-05-11T17:19:00Z,SEDENTARY,Fitbit App
2026-05-11T17:20:00Z,SEDENTARY,Fitbit App
2026-05-11T17:21:00Z,SEDENTARY,Fitbit App
2026-05-11T17:22:00Z,SEDENTARY,Fitbit App
2026-05-11T17:23:00Z,SEDENTARY,Fitbit App
2026-05-11T17:24:00Z,SEDENTARY,Fitbit App
2026-05-11T17:25:00Z,SEDENTARY,Fitbit App
2026-05-11T17:26:00Z,SEDENTARY,Fitbit App
2026-05-11T17:27:00Z,SEDENTARY,Fitbit App
2026-05-11T17:28:00Z,SEDENTARY,Fitbit App
2026-05-11T17:29:00Z,LIGHTLY_ACTIVE,Fitbit App
2026-05-11T17:30:00Z,SEDENTARY,Fitbit App
2026-05-11T17:31:00Z,SEDENTARY,Fitbit App
2026-05-11T17:32:00Z,SEDENTARY,Fitbit App
2026-05-11T17:33:00Z,SEDENTARY,Fitbit App
2026-05-11T17:34:00Z,SEDENTARY,Fitbit App
2026-05-11T17:35:00Z,SEDENTARY,Fitbit App
2026-05-11T17:36:00Z,SEDENTARY,Fitbit App
2026-05-11T17:37:00Z,SEDENTARY,Fitbit App
2026-05-11T17:38:00Z,SEDENTARY,Fitbit App
2026-05-11T17:39:00Z,SEDENTARY,Fitbit App
2026-05-11T17:40:00Z,SEDENTARY,Fitbit App
2026-05-11T17:41:00Z,SEDENTARY,Fitbit App
2026-05-11T17:42:00Z,SEDENTARY,Fitbit App
2026-05-11T17:43:00Z,SEDENTARY,Fitbit App
2026-05-11T17:44:00Z,SEDENTARY,Fitbit App
2026-05-11T17:45:00Z,SEDENTARY,Fitbit App
2026-05-11T17:46:00Z,SEDENTARY,Fitbit App
2026-05-11T17:47:00Z,SEDENTARY,Fitbit App
2026-05-11T17:48:00Z,SEDENTARY,Fitbit App
2026-05-11T17:49:00Z,SEDENTARY,Fitbit App
2026-05-11T17:50:00Z,SEDENTARY,Fitbit App
2026-05-11T17:51:00Z,SEDENTARY,Fitbit App
2026-05-11T17:52:00Z,SEDENTARY,Fitbit App
2026-05-11T17:53:00Z,SEDENTARY,Fitbit App
2026-05-11T17:54:00Z,SEDENTARY,Fitbit App
2026-05-11T17:55:00Z,SEDENTARY,Fitbit App
2026-05-11T17:56:00Z,LIGHTLY_ACTIVE,Fitbit App
2026-05-11T17:57:00Z,SEDENTARY,Fitbit App
2026-05-11T17:58:00Z,LIGHTLY_ACTIVE,Fitbit App
2026-05-11T17:59:00Z,SEDENTARY,Fitbit App
2026-05-11T18:00:00Z,VERY_ACTIVE,Fitbit App
2026-05-11T18:01:00Z,VERY_ACTIVE,Fitbit App
2026-05-11T18:02:00Z,MODERATELY_ACTIVE,Fitbit App
2026-05-11T18:03:00Z,MODERATELY_ACTIVE,Fitbit App
2026-05-11T18:04:00Z,MODERATELY_ACTIVE,Fitbit App
2026-05-11T18:05:00Z,LIGHTLY_ACTIVE,Fitbit App
2026-05-11T18:06:00Z,SEDENTARY,Fitbit App
2026-05-11T18:07:00Z,SEDENTARY,Fitbit App
2026-05-11T18:08:00Z,SEDENTARY,Fitbit App
2026-05-11T18:09:00Z,SEDENTARY,Fitbit App
2026-05-11T18:10:00Z,LIGHTLY_ACTIVE,Fitbit App
2026-05-11T18:11:00Z,SEDENTARY,Fitbit App
2026-05-11T18:12:00Z,SEDENTARY,Fitbit App
2026-05-11T18:13:00Z,LIGHTLY_ACTIVE,Fitbit App
2026-05-11T18:14:00Z,LIGHTLY_ACTIVE,Fitbit App
2026-05-11T18:15:00Z,SEDENTARY,Fitbit App
2026-05-11T18:16:00Z,LIGHTLY_ACTIVE,Fitbit App
2026-05-11T18:17:00Z,LIGHTLY_ACTIVE,Fitbit App
2026-05-11T18:18:00Z,LIGHTLY_ACTIVE,Fitbit App
2026-05-11T18:19:00Z,LIGHTLY_ACTIVE,Fitbit App
2026-05-11T18:20:00Z,LIGHTLY_ACTIVE,Fitbit App
2026-05-11T18:21:00Z,SEDENTARY,Fitbit App
2026-05-11T18:22:00Z,LIGHTLY_ACTIVE,Fitbit App
2026-05-11T18:23:00Z,LIGHTLY_ACTIVE,Fitbit App
2026-05-11T18:24:00Z,SEDENTARY,Fitbit App
2026-05-11T18:25:00Z,SEDENTARY,Fitbit App
2026-05-11T18:26:00Z,LIGHTLY_ACTIVE,Fitbit App
2026-05-11T18:27:00Z,LIGHTLY_ACTIVE,Fitbit App
2026-05-11T18:28:00Z,LIGHTLY_ACTIVE,Fitbit App
2026-05-11T18:29:00Z,LIGHTLY_ACTIVE,Fitbit App
2026-05-11T18:30:00Z,LIGHTLY_ACTIVE,Fitbit App
2026-05-11T18:31:00Z,LIGHTLY_ACTIVE,Fitbit App
2026-05-11T18:32:00Z,LIGHTLY_ACTIVE,Fitbit App
2026-05-11T18:33:00Z,LIGHTLY_ACTIVE,Fitbit App
2026-05-11T18:34:00Z,LIGHTLY_ACTIVE,Fitbit App
2026-05-11T18:35:00Z,LIGHTLY_ACTIVE,Fitbit App
2026-05-11T18:36:00Z,SEDENTARY,Fitbit App
2026-05-11T18:37:00Z,SEDENTARY,Fitbit App
2026-05-11T18:38:00Z,SEDENTARY,Fitbit App
2026-05-11T18:39:00Z,LIGHTLY_ACTIVE,Fitbit App
2026-05-11T18:40:00Z,LIGHTLY_ACTIVE,Fitbit App
2026-05-11T18:41:00Z,LIGHTLY_ACTIVE,Fitbit App
2026-05-11T18:42:00Z,LIGHTLY_ACTIVE,Fitbit App
2026-05-11T18:43:00Z,LIGHTLY_ACTIVE,Fitbit App
2026-05-11T18:44:00Z,SEDENTARY,Fitbit App
2026-05-11T18:45:00Z,SEDENTARY,Fitbit App
2026-05-11T18:46:00Z,SEDENTARY,Fitbit App
2026-05-11T18:47:00Z,SEDENTARY,Fitbit App
2026-05-11T18:48:00Z,SEDENTARY,Fitbit App
2026-05-11T18:49:00Z,LIGHTLY_ACTIVE,Fitbit App
2026-05-11T18:50:00Z,SEDENTARY,Fitbit App
2026-05-11T18:51:00Z,SEDENTARY,Fitbit App
2026-05-11T18:52:00Z,SEDENTARY,Fitbit App
2026-05-11T18:53:00Z,LIGHTLY_ACTIVE,Fitbit App
2026-05-11T18:54:00Z,SEDENTARY,Fitbit App
2026-05-11T18:55:00Z,SEDENTARY,Fitbit App
2026-05-11T18:56:00Z,SEDENTARY,Fitbit App
2026-05-11T18:57:00Z,SEDENTARY,Fitbit App
2026-05-11T18:58:00Z,SEDENTARY,Fitbit App
2026-05-11T18:59:00Z,SEDENTARY,Fitbit App
2026-05-11T19:00:00Z,SEDENTARY,Fitbit App
2026-05-11T19:01:00Z,SEDENTARY,Fitbit App
2026-05-11T19:02:00Z,SEDENTARY,Fitbit App
2026-05-11T19:03:00Z,SEDENTARY,Fitbit App
2026-05-11T19:04:00Z,SEDENTARY,Fitbit App
2026-05-11T19:05:00Z,SEDENTARY,Fitbit App
2026-05-11T19:06:00Z,SEDENTARY,Fitbit App
2026-05-11T19:07:00Z,SEDENTARY,Fitbit App
2026-05-11T19:08:00Z,SEDENTARY,Fitbit App
2026-05-11T19:09:00Z,SEDENTARY,Fitbit App
2026-05-11T19:10:00Z,SEDENTARY,Fitbit App
2026-05-11T19:11:00Z,SEDENTARY,Fitbit App
2026-05-11T19:12:00Z,LIGHTLY_ACTIVE,Fitbit App
2026-05-11T19:13:00Z,SEDENTARY,Fitbit App
2026-05-11T19:14:00Z,SEDENTARY,Fitbit App
2026-05-11T19:15:00Z,SEDENTARY,Fitbit App
2026-05-11T19:16:00Z,LIGHTLY_ACTIVE,Fitbit App
2026-05-11T19:17:00Z,SEDENTARY,Fitbit App
2026-05-11T19:18:00Z,LIGHTLY_ACTIVE,Fitbit App
2026-05-11T19:19:00Z,SEDENTARY,Fitbit App
2026-05-11T19:20:00Z,LIGHTLY_ACTIVE,Fitbit App
2026-05-11T19:21:00Z,LIGHTLY_ACTIVE,Fitbit App
2026-05-11T19:22:00Z,LIGHTLY_ACTIVE,Fitbit App
2026-05-11T19:23:00Z,LIGHTLY_ACTIVE,Fitbit App
2026-05-11T19:24:00Z,SEDENTARY,Fitbit App
2026-05-11T19:25:00Z,SEDENTARY,Fitbit App
2026-05-11T19:26:00Z,LIGHTLY_ACTIVE,Fitbit App
2026-05-11T19:27:00Z,SEDENTARY,Fitbit App
2026-05-11T19:28:00Z,SEDENTARY,Fitbit App
2026-05-11T19:29:00Z,SEDENTARY,Fitbit App
2026-05-11T19:30:00Z,LIGHTLY_ACTIVE,Fitbit App
2026-05-11T19:31:00Z,SEDENTARY,Fitbit App
2026-05-11T19:32:00Z,SEDENTARY,Fitbit App
2026-05-11T19:33:00Z,SEDENTARY,Fitbit App
2026-05-11T19:34:00Z,LIGHTLY_ACTIVE,Fitbit App
2026-05-11T19:35:00Z,SEDENTARY,Fitbit App
2026-05-11T19:36:00Z,LIGHTLY_ACTIVE,Fitbit App
2026-05-11T19:37:00Z,SEDENTARY,Fitbit App
2026-05-11T19:38:00Z,LIGHTLY_ACTIVE,Fitbit App
2026-05-11T19:39:00Z,LIGHTLY_ACTIVE,Fitbit App
2026-05-11T19:40:00Z,SEDENTARY,Fitbit App
2026-05-11T19:41:00Z,SEDENTARY,Fitbit App
2026-05-11T19:42:00Z,SEDENTARY,Fitbit App
2026-05-11T19:43:00Z,SEDENTARY,Fitbit App
2026-05-11T19:44:00Z,SEDENTARY,Fitbit App
2026-05-11T19:45:00Z,SEDENTARY,Fitbit App
2026-05-11T19:46:00Z,SEDENTARY,Fitbit App
2026-05-11T19:47:00Z,SEDENTARY,Fitbit App
2026-05-11T19:48:00Z,SEDENTARY,Fitbit App
2026-05-11T19:49:00Z,SEDENTARY,Fitbit App
2026-05-11T19:50:00Z,SEDENTARY,Fitbit App
2026-05-11T19:51:00Z,SEDENTARY,Fitbit App
2026-05-11T19:52:00Z,SEDENTARY,Fitbit App
2026-05-11T19:53:00Z,SEDENTARY,Fitbit App
2026-05-11T19:55:00Z,SEDENTARY,Fitbit App
2026-05-11T19:56:00Z,SEDENTARY,Fitbit App
2026-05-11T19:57:00Z,SEDENTARY,Fitbit App
2026-05-11T19:58:00Z,SEDENTARY,Fitbit App
2026-05-11T19:59:00Z,SEDENTARY,Fitbit App
2026-05-11T20:00:00Z,SEDENTARY,Fitbit App
2026-05-11T20:01:00Z,SEDENTARY,Fitbit App
2026-05-11T20:02:00Z,SEDENTARY,Fitbit App
2026-05-11T20:03:00Z,SEDENTARY,Fitbit App
2026-05-11T20:04:00Z,SEDENTARY,Fitbit App
2026-05-11T20:05:00Z,SEDENTARY,Fitbit App
2026-05-11T20:06:00Z,SEDENTARY,Fitbit App
2026-05-11T20:07:00Z,SEDENTARY,Fitbit App
2026-05-11T20:08:00Z,SEDENTARY,Fitbit App
2026-05-11T20:09:00Z,SEDENTARY,Fitbit App
2026-05-11T20:10:00Z,SEDENTARY,Fitbit App
2026-05-11T20:11:00Z,SEDENTARY,Fitbit App
2026-05-11T20:12:00Z,SEDENTARY,Fitbit App
2026-05-11T20:13:00Z,SEDENTARY,Fitbit App
2026-05-11T20:14:00Z,SEDENTARY,Fitbit App
2026-05-11T20:15:00Z,SEDENTARY,Fitbit App
2026-05-11T20:16:00Z,SEDENTARY,Fitbit App
2026-05-11T20:17:00Z,SEDENTARY,Fitbit App
2026-05-11T20:18:00Z,SEDENTARY,Fitbit App
2026-05-11T20:19:00Z,SEDENTARY,Fitbit App
2026-05-11T20:20:00Z,SEDENTARY,Fitbit App
2026-05-11T20:21:00Z,SEDENTARY,Fitbit App
2026-05-11T20:22:00Z,SEDENTARY,Fitbit App
2026-05-11T20:23:00Z,LIGHTLY_ACTIVE,Fitbit App
2026-05-11T20:24:00Z,LIGHTLY_ACTIVE,Fitbit App
2026-05-11T20:25:00Z,SEDENTARY,Fitbit App
2026-05-11T20:26:00Z,LIGHTLY_ACTIVE,Fitbit App
2026-05-11T20:27:00Z,LIGHTLY_ACTIVE,Fitbit App
2026-05-11T20:28:00Z,LIGHTLY_ACTIVE,Fitbit App
2026-05-11T20:29:00Z,SEDENTARY,Fitbit App
2026-05-11T20:30:00Z,SEDENTARY,Fitbit App
2026-05-11T20:31:00Z,SEDENTARY,Fitbit App
2026-05-11T20:32:00Z,SEDENTARY,Fitbit App
2026-05-11T20:33:00Z,SEDENTARY,Fitbit App
2026-05-11T20:34:00Z,SEDENTARY,Fitbit App
2026-05-11T20:35:00Z,SEDENTARY,Fitbit App
2026-05-11T20:36:00Z,LIGHTLY_ACTIVE,Fitbit App
2026-05-11T20:37:00Z,SEDENTARY,Fitbit App
2026-05-11T20:38:00Z,SEDENTARY,Fitbit App
2026-05-11T20:39:00Z,LIGHTLY_ACTIVE,Fitbit App
2026-05-11T20:40:00Z,SEDENTARY,Fitbit App
2026-05-11T20:41:00Z,SEDENTARY,Fitbit App
2026-05-11T20:42:00Z,SEDENTARY,Fitbit App
2026-05-11T20:43:00Z,SEDENTARY,Fitbit App
2026-05-11T20:44:00Z,SEDENTARY,Fitbit App
2026-05-11T20:45:00Z,SEDENTARY,Fitbit App
2026-05-11T20:46:00Z,SEDENTARY,Fitbit App
2026-05-11T20:47:00Z,SEDENTARY,Fitbit App
2026-05-11T20:48:00Z,SEDENTARY,Fitbit App
2026-05-11T20:49:00Z,SEDENTARY,Fitbit App
2026-05-11T20:50:00Z,SEDENTARY,Fitbit App
2026-05-11T20:51:00Z,SEDENTARY,Fitbit App
2026-05-11T20:52:00Z,SEDENTARY,Fitbit App
2026-05-11T20:53:00Z,SEDENTARY,Fitbit App
2026-05-11T20:54:00Z,SEDENTARY,Fitbit App
2026-05-11T20:55:00Z,SEDENTARY,Fitbit App
2026-05-11T20:56:00Z,SEDENTARY,Fitbit App
2026-05-11T20:57:00Z,SEDENTARY,Fitbit App
2026-05-11T20:58:00Z,SEDENTARY,Fitbit App
2026-05-11T20:59:00Z,SEDENTARY,Fitbit App
2026-05-11T21:00:00Z,SEDENTARY,Fitbit App
2026-05-11T21:01:00Z,SEDENTARY,Fitbit App
2026-05-11T21:02:00Z,SEDENTARY,Fitbit App
2026-05-11T21:03:00Z,SEDENTARY,Fitbit App
2026-05-11T21:04:00Z,SEDENTARY,Fitbit App
2026-05-11T21:05:00Z,LIGHTLY_ACTIVE,Fitbit App
2026-05-11T21:06:00Z,LIGHTLY_ACTIVE,Fitbit App
2026-05-11T21:07:00Z,LIGHTLY_ACTIVE,Fitbit App
2026-05-11T21:08:00Z,SEDENTARY,Fitbit App
2026-05-11T21:09:00Z,LIGHTLY_ACTIVE,Fitbit App
2026-05-11T21:10:00Z,LIGHTLY_ACTIVE,Fitbit App
2026-05-11T21:11:00Z,LIGHTLY_ACTIVE,Fitbit App
2026-05-11T21:12:00Z,LIGHTLY_ACTIVE,Fitbit App
2026-05-11T21:13:00Z,LIGHTLY_ACTIVE,Fitbit App
2026-05-11T21:14:00Z,SEDENTARY,Fitbit App
2026-05-11T21:15:00Z,SEDENTARY,Fitbit App
2026-05-11T21:16:00Z,SEDENTARY,Fitbit App
2026-05-11T21:23:00Z,LIGHTLY_ACTIVE,Fitbit App
2026-05-11T21:24:00Z,LIGHTLY_ACTIVE,Fitbit App
2026-05-11T21:25:00Z,LIGHTLY_ACTIVE,Fitbit App
2026-05-11T21:26:00Z,SEDENTARY,Fitbit App
2026-05-11T22:07:00Z,LIGHTLY_ACTIVE,Fitbit App
2026-05-11T22:08:00Z,LIGHTLY_ACTIVE,Fitbit App
2026-05-11T22:09:00Z,LIGHTLY_ACTIVE,Fitbit App
2026-05-11T22:11:00Z,SEDENTARY,Fitbit App
2026-05-11T22:20:00Z,SEDENTARY,Fitbit App
2026-05-11T22:26:00Z,SEDENTARY,Fitbit App
2026-05-11T22:38:00Z,LIGHTLY_ACTIVE,Fitbit App
2026-05-11T22:39:00Z,SEDENTARY,Fitbit App
2026-05-11T22:40:00Z,LIGHTLY_ACTIVE,Fitbit App
2026-05-11T22:41:00Z,LIGHTLY_ACTIVE,Fitbit App
2026-05-11T22:42:00Z,SEDENTARY,Fitbit App
2026-05-11T22:43:00Z,SEDENTARY,Fitbit App
2026-05-11T22:57:00Z,SEDENTARY,Fitbit App
2026-05-11T23:06:00Z,SEDENTARY,Fitbit App
2026-05-11T23:07:00Z,SEDENTARY,Fitbit App
2026-05-11T23:11:00Z,SEDENTARY,Fitbit App
2026-05-11T23:35:00Z,SEDENTARY,Fitbit App
2026-05-12T00:27:00Z,SEDENTARY,Fitbit App
2026-05-12T01:22:00Z,SEDENTARY,Fitbit App
2026-05-12T03:06:00Z,SEDENTARY,Fitbit App
2026-05-12T03:08:00Z,SEDENTARY,Fitbit App
2026-05-12T03:34:00Z,SEDENTARY,Fitbit App
2026-05-12T03:50:00Z,SEDENTARY,Fitbit App
2026-05-12T04:01:00Z,SEDENTARY,Fitbit App
2026-05-12T04:53:00Z,SEDENTARY,Fitbit App
2026-05-12T04:54:00Z,SEDENTARY,Fitbit App
2026-05-12T04:57:00Z,SEDENTARY,Fitbit App
2026-05-12T05:04:00Z,SEDENTARY,Fitbit App
2026-05-12T05:14:00Z,SEDENTARY,Fitbit App
2026-05-12T05:32:00Z,SEDENTARY,Fitbit App
2026-05-12T06:09:00Z,SEDENTARY,Fitbit App
2026-05-12T06:12:00Z,SEDENTARY,Fitbit App
2026-05-12T06:23:00Z,SEDENTARY,Fitbit App
2026-05-12T06:26:00Z,SEDENTARY,Fitbit App
2026-05-12T06:35:00Z,SEDENTARY,Fitbit App
2026-05-12T06:48:00Z,SEDENTARY,Fitbit App
2026-05-12T07:01:00Z,LIGHTLY_ACTIVE,Fitbit App
2026-05-12T07:02:00Z,LIGHTLY_ACTIVE,Fitbit App
2026-05-12T07:03:00Z,LIGHTLY_ACTIVE,Fitbit App
2026-05-12T07:04:00Z,LIGHTLY_ACTIVE,Fitbit App
2026-05-12T07:05:00Z,MODERATELY_ACTIVE,Fitbit App
2026-05-12T07:06:00Z,MODERATELY_ACTIVE,Fitbit App
2026-05-12T07:07:00Z,LIGHTLY_ACTIVE,Fitbit App
2026-05-12T07:08:00Z,LIGHTLY_ACTIVE,Fitbit App
2026-05-12T07:09:00Z,LIGHTLY_ACTIVE,Fitbit App
2026-05-12T07:10:00Z,LIGHTLY_ACTIVE,Fitbit App
2026-05-12T07:11:00Z,LIGHTLY_ACTIVE,Fitbit App
2026-05-12T07:12:00Z,MODERATELY_ACTIVE,Fitbit App
2026-05-12T07:13:00Z,LIGHTLY_ACTIVE,Fitbit App
2026-05-12T07:14:00Z,SEDENTARY,Fitbit App
2026-05-12T07:15:00Z,LIGHTLY_ACTIVE,Fitbit App
2026-05-12T07:16:00Z,SEDENTARY,Fitbit App
2026-05-12T07:17:00Z,SEDENTARY,Fitbit App
2026-05-12T07:18:00Z,SEDENTARY,Fitbit App
2026-05-12T07:19:00Z,SEDENTARY,Fitbit App
2026-05-12T07:20:00Z,LIGHTLY_ACTIVE,Fitbit App
2026-05-12T07:21:00Z,LIGHTLY_ACTIVE,Fitbit App
2026-05-12T07:22:00Z,SEDENTARY,Fitbit App
2026-05-12T07:23:00Z,LIGHTLY_ACTIVE,Fitbit App
2026-05-12T07:24:00Z,MODERATELY_ACTIVE,Fitbit App
2026-05-12T07:25:00Z,LIGHTLY_ACTIVE,Fitbit App
2026-05-12T07:26:00Z,SEDENTARY,Fitbit App
2026-05-12T07:27:00Z,LIGHTLY_ACTIVE,Fitbit App
2026-05-12T07:28:00Z,MODERATELY_ACTIVE,Fitbit App
2026-05-12T07:29:00Z,LIGHTLY_ACTIVE,Fitbit App
2026-05-12T07:30:00Z,LIGHTLY_ACTIVE,Fitbit App
2026-05-12T07:31:00Z,LIGHTLY_ACTIVE,Fitbit App
2026-05-12T07:32:00Z,LIGHTLY_ACTIVE,Fitbit App
2026-05-12T07:33:00Z,LIGHTLY_ACTIVE,Fitbit App
2026-05-12T07:34:00Z,SEDENTARY,Fitbit App
2026-05-12T07:35:00Z,LIGHTLY_ACTIVE,Fitbit App
2026-05-12T07:36:00Z,LIGHTLY_ACTIVE,Fitbit App
2026-05-12T07:37:00Z,LIGHTLY_ACTIVE,Fitbit App
2026-05-12T07:38:00Z,LIGHTLY_ACTIVE,Fitbit App
2026-05-12T07:39:00Z,LIGHTLY_ACTIVE,Fitbit App
2026-05-12T07:40:00Z,LIGHTLY_ACTIVE,Fitbit App
2026-05-12T07:41:00Z,LIGHTLY_ACTIVE,Fitbit App
2026-05-12T07:42:00Z,LIGHTLY_ACTIVE,Fitbit App
2026-05-12T07:43:00Z,MODERATELY_ACTIVE,Fitbit App
2026-05-12T07:44:00Z,MODERATELY_ACTIVE,Fitbit App
2026-05-12T07:45:00Z,VERY_ACTIVE,Fitbit App
2026-05-12T07:46:00Z,VERY_ACTIVE,Fitbit App
2026-05-12T07:47:00Z,VERY_ACTIVE,Fitbit App
2026-05-12T07:48:00Z,VERY_ACTIVE,Fitbit App
2026-05-12T07:49:00Z,VERY_ACTIVE,Fitbit App
2026-05-12T07:50:00Z,VERY_ACTIVE,Fitbit App
2026-05-12T07:51:00Z,VERY_ACTIVE,Fitbit App
2026-05-12T07:52:00Z,VERY_ACTIVE,Fitbit App
2026-05-12T07:53:00Z,VERY_ACTIVE,Fitbit App
2026-05-12T07:54:00Z,VERY_ACTIVE,Fitbit App
2026-05-12T07:55:00Z,VERY_ACTIVE,Fitbit App
2026-05-12T07:56:00Z,VERY_ACTIVE,Fitbit App
2026-05-12T07:57:00Z,VERY_ACTIVE,Fitbit App
2026-05-12T07:58:00Z,VERY_ACTIVE,Fitbit App
2026-05-12T07:59:00Z,VERY_ACTIVE,Fitbit App
2026-05-12T08:00:00Z,VERY_ACTIVE,Fitbit App
2026-05-12T08:01:00Z,VERY_ACTIVE,Fitbit App
2026-05-12T08:02:00Z,VERY_ACTIVE,Fitbit App
2026-05-12T08:03:00Z,VERY_ACTIVE,Fitbit App
2026-05-12T08:04:00Z,VERY_ACTIVE,Fitbit App
2026-05-12T08:05:00Z,VERY_ACTIVE,Fitbit App
2026-05-12T08:06:00Z,VERY_ACTIVE,Fitbit App
2026-05-12T08:07:00Z,LIGHTLY_ACTIVE,Fitbit App
2026-05-12T08:08:00Z,SEDENTARY,Fitbit App
2026-05-12T08:09:00Z,SEDENTARY,Fitbit App
2026-05-12T08:10:00Z,LIGHTLY_ACTIVE,Fitbit App
2026-05-12T08:11:00Z,LIGHTLY_ACTIVE,Fitbit App
2026-05-12T08:12:00Z,SEDENTARY,Fitbit App
2026-05-12T08:13:00Z,SEDENTARY,Fitbit App
2026-05-12T08:14:00Z,SEDENTARY,Fitbit App
2026-05-12T08:15:00Z,SEDENTARY,Fitbit App
2026-05-12T08:16:00Z,SEDENTARY,Fitbit App
2026-05-12T08:17:00Z,SEDENTARY,Fitbit App
2026-05-12T08:18:00Z,SEDENTARY,Fitbit App
2026-05-12T08:19:00Z,SEDENTARY,Fitbit App
2026-05-12T08:20:00Z,SEDENTARY,Fitbit App
2026-05-12T08:21:00Z,SEDENTARY,Fitbit App
2026-05-12T08:22:00Z,SEDENTARY,Fitbit App
2026-05-12T08:23:00Z,SEDENTARY,Fitbit App
2026-05-12T08:24:00Z,SEDENTARY,Fitbit App
2026-05-12T08:25:00Z,SEDENTARY,Fitbit App
2026-05-12T08:26:00Z,SEDENTARY,Fitbit App
2026-05-12T08:27:00Z,SEDENTARY,Fitbit App
2026-05-12T08:28:00Z,SEDENTARY,Fitbit App
2026-05-12T08:29:00Z,SEDENTARY,Fitbit App
2026-05-12T08:30:00Z,SEDENTARY,Fitbit App
2026-05-12T08:31:00Z,SEDENTARY,Fitbit App
2026-05-12T08:32:00Z,SEDENTARY,Fitbit App
2026-05-12T08:33:00Z,SEDENTARY,Fitbit App
2026-05-12T08:34:00Z,SEDENTARY,Fitbit App
2026-05-12T08:35:00Z,SEDENTARY,Fitbit App
2026-05-12T08:36:00Z,SEDENTARY,Fitbit App
2026-05-12T08:37:00Z,SEDENTARY,Fitbit App
2026-05-12T08:38:00Z,SEDENTARY,Fitbit App
2026-05-12T08:39:00Z,SEDENTARY,Fitbit App
2026-05-12T08:40:00Z,SEDENTARY,Fitbit App
2026-05-12T08:41:00Z,SEDENTARY,Fitbit App
2026-05-12T08:42:00Z,SEDENTARY,Fitbit App
2026-05-12T08:43:00Z,SEDENTARY,Fitbit App
2026-05-12T08:44:00Z,SEDENTARY,Fitbit App
2026-05-12T08:45:00Z,SEDENTARY,Fitbit App
2026-05-12T08:46:00Z,LIGHTLY_ACTIVE,Fitbit App
2026-05-12T08:47:00Z,SEDENTARY,Fitbit App
2026-05-12T08:48:00Z,SEDENTARY,Fitbit App
2026-05-12T08:49:00Z,SEDENTARY,Fitbit App
2026-05-12T08:50:00Z,LIGHTLY_ACTIVE,Fitbit App
2026-05-12T08:51:00Z,MODERATELY_ACTIVE,Fitbit App
2026-05-12T08:52:00Z,MODERATELY_ACTIVE,Fitbit App
2026-05-12T08:53:00Z,LIGHTLY_ACTIVE,Fitbit App
2026-05-12T08:54:00Z,LIGHTLY_ACTIVE,Fitbit App
2026-05-12T08:55:00Z,MODERATELY_ACTIVE,Fitbit App
2026-05-12T08:56:00Z,MODERATELY_ACTIVE,Fitbit App
2026-05-12T08:57:00Z,VERY_ACTIVE,Fitbit App
2026-05-12T08:58:00Z,VERY_ACTIVE,Fitbit App
2026-05-12T08:59:00Z,VERY_ACTIVE,Fitbit App
2026-05-12T09:00:00Z,VERY_ACTIVE,Fitbit App
2026-05-12T09:01:00Z,VERY_ACTIVE,Fitbit App
2026-05-12T09:02:00Z,VERY_ACTIVE,Fitbit App
2026-05-12T09:03:00Z,MODERATELY_ACTIVE,Fitbit App
2026-05-12T09:04:00Z,MODERATELY_ACTIVE,Fitbit App
2026-05-12T09:05:00Z,MODERATELY_ACTIVE,Fitbit App
2026-05-12T09:06:00Z,VERY_ACTIVE,Fitbit App
2026-05-12T09:07:00Z,VERY_ACTIVE,Fitbit App
2026-05-12T09:08:00Z,VERY_ACTIVE,Fitbit App
2026-05-12T09:09:00Z,VERY_ACTIVE,Fitbit App
2026-05-12T09:10:00Z,VERY_ACTIVE,Fitbit App
2026-05-12T09:11:00Z,VERY_ACTIVE,Fitbit App
2026-05-12T09:12:00Z,VERY_ACTIVE,Fitbit App
2026-05-12T09:13:00Z,VERY_ACTIVE,Fitbit App
2026-05-12T09:14:00Z,VERY_ACTIVE,Fitbit App
2026-05-12T09:15:00Z,VERY_ACTIVE,Fitbit App
2026-05-12T09:16:00Z,VERY_ACTIVE,Fitbit App
2026-05-12T09:17:00Z,VERY_ACTIVE,Fitbit App
2026-05-12T09:18:00Z,VERY_ACTIVE,Fitbit App
2026-05-12T09:19:00Z,VERY_ACTIVE,Fitbit App
2026-05-12T09:20:00Z,VERY_ACTIVE,Fitbit App
2026-05-12T09:21:00Z,VERY_ACTIVE,Fitbit App
2026-05-12T09:22:00Z,VERY_ACTIVE,Fitbit App
2026-05-12T09:23:00Z,VERY_ACTIVE,Fitbit App
2026-05-12T09:24:00Z,VERY_ACTIVE,Fitbit App
2026-05-12T09:25:00Z,MODERATELY_ACTIVE,Fitbit App
2026-05-12T09:26:00Z,MODERATELY_ACTIVE,Fitbit App
2026-05-12T09:27:00Z,LIGHTLY_ACTIVE,Fitbit App
2026-05-12T09:28:00Z,MODERATELY_ACTIVE,Fitbit App
2026-05-12T09:29:00Z,MODERATELY_ACTIVE,Fitbit App
2026-05-12T09:30:00Z,MODERATELY_ACTIVE,Fitbit App
2026-05-12T09:31:00Z,LIGHTLY_ACTIVE,Fitbit App
2026-05-12T09:32:00Z,MODERATELY_ACTIVE,Fitbit App
2026-05-12T09:33:00Z,LIGHTLY_ACTIVE,Fitbit App
2026-05-12T09:34:00Z,LIGHTLY_ACTIVE,Fitbit App
2026-05-12T09:35:00Z,LIGHTLY_ACTIVE,Fitbit App
2026-05-12T09:36:00Z,MODERATELY_ACTIVE,Fitbit App
2026-05-12T09:37:00Z,MODERATELY_ACTIVE,Fitbit App
2026-05-12T09:38:00Z,MODERATELY_ACTIVE,Fitbit App
2026-05-12T09:39:00Z,SEDENTARY,Fitbit App
2026-05-12T09:40:00Z,SEDENTARY,Fitbit App
2026-05-12T09:41:00Z,SEDENTARY,Fitbit App
2026-05-12T09:42:00Z,SEDENTARY,Fitbit App
2026-05-12T09:43:00Z,SEDENTARY,Fitbit App
2026-05-12T09:44:00Z,SEDENTARY,Fitbit App
2026-05-12T09:45:00Z,LIGHTLY_ACTIVE,Fitbit App
2026-05-12T09:46:00Z,LIGHTLY_ACTIVE,Fitbit App
2026-05-12T09:47:00Z,LIGHTLY_ACTIVE,Fitbit App
2026-05-12T09:48:00Z,LIGHTLY_ACTIVE,Fitbit App
2026-05-12T09:49:00Z,LIGHTLY_ACTIVE,Fitbit App
2026-05-12T09:50:00Z,SEDENTARY,Fitbit App
2026-05-12T09:51:00Z,SEDENTARY,Fitbit App
2026-05-12T09:52:00Z,SEDENTARY,Fitbit App
2026-05-12T09:53:00Z,LIGHTLY_ACTIVE,Fitbit App
2026-05-12T09:54:00Z,LIGHTLY_ACTIVE,Fitbit App
2026-05-12T09:55:00Z,SEDENTARY,Fitbit App
2026-05-12T09:56:00Z,SEDENTARY,Fitbit App
2026-05-12T09:57:00Z,LIGHTLY_ACTIVE,Fitbit App
2026-05-12T09:58:00Z,SEDENTARY,Fitbit App
2026-05-12T09:59:00Z,SEDENTARY,Fitbit App
2026-05-12T10:00:00Z,SEDENTARY,Fitbit App
2026-05-12T10:01:00Z,SEDENTARY,Fitbit App
2026-05-12T10:02:00Z,SEDENTARY,Fitbit App
2026-05-12T10:03:00Z,SEDENTARY,Fitbit App
2026-05-12T10:04:00Z,SEDENTARY,Fitbit App
2026-05-12T10:05:00Z,SEDENTARY,Fitbit App
2026-05-12T10:06:00Z,SEDENTARY,Fitbit App
2026-05-12T10:07:00Z,SEDENTARY,Fitbit App
2026-05-12T10:08:00Z,SEDENTARY,Fitbit App
2026-05-12T10:09:00Z,SEDENTARY,Fitbit App
2026-05-12T10:10:00Z,SEDENTARY,Fitbit App
2026-05-12T10:11:00Z,SEDENTARY,Fitbit App
2026-05-12T10:12:00Z,SEDENTARY,Fitbit App
2026-05-12T10:13:00Z,SEDENTARY,Fitbit App
2026-05-12T10:14:00Z,MODERATELY_ACTIVE,Fitbit App
2026-05-12T10:15:00Z,LIGHTLY_ACTIVE,Fitbit App
2026-05-12T10:16:00Z,LIGHTLY_ACTIVE,Fitbit App
2026-05-12T10:17:00Z,LIGHTLY_ACTIVE,Fitbit App
2026-05-12T10:18:00Z,LIGHTLY_ACTIVE,Fitbit App
2026-05-12T10:19:00Z,LIGHTLY_ACTIVE,Fitbit App
2026-05-12T10:20:00Z,LIGHTLY_ACTIVE,Fitbit App
2026-05-12T10:21:00Z,LIGHTLY_ACTIVE,Fitbit App
2026-05-12T10:22:00Z,MODERATELY_ACTIVE,Fitbit App
2026-05-12T10:23:00Z,MODERATELY_ACTIVE,Fitbit App
2026-05-12T10:24:00Z,MODERATELY_ACTIVE,Fitbit App
2026-05-12T10:25:00Z,MODERATELY_ACTIVE,Fitbit App
2026-05-12T10:26:00Z,VERY_ACTIVE,Fitbit App
2026-05-12T10:27:00Z,VERY_ACTIVE,Fitbit App
2026-05-12T10:28:00Z,VERY_ACTIVE,Fitbit App
2026-05-12T10:29:00Z,VERY_ACTIVE,Fitbit App
2026-05-12T10:30:00Z,VERY_ACTIVE,Fitbit App
2026-05-12T10:31:00Z,VERY_ACTIVE,Fitbit App
2026-05-12T10:32:00Z,VERY_ACTIVE,Fitbit App
2026-05-12T10:33:00Z,VERY_ACTIVE,Fitbit App
2026-05-12T10:34:00Z,MODERATELY_ACTIVE,Fitbit App
2026-05-12T10:35:00Z,SEDENTARY,Fitbit App
2026-05-12T10:36:00Z,SEDENTARY,Fitbit App
2026-05-12T10:37:00Z,SEDENTARY,Fitbit App
2026-05-12T10:38:00Z,LIGHTLY_ACTIVE,Fitbit App
2026-05-12T10:39:00Z,LIGHTLY_ACTIVE,Fitbit App
2026-05-12T10:40:00Z,SEDENTARY,Fitbit App
2026-05-12T10:41:00Z,SEDENTARY,Fitbit App
2026-05-12T10:42:00Z,SEDENTARY,Fitbit App
2026-05-12T10:43:00Z,SEDENTARY,Fitbit App
2026-05-12T10:44:00Z,SEDENTARY,Fitbit App
2026-05-12T10:45:00Z,SEDENTARY,Fitbit App
2026-05-12T10:46:00Z,SEDENTARY,Fitbit App
2026-05-12T10:47:00Z,SEDENTARY,Fitbit App
2026-05-12T10:48:00Z,SEDENTARY,Fitbit App
2026-05-12T10:49:00Z,SEDENTARY,Fitbit App
2026-05-12T10:50:00Z,SEDENTARY,Fitbit App
2026-05-12T10:51:00Z,SEDENTARY,Fitbit App
2026-05-12T10:52:00Z,SEDENTARY,Fitbit App
2026-05-12T10:53:00Z,SEDENTARY,Fitbit App
2026-05-12T10:54:00Z,SEDENTARY,Fitbit App
2026-05-12T10:55:00Z,SEDENTARY,Fitbit App
2026-05-12T10:56:00Z,SEDENTARY,Fitbit App
2026-05-12T10:57:00Z,SEDENTARY,Fitbit App
2026-05-12T10:58:00Z,SEDENTARY,Fitbit App
2026-05-12T10:59:00Z,SEDENTARY,Fitbit App
2026-05-12T11:00:00Z,LIGHTLY_ACTIVE,Fitbit App
2026-05-12T11:01:00Z,SEDENTARY,Fitbit App
2026-05-12T11:02:00Z,SEDENTARY,Fitbit App
2026-05-12T11:03:00Z,SEDENTARY,Fitbit App
2026-05-12T11:04:00Z,SEDENTARY,Fitbit App
2026-05-12T11:05:00Z,SEDENTARY,Fitbit App
2026-05-12T11:06:00Z,SEDENTARY,Fitbit App
2026-05-12T11:07:00Z,SEDENTARY,Fitbit App
2026-05-12T11:08:00Z,SEDENTARY,Fitbit App
2026-05-12T11:09:00Z,SEDENTARY,Fitbit App
2026-05-12T11:10:00Z,SEDENTARY,Fitbit App
2026-05-12T11:11:00Z,SEDENTARY,Fitbit App
2026-05-12T11:12:00Z,SEDENTARY,Fitbit App
2026-05-12T11:13:00Z,SEDENTARY,Fitbit App
2026-05-12T11:14:00Z,SEDENTARY,Fitbit App
2026-05-12T11:15:00Z,SEDENTARY,Fitbit App
2026-05-12T11:16:00Z,SEDENTARY,Fitbit App
2026-05-12T11:17:00Z,SEDENTARY,Fitbit App
2026-05-12T11:18:00Z,SEDENTARY,Fitbit App
2026-05-12T11:19:00Z,SEDENTARY,Fitbit App
2026-05-12T11:20:00Z,SEDENTARY,Fitbit App
2026-05-12T11:21:00Z,SEDENTARY,Fitbit App
2026-05-12T11:22:00Z,SEDENTARY,Fitbit App
2026-05-12T11:23:00Z,SEDENTARY,Fitbit App
2026-05-12T11:24:00Z,SEDENTARY,Fitbit App
2026-05-12T11:25:00Z,SEDENTARY,Fitbit App
2026-05-12T11:26:00Z,SEDENTARY,Fitbit App
2026-05-12T11:27:00Z,SEDENTARY,Fitbit App
2026-05-12T11:28:00Z,SEDENTARY,Fitbit App
2026-05-12T11:29:00Z,SEDENTARY,Fitbit App
2026-05-12T11:30:00Z,LIGHTLY_ACTIVE,Fitbit App
2026-05-12T11:31:00Z,SEDENTARY,Fitbit App
2026-05-12T11:32:00Z,SEDENTARY,Fitbit App
2026-05-12T11:33:00Z,SEDENTARY,Fitbit App
2026-05-12T11:34:00Z,SEDENTARY,Fitbit App
2026-05-12T11:35:00Z,SEDENTARY,Fitbit App
2026-05-12T11:36:00Z,SEDENTARY,Fitbit App
2026-05-12T11:37:00Z,SEDENTARY,Fitbit App
2026-05-12T11:38:00Z,SEDENTARY,Fitbit App
2026-05-12T11:39:00Z,SEDENTARY,Fitbit App
2026-05-12T11:40:00Z,SEDENTARY,Fitbit App
2026-05-12T11:41:00Z,SEDENTARY,Fitbit App
2026-05-12T11:42:00Z,SEDENTARY,Fitbit App
2026-05-12T11:43:00Z,SEDENTARY,Fitbit App
2026-05-12T11:44:00Z,SEDENTARY,Fitbit App
2026-05-12T11:45:00Z,SEDENTARY,Fitbit App
2026-05-12T11:46:00Z,SEDENTARY,Fitbit App
2026-05-12T11:47:00Z,SEDENTARY,Fitbit App
2026-05-12T11:48:00Z,LIGHTLY_ACTIVE,Fitbit App
2026-05-12T11:49:00Z,LIGHTLY_ACTIVE,Fitbit App
2026-05-12T11:50:00Z,LIGHTLY_ACTIVE,Fitbit App
2026-05-12T11:51:00Z,SEDENTARY,Fitbit App
2026-05-12T11:52:00Z,SEDENTARY,Fitbit App
2026-05-12T11:53:00Z,SEDENTARY,Fitbit App
2026-05-12T11:54:00Z,SEDENTARY,Fitbit App
2026-05-12T11:55:00Z,SEDENTARY,Fitbit App
2026-05-12T11:56:00Z,SEDENTARY,Fitbit App
2026-05-12T11:57:00Z,SEDENTARY,Fitbit App
2026-05-12T11:58:00Z,SEDENTARY,Fitbit App
2026-05-12T11:59:00Z,SEDENTARY,Fitbit App
2026-05-12T12:00:00Z,SEDENTARY,Fitbit App
2026-05-12T12:01:00Z,SEDENTARY,Fitbit App
2026-05-12T12:02:00Z,SEDENTARY,Fitbit App
2026-05-12T12:03:00Z,SEDENTARY,Fitbit App
2026-05-12T12:04:00Z,SEDENTARY,Fitbit App
2026-05-12T12:05:00Z,SEDENTARY,Fitbit App
2026-05-12T12:06:00Z,SEDENTARY,Fitbit App
2026-05-12T12:07:00Z,SEDENTARY,Fitbit App
2026-05-12T12:08:00Z,SEDENTARY,Fitbit App
2026-05-12T12:09:00Z,SEDENTARY,Fitbit App
2026-05-12T12:10:00Z,SEDENTARY,Fitbit App
2026-05-12T12:11:00Z,SEDENTARY,Fitbit App
2026-05-12T12:12:00Z,SEDENTARY,Fitbit App
2026-05-12T12:13:00Z,SEDENTARY,Fitbit App
2026-05-12T12:14:00Z,SEDENTARY,Fitbit App
2026-05-12T12:15:00Z,SEDENTARY,Fitbit App
2026-05-12T12:16:00Z,LIGHTLY_ACTIVE,Fitbit App
2026-05-12T12:17:00Z,MODERATELY_ACTIVE,Fitbit App
2026-05-12T12:18:00Z,MODERATELY_ACTIVE,Fitbit App
2026-05-12T12:19:00Z,LIGHTLY_ACTIVE,Fitbit App
2026-05-12T12:20:00Z,LIGHTLY_ACTIVE,Fitbit App
2026-05-12T12:21:00Z,VERY_ACTIVE,Fitbit App
2026-05-12T12:22:00Z,VERY_ACTIVE,Fitbit App
2026-05-12T12:23:00Z,MODERATELY_ACTIVE,Fitbit App
2026-05-12T12:24:00Z,MODERATELY_ACTIVE,Fitbit App
2026-05-12T12:25:00Z,MODERATELY_ACTIVE,Fitbit App
2026-05-12T12:26:00Z,VERY_ACTIVE,Fitbit App
2026-05-12T12:27:00Z,VERY_ACTIVE,Fitbit App
2026-05-12T12:28:00Z,VERY_ACTIVE,Fitbit App
2026-05-12T12:29:00Z,VERY_ACTIVE,Fitbit App
2026-05-12T12:30:00Z,VERY_ACTIVE,Fitbit App
2026-05-12T12:31:00Z,VERY_ACTIVE,Fitbit App
2026-05-12T12:32:00Z,VERY_ACTIVE,Fitbit App
2026-05-12T12:33:00Z,VERY_ACTIVE,Fitbit App
2026-05-12T12:34:00Z,VERY_ACTIVE,Fitbit App
2026-05-12T12:35:00Z,MODERATELY_ACTIVE,Fitbit App
2026-05-12T12:36:00Z,MODERATELY_ACTIVE,Fitbit App
2026-05-12T12:37:00Z,MODERATELY_ACTIVE,Fitbit App
2026-05-12T12:38:00Z,MODERATELY_ACTIVE,Fitbit App
2026-05-12T12:39:00Z,MODERATELY_ACTIVE,Fitbit App
2026-05-12T12:40:00Z,MODERATELY_ACTIVE,Fitbit App
2026-05-12T12:41:00Z,VERY_ACTIVE,Fitbit App
2026-05-12T12:42:00Z,MODERATELY_ACTIVE,Fitbit App
2026-05-12T12:43:00Z,MODERATELY_ACTIVE,Fitbit App
2026-05-12T12:44:00Z,LIGHTLY_ACTIVE,Fitbit App
2026-05-12T12:45:00Z,LIGHTLY_ACTIVE,Fitbit App
2026-05-12T12:46:00Z,LIGHTLY_ACTIVE,Fitbit App
2026-05-12T12:47:00Z,LIGHTLY_ACTIVE,Fitbit App
2026-05-12T12:48:00Z,LIGHTLY_ACTIVE,Fitbit App
2026-05-12T12:49:00Z,LIGHTLY_ACTIVE,Fitbit App
2026-05-12T12:50:00Z,MODERATELY_ACTIVE,Fitbit App
2026-05-12T12:51:00Z,MODERATELY_ACTIVE,Fitbit App
2026-05-12T12:52:00Z,MODERATELY_ACTIVE,Fitbit App
2026-05-12T12:53:00Z,MODERATELY_ACTIVE,Fitbit App
2026-05-12T12:54:00Z,MODERATELY_ACTIVE,Fitbit App
2026-05-12T12:55:00Z,LIGHTLY_ACTIVE,Fitbit App
2026-05-12T12:56:00Z,MODERATELY_ACTIVE,Fitbit App
2026-05-12T12:57:00Z,MODERATELY_ACTIVE,Fitbit App
2026-05-12T12:58:00Z,LIGHTLY_ACTIVE,Fitbit App
2026-05-12T12:59:00Z,SEDENTARY,Fitbit App
2026-05-12T13:00:00Z,SEDENTARY,Fitbit App
2026-05-12T13:01:00Z,SEDENTARY,Fitbit App
2026-05-12T13:02:00Z,SEDENTARY,Fitbit App
2026-05-12T13:03:00Z,SEDENTARY,Fitbit App
2026-05-12T13:04:00Z,SEDENTARY,Fitbit App
2026-05-12T13:05:00Z,SEDENTARY,Fitbit App
2026-05-12T13:06:00Z,SEDENTARY,Fitbit App
2026-05-12T13:07:00Z,SEDENTARY,Fitbit App
2026-05-12T13:08:00Z,SEDENTARY,Fitbit App
2026-05-12T13:09:00Z,SEDENTARY,Fitbit App
2026-05-12T13:11:00Z,SEDENTARY,Fitbit App
2026-05-12T13:12:00Z,LIGHTLY_ACTIVE,Fitbit App
2026-05-12T13:13:00Z,SEDENTARY,Fitbit App
2026-05-12T13:14:00Z,SEDENTARY,Fitbit App
2026-05-12T13:15:00Z,LIGHTLY_ACTIVE,Fitbit App
2026-05-12T13:16:00Z,SEDENTARY,Fitbit App
2026-05-12T13:17:00Z,SEDENTARY,Fitbit App
2026-05-12T13:18:00Z,SEDENTARY,Fitbit App
2026-05-12T13:19:00Z,SEDENTARY,Fitbit App
2026-05-12T13:20:00Z,SEDENTARY,Fitbit App
2026-05-12T13:21:00Z,SEDENTARY,Fitbit App
2026-05-12T13:22:00Z,SEDENTARY,Fitbit App
2026-05-12T13:23:00Z,SEDENTARY,Fitbit App
2026-05-12T13:24:00Z,SEDENTARY,Fitbit App
2026-05-12T13:25:00Z,SEDENTARY,Fitbit App
2026-05-12T13:26:00Z,SEDENTARY,Fitbit App
2026-05-12T13:27:00Z,SEDENTARY,Fitbit App
2026-05-12T13:28:00Z,SEDENTARY,Fitbit App
2026-05-12T13:29:00Z,SEDENTARY,Fitbit App
2026-05-12T13:30:00Z,SEDENTARY,Fitbit App
2026-05-12T13:31:00Z,SEDENTARY,Fitbit App
2026-05-12T13:32:00Z,SEDENTARY,Fitbit App
2026-05-12T13:33:00Z,SEDENTARY,Fitbit App
2026-05-12T13:34:00Z,SEDENTARY,Fitbit App
2026-05-12T13:35:00Z,SEDENTARY,Fitbit App
2026-05-12T13:36:00Z,SEDENTARY,Fitbit App
2026-05-12T13:37:00Z,SEDENTARY,Fitbit App
2026-05-12T13:38:00Z,SEDENTARY,Fitbit App
2026-05-12T13:39:00Z,SEDENTARY,Fitbit App
2026-05-12T13:40:00Z,SEDENTARY,Fitbit App
2026-05-12T13:41:00Z,LIGHTLY_ACTIVE,Fitbit App
2026-05-12T13:42:00Z,SEDENTARY,Fitbit App
2026-05-12T13:43:00Z,LIGHTLY_ACTIVE,Fitbit App
2026-05-12T13:44:00Z,LIGHTLY_ACTIVE,Fitbit App
2026-05-12T13:45:00Z,SEDENTARY,Fitbit App
2026-05-12T13:46:00Z,SEDENTARY,Fitbit App
2026-05-12T13:47:00Z,SEDENTARY,Fitbit App
2026-05-12T13:48:00Z,SEDENTARY,Fitbit App
2026-05-12T13:50:00Z,SEDENTARY,Fitbit App
2026-05-12T13:51:00Z,SEDENTARY,Fitbit App
2026-05-12T13:52:00Z,LIGHTLY_ACTIVE,Fitbit App
2026-05-12T13:53:00Z,LIGHTLY_ACTIVE,Fitbit App
2026-05-12T13:54:00Z,SEDENTARY,Fitbit App
2026-05-12T13:55:00Z,SEDENTARY,Fitbit App
2026-05-12T13:56:00Z,MODERATELY_ACTIVE,Fitbit App
2026-05-12T13:57:00Z,LIGHTLY_ACTIVE,Fitbit App
2026-05-12T13:58:00Z,LIGHTLY_ACTIVE,Fitbit App
2026-05-12T13:59:00Z,MODERATELY_ACTIVE,Fitbit App
2026-05-12T14:00:00Z,MODERATELY_ACTIVE,Fitbit App
2026-05-12T14:01:00Z,SEDENTARY,Fitbit App
2026-05-12T14:02:00Z,SEDENTARY,Fitbit App
2026-05-12T14:03:00Z,SEDENTARY,Fitbit App
2026-05-12T14:04:00Z,SEDENTARY,Fitbit App
2026-05-12T14:05:00Z,SEDENTARY,Fitbit App
2026-05-12T14:06:00Z,SEDENTARY,Fitbit App
2026-05-12T14:07:00Z,SEDENTARY,Fitbit App
2026-05-12T14:08:00Z,SEDENTARY,Fitbit App
2026-05-12T14:09:00Z,SEDENTARY,Fitbit App
2026-05-12T14:10:00Z,SEDENTARY,Fitbit App
2026-05-12T14:11:00Z,SEDENTARY,Fitbit App
2026-05-12T14:12:00Z,SEDENTARY,Fitbit App
2026-05-12T14:13:00Z,SEDENTARY,Fitbit App
2026-05-12T14:17:00Z,SEDENTARY,Fitbit App
2026-05-12T14:19:00Z,SEDENTARY,Fitbit App
2026-05-12T14:20:00Z,SEDENTARY,Fitbit App
2026-05-12T14:21:00Z,SEDENTARY,Fitbit App
2026-05-12T14:22:00Z,SEDENTARY,Fitbit App
2026-05-12T14:23:00Z,SEDENTARY,Fitbit App
2026-05-12T14:24:00Z,SEDENTARY,Fitbit App
2026-05-12T14:25:00Z,SEDENTARY,Fitbit App
2026-05-12T14:26:00Z,SEDENTARY,Fitbit App
2026-05-12T14:27:00Z,SEDENTARY,Fitbit App
2026-05-12T14:29:00Z,SEDENTARY,Fitbit App
2026-05-12T14:30:00Z,SEDENTARY,Fitbit App
2026-05-12T14:31:00Z,SEDENTARY,Fitbit App
2026-05-12T14:32:00Z,SEDENTARY,Fitbit App
2026-05-12T14:33:00Z,SEDENTARY,Fitbit App
2026-05-12T14:34:00Z,SEDENTARY,Fitbit App
2026-05-12T14:35:00Z,SEDENTARY,Fitbit App
2026-05-12T14:36:00Z,SEDENTARY,Fitbit App
2026-05-12T14:37:00Z,SEDENTARY,Fitbit App
2026-05-12T14:38:00Z,SEDENTARY,Fitbit App
2026-05-12T14:39:00Z,SEDENTARY,Fitbit App
2026-05-12T14:40:00Z,SEDENTARY,Fitbit App
2026-05-12T14:41:00Z,SEDENTARY,Fitbit App
2026-05-12T14:42:00Z,SEDENTARY,Fitbit App
2026-05-12T14:43:00Z,SEDENTARY,Fitbit App
2026-05-12T14:44:00Z,SEDENTARY,Fitbit App
2026-05-12T14:45:00Z,SEDENTARY,Fitbit App
2026-05-12T14:46:00Z,SEDENTARY,Fitbit App
2026-05-12T14:47:00Z,SEDENTARY,Fitbit App
2026-05-12T14:48:00Z,SEDENTARY,Fitbit App
2026-05-12T14:49:00Z,SEDENTARY,Fitbit App
2026-05-12T14:50:00Z,SEDENTARY,Fitbit App
2026-05-12T14:51:00Z,SEDENTARY,Fitbit App
2026-05-12T14:52:00Z,SEDENTARY,Fitbit App
2026-05-12T14:53:00Z,SEDENTARY,Fitbit App
2026-05-12T14:54:00Z,SEDENTARY,Fitbit App
2026-05-12T14:55:00Z,SEDENTARY,Fitbit App
2026-05-12T14:56:00Z,SEDENTARY,Fitbit App
2026-05-12T14:57:00Z,SEDENTARY,Fitbit App
2026-05-12T14:58:00Z,SEDENTARY,Fitbit App
2026-05-12T14:59:00Z,SEDENTARY,Fitbit App
2026-05-12T15:00:00Z,SEDENTARY,Fitbit App
2026-05-12T15:01:00Z,SEDENTARY,Fitbit App
2026-05-12T15:02:00Z,SEDENTARY,Fitbit App
2026-05-12T15:03:00Z,SEDENTARY,Fitbit App
2026-05-12T15:04:00Z,SEDENTARY,Fitbit App
2026-05-12T15:05:00Z,SEDENTARY,Fitbit App
2026-05-12T15:06:00Z,LIGHTLY_ACTIVE,Fitbit App
2026-05-12T15:07:00Z,SEDENTARY,Fitbit App
2026-05-12T15:08:00Z,LIGHTLY_ACTIVE,Fitbit App
2026-05-12T15:09:00Z,SEDENTARY,Fitbit App
2026-05-12T15:10:00Z,SEDENTARY,Fitbit App
2026-05-12T15:11:00Z,SEDENTARY,Fitbit App
2026-05-12T15:12:00Z,SEDENTARY,Fitbit App
2026-05-12T15:13:00Z,MODERATELY_ACTIVE,Fitbit App
2026-05-12T15:14:00Z,VERY_ACTIVE,Fitbit App
2026-05-12T15:15:00Z,VERY_ACTIVE,Fitbit App
2026-05-12T15:16:00Z,VERY_ACTIVE,Fitbit App
2026-05-12T15:17:00Z,VERY_ACTIVE,Fitbit App
2026-05-12T15:18:00Z,MODERATELY_ACTIVE,Fitbit App
2026-05-12T15:19:00Z,MODERATELY_ACTIVE,Fitbit App
2026-05-12T15:20:00Z,MODERATELY_ACTIVE,Fitbit App
2026-05-12T15:21:00Z,LIGHTLY_ACTIVE,Fitbit App
2026-05-12T15:22:00Z,MODERATELY_ACTIVE,Fitbit App
2026-05-12T15:23:00Z,VERY_ACTIVE,Fitbit App
2026-05-12T15:24:00Z,LIGHTLY_ACTIVE,Fitbit App
2026-05-12T15:25:00Z,SEDENTARY,Fitbit App
2026-05-12T15:26:00Z,LIGHTLY_ACTIVE,Fitbit App
2026-05-12T15:27:00Z,LIGHTLY_ACTIVE,Fitbit App
2026-05-12T15:28:00Z,MODERATELY_ACTIVE,Fitbit App
2026-05-12T15:29:00Z,SEDENTARY,Fitbit App
2026-05-12T15:30:00Z,SEDENTARY,Fitbit App
2026-05-12T15:31:00Z,LIGHTLY_ACTIVE,Fitbit App
2026-05-12T15:32:00Z,SEDENTARY,Fitbit App
2026-05-12T15:33:00Z,SEDENTARY,Fitbit App
2026-05-12T15:34:00Z,SEDENTARY,Fitbit App
2026-05-12T15:35:00Z,SEDENTARY,Fitbit App
2026-05-12T15:36:00Z,SEDENTARY,Fitbit App
2026-05-12T15:37:00Z,SEDENTARY,Fitbit App
2026-05-12T15:38:00Z,SEDENTARY,Fitbit App
2026-05-12T15:39:00Z,SEDENTARY,Fitbit App
2026-05-12T15:40:00Z,SEDENTARY,Fitbit App
2026-05-12T15:42:00Z,SEDENTARY,Fitbit App
2026-05-12T15:43:00Z,SEDENTARY,Fitbit App
2026-05-12T15:44:00Z,SEDENTARY,Fitbit App
2026-05-12T15:45:00Z,SEDENTARY,Fitbit App
2026-05-12T15:46:00Z,SEDENTARY,Fitbit App
2026-05-12T15:47:00Z,SEDENTARY,Fitbit App
2026-05-12T15:48:00Z,SEDENTARY,Fitbit App
2026-05-12T15:49:00Z,SEDENTARY,Fitbit App
2026-05-12T15:50:00Z,SEDENTARY,Fitbit App
2026-05-12T15:51:00Z,SEDENTARY,Fitbit App
2026-05-12T15:52:00Z,SEDENTARY,Fitbit App
2026-05-12T15:53:00Z,SEDENTARY,Fitbit App
2026-05-12T15:56:00Z,SEDENTARY,Fitbit App
2026-05-12T15:57:00Z,SEDENTARY,Fitbit App
2026-05-12T15:59:00Z,SEDENTARY,Fitbit App
2026-05-12T16:00:00Z,SEDENTARY,Fitbit App
2026-05-12T16:03:00Z,SEDENTARY,Fitbit App
2026-05-12T16:07:00Z,SEDENTARY,Fitbit App
2026-05-12T16:12:00Z,SEDENTARY,Fitbit App
2026-05-12T16:13:00Z,SEDENTARY,Fitbit App
2026-05-12T16:14:00Z,SEDENTARY,Fitbit App
2026-05-12T16:16:00Z,SEDENTARY,Fitbit App
2026-05-12T16:17:00Z,SEDENTARY,Fitbit App
2026-05-12T16:18:00Z,SEDENTARY,Fitbit App
2026-05-12T16:20:00Z,SEDENTARY,Fitbit App
2026-05-12T16:21:00Z,SEDENTARY,Fitbit App
2026-05-12T16:22:00Z,SEDENTARY,Fitbit App
2026-05-12T16:25:00Z,SEDENTARY,Fitbit App
2026-05-12T16:26:00Z,SEDENTARY,Fitbit App
2026-05-12T16:27:00Z,SEDENTARY,Fitbit App
2026-05-12T16:31:00Z,SEDENTARY,Fitbit App
2026-05-12T16:32:00Z,SEDENTARY,Fitbit App
2026-05-12T16:33:00Z,SEDENTARY,Fitbit App
2026-05-12T16:34:00Z,SEDENTARY,Fitbit App
2026-05-12T16:37:00Z,SEDENTARY,Fitbit App
2026-05-12T16:38:00Z,SEDENTARY,Fitbit App
2026-05-12T16:39:00Z,SEDENTARY,Fitbit App
2026-05-12T16:40:00Z,SEDENTARY,Fitbit App
2026-05-12T16:41:00Z,SEDENTARY,Fitbit App
2026-05-12T16:42:00Z,SEDENTARY,Fitbit App
2026-05-12T16:43:00Z,SEDENTARY,Fitbit App
2026-05-12T16:47:00Z,SEDENTARY,Fitbit App
2026-05-12T16:48:00Z,SEDENTARY,Fitbit App
2026-05-12T16:49:00Z,SEDENTARY,Fitbit App
2026-05-12T16:50:00Z,SEDENTARY,Fitbit App
2026-05-12T16:51:00Z,SEDENTARY,Fitbit App
2026-05-12T16:52:00Z,SEDENTARY,Fitbit App
2026-05-12T16:54:00Z,SEDENTARY,Fitbit App
2026-05-12T16:55:00Z,SEDENTARY,Fitbit App
2026-05-12T16:58:00Z,SEDENTARY,Fitbit App
2026-05-12T16:59:00Z,SEDENTARY,Fitbit App
2026-05-12T17:00:00Z,SEDENTARY,Fitbit App
2026-05-12T17:05:00Z,LIGHTLY_ACTIVE,Fitbit App
2026-05-12T17:06:00Z,LIGHTLY_ACTIVE,Fitbit App
2026-05-12T17:07:00Z,LIGHTLY_ACTIVE,Fitbit App
2026-05-12T17:08:00Z,LIGHTLY_ACTIVE,Fitbit App
2026-05-12T17:09:00Z,LIGHTLY_ACTIVE,Fitbit App
2026-05-12T17:10:00Z,LIGHTLY_ACTIVE,Fitbit App
2026-05-12T17:11:00Z,SEDENTARY,Fitbit App
2026-05-12T17:12:00Z,LIGHTLY_ACTIVE,Fitbit App
2026-05-12T17:13:00Z,SEDENTARY,Fitbit App
2026-05-12T17:14:00Z,SEDENTARY,Fitbit App
2026-05-12T17:15:00Z,LIGHTLY_ACTIVE,Fitbit App
2026-05-12T17:16:00Z,MODERATELY_ACTIVE,Fitbit App
2026-05-12T17:17:00Z,MODERATELY_ACTIVE,Fitbit App
2026-05-12T17:18:00Z,LIGHTLY_ACTIVE,Fitbit App
2026-05-12T17:19:00Z,LIGHTLY_ACTIVE,Fitbit App
2026-05-12T17:20:00Z,LIGHTLY_ACTIVE,Fitbit App
2026-05-12T17:21:00Z,LIGHTLY_ACTIVE,Fitbit App
2026-05-12T17:22:00Z,LIGHTLY_ACTIVE,Fitbit App
2026-05-12T17:23:00Z,MODERATELY_ACTIVE,Fitbit App
2026-05-12T17:24:00Z,MODERATELY_ACTIVE,Fitbit App
2026-05-12T17:25:00Z,MODERATELY_ACTIVE,Fitbit App
2026-05-12T17:26:00Z,LIGHTLY_ACTIVE,Fitbit App
2026-05-12T17:27:00Z,LIGHTLY_ACTIVE,Fitbit App
2026-05-12T17:28:00Z,SEDENTARY,Fitbit App
2026-05-12T17:29:00Z,SEDENTARY,Fitbit App
2026-05-12T17:30:00Z,SEDENTARY,Fitbit App
2026-05-12T17:31:00Z,SEDENTARY,Fitbit App
2026-05-12T17:32:00Z,SEDENTARY,Fitbit App
2026-05-12T17:33:00Z,SEDENTARY,Fitbit App
2026-05-12T17:34:00Z,SEDENTARY,Fitbit App
2026-05-12T17:35:00Z,SEDENTARY,Fitbit App
2026-05-12T17:36:00Z,LIGHTLY_ACTIVE,Fitbit App
2026-05-12T17:37:00Z,SEDENTARY,Fitbit App
2026-05-12T17:38:00Z,SEDENTARY,Fitbit App
2026-05-12T17:39:00Z,LIGHTLY_ACTIVE,Fitbit App
2026-05-12T17:40:00Z,LIGHTLY_ACTIVE,Fitbit App
2026-05-12T17:41:00Z,LIGHTLY_ACTIVE,Fitbit App
2026-05-12T17:42:00Z,LIGHTLY_ACTIVE,Fitbit App
2026-05-12T17:43:00Z,LIGHTLY_ACTIVE,Fitbit App
2026-05-12T17:44:00Z,LIGHTLY_ACTIVE,Fitbit App
2026-05-12T17:45:00Z,LIGHTLY_ACTIVE,Fitbit App
2026-05-12T17:46:00Z,LIGHTLY_ACTIVE,Fitbit App
2026-05-12T17:47:00Z,LIGHTLY_ACTIVE,Fitbit App
2026-05-12T17:48:00Z,MODERATELY_ACTIVE,Fitbit App
2026-05-12T17:49:00Z,LIGHTLY_ACTIVE,Fitbit App
2026-05-12T17:50:00Z,LIGHTLY_ACTIVE,Fitbit App
2026-05-12T17:51:00Z,LIGHTLY_ACTIVE,Fitbit App
2026-05-12T17:52:00Z,LIGHTLY_ACTIVE,Fitbit App
2026-05-12T17:53:00Z,LIGHTLY_ACTIVE,Fitbit App
2026-05-12T17:54:00Z,LIGHTLY_ACTIVE,Fitbit App
2026-05-12T17:55:00Z,LIGHTLY_ACTIVE,Fitbit App
2026-05-12T17:56:00Z,LIGHTLY_ACTIVE,Fitbit App
2026-05-12T17:57:00Z,LIGHTLY_ACTIVE,Fitbit App
2026-05-12T17:58:00Z,LIGHTLY_ACTIVE,Fitbit App
2026-05-12T17:59:00Z,MODERATELY_ACTIVE,Fitbit App
2026-05-12T18:00:00Z,MODERATELY_ACTIVE,Fitbit App
2026-05-12T18:01:00Z,MODERATELY_ACTIVE,Fitbit App
2026-05-12T18:02:00Z,MODERATELY_ACTIVE,Fitbit App
2026-05-12T18:03:00Z,LIGHTLY_ACTIVE,Fitbit App
2026-05-12T18:04:00Z,MODERATELY_ACTIVE,Fitbit App
2026-05-12T18:05:00Z,MODERATELY_ACTIVE,Fitbit App
2026-05-12T18:06:00Z,MODERATELY_ACTIVE,Fitbit App
2026-05-12T18:07:00Z,MODERATELY_ACTIVE,Fitbit App
2026-05-12T18:08:00Z,MODERATELY_ACTIVE,Fitbit App
2026-05-12T18:09:00Z,MODERATELY_ACTIVE,Fitbit App
2026-05-12T18:10:00Z,MODERATELY_ACTIVE,Fitbit App
2026-05-12T18:11:00Z,LIGHTLY_ACTIVE,Fitbit App
2026-05-12T18:12:00Z,LIGHTLY_ACTIVE,Fitbit App
2026-05-12T18:13:00Z,MODERATELY_ACTIVE,Fitbit App
2026-05-12T18:14:00Z,MODERATELY_ACTIVE,Fitbit App
2026-05-12T18:15:00Z,MODERATELY_ACTIVE,Fitbit App
2026-05-12T18:16:00Z,LIGHTLY_ACTIVE,Fitbit App
2026-05-12T18:17:00Z,SEDENTARY,Fitbit App
2026-05-12T18:18:00Z,SEDENTARY,Fitbit App
2026-05-12T18:19:00Z,SEDENTARY,Fitbit App
2026-05-12T18:20:00Z,SEDENTARY,Fitbit App
2026-05-12T18:21:00Z,SEDENTARY,Fitbit App
2026-05-12T18:22:00Z,SEDENTARY,Fitbit App
2026-05-12T18:23:00Z,SEDENTARY,Fitbit App
2026-05-12T18:24:00Z,SEDENTARY,Fitbit App
2026-05-12T18:25:00Z,SEDENTARY,Fitbit App
2026-05-12T18:26:00Z,SEDENTARY,Fitbit App
2026-05-12T18:27:00Z,SEDENTARY,Fitbit App
2026-05-12T18:28:00Z,SEDENTARY,Fitbit App
2026-05-12T18:29:00Z,SEDENTARY,Fitbit App
2026-05-12T18:30:00Z,SEDENTARY,Fitbit App
2026-05-12T18:31:00Z,SEDENTARY,Fitbit App
2026-05-12T18:32:00Z,SEDENTARY,Fitbit App
2026-05-12T18:33:00Z,SEDENTARY,Fitbit App
2026-05-12T18:34:00Z,SEDENTARY,Fitbit App
2026-05-12T18:35:00Z,SEDENTARY,Fitbit App
2026-05-12T18:36:00Z,SEDENTARY,Fitbit App
2026-05-12T18:37:00Z,SEDENTARY,Fitbit App
2026-05-12T18:38:00Z,SEDENTARY,Fitbit App
2026-05-12T18:39:00Z,SEDENTARY,Fitbit App
2026-05-12T18:40:00Z,SEDENTARY,Fitbit App
2026-05-12T18:41:00Z,SEDENTARY,Fitbit App
2026-05-12T18:42:00Z,SEDENTARY,Fitbit App
2026-05-12T18:43:00Z,SEDENTARY,Fitbit App
2026-05-12T18:44:00Z,SEDENTARY,Fitbit App
2026-05-12T18:45:00Z,SEDENTARY,Fitbit App
2026-05-12T18:46:00Z,SEDENTARY,Fitbit App
2026-05-12T18:47:00Z,SEDENTARY,Fitbit App
2026-05-12T18:48:00Z,SEDENTARY,Fitbit App
2026-05-12T18:49:00Z,SEDENTARY,Fitbit App
2026-05-12T18:50:00Z,SEDENTARY,Fitbit App
2026-05-12T18:51:00Z,SEDENTARY,Fitbit App
2026-05-12T18:52:00Z,SEDENTARY,Fitbit App
2026-05-12T18:53:00Z,SEDENTARY,Fitbit App
2026-05-12T18:54:00Z,SEDENTARY,Fitbit App
2026-05-12T18:55:00Z,SEDENTARY,Fitbit App
2026-05-12T18:56:00Z,SEDENTARY,Fitbit App
2026-05-12T18:57:00Z,SEDENTARY,Fitbit App
2026-05-12T18:58:00Z,SEDENTARY,Fitbit App
2026-05-12T18:59:00Z,SEDENTARY,Fitbit App
2026-05-12T19:00:00Z,SEDENTARY,Fitbit App
2026-05-12T19:01:00Z,SEDENTARY,Fitbit App
2026-05-12T19:02:00Z,SEDENTARY,Fitbit App
2026-05-12T19:03:00Z,SEDENTARY,Fitbit App
2026-05-12T19:04:00Z,SEDENTARY,Fitbit App
2026-05-12T19:05:00Z,SEDENTARY,Fitbit App
2026-05-12T19:06:00Z,SEDENTARY,Fitbit App
2026-05-12T19:07:00Z,SEDENTARY,Fitbit App
2026-05-12T19:08:00Z,SEDENTARY,Fitbit App
2026-05-12T19:09:00Z,SEDENTARY,Fitbit App
2026-05-12T19:10:00Z,SEDENTARY,Fitbit App
2026-05-12T19:11:00Z,SEDENTARY,Fitbit App
2026-05-12T19:12:00Z,SEDENTARY,Fitbit App
2026-05-12T19:13:00Z,SEDENTARY,Fitbit App
2026-05-12T19:14:00Z,SEDENTARY,Fitbit App
2026-05-12T19:15:00Z,SEDENTARY,Fitbit App
2026-05-12T19:16:00Z,SEDENTARY,Fitbit App
2026-05-12T19:17:00Z,SEDENTARY,Fitbit App
2026-05-12T19:18:00Z,SEDENTARY,Fitbit App
2026-05-12T19:19:00Z,SEDENTARY,Fitbit App
2026-05-12T19:20:00Z,SEDENTARY,Fitbit App
2026-05-12T19:21:00Z,SEDENTARY,Fitbit App
2026-05-12T19:22:00Z,SEDENTARY,Fitbit App
2026-05-12T19:23:00Z,SEDENTARY,Fitbit App
2026-05-12T19:24:00Z,SEDENTARY,Fitbit App
2026-05-12T19:25:00Z,SEDENTARY,Fitbit App
2026-05-12T19:26:00Z,SEDENTARY,Fitbit App
2026-05-12T19:27:00Z,LIGHTLY_ACTIVE,Fitbit App
2026-05-12T19:28:00Z,SEDENTARY,Fitbit App
2026-05-12T19:29:00Z,SEDENTARY,Fitbit App
2026-05-12T19:30:00Z,SEDENTARY,Fitbit App
2026-05-12T19:31:00Z,SEDENTARY,Fitbit App
2026-05-12T19:32:00Z,SEDENTARY,Fitbit App
2026-05-12T19:33:00Z,SEDENTARY,Fitbit App
2026-05-12T19:34:00Z,SEDENTARY,Fitbit App
2026-05-12T19:35:00Z,SEDENTARY,Fitbit App
2026-05-12T19:36:00Z,SEDENTARY,Fitbit App
2026-05-12T19:37:00Z,SEDENTARY,Fitbit App
2026-05-12T19:38:00Z,SEDENTARY,Fitbit App
2026-05-12T19:39:00Z,SEDENTARY,Fitbit App
2026-05-12T19:40:00Z,SEDENTARY,Fitbit App
2026-05-12T19:41:00Z,SEDENTARY,Fitbit App
2026-05-12T19:42:00Z,SEDENTARY,Fitbit App
2026-05-12T19:43:00Z,SEDENTARY,Fitbit App
2026-05-12T19:44:00Z,SEDENTARY,Fitbit App
2026-05-12T19:45:00Z,SEDENTARY,Fitbit App
2026-05-12T19:46:00Z,SEDENTARY,Fitbit App
2026-05-12T19:47:00Z,LIGHTLY_ACTIVE,Fitbit App
2026-05-12T19:48:00Z,LIGHTLY_ACTIVE,Fitbit App
2026-05-12T19:49:00Z,SEDENTARY,Fitbit App
2026-05-12T19:50:00Z,SEDENTARY,Fitbit App
2026-05-12T19:51:00Z,SEDENTARY,Fitbit App
2026-05-12T19:52:00Z,SEDENTARY,Fitbit App
2026-05-12T19:53:00Z,SEDENTARY,Fitbit App
2026-05-12T19:54:00Z,SEDENTARY,Fitbit App
2026-05-12T19:55:00Z,LIGHTLY_ACTIVE,Fitbit App
2026-05-12T19:56:00Z,SEDENTARY,Fitbit App
2026-05-12T19:57:00Z,SEDENTARY,Fitbit App
2026-05-12T19:58:00Z,SEDENTARY,Fitbit App
2026-05-12T19:59:00Z,SEDENTARY,Fitbit App
2026-05-12T20:00:00Z,LIGHTLY_ACTIVE,Fitbit App
2026-05-12T20:01:00Z,SEDENTARY,Fitbit App
2026-05-12T20:02:00Z,SEDENTARY,Fitbit App
2026-05-12T20:03:00Z,SEDENTARY,Fitbit App
2026-05-12T20:04:00Z,SEDENTARY,Fitbit App
2026-05-12T20:05:00Z,SEDENTARY,Fitbit App
2026-05-12T20:06:00Z,SEDENTARY,Fitbit App
2026-05-12T20:07:00Z,SEDENTARY,Fitbit App
2026-05-12T20:08:00Z,SEDENTARY,Fitbit App
2026-05-12T20:09:00Z,SEDENTARY,Fitbit App
2026-05-12T20:10:00Z,SEDENTARY,Fitbit App
2026-05-12T20:11:00Z,SEDENTARY,Fitbit App
2026-05-12T20:12:00Z,SEDENTARY,Fitbit App
2026-05-12T20:13:00Z,SEDENTARY,Fitbit App
2026-05-12T20:17:00Z,SEDENTARY,Fitbit App
2026-05-12T20:18:00Z,SEDENTARY,Fitbit App
2026-05-12T20:19:00Z,SEDENTARY,Fitbit App
2026-05-12T20:20:00Z,SEDENTARY,Fitbit App
2026-05-12T20:21:00Z,SEDENTARY,Fitbit App
2026-05-12T20:22:00Z,SEDENTARY,Fitbit App
2026-05-12T20:23:00Z,SEDENTARY,Fitbit App
2026-05-12T20:24:00Z,SEDENTARY,Fitbit App
2026-05-12T20:25:00Z,SEDENTARY,Fitbit App
2026-05-12T20:26:00Z,SEDENTARY,Fitbit App
2026-05-12T20:27:00Z,SEDENTARY,Fitbit App
2026-05-12T20:29:00Z,SEDENTARY,Fitbit App
2026-05-12T20:30:00Z,SEDENTARY,Fitbit App
2026-05-12T20:31:00Z,SEDENTARY,Fitbit App
2026-05-12T20:32:00Z,SEDENTARY,Fitbit App
2026-05-12T20:33:00Z,SEDENTARY,Fitbit App
2026-05-12T20:34:00Z,SEDENTARY,Fitbit App
2026-05-12T20:35:00Z,SEDENTARY,Fitbit App
2026-05-12T20:36:00Z,SEDENTARY,Fitbit App
2026-05-12T20:37:00Z,SEDENTARY,Fitbit App
2026-05-12T20:38:00Z,SEDENTARY,Fitbit App
2026-05-12T20:39:00Z,SEDENTARY,Fitbit App
2026-05-12T20:40:00Z,SEDENTARY,Fitbit App
2026-05-12T20:41:00Z,SEDENTARY,Fitbit App
2026-05-12T20:42:00Z,SEDENTARY,Fitbit App
2026-05-12T20:43:00Z,SEDENTARY,Fitbit App
2026-05-12T20:44:00Z,SEDENTARY,Fitbit App
2026-05-12T20:45:00Z,SEDENTARY,Fitbit App
2026-05-12T20:46:00Z,SEDENTARY,Fitbit App
2026-05-12T20:47:00Z,SEDENTARY,Fitbit App
2026-05-12T20:48:00Z,SEDENTARY,Fitbit App
2026-05-12T20:49:00Z,SEDENTARY,Fitbit App
2026-05-12T20:50:00Z,SEDENTARY,Fitbit App
2026-05-12T20:51:00Z,LIGHTLY_ACTIVE,Fitbit App
2026-05-12T20:52:00Z,SEDENTARY,Fitbit App
2026-05-12T20:53:00Z,SEDENTARY,Fitbit App
2026-05-12T20:54:00Z,SEDENTARY,Fitbit App
2026-05-12T20:55:00Z,SEDENTARY,Fitbit App
2026-05-12T20:56:00Z,SEDENTARY,Fitbit App
2026-05-12T20:57:00Z,SEDENTARY,Fitbit App
2026-05-12T20:58:00Z,LIGHTLY_ACTIVE,Fitbit App
2026-05-12T20:59:00Z,SEDENTARY,Fitbit App
2026-05-12T21:00:00Z,LIGHTLY_ACTIVE,Fitbit App
2026-05-12T21:01:00Z,SEDENTARY,Fitbit App
2026-05-12T21:02:00Z,SEDENTARY,Fitbit App
2026-05-12T21:03:00Z,SEDENTARY,Fitbit App
2026-05-12T21:04:00Z,SEDENTARY,Fitbit App
2026-05-12T21:05:00Z,LIGHTLY_ACTIVE,Fitbit App
2026-05-12T21:06:00Z,SEDENTARY,Fitbit App
2026-05-12T21:07:00Z,SEDENTARY,Fitbit App
2026-05-12T21:08:00Z,LIGHTLY_ACTIVE,Fitbit App
2026-05-12T21:09:00Z,SEDENTARY,Fitbit App
2026-05-12T21:10:00Z,SEDENTARY,Fitbit App
2026-05-12T21:11:00Z,LIGHTLY_ACTIVE,Fitbit App
2026-05-12T21:12:00Z,LIGHTLY_ACTIVE,Fitbit App
2026-05-12T21:13:00Z,SEDENTARY,Fitbit App
2026-05-12T21:14:00Z,SEDENTARY,Fitbit App
2026-05-12T21:15:00Z,SEDENTARY,Fitbit App
2026-05-12T21:16:00Z,SEDENTARY,Fitbit App
2026-05-12T21:17:00Z,LIGHTLY_ACTIVE,Fitbit App
2026-05-12T21:18:00Z,SEDENTARY,Fitbit App
2026-05-12T21:19:00Z,SEDENTARY,Fitbit App
2026-05-12T21:20:00Z,SEDENTARY,Fitbit App
2026-05-12T21:21:00Z,SEDENTARY,Fitbit App
2026-05-12T21:22:00Z,SEDENTARY,Fitbit App
2026-05-12T21:23:00Z,LIGHTLY_ACTIVE,Fitbit App
2026-05-12T21:24:00Z,SEDENTARY,Fitbit App
2026-05-12T21:25:00Z,SEDENTARY,Fitbit App
2026-05-12T21:26:00Z,SEDENTARY,Fitbit App
2026-05-12T21:27:00Z,SEDENTARY,Fitbit App
2026-05-12T21:28:00Z,SEDENTARY,Fitbit App
2026-05-12T21:29:00Z,SEDENTARY,Fitbit App
2026-05-12T21:30:00Z,SEDENTARY,Fitbit App
2026-05-12T21:31:00Z,SEDENTARY,Fitbit App
2026-05-12T21:32:00Z,SEDENTARY,Fitbit App
2026-05-12T21:33:00Z,SEDENTARY,Fitbit App
2026-05-12T21:34:00Z,LIGHTLY_ACTIVE,Fitbit App
2026-05-12T21:35:00Z,SEDENTARY,Fitbit App
2026-05-12T21:36:00Z,LIGHTLY_ACTIVE,Fitbit App
2026-05-12T21:37:00Z,SEDENTARY,Fitbit App
2026-05-12T21:38:00Z,SEDENTARY,Fitbit App
2026-05-12T21:39:00Z,LIGHTLY_ACTIVE,Fitbit App
2026-05-12T21:40:00Z,SEDENTARY,Fitbit App
2026-05-12T21:41:00Z,SEDENTARY,Fitbit App
2026-05-12T21:42:00Z,SEDENTARY,Fitbit App
2026-05-12T21:43:00Z,SEDENTARY,Fitbit App
2026-05-12T21:44:00Z,SEDENTARY,Fitbit App
2026-05-12T21:45:00Z,SEDENTARY,Fitbit App
2026-05-12T21:46:00Z,SEDENTARY,Fitbit App
2026-05-12T21:47:00Z,SEDENTARY,Fitbit App
2026-05-12T21:48:00Z,SEDENTARY,Fitbit App
2026-05-12T21:49:00Z,SEDENTARY,Fitbit App
2026-05-12T21:50:00Z,SEDENTARY,Fitbit App
2026-05-12T21:51:00Z,SEDENTARY,Fitbit App
2026-05-12T21:52:00Z,SEDENTARY,Fitbit App
2026-05-12T21:53:00Z,SEDENTARY,Fitbit App
2026-05-12T21:54:00Z,SEDENTARY,Fitbit App
2026-05-12T21:55:00Z,SEDENTARY,Fitbit App
2026-05-12T21:56:00Z,SEDENTARY,Fitbit App
2026-05-12T21:57:00Z,LIGHTLY_ACTIVE,Fitbit App
2026-05-12T21:58:00Z,SEDENTARY,Fitbit App
2026-05-12T21:59:00Z,SEDENTARY,Fitbit App
2026-05-12T22:00:00Z,SEDENTARY,Fitbit App
2026-05-12T22:01:00Z,SEDENTARY,Fitbit App
2026-05-12T22:02:00Z,SEDENTARY,Fitbit App
2026-05-12T22:03:00Z,LIGHTLY_ACTIVE,Fitbit App
2026-05-12T22:04:00Z,SEDENTARY,Fitbit App
2026-05-12T22:05:00Z,SEDENTARY,Fitbit App
2026-05-12T22:06:00Z,SEDENTARY,Fitbit App
2026-05-12T22:07:00Z,LIGHTLY_ACTIVE,Fitbit App
2026-05-12T22:08:00Z,LIGHTLY_ACTIVE,Fitbit App
2026-05-12T22:09:00Z,LIGHTLY_ACTIVE,Fitbit App
2026-05-12T22:10:00Z,LIGHTLY_ACTIVE,Fitbit App
2026-05-12T22:11:00Z,LIGHTLY_ACTIVE,Fitbit App
2026-05-12T22:12:00Z,SEDENTARY,Fitbit App
2026-05-12T22:13:00Z,SEDENTARY,Fitbit App
2026-05-12T22:14:00Z,SEDENTARY,Fitbit App
2026-05-12T22:15:00Z,SEDENTARY,Fitbit App
2026-05-12T22:16:00Z,SEDENTARY,Fitbit App
2026-05-12T22:17:00Z,SEDENTARY,Fitbit App
2026-05-12T22:18:00Z,SEDENTARY,Fitbit App
2026-05-12T22:19:00Z,SEDENTARY,Fitbit App
2026-05-12T22:20:00Z,LIGHTLY_ACTIVE,Fitbit App
2026-05-12T22:21:00Z,SEDENTARY,Fitbit App
2026-05-12T22:22:00Z,LIGHTLY_ACTIVE,Fitbit App
2026-05-12T22:23:00Z,LIGHTLY_ACTIVE,Fitbit App
2026-05-12T22:24:00Z,MODERATELY_ACTIVE,Fitbit App
2026-05-12T22:25:00Z,MODERATELY_ACTIVE,Fitbit App
2026-05-12T22:26:00Z,LIGHTLY_ACTIVE,Fitbit App
2026-05-12T22:27:00Z,LIGHTLY_ACTIVE,Fitbit App
2026-05-12T22:33:00Z,SEDENTARY,Fitbit App
2026-05-12T22:50:00Z,SEDENTARY,Fitbit App
2026-05-12T22:51:00Z,SEDENTARY,Fitbit App
2026-05-12T22:52:00Z,SEDENTARY,Fitbit App
2026-05-12T22:58:00Z,SEDENTARY,Fitbit App
2026-05-12T23:08:00Z,SEDENTARY,Fitbit App
2026-05-12T23:11:00Z,SEDENTARY,Fitbit App
2026-05-12T23:12:00Z,SEDENTARY,Fitbit App
2026-05-12T23:14:00Z,SEDENTARY,Fitbit App
2026-05-12T23:15:00Z,SEDENTARY,Fitbit App
2026-05-12T23:19:00Z,SEDENTARY,Fitbit App
2026-05-12T23:49:00Z,SEDENTARY,Fitbit App
2026-05-13T00:59:00Z,SEDENTARY,Fitbit App
2026-05-13T01:42:00Z,SEDENTARY,Fitbit App
2026-05-13T01:43:00Z,SEDENTARY,Fitbit App
2026-05-13T02:06:00Z,SEDENTARY,Fitbit App
2026-05-13T02:28:00Z,SEDENTARY,Fitbit App
2026-05-13T02:50:00Z,SEDENTARY,Fitbit App
2026-05-13T02:51:00Z,SEDENTARY,Fitbit App
2026-05-13T03:09:00Z,SEDENTARY,Fitbit App
2026-05-13T03:20:00Z,SEDENTARY,Fitbit App
2026-05-13T03:21:00Z,SEDENTARY,Fitbit App
2026-05-13T04:58:00Z,SEDENTARY,Fitbit App
2026-05-13T05:15:00Z,SEDENTARY,Fitbit App
2026-05-13T05:46:00Z,SEDENTARY,Fitbit App
2026-05-13T05:49:00Z,SEDENTARY,Fitbit App
2026-05-13T05:51:00Z,SEDENTARY,Fitbit App
2026-05-13T06:00:00Z,SEDENTARY,Fitbit App
2026-05-13T06:06:00Z,SEDENTARY,Fitbit App
2026-05-13T06:09:00Z,SEDENTARY,Fitbit App
2026-05-13T06:34:00Z,SEDENTARY,Fitbit App
2026-05-13T07:21:00Z,SEDENTARY,Fitbit App
2026-05-13T07:22:00Z,SEDENTARY,Fitbit App
2026-05-13T07:23:00Z,SEDENTARY,Fitbit App
2026-05-13T07:38:00Z,SEDENTARY,Fitbit App
2026-05-13T07:39:00Z,SEDENTARY,Fitbit App
2026-05-13T07:40:00Z,SEDENTARY,Fitbit App
2026-05-13T07:41:00Z,SEDENTARY,Fitbit App
2026-05-13T07:49:00Z,SEDENTARY,Fitbit App
2026-05-13T07:50:00Z,LIGHTLY_ACTIVE,Fitbit App
2026-05-13T07:51:00Z,MODERATELY_ACTIVE,Fitbit App
2026-05-13T07:52:00Z,LIGHTLY_ACTIVE,Fitbit App
2026-05-13T07:53:00Z,LIGHTLY_ACTIVE,Fitbit App
2026-05-13T07:54:00Z,MODERATELY_ACTIVE,Fitbit App
2026-05-13T07:55:00Z,MODERATELY_ACTIVE,Fitbit App
2026-05-13T07:56:00Z,MODERATELY_ACTIVE,Fitbit App
2026-05-13T07:57:00Z,LIGHTLY_ACTIVE,Fitbit App
2026-05-13T07:58:00Z,LIGHTLY_ACTIVE,Fitbit App
2026-05-13T07:59:00Z,LIGHTLY_ACTIVE,Fitbit App
2026-05-13T08:00:00Z,MODERATELY_ACTIVE,Fitbit App
2026-05-13T08:01:00Z,MODERATELY_ACTIVE,Fitbit App
2026-05-13T08:02:00Z,SEDENTARY,Fitbit App
2026-05-13T08:03:00Z,SEDENTARY,Fitbit App
2026-05-13T08:04:00Z,SEDENTARY,Fitbit App
2026-05-13T08:05:00Z,SEDENTARY,Fitbit App
2026-05-13T08:06:00Z,SEDENTARY,Fitbit App
2026-05-13T08:07:00Z,SEDENTARY,Fitbit App
2026-05-13T08:08:00Z,MODERATELY_ACTIVE,Fitbit App
2026-05-13T08:09:00Z,LIGHTLY_ACTIVE,Fitbit App
2026-05-13T08:10:00Z,LIGHTLY_ACTIVE,Fitbit App
2026-05-13T08:11:00Z,LIGHTLY_ACTIVE,Fitbit App
2026-05-13T08:12:00Z,LIGHTLY_ACTIVE,Fitbit App
2026-05-13T08:13:00Z,SEDENTARY,Fitbit App
2026-05-13T08:14:00Z,SEDENTARY,Fitbit App
2026-05-13T08:15:00Z,LIGHTLY_ACTIVE,Fitbit App
2026-05-13T08:16:00Z,LIGHTLY_ACTIVE,Fitbit App
2026-05-13T08:17:00Z,LIGHTLY_ACTIVE,Fitbit App
2026-05-13T08:18:00Z,LIGHTLY_ACTIVE,Fitbit App
2026-05-13T08:19:00Z,LIGHTLY_ACTIVE,Fitbit App
2026-05-13T08:20:00Z,LIGHTLY_ACTIVE,Fitbit App
2026-05-13T08:21:00Z,LIGHTLY_ACTIVE,Fitbit App
2026-05-13T08:22:00Z,LIGHTLY_ACTIVE,Fitbit App
2026-05-13T08:23:00Z,LIGHTLY_ACTIVE,Fitbit App
2026-05-13T08:24:00Z,MODERATELY_ACTIVE,Fitbit App
2026-05-13T08:25:00Z,MODERATELY_ACTIVE,Fitbit App
2026-05-13T08:26:00Z,VERY_ACTIVE,Fitbit App
2026-05-13T08:27:00Z,VERY_ACTIVE,Fitbit App
2026-05-13T08:28:00Z,VERY_ACTIVE,Fitbit App
2026-05-13T08:29:00Z,MODERATELY_ACTIVE,Fitbit App
2026-05-13T08:30:00Z,MODERATELY_ACTIVE,Fitbit App
2026-05-13T08:31:00Z,MODERATELY_ACTIVE,Fitbit App
2026-05-13T08:32:00Z,MODERATELY_ACTIVE,Fitbit App
2026-05-13T08:33:00Z,MODERATELY_ACTIVE,Fitbit App
2026-05-13T08:34:00Z,MODERATELY_ACTIVE,Fitbit App
2026-05-13T08:35:00Z,MODERATELY_ACTIVE,Fitbit App
2026-05-13T08:36:00Z,MODERATELY_ACTIVE,Fitbit App
2026-05-13T08:37:00Z,MODERATELY_ACTIVE,Fitbit App
2026-05-13T08:38:00Z,MODERATELY_ACTIVE,Fitbit App
2026-05-13T08:39:00Z,LIGHTLY_ACTIVE,Fitbit App
2026-05-13T08:40:00Z,MODERATELY_ACTIVE,Fitbit App
2026-05-13T08:41:00Z,LIGHTLY_ACTIVE,Fitbit App
2026-05-13T08:42:00Z,LIGHTLY_ACTIVE,Fitbit App
2026-05-13T08:43:00Z,MODERATELY_ACTIVE,Fitbit App
2026-05-13T08:44:00Z,MODERATELY_ACTIVE,Fitbit App
2026-05-13T08:45:00Z,MODERATELY_ACTIVE,Fitbit App
2026-05-13T08:46:00Z,MODERATELY_ACTIVE,Fitbit App
2026-05-13T08:47:00Z,MODERATELY_ACTIVE,Fitbit App
2026-05-13T08:48:00Z,LIGHTLY_ACTIVE,Fitbit App
2026-05-13T08:49:00Z,LIGHTLY_ACTIVE,Fitbit App
2026-05-13T08:50:00Z,LIGHTLY_ACTIVE,Fitbit App
2026-05-13T08:51:00Z,MODERATELY_ACTIVE,Fitbit App
2026-05-13T08:52:00Z,LIGHTLY_ACTIVE,Fitbit App
2026-05-13T08:53:00Z,LIGHTLY_ACTIVE,Fitbit App
2026-05-13T08:54:00Z,LIGHTLY_ACTIVE,Fitbit App
2026-05-13T08:55:00Z,LIGHTLY_ACTIVE,Fitbit App
2026-05-13T08:56:00Z,MODERATELY_ACTIVE,Fitbit App
2026-05-13T08:57:00Z,MODERATELY_ACTIVE,Fitbit App
2026-05-13T08:58:00Z,MODERATELY_ACTIVE,Fitbit App
2026-05-13T08:59:00Z,VERY_ACTIVE,Fitbit App
2026-05-13T09:00:00Z,MODERATELY_ACTIVE,Fitbit App
2026-05-13T09:01:00Z,MODERATELY_ACTIVE,Fitbit App
2026-05-13T09:02:00Z,MODERATELY_ACTIVE,Fitbit App
2026-05-13T09:03:00Z,MODERATELY_ACTIVE,Fitbit App
2026-05-13T09:04:00Z,MODERATELY_ACTIVE,Fitbit App
2026-05-13T09:05:00Z,VERY_ACTIVE,Fitbit App
2026-05-13T09:06:00Z,MODERATELY_ACTIVE,Fitbit App
2026-05-13T09:07:00Z,VERY_ACTIVE,Fitbit App
2026-05-13T09:08:00Z,MODERATELY_ACTIVE,Fitbit App
2026-05-13T09:09:00Z,VERY_ACTIVE,Fitbit App
2026-05-13T09:10:00Z,MODERATELY_ACTIVE,Fitbit App
2026-05-13T09:11:00Z,VERY_ACTIVE,Fitbit App
2026-05-13T09:12:00Z,MODERATELY_ACTIVE,Fitbit App
2026-05-13T09:13:00Z,MODERATELY_ACTIVE,Fitbit App
2026-05-13T09:14:00Z,MODERATELY_ACTIVE,Fitbit App
2026-05-13T09:15:00Z,MODERATELY_ACTIVE,Fitbit App
2026-05-13T09:16:00Z,LIGHTLY_ACTIVE,Fitbit App
2026-05-13T09:18:00Z,SEDENTARY,Fitbit App
2026-05-13T09:19:00Z,SEDENTARY,Fitbit App
2026-05-13T09:20:00Z,SEDENTARY,Fitbit App
2026-05-13T09:21:00Z,SEDENTARY,Fitbit App
2026-05-13T09:22:00Z,SEDENTARY,Fitbit App
2026-05-13T09:23:00Z,SEDENTARY,Fitbit App
2026-05-13T09:24:00Z,SEDENTARY,Fitbit App
2026-05-13T09:25:00Z,SEDENTARY,Fitbit App
2026-05-13T09:26:00Z,SEDENTARY,Fitbit App
2026-05-13T09:27:00Z,SEDENTARY,Fitbit App
2026-05-13T09:28:00Z,SEDENTARY,Fitbit App
2026-05-13T09:29:00Z,SEDENTARY,Fitbit App
2026-05-13T09:30:00Z,SEDENTARY,Fitbit App
2026-05-13T09:31:00Z,SEDENTARY,Fitbit App
2026-05-13T09:32:00Z,SEDENTARY,Fitbit App
2026-05-13T09:33:00Z,SEDENTARY,Fitbit App
2026-05-13T09:34:00Z,SEDENTARY,Fitbit App
2026-05-13T09:35:00Z,SEDENTARY,Fitbit App
2026-05-13T09:36:00Z,SEDENTARY,Fitbit App
2026-05-13T09:37:00Z,SEDENTARY,Fitbit App
2026-05-13T09:38:00Z,SEDENTARY,Fitbit App
2026-05-13T09:39:00Z,SEDENTARY,Fitbit App
2026-05-13T09:40:00Z,SEDENTARY,Fitbit App
2026-05-13T09:41:00Z,SEDENTARY,Fitbit App
2026-05-13T09:42:00Z,SEDENTARY,Fitbit App
2026-05-13T09:43:00Z,SEDENTARY,Fitbit App
2026-05-13T09:44:00Z,SEDENTARY,Fitbit App
2026-05-13T09:45:00Z,SEDENTARY,Fitbit App
2026-05-13T09:46:00Z,SEDENTARY,Fitbit App
2026-05-13T09:48:00Z,SEDENTARY,Fitbit App
2026-05-13T09:49:00Z,SEDENTARY,Fitbit App
2026-05-13T09:50:00Z,SEDENTARY,Fitbit App
2026-05-13T09:51:00Z,SEDENTARY,Fitbit App
2026-05-13T09:52:00Z,SEDENTARY,Fitbit App
2026-05-13T09:54:00Z,SEDENTARY,Fitbit App
2026-05-13T09:55:00Z,SEDENTARY,Fitbit App
2026-05-13T09:57:00Z,LIGHTLY_ACTIVE,Fitbit App
2026-05-13T09:58:00Z,SEDENTARY,Fitbit App
2026-05-13T09:59:00Z,SEDENTARY,Fitbit App
2026-05-13T10:00:00Z,LIGHTLY_ACTIVE,Fitbit App
2026-05-13T10:01:00Z,SEDENTARY,Fitbit App
2026-05-13T10:02:00Z,MODERATELY_ACTIVE,Fitbit App
2026-05-13T10:03:00Z,MODERATELY_ACTIVE,Fitbit App
2026-05-13T10:04:00Z,LIGHTLY_ACTIVE,Fitbit App
2026-05-13T10:05:00Z,LIGHTLY_ACTIVE,Fitbit App
2026-05-13T10:06:00Z,LIGHTLY_ACTIVE,Fitbit App
2026-05-13T10:07:00Z,MODERATELY_ACTIVE,Fitbit App
2026-05-13T10:08:00Z,LIGHTLY_ACTIVE,Fitbit App
2026-05-13T10:09:00Z,SEDENTARY,Fitbit App
2026-05-13T10:10:00Z,SEDENTARY,Fitbit App
2026-05-13T10:11:00Z,LIGHTLY_ACTIVE,Fitbit App
2026-05-13T10:12:00Z,LIGHTLY_ACTIVE,Fitbit App
2026-05-13T10:13:00Z,MODERATELY_ACTIVE,Fitbit App
2026-05-13T10:14:00Z,LIGHTLY_ACTIVE,Fitbit App
2026-05-13T10:15:00Z,LIGHTLY_ACTIVE,Fitbit App
2026-05-13T10:16:00Z,LIGHTLY_ACTIVE,Fitbit App
2026-05-13T10:17:00Z,LIGHTLY_ACTIVE,Fitbit App
2026-05-13T10:18:00Z,LIGHTLY_ACTIVE,Fitbit App
2026-05-13T10:19:00Z,LIGHTLY_ACTIVE,Fitbit App
2026-05-13T10:20:00Z,MODERATELY_ACTIVE,Fitbit App
2026-05-13T10:21:00Z,MODERATELY_ACTIVE,Fitbit App
2026-05-13T10:22:00Z,LIGHTLY_ACTIVE,Fitbit App
2026-05-13T10:23:00Z,MODERATELY_ACTIVE,Fitbit App
2026-05-13T10:24:00Z,VERY_ACTIVE,Fitbit App
2026-05-13T10:25:00Z,VERY_ACTIVE,Fitbit App
2026-05-13T10:26:00Z,VERY_ACTIVE,Fitbit App
2026-05-13T10:27:00Z,VERY_ACTIVE,Fitbit App
2026-05-13T10:28:00Z,VERY_ACTIVE,Fitbit App
2026-05-13T10:29:00Z,VERY_ACTIVE,Fitbit App
2026-05-13T10:30:00Z,VERY_ACTIVE,Fitbit App
2026-05-13T10:31:00Z,VERY_ACTIVE,Fitbit App
2026-05-13T10:32:00Z,VERY_ACTIVE,Fitbit App
2026-05-13T10:33:00Z,VERY_ACTIVE,Fitbit App
2026-05-13T10:34:00Z,VERY_ACTIVE,Fitbit App
2026-05-13T10:35:00Z,MODERATELY_ACTIVE,Fitbit App
2026-05-13T10:36:00Z,MODERATELY_ACTIVE,Fitbit App
2026-05-13T10:37:00Z,VERY_ACTIVE,Fitbit App
2026-05-13T10:38:00Z,VERY_ACTIVE,Fitbit App
2026-05-13T10:39:00Z,MODERATELY_ACTIVE,Fitbit App
2026-05-13T10:40:00Z,MODERATELY_ACTIVE,Fitbit App
2026-05-13T10:41:00Z,MODERATELY_ACTIVE,Fitbit App
2026-05-13T10:42:00Z,MODERATELY_ACTIVE,Fitbit App
2026-05-13T10:43:00Z,MODERATELY_ACTIVE,Fitbit App
2026-05-13T10:44:00Z,MODERATELY_ACTIVE,Fitbit App
2026-05-13T10:45:00Z,MODERATELY_ACTIVE,Fitbit App
2026-05-13T10:46:00Z,MODERATELY_ACTIVE,Fitbit App
2026-05-13T10:47:00Z,MODERATELY_ACTIVE,Fitbit App
2026-05-13T10:48:00Z,MODERATELY_ACTIVE,Fitbit App
2026-05-13T10:49:00Z,MODERATELY_ACTIVE,Fitbit App
2026-05-13T10:50:00Z,MODERATELY_ACTIVE,Fitbit App
2026-05-13T10:51:00Z,MODERATELY_ACTIVE,Fitbit App
2026-05-13T10:52:00Z,MODERATELY_ACTIVE,Fitbit App
2026-05-13T10:53:00Z,LIGHTLY_ACTIVE,Fitbit App
2026-05-13T10:54:00Z,MODERATELY_ACTIVE,Fitbit App
2026-05-13T10:55:00Z,MODERATELY_ACTIVE,Fitbit App
2026-05-13T10:56:00Z,LIGHTLY_ACTIVE,Fitbit App
2026-05-13T10:57:00Z,MODERATELY_ACTIVE,Fitbit App
2026-05-13T10:58:00Z,MODERATELY_ACTIVE,Fitbit App
2026-05-13T10:59:00Z,MODERATELY_ACTIVE,Fitbit App
2026-05-13T11:00:00Z,MODERATELY_ACTIVE,Fitbit App
2026-05-13T11:01:00Z,LIGHTLY_ACTIVE,Fitbit App
2026-05-13T11:02:00Z,MODERATELY_ACTIVE,Fitbit App
2026-05-13T11:03:00Z,MODERATELY_ACTIVE,Fitbit App
2026-05-13T11:04:00Z,MODERATELY_ACTIVE,Fitbit App
2026-05-13T11:05:00Z,MODERATELY_ACTIVE,Fitbit App
2026-05-13T11:06:00Z,MODERATELY_ACTIVE,Fitbit App
2026-05-13T11:07:00Z,MODERATELY_ACTIVE,Fitbit App
2026-05-13T11:08:00Z,LIGHTLY_ACTIVE,Fitbit App
2026-05-13T11:09:00Z,LIGHTLY_ACTIVE,Fitbit App
2026-05-13T11:10:00Z,LIGHTLY_ACTIVE,Fitbit App
2026-05-13T11:11:00Z,SEDENTARY,Fitbit App
2026-05-13T11:12:00Z,SEDENTARY,Fitbit App
2026-05-13T11:13:00Z,SEDENTARY,Fitbit App
2026-05-13T11:14:00Z,SEDENTARY,Fitbit App
2026-05-13T11:15:00Z,SEDENTARY,Fitbit App
2026-05-13T11:16:00Z,SEDENTARY,Fitbit App
2026-05-13T11:17:00Z,SEDENTARY,Fitbit App
2026-05-13T11:18:00Z,SEDENTARY,Fitbit App
2026-05-13T11:19:00Z,SEDENTARY,Fitbit App
2026-05-13T11:20:00Z,SEDENTARY,Fitbit App
2026-05-13T11:21:00Z,SEDENTARY,Fitbit App
2026-05-13T11:22:00Z,SEDENTARY,Fitbit App
2026-05-13T11:23:00Z,SEDENTARY,Fitbit App
2026-05-13T11:24:00Z,SEDENTARY,Fitbit App
2026-05-13T11:25:00Z,SEDENTARY,Fitbit App
2026-05-13T11:26:00Z,SEDENTARY,Fitbit App
2026-05-13T11:28:00Z,SEDENTARY,Fitbit App
2026-05-13T11:29:00Z,SEDENTARY,Fitbit App
2026-05-13T11:30:00Z,SEDENTARY,Fitbit App
2026-05-13T11:31:00Z,SEDENTARY,Fitbit App
2026-05-13T11:32:00Z,SEDENTARY,Fitbit App
2026-05-13T11:33:00Z,SEDENTARY,Fitbit App
2026-05-13T11:34:00Z,SEDENTARY,Fitbit App
2026-05-13T11:35:00Z,LIGHTLY_ACTIVE,Fitbit App
2026-05-13T11:36:00Z,SEDENTARY,Fitbit App
2026-05-13T11:37:00Z,LIGHTLY_ACTIVE,Fitbit App
2026-05-13T11:38:00Z,SEDENTARY,Fitbit App
2026-05-13T11:39:00Z,SEDENTARY,Fitbit App
2026-05-13T11:40:00Z,SEDENTARY,Fitbit App
2026-05-13T11:41:00Z,SEDENTARY,Fitbit App
2026-05-13T11:42:00Z,SEDENTARY,Fitbit App
2026-05-13T11:43:00Z,LIGHTLY_ACTIVE,Fitbit App
2026-05-13T11:44:00Z,SEDENTARY,Fitbit App
2026-05-13T11:45:00Z,SEDENTARY,Fitbit App
2026-05-13T11:46:00Z,SEDENTARY,Fitbit App
2026-05-13T11:47:00Z,SEDENTARY,Fitbit App
2026-05-13T11:48:00Z,SEDENTARY,Fitbit App
2026-05-13T11:49:00Z,SEDENTARY,Fitbit App
2026-05-13T11:50:00Z,SEDENTARY,Fitbit App
2026-05-13T11:51:00Z,SEDENTARY,Fitbit App
2026-05-13T11:52:00Z,SEDENTARY,Fitbit App
2026-05-13T11:53:00Z,SEDENTARY,Fitbit App
2026-05-13T11:54:00Z,SEDENTARY,Fitbit App
2026-05-13T11:55:00Z,SEDENTARY,Fitbit App
2026-05-13T11:56:00Z,SEDENTARY,Fitbit App
2026-05-13T11:57:00Z,SEDENTARY,Fitbit App
2026-05-13T11:58:00Z,SEDENTARY,Fitbit App
2026-05-13T11:59:00Z,SEDENTARY,Fitbit App
2026-05-13T12:00:00Z,SEDENTARY,Fitbit App
2026-05-13T12:01:00Z,SEDENTARY,Fitbit App
2026-05-13T12:02:00Z,SEDENTARY,Fitbit App
2026-05-13T12:03:00Z,SEDENTARY,Fitbit App
2026-05-13T12:04:00Z,SEDENTARY,Fitbit App
2026-05-13T12:05:00Z,SEDENTARY,Fitbit App
2026-05-13T12:06:00Z,SEDENTARY,Fitbit App
2026-05-13T12:07:00Z,SEDENTARY,Fitbit App
2026-05-13T12:08:00Z,SEDENTARY,Fitbit App
2026-05-13T12:09:00Z,SEDENTARY,Fitbit App
2026-05-13T12:10:00Z,SEDENTARY,Fitbit App
2026-05-13T12:11:00Z,SEDENTARY,Fitbit App
2026-05-13T12:12:00Z,SEDENTARY,Fitbit App
2026-05-13T12:13:00Z,SEDENTARY,Fitbit App
2026-05-13T12:14:00Z,SEDENTARY,Fitbit App
2026-05-13T12:15:00Z,SEDENTARY,Fitbit App
2026-05-13T12:16:00Z,LIGHTLY_ACTIVE,Fitbit App
2026-05-13T12:17:00Z,LIGHTLY_ACTIVE,Fitbit App
2026-05-13T12:18:00Z,LIGHTLY_ACTIVE,Fitbit App
2026-05-13T12:19:00Z,MODERATELY_ACTIVE,Fitbit App
2026-05-13T12:20:00Z,LIGHTLY_ACTIVE,Fitbit App
2026-05-13T12:21:00Z,SEDENTARY,Fitbit App
2026-05-13T12:22:00Z,SEDENTARY,Fitbit App
2026-05-13T12:30:00Z,SEDENTARY,Fitbit App
2026-05-13T12:31:00Z,SEDENTARY,Fitbit App
2026-05-13T12:32:00Z,SEDENTARY,Fitbit App
2026-05-13T12:33:00Z,SEDENTARY,Fitbit App
2026-05-13T12:34:00Z,SEDENTARY,Fitbit App
2026-05-13T12:35:00Z,SEDENTARY,Fitbit App
2026-05-13T12:36:00Z,SEDENTARY,Fitbit App
2026-05-13T12:37:00Z,SEDENTARY,Fitbit App
2026-05-13T12:38:00Z,LIGHTLY_ACTIVE,Fitbit App
2026-05-13T12:39:00Z,LIGHTLY_ACTIVE,Fitbit App
2026-05-13T12:40:00Z,LIGHTLY_ACTIVE,Fitbit App
2026-05-13T12:41:00Z,SEDENTARY,Fitbit App
2026-05-13T12:42:00Z,SEDENTARY,Fitbit App
2026-05-13T12:43:00Z,SEDENTARY,Fitbit App
2026-05-13T12:44:00Z,SEDENTARY,Fitbit App
2026-05-13T12:45:00Z,SEDENTARY,Fitbit App
2026-05-13T12:47:00Z,SEDENTARY,Fitbit App
2026-05-13T12:48:00Z,SEDENTARY,Fitbit App
2026-05-13T12:50:00Z,SEDENTARY,Fitbit App
2026-05-13T12:51:00Z,SEDENTARY,Fitbit App
2026-05-13T12:52:00Z,SEDENTARY,Fitbit App
2026-05-13T12:54:00Z,SEDENTARY,Fitbit App
2026-05-13T12:55:00Z,SEDENTARY,Fitbit App
2026-05-13T12:56:00Z,SEDENTARY,Fitbit App
2026-05-13T12:57:00Z,SEDENTARY,Fitbit App
2026-05-13T12:58:00Z,SEDENTARY,Fitbit App
2026-05-13T12:59:00Z,SEDENTARY,Fitbit App
2026-05-13T13:00:00Z,SEDENTARY,Fitbit App
2026-05-13T13:01:00Z,SEDENTARY,Fitbit App
2026-05-13T13:02:00Z,SEDENTARY,Fitbit App
2026-05-13T13:03:00Z,SEDENTARY,Fitbit App
2026-05-13T13:04:00Z,SEDENTARY,Fitbit App
2026-05-13T13:05:00Z,SEDENTARY,Fitbit App
2026-05-13T13:06:00Z,LIGHTLY_ACTIVE,Fitbit App
2026-05-13T13:07:00Z,SEDENTARY,Fitbit App
2026-05-13T13:09:00Z,SEDENTARY,Fitbit App
2026-05-13T13:14:00Z,SEDENTARY,Fitbit App
2026-05-13T13:15:00Z,SEDENTARY,Fitbit App
2026-05-13T13:22:00Z,SEDENTARY,Fitbit App
2026-05-13T13:23:00Z,SEDENTARY,Fitbit App
2026-05-13T13:24:00Z,SEDENTARY,Fitbit App
2026-05-13T13:26:00Z,SEDENTARY,Fitbit App
2026-05-13T13:27:00Z,SEDENTARY,Fitbit App
2026-05-13T13:29:00Z,SEDENTARY,Fitbit App
2026-05-13T13:33:00Z,SEDENTARY,Fitbit App
2026-05-13T13:35:00Z,SEDENTARY,Fitbit App
2026-05-13T13:36:00Z,SEDENTARY,Fitbit App
2026-05-13T13:37:00Z,SEDENTARY,Fitbit App
2026-05-13T13:43:00Z,SEDENTARY,Fitbit App
2026-05-13T13:46:00Z,SEDENTARY,Fitbit App
2026-05-13T13:47:00Z,SEDENTARY,Fitbit App
2026-05-13T13:49:00Z,SEDENTARY,Fitbit App
2026-05-13T13:50:00Z,SEDENTARY,Fitbit App
2026-05-13T13:51:00Z,LIGHTLY_ACTIVE,Fitbit App
2026-05-13T13:52:00Z,SEDENTARY,Fitbit App
2026-05-13T13:53:00Z,SEDENTARY,Fitbit App
2026-05-13T14:01:00Z,SEDENTARY,Fitbit App
2026-05-13T14:02:00Z,SEDENTARY,Fitbit App
2026-05-13T14:04:00Z,SEDENTARY,Fitbit App
2026-05-13T14:05:00Z,SEDENTARY,Fitbit App
2026-05-13T14:06:00Z,SEDENTARY,Fitbit App
2026-05-13T14:07:00Z,SEDENTARY,Fitbit App
2026-05-13T14:08:00Z,SEDENTARY,Fitbit App
2026-05-13T14:09:00Z,SEDENTARY,Fitbit App
2026-05-13T14:10:00Z,SEDENTARY,Fitbit App
2026-05-13T14:11:00Z,SEDENTARY,Fitbit App
2026-05-13T14:12:00Z,SEDENTARY,Fitbit App
2026-05-13T14:13:00Z,SEDENTARY,Fitbit App
2026-05-13T14:14:00Z,SEDENTARY,Fitbit App
2026-05-13T14:15:00Z,SEDENTARY,Fitbit App
2026-05-13T14:16:00Z,SEDENTARY,Fitbit App
2026-05-13T14:17:00Z,SEDENTARY,Fitbit App
2026-05-13T14:18:00Z,SEDENTARY,Fitbit App
2026-05-13T14:19:00Z,SEDENTARY,Fitbit App
2026-05-13T14:20:00Z,SEDENTARY,Fitbit App
2026-05-13T14:21:00Z,SEDENTARY,Fitbit App
2026-05-13T14:22:00Z,SEDENTARY,Fitbit App
2026-05-13T14:23:00Z,SEDENTARY,Fitbit App
2026-05-13T14:24:00Z,SEDENTARY,Fitbit App
2026-05-13T14:25:00Z,SEDENTARY,Fitbit App
2026-05-13T14:26:00Z,SEDENTARY,Fitbit App
2026-05-13T14:27:00Z,SEDENTARY,Fitbit App
2026-05-13T14:29:00Z,SEDENTARY,Fitbit App
2026-05-13T14:30:00Z,SEDENTARY,Fitbit App
2026-05-13T14:31:00Z,SEDENTARY,Fitbit App
2026-05-13T14:32:00Z,SEDENTARY,Fitbit App
2026-05-13T14:33:00Z,SEDENTARY,Fitbit App
2026-05-13T14:34:00Z,SEDENTARY,Fitbit App
2026-05-13T14:35:00Z,SEDENTARY,Fitbit App
2026-05-13T14:36:00Z,SEDENTARY,Fitbit App
2026-05-13T14:37:00Z,SEDENTARY,Fitbit App
2026-05-13T14:38:00Z,SEDENTARY,Fitbit App
2026-05-13T14:39:00Z,SEDENTARY,Fitbit App
2026-05-13T14:40:00Z,SEDENTARY,Fitbit App
2026-05-13T14:41:00Z,SEDENTARY,Fitbit App
2026-05-13T14:42:00Z,SEDENTARY,Fitbit App
2026-05-13T14:43:00Z,SEDENTARY,Fitbit App
2026-05-13T14:46:00Z,SEDENTARY,Fitbit App
2026-05-13T14:47:00Z,SEDENTARY,Fitbit App
2026-05-13T14:48:00Z,SEDENTARY,Fitbit App
2026-05-13T14:49:00Z,SEDENTARY,Fitbit App
2026-05-13T14:50:00Z,SEDENTARY,Fitbit App
2026-05-13T14:51:00Z,SEDENTARY,Fitbit App
2026-05-13T14:52:00Z,SEDENTARY,Fitbit App
2026-05-13T14:53:00Z,SEDENTARY,Fitbit App
2026-05-13T14:54:00Z,SEDENTARY,Fitbit App
2026-05-13T14:55:00Z,SEDENTARY,Fitbit App
2026-05-13T14:56:00Z,LIGHTLY_ACTIVE,Fitbit App
2026-05-13T14:57:00Z,MODERATELY_ACTIVE,Fitbit App
2026-05-13T14:58:00Z,LIGHTLY_ACTIVE,Fitbit App
2026-05-13T14:59:00Z,LIGHTLY_ACTIVE,Fitbit App
2026-05-13T15:00:00Z,LIGHTLY_ACTIVE,Fitbit App
2026-05-13T15:01:00Z,MODERATELY_ACTIVE,Fitbit App
2026-05-13T15:02:00Z,VERY_ACTIVE,Fitbit App
2026-05-13T15:03:00Z,VERY_ACTIVE,Fitbit App
2026-05-13T15:04:00Z,VERY_ACTIVE,Fitbit App
2026-05-13T15:05:00Z,MODERATELY_ACTIVE,Fitbit App
2026-05-13T15:06:00Z,MODERATELY_ACTIVE,Fitbit App
2026-05-13T15:07:00Z,MODERATELY_ACTIVE,Fitbit App
2026-05-13T15:08:00Z,VERY_ACTIVE,Fitbit App
2026-05-13T15:09:00Z,VERY_ACTIVE,Fitbit App
2026-05-13T15:10:00Z,VERY_ACTIVE,Fitbit App
2026-05-13T15:11:00Z,MODERATELY_ACTIVE,Fitbit App
2026-05-13T15:12:00Z,VERY_ACTIVE,Fitbit App
2026-05-13T15:13:00Z,MODERATELY_ACTIVE,Fitbit App
2026-05-13T15:14:00Z,VERY_ACTIVE,Fitbit App
2026-05-13T15:15:00Z,MODERATELY_ACTIVE,Fitbit App
2026-05-13T15:16:00Z,MODERATELY_ACTIVE,Fitbit App
2026-05-13T15:17:00Z,MODERATELY_ACTIVE,Fitbit App
2026-05-13T15:18:00Z,MODERATELY_ACTIVE,Fitbit App
2026-05-13T15:19:00Z,MODERATELY_ACTIVE,Fitbit App
2026-05-13T15:20:00Z,MODERATELY_ACTIVE,Fitbit App
2026-05-13T15:21:00Z,MODERATELY_ACTIVE,Fitbit App
2026-05-13T15:22:00Z,VERY_ACTIVE,Fitbit App
2026-05-13T15:23:00Z,MODERATELY_ACTIVE,Fitbit App
2026-05-13T15:24:00Z,VERY_ACTIVE,Fitbit App
2026-05-13T15:25:00Z,VERY_ACTIVE,Fitbit App
2026-05-13T15:26:00Z,MODERATELY_ACTIVE,Fitbit App
2026-05-13T15:27:00Z,LIGHTLY_ACTIVE,Fitbit App
2026-05-13T15:28:00Z,SEDENTARY,Fitbit App
2026-05-13T15:30:00Z,SEDENTARY,Fitbit App
2026-05-13T15:34:00Z,SEDENTARY,Fitbit App
2026-05-13T15:35:00Z,SEDENTARY,Fitbit App
2026-05-13T15:46:00Z,SEDENTARY,Fitbit App
2026-05-13T15:52:00Z,SEDENTARY,Fitbit App
2026-05-13T15:53:00Z,SEDENTARY,Fitbit App
2026-05-13T15:54:00Z,SEDENTARY,Fitbit App
2026-05-13T15:57:00Z,SEDENTARY,Fitbit App
2026-05-13T15:58:00Z,SEDENTARY,Fitbit App
2026-05-13T15:59:00Z,SEDENTARY,Fitbit App
2026-05-13T16:00:00Z,SEDENTARY,Fitbit App
2026-05-13T16:01:00Z,SEDENTARY,Fitbit App
2026-05-13T16:04:00Z,SEDENTARY,Fitbit App
2026-05-13T16:05:00Z,SEDENTARY,Fitbit App
2026-05-13T16:06:00Z,SEDENTARY,Fitbit App
2026-05-13T16:07:00Z,SEDENTARY,Fitbit App
2026-05-13T16:11:00Z,SEDENTARY,Fitbit App
2026-05-13T16:12:00Z,SEDENTARY,Fitbit App
2026-05-13T16:13:00Z,SEDENTARY,Fitbit App
2026-05-13T16:14:00Z,SEDENTARY,Fitbit App
2026-05-13T16:15:00Z,SEDENTARY,Fitbit App
2026-05-13T16:16:00Z,SEDENTARY,Fitbit App
2026-05-13T16:19:00Z,SEDENTARY,Fitbit App
2026-05-13T16:22:00Z,SEDENTARY,Fitbit App
2026-05-13T16:23:00Z,SEDENTARY,Fitbit App
2026-05-13T16:24:00Z,SEDENTARY,Fitbit App
2026-05-13T16:25:00Z,SEDENTARY,Fitbit App
2026-05-13T16:26:00Z,SEDENTARY,Fitbit App
2026-05-13T16:27:00Z,SEDENTARY,Fitbit App
2026-05-13T16:28:00Z,SEDENTARY,Fitbit App
2026-05-13T16:29:00Z,SEDENTARY,Fitbit App
2026-05-13T16:30:00Z,SEDENTARY,Fitbit App
2026-05-13T16:31:00Z,SEDENTARY,Fitbit App
2026-05-13T16:32:00Z,LIGHTLY_ACTIVE,Fitbit App
2026-05-13T16:33:00Z,LIGHTLY_ACTIVE,Fitbit App
2026-05-13T16:34:00Z,LIGHTLY_ACTIVE,Fitbit App
2026-05-13T16:35:00Z,LIGHTLY_ACTIVE,Fitbit App
2026-05-13T16:36:00Z,LIGHTLY_ACTIVE,Fitbit App
2026-05-13T16:37:00Z,LIGHTLY_ACTIVE,Fitbit App
2026-05-13T16:38:00Z,LIGHTLY_ACTIVE,Fitbit App
2026-05-13T16:39:00Z,SEDENTARY,Fitbit App
2026-05-13T16:40:00Z,LIGHTLY_ACTIVE,Fitbit App
2026-05-13T16:41:00Z,LIGHTLY_ACTIVE,Fitbit App
2026-05-13T16:42:00Z,LIGHTLY_ACTIVE,Fitbit App
2026-05-13T16:43:00Z,LIGHTLY_ACTIVE,Fitbit App
2026-05-13T16:44:00Z,LIGHTLY_ACTIVE,Fitbit App
2026-05-13T16:45:00Z,LIGHTLY_ACTIVE,Fitbit App
2026-05-13T16:46:00Z,SEDENTARY,Fitbit App
2026-05-13T16:47:00Z,LIGHTLY_ACTIVE,Fitbit App
2026-05-13T16:48:00Z,LIGHTLY_ACTIVE,Fitbit App
2026-05-13T16:49:00Z,LIGHTLY_ACTIVE,Fitbit App
2026-05-13T16:50:00Z,SEDENTARY,Fitbit App
2026-05-13T16:51:00Z,LIGHTLY_ACTIVE,Fitbit App
2026-05-13T16:52:00Z,LIGHTLY_ACTIVE,Fitbit App
2026-05-13T16:53:00Z,SEDENTARY,Fitbit App
2026-05-13T16:54:00Z,LIGHTLY_ACTIVE,Fitbit App
2026-05-13T16:55:00Z,LIGHTLY_ACTIVE,Fitbit App
2026-05-13T17:07:00Z,SEDENTARY,Fitbit App
2026-05-13T17:15:00Z,SEDENTARY,Fitbit App
2026-05-13T17:16:00Z,LIGHTLY_ACTIVE,Fitbit App
2026-05-13T17:17:00Z,SEDENTARY,Fitbit App
2026-05-13T17:18:00Z,SEDENTARY,Fitbit App
2026-05-13T17:21:00Z,SEDENTARY,Fitbit App
2026-05-13T17:22:00Z,SEDENTARY,Fitbit App
2026-05-13T17:23:00Z,SEDENTARY,Fitbit App
2026-05-13T17:25:00Z,SEDENTARY,Fitbit App
2026-05-13T17:31:00Z,SEDENTARY,Fitbit App
2026-05-13T17:32:00Z,SEDENTARY,Fitbit App
2026-05-13T17:33:00Z,SEDENTARY,Fitbit App
2026-05-13T17:34:00Z,SEDENTARY,Fitbit App
2026-05-13T17:35:00Z,SEDENTARY,Fitbit App
2026-05-13T17:36:00Z,SEDENTARY,Fitbit App
2026-05-13T17:37:00Z,SEDENTARY,Fitbit App
2026-05-13T17:38:00Z,SEDENTARY,Fitbit App
2026-05-13T17:41:00Z,SEDENTARY,Fitbit App
2026-05-13T17:42:00Z,SEDENTARY,Fitbit App
2026-05-13T17:43:00Z,SEDENTARY,Fitbit App
2026-05-13T17:44:00Z,SEDENTARY,Fitbit App
2026-05-13T17:45:00Z,SEDENTARY,Fitbit App
2026-05-13T17:46:00Z,SEDENTARY,Fitbit App
2026-05-13T17:47:00Z,SEDENTARY,Fitbit App
2026-05-13T17:48:00Z,SEDENTARY,Fitbit App
2026-05-13T17:49:00Z,SEDENTARY,Fitbit App
2026-05-13T17:50:00Z,SEDENTARY,Fitbit App
2026-05-13T17:51:00Z,SEDENTARY,Fitbit App
2026-05-13T17:52:00Z,SEDENTARY,Fitbit App
2026-05-13T17:53:00Z,SEDENTARY,Fitbit App
2026-05-13T17:54:00Z,SEDENTARY,Fitbit App
2026-05-13T17:55:00Z,SEDENTARY,Fitbit App
2026-05-13T17:57:00Z,SEDENTARY,Fitbit App
2026-05-13T17:59:00Z,SEDENTARY,Fitbit App
2026-05-13T18:00:00Z,SEDENTARY,Fitbit App
2026-05-13T18:01:00Z,SEDENTARY,Fitbit App
2026-05-13T18:02:00Z,SEDENTARY,Fitbit App
2026-05-13T18:03:00Z,SEDENTARY,Fitbit App
2026-05-13T18:04:00Z,SEDENTARY,Fitbit App
2026-05-13T18:05:00Z,LIGHTLY_ACTIVE,Fitbit App
2026-05-13T18:06:00Z,SEDENTARY,Fitbit App
2026-05-13T18:07:00Z,SEDENTARY,Fitbit App
2026-05-13T18:09:00Z,LIGHTLY_ACTIVE,Fitbit App
2026-05-13T18:10:00Z,SEDENTARY,Fitbit App
2026-05-13T18:11:00Z,SEDENTARY,Fitbit App
2026-05-13T18:14:00Z,SEDENTARY,Fitbit App
2026-05-13T18:15:00Z,LIGHTLY_ACTIVE,Fitbit App
2026-05-13T18:16:00Z,SEDENTARY,Fitbit App
2026-05-13T18:17:00Z,SEDENTARY,Fitbit App
2026-05-13T18:18:00Z,SEDENTARY,Fitbit App
2026-05-13T18:19:00Z,SEDENTARY,Fitbit App
2026-05-13T18:20:00Z,SEDENTARY,Fitbit App
2026-05-13T18:21:00Z,SEDENTARY,Fitbit App
2026-05-13T18:22:00Z,SEDENTARY,Fitbit App
2026-05-13T18:23:00Z,SEDENTARY,Fitbit App
2026-05-13T18:29:00Z,SEDENTARY,Fitbit App
2026-05-13T18:30:00Z,LIGHTLY_ACTIVE,Fitbit App
2026-05-13T18:31:00Z,LIGHTLY_ACTIVE,Fitbit App
2026-05-13T18:32:00Z,SEDENTARY,Fitbit App
2026-05-13T18:33:00Z,SEDENTARY,Fitbit App
2026-05-13T18:34:00Z,LIGHTLY_ACTIVE,Fitbit App
2026-05-13T18:35:00Z,SEDENTARY,Fitbit App
2026-05-13T18:36:00Z,LIGHTLY_ACTIVE,Fitbit App
2026-05-13T18:37:00Z,LIGHTLY_ACTIVE,Fitbit App
2026-05-13T18:38:00Z,MODERATELY_ACTIVE,Fitbit App
2026-05-13T18:39:00Z,LIGHTLY_ACTIVE,Fitbit App
2026-05-13T18:40:00Z,LIGHTLY_ACTIVE,Fitbit App
2026-05-13T18:41:00Z,SEDENTARY,Fitbit App
2026-05-13T18:42:00Z,LIGHTLY_ACTIVE,Fitbit App
2026-05-13T18:43:00Z,SEDENTARY,Fitbit App
2026-05-13T18:44:00Z,SEDENTARY,Fitbit App
2026-05-13T18:45:00Z,LIGHTLY_ACTIVE,Fitbit App
2026-05-13T18:46:00Z,VERY_ACTIVE,Fitbit App
2026-05-13T18:47:00Z,VERY_ACTIVE,Fitbit App
2026-05-13T18:48:00Z,VERY_ACTIVE,Fitbit App
2026-05-13T18:49:00Z,MODERATELY_ACTIVE,Fitbit App
2026-05-13T18:50:00Z,VERY_ACTIVE,Fitbit App
2026-05-13T18:51:00Z,MODERATELY_ACTIVE,Fitbit App
2026-05-13T18:52:00Z,VERY_ACTIVE,Fitbit App
2026-05-13T18:53:00Z,MODERATELY_ACTIVE,Fitbit App
2026-05-13T18:54:00Z,MODERATELY_ACTIVE,Fitbit App
2026-05-13T18:55:00Z,MODERATELY_ACTIVE,Fitbit App
2026-05-13T18:56:00Z,MODERATELY_ACTIVE,Fitbit App
2026-05-13T18:57:00Z,LIGHTLY_ACTIVE,Fitbit App
2026-05-13T18:58:00Z,LIGHTLY_ACTIVE,Fitbit App
2026-05-13T18:59:00Z,LIGHTLY_ACTIVE,Fitbit App
2026-05-13T19:00:00Z,LIGHTLY_ACTIVE,Fitbit App
2026-05-13T19:01:00Z,LIGHTLY_ACTIVE,Fitbit App
2026-05-13T19:02:00Z,MODERATELY_ACTIVE,Fitbit App
2026-05-13T19:03:00Z,MODERATELY_ACTIVE,Fitbit App
2026-05-13T19:04:00Z,LIGHTLY_ACTIVE,Fitbit App
2026-05-13T19:05:00Z,LIGHTLY_ACTIVE,Fitbit App
2026-05-13T19:06:00Z,LIGHTLY_ACTIVE,Fitbit App
2026-05-13T19:07:00Z,LIGHTLY_ACTIVE,Fitbit App
2026-05-13T19:08:00Z,LIGHTLY_ACTIVE,Fitbit App
2026-05-13T19:09:00Z,LIGHTLY_ACTIVE,Fitbit App
2026-05-13T19:10:00Z,LIGHTLY_ACTIVE,Fitbit App
2026-05-13T19:11:00Z,LIGHTLY_ACTIVE,Fitbit App
2026-05-13T19:12:00Z,MODERATELY_ACTIVE,Fitbit App
2026-05-13T19:13:00Z,MODERATELY_ACTIVE,Fitbit App
2026-05-13T19:14:00Z,MODERATELY_ACTIVE,Fitbit App
2026-05-13T19:15:00Z,VERY_ACTIVE,Fitbit App
2026-05-13T19:16:00Z,MODERATELY_ACTIVE,Fitbit App
2026-05-13T19:17:00Z,VERY_ACTIVE,Fitbit App
2026-05-13T19:18:00Z,VERY_ACTIVE,Fitbit App
2026-05-13T19:19:00Z,MODERATELY_ACTIVE,Fitbit App
2026-05-13T19:20:00Z,MODERATELY_ACTIVE,Fitbit App
2026-05-13T19:21:00Z,VERY_ACTIVE,Fitbit App
2026-05-13T19:22:00Z,MODERATELY_ACTIVE,Fitbit App
2026-05-13T19:23:00Z,MODERATELY_ACTIVE,Fitbit App
2026-05-13T19:24:00Z,MODERATELY_ACTIVE,Fitbit App
2026-05-13T19:25:00Z,MODERATELY_ACTIVE,Fitbit App
2026-05-13T19:26:00Z,LIGHTLY_ACTIVE,Fitbit App
2026-05-13T19:27:00Z,LIGHTLY_ACTIVE,Fitbit App
2026-05-13T19:28:00Z,SEDENTARY,Fitbit App
2026-05-13T19:29:00Z,SEDENTARY,Fitbit App
2026-05-13T19:30:00Z,SEDENTARY,Fitbit App
2026-05-13T19:31:00Z,SEDENTARY,Fitbit App
2026-05-13T19:32:00Z,SEDENTARY,Fitbit App
2026-05-13T19:33:00Z,SEDENTARY,Fitbit App
2026-05-13T19:34:00Z,SEDENTARY,Fitbit App
2026-05-13T19:35:00Z,SEDENTARY,Fitbit App
2026-05-13T19:36:00Z,SEDENTARY,Fitbit App
2026-05-13T19:37:00Z,SEDENTARY,Fitbit App
2026-05-13T19:38:00Z,SEDENTARY,Fitbit App
2026-05-13T19:39:00Z,SEDENTARY,Fitbit App
2026-05-13T19:40:00Z,SEDENTARY,Fitbit App
2026-05-13T19:41:00Z,LIGHTLY_ACTIVE,Fitbit App
2026-05-13T19:42:00Z,LIGHTLY_ACTIVE,Fitbit App
2026-05-13T19:43:00Z,LIGHTLY_ACTIVE,Fitbit App
2026-05-13T19:44:00Z,LIGHTLY_ACTIVE,Fitbit App
2026-05-13T19:45:00Z,LIGHTLY_ACTIVE,Fitbit App
2026-05-13T19:46:00Z,LIGHTLY_ACTIVE,Fitbit App
2026-05-13T19:47:00Z,LIGHTLY_ACTIVE,Fitbit App
2026-05-13T19:48:00Z,MODERATELY_ACTIVE,Fitbit App
2026-05-13T19:49:00Z,LIGHTLY_ACTIVE,Fitbit App
2026-05-13T19:50:00Z,LIGHTLY_ACTIVE,Fitbit App
2026-05-13T19:51:00Z,SEDENTARY,Fitbit App
2026-05-13T19:52:00Z,LIGHTLY_ACTIVE,Fitbit App
2026-05-13T19:53:00Z,SEDENTARY,Fitbit App
2026-05-13T19:54:00Z,LIGHTLY_ACTIVE,Fitbit App
2026-05-13T19:55:00Z,LIGHTLY_ACTIVE,Fitbit App
2026-05-13T19:56:00Z,LIGHTLY_ACTIVE,Fitbit App
2026-05-13T19:57:00Z,SEDENTARY,Fitbit App
2026-05-13T19:58:00Z,SEDENTARY,Fitbit App
2026-05-13T19:59:00Z,LIGHTLY_ACTIVE,Fitbit App
2026-05-13T20:00:00Z,LIGHTLY_ACTIVE,Fitbit App
2026-05-13T20:01:00Z,LIGHTLY_ACTIVE,Fitbit App
2026-05-13T20:02:00Z,LIGHTLY_ACTIVE,Fitbit App
2026-05-13T20:03:00Z,SEDENTARY,Fitbit App
2026-05-13T20:04:00Z,LIGHTLY_ACTIVE,Fitbit App
2026-05-13T20:05:00Z,LIGHTLY_ACTIVE,Fitbit App
2026-05-13T20:06:00Z,LIGHTLY_ACTIVE,Fitbit App
2026-05-13T20:07:00Z,LIGHTLY_ACTIVE,Fitbit App
2026-05-13T20:08:00Z,LIGHTLY_ACTIVE,Fitbit App
2026-05-13T20:09:00Z,SEDENTARY,Fitbit App
2026-05-13T20:10:00Z,LIGHTLY_ACTIVE,Fitbit App
2026-05-13T20:11:00Z,LIGHTLY_ACTIVE,Fitbit App
2026-05-13T20:12:00Z,SEDENTARY,Fitbit App
2026-05-13T20:13:00Z,SEDENTARY,Fitbit App
2026-05-13T20:14:00Z,SEDENTARY,Fitbit App
2026-05-13T20:15:00Z,SEDENTARY,Fitbit App
2026-05-13T20:16:00Z,SEDENTARY,Fitbit App
2026-05-13T20:17:00Z,SEDENTARY,Fitbit App
2026-05-13T20:18:00Z,SEDENTARY,Fitbit App
2026-05-13T20:19:00Z,SEDENTARY,Fitbit App
2026-05-13T20:20:00Z,SEDENTARY,Fitbit App
2026-05-13T20:21:00Z,SEDENTARY,Fitbit App
2026-05-13T20:22:00Z,SEDENTARY,Fitbit App
2026-05-13T20:23:00Z,SEDENTARY,Fitbit App
2026-05-13T20:24:00Z,SEDENTARY,Fitbit App
2026-05-13T20:25:00Z,SEDENTARY,Fitbit App
2026-05-13T20:26:00Z,SEDENTARY,Fitbit App
2026-05-13T20:27:00Z,SEDENTARY,Fitbit App
2026-05-13T20:28:00Z,SEDENTARY,Fitbit App
2026-05-13T20:29:00Z,SEDENTARY,Fitbit App
2026-05-13T20:30:00Z,SEDENTARY,Fitbit App
2026-05-13T20:31:00Z,SEDENTARY,Fitbit App
2026-05-13T20:32:00Z,SEDENTARY,Fitbit App
2026-05-13T20:33:00Z,SEDENTARY,Fitbit App
2026-05-13T20:34:00Z,LIGHTLY_ACTIVE,Fitbit App
2026-05-13T20:35:00Z,SEDENTARY,Fitbit App
2026-05-13T20:36:00Z,SEDENTARY,Fitbit App
2026-05-13T20:37:00Z,LIGHTLY_ACTIVE,Fitbit App
2026-05-13T20:38:00Z,LIGHTLY_ACTIVE,Fitbit App
2026-05-13T20:39:00Z,LIGHTLY_ACTIVE,Fitbit App
2026-05-13T20:40:00Z,LIGHTLY_ACTIVE,Fitbit App
2026-05-13T20:41:00Z,SEDENTARY,Fitbit App
2026-05-13T21:05:00Z,SEDENTARY,Fitbit App
2026-05-13T21:08:00Z,SEDENTARY,Fitbit App
2026-05-13T21:09:00Z,SEDENTARY,Fitbit App
2026-05-13T21:11:00Z,SEDENTARY,Fitbit App
2026-05-13T21:18:00Z,SEDENTARY,Fitbit App
2026-05-13T21:19:00Z,SEDENTARY,Fitbit App
2026-05-13T21:20:00Z,SEDENTARY,Fitbit App
2026-05-13T21:25:00Z,SEDENTARY,Fitbit App
2026-05-13T21:31:00Z,SEDENTARY,Fitbit App
2026-05-13T21:38:00Z,SEDENTARY,Fitbit App
2026-05-13T21:50:00Z,SEDENTARY,Fitbit App
2026-05-13T21:53:00Z,SEDENTARY,Fitbit App
2026-05-13T22:09:00Z,SEDENTARY,Fitbit App
2026-05-13T22:44:00Z,SEDENTARY,Fitbit App
2026-05-13T23:34:00Z,LIGHTLY_ACTIVE,Fitbit App
2026-05-13T23:35:00Z,LIGHTLY_ACTIVE,Fitbit App
2026-05-13T23:36:00Z,LIGHTLY_ACTIVE,Fitbit App
2026-05-13T23:37:00Z,SEDENTARY,Fitbit App
2026-05-13T23:40:00Z,SEDENTARY,Fitbit App
2026-05-13T23:46:00Z,SEDENTARY,Fitbit App
2026-05-14T00:22:00Z,SEDENTARY,Fitbit App
2026-05-14T01:17:00Z,SEDENTARY,Fitbit App
2026-05-14T01:18:00Z,SEDENTARY,Fitbit App
2026-05-14T03:27:00Z,SEDENTARY,Fitbit App
2026-05-14T03:42:00Z,SEDENTARY,Fitbit App
2026-05-14T05:23:00Z,SEDENTARY,Fitbit App
2026-05-14T05:30:00Z,SEDENTARY,Fitbit App
2026-05-14T05:31:00Z,SEDENTARY,Fitbit App
2026-05-14T05:38:00Z,SEDENTARY,Fitbit App
2026-05-14T05:45:00Z,SEDENTARY,Fitbit App
2026-05-14T06:13:00Z,SEDENTARY,Fitbit App
2026-05-14T06:39:00Z,SEDENTARY,Fitbit App
2026-05-14T06:41:00Z,SEDENTARY,Fitbit App
2026-05-14T06:45:00Z,SEDENTARY,Fitbit App
2026-05-14T06:49:00Z,SEDENTARY,Fitbit App
2026-05-14T06:51:00Z,SEDENTARY,Fitbit App
2026-05-14T07:00:00Z,SEDENTARY,Fitbit App
2026-05-14T07:03:00Z,SEDENTARY,Fitbit App
2026-05-14T07:26:00Z,SEDENTARY,Fitbit App
2026-05-14T07:59:00Z,SEDENTARY,Fitbit App
2026-05-14T08:01:00Z,SEDENTARY,Fitbit App
2026-05-14T08:02:00Z,SEDENTARY,Fitbit App
2026-05-14T08:03:00Z,SEDENTARY,Fitbit App
2026-05-14T08:04:00Z,SEDENTARY,Fitbit App
2026-05-14T08:06:00Z,SEDENTARY,Fitbit App
2026-05-14T08:07:00Z,SEDENTARY,Fitbit App
2026-05-14T08:25:00Z,SEDENTARY,Fitbit App
2026-05-14T08:26:00Z,SEDENTARY,Fitbit App
2026-05-14T08:27:00Z,SEDENTARY,Fitbit App
2026-05-14T08:28:00Z,SEDENTARY,Fitbit App
2026-05-14T08:33:00Z,SEDENTARY,Fitbit App
2026-05-14T08:35:00Z,SEDENTARY,Fitbit App
2026-05-14T08:36:00Z,SEDENTARY,Fitbit App
2026-05-14T08:39:00Z,SEDENTARY,Fitbit App
2026-05-14T08:40:00Z,SEDENTARY,Fitbit App
2026-05-14T08:41:00Z,SEDENTARY,Fitbit App
2026-05-14T08:42:00Z,SEDENTARY,Fitbit App
2026-05-14T08:43:00Z,SEDENTARY,Fitbit App
2026-05-14T08:44:00Z,SEDENTARY,Fitbit App
2026-05-14T08:47:00Z,SEDENTARY,Fitbit App
2026-05-14T08:48:00Z,SEDENTARY,Fitbit App
2026-05-14T08:49:00Z,SEDENTARY,Fitbit App
2026-05-14T08:50:00Z,SEDENTARY,Fitbit App
2026-05-14T08:51:00Z,SEDENTARY,Fitbit App
2026-05-14T08:52:00Z,SEDENTARY,Fitbit App
2026-05-14T08:53:00Z,SEDENTARY,Fitbit App
2026-05-14T08:54:00Z,SEDENTARY,Fitbit App
2026-05-14T08:55:00Z,SEDENTARY,Fitbit App
2026-05-14T08:56:00Z,SEDENTARY,Fitbit App
2026-05-14T08:57:00Z,SEDENTARY,Fitbit App
2026-05-14T08:58:00Z,SEDENTARY,Fitbit App
2026-05-14T08:59:00Z,SEDENTARY,Fitbit App
2026-05-14T09:00:00Z,SEDENTARY,Fitbit App
2026-05-14T09:02:00Z,SEDENTARY,Fitbit App
2026-05-14T09:13:00Z,SEDENTARY,Fitbit App
2026-05-14T09:17:00Z,SEDENTARY,Fitbit App
2026-05-14T09:18:00Z,SEDENTARY,Fitbit App
2026-05-14T09:20:00Z,SEDENTARY,Fitbit App
2026-05-14T09:24:00Z,LIGHTLY_ACTIVE,Fitbit App
2026-05-14T09:25:00Z,LIGHTLY_ACTIVE,Fitbit App
2026-05-14T09:26:00Z,LIGHTLY_ACTIVE,Fitbit App
2026-05-14T09:27:00Z,SEDENTARY,Fitbit App
2026-05-14T09:28:00Z,SEDENTARY,Fitbit App
2026-05-14T09:29:00Z,SEDENTARY,Fitbit App
2026-05-14T09:30:00Z,SEDENTARY,Fitbit App
2026-05-14T09:31:00Z,LIGHTLY_ACTIVE,Fitbit App
2026-05-14T09:32:00Z,LIGHTLY_ACTIVE,Fitbit App
2026-05-14T09:33:00Z,LIGHTLY_ACTIVE,Fitbit App
2026-05-14T09:34:00Z,LIGHTLY_ACTIVE,Fitbit App
2026-05-14T09:35:00Z,SEDENTARY,Fitbit App
2026-05-14T09:36:00Z,SEDENTARY,Fitbit App
2026-05-14T09:37:00Z,LIGHTLY_ACTIVE,Fitbit App
2026-05-14T09:38:00Z,SEDENTARY,Fitbit App
2026-05-14T09:39:00Z,SEDENTARY,Fitbit App
2026-05-14T09:41:00Z,SEDENTARY,Fitbit App
2026-05-14T09:42:00Z,SEDENTARY,Fitbit App
2026-05-14T09:43:00Z,SEDENTARY,Fitbit App
2026-05-14T09:44:00Z,SEDENTARY,Fitbit App
2026-05-14T09:47:00Z,SEDENTARY,Fitbit App
2026-05-14T09:48:00Z,SEDENTARY,Fitbit App
2026-05-14T09:49:00Z,LIGHTLY_ACTIVE,Fitbit App
2026-05-14T09:50:00Z,LIGHTLY_ACTIVE,Fitbit App
2026-05-14T09:51:00Z,SEDENTARY,Fitbit App
2026-05-14T09:52:00Z,SEDENTARY,Fitbit App
2026-05-14T09:53:00Z,SEDENTARY,Fitbit App
2026-05-14T09:54:00Z,SEDENTARY,Fitbit App
2026-05-14T09:55:00Z,SEDENTARY,Fitbit App
2026-05-14T09:56:00Z,SEDENTARY,Fitbit App
2026-05-14T09:57:00Z,SEDENTARY,Fitbit App
2026-05-14T09:58:00Z,SEDENTARY,Fitbit App
2026-05-14T09:59:00Z,SEDENTARY,Fitbit App
2026-05-14T10:00:00Z,LIGHTLY_ACTIVE,Fitbit App
2026-05-14T10:01:00Z,SEDENTARY,Fitbit App
2026-05-14T10:02:00Z,SEDENTARY,Fitbit App
2026-05-14T10:03:00Z,SEDENTARY,Fitbit App
2026-05-14T10:04:00Z,SEDENTARY,Fitbit App
2026-05-14T10:05:00Z,LIGHTLY_ACTIVE,Fitbit App
2026-05-14T10:06:00Z,LIGHTLY_ACTIVE,Fitbit App
2026-05-14T10:07:00Z,MODERATELY_ACTIVE,Fitbit App
2026-05-14T10:08:00Z,LIGHTLY_ACTIVE,Fitbit App
2026-05-14T10:09:00Z,MODERATELY_ACTIVE,Fitbit App
2026-05-14T10:10:00Z,LIGHTLY_ACTIVE,Fitbit App
2026-05-14T10:11:00Z,MODERATELY_ACTIVE,Fitbit App
2026-05-14T10:12:00Z,LIGHTLY_ACTIVE,Fitbit App
2026-05-14T10:13:00Z,SEDENTARY,Fitbit App
2026-05-14T10:33:00Z,SEDENTARY,Fitbit App
2026-05-14T10:34:00Z,LIGHTLY_ACTIVE,Fitbit App
2026-05-14T10:35:00Z,LIGHTLY_ACTIVE,Fitbit App
2026-05-14T10:36:00Z,MODERATELY_ACTIVE,Fitbit App
2026-05-14T10:37:00Z,MODERATELY_ACTIVE,Fitbit App
2026-05-14T10:38:00Z,MODERATELY_ACTIVE,Fitbit App
2026-05-14T10:39:00Z,MODERATELY_ACTIVE,Fitbit App
2026-05-14T10:40:00Z,MODERATELY_ACTIVE,Fitbit App
2026-05-14T10:41:00Z,SEDENTARY,Fitbit App
2026-05-14T10:42:00Z,SEDENTARY,Fitbit App
2026-05-14T10:43:00Z,SEDENTARY,Fitbit App
2026-05-14T10:44:00Z,SEDENTARY,Fitbit App
2026-05-14T10:45:00Z,SEDENTARY,Fitbit App
2026-05-14T10:46:00Z,SEDENTARY,Fitbit App
2026-05-14T10:47:00Z,SEDENTARY,Fitbit App
2026-05-14T10:48:00Z,SEDENTARY,Fitbit App
2026-05-14T10:49:00Z,SEDENTARY,Fitbit App
2026-05-14T10:50:00Z,SEDENTARY,Fitbit App
2026-05-14T10:51:00Z,SEDENTARY,Fitbit App
2026-05-14T10:53:00Z,SEDENTARY,Fitbit App
2026-05-14T10:54:00Z,SEDENTARY,Fitbit App
2026-05-14T10:55:00Z,SEDENTARY,Fitbit App
2026-05-14T10:56:00Z,SEDENTARY,Fitbit App
2026-05-14T10:57:00Z,SEDENTARY,Fitbit App
2026-05-14T10:58:00Z,SEDENTARY,Fitbit App
2026-05-14T10:59:00Z,SEDENTARY,Fitbit App
2026-05-14T11:00:00Z,SEDENTARY,Fitbit App
2026-05-14T11:01:00Z,SEDENTARY,Fitbit App
2026-05-14T11:02:00Z,SEDENTARY,Fitbit App
2026-05-14T11:03:00Z,SEDENTARY,Fitbit App
2026-05-14T11:04:00Z,SEDENTARY,Fitbit App
2026-05-14T11:05:00Z,SEDENTARY,Fitbit App
2026-05-14T11:06:00Z,SEDENTARY,Fitbit App
2026-05-14T11:07:00Z,SEDENTARY,Fitbit App
2026-05-14T11:08:00Z,SEDENTARY,Fitbit App
2026-05-14T11:09:00Z,SEDENTARY,Fitbit App
2026-05-14T11:10:00Z,SEDENTARY,Fitbit App
2026-05-14T11:11:00Z,SEDENTARY,Fitbit App
2026-05-14T11:12:00Z,SEDENTARY,Fitbit App
2026-05-14T11:13:00Z,SEDENTARY,Fitbit App
2026-05-14T11:14:00Z,SEDENTARY,Fitbit App
2026-05-14T11:15:00Z,SEDENTARY,Fitbit App
2026-05-14T11:16:00Z,SEDENTARY,Fitbit App
2026-05-14T11:17:00Z,SEDENTARY,Fitbit App
2026-05-14T11:18:00Z,SEDENTARY,Fitbit App
2026-05-14T11:19:00Z,SEDENTARY,Fitbit App
2026-05-14T11:20:00Z,SEDENTARY,Fitbit App
2026-05-14T11:22:00Z,SEDENTARY,Fitbit App
2026-05-14T11:24:00Z,SEDENTARY,Fitbit App
2026-05-14T11:25:00Z,SEDENTARY,Fitbit App
2026-05-14T11:28:00Z,SEDENTARY,Fitbit App
2026-05-14T11:30:00Z,SEDENTARY,Fitbit App
2026-05-14T11:31:00Z,SEDENTARY,Fitbit App
2026-05-14T11:32:00Z,SEDENTARY,Fitbit App
2026-05-14T11:34:00Z,SEDENTARY,Fitbit App
2026-05-14T11:35:00Z,SEDENTARY,Fitbit App
2026-05-14T11:36:00Z,SEDENTARY,Fitbit App
2026-05-14T11:38:00Z,SEDENTARY,Fitbit App
2026-05-14T11:39:00Z,SEDENTARY,Fitbit App
2026-05-14T11:40:00Z,SEDENTARY,Fitbit App
2026-05-14T11:46:00Z,SEDENTARY,Fitbit App
2026-05-14T11:47:00Z,LIGHTLY_ACTIVE,Fitbit App
2026-05-14T11:48:00Z,VERY_ACTIVE,Fitbit App
2026-05-14T11:49:00Z,SEDENTARY,Fitbit App
2026-05-14T11:50:00Z,SEDENTARY,Fitbit App
2026-05-14T11:51:00Z,SEDENTARY,Fitbit App
2026-05-14T11:52:00Z,SEDENTARY,Fitbit App
2026-05-14T11:53:00Z,SEDENTARY,Fitbit App
2026-05-14T11:54:00Z,SEDENTARY,Fitbit App
2026-05-14T11:55:00Z,SEDENTARY,Fitbit App
2026-05-14T11:56:00Z,SEDENTARY,Fitbit App
2026-05-14T11:57:00Z,SEDENTARY,Fitbit App
2026-05-14T11:58:00Z,SEDENTARY,Fitbit App
2026-05-14T11:59:00Z,SEDENTARY,Fitbit App
2026-05-14T12:00:00Z,SEDENTARY,Fitbit App
2026-05-14T12:01:00Z,SEDENTARY,Fitbit App
2026-05-14T12:02:00Z,SEDENTARY,Fitbit App
2026-05-14T12:03:00Z,SEDENTARY,Fitbit App
2026-05-14T12:04:00Z,SEDENTARY,Fitbit App
2026-05-14T12:05:00Z,SEDENTARY,Fitbit App
2026-05-14T12:06:00Z,LIGHTLY_ACTIVE,Fitbit App
2026-05-14T12:07:00Z,LIGHTLY_ACTIVE,Fitbit App
2026-05-14T12:08:00Z,LIGHTLY_ACTIVE,Fitbit App
2026-05-14T12:09:00Z,LIGHTLY_ACTIVE,Fitbit App
2026-05-14T12:10:00Z,LIGHTLY_ACTIVE,Fitbit App
2026-05-14T12:11:00Z,MODERATELY_ACTIVE,Fitbit App
2026-05-14T12:12:00Z,SEDENTARY,Fitbit App
2026-05-14T12:13:00Z,SEDENTARY,Fitbit App
2026-05-14T12:14:00Z,SEDENTARY,Fitbit App
2026-05-14T12:15:00Z,SEDENTARY,Fitbit App
2026-05-14T12:16:00Z,SEDENTARY,Fitbit App
2026-05-14T12:17:00Z,SEDENTARY,Fitbit App
2026-05-14T12:18:00Z,SEDENTARY,Fitbit App
2026-05-14T12:19:00Z,SEDENTARY,Fitbit App
2026-05-14T12:20:00Z,SEDENTARY,Fitbit App
2026-05-14T12:21:00Z,SEDENTARY,Fitbit App
2026-05-14T12:22:00Z,SEDENTARY,Fitbit App
2026-05-14T12:23:00Z,SEDENTARY,Fitbit App
2026-05-14T12:24:00Z,SEDENTARY,Fitbit App
2026-05-14T12:25:00Z,SEDENTARY,Fitbit App
2026-05-14T12:26:00Z,SEDENTARY,Fitbit App
2026-05-14T12:27:00Z,SEDENTARY,Fitbit App
2026-05-14T12:28:00Z,SEDENTARY,Fitbit App
2026-05-14T12:29:00Z,SEDENTARY,Fitbit App
2026-05-14T12:30:00Z,SEDENTARY,Fitbit App
2026-05-14T12:31:00Z,SEDENTARY,Fitbit App
2026-05-14T12:32:00Z,SEDENTARY,Fitbit App
2026-05-14T12:33:00Z,SEDENTARY,Fitbit App
2026-05-14T12:34:00Z,SEDENTARY,Fitbit App
2026-05-14T12:35:00Z,SEDENTARY,Fitbit App
2026-05-14T12:36:00Z,SEDENTARY,Fitbit App
2026-05-14T12:37:00Z,SEDENTARY,Fitbit App
2026-05-14T12:38:00Z,SEDENTARY,Fitbit App
2026-05-14T12:39:00Z,SEDENTARY,Fitbit App
2026-05-14T12:40:00Z,SEDENTARY,Fitbit App
2026-05-14T12:41:00Z,SEDENTARY,Fitbit App
2026-05-14T12:42:00Z,SEDENTARY,Fitbit App
2026-05-14T12:43:00Z,SEDENTARY,Fitbit App
2026-05-14T12:44:00Z,SEDENTARY,Fitbit App
2026-05-14T12:45:00Z,SEDENTARY,Fitbit App
2026-05-14T12:46:00Z,LIGHTLY_ACTIVE,Fitbit App
2026-05-14T12:47:00Z,LIGHTLY_ACTIVE,Fitbit App
2026-05-14T12:48:00Z,LIGHTLY_ACTIVE,Fitbit App
2026-05-14T12:49:00Z,SEDENTARY,Fitbit App
2026-05-14T12:50:00Z,SEDENTARY,Fitbit App
2026-05-14T12:51:00Z,LIGHTLY_ACTIVE,Fitbit App
2026-05-14T12:52:00Z,SEDENTARY,Fitbit App
2026-05-14T12:53:00Z,SEDENTARY,Fitbit App
2026-05-14T12:54:00Z,SEDENTARY,Fitbit App
2026-05-14T12:55:00Z,SEDENTARY,Fitbit App
2026-05-14T12:56:00Z,SEDENTARY,Fitbit App
2026-05-14T12:57:00Z,SEDENTARY,Fitbit App
2026-05-14T12:59:00Z,SEDENTARY,Fitbit App
2026-05-14T13:00:00Z,SEDENTARY,Fitbit App
2026-05-14T13:01:00Z,SEDENTARY,Fitbit App
2026-05-14T13:02:00Z,SEDENTARY,Fitbit App
2026-05-14T13:04:00Z,SEDENTARY,Fitbit App
2026-05-14T13:05:00Z,SEDENTARY,Fitbit App
2026-05-14T13:06:00Z,SEDENTARY,Fitbit App
2026-05-14T13:07:00Z,SEDENTARY,Fitbit App
2026-05-14T13:09:00Z,SEDENTARY,Fitbit App
2026-05-14T13:10:00Z,SEDENTARY,Fitbit App
2026-05-14T13:13:00Z,SEDENTARY,Fitbit App
2026-05-14T13:17:00Z,LIGHTLY_ACTIVE,Fitbit App
2026-05-14T13:18:00Z,MODERATELY_ACTIVE,Fitbit App
2026-05-14T13:19:00Z,MODERATELY_ACTIVE,Fitbit App
2026-05-14T13:20:00Z,VERY_ACTIVE,Fitbit App
2026-05-14T13:21:00Z,MODERATELY_ACTIVE,Fitbit App
2026-05-14T13:22:00Z,SEDENTARY,Fitbit App
2026-05-14T13:23:00Z,SEDENTARY,Fitbit App
2026-05-14T13:24:00Z,SEDENTARY,Fitbit App
2026-05-14T13:25:00Z,SEDENTARY,Fitbit App
2026-05-14T13:26:00Z,SEDENTARY,Fitbit App
2026-05-14T13:27:00Z,SEDENTARY,Fitbit App
2026-05-14T13:28:00Z,SEDENTARY,Fitbit App
2026-05-14T13:29:00Z,SEDENTARY,Fitbit App
2026-05-14T13:30:00Z,SEDENTARY,Fitbit App
2026-05-14T13:31:00Z,LIGHTLY_ACTIVE,Fitbit App
2026-05-14T13:32:00Z,SEDENTARY,Fitbit App
2026-05-14T13:33:00Z,SEDENTARY,Fitbit App
2026-05-14T13:34:00Z,SEDENTARY,Fitbit App
2026-05-14T13:35:00Z,SEDENTARY,Fitbit App
2026-05-14T13:36:00Z,SEDENTARY,Fitbit App
2026-05-14T13:37:00Z,SEDENTARY,Fitbit App
2026-05-14T13:38:00Z,SEDENTARY,Fitbit App
2026-05-14T13:39:00Z,SEDENTARY,Fitbit App
2026-05-14T13:40:00Z,SEDENTARY,Fitbit App
2026-05-14T13:41:00Z,SEDENTARY,Fitbit App
2026-05-14T13:42:00Z,SEDENTARY,Fitbit App
2026-05-14T13:43:00Z,SEDENTARY,Fitbit App
2026-05-14T13:44:00Z,SEDENTARY,Fitbit App
2026-05-14T13:45:00Z,SEDENTARY,Fitbit App
2026-05-14T13:46:00Z,SEDENTARY,Fitbit App
2026-05-14T13:47:00Z,SEDENTARY,Fitbit App
2026-05-14T13:48:00Z,SEDENTARY,Fitbit App
2026-05-14T13:49:00Z,SEDENTARY,Fitbit App
2026-05-14T13:50:00Z,SEDENTARY,Fitbit App
2026-05-14T13:51:00Z,SEDENTARY,Fitbit App
2026-05-14T13:52:00Z,SEDENTARY,Fitbit App
2026-05-14T13:54:00Z,LIGHTLY_ACTIVE,Fitbit App
2026-05-14T13:55:00Z,LIGHTLY_ACTIVE,Fitbit App
2026-05-14T13:56:00Z,LIGHTLY_ACTIVE,Fitbit App
2026-05-14T13:57:00Z,SEDENTARY,Fitbit App
2026-05-14T13:58:00Z,SEDENTARY,Fitbit App
2026-05-14T13:59:00Z,LIGHTLY_ACTIVE,Fitbit App
2026-05-14T14:00:00Z,SEDENTARY,Fitbit App
2026-05-14T14:01:00Z,SEDENTARY,Fitbit App
2026-05-14T14:02:00Z,LIGHTLY_ACTIVE,Fitbit App
2026-05-14T14:03:00Z,LIGHTLY_ACTIVE,Fitbit App
2026-05-14T14:04:00Z,SEDENTARY,Fitbit App
2026-05-14T14:09:00Z,SEDENTARY,Fitbit App
2026-05-14T14:14:00Z,LIGHTLY_ACTIVE,Fitbit App
2026-05-14T14:15:00Z,LIGHTLY_ACTIVE,Fitbit App
2026-05-14T14:16:00Z,LIGHTLY_ACTIVE,Fitbit App
2026-05-14T14:17:00Z,LIGHTLY_ACTIVE,Fitbit App
2026-05-14T14:18:00Z,LIGHTLY_ACTIVE,Fitbit App
2026-05-14T14:19:00Z,LIGHTLY_ACTIVE,Fitbit App
2026-05-14T14:20:00Z,LIGHTLY_ACTIVE,Fitbit App
2026-05-14T14:21:00Z,LIGHTLY_ACTIVE,Fitbit App
2026-05-14T14:22:00Z,LIGHTLY_ACTIVE,Fitbit App
2026-05-14T14:23:00Z,SEDENTARY,Fitbit App
2026-05-14T14:24:00Z,LIGHTLY_ACTIVE,Fitbit App
2026-05-14T14:25:00Z,LIGHTLY_ACTIVE,Fitbit App
2026-05-14T14:26:00Z,LIGHTLY_ACTIVE,Fitbit App
2026-05-14T14:27:00Z,LIGHTLY_ACTIVE,Fitbit App
2026-05-14T14:28:00Z,LIGHTLY_ACTIVE,Fitbit App
2026-05-14T14:29:00Z,MODERATELY_ACTIVE,Fitbit App
2026-05-14T14:30:00Z,LIGHTLY_ACTIVE,Fitbit App
2026-05-14T14:31:00Z,MODERATELY_ACTIVE,Fitbit App
2026-05-14T14:32:00Z,LIGHTLY_ACTIVE,Fitbit App
2026-05-14T14:33:00Z,MODERATELY_ACTIVE,Fitbit App
2026-05-14T14:34:00Z,MODERATELY_ACTIVE,Fitbit App
2026-05-14T14:35:00Z,LIGHTLY_ACTIVE,Fitbit App
2026-05-14T14:36:00Z,SEDENTARY,Fitbit App
2026-05-14T14:37:00Z,SEDENTARY,Fitbit App
2026-05-14T14:38:00Z,SEDENTARY,Fitbit App
2026-05-14T14:39:00Z,LIGHTLY_ACTIVE,Fitbit App
2026-05-14T14:40:00Z,SEDENTARY,Fitbit App
2026-05-14T14:42:00Z,SEDENTARY,Fitbit App
2026-05-14T14:43:00Z,SEDENTARY,Fitbit App
2026-05-14T14:44:00Z,SEDENTARY,Fitbit App
2026-05-14T14:45:00Z,SEDENTARY,Fitbit App
2026-05-14T14:48:00Z,SEDENTARY,Fitbit App
2026-05-14T14:49:00Z,SEDENTARY,Fitbit App
2026-05-14T14:50:00Z,SEDENTARY,Fitbit App
2026-05-14T14:51:00Z,SEDENTARY,Fitbit App
2026-05-14T14:52:00Z,SEDENTARY,Fitbit App
2026-05-14T14:53:00Z,SEDENTARY,Fitbit App
2026-05-14T14:54:00Z,SEDENTARY,Fitbit App
2026-05-14T14:55:00Z,LIGHTLY_ACTIVE,Fitbit App
2026-05-14T14:56:00Z,VERY_ACTIVE,Fitbit App
2026-05-14T14:57:00Z,VERY_ACTIVE,Fitbit App
2026-05-14T14:58:00Z,VERY_ACTIVE,Fitbit App
2026-05-14T14:59:00Z,VERY_ACTIVE,Fitbit App
2026-05-14T15:00:00Z,VERY_ACTIVE,Fitbit App
2026-05-14T15:01:00Z,VERY_ACTIVE,Fitbit App
2026-05-14T15:02:00Z,VERY_ACTIVE,Fitbit App
2026-05-14T15:03:00Z,LIGHTLY_ACTIVE,Fitbit App
2026-05-14T15:04:00Z,SEDENTARY,Fitbit App
2026-05-14T15:05:00Z,SEDENTARY,Fitbit App
2026-05-14T15:06:00Z,MODERATELY_ACTIVE,Fitbit App
2026-05-14T15:07:00Z,MODERATELY_ACTIVE,Fitbit App
2026-05-14T15:08:00Z,VERY_ACTIVE,Fitbit App
2026-05-14T15:09:00Z,VERY_ACTIVE,Fitbit App
2026-05-14T15:10:00Z,LIGHTLY_ACTIVE,Fitbit App
2026-05-14T15:11:00Z,VERY_ACTIVE,Fitbit App
2026-05-14T15:12:00Z,VERY_ACTIVE,Fitbit App
2026-05-14T15:13:00Z,MODERATELY_ACTIVE,Fitbit App
2026-05-14T15:14:00Z,LIGHTLY_ACTIVE,Fitbit App
2026-05-14T15:15:00Z,MODERATELY_ACTIVE,Fitbit App
2026-05-14T15:16:00Z,MODERATELY_ACTIVE,Fitbit App
2026-05-14T15:17:00Z,VERY_ACTIVE,Fitbit App
2026-05-14T15:18:00Z,MODERATELY_ACTIVE,Fitbit App
2026-05-14T15:19:00Z,MODERATELY_ACTIVE,Fitbit App
2026-05-14T15:20:00Z,MODERATELY_ACTIVE,Fitbit App
2026-05-14T15:21:00Z,MODERATELY_ACTIVE,Fitbit App
2026-05-14T15:22:00Z,MODERATELY_ACTIVE,Fitbit App
2026-05-14T15:23:00Z,MODERATELY_ACTIVE,Fitbit App
2026-05-14T15:24:00Z,VERY_ACTIVE,Fitbit App
2026-05-14T15:25:00Z,VERY_ACTIVE,Fitbit App
2026-05-14T15:26:00Z,MODERATELY_ACTIVE,Fitbit App
2026-05-14T15:27:00Z,VERY_ACTIVE,Fitbit App
2026-05-14T15:28:00Z,MODERATELY_ACTIVE,Fitbit App
2026-05-14T15:29:00Z,MODERATELY_ACTIVE,Fitbit App
2026-05-14T15:30:00Z,MODERATELY_ACTIVE,Fitbit App
2026-05-14T15:31:00Z,MODERATELY_ACTIVE,Fitbit App
2026-05-14T15:32:00Z,MODERATELY_ACTIVE,Fitbit App
2026-05-14T15:33:00Z,SEDENTARY,Fitbit App
2026-05-14T15:34:00Z,SEDENTARY,Fitbit App
2026-05-14T15:35:00Z,SEDENTARY,Fitbit App
2026-05-14T15:36:00Z,SEDENTARY,Fitbit App
2026-05-14T15:37:00Z,SEDENTARY,Fitbit App
2026-05-14T15:38:00Z,LIGHTLY_ACTIVE,Fitbit App
2026-05-14T15:39:00Z,LIGHTLY_ACTIVE,Fitbit App
2026-05-14T15:40:00Z,SEDENTARY,Fitbit App
2026-05-14T15:41:00Z,SEDENTARY,Fitbit App
2026-05-14T15:42:00Z,SEDENTARY,Fitbit App
2026-05-14T15:43:00Z,SEDENTARY,Fitbit App
2026-05-14T15:44:00Z,SEDENTARY,Fitbit App
2026-05-14T15:45:00Z,SEDENTARY,Fitbit App
2026-05-14T15:46:00Z,LIGHTLY_ACTIVE,Fitbit App
2026-05-14T15:47:00Z,SEDENTARY,Fitbit App
2026-05-14T15:48:00Z,SEDENTARY,Fitbit App
2026-05-14T15:49:00Z,SEDENTARY,Fitbit App
2026-05-14T15:50:00Z,SEDENTARY,Fitbit App
2026-05-14T15:51:00Z,SEDENTARY,Fitbit App
2026-05-14T15:52:00Z,SEDENTARY,Fitbit App
2026-05-14T15:53:00Z,LIGHTLY_ACTIVE,Fitbit App
2026-05-14T15:54:00Z,MODERATELY_ACTIVE,Fitbit App
2026-05-14T15:55:00Z,VERY_ACTIVE,Fitbit App
2026-05-14T15:56:00Z,LIGHTLY_ACTIVE,Fitbit App
2026-05-14T15:57:00Z,LIGHTLY_ACTIVE,Fitbit App
2026-05-14T15:58:00Z,LIGHTLY_ACTIVE,Fitbit App
2026-05-14T15:59:00Z,SEDENTARY,Fitbit App
2026-05-14T16:00:00Z,SEDENTARY,Fitbit App
2026-05-14T16:01:00Z,SEDENTARY,Fitbit App
2026-05-14T16:02:00Z,SEDENTARY,Fitbit App
2026-05-14T16:03:00Z,SEDENTARY,Fitbit App
2026-05-14T16:04:00Z,SEDENTARY,Fitbit App
2026-05-14T16:05:00Z,LIGHTLY_ACTIVE,Fitbit App
2026-05-14T16:06:00Z,LIGHTLY_ACTIVE,Fitbit App
2026-05-14T16:07:00Z,LIGHTLY_ACTIVE,Fitbit App
2026-05-14T16:08:00Z,SEDENTARY,Fitbit App
2026-05-14T16:09:00Z,SEDENTARY,Fitbit App
2026-05-14T16:10:00Z,SEDENTARY,Fitbit App
2026-05-14T16:11:00Z,SEDENTARY,Fitbit App
2026-05-14T16:12:00Z,SEDENTARY,Fitbit App
2026-05-14T16:13:00Z,SEDENTARY,Fitbit App
2026-05-14T16:14:00Z,SEDENTARY,Fitbit App
2026-05-14T16:15:00Z,SEDENTARY,Fitbit App
2026-05-14T16:16:00Z,SEDENTARY,Fitbit App
2026-05-14T16:17:00Z,SEDENTARY,Fitbit App
2026-05-14T16:18:00Z,SEDENTARY,Fitbit App
2026-05-14T16:19:00Z,SEDENTARY,Fitbit App
2026-05-14T16:20:00Z,SEDENTARY,Fitbit App
2026-05-14T16:21:00Z,SEDENTARY,Fitbit App
2026-05-14T16:22:00Z,SEDENTARY,Fitbit App
2026-05-14T16:25:00Z,SEDENTARY,Fitbit App
2026-05-14T16:26:00Z,SEDENTARY,Fitbit App
2026-05-14T16:27:00Z,SEDENTARY,Fitbit App
2026-05-14T16:28:00Z,SEDENTARY,Fitbit App
2026-05-14T16:29:00Z,SEDENTARY,Fitbit App
2026-05-14T16:30:00Z,SEDENTARY,Fitbit App
2026-05-14T16:31:00Z,SEDENTARY,Fitbit App
2026-05-14T16:32:00Z,SEDENTARY,Fitbit App
2026-05-14T16:33:00Z,SEDENTARY,Fitbit App
2026-05-14T16:34:00Z,SEDENTARY,Fitbit App
2026-05-14T16:35:00Z,SEDENTARY,Fitbit App
2026-05-14T16:36:00Z,SEDENTARY,Fitbit App
2026-05-14T16:37:00Z,SEDENTARY,Fitbit App
2026-05-14T16:38:00Z,SEDENTARY,Fitbit App
2026-05-14T16:39:00Z,SEDENTARY,Fitbit App
2026-05-14T16:40:00Z,SEDENTARY,Fitbit App
2026-05-14T16:41:00Z,SEDENTARY,Fitbit App
2026-05-14T16:42:00Z,SEDENTARY,Fitbit App
2026-05-14T16:43:00Z,SEDENTARY,Fitbit App
2026-05-14T16:44:00Z,SEDENTARY,Fitbit App
2026-05-14T16:45:00Z,SEDENTARY,Fitbit App
2026-05-14T16:46:00Z,LIGHTLY_ACTIVE,Fitbit App
2026-05-14T16:47:00Z,SEDENTARY,Fitbit App
2026-05-14T16:48:00Z,SEDENTARY,Fitbit App
2026-05-14T16:49:00Z,SEDENTARY,Fitbit App
2026-05-14T16:50:00Z,SEDENTARY,Fitbit App
2026-05-14T16:51:00Z,SEDENTARY,Fitbit App
2026-05-14T16:52:00Z,SEDENTARY,Fitbit App
2026-05-14T16:53:00Z,SEDENTARY,Fitbit App
2026-05-14T16:54:00Z,SEDENTARY,Fitbit App
2026-05-14T16:55:00Z,SEDENTARY,Fitbit App
2026-05-14T16:56:00Z,SEDENTARY,Fitbit App
2026-05-14T16:57:00Z,LIGHTLY_ACTIVE,Fitbit App
2026-05-14T16:58:00Z,SEDENTARY,Fitbit App
2026-05-14T16:59:00Z,SEDENTARY,Fitbit App
2026-05-14T17:00:00Z,SEDENTARY,Fitbit App
2026-05-14T17:01:00Z,SEDENTARY,Fitbit App
2026-05-14T17:02:00Z,SEDENTARY,Fitbit App
2026-05-14T17:03:00Z,SEDENTARY,Fitbit App
2026-05-14T17:04:00Z,SEDENTARY,Fitbit App
2026-05-14T17:05:00Z,SEDENTARY,Fitbit App
2026-05-14T17:06:00Z,SEDENTARY,Fitbit App
2026-05-14T17:07:00Z,SEDENTARY,Fitbit App
2026-05-14T17:08:00Z,SEDENTARY,Fitbit App
2026-05-14T17:09:00Z,SEDENTARY,Fitbit App
2026-05-14T17:10:00Z,SEDENTARY,Fitbit App
2026-05-14T17:11:00Z,SEDENTARY,Fitbit App
2026-05-14T17:12:00Z,SEDENTARY,Fitbit App
2026-05-14T17:13:00Z,SEDENTARY,Fitbit App
2026-05-14T17:14:00Z,SEDENTARY,Fitbit App
2026-05-14T17:15:00Z,SEDENTARY,Fitbit App
2026-05-14T17:16:00Z,SEDENTARY,Fitbit App
2026-05-14T17:17:00Z,LIGHTLY_ACTIVE,Fitbit App
2026-05-14T17:18:00Z,SEDENTARY,Fitbit App
2026-05-14T17:19:00Z,SEDENTARY,Fitbit App
2026-05-14T17:20:00Z,SEDENTARY,Fitbit App
2026-05-14T17:21:00Z,SEDENTARY,Fitbit App
2026-05-14T17:22:00Z,SEDENTARY,Fitbit App
2026-05-14T17:23:00Z,SEDENTARY,Fitbit App
2026-05-14T17:24:00Z,SEDENTARY,Fitbit App
2026-05-14T17:25:00Z,LIGHTLY_ACTIVE,Fitbit App
2026-05-14T17:26:00Z,SEDENTARY,Fitbit App
2026-05-14T17:27:00Z,LIGHTLY_ACTIVE,Fitbit App
2026-05-14T17:28:00Z,SEDENTARY,Fitbit App
2026-05-14T17:29:00Z,LIGHTLY_ACTIVE,Fitbit App
2026-05-14T17:30:00Z,LIGHTLY_ACTIVE,Fitbit App
2026-05-14T17:31:00Z,LIGHTLY_ACTIVE,Fitbit App
2026-05-14T17:32:00Z,SEDENTARY,Fitbit App
2026-05-14T17:33:00Z,LIGHTLY_ACTIVE,Fitbit App
2026-05-14T17:34:00Z,LIGHTLY_ACTIVE,Fitbit App
2026-05-14T17:35:00Z,LIGHTLY_ACTIVE,Fitbit App
2026-05-14T17:36:00Z,LIGHTLY_ACTIVE,Fitbit App
2026-05-14T17:37:00Z,LIGHTLY_ACTIVE,Fitbit App
2026-05-14T17:38:00Z,SEDENTARY,Fitbit App
2026-05-14T17:39:00Z,SEDENTARY,Fitbit App
2026-05-14T17:40:00Z,LIGHTLY_ACTIVE,Fitbit App
2026-05-14T17:41:00Z,LIGHTLY_ACTIVE,Fitbit App
2026-05-14T17:42:00Z,LIGHTLY_ACTIVE,Fitbit App
2026-05-14T17:43:00Z,LIGHTLY_ACTIVE,Fitbit App
2026-05-14T17:44:00Z,LIGHTLY_ACTIVE,Fitbit App
2026-05-14T17:45:00Z,LIGHTLY_ACTIVE,Fitbit App
2026-05-14T17:46:00Z,LIGHTLY_ACTIVE,Fitbit App
2026-05-14T17:47:00Z,LIGHTLY_ACTIVE,Fitbit App
2026-05-14T17:48:00Z,SEDENTARY,Fitbit App
2026-05-14T17:49:00Z,LIGHTLY_ACTIVE,Fitbit App
2026-05-14T17:50:00Z,LIGHTLY_ACTIVE,Fitbit App
2026-05-14T17:51:00Z,LIGHTLY_ACTIVE,Fitbit App
2026-05-14T17:52:00Z,LIGHTLY_ACTIVE,Fitbit App
2026-05-14T17:53:00Z,LIGHTLY_ACTIVE,Fitbit App
2026-05-14T17:54:00Z,LIGHTLY_ACTIVE,Fitbit App
2026-05-14T17:55:00Z,SEDENTARY,Fitbit App
2026-05-14T17:56:00Z,LIGHTLY_ACTIVE,Fitbit App
2026-05-14T17:57:00Z,LIGHTLY_ACTIVE,Fitbit App
2026-05-14T17:58:00Z,LIGHTLY_ACTIVE,Fitbit App
2026-05-14T17:59:00Z,SEDENTARY,Fitbit App
2026-05-14T18:00:00Z,MODERATELY_ACTIVE,Fitbit App
2026-05-14T18:01:00Z,LIGHTLY_ACTIVE,Fitbit App
2026-05-14T18:02:00Z,MODERATELY_ACTIVE,Fitbit App
2026-05-14T18:03:00Z,LIGHTLY_ACTIVE,Fitbit App
2026-05-14T18:04:00Z,SEDENTARY,Fitbit App
2026-05-14T18:05:00Z,LIGHTLY_ACTIVE,Fitbit App
2026-05-14T18:06:00Z,LIGHTLY_ACTIVE,Fitbit App
2026-05-14T18:07:00Z,LIGHTLY_ACTIVE,Fitbit App
2026-05-14T18:08:00Z,MODERATELY_ACTIVE,Fitbit App
2026-05-14T18:09:00Z,LIGHTLY_ACTIVE,Fitbit App
2026-05-14T18:10:00Z,SEDENTARY,Fitbit App
2026-05-14T18:11:00Z,LIGHTLY_ACTIVE,Fitbit App
2026-05-14T18:12:00Z,SEDENTARY,Fitbit App
2026-05-14T18:13:00Z,LIGHTLY_ACTIVE,Fitbit App
2026-05-14T18:14:00Z,LIGHTLY_ACTIVE,Fitbit App
2026-05-14T18:15:00Z,LIGHTLY_ACTIVE,Fitbit App
2026-05-14T18:16:00Z,MODERATELY_ACTIVE,Fitbit App
2026-05-14T18:17:00Z,LIGHTLY_ACTIVE,Fitbit App
2026-05-14T18:18:00Z,SEDENTARY,Fitbit App
2026-05-14T18:19:00Z,SEDENTARY,Fitbit App
2026-05-14T18:20:00Z,SEDENTARY,Fitbit App
2026-05-14T18:21:00Z,LIGHTLY_ACTIVE,Fitbit App
2026-05-14T18:22:00Z,LIGHTLY_ACTIVE,Fitbit App
2026-05-14T18:23:00Z,LIGHTLY_ACTIVE,Fitbit App
2026-05-14T18:24:00Z,LIGHTLY_ACTIVE,Fitbit App
2026-05-14T18:25:00Z,LIGHTLY_ACTIVE,Fitbit App
2026-05-14T18:26:00Z,LIGHTLY_ACTIVE,Fitbit App
2026-05-14T18:27:00Z,LIGHTLY_ACTIVE,Fitbit App
2026-05-14T18:28:00Z,LIGHTLY_ACTIVE,Fitbit App
2026-05-14T18:29:00Z,LIGHTLY_ACTIVE,Fitbit App
2026-05-14T18:30:00Z,LIGHTLY_ACTIVE,Fitbit App
2026-05-14T18:31:00Z,LIGHTLY_ACTIVE,Fitbit App
2026-05-14T18:32:00Z,LIGHTLY_ACTIVE,Fitbit App
2026-05-14T18:33:00Z,SEDENTARY,Fitbit App
2026-05-14T18:34:00Z,LIGHTLY_ACTIVE,Fitbit App
2026-05-14T18:35:00Z,SEDENTARY,Fitbit App
2026-05-14T18:36:00Z,LIGHTLY_ACTIVE,Fitbit App
2026-05-14T18:37:00Z,LIGHTLY_ACTIVE,Fitbit App
2026-05-14T18:38:00Z,LIGHTLY_ACTIVE,Fitbit App
2026-05-14T18:39:00Z,LIGHTLY_ACTIVE,Fitbit App
2026-05-14T18:40:00Z,SEDENTARY,Fitbit App
2026-05-14T18:41:00Z,SEDENTARY,Fitbit App
2026-05-14T18:42:00Z,LIGHTLY_ACTIVE,Fitbit App
2026-05-14T18:43:00Z,MODERATELY_ACTIVE,Fitbit App
2026-05-14T18:44:00Z,LIGHTLY_ACTIVE,Fitbit App
2026-05-14T18:45:00Z,LIGHTLY_ACTIVE,Fitbit App
2026-05-14T18:46:00Z,LIGHTLY_ACTIVE,Fitbit App
2026-05-14T18:47:00Z,SEDENTARY,Fitbit App
2026-05-14T18:48:00Z,SEDENTARY,Fitbit App
2026-05-14T18:49:00Z,SEDENTARY,Fitbit App
2026-05-14T18:50:00Z,SEDENTARY,Fitbit App
2026-05-14T18:51:00Z,SEDENTARY,Fitbit App
2026-05-14T18:52:00Z,LIGHTLY_ACTIVE,Fitbit App
2026-05-14T18:53:00Z,LIGHTLY_ACTIVE,Fitbit App
2026-05-14T18:54:00Z,LIGHTLY_ACTIVE,Fitbit App
2026-05-14T18:55:00Z,MODERATELY_ACTIVE,Fitbit App
2026-05-14T18:56:00Z,VERY_ACTIVE,Fitbit App
2026-05-14T18:57:00Z,MODERATELY_ACTIVE,Fitbit App
2026-05-14T18:58:00Z,LIGHTLY_ACTIVE,Fitbit App
2026-05-14T18:59:00Z,SEDENTARY,Fitbit App
2026-05-14T19:00:00Z,SEDENTARY,Fitbit App
2026-05-14T19:01:00Z,SEDENTARY,Fitbit App
2026-05-14T19:02:00Z,SEDENTARY,Fitbit App
2026-05-14T19:03:00Z,SEDENTARY,Fitbit App
2026-05-14T19:04:00Z,SEDENTARY,Fitbit App
2026-05-14T19:05:00Z,SEDENTARY,Fitbit App
2026-05-14T19:06:00Z,SEDENTARY,Fitbit App
2026-05-14T19:07:00Z,SEDENTARY,Fitbit App
2026-05-14T19:09:00Z,SEDENTARY,Fitbit App
2026-05-14T19:10:00Z,SEDENTARY,Fitbit App
2026-05-14T19:11:00Z,SEDENTARY,Fitbit App
2026-05-14T19:12:00Z,SEDENTARY,Fitbit App
2026-05-14T19:13:00Z,SEDENTARY,Fitbit App
2026-05-14T19:14:00Z,SEDENTARY,Fitbit App
2026-05-14T19:15:00Z,SEDENTARY,Fitbit App
2026-05-14T19:16:00Z,SEDENTARY,Fitbit App
2026-05-14T19:17:00Z,SEDENTARY,Fitbit App
2026-05-14T19:18:00Z,SEDENTARY,Fitbit App
2026-05-14T19:19:00Z,SEDENTARY,Fitbit App
2026-05-14T19:20:00Z,SEDENTARY,Fitbit App
2026-05-14T19:22:00Z,SEDENTARY,Fitbit App
2026-05-14T19:23:00Z,SEDENTARY,Fitbit App
2026-05-14T19:25:00Z,SEDENTARY,Fitbit App
2026-05-14T19:26:00Z,SEDENTARY,Fitbit App
2026-05-14T19:27:00Z,SEDENTARY,Fitbit App
2026-05-14T19:28:00Z,SEDENTARY,Fitbit App
2026-05-14T19:29:00Z,SEDENTARY,Fitbit App
2026-05-14T19:30:00Z,SEDENTARY,Fitbit App
2026-05-14T19:31:00Z,SEDENTARY,Fitbit App
2026-05-14T19:32:00Z,SEDENTARY,Fitbit App
2026-05-14T19:33:00Z,SEDENTARY,Fitbit App
2026-05-14T19:34:00Z,SEDENTARY,Fitbit App
2026-05-14T19:35:00Z,SEDENTARY,Fitbit App
2026-05-14T19:36:00Z,SEDENTARY,Fitbit App
2026-05-14T19:37:00Z,SEDENTARY,Fitbit App
2026-05-14T19:38:00Z,SEDENTARY,Fitbit App
2026-05-14T19:39:00Z,SEDENTARY,Fitbit App
2026-05-14T19:40:00Z,SEDENTARY,Fitbit App
2026-05-14T19:41:00Z,SEDENTARY,Fitbit App
2026-05-14T19:42:00Z,SEDENTARY,Fitbit App
2026-05-14T19:43:00Z,SEDENTARY,Fitbit App
2026-05-14T19:44:00Z,SEDENTARY,Fitbit App
2026-05-14T19:48:00Z,SEDENTARY,Fitbit App
2026-05-14T19:49:00Z,SEDENTARY,Fitbit App
2026-05-14T19:53:00Z,SEDENTARY,Fitbit App
2026-05-14T20:00:00Z,SEDENTARY,Fitbit App
2026-05-14T20:04:00Z,SEDENTARY,Fitbit App
2026-05-14T20:09:00Z,SEDENTARY,Fitbit App
2026-05-14T20:13:00Z,SEDENTARY,Fitbit App
2026-05-14T20:16:00Z,SEDENTARY,Fitbit App
2026-05-14T20:21:00Z,SEDENTARY,Fitbit App
2026-05-14T20:22:00Z,SEDENTARY,Fitbit App
2026-05-14T20:23:00Z,LIGHTLY_ACTIVE,Fitbit App
2026-05-14T20:24:00Z,LIGHTLY_ACTIVE,Fitbit App
2026-05-14T20:25:00Z,SEDENTARY,Fitbit App
2026-05-14T20:32:00Z,SEDENTARY,Fitbit App
2026-05-14T20:37:00Z,SEDENTARY,Fitbit App
2026-05-14T20:38:00Z,SEDENTARY,Fitbit App
2026-05-14T20:39:00Z,SEDENTARY,Fitbit App
2026-05-14T20:40:00Z,SEDENTARY,Fitbit App
2026-05-14T20:41:00Z,SEDENTARY,Fitbit App
2026-05-14T20:42:00Z,SEDENTARY,Fitbit App
2026-05-14T20:43:00Z,SEDENTARY,Fitbit App
2026-05-14T20:44:00Z,SEDENTARY,Fitbit App
2026-05-14T20:48:00Z,SEDENTARY,Fitbit App
2026-05-14T20:49:00Z,SEDENTARY,Fitbit App
2026-05-14T20:50:00Z,SEDENTARY,Fitbit App
2026-05-14T20:52:00Z,SEDENTARY,Fitbit App
2026-05-14T20:53:00Z,SEDENTARY,Fitbit App
2026-05-14T20:54:00Z,SEDENTARY,Fitbit App
2026-05-14T20:57:00Z,SEDENTARY,Fitbit App
2026-05-14T20:59:00Z,SEDENTARY,Fitbit App
2026-05-14T21:10:00Z,SEDENTARY,Fitbit App
2026-05-14T21:13:00Z,SEDENTARY,Fitbit App
2026-05-14T21:23:00Z,SEDENTARY,Fitbit App
2026-05-14T21:32:00Z,SEDENTARY,Fitbit App
2026-05-14T21:49:00Z,SEDENTARY,Fitbit App
2026-05-14T22:06:00Z,SEDENTARY,Fitbit App
2026-05-14T22:07:00Z,SEDENTARY,Fitbit App
2026-05-14T22:42:00Z,SEDENTARY,Fitbit App
2026-05-14T23:27:00Z,LIGHTLY_ACTIVE,Fitbit App
2026-05-14T23:28:00Z,LIGHTLY_ACTIVE,Fitbit App
2026-05-14T23:29:00Z,LIGHTLY_ACTIVE,Fitbit App
2026-05-14T23:30:00Z,LIGHTLY_ACTIVE,Fitbit App
2026-05-14T23:31:00Z,LIGHTLY_ACTIVE,Fitbit App
2026-05-14T23:32:00Z,LIGHTLY_ACTIVE,Fitbit App
2026-05-14T23:33:00Z,SEDENTARY,Fitbit App
2026-05-14T23:34:00Z,SEDENTARY,Fitbit App
2026-05-14T23:54:00Z,SEDENTARY,Fitbit App
2026-05-14T23:58:00Z,SEDENTARY,Fitbit App
2026-05-14T23:59:00Z,SEDENTARY,Fitbit App
2026-05-15T00:00:00Z,SEDENTARY,Fitbit App
2026-05-15T00:01:00Z,SEDENTARY,Fitbit App
2026-05-15T00:30:00Z,LIGHTLY_ACTIVE,Fitbit App
2026-05-15T00:38:00Z,SEDENTARY,Fitbit App
2026-05-15T01:17:00Z,SEDENTARY,Fitbit App
2026-05-15T01:22:00Z,SEDENTARY,Fitbit App
2026-05-15T03:02:00Z,SEDENTARY,Fitbit App
2026-05-15T03:54:00Z,SEDENTARY,Fitbit App
2026-05-15T04:00:00Z,SEDENTARY,Fitbit App
2026-05-15T04:41:00Z,SEDENTARY,Fitbit App
2026-05-15T04:46:00Z,SEDENTARY,Fitbit App
2026-05-15T05:28:00Z,SEDENTARY,Fitbit App
2026-05-15T06:14:00Z,SEDENTARY,Fitbit App
2026-05-15T06:16:00Z,LIGHTLY_ACTIVE,Fitbit App
2026-05-15T06:30:00Z,SEDENTARY,Fitbit App
2026-05-15T06:55:00Z,SEDENTARY,Fitbit App
2026-05-15T07:09:00Z,LIGHTLY_ACTIVE,Fitbit App
2026-05-15T07:15:00Z,LIGHTLY_ACTIVE,Fitbit App
2026-05-15T07:16:00Z,LIGHTLY_ACTIVE,Fitbit App
2026-05-15T07:17:00Z,LIGHTLY_ACTIVE,Fitbit App
2026-05-15T07:18:00Z,SEDENTARY,Fitbit App
2026-05-15T07:47:00Z,SEDENTARY,Fitbit App
2026-05-15T07:53:00Z,SEDENTARY,Fitbit App
2026-05-15T07:54:00Z,SEDENTARY,Fitbit App
2026-05-15T07:59:00Z,SEDENTARY,Fitbit App
2026-05-15T08:15:00Z,SEDENTARY,Fitbit App
2026-05-15T08:43:00Z,SEDENTARY,Fitbit App
2026-05-15T08:47:00Z,SEDENTARY,Fitbit App
2026-05-15T09:17:00Z,SEDENTARY,Fitbit App
2026-05-15T09:24:00Z,SEDENTARY,Fitbit App
2026-05-15T09:31:00Z,LIGHTLY_ACTIVE,Fitbit App
2026-05-15T09:32:00Z,LIGHTLY_ACTIVE,Fitbit App
2026-05-15T09:33:00Z,LIGHTLY_ACTIVE,Fitbit App
2026-05-15T09:34:00Z,LIGHTLY_ACTIVE,Fitbit App
2026-05-15T09:35:00Z,LIGHTLY_ACTIVE,Fitbit App
2026-05-15T09:36:00Z,SEDENTARY,Fitbit App
2026-05-15T09:37:00Z,LIGHTLY_ACTIVE,Fitbit App
2026-05-15T09:38:00Z,LIGHTLY_ACTIVE,Fitbit App
2026-05-15T09:39:00Z,LIGHTLY_ACTIVE,Fitbit App
2026-05-15T09:40:00Z,LIGHTLY_ACTIVE,Fitbit App
2026-05-15T09:41:00Z,SEDENTARY,Fitbit App
2026-05-15T09:42:00Z,SEDENTARY,Fitbit App
2026-05-15T09:43:00Z,VERY_ACTIVE,Fitbit App
2026-05-15T09:44:00Z,VERY_ACTIVE,Fitbit App
2026-05-15T09:45:00Z,MODERATELY_ACTIVE,Fitbit App
2026-05-15T09:46:00Z,VERY_ACTIVE,Fitbit App
2026-05-15T09:47:00Z,VERY_ACTIVE,Fitbit App
2026-05-15T09:48:00Z,MODERATELY_ACTIVE,Fitbit App
2026-05-15T09:49:00Z,MODERATELY_ACTIVE,Fitbit App
2026-05-15T09:50:00Z,VERY_ACTIVE,Fitbit App
2026-05-15T09:51:00Z,MODERATELY_ACTIVE,Fitbit App
2026-05-15T09:52:00Z,VERY_ACTIVE,Fitbit App
2026-05-15T09:53:00Z,VERY_ACTIVE,Fitbit App
2026-05-15T09:54:00Z,VERY_ACTIVE,Fitbit App
2026-05-15T09:55:00Z,MODERATELY_ACTIVE,Fitbit App
2026-05-15T09:56:00Z,MODERATELY_ACTIVE,Fitbit App
2026-05-15T09:57:00Z,VERY_ACTIVE,Fitbit App
2026-05-15T09:58:00Z,MODERATELY_ACTIVE,Fitbit App
2026-05-15T09:59:00Z,MODERATELY_ACTIVE,Fitbit App
2026-05-15T10:00:00Z,VERY_ACTIVE,Fitbit App
2026-05-15T10:01:00Z,MODERATELY_ACTIVE,Fitbit App
2026-05-15T10:02:00Z,MODERATELY_ACTIVE,Fitbit App
2026-05-15T10:03:00Z,SEDENTARY,Fitbit App
2026-05-15T10:04:00Z,SEDENTARY,Fitbit App
2026-05-15T10:05:00Z,SEDENTARY,Fitbit App
2026-05-15T10:06:00Z,SEDENTARY,Fitbit App
2026-05-15T10:07:00Z,LIGHTLY_ACTIVE,Fitbit App
2026-05-15T10:08:00Z,MODERATELY_ACTIVE,Fitbit App
2026-05-15T10:09:00Z,LIGHTLY_ACTIVE,Fitbit App
2026-05-15T10:10:00Z,LIGHTLY_ACTIVE,Fitbit App
2026-05-15T10:11:00Z,SEDENTARY,Fitbit App
2026-05-15T10:12:00Z,SEDENTARY,Fitbit App
2026-05-15T10:13:00Z,SEDENTARY,Fitbit App
2026-05-15T10:14:00Z,SEDENTARY,Fitbit App
2026-05-15T10:15:00Z,SEDENTARY,Fitbit App
2026-05-15T10:16:00Z,SEDENTARY,Fitbit App
2026-05-15T10:17:00Z,SEDENTARY,Fitbit App
2026-05-15T10:18:00Z,SEDENTARY,Fitbit App
2026-05-15T10:19:00Z,SEDENTARY,Fitbit App
2026-05-15T10:20:00Z,SEDENTARY,Fitbit App
2026-05-15T10:21:00Z,SEDENTARY,Fitbit App
2026-05-15T10:22:00Z,SEDENTARY,Fitbit App
2026-05-15T10:23:00Z,SEDENTARY,Fitbit App
2026-05-15T10:24:00Z,SEDENTARY,Fitbit App
2026-05-15T10:25:00Z,SEDENTARY,Fitbit App
2026-05-15T10:26:00Z,LIGHTLY_ACTIVE,Fitbit App
2026-05-15T10:27:00Z,SEDENTARY,Fitbit App
2026-05-15T10:28:00Z,SEDENTARY,Fitbit App
2026-05-15T10:29:00Z,SEDENTARY,Fitbit App
2026-05-15T10:30:00Z,MODERATELY_ACTIVE,Fitbit App
2026-05-15T10:31:00Z,VERY_ACTIVE,Fitbit App
2026-05-15T10:32:00Z,SEDENTARY,Fitbit App
2026-05-15T10:33:00Z,MODERATELY_ACTIVE,Fitbit App
2026-05-15T10:34:00Z,LIGHTLY_ACTIVE,Fitbit App
2026-05-15T10:35:00Z,LIGHTLY_ACTIVE,Fitbit App
2026-05-15T10:36:00Z,LIGHTLY_ACTIVE,Fitbit App
2026-05-15T10:37:00Z,LIGHTLY_ACTIVE,Fitbit App
2026-05-15T10:38:00Z,MODERATELY_ACTIVE,Fitbit App
2026-05-15T10:39:00Z,LIGHTLY_ACTIVE,Fitbit App
2026-05-15T10:40:00Z,LIGHTLY_ACTIVE,Fitbit App
2026-05-15T10:41:00Z,LIGHTLY_ACTIVE,Fitbit App
2026-05-15T10:42:00Z,VERY_ACTIVE,Fitbit App
2026-05-15T10:43:00Z,LIGHTLY_ACTIVE,Fitbit App
2026-05-15T10:44:00Z,LIGHTLY_ACTIVE,Fitbit App
2026-05-15T10:45:00Z,LIGHTLY_ACTIVE,Fitbit App
2026-05-15T10:46:00Z,VERY_ACTIVE,Fitbit App
2026-05-15T10:47:00Z,VERY_ACTIVE,Fitbit App
2026-05-15T10:48:00Z,MODERATELY_ACTIVE,Fitbit App
2026-05-15T10:49:00Z,MODERATELY_ACTIVE,Fitbit App
2026-05-15T10:50:00Z,MODERATELY_ACTIVE,Fitbit App
2026-05-15T10:51:00Z,VERY_ACTIVE,Fitbit App
2026-05-15T10:52:00Z,VERY_ACTIVE,Fitbit App
2026-05-15T10:53:00Z,VERY_ACTIVE,Fitbit App
2026-05-15T10:54:00Z,VERY_ACTIVE,Fitbit App
2026-05-15T10:55:00Z,VERY_ACTIVE,Fitbit App
2026-05-15T10:56:00Z,LIGHTLY_ACTIVE,Fitbit App
2026-05-15T10:57:00Z,LIGHTLY_ACTIVE,Fitbit App
2026-05-15T10:58:00Z,LIGHTLY_ACTIVE,Fitbit App
2026-05-15T10:59:00Z,MODERATELY_ACTIVE,Fitbit App
2026-05-15T11:00:00Z,MODERATELY_ACTIVE,Fitbit App
2026-05-15T11:01:00Z,MODERATELY_ACTIVE,Fitbit App
2026-05-15T11:02:00Z,MODERATELY_ACTIVE,Fitbit App
2026-05-15T11:03:00Z,VERY_ACTIVE,Fitbit App
2026-05-15T11:04:00Z,LIGHTLY_ACTIVE,Fitbit App
2026-05-15T11:05:00Z,SEDENTARY,Fitbit App
2026-05-15T11:06:00Z,SEDENTARY,Fitbit App
2026-05-15T11:07:00Z,SEDENTARY,Fitbit App
2026-05-15T11:08:00Z,SEDENTARY,Fitbit App
2026-05-15T11:09:00Z,SEDENTARY,Fitbit App
2026-05-15T11:10:00Z,MODERATELY_ACTIVE,Fitbit App
2026-05-15T11:11:00Z,MODERATELY_ACTIVE,Fitbit App
2026-05-15T11:12:00Z,MODERATELY_ACTIVE,Fitbit App
2026-05-15T11:13:00Z,MODERATELY_ACTIVE,Fitbit App
2026-05-15T11:14:00Z,VERY_ACTIVE,Fitbit App
2026-05-15T11:15:00Z,VERY_ACTIVE,Fitbit App
2026-05-15T11:16:00Z,VERY_ACTIVE,Fitbit App
2026-05-15T11:17:00Z,VERY_ACTIVE,Fitbit App
2026-05-15T11:18:00Z,MODERATELY_ACTIVE,Fitbit App
2026-05-15T11:19:00Z,MODERATELY_ACTIVE,Fitbit App
2026-05-15T11:20:00Z,VERY_ACTIVE,Fitbit App
2026-05-15T11:21:00Z,VERY_ACTIVE,Fitbit App
2026-05-15T11:22:00Z,VERY_ACTIVE,Fitbit App
2026-05-15T11:23:00Z,LIGHTLY_ACTIVE,Fitbit App
2026-05-15T11:24:00Z,LIGHTLY_ACTIVE,Fitbit App
2026-05-15T11:25:00Z,LIGHTLY_ACTIVE,Fitbit App
2026-05-15T11:26:00Z,LIGHTLY_ACTIVE,Fitbit App
2026-05-15T11:27:00Z,SEDENTARY,Fitbit App
2026-05-15T11:30:00Z,SEDENTARY,Fitbit App
2026-05-15T11:31:00Z,SEDENTARY,Fitbit App
2026-05-15T11:32:00Z,SEDENTARY,Fitbit App
2026-05-15T11:34:00Z,SEDENTARY,Fitbit App
2026-05-15T11:35:00Z,SEDENTARY,Fitbit App
2026-05-15T11:36:00Z,SEDENTARY,Fitbit App
2026-05-15T11:37:00Z,SEDENTARY,Fitbit App
2026-05-15T11:38:00Z,SEDENTARY,Fitbit App
2026-05-15T11:39:00Z,SEDENTARY,Fitbit App
2026-05-15T11:40:00Z,SEDENTARY,Fitbit App
2026-05-15T11:41:00Z,LIGHTLY_ACTIVE,Fitbit App
2026-05-15T11:42:00Z,LIGHTLY_ACTIVE,Fitbit App
2026-05-15T11:43:00Z,SEDENTARY,Fitbit App
2026-05-15T11:44:00Z,SEDENTARY,Fitbit App
2026-05-15T11:46:00Z,SEDENTARY,Fitbit App
2026-05-15T11:51:00Z,SEDENTARY,Fitbit App
2026-05-15T11:52:00Z,SEDENTARY,Fitbit App
2026-05-15T11:53:00Z,LIGHTLY_ACTIVE,Fitbit App
2026-05-15T11:54:00Z,SEDENTARY,Fitbit App
2026-05-15T11:56:00Z,SEDENTARY,Fitbit App
2026-05-15T11:57:00Z,SEDENTARY,Fitbit App
2026-05-15T11:59:00Z,LIGHTLY_ACTIVE,Fitbit App
2026-05-15T12:00:00Z,SEDENTARY,Fitbit App
2026-05-15T12:03:00Z,SEDENTARY,Fitbit App
2026-05-15T12:04:00Z,SEDENTARY,Fitbit App
2026-05-15T12:05:00Z,SEDENTARY,Fitbit App
2026-05-15T12:11:00Z,SEDENTARY,Fitbit App
2026-05-15T12:12:00Z,SEDENTARY,Fitbit App
2026-05-15T12:18:00Z,SEDENTARY,Fitbit App
2026-05-15T12:20:00Z,SEDENTARY,Fitbit App
2026-05-15T12:22:00Z,SEDENTARY,Fitbit App
2026-05-15T12:23:00Z,SEDENTARY,Fitbit App
2026-05-15T12:24:00Z,SEDENTARY,Fitbit App
2026-05-15T12:25:00Z,SEDENTARY,Fitbit App
2026-05-15T12:27:00Z,SEDENTARY,Fitbit App
2026-05-15T12:28:00Z,LIGHTLY_ACTIVE,Fitbit App
2026-05-15T12:29:00Z,LIGHTLY_ACTIVE,Fitbit App
2026-05-15T12:30:00Z,LIGHTLY_ACTIVE,Fitbit App
2026-05-15T12:31:00Z,LIGHTLY_ACTIVE,Fitbit App
2026-05-15T12:32:00Z,LIGHTLY_ACTIVE,Fitbit App
2026-05-15T12:33:00Z,SEDENTARY,Fitbit App
2026-05-15T12:34:00Z,SEDENTARY,Fitbit App
2026-05-15T12:35:00Z,SEDENTARY,Fitbit App
2026-05-15T12:36:00Z,SEDENTARY,Fitbit App
2026-05-15T12:37:00Z,SEDENTARY,Fitbit App
2026-05-15T12:38:00Z,SEDENTARY,Fitbit App
2026-05-15T12:39:00Z,SEDENTARY,Fitbit App
2026-05-15T12:40:00Z,SEDENTARY,Fitbit App
2026-05-15T12:41:00Z,SEDENTARY,Fitbit App
2026-05-15T12:42:00Z,LIGHTLY_ACTIVE,Fitbit App
2026-05-15T12:43:00Z,SEDENTARY,Fitbit App
2026-05-15T12:44:00Z,SEDENTARY,Fitbit App
2026-05-15T12:45:00Z,LIGHTLY_ACTIVE,Fitbit App
2026-05-15T12:46:00Z,LIGHTLY_ACTIVE,Fitbit App
2026-05-15T12:47:00Z,LIGHTLY_ACTIVE,Fitbit App
2026-05-15T12:48:00Z,LIGHTLY_ACTIVE,Fitbit App
2026-05-15T12:49:00Z,LIGHTLY_ACTIVE,Fitbit App
2026-05-15T12:50:00Z,MODERATELY_ACTIVE,Fitbit App
2026-05-15T12:51:00Z,LIGHTLY_ACTIVE,Fitbit App
2026-05-15T12:52:00Z,SEDENTARY,Fitbit App
2026-05-15T12:53:00Z,LIGHTLY_ACTIVE,Fitbit App
2026-05-15T12:54:00Z,MODERATELY_ACTIVE,Fitbit App
2026-05-15T12:55:00Z,MODERATELY_ACTIVE,Fitbit App
2026-05-15T12:56:00Z,MODERATELY_ACTIVE,Fitbit App
2026-05-15T12:57:00Z,SEDENTARY,Fitbit App
2026-05-15T12:58:00Z,SEDENTARY,Fitbit App
2026-05-15T12:59:00Z,SEDENTARY,Fitbit App
2026-05-15T13:00:00Z,SEDENTARY,Fitbit App
2026-05-15T13:01:00Z,SEDENTARY,Fitbit App
2026-05-15T13:02:00Z,SEDENTARY,Fitbit App
2026-05-15T13:03:00Z,SEDENTARY,Fitbit App
2026-05-15T13:04:00Z,LIGHTLY_ACTIVE,Fitbit App
2026-05-15T13:05:00Z,LIGHTLY_ACTIVE,Fitbit App
2026-05-15T13:06:00Z,LIGHTLY_ACTIVE,Fitbit App
2026-05-15T13:07:00Z,MODERATELY_ACTIVE,Fitbit App
2026-05-15T13:08:00Z,MODERATELY_ACTIVE,Fitbit App
2026-05-15T13:09:00Z,MODERATELY_ACTIVE,Fitbit App
2026-05-15T13:10:00Z,SEDENTARY,Fitbit App
2026-05-15T13:11:00Z,LIGHTLY_ACTIVE,Fitbit App
2026-05-15T13:12:00Z,LIGHTLY_ACTIVE,Fitbit App
2026-05-15T13:13:00Z,LIGHTLY_ACTIVE,Fitbit App
2026-05-15T13:14:00Z,LIGHTLY_ACTIVE,Fitbit App
2026-05-15T13:15:00Z,LIGHTLY_ACTIVE,Fitbit App
2026-05-15T13:16:00Z,MODERATELY_ACTIVE,Fitbit App
2026-05-15T13:17:00Z,LIGHTLY_ACTIVE,Fitbit App
2026-05-15T13:18:00Z,LIGHTLY_ACTIVE,Fitbit App
2026-05-15T13:19:00Z,MODERATELY_ACTIVE,Fitbit App
2026-05-15T13:20:00Z,MODERATELY_ACTIVE,Fitbit App
2026-05-15T13:21:00Z,LIGHTLY_ACTIVE,Fitbit App
2026-05-15T13:22:00Z,LIGHTLY_ACTIVE,Fitbit App
2026-05-15T13:23:00Z,LIGHTLY_ACTIVE,Fitbit App
2026-05-15T13:24:00Z,MODERATELY_ACTIVE,Fitbit App
2026-05-15T13:25:00Z,MODERATELY_ACTIVE,Fitbit App
2026-05-15T13:26:00Z,LIGHTLY_ACTIVE,Fitbit App
2026-05-15T13:27:00Z,LIGHTLY_ACTIVE,Fitbit App
2026-05-15T13:28:00Z,MODERATELY_ACTIVE,Fitbit App
2026-05-15T13:29:00Z,MODERATELY_ACTIVE,Fitbit App
2026-05-15T13:30:00Z,LIGHTLY_ACTIVE,Fitbit App
2026-05-15T13:31:00Z,LIGHTLY_ACTIVE,Fitbit App
2026-05-15T13:32:00Z,MODERATELY_ACTIVE,Fitbit App
2026-05-15T13:33:00Z,MODERATELY_ACTIVE,Fitbit App
2026-05-15T13:34:00Z,MODERATELY_ACTIVE,Fitbit App
2026-05-15T13:35:00Z,MODERATELY_ACTIVE,Fitbit App
2026-05-15T13:36:00Z,MODERATELY_ACTIVE,Fitbit App
2026-05-15T13:37:00Z,MODERATELY_ACTIVE,Fitbit App
2026-05-15T13:38:00Z,MODERATELY_ACTIVE,Fitbit App
2026-05-15T13:39:00Z,MODERATELY_ACTIVE,Fitbit App
2026-05-15T13:40:00Z,MODERATELY_ACTIVE,Fitbit App
2026-05-15T13:41:00Z,MODERATELY_ACTIVE,Fitbit App
2026-05-15T13:42:00Z,LIGHTLY_ACTIVE,Fitbit App
2026-05-15T13:43:00Z,MODERATELY_ACTIVE,Fitbit App
2026-05-15T13:44:00Z,MODERATELY_ACTIVE,Fitbit App
2026-05-15T13:45:00Z,LIGHTLY_ACTIVE,Fitbit App
2026-05-15T13:46:00Z,LIGHTLY_ACTIVE,Fitbit App
2026-05-15T13:47:00Z,LIGHTLY_ACTIVE,Fitbit App
2026-05-15T13:48:00Z,MODERATELY_ACTIVE,Fitbit App
2026-05-15T13:49:00Z,MODERATELY_ACTIVE,Fitbit App
2026-05-15T13:50:00Z,MODERATELY_ACTIVE,Fitbit App
2026-05-15T13:51:00Z,MODERATELY_ACTIVE,Fitbit App
2026-05-15T13:52:00Z,MODERATELY_ACTIVE,Fitbit App
2026-05-15T13:53:00Z,MODERATELY_ACTIVE,Fitbit App
2026-05-15T13:54:00Z,LIGHTLY_ACTIVE,Fitbit App
2026-05-15T13:55:00Z,SEDENTARY,Fitbit App
2026-05-15T13:56:00Z,MODERATELY_ACTIVE,Fitbit App
2026-05-15T13:57:00Z,MODERATELY_ACTIVE,Fitbit App
2026-05-15T13:58:00Z,LIGHTLY_ACTIVE,Fitbit App
2026-05-15T13:59:00Z,MODERATELY_ACTIVE,Fitbit App
2026-05-15T14:00:00Z,LIGHTLY_ACTIVE,Fitbit App
2026-05-15T14:01:00Z,LIGHTLY_ACTIVE,Fitbit App
2026-05-15T14:02:00Z,MODERATELY_ACTIVE,Fitbit App
2026-05-15T14:03:00Z,MODERATELY_ACTIVE,Fitbit App
2026-05-15T14:04:00Z,MODERATELY_ACTIVE,Fitbit App
2026-05-15T14:05:00Z,LIGHTLY_ACTIVE,Fitbit App
2026-05-15T14:06:00Z,MODERATELY_ACTIVE,Fitbit App
2026-05-15T14:07:00Z,SEDENTARY,Fitbit App
2026-05-15T14:08:00Z,SEDENTARY,Fitbit App
2026-05-15T14:09:00Z,SEDENTARY,Fitbit App
2026-05-15T14:10:00Z,SEDENTARY,Fitbit App
2026-05-15T14:11:00Z,SEDENTARY,Fitbit App
2026-05-15T14:12:00Z,SEDENTARY,Fitbit App
2026-05-15T14:13:00Z,SEDENTARY,Fitbit App
2026-05-15T14:14:00Z,SEDENTARY,Fitbit App
2026-05-15T14:15:00Z,SEDENTARY,Fitbit App
2026-05-15T14:16:00Z,SEDENTARY,Fitbit App
2026-05-15T14:17:00Z,SEDENTARY,Fitbit App
2026-05-15T14:18:00Z,SEDENTARY,Fitbit App
2026-05-15T14:20:00Z,SEDENTARY,Fitbit App
2026-05-15T14:21:00Z,SEDENTARY,Fitbit App
2026-05-15T14:22:00Z,LIGHTLY_ACTIVE,Fitbit App
2026-05-15T14:23:00Z,LIGHTLY_ACTIVE,Fitbit App
2026-05-15T14:24:00Z,LIGHTLY_ACTIVE,Fitbit App
2026-05-15T14:25:00Z,LIGHTLY_ACTIVE,Fitbit App
2026-05-15T14:26:00Z,MODERATELY_ACTIVE,Fitbit App
2026-05-15T14:27:00Z,MODERATELY_ACTIVE,Fitbit App
2026-05-15T14:28:00Z,MODERATELY_ACTIVE,Fitbit App
2026-05-15T14:29:00Z,MODERATELY_ACTIVE,Fitbit App
2026-05-15T14:30:00Z,LIGHTLY_ACTIVE,Fitbit App
2026-05-15T14:31:00Z,SEDENTARY,Fitbit App
2026-05-15T14:32:00Z,LIGHTLY_ACTIVE,Fitbit App
2026-05-15T14:33:00Z,LIGHTLY_ACTIVE,Fitbit App
2026-05-15T14:34:00Z,LIGHTLY_ACTIVE,Fitbit App
2026-05-15T14:35:00Z,LIGHTLY_ACTIVE,Fitbit App
2026-05-15T14:36:00Z,SEDENTARY,Fitbit App
2026-05-15T14:37:00Z,LIGHTLY_ACTIVE,Fitbit App
2026-05-15T14:38:00Z,LIGHTLY_ACTIVE,Fitbit App
2026-05-15T14:39:00Z,LIGHTLY_ACTIVE,Fitbit App
2026-05-15T14:40:00Z,LIGHTLY_ACTIVE,Fitbit App
2026-05-15T14:41:00Z,LIGHTLY_ACTIVE,Fitbit App
2026-05-15T14:42:00Z,LIGHTLY_ACTIVE,Fitbit App
2026-05-15T14:43:00Z,LIGHTLY_ACTIVE,Fitbit App
2026-05-15T14:44:00Z,LIGHTLY_ACTIVE,Fitbit App
2026-05-15T14:45:00Z,LIGHTLY_ACTIVE,Fitbit App
2026-05-15T14:46:00Z,SEDENTARY,Fitbit App
2026-05-15T14:47:00Z,LIGHTLY_ACTIVE,Fitbit App
2026-05-15T14:48:00Z,LIGHTLY_ACTIVE,Fitbit App
2026-05-15T14:49:00Z,MODERATELY_ACTIVE,Fitbit App
2026-05-15T14:50:00Z,LIGHTLY_ACTIVE,Fitbit App
2026-05-15T14:51:00Z,MODERATELY_ACTIVE,Fitbit App
2026-05-15T14:52:00Z,LIGHTLY_ACTIVE,Fitbit App
2026-05-15T14:53:00Z,LIGHTLY_ACTIVE,Fitbit App
2026-05-15T14:54:00Z,LIGHTLY_ACTIVE,Fitbit App
2026-05-15T14:55:00Z,LIGHTLY_ACTIVE,Fitbit App
2026-05-15T14:56:00Z,SEDENTARY,Fitbit App
2026-05-15T14:57:00Z,LIGHTLY_ACTIVE,Fitbit App
2026-05-15T14:58:00Z,LIGHTLY_ACTIVE,Fitbit App
2026-05-15T14:59:00Z,MODERATELY_ACTIVE,Fitbit App
2026-05-15T15:00:00Z,LIGHTLY_ACTIVE,Fitbit App
2026-05-15T15:01:00Z,LIGHTLY_ACTIVE,Fitbit App
2026-05-15T15:02:00Z,LIGHTLY_ACTIVE,Fitbit App
2026-05-15T15:03:00Z,MODERATELY_ACTIVE,Fitbit App
2026-05-15T15:04:00Z,MODERATELY_ACTIVE,Fitbit App
2026-05-15T15:05:00Z,MODERATELY_ACTIVE,Fitbit App
2026-05-15T15:06:00Z,VERY_ACTIVE,Fitbit App
2026-05-15T15:07:00Z,MODERATELY_ACTIVE,Fitbit App
2026-05-15T15:08:00Z,SEDENTARY,Fitbit App
2026-05-15T15:09:00Z,LIGHTLY_ACTIVE,Fitbit App
2026-05-15T15:10:00Z,LIGHTLY_ACTIVE,Fitbit App
2026-05-15T15:11:00Z,SEDENTARY,Fitbit App
2026-05-15T15:12:00Z,LIGHTLY_ACTIVE,Fitbit App
2026-05-15T15:13:00Z,SEDENTARY,Fitbit App
2026-05-15T15:14:00Z,SEDENTARY,Fitbit App
2026-05-15T15:15:00Z,SEDENTARY,Fitbit App
2026-05-15T15:16:00Z,SEDENTARY,Fitbit App
2026-05-15T15:17:00Z,SEDENTARY,Fitbit App
2026-05-15T15:18:00Z,SEDENTARY,Fitbit App
2026-05-15T15:19:00Z,SEDENTARY,Fitbit App
2026-05-15T15:20:00Z,SEDENTARY,Fitbit App
2026-05-15T15:21:00Z,SEDENTARY,Fitbit App
2026-05-15T15:22:00Z,SEDENTARY,Fitbit App
2026-05-15T15:23:00Z,SEDENTARY,Fitbit App
2026-05-15T15:24:00Z,SEDENTARY,Fitbit App
2026-05-15T15:25:00Z,SEDENTARY,Fitbit App
2026-05-15T15:26:00Z,SEDENTARY,Fitbit App
2026-05-15T15:27:00Z,SEDENTARY,Fitbit App
2026-05-15T15:28:00Z,SEDENTARY,Fitbit App
2026-05-15T15:29:00Z,SEDENTARY,Fitbit App
2026-05-15T15:30:00Z,LIGHTLY_ACTIVE,Fitbit App
2026-05-15T15:31:00Z,VERY_ACTIVE,Fitbit App
2026-05-15T15:32:00Z,VERY_ACTIVE,Fitbit App
2026-05-15T15:33:00Z,VERY_ACTIVE,Fitbit App
2026-05-15T15:34:00Z,MODERATELY_ACTIVE,Fitbit App
2026-05-15T15:35:00Z,MODERATELY_ACTIVE,Fitbit App
2026-05-15T15:36:00Z,LIGHTLY_ACTIVE,Fitbit App
2026-05-15T15:37:00Z,LIGHTLY_ACTIVE,Fitbit App
2026-05-15T15:39:00Z,LIGHTLY_ACTIVE,Fitbit App
2026-05-15T15:40:00Z,LIGHTLY_ACTIVE,Fitbit App
2026-05-15T15:41:00Z,LIGHTLY_ACTIVE,Fitbit App
2026-05-15T15:42:00Z,LIGHTLY_ACTIVE,Fitbit App
2026-05-15T15:43:00Z,LIGHTLY_ACTIVE,Fitbit App
2026-05-15T15:44:00Z,LIGHTLY_ACTIVE,Fitbit App
2026-05-15T15:45:00Z,LIGHTLY_ACTIVE,Fitbit App
2026-05-15T15:46:00Z,LIGHTLY_ACTIVE,Fitbit App
2026-05-15T15:47:00Z,LIGHTLY_ACTIVE,Fitbit App
2026-05-15T15:48:00Z,SEDENTARY,Fitbit App
2026-05-15T15:49:00Z,LIGHTLY_ACTIVE,Fitbit App
2026-05-15T15:50:00Z,LIGHTLY_ACTIVE,Fitbit App
2026-05-15T15:51:00Z,LIGHTLY_ACTIVE,Fitbit App
2026-05-15T15:52:00Z,LIGHTLY_ACTIVE,Fitbit App
2026-05-15T15:53:00Z,LIGHTLY_ACTIVE,Fitbit App
2026-05-15T15:54:00Z,SEDENTARY,Fitbit App
2026-05-15T15:55:00Z,SEDENTARY,Fitbit App
2026-05-15T15:56:00Z,SEDENTARY,Fitbit App
2026-05-15T15:57:00Z,LIGHTLY_ACTIVE,Fitbit App
2026-05-15T15:58:00Z,SEDENTARY,Fitbit App
2026-05-15T15:59:00Z,SEDENTARY,Fitbit App
2026-05-15T16:00:00Z,SEDENTARY,Fitbit App
2026-05-15T16:01:00Z,SEDENTARY,Fitbit App
2026-05-15T16:02:00Z,SEDENTARY,Fitbit App
2026-05-15T16:03:00Z,SEDENTARY,Fitbit App
2026-05-15T16:04:00Z,SEDENTARY,Fitbit App
2026-05-15T16:05:00Z,SEDENTARY,Fitbit App
2026-05-15T16:06:00Z,SEDENTARY,Fitbit App
2026-05-15T16:07:00Z,SEDENTARY,Fitbit App
2026-05-15T16:08:00Z,SEDENTARY,Fitbit App
2026-05-15T16:09:00Z,SEDENTARY,Fitbit App
2026-05-15T16:10:00Z,SEDENTARY,Fitbit App
2026-05-15T16:11:00Z,SEDENTARY,Fitbit App
2026-05-15T16:12:00Z,SEDENTARY,Fitbit App
2026-05-15T16:13:00Z,SEDENTARY,Fitbit App
2026-05-15T16:14:00Z,SEDENTARY,Fitbit App
2026-05-15T16:15:00Z,SEDENTARY,Fitbit App
2026-05-15T16:16:00Z,SEDENTARY,Fitbit App
2026-05-15T16:17:00Z,SEDENTARY,Fitbit App
2026-05-15T16:18:00Z,SEDENTARY,Fitbit App
2026-05-15T16:19:00Z,SEDENTARY,Fitbit App
2026-05-15T16:20:00Z,SEDENTARY,Fitbit App
2026-05-15T16:21:00Z,SEDENTARY,Fitbit App
2026-05-15T16:22:00Z,SEDENTARY,Fitbit App
2026-05-15T16:23:00Z,SEDENTARY,Fitbit App
2026-05-15T16:24:00Z,SEDENTARY,Fitbit App
2026-05-15T16:25:00Z,SEDENTARY,Fitbit App
2026-05-15T16:26:00Z,SEDENTARY,Fitbit App
2026-05-15T16:27:00Z,SEDENTARY,Fitbit App
2026-05-15T16:28:00Z,SEDENTARY,Fitbit App
2026-05-15T16:29:00Z,SEDENTARY,Fitbit App
2026-05-15T16:30:00Z,SEDENTARY,Fitbit App
2026-05-15T16:31:00Z,SEDENTARY,Fitbit App
2026-05-15T16:32:00Z,SEDENTARY,Fitbit App
2026-05-15T16:33:00Z,SEDENTARY,Fitbit App
2026-05-15T16:34:00Z,SEDENTARY,Fitbit App
2026-05-15T16:35:00Z,SEDENTARY,Fitbit App
2026-05-15T16:36:00Z,SEDENTARY,Fitbit App
2026-05-15T16:37:00Z,SEDENTARY,Fitbit App
2026-05-15T16:38:00Z,SEDENTARY,Fitbit App
2026-05-15T16:39:00Z,SEDENTARY,Fitbit App
2026-05-15T16:40:00Z,SEDENTARY,Fitbit App
2026-05-15T16:41:00Z,SEDENTARY,Fitbit App
2026-05-15T16:42:00Z,SEDENTARY,Fitbit App
2026-05-15T16:43:00Z,SEDENTARY,Fitbit App
2026-05-15T16:44:00Z,SEDENTARY,Fitbit App
2026-05-15T16:45:00Z,SEDENTARY,Fitbit App
2026-05-15T16:46:00Z,SEDENTARY,Fitbit App
2026-05-15T16:47:00Z,SEDENTARY,Fitbit App
2026-05-15T16:48:00Z,SEDENTARY,Fitbit App
2026-05-15T16:49:00Z,SEDENTARY,Fitbit App
2026-05-15T16:50:00Z,LIGHTLY_ACTIVE,Fitbit App
2026-05-18T13:14:00Z,SEDENTARY,Fitbit App
2026-05-18T13:15:00Z,SEDENTARY,Fitbit App
2026-05-18T13:16:00Z,LIGHTLY_ACTIVE,Fitbit App
2026-05-18T13:17:00Z,MODERATELY_ACTIVE,Fitbit App
2026-05-18T13:18:00Z,MODERATELY_ACTIVE,Fitbit App
2026-05-18T13:19:00Z,LIGHTLY_ACTIVE,Fitbit App
2026-05-18T13:20:00Z,MODERATELY_ACTIVE,Fitbit App
2026-05-18T13:21:00Z,MODERATELY_ACTIVE,Fitbit App
2026-05-18T13:22:00Z,MODERATELY_ACTIVE,Fitbit App
2026-05-18T13:23:00Z,VERY_ACTIVE,Fitbit App
2026-05-18T13:24:00Z,VERY_ACTIVE,Fitbit App
2026-05-18T13:25:00Z,VERY_ACTIVE,Fitbit App
2026-05-18T13:26:00Z,VERY_ACTIVE,Fitbit App
2026-05-18T13:27:00Z,VERY_ACTIVE,Fitbit App
2026-05-18T13:28:00Z,VERY_ACTIVE,Fitbit App
2026-05-18T13:29:00Z,VERY_ACTIVE,Fitbit App
2026-05-18T13:30:00Z,MODERATELY_ACTIVE,Fitbit App
2026-05-18T13:31:00Z,MODERATELY_ACTIVE,Fitbit App
2026-05-18T13:32:00Z,MODERATELY_ACTIVE,Fitbit App
2026-05-18T13:33:00Z,LIGHTLY_ACTIVE,Fitbit App
2026-05-18T13:34:00Z,LIGHTLY_ACTIVE,Fitbit App
2026-05-18T13:35:00Z,LIGHTLY_ACTIVE,Fitbit App
2026-05-18T13:36:00Z,LIGHTLY_ACTIVE,Fitbit App
2026-05-18T13:37:00Z,MODERATELY_ACTIVE,Fitbit App
2026-05-18T13:38:00Z,VERY_ACTIVE,Fitbit App
2026-05-18T13:39:00Z,VERY_ACTIVE,Fitbit App
2026-05-18T13:40:00Z,VERY_ACTIVE,Fitbit App
2026-05-18T13:41:00Z,VERY_ACTIVE,Fitbit App
2026-05-18T13:42:00Z,VERY_ACTIVE,Fitbit App
2026-05-18T13:43:00Z,VERY_ACTIVE,Fitbit App
2026-05-18T13:44:00Z,VERY_ACTIVE,Fitbit App
2026-05-18T13:45:00Z,VERY_ACTIVE,Fitbit App
2026-05-18T13:46:00Z,LIGHTLY_ACTIVE,Fitbit App
2026-05-18T13:47:00Z,LIGHTLY_ACTIVE,Fitbit App
2026-05-18T13:48:00Z,MODERATELY_ACTIVE,Fitbit App
2026-05-18T13:49:00Z,VERY_ACTIVE,Fitbit App
2026-05-18T13:50:00Z,MODERATELY_ACTIVE,Fitbit App
2026-05-18T13:51:00Z,MODERATELY_ACTIVE,Fitbit App
2026-05-18T13:52:00Z,LIGHTLY_ACTIVE,Fitbit App
2026-05-18T13:53:00Z,LIGHTLY_ACTIVE,Fitbit App
2026-05-18T13:54:00Z,MODERATELY_ACTIVE,Fitbit App
2026-05-18T13:55:00Z,MODERATELY_ACTIVE,Fitbit App
2026-05-18T13:56:00Z,MODERATELY_ACTIVE,Fitbit App
2026-05-18T13:57:00Z,LIGHTLY_ACTIVE,Fitbit App
2026-05-18T13:58:00Z,MODERATELY_ACTIVE,Fitbit App
2026-05-18T13:59:00Z,VERY_ACTIVE,Fitbit App
2026-05-18T14:00:00Z,VERY_ACTIVE,Fitbit App
2026-05-18T14:01:00Z,VERY_ACTIVE,Fitbit App
2026-05-18T14:02:00Z,VERY_ACTIVE,Fitbit App
2026-05-18T14:03:00Z,VERY_ACTIVE,Fitbit App
2026-05-18T14:04:00Z,LIGHTLY_ACTIVE,Fitbit App
2026-05-18T14:05:00Z,MODERATELY_ACTIVE,Fitbit App
2026-05-18T14:06:00Z,MODERATELY_ACTIVE,Fitbit App
2026-05-18T14:07:00Z,LIGHTLY_ACTIVE,Fitbit App
2026-05-18T14:08:00Z,VERY_ACTIVE,Fitbit App
2026-05-18T14:09:00Z,VERY_ACTIVE,Fitbit App
2026-05-18T14:10:00Z,VERY_ACTIVE,Fitbit App
2026-05-18T14:11:00Z,VERY_ACTIVE,Fitbit App
2026-05-18T14:12:00Z,VERY_ACTIVE,Fitbit App
2026-05-18T14:13:00Z,VERY_ACTIVE,Fitbit App
2026-05-18T14:14:00Z,VERY_ACTIVE,Fitbit App
2026-05-18T14:15:00Z,VERY_ACTIVE,Fitbit App
2026-05-18T14:16:00Z,VERY_ACTIVE,Fitbit App
2026-05-18T14:17:00Z,MODERATELY_ACTIVE,Fitbit App
2026-05-18T14:18:00Z,MODERATELY_ACTIVE,Fitbit App
2026-05-18T14:19:00Z,LIGHTLY_ACTIVE,Fitbit App
2026-05-18T14:20:00Z,LIGHTLY_ACTIVE,Fitbit App
2026-05-18T14:21:00Z,MODERATELY_ACTIVE,Fitbit App
2026-05-18T14:22:00Z,MODERATELY_ACTIVE,Fitbit App
2026-05-18T14:23:00Z,MODERATELY_ACTIVE,Fitbit App
2026-05-18T14:24:00Z,MODERATELY_ACTIVE,Fitbit App
2026-05-18T14:25:00Z,LIGHTLY_ACTIVE,Fitbit App
2026-05-18T14:26:00Z,MODERATELY_ACTIVE,Fitbit App
2026-05-18T14:27:00Z,MODERATELY_ACTIVE,Fitbit App
2026-05-18T14:28:00Z,MODERATELY_ACTIVE,Fitbit App
2026-05-18T14:29:00Z,VERY_ACTIVE,Fitbit App
2026-05-18T14:30:00Z,MODERATELY_ACTIVE,Fitbit App
2026-05-18T14:31:00Z,MODERATELY_ACTIVE,Fitbit App
2026-05-18T14:32:00Z,VERY_ACTIVE,Fitbit App
2026-05-18T14:33:00Z,MODERATELY_ACTIVE,Fitbit App
2026-05-18T14:34:00Z,MODERATELY_ACTIVE,Fitbit App
2026-05-18T14:35:00Z,MODERATELY_ACTIVE,Fitbit App
2026-05-18T14:36:00Z,VERY_ACTIVE,Fitbit App
2026-05-18T14:37:00Z,VERY_ACTIVE,Fitbit App
2026-05-18T14:38:00Z,MODERATELY_ACTIVE,Fitbit App
2026-05-18T14:39:00Z,VERY_ACTIVE,Fitbit App
2026-05-18T14:40:00Z,VERY_ACTIVE,Fitbit App
2026-05-18T14:41:00Z,MODERATELY_ACTIVE,Fitbit App
2026-05-18T14:42:00Z,LIGHTLY_ACTIVE,Fitbit App
2026-05-18T14:43:00Z,SEDENTARY,Fitbit App
2026-05-18T14:44:00Z,SEDENTARY,Fitbit App
2026-05-18T14:45:00Z,SEDENTARY,Fitbit App
2026-05-18T14:46:00Z,SEDENTARY,Fitbit App
2026-05-18T14:47:00Z,SEDENTARY,Fitbit App
2026-05-18T14:48:00Z,SEDENTARY,Fitbit App
2026-05-18T14:49:00Z,SEDENTARY,Fitbit App
2026-05-18T14:50:00Z,SEDENTARY,Fitbit App
2026-05-18T14:51:00Z,SEDENTARY,Fitbit App
2026-05-18T14:52:00Z,SEDENTARY,Fitbit App
2026-05-18T14:53:00Z,SEDENTARY,Fitbit App
2026-05-18T14:54:00Z,SEDENTARY,Fitbit App
2026-05-18T14:55:00Z,SEDENTARY,Fitbit App
2026-05-18T14:56:00Z,SEDENTARY,Fitbit App
2026-05-18T14:57:00Z,SEDENTARY,Fitbit App
2026-05-18T14:58:00Z,SEDENTARY,Fitbit App
2026-05-18T14:59:00Z,SEDENTARY,Fitbit App
2026-05-18T15:00:00Z,SEDENTARY,Fitbit App
2026-05-18T15:02:00Z,SEDENTARY,Fitbit App
2026-05-18T15:07:00Z,SEDENTARY,Fitbit App
2026-05-18T15:08:00Z,SEDENTARY,Fitbit App
2026-05-18T15:10:00Z,SEDENTARY,Fitbit App
2026-05-18T15:11:00Z,SEDENTARY,Fitbit App
2026-05-18T15:13:00Z,SEDENTARY,Fitbit App
2026-05-18T15:16:00Z,SEDENTARY,Fitbit App
2026-05-18T15:17:00Z,SEDENTARY,Fitbit App
2026-05-18T15:23:00Z,SEDENTARY,Fitbit App
2026-05-18T15:24:00Z,SEDENTARY,Fitbit App
2026-05-18T15:28:00Z,SEDENTARY,Fitbit App
2026-05-18T15:29:00Z,SEDENTARY,Fitbit App
2026-05-18T15:32:00Z,SEDENTARY,Fitbit App
2026-05-18T15:35:00Z,LIGHTLY_ACTIVE,Fitbit App
2026-05-18T15:36:00Z,LIGHTLY_ACTIVE,Fitbit App
2026-05-18T15:37:00Z,SEDENTARY,Fitbit App
2026-05-18T15:38:00Z,SEDENTARY,Fitbit App
2026-05-18T15:39:00Z,LIGHTLY_ACTIVE,Fitbit App
2026-05-18T15:40:00Z,LIGHTLY_ACTIVE,Fitbit App
2026-05-18T15:41:00Z,LIGHTLY_ACTIVE,Fitbit App
2026-05-18T15:42:00Z,LIGHTLY_ACTIVE,Fitbit App
2026-05-18T15:43:00Z,LIGHTLY_ACTIVE,Fitbit App
2026-05-18T15:44:00Z,LIGHTLY_ACTIVE,Fitbit App
2026-05-18T15:45:00Z,MODERATELY_ACTIVE,Fitbit App
2026-05-18T15:46:00Z,MODERATELY_ACTIVE,Fitbit App
2026-05-18T15:47:00Z,MODERATELY_ACTIVE,Fitbit App
2026-05-18T15:48:00Z,MODERATELY_ACTIVE,Fitbit App
2026-05-18T15:49:00Z,LIGHTLY_ACTIVE,Fitbit App
2026-05-18T15:50:00Z,LIGHTLY_ACTIVE,Fitbit App
2026-05-18T15:51:00Z,SEDENTARY,Fitbit App
2026-05-18T15:52:00Z,LIGHTLY_ACTIVE,Fitbit App
2026-05-18T15:53:00Z,MODERATELY_ACTIVE,Fitbit App
2026-05-18T15:54:00Z,MODERATELY_ACTIVE,Fitbit App
2026-05-18T15:55:00Z,MODERATELY_ACTIVE,Fitbit App
2026-05-18T15:56:00Z,LIGHTLY_ACTIVE,Fitbit App
2026-05-18T15:57:00Z,SEDENTARY,Fitbit App
2026-05-18T15:58:00Z,MODERATELY_ACTIVE,Fitbit App
2026-05-18T15:59:00Z,MODERATELY_ACTIVE,Fitbit App
2026-05-18T16:00:00Z,MODERATELY_ACTIVE,Fitbit App
2026-05-18T16:01:00Z,MODERATELY_ACTIVE,Fitbit App
2026-05-18T16:02:00Z,MODERATELY_ACTIVE,Fitbit App
2026-05-18T16:03:00Z,MODERATELY_ACTIVE,Fitbit App
2026-05-18T16:04:00Z,MODERATELY_ACTIVE,Fitbit App
2026-05-18T16:05:00Z,MODERATELY_ACTIVE,Fitbit App
2026-05-18T16:06:00Z,MODERATELY_ACTIVE,Fitbit App
2026-05-18T16:07:00Z,MODERATELY_ACTIVE,Fitbit App
2026-05-18T16:08:00Z,MODERATELY_ACTIVE,Fitbit App
2026-05-18T16:09:00Z,SEDENTARY,Fitbit App
2026-05-18T16:10:00Z,SEDENTARY,Fitbit App
2026-05-18T16:11:00Z,SEDENTARY,Fitbit App
2026-05-18T16:12:00Z,SEDENTARY,Fitbit App
2026-05-18T16:22:00Z,SEDENTARY,Fitbit App
2026-05-18T16:23:00Z,LIGHTLY_ACTIVE,Fitbit App
2026-05-18T16:24:00Z,LIGHTLY_ACTIVE,Fitbit App
2026-05-18T16:25:00Z,SEDENTARY,Fitbit App
2026-05-18T16:26:00Z,LIGHTLY_ACTIVE,Fitbit App
2026-05-18T16:27:00Z,LIGHTLY_ACTIVE,Fitbit App
2026-05-18T16:28:00Z,LIGHTLY_ACTIVE,Fitbit App
2026-05-18T16:29:00Z,SEDENTARY,Fitbit App
2026-05-18T16:30:00Z,SEDENTARY,Fitbit App
2026-05-18T16:31:00Z,SEDENTARY,Fitbit App
2026-05-18T16:32:00Z,SEDENTARY,Fitbit App
2026-05-18T16:33:00Z,SEDENTARY,Fitbit App
2026-05-18T16:34:00Z,SEDENTARY,Fitbit App
2026-05-18T16:37:00Z,LIGHTLY_ACTIVE,Fitbit App
2026-05-18T16:38:00Z,LIGHTLY_ACTIVE,Fitbit App
2026-05-18T16:39:00Z,SEDENTARY,Fitbit App
2026-05-18T16:40:00Z,LIGHTLY_ACTIVE,Fitbit App
2026-05-18T16:41:00Z,MODERATELY_ACTIVE,Fitbit App
2026-05-18T16:42:00Z,LIGHTLY_ACTIVE,Fitbit App
2026-05-18T16:43:00Z,LIGHTLY_ACTIVE,Fitbit App
2026-05-18T16:44:00Z,LIGHTLY_ACTIVE,Fitbit App
2026-05-18T16:45:00Z,LIGHTLY_ACTIVE,Fitbit App
2026-05-18T16:46:00Z,LIGHTLY_ACTIVE,Fitbit App
2026-05-18T16:47:00Z,LIGHTLY_ACTIVE,Fitbit App
2026-05-18T16:48:00Z,LIGHTLY_ACTIVE,Fitbit App
2026-05-18T16:49:00Z,LIGHTLY_ACTIVE,Fitbit App
2026-05-18T16:50:00Z,SEDENTARY,Fitbit App
2026-05-18T16:51:00Z,SEDENTARY,Fitbit App
2026-05-18T16:52:00Z,SEDENTARY,Fitbit App
2026-05-18T16:53:00Z,SEDENTARY,Fitbit App
2026-05-18T16:54:00Z,SEDENTARY,Fitbit App
2026-05-18T16:55:00Z,SEDENTARY,Fitbit App
2026-05-18T16:56:00Z,SEDENTARY,Fitbit App
2026-05-18T16:57:00Z,SEDENTARY,Fitbit App
2026-05-18T16:58:00Z,SEDENTARY,Fitbit App
2026-05-18T16:59:00Z,SEDENTARY,Fitbit App
2026-05-18T17:00:00Z,SEDENTARY,Fitbit App
2026-05-18T17:01:00Z,SEDENTARY,Fitbit App
2026-05-18T17:02:00Z,SEDENTARY,Fitbit App
2026-05-18T17:03:00Z,SEDENTARY,Fitbit App
2026-05-18T17:04:00Z,SEDENTARY,Fitbit App
2026-05-18T17:05:00Z,SEDENTARY,Fitbit App
2026-05-18T17:06:00Z,LIGHTLY_ACTIVE,Fitbit App
2026-05-18T17:07:00Z,LIGHTLY_ACTIVE,Fitbit App
2026-05-18T17:08:00Z,SEDENTARY,Fitbit App
2026-05-18T17:09:00Z,SEDENTARY,Fitbit App
2026-05-18T17:10:00Z,LIGHTLY_ACTIVE,Fitbit App
2026-05-18T17:11:00Z,LIGHTLY_ACTIVE,Fitbit App
2026-05-18T17:12:00Z,LIGHTLY_ACTIVE,Fitbit App
2026-05-18T17:13:00Z,LIGHTLY_ACTIVE,Fitbit App
2026-05-18T17:14:00Z,LIGHTLY_ACTIVE,Fitbit App
2026-05-18T17:15:00Z,SEDENTARY,Fitbit App
2026-05-18T17:16:00Z,LIGHTLY_ACTIVE,Fitbit App
2026-05-18T17:17:00Z,SEDENTARY,Fitbit App
2026-05-18T17:18:00Z,SEDENTARY,Fitbit App
2026-05-18T17:19:00Z,LIGHTLY_ACTIVE,Fitbit App
2026-05-18T17:20:00Z,LIGHTLY_ACTIVE,Fitbit App
2026-05-18T17:21:00Z,LIGHTLY_ACTIVE,Fitbit App
2026-05-18T17:22:00Z,LIGHTLY_ACTIVE,Fitbit App
2026-05-18T17:23:00Z,MODERATELY_ACTIVE,Fitbit App
2026-05-18T17:24:00Z,SEDENTARY,Fitbit App
2026-05-18T17:25:00Z,SEDENTARY,Fitbit App
2026-05-18T17:26:00Z,SEDENTARY,Fitbit App
2026-05-18T17:27:00Z,SEDENTARY,Fitbit App
2026-05-18T17:28:00Z,SEDENTARY,Fitbit App
2026-05-18T17:29:00Z,SEDENTARY,Fitbit App
2026-05-18T17:30:00Z,SEDENTARY,Fitbit App
2026-05-18T17:31:00Z,SEDENTARY,Fitbit App
2026-05-18T17:32:00Z,SEDENTARY,Fitbit App
2026-05-18T17:33:00Z,SEDENTARY,Fitbit App
2026-05-18T17:34:00Z,SEDENTARY,Fitbit App
2026-05-18T17:35:00Z,SEDENTARY,Fitbit App
2026-05-18T17:36:00Z,SEDENTARY,Fitbit App
2026-05-18T17:37:00Z,SEDENTARY,Fitbit App
2026-05-18T17:38:00Z,SEDENTARY,Fitbit App
2026-05-18T17:39:00Z,SEDENTARY,Fitbit App
2026-05-18T17:42:00Z,SEDENTARY,Fitbit App
2026-05-18T17:48:00Z,SEDENTARY,Fitbit App
2026-05-18T17:52:00Z,SEDENTARY,Fitbit App
2026-05-18T18:00:00Z,LIGHTLY_ACTIVE,Fitbit App
2026-05-18T18:01:00Z,LIGHTLY_ACTIVE,Fitbit App
2026-05-18T18:02:00Z,MODERATELY_ACTIVE,Fitbit App
2026-05-18T18:03:00Z,VERY_ACTIVE,Fitbit App
2026-05-18T18:04:00Z,LIGHTLY_ACTIVE,Fitbit App
2026-05-18T18:05:00Z,LIGHTLY_ACTIVE,Fitbit App
2026-05-18T18:06:00Z,LIGHTLY_ACTIVE,Fitbit App
2026-05-18T18:07:00Z,SEDENTARY,Fitbit App
2026-05-18T18:08:00Z,SEDENTARY,Fitbit App
2026-05-18T18:09:00Z,SEDENTARY,Fitbit App
2026-05-18T18:10:00Z,SEDENTARY,Fitbit App
2026-05-18T18:11:00Z,SEDENTARY,Fitbit App
2026-05-18T18:12:00Z,SEDENTARY,Fitbit App
2026-05-18T18:13:00Z,SEDENTARY,Fitbit App
2026-05-18T18:14:00Z,LIGHTLY_ACTIVE,Fitbit App
2026-05-18T18:15:00Z,LIGHTLY_ACTIVE,Fitbit App
2026-05-18T18:16:00Z,LIGHTLY_ACTIVE,Fitbit App
2026-05-18T18:17:00Z,LIGHTLY_ACTIVE,Fitbit App
2026-05-18T18:18:00Z,LIGHTLY_ACTIVE,Fitbit App
2026-05-18T18:19:00Z,LIGHTLY_ACTIVE,Fitbit App
2026-05-18T18:20:00Z,LIGHTLY_ACTIVE,Fitbit App
2026-05-18T18:21:00Z,MODERATELY_ACTIVE,Fitbit App
2026-05-18T18:22:00Z,SEDENTARY,Fitbit App
2026-05-18T18:23:00Z,SEDENTARY,Fitbit App
2026-05-18T18:24:00Z,LIGHTLY_ACTIVE,Fitbit App
2026-05-18T18:25:00Z,LIGHTLY_ACTIVE,Fitbit App
2026-05-18T18:26:00Z,SEDENTARY,Fitbit App
2026-05-18T18:27:00Z,SEDENTARY,Fitbit App
2026-05-18T18:28:00Z,SEDENTARY,Fitbit App
2026-05-18T18:29:00Z,LIGHTLY_ACTIVE,Fitbit App
2026-05-18T18:30:00Z,SEDENTARY,Fitbit App
2026-05-18T18:31:00Z,SEDENTARY,Fitbit App
2026-05-18T18:32:00Z,SEDENTARY,Fitbit App
2026-05-18T18:33:00Z,SEDENTARY,Fitbit App
2026-05-18T18:34:00Z,LIGHTLY_ACTIVE,Fitbit App
2026-05-18T18:35:00Z,SEDENTARY,Fitbit App
2026-05-18T18:36:00Z,LIGHTLY_ACTIVE,Fitbit App
2026-05-18T18:37:00Z,LIGHTLY_ACTIVE,Fitbit App
2026-05-18T18:38:00Z,MODERATELY_ACTIVE,Fitbit App
2026-05-18T18:39:00Z,MODERATELY_ACTIVE,Fitbit App
2026-05-18T18:40:00Z,LIGHTLY_ACTIVE,Fitbit App
2026-05-18T18:41:00Z,SEDENTARY,Fitbit App
2026-05-18T18:42:00Z,SEDENTARY,Fitbit App
2026-05-18T18:43:00Z,SEDENTARY,Fitbit App
2026-05-18T18:44:00Z,SEDENTARY,Fitbit App
2026-05-18T18:45:00Z,SEDENTARY,Fitbit App
2026-05-18T18:46:00Z,SEDENTARY,Fitbit App
2026-05-18T18:47:00Z,SEDENTARY,Fitbit App
2026-05-18T18:48:00Z,SEDENTARY,Fitbit App
2026-05-18T18:49:00Z,SEDENTARY,Fitbit App
2026-05-18T18:50:00Z,SEDENTARY,Fitbit App
2026-05-18T18:51:00Z,SEDENTARY,Fitbit App
2026-05-18T18:52:00Z,SEDENTARY,Fitbit App
2026-05-18T18:53:00Z,LIGHTLY_ACTIVE,Fitbit App
2026-05-18T18:54:00Z,SEDENTARY,Fitbit App
2026-05-18T18:55:00Z,SEDENTARY,Fitbit App
2026-05-18T18:56:00Z,SEDENTARY,Fitbit App
2026-05-18T18:57:00Z,SEDENTARY,Fitbit App
2026-05-18T18:58:00Z,SEDENTARY,Fitbit App
2026-05-18T18:59:00Z,SEDENTARY,Fitbit App
2026-05-18T19:00:00Z,SEDENTARY,Fitbit App
2026-05-18T19:01:00Z,SEDENTARY,Fitbit App
2026-05-18T19:02:00Z,SEDENTARY,Fitbit App
2026-05-18T19:03:00Z,SEDENTARY,Fitbit App
2026-05-18T19:04:00Z,SEDENTARY,Fitbit App
2026-05-18T19:05:00Z,SEDENTARY,Fitbit App
2026-05-18T19:06:00Z,SEDENTARY,Fitbit App
2026-05-18T19:07:00Z,SEDENTARY,Fitbit App
2026-05-18T19:08:00Z,SEDENTARY,Fitbit App
2026-05-18T19:09:00Z,SEDENTARY,Fitbit App
2026-05-18T19:10:00Z,SEDENTARY,Fitbit App
2026-05-18T19:11:00Z,SEDENTARY,Fitbit App
2026-05-18T19:12:00Z,SEDENTARY,Fitbit App
2026-05-18T19:13:00Z,SEDENTARY,Fitbit App
2026-05-18T19:14:00Z,SEDENTARY,Fitbit App
2026-05-18T19:15:00Z,SEDENTARY,Fitbit App
2026-05-18T19:16:00Z,SEDENTARY,Fitbit App
2026-05-18T19:17:00Z,SEDENTARY,Fitbit App
2026-05-18T19:18:00Z,SEDENTARY,Fitbit App
2026-05-18T19:19:00Z,SEDENTARY,Fitbit App
2026-05-18T19:20:00Z,SEDENTARY,Fitbit App
2026-05-18T19:21:00Z,SEDENTARY,Fitbit App
2026-05-18T19:22:00Z,SEDENTARY,Fitbit App
2026-05-18T19:23:00Z,SEDENTARY,Fitbit App
2026-05-18T19:24:00Z,SEDENTARY,Fitbit App
2026-05-18T19:25:00Z,SEDENTARY,Fitbit App
2026-05-18T19:26:00Z,SEDENTARY,Fitbit App
2026-05-18T19:27:00Z,LIGHTLY_ACTIVE,Fitbit App
2026-05-18T19:28:00Z,SEDENTARY,Fitbit App
2026-05-18T19:29:00Z,SEDENTARY,Fitbit App
2026-05-18T19:30:00Z,LIGHTLY_ACTIVE,Fitbit App
2026-05-18T19:31:00Z,SEDENTARY,Fitbit App
2026-05-18T19:32:00Z,SEDENTARY,Fitbit App
2026-05-18T19:33:00Z,SEDENTARY,Fitbit App
2026-05-18T19:34:00Z,SEDENTARY,Fitbit App
2026-05-18T19:35:00Z,SEDENTARY,Fitbit App
2026-05-18T19:36:00Z,SEDENTARY,Fitbit App
2026-05-18T19:37:00Z,SEDENTARY,Fitbit App
2026-05-18T19:38:00Z,SEDENTARY,Fitbit App
2026-05-18T19:39:00Z,SEDENTARY,Fitbit App
2026-05-18T19:40:00Z,SEDENTARY,Fitbit App
2026-05-18T19:41:00Z,SEDENTARY,Fitbit App
2026-05-18T19:42:00Z,SEDENTARY,Fitbit App
2026-05-18T19:43:00Z,SEDENTARY,Fitbit App
2026-05-18T19:44:00Z,SEDENTARY,Fitbit App
2026-05-18T19:45:00Z,SEDENTARY,Fitbit App
2026-05-18T19:46:00Z,SEDENTARY,Fitbit App
2026-05-18T19:47:00Z,SEDENTARY,Fitbit App
2026-05-18T19:48:00Z,SEDENTARY,Fitbit App
2026-05-18T19:49:00Z,SEDENTARY,Fitbit App
2026-05-18T19:50:00Z,LIGHTLY_ACTIVE,Fitbit App
2026-05-18T19:51:00Z,SEDENTARY,Fitbit App
2026-05-18T19:52:00Z,SEDENTARY,Fitbit App
2026-05-18T19:53:00Z,SEDENTARY,Fitbit App
2026-05-18T19:54:00Z,SEDENTARY,Fitbit App
2026-05-18T19:55:00Z,SEDENTARY,Fitbit App
2026-05-18T19:56:00Z,SEDENTARY,Fitbit App
2026-05-18T19:57:00Z,SEDENTARY,Fitbit App
2026-05-18T19:58:00Z,SEDENTARY,Fitbit App
2026-05-18T19:59:00Z,SEDENTARY,Fitbit App
2026-05-18T20:00:00Z,SEDENTARY,Fitbit App
2026-05-18T20:01:00Z,SEDENTARY,Fitbit App
2026-05-18T20:02:00Z,SEDENTARY,Fitbit App
2026-05-18T20:03:00Z,SEDENTARY,Fitbit App
2026-05-18T20:04:00Z,LIGHTLY_ACTIVE,Fitbit App
2026-05-18T20:05:00Z,LIGHTLY_ACTIVE,Fitbit App
2026-05-18T20:06:00Z,SEDENTARY,Fitbit App
2026-05-18T20:07:00Z,LIGHTLY_ACTIVE,Fitbit App
2026-05-18T20:08:00Z,SEDENTARY,Fitbit App
2026-05-18T20:09:00Z,SEDENTARY,Fitbit App
2026-05-18T20:10:00Z,SEDENTARY,Fitbit App
2026-05-18T20:11:00Z,LIGHTLY_ACTIVE,Fitbit App
2026-05-18T20:12:00Z,SEDENTARY,Fitbit App
2026-05-18T20:13:00Z,SEDENTARY,Fitbit App
2026-05-18T20:14:00Z,SEDENTARY,Fitbit App
2026-05-18T20:15:00Z,SEDENTARY,Fitbit App
2026-05-18T20:16:00Z,SEDENTARY,Fitbit App
2026-05-18T20:17:00Z,SEDENTARY,Fitbit App
2026-05-18T20:18:00Z,SEDENTARY,Fitbit App
2026-05-18T20:19:00Z,SEDENTARY,Fitbit App
2026-05-18T20:20:00Z,SEDENTARY,Fitbit App
2026-05-18T20:21:00Z,SEDENTARY,Fitbit App
2026-05-18T20:22:00Z,SEDENTARY,Fitbit App
2026-05-18T20:23:00Z,SEDENTARY,Fitbit App
2026-05-18T20:24:00Z,LIGHTLY_ACTIVE,Fitbit App
2026-05-18T20:25:00Z,SEDENTARY,Fitbit App
2026-05-18T20:26:00Z,SEDENTARY,Fitbit App
2026-05-18T20:27:00Z,SEDENTARY,Fitbit App
2026-05-18T20:28:00Z,SEDENTARY,Fitbit App
2026-05-18T20:29:00Z,SEDENTARY,Fitbit App
2026-05-18T20:30:00Z,SEDENTARY,Fitbit App
2026-05-18T20:31:00Z,SEDENTARY,Fitbit App
2026-05-18T20:32:00Z,SEDENTARY,Fitbit App
2026-05-18T20:33:00Z,SEDENTARY,Fitbit App
2026-05-18T20:34:00Z,SEDENTARY,Fitbit App
2026-05-18T20:35:00Z,SEDENTARY,Fitbit App
2026-05-18T20:36:00Z,SEDENTARY,Fitbit App
2026-05-18T20:37:00Z,SEDENTARY,Fitbit App
2026-05-18T20:38:00Z,LIGHTLY_ACTIVE,Fitbit App
2026-05-18T20:39:00Z,LIGHTLY_ACTIVE,Fitbit App
2026-05-18T20:40:00Z,LIGHTLY_ACTIVE,Fitbit App
2026-05-18T20:41:00Z,SEDENTARY,Fitbit App
2026-05-18T20:42:00Z,SEDENTARY,Fitbit App
2026-05-18T20:43:00Z,SEDENTARY,Fitbit App
2026-05-18T20:44:00Z,SEDENTARY,Fitbit App
2026-05-18T20:45:00Z,LIGHTLY_ACTIVE,Fitbit App
2026-05-18T20:46:00Z,SEDENTARY,Fitbit App
2026-05-18T20:47:00Z,LIGHTLY_ACTIVE,Fitbit App
2026-05-18T20:48:00Z,SEDENTARY,Fitbit App
2026-05-18T20:50:00Z,SEDENTARY,Fitbit App
2026-05-18T20:51:00Z,SEDENTARY,Fitbit App
2026-05-18T20:52:00Z,SEDENTARY,Fitbit App
2026-05-18T20:53:00Z,SEDENTARY,Fitbit App
2026-05-18T20:54:00Z,SEDENTARY,Fitbit App
2026-05-18T20:55:00Z,LIGHTLY_ACTIVE,Fitbit App
2026-05-18T20:56:00Z,SEDENTARY,Fitbit App
2026-05-18T20:57:00Z,LIGHTLY_ACTIVE,Fitbit App
2026-05-18T20:58:00Z,SEDENTARY,Fitbit App
2026-05-18T20:59:00Z,SEDENTARY,Fitbit App
2026-05-18T21:00:00Z,SEDENTARY,Fitbit App
2026-05-18T21:01:00Z,SEDENTARY,Fitbit App
2026-05-18T21:02:00Z,SEDENTARY,Fitbit App
2026-05-18T21:03:00Z,SEDENTARY,Fitbit App
2026-05-18T21:04:00Z,SEDENTARY,Fitbit App
2026-05-18T21:05:00Z,SEDENTARY,Fitbit App
2026-05-18T21:06:00Z,SEDENTARY,Fitbit App
2026-05-18T21:07:00Z,LIGHTLY_ACTIVE,Fitbit App
2026-05-18T21:08:00Z,SEDENTARY,Fitbit App
2026-05-18T21:09:00Z,SEDENTARY,Fitbit App
2026-05-18T21:10:00Z,SEDENTARY,Fitbit App
2026-05-18T21:11:00Z,SEDENTARY,Fitbit App
2026-05-18T21:12:00Z,SEDENTARY,Fitbit App
2026-05-18T21:13:00Z,LIGHTLY_ACTIVE,Fitbit App
2026-05-18T21:14:00Z,SEDENTARY,Fitbit App
2026-05-18T21:15:00Z,SEDENTARY,Fitbit App
2026-05-18T21:16:00Z,LIGHTLY_ACTIVE,Fitbit App
2026-05-18T21:17:00Z,LIGHTLY_ACTIVE,Fitbit App
2026-05-18T21:18:00Z,MODERATELY_ACTIVE,Fitbit App
2026-05-18T21:19:00Z,SEDENTARY,Fitbit App
2026-05-18T21:20:00Z,SEDENTARY,Fitbit App
2026-05-18T21:21:00Z,SEDENTARY,Fitbit App
2026-05-18T21:22:00Z,SEDENTARY,Fitbit App
2026-05-18T21:23:00Z,SEDENTARY,Fitbit App
2026-05-18T21:24:00Z,SEDENTARY,Fitbit App
2026-05-18T21:25:00Z,SEDENTARY,Fitbit App
2026-05-18T21:26:00Z,SEDENTARY,Fitbit App
2026-05-18T21:27:00Z,SEDENTARY,Fitbit App
2026-05-18T21:33:00Z,SEDENTARY,Fitbit App
2026-05-18T21:42:00Z,SEDENTARY,Fitbit App
2026-05-18T21:45:00Z,SEDENTARY,Fitbit App
2026-05-18T21:48:00Z,SEDENTARY,Fitbit App
2026-05-18T22:25:00Z,LIGHTLY_ACTIVE,Fitbit App
2026-05-18T22:26:00Z,LIGHTLY_ACTIVE,Fitbit App
2026-05-18T22:27:00Z,LIGHTLY_ACTIVE,Fitbit App
2026-05-18T22:28:00Z,LIGHTLY_ACTIVE,Fitbit App
2026-05-18T22:29:00Z,LIGHTLY_ACTIVE,Fitbit App
2026-05-18T22:30:00Z,LIGHTLY_ACTIVE,Fitbit App
2026-05-18T22:32:00Z,SEDENTARY,Fitbit App
2026-05-18T22:37:00Z,SEDENTARY,Fitbit App
2026-05-18T22:53:00Z,SEDENTARY,Fitbit App
2026-05-18T22:54:00Z,SEDENTARY,Fitbit App
2026-05-18T23:03:00Z,SEDENTARY,Fitbit App
2026-05-18T23:13:00Z,SEDENTARY,Fitbit App
2026-05-18T23:18:00Z,SEDENTARY,Fitbit App
2026-05-18T23:26:00Z,SEDENTARY,Fitbit App
2026-05-18T23:27:00Z,SEDENTARY,Fitbit App
2026-05-19T00:12:00Z,SEDENTARY,Fitbit App
2026-05-19T00:35:00Z,SEDENTARY,Fitbit App
2026-05-19T01:22:00Z,LIGHTLY_ACTIVE,Fitbit App
2026-05-19T01:23:00Z,SEDENTARY,Fitbit App
2026-05-19T01:25:00Z,SEDENTARY,Fitbit App
2026-05-19T02:07:00Z,SEDENTARY,Fitbit App
2026-05-19T02:09:00Z,SEDENTARY,Fitbit App
2026-05-19T02:28:00Z,SEDENTARY,Fitbit App
2026-05-19T02:29:00Z,SEDENTARY,Fitbit App
2026-05-19T02:32:00Z,SEDENTARY,Fitbit App
2026-05-19T02:33:00Z,SEDENTARY,Fitbit App
2026-05-19T02:35:00Z,SEDENTARY,Fitbit App
2026-05-19T02:42:00Z,SEDENTARY,Fitbit App
2026-05-19T04:13:00Z,LIGHTLY_ACTIVE,Fitbit App
2026-05-19T04:19:00Z,SEDENTARY,Fitbit App
2026-05-19T04:41:00Z,SEDENTARY,Fitbit App
2026-05-19T04:43:00Z,SEDENTARY,Fitbit App
2026-05-19T04:46:00Z,SEDENTARY,Fitbit App
2026-05-19T05:29:00Z,SEDENTARY,Fitbit App
2026-05-19T05:49:00Z,SEDENTARY,Fitbit App
2026-05-19T06:01:00Z,SEDENTARY,Fitbit App
2026-05-19T06:40:00Z,SEDENTARY,Fitbit App
2026-05-19T07:00:00Z,SEDENTARY,Fitbit App
2026-05-19T07:01:00Z,SEDENTARY,Fitbit App
2026-05-19T07:16:00Z,SEDENTARY,Fitbit App
2026-05-19T07:17:00Z,SEDENTARY,Fitbit App
2026-05-19T07:23:00Z,SEDENTARY,Fitbit App
2026-05-19T07:25:00Z,SEDENTARY,Fitbit App
2026-05-19T07:30:00Z,LIGHTLY_ACTIVE,Fitbit App
2026-05-19T07:31:00Z,LIGHTLY_ACTIVE,Fitbit App
2026-05-19T07:32:00Z,LIGHTLY_ACTIVE,Fitbit App
2026-05-19T07:33:00Z,LIGHTLY_ACTIVE,Fitbit App
2026-05-19T08:29:00Z,LIGHTLY_ACTIVE,Fitbit App
2026-05-19T08:34:00Z,SEDENTARY,Fitbit App
2026-05-19T08:40:00Z,SEDENTARY,Fitbit App
2026-05-19T08:44:00Z,SEDENTARY,Fitbit App
2026-05-19T08:45:00Z,SEDENTARY,Fitbit App
2026-05-19T08:47:00Z,SEDENTARY,Fitbit App
2026-05-19T08:48:00Z,SEDENTARY,Fitbit App
2026-05-19T08:49:00Z,SEDENTARY,Fitbit App
2026-05-19T08:50:00Z,SEDENTARY,Fitbit App
2026-05-19T08:51:00Z,SEDENTARY,Fitbit App
2026-05-19T09:09:00Z,SEDENTARY,Fitbit App
2026-05-19T09:17:00Z,SEDENTARY,Fitbit App
2026-05-19T09:18:00Z,SEDENTARY,Fitbit App
2026-05-19T09:19:00Z,SEDENTARY,Fitbit App
2026-05-19T09:24:00Z,SEDENTARY,Fitbit App
2026-05-19T09:25:00Z,LIGHTLY_ACTIVE,Fitbit App
2026-05-19T09:26:00Z,LIGHTLY_ACTIVE,Fitbit App
2026-05-19T09:27:00Z,SEDENTARY,Fitbit App
2026-05-19T09:28:00Z,SEDENTARY,Fitbit App
2026-05-19T09:29:00Z,LIGHTLY_ACTIVE,Fitbit App
2026-05-19T09:30:00Z,SEDENTARY,Fitbit App
2026-05-19T09:31:00Z,SEDENTARY,Fitbit App
2026-05-19T09:33:00Z,SEDENTARY,Fitbit App
2026-05-19T09:34:00Z,LIGHTLY_ACTIVE,Fitbit App
2026-05-19T09:35:00Z,LIGHTLY_ACTIVE,Fitbit App
2026-05-19T09:36:00Z,LIGHTLY_ACTIVE,Fitbit App
2026-05-19T09:37:00Z,LIGHTLY_ACTIVE,Fitbit App
2026-05-19T09:38:00Z,LIGHTLY_ACTIVE,Fitbit App
2026-05-19T09:39:00Z,LIGHTLY_ACTIVE,Fitbit App
2026-05-19T09:40:00Z,LIGHTLY_ACTIVE,Fitbit App
2026-05-19T09:41:00Z,MODERATELY_ACTIVE,Fitbit App
2026-05-19T09:42:00Z,MODERATELY_ACTIVE,Fitbit App
2026-05-19T09:43:00Z,MODERATELY_ACTIVE,Fitbit App
2026-05-19T09:44:00Z,MODERATELY_ACTIVE,Fitbit App
2026-05-19T09:45:00Z,MODERATELY_ACTIVE,Fitbit App
2026-05-19T09:46:00Z,LIGHTLY_ACTIVE,Fitbit App
2026-05-19T09:47:00Z,LIGHTLY_ACTIVE,Fitbit App
2026-05-19T09:48:00Z,MODERATELY_ACTIVE,Fitbit App
2026-05-19T09:49:00Z,MODERATELY_ACTIVE,Fitbit App
2026-05-19T09:50:00Z,MODERATELY_ACTIVE,Fitbit App
2026-05-19T09:51:00Z,MODERATELY_ACTIVE,Fitbit App
2026-05-19T09:52:00Z,MODERATELY_ACTIVE,Fitbit App
2026-05-19T09:53:00Z,MODERATELY_ACTIVE,Fitbit App
2026-05-19T09:54:00Z,MODERATELY_ACTIVE,Fitbit App
2026-05-19T09:55:00Z,MODERATELY_ACTIVE,Fitbit App
2026-05-19T09:56:00Z,MODERATELY_ACTIVE,Fitbit App
2026-05-19T09:57:00Z,MODERATELY_ACTIVE,Fitbit App
2026-05-19T09:58:00Z,MODERATELY_ACTIVE,Fitbit App
2026-05-19T09:59:00Z,MODERATELY_ACTIVE,Fitbit App
2026-05-19T10:00:00Z,MODERATELY_ACTIVE,Fitbit App
2026-05-19T10:01:00Z,MODERATELY_ACTIVE,Fitbit App
2026-05-19T10:02:00Z,MODERATELY_ACTIVE,Fitbit App
2026-05-19T10:03:00Z,LIGHTLY_ACTIVE,Fitbit App
2026-05-19T10:04:00Z,MODERATELY_ACTIVE,Fitbit App
2026-05-19T10:05:00Z,MODERATELY_ACTIVE,Fitbit App
2026-05-19T10:06:00Z,MODERATELY_ACTIVE,Fitbit App
2026-05-19T10:07:00Z,MODERATELY_ACTIVE,Fitbit App
2026-05-19T10:08:00Z,MODERATELY_ACTIVE,Fitbit App
2026-05-19T10:09:00Z,MODERATELY_ACTIVE,Fitbit App
2026-05-19T10:10:00Z,LIGHTLY_ACTIVE,Fitbit App
2026-05-19T10:11:00Z,LIGHTLY_ACTIVE,Fitbit App
2026-05-19T10:12:00Z,MODERATELY_ACTIVE,Fitbit App
2026-05-19T10:13:00Z,LIGHTLY_ACTIVE,Fitbit App
2026-05-19T10:14:00Z,LIGHTLY_ACTIVE,Fitbit App
2026-05-19T10:15:00Z,LIGHTLY_ACTIVE,Fitbit App
2026-05-19T10:16:00Z,LIGHTLY_ACTIVE,Fitbit App
2026-05-19T10:17:00Z,SEDENTARY,Fitbit App
2026-05-19T10:18:00Z,LIGHTLY_ACTIVE,Fitbit App
2026-05-19T10:19:00Z,LIGHTLY_ACTIVE,Fitbit App
2026-05-19T10:20:00Z,VERY_ACTIVE,Fitbit App
2026-05-19T10:21:00Z,LIGHTLY_ACTIVE,Fitbit App
2026-05-19T10:22:00Z,MODERATELY_ACTIVE,Fitbit App
2026-05-19T10:23:00Z,MODERATELY_ACTIVE,Fitbit App
2026-05-19T10:24:00Z,LIGHTLY_ACTIVE,Fitbit App
2026-05-19T10:25:00Z,SEDENTARY,Fitbit App
2026-05-19T10:26:00Z,LIGHTLY_ACTIVE,Fitbit App
2026-05-19T10:27:00Z,MODERATELY_ACTIVE,Fitbit App
2026-05-19T10:28:00Z,LIGHTLY_ACTIVE,Fitbit App
2026-05-19T10:29:00Z,LIGHTLY_ACTIVE,Fitbit App
2026-05-19T10:30:00Z,LIGHTLY_ACTIVE,Fitbit App
2026-05-19T10:31:00Z,LIGHTLY_ACTIVE,Fitbit App
2026-05-19T10:32:00Z,MODERATELY_ACTIVE,Fitbit App
2026-05-19T10:33:00Z,LIGHTLY_ACTIVE,Fitbit App
2026-05-19T10:34:00Z,SEDENTARY,Fitbit App
2026-05-19T10:35:00Z,LIGHTLY_ACTIVE,Fitbit App
2026-05-19T10:36:00Z,LIGHTLY_ACTIVE,Fitbit App
2026-05-19T10:37:00Z,SEDENTARY,Fitbit App
2026-05-19T10:38:00Z,SEDENTARY,Fitbit App
2026-05-19T10:39:00Z,LIGHTLY_ACTIVE,Fitbit App
2026-05-19T10:40:00Z,LIGHTLY_ACTIVE,Fitbit App
2026-05-19T10:41:00Z,LIGHTLY_ACTIVE,Fitbit App
2026-05-19T10:42:00Z,MODERATELY_ACTIVE,Fitbit App
2026-05-19T10:43:00Z,LIGHTLY_ACTIVE,Fitbit App
2026-05-19T10:44:00Z,LIGHTLY_ACTIVE,Fitbit App
2026-05-19T10:45:00Z,LIGHTLY_ACTIVE,Fitbit App
2026-05-19T10:46:00Z,LIGHTLY_ACTIVE,Fitbit App
2026-05-19T10:47:00Z,MODERATELY_ACTIVE,Fitbit App
2026-05-19T10:48:00Z,VERY_ACTIVE,Fitbit App
2026-05-19T10:49:00Z,MODERATELY_ACTIVE,Fitbit App
2026-05-19T10:50:00Z,MODERATELY_ACTIVE,Fitbit App
2026-05-19T10:51:00Z,MODERATELY_ACTIVE,Fitbit App
2026-05-19T10:52:00Z,LIGHTLY_ACTIVE,Fitbit App
2026-05-19T10:53:00Z,LIGHTLY_ACTIVE,Fitbit App
2026-05-19T10:54:00Z,MODERATELY_ACTIVE,Fitbit App
2026-05-19T10:55:00Z,VERY_ACTIVE,Fitbit App
2026-05-19T10:56:00Z,LIGHTLY_ACTIVE,Fitbit App
2026-05-19T10:57:00Z,MODERATELY_ACTIVE,Fitbit App
2026-05-19T10:58:00Z,MODERATELY_ACTIVE,Fitbit App
2026-05-19T10:59:00Z,MODERATELY_ACTIVE,Fitbit App
2026-05-19T11:00:00Z,VERY_ACTIVE,Fitbit App
2026-05-19T11:01:00Z,VERY_ACTIVE,Fitbit App
2026-05-19T11:02:00Z,MODERATELY_ACTIVE,Fitbit App
2026-05-19T11:03:00Z,MODERATELY_ACTIVE,Fitbit App
2026-05-19T11:04:00Z,VERY_ACTIVE,Fitbit App
2026-05-19T11:05:00Z,VERY_ACTIVE,Fitbit App
2026-05-19T11:06:00Z,VERY_ACTIVE,Fitbit App
2026-05-19T11:07:00Z,LIGHTLY_ACTIVE,Fitbit App
2026-05-19T11:08:00Z,MODERATELY_ACTIVE,Fitbit App
2026-05-19T11:09:00Z,LIGHTLY_ACTIVE,Fitbit App
2026-05-19T11:10:00Z,MODERATELY_ACTIVE,Fitbit App
2026-05-19T11:11:00Z,LIGHTLY_ACTIVE,Fitbit App
2026-05-19T11:12:00Z,MODERATELY_ACTIVE,Fitbit App
2026-05-19T11:13:00Z,VERY_ACTIVE,Fitbit App
2026-05-19T11:14:00Z,VERY_ACTIVE,Fitbit App
2026-05-19T11:15:00Z,MODERATELY_ACTIVE,Fitbit App
2026-05-19T11:16:00Z,SEDENTARY,Fitbit App
2026-05-19T11:17:00Z,SEDENTARY,Fitbit App
2026-05-19T11:18:00Z,SEDENTARY,Fitbit App
2026-05-19T11:19:00Z,SEDENTARY,Fitbit App
2026-05-19T11:20:00Z,SEDENTARY,Fitbit App
2026-05-19T11:21:00Z,LIGHTLY_ACTIVE,Fitbit App
2026-05-19T11:22:00Z,SEDENTARY,Fitbit App
2026-05-19T11:23:00Z,SEDENTARY,Fitbit App
2026-05-19T11:24:00Z,SEDENTARY,Fitbit App
2026-05-19T11:25:00Z,SEDENTARY,Fitbit App
2026-05-19T11:26:00Z,SEDENTARY,Fitbit App
2026-05-19T11:27:00Z,SEDENTARY,Fitbit App
2026-05-19T11:28:00Z,SEDENTARY,Fitbit App
2026-05-19T11:29:00Z,SEDENTARY,Fitbit App
2026-05-19T11:30:00Z,SEDENTARY,Fitbit App
2026-05-19T11:31:00Z,SEDENTARY,Fitbit App
2026-05-19T11:32:00Z,SEDENTARY,Fitbit App
2026-05-19T11:33:00Z,SEDENTARY,Fitbit App
2026-05-19T11:34:00Z,SEDENTARY,Fitbit App
2026-05-19T11:35:00Z,SEDENTARY,Fitbit App
2026-05-19T11:36:00Z,SEDENTARY,Fitbit App
2026-05-19T11:37:00Z,SEDENTARY,Fitbit App
2026-05-19T11:38:00Z,LIGHTLY_ACTIVE,Fitbit App
2026-05-19T11:39:00Z,MODERATELY_ACTIVE,Fitbit App
2026-05-19T11:40:00Z,VERY_ACTIVE,Fitbit App
2026-05-19T11:41:00Z,VERY_ACTIVE,Fitbit App
2026-05-19T11:42:00Z,MODERATELY_ACTIVE,Fitbit App
2026-05-19T11:43:00Z,SEDENTARY,Fitbit App
2026-05-19T11:44:00Z,SEDENTARY,Fitbit App
2026-05-19T11:45:00Z,SEDENTARY,Fitbit App
2026-05-19T11:46:00Z,SEDENTARY,Fitbit App
2026-05-19T11:47:00Z,SEDENTARY,Fitbit App
2026-05-19T11:48:00Z,SEDENTARY,Fitbit App
2026-05-19T11:49:00Z,SEDENTARY,Fitbit App
2026-05-19T11:50:00Z,SEDENTARY,Fitbit App
2026-05-19T11:51:00Z,SEDENTARY,Fitbit App
2026-05-19T11:52:00Z,SEDENTARY,Fitbit App
2026-05-19T11:53:00Z,SEDENTARY,Fitbit App
2026-05-19T11:54:00Z,SEDENTARY,Fitbit App
2026-05-19T11:55:00Z,LIGHTLY_ACTIVE,Fitbit App
2026-05-19T11:56:00Z,MODERATELY_ACTIVE,Fitbit App
2026-05-19T11:57:00Z,VERY_ACTIVE,Fitbit App
2026-05-19T11:58:00Z,VERY_ACTIVE,Fitbit App
2026-05-19T11:59:00Z,VERY_ACTIVE,Fitbit App
2026-05-19T12:00:00Z,MODERATELY_ACTIVE,Fitbit App
2026-05-19T12:01:00Z,LIGHTLY_ACTIVE,Fitbit App
2026-05-19T12:02:00Z,MODERATELY_ACTIVE,Fitbit App
2026-05-19T12:03:00Z,LIGHTLY_ACTIVE,Fitbit App
2026-05-19T12:04:00Z,MODERATELY_ACTIVE,Fitbit App
2026-05-19T12:05:00Z,LIGHTLY_ACTIVE,Fitbit App
2026-05-19T12:06:00Z,LIGHTLY_ACTIVE,Fitbit App
2026-05-19T12:07:00Z,LIGHTLY_ACTIVE,Fitbit App
2026-05-19T12:08:00Z,LIGHTLY_ACTIVE,Fitbit App
2026-05-19T12:09:00Z,LIGHTLY_ACTIVE,Fitbit App
2026-05-19T12:10:00Z,LIGHTLY_ACTIVE,Fitbit App
2026-05-19T12:11:00Z,MODERATELY_ACTIVE,Fitbit App
2026-05-19T12:12:00Z,LIGHTLY_ACTIVE,Fitbit App
2026-05-19T12:13:00Z,LIGHTLY_ACTIVE,Fitbit App
2026-05-19T12:14:00Z,LIGHTLY_ACTIVE,Fitbit App
2026-05-19T12:15:00Z,LIGHTLY_ACTIVE,Fitbit App
2026-05-19T12:16:00Z,SEDENTARY,Fitbit App
2026-05-19T12:17:00Z,SEDENTARY,Fitbit App
2026-05-19T12:18:00Z,LIGHTLY_ACTIVE,Fitbit App
2026-05-19T12:19:00Z,LIGHTLY_ACTIVE,Fitbit App
2026-05-19T12:20:00Z,SEDENTARY,Fitbit App
2026-05-19T12:21:00Z,LIGHTLY_ACTIVE,Fitbit App
2026-05-19T12:22:00Z,LIGHTLY_ACTIVE,Fitbit App
2026-05-19T12:23:00Z,SEDENTARY,Fitbit App
2026-05-19T12:24:00Z,SEDENTARY,Fitbit App
2026-05-19T12:25:00Z,SEDENTARY,Fitbit App
2026-05-19T12:26:00Z,SEDENTARY,Fitbit App
2026-05-19T12:29:00Z,SEDENTARY,Fitbit App
2026-05-19T12:30:00Z,SEDENTARY,Fitbit App
2026-05-19T12:31:00Z,SEDENTARY,Fitbit App
2026-05-19T12:32:00Z,SEDENTARY,Fitbit App
2026-05-19T12:33:00Z,SEDENTARY,Fitbit App
2026-05-19T12:34:00Z,SEDENTARY,Fitbit App
2026-05-19T12:35:00Z,SEDENTARY,Fitbit App
2026-05-19T12:36:00Z,SEDENTARY,Fitbit App
2026-05-19T12:37:00Z,SEDENTARY,Fitbit App
2026-05-19T12:38:00Z,SEDENTARY,Fitbit App
2026-05-19T12:39:00Z,SEDENTARY,Fitbit App
2026-05-19T12:40:00Z,SEDENTARY,Fitbit App
2026-05-19T12:41:00Z,SEDENTARY,Fitbit App
2026-05-19T12:42:00Z,SEDENTARY,Fitbit App
2026-05-19T12:43:00Z,SEDENTARY,Fitbit App
2026-05-19T12:44:00Z,SEDENTARY,Fitbit App
2026-05-19T12:45:00Z,SEDENTARY,Fitbit App
2026-05-19T12:46:00Z,SEDENTARY,Fitbit App
2026-05-19T12:47:00Z,SEDENTARY,Fitbit App
2026-05-19T12:48:00Z,SEDENTARY,Fitbit App
2026-05-19T12:49:00Z,SEDENTARY,Fitbit App
2026-05-19T12:50:00Z,LIGHTLY_ACTIVE,Fitbit App
2026-05-19T12:51:00Z,SEDENTARY,Fitbit App
2026-05-19T12:52:00Z,LIGHTLY_ACTIVE,Fitbit App
2026-05-19T12:53:00Z,MODERATELY_ACTIVE,Fitbit App
2026-05-19T12:54:00Z,MODERATELY_ACTIVE,Fitbit App
2026-05-19T12:55:00Z,VERY_ACTIVE,Fitbit App
2026-05-19T12:56:00Z,MODERATELY_ACTIVE,Fitbit App
2026-05-19T12:57:00Z,MODERATELY_ACTIVE,Fitbit App
2026-05-19T12:58:00Z,LIGHTLY_ACTIVE,Fitbit App
2026-05-19T12:59:00Z,MODERATELY_ACTIVE,Fitbit App
2026-05-19T13:00:00Z,SEDENTARY,Fitbit App
2026-05-19T13:01:00Z,SEDENTARY,Fitbit App
2026-05-19T13:02:00Z,LIGHTLY_ACTIVE,Fitbit App
2026-05-19T13:03:00Z,SEDENTARY,Fitbit App
2026-05-19T13:04:00Z,SEDENTARY,Fitbit App
2026-05-19T13:05:00Z,SEDENTARY,Fitbit App
2026-05-19T13:06:00Z,LIGHTLY_ACTIVE,Fitbit App
2026-05-19T13:07:00Z,SEDENTARY,Fitbit App
2026-05-19T13:08:00Z,SEDENTARY,Fitbit App
2026-05-19T13:09:00Z,LIGHTLY_ACTIVE,Fitbit App
2026-05-19T13:10:00Z,LIGHTLY_ACTIVE,Fitbit App
2026-05-19T13:11:00Z,SEDENTARY,Fitbit App
2026-05-19T13:12:00Z,LIGHTLY_ACTIVE,Fitbit App
2026-05-19T13:13:00Z,SEDENTARY,Fitbit App
2026-05-19T13:14:00Z,SEDENTARY,Fitbit App
2026-05-19T13:15:00Z,SEDENTARY,Fitbit App
2026-05-19T13:16:00Z,LIGHTLY_ACTIVE,Fitbit App
2026-05-19T13:17:00Z,MODERATELY_ACTIVE,Fitbit App
2026-05-19T13:18:00Z,LIGHTLY_ACTIVE,Fitbit App
2026-05-19T13:19:00Z,SEDENTARY,Fitbit App
2026-05-19T13:20:00Z,SEDENTARY,Fitbit App
2026-05-19T13:21:00Z,LIGHTLY_ACTIVE,Fitbit App
2026-05-19T13:22:00Z,SEDENTARY,Fitbit App
2026-05-19T13:23:00Z,SEDENTARY,Fitbit App
2026-05-19T13:24:00Z,SEDENTARY,Fitbit App
2026-05-19T13:26:00Z,SEDENTARY,Fitbit App
2026-05-19T13:27:00Z,SEDENTARY,Fitbit App
2026-05-19T13:28:00Z,SEDENTARY,Fitbit App
2026-05-19T13:29:00Z,SEDENTARY,Fitbit App
2026-05-19T13:30:00Z,SEDENTARY,Fitbit App
2026-05-19T13:31:00Z,SEDENTARY,Fitbit App
2026-05-19T13:32:00Z,SEDENTARY,Fitbit App
2026-05-19T13:33:00Z,SEDENTARY,Fitbit App
2026-05-19T13:34:00Z,SEDENTARY,Fitbit App
2026-05-19T13:35:00Z,SEDENTARY,Fitbit App
2026-05-19T13:36:00Z,SEDENTARY,Fitbit App
2026-05-19T13:38:00Z,SEDENTARY,Fitbit App
2026-05-19T13:39:00Z,SEDENTARY,Fitbit App
2026-05-19T13:40:00Z,LIGHTLY_ACTIVE,Fitbit App
2026-05-19T13:41:00Z,LIGHTLY_ACTIVE,Fitbit App
2026-05-19T13:42:00Z,MODERATELY_ACTIVE,Fitbit App
2026-05-19T13:43:00Z,VERY_ACTIVE,Fitbit App
2026-05-19T13:44:00Z,VERY_ACTIVE,Fitbit App
2026-05-19T13:45:00Z,VERY_ACTIVE,Fitbit App
2026-05-19T13:46:00Z,VERY_ACTIVE,Fitbit App
2026-05-19T13:47:00Z,VERY_ACTIVE,Fitbit App
2026-05-19T13:48:00Z,VERY_ACTIVE,Fitbit App
2026-05-19T13:49:00Z,VERY_ACTIVE,Fitbit App
2026-05-19T13:50:00Z,VERY_ACTIVE,Fitbit App
2026-05-19T13:51:00Z,VERY_ACTIVE,Fitbit App
2026-05-19T13:52:00Z,MODERATELY_ACTIVE,Fitbit App
2026-05-19T13:53:00Z,LIGHTLY_ACTIVE,Fitbit App
2026-05-19T13:54:00Z,LIGHTLY_ACTIVE,Fitbit App
2026-05-19T13:55:00Z,MODERATELY_ACTIVE,Fitbit App
2026-05-19T13:56:00Z,LIGHTLY_ACTIVE,Fitbit App
2026-05-19T13:57:00Z,MODERATELY_ACTIVE,Fitbit App
2026-05-19T13:58:00Z,LIGHTLY_ACTIVE,Fitbit App
2026-05-19T13:59:00Z,LIGHTLY_ACTIVE,Fitbit App
2026-05-19T14:00:00Z,SEDENTARY,Fitbit App
2026-05-19T14:01:00Z,MODERATELY_ACTIVE,Fitbit App
2026-05-19T14:02:00Z,SEDENTARY,Fitbit App
2026-05-19T14:03:00Z,SEDENTARY,Fitbit App
2026-05-19T14:04:00Z,SEDENTARY,Fitbit App
2026-05-19T14:05:00Z,SEDENTARY,Fitbit App
2026-05-19T14:06:00Z,LIGHTLY_ACTIVE,Fitbit App
2026-05-19T14:07:00Z,SEDENTARY,Fitbit App
2026-05-19T14:08:00Z,SEDENTARY,Fitbit App
2026-05-19T14:09:00Z,SEDENTARY,Fitbit App
2026-05-19T14:10:00Z,SEDENTARY,Fitbit App
2026-05-19T14:11:00Z,SEDENTARY,Fitbit App
2026-05-19T14:12:00Z,SEDENTARY,Fitbit App
2026-05-19T14:13:00Z,SEDENTARY,Fitbit App
2026-05-19T14:17:00Z,SEDENTARY,Fitbit App
2026-05-19T14:21:00Z,SEDENTARY,Fitbit App
2026-05-19T14:22:00Z,SEDENTARY,Fitbit App
2026-05-19T14:29:00Z,SEDENTARY,Fitbit App
2026-05-19T14:30:00Z,SEDENTARY,Fitbit App
2026-05-19T14:31:00Z,SEDENTARY,Fitbit App
2026-05-19T14:32:00Z,SEDENTARY,Fitbit App
2026-05-19T14:33:00Z,SEDENTARY,Fitbit App
2026-05-19T14:35:00Z,SEDENTARY,Fitbit App
2026-05-19T14:36:00Z,SEDENTARY,Fitbit App
2026-05-19T14:37:00Z,SEDENTARY,Fitbit App
2026-05-19T14:38:00Z,SEDENTARY,Fitbit App
2026-05-19T14:40:00Z,SEDENTARY,Fitbit App
2026-05-19T14:41:00Z,SEDENTARY,Fitbit App
2026-05-19T14:42:00Z,SEDENTARY,Fitbit App
2026-05-19T14:43:00Z,SEDENTARY,Fitbit App
2026-05-19T14:44:00Z,SEDENTARY,Fitbit App
2026-05-19T14:45:00Z,SEDENTARY,Fitbit App
2026-05-19T14:46:00Z,SEDENTARY,Fitbit App
2026-05-19T14:47:00Z,SEDENTARY,Fitbit App
2026-05-19T14:48:00Z,SEDENTARY,Fitbit App
2026-05-19T14:49:00Z,SEDENTARY,Fitbit App
2026-05-19T14:50:00Z,SEDENTARY,Fitbit App
2026-05-19T14:51:00Z,SEDENTARY,Fitbit App
2026-05-19T14:53:00Z,SEDENTARY,Fitbit App
2026-05-19T14:54:00Z,SEDENTARY,Fitbit App
2026-05-19T14:57:00Z,SEDENTARY,Fitbit App
2026-05-19T14:58:00Z,SEDENTARY,Fitbit App
2026-05-19T15:03:00Z,SEDENTARY,Fitbit App
2026-05-19T15:04:00Z,LIGHTLY_ACTIVE,Fitbit App
2026-05-19T15:05:00Z,SEDENTARY,Fitbit App
2026-05-19T15:08:00Z,SEDENTARY,Fitbit App
2026-05-19T15:10:00Z,SEDENTARY,Fitbit App
2026-05-19T15:11:00Z,SEDENTARY,Fitbit App
2026-05-19T15:12:00Z,SEDENTARY,Fitbit App
2026-05-19T15:13:00Z,SEDENTARY,Fitbit App
2026-05-19T15:14:00Z,SEDENTARY,Fitbit App
2026-05-19T15:15:00Z,LIGHTLY_ACTIVE,Fitbit App
2026-05-19T15:16:00Z,MODERATELY_ACTIVE,Fitbit App
2026-05-19T15:17:00Z,LIGHTLY_ACTIVE,Fitbit App
2026-05-19T15:18:00Z,MODERATELY_ACTIVE,Fitbit App
2026-05-19T15:19:00Z,MODERATELY_ACTIVE,Fitbit App
2026-05-19T15:20:00Z,MODERATELY_ACTIVE,Fitbit App
2026-05-19T15:21:00Z,MODERATELY_ACTIVE,Fitbit App
2026-05-19T15:22:00Z,LIGHTLY_ACTIVE,Fitbit App
2026-05-19T15:23:00Z,LIGHTLY_ACTIVE,Fitbit App
2026-05-19T15:24:00Z,LIGHTLY_ACTIVE,Fitbit App
2026-05-19T15:25:00Z,SEDENTARY,Fitbit App
2026-05-19T15:26:00Z,LIGHTLY_ACTIVE,Fitbit App
2026-05-19T15:27:00Z,LIGHTLY_ACTIVE,Fitbit App
2026-05-19T15:28:00Z,SEDENTARY,Fitbit App
2026-05-19T15:29:00Z,LIGHTLY_ACTIVE,Fitbit App
2026-05-19T15:30:00Z,LIGHTLY_ACTIVE,Fitbit App
2026-05-19T15:31:00Z,LIGHTLY_ACTIVE,Fitbit App
2026-05-19T15:32:00Z,MODERATELY_ACTIVE,Fitbit App
2026-05-19T15:33:00Z,SEDENTARY,Fitbit App
2026-05-19T15:34:00Z,LIGHTLY_ACTIVE,Fitbit App
2026-05-19T15:35:00Z,LIGHTLY_ACTIVE,Fitbit App
2026-05-19T15:36:00Z,SEDENTARY,Fitbit App
2026-05-19T15:37:00Z,SEDENTARY,Fitbit App
2026-05-19T15:38:00Z,SEDENTARY,Fitbit App
2026-05-19T15:39:00Z,SEDENTARY,Fitbit App
2026-05-19T15:47:00Z,SEDENTARY,Fitbit App
2026-05-19T15:48:00Z,SEDENTARY,Fitbit App
2026-05-19T15:49:00Z,SEDENTARY,Fitbit App
2026-05-19T15:50:00Z,SEDENTARY,Fitbit App
2026-05-19T15:51:00Z,SEDENTARY,Fitbit App
2026-05-19T15:52:00Z,SEDENTARY,Fitbit App
2026-05-19T15:53:00Z,SEDENTARY,Fitbit App
2026-05-19T15:54:00Z,LIGHTLY_ACTIVE,Fitbit App
2026-05-19T15:55:00Z,SEDENTARY,Fitbit App
2026-05-19T15:56:00Z,SEDENTARY,Fitbit App
2026-05-19T15:57:00Z,SEDENTARY,Fitbit App
2026-05-19T15:58:00Z,SEDENTARY,Fitbit App
2026-05-19T15:59:00Z,SEDENTARY,Fitbit App
2026-05-19T16:00:00Z,SEDENTARY,Fitbit App
2026-05-19T16:01:00Z,LIGHTLY_ACTIVE,Fitbit App
2026-05-19T16:02:00Z,SEDENTARY,Fitbit App
2026-05-19T16:03:00Z,LIGHTLY_ACTIVE,Fitbit App
2026-05-19T16:04:00Z,SEDENTARY,Fitbit App
2026-05-19T16:05:00Z,SEDENTARY,Fitbit App
2026-05-19T16:06:00Z,SEDENTARY,Fitbit App
2026-05-19T16:07:00Z,SEDENTARY,Fitbit App
2026-05-19T16:08:00Z,SEDENTARY,Fitbit App
2026-05-19T16:09:00Z,SEDENTARY,Fitbit App
2026-05-19T16:10:00Z,SEDENTARY,Fitbit App
2026-05-19T16:11:00Z,SEDENTARY,Fitbit App
2026-05-19T16:12:00Z,SEDENTARY,Fitbit App
2026-05-19T16:13:00Z,SEDENTARY,Fitbit App
2026-05-19T16:14:00Z,SEDENTARY,Fitbit App
2026-05-19T16:15:00Z,SEDENTARY,Fitbit App
2026-05-19T16:16:00Z,SEDENTARY,Fitbit App
2026-05-19T16:17:00Z,SEDENTARY,Fitbit App
2026-05-19T16:18:00Z,SEDENTARY,Fitbit App
2026-05-19T16:19:00Z,SEDENTARY,Fitbit App
2026-05-19T16:20:00Z,SEDENTARY,Fitbit App
2026-05-19T16:21:00Z,SEDENTARY,Fitbit App
2026-05-19T16:22:00Z,SEDENTARY,Fitbit App
2026-05-19T16:23:00Z,SEDENTARY,Fitbit App
2026-05-19T16:24:00Z,SEDENTARY,Fitbit App
2026-05-19T16:25:00Z,SEDENTARY,Fitbit App
2026-05-19T16:26:00Z,SEDENTARY,Fitbit App
2026-05-19T16:27:00Z,SEDENTARY,Fitbit App
2026-05-19T16:28:00Z,SEDENTARY,Fitbit App
2026-05-19T16:29:00Z,SEDENTARY,Fitbit App
2026-05-19T16:30:00Z,LIGHTLY_ACTIVE,Fitbit App
2026-05-19T16:31:00Z,SEDENTARY,Fitbit App
2026-05-19T16:32:00Z,SEDENTARY,Fitbit App
2026-05-19T16:33:00Z,SEDENTARY,Fitbit App
2026-05-19T16:34:00Z,SEDENTARY,Fitbit App
2026-05-19T16:35:00Z,SEDENTARY,Fitbit App
2026-05-19T16:36:00Z,LIGHTLY_ACTIVE,Fitbit App
2026-05-19T16:37:00Z,SEDENTARY,Fitbit App
2026-05-19T16:38:00Z,LIGHTLY_ACTIVE,Fitbit App
2026-05-19T16:39:00Z,LIGHTLY_ACTIVE,Fitbit App
2026-05-19T16:40:00Z,LIGHTLY_ACTIVE,Fitbit App
2026-05-19T16:41:00Z,LIGHTLY_ACTIVE,Fitbit App
2026-05-19T16:42:00Z,MODERATELY_ACTIVE,Fitbit App
2026-05-19T16:43:00Z,SEDENTARY,Fitbit App
2026-05-19T16:44:00Z,LIGHTLY_ACTIVE,Fitbit App
2026-05-19T16:45:00Z,LIGHTLY_ACTIVE,Fitbit App
2026-05-19T16:46:00Z,SEDENTARY,Fitbit App
2026-05-19T16:47:00Z,SEDENTARY,Fitbit App
2026-05-19T16:48:00Z,SEDENTARY,Fitbit App
2026-05-19T16:50:00Z,LIGHTLY_ACTIVE,Fitbit App
2026-05-19T16:51:00Z,LIGHTLY_ACTIVE,Fitbit App
2026-05-19T16:52:00Z,SEDENTARY,Fitbit App
2026-05-19T16:53:00Z,MODERATELY_ACTIVE,Fitbit App
2026-05-19T16:54:00Z,VERY_ACTIVE,Fitbit App
2026-05-19T16:55:00Z,MODERATELY_ACTIVE,Fitbit App
2026-05-19T16:56:00Z,MODERATELY_ACTIVE,Fitbit App
2026-05-19T16:57:00Z,MODERATELY_ACTIVE,Fitbit App
2026-05-19T16:58:00Z,VERY_ACTIVE,Fitbit App
2026-05-19T16:59:00Z,VERY_ACTIVE,Fitbit App
2026-05-19T17:00:00Z,VERY_ACTIVE,Fitbit App
2026-05-19T17:01:00Z,VERY_ACTIVE,Fitbit App
2026-05-19T17:02:00Z,VERY_ACTIVE,Fitbit App
2026-05-19T17:03:00Z,MODERATELY_ACTIVE,Fitbit App
2026-05-19T17:04:00Z,LIGHTLY_ACTIVE,Fitbit App
2026-05-19T17:05:00Z,SEDENTARY,Fitbit App
2026-05-19T17:06:00Z,LIGHTLY_ACTIVE,Fitbit App
2026-05-19T17:07:00Z,LIGHTLY_ACTIVE,Fitbit App
2026-05-19T17:08:00Z,LIGHTLY_ACTIVE,Fitbit App
2026-05-19T17:09:00Z,LIGHTLY_ACTIVE,Fitbit App
2026-05-19T17:10:00Z,LIGHTLY_ACTIVE,Fitbit App
2026-05-19T17:11:00Z,LIGHTLY_ACTIVE,Fitbit App
2026-05-19T17:12:00Z,LIGHTLY_ACTIVE,Fitbit App
2026-05-19T17:13:00Z,LIGHTLY_ACTIVE,Fitbit App
2026-05-19T17:14:00Z,LIGHTLY_ACTIVE,Fitbit App
2026-05-19T17:15:00Z,LIGHTLY_ACTIVE,Fitbit App
2026-05-19T17:16:00Z,LIGHTLY_ACTIVE,Fitbit App
2026-05-19T17:17:00Z,LIGHTLY_ACTIVE,Fitbit App
2026-05-19T17:18:00Z,LIGHTLY_ACTIVE,Fitbit App
2026-05-19T17:19:00Z,LIGHTLY_ACTIVE,Fitbit App
2026-05-19T17:20:00Z,LIGHTLY_ACTIVE,Fitbit App
2026-05-19T17:21:00Z,LIGHTLY_ACTIVE,Fitbit App
2026-05-19T17:22:00Z,LIGHTLY_ACTIVE,Fitbit App
2026-05-19T17:23:00Z,SEDENTARY,Fitbit App
2026-05-19T17:24:00Z,SEDENTARY,Fitbit App
2026-05-19T17:25:00Z,MODERATELY_ACTIVE,Fitbit App
2026-05-19T17:26:00Z,MODERATELY_ACTIVE,Fitbit App
2026-05-19T17:27:00Z,MODERATELY_ACTIVE,Fitbit App
2026-05-19T17:28:00Z,VERY_ACTIVE,Fitbit App
2026-05-19T17:29:00Z,MODERATELY_ACTIVE,Fitbit App
2026-05-19T17:30:00Z,MODERATELY_ACTIVE,Fitbit App
2026-05-19T17:31:00Z,MODERATELY_ACTIVE,Fitbit App
2026-05-19T17:32:00Z,MODERATELY_ACTIVE,Fitbit App
2026-05-19T17:33:00Z,MODERATELY_ACTIVE,Fitbit App
2026-05-19T17:34:00Z,MODERATELY_ACTIVE,Fitbit App
2026-05-19T17:35:00Z,MODERATELY_ACTIVE,Fitbit App
2026-05-19T17:36:00Z,MODERATELY_ACTIVE,Fitbit App
2026-05-19T17:37:00Z,LIGHTLY_ACTIVE,Fitbit App
2026-05-19T17:38:00Z,LIGHTLY_ACTIVE,Fitbit App
2026-05-19T17:39:00Z,LIGHTLY_ACTIVE,Fitbit App
2026-05-19T17:40:00Z,LIGHTLY_ACTIVE,Fitbit App
2026-05-19T17:41:00Z,SEDENTARY,Fitbit App
2026-05-19T17:42:00Z,LIGHTLY_ACTIVE,Fitbit App
2026-05-19T17:43:00Z,SEDENTARY,Fitbit App
2026-05-19T17:44:00Z,SEDENTARY,Fitbit App
2026-05-19T17:45:00Z,SEDENTARY,Fitbit App
2026-05-19T17:46:00Z,SEDENTARY,Fitbit App
2026-05-19T17:47:00Z,SEDENTARY,Fitbit App
2026-05-19T17:48:00Z,LIGHTLY_ACTIVE,Fitbit App
2026-05-19T17:49:00Z,LIGHTLY_ACTIVE,Fitbit App
2026-05-19T17:50:00Z,LIGHTLY_ACTIVE,Fitbit App
2026-05-19T17:51:00Z,SEDENTARY,Fitbit App
2026-05-19T17:52:00Z,LIGHTLY_ACTIVE,Fitbit App
2026-05-19T17:53:00Z,SEDENTARY,Fitbit App
2026-05-19T17:54:00Z,SEDENTARY,Fitbit App
2026-05-19T17:55:00Z,SEDENTARY,Fitbit App
2026-05-19T17:56:00Z,SEDENTARY,Fitbit App
2026-05-19T17:57:00Z,SEDENTARY,Fitbit App
2026-05-19T17:58:00Z,LIGHTLY_ACTIVE,Fitbit App
2026-05-19T17:59:00Z,LIGHTLY_ACTIVE,Fitbit App
2026-05-19T18:00:00Z,LIGHTLY_ACTIVE,Fitbit App
2026-05-19T18:01:00Z,LIGHTLY_ACTIVE,Fitbit App
2026-05-19T18:02:00Z,LIGHTLY_ACTIVE,Fitbit App
2026-05-19T18:03:00Z,LIGHTLY_ACTIVE,Fitbit App
2026-05-19T18:04:00Z,SEDENTARY,Fitbit App
2026-05-19T18:05:00Z,LIGHTLY_ACTIVE,Fitbit App
2026-05-19T18:06:00Z,LIGHTLY_ACTIVE,Fitbit App
2026-05-19T18:07:00Z,SEDENTARY,Fitbit App
2026-05-19T18:08:00Z,SEDENTARY,Fitbit App
2026-05-19T18:09:00Z,SEDENTARY,Fitbit App
2026-05-19T18:10:00Z,SEDENTARY,Fitbit App
2026-05-19T18:11:00Z,LIGHTLY_ACTIVE,Fitbit App
2026-05-19T18:12:00Z,SEDENTARY,Fitbit App
2026-05-19T18:13:00Z,SEDENTARY,Fitbit App
2026-05-19T18:14:00Z,LIGHTLY_ACTIVE,Fitbit App
2026-05-19T18:15:00Z,SEDENTARY,Fitbit App
2026-05-19T18:16:00Z,SEDENTARY,Fitbit App
2026-05-19T18:17:00Z,LIGHTLY_ACTIVE,Fitbit App
2026-05-19T18:18:00Z,MODERATELY_ACTIVE,Fitbit App
2026-05-19T18:19:00Z,MODERATELY_ACTIVE,Fitbit App
2026-05-19T18:20:00Z,LIGHTLY_ACTIVE,Fitbit App
2026-05-19T18:21:00Z,LIGHTLY_ACTIVE,Fitbit App
2026-05-19T18:22:00Z,LIGHTLY_ACTIVE,Fitbit App
2026-05-19T18:23:00Z,LIGHTLY_ACTIVE,Fitbit App
2026-05-19T18:24:00Z,MODERATELY_ACTIVE,Fitbit App
2026-05-19T18:25:00Z,LIGHTLY_ACTIVE,Fitbit App
2026-05-19T18:26:00Z,LIGHTLY_ACTIVE,Fitbit App
2026-05-19T18:27:00Z,SEDENTARY,Fitbit App
2026-05-19T18:28:00Z,SEDENTARY,Fitbit App
2026-05-19T18:29:00Z,LIGHTLY_ACTIVE,Fitbit App
2026-05-19T18:30:00Z,SEDENTARY,Fitbit App
2026-05-19T18:31:00Z,SEDENTARY,Fitbit App
2026-05-19T18:32:00Z,SEDENTARY,Fitbit App
2026-05-19T18:33:00Z,SEDENTARY,Fitbit App
2026-05-19T18:34:00Z,LIGHTLY_ACTIVE,Fitbit App
2026-05-19T18:35:00Z,LIGHTLY_ACTIVE,Fitbit App
2026-05-19T18:36:00Z,SEDENTARY,Fitbit App
2026-05-19T18:37:00Z,SEDENTARY,Fitbit App
2026-05-19T18:38:00Z,SEDENTARY,Fitbit App
2026-05-19T18:39:00Z,SEDENTARY,Fitbit App
2026-05-19T18:40:00Z,SEDENTARY,Fitbit App
2026-05-19T18:41:00Z,SEDENTARY,Fitbit App
2026-05-19T18:42:00Z,SEDENTARY,Fitbit App
2026-05-19T18:43:00Z,SEDENTARY,Fitbit App
2026-05-19T18:44:00Z,SEDENTARY,Fitbit App
2026-05-19T18:45:00Z,SEDENTARY,Fitbit App
2026-05-19T18:46:00Z,LIGHTLY_ACTIVE,Fitbit App
2026-05-19T18:47:00Z,LIGHTLY_ACTIVE,Fitbit App
2026-05-19T18:48:00Z,SEDENTARY,Fitbit App
2026-05-19T18:49:00Z,SEDENTARY,Fitbit App
2026-05-19T18:50:00Z,SEDENTARY,Fitbit App
2026-05-19T18:51:00Z,LIGHTLY_ACTIVE,Fitbit App
2026-05-19T18:52:00Z,SEDENTARY,Fitbit App
2026-05-19T18:53:00Z,SEDENTARY,Fitbit App
2026-05-19T18:54:00Z,LIGHTLY_ACTIVE,Fitbit App
2026-05-19T18:55:00Z,LIGHTLY_ACTIVE,Fitbit App
2026-05-19T18:56:00Z,LIGHTLY_ACTIVE,Fitbit App
2026-05-19T18:57:00Z,SEDENTARY,Fitbit App
2026-05-19T18:58:00Z,SEDENTARY,Fitbit App
2026-05-19T18:59:00Z,SEDENTARY,Fitbit App
2026-05-19T19:00:00Z,SEDENTARY,Fitbit App
2026-05-19T19:01:00Z,SEDENTARY,Fitbit App
2026-05-19T19:02:00Z,SEDENTARY,Fitbit App
2026-05-19T19:03:00Z,LIGHTLY_ACTIVE,Fitbit App
2026-05-19T19:04:00Z,LIGHTLY_ACTIVE,Fitbit App
2026-05-19T19:05:00Z,LIGHTLY_ACTIVE,Fitbit App
2026-05-19T19:06:00Z,LIGHTLY_ACTIVE,Fitbit App
2026-05-19T19:07:00Z,MODERATELY_ACTIVE,Fitbit App
2026-05-19T19:08:00Z,MODERATELY_ACTIVE,Fitbit App
2026-05-19T19:09:00Z,MODERATELY_ACTIVE,Fitbit App
2026-05-19T19:10:00Z,SEDENTARY,Fitbit App
2026-05-19T19:11:00Z,SEDENTARY,Fitbit App
2026-05-19T19:12:00Z,LIGHTLY_ACTIVE,Fitbit App
2026-05-19T19:13:00Z,LIGHTLY_ACTIVE,Fitbit App
2026-05-19T19:14:00Z,SEDENTARY,Fitbit App
2026-05-19T19:15:00Z,SEDENTARY,Fitbit App
2026-05-19T19:16:00Z,LIGHTLY_ACTIVE,Fitbit App
2026-05-19T19:17:00Z,LIGHTLY_ACTIVE,Fitbit App
2026-05-19T19:18:00Z,SEDENTARY,Fitbit App
2026-05-19T19:19:00Z,SEDENTARY,Fitbit App
2026-05-19T19:20:00Z,SEDENTARY,Fitbit App
2026-05-19T19:21:00Z,SEDENTARY,Fitbit App
2026-05-19T19:22:00Z,SEDENTARY,Fitbit App
2026-05-19T19:23:00Z,SEDENTARY,Fitbit App
2026-05-19T19:24:00Z,SEDENTARY,Fitbit App
2026-05-19T19:28:00Z,SEDENTARY,Fitbit App
2026-05-19T19:33:00Z,SEDENTARY,Fitbit App
2026-05-19T19:34:00Z,SEDENTARY,Fitbit App
2026-05-19T19:35:00Z,LIGHTLY_ACTIVE,Fitbit App
2026-05-19T19:36:00Z,LIGHTLY_ACTIVE,Fitbit App
2026-05-19T19:37:00Z,SEDENTARY,Fitbit App
2026-05-19T19:40:00Z,SEDENTARY,Fitbit App
2026-05-19T19:41:00Z,SEDENTARY,Fitbit App
2026-05-19T19:44:00Z,SEDENTARY,Fitbit App
2026-05-19T19:45:00Z,SEDENTARY,Fitbit App
2026-05-19T19:47:00Z,SEDENTARY,Fitbit App
2026-05-19T19:48:00Z,SEDENTARY,Fitbit App
2026-05-19T20:24:00Z,LIGHTLY_ACTIVE,Fitbit App
2026-05-19T20:25:00Z,LIGHTLY_ACTIVE,Fitbit App
2026-05-19T20:26:00Z,MODERATELY_ACTIVE,Fitbit App
2026-05-19T20:27:00Z,MODERATELY_ACTIVE,Fitbit App
2026-05-19T20:28:00Z,VERY_ACTIVE,Fitbit App
2026-05-19T20:29:00Z,MODERATELY_ACTIVE,Fitbit App
2026-05-19T20:30:00Z,LIGHTLY_ACTIVE,Fitbit App
2026-05-19T20:31:00Z,MODERATELY_ACTIVE,Fitbit App
2026-05-19T20:32:00Z,MODERATELY_ACTIVE,Fitbit App
2026-05-19T20:33:00Z,LIGHTLY_ACTIVE,Fitbit App
2026-05-19T20:34:00Z,LIGHTLY_ACTIVE,Fitbit App
2026-05-19T20:35:00Z,SEDENTARY,Fitbit App
2026-05-19T20:36:00Z,LIGHTLY_ACTIVE,Fitbit App
2026-05-19T20:37:00Z,SEDENTARY,Fitbit App
2026-05-19T20:38:00Z,LIGHTLY_ACTIVE,Fitbit App
2026-05-19T20:39:00Z,MODERATELY_ACTIVE,Fitbit App
2026-05-19T20:40:00Z,SEDENTARY,Fitbit App
2026-05-19T20:41:00Z,SEDENTARY,Fitbit App
2026-05-19T20:42:00Z,SEDENTARY,Fitbit App
2026-05-19T20:43:00Z,SEDENTARY,Fitbit App
2026-05-19T20:44:00Z,SEDENTARY,Fitbit App
2026-05-19T20:45:00Z,SEDENTARY,Fitbit App
2026-05-19T20:46:00Z,SEDENTARY,Fitbit App
2026-05-19T20:47:00Z,SEDENTARY,Fitbit App
2026-05-19T20:48:00Z,SEDENTARY,Fitbit App
2026-05-19T20:51:00Z,SEDENTARY,Fitbit App
2026-05-19T20:56:00Z,SEDENTARY,Fitbit App
2026-05-19T20:58:00Z,SEDENTARY,Fitbit App
2026-05-19T21:13:00Z,SEDENTARY,Fitbit App
2026-05-19T21:16:00Z,SEDENTARY,Fitbit App
2026-05-19T21:20:00Z,SEDENTARY,Fitbit App
2026-05-19T21:21:00Z,SEDENTARY,Fitbit App
2026-05-19T21:22:00Z,SEDENTARY,Fitbit App
2026-05-19T21:23:00Z,SEDENTARY,Fitbit App
2026-05-19T21:25:00Z,SEDENTARY,Fitbit App
2026-05-19T21:26:00Z,SEDENTARY,Fitbit App
2026-05-19T21:27:00Z,SEDENTARY,Fitbit App
2026-05-19T21:28:00Z,SEDENTARY,Fitbit App
2026-05-19T21:29:00Z,SEDENTARY,Fitbit App
2026-05-19T21:30:00Z,SEDENTARY,Fitbit App
2026-05-19T21:31:00Z,SEDENTARY,Fitbit App
2026-05-19T21:33:00Z,SEDENTARY,Fitbit App
2026-05-19T21:34:00Z,SEDENTARY,Fitbit App
2026-05-19T21:35:00Z,SEDENTARY,Fitbit App
2026-05-19T21:37:00Z,SEDENTARY,Fitbit App
2026-05-19T21:38:00Z,SEDENTARY,Fitbit App
2026-05-19T21:39:00Z,SEDENTARY,Fitbit App
2026-05-19T21:40:00Z,SEDENTARY,Fitbit App
2026-05-19T21:41:00Z,SEDENTARY,Fitbit App
2026-05-19T21:42:00Z,SEDENTARY,Fitbit App
2026-05-19T21:43:00Z,SEDENTARY,Fitbit App
2026-05-19T21:44:00Z,SEDENTARY,Fitbit App
2026-05-19T21:46:00Z,SEDENTARY,Fitbit App
2026-05-19T21:47:00Z,SEDENTARY,Fitbit App
2026-05-19T21:53:00Z,SEDENTARY,Fitbit App
2026-05-19T21:54:00Z,SEDENTARY,Fitbit App
2026-05-19T22:08:00Z,SEDENTARY,Fitbit App
2026-05-19T22:09:00Z,SEDENTARY,Fitbit App
2026-05-19T22:10:00Z,SEDENTARY,Fitbit App
2026-05-19T22:14:00Z,LIGHTLY_ACTIVE,Fitbit App
2026-05-19T22:15:00Z,LIGHTLY_ACTIVE,Fitbit App
2026-05-19T22:16:00Z,SEDENTARY,Fitbit App
2026-05-19T22:17:00Z,LIGHTLY_ACTIVE,Fitbit App
2026-05-19T22:18:00Z,LIGHTLY_ACTIVE,Fitbit App
2026-05-19T22:19:00Z,LIGHTLY_ACTIVE,Fitbit App
2026-05-19T22:20:00Z,LIGHTLY_ACTIVE,Fitbit App
2026-05-19T22:28:00Z,SEDENTARY,Fitbit App
2026-05-19T22:34:00Z,SEDENTARY,Fitbit App
2026-05-19T22:42:00Z,SEDENTARY,Fitbit App
2026-05-19T22:47:00Z,SEDENTARY,Fitbit App
2026-05-19T22:49:00Z,SEDENTARY,Fitbit App
2026-05-19T22:51:00Z,SEDENTARY,Fitbit App
2026-05-19T22:57:00Z,SEDENTARY,Fitbit App
2026-05-19T23:00:00Z,SEDENTARY,Fitbit App
2026-05-19T23:03:00Z,LIGHTLY_ACTIVE,Fitbit App
2026-05-19T23:08:00Z,SEDENTARY,Fitbit App
2026-05-20T00:13:00Z,SEDENTARY,Fitbit App
2026-05-20T01:09:00Z,LIGHTLY_ACTIVE,Fitbit App
2026-05-20T01:16:00Z,SEDENTARY,Fitbit App
2026-05-20T01:51:00Z,SEDENTARY,Fitbit App
2026-05-20T03:23:00Z,LIGHTLY_ACTIVE,Fitbit App
2026-05-20T03:58:00Z,SEDENTARY,Fitbit App
2026-05-20T05:39:00Z,SEDENTARY,Fitbit App
2026-05-20T05:41:00Z,SEDENTARY,Fitbit App
2026-05-20T05:45:00Z,SEDENTARY,Fitbit App
2026-05-20T05:53:00Z,SEDENTARY,Fitbit App
2026-05-20T05:57:00Z,SEDENTARY,Fitbit App
2026-05-20T05:58:00Z,SEDENTARY,Fitbit App
2026-05-20T06:09:00Z,SEDENTARY,Fitbit App
2026-05-20T06:10:00Z,SEDENTARY,Fitbit App
2026-05-20T06:25:00Z,SEDENTARY,Fitbit App
2026-05-20T06:30:00Z,SEDENTARY,Fitbit App
2026-05-20T06:44:00Z,LIGHTLY_ACTIVE,Fitbit App
2026-05-20T06:45:00Z,LIGHTLY_ACTIVE,Fitbit App
2026-05-20T06:46:00Z,LIGHTLY_ACTIVE,Fitbit App
2026-05-20T06:47:00Z,LIGHTLY_ACTIVE,Fitbit App
2026-05-20T06:48:00Z,LIGHTLY_ACTIVE,Fitbit App
2026-05-20T06:49:00Z,LIGHTLY_ACTIVE,Fitbit App
2026-05-20T06:50:00Z,SEDENTARY,Fitbit App
2026-05-20T06:51:00Z,LIGHTLY_ACTIVE,Fitbit App
2026-05-20T06:52:00Z,LIGHTLY_ACTIVE,Fitbit App
2026-05-20T06:53:00Z,SEDENTARY,Fitbit App
2026-05-20T06:54:00Z,LIGHTLY_ACTIVE,Fitbit App
2026-05-20T06:55:00Z,LIGHTLY_ACTIVE,Fitbit App
2026-05-20T06:56:00Z,SEDENTARY,Fitbit App
2026-05-20T06:57:00Z,VERY_ACTIVE,Fitbit App
2026-05-20T06:58:00Z,VERY_ACTIVE,Fitbit App
2026-05-20T06:59:00Z,MODERATELY_ACTIVE,Fitbit App
2026-05-20T07:00:00Z,SEDENTARY,Fitbit App
2026-05-20T07:01:00Z,SEDENTARY,Fitbit App
2026-05-20T07:02:00Z,MODERATELY_ACTIVE,Fitbit App
2026-05-20T07:03:00Z,MODERATELY_ACTIVE,Fitbit App
2026-05-20T07:04:00Z,VERY_ACTIVE,Fitbit App
2026-05-20T07:05:00Z,VERY_ACTIVE,Fitbit App
2026-05-20T07:06:00Z,MODERATELY_ACTIVE,Fitbit App
2026-05-20T07:07:00Z,LIGHTLY_ACTIVE,Fitbit App
2026-05-20T07:08:00Z,LIGHTLY_ACTIVE,Fitbit App
2026-05-20T07:09:00Z,LIGHTLY_ACTIVE,Fitbit App
2026-05-20T07:10:00Z,MODERATELY_ACTIVE,Fitbit App
2026-05-20T07:11:00Z,LIGHTLY_ACTIVE,Fitbit App
2026-05-20T07:12:00Z,MODERATELY_ACTIVE,Fitbit App
2026-05-20T07:13:00Z,LIGHTLY_ACTIVE,Fitbit App
2026-05-20T07:14:00Z,LIGHTLY_ACTIVE,Fitbit App
2026-05-20T07:15:00Z,LIGHTLY_ACTIVE,Fitbit App
2026-05-20T07:16:00Z,MODERATELY_ACTIVE,Fitbit App
2026-05-20T07:17:00Z,MODERATELY_ACTIVE,Fitbit App
2026-05-20T07:18:00Z,MODERATELY_ACTIVE,Fitbit App
2026-05-20T07:19:00Z,MODERATELY_ACTIVE,Fitbit App
2026-05-20T07:20:00Z,MODERATELY_ACTIVE,Fitbit App
2026-05-20T07:21:00Z,MODERATELY_ACTIVE,Fitbit App
2026-05-20T07:22:00Z,MODERATELY_ACTIVE,Fitbit App
2026-05-20T07:23:00Z,VERY_ACTIVE,Fitbit App
2026-05-20T07:24:00Z,VERY_ACTIVE,Fitbit App
2026-05-20T07:25:00Z,VERY_ACTIVE,Fitbit App
2026-05-20T07:26:00Z,VERY_ACTIVE,Fitbit App
2026-05-20T07:27:00Z,VERY_ACTIVE,Fitbit App
2026-05-20T07:28:00Z,VERY_ACTIVE,Fitbit App
2026-05-20T07:29:00Z,VERY_ACTIVE,Fitbit App
2026-05-20T07:30:00Z,VERY_ACTIVE,Fitbit App
2026-05-20T07:31:00Z,MODERATELY_ACTIVE,Fitbit App
2026-05-20T07:32:00Z,VERY_ACTIVE,Fitbit App
2026-05-20T07:33:00Z,MODERATELY_ACTIVE,Fitbit App
2026-05-20T07:34:00Z,LIGHTLY_ACTIVE,Fitbit App
2026-05-20T07:35:00Z,LIGHTLY_ACTIVE,Fitbit App
2026-05-20T07:36:00Z,SEDENTARY,Fitbit App
2026-05-20T07:37:00Z,SEDENTARY,Fitbit App
2026-05-20T07:38:00Z,SEDENTARY,Fitbit App
2026-05-20T07:39:00Z,SEDENTARY,Fitbit App
2026-05-20T07:40:00Z,SEDENTARY,Fitbit App
2026-05-20T07:41:00Z,SEDENTARY,Fitbit App
2026-05-20T07:42:00Z,SEDENTARY,Fitbit App
2026-05-20T07:43:00Z,SEDENTARY,Fitbit App
2026-05-20T07:44:00Z,SEDENTARY,Fitbit App
2026-05-20T07:45:00Z,SEDENTARY,Fitbit App
2026-05-20T07:46:00Z,SEDENTARY,Fitbit App
2026-05-20T07:47:00Z,SEDENTARY,Fitbit App
2026-05-20T07:48:00Z,SEDENTARY,Fitbit App
2026-05-20T07:49:00Z,SEDENTARY,Fitbit App
2026-05-20T07:50:00Z,SEDENTARY,Fitbit App
2026-05-20T07:51:00Z,SEDENTARY,Fitbit App
2026-05-20T07:52:00Z,SEDENTARY,Fitbit App
2026-05-20T07:53:00Z,SEDENTARY,Fitbit App
2026-05-20T07:54:00Z,SEDENTARY,Fitbit App
2026-05-20T07:55:00Z,SEDENTARY,Fitbit App
2026-05-20T07:56:00Z,SEDENTARY,Fitbit App
2026-05-20T07:57:00Z,SEDENTARY,Fitbit App
2026-05-20T07:58:00Z,SEDENTARY,Fitbit App
2026-05-20T07:59:00Z,SEDENTARY,Fitbit App
2026-05-20T08:00:00Z,SEDENTARY,Fitbit App
2026-05-20T08:01:00Z,SEDENTARY,Fitbit App
2026-05-20T08:02:00Z,SEDENTARY,Fitbit App
2026-05-20T08:03:00Z,SEDENTARY,Fitbit App
2026-05-20T08:04:00Z,SEDENTARY,Fitbit App
2026-05-20T08:05:00Z,SEDENTARY,Fitbit App
2026-05-20T08:06:00Z,SEDENTARY,Fitbit App
2026-05-20T08:07:00Z,SEDENTARY,Fitbit App
2026-05-20T08:08:00Z,SEDENTARY,Fitbit App
2026-05-20T08:09:00Z,LIGHTLY_ACTIVE,Fitbit App
2026-05-20T08:10:00Z,LIGHTLY_ACTIVE,Fitbit App
2026-05-20T08:11:00Z,LIGHTLY_ACTIVE,Fitbit App
2026-05-20T08:12:00Z,LIGHTLY_ACTIVE,Fitbit App
2026-05-20T08:13:00Z,MODERATELY_ACTIVE,Fitbit App
2026-05-20T08:14:00Z,LIGHTLY_ACTIVE,Fitbit App
2026-05-20T08:15:00Z,SEDENTARY,Fitbit App
2026-05-20T08:17:00Z,SEDENTARY,Fitbit App
2026-05-20T08:18:00Z,SEDENTARY,Fitbit App
2026-05-20T08:20:00Z,SEDENTARY,Fitbit App
2026-05-20T08:21:00Z,SEDENTARY,Fitbit App
2026-05-20T08:22:00Z,SEDENTARY,Fitbit App
2026-05-20T08:23:00Z,SEDENTARY,Fitbit App
2026-05-20T08:24:00Z,SEDENTARY,Fitbit App
2026-05-20T08:25:00Z,SEDENTARY,Fitbit App
2026-05-20T08:26:00Z,SEDENTARY,Fitbit App
2026-05-20T08:27:00Z,SEDENTARY,Fitbit App
2026-05-20T08:28:00Z,SEDENTARY,Fitbit App
2026-05-20T08:29:00Z,LIGHTLY_ACTIVE,Fitbit App
2026-05-20T08:30:00Z,MODERATELY_ACTIVE,Fitbit App
2026-05-20T08:31:00Z,VERY_ACTIVE,Fitbit App
2026-05-20T08:32:00Z,LIGHTLY_ACTIVE,Fitbit App
2026-05-20T08:33:00Z,SEDENTARY,Fitbit App
2026-05-20T08:34:00Z,SEDENTARY,Fitbit App
2026-05-20T08:35:00Z,SEDENTARY,Fitbit App
2026-05-20T08:36:00Z,SEDENTARY,Fitbit App
2026-05-20T08:37:00Z,SEDENTARY,Fitbit App
2026-05-20T08:38:00Z,SEDENTARY,Fitbit App
2026-05-20T08:39:00Z,SEDENTARY,Fitbit App
2026-05-20T08:40:00Z,SEDENTARY,Fitbit App
2026-05-20T08:41:00Z,SEDENTARY,Fitbit App
2026-05-20T08:42:00Z,SEDENTARY,Fitbit App
2026-05-20T08:43:00Z,SEDENTARY,Fitbit App
2026-05-20T08:44:00Z,SEDENTARY,Fitbit App
2026-05-20T08:45:00Z,SEDENTARY,Fitbit App
2026-05-20T08:46:00Z,SEDENTARY,Fitbit App
2026-05-20T08:47:00Z,SEDENTARY,Fitbit App
2026-05-20T08:48:00Z,SEDENTARY,Fitbit App
2026-05-20T08:49:00Z,SEDENTARY,Fitbit App
2026-05-20T08:50:00Z,SEDENTARY,Fitbit App
2026-05-20T08:51:00Z,SEDENTARY,Fitbit App
2026-05-20T08:52:00Z,SEDENTARY,Fitbit App
2026-05-20T08:54:00Z,SEDENTARY,Fitbit App
2026-05-20T08:56:00Z,SEDENTARY,Fitbit App
2026-05-20T08:57:00Z,SEDENTARY,Fitbit App
2026-05-20T08:58:00Z,SEDENTARY,Fitbit App
2026-05-20T09:01:00Z,SEDENTARY,Fitbit App
2026-05-20T09:03:00Z,SEDENTARY,Fitbit App
2026-05-20T09:04:00Z,SEDENTARY,Fitbit App
2026-05-20T09:05:00Z,SEDENTARY,Fitbit App
2026-05-20T09:06:00Z,SEDENTARY,Fitbit App
2026-05-20T09:07:00Z,SEDENTARY,Fitbit App
2026-05-20T09:08:00Z,SEDENTARY,Fitbit App
2026-05-20T09:09:00Z,SEDENTARY,Fitbit App
2026-05-20T09:10:00Z,SEDENTARY,Fitbit App
2026-05-20T09:11:00Z,SEDENTARY,Fitbit App
2026-05-20T09:14:00Z,SEDENTARY,Fitbit App
2026-05-20T09:15:00Z,SEDENTARY,Fitbit App
2026-05-20T09:16:00Z,SEDENTARY,Fitbit App
2026-05-20T09:17:00Z,SEDENTARY,Fitbit App
2026-05-20T09:18:00Z,SEDENTARY,Fitbit App
2026-05-20T09:19:00Z,SEDENTARY,Fitbit App
2026-05-20T09:20:00Z,SEDENTARY,Fitbit App
2026-05-20T09:21:00Z,SEDENTARY,Fitbit App
2026-05-20T09:22:00Z,SEDENTARY,Fitbit App
2026-05-20T09:25:00Z,LIGHTLY_ACTIVE,Fitbit App
2026-05-20T09:26:00Z,SEDENTARY,Fitbit App
2026-05-20T09:27:00Z,SEDENTARY,Fitbit App
2026-05-20T09:28:00Z,SEDENTARY,Fitbit App
2026-05-20T09:29:00Z,SEDENTARY,Fitbit App
2026-05-20T09:30:00Z,SEDENTARY,Fitbit App
2026-05-20T09:31:00Z,SEDENTARY,Fitbit App
2026-05-20T09:32:00Z,SEDENTARY,Fitbit App
2026-05-20T09:33:00Z,SEDENTARY,Fitbit App
2026-05-20T09:34:00Z,SEDENTARY,Fitbit App
2026-05-20T09:35:00Z,VERY_ACTIVE,Fitbit App
2026-05-20T09:36:00Z,SEDENTARY,Fitbit App
2026-05-20T09:37:00Z,SEDENTARY,Fitbit App
2026-05-20T09:38:00Z,SEDENTARY,Fitbit App
2026-05-20T09:41:00Z,SEDENTARY,Fitbit App
2026-05-20T09:42:00Z,SEDENTARY,Fitbit App
2026-05-20T09:43:00Z,SEDENTARY,Fitbit App
2026-05-20T09:44:00Z,SEDENTARY,Fitbit App
2026-05-20T09:45:00Z,SEDENTARY,Fitbit App
2026-05-20T09:46:00Z,SEDENTARY,Fitbit App
2026-05-20T09:47:00Z,SEDENTARY,Fitbit App
2026-05-20T09:48:00Z,LIGHTLY_ACTIVE,Fitbit App
2026-05-20T09:49:00Z,LIGHTLY_ACTIVE,Fitbit App
2026-05-20T09:50:00Z,LIGHTLY_ACTIVE,Fitbit App
2026-05-20T09:51:00Z,SEDENTARY,Fitbit App
2026-05-20T09:52:00Z,SEDENTARY,Fitbit App
2026-05-20T09:53:00Z,SEDENTARY,Fitbit App
2026-05-20T09:54:00Z,SEDENTARY,Fitbit App
2026-05-20T09:55:00Z,SEDENTARY,Fitbit App
2026-05-20T09:56:00Z,SEDENTARY,Fitbit App
2026-05-20T09:57:00Z,SEDENTARY,Fitbit App
2026-05-20T09:58:00Z,SEDENTARY,Fitbit App
2026-05-20T09:59:00Z,SEDENTARY,Fitbit App
2026-05-20T10:00:00Z,SEDENTARY,Fitbit App
2026-05-20T10:01:00Z,SEDENTARY,Fitbit App
2026-05-20T10:02:00Z,SEDENTARY,Fitbit App
2026-05-20T10:03:00Z,SEDENTARY,Fitbit App
2026-05-20T10:04:00Z,LIGHTLY_ACTIVE,Fitbit App
2026-05-20T10:05:00Z,SEDENTARY,Fitbit App
2026-05-20T10:06:00Z,SEDENTARY,Fitbit App
2026-05-20T10:07:00Z,SEDENTARY,Fitbit App
2026-05-20T10:08:00Z,SEDENTARY,Fitbit App
2026-05-20T10:09:00Z,SEDENTARY,Fitbit App
2026-05-20T10:11:00Z,SEDENTARY,Fitbit App
2026-05-20T10:13:00Z,SEDENTARY,Fitbit App
2026-05-20T10:14:00Z,SEDENTARY,Fitbit App
2026-05-20T10:15:00Z,SEDENTARY,Fitbit App
2026-05-20T10:16:00Z,SEDENTARY,Fitbit App
2026-05-20T10:18:00Z,SEDENTARY,Fitbit App
2026-05-20T10:19:00Z,SEDENTARY,Fitbit App
2026-05-20T10:21:00Z,SEDENTARY,Fitbit App
2026-05-20T10:24:00Z,SEDENTARY,Fitbit App
2026-05-20T10:26:00Z,SEDENTARY,Fitbit App
2026-05-20T10:27:00Z,SEDENTARY,Fitbit App
2026-05-20T10:28:00Z,SEDENTARY,Fitbit App
2026-05-20T10:29:00Z,SEDENTARY,Fitbit App
2026-05-20T10:30:00Z,SEDENTARY,Fitbit App
2026-05-20T10:31:00Z,SEDENTARY,Fitbit App
2026-05-20T10:32:00Z,SEDENTARY,Fitbit App
2026-05-20T10:33:00Z,SEDENTARY,Fitbit App
2026-05-20T10:34:00Z,SEDENTARY,Fitbit App
2026-05-20T10:35:00Z,SEDENTARY,Fitbit App
2026-05-20T10:36:00Z,SEDENTARY,Fitbit App
2026-05-20T10:37:00Z,LIGHTLY_ACTIVE,Fitbit App
2026-05-20T10:38:00Z,MODERATELY_ACTIVE,Fitbit App
2026-05-20T10:39:00Z,SEDENTARY,Fitbit App
2026-05-20T10:40:00Z,SEDENTARY,Fitbit App
2026-05-20T10:41:00Z,SEDENTARY,Fitbit App
2026-05-20T10:42:00Z,SEDENTARY,Fitbit App
2026-05-20T10:43:00Z,SEDENTARY,Fitbit App
2026-05-20T10:44:00Z,SEDENTARY,Fitbit App
2026-05-20T10:45:00Z,SEDENTARY,Fitbit App
2026-05-20T10:46:00Z,MODERATELY_ACTIVE,Fitbit App
2026-05-20T10:47:00Z,MODERATELY_ACTIVE,Fitbit App
2026-05-20T10:48:00Z,SEDENTARY,Fitbit App
2026-05-20T10:49:00Z,SEDENTARY,Fitbit App
2026-05-20T10:50:00Z,SEDENTARY,Fitbit App
2026-05-20T10:53:00Z,SEDENTARY,Fitbit App
2026-05-20T10:55:00Z,SEDENTARY,Fitbit App
2026-05-20T10:56:00Z,SEDENTARY,Fitbit App
2026-05-20T10:57:00Z,SEDENTARY,Fitbit App
2026-05-20T10:58:00Z,SEDENTARY,Fitbit App
2026-05-20T10:59:00Z,SEDENTARY,Fitbit App
2026-05-20T11:00:00Z,SEDENTARY,Fitbit App
2026-05-20T11:01:00Z,SEDENTARY,Fitbit App
2026-05-20T11:02:00Z,SEDENTARY,Fitbit App
2026-05-20T11:03:00Z,SEDENTARY,Fitbit App
2026-05-20T11:04:00Z,SEDENTARY,Fitbit App
2026-05-20T11:05:00Z,SEDENTARY,Fitbit App
2026-05-20T11:06:00Z,SEDENTARY,Fitbit App
2026-05-20T11:07:00Z,SEDENTARY,Fitbit App
2026-05-20T11:08:00Z,SEDENTARY,Fitbit App
2026-05-20T11:09:00Z,SEDENTARY,Fitbit App
2026-05-20T11:10:00Z,SEDENTARY,Fitbit App
2026-05-20T11:11:00Z,SEDENTARY,Fitbit App
2026-05-20T11:12:00Z,SEDENTARY,Fitbit App
2026-05-20T11:13:00Z,SEDENTARY,Fitbit App
2026-05-20T11:14:00Z,SEDENTARY,Fitbit App
2026-05-20T11:15:00Z,SEDENTARY,Fitbit App
2026-05-20T11:18:00Z,LIGHTLY_ACTIVE,Fitbit App
2026-05-20T11:19:00Z,LIGHTLY_ACTIVE,Fitbit App
2026-05-20T11:20:00Z,SEDENTARY,Fitbit App
2026-05-20T11:21:00Z,SEDENTARY,Fitbit App
2026-05-20T11:22:00Z,SEDENTARY,Fitbit App
2026-05-20T11:23:00Z,SEDENTARY,Fitbit App
2026-05-20T11:24:00Z,SEDENTARY,Fitbit App
2026-05-20T11:25:00Z,SEDENTARY,Fitbit App
2026-05-20T11:26:00Z,SEDENTARY,Fitbit App
2026-05-20T11:27:00Z,SEDENTARY,Fitbit App
2026-05-20T11:28:00Z,SEDENTARY,Fitbit App
2026-05-20T11:30:00Z,LIGHTLY_ACTIVE,Fitbit App
2026-05-20T11:32:00Z,SEDENTARY,Fitbit App
2026-05-20T11:33:00Z,SEDENTARY,Fitbit App
2026-05-20T11:36:00Z,SEDENTARY,Fitbit App
2026-05-20T11:37:00Z,SEDENTARY,Fitbit App
2026-05-20T11:38:00Z,SEDENTARY,Fitbit App
2026-05-20T11:40:00Z,SEDENTARY,Fitbit App
2026-05-20T11:41:00Z,SEDENTARY,Fitbit App
2026-05-20T11:42:00Z,SEDENTARY,Fitbit App
2026-05-20T11:43:00Z,SEDENTARY,Fitbit App
2026-05-20T11:44:00Z,SEDENTARY,Fitbit App
2026-05-20T11:45:00Z,SEDENTARY,Fitbit App
2026-05-20T11:46:00Z,SEDENTARY,Fitbit App
2026-05-20T11:47:00Z,SEDENTARY,Fitbit App
2026-05-20T11:48:00Z,SEDENTARY,Fitbit App
2026-05-20T11:49:00Z,LIGHTLY_ACTIVE,Fitbit App
2026-05-20T11:50:00Z,SEDENTARY,Fitbit App
2026-05-20T11:51:00Z,SEDENTARY,Fitbit App
2026-05-20T11:52:00Z,SEDENTARY,Fitbit App
2026-05-20T11:53:00Z,SEDENTARY,Fitbit App
2026-05-20T11:54:00Z,LIGHTLY_ACTIVE,Fitbit App
2026-05-20T11:55:00Z,SEDENTARY,Fitbit App
2026-05-20T11:56:00Z,SEDENTARY,Fitbit App
2026-05-20T11:58:00Z,SEDENTARY,Fitbit App
2026-05-20T11:59:00Z,SEDENTARY,Fitbit App
2026-05-20T12:00:00Z,SEDENTARY,Fitbit App
2026-05-20T12:01:00Z,LIGHTLY_ACTIVE,Fitbit App
2026-05-20T12:04:00Z,LIGHTLY_ACTIVE,Fitbit App
2026-05-20T12:06:00Z,LIGHTLY_ACTIVE,Fitbit App
2026-05-20T12:07:00Z,SEDENTARY,Fitbit App
2026-05-20T12:08:00Z,SEDENTARY,Fitbit App
2026-05-20T12:09:00Z,SEDENTARY,Fitbit App
2026-05-20T12:10:00Z,SEDENTARY,Fitbit App
2026-05-20T12:15:00Z,SEDENTARY,Fitbit App
2026-05-20T12:16:00Z,SEDENTARY,Fitbit App
2026-05-20T12:19:00Z,SEDENTARY,Fitbit App
2026-05-20T12:22:00Z,SEDENTARY,Fitbit App
2026-05-20T12:23:00Z,SEDENTARY,Fitbit App
2026-05-20T12:24:00Z,SEDENTARY,Fitbit App
2026-05-20T12:25:00Z,SEDENTARY,Fitbit App
2026-05-20T12:26:00Z,SEDENTARY,Fitbit App
2026-05-20T12:27:00Z,SEDENTARY,Fitbit App
2026-05-20T12:28:00Z,SEDENTARY,Fitbit App
2026-05-20T12:29:00Z,SEDENTARY,Fitbit App
2026-05-20T12:30:00Z,SEDENTARY,Fitbit App
2026-05-20T12:31:00Z,SEDENTARY,Fitbit App
2026-05-20T12:32:00Z,SEDENTARY,Fitbit App
2026-05-20T12:34:00Z,SEDENTARY,Fitbit App
2026-05-20T12:36:00Z,SEDENTARY,Fitbit App
2026-05-20T12:37:00Z,SEDENTARY,Fitbit App
2026-05-20T12:38:00Z,SEDENTARY,Fitbit App
2026-05-20T12:39:00Z,SEDENTARY,Fitbit App
2026-05-20T12:40:00Z,LIGHTLY_ACTIVE,Fitbit App
2026-05-20T12:41:00Z,SEDENTARY,Fitbit App
2026-05-20T12:42:00Z,SEDENTARY,Fitbit App
2026-05-20T12:44:00Z,SEDENTARY,Fitbit App
2026-05-20T12:45:00Z,SEDENTARY,Fitbit App
2026-05-20T12:46:00Z,SEDENTARY,Fitbit App
2026-05-20T12:48:00Z,SEDENTARY,Fitbit App
2026-05-20T12:49:00Z,SEDENTARY,Fitbit App
2026-05-20T12:50:00Z,SEDENTARY,Fitbit App
2026-05-20T12:51:00Z,SEDENTARY,Fitbit App
2026-05-20T12:54:00Z,SEDENTARY,Fitbit App
2026-05-20T12:55:00Z,SEDENTARY,Fitbit App
2026-05-20T12:56:00Z,SEDENTARY,Fitbit App
2026-05-20T12:57:00Z,SEDENTARY,Fitbit App
2026-05-20T12:58:00Z,LIGHTLY_ACTIVE,Fitbit App
2026-05-20T12:59:00Z,LIGHTLY_ACTIVE,Fitbit App
2026-05-20T13:00:00Z,SEDENTARY,Fitbit App
2026-05-20T13:01:00Z,SEDENTARY,Fitbit App
2026-05-20T13:03:00Z,SEDENTARY,Fitbit App
2026-05-20T13:04:00Z,SEDENTARY,Fitbit App
2026-05-20T13:05:00Z,SEDENTARY,Fitbit App
2026-05-20T13:06:00Z,SEDENTARY,Fitbit App
2026-05-20T13:07:00Z,SEDENTARY,Fitbit App
2026-05-20T13:08:00Z,SEDENTARY,Fitbit App
2026-05-20T13:09:00Z,SEDENTARY,Fitbit App
2026-05-20T13:10:00Z,SEDENTARY,Fitbit App
2026-05-20T13:11:00Z,LIGHTLY_ACTIVE,Fitbit App
2026-05-20T13:12:00Z,LIGHTLY_ACTIVE,Fitbit App
2026-05-20T13:13:00Z,VERY_ACTIVE,Fitbit App
2026-05-20T13:14:00Z,MODERATELY_ACTIVE,Fitbit App
2026-05-20T13:15:00Z,MODERATELY_ACTIVE,Fitbit App
2026-05-20T13:16:00Z,MODERATELY_ACTIVE,Fitbit App
2026-05-20T13:17:00Z,LIGHTLY_ACTIVE,Fitbit App
2026-05-20T13:18:00Z,MODERATELY_ACTIVE,Fitbit App
2026-05-20T13:19:00Z,MODERATELY_ACTIVE,Fitbit App
2026-05-20T13:20:00Z,VERY_ACTIVE,Fitbit App
2026-05-20T13:21:00Z,VERY_ACTIVE,Fitbit App
2026-05-20T13:22:00Z,VERY_ACTIVE,Fitbit App
2026-05-20T13:23:00Z,VERY_ACTIVE,Fitbit App
2026-05-20T13:24:00Z,VERY_ACTIVE,Fitbit App
2026-05-20T13:25:00Z,MODERATELY_ACTIVE,Fitbit App
2026-05-20T13:26:00Z,VERY_ACTIVE,Fitbit App
2026-05-20T13:27:00Z,MODERATELY_ACTIVE,Fitbit App
2026-05-20T13:28:00Z,MODERATELY_ACTIVE,Fitbit App
2026-05-20T13:29:00Z,LIGHTLY_ACTIVE,Fitbit App
2026-05-20T13:30:00Z,SEDENTARY,Fitbit App
2026-05-20T13:32:00Z,SEDENTARY,Fitbit App
2026-05-20T13:33:00Z,SEDENTARY,Fitbit App
2026-05-20T13:36:00Z,SEDENTARY,Fitbit App
2026-05-20T13:38:00Z,SEDENTARY,Fitbit App
2026-05-20T13:39:00Z,SEDENTARY,Fitbit App
2026-05-20T13:40:00Z,SEDENTARY,Fitbit App
2026-05-20T13:41:00Z,SEDENTARY,Fitbit App
2026-05-20T13:42:00Z,SEDENTARY,Fitbit App
2026-05-20T13:43:00Z,SEDENTARY,Fitbit App
2026-05-20T13:44:00Z,SEDENTARY,Fitbit App
2026-05-20T13:45:00Z,SEDENTARY,Fitbit App
2026-05-20T13:46:00Z,SEDENTARY,Fitbit App
2026-05-20T13:47:00Z,LIGHTLY_ACTIVE,Fitbit App
2026-05-20T13:48:00Z,SEDENTARY,Fitbit App
2026-05-20T13:50:00Z,LIGHTLY_ACTIVE,Fitbit App
2026-05-20T13:51:00Z,LIGHTLY_ACTIVE,Fitbit App
2026-05-20T14:05:00Z,SEDENTARY,Fitbit App
2026-05-20T14:09:00Z,LIGHTLY_ACTIVE,Fitbit App
2026-05-20T14:10:00Z,MODERATELY_ACTIVE,Fitbit App
2026-05-20T14:11:00Z,MODERATELY_ACTIVE,Fitbit App
2026-05-20T14:12:00Z,SEDENTARY,Fitbit App
2026-05-20T14:16:00Z,LIGHTLY_ACTIVE,Fitbit App
2026-05-20T14:17:00Z,LIGHTLY_ACTIVE,Fitbit App
2026-05-20T14:18:00Z,LIGHTLY_ACTIVE,Fitbit App
2026-05-20T14:19:00Z,LIGHTLY_ACTIVE,Fitbit App
2026-05-20T14:20:00Z,SEDENTARY,Fitbit App
2026-05-20T14:24:00Z,SEDENTARY,Fitbit App
2026-05-20T14:26:00Z,SEDENTARY,Fitbit App
2026-05-20T14:32:00Z,SEDENTARY,Fitbit App
2026-05-20T14:33:00Z,SEDENTARY,Fitbit App
2026-05-20T14:36:00Z,SEDENTARY,Fitbit App
2026-05-20T14:37:00Z,LIGHTLY_ACTIVE,Fitbit App
2026-05-20T14:38:00Z,SEDENTARY,Fitbit App
2026-05-20T14:39:00Z,SEDENTARY,Fitbit App
2026-05-20T14:40:00Z,SEDENTARY,Fitbit App
2026-05-20T14:43:00Z,SEDENTARY,Fitbit App
2026-05-20T14:44:00Z,SEDENTARY,Fitbit App
2026-05-20T14:45:00Z,LIGHTLY_ACTIVE,Fitbit App
2026-05-20T14:46:00Z,LIGHTLY_ACTIVE,Fitbit App
2026-05-20T14:47:00Z,LIGHTLY_ACTIVE,Fitbit App
2026-05-20T14:48:00Z,SEDENTARY,Fitbit App
2026-05-20T14:50:00Z,LIGHTLY_ACTIVE,Fitbit App
2026-05-20T14:51:00Z,LIGHTLY_ACTIVE,Fitbit App
2026-05-20T14:52:00Z,SEDENTARY,Fitbit App
2026-05-20T14:53:00Z,SEDENTARY,Fitbit App
2026-05-20T14:54:00Z,LIGHTLY_ACTIVE,Fitbit App
2026-05-20T14:55:00Z,LIGHTLY_ACTIVE,Fitbit App
2026-05-20T14:56:00Z,LIGHTLY_ACTIVE,Fitbit App
2026-05-20T14:57:00Z,LIGHTLY_ACTIVE,Fitbit App
2026-05-20T14:58:00Z,SEDENTARY,Fitbit App
2026-05-20T14:59:00Z,SEDENTARY,Fitbit App
2026-05-20T15:00:00Z,SEDENTARY,Fitbit App
2026-05-20T15:01:00Z,SEDENTARY,Fitbit App
2026-05-20T15:02:00Z,SEDENTARY,Fitbit App
2026-05-20T15:03:00Z,SEDENTARY,Fitbit App
2026-05-20T15:04:00Z,SEDENTARY,Fitbit App
2026-05-20T15:05:00Z,SEDENTARY,Fitbit App
2026-05-20T15:06:00Z,LIGHTLY_ACTIVE,Fitbit App
2026-05-20T15:07:00Z,SEDENTARY,Fitbit App
2026-05-20T15:09:00Z,LIGHTLY_ACTIVE,Fitbit App
2026-05-20T15:10:00Z,LIGHTLY_ACTIVE,Fitbit App
2026-05-20T15:11:00Z,SEDENTARY,Fitbit App
2026-05-20T15:12:00Z,SEDENTARY,Fitbit App
2026-05-20T15:13:00Z,LIGHTLY_ACTIVE,Fitbit App
2026-05-20T15:14:00Z,SEDENTARY,Fitbit App
2026-05-20T15:15:00Z,LIGHTLY_ACTIVE,Fitbit App
2026-05-20T15:16:00Z,SEDENTARY,Fitbit App
2026-05-20T15:17:00Z,SEDENTARY,Fitbit App
2026-05-20T15:18:00Z,SEDENTARY,Fitbit App
2026-05-20T15:19:00Z,SEDENTARY,Fitbit App
2026-05-20T15:20:00Z,SEDENTARY,Fitbit App
2026-05-20T15:21:00Z,SEDENTARY,Fitbit App
2026-05-20T15:22:00Z,SEDENTARY,Fitbit App
2026-05-20T15:23:00Z,SEDENTARY,Fitbit App
2026-05-20T15:24:00Z,LIGHTLY_ACTIVE,Fitbit App
2026-05-20T15:25:00Z,LIGHTLY_ACTIVE,Fitbit App
2026-05-20T15:26:00Z,SEDENTARY,Fitbit App
2026-05-20T15:27:00Z,SEDENTARY,Fitbit App
2026-05-20T15:28:00Z,SEDENTARY,Fitbit App
2026-05-20T15:29:00Z,SEDENTARY,Fitbit App
2026-05-20T15:30:00Z,SEDENTARY,Fitbit App
2026-05-20T15:31:00Z,LIGHTLY_ACTIVE,Fitbit App
2026-05-20T15:32:00Z,SEDENTARY,Fitbit App
2026-05-20T15:33:00Z,SEDENTARY,Fitbit App
2026-05-20T15:34:00Z,SEDENTARY,Fitbit App
2026-05-20T15:35:00Z,SEDENTARY,Fitbit App
2026-05-20T15:36:00Z,SEDENTARY,Fitbit App
2026-05-20T15:37:00Z,LIGHTLY_ACTIVE,Fitbit App
2026-05-20T15:38:00Z,SEDENTARY,Fitbit App
2026-05-20T15:39:00Z,SEDENTARY,Fitbit App
2026-05-20T15:40:00Z,LIGHTLY_ACTIVE,Fitbit App
2026-05-20T15:41:00Z,SEDENTARY,Fitbit App
2026-05-20T15:42:00Z,SEDENTARY,Fitbit App
2026-05-20T15:43:00Z,LIGHTLY_ACTIVE,Fitbit App
2026-05-20T15:44:00Z,LIGHTLY_ACTIVE,Fitbit App
2026-05-20T15:45:00Z,SEDENTARY,Fitbit App
2026-05-20T15:46:00Z,LIGHTLY_ACTIVE,Fitbit App
2026-05-20T15:47:00Z,SEDENTARY,Fitbit App
2026-05-20T15:48:00Z,SEDENTARY,Fitbit App
2026-05-20T15:49:00Z,SEDENTARY,Fitbit App
2026-05-20T15:50:00Z,SEDENTARY,Fitbit App
2026-05-20T15:51:00Z,SEDENTARY,Fitbit App
2026-05-20T15:52:00Z,SEDENTARY,Fitbit App
2026-05-20T15:53:00Z,SEDENTARY,Fitbit App
2026-05-20T15:54:00Z,SEDENTARY,Fitbit App
2026-05-20T15:55:00Z,SEDENTARY,Fitbit App
2026-05-20T15:56:00Z,SEDENTARY,Fitbit App
2026-05-20T15:57:00Z,LIGHTLY_ACTIVE,Fitbit App
2026-05-20T15:58:00Z,SEDENTARY,Fitbit App
2026-05-20T15:59:00Z,SEDENTARY,Fitbit App
2026-05-20T16:00:00Z,LIGHTLY_ACTIVE,Fitbit App
2026-05-20T16:01:00Z,SEDENTARY,Fitbit App
2026-05-20T16:02:00Z,SEDENTARY,Fitbit App
2026-05-20T16:03:00Z,SEDENTARY,Fitbit App
2026-05-20T16:04:00Z,SEDENTARY,Fitbit App
2026-05-20T16:05:00Z,LIGHTLY_ACTIVE,Fitbit App
2026-05-20T16:06:00Z,LIGHTLY_ACTIVE,Fitbit App
2026-05-20T16:07:00Z,SEDENTARY,Fitbit App
2026-05-20T16:08:00Z,SEDENTARY,Fitbit App
2026-05-20T16:09:00Z,SEDENTARY,Fitbit App
2026-05-20T16:10:00Z,LIGHTLY_ACTIVE,Fitbit App
2026-05-20T16:11:00Z,SEDENTARY,Fitbit App
2026-05-20T16:12:00Z,SEDENTARY,Fitbit App
2026-05-20T16:13:00Z,MODERATELY_ACTIVE,Fitbit App
2026-05-20T16:14:00Z,LIGHTLY_ACTIVE,Fitbit App
2026-05-20T16:15:00Z,LIGHTLY_ACTIVE,Fitbit App
2026-05-20T16:16:00Z,LIGHTLY_ACTIVE,Fitbit App
2026-05-20T16:17:00Z,LIGHTLY_ACTIVE,Fitbit App
2026-05-20T16:18:00Z,LIGHTLY_ACTIVE,Fitbit App
2026-05-20T16:19:00Z,MODERATELY_ACTIVE,Fitbit App
2026-05-20T16:20:00Z,LIGHTLY_ACTIVE,Fitbit App
2026-05-20T16:21:00Z,MODERATELY_ACTIVE,Fitbit App
2026-05-20T16:22:00Z,MODERATELY_ACTIVE,Fitbit App
2026-05-20T16:23:00Z,MODERATELY_ACTIVE,Fitbit App
2026-05-20T16:24:00Z,LIGHTLY_ACTIVE,Fitbit App
2026-05-20T16:25:00Z,SEDENTARY,Fitbit App
2026-05-20T16:26:00Z,SEDENTARY,Fitbit App
2026-05-20T16:27:00Z,SEDENTARY,Fitbit App
2026-05-20T16:28:00Z,SEDENTARY,Fitbit App
2026-05-20T16:29:00Z,SEDENTARY,Fitbit App
2026-05-20T16:30:00Z,SEDENTARY,Fitbit App
2026-05-20T16:31:00Z,SEDENTARY,Fitbit App
2026-05-20T16:32:00Z,LIGHTLY_ACTIVE,Fitbit App
2026-05-20T16:33:00Z,SEDENTARY,Fitbit App
2026-05-20T16:34:00Z,SEDENTARY,Fitbit App
2026-05-20T16:35:00Z,SEDENTARY,Fitbit App
2026-05-20T16:36:00Z,SEDENTARY,Fitbit App
2026-05-20T16:37:00Z,LIGHTLY_ACTIVE,Fitbit App
2026-05-20T16:38:00Z,SEDENTARY,Fitbit App
2026-05-20T16:39:00Z,SEDENTARY,Fitbit App
2026-05-20T16:40:00Z,SEDENTARY,Fitbit App
2026-05-20T16:41:00Z,SEDENTARY,Fitbit App
2026-05-20T16:42:00Z,SEDENTARY,Fitbit App
2026-05-20T16:43:00Z,SEDENTARY,Fitbit App
2026-05-20T16:44:00Z,SEDENTARY,Fitbit App
2026-05-20T16:45:00Z,LIGHTLY_ACTIVE,Fitbit App
2026-05-20T16:46:00Z,SEDENTARY,Fitbit App
2026-05-20T16:47:00Z,SEDENTARY,Fitbit App
2026-05-20T16:48:00Z,SEDENTARY,Fitbit App
2026-05-20T16:49:00Z,SEDENTARY,Fitbit App
2026-05-20T16:50:00Z,SEDENTARY,Fitbit App
2026-05-20T16:51:00Z,SEDENTARY,Fitbit App
2026-05-20T16:52:00Z,SEDENTARY,Fitbit App
2026-05-20T16:53:00Z,SEDENTARY,Fitbit App
2026-05-20T16:54:00Z,SEDENTARY,Fitbit App
2026-05-20T16:55:00Z,SEDENTARY,Fitbit App
2026-05-20T16:56:00Z,SEDENTARY,Fitbit App
2026-05-20T16:57:00Z,SEDENTARY,Fitbit App
2026-05-20T16:58:00Z,LIGHTLY_ACTIVE,Fitbit App
2026-05-20T16:59:00Z,LIGHTLY_ACTIVE,Fitbit App
2026-05-20T17:00:00Z,LIGHTLY_ACTIVE,Fitbit App
2026-05-20T17:01:00Z,LIGHTLY_ACTIVE,Fitbit App
2026-05-20T17:02:00Z,SEDENTARY,Fitbit App
2026-05-20T17:03:00Z,SEDENTARY,Fitbit App
2026-05-20T17:04:00Z,SEDENTARY,Fitbit App
2026-05-20T17:05:00Z,SEDENTARY,Fitbit App
2026-05-20T17:06:00Z,SEDENTARY,Fitbit App
2026-05-20T17:07:00Z,LIGHTLY_ACTIVE,Fitbit App
2026-05-20T17:08:00Z,LIGHTLY_ACTIVE,Fitbit App
2026-05-20T17:09:00Z,SEDENTARY,Fitbit App
2026-05-20T17:10:00Z,LIGHTLY_ACTIVE,Fitbit App
2026-05-20T17:11:00Z,SEDENTARY,Fitbit App
2026-05-20T17:12:00Z,LIGHTLY_ACTIVE,Fitbit App
2026-05-20T17:13:00Z,LIGHTLY_ACTIVE,Fitbit App
2026-05-20T17:14:00Z,LIGHTLY_ACTIVE,Fitbit App
2026-05-20T17:15:00Z,LIGHTLY_ACTIVE,Fitbit App
2026-05-20T17:16:00Z,MODERATELY_ACTIVE,Fitbit App
2026-05-20T17:17:00Z,MODERATELY_ACTIVE,Fitbit App
2026-05-20T17:18:00Z,MODERATELY_ACTIVE,Fitbit App
2026-05-20T17:19:00Z,LIGHTLY_ACTIVE,Fitbit App
2026-05-20T17:20:00Z,MODERATELY_ACTIVE,Fitbit App
2026-05-20T17:21:00Z,MODERATELY_ACTIVE,Fitbit App
2026-05-20T17:22:00Z,MODERATELY_ACTIVE,Fitbit App
2026-05-20T17:23:00Z,MODERATELY_ACTIVE,Fitbit App
2026-05-20T17:24:00Z,MODERATELY_ACTIVE,Fitbit App
2026-05-20T17:25:00Z,MODERATELY_ACTIVE,Fitbit App
2026-05-20T17:26:00Z,LIGHTLY_ACTIVE,Fitbit App
2026-05-20T17:27:00Z,SEDENTARY,Fitbit App
2026-05-20T17:28:00Z,LIGHTLY_ACTIVE,Fitbit App
2026-05-20T17:29:00Z,LIGHTLY_ACTIVE,Fitbit App
2026-05-20T17:30:00Z,LIGHTLY_ACTIVE,Fitbit App
2026-05-20T17:31:00Z,LIGHTLY_ACTIVE,Fitbit App
2026-05-20T17:32:00Z,LIGHTLY_ACTIVE,Fitbit App
2026-05-20T17:33:00Z,MODERATELY_ACTIVE,Fitbit App
2026-05-20T17:34:00Z,MODERATELY_ACTIVE,Fitbit App
2026-05-20T17:35:00Z,MODERATELY_ACTIVE,Fitbit App
2026-05-20T17:36:00Z,LIGHTLY_ACTIVE,Fitbit App
2026-05-20T17:37:00Z,LIGHTLY_ACTIVE,Fitbit App
2026-05-20T17:38:00Z,LIGHTLY_ACTIVE,Fitbit App
2026-05-20T17:39:00Z,SEDENTARY,Fitbit App
2026-05-20T17:40:00Z,MODERATELY_ACTIVE,Fitbit App
2026-05-20T17:41:00Z,VERY_ACTIVE,Fitbit App
2026-05-20T17:42:00Z,LIGHTLY_ACTIVE,Fitbit App
2026-05-20T17:43:00Z,LIGHTLY_ACTIVE,Fitbit App
2026-05-20T17:44:00Z,LIGHTLY_ACTIVE,Fitbit App
2026-05-20T17:45:00Z,MODERATELY_ACTIVE,Fitbit App
2026-05-20T17:46:00Z,MODERATELY_ACTIVE,Fitbit App
2026-05-20T17:47:00Z,MODERATELY_ACTIVE,Fitbit App
2026-05-20T17:48:00Z,MODERATELY_ACTIVE,Fitbit App
2026-05-20T17:49:00Z,VERY_ACTIVE,Fitbit App
2026-05-20T17:50:00Z,VERY_ACTIVE,Fitbit App
2026-05-20T17:51:00Z,LIGHTLY_ACTIVE,Fitbit App
2026-05-20T17:52:00Z,LIGHTLY_ACTIVE,Fitbit App
2026-05-20T17:53:00Z,LIGHTLY_ACTIVE,Fitbit App
2026-05-20T17:54:00Z,LIGHTLY_ACTIVE,Fitbit App
2026-05-20T17:55:00Z,SEDENTARY,Fitbit App
2026-05-20T17:56:00Z,SEDENTARY,Fitbit App
2026-05-20T17:57:00Z,SEDENTARY,Fitbit App
2026-05-20T17:58:00Z,LIGHTLY_ACTIVE,Fitbit App
2026-05-20T17:59:00Z,LIGHTLY_ACTIVE,Fitbit App
2026-05-20T18:00:00Z,LIGHTLY_ACTIVE,Fitbit App
2026-05-20T18:01:00Z,LIGHTLY_ACTIVE,Fitbit App
2026-05-20T18:02:00Z,SEDENTARY,Fitbit App
2026-05-20T18:03:00Z,LIGHTLY_ACTIVE,Fitbit App
2026-05-20T18:04:00Z,SEDENTARY,Fitbit App
2026-05-20T18:05:00Z,SEDENTARY,Fitbit App
2026-05-20T18:06:00Z,SEDENTARY,Fitbit App
2026-05-20T18:07:00Z,SEDENTARY,Fitbit App
2026-05-20T18:08:00Z,SEDENTARY,Fitbit App
2026-05-20T18:09:00Z,LIGHTLY_ACTIVE,Fitbit App
2026-05-20T18:10:00Z,LIGHTLY_ACTIVE,Fitbit App
2026-05-20T18:11:00Z,LIGHTLY_ACTIVE,Fitbit App
2026-05-20T18:12:00Z,LIGHTLY_ACTIVE,Fitbit App
2026-05-20T18:13:00Z,MODERATELY_ACTIVE,Fitbit App
2026-05-20T18:14:00Z,MODERATELY_ACTIVE,Fitbit App
2026-05-20T18:15:00Z,MODERATELY_ACTIVE,Fitbit App
2026-05-20T18:16:00Z,MODERATELY_ACTIVE,Fitbit App
2026-05-20T18:17:00Z,LIGHTLY_ACTIVE,Fitbit App
2026-05-20T18:18:00Z,LIGHTLY_ACTIVE,Fitbit App
2026-05-20T18:19:00Z,LIGHTLY_ACTIVE,Fitbit App
2026-05-20T18:20:00Z,LIGHTLY_ACTIVE,Fitbit App
2026-05-20T18:21:00Z,SEDENTARY,Fitbit App
2026-05-20T18:22:00Z,LIGHTLY_ACTIVE,Fitbit App
2026-05-20T18:23:00Z,LIGHTLY_ACTIVE,Fitbit App
2026-05-20T18:24:00Z,LIGHTLY_ACTIVE,Fitbit App
2026-05-20T18:25:00Z,LIGHTLY_ACTIVE,Fitbit App
2026-05-20T18:26:00Z,LIGHTLY_ACTIVE,Fitbit App
2026-05-20T18:27:00Z,LIGHTLY_ACTIVE,Fitbit App
2026-05-20T18:28:00Z,SEDENTARY,Fitbit App
2026-05-20T18:29:00Z,SEDENTARY,Fitbit App
2026-05-20T18:30:00Z,SEDENTARY,Fitbit App
2026-05-20T18:31:00Z,SEDENTARY,Fitbit App
2026-05-20T18:32:00Z,SEDENTARY,Fitbit App
2026-05-20T18:33:00Z,SEDENTARY,Fitbit App
2026-05-20T18:34:00Z,SEDENTARY,Fitbit App
2026-05-20T18:35:00Z,SEDENTARY,Fitbit App
2026-05-20T18:36:00Z,SEDENTARY,Fitbit App
2026-05-20T18:37:00Z,SEDENTARY,Fitbit App
2026-05-20T18:38:00Z,SEDENTARY,Fitbit App
2026-05-20T18:39:00Z,SEDENTARY,Fitbit App
2026-05-20T18:40:00Z,LIGHTLY_ACTIVE,Fitbit App
2026-05-20T18:41:00Z,SEDENTARY,Fitbit App
2026-05-20T18:42:00Z,SEDENTARY,Fitbit App
2026-05-20T18:43:00Z,SEDENTARY,Fitbit App
2026-05-20T18:44:00Z,SEDENTARY,Fitbit App
2026-05-20T18:45:00Z,SEDENTARY,Fitbit App
2026-05-20T18:46:00Z,SEDENTARY,Fitbit App
2026-05-20T18:47:00Z,LIGHTLY_ACTIVE,Fitbit App
2026-05-20T18:48:00Z,SEDENTARY,Fitbit App
2026-05-20T18:49:00Z,SEDENTARY,Fitbit App
2026-05-20T18:50:00Z,SEDENTARY,Fitbit App
2026-05-20T18:51:00Z,SEDENTARY,Fitbit App
2026-05-20T18:52:00Z,SEDENTARY,Fitbit App
2026-05-20T18:53:00Z,SEDENTARY,Fitbit App
2026-05-20T18:54:00Z,SEDENTARY,Fitbit App
2026-05-20T18:55:00Z,SEDENTARY,Fitbit App
2026-05-20T18:56:00Z,SEDENTARY,Fitbit App
2026-05-20T18:57:00Z,SEDENTARY,Fitbit App
2026-05-20T18:58:00Z,SEDENTARY,Fitbit App
2026-05-20T18:59:00Z,SEDENTARY,Fitbit App
2026-05-20T19:00:00Z,SEDENTARY,Fitbit App
2026-05-20T19:01:00Z,SEDENTARY,Fitbit App
2026-05-20T19:02:00Z,SEDENTARY,Fitbit App
2026-05-20T19:03:00Z,SEDENTARY,Fitbit App
2026-05-20T19:04:00Z,SEDENTARY,Fitbit App
2026-05-20T19:05:00Z,SEDENTARY,Fitbit App
2026-05-20T19:06:00Z,SEDENTARY,Fitbit App
2026-05-20T19:07:00Z,SEDENTARY,Fitbit App
2026-05-20T19:08:00Z,SEDENTARY,Fitbit App
2026-05-20T19:09:00Z,SEDENTARY,Fitbit App
2026-05-20T19:10:00Z,SEDENTARY,Fitbit App
2026-05-20T19:11:00Z,SEDENTARY,Fitbit App
2026-05-20T19:12:00Z,SEDENTARY,Fitbit App
2026-05-20T19:13:00Z,SEDENTARY,Fitbit App
2026-05-20T19:14:00Z,SEDENTARY,Fitbit App
2026-05-20T19:15:00Z,SEDENTARY,Fitbit App
2026-05-20T19:16:00Z,SEDENTARY,Fitbit App
2026-05-20T19:17:00Z,SEDENTARY,Fitbit App
2026-05-20T19:18:00Z,SEDENTARY,Fitbit App
2026-05-20T19:19:00Z,SEDENTARY,Fitbit App
2026-05-20T19:20:00Z,LIGHTLY_ACTIVE,Fitbit App
2026-05-20T19:21:00Z,SEDENTARY,Fitbit App
2026-05-20T19:22:00Z,LIGHTLY_ACTIVE,Fitbit App
2026-05-20T19:23:00Z,LIGHTLY_ACTIVE,Fitbit App
2026-05-20T19:24:00Z,LIGHTLY_ACTIVE,Fitbit App
2026-05-20T19:25:00Z,SEDENTARY,Fitbit App
2026-05-20T19:26:00Z,LIGHTLY_ACTIVE,Fitbit App
2026-05-20T19:27:00Z,LIGHTLY_ACTIVE,Fitbit App
2026-05-20T19:28:00Z,LIGHTLY_ACTIVE,Fitbit App
2026-05-20T19:29:00Z,LIGHTLY_ACTIVE,Fitbit App
2026-05-20T19:30:00Z,LIGHTLY_ACTIVE,Fitbit App
2026-05-20T19:31:00Z,LIGHTLY_ACTIVE,Fitbit App
2026-05-20T19:32:00Z,LIGHTLY_ACTIVE,Fitbit App
2026-05-20T19:33:00Z,MODERATELY_ACTIVE,Fitbit App
2026-05-20T19:34:00Z,LIGHTLY_ACTIVE,Fitbit App
2026-05-20T19:35:00Z,LIGHTLY_ACTIVE,Fitbit App
2026-05-20T19:36:00Z,SEDENTARY,Fitbit App
2026-05-20T19:37:00Z,SEDENTARY,Fitbit App
2026-05-20T19:42:00Z,LIGHTLY_ACTIVE,Fitbit App
2026-05-20T19:43:00Z,LIGHTLY_ACTIVE,Fitbit App
2026-05-20T19:44:00Z,LIGHTLY_ACTIVE,Fitbit App
2026-05-20T19:45:00Z,SEDENTARY,Fitbit App
2026-05-20T19:46:00Z,LIGHTLY_ACTIVE,Fitbit App
2026-05-20T19:47:00Z,LIGHTLY_ACTIVE,Fitbit App
2026-05-20T19:48:00Z,LIGHTLY_ACTIVE,Fitbit App
2026-05-20T19:49:00Z,LIGHTLY_ACTIVE,Fitbit App
2026-05-20T19:50:00Z,SEDENTARY,Fitbit App
2026-05-20T19:51:00Z,SEDENTARY,Fitbit App
2026-05-20T19:52:00Z,LIGHTLY_ACTIVE,Fitbit App
2026-05-20T19:53:00Z,LIGHTLY_ACTIVE,Fitbit App
2026-05-20T19:54:00Z,LIGHTLY_ACTIVE,Fitbit App
2026-05-20T19:55:00Z,SEDENTARY,Fitbit App
2026-05-20T19:56:00Z,LIGHTLY_ACTIVE,Fitbit App
2026-05-20T19:57:00Z,SEDENTARY,Fitbit App
2026-05-20T19:58:00Z,LIGHTLY_ACTIVE,Fitbit App
2026-05-20T19:59:00Z,SEDENTARY,Fitbit App
2026-05-20T20:00:00Z,SEDENTARY,Fitbit App
2026-05-20T20:01:00Z,LIGHTLY_ACTIVE,Fitbit App
2026-05-20T20:02:00Z,LIGHTLY_ACTIVE,Fitbit App
2026-05-20T20:03:00Z,LIGHTLY_ACTIVE,Fitbit App
2026-05-20T20:04:00Z,LIGHTLY_ACTIVE,Fitbit App
2026-05-20T20:05:00Z,SEDENTARY,Fitbit App
2026-05-20T20:06:00Z,LIGHTLY_ACTIVE,Fitbit App
2026-05-20T20:07:00Z,LIGHTLY_ACTIVE,Fitbit App
2026-05-20T20:08:00Z,LIGHTLY_ACTIVE,Fitbit App
2026-05-20T20:09:00Z,LIGHTLY_ACTIVE,Fitbit App
2026-05-20T20:10:00Z,SEDENTARY,Fitbit App
2026-05-20T20:11:00Z,SEDENTARY,Fitbit App
2026-05-20T20:12:00Z,SEDENTARY,Fitbit App
2026-05-20T20:13:00Z,SEDENTARY,Fitbit App
2026-05-20T20:14:00Z,SEDENTARY,Fitbit App
2026-05-20T20:15:00Z,LIGHTLY_ACTIVE,Fitbit App
2026-05-20T20:16:00Z,SEDENTARY,Fitbit App
2026-05-20T20:17:00Z,SEDENTARY,Fitbit App
2026-05-20T20:18:00Z,LIGHTLY_ACTIVE,Fitbit App
2026-05-20T20:19:00Z,LIGHTLY_ACTIVE,Fitbit App
2026-05-20T20:20:00Z,LIGHTLY_ACTIVE,Fitbit App
2026-05-20T20:21:00Z,MODERATELY_ACTIVE,Fitbit App
2026-05-20T20:22:00Z,LIGHTLY_ACTIVE,Fitbit App
2026-05-20T20:23:00Z,SEDENTARY,Fitbit App
2026-05-20T20:24:00Z,MODERATELY_ACTIVE,Fitbit App
2026-05-20T20:25:00Z,LIGHTLY_ACTIVE,Fitbit App
2026-05-20T20:26:00Z,SEDENTARY,Fitbit App
2026-05-20T20:27:00Z,SEDENTARY,Fitbit App
2026-05-20T20:28:00Z,LIGHTLY_ACTIVE,Fitbit App
2026-05-20T20:29:00Z,LIGHTLY_ACTIVE,Fitbit App
2026-05-20T20:30:00Z,SEDENTARY,Fitbit App
2026-05-20T20:31:00Z,SEDENTARY,Fitbit App
2026-05-20T20:32:00Z,LIGHTLY_ACTIVE,Fitbit App
2026-05-20T20:33:00Z,LIGHTLY_ACTIVE,Fitbit App
2026-05-20T20:34:00Z,LIGHTLY_ACTIVE,Fitbit App
2026-05-20T20:35:00Z,SEDENTARY,Fitbit App
2026-05-20T20:36:00Z,SEDENTARY,Fitbit App
2026-05-20T20:37:00Z,SEDENTARY,Fitbit App
2026-05-20T20:38:00Z,SEDENTARY,Fitbit App
2026-05-20T20:39:00Z,SEDENTARY,Fitbit App
2026-05-20T20:40:00Z,LIGHTLY_ACTIVE,Fitbit App
2026-05-20T20:41:00Z,LIGHTLY_ACTIVE,Fitbit App
2026-05-20T20:42:00Z,SEDENTARY,Fitbit App
2026-05-20T20:43:00Z,SEDENTARY,Fitbit App
2026-05-20T20:44:00Z,SEDENTARY,Fitbit App
2026-05-20T20:45:00Z,SEDENTARY,Fitbit App
2026-05-20T20:46:00Z,SEDENTARY,Fitbit App
2026-05-20T20:47:00Z,SEDENTARY,Fitbit App
2026-05-20T20:48:00Z,SEDENTARY,Fitbit App
2026-05-20T20:49:00Z,SEDENTARY,Fitbit App
2026-05-20T20:50:00Z,SEDENTARY,Fitbit App
2026-05-20T20:51:00Z,SEDENTARY,Fitbit App
2026-05-20T20:52:00Z,SEDENTARY,Fitbit App
2026-05-20T20:53:00Z,SEDENTARY,Fitbit App
2026-05-20T20:54:00Z,SEDENTARY,Fitbit App
2026-05-20T20:55:00Z,SEDENTARY,Fitbit App
2026-05-20T20:57:00Z,SEDENTARY,Fitbit App
2026-05-20T20:58:00Z,SEDENTARY,Fitbit App
2026-05-20T20:59:00Z,SEDENTARY,Fitbit App
2026-05-20T21:00:00Z,SEDENTARY,Fitbit App
2026-05-20T21:01:00Z,SEDENTARY,Fitbit App
2026-05-20T21:03:00Z,SEDENTARY,Fitbit App
2026-05-20T21:04:00Z,SEDENTARY,Fitbit App
2026-05-20T21:05:00Z,SEDENTARY,Fitbit App
2026-05-20T21:07:00Z,SEDENTARY,Fitbit App
2026-05-20T21:08:00Z,SEDENTARY,Fitbit App
2026-05-20T21:09:00Z,SEDENTARY,Fitbit App
2026-05-20T21:14:00Z,SEDENTARY,Fitbit App
2026-05-20T21:15:00Z,SEDENTARY,Fitbit App
2026-05-20T21:16:00Z,SEDENTARY,Fitbit App
2026-05-20T21:17:00Z,SEDENTARY,Fitbit App
2026-05-20T21:19:00Z,SEDENTARY,Fitbit App
2026-05-20T21:29:00Z,SEDENTARY,Fitbit App
2026-05-20T21:30:00Z,SEDENTARY,Fitbit App
2026-05-20T21:32:00Z,SEDENTARY,Fitbit App
2026-05-20T21:34:00Z,SEDENTARY,Fitbit App
2026-05-20T21:35:00Z,SEDENTARY,Fitbit App
2026-05-20T21:36:00Z,LIGHTLY_ACTIVE,Fitbit App
2026-05-20T21:37:00Z,SEDENTARY,Fitbit App
2026-05-20T21:38:00Z,LIGHTLY_ACTIVE,Fitbit App
2026-05-20T21:39:00Z,SEDENTARY,Fitbit App
2026-05-20T21:40:00Z,LIGHTLY_ACTIVE,Fitbit App
2026-05-20T21:41:00Z,SEDENTARY,Fitbit App
2026-05-20T21:42:00Z,LIGHTLY_ACTIVE,Fitbit App
2026-05-20T21:43:00Z,SEDENTARY,Fitbit App
2026-05-20T21:44:00Z,SEDENTARY,Fitbit App
2026-05-20T21:45:00Z,SEDENTARY,Fitbit App
2026-05-20T21:46:00Z,SEDENTARY,Fitbit App
2026-05-20T21:47:00Z,LIGHTLY_ACTIVE,Fitbit App
2026-05-20T21:48:00Z,SEDENTARY,Fitbit App
2026-05-20T21:49:00Z,SEDENTARY,Fitbit App
2026-05-20T21:50:00Z,SEDENTARY,Fitbit App
2026-05-20T21:51:00Z,SEDENTARY,Fitbit App
2026-05-20T21:52:00Z,SEDENTARY,Fitbit App
2026-05-20T21:53:00Z,SEDENTARY,Fitbit App
2026-05-20T21:54:00Z,SEDENTARY,Fitbit App
2026-05-20T21:55:00Z,SEDENTARY,Fitbit App
2026-05-20T21:56:00Z,SEDENTARY,Fitbit App
2026-05-20T21:57:00Z,SEDENTARY,Fitbit App
2026-05-20T21:58:00Z,SEDENTARY,Fitbit App
2026-05-20T21:59:00Z,LIGHTLY_ACTIVE,Fitbit App
2026-05-20T22:01:00Z,SEDENTARY,Fitbit App
2026-05-20T22:03:00Z,SEDENTARY,Fitbit App
2026-05-20T22:08:00Z,SEDENTARY,Fitbit App
2026-05-20T22:09:00Z,LIGHTLY_ACTIVE,Fitbit App
2026-05-20T22:10:00Z,LIGHTLY_ACTIVE,Fitbit App
2026-05-20T22:11:00Z,LIGHTLY_ACTIVE,Fitbit App
2026-05-20T22:12:00Z,LIGHTLY_ACTIVE,Fitbit App
2026-05-20T22:13:00Z,LIGHTLY_ACTIVE,Fitbit App
2026-05-20T22:14:00Z,LIGHTLY_ACTIVE,Fitbit App
2026-05-20T22:15:00Z,SEDENTARY,Fitbit App
2026-05-20T22:19:00Z,SEDENTARY,Fitbit App
2026-05-20T22:23:00Z,SEDENTARY,Fitbit App
2026-05-20T22:26:00Z,SEDENTARY,Fitbit App
2026-05-20T22:27:00Z,SEDENTARY,Fitbit App
2026-05-20T22:28:00Z,SEDENTARY,Fitbit App
2026-05-20T22:29:00Z,SEDENTARY,Fitbit App
2026-05-20T22:31:00Z,LIGHTLY_ACTIVE,Fitbit App
2026-05-20T22:32:00Z,SEDENTARY,Fitbit App
2026-05-20T22:36:00Z,SEDENTARY,Fitbit App
2026-05-20T22:39:00Z,SEDENTARY,Fitbit App
2026-05-20T22:40:00Z,SEDENTARY,Fitbit App
2026-05-20T22:41:00Z,SEDENTARY,Fitbit App
2026-05-20T22:48:00Z,LIGHTLY_ACTIVE,Fitbit App
2026-05-20T22:49:00Z,LIGHTLY_ACTIVE,Fitbit App
2026-05-20T22:50:00Z,MODERATELY_ACTIVE,Fitbit App
2026-05-20T22:51:00Z,MODERATELY_ACTIVE,Fitbit App
2026-05-20T22:52:00Z,LIGHTLY_ACTIVE,Fitbit App
2026-05-20T22:53:00Z,LIGHTLY_ACTIVE,Fitbit App
2026-05-20T22:54:00Z,MODERATELY_ACTIVE,Fitbit App
2026-05-20T22:55:00Z,VERY_ACTIVE,Fitbit App
2026-05-20T22:56:00Z,LIGHTLY_ACTIVE,Fitbit App
2026-05-20T22:57:00Z,SEDENTARY,Fitbit App
2026-05-20T22:58:00Z,SEDENTARY,Fitbit App
2026-05-20T22:59:00Z,SEDENTARY,Fitbit App
2026-05-20T23:00:00Z,SEDENTARY,Fitbit App
2026-05-20T23:01:00Z,LIGHTLY_ACTIVE,Fitbit App
2026-05-20T23:02:00Z,LIGHTLY_ACTIVE,Fitbit App
2026-05-20T23:03:00Z,LIGHTLY_ACTIVE,Fitbit App
2026-05-20T23:04:00Z,LIGHTLY_ACTIVE,Fitbit App
2026-05-20T23:05:00Z,LIGHTLY_ACTIVE,Fitbit App
2026-05-20T23:06:00Z,LIGHTLY_ACTIVE,Fitbit App
2026-05-20T23:07:00Z,LIGHTLY_ACTIVE,Fitbit App
2026-05-20T23:08:00Z,LIGHTLY_ACTIVE,Fitbit App
2026-05-20T23:09:00Z,LIGHTLY_ACTIVE,Fitbit App
2026-05-20T23:10:00Z,LIGHTLY_ACTIVE,Fitbit App
2026-05-20T23:11:00Z,LIGHTLY_ACTIVE,Fitbit App
2026-05-20T23:12:00Z,LIGHTLY_ACTIVE,Fitbit App
2026-05-20T23:13:00Z,LIGHTLY_ACTIVE,Fitbit App
2026-05-20T23:14:00Z,SEDENTARY,Fitbit App
2026-05-20T23:15:00Z,SEDENTARY,Fitbit App
2026-05-20T23:16:00Z,LIGHTLY_ACTIVE,Fitbit App
2026-05-20T23:17:00Z,LIGHTLY_ACTIVE,Fitbit App
2026-05-20T23:18:00Z,LIGHTLY_ACTIVE,Fitbit App
2026-05-20T23:19:00Z,LIGHTLY_ACTIVE,Fitbit App
2026-05-20T23:41:00Z,SEDENTARY,Fitbit App
2026-05-20T23:47:00Z,SEDENTARY,Fitbit App
2026-05-20T23:48:00Z,SEDENTARY,Fitbit App
2026-05-20T23:50:00Z,SEDENTARY,Fitbit App
2026-05-21T00:02:00Z,SEDENTARY,Fitbit App
2026-05-21T00:03:00Z,SEDENTARY,Fitbit App
2026-05-21T00:04:00Z,SEDENTARY,Fitbit App
2026-05-21T00:06:00Z,SEDENTARY,Fitbit App
2026-05-21T00:13:00Z,SEDENTARY,Fitbit App
2026-05-21T00:16:00Z,SEDENTARY,Fitbit App
2026-05-21T00:33:00Z,LIGHTLY_ACTIVE,Fitbit App
2026-05-21T00:41:00Z,SEDENTARY,Fitbit App
2026-05-21T00:42:00Z,SEDENTARY,Fitbit App
2026-05-21T00:54:00Z,SEDENTARY,Fitbit App
2026-05-21T00:55:00Z,SEDENTARY,Fitbit App
2026-05-21T00:58:00Z,SEDENTARY,Fitbit App
2026-05-21T01:01:00Z,SEDENTARY,Fitbit App
2026-05-21T01:12:00Z,SEDENTARY,Fitbit App
2026-05-21T01:23:00Z,LIGHTLY_ACTIVE,Fitbit App
2026-05-21T01:24:00Z,LIGHTLY_ACTIVE,Fitbit App
2026-05-21T01:25:00Z,SEDENTARY,Fitbit App
2026-05-21T01:26:00Z,LIGHTLY_ACTIVE,Fitbit App
2026-05-21T01:27:00Z,LIGHTLY_ACTIVE,Fitbit App
2026-05-21T01:40:00Z,SEDENTARY,Fitbit App
2026-05-21T01:44:00Z,LIGHTLY_ACTIVE,Fitbit App
2026-05-21T01:56:00Z,SEDENTARY,Fitbit App
2026-05-21T02:41:00Z,SEDENTARY,Fitbit App
2026-05-21T04:00:00Z,SEDENTARY,Fitbit App
2026-05-21T04:36:00Z,SEDENTARY,Fitbit App
2026-05-21T04:53:00Z,SEDENTARY,Fitbit App
2026-05-21T05:07:00Z,SEDENTARY,Fitbit App
2026-05-21T05:30:00Z,SEDENTARY,Fitbit App
2026-05-21T05:49:00Z,SEDENTARY,Fitbit App
2026-05-21T05:56:00Z,SEDENTARY,Fitbit App
2026-05-21T06:00:00Z,SEDENTARY,Fitbit App
2026-05-21T06:09:00Z,SEDENTARY,Fitbit App
2026-05-21T06:10:00Z,SEDENTARY,Fitbit App
2026-05-21T06:25:00Z,SEDENTARY,Fitbit App
2026-05-21T06:26:00Z,LIGHTLY_ACTIVE,Fitbit App
2026-05-21T06:27:00Z,SEDENTARY,Fitbit App
2026-05-21T06:29:00Z,LIGHTLY_ACTIVE,Fitbit App
2026-05-21T06:30:00Z,LIGHTLY_ACTIVE,Fitbit App
2026-05-21T06:31:00Z,SEDENTARY,Fitbit App
2026-05-21T06:32:00Z,LIGHTLY_ACTIVE,Fitbit App
2026-05-21T06:33:00Z,LIGHTLY_ACTIVE,Fitbit App
2026-05-21T06:34:00Z,LIGHTLY_ACTIVE,Fitbit App
2026-05-21T06:35:00Z,LIGHTLY_ACTIVE,Fitbit App
2026-05-21T06:36:00Z,VERY_ACTIVE,Fitbit App
2026-05-21T06:37:00Z,SEDENTARY,Fitbit App
2026-05-21T06:38:00Z,LIGHTLY_ACTIVE,Fitbit App
2026-05-21T06:39:00Z,LIGHTLY_ACTIVE,Fitbit App
2026-05-21T06:40:00Z,MODERATELY_ACTIVE,Fitbit App
2026-05-21T06:41:00Z,MODERATELY_ACTIVE,Fitbit App
2026-05-21T06:42:00Z,LIGHTLY_ACTIVE,Fitbit App
2026-05-21T06:43:00Z,LIGHTLY_ACTIVE,Fitbit App
2026-05-21T06:44:00Z,SEDENTARY,Fitbit App
2026-05-21T06:45:00Z,LIGHTLY_ACTIVE,Fitbit App
2026-05-21T06:46:00Z,LIGHTLY_ACTIVE,Fitbit App
2026-05-21T06:47:00Z,LIGHTLY_ACTIVE,Fitbit App
2026-05-21T06:48:00Z,LIGHTLY_ACTIVE,Fitbit App
2026-05-21T06:49:00Z,LIGHTLY_ACTIVE,Fitbit App
2026-05-21T06:50:00Z,LIGHTLY_ACTIVE,Fitbit App
2026-05-21T06:51:00Z,LIGHTLY_ACTIVE,Fitbit App
2026-05-21T06:52:00Z,LIGHTLY_ACTIVE,Fitbit App
2026-05-21T06:53:00Z,LIGHTLY_ACTIVE,Fitbit App
2026-05-21T06:54:00Z,LIGHTLY_ACTIVE,Fitbit App
2026-05-21T06:55:00Z,LIGHTLY_ACTIVE,Fitbit App
2026-05-21T06:56:00Z,LIGHTLY_ACTIVE,Fitbit App
2026-05-21T06:57:00Z,LIGHTLY_ACTIVE,Fitbit App
2026-05-21T06:58:00Z,LIGHTLY_ACTIVE,Fitbit App
2026-05-21T06:59:00Z,LIGHTLY_ACTIVE,Fitbit App
2026-05-21T07:00:00Z,LIGHTLY_ACTIVE,Fitbit App
2026-05-21T07:01:00Z,LIGHTLY_ACTIVE,Fitbit App
2026-05-21T07:02:00Z,LIGHTLY_ACTIVE,Fitbit App
2026-05-21T07:03:00Z,MODERATELY_ACTIVE,Fitbit App
2026-05-21T07:04:00Z,MODERATELY_ACTIVE,Fitbit App
2026-05-21T07:05:00Z,MODERATELY_ACTIVE,Fitbit App
2026-05-21T07:06:00Z,VERY_ACTIVE,Fitbit App
2026-05-21T07:07:00Z,VERY_ACTIVE,Fitbit App
2026-05-21T07:08:00Z,VERY_ACTIVE,Fitbit App
2026-05-21T07:09:00Z,MODERATELY_ACTIVE,Fitbit App
2026-05-21T07:10:00Z,VERY_ACTIVE,Fitbit App
2026-05-21T07:11:00Z,VERY_ACTIVE,Fitbit App
2026-05-21T07:12:00Z,VERY_ACTIVE,Fitbit App
2026-05-21T07:13:00Z,VERY_ACTIVE,Fitbit App
2026-05-21T07:14:00Z,VERY_ACTIVE,Fitbit App
2026-05-21T07:15:00Z,LIGHTLY_ACTIVE,Fitbit App
2026-05-21T07:16:00Z,SEDENTARY,Fitbit App
2026-05-21T07:17:00Z,SEDENTARY,Fitbit App
2026-05-21T07:18:00Z,LIGHTLY_ACTIVE,Fitbit App
2026-05-21T07:19:00Z,LIGHTLY_ACTIVE,Fitbit App
2026-05-21T07:20:00Z,SEDENTARY,Fitbit App
2026-05-21T07:21:00Z,SEDENTARY,Fitbit App
2026-05-21T07:22:00Z,SEDENTARY,Fitbit App
2026-05-21T07:23:00Z,SEDENTARY,Fitbit App
2026-05-21T07:24:00Z,SEDENTARY,Fitbit App
2026-05-21T07:25:00Z,SEDENTARY,Fitbit App
2026-05-21T07:26:00Z,SEDENTARY,Fitbit App
2026-05-21T07:27:00Z,SEDENTARY,Fitbit App
2026-05-21T07:28:00Z,SEDENTARY,Fitbit App
2026-05-21T07:29:00Z,SEDENTARY,Fitbit App
2026-05-21T07:30:00Z,SEDENTARY,Fitbit App
2026-05-21T07:31:00Z,SEDENTARY,Fitbit App
2026-05-21T07:32:00Z,SEDENTARY,Fitbit App
2026-05-21T07:33:00Z,SEDENTARY,Fitbit App
2026-05-21T07:35:00Z,SEDENTARY,Fitbit App
2026-05-21T07:36:00Z,SEDENTARY,Fitbit App
2026-05-21T07:37:00Z,SEDENTARY,Fitbit App
2026-05-21T07:38:00Z,SEDENTARY,Fitbit App
2026-05-21T07:39:00Z,SEDENTARY,Fitbit App
2026-05-21T07:40:00Z,SEDENTARY,Fitbit App
2026-05-21T07:41:00Z,SEDENTARY,Fitbit App
2026-05-21T07:42:00Z,SEDENTARY,Fitbit App
2026-05-21T07:43:00Z,SEDENTARY,Fitbit App
2026-05-21T07:44:00Z,SEDENTARY,Fitbit App
2026-05-21T07:45:00Z,SEDENTARY,Fitbit App
2026-05-21T07:46:00Z,SEDENTARY,Fitbit App
2026-05-21T07:47:00Z,SEDENTARY,Fitbit App
2026-05-21T07:48:00Z,SEDENTARY,Fitbit App
2026-05-21T07:51:00Z,SEDENTARY,Fitbit App
2026-05-21T07:52:00Z,SEDENTARY,Fitbit App
2026-05-21T07:53:00Z,SEDENTARY,Fitbit App
2026-05-21T07:54:00Z,SEDENTARY,Fitbit App
2026-05-21T07:55:00Z,SEDENTARY,Fitbit App
2026-05-21T07:56:00Z,SEDENTARY,Fitbit App
2026-05-21T07:57:00Z,SEDENTARY,Fitbit App
2026-05-21T07:58:00Z,LIGHTLY_ACTIVE,Fitbit App
2026-05-21T07:59:00Z,MODERATELY_ACTIVE,Fitbit App
2026-05-21T08:00:00Z,MODERATELY_ACTIVE,Fitbit App
2026-05-21T08:01:00Z,MODERATELY_ACTIVE,Fitbit App
2026-05-21T08:02:00Z,MODERATELY_ACTIVE,Fitbit App
2026-05-21T08:03:00Z,LIGHTLY_ACTIVE,Fitbit App
2026-05-21T08:04:00Z,SEDENTARY,Fitbit App
2026-05-21T08:09:00Z,SEDENTARY,Fitbit App
2026-05-21T08:13:00Z,SEDENTARY,Fitbit App
2026-05-21T08:14:00Z,SEDENTARY,Fitbit App
2026-05-21T08:15:00Z,LIGHTLY_ACTIVE,Fitbit App
2026-05-21T08:16:00Z,SEDENTARY,Fitbit App
2026-05-21T08:17:00Z,SEDENTARY,Fitbit App
2026-05-21T08:18:00Z,SEDENTARY,Fitbit App
2026-05-21T08:19:00Z,SEDENTARY,Fitbit App
2026-05-21T08:20:00Z,SEDENTARY,Fitbit App
2026-05-21T08:21:00Z,SEDENTARY,Fitbit App
2026-05-21T08:22:00Z,SEDENTARY,Fitbit App
2026-05-21T08:23:00Z,SEDENTARY,Fitbit App
2026-05-21T08:24:00Z,SEDENTARY,Fitbit App
2026-05-21T08:25:00Z,SEDENTARY,Fitbit App
2026-05-21T08:26:00Z,LIGHTLY_ACTIVE,Fitbit App
2026-05-21T08:27:00Z,LIGHTLY_ACTIVE,Fitbit App
2026-05-21T08:28:00Z,VERY_ACTIVE,Fitbit App
2026-05-21T08:29:00Z,VERY_ACTIVE,Fitbit App
2026-05-21T08:30:00Z,MODERATELY_ACTIVE,Fitbit App
2026-05-21T08:31:00Z,SEDENTARY,Fitbit App
2026-05-21T08:32:00Z,SEDENTARY,Fitbit App
2026-05-21T08:33:00Z,SEDENTARY,Fitbit App
2026-05-21T08:34:00Z,LIGHTLY_ACTIVE,Fitbit App
2026-05-21T08:35:00Z,LIGHTLY_ACTIVE,Fitbit App
2026-05-21T08:36:00Z,LIGHTLY_ACTIVE,Fitbit App
2026-05-21T08:37:00Z,SEDENTARY,Fitbit App
2026-05-21T08:38:00Z,SEDENTARY,Fitbit App
2026-05-21T08:39:00Z,SEDENTARY,Fitbit App
2026-05-21T08:40:00Z,LIGHTLY_ACTIVE,Fitbit App
2026-05-21T08:41:00Z,SEDENTARY,Fitbit App
2026-05-21T08:42:00Z,SEDENTARY,Fitbit App
2026-05-21T08:43:00Z,LIGHTLY_ACTIVE,Fitbit App
2026-05-21T08:44:00Z,LIGHTLY_ACTIVE,Fitbit App
2026-05-21T08:45:00Z,SEDENTARY,Fitbit App
2026-05-21T08:46:00Z,SEDENTARY,Fitbit App
2026-05-21T08:47:00Z,SEDENTARY,Fitbit App
2026-05-21T08:48:00Z,SEDENTARY,Fitbit App
2026-05-21T08:49:00Z,SEDENTARY,Fitbit App
2026-05-21T08:50:00Z,SEDENTARY,Fitbit App
2026-05-21T08:51:00Z,SEDENTARY,Fitbit App
2026-05-21T08:52:00Z,SEDENTARY,Fitbit App
2026-05-21T08:53:00Z,SEDENTARY,Fitbit App
2026-05-21T08:54:00Z,LIGHTLY_ACTIVE,Fitbit App
2026-05-21T08:55:00Z,SEDENTARY,Fitbit App
2026-05-21T08:56:00Z,SEDENTARY,Fitbit App
2026-05-21T08:57:00Z,SEDENTARY,Fitbit App
2026-05-21T08:58:00Z,SEDENTARY,Fitbit App
2026-05-21T08:59:00Z,LIGHTLY_ACTIVE,Fitbit App
2026-05-21T09:00:00Z,LIGHTLY_ACTIVE,Fitbit App
2026-05-21T09:01:00Z,SEDENTARY,Fitbit App
2026-05-21T09:02:00Z,SEDENTARY,Fitbit App
2026-05-21T09:03:00Z,SEDENTARY,Fitbit App
2026-05-21T09:04:00Z,LIGHTLY_ACTIVE,Fitbit App
2026-05-21T09:05:00Z,LIGHTLY_ACTIVE,Fitbit App
2026-05-21T09:06:00Z,SEDENTARY,Fitbit App
2026-05-21T09:07:00Z,SEDENTARY,Fitbit App
2026-05-21T09:08:00Z,SEDENTARY,Fitbit App
2026-05-21T09:12:00Z,SEDENTARY,Fitbit App
2026-05-21T09:13:00Z,SEDENTARY,Fitbit App
2026-05-21T09:14:00Z,SEDENTARY,Fitbit App
2026-05-21T09:15:00Z,SEDENTARY,Fitbit App
2026-05-21T09:16:00Z,SEDENTARY,Fitbit App
2026-05-21T09:17:00Z,SEDENTARY,Fitbit App
2026-05-21T09:18:00Z,SEDENTARY,Fitbit App
2026-05-21T09:19:00Z,SEDENTARY,Fitbit App
2026-05-21T09:20:00Z,SEDENTARY,Fitbit App
2026-05-21T09:22:00Z,LIGHTLY_ACTIVE,Fitbit App
2026-05-21T09:23:00Z,SEDENTARY,Fitbit App
2026-05-21T09:24:00Z,SEDENTARY,Fitbit App
2026-05-21T09:25:00Z,SEDENTARY,Fitbit App
2026-05-21T09:26:00Z,SEDENTARY,Fitbit App
2026-05-21T09:27:00Z,SEDENTARY,Fitbit App
2026-05-21T09:28:00Z,SEDENTARY,Fitbit App
2026-05-21T09:29:00Z,SEDENTARY,Fitbit App
2026-05-21T09:30:00Z,LIGHTLY_ACTIVE,Fitbit App
2026-05-21T09:31:00Z,SEDENTARY,Fitbit App
2026-05-21T09:32:00Z,SEDENTARY,Fitbit App
2026-05-21T09:33:00Z,SEDENTARY,Fitbit App
2026-05-21T09:34:00Z,SEDENTARY,Fitbit App
2026-05-21T09:35:00Z,LIGHTLY_ACTIVE,Fitbit App
2026-05-21T09:36:00Z,SEDENTARY,Fitbit App
2026-05-21T09:37:00Z,LIGHTLY_ACTIVE,Fitbit App
2026-05-21T09:38:00Z,LIGHTLY_ACTIVE,Fitbit App
2026-05-21T09:39:00Z,LIGHTLY_ACTIVE,Fitbit App
2026-05-21T09:40:00Z,MODERATELY_ACTIVE,Fitbit App
2026-05-21T09:41:00Z,MODERATELY_ACTIVE,Fitbit App
2026-05-21T09:42:00Z,MODERATELY_ACTIVE,Fitbit App
2026-05-21T09:43:00Z,VERY_ACTIVE,Fitbit App
2026-05-21T09:44:00Z,MODERATELY_ACTIVE,Fitbit App
2026-05-21T09:45:00Z,MODERATELY_ACTIVE,Fitbit App
2026-05-21T09:46:00Z,MODERATELY_ACTIVE,Fitbit App
2026-05-21T09:47:00Z,MODERATELY_ACTIVE,Fitbit App
2026-05-21T09:48:00Z,VERY_ACTIVE,Fitbit App
2026-05-21T09:49:00Z,VERY_ACTIVE,Fitbit App
2026-05-21T09:50:00Z,MODERATELY_ACTIVE,Fitbit App
2026-05-21T09:51:00Z,MODERATELY_ACTIVE,Fitbit App
2026-05-21T09:52:00Z,MODERATELY_ACTIVE,Fitbit App
2026-05-21T09:53:00Z,LIGHTLY_ACTIVE,Fitbit App
2026-05-21T09:54:00Z,MODERATELY_ACTIVE,Fitbit App
2026-05-21T09:55:00Z,LIGHTLY_ACTIVE,Fitbit App
2026-05-21T09:56:00Z,MODERATELY_ACTIVE,Fitbit App
2026-05-21T09:57:00Z,LIGHTLY_ACTIVE,Fitbit App
2026-05-21T09:58:00Z,SEDENTARY,Fitbit App
2026-05-21T09:59:00Z,SEDENTARY,Fitbit App
2026-05-21T10:00:00Z,SEDENTARY,Fitbit App
2026-05-21T10:01:00Z,SEDENTARY,Fitbit App
2026-05-21T10:02:00Z,SEDENTARY,Fitbit App
2026-05-21T10:03:00Z,SEDENTARY,Fitbit App
2026-05-21T10:04:00Z,SEDENTARY,Fitbit App
2026-05-21T10:05:00Z,SEDENTARY,Fitbit App
2026-05-21T10:06:00Z,LIGHTLY_ACTIVE,Fitbit App
2026-05-21T10:07:00Z,LIGHTLY_ACTIVE,Fitbit App
2026-05-21T10:08:00Z,SEDENTARY,Fitbit App
2026-05-21T10:09:00Z,SEDENTARY,Fitbit App
2026-05-21T10:10:00Z,SEDENTARY,Fitbit App
2026-05-21T10:11:00Z,SEDENTARY,Fitbit App
2026-05-21T10:12:00Z,SEDENTARY,Fitbit App
2026-05-21T10:13:00Z,SEDENTARY,Fitbit App
2026-05-21T10:14:00Z,SEDENTARY,Fitbit App
2026-05-21T10:15:00Z,SEDENTARY,Fitbit App
2026-05-21T10:16:00Z,SEDENTARY,Fitbit App
2026-05-21T10:17:00Z,SEDENTARY,Fitbit App
2026-05-21T10:18:00Z,SEDENTARY,Fitbit App
2026-05-21T10:19:00Z,SEDENTARY,Fitbit App
2026-05-21T10:20:00Z,LIGHTLY_ACTIVE,Fitbit App
2026-05-21T10:21:00Z,LIGHTLY_ACTIVE,Fitbit App
2026-05-21T10:22:00Z,LIGHTLY_ACTIVE,Fitbit App
2026-05-21T10:23:00Z,SEDENTARY,Fitbit App
2026-05-21T10:24:00Z,LIGHTLY_ACTIVE,Fitbit App
2026-05-21T10:25:00Z,SEDENTARY,Fitbit App
2026-05-21T10:26:00Z,SEDENTARY,Fitbit App
2026-05-21T10:28:00Z,SEDENTARY,Fitbit App
2026-05-21T10:29:00Z,SEDENTARY,Fitbit App
2026-05-21T10:31:00Z,SEDENTARY,Fitbit App
2026-05-21T10:33:00Z,SEDENTARY,Fitbit App
2026-05-21T10:35:00Z,SEDENTARY,Fitbit App
2026-05-21T10:36:00Z,SEDENTARY,Fitbit App
2026-05-21T10:38:00Z,SEDENTARY,Fitbit App
2026-05-21T10:39:00Z,SEDENTARY,Fitbit App
2026-05-21T10:40:00Z,SEDENTARY,Fitbit App
2026-05-21T10:41:00Z,SEDENTARY,Fitbit App
2026-05-21T10:42:00Z,SEDENTARY,Fitbit App
2026-05-21T10:43:00Z,SEDENTARY,Fitbit App
2026-05-21T10:44:00Z,SEDENTARY,Fitbit App
2026-05-21T10:45:00Z,SEDENTARY,Fitbit App
2026-05-21T10:47:00Z,SEDENTARY,Fitbit App
2026-05-21T10:49:00Z,LIGHTLY_ACTIVE,Fitbit App
2026-05-21T10:50:00Z,SEDENTARY,Fitbit App
2026-05-21T10:51:00Z,SEDENTARY,Fitbit App
2026-05-21T10:52:00Z,SEDENTARY,Fitbit App
2026-05-21T10:54:00Z,SEDENTARY,Fitbit App
2026-05-21T10:55:00Z,SEDENTARY,Fitbit App
2026-05-21T10:56:00Z,SEDENTARY,Fitbit App
2026-05-21T10:58:00Z,SEDENTARY,Fitbit App
2026-05-21T10:59:00Z,SEDENTARY,Fitbit App
2026-05-21T11:00:00Z,SEDENTARY,Fitbit App
2026-05-21T11:01:00Z,LIGHTLY_ACTIVE,Fitbit App
2026-05-21T11:02:00Z,SEDENTARY,Fitbit App
2026-05-21T11:03:00Z,SEDENTARY,Fitbit App
2026-05-21T11:12:00Z,SEDENTARY,Fitbit App
2026-05-21T11:13:00Z,LIGHTLY_ACTIVE,Fitbit App
2026-05-21T11:14:00Z,LIGHTLY_ACTIVE,Fitbit App
2026-05-21T11:15:00Z,MODERATELY_ACTIVE,Fitbit App
2026-05-21T11:16:00Z,MODERATELY_ACTIVE,Fitbit App
2026-05-21T11:17:00Z,VERY_ACTIVE,Fitbit App
2026-05-21T11:18:00Z,MODERATELY_ACTIVE,Fitbit App
2026-05-21T11:19:00Z,MODERATELY_ACTIVE,Fitbit App
2026-05-21T11:20:00Z,MODERATELY_ACTIVE,Fitbit App
2026-05-21T11:21:00Z,MODERATELY_ACTIVE,Fitbit App
2026-05-21T11:22:00Z,MODERATELY_ACTIVE,Fitbit App
2026-05-21T11:23:00Z,MODERATELY_ACTIVE,Fitbit App
2026-05-21T11:24:00Z,MODERATELY_ACTIVE,Fitbit App
2026-05-21T11:25:00Z,MODERATELY_ACTIVE,Fitbit App
2026-05-21T11:26:00Z,LIGHTLY_ACTIVE,Fitbit App
2026-05-21T11:27:00Z,LIGHTLY_ACTIVE,Fitbit App
2026-05-21T11:28:00Z,LIGHTLY_ACTIVE,Fitbit App
2026-05-21T11:29:00Z,MODERATELY_ACTIVE,Fitbit App
2026-05-21T11:30:00Z,MODERATELY_ACTIVE,Fitbit App
2026-05-21T11:31:00Z,MODERATELY_ACTIVE,Fitbit App
2026-05-21T11:32:00Z,SEDENTARY,Fitbit App
2026-05-21T11:33:00Z,LIGHTLY_ACTIVE,Fitbit App
2026-05-21T11:34:00Z,LIGHTLY_ACTIVE,Fitbit App
2026-05-21T11:35:00Z,LIGHTLY_ACTIVE,Fitbit App
2026-05-21T11:36:00Z,MODERATELY_ACTIVE,Fitbit App
2026-05-21T11:37:00Z,LIGHTLY_ACTIVE,Fitbit App
2026-05-21T11:38:00Z,SEDENTARY,Fitbit App
2026-05-21T11:39:00Z,LIGHTLY_ACTIVE,Fitbit App
2026-05-21T11:40:00Z,MODERATELY_ACTIVE,Fitbit App
2026-05-21T11:41:00Z,VERY_ACTIVE,Fitbit App
2026-05-21T11:42:00Z,VERY_ACTIVE,Fitbit App
2026-05-21T11:43:00Z,VERY_ACTIVE,Fitbit App
2026-05-21T11:44:00Z,MODERATELY_ACTIVE,Fitbit App
2026-05-21T11:45:00Z,MODERATELY_ACTIVE,Fitbit App
2026-05-21T11:46:00Z,MODERATELY_ACTIVE,Fitbit App
2026-05-21T11:47:00Z,MODERATELY_ACTIVE,Fitbit App
2026-05-21T11:48:00Z,MODERATELY_ACTIVE,Fitbit App
2026-05-21T11:49:00Z,VERY_ACTIVE,Fitbit App
2026-05-21T11:50:00Z,MODERATELY_ACTIVE,Fitbit App
2026-05-21T11:51:00Z,LIGHTLY_ACTIVE,Fitbit App
2026-05-21T11:52:00Z,LIGHTLY_ACTIVE,Fitbit App
2026-05-21T11:53:00Z,SEDENTARY,Fitbit App
2026-05-21T11:54:00Z,SEDENTARY,Fitbit App
2026-05-21T11:55:00Z,SEDENTARY,Fitbit App
2026-05-21T11:56:00Z,LIGHTLY_ACTIVE,Fitbit App
2026-05-21T11:57:00Z,SEDENTARY,Fitbit App
2026-05-21T11:58:00Z,LIGHTLY_ACTIVE,Fitbit App
2026-05-21T11:59:00Z,LIGHTLY_ACTIVE,Fitbit App
2026-05-21T12:00:00Z,LIGHTLY_ACTIVE,Fitbit App
2026-05-21T12:01:00Z,LIGHTLY_ACTIVE,Fitbit App
2026-05-21T12:02:00Z,SEDENTARY,Fitbit App
2026-05-21T12:03:00Z,LIGHTLY_ACTIVE,Fitbit App
2026-05-21T12:04:00Z,SEDENTARY,Fitbit App
2026-05-21T12:05:00Z,SEDENTARY,Fitbit App
2026-05-21T12:06:00Z,SEDENTARY,Fitbit App
2026-05-21T12:07:00Z,SEDENTARY,Fitbit App
2026-05-21T12:08:00Z,SEDENTARY,Fitbit App
2026-05-21T12:09:00Z,SEDENTARY,Fitbit App
2026-05-21T12:10:00Z,SEDENTARY,Fitbit App
2026-05-21T12:12:00Z,SEDENTARY,Fitbit App
2026-05-21T12:14:00Z,SEDENTARY,Fitbit App
2026-05-21T12:15:00Z,SEDENTARY,Fitbit App
2026-05-21T12:18:00Z,SEDENTARY,Fitbit App
2026-05-21T12:19:00Z,SEDENTARY,Fitbit App
2026-05-21T12:25:00Z,SEDENTARY,Fitbit App
2026-05-21T12:26:00Z,SEDENTARY,Fitbit App
2026-05-21T12:29:00Z,SEDENTARY,Fitbit App
2026-05-21T12:30:00Z,LIGHTLY_ACTIVE,Fitbit App
2026-05-21T12:31:00Z,LIGHTLY_ACTIVE,Fitbit App
2026-05-21T12:32:00Z,LIGHTLY_ACTIVE,Fitbit App
2026-05-21T12:33:00Z,LIGHTLY_ACTIVE,Fitbit App
2026-05-21T12:34:00Z,LIGHTLY_ACTIVE,Fitbit App
2026-05-21T12:35:00Z,SEDENTARY,Fitbit App
2026-05-21T12:36:00Z,LIGHTLY_ACTIVE,Fitbit App
2026-05-21T12:37:00Z,LIGHTLY_ACTIVE,Fitbit App
2026-05-21T12:38:00Z,LIGHTLY_ACTIVE,Fitbit App
2026-05-21T12:39:00Z,LIGHTLY_ACTIVE,Fitbit App
2026-05-21T12:40:00Z,LIGHTLY_ACTIVE,Fitbit App
2026-05-21T12:41:00Z,LIGHTLY_ACTIVE,Fitbit App
2026-05-21T12:42:00Z,SEDENTARY,Fitbit App
2026-05-21T12:43:00Z,SEDENTARY,Fitbit App
2026-05-21T12:44:00Z,LIGHTLY_ACTIVE,Fitbit App
2026-05-21T12:45:00Z,LIGHTLY_ACTIVE,Fitbit App
2026-05-21T12:46:00Z,VERY_ACTIVE,Fitbit App
2026-05-21T12:47:00Z,LIGHTLY_ACTIVE,Fitbit App
2026-05-21T12:48:00Z,LIGHTLY_ACTIVE,Fitbit App
2026-05-21T12:49:00Z,SEDENTARY,Fitbit App
2026-05-21T12:50:00Z,SEDENTARY,Fitbit App
2026-05-21T12:51:00Z,SEDENTARY,Fitbit App
2026-05-21T12:52:00Z,SEDENTARY,Fitbit App
2026-05-21T12:53:00Z,SEDENTARY,Fitbit App
2026-05-21T12:54:00Z,SEDENTARY,Fitbit App
2026-05-21T12:57:00Z,SEDENTARY,Fitbit App
2026-05-21T12:58:00Z,SEDENTARY,Fitbit App
2026-05-21T12:59:00Z,LIGHTLY_ACTIVE,Fitbit App
2026-05-21T13:00:00Z,MODERATELY_ACTIVE,Fitbit App
2026-05-21T13:01:00Z,LIGHTLY_ACTIVE,Fitbit App
2026-05-21T13:02:00Z,SEDENTARY,Fitbit App
2026-05-21T13:03:00Z,SEDENTARY,Fitbit App
2026-05-21T13:04:00Z,SEDENTARY,Fitbit App
2026-05-21T13:05:00Z,LIGHTLY_ACTIVE,Fitbit App
2026-05-21T13:06:00Z,VERY_ACTIVE,Fitbit App
2026-05-21T13:07:00Z,VERY_ACTIVE,Fitbit App
2026-05-21T13:08:00Z,VERY_ACTIVE,Fitbit App
2026-05-21T13:09:00Z,VERY_ACTIVE,Fitbit App
2026-05-21T13:10:00Z,MODERATELY_ACTIVE,Fitbit App
2026-05-21T13:11:00Z,LIGHTLY_ACTIVE,Fitbit App
2026-05-21T13:12:00Z,LIGHTLY_ACTIVE,Fitbit App
2026-05-21T13:13:00Z,SEDENTARY,Fitbit App
2026-05-21T13:14:00Z,SEDENTARY,Fitbit App
2026-05-21T13:15:00Z,LIGHTLY_ACTIVE,Fitbit App
2026-05-21T13:16:00Z,SEDENTARY,Fitbit App
2026-05-21T13:17:00Z,LIGHTLY_ACTIVE,Fitbit App
2026-05-21T13:18:00Z,LIGHTLY_ACTIVE,Fitbit App
2026-05-21T13:19:00Z,LIGHTLY_ACTIVE,Fitbit App
2026-05-21T13:20:00Z,LIGHTLY_ACTIVE,Fitbit App
2026-05-21T13:21:00Z,LIGHTLY_ACTIVE,Fitbit App
2026-05-21T13:22:00Z,LIGHTLY_ACTIVE,Fitbit App
2026-05-21T13:23:00Z,LIGHTLY_ACTIVE,Fitbit App
2026-05-21T13:24:00Z,LIGHTLY_ACTIVE,Fitbit App
2026-05-21T13:25:00Z,MODERATELY_ACTIVE,Fitbit App
2026-05-21T13:26:00Z,VERY_ACTIVE,Fitbit App
2026-05-21T13:27:00Z,VERY_ACTIVE,Fitbit App
2026-05-21T13:28:00Z,VERY_ACTIVE,Fitbit App
2026-05-21T13:29:00Z,VERY_ACTIVE,Fitbit App
2026-05-21T13:30:00Z,MODERATELY_ACTIVE,Fitbit App
2026-05-21T13:31:00Z,MODERATELY_ACTIVE,Fitbit App
2026-05-21T13:32:00Z,SEDENTARY,Fitbit App
2026-05-21T13:33:00Z,MODERATELY_ACTIVE,Fitbit App
2026-05-21T13:34:00Z,MODERATELY_ACTIVE,Fitbit App
2026-05-21T13:35:00Z,MODERATELY_ACTIVE,Fitbit App
2026-05-21T13:36:00Z,MODERATELY_ACTIVE,Fitbit App
2026-05-21T13:37:00Z,MODERATELY_ACTIVE,Fitbit App
2026-05-21T13:38:00Z,MODERATELY_ACTIVE,Fitbit App
2026-05-21T13:39:00Z,LIGHTLY_ACTIVE,Fitbit App
2026-05-21T13:40:00Z,LIGHTLY_ACTIVE,Fitbit App
2026-05-21T13:41:00Z,LIGHTLY_ACTIVE,Fitbit App
2026-05-21T13:42:00Z,LIGHTLY_ACTIVE,Fitbit App
2026-05-21T13:43:00Z,LIGHTLY_ACTIVE,Fitbit App
2026-05-21T13:44:00Z,LIGHTLY_ACTIVE,Fitbit App
2026-05-21T13:45:00Z,LIGHTLY_ACTIVE,Fitbit App
2026-05-21T13:46:00Z,LIGHTLY_ACTIVE,Fitbit App
2026-05-21T13:47:00Z,LIGHTLY_ACTIVE,Fitbit App
2026-05-21T13:48:00Z,MODERATELY_ACTIVE,Fitbit App
2026-05-21T13:49:00Z,MODERATELY_ACTIVE,Fitbit App
2026-05-21T13:50:00Z,MODERATELY_ACTIVE,Fitbit App
2026-05-21T13:51:00Z,MODERATELY_ACTIVE,Fitbit App
2026-05-21T13:52:00Z,MODERATELY_ACTIVE,Fitbit App
2026-05-21T13:53:00Z,LIGHTLY_ACTIVE,Fitbit App
2026-05-21T13:54:00Z,LIGHTLY_ACTIVE,Fitbit App
2026-05-21T13:55:00Z,LIGHTLY_ACTIVE,Fitbit App
2026-05-21T13:56:00Z,LIGHTLY_ACTIVE,Fitbit App
2026-05-21T13:57:00Z,SEDENTARY,Fitbit App
2026-05-21T13:58:00Z,SEDENTARY,Fitbit App
2026-05-21T13:59:00Z,LIGHTLY_ACTIVE,Fitbit App
2026-05-21T14:00:00Z,LIGHTLY_ACTIVE,Fitbit App
2026-05-21T14:01:00Z,SEDENTARY,Fitbit App
2026-05-21T14:02:00Z,LIGHTLY_ACTIVE,Fitbit App
2026-05-21T14:03:00Z,LIGHTLY_ACTIVE,Fitbit App
2026-05-21T14:04:00Z,MODERATELY_ACTIVE,Fitbit App
2026-05-21T14:05:00Z,LIGHTLY_ACTIVE,Fitbit App
2026-05-21T14:06:00Z,LIGHTLY_ACTIVE,Fitbit App
2026-05-21T14:07:00Z,LIGHTLY_ACTIVE,Fitbit App
2026-05-21T14:08:00Z,LIGHTLY_ACTIVE,Fitbit App
2026-05-21T14:09:00Z,LIGHTLY_ACTIVE,Fitbit App
2026-05-21T14:10:00Z,SEDENTARY,Fitbit App
2026-05-21T14:11:00Z,SEDENTARY,Fitbit App
2026-05-21T14:12:00Z,SEDENTARY,Fitbit App
2026-05-21T14:13:00Z,MODERATELY_ACTIVE,Fitbit App
2026-05-21T14:14:00Z,LIGHTLY_ACTIVE,Fitbit App
2026-05-21T14:15:00Z,LIGHTLY_ACTIVE,Fitbit App
2026-05-21T14:16:00Z,LIGHTLY_ACTIVE,Fitbit App
2026-05-21T14:17:00Z,SEDENTARY,Fitbit App
2026-05-21T14:18:00Z,SEDENTARY,Fitbit App
2026-05-21T14:19:00Z,SEDENTARY,Fitbit App
2026-05-21T14:20:00Z,SEDENTARY,Fitbit App
2026-05-21T14:21:00Z,SEDENTARY,Fitbit App
2026-05-21T14:22:00Z,LIGHTLY_ACTIVE,Fitbit App
2026-05-21T14:23:00Z,LIGHTLY_ACTIVE,Fitbit App
2026-05-21T14:24:00Z,SEDENTARY,Fitbit App
2026-05-21T14:25:00Z,LIGHTLY_ACTIVE,Fitbit App
2026-05-21T14:26:00Z,SEDENTARY,Fitbit App
2026-05-21T14:27:00Z,SEDENTARY,Fitbit App
2026-05-21T14:28:00Z,LIGHTLY_ACTIVE,Fitbit App
2026-05-21T14:29:00Z,LIGHTLY_ACTIVE,Fitbit App
2026-05-21T14:30:00Z,SEDENTARY,Fitbit App
2026-05-21T14:31:00Z,SEDENTARY,Fitbit App
2026-05-21T14:32:00Z,LIGHTLY_ACTIVE,Fitbit App
2026-05-21T14:33:00Z,SEDENTARY,Fitbit App
2026-05-21T14:34:00Z,LIGHTLY_ACTIVE,Fitbit App
2026-05-21T14:35:00Z,VERY_ACTIVE,Fitbit App
2026-05-21T14:36:00Z,MODERATELY_ACTIVE,Fitbit App
2026-05-21T14:37:00Z,LIGHTLY_ACTIVE,Fitbit App
2026-05-21T14:38:00Z,LIGHTLY_ACTIVE,Fitbit App
2026-05-21T14:39:00Z,LIGHTLY_ACTIVE,Fitbit App
2026-05-21T14:40:00Z,MODERATELY_ACTIVE,Fitbit App
2026-05-21T14:41:00Z,MODERATELY_ACTIVE,Fitbit App
2026-05-21T14:42:00Z,VERY_ACTIVE,Fitbit App
2026-05-21T14:43:00Z,VERY_ACTIVE,Fitbit App
2026-05-21T14:44:00Z,MODERATELY_ACTIVE,Fitbit App
2026-05-21T14:45:00Z,LIGHTLY_ACTIVE,Fitbit App
2026-05-21T14:46:00Z,SEDENTARY,Fitbit App
2026-05-21T14:47:00Z,SEDENTARY,Fitbit App
2026-05-21T14:48:00Z,SEDENTARY,Fitbit App
2026-05-21T14:49:00Z,SEDENTARY,Fitbit App
2026-05-21T14:50:00Z,SEDENTARY,Fitbit App
2026-05-21T14:51:00Z,SEDENTARY,Fitbit App
2026-05-21T14:52:00Z,LIGHTLY_ACTIVE,Fitbit App
2026-05-21T14:53:00Z,LIGHTLY_ACTIVE,Fitbit App
2026-05-21T14:54:00Z,SEDENTARY,Fitbit App
2026-05-21T14:55:00Z,SEDENTARY,Fitbit App
2026-05-21T14:56:00Z,SEDENTARY,Fitbit App
2026-05-21T14:57:00Z,SEDENTARY,Fitbit App
2026-05-21T14:58:00Z,SEDENTARY,Fitbit App
2026-05-21T14:59:00Z,SEDENTARY,Fitbit App
2026-05-21T15:01:00Z,SEDENTARY,Fitbit App
2026-05-21T15:02:00Z,SEDENTARY,Fitbit App
2026-05-21T15:03:00Z,SEDENTARY,Fitbit App
2026-05-21T15:04:00Z,SEDENTARY,Fitbit App
2026-05-21T15:05:00Z,SEDENTARY,Fitbit App
2026-05-21T15:06:00Z,SEDENTARY,Fitbit App
2026-05-21T15:07:00Z,SEDENTARY,Fitbit App
2026-05-21T15:10:00Z,LIGHTLY_ACTIVE,Fitbit App
2026-05-21T15:11:00Z,SEDENTARY,Fitbit App
2026-05-21T15:12:00Z,MODERATELY_ACTIVE,Fitbit App
2026-05-21T15:13:00Z,VERY_ACTIVE,Fitbit App
2026-05-21T15:14:00Z,MODERATELY_ACTIVE,Fitbit App
2026-05-21T15:15:00Z,LIGHTLY_ACTIVE,Fitbit App
2026-05-21T15:16:00Z,SEDENTARY,Fitbit App
2026-05-21T15:17:00Z,SEDENTARY,Fitbit App
2026-05-21T15:18:00Z,SEDENTARY,Fitbit App
2026-05-21T15:19:00Z,SEDENTARY,Fitbit App
2026-05-21T15:20:00Z,SEDENTARY,Fitbit App
2026-05-21T15:21:00Z,SEDENTARY,Fitbit App
2026-05-21T15:22:00Z,SEDENTARY,Fitbit App
2026-05-21T15:23:00Z,SEDENTARY,Fitbit App
2026-05-21T15:24:00Z,SEDENTARY,Fitbit App
2026-05-21T15:25:00Z,SEDENTARY,Fitbit App
2026-05-21T15:26:00Z,SEDENTARY,Fitbit App
2026-05-21T15:27:00Z,SEDENTARY,Fitbit App
2026-05-21T15:28:00Z,SEDENTARY,Fitbit App
2026-05-21T15:29:00Z,SEDENTARY,Fitbit App
2026-05-21T15:30:00Z,SEDENTARY,Fitbit App
2026-05-21T15:31:00Z,SEDENTARY,Fitbit App
2026-05-21T15:32:00Z,SEDENTARY,Fitbit App
2026-05-21T15:33:00Z,SEDENTARY,Fitbit App
2026-05-21T15:34:00Z,SEDENTARY,Fitbit App
2026-05-21T15:35:00Z,LIGHTLY_ACTIVE,Fitbit App
2026-05-21T15:36:00Z,LIGHTLY_ACTIVE,Fitbit App
2026-05-21T15:37:00Z,SEDENTARY,Fitbit App
2026-05-21T15:38:00Z,SEDENTARY,Fitbit App
2026-05-21T15:39:00Z,SEDENTARY,Fitbit App
2026-05-21T15:40:00Z,SEDENTARY,Fitbit App
2026-05-21T15:41:00Z,SEDENTARY,Fitbit App
2026-05-21T15:42:00Z,SEDENTARY,Fitbit App
2026-05-21T15:43:00Z,SEDENTARY,Fitbit App
2026-05-21T15:44:00Z,SEDENTARY,Fitbit App
2026-05-21T15:45:00Z,SEDENTARY,Fitbit App
2026-05-21T15:46:00Z,SEDENTARY,Fitbit App
2026-05-21T15:47:00Z,SEDENTARY,Fitbit App
2026-05-21T15:48:00Z,SEDENTARY,Fitbit App
2026-05-21T15:49:00Z,SEDENTARY,Fitbit App
2026-05-21T15:50:00Z,SEDENTARY,Fitbit App
2026-05-21T15:51:00Z,SEDENTARY,Fitbit App
2026-05-21T15:52:00Z,SEDENTARY,Fitbit App
2026-05-21T15:53:00Z,SEDENTARY,Fitbit App
2026-05-21T15:54:00Z,SEDENTARY,Fitbit App
2026-05-21T15:55:00Z,SEDENTARY,Fitbit App
2026-05-21T15:56:00Z,SEDENTARY,Fitbit App
2026-05-21T15:57:00Z,SEDENTARY,Fitbit App
2026-05-21T15:58:00Z,SEDENTARY,Fitbit App
2026-05-21T15:59:00Z,SEDENTARY,Fitbit App
2026-05-21T16:00:00Z,LIGHTLY_ACTIVE,Fitbit App
2026-05-21T16:01:00Z,LIGHTLY_ACTIVE,Fitbit App
2026-05-21T16:02:00Z,SEDENTARY,Fitbit App
2026-05-21T16:03:00Z,SEDENTARY,Fitbit App
2026-05-21T16:04:00Z,SEDENTARY,Fitbit App
2026-05-21T16:05:00Z,LIGHTLY_ACTIVE,Fitbit App
2026-05-21T16:06:00Z,LIGHTLY_ACTIVE,Fitbit App
2026-05-21T16:07:00Z,SEDENTARY,Fitbit App
2026-05-21T16:08:00Z,LIGHTLY_ACTIVE,Fitbit App
2026-05-21T16:09:00Z,LIGHTLY_ACTIVE,Fitbit App
2026-05-21T16:10:00Z,LIGHTLY_ACTIVE,Fitbit App
2026-05-21T16:11:00Z,SEDENTARY,Fitbit App
2026-05-21T16:12:00Z,SEDENTARY,Fitbit App
2026-05-21T16:13:00Z,SEDENTARY,Fitbit App
2026-05-21T16:14:00Z,SEDENTARY,Fitbit App
2026-05-21T16:15:00Z,SEDENTARY,Fitbit App
2026-05-21T16:16:00Z,SEDENTARY,Fitbit App
2026-05-21T16:17:00Z,SEDENTARY,Fitbit App
2026-05-21T16:18:00Z,SEDENTARY,Fitbit App
2026-05-21T16:19:00Z,SEDENTARY,Fitbit App
2026-05-21T16:20:00Z,SEDENTARY,Fitbit App
2026-05-21T16:21:00Z,SEDENTARY,Fitbit App
2026-05-21T16:22:00Z,SEDENTARY,Fitbit App
2026-05-21T16:23:00Z,SEDENTARY,Fitbit App
2026-05-21T16:24:00Z,SEDENTARY,Fitbit App
2026-05-21T16:25:00Z,SEDENTARY,Fitbit App
2026-05-21T16:26:00Z,SEDENTARY,Fitbit App
2026-05-21T16:27:00Z,SEDENTARY,Fitbit App
2026-05-21T16:28:00Z,SEDENTARY,Fitbit App
2026-05-21T16:29:00Z,SEDENTARY,Fitbit App
2026-05-21T16:30:00Z,SEDENTARY,Fitbit App
2026-05-21T16:31:00Z,SEDENTARY,Fitbit App
2026-05-21T16:32:00Z,SEDENTARY,Fitbit App
2026-05-21T16:33:00Z,SEDENTARY,Fitbit App
2026-05-21T16:34:00Z,LIGHTLY_ACTIVE,Fitbit App
2026-05-21T16:35:00Z,MODERATELY_ACTIVE,Fitbit App
2026-05-21T16:36:00Z,SEDENTARY,Fitbit App
2026-05-21T16:37:00Z,SEDENTARY,Fitbit App
2026-05-21T16:38:00Z,SEDENTARY,Fitbit App
2026-05-21T16:39:00Z,SEDENTARY,Fitbit App
2026-05-21T16:40:00Z,SEDENTARY,Fitbit App
2026-05-21T16:41:00Z,SEDENTARY,Fitbit App
2026-05-21T16:42:00Z,SEDENTARY,Fitbit App
2026-05-21T16:43:00Z,SEDENTARY,Fitbit App
2026-05-21T16:44:00Z,SEDENTARY,Fitbit App
2026-05-21T16:45:00Z,SEDENTARY,Fitbit App
2026-05-21T16:46:00Z,SEDENTARY,Fitbit App
2026-05-21T16:47:00Z,SEDENTARY,Fitbit App
2026-05-21T16:48:00Z,LIGHTLY_ACTIVE,Fitbit App
2026-05-21T16:49:00Z,SEDENTARY,Fitbit App
2026-05-21T16:50:00Z,LIGHTLY_ACTIVE,Fitbit App
2026-05-21T16:51:00Z,MODERATELY_ACTIVE,Fitbit App
2026-05-21T16:52:00Z,SEDENTARY,Fitbit App
2026-05-21T16:53:00Z,SEDENTARY,Fitbit App
2026-05-21T16:54:00Z,SEDENTARY,Fitbit App
2026-05-21T16:55:00Z,SEDENTARY,Fitbit App
2026-05-21T16:56:00Z,SEDENTARY,Fitbit App
2026-05-21T16:57:00Z,SEDENTARY,Fitbit App
2026-05-21T16:58:00Z,SEDENTARY,Fitbit App
2026-05-21T16:59:00Z,SEDENTARY,Fitbit App
2026-05-21T17:00:00Z,LIGHTLY_ACTIVE,Fitbit App
2026-05-21T17:01:00Z,MODERATELY_ACTIVE,Fitbit App
2026-05-21T17:02:00Z,LIGHTLY_ACTIVE,Fitbit App
2026-05-21T17:03:00Z,LIGHTLY_ACTIVE,Fitbit App
2026-05-21T17:04:00Z,SEDENTARY,Fitbit App
2026-05-21T17:05:00Z,SEDENTARY,Fitbit App
2026-05-21T17:06:00Z,MODERATELY_ACTIVE,Fitbit App
2026-05-21T17:07:00Z,MODERATELY_ACTIVE,Fitbit App
2026-05-21T17:08:00Z,SEDENTARY,Fitbit App
2026-05-21T17:09:00Z,LIGHTLY_ACTIVE,Fitbit App
2026-05-21T17:10:00Z,VERY_ACTIVE,Fitbit App
2026-05-21T17:11:00Z,MODERATELY_ACTIVE,Fitbit App
2026-05-21T17:12:00Z,MODERATELY_ACTIVE,Fitbit App
2026-05-21T17:13:00Z,MODERATELY_ACTIVE,Fitbit App
2026-05-21T17:14:00Z,LIGHTLY_ACTIVE,Fitbit App
2026-05-21T17:15:00Z,SEDENTARY,Fitbit App
2026-05-21T17:16:00Z,LIGHTLY_ACTIVE,Fitbit App
2026-05-21T17:17:00Z,LIGHTLY_ACTIVE,Fitbit App
2026-05-21T17:18:00Z,MODERATELY_ACTIVE,Fitbit App
2026-05-21T17:19:00Z,LIGHTLY_ACTIVE,Fitbit App
2026-05-21T17:20:00Z,LIGHTLY_ACTIVE,Fitbit App
2026-05-21T17:21:00Z,LIGHTLY_ACTIVE,Fitbit App
2026-05-21T17:22:00Z,LIGHTLY_ACTIVE,Fitbit App
2026-05-21T17:23:00Z,LIGHTLY_ACTIVE,Fitbit App
2026-05-21T17:24:00Z,SEDENTARY,Fitbit App
2026-05-21T17:25:00Z,LIGHTLY_ACTIVE,Fitbit App
2026-05-21T17:26:00Z,LIGHTLY_ACTIVE,Fitbit App
2026-05-21T17:27:00Z,LIGHTLY_ACTIVE,Fitbit App
2026-05-21T17:28:00Z,LIGHTLY_ACTIVE,Fitbit App
2026-05-21T17:29:00Z,LIGHTLY_ACTIVE,Fitbit App
2026-05-21T17:30:00Z,LIGHTLY_ACTIVE,Fitbit App
2026-05-21T17:31:00Z,LIGHTLY_ACTIVE,Fitbit App
2026-05-21T17:32:00Z,LIGHTLY_ACTIVE,Fitbit App
2026-05-21T17:33:00Z,LIGHTLY_ACTIVE,Fitbit App
2026-05-21T17:34:00Z,SEDENTARY,Fitbit App
2026-05-21T17:35:00Z,LIGHTLY_ACTIVE,Fitbit App
2026-05-21T17:36:00Z,LIGHTLY_ACTIVE,Fitbit App
2026-05-21T17:37:00Z,LIGHTLY_ACTIVE,Fitbit App
2026-05-21T17:38:00Z,LIGHTLY_ACTIVE,Fitbit App
2026-05-21T17:39:00Z,LIGHTLY_ACTIVE,Fitbit App
2026-05-21T17:40:00Z,LIGHTLY_ACTIVE,Fitbit App
2026-05-21T17:41:00Z,LIGHTLY_ACTIVE,Fitbit App
2026-05-21T17:42:00Z,LIGHTLY_ACTIVE,Fitbit App
2026-05-21T17:43:00Z,MODERATELY_ACTIVE,Fitbit App
2026-05-21T17:44:00Z,LIGHTLY_ACTIVE,Fitbit App
2026-05-21T17:45:00Z,LIGHTLY_ACTIVE,Fitbit App
2026-05-21T17:46:00Z,LIGHTLY_ACTIVE,Fitbit App
2026-05-21T17:47:00Z,LIGHTLY_ACTIVE,Fitbit App
2026-05-21T17:48:00Z,LIGHTLY_ACTIVE,Fitbit App
2026-05-21T17:49:00Z,MODERATELY_ACTIVE,Fitbit App
2026-05-21T17:50:00Z,LIGHTLY_ACTIVE,Fitbit App
2026-05-21T17:51:00Z,MODERATELY_ACTIVE,Fitbit App
2026-05-21T17:52:00Z,LIGHTLY_ACTIVE,Fitbit App
2026-05-21T17:53:00Z,LIGHTLY_ACTIVE,Fitbit App
2026-05-21T17:54:00Z,LIGHTLY_ACTIVE,Fitbit App
2026-05-21T17:55:00Z,LIGHTLY_ACTIVE,Fitbit App
2026-05-21T17:56:00Z,LIGHTLY_ACTIVE,Fitbit App
2026-05-21T17:57:00Z,LIGHTLY_ACTIVE,Fitbit App
2026-05-21T17:58:00Z,LIGHTLY_ACTIVE,Fitbit App
2026-05-21T17:59:00Z,LIGHTLY_ACTIVE,Fitbit App
2026-05-21T18:00:00Z,SEDENTARY,Fitbit App
2026-05-21T18:01:00Z,LIGHTLY_ACTIVE,Fitbit App
2026-05-21T18:02:00Z,LIGHTLY_ACTIVE,Fitbit App
2026-05-21T18:03:00Z,LIGHTLY_ACTIVE,Fitbit App
2026-05-21T18:04:00Z,LIGHTLY_ACTIVE,Fitbit App
2026-05-21T18:05:00Z,LIGHTLY_ACTIVE,Fitbit App
2026-05-21T18:06:00Z,LIGHTLY_ACTIVE,Fitbit App
2026-05-21T18:07:00Z,LIGHTLY_ACTIVE,Fitbit App
2026-05-21T18:08:00Z,LIGHTLY_ACTIVE,Fitbit App
2026-05-21T18:09:00Z,VERY_ACTIVE,Fitbit App
2026-05-21T18:10:00Z,VERY_ACTIVE,Fitbit App
2026-05-21T18:11:00Z,MODERATELY_ACTIVE,Fitbit App
2026-05-21T18:12:00Z,VERY_ACTIVE,Fitbit App
2026-05-21T18:13:00Z,VERY_ACTIVE,Fitbit App
2026-05-21T18:14:00Z,MODERATELY_ACTIVE,Fitbit App
2026-05-21T18:15:00Z,MODERATELY_ACTIVE,Fitbit App
2026-05-21T18:16:00Z,MODERATELY_ACTIVE,Fitbit App
2026-05-21T18:17:00Z,VERY_ACTIVE,Fitbit App
2026-05-21T18:18:00Z,MODERATELY_ACTIVE,Fitbit App
2026-05-21T18:19:00Z,LIGHTLY_ACTIVE,Fitbit App
2026-05-21T18:20:00Z,LIGHTLY_ACTIVE,Fitbit App
2026-05-21T18:21:00Z,LIGHTLY_ACTIVE,Fitbit App
2026-05-21T18:22:00Z,LIGHTLY_ACTIVE,Fitbit App
2026-05-21T18:23:00Z,LIGHTLY_ACTIVE,Fitbit App
2026-05-21T18:24:00Z,LIGHTLY_ACTIVE,Fitbit App
2026-05-21T18:25:00Z,LIGHTLY_ACTIVE,Fitbit App
2026-05-21T18:26:00Z,LIGHTLY_ACTIVE,Fitbit App
2026-05-21T18:27:00Z,LIGHTLY_ACTIVE,Fitbit App
2026-05-21T18:28:00Z,LIGHTLY_ACTIVE,Fitbit App
2026-05-21T18:29:00Z,LIGHTLY_ACTIVE,Fitbit App
2026-05-21T18:30:00Z,LIGHTLY_ACTIVE,Fitbit App
2026-05-21T18:31:00Z,MODERATELY_ACTIVE,Fitbit App
2026-05-21T18:32:00Z,VERY_ACTIVE,Fitbit App
2026-05-21T18:33:00Z,MODERATELY_ACTIVE,Fitbit App
2026-05-21T18:34:00Z,MODERATELY_ACTIVE,Fitbit App
2026-05-21T18:35:00Z,MODERATELY_ACTIVE,Fitbit App
2026-05-21T18:36:00Z,MODERATELY_ACTIVE,Fitbit App
2026-05-21T18:37:00Z,VERY_ACTIVE,Fitbit App
2026-05-21T18:38:00Z,VERY_ACTIVE,Fitbit App
2026-05-21T18:39:00Z,MODERATELY_ACTIVE,Fitbit App
2026-05-21T18:40:00Z,VERY_ACTIVE,Fitbit App
2026-05-21T18:41:00Z,MODERATELY_ACTIVE,Fitbit App
2026-05-21T18:42:00Z,LIGHTLY_ACTIVE,Fitbit App
2026-05-21T18:43:00Z,LIGHTLY_ACTIVE,Fitbit App
2026-05-21T18:44:00Z,LIGHTLY_ACTIVE,Fitbit App
2026-05-21T18:45:00Z,LIGHTLY_ACTIVE,Fitbit App
2026-05-21T18:46:00Z,LIGHTLY_ACTIVE,Fitbit App
2026-05-21T18:47:00Z,LIGHTLY_ACTIVE,Fitbit App
2026-05-21T18:48:00Z,LIGHTLY_ACTIVE,Fitbit App
2026-05-21T18:49:00Z,LIGHTLY_ACTIVE,Fitbit App
2026-05-21T18:50:00Z,SEDENTARY,Fitbit App
2026-05-21T18:51:00Z,SEDENTARY,Fitbit App
2026-05-21T18:52:00Z,SEDENTARY,Fitbit App
2026-05-21T18:53:00Z,SEDENTARY,Fitbit App
2026-05-21T18:57:00Z,SEDENTARY,Fitbit App
2026-05-21T18:58:00Z,LIGHTLY_ACTIVE,Fitbit App
2026-05-21T18:59:00Z,LIGHTLY_ACTIVE,Fitbit App
2026-05-21T19:01:00Z,SEDENTARY,Fitbit App
2026-05-21T19:03:00Z,SEDENTARY,Fitbit App
2026-05-21T19:04:00Z,LIGHTLY_ACTIVE,Fitbit App
2026-05-21T19:05:00Z,LIGHTLY_ACTIVE,Fitbit App
2026-05-21T19:06:00Z,MODERATELY_ACTIVE,Fitbit App
2026-05-21T19:07:00Z,SEDENTARY,Fitbit App
2026-05-21T19:08:00Z,SEDENTARY,Fitbit App
2026-05-21T19:09:00Z,SEDENTARY,Fitbit App
2026-05-21T19:10:00Z,LIGHTLY_ACTIVE,Fitbit App
2026-05-21T19:11:00Z,SEDENTARY,Fitbit App
2026-05-21T19:12:00Z,SEDENTARY,Fitbit App
2026-05-21T19:13:00Z,LIGHTLY_ACTIVE,Fitbit App
2026-05-21T19:14:00Z,SEDENTARY,Fitbit App
2026-05-21T19:15:00Z,SEDENTARY,Fitbit App
2026-05-21T19:17:00Z,SEDENTARY,Fitbit App
2026-05-21T19:18:00Z,SEDENTARY,Fitbit App
2026-05-21T19:20:00Z,SEDENTARY,Fitbit App
2026-05-21T19:23:00Z,SEDENTARY,Fitbit App
2026-05-21T19:24:00Z,SEDENTARY,Fitbit App
2026-05-21T19:25:00Z,SEDENTARY,Fitbit App
2026-05-21T19:26:00Z,SEDENTARY,Fitbit App
2026-05-21T19:27:00Z,SEDENTARY,Fitbit App
2026-05-21T19:28:00Z,SEDENTARY,Fitbit App
2026-05-21T19:29:00Z,SEDENTARY,Fitbit App
2026-05-21T19:30:00Z,SEDENTARY,Fitbit App
2026-05-21T19:31:00Z,SEDENTARY,Fitbit App
2026-05-21T19:32:00Z,SEDENTARY,Fitbit App
2026-05-21T19:33:00Z,SEDENTARY,Fitbit App
2026-05-21T19:35:00Z,SEDENTARY,Fitbit App
2026-05-21T19:36:00Z,SEDENTARY,Fitbit App
2026-05-21T19:38:00Z,SEDENTARY,Fitbit App
2026-05-21T19:44:00Z,LIGHTLY_ACTIVE,Fitbit App
2026-05-21T19:45:00Z,LIGHTLY_ACTIVE,Fitbit App
2026-05-21T19:46:00Z,SEDENTARY,Fitbit App
2026-05-21T19:47:00Z,SEDENTARY,Fitbit App
2026-05-21T20:10:00Z,LIGHTLY_ACTIVE,Fitbit App
2026-05-21T20:11:00Z,SEDENTARY,Fitbit App
2026-05-21T20:12:00Z,LIGHTLY_ACTIVE,Fitbit App
2026-05-21T20:13:00Z,LIGHTLY_ACTIVE,Fitbit App
2026-05-21T20:14:00Z,LIGHTLY_ACTIVE,Fitbit App
2026-05-21T20:15:00Z,LIGHTLY_ACTIVE,Fitbit App
2026-05-21T20:16:00Z,LIGHTLY_ACTIVE,Fitbit App
2026-05-21T20:17:00Z,LIGHTLY_ACTIVE,Fitbit App
2026-05-21T20:18:00Z,LIGHTLY_ACTIVE,Fitbit App
2026-05-21T20:19:00Z,LIGHTLY_ACTIVE,Fitbit App
2026-05-21T20:20:00Z,LIGHTLY_ACTIVE,Fitbit App
2026-05-21T20:21:00Z,LIGHTLY_ACTIVE,Fitbit App
2026-05-21T20:22:00Z,LIGHTLY_ACTIVE,Fitbit App
2026-05-21T20:23:00Z,SEDENTARY,Fitbit App
2026-05-21T20:24:00Z,LIGHTLY_ACTIVE,Fitbit App
2026-05-21T20:25:00Z,LIGHTLY_ACTIVE,Fitbit App
2026-05-21T20:26:00Z,LIGHTLY_ACTIVE,Fitbit App
2026-05-21T20:27:00Z,SEDENTARY,Fitbit App
2026-05-21T20:28:00Z,LIGHTLY_ACTIVE,Fitbit App
2026-05-21T20:29:00Z,LIGHTLY_ACTIVE,Fitbit App
2026-05-21T20:30:00Z,LIGHTLY_ACTIVE,Fitbit App
2026-05-21T20:31:00Z,LIGHTLY_ACTIVE,Fitbit App
2026-05-21T20:32:00Z,LIGHTLY_ACTIVE,Fitbit App
2026-05-21T20:41:00Z,SEDENTARY,Fitbit App
2026-05-21T21:00:00Z,SEDENTARY,Fitbit App
2026-05-21T21:03:00Z,SEDENTARY,Fitbit App
2026-05-21T21:05:00Z,SEDENTARY,Fitbit App
2026-05-21T21:06:00Z,SEDENTARY,Fitbit App
2026-05-21T22:17:00Z,SEDENTARY,Fitbit App
2026-05-21T22:23:00Z,LIGHTLY_ACTIVE,Fitbit App
2026-05-21T22:24:00Z,SEDENTARY,Fitbit App
2026-05-21T22:26:00Z,SEDENTARY,Fitbit App
2026-05-21T22:30:00Z,LIGHTLY_ACTIVE,Fitbit App
2026-05-21T22:32:00Z,SEDENTARY,Fitbit App
2026-05-21T22:36:00Z,SEDENTARY,Fitbit App
2026-05-21T22:38:00Z,SEDENTARY,Fitbit App
2026-05-21T22:44:00Z,SEDENTARY,Fitbit App
2026-05-21T22:50:00Z,SEDENTARY,Fitbit App
2026-05-21T23:37:00Z,LIGHTLY_ACTIVE,Fitbit App
2026-05-21T23:38:00Z,SEDENTARY,Fitbit App
2026-05-21T23:39:00Z,SEDENTARY,Fitbit App
2026-05-21T23:41:00Z,SEDENTARY,Fitbit App
2026-05-22T00:05:00Z,SEDENTARY,Fitbit App
2026-05-22T00:38:00Z,SEDENTARY,Fitbit App
2026-05-22T00:40:00Z,SEDENTARY,Fitbit App
2026-05-22T03:02:00Z,SEDENTARY,Fitbit App
2026-05-22T04:16:00Z,SEDENTARY,Fitbit App
2026-05-22T05:05:00Z,SEDENTARY,Fitbit App
2026-05-22T05:24:00Z,SEDENTARY,Fitbit App
2026-05-22T05:28:00Z,SEDENTARY,Fitbit App
2026-05-22T05:45:00Z,SEDENTARY,Fitbit App
2026-05-22T05:46:00Z,SEDENTARY,Fitbit App
2026-05-22T05:53:00Z,SEDENTARY,Fitbit App
2026-05-22T06:07:00Z,LIGHTLY_ACTIVE,Fitbit App
2026-05-22T06:08:00Z,LIGHTLY_ACTIVE,Fitbit App
2026-05-22T06:09:00Z,LIGHTLY_ACTIVE,Fitbit App
2026-05-22T06:10:00Z,LIGHTLY_ACTIVE,Fitbit App
2026-05-22T06:11:00Z,LIGHTLY_ACTIVE,Fitbit App
2026-05-22T06:12:00Z,LIGHTLY_ACTIVE,Fitbit App
2026-05-22T06:13:00Z,LIGHTLY_ACTIVE,Fitbit App
2026-05-22T06:14:00Z,SEDENTARY,Fitbit App
2026-05-22T06:15:00Z,LIGHTLY_ACTIVE,Fitbit App
2026-05-22T06:16:00Z,LIGHTLY_ACTIVE,Fitbit App
2026-05-22T06:17:00Z,LIGHTLY_ACTIVE,Fitbit App
2026-05-22T06:18:00Z,SEDENTARY,Fitbit App
2026-05-22T06:19:00Z,LIGHTLY_ACTIVE,Fitbit App
2026-05-22T06:20:00Z,SEDENTARY,Fitbit App
2026-05-22T06:21:00Z,SEDENTARY,Fitbit App
2026-05-22T06:22:00Z,SEDENTARY,Fitbit App
2026-05-22T06:23:00Z,LIGHTLY_ACTIVE,Fitbit App
2026-05-22T06:24:00Z,LIGHTLY_ACTIVE,Fitbit App
2026-05-22T06:25:00Z,LIGHTLY_ACTIVE,Fitbit App
2026-05-22T06:26:00Z,LIGHTLY_ACTIVE,Fitbit App
2026-05-22T06:27:00Z,LIGHTLY_ACTIVE,Fitbit App
2026-05-22T06:28:00Z,LIGHTLY_ACTIVE,Fitbit App
2026-05-22T06:29:00Z,LIGHTLY_ACTIVE,Fitbit App
2026-05-22T06:30:00Z,LIGHTLY_ACTIVE,Fitbit App
2026-05-22T06:31:00Z,LIGHTLY_ACTIVE,Fitbit App
2026-05-22T06:32:00Z,LIGHTLY_ACTIVE,Fitbit App
2026-05-22T06:33:00Z,SEDENTARY,Fitbit App
2026-05-22T06:34:00Z,LIGHTLY_ACTIVE,Fitbit App
2026-05-22T06:35:00Z,LIGHTLY_ACTIVE,Fitbit App
2026-05-22T06:36:00Z,LIGHTLY_ACTIVE,Fitbit App
2026-05-22T06:37:00Z,LIGHTLY_ACTIVE,Fitbit App
2026-05-22T06:38:00Z,LIGHTLY_ACTIVE,Fitbit App
2026-05-22T06:39:00Z,MODERATELY_ACTIVE,Fitbit App
2026-05-22T06:40:00Z,VERY_ACTIVE,Fitbit App
2026-05-22T06:41:00Z,MODERATELY_ACTIVE,Fitbit App
2026-05-22T06:42:00Z,SEDENTARY,Fitbit App
2026-05-22T06:43:00Z,SEDENTARY,Fitbit App
2026-05-22T06:44:00Z,SEDENTARY,Fitbit App
2026-05-22T06:45:00Z,SEDENTARY,Fitbit App
2026-05-22T06:46:00Z,SEDENTARY,Fitbit App
2026-05-22T06:47:00Z,SEDENTARY,Fitbit App
2026-05-22T06:48:00Z,SEDENTARY,Fitbit App
2026-05-22T06:49:00Z,SEDENTARY,Fitbit App
2026-05-22T06:50:00Z,SEDENTARY,Fitbit App
2026-05-22T06:51:00Z,SEDENTARY,Fitbit App
2026-05-22T06:52:00Z,LIGHTLY_ACTIVE,Fitbit App
2026-05-22T06:53:00Z,SEDENTARY,Fitbit App
2026-05-22T06:55:00Z,SEDENTARY,Fitbit App
2026-05-22T06:56:00Z,SEDENTARY,Fitbit App
2026-05-22T06:57:00Z,SEDENTARY,Fitbit App
2026-05-22T06:58:00Z,SEDENTARY,Fitbit App
2026-05-22T06:59:00Z,SEDENTARY,Fitbit App
2026-05-22T07:01:00Z,SEDENTARY,Fitbit App
2026-05-22T07:02:00Z,SEDENTARY,Fitbit App
2026-05-22T07:03:00Z,SEDENTARY,Fitbit App
2026-05-22T07:04:00Z,SEDENTARY,Fitbit App
2026-05-22T07:05:00Z,SEDENTARY,Fitbit App
2026-05-22T07:06:00Z,SEDENTARY,Fitbit App
2026-05-22T07:07:00Z,SEDENTARY,Fitbit App
2026-05-22T07:08:00Z,SEDENTARY,Fitbit App
2026-05-22T07:09:00Z,SEDENTARY,Fitbit App
2026-05-22T07:10:00Z,SEDENTARY,Fitbit App
2026-05-22T07:11:00Z,SEDENTARY,Fitbit App
2026-05-22T07:12:00Z,SEDENTARY,Fitbit App
2026-05-22T07:13:00Z,SEDENTARY,Fitbit App
2026-05-22T07:14:00Z,SEDENTARY,Fitbit App
2026-05-22T07:15:00Z,SEDENTARY,Fitbit App
2026-05-22T07:16:00Z,SEDENTARY,Fitbit App
2026-05-22T07:17:00Z,SEDENTARY,Fitbit App
2026-05-22T07:19:00Z,SEDENTARY,Fitbit App
2026-05-22T07:20:00Z,SEDENTARY,Fitbit App
2026-05-22T07:21:00Z,SEDENTARY,Fitbit App
2026-05-22T07:22:00Z,SEDENTARY,Fitbit App
2026-05-22T07:24:00Z,SEDENTARY,Fitbit App
2026-05-22T07:25:00Z,SEDENTARY,Fitbit App
2026-05-22T07:26:00Z,SEDENTARY,Fitbit App
2026-05-22T07:27:00Z,SEDENTARY,Fitbit App
2026-05-22T07:28:00Z,SEDENTARY,Fitbit App
2026-05-22T07:29:00Z,SEDENTARY,Fitbit App
2026-05-22T07:30:00Z,SEDENTARY,Fitbit App
2026-05-22T07:31:00Z,SEDENTARY,Fitbit App
2026-05-22T07:32:00Z,SEDENTARY,Fitbit App
2026-05-22T07:33:00Z,SEDENTARY,Fitbit App
2026-05-22T07:34:00Z,SEDENTARY,Fitbit App
2026-05-22T07:35:00Z,SEDENTARY,Fitbit App
2026-05-22T07:36:00Z,SEDENTARY,Fitbit App
2026-05-22T07:37:00Z,SEDENTARY,Fitbit App
2026-05-22T07:38:00Z,SEDENTARY,Fitbit App
2026-05-22T07:39:00Z,SEDENTARY,Fitbit App
2026-05-22T07:40:00Z,SEDENTARY,Fitbit App
2026-05-22T07:41:00Z,SEDENTARY,Fitbit App
2026-05-22T07:42:00Z,SEDENTARY,Fitbit App
2026-05-22T07:43:00Z,SEDENTARY,Fitbit App
2026-05-22T07:44:00Z,SEDENTARY,Fitbit App
2026-05-22T07:45:00Z,SEDENTARY,Fitbit App
2026-05-22T07:46:00Z,SEDENTARY,Fitbit App
2026-05-22T07:47:00Z,LIGHTLY_ACTIVE,Fitbit App
2026-05-22T07:48:00Z,SEDENTARY,Fitbit App
2026-05-22T07:49:00Z,SEDENTARY,Fitbit App
2026-05-22T07:50:00Z,SEDENTARY,Fitbit App
2026-05-22T07:51:00Z,SEDENTARY,Fitbit App
2026-05-22T07:52:00Z,SEDENTARY,Fitbit App
2026-05-22T07:53:00Z,SEDENTARY,Fitbit App
2026-05-22T07:54:00Z,SEDENTARY,Fitbit App
2026-05-22T07:55:00Z,SEDENTARY,Fitbit App
2026-05-22T07:56:00Z,SEDENTARY,Fitbit App
2026-05-22T07:57:00Z,SEDENTARY,Fitbit App
2026-05-22T07:58:00Z,LIGHTLY_ACTIVE,Fitbit App
2026-05-22T07:59:00Z,MODERATELY_ACTIVE,Fitbit App
2026-05-22T08:00:00Z,LIGHTLY_ACTIVE,Fitbit App
2026-05-22T08:01:00Z,VERY_ACTIVE,Fitbit App
2026-05-22T08:02:00Z,SEDENTARY,Fitbit App
2026-05-22T08:03:00Z,SEDENTARY,Fitbit App
2026-05-22T08:08:00Z,SEDENTARY,Fitbit App
2026-05-22T08:09:00Z,VERY_ACTIVE,Fitbit App
2026-05-22T08:10:00Z,VERY_ACTIVE,Fitbit App
2026-05-22T08:11:00Z,LIGHTLY_ACTIVE,Fitbit App
2026-05-22T08:12:00Z,SEDENTARY,Fitbit App
2026-05-22T08:13:00Z,SEDENTARY,Fitbit App
2026-05-22T08:14:00Z,SEDENTARY,Fitbit App
2026-05-22T08:15:00Z,SEDENTARY,Fitbit App
2026-05-22T08:16:00Z,SEDENTARY,Fitbit App
2026-05-22T08:17:00Z,SEDENTARY,Fitbit App
2026-05-22T08:18:00Z,LIGHTLY_ACTIVE,Fitbit App
2026-05-22T08:19:00Z,SEDENTARY,Fitbit App
2026-05-22T08:20:00Z,SEDENTARY,Fitbit App
2026-05-22T08:23:00Z,SEDENTARY,Fitbit App
2026-05-22T08:24:00Z,SEDENTARY,Fitbit App
2026-05-22T08:25:00Z,SEDENTARY,Fitbit App
2026-05-22T08:26:00Z,LIGHTLY_ACTIVE,Fitbit App
2026-05-22T08:27:00Z,MODERATELY_ACTIVE,Fitbit App
2026-05-22T08:28:00Z,MODERATELY_ACTIVE,Fitbit App
2026-05-22T08:29:00Z,VERY_ACTIVE,Fitbit App
2026-05-22T08:30:00Z,LIGHTLY_ACTIVE,Fitbit App
2026-05-22T08:31:00Z,SEDENTARY,Fitbit App
2026-05-22T08:32:00Z,LIGHTLY_ACTIVE,Fitbit App
2026-05-22T08:33:00Z,LIGHTLY_ACTIVE,Fitbit App
2026-05-22T08:34:00Z,SEDENTARY,Fitbit App
2026-05-22T08:35:00Z,SEDENTARY,Fitbit App
2026-05-22T08:36:00Z,SEDENTARY,Fitbit App
2026-05-22T08:37:00Z,SEDENTARY,Fitbit App
2026-05-22T08:38:00Z,SEDENTARY,Fitbit App
2026-05-22T08:39:00Z,SEDENTARY,Fitbit App
2026-05-22T08:40:00Z,SEDENTARY,Fitbit App
2026-05-22T08:41:00Z,SEDENTARY,Fitbit App
2026-05-22T08:42:00Z,SEDENTARY,Fitbit App
2026-05-22T08:43:00Z,SEDENTARY,Fitbit App
2026-05-22T08:44:00Z,SEDENTARY,Fitbit App
2026-05-22T08:45:00Z,SEDENTARY,Fitbit App
2026-05-22T08:46:00Z,SEDENTARY,Fitbit App
2026-05-22T08:47:00Z,SEDENTARY,Fitbit App
2026-05-22T08:48:00Z,SEDENTARY,Fitbit App
2026-05-22T08:49:00Z,SEDENTARY,Fitbit App
2026-05-22T08:50:00Z,SEDENTARY,Fitbit App
2026-05-22T08:51:00Z,SEDENTARY,Fitbit App
2026-05-22T08:52:00Z,SEDENTARY,Fitbit App
2026-05-22T08:53:00Z,SEDENTARY,Fitbit App
2026-05-22T08:54:00Z,SEDENTARY,Fitbit App
2026-05-22T08:55:00Z,SEDENTARY,Fitbit App
2026-05-22T08:56:00Z,SEDENTARY,Fitbit App
2026-05-22T08:57:00Z,SEDENTARY,Fitbit App
2026-05-22T08:58:00Z,SEDENTARY,Fitbit App
2026-05-22T08:59:00Z,SEDENTARY,Fitbit App
2026-05-22T09:00:00Z,SEDENTARY,Fitbit App
2026-05-22T09:01:00Z,SEDENTARY,Fitbit App
2026-05-22T09:02:00Z,LIGHTLY_ACTIVE,Fitbit App
2026-05-22T09:04:00Z,SEDENTARY,Fitbit App
2026-05-22T09:05:00Z,SEDENTARY,Fitbit App
2026-05-22T09:06:00Z,SEDENTARY,Fitbit App
2026-05-22T09:07:00Z,SEDENTARY,Fitbit App
2026-05-22T09:08:00Z,SEDENTARY,Fitbit App
2026-05-22T09:09:00Z,SEDENTARY,Fitbit App
2026-05-22T09:10:00Z,SEDENTARY,Fitbit App
2026-05-22T09:11:00Z,SEDENTARY,Fitbit App
2026-05-22T09:12:00Z,SEDENTARY,Fitbit App
2026-05-22T09:13:00Z,SEDENTARY,Fitbit App
2026-05-22T09:14:00Z,SEDENTARY,Fitbit App
2026-05-22T09:15:00Z,SEDENTARY,Fitbit App
2026-05-22T09:16:00Z,SEDENTARY,Fitbit App
2026-05-22T09:17:00Z,SEDENTARY,Fitbit App
2026-05-22T09:18:00Z,SEDENTARY,Fitbit App
2026-05-22T09:19:00Z,SEDENTARY,Fitbit App
2026-05-22T09:20:00Z,SEDENTARY,Fitbit App
2026-05-22T09:21:00Z,SEDENTARY,Fitbit App
2026-05-22T09:22:00Z,SEDENTARY,Fitbit App
2026-05-22T09:23:00Z,SEDENTARY,Fitbit App
2026-05-22T09:24:00Z,SEDENTARY,Fitbit App
2026-05-22T09:25:00Z,SEDENTARY,Fitbit App
2026-05-22T09:26:00Z,LIGHTLY_ACTIVE,Fitbit App
2026-05-22T09:27:00Z,SEDENTARY,Fitbit App
2026-05-22T09:28:00Z,LIGHTLY_ACTIVE,Fitbit App
2026-05-22T09:29:00Z,SEDENTARY,Fitbit App
2026-05-22T09:30:00Z,SEDENTARY,Fitbit App
2026-05-22T09:31:00Z,SEDENTARY,Fitbit App
2026-05-22T09:32:00Z,SEDENTARY,Fitbit App
2026-05-22T09:33:00Z,SEDENTARY,Fitbit App
2026-05-22T09:35:00Z,SEDENTARY,Fitbit App
2026-05-22T09:36:00Z,SEDENTARY,Fitbit App
2026-05-22T09:38:00Z,SEDENTARY,Fitbit App
2026-05-22T09:39:00Z,SEDENTARY,Fitbit App
2026-05-22T09:40:00Z,SEDENTARY,Fitbit App
2026-05-22T09:41:00Z,SEDENTARY,Fitbit App
2026-05-22T09:42:00Z,SEDENTARY,Fitbit App
2026-05-22T09:45:00Z,SEDENTARY,Fitbit App
2026-05-22T09:46:00Z,SEDENTARY,Fitbit App
2026-05-22T09:47:00Z,SEDENTARY,Fitbit App
2026-05-22T09:51:00Z,SEDENTARY,Fitbit App
2026-05-22T09:52:00Z,SEDENTARY,Fitbit App
2026-05-22T09:53:00Z,SEDENTARY,Fitbit App
2026-05-22T09:56:00Z,SEDENTARY,Fitbit App
2026-05-22T09:57:00Z,LIGHTLY_ACTIVE,Fitbit App
2026-05-22T09:58:00Z,LIGHTLY_ACTIVE,Fitbit App
2026-05-22T10:01:00Z,SEDENTARY,Fitbit App
2026-05-22T10:02:00Z,SEDENTARY,Fitbit App
2026-05-22T10:03:00Z,LIGHTLY_ACTIVE,Fitbit App
2026-05-22T10:04:00Z,VERY_ACTIVE,Fitbit App
2026-05-22T10:05:00Z,VERY_ACTIVE,Fitbit App
2026-05-22T10:06:00Z,MODERATELY_ACTIVE,Fitbit App
2026-05-22T10:07:00Z,MODERATELY_ACTIVE,Fitbit App
2026-05-22T10:08:00Z,MODERATELY_ACTIVE,Fitbit App
2026-05-22T10:09:00Z,LIGHTLY_ACTIVE,Fitbit App
2026-05-22T10:10:00Z,LIGHTLY_ACTIVE,Fitbit App
2026-05-22T10:11:00Z,SEDENTARY,Fitbit App
2026-05-22T10:12:00Z,LIGHTLY_ACTIVE,Fitbit App
2026-05-22T10:13:00Z,LIGHTLY_ACTIVE,Fitbit App
2026-05-22T10:14:00Z,LIGHTLY_ACTIVE,Fitbit App
2026-05-22T10:15:00Z,LIGHTLY_ACTIVE,Fitbit App
2026-05-22T10:16:00Z,LIGHTLY_ACTIVE,Fitbit App
2026-05-22T10:17:00Z,MODERATELY_ACTIVE,Fitbit App
2026-05-22T10:18:00Z,LIGHTLY_ACTIVE,Fitbit App
2026-05-22T10:19:00Z,LIGHTLY_ACTIVE,Fitbit App
2026-05-22T10:20:00Z,LIGHTLY_ACTIVE,Fitbit App
2026-05-22T10:21:00Z,LIGHTLY_ACTIVE,Fitbit App
2026-05-22T10:22:00Z,LIGHTLY_ACTIVE,Fitbit App
2026-05-22T10:23:00Z,LIGHTLY_ACTIVE,Fitbit App
2026-05-22T10:24:00Z,LIGHTLY_ACTIVE,Fitbit App
2026-05-22T10:25:00Z,LIGHTLY_ACTIVE,Fitbit App
2026-05-22T10:26:00Z,SEDENTARY,Fitbit App
2026-05-22T10:27:00Z,LIGHTLY_ACTIVE,Fitbit App
2026-05-22T10:28:00Z,SEDENTARY,Fitbit App
2026-05-22T10:29:00Z,LIGHTLY_ACTIVE,Fitbit App
2026-05-22T10:30:00Z,MODERATELY_ACTIVE,Fitbit App
2026-05-22T10:31:00Z,VERY_ACTIVE,Fitbit App
2026-05-22T10:32:00Z,MODERATELY_ACTIVE,Fitbit App
2026-05-22T10:33:00Z,VERY_ACTIVE,Fitbit App
2026-05-22T10:34:00Z,VERY_ACTIVE,Fitbit App
2026-05-22T10:35:00Z,VERY_ACTIVE,Fitbit App
2026-05-22T10:36:00Z,MODERATELY_ACTIVE,Fitbit App
2026-05-22T10:37:00Z,VERY_ACTIVE,Fitbit App
2026-05-22T10:38:00Z,MODERATELY_ACTIVE,Fitbit App
2026-05-22T10:39:00Z,VERY_ACTIVE,Fitbit App
2026-05-22T10:40:00Z,VERY_ACTIVE,Fitbit App
2026-05-22T10:41:00Z,MODERATELY_ACTIVE,Fitbit App
2026-05-22T10:42:00Z,MODERATELY_ACTIVE,Fitbit App
2026-05-22T10:43:00Z,MODERATELY_ACTIVE,Fitbit App
2026-05-22T10:44:00Z,MODERATELY_ACTIVE,Fitbit App
2026-05-22T10:45:00Z,MODERATELY_ACTIVE,Fitbit App
2026-05-22T10:46:00Z,MODERATELY_ACTIVE,Fitbit App
2026-05-22T10:47:00Z,MODERATELY_ACTIVE,Fitbit App
2026-05-22T10:48:00Z,MODERATELY_ACTIVE,Fitbit App
2026-05-22T10:49:00Z,MODERATELY_ACTIVE,Fitbit App
2026-05-22T10:50:00Z,MODERATELY_ACTIVE,Fitbit App
2026-05-22T10:51:00Z,MODERATELY_ACTIVE,Fitbit App
2026-05-22T10:52:00Z,MODERATELY_ACTIVE,Fitbit App
2026-05-22T10:53:00Z,MODERATELY_ACTIVE,Fitbit App
2026-05-22T10:54:00Z,MODERATELY_ACTIVE,Fitbit App
2026-05-22T10:55:00Z,MODERATELY_ACTIVE,Fitbit App
2026-05-22T10:56:00Z,LIGHTLY_ACTIVE,Fitbit App
2026-05-22T10:57:00Z,LIGHTLY_ACTIVE,Fitbit App
2026-05-22T10:58:00Z,LIGHTLY_ACTIVE,Fitbit App
2026-05-22T10:59:00Z,LIGHTLY_ACTIVE,Fitbit App
2026-05-22T11:00:00Z,MODERATELY_ACTIVE,Fitbit App
2026-05-22T11:01:00Z,MODERATELY_ACTIVE,Fitbit App
2026-05-22T11:02:00Z,MODERATELY_ACTIVE,Fitbit App
2026-05-22T11:03:00Z,LIGHTLY_ACTIVE,Fitbit App
2026-05-22T11:04:00Z,MODERATELY_ACTIVE,Fitbit App
2026-05-22T11:05:00Z,LIGHTLY_ACTIVE,Fitbit App
2026-05-22T11:06:00Z,LIGHTLY_ACTIVE,Fitbit App
2026-05-22T11:07:00Z,MODERATELY_ACTIVE,Fitbit App
2026-05-22T11:08:00Z,MODERATELY_ACTIVE,Fitbit App
2026-05-22T11:09:00Z,MODERATELY_ACTIVE,Fitbit App
2026-05-22T11:10:00Z,MODERATELY_ACTIVE,Fitbit App
2026-05-22T11:11:00Z,MODERATELY_ACTIVE,Fitbit App
2026-05-22T11:12:00Z,MODERATELY_ACTIVE,Fitbit App
2026-05-22T11:13:00Z,MODERATELY_ACTIVE,Fitbit App
2026-05-22T11:14:00Z,MODERATELY_ACTIVE,Fitbit App
2026-05-22T11:15:00Z,MODERATELY_ACTIVE,Fitbit App
2026-05-22T11:16:00Z,MODERATELY_ACTIVE,Fitbit App
2026-05-22T11:17:00Z,LIGHTLY_ACTIVE,Fitbit App
2026-05-22T11:18:00Z,LIGHTLY_ACTIVE,Fitbit App
2026-05-22T11:19:00Z,SEDENTARY,Fitbit App
2026-05-22T11:20:00Z,LIGHTLY_ACTIVE,Fitbit App
2026-05-22T11:21:00Z,SEDENTARY,Fitbit App
2026-05-22T11:22:00Z,SEDENTARY,Fitbit App
2026-05-22T11:23:00Z,SEDENTARY,Fitbit App
2026-05-22T11:24:00Z,SEDENTARY,Fitbit App
2026-05-22T11:25:00Z,LIGHTLY_ACTIVE,Fitbit App
2026-05-22T11:26:00Z,LIGHTLY_ACTIVE,Fitbit App
2026-05-22T11:27:00Z,LIGHTLY_ACTIVE,Fitbit App
2026-05-22T11:28:00Z,SEDENTARY,Fitbit App
2026-05-22T11:29:00Z,SEDENTARY,Fitbit App
2026-05-22T11:30:00Z,SEDENTARY,Fitbit App
2026-05-22T11:31:00Z,SEDENTARY,Fitbit App
2026-05-22T11:32:00Z,SEDENTARY,Fitbit App
2026-05-22T11:33:00Z,SEDENTARY,Fitbit App
2026-05-22T11:34:00Z,SEDENTARY,Fitbit App
2026-05-22T11:35:00Z,SEDENTARY,Fitbit App
2026-05-22T11:36:00Z,SEDENTARY,Fitbit App
2026-05-22T11:37:00Z,SEDENTARY,Fitbit App
2026-05-22T11:38:00Z,SEDENTARY,Fitbit App
2026-05-22T11:39:00Z,SEDENTARY,Fitbit App
2026-05-22T11:40:00Z,SEDENTARY,Fitbit App
2026-05-22T11:41:00Z,MODERATELY_ACTIVE,Fitbit App
2026-05-22T11:42:00Z,MODERATELY_ACTIVE,Fitbit App
2026-05-22T11:43:00Z,LIGHTLY_ACTIVE,Fitbit App
2026-05-22T11:44:00Z,MODERATELY_ACTIVE,Fitbit App
2026-05-22T11:45:00Z,MODERATELY_ACTIVE,Fitbit App
2026-05-22T11:46:00Z,LIGHTLY_ACTIVE,Fitbit App
2026-05-22T11:47:00Z,LIGHTLY_ACTIVE,Fitbit App
2026-05-22T11:48:00Z,LIGHTLY_ACTIVE,Fitbit App
2026-05-22T11:49:00Z,MODERATELY_ACTIVE,Fitbit App
2026-05-22T11:50:00Z,MODERATELY_ACTIVE,Fitbit App
2026-05-22T11:51:00Z,MODERATELY_ACTIVE,Fitbit App
2026-05-22T11:52:00Z,MODERATELY_ACTIVE,Fitbit App
2026-05-22T11:53:00Z,MODERATELY_ACTIVE,Fitbit App
2026-05-22T11:54:00Z,LIGHTLY_ACTIVE,Fitbit App
2026-05-22T11:55:00Z,MODERATELY_ACTIVE,Fitbit App
2026-05-22T11:56:00Z,MODERATELY_ACTIVE,Fitbit App
2026-05-22T11:57:00Z,MODERATELY_ACTIVE,Fitbit App
2026-05-22T11:58:00Z,MODERATELY_ACTIVE,Fitbit App
2026-05-22T11:59:00Z,LIGHTLY_ACTIVE,Fitbit App
2026-05-22T12:00:00Z,MODERATELY_ACTIVE,Fitbit App
2026-05-22T12:01:00Z,LIGHTLY_ACTIVE,Fitbit App
2026-05-22T12:02:00Z,LIGHTLY_ACTIVE,Fitbit App
2026-05-22T12:03:00Z,MODERATELY_ACTIVE,Fitbit App
2026-05-22T12:04:00Z,MODERATELY_ACTIVE,Fitbit App
2026-05-22T12:05:00Z,VERY_ACTIVE,Fitbit App
2026-05-22T12:06:00Z,MODERATELY_ACTIVE,Fitbit App
2026-05-22T12:07:00Z,MODERATELY_ACTIVE,Fitbit App
2026-05-22T12:08:00Z,LIGHTLY_ACTIVE,Fitbit App
2026-05-22T12:09:00Z,LIGHTLY_ACTIVE,Fitbit App
2026-05-22T12:10:00Z,SEDENTARY,Fitbit App
2026-05-22T12:11:00Z,LIGHTLY_ACTIVE,Fitbit App
2026-05-22T12:12:00Z,LIGHTLY_ACTIVE,Fitbit App
2026-05-22T12:13:00Z,LIGHTLY_ACTIVE,Fitbit App
2026-05-22T12:14:00Z,LIGHTLY_ACTIVE,Fitbit App
2026-05-22T12:15:00Z,LIGHTLY_ACTIVE,Fitbit App
2026-05-22T12:16:00Z,LIGHTLY_ACTIVE,Fitbit App
2026-05-22T12:17:00Z,LIGHTLY_ACTIVE,Fitbit App
2026-05-22T12:18:00Z,LIGHTLY_ACTIVE,Fitbit App
2026-05-22T12:19:00Z,LIGHTLY_ACTIVE,Fitbit App
2026-05-22T12:20:00Z,LIGHTLY_ACTIVE,Fitbit App
2026-05-22T12:21:00Z,LIGHTLY_ACTIVE,Fitbit App
2026-05-22T12:22:00Z,LIGHTLY_ACTIVE,Fitbit App
2026-05-22T12:23:00Z,LIGHTLY_ACTIVE,Fitbit App
2026-05-22T12:24:00Z,MODERATELY_ACTIVE,Fitbit App
2026-05-22T12:25:00Z,MODERATELY_ACTIVE,Fitbit App
2026-05-22T12:26:00Z,LIGHTLY_ACTIVE,Fitbit App
2026-05-22T12:27:00Z,LIGHTLY_ACTIVE,Fitbit App
2026-05-22T12:28:00Z,MODERATELY_ACTIVE,Fitbit App
2026-05-22T12:29:00Z,MODERATELY_ACTIVE,Fitbit App
2026-05-22T12:30:00Z,MODERATELY_ACTIVE,Fitbit App
2026-05-22T12:31:00Z,LIGHTLY_ACTIVE,Fitbit App
2026-05-22T12:32:00Z,MODERATELY_ACTIVE,Fitbit App
2026-05-22T12:33:00Z,VERY_ACTIVE,Fitbit App
2026-05-22T12:34:00Z,MODERATELY_ACTIVE,Fitbit App
2026-05-22T12:35:00Z,LIGHTLY_ACTIVE,Fitbit App
2026-05-22T12:36:00Z,SEDENTARY,Fitbit App
2026-05-22T12:37:00Z,SEDENTARY,Fitbit App
2026-05-22T12:38:00Z,SEDENTARY,Fitbit App
2026-05-22T12:39:00Z,SEDENTARY,Fitbit App
2026-05-22T12:40:00Z,SEDENTARY,Fitbit App
2026-05-22T12:41:00Z,SEDENTARY,Fitbit App
2026-05-22T12:42:00Z,SEDENTARY,Fitbit App
2026-05-22T12:43:00Z,LIGHTLY_ACTIVE,Fitbit App
2026-05-22T12:44:00Z,SEDENTARY,Fitbit App
2026-05-22T12:45:00Z,SEDENTARY,Fitbit App
2026-05-22T12:46:00Z,LIGHTLY_ACTIVE,Fitbit App
2026-05-22T12:47:00Z,SEDENTARY,Fitbit App
2026-05-22T12:48:00Z,SEDENTARY,Fitbit App
2026-05-22T12:49:00Z,SEDENTARY,Fitbit App
2026-05-22T12:50:00Z,SEDENTARY,Fitbit App
2026-05-22T12:51:00Z,LIGHTLY_ACTIVE,Fitbit App
2026-05-22T12:52:00Z,SEDENTARY,Fitbit App
2026-05-22T12:53:00Z,SEDENTARY,Fitbit App
2026-05-22T12:54:00Z,SEDENTARY,Fitbit App
2026-05-22T12:55:00Z,SEDENTARY,Fitbit App
2026-05-22T12:56:00Z,SEDENTARY,Fitbit App
2026-05-22T12:57:00Z,SEDENTARY,Fitbit App
2026-05-22T12:58:00Z,SEDENTARY,Fitbit App
2026-05-22T12:59:00Z,SEDENTARY,Fitbit App
2026-05-22T13:00:00Z,SEDENTARY,Fitbit App
2026-05-22T13:01:00Z,SEDENTARY,Fitbit App
2026-05-22T13:02:00Z,SEDENTARY,Fitbit App
2026-05-22T13:03:00Z,SEDENTARY,Fitbit App
2026-05-22T13:04:00Z,SEDENTARY,Fitbit App
2026-05-22T13:05:00Z,SEDENTARY,Fitbit App
2026-05-22T13:06:00Z,SEDENTARY,Fitbit App
2026-05-22T13:07:00Z,LIGHTLY_ACTIVE,Fitbit App
2026-05-22T13:08:00Z,LIGHTLY_ACTIVE,Fitbit App
2026-05-22T13:09:00Z,VERY_ACTIVE,Fitbit App
2026-05-22T13:10:00Z,VERY_ACTIVE,Fitbit App
2026-05-22T13:11:00Z,VERY_ACTIVE,Fitbit App
2026-05-22T13:12:00Z,VERY_ACTIVE,Fitbit App
2026-05-22T13:13:00Z,VERY_ACTIVE,Fitbit App
2026-05-22T13:14:00Z,VERY_ACTIVE,Fitbit App
2026-05-22T13:15:00Z,MODERATELY_ACTIVE,Fitbit App
2026-05-22T13:16:00Z,MODERATELY_ACTIVE,Fitbit App
2026-05-22T13:17:00Z,MODERATELY_ACTIVE,Fitbit App
2026-05-22T13:18:00Z,MODERATELY_ACTIVE,Fitbit App
2026-05-22T13:19:00Z,MODERATELY_ACTIVE,Fitbit App
2026-05-22T13:20:00Z,LIGHTLY_ACTIVE,Fitbit App
2026-05-22T13:21:00Z,MODERATELY_ACTIVE,Fitbit App
2026-05-22T13:22:00Z,MODERATELY_ACTIVE,Fitbit App
2026-05-22T13:23:00Z,LIGHTLY_ACTIVE,Fitbit App
2026-05-22T13:24:00Z,LIGHTLY_ACTIVE,Fitbit App
2026-05-22T13:25:00Z,MODERATELY_ACTIVE,Fitbit App
2026-05-22T13:26:00Z,MODERATELY_ACTIVE,Fitbit App
2026-05-22T13:27:00Z,LIGHTLY_ACTIVE,Fitbit App
2026-05-22T13:28:00Z,LIGHTLY_ACTIVE,Fitbit App
2026-05-22T13:29:00Z,MODERATELY_ACTIVE,Fitbit App
2026-05-22T13:30:00Z,VERY_ACTIVE,Fitbit App
2026-05-22T13:31:00Z,VERY_ACTIVE,Fitbit App
2026-05-22T13:32:00Z,MODERATELY_ACTIVE,Fitbit App
2026-05-22T13:33:00Z,MODERATELY_ACTIVE,Fitbit App
2026-05-22T13:34:00Z,VERY_ACTIVE,Fitbit App
2026-05-22T13:35:00Z,LIGHTLY_ACTIVE,Fitbit App
2026-05-22T13:36:00Z,SEDENTARY,Fitbit App
2026-05-22T13:37:00Z,SEDENTARY,Fitbit App
2026-05-22T13:38:00Z,LIGHTLY_ACTIVE,Fitbit App
2026-05-22T13:39:00Z,LIGHTLY_ACTIVE,Fitbit App
2026-05-22T13:40:00Z,MODERATELY_ACTIVE,Fitbit App
2026-05-22T13:41:00Z,SEDENTARY,Fitbit App
2026-05-22T13:42:00Z,VERY_ACTIVE,Fitbit App
2026-05-22T13:43:00Z,MODERATELY_ACTIVE,Fitbit App
2026-05-22T13:44:00Z,LIGHTLY_ACTIVE,Fitbit App
2026-05-22T13:45:00Z,SEDENTARY,Fitbit App
2026-05-22T13:46:00Z,LIGHTLY_ACTIVE,Fitbit App
2026-05-22T13:47:00Z,LIGHTLY_ACTIVE,Fitbit App
2026-05-22T13:48:00Z,MODERATELY_ACTIVE,Fitbit App
2026-05-22T13:49:00Z,MODERATELY_ACTIVE,Fitbit App
2026-05-22T13:50:00Z,LIGHTLY_ACTIVE,Fitbit App
2026-05-22T13:51:00Z,LIGHTLY_ACTIVE,Fitbit App
2026-05-22T13:52:00Z,MODERATELY_ACTIVE,Fitbit App
2026-05-22T13:53:00Z,VERY_ACTIVE,Fitbit App
2026-05-22T13:54:00Z,VERY_ACTIVE,Fitbit App
2026-05-22T13:55:00Z,LIGHTLY_ACTIVE,Fitbit App
2026-05-22T13:56:00Z,LIGHTLY_ACTIVE,Fitbit App
2026-05-22T13:57:00Z,LIGHTLY_ACTIVE,Fitbit App
2026-05-22T13:58:00Z,LIGHTLY_ACTIVE,Fitbit App
2026-05-22T13:59:00Z,SEDENTARY,Fitbit App
2026-05-22T14:00:00Z,SEDENTARY,Fitbit App
2026-05-22T14:01:00Z,SEDENTARY,Fitbit App
2026-05-22T14:02:00Z,SEDENTARY,Fitbit App
2026-05-22T14:03:00Z,SEDENTARY,Fitbit App
2026-05-22T14:04:00Z,SEDENTARY,Fitbit App
2026-05-22T14:05:00Z,SEDENTARY,Fitbit App
2026-05-22T14:06:00Z,SEDENTARY,Fitbit App
2026-05-22T14:07:00Z,LIGHTLY_ACTIVE,Fitbit App
2026-05-22T14:08:00Z,LIGHTLY_ACTIVE,Fitbit App
2026-05-22T14:09:00Z,SEDENTARY,Fitbit App
2026-05-22T14:10:00Z,SEDENTARY,Fitbit App
2026-05-22T14:11:00Z,SEDENTARY,Fitbit App
2026-05-22T14:12:00Z,SEDENTARY,Fitbit App
2026-05-22T14:13:00Z,SEDENTARY,Fitbit App
2026-05-22T14:14:00Z,SEDENTARY,Fitbit App
2026-05-22T14:15:00Z,SEDENTARY,Fitbit App
2026-05-22T14:16:00Z,SEDENTARY,Fitbit App
2026-05-22T14:17:00Z,SEDENTARY,Fitbit App
2026-05-22T14:18:00Z,SEDENTARY,Fitbit App
2026-05-22T14:19:00Z,SEDENTARY,Fitbit App
2026-05-22T14:20:00Z,SEDENTARY,Fitbit App
2026-05-22T14:21:00Z,SEDENTARY,Fitbit App
2026-05-22T14:22:00Z,SEDENTARY,Fitbit App
2026-05-22T14:23:00Z,SEDENTARY,Fitbit App
2026-05-22T14:24:00Z,SEDENTARY,Fitbit App
2026-05-22T14:25:00Z,SEDENTARY,Fitbit App
2026-05-22T14:26:00Z,SEDENTARY,Fitbit App
2026-05-22T14:27:00Z,SEDENTARY,Fitbit App
2026-05-22T14:28:00Z,SEDENTARY,Fitbit App
2026-05-22T14:29:00Z,SEDENTARY,Fitbit App
2026-05-22T14:30:00Z,SEDENTARY,Fitbit App
2026-05-22T14:33:00Z,SEDENTARY,Fitbit App
2026-05-22T14:35:00Z,SEDENTARY,Fitbit App
2026-05-22T14:37:00Z,SEDENTARY,Fitbit App
2026-05-22T14:38:00Z,SEDENTARY,Fitbit App
2026-05-22T14:39:00Z,SEDENTARY,Fitbit App
2026-05-22T14:41:00Z,SEDENTARY,Fitbit App
2026-05-22T14:42:00Z,SEDENTARY,Fitbit App
2026-05-22T14:43:00Z,SEDENTARY,Fitbit App
2026-05-22T14:44:00Z,SEDENTARY,Fitbit App
2026-05-22T14:45:00Z,SEDENTARY,Fitbit App
2026-05-22T14:46:00Z,SEDENTARY,Fitbit App
2026-05-22T14:48:00Z,SEDENTARY,Fitbit App
2026-05-22T14:50:00Z,SEDENTARY,Fitbit App
2026-05-22T14:51:00Z,SEDENTARY,Fitbit App
2026-05-22T14:52:00Z,SEDENTARY,Fitbit App
2026-05-22T14:53:00Z,SEDENTARY,Fitbit App
2026-05-22T14:54:00Z,SEDENTARY,Fitbit App
2026-05-22T14:55:00Z,SEDENTARY,Fitbit App
2026-05-22T14:56:00Z,SEDENTARY,Fitbit App
2026-05-22T14:58:00Z,SEDENTARY,Fitbit App
2026-05-22T14:59:00Z,SEDENTARY,Fitbit App
2026-05-22T15:00:00Z,SEDENTARY,Fitbit App
2026-05-22T15:01:00Z,SEDENTARY,Fitbit App
2026-05-22T15:02:00Z,SEDENTARY,Fitbit App
2026-05-22T15:03:00Z,SEDENTARY,Fitbit App
2026-05-22T15:04:00Z,SEDENTARY,Fitbit App
2026-05-22T15:05:00Z,SEDENTARY,Fitbit App
2026-05-22T15:06:00Z,SEDENTARY,Fitbit App
2026-05-22T15:07:00Z,SEDENTARY,Fitbit App
2026-05-22T15:08:00Z,SEDENTARY,Fitbit App
2026-05-22T15:09:00Z,SEDENTARY,Fitbit App
2026-05-22T15:10:00Z,SEDENTARY,Fitbit App
2026-05-22T15:11:00Z,SEDENTARY,Fitbit App
2026-05-22T15:12:00Z,SEDENTARY,Fitbit App
2026-05-22T15:13:00Z,SEDENTARY,Fitbit App
2026-05-22T15:14:00Z,SEDENTARY,Fitbit App
2026-05-22T15:15:00Z,SEDENTARY,Fitbit App
2026-05-22T15:16:00Z,SEDENTARY,Fitbit App
2026-05-22T15:17:00Z,SEDENTARY,Fitbit App
2026-05-22T15:18:00Z,SEDENTARY,Fitbit App
2026-05-22T15:19:00Z,SEDENTARY,Fitbit App
2026-05-22T15:20:00Z,SEDENTARY,Fitbit App
2026-05-22T15:21:00Z,SEDENTARY,Fitbit App
2026-05-22T15:22:00Z,SEDENTARY,Fitbit App
2026-05-22T15:23:00Z,SEDENTARY,Fitbit App
2026-05-22T15:24:00Z,SEDENTARY,Fitbit App
2026-05-22T15:26:00Z,SEDENTARY,Fitbit App
2026-05-22T15:27:00Z,SEDENTARY,Fitbit App
2026-05-22T15:28:00Z,SEDENTARY,Fitbit App
2026-05-22T15:29:00Z,SEDENTARY,Fitbit App
2026-05-22T15:30:00Z,SEDENTARY,Fitbit App
2026-05-22T15:31:00Z,SEDENTARY,Fitbit App
2026-05-22T15:32:00Z,SEDENTARY,Fitbit App
2026-05-22T15:33:00Z,SEDENTARY,Fitbit App
2026-05-22T15:34:00Z,SEDENTARY,Fitbit App
2026-05-22T15:35:00Z,SEDENTARY,Fitbit App
2026-05-22T15:36:00Z,SEDENTARY,Fitbit App
2026-05-22T15:37:00Z,SEDENTARY,Fitbit App
2026-05-22T15:38:00Z,SEDENTARY,Fitbit App
2026-05-22T15:39:00Z,SEDENTARY,Fitbit App
2026-05-22T15:40:00Z,LIGHTLY_ACTIVE,Fitbit App
2026-05-22T15:41:00Z,LIGHTLY_ACTIVE,Fitbit App
2026-05-22T15:42:00Z,LIGHTLY_ACTIVE,Fitbit App
2026-05-22T15:43:00Z,LIGHTLY_ACTIVE,Fitbit App
2026-05-22T15:44:00Z,LIGHTLY_ACTIVE,Fitbit App
2026-05-22T15:45:00Z,SEDENTARY,Fitbit App
2026-05-22T15:46:00Z,SEDENTARY,Fitbit App
2026-05-22T15:47:00Z,SEDENTARY,Fitbit App
2026-05-22T15:48:00Z,SEDENTARY,Fitbit App
2026-05-22T15:49:00Z,LIGHTLY_ACTIVE,Fitbit App
2026-05-22T15:50:00Z,SEDENTARY,Fitbit App
2026-05-22T15:51:00Z,SEDENTARY,Fitbit App
2026-05-22T15:52:00Z,SEDENTARY,Fitbit App
2026-05-22T15:53:00Z,SEDENTARY,Fitbit App
2026-05-22T15:54:00Z,SEDENTARY,Fitbit App
2026-05-22T15:55:00Z,SEDENTARY,Fitbit App
2026-05-22T15:56:00Z,SEDENTARY,Fitbit App
2026-05-22T15:57:00Z,SEDENTARY,Fitbit App
2026-05-22T15:58:00Z,SEDENTARY,Fitbit App
2026-05-22T15:59:00Z,SEDENTARY,Fitbit App
2026-05-22T16:00:00Z,SEDENTARY,Fitbit App
2026-05-22T16:01:00Z,SEDENTARY,Fitbit App
2026-05-22T16:02:00Z,SEDENTARY,Fitbit App
2026-05-22T16:03:00Z,SEDENTARY,Fitbit App
2026-05-22T16:04:00Z,SEDENTARY,Fitbit App
2026-05-22T16:05:00Z,SEDENTARY,Fitbit App
2026-05-22T16:06:00Z,LIGHTLY_ACTIVE,Fitbit App
2026-05-22T16:07:00Z,SEDENTARY,Fitbit App
2026-05-22T16:08:00Z,SEDENTARY,Fitbit App
2026-05-22T16:09:00Z,LIGHTLY_ACTIVE,Fitbit App
2026-05-22T16:10:00Z,MODERATELY_ACTIVE,Fitbit App
2026-05-22T16:11:00Z,MODERATELY_ACTIVE,Fitbit App
2026-05-22T16:12:00Z,MODERATELY_ACTIVE,Fitbit App
2026-05-22T16:13:00Z,VERY_ACTIVE,Fitbit App
2026-05-22T16:14:00Z,VERY_ACTIVE,Fitbit App
2026-05-22T16:15:00Z,VERY_ACTIVE,Fitbit App
2026-05-22T16:16:00Z,MODERATELY_ACTIVE,Fitbit App
2026-05-22T16:17:00Z,SEDENTARY,Fitbit App
2026-05-22T16:18:00Z,SEDENTARY,Fitbit App
2026-05-22T16:19:00Z,SEDENTARY,Fitbit App
2026-05-22T16:20:00Z,SEDENTARY,Fitbit App
2026-05-22T16:21:00Z,SEDENTARY,Fitbit App
2026-05-22T16:22:00Z,SEDENTARY,Fitbit App
2026-05-22T16:23:00Z,SEDENTARY,Fitbit App
2026-05-22T16:24:00Z,SEDENTARY,Fitbit App
2026-05-22T16:25:00Z,SEDENTARY,Fitbit App
2026-05-22T16:26:00Z,SEDENTARY,Fitbit App
2026-05-22T16:27:00Z,SEDENTARY,Fitbit App
2026-05-22T16:28:00Z,SEDENTARY,Fitbit App
2026-05-22T16:29:00Z,SEDENTARY,Fitbit App
2026-05-22T16:30:00Z,SEDENTARY,Fitbit App
2026-05-22T16:31:00Z,LIGHTLY_ACTIVE,Fitbit App
2026-05-22T16:32:00Z,MODERATELY_ACTIVE,Fitbit App
2026-05-22T16:33:00Z,MODERATELY_ACTIVE,Fitbit App
2026-05-22T16:34:00Z,MODERATELY_ACTIVE,Fitbit App
2026-05-22T16:35:00Z,VERY_ACTIVE,Fitbit App
2026-05-22T16:36:00Z,VERY_ACTIVE,Fitbit App
2026-05-22T16:37:00Z,VERY_ACTIVE,Fitbit App
2026-05-22T16:38:00Z,VERY_ACTIVE,Fitbit App
2026-05-22T16:39:00Z,VERY_ACTIVE,Fitbit App
2026-05-22T16:40:00Z,MODERATELY_ACTIVE,Fitbit App
2026-05-22T16:41:00Z,LIGHTLY_ACTIVE,Fitbit App
2026-05-22T16:42:00Z,LIGHTLY_ACTIVE,Fitbit App
2026-05-22T16:43:00Z,LIGHTLY_ACTIVE,Fitbit App
2026-05-22T16:44:00Z,SEDENTARY,Fitbit App
2026-05-22T16:45:00Z,LIGHTLY_ACTIVE,Fitbit App
2026-05-22T16:46:00Z,LIGHTLY_ACTIVE,Fitbit App
2026-05-22T16:47:00Z,LIGHTLY_ACTIVE,Fitbit App
2026-05-22T16:48:00Z,MODERATELY_ACTIVE,Fitbit App
2026-05-22T16:49:00Z,MODERATELY_ACTIVE,Fitbit App
2026-05-22T16:50:00Z,MODERATELY_ACTIVE,Fitbit App
2026-05-22T16:51:00Z,LIGHTLY_ACTIVE,Fitbit App
2026-05-22T16:52:00Z,LIGHTLY_ACTIVE,Fitbit App
2026-05-22T16:53:00Z,LIGHTLY_ACTIVE,Fitbit App
2026-05-22T16:54:00Z,LIGHTLY_ACTIVE,Fitbit App
2026-05-22T16:55:00Z,SEDENTARY,Fitbit App
2026-05-22T16:56:00Z,LIGHTLY_ACTIVE,Fitbit App
2026-05-22T16:57:00Z,LIGHTLY_ACTIVE,Fitbit App
2026-05-22T16:58:00Z,LIGHTLY_ACTIVE,Fitbit App
2026-05-22T16:59:00Z,SEDENTARY,Fitbit App
2026-05-22T17:00:00Z,SEDENTARY,Fitbit App
2026-05-22T17:01:00Z,LIGHTLY_ACTIVE,Fitbit App
2026-05-22T17:02:00Z,SEDENTARY,Fitbit App
2026-05-22T17:03:00Z,SEDENTARY,Fitbit App
2026-05-22T17:04:00Z,SEDENTARY,Fitbit App
2026-05-22T17:05:00Z,SEDENTARY,Fitbit App
2026-05-22T17:06:00Z,SEDENTARY,Fitbit App
2026-05-22T17:07:00Z,SEDENTARY,Fitbit App
2026-05-22T17:08:00Z,SEDENTARY,Fitbit App
2026-05-22T17:09:00Z,LIGHTLY_ACTIVE,Fitbit App
2026-05-22T17:10:00Z,SEDENTARY,Fitbit App
2026-05-22T17:11:00Z,LIGHTLY_ACTIVE,Fitbit App
2026-05-22T17:12:00Z,LIGHTLY_ACTIVE,Fitbit App
2026-05-22T17:13:00Z,MODERATELY_ACTIVE,Fitbit App
2026-05-22T17:14:00Z,VERY_ACTIVE,Fitbit App
2026-05-22T17:15:00Z,MODERATELY_ACTIVE,Fitbit App
2026-05-22T17:16:00Z,VERY_ACTIVE,Fitbit App
2026-05-22T17:17:00Z,MODERATELY_ACTIVE,Fitbit App
2026-05-22T17:18:00Z,MODERATELY_ACTIVE,Fitbit App
2026-05-22T17:19:00Z,MODERATELY_ACTIVE,Fitbit App
2026-05-22T17:20:00Z,VERY_ACTIVE,Fitbit App
2026-05-22T17:21:00Z,MODERATELY_ACTIVE,Fitbit App
2026-05-22T17:22:00Z,MODERATELY_ACTIVE,Fitbit App
2026-05-22T17:23:00Z,VERY_ACTIVE,Fitbit App
2026-05-22T17:24:00Z,VERY_ACTIVE,Fitbit App
2026-05-22T17:25:00Z,VERY_ACTIVE,Fitbit App
2026-05-22T17:26:00Z,VERY_ACTIVE,Fitbit App
2026-05-22T17:27:00Z,VERY_ACTIVE,Fitbit App
2026-05-22T17:28:00Z,VERY_ACTIVE,Fitbit App
2026-05-22T17:29:00Z,VERY_ACTIVE,Fitbit App
2026-05-22T17:30:00Z,VERY_ACTIVE,Fitbit App
2026-05-22T17:31:00Z,VERY_ACTIVE,Fitbit App
2026-05-22T17:32:00Z,VERY_ACTIVE,Fitbit App
2026-05-22T17:33:00Z,VERY_ACTIVE,Fitbit App
2026-05-22T17:34:00Z,VERY_ACTIVE,Fitbit App
2026-05-22T17:35:00Z,VERY_ACTIVE,Fitbit App
2026-05-22T17:36:00Z,VERY_ACTIVE,Fitbit App
2026-05-22T17:37:00Z,VERY_ACTIVE,Fitbit App
2026-05-22T17:38:00Z,VERY_ACTIVE,Fitbit App
2026-05-22T17:39:00Z,VERY_ACTIVE,Fitbit App
2026-05-22T17:40:00Z,VERY_ACTIVE,Fitbit App
2026-05-22T17:41:00Z,VERY_ACTIVE,Fitbit App
2026-05-22T17:42:00Z,MODERATELY_ACTIVE,Fitbit App
2026-05-22T17:43:00Z,VERY_ACTIVE,Fitbit App
2026-05-22T17:44:00Z,VERY_ACTIVE,Fitbit App
2026-05-22T17:45:00Z,MODERATELY_ACTIVE,Fitbit App
2026-05-22T17:46:00Z,MODERATELY_ACTIVE,Fitbit App
2026-05-22T17:47:00Z,VERY_ACTIVE,Fitbit App
2026-05-22T17:48:00Z,MODERATELY_ACTIVE,Fitbit App
2026-05-22T17:49:00Z,LIGHTLY_ACTIVE,Fitbit App
2026-05-22T17:50:00Z,LIGHTLY_ACTIVE,Fitbit App
2026-05-22T17:51:00Z,LIGHTLY_ACTIVE,Fitbit App
2026-05-22T17:52:00Z,SEDENTARY,Fitbit App
2026-05-22T17:53:00Z,LIGHTLY_ACTIVE,Fitbit App
2026-05-22T17:54:00Z,SEDENTARY,Fitbit App
2026-05-22T17:55:00Z,SEDENTARY,Fitbit App
2026-05-22T17:56:00Z,SEDENTARY,Fitbit App
2026-05-22T17:57:00Z,SEDENTARY,Fitbit App
2026-05-22T17:58:00Z,SEDENTARY,Fitbit App
2026-05-22T17:59:00Z,SEDENTARY,Fitbit App
2026-05-22T18:00:00Z,SEDENTARY,Fitbit App
2026-05-22T18:01:00Z,SEDENTARY,Fitbit App
2026-05-22T18:02:00Z,SEDENTARY,Fitbit App
2026-05-22T18:03:00Z,SEDENTARY,Fitbit App
2026-05-22T18:04:00Z,SEDENTARY,Fitbit App
2026-05-22T18:05:00Z,SEDENTARY,Fitbit App
2026-05-22T18:06:00Z,SEDENTARY,Fitbit App
2026-05-22T18:07:00Z,SEDENTARY,Fitbit App
2026-05-22T18:08:00Z,LIGHTLY_ACTIVE,Fitbit App
2026-05-22T18:09:00Z,MODERATELY_ACTIVE,Fitbit App
2026-05-22T18:10:00Z,MODERATELY_ACTIVE,Fitbit App
2026-05-22T18:11:00Z,LIGHTLY_ACTIVE,Fitbit App
2026-05-22T18:12:00Z,LIGHTLY_ACTIVE,Fitbit App
2026-05-22T18:13:00Z,MODERATELY_ACTIVE,Fitbit App
2026-05-22T18:14:00Z,LIGHTLY_ACTIVE,Fitbit App
2026-05-22T18:15:00Z,LIGHTLY_ACTIVE,Fitbit App
2026-05-22T18:16:00Z,SEDENTARY,Fitbit App
2026-05-22T18:17:00Z,SEDENTARY,Fitbit App
2026-05-22T18:18:00Z,SEDENTARY,Fitbit App
2026-05-22T18:19:00Z,SEDENTARY,Fitbit App
2026-05-22T18:20:00Z,SEDENTARY,Fitbit App
2026-05-22T18:21:00Z,SEDENTARY,Fitbit App
2026-05-22T18:22:00Z,SEDENTARY,Fitbit App
2026-05-22T18:23:00Z,SEDENTARY,Fitbit App
2026-05-22T18:24:00Z,LIGHTLY_ACTIVE,Fitbit App
2026-05-22T18:25:00Z,LIGHTLY_ACTIVE,Fitbit App
2026-05-22T18:26:00Z,LIGHTLY_ACTIVE,Fitbit App
2026-05-22T18:27:00Z,LIGHTLY_ACTIVE,Fitbit App
2026-05-22T18:28:00Z,LIGHTLY_ACTIVE,Fitbit App
2026-05-22T18:29:00Z,LIGHTLY_ACTIVE,Fitbit App
2026-05-22T18:30:00Z,SEDENTARY,Fitbit App
2026-05-22T18:31:00Z,LIGHTLY_ACTIVE,Fitbit App
2026-05-22T18:32:00Z,SEDENTARY,Fitbit App
2026-05-22T18:33:00Z,SEDENTARY,Fitbit App
2026-05-22T18:34:00Z,SEDENTARY,Fitbit App
2026-05-22T18:35:00Z,SEDENTARY,Fitbit App
2026-05-22T18:36:00Z,SEDENTARY,Fitbit App
2026-05-22T18:37:00Z,SEDENTARY,Fitbit App
2026-05-22T18:38:00Z,LIGHTLY_ACTIVE,Fitbit App
2026-05-22T18:39:00Z,SEDENTARY,Fitbit App
2026-05-22T18:40:00Z,SEDENTARY,Fitbit App
2026-05-22T18:41:00Z,SEDENTARY,Fitbit App
2026-05-22T18:42:00Z,SEDENTARY,Fitbit App
2026-05-22T18:43:00Z,LIGHTLY_ACTIVE,Fitbit App
2026-05-22T18:44:00Z,SEDENTARY,Fitbit App
2026-05-22T18:45:00Z,LIGHTLY_ACTIVE,Fitbit App
2026-05-22T18:46:00Z,MODERATELY_ACTIVE,Fitbit App
2026-05-22T18:47:00Z,LIGHTLY_ACTIVE,Fitbit App
2026-05-22T18:48:00Z,SEDENTARY,Fitbit App
2026-05-22T18:49:00Z,SEDENTARY,Fitbit App
2026-05-22T18:50:00Z,LIGHTLY_ACTIVE,Fitbit App
2026-05-22T18:51:00Z,SEDENTARY,Fitbit App
2026-05-22T18:54:00Z,SEDENTARY,Fitbit App
2026-05-22T18:56:00Z,SEDENTARY,Fitbit App
2026-05-22T18:57:00Z,SEDENTARY,Fitbit App
2026-05-22T18:59:00Z,SEDENTARY,Fitbit App
2026-05-22T19:00:00Z,SEDENTARY,Fitbit App
2026-05-22T19:01:00Z,SEDENTARY,Fitbit App
2026-05-22T19:02:00Z,LIGHTLY_ACTIVE,Fitbit App
2026-05-22T19:03:00Z,SEDENTARY,Fitbit App
2026-05-22T19:05:00Z,SEDENTARY,Fitbit App
2026-05-22T19:08:00Z,LIGHTLY_ACTIVE,Fitbit App
2026-05-22T19:09:00Z,LIGHTLY_ACTIVE,Fitbit App
2026-05-22T19:10:00Z,LIGHTLY_ACTIVE,Fitbit App
2026-05-22T19:11:00Z,LIGHTLY_ACTIVE,Fitbit App
2026-05-22T19:12:00Z,SEDENTARY,Fitbit App
2026-05-22T19:13:00Z,LIGHTLY_ACTIVE,Fitbit App
2026-05-22T19:14:00Z,LIGHTLY_ACTIVE,Fitbit App
2026-05-22T19:15:00Z,LIGHTLY_ACTIVE,Fitbit App
2026-05-22T19:16:00Z,SEDENTARY,Fitbit App
2026-05-22T19:17:00Z,LIGHTLY_ACTIVE,Fitbit App
2026-05-22T19:18:00Z,LIGHTLY_ACTIVE,Fitbit App
2026-05-22T19:19:00Z,SEDENTARY,Fitbit App
2026-05-22T19:22:00Z,SEDENTARY,Fitbit App
2026-05-22T19:23:00Z,SEDENTARY,Fitbit App
2026-05-22T19:26:00Z,SEDENTARY,Fitbit App
2026-05-22T19:27:00Z,SEDENTARY,Fitbit App
2026-05-22T19:28:00Z,SEDENTARY,Fitbit App
2026-05-22T19:29:00Z,SEDENTARY,Fitbit App
2026-05-22T19:30:00Z,LIGHTLY_ACTIVE,Fitbit App
2026-05-22T19:32:00Z,SEDENTARY,Fitbit App
2026-05-22T19:33:00Z,SEDENTARY,Fitbit App
2026-05-22T19:34:00Z,SEDENTARY,Fitbit App
2026-05-22T19:35:00Z,LIGHTLY_ACTIVE,Fitbit App
2026-05-22T19:36:00Z,LIGHTLY_ACTIVE,Fitbit App
2026-05-22T19:37:00Z,LIGHTLY_ACTIVE,Fitbit App
2026-05-22T19:38:00Z,SEDENTARY,Fitbit App
2026-05-22T19:39:00Z,LIGHTLY_ACTIVE,Fitbit App
2026-05-22T19:40:00Z,LIGHTLY_ACTIVE,Fitbit App
2026-05-22T19:41:00Z,SEDENTARY,Fitbit App
2026-05-22T19:42:00Z,SEDENTARY,Fitbit App
2026-05-22T19:43:00Z,LIGHTLY_ACTIVE,Fitbit App
2026-05-22T19:44:00Z,LIGHTLY_ACTIVE,Fitbit App
2026-05-22T19:45:00Z,LIGHTLY_ACTIVE,Fitbit App
2026-05-22T19:46:00Z,LIGHTLY_ACTIVE,Fitbit App
2026-05-22T19:47:00Z,LIGHTLY_ACTIVE,Fitbit App
2026-05-22T19:48:00Z,LIGHTLY_ACTIVE,Fitbit App
2026-05-22T19:49:00Z,SEDENTARY,Fitbit App
2026-05-22T19:50:00Z,LIGHTLY_ACTIVE,Fitbit App
2026-05-22T19:51:00Z,LIGHTLY_ACTIVE,Fitbit App
2026-05-22T19:52:00Z,LIGHTLY_ACTIVE,Fitbit App
2026-05-22T19:53:00Z,LIGHTLY_ACTIVE,Fitbit App
2026-05-22T19:54:00Z,LIGHTLY_ACTIVE,Fitbit App
2026-05-22T19:55:00Z,LIGHTLY_ACTIVE,Fitbit App
2026-05-22T19:56:00Z,SEDENTARY,Fitbit App
2026-05-22T19:57:00Z,SEDENTARY,Fitbit App
2026-05-22T19:58:00Z,LIGHTLY_ACTIVE,Fitbit App
2026-05-22T19:59:00Z,LIGHTLY_ACTIVE,Fitbit App
2026-05-22T20:00:00Z,LIGHTLY_ACTIVE,Fitbit App
2026-05-22T20:01:00Z,LIGHTLY_ACTIVE,Fitbit App
2026-05-22T20:02:00Z,LIGHTLY_ACTIVE,Fitbit App
2026-05-22T20:03:00Z,SEDENTARY,Fitbit App
2026-05-22T20:04:00Z,MODERATELY_ACTIVE,Fitbit App
2026-05-22T20:05:00Z,MODERATELY_ACTIVE,Fitbit App
2026-05-22T20:06:00Z,LIGHTLY_ACTIVE,Fitbit App
2026-05-22T20:07:00Z,LIGHTLY_ACTIVE,Fitbit App
2026-05-22T20:08:00Z,LIGHTLY_ACTIVE,Fitbit App
2026-05-22T20:09:00Z,LIGHTLY_ACTIVE,Fitbit App
2026-05-22T20:10:00Z,LIGHTLY_ACTIVE,Fitbit App
2026-05-22T20:11:00Z,LIGHTLY_ACTIVE,Fitbit App
2026-05-22T20:12:00Z,LIGHTLY_ACTIVE,Fitbit App
2026-05-22T20:13:00Z,LIGHTLY_ACTIVE,Fitbit App
2026-05-22T20:14:00Z,LIGHTLY_ACTIVE,Fitbit App
2026-05-22T20:15:00Z,VERY_ACTIVE,Fitbit App
2026-05-22T20:16:00Z,LIGHTLY_ACTIVE,Fitbit App
2026-05-22T20:17:00Z,SEDENTARY,Fitbit App
2026-05-22T20:18:00Z,LIGHTLY_ACTIVE,Fitbit App
2026-05-22T20:19:00Z,SEDENTARY,Fitbit App
2026-05-22T20:20:00Z,SEDENTARY,Fitbit App
2026-05-22T20:22:00Z,SEDENTARY,Fitbit App
2026-05-22T20:24:00Z,SEDENTARY,Fitbit App
2026-05-22T20:29:00Z,SEDENTARY,Fitbit App
2026-05-22T20:35:00Z,SEDENTARY,Fitbit App
2026-05-22T20:38:00Z,SEDENTARY,Fitbit App
2026-05-22T20:41:00Z,LIGHTLY_ACTIVE,Fitbit App
2026-05-22T20:42:00Z,SEDENTARY,Fitbit App
2026-05-22T20:44:00Z,SEDENTARY,Fitbit App
2026-05-22T20:45:00Z,MODERATELY_ACTIVE,Fitbit App
2026-05-22T20:46:00Z,MODERATELY_ACTIVE,Fitbit App
2026-05-22T20:47:00Z,VERY_ACTIVE,Fitbit App
2026-05-22T20:48:00Z,VERY_ACTIVE,Fitbit App
2026-05-22T20:49:00Z,SEDENTARY,Fitbit App
2026-05-22T20:50:00Z,SEDENTARY,Fitbit App
2026-05-22T20:53:00Z,SEDENTARY,Fitbit App
2026-05-22T20:55:00Z,SEDENTARY,Fitbit App
2026-05-22T20:56:00Z,SEDENTARY,Fitbit App
2026-05-22T20:57:00Z,SEDENTARY,Fitbit App
2026-05-22T21:07:00Z,SEDENTARY,Fitbit App
2026-05-22T21:08:00Z,SEDENTARY,Fitbit App
2026-05-22T21:11:00Z,SEDENTARY,Fitbit App
2026-05-22T21:12:00Z,SEDENTARY,Fitbit App
2026-05-22T21:13:00Z,LIGHTLY_ACTIVE,Fitbit App
2026-05-22T21:14:00Z,MODERATELY_ACTIVE,Fitbit App
2026-05-22T21:15:00Z,LIGHTLY_ACTIVE,Fitbit App
2026-05-22T21:16:00Z,SEDENTARY,Fitbit App
2026-05-22T21:18:00Z,SEDENTARY,Fitbit App
2026-05-22T21:19:00Z,SEDENTARY,Fitbit App
2026-05-22T21:20:00Z,LIGHTLY_ACTIVE,Fitbit App
2026-05-22T21:21:00Z,MODERATELY_ACTIVE,Fitbit App
2026-05-22T21:22:00Z,MODERATELY_ACTIVE,Fitbit App
2026-05-22T21:23:00Z,VERY_ACTIVE,Fitbit App
2026-05-22T21:24:00Z,MODERATELY_ACTIVE,Fitbit App
2026-05-22T21:25:00Z,MODERATELY_ACTIVE,Fitbit App
2026-05-22T21:26:00Z,SEDENTARY,Fitbit App
2026-05-22T21:27:00Z,SEDENTARY,Fitbit App
2026-05-22T21:28:00Z,SEDENTARY,Fitbit App
2026-05-22T21:29:00Z,SEDENTARY,Fitbit App
2026-05-22T21:33:00Z,SEDENTARY,Fitbit App
2026-05-22T21:38:00Z,SEDENTARY,Fitbit App
2026-05-22T21:39:00Z,SEDENTARY,Fitbit App
2026-05-22T21:45:00Z,LIGHTLY_ACTIVE,Fitbit App
2026-05-22T21:46:00Z,LIGHTLY_ACTIVE,Fitbit App
2026-05-22T21:47:00Z,LIGHTLY_ACTIVE,Fitbit App
2026-05-22T21:48:00Z,LIGHTLY_ACTIVE,Fitbit App
2026-05-22T21:49:00Z,LIGHTLY_ACTIVE,Fitbit App
2026-05-22T21:50:00Z,LIGHTLY_ACTIVE,Fitbit App
2026-05-22T21:51:00Z,SEDENTARY,Fitbit App
2026-05-22T21:52:00Z,LIGHTLY_ACTIVE,Fitbit App
2026-05-22T21:53:00Z,MODERATELY_ACTIVE,Fitbit App
2026-05-22T21:54:00Z,SEDENTARY,Fitbit App
2026-05-22T21:55:00Z,SEDENTARY,Fitbit App
2026-05-22T22:02:00Z,SEDENTARY,Fitbit App
2026-05-22T22:06:00Z,SEDENTARY,Fitbit App
2026-05-22T22:09:00Z,SEDENTARY,Fitbit App
2026-05-22T22:26:00Z,SEDENTARY,Fitbit App
2026-05-22T22:28:00Z,SEDENTARY,Fitbit App
2026-05-22T22:29:00Z,SEDENTARY,Fitbit App
2026-05-22T22:33:00Z,SEDENTARY,Fitbit App
2026-05-22T23:05:00Z,LIGHTLY_ACTIVE,Fitbit App
2026-05-22T23:06:00Z,LIGHTLY_ACTIVE,Fitbit App
2026-05-22T23:13:00Z,SEDENTARY,Fitbit App
2026-05-22T23:17:00Z,SEDENTARY,Fitbit App
2026-05-22T23:18:00Z,SEDENTARY,Fitbit App
2026-05-22T23:20:00Z,SEDENTARY,Fitbit App
2026-05-22T23:29:00Z,SEDENTARY,Fitbit App
2026-05-23T00:03:00Z,SEDENTARY,Fitbit App
2026-05-23T00:37:00Z,SEDENTARY,Fitbit App
2026-05-23T00:40:00Z,SEDENTARY,Fitbit App
2026-05-23T00:43:00Z,SEDENTARY,Fitbit App
2026-05-23T01:29:00Z,LIGHTLY_ACTIVE,Fitbit App
2026-05-23T02:10:00Z,SEDENTARY,Fitbit App
2026-05-23T02:19:00Z,SEDENTARY,Fitbit App
2026-05-23T02:22:00Z,SEDENTARY,Fitbit App
2026-05-23T02:41:00Z,SEDENTARY,Fitbit App
2026-05-23T02:43:00Z,SEDENTARY,Fitbit App
2026-05-23T03:26:00Z,SEDENTARY,Fitbit App
2026-05-23T03:51:00Z,SEDENTARY,Fitbit App
2026-05-23T03:52:00Z,SEDENTARY,Fitbit App
2026-05-23T04:09:00Z,SEDENTARY,Fitbit App
2026-05-23T04:37:00Z,SEDENTARY,Fitbit App
2026-05-23T05:18:00Z,SEDENTARY,Fitbit App
2026-05-23T05:48:00Z,SEDENTARY,Fitbit App
2026-05-23T05:49:00Z,SEDENTARY,Fitbit App
2026-05-23T05:50:00Z,SEDENTARY,Fitbit App
2026-05-23T08:13:00Z,LIGHTLY_ACTIVE,Fitbit App
2026-05-23T08:14:00Z,LIGHTLY_ACTIVE,Fitbit App
2026-05-23T08:15:00Z,LIGHTLY_ACTIVE,Fitbit App
2026-05-23T08:16:00Z,LIGHTLY_ACTIVE,Fitbit App
2026-05-23T08:17:00Z,LIGHTLY_ACTIVE,Fitbit App
2026-05-23T08:18:00Z,LIGHTLY_ACTIVE,Fitbit App
2026-05-23T08:19:00Z,LIGHTLY_ACTIVE,Fitbit App
2026-05-23T08:20:00Z,LIGHTLY_ACTIVE,Fitbit App
2026-05-23T08:21:00Z,LIGHTLY_ACTIVE,Fitbit App
2026-05-23T08:22:00Z,MODERATELY_ACTIVE,Fitbit App
2026-05-23T08:23:00Z,LIGHTLY_ACTIVE,Fitbit App
2026-05-23T08:24:00Z,SEDENTARY,Fitbit App
2026-05-23T08:25:00Z,LIGHTLY_ACTIVE,Fitbit App
2026-05-23T08:26:00Z,LIGHTLY_ACTIVE,Fitbit App
2026-05-23T08:27:00Z,LIGHTLY_ACTIVE,Fitbit App
2026-05-23T08:28:00Z,LIGHTLY_ACTIVE,Fitbit App
2026-05-23T08:29:00Z,LIGHTLY_ACTIVE,Fitbit App
2026-05-23T08:30:00Z,LIGHTLY_ACTIVE,Fitbit App
2026-05-23T08:31:00Z,SEDENTARY,Fitbit App
2026-05-23T08:32:00Z,SEDENTARY,Fitbit App
2026-05-23T08:33:00Z,SEDENTARY,Fitbit App
2026-05-23T08:34:00Z,SEDENTARY,Fitbit App
2026-05-23T08:35:00Z,SEDENTARY,Fitbit App
2026-05-23T08:36:00Z,SEDENTARY,Fitbit App
2026-05-23T08:37:00Z,SEDENTARY,Fitbit App
2026-05-23T08:38:00Z,SEDENTARY,Fitbit App
2026-05-23T08:39:00Z,SEDENTARY,Fitbit App
2026-05-23T08:40:00Z,SEDENTARY,Fitbit App
2026-05-23T08:41:00Z,SEDENTARY,Fitbit App
2026-05-23T08:42:00Z,SEDENTARY,Fitbit App
2026-05-23T08:43:00Z,SEDENTARY,Fitbit App
2026-05-23T08:44:00Z,SEDENTARY,Fitbit App
2026-05-23T08:45:00Z,SEDENTARY,Fitbit App
2026-05-23T08:46:00Z,SEDENTARY,Fitbit App
2026-05-23T08:47:00Z,SEDENTARY,Fitbit App
2026-05-23T08:48:00Z,SEDENTARY,Fitbit App
2026-05-23T08:49:00Z,SEDENTARY,Fitbit App
2026-05-23T08:50:00Z,SEDENTARY,Fitbit App
2026-05-23T08:51:00Z,SEDENTARY,Fitbit App
2026-05-23T08:52:00Z,LIGHTLY_ACTIVE,Fitbit App
2026-05-23T08:53:00Z,LIGHTLY_ACTIVE,Fitbit App
2026-05-23T08:54:00Z,SEDENTARY,Fitbit App
2026-05-23T08:55:00Z,SEDENTARY,Fitbit App
2026-05-23T08:56:00Z,SEDENTARY,Fitbit App
2026-05-23T08:57:00Z,LIGHTLY_ACTIVE,Fitbit App
2026-05-23T08:58:00Z,LIGHTLY_ACTIVE,Fitbit App
2026-05-23T08:59:00Z,LIGHTLY_ACTIVE,Fitbit App
2026-05-23T09:00:00Z,LIGHTLY_ACTIVE,Fitbit App
2026-05-23T09:01:00Z,SEDENTARY,Fitbit App
2026-05-23T09:02:00Z,LIGHTLY_ACTIVE,Fitbit App
2026-05-23T09:03:00Z,SEDENTARY,Fitbit App
2026-05-23T09:04:00Z,SEDENTARY,Fitbit App
2026-05-23T09:05:00Z,LIGHTLY_ACTIVE,Fitbit App
2026-05-23T09:06:00Z,SEDENTARY,Fitbit App
2026-05-23T09:07:00Z,LIGHTLY_ACTIVE,Fitbit App
2026-05-23T09:08:00Z,LIGHTLY_ACTIVE,Fitbit App
2026-05-23T09:09:00Z,SEDENTARY,Fitbit App
2026-05-23T09:10:00Z,LIGHTLY_ACTIVE,Fitbit App
2026-05-23T09:11:00Z,SEDENTARY,Fitbit App
2026-05-23T09:12:00Z,SEDENTARY,Fitbit App
2026-05-23T09:13:00Z,SEDENTARY,Fitbit App
2026-05-23T09:14:00Z,LIGHTLY_ACTIVE,Fitbit App
2026-05-23T09:15:00Z,LIGHTLY_ACTIVE,Fitbit App
2026-05-23T09:16:00Z,LIGHTLY_ACTIVE,Fitbit App
2026-05-23T09:17:00Z,SEDENTARY,Fitbit App
2026-05-23T09:18:00Z,LIGHTLY_ACTIVE,Fitbit App
2026-05-23T09:19:00Z,SEDENTARY,Fitbit App
2026-05-23T09:20:00Z,SEDENTARY,Fitbit App
2026-05-23T09:21:00Z,LIGHTLY_ACTIVE,Fitbit App
2026-05-23T09:22:00Z,LIGHTLY_ACTIVE,Fitbit App
2026-05-23T09:23:00Z,SEDENTARY,Fitbit App
2026-05-23T09:24:00Z,SEDENTARY,Fitbit App
2026-05-23T09:25:00Z,SEDENTARY,Fitbit App
2026-05-23T09:26:00Z,LIGHTLY_ACTIVE,Fitbit App
2026-05-23T09:27:00Z,SEDENTARY,Fitbit App
2026-05-23T09:28:00Z,SEDENTARY,Fitbit App
2026-05-23T09:29:00Z,SEDENTARY,Fitbit App
2026-05-23T09:30:00Z,SEDENTARY,Fitbit App
2026-05-23T09:31:00Z,SEDENTARY,Fitbit App
2026-05-23T09:32:00Z,SEDENTARY,Fitbit App
2026-05-23T09:33:00Z,SEDENTARY,Fitbit App
2026-05-23T09:34:00Z,SEDENTARY,Fitbit App
2026-05-23T09:35:00Z,SEDENTARY,Fitbit App
2026-05-23T09:36:00Z,SEDENTARY,Fitbit App
2026-05-23T09:37:00Z,SEDENTARY,Fitbit App
2026-05-23T09:38:00Z,SEDENTARY,Fitbit App
2026-05-23T09:39:00Z,SEDENTARY,Fitbit App
2026-05-23T09:40:00Z,SEDENTARY,Fitbit App
2026-05-23T09:41:00Z,SEDENTARY,Fitbit App
2026-05-23T09:42:00Z,SEDENTARY,Fitbit App
2026-05-23T09:43:00Z,SEDENTARY,Fitbit App
2026-05-23T09:44:00Z,SEDENTARY,Fitbit App
2026-05-23T09:45:00Z,SEDENTARY,Fitbit App
2026-05-23T09:46:00Z,SEDENTARY,Fitbit App
2026-05-23T09:47:00Z,SEDENTARY,Fitbit App
2026-05-23T09:48:00Z,SEDENTARY,Fitbit App
2026-05-23T09:49:00Z,SEDENTARY,Fitbit App
2026-05-23T09:50:00Z,SEDENTARY,Fitbit App
2026-05-23T09:51:00Z,SEDENTARY,Fitbit App
2026-05-23T09:52:00Z,SEDENTARY,Fitbit App
2026-05-23T09:53:00Z,SEDENTARY,Fitbit App
2026-05-23T09:54:00Z,SEDENTARY,Fitbit App
2026-05-23T09:55:00Z,SEDENTARY,Fitbit App
2026-05-23T09:56:00Z,SEDENTARY,Fitbit App
2026-05-23T09:57:00Z,SEDENTARY,Fitbit App
2026-05-23T09:58:00Z,SEDENTARY,Fitbit App
2026-05-23T09:59:00Z,SEDENTARY,Fitbit App
2026-05-23T10:00:00Z,SEDENTARY,Fitbit App
2026-05-23T10:01:00Z,SEDENTARY,Fitbit App
2026-05-23T10:02:00Z,SEDENTARY,Fitbit App
2026-05-23T10:03:00Z,SEDENTARY,Fitbit App
2026-05-23T10:04:00Z,SEDENTARY,Fitbit App
2026-05-23T10:05:00Z,SEDENTARY,Fitbit App
2026-05-23T10:06:00Z,SEDENTARY,Fitbit App
2026-05-23T10:07:00Z,SEDENTARY,Fitbit App
2026-05-23T10:08:00Z,SEDENTARY,Fitbit App
2026-05-23T10:09:00Z,LIGHTLY_ACTIVE,Fitbit App
2026-05-23T10:10:00Z,SEDENTARY,Fitbit App
2026-05-23T10:11:00Z,SEDENTARY,Fitbit App
2026-05-23T10:12:00Z,SEDENTARY,Fitbit App
2026-05-23T10:13:00Z,SEDENTARY,Fitbit App
2026-05-23T10:14:00Z,SEDENTARY,Fitbit App
2026-05-23T10:15:00Z,LIGHTLY_ACTIVE,Fitbit App
2026-05-23T10:16:00Z,SEDENTARY,Fitbit App
2026-05-23T10:17:00Z,SEDENTARY,Fitbit App
2026-05-23T10:18:00Z,SEDENTARY,Fitbit App
2026-05-23T10:19:00Z,LIGHTLY_ACTIVE,Fitbit App
2026-05-23T10:20:00Z,SEDENTARY,Fitbit App
2026-05-23T10:21:00Z,SEDENTARY,Fitbit App
2026-05-23T10:27:00Z,SEDENTARY,Fitbit App
2026-05-23T10:28:00Z,SEDENTARY,Fitbit App
2026-05-23T10:29:00Z,SEDENTARY,Fitbit App
2026-05-23T10:30:00Z,SEDENTARY,Fitbit App
2026-05-23T10:31:00Z,SEDENTARY,Fitbit App
2026-05-23T10:32:00Z,SEDENTARY,Fitbit App
2026-05-23T10:33:00Z,SEDENTARY,Fitbit App
2026-05-23T10:34:00Z,SEDENTARY,Fitbit App
2026-05-23T10:35:00Z,SEDENTARY,Fitbit App
2026-05-23T10:36:00Z,SEDENTARY,Fitbit App
2026-05-23T10:37:00Z,SEDENTARY,Fitbit App
2026-05-23T10:38:00Z,SEDENTARY,Fitbit App
2026-05-23T10:39:00Z,SEDENTARY,Fitbit App
2026-05-23T10:40:00Z,SEDENTARY,Fitbit App
2026-05-23T10:41:00Z,SEDENTARY,Fitbit App
2026-05-23T10:42:00Z,SEDENTARY,Fitbit App
2026-05-23T10:43:00Z,SEDENTARY,Fitbit App
2026-05-23T10:44:00Z,SEDENTARY,Fitbit App
2026-05-23T10:45:00Z,SEDENTARY,Fitbit App
2026-05-23T10:46:00Z,SEDENTARY,Fitbit App
2026-05-23T10:47:00Z,SEDENTARY,Fitbit App
2026-05-23T10:48:00Z,SEDENTARY,Fitbit App
2026-05-23T10:49:00Z,SEDENTARY,Fitbit App
2026-05-23T10:50:00Z,SEDENTARY,Fitbit App
2026-05-23T10:51:00Z,SEDENTARY,Fitbit App
2026-05-23T10:52:00Z,SEDENTARY,Fitbit App
2026-05-23T10:53:00Z,SEDENTARY,Fitbit App
2026-05-23T10:54:00Z,SEDENTARY,Fitbit App
2026-05-23T10:55:00Z,SEDENTARY,Fitbit App
2026-05-23T10:56:00Z,SEDENTARY,Fitbit App
2026-05-23T10:57:00Z,SEDENTARY,Fitbit App
2026-05-23T10:58:00Z,SEDENTARY,Fitbit App
2026-05-23T10:59:00Z,SEDENTARY,Fitbit App
2026-05-23T11:00:00Z,SEDENTARY,Fitbit App
2026-05-23T11:01:00Z,SEDENTARY,Fitbit App
2026-05-23T11:02:00Z,SEDENTARY,Fitbit App
2026-05-23T11:03:00Z,SEDENTARY,Fitbit App
2026-05-23T11:04:00Z,SEDENTARY,Fitbit App
2026-05-23T11:05:00Z,SEDENTARY,Fitbit App
2026-05-23T11:06:00Z,SEDENTARY,Fitbit App
2026-05-23T11:07:00Z,SEDENTARY,Fitbit App
2026-05-23T11:08:00Z,LIGHTLY_ACTIVE,Fitbit App
2026-05-23T11:09:00Z,SEDENTARY,Fitbit App
2026-05-23T11:10:00Z,SEDENTARY,Fitbit App
2026-05-23T11:11:00Z,SEDENTARY,Fitbit App
2026-05-23T11:12:00Z,SEDENTARY,Fitbit App
2026-05-23T11:13:00Z,SEDENTARY,Fitbit App
2026-05-23T11:14:00Z,SEDENTARY,Fitbit App
2026-05-23T11:15:00Z,SEDENTARY,Fitbit App
2026-05-23T11:16:00Z,SEDENTARY,Fitbit App
2026-05-23T11:17:00Z,SEDENTARY,Fitbit App
2026-05-23T11:18:00Z,SEDENTARY,Fitbit App
2026-05-23T11:19:00Z,SEDENTARY,Fitbit App
2026-05-23T11:20:00Z,SEDENTARY,Fitbit App
2026-05-23T11:21:00Z,SEDENTARY,Fitbit App
2026-05-23T11:22:00Z,SEDENTARY,Fitbit App
2026-05-23T11:23:00Z,LIGHTLY_ACTIVE,Fitbit App
2026-05-23T11:24:00Z,LIGHTLY_ACTIVE,Fitbit App
2026-05-23T11:25:00Z,LIGHTLY_ACTIVE,Fitbit App
2026-05-23T11:26:00Z,MODERATELY_ACTIVE,Fitbit App
2026-05-23T11:27:00Z,LIGHTLY_ACTIVE,Fitbit App
2026-05-23T11:28:00Z,LIGHTLY_ACTIVE,Fitbit App
2026-05-23T11:29:00Z,LIGHTLY_ACTIVE,Fitbit App
2026-05-23T11:30:00Z,LIGHTLY_ACTIVE,Fitbit App
2026-05-23T11:31:00Z,LIGHTLY_ACTIVE,Fitbit App
2026-05-23T11:32:00Z,LIGHTLY_ACTIVE,Fitbit App
2026-05-23T11:33:00Z,SEDENTARY,Fitbit App
2026-05-23T11:42:00Z,LIGHTLY_ACTIVE,Fitbit App
2026-05-23T11:43:00Z,LIGHTLY_ACTIVE,Fitbit App
2026-05-23T11:44:00Z,LIGHTLY_ACTIVE,Fitbit App
2026-05-23T11:45:00Z,SEDENTARY,Fitbit App
2026-05-23T11:46:00Z,SEDENTARY,Fitbit App
2026-05-23T11:47:00Z,SEDENTARY,Fitbit App
2026-05-23T11:48:00Z,SEDENTARY,Fitbit App
2026-05-23T11:49:00Z,SEDENTARY,Fitbit App
2026-05-23T11:50:00Z,SEDENTARY,Fitbit App
2026-05-23T11:51:00Z,SEDENTARY,Fitbit App
2026-05-23T11:52:00Z,SEDENTARY,Fitbit App
2026-05-23T11:53:00Z,SEDENTARY,Fitbit App
2026-05-23T11:54:00Z,SEDENTARY,Fitbit App
2026-05-23T11:55:00Z,SEDENTARY,Fitbit App
2026-05-23T11:56:00Z,SEDENTARY,Fitbit App
2026-05-23T11:57:00Z,LIGHTLY_ACTIVE,Fitbit App
2026-05-23T11:58:00Z,SEDENTARY,Fitbit App
2026-05-23T11:59:00Z,SEDENTARY,Fitbit App
2026-05-23T12:00:00Z,SEDENTARY,Fitbit App
2026-05-23T12:01:00Z,SEDENTARY,Fitbit App
2026-05-23T12:02:00Z,SEDENTARY,Fitbit App
2026-05-23T12:03:00Z,SEDENTARY,Fitbit App
2026-05-23T12:04:00Z,SEDENTARY,Fitbit App
2026-05-23T12:05:00Z,SEDENTARY,Fitbit App
2026-05-23T12:06:00Z,SEDENTARY,Fitbit App
2026-05-23T12:07:00Z,LIGHTLY_ACTIVE,Fitbit App
2026-05-23T12:08:00Z,LIGHTLY_ACTIVE,Fitbit App
2026-05-23T12:09:00Z,MODERATELY_ACTIVE,Fitbit App
2026-05-23T12:10:00Z,MODERATELY_ACTIVE,Fitbit App
2026-05-23T12:11:00Z,MODERATELY_ACTIVE,Fitbit App
2026-05-23T12:12:00Z,MODERATELY_ACTIVE,Fitbit App
2026-05-23T12:13:00Z,MODERATELY_ACTIVE,Fitbit App
2026-05-23T12:14:00Z,MODERATELY_ACTIVE,Fitbit App
2026-05-23T12:15:00Z,VERY_ACTIVE,Fitbit App
2026-05-23T12:16:00Z,MODERATELY_ACTIVE,Fitbit App
2026-05-23T12:17:00Z,MODERATELY_ACTIVE,Fitbit App
2026-05-23T12:18:00Z,MODERATELY_ACTIVE,Fitbit App
2026-05-23T12:19:00Z,VERY_ACTIVE,Fitbit App
2026-05-23T12:20:00Z,VERY_ACTIVE,Fitbit App
2026-05-23T12:21:00Z,MODERATELY_ACTIVE,Fitbit App
2026-05-23T12:22:00Z,LIGHTLY_ACTIVE,Fitbit App
2026-05-23T12:23:00Z,LIGHTLY_ACTIVE,Fitbit App
2026-05-23T12:24:00Z,LIGHTLY_ACTIVE,Fitbit App
2026-05-23T12:25:00Z,LIGHTLY_ACTIVE,Fitbit App
2026-05-23T12:26:00Z,LIGHTLY_ACTIVE,Fitbit App
2026-05-23T12:27:00Z,LIGHTLY_ACTIVE,Fitbit App
2026-05-23T12:28:00Z,LIGHTLY_ACTIVE,Fitbit App
2026-05-23T12:29:00Z,MODERATELY_ACTIVE,Fitbit App
2026-05-23T12:30:00Z,MODERATELY_ACTIVE,Fitbit App
2026-05-23T12:31:00Z,MODERATELY_ACTIVE,Fitbit App
2026-05-23T12:32:00Z,LIGHTLY_ACTIVE,Fitbit App
2026-05-23T12:33:00Z,LIGHTLY_ACTIVE,Fitbit App
2026-05-23T12:34:00Z,LIGHTLY_ACTIVE,Fitbit App
2026-05-23T12:35:00Z,LIGHTLY_ACTIVE,Fitbit App
2026-05-23T12:36:00Z,LIGHTLY_ACTIVE,Fitbit App
2026-05-23T12:37:00Z,MODERATELY_ACTIVE,Fitbit App
2026-05-23T12:38:00Z,MODERATELY_ACTIVE,Fitbit App
2026-05-23T12:39:00Z,MODERATELY_ACTIVE,Fitbit App
2026-05-23T12:40:00Z,LIGHTLY_ACTIVE,Fitbit App
2026-05-23T12:41:00Z,MODERATELY_ACTIVE,Fitbit App
2026-05-23T12:42:00Z,MODERATELY_ACTIVE,Fitbit App
2026-05-23T12:43:00Z,MODERATELY_ACTIVE,Fitbit App
2026-05-23T12:44:00Z,MODERATELY_ACTIVE,Fitbit App
2026-05-23T12:45:00Z,VERY_ACTIVE,Fitbit App
2026-05-23T12:46:00Z,MODERATELY_ACTIVE,Fitbit App
2026-05-23T12:47:00Z,MODERATELY_ACTIVE,Fitbit App
2026-05-23T12:48:00Z,MODERATELY_ACTIVE,Fitbit App
2026-05-23T12:49:00Z,MODERATELY_ACTIVE,Fitbit App
2026-05-23T12:50:00Z,MODERATELY_ACTIVE,Fitbit App
2026-05-23T12:51:00Z,MODERATELY_ACTIVE,Fitbit App
2026-05-23T12:52:00Z,MODERATELY_ACTIVE,Fitbit App
2026-05-23T12:53:00Z,LIGHTLY_ACTIVE,Fitbit App
2026-05-23T12:54:00Z,MODERATELY_ACTIVE,Fitbit App
2026-05-23T12:55:00Z,LIGHTLY_ACTIVE,Fitbit App
2026-05-23T12:56:00Z,MODERATELY_ACTIVE,Fitbit App
2026-05-23T12:57:00Z,MODERATELY_ACTIVE,Fitbit App
2026-05-23T12:58:00Z,MODERATELY_ACTIVE,Fitbit App
2026-05-23T12:59:00Z,MODERATELY_ACTIVE,Fitbit App
2026-05-23T13:00:00Z,VERY_ACTIVE,Fitbit App
2026-05-23T13:01:00Z,MODERATELY_ACTIVE,Fitbit App
2026-05-23T13:02:00Z,MODERATELY_ACTIVE,Fitbit App
2026-05-23T13:03:00Z,MODERATELY_ACTIVE,Fitbit App
2026-05-23T13:04:00Z,LIGHTLY_ACTIVE,Fitbit App
2026-05-23T13:05:00Z,MODERATELY_ACTIVE,Fitbit App
2026-05-23T13:06:00Z,MODERATELY_ACTIVE,Fitbit App
2026-05-23T13:07:00Z,VERY_ACTIVE,Fitbit App
2026-05-23T13:08:00Z,MODERATELY_ACTIVE,Fitbit App
2026-05-23T13:09:00Z,MODERATELY_ACTIVE,Fitbit App
2026-05-23T13:10:00Z,MODERATELY_ACTIVE,Fitbit App
2026-05-23T13:11:00Z,MODERATELY_ACTIVE,Fitbit App
2026-05-23T13:12:00Z,MODERATELY_ACTIVE,Fitbit App
2026-05-23T13:13:00Z,MODERATELY_ACTIVE,Fitbit App
2026-05-23T13:14:00Z,LIGHTLY_ACTIVE,Fitbit App
2026-05-23T13:15:00Z,SEDENTARY,Fitbit App
2026-05-23T13:16:00Z,SEDENTARY,Fitbit App
2026-05-23T13:17:00Z,LIGHTLY_ACTIVE,Fitbit App
2026-05-23T13:18:00Z,SEDENTARY,Fitbit App
2026-05-23T13:19:00Z,SEDENTARY,Fitbit App
2026-05-23T13:20:00Z,LIGHTLY_ACTIVE,Fitbit App
2026-05-23T13:21:00Z,LIGHTLY_ACTIVE,Fitbit App
2026-05-23T13:22:00Z,LIGHTLY_ACTIVE,Fitbit App
2026-05-23T13:23:00Z,SEDENTARY,Fitbit App
2026-05-23T13:24:00Z,LIGHTLY_ACTIVE,Fitbit App
2026-05-23T13:25:00Z,SEDENTARY,Fitbit App
2026-05-23T13:26:00Z,SEDENTARY,Fitbit App
2026-05-23T13:27:00Z,LIGHTLY_ACTIVE,Fitbit App
2026-05-23T13:28:00Z,LIGHTLY_ACTIVE,Fitbit App
2026-05-23T13:29:00Z,SEDENTARY,Fitbit App
2026-05-23T13:30:00Z,LIGHTLY_ACTIVE,Fitbit App
2026-05-23T13:31:00Z,LIGHTLY_ACTIVE,Fitbit App
2026-05-23T13:32:00Z,SEDENTARY,Fitbit App
2026-05-23T13:33:00Z,SEDENTARY,Fitbit App
2026-05-23T13:34:00Z,SEDENTARY,Fitbit App
2026-05-23T13:35:00Z,SEDENTARY,Fitbit App
2026-05-23T13:36:00Z,SEDENTARY,Fitbit App
2026-05-23T13:37:00Z,LIGHTLY_ACTIVE,Fitbit App
2026-05-23T13:38:00Z,MODERATELY_ACTIVE,Fitbit App
2026-05-23T13:39:00Z,LIGHTLY_ACTIVE,Fitbit App
2026-05-23T13:40:00Z,MODERATELY_ACTIVE,Fitbit App
2026-05-23T13:41:00Z,MODERATELY_ACTIVE,Fitbit App
2026-05-23T13:42:00Z,VERY_ACTIVE,Fitbit App
2026-05-23T13:43:00Z,VERY_ACTIVE,Fitbit App
2026-05-23T13:44:00Z,MODERATELY_ACTIVE,Fitbit App
2026-05-23T13:45:00Z,VERY_ACTIVE,Fitbit App
2026-05-23T13:46:00Z,VERY_ACTIVE,Fitbit App
2026-05-23T13:47:00Z,VERY_ACTIVE,Fitbit App
2026-05-23T13:48:00Z,VERY_ACTIVE,Fitbit App
2026-05-23T13:49:00Z,VERY_ACTIVE,Fitbit App
2026-05-23T13:50:00Z,MODERATELY_ACTIVE,Fitbit App
2026-05-23T13:51:00Z,VERY_ACTIVE,Fitbit App
2026-05-23T13:52:00Z,MODERATELY_ACTIVE,Fitbit App
2026-05-23T13:53:00Z,VERY_ACTIVE,Fitbit App
2026-05-23T13:54:00Z,VERY_ACTIVE,Fitbit App
2026-05-23T13:55:00Z,MODERATELY_ACTIVE,Fitbit App
2026-05-23T13:56:00Z,MODERATELY_ACTIVE,Fitbit App
2026-05-23T13:57:00Z,VERY_ACTIVE,Fitbit App
2026-05-23T13:58:00Z,MODERATELY_ACTIVE,Fitbit App
2026-05-23T13:59:00Z,MODERATELY_ACTIVE,Fitbit App
2026-05-23T14:00:00Z,LIGHTLY_ACTIVE,Fitbit App
2026-05-23T14:01:00Z,SEDENTARY,Fitbit App
2026-05-23T14:05:00Z,SEDENTARY,Fitbit App
2026-05-23T14:06:00Z,SEDENTARY,Fitbit App
2026-05-23T14:07:00Z,SEDENTARY,Fitbit App
2026-05-23T14:08:00Z,SEDENTARY,Fitbit App
2026-05-23T14:09:00Z,SEDENTARY,Fitbit App
2026-05-23T14:10:00Z,LIGHTLY_ACTIVE,Fitbit App
2026-05-23T14:11:00Z,SEDENTARY,Fitbit App
2026-05-23T14:12:00Z,SEDENTARY,Fitbit App
2026-05-23T14:13:00Z,SEDENTARY,Fitbit App
2026-05-23T14:14:00Z,SEDENTARY,Fitbit App
2026-05-23T14:15:00Z,SEDENTARY,Fitbit App
2026-05-23T14:16:00Z,SEDENTARY,Fitbit App
2026-05-23T14:17:00Z,SEDENTARY,Fitbit App
2026-05-23T14:18:00Z,SEDENTARY,Fitbit App
2026-05-23T14:19:00Z,SEDENTARY,Fitbit App
2026-05-23T14:20:00Z,SEDENTARY,Fitbit App
2026-05-23T14:21:00Z,SEDENTARY,Fitbit App
2026-05-23T14:23:00Z,SEDENTARY,Fitbit App
2026-05-23T14:24:00Z,LIGHTLY_ACTIVE,Fitbit App
2026-05-23T14:25:00Z,LIGHTLY_ACTIVE,Fitbit App
2026-05-23T14:26:00Z,SEDENTARY,Fitbit App
2026-05-23T14:27:00Z,SEDENTARY,Fitbit App
2026-05-23T14:28:00Z,SEDENTARY,Fitbit App
2026-05-23T14:29:00Z,SEDENTARY,Fitbit App
2026-05-23T14:31:00Z,SEDENTARY,Fitbit App
2026-05-23T14:32:00Z,SEDENTARY,Fitbit App
2026-05-23T14:33:00Z,SEDENTARY,Fitbit App
2026-05-23T14:34:00Z,SEDENTARY,Fitbit App
2026-05-23T14:35:00Z,SEDENTARY,Fitbit App
2026-05-23T14:36:00Z,SEDENTARY,Fitbit App
2026-05-23T14:37:00Z,SEDENTARY,Fitbit App
2026-05-23T14:38:00Z,SEDENTARY,Fitbit App
2026-05-23T14:39:00Z,LIGHTLY_ACTIVE,Fitbit App
2026-05-23T14:40:00Z,SEDENTARY,Fitbit App
2026-05-23T14:41:00Z,SEDENTARY,Fitbit App
2026-05-23T14:43:00Z,SEDENTARY,Fitbit App
2026-05-23T14:45:00Z,SEDENTARY,Fitbit App
2026-05-23T14:54:00Z,SEDENTARY,Fitbit App
2026-05-23T14:58:00Z,SEDENTARY,Fitbit App
2026-05-23T14:59:00Z,SEDENTARY,Fitbit App
2026-05-23T15:00:00Z,LIGHTLY_ACTIVE,Fitbit App
2026-05-23T15:01:00Z,SEDENTARY,Fitbit App
2026-05-23T15:03:00Z,SEDENTARY,Fitbit App
2026-05-23T15:04:00Z,SEDENTARY,Fitbit App
2026-05-23T15:05:00Z,SEDENTARY,Fitbit App
2026-05-23T15:06:00Z,SEDENTARY,Fitbit App
2026-05-23T15:07:00Z,SEDENTARY,Fitbit App
2026-05-23T15:08:00Z,SEDENTARY,Fitbit App
2026-05-23T15:09:00Z,SEDENTARY,Fitbit App
2026-05-23T15:10:00Z,SEDENTARY,Fitbit App
2026-05-23T15:11:00Z,LIGHTLY_ACTIVE,Fitbit App
2026-05-23T15:12:00Z,LIGHTLY_ACTIVE,Fitbit App
2026-05-23T15:13:00Z,SEDENTARY,Fitbit App
2026-05-23T15:14:00Z,SEDENTARY,Fitbit App
2026-05-23T15:15:00Z,SEDENTARY,Fitbit App
2026-05-23T15:16:00Z,SEDENTARY,Fitbit App
2026-05-23T15:17:00Z,SEDENTARY,Fitbit App
2026-05-23T15:18:00Z,SEDENTARY,Fitbit App
2026-05-23T15:19:00Z,SEDENTARY,Fitbit App
2026-05-23T15:20:00Z,SEDENTARY,Fitbit App
2026-05-23T15:22:00Z,SEDENTARY,Fitbit App
2026-05-23T15:23:00Z,SEDENTARY,Fitbit App
2026-05-23T15:25:00Z,LIGHTLY_ACTIVE,Fitbit App
2026-05-23T15:26:00Z,MODERATELY_ACTIVE,Fitbit App
2026-05-23T15:27:00Z,LIGHTLY_ACTIVE,Fitbit App
2026-05-23T15:28:00Z,LIGHTLY_ACTIVE,Fitbit App
2026-05-23T15:29:00Z,LIGHTLY_ACTIVE,Fitbit App
2026-05-23T15:30:00Z,MODERATELY_ACTIVE,Fitbit App
2026-05-23T15:31:00Z,VERY_ACTIVE,Fitbit App
2026-05-23T15:32:00Z,MODERATELY_ACTIVE,Fitbit App
2026-05-23T15:33:00Z,MODERATELY_ACTIVE,Fitbit App
2026-05-23T15:34:00Z,MODERATELY_ACTIVE,Fitbit App
2026-05-23T15:35:00Z,MODERATELY_ACTIVE,Fitbit App
2026-05-23T15:36:00Z,MODERATELY_ACTIVE,Fitbit App
2026-05-23T15:37:00Z,MODERATELY_ACTIVE,Fitbit App
2026-05-23T15:38:00Z,MODERATELY_ACTIVE,Fitbit App
2026-05-23T15:39:00Z,MODERATELY_ACTIVE,Fitbit App
2026-05-23T15:40:00Z,LIGHTLY_ACTIVE,Fitbit App
2026-05-23T15:41:00Z,LIGHTLY_ACTIVE,Fitbit App
2026-05-23T15:42:00Z,LIGHTLY_ACTIVE,Fitbit App
2026-05-23T15:43:00Z,SEDENTARY,Fitbit App
2026-05-23T15:44:00Z,LIGHTLY_ACTIVE,Fitbit App
2026-05-23T15:45:00Z,LIGHTLY_ACTIVE,Fitbit App
2026-05-23T15:46:00Z,SEDENTARY,Fitbit App
2026-05-23T15:47:00Z,LIGHTLY_ACTIVE,Fitbit App
2026-05-23T15:48:00Z,LIGHTLY_ACTIVE,Fitbit App
2026-05-23T15:49:00Z,MODERATELY_ACTIVE,Fitbit App
2026-05-23T15:50:00Z,LIGHTLY_ACTIVE,Fitbit App
2026-05-23T15:51:00Z,LIGHTLY_ACTIVE,Fitbit App
2026-05-23T15:52:00Z,MODERATELY_ACTIVE,Fitbit App
2026-05-23T15:53:00Z,VERY_ACTIVE,Fitbit App
2026-05-23T15:54:00Z,MODERATELY_ACTIVE,Fitbit App
2026-05-23T15:55:00Z,MODERATELY_ACTIVE,Fitbit App
2026-05-23T15:56:00Z,MODERATELY_ACTIVE,Fitbit App
2026-05-23T15:57:00Z,MODERATELY_ACTIVE,Fitbit App
2026-05-23T15:58:00Z,MODERATELY_ACTIVE,Fitbit App
2026-05-23T15:59:00Z,LIGHTLY_ACTIVE,Fitbit App
2026-05-23T16:00:00Z,MODERATELY_ACTIVE,Fitbit App
2026-05-23T16:01:00Z,MODERATELY_ACTIVE,Fitbit App
2026-05-23T16:02:00Z,SEDENTARY,Fitbit App
2026-05-23T16:03:00Z,LIGHTLY_ACTIVE,Fitbit App
2026-05-23T16:04:00Z,SEDENTARY,Fitbit App
2026-05-23T16:05:00Z,SEDENTARY,Fitbit App
2026-05-23T16:06:00Z,SEDENTARY,Fitbit App
2026-05-23T16:07:00Z,SEDENTARY,Fitbit App
2026-05-23T16:08:00Z,SEDENTARY,Fitbit App
2026-05-23T16:09:00Z,SEDENTARY,Fitbit App
2026-05-23T16:10:00Z,SEDENTARY,Fitbit App
2026-05-23T16:11:00Z,SEDENTARY,Fitbit App
2026-05-23T16:12:00Z,SEDENTARY,Fitbit App
2026-05-23T16:13:00Z,SEDENTARY,Fitbit App
2026-05-23T16:14:00Z,SEDENTARY,Fitbit App
2026-05-23T16:15:00Z,SEDENTARY,Fitbit App
2026-05-23T16:16:00Z,SEDENTARY,Fitbit App
2026-05-23T16:17:00Z,SEDENTARY,Fitbit App
2026-05-23T16:18:00Z,SEDENTARY,Fitbit App
2026-05-23T16:19:00Z,LIGHTLY_ACTIVE,Fitbit App
2026-05-23T16:20:00Z,SEDENTARY,Fitbit App
2026-05-23T16:21:00Z,SEDENTARY,Fitbit App
2026-05-23T16:22:00Z,SEDENTARY,Fitbit App
2026-05-23T16:23:00Z,SEDENTARY,Fitbit App
2026-05-23T16:24:00Z,SEDENTARY,Fitbit App
2026-05-23T16:25:00Z,SEDENTARY,Fitbit App
2026-05-23T16:26:00Z,SEDENTARY,Fitbit App
2026-05-23T16:27:00Z,SEDENTARY,Fitbit App
2026-05-23T16:28:00Z,SEDENTARY,Fitbit App
2026-05-23T16:29:00Z,SEDENTARY,Fitbit App
2026-05-23T16:30:00Z,SEDENTARY,Fitbit App
2026-05-23T16:31:00Z,LIGHTLY_ACTIVE,Fitbit App
2026-05-23T16:32:00Z,LIGHTLY_ACTIVE,Fitbit App
2026-05-23T16:33:00Z,LIGHTLY_ACTIVE,Fitbit App
2026-05-23T16:34:00Z,LIGHTLY_ACTIVE,Fitbit App
2026-05-23T16:35:00Z,SEDENTARY,Fitbit App
2026-05-23T16:36:00Z,SEDENTARY,Fitbit App
2026-05-23T16:37:00Z,SEDENTARY,Fitbit App
2026-05-23T16:38:00Z,LIGHTLY_ACTIVE,Fitbit App
2026-05-23T16:39:00Z,LIGHTLY_ACTIVE,Fitbit App
2026-05-23T16:40:00Z,SEDENTARY,Fitbit App
2026-05-23T16:41:00Z,SEDENTARY,Fitbit App
2026-05-23T16:42:00Z,SEDENTARY,Fitbit App
2026-05-23T16:43:00Z,LIGHTLY_ACTIVE,Fitbit App
2026-05-23T16:44:00Z,SEDENTARY,Fitbit App
2026-05-23T16:45:00Z,SEDENTARY,Fitbit App
2026-05-23T16:46:00Z,LIGHTLY_ACTIVE,Fitbit App
2026-05-23T16:47:00Z,LIGHTLY_ACTIVE,Fitbit App
2026-05-23T16:48:00Z,LIGHTLY_ACTIVE,Fitbit App
2026-05-23T16:49:00Z,LIGHTLY_ACTIVE,Fitbit App
2026-05-23T16:50:00Z,LIGHTLY_ACTIVE,Fitbit App
2026-05-23T16:51:00Z,LIGHTLY_ACTIVE,Fitbit App
2026-05-23T16:52:00Z,LIGHTLY_ACTIVE,Fitbit App
2026-05-23T16:53:00Z,LIGHTLY_ACTIVE,Fitbit App
2026-05-23T16:54:00Z,LIGHTLY_ACTIVE,Fitbit App
2026-05-23T16:55:00Z,SEDENTARY,Fitbit App
2026-05-23T16:56:00Z,SEDENTARY,Fitbit App
2026-05-23T16:57:00Z,SEDENTARY,Fitbit App
2026-05-23T16:58:00Z,SEDENTARY,Fitbit App
2026-05-23T16:59:00Z,SEDENTARY,Fitbit App
2026-05-23T17:00:00Z,LIGHTLY_ACTIVE,Fitbit App
2026-05-23T17:01:00Z,MODERATELY_ACTIVE,Fitbit App
2026-05-23T17:02:00Z,MODERATELY_ACTIVE,Fitbit App
2026-05-23T17:03:00Z,MODERATELY_ACTIVE,Fitbit App
2026-05-23T17:04:00Z,SEDENTARY,Fitbit App
2026-05-23T17:05:00Z,SEDENTARY,Fitbit App
2026-05-23T17:06:00Z,SEDENTARY,Fitbit App
2026-05-23T17:07:00Z,SEDENTARY,Fitbit App
2026-05-23T17:08:00Z,SEDENTARY,Fitbit App
2026-05-23T17:09:00Z,SEDENTARY,Fitbit App
2026-05-23T17:10:00Z,SEDENTARY,Fitbit App
2026-05-23T17:11:00Z,SEDENTARY,Fitbit App
2026-05-23T17:12:00Z,SEDENTARY,Fitbit App
2026-05-23T17:13:00Z,LIGHTLY_ACTIVE,Fitbit App
2026-05-23T17:14:00Z,SEDENTARY,Fitbit App
2026-05-23T17:15:00Z,SEDENTARY,Fitbit App
2026-05-23T17:16:00Z,SEDENTARY,Fitbit App
2026-05-23T17:17:00Z,SEDENTARY,Fitbit App
2026-05-23T17:18:00Z,SEDENTARY,Fitbit App
2026-05-23T17:19:00Z,LIGHTLY_ACTIVE,Fitbit App
2026-05-23T17:20:00Z,SEDENTARY,Fitbit App
2026-05-23T17:21:00Z,SEDENTARY,Fitbit App
2026-05-23T17:22:00Z,LIGHTLY_ACTIVE,Fitbit App
2026-05-23T17:23:00Z,SEDENTARY,Fitbit App
2026-05-23T17:24:00Z,SEDENTARY,Fitbit App
2026-05-23T17:25:00Z,SEDENTARY,Fitbit App
2026-05-23T17:26:00Z,LIGHTLY_ACTIVE,Fitbit App
2026-05-23T17:27:00Z,SEDENTARY,Fitbit App
2026-05-23T17:28:00Z,SEDENTARY,Fitbit App
2026-05-23T17:29:00Z,LIGHTLY_ACTIVE,Fitbit App
2026-05-23T17:30:00Z,SEDENTARY,Fitbit App
2026-05-23T17:31:00Z,SEDENTARY,Fitbit App
2026-05-23T17:32:00Z,SEDENTARY,Fitbit App
2026-05-23T17:33:00Z,SEDENTARY,Fitbit App
2026-05-23T17:34:00Z,LIGHTLY_ACTIVE,Fitbit App
2026-05-23T17:35:00Z,MODERATELY_ACTIVE,Fitbit App
2026-05-23T17:36:00Z,MODERATELY_ACTIVE,Fitbit App
2026-05-23T17:37:00Z,SEDENTARY,Fitbit App
2026-05-23T17:38:00Z,SEDENTARY,Fitbit App
2026-05-23T17:39:00Z,SEDENTARY,Fitbit App
2026-05-23T17:40:00Z,SEDENTARY,Fitbit App
2026-05-23T17:41:00Z,SEDENTARY,Fitbit App
2026-05-23T17:42:00Z,SEDENTARY,Fitbit App
2026-05-23T17:43:00Z,SEDENTARY,Fitbit App
2026-05-23T17:44:00Z,SEDENTARY,Fitbit App
2026-05-23T17:45:00Z,SEDENTARY,Fitbit App
2026-05-23T17:46:00Z,SEDENTARY,Fitbit App
2026-05-23T17:47:00Z,SEDENTARY,Fitbit App
2026-05-23T17:48:00Z,SEDENTARY,Fitbit App
2026-05-23T17:49:00Z,LIGHTLY_ACTIVE,Fitbit App
2026-05-23T17:50:00Z,SEDENTARY,Fitbit App
2026-05-23T17:51:00Z,SEDENTARY,Fitbit App
2026-05-23T17:52:00Z,LIGHTLY_ACTIVE,Fitbit App
2026-05-23T17:53:00Z,LIGHTLY_ACTIVE,Fitbit App
2026-05-23T17:54:00Z,LIGHTLY_ACTIVE,Fitbit App
2026-05-23T17:55:00Z,SEDENTARY,Fitbit App
2026-05-23T17:56:00Z,SEDENTARY,Fitbit App
2026-05-23T17:57:00Z,SEDENTARY,Fitbit App
2026-05-23T17:58:00Z,LIGHTLY_ACTIVE,Fitbit App
2026-05-23T17:59:00Z,LIGHTLY_ACTIVE,Fitbit App
2026-05-23T18:00:00Z,SEDENTARY,Fitbit App
2026-05-23T18:01:00Z,SEDENTARY,Fitbit App
2026-05-23T18:02:00Z,SEDENTARY,Fitbit App
2026-05-23T18:03:00Z,SEDENTARY,Fitbit App
2026-05-23T18:04:00Z,SEDENTARY,Fitbit App
2026-05-23T18:05:00Z,LIGHTLY_ACTIVE,Fitbit App
2026-05-23T18:06:00Z,SEDENTARY,Fitbit App
2026-05-23T18:07:00Z,SEDENTARY,Fitbit App
2026-05-23T18:08:00Z,LIGHTLY_ACTIVE,Fitbit App
2026-05-23T18:09:00Z,LIGHTLY_ACTIVE,Fitbit App
2026-05-23T18:10:00Z,SEDENTARY,Fitbit App
2026-05-23T18:11:00Z,SEDENTARY,Fitbit App
2026-05-23T18:12:00Z,LIGHTLY_ACTIVE,Fitbit App
2026-05-23T18:13:00Z,LIGHTLY_ACTIVE,Fitbit App
2026-05-23T18:14:00Z,SEDENTARY,Fitbit App
2026-05-23T18:15:00Z,SEDENTARY,Fitbit App
2026-05-23T18:16:00Z,SEDENTARY,Fitbit App
2026-05-23T18:17:00Z,SEDENTARY,Fitbit App
2026-05-23T18:18:00Z,LIGHTLY_ACTIVE,Fitbit App
2026-05-23T18:19:00Z,LIGHTLY_ACTIVE,Fitbit App
2026-05-23T18:20:00Z,SEDENTARY,Fitbit App
2026-05-23T18:21:00Z,SEDENTARY,Fitbit App
2026-05-23T18:22:00Z,SEDENTARY,Fitbit App
2026-05-23T18:23:00Z,SEDENTARY,Fitbit App
2026-05-23T18:24:00Z,SEDENTARY,Fitbit App
2026-05-23T18:25:00Z,LIGHTLY_ACTIVE,Fitbit App
2026-05-23T18:26:00Z,SEDENTARY,Fitbit App
2026-05-23T18:27:00Z,LIGHTLY_ACTIVE,Fitbit App
2026-05-23T18:28:00Z,LIGHTLY_ACTIVE,Fitbit App
2026-05-23T18:29:00Z,SEDENTARY,Fitbit App
2026-05-23T18:30:00Z,LIGHTLY_ACTIVE,Fitbit App
2026-05-23T18:31:00Z,LIGHTLY_ACTIVE,Fitbit App
2026-05-23T18:32:00Z,SEDENTARY,Fitbit App
2026-05-23T18:33:00Z,SEDENTARY,Fitbit App
2026-05-23T18:34:00Z,LIGHTLY_ACTIVE,Fitbit App
2026-05-23T18:35:00Z,SEDENTARY,Fitbit App
2026-05-23T18:36:00Z,LIGHTLY_ACTIVE,Fitbit App
2026-05-23T18:37:00Z,LIGHTLY_ACTIVE,Fitbit App
2026-05-23T18:38:00Z,LIGHTLY_ACTIVE,Fitbit App
2026-05-23T18:39:00Z,SEDENTARY,Fitbit App
2026-05-23T18:40:00Z,SEDENTARY,Fitbit App
2026-05-23T18:41:00Z,SEDENTARY,Fitbit App
2026-05-23T18:42:00Z,SEDENTARY,Fitbit App
2026-05-23T18:43:00Z,LIGHTLY_ACTIVE,Fitbit App
2026-05-23T18:44:00Z,LIGHTLY_ACTIVE,Fitbit App
2026-05-23T18:45:00Z,LIGHTLY_ACTIVE,Fitbit App
2026-05-23T18:46:00Z,LIGHTLY_ACTIVE,Fitbit App
2026-05-23T18:47:00Z,MODERATELY_ACTIVE,Fitbit App
2026-05-23T18:48:00Z,LIGHTLY_ACTIVE,Fitbit App
2026-05-23T18:49:00Z,LIGHTLY_ACTIVE,Fitbit App
2026-05-23T18:50:00Z,SEDENTARY,Fitbit App
2026-05-23T18:51:00Z,LIGHTLY_ACTIVE,Fitbit App
2026-05-23T18:52:00Z,LIGHTLY_ACTIVE,Fitbit App
2026-05-23T18:53:00Z,SEDENTARY,Fitbit App
2026-05-23T18:54:00Z,SEDENTARY,Fitbit App
2026-05-23T18:55:00Z,SEDENTARY,Fitbit App
2026-05-23T18:56:00Z,SEDENTARY,Fitbit App
2026-05-23T18:57:00Z,LIGHTLY_ACTIVE,Fitbit App
2026-05-23T18:58:00Z,LIGHTLY_ACTIVE,Fitbit App
2026-05-23T18:59:00Z,LIGHTLY_ACTIVE,Fitbit App
2026-05-23T19:00:00Z,LIGHTLY_ACTIVE,Fitbit App
2026-05-23T19:01:00Z,LIGHTLY_ACTIVE,Fitbit App
2026-05-23T19:02:00Z,SEDENTARY,Fitbit App
2026-05-23T19:03:00Z,SEDENTARY,Fitbit App
2026-05-23T19:04:00Z,SEDENTARY,Fitbit App
2026-05-23T19:05:00Z,SEDENTARY,Fitbit App
2026-05-23T19:07:00Z,SEDENTARY,Fitbit App
2026-05-23T19:08:00Z,LIGHTLY_ACTIVE,Fitbit App
2026-05-23T19:09:00Z,SEDENTARY,Fitbit App
2026-05-23T19:10:00Z,LIGHTLY_ACTIVE,Fitbit App
2026-05-23T19:11:00Z,SEDENTARY,Fitbit App
2026-05-23T19:12:00Z,SEDENTARY,Fitbit App
2026-05-23T19:13:00Z,SEDENTARY,Fitbit App
2026-05-23T19:14:00Z,SEDENTARY,Fitbit App
2026-05-23T19:15:00Z,SEDENTARY,Fitbit App
2026-05-23T19:16:00Z,SEDENTARY,Fitbit App
2026-05-23T19:17:00Z,SEDENTARY,Fitbit App
2026-05-23T19:18:00Z,SEDENTARY,Fitbit App
2026-05-23T19:19:00Z,SEDENTARY,Fitbit App
2026-05-23T19:20:00Z,SEDENTARY,Fitbit App
2026-05-23T19:21:00Z,SEDENTARY,Fitbit App
2026-05-23T19:22:00Z,LIGHTLY_ACTIVE,Fitbit App
2026-05-23T19:23:00Z,LIGHTLY_ACTIVE,Fitbit App
2026-05-23T19:24:00Z,LIGHTLY_ACTIVE,Fitbit App
2026-05-23T19:25:00Z,LIGHTLY_ACTIVE,Fitbit App
2026-05-23T19:26:00Z,SEDENTARY,Fitbit App
2026-05-23T19:27:00Z,LIGHTLY_ACTIVE,Fitbit App
2026-05-23T19:28:00Z,LIGHTLY_ACTIVE,Fitbit App
2026-05-23T19:29:00Z,LIGHTLY_ACTIVE,Fitbit App
2026-05-23T19:30:00Z,LIGHTLY_ACTIVE,Fitbit App
2026-05-23T19:31:00Z,LIGHTLY_ACTIVE,Fitbit App
2026-05-23T19:32:00Z,LIGHTLY_ACTIVE,Fitbit App
2026-05-23T19:33:00Z,LIGHTLY_ACTIVE,Fitbit App
2026-05-23T19:34:00Z,LIGHTLY_ACTIVE,Fitbit App
2026-05-23T19:35:00Z,SEDENTARY,Fitbit App
2026-05-23T19:36:00Z,SEDENTARY,Fitbit App
2026-05-23T19:45:00Z,SEDENTARY,Fitbit App
2026-05-23T19:46:00Z,LIGHTLY_ACTIVE,Fitbit App
2026-05-23T19:52:00Z,SEDENTARY,Fitbit App
2026-05-23T19:57:00Z,SEDENTARY,Fitbit App
2026-05-23T20:11:00Z,SEDENTARY,Fitbit App
2026-05-23T20:12:00Z,SEDENTARY,Fitbit App
2026-05-23T20:14:00Z,SEDENTARY,Fitbit App
2026-05-23T20:19:00Z,SEDENTARY,Fitbit App
2026-05-23T20:20:00Z,SEDENTARY,Fitbit App
2026-05-23T20:21:00Z,LIGHTLY_ACTIVE,Fitbit App
2026-05-23T20:22:00Z,LIGHTLY_ACTIVE,Fitbit App
2026-05-23T20:23:00Z,LIGHTLY_ACTIVE,Fitbit App
2026-05-23T20:24:00Z,SEDENTARY,Fitbit App
2026-05-23T20:29:00Z,SEDENTARY,Fitbit App
2026-05-23T20:38:00Z,SEDENTARY,Fitbit App
2026-05-23T20:47:00Z,LIGHTLY_ACTIVE,Fitbit App
2026-05-23T20:48:00Z,LIGHTLY_ACTIVE,Fitbit App
2026-05-23T20:49:00Z,LIGHTLY_ACTIVE,Fitbit App
2026-05-23T20:50:00Z,LIGHTLY_ACTIVE,Fitbit App
2026-05-23T20:51:00Z,MODERATELY_ACTIVE,Fitbit App
2026-05-23T20:52:00Z,LIGHTLY_ACTIVE,Fitbit App
2026-05-23T20:53:00Z,LIGHTLY_ACTIVE,Fitbit App
2026-05-23T20:54:00Z,MODERATELY_ACTIVE,Fitbit App
2026-05-23T20:55:00Z,LIGHTLY_ACTIVE,Fitbit App
2026-05-23T20:56:00Z,LIGHTLY_ACTIVE,Fitbit App
2026-05-23T20:57:00Z,SEDENTARY,Fitbit App
2026-05-23T20:58:00Z,SEDENTARY,Fitbit App
2026-05-23T20:59:00Z,SEDENTARY,Fitbit App
2026-05-23T21:00:00Z,SEDENTARY,Fitbit App
2026-05-23T21:01:00Z,SEDENTARY,Fitbit App
2026-05-23T21:02:00Z,SEDENTARY,Fitbit App
2026-05-23T21:03:00Z,SEDENTARY,Fitbit App
2026-05-23T21:04:00Z,SEDENTARY,Fitbit App
2026-05-23T21:05:00Z,SEDENTARY,Fitbit App
2026-05-23T21:06:00Z,SEDENTARY,Fitbit App
2026-05-23T21:07:00Z,SEDENTARY,Fitbit App
2026-05-23T21:08:00Z,SEDENTARY,Fitbit App
2026-05-23T21:09:00Z,SEDENTARY,Fitbit App
2026-05-23T21:10:00Z,SEDENTARY,Fitbit App
2026-05-23T21:11:00Z,SEDENTARY,Fitbit App
2026-05-23T21:12:00Z,SEDENTARY,Fitbit App
2026-05-23T21:13:00Z,LIGHTLY_ACTIVE,Fitbit App
2026-05-23T21:14:00Z,SEDENTARY,Fitbit App
2026-05-23T21:15:00Z,LIGHTLY_ACTIVE,Fitbit App
2026-05-23T21:16:00Z,LIGHTLY_ACTIVE,Fitbit App
2026-05-23T21:17:00Z,LIGHTLY_ACTIVE,Fitbit App
2026-05-23T21:18:00Z,LIGHTLY_ACTIVE,Fitbit App
2026-05-23T21:19:00Z,LIGHTLY_ACTIVE,Fitbit App
2026-05-23T21:20:00Z,LIGHTLY_ACTIVE,Fitbit App
2026-05-23T21:21:00Z,LIGHTLY_ACTIVE,Fitbit App
2026-05-23T21:22:00Z,MODERATELY_ACTIVE,Fitbit App
2026-05-23T21:23:00Z,LIGHTLY_ACTIVE,Fitbit App
2026-05-23T21:24:00Z,LIGHTLY_ACTIVE,Fitbit App
2026-05-23T21:25:00Z,LIGHTLY_ACTIVE,Fitbit App
2026-05-23T21:26:00Z,LIGHTLY_ACTIVE,Fitbit App
2026-05-23T21:27:00Z,LIGHTLY_ACTIVE,Fitbit App
2026-05-23T21:28:00Z,LIGHTLY_ACTIVE,Fitbit App
2026-05-23T21:29:00Z,LIGHTLY_ACTIVE,Fitbit App
2026-05-23T21:30:00Z,LIGHTLY_ACTIVE,Fitbit App
2026-05-23T21:31:00Z,LIGHTLY_ACTIVE,Fitbit App
2026-05-23T21:32:00Z,SEDENTARY,Fitbit App
2026-05-23T21:33:00Z,SEDENTARY,Fitbit App
2026-05-23T21:34:00Z,SEDENTARY,Fitbit App
2026-05-23T21:35:00Z,LIGHTLY_ACTIVE,Fitbit App
2026-05-23T21:36:00Z,LIGHTLY_ACTIVE,Fitbit App
2026-05-23T21:37:00Z,SEDENTARY,Fitbit App
2026-05-23T21:38:00Z,SEDENTARY,Fitbit App
2026-05-23T21:39:00Z,SEDENTARY,Fitbit App
2026-05-23T21:40:00Z,LIGHTLY_ACTIVE,Fitbit App
2026-05-23T21:41:00Z,SEDENTARY,Fitbit App
2026-05-23T21:42:00Z,LIGHTLY_ACTIVE,Fitbit App
2026-05-23T21:44:00Z,LIGHTLY_ACTIVE,Fitbit App
2026-05-23T21:45:00Z,LIGHTLY_ACTIVE,Fitbit App
2026-05-23T21:46:00Z,SEDENTARY,Fitbit App
2026-05-23T21:47:00Z,SEDENTARY,Fitbit App
2026-05-23T21:48:00Z,SEDENTARY,Fitbit App
2026-05-23T21:49:00Z,SEDENTARY,Fitbit App
2026-05-23T21:50:00Z,SEDENTARY,Fitbit App
2026-05-23T21:52:00Z,SEDENTARY,Fitbit App
2026-05-23T21:53:00Z,SEDENTARY,Fitbit App
2026-05-23T21:54:00Z,SEDENTARY,Fitbit App
2026-05-23T22:01:00Z,SEDENTARY,Fitbit App
2026-05-23T22:02:00Z,LIGHTLY_ACTIVE,Fitbit App
2026-05-23T22:03:00Z,LIGHTLY_ACTIVE,Fitbit App
2026-05-23T22:04:00Z,SEDENTARY,Fitbit App
2026-05-23T22:05:00Z,SEDENTARY,Fitbit App
2026-05-23T22:06:00Z,SEDENTARY,Fitbit App
2026-05-23T22:09:00Z,SEDENTARY,Fitbit App
2026-05-23T22:10:00Z,SEDENTARY,Fitbit App
2026-05-23T22:11:00Z,SEDENTARY,Fitbit App
2026-05-23T22:13:00Z,SEDENTARY,Fitbit App
2026-05-23T22:14:00Z,SEDENTARY,Fitbit App
2026-05-23T22:15:00Z,LIGHTLY_ACTIVE,Fitbit App
2026-05-23T22:16:00Z,SEDENTARY,Fitbit App
2026-05-23T22:17:00Z,SEDENTARY,Fitbit App
2026-05-23T22:18:00Z,SEDENTARY,Fitbit App
2026-05-23T22:20:00Z,SEDENTARY,Fitbit App
2026-05-23T22:22:00Z,SEDENTARY,Fitbit App
2026-05-23T22:23:00Z,LIGHTLY_ACTIVE,Fitbit App
2026-05-23T22:24:00Z,LIGHTLY_ACTIVE,Fitbit App
2026-05-23T22:25:00Z,SEDENTARY,Fitbit App
2026-05-23T22:28:00Z,SEDENTARY,Fitbit App
2026-05-23T22:37:00Z,SEDENTARY,Fitbit App
2026-05-23T22:41:00Z,SEDENTARY,Fitbit App
2026-05-23T22:43:00Z,SEDENTARY,Fitbit App
2026-05-23T22:46:00Z,SEDENTARY,Fitbit App
2026-05-23T22:49:00Z,SEDENTARY,Fitbit App
2026-05-23T22:50:00Z,SEDENTARY,Fitbit App
2026-05-23T22:51:00Z,SEDENTARY,Fitbit App
2026-05-23T22:52:00Z,SEDENTARY,Fitbit App
2026-05-23T22:56:00Z,SEDENTARY,Fitbit App
2026-05-23T22:57:00Z,SEDENTARY,Fitbit App
2026-05-23T23:08:00Z,LIGHTLY_ACTIVE,Fitbit App
2026-05-23T23:09:00Z,SEDENTARY,Fitbit App
2026-05-23T23:10:00Z,SEDENTARY,Fitbit App
2026-05-23T23:13:00Z,SEDENTARY,Fitbit App
2026-05-23T23:26:00Z,SEDENTARY,Fitbit App
2026-05-23T23:54:00Z,SEDENTARY,Fitbit App
2026-05-23T23:55:00Z,SEDENTARY,Fitbit App
2026-05-24T01:22:00Z,SEDENTARY,Fitbit App
2026-05-24T01:39:00Z,LIGHTLY_ACTIVE,Fitbit App
2026-05-24T02:26:00Z,SEDENTARY,Fitbit App
2026-05-24T03:16:00Z,SEDENTARY,Fitbit App
2026-05-24T03:25:00Z,SEDENTARY,Fitbit App
2026-05-24T04:17:00Z,SEDENTARY,Fitbit App
2026-05-24T04:39:00Z,SEDENTARY,Fitbit App
2026-05-24T04:47:00Z,SEDENTARY,Fitbit App
2026-05-24T05:01:00Z,SEDENTARY,Fitbit App
2026-05-24T05:04:00Z,SEDENTARY,Fitbit App
2026-05-24T05:07:00Z,SEDENTARY,Fitbit App
2026-05-24T05:14:00Z,SEDENTARY,Fitbit App
2026-05-24T05:21:00Z,SEDENTARY,Fitbit App
2026-05-24T05:32:00Z,SEDENTARY,Fitbit App
2026-05-24T06:40:00Z,SEDENTARY,Fitbit App
2026-05-24T06:44:00Z,SEDENTARY,Fitbit App
2026-05-24T06:49:00Z,SEDENTARY,Fitbit App
2026-05-24T06:58:00Z,SEDENTARY,Fitbit App
2026-05-24T07:01:00Z,SEDENTARY,Fitbit App
2026-05-24T07:02:00Z,SEDENTARY,Fitbit App
2026-05-24T07:03:00Z,SEDENTARY,Fitbit App
2026-05-24T07:04:00Z,SEDENTARY,Fitbit App
2026-05-24T07:16:00Z,SEDENTARY,Fitbit App
2026-05-24T07:17:00Z,SEDENTARY,Fitbit App
2026-05-24T07:22:00Z,LIGHTLY_ACTIVE,Fitbit App
2026-05-24T07:23:00Z,LIGHTLY_ACTIVE,Fitbit App
2026-05-24T07:24:00Z,LIGHTLY_ACTIVE,Fitbit App
2026-05-24T07:25:00Z,LIGHTLY_ACTIVE,Fitbit App
2026-05-24T07:26:00Z,LIGHTLY_ACTIVE,Fitbit App
2026-05-24T07:27:00Z,LIGHTLY_ACTIVE,Fitbit App
2026-05-24T07:28:00Z,MODERATELY_ACTIVE,Fitbit App
2026-05-24T07:29:00Z,LIGHTLY_ACTIVE,Fitbit App
2026-05-24T07:30:00Z,LIGHTLY_ACTIVE,Fitbit App
2026-05-24T07:31:00Z,LIGHTLY_ACTIVE,Fitbit App
2026-05-24T07:32:00Z,MODERATELY_ACTIVE,Fitbit App
2026-05-24T07:33:00Z,LIGHTLY_ACTIVE,Fitbit App
2026-05-24T07:34:00Z,SEDENTARY,Fitbit App
2026-05-24T07:35:00Z,LIGHTLY_ACTIVE,Fitbit App
2026-05-24T07:36:00Z,LIGHTLY_ACTIVE,Fitbit App
2026-05-24T07:37:00Z,LIGHTLY_ACTIVE,Fitbit App
2026-05-24T07:38:00Z,LIGHTLY_ACTIVE,Fitbit App
2026-05-24T07:39:00Z,MODERATELY_ACTIVE,Fitbit App
2026-05-24T07:40:00Z,MODERATELY_ACTIVE,Fitbit App
2026-05-24T07:41:00Z,MODERATELY_ACTIVE,Fitbit App
2026-05-24T07:42:00Z,LIGHTLY_ACTIVE,Fitbit App
2026-05-24T07:43:00Z,MODERATELY_ACTIVE,Fitbit App
2026-05-24T07:44:00Z,MODERATELY_ACTIVE,Fitbit App
2026-05-24T07:45:00Z,LIGHTLY_ACTIVE,Fitbit App
2026-05-24T07:46:00Z,LIGHTLY_ACTIVE,Fitbit App
2026-05-24T07:47:00Z,LIGHTLY_ACTIVE,Fitbit App
2026-05-24T07:48:00Z,MODERATELY_ACTIVE,Fitbit App
2026-05-24T07:49:00Z,MODERATELY_ACTIVE,Fitbit App
2026-05-24T07:50:00Z,MODERATELY_ACTIVE,Fitbit App
2026-05-24T07:51:00Z,LIGHTLY_ACTIVE,Fitbit App
2026-05-24T07:52:00Z,MODERATELY_ACTIVE,Fitbit App
2026-05-24T07:53:00Z,LIGHTLY_ACTIVE,Fitbit App
2026-05-24T07:54:00Z,LIGHTLY_ACTIVE,Fitbit App
2026-05-24T07:55:00Z,LIGHTLY_ACTIVE,Fitbit App
2026-05-24T07:56:00Z,MODERATELY_ACTIVE,Fitbit App
2026-05-24T07:57:00Z,LIGHTLY_ACTIVE,Fitbit App
2026-05-24T07:58:00Z,SEDENTARY,Fitbit App
2026-05-24T07:59:00Z,LIGHTLY_ACTIVE,Fitbit App
2026-05-24T08:00:00Z,LIGHTLY_ACTIVE,Fitbit App
2026-05-24T08:01:00Z,LIGHTLY_ACTIVE,Fitbit App
2026-05-24T08:02:00Z,SEDENTARY,Fitbit App
2026-05-24T08:03:00Z,SEDENTARY,Fitbit App
2026-05-24T08:04:00Z,SEDENTARY,Fitbit App
2026-05-24T08:05:00Z,SEDENTARY,Fitbit App
2026-05-24T08:06:00Z,SEDENTARY,Fitbit App
2026-05-24T08:07:00Z,SEDENTARY,Fitbit App
2026-05-24T08:08:00Z,SEDENTARY,Fitbit App
2026-05-24T08:09:00Z,SEDENTARY,Fitbit App
2026-05-24T08:10:00Z,SEDENTARY,Fitbit App
2026-05-24T08:11:00Z,SEDENTARY,Fitbit App
2026-05-24T08:12:00Z,SEDENTARY,Fitbit App
2026-05-24T08:13:00Z,LIGHTLY_ACTIVE,Fitbit App
2026-05-24T08:14:00Z,LIGHTLY_ACTIVE,Fitbit App
2026-05-24T08:15:00Z,SEDENTARY,Fitbit App
2026-05-24T08:16:00Z,SEDENTARY,Fitbit App
2026-05-24T08:17:00Z,SEDENTARY,Fitbit App
2026-05-24T08:18:00Z,SEDENTARY,Fitbit App
2026-05-24T08:19:00Z,SEDENTARY,Fitbit App
2026-05-24T08:20:00Z,SEDENTARY,Fitbit App
2026-05-24T08:21:00Z,SEDENTARY,Fitbit App
2026-05-24T08:22:00Z,SEDENTARY,Fitbit App
2026-05-24T08:23:00Z,SEDENTARY,Fitbit App
2026-05-24T08:24:00Z,LIGHTLY_ACTIVE,Fitbit App
2026-05-24T08:25:00Z,SEDENTARY,Fitbit App
2026-05-24T08:26:00Z,SEDENTARY,Fitbit App
2026-05-24T08:27:00Z,SEDENTARY,Fitbit App
2026-05-24T08:28:00Z,SEDENTARY,Fitbit App
2026-05-24T08:29:00Z,SEDENTARY,Fitbit App
2026-05-24T08:30:00Z,SEDENTARY,Fitbit App
2026-05-24T08:31:00Z,SEDENTARY,Fitbit App
2026-05-24T08:32:00Z,SEDENTARY,Fitbit App
2026-05-24T08:33:00Z,SEDENTARY,Fitbit App
2026-05-24T08:34:00Z,SEDENTARY,Fitbit App
2026-05-24T08:35:00Z,SEDENTARY,Fitbit App
2026-05-24T08:36:00Z,SEDENTARY,Fitbit App
2026-05-24T08:37:00Z,SEDENTARY,Fitbit App
2026-05-24T08:38:00Z,SEDENTARY,Fitbit App
2026-05-24T08:39:00Z,SEDENTARY,Fitbit App
2026-05-24T08:40:00Z,SEDENTARY,Fitbit App
2026-05-24T08:41:00Z,SEDENTARY,Fitbit App
2026-05-24T08:42:00Z,SEDENTARY,Fitbit App
2026-05-24T08:43:00Z,SEDENTARY,Fitbit App
2026-05-24T08:44:00Z,SEDENTARY,Fitbit App
2026-05-24T08:45:00Z,SEDENTARY,Fitbit App
2026-05-24T08:46:00Z,LIGHTLY_ACTIVE,Fitbit App
2026-05-24T08:47:00Z,LIGHTLY_ACTIVE,Fitbit App
2026-05-24T08:48:00Z,MODERATELY_ACTIVE,Fitbit App
2026-05-24T08:49:00Z,SEDENTARY,Fitbit App
2026-05-24T08:51:00Z,SEDENTARY,Fitbit App
2026-05-24T08:57:00Z,LIGHTLY_ACTIVE,Fitbit App
2026-05-24T08:58:00Z,SEDENTARY,Fitbit App
2026-05-24T09:01:00Z,SEDENTARY,Fitbit App
2026-05-24T09:06:00Z,SEDENTARY,Fitbit App
2026-05-24T09:08:00Z,SEDENTARY,Fitbit App
2026-05-24T09:09:00Z,SEDENTARY,Fitbit App
2026-05-24T09:11:00Z,SEDENTARY,Fitbit App
2026-05-24T09:12:00Z,SEDENTARY,Fitbit App
2026-05-24T09:13:00Z,SEDENTARY,Fitbit App
2026-05-24T09:14:00Z,MODERATELY_ACTIVE,Fitbit App
2026-05-24T09:15:00Z,LIGHTLY_ACTIVE,Fitbit App
2026-05-24T09:16:00Z,SEDENTARY,Fitbit App
2026-05-24T09:17:00Z,SEDENTARY,Fitbit App
2026-05-24T09:18:00Z,LIGHTLY_ACTIVE,Fitbit App
2026-05-24T09:19:00Z,SEDENTARY,Fitbit App
2026-05-24T09:20:00Z,SEDENTARY,Fitbit App
2026-05-24T09:21:00Z,SEDENTARY,Fitbit App
2026-05-24T09:22:00Z,LIGHTLY_ACTIVE,Fitbit App
2026-05-24T09:23:00Z,SEDENTARY,Fitbit App
2026-05-24T09:24:00Z,SEDENTARY,Fitbit App
2026-05-24T09:28:00Z,VERY_ACTIVE,Fitbit App
2026-05-24T09:29:00Z,LIGHTLY_ACTIVE,Fitbit App
2026-05-24T09:30:00Z,LIGHTLY_ACTIVE,Fitbit App
2026-05-24T09:31:00Z,LIGHTLY_ACTIVE,Fitbit App
2026-05-24T09:32:00Z,SEDENTARY,Fitbit App
2026-05-24T09:33:00Z,SEDENTARY,Fitbit App
2026-05-24T09:34:00Z,SEDENTARY,Fitbit App
2026-05-24T09:38:00Z,SEDENTARY,Fitbit App
2026-05-24T09:40:00Z,LIGHTLY_ACTIVE,Fitbit App
2026-05-24T09:41:00Z,LIGHTLY_ACTIVE,Fitbit App
2026-05-24T09:50:00Z,LIGHTLY_ACTIVE,Fitbit App
2026-05-24T09:51:00Z,LIGHTLY_ACTIVE,Fitbit App
2026-05-24T09:52:00Z,MODERATELY_ACTIVE,Fitbit App
2026-05-24T09:53:00Z,MODERATELY_ACTIVE,Fitbit App
2026-05-24T09:54:00Z,LIGHTLY_ACTIVE,Fitbit App
2026-05-24T09:55:00Z,LIGHTLY_ACTIVE,Fitbit App
2026-05-24T09:56:00Z,MODERATELY_ACTIVE,Fitbit App
2026-05-24T09:57:00Z,LIGHTLY_ACTIVE,Fitbit App
2026-05-24T09:58:00Z,LIGHTLY_ACTIVE,Fitbit App
2026-05-24T09:59:00Z,SEDENTARY,Fitbit App
2026-05-24T10:00:00Z,LIGHTLY_ACTIVE,Fitbit App
2026-05-24T10:01:00Z,LIGHTLY_ACTIVE,Fitbit App
2026-05-24T10:02:00Z,LIGHTLY_ACTIVE,Fitbit App
2026-05-24T10:03:00Z,LIGHTLY_ACTIVE,Fitbit App
2026-05-24T10:04:00Z,LIGHTLY_ACTIVE,Fitbit App
2026-05-24T10:05:00Z,LIGHTLY_ACTIVE,Fitbit App
2026-05-24T10:06:00Z,SEDENTARY,Fitbit App
2026-05-24T10:07:00Z,LIGHTLY_ACTIVE,Fitbit App
2026-05-24T10:08:00Z,LIGHTLY_ACTIVE,Fitbit App
2026-05-24T10:09:00Z,LIGHTLY_ACTIVE,Fitbit App
2026-05-24T10:10:00Z,LIGHTLY_ACTIVE,Fitbit App
2026-05-24T10:11:00Z,LIGHTLY_ACTIVE,Fitbit App
2026-05-24T10:12:00Z,LIGHTLY_ACTIVE,Fitbit App
2026-05-24T10:13:00Z,LIGHTLY_ACTIVE,Fitbit App
2026-05-24T10:14:00Z,LIGHTLY_ACTIVE,Fitbit App
2026-05-24T10:15:00Z,LIGHTLY_ACTIVE,Fitbit App
2026-05-24T10:16:00Z,LIGHTLY_ACTIVE,Fitbit App
2026-05-24T10:17:00Z,MODERATELY_ACTIVE,Fitbit App
2026-05-24T10:18:00Z,LIGHTLY_ACTIVE,Fitbit App
2026-05-24T10:19:00Z,MODERATELY_ACTIVE,Fitbit App
2026-05-24T10:20:00Z,LIGHTLY_ACTIVE,Fitbit App
2026-05-24T10:21:00Z,SEDENTARY,Fitbit App
2026-05-24T10:22:00Z,SEDENTARY,Fitbit App
2026-05-24T10:23:00Z,SEDENTARY,Fitbit App
2026-05-24T10:24:00Z,SEDENTARY,Fitbit App
2026-05-24T10:25:00Z,SEDENTARY,Fitbit App
2026-05-24T10:26:00Z,SEDENTARY,Fitbit App
2026-05-24T10:27:00Z,LIGHTLY_ACTIVE,Fitbit App
2026-05-24T10:28:00Z,SEDENTARY,Fitbit App
2026-05-24T10:30:00Z,SEDENTARY,Fitbit App
2026-05-24T10:31:00Z,SEDENTARY,Fitbit App
2026-05-24T10:32:00Z,SEDENTARY,Fitbit App
2026-05-24T10:33:00Z,LIGHTLY_ACTIVE,Fitbit App
2026-05-24T10:34:00Z,LIGHTLY_ACTIVE,Fitbit App
2026-05-24T10:35:00Z,LIGHTLY_ACTIVE,Fitbit App
2026-05-24T10:36:00Z,SEDENTARY,Fitbit App
2026-05-24T10:37:00Z,LIGHTLY_ACTIVE,Fitbit App
2026-05-24T10:38:00Z,SEDENTARY,Fitbit App
2026-05-24T10:39:00Z,SEDENTARY,Fitbit App
2026-05-24T10:40:00Z,LIGHTLY_ACTIVE,Fitbit App
2026-05-24T10:41:00Z,VERY_ACTIVE,Fitbit App
2026-05-24T10:42:00Z,VERY_ACTIVE,Fitbit App
2026-05-24T10:43:00Z,VERY_ACTIVE,Fitbit App
2026-05-24T10:44:00Z,MODERATELY_ACTIVE,Fitbit App
2026-05-24T10:45:00Z,VERY_ACTIVE,Fitbit App
2026-05-24T10:46:00Z,VERY_ACTIVE,Fitbit App
2026-05-24T10:47:00Z,MODERATELY_ACTIVE,Fitbit App
2026-05-24T10:48:00Z,VERY_ACTIVE,Fitbit App
2026-05-24T10:49:00Z,MODERATELY_ACTIVE,Fitbit App
2026-05-24T10:50:00Z,VERY_ACTIVE,Fitbit App
2026-05-24T10:51:00Z,VERY_ACTIVE,Fitbit App
2026-05-24T10:52:00Z,MODERATELY_ACTIVE,Fitbit App
2026-05-24T10:53:00Z,VERY_ACTIVE,Fitbit App
2026-05-24T10:54:00Z,MODERATELY_ACTIVE,Fitbit App
2026-05-24T10:55:00Z,LIGHTLY_ACTIVE,Fitbit App
2026-05-24T10:56:00Z,LIGHTLY_ACTIVE,Fitbit App
2026-05-24T10:57:00Z,MODERATELY_ACTIVE,Fitbit App
2026-05-24T10:58:00Z,MODERATELY_ACTIVE,Fitbit App
2026-05-24T10:59:00Z,MODERATELY_ACTIVE,Fitbit App
2026-05-24T11:00:00Z,MODERATELY_ACTIVE,Fitbit App
2026-05-24T11:01:00Z,MODERATELY_ACTIVE,Fitbit App
2026-05-24T11:02:00Z,MODERATELY_ACTIVE,Fitbit App
2026-05-24T11:03:00Z,VERY_ACTIVE,Fitbit App
2026-05-24T11:04:00Z,MODERATELY_ACTIVE,Fitbit App
2026-05-24T11:05:00Z,MODERATELY_ACTIVE,Fitbit App
2026-05-24T11:06:00Z,VERY_ACTIVE,Fitbit App
2026-05-24T11:07:00Z,MODERATELY_ACTIVE,Fitbit App
2026-05-24T11:08:00Z,VERY_ACTIVE,Fitbit App
2026-05-24T11:09:00Z,MODERATELY_ACTIVE,Fitbit App
2026-05-24T11:10:00Z,VERY_ACTIVE,Fitbit App
2026-05-24T11:11:00Z,VERY_ACTIVE,Fitbit App
2026-05-24T11:12:00Z,VERY_ACTIVE,Fitbit App
2026-05-24T11:13:00Z,MODERATELY_ACTIVE,Fitbit App
2026-05-24T11:14:00Z,VERY_ACTIVE,Fitbit App
2026-05-24T11:15:00Z,VERY_ACTIVE,Fitbit App
2026-05-24T11:16:00Z,VERY_ACTIVE,Fitbit App
2026-05-24T11:17:00Z,VERY_ACTIVE,Fitbit App
2026-05-24T11:18:00Z,VERY_ACTIVE,Fitbit App
2026-05-24T11:19:00Z,VERY_ACTIVE,Fitbit App
2026-05-24T11:20:00Z,VERY_ACTIVE,Fitbit App
2026-05-24T11:21:00Z,VERY_ACTIVE,Fitbit App
2026-05-24T11:22:00Z,VERY_ACTIVE,Fitbit App
2026-05-24T11:23:00Z,VERY_ACTIVE,Fitbit App
2026-05-24T11:24:00Z,VERY_ACTIVE,Fitbit App
2026-05-24T11:25:00Z,VERY_ACTIVE,Fitbit App
2026-05-24T11:26:00Z,VERY_ACTIVE,Fitbit App
2026-05-24T11:27:00Z,MODERATELY_ACTIVE,Fitbit App
2026-05-24T11:28:00Z,LIGHTLY_ACTIVE,Fitbit App
2026-05-24T11:29:00Z,SEDENTARY,Fitbit App
2026-05-24T11:30:00Z,LIGHTLY_ACTIVE,Fitbit App
2026-05-24T11:31:00Z,SEDENTARY,Fitbit App
2026-05-24T11:32:00Z,SEDENTARY,Fitbit App
2026-05-24T11:33:00Z,SEDENTARY,Fitbit App
2026-05-24T11:34:00Z,LIGHTLY_ACTIVE,Fitbit App
2026-05-24T11:35:00Z,LIGHTLY_ACTIVE,Fitbit App
2026-05-24T11:36:00Z,SEDENTARY,Fitbit App
2026-05-24T11:37:00Z,SEDENTARY,Fitbit App
2026-05-24T11:38:00Z,SEDENTARY,Fitbit App
2026-05-24T11:39:00Z,SEDENTARY,Fitbit App
2026-05-24T11:41:00Z,SEDENTARY,Fitbit App
2026-05-24T11:43:00Z,SEDENTARY,Fitbit App
2026-05-24T11:44:00Z,SEDENTARY,Fitbit App
2026-05-24T11:45:00Z,SEDENTARY,Fitbit App
2026-05-24T11:46:00Z,LIGHTLY_ACTIVE,Fitbit App
2026-05-24T11:48:00Z,LIGHTLY_ACTIVE,Fitbit App
2026-05-24T11:49:00Z,SEDENTARY,Fitbit App
2026-05-24T11:50:00Z,SEDENTARY,Fitbit App
2026-05-24T11:51:00Z,SEDENTARY,Fitbit App
2026-05-24T11:52:00Z,SEDENTARY,Fitbit App
2026-05-24T11:53:00Z,SEDENTARY,Fitbit App
2026-05-24T11:54:00Z,SEDENTARY,Fitbit App
2026-05-24T11:55:00Z,SEDENTARY,Fitbit App
2026-05-24T11:56:00Z,LIGHTLY_ACTIVE,Fitbit App
2026-05-24T11:57:00Z,LIGHTLY_ACTIVE,Fitbit App
2026-05-24T11:58:00Z,LIGHTLY_ACTIVE,Fitbit App
2026-05-24T11:59:00Z,SEDENTARY,Fitbit App
2026-05-24T12:00:00Z,SEDENTARY,Fitbit App
2026-05-24T12:01:00Z,SEDENTARY,Fitbit App
2026-05-24T12:02:00Z,LIGHTLY_ACTIVE,Fitbit App
2026-05-24T12:03:00Z,MODERATELY_ACTIVE,Fitbit App
2026-05-24T12:04:00Z,LIGHTLY_ACTIVE,Fitbit App
2026-05-24T12:05:00Z,LIGHTLY_ACTIVE,Fitbit App
2026-05-24T12:06:00Z,SEDENTARY,Fitbit App
2026-05-24T12:07:00Z,LIGHTLY_ACTIVE,Fitbit App
2026-05-24T12:08:00Z,LIGHTLY_ACTIVE,Fitbit App
2026-05-24T12:09:00Z,LIGHTLY_ACTIVE,Fitbit App
2026-05-24T12:10:00Z,SEDENTARY,Fitbit App
2026-05-24T12:11:00Z,SEDENTARY,Fitbit App
2026-05-24T12:12:00Z,SEDENTARY,Fitbit App
2026-05-24T12:13:00Z,SEDENTARY,Fitbit App
2026-05-24T12:14:00Z,SEDENTARY,Fitbit App
2026-05-24T12:15:00Z,SEDENTARY,Fitbit App
2026-05-24T12:16:00Z,SEDENTARY,Fitbit App
2026-05-24T12:17:00Z,SEDENTARY,Fitbit App
2026-05-24T12:18:00Z,SEDENTARY,Fitbit App
2026-05-24T12:19:00Z,SEDENTARY,Fitbit App
2026-05-24T12:20:00Z,SEDENTARY,Fitbit App
2026-05-24T12:21:00Z,SEDENTARY,Fitbit App
2026-05-24T12:22:00Z,SEDENTARY,Fitbit App
2026-05-24T12:23:00Z,SEDENTARY,Fitbit App
2026-05-24T12:24:00Z,LIGHTLY_ACTIVE,Fitbit App
2026-05-24T12:25:00Z,LIGHTLY_ACTIVE,Fitbit App
2026-05-24T12:26:00Z,SEDENTARY,Fitbit App
2026-05-24T12:27:00Z,LIGHTLY_ACTIVE,Fitbit App
2026-05-24T12:28:00Z,LIGHTLY_ACTIVE,Fitbit App
2026-05-24T12:29:00Z,LIGHTLY_ACTIVE,Fitbit App
2026-05-24T12:30:00Z,SEDENTARY,Fitbit App
2026-05-24T12:31:00Z,MODERATELY_ACTIVE,Fitbit App
2026-05-24T12:32:00Z,LIGHTLY_ACTIVE,Fitbit App
2026-05-24T12:33:00Z,SEDENTARY,Fitbit App
2026-05-24T12:34:00Z,SEDENTARY,Fitbit App
2026-05-24T12:35:00Z,SEDENTARY,Fitbit App
2026-05-24T12:36:00Z,SEDENTARY,Fitbit App
2026-05-24T12:39:00Z,SEDENTARY,Fitbit App
2026-05-24T12:43:00Z,SEDENTARY,Fitbit App
2026-05-24T12:44:00Z,SEDENTARY,Fitbit App
2026-05-24T12:52:00Z,SEDENTARY,Fitbit App
2026-05-24T12:53:00Z,SEDENTARY,Fitbit App
2026-05-24T12:54:00Z,SEDENTARY,Fitbit App
2026-05-24T12:55:00Z,SEDENTARY,Fitbit App
2026-05-24T12:59:00Z,SEDENTARY,Fitbit App
2026-05-24T13:00:00Z,SEDENTARY,Fitbit App
2026-05-24T13:02:00Z,SEDENTARY,Fitbit App
2026-05-24T13:03:00Z,SEDENTARY,Fitbit App
2026-05-24T13:04:00Z,SEDENTARY,Fitbit App
2026-05-24T13:11:00Z,SEDENTARY,Fitbit App
2026-05-24T13:12:00Z,SEDENTARY,Fitbit App
2026-05-24T13:13:00Z,SEDENTARY,Fitbit App
2026-05-24T13:14:00Z,SEDENTARY,Fitbit App
2026-05-24T13:15:00Z,LIGHTLY_ACTIVE,Fitbit App
2026-05-24T13:16:00Z,LIGHTLY_ACTIVE,Fitbit App
2026-05-24T13:17:00Z,LIGHTLY_ACTIVE,Fitbit App
2026-05-24T13:18:00Z,LIGHTLY_ACTIVE,Fitbit App
2026-05-24T13:19:00Z,LIGHTLY_ACTIVE,Fitbit App
2026-05-24T13:20:00Z,LIGHTLY_ACTIVE,Fitbit App
2026-05-24T13:22:00Z,LIGHTLY_ACTIVE,Fitbit App
2026-05-24T13:23:00Z,LIGHTLY_ACTIVE,Fitbit App
2026-05-24T13:24:00Z,SEDENTARY,Fitbit App
2026-05-24T13:27:00Z,LIGHTLY_ACTIVE,Fitbit App
2026-05-24T13:28:00Z,SEDENTARY,Fitbit App
2026-05-24T13:29:00Z,LIGHTLY_ACTIVE,Fitbit App
2026-05-24T13:30:00Z,LIGHTLY_ACTIVE,Fitbit App
2026-05-24T13:31:00Z,SEDENTARY,Fitbit App
2026-05-24T13:32:00Z,LIGHTLY_ACTIVE,Fitbit App
2026-05-24T13:33:00Z,LIGHTLY_ACTIVE,Fitbit App
2026-05-24T13:34:00Z,LIGHTLY_ACTIVE,Fitbit App
2026-05-24T13:35:00Z,LIGHTLY_ACTIVE,Fitbit App
2026-05-24T13:36:00Z,SEDENTARY,Fitbit App
2026-05-24T13:37:00Z,SEDENTARY,Fitbit App
2026-05-24T13:38:00Z,LIGHTLY_ACTIVE,Fitbit App
2026-05-24T13:39:00Z,SEDENTARY,Fitbit App
2026-05-24T13:40:00Z,LIGHTLY_ACTIVE,Fitbit App
2026-05-24T13:41:00Z,SEDENTARY,Fitbit App
2026-05-24T13:43:00Z,SEDENTARY,Fitbit App
2026-05-24T13:44:00Z,SEDENTARY,Fitbit App
2026-05-24T13:47:00Z,SEDENTARY,Fitbit App
2026-05-24T13:48:00Z,LIGHTLY_ACTIVE,Fitbit App
2026-05-24T13:49:00Z,SEDENTARY,Fitbit App
2026-05-24T13:50:00Z,SEDENTARY,Fitbit App
2026-05-24T13:51:00Z,LIGHTLY_ACTIVE,Fitbit App
2026-05-24T13:52:00Z,LIGHTLY_ACTIVE,Fitbit App
2026-05-24T13:53:00Z,SEDENTARY,Fitbit App
2026-05-24T13:54:00Z,SEDENTARY,Fitbit App
2026-05-24T13:55:00Z,SEDENTARY,Fitbit App
2026-05-24T13:56:00Z,SEDENTARY,Fitbit App
2026-05-24T13:57:00Z,SEDENTARY,Fitbit App
2026-05-24T13:58:00Z,SEDENTARY,Fitbit App
2026-05-24T13:59:00Z,SEDENTARY,Fitbit App
2026-05-24T14:00:00Z,LIGHTLY_ACTIVE,Fitbit App
2026-05-24T14:01:00Z,VERY_ACTIVE,Fitbit App
2026-05-24T14:02:00Z,SEDENTARY,Fitbit App
2026-05-24T14:03:00Z,LIGHTLY_ACTIVE,Fitbit App
2026-05-24T14:04:00Z,SEDENTARY,Fitbit App
2026-05-24T14:05:00Z,LIGHTLY_ACTIVE,Fitbit App
2026-05-24T14:06:00Z,LIGHTLY_ACTIVE,Fitbit App
2026-05-24T14:07:00Z,MODERATELY_ACTIVE,Fitbit App
2026-05-24T14:08:00Z,LIGHTLY_ACTIVE,Fitbit App
2026-05-24T14:09:00Z,LIGHTLY_ACTIVE,Fitbit App
2026-05-24T14:10:00Z,LIGHTLY_ACTIVE,Fitbit App
2026-05-24T14:11:00Z,SEDENTARY,Fitbit App
2026-05-24T14:12:00Z,SEDENTARY,Fitbit App
2026-05-24T14:13:00Z,LIGHTLY_ACTIVE,Fitbit App
2026-05-24T14:14:00Z,SEDENTARY,Fitbit App
2026-05-24T14:18:00Z,SEDENTARY,Fitbit App
2026-05-24T14:20:00Z,SEDENTARY,Fitbit App
2026-05-24T14:21:00Z,LIGHTLY_ACTIVE,Fitbit App
2026-05-24T14:24:00Z,SEDENTARY,Fitbit App
2026-05-24T14:25:00Z,SEDENTARY,Fitbit App
2026-05-24T14:28:00Z,LIGHTLY_ACTIVE,Fitbit App
2026-05-24T14:29:00Z,SEDENTARY,Fitbit App
2026-05-24T14:30:00Z,SEDENTARY,Fitbit App
2026-05-24T14:31:00Z,LIGHTLY_ACTIVE,Fitbit App
2026-05-24T14:32:00Z,MODERATELY_ACTIVE,Fitbit App
2026-05-24T14:33:00Z,LIGHTLY_ACTIVE,Fitbit App
2026-05-24T14:34:00Z,LIGHTLY_ACTIVE,Fitbit App
2026-05-24T14:35:00Z,SEDENTARY,Fitbit App
2026-05-24T14:37:00Z,SEDENTARY,Fitbit App
2026-05-24T14:38:00Z,LIGHTLY_ACTIVE,Fitbit App
2026-05-24T14:39:00Z,LIGHTLY_ACTIVE,Fitbit App
2026-05-24T14:40:00Z,LIGHTLY_ACTIVE,Fitbit App
2026-05-24T14:41:00Z,LIGHTLY_ACTIVE,Fitbit App
2026-05-24T14:50:00Z,SEDENTARY,Fitbit App
2026-05-24T14:59:00Z,SEDENTARY,Fitbit App
2026-05-24T15:01:00Z,SEDENTARY,Fitbit App
2026-05-24T15:12:00Z,SEDENTARY,Fitbit App
2026-05-24T15:13:00Z,LIGHTLY_ACTIVE,Fitbit App
2026-05-24T15:14:00Z,SEDENTARY,Fitbit App
2026-05-24T15:15:00Z,SEDENTARY,Fitbit App
2026-05-24T15:16:00Z,SEDENTARY,Fitbit App
2026-05-24T15:17:00Z,SEDENTARY,Fitbit App
2026-05-24T15:18:00Z,SEDENTARY,Fitbit App
2026-05-24T15:19:00Z,SEDENTARY,Fitbit App
2026-05-24T15:20:00Z,SEDENTARY,Fitbit App
2026-05-24T15:21:00Z,LIGHTLY_ACTIVE,Fitbit App
2026-05-24T15:22:00Z,SEDENTARY,Fitbit App
2026-05-24T15:23:00Z,SEDENTARY,Fitbit App
2026-05-24T15:24:00Z,LIGHTLY_ACTIVE,Fitbit App
2026-05-24T15:25:00Z,VERY_ACTIVE,Fitbit App
2026-05-24T15:26:00Z,LIGHTLY_ACTIVE,Fitbit App
2026-05-24T15:27:00Z,MODERATELY_ACTIVE,Fitbit App
2026-05-24T15:28:00Z,MODERATELY_ACTIVE,Fitbit App
2026-05-24T15:29:00Z,LIGHTLY_ACTIVE,Fitbit App
2026-05-24T15:30:00Z,MODERATELY_ACTIVE,Fitbit App
2026-05-24T15:31:00Z,LIGHTLY_ACTIVE,Fitbit App
2026-05-24T15:32:00Z,LIGHTLY_ACTIVE,Fitbit App
2026-05-24T15:33:00Z,VERY_ACTIVE,Fitbit App
2026-05-24T15:34:00Z,MODERATELY_ACTIVE,Fitbit App
2026-05-24T15:35:00Z,MODERATELY_ACTIVE,Fitbit App
2026-05-24T15:36:00Z,MODERATELY_ACTIVE,Fitbit App
2026-05-24T15:37:00Z,MODERATELY_ACTIVE,Fitbit App
2026-05-24T15:38:00Z,MODERATELY_ACTIVE,Fitbit App
2026-05-24T15:39:00Z,SEDENTARY,Fitbit App
2026-05-24T15:40:00Z,LIGHTLY_ACTIVE,Fitbit App
2026-05-24T15:41:00Z,LIGHTLY_ACTIVE,Fitbit App
2026-05-24T15:42:00Z,LIGHTLY_ACTIVE,Fitbit App
2026-05-24T15:43:00Z,MODERATELY_ACTIVE,Fitbit App
2026-05-24T15:44:00Z,LIGHTLY_ACTIVE,Fitbit App
2026-05-24T15:45:00Z,MODERATELY_ACTIVE,Fitbit App
2026-05-24T15:46:00Z,MODERATELY_ACTIVE,Fitbit App
2026-05-24T15:47:00Z,MODERATELY_ACTIVE,Fitbit App
2026-05-24T15:48:00Z,MODERATELY_ACTIVE,Fitbit App
2026-05-24T15:49:00Z,LIGHTLY_ACTIVE,Fitbit App
2026-05-24T15:50:00Z,LIGHTLY_ACTIVE,Fitbit App
2026-05-24T15:51:00Z,SEDENTARY,Fitbit App
2026-05-24T15:52:00Z,SEDENTARY,Fitbit App
2026-05-24T15:53:00Z,LIGHTLY_ACTIVE,Fitbit App
2026-05-24T15:57:00Z,SEDENTARY,Fitbit App
2026-05-24T15:59:00Z,SEDENTARY,Fitbit App
2026-05-24T16:00:00Z,SEDENTARY,Fitbit App
2026-05-24T16:01:00Z,SEDENTARY,Fitbit App
2026-05-24T16:02:00Z,SEDENTARY,Fitbit App
2026-05-24T16:03:00Z,SEDENTARY,Fitbit App
2026-05-24T16:05:00Z,SEDENTARY,Fitbit App
2026-05-24T16:06:00Z,LIGHTLY_ACTIVE,Fitbit App
2026-05-24T16:07:00Z,LIGHTLY_ACTIVE,Fitbit App
2026-05-24T16:08:00Z,LIGHTLY_ACTIVE,Fitbit App
2026-05-24T16:09:00Z,LIGHTLY_ACTIVE,Fitbit App
2026-05-24T16:10:00Z,SEDENTARY,Fitbit App
2026-05-24T16:11:00Z,SEDENTARY,Fitbit App
2026-05-24T16:12:00Z,SEDENTARY,Fitbit App
2026-05-24T16:13:00Z,SEDENTARY,Fitbit App
2026-05-24T16:14:00Z,SEDENTARY,Fitbit App
2026-05-24T16:15:00Z,LIGHTLY_ACTIVE,Fitbit App
2026-05-24T16:16:00Z,LIGHTLY_ACTIVE,Fitbit App
2026-05-24T16:17:00Z,LIGHTLY_ACTIVE,Fitbit App
2026-05-24T16:18:00Z,LIGHTLY_ACTIVE,Fitbit App
2026-05-24T16:19:00Z,LIGHTLY_ACTIVE,Fitbit App
2026-05-24T16:20:00Z,SEDENTARY,Fitbit App
2026-05-24T16:21:00Z,LIGHTLY_ACTIVE,Fitbit App
2026-05-24T16:22:00Z,SEDENTARY,Fitbit App
2026-05-24T16:23:00Z,SEDENTARY,Fitbit App
2026-05-24T16:24:00Z,SEDENTARY,Fitbit App
2026-05-24T16:25:00Z,SEDENTARY,Fitbit App
2026-05-24T16:26:00Z,SEDENTARY,Fitbit App
2026-05-24T16:27:00Z,LIGHTLY_ACTIVE,Fitbit App
2026-05-24T16:28:00Z,SEDENTARY,Fitbit App
2026-05-24T16:29:00Z,SEDENTARY,Fitbit App
2026-05-24T16:30:00Z,LIGHTLY_ACTIVE,Fitbit App
2026-05-24T16:31:00Z,SEDENTARY,Fitbit App
2026-05-24T16:32:00Z,SEDENTARY,Fitbit App
2026-05-24T16:33:00Z,SEDENTARY,Fitbit App
2026-05-24T16:34:00Z,SEDENTARY,Fitbit App
2026-05-24T16:35:00Z,SEDENTARY,Fitbit App
2026-05-24T16:36:00Z,SEDENTARY,Fitbit App
2026-05-24T16:37:00Z,SEDENTARY,Fitbit App
2026-05-24T16:38:00Z,SEDENTARY,Fitbit App
2026-05-24T16:39:00Z,LIGHTLY_ACTIVE,Fitbit App
2026-05-24T16:40:00Z,LIGHTLY_ACTIVE,Fitbit App
2026-05-24T16:41:00Z,LIGHTLY_ACTIVE,Fitbit App
2026-05-24T16:42:00Z,LIGHTLY_ACTIVE,Fitbit App
2026-05-24T16:43:00Z,SEDENTARY,Fitbit App
2026-05-24T16:44:00Z,SEDENTARY,Fitbit App
2026-05-24T16:46:00Z,SEDENTARY,Fitbit App
2026-05-24T16:47:00Z,SEDENTARY,Fitbit App
2026-05-24T16:48:00Z,SEDENTARY,Fitbit App
2026-05-24T16:49:00Z,SEDENTARY,Fitbit App
2026-05-24T16:50:00Z,SEDENTARY,Fitbit App
2026-05-24T16:51:00Z,SEDENTARY,Fitbit App
2026-05-24T16:52:00Z,SEDENTARY,Fitbit App
2026-05-24T16:53:00Z,SEDENTARY,Fitbit App
2026-05-24T16:54:00Z,LIGHTLY_ACTIVE,Fitbit App
2026-05-24T16:56:00Z,SEDENTARY,Fitbit App
2026-05-24T16:57:00Z,LIGHTLY_ACTIVE,Fitbit App
2026-05-24T16:58:00Z,LIGHTLY_ACTIVE,Fitbit App
2026-05-24T16:59:00Z,SEDENTARY,Fitbit App
2026-05-24T17:00:00Z,SEDENTARY,Fitbit App
2026-05-24T17:01:00Z,SEDENTARY,Fitbit App
2026-05-24T17:03:00Z,LIGHTLY_ACTIVE,Fitbit App
2026-05-24T17:04:00Z,LIGHTLY_ACTIVE,Fitbit App
2026-05-24T17:05:00Z,SEDENTARY,Fitbit App
2026-05-24T17:06:00Z,SEDENTARY,Fitbit App
2026-05-24T17:07:00Z,LIGHTLY_ACTIVE,Fitbit App
2026-05-24T17:08:00Z,SEDENTARY,Fitbit App
2026-05-24T17:09:00Z,SEDENTARY,Fitbit App
2026-05-24T17:10:00Z,SEDENTARY,Fitbit App
2026-05-24T17:11:00Z,SEDENTARY,Fitbit App
2026-05-24T17:12:00Z,SEDENTARY,Fitbit App
2026-05-24T17:13:00Z,SEDENTARY,Fitbit App
2026-05-24T17:14:00Z,LIGHTLY_ACTIVE,Fitbit App
2026-05-24T17:15:00Z,SEDENTARY,Fitbit App
2026-05-24T17:16:00Z,SEDENTARY,Fitbit App
2026-05-24T17:17:00Z,SEDENTARY,Fitbit App
2026-05-24T17:18:00Z,SEDENTARY,Fitbit App
2026-05-24T17:19:00Z,LIGHTLY_ACTIVE,Fitbit App
2026-05-24T17:20:00Z,SEDENTARY,Fitbit App
2026-05-24T17:21:00Z,SEDENTARY,Fitbit App
2026-05-24T17:22:00Z,SEDENTARY,Fitbit App
2026-05-24T17:24:00Z,SEDENTARY,Fitbit App
2026-05-24T17:25:00Z,LIGHTLY_ACTIVE,Fitbit App
2026-05-24T17:26:00Z,SEDENTARY,Fitbit App
2026-05-24T17:27:00Z,SEDENTARY,Fitbit App
2026-05-24T17:28:00Z,SEDENTARY,Fitbit App
2026-05-24T17:29:00Z,SEDENTARY,Fitbit App
2026-05-24T17:30:00Z,LIGHTLY_ACTIVE,Fitbit App
2026-05-24T17:31:00Z,SEDENTARY,Fitbit App
2026-05-24T17:32:00Z,SEDENTARY,Fitbit App
2026-05-24T17:34:00Z,SEDENTARY,Fitbit App
2026-05-24T17:35:00Z,SEDENTARY,Fitbit App
2026-05-24T17:36:00Z,SEDENTARY,Fitbit App
2026-05-24T17:37:00Z,SEDENTARY,Fitbit App
2026-05-24T17:38:00Z,SEDENTARY,Fitbit App
2026-05-24T17:39:00Z,LIGHTLY_ACTIVE,Fitbit App
2026-05-24T17:40:00Z,LIGHTLY_ACTIVE,Fitbit App
2026-05-24T17:41:00Z,SEDENTARY,Fitbit App
2026-05-24T17:42:00Z,SEDENTARY,Fitbit App
2026-05-24T17:43:00Z,LIGHTLY_ACTIVE,Fitbit App
2026-05-24T17:44:00Z,SEDENTARY,Fitbit App
2026-05-24T17:45:00Z,SEDENTARY,Fitbit App
2026-05-24T17:46:00Z,LIGHTLY_ACTIVE,Fitbit App
2026-05-24T17:47:00Z,SEDENTARY,Fitbit App
2026-05-24T17:48:00Z,SEDENTARY,Fitbit App
2026-05-24T17:49:00Z,LIGHTLY_ACTIVE,Fitbit App
2026-05-24T17:50:00Z,LIGHTLY_ACTIVE,Fitbit App
2026-05-24T17:51:00Z,LIGHTLY_ACTIVE,Fitbit App
2026-05-24T17:52:00Z,SEDENTARY,Fitbit App
2026-05-24T17:53:00Z,SEDENTARY,Fitbit App
2026-05-24T17:54:00Z,SEDENTARY,Fitbit App
2026-05-24T17:56:00Z,LIGHTLY_ACTIVE,Fitbit App
2026-05-24T17:57:00Z,LIGHTLY_ACTIVE,Fitbit App
2026-05-24T17:58:00Z,SEDENTARY,Fitbit App
2026-05-24T17:59:00Z,SEDENTARY,Fitbit App
2026-05-24T18:01:00Z,SEDENTARY,Fitbit App
2026-05-24T18:02:00Z,LIGHTLY_ACTIVE,Fitbit App
2026-05-24T18:03:00Z,MODERATELY_ACTIVE,Fitbit App
2026-05-24T18:04:00Z,LIGHTLY_ACTIVE,Fitbit App
2026-05-24T18:05:00Z,SEDENTARY,Fitbit App
2026-05-24T18:06:00Z,SEDENTARY,Fitbit App
2026-05-24T18:07:00Z,LIGHTLY_ACTIVE,Fitbit App
2026-05-24T18:08:00Z,LIGHTLY_ACTIVE,Fitbit App
2026-05-24T18:12:00Z,SEDENTARY,Fitbit App
2026-05-24T18:13:00Z,LIGHTLY_ACTIVE,Fitbit App
2026-05-24T18:14:00Z,LIGHTLY_ACTIVE,Fitbit App
2026-05-24T18:16:00Z,LIGHTLY_ACTIVE,Fitbit App
2026-05-24T18:17:00Z,SEDENTARY,Fitbit App
2026-05-24T18:18:00Z,SEDENTARY,Fitbit App
2026-05-24T18:19:00Z,SEDENTARY,Fitbit App
2026-05-24T18:20:00Z,LIGHTLY_ACTIVE,Fitbit App
2026-05-24T18:21:00Z,SEDENTARY,Fitbit App
2026-05-24T18:22:00Z,LIGHTLY_ACTIVE,Fitbit App
2026-05-24T18:23:00Z,LIGHTLY_ACTIVE,Fitbit App
2026-05-24T18:24:00Z,LIGHTLY_ACTIVE,Fitbit App
2026-05-24T18:25:00Z,SEDENTARY,Fitbit App
2026-05-24T18:26:00Z,LIGHTLY_ACTIVE,Fitbit App
2026-05-24T18:27:00Z,LIGHTLY_ACTIVE,Fitbit App
2026-05-24T18:28:00Z,LIGHTLY_ACTIVE,Fitbit App
2026-05-24T18:29:00Z,SEDENTARY,Fitbit App
2026-05-24T18:30:00Z,SEDENTARY,Fitbit App
2026-05-24T18:31:00Z,SEDENTARY,Fitbit App
2026-05-24T18:32:00Z,LIGHTLY_ACTIVE,Fitbit App
2026-05-24T18:33:00Z,LIGHTLY_ACTIVE,Fitbit App
2026-05-24T18:34:00Z,LIGHTLY_ACTIVE,Fitbit App
2026-05-24T18:35:00Z,LIGHTLY_ACTIVE,Fitbit App
2026-05-24T18:36:00Z,LIGHTLY_ACTIVE,Fitbit App
2026-05-24T18:37:00Z,SEDENTARY,Fitbit App
2026-05-24T18:38:00Z,SEDENTARY,Fitbit App
2026-05-24T18:39:00Z,LIGHTLY_ACTIVE,Fitbit App
2026-05-24T18:40:00Z,SEDENTARY,Fitbit App
2026-05-24T18:42:00Z,LIGHTLY_ACTIVE,Fitbit App
2026-05-24T18:43:00Z,SEDENTARY,Fitbit App
2026-05-24T18:44:00Z,SEDENTARY,Fitbit App
2026-05-24T18:45:00Z,LIGHTLY_ACTIVE,Fitbit App
2026-05-24T18:53:00Z,LIGHTLY_ACTIVE,Fitbit App
2026-05-24T18:58:00Z,SEDENTARY,Fitbit App
2026-05-24T19:01:00Z,SEDENTARY,Fitbit App
2026-05-24T19:04:00Z,SEDENTARY,Fitbit App
2026-05-24T19:08:00Z,LIGHTLY_ACTIVE,Fitbit App
2026-05-24T19:09:00Z,SEDENTARY,Fitbit App
2026-05-24T19:10:00Z,LIGHTLY_ACTIVE,Fitbit App
2026-05-24T19:11:00Z,LIGHTLY_ACTIVE,Fitbit App
2026-05-24T19:13:00Z,SEDENTARY,Fitbit App
2026-05-24T19:14:00Z,LIGHTLY_ACTIVE,Fitbit App
2026-05-24T19:15:00Z,SEDENTARY,Fitbit App
2026-05-24T19:16:00Z,SEDENTARY,Fitbit App
2026-05-24T19:17:00Z,SEDENTARY,Fitbit App
2026-05-24T19:18:00Z,SEDENTARY,Fitbit App
2026-05-24T19:19:00Z,SEDENTARY,Fitbit App
2026-05-24T19:20:00Z,SEDENTARY,Fitbit App
2026-05-24T19:21:00Z,SEDENTARY,Fitbit App
2026-05-24T19:22:00Z,SEDENTARY,Fitbit App
2026-05-24T19:23:00Z,SEDENTARY,Fitbit App
2026-05-24T19:24:00Z,SEDENTARY,Fitbit App
2026-05-24T19:26:00Z,SEDENTARY,Fitbit App
2026-05-24T19:27:00Z,SEDENTARY,Fitbit App
2026-05-24T19:28:00Z,SEDENTARY,Fitbit App
2026-05-24T19:30:00Z,SEDENTARY,Fitbit App
2026-05-24T19:31:00Z,SEDENTARY,Fitbit App
2026-05-24T19:32:00Z,SEDENTARY,Fitbit App
2026-05-24T19:33:00Z,SEDENTARY,Fitbit App
2026-05-24T19:34:00Z,SEDENTARY,Fitbit App
2026-05-24T19:35:00Z,SEDENTARY,Fitbit App
2026-05-24T19:36:00Z,SEDENTARY,Fitbit App
2026-05-24T19:37:00Z,SEDENTARY,Fitbit App
2026-05-24T19:38:00Z,SEDENTARY,Fitbit App
2026-05-24T19:39:00Z,LIGHTLY_ACTIVE,Fitbit App
2026-05-24T19:43:00Z,SEDENTARY,Fitbit App
2026-05-24T19:44:00Z,SEDENTARY,Fitbit App
2026-05-24T19:45:00Z,LIGHTLY_ACTIVE,Fitbit App
2026-05-24T19:46:00Z,LIGHTLY_ACTIVE,Fitbit App
2026-05-24T19:47:00Z,SEDENTARY,Fitbit App
2026-05-24T19:48:00Z,LIGHTLY_ACTIVE,Fitbit App
2026-05-24T19:51:00Z,SEDENTARY,Fitbit App
2026-05-24T19:52:00Z,LIGHTLY_ACTIVE,Fitbit App
2026-05-24T19:53:00Z,SEDENTARY,Fitbit App
2026-05-24T19:56:00Z,SEDENTARY,Fitbit App
2026-05-24T19:58:00Z,LIGHTLY_ACTIVE,Fitbit App
2026-05-24T19:59:00Z,SEDENTARY,Fitbit App
2026-05-24T20:00:00Z,SEDENTARY,Fitbit App
2026-05-24T20:01:00Z,SEDENTARY,Fitbit App
2026-05-24T20:02:00Z,SEDENTARY,Fitbit App
2026-05-24T20:03:00Z,SEDENTARY,Fitbit App
2026-05-24T20:04:00Z,LIGHTLY_ACTIVE,Fitbit App
2026-05-24T20:05:00Z,LIGHTLY_ACTIVE,Fitbit App
2026-05-24T20:06:00Z,LIGHTLY_ACTIVE,Fitbit App
2026-05-24T20:07:00Z,LIGHTLY_ACTIVE,Fitbit App
2026-05-24T20:08:00Z,LIGHTLY_ACTIVE,Fitbit App
2026-05-24T20:09:00Z,SEDENTARY,Fitbit App
2026-05-24T20:10:00Z,LIGHTLY_ACTIVE,Fitbit App
2026-05-24T20:11:00Z,LIGHTLY_ACTIVE,Fitbit App
2026-05-24T20:12:00Z,LIGHTLY_ACTIVE,Fitbit App
2026-05-24T20:13:00Z,LIGHTLY_ACTIVE,Fitbit App
2026-05-24T20:14:00Z,SEDENTARY,Fitbit App
2026-05-24T20:17:00Z,SEDENTARY,Fitbit App
2026-05-24T20:18:00Z,SEDENTARY,Fitbit App
2026-05-24T20:19:00Z,SEDENTARY,Fitbit App
2026-05-24T20:21:00Z,LIGHTLY_ACTIVE,Fitbit App
2026-05-24T20:22:00Z,SEDENTARY,Fitbit App
2026-05-24T20:24:00Z,SEDENTARY,Fitbit App
2026-05-24T20:25:00Z,SEDENTARY,Fitbit App
2026-05-24T20:26:00Z,SEDENTARY,Fitbit App
2026-05-24T20:27:00Z,SEDENTARY,Fitbit App
2026-05-24T20:28:00Z,SEDENTARY,Fitbit App
2026-05-24T20:29:00Z,LIGHTLY_ACTIVE,Fitbit App
2026-05-24T20:30:00Z,SEDENTARY,Fitbit App
2026-05-24T20:32:00Z,SEDENTARY,Fitbit App
2026-05-24T20:33:00Z,SEDENTARY,Fitbit App
2026-05-24T20:36:00Z,LIGHTLY_ACTIVE,Fitbit App
2026-05-24T20:37:00Z,SEDENTARY,Fitbit App
2026-05-24T20:38:00Z,SEDENTARY,Fitbit App
2026-05-24T20:39:00Z,SEDENTARY,Fitbit App
2026-05-24T20:40:00Z,SEDENTARY,Fitbit App
2026-05-24T20:41:00Z,SEDENTARY,Fitbit App
2026-05-24T20:42:00Z,SEDENTARY,Fitbit App
2026-05-24T20:43:00Z,SEDENTARY,Fitbit App
2026-05-24T20:44:00Z,LIGHTLY_ACTIVE,Fitbit App
2026-05-24T20:45:00Z,LIGHTLY_ACTIVE,Fitbit App
2026-05-24T20:46:00Z,LIGHTLY_ACTIVE,Fitbit App
2026-05-24T20:47:00Z,SEDENTARY,Fitbit App
2026-05-24T20:49:00Z,SEDENTARY,Fitbit App
2026-05-24T20:50:00Z,SEDENTARY,Fitbit App
2026-05-24T20:51:00Z,LIGHTLY_ACTIVE,Fitbit App
2026-05-24T20:52:00Z,SEDENTARY,Fitbit App
2026-05-24T20:53:00Z,SEDENTARY,Fitbit App
2026-05-24T20:54:00Z,SEDENTARY,Fitbit App
2026-05-24T20:55:00Z,LIGHTLY_ACTIVE,Fitbit App
2026-05-24T20:56:00Z,SEDENTARY,Fitbit App
2026-05-24T20:57:00Z,SEDENTARY,Fitbit App
2026-05-24T20:58:00Z,SEDENTARY,Fitbit App
2026-05-24T20:59:00Z,SEDENTARY,Fitbit App
2026-05-24T21:00:00Z,SEDENTARY,Fitbit App
2026-05-24T21:01:00Z,SEDENTARY,Fitbit App
2026-05-24T21:02:00Z,LIGHTLY_ACTIVE,Fitbit App
2026-05-24T21:03:00Z,SEDENTARY,Fitbit App
2026-05-24T21:04:00Z,LIGHTLY_ACTIVE,Fitbit App
2026-05-24T21:05:00Z,SEDENTARY,Fitbit App
2026-05-24T21:08:00Z,SEDENTARY,Fitbit App
2026-05-24T21:10:00Z,SEDENTARY,Fitbit App
2026-05-24T21:11:00Z,SEDENTARY,Fitbit App
2026-05-24T21:12:00Z,LIGHTLY_ACTIVE,Fitbit App
2026-05-24T21:15:00Z,SEDENTARY,Fitbit App
2026-05-24T21:16:00Z,SEDENTARY,Fitbit App
2026-05-24T21:17:00Z,SEDENTARY,Fitbit App
2026-05-24T21:18:00Z,LIGHTLY_ACTIVE,Fitbit App
2026-05-24T21:19:00Z,SEDENTARY,Fitbit App
2026-05-24T21:20:00Z,SEDENTARY,Fitbit App
2026-05-24T21:21:00Z,LIGHTLY_ACTIVE,Fitbit App
2026-05-24T21:22:00Z,SEDENTARY,Fitbit App
2026-05-24T21:24:00Z,SEDENTARY,Fitbit App
2026-05-24T21:25:00Z,LIGHTLY_ACTIVE,Fitbit App
2026-05-24T21:26:00Z,LIGHTLY_ACTIVE,Fitbit App
2026-05-24T21:27:00Z,SEDENTARY,Fitbit App
2026-05-24T21:28:00Z,LIGHTLY_ACTIVE,Fitbit App
2026-05-24T21:29:00Z,SEDENTARY,Fitbit App
2026-05-24T21:30:00Z,SEDENTARY,Fitbit App
2026-05-24T21:31:00Z,SEDENTARY,Fitbit App
2026-05-24T21:33:00Z,LIGHTLY_ACTIVE,Fitbit App
2026-05-24T21:34:00Z,SEDENTARY,Fitbit App
2026-05-24T21:35:00Z,SEDENTARY,Fitbit App
2026-05-24T21:36:00Z,LIGHTLY_ACTIVE,Fitbit App
2026-05-24T21:37:00Z,SEDENTARY,Fitbit App
2026-05-24T21:38:00Z,LIGHTLY_ACTIVE,Fitbit App
2026-05-24T21:39:00Z,LIGHTLY_ACTIVE,Fitbit App
2026-05-24T21:40:00Z,MODERATELY_ACTIVE,Fitbit App
2026-05-24T21:41:00Z,LIGHTLY_ACTIVE,Fitbit App
2026-05-24T21:42:00Z,LIGHTLY_ACTIVE,Fitbit App
2026-05-24T21:43:00Z,LIGHTLY_ACTIVE,Fitbit App
2026-05-24T21:44:00Z,MODERATELY_ACTIVE,Fitbit App
2026-05-24T21:45:00Z,MODERATELY_ACTIVE,Fitbit App
2026-05-24T21:46:00Z,MODERATELY_ACTIVE,Fitbit App
2026-05-24T21:47:00Z,MODERATELY_ACTIVE,Fitbit App
2026-05-24T21:48:00Z,LIGHTLY_ACTIVE,Fitbit App
2026-05-24T21:49:00Z,LIGHTLY_ACTIVE,Fitbit App
2026-05-24T21:50:00Z,LIGHTLY_ACTIVE,Fitbit App
2026-05-24T21:51:00Z,LIGHTLY_ACTIVE,Fitbit App
2026-05-24T21:52:00Z,SEDENTARY,Fitbit App
2026-05-24T21:53:00Z,LIGHTLY_ACTIVE,Fitbit App
2026-05-24T21:54:00Z,SEDENTARY,Fitbit App
2026-05-24T21:55:00Z,SEDENTARY,Fitbit App
2026-05-24T21:58:00Z,SEDENTARY,Fitbit App
2026-05-24T21:59:00Z,SEDENTARY,Fitbit App
2026-05-24T22:00:00Z,SEDENTARY,Fitbit App
2026-05-24T22:01:00Z,SEDENTARY,Fitbit App
2026-05-24T22:02:00Z,SEDENTARY,Fitbit App
2026-05-24T22:03:00Z,SEDENTARY,Fitbit App
2026-05-24T22:05:00Z,SEDENTARY,Fitbit App
2026-05-24T22:06:00Z,SEDENTARY,Fitbit App
2026-05-24T22:10:00Z,SEDENTARY,Fitbit App
2026-05-24T22:11:00Z,LIGHTLY_ACTIVE,Fitbit App
2026-05-24T22:12:00Z,LIGHTLY_ACTIVE,Fitbit App
2026-05-24T22:13:00Z,LIGHTLY_ACTIVE,Fitbit App
2026-05-24T22:14:00Z,LIGHTLY_ACTIVE,Fitbit App
2026-05-24T22:15:00Z,SEDENTARY,Fitbit App
2026-05-24T22:16:00Z,LIGHTLY_ACTIVE,Fitbit App
2026-05-24T22:17:00Z,LIGHTLY_ACTIVE,Fitbit App
2026-05-24T22:18:00Z,LIGHTLY_ACTIVE,Fitbit App
2026-05-24T22:19:00Z,LIGHTLY_ACTIVE,Fitbit App
2026-05-24T22:20:00Z,LIGHTLY_ACTIVE,Fitbit App
2026-05-24T22:21:00Z,LIGHTLY_ACTIVE,Fitbit App
2026-05-24T22:22:00Z,LIGHTLY_ACTIVE,Fitbit App
2026-05-24T22:23:00Z,LIGHTLY_ACTIVE,Fitbit App
2026-05-24T22:24:00Z,LIGHTLY_ACTIVE,Fitbit App
2026-05-24T22:25:00Z,LIGHTLY_ACTIVE,Fitbit App
2026-05-24T22:26:00Z,MODERATELY_ACTIVE,Fitbit App
2026-05-24T22:27:00Z,LIGHTLY_ACTIVE,Fitbit App
2026-05-24T22:28:00Z,LIGHTLY_ACTIVE,Fitbit App
2026-05-24T22:29:00Z,LIGHTLY_ACTIVE,Fitbit App
2026-05-24T22:33:00Z,LIGHTLY_ACTIVE,Fitbit App
2026-05-24T22:45:00Z,SEDENTARY,Fitbit App
2026-05-24T22:49:00Z,SEDENTARY,Fitbit App
2026-05-24T22:54:00Z,SEDENTARY,Fitbit App
2026-05-24T22:56:00Z,SEDENTARY,Fitbit App
2026-05-24T22:59:00Z,SEDENTARY,Fitbit App
2026-05-24T23:14:00Z,SEDENTARY,Fitbit App
2026-05-24T23:15:00Z,LIGHTLY_ACTIVE,Fitbit App
2026-05-24T23:16:00Z,LIGHTLY_ACTIVE,Fitbit App
2026-05-24T23:17:00Z,LIGHTLY_ACTIVE,Fitbit App
2026-05-24T23:18:00Z,LIGHTLY_ACTIVE,Fitbit App
2026-05-24T23:19:00Z,SEDENTARY,Fitbit App
2026-05-24T23:20:00Z,LIGHTLY_ACTIVE,Fitbit App
2026-05-24T23:23:00Z,LIGHTLY_ACTIVE,Fitbit App
2026-05-24T23:24:00Z,LIGHTLY_ACTIVE,Fitbit App
2026-05-24T23:27:00Z,SEDENTARY,Fitbit App
2026-05-24T23:28:00Z,SEDENTARY,Fitbit App
2026-05-24T23:33:00Z,LIGHTLY_ACTIVE,Fitbit App
2026-05-24T23:35:00Z,SEDENTARY,Fitbit App
2026-05-24T23:38:00Z,SEDENTARY,Fitbit App
2026-05-25T00:38:00Z,SEDENTARY,Fitbit App
2026-05-25T01:15:00Z,SEDENTARY,Fitbit App
2026-05-25T02:11:00Z,SEDENTARY,Fitbit App
2026-05-25T03:22:00Z,SEDENTARY,Fitbit App
2026-05-25T03:46:00Z,SEDENTARY,Fitbit App
2026-05-25T03:48:00Z,LIGHTLY_ACTIVE,Fitbit App
2026-05-25T03:55:00Z,LIGHTLY_ACTIVE,Fitbit App
2026-05-25T04:00:00Z,SEDENTARY,Fitbit App
2026-05-25T04:02:00Z,SEDENTARY,Fitbit App
2026-05-25T04:03:00Z,SEDENTARY,Fitbit App
2026-05-25T04:05:00Z,SEDENTARY,Fitbit App
2026-05-25T04:06:00Z,SEDENTARY,Fitbit App
2026-05-25T05:09:00Z,SEDENTARY,Fitbit App
2026-05-25T05:10:00Z,SEDENTARY,Fitbit App
2026-05-25T05:12:00Z,SEDENTARY,Fitbit App
2026-05-25T05:13:00Z,SEDENTARY,Fitbit App
2026-05-25T05:14:00Z,SEDENTARY,Fitbit App
2026-05-25T05:24:00Z,SEDENTARY,Fitbit App
2026-05-25T05:39:00Z,SEDENTARY,Fitbit App
2026-05-25T05:40:00Z,LIGHTLY_ACTIVE,Fitbit App
2026-05-25T05:41:00Z,LIGHTLY_ACTIVE,Fitbit App
2026-05-25T05:42:00Z,LIGHTLY_ACTIVE,Fitbit App
2026-05-25T05:43:00Z,SEDENTARY,Fitbit App
2026-05-25T05:44:00Z,LIGHTLY_ACTIVE,Fitbit App
2026-05-25T05:45:00Z,LIGHTLY_ACTIVE,Fitbit App
2026-05-25T05:46:00Z,SEDENTARY,Fitbit App
2026-05-25T05:47:00Z,LIGHTLY_ACTIVE,Fitbit App
2026-05-25T05:48:00Z,LIGHTLY_ACTIVE,Fitbit App
2026-05-25T05:49:00Z,LIGHTLY_ACTIVE,Fitbit App
2026-05-25T05:50:00Z,LIGHTLY_ACTIVE,Fitbit App
2026-05-25T05:51:00Z,SEDENTARY,Fitbit App
2026-05-25T06:07:00Z,SEDENTARY,Fitbit App
2026-05-25T06:25:00Z,SEDENTARY,Fitbit App
2026-05-25T06:47:00Z,SEDENTARY,Fitbit App
2026-05-25T07:03:00Z,SEDENTARY,Fitbit App
2026-05-25T07:05:00Z,SEDENTARY,Fitbit App
2026-05-25T07:15:00Z,LIGHTLY_ACTIVE,Fitbit App
2026-05-25T07:19:00Z,SEDENTARY,Fitbit App
2026-05-25T07:23:00Z,SEDENTARY,Fitbit App
2026-05-25T07:33:00Z,SEDENTARY,Fitbit App
2026-05-25T07:34:00Z,SEDENTARY,Fitbit App
2026-05-25T07:54:00Z,SEDENTARY,Fitbit App
2026-05-25T07:56:00Z,SEDENTARY,Fitbit App
2026-05-25T08:00:00Z,SEDENTARY,Fitbit App
2026-05-25T08:01:00Z,SEDENTARY,Fitbit App
2026-05-25T08:08:00Z,SEDENTARY,Fitbit App
2026-05-25T08:18:00Z,SEDENTARY,Fitbit App
2026-05-25T08:24:00Z,SEDENTARY,Fitbit App
2026-05-25T08:25:00Z,SEDENTARY,Fitbit App
2026-05-25T08:26:00Z,SEDENTARY,Fitbit App
2026-05-25T08:28:00Z,LIGHTLY_ACTIVE,Fitbit App
2026-05-25T08:29:00Z,LIGHTLY_ACTIVE,Fitbit App
2026-05-25T08:30:00Z,LIGHTLY_ACTIVE,Fitbit App
2026-05-25T08:31:00Z,SEDENTARY,Fitbit App
2026-05-25T08:32:00Z,LIGHTLY_ACTIVE,Fitbit App
2026-05-25T08:33:00Z,LIGHTLY_ACTIVE,Fitbit App
2026-05-25T08:34:00Z,LIGHTLY_ACTIVE,Fitbit App
2026-05-25T08:35:00Z,LIGHTLY_ACTIVE,Fitbit App
2026-05-25T08:36:00Z,LIGHTLY_ACTIVE,Fitbit App
2026-05-25T08:37:00Z,SEDENTARY,Fitbit App
2026-05-25T08:38:00Z,LIGHTLY_ACTIVE,Fitbit App
2026-05-25T08:39:00Z,MODERATELY_ACTIVE,Fitbit App
2026-05-25T08:40:00Z,SEDENTARY,Fitbit App
2026-05-25T08:41:00Z,LIGHTLY_ACTIVE,Fitbit App
2026-05-25T08:42:00Z,MODERATELY_ACTIVE,Fitbit App
2026-05-25T08:43:00Z,LIGHTLY_ACTIVE,Fitbit App
2026-05-25T08:44:00Z,LIGHTLY_ACTIVE,Fitbit App
2026-05-25T08:45:00Z,LIGHTLY_ACTIVE,Fitbit App
2026-05-25T08:46:00Z,LIGHTLY_ACTIVE,Fitbit App
2026-05-25T08:47:00Z,SEDENTARY,Fitbit App
2026-05-25T08:48:00Z,MODERATELY_ACTIVE,Fitbit App
2026-05-25T08:49:00Z,LIGHTLY_ACTIVE,Fitbit App
2026-05-25T08:50:00Z,LIGHTLY_ACTIVE,Fitbit App
2026-05-25T08:51:00Z,MODERATELY_ACTIVE,Fitbit App
2026-05-25T08:52:00Z,LIGHTLY_ACTIVE,Fitbit App
2026-05-25T08:53:00Z,LIGHTLY_ACTIVE,Fitbit App
2026-05-25T08:54:00Z,LIGHTLY_ACTIVE,Fitbit App
2026-05-25T08:55:00Z,SEDENTARY,Fitbit App
2026-05-25T08:56:00Z,SEDENTARY,Fitbit App
2026-05-25T08:57:00Z,SEDENTARY,Fitbit App
2026-05-25T08:58:00Z,LIGHTLY_ACTIVE,Fitbit App
2026-05-25T08:59:00Z,SEDENTARY,Fitbit App
2026-05-25T09:00:00Z,SEDENTARY,Fitbit App
2026-05-25T09:01:00Z,LIGHTLY_ACTIVE,Fitbit App
2026-05-25T09:02:00Z,LIGHTLY_ACTIVE,Fitbit App
2026-05-25T09:03:00Z,LIGHTLY_ACTIVE,Fitbit App
2026-05-25T09:04:00Z,SEDENTARY,Fitbit App
2026-05-25T09:05:00Z,SEDENTARY,Fitbit App
2026-05-25T09:06:00Z,SEDENTARY,Fitbit App
2026-05-25T09:07:00Z,SEDENTARY,Fitbit App
2026-05-25T09:08:00Z,LIGHTLY_ACTIVE,Fitbit App
2026-05-25T09:09:00Z,SEDENTARY,Fitbit App
2026-05-25T09:10:00Z,SEDENTARY,Fitbit App
2026-05-25T09:11:00Z,LIGHTLY_ACTIVE,Fitbit App
2026-05-25T09:12:00Z,SEDENTARY,Fitbit App
2026-05-25T09:13:00Z,SEDENTARY,Fitbit App
2026-05-25T09:14:00Z,SEDENTARY,Fitbit App
2026-05-25T09:15:00Z,SEDENTARY,Fitbit App
2026-05-25T09:16:00Z,SEDENTARY,Fitbit App
2026-05-25T09:17:00Z,SEDENTARY,Fitbit App
2026-05-25T09:18:00Z,LIGHTLY_ACTIVE,Fitbit App
2026-05-25T09:19:00Z,SEDENTARY,Fitbit App
2026-05-25T09:20:00Z,SEDENTARY,Fitbit App
2026-05-25T09:21:00Z,SEDENTARY,Fitbit App
2026-05-25T09:22:00Z,SEDENTARY,Fitbit App
2026-05-25T09:23:00Z,SEDENTARY,Fitbit App
2026-05-25T09:24:00Z,SEDENTARY,Fitbit App
2026-05-25T09:25:00Z,SEDENTARY,Fitbit App
2026-05-25T09:26:00Z,LIGHTLY_ACTIVE,Fitbit App
2026-05-25T09:27:00Z,LIGHTLY_ACTIVE,Fitbit App
2026-05-25T09:28:00Z,LIGHTLY_ACTIVE,Fitbit App
2026-05-25T09:29:00Z,LIGHTLY_ACTIVE,Fitbit App
2026-05-25T09:30:00Z,SEDENTARY,Fitbit App
2026-05-25T09:31:00Z,SEDENTARY,Fitbit App
2026-05-25T09:32:00Z,LIGHTLY_ACTIVE,Fitbit App
2026-05-25T09:33:00Z,LIGHTLY_ACTIVE,Fitbit App
2026-05-25T09:34:00Z,LIGHTLY_ACTIVE,Fitbit App
2026-05-25T09:35:00Z,SEDENTARY,Fitbit App
2026-05-25T09:36:00Z,SEDENTARY,Fitbit App
2026-05-25T09:38:00Z,LIGHTLY_ACTIVE,Fitbit App
2026-05-25T09:39:00Z,SEDENTARY,Fitbit App
2026-05-25T09:40:00Z,SEDENTARY,Fitbit App
2026-05-25T09:42:00Z,SEDENTARY,Fitbit App
2026-05-25T09:43:00Z,SEDENTARY,Fitbit App
2026-05-25T09:44:00Z,SEDENTARY,Fitbit App
2026-05-25T09:45:00Z,SEDENTARY,Fitbit App
2026-05-25T09:46:00Z,SEDENTARY,Fitbit App
2026-05-25T09:47:00Z,LIGHTLY_ACTIVE,Fitbit App
2026-05-25T09:48:00Z,LIGHTLY_ACTIVE,Fitbit App
2026-05-25T09:49:00Z,LIGHTLY_ACTIVE,Fitbit App
2026-05-25T09:50:00Z,LIGHTLY_ACTIVE,Fitbit App
2026-05-25T09:51:00Z,MODERATELY_ACTIVE,Fitbit App
2026-05-25T09:52:00Z,LIGHTLY_ACTIVE,Fitbit App
2026-05-25T09:53:00Z,LIGHTLY_ACTIVE,Fitbit App
2026-05-25T09:54:00Z,MODERATELY_ACTIVE,Fitbit App
2026-05-25T09:55:00Z,LIGHTLY_ACTIVE,Fitbit App
2026-05-25T09:56:00Z,LIGHTLY_ACTIVE,Fitbit App
2026-05-25T09:57:00Z,LIGHTLY_ACTIVE,Fitbit App
2026-05-25T09:58:00Z,LIGHTLY_ACTIVE,Fitbit App
2026-05-25T09:59:00Z,LIGHTLY_ACTIVE,Fitbit App
2026-05-25T10:00:00Z,LIGHTLY_ACTIVE,Fitbit App
2026-05-25T10:01:00Z,SEDENTARY,Fitbit App
2026-05-25T10:02:00Z,SEDENTARY,Fitbit App
2026-05-25T10:03:00Z,SEDENTARY,Fitbit App
2026-05-25T10:04:00Z,SEDENTARY,Fitbit App
2026-05-25T10:05:00Z,SEDENTARY,Fitbit App
2026-05-25T10:06:00Z,SEDENTARY,Fitbit App
2026-05-25T10:07:00Z,SEDENTARY,Fitbit App
2026-05-25T10:08:00Z,SEDENTARY,Fitbit App
2026-05-25T10:09:00Z,LIGHTLY_ACTIVE,Fitbit App
2026-05-25T10:10:00Z,LIGHTLY_ACTIVE,Fitbit App
2026-05-25T10:11:00Z,LIGHTLY_ACTIVE,Fitbit App
2026-05-25T10:12:00Z,LIGHTLY_ACTIVE,Fitbit App
2026-05-25T10:13:00Z,LIGHTLY_ACTIVE,Fitbit App
2026-05-25T10:14:00Z,SEDENTARY,Fitbit App
2026-05-25T10:15:00Z,LIGHTLY_ACTIVE,Fitbit App
2026-05-25T10:16:00Z,LIGHTLY_ACTIVE,Fitbit App
2026-05-25T10:17:00Z,LIGHTLY_ACTIVE,Fitbit App
2026-05-25T10:18:00Z,MODERATELY_ACTIVE,Fitbit App
2026-05-25T10:19:00Z,LIGHTLY_ACTIVE,Fitbit App
2026-05-25T10:20:00Z,SEDENTARY,Fitbit App
2026-05-25T10:21:00Z,SEDENTARY,Fitbit App
2026-05-25T10:22:00Z,SEDENTARY,Fitbit App
2026-05-25T10:23:00Z,SEDENTARY,Fitbit App
2026-05-25T10:24:00Z,SEDENTARY,Fitbit App
2026-05-25T10:25:00Z,SEDENTARY,Fitbit App
2026-05-25T10:26:00Z,SEDENTARY,Fitbit App
2026-05-25T10:27:00Z,SEDENTARY,Fitbit App
2026-05-25T10:28:00Z,SEDENTARY,Fitbit App
2026-05-25T10:29:00Z,SEDENTARY,Fitbit App
2026-05-25T10:30:00Z,SEDENTARY,Fitbit App
2026-05-25T10:31:00Z,SEDENTARY,Fitbit App
2026-05-25T10:32:00Z,SEDENTARY,Fitbit App
2026-05-25T10:33:00Z,SEDENTARY,Fitbit App
2026-05-25T10:34:00Z,SEDENTARY,Fitbit App
2026-05-25T10:35:00Z,LIGHTLY_ACTIVE,Fitbit App
2026-05-25T10:36:00Z,SEDENTARY,Fitbit App
2026-05-25T10:37:00Z,SEDENTARY,Fitbit App
2026-05-25T10:38:00Z,SEDENTARY,Fitbit App
2026-05-25T10:39:00Z,SEDENTARY,Fitbit App
2026-05-25T10:40:00Z,SEDENTARY,Fitbit App
2026-05-25T10:41:00Z,SEDENTARY,Fitbit App
2026-05-25T10:42:00Z,SEDENTARY,Fitbit App
2026-05-25T10:43:00Z,SEDENTARY,Fitbit App
2026-05-25T10:44:00Z,LIGHTLY_ACTIVE,Fitbit App
2026-05-25T10:45:00Z,LIGHTLY_ACTIVE,Fitbit App
2026-05-25T10:46:00Z,MODERATELY_ACTIVE,Fitbit App
2026-05-25T10:47:00Z,MODERATELY_ACTIVE,Fitbit App
2026-05-25T10:48:00Z,MODERATELY_ACTIVE,Fitbit App
2026-05-25T10:49:00Z,MODERATELY_ACTIVE,Fitbit App
2026-05-25T10:50:00Z,MODERATELY_ACTIVE,Fitbit App
2026-05-25T10:51:00Z,LIGHTLY_ACTIVE,Fitbit App
2026-05-25T10:52:00Z,LIGHTLY_ACTIVE,Fitbit App
2026-05-25T10:53:00Z,LIGHTLY_ACTIVE,Fitbit App
2026-05-25T10:54:00Z,SEDENTARY,Fitbit App
2026-05-25T10:55:00Z,SEDENTARY,Fitbit App
2026-05-25T10:56:00Z,SEDENTARY,Fitbit App
2026-05-25T10:57:00Z,SEDENTARY,Fitbit App
2026-05-25T10:58:00Z,SEDENTARY,Fitbit App
2026-05-25T10:59:00Z,SEDENTARY,Fitbit App
2026-05-25T11:00:00Z,SEDENTARY,Fitbit App
2026-05-25T11:01:00Z,SEDENTARY,Fitbit App
2026-05-25T11:02:00Z,SEDENTARY,Fitbit App
2026-05-25T11:03:00Z,SEDENTARY,Fitbit App
2026-05-25T11:04:00Z,SEDENTARY,Fitbit App
2026-05-25T11:05:00Z,SEDENTARY,Fitbit App
2026-05-25T11:06:00Z,SEDENTARY,Fitbit App
2026-05-25T11:07:00Z,SEDENTARY,Fitbit App
2026-05-25T11:08:00Z,SEDENTARY,Fitbit App
2026-05-25T11:09:00Z,SEDENTARY,Fitbit App
2026-05-25T11:10:00Z,SEDENTARY,Fitbit App
2026-05-25T11:11:00Z,SEDENTARY,Fitbit App
2026-05-25T11:12:00Z,LIGHTLY_ACTIVE,Fitbit App
2026-05-25T11:13:00Z,LIGHTLY_ACTIVE,Fitbit App
2026-05-25T11:14:00Z,SEDENTARY,Fitbit App
2026-05-25T11:15:00Z,SEDENTARY,Fitbit App
2026-05-25T11:16:00Z,SEDENTARY,Fitbit App
2026-05-25T11:17:00Z,SEDENTARY,Fitbit App
2026-05-25T11:20:00Z,SEDENTARY,Fitbit App
2026-05-25T11:21:00Z,SEDENTARY,Fitbit App
2026-05-25T11:23:00Z,SEDENTARY,Fitbit App
2026-05-25T11:26:00Z,SEDENTARY,Fitbit App
2026-05-25T11:27:00Z,SEDENTARY,Fitbit App
2026-05-25T11:30:00Z,SEDENTARY,Fitbit App
2026-05-25T11:34:00Z,SEDENTARY,Fitbit App
2026-05-25T11:37:00Z,SEDENTARY,Fitbit App
2026-05-25T11:38:00Z,SEDENTARY,Fitbit App
2026-05-25T11:39:00Z,SEDENTARY,Fitbit App
2026-05-25T11:40:00Z,LIGHTLY_ACTIVE,Fitbit App
2026-05-25T11:41:00Z,SEDENTARY,Fitbit App
2026-05-25T11:42:00Z,VERY_ACTIVE,Fitbit App
2026-05-25T11:43:00Z,VERY_ACTIVE,Fitbit App
2026-05-25T11:44:00Z,VERY_ACTIVE,Fitbit App
2026-05-25T11:45:00Z,VERY_ACTIVE,Fitbit App
2026-05-25T11:46:00Z,LIGHTLY_ACTIVE,Fitbit App
2026-05-25T11:47:00Z,SEDENTARY,Fitbit App
2026-05-25T11:48:00Z,SEDENTARY,Fitbit App
2026-05-25T11:50:00Z,SEDENTARY,Fitbit App
2026-05-25T11:51:00Z,SEDENTARY,Fitbit App
2026-05-25T11:52:00Z,LIGHTLY_ACTIVE,Fitbit App
2026-05-25T11:53:00Z,MODERATELY_ACTIVE,Fitbit App
2026-05-25T11:54:00Z,VERY_ACTIVE,Fitbit App
2026-05-25T11:55:00Z,VERY_ACTIVE,Fitbit App
2026-05-25T11:56:00Z,VERY_ACTIVE,Fitbit App
2026-05-25T11:57:00Z,MODERATELY_ACTIVE,Fitbit App
2026-05-25T11:58:00Z,SEDENTARY,Fitbit App
2026-05-25T11:59:00Z,LIGHTLY_ACTIVE,Fitbit App
2026-05-25T12:00:00Z,MODERATELY_ACTIVE,Fitbit App
2026-05-25T12:01:00Z,LIGHTLY_ACTIVE,Fitbit App
2026-05-25T12:02:00Z,SEDENTARY,Fitbit App
2026-05-25T12:03:00Z,SEDENTARY,Fitbit App
2026-05-25T12:04:00Z,SEDENTARY,Fitbit App
2026-05-25T12:05:00Z,SEDENTARY,Fitbit App
2026-05-25T12:06:00Z,LIGHTLY_ACTIVE,Fitbit App
2026-05-25T12:07:00Z,LIGHTLY_ACTIVE,Fitbit App
2026-05-25T12:08:00Z,LIGHTLY_ACTIVE,Fitbit App
2026-05-25T12:09:00Z,LIGHTLY_ACTIVE,Fitbit App
2026-05-25T12:10:00Z,LIGHTLY_ACTIVE,Fitbit App
2026-05-25T12:11:00Z,LIGHTLY_ACTIVE,Fitbit App
2026-05-25T12:12:00Z,LIGHTLY_ACTIVE,Fitbit App
2026-05-25T12:13:00Z,LIGHTLY_ACTIVE,Fitbit App
2026-05-25T12:14:00Z,LIGHTLY_ACTIVE,Fitbit App
2026-05-25T12:16:00Z,LIGHTLY_ACTIVE,Fitbit App
2026-05-25T12:17:00Z,SEDENTARY,Fitbit App
2026-05-25T12:18:00Z,SEDENTARY,Fitbit App
2026-05-25T12:19:00Z,SEDENTARY,Fitbit App
2026-05-25T12:20:00Z,SEDENTARY,Fitbit App
2026-05-25T12:21:00Z,SEDENTARY,Fitbit App
2026-05-25T12:22:00Z,LIGHTLY_ACTIVE,Fitbit App
2026-05-25T12:23:00Z,MODERATELY_ACTIVE,Fitbit App
2026-05-25T12:24:00Z,MODERATELY_ACTIVE,Fitbit App
2026-05-25T12:25:00Z,MODERATELY_ACTIVE,Fitbit App
2026-05-25T12:26:00Z,LIGHTLY_ACTIVE,Fitbit App
2026-05-25T12:27:00Z,MODERATELY_ACTIVE,Fitbit App
2026-05-25T12:28:00Z,MODERATELY_ACTIVE,Fitbit App
2026-05-25T12:29:00Z,MODERATELY_ACTIVE,Fitbit App
2026-05-25T12:30:00Z,MODERATELY_ACTIVE,Fitbit App
2026-05-25T12:31:00Z,MODERATELY_ACTIVE,Fitbit App
2026-05-25T12:32:00Z,MODERATELY_ACTIVE,Fitbit App
2026-05-25T12:33:00Z,MODERATELY_ACTIVE,Fitbit App
2026-05-25T12:34:00Z,MODERATELY_ACTIVE,Fitbit App
2026-05-25T12:35:00Z,MODERATELY_ACTIVE,Fitbit App
2026-05-25T12:36:00Z,LIGHTLY_ACTIVE,Fitbit App
2026-05-25T12:37:00Z,MODERATELY_ACTIVE,Fitbit App
2026-05-25T12:38:00Z,MODERATELY_ACTIVE,Fitbit App
2026-05-25T12:39:00Z,MODERATELY_ACTIVE,Fitbit App
2026-05-25T12:40:00Z,MODERATELY_ACTIVE,Fitbit App
2026-05-25T12:41:00Z,LIGHTLY_ACTIVE,Fitbit App
2026-05-25T12:42:00Z,MODERATELY_ACTIVE,Fitbit App
2026-05-25T12:43:00Z,VERY_ACTIVE,Fitbit App
2026-05-25T12:44:00Z,MODERATELY_ACTIVE,Fitbit App
2026-05-25T12:45:00Z,LIGHTLY_ACTIVE,Fitbit App
2026-05-25T12:46:00Z,SEDENTARY,Fitbit App
2026-05-25T12:47:00Z,SEDENTARY,Fitbit App
2026-05-25T12:50:00Z,SEDENTARY,Fitbit App
2026-05-25T12:54:00Z,SEDENTARY,Fitbit App
2026-05-25T12:56:00Z,SEDENTARY,Fitbit App
2026-05-25T12:57:00Z,SEDENTARY,Fitbit App
2026-05-25T12:58:00Z,SEDENTARY,Fitbit App
2026-05-25T12:59:00Z,SEDENTARY,Fitbit App
2026-05-25T13:00:00Z,SEDENTARY,Fitbit App
2026-05-25T13:01:00Z,SEDENTARY,Fitbit App
2026-05-25T13:02:00Z,SEDENTARY,Fitbit App
2026-05-25T13:03:00Z,MODERATELY_ACTIVE,Fitbit App
2026-05-25T13:04:00Z,MODERATELY_ACTIVE,Fitbit App
2026-05-25T13:05:00Z,MODERATELY_ACTIVE,Fitbit App
2026-05-25T13:06:00Z,MODERATELY_ACTIVE,Fitbit App
2026-05-25T13:07:00Z,MODERATELY_ACTIVE,Fitbit App
2026-05-25T13:08:00Z,MODERATELY_ACTIVE,Fitbit App
2026-05-25T13:09:00Z,LIGHTLY_ACTIVE,Fitbit App
2026-05-25T13:10:00Z,LIGHTLY_ACTIVE,Fitbit App
2026-05-25T13:11:00Z,MODERATELY_ACTIVE,Fitbit App
2026-05-25T13:12:00Z,MODERATELY_ACTIVE,Fitbit App
2026-05-25T13:13:00Z,MODERATELY_ACTIVE,Fitbit App
2026-05-25T13:14:00Z,LIGHTLY_ACTIVE,Fitbit App
2026-05-25T13:15:00Z,SEDENTARY,Fitbit App
2026-05-25T13:16:00Z,SEDENTARY,Fitbit App
2026-05-25T13:17:00Z,LIGHTLY_ACTIVE,Fitbit App
2026-05-25T13:18:00Z,SEDENTARY,Fitbit App
2026-05-25T13:19:00Z,SEDENTARY,Fitbit App
2026-05-25T13:20:00Z,SEDENTARY,Fitbit App
2026-05-25T13:21:00Z,SEDENTARY,Fitbit App
2026-05-25T13:22:00Z,SEDENTARY,Fitbit App
2026-05-25T13:23:00Z,LIGHTLY_ACTIVE,Fitbit App
2026-05-25T13:24:00Z,LIGHTLY_ACTIVE,Fitbit App
2026-05-25T13:25:00Z,SEDENTARY,Fitbit App
2026-05-25T13:26:00Z,SEDENTARY,Fitbit App
2026-05-25T13:27:00Z,SEDENTARY,Fitbit App
2026-05-25T13:28:00Z,SEDENTARY,Fitbit App
2026-05-25T13:29:00Z,SEDENTARY,Fitbit App
2026-05-25T13:30:00Z,LIGHTLY_ACTIVE,Fitbit App
2026-05-25T13:31:00Z,LIGHTLY_ACTIVE,Fitbit App
2026-05-25T13:32:00Z,MODERATELY_ACTIVE,Fitbit App
2026-05-25T13:33:00Z,VERY_ACTIVE,Fitbit App
2026-05-25T13:34:00Z,SEDENTARY,Fitbit App
2026-05-25T13:35:00Z,SEDENTARY,Fitbit App
2026-05-25T13:36:00Z,SEDENTARY,Fitbit App
2026-05-25T13:37:00Z,SEDENTARY,Fitbit App
2026-05-25T13:38:00Z,SEDENTARY,Fitbit App
2026-05-25T13:39:00Z,SEDENTARY,Fitbit App
2026-05-25T13:40:00Z,SEDENTARY,Fitbit App
2026-05-25T13:41:00Z,SEDENTARY,Fitbit App
2026-05-25T13:42:00Z,SEDENTARY,Fitbit App
2026-05-25T13:43:00Z,SEDENTARY,Fitbit App
2026-05-25T13:44:00Z,SEDENTARY,Fitbit App
2026-05-25T13:45:00Z,SEDENTARY,Fitbit App
2026-05-25T13:46:00Z,VERY_ACTIVE,Fitbit App
2026-05-25T13:47:00Z,MODERATELY_ACTIVE,Fitbit App
2026-05-25T13:48:00Z,MODERATELY_ACTIVE,Fitbit App
2026-05-25T13:49:00Z,LIGHTLY_ACTIVE,Fitbit App
2026-05-25T13:50:00Z,LIGHTLY_ACTIVE,Fitbit App
2026-05-25T13:51:00Z,LIGHTLY_ACTIVE,Fitbit App
2026-05-25T13:52:00Z,SEDENTARY,Fitbit App
2026-05-25T13:53:00Z,SEDENTARY,Fitbit App
2026-05-25T13:54:00Z,SEDENTARY,Fitbit App
2026-05-25T13:55:00Z,SEDENTARY,Fitbit App
2026-05-25T13:56:00Z,LIGHTLY_ACTIVE,Fitbit App
2026-05-25T13:57:00Z,LIGHTLY_ACTIVE,Fitbit App
2026-05-25T13:58:00Z,SEDENTARY,Fitbit App
2026-05-25T13:59:00Z,LIGHTLY_ACTIVE,Fitbit App
2026-05-25T14:00:00Z,LIGHTLY_ACTIVE,Fitbit App
2026-05-25T14:01:00Z,LIGHTLY_ACTIVE,Fitbit App
2026-05-25T14:02:00Z,SEDENTARY,Fitbit App
2026-05-25T14:03:00Z,SEDENTARY,Fitbit App
2026-05-25T14:04:00Z,SEDENTARY,Fitbit App
2026-05-25T14:05:00Z,SEDENTARY,Fitbit App
2026-05-25T14:07:00Z,SEDENTARY,Fitbit App
2026-05-25T14:09:00Z,SEDENTARY,Fitbit App
2026-05-25T14:12:00Z,SEDENTARY,Fitbit App
2026-05-25T14:20:00Z,SEDENTARY,Fitbit App
2026-05-25T14:22:00Z,SEDENTARY,Fitbit App
2026-05-25T14:23:00Z,SEDENTARY,Fitbit App
2026-05-25T14:24:00Z,LIGHTLY_ACTIVE,Fitbit App
2026-05-25T14:25:00Z,LIGHTLY_ACTIVE,Fitbit App
2026-05-25T14:26:00Z,LIGHTLY_ACTIVE,Fitbit App
2026-05-25T14:27:00Z,LIGHTLY_ACTIVE,Fitbit App
2026-05-25T14:28:00Z,SEDENTARY,Fitbit App
2026-05-25T14:29:00Z,SEDENTARY,Fitbit App
2026-05-25T14:30:00Z,LIGHTLY_ACTIVE,Fitbit App
2026-05-25T14:31:00Z,LIGHTLY_ACTIVE,Fitbit App
2026-05-25T14:32:00Z,LIGHTLY_ACTIVE,Fitbit App
2026-05-25T14:33:00Z,LIGHTLY_ACTIVE,Fitbit App
2026-05-25T14:34:00Z,MODERATELY_ACTIVE,Fitbit App
2026-05-25T14:35:00Z,LIGHTLY_ACTIVE,Fitbit App
2026-05-25T14:36:00Z,MODERATELY_ACTIVE,Fitbit App
2026-05-25T14:37:00Z,VERY_ACTIVE,Fitbit App
2026-05-25T14:38:00Z,LIGHTLY_ACTIVE,Fitbit App
2026-05-25T14:39:00Z,MODERATELY_ACTIVE,Fitbit App
2026-05-25T14:40:00Z,MODERATELY_ACTIVE,Fitbit App
2026-05-25T14:41:00Z,MODERATELY_ACTIVE,Fitbit App
2026-05-25T14:42:00Z,LIGHTLY_ACTIVE,Fitbit App
2026-05-25T14:43:00Z,MODERATELY_ACTIVE,Fitbit App
2026-05-25T14:44:00Z,MODERATELY_ACTIVE,Fitbit App
2026-05-25T14:45:00Z,LIGHTLY_ACTIVE,Fitbit App
2026-05-25T14:46:00Z,LIGHTLY_ACTIVE,Fitbit App
2026-05-25T14:47:00Z,MODERATELY_ACTIVE,Fitbit App
2026-05-25T14:48:00Z,MODERATELY_ACTIVE,Fitbit App
2026-05-25T14:49:00Z,LIGHTLY_ACTIVE,Fitbit App
2026-05-25T14:50:00Z,MODERATELY_ACTIVE,Fitbit App
2026-05-25T14:51:00Z,LIGHTLY_ACTIVE,Fitbit App
2026-05-25T14:52:00Z,MODERATELY_ACTIVE,Fitbit App
2026-05-25T14:53:00Z,MODERATELY_ACTIVE,Fitbit App
2026-05-25T14:54:00Z,MODERATELY_ACTIVE,Fitbit App
2026-05-25T14:55:00Z,MODERATELY_ACTIVE,Fitbit App
2026-05-25T14:56:00Z,LIGHTLY_ACTIVE,Fitbit App
2026-05-25T14:57:00Z,MODERATELY_ACTIVE,Fitbit App
2026-05-25T14:58:00Z,MODERATELY_ACTIVE,Fitbit App
2026-05-25T14:59:00Z,MODERATELY_ACTIVE,Fitbit App
2026-05-25T15:00:00Z,LIGHTLY_ACTIVE,Fitbit App
2026-05-25T15:01:00Z,MODERATELY_ACTIVE,Fitbit App
2026-05-25T15:02:00Z,MODERATELY_ACTIVE,Fitbit App
2026-05-25T15:03:00Z,MODERATELY_ACTIVE,Fitbit App
2026-05-25T15:04:00Z,LIGHTLY_ACTIVE,Fitbit App
2026-05-25T15:05:00Z,MODERATELY_ACTIVE,Fitbit App
2026-05-25T15:06:00Z,MODERATELY_ACTIVE,Fitbit App
2026-05-25T15:07:00Z,MODERATELY_ACTIVE,Fitbit App
2026-05-25T15:08:00Z,MODERATELY_ACTIVE,Fitbit App
2026-05-25T15:09:00Z,MODERATELY_ACTIVE,Fitbit App
2026-05-25T15:10:00Z,LIGHTLY_ACTIVE,Fitbit App
2026-05-25T15:11:00Z,SEDENTARY,Fitbit App
2026-05-25T15:12:00Z,LIGHTLY_ACTIVE,Fitbit App
2026-05-25T15:13:00Z,LIGHTLY_ACTIVE,Fitbit App
2026-05-25T15:14:00Z,LIGHTLY_ACTIVE,Fitbit App
2026-05-25T15:15:00Z,LIGHTLY_ACTIVE,Fitbit App
2026-05-25T15:16:00Z,MODERATELY_ACTIVE,Fitbit App
2026-05-25T15:17:00Z,MODERATELY_ACTIVE,Fitbit App
2026-05-25T15:18:00Z,VERY_ACTIVE,Fitbit App
2026-05-25T15:19:00Z,VERY_ACTIVE,Fitbit App
2026-05-25T15:20:00Z,VERY_ACTIVE,Fitbit App
2026-05-25T15:21:00Z,MODERATELY_ACTIVE,Fitbit App
2026-05-25T15:22:00Z,LIGHTLY_ACTIVE,Fitbit App
2026-05-25T15:23:00Z,LIGHTLY_ACTIVE,Fitbit App
2026-05-25T15:24:00Z,LIGHTLY_ACTIVE,Fitbit App
2026-05-25T15:25:00Z,LIGHTLY_ACTIVE,Fitbit App
2026-05-25T15:26:00Z,SEDENTARY,Fitbit App
2026-05-25T15:27:00Z,LIGHTLY_ACTIVE,Fitbit App
2026-05-25T15:28:00Z,SEDENTARY,Fitbit App
2026-05-25T15:30:00Z,SEDENTARY,Fitbit App
2026-05-25T15:31:00Z,LIGHTLY_ACTIVE,Fitbit App
2026-05-25T15:32:00Z,SEDENTARY,Fitbit App
2026-05-25T15:33:00Z,SEDENTARY,Fitbit App
2026-05-25T15:34:00Z,SEDENTARY,Fitbit App
2026-05-25T15:35:00Z,SEDENTARY,Fitbit App
2026-05-25T15:36:00Z,LIGHTLY_ACTIVE,Fitbit App
2026-05-25T15:37:00Z,SEDENTARY,Fitbit App
2026-05-25T15:38:00Z,SEDENTARY,Fitbit App
2026-05-25T15:39:00Z,SEDENTARY,Fitbit App
2026-05-25T15:40:00Z,SEDENTARY,Fitbit App
2026-05-25T15:41:00Z,SEDENTARY,Fitbit App
2026-05-25T15:42:00Z,SEDENTARY,Fitbit App
2026-05-25T15:43:00Z,SEDENTARY,Fitbit App
2026-05-25T15:44:00Z,SEDENTARY,Fitbit App
2026-05-25T15:45:00Z,SEDENTARY,Fitbit App
2026-05-25T15:46:00Z,SEDENTARY,Fitbit App
2026-05-25T15:47:00Z,SEDENTARY,Fitbit App
2026-05-25T15:48:00Z,SEDENTARY,Fitbit App
2026-05-25T15:49:00Z,SEDENTARY,Fitbit App
2026-05-25T15:50:00Z,SEDENTARY,Fitbit App
2026-05-25T15:51:00Z,SEDENTARY,Fitbit App
2026-05-25T15:52:00Z,SEDENTARY,Fitbit App
2026-05-25T15:53:00Z,SEDENTARY,Fitbit App
2026-05-25T15:54:00Z,SEDENTARY,Fitbit App
2026-05-25T15:55:00Z,SEDENTARY,Fitbit App
2026-05-25T15:56:00Z,SEDENTARY,Fitbit App
2026-05-25T15:57:00Z,SEDENTARY,Fitbit App
2026-05-25T15:58:00Z,SEDENTARY,Fitbit App
2026-05-25T15:59:00Z,SEDENTARY,Fitbit App
2026-05-25T16:00:00Z,SEDENTARY,Fitbit App
2026-05-25T16:01:00Z,SEDENTARY,Fitbit App
2026-05-25T16:02:00Z,SEDENTARY,Fitbit App
2026-05-25T16:03:00Z,SEDENTARY,Fitbit App
2026-05-25T16:04:00Z,LIGHTLY_ACTIVE,Fitbit App
2026-05-25T16:05:00Z,LIGHTLY_ACTIVE,Fitbit App
2026-05-25T16:06:00Z,SEDENTARY,Fitbit App
2026-05-25T16:07:00Z,LIGHTLY_ACTIVE,Fitbit App
2026-05-25T16:08:00Z,LIGHTLY_ACTIVE,Fitbit App
2026-05-25T16:09:00Z,LIGHTLY_ACTIVE,Fitbit App
2026-05-25T16:10:00Z,MODERATELY_ACTIVE,Fitbit App
2026-05-25T16:11:00Z,MODERATELY_ACTIVE,Fitbit App
2026-05-25T16:12:00Z,MODERATELY_ACTIVE,Fitbit App
2026-05-25T16:13:00Z,VERY_ACTIVE,Fitbit App
2026-05-25T16:14:00Z,MODERATELY_ACTIVE,Fitbit App
2026-05-25T16:15:00Z,LIGHTLY_ACTIVE,Fitbit App
2026-05-25T16:16:00Z,LIGHTLY_ACTIVE,Fitbit App
2026-05-25T16:17:00Z,LIGHTLY_ACTIVE,Fitbit App
2026-05-25T16:18:00Z,MODERATELY_ACTIVE,Fitbit App
2026-05-25T16:19:00Z,MODERATELY_ACTIVE,Fitbit App
2026-05-25T16:20:00Z,SEDENTARY,Fitbit App
2026-05-25T16:21:00Z,LIGHTLY_ACTIVE,Fitbit App
2026-05-25T16:22:00Z,MODERATELY_ACTIVE,Fitbit App
2026-05-25T16:23:00Z,MODERATELY_ACTIVE,Fitbit App
2026-05-25T16:24:00Z,MODERATELY_ACTIVE,Fitbit App
2026-05-25T16:25:00Z,LIGHTLY_ACTIVE,Fitbit App
2026-05-25T16:26:00Z,LIGHTLY_ACTIVE,Fitbit App
2026-05-25T16:27:00Z,LIGHTLY_ACTIVE,Fitbit App
2026-05-25T16:28:00Z,SEDENTARY,Fitbit App
2026-05-25T16:29:00Z,SEDENTARY,Fitbit App
2026-05-25T16:30:00Z,SEDENTARY,Fitbit App
2026-05-25T16:31:00Z,SEDENTARY,Fitbit App
2026-05-25T16:32:00Z,SEDENTARY,Fitbit App
2026-05-25T16:33:00Z,SEDENTARY,Fitbit App
2026-05-25T16:34:00Z,SEDENTARY,Fitbit App
2026-05-25T16:35:00Z,SEDENTARY,Fitbit App
2026-05-25T16:36:00Z,SEDENTARY,Fitbit App
2026-05-25T16:37:00Z,SEDENTARY,Fitbit App
2026-05-25T16:38:00Z,SEDENTARY,Fitbit App
2026-05-25T16:39:00Z,SEDENTARY,Fitbit App
2026-05-25T16:40:00Z,SEDENTARY,Fitbit App
2026-05-25T16:42:00Z,SEDENTARY,Fitbit App
2026-05-25T16:43:00Z,SEDENTARY,Fitbit App
2026-05-25T16:44:00Z,SEDENTARY,Fitbit App
2026-05-25T16:45:00Z,SEDENTARY,Fitbit App
2026-05-25T16:51:00Z,SEDENTARY,Fitbit App
2026-05-25T16:52:00Z,SEDENTARY,Fitbit App
2026-05-25T16:53:00Z,SEDENTARY,Fitbit App
2026-05-25T16:54:00Z,SEDENTARY,Fitbit App
2026-05-25T16:55:00Z,LIGHTLY_ACTIVE,Fitbit App
2026-05-25T16:56:00Z,LIGHTLY_ACTIVE,Fitbit App
2026-05-25T16:57:00Z,LIGHTLY_ACTIVE,Fitbit App
2026-05-25T16:58:00Z,LIGHTLY_ACTIVE,Fitbit App
2026-05-25T16:59:00Z,LIGHTLY_ACTIVE,Fitbit App
2026-05-25T17:00:00Z,SEDENTARY,Fitbit App
2026-05-25T17:01:00Z,SEDENTARY,Fitbit App
2026-05-25T17:02:00Z,SEDENTARY,Fitbit App
2026-05-25T17:04:00Z,LIGHTLY_ACTIVE,Fitbit App
2026-05-25T17:05:00Z,SEDENTARY,Fitbit App
2026-05-25T17:08:00Z,SEDENTARY,Fitbit App
2026-05-25T17:09:00Z,SEDENTARY,Fitbit App
2026-05-25T17:10:00Z,SEDENTARY,Fitbit App
2026-05-25T17:11:00Z,SEDENTARY,Fitbit App
2026-05-25T17:12:00Z,SEDENTARY,Fitbit App
2026-05-25T17:13:00Z,LIGHTLY_ACTIVE,Fitbit App
2026-05-25T17:14:00Z,LIGHTLY_ACTIVE,Fitbit App
2026-05-25T17:15:00Z,LIGHTLY_ACTIVE,Fitbit App
2026-05-25T17:16:00Z,SEDENTARY,Fitbit App
2026-05-25T17:17:00Z,SEDENTARY,Fitbit App
2026-05-25T17:18:00Z,SEDENTARY,Fitbit App
2026-05-25T17:19:00Z,SEDENTARY,Fitbit App
2026-05-25T17:21:00Z,SEDENTARY,Fitbit App
2026-05-25T17:22:00Z,SEDENTARY,Fitbit App
2026-05-25T17:23:00Z,LIGHTLY_ACTIVE,Fitbit App
2026-05-25T17:24:00Z,LIGHTLY_ACTIVE,Fitbit App
2026-05-25T17:25:00Z,MODERATELY_ACTIVE,Fitbit App
2026-05-25T17:26:00Z,SEDENTARY,Fitbit App
2026-05-25T17:27:00Z,SEDENTARY,Fitbit App
2026-05-25T17:28:00Z,SEDENTARY,Fitbit App
2026-05-25T17:29:00Z,SEDENTARY,Fitbit App
2026-05-25T17:30:00Z,SEDENTARY,Fitbit App
2026-05-25T17:31:00Z,LIGHTLY_ACTIVE,Fitbit App
2026-05-25T17:32:00Z,SEDENTARY,Fitbit App
2026-05-25T17:33:00Z,SEDENTARY,Fitbit App
2026-05-25T17:35:00Z,SEDENTARY,Fitbit App
2026-05-25T17:36:00Z,SEDENTARY,Fitbit App
2026-05-25T17:37:00Z,LIGHTLY_ACTIVE,Fitbit App
2026-05-25T17:38:00Z,LIGHTLY_ACTIVE,Fitbit App
2026-05-25T17:39:00Z,LIGHTLY_ACTIVE,Fitbit App
2026-05-25T17:40:00Z,SEDENTARY,Fitbit App
2026-05-25T17:41:00Z,SEDENTARY,Fitbit App
2026-05-25T17:42:00Z,SEDENTARY,Fitbit App
2026-05-25T17:43:00Z,SEDENTARY,Fitbit App
2026-05-25T17:44:00Z,SEDENTARY,Fitbit App
2026-05-25T17:45:00Z,SEDENTARY,Fitbit App
2026-05-25T17:46:00Z,SEDENTARY,Fitbit App
2026-05-25T17:47:00Z,LIGHTLY_ACTIVE,Fitbit App
2026-05-25T17:48:00Z,LIGHTLY_ACTIVE,Fitbit App
2026-05-25T17:49:00Z,LIGHTLY_ACTIVE,Fitbit App
2026-05-25T17:50:00Z,VERY_ACTIVE,Fitbit App
2026-05-25T17:51:00Z,VERY_ACTIVE,Fitbit App
2026-05-25T17:52:00Z,VERY_ACTIVE,Fitbit App
2026-05-25T17:53:00Z,VERY_ACTIVE,Fitbit App
2026-05-25T17:54:00Z,LIGHTLY_ACTIVE,Fitbit App
2026-05-25T17:55:00Z,VERY_ACTIVE,Fitbit App
2026-05-25T17:56:00Z,LIGHTLY_ACTIVE,Fitbit App
2026-05-25T17:57:00Z,LIGHTLY_ACTIVE,Fitbit App
2026-05-25T17:58:00Z,LIGHTLY_ACTIVE,Fitbit App
2026-05-25T17:59:00Z,LIGHTLY_ACTIVE,Fitbit App
2026-05-25T18:00:00Z,LIGHTLY_ACTIVE,Fitbit App
2026-05-25T18:01:00Z,LIGHTLY_ACTIVE,Fitbit App
2026-05-25T18:02:00Z,SEDENTARY,Fitbit App
2026-05-25T18:03:00Z,MODERATELY_ACTIVE,Fitbit App
2026-05-25T18:04:00Z,LIGHTLY_ACTIVE,Fitbit App
2026-05-25T18:05:00Z,MODERATELY_ACTIVE,Fitbit App
2026-05-25T18:06:00Z,MODERATELY_ACTIVE,Fitbit App
2026-05-25T18:07:00Z,MODERATELY_ACTIVE,Fitbit App
2026-05-25T18:08:00Z,MODERATELY_ACTIVE,Fitbit App
2026-05-25T18:09:00Z,MODERATELY_ACTIVE,Fitbit App
2026-05-25T18:10:00Z,MODERATELY_ACTIVE,Fitbit App
2026-05-25T18:11:00Z,MODERATELY_ACTIVE,Fitbit App
2026-05-25T18:12:00Z,MODERATELY_ACTIVE,Fitbit App
2026-05-25T18:13:00Z,MODERATELY_ACTIVE,Fitbit App
2026-05-25T18:14:00Z,LIGHTLY_ACTIVE,Fitbit App
2026-05-25T18:15:00Z,LIGHTLY_ACTIVE,Fitbit App
2026-05-25T18:16:00Z,LIGHTLY_ACTIVE,Fitbit App
2026-05-25T18:17:00Z,VERY_ACTIVE,Fitbit App
2026-05-25T18:18:00Z,SEDENTARY,Fitbit App
2026-05-25T18:19:00Z,LIGHTLY_ACTIVE,Fitbit App
2026-05-25T18:20:00Z,LIGHTLY_ACTIVE,Fitbit App
2026-05-25T18:21:00Z,SEDENTARY,Fitbit App
2026-05-25T18:22:00Z,SEDENTARY,Fitbit App
2026-05-25T18:23:00Z,SEDENTARY,Fitbit App
2026-05-25T18:24:00Z,LIGHTLY_ACTIVE,Fitbit App
2026-05-25T18:25:00Z,SEDENTARY,Fitbit App
2026-05-25T18:26:00Z,SEDENTARY,Fitbit App
2026-05-25T18:27:00Z,SEDENTARY,Fitbit App
2026-05-25T18:28:00Z,SEDENTARY,Fitbit App
2026-05-25T18:29:00Z,SEDENTARY,Fitbit App
2026-05-25T18:30:00Z,SEDENTARY,Fitbit App
2026-05-25T18:31:00Z,SEDENTARY,Fitbit App
2026-05-25T18:33:00Z,LIGHTLY_ACTIVE,Fitbit App
2026-05-25T18:34:00Z,LIGHTLY_ACTIVE,Fitbit App
2026-05-25T18:35:00Z,LIGHTLY_ACTIVE,Fitbit App
2026-05-25T18:36:00Z,LIGHTLY_ACTIVE,Fitbit App
2026-05-25T18:37:00Z,LIGHTLY_ACTIVE,Fitbit App
2026-05-25T18:38:00Z,MODERATELY_ACTIVE,Fitbit App
2026-05-25T18:39:00Z,LIGHTLY_ACTIVE,Fitbit App
2026-05-25T18:40:00Z,SEDENTARY,Fitbit App
2026-05-25T18:42:00Z,SEDENTARY,Fitbit App
2026-05-25T18:43:00Z,SEDENTARY,Fitbit App
2026-05-25T18:44:00Z,SEDENTARY,Fitbit App
2026-05-25T18:45:00Z,SEDENTARY,Fitbit App
2026-05-25T18:46:00Z,SEDENTARY,Fitbit App
2026-05-25T18:47:00Z,VERY_ACTIVE,Fitbit App
2026-05-25T18:48:00Z,MODERATELY_ACTIVE,Fitbit App
2026-05-25T18:49:00Z,LIGHTLY_ACTIVE,Fitbit App
2026-05-25T18:50:00Z,LIGHTLY_ACTIVE,Fitbit App
2026-05-25T18:51:00Z,SEDENTARY,Fitbit App
2026-05-25T18:53:00Z,SEDENTARY,Fitbit App
2026-05-25T18:57:00Z,SEDENTARY,Fitbit App
2026-05-25T19:04:00Z,SEDENTARY,Fitbit App
2026-05-25T19:06:00Z,SEDENTARY,Fitbit App
2026-05-25T19:07:00Z,SEDENTARY,Fitbit App
2026-05-25T19:08:00Z,MODERATELY_ACTIVE,Fitbit App
2026-05-25T19:09:00Z,LIGHTLY_ACTIVE,Fitbit App
2026-05-25T19:10:00Z,LIGHTLY_ACTIVE,Fitbit App
2026-05-25T19:11:00Z,MODERATELY_ACTIVE,Fitbit App
2026-05-25T19:12:00Z,LIGHTLY_ACTIVE,Fitbit App
2026-05-25T19:13:00Z,MODERATELY_ACTIVE,Fitbit App
2026-05-25T19:14:00Z,LIGHTLY_ACTIVE,Fitbit App
2026-05-25T19:15:00Z,LIGHTLY_ACTIVE,Fitbit App
2026-05-25T19:16:00Z,SEDENTARY,Fitbit App
2026-05-25T19:17:00Z,SEDENTARY,Fitbit App
2026-05-25T19:22:00Z,LIGHTLY_ACTIVE,Fitbit App
2026-05-25T19:23:00Z,LIGHTLY_ACTIVE,Fitbit App
2026-05-25T19:24:00Z,LIGHTLY_ACTIVE,Fitbit App
2026-05-25T19:25:00Z,LIGHTLY_ACTIVE,Fitbit App
2026-05-25T19:26:00Z,LIGHTLY_ACTIVE,Fitbit App
2026-05-25T19:27:00Z,LIGHTLY_ACTIVE,Fitbit App
2026-05-25T19:28:00Z,LIGHTLY_ACTIVE,Fitbit App
2026-05-25T19:29:00Z,LIGHTLY_ACTIVE,Fitbit App
2026-05-25T19:30:00Z,LIGHTLY_ACTIVE,Fitbit App
2026-05-25T19:31:00Z,LIGHTLY_ACTIVE,Fitbit App
2026-05-25T19:32:00Z,LIGHTLY_ACTIVE,Fitbit App
2026-05-25T19:33:00Z,SEDENTARY,Fitbit App
2026-05-25T19:34:00Z,LIGHTLY_ACTIVE,Fitbit App
2026-05-25T19:35:00Z,SEDENTARY,Fitbit App
2026-05-25T19:45:00Z,SEDENTARY,Fitbit App
2026-05-25T19:51:00Z,LIGHTLY_ACTIVE,Fitbit App
2026-05-25T19:52:00Z,LIGHTLY_ACTIVE,Fitbit App
2026-05-25T19:53:00Z,SEDENTARY,Fitbit App
2026-05-25T19:54:00Z,LIGHTLY_ACTIVE,Fitbit App
2026-05-25T19:55:00Z,MODERATELY_ACTIVE,Fitbit App
2026-05-25T19:56:00Z,SEDENTARY,Fitbit App
2026-05-25T19:57:00Z,LIGHTLY_ACTIVE,Fitbit App
2026-05-25T19:58:00Z,SEDENTARY,Fitbit App
2026-05-25T20:10:00Z,SEDENTARY,Fitbit App
2026-05-25T20:15:00Z,SEDENTARY,Fitbit App
2026-05-25T20:42:00Z,SEDENTARY,Fitbit App
2026-05-25T20:47:00Z,SEDENTARY,Fitbit App
2026-05-25T20:58:00Z,SEDENTARY,Fitbit App
2026-05-25T21:00:00Z,SEDENTARY,Fitbit App
2026-05-25T21:03:00Z,LIGHTLY_ACTIVE,Fitbit App
2026-05-25T21:04:00Z,SEDENTARY,Fitbit App
2026-05-25T21:06:00Z,SEDENTARY,Fitbit App
2026-05-25T21:09:00Z,SEDENTARY,Fitbit App
2026-05-25T21:10:00Z,SEDENTARY,Fitbit App
2026-05-25T21:12:00Z,LIGHTLY_ACTIVE,Fitbit App
2026-05-25T21:13:00Z,SEDENTARY,Fitbit App
2026-05-25T21:14:00Z,SEDENTARY,Fitbit App
2026-05-25T21:15:00Z,SEDENTARY,Fitbit App
2026-05-25T21:16:00Z,SEDENTARY,Fitbit App
2026-05-25T21:17:00Z,LIGHTLY_ACTIVE,Fitbit App
2026-05-25T21:18:00Z,LIGHTLY_ACTIVE,Fitbit App
2026-05-25T21:19:00Z,LIGHTLY_ACTIVE,Fitbit App
2026-05-25T21:20:00Z,SEDENTARY,Fitbit App
2026-05-25T21:27:00Z,LIGHTLY_ACTIVE,Fitbit App
2026-05-25T21:28:00Z,SEDENTARY,Fitbit App
2026-05-25T21:35:00Z,SEDENTARY,Fitbit App
2026-05-25T21:54:00Z,SEDENTARY,Fitbit App
2026-05-25T22:20:00Z,SEDENTARY,Fitbit App
2026-05-25T22:25:00Z,LIGHTLY_ACTIVE,Fitbit App
2026-05-25T22:26:00Z,SEDENTARY,Fitbit App
2026-05-25T22:27:00Z,SEDENTARY,Fitbit App
2026-05-25T22:31:00Z,SEDENTARY,Fitbit App
2026-05-25T22:38:00Z,SEDENTARY,Fitbit App
2026-05-25T23:18:00Z,SEDENTARY,Fitbit App
2026-05-25T23:37:00Z,SEDENTARY,Fitbit App
2026-05-25T23:41:00Z,SEDENTARY,Fitbit App
2026-05-26T00:05:00Z,SEDENTARY,Fitbit App
2026-05-26T00:07:00Z,SEDENTARY,Fitbit App
2026-05-26T00:23:00Z,SEDENTARY,Fitbit App
2026-05-26T01:14:00Z,SEDENTARY,Fitbit App
2026-05-26T13:27:00Z,SEDENTARY,Fitbit App
2026-05-26T13:28:00Z,SEDENTARY,Fitbit App
2026-05-26T13:29:00Z,LIGHTLY_ACTIVE,Fitbit App
2026-05-26T13:30:00Z,SEDENTARY,Fitbit App
2026-05-26T13:31:00Z,SEDENTARY,Fitbit App
2026-05-26T13:32:00Z,SEDENTARY,Fitbit App
2026-05-26T13:33:00Z,SEDENTARY,Fitbit App
2026-05-26T13:34:00Z,SEDENTARY,Fitbit App
2026-05-26T13:37:00Z,SEDENTARY,Fitbit App
2026-05-26T13:39:00Z,SEDENTARY,Fitbit App
2026-05-26T13:40:00Z,SEDENTARY,Fitbit App
2026-05-26T13:54:00Z,SEDENTARY,Fitbit App
2026-05-26T13:55:00Z,LIGHTLY_ACTIVE,Fitbit App
2026-05-26T13:56:00Z,LIGHTLY_ACTIVE,Fitbit App
2026-05-26T13:57:00Z,LIGHTLY_ACTIVE,Fitbit App
2026-05-26T13:58:00Z,LIGHTLY_ACTIVE,Fitbit App
2026-05-26T13:59:00Z,MODERATELY_ACTIVE,Fitbit App
2026-05-26T14:00:00Z,VERY_ACTIVE,Fitbit App
2026-05-26T14:01:00Z,MODERATELY_ACTIVE,Fitbit App
2026-05-26T14:02:00Z,LIGHTLY_ACTIVE,Fitbit App
2026-05-26T14:03:00Z,SEDENTARY,Fitbit App
2026-05-26T14:04:00Z,LIGHTLY_ACTIVE,Fitbit App
2026-05-26T14:05:00Z,LIGHTLY_ACTIVE,Fitbit App
2026-05-26T14:06:00Z,LIGHTLY_ACTIVE,Fitbit App
2026-05-26T14:07:00Z,SEDENTARY,Fitbit App
2026-05-26T14:09:00Z,SEDENTARY,Fitbit App
2026-05-26T14:15:00Z,SEDENTARY,Fitbit App
2026-05-26T14:16:00Z,LIGHTLY_ACTIVE,Fitbit App
2026-05-26T14:17:00Z,LIGHTLY_ACTIVE,Fitbit App
2026-05-26T14:18:00Z,LIGHTLY_ACTIVE,Fitbit App
2026-05-26T14:19:00Z,LIGHTLY_ACTIVE,Fitbit App
2026-05-26T14:20:00Z,LIGHTLY_ACTIVE,Fitbit App
2026-05-26T14:21:00Z,SEDENTARY,Fitbit App
2026-05-26T14:22:00Z,LIGHTLY_ACTIVE,Fitbit App
2026-05-26T14:23:00Z,LIGHTLY_ACTIVE,Fitbit App
2026-05-26T14:24:00Z,LIGHTLY_ACTIVE,Fitbit App
2026-05-26T14:25:00Z,MODERATELY_ACTIVE,Fitbit App
2026-05-26T14:26:00Z,LIGHTLY_ACTIVE,Fitbit App
2026-05-26T14:27:00Z,LIGHTLY_ACTIVE,Fitbit App
2026-05-26T14:28:00Z,SEDENTARY,Fitbit App
2026-05-26T14:29:00Z,LIGHTLY_ACTIVE,Fitbit App
2026-05-26T14:30:00Z,LIGHTLY_ACTIVE,Fitbit App
2026-05-26T14:31:00Z,SEDENTARY,Fitbit App
2026-05-26T14:32:00Z,SEDENTARY,Fitbit App
2026-05-26T14:33:00Z,SEDENTARY,Fitbit App
2026-05-26T14:34:00Z,SEDENTARY,Fitbit App
2026-05-26T14:35:00Z,SEDENTARY,Fitbit App
2026-05-26T14:36:00Z,LIGHTLY_ACTIVE,Fitbit App
2026-05-26T14:37:00Z,SEDENTARY,Fitbit App
2026-05-26T14:38:00Z,SEDENTARY,Fitbit App
2026-05-26T14:39:00Z,SEDENTARY,Fitbit App
2026-05-26T14:40:00Z,SEDENTARY,Fitbit App
2026-05-26T14:41:00Z,SEDENTARY,Fitbit App
2026-05-26T14:42:00Z,SEDENTARY,Fitbit App
2026-05-26T14:43:00Z,LIGHTLY_ACTIVE,Fitbit App
2026-05-26T14:44:00Z,SEDENTARY,Fitbit App
2026-05-26T14:45:00Z,LIGHTLY_ACTIVE,Fitbit App
2026-05-26T14:46:00Z,MODERATELY_ACTIVE,Fitbit App
2026-05-26T14:47:00Z,MODERATELY_ACTIVE,Fitbit App
2026-05-26T14:48:00Z,MODERATELY_ACTIVE,Fitbit App
2026-05-26T14:49:00Z,LIGHTLY_ACTIVE,Fitbit App
2026-05-26T14:50:00Z,SEDENTARY,Fitbit App
2026-05-26T14:51:00Z,LIGHTLY_ACTIVE,Fitbit App
2026-05-26T14:52:00Z,LIGHTLY_ACTIVE,Fitbit App
2026-05-26T14:53:00Z,SEDENTARY,Fitbit App
2026-05-26T14:54:00Z,LIGHTLY_ACTIVE,Fitbit App
2026-05-26T14:55:00Z,LIGHTLY_ACTIVE,Fitbit App
2026-05-26T14:56:00Z,LIGHTLY_ACTIVE,Fitbit App
2026-05-26T14:57:00Z,LIGHTLY_ACTIVE,Fitbit App
2026-05-26T14:58:00Z,LIGHTLY_ACTIVE,Fitbit App
2026-05-26T14:59:00Z,MODERATELY_ACTIVE,Fitbit App
2026-05-26T15:00:00Z,VERY_ACTIVE,Fitbit App
2026-05-26T15:01:00Z,VERY_ACTIVE,Fitbit App
2026-05-26T15:02:00Z,VERY_ACTIVE,Fitbit App
2026-05-26T15:03:00Z,MODERATELY_ACTIVE,Fitbit App
2026-05-26T15:04:00Z,VERY_ACTIVE,Fitbit App
2026-05-26T15:05:00Z,MODERATELY_ACTIVE,Fitbit App
2026-05-26T15:06:00Z,SEDENTARY,Fitbit App
2026-05-26T15:07:00Z,SEDENTARY,Fitbit App
2026-05-26T15:08:00Z,LIGHTLY_ACTIVE,Fitbit App
2026-05-26T15:09:00Z,LIGHTLY_ACTIVE,Fitbit App
2026-05-26T15:10:00Z,SEDENTARY,Fitbit App
2026-05-26T15:11:00Z,SEDENTARY,Fitbit App
2026-05-26T15:12:00Z,SEDENTARY,Fitbit App
2026-05-26T15:13:00Z,SEDENTARY,Fitbit App
2026-05-26T15:14:00Z,SEDENTARY,Fitbit App
2026-05-26T15:15:00Z,SEDENTARY,Fitbit App
2026-05-26T15:16:00Z,SEDENTARY,Fitbit App
2026-05-26T15:17:00Z,SEDENTARY,Fitbit App
2026-05-26T15:18:00Z,SEDENTARY,Fitbit App
2026-05-26T15:19:00Z,SEDENTARY,Fitbit App
2026-05-26T15:20:00Z,SEDENTARY,Fitbit App
2026-05-26T15:21:00Z,SEDENTARY,Fitbit App
2026-05-26T15:22:00Z,SEDENTARY,Fitbit App
2026-05-26T15:23:00Z,SEDENTARY,Fitbit App
2026-05-26T15:24:00Z,SEDENTARY,Fitbit App
2026-05-26T15:25:00Z,SEDENTARY,Fitbit App
2026-05-26T15:26:00Z,SEDENTARY,Fitbit App
2026-05-26T15:27:00Z,LIGHTLY_ACTIVE,Fitbit App
2026-05-26T15:28:00Z,SEDENTARY,Fitbit App
2026-05-26T15:29:00Z,SEDENTARY,Fitbit App
2026-05-26T15:30:00Z,SEDENTARY,Fitbit App
2026-05-26T15:31:00Z,SEDENTARY,Fitbit App
2026-05-26T15:32:00Z,SEDENTARY,Fitbit App
2026-05-26T15:33:00Z,SEDENTARY,Fitbit App
2026-05-26T15:34:00Z,SEDENTARY,Fitbit App
2026-05-26T15:35:00Z,SEDENTARY,Fitbit App
2026-05-26T15:36:00Z,SEDENTARY,Fitbit App
2026-05-26T15:37:00Z,SEDENTARY,Fitbit App
2026-05-26T15:38:00Z,SEDENTARY,Fitbit App
2026-05-26T15:39:00Z,SEDENTARY,Fitbit App
2026-05-26T15:40:00Z,SEDENTARY,Fitbit App
2026-05-26T15:41:00Z,SEDENTARY,Fitbit App
2026-05-26T15:42:00Z,SEDENTARY,Fitbit App
2026-05-26T15:43:00Z,SEDENTARY,Fitbit App
2026-05-26T15:44:00Z,SEDENTARY,Fitbit App
2026-05-26T15:45:00Z,SEDENTARY,Fitbit App
2026-05-26T15:46:00Z,SEDENTARY,Fitbit App
2026-05-26T15:47:00Z,SEDENTARY,Fitbit App
2026-05-26T15:48:00Z,SEDENTARY,Fitbit App
2026-05-26T15:49:00Z,SEDENTARY,Fitbit App
2026-05-26T15:50:00Z,SEDENTARY,Fitbit App
2026-05-26T15:51:00Z,SEDENTARY,Fitbit App
2026-05-26T15:52:00Z,SEDENTARY,Fitbit App
2026-05-26T15:53:00Z,SEDENTARY,Fitbit App
2026-05-26T15:54:00Z,SEDENTARY,Fitbit App
2026-05-26T15:55:00Z,LIGHTLY_ACTIVE,Fitbit App
2026-05-26T15:56:00Z,SEDENTARY,Fitbit App
2026-05-26T15:57:00Z,LIGHTLY_ACTIVE,Fitbit App
2026-05-26T15:58:00Z,MODERATELY_ACTIVE,Fitbit App
2026-05-26T15:59:00Z,VERY_ACTIVE,Fitbit App
2026-05-26T16:00:00Z,VERY_ACTIVE,Fitbit App
2026-05-26T16:01:00Z,VERY_ACTIVE,Fitbit App
2026-05-26T16:02:00Z,VERY_ACTIVE,Fitbit App
2026-05-26T16:03:00Z,MODERATELY_ACTIVE,Fitbit App
2026-05-26T16:04:00Z,SEDENTARY,Fitbit App
2026-05-26T16:05:00Z,SEDENTARY,Fitbit App
2026-05-26T16:06:00Z,SEDENTARY,Fitbit App
2026-05-26T16:07:00Z,SEDENTARY,Fitbit App
2026-05-26T16:08:00Z,LIGHTLY_ACTIVE,Fitbit App
2026-05-26T16:09:00Z,SEDENTARY,Fitbit App
2026-05-26T16:10:00Z,SEDENTARY,Fitbit App
2026-05-26T16:11:00Z,SEDENTARY,Fitbit App
2026-05-26T16:12:00Z,SEDENTARY,Fitbit App
2026-05-26T16:13:00Z,SEDENTARY,Fitbit App
2026-05-26T16:14:00Z,SEDENTARY,Fitbit App
2026-05-26T16:15:00Z,SEDENTARY,Fitbit App
2026-05-26T16:16:00Z,SEDENTARY,Fitbit App
2026-05-26T16:17:00Z,SEDENTARY,Fitbit App
2026-05-26T16:18:00Z,SEDENTARY,Fitbit App
2026-05-26T16:19:00Z,SEDENTARY,Fitbit App
2026-05-26T16:20:00Z,SEDENTARY,Fitbit App
2026-05-26T16:21:00Z,SEDENTARY,Fitbit App
2026-05-26T16:22:00Z,LIGHTLY_ACTIVE,Fitbit App
2026-05-26T16:23:00Z,SEDENTARY,Fitbit App
2026-05-26T16:24:00Z,MODERATELY_ACTIVE,Fitbit App
2026-05-26T16:25:00Z,MODERATELY_ACTIVE,Fitbit App
2026-05-26T16:26:00Z,LIGHTLY_ACTIVE,Fitbit App
2026-05-26T16:27:00Z,SEDENTARY,Fitbit App
2026-05-26T16:28:00Z,SEDENTARY,Fitbit App
2026-05-26T16:29:00Z,LIGHTLY_ACTIVE,Fitbit App
2026-05-26T16:30:00Z,LIGHTLY_ACTIVE,Fitbit App
2026-05-26T16:31:00Z,LIGHTLY_ACTIVE,Fitbit App
2026-05-26T16:32:00Z,LIGHTLY_ACTIVE,Fitbit App
2026-05-26T16:33:00Z,LIGHTLY_ACTIVE,Fitbit App
2026-05-26T16:34:00Z,SEDENTARY,Fitbit App
2026-05-26T16:35:00Z,SEDENTARY,Fitbit App
2026-05-26T16:36:00Z,SEDENTARY,Fitbit App
2026-05-26T16:37:00Z,SEDENTARY,Fitbit App
2026-05-26T16:38:00Z,MODERATELY_ACTIVE,Fitbit App
2026-05-26T16:39:00Z,LIGHTLY_ACTIVE,Fitbit App
2026-05-26T16:40:00Z,LIGHTLY_ACTIVE,Fitbit App
2026-05-26T16:41:00Z,MODERATELY_ACTIVE,Fitbit App
2026-05-26T16:42:00Z,LIGHTLY_ACTIVE,Fitbit App
2026-05-26T16:43:00Z,LIGHTLY_ACTIVE,Fitbit App
2026-05-26T16:44:00Z,MODERATELY_ACTIVE,Fitbit App
2026-05-26T16:45:00Z,LIGHTLY_ACTIVE,Fitbit App
2026-05-26T16:46:00Z,SEDENTARY,Fitbit App
2026-05-26T16:47:00Z,SEDENTARY,Fitbit App
2026-05-26T16:48:00Z,LIGHTLY_ACTIVE,Fitbit App
2026-05-26T16:49:00Z,LIGHTLY_ACTIVE,Fitbit App
2026-05-26T16:50:00Z,LIGHTLY_ACTIVE,Fitbit App
2026-05-26T16:51:00Z,LIGHTLY_ACTIVE,Fitbit App
2026-05-26T16:52:00Z,LIGHTLY_ACTIVE,Fitbit App
2026-05-26T16:53:00Z,LIGHTLY_ACTIVE,Fitbit App
2026-05-26T16:54:00Z,MODERATELY_ACTIVE,Fitbit App
2026-05-26T16:55:00Z,MODERATELY_ACTIVE,Fitbit App
2026-05-26T16:56:00Z,MODERATELY_ACTIVE,Fitbit App
2026-05-26T16:57:00Z,LIGHTLY_ACTIVE,Fitbit App
2026-05-26T16:58:00Z,LIGHTLY_ACTIVE,Fitbit App
2026-05-26T16:59:00Z,LIGHTLY_ACTIVE,Fitbit App
2026-05-26T17:00:00Z,LIGHTLY_ACTIVE,Fitbit App
2026-05-26T17:01:00Z,LIGHTLY_ACTIVE,Fitbit App
2026-05-26T17:02:00Z,LIGHTLY_ACTIVE,Fitbit App
2026-05-26T17:03:00Z,LIGHTLY_ACTIVE,Fitbit App
2026-05-26T17:04:00Z,LIGHTLY_ACTIVE,Fitbit App
2026-05-26T17:05:00Z,MODERATELY_ACTIVE,Fitbit App
2026-05-26T17:06:00Z,MODERATELY_ACTIVE,Fitbit App
2026-05-26T17:07:00Z,MODERATELY_ACTIVE,Fitbit App
2026-05-26T17:08:00Z,MODERATELY_ACTIVE,Fitbit App
2026-05-26T17:09:00Z,MODERATELY_ACTIVE,Fitbit App
2026-05-26T17:10:00Z,MODERATELY_ACTIVE,Fitbit App
2026-05-26T17:11:00Z,LIGHTLY_ACTIVE,Fitbit App
2026-05-26T17:12:00Z,MODERATELY_ACTIVE,Fitbit App
2026-05-26T17:13:00Z,LIGHTLY_ACTIVE,Fitbit App
2026-05-26T17:14:00Z,MODERATELY_ACTIVE,Fitbit App
2026-05-26T17:15:00Z,LIGHTLY_ACTIVE,Fitbit App
2026-05-26T17:16:00Z,LIGHTLY_ACTIVE,Fitbit App
2026-05-26T17:17:00Z,MODERATELY_ACTIVE,Fitbit App
2026-05-26T17:18:00Z,LIGHTLY_ACTIVE,Fitbit App
2026-05-26T17:19:00Z,LIGHTLY_ACTIVE,Fitbit App
2026-05-26T17:20:00Z,LIGHTLY_ACTIVE,Fitbit App
2026-05-26T17:21:00Z,LIGHTLY_ACTIVE,Fitbit App
2026-05-26T17:22:00Z,MODERATELY_ACTIVE,Fitbit App
2026-05-26T17:23:00Z,MODERATELY_ACTIVE,Fitbit App
2026-05-26T17:24:00Z,MODERATELY_ACTIVE,Fitbit App
2026-05-26T17:25:00Z,LIGHTLY_ACTIVE,Fitbit App
2026-05-26T17:26:00Z,LIGHTLY_ACTIVE,Fitbit App
2026-05-26T17:27:00Z,LIGHTLY_ACTIVE,Fitbit App
2026-05-26T17:28:00Z,LIGHTLY_ACTIVE,Fitbit App
2026-05-26T17:29:00Z,LIGHTLY_ACTIVE,Fitbit App
2026-05-26T17:30:00Z,SEDENTARY,Fitbit App
2026-05-26T17:31:00Z,SEDENTARY,Fitbit App
2026-05-26T17:32:00Z,SEDENTARY,Fitbit App
2026-05-26T17:33:00Z,SEDENTARY,Fitbit App
2026-05-26T17:34:00Z,SEDENTARY,Fitbit App
2026-05-26T17:35:00Z,SEDENTARY,Fitbit App
2026-05-26T17:36:00Z,SEDENTARY,Fitbit App
2026-05-26T17:37:00Z,SEDENTARY,Fitbit App
2026-05-26T17:38:00Z,SEDENTARY,Fitbit App
2026-05-26T17:39:00Z,LIGHTLY_ACTIVE,Fitbit App
2026-05-26T17:40:00Z,SEDENTARY,Fitbit App
2026-05-26T17:41:00Z,LIGHTLY_ACTIVE,Fitbit App
2026-05-26T17:42:00Z,MODERATELY_ACTIVE,Fitbit App
2026-05-26T17:43:00Z,SEDENTARY,Fitbit App
2026-05-26T17:44:00Z,LIGHTLY_ACTIVE,Fitbit App
2026-05-26T17:45:00Z,SEDENTARY,Fitbit App
2026-05-26T17:46:00Z,LIGHTLY_ACTIVE,Fitbit App
2026-05-26T17:47:00Z,LIGHTLY_ACTIVE,Fitbit App
2026-05-26T17:48:00Z,SEDENTARY,Fitbit App
2026-05-26T17:49:00Z,SEDENTARY,Fitbit App
2026-05-26T17:50:00Z,SEDENTARY,Fitbit App
2026-05-26T17:51:00Z,SEDENTARY,Fitbit App
2026-05-26T17:52:00Z,SEDENTARY,Fitbit App
2026-05-26T17:53:00Z,SEDENTARY,Fitbit App
2026-05-26T17:54:00Z,SEDENTARY,Fitbit App
2026-05-26T17:55:00Z,SEDENTARY,Fitbit App
2026-05-26T17:56:00Z,SEDENTARY,Fitbit App
2026-05-26T17:57:00Z,SEDENTARY,Fitbit App
2026-05-26T17:58:00Z,SEDENTARY,Fitbit App
2026-05-26T17:59:00Z,SEDENTARY,Fitbit App
2026-05-26T18:00:00Z,SEDENTARY,Fitbit App
2026-05-26T18:01:00Z,SEDENTARY,Fitbit App
2026-05-26T18:02:00Z,SEDENTARY,Fitbit App
2026-05-26T18:03:00Z,SEDENTARY,Fitbit App
2026-05-26T18:04:00Z,SEDENTARY,Fitbit App
2026-05-26T18:05:00Z,SEDENTARY,Fitbit App
2026-05-26T18:06:00Z,SEDENTARY,Fitbit App
2026-05-26T18:07:00Z,SEDENTARY,Fitbit App
2026-05-26T18:08:00Z,SEDENTARY,Fitbit App
2026-05-26T18:09:00Z,LIGHTLY_ACTIVE,Fitbit App
2026-05-26T18:10:00Z,SEDENTARY,Fitbit App
2026-05-26T18:11:00Z,SEDENTARY,Fitbit App
2026-05-26T18:12:00Z,SEDENTARY,Fitbit App
2026-05-26T18:13:00Z,SEDENTARY,Fitbit App
2026-05-26T18:14:00Z,SEDENTARY,Fitbit App
2026-05-26T18:15:00Z,SEDENTARY,Fitbit App
2026-05-26T18:16:00Z,SEDENTARY,Fitbit App
2026-05-26T18:17:00Z,SEDENTARY,Fitbit App
2026-05-26T18:18:00Z,LIGHTLY_ACTIVE,Fitbit App
2026-05-26T18:19:00Z,LIGHTLY_ACTIVE,Fitbit App
2026-05-26T18:20:00Z,SEDENTARY,Fitbit App
2026-05-26T18:21:00Z,SEDENTARY,Fitbit App
2026-05-26T18:22:00Z,SEDENTARY,Fitbit App
2026-05-26T18:23:00Z,LIGHTLY_ACTIVE,Fitbit App
2026-05-26T18:24:00Z,SEDENTARY,Fitbit App
2026-05-26T18:25:00Z,LIGHTLY_ACTIVE,Fitbit App
2026-05-26T18:26:00Z,SEDENTARY,Fitbit App
2026-05-26T18:27:00Z,LIGHTLY_ACTIVE,Fitbit App
2026-05-26T18:28:00Z,SEDENTARY,Fitbit App
2026-05-26T18:29:00Z,SEDENTARY,Fitbit App
2026-05-26T18:30:00Z,SEDENTARY,Fitbit App
2026-05-26T18:31:00Z,LIGHTLY_ACTIVE,Fitbit App
2026-05-26T18:32:00Z,LIGHTLY_ACTIVE,Fitbit App
2026-05-26T18:33:00Z,LIGHTLY_ACTIVE,Fitbit App
2026-05-26T18:34:00Z,LIGHTLY_ACTIVE,Fitbit App
2026-05-26T18:35:00Z,LIGHTLY_ACTIVE,Fitbit App
2026-05-26T18:36:00Z,LIGHTLY_ACTIVE,Fitbit App
2026-05-26T18:37:00Z,LIGHTLY_ACTIVE,Fitbit App
2026-05-26T18:38:00Z,LIGHTLY_ACTIVE,Fitbit App
2026-05-26T18:39:00Z,LIGHTLY_ACTIVE,Fitbit App
2026-05-26T18:40:00Z,SEDENTARY,Fitbit App
2026-05-26T18:41:00Z,SEDENTARY,Fitbit App
2026-05-26T18:42:00Z,SEDENTARY,Fitbit App
2026-05-26T18:43:00Z,SEDENTARY,Fitbit App
2026-05-26T18:44:00Z,SEDENTARY,Fitbit App
2026-05-26T18:45:00Z,SEDENTARY,Fitbit App
2026-05-26T18:46:00Z,SEDENTARY,Fitbit App
2026-05-26T18:47:00Z,LIGHTLY_ACTIVE,Fitbit App
2026-05-26T18:48:00Z,SEDENTARY,Fitbit App
2026-05-26T18:49:00Z,SEDENTARY,Fitbit App
2026-05-26T18:50:00Z,SEDENTARY,Fitbit App
2026-05-26T18:51:00Z,SEDENTARY,Fitbit App
2026-05-26T18:52:00Z,SEDENTARY,Fitbit App
2026-05-26T18:53:00Z,SEDENTARY,Fitbit App
2026-05-26T18:54:00Z,SEDENTARY,Fitbit App
2026-05-26T18:55:00Z,SEDENTARY,Fitbit App
2026-05-26T18:56:00Z,SEDENTARY,Fitbit App
2026-05-26T18:57:00Z,SEDENTARY,Fitbit App
2026-05-26T18:58:00Z,SEDENTARY,Fitbit App
2026-05-26T18:59:00Z,SEDENTARY,Fitbit App
2026-05-26T19:00:00Z,SEDENTARY,Fitbit App
2026-05-26T19:01:00Z,SEDENTARY,Fitbit App
2026-05-26T19:02:00Z,SEDENTARY,Fitbit App
2026-05-26T19:03:00Z,SEDENTARY,Fitbit App
2026-05-26T19:04:00Z,SEDENTARY,Fitbit App
2026-05-26T19:05:00Z,SEDENTARY,Fitbit App
2026-05-26T19:07:00Z,SEDENTARY,Fitbit App
2026-05-26T19:10:00Z,SEDENTARY,Fitbit App
2026-05-26T19:12:00Z,SEDENTARY,Fitbit App
2026-05-26T19:14:00Z,SEDENTARY,Fitbit App
2026-05-26T19:15:00Z,SEDENTARY,Fitbit App
2026-05-26T19:16:00Z,SEDENTARY,Fitbit App
2026-05-26T19:18:00Z,SEDENTARY,Fitbit App
2026-05-26T19:19:00Z,SEDENTARY,Fitbit App
2026-05-26T19:20:00Z,SEDENTARY,Fitbit App
2026-05-26T19:21:00Z,SEDENTARY,Fitbit App
2026-05-26T19:24:00Z,SEDENTARY,Fitbit App
2026-05-26T19:27:00Z,LIGHTLY_ACTIVE,Fitbit App
2026-05-26T19:28:00Z,SEDENTARY,Fitbit App
2026-05-26T19:29:00Z,SEDENTARY,Fitbit App
2026-05-26T19:32:00Z,SEDENTARY,Fitbit App
2026-05-26T19:36:00Z,SEDENTARY,Fitbit App
2026-05-26T19:37:00Z,SEDENTARY,Fitbit App
2026-05-26T19:38:00Z,SEDENTARY,Fitbit App
2026-05-26T19:40:00Z,SEDENTARY,Fitbit App
2026-05-26T19:41:00Z,SEDENTARY,Fitbit App
2026-05-26T19:42:00Z,SEDENTARY,Fitbit App
2026-05-26T19:43:00Z,SEDENTARY,Fitbit App
2026-05-26T19:44:00Z,SEDENTARY,Fitbit App
2026-05-26T19:50:00Z,LIGHTLY_ACTIVE,Fitbit App
2026-05-26T19:51:00Z,SEDENTARY,Fitbit App
2026-05-26T20:10:00Z,SEDENTARY,Fitbit App
2026-05-26T20:16:00Z,SEDENTARY,Fitbit App
2026-05-26T20:23:00Z,SEDENTARY,Fitbit App
2026-05-26T20:26:00Z,SEDENTARY,Fitbit App
2026-05-26T20:27:00Z,SEDENTARY,Fitbit App
2026-05-26T20:31:00Z,SEDENTARY,Fitbit App
2026-05-26T20:33:00Z,SEDENTARY,Fitbit App
2026-05-26T20:37:00Z,SEDENTARY,Fitbit App
2026-05-26T20:38:00Z,SEDENTARY,Fitbit App
2026-05-26T20:39:00Z,SEDENTARY,Fitbit App
2026-05-26T20:42:00Z,SEDENTARY,Fitbit App
2026-05-26T20:44:00Z,SEDENTARY,Fitbit App
2026-05-26T20:50:00Z,SEDENTARY,Fitbit App
2026-05-26T21:05:00Z,SEDENTARY,Fitbit App
2026-05-26T21:06:00Z,SEDENTARY,Fitbit App
2026-05-26T21:07:00Z,LIGHTLY_ACTIVE,Fitbit App
2026-05-26T21:08:00Z,SEDENTARY,Fitbit App
2026-05-26T21:09:00Z,SEDENTARY,Fitbit App
2026-05-26T21:10:00Z,SEDENTARY,Fitbit App
2026-05-26T21:11:00Z,SEDENTARY,Fitbit App
2026-05-26T21:12:00Z,LIGHTLY_ACTIVE,Fitbit App
2026-05-26T21:13:00Z,LIGHTLY_ACTIVE,Fitbit App
2026-05-26T21:14:00Z,LIGHTLY_ACTIVE,Fitbit App
2026-05-26T21:15:00Z,LIGHTLY_ACTIVE,Fitbit App
2026-05-26T21:16:00Z,LIGHTLY_ACTIVE,Fitbit App
2026-05-26T21:17:00Z,SEDENTARY,Fitbit App
2026-05-26T21:18:00Z,LIGHTLY_ACTIVE,Fitbit App
2026-05-26T21:19:00Z,LIGHTLY_ACTIVE,Fitbit App
2026-05-26T21:20:00Z,MODERATELY_ACTIVE,Fitbit App
2026-05-26T21:21:00Z,LIGHTLY_ACTIVE,Fitbit App
2026-05-26T21:22:00Z,LIGHTLY_ACTIVE,Fitbit App
2026-05-26T21:23:00Z,LIGHTLY_ACTIVE,Fitbit App
2026-05-26T21:24:00Z,LIGHTLY_ACTIVE,Fitbit App
2026-05-26T21:25:00Z,SEDENTARY,Fitbit App
2026-05-26T21:26:00Z,SEDENTARY,Fitbit App
2026-05-26T21:29:00Z,SEDENTARY,Fitbit App
2026-05-26T21:30:00Z,SEDENTARY,Fitbit App
2026-05-26T21:32:00Z,SEDENTARY,Fitbit App
2026-05-26T21:34:00Z,LIGHTLY_ACTIVE,Fitbit App
2026-05-26T21:35:00Z,LIGHTLY_ACTIVE,Fitbit App
2026-05-26T21:37:00Z,LIGHTLY_ACTIVE,Fitbit App
2026-05-26T21:40:00Z,LIGHTLY_ACTIVE,Fitbit App
2026-05-26T21:41:00Z,LIGHTLY_ACTIVE,Fitbit App
2026-05-26T21:42:00Z,LIGHTLY_ACTIVE,Fitbit App
2026-05-26T21:44:00Z,SEDENTARY,Fitbit App
2026-05-26T21:45:00Z,LIGHTLY_ACTIVE,Fitbit App
2026-05-26T21:47:00Z,SEDENTARY,Fitbit App
2026-05-26T21:48:00Z,SEDENTARY,Fitbit App
2026-05-26T21:49:00Z,LIGHTLY_ACTIVE,Fitbit App
2026-05-26T21:50:00Z,SEDENTARY,Fitbit App
2026-05-26T21:51:00Z,LIGHTLY_ACTIVE,Fitbit App
2026-05-26T21:52:00Z,LIGHTLY_ACTIVE,Fitbit App
2026-05-26T21:53:00Z,LIGHTLY_ACTIVE,Fitbit App
2026-05-26T21:54:00Z,SEDENTARY,Fitbit App
2026-05-26T21:59:00Z,SEDENTARY,Fitbit App
2026-05-26T22:01:00Z,SEDENTARY,Fitbit App
2026-05-26T22:02:00Z,SEDENTARY,Fitbit App
2026-05-26T22:04:00Z,SEDENTARY,Fitbit App
2026-05-26T22:07:00Z,SEDENTARY,Fitbit App
2026-05-26T22:08:00Z,SEDENTARY,Fitbit App
2026-05-26T22:15:00Z,SEDENTARY,Fitbit App
2026-05-26T22:26:00Z,SEDENTARY,Fitbit App
2026-05-26T22:27:00Z,SEDENTARY,Fitbit App
2026-05-26T22:41:00Z,SEDENTARY,Fitbit App
2026-05-26T22:42:00Z,SEDENTARY,Fitbit App
2026-05-26T22:43:00Z,LIGHTLY_ACTIVE,Fitbit App
2026-05-26T22:44:00Z,LIGHTLY_ACTIVE,Fitbit App
2026-05-26T22:45:00Z,LIGHTLY_ACTIVE,Fitbit App
2026-05-26T22:46:00Z,SEDENTARY,Fitbit App
2026-05-26T22:47:00Z,SEDENTARY,Fitbit App
2026-05-26T22:48:00Z,LIGHTLY_ACTIVE,Fitbit App
2026-05-26T22:49:00Z,SEDENTARY,Fitbit App
2026-05-26T22:58:00Z,SEDENTARY,Fitbit App
2026-05-26T23:07:00Z,SEDENTARY,Fitbit App
2026-05-26T23:17:00Z,SEDENTARY,Fitbit App
2026-05-26T23:51:00Z,LIGHTLY_ACTIVE,Fitbit App
2026-05-26T23:52:00Z,LIGHTLY_ACTIVE,Fitbit App
2026-05-27T01:32:00Z,SEDENTARY,Fitbit App
2026-05-27T01:56:00Z,SEDENTARY,Fitbit App
2026-05-27T02:01:00Z,SEDENTARY,Fitbit App
2026-05-27T02:18:00Z,SEDENTARY,Fitbit App
2026-05-27T02:20:00Z,SEDENTARY,Fitbit App
2026-05-27T03:01:00Z,SEDENTARY,Fitbit App
2026-05-27T03:56:00Z,SEDENTARY,Fitbit App
2026-05-27T04:36:00Z,SEDENTARY,Fitbit App
2026-05-27T04:39:00Z,SEDENTARY,Fitbit App
2026-05-27T04:42:00Z,SEDENTARY,Fitbit App
2026-05-27T04:46:00Z,SEDENTARY,Fitbit App
2026-05-27T04:54:00Z,SEDENTARY,Fitbit App
2026-05-27T04:56:00Z,SEDENTARY,Fitbit App
2026-05-27T05:04:00Z,SEDENTARY,Fitbit App
2026-05-27T05:40:00Z,SEDENTARY,Fitbit App
2026-05-27T05:45:00Z,SEDENTARY,Fitbit App
2026-05-27T05:53:00Z,SEDENTARY,Fitbit App
2026-05-27T05:59:00Z,SEDENTARY,Fitbit App
2026-05-27T06:00:00Z,SEDENTARY,Fitbit App
2026-05-27T06:01:00Z,LIGHTLY_ACTIVE,Fitbit App
2026-05-27T06:02:00Z,LIGHTLY_ACTIVE,Fitbit App
2026-05-27T06:03:00Z,SEDENTARY,Fitbit App
2026-05-27T06:04:00Z,LIGHTLY_ACTIVE,Fitbit App
2026-05-27T06:05:00Z,MODERATELY_ACTIVE,Fitbit App
2026-05-27T06:06:00Z,MODERATELY_ACTIVE,Fitbit App
2026-05-27T06:07:00Z,LIGHTLY_ACTIVE,Fitbit App
2026-05-27T06:08:00Z,LIGHTLY_ACTIVE,Fitbit App
2026-05-27T06:09:00Z,SEDENTARY,Fitbit App
2026-05-27T06:10:00Z,LIGHTLY_ACTIVE,Fitbit App
2026-05-27T06:11:00Z,LIGHTLY_ACTIVE,Fitbit App
2026-05-27T06:12:00Z,LIGHTLY_ACTIVE,Fitbit App
2026-05-27T06:13:00Z,LIGHTLY_ACTIVE,Fitbit App
2026-05-27T06:14:00Z,MODERATELY_ACTIVE,Fitbit App
2026-05-27T06:15:00Z,MODERATELY_ACTIVE,Fitbit App
2026-05-27T06:16:00Z,VERY_ACTIVE,Fitbit App
2026-05-27T06:17:00Z,LIGHTLY_ACTIVE,Fitbit App
2026-05-27T06:18:00Z,LIGHTLY_ACTIVE,Fitbit App
2026-05-27T06:19:00Z,LIGHTLY_ACTIVE,Fitbit App
2026-05-27T06:20:00Z,LIGHTLY_ACTIVE,Fitbit App
2026-05-27T06:21:00Z,LIGHTLY_ACTIVE,Fitbit App
2026-05-27T06:22:00Z,LIGHTLY_ACTIVE,Fitbit App
2026-05-27T06:23:00Z,LIGHTLY_ACTIVE,Fitbit App
2026-05-27T06:24:00Z,LIGHTLY_ACTIVE,Fitbit App
2026-05-27T06:25:00Z,VERY_ACTIVE,Fitbit App
2026-05-27T06:26:00Z,VERY_ACTIVE,Fitbit App
2026-05-27T06:27:00Z,VERY_ACTIVE,Fitbit App
2026-05-27T06:28:00Z,VERY_ACTIVE,Fitbit App
2026-05-27T06:29:00Z,VERY_ACTIVE,Fitbit App
2026-05-27T06:30:00Z,VERY_ACTIVE,Fitbit App
2026-05-27T06:31:00Z,VERY_ACTIVE,Fitbit App
2026-05-27T06:32:00Z,VERY_ACTIVE,Fitbit App
2026-05-27T06:33:00Z,MODERATELY_ACTIVE,Fitbit App
2026-05-27T06:34:00Z,VERY_ACTIVE,Fitbit App
2026-05-27T06:35:00Z,VERY_ACTIVE,Fitbit App
2026-05-27T06:36:00Z,MODERATELY_ACTIVE,Fitbit App
2026-05-27T06:37:00Z,LIGHTLY_ACTIVE,Fitbit App
2026-05-27T06:38:00Z,LIGHTLY_ACTIVE,Fitbit App
2026-05-27T06:39:00Z,LIGHTLY_ACTIVE,Fitbit App
2026-05-27T06:40:00Z,LIGHTLY_ACTIVE,Fitbit App
2026-05-27T06:41:00Z,SEDENTARY,Fitbit App
2026-05-27T06:42:00Z,LIGHTLY_ACTIVE,Fitbit App
2026-05-27T06:43:00Z,LIGHTLY_ACTIVE,Fitbit App
2026-05-27T06:44:00Z,SEDENTARY,Fitbit App
2026-05-27T06:45:00Z,SEDENTARY,Fitbit App
2026-05-27T06:46:00Z,SEDENTARY,Fitbit App
2026-05-27T06:47:00Z,SEDENTARY,Fitbit App
2026-05-27T06:48:00Z,LIGHTLY_ACTIVE,Fitbit App
2026-05-27T06:49:00Z,LIGHTLY_ACTIVE,Fitbit App
2026-05-27T06:50:00Z,LIGHTLY_ACTIVE,Fitbit App
2026-05-27T06:51:00Z,LIGHTLY_ACTIVE,Fitbit App
2026-05-27T06:52:00Z,LIGHTLY_ACTIVE,Fitbit App
2026-05-27T06:53:00Z,LIGHTLY_ACTIVE,Fitbit App
2026-05-27T06:54:00Z,LIGHTLY_ACTIVE,Fitbit App
2026-05-27T06:55:00Z,SEDENTARY,Fitbit App
2026-05-27T06:56:00Z,SEDENTARY,Fitbit App
2026-05-27T06:57:00Z,LIGHTLY_ACTIVE,Fitbit App
2026-05-27T06:58:00Z,LIGHTLY_ACTIVE,Fitbit App
2026-05-27T06:59:00Z,LIGHTLY_ACTIVE,Fitbit App
2026-05-27T07:00:00Z,SEDENTARY,Fitbit App
2026-05-27T07:01:00Z,SEDENTARY,Fitbit App
2026-05-27T07:02:00Z,SEDENTARY,Fitbit App
2026-05-27T07:03:00Z,SEDENTARY,Fitbit App
2026-05-27T07:04:00Z,SEDENTARY,Fitbit App
2026-05-27T07:05:00Z,SEDENTARY,Fitbit App
2026-05-27T07:06:00Z,LIGHTLY_ACTIVE,Fitbit App
2026-05-27T07:07:00Z,SEDENTARY,Fitbit App
2026-05-27T07:08:00Z,SEDENTARY,Fitbit App
2026-05-27T07:09:00Z,SEDENTARY,Fitbit App
2026-05-27T07:10:00Z,SEDENTARY,Fitbit App
2026-05-27T07:11:00Z,SEDENTARY,Fitbit App
2026-05-27T07:12:00Z,SEDENTARY,Fitbit App
2026-05-27T07:13:00Z,SEDENTARY,Fitbit App
2026-05-27T07:14:00Z,SEDENTARY,Fitbit App
2026-05-27T07:15:00Z,SEDENTARY,Fitbit App
2026-05-27T07:16:00Z,SEDENTARY,Fitbit App
2026-05-27T07:17:00Z,SEDENTARY,Fitbit App
2026-05-27T07:18:00Z,SEDENTARY,Fitbit App
2026-05-27T07:19:00Z,SEDENTARY,Fitbit App
2026-05-27T07:20:00Z,SEDENTARY,Fitbit App
2026-05-27T07:21:00Z,SEDENTARY,Fitbit App
2026-05-27T07:22:00Z,SEDENTARY,Fitbit App
2026-05-27T07:23:00Z,SEDENTARY,Fitbit App
2026-05-27T07:24:00Z,SEDENTARY,Fitbit App
2026-05-27T07:25:00Z,SEDENTARY,Fitbit App
2026-05-27T07:26:00Z,SEDENTARY,Fitbit App
2026-05-27T07:27:00Z,LIGHTLY_ACTIVE,Fitbit App
2026-05-27T07:28:00Z,SEDENTARY,Fitbit App
2026-05-27T07:29:00Z,SEDENTARY,Fitbit App
2026-05-27T07:30:00Z,SEDENTARY,Fitbit App
2026-05-27T07:31:00Z,SEDENTARY,Fitbit App
2026-05-27T07:32:00Z,SEDENTARY,Fitbit App
2026-05-27T07:33:00Z,SEDENTARY,Fitbit App
2026-05-27T07:34:00Z,SEDENTARY,Fitbit App
2026-05-27T07:35:00Z,SEDENTARY,Fitbit App
2026-05-27T07:36:00Z,SEDENTARY,Fitbit App
2026-05-27T07:37:00Z,SEDENTARY,Fitbit App
2026-05-27T07:38:00Z,SEDENTARY,Fitbit App
2026-05-27T07:39:00Z,SEDENTARY,Fitbit App
2026-05-27T07:40:00Z,SEDENTARY,Fitbit App
2026-05-27T07:41:00Z,SEDENTARY,Fitbit App
2026-05-27T07:42:00Z,SEDENTARY,Fitbit App
2026-05-27T07:43:00Z,SEDENTARY,Fitbit App
2026-05-27T07:44:00Z,SEDENTARY,Fitbit App
2026-05-27T07:45:00Z,LIGHTLY_ACTIVE,Fitbit App
2026-05-27T07:46:00Z,LIGHTLY_ACTIVE,Fitbit App
2026-05-27T07:47:00Z,SEDENTARY,Fitbit App
2026-05-27T07:48:00Z,SEDENTARY,Fitbit App
2026-05-27T07:49:00Z,SEDENTARY,Fitbit App
2026-05-27T07:50:00Z,LIGHTLY_ACTIVE,Fitbit App
2026-05-27T07:51:00Z,LIGHTLY_ACTIVE,Fitbit App
2026-05-27T07:52:00Z,VERY_ACTIVE,Fitbit App
2026-05-27T07:53:00Z,VERY_ACTIVE,Fitbit App
2026-05-27T07:54:00Z,SEDENTARY,Fitbit App
2026-05-27T07:55:00Z,SEDENTARY,Fitbit App
2026-05-27T07:56:00Z,SEDENTARY,Fitbit App
2026-05-27T07:57:00Z,SEDENTARY,Fitbit App
2026-05-27T07:58:00Z,SEDENTARY,Fitbit App
2026-05-27T07:59:00Z,SEDENTARY,Fitbit App
2026-05-27T08:00:00Z,SEDENTARY,Fitbit App
2026-05-27T08:01:00Z,SEDENTARY,Fitbit App
2026-05-27T08:02:00Z,SEDENTARY,Fitbit App
2026-05-27T08:03:00Z,SEDENTARY,Fitbit App
2026-05-27T08:04:00Z,SEDENTARY,Fitbit App
2026-05-27T08:05:00Z,SEDENTARY,Fitbit App
2026-05-27T08:06:00Z,SEDENTARY,Fitbit App
2026-05-27T08:07:00Z,SEDENTARY,Fitbit App
2026-05-27T08:08:00Z,SEDENTARY,Fitbit App
2026-05-27T08:09:00Z,SEDENTARY,Fitbit App
2026-05-27T08:10:00Z,SEDENTARY,Fitbit App
2026-05-27T08:11:00Z,SEDENTARY,Fitbit App
2026-05-27T08:12:00Z,SEDENTARY,Fitbit App
2026-05-27T08:14:00Z,LIGHTLY_ACTIVE,Fitbit App
2026-05-27T08:15:00Z,MODERATELY_ACTIVE,Fitbit App
2026-05-27T08:16:00Z,MODERATELY_ACTIVE,Fitbit App
2026-05-27T08:17:00Z,SEDENTARY,Fitbit App
2026-05-27T08:18:00Z,SEDENTARY,Fitbit App
2026-05-27T08:19:00Z,SEDENTARY,Fitbit App
2026-05-27T08:20:00Z,SEDENTARY,Fitbit App
2026-05-27T08:21:00Z,LIGHTLY_ACTIVE,Fitbit App
2026-05-27T08:22:00Z,SEDENTARY,Fitbit App
2026-05-27T08:23:00Z,LIGHTLY_ACTIVE,Fitbit App
2026-05-27T08:24:00Z,SEDENTARY,Fitbit App
2026-05-27T08:25:00Z,SEDENTARY,Fitbit App
2026-05-27T08:26:00Z,MODERATELY_ACTIVE,Fitbit App
2026-05-27T08:27:00Z,MODERATELY_ACTIVE,Fitbit App
2026-05-27T08:28:00Z,VERY_ACTIVE,Fitbit App
2026-05-27T08:29:00Z,MODERATELY_ACTIVE,Fitbit App
2026-05-27T08:30:00Z,SEDENTARY,Fitbit App
2026-05-27T08:31:00Z,LIGHTLY_ACTIVE,Fitbit App
2026-05-27T08:32:00Z,LIGHTLY_ACTIVE,Fitbit App
2026-05-27T08:33:00Z,LIGHTLY_ACTIVE,Fitbit App
2026-05-27T08:34:00Z,MODERATELY_ACTIVE,Fitbit App
2026-05-27T08:35:00Z,MODERATELY_ACTIVE,Fitbit App
2026-05-27T08:36:00Z,MODERATELY_ACTIVE,Fitbit App
2026-05-27T08:37:00Z,MODERATELY_ACTIVE,Fitbit App
2026-05-27T08:38:00Z,MODERATELY_ACTIVE,Fitbit App
2026-05-27T08:39:00Z,MODERATELY_ACTIVE,Fitbit App
2026-05-27T08:40:00Z,MODERATELY_ACTIVE,Fitbit App
2026-05-27T08:41:00Z,MODERATELY_ACTIVE,Fitbit App
2026-05-27T08:42:00Z,MODERATELY_ACTIVE,Fitbit App
2026-05-27T08:43:00Z,VERY_ACTIVE,Fitbit App
2026-05-27T08:44:00Z,VERY_ACTIVE,Fitbit App
2026-05-27T08:45:00Z,VERY_ACTIVE,Fitbit App
2026-05-27T08:46:00Z,MODERATELY_ACTIVE,Fitbit App
2026-05-27T08:47:00Z,MODERATELY_ACTIVE,Fitbit App
2026-05-27T08:48:00Z,LIGHTLY_ACTIVE,Fitbit App
2026-05-27T08:49:00Z,MODERATELY_ACTIVE,Fitbit App
2026-05-27T08:50:00Z,LIGHTLY_ACTIVE,Fitbit App
2026-05-27T08:51:00Z,SEDENTARY,Fitbit App
2026-05-27T08:52:00Z,SEDENTARY,Fitbit App
2026-05-27T08:53:00Z,SEDENTARY,Fitbit App
2026-05-27T08:54:00Z,SEDENTARY,Fitbit App
2026-05-27T08:55:00Z,SEDENTARY,Fitbit App
2026-05-27T08:56:00Z,SEDENTARY,Fitbit App
2026-05-27T08:57:00Z,SEDENTARY,Fitbit App
2026-05-27T08:58:00Z,SEDENTARY,Fitbit App
2026-05-27T08:59:00Z,SEDENTARY,Fitbit App
2026-05-27T09:00:00Z,SEDENTARY,Fitbit App
2026-05-27T09:01:00Z,SEDENTARY,Fitbit App
2026-05-27T09:02:00Z,SEDENTARY,Fitbit App
2026-05-27T09:03:00Z,SEDENTARY,Fitbit App
2026-05-27T09:04:00Z,LIGHTLY_ACTIVE,Fitbit App
2026-05-27T09:05:00Z,LIGHTLY_ACTIVE,Fitbit App
2026-05-27T09:06:00Z,SEDENTARY,Fitbit App
2026-05-27T09:07:00Z,SEDENTARY,Fitbit App
2026-05-27T09:08:00Z,SEDENTARY,Fitbit App
2026-05-27T09:09:00Z,SEDENTARY,Fitbit App
2026-05-27T09:10:00Z,LIGHTLY_ACTIVE,Fitbit App
2026-05-27T09:11:00Z,MODERATELY_ACTIVE,Fitbit App
2026-05-27T09:12:00Z,VERY_ACTIVE,Fitbit App
2026-05-27T09:13:00Z,MODERATELY_ACTIVE,Fitbit App
2026-05-27T09:14:00Z,MODERATELY_ACTIVE,Fitbit App
2026-05-27T09:15:00Z,MODERATELY_ACTIVE,Fitbit App
2026-05-27T09:16:00Z,VERY_ACTIVE,Fitbit App
2026-05-27T09:17:00Z,VERY_ACTIVE,Fitbit App
2026-05-27T09:18:00Z,VERY_ACTIVE,Fitbit App
2026-05-27T09:19:00Z,VERY_ACTIVE,Fitbit App
2026-05-27T09:20:00Z,VERY_ACTIVE,Fitbit App
2026-05-27T09:21:00Z,VERY_ACTIVE,Fitbit App
2026-05-27T09:22:00Z,VERY_ACTIVE,Fitbit App
2026-05-27T09:23:00Z,VERY_ACTIVE,Fitbit App
2026-05-27T09:24:00Z,VERY_ACTIVE,Fitbit App
2026-05-27T09:25:00Z,VERY_ACTIVE,Fitbit App
2026-05-27T09:26:00Z,MODERATELY_ACTIVE,Fitbit App
2026-05-27T09:27:00Z,MODERATELY_ACTIVE,Fitbit App
2026-05-27T09:28:00Z,MODERATELY_ACTIVE,Fitbit App
2026-05-27T09:29:00Z,VERY_ACTIVE,Fitbit App
2026-05-27T09:30:00Z,MODERATELY_ACTIVE,Fitbit App
2026-05-27T09:31:00Z,MODERATELY_ACTIVE,Fitbit App
2026-05-27T09:32:00Z,MODERATELY_ACTIVE,Fitbit App
2026-05-27T09:33:00Z,MODERATELY_ACTIVE,Fitbit App
2026-05-27T09:34:00Z,MODERATELY_ACTIVE,Fitbit App
2026-05-27T09:35:00Z,MODERATELY_ACTIVE,Fitbit App
2026-05-27T09:36:00Z,MODERATELY_ACTIVE,Fitbit App
2026-05-27T09:37:00Z,LIGHTLY_ACTIVE,Fitbit App
2026-05-27T09:38:00Z,LIGHTLY_ACTIVE,Fitbit App
2026-05-27T09:39:00Z,SEDENTARY,Fitbit App
2026-05-27T09:40:00Z,SEDENTARY,Fitbit App
2026-05-27T09:41:00Z,SEDENTARY,Fitbit App
2026-05-27T09:42:00Z,SEDENTARY,Fitbit App
2026-05-27T09:43:00Z,SEDENTARY,Fitbit App
2026-05-27T09:44:00Z,SEDENTARY,Fitbit App
2026-05-27T09:45:00Z,SEDENTARY,Fitbit App
2026-05-27T09:46:00Z,SEDENTARY,Fitbit App
2026-05-27T09:47:00Z,SEDENTARY,Fitbit App
2026-05-27T09:48:00Z,SEDENTARY,Fitbit App
2026-05-27T09:49:00Z,SEDENTARY,Fitbit App
2026-05-27T09:50:00Z,SEDENTARY,Fitbit App
2026-05-27T09:51:00Z,SEDENTARY,Fitbit App
2026-05-27T09:52:00Z,SEDENTARY,Fitbit App
2026-05-27T09:53:00Z,SEDENTARY,Fitbit App
2026-05-27T09:54:00Z,SEDENTARY,Fitbit App
2026-05-27T09:55:00Z,SEDENTARY,Fitbit App
2026-05-27T09:56:00Z,SEDENTARY,Fitbit App
2026-05-27T09:57:00Z,SEDENTARY,Fitbit App
2026-05-27T09:58:00Z,SEDENTARY,Fitbit App
2026-05-27T09:59:00Z,SEDENTARY,Fitbit App
2026-05-27T10:00:00Z,SEDENTARY,Fitbit App
2026-05-27T10:01:00Z,SEDENTARY,Fitbit App
2026-05-27T10:02:00Z,SEDENTARY,Fitbit App
2026-05-27T10:03:00Z,SEDENTARY,Fitbit App
2026-05-27T10:04:00Z,SEDENTARY,Fitbit App
2026-05-27T10:05:00Z,SEDENTARY,Fitbit App
2026-05-27T10:06:00Z,SEDENTARY,Fitbit App
2026-05-27T10:07:00Z,SEDENTARY,Fitbit App
2026-05-27T10:08:00Z,SEDENTARY,Fitbit App
2026-05-27T10:09:00Z,SEDENTARY,Fitbit App
2026-05-27T10:10:00Z,SEDENTARY,Fitbit App
2026-05-27T10:11:00Z,SEDENTARY,Fitbit App
2026-05-27T10:12:00Z,SEDENTARY,Fitbit App
2026-05-27T10:13:00Z,SEDENTARY,Fitbit App
2026-05-27T10:14:00Z,SEDENTARY,Fitbit App
2026-05-27T10:15:00Z,SEDENTARY,Fitbit App
2026-05-27T10:19:00Z,SEDENTARY,Fitbit App
2026-05-27T10:20:00Z,SEDENTARY,Fitbit App
2026-05-27T10:21:00Z,SEDENTARY,Fitbit App
2026-05-27T10:22:00Z,SEDENTARY,Fitbit App
2026-05-27T10:23:00Z,SEDENTARY,Fitbit App
2026-05-27T10:24:00Z,SEDENTARY,Fitbit App
2026-05-27T10:25:00Z,LIGHTLY_ACTIVE,Fitbit App
2026-05-27T10:26:00Z,LIGHTLY_ACTIVE,Fitbit App
2026-05-27T10:27:00Z,SEDENTARY,Fitbit App
2026-05-27T10:28:00Z,SEDENTARY,Fitbit App
2026-05-27T10:29:00Z,SEDENTARY,Fitbit App
2026-05-27T10:30:00Z,SEDENTARY,Fitbit App
2026-05-27T10:31:00Z,SEDENTARY,Fitbit App
2026-05-27T10:35:00Z,SEDENTARY,Fitbit App
2026-05-27T10:36:00Z,SEDENTARY,Fitbit App
2026-05-27T10:41:00Z,SEDENTARY,Fitbit App
2026-05-27T10:42:00Z,SEDENTARY,Fitbit App
2026-05-27T10:43:00Z,SEDENTARY,Fitbit App
2026-05-27T10:44:00Z,SEDENTARY,Fitbit App
2026-05-27T10:46:00Z,SEDENTARY,Fitbit App
2026-05-27T10:48:00Z,SEDENTARY,Fitbit App
2026-05-27T10:49:00Z,SEDENTARY,Fitbit App
2026-05-27T10:50:00Z,SEDENTARY,Fitbit App
2026-05-27T10:51:00Z,SEDENTARY,Fitbit App
2026-05-27T10:53:00Z,SEDENTARY,Fitbit App
2026-05-27T10:54:00Z,SEDENTARY,Fitbit App
2026-05-27T10:55:00Z,SEDENTARY,Fitbit App
2026-05-27T10:56:00Z,SEDENTARY,Fitbit App
2026-05-27T10:57:00Z,SEDENTARY,Fitbit App
2026-05-27T10:58:00Z,SEDENTARY,Fitbit App
2026-05-27T11:00:00Z,SEDENTARY,Fitbit App
2026-05-27T11:02:00Z,SEDENTARY,Fitbit App
2026-05-27T11:06:00Z,LIGHTLY_ACTIVE,Fitbit App
2026-05-27T11:07:00Z,SEDENTARY,Fitbit App
2026-05-27T11:08:00Z,LIGHTLY_ACTIVE,Fitbit App
2026-05-27T11:09:00Z,LIGHTLY_ACTIVE,Fitbit App
2026-05-27T11:10:00Z,LIGHTLY_ACTIVE,Fitbit App
2026-05-27T11:11:00Z,LIGHTLY_ACTIVE,Fitbit App
2026-05-27T11:12:00Z,LIGHTLY_ACTIVE,Fitbit App
2026-05-27T11:13:00Z,LIGHTLY_ACTIVE,Fitbit App
2026-05-27T11:14:00Z,LIGHTLY_ACTIVE,Fitbit App
2026-05-27T11:15:00Z,MODERATELY_ACTIVE,Fitbit App
2026-05-27T11:16:00Z,VERY_ACTIVE,Fitbit App
2026-05-27T11:17:00Z,MODERATELY_ACTIVE,Fitbit App
2026-05-27T11:18:00Z,LIGHTLY_ACTIVE,Fitbit App
2026-05-27T11:19:00Z,SEDENTARY,Fitbit App
2026-05-27T11:20:00Z,SEDENTARY,Fitbit App
2026-05-27T11:21:00Z,SEDENTARY,Fitbit App
2026-05-27T11:22:00Z,SEDENTARY,Fitbit App
2026-05-27T11:23:00Z,LIGHTLY_ACTIVE,Fitbit App
2026-05-27T11:24:00Z,SEDENTARY,Fitbit App
2026-05-27T11:25:00Z,LIGHTLY_ACTIVE,Fitbit App
2026-05-27T11:26:00Z,LIGHTLY_ACTIVE,Fitbit App
2026-05-27T11:27:00Z,SEDENTARY,Fitbit App
2026-05-27T11:28:00Z,SEDENTARY,Fitbit App
2026-05-27T11:29:00Z,SEDENTARY,Fitbit App
2026-05-27T11:30:00Z,SEDENTARY,Fitbit App
2026-05-27T11:31:00Z,SEDENTARY,Fitbit App
2026-05-27T11:32:00Z,SEDENTARY,Fitbit App
2026-05-27T11:33:00Z,SEDENTARY,Fitbit App
2026-05-27T11:34:00Z,SEDENTARY,Fitbit App
2026-05-27T11:35:00Z,SEDENTARY,Fitbit App
2026-05-27T11:36:00Z,SEDENTARY,Fitbit App
2026-05-27T11:37:00Z,SEDENTARY,Fitbit App
2026-05-27T11:38:00Z,SEDENTARY,Fitbit App
2026-05-27T11:39:00Z,LIGHTLY_ACTIVE,Fitbit App
2026-05-27T11:40:00Z,MODERATELY_ACTIVE,Fitbit App
2026-05-27T11:41:00Z,MODERATELY_ACTIVE,Fitbit App
2026-05-27T11:42:00Z,VERY_ACTIVE,Fitbit App
2026-05-27T11:43:00Z,LIGHTLY_ACTIVE,Fitbit App
2026-05-27T11:44:00Z,SEDENTARY,Fitbit App
2026-05-27T11:45:00Z,SEDENTARY,Fitbit App
2026-05-27T11:46:00Z,SEDENTARY,Fitbit App
2026-05-27T11:47:00Z,SEDENTARY,Fitbit App
2026-05-27T11:48:00Z,LIGHTLY_ACTIVE,Fitbit App
2026-05-27T11:49:00Z,SEDENTARY,Fitbit App
2026-05-27T11:50:00Z,SEDENTARY,Fitbit App
2026-05-27T11:51:00Z,SEDENTARY,Fitbit App
2026-05-27T11:52:00Z,SEDENTARY,Fitbit App
2026-05-27T11:53:00Z,SEDENTARY,Fitbit App
2026-05-27T11:54:00Z,SEDENTARY,Fitbit App
2026-05-27T11:55:00Z,SEDENTARY,Fitbit App
2026-05-27T11:56:00Z,MODERATELY_ACTIVE,Fitbit App
2026-05-27T11:57:00Z,VERY_ACTIVE,Fitbit App
2026-05-27T11:58:00Z,VERY_ACTIVE,Fitbit App
2026-05-27T11:59:00Z,MODERATELY_ACTIVE,Fitbit App
2026-05-27T12:00:00Z,LIGHTLY_ACTIVE,Fitbit App
2026-05-27T12:01:00Z,MODERATELY_ACTIVE,Fitbit App
2026-05-27T12:02:00Z,LIGHTLY_ACTIVE,Fitbit App
2026-05-27T12:03:00Z,LIGHTLY_ACTIVE,Fitbit App
2026-05-27T12:04:00Z,SEDENTARY,Fitbit App
2026-05-27T12:05:00Z,SEDENTARY,Fitbit App
2026-05-27T12:06:00Z,SEDENTARY,Fitbit App
2026-05-27T12:07:00Z,LIGHTLY_ACTIVE,Fitbit App
2026-05-27T12:08:00Z,MODERATELY_ACTIVE,Fitbit App
2026-05-27T12:09:00Z,SEDENTARY,Fitbit App
2026-05-27T12:10:00Z,SEDENTARY,Fitbit App
2026-05-27T12:11:00Z,SEDENTARY,Fitbit App
2026-05-27T12:12:00Z,SEDENTARY,Fitbit App
2026-05-27T12:13:00Z,SEDENTARY,Fitbit App
2026-05-27T12:14:00Z,SEDENTARY,Fitbit App
2026-05-27T12:15:00Z,SEDENTARY,Fitbit App
2026-05-27T12:16:00Z,SEDENTARY,Fitbit App
2026-05-27T12:17:00Z,SEDENTARY,Fitbit App
2026-05-27T12:18:00Z,SEDENTARY,Fitbit App
2026-05-27T12:19:00Z,SEDENTARY,Fitbit App
2026-05-27T12:20:00Z,SEDENTARY,Fitbit App
2026-05-27T12:21:00Z,SEDENTARY,Fitbit App
2026-05-27T12:22:00Z,SEDENTARY,Fitbit App
2026-05-27T12:23:00Z,SEDENTARY,Fitbit App
2026-05-27T12:24:00Z,SEDENTARY,Fitbit App
2026-05-27T12:25:00Z,SEDENTARY,Fitbit App
2026-05-27T12:26:00Z,LIGHTLY_ACTIVE,Fitbit App
2026-05-27T12:27:00Z,SEDENTARY,Fitbit App
2026-05-27T12:28:00Z,SEDENTARY,Fitbit App
2026-05-27T12:29:00Z,SEDENTARY,Fitbit App
2026-05-27T12:30:00Z,SEDENTARY,Fitbit App
2026-05-27T12:31:00Z,SEDENTARY,Fitbit App
2026-05-27T12:32:00Z,SEDENTARY,Fitbit App
2026-05-27T12:33:00Z,SEDENTARY,Fitbit App
2026-05-27T12:34:00Z,SEDENTARY,Fitbit App
2026-05-27T12:35:00Z,SEDENTARY,Fitbit App
2026-05-27T12:36:00Z,SEDENTARY,Fitbit App
2026-05-27T12:37:00Z,SEDENTARY,Fitbit App
2026-05-27T12:38:00Z,SEDENTARY,Fitbit App
2026-05-27T12:39:00Z,SEDENTARY,Fitbit App
2026-05-27T12:40:00Z,SEDENTARY,Fitbit App
2026-05-27T12:41:00Z,SEDENTARY,Fitbit App
2026-05-27T12:42:00Z,SEDENTARY,Fitbit App
2026-05-27T12:43:00Z,SEDENTARY,Fitbit App
2026-05-27T12:44:00Z,SEDENTARY,Fitbit App
2026-05-27T12:45:00Z,SEDENTARY,Fitbit App
2026-05-27T12:46:00Z,SEDENTARY,Fitbit App
2026-05-27T12:47:00Z,SEDENTARY,Fitbit App
2026-05-27T12:48:00Z,SEDENTARY,Fitbit App
2026-05-27T12:49:00Z,SEDENTARY,Fitbit App
2026-05-27T12:50:00Z,SEDENTARY,Fitbit App
2026-05-27T12:51:00Z,SEDENTARY,Fitbit App
2026-05-27T12:52:00Z,SEDENTARY,Fitbit App
2026-05-27T12:53:00Z,SEDENTARY,Fitbit App
2026-05-27T12:54:00Z,SEDENTARY,Fitbit App
2026-05-27T12:55:00Z,SEDENTARY,Fitbit App
2026-05-27T12:56:00Z,LIGHTLY_ACTIVE,Fitbit App
2026-05-27T12:57:00Z,SEDENTARY,Fitbit App
2026-05-27T12:58:00Z,LIGHTLY_ACTIVE,Fitbit App
2026-05-27T12:59:00Z,LIGHTLY_ACTIVE,Fitbit App
2026-05-27T13:00:00Z,LIGHTLY_ACTIVE,Fitbit App
2026-05-27T13:01:00Z,MODERATELY_ACTIVE,Fitbit App
2026-05-27T13:02:00Z,MODERATELY_ACTIVE,Fitbit App
2026-05-27T13:03:00Z,MODERATELY_ACTIVE,Fitbit App
2026-05-27T13:04:00Z,LIGHTLY_ACTIVE,Fitbit App
2026-05-27T13:05:00Z,MODERATELY_ACTIVE,Fitbit App
2026-05-27T13:06:00Z,VERY_ACTIVE,Fitbit App
2026-05-27T13:07:00Z,VERY_ACTIVE,Fitbit App
2026-05-27T13:08:00Z,MODERATELY_ACTIVE,Fitbit App
2026-05-27T13:09:00Z,SEDENTARY,Fitbit App
2026-05-27T13:10:00Z,MODERATELY_ACTIVE,Fitbit App
2026-05-27T13:11:00Z,VERY_ACTIVE,Fitbit App
2026-05-27T13:12:00Z,VERY_ACTIVE,Fitbit App
2026-05-27T13:13:00Z,MODERATELY_ACTIVE,Fitbit App
2026-05-27T13:14:00Z,LIGHTLY_ACTIVE,Fitbit App
2026-05-27T13:15:00Z,LIGHTLY_ACTIVE,Fitbit App
2026-05-27T13:16:00Z,LIGHTLY_ACTIVE,Fitbit App
2026-05-27T13:17:00Z,MODERATELY_ACTIVE,Fitbit App
2026-05-27T13:18:00Z,SEDENTARY,Fitbit App
2026-05-27T13:19:00Z,SEDENTARY,Fitbit App
2026-05-27T13:20:00Z,SEDENTARY,Fitbit App
2026-05-27T13:21:00Z,SEDENTARY,Fitbit App
2026-05-27T13:22:00Z,SEDENTARY,Fitbit App
2026-05-27T13:23:00Z,SEDENTARY,Fitbit App
2026-05-27T13:24:00Z,SEDENTARY,Fitbit App
2026-05-27T13:25:00Z,SEDENTARY,Fitbit App
2026-05-27T13:26:00Z,SEDENTARY,Fitbit App
2026-05-27T13:27:00Z,SEDENTARY,Fitbit App
2026-05-27T13:28:00Z,SEDENTARY,Fitbit App
2026-05-27T13:29:00Z,SEDENTARY,Fitbit App
2026-05-27T13:30:00Z,SEDENTARY,Fitbit App
2026-05-27T13:31:00Z,SEDENTARY,Fitbit App
2026-05-27T13:32:00Z,SEDENTARY,Fitbit App
2026-05-27T13:33:00Z,SEDENTARY,Fitbit App
2026-05-27T13:34:00Z,SEDENTARY,Fitbit App
2026-05-27T13:35:00Z,SEDENTARY,Fitbit App
2026-05-27T13:36:00Z,SEDENTARY,Fitbit App
2026-05-27T13:37:00Z,SEDENTARY,Fitbit App
2026-05-27T13:38:00Z,SEDENTARY,Fitbit App
2026-05-27T13:39:00Z,SEDENTARY,Fitbit App
2026-05-27T13:40:00Z,SEDENTARY,Fitbit App
2026-05-27T13:41:00Z,SEDENTARY,Fitbit App
2026-05-27T13:42:00Z,SEDENTARY,Fitbit App
2026-05-27T13:43:00Z,LIGHTLY_ACTIVE,Fitbit App
2026-05-27T13:44:00Z,SEDENTARY,Fitbit App
2026-05-27T13:45:00Z,SEDENTARY,Fitbit App
2026-05-27T13:46:00Z,SEDENTARY,Fitbit App
2026-05-27T13:47:00Z,SEDENTARY,Fitbit App
2026-05-27T13:48:00Z,SEDENTARY,Fitbit App
2026-05-27T13:49:00Z,LIGHTLY_ACTIVE,Fitbit App
2026-05-27T13:50:00Z,VERY_ACTIVE,Fitbit App
2026-05-27T13:51:00Z,MODERATELY_ACTIVE,Fitbit App
2026-05-27T13:52:00Z,LIGHTLY_ACTIVE,Fitbit App
2026-05-27T13:53:00Z,LIGHTLY_ACTIVE,Fitbit App
2026-05-27T13:54:00Z,LIGHTLY_ACTIVE,Fitbit App
2026-05-27T13:55:00Z,LIGHTLY_ACTIVE,Fitbit App
2026-05-27T13:56:00Z,SEDENTARY,Fitbit App
2026-05-27T13:57:00Z,LIGHTLY_ACTIVE,Fitbit App
2026-05-27T13:58:00Z,SEDENTARY,Fitbit App
2026-05-27T13:59:00Z,SEDENTARY,Fitbit App
2026-05-27T14:00:00Z,SEDENTARY,Fitbit App
2026-05-27T14:01:00Z,SEDENTARY,Fitbit App
2026-05-27T14:02:00Z,LIGHTLY_ACTIVE,Fitbit App
2026-05-27T14:03:00Z,LIGHTLY_ACTIVE,Fitbit App
2026-05-27T14:04:00Z,LIGHTLY_ACTIVE,Fitbit App
2026-05-27T14:05:00Z,LIGHTLY_ACTIVE,Fitbit App
2026-05-27T14:06:00Z,LIGHTLY_ACTIVE,Fitbit App
2026-05-27T14:07:00Z,SEDENTARY,Fitbit App
2026-05-27T14:08:00Z,SEDENTARY,Fitbit App
2026-05-27T14:09:00Z,SEDENTARY,Fitbit App
2026-05-27T14:10:00Z,SEDENTARY,Fitbit App
2026-05-27T14:11:00Z,SEDENTARY,Fitbit App
2026-05-27T14:12:00Z,SEDENTARY,Fitbit App
2026-05-27T14:13:00Z,SEDENTARY,Fitbit App
2026-05-27T14:14:00Z,SEDENTARY,Fitbit App
2026-05-27T14:15:00Z,SEDENTARY,Fitbit App
2026-05-27T14:16:00Z,SEDENTARY,Fitbit App
2026-05-27T14:17:00Z,SEDENTARY,Fitbit App
2026-05-27T14:18:00Z,SEDENTARY,Fitbit App
2026-05-27T14:19:00Z,SEDENTARY,Fitbit App
2026-05-27T14:20:00Z,SEDENTARY,Fitbit App
2026-05-27T14:21:00Z,SEDENTARY,Fitbit App
2026-05-27T14:22:00Z,SEDENTARY,Fitbit App
2026-05-27T14:23:00Z,SEDENTARY,Fitbit App
2026-05-27T14:24:00Z,SEDENTARY,Fitbit App
2026-05-27T14:25:00Z,SEDENTARY,Fitbit App
2026-05-27T14:26:00Z,SEDENTARY,Fitbit App
2026-05-27T14:27:00Z,SEDENTARY,Fitbit App
2026-05-27T14:28:00Z,SEDENTARY,Fitbit App
2026-05-27T14:29:00Z,SEDENTARY,Fitbit App
2026-05-27T14:30:00Z,SEDENTARY,Fitbit App
2026-05-27T14:31:00Z,SEDENTARY,Fitbit App
2026-05-27T14:32:00Z,SEDENTARY,Fitbit App
2026-05-27T14:33:00Z,SEDENTARY,Fitbit App
2026-05-27T14:34:00Z,SEDENTARY,Fitbit App
2026-05-27T14:35:00Z,SEDENTARY,Fitbit App
2026-05-27T14:36:00Z,SEDENTARY,Fitbit App
2026-05-27T14:37:00Z,SEDENTARY,Fitbit App
2026-05-27T14:38:00Z,SEDENTARY,Fitbit App
2026-05-27T14:40:00Z,SEDENTARY,Fitbit App
2026-05-27T14:41:00Z,LIGHTLY_ACTIVE,Fitbit App
2026-05-27T14:42:00Z,MODERATELY_ACTIVE,Fitbit App
2026-05-27T14:43:00Z,LIGHTLY_ACTIVE,Fitbit App
2026-05-27T14:44:00Z,LIGHTLY_ACTIVE,Fitbit App
2026-05-27T14:45:00Z,LIGHTLY_ACTIVE,Fitbit App
2026-05-27T14:46:00Z,VERY_ACTIVE,Fitbit App
2026-05-27T14:47:00Z,LIGHTLY_ACTIVE,Fitbit App
2026-05-27T14:48:00Z,LIGHTLY_ACTIVE,Fitbit App
2026-05-27T14:49:00Z,SEDENTARY,Fitbit App
2026-05-27T14:50:00Z,LIGHTLY_ACTIVE,Fitbit App
2026-05-27T14:51:00Z,LIGHTLY_ACTIVE,Fitbit App
2026-05-27T14:52:00Z,MODERATELY_ACTIVE,Fitbit App
2026-05-27T14:53:00Z,MODERATELY_ACTIVE,Fitbit App
2026-05-27T14:54:00Z,SEDENTARY,Fitbit App
2026-05-27T14:55:00Z,SEDENTARY,Fitbit App
2026-05-27T14:56:00Z,SEDENTARY,Fitbit App
2026-05-27T14:57:00Z,SEDENTARY,Fitbit App
2026-05-27T14:58:00Z,SEDENTARY,Fitbit App
2026-05-27T14:59:00Z,SEDENTARY,Fitbit App
2026-05-27T15:00:00Z,SEDENTARY,Fitbit App
2026-05-27T15:01:00Z,SEDENTARY,Fitbit App
2026-05-27T15:02:00Z,SEDENTARY,Fitbit App
2026-05-27T15:03:00Z,SEDENTARY,Fitbit App
2026-05-27T15:04:00Z,SEDENTARY,Fitbit App
2026-05-27T15:05:00Z,SEDENTARY,Fitbit App
2026-05-27T15:06:00Z,LIGHTLY_ACTIVE,Fitbit App
2026-05-27T15:07:00Z,LIGHTLY_ACTIVE,Fitbit App
2026-05-27T15:08:00Z,VERY_ACTIVE,Fitbit App
2026-05-27T15:09:00Z,MODERATELY_ACTIVE,Fitbit App
2026-05-27T15:10:00Z,VERY_ACTIVE,Fitbit App
2026-05-27T15:11:00Z,LIGHTLY_ACTIVE,Fitbit App
2026-05-27T15:12:00Z,SEDENTARY,Fitbit App
2026-05-27T15:13:00Z,LIGHTLY_ACTIVE,Fitbit App
2026-05-27T15:14:00Z,SEDENTARY,Fitbit App
2026-05-27T15:17:00Z,SEDENTARY,Fitbit App
2026-05-27T15:18:00Z,SEDENTARY,Fitbit App
2026-05-27T15:21:00Z,LIGHTLY_ACTIVE,Fitbit App
2026-05-27T15:22:00Z,LIGHTLY_ACTIVE,Fitbit App
2026-05-27T15:23:00Z,MODERATELY_ACTIVE,Fitbit App
2026-05-27T15:24:00Z,LIGHTLY_ACTIVE,Fitbit App
2026-05-27T15:25:00Z,LIGHTLY_ACTIVE,Fitbit App
2026-05-27T15:26:00Z,MODERATELY_ACTIVE,Fitbit App
2026-05-27T15:27:00Z,VERY_ACTIVE,Fitbit App
2026-05-27T15:28:00Z,MODERATELY_ACTIVE,Fitbit App
2026-05-27T15:29:00Z,LIGHTLY_ACTIVE,Fitbit App
2026-05-27T15:30:00Z,LIGHTLY_ACTIVE,Fitbit App
2026-05-27T15:31:00Z,MODERATELY_ACTIVE,Fitbit App
2026-05-27T15:32:00Z,LIGHTLY_ACTIVE,Fitbit App
2026-05-27T15:33:00Z,SEDENTARY,Fitbit App
2026-05-27T15:34:00Z,SEDENTARY,Fitbit App
2026-05-27T15:35:00Z,SEDENTARY,Fitbit App
2026-05-27T15:36:00Z,LIGHTLY_ACTIVE,Fitbit App
2026-05-27T15:37:00Z,LIGHTLY_ACTIVE,Fitbit App
2026-05-27T15:38:00Z,LIGHTLY_ACTIVE,Fitbit App
2026-05-27T15:39:00Z,LIGHTLY_ACTIVE,Fitbit App
2026-05-27T15:40:00Z,LIGHTLY_ACTIVE,Fitbit App
2026-05-27T15:41:00Z,LIGHTLY_ACTIVE,Fitbit App
2026-05-27T15:42:00Z,LIGHTLY_ACTIVE,Fitbit App
2026-05-27T15:43:00Z,LIGHTLY_ACTIVE,Fitbit App
2026-05-27T15:44:00Z,LIGHTLY_ACTIVE,Fitbit App
2026-05-27T15:45:00Z,SEDENTARY,Fitbit App
2026-05-27T15:46:00Z,LIGHTLY_ACTIVE,Fitbit App
2026-05-27T15:47:00Z,LIGHTLY_ACTIVE,Fitbit App
2026-05-27T15:48:00Z,LIGHTLY_ACTIVE,Fitbit App
2026-05-27T15:49:00Z,LIGHTLY_ACTIVE,Fitbit App
2026-05-27T15:50:00Z,LIGHTLY_ACTIVE,Fitbit App
2026-05-27T15:51:00Z,LIGHTLY_ACTIVE,Fitbit App
2026-05-27T15:52:00Z,MODERATELY_ACTIVE,Fitbit App
2026-05-27T15:53:00Z,VERY_ACTIVE,Fitbit App
2026-05-27T15:54:00Z,VERY_ACTIVE,Fitbit App
2026-05-27T15:55:00Z,MODERATELY_ACTIVE,Fitbit App
2026-05-27T15:56:00Z,VERY_ACTIVE,Fitbit App
2026-05-27T15:57:00Z,VERY_ACTIVE,Fitbit App
2026-05-27T15:58:00Z,MODERATELY_ACTIVE,Fitbit App
2026-05-27T15:59:00Z,VERY_ACTIVE,Fitbit App
2026-05-27T16:00:00Z,MODERATELY_ACTIVE,Fitbit App
2026-05-27T16:01:00Z,MODERATELY_ACTIVE,Fitbit App
2026-05-27T16:02:00Z,MODERATELY_ACTIVE,Fitbit App
2026-05-27T16:03:00Z,LIGHTLY_ACTIVE,Fitbit App
2026-05-27T16:04:00Z,MODERATELY_ACTIVE,Fitbit App
2026-05-27T16:05:00Z,LIGHTLY_ACTIVE,Fitbit App
2026-05-27T16:06:00Z,MODERATELY_ACTIVE,Fitbit App
2026-05-27T16:07:00Z,MODERATELY_ACTIVE,Fitbit App
2026-05-27T16:08:00Z,MODERATELY_ACTIVE,Fitbit App
2026-05-27T16:09:00Z,LIGHTLY_ACTIVE,Fitbit App
2026-05-27T16:10:00Z,SEDENTARY,Fitbit App
2026-05-27T16:11:00Z,LIGHTLY_ACTIVE,Fitbit App
2026-05-27T16:12:00Z,SEDENTARY,Fitbit App
2026-05-27T16:13:00Z,LIGHTLY_ACTIVE,Fitbit App
2026-05-27T16:14:00Z,LIGHTLY_ACTIVE,Fitbit App
2026-05-27T16:15:00Z,SEDENTARY,Fitbit App
2026-05-27T16:16:00Z,SEDENTARY,Fitbit App
2026-05-27T16:17:00Z,LIGHTLY_ACTIVE,Fitbit App
2026-05-27T16:18:00Z,MODERATELY_ACTIVE,Fitbit App
2026-05-27T16:19:00Z,MODERATELY_ACTIVE,Fitbit App
2026-05-27T16:20:00Z,MODERATELY_ACTIVE,Fitbit App
2026-05-27T16:21:00Z,VERY_ACTIVE,Fitbit App
2026-05-27T16:22:00Z,VERY_ACTIVE,Fitbit App
2026-05-27T16:23:00Z,VERY_ACTIVE,Fitbit App
2026-05-27T16:24:00Z,MODERATELY_ACTIVE,Fitbit App
2026-05-27T16:25:00Z,MODERATELY_ACTIVE,Fitbit App
2026-05-27T16:26:00Z,MODERATELY_ACTIVE,Fitbit App
2026-05-27T16:27:00Z,MODERATELY_ACTIVE,Fitbit App
2026-05-27T16:28:00Z,VERY_ACTIVE,Fitbit App
2026-05-27T16:29:00Z,VERY_ACTIVE,Fitbit App
2026-05-27T16:30:00Z,MODERATELY_ACTIVE,Fitbit App
2026-05-27T16:31:00Z,MODERATELY_ACTIVE,Fitbit App
2026-05-27T16:32:00Z,LIGHTLY_ACTIVE,Fitbit App
2026-05-27T16:33:00Z,LIGHTLY_ACTIVE,Fitbit App
2026-05-27T16:34:00Z,LIGHTLY_ACTIVE,Fitbit App
2026-05-27T16:35:00Z,SEDENTARY,Fitbit App
2026-05-27T16:42:00Z,SEDENTARY,Fitbit App
2026-05-27T16:46:00Z,SEDENTARY,Fitbit App
2026-05-27T16:47:00Z,SEDENTARY,Fitbit App
2026-05-27T16:48:00Z,SEDENTARY,Fitbit App
2026-05-27T16:49:00Z,SEDENTARY,Fitbit App
2026-05-27T16:50:00Z,SEDENTARY,Fitbit App
2026-05-27T16:51:00Z,SEDENTARY,Fitbit App
2026-05-27T16:52:00Z,SEDENTARY,Fitbit App
2026-05-27T16:53:00Z,SEDENTARY,Fitbit App
2026-05-27T16:54:00Z,SEDENTARY,Fitbit App
2026-05-27T16:55:00Z,SEDENTARY,Fitbit App
2026-05-27T16:56:00Z,SEDENTARY,Fitbit App
2026-05-27T16:57:00Z,SEDENTARY,Fitbit App
2026-05-27T16:58:00Z,SEDENTARY,Fitbit App
2026-05-27T16:59:00Z,SEDENTARY,Fitbit App
2026-05-27T17:01:00Z,SEDENTARY,Fitbit App
2026-05-27T17:03:00Z,SEDENTARY,Fitbit App
2026-05-27T17:04:00Z,SEDENTARY,Fitbit App
2026-05-27T17:05:00Z,SEDENTARY,Fitbit App
2026-05-27T17:06:00Z,SEDENTARY,Fitbit App
2026-05-27T17:07:00Z,SEDENTARY,Fitbit App
2026-05-27T17:08:00Z,SEDENTARY,Fitbit App
2026-05-27T17:09:00Z,SEDENTARY,Fitbit App
2026-05-27T17:10:00Z,SEDENTARY,Fitbit App
2026-05-27T17:11:00Z,SEDENTARY,Fitbit App
2026-05-27T17:13:00Z,SEDENTARY,Fitbit App
2026-05-27T17:14:00Z,SEDENTARY,Fitbit App
2026-05-27T17:15:00Z,SEDENTARY,Fitbit App
2026-05-27T17:16:00Z,SEDENTARY,Fitbit App
2026-05-27T17:17:00Z,SEDENTARY,Fitbit App
2026-05-27T17:18:00Z,SEDENTARY,Fitbit App
2026-05-27T17:19:00Z,SEDENTARY,Fitbit App
2026-05-27T17:20:00Z,SEDENTARY,Fitbit App
2026-05-27T17:21:00Z,SEDENTARY,Fitbit App
2026-05-27T17:22:00Z,SEDENTARY,Fitbit App
2026-05-27T17:23:00Z,SEDENTARY,Fitbit App
2026-05-27T17:24:00Z,SEDENTARY,Fitbit App
2026-05-27T17:25:00Z,SEDENTARY,Fitbit App
2026-05-27T17:26:00Z,SEDENTARY,Fitbit App
2026-05-27T17:27:00Z,SEDENTARY,Fitbit App
2026-05-27T17:28:00Z,SEDENTARY,Fitbit App
2026-05-27T17:30:00Z,SEDENTARY,Fitbit App
2026-05-27T17:31:00Z,SEDENTARY,Fitbit App
2026-05-27T17:32:00Z,SEDENTARY,Fitbit App
2026-05-27T17:33:00Z,SEDENTARY,Fitbit App
2026-05-27T17:34:00Z,SEDENTARY,Fitbit App
2026-05-27T17:35:00Z,SEDENTARY,Fitbit App
2026-05-27T17:36:00Z,LIGHTLY_ACTIVE,Fitbit App
2026-05-27T17:37:00Z,LIGHTLY_ACTIVE,Fitbit App
2026-05-27T17:38:00Z,LIGHTLY_ACTIVE,Fitbit App
2026-05-27T17:39:00Z,LIGHTLY_ACTIVE,Fitbit App
2026-05-27T17:40:00Z,SEDENTARY,Fitbit App
2026-05-27T17:41:00Z,SEDENTARY,Fitbit App
2026-05-27T17:47:00Z,SEDENTARY,Fitbit App
2026-05-27T17:49:00Z,LIGHTLY_ACTIVE,Fitbit App
2026-05-27T17:50:00Z,SEDENTARY,Fitbit App
2026-05-27T18:11:00Z,SEDENTARY,Fitbit App
2026-05-27T18:12:00Z,SEDENTARY,Fitbit App
2026-05-27T18:14:00Z,SEDENTARY,Fitbit App
2026-05-27T18:19:00Z,SEDENTARY,Fitbit App
2026-05-27T18:21:00Z,SEDENTARY,Fitbit App
2026-05-27T18:31:00Z,LIGHTLY_ACTIVE,Fitbit App
2026-05-27T18:32:00Z,LIGHTLY_ACTIVE,Fitbit App
2026-05-27T18:33:00Z,MODERATELY_ACTIVE,Fitbit App
2026-05-27T18:34:00Z,LIGHTLY_ACTIVE,Fitbit App
2026-05-27T18:35:00Z,MODERATELY_ACTIVE,Fitbit App
2026-05-27T18:36:00Z,LIGHTLY_ACTIVE,Fitbit App
2026-05-27T18:37:00Z,LIGHTLY_ACTIVE,Fitbit App
2026-05-27T18:38:00Z,SEDENTARY,Fitbit App
2026-05-27T18:39:00Z,LIGHTLY_ACTIVE,Fitbit App
2026-05-27T18:40:00Z,LIGHTLY_ACTIVE,Fitbit App
2026-05-27T18:41:00Z,LIGHTLY_ACTIVE,Fitbit App
2026-05-27T18:42:00Z,LIGHTLY_ACTIVE,Fitbit App
2026-05-27T18:43:00Z,LIGHTLY_ACTIVE,Fitbit App
2026-05-27T18:44:00Z,LIGHTLY_ACTIVE,Fitbit App
2026-05-27T18:45:00Z,LIGHTLY_ACTIVE,Fitbit App
2026-05-27T18:46:00Z,LIGHTLY_ACTIVE,Fitbit App
2026-05-27T18:47:00Z,LIGHTLY_ACTIVE,Fitbit App
2026-05-27T18:48:00Z,MODERATELY_ACTIVE,Fitbit App
2026-05-27T18:49:00Z,LIGHTLY_ACTIVE,Fitbit App
2026-05-27T18:50:00Z,LIGHTLY_ACTIVE,Fitbit App
2026-05-27T18:51:00Z,LIGHTLY_ACTIVE,Fitbit App
2026-05-27T18:52:00Z,LIGHTLY_ACTIVE,Fitbit App
2026-05-27T18:53:00Z,MODERATELY_ACTIVE,Fitbit App
2026-05-27T18:54:00Z,MODERATELY_ACTIVE,Fitbit App
2026-05-27T18:55:00Z,LIGHTLY_ACTIVE,Fitbit App
2026-05-27T18:56:00Z,LIGHTLY_ACTIVE,Fitbit App
2026-05-27T18:57:00Z,LIGHTLY_ACTIVE,Fitbit App
2026-05-27T18:58:00Z,SEDENTARY,Fitbit App
2026-05-27T18:59:00Z,SEDENTARY,Fitbit App
2026-05-27T19:00:00Z,SEDENTARY,Fitbit App
2026-05-27T19:01:00Z,LIGHTLY_ACTIVE,Fitbit App
2026-05-27T19:02:00Z,LIGHTLY_ACTIVE,Fitbit App
2026-05-27T19:03:00Z,SEDENTARY,Fitbit App
2026-05-27T19:04:00Z,SEDENTARY,Fitbit App
2026-05-27T19:05:00Z,SEDENTARY,Fitbit App
2026-05-27T19:06:00Z,SEDENTARY,Fitbit App
2026-05-27T19:07:00Z,LIGHTLY_ACTIVE,Fitbit App
2026-05-27T19:08:00Z,SEDENTARY,Fitbit App
2026-05-27T19:09:00Z,SEDENTARY,Fitbit App
2026-05-27T19:10:00Z,LIGHTLY_ACTIVE,Fitbit App
2026-05-27T19:11:00Z,LIGHTLY_ACTIVE,Fitbit App
2026-05-27T19:12:00Z,LIGHTLY_ACTIVE,Fitbit App
2026-05-27T19:13:00Z,LIGHTLY_ACTIVE,Fitbit App
2026-05-27T19:14:00Z,MODERATELY_ACTIVE,Fitbit App
2026-05-27T19:15:00Z,LIGHTLY_ACTIVE,Fitbit App
2026-05-27T19:16:00Z,LIGHTLY_ACTIVE,Fitbit App
2026-05-27T19:17:00Z,LIGHTLY_ACTIVE,Fitbit App
2026-05-27T19:18:00Z,LIGHTLY_ACTIVE,Fitbit App
2026-05-27T19:19:00Z,MODERATELY_ACTIVE,Fitbit App
2026-05-27T19:20:00Z,LIGHTLY_ACTIVE,Fitbit App
2026-05-27T19:21:00Z,SEDENTARY,Fitbit App
2026-05-27T19:22:00Z,LIGHTLY_ACTIVE,Fitbit App
2026-05-27T19:23:00Z,MODERATELY_ACTIVE,Fitbit App
2026-05-27T19:24:00Z,MODERATELY_ACTIVE,Fitbit App
2026-05-27T19:25:00Z,LIGHTLY_ACTIVE,Fitbit App
2026-05-27T19:26:00Z,SEDENTARY,Fitbit App
2026-05-27T19:27:00Z,SEDENTARY,Fitbit App
2026-05-27T19:28:00Z,SEDENTARY,Fitbit App
2026-05-27T19:29:00Z,SEDENTARY,Fitbit App
2026-05-27T19:30:00Z,SEDENTARY,Fitbit App
2026-05-27T19:31:00Z,SEDENTARY,Fitbit App
2026-05-27T19:32:00Z,SEDENTARY,Fitbit App
2026-05-27T19:33:00Z,SEDENTARY,Fitbit App
2026-05-27T19:34:00Z,SEDENTARY,Fitbit App
2026-05-27T19:35:00Z,SEDENTARY,Fitbit App
2026-05-27T19:36:00Z,SEDENTARY,Fitbit App
2026-05-27T19:37:00Z,SEDENTARY,Fitbit App
2026-05-27T19:38:00Z,SEDENTARY,Fitbit App
2026-05-27T19:39:00Z,SEDENTARY,Fitbit App
2026-05-27T19:40:00Z,SEDENTARY,Fitbit App
2026-05-27T19:41:00Z,SEDENTARY,Fitbit App
2026-05-27T19:42:00Z,SEDENTARY,Fitbit App
2026-05-27T19:43:00Z,SEDENTARY,Fitbit App
2026-05-27T19:44:00Z,SEDENTARY,Fitbit App
2026-05-27T19:45:00Z,SEDENTARY,Fitbit App
2026-05-27T19:46:00Z,SEDENTARY,Fitbit App
2026-05-27T19:47:00Z,SEDENTARY,Fitbit App
2026-05-27T19:48:00Z,SEDENTARY,Fitbit App
2026-05-27T19:49:00Z,SEDENTARY,Fitbit App
2026-05-27T19:50:00Z,SEDENTARY,Fitbit App
2026-05-27T19:51:00Z,SEDENTARY,Fitbit App
2026-05-27T19:52:00Z,SEDENTARY,Fitbit App
2026-05-27T19:53:00Z,SEDENTARY,Fitbit App
2026-05-27T19:54:00Z,SEDENTARY,Fitbit App
2026-05-27T19:55:00Z,SEDENTARY,Fitbit App
2026-05-27T19:56:00Z,SEDENTARY,Fitbit App
2026-05-27T19:57:00Z,SEDENTARY,Fitbit App
2026-05-27T19:58:00Z,SEDENTARY,Fitbit App
2026-05-27T19:59:00Z,SEDENTARY,Fitbit App
2026-05-27T20:00:00Z,SEDENTARY,Fitbit App
2026-05-27T20:01:00Z,SEDENTARY,Fitbit App
2026-05-27T20:02:00Z,SEDENTARY,Fitbit App
2026-05-27T20:03:00Z,SEDENTARY,Fitbit App
2026-05-27T20:04:00Z,LIGHTLY_ACTIVE,Fitbit App
2026-05-27T20:05:00Z,SEDENTARY,Fitbit App
2026-05-27T20:06:00Z,SEDENTARY,Fitbit App
2026-05-27T20:10:00Z,SEDENTARY,Fitbit App
2026-05-27T20:11:00Z,SEDENTARY,Fitbit App
2026-05-27T20:12:00Z,SEDENTARY,Fitbit App
2026-05-27T20:13:00Z,SEDENTARY,Fitbit App
2026-05-27T20:14:00Z,SEDENTARY,Fitbit App
2026-05-27T20:15:00Z,SEDENTARY,Fitbit App
2026-05-27T20:16:00Z,SEDENTARY,Fitbit App
2026-05-27T20:22:00Z,SEDENTARY,Fitbit App
2026-05-27T20:23:00Z,SEDENTARY,Fitbit App
2026-05-27T20:30:00Z,SEDENTARY,Fitbit App
2026-05-27T20:31:00Z,SEDENTARY,Fitbit App
2026-05-27T20:32:00Z,SEDENTARY,Fitbit App
2026-05-27T20:34:00Z,SEDENTARY,Fitbit App
2026-05-27T20:35:00Z,SEDENTARY,Fitbit App
2026-05-27T20:36:00Z,LIGHTLY_ACTIVE,Fitbit App
2026-05-27T20:37:00Z,LIGHTLY_ACTIVE,Fitbit App
2026-05-27T20:38:00Z,SEDENTARY,Fitbit App
2026-05-27T20:39:00Z,SEDENTARY,Fitbit App
2026-05-27T20:40:00Z,SEDENTARY,Fitbit App
2026-05-27T20:41:00Z,SEDENTARY,Fitbit App
2026-05-27T20:42:00Z,SEDENTARY,Fitbit App
2026-05-27T20:43:00Z,SEDENTARY,Fitbit App
2026-05-27T20:44:00Z,SEDENTARY,Fitbit App
2026-05-27T20:45:00Z,SEDENTARY,Fitbit App
2026-05-27T20:47:00Z,SEDENTARY,Fitbit App
2026-05-27T20:48:00Z,SEDENTARY,Fitbit App
2026-05-27T20:49:00Z,SEDENTARY,Fitbit App
2026-05-27T20:50:00Z,SEDENTARY,Fitbit App
2026-05-27T20:51:00Z,SEDENTARY,Fitbit App
2026-05-27T20:52:00Z,SEDENTARY,Fitbit App
2026-05-27T20:53:00Z,SEDENTARY,Fitbit App
2026-05-27T20:56:00Z,SEDENTARY,Fitbit App
2026-05-27T20:57:00Z,SEDENTARY,Fitbit App
2026-05-27T20:58:00Z,SEDENTARY,Fitbit App
2026-05-27T21:01:00Z,SEDENTARY,Fitbit App
2026-05-27T21:02:00Z,SEDENTARY,Fitbit App
2026-05-27T21:03:00Z,SEDENTARY,Fitbit App
2026-05-27T21:04:00Z,SEDENTARY,Fitbit App
2026-05-27T21:05:00Z,LIGHTLY_ACTIVE,Fitbit App
2026-05-27T21:06:00Z,LIGHTLY_ACTIVE,Fitbit App
2026-05-27T21:07:00Z,SEDENTARY,Fitbit App
2026-05-27T21:08:00Z,SEDENTARY,Fitbit App
2026-05-27T21:09:00Z,SEDENTARY,Fitbit App
2026-05-27T21:10:00Z,SEDENTARY,Fitbit App
2026-05-27T21:11:00Z,SEDENTARY,Fitbit App
2026-05-27T21:12:00Z,SEDENTARY,Fitbit App
2026-05-27T21:13:00Z,SEDENTARY,Fitbit App
2026-05-27T21:14:00Z,SEDENTARY,Fitbit App
2026-05-27T21:17:00Z,SEDENTARY,Fitbit App
2026-05-27T21:22:00Z,SEDENTARY,Fitbit App
2026-05-27T21:26:00Z,SEDENTARY,Fitbit App
2026-05-27T21:27:00Z,SEDENTARY,Fitbit App
2026-05-27T21:29:00Z,SEDENTARY,Fitbit App
2026-05-27T21:31:00Z,SEDENTARY,Fitbit App
2026-05-27T21:32:00Z,SEDENTARY,Fitbit App
2026-05-27T21:33:00Z,SEDENTARY,Fitbit App
2026-05-27T21:34:00Z,SEDENTARY,Fitbit App
2026-05-27T21:38:00Z,SEDENTARY,Fitbit App
2026-05-27T21:42:00Z,SEDENTARY,Fitbit App
2026-05-27T21:44:00Z,LIGHTLY_ACTIVE,Fitbit App
2026-05-27T21:45:00Z,LIGHTLY_ACTIVE,Fitbit App
2026-05-27T21:46:00Z,SEDENTARY,Fitbit App
2026-05-27T21:55:00Z,SEDENTARY,Fitbit App
2026-05-27T21:56:00Z,SEDENTARY,Fitbit App
2026-05-27T21:57:00Z,SEDENTARY,Fitbit App
2026-05-27T21:58:00Z,SEDENTARY,Fitbit App
2026-05-27T22:04:00Z,SEDENTARY,Fitbit App
2026-05-27T22:12:00Z,SEDENTARY,Fitbit App
2026-05-27T22:17:00Z,SEDENTARY,Fitbit App
2026-05-27T22:20:00Z,SEDENTARY,Fitbit App
2026-05-27T22:21:00Z,SEDENTARY,Fitbit App
2026-05-27T22:42:00Z,SEDENTARY,Fitbit App
2026-05-27T22:44:00Z,SEDENTARY,Fitbit App
2026-05-27T22:46:00Z,SEDENTARY,Fitbit App
2026-05-27T22:48:00Z,SEDENTARY,Fitbit App
2026-05-27T22:52:00Z,SEDENTARY,Fitbit App
2026-05-27T22:56:00Z,SEDENTARY,Fitbit App
2026-05-27T23:06:00Z,SEDENTARY,Fitbit App
2026-05-27T23:07:00Z,LIGHTLY_ACTIVE,Fitbit App
2026-05-27T23:11:00Z,SEDENTARY,Fitbit App
2026-05-27T23:21:00Z,SEDENTARY,Fitbit App
2026-05-27T23:24:00Z,SEDENTARY,Fitbit App
2026-05-27T23:29:00Z,SEDENTARY,Fitbit App
2026-05-27T23:30:00Z,SEDENTARY,Fitbit App
2026-05-27T23:31:00Z,SEDENTARY,Fitbit App
2026-05-27T23:47:00Z,LIGHTLY_ACTIVE,Fitbit App
2026-05-27T23:48:00Z,SEDENTARY,Fitbit App
2026-05-27T23:51:00Z,LIGHTLY_ACTIVE,Fitbit App
2026-05-27T23:52:00Z,LIGHTLY_ACTIVE,Fitbit App
2026-05-27T23:53:00Z,SEDENTARY,Fitbit App
2026-05-27T23:54:00Z,LIGHTLY_ACTIVE,Fitbit App
2026-05-27T23:55:00Z,SEDENTARY,Fitbit App
2026-05-27T23:56:00Z,SEDENTARY,Fitbit App
2026-05-27T23:59:00Z,SEDENTARY,Fitbit App
2026-05-28T00:00:00Z,SEDENTARY,Fitbit App
2026-05-28T00:03:00Z,SEDENTARY,Fitbit App
2026-05-28T00:14:00Z,SEDENTARY,Fitbit App
2026-05-28T00:22:00Z,LIGHTLY_ACTIVE,Fitbit App
2026-05-28T00:23:00Z,SEDENTARY,Fitbit App
2026-05-28T00:30:00Z,SEDENTARY,Fitbit App
2026-05-28T00:32:00Z,SEDENTARY,Fitbit App
2026-05-28T00:44:00Z,SEDENTARY,Fitbit App
2026-05-28T00:47:00Z,SEDENTARY,Fitbit App
2026-05-28T00:53:00Z,SEDENTARY,Fitbit App
2026-05-28T01:19:00Z,SEDENTARY,Fitbit App
2026-05-28T01:40:00Z,LIGHTLY_ACTIVE,Fitbit App
2026-05-28T01:53:00Z,SEDENTARY,Fitbit App
2026-05-28T02:52:00Z,SEDENTARY,Fitbit App
2026-05-28T02:55:00Z,SEDENTARY,Fitbit App
2026-05-28T02:57:00Z,SEDENTARY,Fitbit App
2026-05-28T02:59:00Z,SEDENTARY,Fitbit App
2026-05-28T03:13:00Z,SEDENTARY,Fitbit App
2026-05-28T04:32:00Z,LIGHTLY_ACTIVE,Fitbit App
2026-05-28T04:48:00Z,SEDENTARY,Fitbit App
2026-05-28T04:58:00Z,SEDENTARY,Fitbit App
2026-05-28T05:13:00Z,SEDENTARY,Fitbit App
2026-05-28T05:18:00Z,LIGHTLY_ACTIVE,Fitbit App
2026-05-28T05:25:00Z,SEDENTARY,Fitbit App
2026-05-28T06:21:00Z,SEDENTARY,Fitbit App
2026-05-28T06:28:00Z,SEDENTARY,Fitbit App
2026-05-28T06:36:00Z,SEDENTARY,Fitbit App
2026-05-28T06:50:00Z,SEDENTARY,Fitbit App
2026-05-28T06:52:00Z,SEDENTARY,Fitbit App
2026-05-28T07:01:00Z,SEDENTARY,Fitbit App
2026-05-28T07:02:00Z,SEDENTARY,Fitbit App
2026-05-28T07:03:00Z,LIGHTLY_ACTIVE,Fitbit App
2026-05-28T07:04:00Z,LIGHTLY_ACTIVE,Fitbit App
2026-05-28T07:05:00Z,LIGHTLY_ACTIVE,Fitbit App
2026-05-28T07:55:00Z,SEDENTARY,Fitbit App
2026-05-28T07:59:00Z,SEDENTARY,Fitbit App
2026-05-28T08:14:00Z,SEDENTARY,Fitbit App
2026-05-28T08:18:00Z,SEDENTARY,Fitbit App
2026-05-28T08:19:00Z,SEDENTARY,Fitbit App
2026-05-28T08:40:00Z,SEDENTARY,Fitbit App
2026-05-28T08:41:00Z,SEDENTARY,Fitbit App
2026-05-28T08:58:00Z,SEDENTARY,Fitbit App
2026-05-28T09:09:00Z,LIGHTLY_ACTIVE,Fitbit App
2026-05-28T09:13:00Z,SEDENTARY,Fitbit App
2026-05-28T09:14:00Z,SEDENTARY,Fitbit App
2026-05-28T09:19:00Z,SEDENTARY,Fitbit App
2026-05-28T09:20:00Z,SEDENTARY,Fitbit App
2026-05-28T09:22:00Z,SEDENTARY,Fitbit App
2026-05-28T09:23:00Z,LIGHTLY_ACTIVE,Fitbit App
2026-05-28T09:24:00Z,LIGHTLY_ACTIVE,Fitbit App
2026-05-28T09:25:00Z,SEDENTARY,Fitbit App
2026-05-28T09:34:00Z,LIGHTLY_ACTIVE,Fitbit App
2026-05-28T09:35:00Z,MODERATELY_ACTIVE,Fitbit App
2026-05-28T09:36:00Z,LIGHTLY_ACTIVE,Fitbit App
2026-05-28T09:37:00Z,MODERATELY_ACTIVE,Fitbit App
2026-05-28T09:38:00Z,MODERATELY_ACTIVE,Fitbit App
2026-05-28T09:39:00Z,MODERATELY_ACTIVE,Fitbit App
2026-05-28T09:40:00Z,SEDENTARY,Fitbit App
2026-05-28T09:41:00Z,MODERATELY_ACTIVE,Fitbit App
2026-05-28T09:42:00Z,LIGHTLY_ACTIVE,Fitbit App
2026-05-28T09:43:00Z,LIGHTLY_ACTIVE,Fitbit App
2026-05-28T09:44:00Z,VERY_ACTIVE,Fitbit App
2026-05-28T09:45:00Z,VERY_ACTIVE,Fitbit App
2026-05-28T09:46:00Z,LIGHTLY_ACTIVE,Fitbit App
2026-05-28T09:47:00Z,LIGHTLY_ACTIVE,Fitbit App
2026-05-28T09:48:00Z,LIGHTLY_ACTIVE,Fitbit App
2026-05-28T09:49:00Z,MODERATELY_ACTIVE,Fitbit App
2026-05-28T09:50:00Z,VERY_ACTIVE,Fitbit App
2026-05-28T09:51:00Z,MODERATELY_ACTIVE,Fitbit App
2026-05-28T09:52:00Z,MODERATELY_ACTIVE,Fitbit App
2026-05-28T09:53:00Z,MODERATELY_ACTIVE,Fitbit App
2026-05-28T09:54:00Z,VERY_ACTIVE,Fitbit App
2026-05-28T09:55:00Z,MODERATELY_ACTIVE,Fitbit App
2026-05-28T09:56:00Z,MODERATELY_ACTIVE,Fitbit App
2026-05-28T09:57:00Z,MODERATELY_ACTIVE,Fitbit App
2026-05-28T09:58:00Z,MODERATELY_ACTIVE,Fitbit App
2026-05-28T09:59:00Z,MODERATELY_ACTIVE,Fitbit App
2026-05-28T10:00:00Z,MODERATELY_ACTIVE,Fitbit App
2026-05-28T10:01:00Z,MODERATELY_ACTIVE,Fitbit App
2026-05-28T10:02:00Z,MODERATELY_ACTIVE,Fitbit App
2026-05-28T10:03:00Z,VERY_ACTIVE,Fitbit App
2026-05-28T10:04:00Z,LIGHTLY_ACTIVE,Fitbit App
2026-05-28T10:05:00Z,SEDENTARY,Fitbit App
2026-05-28T10:06:00Z,SEDENTARY,Fitbit App
2026-05-28T10:07:00Z,SEDENTARY,Fitbit App
2026-05-28T10:08:00Z,SEDENTARY,Fitbit App
2026-05-28T10:09:00Z,LIGHTLY_ACTIVE,Fitbit App
2026-05-28T10:10:00Z,LIGHTLY_ACTIVE,Fitbit App
2026-05-28T10:11:00Z,LIGHTLY_ACTIVE,Fitbit App
2026-05-28T10:12:00Z,LIGHTLY_ACTIVE,Fitbit App
2026-05-28T10:13:00Z,LIGHTLY_ACTIVE,Fitbit App
2026-05-28T10:14:00Z,LIGHTLY_ACTIVE,Fitbit App
2026-05-28T10:15:00Z,MODERATELY_ACTIVE,Fitbit App
2026-05-28T10:16:00Z,LIGHTLY_ACTIVE,Fitbit App
2026-05-28T10:17:00Z,LIGHTLY_ACTIVE,Fitbit App
2026-05-28T10:18:00Z,SEDENTARY,Fitbit App
2026-05-28T10:19:00Z,SEDENTARY,Fitbit App
2026-05-28T10:20:00Z,SEDENTARY,Fitbit App
2026-05-28T10:21:00Z,LIGHTLY_ACTIVE,Fitbit App
2026-05-28T10:22:00Z,LIGHTLY_ACTIVE,Fitbit App
2026-05-28T10:23:00Z,MODERATELY_ACTIVE,Fitbit App
2026-05-28T10:24:00Z,LIGHTLY_ACTIVE,Fitbit App
2026-05-28T10:25:00Z,LIGHTLY_ACTIVE,Fitbit App
2026-05-28T10:26:00Z,SEDENTARY,Fitbit App
2026-05-28T10:27:00Z,SEDENTARY,Fitbit App
2026-05-28T10:28:00Z,LIGHTLY_ACTIVE,Fitbit App
2026-05-28T10:29:00Z,MODERATELY_ACTIVE,Fitbit App
2026-05-28T10:30:00Z,SEDENTARY,Fitbit App
2026-05-28T10:31:00Z,SEDENTARY,Fitbit App
2026-05-28T10:32:00Z,SEDENTARY,Fitbit App
2026-05-28T10:49:00Z,SEDENTARY,Fitbit App
2026-05-28T10:55:00Z,SEDENTARY,Fitbit App
2026-05-28T10:56:00Z,SEDENTARY,Fitbit App
2026-05-28T11:19:00Z,SEDENTARY,Fitbit App
2026-05-28T11:20:00Z,SEDENTARY,Fitbit App
2026-05-28T11:21:00Z,LIGHTLY_ACTIVE,Fitbit App
2026-05-28T11:22:00Z,LIGHTLY_ACTIVE,Fitbit App
2026-05-28T11:23:00Z,SEDENTARY,Fitbit App
2026-05-28T11:24:00Z,SEDENTARY,Fitbit App
2026-05-28T11:25:00Z,SEDENTARY,Fitbit App
2026-05-28T11:26:00Z,SEDENTARY,Fitbit App
2026-05-28T11:27:00Z,SEDENTARY,Fitbit App
2026-05-28T11:28:00Z,SEDENTARY,Fitbit App
2026-05-28T11:29:00Z,SEDENTARY,Fitbit App
2026-05-28T11:30:00Z,SEDENTARY,Fitbit App
2026-05-28T11:31:00Z,LIGHTLY_ACTIVE,Fitbit App
2026-05-28T11:32:00Z,SEDENTARY,Fitbit App
2026-05-28T11:33:00Z,SEDENTARY,Fitbit App
2026-05-28T11:34:00Z,SEDENTARY,Fitbit App
2026-05-28T11:35:00Z,SEDENTARY,Fitbit App
2026-05-28T11:36:00Z,SEDENTARY,Fitbit App
2026-05-28T11:37:00Z,SEDENTARY,Fitbit App
2026-05-28T11:38:00Z,SEDENTARY,Fitbit App
2026-05-28T11:39:00Z,LIGHTLY_ACTIVE,Fitbit App
2026-05-28T11:40:00Z,SEDENTARY,Fitbit App
2026-05-28T11:41:00Z,SEDENTARY,Fitbit App
2026-05-28T11:42:00Z,SEDENTARY,Fitbit App
2026-05-28T11:43:00Z,SEDENTARY,Fitbit App
2026-05-28T11:44:00Z,SEDENTARY,Fitbit App
2026-05-28T11:45:00Z,SEDENTARY,Fitbit App
2026-05-28T11:46:00Z,SEDENTARY,Fitbit App
2026-05-28T11:47:00Z,SEDENTARY,Fitbit App
2026-05-28T11:48:00Z,SEDENTARY,Fitbit App
2026-05-28T11:49:00Z,SEDENTARY,Fitbit App
2026-05-28T11:50:00Z,SEDENTARY,Fitbit App
2026-05-28T11:51:00Z,SEDENTARY,Fitbit App
2026-05-28T11:52:00Z,LIGHTLY_ACTIVE,Fitbit App
2026-05-28T11:53:00Z,SEDENTARY,Fitbit App
2026-05-28T11:57:00Z,SEDENTARY,Fitbit App
2026-05-28T11:58:00Z,LIGHTLY_ACTIVE,Fitbit App
2026-05-28T12:01:00Z,LIGHTLY_ACTIVE,Fitbit App
2026-05-28T12:02:00Z,LIGHTLY_ACTIVE,Fitbit App
2026-05-28T12:03:00Z,LIGHTLY_ACTIVE,Fitbit App
2026-05-28T12:04:00Z,LIGHTLY_ACTIVE,Fitbit App
2026-05-28T12:05:00Z,LIGHTLY_ACTIVE,Fitbit App
2026-05-28T12:06:00Z,LIGHTLY_ACTIVE,Fitbit App
2026-05-28T12:07:00Z,LIGHTLY_ACTIVE,Fitbit App
2026-05-28T12:08:00Z,LIGHTLY_ACTIVE,Fitbit App
2026-05-28T12:09:00Z,LIGHTLY_ACTIVE,Fitbit App
2026-05-28T12:10:00Z,VERY_ACTIVE,Fitbit App
2026-05-28T12:11:00Z,VERY_ACTIVE,Fitbit App
2026-05-28T12:12:00Z,VERY_ACTIVE,Fitbit App
2026-05-28T12:13:00Z,VERY_ACTIVE,Fitbit App
2026-05-28T12:14:00Z,VERY_ACTIVE,Fitbit App
2026-05-28T12:15:00Z,VERY_ACTIVE,Fitbit App
2026-05-28T12:16:00Z,VERY_ACTIVE,Fitbit App
2026-05-28T12:17:00Z,VERY_ACTIVE,Fitbit App
2026-05-28T12:18:00Z,VERY_ACTIVE,Fitbit App
2026-05-28T12:19:00Z,MODERATELY_ACTIVE,Fitbit App
2026-05-28T12:20:00Z,VERY_ACTIVE,Fitbit App
2026-05-28T12:21:00Z,MODERATELY_ACTIVE,Fitbit App
2026-05-28T12:22:00Z,MODERATELY_ACTIVE,Fitbit App
2026-05-28T12:23:00Z,LIGHTLY_ACTIVE,Fitbit App
2026-05-28T12:24:00Z,MODERATELY_ACTIVE,Fitbit App
2026-05-28T12:25:00Z,MODERATELY_ACTIVE,Fitbit App
2026-05-28T12:26:00Z,LIGHTLY_ACTIVE,Fitbit App
2026-05-28T12:27:00Z,LIGHTLY_ACTIVE,Fitbit App
2026-05-28T12:28:00Z,SEDENTARY,Fitbit App
2026-05-28T12:29:00Z,LIGHTLY_ACTIVE,Fitbit App
2026-05-28T12:30:00Z,MODERATELY_ACTIVE,Fitbit App
2026-05-28T12:31:00Z,VERY_ACTIVE,Fitbit App
2026-05-28T12:32:00Z,VERY_ACTIVE,Fitbit App
2026-05-28T12:33:00Z,VERY_ACTIVE,Fitbit App
2026-05-28T12:34:00Z,MODERATELY_ACTIVE,Fitbit App
2026-05-28T12:35:00Z,VERY_ACTIVE,Fitbit App
2026-05-28T12:36:00Z,VERY_ACTIVE,Fitbit App
2026-05-28T12:37:00Z,VERY_ACTIVE,Fitbit App
2026-05-28T12:38:00Z,VERY_ACTIVE,Fitbit App
2026-05-28T12:39:00Z,MODERATELY_ACTIVE,Fitbit App
2026-05-28T12:40:00Z,LIGHTLY_ACTIVE,Fitbit App
2026-05-28T12:41:00Z,LIGHTLY_ACTIVE,Fitbit App
2026-05-28T12:42:00Z,LIGHTLY_ACTIVE,Fitbit App
2026-05-28T12:43:00Z,LIGHTLY_ACTIVE,Fitbit App
2026-05-28T12:44:00Z,SEDENTARY,Fitbit App
2026-05-28T12:45:00Z,SEDENTARY,Fitbit App
2026-05-28T12:46:00Z,LIGHTLY_ACTIVE,Fitbit App
2026-05-28T12:47:00Z,SEDENTARY,Fitbit App
2026-05-28T12:48:00Z,SEDENTARY,Fitbit App
2026-05-28T12:49:00Z,SEDENTARY,Fitbit App
2026-05-28T12:50:00Z,SEDENTARY,Fitbit App
2026-05-28T12:51:00Z,SEDENTARY,Fitbit App
2026-05-28T12:52:00Z,SEDENTARY,Fitbit App
2026-05-28T12:53:00Z,SEDENTARY,Fitbit App
2026-05-28T12:54:00Z,SEDENTARY,Fitbit App
2026-05-28T12:55:00Z,SEDENTARY,Fitbit App
2026-05-28T12:56:00Z,LIGHTLY_ACTIVE,Fitbit App
2026-05-28T12:57:00Z,SEDENTARY,Fitbit App
2026-05-28T12:58:00Z,SEDENTARY,Fitbit App
2026-05-28T12:59:00Z,SEDENTARY,Fitbit App
2026-05-28T13:00:00Z,SEDENTARY,Fitbit App
2026-05-28T13:01:00Z,LIGHTLY_ACTIVE,Fitbit App
2026-05-28T13:02:00Z,SEDENTARY,Fitbit App
2026-05-28T13:03:00Z,SEDENTARY,Fitbit App
2026-05-28T13:04:00Z,LIGHTLY_ACTIVE,Fitbit App
2026-05-28T13:05:00Z,SEDENTARY,Fitbit App
2026-05-28T13:06:00Z,LIGHTLY_ACTIVE,Fitbit App
2026-05-28T13:07:00Z,SEDENTARY,Fitbit App
2026-05-28T13:08:00Z,LIGHTLY_ACTIVE,Fitbit App
2026-05-28T13:09:00Z,SEDENTARY,Fitbit App
2026-05-28T13:10:00Z,SEDENTARY,Fitbit App
2026-05-28T13:11:00Z,SEDENTARY,Fitbit App
2026-05-28T13:12:00Z,SEDENTARY,Fitbit App
2026-05-28T13:13:00Z,SEDENTARY,Fitbit App
2026-05-28T13:14:00Z,LIGHTLY_ACTIVE,Fitbit App
2026-05-28T13:15:00Z,LIGHTLY_ACTIVE,Fitbit App
2026-05-28T13:16:00Z,SEDENTARY,Fitbit App
2026-05-28T13:17:00Z,SEDENTARY,Fitbit App
2026-05-28T13:18:00Z,SEDENTARY,Fitbit App
2026-05-28T13:19:00Z,SEDENTARY,Fitbit App
2026-05-28T13:20:00Z,SEDENTARY,Fitbit App
2026-05-28T13:21:00Z,SEDENTARY,Fitbit App
2026-05-28T13:22:00Z,LIGHTLY_ACTIVE,Fitbit App
2026-05-28T13:23:00Z,SEDENTARY,Fitbit App
2026-05-28T13:24:00Z,SEDENTARY,Fitbit App
2026-05-28T13:25:00Z,SEDENTARY,Fitbit App
2026-05-28T13:26:00Z,SEDENTARY,Fitbit App
2026-05-28T13:27:00Z,SEDENTARY,Fitbit App
2026-05-28T13:28:00Z,SEDENTARY,Fitbit App
2026-05-28T13:29:00Z,SEDENTARY,Fitbit App
2026-05-28T13:30:00Z,SEDENTARY,Fitbit App
2026-05-28T13:31:00Z,SEDENTARY,Fitbit App
2026-05-28T13:32:00Z,SEDENTARY,Fitbit App
2026-05-28T13:33:00Z,SEDENTARY,Fitbit App
2026-05-28T13:34:00Z,SEDENTARY,Fitbit App
2026-05-28T13:35:00Z,SEDENTARY,Fitbit App
2026-05-28T13:36:00Z,SEDENTARY,Fitbit App
2026-05-28T13:37:00Z,LIGHTLY_ACTIVE,Fitbit App
2026-05-28T13:38:00Z,SEDENTARY,Fitbit App
2026-05-28T13:39:00Z,SEDENTARY,Fitbit App
2026-05-28T13:40:00Z,LIGHTLY_ACTIVE,Fitbit App
2026-05-28T13:41:00Z,SEDENTARY,Fitbit App
2026-05-28T13:42:00Z,LIGHTLY_ACTIVE,Fitbit App
2026-05-28T13:43:00Z,SEDENTARY,Fitbit App
2026-05-28T13:44:00Z,SEDENTARY,Fitbit App
2026-05-28T13:45:00Z,SEDENTARY,Fitbit App
2026-05-28T13:46:00Z,SEDENTARY,Fitbit App
2026-05-28T13:47:00Z,SEDENTARY,Fitbit App
2026-05-28T13:48:00Z,SEDENTARY,Fitbit App
2026-05-28T13:49:00Z,SEDENTARY,Fitbit App
2026-05-28T13:50:00Z,SEDENTARY,Fitbit App
2026-05-28T13:51:00Z,SEDENTARY,Fitbit App
2026-05-28T13:52:00Z,SEDENTARY,Fitbit App
2026-05-28T13:53:00Z,SEDENTARY,Fitbit App
2026-05-28T13:54:00Z,SEDENTARY,Fitbit App
2026-05-28T13:55:00Z,SEDENTARY,Fitbit App
2026-05-28T13:56:00Z,SEDENTARY,Fitbit App
2026-05-28T13:57:00Z,SEDENTARY,Fitbit App
2026-05-28T13:58:00Z,SEDENTARY,Fitbit App
2026-05-28T13:59:00Z,SEDENTARY,Fitbit App
2026-05-28T14:00:00Z,SEDENTARY,Fitbit App
2026-05-28T14:01:00Z,SEDENTARY,Fitbit App
2026-05-28T14:02:00Z,SEDENTARY,Fitbit App
2026-05-28T14:03:00Z,SEDENTARY,Fitbit App
2026-05-28T14:04:00Z,SEDENTARY,Fitbit App
2026-05-28T14:05:00Z,SEDENTARY,Fitbit App
2026-05-28T14:06:00Z,SEDENTARY,Fitbit App
2026-05-28T14:07:00Z,SEDENTARY,Fitbit App
2026-05-28T14:08:00Z,SEDENTARY,Fitbit App
2026-05-28T14:09:00Z,SEDENTARY,Fitbit App
2026-05-28T14:10:00Z,SEDENTARY,Fitbit App
2026-05-28T14:11:00Z,SEDENTARY,Fitbit App
2026-05-28T14:12:00Z,SEDENTARY,Fitbit App
2026-05-28T14:13:00Z,SEDENTARY,Fitbit App
2026-05-28T14:14:00Z,LIGHTLY_ACTIVE,Fitbit App
2026-05-28T14:15:00Z,SEDENTARY,Fitbit App
2026-05-28T14:16:00Z,SEDENTARY,Fitbit App
2026-05-28T14:17:00Z,SEDENTARY,Fitbit App
2026-05-28T14:18:00Z,SEDENTARY,Fitbit App
2026-05-28T14:19:00Z,SEDENTARY,Fitbit App
2026-05-28T14:20:00Z,SEDENTARY,Fitbit App
2026-05-28T14:21:00Z,LIGHTLY_ACTIVE,Fitbit App
2026-05-28T14:22:00Z,LIGHTLY_ACTIVE,Fitbit App
2026-05-28T14:23:00Z,SEDENTARY,Fitbit App
2026-05-28T14:24:00Z,SEDENTARY,Fitbit App
2026-05-28T14:25:00Z,SEDENTARY,Fitbit App
2026-05-28T14:26:00Z,SEDENTARY,Fitbit App
2026-05-28T14:27:00Z,SEDENTARY,Fitbit App
2026-05-28T14:28:00Z,SEDENTARY,Fitbit App
2026-05-28T14:29:00Z,SEDENTARY,Fitbit App
2026-05-28T14:30:00Z,SEDENTARY,Fitbit App
2026-05-28T14:31:00Z,SEDENTARY,Fitbit App
2026-05-28T14:32:00Z,SEDENTARY,Fitbit App
2026-05-28T14:33:00Z,SEDENTARY,Fitbit App
2026-05-28T14:34:00Z,SEDENTARY,Fitbit App
2026-05-28T14:35:00Z,SEDENTARY,Fitbit App
2026-05-28T14:36:00Z,SEDENTARY,Fitbit App
2026-05-28T14:37:00Z,SEDENTARY,Fitbit App
2026-05-28T14:38:00Z,SEDENTARY,Fitbit App
2026-05-28T14:39:00Z,SEDENTARY,Fitbit App
2026-05-28T14:40:00Z,SEDENTARY,Fitbit App
2026-05-28T14:41:00Z,SEDENTARY,Fitbit App
2026-05-28T14:42:00Z,SEDENTARY,Fitbit App
2026-05-28T14:43:00Z,LIGHTLY_ACTIVE,Fitbit App
2026-05-28T14:44:00Z,LIGHTLY_ACTIVE,Fitbit App
2026-05-28T14:45:00Z,LIGHTLY_ACTIVE,Fitbit App
2026-05-28T14:46:00Z,SEDENTARY,Fitbit App
2026-05-28T14:47:00Z,LIGHTLY_ACTIVE,Fitbit App
2026-05-28T14:48:00Z,LIGHTLY_ACTIVE,Fitbit App
2026-05-28T14:49:00Z,LIGHTLY_ACTIVE,Fitbit App
2026-05-28T14:50:00Z,SEDENTARY,Fitbit App
2026-05-28T14:51:00Z,SEDENTARY,Fitbit App
2026-05-28T14:52:00Z,SEDENTARY,Fitbit App
2026-05-28T14:53:00Z,SEDENTARY,Fitbit App
2026-05-28T14:54:00Z,SEDENTARY,Fitbit App
2026-05-28T14:55:00Z,SEDENTARY,Fitbit App
2026-05-28T14:56:00Z,SEDENTARY,Fitbit App
2026-05-28T14:57:00Z,SEDENTARY,Fitbit App
2026-05-28T14:58:00Z,SEDENTARY,Fitbit App
2026-05-28T14:59:00Z,SEDENTARY,Fitbit App
2026-05-28T15:00:00Z,SEDENTARY,Fitbit App
2026-05-28T15:01:00Z,SEDENTARY,Fitbit App
2026-05-28T15:02:00Z,SEDENTARY,Fitbit App
2026-05-28T15:03:00Z,SEDENTARY,Fitbit App
2026-05-28T15:04:00Z,SEDENTARY,Fitbit App
2026-05-28T15:05:00Z,SEDENTARY,Fitbit App
2026-05-28T15:06:00Z,SEDENTARY,Fitbit App
2026-05-28T15:07:00Z,SEDENTARY,Fitbit App
2026-05-28T15:08:00Z,SEDENTARY,Fitbit App
2026-05-28T15:09:00Z,SEDENTARY,Fitbit App
2026-05-28T15:10:00Z,SEDENTARY,Fitbit App
2026-05-28T15:11:00Z,SEDENTARY,Fitbit App
2026-05-28T15:12:00Z,SEDENTARY,Fitbit App
2026-05-28T15:13:00Z,SEDENTARY,Fitbit App
2026-05-28T15:14:00Z,SEDENTARY,Fitbit App
2026-05-28T15:15:00Z,SEDENTARY,Fitbit App
2026-05-28T15:16:00Z,SEDENTARY,Fitbit App
2026-05-28T15:17:00Z,SEDENTARY,Fitbit App
2026-05-28T15:18:00Z,LIGHTLY_ACTIVE,Fitbit App
2026-05-28T15:19:00Z,SEDENTARY,Fitbit App
2026-05-28T15:20:00Z,SEDENTARY,Fitbit App
2026-05-28T15:21:00Z,LIGHTLY_ACTIVE,Fitbit App
2026-05-28T15:22:00Z,SEDENTARY,Fitbit App
2026-05-28T15:23:00Z,SEDENTARY,Fitbit App
2026-05-28T15:24:00Z,LIGHTLY_ACTIVE,Fitbit App
2026-05-28T15:25:00Z,SEDENTARY,Fitbit App
2026-05-28T15:26:00Z,LIGHTLY_ACTIVE,Fitbit App
2026-05-28T15:27:00Z,MODERATELY_ACTIVE,Fitbit App
2026-05-28T15:28:00Z,MODERATELY_ACTIVE,Fitbit App
2026-05-28T15:29:00Z,MODERATELY_ACTIVE,Fitbit App
2026-05-28T15:30:00Z,MODERATELY_ACTIVE,Fitbit App
2026-05-28T15:31:00Z,SEDENTARY,Fitbit App
2026-05-28T15:32:00Z,SEDENTARY,Fitbit App
2026-05-28T15:39:00Z,SEDENTARY,Fitbit App
2026-05-28T15:45:00Z,SEDENTARY,Fitbit App
2026-05-28T15:46:00Z,SEDENTARY,Fitbit App
2026-05-28T15:52:00Z,SEDENTARY,Fitbit App
2026-05-28T15:54:00Z,SEDENTARY,Fitbit App
2026-05-28T15:55:00Z,SEDENTARY,Fitbit App
2026-05-28T15:57:00Z,SEDENTARY,Fitbit App
2026-05-28T15:58:00Z,SEDENTARY,Fitbit App
2026-05-28T15:59:00Z,SEDENTARY,Fitbit App
2026-05-28T16:00:00Z,SEDENTARY,Fitbit App
2026-05-28T16:02:00Z,SEDENTARY,Fitbit App
2026-05-28T16:03:00Z,SEDENTARY,Fitbit App
2026-05-28T16:08:00Z,LIGHTLY_ACTIVE,Fitbit App
2026-05-28T16:09:00Z,SEDENTARY,Fitbit App
2026-05-28T16:11:00Z,SEDENTARY,Fitbit App
2026-05-28T16:12:00Z,SEDENTARY,Fitbit App
2026-05-28T16:23:00Z,SEDENTARY,Fitbit App
2026-05-28T16:24:00Z,SEDENTARY,Fitbit App
2026-05-28T16:25:00Z,SEDENTARY,Fitbit App
2026-05-28T16:26:00Z,SEDENTARY,Fitbit App
2026-05-28T16:27:00Z,SEDENTARY,Fitbit App
2026-05-28T16:28:00Z,LIGHTLY_ACTIVE,Fitbit App
2026-05-28T16:29:00Z,SEDENTARY,Fitbit App
2026-05-28T16:30:00Z,SEDENTARY,Fitbit App
2026-05-28T16:32:00Z,SEDENTARY,Fitbit App
2026-05-28T16:35:00Z,SEDENTARY,Fitbit App
2026-05-28T16:40:00Z,SEDENTARY,Fitbit App
2026-05-28T16:41:00Z,SEDENTARY,Fitbit App
2026-05-28T16:52:00Z,SEDENTARY,Fitbit App
2026-05-28T16:54:00Z,SEDENTARY,Fitbit App
2026-05-28T17:01:00Z,SEDENTARY,Fitbit App
2026-05-28T17:02:00Z,SEDENTARY,Fitbit App
2026-05-28T17:04:00Z,LIGHTLY_ACTIVE,Fitbit App
2026-05-28T17:05:00Z,LIGHTLY_ACTIVE,Fitbit App
2026-05-28T17:06:00Z,SEDENTARY,Fitbit App
2026-05-28T17:09:00Z,SEDENTARY,Fitbit App
2026-05-28T17:10:00Z,SEDENTARY,Fitbit App
2026-05-28T17:12:00Z,SEDENTARY,Fitbit App
2026-05-28T17:13:00Z,SEDENTARY,Fitbit App
2026-05-28T17:14:00Z,SEDENTARY,Fitbit App
2026-05-28T17:15:00Z,LIGHTLY_ACTIVE,Fitbit App
2026-05-28T17:16:00Z,LIGHTLY_ACTIVE,Fitbit App
2026-05-28T17:17:00Z,LIGHTLY_ACTIVE,Fitbit App
2026-05-28T17:18:00Z,MODERATELY_ACTIVE,Fitbit App
2026-05-28T17:19:00Z,MODERATELY_ACTIVE,Fitbit App
2026-05-28T17:20:00Z,MODERATELY_ACTIVE,Fitbit App
2026-05-28T17:21:00Z,MODERATELY_ACTIVE,Fitbit App
2026-05-28T17:22:00Z,SEDENTARY,Fitbit App
2026-05-28T17:23:00Z,LIGHTLY_ACTIVE,Fitbit App
2026-05-28T17:24:00Z,SEDENTARY,Fitbit App
2026-05-28T17:25:00Z,LIGHTLY_ACTIVE,Fitbit App
2026-05-28T17:26:00Z,LIGHTLY_ACTIVE,Fitbit App
2026-05-28T17:27:00Z,LIGHTLY_ACTIVE,Fitbit App
2026-05-28T17:28:00Z,LIGHTLY_ACTIVE,Fitbit App
2026-05-28T17:29:00Z,SEDENTARY,Fitbit App
2026-05-28T17:30:00Z,SEDENTARY,Fitbit App
2026-05-28T17:31:00Z,SEDENTARY,Fitbit App
2026-05-28T17:32:00Z,SEDENTARY,Fitbit App
2026-05-28T17:33:00Z,SEDENTARY,Fitbit App
2026-05-28T17:34:00Z,SEDENTARY,Fitbit App
2026-05-28T17:35:00Z,SEDENTARY,Fitbit App
2026-05-28T17:36:00Z,LIGHTLY_ACTIVE,Fitbit App
2026-05-28T17:37:00Z,SEDENTARY,Fitbit App
2026-05-28T17:38:00Z,LIGHTLY_ACTIVE,Fitbit App
2026-05-28T17:39:00Z,LIGHTLY_ACTIVE,Fitbit App
2026-05-28T17:40:00Z,SEDENTARY,Fitbit App
2026-05-28T17:41:00Z,SEDENTARY,Fitbit App
2026-05-28T17:42:00Z,SEDENTARY,Fitbit App
2026-05-28T17:43:00Z,SEDENTARY,Fitbit App
2026-05-28T17:44:00Z,SEDENTARY,Fitbit App
2026-05-28T17:49:00Z,SEDENTARY,Fitbit App
2026-05-28T17:51:00Z,LIGHTLY_ACTIVE,Fitbit App
2026-05-28T17:52:00Z,SEDENTARY,Fitbit App
2026-05-28T17:53:00Z,SEDENTARY,Fitbit App
2026-05-28T17:54:00Z,SEDENTARY,Fitbit App
2026-05-28T17:55:00Z,SEDENTARY,Fitbit App
2026-05-28T17:56:00Z,SEDENTARY,Fitbit App
2026-05-28T17:57:00Z,SEDENTARY,Fitbit App
2026-05-28T17:58:00Z,SEDENTARY,Fitbit App
2026-05-28T17:59:00Z,SEDENTARY,Fitbit App
2026-05-28T18:00:00Z,SEDENTARY,Fitbit App
2026-05-28T18:01:00Z,SEDENTARY,Fitbit App
2026-05-28T18:02:00Z,SEDENTARY,Fitbit App
2026-05-28T18:03:00Z,SEDENTARY,Fitbit App
2026-05-28T18:04:00Z,SEDENTARY,Fitbit App
2026-05-28T18:05:00Z,SEDENTARY,Fitbit App
2026-05-28T18:06:00Z,SEDENTARY,Fitbit App
2026-05-28T18:07:00Z,SEDENTARY,Fitbit App
2026-05-28T18:08:00Z,SEDENTARY,Fitbit App
2026-05-28T18:09:00Z,SEDENTARY,Fitbit App
2026-05-28T18:10:00Z,SEDENTARY,Fitbit App
2026-05-28T18:12:00Z,SEDENTARY,Fitbit App
2026-05-28T18:14:00Z,SEDENTARY,Fitbit App
2026-05-28T18:15:00Z,SEDENTARY,Fitbit App
2026-05-28T18:16:00Z,SEDENTARY,Fitbit App
2026-05-28T18:17:00Z,SEDENTARY,Fitbit App
2026-05-28T18:18:00Z,SEDENTARY,Fitbit App
2026-05-28T18:19:00Z,SEDENTARY,Fitbit App
2026-05-28T18:20:00Z,SEDENTARY,Fitbit App
2026-05-28T18:21:00Z,SEDENTARY,Fitbit App
2026-05-28T18:22:00Z,SEDENTARY,Fitbit App
2026-05-28T18:23:00Z,SEDENTARY,Fitbit App
2026-05-28T18:24:00Z,SEDENTARY,Fitbit App
2026-05-28T18:25:00Z,SEDENTARY,Fitbit App
2026-05-28T18:29:00Z,SEDENTARY,Fitbit App
2026-05-28T18:31:00Z,SEDENTARY,Fitbit App
2026-05-28T18:32:00Z,SEDENTARY,Fitbit App
2026-05-28T18:36:00Z,SEDENTARY,Fitbit App
2026-05-28T18:39:00Z,SEDENTARY,Fitbit App
2026-05-28T18:40:00Z,SEDENTARY,Fitbit App
2026-05-28T18:41:00Z,SEDENTARY,Fitbit App
2026-05-28T18:42:00Z,SEDENTARY,Fitbit App
2026-05-28T18:43:00Z,SEDENTARY,Fitbit App
2026-05-28T18:45:00Z,SEDENTARY,Fitbit App
2026-05-28T18:46:00Z,SEDENTARY,Fitbit App
2026-05-28T18:48:00Z,SEDENTARY,Fitbit App
2026-05-28T18:49:00Z,SEDENTARY,Fitbit App
2026-05-28T18:50:00Z,SEDENTARY,Fitbit App
2026-05-28T18:51:00Z,SEDENTARY,Fitbit App
2026-05-28T18:52:00Z,SEDENTARY,Fitbit App
2026-05-28T18:53:00Z,SEDENTARY,Fitbit App
2026-05-28T18:55:00Z,SEDENTARY,Fitbit App
2026-05-28T18:59:00Z,SEDENTARY,Fitbit App
2026-05-28T19:01:00Z,SEDENTARY,Fitbit App
2026-05-28T19:03:00Z,SEDENTARY,Fitbit App
2026-05-28T19:05:00Z,SEDENTARY,Fitbit App
2026-05-28T19:06:00Z,SEDENTARY,Fitbit App
2026-05-28T19:07:00Z,SEDENTARY,Fitbit App
2026-05-28T19:08:00Z,SEDENTARY,Fitbit App
2026-05-28T19:10:00Z,SEDENTARY,Fitbit App
2026-05-28T19:11:00Z,SEDENTARY,Fitbit App
2026-05-28T19:12:00Z,SEDENTARY,Fitbit App
2026-05-28T19:15:00Z,SEDENTARY,Fitbit App
2026-05-28T19:16:00Z,SEDENTARY,Fitbit App
2026-05-28T19:17:00Z,SEDENTARY,Fitbit App
2026-05-28T19:18:00Z,SEDENTARY,Fitbit App
2026-05-28T19:19:00Z,LIGHTLY_ACTIVE,Fitbit App
2026-05-28T19:20:00Z,LIGHTLY_ACTIVE,Fitbit App
2026-05-28T19:21:00Z,VERY_ACTIVE,Fitbit App
2026-05-28T19:22:00Z,VERY_ACTIVE,Fitbit App
2026-05-28T19:23:00Z,VERY_ACTIVE,Fitbit App
2026-05-28T19:24:00Z,VERY_ACTIVE,Fitbit App
2026-05-28T19:25:00Z,MODERATELY_ACTIVE,Fitbit App
2026-05-28T19:26:00Z,LIGHTLY_ACTIVE,Fitbit App
2026-05-28T19:27:00Z,MODERATELY_ACTIVE,Fitbit App
2026-05-28T19:28:00Z,MODERATELY_ACTIVE,Fitbit App
2026-05-28T19:29:00Z,MODERATELY_ACTIVE,Fitbit App
2026-05-28T19:30:00Z,MODERATELY_ACTIVE,Fitbit App
2026-05-28T19:31:00Z,VERY_ACTIVE,Fitbit App
2026-05-28T19:32:00Z,MODERATELY_ACTIVE,Fitbit App
2026-05-28T19:33:00Z,MODERATELY_ACTIVE,Fitbit App
2026-05-28T19:34:00Z,VERY_ACTIVE,Fitbit App
2026-05-28T19:35:00Z,MODERATELY_ACTIVE,Fitbit App
2026-05-28T19:36:00Z,MODERATELY_ACTIVE,Fitbit App
2026-05-28T19:37:00Z,MODERATELY_ACTIVE,Fitbit App
2026-05-28T19:38:00Z,MODERATELY_ACTIVE,Fitbit App
2026-05-28T19:39:00Z,MODERATELY_ACTIVE,Fitbit App
2026-05-28T19:40:00Z,MODERATELY_ACTIVE,Fitbit App
2026-05-28T19:41:00Z,MODERATELY_ACTIVE,Fitbit App
2026-05-28T19:42:00Z,LIGHTLY_ACTIVE,Fitbit App
2026-05-28T19:43:00Z,MODERATELY_ACTIVE,Fitbit App
2026-05-28T19:44:00Z,VERY_ACTIVE,Fitbit App
2026-05-28T19:45:00Z,VERY_ACTIVE,Fitbit App
2026-05-28T19:46:00Z,MODERATELY_ACTIVE,Fitbit App
2026-05-28T19:47:00Z,VERY_ACTIVE,Fitbit App
2026-05-28T19:48:00Z,VERY_ACTIVE,Fitbit App
2026-05-28T19:49:00Z,LIGHTLY_ACTIVE,Fitbit App
2026-05-28T19:50:00Z,MODERATELY_ACTIVE,Fitbit App
2026-05-28T19:51:00Z,MODERATELY_ACTIVE,Fitbit App
2026-05-28T19:52:00Z,MODERATELY_ACTIVE,Fitbit App
2026-05-28T19:53:00Z,MODERATELY_ACTIVE,Fitbit App
2026-05-28T19:54:00Z,MODERATELY_ACTIVE,Fitbit App
2026-05-28T19:55:00Z,MODERATELY_ACTIVE,Fitbit App
2026-05-28T19:56:00Z,MODERATELY_ACTIVE,Fitbit App
2026-05-28T19:57:00Z,MODERATELY_ACTIVE,Fitbit App
2026-05-28T19:58:00Z,MODERATELY_ACTIVE,Fitbit App
2026-05-28T19:59:00Z,MODERATELY_ACTIVE,Fitbit App
2026-05-28T20:00:00Z,SEDENTARY,Fitbit App
2026-05-28T20:01:00Z,SEDENTARY,Fitbit App
2026-05-28T20:02:00Z,SEDENTARY,Fitbit App
2026-05-28T20:13:00Z,LIGHTLY_ACTIVE,Fitbit App
2026-05-28T20:14:00Z,SEDENTARY,Fitbit App
2026-05-28T20:15:00Z,SEDENTARY,Fitbit App
2026-05-28T20:19:00Z,SEDENTARY,Fitbit App
2026-05-28T20:22:00Z,LIGHTLY_ACTIVE,Fitbit App
2026-05-28T20:23:00Z,SEDENTARY,Fitbit App
2026-05-28T20:24:00Z,SEDENTARY,Fitbit App
2026-05-28T20:25:00Z,SEDENTARY,Fitbit App
2026-05-28T20:27:00Z,SEDENTARY,Fitbit App
2026-05-28T20:30:00Z,SEDENTARY,Fitbit App
2026-05-28T20:31:00Z,SEDENTARY,Fitbit App
2026-05-28T20:33:00Z,MODERATELY_ACTIVE,Fitbit App
2026-05-28T20:34:00Z,MODERATELY_ACTIVE,Fitbit App
2026-05-28T20:35:00Z,MODERATELY_ACTIVE,Fitbit App
2026-05-28T20:36:00Z,MODERATELY_ACTIVE,Fitbit App
2026-05-28T20:37:00Z,VERY_ACTIVE,Fitbit App
2026-05-28T20:38:00Z,VERY_ACTIVE,Fitbit App
2026-05-28T20:39:00Z,VERY_ACTIVE,Fitbit App
2026-05-28T20:40:00Z,VERY_ACTIVE,Fitbit App
2026-05-28T20:41:00Z,MODERATELY_ACTIVE,Fitbit App
2026-05-28T20:42:00Z,MODERATELY_ACTIVE,Fitbit App
2026-05-28T20:43:00Z,LIGHTLY_ACTIVE,Fitbit App
2026-05-28T20:44:00Z,MODERATELY_ACTIVE,Fitbit App
2026-05-28T20:45:00Z,MODERATELY_ACTIVE,Fitbit App
2026-05-28T20:46:00Z,MODERATELY_ACTIVE,Fitbit App
2026-05-28T20:47:00Z,MODERATELY_ACTIVE,Fitbit App
2026-05-28T20:48:00Z,MODERATELY_ACTIVE,Fitbit App
2026-05-28T20:49:00Z,MODERATELY_ACTIVE,Fitbit App
2026-05-28T20:50:00Z,MODERATELY_ACTIVE,Fitbit App
2026-05-28T20:51:00Z,LIGHTLY_ACTIVE,Fitbit App
2026-05-28T20:52:00Z,SEDENTARY,Fitbit App
2026-05-28T20:53:00Z,SEDENTARY,Fitbit App
2026-05-28T20:54:00Z,SEDENTARY,Fitbit App
2026-05-28T20:55:00Z,SEDENTARY,Fitbit App
2026-05-28T20:56:00Z,SEDENTARY,Fitbit App
2026-05-28T20:57:00Z,SEDENTARY,Fitbit App
2026-05-28T20:58:00Z,SEDENTARY,Fitbit App
2026-05-28T20:59:00Z,SEDENTARY,Fitbit App
2026-05-28T21:00:00Z,SEDENTARY,Fitbit App
2026-05-28T21:01:00Z,SEDENTARY,Fitbit App
2026-05-28T21:02:00Z,SEDENTARY,Fitbit App
2026-05-28T21:03:00Z,SEDENTARY,Fitbit App
2026-05-28T21:04:00Z,SEDENTARY,Fitbit App
2026-05-28T21:05:00Z,LIGHTLY_ACTIVE,Fitbit App
2026-05-28T21:06:00Z,VERY_ACTIVE,Fitbit App
2026-05-28T21:07:00Z,MODERATELY_ACTIVE,Fitbit App
2026-05-28T21:08:00Z,MODERATELY_ACTIVE,Fitbit App
2026-05-28T21:09:00Z,VERY_ACTIVE,Fitbit App
2026-05-28T21:10:00Z,MODERATELY_ACTIVE,Fitbit App
2026-05-28T21:11:00Z,MODERATELY_ACTIVE,Fitbit App
2026-05-28T21:12:00Z,SEDENTARY,Fitbit App
2026-05-28T21:13:00Z,SEDENTARY,Fitbit App
2026-05-28T21:14:00Z,SEDENTARY,Fitbit App
2026-05-28T21:15:00Z,SEDENTARY,Fitbit App
2026-05-28T21:16:00Z,SEDENTARY,Fitbit App
2026-05-28T21:17:00Z,SEDENTARY,Fitbit App
2026-05-28T21:18:00Z,SEDENTARY,Fitbit App
2026-05-28T21:19:00Z,SEDENTARY,Fitbit App
2026-05-28T21:20:00Z,SEDENTARY,Fitbit App
2026-05-28T21:21:00Z,SEDENTARY,Fitbit App
2026-05-28T21:22:00Z,SEDENTARY,Fitbit App
2026-05-28T21:23:00Z,LIGHTLY_ACTIVE,Fitbit App
2026-05-28T21:24:00Z,LIGHTLY_ACTIVE,Fitbit App
2026-05-28T21:25:00Z,LIGHTLY_ACTIVE,Fitbit App
2026-05-28T21:26:00Z,LIGHTLY_ACTIVE,Fitbit App
2026-05-28T21:27:00Z,LIGHTLY_ACTIVE,Fitbit App
2026-05-28T21:28:00Z,LIGHTLY_ACTIVE,Fitbit App
2026-05-28T21:29:00Z,LIGHTLY_ACTIVE,Fitbit App
2026-05-28T21:30:00Z,SEDENTARY,Fitbit App
2026-05-28T21:31:00Z,LIGHTLY_ACTIVE,Fitbit App
2026-05-28T21:32:00Z,LIGHTLY_ACTIVE,Fitbit App
2026-05-28T21:33:00Z,LIGHTLY_ACTIVE,Fitbit App
2026-05-28T21:34:00Z,LIGHTLY_ACTIVE,Fitbit App
2026-05-28T21:35:00Z,SEDENTARY,Fitbit App
2026-05-28T21:36:00Z,LIGHTLY_ACTIVE,Fitbit App
2026-05-28T21:37:00Z,LIGHTLY_ACTIVE,Fitbit App
2026-05-28T21:38:00Z,LIGHTLY_ACTIVE,Fitbit App
2026-05-28T21:39:00Z,LIGHTLY_ACTIVE,Fitbit App
2026-05-28T21:40:00Z,LIGHTLY_ACTIVE,Fitbit App
2026-05-28T21:41:00Z,LIGHTLY_ACTIVE,Fitbit App
2026-05-28T21:42:00Z,LIGHTLY_ACTIVE,Fitbit App
2026-05-28T21:43:00Z,LIGHTLY_ACTIVE,Fitbit App
2026-05-28T21:44:00Z,LIGHTLY_ACTIVE,Fitbit App
2026-05-28T21:45:00Z,LIGHTLY_ACTIVE,Fitbit App
2026-05-28T21:46:00Z,SEDENTARY,Fitbit App
2026-05-28T21:47:00Z,SEDENTARY,Fitbit App
2026-05-28T21:48:00Z,LIGHTLY_ACTIVE,Fitbit App
2026-05-28T21:49:00Z,LIGHTLY_ACTIVE,Fitbit App
2026-05-28T21:50:00Z,LIGHTLY_ACTIVE,Fitbit App
2026-05-28T21:51:00Z,LIGHTLY_ACTIVE,Fitbit App
2026-05-28T21:52:00Z,SEDENTARY,Fitbit App
2026-05-28T21:53:00Z,LIGHTLY_ACTIVE,Fitbit App
2026-05-28T21:54:00Z,SEDENTARY,Fitbit App
2026-05-28T22:02:00Z,SEDENTARY,Fitbit App
2026-05-28T22:03:00Z,SEDENTARY,Fitbit App
2026-05-28T22:07:00Z,SEDENTARY,Fitbit App
2026-05-28T22:08:00Z,SEDENTARY,Fitbit App
2026-05-28T22:09:00Z,SEDENTARY,Fitbit App
2026-05-28T22:26:00Z,SEDENTARY,Fitbit App
2026-05-28T22:27:00Z,SEDENTARY,Fitbit App
2026-05-28T22:31:00Z,SEDENTARY,Fitbit App
2026-05-28T22:32:00Z,SEDENTARY,Fitbit App
2026-05-28T22:33:00Z,SEDENTARY,Fitbit App
2026-05-28T22:36:00Z,SEDENTARY,Fitbit App
2026-05-28T22:38:00Z,SEDENTARY,Fitbit App
2026-05-28T22:42:00Z,SEDENTARY,Fitbit App
2026-05-28T22:46:00Z,SEDENTARY,Fitbit App
2026-05-28T23:00:00Z,SEDENTARY,Fitbit App
2026-05-28T23:31:00Z,LIGHTLY_ACTIVE,Fitbit App
2026-05-28T23:32:00Z,SEDENTARY,Fitbit App
2026-05-28T23:33:00Z,SEDENTARY,Fitbit App
2026-05-29T01:25:00Z,SEDENTARY,Fitbit App
2026-05-29T02:08:00Z,SEDENTARY,Fitbit App
2026-05-29T02:53:00Z,SEDENTARY,Fitbit App
2026-05-29T03:02:00Z,SEDENTARY,Fitbit App
2026-05-29T03:20:00Z,SEDENTARY,Fitbit App
2026-05-29T03:25:00Z,SEDENTARY,Fitbit App
2026-05-29T03:39:00Z,SEDENTARY,Fitbit App
2026-05-29T03:48:00Z,SEDENTARY,Fitbit App
2026-05-29T03:56:00Z,SEDENTARY,Fitbit App
2026-05-29T05:14:00Z,SEDENTARY,Fitbit App
2026-05-29T05:23:00Z,LIGHTLY_ACTIVE,Fitbit App
2026-05-29T05:26:00Z,SEDENTARY,Fitbit App
2026-05-29T05:32:00Z,SEDENTARY,Fitbit App
2026-05-29T05:37:00Z,SEDENTARY,Fitbit App
2026-05-29T05:38:00Z,SEDENTARY,Fitbit App
2026-05-29T05:45:00Z,LIGHTLY_ACTIVE,Fitbit App
2026-05-29T05:46:00Z,LIGHTLY_ACTIVE,Fitbit App
2026-05-29T05:49:00Z,SEDENTARY,Fitbit App
2026-05-29T05:53:00Z,SEDENTARY,Fitbit App
2026-05-29T05:54:00Z,LIGHTLY_ACTIVE,Fitbit App
2026-05-29T05:55:00Z,LIGHTLY_ACTIVE,Fitbit App
2026-05-29T06:02:00Z,SEDENTARY,Fitbit App
2026-05-29T06:03:00Z,LIGHTLY_ACTIVE,Fitbit App
2026-05-29T06:04:00Z,LIGHTLY_ACTIVE,Fitbit App
2026-05-29T06:05:00Z,LIGHTLY_ACTIVE,Fitbit App
2026-05-29T06:06:00Z,LIGHTLY_ACTIVE,Fitbit App
2026-05-29T06:07:00Z,LIGHTLY_ACTIVE,Fitbit App
2026-05-29T06:08:00Z,SEDENTARY,Fitbit App
2026-05-29T06:09:00Z,LIGHTLY_ACTIVE,Fitbit App
2026-05-29T06:10:00Z,LIGHTLY_ACTIVE,Fitbit App
2026-05-29T06:11:00Z,SEDENTARY,Fitbit App
2026-05-29T06:12:00Z,SEDENTARY,Fitbit App
2026-05-29T06:13:00Z,LIGHTLY_ACTIVE,Fitbit App
2026-05-29T06:14:00Z,MODERATELY_ACTIVE,Fitbit App
2026-05-29T06:15:00Z,MODERATELY_ACTIVE,Fitbit App
2026-05-29T06:16:00Z,LIGHTLY_ACTIVE,Fitbit App
2026-05-29T06:17:00Z,LIGHTLY_ACTIVE,Fitbit App
2026-05-29T06:18:00Z,LIGHTLY_ACTIVE,Fitbit App
2026-05-29T06:19:00Z,MODERATELY_ACTIVE,Fitbit App
2026-05-29T06:20:00Z,LIGHTLY_ACTIVE,Fitbit App
2026-05-29T06:21:00Z,LIGHTLY_ACTIVE,Fitbit App
2026-05-29T06:22:00Z,LIGHTLY_ACTIVE,Fitbit App
2026-05-29T06:23:00Z,MODERATELY_ACTIVE,Fitbit App
2026-05-29T06:24:00Z,LIGHTLY_ACTIVE,Fitbit App
2026-05-29T06:25:00Z,MODERATELY_ACTIVE,Fitbit App
2026-05-29T06:26:00Z,MODERATELY_ACTIVE,Fitbit App
2026-05-29T06:27:00Z,VERY_ACTIVE,Fitbit App
2026-05-29T06:28:00Z,MODERATELY_ACTIVE,Fitbit App
2026-05-29T06:29:00Z,MODERATELY_ACTIVE,Fitbit App
2026-05-29T06:30:00Z,VERY_ACTIVE,Fitbit App
2026-05-29T06:31:00Z,VERY_ACTIVE,Fitbit App
2026-05-29T06:32:00Z,VERY_ACTIVE,Fitbit App
2026-05-29T06:33:00Z,VERY_ACTIVE,Fitbit App
2026-05-29T06:34:00Z,VERY_ACTIVE,Fitbit App
2026-05-29T06:35:00Z,VERY_ACTIVE,Fitbit App
2026-05-29T06:36:00Z,VERY_ACTIVE,Fitbit App
2026-05-29T06:37:00Z,VERY_ACTIVE,Fitbit App
2026-05-29T06:38:00Z,MODERATELY_ACTIVE,Fitbit App
2026-05-29T06:39:00Z,LIGHTLY_ACTIVE,Fitbit App
2026-05-29T06:40:00Z,SEDENTARY,Fitbit App
2026-05-29T06:41:00Z,SEDENTARY,Fitbit App
2026-05-29T06:42:00Z,SEDENTARY,Fitbit App
2026-05-29T06:43:00Z,LIGHTLY_ACTIVE,Fitbit App
2026-05-29T06:44:00Z,SEDENTARY,Fitbit App
2026-05-29T06:45:00Z,SEDENTARY,Fitbit App
2026-05-29T06:46:00Z,SEDENTARY,Fitbit App
2026-05-29T06:47:00Z,LIGHTLY_ACTIVE,Fitbit App
2026-05-29T06:48:00Z,LIGHTLY_ACTIVE,Fitbit App
2026-05-29T06:49:00Z,SEDENTARY,Fitbit App
2026-05-29T06:50:00Z,SEDENTARY,Fitbit App
2026-05-29T06:51:00Z,SEDENTARY,Fitbit App
2026-05-29T06:52:00Z,SEDENTARY,Fitbit App
2026-05-29T06:53:00Z,SEDENTARY,Fitbit App
2026-05-29T06:54:00Z,SEDENTARY,Fitbit App
2026-05-29T06:55:00Z,SEDENTARY,Fitbit App
2026-05-29T06:56:00Z,SEDENTARY,Fitbit App
2026-05-29T06:57:00Z,SEDENTARY,Fitbit App
2026-05-29T06:58:00Z,SEDENTARY,Fitbit App
2026-05-29T06:59:00Z,SEDENTARY,Fitbit App
2026-05-29T07:00:00Z,SEDENTARY,Fitbit App
2026-05-29T07:01:00Z,SEDENTARY,Fitbit App
2026-05-29T07:03:00Z,SEDENTARY,Fitbit App
2026-05-29T07:04:00Z,SEDENTARY,Fitbit App
2026-05-29T07:07:00Z,SEDENTARY,Fitbit App
2026-05-29T07:09:00Z,SEDENTARY,Fitbit App
2026-05-29T07:10:00Z,SEDENTARY,Fitbit App
2026-05-29T07:11:00Z,SEDENTARY,Fitbit App
2026-05-29T07:12:00Z,SEDENTARY,Fitbit App
2026-05-29T07:13:00Z,SEDENTARY,Fitbit App
2026-05-29T07:14:00Z,SEDENTARY,Fitbit App
2026-05-29T07:15:00Z,SEDENTARY,Fitbit App
2026-05-29T07:16:00Z,SEDENTARY,Fitbit App
2026-05-29T07:17:00Z,SEDENTARY,Fitbit App
2026-05-29T07:18:00Z,SEDENTARY,Fitbit App
2026-05-29T07:19:00Z,SEDENTARY,Fitbit App
2026-05-29T07:20:00Z,SEDENTARY,Fitbit App
2026-05-29T07:21:00Z,SEDENTARY,Fitbit App
2026-05-29T07:22:00Z,SEDENTARY,Fitbit App
2026-05-29T07:23:00Z,SEDENTARY,Fitbit App
2026-05-29T07:24:00Z,SEDENTARY,Fitbit App
2026-05-29T07:25:00Z,LIGHTLY_ACTIVE,Fitbit App
2026-05-29T07:26:00Z,LIGHTLY_ACTIVE,Fitbit App
2026-05-29T07:27:00Z,SEDENTARY,Fitbit App
2026-05-29T07:28:00Z,LIGHTLY_ACTIVE,Fitbit App
2026-05-29T07:29:00Z,MODERATELY_ACTIVE,Fitbit App
2026-05-29T07:30:00Z,LIGHTLY_ACTIVE,Fitbit App
2026-05-29T07:31:00Z,LIGHTLY_ACTIVE,Fitbit App
2026-05-29T07:32:00Z,SEDENTARY,Fitbit App
2026-05-29T07:33:00Z,SEDENTARY,Fitbit App
2026-05-29T07:34:00Z,SEDENTARY,Fitbit App
2026-05-29T07:35:00Z,SEDENTARY,Fitbit App
2026-05-29T07:36:00Z,SEDENTARY,Fitbit App
2026-05-29T07:37:00Z,SEDENTARY,Fitbit App
2026-05-29T07:38:00Z,SEDENTARY,Fitbit App
2026-05-29T07:39:00Z,MODERATELY_ACTIVE,Fitbit App
2026-05-29T07:40:00Z,LIGHTLY_ACTIVE,Fitbit App
2026-05-29T07:41:00Z,SEDENTARY,Fitbit App
2026-05-29T07:42:00Z,LIGHTLY_ACTIVE,Fitbit App
2026-05-29T07:43:00Z,SEDENTARY,Fitbit App
2026-05-29T07:44:00Z,LIGHTLY_ACTIVE,Fitbit App
2026-05-29T07:45:00Z,MODERATELY_ACTIVE,Fitbit App
2026-05-29T07:46:00Z,LIGHTLY_ACTIVE,Fitbit App
2026-05-29T07:47:00Z,LIGHTLY_ACTIVE,Fitbit App
2026-05-29T07:48:00Z,LIGHTLY_ACTIVE,Fitbit App
2026-05-29T07:50:00Z,SEDENTARY,Fitbit App
2026-05-29T07:51:00Z,SEDENTARY,Fitbit App
2026-05-29T07:52:00Z,SEDENTARY,Fitbit App
2026-05-29T07:53:00Z,SEDENTARY,Fitbit App
2026-05-29T07:54:00Z,SEDENTARY,Fitbit App
2026-05-29T07:55:00Z,SEDENTARY,Fitbit App
2026-05-29T07:56:00Z,SEDENTARY,Fitbit App
2026-05-29T07:57:00Z,MODERATELY_ACTIVE,Fitbit App
2026-05-29T07:58:00Z,MODERATELY_ACTIVE,Fitbit App
2026-05-29T07:59:00Z,VERY_ACTIVE,Fitbit App
2026-05-29T08:00:00Z,MODERATELY_ACTIVE,Fitbit App
2026-05-29T08:01:00Z,VERY_ACTIVE,Fitbit App
2026-05-29T08:02:00Z,MODERATELY_ACTIVE,Fitbit App
2026-05-29T08:03:00Z,VERY_ACTIVE,Fitbit App
2026-05-29T08:04:00Z,VERY_ACTIVE,Fitbit App
2026-05-29T08:05:00Z,LIGHTLY_ACTIVE,Fitbit App
2026-05-29T08:06:00Z,LIGHTLY_ACTIVE,Fitbit App
2026-05-29T08:07:00Z,SEDENTARY,Fitbit App
2026-05-29T08:08:00Z,SEDENTARY,Fitbit App
2026-05-29T08:09:00Z,SEDENTARY,Fitbit App
2026-05-29T08:10:00Z,SEDENTARY,Fitbit App
2026-05-29T08:11:00Z,SEDENTARY,Fitbit App
2026-05-29T08:12:00Z,SEDENTARY,Fitbit App
2026-05-29T08:13:00Z,SEDENTARY,Fitbit App
2026-05-29T08:14:00Z,SEDENTARY,Fitbit App
2026-05-29T08:15:00Z,SEDENTARY,Fitbit App
2026-05-29T08:16:00Z,SEDENTARY,Fitbit App
2026-05-29T08:17:00Z,SEDENTARY,Fitbit App
2026-05-29T08:18:00Z,SEDENTARY,Fitbit App
2026-05-29T08:19:00Z,SEDENTARY,Fitbit App
2026-05-29T08:20:00Z,LIGHTLY_ACTIVE,Fitbit App
2026-05-29T08:21:00Z,SEDENTARY,Fitbit App
2026-05-29T08:22:00Z,SEDENTARY,Fitbit App
2026-05-29T08:23:00Z,SEDENTARY,Fitbit App
2026-05-29T08:24:00Z,SEDENTARY,Fitbit App
2026-05-29T08:25:00Z,LIGHTLY_ACTIVE,Fitbit App
2026-05-29T08:26:00Z,VERY_ACTIVE,Fitbit App
2026-05-29T08:27:00Z,MODERATELY_ACTIVE,Fitbit App
2026-05-29T08:28:00Z,LIGHTLY_ACTIVE,Fitbit App
2026-05-29T08:29:00Z,SEDENTARY,Fitbit App
2026-05-29T08:30:00Z,SEDENTARY,Fitbit App
2026-05-29T08:31:00Z,LIGHTLY_ACTIVE,Fitbit App
2026-05-29T08:32:00Z,SEDENTARY,Fitbit App
2026-05-29T08:33:00Z,SEDENTARY,Fitbit App
2026-05-29T08:34:00Z,SEDENTARY,Fitbit App
2026-05-29T08:35:00Z,LIGHTLY_ACTIVE,Fitbit App
2026-05-29T08:36:00Z,SEDENTARY,Fitbit App
2026-05-29T08:37:00Z,SEDENTARY,Fitbit App
2026-05-29T08:38:00Z,SEDENTARY,Fitbit App
2026-05-29T08:41:00Z,SEDENTARY,Fitbit App
2026-05-29T08:42:00Z,SEDENTARY,Fitbit App
2026-05-29T08:43:00Z,SEDENTARY,Fitbit App
2026-05-29T08:44:00Z,SEDENTARY,Fitbit App
2026-05-29T08:45:00Z,LIGHTLY_ACTIVE,Fitbit App
2026-05-29T08:46:00Z,SEDENTARY,Fitbit App
2026-05-29T08:47:00Z,SEDENTARY,Fitbit App
2026-05-29T08:48:00Z,SEDENTARY,Fitbit App
2026-05-29T08:49:00Z,SEDENTARY,Fitbit App
2026-05-29T08:50:00Z,SEDENTARY,Fitbit App
2026-05-29T08:51:00Z,SEDENTARY,Fitbit App
2026-05-29T08:52:00Z,SEDENTARY,Fitbit App
2026-05-29T08:53:00Z,SEDENTARY,Fitbit App
2026-05-29T08:54:00Z,SEDENTARY,Fitbit App
2026-05-29T08:55:00Z,SEDENTARY,Fitbit App
2026-05-29T08:56:00Z,SEDENTARY,Fitbit App
2026-05-29T08:57:00Z,SEDENTARY,Fitbit App
2026-05-29T08:58:00Z,SEDENTARY,Fitbit App
2026-05-29T08:59:00Z,SEDENTARY,Fitbit App
2026-05-29T09:00:00Z,SEDENTARY,Fitbit App
2026-05-29T09:01:00Z,SEDENTARY,Fitbit App
2026-05-29T09:03:00Z,SEDENTARY,Fitbit App
2026-05-29T09:04:00Z,SEDENTARY,Fitbit App
2026-05-29T09:05:00Z,SEDENTARY,Fitbit App
2026-05-29T09:06:00Z,SEDENTARY,Fitbit App
2026-05-29T09:07:00Z,SEDENTARY,Fitbit App
2026-05-29T09:08:00Z,SEDENTARY,Fitbit App
2026-05-29T09:09:00Z,SEDENTARY,Fitbit App
2026-05-29T09:10:00Z,SEDENTARY,Fitbit App
2026-05-29T09:11:00Z,SEDENTARY,Fitbit App
2026-05-29T09:12:00Z,SEDENTARY,Fitbit App
2026-05-29T09:13:00Z,SEDENTARY,Fitbit App
2026-05-29T09:14:00Z,SEDENTARY,Fitbit App
2026-05-29T09:16:00Z,LIGHTLY_ACTIVE,Fitbit App
2026-05-29T09:17:00Z,LIGHTLY_ACTIVE,Fitbit App
2026-05-29T09:19:00Z,SEDENTARY,Fitbit App
2026-05-29T09:20:00Z,SEDENTARY,Fitbit App
2026-05-29T09:21:00Z,SEDENTARY,Fitbit App
2026-05-29T09:22:00Z,SEDENTARY,Fitbit App
2026-05-29T09:23:00Z,SEDENTARY,Fitbit App
2026-05-29T09:24:00Z,SEDENTARY,Fitbit App
2026-05-29T09:25:00Z,LIGHTLY_ACTIVE,Fitbit App
2026-05-29T09:26:00Z,SEDENTARY,Fitbit App
2026-05-29T09:27:00Z,SEDENTARY,Fitbit App
2026-05-29T09:28:00Z,SEDENTARY,Fitbit App
2026-05-29T09:29:00Z,SEDENTARY,Fitbit App
2026-05-29T09:30:00Z,LIGHTLY_ACTIVE,Fitbit App
2026-05-29T09:31:00Z,VERY_ACTIVE,Fitbit App
2026-05-29T09:32:00Z,MODERATELY_ACTIVE,Fitbit App
2026-05-29T09:33:00Z,MODERATELY_ACTIVE,Fitbit App
2026-05-29T09:34:00Z,MODERATELY_ACTIVE,Fitbit App
2026-05-29T09:35:00Z,VERY_ACTIVE,Fitbit App
2026-05-29T09:36:00Z,VERY_ACTIVE,Fitbit App
2026-05-29T09:37:00Z,VERY_ACTIVE,Fitbit App
2026-05-29T09:38:00Z,VERY_ACTIVE,Fitbit App
2026-05-29T09:39:00Z,VERY_ACTIVE,Fitbit App
2026-05-29T09:40:00Z,VERY_ACTIVE,Fitbit App
2026-05-29T09:41:00Z,VERY_ACTIVE,Fitbit App
2026-05-29T09:42:00Z,VERY_ACTIVE,Fitbit App
2026-05-29T09:43:00Z,VERY_ACTIVE,Fitbit App
2026-05-29T09:44:00Z,VERY_ACTIVE,Fitbit App
2026-05-29T09:45:00Z,VERY_ACTIVE,Fitbit App
2026-05-29T09:46:00Z,VERY_ACTIVE,Fitbit App
2026-05-29T09:47:00Z,VERY_ACTIVE,Fitbit App
2026-05-29T09:48:00Z,VERY_ACTIVE,Fitbit App
2026-05-29T09:49:00Z,VERY_ACTIVE,Fitbit App
2026-05-29T09:50:00Z,SEDENTARY,Fitbit App
2026-05-29T09:51:00Z,SEDENTARY,Fitbit App
2026-05-29T09:52:00Z,SEDENTARY,Fitbit App
2026-05-29T09:53:00Z,SEDENTARY,Fitbit App
2026-05-29T09:54:00Z,LIGHTLY_ACTIVE,Fitbit App
2026-05-29T09:55:00Z,SEDENTARY,Fitbit App
2026-05-29T09:56:00Z,SEDENTARY,Fitbit App
2026-05-29T09:57:00Z,SEDENTARY,Fitbit App
2026-05-29T09:58:00Z,MODERATELY_ACTIVE,Fitbit App
2026-05-29T09:59:00Z,MODERATELY_ACTIVE,Fitbit App
2026-05-29T10:00:00Z,MODERATELY_ACTIVE,Fitbit App
2026-05-29T10:01:00Z,MODERATELY_ACTIVE,Fitbit App
2026-05-29T10:02:00Z,MODERATELY_ACTIVE,Fitbit App
2026-05-29T10:03:00Z,VERY_ACTIVE,Fitbit App
2026-05-29T10:04:00Z,VERY_ACTIVE,Fitbit App
2026-05-29T10:05:00Z,VERY_ACTIVE,Fitbit App
2026-05-29T10:06:00Z,VERY_ACTIVE,Fitbit App
2026-05-29T10:07:00Z,LIGHTLY_ACTIVE,Fitbit App
2026-05-29T10:08:00Z,LIGHTLY_ACTIVE,Fitbit App
2026-05-29T10:09:00Z,LIGHTLY_ACTIVE,Fitbit App
2026-05-29T10:10:00Z,SEDENTARY,Fitbit App
2026-05-29T10:11:00Z,SEDENTARY,Fitbit App
2026-05-29T10:12:00Z,SEDENTARY,Fitbit App
2026-05-29T10:13:00Z,SEDENTARY,Fitbit App
2026-05-29T10:14:00Z,SEDENTARY,Fitbit App
2026-05-29T10:15:00Z,SEDENTARY,Fitbit App
2026-05-29T10:16:00Z,LIGHTLY_ACTIVE,Fitbit App
2026-05-29T10:17:00Z,MODERATELY_ACTIVE,Fitbit App
2026-05-29T10:18:00Z,VERY_ACTIVE,Fitbit App
2026-05-29T10:19:00Z,VERY_ACTIVE,Fitbit App
2026-05-29T10:20:00Z,MODERATELY_ACTIVE,Fitbit App
2026-05-29T10:21:00Z,LIGHTLY_ACTIVE,Fitbit App
2026-05-29T10:22:00Z,LIGHTLY_ACTIVE,Fitbit App
2026-05-29T10:23:00Z,LIGHTLY_ACTIVE,Fitbit App
2026-05-29T10:24:00Z,LIGHTLY_ACTIVE,Fitbit App
2026-05-29T10:25:00Z,SEDENTARY,Fitbit App
2026-05-29T10:26:00Z,SEDENTARY,Fitbit App
2026-05-29T10:27:00Z,SEDENTARY,Fitbit App
2026-05-29T10:28:00Z,SEDENTARY,Fitbit App
2026-05-29T10:29:00Z,SEDENTARY,Fitbit App
2026-05-29T10:30:00Z,SEDENTARY,Fitbit App
2026-05-29T10:31:00Z,SEDENTARY,Fitbit App
2026-05-29T10:32:00Z,SEDENTARY,Fitbit App
2026-05-29T10:33:00Z,SEDENTARY,Fitbit App
2026-05-29T10:34:00Z,SEDENTARY,Fitbit App
2026-05-29T10:35:00Z,SEDENTARY,Fitbit App
2026-05-29T10:36:00Z,SEDENTARY,Fitbit App
2026-05-29T10:37:00Z,SEDENTARY,Fitbit App
2026-05-29T10:38:00Z,SEDENTARY,Fitbit App
2026-05-29T10:39:00Z,SEDENTARY,Fitbit App
2026-05-29T10:40:00Z,SEDENTARY,Fitbit App
2026-05-29T10:41:00Z,SEDENTARY,Fitbit App
2026-05-29T10:42:00Z,SEDENTARY,Fitbit App
2026-05-29T10:43:00Z,SEDENTARY,Fitbit App
2026-05-29T10:44:00Z,SEDENTARY,Fitbit App
2026-05-29T10:45:00Z,SEDENTARY,Fitbit App
2026-05-29T10:46:00Z,SEDENTARY,Fitbit App
2026-05-29T10:47:00Z,SEDENTARY,Fitbit App
2026-05-29T10:48:00Z,SEDENTARY,Fitbit App
2026-05-29T10:49:00Z,SEDENTARY,Fitbit App
2026-05-29T10:50:00Z,SEDENTARY,Fitbit App
2026-05-29T10:51:00Z,SEDENTARY,Fitbit App
2026-05-29T10:52:00Z,SEDENTARY,Fitbit App
2026-05-29T10:53:00Z,SEDENTARY,Fitbit App
2026-05-29T10:54:00Z,SEDENTARY,Fitbit App
2026-05-29T10:55:00Z,SEDENTARY,Fitbit App
2026-05-29T10:56:00Z,SEDENTARY,Fitbit App
2026-05-29T10:57:00Z,SEDENTARY,Fitbit App
2026-05-29T10:58:00Z,SEDENTARY,Fitbit App
2026-05-29T10:59:00Z,SEDENTARY,Fitbit App
2026-05-29T11:00:00Z,SEDENTARY,Fitbit App
2026-05-29T11:01:00Z,SEDENTARY,Fitbit App
2026-05-29T11:02:00Z,SEDENTARY,Fitbit App
2026-05-29T11:03:00Z,SEDENTARY,Fitbit App
2026-05-29T11:04:00Z,SEDENTARY,Fitbit App
2026-05-29T11:05:00Z,SEDENTARY,Fitbit App
2026-05-29T11:06:00Z,SEDENTARY,Fitbit App
2026-05-29T11:07:00Z,LIGHTLY_ACTIVE,Fitbit App
2026-05-29T11:08:00Z,SEDENTARY,Fitbit App
2026-05-29T11:09:00Z,SEDENTARY,Fitbit App
2026-05-29T11:10:00Z,SEDENTARY,Fitbit App
2026-05-29T11:11:00Z,SEDENTARY,Fitbit App
2026-05-29T11:12:00Z,SEDENTARY,Fitbit App
2026-05-29T11:13:00Z,SEDENTARY,Fitbit App
2026-05-29T11:14:00Z,SEDENTARY,Fitbit App
2026-05-29T11:15:00Z,SEDENTARY,Fitbit App
2026-05-29T11:16:00Z,SEDENTARY,Fitbit App
2026-05-29T11:17:00Z,SEDENTARY,Fitbit App
2026-05-29T11:18:00Z,SEDENTARY,Fitbit App
2026-05-29T11:19:00Z,SEDENTARY,Fitbit App
2026-05-29T11:20:00Z,SEDENTARY,Fitbit App
2026-05-29T11:21:00Z,SEDENTARY,Fitbit App
2026-05-29T11:22:00Z,SEDENTARY,Fitbit App
2026-05-29T11:23:00Z,SEDENTARY,Fitbit App
2026-05-29T11:24:00Z,SEDENTARY,Fitbit App
2026-05-29T11:25:00Z,LIGHTLY_ACTIVE,Fitbit App
2026-05-29T11:26:00Z,LIGHTLY_ACTIVE,Fitbit App
2026-05-29T11:27:00Z,LIGHTLY_ACTIVE,Fitbit App
2026-05-29T11:28:00Z,LIGHTLY_ACTIVE,Fitbit App
2026-05-29T11:29:00Z,LIGHTLY_ACTIVE,Fitbit App
2026-05-29T11:30:00Z,LIGHTLY_ACTIVE,Fitbit App
2026-05-29T11:31:00Z,LIGHTLY_ACTIVE,Fitbit App
2026-05-29T11:32:00Z,LIGHTLY_ACTIVE,Fitbit App
2026-05-29T11:33:00Z,LIGHTLY_ACTIVE,Fitbit App
2026-05-29T11:34:00Z,LIGHTLY_ACTIVE,Fitbit App
2026-05-29T11:35:00Z,SEDENTARY,Fitbit App
2026-05-29T11:36:00Z,SEDENTARY,Fitbit App
2026-05-29T11:37:00Z,SEDENTARY,Fitbit App
2026-05-29T11:38:00Z,SEDENTARY,Fitbit App
2026-05-29T11:39:00Z,LIGHTLY_ACTIVE,Fitbit App
2026-05-29T11:40:00Z,LIGHTLY_ACTIVE,Fitbit App
2026-05-29T11:41:00Z,LIGHTLY_ACTIVE,Fitbit App
2026-05-29T11:42:00Z,LIGHTLY_ACTIVE,Fitbit App
2026-05-29T11:43:00Z,LIGHTLY_ACTIVE,Fitbit App
2026-05-29T11:44:00Z,LIGHTLY_ACTIVE,Fitbit App
2026-05-29T11:45:00Z,LIGHTLY_ACTIVE,Fitbit App
2026-05-29T11:46:00Z,LIGHTLY_ACTIVE,Fitbit App
2026-05-29T11:47:00Z,LIGHTLY_ACTIVE,Fitbit App
2026-05-29T11:48:00Z,LIGHTLY_ACTIVE,Fitbit App
2026-05-29T11:49:00Z,LIGHTLY_ACTIVE,Fitbit App
2026-05-29T11:50:00Z,LIGHTLY_ACTIVE,Fitbit App
2026-05-29T11:51:00Z,LIGHTLY_ACTIVE,Fitbit App
2026-05-29T11:52:00Z,MODERATELY_ACTIVE,Fitbit App
2026-05-29T11:53:00Z,LIGHTLY_ACTIVE,Fitbit App
2026-05-29T11:54:00Z,MODERATELY_ACTIVE,Fitbit App
2026-05-29T11:55:00Z,MODERATELY_ACTIVE,Fitbit App
2026-05-29T11:56:00Z,MODERATELY_ACTIVE,Fitbit App
2026-05-29T11:57:00Z,MODERATELY_ACTIVE,Fitbit App
2026-05-29T11:58:00Z,SEDENTARY,Fitbit App
2026-05-29T11:59:00Z,LIGHTLY_ACTIVE,Fitbit App
2026-05-29T12:00:00Z,SEDENTARY,Fitbit App
2026-05-29T12:01:00Z,SEDENTARY,Fitbit App
2026-05-29T12:02:00Z,LIGHTLY_ACTIVE,Fitbit App
2026-05-29T12:03:00Z,SEDENTARY,Fitbit App
2026-05-29T12:04:00Z,SEDENTARY,Fitbit App
2026-05-29T12:05:00Z,SEDENTARY,Fitbit App
2026-05-29T12:06:00Z,SEDENTARY,Fitbit App
2026-05-29T12:07:00Z,SEDENTARY,Fitbit App
2026-05-29T12:08:00Z,SEDENTARY,Fitbit App
2026-05-29T12:09:00Z,SEDENTARY,Fitbit App
2026-05-29T12:10:00Z,SEDENTARY,Fitbit App
2026-05-29T12:11:00Z,SEDENTARY,Fitbit App
2026-05-29T12:12:00Z,SEDENTARY,Fitbit App
2026-05-29T12:13:00Z,SEDENTARY,Fitbit App
2026-05-29T12:14:00Z,SEDENTARY,Fitbit App
2026-05-29T12:15:00Z,SEDENTARY,Fitbit App
2026-05-29T12:16:00Z,SEDENTARY,Fitbit App
2026-05-29T12:17:00Z,SEDENTARY,Fitbit App
2026-05-29T12:18:00Z,LIGHTLY_ACTIVE,Fitbit App
2026-05-29T12:19:00Z,SEDENTARY,Fitbit App
2026-05-29T12:20:00Z,SEDENTARY,Fitbit App
2026-05-29T12:21:00Z,SEDENTARY,Fitbit App
2026-05-29T12:22:00Z,SEDENTARY,Fitbit App
2026-05-29T12:23:00Z,SEDENTARY,Fitbit App
2026-05-29T12:24:00Z,SEDENTARY,Fitbit App
2026-05-29T12:25:00Z,SEDENTARY,Fitbit App
2026-05-29T12:26:00Z,SEDENTARY,Fitbit App
2026-05-29T12:27:00Z,SEDENTARY,Fitbit App
2026-05-29T12:28:00Z,SEDENTARY,Fitbit App
2026-05-29T12:29:00Z,SEDENTARY,Fitbit App
2026-05-29T12:30:00Z,LIGHTLY_ACTIVE,Fitbit App
2026-05-29T12:31:00Z,LIGHTLY_ACTIVE,Fitbit App
2026-05-29T12:32:00Z,SEDENTARY,Fitbit App
2026-05-29T12:33:00Z,LIGHTLY_ACTIVE,Fitbit App
2026-05-29T12:34:00Z,MODERATELY_ACTIVE,Fitbit App
2026-05-29T12:35:00Z,MODERATELY_ACTIVE,Fitbit App
2026-05-29T12:36:00Z,SEDENTARY,Fitbit App
2026-05-29T12:37:00Z,SEDENTARY,Fitbit App
2026-05-29T12:38:00Z,SEDENTARY,Fitbit App
2026-05-29T12:39:00Z,SEDENTARY,Fitbit App
2026-05-29T12:40:00Z,SEDENTARY,Fitbit App
2026-05-29T12:45:00Z,SEDENTARY,Fitbit App
2026-05-29T12:46:00Z,SEDENTARY,Fitbit App
2026-05-29T12:47:00Z,SEDENTARY,Fitbit App
2026-05-29T12:48:00Z,SEDENTARY,Fitbit App
2026-05-29T12:49:00Z,SEDENTARY,Fitbit App
2026-05-29T12:52:00Z,SEDENTARY,Fitbit App
2026-05-29T12:53:00Z,SEDENTARY,Fitbit App
2026-05-29T12:54:00Z,SEDENTARY,Fitbit App
2026-05-29T12:55:00Z,SEDENTARY,Fitbit App
2026-05-29T12:56:00Z,LIGHTLY_ACTIVE,Fitbit App
2026-05-29T12:57:00Z,LIGHTLY_ACTIVE,Fitbit App
2026-05-29T12:58:00Z,SEDENTARY,Fitbit App
2026-05-29T12:59:00Z,SEDENTARY,Fitbit App
2026-05-29T13:00:00Z,SEDENTARY,Fitbit App
2026-05-29T13:01:00Z,LIGHTLY_ACTIVE,Fitbit App
2026-05-29T13:02:00Z,SEDENTARY,Fitbit App
2026-05-29T13:03:00Z,SEDENTARY,Fitbit App
2026-05-29T13:04:00Z,SEDENTARY,Fitbit App
2026-05-29T13:05:00Z,SEDENTARY,Fitbit App
2026-05-29T13:06:00Z,SEDENTARY,Fitbit App
2026-05-29T13:07:00Z,SEDENTARY,Fitbit App
2026-05-29T13:08:00Z,SEDENTARY,Fitbit App
2026-05-29T13:09:00Z,SEDENTARY,Fitbit App
2026-05-29T13:10:00Z,SEDENTARY,Fitbit App
2026-05-29T13:11:00Z,SEDENTARY,Fitbit App
2026-05-29T13:12:00Z,SEDENTARY,Fitbit App
2026-05-29T13:13:00Z,SEDENTARY,Fitbit App
2026-05-29T13:14:00Z,SEDENTARY,Fitbit App
2026-05-29T13:15:00Z,LIGHTLY_ACTIVE,Fitbit App
2026-05-29T13:16:00Z,SEDENTARY,Fitbit App
2026-05-29T13:17:00Z,SEDENTARY,Fitbit App
2026-05-29T13:18:00Z,SEDENTARY,Fitbit App
2026-05-29T13:19:00Z,SEDENTARY,Fitbit App
2026-05-29T13:20:00Z,SEDENTARY,Fitbit App
2026-05-29T13:21:00Z,SEDENTARY,Fitbit App
2026-05-29T13:22:00Z,SEDENTARY,Fitbit App
2026-05-29T13:23:00Z,SEDENTARY,Fitbit App
2026-05-29T13:24:00Z,SEDENTARY,Fitbit App
2026-05-29T13:25:00Z,SEDENTARY,Fitbit App
2026-05-29T13:26:00Z,SEDENTARY,Fitbit App
2026-05-29T13:27:00Z,SEDENTARY,Fitbit App
2026-05-29T13:28:00Z,SEDENTARY,Fitbit App
2026-05-29T13:29:00Z,SEDENTARY,Fitbit App
2026-05-29T13:30:00Z,SEDENTARY,Fitbit App
2026-05-29T13:31:00Z,SEDENTARY,Fitbit App
2026-05-29T13:32:00Z,SEDENTARY,Fitbit App
2026-05-29T13:33:00Z,SEDENTARY,Fitbit App
2026-05-29T13:34:00Z,SEDENTARY,Fitbit App
2026-05-29T13:35:00Z,SEDENTARY,Fitbit App
2026-05-29T13:36:00Z,SEDENTARY,Fitbit App
2026-05-29T13:37:00Z,SEDENTARY,Fitbit App
2026-05-29T13:38:00Z,LIGHTLY_ACTIVE,Fitbit App
2026-05-29T13:39:00Z,SEDENTARY,Fitbit App
2026-05-29T13:40:00Z,LIGHTLY_ACTIVE,Fitbit App
2026-05-29T13:41:00Z,MODERATELY_ACTIVE,Fitbit App
2026-05-29T13:42:00Z,LIGHTLY_ACTIVE,Fitbit App
2026-05-29T13:43:00Z,SEDENTARY,Fitbit App
2026-05-29T13:44:00Z,SEDENTARY,Fitbit App
2026-05-29T13:45:00Z,SEDENTARY,Fitbit App
2026-05-29T13:46:00Z,SEDENTARY,Fitbit App
2026-05-29T13:47:00Z,SEDENTARY,Fitbit App
2026-05-29T13:48:00Z,SEDENTARY,Fitbit App
2026-05-29T13:49:00Z,SEDENTARY,Fitbit App
2026-05-29T13:50:00Z,SEDENTARY,Fitbit App
2026-05-29T13:51:00Z,SEDENTARY,Fitbit App
2026-05-29T13:52:00Z,SEDENTARY,Fitbit App
2026-05-29T13:53:00Z,SEDENTARY,Fitbit App
2026-05-29T13:54:00Z,SEDENTARY,Fitbit App
2026-05-29T13:55:00Z,SEDENTARY,Fitbit App
2026-05-29T13:56:00Z,SEDENTARY,Fitbit App
2026-05-29T13:59:00Z,SEDENTARY,Fitbit App
2026-05-29T14:00:00Z,SEDENTARY,Fitbit App
2026-05-29T14:01:00Z,LIGHTLY_ACTIVE,Fitbit App
2026-05-29T14:02:00Z,LIGHTLY_ACTIVE,Fitbit App
2026-05-29T14:03:00Z,SEDENTARY,Fitbit App
2026-05-29T14:04:00Z,SEDENTARY,Fitbit App
2026-05-29T14:05:00Z,SEDENTARY,Fitbit App
2026-05-29T14:06:00Z,LIGHTLY_ACTIVE,Fitbit App
2026-05-29T14:07:00Z,LIGHTLY_ACTIVE,Fitbit App
2026-05-29T14:08:00Z,LIGHTLY_ACTIVE,Fitbit App
2026-05-29T14:09:00Z,SEDENTARY,Fitbit App
2026-05-29T14:10:00Z,SEDENTARY,Fitbit App
2026-05-29T14:11:00Z,SEDENTARY,Fitbit App
2026-05-29T14:12:00Z,LIGHTLY_ACTIVE,Fitbit App
2026-05-29T14:13:00Z,LIGHTLY_ACTIVE,Fitbit App
2026-05-29T14:14:00Z,SEDENTARY,Fitbit App
2026-05-29T14:15:00Z,LIGHTLY_ACTIVE,Fitbit App
2026-05-29T14:16:00Z,LIGHTLY_ACTIVE,Fitbit App
2026-05-29T14:17:00Z,LIGHTLY_ACTIVE,Fitbit App
2026-05-29T14:18:00Z,SEDENTARY,Fitbit App
2026-05-29T14:19:00Z,SEDENTARY,Fitbit App
2026-05-29T14:20:00Z,SEDENTARY,Fitbit App
2026-05-29T14:21:00Z,SEDENTARY,Fitbit App
2026-05-29T14:22:00Z,SEDENTARY,Fitbit App
2026-05-29T14:24:00Z,SEDENTARY,Fitbit App
2026-05-29T14:25:00Z,SEDENTARY,Fitbit App
2026-05-29T14:26:00Z,SEDENTARY,Fitbit App
2026-05-29T14:27:00Z,SEDENTARY,Fitbit App
2026-05-29T14:28:00Z,SEDENTARY,Fitbit App
2026-05-29T14:30:00Z,SEDENTARY,Fitbit App
2026-05-29T14:31:00Z,SEDENTARY,Fitbit App
2026-05-29T14:33:00Z,SEDENTARY,Fitbit App
2026-05-29T14:34:00Z,SEDENTARY,Fitbit App
2026-05-29T14:35:00Z,SEDENTARY,Fitbit App
2026-05-29T14:36:00Z,SEDENTARY,Fitbit App
2026-05-29T14:37:00Z,SEDENTARY,Fitbit App
2026-05-29T14:38:00Z,SEDENTARY,Fitbit App
2026-05-29T14:39:00Z,SEDENTARY,Fitbit App
2026-05-29T14:40:00Z,SEDENTARY,Fitbit App
2026-05-29T14:41:00Z,SEDENTARY,Fitbit App
2026-05-29T14:42:00Z,SEDENTARY,Fitbit App
2026-05-29T14:43:00Z,SEDENTARY,Fitbit App
2026-05-29T14:44:00Z,SEDENTARY,Fitbit App
2026-05-29T14:45:00Z,SEDENTARY,Fitbit App
2026-05-29T14:47:00Z,SEDENTARY,Fitbit App
2026-05-29T14:48:00Z,SEDENTARY,Fitbit App
2026-05-29T14:49:00Z,SEDENTARY,Fitbit App
2026-05-29T14:51:00Z,SEDENTARY,Fitbit App
2026-05-29T14:52:00Z,SEDENTARY,Fitbit App
2026-05-29T14:53:00Z,SEDENTARY,Fitbit App
2026-05-29T14:54:00Z,SEDENTARY,Fitbit App
2026-05-29T14:55:00Z,SEDENTARY,Fitbit App
2026-05-29T14:56:00Z,SEDENTARY,Fitbit App
2026-05-29T14:57:00Z,SEDENTARY,Fitbit App
2026-05-29T14:58:00Z,SEDENTARY,Fitbit App
2026-05-29T14:59:00Z,SEDENTARY,Fitbit App
2026-05-29T15:00:00Z,SEDENTARY,Fitbit App
2026-05-29T15:01:00Z,SEDENTARY,Fitbit App
2026-05-29T15:02:00Z,SEDENTARY,Fitbit App
2026-05-29T15:03:00Z,SEDENTARY,Fitbit App
2026-05-29T15:04:00Z,SEDENTARY,Fitbit App
2026-05-29T15:05:00Z,SEDENTARY,Fitbit App
2026-05-29T15:06:00Z,SEDENTARY,Fitbit App
2026-05-29T15:07:00Z,SEDENTARY,Fitbit App
2026-05-29T15:08:00Z,SEDENTARY,Fitbit App
2026-05-29T15:09:00Z,SEDENTARY,Fitbit App
2026-05-29T15:10:00Z,LIGHTLY_ACTIVE,Fitbit App
2026-05-29T15:11:00Z,SEDENTARY,Fitbit App
2026-05-29T15:12:00Z,LIGHTLY_ACTIVE,Fitbit App
2026-05-29T15:13:00Z,SEDENTARY,Fitbit App
2026-05-29T15:14:00Z,SEDENTARY,Fitbit App
2026-05-29T15:15:00Z,MODERATELY_ACTIVE,Fitbit App
2026-05-29T15:16:00Z,VERY_ACTIVE,Fitbit App
2026-05-29T15:17:00Z,LIGHTLY_ACTIVE,Fitbit App
2026-05-29T15:18:00Z,SEDENTARY,Fitbit App
2026-05-29T15:19:00Z,SEDENTARY,Fitbit App
2026-05-29T15:20:00Z,SEDENTARY,Fitbit App
2026-05-29T15:21:00Z,SEDENTARY,Fitbit App
2026-05-29T15:22:00Z,LIGHTLY_ACTIVE,Fitbit App
2026-05-29T15:23:00Z,SEDENTARY,Fitbit App
2026-05-29T15:24:00Z,LIGHTLY_ACTIVE,Fitbit App
2026-05-29T15:25:00Z,LIGHTLY_ACTIVE,Fitbit App
2026-05-29T15:26:00Z,SEDENTARY,Fitbit App
2026-05-29T15:27:00Z,SEDENTARY,Fitbit App
2026-05-29T15:28:00Z,SEDENTARY,Fitbit App
2026-05-29T15:29:00Z,SEDENTARY,Fitbit App
2026-05-29T15:30:00Z,SEDENTARY,Fitbit App
2026-05-29T15:31:00Z,SEDENTARY,Fitbit App
2026-05-29T15:32:00Z,LIGHTLY_ACTIVE,Fitbit App
2026-05-29T15:33:00Z,SEDENTARY,Fitbit App
2026-05-29T15:34:00Z,LIGHTLY_ACTIVE,Fitbit App
2026-05-29T15:35:00Z,SEDENTARY,Fitbit App
2026-05-29T15:36:00Z,LIGHTLY_ACTIVE,Fitbit App
2026-05-29T15:37:00Z,LIGHTLY_ACTIVE,Fitbit App
2026-05-29T15:38:00Z,SEDENTARY,Fitbit App
2026-05-29T15:39:00Z,LIGHTLY_ACTIVE,Fitbit App
2026-05-29T15:40:00Z,LIGHTLY_ACTIVE,Fitbit App
2026-05-29T15:41:00Z,SEDENTARY,Fitbit App
2026-05-29T15:42:00Z,SEDENTARY,Fitbit App
2026-05-29T15:43:00Z,SEDENTARY,Fitbit App
2026-05-29T15:44:00Z,LIGHTLY_ACTIVE,Fitbit App
2026-05-29T15:45:00Z,MODERATELY_ACTIVE,Fitbit App
2026-05-29T15:46:00Z,LIGHTLY_ACTIVE,Fitbit App
2026-05-29T15:47:00Z,MODERATELY_ACTIVE,Fitbit App
2026-05-29T15:48:00Z,LIGHTLY_ACTIVE,Fitbit App
2026-05-29T15:49:00Z,SEDENTARY,Fitbit App
2026-05-29T15:50:00Z,SEDENTARY,Fitbit App
2026-05-29T15:51:00Z,SEDENTARY,Fitbit App
2026-05-29T15:52:00Z,SEDENTARY,Fitbit App
2026-05-29T15:53:00Z,SEDENTARY,Fitbit App
2026-05-29T15:54:00Z,SEDENTARY,Fitbit App
2026-05-29T15:55:00Z,SEDENTARY,Fitbit App
2026-05-29T15:56:00Z,SEDENTARY,Fitbit App
2026-05-29T15:57:00Z,SEDENTARY,Fitbit App
2026-05-29T15:58:00Z,SEDENTARY,Fitbit App
2026-05-29T15:59:00Z,SEDENTARY,Fitbit App
2026-05-29T16:00:00Z,SEDENTARY,Fitbit App
2026-05-29T16:01:00Z,SEDENTARY,Fitbit App
2026-05-29T16:02:00Z,SEDENTARY,Fitbit App
2026-05-29T16:03:00Z,SEDENTARY,Fitbit App
2026-05-29T16:04:00Z,LIGHTLY_ACTIVE,Fitbit App
2026-05-29T16:05:00Z,LIGHTLY_ACTIVE,Fitbit App
2026-05-29T16:06:00Z,LIGHTLY_ACTIVE,Fitbit App
2026-05-29T16:07:00Z,SEDENTARY,Fitbit App
2026-05-29T16:08:00Z,LIGHTLY_ACTIVE,Fitbit App
2026-05-29T16:09:00Z,LIGHTLY_ACTIVE,Fitbit App
2026-05-29T16:10:00Z,LIGHTLY_ACTIVE,Fitbit App
2026-05-29T16:11:00Z,LIGHTLY_ACTIVE,Fitbit App
2026-05-29T16:12:00Z,LIGHTLY_ACTIVE,Fitbit App
2026-05-29T16:13:00Z,LIGHTLY_ACTIVE,Fitbit App
2026-05-29T16:14:00Z,SEDENTARY,Fitbit App
2026-05-29T16:15:00Z,SEDENTARY,Fitbit App
2026-05-29T16:16:00Z,SEDENTARY,Fitbit App
2026-05-29T16:17:00Z,SEDENTARY,Fitbit App
2026-05-29T16:18:00Z,SEDENTARY,Fitbit App
2026-05-29T16:19:00Z,SEDENTARY,Fitbit App
2026-05-29T16:20:00Z,SEDENTARY,Fitbit App
2026-05-29T16:21:00Z,SEDENTARY,Fitbit App
2026-05-29T16:22:00Z,SEDENTARY,Fitbit App
2026-05-29T16:23:00Z,SEDENTARY,Fitbit App
2026-05-29T16:24:00Z,SEDENTARY,Fitbit App
2026-05-29T16:25:00Z,SEDENTARY,Fitbit App
2026-05-29T16:26:00Z,SEDENTARY,Fitbit App
2026-05-29T16:27:00Z,SEDENTARY,Fitbit App
2026-05-29T16:28:00Z,SEDENTARY,Fitbit App
2026-05-29T16:29:00Z,SEDENTARY,Fitbit App
2026-05-29T16:30:00Z,SEDENTARY,Fitbit App
2026-05-29T16:31:00Z,SEDENTARY,Fitbit App
2026-05-29T16:32:00Z,SEDENTARY,Fitbit App
2026-05-29T16:33:00Z,SEDENTARY,Fitbit App
2026-05-29T16:34:00Z,SEDENTARY,Fitbit App
2026-05-29T16:35:00Z,SEDENTARY,Fitbit App
2026-05-29T16:36:00Z,SEDENTARY,Fitbit App
2026-05-29T16:37:00Z,SEDENTARY,Fitbit App
2026-05-29T16:38:00Z,SEDENTARY,Fitbit App
2026-05-29T16:39:00Z,SEDENTARY,Fitbit App
2026-05-29T16:40:00Z,SEDENTARY,Fitbit App
2026-05-29T16:41:00Z,SEDENTARY,Fitbit App
2026-05-29T16:42:00Z,SEDENTARY,Fitbit App
2026-05-29T16:43:00Z,SEDENTARY,Fitbit App
2026-05-29T16:44:00Z,SEDENTARY,Fitbit App
2026-05-29T16:45:00Z,SEDENTARY,Fitbit App
2026-05-29T16:46:00Z,LIGHTLY_ACTIVE,Fitbit App
2026-05-29T16:47:00Z,LIGHTLY_ACTIVE,Fitbit App
2026-05-29T16:48:00Z,LIGHTLY_ACTIVE,Fitbit App
2026-05-29T16:49:00Z,LIGHTLY_ACTIVE,Fitbit App
2026-05-29T16:50:00Z,LIGHTLY_ACTIVE,Fitbit App
2026-05-29T16:51:00Z,LIGHTLY_ACTIVE,Fitbit App
2026-05-29T16:52:00Z,LIGHTLY_ACTIVE,Fitbit App
2026-05-29T16:53:00Z,LIGHTLY_ACTIVE,Fitbit App
2026-05-29T16:54:00Z,SEDENTARY,Fitbit App
2026-05-29T16:55:00Z,LIGHTLY_ACTIVE,Fitbit App
2026-05-29T16:56:00Z,SEDENTARY,Fitbit App
2026-05-29T16:57:00Z,SEDENTARY,Fitbit App
2026-05-29T16:58:00Z,SEDENTARY,Fitbit App
2026-05-29T16:59:00Z,SEDENTARY,Fitbit App
2026-05-29T17:00:00Z,SEDENTARY,Fitbit App
2026-05-29T17:01:00Z,SEDENTARY,Fitbit App
2026-05-29T17:02:00Z,LIGHTLY_ACTIVE,Fitbit App
2026-05-29T17:03:00Z,SEDENTARY,Fitbit App
2026-05-29T17:04:00Z,SEDENTARY,Fitbit App
2026-05-29T17:05:00Z,SEDENTARY,Fitbit App
2026-05-29T17:06:00Z,SEDENTARY,Fitbit App
2026-05-29T17:07:00Z,SEDENTARY,Fitbit App
2026-05-29T17:08:00Z,LIGHTLY_ACTIVE,Fitbit App
2026-05-29T17:09:00Z,SEDENTARY,Fitbit App
2026-05-29T17:10:00Z,LIGHTLY_ACTIVE,Fitbit App
2026-05-29T17:11:00Z,LIGHTLY_ACTIVE,Fitbit App
2026-05-29T17:12:00Z,SEDENTARY,Fitbit App
2026-05-29T17:13:00Z,SEDENTARY,Fitbit App
2026-05-29T17:14:00Z,SEDENTARY,Fitbit App
2026-05-29T17:15:00Z,LIGHTLY_ACTIVE,Fitbit App
2026-05-29T17:16:00Z,LIGHTLY_ACTIVE,Fitbit App
2026-05-29T17:17:00Z,MODERATELY_ACTIVE,Fitbit App
2026-05-29T17:18:00Z,LIGHTLY_ACTIVE,Fitbit App
2026-05-29T17:19:00Z,LIGHTLY_ACTIVE,Fitbit App
2026-05-29T17:20:00Z,LIGHTLY_ACTIVE,Fitbit App
2026-05-29T17:21:00Z,MODERATELY_ACTIVE,Fitbit App
2026-05-29T17:22:00Z,LIGHTLY_ACTIVE,Fitbit App
2026-05-29T17:23:00Z,SEDENTARY,Fitbit App
2026-05-29T17:24:00Z,LIGHTLY_ACTIVE,Fitbit App
2026-05-29T17:25:00Z,MODERATELY_ACTIVE,Fitbit App
2026-05-29T17:26:00Z,SEDENTARY,Fitbit App
2026-05-29T17:27:00Z,MODERATELY_ACTIVE,Fitbit App
2026-05-29T17:28:00Z,MODERATELY_ACTIVE,Fitbit App
2026-05-29T17:29:00Z,MODERATELY_ACTIVE,Fitbit App
2026-05-29T17:30:00Z,MODERATELY_ACTIVE,Fitbit App
2026-05-29T17:31:00Z,LIGHTLY_ACTIVE,Fitbit App
2026-05-29T17:32:00Z,MODERATELY_ACTIVE,Fitbit App
2026-05-29T17:33:00Z,LIGHTLY_ACTIVE,Fitbit App
2026-05-29T17:34:00Z,SEDENTARY,Fitbit App
2026-05-29T17:35:00Z,SEDENTARY,Fitbit App
2026-05-29T17:36:00Z,SEDENTARY,Fitbit App
2026-05-29T17:37:00Z,LIGHTLY_ACTIVE,Fitbit App
2026-05-29T17:38:00Z,MODERATELY_ACTIVE,Fitbit App
2026-05-29T17:39:00Z,MODERATELY_ACTIVE,Fitbit App
2026-05-29T17:40:00Z,LIGHTLY_ACTIVE,Fitbit App
2026-05-29T17:41:00Z,LIGHTLY_ACTIVE,Fitbit App
2026-05-29T17:42:00Z,LIGHTLY_ACTIVE,Fitbit App
2026-05-29T17:43:00Z,LIGHTLY_ACTIVE,Fitbit App
2026-05-29T17:44:00Z,LIGHTLY_ACTIVE,Fitbit App
2026-05-29T17:45:00Z,VERY_ACTIVE,Fitbit App
2026-05-29T17:46:00Z,VERY_ACTIVE,Fitbit App
2026-05-29T17:47:00Z,LIGHTLY_ACTIVE,Fitbit App
2026-05-29T17:48:00Z,MODERATELY_ACTIVE,Fitbit App
2026-05-29T17:49:00Z,LIGHTLY_ACTIVE,Fitbit App
2026-05-29T17:50:00Z,LIGHTLY_ACTIVE,Fitbit App
2026-05-29T17:51:00Z,LIGHTLY_ACTIVE,Fitbit App
2026-05-29T17:52:00Z,LIGHTLY_ACTIVE,Fitbit App
2026-05-29T17:53:00Z,SEDENTARY,Fitbit App
2026-05-29T17:54:00Z,SEDENTARY,Fitbit App
2026-05-29T17:55:00Z,LIGHTLY_ACTIVE,Fitbit App
2026-05-29T17:56:00Z,LIGHTLY_ACTIVE,Fitbit App
2026-05-29T17:57:00Z,SEDENTARY,Fitbit App
2026-05-29T17:58:00Z,SEDENTARY,Fitbit App
2026-05-29T17:59:00Z,SEDENTARY,Fitbit App
2026-05-29T18:00:00Z,SEDENTARY,Fitbit App
2026-05-29T18:01:00Z,SEDENTARY,Fitbit App
2026-05-29T18:02:00Z,SEDENTARY,Fitbit App
2026-05-29T18:03:00Z,LIGHTLY_ACTIVE,Fitbit App
2026-05-29T18:04:00Z,MODERATELY_ACTIVE,Fitbit App
2026-05-29T18:05:00Z,MODERATELY_ACTIVE,Fitbit App
2026-05-29T18:06:00Z,LIGHTLY_ACTIVE,Fitbit App
2026-05-29T18:07:00Z,MODERATELY_ACTIVE,Fitbit App
2026-05-29T18:08:00Z,MODERATELY_ACTIVE,Fitbit App
2026-05-29T18:09:00Z,SEDENTARY,Fitbit App
2026-05-29T18:10:00Z,SEDENTARY,Fitbit App
2026-05-29T18:11:00Z,LIGHTLY_ACTIVE,Fitbit App
2026-05-29T18:12:00Z,MODERATELY_ACTIVE,Fitbit App
2026-05-29T18:13:00Z,VERY_ACTIVE,Fitbit App
2026-05-29T18:14:00Z,MODERATELY_ACTIVE,Fitbit App
2026-05-29T18:15:00Z,MODERATELY_ACTIVE,Fitbit App
2026-05-29T18:16:00Z,VERY_ACTIVE,Fitbit App
2026-05-29T18:17:00Z,VERY_ACTIVE,Fitbit App
2026-05-29T18:18:00Z,MODERATELY_ACTIVE,Fitbit App
2026-05-29T18:19:00Z,MODERATELY_ACTIVE,Fitbit App
2026-05-29T18:20:00Z,MODERATELY_ACTIVE,Fitbit App
2026-05-29T18:21:00Z,MODERATELY_ACTIVE,Fitbit App
2026-05-29T18:22:00Z,MODERATELY_ACTIVE,Fitbit App
2026-05-29T18:23:00Z,MODERATELY_ACTIVE,Fitbit App
2026-05-29T18:24:00Z,MODERATELY_ACTIVE,Fitbit App
2026-05-29T18:25:00Z,MODERATELY_ACTIVE,Fitbit App
2026-05-29T18:26:00Z,MODERATELY_ACTIVE,Fitbit App
2026-05-29T18:27:00Z,VERY_ACTIVE,Fitbit App
2026-05-29T18:28:00Z,MODERATELY_ACTIVE,Fitbit App
2026-05-29T18:29:00Z,MODERATELY_ACTIVE,Fitbit App
2026-05-29T18:30:00Z,MODERATELY_ACTIVE,Fitbit App
2026-05-29T18:31:00Z,MODERATELY_ACTIVE,Fitbit App
2026-05-29T18:32:00Z,MODERATELY_ACTIVE,Fitbit App
2026-05-29T18:33:00Z,MODERATELY_ACTIVE,Fitbit App
2026-05-29T18:34:00Z,MODERATELY_ACTIVE,Fitbit App
2026-05-29T18:35:00Z,MODERATELY_ACTIVE,Fitbit App
2026-05-29T18:36:00Z,LIGHTLY_ACTIVE,Fitbit App
2026-05-29T18:37:00Z,SEDENTARY,Fitbit App
2026-05-29T18:38:00Z,SEDENTARY,Fitbit App
2026-05-29T18:39:00Z,SEDENTARY,Fitbit App
2026-05-29T18:40:00Z,SEDENTARY,Fitbit App
2026-05-29T18:41:00Z,SEDENTARY,Fitbit App
2026-05-29T18:42:00Z,LIGHTLY_ACTIVE,Fitbit App
2026-05-29T18:43:00Z,MODERATELY_ACTIVE,Fitbit App
2026-05-29T18:44:00Z,MODERATELY_ACTIVE,Fitbit App
2026-05-29T18:45:00Z,MODERATELY_ACTIVE,Fitbit App
2026-05-29T18:46:00Z,VERY_ACTIVE,Fitbit App
2026-05-29T18:47:00Z,VERY_ACTIVE,Fitbit App
2026-05-29T18:48:00Z,VERY_ACTIVE,Fitbit App
2026-05-29T18:49:00Z,VERY_ACTIVE,Fitbit App
2026-05-29T18:50:00Z,VERY_ACTIVE,Fitbit App
2026-05-29T18:51:00Z,VERY_ACTIVE,Fitbit App
2026-05-29T18:52:00Z,VERY_ACTIVE,Fitbit App
2026-05-29T18:53:00Z,VERY_ACTIVE,Fitbit App
2026-05-29T18:54:00Z,VERY_ACTIVE,Fitbit App
2026-05-29T18:55:00Z,VERY_ACTIVE,Fitbit App
2026-05-29T18:56:00Z,VERY_ACTIVE,Fitbit App
2026-05-29T18:57:00Z,MODERATELY_ACTIVE,Fitbit App
2026-05-29T18:58:00Z,VERY_ACTIVE,Fitbit App
2026-05-29T18:59:00Z,MODERATELY_ACTIVE,Fitbit App
2026-05-29T19:00:00Z,SEDENTARY,Fitbit App
2026-05-29T19:01:00Z,SEDENTARY,Fitbit App
2026-05-29T19:02:00Z,SEDENTARY,Fitbit App
2026-05-29T19:03:00Z,SEDENTARY,Fitbit App
2026-05-29T19:04:00Z,SEDENTARY,Fitbit App
2026-05-29T19:05:00Z,SEDENTARY,Fitbit App
2026-05-29T19:06:00Z,SEDENTARY,Fitbit App
2026-05-29T19:07:00Z,SEDENTARY,Fitbit App
2026-05-29T19:08:00Z,SEDENTARY,Fitbit App
2026-05-29T19:09:00Z,SEDENTARY,Fitbit App
2026-05-29T19:10:00Z,SEDENTARY,Fitbit App
2026-05-29T19:11:00Z,LIGHTLY_ACTIVE,Fitbit App
2026-05-29T19:12:00Z,LIGHTLY_ACTIVE,Fitbit App
2026-05-29T19:13:00Z,MODERATELY_ACTIVE,Fitbit App
2026-05-29T19:14:00Z,MODERATELY_ACTIVE,Fitbit App
2026-05-29T19:15:00Z,MODERATELY_ACTIVE,Fitbit App
2026-05-29T19:16:00Z,MODERATELY_ACTIVE,Fitbit App
2026-05-29T19:17:00Z,MODERATELY_ACTIVE,Fitbit App
2026-05-29T19:18:00Z,MODERATELY_ACTIVE,Fitbit App
2026-05-29T19:19:00Z,MODERATELY_ACTIVE,Fitbit App
2026-05-29T19:20:00Z,MODERATELY_ACTIVE,Fitbit App
2026-05-29T19:21:00Z,LIGHTLY_ACTIVE,Fitbit App
2026-05-29T19:22:00Z,MODERATELY_ACTIVE,Fitbit App
2026-05-29T19:23:00Z,MODERATELY_ACTIVE,Fitbit App
2026-05-29T19:24:00Z,MODERATELY_ACTIVE,Fitbit App
2026-05-29T19:25:00Z,SEDENTARY,Fitbit App
2026-05-29T19:26:00Z,SEDENTARY,Fitbit App
2026-05-29T19:27:00Z,MODERATELY_ACTIVE,Fitbit App
2026-05-29T19:28:00Z,MODERATELY_ACTIVE,Fitbit App
2026-05-29T19:29:00Z,MODERATELY_ACTIVE,Fitbit App
2026-05-29T19:30:00Z,LIGHTLY_ACTIVE,Fitbit App
2026-05-29T19:31:00Z,LIGHTLY_ACTIVE,Fitbit App
2026-05-29T19:32:00Z,LIGHTLY_ACTIVE,Fitbit App
2026-05-29T19:33:00Z,SEDENTARY,Fitbit App
2026-05-29T19:34:00Z,MODERATELY_ACTIVE,Fitbit App
2026-05-29T19:35:00Z,LIGHTLY_ACTIVE,Fitbit App
2026-05-29T19:36:00Z,SEDENTARY,Fitbit App
2026-05-29T19:37:00Z,SEDENTARY,Fitbit App
2026-05-29T19:38:00Z,SEDENTARY,Fitbit App
2026-05-29T19:39:00Z,LIGHTLY_ACTIVE,Fitbit App
2026-05-29T19:40:00Z,LIGHTLY_ACTIVE,Fitbit App
2026-05-29T19:41:00Z,MODERATELY_ACTIVE,Fitbit App
2026-05-29T19:42:00Z,MODERATELY_ACTIVE,Fitbit App
2026-05-29T19:43:00Z,MODERATELY_ACTIVE,Fitbit App
2026-05-29T19:44:00Z,MODERATELY_ACTIVE,Fitbit App
2026-05-29T19:45:00Z,MODERATELY_ACTIVE,Fitbit App
2026-05-29T19:46:00Z,MODERATELY_ACTIVE,Fitbit App
2026-05-29T19:47:00Z,MODERATELY_ACTIVE,Fitbit App
2026-05-29T19:48:00Z,MODERATELY_ACTIVE,Fitbit App
2026-05-29T19:49:00Z,MODERATELY_ACTIVE,Fitbit App
2026-05-29T19:50:00Z,MODERATELY_ACTIVE,Fitbit App
2026-05-29T19:51:00Z,MODERATELY_ACTIVE,Fitbit App
2026-05-29T19:52:00Z,MODERATELY_ACTIVE,Fitbit App
2026-05-29T19:53:00Z,MODERATELY_ACTIVE,Fitbit App
2026-05-29T19:54:00Z,MODERATELY_ACTIVE,Fitbit App
2026-05-29T19:55:00Z,MODERATELY_ACTIVE,Fitbit App
2026-05-29T19:56:00Z,MODERATELY_ACTIVE,Fitbit App
2026-05-29T19:57:00Z,MODERATELY_ACTIVE,Fitbit App
2026-05-29T19:58:00Z,SEDENTARY,Fitbit App
2026-05-29T19:59:00Z,SEDENTARY,Fitbit App
2026-05-29T20:00:00Z,SEDENTARY,Fitbit App
2026-05-29T20:01:00Z,SEDENTARY,Fitbit App
2026-05-29T20:02:00Z,MODERATELY_ACTIVE,Fitbit App
2026-05-29T20:03:00Z,LIGHTLY_ACTIVE,Fitbit App
2026-05-29T20:04:00Z,SEDENTARY,Fitbit App
2026-05-29T20:05:00Z,MODERATELY_ACTIVE,Fitbit App
2026-05-29T20:06:00Z,LIGHTLY_ACTIVE,Fitbit App
2026-05-29T20:07:00Z,SEDENTARY,Fitbit App
2026-05-29T20:08:00Z,SEDENTARY,Fitbit App
2026-05-29T20:09:00Z,SEDENTARY,Fitbit App
2026-05-29T20:10:00Z,SEDENTARY,Fitbit App
2026-05-29T20:11:00Z,SEDENTARY,Fitbit App
2026-05-29T20:12:00Z,SEDENTARY,Fitbit App
2026-05-29T20:13:00Z,SEDENTARY,Fitbit App
2026-05-29T20:18:00Z,SEDENTARY,Fitbit App
2026-05-29T20:19:00Z,SEDENTARY,Fitbit App
2026-05-29T20:24:00Z,SEDENTARY,Fitbit App
2026-05-29T20:25:00Z,SEDENTARY,Fitbit App
2026-05-29T20:26:00Z,SEDENTARY,Fitbit App
2026-05-29T20:27:00Z,SEDENTARY,Fitbit App
2026-05-29T20:28:00Z,LIGHTLY_ACTIVE,Fitbit App
2026-05-29T20:30:00Z,SEDENTARY,Fitbit App
2026-05-29T20:33:00Z,SEDENTARY,Fitbit App
2026-05-29T20:34:00Z,SEDENTARY,Fitbit App
2026-05-29T20:35:00Z,SEDENTARY,Fitbit App
2026-05-29T20:36:00Z,SEDENTARY,Fitbit App
2026-05-29T20:37:00Z,SEDENTARY,Fitbit App
2026-05-29T20:43:00Z,SEDENTARY,Fitbit App
2026-05-29T20:52:00Z,SEDENTARY,Fitbit App
2026-05-29T20:58:00Z,SEDENTARY,Fitbit App
2026-05-29T21:00:00Z,LIGHTLY_ACTIVE,Fitbit App
2026-05-29T21:01:00Z,LIGHTLY_ACTIVE,Fitbit App
2026-05-29T21:02:00Z,SEDENTARY,Fitbit App
2026-05-29T21:03:00Z,SEDENTARY,Fitbit App
2026-05-29T21:04:00Z,SEDENTARY,Fitbit App
2026-05-29T21:05:00Z,SEDENTARY,Fitbit App
2026-05-29T21:06:00Z,LIGHTLY_ACTIVE,Fitbit App
2026-05-29T21:07:00Z,LIGHTLY_ACTIVE,Fitbit App
2026-05-29T21:08:00Z,LIGHTLY_ACTIVE,Fitbit App
2026-05-29T21:09:00Z,LIGHTLY_ACTIVE,Fitbit App
2026-05-29T21:10:00Z,LIGHTLY_ACTIVE,Fitbit App
2026-05-29T21:11:00Z,LIGHTLY_ACTIVE,Fitbit App
2026-05-29T21:12:00Z,LIGHTLY_ACTIVE,Fitbit App
2026-05-29T21:13:00Z,LIGHTLY_ACTIVE,Fitbit App
2026-05-29T21:14:00Z,MODERATELY_ACTIVE,Fitbit App
2026-05-29T21:15:00Z,LIGHTLY_ACTIVE,Fitbit App
2026-05-29T21:17:00Z,SEDENTARY,Fitbit App
2026-05-29T21:18:00Z,SEDENTARY,Fitbit App
2026-05-29T21:21:00Z,LIGHTLY_ACTIVE,Fitbit App
2026-05-29T21:30:00Z,SEDENTARY,Fitbit App
2026-05-29T21:35:00Z,SEDENTARY,Fitbit App
2026-05-29T21:36:00Z,SEDENTARY,Fitbit App
2026-05-29T21:37:00Z,SEDENTARY,Fitbit App
2026-05-29T21:39:00Z,SEDENTARY,Fitbit App
2026-05-29T21:42:00Z,SEDENTARY,Fitbit App
2026-05-29T21:43:00Z,LIGHTLY_ACTIVE,Fitbit App
2026-05-29T21:44:00Z,LIGHTLY_ACTIVE,Fitbit App
2026-05-29T21:45:00Z,LIGHTLY_ACTIVE,Fitbit App
2026-05-29T21:46:00Z,LIGHTLY_ACTIVE,Fitbit App
2026-05-29T21:47:00Z,LIGHTLY_ACTIVE,Fitbit App
2026-05-29T21:48:00Z,SEDENTARY,Fitbit App
2026-05-29T21:49:00Z,LIGHTLY_ACTIVE,Fitbit App
2026-05-29T21:50:00Z,LIGHTLY_ACTIVE,Fitbit App
2026-05-29T21:51:00Z,LIGHTLY_ACTIVE,Fitbit App
2026-05-29T21:52:00Z,LIGHTLY_ACTIVE,Fitbit App
2026-05-29T21:53:00Z,SEDENTARY,Fitbit App
2026-05-29T21:56:00Z,LIGHTLY_ACTIVE,Fitbit App
2026-05-29T21:57:00Z,LIGHTLY_ACTIVE,Fitbit App
2026-05-29T21:58:00Z,SEDENTARY,Fitbit App
2026-05-29T21:59:00Z,LIGHTLY_ACTIVE,Fitbit App
2026-05-29T22:00:00Z,LIGHTLY_ACTIVE,Fitbit App
2026-05-29T22:01:00Z,LIGHTLY_ACTIVE,Fitbit App
2026-05-29T22:02:00Z,LIGHTLY_ACTIVE,Fitbit App
2026-05-29T22:07:00Z,SEDENTARY,Fitbit App
2026-05-29T22:16:00Z,SEDENTARY,Fitbit App
2026-05-29T22:24:00Z,SEDENTARY,Fitbit App
2026-05-29T22:25:00Z,LIGHTLY_ACTIVE,Fitbit App
2026-05-29T22:44:00Z,SEDENTARY,Fitbit App
2026-05-29T22:50:00Z,SEDENTARY,Fitbit App
2026-05-29T22:51:00Z,SEDENTARY,Fitbit App
2026-05-29T23:14:00Z,SEDENTARY,Fitbit App
2026-05-29T23:15:00Z,LIGHTLY_ACTIVE,Fitbit App
2026-05-29T23:20:00Z,SEDENTARY,Fitbit App
2026-05-30T00:07:00Z,SEDENTARY,Fitbit App
2026-05-30T01:26:00Z,SEDENTARY,Fitbit App
2026-05-30T01:36:00Z,SEDENTARY,Fitbit App
2026-05-30T01:55:00Z,SEDENTARY,Fitbit App
2026-05-30T02:24:00Z,SEDENTARY,Fitbit App
2026-05-30T03:21:00Z,SEDENTARY,Fitbit App
2026-05-30T03:55:00Z,SEDENTARY,Fitbit App
2026-05-30T04:32:00Z,LIGHTLY_ACTIVE,Fitbit App
2026-05-30T04:37:00Z,SEDENTARY,Fitbit App
2026-05-30T04:44:00Z,SEDENTARY,Fitbit App
2026-05-30T04:52:00Z,SEDENTARY,Fitbit App
2026-05-30T04:56:00Z,SEDENTARY,Fitbit App
2026-05-30T05:23:00Z,SEDENTARY,Fitbit App
2026-05-30T06:17:00Z,SEDENTARY,Fitbit App
2026-05-30T06:25:00Z,SEDENTARY,Fitbit App
2026-05-30T06:35:00Z,SEDENTARY,Fitbit App
2026-05-30T06:42:00Z,SEDENTARY,Fitbit App
2026-05-30T06:44:00Z,SEDENTARY,Fitbit App
2026-05-30T06:48:00Z,SEDENTARY,Fitbit App
2026-05-30T06:55:00Z,SEDENTARY,Fitbit App
2026-05-30T06:58:00Z,LIGHTLY_ACTIVE,Fitbit App
2026-05-30T07:02:00Z,SEDENTARY,Fitbit App
2026-05-30T07:10:00Z,SEDENTARY,Fitbit App
2026-05-30T07:11:00Z,SEDENTARY,Fitbit App
2026-05-30T07:16:00Z,SEDENTARY,Fitbit App
2026-05-30T07:23:00Z,SEDENTARY,Fitbit App
2026-05-30T07:32:00Z,SEDENTARY,Fitbit App
2026-05-30T07:36:00Z,SEDENTARY,Fitbit App
2026-05-30T07:37:00Z,SEDENTARY,Fitbit App
2026-05-30T07:38:00Z,SEDENTARY,Fitbit App
2026-05-30T07:41:00Z,SEDENTARY,Fitbit App
2026-05-30T07:44:00Z,SEDENTARY,Fitbit App
2026-05-30T07:46:00Z,SEDENTARY,Fitbit App
2026-05-30T07:50:00Z,SEDENTARY,Fitbit App
2026-05-30T07:52:00Z,SEDENTARY,Fitbit App
2026-05-30T07:53:00Z,SEDENTARY,Fitbit App
2026-05-30T07:54:00Z,SEDENTARY,Fitbit App
2026-05-30T07:55:00Z,SEDENTARY,Fitbit App
2026-05-30T07:56:00Z,LIGHTLY_ACTIVE,Fitbit App
2026-05-30T07:57:00Z,LIGHTLY_ACTIVE,Fitbit App
2026-05-30T08:03:00Z,SEDENTARY,Fitbit App
2026-05-30T08:06:00Z,SEDENTARY,Fitbit App
2026-05-30T08:07:00Z,SEDENTARY,Fitbit App
2026-05-30T08:08:00Z,SEDENTARY,Fitbit App
2026-05-30T08:09:00Z,LIGHTLY_ACTIVE,Fitbit App
2026-05-30T08:10:00Z,MODERATELY_ACTIVE,Fitbit App
2026-05-30T08:11:00Z,MODERATELY_ACTIVE,Fitbit App
2026-05-30T08:12:00Z,SEDENTARY,Fitbit App
2026-05-30T08:17:00Z,SEDENTARY,Fitbit App
2026-05-30T08:26:00Z,SEDENTARY,Fitbit App
2026-05-30T08:33:00Z,SEDENTARY,Fitbit App
2026-05-30T08:34:00Z,SEDENTARY,Fitbit App
2026-05-30T08:38:00Z,SEDENTARY,Fitbit App
2026-05-30T08:39:00Z,SEDENTARY,Fitbit App
2026-05-30T08:41:00Z,SEDENTARY,Fitbit App
2026-05-30T08:50:00Z,SEDENTARY,Fitbit App
2026-05-30T08:51:00Z,SEDENTARY,Fitbit App
2026-05-30T08:52:00Z,SEDENTARY,Fitbit App
2026-05-30T08:53:00Z,SEDENTARY,Fitbit App
2026-05-30T08:54:00Z,SEDENTARY,Fitbit App
2026-05-30T08:55:00Z,LIGHTLY_ACTIVE,Fitbit App
2026-05-30T08:56:00Z,VERY_ACTIVE,Fitbit App
2026-05-30T08:57:00Z,SEDENTARY,Fitbit App
2026-05-30T09:01:00Z,SEDENTARY,Fitbit App
2026-05-30T09:02:00Z,LIGHTLY_ACTIVE,Fitbit App
2026-05-30T09:04:00Z,SEDENTARY,Fitbit App
2026-05-30T09:06:00Z,SEDENTARY,Fitbit App
2026-05-30T09:07:00Z,SEDENTARY,Fitbit App
2026-05-30T09:09:00Z,LIGHTLY_ACTIVE,Fitbit App
2026-05-30T09:11:00Z,SEDENTARY,Fitbit App
2026-05-30T09:12:00Z,SEDENTARY,Fitbit App
2026-05-30T09:13:00Z,SEDENTARY,Fitbit App
2026-05-30T09:14:00Z,MODERATELY_ACTIVE,Fitbit App
2026-05-30T09:15:00Z,LIGHTLY_ACTIVE,Fitbit App
2026-05-30T09:16:00Z,SEDENTARY,Fitbit App
2026-05-30T09:18:00Z,SEDENTARY,Fitbit App
2026-05-30T09:19:00Z,SEDENTARY,Fitbit App
2026-05-30T09:20:00Z,LIGHTLY_ACTIVE,Fitbit App
2026-05-30T09:21:00Z,LIGHTLY_ACTIVE,Fitbit App
2026-05-30T09:22:00Z,LIGHTLY_ACTIVE,Fitbit App
2026-05-30T09:23:00Z,LIGHTLY_ACTIVE,Fitbit App
2026-05-30T09:24:00Z,LIGHTLY_ACTIVE,Fitbit App
2026-05-30T09:25:00Z,LIGHTLY_ACTIVE,Fitbit App
2026-05-30T09:26:00Z,LIGHTLY_ACTIVE,Fitbit App
2026-05-30T09:27:00Z,LIGHTLY_ACTIVE,Fitbit App
2026-05-30T09:28:00Z,MODERATELY_ACTIVE,Fitbit App
2026-05-30T09:29:00Z,MODERATELY_ACTIVE,Fitbit App
2026-05-30T09:30:00Z,MODERATELY_ACTIVE,Fitbit App
2026-05-30T09:31:00Z,LIGHTLY_ACTIVE,Fitbit App
2026-05-30T09:32:00Z,LIGHTLY_ACTIVE,Fitbit App
2026-05-30T09:33:00Z,MODERATELY_ACTIVE,Fitbit App
2026-05-30T09:34:00Z,MODERATELY_ACTIVE,Fitbit App
2026-05-30T09:35:00Z,LIGHTLY_ACTIVE,Fitbit App
2026-05-30T09:36:00Z,MODERATELY_ACTIVE,Fitbit App
2026-05-30T09:37:00Z,MODERATELY_ACTIVE,Fitbit App
2026-05-30T09:38:00Z,MODERATELY_ACTIVE,Fitbit App
2026-05-30T09:39:00Z,MODERATELY_ACTIVE,Fitbit App
2026-05-30T09:40:00Z,MODERATELY_ACTIVE,Fitbit App
2026-05-30T09:41:00Z,MODERATELY_ACTIVE,Fitbit App
2026-05-30T09:42:00Z,MODERATELY_ACTIVE,Fitbit App
2026-05-30T09:43:00Z,MODERATELY_ACTIVE,Fitbit App
2026-05-30T09:44:00Z,MODERATELY_ACTIVE,Fitbit App
2026-05-30T09:45:00Z,MODERATELY_ACTIVE,Fitbit App
2026-05-30T09:46:00Z,MODERATELY_ACTIVE,Fitbit App
2026-05-30T09:47:00Z,LIGHTLY_ACTIVE,Fitbit App
2026-05-30T09:48:00Z,LIGHTLY_ACTIVE,Fitbit App
2026-05-30T09:49:00Z,MODERATELY_ACTIVE,Fitbit App
2026-05-30T09:50:00Z,MODERATELY_ACTIVE,Fitbit App
2026-05-30T09:51:00Z,MODERATELY_ACTIVE,Fitbit App
2026-05-30T09:52:00Z,MODERATELY_ACTIVE,Fitbit App
2026-05-30T09:53:00Z,LIGHTLY_ACTIVE,Fitbit App
2026-05-30T09:54:00Z,LIGHTLY_ACTIVE,Fitbit App
2026-05-30T09:55:00Z,SEDENTARY,Fitbit App
2026-05-30T09:56:00Z,SEDENTARY,Fitbit App
2026-05-30T09:57:00Z,SEDENTARY,Fitbit App
2026-05-30T09:58:00Z,SEDENTARY,Fitbit App
2026-05-30T09:59:00Z,SEDENTARY,Fitbit App
2026-05-30T10:00:00Z,LIGHTLY_ACTIVE,Fitbit App
2026-05-30T10:01:00Z,MODERATELY_ACTIVE,Fitbit App
2026-05-30T10:02:00Z,LIGHTLY_ACTIVE,Fitbit App
2026-05-30T10:03:00Z,SEDENTARY,Fitbit App
2026-05-30T10:04:00Z,LIGHTLY_ACTIVE,Fitbit App
2026-05-30T10:05:00Z,SEDENTARY,Fitbit App
2026-05-30T10:06:00Z,SEDENTARY,Fitbit App
2026-05-30T10:07:00Z,LIGHTLY_ACTIVE,Fitbit App
2026-05-30T10:08:00Z,MODERATELY_ACTIVE,Fitbit App
2026-05-30T10:09:00Z,MODERATELY_ACTIVE,Fitbit App
2026-05-30T10:10:00Z,VERY_ACTIVE,Fitbit App
2026-05-30T10:11:00Z,VERY_ACTIVE,Fitbit App
2026-05-30T10:12:00Z,VERY_ACTIVE,Fitbit App
2026-05-30T10:13:00Z,VERY_ACTIVE,Fitbit App
2026-05-30T10:14:00Z,VERY_ACTIVE,Fitbit App
2026-05-30T10:15:00Z,SEDENTARY,Fitbit App
2026-05-30T10:17:00Z,LIGHTLY_ACTIVE,Fitbit App
2026-05-30T10:18:00Z,VERY_ACTIVE,Fitbit App
2026-05-30T10:19:00Z,VERY_ACTIVE,Fitbit App
2026-05-30T10:20:00Z,MODERATELY_ACTIVE,Fitbit App
2026-05-30T10:21:00Z,SEDENTARY,Fitbit App
2026-05-30T10:22:00Z,VERY_ACTIVE,Fitbit App
2026-05-30T10:23:00Z,VERY_ACTIVE,Fitbit App
2026-05-30T10:24:00Z,VERY_ACTIVE,Fitbit App
2026-05-30T10:25:00Z,VERY_ACTIVE,Fitbit App
2026-05-30T10:26:00Z,MODERATELY_ACTIVE,Fitbit App
2026-05-30T10:27:00Z,MODERATELY_ACTIVE,Fitbit App
2026-05-30T10:28:00Z,MODERATELY_ACTIVE,Fitbit App
2026-05-30T10:29:00Z,VERY_ACTIVE,Fitbit App
2026-05-30T10:30:00Z,VERY_ACTIVE,Fitbit App
2026-05-30T10:31:00Z,MODERATELY_ACTIVE,Fitbit App
2026-05-30T10:32:00Z,VERY_ACTIVE,Fitbit App
2026-05-30T10:33:00Z,LIGHTLY_ACTIVE,Fitbit App
2026-05-30T10:34:00Z,LIGHTLY_ACTIVE,Fitbit App
2026-05-30T10:35:00Z,MODERATELY_ACTIVE,Fitbit App
2026-05-30T10:36:00Z,MODERATELY_ACTIVE,Fitbit App
2026-05-30T10:37:00Z,MODERATELY_ACTIVE,Fitbit App
2026-05-30T10:38:00Z,MODERATELY_ACTIVE,Fitbit App
2026-05-30T10:39:00Z,LIGHTLY_ACTIVE,Fitbit App
2026-05-30T10:40:00Z,VERY_ACTIVE,Fitbit App
2026-05-30T10:41:00Z,VERY_ACTIVE,Fitbit App
2026-05-30T10:42:00Z,VERY_ACTIVE,Fitbit App
2026-05-30T10:43:00Z,VERY_ACTIVE,Fitbit App
2026-05-30T10:44:00Z,VERY_ACTIVE,Fitbit App
2026-05-30T10:45:00Z,MODERATELY_ACTIVE,Fitbit App
2026-05-30T10:46:00Z,VERY_ACTIVE,Fitbit App
2026-05-30T10:47:00Z,VERY_ACTIVE,Fitbit App
2026-05-30T10:48:00Z,VERY_ACTIVE,Fitbit App
2026-05-30T10:49:00Z,VERY_ACTIVE,Fitbit App
2026-05-30T10:50:00Z,MODERATELY_ACTIVE,Fitbit App
2026-05-30T10:51:00Z,SEDENTARY,Fitbit App
2026-05-30T10:52:00Z,SEDENTARY,Fitbit App
2026-05-30T10:53:00Z,SEDENTARY,Fitbit App
2026-05-30T10:55:00Z,SEDENTARY,Fitbit App
2026-05-30T10:56:00Z,SEDENTARY,Fitbit App
2026-05-30T10:58:00Z,SEDENTARY,Fitbit App
2026-05-30T10:59:00Z,SEDENTARY,Fitbit App
2026-05-30T11:00:00Z,SEDENTARY,Fitbit App
2026-05-30T11:01:00Z,SEDENTARY,Fitbit App
2026-05-30T11:02:00Z,SEDENTARY,Fitbit App
2026-05-30T11:03:00Z,SEDENTARY,Fitbit App
2026-05-30T11:04:00Z,LIGHTLY_ACTIVE,Fitbit App
2026-05-30T11:05:00Z,LIGHTLY_ACTIVE,Fitbit App
2026-05-30T11:06:00Z,LIGHTLY_ACTIVE,Fitbit App
2026-05-30T11:07:00Z,LIGHTLY_ACTIVE,Fitbit App
2026-05-30T11:08:00Z,SEDENTARY,Fitbit App
2026-05-30T11:12:00Z,SEDENTARY,Fitbit App
2026-05-30T11:13:00Z,SEDENTARY,Fitbit App
2026-05-30T11:14:00Z,SEDENTARY,Fitbit App
2026-05-30T11:15:00Z,SEDENTARY,Fitbit App
2026-05-30T11:16:00Z,SEDENTARY,Fitbit App
2026-05-30T11:17:00Z,SEDENTARY,Fitbit App
2026-05-30T11:18:00Z,SEDENTARY,Fitbit App
2026-05-30T11:19:00Z,SEDENTARY,Fitbit App
2026-05-30T11:20:00Z,SEDENTARY,Fitbit App
2026-05-30T11:21:00Z,SEDENTARY,Fitbit App
2026-05-30T11:22:00Z,LIGHTLY_ACTIVE,Fitbit App
2026-05-30T11:23:00Z,LIGHTLY_ACTIVE,Fitbit App
2026-05-30T11:24:00Z,LIGHTLY_ACTIVE,Fitbit App
2026-05-30T11:25:00Z,SEDENTARY,Fitbit App
2026-05-30T11:26:00Z,SEDENTARY,Fitbit App
2026-05-30T11:27:00Z,SEDENTARY,Fitbit App
2026-05-30T11:28:00Z,SEDENTARY,Fitbit App
2026-05-30T11:29:00Z,SEDENTARY,Fitbit App
2026-05-30T11:30:00Z,SEDENTARY,Fitbit App
2026-05-30T11:31:00Z,SEDENTARY,Fitbit App
2026-05-30T11:32:00Z,SEDENTARY,Fitbit App
2026-05-30T11:33:00Z,SEDENTARY,Fitbit App
2026-05-30T11:34:00Z,SEDENTARY,Fitbit App
2026-05-30T11:35:00Z,SEDENTARY,Fitbit App
2026-05-30T11:36:00Z,SEDENTARY,Fitbit App
2026-05-30T11:37:00Z,SEDENTARY,Fitbit App
2026-05-30T11:38:00Z,SEDENTARY,Fitbit App
2026-05-30T11:39:00Z,SEDENTARY,Fitbit App
2026-05-30T11:40:00Z,SEDENTARY,Fitbit App
2026-05-30T11:41:00Z,SEDENTARY,Fitbit App
2026-05-30T11:42:00Z,SEDENTARY,Fitbit App
2026-05-30T11:43:00Z,SEDENTARY,Fitbit App
2026-05-30T11:44:00Z,SEDENTARY,Fitbit App
2026-05-30T11:45:00Z,SEDENTARY,Fitbit App
2026-05-30T11:46:00Z,LIGHTLY_ACTIVE,Fitbit App
2026-05-30T11:47:00Z,SEDENTARY,Fitbit App
2026-05-30T11:48:00Z,SEDENTARY,Fitbit App
2026-05-30T11:49:00Z,SEDENTARY,Fitbit App
2026-05-30T11:50:00Z,LIGHTLY_ACTIVE,Fitbit App
2026-05-30T11:51:00Z,LIGHTLY_ACTIVE,Fitbit App
2026-05-30T11:52:00Z,MODERATELY_ACTIVE,Fitbit App
2026-05-30T11:53:00Z,SEDENTARY,Fitbit App
2026-05-30T11:54:00Z,SEDENTARY,Fitbit App
2026-05-30T11:55:00Z,SEDENTARY,Fitbit App
2026-05-30T11:56:00Z,SEDENTARY,Fitbit App
2026-05-30T11:57:00Z,SEDENTARY,Fitbit App
2026-05-30T11:58:00Z,SEDENTARY,Fitbit App
2026-05-30T11:59:00Z,SEDENTARY,Fitbit App
2026-05-30T12:00:00Z,SEDENTARY,Fitbit App
2026-05-30T12:01:00Z,SEDENTARY,Fitbit App
2026-05-30T12:02:00Z,SEDENTARY,Fitbit App
2026-05-30T12:03:00Z,LIGHTLY_ACTIVE,Fitbit App
2026-05-30T12:04:00Z,LIGHTLY_ACTIVE,Fitbit App
2026-05-30T12:05:00Z,MODERATELY_ACTIVE,Fitbit App
2026-05-30T12:06:00Z,SEDENTARY,Fitbit App
2026-05-30T12:07:00Z,SEDENTARY,Fitbit App
2026-05-30T12:08:00Z,LIGHTLY_ACTIVE,Fitbit App
2026-05-30T12:09:00Z,SEDENTARY,Fitbit App
2026-05-30T12:10:00Z,SEDENTARY,Fitbit App
2026-05-30T12:11:00Z,SEDENTARY,Fitbit App
2026-05-30T12:12:00Z,SEDENTARY,Fitbit App
2026-05-30T12:13:00Z,SEDENTARY,Fitbit App
2026-05-30T12:14:00Z,SEDENTARY,Fitbit App
2026-05-30T12:15:00Z,SEDENTARY,Fitbit App
2026-05-30T12:16:00Z,SEDENTARY,Fitbit App
2026-05-30T12:17:00Z,SEDENTARY,Fitbit App
2026-05-30T12:18:00Z,SEDENTARY,Fitbit App
2026-05-30T12:19:00Z,SEDENTARY,Fitbit App
2026-05-30T12:20:00Z,SEDENTARY,Fitbit App
2026-05-30T12:21:00Z,LIGHTLY_ACTIVE,Fitbit App
2026-05-30T12:22:00Z,SEDENTARY,Fitbit App
2026-05-30T12:23:00Z,SEDENTARY,Fitbit App
2026-05-30T12:24:00Z,SEDENTARY,Fitbit App
2026-05-30T12:25:00Z,SEDENTARY,Fitbit App
2026-05-30T12:26:00Z,SEDENTARY,Fitbit App
2026-05-30T12:27:00Z,SEDENTARY,Fitbit App
2026-05-30T12:28:00Z,SEDENTARY,Fitbit App
2026-05-30T12:29:00Z,SEDENTARY,Fitbit App
2026-05-30T12:30:00Z,SEDENTARY,Fitbit App
2026-05-30T12:32:00Z,SEDENTARY,Fitbit App
2026-05-30T12:33:00Z,SEDENTARY,Fitbit App
2026-05-30T12:34:00Z,SEDENTARY,Fitbit App
2026-05-30T12:35:00Z,LIGHTLY_ACTIVE,Fitbit App
2026-05-30T12:36:00Z,LIGHTLY_ACTIVE,Fitbit App
2026-05-30T12:37:00Z,SEDENTARY,Fitbit App
2026-05-30T12:38:00Z,SEDENTARY,Fitbit App
2026-05-30T12:39:00Z,LIGHTLY_ACTIVE,Fitbit App
2026-05-30T12:40:00Z,SEDENTARY,Fitbit App
2026-05-30T12:41:00Z,SEDENTARY,Fitbit App
2026-05-30T12:42:00Z,SEDENTARY,Fitbit App
2026-05-30T12:43:00Z,SEDENTARY,Fitbit App
2026-05-30T12:44:00Z,SEDENTARY,Fitbit App
2026-05-30T12:47:00Z,SEDENTARY,Fitbit App
2026-05-30T12:48:00Z,SEDENTARY,Fitbit App
2026-05-30T12:54:00Z,SEDENTARY,Fitbit App
2026-05-30T12:56:00Z,SEDENTARY,Fitbit App
2026-05-30T12:57:00Z,SEDENTARY,Fitbit App
2026-05-30T12:58:00Z,SEDENTARY,Fitbit App
2026-05-30T12:59:00Z,SEDENTARY,Fitbit App
2026-05-30T13:00:00Z,SEDENTARY,Fitbit App
2026-05-30T13:01:00Z,SEDENTARY,Fitbit App
2026-05-30T13:02:00Z,SEDENTARY,Fitbit App
2026-05-30T13:03:00Z,SEDENTARY,Fitbit App
2026-05-30T13:04:00Z,SEDENTARY,Fitbit App
2026-05-30T13:05:00Z,SEDENTARY,Fitbit App
2026-05-30T13:06:00Z,SEDENTARY,Fitbit App
2026-05-30T13:07:00Z,SEDENTARY,Fitbit App
2026-05-30T13:08:00Z,SEDENTARY,Fitbit App
2026-05-30T13:09:00Z,SEDENTARY,Fitbit App
2026-05-30T13:10:00Z,SEDENTARY,Fitbit App
2026-05-30T13:11:00Z,SEDENTARY,Fitbit App
2026-05-30T13:12:00Z,SEDENTARY,Fitbit App
2026-05-30T13:13:00Z,SEDENTARY,Fitbit App
2026-05-30T13:14:00Z,SEDENTARY,Fitbit App
2026-05-30T13:15:00Z,SEDENTARY,Fitbit App
2026-05-30T13:16:00Z,SEDENTARY,Fitbit App
2026-05-30T13:17:00Z,SEDENTARY,Fitbit App
2026-05-30T13:18:00Z,SEDENTARY,Fitbit App
2026-05-30T13:19:00Z,SEDENTARY,Fitbit App
2026-05-30T13:20:00Z,SEDENTARY,Fitbit App
2026-05-30T13:22:00Z,SEDENTARY,Fitbit App
2026-05-30T13:23:00Z,SEDENTARY,Fitbit App
2026-05-30T13:24:00Z,SEDENTARY,Fitbit App
2026-05-30T13:25:00Z,SEDENTARY,Fitbit App
2026-05-30T13:26:00Z,SEDENTARY,Fitbit App
2026-05-30T13:27:00Z,SEDENTARY,Fitbit App
2026-05-30T13:28:00Z,SEDENTARY,Fitbit App
2026-05-30T13:29:00Z,LIGHTLY_ACTIVE,Fitbit App
2026-05-30T13:30:00Z,LIGHTLY_ACTIVE,Fitbit App
2026-05-30T13:31:00Z,LIGHTLY_ACTIVE,Fitbit App
2026-05-30T13:32:00Z,LIGHTLY_ACTIVE,Fitbit App
2026-05-30T13:33:00Z,MODERATELY_ACTIVE,Fitbit App
2026-05-30T13:34:00Z,MODERATELY_ACTIVE,Fitbit App
2026-05-30T13:35:00Z,MODERATELY_ACTIVE,Fitbit App
2026-05-30T13:36:00Z,LIGHTLY_ACTIVE,Fitbit App
2026-05-30T13:37:00Z,LIGHTLY_ACTIVE,Fitbit App
2026-05-30T13:38:00Z,SEDENTARY,Fitbit App
2026-05-30T13:39:00Z,LIGHTLY_ACTIVE,Fitbit App
2026-05-30T13:40:00Z,SEDENTARY,Fitbit App
2026-05-30T13:41:00Z,SEDENTARY,Fitbit App
2026-05-30T13:42:00Z,SEDENTARY,Fitbit App
2026-05-30T13:43:00Z,SEDENTARY,Fitbit App
2026-05-30T13:44:00Z,SEDENTARY,Fitbit App
2026-05-30T13:45:00Z,SEDENTARY,Fitbit App
2026-05-30T13:46:00Z,SEDENTARY,Fitbit App
2026-05-30T13:47:00Z,SEDENTARY,Fitbit App
2026-05-30T13:48:00Z,SEDENTARY,Fitbit App
2026-05-30T13:49:00Z,SEDENTARY,Fitbit App
2026-05-30T13:50:00Z,SEDENTARY,Fitbit App
2026-05-30T13:51:00Z,SEDENTARY,Fitbit App
2026-05-30T13:52:00Z,SEDENTARY,Fitbit App
2026-05-30T13:53:00Z,SEDENTARY,Fitbit App
2026-05-30T13:55:00Z,SEDENTARY,Fitbit App
2026-05-30T13:56:00Z,SEDENTARY,Fitbit App
2026-05-30T13:57:00Z,SEDENTARY,Fitbit App
2026-05-30T13:58:00Z,SEDENTARY,Fitbit App
2026-05-30T13:59:00Z,SEDENTARY,Fitbit App
2026-05-30T14:00:00Z,SEDENTARY,Fitbit App
2026-05-30T14:01:00Z,SEDENTARY,Fitbit App
2026-05-30T14:02:00Z,SEDENTARY,Fitbit App
2026-05-30T14:04:00Z,SEDENTARY,Fitbit App
2026-05-30T14:05:00Z,SEDENTARY,Fitbit App
2026-05-30T14:06:00Z,SEDENTARY,Fitbit App
2026-05-30T14:07:00Z,SEDENTARY,Fitbit App
2026-05-30T14:08:00Z,SEDENTARY,Fitbit App
2026-05-30T14:09:00Z,SEDENTARY,Fitbit App
2026-05-30T14:10:00Z,SEDENTARY,Fitbit App
2026-05-30T14:11:00Z,SEDENTARY,Fitbit App
2026-05-30T14:12:00Z,SEDENTARY,Fitbit App
2026-05-30T14:13:00Z,SEDENTARY,Fitbit App
2026-05-30T14:14:00Z,SEDENTARY,Fitbit App
2026-05-30T14:15:00Z,SEDENTARY,Fitbit App
2026-05-30T14:16:00Z,SEDENTARY,Fitbit App
2026-05-30T14:17:00Z,SEDENTARY,Fitbit App
2026-05-30T14:18:00Z,SEDENTARY,Fitbit App
2026-05-30T14:20:00Z,SEDENTARY,Fitbit App
2026-05-30T14:21:00Z,SEDENTARY,Fitbit App
2026-05-30T14:22:00Z,SEDENTARY,Fitbit App
2026-05-30T14:23:00Z,SEDENTARY,Fitbit App
2026-05-30T14:24:00Z,SEDENTARY,Fitbit App
2026-05-30T14:26:00Z,SEDENTARY,Fitbit App
2026-05-30T14:27:00Z,SEDENTARY,Fitbit App
2026-05-30T14:28:00Z,SEDENTARY,Fitbit App
2026-05-30T14:29:00Z,SEDENTARY,Fitbit App
2026-05-30T14:30:00Z,SEDENTARY,Fitbit App
2026-05-30T14:31:00Z,SEDENTARY,Fitbit App
2026-05-30T14:32:00Z,SEDENTARY,Fitbit App
2026-05-30T14:33:00Z,SEDENTARY,Fitbit App
2026-05-30T14:34:00Z,SEDENTARY,Fitbit App
2026-05-30T14:35:00Z,LIGHTLY_ACTIVE,Fitbit App
2026-05-30T14:36:00Z,LIGHTLY_ACTIVE,Fitbit App
2026-05-30T14:37:00Z,LIGHTLY_ACTIVE,Fitbit App
2026-05-30T14:38:00Z,MODERATELY_ACTIVE,Fitbit App
2026-05-30T14:39:00Z,LIGHTLY_ACTIVE,Fitbit App
2026-05-30T14:40:00Z,LIGHTLY_ACTIVE,Fitbit App
2026-05-30T14:41:00Z,LIGHTLY_ACTIVE,Fitbit App
2026-05-30T14:42:00Z,LIGHTLY_ACTIVE,Fitbit App
2026-05-30T14:43:00Z,LIGHTLY_ACTIVE,Fitbit App
2026-05-30T14:44:00Z,LIGHTLY_ACTIVE,Fitbit App
2026-05-30T14:45:00Z,LIGHTLY_ACTIVE,Fitbit App
2026-05-30T14:46:00Z,LIGHTLY_ACTIVE,Fitbit App
2026-05-30T14:47:00Z,LIGHTLY_ACTIVE,Fitbit App
2026-05-30T14:48:00Z,MODERATELY_ACTIVE,Fitbit App
2026-05-30T14:49:00Z,LIGHTLY_ACTIVE,Fitbit App
2026-05-30T14:50:00Z,LIGHTLY_ACTIVE,Fitbit App
2026-05-30T14:51:00Z,LIGHTLY_ACTIVE,Fitbit App
2026-05-30T14:52:00Z,SEDENTARY,Fitbit App
2026-05-30T14:54:00Z,SEDENTARY,Fitbit App
2026-05-30T14:55:00Z,SEDENTARY,Fitbit App
2026-05-30T14:56:00Z,SEDENTARY,Fitbit App
2026-05-30T14:58:00Z,SEDENTARY,Fitbit App
2026-05-30T15:00:00Z,SEDENTARY,Fitbit App
2026-05-30T15:01:00Z,LIGHTLY_ACTIVE,Fitbit App
2026-05-30T15:02:00Z,SEDENTARY,Fitbit App
2026-05-30T15:03:00Z,SEDENTARY,Fitbit App
2026-05-30T15:04:00Z,SEDENTARY,Fitbit App
2026-05-30T15:05:00Z,SEDENTARY,Fitbit App
2026-05-30T15:10:00Z,SEDENTARY,Fitbit App
2026-05-30T15:12:00Z,SEDENTARY,Fitbit App
2026-05-30T15:15:00Z,SEDENTARY,Fitbit App
2026-05-30T15:16:00Z,SEDENTARY,Fitbit App
2026-05-30T15:17:00Z,LIGHTLY_ACTIVE,Fitbit App
2026-05-30T15:18:00Z,MODERATELY_ACTIVE,Fitbit App
2026-05-30T15:19:00Z,LIGHTLY_ACTIVE,Fitbit App
2026-05-30T15:20:00Z,LIGHTLY_ACTIVE,Fitbit App
2026-05-30T15:21:00Z,LIGHTLY_ACTIVE,Fitbit App
2026-05-30T15:22:00Z,LIGHTLY_ACTIVE,Fitbit App
2026-05-30T15:23:00Z,LIGHTLY_ACTIVE,Fitbit App
2026-05-30T15:24:00Z,SEDENTARY,Fitbit App
2026-05-30T15:27:00Z,SEDENTARY,Fitbit App
2026-05-30T15:29:00Z,SEDENTARY,Fitbit App
2026-05-30T15:30:00Z,SEDENTARY,Fitbit App
2026-05-30T15:31:00Z,LIGHTLY_ACTIVE,Fitbit App
2026-05-30T15:32:00Z,LIGHTLY_ACTIVE,Fitbit App
2026-05-30T15:33:00Z,SEDENTARY,Fitbit App
2026-05-30T15:34:00Z,LIGHTLY_ACTIVE,Fitbit App
2026-05-30T15:35:00Z,LIGHTLY_ACTIVE,Fitbit App
2026-05-30T15:36:00Z,LIGHTLY_ACTIVE,Fitbit App
2026-05-30T15:37:00Z,LIGHTLY_ACTIVE,Fitbit App
2026-05-30T15:38:00Z,LIGHTLY_ACTIVE,Fitbit App
2026-05-30T15:39:00Z,LIGHTLY_ACTIVE,Fitbit App
2026-05-30T15:40:00Z,LIGHTLY_ACTIVE,Fitbit App
2026-05-30T15:41:00Z,SEDENTARY,Fitbit App
2026-05-30T15:42:00Z,SEDENTARY,Fitbit App
2026-05-30T15:43:00Z,SEDENTARY,Fitbit App
2026-05-30T15:44:00Z,SEDENTARY,Fitbit App
2026-05-30T15:45:00Z,SEDENTARY,Fitbit App
2026-05-30T15:46:00Z,SEDENTARY,Fitbit App
2026-05-30T15:47:00Z,SEDENTARY,Fitbit App
2026-05-30T15:48:00Z,LIGHTLY_ACTIVE,Fitbit App
2026-05-30T15:49:00Z,SEDENTARY,Fitbit App
2026-05-30T15:50:00Z,SEDENTARY,Fitbit App
2026-05-30T15:51:00Z,SEDENTARY,Fitbit App
2026-05-30T15:52:00Z,LIGHTLY_ACTIVE,Fitbit App
2026-05-30T15:53:00Z,SEDENTARY,Fitbit App
2026-05-30T15:54:00Z,SEDENTARY,Fitbit App
2026-05-30T15:55:00Z,SEDENTARY,Fitbit App
2026-05-30T15:56:00Z,LIGHTLY_ACTIVE,Fitbit App
2026-05-30T15:57:00Z,LIGHTLY_ACTIVE,Fitbit App
2026-05-30T15:58:00Z,LIGHTLY_ACTIVE,Fitbit App
2026-05-30T15:59:00Z,MODERATELY_ACTIVE,Fitbit App
2026-05-30T16:00:00Z,SEDENTARY,Fitbit App
2026-05-30T16:01:00Z,SEDENTARY,Fitbit App
2026-05-30T16:02:00Z,SEDENTARY,Fitbit App
2026-05-30T16:03:00Z,LIGHTLY_ACTIVE,Fitbit App
2026-05-30T16:04:00Z,SEDENTARY,Fitbit App
2026-05-30T16:05:00Z,LIGHTLY_ACTIVE,Fitbit App
2026-05-30T16:06:00Z,LIGHTLY_ACTIVE,Fitbit App
2026-05-30T16:07:00Z,LIGHTLY_ACTIVE,Fitbit App
2026-05-30T16:08:00Z,LIGHTLY_ACTIVE,Fitbit App
2026-05-30T16:09:00Z,SEDENTARY,Fitbit App
2026-05-30T16:10:00Z,LIGHTLY_ACTIVE,Fitbit App
2026-05-30T16:11:00Z,SEDENTARY,Fitbit App
2026-05-30T16:12:00Z,LIGHTLY_ACTIVE,Fitbit App
2026-05-30T16:13:00Z,SEDENTARY,Fitbit App
2026-05-30T16:14:00Z,SEDENTARY,Fitbit App
2026-05-30T16:15:00Z,SEDENTARY,Fitbit App
2026-05-30T16:16:00Z,SEDENTARY,Fitbit App
2026-05-30T16:17:00Z,SEDENTARY,Fitbit App
2026-05-30T16:18:00Z,SEDENTARY,Fitbit App
2026-05-30T16:19:00Z,LIGHTLY_ACTIVE,Fitbit App
2026-05-30T16:20:00Z,LIGHTLY_ACTIVE,Fitbit App
2026-05-30T16:21:00Z,SEDENTARY,Fitbit App
2026-05-30T16:22:00Z,LIGHTLY_ACTIVE,Fitbit App
2026-05-30T16:23:00Z,LIGHTLY_ACTIVE,Fitbit App
2026-05-30T16:24:00Z,LIGHTLY_ACTIVE,Fitbit App
2026-05-30T16:25:00Z,LIGHTLY_ACTIVE,Fitbit App
2026-05-30T16:26:00Z,LIGHTLY_ACTIVE,Fitbit App
2026-05-30T16:27:00Z,LIGHTLY_ACTIVE,Fitbit App
2026-05-30T16:28:00Z,LIGHTLY_ACTIVE,Fitbit App
2026-05-30T16:29:00Z,SEDENTARY,Fitbit App
2026-05-30T16:30:00Z,SEDENTARY,Fitbit App
2026-05-30T16:31:00Z,SEDENTARY,Fitbit App
2026-05-30T16:32:00Z,SEDENTARY,Fitbit App
2026-05-30T16:33:00Z,SEDENTARY,Fitbit App
2026-05-30T16:34:00Z,SEDENTARY,Fitbit App
2026-05-30T16:35:00Z,SEDENTARY,Fitbit App
2026-05-30T16:36:00Z,SEDENTARY,Fitbit App
2026-05-30T16:37:00Z,SEDENTARY,Fitbit App
2026-05-30T16:38:00Z,SEDENTARY,Fitbit App
2026-05-30T16:39:00Z,SEDENTARY,Fitbit App
2026-05-30T16:40:00Z,SEDENTARY,Fitbit App
2026-05-30T16:41:00Z,SEDENTARY,Fitbit App
2026-05-30T16:42:00Z,SEDENTARY,Fitbit App
2026-05-30T16:43:00Z,SEDENTARY,Fitbit App
2026-05-30T16:44:00Z,SEDENTARY,Fitbit App
2026-05-30T16:45:00Z,LIGHTLY_ACTIVE,Fitbit App
2026-05-30T16:46:00Z,SEDENTARY,Fitbit App
2026-05-30T16:47:00Z,SEDENTARY,Fitbit App
2026-05-30T16:48:00Z,SEDENTARY,Fitbit App
2026-05-30T16:49:00Z,SEDENTARY,Fitbit App
2026-05-30T16:50:00Z,LIGHTLY_ACTIVE,Fitbit App
2026-05-30T16:51:00Z,SEDENTARY,Fitbit App
2026-05-30T16:52:00Z,SEDENTARY,Fitbit App
2026-05-30T16:53:00Z,SEDENTARY,Fitbit App
2026-05-30T16:54:00Z,SEDENTARY,Fitbit App
2026-05-30T16:55:00Z,SEDENTARY,Fitbit App
2026-05-30T16:56:00Z,SEDENTARY,Fitbit App
2026-05-30T16:57:00Z,SEDENTARY,Fitbit App
2026-05-30T16:58:00Z,SEDENTARY,Fitbit App
2026-05-30T16:59:00Z,SEDENTARY,Fitbit App
2026-05-30T17:00:00Z,SEDENTARY,Fitbit App
2026-05-30T17:01:00Z,SEDENTARY,Fitbit App
2026-05-30T17:02:00Z,SEDENTARY,Fitbit App
2026-05-30T17:03:00Z,SEDENTARY,Fitbit App
2026-05-30T17:04:00Z,SEDENTARY,Fitbit App
2026-05-30T17:05:00Z,SEDENTARY,Fitbit App
2026-05-30T17:06:00Z,SEDENTARY,Fitbit App
2026-05-30T17:07:00Z,SEDENTARY,Fitbit App
2026-05-30T17:08:00Z,SEDENTARY,Fitbit App
2026-05-30T17:09:00Z,SEDENTARY,Fitbit App
2026-05-30T17:10:00Z,SEDENTARY,Fitbit App
2026-05-30T17:11:00Z,SEDENTARY,Fitbit App
2026-05-30T17:12:00Z,SEDENTARY,Fitbit App
2026-05-30T17:13:00Z,SEDENTARY,Fitbit App
2026-05-30T17:14:00Z,SEDENTARY,Fitbit App
2026-05-30T17:15:00Z,SEDENTARY,Fitbit App
2026-05-30T17:16:00Z,SEDENTARY,Fitbit App
2026-05-30T17:17:00Z,SEDENTARY,Fitbit App
2026-05-30T17:18:00Z,SEDENTARY,Fitbit App
2026-05-30T17:19:00Z,SEDENTARY,Fitbit App
2026-05-30T17:20:00Z,SEDENTARY,Fitbit App
2026-05-30T17:21:00Z,SEDENTARY,Fitbit App
2026-05-30T17:22:00Z,SEDENTARY,Fitbit App
2026-05-30T17:23:00Z,SEDENTARY,Fitbit App
2026-05-30T17:24:00Z,SEDENTARY,Fitbit App
2026-05-30T17:25:00Z,SEDENTARY,Fitbit App
2026-05-30T17:26:00Z,SEDENTARY,Fitbit App
2026-05-30T17:27:00Z,SEDENTARY,Fitbit App
2026-05-30T17:28:00Z,SEDENTARY,Fitbit App
2026-05-30T17:29:00Z,SEDENTARY,Fitbit App
2026-05-30T17:30:00Z,SEDENTARY,Fitbit App
2026-05-30T17:31:00Z,LIGHTLY_ACTIVE,Fitbit App
2026-05-30T17:32:00Z,LIGHTLY_ACTIVE,Fitbit App
2026-05-30T17:33:00Z,MODERATELY_ACTIVE,Fitbit App
2026-05-30T17:34:00Z,MODERATELY_ACTIVE,Fitbit App
2026-05-30T17:35:00Z,MODERATELY_ACTIVE,Fitbit App
2026-05-30T17:36:00Z,LIGHTLY_ACTIVE,Fitbit App
2026-05-30T17:37:00Z,LIGHTLY_ACTIVE,Fitbit App
2026-05-30T17:38:00Z,LIGHTLY_ACTIVE,Fitbit App
2026-05-30T17:39:00Z,LIGHTLY_ACTIVE,Fitbit App
2026-05-30T17:40:00Z,SEDENTARY,Fitbit App
2026-05-30T17:41:00Z,LIGHTLY_ACTIVE,Fitbit App
2026-05-30T17:42:00Z,SEDENTARY,Fitbit App
2026-05-30T17:43:00Z,LIGHTLY_ACTIVE,Fitbit App
2026-05-30T17:44:00Z,LIGHTLY_ACTIVE,Fitbit App
2026-05-30T17:45:00Z,SEDENTARY,Fitbit App
2026-05-30T17:46:00Z,LIGHTLY_ACTIVE,Fitbit App
2026-05-30T17:47:00Z,LIGHTLY_ACTIVE,Fitbit App
2026-05-30T17:48:00Z,LIGHTLY_ACTIVE,Fitbit App
2026-05-30T17:49:00Z,LIGHTLY_ACTIVE,Fitbit App
2026-05-30T17:50:00Z,LIGHTLY_ACTIVE,Fitbit App
2026-05-30T17:51:00Z,SEDENTARY,Fitbit App
2026-05-30T17:52:00Z,LIGHTLY_ACTIVE,Fitbit App
2026-05-30T17:53:00Z,SEDENTARY,Fitbit App
2026-05-30T17:54:00Z,SEDENTARY,Fitbit App
2026-05-30T17:55:00Z,LIGHTLY_ACTIVE,Fitbit App
2026-05-30T17:56:00Z,LIGHTLY_ACTIVE,Fitbit App
2026-05-30T17:57:00Z,SEDENTARY,Fitbit App
2026-05-30T17:58:00Z,LIGHTLY_ACTIVE,Fitbit App
2026-05-30T17:59:00Z,SEDENTARY,Fitbit App
2026-05-30T18:00:00Z,SEDENTARY,Fitbit App
2026-05-30T18:01:00Z,SEDENTARY,Fitbit App
2026-05-30T18:02:00Z,SEDENTARY,Fitbit App
2026-05-30T18:03:00Z,SEDENTARY,Fitbit App
2026-05-30T18:04:00Z,SEDENTARY,Fitbit App
2026-05-30T18:06:00Z,SEDENTARY,Fitbit App
2026-05-30T18:08:00Z,SEDENTARY,Fitbit App
2026-05-30T18:09:00Z,SEDENTARY,Fitbit App
2026-05-30T18:10:00Z,SEDENTARY,Fitbit App
2026-05-30T18:12:00Z,SEDENTARY,Fitbit App
2026-05-30T18:13:00Z,SEDENTARY,Fitbit App
2026-05-30T18:16:00Z,SEDENTARY,Fitbit App
2026-05-30T18:17:00Z,SEDENTARY,Fitbit App
2026-05-30T18:19:00Z,SEDENTARY,Fitbit App
2026-05-30T18:21:00Z,SEDENTARY,Fitbit App
2026-05-30T18:22:00Z,SEDENTARY,Fitbit App
2026-05-30T18:23:00Z,SEDENTARY,Fitbit App
2026-05-30T18:25:00Z,SEDENTARY,Fitbit App
2026-05-30T18:26:00Z,SEDENTARY,Fitbit App
2026-05-30T18:27:00Z,SEDENTARY,Fitbit App
2026-05-30T18:28:00Z,SEDENTARY,Fitbit App
2026-05-30T18:29:00Z,SEDENTARY,Fitbit App
2026-05-30T18:30:00Z,SEDENTARY,Fitbit App
2026-05-30T18:31:00Z,SEDENTARY,Fitbit App
2026-05-30T18:33:00Z,LIGHTLY_ACTIVE,Fitbit App
2026-05-30T18:34:00Z,SEDENTARY,Fitbit App
2026-05-30T18:35:00Z,SEDENTARY,Fitbit App
2026-05-30T18:36:00Z,SEDENTARY,Fitbit App
2026-05-30T18:37:00Z,SEDENTARY,Fitbit App
2026-05-30T18:38:00Z,SEDENTARY,Fitbit App
2026-05-30T18:39:00Z,SEDENTARY,Fitbit App
2026-05-30T18:40:00Z,SEDENTARY,Fitbit App
2026-05-30T18:41:00Z,SEDENTARY,Fitbit App
2026-05-30T18:42:00Z,SEDENTARY,Fitbit App
2026-05-30T18:45:00Z,SEDENTARY,Fitbit App
2026-05-30T18:46:00Z,SEDENTARY,Fitbit App
2026-05-30T18:47:00Z,SEDENTARY,Fitbit App
2026-05-30T18:48:00Z,SEDENTARY,Fitbit App
2026-05-30T18:49:00Z,SEDENTARY,Fitbit App
2026-05-30T18:50:00Z,SEDENTARY,Fitbit App
2026-05-30T18:51:00Z,SEDENTARY,Fitbit App
2026-05-30T18:52:00Z,SEDENTARY,Fitbit App
2026-05-30T18:53:00Z,SEDENTARY,Fitbit App
2026-05-30T18:54:00Z,SEDENTARY,Fitbit App
2026-05-30T18:55:00Z,SEDENTARY,Fitbit App
2026-05-30T18:56:00Z,SEDENTARY,Fitbit App
2026-05-30T18:58:00Z,SEDENTARY,Fitbit App
2026-05-30T19:00:00Z,SEDENTARY,Fitbit App
2026-05-30T19:01:00Z,SEDENTARY,Fitbit App
2026-05-30T19:02:00Z,SEDENTARY,Fitbit App
2026-05-30T19:03:00Z,SEDENTARY,Fitbit App
2026-05-30T19:04:00Z,SEDENTARY,Fitbit App
2026-05-30T19:05:00Z,SEDENTARY,Fitbit App
2026-05-30T19:08:00Z,SEDENTARY,Fitbit App
2026-05-30T19:10:00Z,SEDENTARY,Fitbit App
2026-05-30T19:14:00Z,SEDENTARY,Fitbit App
2026-05-30T19:15:00Z,SEDENTARY,Fitbit App
2026-05-30T19:16:00Z,SEDENTARY,Fitbit App
2026-05-30T19:17:00Z,LIGHTLY_ACTIVE,Fitbit App
2026-05-30T19:18:00Z,SEDENTARY,Fitbit App
2026-05-30T19:20:00Z,SEDENTARY,Fitbit App
2026-05-30T19:22:00Z,SEDENTARY,Fitbit App
2026-05-30T19:24:00Z,SEDENTARY,Fitbit App
2026-05-30T19:25:00Z,SEDENTARY,Fitbit App
2026-05-30T19:27:00Z,SEDENTARY,Fitbit App
2026-05-30T19:28:00Z,SEDENTARY,Fitbit App
2026-05-30T19:30:00Z,LIGHTLY_ACTIVE,Fitbit App
2026-05-30T19:31:00Z,MODERATELY_ACTIVE,Fitbit App
2026-05-30T19:32:00Z,LIGHTLY_ACTIVE,Fitbit App
2026-05-30T19:33:00Z,SEDENTARY,Fitbit App
2026-05-30T19:34:00Z,VERY_ACTIVE,Fitbit App
2026-05-30T19:35:00Z,VERY_ACTIVE,Fitbit App
2026-05-30T19:36:00Z,LIGHTLY_ACTIVE,Fitbit App
2026-05-30T19:37:00Z,LIGHTLY_ACTIVE,Fitbit App
2026-05-30T19:38:00Z,LIGHTLY_ACTIVE,Fitbit App
2026-05-30T19:39:00Z,LIGHTLY_ACTIVE,Fitbit App
2026-05-30T19:40:00Z,SEDENTARY,Fitbit App
2026-05-30T19:41:00Z,SEDENTARY,Fitbit App
2026-05-30T19:42:00Z,LIGHTLY_ACTIVE,Fitbit App
2026-05-30T19:43:00Z,SEDENTARY,Fitbit App
2026-05-30T19:44:00Z,SEDENTARY,Fitbit App
2026-05-30T19:45:00Z,SEDENTARY,Fitbit App
2026-05-30T19:46:00Z,LIGHTLY_ACTIVE,Fitbit App
2026-05-30T19:47:00Z,LIGHTLY_ACTIVE,Fitbit App
2026-05-30T19:48:00Z,LIGHTLY_ACTIVE,Fitbit App
2026-05-30T19:49:00Z,LIGHTLY_ACTIVE,Fitbit App
2026-05-30T19:50:00Z,SEDENTARY,Fitbit App
2026-05-30T19:51:00Z,LIGHTLY_ACTIVE,Fitbit App
2026-05-30T19:52:00Z,SEDENTARY,Fitbit App
2026-05-30T19:53:00Z,SEDENTARY,Fitbit App
2026-05-30T19:54:00Z,SEDENTARY,Fitbit App
2026-05-30T19:55:00Z,LIGHTLY_ACTIVE,Fitbit App
2026-05-30T19:56:00Z,SEDENTARY,Fitbit App
2026-05-30T19:57:00Z,SEDENTARY,Fitbit App
2026-05-30T19:58:00Z,LIGHTLY_ACTIVE,Fitbit App
2026-05-30T19:59:00Z,LIGHTLY_ACTIVE,Fitbit App
2026-05-30T20:00:00Z,LIGHTLY_ACTIVE,Fitbit App
2026-05-30T20:01:00Z,LIGHTLY_ACTIVE,Fitbit App
2026-05-30T20:02:00Z,SEDENTARY,Fitbit App
2026-05-30T20:03:00Z,SEDENTARY,Fitbit App
2026-05-30T20:04:00Z,SEDENTARY,Fitbit App
2026-05-30T20:05:00Z,SEDENTARY,Fitbit App
2026-05-30T20:06:00Z,LIGHTLY_ACTIVE,Fitbit App
2026-05-30T20:07:00Z,SEDENTARY,Fitbit App
2026-05-30T20:08:00Z,SEDENTARY,Fitbit App
2026-05-30T20:09:00Z,SEDENTARY,Fitbit App
2026-05-30T20:10:00Z,SEDENTARY,Fitbit App
2026-05-30T20:11:00Z,LIGHTLY_ACTIVE,Fitbit App
2026-05-30T20:12:00Z,LIGHTLY_ACTIVE,Fitbit App
2026-05-30T20:13:00Z,SEDENTARY,Fitbit App
2026-05-30T20:14:00Z,MODERATELY_ACTIVE,Fitbit App
2026-05-30T20:15:00Z,LIGHTLY_ACTIVE,Fitbit App
2026-05-30T20:16:00Z,LIGHTLY_ACTIVE,Fitbit App
2026-05-30T20:17:00Z,LIGHTLY_ACTIVE,Fitbit App
2026-05-30T20:18:00Z,LIGHTLY_ACTIVE,Fitbit App
2026-05-30T20:19:00Z,LIGHTLY_ACTIVE,Fitbit App
2026-05-30T20:20:00Z,SEDENTARY,Fitbit App
2026-05-30T20:21:00Z,LIGHTLY_ACTIVE,Fitbit App
2026-05-30T20:22:00Z,LIGHTLY_ACTIVE,Fitbit App
2026-05-30T20:23:00Z,SEDENTARY,Fitbit App
2026-05-30T20:24:00Z,SEDENTARY,Fitbit App
2026-05-30T20:25:00Z,SEDENTARY,Fitbit App
2026-05-30T20:26:00Z,SEDENTARY,Fitbit App
2026-05-30T20:27:00Z,LIGHTLY_ACTIVE,Fitbit App
2026-05-30T20:28:00Z,SEDENTARY,Fitbit App
2026-05-30T20:29:00Z,SEDENTARY,Fitbit App
2026-05-30T20:30:00Z,SEDENTARY,Fitbit App
2026-05-30T20:31:00Z,SEDENTARY,Fitbit App
2026-05-30T20:32:00Z,LIGHTLY_ACTIVE,Fitbit App
2026-05-30T20:33:00Z,SEDENTARY,Fitbit App
2026-05-30T20:34:00Z,SEDENTARY,Fitbit App
2026-05-30T20:35:00Z,SEDENTARY,Fitbit App
2026-05-30T20:36:00Z,SEDENTARY,Fitbit App
2026-05-30T20:37:00Z,SEDENTARY,Fitbit App
2026-05-30T20:38:00Z,SEDENTARY,Fitbit App
2026-05-30T20:39:00Z,LIGHTLY_ACTIVE,Fitbit App
2026-05-30T20:40:00Z,LIGHTLY_ACTIVE,Fitbit App
2026-05-30T20:41:00Z,LIGHTLY_ACTIVE,Fitbit App
2026-05-30T20:42:00Z,MODERATELY_ACTIVE,Fitbit App
2026-05-30T20:43:00Z,LIGHTLY_ACTIVE,Fitbit App
2026-05-30T20:44:00Z,LIGHTLY_ACTIVE,Fitbit App
2026-05-30T20:45:00Z,SEDENTARY,Fitbit App
2026-05-30T20:46:00Z,LIGHTLY_ACTIVE,Fitbit App
2026-05-30T20:47:00Z,LIGHTLY_ACTIVE,Fitbit App
2026-05-30T20:48:00Z,LIGHTLY_ACTIVE,Fitbit App
2026-05-30T20:49:00Z,SEDENTARY,Fitbit App
2026-05-30T20:50:00Z,SEDENTARY,Fitbit App
2026-05-30T20:51:00Z,SEDENTARY,Fitbit App
2026-05-30T20:52:00Z,SEDENTARY,Fitbit App
2026-05-30T20:53:00Z,SEDENTARY,Fitbit App
2026-05-30T20:55:00Z,SEDENTARY,Fitbit App
2026-05-30T20:58:00Z,SEDENTARY,Fitbit App
2026-05-30T20:59:00Z,SEDENTARY,Fitbit App
2026-05-30T21:00:00Z,SEDENTARY,Fitbit App
2026-05-30T21:04:00Z,SEDENTARY,Fitbit App
2026-05-30T21:10:00Z,SEDENTARY,Fitbit App
2026-05-30T21:13:00Z,SEDENTARY,Fitbit App
2026-05-30T21:14:00Z,SEDENTARY,Fitbit App
2026-05-30T21:15:00Z,SEDENTARY,Fitbit App
2026-05-30T21:16:00Z,SEDENTARY,Fitbit App
2026-05-30T21:17:00Z,SEDENTARY,Fitbit App
2026-05-30T21:18:00Z,SEDENTARY,Fitbit App
2026-05-30T21:19:00Z,SEDENTARY,Fitbit App
2026-05-30T21:20:00Z,SEDENTARY,Fitbit App
2026-05-30T21:21:00Z,SEDENTARY,Fitbit App
2026-05-30T21:24:00Z,SEDENTARY,Fitbit App
2026-05-30T21:25:00Z,SEDENTARY,Fitbit App
2026-05-30T21:26:00Z,SEDENTARY,Fitbit App
2026-05-30T21:32:00Z,SEDENTARY,Fitbit App
2026-05-30T21:33:00Z,SEDENTARY,Fitbit App
2026-05-30T21:35:00Z,SEDENTARY,Fitbit App
2026-05-30T21:36:00Z,SEDENTARY,Fitbit App
2026-05-30T21:37:00Z,SEDENTARY,Fitbit App
2026-05-30T21:40:00Z,SEDENTARY,Fitbit App
2026-05-30T21:41:00Z,SEDENTARY,Fitbit App
2026-05-30T21:42:00Z,SEDENTARY,Fitbit App
2026-05-30T21:43:00Z,SEDENTARY,Fitbit App
2026-05-30T21:44:00Z,LIGHTLY_ACTIVE,Fitbit App
2026-05-30T21:45:00Z,LIGHTLY_ACTIVE,Fitbit App
2026-05-30T21:46:00Z,LIGHTLY_ACTIVE,Fitbit App
2026-05-30T21:47:00Z,LIGHTLY_ACTIVE,Fitbit App
2026-05-30T21:48:00Z,LIGHTLY_ACTIVE,Fitbit App
2026-05-30T21:49:00Z,LIGHTLY_ACTIVE,Fitbit App
2026-05-30T21:50:00Z,LIGHTLY_ACTIVE,Fitbit App
2026-05-30T21:51:00Z,SEDENTARY,Fitbit App
2026-05-30T21:52:00Z,SEDENTARY,Fitbit App
2026-05-30T21:53:00Z,LIGHTLY_ACTIVE,Fitbit App
2026-05-30T21:54:00Z,LIGHTLY_ACTIVE,Fitbit App
2026-05-30T21:55:00Z,SEDENTARY,Fitbit App
2026-05-30T21:56:00Z,LIGHTLY_ACTIVE,Fitbit App
2026-05-30T21:57:00Z,SEDENTARY,Fitbit App
2026-05-30T21:58:00Z,SEDENTARY,Fitbit App
2026-05-30T21:59:00Z,SEDENTARY,Fitbit App
2026-05-30T22:00:00Z,SEDENTARY,Fitbit App
2026-05-30T22:01:00Z,LIGHTLY_ACTIVE,Fitbit App
2026-05-30T22:02:00Z,SEDENTARY,Fitbit App
2026-05-30T22:03:00Z,LIGHTLY_ACTIVE,Fitbit App
2026-05-30T22:04:00Z,LIGHTLY_ACTIVE,Fitbit App
2026-05-30T22:07:00Z,LIGHTLY_ACTIVE,Fitbit App
2026-05-30T22:08:00Z,LIGHTLY_ACTIVE,Fitbit App
2026-05-30T22:09:00Z,LIGHTLY_ACTIVE,Fitbit App
2026-05-30T22:12:00Z,SEDENTARY,Fitbit App
2026-05-30T22:28:00Z,SEDENTARY,Fitbit App
2026-05-30T22:41:00Z,SEDENTARY,Fitbit App
2026-05-30T22:42:00Z,SEDENTARY,Fitbit App
2026-05-30T22:45:00Z,SEDENTARY,Fitbit App
2026-05-30T22:49:00Z,SEDENTARY,Fitbit App
2026-05-30T22:51:00Z,SEDENTARY,Fitbit App
2026-05-30T22:53:00Z,SEDENTARY,Fitbit App
2026-05-30T22:55:00Z,SEDENTARY,Fitbit App
2026-05-30T22:56:00Z,SEDENTARY,Fitbit App
2026-05-30T23:05:00Z,SEDENTARY,Fitbit App
2026-05-30T23:06:00Z,SEDENTARY,Fitbit App
2026-05-30T23:16:00Z,SEDENTARY,Fitbit App
2026-05-30T23:22:00Z,SEDENTARY,Fitbit App
2026-05-30T23:23:00Z,SEDENTARY,Fitbit App
2026-05-30T23:24:00Z,SEDENTARY,Fitbit App
2026-05-30T23:25:00Z,SEDENTARY,Fitbit App
2026-05-30T23:26:00Z,LIGHTLY_ACTIVE,Fitbit App
2026-05-30T23:27:00Z,LIGHTLY_ACTIVE,Fitbit App
2026-05-30T23:28:00Z,LIGHTLY_ACTIVE,Fitbit App
2026-05-30T23:29:00Z,SEDENTARY,Fitbit App
2026-05-30T23:30:00Z,SEDENTARY,Fitbit App
2026-05-30T23:33:00Z,SEDENTARY,Fitbit App
2026-05-30T23:35:00Z,SEDENTARY,Fitbit App
2026-05-30T23:36:00Z,SEDENTARY,Fitbit App
2026-05-30T23:37:00Z,SEDENTARY,Fitbit App
2026-05-30T23:38:00Z,SEDENTARY,Fitbit App
2026-05-30T23:51:00Z,SEDENTARY,Fitbit App
2026-05-30T23:52:00Z,SEDENTARY,Fitbit App
2026-05-30T23:54:00Z,SEDENTARY,Fitbit App
2026-05-30T23:56:00Z,SEDENTARY,Fitbit App
2026-05-30T23:57:00Z,SEDENTARY,Fitbit App
2026-05-30T23:58:00Z,SEDENTARY,Fitbit App
2026-05-31T00:00:00Z,SEDENTARY,Fitbit App
2026-05-31T00:02:00Z,LIGHTLY_ACTIVE,Fitbit App
2026-05-31T00:03:00Z,SEDENTARY,Fitbit App
2026-05-31T00:05:00Z,SEDENTARY,Fitbit App
2026-05-31T00:08:00Z,SEDENTARY,Fitbit App
2026-05-31T00:20:00Z,SEDENTARY,Fitbit App
2026-05-31T00:33:00Z,LIGHTLY_ACTIVE,Fitbit App
2026-05-31T00:40:00Z,SEDENTARY,Fitbit App
2026-05-31T00:41:00Z,LIGHTLY_ACTIVE,Fitbit App
2026-05-31T00:42:00Z,LIGHTLY_ACTIVE,Fitbit App
2026-05-31T00:43:00Z,SEDENTARY,Fitbit App
2026-05-31T00:49:00Z,SEDENTARY,Fitbit App
2026-05-31T00:56:00Z,LIGHTLY_ACTIVE,Fitbit App
2026-05-31T01:06:00Z,LIGHTLY_ACTIVE,Fitbit App
2026-05-31T01:31:00Z,SEDENTARY,Fitbit App
2026-05-31T02:00:00Z,SEDENTARY,Fitbit App
2026-05-31T02:48:00Z,SEDENTARY,Fitbit App
2026-05-31T03:03:00Z,SEDENTARY,Fitbit App
2026-05-31T03:16:00Z,SEDENTARY,Fitbit App
2026-05-31T03:36:00Z,SEDENTARY,Fitbit App
2026-05-31T03:56:00Z,SEDENTARY,Fitbit App
2026-05-31T05:35:00Z,SEDENTARY,Fitbit App
2026-05-31T05:40:00Z,SEDENTARY,Fitbit App
2026-05-31T06:09:00Z,SEDENTARY,Fitbit App
2026-05-31T06:25:00Z,SEDENTARY,Fitbit App
2026-05-31T06:36:00Z,SEDENTARY,Fitbit App
2026-05-31T06:58:00Z,SEDENTARY,Fitbit App
2026-05-31T07:05:00Z,SEDENTARY,Fitbit App
2026-05-31T07:53:00Z,SEDENTARY,Fitbit App
2026-05-31T08:10:00Z,SEDENTARY,Fitbit App
2026-05-31T08:11:00Z,SEDENTARY,Fitbit App
2026-05-31T08:22:00Z,SEDENTARY,Fitbit App
2026-05-31T08:28:00Z,SEDENTARY,Fitbit App
2026-05-31T08:42:00Z,SEDENTARY,Fitbit App
2026-05-31T08:43:00Z,SEDENTARY,Fitbit App
2026-05-31T08:46:00Z,SEDENTARY,Fitbit App
2026-05-31T08:57:00Z,SEDENTARY,Fitbit App
2026-05-31T08:58:00Z,SEDENTARY,Fitbit App
2026-05-31T08:59:00Z,SEDENTARY,Fitbit App
2026-05-31T09:02:00Z,SEDENTARY,Fitbit App
2026-05-31T09:03:00Z,SEDENTARY,Fitbit App
2026-05-31T09:06:00Z,SEDENTARY,Fitbit App
2026-05-31T09:07:00Z,SEDENTARY,Fitbit App
2026-05-31T09:08:00Z,LIGHTLY_ACTIVE,Fitbit App
2026-05-31T09:09:00Z,MODERATELY_ACTIVE,Fitbit App
2026-05-31T09:10:00Z,VERY_ACTIVE,Fitbit App
2026-05-31T09:11:00Z,VERY_ACTIVE,Fitbit App
2026-05-31T09:12:00Z,VERY_ACTIVE,Fitbit App
2026-05-31T09:13:00Z,VERY_ACTIVE,Fitbit App
2026-05-31T09:14:00Z,VERY_ACTIVE,Fitbit App
2026-05-31T09:15:00Z,VERY_ACTIVE,Fitbit App
2026-05-31T09:16:00Z,VERY_ACTIVE,Fitbit App
2026-05-31T09:17:00Z,VERY_ACTIVE,Fitbit App
2026-05-31T09:18:00Z,SEDENTARY,Fitbit App
2026-05-31T09:23:00Z,SEDENTARY,Fitbit App
2026-05-31T09:27:00Z,VERY_ACTIVE,Fitbit App
2026-05-31T09:28:00Z,LIGHTLY_ACTIVE,Fitbit App
2026-05-31T09:29:00Z,SEDENTARY,Fitbit App
2026-05-31T09:34:00Z,SEDENTARY,Fitbit App
2026-05-31T09:35:00Z,SEDENTARY,Fitbit App
2026-05-31T09:36:00Z,SEDENTARY,Fitbit App
2026-05-31T09:37:00Z,LIGHTLY_ACTIVE,Fitbit App
2026-05-31T09:38:00Z,LIGHTLY_ACTIVE,Fitbit App
2026-05-31T09:39:00Z,LIGHTLY_ACTIVE,Fitbit App
2026-05-31T09:40:00Z,LIGHTLY_ACTIVE,Fitbit App
2026-05-31T09:41:00Z,SEDENTARY,Fitbit App
2026-05-31T09:42:00Z,MODERATELY_ACTIVE,Fitbit App
2026-05-31T09:43:00Z,MODERATELY_ACTIVE,Fitbit App
2026-05-31T09:44:00Z,LIGHTLY_ACTIVE,Fitbit App
2026-05-31T09:45:00Z,SEDENTARY,Fitbit App
2026-05-31T09:46:00Z,SEDENTARY,Fitbit App
2026-05-31T09:47:00Z,SEDENTARY,Fitbit App
2026-05-31T09:48:00Z,SEDENTARY,Fitbit App
2026-05-31T09:49:00Z,SEDENTARY,Fitbit App
2026-05-31T09:50:00Z,SEDENTARY,Fitbit App
2026-05-31T09:51:00Z,SEDENTARY,Fitbit App
2026-05-31T09:52:00Z,SEDENTARY,Fitbit App
2026-05-31T09:53:00Z,SEDENTARY,Fitbit App
2026-05-31T09:54:00Z,SEDENTARY,Fitbit App
2026-05-31T09:55:00Z,SEDENTARY,Fitbit App
2026-05-31T09:56:00Z,SEDENTARY,Fitbit App
2026-05-31T09:57:00Z,SEDENTARY,Fitbit App
2026-05-31T09:58:00Z,LIGHTLY_ACTIVE,Fitbit App
2026-05-31T09:59:00Z,VERY_ACTIVE,Fitbit App
2026-05-31T10:00:00Z,VERY_ACTIVE,Fitbit App
2026-05-31T10:01:00Z,MODERATELY_ACTIVE,Fitbit App
2026-05-31T10:02:00Z,LIGHTLY_ACTIVE,Fitbit App
2026-05-31T10:03:00Z,SEDENTARY,Fitbit App
2026-05-31T10:04:00Z,SEDENTARY,Fitbit App
2026-05-31T10:05:00Z,SEDENTARY,Fitbit App
2026-05-31T10:06:00Z,SEDENTARY,Fitbit App
2026-05-31T10:07:00Z,SEDENTARY,Fitbit App
2026-05-31T10:08:00Z,SEDENTARY,Fitbit App
2026-05-31T10:09:00Z,SEDENTARY,Fitbit App
2026-05-31T10:10:00Z,SEDENTARY,Fitbit App
2026-05-31T10:11:00Z,SEDENTARY,Fitbit App
2026-05-31T10:12:00Z,SEDENTARY,Fitbit App
2026-05-31T10:13:00Z,SEDENTARY,Fitbit App
2026-05-31T10:14:00Z,SEDENTARY,Fitbit App
2026-05-31T10:15:00Z,SEDENTARY,Fitbit App
2026-05-31T10:16:00Z,SEDENTARY,Fitbit App
2026-05-31T10:17:00Z,SEDENTARY,Fitbit App
2026-05-31T10:18:00Z,SEDENTARY,Fitbit App
2026-05-31T10:19:00Z,SEDENTARY,Fitbit App
2026-05-31T10:20:00Z,SEDENTARY,Fitbit App
2026-05-31T10:21:00Z,SEDENTARY,Fitbit App
2026-05-31T10:22:00Z,SEDENTARY,Fitbit App
2026-05-31T10:24:00Z,SEDENTARY,Fitbit App
2026-05-31T10:25:00Z,SEDENTARY,Fitbit App
2026-05-31T10:26:00Z,SEDENTARY,Fitbit App
2026-05-31T10:27:00Z,SEDENTARY,Fitbit App
2026-05-31T10:28:00Z,SEDENTARY,Fitbit App
2026-05-31T10:29:00Z,SEDENTARY,Fitbit App
2026-05-31T10:30:00Z,SEDENTARY,Fitbit App
2026-05-31T10:31:00Z,SEDENTARY,Fitbit App
2026-05-31T10:32:00Z,SEDENTARY,Fitbit App
2026-05-31T10:33:00Z,MODERATELY_ACTIVE,Fitbit App
2026-05-31T10:34:00Z,VERY_ACTIVE,Fitbit App
2026-05-31T10:35:00Z,VERY_ACTIVE,Fitbit App
2026-05-31T10:36:00Z,MODERATELY_ACTIVE,Fitbit App
2026-05-31T10:37:00Z,MODERATELY_ACTIVE,Fitbit App
2026-05-31T10:38:00Z,MODERATELY_ACTIVE,Fitbit App
2026-05-31T10:39:00Z,MODERATELY_ACTIVE,Fitbit App
2026-05-31T10:40:00Z,MODERATELY_ACTIVE,Fitbit App
2026-05-31T10:41:00Z,MODERATELY_ACTIVE,Fitbit App
2026-05-31T10:42:00Z,MODERATELY_ACTIVE,Fitbit App
2026-05-31T10:43:00Z,MODERATELY_ACTIVE,Fitbit App
2026-05-31T10:44:00Z,MODERATELY_ACTIVE,Fitbit App
2026-05-31T10:45:00Z,MODERATELY_ACTIVE,Fitbit App
2026-05-31T10:46:00Z,MODERATELY_ACTIVE,Fitbit App
2026-05-31T10:47:00Z,LIGHTLY_ACTIVE,Fitbit App
2026-05-31T10:48:00Z,MODERATELY_ACTIVE,Fitbit App
2026-05-31T10:49:00Z,MODERATELY_ACTIVE,Fitbit App
2026-05-31T10:50:00Z,MODERATELY_ACTIVE,Fitbit App
2026-05-31T10:51:00Z,MODERATELY_ACTIVE,Fitbit App
2026-05-31T10:52:00Z,MODERATELY_ACTIVE,Fitbit App
2026-05-31T10:53:00Z,MODERATELY_ACTIVE,Fitbit App
2026-05-31T10:54:00Z,SEDENTARY,Fitbit App
2026-05-31T10:55:00Z,SEDENTARY,Fitbit App
2026-05-31T10:56:00Z,SEDENTARY,Fitbit App
2026-05-31T10:57:00Z,SEDENTARY,Fitbit App
2026-05-31T10:58:00Z,LIGHTLY_ACTIVE,Fitbit App
2026-05-31T10:59:00Z,LIGHTLY_ACTIVE,Fitbit App
2026-05-31T11:00:00Z,LIGHTLY_ACTIVE,Fitbit App
2026-05-31T11:01:00Z,LIGHTLY_ACTIVE,Fitbit App
2026-05-31T11:02:00Z,LIGHTLY_ACTIVE,Fitbit App
2026-05-31T11:03:00Z,LIGHTLY_ACTIVE,Fitbit App
2026-05-31T11:04:00Z,SEDENTARY,Fitbit App
2026-05-31T11:05:00Z,LIGHTLY_ACTIVE,Fitbit App
2026-05-31T11:06:00Z,LIGHTLY_ACTIVE,Fitbit App
2026-05-31T11:07:00Z,MODERATELY_ACTIVE,Fitbit App
2026-05-31T11:08:00Z,LIGHTLY_ACTIVE,Fitbit App
2026-05-31T11:09:00Z,LIGHTLY_ACTIVE,Fitbit App
2026-05-31T11:10:00Z,MODERATELY_ACTIVE,Fitbit App
2026-05-31T11:11:00Z,LIGHTLY_ACTIVE,Fitbit App
2026-05-31T11:12:00Z,LIGHTLY_ACTIVE,Fitbit App
2026-05-31T11:13:00Z,SEDENTARY,Fitbit App
2026-05-31T11:14:00Z,SEDENTARY,Fitbit App
2026-05-31T11:15:00Z,SEDENTARY,Fitbit App
2026-05-31T11:16:00Z,SEDENTARY,Fitbit App
2026-05-31T11:17:00Z,SEDENTARY,Fitbit App
2026-05-31T11:18:00Z,SEDENTARY,Fitbit App
2026-05-31T11:19:00Z,SEDENTARY,Fitbit App
2026-05-31T11:20:00Z,SEDENTARY,Fitbit App
2026-05-31T11:21:00Z,SEDENTARY,Fitbit App
2026-05-31T11:22:00Z,SEDENTARY,Fitbit App
2026-05-31T11:23:00Z,SEDENTARY,Fitbit App
2026-05-31T11:24:00Z,SEDENTARY,Fitbit App
2026-05-31T11:25:00Z,SEDENTARY,Fitbit App
2026-05-31T11:26:00Z,SEDENTARY,Fitbit App
2026-05-31T11:27:00Z,SEDENTARY,Fitbit App
2026-05-31T11:28:00Z,SEDENTARY,Fitbit App
2026-05-31T11:29:00Z,SEDENTARY,Fitbit App
2026-05-31T11:30:00Z,MODERATELY_ACTIVE,Fitbit App
2026-05-31T11:31:00Z,LIGHTLY_ACTIVE,Fitbit App
2026-05-31T11:32:00Z,VERY_ACTIVE,Fitbit App
2026-05-31T11:33:00Z,VERY_ACTIVE,Fitbit App
2026-05-31T11:34:00Z,MODERATELY_ACTIVE,Fitbit App
2026-05-31T11:35:00Z,LIGHTLY_ACTIVE,Fitbit App
2026-05-31T11:36:00Z,SEDENTARY,Fitbit App
2026-05-31T11:37:00Z,SEDENTARY,Fitbit App
2026-05-31T11:38:00Z,SEDENTARY,Fitbit App
2026-05-31T11:39:00Z,SEDENTARY,Fitbit App
2026-05-31T11:40:00Z,LIGHTLY_ACTIVE,Fitbit App
2026-05-31T11:41:00Z,MODERATELY_ACTIVE,Fitbit App
2026-05-31T11:42:00Z,MODERATELY_ACTIVE,Fitbit App
2026-05-31T11:43:00Z,LIGHTLY_ACTIVE,Fitbit App
2026-05-31T11:44:00Z,MODERATELY_ACTIVE,Fitbit App
2026-05-31T11:45:00Z,MODERATELY_ACTIVE,Fitbit App
2026-05-31T11:46:00Z,VERY_ACTIVE,Fitbit App
2026-05-31T11:47:00Z,MODERATELY_ACTIVE,Fitbit App
2026-05-31T11:48:00Z,MODERATELY_ACTIVE,Fitbit App
2026-05-31T11:49:00Z,MODERATELY_ACTIVE,Fitbit App
2026-05-31T11:50:00Z,LIGHTLY_ACTIVE,Fitbit App
2026-05-31T11:51:00Z,SEDENTARY,Fitbit App
2026-05-31T11:52:00Z,SEDENTARY,Fitbit App
2026-05-31T11:53:00Z,SEDENTARY,Fitbit App
2026-05-31T11:54:00Z,SEDENTARY,Fitbit App
2026-05-31T11:55:00Z,SEDENTARY,Fitbit App
2026-05-31T11:56:00Z,SEDENTARY,Fitbit App
2026-05-31T11:57:00Z,SEDENTARY,Fitbit App
2026-05-31T11:58:00Z,SEDENTARY,Fitbit App
2026-05-31T11:59:00Z,SEDENTARY,Fitbit App
2026-05-31T12:00:00Z,SEDENTARY,Fitbit App
2026-05-31T12:01:00Z,SEDENTARY,Fitbit App
2026-05-31T12:02:00Z,SEDENTARY,Fitbit App
2026-05-31T12:03:00Z,LIGHTLY_ACTIVE,Fitbit App
2026-05-31T12:04:00Z,SEDENTARY,Fitbit App
2026-05-31T12:05:00Z,SEDENTARY,Fitbit App
2026-05-31T12:06:00Z,SEDENTARY,Fitbit App
2026-05-31T12:07:00Z,LIGHTLY_ACTIVE,Fitbit App
2026-05-31T12:08:00Z,SEDENTARY,Fitbit App
2026-05-31T12:09:00Z,MODERATELY_ACTIVE,Fitbit App
2026-05-31T12:10:00Z,MODERATELY_ACTIVE,Fitbit App
2026-05-31T12:11:00Z,SEDENTARY,Fitbit App
2026-05-31T12:12:00Z,MODERATELY_ACTIVE,Fitbit App
2026-05-31T12:13:00Z,MODERATELY_ACTIVE,Fitbit App
2026-05-31T12:14:00Z,VERY_ACTIVE,Fitbit App
2026-05-31T12:15:00Z,VERY_ACTIVE,Fitbit App
2026-05-31T12:16:00Z,MODERATELY_ACTIVE,Fitbit App
2026-05-31T12:17:00Z,MODERATELY_ACTIVE,Fitbit App
2026-05-31T12:18:00Z,VERY_ACTIVE,Fitbit App
2026-05-31T12:19:00Z,MODERATELY_ACTIVE,Fitbit App
2026-05-31T12:20:00Z,MODERATELY_ACTIVE,Fitbit App
2026-05-31T12:21:00Z,MODERATELY_ACTIVE,Fitbit App
2026-05-31T12:22:00Z,MODERATELY_ACTIVE,Fitbit App
2026-05-31T12:23:00Z,VERY_ACTIVE,Fitbit App
2026-05-31T12:24:00Z,MODERATELY_ACTIVE,Fitbit App
2026-05-31T12:25:00Z,LIGHTLY_ACTIVE,Fitbit App
2026-05-31T12:26:00Z,MODERATELY_ACTIVE,Fitbit App
2026-05-31T12:27:00Z,MODERATELY_ACTIVE,Fitbit App
2026-05-31T12:28:00Z,MODERATELY_ACTIVE,Fitbit App
2026-05-31T12:29:00Z,MODERATELY_ACTIVE,Fitbit App
2026-05-31T12:30:00Z,VERY_ACTIVE,Fitbit App
2026-05-31T12:31:00Z,VERY_ACTIVE,Fitbit App
2026-05-31T12:32:00Z,VERY_ACTIVE,Fitbit App
2026-05-31T12:33:00Z,VERY_ACTIVE,Fitbit App
2026-05-31T12:34:00Z,VERY_ACTIVE,Fitbit App
2026-05-31T12:35:00Z,VERY_ACTIVE,Fitbit App
2026-05-31T12:36:00Z,VERY_ACTIVE,Fitbit App
2026-05-31T12:37:00Z,VERY_ACTIVE,Fitbit App
2026-05-31T12:38:00Z,VERY_ACTIVE,Fitbit App
2026-05-31T12:39:00Z,MODERATELY_ACTIVE,Fitbit App
2026-05-31T12:40:00Z,VERY_ACTIVE,Fitbit App
2026-05-31T12:41:00Z,VERY_ACTIVE,Fitbit App
2026-05-31T12:42:00Z,VERY_ACTIVE,Fitbit App
2026-05-31T12:43:00Z,VERY_ACTIVE,Fitbit App
2026-05-31T12:44:00Z,VERY_ACTIVE,Fitbit App
2026-05-31T12:45:00Z,VERY_ACTIVE,Fitbit App
2026-05-31T12:46:00Z,VERY_ACTIVE,Fitbit App
2026-05-31T12:47:00Z,VERY_ACTIVE,Fitbit App
2026-05-31T12:48:00Z,LIGHTLY_ACTIVE,Fitbit App
2026-05-31T12:49:00Z,MODERATELY_ACTIVE,Fitbit App
2026-05-31T12:50:00Z,VERY_ACTIVE,Fitbit App
2026-05-31T12:51:00Z,VERY_ACTIVE,Fitbit App
2026-05-31T12:52:00Z,VERY_ACTIVE,Fitbit App
2026-05-31T12:53:00Z,VERY_ACTIVE,Fitbit App
2026-05-31T12:54:00Z,VERY_ACTIVE,Fitbit App
2026-05-31T12:55:00Z,VERY_ACTIVE,Fitbit App
2026-05-31T12:56:00Z,VERY_ACTIVE,Fitbit App
2026-05-31T12:57:00Z,VERY_ACTIVE,Fitbit App
2026-05-31T12:58:00Z,VERY_ACTIVE,Fitbit App
2026-05-31T12:59:00Z,VERY_ACTIVE,Fitbit App
2026-05-31T13:00:00Z,VERY_ACTIVE,Fitbit App
2026-05-31T13:01:00Z,VERY_ACTIVE,Fitbit App
2026-05-31T13:02:00Z,MODERATELY_ACTIVE,Fitbit App
2026-05-31T13:03:00Z,SEDENTARY,Fitbit App
2026-05-31T13:04:00Z,SEDENTARY,Fitbit App
2026-05-31T13:05:00Z,LIGHTLY_ACTIVE,Fitbit App
2026-05-31T13:06:00Z,LIGHTLY_ACTIVE,Fitbit App
2026-05-31T13:07:00Z,LIGHTLY_ACTIVE,Fitbit App
2026-05-31T13:08:00Z,LIGHTLY_ACTIVE,Fitbit App
2026-05-31T13:09:00Z,SEDENTARY,Fitbit App
2026-05-31T13:10:00Z,SEDENTARY,Fitbit App
2026-05-31T13:11:00Z,SEDENTARY,Fitbit App
2026-05-31T13:12:00Z,SEDENTARY,Fitbit App
2026-05-31T13:13:00Z,SEDENTARY,Fitbit App
2026-05-31T13:14:00Z,SEDENTARY,Fitbit App
2026-05-31T13:15:00Z,SEDENTARY,Fitbit App
2026-05-31T13:16:00Z,SEDENTARY,Fitbit App
2026-05-31T13:17:00Z,SEDENTARY,Fitbit App
2026-05-31T13:18:00Z,SEDENTARY,Fitbit App
2026-05-31T13:19:00Z,SEDENTARY,Fitbit App
2026-05-31T13:20:00Z,SEDENTARY,Fitbit App
2026-05-31T13:21:00Z,LIGHTLY_ACTIVE,Fitbit App
2026-05-31T13:22:00Z,SEDENTARY,Fitbit App
2026-05-31T13:23:00Z,SEDENTARY,Fitbit App
2026-05-31T13:24:00Z,SEDENTARY,Fitbit App
2026-05-31T13:25:00Z,SEDENTARY,Fitbit App
2026-05-31T13:26:00Z,SEDENTARY,Fitbit App
2026-05-31T13:27:00Z,SEDENTARY,Fitbit App
2026-05-31T13:28:00Z,SEDENTARY,Fitbit App
2026-05-31T13:29:00Z,SEDENTARY,Fitbit App
2026-05-31T13:30:00Z,LIGHTLY_ACTIVE,Fitbit App
2026-05-31T13:31:00Z,LIGHTLY_ACTIVE,Fitbit App
2026-05-31T13:32:00Z,LIGHTLY_ACTIVE,Fitbit App
2026-05-31T13:33:00Z,LIGHTLY_ACTIVE,Fitbit App
2026-05-31T13:34:00Z,LIGHTLY_ACTIVE,Fitbit App
2026-05-31T13:35:00Z,MODERATELY_ACTIVE,Fitbit App
2026-05-31T13:36:00Z,SEDENTARY,Fitbit App
2026-05-31T13:37:00Z,SEDENTARY,Fitbit App
2026-05-31T13:38:00Z,SEDENTARY,Fitbit App
2026-05-31T13:39:00Z,SEDENTARY,Fitbit App
2026-05-31T13:40:00Z,SEDENTARY,Fitbit App
2026-05-31T13:41:00Z,SEDENTARY,Fitbit App
2026-05-31T13:42:00Z,SEDENTARY,Fitbit App
2026-05-31T13:43:00Z,SEDENTARY,Fitbit App
2026-05-31T13:44:00Z,SEDENTARY,Fitbit App
2026-05-31T13:45:00Z,SEDENTARY,Fitbit App
2026-05-31T13:46:00Z,LIGHTLY_ACTIVE,Fitbit App
2026-05-31T13:47:00Z,SEDENTARY,Fitbit App
2026-05-31T13:48:00Z,SEDENTARY,Fitbit App
2026-05-31T13:49:00Z,SEDENTARY,Fitbit App
2026-05-31T13:50:00Z,SEDENTARY,Fitbit App
2026-05-31T13:51:00Z,SEDENTARY,Fitbit App
2026-05-31T13:52:00Z,LIGHTLY_ACTIVE,Fitbit App
2026-05-31T13:53:00Z,SEDENTARY,Fitbit App
2026-05-31T13:54:00Z,SEDENTARY,Fitbit App
2026-05-31T13:55:00Z,SEDENTARY,Fitbit App
2026-05-31T13:56:00Z,SEDENTARY,Fitbit App
2026-05-31T13:57:00Z,SEDENTARY,Fitbit App
2026-05-31T13:58:00Z,SEDENTARY,Fitbit App
2026-05-31T13:59:00Z,SEDENTARY,Fitbit App
2026-05-31T14:00:00Z,SEDENTARY,Fitbit App
2026-05-31T14:01:00Z,SEDENTARY,Fitbit App
2026-05-31T14:02:00Z,SEDENTARY,Fitbit App
2026-05-31T14:03:00Z,SEDENTARY,Fitbit App
2026-05-31T14:04:00Z,SEDENTARY,Fitbit App
2026-05-31T14:05:00Z,SEDENTARY,Fitbit App
2026-05-31T14:06:00Z,SEDENTARY,Fitbit App
2026-05-31T14:07:00Z,SEDENTARY,Fitbit App
2026-05-31T14:08:00Z,SEDENTARY,Fitbit App
2026-05-31T14:09:00Z,SEDENTARY,Fitbit App
2026-05-31T14:10:00Z,SEDENTARY,Fitbit App
2026-05-31T14:11:00Z,SEDENTARY,Fitbit App
2026-05-31T14:12:00Z,SEDENTARY,Fitbit App
2026-05-31T14:13:00Z,SEDENTARY,Fitbit App
2026-05-31T14:14:00Z,SEDENTARY,Fitbit App
2026-05-31T14:15:00Z,SEDENTARY,Fitbit App
2026-05-31T14:16:00Z,SEDENTARY,Fitbit App
2026-05-31T14:17:00Z,SEDENTARY,Fitbit App
2026-05-31T14:18:00Z,SEDENTARY,Fitbit App
2026-05-31T14:19:00Z,SEDENTARY,Fitbit App
2026-05-31T14:20:00Z,SEDENTARY,Fitbit App
2026-05-31T14:21:00Z,SEDENTARY,Fitbit App
2026-05-31T14:22:00Z,SEDENTARY,Fitbit App
2026-05-31T14:23:00Z,SEDENTARY,Fitbit App
2026-05-31T14:24:00Z,SEDENTARY,Fitbit App
2026-05-31T14:25:00Z,SEDENTARY,Fitbit App
2026-05-31T14:26:00Z,SEDENTARY,Fitbit App
2026-05-31T14:27:00Z,SEDENTARY,Fitbit App
2026-05-31T14:28:00Z,SEDENTARY,Fitbit App
2026-05-31T14:29:00Z,SEDENTARY,Fitbit App
2026-05-31T14:30:00Z,SEDENTARY,Fitbit App
2026-05-31T14:31:00Z,SEDENTARY,Fitbit App
2026-05-31T14:32:00Z,SEDENTARY,Fitbit App
2026-05-31T14:33:00Z,SEDENTARY,Fitbit App
2026-05-31T14:34:00Z,SEDENTARY,Fitbit App
2026-05-31T14:35:00Z,SEDENTARY,Fitbit App
2026-05-31T14:36:00Z,LIGHTLY_ACTIVE,Fitbit App
2026-05-31T14:37:00Z,LIGHTLY_ACTIVE,Fitbit App
2026-05-31T14:38:00Z,LIGHTLY_ACTIVE,Fitbit App
2026-05-31T14:39:00Z,MODERATELY_ACTIVE,Fitbit App
2026-05-31T14:40:00Z,LIGHTLY_ACTIVE,Fitbit App
2026-05-31T14:41:00Z,MODERATELY_ACTIVE,Fitbit App
2026-05-31T14:42:00Z,LIGHTLY_ACTIVE,Fitbit App
2026-05-31T14:43:00Z,SEDENTARY,Fitbit App
2026-05-31T14:44:00Z,LIGHTLY_ACTIVE,Fitbit App
2026-05-31T14:45:00Z,MODERATELY_ACTIVE,Fitbit App
2026-05-31T14:46:00Z,SEDENTARY,Fitbit App
2026-05-31T14:47:00Z,SEDENTARY,Fitbit App
2026-05-31T14:48:00Z,SEDENTARY,Fitbit App
2026-05-31T14:49:00Z,SEDENTARY,Fitbit App
2026-05-31T14:50:00Z,SEDENTARY,Fitbit App
2026-05-31T14:51:00Z,SEDENTARY,Fitbit App
2026-05-31T14:52:00Z,SEDENTARY,Fitbit App
2026-05-31T14:53:00Z,SEDENTARY,Fitbit App
2026-05-31T14:54:00Z,SEDENTARY,Fitbit App
2026-05-31T14:55:00Z,SEDENTARY,Fitbit App
2026-05-31T14:56:00Z,SEDENTARY,Fitbit App
2026-05-31T14:57:00Z,SEDENTARY,Fitbit App
2026-05-31T14:58:00Z,SEDENTARY,Fitbit App
2026-05-31T14:59:00Z,SEDENTARY,Fitbit App
2026-05-31T15:00:00Z,SEDENTARY,Fitbit App
2026-05-31T15:01:00Z,SEDENTARY,Fitbit App
2026-05-31T15:02:00Z,SEDENTARY,Fitbit App
2026-05-31T15:03:00Z,SEDENTARY,Fitbit App
2026-05-31T15:04:00Z,SEDENTARY,Fitbit App
2026-05-31T15:05:00Z,SEDENTARY,Fitbit App
2026-05-31T15:06:00Z,SEDENTARY,Fitbit App
2026-05-31T15:07:00Z,LIGHTLY_ACTIVE,Fitbit App
2026-05-31T15:08:00Z,SEDENTARY,Fitbit App
2026-05-31T15:09:00Z,SEDENTARY,Fitbit App
2026-05-31T15:10:00Z,LIGHTLY_ACTIVE,Fitbit App
2026-05-31T15:11:00Z,MODERATELY_ACTIVE,Fitbit App
2026-05-31T15:12:00Z,MODERATELY_ACTIVE,Fitbit App
2026-05-31T15:13:00Z,LIGHTLY_ACTIVE,Fitbit App
2026-05-31T15:14:00Z,SEDENTARY,Fitbit App
2026-05-31T15:15:00Z,MODERATELY_ACTIVE,Fitbit App
2026-05-31T15:16:00Z,MODERATELY_ACTIVE,Fitbit App
2026-05-31T15:17:00Z,MODERATELY_ACTIVE,Fitbit App
2026-05-31T15:18:00Z,MODERATELY_ACTIVE,Fitbit App
2026-05-31T15:19:00Z,MODERATELY_ACTIVE,Fitbit App
2026-05-31T15:20:00Z,MODERATELY_ACTIVE,Fitbit App
2026-05-31T15:21:00Z,MODERATELY_ACTIVE,Fitbit App
2026-05-31T15:22:00Z,MODERATELY_ACTIVE,Fitbit App
2026-05-31T15:23:00Z,MODERATELY_ACTIVE,Fitbit App
2026-05-31T15:24:00Z,MODERATELY_ACTIVE,Fitbit App
2026-05-31T15:25:00Z,MODERATELY_ACTIVE,Fitbit App
2026-05-31T15:26:00Z,MODERATELY_ACTIVE,Fitbit App
2026-05-31T15:27:00Z,MODERATELY_ACTIVE,Fitbit App
2026-05-31T15:28:00Z,LIGHTLY_ACTIVE,Fitbit App
2026-05-31T15:29:00Z,SEDENTARY,Fitbit App
2026-05-31T15:30:00Z,SEDENTARY,Fitbit App
2026-05-31T15:31:00Z,SEDENTARY,Fitbit App
2026-05-31T15:32:00Z,SEDENTARY,Fitbit App
2026-05-31T15:33:00Z,SEDENTARY,Fitbit App
2026-05-31T15:34:00Z,SEDENTARY,Fitbit App
2026-05-31T15:35:00Z,SEDENTARY,Fitbit App
2026-05-31T15:36:00Z,LIGHTLY_ACTIVE,Fitbit App
2026-05-31T15:37:00Z,SEDENTARY,Fitbit App
2026-05-31T15:38:00Z,LIGHTLY_ACTIVE,Fitbit App
2026-05-31T15:39:00Z,SEDENTARY,Fitbit App
2026-05-31T15:40:00Z,SEDENTARY,Fitbit App
2026-05-31T15:41:00Z,SEDENTARY,Fitbit App
2026-05-31T15:42:00Z,SEDENTARY,Fitbit App
2026-05-31T15:43:00Z,SEDENTARY,Fitbit App
2026-05-31T15:44:00Z,SEDENTARY,Fitbit App
2026-05-31T15:45:00Z,SEDENTARY,Fitbit App
2026-05-31T15:46:00Z,SEDENTARY,Fitbit App
2026-05-31T15:47:00Z,SEDENTARY,Fitbit App
2026-05-31T15:48:00Z,SEDENTARY,Fitbit App
2026-05-31T15:49:00Z,SEDENTARY,Fitbit App
2026-05-31T15:50:00Z,SEDENTARY,Fitbit App
2026-05-31T15:51:00Z,SEDENTARY,Fitbit App
2026-05-31T15:52:00Z,SEDENTARY,Fitbit App
2026-05-31T15:53:00Z,SEDENTARY,Fitbit App
2026-05-31T15:54:00Z,MODERATELY_ACTIVE,Fitbit App
2026-05-31T15:55:00Z,MODERATELY_ACTIVE,Fitbit App
2026-05-31T15:56:00Z,VERY_ACTIVE,Fitbit App
2026-05-31T15:57:00Z,SEDENTARY,Fitbit App
2026-05-31T15:58:00Z,SEDENTARY,Fitbit App
2026-05-31T15:59:00Z,SEDENTARY,Fitbit App
2026-05-31T16:00:00Z,SEDENTARY,Fitbit App
2026-05-31T16:01:00Z,SEDENTARY,Fitbit App
2026-05-31T16:02:00Z,SEDENTARY,Fitbit App
2026-05-31T16:03:00Z,SEDENTARY,Fitbit App
2026-05-31T16:04:00Z,SEDENTARY,Fitbit App
2026-05-31T16:05:00Z,SEDENTARY,Fitbit App
2026-05-31T16:06:00Z,SEDENTARY,Fitbit App
2026-05-31T16:07:00Z,SEDENTARY,Fitbit App
2026-05-31T16:08:00Z,SEDENTARY,Fitbit App
2026-05-31T16:09:00Z,SEDENTARY,Fitbit App
2026-05-31T16:10:00Z,SEDENTARY,Fitbit App
2026-05-31T16:11:00Z,SEDENTARY,Fitbit App
2026-05-31T16:12:00Z,SEDENTARY,Fitbit App
2026-05-31T16:13:00Z,SEDENTARY,Fitbit App
2026-05-31T16:14:00Z,SEDENTARY,Fitbit App
2026-05-31T16:15:00Z,SEDENTARY,Fitbit App
2026-05-31T16:16:00Z,SEDENTARY,Fitbit App
2026-05-31T16:17:00Z,SEDENTARY,Fitbit App
2026-05-31T16:18:00Z,SEDENTARY,Fitbit App
2026-05-31T16:19:00Z,SEDENTARY,Fitbit App
2026-05-31T16:20:00Z,SEDENTARY,Fitbit App
2026-05-31T16:21:00Z,SEDENTARY,Fitbit App
2026-05-31T16:22:00Z,SEDENTARY,Fitbit App
2026-05-31T16:23:00Z,SEDENTARY,Fitbit App
2026-05-31T16:24:00Z,SEDENTARY,Fitbit App
2026-05-31T16:25:00Z,SEDENTARY,Fitbit App
2026-05-31T16:26:00Z,LIGHTLY_ACTIVE,Fitbit App
2026-05-31T16:27:00Z,LIGHTLY_ACTIVE,Fitbit App
2026-05-31T16:28:00Z,MODERATELY_ACTIVE,Fitbit App
2026-05-31T16:29:00Z,MODERATELY_ACTIVE,Fitbit App
2026-05-31T16:30:00Z,SEDENTARY,Fitbit App
2026-05-31T16:31:00Z,LIGHTLY_ACTIVE,Fitbit App
2026-05-31T16:32:00Z,LIGHTLY_ACTIVE,Fitbit App
2026-05-31T16:33:00Z,LIGHTLY_ACTIVE,Fitbit App
2026-05-31T16:34:00Z,LIGHTLY_ACTIVE,Fitbit App
2026-05-31T16:35:00Z,SEDENTARY,Fitbit App
2026-05-31T16:36:00Z,SEDENTARY,Fitbit App
2026-05-31T16:37:00Z,LIGHTLY_ACTIVE,Fitbit App
2026-05-31T16:38:00Z,SEDENTARY,Fitbit App
2026-05-31T16:39:00Z,LIGHTLY_ACTIVE,Fitbit App
2026-05-31T16:40:00Z,LIGHTLY_ACTIVE,Fitbit App
2026-05-31T16:41:00Z,LIGHTLY_ACTIVE,Fitbit App
2026-05-31T16:42:00Z,SEDENTARY,Fitbit App
2026-05-31T16:43:00Z,SEDENTARY,Fitbit App
2026-05-31T16:44:00Z,SEDENTARY,Fitbit App
2026-05-31T16:45:00Z,LIGHTLY_ACTIVE,Fitbit App
2026-05-31T16:46:00Z,LIGHTLY_ACTIVE,Fitbit App
2026-05-31T16:47:00Z,LIGHTLY_ACTIVE,Fitbit App
2026-05-31T16:48:00Z,LIGHTLY_ACTIVE,Fitbit App
2026-05-31T16:49:00Z,SEDENTARY,Fitbit App
2026-05-31T16:50:00Z,LIGHTLY_ACTIVE,Fitbit App
2026-05-31T16:51:00Z,SEDENTARY,Fitbit App
2026-05-31T16:52:00Z,SEDENTARY,Fitbit App
2026-05-31T16:53:00Z,LIGHTLY_ACTIVE,Fitbit App
2026-05-31T16:54:00Z,SEDENTARY,Fitbit App
2026-05-31T16:55:00Z,SEDENTARY,Fitbit App
2026-05-31T16:56:00Z,SEDENTARY,Fitbit App
2026-05-31T16:57:00Z,SEDENTARY,Fitbit App
2026-05-31T16:58:00Z,MODERATELY_ACTIVE,Fitbit App
2026-05-31T16:59:00Z,MODERATELY_ACTIVE,Fitbit App
2026-05-31T17:00:00Z,MODERATELY_ACTIVE,Fitbit App
2026-05-31T17:01:00Z,MODERATELY_ACTIVE,Fitbit App
2026-05-31T17:02:00Z,MODERATELY_ACTIVE,Fitbit App
2026-05-31T17:03:00Z,VERY_ACTIVE,Fitbit App
2026-05-31T17:04:00Z,VERY_ACTIVE,Fitbit App
2026-05-31T17:05:00Z,MODERATELY_ACTIVE,Fitbit App
2026-05-31T17:06:00Z,MODERATELY_ACTIVE,Fitbit App
2026-05-31T17:07:00Z,LIGHTLY_ACTIVE,Fitbit App
2026-05-31T17:08:00Z,LIGHTLY_ACTIVE,Fitbit App
2026-05-31T17:09:00Z,SEDENTARY,Fitbit App
2026-05-31T17:10:00Z,SEDENTARY,Fitbit App
2026-05-31T17:11:00Z,SEDENTARY,Fitbit App
2026-05-31T17:12:00Z,LIGHTLY_ACTIVE,Fitbit App
2026-05-31T17:13:00Z,LIGHTLY_ACTIVE,Fitbit App
2026-05-31T17:14:00Z,LIGHTLY_ACTIVE,Fitbit App
2026-05-31T17:15:00Z,SEDENTARY,Fitbit App
2026-05-31T17:16:00Z,SEDENTARY,Fitbit App
2026-05-31T17:17:00Z,SEDENTARY,Fitbit App
2026-05-31T17:18:00Z,SEDENTARY,Fitbit App
2026-05-31T17:19:00Z,LIGHTLY_ACTIVE,Fitbit App
2026-05-31T17:20:00Z,LIGHTLY_ACTIVE,Fitbit App
2026-05-31T17:21:00Z,SEDENTARY,Fitbit App
2026-05-31T17:22:00Z,LIGHTLY_ACTIVE,Fitbit App
2026-05-31T17:23:00Z,LIGHTLY_ACTIVE,Fitbit App
2026-05-31T17:24:00Z,LIGHTLY_ACTIVE,Fitbit App
2026-05-31T17:25:00Z,SEDENTARY,Fitbit App
2026-05-31T17:26:00Z,SEDENTARY,Fitbit App
2026-05-31T17:27:00Z,SEDENTARY,Fitbit App
2026-05-31T17:28:00Z,SEDENTARY,Fitbit App
2026-05-31T17:29:00Z,SEDENTARY,Fitbit App
2026-05-31T17:30:00Z,LIGHTLY_ACTIVE,Fitbit App
2026-05-31T17:31:00Z,MODERATELY_ACTIVE,Fitbit App
2026-05-31T17:32:00Z,VERY_ACTIVE,Fitbit App
2026-05-31T17:33:00Z,VERY_ACTIVE,Fitbit App
2026-05-31T17:34:00Z,VERY_ACTIVE,Fitbit App
2026-05-31T17:35:00Z,VERY_ACTIVE,Fitbit App
2026-05-31T17:36:00Z,VERY_ACTIVE,Fitbit App
2026-05-31T17:37:00Z,MODERATELY_ACTIVE,Fitbit App
2026-05-31T17:38:00Z,LIGHTLY_ACTIVE,Fitbit App
2026-05-31T17:39:00Z,SEDENTARY,Fitbit App
2026-05-31T17:40:00Z,SEDENTARY,Fitbit App
2026-05-31T17:41:00Z,SEDENTARY,Fitbit App
2026-05-31T17:42:00Z,SEDENTARY,Fitbit App
2026-05-31T17:43:00Z,SEDENTARY,Fitbit App
2026-05-31T17:44:00Z,SEDENTARY,Fitbit App
2026-05-31T17:45:00Z,SEDENTARY,Fitbit App
2026-05-31T17:46:00Z,SEDENTARY,Fitbit App
2026-05-31T17:47:00Z,SEDENTARY,Fitbit App
2026-05-31T17:48:00Z,SEDENTARY,Fitbit App
2026-05-31T17:49:00Z,SEDENTARY,Fitbit App
2026-05-31T17:50:00Z,SEDENTARY,Fitbit App
2026-05-31T17:51:00Z,SEDENTARY,Fitbit App
2026-05-31T17:52:00Z,SEDENTARY,Fitbit App
2026-05-31T17:53:00Z,SEDENTARY,Fitbit App
2026-05-31T17:54:00Z,SEDENTARY,Fitbit App
2026-05-31T17:55:00Z,SEDENTARY,Fitbit App
2026-05-31T17:56:00Z,SEDENTARY,Fitbit App
2026-05-31T17:57:00Z,SEDENTARY,Fitbit App
2026-05-31T17:58:00Z,SEDENTARY,Fitbit App
2026-05-31T17:59:00Z,SEDENTARY,Fitbit App
2026-05-31T18:00:00Z,SEDENTARY,Fitbit App
2026-05-31T18:01:00Z,SEDENTARY,Fitbit App
2026-05-31T18:02:00Z,SEDENTARY,Fitbit App
2026-05-31T18:03:00Z,SEDENTARY,Fitbit App
2026-05-31T18:04:00Z,SEDENTARY,Fitbit App
2026-05-31T18:05:00Z,SEDENTARY,Fitbit App
2026-05-31T18:06:00Z,SEDENTARY,Fitbit App
2026-05-31T18:07:00Z,SEDENTARY,Fitbit App
2026-05-31T18:08:00Z,SEDENTARY,Fitbit App
2026-05-31T18:09:00Z,SEDENTARY,Fitbit App
2026-05-31T18:10:00Z,SEDENTARY,Fitbit App
2026-05-31T18:11:00Z,SEDENTARY,Fitbit App
2026-05-31T18:12:00Z,SEDENTARY,Fitbit App
2026-05-31T18:13:00Z,SEDENTARY,Fitbit App
2026-05-31T18:14:00Z,SEDENTARY,Fitbit App
2026-05-31T18:15:00Z,SEDENTARY,Fitbit App
2026-05-31T18:16:00Z,SEDENTARY,Fitbit App
2026-05-31T18:17:00Z,SEDENTARY,Fitbit App
2026-05-31T18:18:00Z,SEDENTARY,Fitbit App
2026-05-31T18:19:00Z,SEDENTARY,Fitbit App
2026-05-31T18:20:00Z,SEDENTARY,Fitbit App
2026-05-31T18:21:00Z,SEDENTARY,Fitbit App
2026-05-31T18:22:00Z,SEDENTARY,Fitbit App
2026-05-31T18:23:00Z,SEDENTARY,Fitbit App
2026-05-31T18:24:00Z,SEDENTARY,Fitbit App
2026-05-31T18:25:00Z,SEDENTARY,Fitbit App
2026-05-31T18:26:00Z,SEDENTARY,Fitbit App
2026-05-31T18:27:00Z,LIGHTLY_ACTIVE,Fitbit App
2026-05-31T18:28:00Z,LIGHTLY_ACTIVE,Fitbit App
2026-05-31T18:29:00Z,VERY_ACTIVE,Fitbit App
2026-05-31T18:30:00Z,VERY_ACTIVE,Fitbit App
2026-05-31T18:31:00Z,MODERATELY_ACTIVE,Fitbit App
2026-05-31T18:32:00Z,MODERATELY_ACTIVE,Fitbit App
2026-05-31T18:33:00Z,SEDENTARY,Fitbit App
2026-05-31T18:34:00Z,SEDENTARY,Fitbit App
2026-05-31T18:35:00Z,SEDENTARY,Fitbit App
2026-05-31T18:36:00Z,LIGHTLY_ACTIVE,Fitbit App
2026-05-31T18:37:00Z,SEDENTARY,Fitbit App
2026-05-31T18:38:00Z,SEDENTARY,Fitbit App
2026-05-31T18:39:00Z,SEDENTARY,Fitbit App
2026-05-31T18:40:00Z,LIGHTLY_ACTIVE,Fitbit App
2026-05-31T18:41:00Z,SEDENTARY,Fitbit App
2026-05-31T18:42:00Z,SEDENTARY,Fitbit App
2026-05-31T18:43:00Z,SEDENTARY,Fitbit App
2026-05-31T18:44:00Z,SEDENTARY,Fitbit App
2026-05-31T18:45:00Z,SEDENTARY,Fitbit App
2026-05-31T18:46:00Z,SEDENTARY,Fitbit App
2026-05-31T18:47:00Z,SEDENTARY,Fitbit App
2026-05-31T18:48:00Z,SEDENTARY,Fitbit App
2026-05-31T18:49:00Z,SEDENTARY,Fitbit App
2026-05-31T18:50:00Z,SEDENTARY,Fitbit App
2026-05-31T18:51:00Z,SEDENTARY,Fitbit App
2026-05-31T18:52:00Z,SEDENTARY,Fitbit App
2026-05-31T18:53:00Z,SEDENTARY,Fitbit App
2026-05-31T18:54:00Z,LIGHTLY_ACTIVE,Fitbit App
2026-05-31T18:55:00Z,VERY_ACTIVE,Fitbit App
2026-05-31T18:56:00Z,VERY_ACTIVE,Fitbit App
2026-05-31T18:57:00Z,MODERATELY_ACTIVE,Fitbit App
2026-05-31T18:58:00Z,LIGHTLY_ACTIVE,Fitbit App
2026-05-31T18:59:00Z,LIGHTLY_ACTIVE,Fitbit App
2026-05-31T19:00:00Z,LIGHTLY_ACTIVE,Fitbit App
2026-05-31T19:01:00Z,LIGHTLY_ACTIVE,Fitbit App
2026-05-31T19:02:00Z,LIGHTLY_ACTIVE,Fitbit App
2026-05-31T19:03:00Z,LIGHTLY_ACTIVE,Fitbit App
2026-05-31T19:04:00Z,LIGHTLY_ACTIVE,Fitbit App
2026-05-31T19:05:00Z,LIGHTLY_ACTIVE,Fitbit App
2026-05-31T19:06:00Z,LIGHTLY_ACTIVE,Fitbit App
2026-05-31T19:07:00Z,LIGHTLY_ACTIVE,Fitbit App
2026-05-31T19:08:00Z,LIGHTLY_ACTIVE,Fitbit App
2026-05-31T19:09:00Z,SEDENTARY,Fitbit App
2026-05-31T19:10:00Z,SEDENTARY,Fitbit App
2026-05-31T19:11:00Z,LIGHTLY_ACTIVE,Fitbit App
2026-05-31T19:12:00Z,SEDENTARY,Fitbit App
2026-05-31T19:13:00Z,LIGHTLY_ACTIVE,Fitbit App
2026-05-31T19:14:00Z,LIGHTLY_ACTIVE,Fitbit App
2026-05-31T19:15:00Z,LIGHTLY_ACTIVE,Fitbit App
2026-05-31T19:16:00Z,LIGHTLY_ACTIVE,Fitbit App
2026-05-31T19:17:00Z,LIGHTLY_ACTIVE,Fitbit App
2026-05-31T19:18:00Z,LIGHTLY_ACTIVE,Fitbit App
2026-05-31T19:19:00Z,LIGHTLY_ACTIVE,Fitbit App
2026-05-31T19:20:00Z,LIGHTLY_ACTIVE,Fitbit App
2026-05-31T19:21:00Z,LIGHTLY_ACTIVE,Fitbit App
2026-05-31T19:22:00Z,LIGHTLY_ACTIVE,Fitbit App
2026-05-31T19:23:00Z,LIGHTLY_ACTIVE,Fitbit App
2026-05-31T19:24:00Z,SEDENTARY,Fitbit App
2026-05-31T19:25:00Z,LIGHTLY_ACTIVE,Fitbit App
2026-05-31T19:26:00Z,SEDENTARY,Fitbit App
2026-05-31T19:27:00Z,SEDENTARY,Fitbit App
2026-05-31T19:28:00Z,SEDENTARY,Fitbit App
2026-05-31T19:29:00Z,SEDENTARY,Fitbit App
2026-05-31T19:30:00Z,SEDENTARY,Fitbit App
2026-05-31T19:31:00Z,SEDENTARY,Fitbit App
2026-05-31T19:32:00Z,SEDENTARY,Fitbit App
2026-05-31T19:33:00Z,SEDENTARY,Fitbit App
2026-05-31T19:34:00Z,SEDENTARY,Fitbit App
2026-05-31T19:35:00Z,SEDENTARY,Fitbit App
2026-05-31T19:36:00Z,LIGHTLY_ACTIVE,Fitbit App
2026-05-31T19:37:00Z,SEDENTARY,Fitbit App
2026-05-31T19:38:00Z,SEDENTARY,Fitbit App
2026-05-31T19:39:00Z,SEDENTARY,Fitbit App
2026-05-31T19:40:00Z,SEDENTARY,Fitbit App
2026-05-31T19:41:00Z,SEDENTARY,Fitbit App
2026-05-31T19:42:00Z,SEDENTARY,Fitbit App
2026-05-31T19:43:00Z,SEDENTARY,Fitbit App
2026-05-31T19:44:00Z,SEDENTARY,Fitbit App
2026-05-31T19:45:00Z,LIGHTLY_ACTIVE,Fitbit App
2026-05-31T19:46:00Z,LIGHTLY_ACTIVE,Fitbit App
2026-05-31T19:47:00Z,LIGHTLY_ACTIVE,Fitbit App
2026-05-31T19:48:00Z,LIGHTLY_ACTIVE,Fitbit App
2026-05-31T19:49:00Z,LIGHTLY_ACTIVE,Fitbit App
2026-05-31T19:50:00Z,LIGHTLY_ACTIVE,Fitbit App
2026-05-31T19:51:00Z,LIGHTLY_ACTIVE,Fitbit App
2026-05-31T19:52:00Z,LIGHTLY_ACTIVE,Fitbit App
2026-05-31T19:53:00Z,LIGHTLY_ACTIVE,Fitbit App
2026-05-31T19:54:00Z,LIGHTLY_ACTIVE,Fitbit App
2026-05-31T19:55:00Z,LIGHTLY_ACTIVE,Fitbit App
2026-05-31T19:56:00Z,LIGHTLY_ACTIVE,Fitbit App
2026-05-31T19:57:00Z,LIGHTLY_ACTIVE,Fitbit App
2026-05-31T19:58:00Z,LIGHTLY_ACTIVE,Fitbit App
2026-05-31T19:59:00Z,LIGHTLY_ACTIVE,Fitbit App
2026-05-31T20:00:00Z,LIGHTLY_ACTIVE,Fitbit App
2026-05-31T20:01:00Z,LIGHTLY_ACTIVE,Fitbit App
2026-05-31T20:02:00Z,LIGHTLY_ACTIVE,Fitbit App
2026-05-31T20:03:00Z,LIGHTLY_ACTIVE,Fitbit App
2026-05-31T20:04:00Z,LIGHTLY_ACTIVE,Fitbit App
2026-05-31T20:05:00Z,LIGHTLY_ACTIVE,Fitbit App
2026-05-31T20:06:00Z,LIGHTLY_ACTIVE,Fitbit App
2026-05-31T20:07:00Z,MODERATELY_ACTIVE,Fitbit App
2026-05-31T20:08:00Z,LIGHTLY_ACTIVE,Fitbit App
2026-05-31T20:09:00Z,SEDENTARY,Fitbit App
2026-05-31T20:10:00Z,SEDENTARY,Fitbit App
2026-05-31T20:11:00Z,SEDENTARY,Fitbit App
2026-05-31T20:12:00Z,SEDENTARY,Fitbit App
2026-05-31T20:13:00Z,SEDENTARY,Fitbit App
2026-05-31T20:14:00Z,SEDENTARY,Fitbit App
2026-05-31T20:15:00Z,SEDENTARY,Fitbit App
2026-05-31T20:16:00Z,SEDENTARY,Fitbit App
2026-05-31T20:17:00Z,SEDENTARY,Fitbit App
2026-05-31T20:18:00Z,SEDENTARY,Fitbit App
2026-05-31T20:19:00Z,SEDENTARY,Fitbit App
2026-05-31T20:20:00Z,SEDENTARY,Fitbit App
2026-05-31T20:21:00Z,SEDENTARY,Fitbit App
2026-05-31T20:26:00Z,SEDENTARY,Fitbit App
2026-05-31T20:27:00Z,SEDENTARY,Fitbit App
2026-05-31T20:28:00Z,SEDENTARY,Fitbit App
2026-05-31T20:29:00Z,SEDENTARY,Fitbit App
2026-05-31T20:30:00Z,SEDENTARY,Fitbit App
2026-05-31T20:31:00Z,SEDENTARY,Fitbit App
2026-05-31T20:32:00Z,SEDENTARY,Fitbit App
2026-05-31T20:33:00Z,SEDENTARY,Fitbit App
2026-05-31T20:34:00Z,LIGHTLY_ACTIVE,Fitbit App
2026-05-31T20:36:00Z,SEDENTARY,Fitbit App
2026-05-31T20:37:00Z,SEDENTARY,Fitbit App
2026-05-31T20:38:00Z,SEDENTARY,Fitbit App
2026-05-31T20:39:00Z,SEDENTARY,Fitbit App
2026-05-31T20:41:00Z,SEDENTARY,Fitbit App
2026-05-31T20:44:00Z,SEDENTARY,Fitbit App
2026-05-31T20:46:00Z,SEDENTARY,Fitbit App
2026-05-31T20:51:00Z,SEDENTARY,Fitbit App
2026-05-31T20:52:00Z,SEDENTARY,Fitbit App
2026-05-31T20:53:00Z,LIGHTLY_ACTIVE,Fitbit App
2026-05-31T20:54:00Z,LIGHTLY_ACTIVE,Fitbit App
2026-05-31T20:55:00Z,LIGHTLY_ACTIVE,Fitbit App
2026-05-31T20:56:00Z,SEDENTARY,Fitbit App
2026-05-31T20:57:00Z,SEDENTARY,Fitbit App
2026-05-31T20:58:00Z,SEDENTARY,Fitbit App
2026-05-31T20:59:00Z,SEDENTARY,Fitbit App
2026-05-31T21:00:00Z,LIGHTLY_ACTIVE,Fitbit App
2026-05-31T21:01:00Z,LIGHTLY_ACTIVE,Fitbit App
2026-05-31T21:02:00Z,SEDENTARY,Fitbit App
2026-05-31T21:03:00Z,SEDENTARY,Fitbit App
2026-05-31T21:04:00Z,LIGHTLY_ACTIVE,Fitbit App
2026-05-31T21:05:00Z,LIGHTLY_ACTIVE,Fitbit App
2026-05-31T21:06:00Z,SEDENTARY,Fitbit App
2026-05-31T21:10:00Z,SEDENTARY,Fitbit App
2026-05-31T21:13:00Z,SEDENTARY,Fitbit App
2026-05-31T21:14:00Z,SEDENTARY,Fitbit App
2026-05-31T21:15:00Z,LIGHTLY_ACTIVE,Fitbit App
2026-05-31T21:16:00Z,SEDENTARY,Fitbit App
2026-05-31T21:17:00Z,SEDENTARY,Fitbit App
2026-05-31T21:18:00Z,SEDENTARY,Fitbit App
2026-05-31T21:19:00Z,SEDENTARY,Fitbit App
2026-05-31T21:21:00Z,SEDENTARY,Fitbit App
2026-05-31T21:24:00Z,SEDENTARY,Fitbit App
2026-05-31T21:25:00Z,LIGHTLY_ACTIVE,Fitbit App
2026-05-31T21:26:00Z,SEDENTARY,Fitbit App
2026-05-31T21:27:00Z,SEDENTARY,Fitbit App
2026-05-31T21:35:00Z,SEDENTARY,Fitbit App
2026-05-31T21:36:00Z,SEDENTARY,Fitbit App
2026-05-31T21:39:00Z,SEDENTARY,Fitbit App
2026-05-31T21:40:00Z,SEDENTARY,Fitbit App
2026-05-31T21:41:00Z,SEDENTARY,Fitbit App
2026-05-31T21:42:00Z,LIGHTLY_ACTIVE,Fitbit App
2026-05-31T21:43:00Z,LIGHTLY_ACTIVE,Fitbit App
2026-05-31T21:44:00Z,LIGHTLY_ACTIVE,Fitbit App
2026-05-31T21:45:00Z,LIGHTLY_ACTIVE,Fitbit App
2026-05-31T21:46:00Z,LIGHTLY_ACTIVE,Fitbit App
2026-05-31T21:47:00Z,SEDENTARY,Fitbit App
2026-05-31T21:48:00Z,SEDENTARY,Fitbit App
2026-05-31T21:49:00Z,SEDENTARY,Fitbit App
2026-05-31T21:50:00Z,LIGHTLY_ACTIVE,Fitbit App
2026-05-31T21:51:00Z,SEDENTARY,Fitbit App
2026-05-31T21:52:00Z,SEDENTARY,Fitbit App
2026-05-31T21:53:00Z,SEDENTARY,Fitbit App
2026-05-31T21:57:00Z,SEDENTARY,Fitbit App
2026-05-31T21:58:00Z,LIGHTLY_ACTIVE,Fitbit App
2026-05-31T21:59:00Z,LIGHTLY_ACTIVE,Fitbit App
2026-05-31T22:00:00Z,LIGHTLY_ACTIVE,Fitbit App
2026-05-31T22:01:00Z,LIGHTLY_ACTIVE,Fitbit App
2026-05-31T22:02:00Z,LIGHTLY_ACTIVE,Fitbit App
2026-05-31T22:03:00Z,LIGHTLY_ACTIVE,Fitbit App
2026-05-31T22:07:00Z,SEDENTARY,Fitbit App
2026-05-31T22:09:00Z,SEDENTARY,Fitbit App
2026-05-31T22:10:00Z,SEDENTARY,Fitbit App
2026-05-31T22:14:00Z,SEDENTARY,Fitbit App
2026-05-31T22:15:00Z,SEDENTARY,Fitbit App
2026-05-31T22:17:00Z,SEDENTARY,Fitbit App
2026-05-31T22:18:00Z,SEDENTARY,Fitbit App
2026-05-31T22:19:00Z,LIGHTLY_ACTIVE,Fitbit App
2026-05-31T22:20:00Z,SEDENTARY,Fitbit App
2026-05-31T22:23:00Z,SEDENTARY,Fitbit App
2026-05-31T22:24:00Z,SEDENTARY,Fitbit App
2026-05-31T22:26:00Z,SEDENTARY,Fitbit App
2026-05-31T22:28:00Z,SEDENTARY,Fitbit App
2026-05-31T22:29:00Z,SEDENTARY,Fitbit App
2026-05-31T22:32:00Z,SEDENTARY,Fitbit App
2026-05-31T22:35:00Z,SEDENTARY,Fitbit App
2026-05-31T22:38:00Z,SEDENTARY,Fitbit App
2026-05-31T22:39:00Z,SEDENTARY,Fitbit App
2026-05-31T22:41:00Z,SEDENTARY,Fitbit App
2026-05-31T22:46:00Z,SEDENTARY,Fitbit App
2026-05-31T22:47:00Z,SEDENTARY,Fitbit App
2026-05-31T23:04:00Z,SEDENTARY,Fitbit App
2026-05-31T23:14:00Z,SEDENTARY,Fitbit App
2026-05-31T23:26:00Z,SEDENTARY,Fitbit App
2026-05-31T23:27:00Z,LIGHTLY_ACTIVE,Fitbit App
2026-05-31T23:28:00Z,LIGHTLY_ACTIVE,Fitbit App
2026-05-31T23:29:00Z,LIGHTLY_ACTIVE,Fitbit App
2026-05-31T23:45:00Z,SEDENTARY,Fitbit App
2026-05-31T23:49:00Z,SEDENTARY,Fitbit App
2026-05-31T23:50:00Z,SEDENTARY,Fitbit App
2026-05-31T23:52:00Z,SEDENTARY,Fitbit App
2026-05-31T23:53:00Z,LIGHTLY_ACTIVE,Fitbit App
2026-05-31T23:54:00Z,LIGHTLY_ACTIVE,Fitbit App
2026-05-31T23:56:00Z,SEDENTARY,Fitbit App
