timestamp,workout,background,total,data source
2026-05-06T10:13:00Z,0.0,0.2764659870077762,0.2764659870077762,Versa 4
2026-05-06T10:30:00Z,0.0,0.23485270117343357,0.23485270117343357,Versa 4
2026-05-06T10:31:00Z,0.0,0.25876953546681425,0.25876953546681425,Versa 4
2026-05-06T14:22:00Z,0.0,0.27661479667979305,0.27661479667979305,Versa 4
2026-05-06T14:23:00Z,0.0,0.23123249253168718,0.23123249253168718,Versa 4
2026-05-06T14:24:00Z,0.0,0.23051463858535315,0.23051463858535315,Versa 4
2026-05-06T14:25:00Z,0.0,0.35837895043999046,0.35837895043999046,Versa 4
2026-05-06T14:26:00Z,0.0,0.32647270966471853,0.32647270966471853,Versa 4
2026-05-06T14:27:00Z,0.0,0.6820676679029553,0.6820676679029553,Versa 4
2026-05-06T14:28:00Z,0.0,0.587545019493206,0.587545019493206,Versa 4
2026-05-06T14:29:00Z,0.0,0.6125828548421502,0.6125828548421502,Versa 4
2026-05-06T14:30:00Z,0.0,0.7586698784850272,0.7586698784850272,Versa 4
2026-05-06T14:31:00Z,0.0,0.8040791411283527,0.8040791411283527,Versa 4
2026-05-06T14:32:00Z,0.0,0.36904263158246836,0.36904263158246836,Versa 4
2026-05-06T14:33:00Z,0.0,0.2889397123992616,0.2889397123992616,Versa 4
2026-05-06T14:34:00Z,0.0,0.24781470551409907,0.24781470551409907,Versa 4
2026-05-06T14:35:00Z,0.0,0.2451617216062753,0.2451617216062753,Versa 4
2026-05-06T19:27:00Z,0.0,0.27696221602458104,0.27696221602458104,Versa 4
2026-05-06T19:28:00Z,0.0,0.283615769331438,0.283615769331438,Versa 4
2026-05-07T07:26:00Z,0.0,0.252837990950462,0.252837990950462,Versa 4
2026-05-07T09:49:00Z,0.0,0.2362197344753154,0.2362197344753154,Versa 4
2026-05-07T09:50:00Z,0.0,0.23443346664858955,0.23443346664858955,Versa 4
2026-05-07T09:51:00Z,0.0,0.24510802509176766,0.24510802509176766,Versa 4
2026-05-07T09:52:00Z,0.0,0.23408644238543877,0.23408644238543877,Versa 4
2026-05-07T09:53:00Z,0.0,0.278354651670762,0.278354651670762,Versa 4
2026-05-07T09:54:00Z,0.0,0.271779763245837,0.271779763245837,Versa 4
2026-05-07T09:55:00Z,0.0,0.34349934281230154,0.34349934281230154,Versa 4
2026-05-07T09:56:00Z,0.0,0.5579599473667397,0.5579599473667397,Versa 4
2026-05-07T09:57:00Z,0.0,0.3452116808331037,0.3452116808331037,Versa 4
2026-05-07T09:58:00Z,0.0,0.2952553763467855,0.2952553763467855,Versa 4
2026-05-07T09:59:00Z,0.0,0.2861811244614555,0.2861811244614555,Versa 4
2026-05-07T10:00:00Z,0.0,0.7501976895646254,0.7501976895646254,Versa 4
2026-05-07T10:01:00Z,0.0,1.0151799432092694,1.0151799432092694,Versa 4
2026-05-07T10:02:00Z,0.0,0.8828834649659539,0.8828834649659539,Versa 4
2026-05-07T10:03:00Z,0.0,0.6612222572300234,0.6612222572300234,Versa 4
2026-05-07T10:04:00Z,0.0,0.732092312180392,0.732092312180392,Versa 4
2026-05-07T10:05:00Z,0.0,0.35560603868247354,0.35560603868247354,Versa 4
2026-05-07T10:06:00Z,0.0,0.29554642766343997,0.29554642766343997,Versa 4
2026-05-07T10:07:00Z,0.0,0.281491277916052,0.281491277916052,Versa 4
2026-05-07T10:08:00Z,0.0,0.2685555556100511,0.2685555556100511,Versa 4
2026-05-07T10:09:00Z,0.0,0.3696624042537619,0.3696624042537619,Versa 4
2026-05-07T10:10:00Z,0.0,0.32220083481681494,0.32220083481681494,Versa 4
2026-05-07T10:11:00Z,0.0,0.2825991564945936,0.2825991564945936,Versa 4
2026-05-07T10:12:00Z,0.0,0.2906457204172988,0.2906457204172988,Versa 4
2026-05-07T17:51:00Z,0.0,0.23184425746327425,0.23184425746327425,Versa 4
2026-05-07T17:52:00Z,0.0,0.28665553820176193,0.28665553820176193,Versa 4
2026-05-07T17:54:00Z,0.0,0.23589435054205843,0.23589435054205843,Versa 4
2026-05-08T12:12:00Z,0.0,0.2680653114479927,0.2680653114479927,Versa 4
2026-05-08T12:13:00Z,0.0,0.6767770604712794,0.6767770604712794,Versa 4
2026-05-08T12:14:00Z,0.0,0.7505312640975578,0.7505312640975578,Versa 4
2026-05-08T12:15:00Z,0.0,0.7033767238079295,0.7033767238079295,Versa 4
2026-05-08T12:16:00Z,0.0,0.8088538978645471,0.8088538978645471,Versa 4
2026-05-08T12:17:00Z,0.0,0.6739007987651928,0.6739007987651928,Versa 4
2026-05-08T12:18:00Z,0.0,0.6796398970907978,0.6796398970907978,Versa 4
2026-05-08T12:19:00Z,0.0,0.6437569173179993,0.6437569173179993,Versa 4
2026-05-08T12:20:00Z,0.0,0.6121850832685244,0.6121850832685244,Versa 4
2026-05-08T12:21:00Z,0.0,1.02290419973959,1.02290419973959,Versa 4
2026-05-08T12:22:00Z,0.0,0.7675738363965019,0.7675738363965019,Versa 4
2026-05-08T12:23:00Z,0.0,0.31484272464181645,0.31484272464181645,Versa 4
2026-05-08T14:09:00Z,0.0,0.27800612864393487,0.27800612864393487,Versa 4
2026-05-08T16:43:00Z,0.0,0.2754933583390708,0.2754933583390708,Versa 4
2026-05-08T16:46:00Z,0.0,0.24047442191598542,0.24047442191598542,Versa 4
2026-05-08T16:47:00Z,0.0,0.8007532205997007,0.8007532205997007,Versa 4
2026-05-08T16:48:00Z,0.0,0.6895580849768429,0.6895580849768429,Versa 4
2026-05-08T16:49:00Z,0.0,1.044751599508547,1.044751599508547,Versa 4
2026-05-08T16:50:00Z,0.0,1.6046372801322812,1.6046372801322812,Versa 4
2026-05-08T16:51:00Z,0.0,1.2607036171723207,1.2607036171723207,Versa 4
2026-05-08T16:52:00Z,0.0,1.2088658562769106,1.2088658562769106,Versa 4
2026-05-08T16:53:00Z,0.0,1.9014660681479778,1.9014660681479778,Versa 4
2026-05-08T16:54:00Z,0.0,2.1307675664833887,2.1307675664833887,Versa 4
2026-05-08T16:55:00Z,0.0,2.628814457300247,2.628814457300247,Versa 4
2026-05-08T16:56:00Z,0.0,2.834087166628963,2.834087166628963,Versa 4
2026-05-08T16:57:00Z,0.0,3.084586768249569,3.084586768249569,Versa 4
2026-05-08T16:58:00Z,0.0,3.0525775042034153,3.0525775042034153,Versa 4
2026-05-08T16:59:00Z,0.0,2.6577635134341673,2.6577635134341673,Versa 4
2026-05-08T17:00:00Z,0.0,2.58580592601812,2.58580592601812,Versa 4
2026-05-08T17:01:00Z,0.0,1.12900754972888,1.12900754972888,Versa 4
2026-05-08T17:02:00Z,0.0,0.6150619226971762,0.6150619226971762,Versa 4
2026-05-08T17:03:00Z,0.0,0.28174606195336427,0.28174606195336427,Versa 4
2026-05-08T17:04:00Z,0.0,0.2360216424731272,0.2360216424731272,Versa 4
2026-05-08T17:52:00Z,0.0,0.27993892518058866,0.27993892518058866,Versa 4
2026-05-08T17:53:00Z,0.0,0.27916478884853757,0.27916478884853757,Versa 4
2026-05-08T17:54:00Z,0.0,0.24492312535070074,0.24492312535070074,Versa 4
2026-05-08T17:55:00Z,0.0,0.23012529352485522,0.23012529352485522,Versa 4
2026-05-08T17:56:00Z,0.0,0.2419762804958853,0.2419762804958853,Versa 4
2026-05-08T17:58:00Z,0.0,0.2650027731392232,0.2650027731392232,Versa 4
2026-05-08T17:59:00Z,0.0,0.28724012046801367,0.28724012046801367,Versa 4
2026-05-08T18:00:00Z,0.0,0.2821796340942203,0.2821796340942203,Versa 4
2026-05-08T18:01:00Z,0.0,0.25338644411046507,0.25338644411046507,Versa 4
2026-05-08T18:25:00Z,0.0,0.29190088278747234,0.29190088278747234,Versa 4
2026-05-08T18:26:00Z,0.0,0.2588378323295111,0.2588378323295111,Versa 4
2026-05-08T18:27:00Z,0.0,0.25864662926756865,0.25864662926756865,Versa 4
2026-05-09T06:44:00Z,0.0,0.24823363584432478,0.24823363584432478,Versa 4
2026-05-09T06:45:00Z,0.0,0.2473601878816238,0.2473601878816238,Versa 4
2026-05-09T06:46:00Z,0.0,0.26000496102949266,0.26000496102949266,Versa 4
2026-05-09T06:47:00Z,0.0,0.29808515038291317,0.29808515038291317,Versa 4
2026-05-09T06:49:00Z,0.0,0.3684831186305924,0.3684831186305924,Versa 4
2026-05-09T06:50:00Z,0.0,0.2625339240972347,0.2625339240972347,Versa 4
2026-05-09T09:29:00Z,0.0,0.3026470780865007,0.3026470780865007,Versa 4
2026-05-09T13:10:00Z,0.0,0.23172143006775062,0.23172143006775062,Versa 4
2026-05-09T13:13:00Z,0.0,0.2506507171557746,0.2506507171557746,Versa 4
2026-05-09T13:31:00Z,0.0,0.24559774820383193,0.24559774820383193,Versa 4
2026-05-09T15:07:00Z,0.0,0.2794153210203747,0.2794153210203747,Versa 4
2026-05-09T15:20:00Z,0.0,0.2657917661740686,0.2657917661740686,Versa 4
2026-05-09T18:06:00Z,0.0,0.6608870665208179,0.6608870665208179,Versa 4
2026-05-09T18:07:00Z,0.0,0.27301060156634893,0.27301060156634893,Versa 4
2026-05-09T18:08:00Z,0.0,0.3144825514524185,0.3144825514524185,Versa 4
2026-05-09T18:09:00Z,0.0,0.3219675670096939,0.3219675670096939,Versa 4
2026-05-09T18:12:00Z,0.0,0.2347503741206326,0.2347503741206326,Versa 4
2026-05-09T18:15:00Z,0.0,0.26408215279066466,0.26408215279066466,Versa 4
2026-05-09T18:16:00Z,0.0,0.30638305112297026,0.30638305112297026,Versa 4
2026-05-09T18:17:00Z,0.0,0.5789523971787343,0.5789523971787343,Versa 4
2026-05-09T18:18:00Z,0.0,0.6889897501832336,0.6889897501832336,Versa 4
2026-05-09T18:19:00Z,0.0,0.8819026055119484,0.8819026055119484,Versa 4
2026-05-09T18:20:00Z,0.0,0.9637451593886905,0.9637451593886905,Versa 4
2026-05-09T18:21:00Z,0.0,1.058636529572057,1.058636529572057,Versa 4
2026-05-09T18:22:00Z,0.0,1.1418365161193504,1.1418365161193504,Versa 4
2026-05-09T18:23:00Z,0.0,1.0351344852816253,1.0351344852816253,Versa 4
2026-05-10T07:13:00Z,0.0,0.26314094330619225,0.26314094330619225,Versa 4
2026-05-10T07:37:00Z,0.0,0.25766556852836264,0.25766556852836264,Versa 4
2026-05-10T07:39:00Z,0.0,0.2747759430549312,0.2747759430549312,Versa 4
2026-05-10T07:40:00Z,0.0,0.237278572464518,0.237278572464518,Versa 4
2026-05-10T07:51:00Z,0.0,0.3473427192389368,0.3473427192389368,Versa 4
2026-05-10T08:27:00Z,0.0,0.24504858548642666,0.24504858548642666,Versa 4
2026-05-10T09:15:00Z,0.0,0.23510458133390402,0.23510458133390402,Versa 4
2026-05-10T10:22:00Z,0.0,0.24244167788073798,0.24244167788073798,Versa 4
2026-05-10T10:23:00Z,0.0,0.26742825881045823,0.26742825881045823,Versa 4
2026-05-10T10:24:00Z,0.0,0.2572239928090209,0.2572239928090209,Versa 4
2026-05-10T13:20:00Z,0.0,0.2552147309782821,0.2552147309782821,Versa 4
2026-05-10T14:26:00Z,0.0,0.5533555864916601,0.5533555864916601,Versa 4
2026-05-10T14:27:00Z,0.0,0.32845469960297213,0.32845469960297213,Versa 4
2026-05-10T14:29:00Z,0.0,0.36453706422403087,0.36453706422403087,Versa 4
2026-05-10T14:30:00Z,0.0,0.3215492111718095,0.3215492111718095,Versa 4
2026-05-10T14:31:00Z,0.0,0.31079423940349304,0.31079423940349304,Versa 4
2026-05-10T14:32:00Z,0.0,0.3053247013430293,0.3053247013430293,Versa 4
2026-05-10T14:33:00Z,0.0,0.2572239928090209,0.2572239928090209,Versa 4
2026-05-10T14:37:00Z,0.0,0.2833770861687922,0.2833770861687922,Versa 4
2026-05-10T16:04:00Z,0.0,0.2990357283898728,0.2990357283898728,Versa 4
2026-05-11T08:54:00Z,0.0,0.31484553679971705,0.31484553679971705,Versa 4
2026-05-11T08:55:00Z,0.0,1.215908559041226,1.215908559041226,Versa 4
2026-05-11T08:56:00Z,0.0,0.3540831285803518,0.3540831285803518,Versa 4
2026-05-11T09:11:00Z,0.0,0.2875432735332121,0.2875432735332121,Versa 4
2026-05-11T09:12:00Z,0.0,0.23663790980718086,0.23663790980718086,Versa 4
2026-05-11T09:18:00Z,0.0,0.23428142968389823,0.23428142968389823,Versa 4
2026-05-11T09:19:00Z,0.0,0.26894208986084417,0.26894208986084417,Versa 4
2026-05-11T09:20:00Z,0.0,0.24096600198608525,0.24096600198608525,Versa 4
2026-05-11T09:25:00Z,0.0,0.23985170479536458,0.23985170479536458,Versa 4
2026-05-11T09:27:00Z,0.0,0.254630528914631,0.254630528914631,Versa 4
2026-05-11T10:53:00Z,0.0,0.3338712061353669,0.3338712061353669,Versa 4
2026-05-11T10:54:00Z,0.0,0.24780416738072594,0.24780416738072594,Versa 4
2026-05-11T11:31:00Z,0.0,0.24017452853395768,0.24017452853395768,Versa 4
2026-05-11T11:32:00Z,0.0,0.25430748652192836,0.25430748652192836,Versa 4
2026-05-11T11:33:00Z,0.0,0.24872688566746823,0.24872688566746823,Versa 4
2026-05-11T11:34:00Z,0.0,0.24146845850635443,0.24146845850635443,Versa 4
2026-05-11T13:23:00Z,0.0,0.25279983700756026,0.25279983700756026,Versa 4
2026-05-11T13:24:00Z,0.0,0.2757598325991787,0.2757598325991787,Versa 4
2026-05-11T16:30:00Z,0.0,0.25368365486136035,0.25368365486136035,Versa 4
2026-05-11T16:31:00Z,0.0,0.2561239710667857,0.2561239710667857,Versa 4
2026-05-11T16:34:00Z,0.0,0.24504858548642666,0.24504858548642666,Versa 4
2026-05-11T16:37:00Z,0.0,0.26377908333610095,0.26377908333610095,Versa 4
2026-05-12T07:23:00Z,0.0,0.23824152949460675,0.23824152949460675,Versa 4
2026-05-12T07:42:00Z,0.0,0.2959926717294929,0.2959926717294929,Versa 4
2026-05-12T07:43:00Z,0.0,0.6552449149255865,0.6552449149255865,Versa 4
2026-05-12T07:44:00Z,0.0,0.6677076720465657,0.6677076720465657,Versa 4
2026-05-12T07:45:00Z,0.0,0.600538117475338,0.600538117475338,Versa 4
2026-05-12T07:46:00Z,0.0,0.6916759789412955,0.6916759789412955,Versa 4
2026-05-12T07:47:00Z,0.0,0.8669440064827924,0.8669440064827924,Versa 4
2026-05-12T07:48:00Z,0.0,0.8012722354173923,0.8012722354173923,Versa 4
2026-05-12T07:49:00Z,0.0,0.7733532235253804,0.7733532235253804,Versa 4
2026-05-12T07:50:00Z,0.0,1.0073109636270874,1.0073109636270874,Versa 4
2026-05-12T07:51:00Z,0.0,0.9324865415619256,0.9324865415619256,Versa 4
2026-05-12T07:52:00Z,0.0,0.8042903472699519,0.8042903472699519,Versa 4
2026-05-12T07:53:00Z,0.0,0.7152457782888408,0.7152457782888408,Versa 4
2026-05-12T07:54:00Z,0.0,0.7495850133760621,0.7495850133760621,Versa 4
2026-05-12T07:55:00Z,0.0,0.7330367105817026,0.7330367105817026,Versa 4
2026-05-12T07:56:00Z,0.0,0.7139046679408395,0.7139046679408395,Versa 4
2026-05-12T07:57:00Z,0.0,0.7307838116671906,0.7307838116671906,Versa 4
2026-05-12T07:58:00Z,0.0,0.7324234759172915,0.7324234759172915,Versa 4
2026-05-12T07:59:00Z,0.0,0.6273393337287196,0.6273393337287196,Versa 4
2026-05-12T08:00:00Z,0.0,0.8435937621736693,0.8435937621736693,Versa 4
2026-05-12T08:01:00Z,0.0,0.9330639266904461,0.9330639266904461,Versa 4
2026-05-12T08:02:00Z,0.0,0.92694848800292,0.92694848800292,Versa 4
2026-05-12T08:03:00Z,0.0,1.093059960076198,1.093059960076198,Versa 4
2026-05-12T08:04:00Z,0.0,1.153925713072626,1.153925713072626,Versa 4
2026-05-12T08:05:00Z,0.0,1.029336136801485,1.029336136801485,Versa 4
2026-05-12T08:06:00Z,0.0,0.7981277461959977,0.7981277461959977,Versa 4
2026-05-12T08:11:00Z,0.0,0.29210055490384085,0.29210055490384085,Versa 4
2026-05-12T08:12:00Z,0.0,0.2509979368659218,0.2509979368659218,Versa 4
2026-05-12T08:13:00Z,0.0,0.23249901603131362,0.23249901603131362,Versa 4
2026-05-12T08:51:00Z,0.0,0.2775959902280706,0.2775959902280706,Versa 4
2026-05-12T08:52:00Z,0.0,0.3547930056743415,0.3547930056743415,Versa 4
2026-05-12T08:55:00Z,0.0,0.3281498566854342,0.3281498566854342,Versa 4
2026-05-12T08:56:00Z,0.0,0.281234783989058,0.281234783989058,Versa 4
2026-05-12T08:57:00Z,0.0,0.6325461732755662,0.6325461732755662,Versa 4
2026-05-12T08:58:00Z,0.0,0.8914715484346871,0.8914715484346871,Versa 4
2026-05-12T08:59:00Z,0.0,1.114984894330372,1.114984894330372,Versa 4
2026-05-12T09:00:00Z,0.0,1.2964563234864643,1.2964563234864643,Versa 4
2026-05-12T09:01:00Z,0.0,1.170257800879893,1.170257800879893,Versa 4
2026-05-12T09:02:00Z,0.0,1.0274385624394216,1.0274385624394216,Versa 4
2026-05-12T09:03:00Z,0.0,0.5862747767587954,0.5862747767587954,Versa 4
2026-05-12T09:04:00Z,0.0,0.711519690117267,0.711519690117267,Versa 4
2026-05-12T09:05:00Z,0.0,0.2346241982997816,0.2346241982997816,Versa 4
2026-05-12T09:06:00Z,0.0,0.3329056164514632,0.3329056164514632,Versa 4
2026-05-12T09:07:00Z,0.0,0.8422894180395645,0.8422894180395645,Versa 4
2026-05-12T09:08:00Z,0.0,0.7292636397578618,0.7292636397578618,Versa 4
2026-05-12T09:09:00Z,0.0,0.7575090458541114,0.7575090458541114,Versa 4
2026-05-12T09:10:00Z,0.0,0.7204406004488305,0.7204406004488305,Versa 4
2026-05-12T09:11:00Z,0.0,0.9940816052340586,0.9940816052340586,Versa 4
2026-05-12T09:12:00Z,0.0,1.1139926201563903,1.1139926201563903,Versa 4
2026-05-12T09:13:00Z,0.0,0.9007540270422191,0.9007540270422191,Versa 4
2026-05-12T09:14:00Z,0.0,0.9066681832499686,0.9066681832499686,Versa 4
2026-05-12T09:15:00Z,0.0,0.8687673781904923,0.8687673781904923,Versa 4
2026-05-12T09:16:00Z,0.0,1.0900071015574797,1.0900071015574797,Versa 4
2026-05-12T09:17:00Z,0.0,1.013530411214055,1.013530411214055,Versa 4
2026-05-12T09:18:00Z,0.0,0.9987236839183065,0.9987236839183065,Versa 4
2026-05-12T09:19:00Z,0.0,1.1419318236982017,1.1419318236982017,Versa 4
2026-05-12T09:20:00Z,0.0,0.9707870136507105,0.9707870136507105,Versa 4
2026-05-12T09:21:00Z,0.0,0.9540300789627625,0.9540300789627625,Versa 4
2026-05-12T09:22:00Z,0.0,0.9861454581310493,0.9861454581310493,Versa 4
2026-05-12T09:23:00Z,0.0,0.6670372498373238,0.6670372498373238,Versa 4
2026-05-12T09:24:00Z,0.0,0.6081211778157312,0.6081211778157312,Versa 4
2026-05-12T09:25:00Z,0.0,0.2561239710667857,0.2561239710667857,Versa 4
2026-05-12T09:26:00Z,0.0,0.23952914419294669,0.23952914419294669,Versa 4
2026-05-12T09:37:00Z,0.0,0.2297850559738593,0.2297850559738593,Versa 4
2026-05-12T10:20:00Z,0.0,0.2741212483932807,0.2741212483932807,Versa 4
2026-05-12T10:21:00Z,0.0,0.30879357929484386,0.30879357929484386,Versa 4
2026-05-12T10:22:00Z,0.0,0.30084374031824546,0.30084374031824546,Versa 4
2026-05-12T10:23:00Z,0.0,0.61738825489927,0.61738825489927,Versa 4
2026-05-12T10:24:00Z,0.0,0.9368702179379802,0.9368702179379802,Versa 4
2026-05-12T10:25:00Z,0.0,0.7721943575419647,0.7721943575419647,Versa 4
2026-05-12T10:26:00Z,0.0,0.8125321802882173,0.8125321802882173,Versa 4
2026-05-12T10:27:00Z,0.0,1.0677484595932953,1.0677484595932953,Versa 4
2026-05-12T10:28:00Z,0.0,1.0377303190699436,1.0377303190699436,Versa 4
2026-05-12T10:29:00Z,0.0,1.1101899171959662,1.1101899171959662,Versa 4
2026-05-12T10:30:00Z,0.0,0.8955290325908123,0.8955290325908123,Versa 4
2026-05-12T10:31:00Z,0.0,0.9147990923971487,0.9147990923971487,Versa 4
2026-05-12T10:32:00Z,0.0,0.8262246451509018,0.8262246451509018,Versa 4
2026-05-12T10:33:00Z,0.0,0.7035266752730813,0.7035266752730813,Versa 4
2026-05-12T10:34:00Z,0.0,0.3320762443051625,0.3320762443051625,Versa 4
2026-05-12T12:21:00Z,0.0,0.2837227901032575,0.2837227901032575,Versa 4
2026-05-12T12:22:00Z,0.0,0.26859594026619554,0.26859594026619554,Versa 4
2026-05-12T12:24:00Z,0.0,0.2583404569607058,0.2583404569607058,Versa 4
2026-05-12T12:25:00Z,0.0,0.7957915930576523,0.7957915930576523,Versa 4
2026-05-12T12:26:00Z,0.0,0.8500820986851811,0.8500820986851811,Versa 4
2026-05-12T12:27:00Z,0.0,0.803675365705268,0.803675365705268,Versa 4
2026-05-12T12:28:00Z,0.0,0.9545335715026249,0.9545335715026249,Versa 4
2026-05-12T12:29:00Z,0.0,1.0705062171871602,1.0705062171871602,Versa 4
2026-05-12T12:30:00Z,0.0,1.2103158649250918,1.2103158649250918,Versa 4
2026-05-12T12:31:00Z,0.0,0.6658669584082328,0.6658669584082328,Versa 4
2026-05-12T12:32:00Z,0.0,0.3204670650646257,0.3204670650646257,Versa 4
2026-05-12T12:33:00Z,0.0,0.2721630626229188,0.2721630626229188,Versa 4
2026-05-12T12:34:00Z,0.0,0.25719897826301974,0.25719897826301974,Versa 4
2026-05-12T12:39:00Z,0.0,0.30252634059010125,0.30252634059010125,Versa 4
2026-05-12T12:40:00Z,0.0,0.29069342772979373,0.29069342772979373,Versa 4
2026-05-12T12:41:00Z,0.0,0.8238537055946932,0.8238537055946932,Versa 4
2026-05-12T12:42:00Z,0.0,0.9400135928961962,0.9400135928961962,Versa 4
2026-05-12T12:43:00Z,0.0,0.7286963122631558,0.7286963122631558,Versa 4
2026-05-12T12:44:00Z,0.0,0.3187820411020129,0.3187820411020129,Versa 4
2026-05-12T12:45:00Z,0.0,0.2518178193977049,0.2518178193977049,Versa 4
2026-05-12T12:47:00Z,0.0,0.2704631244466018,0.2704631244466018,Versa 4
2026-05-12T12:48:00Z,0.0,0.2913964470194132,0.2913964470194132,Versa 4
2026-05-12T12:49:00Z,0.0,0.32086912146630586,0.32086912146630586,Versa 4
2026-05-12T12:50:00Z,0.0,0.31020780912448953,0.31020780912448953,Versa 4
2026-05-12T12:51:00Z,0.0,0.2897317963189247,0.2897317963189247,Versa 4
2026-05-12T12:52:00Z,0.0,0.33794277859795363,0.33794277859795363,Versa 4
2026-05-12T12:53:00Z,0.0,0.3114233589333027,0.3114233589333027,Versa 4
2026-05-12T12:54:00Z,0.0,0.28699947577509544,0.28699947577509544,Versa 4
2026-05-12T12:55:00Z,0.0,0.26338013295301793,0.26338013295301793,Versa 4
2026-05-12T12:56:00Z,0.0,0.2808787368784801,0.2808787368784801,Versa 4
2026-05-12T12:57:00Z,0.0,0.2861502370860546,0.2861502370860546,Versa 4
2026-05-12T13:54:00Z,0.0,0.25164056271634455,0.25164056271634455,Versa 4
2026-05-12T13:56:00Z,0.0,0.24833117778865058,0.24833117778865058,Versa 4
2026-05-12T13:59:00Z,0.0,0.25461975675857396,0.25461975675857396,Versa 4
2026-05-12T14:00:00Z,0.0,0.31516777967986204,0.31516777967986204,Versa 4
2026-05-12T15:23:00Z,0.0,0.2536621602700715,0.2536621602700715,Versa 4
2026-05-12T17:08:00Z,0.0,0.24504858548642666,0.24504858548642666,Versa 4
2026-05-12T17:09:00Z,0.0,0.2312343334881953,0.2312343334881953,Versa 4
2026-05-12T17:17:00Z,0.0,0.24309181349759246,0.24309181349759246,Versa 4
2026-05-12T17:21:00Z,0.0,0.24752067637509254,0.24752067637509254,Versa 4
2026-05-12T17:22:00Z,0.0,0.23929276688308543,0.23929276688308543,Versa 4
2026-05-12T17:24:00Z,0.0,0.23037251089128574,0.23037251089128574,Versa 4
2026-05-12T17:45:00Z,0.0,0.24211700706603714,0.24211700706603714,Versa 4
2026-05-12T17:49:00Z,0.0,0.23663790980718086,0.23663790980718086,Versa 4
2026-05-12T17:50:00Z,0.0,0.25604531588956136,0.25604531588956136,Versa 4
2026-05-12T17:51:00Z,0.0,0.25119775668779154,0.25119775668779154,Versa 4
2026-05-12T17:52:00Z,0.0,0.24470969438374057,0.24470969438374057,Versa 4
2026-05-12T17:54:00Z,0.0,0.2648858347608032,0.2648858347608032,Versa 4
2026-05-12T17:57:00Z,0.0,0.24374300898939946,0.24374300898939946,Versa 4
2026-05-12T17:58:00Z,0.0,0.23695811038739972,0.23695811038739972,Versa 4
2026-05-12T18:00:00Z,0.0,0.2503645397874298,0.2503645397874298,Versa 4
2026-05-12T18:01:00Z,0.0,0.25363913159646534,0.25363913159646534,Versa 4
2026-05-12T18:02:00Z,0.0,0.24066524594029673,0.24066524594029673,Versa 4
2026-05-12T18:05:00Z,0.0,0.24752067637509254,0.24752067637509254,Versa 4
2026-05-12T18:06:00Z,0.0,0.2602812066856422,0.2602812066856422,Versa 4
2026-05-12T18:07:00Z,0.0,0.2651024342726694,0.2651024342726694,Versa 4
2026-05-12T18:08:00Z,0.0,0.2468128171619374,0.2468128171619374,Versa 4
2026-05-12T18:09:00Z,0.0,0.26446387433395757,0.26446387433395757,Versa 4
2026-05-12T18:10:00Z,0.0,0.24635841916779888,0.24635841916779888,Versa 4
2026-05-12T18:13:00Z,0.0,0.26377908333610095,0.26377908333610095,Versa 4
2026-05-12T18:14:00Z,0.0,0.2568364364771326,0.2568364364771326,Versa 4
2026-05-12T18:15:00Z,0.0,0.36056302534534196,0.36056302534534196,Versa 4
2026-05-13T08:25:00Z,0.0,0.23689404935741548,0.23689404935741548,Versa 4
2026-05-13T08:26:00Z,0.0,0.285721587612627,0.285721587612627,Versa 4
2026-05-13T08:27:00Z,0.0,0.8955290325908123,0.8955290325908123,Versa 4
2026-05-13T08:28:00Z,0.0,0.6219609487780982,0.6219609487780982,Versa 4
2026-05-13T08:29:00Z,0.0,0.27608828909634153,0.27608828909634153,Versa 4
2026-05-13T08:44:00Z,0.0,0.27632153704442586,0.27632153704442586,Versa 4
2026-05-13T08:45:00Z,0.0,0.3091467423720759,0.3091467423720759,Versa 4
2026-05-13T08:46:00Z,0.0,0.2718375568225085,0.2718375568225085,Versa 4
2026-05-13T08:47:00Z,0.0,0.26275397083105,0.26275397083105,Versa 4
2026-05-13T08:48:00Z,0.0,0.2928057528317886,0.2928057528317886,Versa 4
2026-05-13T08:49:00Z,0.0,0.286970611118666,0.286970611118666,Versa 4
2026-05-13T08:50:00Z,0.0,0.3058967372852127,0.3058967372852127,Versa 4
2026-05-13T08:52:00Z,0.0,0.29509155160107325,0.29509155160107325,Versa 4
2026-05-13T08:53:00Z,0.0,0.3049623067462735,0.3049623067462735,Versa 4
2026-05-13T08:54:00Z,0.0,0.3001484395457938,0.3001484395457938,Versa 4
2026-05-13T08:57:00Z,0.0,0.5700608192789297,0.5700608192789297,Versa 4
2026-05-13T08:58:00Z,0.0,0.3367952780288322,0.3367952780288322,Versa 4
2026-05-13T08:59:00Z,0.0,0.5699106663977571,0.5699106663977571,Versa 4
2026-05-13T09:00:00Z,0.0,0.3434990821397753,0.3434990821397753,Versa 4
2026-05-13T09:01:00Z,0.0,0.5871526118656328,0.5871526118656328,Versa 4
2026-05-13T09:02:00Z,0.0,0.35972524219850005,0.35972524219850005,Versa 4
2026-05-13T09:03:00Z,0.0,0.5539509337090162,0.5539509337090162,Versa 4
2026-05-13T09:04:00Z,0.0,0.6150933031188808,0.6150933031188808,Versa 4
2026-05-13T09:05:00Z,0.0,0.5960282322875233,0.5960282322875233,Versa 4
2026-05-13T09:06:00Z,0.0,0.6170156957475496,0.6170156957475496,Versa 4
2026-05-13T09:07:00Z,0.0,0.6409985942539586,0.6409985942539586,Versa 4
2026-05-13T09:08:00Z,0.0,0.6590846955588849,0.6590846955588849,Versa 4
2026-05-13T09:09:00Z,0.0,0.6223930255556709,0.6223930255556709,Versa 4
2026-05-13T09:10:00Z,0.0,0.35455722986981036,0.35455722986981036,Versa 4
2026-05-13T09:11:00Z,0.0,0.31343974398557894,0.31343974398557894,Versa 4
2026-05-13T09:12:00Z,0.0,0.693385867159241,0.693385867159241,Versa 4
2026-05-13T09:13:00Z,0.0,0.32180374447916477,0.32180374447916477,Versa 4
2026-05-13T09:14:00Z,0.0,0.25838548841115366,0.25838548841115366,Versa 4
2026-05-13T09:15:00Z,0.0,0.5898130456268438,0.5898130456268438,Versa 4
2026-05-13T10:03:00Z,0.0,0.2490349254021267,0.2490349254021267,Versa 4
2026-05-13T10:13:00Z,0.0,0.24473305700149972,0.24473305700149972,Versa 4
2026-05-13T10:14:00Z,0.0,0.22926924194871814,0.22926924194871814,Versa 4
2026-05-13T10:17:00Z,0.0,0.24231177781298743,0.24231177781298743,Versa 4
2026-05-13T10:21:00Z,0.0,0.26039358846627236,0.26039358846627236,Versa 4
2026-05-13T10:22:00Z,0.0,0.23048402604021362,0.23048402604021362,Versa 4
2026-05-13T10:23:00Z,0.0,0.36165411447272905,0.36165411447272905,Versa 4
2026-05-13T10:24:00Z,0.0,0.7729474762544696,0.7729474762544696,Versa 4
2026-05-13T10:25:00Z,0.0,1.0650028341373559,1.0650028341373559,Versa 4
2026-05-13T10:26:00Z,0.0,1.0566449256777457,1.0566449256777457,Versa 4
2026-05-13T10:27:00Z,0.0,1.0471548480750759,1.0471548480750759,Versa 4
2026-05-13T10:28:00Z,0.0,1.1603521623273978,1.1603521623273978,Versa 4
2026-05-13T10:29:00Z,0.0,1.3692640975682189,1.3692640975682189,Versa 4
2026-05-13T10:30:00Z,0.0,1.3751065031455108,1.3751065031455108,Versa 4
2026-05-13T10:31:00Z,0.0,1.5214650302651471,1.5214650302651471,Versa 4
2026-05-13T10:32:00Z,0.0,1.2412389139841964,1.2412389139841964,Versa 4
2026-05-13T10:33:00Z,0.0,0.8930928878501464,0.8930928878501464,Versa 4
2026-05-13T10:34:00Z,0.0,0.7666275621449823,0.7666275621449823,Versa 4
2026-05-13T10:35:00Z,0.0,0.32648921656923025,0.32648921656923025,Versa 4
2026-05-13T10:36:00Z,0.0,0.28545533625938696,0.28545533625938696,Versa 4
2026-05-13T10:37:00Z,0.0,0.2783944073339281,0.2783944073339281,Versa 4
2026-05-13T10:38:00Z,0.0,0.27801344283663326,0.27801344283663326,Versa 4
2026-05-13T10:39:00Z,0.0,0.28894063261693875,0.28894063261693875,Versa 4
2026-05-13T10:40:00Z,0.0,0.2723384364547874,0.2723384364547874,Versa 4
2026-05-13T10:41:00Z,0.0,0.2682500699573789,0.2682500699573789,Versa 4
2026-05-13T10:42:00Z,0.0,0.3124191406022813,0.3124191406022813,Versa 4
2026-05-13T10:43:00Z,0.0,0.32111670546541426,0.32111670546541426,Versa 4
2026-05-13T10:44:00Z,0.0,0.3329591157741777,0.3329591157741777,Versa 4
2026-05-13T10:45:00Z,0.0,0.6237770804024774,0.6237770804024774,Versa 4
2026-05-13T10:46:00Z,0.0,0.8057564057416776,0.8057564057416776,Versa 4
2026-05-13T10:47:00Z,0.0,0.7386177442578351,0.7386177442578351,Versa 4
2026-05-13T10:48:00Z,0.0,0.631788470546448,0.631788470546448,Versa 4
2026-05-13T10:49:00Z,0.0,0.591101899815932,0.591101899815932,Versa 4
2026-05-13T10:50:00Z,0.0,0.2601107268343035,0.2601107268343035,Versa 4
2026-05-13T10:51:00Z,0.0,0.24708794842224424,0.24708794842224424,Versa 4
2026-05-13T10:55:00Z,0.0,0.23155011630499844,0.23155011630499844,Versa 4
2026-05-13T10:57:00Z,0.0,0.23599829241132178,0.23599829241132178,Versa 4
2026-05-13T10:58:00Z,0.0,0.2615742352629354,0.2615742352629354,Versa 4
2026-05-13T11:00:00Z,0.0,0.23565431548421603,0.23565431548421603,Versa 4
2026-05-13T11:01:00Z,0.0,0.23028853379940273,0.23028853379940273,Versa 4
2026-05-13T11:02:00Z,0.0,0.2815911174138128,0.2815911174138128,Versa 4
2026-05-13T11:03:00Z,0.0,0.27067703388292075,0.27067703388292075,Versa 4
2026-05-13T11:04:00Z,0.0,0.31698311986915517,0.31698311986915517,Versa 4
2026-05-13T11:05:00Z,0.0,0.31332886831485185,0.31332886831485185,Versa 4
2026-05-13T11:06:00Z,0.0,0.3507027824605478,0.3507027824605478,Versa 4
2026-05-13T11:07:00Z,0.0,0.3045534869978224,0.3045534869978224,Versa 4
2026-05-13T15:02:00Z,0.0,0.2563190682241899,0.2563190682241899,Versa 4
2026-05-13T15:23:00Z,0.0,0.2336961042038244,0.2336961042038244,Versa 4
2026-05-13T18:48:00Z,0.0,0.23599829241132178,0.23599829241132178,Versa 4
2026-05-14T10:07:00Z,0.0,0.556602198490761,0.556602198490761,Versa 4
2026-05-14T10:08:00Z,0.0,0.2833770861687922,0.2833770861687922,Versa 4
2026-05-14T10:09:00Z,0.0,0.2766398029469847,0.2766398029469847,Versa 4
2026-05-14T10:10:00Z,0.0,0.2369249740660526,0.2369249740660526,Versa 4
2026-05-14T10:11:00Z,0.0,0.24473305700149972,0.24473305700149972,Versa 4
2026-05-14T10:12:00Z,0.0,0.24269321764540897,0.24269321764540897,Versa 4
2026-05-14T10:35:00Z,0.0,0.5626422963604563,0.5626422963604563,Versa 4
2026-05-14T10:36:00Z,0.0,0.6347095575583577,0.6347095575583577,Versa 4
2026-05-14T10:37:00Z,0.0,0.6537286247631069,0.6537286247631069,Versa 4
2026-05-14T10:38:00Z,0.0,0.35529654948710165,0.35529654948710165,Versa 4
2026-05-14T10:39:00Z,0.0,0.3325312808099454,0.3325312808099454,Versa 4
2026-05-14T10:40:00Z,0.0,0.36376736454621517,0.36376736454621517,Versa 4
2026-05-14T11:48:00Z,0.0,0.346146801895696,0.346146801895696,Versa 4
2026-05-14T11:49:00Z,0.0,0.2546096798348837,0.2546096798348837,Versa 4
2026-05-14T12:07:00Z,0.0,0.23507380015236495,0.23507380015236495,Versa 4
2026-05-14T13:19:00Z,0.0,0.2924530175217606,0.2924530175217606,Versa 4
2026-05-14T13:20:00Z,0.0,0.29120357540557856,0.29120357540557856,Versa 4
2026-05-14T14:26:00Z,0.0,0.25269606469184897,0.25269606469184897,Versa 4
2026-05-14T14:30:00Z,0.0,0.24159137788865215,0.24159137788865215,Versa 4
2026-05-14T15:07:00Z,0.0,0.29386559672875984,0.29386559672875984,Versa 4
2026-05-14T15:08:00Z,0.0,0.28923417654014366,0.28923417654014366,Versa 4
2026-05-14T15:09:00Z,0.0,0.5642248984332277,0.5642248984332277,Versa 4
2026-05-14T15:10:00Z,0.0,0.25699177278677415,0.25699177278677415,Versa 4
2026-05-14T15:11:00Z,0.0,0.3103712603886444,0.3103712603886444,Versa 4
2026-05-14T15:12:00Z,0.0,0.35769404909543534,0.35769404909543534,Versa 4
2026-05-14T15:13:00Z,0.0,0.29389179682361966,0.29389179682361966,Versa 4
2026-05-14T15:14:00Z,0.0,0.23445868613698273,0.23445868613698273,Versa 4
2026-05-14T15:15:00Z,0.0,0.27093465832698876,0.27093465832698876,Versa 4
2026-05-14T15:17:00Z,0.0,0.2830431604643409,0.2830431604643409,Versa 4
2026-05-14T15:29:00Z,0.0,0.36424044593332827,0.36424044593332827,Versa 4
2026-05-14T15:30:00Z,0.0,1.4024682816980114,1.4024682816980114,Versa 4
2026-05-14T15:31:00Z,0.0,0.3439200611040542,0.3439200611040542,Versa 4
2026-05-14T15:55:00Z,0.0,0.28841611567102826,0.28841611567102826,Versa 4
2026-05-14T17:44:00Z,0.0,0.2552450068086008,0.2552450068086008,Versa 4
2026-05-14T17:51:00Z,0.0,0.24504858548642666,0.24504858548642666,Versa 4
2026-05-14T17:57:00Z,0.0,0.24473305700149972,0.24473305700149972,Versa 4
2026-05-14T18:03:00Z,0.0,0.2609150250564955,0.2609150250564955,Versa 4
2026-05-14T18:16:00Z,0.0,0.27010193246269587,0.27010193246269587,Versa 4
2026-05-14T18:46:00Z,0.0,0.3499462838563013,0.3499462838563013,Versa 4
2026-05-14T18:53:00Z,0.0,0.28237605974787383,0.28237605974787383,Versa 4
2026-05-15T09:43:00Z,0.0,0.27093135909240496,0.27093135909240496,Versa 4
2026-05-15T09:44:00Z,0.0,0.752967520121123,0.752967520121123,Versa 4
2026-05-15T09:45:00Z,0.0,1.8459744688575712,1.8459744688575712,Versa 4
2026-05-15T09:46:00Z,0.0,1.3311001925720027,1.3311001925720027,Versa 4
2026-05-15T09:47:00Z,0.0,0.9480352217063722,0.9480352217063722,Versa 4
2026-05-15T09:48:00Z,0.0,0.6010362756406754,0.6010362756406754,Versa 4
2026-05-15T09:49:00Z,0.0,0.5707271879565445,0.5707271879565445,Versa 4
2026-05-15T09:50:00Z,0.0,0.6029178826561207,0.6029178826561207,Versa 4
2026-05-15T09:51:00Z,0.0,0.3466564658167858,0.3466564658167858,Versa 4
2026-05-15T09:52:00Z,0.0,0.5806506208886467,0.5806506208886467,Versa 4
2026-05-15T09:53:00Z,0.0,0.5577757743455759,0.5577757743455759,Versa 4
2026-05-15T09:54:00Z,0.0,0.6072472338169388,0.6072472338169388,Versa 4
2026-05-15T09:55:00Z,0.0,0.6219910807528943,0.6219910807528943,Versa 4
2026-05-15T09:56:00Z,0.0,0.3470448655637587,0.3470448655637587,Versa 4
2026-05-15T09:57:00Z,0.0,0.3556333523039428,0.3556333523039428,Versa 4
2026-05-15T09:58:00Z,0.0,0.3381850286575441,0.3381850286575441,Versa 4
2026-05-15T09:59:00Z,0.0,0.603101672533686,0.603101672533686,Versa 4
2026-05-15T10:00:00Z,0.0,0.3062823513883036,0.3062823513883036,Versa 4
2026-05-15T10:01:00Z,0.0,0.5683961161436003,0.5683961161436003,Versa 4
2026-05-15T10:02:00Z,0.0,0.3106987217765214,0.3106987217765214,Versa 4
2026-05-15T10:08:00Z,0.0,0.23915452308979426,0.23915452308979426,Versa 4
2026-05-15T10:09:00Z,0.0,0.24666444484404088,0.24666444484404088,Versa 4
2026-05-15T10:33:00Z,0.0,0.23970192229413387,0.23970192229413387,Versa 4
2026-05-15T10:42:00Z,0.0,0.2481163101063769,0.2481163101063769,Versa 4
2026-05-15T10:43:00Z,0.0,0.2915662215186041,0.2915662215186041,Versa 4
2026-05-15T11:15:00Z,0.0,0.237804601913038,0.237804601913038,Versa 4
2026-05-15T11:16:00Z,0.0,0.23252215743169946,0.23252215743169946,Versa 4
2026-05-15T11:17:00Z,0.0,0.24311276356242162,0.24311276356242162,Versa 4
2026-05-15T11:18:00Z,0.0,0.22941900235687893,0.22941900235687893,Versa 4
2026-05-15T12:45:00Z,0.0,0.23749265761714236,0.23749265761714236,Versa 4
2026-05-15T12:47:00Z,0.0,0.23912057157063343,0.23912057157063343,Versa 4
2026-05-15T12:50:00Z,0.0,0.28786763949568583,0.28786763949568583,Versa 4
2026-05-15T12:51:00Z,0.0,0.24259595931405145,0.24259595931405145,Versa 4
2026-05-15T12:54:00Z,0.0,0.2448655412954058,0.2448655412954058,Versa 4
2026-05-15T13:14:00Z,0.0,0.23848734541477354,0.23848734541477354,Versa 4
2026-05-15T13:16:00Z,0.0,0.28237614800855143,0.28237614800855143,Versa 4
2026-05-15T13:17:00Z,0.0,0.3183307886135621,0.3183307886135621,Versa 4
2026-05-15T13:18:00Z,0.0,0.35412682678303475,0.35412682678303475,Versa 4
2026-05-15T13:19:00Z,0.0,0.3236314040425542,0.3236314040425542,Versa 4
2026-05-15T13:20:00Z,0.0,0.3178951741588571,0.3178951741588571,Versa 4
2026-05-15T13:21:00Z,0.0,0.2712623245828263,0.2712623245828263,Versa 4
2026-05-15T13:22:00Z,0.0,0.2929796203642262,0.2929796203642262,Versa 4
2026-05-15T13:25:00Z,0.0,0.24939145801339793,0.24939145801339793,Versa 4
2026-05-15T13:26:00Z,0.0,0.2711128248644449,0.2711128248644449,Versa 4
2026-05-15T13:27:00Z,0.0,0.27624582178753415,0.27624582178753415,Versa 4
2026-05-15T13:28:00Z,0.0,0.29032574574442294,0.29032574574442294,Versa 4
2026-05-15T13:37:00Z,0.0,0.2403159100337478,0.2403159100337478,Versa 4
2026-05-15T13:38:00Z,0.0,0.26763563299019133,0.26763563299019133,Versa 4
2026-05-15T13:39:00Z,0.0,0.26728628513490665,0.26728628513490665,Versa 4
2026-05-15T13:40:00Z,0.0,0.2521641556730502,0.2521641556730502,Versa 4
2026-05-15T13:41:00Z,0.0,0.31214550546407327,0.31214550546407327,Versa 4
2026-05-15T13:42:00Z,0.0,0.34363959149335294,0.34363959149335294,Versa 4
2026-05-15T13:43:00Z,0.0,0.2880934585931864,0.2880934585931864,Versa 4
2026-05-15T13:44:00Z,0.0,0.3154168340159906,0.3154168340159906,Versa 4
2026-05-15T13:45:00Z,0.0,0.33475960906440577,0.33475960906440577,Versa 4
2026-05-15T13:46:00Z,0.0,0.25793223815768573,0.25793223815768573,Versa 4
2026-05-15T13:47:00Z,0.0,0.31505225171448165,0.31505225171448165,Versa 4
2026-05-15T13:50:00Z,0.0,0.23664623198116574,0.23664623198116574,Versa 4
2026-05-15T13:53:00Z,0.0,0.31530365826333057,0.31530365826333057,Versa 4
2026-05-15T13:54:00Z,0.0,0.23426191927416823,0.23426191927416823,Versa 4
2026-05-15T13:57:00Z,0.0,0.24452412236606658,0.24452412236606658,Versa 4
2026-05-15T13:59:00Z,0.0,0.26884113008973387,0.26884113008973387,Versa 4
2026-05-15T14:00:00Z,0.0,0.2748005081306973,0.2748005081306973,Versa 4
2026-05-15T14:01:00Z,0.0,0.23719015320645598,0.23719015320645598,Versa 4
2026-05-15T14:03:00Z,0.0,0.26027493726529266,0.26027493726529266,Versa 4
2026-05-15T14:04:00Z,0.0,0.23326583515439878,0.23326583515439878,Versa 4
2026-05-15T14:05:00Z,0.0,0.24744557069174955,0.24744557069174955,Versa 4
2026-05-15T14:06:00Z,0.0,0.2679216755228288,0.2679216755228288,Versa 4
2026-05-15T14:23:00Z,0.0,0.231806218568644,0.231806218568644,Versa 4
2026-05-15T14:26:00Z,0.0,0.3055162594040656,0.3055162594040656,Versa 4
2026-05-15T14:27:00Z,0.0,0.23003763646913297,0.23003763646913297,Versa 4
2026-05-15T15:02:00Z,0.0,0.24577357727011923,0.24577357727011923,Versa 4
2026-05-15T15:03:00Z,0.0,0.253968310666222,0.253968310666222,Versa 4
2026-05-15T15:04:00Z,0.0,0.2609840865498034,0.2609840865498034,Versa 4
2026-05-15T15:06:00Z,0.0,0.5937401653067325,0.5937401653067325,Versa 4
2026-05-15T15:07:00Z,0.0,0.2971710062553012,0.2971710062553012,Versa 4
2026-05-15T15:32:00Z,0.0,0.25385167438594136,0.25385167438594136,Versa 4
2026-05-15T15:33:00Z,0.0,0.34087770054805583,0.34087770054805583,Versa 4
2026-05-15T15:34:00Z,0.0,0.680812859079521,0.680812859079521,Versa 4
2026-05-15T15:35:00Z,0.0,0.3412493668346117,0.3412493668346117,Versa 4
2026-05-15T15:36:00Z,0.0,0.32180489619867175,0.32180489619867175,Versa 4
2026-05-18T13:17:00Z,0.0,0.23391632103919918,0.23391632103919918,Versa 4
2026-05-18T13:22:00Z,0.0,0.2765924188417755,0.2765924188417755,Versa 4
2026-05-18T13:23:00Z,0.0,0.8636103221209231,0.8636103221209231,Versa 4
2026-05-18T13:24:00Z,0.0,1.015181172186385,1.015181172186385,Versa 4
2026-05-18T13:25:00Z,0.0,1.0554341001094518,1.0554341001094518,Versa 4
2026-05-18T13:26:00Z,0.0,0.9138117560842682,0.9138117560842682,Versa 4
2026-05-18T13:27:00Z,0.0,1.2701456054206368,1.2701456054206368,Versa 4
2026-05-18T13:28:00Z,0.0,0.6717491351133806,0.6717491351133806,Versa 4
2026-05-18T13:29:00Z,0.0,0.8725985125797104,0.8725985125797104,Versa 4
2026-05-18T13:30:00Z,0.0,1.4533827749182424,1.4533827749182424,Versa 4
2026-05-18T13:31:00Z,0.0,1.0032295068582786,1.0032295068582786,Versa 4
2026-05-18T13:32:00Z,0.0,1.0145092058880514,1.0145092058880514,Versa 4
2026-05-18T13:33:00Z,0.0,0.7252451904461648,0.7252451904461648,Versa 4
2026-05-18T13:34:00Z,0.0,0.6404971527375345,0.6404971527375345,Versa 4
2026-05-18T13:35:00Z,0.0,0.660026185123026,0.660026185123026,Versa 4
2026-05-18T13:36:00Z,0.0,0.6559234750191617,0.6559234750191617,Versa 4
2026-05-18T13:37:00Z,0.0,0.3520646072502633,0.3520646072502633,Versa 4
2026-05-18T13:38:00Z,0.0,0.3087982845952975,0.3087982845952975,Versa 4
2026-05-18T13:39:00Z,0.0,0.2967663231253368,0.2967663231253368,Versa 4
2026-05-18T13:40:00Z,0.0,0.3286020704660205,0.3286020704660205,Versa 4
2026-05-18T13:41:00Z,0.0,0.32704336399384343,0.32704336399384343,Versa 4
2026-05-18T13:42:00Z,0.0,0.31407205410357275,0.31407205410357275,Versa 4
2026-05-18T13:43:00Z,0.0,0.3177933530104149,0.3177933530104149,Versa 4
2026-05-18T13:44:00Z,0.0,0.30818976489634453,0.30818976489634453,Versa 4
2026-05-18T13:45:00Z,0.0,0.29801388566026227,0.29801388566026227,Versa 4
2026-05-18T13:48:00Z,0.0,0.30741959386366213,0.30741959386366213,Versa 4
2026-05-18T13:49:00Z,0.0,0.2851838800236653,0.2851838800236653,Versa 4
2026-05-18T13:50:00Z,0.0,0.2682269984594218,0.2682269984594218,Versa 4
2026-05-18T13:51:00Z,0.0,0.25269182534852475,0.25269182534852475,Versa 4
2026-05-18T13:52:00Z,0.0,0.24809316265719455,0.24809316265719455,Versa 4
2026-05-18T13:53:00Z,0.0,0.24242485811331738,0.24242485811331738,Versa 4
2026-05-18T13:54:00Z,0.0,0.2741719956393403,0.2741719956393403,Versa 4
2026-05-18T13:55:00Z,0.0,0.2804769646165999,0.2804769646165999,Versa 4
2026-05-18T13:56:00Z,0.0,0.2676695973807556,0.2676695973807556,Versa 4
2026-05-18T13:57:00Z,0.0,0.23846693568207128,0.23846693568207128,Versa 4
2026-05-18T13:58:00Z,0.0,0.2545440229575565,0.2545440229575565,Versa 4
2026-05-18T13:59:00Z,0.0,0.3451057776480297,0.3451057776480297,Versa 4
2026-05-18T14:00:00Z,0.0,0.5785394331889568,0.5785394331889568,Versa 4
2026-05-18T14:01:00Z,0.0,0.3258442751767925,0.3258442751767925,Versa 4
2026-05-18T14:02:00Z,0.0,0.3236740412914295,0.3236740412914295,Versa 4
2026-05-18T14:03:00Z,0.0,0.2825267351720011,0.2825267351720011,Versa 4
2026-05-18T14:05:00Z,0.0,0.26592456182874347,0.26592456182874347,Versa 4
2026-05-18T14:06:00Z,0.0,0.25502165108970165,0.25502165108970165,Versa 4
2026-05-18T14:07:00Z,0.0,0.2304391355032845,0.2304391355032845,Versa 4
2026-05-18T14:08:00Z,0.0,0.26704508428734897,0.26704508428734897,Versa 4
2026-05-18T14:09:00Z,0.0,0.2847109450545032,0.2847109450545032,Versa 4
2026-05-18T14:10:00Z,0.0,0.2694121835653366,0.2694121835653366,Versa 4
2026-05-18T14:11:00Z,0.0,0.25826428054677747,0.25826428054677747,Versa 4
2026-05-18T14:12:00Z,0.0,0.26583373952096034,0.26583373952096034,Versa 4
2026-05-18T14:13:00Z,0.0,0.28597321675420284,0.28597321675420284,Versa 4
2026-05-18T14:14:00Z,0.0,0.2725887273836765,0.2725887273836765,Versa 4
2026-05-18T14:15:00Z,0.0,0.2820404065831611,0.2820404065831611,Versa 4
2026-05-18T14:16:00Z,0.0,0.2741857885252788,0.2741857885252788,Versa 4
2026-05-18T14:17:00Z,0.0,0.26836424344328524,0.26836424344328524,Versa 4
2026-05-18T14:18:00Z,0.0,0.2678326640137255,0.2678326640137255,Versa 4
2026-05-18T14:19:00Z,0.0,0.25027015725832064,0.25027015725832064,Versa 4
2026-05-18T14:20:00Z,0.0,0.24055494029518673,0.24055494029518673,Versa 4
2026-05-18T14:21:00Z,0.0,0.2580471459639723,0.2580471459639723,Versa 4
2026-05-18T14:22:00Z,0.0,0.24953596951274734,0.24953596951274734,Versa 4
2026-05-18T14:23:00Z,0.0,0.2700538195437423,0.2700538195437423,Versa 4
2026-05-18T14:24:00Z,0.0,0.2580471459639723,0.2580471459639723,Versa 4
2026-05-18T14:26:00Z,0.0,0.3612672030996185,0.3612672030996185,Versa 4
2026-05-18T14:27:00Z,0.0,0.778052922012271,0.778052922012271,Versa 4
2026-05-18T14:28:00Z,0.0,0.8112799123629346,0.8112799123629346,Versa 4
2026-05-18T14:29:00Z,0.0,0.6263838320909568,0.6263838320909568,Versa 4
2026-05-18T14:30:00Z,0.0,0.32125940516271967,0.32125940516271967,Versa 4
2026-05-18T14:31:00Z,0.0,0.2961195685292071,0.2961195685292071,Versa 4
2026-05-18T14:32:00Z,0.0,0.3346429102311639,0.3346429102311639,Versa 4
2026-05-18T14:33:00Z,0.0,0.31142156569530466,0.31142156569530466,Versa 4
2026-05-18T14:34:00Z,0.0,0.23787551296591017,0.23787551296591017,Versa 4
2026-05-18T14:35:00Z,0.0,0.2881852939821094,0.2881852939821094,Versa 4
2026-05-18T14:36:00Z,0.0,0.6703623648046101,0.6703623648046101,Versa 4
2026-05-18T14:37:00Z,0.0,0.7070312173255141,0.7070312173255141,Versa 4
2026-05-18T14:38:00Z,0.0,0.7162372273970088,0.7162372273970088,Versa 4
2026-05-18T14:39:00Z,0.0,0.6707781823925357,0.6707781823925357,Versa 4
2026-05-18T14:40:00Z,0.0,0.3126287414894549,0.3126287414894549,Versa 4
2026-05-18T14:41:00Z,0.0,0.3201815799498933,0.3201815799498933,Versa 4
2026-05-18T15:44:00Z,0.0,0.24640440503043487,0.24640440503043487,Versa 4
2026-05-18T15:45:00Z,0.0,0.2864321797507689,0.2864321797507689,Versa 4
2026-05-18T15:46:00Z,0.0,0.7750133464870301,0.7750133464870301,Versa 4
2026-05-18T15:47:00Z,0.0,0.5670195780768813,0.5670195780768813,Versa 4
2026-05-18T15:53:00Z,0.0,0.29641973447945386,0.29641973447945386,Versa 4
2026-05-18T15:59:00Z,0.0,0.2471106175291439,0.2471106175291439,Versa 4
2026-05-18T16:02:00Z,0.0,0.2758482154164379,0.2758482154164379,Versa 4
2026-05-18T16:03:00Z,0.0,0.5773000266134141,0.5773000266134141,Versa 4
2026-05-18T16:04:00Z,0.0,0.3432404466101095,0.3432404466101095,Versa 4
2026-05-18T16:05:00Z,0.0,0.3294502779589,0.3294502779589,Versa 4
2026-05-18T16:06:00Z,0.0,0.32648342744066927,0.32648342744066927,Versa 4
2026-05-18T16:07:00Z,0.0,0.3194980318093793,0.3194980318093793,Versa 4
2026-05-18T16:08:00Z,0.0,0.2397548147738752,0.2397548147738752,Versa 4
2026-05-18T17:23:00Z,0.0,0.23270914206303106,0.23270914206303106,Versa 4
2026-05-18T18:03:00Z,0.0,0.2521641556730502,0.2521641556730502,Versa 4
2026-05-18T18:04:00Z,0.0,0.29139977553479435,0.29139977553479435,Versa 4
2026-05-18T18:05:00Z,0.0,0.24444096344620808,0.24444096344620808,Versa 4
2026-05-18T18:20:00Z,0.0,0.23664623198116574,0.23664623198116574,Versa 4
2026-05-18T18:21:00Z,0.0,0.23000668109407885,0.23000668109407885,Versa 4
2026-05-18T18:30:00Z,0.0,0.25410226713428224,0.25410226713428224,Versa 4
2026-05-18T18:34:00Z,0.0,0.255568188779776,0.255568188779776,Versa 4
2026-05-19T09:38:00Z,0.0,0.24064691339651056,0.24064691339651056,Versa 4
2026-05-19T09:39:00Z,0.0,0.2548851295216544,0.2548851295216544,Versa 4
2026-05-19T09:40:00Z,0.0,0.26628804494133756,0.26628804494133756,Versa 4
2026-05-19T09:41:00Z,0.0,0.29247634814662277,0.29247634814662277,Versa 4
2026-05-19T09:42:00Z,0.0,0.24744557069174955,0.24744557069174955,Versa 4
2026-05-19T09:43:00Z,0.0,0.27312554412198253,0.27312554412198253,Versa 4
2026-05-19T09:44:00Z,0.0,0.2468205492093626,0.2468205492093626,Versa 4
2026-05-19T09:46:00Z,0.0,0.28310445875824725,0.28310445875824725,Versa 4
2026-05-19T09:47:00Z,0.0,0.293555468753547,0.293555468753547,Versa 4
2026-05-19T09:48:00Z,0.0,0.3048568342464712,0.3048568342464712,Versa 4
2026-05-19T09:49:00Z,0.0,0.3289518924333219,0.3289518924333219,Versa 4
2026-05-19T09:50:00Z,0.0,0.33926600904904103,0.33926600904904103,Versa 4
2026-05-19T09:51:00Z,0.0,0.3370406446608471,0.3370406446608471,Versa 4
2026-05-19T09:52:00Z,0.0,0.31440189764930265,0.31440189764930265,Versa 4
2026-05-19T09:53:00Z,0.0,0.36915026557714403,0.36915026557714403,Versa 4
2026-05-19T09:54:00Z,0.0,0.3500682294800033,0.3500682294800033,Versa 4
2026-05-19T09:55:00Z,0.0,0.3453823449911101,0.3453823449911101,Versa 4
2026-05-19T09:56:00Z,0.0,0.3454930134458357,0.3454930134458357,Versa 4
2026-05-19T09:57:00Z,0.0,0.5746291359138934,0.5746291359138934,Versa 4
2026-05-19T09:58:00Z,0.0,0.3423659882330494,0.3423659882330494,Versa 4
2026-05-19T09:59:00Z,0.0,0.31681485516098495,0.31681485516098495,Versa 4
2026-05-19T10:00:00Z,0.0,0.2696861531496075,0.2696861531496075,Versa 4
2026-05-19T10:01:00Z,0.0,0.31871051356379476,0.31871051356379476,Versa 4
2026-05-19T10:02:00Z,0.0,0.2900831625321829,0.2900831625321829,Versa 4
2026-05-19T10:03:00Z,0.0,0.2642864824999276,0.2642864824999276,Versa 4
2026-05-19T10:04:00Z,0.0,0.31101985054193165,0.31101985054193165,Versa 4
2026-05-19T10:05:00Z,0.0,0.5813223408936912,0.5813223408936912,Versa 4
2026-05-19T10:06:00Z,0.0,0.25036790760329125,0.25036790760329125,Versa 4
2026-05-19T10:07:00Z,0.0,0.338653369807414,0.338653369807414,Versa 4
2026-05-19T10:09:00Z,0.0,0.29055227387856863,0.29055227387856863,Versa 4
2026-05-19T10:11:00Z,0.0,0.2359645835228467,0.2359645835228467,Versa 4
2026-05-19T10:20:00Z,0.0,0.2906834734577893,0.2906834734577893,Versa 4
2026-05-19T10:22:00Z,0.0,0.234586196498764,0.234586196498764,Versa 4
2026-05-19T10:23:00Z,0.0,0.25821999293835185,0.25821999293835185,Versa 4
2026-05-19T10:28:00Z,0.0,0.24577357727011923,0.24577357727011923,Versa 4
2026-05-19T10:29:00Z,0.0,0.28108431446105303,0.28108431446105303,Versa 4
2026-05-19T10:30:00Z,0.0,0.27919503677128427,0.27919503677128427,Versa 4
2026-05-19T10:31:00Z,0.0,0.28636840681939146,0.28636840681939146,Versa 4
2026-05-19T10:32:00Z,0.0,0.26665183843426743,0.26665183843426743,Versa 4
2026-05-19T10:40:00Z,0.0,0.24845209675090926,0.24845209675090926,Versa 4
2026-05-19T10:41:00Z,0.0,0.2572689467607884,0.2572689467607884,Versa 4
2026-05-19T10:42:00Z,0.0,0.23491074380194768,0.23491074380194768,Versa 4
2026-05-19T10:44:00Z,0.0,0.23781869219444343,0.23781869219444343,Versa 4
2026-05-19T10:47:00Z,0.0,0.2555175530826679,0.2555175530826679,Versa 4
2026-05-19T10:48:00Z,0.0,0.24433011170667063,0.24433011170667063,Versa 4
2026-05-19T10:50:00Z,0.0,0.2424503149522955,0.2424503149522955,Versa 4
2026-05-19T11:06:00Z,0.0,0.2637140228884957,0.2637140228884957,Versa 4
2026-05-19T11:07:00Z,0.0,0.25594553245430407,0.25594553245430407,Versa 4
2026-05-19T11:10:00Z,0.0,0.30920985929804895,0.30920985929804895,Versa 4
2026-05-19T11:12:00Z,0.0,0.28749944057206966,0.28749944057206966,Versa 4
2026-05-19T11:13:00Z,0.0,0.30622556111519184,0.30622556111519184,Versa 4
2026-05-19T11:14:00Z,0.0,0.3041193747444515,0.3041193747444515,Versa 4
2026-05-19T11:15:00Z,0.0,0.25070645518791485,0.25070645518791485,Versa 4
2026-05-19T11:40:00Z,0.0,0.25182529777532764,0.25182529777532764,Versa 4
2026-05-19T11:41:00Z,0.0,0.36871642315191344,0.36871642315191344,Versa 4
2026-05-19T11:42:00Z,0.0,0.31831723249932287,0.31831723249932287,Versa 4
2026-05-19T11:57:00Z,0.0,0.32587003145715276,0.32587003145715276,Versa 4
2026-05-19T11:58:00Z,0.0,0.36396698391305454,0.36396698391305454,Versa 4
2026-05-19T11:59:00Z,0.0,0.7557500661215919,0.7557500661215919,Versa 4
2026-05-19T12:00:00Z,0.0,0.26026209990865234,0.26026209990865234,Versa 4
2026-05-19T12:01:00Z,0.0,0.24869851710341742,0.24869851710341742,Versa 4
2026-05-19T12:02:00Z,0.0,0.27854293614209663,0.27854293614209663,Versa 4
2026-05-19T12:04:00Z,0.0,0.2964697811717472,0.2964697811717472,Versa 4
2026-05-19T12:05:00Z,0.0,0.24349544589069294,0.24349544589069294,Versa 4
2026-05-19T12:06:00Z,0.0,0.24640440503043487,0.24640440503043487,Versa 4
2026-05-19T12:54:00Z,0.0,0.24421076718180296,0.24421076718180296,Versa 4
2026-05-19T12:55:00Z,0.0,0.26884113008973387,0.26884113008973387,Versa 4
2026-05-19T13:56:00Z,0.0,0.2620704120941519,0.2620704120941519,Versa 4
2026-05-19T15:20:00Z,0.0,0.2748005081306973,0.2748005081306973,Versa 4
2026-05-19T15:21:00Z,0.0,0.2999865961986731,0.2999865961986731,Versa 4
2026-05-19T15:22:00Z,0.0,0.2823276363446307,0.2823276363446307,Versa 4
2026-05-19T15:32:00Z,0.0,0.25841762014701924,0.25841762014701924,Versa 4
2026-05-19T16:41:00Z,0.0,0.23014480894002176,0.23014480894002176,Versa 4
2026-05-19T16:43:00Z,0.0,0.24113935315819737,0.24113935315819737,Versa 4
2026-05-20T07:19:00Z,0.0,0.2752076763635119,0.2752076763635119,Versa 4
2026-05-20T07:21:00Z,0.0,0.31396015863454807,0.31396015863454807,Versa 4
2026-05-20T07:22:00Z,0.0,0.32175902331080947,0.32175902331080947,Versa 4
2026-05-20T07:23:00Z,0.0,0.3104248259705982,0.3104248259705982,Versa 4
2026-05-20T07:24:00Z,0.0,0.618398883336127,0.618398883336127,Versa 4
2026-05-20T07:25:00Z,0.0,0.7477069375760805,0.7477069375760805,Versa 4
2026-05-20T07:26:00Z,0.0,0.5674992610560504,0.5674992610560504,Versa 4
2026-05-20T07:27:00Z,0.0,0.29798143876620087,0.29798143876620087,Versa 4
2026-05-20T07:28:00Z,0.0,0.2943456712158275,0.2943456712158275,Versa 4
2026-05-20T07:29:00Z,0.0,0.29981011971257326,0.29981011971257326,Versa 4
2026-05-20T07:30:00Z,0.0,0.3111721854560235,0.3111721854560235,Versa 4
2026-05-20T07:31:00Z,0.0,0.270175819132863,0.270175819132863,Versa 4
2026-05-20T07:32:00Z,0.0,0.30513368023030474,0.30513368023030474,Versa 4
2026-05-20T07:33:00Z,0.0,0.3043847267693723,0.3043847267693723,Versa 4
2026-05-20T07:34:00Z,0.0,0.2359645835228467,0.2359645835228467,Versa 4
2026-05-20T10:47:00Z,0.0,0.24932644458714687,0.24932644458714687,Versa 4
2026-05-20T13:20:00Z,0.0,0.644733855952675,0.644733855952675,Versa 4
2026-05-20T13:21:00Z,0.0,0.6511597814800267,0.6511597814800267,Versa 4
2026-05-20T13:22:00Z,0.0,0.7398068983885708,0.7398068983885708,Versa 4
2026-05-20T13:23:00Z,0.0,0.778052922012271,0.778052922012271,Versa 4
2026-05-20T13:24:00Z,0.0,0.5730011079829145,0.5730011079829145,Versa 4
2026-05-20T13:25:00Z,0.0,0.5573655202406657,0.5573655202406657,Versa 4
2026-05-20T13:26:00Z,0.0,0.33389334837911916,0.33389334837911916,Versa 4
2026-05-20T13:27:00Z,0.0,0.2686897844547611,0.2686897844547611,Versa 4
2026-05-20T14:11:00Z,0.0,0.24615349112052767,0.24615349112052767,Versa 4
2026-05-20T14:18:00Z,0.0,0.26015085928619286,0.26015085928619286,Versa 4
2026-05-20T16:16:00Z,0.0,0.24145870182834633,0.24145870182834633,Versa 4
2026-05-20T16:19:00Z,0.0,0.25034284117819905,0.25034284117819905,Versa 4
2026-05-20T16:20:00Z,0.0,0.3207548631651667,0.3207548631651667,Versa 4
2026-05-20T16:21:00Z,0.0,0.29391574273926613,0.29391574273926613,Versa 4
2026-05-20T16:22:00Z,0.0,0.2922847713848118,0.2922847713848118,Versa 4
2026-05-20T16:23:00Z,0.0,0.2755534507346241,0.2755534507346241,Versa 4
2026-05-20T16:24:00Z,0.0,0.23466106805183304,0.23466106805183304,Versa 4
2026-05-20T17:16:00Z,0.0,0.2779815549279536,0.2779815549279536,Versa 4
2026-05-20T17:17:00Z,0.0,0.2762334483976769,0.2762334483976769,Versa 4
2026-05-20T17:18:00Z,0.0,0.3071008899170737,0.3071008899170737,Versa 4
2026-05-20T17:19:00Z,0.0,0.7252451904461648,0.7252451904461648,Versa 4
2026-05-20T17:20:00Z,0.0,0.9812279685472333,0.9812279685472333,Versa 4
2026-05-20T17:21:00Z,0.0,0.6010125640022831,0.6010125640022831,Versa 4
2026-05-20T17:22:00Z,0.0,0.23543058172794154,0.23543058172794154,Versa 4
2026-05-20T17:24:00Z,0.0,0.27235886647509144,0.27235886647509144,Versa 4
2026-05-20T17:25:00Z,0.0,0.2533964416070318,0.2533964416070318,Versa 4
2026-05-20T17:49:00Z,0.0,0.233070901673479,0.233070901673479,Versa 4
2026-05-20T20:20:00Z,0.0,0.2547750643465842,0.2547750643465842,Versa 4
2026-05-20T20:21:00Z,0.0,0.2501352072074947,0.2501352072074947,Versa 4
2026-05-20T20:22:00Z,0.0,0.29089824550701404,0.29089824550701404,Versa 4
2026-05-20T20:34:00Z,0.0,0.2447737026077706,0.2447737026077706,Versa 4
2026-05-21T07:03:00Z,0.0,0.25137235835502986,0.25137235835502986,Versa 4
2026-05-21T07:04:00Z,0.0,0.33783617491851675,0.33783617491851675,Versa 4
2026-05-21T07:05:00Z,0.0,0.5775605110828549,0.5775605110828549,Versa 4
2026-05-21T07:06:00Z,0.0,0.6695964405386798,0.6695964405386798,Versa 4
2026-05-21T07:07:00Z,0.0,0.668986023789474,0.668986023789474,Versa 4
2026-05-21T07:08:00Z,0.0,0.6605722446250205,0.6605722446250205,Versa 4
2026-05-21T07:09:00Z,0.0,0.6801576147518743,0.6801576147518743,Versa 4
2026-05-21T07:10:00Z,0.0,0.660047534697024,0.660047534697024,Versa 4
2026-05-21T07:11:00Z,0.0,0.35289036450770556,0.35289036450770556,Versa 4
2026-05-21T07:12:00Z,0.0,0.28516151638742393,0.28516151638742393,Versa 4
2026-05-21T07:13:00Z,0.0,0.32166465579196835,0.32166465579196835,Versa 4
2026-05-21T07:14:00Z,0.0,0.3577212006498307,0.3577212006498307,Versa 4
2026-05-21T09:47:00Z,0.0,0.2504568784116278,0.2504568784116278,Versa 4
2026-05-21T09:50:00Z,0.0,0.3331863791240194,0.3331863791240194,Versa 4
2026-05-21T09:51:00Z,0.0,0.6448668632792547,0.6448668632792547,Versa 4
2026-05-21T09:52:00Z,0.0,0.5996755721900551,0.5996755721900551,Versa 4
2026-05-21T09:53:00Z,0.0,0.3460138730693132,0.3460138730693132,Versa 4
2026-05-21T09:54:00Z,0.0,0.32491813934352315,0.32491813934352315,Versa 4
2026-05-21T09:55:00Z,0.0,0.31804726266773364,0.31804726266773364,Versa 4
2026-05-21T09:56:00Z,0.0,0.30929136692181214,0.30929136692181214,Versa 4
2026-05-21T10:22:00Z,0.0,0.2544798556609598,0.2544798556609598,Versa 4
2026-05-21T14:04:00Z,0.0,0.23570102434662404,0.23570102434662404,Versa 4
2026-05-21T14:05:00Z,0.0,0.23161632194036436,0.23161632194036436,Versa 4
2026-05-21T14:13:00Z,0.0,0.2595367670871296,0.2595367670871296,Versa 4
2026-05-21T14:14:00Z,0.0,0.24357260568682498,0.24357260568682498,Versa 4
2026-05-21T14:35:00Z,0.0,0.233058613583436,0.233058613583436,Versa 4
2026-05-21T14:36:00Z,0.0,0.2737914156976763,0.2737914156976763,Versa 4
2026-05-21T14:40:00Z,0.0,0.28687760976786053,0.28687760976786053,Versa 4
2026-05-21T14:41:00Z,0.0,0.2605515271814862,0.2605515271814862,Versa 4
2026-05-22T06:30:00Z,0.0,0.3107884160079676,0.3107884160079676,Versa 4
2026-05-22T06:31:00Z,0.0,0.5673649988675048,0.5673649988675048,Versa 4
2026-05-22T06:32:00Z,0.0,0.36502660286352406,0.36502660286352406,Versa 4
2026-05-22T06:33:00Z,0.0,0.9009747154375822,0.9009747154375822,Versa 4
2026-05-22T06:34:00Z,0.0,0.7290714977500189,0.7290714977500189,Versa 4
2026-05-22T06:35:00Z,0.0,0.3602966617172861,0.3602966617172861,Versa 4
2026-05-22T06:36:00Z,0.0,0.6018863798254904,0.6018863798254904,Versa 4
2026-05-22T06:37:00Z,0.0,0.32504378465068684,0.32504378465068684,Versa 4
2026-05-22T06:38:00Z,0.0,0.5980257674325985,0.5980257674325985,Versa 4
2026-05-22T06:39:00Z,0.0,0.5838110834607135,0.5838110834607135,Versa 4
2026-05-22T06:40:00Z,0.0,0.5689019994479194,0.5689019994479194,Versa 4
2026-05-22T06:41:00Z,0.0,0.5718310565423496,0.5718310565423496,Versa 4
2026-05-22T10:11:00Z,0.0,0.3636558829664249,0.3636558829664249,Versa 4
2026-05-22T10:12:00Z,0.0,0.3055661220234354,0.3055661220234354,Versa 4
2026-05-22T10:13:00Z,0.0,0.2682766467698412,0.2682766467698412,Versa 4
2026-05-22T10:14:00Z,0.0,0.2889777321170745,0.2889777321170745,Versa 4
2026-05-22T10:15:00Z,0.0,0.34747737320153216,0.34747737320153216,Versa 4
2026-05-22T10:16:00Z,0.0,0.5648633657067508,0.5648633657067508,Versa 4
2026-05-22T10:17:00Z,0.0,0.5979809777805829,0.5979809777805829,Versa 4
2026-05-22T10:18:00Z,0.0,0.6314071002400975,0.6314071002400975,Versa 4
2026-05-22T10:19:00Z,0.0,0.3401762811896988,0.3401762811896988,Versa 4
2026-05-22T10:20:00Z,0.0,0.25219202595350243,0.25219202595350243,Versa 4
2026-05-22T10:21:00Z,0.0,0.25770132038174676,0.25770132038174676,Versa 4
2026-05-22T10:22:00Z,0.0,0.23125252232693322,0.23125252232693322,Versa 4
2026-05-22T10:24:00Z,0.0,0.2415485166271445,0.2415485166271445,Versa 4
2026-05-22T10:29:00Z,0.0,1.0312514793711707,1.0312514793711707,Versa 4
2026-05-22T10:30:00Z,0.0,1.4889068109473909,1.4889068109473909,Versa 4
2026-05-22T10:31:00Z,0.0,0.7656274500539958,0.7656274500539958,Versa 4
2026-05-22T10:32:00Z,0.0,0.6955520823024918,0.6955520823024918,Versa 4
2026-05-22T10:33:00Z,0.0,1.539732823664696,1.539732823664696,Versa 4
2026-05-22T10:34:00Z,0.0,1.2854340349035496,1.2854340349035496,Versa 4
2026-05-22T10:35:00Z,0.0,1.1522769724665187,1.1522769724665187,Versa 4
2026-05-22T10:36:00Z,0.0,1.2852361270995698,1.2852361270995698,Versa 4
2026-05-22T10:37:00Z,0.0,1.27619008839643,1.27619008839643,Versa 4
2026-05-22T10:38:00Z,0.0,0.7109720260395278,0.7109720260395278,Versa 4
2026-05-22T10:39:00Z,0.0,0.7011791602627249,0.7011791602627249,Versa 4
2026-05-22T10:40:00Z,0.0,0.765466931953656,0.765466931953656,Versa 4
2026-05-22T10:41:00Z,0.0,0.9594641650178714,0.9594641650178714,Versa 4
2026-05-22T10:42:00Z,0.0,0.8918965524926145,0.8918965524926145,Versa 4
2026-05-22T10:43:00Z,0.0,0.6405591565602096,0.6405591565602096,Versa 4
2026-05-22T10:44:00Z,0.0,0.6125150791912657,0.6125150791912657,Versa 4
2026-05-22T10:45:00Z,0.0,0.33507371866995117,0.33507371866995117,Versa 4
2026-05-22T10:46:00Z,0.0,0.3325813009071,0.3325813009071,Versa 4
2026-05-22T10:47:00Z,0.0,0.31965842845618564,0.31965842845618564,Versa 4
2026-05-22T10:48:00Z,0.0,0.2681282782228011,0.2681282782228011,Versa 4
2026-05-22T10:49:00Z,0.0,0.3025733382172204,0.3025733382172204,Versa 4
2026-05-22T10:52:00Z,0.0,0.33739155862954595,0.33739155862954595,Versa 4
2026-05-22T10:53:00Z,0.0,0.5686186538188378,0.5686186538188378,Versa 4
2026-05-22T10:54:00Z,0.0,0.36371606097310966,0.36371606097310966,Versa 4
2026-05-22T10:55:00Z,0.0,0.3283526307395928,0.3283526307395928,Versa 4
2026-05-22T10:56:00Z,0.0,0.3401762811896988,0.3401762811896988,Versa 4
2026-05-22T10:57:00Z,0.0,0.3576422886044696,0.3576422886044696,Versa 4
2026-05-22T10:58:00Z,0.0,0.34738984462822187,0.34738984462822187,Versa 4
2026-05-22T10:59:00Z,0.0,0.34143438815888444,0.34143438815888444,Versa 4
2026-05-22T11:00:00Z,0.0,0.6007174018316297,0.6007174018316297,Versa 4
2026-05-22T11:01:00Z,0.0,0.33856784993971134,0.33856784993971134,Versa 4
2026-05-22T11:02:00Z,0.0,0.3678689487509982,0.3678689487509982,Versa 4
2026-05-22T11:03:00Z,0.0,0.3512583776127445,0.3512583776127445,Versa 4
2026-05-22T11:04:00Z,0.0,0.34747737320153216,0.34747737320153216,Versa 4
2026-05-22T11:05:00Z,0.0,0.35946014836325674,0.35946014836325674,Versa 4
2026-05-22T11:06:00Z,0.0,0.2747887203589546,0.2747887203589546,Versa 4
2026-05-22T11:07:00Z,0.0,0.2869394155103631,0.2869394155103631,Versa 4
2026-05-22T11:09:00Z,0.0,0.2897964099907466,0.2897964099907466,Versa 4
2026-05-22T11:10:00Z,0.0,0.3240485336701837,0.3240485336701837,Versa 4
2026-05-22T11:11:00Z,0.0,0.31357714134528764,0.31357714134528764,Versa 4
2026-05-22T11:12:00Z,0.0,0.3072518941519967,0.3072518941519967,Versa 4
2026-05-22T11:13:00Z,0.0,0.2622355207393166,0.2622355207393166,Versa 4
2026-05-22T11:14:00Z,0.0,0.25388120622820287,0.25388120622820287,Versa 4
2026-05-22T11:15:00Z,0.0,0.22956270208965354,0.22956270208965354,Versa 4
2026-05-22T11:16:00Z,0.0,0.2362247090138358,0.2362247090138358,Versa 4
2026-05-22T11:17:00Z,0.0,0.24469039934545056,0.24469039934545056,Versa 4
2026-05-22T11:19:00Z,0.0,0.23125252232693322,0.23125252232693322,Versa 4
2026-05-22T11:20:00Z,0.0,0.23523579769004907,0.23523579769004907,Versa 4
2026-05-22T11:21:00Z,0.0,0.23399523165360908,0.23399523165360908,Versa 4
2026-05-22T11:22:00Z,0.0,0.2542654776176185,0.2542654776176185,Versa 4
2026-05-22T11:41:00Z,0.0,0.2459249905049285,0.2459249905049285,Versa 4
2026-05-22T11:42:00Z,0.0,0.5743854685767699,0.5743854685767699,Versa 4
2026-05-22T11:43:00Z,0.0,0.2398829265396763,0.2398829265396763,Versa 4
2026-05-22T11:44:00Z,0.0,0.28746507411912503,0.28746507411912503,Versa 4
2026-05-22T11:48:00Z,0.0,0.29522687670411707,0.29522687670411707,Versa 4
2026-05-22T11:49:00Z,0.0,0.5897632685196332,0.5897632685196332,Versa 4
2026-05-22T11:50:00Z,0.0,0.3482365734971328,0.3482365734971328,Versa 4
2026-05-22T11:51:00Z,0.0,0.3362313107176159,0.3362313107176159,Versa 4
2026-05-22T11:52:00Z,0.0,0.32138786531628866,0.32138786531628866,Versa 4
2026-05-22T11:53:00Z,0.0,0.332382969372289,0.332382969372289,Versa 4
2026-05-22T11:54:00Z,0.0,0.30594156388822846,0.30594156388822846,Versa 4
2026-05-22T11:55:00Z,0.0,0.6533504961648586,0.6533504961648586,Versa 4
2026-05-22T11:56:00Z,0.0,0.3543612591280797,0.3543612591280797,Versa 4
2026-05-22T11:57:00Z,0.0,0.3124715740585678,0.3124715740585678,Versa 4
2026-05-22T11:58:00Z,0.0,0.24429178400612347,0.24429178400612347,Versa 4
2026-05-22T11:59:00Z,0.0,0.3298117867145287,0.3298117867145287,Versa 4
2026-05-22T12:00:00Z,0.0,0.34166860868695886,0.34166860868695886,Versa 4
2026-05-22T12:01:00Z,0.0,0.34340841821778406,0.34340841821778406,Versa 4
2026-05-22T12:02:00Z,0.0,0.30677396494618553,0.30677396494618553,Versa 4
2026-05-22T12:03:00Z,0.0,0.2878527946536277,0.2878527946536277,Versa 4
2026-05-22T12:04:00Z,0.0,0.3477346414430377,0.3477346414430377,Versa 4
2026-05-22T12:05:00Z,0.0,0.5870109318554017,0.5870109318554017,Versa 4
2026-05-22T12:06:00Z,0.0,0.3345689357675647,0.3345689357675647,Versa 4
2026-05-22T12:07:00Z,0.0,0.3270575764267367,0.3270575764267367,Versa 4
2026-05-22T12:08:00Z,0.0,0.29413335681519703,0.29413335681519703,Versa 4
2026-05-22T12:09:00Z,0.0,0.29616357833587464,0.29616357833587464,Versa 4
2026-05-22T12:12:00Z,0.0,0.3212212515670322,0.3212212515670322,Versa 4
2026-05-22T12:13:00Z,0.0,0.2580503540586606,0.2580503540586606,Versa 4
2026-05-22T12:14:00Z,0.0,0.25250079329438535,0.25250079329438535,Versa 4
2026-05-22T12:18:00Z,0.0,0.25352375834010404,0.25352375834010404,Versa 4
2026-05-22T12:19:00Z,0.0,0.2609259134073805,0.2609259134073805,Versa 4
2026-05-22T12:25:00Z,0.0,0.36703625914905186,0.36703625914905186,Versa 4
2026-05-22T12:26:00Z,0.0,0.27613075191270103,0.27613075191270103,Versa 4
2026-05-22T12:27:00Z,0.0,0.24396593876072567,0.24396593876072567,Versa 4
2026-05-22T12:29:00Z,0.0,0.36891870336436056,0.36891870336436056,Versa 4
2026-05-22T12:30:00Z,0.0,0.33775122205480645,0.33775122205480645,Versa 4
2026-05-22T12:31:00Z,0.0,0.2948075953175583,0.2948075953175583,Versa 4
2026-05-22T12:32:00Z,0.0,0.28016148795079393,0.28016148795079393,Versa 4
2026-05-22T12:33:00Z,0.0,0.6177310263258163,0.6177310263258163,Versa 4
2026-05-22T12:34:00Z,0.0,0.6068585732254684,0.6068585732254684,Versa 4
2026-05-22T12:35:00Z,0.0,0.2420704489951017,0.2420704489951017,Versa 4
2026-05-22T13:08:00Z,0.0,0.26536222068257936,0.26536222068257936,Versa 4
2026-05-22T13:09:00Z,0.0,0.3088047188345777,0.3088047188345777,Versa 4
2026-05-22T13:10:00Z,0.0,0.34747737320153216,0.34747737320153216,Versa 4
2026-05-22T13:11:00Z,0.0,0.3527188776710941,0.3527188776710941,Versa 4
2026-05-22T13:12:00Z,0.0,0.5762213182931236,0.5762213182931236,Versa 4
2026-05-22T13:13:00Z,0.0,0.5693358789886572,0.5693358789886572,Versa 4
2026-05-22T13:14:00Z,0.0,0.565309531433631,0.565309531433631,Versa 4
2026-05-22T13:15:00Z,0.0,0.36703625914905186,0.36703625914905186,Versa 4
2026-05-22T13:16:00Z,0.0,0.5870109318554017,0.5870109318554017,Versa 4
2026-05-22T13:17:00Z,0.0,0.33989294809120624,0.33989294809120624,Versa 4
2026-05-22T13:18:00Z,0.0,0.30407981379832005,0.30407981379832005,Versa 4
2026-05-22T13:19:00Z,0.0,0.2998704460667199,0.2998704460667199,Versa 4
2026-05-22T13:20:00Z,0.0,0.3325959952525914,0.3325959952525914,Versa 4
2026-05-22T13:21:00Z,0.0,0.3131320663117476,0.3131320663117476,Versa 4
2026-05-22T13:22:00Z,0.0,0.2920795706426085,0.2920795706426085,Versa 4
2026-05-22T13:23:00Z,0.0,0.29560718151845694,0.29560718151845694,Versa 4
2026-05-22T13:24:00Z,0.0,0.2824823502773074,0.2824823502773074,Versa 4
2026-05-22T13:25:00Z,0.0,0.269733913477391,0.269733913477391,Versa 4
2026-05-22T13:26:00Z,0.0,0.2562941996334064,0.2562941996334064,Versa 4
2026-05-22T13:27:00Z,0.0,0.261945544813188,0.261945544813188,Versa 4
2026-05-22T13:28:00Z,0.0,0.25485981547442255,0.25485981547442255,Versa 4
2026-05-22T13:29:00Z,0.0,0.30605286339674215,0.30605286339674215,Versa 4
2026-05-22T13:30:00Z,0.0,0.29751343520450324,0.29751343520450324,Versa 4
2026-05-22T13:31:00Z,0.0,0.324234990041306,0.324234990041306,Versa 4
2026-05-22T13:32:00Z,0.0,0.3676572882435537,0.3676572882435537,Versa 4
2026-05-22T13:33:00Z,0.0,0.6176852160853304,0.6176852160853304,Versa 4
2026-05-22T13:34:00Z,0.0,0.6325501434257806,0.6325501434257806,Versa 4
2026-05-22T13:35:00Z,0.0,0.3377655375466219,0.3377655375466219,Versa 4
2026-05-22T13:40:00Z,0.0,0.5828990534342263,0.5828990534342263,Versa 4
2026-05-22T13:41:00Z,0.0,0.25390681317285785,0.25390681317285785,Versa 4
2026-05-22T13:42:00Z,0.0,0.3295159620387112,0.3295159620387112,Versa 4
2026-05-22T13:43:00Z,0.0,0.3490193966793885,0.3490193966793885,Versa 4
2026-05-22T13:44:00Z,0.0,0.27930776639610244,0.27930776639610244,Versa 4
2026-05-22T13:49:00Z,0.0,0.3411776243664036,0.3411776243664036,Versa 4
2026-05-22T13:50:00Z,0.0,0.2349719037473131,0.2349719037473131,Versa 4
2026-05-22T13:51:00Z,0.0,0.2880606393962637,0.2880606393962637,Versa 4
2026-05-22T13:52:00Z,0.0,0.32247224006282305,0.32247224006282305,Versa 4
2026-05-22T13:53:00Z,0.0,0.32666536284196235,0.32666536284196235,Versa 4
2026-05-22T13:54:00Z,0.0,0.64945997597566,0.64945997597566,Versa 4
2026-05-22T13:55:00Z,0.0,0.3655938755581493,0.3655938755581493,Versa 4
2026-05-22T13:56:00Z,0.0,0.2854487877204687,0.2854487877204687,Versa 4
2026-05-22T13:57:00Z,0.0,0.2573525791637558,0.2573525791637558,Versa 4
2026-05-22T16:11:00Z,0.0,0.2612655158493188,0.2612655158493188,Versa 4
2026-05-22T16:12:00Z,0.0,0.27297665275377775,0.27297665275377775,Versa 4
2026-05-22T16:13:00Z,0.0,0.8908788123166953,0.8908788123166953,Versa 4
2026-05-22T16:14:00Z,0.0,0.8138965452789907,0.8138965452789907,Versa 4
2026-05-22T16:15:00Z,0.0,1.0066117403890475,1.0066117403890475,Versa 4
2026-05-22T16:16:00Z,0.0,0.26738720615474837,0.26738720615474837,Versa 4
2026-05-22T16:33:00Z,0.0,0.35721108921863126,0.35721108921863126,Versa 4
2026-05-22T16:34:00Z,0.0,0.2891846582397256,0.2891846582397256,Versa 4
2026-05-22T16:35:00Z,0.0,0.7365706488141969,0.7365706488141969,Versa 4
2026-05-22T16:36:00Z,0.0,0.7137128289570929,0.7137128289570929,Versa 4
2026-05-22T16:37:00Z,0.0,0.6316094765942197,0.6316094765942197,Versa 4
2026-05-22T16:38:00Z,0.0,0.5792900185538017,0.5792900185538017,Versa 4
2026-05-22T16:39:00Z,0.0,0.5870109318554017,0.5870109318554017,Versa 4
2026-05-22T16:40:00Z,0.0,0.3230242859341908,0.3230242859341908,Versa 4
2026-05-22T16:57:00Z,0.0,0.2361608327814122,0.2361608327814122,Versa 4
2026-05-22T17:13:00Z,0.0,0.2538573667109339,0.2538573667109339,Versa 4
2026-05-22T17:14:00Z,0.0,0.28100651248875896,0.28100651248875896,Versa 4
2026-05-22T17:15:00Z,0.0,0.2521564139113321,0.2521564139113321,Versa 4
2026-05-22T17:16:00Z,0.0,0.23877641265743166,0.23877641265743166,Versa 4
2026-05-22T17:20:00Z,0.0,0.25390681317285785,0.25390681317285785,Versa 4
2026-05-22T17:21:00Z,0.0,0.2517613718960332,0.2517613718960332,Versa 4
2026-05-22T17:22:00Z,0.0,0.3275082790560439,0.3275082790560439,Versa 4
2026-05-22T17:23:00Z,0.0,0.35529724374030003,0.35529724374030003,Versa 4
2026-05-22T17:24:00Z,0.0,0.36809698339052216,0.36809698339052216,Versa 4
2026-05-22T17:25:00Z,0.0,0.6304707646742901,0.6304707646742901,Versa 4
2026-05-22T17:26:00Z,0.0,0.6340415403353666,0.6340415403353666,Versa 4
2026-05-22T17:27:00Z,0.0,0.590222855575109,0.590222855575109,Versa 4
2026-05-22T17:28:00Z,0.0,0.6199179446707348,0.6199179446707348,Versa 4
2026-05-22T17:29:00Z,0.0,0.5687151672980129,0.5687151672980129,Versa 4
2026-05-22T17:30:00Z,0.0,0.3468574275908907,0.3468574275908907,Versa 4
2026-05-22T17:31:00Z,0.0,0.30737387251472253,0.30737387251472253,Versa 4
2026-05-22T17:32:00Z,0.0,0.26594580425992737,0.26594580425992737,Versa 4
2026-05-22T17:33:00Z,0.0,0.285371820881969,0.285371820881969,Versa 4
2026-05-22T17:34:00Z,0.0,0.26150465996159733,0.26150465996159733,Versa 4
2026-05-22T17:35:00Z,0.0,0.25630810817015337,0.25630810817015337,Versa 4
2026-05-22T17:36:00Z,0.0,0.2358522445328515,0.2358522445328515,Versa 4
2026-05-22T17:43:00Z,0.0,0.23751674943376935,0.23751674943376935,Versa 4
2026-05-22T17:44:00Z,0.0,0.26604887274281286,0.26604887274281286,Versa 4
2026-05-22T17:45:00Z,0.0,0.2514685223140022,0.2514685223140022,Versa 4
2026-05-22T17:46:00Z,0.0,0.25462445436582914,0.25462445436582914,Versa 4
2026-05-22T17:47:00Z,0.0,0.24743341380768208,0.24743341380768208,Versa 4
2026-05-22T17:48:00Z,0.0,0.2417572074377359,0.2417572074377359,Versa 4
2026-05-23T08:14:00Z,0.0,0.25030175608052546,0.25030175608052546,Versa 4
2026-05-23T08:15:00Z,0.0,0.27123422489712684,0.27123422489712684,Versa 4
2026-05-23T08:16:00Z,0.0,0.26915255547293476,0.26915255547293476,Versa 4
2026-05-23T08:19:00Z,0.0,0.2407220268078757,0.2407220268078757,Versa 4
2026-05-23T08:20:00Z,0.0,0.23774186690977667,0.23774186690977667,Versa 4
2026-05-23T08:21:00Z,0.0,0.27704619604677094,0.27704619604677094,Versa 4
2026-05-23T08:22:00Z,0.0,0.2426976719449135,0.2426976719449135,Versa 4
2026-05-23T08:23:00Z,0.0,0.2854487877204687,0.2854487877204687,Versa 4
2026-05-23T08:24:00Z,0.0,0.25770132038174676,0.25770132038174676,Versa 4
2026-05-23T08:25:00Z,0.0,0.3154254280388214,0.3154254280388214,Versa 4
2026-05-23T08:26:00Z,0.0,0.23020279513283304,0.23020279513283304,Versa 4
2026-05-23T12:13:00Z,0.0,0.3634368919842928,0.3634368919842928,Versa 4
2026-05-23T12:14:00Z,0.0,0.33899818173410107,0.33899818173410107,Versa 4
2026-05-23T12:15:00Z,0.0,0.3075539933299462,0.3075539933299462,Versa 4
2026-05-23T12:16:00Z,0.0,0.23533847131020894,0.23533847131020894,Versa 4
2026-05-23T12:18:00Z,0.0,0.25993480221551934,0.25993480221551934,Versa 4
2026-05-23T12:19:00Z,0.0,0.3069538572603224,0.3069538572603224,Versa 4
2026-05-23T12:20:00Z,0.0,0.5531518048856802,0.5531518048856802,Versa 4
2026-05-23T12:21:00Z,0.0,0.3094795549303524,0.3094795549303524,Versa 4
2026-05-23T12:25:00Z,0.0,0.237951020005776,0.237951020005776,Versa 4
2026-05-23T12:31:00Z,0.0,0.24921137857037998,0.24921137857037998,Versa 4
2026-05-23T12:33:00Z,0.0,0.2637292867561205,0.2637292867561205,Versa 4
2026-05-23T12:35:00Z,0.0,0.25700413019530166,0.25700413019530166,Versa 4
2026-05-23T12:38:00Z,0.0,0.27753992083854767,0.27753992083854767,Versa 4
2026-05-23T12:39:00Z,0.0,0.26392606071512226,0.26392606071512226,Versa 4
2026-05-23T12:41:00Z,0.0,0.2400764073753145,0.2400764073753145,Versa 4
2026-05-23T12:42:00Z,0.0,0.6538631278846508,0.6538631278846508,Versa 4
2026-05-23T12:43:00Z,0.0,0.5767918830262649,0.5767918830262649,Versa 4
2026-05-23T12:44:00Z,0.0,0.5986306551627585,0.5986306551627585,Versa 4
2026-05-23T12:45:00Z,0.0,0.35616043476610676,0.35616043476610676,Versa 4
2026-05-23T12:46:00Z,0.0,0.3651400096131801,0.3651400096131801,Versa 4
2026-05-23T12:47:00Z,0.0,0.3619736351820659,0.3619736351820659,Versa 4
2026-05-23T12:48:00Z,0.0,0.685470419091412,0.685470419091412,Versa 4
2026-05-23T12:49:00Z,0.0,0.5709147159208324,0.5709147159208324,Versa 4
2026-05-23T12:50:00Z,0.0,0.5607107504335496,0.5607107504335496,Versa 4
2026-05-23T12:51:00Z,0.0,0.3102942487994383,0.3102942487994383,Versa 4
2026-05-23T12:52:00Z,0.0,0.35567886566315654,0.35567886566315654,Versa 4
2026-05-23T12:53:00Z,0.0,0.32666536284196235,0.32666536284196235,Versa 4
2026-05-23T12:54:00Z,0.0,0.30836658933234135,0.30836658933234135,Versa 4
2026-05-23T12:55:00Z,0.0,0.32181656155231775,0.32181656155231775,Versa 4
2026-05-23T12:56:00Z,0.0,0.2848196266598749,0.2848196266598749,Versa 4
2026-05-23T12:57:00Z,0.0,0.2412009418262021,0.2412009418262021,Versa 4
2026-05-23T12:58:00Z,0.0,0.24259306624255064,0.24259306624255064,Versa 4
2026-05-23T12:59:00Z,0.0,0.23125252232693322,0.23125252232693322,Versa 4
2026-05-23T13:06:00Z,0.0,0.25422703435036387,0.25422703435036387,Versa 4
2026-05-23T13:08:00Z,0.0,0.2578693371134635,0.2578693371134635,Versa 4
2026-05-23T13:11:00Z,0.0,0.2651716806410067,0.2651716806410067,Versa 4
2026-05-23T13:12:00Z,0.0,0.2626145011435896,0.2626145011435896,Versa 4
2026-05-23T15:41:00Z,0.0,0.26058658540574864,0.26058658540574864,Versa 4
2026-05-23T15:42:00Z,0.0,0.23135086898747986,0.23135086898747986,Versa 4
2026-05-23T15:45:00Z,0.0,0.25086460635993824,0.25086460635993824,Versa 4
2026-05-23T15:47:00Z,0.0,0.2467987518878188,0.2467987518878188,Versa 4
2026-05-23T15:48:00Z,0.0,0.3154254280388214,0.3154254280388214,Versa 4
2026-05-23T15:49:00Z,0.0,0.2757791674302751,0.2757791674302751,Versa 4
2026-05-23T15:50:00Z,0.0,0.5932162032353794,0.5932162032353794,Versa 4
2026-05-23T15:51:00Z,0.0,0.35571206322653964,0.35571206322653964,Versa 4
2026-05-23T15:52:00Z,0.0,0.6432886676753817,0.6432886676753817,Versa 4
2026-05-23T15:53:00Z,0.0,0.5686634622534914,0.5686634622534914,Versa 4
2026-05-23T15:54:00Z,0.0,0.3308943197506707,0.3308943197506707,Versa 4
2026-05-23T15:55:00Z,0.0,0.3471946418276116,0.3471946418276116,Versa 4
2026-05-23T15:56:00Z,0.0,0.3377913988136396,0.3377913988136396,Versa 4
2026-05-23T15:57:00Z,0.0,0.25700413019530166,0.25700413019530166,Versa 4
2026-05-23T15:58:00Z,0.0,0.22956270208965354,0.22956270208965354,Versa 4
2026-05-23T17:02:00Z,0.0,0.5524680897361323,0.5524680897361323,Versa 4
2026-05-23T17:03:00Z,0.0,0.2810827285890833,0.2810827285890833,Versa 4
2026-05-23T19:25:00Z,0.0,0.2361608327814122,0.2361608327814122,Versa 4
2026-05-24T07:39:00Z,0.0,0.2417572074377359,0.2417572074377359,Versa 4
2026-05-24T07:40:00Z,0.0,0.5886707615842386,0.5886707615842386,Versa 4
2026-05-24T07:41:00Z,0.0,0.9740759355832833,0.9740759355832833,Versa 4
2026-05-24T07:42:00Z,0.0,0.66682159131255,0.66682159131255,Versa 4
2026-05-24T07:43:00Z,0.0,0.3040396336159529,0.3040396336159529,Versa 4
2026-05-24T07:44:00Z,0.0,0.28993555984411146,0.28993555984411146,Versa 4
2026-05-24T07:45:00Z,0.0,0.26367483869963254,0.26367483869963254,Versa 4
2026-05-24T07:46:00Z,0.0,0.2654479915832653,0.2654479915832653,Versa 4
2026-05-24T07:47:00Z,0.0,0.254573152843811,0.254573152843811,Versa 4
2026-05-24T07:48:00Z,0.0,0.3575272677798859,0.3575272677798859,Versa 4
2026-05-24T07:49:00Z,0.0,0.28901796033443145,0.28901796033443145,Versa 4
2026-05-24T07:50:00Z,0.0,0.2800168959031954,0.2800168959031954,Versa 4
2026-05-24T07:54:00Z,0.0,0.22888884909242244,0.22888884909242244,Versa 4
2026-05-24T07:59:00Z,0.0,0.23695546363061026,0.23695546363061026,Versa 4
2026-05-24T09:52:00Z,0.0,0.229260483636316,0.229260483636316,Versa 4
2026-05-24T11:21:00Z,0.0,0.23398388939794104,0.23398388939794104,Versa 4
2026-05-24T11:22:00Z,0.0,0.2378974312943837,0.2378974312943837,Versa 4
2026-05-24T11:23:00Z,0.0,0.2355864154410395,0.2355864154410395,Versa 4
2026-05-24T11:24:00Z,0.0,0.2795592625784629,0.2795592625784629,Versa 4
2026-05-24T11:25:00Z,0.0,0.24775111875447126,0.24775111875447126,Versa 4
2026-05-24T11:26:00Z,0.0,0.279994718354914,0.279994718354914,Versa 4
2026-05-24T11:27:00Z,0.0,0.3576701199742898,0.3576701199742898,Versa 4
2026-05-24T13:30:00Z,0.0,0.2708865806561916,0.2708865806561916,Versa 4
2026-05-24T15:37:00Z,0.0,0.23137447591568655,0.23137447591568655,Versa 4
2026-05-24T15:42:00Z,0.0,0.6328536430339727,0.6328536430339727,Versa 4
2026-05-24T15:43:00Z,0.0,0.2982192790289375,0.2982192790289375,Versa 4
2026-05-24T15:44:00Z,0.0,0.3158529650935069,0.3158529650935069,Versa 4
2026-05-24T15:45:00Z,0.0,0.3132934194293781,0.3132934194293781,Versa 4
2026-05-24T15:46:00Z,0.0,0.27095608709882063,0.27095608709882063,Versa 4
2026-05-24T15:47:00Z,0.0,0.28707768718610366,0.28707768718610366,Versa 4
2026-05-24T18:36:00Z,0.0,0.25132443349295364,0.25132443349295364,Versa 4
2026-05-24T21:40:00Z,0.0,0.2497538421463717,0.2497538421463717,Versa 4
2026-05-24T21:41:00Z,0.0,0.5898077338837662,0.5898077338837662,Versa 4
2026-05-24T21:42:00Z,0.0,0.3003412503348721,0.3003412503348721,Versa 4
2026-05-24T21:43:00Z,0.0,0.24711595824110358,0.24711595824110358,Versa 4
2026-05-24T21:44:00Z,0.0,0.2535484607995502,0.2535484607995502,Versa 4
2026-05-24T21:45:00Z,0.0,0.3430032845272919,0.3430032845272919,Versa 4
2026-05-24T21:46:00Z,0.0,0.36371606097310966,0.36371606097310966,Versa 4
2026-05-24T21:47:00Z,0.0,0.3470690329376414,0.3470690329376414,Versa 4
2026-05-25T08:38:00Z,0.0,0.27121635938839295,0.27121635938839295,Versa 4
2026-05-25T08:39:00Z,0.0,0.8307704543737287,0.8307704543737287,Versa 4
2026-05-25T08:40:00Z,0.0,0.6887061957900655,0.6887061957900655,Versa 4
2026-05-25T08:41:00Z,0.0,0.5969330206379931,0.5969330206379931,Versa 4
2026-05-25T08:42:00Z,0.0,0.31096348302078647,0.31096348302078647,Versa 4
2026-05-25T08:43:00Z,0.0,0.27516371617075486,0.27516371617075486,Versa 4
2026-05-25T08:44:00Z,0.0,0.2811790720818305,0.2811790720818305,Versa 4
2026-05-25T08:45:00Z,0.0,0.26887319009118543,0.26887319009118543,Versa 4
2026-05-25T08:46:00Z,0.0,0.26374170910213723,0.26374170910213723,Versa 4
2026-05-25T08:47:00Z,0.0,0.28981333378494223,0.28981333378494223,Versa 4
2026-05-25T08:48:00Z,0.0,0.26704526402104134,0.26704526402104134,Versa 4
2026-05-25T08:49:00Z,0.0,0.3100427620078053,0.3100427620078053,Versa 4
2026-05-25T08:50:00Z,0.0,0.24926668464398938,0.24926668464398938,Versa 4
2026-05-25T08:51:00Z,0.0,0.23398183606445652,0.23398183606445652,Versa 4
2026-05-25T08:52:00Z,0.0,0.27643283045673384,0.27643283045673384,Versa 4
2026-05-25T10:12:00Z,0.0,0.2565637368665573,0.2565637368665573,Versa 4
2026-05-25T10:13:00Z,0.0,0.2698109458868445,0.2698109458868445,Versa 4
2026-05-25T10:14:00Z,0.0,0.24326489985364347,0.24326489985364347,Versa 4
2026-05-25T10:15:00Z,0.0,0.24347616732958532,0.24347616732958532,Versa 4
2026-05-25T10:16:00Z,0.0,0.2806604203253197,0.2806604203253197,Versa 4
2026-05-25T10:17:00Z,0.0,0.23473955346601086,0.23473955346601086,Versa 4
2026-05-25T10:45:00Z,0.0,0.3040012133779685,0.3040012133779685,Versa 4
2026-05-25T10:46:00Z,0.0,0.3545572687126571,0.3545572687126571,Versa 4
2026-05-25T10:47:00Z,0.0,0.6097448645950324,0.6097448645950324,Versa 4
2026-05-25T10:48:00Z,0.0,0.34186510387003044,0.34186510387003044,Versa 4
2026-05-25T10:49:00Z,0.0,0.27120518448628095,0.27120518448628095,Versa 4
2026-05-25T10:50:00Z,0.0,0.27869815324969477,0.27869815324969477,Versa 4
2026-05-25T10:51:00Z,0.0,0.2588092918649109,0.2588092918649109,Versa 4
2026-05-25T10:52:00Z,0.0,0.25575581565958494,0.25575581565958494,Versa 4
2026-05-25T13:05:00Z,0.0,0.24767478761938744,0.24767478761938744,Versa 4
2026-05-25T13:06:00Z,0.0,0.2785415485040892,0.2785415485040892,Versa 4
2026-05-25T13:07:00Z,0.0,0.3028021495503373,0.3028021495503373,Versa 4
2026-05-25T13:08:00Z,0.0,0.2835014499770868,0.2835014499770868,Versa 4
2026-05-25T13:09:00Z,0.0,0.29945559466034305,0.29945559466034305,Versa 4
2026-05-25T13:10:00Z,0.0,0.33142970028299845,0.33142970028299845,Versa 4
2026-05-25T13:11:00Z,0.0,0.329944165047267,0.329944165047267,Versa 4
2026-05-25T13:12:00Z,0.0,0.3354210515394895,0.3354210515394895,Versa 4
2026-05-25T13:13:00Z,0.0,0.5960104586212916,0.5960104586212916,Versa 4
2026-05-25T14:49:00Z,0.0,0.24436531224188293,0.24436531224188293,Versa 4
2026-05-25T14:50:00Z,0.0,0.23032720091984032,0.23032720091984032,Versa 4
2026-05-25T14:51:00Z,0.0,0.23966576508698773,0.23966576508698773,Versa 4
2026-05-25T14:52:00Z,0.0,0.31411356076125196,0.31411356076125196,Versa 4
2026-05-25T14:53:00Z,0.0,0.28792172627409135,0.28792172627409135,Versa 4
2026-05-25T14:54:00Z,0.0,0.35190579797158233,0.35190579797158233,Versa 4
2026-05-25T14:55:00Z,0.0,0.3217281027489413,0.3217281027489413,Versa 4
2026-05-25T14:56:00Z,0.0,0.3147744072215381,0.3147744072215381,Versa 4
2026-05-25T14:57:00Z,0.0,0.3532128630680054,0.3532128630680054,Versa 4
2026-05-25T14:58:00Z,0.0,0.32905822614220237,0.32905822614220237,Versa 4
2026-05-25T14:59:00Z,0.0,0.36030190997712264,0.36030190997712264,Versa 4
2026-05-25T15:00:00Z,0.0,0.34226777709148093,0.34226777709148093,Versa 4
2026-05-25T15:01:00Z,0.0,0.3252791503716054,0.3252791503716054,Versa 4
2026-05-25T15:02:00Z,0.0,0.3427304960443096,0.3427304960443096,Versa 4
2026-05-25T15:03:00Z,0.0,0.2627191641463393,0.2627191641463393,Versa 4
2026-05-25T15:04:00Z,0.0,0.27099205713102315,0.27099205713102315,Versa 4
2026-05-25T15:05:00Z,0.0,0.337988875250902,0.337988875250902,Versa 4
2026-05-25T15:06:00Z,0.0,0.5934785002879472,0.5934785002879472,Versa 4
2026-05-25T15:07:00Z,0.0,0.2418996182623683,0.2418996182623683,Versa 4
2026-05-25T15:18:00Z,0.0,0.2480266540343442,0.2480266540343442,Versa 4
2026-05-25T15:19:00Z,0.0,0.25830030793969994,0.25830030793969994,Versa 4
2026-05-25T15:20:00Z,0.0,0.2616137784029654,0.2616137784029654,Versa 4
2026-05-25T15:21:00Z,0.0,0.2677548783155649,0.2677548783155649,Versa 4
2026-05-25T16:09:00Z,0.0,0.28171223055007694,0.28171223055007694,Versa 4
2026-05-25T16:12:00Z,0.0,0.23723250264986417,0.23723250264986417,Versa 4
2026-05-25T16:14:00Z,0.0,0.23418818782181636,0.23418818782181636,Versa 4
2026-05-25T16:15:00Z,0.0,0.22917570505521356,0.22917570505521356,Versa 4
2026-05-25T16:18:00Z,0.0,0.23795900341590157,0.23795900341590157,Versa 4
2026-05-25T16:19:00Z,0.0,0.2549494681377421,0.2549494681377421,Versa 4
2026-05-25T16:22:00Z,0.0,0.2294217170169346,0.2294217170169346,Versa 4
2026-05-25T16:25:00Z,0.0,0.322654930640703,0.322654930640703,Versa 4
2026-05-25T16:26:00Z,0.0,0.31239960424376256,0.31239960424376256,Versa 4
2026-05-25T16:27:00Z,0.0,0.25389525250691963,0.25389525250691963,Versa 4
2026-05-25T16:56:00Z,0.0,0.3410320012577761,0.3410320012577761,Versa 4
2026-05-25T16:57:00Z,0.0,0.3410874992358796,0.3410874992358796,Versa 4
2026-05-25T18:02:00Z,0.0,0.2842978206258733,0.2842978206258733,Versa 4
2026-05-25T18:03:00Z,0.0,0.2760564122062687,0.2760564122062687,Versa 4
2026-05-25T18:04:00Z,0.0,0.28981333378494223,0.28981333378494223,Versa 4
2026-05-25T18:05:00Z,0.0,0.3470794311381433,0.3470794311381433,Versa 4
2026-05-25T18:06:00Z,0.0,0.6607946312204621,0.6607946312204621,Versa 4
2026-05-25T18:07:00Z,0.0,0.6339915263033996,0.6339915263033996,Versa 4
2026-05-25T18:08:00Z,0.0,0.6583281206611846,0.6583281206611846,Versa 4
2026-05-25T18:09:00Z,0.0,0.7063986209385746,0.7063986209385746,Versa 4
2026-05-25T18:10:00Z,0.0,0.3673814229236684,0.3673814229236684,Versa 4
2026-05-25T18:11:00Z,0.0,0.3252791503716054,0.3252791503716054,Versa 4
2026-05-25T18:12:00Z,0.0,0.3000034464126247,0.3000034464126247,Versa 4
2026-05-25T18:13:00Z,0.0,0.2844128372510711,0.2844128372510711,Versa 4
2026-05-25T18:14:00Z,0.0,0.26229173946951573,0.26229173946951573,Versa 4
2026-05-25T18:16:00Z,0.0,0.23628214675118286,0.23628214675118286,Versa 4
2026-05-25T18:17:00Z,0.0,0.26564729707174395,0.26564729707174395,Versa 4
2026-05-26T13:59:00Z,0.0,0.2551796927166204,0.2551796927166204,Versa 4
2026-05-26T14:01:00Z,0.0,0.23365432577771816,0.23365432577771816,Versa 4
2026-05-26T14:17:00Z,0.0,0.29395370039849406,0.29395370039849406,Versa 4
2026-05-26T14:18:00Z,0.0,0.2512439470026411,0.2512439470026411,Versa 4
2026-05-26T14:58:00Z,0.0,0.23034025846209008,0.23034025846209008,Versa 4
2026-05-26T14:59:00Z,0.0,0.28314532661640524,0.28314532661640524,Versa 4
2026-05-26T15:00:00Z,0.0,0.29177128138033726,0.29177128138033726,Versa 4
2026-05-26T15:01:00Z,0.0,0.2799665925210576,0.2799665925210576,Versa 4
2026-05-26T15:02:00Z,0.0,0.31468331831623647,0.31468331831623647,Versa 4
2026-05-26T15:03:00Z,0.0,0.3356497922857836,0.3356497922857836,Versa 4
2026-05-26T15:04:00Z,0.0,0.2736369290103095,0.2736369290103095,Versa 4
2026-05-26T15:05:00Z,0.0,0.5569099247774916,0.5569099247774916,Versa 4
2026-05-26T15:09:00Z,0.0,0.2789821414099789,0.2789821414099789,Versa 4
2026-05-26T15:56:00Z,0.0,0.252425448882077,0.252425448882077,Versa 4
2026-05-26T15:57:00Z,0.0,0.30081052015160975,0.30081052015160975,Versa 4
2026-05-26T15:58:00Z,0.0,0.3315482772928958,0.3315482772928958,Versa 4
2026-05-26T15:59:00Z,0.0,0.6600515972031028,0.6600515972031028,Versa 4
2026-05-26T16:00:00Z,0.0,0.8043230342556924,0.8043230342556924,Versa 4
2026-05-26T16:01:00Z,0.0,0.8092963156977084,0.8092963156977084,Versa 4
2026-05-26T16:02:00Z,0.0,1.3077253201481358,1.3077253201481358,Versa 4
2026-05-26T16:03:00Z,0.0,0.3356497922857836,0.3356497922857836,Versa 4
2026-05-26T16:24:00Z,0.0,0.32993106087906665,0.32993106087906665,Versa 4
2026-05-26T16:25:00Z,0.0,0.7212956014059161,0.7212956014059161,Versa 4
2026-05-26T16:26:00Z,0.0,0.5656233401261129,0.5656233401261129,Versa 4
2026-05-26T16:27:00Z,0.0,0.23569161247412454,0.23569161247412454,Versa 4
2026-05-26T16:28:00Z,0.0,0.2534561317514978,0.2534561317514978,Versa 4
2026-05-26T16:29:00Z,0.0,0.2713784279820826,0.2713784279820826,Versa 4
2026-05-26T16:30:00Z,0.0,0.28523524633265723,0.28523524633265723,Versa 4
2026-05-26T16:31:00Z,0.0,0.24436531224188293,0.24436531224188293,Versa 4
2026-05-26T16:39:00Z,0.0,0.30685412815170154,0.30685412815170154,Versa 4
2026-05-26T16:41:00Z,0.0,0.3394557010201046,0.3394557010201046,Versa 4
2026-05-26T16:44:00Z,0.0,0.2360624850489631,0.2360624850489631,Versa 4
2026-05-26T16:56:00Z,0.0,0.23544808761386307,0.23544808761386307,Versa 4
2026-05-26T17:01:00Z,0.0,0.2595864341309437,0.2595864341309437,Versa 4
2026-05-26T17:02:00Z,0.0,0.23966576508698773,0.23966576508698773,Versa 4
2026-05-26T17:12:00Z,0.0,0.24665610270206859,0.24665610270206859,Versa 4
2026-05-26T17:13:00Z,0.0,0.2376027078345627,0.2376027078345627,Versa 4
2026-05-26T17:22:00Z,0.0,0.2684427246319513,0.2684427246319513,Versa 4
2026-05-26T17:24:00Z,0.0,0.23189727337253194,0.23189727337253194,Versa 4
2026-05-27T06:22:00Z,0.0,0.2574959739482643,0.2574959739482643,Versa 4
2026-05-27T06:23:00Z,0.0,0.23510316048628507,0.23510316048628507,Versa 4
2026-05-27T06:24:00Z,0.0,0.317357961756507,0.317357961756507,Versa 4
2026-05-27T06:25:00Z,0.0,0.559793920419718,0.559793920419718,Versa 4
2026-05-27T06:26:00Z,0.0,0.8752746791351755,0.8752746791351755,Versa 4
2026-05-27T06:27:00Z,0.0,1.801940458561759,1.801940458561759,Versa 4
2026-05-27T06:28:00Z,0.0,1.8528704930311717,1.8528704930311717,Versa 4
2026-05-27T06:29:00Z,0.0,1.959641467016246,1.959641467016246,Versa 4
2026-05-27T06:30:00Z,0.0,2.0997973598749105,2.0997973598749105,Versa 4
2026-05-27T06:31:00Z,0.0,2.336492678325372,2.336492678325372,Versa 4
2026-05-27T06:32:00Z,0.0,2.3392215424615532,2.3392215424615532,Versa 4
2026-05-27T06:33:00Z,0.0,2.3728717869478455,2.3728717869478455,Versa 4
2026-05-27T06:34:00Z,0.0,2.6307914536041177,2.6307914536041177,Versa 4
2026-05-27T06:35:00Z,0.0,2.582239159364791,2.582239159364791,Versa 4
2026-05-27T06:36:00Z,0.0,1.424892023746349,1.424892023746349,Versa 4
2026-05-27T06:37:00Z,0.0,0.6137468350575923,0.6137468350575923,Versa 4
2026-05-27T06:38:00Z,0.0,0.2729342267445404,0.2729342267445404,Versa 4
2026-05-27T06:43:00Z,0.0,0.25193835764743583,0.25193835764743583,Versa 4
2026-05-27T06:58:00Z,0.0,0.3068798140166948,0.3068798140166948,Versa 4
2026-05-27T07:52:00Z,0.0,0.25022874764919006,0.25022874764919006,Versa 4
2026-05-27T07:53:00Z,0.0,0.24610949162595175,0.24610949162595175,Versa 4
2026-05-27T08:16:00Z,0.0,0.2926035217643734,0.2926035217643734,Versa 4
2026-05-27T08:26:00Z,0.0,0.2379869283382376,0.2379869283382376,Versa 4
2026-05-27T08:27:00Z,0.0,0.9050194432736485,0.9050194432736485,Versa 4
2026-05-27T08:28:00Z,0.0,0.8141700934112629,0.8141700934112629,Versa 4
2026-05-27T08:29:00Z,0.0,0.29200608474606893,0.29200608474606893,Versa 4
2026-05-27T08:31:00Z,0.0,0.2808950746091745,0.2808950746091745,Versa 4
2026-05-27T08:32:00Z,0.0,0.6509595254108782,0.6509595254108782,Versa 4
2026-05-27T08:33:00Z,0.0,1.1586697536960853,1.1586697536960853,Versa 4
2026-05-27T08:34:00Z,0.0,1.107237008570284,1.107237008570284,Versa 4
2026-05-27T08:35:00Z,0.0,1.138757631550309,1.138757631550309,Versa 4
2026-05-27T08:36:00Z,0.0,1.0415404279627631,1.0415404279627631,Versa 4
2026-05-27T08:37:00Z,0.0,1.1743435622128813,1.1743435622128813,Versa 4
2026-05-27T08:44:00Z,0.0,1.1251288597269937,1.1251288597269937,Versa 4
2026-05-27T08:45:00Z,0.0,0.9693717224567476,0.9693717224567476,Versa 4
2026-05-27T08:46:00Z,0.0,0.8092288379384242,0.8092288379384242,Versa 4
2026-05-27T08:47:00Z,0.0,0.6712185477482124,0.6712185477482124,Versa 4
2026-05-27T08:48:00Z,0.0,0.6812658756597992,0.6812658756597992,Versa 4
2026-05-27T08:50:00Z,0.0,0.23243211155517002,0.23243211155517002,Versa 4
2026-05-27T09:06:00Z,0.0,0.28024689372227124,0.28024689372227124,Versa 4
2026-05-27T09:11:00Z,0.0,0.3395046868271706,0.3395046868271706,Versa 4
2026-05-27T09:12:00Z,0.0,0.2814257748439343,0.2814257748439343,Versa 4
2026-05-27T09:13:00Z,0.0,0.2917871460282191,0.2917871460282191,Versa 4
2026-05-27T09:14:00Z,0.0,0.28900169009106996,0.28900169009106996,Versa 4
2026-05-27T09:15:00Z,0.0,0.2959303824079516,0.2959303824079516,Versa 4
2026-05-27T09:16:00Z,0.0,0.7383813949786496,0.7383813949786496,Versa 4
2026-05-27T09:17:00Z,0.0,1.377028020596409,1.377028020596409,Versa 4
2026-05-27T09:18:00Z,0.0,0.9935183542836783,0.9935183542836783,Versa 4
2026-05-27T09:19:00Z,0.0,0.9917643028011189,0.9917643028011189,Versa 4
2026-05-27T09:20:00Z,0.0,1.3107060953663419,1.3107060953663419,Versa 4
2026-05-27T09:21:00Z,0.0,1.171242125572183,1.171242125572183,Versa 4
2026-05-27T09:22:00Z,0.0,1.2095965054399485,1.2095965054399485,Versa 4
2026-05-27T09:23:00Z,0.0,1.1873039794540854,1.1873039794540854,Versa 4
2026-05-27T09:24:00Z,0.0,1.1396085508750748,1.1396085508750748,Versa 4
2026-05-27T09:25:00Z,0.0,1.0721944164610642,1.0721944164610642,Versa 4
2026-05-27T09:26:00Z,0.0,0.8799405285737425,0.8799405285737425,Versa 4
2026-05-27T09:27:00Z,0.0,0.5624109571071632,0.5624109571071632,Versa 4
2026-05-27T09:28:00Z,0.0,0.565757661963346,0.565757661963346,Versa 4
2026-05-27T09:29:00Z,0.0,0.5956650989207962,0.5956650989207962,Versa 4
2026-05-27T09:30:00Z,0.0,0.5549877588188544,0.5549877588188544,Versa 4
2026-05-27T09:31:00Z,0.0,0.6609994883911987,0.6609994883911987,Versa 4
2026-05-27T09:32:00Z,0.0,0.6242488767936577,0.6242488767936577,Versa 4
2026-05-27T09:33:00Z,0.0,0.6461581329935984,0.6461581329935984,Versa 4
2026-05-27T09:34:00Z,0.0,0.6477950786673643,0.6477950786673643,Versa 4
2026-05-27T09:35:00Z,0.0,0.572962782982171,0.572962782982171,Versa 4
2026-05-27T09:36:00Z,0.0,0.6479557205883396,0.6479557205883396,Versa 4
2026-05-27T09:37:00Z,0.0,0.2447417303037795,0.2447417303037795,Versa 4
2026-05-27T11:09:00Z,0.0,0.30895198682068115,0.30895198682068115,Versa 4
2026-05-27T11:10:00Z,0.0,1.08184741210423,1.08184741210423,Versa 4
2026-05-27T11:11:00Z,0.0,1.1078822306895166,1.1078822306895166,Versa 4
2026-05-27T11:12:00Z,0.0,0.716026332439945,0.716026332439945,Versa 4
2026-05-27T11:13:00Z,0.0,0.3393955728567207,0.3393955728567207,Versa 4
2026-05-27T11:14:00Z,0.0,0.30890925809495623,0.30890925809495623,Versa 4
2026-05-27T11:15:00Z,0.0,0.6124485937337587,0.6124485937337587,Versa 4
2026-05-27T11:16:00Z,0.0,0.7564598647272881,0.7564598647272881,Versa 4
2026-05-27T11:17:00Z,0.0,0.29328985621336146,0.29328985621336146,Versa 4
2026-05-27T11:42:00Z,0.0,0.29453620933338165,0.29453620933338165,Versa 4
2026-05-27T11:43:00Z,0.0,0.23999142708393137,0.23999142708393137,Versa 4
2026-05-27T11:57:00Z,0.0,0.3565179525647315,0.3565179525647315,Versa 4
2026-05-27T11:58:00Z,0.0,0.6242019255421561,0.6242019255421561,Versa 4
2026-05-27T11:59:00Z,0.0,0.5626731193547633,0.5626731193547633,Versa 4
2026-05-27T12:00:00Z,0.0,0.2970057074424083,0.2970057074424083,Versa 4
2026-05-27T12:01:00Z,0.0,0.305503395741834,0.305503395741834,Versa 4
2026-05-27T12:02:00Z,0.0,0.30930820914279267,0.30930820914279267,Versa 4
2026-05-27T12:03:00Z,0.0,0.25349132138261177,0.25349132138261177,Versa 4
2026-05-27T12:04:00Z,0.0,0.24205052087287174,0.24205052087287174,Versa 4
2026-05-27T12:07:00Z,0.0,0.238918973631107,0.238918973631107,Versa 4
2026-05-27T13:00:00Z,0.0,0.36144003492921906,0.36144003492921906,Versa 4
2026-05-27T13:01:00Z,0.0,0.3641319287841852,0.3641319287841852,Versa 4
2026-05-27T13:02:00Z,0.0,0.29873145779396654,0.29873145779396654,Versa 4
2026-05-27T13:03:00Z,0.0,0.24595348931146518,0.24595348931146518,Versa 4
2026-05-27T13:04:00Z,0.0,0.23147199721148823,0.23147199721148823,Versa 4
2026-05-27T13:50:00Z,0.0,0.23997228857595107,0.23997228857595107,Versa 4
2026-05-27T13:51:00Z,0.0,0.2698947914841951,0.2698947914841951,Versa 4
2026-05-27T15:32:00Z,0.0,0.25304390158739487,0.25304390158739487,Versa 4
2026-05-27T15:52:00Z,0.0,0.2737925443284206,0.2737925443284206,Versa 4
2026-05-27T16:19:00Z,0.0,0.252120385141862,0.252120385141862,Versa 4
2026-05-27T16:20:00Z,0.0,0.24994138509376926,0.24994138509376926,Versa 4
2026-05-27T16:21:00Z,0.0,0.26956829868353155,0.26956829868353155,Versa 4
2026-05-27T16:22:00Z,0.0,0.27670912988821783,0.27670912988821783,Versa 4
2026-05-27T16:23:00Z,0.0,0.24027861575642825,0.24027861575642825,Versa 4
2026-05-27T16:29:00Z,0.0,0.24258363520308437,0.24258363520308437,Versa 4
2026-05-27T16:30:00Z,0.0,0.23959821033118478,0.23959821033118478,Versa 4
2026-05-27T16:31:00Z,0.0,0.25022874764919006,0.25022874764919006,Versa 4
2026-05-27T16:32:00Z,0.0,0.23486800110317965,0.23486800110317965,Versa 4
2026-05-27T18:34:00Z,0.0,0.24523435274355368,0.24523435274355368,Versa 4
2026-05-27T19:08:00Z,0.0,0.28205669172698655,0.28205669172698655,Versa 4
2026-05-27T19:09:00Z,0.0,0.258067294666297,0.258067294666297,Versa 4
2026-05-27T19:11:00Z,0.0,0.22904149995296874,0.22904149995296874,Versa 4
2026-05-27T19:12:00Z,0.0,0.2652042199155595,0.2652042199155595,Versa 4
2026-05-27T19:13:00Z,0.0,0.24335494908903563,0.24335494908903563,Versa 4
2026-05-27T19:14:00Z,0.0,0.2603834270722975,0.2603834270722975,Versa 4
2026-05-27T19:15:00Z,0.0,0.23621367993231085,0.23621367993231085,Versa 4
2026-05-27T19:16:00Z,0.0,0.24323143872789504,0.24323143872789504,Versa 4
2026-05-27T19:19:00Z,0.0,0.2560142051156956,0.2560142051156956,Versa 4
2026-05-27T19:20:00Z,0.0,0.26452454502260986,0.26452454502260986,Versa 4
2026-05-27T19:21:00Z,0.0,0.24335494908903563,0.24335494908903563,Versa 4
2026-05-27T19:22:00Z,0.0,0.2584104636155537,0.2584104636155537,Versa 4
2026-05-27T19:23:00Z,0.0,0.29195824040698454,0.29195824040698454,Versa 4
2026-05-27T19:24:00Z,0.0,0.30084344613229236,0.30084344613229236,Versa 4
2026-05-27T21:06:00Z,0.0,0.290783509463142,0.290783509463142,Versa 4
2026-05-28T09:36:00Z,0.0,0.5542436561752485,0.5542436561752485,Versa 4
2026-05-28T09:37:00Z,0.0,0.3633027479882323,0.3633027479882323,Versa 4
2026-05-28T09:38:00Z,0.0,0.25648686797640385,0.25648686797640385,Versa 4
2026-05-28T09:49:00Z,0.0,0.2319736759807556,0.2319736759807556,Versa 4
2026-05-28T09:50:00Z,0.0,0.24904931389473375,0.24904931389473375,Versa 4
2026-05-28T09:53:00Z,0.0,0.2432836974334048,0.2432836974334048,Versa 4
2026-05-28T09:56:00Z,0.0,0.2714994870399946,0.2714994870399946,Versa 4
2026-05-28T09:57:00Z,0.0,0.2370092790397879,0.2370092790397879,Versa 4
2026-05-28T09:58:00Z,0.0,0.261290425055562,0.261290425055562,Versa 4
2026-05-28T10:03:00Z,0.0,0.2744628756612688,0.2744628756612688,Versa 4
2026-05-28T10:12:00Z,0.0,0.23944922144671724,0.23944922144671724,Versa 4
2026-05-28T10:13:00Z,0.0,0.31694761253763376,0.31694761253763376,Versa 4
2026-05-28T10:14:00Z,0.0,0.28989261034470565,0.28989261034470565,Versa 4
2026-05-28T10:15:00Z,0.0,0.3038362494580364,0.3038362494580364,Versa 4
2026-05-28T10:16:00Z,0.0,0.25072785192738656,0.25072785192738656,Versa 4
2026-05-28T17:16:00Z,0.0,0.6650632743094297,0.6650632743094297,Versa 4
2026-05-28T17:17:00Z,0.0,0.229320613788857,0.229320613788857,Versa 4
2026-05-28T19:21:00Z,0.0,0.2926298228154394,0.2926298228154394,Versa 4
2026-05-28T19:22:00Z,0.0,0.3465446441147665,0.3465446441147665,Versa 4
2026-05-28T19:56:00Z,0.0,0.27377620358419086,0.27377620358419086,Versa 4
2026-05-28T19:57:00Z,0.0,0.6684809696246575,0.6684809696246575,Versa 4
2026-05-28T19:58:00Z,0.0,0.7326798052704758,0.7326798052704758,Versa 4
2026-05-28T19:59:00Z,0.0,0.3123975400610144,0.3123975400610144,Versa 4
2026-05-29T06:05:00Z,0.0,0.23161011793714711,0.23161011793714711,Versa 4
2026-05-29T06:18:00Z,0.0,0.24947311209404677,0.24947311209404677,Versa 4
2026-05-29T06:26:00Z,0.0,0.2817031614940835,0.2817031614940835,Versa 4
2026-05-29T06:27:00Z,0.0,0.616844183060874,0.616844183060874,Versa 4
2026-05-29T06:28:00Z,0.0,1.0410070602936297,1.0410070602936297,Versa 4
2026-05-29T06:29:00Z,0.0,1.2573772173984268,1.2573772173984268,Versa 4
2026-05-29T06:30:00Z,0.0,1.1276129594949338,1.1276129594949338,Versa 4
2026-05-29T06:31:00Z,0.0,1.4152019835637477,1.4152019835637477,Versa 4
2026-05-29T06:32:00Z,0.0,1.6644384946768436,1.6644384946768436,Versa 4
2026-05-29T06:33:00Z,0.0,1.2535922410128824,1.2535922410128824,Versa 4
2026-05-29T06:34:00Z,0.0,1.4224426696986745,1.4224426696986745,Versa 4
2026-05-29T06:35:00Z,0.0,1.350910463553329,1.350910463553329,Versa 4
2026-05-29T06:36:00Z,0.0,1.4331854641362067,1.4331854641362067,Versa 4
2026-05-29T06:37:00Z,0.0,0.9632615703169171,0.9632615703169171,Versa 4
2026-05-29T06:38:00Z,0.0,0.2859061092666061,0.2859061092666061,Versa 4
2026-05-30T09:26:00Z,0.0,0.25040481174375107,0.25040481174375107,Versa 4
2026-05-30T09:27:00Z,0.0,0.26483840280798565,0.26483840280798565,Versa 4
2026-05-30T09:28:00Z,0.0,0.26590276532302026,0.26590276532302026,Versa 4
2026-05-30T09:29:00Z,0.0,0.297598000185457,0.297598000185457,Versa 4
2026-05-30T09:30:00Z,0.0,0.28771952625537806,0.28771952625537806,Versa 4
2026-05-30T09:31:00Z,0.0,0.2741737702931352,0.2741737702931352,Versa 4
2026-05-30T09:32:00Z,0.0,0.26887813584021686,0.26887813584021686,Versa 4
2026-05-30T09:33:00Z,0.0,0.25040481174375107,0.25040481174375107,Versa 4
2026-05-30T09:34:00Z,0.0,0.2991144289736576,0.2991144289736576,Versa 4
2026-05-30T09:35:00Z,0.0,0.298754825480112,0.298754825480112,Versa 4
2026-05-30T09:36:00Z,0.0,0.3579575290874365,0.3579575290874365,Versa 4
2026-05-30T09:37:00Z,0.0,0.3213388184325283,0.3213388184325283,Versa 4
2026-05-30T09:38:00Z,0.0,0.31005950714349534,0.31005950714349534,Versa 4
2026-05-30T09:39:00Z,0.0,0.3681647555515879,0.3681647555515879,Versa 4
2026-05-30T09:40:00Z,0.0,0.33430053513678626,0.33430053513678626,Versa 4
2026-05-30T09:41:00Z,0.0,0.3472252131215209,0.3472252131215209,Versa 4
2026-05-30T09:42:00Z,0.0,0.3427725148390134,0.3427725148390134,Versa 4
2026-05-30T09:43:00Z,0.0,0.3323008584123676,0.3323008584123676,Versa 4
2026-05-30T09:44:00Z,0.0,0.2902076199590806,0.2902076199590806,Versa 4
2026-05-30T09:45:00Z,0.0,0.3485547635208819,0.3485547635208819,Versa 4
2026-05-30T09:46:00Z,0.0,0.5757959043203708,0.5757959043203708,Versa 4
2026-05-30T09:47:00Z,0.0,0.27121271824398147,0.27121271824398147,Versa 4
2026-05-30T09:50:00Z,0.0,0.2459981673571264,0.2459981673571264,Versa 4
2026-05-30T09:51:00Z,0.0,0.2729388375779011,0.2729388375779011,Versa 4
2026-05-30T10:13:00Z,0.0,0.23542980828215104,0.23542980828215104,Versa 4
2026-05-30T10:14:00Z,0.0,0.250804764407074,0.250804764407074,Versa 4
2026-05-30T10:23:00Z,0.0,0.26219549770974343,0.26219549770974343,Versa 4
2026-05-30T10:24:00Z,0.0,0.2644159626699016,0.2644159626699016,Versa 4
2026-05-30T10:25:00Z,0.0,0.27019992698986955,0.27019992698986955,Versa 4
2026-05-30T10:26:00Z,0.0,0.23281635075147755,0.23281635075147755,Versa 4
2026-05-30T10:28:00Z,0.0,0.23962339110065756,0.23962339110065756,Versa 4
2026-05-30T10:29:00Z,0.0,0.23250874578278766,0.23250874578278766,Versa 4
2026-05-30T10:30:00Z,0.0,0.23425507329358247,0.23425507329358247,Versa 4
2026-05-30T10:31:00Z,0.0,0.3221939846636324,0.3221939846636324,Versa 4
2026-05-30T10:32:00Z,0.0,0.5966957580090739,0.5966957580090739,Versa 4
2026-05-30T10:33:00Z,0.0,0.3539071435414209,0.3539071435414209,Versa 4
2026-05-30T11:25:00Z,0.0,0.28062494541874466,0.28062494541874466,Versa 4
2026-05-30T11:49:00Z,0.0,0.23559580821185166,0.23559580821185166,Versa 4
2026-05-30T11:51:00Z,0.0,0.24440153422888444,0.24440153422888444,Versa 4
2026-05-30T11:52:00Z,0.0,0.6379027141673237,0.6379027141673237,Versa 4
2026-05-30T13:35:00Z,0.0,0.23435804320541306,0.23435804320541306,Versa 4
2026-05-30T16:26:00Z,0.0,0.23939330487390476,0.23939330487390476,Versa 4
2026-05-31T09:39:00Z,0.0,0.2528104167098064,0.2528104167098064,Versa 4
2026-05-31T09:42:00Z,0.0,0.24840071947151113,0.24840071947151113,Versa 4
2026-05-31T10:00:00Z,0.0,0.9376455609510334,0.9376455609510334,Versa 4
2026-05-31T10:01:00Z,0.0,0.3656934778956561,0.3656934778956561,Versa 4
2026-05-31T10:34:00Z,0.0,1.3230848246959968,1.3230848246959968,Versa 4
2026-05-31T10:35:00Z,0.0,0.7446576761972604,0.7446576761972604,Versa 4
2026-05-31T10:36:00Z,0.0,0.3464669982570928,0.3464669982570928,Versa 4
2026-05-31T10:39:00Z,0.0,0.32169709241411676,0.32169709241411676,Versa 4
2026-05-31T10:40:00Z,0.0,0.3403475146007707,0.3403475146007707,Versa 4
2026-05-31T10:41:00Z,0.0,0.3674618856652405,0.3674618856652405,Versa 4
2026-05-31T10:42:00Z,0.0,0.34791248629661675,0.34791248629661675,Versa 4
2026-05-31T10:43:00Z,0.0,0.3478806989214586,0.3478806989214586,Versa 4
2026-05-31T10:44:00Z,0.0,0.3295694044506843,0.3295694044506843,Versa 4
2026-05-31T10:45:00Z,0.0,0.33024796915976334,0.33024796915976334,Versa 4
2026-05-31T10:46:00Z,0.0,0.3428016576033351,0.3428016576033351,Versa 4
2026-05-31T10:47:00Z,0.0,0.26717579636437805,0.26717579636437805,Versa 4
2026-05-31T10:48:00Z,0.0,0.3503020962071185,0.3503020962071185,Versa 4
2026-05-31T10:49:00Z,0.0,0.3113653509052492,0.3113653509052492,Versa 4
2026-05-31T10:50:00Z,0.0,0.2954162045966125,0.2954162045966125,Versa 4
2026-05-31T10:51:00Z,0.0,0.2823729742796749,0.2823729742796749,Versa 4
2026-05-31T10:52:00Z,0.0,0.2725668124779811,0.2725668124779811,Versa 4
2026-05-31T10:53:00Z,0.0,0.2618519873839801,0.2618519873839801,Versa 4
2026-05-31T11:01:00Z,0.0,0.23993580984008983,0.23993580984008983,Versa 4
2026-05-31T11:03:00Z,0.0,0.2603540043105737,0.2603540043105737,Versa 4
2026-05-31T11:07:00Z,0.0,0.24308105382341233,0.24308105382341233,Versa 4
2026-05-31T11:08:00Z,0.0,0.25258708102782595,0.25258708102782595,Versa 4
2026-05-31T11:10:00Z,0.0,0.261958282069961,0.261958282069961,Versa 4
2026-05-31T11:11:00Z,0.0,0.23859176209460495,0.23859176209460495,Versa 4
2026-05-31T11:32:00Z,0.0,0.2799048345092042,0.2799048345092042,Versa 4
2026-05-31T11:33:00Z,0.0,0.3299528275355718,0.3299528275355718,Versa 4
2026-05-31T11:48:00Z,0.0,0.36217399238116216,0.36217399238116216,Versa 4
2026-05-31T11:49:00Z,0.0,0.3307565755754391,0.3307565755754391,Versa 4
2026-05-31T12:14:00Z,0.0,0.23560580615779653,0.23560580615779653,Versa 4
2026-05-31T12:17:00Z,0.0,0.24278959738426786,0.24278959738426786,Versa 4
2026-05-31T12:19:00Z,0.0,0.2325998625379434,0.2325998625379434,Versa 4
2026-05-31T12:20:00Z,0.0,0.2370374316307377,0.2370374316307377,Versa 4
2026-05-31T12:21:00Z,0.0,0.23446839833336172,0.23446839833336172,Versa 4
2026-05-31T12:25:00Z,0.0,0.23591735173804776,0.23591735173804776,Versa 4
2026-05-31T12:27:00Z,0.0,0.5619169738966204,0.5619169738966204,Versa 4
2026-05-31T12:29:00Z,0.0,0.2347886050741891,0.2347886050741891,Versa 4
2026-05-31T12:30:00Z,0.0,0.24501688230751698,0.24501688230751698,Versa 4
2026-05-31T12:31:00Z,0.0,0.2409227477604976,0.2409227477604976,Versa 4
2026-05-31T12:32:00Z,0.0,0.26625043536333987,0.26625043536333987,Versa 4
2026-05-31T12:33:00Z,0.0,0.25397870128562855,0.25397870128562855,Versa 4
2026-05-31T12:34:00Z,0.0,0.6075526602941779,0.6075526602941779,Versa 4
2026-05-31T12:35:00Z,0.0,0.3567282700477035,0.3567282700477035,Versa 4
2026-05-31T12:36:00Z,0.0,0.3455812954362735,0.3455812954362735,Versa 4
2026-05-31T12:37:00Z,0.0,0.3247743202167526,0.3247743202167526,Versa 4
2026-05-31T12:38:00Z,0.0,0.3146580678235833,0.3146580678235833,Versa 4
2026-05-31T12:39:00Z,0.0,0.3030885360057077,0.3030885360057077,Versa 4
2026-05-31T12:40:00Z,0.0,0.31616986078583226,0.31616986078583226,Versa 4
2026-05-31T12:41:00Z,0.0,0.3396348208660594,0.3396348208660594,Versa 4
2026-05-31T12:42:00Z,0.0,0.3396348208660594,0.3396348208660594,Versa 4
2026-05-31T12:43:00Z,0.0,0.3249490802769681,0.3249490802769681,Versa 4
2026-05-31T12:44:00Z,0.0,0.2933809920598949,0.2933809920598949,Versa 4
2026-05-31T12:45:00Z,0.0,0.3153053985879391,0.3153053985879391,Versa 4
2026-05-31T12:46:00Z,0.0,0.32144393684491296,0.32144393684491296,Versa 4
2026-05-31T12:47:00Z,0.0,0.3107701834154934,0.3107701834154934,Versa 4
2026-05-31T12:49:00Z,0.0,0.33389996281423406,0.33389996281423406,Versa 4
2026-05-31T12:50:00Z,0.0,0.34360216880892835,0.34360216880892835,Versa 4
2026-05-31T12:51:00Z,0.0,0.2880696178027163,0.2880696178027163,Versa 4
2026-05-31T12:52:00Z,0.0,0.2996243452444693,0.2996243452444693,Versa 4
2026-05-31T12:53:00Z,0.0,0.309297368304669,0.309297368304669,Versa 4
2026-05-31T12:54:00Z,0.0,0.293940115614856,0.293940115614856,Versa 4
2026-05-31T12:55:00Z,0.0,0.30777675079616357,0.30777675079616357,Versa 4
2026-05-31T12:56:00Z,0.0,0.31286448658411986,0.31286448658411986,Versa 4
2026-05-31T12:57:00Z,0.0,0.2908996766304325,0.2908996766304325,Versa 4
2026-05-31T12:58:00Z,0.0,0.2932283747167071,0.2932283747167071,Versa 4
2026-05-31T12:59:00Z,0.0,0.326583165712687,0.326583165712687,Versa 4
2026-05-31T13:00:00Z,0.0,0.3109404170607576,0.3109404170607576,Versa 4
2026-05-31T13:01:00Z,0.0,0.3021176900495394,0.3021176900495394,Versa 4
2026-05-31T13:35:00Z,0.0,0.27376726981640015,0.27376726981640015,Versa 4
2026-05-31T14:38:00Z,0.0,0.24184383216221017,0.24184383216221017,Versa 4
2026-05-31T15:11:00Z,0.0,0.8014689723064781,0.8014689723064781,Versa 4
2026-05-31T15:12:00Z,0.0,0.7205369498148783,0.7205369498148783,Versa 4
2026-05-31T15:13:00Z,0.0,0.3520304555139634,0.3520304555139634,Versa 4
2026-05-31T15:14:00Z,0.0,0.28517113195494775,0.28517113195494775,Versa 4
2026-05-31T15:16:00Z,0.0,0.63557797968541,0.63557797968541,Versa 4
2026-05-31T15:17:00Z,0.0,0.7617569953407961,0.7617569953407961,Versa 4
2026-05-31T15:18:00Z,0.0,0.7395092442800474,0.7395092442800474,Versa 4
2026-05-31T15:19:00Z,0.0,0.681935639485257,0.681935639485257,Versa 4
2026-05-31T15:20:00Z,0.0,0.6043754381579409,0.6043754381579409,Versa 4
2026-05-31T15:21:00Z,0.0,0.6591903552363512,0.6591903552363512,Versa 4
2026-05-31T15:22:00Z,0.0,0.5570885721913695,0.5570885721913695,Versa 4
2026-05-31T15:23:00Z,0.0,0.3476680181384887,0.3476680181384887,Versa 4
2026-05-31T15:24:00Z,0.0,0.36331529630447884,0.36331529630447884,Versa 4
2026-05-31T15:25:00Z,0.0,0.31862759680887903,0.31862759680887903,Versa 4
2026-05-31T15:26:00Z,0.0,0.578591377927353,0.578591377927353,Versa 4
2026-05-31T15:27:00Z,0.0,0.27177640893007354,0.27177640893007354,Versa 4
2026-05-31T16:29:00Z,0.0,0.23870744824252887,0.23870744824252887,Versa 4
2026-05-31T17:04:00Z,0.0,0.27737393233244395,0.27737393233244395,Versa 4
2026-05-31T17:05:00Z,0.0,0.26073352291776736,0.26073352291776736,Versa 4
2026-05-31T17:32:00Z,0.0,0.2895402720188351,0.2895402720188351,Versa 4
2026-05-31T17:33:00Z,0.0,0.3215853386283692,0.3215853386283692,Versa 4
2026-05-31T17:34:00Z,0.0,0.5550440402141076,0.5550440402141076,Versa 4
2026-05-31T17:35:00Z,0.0,0.2554100076859241,0.2554100076859241,Versa 4
2026-05-31T17:36:00Z,0.0,0.5550440402141076,0.5550440402141076,Versa 4
2026-05-31T17:37:00Z,0.0,0.29109707732031453,0.29109707732031453,Versa 4
2026-05-31T18:29:00Z,0.0,0.27152482528405764,0.27152482528405764,Versa 4
2026-05-31T18:30:00Z,0.0,0.31235326425747006,0.31235326425747006,Versa 4
2026-05-31T18:31:00Z,0.0,0.2555217026541089,0.2555217026541089,Versa 4
2026-05-31T18:32:00Z,0.0,0.2918571106136827,0.2918571106136827,Versa 4
2026-05-31T18:57:00Z,0.0,0.23590586348720688,0.23590586348720688,Versa 4
2026-05-31T18:58:00Z,0.0,0.23691812196188458,0.23691812196188458,Versa 4
2026-05-31T19:50:00Z,0.0,0.23777136571106086,0.23777136571106086,Versa 4
