timestamp,oxygen saturation percentage,data source
2026-05-06T22:30:05Z,50.0,Versa 4
2026-05-06T22:31:05Z,50.0,Versa 4
2026-05-06T22:32:05Z,50.0,Versa 4
2026-05-06T22:33:05Z,50.0,Versa 4
2026-05-06T22:34:05Z,98.7,Versa 4
2026-05-06T23:12:33Z,89.5,Versa 4
2026-05-06T23:13:33Z,89.4,Versa 4
2026-05-06T23:14:33Z,89.6,Versa 4
2026-05-06T23:15:33Z,90.8,Versa 4
2026-05-06T23:16:33Z,92.1,Versa 4
2026-05-06T23:17:33Z,93.3,Versa 4
2026-05-06T23:18:33Z,93.7,Versa 4
2026-05-06T23:19:33Z,93.9,Versa 4
2026-05-06T23:20:33Z,94.1,Versa 4
2026-05-06T23:21:33Z,94.1,Versa 4
2026-05-06T23:22:33Z,94.1,Versa 4
2026-05-06T23:23:33Z,94.1,Versa 4
2026-05-06T23:24:33Z,94.1,Versa 4
2026-05-06T23:25:33Z,94.0,Versa 4
2026-05-06T23:26:33Z,93.8,Versa 4
2026-05-06T23:27:33Z,93.6,Versa 4
2026-05-06T23:28:33Z,93.6,Versa 4
2026-05-06T23:29:33Z,93.5,Versa 4
2026-05-06T23:30:33Z,93.4,Versa 4
2026-05-06T23:31:33Z,93.3,Versa 4
2026-05-06T23:32:33Z,93.3,Versa 4
2026-05-06T23:33:33Z,93.5,Versa 4
2026-05-06T23:34:33Z,93.6,Versa 4
2026-05-06T23:35:33Z,94.2,Versa 4
2026-05-06T23:36:33Z,94.5,Versa 4
2026-05-06T23:37:33Z,94.6,Versa 4
2026-05-06T23:38:33Z,94.7,Versa 4
2026-05-06T23:39:33Z,94.9,Versa 4
2026-05-06T23:40:33Z,95.0,Versa 4
2026-05-06T23:41:33Z,95.2,Versa 4
2026-05-06T23:42:33Z,95.6,Versa 4
2026-05-06T23:43:33Z,95.9,Versa 4
2026-05-06T23:44:33Z,95.6,Versa 4
2026-05-06T23:45:33Z,50.0,Versa 4
2026-05-06T23:46:33Z,95.2,Versa 4
2026-05-06T23:47:33Z,94.8,Versa 4
2026-05-06T23:48:33Z,94.4,Versa 4
2026-05-06T23:49:33Z,94.1,Versa 4
2026-05-06T23:50:33Z,94.0,Versa 4
2026-05-06T23:51:33Z,94.0,Versa 4
2026-05-06T23:52:33Z,94.1,Versa 4
2026-05-06T23:53:33Z,94.2,Versa 4
2026-05-06T23:54:33Z,94.4,Versa 4
2026-05-06T23:55:33Z,94.5,Versa 4
2026-05-06T23:56:33Z,94.7,Versa 4
2026-05-06T23:57:33Z,94.7,Versa 4
2026-05-06T23:58:33Z,94.9,Versa 4
2026-05-06T23:59:33Z,94.9,Versa 4
2026-05-07T00:00:33Z,94.9,Versa 4
2026-05-07T00:01:33Z,94.9,Versa 4
2026-05-07T00:02:33Z,95.0,Versa 4
2026-05-07T00:03:33Z,94.9,Versa 4
2026-05-07T00:04:33Z,94.9,Versa 4
2026-05-07T00:05:33Z,94.8,Versa 4
2026-05-07T00:06:33Z,94.6,Versa 4
2026-05-07T00:07:33Z,94.6,Versa 4
2026-05-07T00:08:33Z,94.5,Versa 4
2026-05-07T00:09:33Z,94.6,Versa 4
2026-05-07T00:10:33Z,94.3,Versa 4
2026-05-07T00:11:33Z,94.2,Versa 4
2026-05-07T00:12:33Z,50.0,Versa 4
2026-05-07T00:13:33Z,94.3,Versa 4
2026-05-07T00:14:33Z,94.6,Versa 4
2026-05-07T00:15:33Z,95.0,Versa 4
2026-05-07T00:16:33Z,95.4,Versa 4
2026-05-07T00:17:33Z,95.7,Versa 4
2026-05-07T00:18:33Z,96.1,Versa 4
2026-05-07T00:19:33Z,96.3,Versa 4
2026-05-07T00:20:33Z,96.5,Versa 4
2026-05-07T00:21:33Z,96.6,Versa 4
2026-05-07T00:22:33Z,96.6,Versa 4
2026-05-07T00:23:33Z,96.7,Versa 4
2026-05-07T00:24:33Z,96.7,Versa 4
2026-05-07T00:25:33Z,96.8,Versa 4
2026-05-07T00:26:33Z,96.8,Versa 4
2026-05-07T00:27:33Z,96.9,Versa 4
2026-05-07T00:28:33Z,97.0,Versa 4
2026-05-07T00:29:33Z,97.1,Versa 4
2026-05-07T00:30:33Z,97.1,Versa 4
2026-05-07T00:31:33Z,97.1,Versa 4
2026-05-07T00:32:33Z,97.1,Versa 4
2026-05-07T00:33:33Z,97.1,Versa 4
2026-05-07T00:34:33Z,97.2,Versa 4
2026-05-07T00:35:33Z,97.2,Versa 4
2026-05-07T00:36:33Z,50.0,Versa 4
2026-05-07T00:37:33Z,96.9,Versa 4
2026-05-07T00:38:33Z,96.7,Versa 4
2026-05-07T00:39:33Z,96.4,Versa 4
2026-05-07T00:40:33Z,96.3,Versa 4
2026-05-07T00:41:33Z,96.2,Versa 4
2026-05-07T00:42:33Z,96.2,Versa 4
2026-05-07T00:43:33Z,96.2,Versa 4
2026-05-07T00:44:33Z,96.1,Versa 4
2026-05-07T00:45:33Z,96.2,Versa 4
2026-05-07T00:46:33Z,96.2,Versa 4
2026-05-07T00:47:33Z,96.2,Versa 4
2026-05-07T00:48:33Z,96.2,Versa 4
2026-05-07T00:49:33Z,96.2,Versa 4
2026-05-07T00:50:33Z,96.2,Versa 4
2026-05-07T00:51:33Z,96.3,Versa 4
2026-05-07T00:52:33Z,96.4,Versa 4
2026-05-07T00:53:33Z,96.3,Versa 4
2026-05-07T00:54:33Z,96.4,Versa 4
2026-05-07T00:55:33Z,96.4,Versa 4
2026-05-07T00:56:33Z,96.4,Versa 4
2026-05-07T00:57:33Z,96.4,Versa 4
2026-05-07T00:58:33Z,50.0,Versa 4
2026-05-07T00:59:33Z,96.5,Versa 4
2026-05-07T01:00:33Z,96.6,Versa 4
2026-05-07T01:01:33Z,96.7,Versa 4
2026-05-07T01:02:33Z,50.0,Versa 4
2026-05-07T01:03:33Z,96.4,Versa 4
2026-05-07T01:04:33Z,96.1,Versa 4
2026-05-07T01:05:33Z,96.0,Versa 4
2026-05-07T01:06:33Z,95.9,Versa 4
2026-05-07T01:07:33Z,95.9,Versa 4
2026-05-07T01:08:33Z,95.8,Versa 4
2026-05-07T01:09:33Z,95.8,Versa 4
2026-05-07T01:10:33Z,95.7,Versa 4
2026-05-07T01:11:33Z,95.7,Versa 4
2026-05-07T01:12:33Z,95.7,Versa 4
2026-05-07T01:13:33Z,95.7,Versa 4
2026-05-07T01:14:33Z,95.7,Versa 4
2026-05-07T01:15:33Z,95.7,Versa 4
2026-05-07T01:16:33Z,95.7,Versa 4
2026-05-07T01:17:33Z,95.7,Versa 4
2026-05-07T01:18:33Z,95.6,Versa 4
2026-05-07T01:19:33Z,95.6,Versa 4
2026-05-07T01:20:33Z,95.6,Versa 4
2026-05-07T01:21:33Z,95.6,Versa 4
2026-05-07T01:22:33Z,95.6,Versa 4
2026-05-07T01:23:33Z,95.6,Versa 4
2026-05-07T01:24:33Z,95.7,Versa 4
2026-05-07T01:25:33Z,95.7,Versa 4
2026-05-07T01:26:33Z,95.7,Versa 4
2026-05-07T01:27:33Z,95.7,Versa 4
2026-05-07T01:28:33Z,95.7,Versa 4
2026-05-07T01:29:33Z,95.7,Versa 4
2026-05-07T01:30:33Z,95.7,Versa 4
2026-05-07T01:31:33Z,95.7,Versa 4
2026-05-07T01:32:33Z,95.6,Versa 4
2026-05-07T01:33:33Z,50.0,Versa 4
2026-05-07T01:34:33Z,50.0,Versa 4
2026-05-07T01:35:33Z,95.8,Versa 4
2026-05-07T01:36:33Z,96.2,Versa 4
2026-05-07T01:37:33Z,96.5,Versa 4
2026-05-07T01:38:33Z,96.6,Versa 4
2026-05-07T01:39:33Z,96.9,Versa 4
2026-05-07T01:40:33Z,96.8,Versa 4
2026-05-07T01:41:33Z,96.9,Versa 4
2026-05-07T01:42:33Z,97.9,Versa 4
2026-05-07T01:43:33Z,97.8,Versa 4
2026-05-07T01:44:33Z,50.0,Versa 4
2026-05-07T01:45:33Z,95.3,Versa 4
2026-05-07T01:46:33Z,94.6,Versa 4
2026-05-07T01:47:33Z,93.6,Versa 4
2026-05-07T01:48:33Z,50.0,Versa 4
2026-05-07T01:49:33Z,94.5,Versa 4
2026-05-07T01:50:33Z,95.8,Versa 4
2026-05-07T01:51:33Z,96.8,Versa 4
2026-05-07T01:52:33Z,97.2,Versa 4
2026-05-07T01:53:33Z,97.5,Versa 4
2026-05-07T01:54:33Z,97.7,Versa 4
2026-05-07T01:55:33Z,97.8,Versa 4
2026-05-07T01:56:33Z,50.0,Versa 4
2026-05-07T01:57:33Z,97.4,Versa 4
2026-05-07T01:58:33Z,96.2,Versa 4
2026-05-07T01:59:33Z,94.8,Versa 4
2026-05-07T02:00:33Z,93.1,Versa 4
2026-05-07T02:01:33Z,93.0,Versa 4
2026-05-07T02:02:33Z,94.0,Versa 4
2026-05-07T02:03:33Z,95.3,Versa 4
2026-05-07T02:04:33Z,95.8,Versa 4
2026-05-07T02:05:33Z,95.9,Versa 4
2026-05-07T02:06:33Z,96.5,Versa 4
2026-05-07T02:07:33Z,50.0,Versa 4
2026-05-07T02:08:33Z,96.5,Versa 4
2026-05-07T02:09:33Z,50.0,Versa 4
2026-05-07T02:10:33Z,96.1,Versa 4
2026-05-07T02:11:33Z,96.1,Versa 4
2026-05-07T02:12:33Z,96.0,Versa 4
2026-05-07T02:13:33Z,95.9,Versa 4
2026-05-07T02:14:33Z,95.9,Versa 4
2026-05-07T02:15:33Z,96.0,Versa 4
2026-05-07T02:16:33Z,50.0,Versa 4
2026-05-07T02:17:33Z,96.2,Versa 4
2026-05-07T02:18:33Z,96.4,Versa 4
2026-05-07T02:19:33Z,96.7,Versa 4
2026-05-07T02:20:33Z,96.8,Versa 4
2026-05-07T02:21:33Z,96.8,Versa 4
2026-05-07T02:22:33Z,97.0,Versa 4
2026-05-07T02:23:33Z,97.0,Versa 4
2026-05-07T02:24:33Z,97.0,Versa 4
2026-05-07T02:25:33Z,97.1,Versa 4
2026-05-07T02:26:33Z,97.1,Versa 4
2026-05-07T02:27:33Z,97.1,Versa 4
2026-05-07T02:28:33Z,97.1,Versa 4
2026-05-07T02:29:33Z,97.0,Versa 4
2026-05-07T02:30:33Z,97.0,Versa 4
2026-05-07T02:31:33Z,97.0,Versa 4
2026-05-07T02:32:33Z,97.0,Versa 4
2026-05-07T02:33:33Z,97.0,Versa 4
2026-05-07T02:34:33Z,97.0,Versa 4
2026-05-07T02:35:33Z,97.0,Versa 4
2026-05-07T02:36:33Z,97.0,Versa 4
2026-05-07T02:37:33Z,97.0,Versa 4
2026-05-07T02:38:33Z,97.0,Versa 4
2026-05-07T02:39:33Z,96.9,Versa 4
2026-05-07T02:40:33Z,96.8,Versa 4
2026-05-07T02:41:33Z,96.9,Versa 4
2026-05-07T02:42:33Z,96.9,Versa 4
2026-05-07T02:43:33Z,96.9,Versa 4
2026-05-07T02:44:33Z,97.0,Versa 4
2026-05-07T02:45:33Z,97.0,Versa 4
2026-05-07T02:46:33Z,96.9,Versa 4
2026-05-07T02:47:33Z,97.0,Versa 4
2026-05-07T02:48:33Z,96.9,Versa 4
2026-05-07T02:49:33Z,96.9,Versa 4
2026-05-07T02:50:33Z,96.9,Versa 4
2026-05-07T02:51:33Z,96.8,Versa 4
2026-05-07T02:52:33Z,96.8,Versa 4
2026-05-07T02:53:33Z,96.7,Versa 4
2026-05-07T02:54:33Z,96.7,Versa 4
2026-05-07T02:55:33Z,96.7,Versa 4
2026-05-07T02:56:33Z,96.7,Versa 4
2026-05-07T02:57:33Z,96.7,Versa 4
2026-05-07T02:58:33Z,96.7,Versa 4
2026-05-07T02:59:33Z,96.7,Versa 4
2026-05-07T03:00:33Z,96.6,Versa 4
2026-05-07T03:01:33Z,96.6,Versa 4
2026-05-07T03:02:33Z,96.6,Versa 4
2026-05-07T03:03:33Z,96.6,Versa 4
2026-05-07T03:04:33Z,96.6,Versa 4
2026-05-07T03:05:33Z,96.6,Versa 4
2026-05-07T03:06:33Z,50.0,Versa 4
2026-05-07T03:07:33Z,96.6,Versa 4
2026-05-07T03:08:33Z,96.2,Versa 4
2026-05-07T03:09:33Z,96.0,Versa 4
2026-05-07T03:10:33Z,96.1,Versa 4
2026-05-07T03:11:33Z,96.1,Versa 4
2026-05-07T03:12:33Z,95.9,Versa 4
2026-05-07T03:13:33Z,95.5,Versa 4
2026-05-07T03:14:33Z,94.9,Versa 4
2026-05-07T03:15:33Z,94.6,Versa 4
2026-05-07T03:16:33Z,93.9,Versa 4
2026-05-07T03:17:33Z,94.3,Versa 4
2026-05-07T03:18:33Z,50.0,Versa 4
2026-05-07T03:19:33Z,50.0,Versa 4
2026-05-07T03:20:33Z,96.2,Versa 4
2026-05-07T03:21:33Z,97.2,Versa 4
2026-05-07T03:22:33Z,98.4,Versa 4
2026-05-07T03:23:33Z,98.9,Versa 4
2026-05-07T03:24:33Z,99.0,Versa 4
2026-05-07T03:25:33Z,99.0,Versa 4
2026-05-07T03:26:33Z,99.1,Versa 4
2026-05-07T03:27:33Z,99.0,Versa 4
2026-05-07T03:28:33Z,98.0,Versa 4
2026-05-07T03:29:33Z,50.0,Versa 4
2026-05-07T03:30:33Z,97.9,Versa 4
2026-05-07T03:31:33Z,97.6,Versa 4
2026-05-07T03:32:33Z,97.3,Versa 4
2026-05-07T03:33:33Z,97.0,Versa 4
2026-05-07T03:34:33Z,96.8,Versa 4
2026-05-07T03:35:33Z,50.0,Versa 4
2026-05-07T03:36:33Z,96.7,Versa 4
2026-05-07T03:37:33Z,50.0,Versa 4
2026-05-07T03:38:33Z,96.5,Versa 4
2026-05-07T03:39:33Z,96.5,Versa 4
2026-05-07T03:40:33Z,96.6,Versa 4
2026-05-07T03:41:33Z,96.6,Versa 4
2026-05-07T03:42:33Z,96.7,Versa 4
2026-05-07T03:43:33Z,96.8,Versa 4
2026-05-07T03:44:33Z,96.8,Versa 4
2026-05-07T03:45:33Z,97.0,Versa 4
2026-05-07T03:46:33Z,97.3,Versa 4
2026-05-07T03:47:33Z,97.6,Versa 4
2026-05-07T03:48:33Z,97.8,Versa 4
2026-05-07T03:49:33Z,97.7,Versa 4
2026-05-07T03:50:33Z,97.8,Versa 4
2026-05-07T03:51:33Z,50.0,Versa 4
2026-05-07T03:52:33Z,97.6,Versa 4
2026-05-07T03:53:33Z,97.2,Versa 4
2026-05-07T03:54:33Z,97.1,Versa 4
2026-05-07T03:55:33Z,97.7,Versa 4
2026-05-07T03:56:33Z,98.0,Versa 4
2026-05-07T03:57:33Z,98.2,Versa 4
2026-05-07T03:58:33Z,98.6,Versa 4
2026-05-07T03:59:33Z,98.8,Versa 4
2026-05-07T04:00:33Z,99.0,Versa 4
2026-05-07T04:01:33Z,99.1,Versa 4
2026-05-07T04:02:33Z,99.1,Versa 4
2026-05-07T04:03:33Z,99.2,Versa 4
2026-05-07T04:04:33Z,99.0,Versa 4
2026-05-07T04:05:33Z,99.1,Versa 4
2026-05-07T04:06:33Z,99.3,Versa 4
2026-05-07T04:07:33Z,99.4,Versa 4
2026-05-07T04:08:33Z,50.0,Versa 4
2026-05-07T04:09:33Z,98.9,Versa 4
2026-05-07T04:10:33Z,97.3,Versa 4
2026-05-07T04:11:33Z,96.2,Versa 4
2026-05-07T04:12:33Z,95.3,Versa 4
2026-05-07T04:13:33Z,94.6,Versa 4
2026-05-07T04:14:33Z,94.0,Versa 4
2026-05-07T04:15:33Z,93.7,Versa 4
2026-05-07T04:16:33Z,93.4,Versa 4
2026-05-07T04:17:33Z,93.5,Versa 4
2026-05-07T04:18:33Z,93.5,Versa 4
2026-05-07T04:19:33Z,50.0,Versa 4
2026-05-07T04:20:33Z,94.8,Versa 4
2026-05-07T04:21:33Z,96.9,Versa 4
2026-05-07T04:22:33Z,98.5,Versa 4
2026-05-07T04:23:33Z,99.5,Versa 4
2026-05-07T04:24:33Z,100.0,Versa 4
2026-05-07T04:25:33Z,100.0,Versa 4
2026-05-07T04:26:33Z,100.0,Versa 4
2026-05-07T04:27:33Z,100.0,Versa 4
2026-05-07T04:28:33Z,100.0,Versa 4
2026-05-07T04:29:33Z,100.0,Versa 4
2026-05-07T04:30:33Z,100.0,Versa 4
2026-05-07T04:31:33Z,50.0,Versa 4
2026-05-07T04:32:33Z,100.0,Versa 4
2026-05-07T04:33:33Z,99.2,Versa 4
2026-05-07T04:34:33Z,98.4,Versa 4
2026-05-07T04:35:33Z,97.8,Versa 4
2026-05-07T04:36:33Z,97.8,Versa 4
2026-05-07T04:37:33Z,97.7,Versa 4
2026-05-07T04:38:33Z,50.0,Versa 4
2026-05-07T04:39:33Z,97.7,Versa 4
2026-05-07T04:40:33Z,97.1,Versa 4
2026-05-07T04:41:33Z,97.0,Versa 4
2026-05-07T04:42:33Z,97.8,Versa 4
2026-05-07T04:43:33Z,50.0,Versa 4
2026-05-07T04:44:33Z,97.7,Versa 4
2026-05-07T04:45:33Z,97.4,Versa 4
2026-05-07T04:46:33Z,50.0,Versa 4
2026-05-07T04:47:33Z,97.5,Versa 4
2026-05-07T04:48:33Z,50.0,Versa 4
2026-05-07T04:49:33Z,50.0,Versa 4
2026-05-07T04:50:33Z,97.8,Versa 4
2026-05-07T04:51:33Z,98.0,Versa 4
2026-05-07T04:52:33Z,50.0,Versa 4
2026-05-07T04:53:33Z,99.0,Versa 4
2026-05-07T04:54:33Z,50.0,Versa 4
2026-05-07T04:55:33Z,50.0,Versa 4
2026-05-07T04:56:33Z,50.0,Versa 4
2026-05-07T04:57:33Z,99.5,Versa 4
2026-05-07T04:58:33Z,99.6,Versa 4
2026-05-07T04:59:33Z,50.0,Versa 4
2026-05-07T05:00:33Z,99.2,Versa 4
2026-05-07T05:01:33Z,98.5,Versa 4
2026-05-07T05:02:33Z,50.0,Versa 4
2026-05-07T05:03:33Z,98.0,Versa 4
2026-05-07T05:04:33Z,98.5,Versa 4
2026-05-07T05:05:33Z,50.0,Versa 4
2026-05-07T05:06:33Z,98.3,Versa 4
2026-05-07T05:07:33Z,98.2,Versa 4
2026-05-07T05:08:33Z,98.2,Versa 4
2026-05-07T05:09:33Z,98.2,Versa 4
2026-05-07T05:10:33Z,97.9,Versa 4
2026-05-07T05:11:33Z,97.9,Versa 4
2026-05-07T05:12:33Z,97.5,Versa 4
2026-05-07T05:13:33Z,97.3,Versa 4
2026-05-07T05:14:33Z,50.0,Versa 4
2026-05-07T05:15:33Z,97.2,Versa 4
2026-05-07T05:16:33Z,97.3,Versa 4
2026-05-07T05:17:33Z,50.0,Versa 4
2026-05-07T05:18:33Z,97.5,Versa 4
2026-05-07T05:19:33Z,50.0,Versa 4
2026-05-07T05:20:33Z,97.7,Versa 4
2026-05-07T05:21:33Z,98.6,Versa 4
2026-05-07T05:22:33Z,99.5,Versa 4
2026-05-07T05:23:33Z,99.6,Versa 4
2026-05-07T05:24:33Z,50.0,Versa 4
2026-05-07T05:25:33Z,99.5,Versa 4
2026-05-07T05:26:33Z,98.6,Versa 4
2026-05-07T05:27:33Z,50.0,Versa 4
2026-05-07T05:28:33Z,50.0,Versa 4
2026-05-07T05:29:33Z,98.0,Versa 4
2026-05-07T05:30:33Z,98.0,Versa 4
2026-05-07T05:31:33Z,97.8,Versa 4
2026-05-07T05:32:33Z,97.8,Versa 4
2026-05-07T05:33:33Z,97.9,Versa 4
2026-05-07T05:34:33Z,98.7,Versa 4
2026-05-07T05:35:33Z,99.2,Versa 4
2026-05-07T05:36:33Z,50.0,Versa 4
2026-05-07T05:37:33Z,99.1,Versa 4
2026-05-07T05:38:33Z,95.0,Versa 4
2026-05-07T05:39:33Z,50.0,Versa 4
2026-05-07T05:40:33Z,92.9,Versa 4
2026-05-07T05:41:33Z,93.6,Versa 4
2026-05-07T05:42:33Z,94.1,Versa 4
2026-05-07T05:43:33Z,50.0,Versa 4
2026-05-07T05:44:33Z,94.9,Versa 4
2026-05-07T05:45:33Z,95.7,Versa 4
2026-05-07T05:46:33Z,96.2,Versa 4
2026-05-07T05:47:33Z,96.6,Versa 4
2026-05-07T05:48:33Z,96.5,Versa 4
2026-05-07T05:49:33Z,50.0,Versa 4
2026-05-07T05:50:33Z,96.6,Versa 4
2026-05-07T05:51:33Z,96.7,Versa 4
2026-05-07T05:52:33Z,96.7,Versa 4
2026-05-07T05:53:33Z,50.0,Versa 4
2026-05-07T05:54:33Z,50.0,Versa 4
2026-05-07T05:55:33Z,50.0,Versa 4
2026-05-07T05:56:33Z,97.2,Versa 4
2026-05-07T05:57:33Z,50.0,Versa 4
2026-05-07T13:43:05Z,50.0,Versa 4
2026-05-07T13:44:05Z,95.7,Versa 4
2026-05-07T13:45:05Z,95.5,Versa 4
2026-05-07T13:46:05Z,97.0,Versa 4
2026-05-07T13:47:05Z,50.0,Versa 4
2026-05-08T11:01:04Z,50.0,Versa 4
2026-05-08T11:02:04Z,50.0,Versa 4
2026-05-08T11:03:04Z,50.0,Versa 4
2026-05-08T11:04:04Z,50.0,Versa 4
2026-05-08T11:05:04Z,50.0,Versa 4
2026-05-08T11:06:04Z,50.0,Versa 4
2026-05-08T11:07:04Z,50.0,Versa 4
2026-05-08T11:08:04Z,50.0,Versa 4
2026-05-08T11:09:04Z,50.0,Versa 4
2026-05-08T22:34:33Z,50.0,Versa 4
2026-05-08T22:35:33Z,98.4,Versa 4
2026-05-08T22:36:33Z,50.0,Versa 4
2026-05-08T22:37:33Z,50.0,Versa 4
2026-05-08T22:38:33Z,50.0,Versa 4
2026-05-08T22:39:33Z,50.0,Versa 4
2026-05-08T22:40:33Z,94.6,Versa 4
2026-05-08T22:41:33Z,90.6,Versa 4
2026-05-08T22:42:33Z,86.3,Versa 4
2026-05-08T22:43:33Z,83.5,Versa 4
2026-05-08T22:44:33Z,82.0,Versa 4
2026-05-08T22:45:33Z,50.0,Versa 4
2026-05-08T22:46:33Z,81.8,Versa 4
2026-05-08T22:47:33Z,85.2,Versa 4
2026-05-08T22:48:33Z,50.0,Versa 4
2026-05-08T22:49:33Z,50.0,Versa 4
2026-05-08T22:50:33Z,83.4,Versa 4
2026-05-08T22:51:33Z,50.0,Versa 4
2026-05-08T22:52:33Z,81.5,Versa 4
2026-05-08T22:53:33Z,50.0,Versa 4
2026-05-08T22:54:33Z,81.5,Versa 4
2026-05-08T22:55:33Z,85.6,Versa 4
2026-05-08T22:56:33Z,87.7,Versa 4
2026-05-08T22:57:33Z,88.9,Versa 4
2026-05-08T22:58:33Z,50.0,Versa 4
2026-05-08T22:59:33Z,50.0,Versa 4
2026-05-08T23:00:33Z,89.7,Versa 4
2026-05-08T23:01:33Z,91.8,Versa 4
2026-05-08T23:02:33Z,50.0,Versa 4
2026-05-08T23:03:33Z,92.6,Versa 4
2026-05-08T23:04:33Z,92.3,Versa 4
2026-05-08T23:05:33Z,92.4,Versa 4
2026-05-08T23:06:33Z,92.9,Versa 4
2026-05-08T23:07:33Z,50.0,Versa 4
2026-05-08T23:08:33Z,93.7,Versa 4
2026-05-08T23:09:33Z,86.4,Versa 4
2026-05-08T23:10:33Z,82.9,Versa 4
2026-05-08T23:11:33Z,83.3,Versa 4
2026-05-08T23:12:33Z,82.4,Versa 4
2026-05-08T23:13:33Z,50.0,Versa 4
2026-05-08T23:14:33Z,83.9,Versa 4
2026-05-08T23:15:33Z,86.8,Versa 4
2026-05-08T23:16:33Z,50.0,Versa 4
2026-05-08T23:17:33Z,89.2,Versa 4
2026-05-08T23:18:33Z,91.5,Versa 4
2026-05-08T23:19:33Z,92.9,Versa 4
2026-05-08T23:20:33Z,93.7,Versa 4
2026-05-08T23:21:33Z,94.2,Versa 4
2026-05-08T23:22:33Z,94.5,Versa 4
2026-05-08T23:23:33Z,94.8,Versa 4
2026-05-08T23:24:33Z,94.9,Versa 4
2026-05-08T23:25:33Z,94.8,Versa 4
2026-05-08T23:26:33Z,94.9,Versa 4
2026-05-08T23:27:33Z,94.8,Versa 4
2026-05-08T23:28:33Z,94.6,Versa 4
2026-05-08T23:29:33Z,94.4,Versa 4
2026-05-08T23:30:33Z,94.0,Versa 4
2026-05-08T23:31:33Z,93.7,Versa 4
2026-05-08T23:32:33Z,93.4,Versa 4
2026-05-08T23:33:33Z,93.2,Versa 4
2026-05-08T23:34:33Z,93.0,Versa 4
2026-05-08T23:35:33Z,93.0,Versa 4
2026-05-08T23:36:33Z,92.9,Versa 4
2026-05-08T23:37:33Z,92.8,Versa 4
2026-05-08T23:38:33Z,92.9,Versa 4
2026-05-08T23:39:33Z,92.9,Versa 4
2026-05-08T23:40:33Z,93.0,Versa 4
2026-05-08T23:41:33Z,93.0,Versa 4
2026-05-08T23:42:33Z,93.0,Versa 4
2026-05-08T23:43:33Z,93.0,Versa 4
2026-05-08T23:44:33Z,93.0,Versa 4
2026-05-08T23:45:33Z,93.0,Versa 4
2026-05-08T23:46:33Z,92.9,Versa 4
2026-05-08T23:47:33Z,92.9,Versa 4
2026-05-08T23:48:33Z,92.8,Versa 4
2026-05-08T23:49:33Z,50.0,Versa 4
2026-05-08T23:50:33Z,50.0,Versa 4
2026-05-08T23:51:33Z,50.0,Versa 4
2026-05-08T23:52:33Z,92.5,Versa 4
2026-05-08T23:53:33Z,92.6,Versa 4
2026-05-08T23:54:33Z,92.5,Versa 4
2026-05-08T23:55:33Z,91.5,Versa 4
2026-05-08T23:56:33Z,90.1,Versa 4
2026-05-08T23:57:33Z,88.7,Versa 4
2026-05-08T23:58:33Z,87.6,Versa 4
2026-05-08T23:59:33Z,86.7,Versa 4
2026-05-09T00:00:33Z,86.0,Versa 4
2026-05-09T00:01:33Z,85.5,Versa 4
2026-05-09T00:02:33Z,85.1,Versa 4
2026-05-09T00:03:33Z,84.8,Versa 4
2026-05-09T00:04:33Z,84.6,Versa 4
2026-05-09T00:05:33Z,84.3,Versa 4
2026-05-09T00:06:33Z,84.1,Versa 4
2026-05-09T00:07:33Z,50.0,Versa 4
2026-05-09T00:08:33Z,85.6,Versa 4
2026-05-09T00:09:33Z,86.9,Versa 4
2026-05-09T00:10:33Z,87.6,Versa 4
2026-05-09T00:11:33Z,50.0,Versa 4
2026-05-09T00:12:33Z,88.5,Versa 4
2026-05-09T00:13:33Z,50.0,Versa 4
2026-05-09T00:14:33Z,90.0,Versa 4
2026-05-09T00:15:33Z,90.3,Versa 4
2026-05-09T00:16:33Z,90.6,Versa 4
2026-05-09T00:17:33Z,50.0,Versa 4
2026-05-09T00:18:33Z,91.1,Versa 4
2026-05-09T00:19:33Z,50.0,Versa 4
2026-05-09T00:20:33Z,91.7,Versa 4
2026-05-09T00:21:33Z,92.0,Versa 4
2026-05-09T00:22:33Z,92.3,Versa 4
2026-05-09T00:23:33Z,92.4,Versa 4
2026-05-09T00:24:33Z,92.6,Versa 4
2026-05-09T00:25:33Z,92.6,Versa 4
2026-05-09T00:26:33Z,92.7,Versa 4
2026-05-09T00:27:33Z,92.8,Versa 4
2026-05-09T00:28:33Z,92.8,Versa 4
2026-05-09T00:29:33Z,92.9,Versa 4
2026-05-09T00:30:33Z,93.0,Versa 4
2026-05-09T00:31:33Z,93.1,Versa 4
2026-05-09T00:32:33Z,93.2,Versa 4
2026-05-09T00:33:33Z,93.2,Versa 4
2026-05-09T00:34:33Z,93.2,Versa 4
2026-05-09T00:35:33Z,50.0,Versa 4
2026-05-09T00:36:33Z,93.4,Versa 4
2026-05-09T00:37:33Z,93.8,Versa 4
2026-05-09T00:38:33Z,94.0,Versa 4
2026-05-09T00:39:33Z,93.9,Versa 4
2026-05-09T00:40:33Z,92.8,Versa 4
2026-05-09T00:41:33Z,92.8,Versa 4
2026-05-09T00:42:33Z,92.6,Versa 4
2026-05-09T00:43:33Z,92.8,Versa 4
2026-05-09T00:44:33Z,92.9,Versa 4
2026-05-09T00:45:33Z,93.1,Versa 4
2026-05-09T00:46:33Z,50.0,Versa 4
2026-05-09T00:47:33Z,93.4,Versa 4
2026-05-09T00:48:33Z,94.0,Versa 4
2026-05-09T00:49:33Z,94.4,Versa 4
2026-05-09T00:50:33Z,94.6,Versa 4
2026-05-09T00:51:33Z,94.9,Versa 4
2026-05-09T00:52:33Z,95.0,Versa 4
2026-05-09T00:53:33Z,95.1,Versa 4
2026-05-09T00:54:33Z,95.3,Versa 4
2026-05-09T00:55:33Z,95.3,Versa 4
2026-05-09T00:56:33Z,95.3,Versa 4
2026-05-09T00:57:33Z,95.4,Versa 4
2026-05-09T00:58:33Z,95.4,Versa 4
2026-05-09T00:59:33Z,95.4,Versa 4
2026-05-09T01:00:33Z,95.5,Versa 4
2026-05-09T01:01:33Z,95.5,Versa 4
2026-05-09T01:02:33Z,95.5,Versa 4
2026-05-09T01:03:33Z,95.5,Versa 4
2026-05-09T01:04:33Z,95.5,Versa 4
2026-05-09T01:05:33Z,95.5,Versa 4
2026-05-09T01:06:33Z,95.5,Versa 4
2026-05-09T01:07:33Z,95.5,Versa 4
2026-05-09T01:08:33Z,95.5,Versa 4
2026-05-09T01:09:33Z,95.6,Versa 4
2026-05-09T01:10:33Z,95.6,Versa 4
2026-05-09T01:11:33Z,95.6,Versa 4
2026-05-09T01:12:33Z,95.6,Versa 4
2026-05-09T01:13:33Z,95.6,Versa 4
2026-05-09T01:14:33Z,95.6,Versa 4
2026-05-09T01:15:33Z,95.6,Versa 4
2026-05-09T01:16:33Z,95.6,Versa 4
2026-05-09T01:17:33Z,95.6,Versa 4
2026-05-09T01:18:33Z,95.5,Versa 4
2026-05-09T01:19:33Z,95.6,Versa 4
2026-05-09T01:20:33Z,95.6,Versa 4
2026-05-09T01:21:33Z,95.8,Versa 4
2026-05-09T01:22:33Z,96.0,Versa 4
2026-05-09T01:23:33Z,96.2,Versa 4
2026-05-09T01:24:33Z,96.2,Versa 4
2026-05-09T01:25:33Z,95.9,Versa 4
2026-05-09T01:26:33Z,95.3,Versa 4
2026-05-09T01:27:33Z,94.6,Versa 4
2026-05-09T01:28:33Z,94.1,Versa 4
2026-05-09T01:29:33Z,93.6,Versa 4
2026-05-09T01:30:33Z,93.4,Versa 4
2026-05-09T01:31:33Z,93.1,Versa 4
2026-05-09T01:32:33Z,92.6,Versa 4
2026-05-09T01:33:33Z,92.4,Versa 4
2026-05-09T01:34:33Z,92.5,Versa 4
2026-05-09T01:35:33Z,92.4,Versa 4
2026-05-09T01:36:33Z,92.1,Versa 4
2026-05-09T01:37:33Z,92.1,Versa 4
2026-05-09T01:38:33Z,93.0,Versa 4
2026-05-09T01:39:33Z,50.0,Versa 4
2026-05-09T01:40:33Z,94.2,Versa 4
2026-05-09T01:41:33Z,94.9,Versa 4
2026-05-09T01:42:33Z,95.5,Versa 4
2026-05-09T01:43:33Z,96.0,Versa 4
2026-05-09T01:44:33Z,96.4,Versa 4
2026-05-09T01:45:33Z,96.5,Versa 4
2026-05-09T01:46:33Z,96.5,Versa 4
2026-05-09T01:47:33Z,96.4,Versa 4
2026-05-09T01:48:33Z,96.2,Versa 4
2026-05-09T01:49:33Z,96.2,Versa 4
2026-05-09T01:50:33Z,96.0,Versa 4
2026-05-09T01:51:33Z,96.2,Versa 4
2026-05-09T01:52:33Z,96.2,Versa 4
2026-05-09T01:53:33Z,95.8,Versa 4
2026-05-09T01:54:33Z,95.1,Versa 4
2026-05-09T01:55:33Z,95.3,Versa 4
2026-05-09T01:56:33Z,95.0,Versa 4
2026-05-09T01:57:33Z,95.0,Versa 4
2026-05-09T01:58:33Z,94.7,Versa 4
2026-05-09T01:59:33Z,94.1,Versa 4
2026-05-09T02:00:33Z,93.4,Versa 4
2026-05-09T02:01:33Z,92.4,Versa 4
2026-05-09T02:02:33Z,92.4,Versa 4
2026-05-09T02:03:33Z,50.0,Versa 4
2026-05-09T02:04:33Z,88.4,Versa 4
2026-05-09T02:05:33Z,85.3,Versa 4
2026-05-09T02:06:33Z,50.0,Versa 4
2026-05-09T02:07:33Z,83.4,Versa 4
2026-05-09T02:08:33Z,81.4,Versa 4
2026-05-09T02:09:33Z,79.8,Versa 4
2026-05-09T02:10:33Z,78.8,Versa 4
2026-05-09T02:11:33Z,78.2,Versa 4
2026-05-09T02:12:33Z,77.6,Versa 4
2026-05-09T02:13:33Z,77.2,Versa 4
2026-05-09T02:14:33Z,76.9,Versa 4
2026-05-09T02:15:33Z,76.7,Versa 4
2026-05-09T02:16:33Z,76.5,Versa 4
2026-05-09T02:17:33Z,76.2,Versa 4
2026-05-09T02:18:33Z,76.0,Versa 4
2026-05-09T02:19:33Z,76.0,Versa 4
2026-05-09T02:20:33Z,76.0,Versa 4
2026-05-09T02:21:33Z,76.0,Versa 4
2026-05-09T02:22:33Z,76.3,Versa 4
2026-05-09T02:23:33Z,76.5,Versa 4
2026-05-09T02:24:33Z,76.8,Versa 4
2026-05-09T02:25:33Z,77.1,Versa 4
2026-05-09T02:26:33Z,77.1,Versa 4
2026-05-09T02:27:33Z,77.2,Versa 4
2026-05-09T02:28:33Z,77.4,Versa 4
2026-05-09T02:29:33Z,77.4,Versa 4
2026-05-09T02:30:33Z,77.6,Versa 4
2026-05-09T02:31:33Z,77.6,Versa 4
2026-05-09T02:32:33Z,77.6,Versa 4
2026-05-09T02:33:33Z,77.6,Versa 4
2026-05-09T02:34:33Z,77.9,Versa 4
2026-05-09T02:35:33Z,78.1,Versa 4
2026-05-09T02:36:33Z,78.2,Versa 4
2026-05-09T02:37:33Z,78.4,Versa 4
2026-05-09T02:38:33Z,78.6,Versa 4
2026-05-09T02:39:33Z,78.7,Versa 4
2026-05-09T02:40:33Z,79.0,Versa 4
2026-05-09T02:41:33Z,79.1,Versa 4
2026-05-09T02:42:33Z,79.3,Versa 4
2026-05-09T02:43:33Z,79.4,Versa 4
2026-05-09T02:44:33Z,79.6,Versa 4
2026-05-09T02:45:33Z,79.5,Versa 4
2026-05-09T02:46:33Z,79.6,Versa 4
2026-05-09T02:47:33Z,79.9,Versa 4
2026-05-09T02:48:33Z,79.9,Versa 4
2026-05-09T02:49:33Z,79.7,Versa 4
2026-05-09T02:50:33Z,79.9,Versa 4
2026-05-09T02:51:33Z,80.2,Versa 4
2026-05-09T02:52:33Z,50.0,Versa 4
2026-05-09T02:53:33Z,79.9,Versa 4
2026-05-09T02:54:33Z,79.3,Versa 4
2026-05-09T02:55:33Z,81.9,Versa 4
2026-05-09T02:56:33Z,84.7,Versa 4
2026-05-09T02:57:33Z,86.9,Versa 4
2026-05-09T02:58:33Z,50.0,Versa 4
2026-05-09T02:59:33Z,91.1,Versa 4
2026-05-09T03:00:33Z,92.7,Versa 4
2026-05-09T03:01:33Z,93.6,Versa 4
2026-05-09T03:02:33Z,94.8,Versa 4
2026-05-09T03:03:33Z,95.8,Versa 4
2026-05-09T03:04:33Z,96.8,Versa 4
2026-05-09T03:05:33Z,96.5,Versa 4
2026-05-09T03:06:33Z,97.5,Versa 4
2026-05-09T03:07:33Z,98.2,Versa 4
2026-05-09T03:08:33Z,97.8,Versa 4
2026-05-09T03:09:33Z,94.6,Versa 4
2026-05-09T03:10:33Z,90.1,Versa 4
2026-05-09T03:11:33Z,86.8,Versa 4
2026-05-09T03:12:33Z,85.0,Versa 4
2026-05-09T03:13:33Z,83.6,Versa 4
2026-05-09T03:14:33Z,83.3,Versa 4
2026-05-09T03:15:33Z,86.2,Versa 4
2026-05-09T03:16:33Z,89.1,Versa 4
2026-05-09T03:17:33Z,90.5,Versa 4
2026-05-09T03:18:33Z,92.2,Versa 4
2026-05-09T03:19:33Z,92.7,Versa 4
2026-05-09T03:20:33Z,93.6,Versa 4
2026-05-09T03:21:33Z,94.5,Versa 4
2026-05-09T03:22:33Z,95.0,Versa 4
2026-05-09T03:23:33Z,94.2,Versa 4
2026-05-09T03:24:33Z,50.0,Versa 4
2026-05-09T03:25:33Z,50.0,Versa 4
2026-05-09T03:26:33Z,50.0,Versa 4
2026-05-09T03:27:33Z,50.0,Versa 4
2026-05-09T03:28:33Z,94.8,Versa 4
2026-05-09T03:29:33Z,94.7,Versa 4
2026-05-09T03:30:33Z,94.4,Versa 4
2026-05-09T03:31:33Z,50.0,Versa 4
2026-05-09T03:32:33Z,94.1,Versa 4
2026-05-09T03:33:33Z,93.5,Versa 4
2026-05-09T03:34:33Z,93.0,Versa 4
2026-05-09T03:35:33Z,92.8,Versa 4
2026-05-09T03:36:33Z,92.0,Versa 4
2026-05-09T03:37:33Z,91.3,Versa 4
2026-05-09T03:38:33Z,90.9,Versa 4
2026-05-09T03:39:33Z,90.7,Versa 4
2026-05-09T03:40:33Z,90.0,Versa 4
2026-05-09T03:41:33Z,90.4,Versa 4
2026-05-09T03:42:33Z,90.6,Versa 4
2026-05-09T03:43:33Z,50.0,Versa 4
2026-05-09T03:44:33Z,50.0,Versa 4
2026-05-09T03:45:33Z,93.8,Versa 4
2026-05-09T03:46:33Z,96.2,Versa 4
2026-05-09T03:47:33Z,97.6,Versa 4
2026-05-09T03:48:33Z,98.7,Versa 4
2026-05-09T03:49:33Z,99.4,Versa 4
2026-05-09T03:50:33Z,99.9,Versa 4
2026-05-09T03:51:33Z,100.0,Versa 4
2026-05-09T03:52:33Z,100.0,Versa 4
2026-05-09T03:53:33Z,100.0,Versa 4
2026-05-09T03:54:33Z,100.0,Versa 4
2026-05-09T03:55:33Z,100.0,Versa 4
2026-05-09T03:56:33Z,100.0,Versa 4
2026-05-09T03:57:33Z,100.0,Versa 4
2026-05-09T03:58:33Z,100.0,Versa 4
2026-05-09T03:59:33Z,100.0,Versa 4
2026-05-09T04:00:33Z,100.0,Versa 4
2026-05-09T04:01:33Z,100.0,Versa 4
2026-05-09T04:02:33Z,100.0,Versa 4
2026-05-09T04:03:33Z,100.0,Versa 4
2026-05-09T04:04:33Z,100.0,Versa 4
2026-05-09T04:05:33Z,100.0,Versa 4
2026-05-09T04:06:33Z,100.0,Versa 4
2026-05-09T04:07:33Z,100.0,Versa 4
2026-05-09T04:08:33Z,100.0,Versa 4
2026-05-09T04:09:33Z,100.0,Versa 4
2026-05-09T04:10:33Z,100.0,Versa 4
2026-05-09T04:11:33Z,100.0,Versa 4
2026-05-09T04:12:33Z,100.0,Versa 4
2026-05-09T04:13:33Z,100.0,Versa 4
2026-05-09T04:14:33Z,100.0,Versa 4
2026-05-09T04:15:33Z,100.0,Versa 4
2026-05-09T04:16:33Z,100.0,Versa 4
2026-05-09T04:17:33Z,100.0,Versa 4
2026-05-09T04:18:33Z,100.0,Versa 4
2026-05-09T04:19:33Z,100.0,Versa 4
2026-05-09T04:20:33Z,100.0,Versa 4
2026-05-09T04:21:33Z,100.0,Versa 4
2026-05-09T04:22:33Z,100.0,Versa 4
2026-05-09T04:23:33Z,100.0,Versa 4
2026-05-09T04:24:33Z,100.0,Versa 4
2026-05-09T04:25:33Z,100.0,Versa 4
2026-05-09T04:26:33Z,100.0,Versa 4
2026-05-09T04:27:33Z,100.0,Versa 4
2026-05-09T04:28:33Z,100.0,Versa 4
2026-05-09T04:29:33Z,50.0,Versa 4
2026-05-09T04:30:33Z,50.0,Versa 4
2026-05-09T04:31:33Z,50.0,Versa 4
2026-05-09T04:32:33Z,99.3,Versa 4
2026-05-09T04:33:33Z,99.2,Versa 4
2026-05-09T04:34:33Z,98.3,Versa 4
2026-05-09T04:35:33Z,97.9,Versa 4
2026-05-09T04:36:33Z,97.4,Versa 4
2026-05-09T04:37:33Z,97.6,Versa 4
2026-05-09T04:38:33Z,50.0,Versa 4
2026-05-09T04:39:33Z,50.0,Versa 4
2026-05-09T04:40:33Z,96.5,Versa 4
2026-05-09T04:41:33Z,96.1,Versa 4
2026-05-09T04:42:33Z,96.0,Versa 4
2026-05-09T04:43:33Z,96.1,Versa 4
2026-05-09T04:44:33Z,50.0,Versa 4
2026-05-09T04:45:33Z,96.2,Versa 4
2026-05-09T04:46:33Z,50.0,Versa 4
2026-05-09T04:47:33Z,50.0,Versa 4
2026-05-09T04:48:33Z,97.2,Versa 4
2026-05-09T04:49:33Z,97.2,Versa 4
2026-05-09T04:50:33Z,96.9,Versa 4
2026-05-09T04:51:33Z,96.5,Versa 4
2026-05-09T04:52:33Z,50.0,Versa 4
2026-05-09T04:53:33Z,50.0,Versa 4
2026-05-09T04:54:33Z,96.3,Versa 4
2026-05-09T04:55:33Z,96.2,Versa 4
2026-05-09T04:56:33Z,94.3,Versa 4
2026-05-09T04:57:33Z,93.3,Versa 4
2026-05-09T04:58:33Z,92.7,Versa 4
2026-05-09T04:59:33Z,91.2,Versa 4
2026-05-09T05:00:33Z,91.6,Versa 4
2026-05-09T05:01:33Z,91.9,Versa 4
2026-05-09T05:02:33Z,92.1,Versa 4
2026-05-09T05:03:33Z,92.3,Versa 4
2026-05-09T05:04:33Z,92.4,Versa 4
2026-05-09T05:05:33Z,50.0,Versa 4
2026-05-09T05:06:33Z,50.0,Versa 4
2026-05-09T05:07:33Z,90.1,Versa 4
2026-05-09T05:08:33Z,89.6,Versa 4
2026-05-09T05:09:33Z,50.0,Versa 4
2026-05-09T05:10:33Z,91.0,Versa 4
2026-05-09T05:11:33Z,91.8,Versa 4
2026-05-09T05:12:33Z,92.5,Versa 4
2026-05-09T05:13:33Z,93.7,Versa 4
2026-05-09T05:14:33Z,94.3,Versa 4
2026-05-09T05:15:33Z,94.8,Versa 4
2026-05-09T05:16:33Z,94.9,Versa 4
2026-05-09T05:17:33Z,94.8,Versa 4
2026-05-09T05:18:33Z,94.8,Versa 4
2026-05-09T05:19:33Z,94.9,Versa 4
2026-05-09T05:20:33Z,94.8,Versa 4
2026-05-09T05:21:33Z,95.0,Versa 4
2026-05-09T05:22:33Z,95.1,Versa 4
2026-05-09T05:23:33Z,95.2,Versa 4
2026-05-09T05:24:33Z,96.1,Versa 4
2026-05-09T05:25:33Z,97.2,Versa 4
2026-05-09T05:26:33Z,98.0,Versa 4
2026-05-09T05:27:33Z,98.4,Versa 4
2026-05-09T05:28:33Z,98.6,Versa 4
2026-05-09T05:29:33Z,98.6,Versa 4
2026-05-09T05:30:33Z,98.9,Versa 4
2026-05-09T05:31:33Z,98.9,Versa 4
2026-05-09T05:32:33Z,99.1,Versa 4
2026-05-09T05:33:33Z,98.7,Versa 4
2026-05-09T05:34:33Z,98.6,Versa 4
2026-05-09T05:35:33Z,50.0,Versa 4
2026-05-09T05:36:33Z,97.5,Versa 4
2026-05-09T05:37:33Z,96.9,Versa 4
2026-05-09T05:38:33Z,96.7,Versa 4
2026-05-09T05:39:33Z,96.6,Versa 4
2026-05-09T05:40:33Z,96.6,Versa 4
2026-05-09T05:41:33Z,96.7,Versa 4
2026-05-09T05:42:33Z,96.7,Versa 4
2026-05-09T05:43:33Z,96.8,Versa 4
2026-05-09T05:44:33Z,96.7,Versa 4
2026-05-09T05:45:33Z,50.0,Versa 4
2026-05-09T05:46:33Z,50.0,Versa 4
2026-05-09T05:47:33Z,96.9,Versa 4
2026-05-09T05:48:33Z,97.1,Versa 4
2026-05-09T05:49:33Z,97.4,Versa 4
2026-05-09T05:50:33Z,97.6,Versa 4
2026-05-09T05:51:33Z,98.0,Versa 4
2026-05-09T05:52:33Z,98.0,Versa 4
2026-05-09T05:53:33Z,98.2,Versa 4
2026-05-09T05:54:33Z,98.4,Versa 4
2026-05-09T05:55:33Z,98.4,Versa 4
2026-05-09T05:56:33Z,98.6,Versa 4
2026-05-09T05:57:33Z,98.7,Versa 4
2026-05-09T05:58:33Z,98.6,Versa 4
2026-05-09T05:59:33Z,50.0,Versa 4
2026-05-09T06:00:33Z,98.4,Versa 4
2026-05-09T06:01:33Z,50.0,Versa 4
2026-05-09T06:02:33Z,98.2,Versa 4
2026-05-09T06:03:33Z,98.2,Versa 4
2026-05-09T06:04:33Z,97.7,Versa 4
2026-05-09T06:05:33Z,50.0,Versa 4
2026-05-09T06:06:33Z,97.6,Versa 4
2026-05-09T06:07:33Z,96.5,Versa 4
2026-05-09T06:08:33Z,96.6,Versa 4
2026-05-09T06:09:33Z,97.0,Versa 4
2026-05-09T06:10:33Z,96.6,Versa 4
2026-05-09T06:11:33Z,95.5,Versa 4
2026-05-09T06:12:33Z,94.0,Versa 4
2026-05-09T06:13:33Z,92.7,Versa 4
2026-05-09T06:14:33Z,91.0,Versa 4
2026-05-09T06:15:33Z,91.9,Versa 4
2026-05-09T06:16:33Z,92.9,Versa 4
2026-05-09T06:17:33Z,93.7,Versa 4
2026-05-09T06:18:33Z,94.5,Versa 4
2026-05-09T06:19:33Z,50.0,Versa 4
2026-05-09T06:20:33Z,50.0,Versa 4
2026-05-09T06:21:33Z,50.0,Versa 4
2026-05-09T06:22:33Z,50.0,Versa 4
2026-05-09T06:23:33Z,50.0,Versa 4
2026-05-09T06:24:33Z,50.0,Versa 4
2026-05-09T06:25:33Z,50.0,Versa 4
2026-05-09T06:26:33Z,93.3,Versa 4
2026-05-09T06:27:33Z,93.0,Versa 4
2026-05-09T06:28:33Z,91.9,Versa 4
2026-05-09T06:29:33Z,91.5,Versa 4
2026-05-09T06:30:33Z,91.2,Versa 4
2026-05-09T06:31:33Z,91.0,Versa 4
2026-05-09T06:32:33Z,90.7,Versa 4
2026-05-09T06:33:33Z,90.2,Versa 4
2026-05-09T06:34:33Z,90.1,Versa 4
2026-05-09T06:35:33Z,90.2,Versa 4
2026-05-09T06:36:33Z,90.3,Versa 4
2026-05-09T06:37:33Z,90.1,Versa 4
2026-05-09T06:38:33Z,89.9,Versa 4
2026-05-09T06:39:33Z,89.8,Versa 4
2026-05-09T06:40:33Z,89.7,Versa 4
2026-05-09T06:41:33Z,90.1,Versa 4
2026-05-09T06:42:33Z,50.0,Versa 4
2026-05-09T06:43:33Z,50.0,Versa 4
2026-05-09T06:44:33Z,50.0,Versa 4
2026-05-09T06:45:33Z,50.0,Versa 4
2026-05-09T06:46:33Z,50.0,Versa 4
2026-05-09T06:47:33Z,50.0,Versa 4
2026-05-09T06:48:33Z,50.0,Versa 4
2026-05-09T06:49:33Z,50.0,Versa 4
2026-05-09T06:50:33Z,50.0,Versa 4
2026-05-09T06:51:33Z,50.0,Versa 4
2026-05-09T06:52:33Z,50.0,Versa 4
2026-05-09T17:01:04Z,50.0,Versa 4
2026-05-09T17:02:04Z,50.0,Versa 4
2026-05-09T17:03:04Z,50.0,Versa 4
2026-05-09T17:04:04Z,50.0,Versa 4
2026-05-09T17:05:04Z,50.0,Versa 4
2026-05-09T17:06:04Z,50.0,Versa 4
2026-05-09T20:41:33Z,92.1,Versa 4
2026-05-09T20:42:33Z,91.7,Versa 4
2026-05-09T20:43:33Z,90.4,Versa 4
2026-05-09T20:44:33Z,89.4,Versa 4
2026-05-09T20:45:33Z,88.5,Versa 4
2026-05-09T20:46:33Z,88.0,Versa 4
2026-05-09T20:49:03Z,92.2,Versa 4
2026-05-09T20:50:03Z,92.1,Versa 4
2026-05-09T20:51:03Z,91.6,Versa 4
2026-05-09T20:52:03Z,89.9,Versa 4
2026-05-09T20:53:03Z,89.3,Versa 4
2026-05-09T20:54:03Z,89.1,Versa 4
2026-05-09T20:55:03Z,88.7,Versa 4
2026-05-09T20:56:03Z,88.4,Versa 4
2026-05-09T20:57:03Z,50.0,Versa 4
2026-05-09T20:58:03Z,90.0,Versa 4
2026-05-09T20:59:03Z,92.6,Versa 4
2026-05-09T21:00:03Z,95.1,Versa 4
2026-05-09T21:01:03Z,96.0,Versa 4
2026-05-09T21:02:03Z,50.0,Versa 4
2026-05-09T21:03:03Z,94.6,Versa 4
2026-05-09T21:04:03Z,93.5,Versa 4
2026-05-09T21:05:03Z,91.8,Versa 4
2026-05-09T21:06:03Z,50.0,Versa 4
2026-05-09T21:07:03Z,50.0,Versa 4
2026-05-09T21:08:03Z,50.0,Versa 4
2026-05-09T21:09:03Z,94.4,Versa 4
2026-05-09T21:10:03Z,50.0,Versa 4
2026-05-09T21:11:03Z,94.8,Versa 4
2026-05-09T21:12:03Z,50.0,Versa 4
2026-05-09T21:13:03Z,91.4,Versa 4
2026-05-09T21:14:03Z,50.0,Versa 4
2026-05-09T21:15:03Z,50.0,Versa 4
2026-05-09T21:16:03Z,50.0,Versa 4
2026-05-09T21:17:03Z,91.9,Versa 4
2026-05-09T21:18:03Z,93.7,Versa 4
2026-05-09T21:19:03Z,50.0,Versa 4
2026-05-09T21:20:03Z,96.5,Versa 4
2026-05-09T21:21:03Z,98.9,Versa 4
2026-05-09T21:22:03Z,50.0,Versa 4
2026-05-09T21:23:03Z,99.3,Versa 4
2026-05-09T21:24:03Z,50.0,Versa 4
2026-05-09T21:56:03Z,50.0,Versa 4
2026-05-09T21:57:03Z,86.8,Versa 4
2026-05-09T21:58:03Z,88.6,Versa 4
2026-05-09T21:59:03Z,90.5,Versa 4
2026-05-09T22:00:03Z,92.7,Versa 4
2026-05-09T22:38:10Z,97.1,Versa 4
2026-05-09T22:39:10Z,97.2,Versa 4
2026-05-09T22:40:10Z,97.2,Versa 4
2026-05-09T22:41:10Z,97.3,Versa 4
2026-05-09T22:42:10Z,97.5,Versa 4
2026-05-09T22:43:10Z,97.7,Versa 4
2026-05-09T22:44:10Z,97.9,Versa 4
2026-05-09T22:45:10Z,98.1,Versa 4
2026-05-09T22:46:10Z,98.4,Versa 4
2026-05-09T22:47:10Z,98.5,Versa 4
2026-05-09T22:48:10Z,98.7,Versa 4
2026-05-09T22:49:10Z,98.8,Versa 4
2026-05-09T22:50:10Z,98.9,Versa 4
2026-05-09T22:51:10Z,99.0,Versa 4
2026-05-09T22:52:10Z,99.2,Versa 4
2026-05-09T22:53:10Z,99.2,Versa 4
2026-05-09T22:54:10Z,99.3,Versa 4
2026-05-09T22:55:10Z,99.3,Versa 4
2026-05-09T22:56:10Z,99.3,Versa 4
2026-05-09T22:57:10Z,99.3,Versa 4
2026-05-09T22:58:10Z,99.3,Versa 4
2026-05-09T22:59:10Z,99.3,Versa 4
2026-05-09T23:00:10Z,99.3,Versa 4
2026-05-09T23:01:10Z,99.3,Versa 4
2026-05-09T23:02:10Z,99.3,Versa 4
2026-05-09T23:03:10Z,99.2,Versa 4
2026-05-09T23:04:10Z,99.1,Versa 4
2026-05-09T23:05:10Z,99.1,Versa 4
2026-05-09T23:06:10Z,98.9,Versa 4
2026-05-09T23:07:10Z,98.8,Versa 4
2026-05-09T23:08:10Z,98.8,Versa 4
2026-05-09T23:09:10Z,98.7,Versa 4
2026-05-09T23:10:10Z,98.7,Versa 4
2026-05-09T23:11:10Z,98.6,Versa 4
2026-05-09T23:12:10Z,98.6,Versa 4
2026-05-09T23:13:10Z,98.5,Versa 4
2026-05-09T23:14:10Z,98.5,Versa 4
2026-05-09T23:15:10Z,98.5,Versa 4
2026-05-09T23:16:10Z,50.0,Versa 4
2026-05-09T23:17:10Z,50.0,Versa 4
2026-05-09T23:18:10Z,98.0,Versa 4
2026-05-09T23:19:10Z,97.3,Versa 4
2026-05-09T23:20:10Z,96.9,Versa 4
2026-05-09T23:21:10Z,96.7,Versa 4
2026-05-09T23:22:10Z,96.6,Versa 4
2026-05-09T23:23:10Z,96.5,Versa 4
2026-05-09T23:24:10Z,96.5,Versa 4
2026-05-09T23:25:10Z,96.6,Versa 4
2026-05-09T23:26:10Z,96.7,Versa 4
2026-05-09T23:27:10Z,96.7,Versa 4
2026-05-09T23:28:10Z,96.8,Versa 4
2026-05-09T23:29:10Z,96.8,Versa 4
2026-05-09T23:30:10Z,96.7,Versa 4
2026-05-09T23:31:10Z,96.8,Versa 4
2026-05-09T23:32:10Z,50.0,Versa 4
2026-05-09T23:33:10Z,96.6,Versa 4
2026-05-09T23:34:10Z,96.5,Versa 4
2026-05-09T23:35:10Z,96.4,Versa 4
2026-05-09T23:36:10Z,96.3,Versa 4
2026-05-09T23:37:10Z,50.0,Versa 4
2026-05-09T23:38:10Z,95.6,Versa 4
2026-05-09T23:39:10Z,95.1,Versa 4
2026-05-09T23:40:10Z,94.9,Versa 4
2026-05-09T23:41:10Z,94.8,Versa 4
2026-05-09T23:42:10Z,94.6,Versa 4
2026-05-09T23:43:10Z,94.5,Versa 4
2026-05-09T23:44:10Z,94.4,Versa 4
2026-05-09T23:45:10Z,94.3,Versa 4
2026-05-09T23:46:10Z,94.1,Versa 4
2026-05-09T23:47:10Z,94.2,Versa 4
2026-05-09T23:48:10Z,93.8,Versa 4
2026-05-09T23:49:10Z,93.7,Versa 4
2026-05-09T23:50:10Z,93.4,Versa 4
2026-05-09T23:51:10Z,93.3,Versa 4
2026-05-09T23:52:10Z,93.1,Versa 4
2026-05-09T23:53:10Z,93.3,Versa 4
2026-05-09T23:54:10Z,93.3,Versa 4
2026-05-09T23:55:10Z,93.3,Versa 4
2026-05-09T23:56:10Z,93.3,Versa 4
2026-05-09T23:57:10Z,93.3,Versa 4
2026-05-09T23:58:10Z,93.4,Versa 4
2026-05-09T23:59:10Z,93.2,Versa 4
2026-05-10T00:00:10Z,50.0,Versa 4
2026-05-10T00:01:10Z,94.4,Versa 4
2026-05-10T00:02:10Z,95.4,Versa 4
2026-05-10T00:03:10Z,95.6,Versa 4
2026-05-10T00:04:10Z,95.5,Versa 4
2026-05-10T00:05:10Z,95.4,Versa 4
2026-05-10T00:06:10Z,95.6,Versa 4
2026-05-10T00:07:10Z,50.0,Versa 4
2026-05-10T00:08:10Z,89.7,Versa 4
2026-05-10T00:09:10Z,83.5,Versa 4
2026-05-10T00:10:10Z,78.4,Versa 4
2026-05-10T00:11:10Z,76.1,Versa 4
2026-05-10T00:12:10Z,76.1,Versa 4
2026-05-10T00:13:10Z,75.9,Versa 4
2026-05-10T00:14:10Z,76.1,Versa 4
2026-05-10T00:15:10Z,76.4,Versa 4
2026-05-10T00:16:10Z,76.8,Versa 4
2026-05-10T00:17:10Z,77.3,Versa 4
2026-05-10T00:18:10Z,77.7,Versa 4
2026-05-10T00:19:10Z,78.0,Versa 4
2026-05-10T00:20:10Z,77.9,Versa 4
2026-05-10T00:21:10Z,78.1,Versa 4
2026-05-10T00:22:10Z,79.2,Versa 4
2026-05-10T00:23:10Z,81.5,Versa 4
2026-05-10T00:24:10Z,83.9,Versa 4
2026-05-10T00:25:10Z,85.6,Versa 4
2026-05-10T00:26:10Z,87.0,Versa 4
2026-05-10T00:27:10Z,87.7,Versa 4
2026-05-10T00:28:10Z,87.0,Versa 4
2026-05-10T00:29:10Z,87.9,Versa 4
2026-05-10T00:30:10Z,89.0,Versa 4
2026-05-10T00:31:10Z,92.1,Versa 4
2026-05-10T00:32:10Z,94.6,Versa 4
2026-05-10T00:33:10Z,95.8,Versa 4
2026-05-10T00:34:10Z,97.2,Versa 4
2026-05-10T00:35:10Z,98.0,Versa 4
2026-05-10T00:36:10Z,98.5,Versa 4
2026-05-10T00:37:10Z,98.9,Versa 4
2026-05-10T00:38:10Z,99.5,Versa 4
2026-05-10T00:39:10Z,99.9,Versa 4
2026-05-10T00:40:10Z,100.0,Versa 4
2026-05-10T00:41:10Z,100.0,Versa 4
2026-05-10T00:42:10Z,100.0,Versa 4
2026-05-10T00:43:10Z,100.0,Versa 4
2026-05-10T00:44:10Z,99.3,Versa 4
2026-05-10T00:45:10Z,97.4,Versa 4
2026-05-10T00:46:10Z,96.3,Versa 4
2026-05-10T00:47:10Z,95.5,Versa 4
2026-05-10T00:48:10Z,94.9,Versa 4
2026-05-10T00:49:10Z,94.4,Versa 4
2026-05-10T00:50:10Z,94.6,Versa 4
2026-05-10T00:51:10Z,94.5,Versa 4
2026-05-10T00:52:10Z,95.2,Versa 4
2026-05-10T00:53:10Z,95.8,Versa 4
2026-05-10T00:54:10Z,96.2,Versa 4
2026-05-10T00:55:10Z,96.5,Versa 4
2026-05-10T00:56:10Z,96.9,Versa 4
2026-05-10T00:57:10Z,97.3,Versa 4
2026-05-10T00:58:10Z,97.3,Versa 4
2026-05-10T00:59:10Z,98.3,Versa 4
2026-05-10T01:00:10Z,98.7,Versa 4
2026-05-10T01:01:10Z,98.3,Versa 4
2026-05-10T01:02:10Z,97.7,Versa 4
2026-05-10T01:03:10Z,97.3,Versa 4
2026-05-10T01:04:10Z,97.1,Versa 4
2026-05-10T01:05:10Z,97.0,Versa 4
2026-05-10T01:06:10Z,96.9,Versa 4
2026-05-10T01:07:10Z,96.9,Versa 4
2026-05-10T01:08:10Z,96.8,Versa 4
2026-05-10T01:09:10Z,96.8,Versa 4
2026-05-10T01:10:10Z,96.7,Versa 4
2026-05-10T01:11:10Z,96.8,Versa 4
2026-05-10T01:12:10Z,96.8,Versa 4
2026-05-10T01:13:10Z,96.9,Versa 4
2026-05-10T01:14:10Z,96.9,Versa 4
2026-05-10T01:15:10Z,96.9,Versa 4
2026-05-10T01:16:10Z,97.0,Versa 4
2026-05-10T01:17:10Z,97.0,Versa 4
2026-05-10T01:18:10Z,97.0,Versa 4
2026-05-10T01:19:10Z,97.2,Versa 4
2026-05-10T01:20:10Z,97.2,Versa 4
2026-05-10T01:21:10Z,97.3,Versa 4
2026-05-10T01:22:10Z,97.4,Versa 4
2026-05-10T01:23:10Z,97.4,Versa 4
2026-05-10T01:24:10Z,97.5,Versa 4
2026-05-10T01:25:10Z,97.5,Versa 4
2026-05-10T01:26:10Z,97.5,Versa 4
2026-05-10T01:27:10Z,97.6,Versa 4
2026-05-10T01:28:10Z,97.6,Versa 4
2026-05-10T01:29:10Z,97.6,Versa 4
2026-05-10T01:30:10Z,97.6,Versa 4
2026-05-10T01:31:10Z,97.6,Versa 4
2026-05-10T01:32:10Z,97.7,Versa 4
2026-05-10T01:33:10Z,97.7,Versa 4
2026-05-10T01:34:10Z,97.7,Versa 4
2026-05-10T01:35:10Z,97.5,Versa 4
2026-05-10T01:36:10Z,97.4,Versa 4
2026-05-10T01:37:10Z,97.4,Versa 4
2026-05-10T01:38:10Z,97.4,Versa 4
2026-05-10T01:39:10Z,97.4,Versa 4
2026-05-10T01:40:10Z,50.0,Versa 4
2026-05-10T01:41:10Z,50.0,Versa 4
2026-05-10T01:42:10Z,96.8,Versa 4
2026-05-10T01:43:10Z,50.0,Versa 4
2026-05-10T01:44:10Z,96.5,Versa 4
2026-05-10T01:45:10Z,93.5,Versa 4
2026-05-10T01:46:10Z,90.9,Versa 4
2026-05-10T01:47:10Z,87.9,Versa 4
2026-05-10T01:48:10Z,84.1,Versa 4
2026-05-10T01:49:10Z,81.6,Versa 4
2026-05-10T01:50:10Z,79.9,Versa 4
2026-05-10T01:51:10Z,78.6,Versa 4
2026-05-10T01:52:10Z,77.2,Versa 4
2026-05-10T01:53:10Z,77.1,Versa 4
2026-05-10T01:54:10Z,79.1,Versa 4
2026-05-10T01:55:10Z,81.2,Versa 4
2026-05-10T01:56:10Z,81.6,Versa 4
2026-05-10T01:57:10Z,81.7,Versa 4
2026-05-10T01:58:10Z,81.7,Versa 4
2026-05-10T01:59:10Z,81.7,Versa 4
2026-05-10T02:00:10Z,81.7,Versa 4
2026-05-10T02:01:10Z,81.7,Versa 4
2026-05-10T02:02:10Z,81.7,Versa 4
2026-05-10T02:03:10Z,82.6,Versa 4
2026-05-10T02:04:10Z,82.8,Versa 4
2026-05-10T02:05:10Z,82.5,Versa 4
2026-05-10T02:06:10Z,82.4,Versa 4
2026-05-10T02:07:10Z,79.9,Versa 4
2026-05-10T02:08:10Z,75.7,Versa 4
2026-05-10T02:09:10Z,78.7,Versa 4
2026-05-10T02:10:10Z,84.3,Versa 4
2026-05-10T02:11:10Z,87.6,Versa 4
2026-05-10T02:12:10Z,89.5,Versa 4
2026-05-10T02:13:10Z,91.7,Versa 4
2026-05-10T02:14:10Z,93.4,Versa 4
2026-05-10T02:15:10Z,95.2,Versa 4
2026-05-10T02:16:10Z,96.4,Versa 4
2026-05-10T02:17:10Z,96.7,Versa 4
2026-05-10T02:18:10Z,96.7,Versa 4
2026-05-10T02:19:10Z,96.5,Versa 4
2026-05-10T02:20:10Z,96.3,Versa 4
2026-05-10T02:21:10Z,96.3,Versa 4
2026-05-10T02:22:10Z,50.0,Versa 4
2026-05-10T02:23:10Z,97.2,Versa 4
2026-05-10T02:24:10Z,97.2,Versa 4
2026-05-10T02:25:10Z,97.3,Versa 4
2026-05-10T02:26:10Z,97.2,Versa 4
2026-05-10T02:27:10Z,97.3,Versa 4
2026-05-10T02:28:10Z,97.4,Versa 4
2026-05-10T02:29:10Z,97.3,Versa 4
2026-05-10T02:30:10Z,97.5,Versa 4
2026-05-10T02:31:10Z,97.9,Versa 4
2026-05-10T02:32:10Z,98.1,Versa 4
2026-05-10T02:33:10Z,98.4,Versa 4
2026-05-10T02:34:10Z,98.8,Versa 4
2026-05-10T02:35:10Z,99.0,Versa 4
2026-05-10T02:36:10Z,50.0,Versa 4
2026-05-10T02:37:10Z,98.2,Versa 4
2026-05-10T02:38:10Z,97.6,Versa 4
2026-05-10T02:39:10Z,50.0,Versa 4
2026-05-10T02:40:10Z,97.4,Versa 4
2026-05-10T02:41:10Z,50.0,Versa 4
2026-05-10T02:42:10Z,96.7,Versa 4
2026-05-10T02:43:10Z,96.7,Versa 4
2026-05-10T02:44:10Z,96.7,Versa 4
2026-05-10T02:45:10Z,96.7,Versa 4
2026-05-10T02:46:10Z,96.7,Versa 4
2026-05-10T02:47:10Z,96.7,Versa 4
2026-05-10T02:48:10Z,96.8,Versa 4
2026-05-10T02:49:10Z,96.9,Versa 4
2026-05-10T02:50:10Z,96.9,Versa 4
2026-05-10T02:51:10Z,96.9,Versa 4
2026-05-10T02:52:10Z,97.0,Versa 4
2026-05-10T02:53:10Z,97.1,Versa 4
2026-05-10T02:54:10Z,97.2,Versa 4
2026-05-10T02:55:10Z,97.3,Versa 4
2026-05-10T02:56:10Z,50.0,Versa 4
2026-05-10T02:57:10Z,97.3,Versa 4
2026-05-10T02:58:10Z,97.3,Versa 4
2026-05-10T02:59:10Z,97.4,Versa 4
2026-05-10T03:00:10Z,97.4,Versa 4
2026-05-10T03:01:10Z,97.8,Versa 4
2026-05-10T03:02:10Z,97.8,Versa 4
2026-05-10T03:03:10Z,97.9,Versa 4
2026-05-10T03:04:10Z,98.0,Versa 4
2026-05-10T03:05:10Z,98.1,Versa 4
2026-05-10T03:06:10Z,98.0,Versa 4
2026-05-10T03:07:10Z,97.9,Versa 4
2026-05-10T03:08:10Z,97.9,Versa 4
2026-05-10T03:09:10Z,97.9,Versa 4
2026-05-10T03:10:10Z,97.9,Versa 4
2026-05-10T03:11:10Z,97.8,Versa 4
2026-05-10T03:12:10Z,97.8,Versa 4
2026-05-10T03:13:10Z,97.6,Versa 4
2026-05-10T03:14:10Z,97.7,Versa 4
2026-05-10T03:15:10Z,97.6,Versa 4
2026-05-10T03:16:10Z,97.6,Versa 4
2026-05-10T03:17:10Z,97.5,Versa 4
2026-05-10T03:18:10Z,97.4,Versa 4
2026-05-10T03:19:10Z,97.4,Versa 4
2026-05-10T03:20:10Z,97.4,Versa 4
2026-05-10T03:21:10Z,97.5,Versa 4
2026-05-10T03:22:10Z,97.5,Versa 4
2026-05-10T03:23:10Z,97.5,Versa 4
2026-05-10T03:24:10Z,97.5,Versa 4
2026-05-10T03:25:10Z,97.5,Versa 4
2026-05-10T03:26:10Z,97.5,Versa 4
2026-05-10T03:27:10Z,97.5,Versa 4
2026-05-10T03:28:10Z,97.4,Versa 4
2026-05-10T03:29:10Z,97.3,Versa 4
2026-05-10T03:30:10Z,97.3,Versa 4
2026-05-10T03:31:10Z,97.2,Versa 4
2026-05-10T03:32:10Z,97.2,Versa 4
2026-05-10T03:33:10Z,97.2,Versa 4
2026-05-10T03:34:10Z,97.1,Versa 4
2026-05-10T03:35:10Z,97.1,Versa 4
2026-05-10T03:36:10Z,97.2,Versa 4
2026-05-10T03:37:10Z,97.2,Versa 4
2026-05-10T03:38:10Z,97.2,Versa 4
2026-05-10T03:39:10Z,97.1,Versa 4
2026-05-10T03:40:10Z,97.2,Versa 4
2026-05-10T03:41:10Z,97.1,Versa 4
2026-05-10T03:42:10Z,97.1,Versa 4
2026-05-10T03:43:10Z,97.0,Versa 4
2026-05-10T03:44:10Z,96.9,Versa 4
2026-05-10T03:45:10Z,96.9,Versa 4
2026-05-10T03:46:10Z,96.9,Versa 4
2026-05-10T03:47:10Z,96.8,Versa 4
2026-05-10T03:48:10Z,96.7,Versa 4
2026-05-10T03:49:10Z,96.6,Versa 4
2026-05-10T03:50:10Z,96.7,Versa 4
2026-05-10T03:51:10Z,96.8,Versa 4
2026-05-10T03:52:10Z,96.8,Versa 4
2026-05-10T03:53:10Z,50.0,Versa 4
2026-05-10T03:54:10Z,97.3,Versa 4
2026-05-10T03:55:10Z,98.4,Versa 4
2026-05-10T03:56:10Z,99.2,Versa 4
2026-05-10T03:57:10Z,50.0,Versa 4
2026-05-10T03:58:10Z,99.0,Versa 4
2026-05-10T03:59:10Z,98.9,Versa 4
2026-05-10T04:00:10Z,99.0,Versa 4
2026-05-10T04:01:10Z,99.2,Versa 4
2026-05-10T04:02:10Z,98.5,Versa 4
2026-05-10T04:03:10Z,95.9,Versa 4
2026-05-10T04:04:10Z,94.8,Versa 4
2026-05-10T04:05:10Z,93.2,Versa 4
2026-05-10T04:06:10Z,91.8,Versa 4
2026-05-10T04:07:10Z,91.9,Versa 4
2026-05-10T04:08:10Z,93.0,Versa 4
2026-05-10T04:09:10Z,92.8,Versa 4
2026-05-10T04:10:10Z,92.1,Versa 4
2026-05-10T04:11:10Z,91.5,Versa 4
2026-05-10T04:12:10Z,93.0,Versa 4
2026-05-10T04:13:10Z,50.0,Versa 4
2026-05-10T04:14:10Z,94.3,Versa 4
2026-05-10T04:15:10Z,95.7,Versa 4
2026-05-10T04:16:10Z,96.2,Versa 4
2026-05-10T04:17:10Z,50.0,Versa 4
2026-05-10T04:18:10Z,97.3,Versa 4
2026-05-10T04:19:10Z,97.7,Versa 4
2026-05-10T04:20:10Z,98.2,Versa 4
2026-05-10T04:21:10Z,98.2,Versa 4
2026-05-10T04:22:10Z,98.1,Versa 4
2026-05-10T04:23:10Z,98.1,Versa 4
2026-05-10T04:24:10Z,97.9,Versa 4
2026-05-10T04:25:10Z,97.6,Versa 4
2026-05-10T04:26:10Z,97.5,Versa 4
2026-05-10T04:27:10Z,97.3,Versa 4
2026-05-10T04:28:10Z,97.3,Versa 4
2026-05-10T04:29:10Z,97.3,Versa 4
2026-05-10T04:30:10Z,97.2,Versa 4
2026-05-10T04:31:10Z,97.0,Versa 4
2026-05-10T04:32:10Z,50.0,Versa 4
2026-05-10T04:33:10Z,96.2,Versa 4
2026-05-10T04:34:10Z,87.2,Versa 4
2026-05-10T04:35:10Z,81.0,Versa 4
2026-05-10T04:36:10Z,80.1,Versa 4
2026-05-10T04:37:10Z,78.1,Versa 4
2026-05-10T04:38:10Z,76.7,Versa 4
2026-05-10T04:39:10Z,76.2,Versa 4
2026-05-10T04:40:10Z,76.6,Versa 4
2026-05-10T04:41:10Z,50.0,Versa 4
2026-05-10T04:42:10Z,77.7,Versa 4
2026-05-10T04:43:10Z,78.9,Versa 4
2026-05-10T04:44:10Z,80.7,Versa 4
2026-05-10T04:45:10Z,82.0,Versa 4
2026-05-10T04:46:10Z,86.2,Versa 4
2026-05-10T04:47:10Z,50.0,Versa 4
2026-05-10T04:48:10Z,90.1,Versa 4
2026-05-10T04:49:10Z,91.9,Versa 4
2026-05-10T04:50:10Z,93.2,Versa 4
2026-05-10T04:51:10Z,94.4,Versa 4
2026-05-10T04:52:10Z,95.0,Versa 4
2026-05-10T04:53:10Z,50.0,Versa 4
2026-05-10T04:54:10Z,90.3,Versa 4
2026-05-10T04:55:10Z,82.2,Versa 4
2026-05-10T04:56:10Z,77.9,Versa 4
2026-05-10T04:57:10Z,76.0,Versa 4
2026-05-10T04:58:10Z,50.0,Versa 4
2026-05-10T04:59:10Z,77.2,Versa 4
2026-05-10T05:00:10Z,85.5,Versa 4
2026-05-10T05:01:10Z,91.2,Versa 4
2026-05-10T05:02:10Z,93.3,Versa 4
2026-05-10T05:03:10Z,93.2,Versa 4
2026-05-10T05:04:10Z,50.0,Versa 4
2026-05-10T05:05:10Z,94.2,Versa 4
2026-05-10T05:06:10Z,50.0,Versa 4
2026-05-10T05:07:10Z,96.1,Versa 4
2026-05-10T05:08:10Z,96.9,Versa 4
2026-05-10T05:09:10Z,97.8,Versa 4
2026-05-10T05:10:10Z,98.1,Versa 4
2026-05-10T05:11:10Z,98.9,Versa 4
2026-05-10T05:12:10Z,50.0,Versa 4
2026-05-10T05:13:10Z,99.0,Versa 4
2026-05-10T05:14:10Z,99.0,Versa 4
2026-05-10T05:15:10Z,99.2,Versa 4
2026-05-10T05:16:10Z,99.2,Versa 4
2026-05-10T05:17:10Z,99.2,Versa 4
2026-05-10T05:18:10Z,98.7,Versa 4
2026-05-10T05:19:10Z,98.0,Versa 4
2026-05-10T05:20:10Z,50.0,Versa 4
2026-05-10T05:21:10Z,97.4,Versa 4
2026-05-10T05:22:10Z,96.9,Versa 4
2026-05-10T05:23:10Z,96.7,Versa 4
2026-05-10T05:24:10Z,96.5,Versa 4
2026-05-10T05:25:10Z,96.4,Versa 4
2026-05-10T05:26:10Z,50.0,Versa 4
2026-05-10T05:27:10Z,96.2,Versa 4
2026-05-10T05:28:10Z,50.0,Versa 4
2026-05-10T05:29:10Z,50.0,Versa 4
2026-05-10T05:30:10Z,96.8,Versa 4
2026-05-10T05:31:10Z,96.9,Versa 4
2026-05-10T05:32:10Z,96.9,Versa 4
2026-05-10T05:33:10Z,97.0,Versa 4
2026-05-10T05:34:10Z,97.2,Versa 4
2026-05-10T05:35:10Z,97.0,Versa 4
2026-05-10T05:36:10Z,96.9,Versa 4
2026-05-10T05:37:10Z,96.7,Versa 4
2026-05-10T05:38:10Z,50.0,Versa 4
2026-05-10T05:39:10Z,96.3,Versa 4
2026-05-10T05:40:10Z,50.0,Versa 4
2026-05-10T05:41:10Z,96.2,Versa 4
2026-05-10T05:42:10Z,50.0,Versa 4
2026-05-10T05:43:10Z,96.3,Versa 4
2026-05-10T05:44:10Z,50.0,Versa 4
2026-05-10T05:45:10Z,97.0,Versa 4
2026-05-10T05:46:10Z,50.0,Versa 4
2026-05-10T05:47:10Z,50.0,Versa 4
2026-05-10T05:48:10Z,50.0,Versa 4
2026-05-10T05:49:10Z,95.1,Versa 4
2026-05-10T05:50:10Z,50.0,Versa 4
2026-05-10T05:51:10Z,50.0,Versa 4
2026-05-10T05:52:10Z,95.0,Versa 4
2026-05-10T05:53:10Z,50.0,Versa 4
2026-05-10T05:54:10Z,50.0,Versa 4
2026-05-10T05:55:10Z,96.6,Versa 4
2026-05-10T05:56:10Z,97.2,Versa 4
2026-05-10T05:57:10Z,96.8,Versa 4
2026-05-10T05:58:10Z,96.4,Versa 4
2026-05-10T05:59:10Z,96.3,Versa 4
2026-05-10T06:00:10Z,96.5,Versa 4
2026-05-10T06:01:10Z,96.7,Versa 4
2026-05-10T06:02:10Z,96.8,Versa 4
2026-05-10T06:03:10Z,50.0,Versa 4
2026-05-10T06:04:10Z,50.0,Versa 4
2026-05-10T06:05:10Z,50.0,Versa 4
2026-05-10T06:06:10Z,96.0,Versa 4
2026-05-10T06:07:10Z,96.5,Versa 4
2026-05-10T06:08:10Z,95.1,Versa 4
2026-05-10T06:09:10Z,91.7,Versa 4
2026-05-10T06:10:10Z,91.4,Versa 4
2026-05-10T06:11:10Z,50.0,Versa 4
2026-05-10T06:12:10Z,94.0,Versa 4
2026-05-10T06:13:10Z,94.6,Versa 4
2026-05-10T06:14:10Z,50.0,Versa 4
2026-05-10T06:15:10Z,50.0,Versa 4
2026-05-10T06:16:10Z,50.0,Versa 4
2026-05-10T06:17:10Z,50.0,Versa 4
2026-05-10T06:18:10Z,50.0,Versa 4
2026-05-10T06:19:10Z,95.2,Versa 4
2026-05-10T06:20:10Z,94.6,Versa 4
2026-05-10T06:21:10Z,50.0,Versa 4
2026-05-10T06:22:10Z,50.0,Versa 4
2026-05-10T06:23:10Z,94.9,Versa 4
2026-05-10T06:24:10Z,96.0,Versa 4
2026-05-10T23:25:35Z,100.0,Versa 4
2026-05-10T23:26:35Z,100.0,Versa 4
2026-05-10T23:27:35Z,100.0,Versa 4
2026-05-10T23:28:35Z,100.0,Versa 4
2026-05-10T23:29:35Z,100.0,Versa 4
2026-05-10T23:30:35Z,100.0,Versa 4
2026-05-10T23:31:35Z,100.0,Versa 4
2026-05-10T23:32:35Z,100.0,Versa 4
2026-05-10T23:33:35Z,100.0,Versa 4
2026-05-10T23:34:35Z,100.0,Versa 4
2026-05-10T23:35:35Z,100.0,Versa 4
2026-05-10T23:36:35Z,100.0,Versa 4
2026-05-10T23:37:35Z,100.0,Versa 4
2026-05-10T23:38:35Z,100.0,Versa 4
2026-05-10T23:39:35Z,100.0,Versa 4
2026-05-10T23:40:35Z,100.0,Versa 4
2026-05-10T23:41:35Z,100.0,Versa 4
2026-05-10T23:42:35Z,100.0,Versa 4
2026-05-10T23:43:35Z,100.0,Versa 4
2026-05-10T23:44:35Z,100.0,Versa 4
2026-05-10T23:45:35Z,100.0,Versa 4
2026-05-10T23:46:35Z,100.0,Versa 4
2026-05-10T23:47:35Z,100.0,Versa 4
2026-05-10T23:48:35Z,100.0,Versa 4
2026-05-10T23:49:35Z,100.0,Versa 4
2026-05-10T23:50:35Z,50.0,Versa 4
2026-05-10T23:51:35Z,99.2,Versa 4
2026-05-10T23:52:35Z,98.2,Versa 4
2026-05-10T23:53:35Z,50.0,Versa 4
2026-05-10T23:54:35Z,50.0,Versa 4
2026-05-10T23:55:35Z,97.1,Versa 4
2026-05-10T23:56:35Z,96.8,Versa 4
2026-05-10T23:57:35Z,96.5,Versa 4
2026-05-10T23:58:35Z,96.4,Versa 4
2026-05-10T23:59:35Z,96.4,Versa 4
2026-05-11T00:00:35Z,96.3,Versa 4
2026-05-11T00:01:35Z,96.2,Versa 4
2026-05-11T00:02:35Z,96.2,Versa 4
2026-05-11T00:03:35Z,96.3,Versa 4
2026-05-11T00:04:35Z,96.4,Versa 4
2026-05-11T00:05:35Z,96.4,Versa 4
2026-05-11T00:06:35Z,50.0,Versa 4
2026-05-11T00:07:35Z,96.6,Versa 4
2026-05-11T00:08:35Z,50.0,Versa 4
2026-05-11T00:09:35Z,96.7,Versa 4
2026-05-11T00:10:35Z,96.0,Versa 4
2026-05-11T00:11:35Z,95.7,Versa 4
2026-05-11T00:12:35Z,95.6,Versa 4
2026-05-11T00:13:35Z,95.4,Versa 4
2026-05-11T00:14:35Z,50.0,Versa 4
2026-05-11T00:15:35Z,95.3,Versa 4
2026-05-11T00:16:35Z,95.4,Versa 4
2026-05-11T00:17:35Z,95.5,Versa 4
2026-05-11T00:18:35Z,95.5,Versa 4
2026-05-11T00:19:35Z,95.7,Versa 4
2026-05-11T00:20:35Z,95.8,Versa 4
2026-05-11T00:21:35Z,96.0,Versa 4
2026-05-11T00:22:35Z,96.1,Versa 4
2026-05-11T00:23:35Z,96.3,Versa 4
2026-05-11T00:24:35Z,50.0,Versa 4
2026-05-11T00:25:35Z,96.3,Versa 4
2026-05-11T00:26:35Z,96.2,Versa 4
2026-05-11T00:27:35Z,96.1,Versa 4
2026-05-11T00:28:35Z,96.0,Versa 4
2026-05-11T00:29:35Z,96.0,Versa 4
2026-05-11T00:30:35Z,96.0,Versa 4
2026-05-11T00:31:35Z,96.1,Versa 4
2026-05-11T00:32:35Z,96.1,Versa 4
2026-05-11T00:33:35Z,96.1,Versa 4
2026-05-11T00:34:35Z,96.1,Versa 4
2026-05-11T00:35:35Z,96.1,Versa 4
2026-05-11T00:36:35Z,96.1,Versa 4
2026-05-11T00:37:35Z,96.1,Versa 4
2026-05-11T00:38:35Z,96.1,Versa 4
2026-05-11T00:39:35Z,96.1,Versa 4
2026-05-11T00:40:35Z,96.1,Versa 4
2026-05-11T00:41:35Z,96.1,Versa 4
2026-05-11T00:42:35Z,96.1,Versa 4
2026-05-11T00:43:35Z,96.1,Versa 4
2026-05-11T00:44:35Z,96.1,Versa 4
2026-05-11T00:45:35Z,96.1,Versa 4
2026-05-11T00:46:35Z,96.1,Versa 4
2026-05-11T00:47:35Z,96.1,Versa 4
2026-05-11T00:48:35Z,96.1,Versa 4
2026-05-11T00:49:35Z,96.1,Versa 4
2026-05-11T00:50:35Z,96.1,Versa 4
2026-05-11T00:51:35Z,96.1,Versa 4
2026-05-11T00:52:35Z,96.1,Versa 4
2026-05-11T00:53:35Z,96.1,Versa 4
2026-05-11T00:54:35Z,96.1,Versa 4
2026-05-11T00:55:35Z,96.1,Versa 4
2026-05-11T00:56:35Z,96.1,Versa 4
2026-05-11T00:57:35Z,96.1,Versa 4
2026-05-11T00:58:35Z,96.1,Versa 4
2026-05-11T00:59:35Z,96.1,Versa 4
2026-05-11T01:00:35Z,96.1,Versa 4
2026-05-11T01:01:35Z,96.1,Versa 4
2026-05-11T01:02:35Z,96.1,Versa 4
2026-05-11T01:03:35Z,96.0,Versa 4
2026-05-11T01:04:35Z,96.0,Versa 4
2026-05-11T01:05:35Z,96.1,Versa 4
2026-05-11T01:06:35Z,96.0,Versa 4
2026-05-11T01:07:35Z,96.0,Versa 4
2026-05-11T01:08:35Z,96.1,Versa 4
2026-05-11T01:09:35Z,96.1,Versa 4
2026-05-11T01:10:35Z,96.1,Versa 4
2026-05-11T01:11:35Z,96.1,Versa 4
2026-05-11T01:12:35Z,96.1,Versa 4
2026-05-11T01:13:35Z,96.1,Versa 4
2026-05-11T01:14:35Z,96.0,Versa 4
2026-05-11T01:15:35Z,96.0,Versa 4
2026-05-11T01:16:35Z,96.0,Versa 4
2026-05-11T01:17:35Z,50.0,Versa 4
2026-05-11T01:18:35Z,50.0,Versa 4
2026-05-11T01:19:35Z,50.0,Versa 4
2026-05-11T01:20:35Z,96.2,Versa 4
2026-05-11T01:21:35Z,96.1,Versa 4
2026-05-11T01:22:35Z,95.9,Versa 4
2026-05-11T01:23:35Z,95.7,Versa 4
2026-05-11T01:24:35Z,95.6,Versa 4
2026-05-11T01:25:35Z,95.9,Versa 4
2026-05-11T01:26:35Z,96.1,Versa 4
2026-05-11T01:27:35Z,96.2,Versa 4
2026-05-11T01:28:35Z,96.4,Versa 4
2026-05-11T01:29:35Z,96.4,Versa 4
2026-05-11T01:30:35Z,96.4,Versa 4
2026-05-11T01:31:35Z,96.6,Versa 4
2026-05-11T01:32:35Z,96.6,Versa 4
2026-05-11T01:33:35Z,96.6,Versa 4
2026-05-11T01:34:35Z,96.6,Versa 4
2026-05-11T01:35:35Z,96.5,Versa 4
2026-05-11T01:36:35Z,96.6,Versa 4
2026-05-11T01:37:35Z,96.5,Versa 4
2026-05-11T01:38:35Z,96.5,Versa 4
2026-05-11T01:39:35Z,96.3,Versa 4
2026-05-11T01:40:35Z,96.4,Versa 4
2026-05-11T01:41:35Z,96.4,Versa 4
2026-05-11T01:42:35Z,96.4,Versa 4
2026-05-11T01:43:35Z,96.2,Versa 4
2026-05-11T01:44:35Z,96.1,Versa 4
2026-05-11T01:45:35Z,96.2,Versa 4
2026-05-11T01:46:35Z,96.3,Versa 4
2026-05-11T01:47:35Z,96.4,Versa 4
2026-05-11T01:48:35Z,96.4,Versa 4
2026-05-11T01:49:35Z,96.3,Versa 4
2026-05-11T01:50:35Z,96.3,Versa 4
2026-05-11T01:51:35Z,96.3,Versa 4
2026-05-11T01:52:35Z,96.3,Versa 4
2026-05-11T01:53:35Z,96.3,Versa 4
2026-05-11T01:54:35Z,96.2,Versa 4
2026-05-11T01:55:35Z,96.1,Versa 4
2026-05-11T01:56:35Z,96.2,Versa 4
2026-05-11T01:57:35Z,96.1,Versa 4
2026-05-11T01:58:35Z,96.0,Versa 4
2026-05-11T01:59:35Z,96.0,Versa 4
2026-05-11T02:00:35Z,95.9,Versa 4
2026-05-11T02:01:35Z,50.0,Versa 4
2026-05-11T02:02:35Z,96.3,Versa 4
2026-05-11T02:03:35Z,96.8,Versa 4
2026-05-11T02:04:35Z,97.0,Versa 4
2026-05-11T02:05:35Z,97.3,Versa 4
2026-05-11T02:06:35Z,97.5,Versa 4
2026-05-11T02:07:35Z,97.6,Versa 4
2026-05-11T02:08:35Z,97.6,Versa 4
2026-05-11T02:09:35Z,97.7,Versa 4
2026-05-11T02:10:35Z,97.8,Versa 4
2026-05-11T02:11:35Z,97.7,Versa 4
2026-05-11T02:12:35Z,97.6,Versa 4
2026-05-11T02:13:35Z,97.7,Versa 4
2026-05-11T02:14:35Z,97.6,Versa 4
2026-05-11T02:15:35Z,97.6,Versa 4
2026-05-11T02:16:35Z,97.7,Versa 4
2026-05-11T02:17:35Z,97.8,Versa 4
2026-05-11T02:18:35Z,97.7,Versa 4
2026-05-11T02:19:35Z,97.7,Versa 4
2026-05-11T02:20:35Z,97.6,Versa 4
2026-05-11T02:21:35Z,97.6,Versa 4
2026-05-11T02:22:35Z,50.0,Versa 4
2026-05-11T02:23:35Z,97.1,Versa 4
2026-05-11T02:24:35Z,96.6,Versa 4
2026-05-11T02:25:35Z,96.4,Versa 4
2026-05-11T02:26:35Z,96.0,Versa 4
2026-05-11T02:27:35Z,95.9,Versa 4
2026-05-11T02:28:35Z,95.8,Versa 4
2026-05-11T02:29:35Z,95.7,Versa 4
2026-05-11T02:30:35Z,95.6,Versa 4
2026-05-11T02:31:35Z,95.6,Versa 4
2026-05-11T02:32:35Z,95.5,Versa 4
2026-05-11T02:33:35Z,95.6,Versa 4
2026-05-11T02:34:35Z,95.5,Versa 4
2026-05-11T02:35:35Z,95.5,Versa 4
2026-05-11T02:36:35Z,95.5,Versa 4
2026-05-11T02:37:35Z,95.5,Versa 4
2026-05-11T02:38:35Z,95.4,Versa 4
2026-05-11T02:39:35Z,95.4,Versa 4
2026-05-11T02:40:35Z,95.5,Versa 4
2026-05-11T02:41:35Z,50.0,Versa 4
2026-05-11T02:42:35Z,50.0,Versa 4
2026-05-11T02:43:35Z,96.1,Versa 4
2026-05-11T02:44:35Z,96.6,Versa 4
2026-05-11T02:45:35Z,96.8,Versa 4
2026-05-11T02:46:35Z,97.0,Versa 4
2026-05-11T02:47:35Z,97.1,Versa 4
2026-05-11T02:48:35Z,97.1,Versa 4
2026-05-11T02:49:35Z,97.1,Versa 4
2026-05-11T02:50:35Z,97.0,Versa 4
2026-05-11T02:51:35Z,96.8,Versa 4
2026-05-11T02:52:35Z,96.7,Versa 4
2026-05-11T02:53:35Z,96.7,Versa 4
2026-05-11T02:54:35Z,50.0,Versa 4
2026-05-11T02:55:35Z,96.4,Versa 4
2026-05-11T02:56:35Z,96.0,Versa 4
2026-05-11T02:57:35Z,95.9,Versa 4
2026-05-11T02:58:35Z,95.8,Versa 4
2026-05-11T02:59:35Z,95.9,Versa 4
2026-05-11T03:00:35Z,96.7,Versa 4
2026-05-11T03:01:35Z,50.0,Versa 4
2026-05-11T03:02:35Z,97.0,Versa 4
2026-05-11T03:03:35Z,96.9,Versa 4
2026-05-11T03:04:35Z,50.0,Versa 4
2026-05-11T03:05:35Z,96.9,Versa 4
2026-05-11T03:06:35Z,97.2,Versa 4
2026-05-11T03:07:35Z,97.1,Versa 4
2026-05-11T03:08:35Z,97.3,Versa 4
2026-05-11T03:09:35Z,97.5,Versa 4
2026-05-11T03:10:35Z,50.0,Versa 4
2026-05-11T03:11:35Z,97.4,Versa 4
2026-05-11T03:12:35Z,97.5,Versa 4
2026-05-11T03:13:35Z,97.9,Versa 4
2026-05-11T03:14:35Z,98.2,Versa 4
2026-05-11T03:15:35Z,98.3,Versa 4
2026-05-11T03:16:35Z,98.5,Versa 4
2026-05-11T03:17:35Z,98.6,Versa 4
2026-05-11T03:18:35Z,98.0,Versa 4
2026-05-11T03:19:35Z,97.4,Versa 4
2026-05-11T03:20:35Z,96.9,Versa 4
2026-05-11T03:21:35Z,96.8,Versa 4
2026-05-11T03:22:35Z,96.9,Versa 4
2026-05-11T03:23:35Z,96.7,Versa 4
2026-05-11T03:24:35Z,96.8,Versa 4
2026-05-11T03:25:35Z,96.8,Versa 4
2026-05-11T03:26:35Z,50.0,Versa 4
2026-05-11T03:27:35Z,97.6,Versa 4
2026-05-11T03:28:35Z,98.3,Versa 4
2026-05-11T03:29:35Z,50.0,Versa 4
2026-05-11T03:30:35Z,98.0,Versa 4
2026-05-11T03:31:35Z,97.4,Versa 4
2026-05-11T03:32:35Z,97.0,Versa 4
2026-05-11T03:33:35Z,96.8,Versa 4
2026-05-11T03:34:35Z,96.7,Versa 4
2026-05-11T03:35:35Z,96.5,Versa 4
2026-05-11T03:36:35Z,96.5,Versa 4
2026-05-11T03:37:35Z,96.3,Versa 4
2026-05-11T03:38:35Z,96.2,Versa 4
2026-05-11T03:39:35Z,96.2,Versa 4
2026-05-11T03:40:35Z,96.1,Versa 4
2026-05-11T03:41:35Z,96.1,Versa 4
2026-05-11T03:42:35Z,96.0,Versa 4
2026-05-11T03:43:35Z,96.0,Versa 4
2026-05-11T03:44:35Z,96.0,Versa 4
2026-05-11T03:45:35Z,95.9,Versa 4
2026-05-11T03:46:35Z,95.9,Versa 4
2026-05-11T03:47:35Z,95.9,Versa 4
2026-05-11T03:48:35Z,95.8,Versa 4
2026-05-11T03:49:35Z,95.8,Versa 4
2026-05-11T03:50:35Z,95.7,Versa 4
2026-05-11T03:51:35Z,95.7,Versa 4
2026-05-11T03:52:35Z,95.7,Versa 4
2026-05-11T03:53:35Z,95.7,Versa 4
2026-05-11T03:54:35Z,50.0,Versa 4
2026-05-11T03:55:35Z,95.7,Versa 4
2026-05-11T03:56:35Z,95.8,Versa 4
2026-05-11T03:57:35Z,50.0,Versa 4
2026-05-11T03:58:35Z,94.8,Versa 4
2026-05-11T03:59:35Z,94.4,Versa 4
2026-05-11T04:00:35Z,96.8,Versa 4
2026-05-11T04:01:35Z,50.0,Versa 4
2026-05-11T04:02:35Z,50.0,Versa 4
2026-05-11T04:03:35Z,97.6,Versa 4
2026-05-11T04:04:35Z,97.5,Versa 4
2026-05-11T04:05:35Z,97.2,Versa 4
2026-05-11T04:06:35Z,50.0,Versa 4
2026-05-11T04:07:35Z,97.7,Versa 4
2026-05-11T04:08:35Z,98.3,Versa 4
2026-05-11T04:09:35Z,98.7,Versa 4
2026-05-11T04:10:35Z,50.0,Versa 4
2026-05-11T04:11:35Z,98.4,Versa 4
2026-05-11T04:12:35Z,97.9,Versa 4
2026-05-11T04:13:35Z,97.4,Versa 4
2026-05-11T04:14:35Z,97.6,Versa 4
2026-05-11T04:15:35Z,97.8,Versa 4
2026-05-11T04:16:35Z,97.8,Versa 4
2026-05-11T04:17:35Z,97.9,Versa 4
2026-05-11T04:18:35Z,98.0,Versa 4
2026-05-11T04:19:35Z,98.1,Versa 4
2026-05-11T04:20:35Z,98.1,Versa 4
2026-05-11T04:21:35Z,50.0,Versa 4
2026-05-11T04:22:35Z,97.6,Versa 4
2026-05-11T04:23:35Z,50.0,Versa 4
2026-05-11T04:24:35Z,99.0,Versa 4
2026-05-11T04:25:35Z,50.0,Versa 4
2026-05-11T04:26:35Z,50.0,Versa 4
2026-05-11T04:27:35Z,98.6,Versa 4
2026-05-11T04:28:35Z,97.4,Versa 4
2026-05-11T04:29:35Z,97.1,Versa 4
2026-05-11T04:30:35Z,96.7,Versa 4
2026-05-11T04:31:35Z,96.5,Versa 4
2026-05-11T04:32:35Z,96.7,Versa 4
2026-05-11T04:33:35Z,97.1,Versa 4
2026-05-11T04:34:35Z,97.1,Versa 4
2026-05-11T04:35:35Z,97.9,Versa 4
2026-05-11T04:36:35Z,50.0,Versa 4
2026-05-11T04:37:35Z,50.0,Versa 4
2026-05-11T04:38:35Z,50.0,Versa 4
2026-05-11T04:39:35Z,98.4,Versa 4
2026-05-11T04:40:35Z,98.1,Versa 4
2026-05-11T04:41:35Z,98.1,Versa 4
2026-05-11T04:42:35Z,98.1,Versa 4
2026-05-11T04:43:35Z,97.9,Versa 4
2026-05-11T04:44:35Z,98.2,Versa 4
2026-05-11T04:45:35Z,98.0,Versa 4
2026-05-11T04:46:35Z,97.6,Versa 4
2026-05-11T04:47:35Z,50.0,Versa 4
2026-05-11T04:48:35Z,50.0,Versa 4
2026-05-11T04:49:35Z,50.0,Versa 4
2026-05-11T04:50:35Z,50.0,Versa 4
2026-05-11T04:51:35Z,50.0,Versa 4
2026-05-11T04:52:35Z,97.1,Versa 4
2026-05-11T04:53:35Z,96.8,Versa 4
2026-05-11T04:54:35Z,50.0,Versa 4
2026-05-11T04:55:35Z,97.1,Versa 4
2026-05-11T04:56:35Z,97.3,Versa 4
2026-05-11T04:57:35Z,97.4,Versa 4
2026-05-11T04:58:35Z,98.0,Versa 4
2026-05-11T04:59:35Z,98.9,Versa 4
2026-05-11T05:00:35Z,99.2,Versa 4
2026-05-11T05:01:35Z,50.0,Versa 4
2026-05-11T05:02:35Z,96.5,Versa 4
2026-05-11T05:03:35Z,89.6,Versa 4
2026-05-11T05:04:35Z,89.0,Versa 4
2026-05-11T05:05:35Z,92.1,Versa 4
2026-05-11T05:06:35Z,94.7,Versa 4
2026-05-11T05:07:35Z,95.4,Versa 4
2026-05-11T05:08:35Z,95.8,Versa 4
2026-05-11T05:09:35Z,96.0,Versa 4
2026-05-11T05:10:35Z,96.3,Versa 4
2026-05-11T05:11:35Z,96.4,Versa 4
2026-05-11T05:12:35Z,96.4,Versa 4
2026-05-11T05:13:35Z,97.1,Versa 4
2026-05-11T05:14:35Z,98.8,Versa 4
2026-05-11T05:15:35Z,99.8,Versa 4
2026-05-11T05:16:35Z,100.0,Versa 4
2026-05-11T05:17:35Z,100.0,Versa 4
2026-05-11T05:18:35Z,98.7,Versa 4
2026-05-11T05:19:35Z,98.6,Versa 4
2026-05-11T05:20:35Z,99.6,Versa 4
2026-05-11T05:21:35Z,97.7,Versa 4
2026-05-11T05:22:35Z,92.8,Versa 4
2026-05-11T05:23:35Z,88.1,Versa 4
2026-05-11T05:24:35Z,85.6,Versa 4
2026-05-11T05:25:35Z,84.9,Versa 4
2026-05-11T05:26:35Z,84.7,Versa 4
2026-05-11T05:27:35Z,84.8,Versa 4
2026-05-11T05:28:35Z,87.8,Versa 4
2026-05-11T05:29:35Z,92.8,Versa 4
2026-05-11T05:30:35Z,94.5,Versa 4
2026-05-11T05:31:35Z,97.5,Versa 4
2026-05-11T05:32:35Z,96.4,Versa 4
2026-05-11T05:33:35Z,95.5,Versa 4
2026-05-11T05:34:35Z,94.5,Versa 4
2026-05-11T05:35:35Z,94.2,Versa 4
2026-05-11T05:36:35Z,94.3,Versa 4
2026-05-11T05:37:35Z,94.4,Versa 4
2026-05-11T05:38:35Z,94.8,Versa 4
2026-05-11T05:39:35Z,95.1,Versa 4
2026-05-11T05:40:35Z,50.0,Versa 4
2026-05-11T05:41:35Z,95.8,Versa 4
2026-05-11T05:42:35Z,96.1,Versa 4
2026-05-11T05:43:35Z,50.0,Versa 4
2026-05-11T05:44:35Z,96.4,Versa 4
2026-05-11T05:45:35Z,96.3,Versa 4
2026-05-11T05:46:35Z,50.0,Versa 4
2026-05-11T05:47:35Z,95.7,Versa 4
2026-05-11T05:48:35Z,50.0,Versa 4
2026-05-11T05:49:35Z,95.3,Versa 4
2026-05-11T05:50:35Z,94.4,Versa 4
2026-05-11T05:51:35Z,94.0,Versa 4
2026-05-11T05:52:35Z,93.8,Versa 4
2026-05-11T05:53:35Z,94.1,Versa 4
2026-05-11T05:54:35Z,94.1,Versa 4
2026-05-11T05:55:35Z,94.2,Versa 4
2026-05-11T05:56:35Z,94.4,Versa 4
2026-05-11T05:57:35Z,50.0,Versa 4
2026-05-11T05:58:35Z,94.8,Versa 4
2026-05-11T05:59:35Z,50.0,Versa 4
2026-05-11T06:00:35Z,50.0,Versa 4
2026-05-11T06:01:35Z,50.0,Versa 4
2026-05-11T06:02:35Z,50.0,Versa 4
2026-05-11T06:03:35Z,95.2,Versa 4
2026-05-11T06:04:35Z,50.0,Versa 4
2026-05-11T06:05:35Z,95.3,Versa 4
2026-05-11T06:06:35Z,50.0,Versa 4
2026-05-11T06:07:35Z,50.0,Versa 4
2026-05-11T06:08:35Z,95.6,Versa 4
2026-05-11T06:09:35Z,96.1,Versa 4
2026-05-11T06:10:35Z,96.5,Versa 4
2026-05-11T06:11:35Z,97.0,Versa 4
2026-05-11T06:12:35Z,50.0,Versa 4
2026-05-11T06:13:35Z,97.4,Versa 4
2026-05-11T06:14:35Z,50.0,Versa 4
2026-05-11T06:15:35Z,97.6,Versa 4
2026-05-11T06:16:35Z,97.5,Versa 4
2026-05-11T06:17:35Z,97.4,Versa 4
2026-05-11T06:18:35Z,97.3,Versa 4
2026-05-11T06:19:35Z,97.3,Versa 4
2026-05-11T06:20:35Z,97.6,Versa 4
2026-05-11T06:21:35Z,98.0,Versa 4
2026-05-11T06:22:35Z,98.7,Versa 4
2026-05-11T06:23:35Z,50.0,Versa 4
2026-05-11T06:24:35Z,97.8,Versa 4
2026-05-11T06:25:35Z,50.0,Versa 4
2026-05-11T06:26:35Z,93.2,Versa 4
2026-05-11T06:27:35Z,94.8,Versa 4
2026-05-11T06:28:35Z,95.4,Versa 4
2026-05-11T06:29:35Z,95.9,Versa 4
2026-05-11T06:30:35Z,96.4,Versa 4
2026-05-11T06:31:35Z,96.8,Versa 4
2026-05-11T06:32:35Z,96.9,Versa 4
2026-05-11T06:33:35Z,97.0,Versa 4
2026-05-11T06:34:35Z,97.2,Versa 4
2026-05-11T06:35:35Z,50.0,Versa 4
2026-05-11T06:36:35Z,97.2,Versa 4
2026-05-11T06:37:35Z,97.5,Versa 4
2026-05-11T06:38:35Z,97.6,Versa 4
2026-05-11T06:39:35Z,97.7,Versa 4
2026-05-11T06:40:35Z,97.6,Versa 4
2026-05-11T06:41:35Z,97.8,Versa 4
2026-05-11T06:42:35Z,97.6,Versa 4
2026-05-11T06:43:35Z,97.7,Versa 4
2026-05-11T06:44:35Z,97.6,Versa 4
2026-05-11T06:45:35Z,97.7,Versa 4
2026-05-11T06:46:35Z,97.8,Versa 4
2026-05-11T06:47:35Z,97.8,Versa 4
2026-05-11T06:48:35Z,50.0,Versa 4
2026-05-11T06:49:35Z,97.7,Versa 4
2026-05-11T06:50:35Z,97.4,Versa 4
2026-05-11T06:51:35Z,97.0,Versa 4
2026-05-11T06:52:35Z,96.8,Versa 4
2026-05-11T06:53:35Z,96.6,Versa 4
2026-05-11T06:54:35Z,96.4,Versa 4
2026-05-11T06:55:35Z,96.3,Versa 4
2026-05-11T06:56:35Z,96.2,Versa 4
2026-05-11T06:57:35Z,96.2,Versa 4
2026-05-11T06:58:35Z,96.2,Versa 4
2026-05-11T06:59:35Z,96.0,Versa 4
2026-05-11T07:00:35Z,95.9,Versa 4
2026-05-11T07:01:35Z,95.8,Versa 4
2026-05-11T07:02:35Z,50.0,Versa 4
2026-05-11T07:03:35Z,96.0,Versa 4
2026-05-11T07:04:35Z,50.0,Versa 4
2026-05-11T07:05:35Z,50.0,Versa 4
2026-05-11T07:06:35Z,96.2,Versa 4
2026-05-11T07:07:35Z,95.8,Versa 4
2026-05-11T07:08:35Z,95.6,Versa 4
2026-05-11T07:09:35Z,50.0,Versa 4
2026-05-11T07:10:35Z,95.6,Versa 4
2026-05-11T07:11:35Z,94.8,Versa 4
2026-05-11T07:12:35Z,94.9,Versa 4
2026-05-11T07:13:35Z,95.7,Versa 4
2026-05-11T07:14:35Z,95.6,Versa 4
2026-05-11T07:15:35Z,96.2,Versa 4
2026-05-11T07:16:35Z,95.4,Versa 4
2026-05-11T07:17:35Z,95.3,Versa 4
2026-05-11T07:18:35Z,50.0,Versa 4
2026-05-11T07:19:35Z,50.0,Versa 4
2026-05-11T07:20:35Z,95.2,Versa 4
2026-05-11T07:21:35Z,95.4,Versa 4
2026-05-11T07:22:35Z,95.8,Versa 4
2026-05-11T07:23:35Z,96.1,Versa 4
2026-05-11T07:24:35Z,50.0,Versa 4
2026-05-11T07:25:35Z,96.3,Versa 4
2026-05-11T07:26:35Z,96.0,Versa 4
2026-05-11T07:27:35Z,95.7,Versa 4
2026-05-11T07:28:35Z,95.5,Versa 4
2026-05-11T07:29:35Z,95.2,Versa 4
2026-05-11T07:30:35Z,95.0,Versa 4
2026-05-11T07:31:35Z,93.5,Versa 4
2026-05-11T07:32:35Z,92.5,Versa 4
2026-05-11T07:33:35Z,91.4,Versa 4
2026-05-11T07:34:35Z,90.7,Versa 4
2026-05-11T07:35:35Z,91.0,Versa 4
2026-05-11T07:36:35Z,94.6,Versa 4
2026-05-11T07:37:35Z,96.4,Versa 4
2026-05-11T07:38:35Z,97.6,Versa 4
2026-05-11T07:39:35Z,98.4,Versa 4
2026-05-11T07:40:35Z,97.9,Versa 4
2026-05-11T07:41:35Z,96.6,Versa 4
2026-05-11T07:42:35Z,50.0,Versa 4
2026-05-11T07:43:35Z,97.3,Versa 4
2026-05-11T07:44:35Z,98.0,Versa 4
2026-05-11T07:45:35Z,98.7,Versa 4
2026-05-11T07:46:35Z,98.1,Versa 4
2026-05-11T07:47:35Z,98.1,Versa 4
2026-05-11T07:48:35Z,98.3,Versa 4
2026-05-11T07:49:35Z,98.8,Versa 4
2026-05-11T07:50:35Z,98.4,Versa 4
2026-05-11T07:51:35Z,99.2,Versa 4
2026-05-11T07:52:35Z,99.0,Versa 4
2026-05-11T07:53:35Z,99.5,Versa 4
2026-05-11T07:54:35Z,50.0,Versa 4
2026-05-11T07:55:35Z,97.2,Versa 4
2026-05-11T07:56:35Z,50.0,Versa 4
2026-05-11T07:57:35Z,95.6,Versa 4
2026-05-11T07:58:35Z,96.6,Versa 4
2026-05-11T07:59:35Z,50.0,Versa 4
2026-05-11T08:00:35Z,98.2,Versa 4
2026-05-11T08:01:35Z,50.0,Versa 4
2026-05-11T08:02:35Z,50.0,Versa 4
2026-05-11T08:03:35Z,98.6,Versa 4
2026-05-11T08:04:35Z,99.2,Versa 4
2026-05-11T08:05:35Z,50.0,Versa 4
2026-05-11T08:06:35Z,99.1,Versa 4
2026-05-11T08:07:35Z,97.9,Versa 4
2026-05-11T08:08:35Z,97.0,Versa 4
2026-05-11T08:09:35Z,96.4,Versa 4
2026-05-11T08:10:35Z,96.1,Versa 4
2026-05-11T08:11:35Z,96.0,Versa 4
2026-05-11T08:12:35Z,96.1,Versa 4
2026-05-11T08:13:35Z,96.2,Versa 4
2026-05-11T08:14:35Z,50.0,Versa 4
2026-05-11T08:15:35Z,50.0,Versa 4
2026-05-11T08:16:35Z,50.0,Versa 4
2026-05-11T08:17:35Z,50.0,Versa 4
2026-05-11T08:18:35Z,50.0,Versa 4
2026-05-11T08:19:35Z,50.0,Versa 4
2026-05-11T08:20:35Z,96.0,Versa 4
2026-05-11T08:21:35Z,96.2,Versa 4
2026-05-11T08:22:35Z,50.0,Versa 4
2026-05-11T08:23:35Z,95.6,Versa 4
2026-05-11T08:24:35Z,95.5,Versa 4
2026-05-11T08:25:35Z,94.7,Versa 4
2026-05-11T08:26:35Z,50.0,Versa 4
2026-05-11T08:27:35Z,94.7,Versa 4
2026-05-11T08:28:35Z,50.0,Versa 4
2026-05-11T08:29:35Z,95.2,Versa 4
2026-05-11T08:30:35Z,94.8,Versa 4
2026-05-11T08:31:35Z,92.6,Versa 4
2026-05-11T08:32:35Z,50.0,Versa 4
2026-05-11T08:33:35Z,92.1,Versa 4
2026-05-11T08:34:35Z,92.2,Versa 4
2026-05-11T08:35:35Z,50.0,Versa 4
2026-05-11T08:36:35Z,91.8,Versa 4
2026-05-11T08:37:35Z,92.6,Versa 4
2026-05-11T08:38:35Z,93.9,Versa 4
2026-05-11T08:39:35Z,50.0,Versa 4
2026-05-11T08:40:35Z,50.0,Versa 4
2026-05-11T08:41:35Z,50.0,Versa 4
2026-05-11T08:42:35Z,50.0,Versa 4
2026-05-11T08:43:35Z,50.0,Versa 4
2026-05-11T09:38:39Z,97.3,Versa 4
2026-05-11T09:39:39Z,50.0,Versa 4
2026-05-11T09:40:39Z,98.6,Versa 4
2026-05-11T09:41:39Z,98.8,Versa 4
2026-05-11T09:42:39Z,50.0,Versa 4
2026-05-11T09:43:39Z,50.0,Versa 4
2026-05-11T22:11:10Z,50.0,Versa 4
2026-05-11T22:12:10Z,86.1,Versa 4
2026-05-11T22:13:10Z,88.4,Versa 4
2026-05-11T22:14:10Z,93.7,Versa 4
2026-05-11T22:15:10Z,96.8,Versa 4
2026-05-11T22:16:10Z,98.4,Versa 4
2026-05-11T22:17:10Z,50.0,Versa 4
2026-05-11T22:18:10Z,99.1,Versa 4
2026-05-11T22:19:10Z,50.0,Versa 4
2026-05-11T22:20:10Z,50.0,Versa 4
2026-05-11T22:21:10Z,99.2,Versa 4
2026-05-11T22:22:10Z,99.2,Versa 4
2026-05-11T22:23:10Z,50.0,Versa 4
2026-05-11T22:24:10Z,99.0,Versa 4
2026-05-11T22:25:10Z,50.0,Versa 4
2026-05-11T22:26:10Z,50.0,Versa 4
2026-05-11T22:27:10Z,98.8,Versa 4
2026-05-11T22:28:10Z,50.0,Versa 4
2026-05-11T22:29:10Z,98.4,Versa 4
2026-05-11T22:30:10Z,98.2,Versa 4
2026-05-11T22:31:10Z,50.0,Versa 4
2026-05-11T22:32:10Z,50.0,Versa 4
2026-05-11T22:33:10Z,50.0,Versa 4
2026-05-11T22:34:10Z,98.4,Versa 4
2026-05-11T22:35:10Z,97.7,Versa 4
2026-05-11T22:36:10Z,95.5,Versa 4
2026-05-11T22:37:10Z,94.2,Versa 4
2026-05-11T22:38:10Z,50.0,Versa 4
2026-05-11T22:39:10Z,50.0,Versa 4
2026-05-11T22:40:10Z,50.0,Versa 4
2026-05-11T23:22:39Z,96.7,Versa 4
2026-05-11T23:23:39Z,97.7,Versa 4
2026-05-11T23:24:39Z,98.2,Versa 4
2026-05-11T23:25:39Z,98.5,Versa 4
2026-05-11T23:26:39Z,98.7,Versa 4
2026-05-11T23:27:39Z,98.7,Versa 4
2026-05-11T23:28:39Z,98.7,Versa 4
2026-05-11T23:29:39Z,98.8,Versa 4
2026-05-11T23:30:39Z,98.8,Versa 4
2026-05-11T23:31:39Z,98.9,Versa 4
2026-05-11T23:32:39Z,98.9,Versa 4
2026-05-11T23:33:39Z,98.9,Versa 4
2026-05-11T23:34:39Z,50.0,Versa 4
2026-05-11T23:35:39Z,99.0,Versa 4
2026-05-11T23:36:39Z,99.1,Versa 4
2026-05-11T23:37:39Z,99.1,Versa 4
2026-05-11T23:38:39Z,99.0,Versa 4
2026-05-11T23:39:39Z,98.9,Versa 4
2026-05-11T23:40:39Z,50.0,Versa 4
2026-05-11T23:41:39Z,98.7,Versa 4
2026-05-11T23:42:39Z,99.0,Versa 4
2026-05-11T23:43:39Z,99.3,Versa 4
2026-05-11T23:44:39Z,99.0,Versa 4
2026-05-11T23:45:39Z,97.9,Versa 4
2026-05-11T23:46:39Z,96.7,Versa 4
2026-05-11T23:47:39Z,95.5,Versa 4
2026-05-11T23:48:39Z,94.5,Versa 4
2026-05-11T23:49:39Z,93.7,Versa 4
2026-05-11T23:50:39Z,93.3,Versa 4
2026-05-11T23:51:39Z,92.5,Versa 4
2026-05-11T23:52:39Z,92.4,Versa 4
2026-05-11T23:53:39Z,92.4,Versa 4
2026-05-11T23:54:39Z,92.3,Versa 4
2026-05-11T23:55:39Z,92.2,Versa 4
2026-05-11T23:56:39Z,92.0,Versa 4
2026-05-11T23:57:39Z,91.7,Versa 4
2026-05-11T23:58:39Z,91.4,Versa 4
2026-05-11T23:59:39Z,91.4,Versa 4
2026-05-12T00:00:39Z,90.7,Versa 4
2026-05-12T00:01:39Z,90.9,Versa 4
2026-05-12T00:02:39Z,90.8,Versa 4
2026-05-12T00:03:39Z,90.7,Versa 4
2026-05-12T00:04:39Z,90.4,Versa 4
2026-05-12T00:05:39Z,50.0,Versa 4
2026-05-12T00:06:39Z,89.4,Versa 4
2026-05-12T00:07:39Z,89.2,Versa 4
2026-05-12T00:08:39Z,89.3,Versa 4
2026-05-12T00:09:39Z,89.2,Versa 4
2026-05-12T00:10:39Z,89.7,Versa 4
2026-05-12T00:11:39Z,90.0,Versa 4
2026-05-12T00:12:39Z,90.6,Versa 4
2026-05-12T00:13:39Z,93.8,Versa 4
2026-05-12T00:14:39Z,95.9,Versa 4
2026-05-12T00:15:39Z,97.1,Versa 4
2026-05-12T00:16:39Z,97.7,Versa 4
2026-05-12T00:17:39Z,98.0,Versa 4
2026-05-12T00:18:39Z,98.1,Versa 4
2026-05-12T00:19:39Z,98.3,Versa 4
2026-05-12T00:20:39Z,98.4,Versa 4
2026-05-12T00:21:39Z,98.5,Versa 4
2026-05-12T00:22:39Z,98.6,Versa 4
2026-05-12T00:23:39Z,98.6,Versa 4
2026-05-12T00:24:39Z,98.7,Versa 4
2026-05-12T00:25:39Z,98.7,Versa 4
2026-05-12T00:26:39Z,50.0,Versa 4
2026-05-12T00:27:39Z,98.7,Versa 4
2026-05-12T00:28:39Z,98.7,Versa 4
2026-05-12T00:29:39Z,98.7,Versa 4
2026-05-12T00:30:39Z,98.8,Versa 4
2026-05-12T00:31:39Z,98.8,Versa 4
2026-05-12T00:32:39Z,98.7,Versa 4
2026-05-12T00:33:39Z,98.7,Versa 4
2026-05-12T00:34:39Z,98.7,Versa 4
2026-05-12T00:35:39Z,98.6,Versa 4
2026-05-12T00:36:39Z,98.6,Versa 4
2026-05-12T00:37:39Z,98.6,Versa 4
2026-05-12T00:38:39Z,98.6,Versa 4
2026-05-12T00:39:39Z,98.5,Versa 4
2026-05-12T00:40:39Z,98.4,Versa 4
2026-05-12T00:41:39Z,98.4,Versa 4
2026-05-12T00:42:39Z,98.4,Versa 4
2026-05-12T00:43:39Z,98.4,Versa 4
2026-05-12T00:44:39Z,98.3,Versa 4
2026-05-12T00:45:39Z,98.3,Versa 4
2026-05-12T00:46:39Z,98.2,Versa 4
2026-05-12T00:47:39Z,98.0,Versa 4
2026-05-12T00:48:39Z,98.0,Versa 4
2026-05-12T00:49:39Z,98.1,Versa 4
2026-05-12T00:50:39Z,97.7,Versa 4
2026-05-12T00:51:39Z,97.4,Versa 4
2026-05-12T00:52:39Z,97.4,Versa 4
2026-05-12T00:53:39Z,97.4,Versa 4
2026-05-12T00:54:39Z,97.3,Versa 4
2026-05-12T00:55:39Z,97.1,Versa 4
2026-05-12T00:56:39Z,97.0,Versa 4
2026-05-12T00:57:39Z,96.4,Versa 4
2026-05-12T00:58:39Z,96.1,Versa 4
2026-05-12T00:59:39Z,95.6,Versa 4
2026-05-12T01:00:39Z,95.5,Versa 4
2026-05-12T01:01:39Z,95.8,Versa 4
2026-05-12T01:02:39Z,95.4,Versa 4
2026-05-12T01:03:39Z,94.9,Versa 4
2026-05-12T01:04:39Z,94.4,Versa 4
2026-05-12T01:05:39Z,94.0,Versa 4
2026-05-12T01:06:39Z,94.5,Versa 4
2026-05-12T01:07:39Z,94.4,Versa 4
2026-05-12T01:08:39Z,93.9,Versa 4
2026-05-12T01:09:39Z,94.5,Versa 4
2026-05-12T01:10:39Z,94.6,Versa 4
2026-05-12T01:11:39Z,94.9,Versa 4
2026-05-12T01:12:39Z,94.2,Versa 4
2026-05-12T01:13:39Z,94.5,Versa 4
2026-05-12T01:14:39Z,93.8,Versa 4
2026-05-12T01:15:39Z,94.6,Versa 4
2026-05-12T01:16:39Z,94.9,Versa 4
2026-05-12T01:17:39Z,94.3,Versa 4
2026-05-12T01:18:39Z,95.0,Versa 4
2026-05-12T01:19:39Z,95.3,Versa 4
2026-05-12T01:20:39Z,94.9,Versa 4
2026-05-12T01:21:39Z,50.0,Versa 4
2026-05-12T01:22:39Z,95.6,Versa 4
2026-05-12T01:23:39Z,97.3,Versa 4
2026-05-12T01:24:39Z,98.2,Versa 4
2026-05-12T01:25:39Z,98.5,Versa 4
2026-05-12T01:26:39Z,98.4,Versa 4
2026-05-12T01:27:39Z,98.3,Versa 4
2026-05-12T01:28:39Z,98.3,Versa 4
2026-05-12T01:29:39Z,98.4,Versa 4
2026-05-12T01:30:39Z,98.3,Versa 4
2026-05-12T01:31:39Z,98.4,Versa 4
2026-05-12T01:32:39Z,50.0,Versa 4
2026-05-12T01:33:39Z,98.8,Versa 4
2026-05-12T01:34:39Z,99.0,Versa 4
2026-05-12T01:35:39Z,99.2,Versa 4
2026-05-12T01:36:39Z,99.2,Versa 4
2026-05-12T01:37:39Z,99.4,Versa 4
2026-05-12T01:38:39Z,99.6,Versa 4
2026-05-12T01:39:39Z,99.7,Versa 4
2026-05-12T01:40:39Z,99.8,Versa 4
2026-05-12T01:41:39Z,99.9,Versa 4
2026-05-12T01:42:39Z,100.0,Versa 4
2026-05-12T01:43:39Z,100.0,Versa 4
2026-05-12T01:44:39Z,100.0,Versa 4
2026-05-12T01:45:39Z,100.0,Versa 4
2026-05-12T01:46:39Z,99.8,Versa 4
2026-05-12T01:47:39Z,99.6,Versa 4
2026-05-12T01:48:39Z,99.6,Versa 4
2026-05-12T01:49:39Z,99.6,Versa 4
2026-05-12T01:50:39Z,99.6,Versa 4
2026-05-12T01:51:39Z,99.6,Versa 4
2026-05-12T01:52:39Z,99.8,Versa 4
2026-05-12T01:53:39Z,100.0,Versa 4
2026-05-12T01:54:39Z,100.0,Versa 4
2026-05-12T01:55:39Z,100.0,Versa 4
2026-05-12T01:56:39Z,100.0,Versa 4
2026-05-12T01:57:39Z,100.0,Versa 4
2026-05-12T01:58:39Z,100.0,Versa 4
2026-05-12T01:59:39Z,100.0,Versa 4
2026-05-12T02:00:39Z,100.0,Versa 4
2026-05-12T02:01:39Z,99.9,Versa 4
2026-05-12T02:02:39Z,99.9,Versa 4
2026-05-12T02:03:39Z,99.8,Versa 4
2026-05-12T02:04:39Z,99.8,Versa 4
2026-05-12T02:05:39Z,99.8,Versa 4
2026-05-12T02:06:39Z,99.8,Versa 4
2026-05-12T02:07:39Z,99.8,Versa 4
2026-05-12T02:08:39Z,99.9,Versa 4
2026-05-12T02:09:39Z,99.9,Versa 4
2026-05-12T02:10:39Z,99.9,Versa 4
2026-05-12T02:11:39Z,99.9,Versa 4
2026-05-12T02:12:39Z,99.9,Versa 4
2026-05-12T02:13:39Z,99.9,Versa 4
2026-05-12T02:14:39Z,99.9,Versa 4
2026-05-12T02:15:39Z,99.9,Versa 4
2026-05-12T02:16:39Z,99.9,Versa 4
2026-05-12T02:17:39Z,100.0,Versa 4
2026-05-12T02:18:39Z,99.9,Versa 4
2026-05-12T02:19:39Z,99.8,Versa 4
2026-05-12T02:20:39Z,99.7,Versa 4
2026-05-12T02:21:39Z,99.8,Versa 4
2026-05-12T02:22:39Z,99.8,Versa 4
2026-05-12T02:23:39Z,99.9,Versa 4
2026-05-12T02:24:39Z,99.9,Versa 4
2026-05-12T02:25:39Z,99.9,Versa 4
2026-05-12T02:26:39Z,100.0,Versa 4
2026-05-12T02:27:39Z,100.0,Versa 4
2026-05-12T02:28:39Z,100.0,Versa 4
2026-05-12T02:29:39Z,100.0,Versa 4
2026-05-12T02:30:39Z,50.0,Versa 4
2026-05-12T02:31:39Z,100.0,Versa 4
2026-05-12T02:32:39Z,100.0,Versa 4
2026-05-12T02:33:39Z,98.7,Versa 4
2026-05-12T02:34:39Z,95.1,Versa 4
2026-05-12T02:35:39Z,89.5,Versa 4
2026-05-12T02:36:39Z,87.0,Versa 4
2026-05-12T02:37:39Z,85.6,Versa 4
2026-05-12T02:38:39Z,84.2,Versa 4
2026-05-12T02:39:39Z,83.2,Versa 4
2026-05-12T02:40:39Z,82.2,Versa 4
2026-05-12T02:41:39Z,81.9,Versa 4
2026-05-12T02:42:39Z,81.2,Versa 4
2026-05-12T02:43:39Z,80.9,Versa 4
2026-05-12T02:44:39Z,80.8,Versa 4
2026-05-12T02:45:39Z,80.8,Versa 4
2026-05-12T02:46:39Z,80.7,Versa 4
2026-05-12T02:47:39Z,80.4,Versa 4
2026-05-12T02:48:39Z,80.2,Versa 4
2026-05-12T02:49:39Z,81.1,Versa 4
2026-05-12T02:50:39Z,80.2,Versa 4
2026-05-12T02:51:39Z,79.5,Versa 4
2026-05-12T02:52:39Z,79.6,Versa 4
2026-05-12T02:53:39Z,79.6,Versa 4
2026-05-12T02:54:39Z,80.3,Versa 4
2026-05-12T02:55:39Z,79.9,Versa 4
2026-05-12T02:56:39Z,80.1,Versa 4
2026-05-12T02:57:39Z,80.1,Versa 4
2026-05-12T02:58:39Z,80.2,Versa 4
2026-05-12T02:59:39Z,80.2,Versa 4
2026-05-12T03:00:39Z,80.8,Versa 4
2026-05-12T03:01:39Z,81.7,Versa 4
2026-05-12T03:02:39Z,81.8,Versa 4
2026-05-12T03:03:39Z,50.0,Versa 4
2026-05-12T03:04:39Z,85.6,Versa 4
2026-05-12T03:05:39Z,50.0,Versa 4
2026-05-12T03:06:39Z,88.6,Versa 4
2026-05-12T03:07:39Z,50.0,Versa 4
2026-05-12T03:08:39Z,92.0,Versa 4
2026-05-12T03:09:39Z,95.8,Versa 4
2026-05-12T03:10:39Z,97.6,Versa 4
2026-05-12T03:11:39Z,98.7,Versa 4
2026-05-12T03:12:39Z,99.3,Versa 4
2026-05-12T03:13:39Z,99.5,Versa 4
2026-05-12T03:14:39Z,99.7,Versa 4
2026-05-12T03:15:39Z,99.8,Versa 4
2026-05-12T03:16:39Z,99.7,Versa 4
2026-05-12T03:17:39Z,99.8,Versa 4
2026-05-12T03:18:39Z,50.0,Versa 4
2026-05-12T03:19:39Z,99.6,Versa 4
2026-05-12T03:20:39Z,99.6,Versa 4
2026-05-12T03:21:39Z,99.4,Versa 4
2026-05-12T03:22:39Z,99.3,Versa 4
2026-05-12T03:23:39Z,97.8,Versa 4
2026-05-12T03:24:39Z,96.7,Versa 4
2026-05-12T03:25:39Z,96.8,Versa 4
2026-05-12T03:26:39Z,94.9,Versa 4
2026-05-12T03:27:39Z,95.5,Versa 4
2026-05-12T03:28:39Z,50.0,Versa 4
2026-05-12T03:29:39Z,95.5,Versa 4
2026-05-12T03:30:39Z,97.5,Versa 4
2026-05-12T03:31:39Z,98.4,Versa 4
2026-05-12T03:32:39Z,98.7,Versa 4
2026-05-12T03:33:39Z,50.0,Versa 4
2026-05-12T03:34:39Z,98.7,Versa 4
2026-05-12T03:35:39Z,98.9,Versa 4
2026-05-12T03:36:39Z,98.9,Versa 4
2026-05-12T03:37:39Z,99.0,Versa 4
2026-05-12T03:38:39Z,98.9,Versa 4
2026-05-12T03:39:39Z,98.8,Versa 4
2026-05-12T03:40:39Z,98.8,Versa 4
2026-05-12T03:41:39Z,98.8,Versa 4
2026-05-12T03:42:39Z,98.9,Versa 4
2026-05-12T03:43:39Z,98.9,Versa 4
2026-05-12T03:44:39Z,99.1,Versa 4
2026-05-12T03:45:39Z,99.1,Versa 4
2026-05-12T03:46:39Z,99.1,Versa 4
2026-05-12T03:47:39Z,99.1,Versa 4
2026-05-12T03:48:39Z,99.2,Versa 4
2026-05-12T03:49:39Z,50.0,Versa 4
2026-05-12T03:50:39Z,99.1,Versa 4
2026-05-12T03:51:39Z,98.8,Versa 4
2026-05-12T03:52:39Z,98.5,Versa 4
2026-05-12T03:53:39Z,98.3,Versa 4
2026-05-12T03:54:39Z,98.4,Versa 4
2026-05-12T03:55:39Z,98.7,Versa 4
2026-05-12T03:56:39Z,98.8,Versa 4
2026-05-12T03:57:39Z,98.6,Versa 4
2026-05-12T03:58:39Z,98.6,Versa 4
2026-05-12T03:59:39Z,98.5,Versa 4
2026-05-12T04:00:39Z,50.0,Versa 4
2026-05-12T04:01:39Z,98.3,Versa 4
2026-05-12T04:02:39Z,98.2,Versa 4
2026-05-12T04:03:39Z,98.2,Versa 4
2026-05-12T04:04:39Z,98.3,Versa 4
2026-05-12T04:05:39Z,98.3,Versa 4
2026-05-12T04:06:39Z,98.3,Versa 4
2026-05-12T04:07:39Z,98.3,Versa 4
2026-05-12T04:08:39Z,98.3,Versa 4
2026-05-12T04:09:39Z,98.3,Versa 4
2026-05-12T04:10:39Z,98.4,Versa 4
2026-05-12T04:11:39Z,98.4,Versa 4
2026-05-12T04:12:39Z,98.4,Versa 4
2026-05-12T04:13:39Z,98.4,Versa 4
2026-05-12T04:14:39Z,98.4,Versa 4
2026-05-12T04:15:39Z,98.4,Versa 4
2026-05-12T04:16:39Z,98.5,Versa 4
2026-05-12T04:17:39Z,98.5,Versa 4
2026-05-12T04:18:39Z,98.5,Versa 4
2026-05-12T04:19:39Z,98.5,Versa 4
2026-05-12T04:20:39Z,98.5,Versa 4
2026-05-12T04:21:39Z,98.5,Versa 4
2026-05-12T04:22:39Z,98.5,Versa 4
2026-05-12T04:23:39Z,98.5,Versa 4
2026-05-12T04:24:39Z,98.5,Versa 4
2026-05-12T04:25:39Z,98.5,Versa 4
2026-05-12T04:26:39Z,98.5,Versa 4
2026-05-12T04:27:39Z,98.6,Versa 4
2026-05-12T04:28:39Z,98.6,Versa 4
2026-05-12T04:29:39Z,98.6,Versa 4
2026-05-12T04:30:39Z,98.6,Versa 4
2026-05-12T04:31:39Z,98.6,Versa 4
2026-05-12T04:32:39Z,98.6,Versa 4
2026-05-12T04:33:39Z,98.6,Versa 4
2026-05-12T04:34:39Z,98.6,Versa 4
2026-05-12T04:35:39Z,98.6,Versa 4
2026-05-12T04:36:39Z,98.6,Versa 4
2026-05-12T04:37:39Z,98.6,Versa 4
2026-05-12T04:38:39Z,98.6,Versa 4
2026-05-12T04:39:39Z,98.5,Versa 4
2026-05-12T04:40:39Z,98.5,Versa 4
2026-05-12T04:41:39Z,98.5,Versa 4
2026-05-12T04:42:39Z,98.6,Versa 4
2026-05-12T04:43:39Z,98.5,Versa 4
2026-05-12T04:44:39Z,98.5,Versa 4
2026-05-12T04:45:39Z,98.5,Versa 4
2026-05-12T04:46:39Z,98.6,Versa 4
2026-05-12T04:47:39Z,98.6,Versa 4
2026-05-12T04:48:39Z,98.5,Versa 4
2026-05-12T04:49:39Z,50.0,Versa 4
2026-05-12T04:50:39Z,98.5,Versa 4
2026-05-12T04:51:39Z,50.0,Versa 4
2026-05-12T04:52:39Z,50.0,Versa 4
2026-05-12T04:53:39Z,50.0,Versa 4
2026-05-12T04:54:39Z,50.0,Versa 4
2026-05-12T04:55:39Z,98.6,Versa 4
2026-05-12T04:56:39Z,50.0,Versa 4
2026-05-12T04:57:39Z,98.7,Versa 4
2026-05-12T04:58:39Z,98.8,Versa 4
2026-05-12T04:59:39Z,98.8,Versa 4
2026-05-12T05:00:39Z,98.9,Versa 4
2026-05-12T05:01:39Z,98.9,Versa 4
2026-05-12T05:02:39Z,99.0,Versa 4
2026-05-12T05:03:39Z,50.0,Versa 4
2026-05-12T05:04:39Z,99.0,Versa 4
2026-05-12T05:05:39Z,99.0,Versa 4
2026-05-12T05:06:39Z,50.0,Versa 4
2026-05-12T05:07:39Z,98.8,Versa 4
2026-05-12T05:08:39Z,50.0,Versa 4
2026-05-12T05:09:39Z,98.7,Versa 4
2026-05-12T05:10:39Z,98.6,Versa 4
2026-05-12T05:11:39Z,98.6,Versa 4
2026-05-12T05:12:39Z,98.6,Versa 4
2026-05-12T05:13:39Z,50.0,Versa 4
2026-05-12T05:14:39Z,50.0,Versa 4
2026-05-12T05:15:39Z,98.6,Versa 4
2026-05-12T05:16:39Z,50.0,Versa 4
2026-05-12T05:17:39Z,98.6,Versa 4
2026-05-12T05:18:39Z,98.8,Versa 4
2026-05-12T05:19:39Z,99.0,Versa 4
2026-05-12T05:20:39Z,99.2,Versa 4
2026-05-12T05:21:39Z,99.4,Versa 4
2026-05-12T05:22:39Z,50.0,Versa 4
2026-05-12T05:23:39Z,99.6,Versa 4
2026-05-12T05:24:39Z,99.5,Versa 4
2026-05-12T05:25:39Z,99.5,Versa 4
2026-05-12T05:26:39Z,50.0,Versa 4
2026-05-12T05:27:39Z,99.0,Versa 4
2026-05-12T05:28:39Z,99.0,Versa 4
2026-05-12T05:29:39Z,99.1,Versa 4
2026-05-12T05:30:39Z,50.0,Versa 4
2026-05-12T05:31:39Z,50.0,Versa 4
2026-05-12T05:32:39Z,99.3,Versa 4
2026-05-12T05:33:39Z,99.4,Versa 4
2026-05-12T05:34:39Z,99.8,Versa 4
2026-05-12T05:35:39Z,99.9,Versa 4
2026-05-12T05:36:39Z,99.9,Versa 4
2026-05-12T05:37:39Z,99.9,Versa 4
2026-05-12T05:38:39Z,99.9,Versa 4
2026-05-12T05:39:39Z,99.9,Versa 4
2026-05-12T05:40:39Z,50.0,Versa 4
2026-05-12T05:41:39Z,99.9,Versa 4
2026-05-12T05:42:39Z,50.0,Versa 4
2026-05-12T05:43:39Z,50.0,Versa 4
2026-05-12T05:44:39Z,99.5,Versa 4
2026-05-12T05:45:39Z,99.6,Versa 4
2026-05-12T05:46:39Z,50.0,Versa 4
2026-05-12T05:47:39Z,99.4,Versa 4
2026-05-12T05:48:39Z,50.0,Versa 4
2026-05-12T05:49:39Z,99.3,Versa 4
2026-05-12T05:50:39Z,99.1,Versa 4
2026-05-12T05:51:39Z,50.0,Versa 4
2026-05-12T05:52:39Z,50.0,Versa 4
2026-05-12T05:53:39Z,98.9,Versa 4
2026-05-12T05:54:39Z,98.8,Versa 4
2026-05-12T05:55:39Z,98.6,Versa 4
2026-05-12T05:56:39Z,98.7,Versa 4
2026-05-12T05:57:39Z,98.7,Versa 4
2026-05-12T05:58:39Z,98.8,Versa 4
2026-05-12T05:59:39Z,98.9,Versa 4
2026-05-12T06:00:39Z,98.9,Versa 4
2026-05-12T06:01:39Z,98.8,Versa 4
2026-05-12T06:02:39Z,98.8,Versa 4
2026-05-12T06:03:39Z,50.0,Versa 4
2026-05-12T06:04:39Z,98.8,Versa 4
2026-05-12T06:05:39Z,98.9,Versa 4
2026-05-12T06:06:39Z,99.0,Versa 4
2026-05-12T06:07:39Z,50.0,Versa 4
2026-05-12T06:08:39Z,50.0,Versa 4
2026-05-12T06:09:39Z,50.0,Versa 4
2026-05-12T06:10:39Z,98.9,Versa 4
2026-05-12T06:11:39Z,50.0,Versa 4
2026-05-12T06:12:39Z,98.5,Versa 4
2026-05-12T06:13:39Z,98.3,Versa 4
2026-05-12T06:14:39Z,98.2,Versa 4
2026-05-12T06:15:39Z,98.4,Versa 4
2026-05-12T06:16:39Z,98.5,Versa 4
2026-05-12T06:17:39Z,98.5,Versa 4
2026-05-12T06:18:39Z,98.5,Versa 4
2026-05-12T06:19:39Z,98.5,Versa 4
2026-05-12T06:20:39Z,98.5,Versa 4
2026-05-12T06:21:39Z,50.0,Versa 4
2026-05-12T06:22:39Z,50.0,Versa 4
2026-05-12T06:23:39Z,98.6,Versa 4
2026-05-12T06:24:39Z,98.5,Versa 4
2026-05-12T06:25:39Z,50.0,Versa 4
2026-05-12T06:26:39Z,50.0,Versa 4
2026-05-12T06:27:39Z,98.6,Versa 4
2026-05-12T06:28:39Z,98.8,Versa 4
2026-05-12T06:29:39Z,50.0,Versa 4
2026-05-12T06:30:39Z,99.0,Versa 4
2026-05-12T06:31:39Z,99.4,Versa 4
2026-05-12T06:32:39Z,98.0,Versa 4
2026-05-12T06:33:39Z,50.0,Versa 4
2026-05-12T06:34:39Z,50.0,Versa 4
2026-05-12T06:35:39Z,97.7,Versa 4
2026-05-12T06:36:39Z,98.1,Versa 4
2026-05-12T06:37:39Z,98.1,Versa 4
2026-05-12T06:38:39Z,98.4,Versa 4
2026-05-12T06:39:39Z,98.2,Versa 4
2026-05-12T06:40:39Z,97.8,Versa 4
2026-05-12T06:41:39Z,97.3,Versa 4
2026-05-12T06:42:39Z,97.9,Versa 4
2026-05-12T06:43:39Z,50.0,Versa 4
2026-05-12T06:44:39Z,50.0,Versa 4
2026-05-12T06:45:39Z,98.8,Versa 4
2026-05-12T06:46:39Z,99.3,Versa 4
2026-05-12T06:47:39Z,50.0,Versa 4
2026-05-12T06:48:39Z,99.1,Versa 4
2026-05-12T06:49:39Z,98.9,Versa 4
2026-05-12T06:50:39Z,98.6,Versa 4
2026-05-12T06:51:39Z,98.5,Versa 4
2026-05-12T06:52:39Z,98.6,Versa 4
2026-05-12T06:53:39Z,98.7,Versa 4
2026-05-12T06:54:39Z,98.9,Versa 4
2026-05-12T06:55:39Z,98.7,Versa 4
2026-05-12T06:56:39Z,98.6,Versa 4
2026-05-12T06:57:39Z,98.7,Versa 4
2026-05-12T06:58:39Z,98.5,Versa 4
2026-05-12T06:59:39Z,98.1,Versa 4
2026-05-12T07:00:39Z,50.0,Versa 4
2026-05-12T07:01:39Z,50.0,Versa 4
2026-05-12T07:02:39Z,50.0,Versa 4
2026-05-12T07:03:39Z,50.0,Versa 4
2026-05-12T07:04:39Z,50.0,Versa 4
2026-05-12T07:05:39Z,50.0,Versa 4
2026-05-12T07:06:39Z,50.0,Versa 4
2026-05-12T07:07:39Z,50.0,Versa 4
2026-05-12T07:08:39Z,50.0,Versa 4
2026-05-12T07:09:39Z,50.0,Versa 4
2026-05-12T07:10:39Z,50.0,Versa 4
2026-05-12T07:11:39Z,50.0,Versa 4
2026-05-12T23:25:33Z,99.8,Versa 4
2026-05-12T23:26:33Z,97.4,Versa 4
2026-05-12T23:27:33Z,95.8,Versa 4
2026-05-12T23:28:33Z,95.0,Versa 4
2026-05-12T23:29:33Z,94.3,Versa 4
2026-05-12T23:30:33Z,94.0,Versa 4
2026-05-12T23:31:33Z,93.7,Versa 4
2026-05-12T23:32:33Z,93.5,Versa 4
2026-05-12T23:33:33Z,93.5,Versa 4
2026-05-12T23:34:33Z,93.5,Versa 4
2026-05-12T23:35:33Z,93.5,Versa 4
2026-05-12T23:36:33Z,93.5,Versa 4
2026-05-12T23:37:33Z,93.4,Versa 4
2026-05-12T23:38:33Z,93.4,Versa 4
2026-05-12T23:39:33Z,93.3,Versa 4
2026-05-12T23:40:33Z,93.2,Versa 4
2026-05-12T23:41:33Z,93.3,Versa 4
2026-05-12T23:42:33Z,93.2,Versa 4
2026-05-12T23:43:33Z,93.2,Versa 4
2026-05-12T23:44:33Z,93.3,Versa 4
2026-05-12T23:45:33Z,93.3,Versa 4
2026-05-12T23:46:33Z,93.3,Versa 4
2026-05-12T23:47:33Z,93.3,Versa 4
2026-05-12T23:48:33Z,93.3,Versa 4
2026-05-12T23:49:33Z,50.0,Versa 4
2026-05-12T23:50:33Z,92.5,Versa 4
2026-05-12T23:51:33Z,91.9,Versa 4
2026-05-12T23:52:33Z,91.5,Versa 4
2026-05-12T23:53:33Z,91.3,Versa 4
2026-05-12T23:54:33Z,91.2,Versa 4
2026-05-12T23:55:33Z,91.2,Versa 4
2026-05-12T23:56:33Z,91.2,Versa 4
2026-05-12T23:57:33Z,91.4,Versa 4
2026-05-12T23:58:33Z,91.3,Versa 4
2026-05-12T23:59:33Z,91.4,Versa 4
2026-05-13T00:00:33Z,91.5,Versa 4
2026-05-13T00:01:33Z,91.6,Versa 4
2026-05-13T00:02:33Z,91.8,Versa 4
2026-05-13T00:03:33Z,92.4,Versa 4
2026-05-13T00:04:33Z,92.8,Versa 4
2026-05-13T00:05:33Z,93.5,Versa 4
2026-05-13T00:06:33Z,93.8,Versa 4
2026-05-13T00:07:33Z,93.9,Versa 4
2026-05-13T00:08:33Z,93.9,Versa 4
2026-05-13T00:09:33Z,94.3,Versa 4
2026-05-13T00:10:33Z,94.7,Versa 4
2026-05-13T00:11:33Z,95.0,Versa 4
2026-05-13T00:12:33Z,95.4,Versa 4
2026-05-13T00:13:33Z,95.6,Versa 4
2026-05-13T00:14:33Z,95.8,Versa 4
2026-05-13T00:15:33Z,95.8,Versa 4
2026-05-13T00:16:33Z,50.0,Versa 4
2026-05-13T00:17:33Z,95.1,Versa 4
2026-05-13T00:18:33Z,94.1,Versa 4
2026-05-13T00:19:33Z,93.3,Versa 4
2026-05-13T00:20:33Z,92.9,Versa 4
2026-05-13T00:21:33Z,92.8,Versa 4
2026-05-13T00:22:33Z,92.7,Versa 4
2026-05-13T00:23:33Z,92.6,Versa 4
2026-05-13T00:24:33Z,92.7,Versa 4
2026-05-13T00:25:33Z,92.7,Versa 4
2026-05-13T00:26:33Z,92.7,Versa 4
2026-05-13T00:27:33Z,92.7,Versa 4
2026-05-13T00:28:33Z,92.9,Versa 4
2026-05-13T00:29:33Z,93.1,Versa 4
2026-05-13T00:30:33Z,93.4,Versa 4
2026-05-13T00:31:33Z,93.5,Versa 4
2026-05-13T00:32:33Z,93.9,Versa 4
2026-05-13T00:33:33Z,94.1,Versa 4
2026-05-13T00:34:33Z,93.8,Versa 4
2026-05-13T00:35:33Z,93.6,Versa 4
2026-05-13T00:36:33Z,93.8,Versa 4
2026-05-13T00:37:33Z,94.0,Versa 4
2026-05-13T00:38:33Z,94.2,Versa 4
2026-05-13T00:39:33Z,94.5,Versa 4
2026-05-13T00:40:33Z,94.7,Versa 4
2026-05-13T00:41:33Z,94.9,Versa 4
2026-05-13T00:42:33Z,95.2,Versa 4
2026-05-13T00:43:33Z,95.3,Versa 4
2026-05-13T00:44:33Z,95.6,Versa 4
2026-05-13T00:45:33Z,95.9,Versa 4
2026-05-13T00:46:33Z,96.0,Versa 4
2026-05-13T00:47:33Z,96.1,Versa 4
2026-05-13T00:48:33Z,96.2,Versa 4
2026-05-13T00:49:33Z,96.4,Versa 4
2026-05-13T00:50:33Z,96.4,Versa 4
2026-05-13T00:51:33Z,96.5,Versa 4
2026-05-13T00:52:33Z,96.6,Versa 4
2026-05-13T00:53:33Z,96.6,Versa 4
2026-05-13T00:54:33Z,96.6,Versa 4
2026-05-13T00:55:33Z,96.6,Versa 4
2026-05-13T00:56:33Z,96.7,Versa 4
2026-05-13T00:57:33Z,96.7,Versa 4
2026-05-13T00:58:33Z,50.0,Versa 4
2026-05-13T00:59:33Z,96.7,Versa 4
2026-05-13T01:00:33Z,96.0,Versa 4
2026-05-13T01:01:33Z,50.0,Versa 4
2026-05-13T01:02:33Z,50.0,Versa 4
2026-05-13T01:03:33Z,95.3,Versa 4
2026-05-13T01:04:33Z,94.4,Versa 4
2026-05-13T01:05:33Z,93.5,Versa 4
2026-05-13T01:06:33Z,92.6,Versa 4
2026-05-13T01:07:33Z,91.8,Versa 4
2026-05-13T01:08:33Z,91.4,Versa 4
2026-05-13T01:09:33Z,91.0,Versa 4
2026-05-13T01:10:33Z,90.7,Versa 4
2026-05-13T01:11:33Z,90.5,Versa 4
2026-05-13T01:12:33Z,90.4,Versa 4
2026-05-13T01:13:33Z,90.1,Versa 4
2026-05-13T01:14:33Z,90.0,Versa 4
2026-05-13T01:15:33Z,90.0,Versa 4
2026-05-13T01:16:33Z,89.9,Versa 4
2026-05-13T01:17:33Z,89.9,Versa 4
2026-05-13T01:18:33Z,89.9,Versa 4
2026-05-13T01:19:33Z,90.1,Versa 4
2026-05-13T01:20:33Z,90.2,Versa 4
2026-05-13T01:21:33Z,90.2,Versa 4
2026-05-13T01:22:33Z,90.7,Versa 4
2026-05-13T01:23:33Z,90.7,Versa 4
2026-05-13T01:24:33Z,90.8,Versa 4
2026-05-13T01:25:33Z,91.0,Versa 4
2026-05-13T01:26:33Z,91.0,Versa 4
2026-05-13T01:27:33Z,91.0,Versa 4
2026-05-13T01:28:33Z,91.0,Versa 4
2026-05-13T01:29:33Z,91.0,Versa 4
2026-05-13T01:30:33Z,91.0,Versa 4
2026-05-13T01:31:33Z,91.1,Versa 4
2026-05-13T01:32:33Z,91.2,Versa 4
2026-05-13T01:33:33Z,91.3,Versa 4
2026-05-13T01:34:33Z,91.4,Versa 4
2026-05-13T01:35:33Z,91.5,Versa 4
2026-05-13T01:36:33Z,91.5,Versa 4
2026-05-13T01:37:33Z,91.7,Versa 4
2026-05-13T01:38:33Z,91.7,Versa 4
2026-05-13T01:39:33Z,50.0,Versa 4
2026-05-13T01:40:33Z,50.0,Versa 4
2026-05-13T01:41:33Z,50.0,Versa 4
2026-05-13T01:42:33Z,50.0,Versa 4
2026-05-13T01:43:33Z,91.6,Versa 4
2026-05-13T01:44:33Z,92.0,Versa 4
2026-05-13T01:45:33Z,92.6,Versa 4
2026-05-13T01:46:33Z,93.7,Versa 4
2026-05-13T01:47:33Z,94.1,Versa 4
2026-05-13T01:48:33Z,94.5,Versa 4
2026-05-13T01:49:33Z,94.6,Versa 4
2026-05-13T01:50:33Z,94.3,Versa 4
2026-05-13T01:51:33Z,94.3,Versa 4
2026-05-13T01:52:33Z,94.6,Versa 4
2026-05-13T01:53:33Z,94.7,Versa 4
2026-05-13T01:54:33Z,94.9,Versa 4
2026-05-13T01:55:33Z,95.0,Versa 4
2026-05-13T01:56:33Z,95.1,Versa 4
2026-05-13T01:57:33Z,96.0,Versa 4
2026-05-13T01:58:33Z,96.1,Versa 4
2026-05-13T01:59:33Z,96.1,Versa 4
2026-05-13T02:00:33Z,95.7,Versa 4
2026-05-13T02:01:33Z,95.6,Versa 4
2026-05-13T02:02:33Z,95.6,Versa 4
2026-05-13T02:03:33Z,96.0,Versa 4
2026-05-13T02:04:33Z,94.5,Versa 4
2026-05-13T02:05:33Z,50.0,Versa 4
2026-05-13T02:06:33Z,50.0,Versa 4
2026-05-13T02:07:33Z,93.1,Versa 4
2026-05-13T02:08:33Z,93.1,Versa 4
2026-05-13T02:09:33Z,93.2,Versa 4
2026-05-13T02:10:33Z,93.3,Versa 4
2026-05-13T02:11:33Z,93.3,Versa 4
2026-05-13T02:12:33Z,93.4,Versa 4
2026-05-13T02:13:33Z,93.5,Versa 4
2026-05-13T02:14:33Z,93.6,Versa 4
2026-05-13T02:15:33Z,93.7,Versa 4
2026-05-13T02:16:33Z,93.8,Versa 4
2026-05-13T02:17:33Z,93.9,Versa 4
2026-05-13T02:18:33Z,94.0,Versa 4
2026-05-13T02:19:33Z,94.2,Versa 4
2026-05-13T02:20:33Z,94.3,Versa 4
2026-05-13T02:21:33Z,94.3,Versa 4
2026-05-13T02:22:33Z,94.5,Versa 4
2026-05-13T02:23:33Z,94.6,Versa 4
2026-05-13T02:24:33Z,94.7,Versa 4
2026-05-13T02:25:33Z,94.8,Versa 4
2026-05-13T02:26:33Z,94.8,Versa 4
2026-05-13T02:27:33Z,94.7,Versa 4
2026-05-13T02:28:33Z,50.0,Versa 4
2026-05-13T02:29:33Z,50.0,Versa 4
2026-05-13T02:30:33Z,95.0,Versa 4
2026-05-13T02:31:33Z,95.6,Versa 4
2026-05-13T02:32:33Z,95.9,Versa 4
2026-05-13T02:33:33Z,96.3,Versa 4
2026-05-13T02:34:33Z,96.8,Versa 4
2026-05-13T02:35:33Z,97.4,Versa 4
2026-05-13T02:36:33Z,98.3,Versa 4
2026-05-13T02:37:33Z,98.6,Versa 4
2026-05-13T02:38:33Z,99.1,Versa 4
2026-05-13T02:39:33Z,98.5,Versa 4
2026-05-13T02:40:33Z,95.5,Versa 4
2026-05-13T02:41:33Z,90.1,Versa 4
2026-05-13T02:42:33Z,86.1,Versa 4
2026-05-13T02:43:33Z,84.1,Versa 4
2026-05-13T02:44:33Z,82.5,Versa 4
2026-05-13T02:45:33Z,81.7,Versa 4
2026-05-13T02:46:33Z,81.8,Versa 4
2026-05-13T02:47:33Z,81.8,Versa 4
2026-05-13T02:48:33Z,81.7,Versa 4
2026-05-13T02:49:33Z,50.0,Versa 4
2026-05-13T02:50:33Z,50.0,Versa 4
2026-05-13T02:51:33Z,85.5,Versa 4
2026-05-13T02:52:33Z,90.8,Versa 4
2026-05-13T02:53:33Z,93.9,Versa 4
2026-05-13T02:54:33Z,95.6,Versa 4
2026-05-13T02:55:33Z,96.8,Versa 4
2026-05-13T02:56:33Z,97.3,Versa 4
2026-05-13T02:57:33Z,97.6,Versa 4
2026-05-13T02:58:33Z,97.8,Versa 4
2026-05-13T02:59:33Z,97.9,Versa 4
2026-05-13T03:00:33Z,98.1,Versa 4
2026-05-13T03:01:33Z,98.1,Versa 4
2026-05-13T03:02:33Z,98.1,Versa 4
2026-05-13T03:03:33Z,50.0,Versa 4
2026-05-13T03:04:33Z,97.4,Versa 4
2026-05-13T03:05:33Z,97.3,Versa 4
2026-05-13T03:06:33Z,97.2,Versa 4
2026-05-13T03:07:33Z,97.1,Versa 4
2026-05-13T03:08:33Z,50.0,Versa 4
2026-05-13T03:09:33Z,96.8,Versa 4
2026-05-13T03:10:33Z,97.2,Versa 4
2026-05-13T03:11:33Z,97.5,Versa 4
2026-05-13T03:12:33Z,97.7,Versa 4
2026-05-13T03:13:33Z,97.9,Versa 4
2026-05-13T03:14:33Z,98.1,Versa 4
2026-05-13T03:15:33Z,98.2,Versa 4
2026-05-13T03:16:33Z,98.4,Versa 4
2026-05-13T03:17:33Z,98.5,Versa 4
2026-05-13T03:18:33Z,98.3,Versa 4
2026-05-13T03:19:33Z,98.1,Versa 4
2026-05-13T03:20:33Z,50.0,Versa 4
2026-05-13T03:21:33Z,97.8,Versa 4
2026-05-13T03:22:33Z,95.5,Versa 4
2026-05-13T03:23:33Z,93.5,Versa 4
2026-05-13T03:24:33Z,92.0,Versa 4
2026-05-13T03:25:33Z,90.5,Versa 4
2026-05-13T03:26:33Z,88.7,Versa 4
2026-05-13T03:27:33Z,87.2,Versa 4
2026-05-13T03:28:33Z,86.0,Versa 4
2026-05-13T03:29:33Z,84.7,Versa 4
2026-05-13T03:30:33Z,84.0,Versa 4
2026-05-13T03:31:33Z,83.3,Versa 4
2026-05-13T03:32:33Z,82.7,Versa 4
2026-05-13T03:33:33Z,82.4,Versa 4
2026-05-13T03:34:33Z,82.0,Versa 4
2026-05-13T03:35:33Z,81.8,Versa 4
2026-05-13T03:36:33Z,81.5,Versa 4
2026-05-13T03:37:33Z,81.3,Versa 4
2026-05-13T03:38:33Z,81.2,Versa 4
2026-05-13T03:39:33Z,81.1,Versa 4
2026-05-13T03:40:33Z,81.1,Versa 4
2026-05-13T03:41:33Z,81.2,Versa 4
2026-05-13T03:42:33Z,81.0,Versa 4
2026-05-13T03:43:33Z,80.7,Versa 4
2026-05-13T03:44:33Z,80.6,Versa 4
2026-05-13T03:45:33Z,80.6,Versa 4
2026-05-13T03:46:33Z,80.3,Versa 4
2026-05-13T03:47:33Z,80.3,Versa 4
2026-05-13T03:48:33Z,80.2,Versa 4
2026-05-13T03:49:33Z,80.3,Versa 4
2026-05-13T03:50:33Z,80.2,Versa 4
2026-05-13T03:51:33Z,80.1,Versa 4
2026-05-13T03:52:33Z,80.1,Versa 4
2026-05-13T03:53:33Z,80.0,Versa 4
2026-05-13T03:54:33Z,79.9,Versa 4
2026-05-13T03:55:33Z,79.7,Versa 4
2026-05-13T03:56:33Z,79.8,Versa 4
2026-05-13T03:57:33Z,79.7,Versa 4
2026-05-13T03:58:33Z,79.9,Versa 4
2026-05-13T03:59:33Z,79.9,Versa 4
2026-05-13T04:00:33Z,79.7,Versa 4
2026-05-13T04:01:33Z,79.6,Versa 4
2026-05-13T04:02:33Z,79.6,Versa 4
2026-05-13T04:03:33Z,79.4,Versa 4
2026-05-13T04:04:33Z,79.3,Versa 4
2026-05-13T04:05:33Z,79.5,Versa 4
2026-05-13T04:06:33Z,50.0,Versa 4
2026-05-13T04:07:33Z,83.1,Versa 4
2026-05-13T04:08:33Z,86.3,Versa 4
2026-05-13T04:09:33Z,50.0,Versa 4
2026-05-13T04:10:33Z,50.0,Versa 4
2026-05-13T04:11:33Z,92.8,Versa 4
2026-05-13T04:12:33Z,95.2,Versa 4
2026-05-13T04:13:33Z,97.3,Versa 4
2026-05-13T04:14:33Z,99.0,Versa 4
2026-05-13T04:15:33Z,99.7,Versa 4
2026-05-13T04:16:33Z,100.0,Versa 4
2026-05-13T04:17:33Z,100.0,Versa 4
2026-05-13T04:18:33Z,100.0,Versa 4
2026-05-13T04:19:33Z,100.0,Versa 4
2026-05-13T04:20:33Z,100.0,Versa 4
2026-05-13T04:21:33Z,50.0,Versa 4
2026-05-13T04:22:33Z,99.7,Versa 4
2026-05-13T04:23:33Z,98.7,Versa 4
2026-05-13T04:24:33Z,98.0,Versa 4
2026-05-13T04:25:33Z,97.5,Versa 4
2026-05-13T04:26:33Z,97.2,Versa 4
2026-05-13T04:27:33Z,97.4,Versa 4
2026-05-13T04:28:33Z,97.2,Versa 4
2026-05-13T04:29:33Z,96.6,Versa 4
2026-05-13T04:30:33Z,96.6,Versa 4
2026-05-13T04:31:33Z,96.7,Versa 4
2026-05-13T04:32:33Z,96.8,Versa 4
2026-05-13T04:33:33Z,50.0,Versa 4
2026-05-13T04:34:33Z,97.0,Versa 4
2026-05-13T04:35:33Z,97.3,Versa 4
2026-05-13T04:36:33Z,97.5,Versa 4
2026-05-13T04:37:33Z,97.7,Versa 4
2026-05-13T04:38:33Z,97.5,Versa 4
2026-05-13T04:39:33Z,97.4,Versa 4
2026-05-13T04:40:33Z,97.6,Versa 4
2026-05-13T04:41:33Z,97.3,Versa 4
2026-05-13T04:42:33Z,96.6,Versa 4
2026-05-13T04:43:33Z,96.4,Versa 4
2026-05-13T04:44:33Z,50.0,Versa 4
2026-05-13T04:45:33Z,96.0,Versa 4
2026-05-13T04:46:33Z,96.5,Versa 4
2026-05-13T04:47:33Z,50.0,Versa 4
2026-05-13T04:48:33Z,95.6,Versa 4
2026-05-13T04:49:33Z,95.6,Versa 4
2026-05-13T04:50:33Z,96.8,Versa 4
2026-05-13T04:51:33Z,97.4,Versa 4
2026-05-13T04:52:33Z,97.2,Versa 4
2026-05-13T04:53:33Z,96.5,Versa 4
2026-05-13T04:54:33Z,96.3,Versa 4
2026-05-13T04:55:33Z,50.0,Versa 4
2026-05-13T04:56:33Z,96.5,Versa 4
2026-05-13T04:57:33Z,50.0,Versa 4
2026-05-13T04:58:33Z,96.6,Versa 4
2026-05-13T04:59:33Z,96.2,Versa 4
2026-05-13T05:00:33Z,96.5,Versa 4
2026-05-13T05:01:33Z,96.7,Versa 4
2026-05-13T05:02:33Z,96.6,Versa 4
2026-05-13T05:03:33Z,96.6,Versa 4
2026-05-13T05:04:33Z,95.9,Versa 4
2026-05-13T05:05:33Z,94.1,Versa 4
2026-05-13T05:06:33Z,92.5,Versa 4
2026-05-13T05:07:33Z,92.1,Versa 4
2026-05-13T05:08:33Z,50.0,Versa 4
2026-05-13T05:09:33Z,95.2,Versa 4
2026-05-13T05:10:33Z,98.2,Versa 4
2026-05-13T05:11:33Z,100.0,Versa 4
2026-05-13T05:12:33Z,100.0,Versa 4
2026-05-13T05:13:33Z,50.0,Versa 4
2026-05-13T05:14:33Z,50.0,Versa 4
2026-05-13T05:15:33Z,99.2,Versa 4
2026-05-13T05:16:33Z,98.4,Versa 4
2026-05-13T05:17:33Z,97.9,Versa 4
2026-05-13T05:18:33Z,50.0,Versa 4
2026-05-13T05:19:33Z,97.8,Versa 4
2026-05-13T05:20:33Z,97.7,Versa 4
2026-05-13T05:21:33Z,98.1,Versa 4
2026-05-13T05:22:33Z,50.0,Versa 4
2026-05-13T05:23:33Z,97.3,Versa 4
2026-05-13T05:24:33Z,95.9,Versa 4
2026-05-13T05:25:33Z,95.2,Versa 4
2026-05-13T05:26:33Z,94.9,Versa 4
2026-05-13T05:27:33Z,94.9,Versa 4
2026-05-13T05:28:33Z,50.0,Versa 4
2026-05-13T05:29:33Z,95.2,Versa 4
2026-05-13T05:30:33Z,95.5,Versa 4
2026-05-13T05:31:33Z,95.0,Versa 4
2026-05-13T05:32:33Z,94.6,Versa 4
2026-05-13T05:33:33Z,95.0,Versa 4
2026-05-13T05:34:33Z,95.6,Versa 4
2026-05-13T05:35:33Z,95.8,Versa 4
2026-05-13T05:36:33Z,96.5,Versa 4
2026-05-13T05:37:33Z,97.0,Versa 4
2026-05-13T05:38:33Z,94.9,Versa 4
2026-05-13T05:39:33Z,93.3,Versa 4
2026-05-13T05:40:33Z,91.3,Versa 4
2026-05-13T05:41:33Z,90.8,Versa 4
2026-05-13T05:42:33Z,90.5,Versa 4
2026-05-13T05:43:33Z,90.6,Versa 4
2026-05-13T05:44:33Z,89.8,Versa 4
2026-05-13T05:45:33Z,90.5,Versa 4
2026-05-13T05:46:33Z,88.8,Versa 4
2026-05-13T05:47:33Z,87.2,Versa 4
2026-05-13T05:48:33Z,85.2,Versa 4
2026-05-13T05:49:33Z,50.0,Versa 4
2026-05-13T05:50:33Z,50.0,Versa 4
2026-05-13T05:51:33Z,87.6,Versa 4
2026-05-13T05:52:33Z,91.3,Versa 4
2026-05-13T05:53:33Z,93.8,Versa 4
2026-05-13T05:54:33Z,96.0,Versa 4
2026-05-13T05:55:33Z,96.9,Versa 4
2026-05-13T05:56:33Z,97.5,Versa 4
2026-05-13T05:57:33Z,97.6,Versa 4
2026-05-13T05:58:33Z,97.6,Versa 4
2026-05-13T05:59:33Z,50.0,Versa 4
2026-05-13T06:00:33Z,50.0,Versa 4
2026-05-13T06:01:33Z,50.0,Versa 4
2026-05-13T06:02:33Z,98.5,Versa 4
2026-05-13T06:03:33Z,99.6,Versa 4
2026-05-13T06:04:33Z,100.0,Versa 4
2026-05-13T06:05:33Z,50.0,Versa 4
2026-05-13T06:06:33Z,99.3,Versa 4
2026-05-13T06:07:33Z,50.0,Versa 4
2026-05-13T06:08:33Z,50.0,Versa 4
2026-05-13T06:09:33Z,50.0,Versa 4
2026-05-13T06:10:33Z,98.6,Versa 4
2026-05-13T06:11:33Z,98.7,Versa 4
2026-05-13T06:12:33Z,98.5,Versa 4
2026-05-13T06:13:33Z,98.4,Versa 4
2026-05-13T06:14:33Z,50.0,Versa 4
2026-05-13T06:15:33Z,50.0,Versa 4
2026-05-13T06:16:33Z,98.8,Versa 4
2026-05-13T06:17:33Z,98.4,Versa 4
2026-05-13T06:18:33Z,50.0,Versa 4
2026-05-13T06:19:33Z,98.1,Versa 4
2026-05-13T06:20:33Z,98.5,Versa 4
2026-05-13T06:21:33Z,98.2,Versa 4
2026-05-13T06:22:33Z,98.4,Versa 4
2026-05-13T06:23:33Z,99.0,Versa 4
2026-05-13T06:24:33Z,99.3,Versa 4
2026-05-13T06:25:33Z,99.8,Versa 4
2026-05-13T06:26:33Z,100.0,Versa 4
2026-05-13T06:27:33Z,98.2,Versa 4
2026-05-13T06:28:33Z,96.9,Versa 4
2026-05-13T06:29:33Z,98.0,Versa 4
2026-05-13T06:30:33Z,98.7,Versa 4
2026-05-13T06:31:33Z,98.6,Versa 4
2026-05-13T06:32:33Z,98.7,Versa 4
2026-05-13T06:33:33Z,50.0,Versa 4
2026-05-13T06:34:33Z,98.6,Versa 4
2026-05-13T06:35:33Z,97.6,Versa 4
2026-05-13T06:36:33Z,96.0,Versa 4
2026-05-13T06:37:33Z,94.3,Versa 4
2026-05-13T06:38:33Z,93.9,Versa 4
2026-05-13T06:39:33Z,92.9,Versa 4
2026-05-13T06:40:33Z,50.0,Versa 4
2026-05-13T06:41:33Z,91.1,Versa 4
2026-05-13T06:42:33Z,91.8,Versa 4
2026-05-13T06:43:33Z,91.6,Versa 4
2026-05-13T06:44:33Z,92.3,Versa 4
2026-05-13T06:45:33Z,92.9,Versa 4
2026-05-13T06:46:33Z,93.0,Versa 4
2026-05-13T06:47:33Z,50.0,Versa 4
2026-05-13T06:48:33Z,90.7,Versa 4
2026-05-13T06:49:33Z,89.3,Versa 4
2026-05-13T06:50:33Z,88.3,Versa 4
2026-05-13T06:51:33Z,50.0,Versa 4
2026-05-13T06:52:33Z,88.5,Versa 4
2026-05-13T06:53:33Z,50.0,Versa 4
2026-05-13T06:54:33Z,90.0,Versa 4
2026-05-13T06:55:33Z,89.2,Versa 4
2026-05-13T06:56:33Z,89.0,Versa 4
2026-05-13T06:57:33Z,87.6,Versa 4
2026-05-13T06:58:33Z,89.2,Versa 4
2026-05-13T06:59:33Z,91.2,Versa 4
2026-05-13T07:00:33Z,92.3,Versa 4
2026-05-13T07:01:33Z,92.0,Versa 4
2026-05-13T07:02:33Z,91.3,Versa 4
2026-05-13T07:03:33Z,90.5,Versa 4
2026-05-13T07:04:33Z,89.9,Versa 4
2026-05-13T07:05:33Z,90.4,Versa 4
2026-05-13T07:06:33Z,90.9,Versa 4
2026-05-13T07:07:33Z,92.4,Versa 4
2026-05-13T07:08:33Z,92.2,Versa 4
2026-05-13T07:09:33Z,92.9,Versa 4
2026-05-13T07:10:33Z,93.4,Versa 4
2026-05-13T07:11:33Z,92.9,Versa 4
2026-05-13T07:12:33Z,93.5,Versa 4
2026-05-13T07:13:33Z,50.0,Versa 4
2026-05-13T21:48:35Z,97.6,Versa 4
2026-05-13T21:49:35Z,50.0,Versa 4
2026-05-13T21:50:35Z,50.0,Versa 4
2026-05-13T21:51:35Z,50.0,Versa 4
2026-05-13T21:52:35Z,50.0,Versa 4
2026-05-13T21:53:35Z,50.0,Versa 4
2026-05-13T21:54:35Z,50.0,Versa 4
2026-05-13T21:55:35Z,50.0,Versa 4
2026-05-13T21:56:35Z,98.8,Versa 4
2026-05-13T21:57:35Z,98.9,Versa 4
2026-05-13T21:58:35Z,99.0,Versa 4
2026-05-13T21:59:35Z,99.0,Versa 4
2026-05-13T22:00:35Z,99.4,Versa 4
2026-05-13T22:01:35Z,50.0,Versa 4
2026-05-13T22:02:35Z,99.2,Versa 4
2026-05-13T22:03:35Z,99.0,Versa 4
2026-05-13T22:04:35Z,98.9,Versa 4
2026-05-13T22:05:35Z,98.8,Versa 4
2026-05-13T22:06:35Z,98.7,Versa 4
2026-05-13T22:07:35Z,50.0,Versa 4
2026-05-13T22:08:35Z,98.6,Versa 4
2026-05-13T22:09:35Z,50.0,Versa 4
2026-05-13T22:10:35Z,98.8,Versa 4
2026-05-13T22:11:35Z,99.0,Versa 4
2026-05-13T22:12:35Z,50.0,Versa 4
2026-05-13T22:13:35Z,98.9,Versa 4
2026-05-13T22:14:35Z,98.8,Versa 4
2026-05-13T22:15:35Z,98.8,Versa 4
2026-05-13T22:16:35Z,98.7,Versa 4
2026-05-13T22:17:35Z,98.7,Versa 4
2026-05-13T22:18:35Z,50.0,Versa 4
2026-05-13T22:19:35Z,50.0,Versa 4
2026-05-13T22:20:35Z,50.0,Versa 4
2026-05-13T22:21:35Z,98.8,Versa 4
2026-05-13T22:22:35Z,50.0,Versa 4
2026-05-13T22:23:35Z,50.0,Versa 4
2026-05-13T23:52:37Z,97.7,Versa 4
2026-05-13T23:53:37Z,98.5,Versa 4
2026-05-13T23:54:37Z,98.8,Versa 4
2026-05-13T23:55:37Z,98.9,Versa 4
2026-05-13T23:56:37Z,98.9,Versa 4
2026-05-13T23:57:37Z,98.9,Versa 4
2026-05-13T23:58:37Z,98.9,Versa 4
2026-05-13T23:59:37Z,98.8,Versa 4
2026-05-14T00:00:37Z,98.8,Versa 4
2026-05-14T00:01:37Z,98.7,Versa 4
2026-05-14T00:02:37Z,98.7,Versa 4
2026-05-14T00:03:37Z,98.7,Versa 4
2026-05-14T00:04:37Z,98.6,Versa 4
2026-05-14T00:05:37Z,98.6,Versa 4
2026-05-14T00:06:37Z,98.6,Versa 4
2026-05-14T00:07:37Z,98.6,Versa 4
2026-05-14T00:08:37Z,98.6,Versa 4
2026-05-14T00:09:37Z,98.5,Versa 4
2026-05-14T00:10:37Z,98.5,Versa 4
2026-05-14T00:11:37Z,98.4,Versa 4
2026-05-14T00:12:37Z,98.3,Versa 4
2026-05-14T00:13:37Z,98.2,Versa 4
2026-05-14T00:14:37Z,98.1,Versa 4
2026-05-14T00:15:37Z,98.1,Versa 4
2026-05-14T00:16:37Z,98.0,Versa 4
2026-05-14T00:17:37Z,97.9,Versa 4
2026-05-14T00:18:37Z,97.9,Versa 4
2026-05-14T00:19:37Z,97.8,Versa 4
2026-05-14T00:20:37Z,97.7,Versa 4
2026-05-14T00:21:37Z,50.0,Versa 4
2026-05-14T00:22:37Z,98.1,Versa 4
2026-05-14T00:23:37Z,98.8,Versa 4
2026-05-14T00:24:37Z,99.2,Versa 4
2026-05-14T00:25:37Z,99.5,Versa 4
2026-05-14T00:26:37Z,99.8,Versa 4
2026-05-14T00:27:37Z,99.9,Versa 4
2026-05-14T00:28:37Z,100.0,Versa 4
2026-05-14T00:29:37Z,100.0,Versa 4
2026-05-14T00:30:37Z,100.0,Versa 4
2026-05-14T00:31:37Z,100.0,Versa 4
2026-05-14T00:32:37Z,100.0,Versa 4
2026-05-14T00:33:37Z,100.0,Versa 4
2026-05-14T00:34:37Z,50.0,Versa 4
2026-05-14T00:35:37Z,99.9,Versa 4
2026-05-14T00:36:37Z,99.8,Versa 4
2026-05-14T00:37:37Z,99.7,Versa 4
2026-05-14T00:38:37Z,50.0,Versa 4
2026-05-14T00:39:37Z,99.6,Versa 4
2026-05-14T00:40:37Z,99.6,Versa 4
2026-05-14T00:41:37Z,99.6,Versa 4
2026-05-14T00:42:37Z,50.0,Versa 4
2026-05-14T00:43:37Z,99.6,Versa 4
2026-05-14T00:44:37Z,99.6,Versa 4
2026-05-14T00:45:37Z,99.6,Versa 4
2026-05-14T00:46:37Z,99.6,Versa 4
2026-05-14T00:47:37Z,99.6,Versa 4
2026-05-14T00:48:37Z,99.5,Versa 4
2026-05-14T00:49:37Z,99.5,Versa 4
2026-05-14T00:50:37Z,99.5,Versa 4
2026-05-14T00:51:37Z,99.5,Versa 4
2026-05-14T00:52:37Z,99.5,Versa 4
2026-05-14T00:53:37Z,99.5,Versa 4
2026-05-14T00:54:37Z,99.5,Versa 4
2026-05-14T00:55:37Z,99.5,Versa 4
2026-05-14T00:56:37Z,99.5,Versa 4
2026-05-14T00:57:37Z,99.5,Versa 4
2026-05-14T00:58:37Z,99.5,Versa 4
2026-05-14T00:59:37Z,99.5,Versa 4
2026-05-14T01:00:37Z,99.5,Versa 4
2026-05-14T01:01:37Z,99.5,Versa 4
2026-05-14T01:02:37Z,99.5,Versa 4
2026-05-14T01:03:37Z,99.5,Versa 4
2026-05-14T01:04:37Z,99.5,Versa 4
2026-05-14T01:05:37Z,99.5,Versa 4
2026-05-14T01:06:37Z,99.5,Versa 4
2026-05-14T01:07:37Z,99.5,Versa 4
2026-05-14T01:08:37Z,99.5,Versa 4
2026-05-14T01:09:37Z,99.4,Versa 4
2026-05-14T01:10:37Z,99.4,Versa 4
2026-05-14T01:11:37Z,99.4,Versa 4
2026-05-14T01:12:37Z,99.4,Versa 4
2026-05-14T01:13:37Z,99.4,Versa 4
2026-05-14T01:14:37Z,99.4,Versa 4
2026-05-14T01:15:37Z,99.4,Versa 4
2026-05-14T01:16:37Z,50.0,Versa 4
2026-05-14T01:17:37Z,50.0,Versa 4
2026-05-14T01:18:37Z,50.0,Versa 4
2026-05-14T01:19:37Z,99.5,Versa 4
2026-05-14T01:20:37Z,99.5,Versa 4
2026-05-14T01:21:37Z,99.5,Versa 4
2026-05-14T01:22:37Z,99.5,Versa 4
2026-05-14T01:23:37Z,99.5,Versa 4
2026-05-14T01:24:37Z,99.5,Versa 4
2026-05-14T01:25:37Z,99.5,Versa 4
2026-05-14T01:26:37Z,99.5,Versa 4
2026-05-14T01:27:37Z,99.5,Versa 4
2026-05-14T01:28:37Z,99.5,Versa 4
2026-05-14T01:29:37Z,99.5,Versa 4
2026-05-14T01:30:37Z,99.5,Versa 4
2026-05-14T01:31:37Z,99.5,Versa 4
2026-05-14T01:32:37Z,99.5,Versa 4
2026-05-14T01:33:37Z,99.4,Versa 4
2026-05-14T01:34:37Z,99.4,Versa 4
2026-05-14T01:35:37Z,99.4,Versa 4
2026-05-14T01:36:37Z,99.4,Versa 4
2026-05-14T01:37:37Z,50.0,Versa 4
2026-05-14T01:38:37Z,50.0,Versa 4
2026-05-14T01:39:37Z,99.6,Versa 4
2026-05-14T01:40:37Z,99.8,Versa 4
2026-05-14T01:41:37Z,50.0,Versa 4
2026-05-14T01:42:37Z,99.8,Versa 4
2026-05-14T01:43:37Z,50.0,Versa 4
2026-05-14T01:44:37Z,50.0,Versa 4
2026-05-14T01:45:37Z,99.5,Versa 4
2026-05-14T01:46:37Z,99.0,Versa 4
2026-05-14T01:47:37Z,98.9,Versa 4
2026-05-14T01:48:37Z,98.8,Versa 4
2026-05-14T01:49:37Z,98.8,Versa 4
2026-05-14T01:50:37Z,98.8,Versa 4
2026-05-14T01:51:37Z,98.8,Versa 4
2026-05-14T01:52:37Z,98.8,Versa 4
2026-05-14T01:53:37Z,98.8,Versa 4
2026-05-14T01:54:37Z,98.8,Versa 4
2026-05-14T01:55:37Z,50.0,Versa 4
2026-05-14T01:56:37Z,98.8,Versa 4
2026-05-14T01:57:37Z,98.8,Versa 4
2026-05-14T01:58:37Z,98.8,Versa 4
2026-05-14T01:59:37Z,98.7,Versa 4
2026-05-14T02:00:37Z,98.7,Versa 4
2026-05-14T02:01:37Z,98.7,Versa 4
2026-05-14T02:02:37Z,98.5,Versa 4
2026-05-14T02:03:37Z,98.4,Versa 4
2026-05-14T02:04:37Z,98.4,Versa 4
2026-05-14T02:05:37Z,98.4,Versa 4
2026-05-14T02:06:37Z,98.5,Versa 4
2026-05-14T02:07:37Z,98.6,Versa 4
2026-05-14T02:08:37Z,98.5,Versa 4
2026-05-14T02:09:37Z,98.5,Versa 4
2026-05-14T02:10:37Z,50.0,Versa 4
2026-05-14T02:11:37Z,98.7,Versa 4
2026-05-14T02:12:37Z,99.0,Versa 4
2026-05-14T02:13:37Z,99.3,Versa 4
2026-05-14T02:14:37Z,99.6,Versa 4
2026-05-14T02:15:37Z,99.7,Versa 4
2026-05-14T02:16:37Z,99.8,Versa 4
2026-05-14T02:17:37Z,99.9,Versa 4
2026-05-14T02:18:37Z,100.0,Versa 4
2026-05-14T02:19:37Z,50.0,Versa 4
2026-05-14T02:20:37Z,99.9,Versa 4
2026-05-14T02:21:37Z,99.8,Versa 4
2026-05-14T02:22:37Z,99.8,Versa 4
2026-05-14T02:23:37Z,50.0,Versa 4
2026-05-14T02:24:37Z,99.7,Versa 4
2026-05-14T02:25:37Z,99.6,Versa 4
2026-05-14T02:26:37Z,99.5,Versa 4
2026-05-14T02:27:37Z,99.4,Versa 4
2026-05-14T02:28:37Z,99.4,Versa 4
2026-05-14T02:29:37Z,99.3,Versa 4
2026-05-14T02:30:37Z,99.3,Versa 4
2026-05-14T02:31:37Z,99.3,Versa 4
2026-05-14T02:32:37Z,99.4,Versa 4
2026-05-14T02:33:37Z,99.4,Versa 4
2026-05-14T02:34:37Z,99.4,Versa 4
2026-05-14T02:35:37Z,99.4,Versa 4
2026-05-14T02:36:37Z,99.4,Versa 4
2026-05-14T02:37:37Z,99.4,Versa 4
2026-05-14T02:38:37Z,99.3,Versa 4
2026-05-14T02:39:37Z,99.3,Versa 4
2026-05-14T02:40:37Z,50.0,Versa 4
2026-05-14T02:41:37Z,99.3,Versa 4
2026-05-14T02:42:37Z,99.3,Versa 4
2026-05-14T02:43:37Z,99.4,Versa 4
2026-05-14T02:44:37Z,99.4,Versa 4
2026-05-14T02:45:37Z,99.4,Versa 4
2026-05-14T02:46:37Z,99.5,Versa 4
2026-05-14T02:47:37Z,99.5,Versa 4
2026-05-14T02:48:37Z,99.5,Versa 4
2026-05-14T02:49:37Z,99.5,Versa 4
2026-05-14T02:50:37Z,99.5,Versa 4
2026-05-14T02:51:37Z,99.4,Versa 4
2026-05-14T02:52:37Z,99.4,Versa 4
2026-05-14T02:53:37Z,99.4,Versa 4
2026-05-14T02:54:37Z,99.5,Versa 4
2026-05-14T02:55:37Z,99.4,Versa 4
2026-05-14T02:56:37Z,99.4,Versa 4
2026-05-14T02:57:37Z,99.4,Versa 4
2026-05-14T02:58:37Z,99.4,Versa 4
2026-05-14T02:59:37Z,99.4,Versa 4
2026-05-14T03:00:37Z,99.4,Versa 4
2026-05-14T03:01:37Z,99.4,Versa 4
2026-05-14T03:02:37Z,99.4,Versa 4
2026-05-14T03:03:37Z,99.4,Versa 4
2026-05-14T03:04:37Z,99.3,Versa 4
2026-05-14T03:05:37Z,99.3,Versa 4
2026-05-14T03:06:37Z,99.3,Versa 4
2026-05-14T03:07:37Z,99.3,Versa 4
2026-05-14T03:08:37Z,99.3,Versa 4
2026-05-14T03:09:37Z,99.2,Versa 4
2026-05-14T03:10:37Z,99.2,Versa 4
2026-05-14T03:11:37Z,99.2,Versa 4
2026-05-14T03:12:37Z,99.2,Versa 4
2026-05-14T03:13:37Z,99.2,Versa 4
2026-05-14T03:14:37Z,99.1,Versa 4
2026-05-14T03:15:37Z,99.1,Versa 4
2026-05-14T03:16:37Z,99.1,Versa 4
2026-05-14T03:17:37Z,99.1,Versa 4
2026-05-14T03:18:37Z,99.1,Versa 4
2026-05-14T03:19:37Z,99.1,Versa 4
2026-05-14T03:20:37Z,99.0,Versa 4
2026-05-14T03:21:37Z,99.0,Versa 4
2026-05-14T03:22:37Z,99.0,Versa 4
2026-05-14T03:23:37Z,99.0,Versa 4
2026-05-14T03:24:37Z,99.0,Versa 4
2026-05-14T03:25:37Z,98.9,Versa 4
2026-05-14T03:26:37Z,50.0,Versa 4
2026-05-14T03:27:37Z,98.9,Versa 4
2026-05-14T03:28:37Z,98.9,Versa 4
2026-05-14T03:29:37Z,98.9,Versa 4
2026-05-14T03:30:37Z,98.6,Versa 4
2026-05-14T03:31:37Z,50.0,Versa 4
2026-05-14T03:32:37Z,97.9,Versa 4
2026-05-14T03:33:37Z,50.0,Versa 4
2026-05-14T03:34:37Z,98.5,Versa 4
2026-05-14T03:35:37Z,98.7,Versa 4
2026-05-14T03:36:37Z,98.8,Versa 4
2026-05-14T03:37:37Z,98.8,Versa 4
2026-05-14T03:38:37Z,98.9,Versa 4
2026-05-14T03:39:37Z,99.1,Versa 4
2026-05-14T03:40:37Z,99.2,Versa 4
2026-05-14T03:41:37Z,50.0,Versa 4
2026-05-14T03:42:37Z,99.4,Versa 4
2026-05-14T03:43:37Z,99.8,Versa 4
2026-05-14T03:44:37Z,100.0,Versa 4
2026-05-14T03:45:37Z,100.0,Versa 4
2026-05-14T03:46:37Z,100.0,Versa 4
2026-05-14T03:47:37Z,100.0,Versa 4
2026-05-14T03:48:37Z,100.0,Versa 4
2026-05-14T03:49:37Z,100.0,Versa 4
2026-05-14T03:50:37Z,100.0,Versa 4
2026-05-14T03:51:37Z,100.0,Versa 4
2026-05-14T03:52:37Z,100.0,Versa 4
2026-05-14T03:53:37Z,100.0,Versa 4
2026-05-14T03:54:37Z,100.0,Versa 4
2026-05-14T03:55:37Z,99.5,Versa 4
2026-05-14T03:56:37Z,99.2,Versa 4
2026-05-14T03:57:37Z,99.0,Versa 4
2026-05-14T03:58:37Z,99.0,Versa 4
2026-05-14T03:59:37Z,98.9,Versa 4
2026-05-14T04:00:37Z,98.9,Versa 4
2026-05-14T04:01:37Z,99.0,Versa 4
2026-05-14T04:02:37Z,98.9,Versa 4
2026-05-14T04:03:37Z,99.0,Versa 4
2026-05-14T04:04:37Z,99.0,Versa 4
2026-05-14T04:05:37Z,99.0,Versa 4
2026-05-14T04:06:37Z,99.0,Versa 4
2026-05-14T04:07:37Z,99.0,Versa 4
2026-05-14T04:08:37Z,99.0,Versa 4
2026-05-14T04:09:37Z,99.1,Versa 4
2026-05-14T04:10:37Z,99.1,Versa 4
2026-05-14T04:11:37Z,99.1,Versa 4
2026-05-14T04:12:37Z,99.1,Versa 4
2026-05-14T04:13:37Z,99.1,Versa 4
2026-05-14T04:14:37Z,99.1,Versa 4
2026-05-14T04:15:37Z,99.1,Versa 4
2026-05-14T04:16:37Z,50.0,Versa 4
2026-05-14T04:17:37Z,96.6,Versa 4
2026-05-14T04:18:37Z,50.0,Versa 4
2026-05-14T04:19:37Z,96.8,Versa 4
2026-05-14T04:20:37Z,97.6,Versa 4
2026-05-14T04:21:37Z,98.0,Versa 4
2026-05-14T04:22:37Z,98.3,Versa 4
2026-05-14T04:23:37Z,98.4,Versa 4
2026-05-14T04:24:37Z,98.5,Versa 4
2026-05-14T04:25:37Z,98.5,Versa 4
2026-05-14T04:26:37Z,98.6,Versa 4
2026-05-14T04:27:37Z,98.6,Versa 4
2026-05-14T04:28:37Z,98.6,Versa 4
2026-05-14T04:29:37Z,98.6,Versa 4
2026-05-14T04:30:37Z,98.6,Versa 4
2026-05-14T04:31:37Z,98.6,Versa 4
2026-05-14T04:32:37Z,98.6,Versa 4
2026-05-14T04:33:37Z,98.6,Versa 4
2026-05-14T04:34:37Z,98.6,Versa 4
2026-05-14T04:35:37Z,98.6,Versa 4
2026-05-14T04:36:37Z,98.6,Versa 4
2026-05-14T04:37:37Z,98.6,Versa 4
2026-05-14T04:38:37Z,98.6,Versa 4
2026-05-14T04:39:37Z,98.6,Versa 4
2026-05-14T04:40:37Z,98.6,Versa 4
2026-05-14T04:41:37Z,98.6,Versa 4
2026-05-14T04:42:37Z,98.6,Versa 4
2026-05-14T04:43:37Z,98.6,Versa 4
2026-05-14T04:44:37Z,98.5,Versa 4
2026-05-14T04:45:37Z,98.1,Versa 4
2026-05-14T04:46:37Z,50.0,Versa 4
2026-05-14T04:47:37Z,98.2,Versa 4
2026-05-14T04:48:37Z,98.4,Versa 4
2026-05-14T04:49:37Z,98.5,Versa 4
2026-05-14T04:50:37Z,98.5,Versa 4
2026-05-14T04:51:37Z,98.5,Versa 4
2026-05-14T04:52:37Z,98.5,Versa 4
2026-05-14T04:53:37Z,98.5,Versa 4
2026-05-14T04:54:37Z,98.5,Versa 4
2026-05-14T04:55:37Z,98.6,Versa 4
2026-05-14T04:56:37Z,98.6,Versa 4
2026-05-14T04:57:37Z,98.6,Versa 4
2026-05-14T04:58:37Z,98.7,Versa 4
2026-05-14T04:59:37Z,98.8,Versa 4
2026-05-14T05:00:37Z,98.9,Versa 4
2026-05-14T05:01:37Z,50.0,Versa 4
2026-05-14T05:02:37Z,99.0,Versa 4
2026-05-14T05:03:37Z,99.1,Versa 4
2026-05-14T05:04:37Z,99.1,Versa 4
2026-05-14T05:05:37Z,99.2,Versa 4
2026-05-14T05:06:37Z,99.3,Versa 4
2026-05-14T05:07:37Z,99.4,Versa 4
2026-05-14T05:08:37Z,99.6,Versa 4
2026-05-14T05:09:37Z,99.7,Versa 4
2026-05-14T05:10:37Z,99.7,Versa 4
2026-05-14T05:11:37Z,99.8,Versa 4
2026-05-14T05:12:37Z,100.0,Versa 4
2026-05-14T05:13:37Z,99.9,Versa 4
2026-05-14T05:14:37Z,99.8,Versa 4
2026-05-14T05:15:37Z,99.8,Versa 4
2026-05-14T05:16:37Z,99.8,Versa 4
2026-05-14T05:17:37Z,99.8,Versa 4
2026-05-14T05:18:37Z,99.8,Versa 4
2026-05-14T05:19:37Z,99.7,Versa 4
2026-05-14T05:20:37Z,99.9,Versa 4
2026-05-14T05:21:37Z,99.9,Versa 4
2026-05-14T05:22:37Z,50.0,Versa 4
2026-05-14T05:23:37Z,100.0,Versa 4
2026-05-14T05:24:37Z,50.0,Versa 4
2026-05-14T05:25:37Z,50.0,Versa 4
2026-05-14T05:26:37Z,99.2,Versa 4
2026-05-14T05:27:37Z,99.1,Versa 4
2026-05-14T05:28:37Z,50.0,Versa 4
2026-05-14T05:29:37Z,50.0,Versa 4
2026-05-14T05:30:37Z,50.0,Versa 4
2026-05-14T05:31:37Z,99.1,Versa 4
2026-05-14T05:32:37Z,99.0,Versa 4
2026-05-14T05:33:37Z,50.0,Versa 4
2026-05-14T05:34:37Z,99.0,Versa 4
2026-05-14T05:35:37Z,99.0,Versa 4
2026-05-14T05:36:37Z,99.0,Versa 4
2026-05-14T05:37:37Z,50.0,Versa 4
2026-05-14T05:38:37Z,99.0,Versa 4
2026-05-14T05:39:37Z,98.7,Versa 4
2026-05-14T05:40:37Z,98.5,Versa 4
2026-05-14T05:41:37Z,98.4,Versa 4
2026-05-14T05:42:37Z,98.4,Versa 4
2026-05-14T05:43:37Z,98.4,Versa 4
2026-05-14T05:44:37Z,50.0,Versa 4
2026-05-14T05:45:37Z,98.3,Versa 4
2026-05-14T05:46:37Z,98.0,Versa 4
2026-05-14T05:47:37Z,97.8,Versa 4
2026-05-14T05:48:37Z,97.6,Versa 4
2026-05-14T05:49:37Z,97.6,Versa 4
2026-05-14T05:50:37Z,97.8,Versa 4
2026-05-14T05:51:37Z,98.1,Versa 4
2026-05-14T05:52:37Z,98.4,Versa 4
2026-05-14T05:53:37Z,98.8,Versa 4
2026-05-14T05:54:37Z,99.2,Versa 4
2026-05-14T05:55:37Z,99.4,Versa 4
2026-05-14T05:56:37Z,99.3,Versa 4
2026-05-14T05:57:37Z,99.4,Versa 4
2026-05-14T05:58:37Z,99.3,Versa 4
2026-05-14T05:59:37Z,99.2,Versa 4
2026-05-14T06:00:37Z,99.2,Versa 4
2026-05-14T06:01:37Z,99.2,Versa 4
2026-05-14T06:02:37Z,99.0,Versa 4
2026-05-14T06:03:37Z,98.9,Versa 4
2026-05-14T06:04:37Z,98.7,Versa 4
2026-05-14T06:05:37Z,98.5,Versa 4
2026-05-14T06:06:37Z,98.4,Versa 4
2026-05-14T06:07:37Z,98.3,Versa 4
2026-05-14T06:08:37Z,98.1,Versa 4
2026-05-14T06:09:37Z,98.0,Versa 4
2026-05-14T06:10:37Z,50.0,Versa 4
2026-05-14T06:11:37Z,50.0,Versa 4
2026-05-14T06:12:37Z,50.0,Versa 4
2026-05-14T06:13:37Z,95.8,Versa 4
2026-05-14T06:14:37Z,97.7,Versa 4
2026-05-14T06:15:37Z,98.5,Versa 4
2026-05-14T06:16:37Z,98.9,Versa 4
2026-05-14T06:17:37Z,99.2,Versa 4
2026-05-14T06:18:37Z,50.0,Versa 4
2026-05-14T06:19:37Z,99.1,Versa 4
2026-05-14T06:20:37Z,99.0,Versa 4
2026-05-14T06:21:37Z,98.9,Versa 4
2026-05-14T06:22:37Z,98.7,Versa 4
2026-05-14T06:23:37Z,98.5,Versa 4
2026-05-14T06:24:37Z,50.0,Versa 4
2026-05-14T06:25:37Z,98.8,Versa 4
2026-05-14T06:26:37Z,99.2,Versa 4
2026-05-14T06:27:37Z,99.5,Versa 4
2026-05-14T06:28:37Z,99.5,Versa 4
2026-05-14T06:29:37Z,99.8,Versa 4
2026-05-14T06:30:37Z,100.0,Versa 4
2026-05-14T06:31:37Z,100.0,Versa 4
2026-05-14T06:32:37Z,100.0,Versa 4
2026-05-14T06:33:37Z,50.0,Versa 4
2026-05-14T06:34:37Z,98.2,Versa 4
2026-05-14T06:35:37Z,96.5,Versa 4
2026-05-14T06:36:37Z,94.6,Versa 4
2026-05-14T06:37:37Z,95.4,Versa 4
2026-05-14T06:38:37Z,50.0,Versa 4
2026-05-14T06:39:37Z,96.6,Versa 4
2026-05-14T06:40:37Z,50.0,Versa 4
2026-05-14T06:41:37Z,96.6,Versa 4
2026-05-14T06:42:37Z,50.0,Versa 4
2026-05-14T06:43:37Z,96.9,Versa 4
2026-05-14T06:44:37Z,98.4,Versa 4
2026-05-14T06:45:37Z,50.0,Versa 4
2026-05-14T06:46:37Z,50.0,Versa 4
2026-05-14T06:47:37Z,98.4,Versa 4
2026-05-14T06:48:37Z,50.0,Versa 4
2026-05-14T06:49:37Z,98.5,Versa 4
2026-05-14T06:50:37Z,50.0,Versa 4
2026-05-14T06:51:37Z,50.0,Versa 4
2026-05-14T06:52:37Z,98.7,Versa 4
2026-05-14T06:53:37Z,98.9,Versa 4
2026-05-14T06:54:37Z,98.9,Versa 4
2026-05-14T06:55:37Z,98.9,Versa 4
2026-05-14T06:56:37Z,99.0,Versa 4
2026-05-14T06:57:37Z,99.0,Versa 4
2026-05-14T06:58:37Z,98.9,Versa 4
2026-05-14T06:59:37Z,50.0,Versa 4
2026-05-14T07:00:37Z,50.0,Versa 4
2026-05-14T07:01:37Z,50.0,Versa 4
2026-05-14T07:02:37Z,50.0,Versa 4
2026-05-14T07:03:37Z,99.1,Versa 4
2026-05-14T07:04:37Z,99.1,Versa 4
2026-05-14T07:05:37Z,99.1,Versa 4
2026-05-14T07:06:37Z,50.0,Versa 4
2026-05-14T07:07:37Z,99.2,Versa 4
2026-05-14T07:08:37Z,99.2,Versa 4
2026-05-14T07:09:37Z,99.2,Versa 4
2026-05-14T07:10:37Z,99.2,Versa 4
2026-05-14T07:11:37Z,99.1,Versa 4
2026-05-14T07:12:37Z,99.1,Versa 4
2026-05-14T07:13:37Z,99.2,Versa 4
2026-05-14T07:14:37Z,99.2,Versa 4
2026-05-14T07:15:37Z,99.1,Versa 4
2026-05-14T07:16:37Z,99.2,Versa 4
2026-05-14T07:17:37Z,99.2,Versa 4
2026-05-14T07:18:37Z,99.3,Versa 4
2026-05-14T07:19:37Z,99.3,Versa 4
2026-05-14T07:20:37Z,50.0,Versa 4
2026-05-14T07:21:37Z,99.4,Versa 4
2026-05-14T07:22:37Z,50.0,Versa 4
2026-05-14T07:23:37Z,99.5,Versa 4
2026-05-14T07:24:37Z,99.4,Versa 4
2026-05-14T07:25:37Z,50.0,Versa 4
2026-05-14T07:26:37Z,99.6,Versa 4
2026-05-14T07:27:37Z,99.1,Versa 4
2026-05-14T07:28:37Z,98.9,Versa 4
2026-05-14T07:29:37Z,98.7,Versa 4
2026-05-14T07:30:37Z,98.7,Versa 4
2026-05-14T07:31:37Z,98.9,Versa 4
2026-05-14T07:32:37Z,99.3,Versa 4
2026-05-14T07:33:37Z,99.5,Versa 4
2026-05-14T07:34:37Z,99.8,Versa 4
2026-05-14T07:35:37Z,100.0,Versa 4
2026-05-14T07:36:37Z,100.0,Versa 4
2026-05-14T07:37:37Z,100.0,Versa 4
2026-05-14T07:38:37Z,100.0,Versa 4
2026-05-14T07:39:37Z,50.0,Versa 4
2026-05-14T07:40:37Z,100.0,Versa 4
2026-05-14T07:41:37Z,100.0,Versa 4
2026-05-14T07:42:37Z,100.0,Versa 4
2026-05-14T07:43:37Z,100.0,Versa 4
2026-05-14T07:44:37Z,100.0,Versa 4
2026-05-14T07:45:37Z,100.0,Versa 4
2026-05-14T07:46:37Z,99.9,Versa 4
2026-05-14T07:47:37Z,99.7,Versa 4
2026-05-14T07:48:37Z,99.4,Versa 4
2026-05-14T07:49:37Z,99.4,Versa 4
2026-05-14T07:50:37Z,99.3,Versa 4
2026-05-14T07:51:37Z,99.2,Versa 4
2026-05-14T07:52:37Z,99.2,Versa 4
2026-05-14T07:53:37Z,99.0,Versa 4
2026-05-14T07:54:37Z,98.9,Versa 4
2026-05-14T07:55:37Z,99.2,Versa 4
2026-05-14T07:56:37Z,99.4,Versa 4
2026-05-14T07:57:37Z,99.5,Versa 4
2026-05-14T07:58:37Z,50.0,Versa 4
2026-05-14T07:59:37Z,99.4,Versa 4
2026-05-14T08:00:37Z,50.0,Versa 4
2026-05-14T08:01:37Z,50.0,Versa 4
2026-05-14T08:02:37Z,50.0,Versa 4
2026-05-14T08:03:37Z,99.9,Versa 4
2026-05-14T08:04:37Z,100.0,Versa 4
2026-05-14T08:05:37Z,50.0,Versa 4
2026-05-14T08:06:37Z,50.0,Versa 4
2026-05-14T08:07:37Z,50.0,Versa 4
2026-05-14T08:08:37Z,50.0,Versa 4
2026-05-14T08:09:37Z,100.0,Versa 4
2026-05-14T08:10:37Z,100.0,Versa 4
2026-05-14T08:11:37Z,100.0,Versa 4
2026-05-14T08:12:37Z,50.0,Versa 4
2026-05-14T08:13:37Z,50.0,Versa 4
2026-05-14T08:14:37Z,50.0,Versa 4
2026-05-14T08:15:37Z,50.0,Versa 4
2026-05-14T08:16:37Z,100.0,Versa 4
2026-05-14T08:17:37Z,100.0,Versa 4
2026-05-14T08:18:37Z,100.0,Versa 4
2026-05-14T08:19:37Z,100.0,Versa 4
2026-05-14T08:20:37Z,100.0,Versa 4
2026-05-14T08:21:37Z,99.7,Versa 4
2026-05-14T08:22:37Z,99.5,Versa 4
2026-05-14T08:23:37Z,99.3,Versa 4
2026-05-14T08:24:37Z,50.0,Versa 4
2026-05-14T08:25:37Z,50.0,Versa 4
2026-05-14T08:26:37Z,50.0,Versa 4
2026-05-14T08:27:37Z,50.0,Versa 4
2026-05-14T08:28:37Z,50.0,Versa 4
2026-05-14T08:29:37Z,50.0,Versa 4
2026-05-14T08:30:37Z,99.8,Versa 4
2026-05-14T08:31:37Z,100.0,Versa 4
2026-05-14T08:32:37Z,50.0,Versa 4
2026-05-14T08:33:37Z,50.0,Versa 4
2026-05-14T08:34:37Z,100.0,Versa 4
2026-05-14T08:35:37Z,100.0,Versa 4
2026-05-14T08:36:37Z,100.0,Versa 4
2026-05-14T08:37:37Z,99.8,Versa 4
2026-05-14T08:38:37Z,99.4,Versa 4
2026-05-14T08:39:37Z,50.0,Versa 4
2026-05-14T08:40:37Z,50.0,Versa 4
2026-05-14T08:41:37Z,50.0,Versa 4
2026-05-14T08:42:37Z,50.0,Versa 4
2026-05-14T08:43:37Z,50.0,Versa 4
2026-05-14T08:44:37Z,99.4,Versa 4
2026-05-14T08:45:37Z,99.3,Versa 4
2026-05-14T08:46:37Z,50.0,Versa 4
2026-05-15T00:00:05Z,50.0,Versa 4
2026-05-15T00:01:05Z,50.0,Versa 4
2026-05-15T00:02:05Z,97.3,Versa 4
2026-05-15T00:03:05Z,97.1,Versa 4
2026-05-15T00:04:05Z,96.7,Versa 4
2026-05-15T00:05:05Z,96.9,Versa 4
2026-05-15T00:06:05Z,50.0,Versa 4
2026-05-15T00:07:05Z,50.0,Versa 4
2026-05-15T00:08:05Z,96.7,Versa 4
2026-05-15T00:09:05Z,50.0,Versa 4
2026-05-15T00:10:05Z,96.5,Versa 4
2026-05-15T00:11:05Z,96.9,Versa 4
2026-05-15T00:12:05Z,97.1,Versa 4
2026-05-15T00:13:05Z,97.0,Versa 4
2026-05-15T00:14:05Z,50.0,Versa 4
2026-05-15T00:15:05Z,96.9,Versa 4
2026-05-15T00:16:05Z,50.0,Versa 4
2026-05-15T00:17:05Z,97.1,Versa 4
2026-05-15T00:18:05Z,96.7,Versa 4
2026-05-15T00:19:05Z,50.0,Versa 4
2026-05-15T00:20:05Z,95.9,Versa 4
2026-05-15T00:21:05Z,95.5,Versa 4
2026-05-15T00:22:05Z,94.9,Versa 4
2026-05-15T00:23:05Z,94.2,Versa 4
2026-05-15T00:24:05Z,93.9,Versa 4
2026-05-15T00:25:05Z,94.0,Versa 4
2026-05-15T00:26:05Z,94.5,Versa 4
2026-05-15T00:27:05Z,95.2,Versa 4
2026-05-15T00:28:05Z,95.5,Versa 4
2026-05-15T00:29:05Z,95.3,Versa 4
2026-05-15T00:30:05Z,50.0,Versa 4
2026-05-15T00:31:05Z,95.4,Versa 4
2026-05-15T00:32:05Z,95.9,Versa 4
2026-05-15T00:33:05Z,96.5,Versa 4
2026-05-15T00:34:05Z,96.8,Versa 4
2026-05-15T00:35:05Z,97.1,Versa 4
2026-05-15T00:36:05Z,97.4,Versa 4
2026-05-15T00:37:05Z,97.5,Versa 4
2026-05-15T00:38:05Z,50.0,Versa 4
2026-05-15T00:39:05Z,97.5,Versa 4
2026-05-15T00:40:05Z,97.5,Versa 4
2026-05-15T00:41:05Z,97.5,Versa 4
2026-05-15T00:42:05Z,97.6,Versa 4
2026-05-15T00:43:05Z,97.7,Versa 4
2026-05-15T00:44:05Z,97.7,Versa 4
2026-05-15T00:45:05Z,97.8,Versa 4
2026-05-15T00:46:05Z,97.8,Versa 4
2026-05-15T00:47:05Z,97.9,Versa 4
2026-05-15T00:48:05Z,97.9,Versa 4
2026-05-15T00:49:05Z,97.9,Versa 4
2026-05-15T00:50:05Z,97.9,Versa 4
2026-05-15T00:51:05Z,98.0,Versa 4
2026-05-15T00:52:05Z,98.0,Versa 4
2026-05-15T00:53:05Z,98.1,Versa 4
2026-05-15T00:54:05Z,98.0,Versa 4
2026-05-15T00:55:05Z,97.9,Versa 4
2026-05-15T00:56:05Z,97.9,Versa 4
2026-05-15T00:57:05Z,97.9,Versa 4
2026-05-15T00:58:05Z,97.9,Versa 4
2026-05-15T00:59:05Z,97.9,Versa 4
2026-05-15T01:00:05Z,97.9,Versa 4
2026-05-15T01:01:05Z,98.0,Versa 4
2026-05-15T01:02:05Z,97.9,Versa 4
2026-05-15T01:03:05Z,98.0,Versa 4
2026-05-15T01:04:05Z,97.9,Versa 4
2026-05-15T01:05:05Z,98.0,Versa 4
2026-05-15T01:06:05Z,97.9,Versa 4
2026-05-15T01:07:05Z,97.9,Versa 4
2026-05-15T01:08:05Z,97.9,Versa 4
2026-05-15T01:09:05Z,97.8,Versa 4
2026-05-15T01:10:05Z,97.7,Versa 4
2026-05-15T01:11:05Z,97.6,Versa 4
2026-05-15T01:12:05Z,97.6,Versa 4
2026-05-15T01:13:05Z,97.4,Versa 4
2026-05-15T01:14:05Z,97.3,Versa 4
2026-05-15T01:15:05Z,97.4,Versa 4
2026-05-15T01:16:05Z,97.4,Versa 4
2026-05-15T01:17:05Z,50.0,Versa 4
2026-05-15T01:18:05Z,96.4,Versa 4
2026-05-15T01:19:05Z,95.7,Versa 4
2026-05-15T01:20:05Z,95.3,Versa 4
2026-05-15T01:21:05Z,95.0,Versa 4
2026-05-15T01:22:05Z,50.0,Versa 4
2026-05-15T01:23:05Z,94.8,Versa 4
2026-05-15T01:24:05Z,95.0,Versa 4
2026-05-15T01:25:05Z,95.2,Versa 4
2026-05-15T01:26:05Z,95.3,Versa 4
2026-05-15T01:27:05Z,95.3,Versa 4
2026-05-15T01:28:05Z,50.0,Versa 4
2026-05-15T01:29:05Z,95.8,Versa 4
2026-05-15T01:30:05Z,96.1,Versa 4
2026-05-15T01:31:05Z,96.4,Versa 4
2026-05-15T01:32:05Z,96.5,Versa 4
2026-05-15T01:33:05Z,96.5,Versa 4
2026-05-15T01:34:05Z,96.5,Versa 4
2026-05-15T01:35:05Z,96.4,Versa 4
2026-05-15T01:36:05Z,96.3,Versa 4
2026-05-15T01:37:05Z,96.3,Versa 4
2026-05-15T01:38:05Z,50.0,Versa 4
2026-05-15T01:39:05Z,96.7,Versa 4
2026-05-15T01:40:05Z,97.2,Versa 4
2026-05-15T01:41:05Z,50.0,Versa 4
2026-05-15T01:42:05Z,96.7,Versa 4
2026-05-15T01:43:05Z,96.2,Versa 4
2026-05-15T01:44:05Z,95.8,Versa 4
2026-05-15T01:45:05Z,95.6,Versa 4
2026-05-15T01:46:05Z,95.4,Versa 4
2026-05-15T01:47:05Z,95.3,Versa 4
2026-05-15T01:48:05Z,95.3,Versa 4
2026-05-15T01:49:05Z,95.2,Versa 4
2026-05-15T01:50:05Z,95.3,Versa 4
2026-05-15T01:51:05Z,95.3,Versa 4
2026-05-15T01:52:05Z,95.3,Versa 4
2026-05-15T01:53:05Z,95.2,Versa 4
2026-05-15T01:54:05Z,95.3,Versa 4
2026-05-15T01:55:05Z,95.3,Versa 4
2026-05-15T01:56:05Z,95.4,Versa 4
2026-05-15T01:57:05Z,95.4,Versa 4
2026-05-15T01:58:05Z,95.4,Versa 4
2026-05-15T01:59:05Z,95.4,Versa 4
2026-05-15T02:00:05Z,95.4,Versa 4
2026-05-15T02:01:05Z,95.5,Versa 4
2026-05-15T02:02:05Z,95.5,Versa 4
2026-05-15T02:03:05Z,95.6,Versa 4
2026-05-15T02:04:05Z,95.6,Versa 4
2026-05-15T02:05:05Z,95.7,Versa 4
2026-05-15T02:06:05Z,95.6,Versa 4
2026-05-15T02:07:05Z,95.5,Versa 4
2026-05-15T02:08:05Z,95.5,Versa 4
2026-05-15T02:09:05Z,95.6,Versa 4
2026-05-15T02:10:05Z,95.6,Versa 4
2026-05-15T02:11:05Z,95.6,Versa 4
2026-05-15T02:12:05Z,95.6,Versa 4
2026-05-15T02:13:05Z,95.6,Versa 4
2026-05-15T02:14:05Z,95.6,Versa 4
2026-05-15T02:15:05Z,95.6,Versa 4
2026-05-15T02:16:05Z,95.6,Versa 4
2026-05-15T02:17:05Z,95.7,Versa 4
2026-05-15T02:18:05Z,95.7,Versa 4
2026-05-15T02:19:05Z,95.6,Versa 4
2026-05-15T02:20:05Z,95.6,Versa 4
2026-05-15T02:21:05Z,95.7,Versa 4
2026-05-15T02:22:05Z,95.6,Versa 4
2026-05-15T02:23:05Z,95.5,Versa 4
2026-05-15T02:24:05Z,95.5,Versa 4
2026-05-15T02:25:05Z,95.5,Versa 4
2026-05-15T02:26:05Z,95.5,Versa 4
2026-05-15T02:27:05Z,95.6,Versa 4
2026-05-15T02:28:05Z,95.6,Versa 4
2026-05-15T02:29:05Z,95.6,Versa 4
2026-05-15T02:30:05Z,95.6,Versa 4
2026-05-15T02:31:05Z,95.6,Versa 4
2026-05-15T02:32:05Z,95.6,Versa 4
2026-05-15T02:33:05Z,95.5,Versa 4
2026-05-15T02:34:05Z,95.5,Versa 4
2026-05-15T02:35:05Z,95.6,Versa 4
2026-05-15T02:36:05Z,95.5,Versa 4
2026-05-15T02:37:05Z,95.5,Versa 4
2026-05-15T02:38:05Z,95.5,Versa 4
2026-05-15T02:39:05Z,50.0,Versa 4
2026-05-15T02:40:05Z,95.5,Versa 4
2026-05-15T02:41:05Z,50.0,Versa 4
2026-05-15T02:42:05Z,95.6,Versa 4
2026-05-15T02:43:05Z,95.6,Versa 4
2026-05-15T02:44:05Z,95.6,Versa 4
2026-05-15T02:45:05Z,50.0,Versa 4
2026-05-15T02:46:05Z,97.5,Versa 4
2026-05-15T02:47:05Z,98.5,Versa 4
2026-05-15T02:48:05Z,99.4,Versa 4
2026-05-15T02:49:05Z,99.9,Versa 4
2026-05-15T02:50:05Z,100.0,Versa 4
2026-05-15T02:51:05Z,100.0,Versa 4
2026-05-15T02:52:05Z,50.0,Versa 4
2026-05-15T02:53:05Z,99.5,Versa 4
2026-05-15T02:54:05Z,98.2,Versa 4
2026-05-15T02:55:05Z,97.4,Versa 4
2026-05-15T02:56:05Z,96.9,Versa 4
2026-05-15T02:57:05Z,96.5,Versa 4
2026-05-15T02:58:05Z,96.1,Versa 4
2026-05-15T02:59:05Z,95.9,Versa 4
2026-05-15T03:00:05Z,95.8,Versa 4
2026-05-15T03:01:05Z,95.9,Versa 4
2026-05-15T03:02:05Z,50.0,Versa 4
2026-05-15T03:03:05Z,95.9,Versa 4
2026-05-15T03:04:05Z,95.9,Versa 4
2026-05-15T03:05:05Z,96.0,Versa 4
2026-05-15T03:06:05Z,96.2,Versa 4
2026-05-15T03:07:05Z,96.4,Versa 4
2026-05-15T03:08:05Z,96.5,Versa 4
2026-05-15T03:09:05Z,96.6,Versa 4
2026-05-15T03:10:05Z,96.4,Versa 4
2026-05-15T03:11:05Z,96.4,Versa 4
2026-05-15T03:12:05Z,96.4,Versa 4
2026-05-15T03:13:05Z,96.4,Versa 4
2026-05-15T03:14:05Z,96.1,Versa 4
2026-05-15T03:15:05Z,96.0,Versa 4
2026-05-15T03:16:05Z,96.0,Versa 4
2026-05-15T03:17:05Z,95.9,Versa 4
2026-05-15T03:18:05Z,95.9,Versa 4
2026-05-15T03:19:05Z,95.8,Versa 4
2026-05-15T03:20:05Z,95.8,Versa 4
2026-05-15T03:21:05Z,96.0,Versa 4
2026-05-15T03:22:05Z,95.6,Versa 4
2026-05-15T03:23:05Z,95.5,Versa 4
2026-05-15T03:24:05Z,95.6,Versa 4
2026-05-15T03:25:05Z,95.6,Versa 4
2026-05-15T03:26:05Z,95.6,Versa 4
2026-05-15T03:27:05Z,95.8,Versa 4
2026-05-15T03:28:05Z,95.7,Versa 4
2026-05-15T03:29:05Z,95.8,Versa 4
2026-05-15T03:30:05Z,95.8,Versa 4
2026-05-15T03:31:05Z,95.9,Versa 4
2026-05-15T03:32:05Z,95.7,Versa 4
2026-05-15T03:33:05Z,95.8,Versa 4
2026-05-15T03:34:05Z,96.0,Versa 4
2026-05-15T03:35:05Z,95.7,Versa 4
2026-05-15T03:36:05Z,95.7,Versa 4
2026-05-15T03:37:05Z,95.6,Versa 4
2026-05-15T03:38:05Z,95.7,Versa 4
2026-05-15T03:39:05Z,50.0,Versa 4
2026-05-15T03:40:05Z,95.7,Versa 4
2026-05-15T03:41:05Z,95.3,Versa 4
2026-05-15T03:42:05Z,94.7,Versa 4
2026-05-15T03:43:05Z,94.3,Versa 4
2026-05-15T03:44:05Z,94.1,Versa 4
2026-05-15T03:45:05Z,93.8,Versa 4
2026-05-15T03:46:05Z,93.7,Versa 4
2026-05-15T03:47:05Z,94.0,Versa 4
2026-05-15T03:48:05Z,94.7,Versa 4
2026-05-15T03:49:05Z,95.2,Versa 4
2026-05-15T03:50:05Z,95.6,Versa 4
2026-05-15T03:51:05Z,95.8,Versa 4
2026-05-15T03:52:05Z,95.9,Versa 4
2026-05-15T03:53:05Z,50.0,Versa 4
2026-05-15T03:54:05Z,50.0,Versa 4
2026-05-15T03:55:05Z,96.2,Versa 4
2026-05-15T03:56:05Z,97.3,Versa 4
2026-05-15T03:57:05Z,97.9,Versa 4
2026-05-15T03:58:05Z,98.3,Versa 4
2026-05-15T03:59:05Z,98.6,Versa 4
2026-05-15T04:00:05Z,50.0,Versa 4
2026-05-15T04:01:05Z,98.6,Versa 4
2026-05-15T04:02:05Z,98.0,Versa 4
2026-05-15T04:03:05Z,97.7,Versa 4
2026-05-15T04:04:05Z,97.4,Versa 4
2026-05-15T04:05:05Z,97.1,Versa 4
2026-05-15T04:06:05Z,50.0,Versa 4
2026-05-15T04:07:05Z,97.8,Versa 4
2026-05-15T04:08:05Z,97.7,Versa 4
2026-05-15T04:09:05Z,94.1,Versa 4
2026-05-15T04:10:05Z,50.0,Versa 4
2026-05-15T04:11:05Z,94.2,Versa 4
2026-05-15T04:12:05Z,94.9,Versa 4
2026-05-15T04:13:05Z,95.4,Versa 4
2026-05-15T04:14:05Z,95.5,Versa 4
2026-05-15T04:15:05Z,96.1,Versa 4
2026-05-15T04:16:05Z,96.3,Versa 4
2026-05-15T04:17:05Z,96.5,Versa 4
2026-05-15T04:18:05Z,96.6,Versa 4
2026-05-15T04:19:05Z,97.1,Versa 4
2026-05-15T04:20:05Z,97.3,Versa 4
2026-05-15T04:21:05Z,97.4,Versa 4
2026-05-15T04:22:05Z,97.8,Versa 4
2026-05-15T04:23:05Z,98.1,Versa 4
2026-05-15T04:24:05Z,98.8,Versa 4
2026-05-15T04:25:05Z,98.3,Versa 4
2026-05-15T04:26:05Z,50.0,Versa 4
2026-05-15T04:27:05Z,50.0,Versa 4
2026-05-15T04:28:05Z,97.5,Versa 4
2026-05-15T04:29:05Z,97.9,Versa 4
2026-05-15T04:30:05Z,97.9,Versa 4
2026-05-15T04:31:05Z,97.4,Versa 4
2026-05-15T04:32:05Z,97.3,Versa 4
2026-05-15T04:33:05Z,97.5,Versa 4
2026-05-15T04:34:05Z,97.0,Versa 4
2026-05-15T04:35:05Z,96.0,Versa 4
2026-05-15T04:36:05Z,95.6,Versa 4
2026-05-15T04:37:05Z,95.4,Versa 4
2026-05-15T04:38:05Z,95.0,Versa 4
2026-05-15T04:39:05Z,95.8,Versa 4
2026-05-15T04:40:05Z,95.9,Versa 4
2026-05-15T04:41:05Z,50.0,Versa 4
2026-05-15T04:42:05Z,95.5,Versa 4
2026-05-15T04:43:05Z,90.0,Versa 4
2026-05-15T04:44:05Z,50.0,Versa 4
2026-05-15T04:45:05Z,78.9,Versa 4
2026-05-15T04:46:05Z,50.0,Versa 4
2026-05-15T04:47:05Z,83.4,Versa 4
2026-05-15T04:48:05Z,87.0,Versa 4
2026-05-15T04:49:05Z,89.6,Versa 4
2026-05-15T04:50:05Z,91.5,Versa 4
2026-05-15T04:51:05Z,92.6,Versa 4
2026-05-15T04:52:05Z,93.4,Versa 4
2026-05-15T04:53:05Z,94.3,Versa 4
2026-05-15T04:54:05Z,94.5,Versa 4
2026-05-15T04:55:05Z,94.7,Versa 4
2026-05-15T04:56:05Z,94.9,Versa 4
2026-05-15T04:57:05Z,95.1,Versa 4
2026-05-15T04:58:05Z,95.0,Versa 4
2026-05-15T04:59:05Z,95.1,Versa 4
2026-05-15T05:00:05Z,95.1,Versa 4
2026-05-15T05:01:05Z,95.2,Versa 4
2026-05-15T05:02:05Z,95.0,Versa 4
2026-05-15T05:03:05Z,95.0,Versa 4
2026-05-15T05:04:05Z,94.9,Versa 4
2026-05-15T05:05:05Z,94.9,Versa 4
2026-05-15T05:06:05Z,95.1,Versa 4
2026-05-15T05:07:05Z,95.1,Versa 4
2026-05-15T05:08:05Z,95.2,Versa 4
2026-05-15T05:09:05Z,95.2,Versa 4
2026-05-15T05:10:05Z,95.1,Versa 4
2026-05-15T05:11:05Z,95.0,Versa 4
2026-05-15T05:12:05Z,95.0,Versa 4
2026-05-15T05:13:05Z,95.0,Versa 4
2026-05-15T05:14:05Z,94.9,Versa 4
2026-05-15T05:15:05Z,94.8,Versa 4
2026-05-15T05:16:05Z,95.0,Versa 4
2026-05-15T05:17:05Z,95.3,Versa 4
2026-05-15T05:18:05Z,95.3,Versa 4
2026-05-15T05:19:05Z,94.1,Versa 4
2026-05-15T05:20:05Z,93.0,Versa 4
2026-05-15T05:21:05Z,92.8,Versa 4
2026-05-15T05:22:05Z,50.0,Versa 4
2026-05-15T05:23:05Z,95.3,Versa 4
2026-05-15T05:24:05Z,95.6,Versa 4
2026-05-15T05:25:05Z,95.7,Versa 4
2026-05-15T05:26:05Z,50.0,Versa 4
2026-05-15T05:27:05Z,95.6,Versa 4
2026-05-15T05:28:05Z,94.6,Versa 4
2026-05-15T05:29:05Z,94.4,Versa 4
2026-05-15T05:30:05Z,94.7,Versa 4
2026-05-15T05:31:05Z,96.2,Versa 4
2026-05-15T05:32:05Z,97.5,Versa 4
2026-05-15T05:33:05Z,98.7,Versa 4
2026-05-15T05:34:05Z,99.9,Versa 4
2026-05-15T05:35:05Z,100.0,Versa 4
2026-05-15T05:36:05Z,100.0,Versa 4
2026-05-15T05:37:05Z,100.0,Versa 4
2026-05-15T05:38:05Z,100.0,Versa 4
2026-05-15T05:39:05Z,50.0,Versa 4
2026-05-15T05:40:05Z,99.8,Versa 4
2026-05-15T05:41:05Z,98.3,Versa 4
2026-05-15T05:42:05Z,97.5,Versa 4
2026-05-15T05:43:05Z,96.9,Versa 4
2026-05-15T05:44:05Z,96.8,Versa 4
2026-05-15T05:45:05Z,96.6,Versa 4
2026-05-15T05:46:05Z,96.4,Versa 4
2026-05-15T05:47:05Z,96.5,Versa 4
2026-05-15T05:48:05Z,96.9,Versa 4
2026-05-15T05:49:05Z,93.6,Versa 4
2026-05-15T05:50:05Z,93.3,Versa 4
2026-05-15T05:51:05Z,93.5,Versa 4
2026-05-15T05:52:05Z,93.9,Versa 4
2026-05-15T05:53:05Z,94.2,Versa 4
2026-05-15T05:54:05Z,94.4,Versa 4
2026-05-15T05:55:05Z,50.0,Versa 4
2026-05-15T05:56:05Z,95.1,Versa 4
2026-05-15T05:57:05Z,96.0,Versa 4
2026-05-15T05:58:05Z,50.0,Versa 4
2026-05-15T05:59:05Z,97.0,Versa 4
2026-05-15T06:00:05Z,98.1,Versa 4
2026-05-15T06:01:05Z,98.3,Versa 4
2026-05-15T06:02:05Z,98.6,Versa 4
2026-05-15T06:03:05Z,98.2,Versa 4
2026-05-15T06:04:05Z,98.7,Versa 4
2026-05-15T06:05:05Z,99.2,Versa 4
2026-05-15T06:06:05Z,99.2,Versa 4
2026-05-15T06:07:05Z,99.6,Versa 4
2026-05-15T06:08:05Z,98.9,Versa 4
2026-05-15T06:09:05Z,97.4,Versa 4
2026-05-15T06:10:05Z,96.2,Versa 4
2026-05-15T06:11:05Z,95.4,Versa 4
2026-05-15T06:12:05Z,95.1,Versa 4
2026-05-15T06:13:05Z,93.4,Versa 4
2026-05-15T06:14:05Z,93.5,Versa 4
2026-05-15T06:15:05Z,91.5,Versa 4
2026-05-15T06:16:05Z,50.0,Versa 4
2026-05-15T06:17:05Z,91.9,Versa 4
2026-05-15T06:18:05Z,93.4,Versa 4
2026-05-15T06:19:05Z,94.4,Versa 4
2026-05-15T06:20:05Z,95.1,Versa 4
2026-05-15T06:21:05Z,95.7,Versa 4
2026-05-15T06:22:05Z,95.3,Versa 4
2026-05-15T06:23:05Z,95.1,Versa 4
2026-05-15T06:24:05Z,50.0,Versa 4
2026-05-15T06:25:05Z,95.4,Versa 4
2026-05-15T06:26:05Z,95.8,Versa 4
2026-05-15T06:27:05Z,95.7,Versa 4
2026-05-15T06:28:05Z,95.3,Versa 4
2026-05-15T06:29:05Z,95.1,Versa 4
2026-05-15T06:30:05Z,50.0,Versa 4
2026-05-15T06:31:05Z,95.4,Versa 4
2026-05-15T06:32:05Z,95.8,Versa 4
2026-05-15T06:33:05Z,96.1,Versa 4
2026-05-15T06:34:05Z,96.3,Versa 4
2026-05-15T06:35:05Z,96.5,Versa 4
2026-05-15T06:36:05Z,96.7,Versa 4
2026-05-15T06:37:05Z,96.8,Versa 4
2026-05-15T06:38:05Z,96.9,Versa 4
2026-05-15T06:39:05Z,96.9,Versa 4
2026-05-15T06:40:05Z,96.9,Versa 4
2026-05-15T06:41:05Z,50.0,Versa 4
2026-05-15T06:42:05Z,96.4,Versa 4
2026-05-15T06:43:05Z,96.0,Versa 4
2026-05-15T06:44:05Z,50.0,Versa 4
2026-05-15T06:45:05Z,95.8,Versa 4
2026-05-15T06:46:05Z,50.0,Versa 4
2026-05-15T06:47:05Z,96.0,Versa 4
2026-05-15T06:48:05Z,97.1,Versa 4
2026-05-15T06:49:05Z,50.0,Versa 4
2026-05-15T06:50:05Z,94.6,Versa 4
2026-05-15T06:51:05Z,50.0,Versa 4
2026-05-15T06:52:05Z,50.0,Versa 4
2026-05-15T06:53:05Z,93.8,Versa 4
2026-05-15T06:54:05Z,94.7,Versa 4
2026-05-15T06:55:05Z,50.0,Versa 4
2026-05-15T06:56:05Z,95.3,Versa 4
2026-05-15T06:57:05Z,95.5,Versa 4
2026-05-15T06:58:05Z,50.0,Versa 4
2026-05-15T06:59:05Z,95.4,Versa 4
2026-05-15T07:00:05Z,96.0,Versa 4
2026-05-15T07:01:05Z,96.6,Versa 4
2026-05-15T07:02:05Z,97.2,Versa 4
2026-05-15T07:03:05Z,97.3,Versa 4
2026-05-15T07:04:05Z,97.5,Versa 4
2026-05-15T07:05:05Z,97.9,Versa 4
2026-05-15T07:06:05Z,98.7,Versa 4
2026-05-15T07:07:05Z,99.3,Versa 4
2026-05-15T07:08:05Z,99.9,Versa 4
2026-05-15T07:09:05Z,50.0,Versa 4
2026-05-15T07:10:05Z,50.0,Versa 4
2026-05-15T07:11:05Z,99.5,Versa 4
2026-05-15T07:12:05Z,50.0,Versa 4
2026-05-15T07:13:05Z,98.9,Versa 4
2026-05-15T07:14:05Z,50.0,Versa 4
2026-05-15T07:15:05Z,50.0,Versa 4
2026-05-15T07:16:05Z,50.0,Versa 4
2026-05-15T07:17:05Z,50.0,Versa 4
2026-05-15T07:18:05Z,50.0,Versa 4
2026-05-15T07:19:05Z,95.7,Versa 4
2026-05-15T07:20:05Z,94.3,Versa 4
2026-05-15T07:21:05Z,95.6,Versa 4
2026-05-15T07:22:05Z,95.2,Versa 4
2026-05-15T07:23:05Z,94.5,Versa 4
2026-05-15T07:24:05Z,50.0,Versa 4
2026-05-15T07:25:05Z,50.0,Versa 4
2026-05-15T07:26:05Z,93.5,Versa 4
2026-05-15T07:27:05Z,94.3,Versa 4
2026-05-15T07:28:05Z,93.7,Versa 4
2026-05-15T07:29:05Z,50.0,Versa 4
2026-05-15T07:30:05Z,93.0,Versa 4
2026-05-15T07:31:05Z,92.3,Versa 4
2026-05-15T07:32:05Z,50.0,Versa 4
2026-05-15T07:33:05Z,92.3,Versa 4
2026-05-18T13:20:03Z,50.0,Versa 4
2026-05-18T13:21:03Z,50.0,Versa 4
2026-05-18T13:22:03Z,50.0,Versa 4
2026-05-18T13:23:03Z,50.0,Versa 4
2026-05-18T13:24:03Z,50.0,Versa 4
2026-05-18T13:25:03Z,50.0,Versa 4
2026-05-18T23:10:33Z,97.7,Versa 4
2026-05-18T23:11:33Z,97.0,Versa 4
2026-05-18T23:12:33Z,50.0,Versa 4
2026-05-18T23:13:33Z,50.0,Versa 4
2026-05-18T23:14:33Z,96.6,Versa 4
2026-05-18T23:15:33Z,96.6,Versa 4
2026-05-18T23:16:33Z,96.6,Versa 4
2026-05-18T23:17:33Z,50.0,Versa 4
2026-05-18T23:18:33Z,96.8,Versa 4
2026-05-18T23:19:33Z,96.7,Versa 4
2026-05-18T23:20:33Z,96.5,Versa 4
2026-05-18T23:21:33Z,96.4,Versa 4
2026-05-18T23:22:33Z,96.5,Versa 4
2026-05-18T23:23:33Z,96.5,Versa 4
2026-05-18T23:24:33Z,96.4,Versa 4
2026-05-18T23:25:33Z,50.0,Versa 4
2026-05-18T23:26:33Z,50.0,Versa 4
2026-05-18T23:27:33Z,96.2,Versa 4
2026-05-18T23:28:33Z,95.7,Versa 4
2026-05-18T23:29:33Z,95.9,Versa 4
2026-05-18T23:30:33Z,95.9,Versa 4
2026-05-18T23:31:33Z,96.1,Versa 4
2026-05-18T23:32:33Z,96.4,Versa 4
2026-05-18T23:33:33Z,50.0,Versa 4
2026-05-18T23:34:33Z,96.4,Versa 4
2026-05-18T23:35:33Z,96.1,Versa 4
2026-05-18T23:36:33Z,95.7,Versa 4
2026-05-18T23:37:33Z,95.7,Versa 4
2026-05-18T23:38:33Z,95.8,Versa 4
2026-05-18T23:39:33Z,95.9,Versa 4
2026-05-18T23:40:33Z,96.0,Versa 4
2026-05-18T23:41:33Z,96.1,Versa 4
2026-05-18T23:42:33Z,96.2,Versa 4
2026-05-18T23:43:33Z,96.4,Versa 4
2026-05-18T23:44:33Z,96.4,Versa 4
2026-05-18T23:45:33Z,96.5,Versa 4
2026-05-18T23:46:33Z,96.6,Versa 4
2026-05-18T23:47:33Z,96.7,Versa 4
2026-05-18T23:48:33Z,96.8,Versa 4
2026-05-18T23:49:33Z,96.7,Versa 4
2026-05-18T23:50:33Z,96.7,Versa 4
2026-05-18T23:51:33Z,96.6,Versa 4
2026-05-18T23:52:33Z,96.5,Versa 4
2026-05-18T23:53:33Z,96.4,Versa 4
2026-05-18T23:54:33Z,96.3,Versa 4
2026-05-18T23:55:33Z,96.2,Versa 4
2026-05-18T23:56:33Z,96.2,Versa 4
2026-05-18T23:57:33Z,96.1,Versa 4
2026-05-18T23:58:33Z,96.1,Versa 4
2026-05-18T23:59:33Z,96.1,Versa 4
2026-05-19T00:00:33Z,96.0,Versa 4
2026-05-19T00:01:33Z,95.9,Versa 4
2026-05-19T00:02:33Z,95.9,Versa 4
2026-05-19T00:03:33Z,95.8,Versa 4
2026-05-19T00:04:33Z,95.8,Versa 4
2026-05-19T00:05:33Z,95.6,Versa 4
2026-05-19T00:06:33Z,95.5,Versa 4
2026-05-19T00:07:33Z,95.4,Versa 4
2026-05-19T00:08:33Z,95.3,Versa 4
2026-05-19T00:09:33Z,95.2,Versa 4
2026-05-19T00:10:33Z,50.0,Versa 4
2026-05-19T00:11:33Z,50.0,Versa 4
2026-05-19T00:12:33Z,95.1,Versa 4
2026-05-19T00:13:33Z,95.0,Versa 4
2026-05-19T00:14:33Z,94.8,Versa 4
2026-05-19T00:15:33Z,94.7,Versa 4
2026-05-19T00:16:33Z,94.7,Versa 4
2026-05-19T00:17:33Z,94.7,Versa 4
2026-05-19T00:18:33Z,94.8,Versa 4
2026-05-19T00:19:33Z,94.8,Versa 4
2026-05-19T00:20:33Z,94.9,Versa 4
2026-05-19T00:21:33Z,95.0,Versa 4
2026-05-19T00:22:33Z,95.1,Versa 4
2026-05-19T00:23:33Z,95.0,Versa 4
2026-05-19T00:24:33Z,95.1,Versa 4
2026-05-19T00:25:33Z,95.0,Versa 4
2026-05-19T00:26:33Z,95.3,Versa 4
2026-05-19T00:27:33Z,95.2,Versa 4
2026-05-19T00:28:33Z,95.1,Versa 4
2026-05-19T00:29:33Z,95.2,Versa 4
2026-05-19T00:30:33Z,95.3,Versa 4
2026-05-19T00:31:33Z,95.5,Versa 4
2026-05-19T00:32:33Z,95.3,Versa 4
2026-05-19T00:33:33Z,95.0,Versa 4
2026-05-19T00:34:33Z,94.8,Versa 4
2026-05-19T00:35:33Z,50.0,Versa 4
2026-05-19T00:36:33Z,95.3,Versa 4
2026-05-19T00:37:33Z,95.6,Versa 4
2026-05-19T00:38:33Z,95.7,Versa 4
2026-05-19T00:39:33Z,95.8,Versa 4
2026-05-19T00:40:33Z,95.9,Versa 4
2026-05-19T00:41:33Z,95.9,Versa 4
2026-05-19T00:42:33Z,96.0,Versa 4
2026-05-19T00:43:33Z,96.0,Versa 4
2026-05-19T00:44:33Z,96.0,Versa 4
2026-05-19T00:45:33Z,96.1,Versa 4
2026-05-19T00:46:33Z,96.1,Versa 4
2026-05-19T00:47:33Z,96.1,Versa 4
2026-05-19T00:48:33Z,96.1,Versa 4
2026-05-19T00:49:33Z,96.2,Versa 4
2026-05-19T00:50:33Z,96.2,Versa 4
2026-05-19T00:51:33Z,96.2,Versa 4
2026-05-19T00:52:33Z,96.2,Versa 4
2026-05-19T00:53:33Z,96.3,Versa 4
2026-05-19T00:54:33Z,96.3,Versa 4
2026-05-19T00:55:33Z,96.3,Versa 4
2026-05-19T00:56:33Z,96.3,Versa 4
2026-05-19T00:57:33Z,96.2,Versa 4
2026-05-19T00:58:33Z,96.3,Versa 4
2026-05-19T00:59:33Z,96.3,Versa 4
2026-05-19T01:00:33Z,96.3,Versa 4
2026-05-19T01:01:33Z,96.3,Versa 4
2026-05-19T01:02:33Z,96.3,Versa 4
2026-05-19T01:03:33Z,96.3,Versa 4
2026-05-19T01:04:33Z,96.4,Versa 4
2026-05-19T01:05:33Z,96.4,Versa 4
2026-05-19T01:06:33Z,96.4,Versa 4
2026-05-19T01:07:33Z,96.4,Versa 4
2026-05-19T01:08:33Z,96.4,Versa 4
2026-05-19T01:09:33Z,96.4,Versa 4
2026-05-19T01:10:33Z,96.3,Versa 4
2026-05-19T01:11:33Z,96.4,Versa 4
2026-05-19T01:12:33Z,96.4,Versa 4
2026-05-19T01:13:33Z,96.4,Versa 4
2026-05-19T01:14:33Z,96.4,Versa 4
2026-05-19T01:15:33Z,96.4,Versa 4
2026-05-19T01:16:33Z,96.4,Versa 4
2026-05-19T01:17:33Z,96.4,Versa 4
2026-05-19T01:18:33Z,96.4,Versa 4
2026-05-19T01:19:33Z,96.4,Versa 4
2026-05-19T01:20:33Z,96.4,Versa 4
2026-05-19T01:21:33Z,50.0,Versa 4
2026-05-19T01:22:33Z,96.3,Versa 4
2026-05-19T01:23:33Z,50.0,Versa 4
2026-05-19T01:24:33Z,50.0,Versa 4
2026-05-19T01:25:33Z,96.3,Versa 4
2026-05-19T01:26:33Z,96.1,Versa 4
2026-05-19T01:27:33Z,95.9,Versa 4
2026-05-19T01:28:33Z,95.7,Versa 4
2026-05-19T01:29:33Z,95.7,Versa 4
2026-05-19T01:30:33Z,95.7,Versa 4
2026-05-19T01:31:33Z,95.7,Versa 4
2026-05-19T01:32:33Z,95.7,Versa 4
2026-05-19T01:33:33Z,95.6,Versa 4
2026-05-19T01:34:33Z,95.6,Versa 4
2026-05-19T01:35:33Z,95.6,Versa 4
2026-05-19T01:36:33Z,95.7,Versa 4
2026-05-19T01:37:33Z,95.7,Versa 4
2026-05-19T01:38:33Z,95.7,Versa 4
2026-05-19T01:39:33Z,95.7,Versa 4
2026-05-19T01:40:33Z,95.7,Versa 4
2026-05-19T01:41:33Z,95.7,Versa 4
2026-05-19T01:42:33Z,95.8,Versa 4
2026-05-19T01:43:33Z,95.8,Versa 4
2026-05-19T01:44:33Z,95.7,Versa 4
2026-05-19T01:45:33Z,95.7,Versa 4
2026-05-19T01:46:33Z,95.7,Versa 4
2026-05-19T01:47:33Z,95.7,Versa 4
2026-05-19T01:48:33Z,95.7,Versa 4
2026-05-19T01:49:33Z,95.7,Versa 4
2026-05-19T01:50:33Z,95.7,Versa 4
2026-05-19T01:51:33Z,95.7,Versa 4
2026-05-19T01:52:33Z,95.7,Versa 4
2026-05-19T01:53:33Z,95.7,Versa 4
2026-05-19T01:54:33Z,95.7,Versa 4
2026-05-19T01:55:33Z,95.7,Versa 4
2026-05-19T01:56:33Z,95.7,Versa 4
2026-05-19T01:57:33Z,95.8,Versa 4
2026-05-19T01:58:33Z,95.8,Versa 4
2026-05-19T01:59:33Z,95.8,Versa 4
2026-05-19T02:00:33Z,95.8,Versa 4
2026-05-19T02:01:33Z,95.8,Versa 4
2026-05-19T02:02:33Z,95.7,Versa 4
2026-05-19T02:03:33Z,95.8,Versa 4
2026-05-19T02:04:33Z,95.8,Versa 4
2026-05-19T02:05:33Z,95.8,Versa 4
2026-05-19T02:06:33Z,50.0,Versa 4
2026-05-19T02:07:33Z,96.1,Versa 4
2026-05-19T02:08:33Z,50.0,Versa 4
2026-05-19T02:09:33Z,97.0,Versa 4
2026-05-19T02:10:33Z,96.6,Versa 4
2026-05-19T02:11:33Z,96.3,Versa 4
2026-05-19T02:12:33Z,96.0,Versa 4
2026-05-19T02:13:33Z,95.7,Versa 4
2026-05-19T02:14:33Z,95.6,Versa 4
2026-05-19T02:15:33Z,95.6,Versa 4
2026-05-19T02:16:33Z,95.7,Versa 4
2026-05-19T02:17:33Z,95.6,Versa 4
2026-05-19T02:18:33Z,95.6,Versa 4
2026-05-19T02:19:33Z,95.7,Versa 4
2026-05-19T02:20:33Z,95.7,Versa 4
2026-05-19T02:21:33Z,50.0,Versa 4
2026-05-19T02:22:33Z,95.6,Versa 4
2026-05-19T02:23:33Z,50.0,Versa 4
2026-05-19T02:24:33Z,95.7,Versa 4
2026-05-19T02:25:33Z,96.0,Versa 4
2026-05-19T02:26:33Z,96.3,Versa 4
2026-05-19T02:27:33Z,50.0,Versa 4
2026-05-19T02:28:33Z,50.0,Versa 4
2026-05-19T02:29:33Z,50.0,Versa 4
2026-05-19T02:30:33Z,96.0,Versa 4
2026-05-19T02:31:33Z,50.0,Versa 4
2026-05-19T02:32:33Z,96.5,Versa 4
2026-05-19T02:33:33Z,50.0,Versa 4
2026-05-19T02:34:33Z,50.0,Versa 4
2026-05-19T02:35:33Z,96.0,Versa 4
2026-05-19T02:36:33Z,95.1,Versa 4
2026-05-19T02:37:33Z,94.7,Versa 4
2026-05-19T02:38:33Z,94.1,Versa 4
2026-05-19T02:39:33Z,93.7,Versa 4
2026-05-19T02:40:33Z,93.5,Versa 4
2026-05-19T02:41:33Z,50.0,Versa 4
2026-05-19T02:42:33Z,93.6,Versa 4
2026-05-19T02:43:33Z,50.0,Versa 4
2026-05-19T02:44:33Z,94.9,Versa 4
2026-05-19T02:45:33Z,95.7,Versa 4
2026-05-19T02:46:33Z,97.0,Versa 4
2026-05-19T02:47:33Z,97.9,Versa 4
2026-05-19T02:48:33Z,98.1,Versa 4
2026-05-19T02:49:33Z,98.7,Versa 4
2026-05-19T02:50:33Z,98.8,Versa 4
2026-05-19T02:51:33Z,98.8,Versa 4
2026-05-19T02:52:33Z,99.3,Versa 4
2026-05-19T02:53:33Z,98.9,Versa 4
2026-05-19T02:54:33Z,50.0,Versa 4
2026-05-19T02:55:33Z,97.8,Versa 4
2026-05-19T02:56:33Z,97.0,Versa 4
2026-05-19T02:57:33Z,96.7,Versa 4
2026-05-19T02:58:33Z,96.1,Versa 4
2026-05-19T02:59:33Z,95.8,Versa 4
2026-05-19T03:00:33Z,95.6,Versa 4
2026-05-19T03:01:33Z,95.3,Versa 4
2026-05-19T03:02:33Z,95.1,Versa 4
2026-05-19T03:03:33Z,95.0,Versa 4
2026-05-19T03:04:33Z,95.1,Versa 4
2026-05-19T03:05:33Z,95.1,Versa 4
2026-05-19T03:06:33Z,95.1,Versa 4
2026-05-19T03:07:33Z,50.0,Versa 4
2026-05-19T03:08:33Z,95.1,Versa 4
2026-05-19T03:09:33Z,95.1,Versa 4
2026-05-19T03:10:33Z,95.1,Versa 4
2026-05-19T03:11:33Z,95.2,Versa 4
2026-05-19T03:12:33Z,95.4,Versa 4
2026-05-19T03:13:33Z,95.5,Versa 4
2026-05-19T03:14:33Z,95.5,Versa 4
2026-05-19T03:15:33Z,95.7,Versa 4
2026-05-19T03:16:33Z,95.7,Versa 4
2026-05-19T03:17:33Z,95.8,Versa 4
2026-05-19T03:18:33Z,95.9,Versa 4
2026-05-19T03:19:33Z,95.9,Versa 4
2026-05-19T03:20:33Z,96.0,Versa 4
2026-05-19T03:21:33Z,96.0,Versa 4
2026-05-19T03:22:33Z,95.9,Versa 4
2026-05-19T03:23:33Z,95.9,Versa 4
2026-05-19T03:24:33Z,95.9,Versa 4
2026-05-19T03:25:33Z,95.9,Versa 4
2026-05-19T03:26:33Z,95.9,Versa 4
2026-05-19T03:27:33Z,95.9,Versa 4
2026-05-19T03:28:33Z,95.9,Versa 4
2026-05-19T03:29:33Z,95.8,Versa 4
2026-05-19T03:30:33Z,95.8,Versa 4
2026-05-19T03:31:33Z,95.7,Versa 4
2026-05-19T03:32:33Z,95.8,Versa 4
2026-05-19T03:33:33Z,95.8,Versa 4
2026-05-19T03:34:33Z,95.8,Versa 4
2026-05-19T03:35:33Z,95.7,Versa 4
2026-05-19T03:36:33Z,95.8,Versa 4
2026-05-19T03:37:33Z,95.7,Versa 4
2026-05-19T03:38:33Z,95.7,Versa 4
2026-05-19T03:39:33Z,95.7,Versa 4
2026-05-19T03:40:33Z,95.7,Versa 4
2026-05-19T03:41:33Z,95.7,Versa 4
2026-05-19T03:42:33Z,95.8,Versa 4
2026-05-19T03:43:33Z,95.7,Versa 4
2026-05-19T03:44:33Z,95.8,Versa 4
2026-05-19T03:45:33Z,95.8,Versa 4
2026-05-19T03:46:33Z,95.8,Versa 4
2026-05-19T03:47:33Z,95.8,Versa 4
2026-05-19T03:48:33Z,95.8,Versa 4
2026-05-19T03:49:33Z,95.9,Versa 4
2026-05-19T03:50:33Z,95.9,Versa 4
2026-05-19T03:51:33Z,95.9,Versa 4
2026-05-19T03:52:33Z,95.9,Versa 4
2026-05-19T03:53:33Z,50.0,Versa 4
2026-05-19T03:54:33Z,95.6,Versa 4
2026-05-19T03:55:33Z,95.6,Versa 4
2026-05-19T03:56:33Z,95.6,Versa 4
2026-05-19T03:57:33Z,95.6,Versa 4
2026-05-19T03:58:33Z,95.5,Versa 4
2026-05-19T03:59:33Z,95.8,Versa 4
2026-05-19T04:00:33Z,96.0,Versa 4
2026-05-19T04:01:33Z,96.3,Versa 4
2026-05-19T04:02:33Z,96.6,Versa 4
2026-05-19T04:03:33Z,96.7,Versa 4
2026-05-19T04:04:33Z,96.9,Versa 4
2026-05-19T04:05:33Z,50.0,Versa 4
2026-05-19T04:06:33Z,97.0,Versa 4
2026-05-19T04:07:33Z,97.0,Versa 4
2026-05-19T04:08:33Z,96.4,Versa 4
2026-05-19T04:09:33Z,50.0,Versa 4
2026-05-19T04:10:33Z,96.9,Versa 4
2026-05-19T04:11:33Z,97.5,Versa 4
2026-05-19T04:12:33Z,50.0,Versa 4
2026-05-19T04:13:33Z,96.9,Versa 4
2026-05-19T04:14:33Z,50.0,Versa 4
2026-05-19T04:15:33Z,95.6,Versa 4
2026-05-19T04:16:33Z,94.7,Versa 4
2026-05-19T04:17:33Z,94.9,Versa 4
2026-05-19T04:18:33Z,94.5,Versa 4
2026-05-19T04:19:33Z,94.5,Versa 4
2026-05-19T04:20:33Z,95.0,Versa 4
2026-05-19T04:21:33Z,95.4,Versa 4
2026-05-19T04:22:33Z,95.6,Versa 4
2026-05-19T04:23:33Z,95.8,Versa 4
2026-05-19T04:24:33Z,95.6,Versa 4
2026-05-19T04:25:33Z,95.6,Versa 4
2026-05-19T04:26:33Z,95.8,Versa 4
2026-05-19T04:27:33Z,95.7,Versa 4
2026-05-19T04:28:33Z,95.7,Versa 4
2026-05-19T04:29:33Z,96.1,Versa 4
2026-05-19T04:30:33Z,96.4,Versa 4
2026-05-19T04:31:33Z,96.3,Versa 4
2026-05-19T04:32:33Z,50.0,Versa 4
2026-05-19T04:33:33Z,96.5,Versa 4
2026-05-19T04:34:33Z,96.4,Versa 4
2026-05-19T04:35:33Z,96.4,Versa 4
2026-05-19T04:36:33Z,96.4,Versa 4
2026-05-19T04:37:33Z,96.5,Versa 4
2026-05-19T04:38:33Z,96.5,Versa 4
2026-05-19T04:39:33Z,50.0,Versa 4
2026-05-19T04:40:33Z,96.8,Versa 4
2026-05-19T04:41:33Z,50.0,Versa 4
2026-05-19T04:42:33Z,50.0,Versa 4
2026-05-19T04:43:33Z,97.1,Versa 4
2026-05-19T04:44:33Z,98.8,Versa 4
2026-05-19T04:45:33Z,50.0,Versa 4
2026-05-19T04:46:33Z,99.0,Versa 4
2026-05-19T04:47:33Z,99.0,Versa 4
2026-05-19T04:48:33Z,99.2,Versa 4
2026-05-19T04:49:33Z,99.4,Versa 4
2026-05-19T04:50:33Z,99.6,Versa 4
2026-05-19T04:51:33Z,99.7,Versa 4
2026-05-19T04:52:33Z,99.8,Versa 4
2026-05-19T04:53:33Z,99.8,Versa 4
2026-05-19T04:54:33Z,99.9,Versa 4
2026-05-19T04:55:33Z,99.9,Versa 4
2026-05-19T04:56:33Z,99.9,Versa 4
2026-05-19T04:57:33Z,99.9,Versa 4
2026-05-19T04:58:33Z,99.9,Versa 4
2026-05-19T04:59:33Z,99.9,Versa 4
2026-05-19T05:00:33Z,98.6,Versa 4
2026-05-19T05:01:33Z,97.2,Versa 4
2026-05-19T05:02:33Z,96.4,Versa 4
2026-05-19T05:03:33Z,95.8,Versa 4
2026-05-19T05:04:33Z,95.6,Versa 4
2026-05-19T05:05:33Z,95.5,Versa 4
2026-05-19T05:06:33Z,50.0,Versa 4
2026-05-19T05:07:33Z,50.0,Versa 4
2026-05-19T05:08:33Z,95.6,Versa 4
2026-05-19T05:09:33Z,95.5,Versa 4
2026-05-19T05:10:33Z,95.6,Versa 4
2026-05-19T05:11:33Z,95.6,Versa 4
2026-05-19T05:12:33Z,95.5,Versa 4
2026-05-19T05:13:33Z,95.6,Versa 4
2026-05-19T05:14:33Z,50.0,Versa 4
2026-05-19T05:15:33Z,95.8,Versa 4
2026-05-19T05:16:33Z,96.0,Versa 4
2026-05-19T05:17:33Z,96.1,Versa 4
2026-05-19T05:18:33Z,96.2,Versa 4
2026-05-19T05:19:33Z,96.3,Versa 4
2026-05-19T05:20:33Z,96.3,Versa 4
2026-05-19T05:21:33Z,96.4,Versa 4
2026-05-19T05:22:33Z,96.4,Versa 4
2026-05-19T05:23:33Z,96.4,Versa 4
2026-05-19T05:24:33Z,96.5,Versa 4
2026-05-19T05:25:33Z,96.5,Versa 4
2026-05-19T05:26:33Z,96.5,Versa 4
2026-05-19T05:27:33Z,96.5,Versa 4
2026-05-19T05:28:33Z,50.0,Versa 4
2026-05-19T05:29:33Z,96.4,Versa 4
2026-05-19T05:30:33Z,96.0,Versa 4
2026-05-19T05:31:33Z,96.1,Versa 4
2026-05-19T05:32:33Z,96.2,Versa 4
2026-05-19T05:33:33Z,96.5,Versa 4
2026-05-19T05:34:33Z,96.5,Versa 4
2026-05-19T05:35:33Z,96.7,Versa 4
2026-05-19T05:36:33Z,96.7,Versa 4
2026-05-19T05:37:33Z,96.9,Versa 4
2026-05-19T05:38:33Z,97.0,Versa 4
2026-05-19T05:39:33Z,50.0,Versa 4
2026-05-19T05:40:33Z,96.4,Versa 4
2026-05-19T05:41:33Z,50.0,Versa 4
2026-05-19T05:42:33Z,96.3,Versa 4
2026-05-19T05:43:33Z,96.3,Versa 4
2026-05-19T05:44:33Z,96.2,Versa 4
2026-05-19T05:45:33Z,96.1,Versa 4
2026-05-19T05:46:33Z,96.1,Versa 4
2026-05-19T05:47:33Z,96.0,Versa 4
2026-05-19T05:48:33Z,50.0,Versa 4
2026-05-19T05:49:33Z,96.5,Versa 4
2026-05-19T05:50:33Z,97.4,Versa 4
2026-05-19T05:51:33Z,97.4,Versa 4
2026-05-19T05:52:33Z,96.8,Versa 4
2026-05-19T05:53:33Z,96.6,Versa 4
2026-05-19T05:54:33Z,50.0,Versa 4
2026-05-19T05:55:33Z,96.4,Versa 4
2026-05-19T05:56:33Z,96.3,Versa 4
2026-05-19T05:57:33Z,96.4,Versa 4
2026-05-19T05:58:33Z,96.5,Versa 4
2026-05-19T05:59:33Z,50.0,Versa 4
2026-05-19T06:00:33Z,96.9,Versa 4
2026-05-19T06:01:33Z,50.0,Versa 4
2026-05-19T06:02:33Z,97.0,Versa 4
2026-05-19T06:03:33Z,96.9,Versa 4
2026-05-19T06:04:33Z,50.0,Versa 4
2026-05-19T06:05:33Z,97.7,Versa 4
2026-05-19T06:06:33Z,50.0,Versa 4
2026-05-19T06:07:33Z,97.3,Versa 4
2026-05-19T06:08:33Z,97.5,Versa 4
2026-05-19T06:09:33Z,97.9,Versa 4
2026-05-19T06:10:33Z,97.4,Versa 4
2026-05-19T06:11:33Z,97.1,Versa 4
2026-05-19T06:12:33Z,95.5,Versa 4
2026-05-19T06:13:33Z,50.0,Versa 4
2026-05-19T06:14:33Z,95.0,Versa 4
2026-05-19T06:15:33Z,95.4,Versa 4
2026-05-19T06:16:33Z,95.8,Versa 4
2026-05-19T06:17:33Z,96.2,Versa 4
2026-05-19T06:18:33Z,96.5,Versa 4
2026-05-19T06:19:33Z,50.0,Versa 4
2026-05-19T06:20:33Z,96.4,Versa 4
2026-05-19T06:21:33Z,96.3,Versa 4
2026-05-19T06:22:33Z,96.1,Versa 4
2026-05-19T06:23:33Z,96.1,Versa 4
2026-05-19T06:24:33Z,96.0,Versa 4
2026-05-19T06:25:33Z,96.0,Versa 4
2026-05-19T06:26:33Z,96.0,Versa 4
2026-05-19T06:27:33Z,50.0,Versa 4
2026-05-19T06:28:33Z,95.8,Versa 4
2026-05-19T06:29:33Z,95.6,Versa 4
2026-05-19T06:30:33Z,95.5,Versa 4
2026-05-19T06:31:33Z,95.4,Versa 4
2026-05-19T06:32:33Z,95.4,Versa 4
2026-05-19T06:33:33Z,95.3,Versa 4
2026-05-19T06:34:33Z,95.2,Versa 4
2026-05-19T06:35:33Z,95.4,Versa 4
2026-05-19T06:36:33Z,94.8,Versa 4
2026-05-19T06:37:33Z,94.7,Versa 4
2026-05-19T06:38:33Z,94.6,Versa 4
2026-05-19T06:39:33Z,50.0,Versa 4
2026-05-19T06:40:33Z,94.9,Versa 4
2026-05-19T06:41:33Z,94.8,Versa 4
2026-05-19T06:42:33Z,94.7,Versa 4
2026-05-19T06:43:33Z,94.8,Versa 4
2026-05-19T06:44:33Z,94.8,Versa 4
2026-05-19T06:45:33Z,95.0,Versa 4
2026-05-19T06:46:33Z,95.1,Versa 4
2026-05-19T06:47:33Z,95.1,Versa 4
2026-05-19T06:48:33Z,95.2,Versa 4
2026-05-19T06:49:33Z,95.3,Versa 4
2026-05-19T06:50:33Z,95.5,Versa 4
2026-05-19T06:51:33Z,95.6,Versa 4
2026-05-19T06:52:33Z,95.6,Versa 4
2026-05-19T06:53:33Z,95.6,Versa 4
2026-05-19T06:54:33Z,95.6,Versa 4
2026-05-19T06:55:33Z,95.6,Versa 4
2026-05-19T06:56:33Z,95.6,Versa 4
2026-05-19T06:57:33Z,95.6,Versa 4
2026-05-19T06:58:33Z,95.6,Versa 4
2026-05-19T06:59:33Z,50.0,Versa 4
2026-05-19T07:00:33Z,50.0,Versa 4
2026-05-19T07:01:33Z,50.0,Versa 4
2026-05-19T07:02:33Z,96.0,Versa 4
2026-05-19T07:03:33Z,50.0,Versa 4
2026-05-19T07:04:33Z,96.0,Versa 4
2026-05-19T07:05:33Z,50.0,Versa 4
2026-05-19T07:06:33Z,96.0,Versa 4
2026-05-19T07:07:33Z,96.0,Versa 4
2026-05-19T07:08:33Z,95.9,Versa 4
2026-05-19T07:09:33Z,96.0,Versa 4
2026-05-19T07:10:33Z,50.0,Versa 4
2026-05-19T07:11:33Z,96.7,Versa 4
2026-05-19T07:12:33Z,97.3,Versa 4
2026-05-19T07:13:33Z,97.1,Versa 4
2026-05-19T07:14:33Z,96.7,Versa 4
2026-05-19T07:15:33Z,50.0,Versa 4
2026-05-19T07:16:33Z,50.0,Versa 4
2026-05-19T07:17:33Z,96.8,Versa 4
2026-05-19T07:18:33Z,96.8,Versa 4
2026-05-19T07:19:33Z,96.8,Versa 4
2026-05-19T07:20:33Z,97.2,Versa 4
2026-05-19T07:21:33Z,97.7,Versa 4
2026-05-19T07:22:33Z,50.0,Versa 4
2026-05-19T07:23:33Z,50.0,Versa 4
2026-05-19T07:24:33Z,50.0,Versa 4
2026-05-19T07:25:33Z,97.3,Versa 4
2026-05-19T07:26:33Z,50.0,Versa 4
2026-05-19T07:27:33Z,96.8,Versa 4
2026-05-19T07:28:33Z,96.6,Versa 4
2026-05-19T07:29:33Z,50.0,Versa 4
2026-05-19T07:30:33Z,50.0,Versa 4
2026-05-19T07:31:33Z,50.0,Versa 4
2026-05-19T07:32:33Z,50.0,Versa 4
2026-05-19T07:33:33Z,96.2,Versa 4
2026-05-19T07:34:33Z,96.0,Versa 4
2026-05-19T07:35:33Z,96.2,Versa 4
2026-05-19T07:36:33Z,96.3,Versa 4
2026-05-19T07:37:33Z,96.3,Versa 4
2026-05-19T07:38:33Z,96.5,Versa 4
2026-05-19T07:39:33Z,96.3,Versa 4
2026-05-19T07:40:33Z,96.1,Versa 4
2026-05-19T07:41:33Z,95.7,Versa 4
2026-05-19T07:42:33Z,50.0,Versa 4
2026-05-19T07:43:33Z,95.9,Versa 4
2026-05-19T07:44:33Z,95.7,Versa 4
2026-05-19T07:45:33Z,96.4,Versa 4
2026-05-19T07:46:33Z,95.5,Versa 4
2026-05-19T07:47:33Z,95.5,Versa 4
2026-05-19T07:48:33Z,94.2,Versa 4
2026-05-19T07:49:33Z,94.6,Versa 4
2026-05-19T07:50:33Z,94.7,Versa 4
2026-05-19T07:51:33Z,95.5,Versa 4
2026-05-19T07:52:33Z,95.6,Versa 4
2026-05-19T07:53:33Z,95.2,Versa 4
2026-05-19T07:54:33Z,94.5,Versa 4
2026-05-19T07:55:33Z,94.4,Versa 4
2026-05-19T07:56:33Z,95.1,Versa 4
2026-05-19T07:57:33Z,50.0,Versa 4
2026-05-19T07:58:33Z,50.0,Versa 4
2026-05-19T07:59:33Z,95.2,Versa 4
2026-05-19T08:00:33Z,94.9,Versa 4
2026-05-19T08:01:33Z,95.0,Versa 4
2026-05-19T08:02:33Z,50.0,Versa 4
2026-05-19T08:03:33Z,50.0,Versa 4
2026-05-19T08:04:33Z,95.4,Versa 4
2026-05-19T08:05:33Z,96.2,Versa 4
2026-05-19T08:06:33Z,96.2,Versa 4
2026-05-19T08:07:33Z,96.2,Versa 4
2026-05-19T08:08:33Z,96.4,Versa 4
2026-05-19T08:09:33Z,93.5,Versa 4
2026-05-19T08:10:33Z,91.4,Versa 4
2026-05-19T08:11:33Z,89.1,Versa 4
2026-05-19T08:12:33Z,88.7,Versa 4
2026-05-19T08:13:33Z,89.0,Versa 4
2026-05-19T08:14:33Z,89.4,Versa 4
2026-05-19T08:15:33Z,90.0,Versa 4
2026-05-19T08:16:33Z,93.2,Versa 4
2026-05-19T08:17:33Z,94.8,Versa 4
2026-05-19T08:18:33Z,95.0,Versa 4
2026-05-19T08:19:33Z,93.2,Versa 4
2026-05-19T08:20:33Z,93.7,Versa 4
2026-05-19T08:21:33Z,92.5,Versa 4
2026-05-19T08:22:33Z,50.0,Versa 4
2026-05-19T08:23:33Z,92.9,Versa 4
2026-05-19T08:24:33Z,91.7,Versa 4
2026-05-19T08:25:33Z,90.9,Versa 4
2026-05-19T08:26:33Z,92.2,Versa 4
2026-05-19T08:27:33Z,94.5,Versa 4
2026-05-19T08:28:33Z,94.5,Versa 4
2026-05-19T08:29:33Z,50.0,Versa 4
2026-05-19T08:30:33Z,94.7,Versa 4
2026-05-19T08:31:33Z,91.9,Versa 4
2026-05-19T08:32:33Z,93.9,Versa 4
2026-05-19T08:33:33Z,93.8,Versa 4
2026-05-19T08:34:33Z,94.3,Versa 4
2026-05-19T08:35:33Z,94.6,Versa 4
2026-05-19T08:36:33Z,94.2,Versa 4
2026-05-19T08:37:33Z,94.5,Versa 4
2026-05-19T08:38:33Z,50.0,Versa 4
2026-05-19T08:39:33Z,50.0,Versa 4
2026-05-19T08:40:33Z,91.2,Versa 4
2026-05-19T08:41:33Z,50.0,Versa 4
2026-05-19T08:42:33Z,50.0,Versa 4
2026-05-19T08:43:33Z,87.5,Versa 4
2026-05-19T08:44:33Z,86.1,Versa 4
2026-05-19T08:45:33Z,85.9,Versa 4
2026-05-19T08:46:33Z,85.4,Versa 4
2026-05-19T08:47:33Z,85.7,Versa 4
2026-05-19T08:48:33Z,50.0,Versa 4
2026-05-19T08:49:33Z,86.8,Versa 4
2026-05-19T08:50:33Z,86.8,Versa 4
2026-05-19T08:51:33Z,50.0,Versa 4
2026-05-19T08:52:33Z,50.0,Versa 4
2026-05-19T08:53:33Z,50.0,Versa 4
2026-05-19T08:54:33Z,50.0,Versa 4
2026-05-19T08:55:33Z,89.8,Versa 4
2026-05-19T08:56:33Z,50.0,Versa 4
2026-05-19T08:57:33Z,93.9,Versa 4
2026-05-19T08:58:33Z,94.5,Versa 4
2026-05-19T08:59:33Z,95.4,Versa 4
2026-05-19T09:00:33Z,50.0,Versa 4
2026-05-19T09:01:33Z,50.0,Versa 4
2026-05-19T09:02:33Z,50.0,Versa 4
2026-05-19T09:03:33Z,50.0,Versa 4
2026-05-19T09:04:33Z,50.0,Versa 4
2026-05-19T09:05:33Z,50.0,Versa 4
2026-05-19T09:06:33Z,50.0,Versa 4
2026-05-19T09:07:33Z,50.0,Versa 4
2026-05-19T09:08:33Z,50.0,Versa 4
2026-05-19T09:09:33Z,50.0,Versa 4
2026-05-19T09:10:33Z,50.0,Versa 4
2026-05-19T23:16:37Z,95.3,Versa 4
2026-05-19T23:17:37Z,95.5,Versa 4
2026-05-19T23:18:37Z,95.6,Versa 4
2026-05-19T23:19:37Z,95.6,Versa 4
2026-05-19T23:20:37Z,95.7,Versa 4
2026-05-19T23:21:37Z,95.7,Versa 4
2026-05-19T23:22:37Z,95.7,Versa 4
2026-05-19T23:23:37Z,95.7,Versa 4
2026-05-19T23:24:37Z,95.5,Versa 4
2026-05-19T23:25:37Z,95.3,Versa 4
2026-05-19T23:26:37Z,95.3,Versa 4
2026-05-19T23:27:37Z,95.2,Versa 4
2026-05-19T23:28:37Z,95.2,Versa 4
2026-05-19T23:29:37Z,95.2,Versa 4
2026-05-19T23:30:37Z,95.2,Versa 4
2026-05-19T23:31:37Z,95.1,Versa 4
2026-05-19T23:32:37Z,95.1,Versa 4
2026-05-19T23:33:37Z,95.1,Versa 4
2026-05-19T23:34:37Z,95.2,Versa 4
2026-05-19T23:35:37Z,95.2,Versa 4
2026-05-19T23:36:37Z,95.2,Versa 4
2026-05-19T23:37:37Z,95.3,Versa 4
2026-05-19T23:38:37Z,95.3,Versa 4
2026-05-19T23:39:37Z,95.3,Versa 4
2026-05-19T23:40:37Z,95.3,Versa 4
2026-05-19T23:41:37Z,95.3,Versa 4
2026-05-19T23:42:37Z,95.3,Versa 4
2026-05-19T23:43:37Z,95.3,Versa 4
2026-05-19T23:44:37Z,95.3,Versa 4
2026-05-19T23:45:37Z,95.3,Versa 4
2026-05-19T23:46:37Z,95.2,Versa 4
2026-05-19T23:47:37Z,95.2,Versa 4
2026-05-19T23:48:37Z,95.2,Versa 4
2026-05-19T23:49:37Z,95.3,Versa 4
2026-05-19T23:50:37Z,95.3,Versa 4
2026-05-19T23:51:37Z,95.3,Versa 4
2026-05-19T23:52:37Z,95.2,Versa 4
2026-05-19T23:53:37Z,95.3,Versa 4
2026-05-19T23:54:37Z,95.3,Versa 4
2026-05-19T23:55:37Z,50.0,Versa 4
2026-05-19T23:56:37Z,95.5,Versa 4
2026-05-19T23:57:37Z,95.5,Versa 4
2026-05-19T23:58:37Z,95.6,Versa 4
2026-05-19T23:59:37Z,95.8,Versa 4
2026-05-20T00:00:37Z,96.0,Versa 4
2026-05-20T00:01:37Z,50.0,Versa 4
2026-05-20T00:02:37Z,96.5,Versa 4
2026-05-20T00:03:37Z,96.9,Versa 4
2026-05-20T00:04:37Z,98.3,Versa 4
2026-05-20T00:05:37Z,99.1,Versa 4
2026-05-20T00:06:37Z,98.9,Versa 4
2026-05-20T00:07:37Z,98.6,Versa 4
2026-05-20T00:08:37Z,98.4,Versa 4
2026-05-20T00:09:37Z,50.0,Versa 4
2026-05-20T00:10:37Z,98.3,Versa 4
2026-05-20T00:11:37Z,98.7,Versa 4
2026-05-20T00:12:37Z,50.0,Versa 4
2026-05-20T00:13:37Z,98.8,Versa 4
2026-05-20T00:14:37Z,99.2,Versa 4
2026-05-20T00:15:37Z,99.6,Versa 4
2026-05-20T00:16:37Z,100.0,Versa 4
2026-05-20T00:17:37Z,100.0,Versa 4
2026-05-20T00:18:37Z,100.0,Versa 4
2026-05-20T00:19:37Z,100.0,Versa 4
2026-05-20T00:20:37Z,100.0,Versa 4
2026-05-20T00:21:37Z,98.4,Versa 4
2026-05-20T00:22:37Z,96.7,Versa 4
2026-05-20T00:23:37Z,95.4,Versa 4
2026-05-20T00:24:37Z,94.5,Versa 4
2026-05-20T00:25:37Z,93.2,Versa 4
2026-05-20T00:26:37Z,92.3,Versa 4
2026-05-20T00:27:37Z,91.9,Versa 4
2026-05-20T00:28:37Z,91.3,Versa 4
2026-05-20T00:29:37Z,90.5,Versa 4
2026-05-20T00:30:37Z,89.6,Versa 4
2026-05-20T00:31:37Z,89.4,Versa 4
2026-05-20T00:32:37Z,88.4,Versa 4
2026-05-20T00:33:37Z,89.3,Versa 4
2026-05-20T00:34:37Z,89.3,Versa 4
2026-05-20T00:35:37Z,89.5,Versa 4
2026-05-20T00:36:37Z,89.7,Versa 4
2026-05-20T00:37:37Z,89.8,Versa 4
2026-05-20T00:38:37Z,89.6,Versa 4
2026-05-20T00:39:37Z,89.5,Versa 4
2026-05-20T00:40:37Z,89.4,Versa 4
2026-05-20T00:41:37Z,89.4,Versa 4
2026-05-20T00:42:37Z,89.3,Versa 4
2026-05-20T00:43:37Z,89.1,Versa 4
2026-05-20T00:44:37Z,89.1,Versa 4
2026-05-20T00:45:37Z,89.1,Versa 4
2026-05-20T00:46:37Z,88.8,Versa 4
2026-05-20T00:47:37Z,88.5,Versa 4
2026-05-20T00:48:37Z,88.7,Versa 4
2026-05-20T00:49:37Z,88.6,Versa 4
2026-05-20T00:50:37Z,88.5,Versa 4
2026-05-20T00:51:37Z,89.0,Versa 4
2026-05-20T00:52:37Z,89.8,Versa 4
2026-05-20T00:53:37Z,89.4,Versa 4
2026-05-20T00:54:37Z,89.8,Versa 4
2026-05-20T00:55:37Z,89.3,Versa 4
2026-05-20T00:56:37Z,89.7,Versa 4
2026-05-20T00:57:37Z,88.6,Versa 4
2026-05-20T00:58:37Z,88.2,Versa 4
2026-05-20T00:59:37Z,88.2,Versa 4
2026-05-20T01:00:37Z,88.0,Versa 4
2026-05-20T01:01:37Z,87.9,Versa 4
2026-05-20T01:02:37Z,91.5,Versa 4
2026-05-20T01:03:37Z,94.4,Versa 4
2026-05-20T01:04:37Z,94.9,Versa 4
2026-05-20T01:05:37Z,95.8,Versa 4
2026-05-20T01:06:37Z,50.0,Versa 4
2026-05-20T01:07:37Z,50.0,Versa 4
2026-05-20T01:08:37Z,50.0,Versa 4
2026-05-20T01:09:37Z,97.4,Versa 4
2026-05-20T01:10:37Z,50.0,Versa 4
2026-05-20T01:11:37Z,50.0,Versa 4
2026-05-20T01:12:37Z,96.7,Versa 4
2026-05-20T01:13:37Z,96.5,Versa 4
2026-05-20T01:14:37Z,96.5,Versa 4
2026-05-20T01:15:37Z,50.0,Versa 4
2026-05-20T01:16:37Z,96.3,Versa 4
2026-05-20T01:17:37Z,96.4,Versa 4
2026-05-20T01:18:37Z,96.3,Versa 4
2026-05-20T01:19:37Z,96.4,Versa 4
2026-05-20T01:20:37Z,96.6,Versa 4
2026-05-20T01:21:37Z,50.0,Versa 4
2026-05-20T01:22:37Z,96.9,Versa 4
2026-05-20T01:23:37Z,50.0,Versa 4
2026-05-20T01:24:37Z,96.8,Versa 4
2026-05-20T01:25:37Z,97.5,Versa 4
2026-05-20T01:26:37Z,97.8,Versa 4
2026-05-20T01:27:37Z,50.0,Versa 4
2026-05-20T01:28:37Z,98.2,Versa 4
2026-05-20T01:29:37Z,97.5,Versa 4
2026-05-20T01:30:37Z,97.0,Versa 4
2026-05-20T01:31:37Z,96.7,Versa 4
2026-05-20T01:32:37Z,96.5,Versa 4
2026-05-20T01:33:37Z,96.5,Versa 4
2026-05-20T01:34:37Z,50.0,Versa 4
2026-05-20T01:35:37Z,96.3,Versa 4
2026-05-20T01:36:37Z,95.7,Versa 4
2026-05-20T01:37:37Z,95.5,Versa 4
2026-05-20T01:38:37Z,95.7,Versa 4
2026-05-20T01:39:37Z,95.7,Versa 4
2026-05-20T01:40:37Z,95.8,Versa 4
2026-05-20T01:41:37Z,95.9,Versa 4
2026-05-20T01:42:37Z,95.9,Versa 4
2026-05-20T01:43:37Z,96.0,Versa 4
2026-05-20T01:44:37Z,96.1,Versa 4
2026-05-20T01:45:37Z,96.1,Versa 4
2026-05-20T01:46:37Z,96.1,Versa 4
2026-05-20T01:47:37Z,96.1,Versa 4
2026-05-20T01:48:37Z,96.2,Versa 4
2026-05-20T01:49:37Z,96.2,Versa 4
2026-05-20T01:50:37Z,50.0,Versa 4
2026-05-20T01:51:37Z,50.0,Versa 4
2026-05-20T01:52:37Z,50.0,Versa 4
2026-05-20T01:53:37Z,96.2,Versa 4
2026-05-20T01:54:37Z,96.0,Versa 4
2026-05-20T01:55:37Z,96.1,Versa 4
2026-05-20T01:56:37Z,96.0,Versa 4
2026-05-20T01:57:37Z,96.1,Versa 4
2026-05-20T01:58:37Z,96.0,Versa 4
2026-05-20T01:59:37Z,95.9,Versa 4
2026-05-20T02:00:37Z,96.0,Versa 4
2026-05-20T02:01:37Z,95.8,Versa 4
2026-05-20T02:02:37Z,95.8,Versa 4
2026-05-20T02:03:37Z,95.7,Versa 4
2026-05-20T02:04:37Z,95.7,Versa 4
2026-05-20T02:05:37Z,95.8,Versa 4
2026-05-20T02:06:37Z,95.8,Versa 4
2026-05-20T02:07:37Z,95.8,Versa 4
2026-05-20T02:08:37Z,95.8,Versa 4
2026-05-20T02:09:37Z,95.8,Versa 4
2026-05-20T02:10:37Z,95.8,Versa 4
2026-05-20T02:11:37Z,95.9,Versa 4
2026-05-20T02:12:37Z,95.8,Versa 4
2026-05-20T02:13:37Z,95.7,Versa 4
2026-05-20T02:14:37Z,95.8,Versa 4
2026-05-20T02:15:37Z,95.8,Versa 4
2026-05-20T02:16:37Z,95.9,Versa 4
2026-05-20T02:17:37Z,95.9,Versa 4
2026-05-20T02:18:37Z,95.9,Versa 4
2026-05-20T02:19:37Z,95.9,Versa 4
2026-05-20T02:20:37Z,95.9,Versa 4
2026-05-20T02:21:37Z,95.8,Versa 4
2026-05-20T02:22:37Z,95.9,Versa 4
2026-05-20T02:23:37Z,95.9,Versa 4
2026-05-20T02:24:37Z,96.0,Versa 4
2026-05-20T02:25:37Z,96.0,Versa 4
2026-05-20T02:26:37Z,96.1,Versa 4
2026-05-20T02:27:37Z,96.2,Versa 4
2026-05-20T02:28:37Z,96.1,Versa 4
2026-05-20T02:29:37Z,96.0,Versa 4
2026-05-20T02:30:37Z,96.0,Versa 4
2026-05-20T02:31:37Z,96.1,Versa 4
2026-05-20T02:32:37Z,96.0,Versa 4
2026-05-20T02:33:37Z,96.0,Versa 4
2026-05-20T02:34:37Z,96.1,Versa 4
2026-05-20T02:35:37Z,96.1,Versa 4
2026-05-20T02:36:37Z,96.1,Versa 4
2026-05-20T02:37:37Z,96.0,Versa 4
2026-05-20T02:38:37Z,96.1,Versa 4
2026-05-20T02:39:37Z,96.1,Versa 4
2026-05-20T02:40:37Z,96.1,Versa 4
2026-05-20T02:41:37Z,96.1,Versa 4
2026-05-20T02:42:37Z,96.1,Versa 4
2026-05-20T02:43:37Z,96.2,Versa 4
2026-05-20T02:44:37Z,50.0,Versa 4
2026-05-20T02:45:37Z,96.0,Versa 4
2026-05-20T02:46:37Z,96.4,Versa 4
2026-05-20T02:47:37Z,96.8,Versa 4
2026-05-20T02:48:37Z,96.8,Versa 4
2026-05-20T02:49:37Z,97.0,Versa 4
2026-05-20T02:50:37Z,97.0,Versa 4
2026-05-20T02:51:37Z,97.1,Versa 4
2026-05-20T02:52:37Z,97.2,Versa 4
2026-05-20T02:53:37Z,97.3,Versa 4
2026-05-20T02:54:37Z,97.3,Versa 4
2026-05-20T02:55:37Z,97.5,Versa 4
2026-05-20T02:56:37Z,97.5,Versa 4
2026-05-20T02:57:37Z,50.0,Versa 4
2026-05-20T02:58:37Z,97.2,Versa 4
2026-05-20T02:59:37Z,97.5,Versa 4
2026-05-20T03:00:37Z,97.7,Versa 4
2026-05-20T03:01:37Z,50.0,Versa 4
2026-05-20T03:02:37Z,97.6,Versa 4
2026-05-20T03:03:37Z,96.8,Versa 4
2026-05-20T03:04:37Z,97.3,Versa 4
2026-05-20T03:05:37Z,97.7,Versa 4
2026-05-20T03:06:37Z,98.2,Versa 4
2026-05-20T03:07:37Z,98.4,Versa 4
2026-05-20T03:08:37Z,98.9,Versa 4
2026-05-20T03:09:37Z,98.6,Versa 4
2026-05-20T03:10:37Z,98.8,Versa 4
2026-05-20T03:11:37Z,98.8,Versa 4
2026-05-20T03:12:37Z,50.0,Versa 4
2026-05-20T03:13:37Z,99.0,Versa 4
2026-05-20T03:14:37Z,98.9,Versa 4
2026-05-20T03:15:37Z,50.0,Versa 4
2026-05-20T03:16:37Z,98.0,Versa 4
2026-05-20T03:17:37Z,97.4,Versa 4
2026-05-20T03:18:37Z,50.0,Versa 4
2026-05-20T03:19:37Z,96.8,Versa 4
2026-05-20T03:20:37Z,96.4,Versa 4
2026-05-20T03:21:37Z,96.1,Versa 4
2026-05-20T03:22:37Z,50.0,Versa 4
2026-05-20T03:23:37Z,96.9,Versa 4
2026-05-20T03:24:37Z,98.7,Versa 4
2026-05-20T03:25:37Z,50.0,Versa 4
2026-05-20T03:26:37Z,98.8,Versa 4
2026-05-20T03:27:37Z,98.6,Versa 4
2026-05-20T03:28:37Z,98.5,Versa 4
2026-05-20T03:29:37Z,98.5,Versa 4
2026-05-20T03:30:37Z,98.3,Versa 4
2026-05-20T03:31:37Z,98.3,Versa 4
2026-05-20T03:32:37Z,98.3,Versa 4
2026-05-20T03:33:37Z,98.2,Versa 4
2026-05-20T03:34:37Z,98.1,Versa 4
2026-05-20T03:35:37Z,98.2,Versa 4
2026-05-20T03:36:37Z,98.1,Versa 4
2026-05-20T03:37:37Z,98.0,Versa 4
2026-05-20T03:38:37Z,98.0,Versa 4
2026-05-20T03:39:37Z,97.9,Versa 4
2026-05-20T03:40:37Z,97.8,Versa 4
2026-05-20T03:41:37Z,97.7,Versa 4
2026-05-20T03:42:37Z,97.7,Versa 4
2026-05-20T03:43:37Z,97.7,Versa 4
2026-05-20T03:44:37Z,97.6,Versa 4
2026-05-20T03:45:37Z,97.6,Versa 4
2026-05-20T03:46:37Z,97.5,Versa 4
2026-05-20T03:47:37Z,97.5,Versa 4
2026-05-20T03:48:37Z,97.4,Versa 4
2026-05-20T03:49:37Z,97.4,Versa 4
2026-05-20T03:50:37Z,97.3,Versa 4
2026-05-20T03:51:37Z,97.3,Versa 4
2026-05-20T03:52:37Z,97.2,Versa 4
2026-05-20T03:53:37Z,97.2,Versa 4
2026-05-20T03:54:37Z,97.2,Versa 4
2026-05-20T03:55:37Z,97.2,Versa 4
2026-05-20T03:56:37Z,50.0,Versa 4
2026-05-20T03:57:37Z,50.0,Versa 4
2026-05-20T03:58:37Z,50.0,Versa 4
2026-05-20T03:59:37Z,97.7,Versa 4
2026-05-20T04:00:37Z,98.6,Versa 4
2026-05-20T04:01:37Z,98.9,Versa 4
2026-05-20T04:02:37Z,98.8,Versa 4
2026-05-20T04:03:37Z,99.1,Versa 4
2026-05-20T04:04:37Z,99.4,Versa 4
2026-05-20T04:05:37Z,99.3,Versa 4
2026-05-20T04:06:37Z,98.8,Versa 4
2026-05-20T04:07:37Z,99.1,Versa 4
2026-05-20T04:08:37Z,99.4,Versa 4
2026-05-20T04:09:37Z,99.2,Versa 4
2026-05-20T04:10:37Z,50.0,Versa 4
2026-05-20T04:11:37Z,98.5,Versa 4
2026-05-20T04:12:37Z,98.5,Versa 4
2026-05-20T04:13:37Z,98.6,Versa 4
2026-05-20T04:14:37Z,50.0,Versa 4
2026-05-20T04:15:37Z,98.7,Versa 4
2026-05-20T04:16:37Z,98.8,Versa 4
2026-05-20T04:17:37Z,97.9,Versa 4
2026-05-20T04:18:37Z,97.5,Versa 4
2026-05-20T04:19:37Z,95.8,Versa 4
2026-05-20T04:20:37Z,93.2,Versa 4
2026-05-20T04:21:37Z,91.6,Versa 4
2026-05-20T04:22:37Z,88.1,Versa 4
2026-05-20T04:23:37Z,86.9,Versa 4
2026-05-20T04:24:37Z,84.2,Versa 4
2026-05-20T04:25:37Z,89.7,Versa 4
2026-05-20T04:26:37Z,92.6,Versa 4
2026-05-20T04:27:37Z,96.6,Versa 4
2026-05-20T04:28:37Z,98.4,Versa 4
2026-05-20T04:29:37Z,99.3,Versa 4
2026-05-20T04:30:37Z,50.0,Versa 4
2026-05-20T04:31:37Z,99.6,Versa 4
2026-05-20T04:32:37Z,98.8,Versa 4
2026-05-20T04:33:37Z,98.4,Versa 4
2026-05-20T04:34:37Z,97.3,Versa 4
2026-05-20T04:35:37Z,96.5,Versa 4
2026-05-20T04:36:37Z,95.6,Versa 4
2026-05-20T04:37:37Z,94.8,Versa 4
2026-05-20T04:38:37Z,94.0,Versa 4
2026-05-20T04:39:37Z,50.0,Versa 4
2026-05-20T04:40:37Z,93.6,Versa 4
2026-05-20T04:41:37Z,50.0,Versa 4
2026-05-20T04:42:37Z,95.4,Versa 4
2026-05-20T04:43:37Z,50.0,Versa 4
2026-05-20T04:44:37Z,50.0,Versa 4
2026-05-20T04:45:37Z,97.1,Versa 4
2026-05-20T04:46:37Z,50.0,Versa 4
2026-05-20T04:47:37Z,98.0,Versa 4
2026-05-20T04:48:37Z,98.1,Versa 4
2026-05-20T04:49:37Z,99.3,Versa 4
2026-05-20T04:50:37Z,99.6,Versa 4
2026-05-20T04:51:37Z,98.7,Versa 4
2026-05-20T04:52:37Z,97.8,Versa 4
2026-05-20T04:53:37Z,97.0,Versa 4
2026-05-20T04:54:37Z,96.5,Versa 4
2026-05-20T04:55:37Z,96.0,Versa 4
2026-05-20T04:56:37Z,95.8,Versa 4
2026-05-20T04:57:37Z,50.0,Versa 4
2026-05-20T04:58:37Z,96.1,Versa 4
2026-05-20T04:59:37Z,50.0,Versa 4
2026-05-20T05:00:37Z,50.0,Versa 4
2026-05-20T05:01:37Z,97.0,Versa 4
2026-05-20T05:02:37Z,97.7,Versa 4
2026-05-20T05:03:37Z,98.4,Versa 4
2026-05-20T05:04:37Z,98.7,Versa 4
2026-05-20T05:05:37Z,99.0,Versa 4
2026-05-20T05:06:37Z,99.2,Versa 4
2026-05-20T05:07:37Z,99.1,Versa 4
2026-05-20T05:08:37Z,99.0,Versa 4
2026-05-20T05:09:37Z,99.0,Versa 4
2026-05-20T05:10:37Z,98.9,Versa 4
2026-05-20T05:11:37Z,98.9,Versa 4
2026-05-20T05:12:37Z,98.8,Versa 4
2026-05-20T05:13:37Z,98.7,Versa 4
2026-05-20T05:14:37Z,98.6,Versa 4
2026-05-20T05:15:37Z,98.5,Versa 4
2026-05-20T05:16:37Z,98.3,Versa 4
2026-05-20T05:17:37Z,98.2,Versa 4
2026-05-20T05:18:37Z,98.1,Versa 4
2026-05-20T05:19:37Z,97.8,Versa 4
2026-05-20T05:20:37Z,97.8,Versa 4
2026-05-20T05:21:37Z,97.7,Versa 4
2026-05-20T05:22:37Z,97.6,Versa 4
2026-05-20T05:23:37Z,97.7,Versa 4
2026-05-20T05:24:37Z,97.6,Versa 4
2026-05-20T05:25:37Z,97.7,Versa 4
2026-05-20T05:26:37Z,97.6,Versa 4
2026-05-20T05:27:37Z,97.5,Versa 4
2026-05-20T05:28:37Z,97.5,Versa 4
2026-05-20T05:29:37Z,97.6,Versa 4
2026-05-20T05:30:37Z,97.6,Versa 4
2026-05-20T05:31:37Z,97.5,Versa 4
2026-05-20T05:32:37Z,97.5,Versa 4
2026-05-20T05:33:37Z,97.4,Versa 4
2026-05-20T05:34:37Z,97.4,Versa 4
2026-05-20T05:35:37Z,97.4,Versa 4
2026-05-20T05:36:37Z,97.4,Versa 4
2026-05-20T05:37:37Z,97.2,Versa 4
2026-05-20T05:38:37Z,50.0,Versa 4
2026-05-20T05:39:37Z,97.2,Versa 4
2026-05-20T05:40:37Z,50.0,Versa 4
2026-05-20T05:41:37Z,97.6,Versa 4
2026-05-20T05:42:37Z,99.2,Versa 4
2026-05-20T05:43:37Z,100.0,Versa 4
2026-05-20T05:44:37Z,50.0,Versa 4
2026-05-20T05:45:37Z,99.8,Versa 4
2026-05-20T05:46:37Z,98.6,Versa 4
2026-05-20T05:47:37Z,97.7,Versa 4
2026-05-20T05:48:37Z,97.3,Versa 4
2026-05-20T05:49:37Z,96.2,Versa 4
2026-05-20T05:50:37Z,95.7,Versa 4
2026-05-20T05:51:37Z,95.4,Versa 4
2026-05-20T05:52:37Z,50.0,Versa 4
2026-05-20T05:53:37Z,92.7,Versa 4
2026-05-20T05:54:37Z,87.9,Versa 4
2026-05-20T05:55:37Z,84.0,Versa 4
2026-05-20T05:56:37Z,84.0,Versa 4
2026-05-20T05:57:37Z,50.0,Versa 4
2026-05-20T05:58:37Z,84.6,Versa 4
2026-05-20T05:59:37Z,87.8,Versa 4
2026-05-20T06:00:37Z,88.3,Versa 4
2026-05-20T06:01:37Z,50.0,Versa 4
2026-05-20T06:02:37Z,92.9,Versa 4
2026-05-20T06:03:37Z,50.0,Versa 4
2026-05-20T06:04:37Z,50.0,Versa 4
2026-05-20T06:05:37Z,94.8,Versa 4
2026-05-20T06:06:37Z,96.2,Versa 4
2026-05-20T06:07:37Z,96.6,Versa 4
2026-05-20T06:08:37Z,50.0,Versa 4
2026-05-20T06:09:37Z,50.0,Versa 4
2026-05-20T06:10:37Z,96.1,Versa 4
2026-05-20T06:11:37Z,95.1,Versa 4
2026-05-20T06:12:37Z,94.8,Versa 4
2026-05-20T06:13:37Z,50.0,Versa 4
2026-05-20T06:14:37Z,94.3,Versa 4
2026-05-20T06:15:37Z,94.3,Versa 4
2026-05-20T06:16:37Z,93.8,Versa 4
2026-05-20T06:17:37Z,94.4,Versa 4
2026-05-20T06:18:37Z,94.7,Versa 4
2026-05-20T06:19:37Z,94.6,Versa 4
2026-05-20T06:20:37Z,94.0,Versa 4
2026-05-20T06:21:37Z,94.0,Versa 4
2026-05-20T06:22:37Z,50.0,Versa 4
2026-05-20T06:23:37Z,50.0,Versa 4
2026-05-20T06:24:37Z,50.0,Versa 4
2026-05-20T06:25:37Z,50.0,Versa 4
2026-05-20T06:26:37Z,96.0,Versa 4
2026-05-20T06:27:37Z,50.0,Versa 4
2026-05-20T06:28:37Z,50.0,Versa 4
2026-05-20T06:29:37Z,50.0,Versa 4
2026-05-20T06:30:37Z,96.2,Versa 4
2026-05-20T06:31:37Z,96.4,Versa 4
2026-05-20T06:32:37Z,50.0,Versa 4
2026-05-20T06:33:37Z,95.2,Versa 4
2026-05-20T06:40:03Z,92.8,Versa 4
2026-05-20T06:41:03Z,50.0,Versa 4
2026-05-20T06:42:03Z,93.8,Versa 4
2026-05-20T06:43:03Z,50.0,Versa 4
2026-05-20T06:44:03Z,50.0,Versa 4
2026-05-20T06:45:03Z,50.0,Versa 4
2026-05-20T06:46:03Z,50.0,Versa 4
2026-05-20T06:47:03Z,50.0,Versa 4
2026-05-20T06:48:03Z,50.0,Versa 4
2026-05-20T06:49:03Z,50.0,Versa 4
2026-05-20T06:50:03Z,50.0,Versa 4
2026-05-20T06:51:03Z,50.0,Versa 4
2026-05-20T06:52:03Z,50.0,Versa 4
2026-05-20T06:53:03Z,50.0,Versa 4
2026-05-20T06:54:03Z,50.0,Versa 4
2026-05-20T06:55:03Z,50.0,Versa 4
2026-05-20T23:34:35Z,97.6,Versa 4
2026-05-20T23:35:35Z,97.2,Versa 4
2026-05-20T23:36:35Z,50.0,Versa 4
2026-05-20T23:37:35Z,96.1,Versa 4
2026-05-20T23:38:35Z,95.7,Versa 4
2026-05-20T23:39:35Z,96.8,Versa 4
2026-05-21T00:01:40Z,50.0,Versa 4
2026-05-21T00:02:40Z,50.0,Versa 4
2026-05-21T00:03:40Z,50.0,Versa 4
2026-05-21T00:04:40Z,50.0,Versa 4
2026-05-21T00:05:40Z,91.0,Versa 4
2026-05-21T00:06:40Z,50.0,Versa 4
2026-05-21T00:07:40Z,91.1,Versa 4
2026-05-21T00:08:40Z,92.4,Versa 4
2026-05-21T00:09:40Z,50.0,Versa 4
2026-05-21T00:10:40Z,93.8,Versa 4
2026-05-21T00:11:40Z,94.7,Versa 4
2026-05-21T00:12:40Z,50.0,Versa 4
2026-05-21T00:13:40Z,95.2,Versa 4
2026-05-21T00:14:40Z,94.8,Versa 4
2026-05-21T00:15:40Z,93.6,Versa 4
2026-05-21T00:16:40Z,93.6,Versa 4
2026-05-21T00:17:40Z,94.8,Versa 4
2026-05-21T00:18:40Z,94.9,Versa 4
2026-05-21T00:19:40Z,96.2,Versa 4
2026-05-21T00:20:40Z,96.5,Versa 4
2026-05-21T00:21:40Z,50.0,Versa 4
2026-05-21T00:22:40Z,50.0,Versa 4
2026-05-21T00:23:40Z,96.1,Versa 4
2026-05-21T00:24:40Z,95.9,Versa 4
2026-05-21T00:25:40Z,50.0,Versa 4
2026-05-21T00:26:40Z,96.4,Versa 4
2026-05-21T00:27:40Z,96.8,Versa 4
2026-05-21T00:28:40Z,96.7,Versa 4
2026-05-21T00:29:40Z,96.7,Versa 4
2026-05-21T00:30:40Z,96.7,Versa 4
2026-05-21T00:31:40Z,96.8,Versa 4
2026-05-21T00:32:40Z,50.0,Versa 4
2026-05-21T00:33:40Z,96.9,Versa 4
2026-05-21T00:34:40Z,96.8,Versa 4
2026-05-21T00:35:40Z,50.0,Versa 4
2026-05-21T00:36:40Z,96.0,Versa 4
2026-05-21T00:37:40Z,96.8,Versa 4
2026-05-21T00:38:40Z,97.3,Versa 4
2026-05-21T00:39:40Z,97.0,Versa 4
2026-05-21T01:52:08Z,98.2,Versa 4
2026-05-21T01:53:08Z,98.3,Versa 4
2026-05-21T01:54:08Z,98.3,Versa 4
2026-05-21T01:55:08Z,50.0,Versa 4
2026-05-21T01:56:08Z,98.2,Versa 4
2026-05-21T01:57:08Z,97.6,Versa 4
2026-05-21T01:58:08Z,97.4,Versa 4
2026-05-21T01:59:08Z,97.2,Versa 4
2026-05-21T02:00:08Z,97.1,Versa 4
2026-05-21T02:01:08Z,97.0,Versa 4
2026-05-21T02:02:08Z,97.1,Versa 4
2026-05-21T02:03:08Z,97.0,Versa 4
2026-05-21T02:04:08Z,97.1,Versa 4
2026-05-21T02:05:08Z,97.1,Versa 4
2026-05-21T02:06:08Z,97.1,Versa 4
2026-05-21T02:07:08Z,97.2,Versa 4
2026-05-21T02:08:08Z,97.3,Versa 4
2026-05-21T02:09:08Z,97.2,Versa 4
2026-05-21T02:10:08Z,97.2,Versa 4
2026-05-21T02:11:08Z,97.1,Versa 4
2026-05-21T02:12:08Z,97.1,Versa 4
2026-05-21T02:13:08Z,97.1,Versa 4
2026-05-21T02:14:08Z,97.1,Versa 4
2026-05-21T02:15:08Z,97.1,Versa 4
2026-05-21T02:16:08Z,97.0,Versa 4
2026-05-21T02:17:08Z,97.0,Versa 4
2026-05-21T02:18:08Z,96.9,Versa 4
2026-05-21T02:19:08Z,96.8,Versa 4
2026-05-21T02:20:08Z,96.8,Versa 4
2026-05-21T02:21:08Z,96.8,Versa 4
2026-05-21T02:22:08Z,96.9,Versa 4
2026-05-21T02:23:08Z,96.8,Versa 4
2026-05-21T02:24:08Z,96.7,Versa 4
2026-05-21T02:25:08Z,96.8,Versa 4
2026-05-21T02:26:08Z,96.7,Versa 4
2026-05-21T02:27:08Z,96.7,Versa 4
2026-05-21T02:28:08Z,96.7,Versa 4
2026-05-21T02:29:08Z,96.7,Versa 4
2026-05-21T02:30:08Z,96.7,Versa 4
2026-05-21T02:31:08Z,96.8,Versa 4
2026-05-21T02:32:08Z,96.9,Versa 4
2026-05-21T02:33:08Z,96.9,Versa 4
2026-05-21T02:34:08Z,96.8,Versa 4
2026-05-21T02:35:08Z,96.8,Versa 4
2026-05-21T02:36:08Z,96.9,Versa 4
2026-05-21T02:37:08Z,97.0,Versa 4
2026-05-21T02:38:08Z,97.0,Versa 4
2026-05-21T02:39:08Z,96.8,Versa 4
2026-05-21T02:40:08Z,96.8,Versa 4
2026-05-21T02:41:08Z,50.0,Versa 4
2026-05-21T02:42:08Z,96.8,Versa 4
2026-05-21T02:43:08Z,96.5,Versa 4
2026-05-21T02:44:08Z,96.4,Versa 4
2026-05-21T02:45:08Z,96.2,Versa 4
2026-05-21T02:46:08Z,96.1,Versa 4
2026-05-21T02:47:08Z,96.0,Versa 4
2026-05-21T02:48:08Z,95.9,Versa 4
2026-05-21T02:49:08Z,95.9,Versa 4
2026-05-21T02:50:08Z,95.9,Versa 4
2026-05-21T02:51:08Z,95.9,Versa 4
2026-05-21T02:52:08Z,50.0,Versa 4
2026-05-21T02:53:08Z,96.3,Versa 4
2026-05-21T02:54:08Z,96.6,Versa 4
2026-05-21T02:55:08Z,96.8,Versa 4
2026-05-21T02:56:08Z,96.8,Versa 4
2026-05-21T02:57:08Z,96.7,Versa 4
2026-05-21T02:58:08Z,96.6,Versa 4
2026-05-21T02:59:08Z,96.7,Versa 4
2026-05-21T03:00:08Z,96.7,Versa 4
2026-05-21T03:01:08Z,96.8,Versa 4
2026-05-21T03:02:08Z,96.8,Versa 4
2026-05-21T03:03:08Z,96.8,Versa 4
2026-05-21T03:04:08Z,96.7,Versa 4
2026-05-21T03:05:08Z,96.5,Versa 4
2026-05-21T03:06:08Z,96.4,Versa 4
2026-05-21T03:07:08Z,96.4,Versa 4
2026-05-21T03:08:08Z,96.4,Versa 4
2026-05-21T03:09:08Z,96.4,Versa 4
2026-05-21T03:10:08Z,96.4,Versa 4
2026-05-21T03:11:08Z,96.4,Versa 4
2026-05-21T03:12:08Z,96.5,Versa 4
2026-05-21T03:13:08Z,96.5,Versa 4
2026-05-21T03:14:08Z,96.5,Versa 4
2026-05-21T03:15:08Z,96.4,Versa 4
2026-05-21T03:16:08Z,96.4,Versa 4
2026-05-21T03:17:08Z,96.4,Versa 4
2026-05-21T03:18:08Z,96.4,Versa 4
2026-05-21T03:19:08Z,96.4,Versa 4
2026-05-21T03:20:08Z,96.4,Versa 4
2026-05-21T03:21:08Z,96.4,Versa 4
2026-05-21T03:22:08Z,96.3,Versa 4
2026-05-21T03:23:08Z,96.3,Versa 4
2026-05-21T03:24:08Z,96.3,Versa 4
2026-05-21T03:25:08Z,96.3,Versa 4
2026-05-21T03:26:08Z,96.3,Versa 4
2026-05-21T03:27:08Z,96.3,Versa 4
2026-05-21T03:28:08Z,96.3,Versa 4
2026-05-21T03:29:08Z,96.3,Versa 4
2026-05-21T03:30:08Z,96.4,Versa 4
2026-05-21T03:31:08Z,96.4,Versa 4
2026-05-21T03:32:08Z,96.4,Versa 4
2026-05-21T03:33:08Z,96.4,Versa 4
2026-05-21T03:34:08Z,96.4,Versa 4
2026-05-21T03:35:08Z,96.4,Versa 4
2026-05-21T03:36:08Z,96.4,Versa 4
2026-05-21T03:37:08Z,96.4,Versa 4
2026-05-21T03:38:08Z,96.3,Versa 4
2026-05-21T03:39:08Z,96.3,Versa 4
2026-05-21T03:40:08Z,96.4,Versa 4
2026-05-21T03:41:08Z,96.4,Versa 4
2026-05-21T03:42:08Z,96.4,Versa 4
2026-05-21T03:43:08Z,96.3,Versa 4
2026-05-21T03:44:08Z,96.3,Versa 4
2026-05-21T03:45:08Z,96.4,Versa 4
2026-05-21T03:46:08Z,96.4,Versa 4
2026-05-21T03:47:08Z,96.4,Versa 4
2026-05-21T03:48:08Z,96.4,Versa 4
2026-05-21T03:49:08Z,96.4,Versa 4
2026-05-21T03:50:08Z,96.3,Versa 4
2026-05-21T03:51:08Z,96.3,Versa 4
2026-05-21T03:52:08Z,96.3,Versa 4
2026-05-21T03:53:08Z,96.3,Versa 4
2026-05-21T03:54:08Z,96.3,Versa 4
2026-05-21T03:55:08Z,96.4,Versa 4
2026-05-21T03:56:08Z,96.4,Versa 4
2026-05-21T03:57:08Z,96.3,Versa 4
2026-05-21T03:58:08Z,96.4,Versa 4
2026-05-21T03:59:08Z,50.0,Versa 4
2026-05-21T04:00:08Z,96.4,Versa 4
2026-05-21T04:01:08Z,96.5,Versa 4
2026-05-21T04:02:08Z,96.6,Versa 4
2026-05-21T04:03:08Z,96.6,Versa 4
2026-05-21T04:04:08Z,96.7,Versa 4
2026-05-21T04:05:08Z,96.8,Versa 4
2026-05-21T04:06:08Z,96.8,Versa 4
2026-05-21T04:07:08Z,96.8,Versa 4
2026-05-21T04:08:08Z,96.7,Versa 4
2026-05-21T04:09:08Z,96.6,Versa 4
2026-05-21T04:10:08Z,96.7,Versa 4
2026-05-21T04:11:08Z,96.8,Versa 4
2026-05-21T04:12:08Z,96.9,Versa 4
2026-05-21T04:13:08Z,96.9,Versa 4
2026-05-21T04:14:08Z,97.0,Versa 4
2026-05-21T04:15:08Z,97.0,Versa 4
2026-05-21T04:16:08Z,50.0,Versa 4
2026-05-21T04:17:08Z,96.9,Versa 4
2026-05-21T04:18:08Z,96.8,Versa 4
2026-05-21T04:19:08Z,96.7,Versa 4
2026-05-21T04:20:08Z,50.0,Versa 4
2026-05-21T04:21:08Z,97.6,Versa 4
2026-05-21T04:22:08Z,98.7,Versa 4
2026-05-21T04:23:08Z,99.4,Versa 4
2026-05-21T04:24:08Z,99.8,Versa 4
2026-05-21T04:25:08Z,100.0,Versa 4
2026-05-21T04:26:08Z,100.0,Versa 4
2026-05-21T04:27:08Z,100.0,Versa 4
2026-05-21T04:28:08Z,50.0,Versa 4
2026-05-21T04:29:08Z,99.7,Versa 4
2026-05-21T04:30:08Z,98.9,Versa 4
2026-05-21T04:31:08Z,98.2,Versa 4
2026-05-21T04:32:08Z,97.7,Versa 4
2026-05-21T04:33:08Z,97.4,Versa 4
2026-05-21T04:34:08Z,97.3,Versa 4
2026-05-21T04:35:08Z,97.1,Versa 4
2026-05-21T04:36:08Z,50.0,Versa 4
2026-05-21T04:37:08Z,96.6,Versa 4
2026-05-21T04:38:08Z,96.0,Versa 4
2026-05-21T04:39:08Z,95.6,Versa 4
2026-05-21T04:40:08Z,95.4,Versa 4
2026-05-21T04:41:08Z,95.2,Versa 4
2026-05-21T04:42:08Z,95.0,Versa 4
2026-05-21T04:43:08Z,94.9,Versa 4
2026-05-21T04:44:08Z,94.9,Versa 4
2026-05-21T04:45:08Z,94.9,Versa 4
2026-05-21T04:46:08Z,94.8,Versa 4
2026-05-21T04:47:08Z,94.8,Versa 4
2026-05-21T04:48:08Z,94.9,Versa 4
2026-05-21T04:49:08Z,95.0,Versa 4
2026-05-21T04:50:08Z,95.0,Versa 4
2026-05-21T04:51:08Z,95.1,Versa 4
2026-05-21T04:52:08Z,50.0,Versa 4
2026-05-21T04:53:08Z,95.2,Versa 4
2026-05-21T04:54:08Z,96.2,Versa 4
2026-05-21T04:55:08Z,97.1,Versa 4
2026-05-21T04:56:08Z,97.6,Versa 4
2026-05-21T04:57:08Z,98.0,Versa 4
2026-05-21T04:58:08Z,98.2,Versa 4
2026-05-21T04:59:08Z,98.3,Versa 4
2026-05-21T05:00:08Z,98.4,Versa 4
2026-05-21T05:01:08Z,98.4,Versa 4
2026-05-21T05:02:08Z,98.4,Versa 4
2026-05-21T05:03:08Z,98.4,Versa 4
2026-05-21T05:04:08Z,98.4,Versa 4
2026-05-21T05:05:08Z,98.3,Versa 4
2026-05-21T05:06:08Z,98.3,Versa 4
2026-05-21T05:07:08Z,50.0,Versa 4
2026-05-21T05:08:08Z,98.0,Versa 4
2026-05-21T05:09:08Z,97.4,Versa 4
2026-05-21T05:10:08Z,97.1,Versa 4
2026-05-21T05:11:08Z,96.9,Versa 4
2026-05-21T05:12:08Z,96.8,Versa 4
2026-05-21T05:13:08Z,96.7,Versa 4
2026-05-21T05:14:08Z,96.6,Versa 4
2026-05-21T05:15:08Z,96.6,Versa 4
2026-05-21T05:16:08Z,96.5,Versa 4
2026-05-21T05:17:08Z,96.5,Versa 4
2026-05-21T05:18:08Z,96.5,Versa 4
2026-05-21T05:19:08Z,96.5,Versa 4
2026-05-21T05:20:08Z,96.5,Versa 4
2026-05-21T05:21:08Z,96.5,Versa 4
2026-05-21T05:22:08Z,96.5,Versa 4
2026-05-21T05:23:08Z,96.4,Versa 4
2026-05-21T05:24:08Z,96.5,Versa 4
2026-05-21T05:25:08Z,96.4,Versa 4
2026-05-21T05:26:08Z,96.4,Versa 4
2026-05-21T05:27:08Z,96.3,Versa 4
2026-05-21T05:28:08Z,96.3,Versa 4
2026-05-21T05:29:08Z,96.3,Versa 4
2026-05-21T05:30:08Z,50.0,Versa 4
2026-05-21T05:31:08Z,50.0,Versa 4
2026-05-21T05:32:08Z,96.7,Versa 4
2026-05-21T05:33:08Z,96.7,Versa 4
2026-05-21T05:34:08Z,96.7,Versa 4
2026-05-21T05:35:08Z,96.8,Versa 4
2026-05-21T05:36:08Z,96.9,Versa 4
2026-05-21T05:37:08Z,97.0,Versa 4
2026-05-21T05:38:08Z,97.1,Versa 4
2026-05-21T05:39:08Z,50.0,Versa 4
2026-05-21T05:40:08Z,97.1,Versa 4
2026-05-21T05:41:08Z,97.0,Versa 4
2026-05-21T05:42:08Z,96.9,Versa 4
2026-05-21T05:43:08Z,96.9,Versa 4
2026-05-21T05:44:08Z,97.0,Versa 4
2026-05-21T05:45:08Z,50.0,Versa 4
2026-05-21T05:46:08Z,96.6,Versa 4
2026-05-21T05:47:08Z,96.8,Versa 4
2026-05-21T05:48:08Z,96.8,Versa 4
2026-05-21T05:49:08Z,50.0,Versa 4
2026-05-21T05:50:08Z,97.3,Versa 4
2026-05-21T05:51:08Z,97.7,Versa 4
2026-05-21T05:52:08Z,97.6,Versa 4
2026-05-21T05:53:08Z,97.4,Versa 4
2026-05-21T05:54:08Z,97.5,Versa 4
2026-05-21T05:55:08Z,97.3,Versa 4
2026-05-21T05:56:08Z,50.0,Versa 4
2026-05-21T05:57:08Z,96.9,Versa 4
2026-05-21T05:58:08Z,96.5,Versa 4
2026-05-21T05:59:08Z,50.0,Versa 4
2026-05-21T06:00:08Z,96.9,Versa 4
2026-05-21T06:01:08Z,94.9,Versa 4
2026-05-21T06:02:08Z,96.5,Versa 4
2026-05-21T06:03:08Z,96.7,Versa 4
2026-05-21T06:04:08Z,99.4,Versa 4
2026-05-21T06:05:08Z,99.6,Versa 4
2026-05-21T06:06:08Z,99.2,Versa 4
2026-05-21T06:07:08Z,99.2,Versa 4
2026-05-21T06:08:08Z,99.0,Versa 4
2026-05-21T06:09:08Z,50.0,Versa 4
2026-05-21T06:10:08Z,50.0,Versa 4
2026-05-21T06:11:08Z,96.0,Versa 4
2026-05-21T06:12:08Z,50.0,Versa 4
2026-05-21T06:13:08Z,95.6,Versa 4
2026-05-21T06:14:08Z,50.0,Versa 4
2026-05-21T06:15:08Z,95.9,Versa 4
2026-05-21T06:16:08Z,96.2,Versa 4
2026-05-21T06:17:08Z,96.6,Versa 4
2026-05-21T06:18:08Z,96.8,Versa 4
2026-05-21T06:19:08Z,50.0,Versa 4
2026-05-21T06:20:08Z,50.0,Versa 4
2026-05-21T06:21:08Z,97.0,Versa 4
2026-05-21T06:22:08Z,97.0,Versa 4
2026-05-21T06:23:08Z,96.9,Versa 4
2026-05-21T06:24:08Z,96.9,Versa 4
2026-05-21T06:25:08Z,50.0,Versa 4
2026-05-21T06:26:08Z,50.0,Versa 4
2026-05-21T06:27:08Z,50.0,Versa 4
2026-05-21T06:28:08Z,50.0,Versa 4
2026-05-21T06:29:08Z,50.0,Versa 4
2026-05-21T06:30:08Z,50.0,Versa 4
2026-05-21T06:31:08Z,50.0,Versa 4
2026-05-21T06:32:08Z,50.0,Versa 4
2026-05-21T06:33:08Z,50.0,Versa 4
2026-05-21T06:34:08Z,50.0,Versa 4
2026-05-21T06:35:08Z,50.0,Versa 4
2026-05-21T06:36:08Z,50.0,Versa 4
2026-05-21T06:37:08Z,50.0,Versa 4
2026-05-21T06:38:08Z,50.0,Versa 4
2026-05-21T06:39:08Z,50.0,Versa 4
2026-05-21T20:51:35Z,79.5,Versa 4
2026-05-21T20:52:35Z,82.5,Versa 4
2026-05-21T20:53:35Z,50.0,Versa 4
2026-05-21T20:54:35Z,82.8,Versa 4
2026-05-21T20:55:35Z,85.8,Versa 4
2026-05-21T20:56:35Z,90.4,Versa 4
2026-05-21T21:12:34Z,50.0,Versa 4
2026-05-21T21:13:34Z,50.0,Versa 4
2026-05-21T21:14:34Z,50.0,Versa 4
2026-05-21T21:15:34Z,84.1,Versa 4
2026-05-21T21:16:34Z,86.2,Versa 4
2026-05-21T21:17:34Z,87.9,Versa 4
2026-05-21T21:18:34Z,89.7,Versa 4
2026-05-21T21:19:34Z,91.5,Versa 4
2026-05-21T21:20:34Z,93.1,Versa 4
2026-05-21T21:21:34Z,91.7,Versa 4
2026-05-21T21:22:34Z,92.1,Versa 4
2026-05-21T21:23:34Z,92.1,Versa 4
2026-05-21T21:24:34Z,92.7,Versa 4
2026-05-21T21:25:34Z,91.4,Versa 4
2026-05-21T21:26:34Z,92.2,Versa 4
2026-05-21T21:27:34Z,93.1,Versa 4
2026-05-21T21:28:34Z,93.6,Versa 4
2026-05-21T21:29:34Z,93.8,Versa 4
2026-05-21T21:30:34Z,93.7,Versa 4
2026-05-21T21:31:34Z,93.2,Versa 4
2026-05-21T21:32:34Z,93.4,Versa 4
2026-05-21T21:33:34Z,94.7,Versa 4
2026-05-21T21:34:34Z,95.4,Versa 4
2026-05-21T21:35:34Z,50.0,Versa 4
2026-05-21T21:36:34Z,95.5,Versa 4
2026-05-21T21:37:34Z,94.8,Versa 4
2026-05-21T21:38:34Z,94.3,Versa 4
2026-05-21T21:39:34Z,94.0,Versa 4
2026-05-21T21:40:34Z,93.7,Versa 4
2026-05-21T21:41:34Z,94.4,Versa 4
2026-05-21T21:42:34Z,94.9,Versa 4
2026-05-21T21:43:34Z,95.3,Versa 4
2026-05-21T21:44:34Z,50.0,Versa 4
2026-05-21T21:45:34Z,50.0,Versa 4
2026-05-21T21:46:34Z,95.9,Versa 4
2026-05-21T21:47:34Z,50.0,Versa 4
2026-05-21T21:48:34Z,96.5,Versa 4
2026-05-21T21:49:34Z,50.0,Versa 4
2026-05-21T21:50:34Z,50.0,Versa 4
2026-05-21T21:51:34Z,50.0,Versa 4
2026-05-21T21:52:34Z,50.0,Versa 4
2026-05-21T21:53:34Z,50.0,Versa 4
2026-05-21T21:54:34Z,97.1,Versa 4
2026-05-21T22:59:34Z,92.6,Versa 4
2026-05-21T23:00:34Z,88.1,Versa 4
2026-05-21T23:01:34Z,81.3,Versa 4
2026-05-21T23:02:34Z,78.4,Versa 4
2026-05-21T23:03:34Z,76.1,Versa 4
2026-05-21T23:04:34Z,75.5,Versa 4
2026-05-21T23:05:34Z,75.5,Versa 4
2026-05-21T23:06:34Z,75.6,Versa 4
2026-05-21T23:07:34Z,76.1,Versa 4
2026-05-21T23:08:34Z,76.1,Versa 4
2026-05-21T23:09:34Z,75.5,Versa 4
2026-05-21T23:10:34Z,75.6,Versa 4
2026-05-21T23:11:34Z,75.7,Versa 4
2026-05-21T23:12:34Z,75.8,Versa 4
2026-05-21T23:13:34Z,76.4,Versa 4
2026-05-21T23:14:34Z,76.9,Versa 4
2026-05-21T23:15:34Z,76.4,Versa 4
2026-05-21T23:16:34Z,77.2,Versa 4
2026-05-21T23:17:34Z,78.2,Versa 4
2026-05-21T23:18:34Z,79.4,Versa 4
2026-05-21T23:19:34Z,81.8,Versa 4
2026-05-21T23:20:34Z,80.8,Versa 4
2026-05-21T23:21:34Z,81.3,Versa 4
2026-05-21T23:22:34Z,83.9,Versa 4
2026-05-21T23:23:34Z,83.3,Versa 4
2026-05-21T23:24:34Z,85.8,Versa 4
2026-05-21T23:25:34Z,88.2,Versa 4
2026-05-21T23:26:34Z,89.7,Versa 4
2026-05-21T23:27:34Z,91.5,Versa 4
2026-05-21T23:28:34Z,92.9,Versa 4
2026-05-21T23:29:34Z,93.2,Versa 4
2026-05-21T23:30:34Z,94.0,Versa 4
2026-05-21T23:31:34Z,94.2,Versa 4
2026-05-21T23:32:34Z,94.4,Versa 4
2026-05-21T23:33:34Z,93.6,Versa 4
2026-05-21T23:34:34Z,94.3,Versa 4
2026-05-21T23:35:34Z,94.2,Versa 4
2026-05-21T23:36:34Z,50.0,Versa 4
2026-05-21T23:37:34Z,50.0,Versa 4
2026-05-21T23:38:34Z,50.0,Versa 4
2026-05-21T23:39:34Z,50.0,Versa 4
2026-05-21T23:40:34Z,50.0,Versa 4
2026-05-21T23:41:34Z,92.9,Versa 4
2026-05-21T23:42:34Z,87.6,Versa 4
2026-05-21T23:43:34Z,84.8,Versa 4
2026-05-21T23:44:34Z,82.8,Versa 4
2026-05-21T23:45:34Z,81.6,Versa 4
2026-05-21T23:46:34Z,80.6,Versa 4
2026-05-21T23:47:34Z,80.2,Versa 4
2026-05-21T23:48:34Z,80.4,Versa 4
2026-05-21T23:49:34Z,80.1,Versa 4
2026-05-21T23:50:34Z,80.3,Versa 4
2026-05-21T23:51:34Z,80.5,Versa 4
2026-05-21T23:52:34Z,80.8,Versa 4
2026-05-21T23:53:34Z,80.9,Versa 4
2026-05-21T23:54:34Z,50.0,Versa 4
2026-05-21T23:55:34Z,82.6,Versa 4
2026-05-21T23:56:34Z,83.1,Versa 4
2026-05-21T23:57:34Z,82.7,Versa 4
2026-05-21T23:58:34Z,82.5,Versa 4
2026-05-21T23:59:34Z,82.4,Versa 4
2026-05-22T00:00:34Z,82.2,Versa 4
2026-05-22T00:01:34Z,81.8,Versa 4
2026-05-22T00:02:34Z,81.8,Versa 4
2026-05-22T00:03:34Z,81.2,Versa 4
2026-05-22T00:04:34Z,80.8,Versa 4
2026-05-22T00:05:34Z,81.0,Versa 4
2026-05-22T00:06:34Z,50.0,Versa 4
2026-05-22T00:07:34Z,83.4,Versa 4
2026-05-22T00:08:34Z,85.7,Versa 4
2026-05-22T00:09:34Z,86.8,Versa 4
2026-05-22T00:10:34Z,87.7,Versa 4
2026-05-22T00:11:34Z,88.5,Versa 4
2026-05-22T00:12:34Z,89.0,Versa 4
2026-05-22T00:13:34Z,90.2,Versa 4
2026-05-22T00:14:34Z,90.5,Versa 4
2026-05-22T00:15:34Z,90.8,Versa 4
2026-05-22T00:16:34Z,90.7,Versa 4
2026-05-22T00:17:34Z,90.6,Versa 4
2026-05-22T00:18:34Z,90.7,Versa 4
2026-05-22T00:19:34Z,90.9,Versa 4
2026-05-22T00:20:34Z,91.0,Versa 4
2026-05-22T00:21:34Z,91.4,Versa 4
2026-05-22T00:22:34Z,91.5,Versa 4
2026-05-22T00:23:34Z,91.3,Versa 4
2026-05-22T00:24:34Z,91.2,Versa 4
2026-05-22T00:25:34Z,91.4,Versa 4
2026-05-22T00:26:34Z,91.3,Versa 4
2026-05-22T00:27:34Z,90.9,Versa 4
2026-05-22T00:28:34Z,91.0,Versa 4
2026-05-22T00:29:34Z,91.3,Versa 4
2026-05-22T00:30:34Z,91.3,Versa 4
2026-05-22T00:31:34Z,91.2,Versa 4
2026-05-22T00:32:34Z,91.1,Versa 4
2026-05-22T00:33:34Z,90.8,Versa 4
2026-05-22T00:34:34Z,91.3,Versa 4
2026-05-22T00:35:34Z,91.0,Versa 4
2026-05-22T00:36:34Z,90.2,Versa 4
2026-05-22T00:37:34Z,50.0,Versa 4
2026-05-22T00:38:34Z,91.2,Versa 4
2026-05-22T00:39:34Z,92.3,Versa 4
2026-05-22T00:40:34Z,92.5,Versa 4
2026-05-22T00:41:34Z,94.3,Versa 4
2026-05-22T00:42:34Z,94.5,Versa 4
2026-05-22T00:43:34Z,91.0,Versa 4
2026-05-22T00:44:34Z,88.5,Versa 4
2026-05-22T00:45:34Z,87.0,Versa 4
2026-05-22T00:46:34Z,86.0,Versa 4
2026-05-22T00:47:34Z,85.4,Versa 4
2026-05-22T00:48:34Z,85.1,Versa 4
2026-05-22T00:49:34Z,84.7,Versa 4
2026-05-22T00:50:34Z,84.6,Versa 4
2026-05-22T00:51:34Z,84.6,Versa 4
2026-05-22T00:52:34Z,84.8,Versa 4
2026-05-22T00:53:34Z,85.1,Versa 4
2026-05-22T00:54:34Z,85.4,Versa 4
2026-05-22T00:55:34Z,85.5,Versa 4
2026-05-22T00:56:34Z,85.9,Versa 4
2026-05-22T00:57:34Z,86.3,Versa 4
2026-05-22T00:58:34Z,86.5,Versa 4
2026-05-22T00:59:34Z,86.5,Versa 4
2026-05-22T01:00:34Z,86.7,Versa 4
2026-05-22T01:01:34Z,86.6,Versa 4
2026-05-22T01:02:34Z,86.2,Versa 4
2026-05-22T01:03:34Z,86.0,Versa 4
2026-05-22T01:04:34Z,86.1,Versa 4
2026-05-22T01:05:34Z,86.3,Versa 4
2026-05-22T01:06:34Z,86.7,Versa 4
2026-05-22T01:07:34Z,86.6,Versa 4
2026-05-22T01:08:34Z,86.4,Versa 4
2026-05-22T01:09:34Z,86.4,Versa 4
2026-05-22T01:10:34Z,86.5,Versa 4
2026-05-22T01:11:34Z,86.6,Versa 4
2026-05-22T01:12:34Z,86.5,Versa 4
2026-05-22T01:13:34Z,86.7,Versa 4
2026-05-22T01:14:34Z,86.8,Versa 4
2026-05-22T01:15:34Z,86.7,Versa 4
2026-05-22T01:16:34Z,86.8,Versa 4
2026-05-22T01:17:34Z,86.8,Versa 4
2026-05-22T01:18:34Z,86.9,Versa 4
2026-05-22T01:19:34Z,87.2,Versa 4
2026-05-22T01:20:34Z,87.5,Versa 4
2026-05-22T01:21:34Z,88.4,Versa 4
2026-05-22T01:22:34Z,50.0,Versa 4
2026-05-22T01:23:34Z,92.7,Versa 4
2026-05-22T01:24:34Z,95.8,Versa 4
2026-05-22T01:25:34Z,98.0,Versa 4
2026-05-22T01:26:34Z,50.0,Versa 4
2026-05-22T01:27:34Z,98.2,Versa 4
2026-05-22T01:28:34Z,98.4,Versa 4
2026-05-22T01:29:34Z,99.1,Versa 4
2026-05-22T01:30:34Z,99.3,Versa 4
2026-05-22T01:31:34Z,100.0,Versa 4
2026-05-22T01:32:34Z,100.0,Versa 4
2026-05-22T01:33:34Z,100.0,Versa 4
2026-05-22T01:34:34Z,100.0,Versa 4
2026-05-22T01:35:34Z,100.0,Versa 4
2026-05-22T01:36:34Z,100.0,Versa 4
2026-05-22T01:37:34Z,100.0,Versa 4
2026-05-22T01:38:34Z,100.0,Versa 4
2026-05-22T01:39:34Z,100.0,Versa 4
2026-05-22T01:40:34Z,100.0,Versa 4
2026-05-22T01:41:34Z,100.0,Versa 4
2026-05-22T01:42:34Z,100.0,Versa 4
2026-05-22T01:43:34Z,50.0,Versa 4
2026-05-22T01:44:34Z,100.0,Versa 4
2026-05-22T01:45:34Z,98.9,Versa 4
2026-05-22T01:46:34Z,98.2,Versa 4
2026-05-22T01:47:34Z,98.3,Versa 4
2026-05-22T01:48:34Z,99.1,Versa 4
2026-05-22T01:49:34Z,99.2,Versa 4
2026-05-22T01:50:34Z,98.2,Versa 4
2026-05-22T01:51:34Z,97.4,Versa 4
2026-05-22T01:52:34Z,50.0,Versa 4
2026-05-22T01:53:34Z,97.6,Versa 4
2026-05-22T01:54:34Z,97.7,Versa 4
2026-05-22T01:55:34Z,97.9,Versa 4
2026-05-22T01:56:34Z,98.0,Versa 4
2026-05-22T01:57:34Z,98.0,Versa 4
2026-05-22T01:58:34Z,98.1,Versa 4
2026-05-22T01:59:34Z,98.1,Versa 4
2026-05-22T02:00:34Z,50.0,Versa 4
2026-05-22T02:01:34Z,98.1,Versa 4
2026-05-22T02:02:34Z,98.1,Versa 4
2026-05-22T02:03:34Z,98.1,Versa 4
2026-05-22T02:04:34Z,98.1,Versa 4
2026-05-22T02:05:34Z,98.1,Versa 4
2026-05-22T02:06:34Z,98.2,Versa 4
2026-05-22T02:07:34Z,98.3,Versa 4
2026-05-22T02:08:34Z,98.3,Versa 4
2026-05-22T02:09:34Z,98.3,Versa 4
2026-05-22T02:10:34Z,98.3,Versa 4
2026-05-22T02:11:34Z,98.3,Versa 4
2026-05-22T02:12:34Z,98.3,Versa 4
2026-05-22T02:13:34Z,98.4,Versa 4
2026-05-22T02:14:34Z,98.4,Versa 4
2026-05-22T02:15:34Z,98.4,Versa 4
2026-05-22T02:16:34Z,98.4,Versa 4
2026-05-22T02:17:34Z,98.3,Versa 4
2026-05-22T02:18:34Z,98.3,Versa 4
2026-05-22T02:19:34Z,98.2,Versa 4
2026-05-22T02:20:34Z,98.1,Versa 4
2026-05-22T02:21:34Z,98.1,Versa 4
2026-05-22T02:22:34Z,98.0,Versa 4
2026-05-22T02:23:34Z,98.0,Versa 4
2026-05-22T02:24:34Z,97.9,Versa 4
2026-05-22T02:25:34Z,97.8,Versa 4
2026-05-22T02:26:34Z,97.7,Versa 4
2026-05-22T02:27:34Z,97.6,Versa 4
2026-05-22T02:28:34Z,97.5,Versa 4
2026-05-22T02:29:34Z,97.4,Versa 4
2026-05-22T02:30:34Z,97.3,Versa 4
2026-05-22T02:31:34Z,97.2,Versa 4
2026-05-22T02:32:34Z,97.1,Versa 4
2026-05-22T02:33:34Z,97.0,Versa 4
2026-05-22T02:34:34Z,97.0,Versa 4
2026-05-22T02:35:34Z,96.9,Versa 4
2026-05-22T02:36:34Z,96.7,Versa 4
2026-05-22T02:37:34Z,96.8,Versa 4
2026-05-22T02:38:34Z,96.8,Versa 4
2026-05-22T02:39:34Z,96.7,Versa 4
2026-05-22T02:40:34Z,96.8,Versa 4
2026-05-22T02:41:34Z,96.7,Versa 4
2026-05-22T02:42:34Z,96.7,Versa 4
2026-05-22T02:43:34Z,96.7,Versa 4
2026-05-22T02:44:34Z,96.6,Versa 4
2026-05-22T02:45:34Z,96.6,Versa 4
2026-05-22T02:46:34Z,96.6,Versa 4
2026-05-22T02:47:34Z,96.4,Versa 4
2026-05-22T02:48:34Z,96.4,Versa 4
2026-05-22T02:49:34Z,96.4,Versa 4
2026-05-22T02:50:34Z,96.3,Versa 4
2026-05-22T02:51:34Z,96.3,Versa 4
2026-05-22T02:52:34Z,96.4,Versa 4
2026-05-22T02:53:34Z,96.4,Versa 4
2026-05-22T02:54:34Z,96.2,Versa 4
2026-05-22T02:55:34Z,96.3,Versa 4
2026-05-22T02:56:34Z,96.3,Versa 4
2026-05-22T02:57:34Z,96.4,Versa 4
2026-05-22T02:58:34Z,96.5,Versa 4
2026-05-22T02:59:34Z,96.5,Versa 4
2026-05-22T03:00:34Z,96.7,Versa 4
2026-05-22T03:01:34Z,96.7,Versa 4
2026-05-22T03:02:34Z,50.0,Versa 4
2026-05-22T03:03:34Z,97.4,Versa 4
2026-05-22T03:04:34Z,50.0,Versa 4
2026-05-22T03:05:34Z,97.8,Versa 4
2026-05-22T03:06:34Z,50.0,Versa 4
2026-05-22T03:07:34Z,94.6,Versa 4
2026-05-22T03:08:34Z,92.8,Versa 4
2026-05-22T03:09:34Z,91.2,Versa 4
2026-05-22T03:10:34Z,90.6,Versa 4
2026-05-22T03:11:34Z,91.2,Versa 4
2026-05-22T03:12:34Z,90.6,Versa 4
2026-05-22T03:13:34Z,89.5,Versa 4
2026-05-22T03:14:34Z,88.3,Versa 4
2026-05-22T03:15:34Z,87.6,Versa 4
2026-05-22T03:16:34Z,88.3,Versa 4
2026-05-22T03:17:34Z,88.4,Versa 4
2026-05-22T03:18:34Z,88.4,Versa 4
2026-05-22T03:19:34Z,88.1,Versa 4
2026-05-22T03:20:34Z,88.6,Versa 4
2026-05-22T03:21:34Z,88.4,Versa 4
2026-05-22T03:22:34Z,88.8,Versa 4
2026-05-22T03:23:34Z,92.9,Versa 4
2026-05-22T03:24:34Z,93.2,Versa 4
2026-05-22T03:25:34Z,92.1,Versa 4
2026-05-22T03:26:34Z,91.9,Versa 4
2026-05-22T03:27:34Z,91.4,Versa 4
2026-05-22T03:28:34Z,90.3,Versa 4
2026-05-22T03:29:34Z,90.2,Versa 4
2026-05-22T03:30:34Z,90.9,Versa 4
2026-05-22T03:31:34Z,93.1,Versa 4
2026-05-22T03:32:34Z,94.1,Versa 4
2026-05-22T03:33:34Z,96.4,Versa 4
2026-05-22T03:34:34Z,97.8,Versa 4
2026-05-22T03:35:34Z,98.6,Versa 4
2026-05-22T03:36:34Z,98.6,Versa 4
2026-05-22T03:37:34Z,50.0,Versa 4
2026-05-22T03:38:34Z,97.5,Versa 4
2026-05-22T03:39:34Z,97.3,Versa 4
2026-05-22T03:40:34Z,97.2,Versa 4
2026-05-22T03:41:34Z,97.2,Versa 4
2026-05-22T03:42:34Z,97.3,Versa 4
2026-05-22T03:43:34Z,97.4,Versa 4
2026-05-22T03:44:34Z,97.4,Versa 4
2026-05-22T03:45:34Z,97.5,Versa 4
2026-05-22T03:46:34Z,97.4,Versa 4
2026-05-22T03:47:34Z,97.4,Versa 4
2026-05-22T03:48:34Z,97.6,Versa 4
2026-05-22T03:49:34Z,97.6,Versa 4
2026-05-22T03:50:34Z,97.6,Versa 4
2026-05-22T03:51:34Z,97.5,Versa 4
2026-05-22T03:52:34Z,97.5,Versa 4
2026-05-22T03:53:34Z,97.5,Versa 4
2026-05-22T03:54:34Z,97.5,Versa 4
2026-05-22T03:55:34Z,97.5,Versa 4
2026-05-22T03:56:34Z,96.8,Versa 4
2026-05-22T03:57:34Z,96.3,Versa 4
2026-05-22T03:58:34Z,96.1,Versa 4
2026-05-22T03:59:34Z,95.8,Versa 4
2026-05-22T04:00:34Z,95.6,Versa 4
2026-05-22T04:01:34Z,95.5,Versa 4
2026-05-22T04:02:34Z,95.4,Versa 4
2026-05-22T04:03:34Z,50.0,Versa 4
2026-05-22T04:04:34Z,95.4,Versa 4
2026-05-22T04:05:34Z,96.2,Versa 4
2026-05-22T04:06:34Z,96.8,Versa 4
2026-05-22T04:07:34Z,97.0,Versa 4
2026-05-22T04:08:34Z,96.9,Versa 4
2026-05-22T04:09:34Z,97.2,Versa 4
2026-05-22T04:10:34Z,97.2,Versa 4
2026-05-22T04:11:34Z,97.4,Versa 4
2026-05-22T04:12:34Z,97.4,Versa 4
2026-05-22T04:13:34Z,97.7,Versa 4
2026-05-22T04:14:34Z,97.5,Versa 4
2026-05-22T04:15:34Z,50.0,Versa 4
2026-05-22T04:16:34Z,97.6,Versa 4
2026-05-22T04:17:34Z,97.9,Versa 4
2026-05-22T04:18:34Z,98.2,Versa 4
2026-05-22T04:19:34Z,98.6,Versa 4
2026-05-22T04:20:34Z,99.0,Versa 4
2026-05-22T04:21:34Z,99.1,Versa 4
2026-05-22T04:22:34Z,99.6,Versa 4
2026-05-22T04:23:34Z,100.0,Versa 4
2026-05-22T04:24:34Z,100.0,Versa 4
2026-05-22T04:25:34Z,100.0,Versa 4
2026-05-22T04:26:34Z,50.0,Versa 4
2026-05-22T04:27:34Z,100.0,Versa 4
2026-05-22T04:28:34Z,99.9,Versa 4
2026-05-22T04:29:34Z,99.8,Versa 4
2026-05-22T04:30:34Z,99.2,Versa 4
2026-05-22T04:31:34Z,98.8,Versa 4
2026-05-22T04:32:34Z,98.5,Versa 4
2026-05-22T04:33:34Z,98.7,Versa 4
2026-05-22T04:34:34Z,98.9,Versa 4
2026-05-22T04:35:34Z,98.9,Versa 4
2026-05-22T04:36:34Z,50.0,Versa 4
2026-05-22T04:37:34Z,50.0,Versa 4
2026-05-22T04:38:34Z,99.7,Versa 4
2026-05-22T04:39:34Z,100.0,Versa 4
2026-05-22T04:40:34Z,50.0,Versa 4
2026-05-22T04:41:34Z,100.0,Versa 4
2026-05-22T04:42:34Z,100.0,Versa 4
2026-05-22T04:43:34Z,100.0,Versa 4
2026-05-22T04:44:34Z,100.0,Versa 4
2026-05-22T04:45:34Z,50.0,Versa 4
2026-05-22T04:46:34Z,100.0,Versa 4
2026-05-22T04:47:34Z,100.0,Versa 4
2026-05-22T04:48:34Z,100.0,Versa 4
2026-05-22T04:49:34Z,99.9,Versa 4
2026-05-22T04:50:34Z,99.9,Versa 4
2026-05-22T04:51:34Z,100.0,Versa 4
2026-05-22T04:52:34Z,100.0,Versa 4
2026-05-22T04:53:34Z,50.0,Versa 4
2026-05-22T04:54:34Z,50.0,Versa 4
2026-05-22T04:55:34Z,100.0,Versa 4
2026-05-22T04:56:34Z,99.3,Versa 4
2026-05-22T04:57:34Z,98.9,Versa 4
2026-05-22T04:58:34Z,98.5,Versa 4
2026-05-22T04:59:34Z,98.1,Versa 4
2026-05-22T05:00:34Z,97.9,Versa 4
2026-05-22T05:01:34Z,97.8,Versa 4
2026-05-22T05:02:34Z,50.0,Versa 4
2026-05-22T05:03:34Z,98.1,Versa 4
2026-05-22T05:04:34Z,98.2,Versa 4
2026-05-22T05:05:34Z,50.0,Versa 4
2026-05-22T05:06:34Z,98.9,Versa 4
2026-05-22T05:07:34Z,99.5,Versa 4
2026-05-22T05:08:34Z,99.8,Versa 4
2026-05-22T05:09:34Z,99.8,Versa 4
2026-05-22T05:10:34Z,99.6,Versa 4
2026-05-22T05:11:34Z,99.4,Versa 4
2026-05-22T05:12:34Z,99.1,Versa 4
2026-05-22T05:13:34Z,99.2,Versa 4
2026-05-22T05:14:34Z,99.4,Versa 4
2026-05-22T05:15:34Z,50.0,Versa 4
2026-05-22T05:16:34Z,99.4,Versa 4
2026-05-22T05:17:34Z,99.5,Versa 4
2026-05-22T05:18:34Z,99.1,Versa 4
2026-05-22T05:19:34Z,99.1,Versa 4
2026-05-22T05:20:34Z,99.4,Versa 4
2026-05-22T05:21:34Z,99.4,Versa 4
2026-05-22T05:22:34Z,99.3,Versa 4
2026-05-22T05:23:34Z,50.0,Versa 4
2026-05-22T05:24:34Z,99.0,Versa 4
2026-05-22T05:25:34Z,98.8,Versa 4
2026-05-22T05:26:34Z,98.4,Versa 4
2026-05-22T05:27:34Z,50.0,Versa 4
2026-05-22T05:28:34Z,99.1,Versa 4
2026-05-22T05:29:34Z,99.6,Versa 4
2026-05-22T05:30:34Z,100.0,Versa 4
2026-05-22T05:31:34Z,99.9,Versa 4
2026-05-22T05:32:34Z,99.5,Versa 4
2026-05-22T05:33:34Z,99.4,Versa 4
2026-05-22T05:34:34Z,99.3,Versa 4
2026-05-22T05:35:34Z,99.5,Versa 4
2026-05-22T05:36:34Z,98.9,Versa 4
2026-05-22T05:37:34Z,99.4,Versa 4
2026-05-22T05:38:34Z,99.5,Versa 4
2026-05-22T05:39:34Z,100.0,Versa 4
2026-05-22T05:40:34Z,95.5,Versa 4
2026-05-22T05:41:34Z,93.3,Versa 4
2026-05-22T05:42:34Z,89.8,Versa 4
2026-05-22T05:43:34Z,88.0,Versa 4
2026-05-22T05:44:34Z,50.0,Versa 4
2026-05-22T05:45:34Z,50.0,Versa 4
2026-05-22T05:46:34Z,87.5,Versa 4
2026-05-22T05:47:34Z,50.0,Versa 4
2026-05-22T05:48:34Z,86.3,Versa 4
2026-05-22T05:49:34Z,50.0,Versa 4
2026-05-22T05:50:34Z,90.9,Versa 4
2026-05-22T05:51:34Z,93.4,Versa 4
2026-05-22T05:52:34Z,94.0,Versa 4
2026-05-22T05:53:34Z,50.0,Versa 4
2026-05-22T05:54:34Z,92.8,Versa 4
2026-05-22T05:55:34Z,92.4,Versa 4
2026-05-22T05:56:34Z,95.0,Versa 4
2026-05-22T05:57:34Z,95.0,Versa 4
2026-05-22T05:58:34Z,95.4,Versa 4
2026-05-22T05:59:34Z,94.3,Versa 4
2026-05-22T06:00:34Z,50.0,Versa 4
2026-05-22T06:01:34Z,50.0,Versa 4
2026-05-22T06:02:34Z,95.3,Versa 4
2026-05-22T06:03:34Z,95.9,Versa 4
2026-05-22T06:04:34Z,93.2,Versa 4
2026-05-22T06:05:34Z,89.7,Versa 4
2026-05-22T06:06:34Z,50.0,Versa 4
2026-05-22T06:07:34Z,50.0,Versa 4
2026-05-22T06:08:34Z,50.0,Versa 4
2026-05-22T06:09:34Z,50.0,Versa 4
2026-05-22T06:10:34Z,50.0,Versa 4
2026-05-22T06:11:34Z,50.0,Versa 4
2026-05-22T06:12:34Z,50.0,Versa 4
2026-05-22T06:13:34Z,50.0,Versa 4
2026-05-22T06:14:34Z,50.0,Versa 4
2026-05-22T06:15:34Z,50.0,Versa 4
2026-05-22T06:16:34Z,50.0,Versa 4
2026-05-22T06:17:34Z,50.0,Versa 4
2026-05-22T23:04:04Z,50.0,Versa 4
2026-05-22T23:05:04Z,50.0,Versa 4
2026-05-22T23:06:04Z,50.0,Versa 4
2026-05-22T23:07:04Z,93.4,Versa 4
2026-05-22T23:08:04Z,87.0,Versa 4
2026-05-22T23:09:04Z,87.9,Versa 4
2026-05-22T23:10:04Z,50.0,Versa 4
2026-05-22T23:11:04Z,86.9,Versa 4
2026-05-22T23:12:04Z,82.3,Versa 4
2026-05-22T23:13:04Z,50.0,Versa 4
2026-05-22T23:14:04Z,50.0,Versa 4
2026-05-22T23:15:04Z,50.0,Versa 4
2026-05-22T23:16:04Z,50.0,Versa 4
2026-05-22T23:17:04Z,50.0,Versa 4
2026-05-22T23:18:04Z,50.0,Versa 4
2026-05-22T23:19:04Z,50.0,Versa 4
2026-05-22T23:20:04Z,50.0,Versa 4
2026-05-22T23:21:04Z,50.0,Versa 4
2026-05-22T23:22:04Z,87.3,Versa 4
2026-05-22T23:23:04Z,93.4,Versa 4
2026-05-22T23:24:04Z,94.4,Versa 4
2026-05-22T23:25:04Z,94.9,Versa 4
2026-05-22T23:26:04Z,95.3,Versa 4
2026-05-22T23:27:04Z,95.7,Versa 4
2026-05-22T23:35:34Z,99.8,Versa 4
2026-05-22T23:36:34Z,98.0,Versa 4
2026-05-22T23:37:34Z,94.9,Versa 4
2026-05-22T23:38:34Z,92.6,Versa 4
2026-05-22T23:39:34Z,90.8,Versa 4
2026-05-22T23:40:34Z,89.5,Versa 4
2026-05-22T23:41:34Z,88.4,Versa 4
2026-05-22T23:42:34Z,87.8,Versa 4
2026-05-22T23:43:34Z,87.2,Versa 4
2026-05-22T23:44:34Z,87.6,Versa 4
2026-05-22T23:45:34Z,87.6,Versa 4
2026-05-22T23:46:34Z,87.5,Versa 4
2026-05-22T23:47:34Z,87.1,Versa 4
2026-05-22T23:48:34Z,86.5,Versa 4
2026-05-22T23:49:34Z,86.4,Versa 4
2026-05-22T23:50:34Z,86.6,Versa 4
2026-05-22T23:51:34Z,86.8,Versa 4
2026-05-22T23:52:34Z,87.1,Versa 4
2026-05-22T23:53:34Z,87.9,Versa 4
2026-05-22T23:54:34Z,89.4,Versa 4
2026-05-22T23:55:34Z,88.6,Versa 4
2026-05-22T23:56:34Z,88.0,Versa 4
2026-05-22T23:57:34Z,87.8,Versa 4
2026-05-22T23:58:34Z,87.3,Versa 4
2026-05-22T23:59:34Z,87.3,Versa 4
2026-05-23T00:00:34Z,87.3,Versa 4
2026-05-23T00:01:34Z,88.3,Versa 4
2026-05-23T00:02:34Z,50.0,Versa 4
2026-05-23T00:03:34Z,91.9,Versa 4
2026-05-23T00:04:34Z,50.0,Versa 4
2026-05-23T00:05:34Z,94.0,Versa 4
2026-05-23T00:06:34Z,95.6,Versa 4
2026-05-23T00:07:34Z,96.5,Versa 4
2026-05-23T00:08:34Z,97.0,Versa 4
2026-05-23T00:09:34Z,97.5,Versa 4
2026-05-23T00:10:34Z,97.7,Versa 4
2026-05-23T00:11:34Z,97.8,Versa 4
2026-05-23T00:12:34Z,98.1,Versa 4
2026-05-23T00:13:34Z,98.1,Versa 4
2026-05-23T00:14:34Z,97.9,Versa 4
2026-05-23T00:15:34Z,97.6,Versa 4
2026-05-23T00:16:34Z,97.3,Versa 4
2026-05-23T00:17:34Z,97.2,Versa 4
2026-05-23T00:18:34Z,97.1,Versa 4
2026-05-23T00:19:34Z,97.0,Versa 4
2026-05-23T00:20:34Z,97.0,Versa 4
2026-05-23T00:21:34Z,97.0,Versa 4
2026-05-23T00:22:34Z,97.0,Versa 4
2026-05-23T00:23:34Z,97.0,Versa 4
2026-05-23T00:24:34Z,97.0,Versa 4
2026-05-23T00:25:34Z,97.0,Versa 4
2026-05-23T00:26:34Z,97.0,Versa 4
2026-05-23T00:27:34Z,96.9,Versa 4
2026-05-23T00:28:34Z,96.9,Versa 4
2026-05-23T00:29:34Z,97.0,Versa 4
2026-05-23T00:30:34Z,97.0,Versa 4
2026-05-23T00:31:34Z,96.9,Versa 4
2026-05-23T00:32:34Z,96.9,Versa 4
2026-05-23T00:33:34Z,96.9,Versa 4
2026-05-23T00:34:34Z,50.0,Versa 4
2026-05-23T00:35:34Z,97.0,Versa 4
2026-05-23T00:36:34Z,50.0,Versa 4
2026-05-23T00:37:34Z,97.2,Versa 4
2026-05-23T00:38:34Z,97.1,Versa 4
2026-05-23T00:39:34Z,50.0,Versa 4
2026-05-23T00:40:34Z,97.1,Versa 4
2026-05-23T00:41:34Z,97.4,Versa 4
2026-05-23T00:42:34Z,50.0,Versa 4
2026-05-23T00:43:34Z,50.0,Versa 4
2026-05-23T00:44:34Z,98.8,Versa 4
2026-05-23T00:45:34Z,97.8,Versa 4
2026-05-23T00:46:34Z,97.5,Versa 4
2026-05-23T00:47:34Z,97.6,Versa 4
2026-05-23T00:48:34Z,96.6,Versa 4
2026-05-23T00:49:34Z,92.2,Versa 4
2026-05-23T00:50:34Z,89.2,Versa 4
2026-05-23T00:51:34Z,87.6,Versa 4
2026-05-23T00:52:34Z,86.2,Versa 4
2026-05-23T00:53:34Z,88.9,Versa 4
2026-05-23T00:54:34Z,91.8,Versa 4
2026-05-23T00:55:34Z,93.3,Versa 4
2026-05-23T00:56:34Z,94.6,Versa 4
2026-05-23T00:57:34Z,96.2,Versa 4
2026-05-23T00:58:34Z,96.1,Versa 4
2026-05-23T00:59:34Z,95.2,Versa 4
2026-05-23T01:00:34Z,94.6,Versa 4
2026-05-23T01:01:34Z,94.2,Versa 4
2026-05-23T01:02:34Z,94.0,Versa 4
2026-05-23T01:03:34Z,93.9,Versa 4
2026-05-23T01:04:34Z,93.9,Versa 4
2026-05-23T01:05:34Z,94.0,Versa 4
2026-05-23T01:06:34Z,94.0,Versa 4
2026-05-23T01:07:34Z,94.1,Versa 4
2026-05-23T01:08:34Z,94.0,Versa 4
2026-05-23T01:09:34Z,94.1,Versa 4
2026-05-23T01:10:34Z,93.9,Versa 4
2026-05-23T01:11:34Z,93.9,Versa 4
2026-05-23T01:12:34Z,93.8,Versa 4
2026-05-23T01:13:34Z,93.8,Versa 4
2026-05-23T01:14:34Z,93.9,Versa 4
2026-05-23T01:15:34Z,93.8,Versa 4
2026-05-23T01:16:34Z,93.8,Versa 4
2026-05-23T01:17:34Z,93.8,Versa 4
2026-05-23T01:18:34Z,93.9,Versa 4
2026-05-23T01:19:34Z,94.0,Versa 4
2026-05-23T01:20:34Z,93.9,Versa 4
2026-05-23T01:21:34Z,94.1,Versa 4
2026-05-23T01:22:34Z,94.1,Versa 4
2026-05-23T01:23:34Z,94.2,Versa 4
2026-05-23T01:24:34Z,94.1,Versa 4
2026-05-23T01:25:34Z,94.2,Versa 4
2026-05-23T01:26:34Z,94.3,Versa 4
2026-05-23T01:27:34Z,94.4,Versa 4
2026-05-23T01:28:34Z,50.0,Versa 4
2026-05-23T01:29:34Z,95.0,Versa 4
2026-05-23T01:30:34Z,97.1,Versa 4
2026-05-23T01:31:34Z,97.9,Versa 4
2026-05-23T01:32:34Z,97.5,Versa 4
2026-05-23T01:33:34Z,97.5,Versa 4
2026-05-23T01:34:34Z,97.1,Versa 4
2026-05-23T01:35:34Z,96.5,Versa 4
2026-05-23T01:36:34Z,96.8,Versa 4
2026-05-23T01:37:34Z,95.9,Versa 4
2026-05-23T01:38:34Z,95.7,Versa 4
2026-05-23T01:39:34Z,95.7,Versa 4
2026-05-23T01:40:34Z,95.0,Versa 4
2026-05-23T01:41:34Z,95.4,Versa 4
2026-05-23T01:42:34Z,96.1,Versa 4
2026-05-23T01:43:34Z,96.5,Versa 4
2026-05-23T01:44:34Z,96.2,Versa 4
2026-05-23T01:45:34Z,96.3,Versa 4
2026-05-23T01:46:34Z,96.6,Versa 4
2026-05-23T01:47:34Z,96.2,Versa 4
2026-05-23T01:48:34Z,96.3,Versa 4
2026-05-23T01:49:34Z,96.4,Versa 4
2026-05-23T01:50:34Z,95.6,Versa 4
2026-05-23T01:51:34Z,95.5,Versa 4
2026-05-23T01:52:34Z,95.0,Versa 4
2026-05-23T01:53:34Z,95.0,Versa 4
2026-05-23T01:54:34Z,94.6,Versa 4
2026-05-23T01:55:34Z,94.4,Versa 4
2026-05-23T01:56:34Z,94.6,Versa 4
2026-05-23T01:57:34Z,95.8,Versa 4
2026-05-23T01:58:34Z,94.5,Versa 4
2026-05-23T01:59:34Z,94.2,Versa 4
2026-05-23T02:00:34Z,94.5,Versa 4
2026-05-23T02:01:34Z,93.5,Versa 4
2026-05-23T02:02:34Z,93.2,Versa 4
2026-05-23T02:03:34Z,92.4,Versa 4
2026-05-23T02:04:34Z,92.7,Versa 4
2026-05-23T02:05:34Z,92.9,Versa 4
2026-05-23T02:06:34Z,50.0,Versa 4
2026-05-23T02:07:34Z,94.6,Versa 4
2026-05-23T02:08:34Z,95.4,Versa 4
2026-05-23T02:09:34Z,50.0,Versa 4
2026-05-23T02:10:34Z,96.1,Versa 4
2026-05-23T02:11:34Z,94.3,Versa 4
2026-05-23T02:12:34Z,91.4,Versa 4
2026-05-23T02:13:34Z,88.6,Versa 4
2026-05-23T02:14:34Z,86.7,Versa 4
2026-05-23T02:15:34Z,84.5,Versa 4
2026-05-23T02:16:34Z,83.4,Versa 4
2026-05-23T02:17:34Z,84.6,Versa 4
2026-05-23T02:18:34Z,50.0,Versa 4
2026-05-23T02:19:34Z,50.0,Versa 4
2026-05-23T02:20:34Z,88.7,Versa 4
2026-05-23T02:21:34Z,50.0,Versa 4
2026-05-23T02:22:34Z,90.9,Versa 4
2026-05-23T02:23:34Z,93.5,Versa 4
2026-05-23T02:24:34Z,95.1,Versa 4
2026-05-23T02:25:34Z,96.2,Versa 4
2026-05-23T02:26:34Z,96.7,Versa 4
2026-05-23T02:27:34Z,97.6,Versa 4
2026-05-23T02:28:34Z,97.8,Versa 4
2026-05-23T02:29:34Z,98.0,Versa 4
2026-05-23T02:30:34Z,98.2,Versa 4
2026-05-23T02:31:34Z,98.3,Versa 4
2026-05-23T02:32:34Z,98.5,Versa 4
2026-05-23T02:33:34Z,98.6,Versa 4
2026-05-23T02:34:34Z,99.2,Versa 4
2026-05-23T02:35:34Z,99.0,Versa 4
2026-05-23T02:36:34Z,99.6,Versa 4
2026-05-23T02:37:34Z,100.0,Versa 4
2026-05-23T02:38:34Z,100.0,Versa 4
2026-05-23T02:39:34Z,100.0,Versa 4
2026-05-23T02:40:34Z,50.0,Versa 4
2026-05-23T02:41:34Z,98.6,Versa 4
2026-05-23T02:42:34Z,50.0,Versa 4
2026-05-23T02:43:34Z,97.3,Versa 4
2026-05-23T02:44:34Z,97.0,Versa 4
2026-05-23T02:45:34Z,97.1,Versa 4
2026-05-23T02:46:34Z,97.5,Versa 4
2026-05-23T02:47:34Z,97.9,Versa 4
2026-05-23T02:48:34Z,98.3,Versa 4
2026-05-23T02:49:34Z,98.6,Versa 4
2026-05-23T02:50:34Z,98.9,Versa 4
2026-05-23T02:51:34Z,99.1,Versa 4
2026-05-23T02:52:34Z,99.3,Versa 4
2026-05-23T02:53:34Z,99.4,Versa 4
2026-05-23T02:54:34Z,99.5,Versa 4
2026-05-23T02:55:34Z,99.5,Versa 4
2026-05-23T02:56:34Z,99.7,Versa 4
2026-05-23T02:57:34Z,99.7,Versa 4
2026-05-23T02:58:34Z,99.8,Versa 4
2026-05-23T02:59:34Z,99.7,Versa 4
2026-05-23T03:00:34Z,99.7,Versa 4
2026-05-23T03:01:34Z,99.8,Versa 4
2026-05-23T03:02:34Z,99.8,Versa 4
2026-05-23T03:03:34Z,99.9,Versa 4
2026-05-23T03:04:34Z,99.8,Versa 4
2026-05-23T03:05:34Z,99.9,Versa 4
2026-05-23T03:06:34Z,99.9,Versa 4
2026-05-23T03:07:34Z,100.0,Versa 4
2026-05-23T03:08:34Z,100.0,Versa 4
2026-05-23T03:09:34Z,100.0,Versa 4
2026-05-23T03:10:34Z,100.0,Versa 4
2026-05-23T03:11:34Z,100.0,Versa 4
2026-05-23T03:12:34Z,100.0,Versa 4
2026-05-23T03:13:34Z,100.0,Versa 4
2026-05-23T03:14:34Z,100.0,Versa 4
2026-05-23T03:15:34Z,100.0,Versa 4
2026-05-23T03:16:34Z,100.0,Versa 4
2026-05-23T03:17:34Z,96.8,Versa 4
2026-05-23T03:18:34Z,98.1,Versa 4
2026-05-23T03:19:34Z,97.3,Versa 4
2026-05-23T03:20:34Z,50.0,Versa 4
2026-05-23T03:21:34Z,97.5,Versa 4
2026-05-23T03:22:34Z,94.5,Versa 4
2026-05-23T03:23:34Z,92.0,Versa 4
2026-05-23T03:24:34Z,85.0,Versa 4
2026-05-23T03:25:34Z,50.0,Versa 4
2026-05-23T03:26:34Z,80.6,Versa 4
2026-05-23T03:27:34Z,83.6,Versa 4
2026-05-23T03:28:34Z,86.0,Versa 4
2026-05-23T03:29:34Z,88.0,Versa 4
2026-05-23T03:30:34Z,88.9,Versa 4
2026-05-23T03:31:34Z,90.2,Versa 4
2026-05-23T03:32:34Z,90.6,Versa 4
2026-05-23T03:33:34Z,91.6,Versa 4
2026-05-23T03:34:34Z,91.9,Versa 4
2026-05-23T03:35:34Z,92.6,Versa 4
2026-05-23T03:36:34Z,93.5,Versa 4
2026-05-23T03:37:34Z,94.1,Versa 4
2026-05-23T03:38:34Z,50.0,Versa 4
2026-05-23T03:39:34Z,90.4,Versa 4
2026-05-23T03:40:34Z,91.9,Versa 4
2026-05-23T03:41:34Z,93.1,Versa 4
2026-05-23T03:42:34Z,94.0,Versa 4
2026-05-23T03:43:34Z,94.6,Versa 4
2026-05-23T03:44:34Z,95.2,Versa 4
2026-05-23T03:45:34Z,95.7,Versa 4
2026-05-23T03:46:34Z,95.8,Versa 4
2026-05-23T03:47:34Z,96.0,Versa 4
2026-05-23T03:48:34Z,96.1,Versa 4
2026-05-23T03:49:34Z,96.3,Versa 4
2026-05-23T03:50:34Z,50.0,Versa 4
2026-05-23T03:51:34Z,50.0,Versa 4
2026-05-23T03:52:34Z,96.4,Versa 4
2026-05-23T03:53:34Z,94.5,Versa 4
2026-05-23T03:54:34Z,95.3,Versa 4
2026-05-23T03:55:34Z,96.9,Versa 4
2026-05-23T03:56:34Z,98.0,Versa 4
2026-05-23T03:57:34Z,97.6,Versa 4
2026-05-23T03:58:34Z,98.6,Versa 4
2026-05-23T03:59:34Z,98.5,Versa 4
2026-05-23T04:00:34Z,93.1,Versa 4
2026-05-23T04:01:34Z,93.8,Versa 4
2026-05-23T04:02:34Z,94.4,Versa 4
2026-05-23T04:03:34Z,92.9,Versa 4
2026-05-23T04:04:34Z,90.7,Versa 4
2026-05-23T04:05:34Z,91.9,Versa 4
2026-05-23T04:06:34Z,88.3,Versa 4
2026-05-23T04:07:34Z,89.2,Versa 4
2026-05-23T04:08:34Z,89.2,Versa 4
2026-05-23T04:09:34Z,50.0,Versa 4
2026-05-23T04:10:34Z,91.4,Versa 4
2026-05-23T04:11:34Z,94.2,Versa 4
2026-05-23T04:12:34Z,96.1,Versa 4
2026-05-23T04:13:34Z,95.7,Versa 4
2026-05-23T04:14:34Z,96.7,Versa 4
2026-05-23T04:15:34Z,97.1,Versa 4
2026-05-23T04:16:34Z,97.7,Versa 4
2026-05-23T04:17:34Z,98.0,Versa 4
2026-05-23T04:18:34Z,98.2,Versa 4
2026-05-23T04:19:34Z,98.3,Versa 4
2026-05-23T04:20:34Z,50.0,Versa 4
2026-05-23T04:21:34Z,97.5,Versa 4
2026-05-23T04:22:34Z,96.2,Versa 4
2026-05-23T04:23:34Z,95.2,Versa 4
2026-05-23T04:24:34Z,94.3,Versa 4
2026-05-23T04:25:34Z,50.0,Versa 4
2026-05-23T04:26:34Z,94.3,Versa 4
2026-05-23T04:27:34Z,95.1,Versa 4
2026-05-23T04:28:34Z,95.6,Versa 4
2026-05-23T04:29:34Z,95.8,Versa 4
2026-05-23T04:30:34Z,96.0,Versa 4
2026-05-23T04:31:34Z,96.2,Versa 4
2026-05-23T04:32:34Z,96.3,Versa 4
2026-05-23T04:33:34Z,96.4,Versa 4
2026-05-23T04:34:34Z,96.5,Versa 4
2026-05-23T04:35:34Z,96.4,Versa 4
2026-05-23T04:36:34Z,50.0,Versa 4
2026-05-23T04:37:34Z,96.4,Versa 4
2026-05-23T04:38:34Z,96.1,Versa 4
2026-05-23T04:39:34Z,95.9,Versa 4
2026-05-23T04:40:34Z,95.7,Versa 4
2026-05-23T04:41:34Z,95.7,Versa 4
2026-05-23T04:42:34Z,95.6,Versa 4
2026-05-23T04:43:34Z,95.7,Versa 4
2026-05-23T04:44:34Z,95.6,Versa 4
2026-05-23T04:45:34Z,95.8,Versa 4
2026-05-23T04:46:34Z,95.7,Versa 4
2026-05-23T04:47:34Z,95.7,Versa 4
2026-05-23T04:48:34Z,95.6,Versa 4
2026-05-23T04:49:34Z,95.6,Versa 4
2026-05-23T04:50:34Z,95.6,Versa 4
2026-05-23T04:51:34Z,95.7,Versa 4
2026-05-23T04:52:34Z,95.7,Versa 4
2026-05-23T04:53:34Z,95.6,Versa 4
2026-05-23T04:54:34Z,95.6,Versa 4
2026-05-23T04:55:34Z,95.5,Versa 4
2026-05-23T04:56:34Z,95.5,Versa 4
2026-05-23T04:57:34Z,95.5,Versa 4
2026-05-23T04:58:34Z,95.6,Versa 4
2026-05-23T04:59:34Z,95.6,Versa 4
2026-05-23T05:00:34Z,95.7,Versa 4
2026-05-23T05:01:34Z,95.6,Versa 4
2026-05-23T05:02:34Z,95.6,Versa 4
2026-05-23T05:03:34Z,95.6,Versa 4
2026-05-23T05:04:34Z,95.6,Versa 4
2026-05-23T05:05:34Z,95.6,Versa 4
2026-05-23T05:06:34Z,95.6,Versa 4
2026-05-23T05:07:34Z,95.6,Versa 4
2026-05-23T05:08:34Z,95.6,Versa 4
2026-05-23T05:09:34Z,95.5,Versa 4
2026-05-23T05:10:34Z,95.6,Versa 4
2026-05-23T05:11:34Z,95.6,Versa 4
2026-05-23T05:12:34Z,95.7,Versa 4
2026-05-23T05:13:34Z,95.7,Versa 4
2026-05-23T05:14:34Z,95.6,Versa 4
2026-05-23T05:15:34Z,95.6,Versa 4
2026-05-23T05:16:34Z,95.6,Versa 4
2026-05-23T05:17:34Z,95.6,Versa 4
2026-05-23T05:18:34Z,95.6,Versa 4
2026-05-23T05:19:34Z,97.2,Versa 4
2026-05-23T05:20:34Z,97.3,Versa 4
2026-05-23T05:21:34Z,98.0,Versa 4
2026-05-23T05:22:34Z,98.2,Versa 4
2026-05-23T05:23:34Z,98.1,Versa 4
2026-05-23T05:24:34Z,50.0,Versa 4
2026-05-23T05:25:34Z,96.7,Versa 4
2026-05-23T05:26:34Z,90.1,Versa 4
2026-05-23T05:27:34Z,86.0,Versa 4
2026-05-23T05:28:34Z,83.5,Versa 4
2026-05-23T05:29:34Z,80.5,Versa 4
2026-05-23T05:30:34Z,83.4,Versa 4
2026-05-23T05:31:34Z,88.4,Versa 4
2026-05-23T05:32:34Z,90.6,Versa 4
2026-05-23T05:33:34Z,91.3,Versa 4
2026-05-23T05:34:34Z,92.6,Versa 4
2026-05-23T05:35:34Z,90.9,Versa 4
2026-05-23T05:36:34Z,91.5,Versa 4
2026-05-23T05:37:34Z,92.1,Versa 4
2026-05-23T05:38:34Z,92.6,Versa 4
2026-05-23T05:39:34Z,93.1,Versa 4
2026-05-23T05:40:34Z,50.0,Versa 4
2026-05-23T05:41:34Z,89.1,Versa 4
2026-05-23T05:42:34Z,86.4,Versa 4
2026-05-23T05:43:34Z,50.0,Versa 4
2026-05-23T05:44:34Z,89.5,Versa 4
2026-05-23T05:45:34Z,91.4,Versa 4
2026-05-23T05:46:34Z,92.5,Versa 4
2026-05-23T05:47:34Z,50.0,Versa 4
2026-05-23T05:48:34Z,50.0,Versa 4
2026-05-23T05:49:34Z,50.0,Versa 4
2026-05-23T05:50:34Z,92.8,Versa 4
2026-05-23T05:51:34Z,50.0,Versa 4
2026-05-23T05:52:34Z,89.7,Versa 4
2026-05-23T08:18:38Z,50.0,Versa 4
2026-05-23T08:19:38Z,50.0,Versa 4
2026-05-23T08:20:38Z,50.0,Versa 4
2026-05-23T08:21:38Z,50.0,Versa 4
2026-05-23T08:22:38Z,50.0,Versa 4
2026-05-23T23:07:35Z,50.0,Versa 4
2026-05-23T23:08:35Z,50.0,Versa 4
2026-05-23T23:09:35Z,50.0,Versa 4
2026-05-23T23:10:35Z,50.0,Versa 4
2026-05-23T23:11:35Z,97.3,Versa 4
2026-05-23T23:12:35Z,50.0,Versa 4
2026-05-23T23:13:35Z,96.4,Versa 4
2026-05-23T23:14:35Z,95.7,Versa 4
2026-05-23T23:15:35Z,96.4,Versa 4
2026-05-23T23:16:35Z,95.4,Versa 4
2026-05-23T23:17:35Z,95.3,Versa 4
2026-05-23T23:18:35Z,95.0,Versa 4
2026-05-23T23:19:35Z,94.9,Versa 4
2026-05-23T23:20:35Z,95.6,Versa 4
2026-05-23T23:21:35Z,95.9,Versa 4
2026-05-23T23:22:35Z,95.9,Versa 4
2026-05-23T23:23:35Z,95.9,Versa 4
2026-05-23T23:24:35Z,95.9,Versa 4
2026-05-23T23:25:35Z,50.0,Versa 4
2026-05-23T23:26:35Z,94.8,Versa 4
2026-05-23T23:27:35Z,91.5,Versa 4
2026-05-23T23:28:35Z,91.3,Versa 4
2026-05-23T23:29:35Z,90.6,Versa 4
2026-05-23T23:30:35Z,89.7,Versa 4
2026-05-23T23:31:35Z,89.1,Versa 4
2026-05-23T23:32:35Z,88.6,Versa 4
2026-05-23T23:33:35Z,88.3,Versa 4
2026-05-23T23:34:35Z,88.4,Versa 4
2026-05-23T23:35:35Z,88.0,Versa 4
2026-05-23T23:36:35Z,88.1,Versa 4
2026-05-23T23:37:35Z,86.0,Versa 4
2026-05-23T23:38:35Z,87.0,Versa 4
2026-05-23T23:39:35Z,86.6,Versa 4
2026-05-23T23:40:35Z,87.6,Versa 4
2026-05-23T23:41:35Z,87.0,Versa 4
2026-05-23T23:42:35Z,87.3,Versa 4
2026-05-23T23:43:35Z,87.4,Versa 4
2026-05-23T23:44:35Z,87.2,Versa 4
2026-05-23T23:45:35Z,87.7,Versa 4
2026-05-23T23:46:35Z,88.1,Versa 4
2026-05-23T23:47:35Z,88.1,Versa 4
2026-05-23T23:48:35Z,88.4,Versa 4
2026-05-23T23:49:35Z,88.6,Versa 4
2026-05-23T23:50:35Z,88.6,Versa 4
2026-05-23T23:51:35Z,88.6,Versa 4
2026-05-23T23:52:35Z,88.2,Versa 4
2026-05-23T23:53:35Z,50.0,Versa 4
2026-05-23T23:54:35Z,50.0,Versa 4
2026-05-23T23:55:35Z,89.5,Versa 4
2026-05-23T23:56:35Z,91.4,Versa 4
2026-05-23T23:57:35Z,93.0,Versa 4
2026-05-23T23:58:35Z,94.1,Versa 4
2026-05-23T23:59:35Z,94.8,Versa 4
2026-05-24T00:00:35Z,95.3,Versa 4
2026-05-24T00:01:35Z,95.8,Versa 4
2026-05-24T00:02:35Z,96.6,Versa 4
2026-05-24T00:03:35Z,97.0,Versa 4
2026-05-24T00:04:35Z,97.2,Versa 4
2026-05-24T00:05:35Z,97.5,Versa 4
2026-05-24T00:06:35Z,97.5,Versa 4
2026-05-24T00:07:35Z,97.5,Versa 4
2026-05-24T00:08:35Z,97.4,Versa 4
2026-05-24T00:09:35Z,97.5,Versa 4
2026-05-24T00:10:35Z,97.9,Versa 4
2026-05-24T00:11:35Z,98.0,Versa 4
2026-05-24T00:12:35Z,98.3,Versa 4
2026-05-24T00:13:35Z,98.7,Versa 4
2026-05-24T00:14:35Z,98.7,Versa 4
2026-05-24T00:15:35Z,98.7,Versa 4
2026-05-24T00:16:35Z,99.0,Versa 4
2026-05-24T00:17:35Z,99.0,Versa 4
2026-05-24T00:18:35Z,99.0,Versa 4
2026-05-24T00:19:35Z,99.0,Versa 4
2026-05-24T00:20:35Z,99.3,Versa 4
2026-05-24T00:21:35Z,99.3,Versa 4
2026-05-24T00:22:35Z,99.2,Versa 4
2026-05-24T00:23:35Z,50.0,Versa 4
2026-05-24T00:24:35Z,97.4,Versa 4
2026-05-24T00:25:35Z,95.3,Versa 4
2026-05-24T00:26:35Z,93.7,Versa 4
2026-05-24T00:27:35Z,92.4,Versa 4
2026-05-24T00:28:35Z,92.3,Versa 4
2026-05-24T00:29:35Z,91.3,Versa 4
2026-05-24T00:30:35Z,92.3,Versa 4
2026-05-24T00:31:35Z,92.1,Versa 4
2026-05-24T00:32:35Z,92.4,Versa 4
2026-05-24T00:33:35Z,92.1,Versa 4
2026-05-24T00:34:35Z,92.0,Versa 4
2026-05-24T00:35:35Z,92.3,Versa 4
2026-05-24T00:36:35Z,91.9,Versa 4
2026-05-24T00:37:35Z,91.7,Versa 4
2026-05-24T00:38:35Z,91.8,Versa 4
2026-05-24T00:39:35Z,92.1,Versa 4
2026-05-24T00:40:35Z,92.2,Versa 4
2026-05-24T00:41:35Z,92.7,Versa 4
2026-05-24T00:42:35Z,92.2,Versa 4
2026-05-24T00:43:35Z,92.7,Versa 4
2026-05-24T00:44:35Z,92.9,Versa 4
2026-05-24T00:45:35Z,93.3,Versa 4
2026-05-24T00:46:35Z,93.1,Versa 4
2026-05-24T00:47:35Z,93.0,Versa 4
2026-05-24T00:48:35Z,92.8,Versa 4
2026-05-24T00:49:35Z,92.8,Versa 4
2026-05-24T00:50:35Z,92.8,Versa 4
2026-05-24T00:51:35Z,93.1,Versa 4
2026-05-24T00:52:35Z,93.0,Versa 4
2026-05-24T00:53:35Z,93.1,Versa 4
2026-05-24T00:54:35Z,92.9,Versa 4
2026-05-24T00:55:35Z,92.6,Versa 4
2026-05-24T00:56:35Z,92.7,Versa 4
2026-05-24T00:57:35Z,92.4,Versa 4
2026-05-24T00:58:35Z,93.1,Versa 4
2026-05-24T00:59:35Z,93.2,Versa 4
2026-05-24T01:00:35Z,93.3,Versa 4
2026-05-24T01:01:35Z,93.6,Versa 4
2026-05-24T01:02:35Z,93.4,Versa 4
2026-05-24T01:03:35Z,93.2,Versa 4
2026-05-24T01:04:35Z,92.5,Versa 4
2026-05-24T01:05:35Z,92.9,Versa 4
2026-05-24T01:06:35Z,93.4,Versa 4
2026-05-24T01:07:35Z,93.1,Versa 4
2026-05-24T01:08:35Z,93.3,Versa 4
2026-05-24T01:09:35Z,93.3,Versa 4
2026-05-24T01:10:35Z,93.0,Versa 4
2026-05-24T01:11:35Z,93.1,Versa 4
2026-05-24T01:12:35Z,92.9,Versa 4
2026-05-24T01:13:35Z,92.8,Versa 4
2026-05-24T01:14:35Z,93.2,Versa 4
2026-05-24T01:15:35Z,93.3,Versa 4
2026-05-24T01:16:35Z,93.5,Versa 4
2026-05-24T01:17:35Z,93.4,Versa 4
2026-05-24T01:18:35Z,93.5,Versa 4
2026-05-24T01:19:35Z,93.7,Versa 4
2026-05-24T01:20:35Z,93.6,Versa 4
2026-05-24T01:21:35Z,94.5,Versa 4
2026-05-24T01:22:35Z,50.0,Versa 4
2026-05-24T01:23:35Z,50.0,Versa 4
2026-05-24T01:24:35Z,95.0,Versa 4
2026-05-24T01:25:35Z,95.9,Versa 4
2026-05-24T01:26:35Z,96.8,Versa 4
2026-05-24T01:27:35Z,97.5,Versa 4
2026-05-24T01:28:35Z,98.3,Versa 4
2026-05-24T01:29:35Z,98.9,Versa 4
2026-05-24T01:30:35Z,99.5,Versa 4
2026-05-24T01:31:35Z,99.9,Versa 4
2026-05-24T01:32:35Z,100.0,Versa 4
2026-05-24T01:33:35Z,100.0,Versa 4
2026-05-24T01:34:35Z,100.0,Versa 4
2026-05-24T01:35:35Z,50.0,Versa 4
2026-05-24T01:36:35Z,99.8,Versa 4
2026-05-24T01:37:35Z,98.8,Versa 4
2026-05-24T01:38:35Z,50.0,Versa 4
2026-05-24T01:39:35Z,98.8,Versa 4
2026-05-24T01:40:35Z,99.1,Versa 4
2026-05-24T01:41:35Z,99.2,Versa 4
2026-05-24T01:42:35Z,99.5,Versa 4
2026-05-24T01:43:35Z,100.0,Versa 4
2026-05-24T01:44:35Z,100.0,Versa 4
2026-05-24T01:45:35Z,100.0,Versa 4
2026-05-24T01:46:35Z,100.0,Versa 4
2026-05-24T01:47:35Z,100.0,Versa 4
2026-05-24T01:48:35Z,100.0,Versa 4
2026-05-24T01:49:35Z,100.0,Versa 4
2026-05-24T01:50:35Z,100.0,Versa 4
2026-05-24T01:51:35Z,100.0,Versa 4
2026-05-24T01:52:35Z,100.0,Versa 4
2026-05-24T01:53:35Z,100.0,Versa 4
2026-05-24T01:54:35Z,100.0,Versa 4
2026-05-24T01:55:35Z,100.0,Versa 4
2026-05-24T01:56:35Z,100.0,Versa 4
2026-05-24T01:57:35Z,99.9,Versa 4
2026-05-24T01:58:35Z,99.7,Versa 4
2026-05-24T01:59:35Z,99.6,Versa 4
2026-05-24T02:00:35Z,99.4,Versa 4
2026-05-24T02:01:35Z,99.3,Versa 4
2026-05-24T02:02:35Z,99.3,Versa 4
2026-05-24T02:03:35Z,99.3,Versa 4
2026-05-24T02:04:35Z,99.3,Versa 4
2026-05-24T02:05:35Z,99.2,Versa 4
2026-05-24T02:06:35Z,99.2,Versa 4
2026-05-24T02:07:35Z,99.2,Versa 4
2026-05-24T02:08:35Z,99.1,Versa 4
2026-05-24T02:09:35Z,99.1,Versa 4
2026-05-24T02:10:35Z,99.0,Versa 4
2026-05-24T02:11:35Z,99.0,Versa 4
2026-05-24T02:12:35Z,99.0,Versa 4
2026-05-24T02:13:35Z,99.0,Versa 4
2026-05-24T02:14:35Z,98.9,Versa 4
2026-05-24T02:15:35Z,98.8,Versa 4
2026-05-24T02:16:35Z,98.9,Versa 4
2026-05-24T02:17:35Z,98.8,Versa 4
2026-05-24T02:18:35Z,98.9,Versa 4
2026-05-24T02:19:35Z,98.8,Versa 4
2026-05-24T02:20:35Z,98.7,Versa 4
2026-05-24T02:21:35Z,98.7,Versa 4
2026-05-24T02:22:35Z,98.8,Versa 4
2026-05-24T02:23:35Z,98.7,Versa 4
2026-05-24T02:24:35Z,98.8,Versa 4
2026-05-24T02:25:35Z,50.0,Versa 4
2026-05-24T02:26:35Z,98.8,Versa 4
2026-05-24T02:27:35Z,98.6,Versa 4
2026-05-24T02:28:35Z,98.5,Versa 4
2026-05-24T02:29:35Z,98.3,Versa 4
2026-05-24T02:30:35Z,98.3,Versa 4
2026-05-24T02:31:35Z,98.1,Versa 4
2026-05-24T02:32:35Z,50.0,Versa 4
2026-05-24T02:33:35Z,97.7,Versa 4
2026-05-24T02:34:35Z,97.1,Versa 4
2026-05-24T02:35:35Z,96.7,Versa 4
2026-05-24T02:36:35Z,96.5,Versa 4
2026-05-24T02:37:35Z,96.3,Versa 4
2026-05-24T02:38:35Z,96.1,Versa 4
2026-05-24T02:39:35Z,50.0,Versa 4
2026-05-24T02:40:35Z,95.6,Versa 4
2026-05-24T02:41:35Z,95.4,Versa 4
2026-05-24T02:42:35Z,95.2,Versa 4
2026-05-24T02:43:35Z,50.0,Versa 4
2026-05-24T02:44:35Z,95.5,Versa 4
2026-05-24T02:45:35Z,96.0,Versa 4
2026-05-24T02:46:35Z,96.3,Versa 4
2026-05-24T02:47:35Z,96.4,Versa 4
2026-05-24T02:48:35Z,96.6,Versa 4
2026-05-24T02:49:35Z,96.6,Versa 4
2026-05-24T02:50:35Z,96.8,Versa 4
2026-05-24T02:51:35Z,97.5,Versa 4
2026-05-24T02:52:35Z,98.2,Versa 4
2026-05-24T02:53:35Z,98.3,Versa 4
2026-05-24T02:54:35Z,98.4,Versa 4
2026-05-24T02:55:35Z,98.2,Versa 4
2026-05-24T02:56:35Z,98.3,Versa 4
2026-05-24T02:57:35Z,98.9,Versa 4
2026-05-24T02:58:35Z,99.6,Versa 4
2026-05-24T02:59:35Z,99.8,Versa 4
2026-05-24T03:00:35Z,99.6,Versa 4
2026-05-24T03:01:35Z,99.7,Versa 4
2026-05-24T03:02:35Z,99.6,Versa 4
2026-05-24T03:03:35Z,99.3,Versa 4
2026-05-24T03:04:35Z,99.4,Versa 4
2026-05-24T03:05:35Z,99.2,Versa 4
2026-05-24T03:06:35Z,98.8,Versa 4
2026-05-24T03:07:35Z,98.7,Versa 4
2026-05-24T03:08:35Z,98.4,Versa 4
2026-05-24T03:09:35Z,98.0,Versa 4
2026-05-24T03:10:35Z,97.8,Versa 4
2026-05-24T03:11:35Z,97.6,Versa 4
2026-05-24T03:12:35Z,97.4,Versa 4
2026-05-24T03:13:35Z,97.4,Versa 4
2026-05-24T03:14:35Z,97.1,Versa 4
2026-05-24T03:15:35Z,97.2,Versa 4
2026-05-24T03:16:35Z,50.0,Versa 4
2026-05-24T03:17:35Z,96.8,Versa 4
2026-05-24T03:18:35Z,96.0,Versa 4
2026-05-24T03:19:35Z,95.5,Versa 4
2026-05-24T03:20:35Z,95.2,Versa 4
2026-05-24T03:21:35Z,95.0,Versa 4
2026-05-24T03:22:35Z,94.9,Versa 4
2026-05-24T03:23:35Z,94.9,Versa 4
2026-05-24T03:24:35Z,50.0,Versa 4
2026-05-24T03:25:35Z,95.0,Versa 4
2026-05-24T03:26:35Z,95.3,Versa 4
2026-05-24T03:27:35Z,95.5,Versa 4
2026-05-24T03:28:35Z,95.6,Versa 4
2026-05-24T03:29:35Z,95.8,Versa 4
2026-05-24T03:30:35Z,95.8,Versa 4
2026-05-24T03:31:35Z,95.9,Versa 4
2026-05-24T03:32:35Z,95.9,Versa 4
2026-05-24T03:33:35Z,96.0,Versa 4
2026-05-24T03:34:35Z,96.0,Versa 4
2026-05-24T03:35:35Z,96.0,Versa 4
2026-05-24T03:36:35Z,96.0,Versa 4
2026-05-24T03:37:35Z,96.0,Versa 4
2026-05-24T03:38:35Z,96.0,Versa 4
2026-05-24T03:39:35Z,96.0,Versa 4
2026-05-24T03:40:35Z,96.1,Versa 4
2026-05-24T03:41:35Z,96.1,Versa 4
2026-05-24T03:42:35Z,96.1,Versa 4
2026-05-24T03:43:35Z,96.1,Versa 4
2026-05-24T03:44:35Z,96.2,Versa 4
2026-05-24T03:45:35Z,96.2,Versa 4
2026-05-24T03:46:35Z,96.1,Versa 4
2026-05-24T03:47:35Z,96.2,Versa 4
2026-05-24T03:48:35Z,96.1,Versa 4
2026-05-24T03:49:35Z,96.1,Versa 4
2026-05-24T03:50:35Z,96.1,Versa 4
2026-05-24T03:51:35Z,96.2,Versa 4
2026-05-24T03:52:35Z,96.1,Versa 4
2026-05-24T03:53:35Z,96.1,Versa 4
2026-05-24T03:54:35Z,96.2,Versa 4
2026-05-24T03:55:35Z,96.2,Versa 4
2026-05-24T03:56:35Z,96.2,Versa 4
2026-05-24T03:57:35Z,96.1,Versa 4
2026-05-24T03:58:35Z,96.2,Versa 4
2026-05-24T03:59:35Z,96.1,Versa 4
2026-05-24T04:00:35Z,96.1,Versa 4
2026-05-24T04:01:35Z,96.1,Versa 4
2026-05-24T04:02:35Z,96.2,Versa 4
2026-05-24T04:03:35Z,50.0,Versa 4
2026-05-24T04:04:35Z,96.3,Versa 4
2026-05-24T04:05:35Z,50.0,Versa 4
2026-05-24T04:06:35Z,50.0,Versa 4
2026-05-24T04:07:35Z,97.0,Versa 4
2026-05-24T04:08:35Z,96.7,Versa 4
2026-05-24T04:09:35Z,50.0,Versa 4
2026-05-24T04:10:35Z,96.6,Versa 4
2026-05-24T04:11:35Z,96.6,Versa 4
2026-05-24T04:12:35Z,96.8,Versa 4
2026-05-24T04:13:35Z,96.9,Versa 4
2026-05-24T04:14:35Z,96.8,Versa 4
2026-05-24T04:15:35Z,96.8,Versa 4
2026-05-24T04:16:35Z,50.0,Versa 4
2026-05-24T04:17:35Z,96.6,Versa 4
2026-05-24T04:18:35Z,96.3,Versa 4
2026-05-24T04:19:35Z,95.9,Versa 4
2026-05-24T04:20:35Z,95.8,Versa 4
2026-05-24T04:21:35Z,95.8,Versa 4
2026-05-24T04:22:35Z,50.0,Versa 4
2026-05-24T04:23:35Z,95.4,Versa 4
2026-05-24T04:24:35Z,95.3,Versa 4
2026-05-24T04:25:35Z,94.5,Versa 4
2026-05-24T04:26:35Z,50.0,Versa 4
2026-05-24T04:27:35Z,94.8,Versa 4
2026-05-24T04:28:35Z,95.3,Versa 4
2026-05-24T04:29:35Z,50.0,Versa 4
2026-05-24T04:30:35Z,95.2,Versa 4
2026-05-24T04:31:35Z,50.0,Versa 4
2026-05-24T04:32:35Z,50.0,Versa 4
2026-05-24T04:33:35Z,95.1,Versa 4
2026-05-24T04:34:35Z,95.3,Versa 4
2026-05-24T04:35:35Z,95.6,Versa 4
2026-05-24T04:36:35Z,95.6,Versa 4
2026-05-24T04:37:35Z,95.7,Versa 4
2026-05-24T04:38:35Z,50.0,Versa 4
2026-05-24T04:39:35Z,95.8,Versa 4
2026-05-24T04:40:35Z,96.7,Versa 4
2026-05-24T04:41:35Z,97.3,Versa 4
2026-05-24T04:42:35Z,50.0,Versa 4
2026-05-24T04:43:35Z,97.1,Versa 4
2026-05-24T04:44:35Z,96.4,Versa 4
2026-05-24T04:45:35Z,95.9,Versa 4
2026-05-24T04:46:35Z,50.0,Versa 4
2026-05-24T04:47:35Z,96.1,Versa 4
2026-05-24T04:48:35Z,96.9,Versa 4
2026-05-24T04:49:35Z,97.7,Versa 4
2026-05-24T04:50:35Z,98.3,Versa 4
2026-05-24T04:51:35Z,98.5,Versa 4
2026-05-24T04:52:35Z,98.6,Versa 4
2026-05-24T04:53:35Z,99.0,Versa 4
2026-05-24T04:54:35Z,99.1,Versa 4
2026-05-24T04:55:35Z,98.4,Versa 4
2026-05-24T04:56:35Z,98.9,Versa 4
2026-05-24T04:57:35Z,98.5,Versa 4
2026-05-24T04:58:35Z,50.0,Versa 4
2026-05-24T04:59:35Z,98.1,Versa 4
2026-05-24T05:00:35Z,50.0,Versa 4
2026-05-24T05:01:35Z,97.9,Versa 4
2026-05-24T05:02:35Z,96.6,Versa 4
2026-05-24T05:03:35Z,96.7,Versa 4
2026-05-24T05:04:35Z,97.3,Versa 4
2026-05-24T05:05:35Z,98.1,Versa 4
2026-05-24T05:06:35Z,50.0,Versa 4
2026-05-24T05:07:35Z,50.0,Versa 4
2026-05-24T05:08:35Z,97.4,Versa 4
2026-05-24T05:09:35Z,50.0,Versa 4
2026-05-24T05:10:35Z,96.7,Versa 4
2026-05-24T05:11:35Z,96.3,Versa 4
2026-05-24T05:12:35Z,96.0,Versa 4
2026-05-24T05:13:35Z,50.0,Versa 4
2026-05-24T05:14:35Z,96.3,Versa 4
2026-05-24T05:15:35Z,96.8,Versa 4
2026-05-24T05:16:35Z,97.5,Versa 4
2026-05-24T05:17:35Z,98.2,Versa 4
2026-05-24T05:18:35Z,99.2,Versa 4
2026-05-24T05:19:35Z,99.4,Versa 4
2026-05-24T05:20:35Z,50.0,Versa 4
2026-05-24T05:21:35Z,99.3,Versa 4
2026-05-24T05:22:35Z,98.9,Versa 4
2026-05-24T05:23:35Z,98.7,Versa 4
2026-05-24T05:24:35Z,98.6,Versa 4
2026-05-24T05:25:35Z,98.4,Versa 4
2026-05-24T05:26:35Z,50.0,Versa 4
2026-05-24T05:27:35Z,98.3,Versa 4
2026-05-24T05:28:35Z,98.4,Versa 4
2026-05-24T05:29:35Z,98.4,Versa 4
2026-05-24T05:30:35Z,99.3,Versa 4
2026-05-24T05:31:35Z,50.0,Versa 4
2026-05-24T05:32:35Z,99.4,Versa 4
2026-05-24T05:33:35Z,99.5,Versa 4
2026-05-24T05:34:35Z,99.5,Versa 4
2026-05-24T05:35:35Z,99.1,Versa 4
2026-05-24T05:36:35Z,98.2,Versa 4
2026-05-24T05:37:35Z,50.0,Versa 4
2026-05-24T05:38:35Z,50.0,Versa 4
2026-05-24T05:39:35Z,99.0,Versa 4
2026-05-24T05:40:35Z,99.5,Versa 4
2026-05-24T05:41:35Z,100.0,Versa 4
2026-05-24T05:42:35Z,50.0,Versa 4
2026-05-24T05:43:35Z,99.6,Versa 4
2026-05-24T05:44:35Z,50.0,Versa 4
2026-05-24T05:45:35Z,50.0,Versa 4
2026-05-24T05:46:35Z,99.2,Versa 4
2026-05-24T05:47:35Z,50.0,Versa 4
2026-05-24T05:48:35Z,99.0,Versa 4
2026-05-24T05:49:35Z,98.8,Versa 4
2026-05-24T05:50:35Z,98.7,Versa 4
2026-05-24T05:51:35Z,98.5,Versa 4
2026-05-24T05:52:35Z,98.3,Versa 4
2026-05-24T05:53:35Z,98.2,Versa 4
2026-05-24T05:54:35Z,98.2,Versa 4
2026-05-24T05:55:35Z,98.2,Versa 4
2026-05-24T05:56:35Z,98.1,Versa 4
2026-05-24T05:57:35Z,97.6,Versa 4
2026-05-24T05:58:35Z,97.3,Versa 4
2026-05-24T05:59:35Z,97.0,Versa 4
2026-05-24T06:00:35Z,96.8,Versa 4
2026-05-24T06:01:35Z,96.7,Versa 4
2026-05-24T06:02:35Z,96.6,Versa 4
2026-05-24T06:03:35Z,96.5,Versa 4
2026-05-24T06:04:35Z,96.5,Versa 4
2026-05-24T06:05:35Z,96.5,Versa 4
2026-05-24T06:06:35Z,96.5,Versa 4
2026-05-24T06:07:35Z,96.5,Versa 4
2026-05-24T06:08:35Z,96.5,Versa 4
2026-05-24T06:09:35Z,96.5,Versa 4
2026-05-24T06:10:35Z,96.4,Versa 4
2026-05-24T06:11:35Z,96.5,Versa 4
2026-05-24T06:12:35Z,96.5,Versa 4
2026-05-24T06:13:35Z,96.5,Versa 4
2026-05-24T06:14:35Z,96.6,Versa 4
2026-05-24T06:15:35Z,96.5,Versa 4
2026-05-24T06:16:35Z,96.5,Versa 4
2026-05-24T06:17:35Z,96.5,Versa 4
2026-05-24T06:18:35Z,96.5,Versa 4
2026-05-24T06:19:35Z,96.6,Versa 4
2026-05-24T06:20:35Z,96.6,Versa 4
2026-05-24T06:21:35Z,96.6,Versa 4
2026-05-24T06:22:35Z,96.6,Versa 4
2026-05-24T06:23:35Z,96.6,Versa 4
2026-05-24T06:24:35Z,96.6,Versa 4
2026-05-24T06:25:35Z,96.7,Versa 4
2026-05-24T06:26:35Z,96.7,Versa 4
2026-05-24T06:27:35Z,96.7,Versa 4
2026-05-24T06:28:35Z,96.7,Versa 4
2026-05-24T06:29:35Z,96.7,Versa 4
2026-05-24T06:30:35Z,96.7,Versa 4
2026-05-24T06:31:35Z,96.8,Versa 4
2026-05-24T06:32:35Z,96.7,Versa 4
2026-05-24T06:33:35Z,96.8,Versa 4
2026-05-24T06:34:35Z,96.7,Versa 4
2026-05-24T06:35:35Z,96.7,Versa 4
2026-05-24T06:36:35Z,96.7,Versa 4
2026-05-24T06:37:35Z,96.6,Versa 4
2026-05-24T06:38:35Z,50.0,Versa 4
2026-05-24T06:39:35Z,50.0,Versa 4
2026-05-24T06:40:35Z,50.0,Versa 4
2026-05-24T06:41:35Z,50.0,Versa 4
2026-05-24T06:42:35Z,95.0,Versa 4
2026-05-24T06:43:35Z,50.0,Versa 4
2026-05-24T06:44:35Z,95.0,Versa 4
2026-05-24T06:45:35Z,50.0,Versa 4
2026-05-24T06:46:35Z,95.7,Versa 4
2026-05-24T06:47:35Z,96.0,Versa 4
2026-05-24T06:48:35Z,50.0,Versa 4
2026-05-24T06:49:35Z,95.0,Versa 4
2026-05-24T06:50:35Z,93.9,Versa 4
2026-05-24T06:51:35Z,94.3,Versa 4
2026-05-24T06:52:35Z,93.3,Versa 4
2026-05-24T06:53:35Z,94.2,Versa 4
2026-05-24T06:54:35Z,91.4,Versa 4
2026-05-24T06:55:35Z,50.0,Versa 4
2026-05-24T06:56:35Z,90.5,Versa 4
2026-05-24T06:57:35Z,50.0,Versa 4
2026-05-24T06:58:35Z,50.0,Versa 4
2026-05-24T06:59:35Z,93.7,Versa 4
2026-05-24T07:00:35Z,96.0,Versa 4
2026-05-24T07:01:35Z,50.0,Versa 4
2026-05-24T07:02:35Z,50.0,Versa 4
2026-05-24T07:03:35Z,50.0,Versa 4
2026-05-24T07:04:35Z,96.1,Versa 4
2026-05-24T07:05:35Z,95.8,Versa 4
2026-05-24T07:06:35Z,50.0,Versa 4
2026-05-24T07:07:35Z,50.0,Versa 4
2026-05-24T07:08:35Z,96.3,Versa 4
2026-05-24T07:09:35Z,95.9,Versa 4
2026-05-24T07:10:35Z,95.6,Versa 4
2026-05-24T07:11:35Z,95.7,Versa 4
2026-05-24T07:12:35Z,50.0,Versa 4
2026-05-24T07:13:35Z,95.4,Versa 4
2026-05-24T07:14:35Z,94.1,Versa 4
2026-05-24T07:15:35Z,50.0,Versa 4
2026-05-24T07:16:35Z,50.0,Versa 4
2026-05-24T07:17:35Z,50.0,Versa 4
2026-05-24T07:18:35Z,94.8,Versa 4
2026-05-24T07:19:35Z,95.4,Versa 4
2026-05-24T07:20:35Z,95.7,Versa 4
2026-05-24T23:57:05Z,96.8,Versa 4
2026-05-24T23:58:05Z,96.9,Versa 4
2026-05-24T23:59:05Z,96.9,Versa 4
2026-05-25T00:00:05Z,97.0,Versa 4
2026-05-25T00:01:05Z,97.1,Versa 4
2026-05-25T00:02:05Z,97.0,Versa 4
2026-05-25T00:03:05Z,97.0,Versa 4
2026-05-25T00:04:05Z,97.0,Versa 4
2026-05-25T00:05:05Z,97.0,Versa 4
2026-05-25T00:06:05Z,97.3,Versa 4
2026-05-25T00:07:05Z,97.2,Versa 4
2026-05-25T00:08:05Z,97.1,Versa 4
2026-05-25T00:09:05Z,97.4,Versa 4
2026-05-25T00:10:05Z,97.6,Versa 4
2026-05-25T00:11:05Z,97.4,Versa 4
2026-05-25T00:12:05Z,95.5,Versa 4
2026-05-25T00:13:05Z,95.7,Versa 4
2026-05-25T00:14:05Z,96.1,Versa 4
2026-05-25T00:15:05Z,96.4,Versa 4
2026-05-25T00:16:05Z,96.6,Versa 4
2026-05-25T00:17:05Z,50.0,Versa 4
2026-05-25T00:18:05Z,96.6,Versa 4
2026-05-25T00:19:05Z,96.4,Versa 4
2026-05-25T00:20:05Z,96.2,Versa 4
2026-05-25T00:21:05Z,96.4,Versa 4
2026-05-25T00:22:05Z,96.2,Versa 4
2026-05-25T00:23:05Z,96.0,Versa 4
2026-05-25T00:24:05Z,95.9,Versa 4
2026-05-25T00:25:05Z,95.8,Versa 4
2026-05-25T00:26:05Z,95.8,Versa 4
2026-05-25T00:27:05Z,95.7,Versa 4
2026-05-25T00:28:05Z,95.7,Versa 4
2026-05-25T00:29:05Z,95.8,Versa 4
2026-05-25T00:30:05Z,95.7,Versa 4
2026-05-25T00:31:05Z,95.7,Versa 4
2026-05-25T00:32:05Z,95.7,Versa 4
2026-05-25T00:33:05Z,95.7,Versa 4
2026-05-25T00:34:05Z,95.6,Versa 4
2026-05-25T00:35:05Z,95.6,Versa 4
2026-05-25T00:36:05Z,96.0,Versa 4
2026-05-25T00:37:05Z,96.2,Versa 4
2026-05-25T00:38:05Z,50.0,Versa 4
2026-05-25T00:39:05Z,90.3,Versa 4
2026-05-25T00:40:05Z,89.4,Versa 4
2026-05-25T00:41:05Z,86.4,Versa 4
2026-05-25T00:42:05Z,84.1,Versa 4
2026-05-25T00:43:05Z,84.3,Versa 4
2026-05-25T00:44:05Z,87.2,Versa 4
2026-05-25T00:45:05Z,89.0,Versa 4
2026-05-25T00:46:05Z,88.6,Versa 4
2026-05-25T00:47:05Z,88.4,Versa 4
2026-05-25T00:48:05Z,88.2,Versa 4
2026-05-25T00:49:05Z,88.0,Versa 4
2026-05-25T00:50:05Z,87.8,Versa 4
2026-05-25T00:51:05Z,87.1,Versa 4
2026-05-25T00:52:05Z,88.5,Versa 4
2026-05-25T00:53:05Z,88.5,Versa 4
2026-05-25T00:54:05Z,88.4,Versa 4
2026-05-25T00:55:05Z,88.5,Versa 4
2026-05-25T00:56:05Z,88.9,Versa 4
2026-05-25T00:57:05Z,89.9,Versa 4
2026-05-25T00:58:05Z,90.3,Versa 4
2026-05-25T00:59:05Z,91.5,Versa 4
2026-05-25T01:00:05Z,93.0,Versa 4
2026-05-25T01:01:05Z,94.5,Versa 4
2026-05-25T01:02:05Z,96.0,Versa 4
2026-05-25T01:03:05Z,96.8,Versa 4
2026-05-25T01:04:05Z,97.2,Versa 4
2026-05-25T01:05:05Z,97.5,Versa 4
2026-05-25T01:06:05Z,97.6,Versa 4
2026-05-25T01:07:05Z,97.9,Versa 4
2026-05-25T01:08:05Z,98.1,Versa 4
2026-05-25T01:09:05Z,98.3,Versa 4
2026-05-25T01:10:05Z,98.2,Versa 4
2026-05-25T01:11:05Z,98.4,Versa 4
2026-05-25T01:12:05Z,98.5,Versa 4
2026-05-25T01:13:05Z,98.6,Versa 4
2026-05-25T01:14:05Z,98.7,Versa 4
2026-05-25T01:15:05Z,50.0,Versa 4
2026-05-25T01:16:05Z,98.2,Versa 4
2026-05-25T01:17:05Z,97.8,Versa 4
2026-05-25T01:18:05Z,97.3,Versa 4
2026-05-25T01:19:05Z,97.0,Versa 4
2026-05-25T01:20:05Z,96.8,Versa 4
2026-05-25T01:21:05Z,96.7,Versa 4
2026-05-25T01:22:05Z,96.7,Versa 4
2026-05-25T01:23:05Z,96.5,Versa 4
2026-05-25T01:24:05Z,96.5,Versa 4
2026-05-25T01:25:05Z,96.7,Versa 4
2026-05-25T01:26:05Z,96.6,Versa 4
2026-05-25T01:27:05Z,96.4,Versa 4
2026-05-25T01:28:05Z,96.3,Versa 4
2026-05-25T01:29:05Z,96.2,Versa 4
2026-05-25T01:30:05Z,96.1,Versa 4
2026-05-25T01:31:05Z,96.1,Versa 4
2026-05-25T01:32:05Z,96.1,Versa 4
2026-05-25T01:33:05Z,96.0,Versa 4
2026-05-25T01:34:05Z,95.9,Versa 4
2026-05-25T01:35:05Z,96.0,Versa 4
2026-05-25T01:36:05Z,95.8,Versa 4
2026-05-25T01:37:05Z,95.9,Versa 4
2026-05-25T01:38:05Z,95.8,Versa 4
2026-05-25T01:39:05Z,95.9,Versa 4
2026-05-25T01:40:05Z,95.8,Versa 4
2026-05-25T01:41:05Z,95.7,Versa 4
2026-05-25T01:42:05Z,95.8,Versa 4
2026-05-25T01:43:05Z,95.8,Versa 4
2026-05-25T01:44:05Z,95.7,Versa 4
2026-05-25T01:45:05Z,95.7,Versa 4
2026-05-25T01:46:05Z,95.7,Versa 4
2026-05-25T01:47:05Z,95.9,Versa 4
2026-05-25T01:48:05Z,96.2,Versa 4
2026-05-25T01:49:05Z,95.9,Versa 4
2026-05-25T01:50:05Z,95.9,Versa 4
2026-05-25T01:51:05Z,96.0,Versa 4
2026-05-25T01:52:05Z,96.2,Versa 4
2026-05-25T01:53:05Z,95.9,Versa 4
2026-05-25T01:54:05Z,96.0,Versa 4
2026-05-25T01:55:05Z,96.1,Versa 4
2026-05-25T01:56:05Z,96.2,Versa 4
2026-05-25T01:57:05Z,96.1,Versa 4
2026-05-25T01:58:05Z,96.1,Versa 4
2026-05-25T01:59:05Z,96.0,Versa 4
2026-05-25T02:00:05Z,95.9,Versa 4
2026-05-25T02:01:05Z,96.0,Versa 4
2026-05-25T02:02:05Z,95.8,Versa 4
2026-05-25T02:03:05Z,95.9,Versa 4
2026-05-25T02:04:05Z,95.9,Versa 4
2026-05-25T02:05:05Z,96.1,Versa 4
2026-05-25T02:06:05Z,96.1,Versa 4
2026-05-25T02:07:05Z,96.0,Versa 4
2026-05-25T02:08:05Z,95.9,Versa 4
2026-05-25T02:09:05Z,96.3,Versa 4
2026-05-25T02:10:05Z,96.3,Versa 4
2026-05-25T02:11:05Z,50.0,Versa 4
2026-05-25T02:12:05Z,95.4,Versa 4
2026-05-25T02:13:05Z,95.8,Versa 4
2026-05-25T02:14:05Z,95.8,Versa 4
2026-05-25T02:15:05Z,95.4,Versa 4
2026-05-25T02:16:05Z,94.6,Versa 4
2026-05-25T02:17:05Z,94.9,Versa 4
2026-05-25T02:18:05Z,94.6,Versa 4
2026-05-25T02:19:05Z,94.8,Versa 4
2026-05-25T02:20:05Z,94.7,Versa 4
2026-05-25T02:21:05Z,94.4,Versa 4
2026-05-25T02:22:05Z,93.9,Versa 4
2026-05-25T02:23:05Z,94.0,Versa 4
2026-05-25T02:24:05Z,94.0,Versa 4
2026-05-25T02:25:05Z,94.2,Versa 4
2026-05-25T02:26:05Z,94.5,Versa 4
2026-05-25T02:27:05Z,50.0,Versa 4
2026-05-25T02:28:05Z,93.9,Versa 4
2026-05-25T02:29:05Z,93.6,Versa 4
2026-05-25T02:30:05Z,93.5,Versa 4
2026-05-25T02:31:05Z,93.2,Versa 4
2026-05-25T02:32:05Z,93.9,Versa 4
2026-05-25T02:33:05Z,95.2,Versa 4
2026-05-25T02:34:05Z,95.6,Versa 4
2026-05-25T02:35:05Z,96.0,Versa 4
2026-05-25T02:36:05Z,96.3,Versa 4
2026-05-25T02:37:05Z,96.4,Versa 4
2026-05-25T02:38:05Z,96.6,Versa 4
2026-05-25T02:39:05Z,96.7,Versa 4
2026-05-25T02:40:05Z,96.8,Versa 4
2026-05-25T02:41:05Z,97.0,Versa 4
2026-05-25T02:42:05Z,97.1,Versa 4
2026-05-25T02:43:05Z,97.1,Versa 4
2026-05-25T02:44:05Z,97.1,Versa 4
2026-05-25T02:45:05Z,97.2,Versa 4
2026-05-25T02:46:05Z,97.2,Versa 4
2026-05-25T02:47:05Z,97.2,Versa 4
2026-05-25T02:48:05Z,97.1,Versa 4
2026-05-25T02:49:05Z,97.2,Versa 4
2026-05-25T02:50:05Z,97.3,Versa 4
2026-05-25T02:51:05Z,97.2,Versa 4
2026-05-25T02:52:05Z,97.2,Versa 4
2026-05-25T02:53:05Z,97.2,Versa 4
2026-05-25T02:54:05Z,97.2,Versa 4
2026-05-25T02:55:05Z,97.2,Versa 4
2026-05-25T02:56:05Z,97.2,Versa 4
2026-05-25T02:57:05Z,97.2,Versa 4
2026-05-25T02:58:05Z,97.2,Versa 4
2026-05-25T02:59:05Z,97.2,Versa 4
2026-05-25T03:00:05Z,97.2,Versa 4
2026-05-25T03:01:05Z,97.3,Versa 4
2026-05-25T03:02:05Z,97.3,Versa 4
2026-05-25T03:03:05Z,97.2,Versa 4
2026-05-25T03:04:05Z,97.2,Versa 4
2026-05-25T03:05:05Z,97.1,Versa 4
2026-05-25T03:06:05Z,97.1,Versa 4
2026-05-25T03:07:05Z,97.2,Versa 4
2026-05-25T03:08:05Z,97.2,Versa 4
2026-05-25T03:09:05Z,97.2,Versa 4
2026-05-25T03:10:05Z,97.2,Versa 4
2026-05-25T03:11:05Z,97.3,Versa 4
2026-05-25T03:12:05Z,97.2,Versa 4
2026-05-25T03:13:05Z,97.2,Versa 4
2026-05-25T03:14:05Z,97.1,Versa 4
2026-05-25T03:15:05Z,97.1,Versa 4
2026-05-25T03:16:05Z,97.1,Versa 4
2026-05-25T03:17:05Z,97.1,Versa 4
2026-05-25T03:18:05Z,97.1,Versa 4
2026-05-25T03:19:05Z,50.0,Versa 4
2026-05-25T03:20:05Z,97.1,Versa 4
2026-05-25T03:21:05Z,50.0,Versa 4
2026-05-25T03:22:05Z,50.0,Versa 4
2026-05-25T03:23:05Z,50.0,Versa 4
2026-05-25T03:24:05Z,50.0,Versa 4
2026-05-25T03:25:05Z,97.3,Versa 4
2026-05-25T03:26:05Z,50.0,Versa 4
2026-05-25T03:27:05Z,97.6,Versa 4
2026-05-25T03:28:05Z,97.7,Versa 4
2026-05-25T03:29:05Z,98.0,Versa 4
2026-05-25T03:30:05Z,98.1,Versa 4
2026-05-25T03:31:05Z,98.3,Versa 4
2026-05-25T03:32:05Z,98.1,Versa 4
2026-05-25T03:33:05Z,98.3,Versa 4
2026-05-25T03:34:05Z,98.4,Versa 4
2026-05-25T03:35:05Z,50.0,Versa 4
2026-05-25T03:36:05Z,98.3,Versa 4
2026-05-25T03:37:05Z,97.0,Versa 4
2026-05-25T03:38:05Z,94.5,Versa 4
2026-05-25T03:39:05Z,93.7,Versa 4
2026-05-25T03:40:05Z,89.7,Versa 4
2026-05-25T03:41:05Z,85.6,Versa 4
2026-05-25T03:42:05Z,50.0,Versa 4
2026-05-25T03:43:05Z,84.9,Versa 4
2026-05-25T03:44:05Z,87.1,Versa 4
2026-05-25T03:45:05Z,88.0,Versa 4
2026-05-25T03:46:05Z,88.1,Versa 4
2026-05-25T03:47:05Z,90.8,Versa 4
2026-05-25T03:48:05Z,50.0,Versa 4
2026-05-25T03:49:05Z,91.3,Versa 4
2026-05-25T03:50:05Z,92.7,Versa 4
2026-05-25T03:51:05Z,94.2,Versa 4
2026-05-25T03:52:05Z,95.3,Versa 4
2026-05-25T03:53:05Z,96.4,Versa 4
2026-05-25T03:54:05Z,97.3,Versa 4
2026-05-25T03:55:05Z,50.0,Versa 4
2026-05-25T03:56:05Z,50.0,Versa 4
2026-05-25T03:57:05Z,50.0,Versa 4
2026-05-25T03:58:05Z,97.5,Versa 4
2026-05-25T03:59:05Z,91.5,Versa 4
2026-05-25T04:00:05Z,50.0,Versa 4
2026-05-25T04:01:05Z,91.1,Versa 4
2026-05-25T04:02:05Z,50.0,Versa 4
2026-05-25T04:03:05Z,50.0,Versa 4
2026-05-25T04:04:05Z,87.7,Versa 4
2026-05-25T04:05:05Z,88.1,Versa 4
2026-05-25T04:06:05Z,50.0,Versa 4
2026-05-25T04:07:05Z,89.0,Versa 4
2026-05-25T04:08:05Z,90.0,Versa 4
2026-05-25T04:09:05Z,91.4,Versa 4
2026-05-25T04:10:05Z,93.1,Versa 4
2026-05-25T04:11:05Z,92.7,Versa 4
2026-05-25T04:12:05Z,94.5,Versa 4
2026-05-25T04:13:05Z,50.0,Versa 4
2026-05-25T04:14:05Z,96.0,Versa 4
2026-05-25T04:15:05Z,96.5,Versa 4
2026-05-25T04:16:05Z,96.6,Versa 4
2026-05-25T04:17:05Z,50.0,Versa 4
2026-05-25T04:18:05Z,50.0,Versa 4
2026-05-25T04:19:05Z,95.6,Versa 4
2026-05-25T04:20:05Z,50.0,Versa 4
2026-05-25T04:21:05Z,94.1,Versa 4
2026-05-25T04:22:05Z,91.1,Versa 4
2026-05-25T04:23:05Z,87.4,Versa 4
2026-05-25T04:24:05Z,88.6,Versa 4
2026-05-25T04:25:05Z,88.1,Versa 4
2026-05-25T04:26:05Z,50.0,Versa 4
2026-05-25T04:27:05Z,88.9,Versa 4
2026-05-25T04:28:05Z,89.0,Versa 4
2026-05-25T04:29:05Z,90.2,Versa 4
2026-05-25T04:30:05Z,92.6,Versa 4
2026-05-25T04:31:05Z,94.3,Versa 4
2026-05-25T04:32:05Z,50.0,Versa 4
2026-05-25T04:33:05Z,94.5,Versa 4
2026-05-25T04:34:05Z,50.0,Versa 4
2026-05-25T04:35:05Z,96.2,Versa 4
2026-05-25T04:36:05Z,95.9,Versa 4
2026-05-25T04:37:05Z,95.6,Versa 4
2026-05-25T04:38:05Z,50.0,Versa 4
2026-05-25T04:39:05Z,95.2,Versa 4
2026-05-25T04:40:05Z,95.7,Versa 4
2026-05-25T04:41:05Z,95.7,Versa 4
2026-05-25T04:42:05Z,50.0,Versa 4
2026-05-25T04:43:05Z,96.0,Versa 4
2026-05-25T04:44:05Z,97.1,Versa 4
2026-05-25T04:45:05Z,50.0,Versa 4
2026-05-25T04:46:05Z,96.8,Versa 4
2026-05-25T04:47:05Z,50.0,Versa 4
2026-05-25T04:48:05Z,95.2,Versa 4
2026-05-25T04:49:05Z,50.0,Versa 4
2026-05-25T04:50:05Z,94.6,Versa 4
2026-05-25T04:51:05Z,50.0,Versa 4
2026-05-25T04:52:05Z,94.2,Versa 4
2026-05-25T04:53:05Z,94.3,Versa 4
2026-05-25T04:54:05Z,93.4,Versa 4
2026-05-25T04:55:05Z,93.2,Versa 4
2026-05-25T04:56:05Z,93.3,Versa 4
2026-05-25T04:57:05Z,92.8,Versa 4
2026-05-25T04:58:05Z,50.0,Versa 4
2026-05-25T04:59:05Z,93.8,Versa 4
2026-05-25T05:00:05Z,93.5,Versa 4
2026-05-25T05:01:05Z,94.1,Versa 4
2026-05-25T05:02:05Z,93.4,Versa 4
2026-05-25T05:03:05Z,94.4,Versa 4
2026-05-25T05:04:05Z,93.9,Versa 4
2026-05-25T05:05:05Z,93.8,Versa 4
2026-05-25T05:06:05Z,94.1,Versa 4
2026-05-25T05:07:05Z,94.4,Versa 4
2026-05-25T05:08:05Z,93.1,Versa 4
2026-05-25T05:09:05Z,50.0,Versa 4
2026-05-25T05:10:05Z,92.3,Versa 4
2026-05-25T05:20:08Z,78.9,Versa 4
2026-05-25T05:21:08Z,80.2,Versa 4
2026-05-25T05:22:08Z,82.7,Versa 4
2026-05-25T05:23:08Z,84.0,Versa 4
2026-05-25T05:24:08Z,50.0,Versa 4
2026-05-25T05:25:08Z,50.0,Versa 4
2026-05-25T06:20:03Z,78.9,Versa 4
2026-05-25T06:21:03Z,76.0,Versa 4
2026-05-25T06:22:03Z,76.3,Versa 4
2026-05-25T06:23:03Z,50.0,Versa 4
2026-05-25T06:24:03Z,83.5,Versa 4
2026-05-25T06:25:03Z,50.0,Versa 4
2026-05-25T06:26:03Z,84.4,Versa 4
2026-05-25T06:27:03Z,86.8,Versa 4
2026-05-25T06:28:03Z,88.8,Versa 4
2026-05-25T06:29:03Z,90.1,Versa 4
2026-05-25T06:30:03Z,90.8,Versa 4
2026-05-25T06:31:03Z,91.3,Versa 4
2026-05-25T06:32:03Z,91.7,Versa 4
2026-05-25T06:33:03Z,92.0,Versa 4
2026-05-25T06:34:03Z,92.1,Versa 4
2026-05-25T06:35:03Z,92.3,Versa 4
2026-05-25T06:36:03Z,92.4,Versa 4
2026-05-25T06:37:03Z,93.3,Versa 4
2026-05-25T06:38:03Z,93.9,Versa 4
2026-05-25T06:39:03Z,94.2,Versa 4
2026-05-25T06:40:03Z,50.0,Versa 4
2026-05-25T06:41:03Z,97.6,Versa 4
2026-05-25T06:42:03Z,97.9,Versa 4
2026-05-25T06:43:03Z,98.6,Versa 4
2026-05-25T06:44:03Z,98.9,Versa 4
2026-05-25T06:45:03Z,99.2,Versa 4
2026-05-25T06:46:03Z,99.2,Versa 4
2026-05-25T06:47:03Z,50.0,Versa 4
2026-05-25T06:48:03Z,98.9,Versa 4
2026-05-25T06:49:03Z,98.5,Versa 4
2026-05-25T06:50:03Z,98.1,Versa 4
2026-05-25T06:51:03Z,97.8,Versa 4
2026-05-25T06:52:03Z,97.8,Versa 4
2026-05-25T06:53:03Z,97.5,Versa 4
2026-05-25T06:54:03Z,97.4,Versa 4
2026-05-25T06:55:03Z,97.4,Versa 4
2026-05-25T06:56:03Z,50.0,Versa 4
2026-05-25T06:57:03Z,97.2,Versa 4
2026-05-25T06:58:03Z,97.4,Versa 4
2026-05-25T06:59:03Z,97.5,Versa 4
2026-05-25T07:00:03Z,97.7,Versa 4
2026-05-25T07:01:03Z,97.5,Versa 4
2026-05-25T07:02:03Z,97.0,Versa 4
2026-05-25T07:03:03Z,50.0,Versa 4
2026-05-25T07:04:03Z,50.0,Versa 4
2026-05-25T07:05:03Z,97.4,Versa 4
2026-05-25T07:06:03Z,97.8,Versa 4
2026-05-25T07:07:03Z,99.0,Versa 4
2026-05-25T07:08:03Z,50.0,Versa 4
2026-05-25T07:09:03Z,50.0,Versa 4
2026-05-25T07:10:03Z,98.7,Versa 4
2026-05-25T07:11:03Z,98.0,Versa 4
2026-05-25T07:12:03Z,50.0,Versa 4
2026-05-25T07:13:03Z,97.2,Versa 4
2026-05-25T07:14:03Z,50.0,Versa 4
2026-05-25T07:15:03Z,50.0,Versa 4
2026-05-25T07:16:03Z,50.0,Versa 4
2026-05-25T07:17:03Z,50.0,Versa 4
2026-05-25T07:18:03Z,95.1,Versa 4
2026-05-25T07:19:03Z,50.0,Versa 4
2026-05-25T07:20:03Z,50.0,Versa 4
2026-05-25T07:21:03Z,92.5,Versa 4
2026-05-25T07:22:03Z,50.0,Versa 4
2026-05-25T07:23:03Z,50.0,Versa 4
2026-05-25T07:24:03Z,92.9,Versa 4
2026-05-25T07:25:03Z,94.3,Versa 4
2026-05-25T07:26:03Z,95.6,Versa 4
2026-05-25T07:27:03Z,50.0,Versa 4
2026-05-25T07:28:03Z,96.2,Versa 4
2026-05-25T07:29:03Z,96.2,Versa 4
2026-05-25T07:30:03Z,96.3,Versa 4
2026-05-25T07:31:03Z,50.0,Versa 4
2026-05-25T07:32:03Z,96.4,Versa 4
2026-05-25T07:33:03Z,50.0,Versa 4
2026-05-25T07:34:03Z,95.6,Versa 4
2026-05-25T07:35:03Z,94.4,Versa 4
2026-05-25T07:36:03Z,92.4,Versa 4
2026-05-25T07:37:03Z,50.0,Versa 4
2026-05-25T07:38:03Z,92.2,Versa 4
2026-05-25T07:39:03Z,92.9,Versa 4
2026-05-25T07:40:03Z,91.9,Versa 4
2026-05-25T20:05:03Z,98.7,Versa 4
2026-05-25T20:06:03Z,97.6,Versa 4
2026-05-25T20:07:03Z,96.0,Versa 4
2026-05-25T20:08:03Z,95.9,Versa 4
2026-05-25T20:09:03Z,96.0,Versa 4
2026-05-25T20:10:03Z,50.0,Versa 4
2026-05-25T22:44:34Z,100.0,Versa 4
2026-05-25T22:45:34Z,100.0,Versa 4
2026-05-25T22:46:34Z,100.0,Versa 4
2026-05-25T22:47:34Z,100.0,Versa 4
2026-05-25T22:48:34Z,100.0,Versa 4
2026-05-25T22:49:34Z,100.0,Versa 4
2026-05-25T22:50:34Z,100.0,Versa 4
2026-05-25T22:51:34Z,100.0,Versa 4
2026-05-25T22:52:34Z,100.0,Versa 4
2026-05-25T22:53:34Z,100.0,Versa 4
2026-05-25T22:54:34Z,100.0,Versa 4
2026-05-25T22:55:34Z,100.0,Versa 4
2026-05-25T22:56:34Z,100.0,Versa 4
2026-05-25T22:57:34Z,100.0,Versa 4
2026-05-25T22:58:34Z,100.0,Versa 4
2026-05-25T22:59:34Z,100.0,Versa 4
2026-05-25T23:00:34Z,100.0,Versa 4
2026-05-25T23:01:34Z,100.0,Versa 4
2026-05-25T23:02:34Z,100.0,Versa 4
2026-05-25T23:03:34Z,100.0,Versa 4
2026-05-25T23:04:34Z,100.0,Versa 4
2026-05-25T23:05:34Z,100.0,Versa 4
2026-05-25T23:06:34Z,100.0,Versa 4
2026-05-25T23:07:34Z,100.0,Versa 4
2026-05-25T23:08:34Z,100.0,Versa 4
2026-05-25T23:09:34Z,100.0,Versa 4
2026-05-25T23:10:34Z,100.0,Versa 4
2026-05-25T23:11:34Z,100.0,Versa 4
2026-05-25T23:12:34Z,100.0,Versa 4
2026-05-25T23:13:34Z,100.0,Versa 4
2026-05-25T23:14:34Z,100.0,Versa 4
2026-05-25T23:15:34Z,100.0,Versa 4
2026-05-25T23:16:34Z,100.0,Versa 4
2026-05-25T23:17:34Z,100.0,Versa 4
2026-05-25T23:18:34Z,50.0,Versa 4
2026-05-25T23:19:34Z,50.0,Versa 4
2026-05-25T23:20:34Z,96.5,Versa 4
2026-05-25T23:21:34Z,95.9,Versa 4
2026-05-25T23:22:34Z,95.5,Versa 4
2026-05-25T23:23:34Z,95.3,Versa 4
2026-05-25T23:24:34Z,95.2,Versa 4
2026-05-25T23:25:34Z,95.3,Versa 4
2026-05-25T23:26:34Z,95.3,Versa 4
2026-05-25T23:27:34Z,95.6,Versa 4
2026-05-25T23:28:34Z,95.6,Versa 4
2026-05-25T23:29:34Z,95.8,Versa 4
2026-05-25T23:30:34Z,50.0,Versa 4
2026-05-25T23:31:34Z,95.9,Versa 4
2026-05-25T23:32:34Z,96.3,Versa 4
2026-05-25T23:33:34Z,96.6,Versa 4
2026-05-25T23:34:34Z,96.9,Versa 4
2026-05-25T23:35:34Z,97.4,Versa 4
2026-05-25T23:36:34Z,50.0,Versa 4
2026-05-25T23:37:34Z,96.9,Versa 4
2026-05-25T23:38:34Z,50.0,Versa 4
2026-05-25T23:39:34Z,96.0,Versa 4
2026-05-25T23:40:34Z,50.0,Versa 4
2026-05-25T23:41:34Z,95.5,Versa 4
2026-05-25T23:42:34Z,96.0,Versa 4
2026-05-25T23:43:34Z,95.4,Versa 4
2026-05-25T23:44:34Z,95.1,Versa 4
2026-05-25T23:45:34Z,95.6,Versa 4
2026-05-25T23:46:34Z,96.0,Versa 4
2026-05-25T23:47:34Z,95.3,Versa 4
2026-05-25T23:48:34Z,95.0,Versa 4
2026-05-25T23:49:34Z,94.2,Versa 4
2026-05-25T23:50:34Z,94.8,Versa 4
2026-05-25T23:51:34Z,94.1,Versa 4
2026-05-25T23:52:34Z,93.9,Versa 4
2026-05-25T23:53:34Z,93.4,Versa 4
2026-05-25T23:54:34Z,92.6,Versa 4
2026-05-25T23:55:34Z,92.7,Versa 4
2026-05-25T23:56:34Z,92.1,Versa 4
2026-05-25T23:57:34Z,92.0,Versa 4
2026-05-25T23:58:34Z,91.4,Versa 4
2026-05-25T23:59:34Z,91.4,Versa 4
2026-05-26T00:00:34Z,92.0,Versa 4
2026-05-26T00:01:34Z,92.5,Versa 4
2026-05-26T00:02:34Z,92.2,Versa 4
2026-05-26T00:03:34Z,92.8,Versa 4
2026-05-26T00:04:34Z,50.0,Versa 4
2026-05-26T00:05:34Z,92.5,Versa 4
2026-05-26T00:06:34Z,50.0,Versa 4
2026-05-26T00:07:34Z,95.1,Versa 4
2026-05-26T00:08:34Z,95.1,Versa 4
2026-05-26T00:09:34Z,95.3,Versa 4
2026-05-26T00:10:34Z,95.5,Versa 4
2026-05-26T00:11:34Z,95.6,Versa 4
2026-05-26T00:12:34Z,95.8,Versa 4
2026-05-26T00:13:34Z,96.0,Versa 4
2026-05-26T00:14:34Z,96.0,Versa 4
2026-05-26T00:15:34Z,96.0,Versa 4
2026-05-26T00:16:34Z,95.6,Versa 4
2026-05-26T00:17:34Z,94.1,Versa 4
2026-05-26T00:18:34Z,94.1,Versa 4
2026-05-26T00:19:34Z,93.8,Versa 4
2026-05-26T00:20:34Z,94.1,Versa 4
2026-05-26T00:21:34Z,92.9,Versa 4
2026-05-26T00:22:34Z,92.0,Versa 4
2026-05-26T00:23:34Z,50.0,Versa 4
2026-05-26T00:24:34Z,92.0,Versa 4
2026-05-26T00:25:34Z,93.7,Versa 4
2026-05-26T00:26:34Z,94.8,Versa 4
2026-05-26T00:27:34Z,95.4,Versa 4
2026-05-26T00:28:34Z,96.0,Versa 4
2026-05-26T00:29:34Z,96.3,Versa 4
2026-05-26T00:30:34Z,96.4,Versa 4
2026-05-26T00:31:34Z,96.4,Versa 4
2026-05-26T00:32:34Z,96.4,Versa 4
2026-05-26T00:33:34Z,96.4,Versa 4
2026-05-26T00:34:34Z,96.5,Versa 4
2026-05-26T00:35:34Z,96.5,Versa 4
2026-05-26T00:36:34Z,96.6,Versa 4
2026-05-26T00:37:34Z,96.6,Versa 4
2026-05-26T00:38:34Z,96.6,Versa 4
2026-05-26T00:39:34Z,96.7,Versa 4
2026-05-26T00:40:34Z,95.9,Versa 4
2026-05-26T00:41:34Z,95.5,Versa 4
2026-05-26T00:42:34Z,94.1,Versa 4
2026-05-26T00:43:34Z,94.8,Versa 4
2026-05-26T00:44:34Z,96.5,Versa 4
2026-05-26T00:45:34Z,97.7,Versa 4
2026-05-26T00:46:34Z,98.0,Versa 4
2026-05-26T00:47:34Z,98.5,Versa 4
2026-05-26T00:48:34Z,98.0,Versa 4
2026-05-26T00:49:34Z,98.3,Versa 4
2026-05-26T00:50:34Z,97.8,Versa 4
2026-05-26T00:51:34Z,97.5,Versa 4
2026-05-26T00:52:34Z,97.9,Versa 4
2026-05-26T00:53:34Z,97.3,Versa 4
2026-05-26T00:54:34Z,96.8,Versa 4
2026-05-26T00:55:34Z,96.8,Versa 4
2026-05-26T00:56:34Z,92.5,Versa 4
2026-05-26T00:57:34Z,88.4,Versa 4
2026-05-26T00:58:34Z,85.1,Versa 4
2026-05-26T00:59:34Z,82.3,Versa 4
2026-05-26T01:00:34Z,82.1,Versa 4
2026-05-26T01:01:34Z,85.8,Versa 4
2026-05-26T01:02:34Z,88.0,Versa 4
2026-05-26T01:03:34Z,88.7,Versa 4
2026-05-26T01:04:34Z,89.8,Versa 4
2026-05-26T01:05:34Z,92.6,Versa 4
2026-05-26T01:06:34Z,95.8,Versa 4
2026-05-26T01:07:34Z,97.6,Versa 4
2026-05-26T01:08:34Z,97.7,Versa 4
2026-05-26T01:09:34Z,98.6,Versa 4
2026-05-26T01:10:34Z,99.3,Versa 4
2026-05-26T01:11:34Z,98.7,Versa 4
2026-05-26T01:12:34Z,98.6,Versa 4
2026-05-26T01:13:34Z,50.0,Versa 4
2026-05-26T01:14:34Z,98.9,Versa 4
2026-05-26T01:15:34Z,98.5,Versa 4
2026-05-26T01:16:34Z,98.2,Versa 4
2026-05-26T01:17:34Z,50.0,Versa 4
2026-05-26T01:18:34Z,95.3,Versa 4
2026-05-26T01:19:34Z,92.0,Versa 4
2026-05-26T01:20:34Z,89.5,Versa 4
2026-05-26T01:21:34Z,50.0,Versa 4
2026-05-26T01:22:34Z,92.0,Versa 4
2026-05-26T01:23:34Z,94.7,Versa 4
2026-05-26T01:24:34Z,97.0,Versa 4
2026-05-26T01:25:34Z,98.6,Versa 4
2026-05-26T01:26:34Z,98.8,Versa 4
2026-05-26T01:27:34Z,98.7,Versa 4
2026-05-26T01:28:34Z,98.4,Versa 4
2026-05-26T01:29:34Z,97.4,Versa 4
2026-05-26T01:30:34Z,97.9,Versa 4
2026-05-26T01:31:34Z,97.6,Versa 4
2026-05-26T01:32:34Z,97.6,Versa 4
2026-05-26T01:33:34Z,97.1,Versa 4
2026-05-26T01:34:34Z,96.4,Versa 4
2026-05-26T01:35:34Z,97.2,Versa 4
2026-05-26T01:36:34Z,96.7,Versa 4
2026-05-26T01:37:34Z,96.1,Versa 4
2026-05-26T01:38:34Z,93.2,Versa 4
2026-05-26T01:39:34Z,89.1,Versa 4
2026-05-26T01:40:34Z,86.1,Versa 4
2026-05-26T01:41:34Z,50.0,Versa 4
2026-05-26T01:42:34Z,89.5,Versa 4
2026-05-26T01:43:34Z,92.6,Versa 4
2026-05-26T01:44:34Z,95.3,Versa 4
2026-05-26T01:45:34Z,97.5,Versa 4
2026-05-26T01:46:34Z,98.9,Versa 4
2026-05-26T01:47:34Z,99.5,Versa 4
2026-05-26T01:48:34Z,99.5,Versa 4
2026-05-26T01:49:34Z,100.0,Versa 4
2026-05-26T01:50:34Z,100.0,Versa 4
2026-05-26T01:51:34Z,100.0,Versa 4
2026-05-26T01:52:34Z,100.0,Versa 4
2026-05-26T01:53:34Z,100.0,Versa 4
2026-05-26T01:54:34Z,100.0,Versa 4
2026-05-26T01:55:34Z,100.0,Versa 4
2026-05-26T01:56:34Z,100.0,Versa 4
2026-05-26T01:57:34Z,100.0,Versa 4
2026-05-26T01:58:34Z,100.0,Versa 4
2026-05-26T01:59:34Z,100.0,Versa 4
2026-05-26T02:00:34Z,100.0,Versa 4
2026-05-26T02:01:34Z,100.0,Versa 4
2026-05-26T02:02:34Z,100.0,Versa 4
2026-05-26T02:03:34Z,100.0,Versa 4
2026-05-26T02:04:34Z,100.0,Versa 4
2026-05-26T02:05:34Z,100.0,Versa 4
2026-05-26T02:06:34Z,100.0,Versa 4
2026-05-26T02:07:34Z,100.0,Versa 4
2026-05-26T02:08:34Z,100.0,Versa 4
2026-05-26T02:09:34Z,100.0,Versa 4
2026-05-26T02:10:34Z,100.0,Versa 4
2026-05-26T02:11:34Z,100.0,Versa 4
2026-05-26T02:12:34Z,99.7,Versa 4
2026-05-26T02:13:34Z,98.2,Versa 4
2026-05-26T02:14:34Z,96.9,Versa 4
2026-05-26T02:15:34Z,95.9,Versa 4
2026-05-26T02:16:34Z,95.3,Versa 4
2026-05-26T02:17:34Z,94.7,Versa 4
2026-05-26T02:18:34Z,94.1,Versa 4
2026-05-26T02:19:34Z,92.7,Versa 4
2026-05-26T02:20:34Z,91.8,Versa 4
2026-05-26T02:21:34Z,91.2,Versa 4
2026-05-26T02:22:34Z,91.1,Versa 4
2026-05-26T02:23:34Z,90.6,Versa 4
2026-05-26T13:33:03Z,100.0,Versa 4
2026-05-26T13:34:03Z,50.0,Versa 4
2026-05-26T13:35:03Z,100.0,Versa 4
2026-05-26T13:36:03Z,100.0,Versa 4
2026-05-26T13:37:03Z,50.0,Versa 4
2026-05-26T13:38:03Z,100.0,Versa 4
2026-05-26T13:39:03Z,50.0,Versa 4
2026-05-26T13:40:03Z,50.0,Versa 4
2026-05-26T13:41:03Z,100.0,Versa 4
2026-05-26T13:42:03Z,50.0,Versa 4
2026-05-26T13:43:03Z,50.0,Versa 4
2026-05-26T13:44:03Z,50.0,Versa 4
2026-05-26T13:45:03Z,50.0,Versa 4
2026-05-26T13:46:03Z,50.0,Versa 4
2026-05-26T13:47:03Z,98.9,Versa 4
2026-05-26T13:48:03Z,98.7,Versa 4
2026-05-26T13:49:03Z,50.0,Versa 4
2026-05-26T23:28:03Z,97.7,Versa 4
2026-05-26T23:29:03Z,97.0,Versa 4
2026-05-26T23:30:03Z,96.4,Versa 4
2026-05-26T23:31:03Z,95.8,Versa 4
2026-05-26T23:32:03Z,95.4,Versa 4
2026-05-26T23:33:03Z,95.4,Versa 4
2026-05-26T23:34:03Z,95.2,Versa 4
2026-05-26T23:35:03Z,95.2,Versa 4
2026-05-26T23:36:03Z,95.2,Versa 4
2026-05-26T23:37:03Z,95.4,Versa 4
2026-05-26T23:38:03Z,95.2,Versa 4
2026-05-26T23:39:03Z,95.2,Versa 4
2026-05-26T23:40:03Z,95.2,Versa 4
2026-05-26T23:41:03Z,95.4,Versa 4
2026-05-26T23:42:03Z,95.3,Versa 4
2026-05-26T23:43:03Z,95.1,Versa 4
2026-05-26T23:44:03Z,95.1,Versa 4
2026-05-26T23:45:03Z,95.2,Versa 4
2026-05-26T23:46:03Z,94.7,Versa 4
2026-05-26T23:47:03Z,94.7,Versa 4
2026-05-26T23:48:03Z,94.5,Versa 4
2026-05-26T23:49:03Z,94.3,Versa 4
2026-05-26T23:50:03Z,94.3,Versa 4
2026-05-26T23:51:03Z,50.0,Versa 4
2026-05-26T23:52:03Z,50.0,Versa 4
2026-05-26T23:53:03Z,90.8,Versa 4
2026-05-26T23:54:03Z,91.6,Versa 4
2026-05-26T23:55:03Z,92.2,Versa 4
2026-05-26T23:56:03Z,92.6,Versa 4
2026-05-26T23:57:03Z,92.6,Versa 4
2026-05-26T23:58:03Z,92.2,Versa 4
2026-05-26T23:59:03Z,91.7,Versa 4
2026-05-27T00:00:03Z,91.3,Versa 4
2026-05-27T00:01:03Z,91.4,Versa 4
2026-05-27T00:02:03Z,91.7,Versa 4
2026-05-27T00:03:03Z,92.0,Versa 4
2026-05-27T00:04:03Z,92.3,Versa 4
2026-05-27T00:05:03Z,92.6,Versa 4
2026-05-27T00:06:03Z,92.8,Versa 4
2026-05-27T00:07:03Z,93.0,Versa 4
2026-05-27T00:08:03Z,93.2,Versa 4
2026-05-27T00:09:03Z,93.8,Versa 4
2026-05-27T00:10:03Z,94.5,Versa 4
2026-05-27T00:11:03Z,95.1,Versa 4
2026-05-27T00:12:03Z,95.1,Versa 4
2026-05-27T00:13:03Z,95.1,Versa 4
2026-05-27T00:14:03Z,95.1,Versa 4
2026-05-27T00:15:03Z,95.5,Versa 4
2026-05-27T00:16:03Z,96.0,Versa 4
2026-05-27T00:17:03Z,96.1,Versa 4
2026-05-27T00:18:03Z,96.2,Versa 4
2026-05-27T00:19:03Z,50.0,Versa 4
2026-05-27T00:20:03Z,96.5,Versa 4
2026-05-27T00:21:03Z,50.0,Versa 4
2026-05-27T00:22:03Z,96.8,Versa 4
2026-05-27T00:23:03Z,96.9,Versa 4
2026-05-27T00:24:03Z,97.1,Versa 4
2026-05-27T00:25:03Z,97.2,Versa 4
2026-05-27T00:26:03Z,97.3,Versa 4
2026-05-27T00:27:03Z,97.3,Versa 4
2026-05-27T00:28:03Z,97.4,Versa 4
2026-05-27T00:29:03Z,97.5,Versa 4
2026-05-27T00:30:03Z,97.6,Versa 4
2026-05-27T00:31:03Z,97.7,Versa 4
2026-05-27T00:32:03Z,97.8,Versa 4
2026-05-27T00:33:03Z,97.9,Versa 4
2026-05-27T00:34:03Z,97.9,Versa 4
2026-05-27T00:35:03Z,98.1,Versa 4
2026-05-27T00:36:03Z,98.2,Versa 4
2026-05-27T00:37:03Z,98.4,Versa 4
2026-05-27T00:38:03Z,98.4,Versa 4
2026-05-27T00:39:03Z,98.5,Versa 4
2026-05-27T00:40:03Z,98.6,Versa 4
2026-05-27T00:41:03Z,98.5,Versa 4
2026-05-27T00:42:03Z,98.4,Versa 4
2026-05-27T00:43:03Z,98.4,Versa 4
2026-05-27T00:44:03Z,98.5,Versa 4
2026-05-27T00:45:03Z,98.4,Versa 4
2026-05-27T00:46:03Z,98.5,Versa 4
2026-05-27T00:47:03Z,98.7,Versa 4
2026-05-27T00:48:03Z,98.7,Versa 4
2026-05-27T00:49:03Z,98.6,Versa 4
2026-05-27T00:50:03Z,98.6,Versa 4
2026-05-27T00:51:03Z,98.7,Versa 4
2026-05-27T00:52:03Z,98.7,Versa 4
2026-05-27T00:53:03Z,98.6,Versa 4
2026-05-27T00:54:03Z,98.6,Versa 4
2026-05-27T00:55:03Z,98.6,Versa 4
2026-05-27T00:56:03Z,98.6,Versa 4
2026-05-27T00:57:03Z,98.6,Versa 4
2026-05-27T00:58:03Z,98.6,Versa 4
2026-05-27T00:59:03Z,98.5,Versa 4
2026-05-27T01:00:03Z,98.6,Versa 4
2026-05-27T01:01:03Z,98.5,Versa 4
2026-05-27T01:02:03Z,98.4,Versa 4
2026-05-27T01:03:03Z,98.6,Versa 4
2026-05-27T01:04:03Z,98.6,Versa 4
2026-05-27T01:05:03Z,98.6,Versa 4
2026-05-27T01:06:03Z,98.6,Versa 4
2026-05-27T01:07:03Z,98.6,Versa 4
2026-05-27T01:08:03Z,98.6,Versa 4
2026-05-27T01:09:03Z,98.5,Versa 4
2026-05-27T01:10:03Z,98.6,Versa 4
2026-05-27T01:11:03Z,98.6,Versa 4
2026-05-27T01:12:03Z,98.5,Versa 4
2026-05-27T01:13:03Z,98.4,Versa 4
2026-05-27T01:14:03Z,98.4,Versa 4
2026-05-27T01:15:03Z,98.3,Versa 4
2026-05-27T01:16:03Z,98.3,Versa 4
2026-05-27T01:17:03Z,98.3,Versa 4
2026-05-27T01:18:03Z,98.3,Versa 4
2026-05-27T01:19:03Z,98.3,Versa 4
2026-05-27T01:20:03Z,98.3,Versa 4
2026-05-27T01:21:03Z,98.4,Versa 4
2026-05-27T01:22:03Z,98.3,Versa 4
2026-05-27T01:23:03Z,98.3,Versa 4
2026-05-27T01:24:03Z,98.2,Versa 4
2026-05-27T01:25:03Z,98.3,Versa 4
2026-05-27T01:26:03Z,98.3,Versa 4
2026-05-27T01:27:03Z,98.3,Versa 4
2026-05-27T01:28:03Z,98.3,Versa 4
2026-05-27T01:29:03Z,98.3,Versa 4
2026-05-27T01:30:03Z,98.2,Versa 4
2026-05-27T01:31:03Z,50.0,Versa 4
2026-05-27T01:32:03Z,50.0,Versa 4
2026-05-27T01:33:03Z,97.7,Versa 4
2026-05-27T01:34:03Z,98.1,Versa 4
2026-05-27T01:35:03Z,50.0,Versa 4
2026-05-27T01:36:03Z,98.9,Versa 4
2026-05-27T01:37:03Z,99.2,Versa 4
2026-05-27T01:38:03Z,99.1,Versa 4
2026-05-27T01:39:03Z,99.1,Versa 4
2026-05-27T01:40:03Z,99.2,Versa 4
2026-05-27T01:41:03Z,99.5,Versa 4
2026-05-27T01:42:03Z,99.7,Versa 4
2026-05-27T01:43:03Z,99.6,Versa 4
2026-05-27T01:44:03Z,99.7,Versa 4
2026-05-27T01:45:03Z,99.5,Versa 4
2026-05-27T01:46:03Z,99.7,Versa 4
2026-05-27T01:47:03Z,50.0,Versa 4
2026-05-27T01:48:03Z,99.7,Versa 4
2026-05-27T01:49:03Z,99.4,Versa 4
2026-05-27T01:50:03Z,99.2,Versa 4
2026-05-27T01:51:03Z,99.0,Versa 4
2026-05-27T01:52:03Z,98.9,Versa 4
2026-05-27T01:53:03Z,99.0,Versa 4
2026-05-27T01:54:03Z,99.3,Versa 4
2026-05-27T01:55:03Z,99.7,Versa 4
2026-05-27T01:56:03Z,50.0,Versa 4
2026-05-27T01:57:03Z,99.1,Versa 4
2026-05-27T01:58:03Z,50.0,Versa 4
2026-05-27T01:59:03Z,98.1,Versa 4
2026-05-27T02:00:03Z,50.0,Versa 4
2026-05-27T02:01:03Z,97.6,Versa 4
2026-05-27T02:02:03Z,50.0,Versa 4
2026-05-27T02:03:03Z,97.1,Versa 4
2026-05-27T02:04:03Z,96.9,Versa 4
2026-05-27T02:05:03Z,96.7,Versa 4
2026-05-27T02:06:03Z,96.6,Versa 4
2026-05-27T02:07:03Z,96.5,Versa 4
2026-05-27T02:08:03Z,96.5,Versa 4
2026-05-27T02:09:03Z,96.4,Versa 4
2026-05-27T02:10:03Z,96.3,Versa 4
2026-05-27T02:11:03Z,96.2,Versa 4
2026-05-27T02:12:03Z,96.1,Versa 4
2026-05-27T02:13:03Z,96.1,Versa 4
2026-05-27T02:14:03Z,96.1,Versa 4
2026-05-27T02:15:03Z,96.0,Versa 4
2026-05-27T02:16:03Z,96.1,Versa 4
2026-05-27T02:17:03Z,50.0,Versa 4
2026-05-27T02:18:03Z,96.3,Versa 4
2026-05-27T02:19:03Z,50.0,Versa 4
2026-05-27T02:20:03Z,50.0,Versa 4
2026-05-27T02:21:03Z,97.6,Versa 4
2026-05-27T02:22:03Z,50.0,Versa 4
2026-05-27T02:23:03Z,97.8,Versa 4
2026-05-27T02:24:03Z,97.8,Versa 4
2026-05-27T02:25:03Z,98.1,Versa 4
2026-05-27T02:26:03Z,98.3,Versa 4
2026-05-27T02:27:03Z,98.4,Versa 4
2026-05-27T02:28:03Z,98.3,Versa 4
2026-05-27T02:29:03Z,98.4,Versa 4
2026-05-27T02:30:03Z,98.6,Versa 4
2026-05-27T02:31:03Z,98.5,Versa 4
2026-05-27T02:32:03Z,98.5,Versa 4
2026-05-27T02:33:03Z,98.5,Versa 4
2026-05-27T02:34:03Z,98.6,Versa 4
2026-05-27T02:35:03Z,98.9,Versa 4
2026-05-27T02:36:03Z,99.3,Versa 4
2026-05-27T02:37:03Z,99.2,Versa 4
2026-05-27T02:38:03Z,99.0,Versa 4
2026-05-27T02:39:03Z,99.1,Versa 4
2026-05-27T02:40:03Z,99.1,Versa 4
2026-05-27T02:41:03Z,99.1,Versa 4
2026-05-27T02:42:03Z,98.8,Versa 4
2026-05-27T02:43:03Z,98.9,Versa 4
2026-05-27T02:44:03Z,98.6,Versa 4
2026-05-27T02:45:03Z,99.1,Versa 4
2026-05-27T02:46:03Z,98.9,Versa 4
2026-05-27T02:47:03Z,99.4,Versa 4
2026-05-27T02:48:03Z,99.5,Versa 4
2026-05-27T02:49:03Z,99.4,Versa 4
2026-05-27T02:50:03Z,99.4,Versa 4
2026-05-27T02:51:03Z,99.4,Versa 4
2026-05-27T02:52:03Z,99.6,Versa 4
2026-05-27T02:53:03Z,99.5,Versa 4
2026-05-27T02:54:03Z,99.5,Versa 4
2026-05-27T02:55:03Z,99.4,Versa 4
2026-05-27T02:56:03Z,99.6,Versa 4
2026-05-27T02:57:03Z,99.7,Versa 4
2026-05-27T02:58:03Z,99.6,Versa 4
2026-05-27T02:59:03Z,97.3,Versa 4
2026-05-27T03:00:03Z,95.9,Versa 4
2026-05-27T03:01:03Z,50.0,Versa 4
2026-05-27T03:02:03Z,93.9,Versa 4
2026-05-27T03:03:03Z,93.8,Versa 4
2026-05-27T03:04:03Z,93.7,Versa 4
2026-05-27T03:05:03Z,93.8,Versa 4
2026-05-27T03:06:03Z,94.6,Versa 4
2026-05-27T03:07:03Z,95.5,Versa 4
2026-05-27T03:08:03Z,95.9,Versa 4
2026-05-27T03:09:03Z,94.9,Versa 4
2026-05-27T03:10:03Z,94.7,Versa 4
2026-05-27T03:11:03Z,95.7,Versa 4
2026-05-27T03:12:03Z,95.5,Versa 4
2026-05-27T03:13:03Z,93.9,Versa 4
2026-05-27T03:14:03Z,95.6,Versa 4
2026-05-27T03:15:03Z,97.1,Versa 4
2026-05-27T03:16:03Z,97.6,Versa 4
2026-05-27T03:17:03Z,97.4,Versa 4
2026-05-27T03:18:03Z,50.0,Versa 4
2026-05-27T03:19:03Z,97.3,Versa 4
2026-05-27T03:20:03Z,97.3,Versa 4
2026-05-27T03:21:03Z,97.2,Versa 4
2026-05-27T03:22:03Z,97.1,Versa 4
2026-05-27T03:23:03Z,97.0,Versa 4
2026-05-27T03:24:03Z,97.1,Versa 4
2026-05-27T03:25:03Z,50.0,Versa 4
2026-05-27T03:26:03Z,96.5,Versa 4
2026-05-27T03:27:03Z,96.1,Versa 4
2026-05-27T03:28:03Z,96.1,Versa 4
2026-05-27T03:29:03Z,96.3,Versa 4
2026-05-27T03:30:03Z,96.6,Versa 4
2026-05-27T03:31:03Z,97.0,Versa 4
2026-05-27T03:32:03Z,97.4,Versa 4
2026-05-27T03:33:03Z,97.5,Versa 4
2026-05-27T03:34:03Z,97.5,Versa 4
2026-05-27T03:35:03Z,97.1,Versa 4
2026-05-27T03:36:03Z,97.1,Versa 4
2026-05-27T03:37:03Z,97.1,Versa 4
2026-05-27T03:38:03Z,97.0,Versa 4
2026-05-27T03:39:03Z,96.9,Versa 4
2026-05-27T03:40:03Z,96.9,Versa 4
2026-05-27T03:41:03Z,97.1,Versa 4
2026-05-27T03:42:03Z,97.3,Versa 4
2026-05-27T03:43:03Z,97.3,Versa 4
2026-05-27T03:44:03Z,97.1,Versa 4
2026-05-27T03:45:03Z,96.3,Versa 4
2026-05-27T03:46:03Z,95.4,Versa 4
2026-05-27T03:47:03Z,95.1,Versa 4
2026-05-27T03:48:03Z,50.0,Versa 4
2026-05-27T03:49:03Z,95.0,Versa 4
2026-05-27T03:50:03Z,95.9,Versa 4
2026-05-27T03:51:03Z,96.4,Versa 4
2026-05-27T03:52:03Z,96.8,Versa 4
2026-05-27T03:53:03Z,97.0,Versa 4
2026-05-27T03:54:03Z,97.3,Versa 4
2026-05-27T03:55:03Z,97.5,Versa 4
2026-05-27T03:56:03Z,50.0,Versa 4
2026-05-27T03:57:03Z,97.6,Versa 4
2026-05-27T03:58:03Z,97.7,Versa 4
2026-05-27T03:59:03Z,98.0,Versa 4
2026-05-27T04:00:03Z,98.0,Versa 4
2026-05-27T04:01:03Z,98.2,Versa 4
2026-05-27T04:02:03Z,98.2,Versa 4
2026-05-27T04:03:03Z,98.1,Versa 4
2026-05-27T04:04:03Z,98.2,Versa 4
2026-05-27T04:05:03Z,98.1,Versa 4
2026-05-27T04:06:03Z,98.0,Versa 4
2026-05-27T04:07:03Z,98.0,Versa 4
2026-05-27T04:08:03Z,98.0,Versa 4
2026-05-27T04:09:03Z,98.0,Versa 4
2026-05-27T04:10:03Z,98.1,Versa 4
2026-05-27T04:11:03Z,98.1,Versa 4
2026-05-27T04:12:03Z,98.0,Versa 4
2026-05-27T04:13:03Z,98.0,Versa 4
2026-05-27T04:14:03Z,98.0,Versa 4
2026-05-27T04:15:03Z,97.9,Versa 4
2026-05-27T04:16:03Z,97.8,Versa 4
2026-05-27T04:17:03Z,97.7,Versa 4
2026-05-27T04:18:03Z,97.8,Versa 4
2026-05-27T04:19:03Z,97.7,Versa 4
2026-05-27T04:20:03Z,97.6,Versa 4
2026-05-27T04:21:03Z,97.6,Versa 4
2026-05-27T04:22:03Z,97.5,Versa 4
2026-05-27T04:23:03Z,97.5,Versa 4
2026-05-27T04:24:03Z,97.5,Versa 4
2026-05-27T04:25:03Z,97.5,Versa 4
2026-05-27T04:26:03Z,50.0,Versa 4
2026-05-27T04:27:03Z,97.3,Versa 4
2026-05-27T04:28:03Z,96.5,Versa 4
2026-05-27T04:29:03Z,96.9,Versa 4
2026-05-27T04:30:03Z,97.6,Versa 4
2026-05-27T04:31:03Z,98.3,Versa 4
2026-05-27T04:32:03Z,97.3,Versa 4
2026-05-27T04:33:03Z,96.6,Versa 4
2026-05-27T04:34:03Z,96.2,Versa 4
2026-05-27T04:35:03Z,95.9,Versa 4
2026-05-27T04:36:03Z,50.0,Versa 4
2026-05-27T04:37:03Z,50.0,Versa 4
2026-05-27T04:38:03Z,50.0,Versa 4
2026-05-27T04:39:03Z,96.2,Versa 4
2026-05-27T04:40:03Z,96.7,Versa 4
2026-05-27T04:41:03Z,96.2,Versa 4
2026-05-27T04:42:03Z,50.0,Versa 4
2026-05-27T04:43:03Z,96.3,Versa 4
2026-05-27T04:44:03Z,96.9,Versa 4
2026-05-27T04:45:03Z,97.1,Versa 4
2026-05-27T04:46:03Z,50.0,Versa 4
2026-05-27T04:47:03Z,50.0,Versa 4
2026-05-27T04:48:03Z,96.9,Versa 4
2026-05-27T04:49:03Z,96.5,Versa 4
2026-05-27T04:50:03Z,98.2,Versa 4
2026-05-27T04:51:03Z,98.3,Versa 4
2026-05-27T04:52:03Z,98.7,Versa 4
2026-05-27T04:53:03Z,99.1,Versa 4
2026-05-27T04:54:03Z,50.0,Versa 4
2026-05-27T04:55:03Z,98.7,Versa 4
2026-05-27T04:56:03Z,50.0,Versa 4
2026-05-27T04:57:03Z,97.1,Versa 4
2026-05-27T04:58:03Z,96.2,Versa 4
2026-05-27T04:59:03Z,95.8,Versa 4
2026-05-27T05:00:03Z,95.2,Versa 4
2026-05-27T05:01:03Z,95.0,Versa 4
2026-05-27T05:02:03Z,95.5,Versa 4
2026-05-27T05:03:03Z,50.0,Versa 4
2026-05-27T05:04:03Z,95.3,Versa 4
2026-05-27T05:05:03Z,95.2,Versa 4
2026-05-27T05:06:03Z,95.4,Versa 4
2026-05-27T05:07:03Z,95.9,Versa 4
2026-05-27T05:08:03Z,96.2,Versa 4
2026-05-27T05:09:03Z,96.3,Versa 4
2026-05-27T05:10:03Z,96.0,Versa 4
2026-05-27T05:11:03Z,95.9,Versa 4
2026-05-27T05:12:03Z,96.4,Versa 4
2026-05-27T05:13:03Z,96.7,Versa 4
2026-05-27T05:14:03Z,96.7,Versa 4
2026-05-27T05:15:03Z,97.2,Versa 4
2026-05-27T05:16:03Z,97.6,Versa 4
2026-05-27T05:17:03Z,50.0,Versa 4
2026-05-27T05:18:03Z,94.8,Versa 4
2026-05-27T05:19:03Z,50.0,Versa 4
2026-05-27T05:20:03Z,89.6,Versa 4
2026-05-27T05:21:03Z,88.3,Versa 4
2026-05-27T05:22:03Z,86.7,Versa 4
2026-05-27T05:23:03Z,85.8,Versa 4
2026-05-27T05:24:03Z,85.5,Versa 4
2026-05-27T05:25:03Z,88.0,Versa 4
2026-05-27T05:26:03Z,87.9,Versa 4
2026-05-27T05:27:03Z,87.1,Versa 4
2026-05-27T05:28:03Z,87.7,Versa 4
2026-05-27T05:29:03Z,89.1,Versa 4
2026-05-27T05:30:03Z,90.3,Versa 4
2026-05-27T05:31:03Z,91.3,Versa 4
2026-05-27T05:32:03Z,92.6,Versa 4
2026-05-27T05:33:03Z,50.0,Versa 4
2026-05-27T05:34:03Z,92.8,Versa 4
2026-05-27T05:35:03Z,92.1,Versa 4
2026-05-27T05:36:03Z,91.5,Versa 4
2026-05-27T05:37:03Z,90.9,Versa 4
2026-05-27T05:38:03Z,91.0,Versa 4
2026-05-27T05:39:03Z,91.8,Versa 4
2026-05-27T05:40:03Z,50.0,Versa 4
2026-05-27T05:41:03Z,91.0,Versa 4
2026-05-27T05:42:03Z,90.6,Versa 4
2026-05-27T05:43:03Z,89.2,Versa 4
2026-05-27T05:44:03Z,87.1,Versa 4
2026-05-27T05:45:03Z,50.0,Versa 4
2026-05-27T05:46:03Z,50.0,Versa 4
2026-05-27T05:47:03Z,50.0,Versa 4
2026-05-27T05:48:03Z,85.5,Versa 4
2026-05-27T05:49:03Z,78.4,Versa 4
2026-05-27T05:50:03Z,79.7,Versa 4
2026-05-27T05:51:03Z,83.0,Versa 4
2026-05-27T05:52:03Z,83.0,Versa 4
2026-05-27T05:53:03Z,50.0,Versa 4
2026-05-27T05:54:03Z,50.0,Versa 4
2026-05-27T05:55:03Z,50.0,Versa 4
2026-05-27T05:56:03Z,85.4,Versa 4
2026-05-27T05:57:03Z,89.0,Versa 4
2026-05-27T05:58:03Z,91.6,Versa 4
2026-05-27T05:59:03Z,50.0,Versa 4
2026-05-27T06:00:03Z,50.0,Versa 4
2026-05-27T06:01:03Z,50.0,Versa 4
2026-05-27T06:02:03Z,50.0,Versa 4
2026-05-27T06:03:03Z,50.0,Versa 4
2026-05-27T06:04:03Z,50.0,Versa 4
2026-05-27T06:05:03Z,50.0,Versa 4
2026-05-27T06:06:03Z,50.0,Versa 4
2026-05-27T06:07:03Z,50.0,Versa 4
2026-05-27T06:08:03Z,50.0,Versa 4
2026-05-27T06:09:03Z,50.0,Versa 4
2026-05-28T01:03:33Z,97.7,Versa 4
2026-05-28T01:04:33Z,96.4,Versa 4
2026-05-28T01:05:33Z,94.8,Versa 4
2026-05-28T01:06:33Z,93.2,Versa 4
2026-05-28T01:07:33Z,91.7,Versa 4
2026-05-28T01:08:33Z,90.1,Versa 4
2026-05-28T01:09:33Z,88.4,Versa 4
2026-05-28T01:10:33Z,86.8,Versa 4
2026-05-28T01:11:33Z,85.0,Versa 4
2026-05-28T01:12:33Z,83.6,Versa 4
2026-05-28T01:13:33Z,82.3,Versa 4
2026-05-28T01:14:33Z,81.0,Versa 4
2026-05-28T01:15:33Z,80.1,Versa 4
2026-05-28T01:16:33Z,78.8,Versa 4
2026-05-28T01:17:33Z,77.9,Versa 4
2026-05-28T01:18:33Z,76.8,Versa 4
2026-05-28T01:19:33Z,50.0,Versa 4
2026-05-28T01:20:33Z,81.7,Versa 4
2026-05-28T01:21:33Z,86.0,Versa 4
2026-05-28T01:22:33Z,89.0,Versa 4
2026-05-28T01:23:33Z,91.0,Versa 4
2026-05-28T01:24:33Z,92.6,Versa 4
2026-05-28T01:25:33Z,93.7,Versa 4
2026-05-28T01:26:33Z,94.1,Versa 4
2026-05-28T01:27:33Z,94.7,Versa 4
2026-05-28T01:28:33Z,94.8,Versa 4
2026-05-28T01:29:33Z,94.8,Versa 4
2026-05-28T01:30:33Z,94.7,Versa 4
2026-05-28T01:31:33Z,94.6,Versa 4
2026-05-28T01:32:33Z,94.5,Versa 4
2026-05-28T01:33:33Z,94.6,Versa 4
2026-05-28T01:34:33Z,94.5,Versa 4
2026-05-28T01:35:33Z,94.4,Versa 4
2026-05-28T01:36:33Z,94.4,Versa 4
2026-05-28T01:37:33Z,94.6,Versa 4
2026-05-28T01:38:33Z,94.2,Versa 4
2026-05-28T01:39:33Z,50.0,Versa 4
2026-05-28T01:40:33Z,92.6,Versa 4
2026-05-28T01:41:33Z,50.0,Versa 4
2026-05-28T01:42:33Z,91.4,Versa 4
2026-05-28T01:43:33Z,93.5,Versa 4
2026-05-28T01:44:33Z,95.0,Versa 4
2026-05-28T01:45:33Z,95.9,Versa 4
2026-05-28T01:46:33Z,96.6,Versa 4
2026-05-28T01:47:33Z,97.0,Versa 4
2026-05-28T01:48:33Z,97.0,Versa 4
2026-05-28T01:49:33Z,96.9,Versa 4
2026-05-28T01:50:33Z,96.9,Versa 4
2026-05-28T01:51:33Z,96.9,Versa 4
2026-05-28T01:52:33Z,96.9,Versa 4
2026-05-28T01:53:33Z,50.0,Versa 4
2026-05-28T01:54:33Z,97.0,Versa 4
2026-05-28T01:55:33Z,97.1,Versa 4
2026-05-28T01:56:33Z,97.6,Versa 4
2026-05-28T01:57:33Z,97.8,Versa 4
2026-05-28T01:58:33Z,98.2,Versa 4
2026-05-28T01:59:33Z,99.4,Versa 4
2026-05-28T02:00:33Z,100.0,Versa 4
2026-05-28T02:01:33Z,100.0,Versa 4
2026-05-28T02:02:33Z,100.0,Versa 4
2026-05-28T02:03:33Z,100.0,Versa 4
2026-05-28T02:04:33Z,100.0,Versa 4
2026-05-28T02:05:33Z,100.0,Versa 4
2026-05-28T02:06:33Z,100.0,Versa 4
2026-05-28T02:07:33Z,100.0,Versa 4
2026-05-28T02:08:33Z,100.0,Versa 4
2026-05-28T02:09:33Z,100.0,Versa 4
2026-05-28T02:10:33Z,100.0,Versa 4
2026-05-28T02:11:33Z,100.0,Versa 4
2026-05-28T02:12:33Z,100.0,Versa 4
2026-05-28T02:13:33Z,100.0,Versa 4
2026-05-28T02:14:33Z,100.0,Versa 4
2026-05-28T02:15:33Z,100.0,Versa 4
2026-05-28T02:16:33Z,100.0,Versa 4
2026-05-28T02:17:33Z,100.0,Versa 4
2026-05-28T02:18:33Z,99.9,Versa 4
2026-05-28T02:19:33Z,99.7,Versa 4
2026-05-28T02:20:33Z,99.7,Versa 4
2026-05-28T02:21:33Z,99.5,Versa 4
2026-05-28T02:22:33Z,99.6,Versa 4
2026-05-28T02:23:33Z,99.5,Versa 4
2026-05-28T02:24:33Z,99.5,Versa 4
2026-05-28T02:25:33Z,99.6,Versa 4
2026-05-28T02:26:33Z,99.6,Versa 4
2026-05-28T02:27:33Z,99.7,Versa 4
2026-05-28T02:28:33Z,99.9,Versa 4
2026-05-28T02:29:33Z,99.9,Versa 4
2026-05-28T02:30:33Z,99.9,Versa 4
2026-05-28T02:31:33Z,100.0,Versa 4
2026-05-28T02:32:33Z,100.0,Versa 4
2026-05-28T02:33:33Z,100.0,Versa 4
2026-05-28T02:34:33Z,100.0,Versa 4
2026-05-28T02:35:33Z,100.0,Versa 4
2026-05-28T02:36:33Z,99.7,Versa 4
2026-05-28T02:37:33Z,99.8,Versa 4
2026-05-28T02:38:33Z,99.7,Versa 4
2026-05-28T02:39:33Z,99.4,Versa 4
2026-05-28T02:40:33Z,99.2,Versa 4
2026-05-28T02:41:33Z,99.3,Versa 4
2026-05-28T02:42:33Z,99.0,Versa 4
2026-05-28T02:43:33Z,50.0,Versa 4
2026-05-28T02:44:33Z,99.4,Versa 4
2026-05-28T02:45:33Z,50.0,Versa 4
2026-05-28T02:46:33Z,99.0,Versa 4
2026-05-28T02:47:33Z,98.6,Versa 4
2026-05-28T02:48:33Z,98.9,Versa 4
2026-05-28T02:49:33Z,99.1,Versa 4
2026-05-28T02:50:33Z,50.0,Versa 4
2026-05-28T02:51:33Z,50.0,Versa 4
2026-05-28T02:52:33Z,99.0,Versa 4
2026-05-28T02:53:33Z,98.8,Versa 4
2026-05-28T02:54:33Z,50.0,Versa 4
2026-05-28T02:55:33Z,98.7,Versa 4
2026-05-28T02:56:33Z,98.2,Versa 4
2026-05-28T02:57:33Z,50.0,Versa 4
2026-05-28T02:58:33Z,50.0,Versa 4
2026-05-28T02:59:33Z,98.2,Versa 4
2026-05-28T03:00:33Z,98.5,Versa 4
2026-05-28T03:01:33Z,99.0,Versa 4
2026-05-28T03:02:33Z,99.4,Versa 4
2026-05-28T03:03:33Z,99.2,Versa 4
2026-05-28T03:04:33Z,99.4,Versa 4
2026-05-28T03:05:33Z,99.4,Versa 4
2026-05-28T03:06:33Z,99.2,Versa 4
2026-05-28T03:07:33Z,99.5,Versa 4
2026-05-28T03:08:33Z,99.5,Versa 4
2026-05-28T03:09:33Z,50.0,Versa 4
2026-05-28T03:10:33Z,96.4,Versa 4
2026-05-28T03:11:33Z,97.5,Versa 4
2026-05-28T03:12:33Z,50.0,Versa 4
2026-05-28T03:13:33Z,50.0,Versa 4
2026-05-28T03:14:33Z,97.7,Versa 4
2026-05-28T03:15:33Z,97.5,Versa 4
2026-05-28T03:16:33Z,97.6,Versa 4
2026-05-28T03:17:33Z,97.6,Versa 4
2026-05-28T03:18:33Z,97.6,Versa 4
2026-05-28T03:19:33Z,97.7,Versa 4
2026-05-28T03:20:33Z,97.6,Versa 4
2026-05-28T03:21:33Z,50.0,Versa 4
2026-05-28T03:22:33Z,97.6,Versa 4
2026-05-28T03:23:33Z,97.8,Versa 4
2026-05-28T03:24:33Z,97.8,Versa 4
2026-05-28T03:25:33Z,98.2,Versa 4
2026-05-28T03:26:33Z,50.0,Versa 4
2026-05-28T03:27:33Z,98.5,Versa 4
2026-05-28T03:28:33Z,98.5,Versa 4
2026-05-28T03:29:33Z,98.7,Versa 4
2026-05-28T03:30:33Z,98.8,Versa 4
2026-05-28T03:31:33Z,98.8,Versa 4
2026-05-28T03:32:33Z,98.5,Versa 4
2026-05-28T03:33:33Z,98.5,Versa 4
2026-05-28T03:34:33Z,98.2,Versa 4
2026-05-28T03:35:33Z,98.1,Versa 4
2026-05-28T03:36:33Z,98.0,Versa 4
2026-05-28T03:37:33Z,98.0,Versa 4
2026-05-28T03:38:33Z,50.0,Versa 4
2026-05-28T03:39:33Z,98.2,Versa 4
2026-05-28T03:40:33Z,98.4,Versa 4
2026-05-28T03:41:33Z,98.5,Versa 4
2026-05-28T03:42:33Z,98.5,Versa 4
2026-05-28T03:43:33Z,98.5,Versa 4
2026-05-28T03:44:33Z,98.4,Versa 4
2026-05-28T03:45:33Z,98.3,Versa 4
2026-05-28T03:46:33Z,98.2,Versa 4
2026-05-28T03:47:33Z,98.1,Versa 4
2026-05-28T03:48:33Z,98.1,Versa 4
2026-05-28T03:49:33Z,98.1,Versa 4
2026-05-28T03:50:33Z,98.2,Versa 4
2026-05-28T03:51:33Z,98.3,Versa 4
2026-05-28T03:52:33Z,98.3,Versa 4
2026-05-28T03:53:33Z,98.4,Versa 4
2026-05-28T03:54:33Z,98.4,Versa 4
2026-05-28T03:55:33Z,98.4,Versa 4
2026-05-28T03:56:33Z,98.3,Versa 4
2026-05-28T03:57:33Z,98.4,Versa 4
2026-05-28T03:58:33Z,98.3,Versa 4
2026-05-28T03:59:33Z,98.4,Versa 4
2026-05-28T04:00:33Z,98.3,Versa 4
2026-05-28T04:01:33Z,98.4,Versa 4
2026-05-28T04:02:33Z,98.4,Versa 4
2026-05-28T04:03:33Z,98.4,Versa 4
2026-05-28T04:04:33Z,98.5,Versa 4
2026-05-28T04:05:33Z,98.5,Versa 4
2026-05-28T04:06:33Z,98.5,Versa 4
2026-05-28T04:07:33Z,98.5,Versa 4
2026-05-28T04:08:33Z,98.4,Versa 4
2026-05-28T04:09:33Z,98.5,Versa 4
2026-05-28T04:10:33Z,98.5,Versa 4
2026-05-28T04:11:33Z,98.6,Versa 4
2026-05-28T04:12:33Z,98.5,Versa 4
2026-05-28T04:13:33Z,98.6,Versa 4
2026-05-28T04:14:33Z,98.5,Versa 4
2026-05-28T04:15:33Z,98.6,Versa 4
2026-05-28T04:16:33Z,98.6,Versa 4
2026-05-28T04:17:33Z,98.5,Versa 4
2026-05-28T04:18:33Z,98.6,Versa 4
2026-05-28T04:19:33Z,98.5,Versa 4
2026-05-28T04:20:33Z,98.5,Versa 4
2026-05-28T04:21:33Z,98.5,Versa 4
2026-05-28T04:22:33Z,98.5,Versa 4
2026-05-28T04:23:33Z,98.5,Versa 4
2026-05-28T04:24:33Z,98.6,Versa 4
2026-05-28T04:25:33Z,98.6,Versa 4
2026-05-28T04:26:33Z,98.6,Versa 4
2026-05-28T04:27:33Z,98.6,Versa 4
2026-05-28T04:28:33Z,98.6,Versa 4
2026-05-28T04:29:33Z,98.5,Versa 4
2026-05-28T04:30:33Z,98.6,Versa 4
2026-05-28T04:31:33Z,50.0,Versa 4
2026-05-28T04:32:33Z,97.2,Versa 4
2026-05-28T04:33:33Z,97.4,Versa 4
2026-05-28T04:34:33Z,98.4,Versa 4
2026-05-28T04:35:33Z,98.7,Versa 4
2026-05-28T04:36:33Z,98.8,Versa 4
2026-05-28T04:37:33Z,98.9,Versa 4
2026-05-28T04:38:33Z,98.9,Versa 4
2026-05-28T04:39:33Z,99.1,Versa 4
2026-05-28T04:40:33Z,98.8,Versa 4
2026-05-28T04:41:33Z,98.3,Versa 4
2026-05-28T04:42:33Z,97.9,Versa 4
2026-05-28T04:43:33Z,97.8,Versa 4
2026-05-28T04:44:33Z,97.9,Versa 4
2026-05-28T04:45:33Z,97.8,Versa 4
2026-05-28T04:46:33Z,97.7,Versa 4
2026-05-28T04:47:33Z,50.0,Versa 4
2026-05-28T04:48:33Z,98.2,Versa 4
2026-05-28T04:49:33Z,99.0,Versa 4
2026-05-28T04:50:33Z,99.3,Versa 4
2026-05-28T04:51:33Z,99.6,Versa 4
2026-05-28T04:52:33Z,99.7,Versa 4
2026-05-28T04:53:33Z,99.8,Versa 4
2026-05-28T04:54:33Z,99.7,Versa 4
2026-05-28T04:55:33Z,99.3,Versa 4
2026-05-28T04:56:33Z,98.6,Versa 4
2026-05-28T04:57:33Z,50.0,Versa 4
2026-05-28T04:58:33Z,98.3,Versa 4
2026-05-28T04:59:33Z,99.2,Versa 4
2026-05-28T05:00:33Z,99.0,Versa 4
2026-05-28T05:01:33Z,98.9,Versa 4
2026-05-28T05:02:33Z,99.4,Versa 4
2026-05-28T05:03:33Z,98.9,Versa 4
2026-05-28T05:04:33Z,99.2,Versa 4
2026-05-28T05:05:33Z,99.3,Versa 4
2026-05-28T05:06:33Z,99.4,Versa 4
2026-05-28T05:07:33Z,98.9,Versa 4
2026-05-28T05:08:33Z,98.8,Versa 4
2026-05-28T05:09:33Z,97.9,Versa 4
2026-05-28T05:10:33Z,98.2,Versa 4
2026-05-28T05:11:33Z,98.5,Versa 4
2026-05-28T05:12:33Z,50.0,Versa 4
2026-05-28T05:13:33Z,50.0,Versa 4
2026-05-28T05:14:33Z,99.5,Versa 4
2026-05-28T05:15:33Z,100.0,Versa 4
2026-05-28T05:16:33Z,100.0,Versa 4
2026-05-28T05:17:33Z,100.0,Versa 4
2026-05-28T05:18:33Z,50.0,Versa 4
2026-05-28T05:19:33Z,100.0,Versa 4
2026-05-28T05:20:33Z,99.5,Versa 4
2026-05-28T05:21:33Z,98.8,Versa 4
2026-05-28T05:22:33Z,98.1,Versa 4
2026-05-28T05:23:33Z,50.0,Versa 4
2026-05-28T05:24:33Z,50.0,Versa 4
2026-05-28T05:25:33Z,98.2,Versa 4
2026-05-28T05:26:33Z,99.1,Versa 4
2026-05-28T05:27:33Z,99.5,Versa 4
2026-05-28T05:28:33Z,99.8,Versa 4
2026-05-28T05:29:33Z,100.0,Versa 4
2026-05-28T05:30:33Z,100.0,Versa 4
2026-05-28T05:31:33Z,100.0,Versa 4
2026-05-28T05:32:33Z,100.0,Versa 4
2026-05-28T05:33:33Z,100.0,Versa 4
2026-05-28T05:34:33Z,99.8,Versa 4
2026-05-28T05:35:33Z,99.0,Versa 4
2026-05-28T05:36:33Z,98.6,Versa 4
2026-05-28T05:37:33Z,98.4,Versa 4
2026-05-28T05:38:33Z,98.2,Versa 4
2026-05-28T05:39:33Z,98.0,Versa 4
2026-05-28T05:40:33Z,97.9,Versa 4
2026-05-28T05:41:33Z,97.7,Versa 4
2026-05-28T05:42:33Z,97.6,Versa 4
2026-05-28T05:43:33Z,97.5,Versa 4
2026-05-28T05:44:33Z,97.5,Versa 4
2026-05-28T05:45:33Z,97.4,Versa 4
2026-05-28T05:46:33Z,97.4,Versa 4
2026-05-28T05:47:33Z,97.3,Versa 4
2026-05-28T05:48:33Z,97.2,Versa 4
2026-05-28T05:49:33Z,97.2,Versa 4
2026-05-28T05:50:33Z,97.1,Versa 4
2026-05-28T05:51:33Z,97.0,Versa 4
2026-05-28T05:52:33Z,97.0,Versa 4
2026-05-28T05:53:33Z,97.0,Versa 4
2026-05-28T05:54:33Z,97.0,Versa 4
2026-05-28T05:55:33Z,97.0,Versa 4
2026-05-28T05:56:33Z,97.0,Versa 4
2026-05-28T05:57:33Z,97.0,Versa 4
2026-05-28T05:58:33Z,96.9,Versa 4
2026-05-28T05:59:33Z,96.9,Versa 4
2026-05-28T06:00:33Z,96.9,Versa 4
2026-05-28T06:01:33Z,96.9,Versa 4
2026-05-28T06:02:33Z,96.8,Versa 4
2026-05-28T06:03:33Z,96.8,Versa 4
2026-05-28T06:04:33Z,96.8,Versa 4
2026-05-28T06:05:33Z,96.8,Versa 4
2026-05-28T06:06:33Z,96.7,Versa 4
2026-05-28T06:07:33Z,96.7,Versa 4
2026-05-28T06:08:33Z,96.7,Versa 4
2026-05-28T06:09:33Z,96.8,Versa 4
2026-05-28T06:10:33Z,96.8,Versa 4
2026-05-28T06:11:33Z,96.9,Versa 4
2026-05-28T06:12:33Z,96.8,Versa 4
2026-05-28T06:13:33Z,96.8,Versa 4
2026-05-28T06:14:33Z,96.8,Versa 4
2026-05-28T06:15:33Z,96.8,Versa 4
2026-05-28T06:16:33Z,96.8,Versa 4
2026-05-28T06:17:33Z,96.8,Versa 4
2026-05-28T06:18:33Z,50.0,Versa 4
2026-05-28T06:19:33Z,96.8,Versa 4
2026-05-28T06:20:33Z,50.0,Versa 4
2026-05-28T06:21:33Z,50.0,Versa 4
2026-05-28T06:22:33Z,96.9,Versa 4
2026-05-28T06:23:33Z,96.8,Versa 4
2026-05-28T06:24:33Z,96.9,Versa 4
2026-05-28T06:25:33Z,50.0,Versa 4
2026-05-28T06:26:33Z,96.9,Versa 4
2026-05-28T06:27:33Z,50.0,Versa 4
2026-05-28T06:28:33Z,96.9,Versa 4
2026-05-28T06:29:33Z,50.0,Versa 4
2026-05-28T06:30:33Z,96.1,Versa 4
2026-05-28T06:31:33Z,92.5,Versa 4
2026-05-28T06:32:33Z,92.2,Versa 4
2026-05-28T06:33:33Z,90.6,Versa 4
2026-05-28T06:34:33Z,50.0,Versa 4
2026-05-28T06:35:33Z,92.3,Versa 4
2026-05-28T06:36:33Z,50.0,Versa 4
2026-05-28T06:37:33Z,94.8,Versa 4
2026-05-28T06:38:33Z,98.6,Versa 4
2026-05-28T06:39:33Z,50.0,Versa 4
2026-05-28T06:40:33Z,98.8,Versa 4
2026-05-28T06:41:33Z,98.6,Versa 4
2026-05-28T06:42:33Z,98.3,Versa 4
2026-05-28T06:43:33Z,98.3,Versa 4
2026-05-28T06:44:33Z,98.2,Versa 4
2026-05-28T06:45:33Z,98.0,Versa 4
2026-05-28T06:46:33Z,97.9,Versa 4
2026-05-28T06:47:33Z,97.9,Versa 4
2026-05-28T06:48:33Z,97.9,Versa 4
2026-05-28T06:49:33Z,97.6,Versa 4
2026-05-28T06:50:33Z,50.0,Versa 4
2026-05-28T06:51:33Z,50.0,Versa 4
2026-05-28T06:52:33Z,50.0,Versa 4
2026-05-28T06:53:33Z,50.0,Versa 4
2026-05-28T06:54:33Z,50.0,Versa 4
2026-05-28T06:55:33Z,97.2,Versa 4
2026-05-28T06:56:33Z,98.0,Versa 4
2026-05-28T06:57:33Z,98.1,Versa 4
2026-05-28T06:58:33Z,50.0,Versa 4
2026-05-28T06:59:33Z,98.0,Versa 4
2026-05-28T07:00:33Z,50.0,Versa 4
2026-05-28T07:01:33Z,50.0,Versa 4
2026-05-28T07:02:33Z,50.0,Versa 4
2026-05-28T07:03:33Z,50.0,Versa 4
2026-05-28T07:04:33Z,50.0,Versa 4
2026-05-28T07:05:33Z,97.4,Versa 4
2026-05-28T07:06:33Z,96.4,Versa 4
2026-05-28T07:07:33Z,50.0,Versa 4
2026-05-28T07:08:33Z,96.1,Versa 4
2026-05-28T07:09:33Z,96.8,Versa 4
2026-05-28T07:10:33Z,97.3,Versa 4
2026-05-28T07:11:33Z,97.6,Versa 4
2026-05-28T07:12:33Z,97.8,Versa 4
2026-05-28T07:13:33Z,98.1,Versa 4
2026-05-28T07:14:33Z,50.0,Versa 4
2026-05-28T07:15:33Z,97.6,Versa 4
2026-05-28T07:16:33Z,97.4,Versa 4
2026-05-28T07:17:33Z,95.2,Versa 4
2026-05-28T07:18:33Z,94.9,Versa 4
2026-05-28T07:19:33Z,92.5,Versa 4
2026-05-28T07:20:33Z,93.6,Versa 4
2026-05-28T07:21:33Z,94.8,Versa 4
2026-05-28T07:22:33Z,89.8,Versa 4
2026-05-28T07:23:33Z,90.8,Versa 4
2026-05-28T07:24:33Z,92.7,Versa 4
2026-05-28T07:25:33Z,94.3,Versa 4
2026-05-28T07:26:33Z,95.5,Versa 4
2026-05-28T07:27:33Z,96.2,Versa 4
2026-05-28T07:28:33Z,96.4,Versa 4
2026-05-28T07:29:33Z,96.6,Versa 4
2026-05-28T07:30:33Z,96.8,Versa 4
2026-05-28T07:31:33Z,96.4,Versa 4
2026-05-28T07:32:33Z,97.1,Versa 4
2026-05-28T07:33:33Z,98.1,Versa 4
2026-05-28T07:34:33Z,96.6,Versa 4
2026-05-28T07:35:33Z,95.9,Versa 4
2026-05-28T07:36:33Z,95.8,Versa 4
2026-05-28T07:37:33Z,94.9,Versa 4
2026-05-28T07:38:33Z,99.7,Versa 4
2026-05-28T07:39:33Z,100.0,Versa 4
2026-05-28T07:40:33Z,100.0,Versa 4
2026-05-28T07:41:33Z,100.0,Versa 4
2026-05-28T07:42:33Z,100.0,Versa 4
2026-05-28T07:43:33Z,100.0,Versa 4
2026-05-28T07:44:33Z,100.0,Versa 4
2026-05-28T07:45:33Z,100.0,Versa 4
2026-05-28T07:46:33Z,96.2,Versa 4
2026-05-28T07:47:33Z,94.4,Versa 4
2026-05-28T07:48:33Z,94.2,Versa 4
2026-05-28T07:49:33Z,94.1,Versa 4
2026-05-28T07:50:33Z,94.7,Versa 4
2026-05-28T07:51:33Z,95.0,Versa 4
2026-05-28T07:52:33Z,94.8,Versa 4
2026-05-28T07:53:33Z,94.3,Versa 4
2026-05-28T07:54:33Z,50.0,Versa 4
2026-05-28T07:55:33Z,50.0,Versa 4
2026-05-28T07:56:33Z,50.0,Versa 4
2026-05-28T07:57:33Z,50.0,Versa 4
2026-05-28T07:58:33Z,50.0,Versa 4
2026-05-28T07:59:33Z,94.9,Versa 4
2026-05-28T08:00:33Z,50.0,Versa 4
2026-05-28T08:01:33Z,50.0,Versa 4
2026-05-28T08:02:33Z,95.8,Versa 4
2026-05-28T08:03:33Z,50.0,Versa 4
2026-05-28T08:04:33Z,95.9,Versa 4
2026-05-28T08:05:33Z,50.0,Versa 4
2026-05-28T08:06:33Z,94.5,Versa 4
2026-05-28T08:07:33Z,94.5,Versa 4
2026-05-28T08:08:33Z,50.0,Versa 4
2026-05-28T08:09:33Z,94.8,Versa 4
2026-05-28T08:33:09Z,97.8,Versa 4
2026-05-28T08:34:09Z,97.4,Versa 4
2026-05-28T08:35:09Z,95.4,Versa 4
2026-05-28T08:36:09Z,96.9,Versa 4
2026-05-28T08:37:09Z,97.8,Versa 4
2026-05-28T08:47:03Z,97.9,Versa 4
2026-05-28T08:48:03Z,96.9,Versa 4
2026-05-28T08:49:03Z,50.0,Versa 4
2026-05-28T08:50:03Z,93.5,Versa 4
2026-05-28T08:51:03Z,94.3,Versa 4
2026-05-28T08:52:03Z,94.1,Versa 4
2026-05-28T08:53:03Z,94.5,Versa 4
2026-05-28T08:54:03Z,95.1,Versa 4
2026-05-28T08:55:03Z,95.7,Versa 4
2026-05-28T08:56:03Z,50.0,Versa 4
2026-05-28T08:57:03Z,50.0,Versa 4
2026-05-28T08:58:03Z,50.0,Versa 4
2026-05-28T08:59:03Z,50.0,Versa 4
2026-05-28T09:00:03Z,50.0,Versa 4
2026-05-28T09:01:03Z,50.0,Versa 4
2026-05-28T09:02:03Z,50.0,Versa 4
2026-05-28T09:03:03Z,95.1,Versa 4
2026-05-28T09:04:03Z,50.0,Versa 4
2026-05-28T09:05:03Z,50.0,Versa 4
2026-05-28T09:06:03Z,50.0,Versa 4
2026-05-28T09:07:03Z,50.0,Versa 4
2026-05-28T09:08:03Z,50.0,Versa 4
2026-05-28T09:09:03Z,50.0,Versa 4
2026-05-28T09:10:03Z,94.7,Versa 4
2026-05-28T22:52:07Z,97.3,Versa 4
2026-05-28T22:53:07Z,97.1,Versa 4
2026-05-28T22:54:07Z,96.9,Versa 4
2026-05-28T22:55:07Z,96.7,Versa 4
2026-05-28T22:56:07Z,96.6,Versa 4
2026-05-28T22:57:07Z,50.0,Versa 4
2026-05-28T22:58:07Z,95.5,Versa 4
2026-05-28T22:59:07Z,95.1,Versa 4
2026-05-28T23:00:07Z,50.0,Versa 4
2026-05-28T23:01:07Z,93.7,Versa 4
2026-05-28T23:02:07Z,89.3,Versa 4
2026-05-28T23:03:07Z,87.6,Versa 4
2026-05-28T23:04:07Z,85.3,Versa 4
2026-05-28T23:05:07Z,85.4,Versa 4
2026-05-28T23:06:07Z,86.3,Versa 4
2026-05-28T23:07:07Z,87.5,Versa 4
2026-05-28T23:08:07Z,88.0,Versa 4
2026-05-28T23:09:07Z,88.6,Versa 4
2026-05-28T23:10:07Z,88.8,Versa 4
2026-05-28T23:11:07Z,89.2,Versa 4
2026-05-28T23:12:07Z,89.4,Versa 4
2026-05-28T23:13:07Z,89.6,Versa 4
2026-05-28T23:14:07Z,89.5,Versa 4
2026-05-28T23:15:07Z,87.2,Versa 4
2026-05-28T23:16:07Z,87.3,Versa 4
2026-05-28T23:17:07Z,86.4,Versa 4
2026-05-28T23:18:07Z,86.2,Versa 4
2026-05-28T23:19:07Z,85.5,Versa 4
2026-05-28T23:20:07Z,86.0,Versa 4
2026-05-28T23:21:07Z,86.2,Versa 4
2026-05-28T23:22:07Z,85.8,Versa 4
2026-05-28T23:23:07Z,85.2,Versa 4
2026-05-28T23:24:07Z,84.8,Versa 4
2026-05-28T23:25:07Z,85.5,Versa 4
2026-05-28T23:26:07Z,86.5,Versa 4
2026-05-28T23:27:07Z,87.1,Versa 4
2026-05-28T23:28:07Z,88.3,Versa 4
2026-05-28T23:29:07Z,88.1,Versa 4
2026-05-28T23:30:07Z,88.6,Versa 4
2026-05-28T23:31:07Z,50.0,Versa 4
2026-05-28T23:32:07Z,50.0,Versa 4
2026-05-28T23:33:07Z,86.7,Versa 4
2026-05-28T23:34:07Z,89.0,Versa 4
2026-05-28T23:35:07Z,91.1,Versa 4
2026-05-28T23:36:07Z,92.8,Versa 4
2026-05-28T23:37:07Z,93.5,Versa 4
2026-05-28T23:38:07Z,93.9,Versa 4
2026-05-28T23:39:07Z,94.5,Versa 4
2026-05-28T23:40:07Z,94.6,Versa 4
2026-05-28T23:41:07Z,95.1,Versa 4
2026-05-28T23:42:07Z,95.5,Versa 4
2026-05-28T23:43:07Z,95.9,Versa 4
2026-05-28T23:44:07Z,96.3,Versa 4
2026-05-28T23:45:07Z,95.9,Versa 4
2026-05-28T23:46:07Z,96.5,Versa 4
2026-05-28T23:47:07Z,96.7,Versa 4
2026-05-28T23:48:07Z,50.0,Versa 4
2026-05-28T23:49:07Z,50.0,Versa 4
2026-05-28T23:50:07Z,95.5,Versa 4
2026-05-28T23:51:07Z,96.1,Versa 4
2026-05-28T23:52:07Z,96.4,Versa 4
2026-05-28T23:53:07Z,96.7,Versa 4
2026-05-28T23:54:07Z,50.0,Versa 4
2026-05-28T23:55:07Z,50.0,Versa 4
2026-05-28T23:56:07Z,97.0,Versa 4
2026-05-28T23:57:07Z,97.2,Versa 4
2026-05-28T23:58:07Z,97.4,Versa 4
2026-05-28T23:59:07Z,97.6,Versa 4
2026-05-29T00:00:07Z,50.0,Versa 4
2026-05-29T00:01:07Z,96.0,Versa 4
2026-05-29T00:02:07Z,93.1,Versa 4
2026-05-29T00:03:07Z,92.0,Versa 4
2026-05-29T00:04:07Z,90.5,Versa 4
2026-05-29T00:05:07Z,50.0,Versa 4
2026-05-29T00:06:07Z,92.0,Versa 4
2026-05-29T00:07:07Z,93.9,Versa 4
2026-05-29T00:08:07Z,50.0,Versa 4
2026-05-29T00:09:07Z,94.8,Versa 4
2026-05-29T00:10:07Z,95.0,Versa 4
2026-05-29T00:11:07Z,95.2,Versa 4
2026-05-29T00:12:07Z,50.0,Versa 4
2026-05-29T00:13:07Z,50.0,Versa 4
2026-05-29T00:14:07Z,95.2,Versa 4
2026-05-29T00:15:07Z,50.0,Versa 4
2026-05-29T00:16:07Z,95.4,Versa 4
2026-05-29T00:17:07Z,95.6,Versa 4
2026-05-29T00:18:07Z,95.8,Versa 4
2026-05-29T00:19:07Z,95.8,Versa 4
2026-05-29T00:20:07Z,95.9,Versa 4
2026-05-29T00:21:07Z,96.1,Versa 4
2026-05-29T00:22:07Z,96.2,Versa 4
2026-05-29T00:23:07Z,50.0,Versa 4
2026-05-29T00:24:07Z,96.1,Versa 4
2026-05-29T00:25:07Z,96.0,Versa 4
2026-05-29T00:26:07Z,95.8,Versa 4
2026-05-29T00:27:07Z,95.8,Versa 4
2026-05-29T00:28:07Z,95.8,Versa 4
2026-05-29T00:29:07Z,95.9,Versa 4
2026-05-29T00:30:07Z,95.9,Versa 4
2026-05-29T00:31:07Z,95.9,Versa 4
2026-05-29T00:32:07Z,95.9,Versa 4
2026-05-29T00:33:07Z,95.9,Versa 4
2026-05-29T00:34:07Z,96.0,Versa 4
2026-05-29T00:35:07Z,96.0,Versa 4
2026-05-29T00:36:07Z,96.1,Versa 4
2026-05-29T00:37:07Z,96.1,Versa 4
2026-05-29T00:38:07Z,96.2,Versa 4
2026-05-29T00:39:07Z,96.2,Versa 4
2026-05-29T00:40:07Z,96.2,Versa 4
2026-05-29T00:41:07Z,96.3,Versa 4
2026-05-29T00:42:07Z,96.3,Versa 4
2026-05-29T00:43:07Z,96.3,Versa 4
2026-05-29T00:44:07Z,96.4,Versa 4
2026-05-29T00:45:07Z,96.5,Versa 4
2026-05-29T00:46:07Z,96.5,Versa 4
2026-05-29T00:47:07Z,96.6,Versa 4
2026-05-29T00:48:07Z,96.6,Versa 4
2026-05-29T00:49:07Z,96.6,Versa 4
2026-05-29T00:50:07Z,96.6,Versa 4
2026-05-29T00:51:07Z,96.6,Versa 4
2026-05-29T00:52:07Z,96.6,Versa 4
2026-05-29T00:53:07Z,96.6,Versa 4
2026-05-29T00:54:07Z,96.6,Versa 4
2026-05-29T00:55:07Z,96.7,Versa 4
2026-05-29T00:56:07Z,96.7,Versa 4
2026-05-29T00:57:07Z,96.7,Versa 4
2026-05-29T00:58:07Z,96.7,Versa 4
2026-05-29T00:59:07Z,96.7,Versa 4
2026-05-29T01:00:07Z,96.7,Versa 4
2026-05-29T01:01:07Z,96.7,Versa 4
2026-05-29T01:02:07Z,96.7,Versa 4
2026-05-29T01:03:07Z,96.7,Versa 4
2026-05-29T01:04:07Z,96.7,Versa 4
2026-05-29T01:05:07Z,96.7,Versa 4
2026-05-29T01:06:07Z,96.7,Versa 4
2026-05-29T01:07:07Z,96.8,Versa 4
2026-05-29T01:08:07Z,96.8,Versa 4
2026-05-29T01:09:07Z,96.8,Versa 4
2026-05-29T01:10:07Z,96.8,Versa 4
2026-05-29T01:11:07Z,96.8,Versa 4
2026-05-29T01:12:07Z,96.7,Versa 4
2026-05-29T01:13:07Z,96.7,Versa 4
2026-05-29T01:14:07Z,96.7,Versa 4
2026-05-29T01:15:07Z,96.7,Versa 4
2026-05-29T01:16:07Z,96.7,Versa 4
2026-05-29T01:17:07Z,96.7,Versa 4
2026-05-29T01:18:07Z,96.7,Versa 4
2026-05-29T01:19:07Z,96.7,Versa 4
2026-05-29T01:20:07Z,96.7,Versa 4
2026-05-29T01:21:07Z,96.7,Versa 4
2026-05-29T01:22:07Z,96.7,Versa 4
2026-05-29T01:23:07Z,96.7,Versa 4
2026-05-29T01:24:07Z,96.7,Versa 4
2026-05-29T01:25:07Z,96.7,Versa 4
2026-05-29T01:26:07Z,50.0,Versa 4
2026-05-29T01:27:07Z,97.2,Versa 4
2026-05-29T01:28:07Z,97.4,Versa 4
2026-05-29T01:29:07Z,97.5,Versa 4
2026-05-29T01:30:07Z,97.6,Versa 4
2026-05-29T01:31:07Z,97.7,Versa 4
2026-05-29T01:32:07Z,97.6,Versa 4
2026-05-29T01:33:07Z,97.4,Versa 4
2026-05-29T01:34:07Z,97.4,Versa 4
2026-05-29T01:35:07Z,97.4,Versa 4
2026-05-29T01:36:07Z,97.4,Versa 4
2026-05-29T01:37:07Z,97.2,Versa 4
2026-05-29T01:38:07Z,97.1,Versa 4
2026-05-29T01:39:07Z,97.3,Versa 4
2026-05-29T01:40:07Z,97.4,Versa 4
2026-05-29T01:41:07Z,97.3,Versa 4
2026-05-29T01:42:07Z,97.2,Versa 4
2026-05-29T01:43:07Z,97.3,Versa 4
2026-05-29T01:44:07Z,97.5,Versa 4
2026-05-29T01:45:07Z,97.6,Versa 4
2026-05-29T01:46:07Z,97.6,Versa 4
2026-05-29T01:47:07Z,97.4,Versa 4
2026-05-29T01:48:07Z,97.4,Versa 4
2026-05-29T01:49:07Z,97.5,Versa 4
2026-05-29T01:50:07Z,97.8,Versa 4
2026-05-29T01:51:07Z,98.1,Versa 4
2026-05-29T01:52:07Z,98.3,Versa 4
2026-05-29T01:53:07Z,98.6,Versa 4
2026-05-29T01:54:07Z,98.8,Versa 4
2026-05-29T01:55:07Z,98.9,Versa 4
2026-05-29T01:56:07Z,99.0,Versa 4
2026-05-29T01:57:07Z,99.1,Versa 4
2026-05-29T01:58:07Z,99.1,Versa 4
2026-05-29T01:59:07Z,99.1,Versa 4
2026-05-29T02:00:07Z,99.1,Versa 4
2026-05-29T02:01:07Z,99.2,Versa 4
2026-05-29T02:02:07Z,99.4,Versa 4
2026-05-29T02:03:07Z,99.5,Versa 4
2026-05-29T02:04:07Z,99.6,Versa 4
2026-05-29T02:05:07Z,99.6,Versa 4
2026-05-29T02:06:07Z,99.8,Versa 4
2026-05-29T02:07:07Z,50.0,Versa 4
2026-05-29T02:08:07Z,98.9,Versa 4
2026-05-29T02:09:07Z,93.4,Versa 4
2026-05-29T02:10:07Z,88.3,Versa 4
2026-05-29T02:11:07Z,84.9,Versa 4
2026-05-29T02:12:07Z,83.2,Versa 4
2026-05-29T02:13:07Z,82.0,Versa 4
2026-05-29T02:14:07Z,81.4,Versa 4
2026-05-29T02:15:07Z,81.0,Versa 4
2026-05-29T02:16:07Z,80.6,Versa 4
2026-05-29T02:17:07Z,80.4,Versa 4
2026-05-29T02:18:07Z,80.4,Versa 4
2026-05-29T02:19:07Z,80.3,Versa 4
2026-05-29T02:20:07Z,80.2,Versa 4
2026-05-29T02:21:07Z,80.2,Versa 4
2026-05-29T02:22:07Z,80.3,Versa 4
2026-05-29T02:23:07Z,80.2,Versa 4
2026-05-29T02:24:07Z,80.1,Versa 4
2026-05-29T02:25:07Z,80.1,Versa 4
2026-05-29T02:26:07Z,80.1,Versa 4
2026-05-29T02:27:07Z,80.1,Versa 4
2026-05-29T02:28:07Z,80.1,Versa 4
2026-05-29T02:29:07Z,80.1,Versa 4
2026-05-29T02:30:07Z,80.0,Versa 4
2026-05-29T02:31:07Z,79.9,Versa 4
2026-05-29T02:32:07Z,79.8,Versa 4
2026-05-29T02:33:07Z,79.9,Versa 4
2026-05-29T02:34:07Z,80.2,Versa 4
2026-05-29T02:35:07Z,80.3,Versa 4
2026-05-29T02:36:07Z,80.5,Versa 4
2026-05-29T02:37:07Z,80.4,Versa 4
2026-05-29T02:38:07Z,80.2,Versa 4
2026-05-29T02:39:07Z,80.3,Versa 4
2026-05-29T02:40:07Z,80.6,Versa 4
2026-05-29T02:41:07Z,80.4,Versa 4
2026-05-29T02:42:07Z,80.2,Versa 4
2026-05-29T02:43:07Z,80.3,Versa 4
2026-05-29T02:44:07Z,80.2,Versa 4
2026-05-29T02:45:07Z,80.1,Versa 4
2026-05-29T02:46:07Z,80.2,Versa 4
2026-05-29T02:47:07Z,80.3,Versa 4
2026-05-29T02:48:07Z,80.3,Versa 4
2026-05-29T02:49:07Z,80.3,Versa 4
2026-05-29T02:50:07Z,80.3,Versa 4
2026-05-29T02:51:07Z,80.1,Versa 4
2026-05-29T02:52:07Z,80.2,Versa 4
2026-05-29T02:53:07Z,50.0,Versa 4
2026-05-29T02:54:07Z,81.4,Versa 4
2026-05-29T02:55:07Z,84.2,Versa 4
2026-05-29T02:56:07Z,86.0,Versa 4
2026-05-29T02:57:07Z,88.4,Versa 4
2026-05-29T02:58:07Z,90.9,Versa 4
2026-05-29T02:59:07Z,92.0,Versa 4
2026-05-29T03:00:07Z,93.8,Versa 4
2026-05-29T03:01:07Z,95.3,Versa 4
2026-05-29T03:02:07Z,50.0,Versa 4
2026-05-29T03:03:07Z,95.9,Versa 4
2026-05-29T03:04:07Z,96.0,Versa 4
2026-05-29T03:05:07Z,96.1,Versa 4
2026-05-29T03:06:07Z,96.3,Versa 4
2026-05-29T03:07:07Z,97.1,Versa 4
2026-05-29T03:08:07Z,97.5,Versa 4
2026-05-29T03:09:07Z,97.5,Versa 4
2026-05-29T03:10:07Z,97.7,Versa 4
2026-05-29T03:11:07Z,98.0,Versa 4
2026-05-29T03:12:07Z,98.3,Versa 4
2026-05-29T03:13:07Z,50.0,Versa 4
2026-05-29T03:14:07Z,97.9,Versa 4
2026-05-29T03:15:07Z,97.3,Versa 4
2026-05-29T03:16:07Z,50.0,Versa 4
2026-05-29T03:17:07Z,96.9,Versa 4
2026-05-29T03:18:07Z,96.8,Versa 4
2026-05-29T03:19:07Z,96.8,Versa 4
2026-05-29T03:20:07Z,50.0,Versa 4
2026-05-29T03:21:07Z,96.7,Versa 4
2026-05-29T03:22:07Z,96.2,Versa 4
2026-05-29T03:23:07Z,96.4,Versa 4
2026-05-29T03:24:07Z,96.1,Versa 4
2026-05-29T03:25:07Z,50.0,Versa 4
2026-05-29T03:26:07Z,94.3,Versa 4
2026-05-29T03:27:07Z,84.8,Versa 4
2026-05-29T03:28:07Z,80.2,Versa 4
2026-05-29T03:29:07Z,78.0,Versa 4
2026-05-29T03:30:07Z,77.8,Versa 4
2026-05-29T03:31:07Z,79.2,Versa 4
2026-05-29T03:32:07Z,79.9,Versa 4
2026-05-29T03:33:07Z,79.9,Versa 4
2026-05-29T03:34:07Z,80.5,Versa 4
2026-05-29T03:35:07Z,83.9,Versa 4
2026-05-29T03:36:07Z,86.8,Versa 4
2026-05-29T03:37:07Z,89.1,Versa 4
2026-05-29T03:38:07Z,91.2,Versa 4
2026-05-29T03:39:07Z,50.0,Versa 4
2026-05-29T03:40:07Z,92.9,Versa 4
2026-05-29T03:41:07Z,50.0,Versa 4
2026-05-29T03:42:07Z,94.6,Versa 4
2026-05-29T03:43:07Z,95.4,Versa 4
2026-05-29T03:44:07Z,97.4,Versa 4
2026-05-29T03:45:07Z,98.7,Versa 4
2026-05-29T03:46:07Z,99.2,Versa 4
2026-05-29T03:47:07Z,99.8,Versa 4
2026-05-29T03:48:07Z,50.0,Versa 4
2026-05-29T03:49:07Z,50.0,Versa 4
2026-05-29T03:50:07Z,99.8,Versa 4
2026-05-29T03:51:07Z,99.3,Versa 4
2026-05-29T03:52:07Z,98.8,Versa 4
2026-05-29T03:53:07Z,50.0,Versa 4
2026-05-29T03:54:07Z,98.5,Versa 4
2026-05-29T03:55:07Z,98.2,Versa 4
2026-05-29T03:56:07Z,50.0,Versa 4
2026-05-29T03:57:07Z,97.7,Versa 4
2026-05-29T03:58:07Z,97.4,Versa 4
2026-05-29T03:59:07Z,50.0,Versa 4
2026-05-29T04:00:07Z,97.5,Versa 4
2026-05-29T04:01:07Z,97.2,Versa 4
2026-05-29T04:02:07Z,97.8,Versa 4
2026-05-29T04:03:07Z,98.1,Versa 4
2026-05-29T04:04:07Z,97.9,Versa 4
2026-05-29T04:05:07Z,98.4,Versa 4
2026-05-29T04:06:07Z,98.6,Versa 4
2026-05-29T04:07:07Z,99.8,Versa 4
2026-05-29T04:08:07Z,100.0,Versa 4
2026-05-29T04:09:07Z,100.0,Versa 4
2026-05-29T04:10:07Z,100.0,Versa 4
2026-05-29T04:11:07Z,100.0,Versa 4
2026-05-29T04:12:07Z,100.0,Versa 4
2026-05-29T04:13:07Z,100.0,Versa 4
2026-05-29T04:14:07Z,100.0,Versa 4
2026-05-29T04:15:07Z,100.0,Versa 4
2026-05-29T04:16:07Z,100.0,Versa 4
2026-05-29T04:17:07Z,99.9,Versa 4
2026-05-29T04:18:07Z,99.9,Versa 4
2026-05-29T04:19:07Z,99.8,Versa 4
2026-05-29T04:20:07Z,99.7,Versa 4
2026-05-29T04:21:07Z,99.7,Versa 4
2026-05-29T04:22:07Z,99.3,Versa 4
2026-05-29T04:23:07Z,99.2,Versa 4
2026-05-29T04:24:07Z,99.2,Versa 4
2026-05-29T04:25:07Z,99.1,Versa 4
2026-05-29T04:26:07Z,99.1,Versa 4
2026-05-29T04:27:07Z,99.0,Versa 4
2026-05-29T04:28:07Z,99.0,Versa 4
2026-05-29T04:29:07Z,98.7,Versa 4
2026-05-29T04:30:07Z,98.7,Versa 4
2026-05-29T04:31:07Z,98.9,Versa 4
2026-05-29T04:32:07Z,98.8,Versa 4
2026-05-29T04:33:07Z,98.9,Versa 4
2026-05-29T04:34:07Z,99.1,Versa 4
2026-05-29T04:35:07Z,99.3,Versa 4
2026-05-29T04:36:07Z,99.3,Versa 4
2026-05-29T04:37:07Z,99.0,Versa 4
2026-05-29T04:38:07Z,99.0,Versa 4
2026-05-29T04:39:07Z,99.1,Versa 4
2026-05-29T04:40:07Z,99.1,Versa 4
2026-05-29T04:41:07Z,99.2,Versa 4
2026-05-29T04:42:07Z,99.3,Versa 4
2026-05-29T04:43:07Z,99.4,Versa 4
2026-05-29T04:44:07Z,99.5,Versa 4
2026-05-29T04:45:07Z,99.8,Versa 4
2026-05-29T04:46:07Z,99.8,Versa 4
2026-05-29T04:47:07Z,99.8,Versa 4
2026-05-29T04:48:07Z,99.9,Versa 4
2026-05-29T04:49:07Z,100.0,Versa 4
2026-05-29T04:50:07Z,100.0,Versa 4
2026-05-29T04:51:07Z,100.0,Versa 4
2026-05-29T04:52:07Z,100.0,Versa 4
2026-05-29T04:53:07Z,100.0,Versa 4
2026-05-29T04:54:07Z,100.0,Versa 4
2026-05-29T04:55:07Z,100.0,Versa 4
2026-05-29T04:56:07Z,100.0,Versa 4
2026-05-29T04:57:07Z,100.0,Versa 4
2026-05-29T04:58:07Z,100.0,Versa 4
2026-05-29T04:59:07Z,50.0,Versa 4
2026-05-29T05:00:07Z,50.0,Versa 4
2026-05-29T05:01:07Z,100.0,Versa 4
2026-05-29T05:02:07Z,50.0,Versa 4
2026-05-29T05:03:07Z,99.4,Versa 4
2026-05-29T05:04:07Z,98.5,Versa 4
2026-05-29T05:05:07Z,97.8,Versa 4
2026-05-29T05:06:07Z,97.3,Versa 4
2026-05-29T05:07:07Z,97.1,Versa 4
2026-05-29T05:08:07Z,96.8,Versa 4
2026-05-29T05:09:07Z,96.8,Versa 4
2026-05-29T05:10:07Z,96.6,Versa 4
2026-05-29T05:11:07Z,50.0,Versa 4
2026-05-29T05:12:07Z,96.8,Versa 4
2026-05-29T05:13:07Z,97.0,Versa 4
2026-05-29T05:14:07Z,50.0,Versa 4
2026-05-29T05:15:07Z,97.6,Versa 4
2026-05-29T05:16:07Z,97.9,Versa 4
2026-05-29T05:17:07Z,50.0,Versa 4
2026-05-29T05:18:07Z,98.3,Versa 4
2026-05-29T05:19:07Z,98.6,Versa 4
2026-05-29T05:20:07Z,98.8,Versa 4
2026-05-29T05:21:07Z,99.0,Versa 4
2026-05-29T05:22:07Z,99.4,Versa 4
2026-05-29T05:23:07Z,50.0,Versa 4
2026-05-29T05:24:07Z,99.4,Versa 4
2026-05-29T05:25:07Z,50.0,Versa 4
2026-05-29T05:26:07Z,98.8,Versa 4
2026-05-29T05:27:07Z,50.0,Versa 4
2026-05-29T05:28:07Z,97.4,Versa 4
2026-05-29T05:29:07Z,98.1,Versa 4
2026-05-29T05:30:07Z,99.6,Versa 4
2026-05-29T05:31:07Z,50.0,Versa 4
2026-05-29T05:32:07Z,50.0,Versa 4
2026-05-29T05:33:07Z,98.4,Versa 4
2026-05-29T05:34:07Z,98.7,Versa 4
2026-05-29T05:35:07Z,98.6,Versa 4
2026-05-29T05:36:07Z,99.2,Versa 4
2026-05-29T05:37:07Z,98.7,Versa 4
2026-05-29T05:38:07Z,50.0,Versa 4
2026-05-29T05:39:07Z,98.2,Versa 4
2026-05-29T05:40:07Z,97.9,Versa 4
2026-05-29T05:41:07Z,97.7,Versa 4
2026-05-29T05:42:07Z,97.3,Versa 4
2026-05-29T05:43:07Z,97.5,Versa 4
2026-05-29T05:44:07Z,50.0,Versa 4
2026-05-29T05:45:07Z,50.0,Versa 4
2026-05-29T05:46:07Z,50.0,Versa 4
2026-05-29T05:47:07Z,50.0,Versa 4
2026-05-29T05:48:07Z,50.0,Versa 4
2026-05-29T05:49:07Z,50.0,Versa 4
2026-05-29T05:50:07Z,50.0,Versa 4
2026-05-29T05:51:07Z,50.0,Versa 4
2026-05-29T05:52:07Z,50.0,Versa 4
2026-05-29T05:53:07Z,50.0,Versa 4
2026-05-29T05:54:07Z,50.0,Versa 4
2026-05-29T05:55:07Z,50.0,Versa 4
2026-05-29T05:56:07Z,50.0,Versa 4
2026-05-29T05:57:07Z,50.0,Versa 4
2026-05-29T05:58:07Z,50.0,Versa 4
2026-05-29T05:59:07Z,50.0,Versa 4
2026-05-29T06:00:07Z,50.0,Versa 4
2026-05-29T06:01:07Z,50.0,Versa 4
2026-05-29T06:02:07Z,50.0,Versa 4
2026-05-29T06:03:07Z,50.0,Versa 4
2026-05-29T06:04:07Z,50.0,Versa 4
2026-05-29T06:05:07Z,50.0,Versa 4
2026-05-29T22:57:03Z,98.7,Versa 4
2026-05-29T22:58:03Z,97.7,Versa 4
2026-05-29T22:59:03Z,96.0,Versa 4
2026-05-29T23:00:03Z,94.3,Versa 4
2026-05-29T23:01:03Z,92.6,Versa 4
2026-05-29T23:02:03Z,90.9,Versa 4
2026-05-29T23:03:03Z,89.2,Versa 4
2026-05-29T23:04:03Z,87.6,Versa 4
2026-05-29T23:05:03Z,86.1,Versa 4
2026-05-29T23:06:03Z,85.0,Versa 4
2026-05-29T23:07:03Z,83.8,Versa 4
2026-05-29T23:08:03Z,82.8,Versa 4
2026-05-29T23:09:03Z,81.6,Versa 4
2026-05-29T23:10:03Z,80.6,Versa 4
2026-05-29T23:11:03Z,79.7,Versa 4
2026-05-29T23:12:03Z,78.9,Versa 4
2026-05-29T23:13:03Z,78.1,Versa 4
2026-05-29T23:14:03Z,50.0,Versa 4
2026-05-29T23:15:03Z,50.0,Versa 4
2026-05-29T23:16:03Z,82.9,Versa 4
2026-05-29T23:17:03Z,87.1,Versa 4
2026-05-29T23:18:03Z,50.0,Versa 4
2026-05-29T23:19:03Z,90.0,Versa 4
2026-05-29T23:20:03Z,90.2,Versa 4
2026-05-29T23:21:03Z,92.0,Versa 4
2026-05-29T23:22:03Z,93.4,Versa 4
2026-05-29T23:23:03Z,94.3,Versa 4
2026-05-29T23:24:03Z,95.0,Versa 4
2026-05-29T23:25:03Z,95.6,Versa 4
2026-05-29T23:26:03Z,95.9,Versa 4
2026-05-29T23:27:03Z,96.3,Versa 4
2026-05-29T23:28:03Z,96.6,Versa 4
2026-05-29T23:29:03Z,96.8,Versa 4
2026-05-29T23:30:03Z,96.9,Versa 4
2026-05-29T23:31:03Z,97.1,Versa 4
2026-05-29T23:32:03Z,97.2,Versa 4
2026-05-29T23:33:03Z,97.3,Versa 4
2026-05-29T23:34:03Z,97.3,Versa 4
2026-05-29T23:35:03Z,97.4,Versa 4
2026-05-29T23:36:03Z,97.4,Versa 4
2026-05-29T23:37:03Z,97.5,Versa 4
2026-05-29T23:38:03Z,97.6,Versa 4
2026-05-29T23:39:03Z,97.7,Versa 4
2026-05-29T23:40:03Z,97.8,Versa 4
2026-05-29T23:41:03Z,97.9,Versa 4
2026-05-29T23:42:03Z,97.9,Versa 4
2026-05-29T23:43:03Z,97.9,Versa 4
2026-05-29T23:44:03Z,97.7,Versa 4
2026-05-29T23:45:03Z,97.7,Versa 4
2026-05-29T23:46:03Z,97.7,Versa 4
2026-05-29T23:47:03Z,98.0,Versa 4
2026-05-29T23:48:03Z,97.9,Versa 4
2026-05-29T23:49:03Z,98.0,Versa 4
2026-05-29T23:50:03Z,98.2,Versa 4
2026-05-29T23:51:03Z,98.2,Versa 4
2026-05-29T23:52:03Z,98.5,Versa 4
2026-05-29T23:53:03Z,98.3,Versa 4
2026-05-29T23:54:03Z,97.9,Versa 4
2026-05-29T23:55:03Z,98.2,Versa 4
2026-05-29T23:56:03Z,98.2,Versa 4
2026-05-29T23:57:03Z,97.8,Versa 4
2026-05-29T23:58:03Z,97.5,Versa 4
2026-05-29T23:59:03Z,97.3,Versa 4
2026-05-30T00:00:03Z,97.6,Versa 4
2026-05-30T00:01:03Z,97.6,Versa 4
2026-05-30T00:02:03Z,97.6,Versa 4
2026-05-30T00:03:03Z,98.0,Versa 4
2026-05-30T00:04:03Z,98.2,Versa 4
2026-05-30T00:05:03Z,97.9,Versa 4
2026-05-30T00:06:03Z,97.5,Versa 4
2026-05-30T00:07:03Z,50.0,Versa 4
2026-05-30T00:08:03Z,94.5,Versa 4
2026-05-30T00:09:03Z,50.0,Versa 4
2026-05-30T00:10:03Z,50.0,Versa 4
2026-05-30T00:11:03Z,87.0,Versa 4
2026-05-30T00:12:03Z,81.4,Versa 4
2026-05-30T00:13:03Z,50.0,Versa 4
2026-05-30T00:14:03Z,50.0,Versa 4
2026-05-30T00:15:03Z,79.4,Versa 4
2026-05-30T00:16:03Z,80.4,Versa 4
2026-05-30T00:17:03Z,82.6,Versa 4
2026-05-30T00:18:03Z,50.0,Versa 4
2026-05-30T00:19:03Z,83.2,Versa 4
2026-05-30T00:20:03Z,86.8,Versa 4
2026-05-30T00:21:03Z,89.0,Versa 4
2026-05-30T00:22:03Z,90.0,Versa 4
2026-05-30T00:23:03Z,88.1,Versa 4
2026-05-30T00:24:03Z,88.0,Versa 4
2026-05-30T00:25:03Z,86.8,Versa 4
2026-05-30T00:26:03Z,50.0,Versa 4
2026-05-30T00:27:03Z,88.8,Versa 4
2026-05-30T00:28:03Z,94.8,Versa 4
2026-05-30T00:29:03Z,97.6,Versa 4
2026-05-30T00:30:03Z,98.6,Versa 4
2026-05-30T00:31:03Z,99.7,Versa 4
2026-05-30T00:32:03Z,100.0,Versa 4
2026-05-30T00:33:03Z,99.1,Versa 4
2026-05-30T00:34:03Z,98.4,Versa 4
2026-05-30T00:35:03Z,97.6,Versa 4
2026-05-30T00:36:03Z,96.8,Versa 4
2026-05-30T00:37:03Z,97.2,Versa 4
2026-05-30T00:38:03Z,97.2,Versa 4
2026-05-30T00:39:03Z,50.0,Versa 4
2026-05-30T00:40:03Z,98.2,Versa 4
2026-05-30T00:41:03Z,99.0,Versa 4
2026-05-30T00:42:03Z,99.2,Versa 4
2026-05-30T00:43:03Z,99.7,Versa 4
2026-05-30T00:44:03Z,99.9,Versa 4
2026-05-30T00:45:03Z,100.0,Versa 4
2026-05-30T00:46:03Z,100.0,Versa 4
2026-05-30T00:47:03Z,100.0,Versa 4
2026-05-30T00:48:03Z,100.0,Versa 4
2026-05-30T00:49:03Z,100.0,Versa 4
2026-05-30T00:50:03Z,100.0,Versa 4
2026-05-30T00:51:03Z,100.0,Versa 4
2026-05-30T00:52:03Z,100.0,Versa 4
2026-05-30T00:53:03Z,100.0,Versa 4
2026-05-30T00:54:03Z,100.0,Versa 4
2026-05-30T00:55:03Z,100.0,Versa 4
2026-05-30T00:56:03Z,100.0,Versa 4
2026-05-30T00:57:03Z,100.0,Versa 4
2026-05-30T00:58:03Z,100.0,Versa 4
2026-05-30T00:59:03Z,100.0,Versa 4
2026-05-30T01:00:03Z,100.0,Versa 4
2026-05-30T01:01:03Z,100.0,Versa 4
2026-05-30T01:02:03Z,100.0,Versa 4
2026-05-30T01:03:03Z,100.0,Versa 4
2026-05-30T01:04:03Z,100.0,Versa 4
2026-05-30T01:05:03Z,100.0,Versa 4
2026-05-30T01:06:03Z,100.0,Versa 4
2026-05-30T01:07:03Z,98.3,Versa 4
2026-05-30T01:08:03Z,96.7,Versa 4
2026-05-30T01:09:03Z,95.1,Versa 4
2026-05-30T01:10:03Z,93.4,Versa 4
2026-05-30T01:11:03Z,91.9,Versa 4
2026-05-30T01:12:03Z,91.3,Versa 4
2026-05-30T01:13:03Z,91.3,Versa 4
2026-05-30T01:14:03Z,89.9,Versa 4
2026-05-30T01:15:03Z,89.4,Versa 4
2026-05-30T01:16:03Z,89.4,Versa 4
2026-05-30T01:17:03Z,89.4,Versa 4
2026-05-30T01:18:03Z,87.6,Versa 4
2026-05-30T01:19:03Z,86.7,Versa 4
2026-05-30T01:20:03Z,87.4,Versa 4
2026-05-30T01:21:03Z,86.9,Versa 4
2026-05-30T01:22:03Z,86.2,Versa 4
2026-05-30T01:23:03Z,86.6,Versa 4
2026-05-30T01:24:03Z,86.0,Versa 4
2026-05-30T01:25:03Z,85.6,Versa 4
2026-05-30T01:26:03Z,50.0,Versa 4
2026-05-30T01:27:03Z,88.2,Versa 4
2026-05-30T01:28:03Z,91.9,Versa 4
2026-05-30T01:29:03Z,94.2,Versa 4
2026-05-30T01:30:03Z,95.5,Versa 4
2026-05-30T01:31:03Z,50.0,Versa 4
2026-05-30T01:32:03Z,96.5,Versa 4
2026-05-30T01:33:03Z,50.0,Versa 4
2026-05-30T01:34:03Z,97.2,Versa 4
2026-05-30T01:35:03Z,97.2,Versa 4
2026-05-30T01:36:03Z,97.4,Versa 4
2026-05-30T01:37:03Z,98.4,Versa 4
2026-05-30T01:38:03Z,99.8,Versa 4
2026-05-30T01:39:03Z,100.0,Versa 4
2026-05-30T01:40:03Z,50.0,Versa 4
2026-05-30T01:41:03Z,97.3,Versa 4
2026-05-30T01:42:03Z,91.2,Versa 4
2026-05-30T01:43:03Z,85.4,Versa 4
2026-05-30T01:44:03Z,82.8,Versa 4
2026-05-30T01:45:03Z,84.8,Versa 4
2026-05-30T01:46:03Z,50.0,Versa 4
2026-05-30T01:47:03Z,83.3,Versa 4
2026-05-30T01:48:03Z,87.1,Versa 4
2026-05-30T01:49:03Z,88.0,Versa 4
2026-05-30T01:50:03Z,86.4,Versa 4
2026-05-30T01:51:03Z,83.4,Versa 4
2026-05-30T01:52:03Z,82.3,Versa 4
2026-05-30T01:53:03Z,85.8,Versa 4
2026-05-30T01:54:03Z,88.4,Versa 4
2026-05-30T01:55:03Z,50.0,Versa 4
2026-05-30T01:56:03Z,90.5,Versa 4
2026-05-30T01:57:03Z,94.2,Versa 4
2026-05-30T01:58:03Z,96.3,Versa 4
2026-05-30T01:59:03Z,97.2,Versa 4
2026-05-30T02:00:03Z,97.4,Versa 4
2026-05-30T02:01:03Z,97.3,Versa 4
2026-05-30T02:02:03Z,50.0,Versa 4
2026-05-30T02:03:03Z,97.0,Versa 4
2026-05-30T02:04:03Z,96.8,Versa 4
2026-05-30T02:05:03Z,96.9,Versa 4
2026-05-30T02:06:03Z,50.0,Versa 4
2026-05-30T02:07:03Z,97.0,Versa 4
2026-05-30T02:08:03Z,96.6,Versa 4
2026-05-30T02:09:03Z,50.0,Versa 4
2026-05-30T02:10:03Z,50.0,Versa 4
2026-05-30T02:11:03Z,50.0,Versa 4
2026-05-30T02:12:03Z,97.6,Versa 4
2026-05-30T02:13:03Z,97.9,Versa 4
2026-05-30T02:14:03Z,97.9,Versa 4
2026-05-30T02:15:03Z,97.9,Versa 4
2026-05-30T02:16:03Z,98.4,Versa 4
2026-05-30T02:17:03Z,98.3,Versa 4
2026-05-30T02:18:03Z,50.0,Versa 4
2026-05-30T02:19:03Z,98.0,Versa 4
2026-05-30T02:20:03Z,97.9,Versa 4
2026-05-30T02:21:03Z,97.9,Versa 4
2026-05-30T02:22:03Z,50.0,Versa 4
2026-05-30T02:23:03Z,97.8,Versa 4
2026-05-30T02:24:03Z,50.0,Versa 4
2026-05-30T02:25:03Z,97.6,Versa 4
2026-05-30T02:26:03Z,97.2,Versa 4
2026-05-30T02:27:03Z,97.1,Versa 4
2026-05-30T02:28:03Z,96.9,Versa 4
2026-05-30T02:29:03Z,96.9,Versa 4
2026-05-30T02:30:03Z,96.8,Versa 4
2026-05-30T02:31:03Z,96.8,Versa 4
2026-05-30T02:32:03Z,96.8,Versa 4
2026-05-30T02:33:03Z,96.7,Versa 4
2026-05-30T02:34:03Z,96.6,Versa 4
2026-05-30T02:35:03Z,96.7,Versa 4
2026-05-30T02:36:03Z,96.7,Versa 4
2026-05-30T02:37:03Z,96.7,Versa 4
2026-05-30T02:38:03Z,96.6,Versa 4
2026-05-30T02:39:03Z,96.6,Versa 4
2026-05-30T02:40:03Z,96.6,Versa 4
2026-05-30T02:41:03Z,96.6,Versa 4
2026-05-30T02:42:03Z,96.6,Versa 4
2026-05-30T02:43:03Z,96.6,Versa 4
2026-05-30T02:44:03Z,96.5,Versa 4
2026-05-30T02:45:03Z,96.6,Versa 4
2026-05-30T02:46:03Z,96.6,Versa 4
2026-05-30T02:47:03Z,96.5,Versa 4
2026-05-30T02:48:03Z,96.5,Versa 4
2026-05-30T02:49:03Z,96.5,Versa 4
2026-05-30T02:50:03Z,96.5,Versa 4
2026-05-30T02:51:03Z,96.5,Versa 4
2026-05-30T02:52:03Z,96.4,Versa 4
2026-05-30T02:53:03Z,96.4,Versa 4
2026-05-30T02:54:03Z,96.5,Versa 4
2026-05-30T02:55:03Z,96.4,Versa 4
2026-05-30T02:56:03Z,96.4,Versa 4
2026-05-30T02:57:03Z,96.4,Versa 4
2026-05-30T02:58:03Z,96.4,Versa 4
2026-05-30T02:59:03Z,96.4,Versa 4
2026-05-30T03:00:03Z,96.4,Versa 4
2026-05-30T03:01:03Z,96.4,Versa 4
2026-05-30T03:02:03Z,96.4,Versa 4
2026-05-30T03:03:03Z,96.4,Versa 4
2026-05-30T03:04:03Z,96.4,Versa 4
2026-05-30T03:05:03Z,96.4,Versa 4
2026-05-30T03:06:03Z,96.4,Versa 4
2026-05-30T03:07:03Z,96.3,Versa 4
2026-05-30T03:08:03Z,96.4,Versa 4
2026-05-30T03:09:03Z,96.4,Versa 4
2026-05-30T03:10:03Z,96.4,Versa 4
2026-05-30T03:11:03Z,96.4,Versa 4
2026-05-30T03:12:03Z,96.4,Versa 4
2026-05-30T03:13:03Z,96.6,Versa 4
2026-05-30T03:14:03Z,96.8,Versa 4
2026-05-30T03:15:03Z,97.0,Versa 4
2026-05-30T03:16:03Z,97.1,Versa 4
2026-05-30T03:17:03Z,97.1,Versa 4
2026-05-30T03:18:03Z,97.1,Versa 4
2026-05-30T03:19:03Z,97.2,Versa 4
2026-05-30T03:20:03Z,97.2,Versa 4
2026-05-30T03:21:03Z,50.0,Versa 4
2026-05-30T03:22:03Z,50.0,Versa 4
2026-05-30T03:23:03Z,97.3,Versa 4
2026-05-30T03:24:03Z,97.4,Versa 4
2026-05-30T03:25:03Z,97.3,Versa 4
2026-05-30T03:26:03Z,97.4,Versa 4
2026-05-30T03:27:03Z,97.4,Versa 4
2026-05-30T03:28:03Z,97.5,Versa 4
2026-05-30T03:29:03Z,97.6,Versa 4
2026-05-30T03:30:03Z,97.8,Versa 4
2026-05-30T03:31:03Z,50.0,Versa 4
2026-05-30T03:32:03Z,97.8,Versa 4
2026-05-30T03:33:03Z,97.6,Versa 4
2026-05-30T03:34:03Z,50.0,Versa 4
2026-05-30T03:35:03Z,97.7,Versa 4
2026-05-30T03:36:03Z,98.2,Versa 4
2026-05-30T03:37:03Z,98.2,Versa 4
2026-05-30T03:38:03Z,98.3,Versa 4
2026-05-30T03:39:03Z,98.2,Versa 4
2026-05-30T03:40:03Z,50.0,Versa 4
2026-05-30T03:41:03Z,98.2,Versa 4
2026-05-30T03:42:03Z,98.2,Versa 4
2026-05-30T03:43:03Z,98.0,Versa 4
2026-05-30T03:44:03Z,98.0,Versa 4
2026-05-30T03:45:03Z,98.0,Versa 4
2026-05-30T03:46:03Z,50.0,Versa 4
2026-05-30T03:47:03Z,98.0,Versa 4
2026-05-30T03:48:03Z,98.0,Versa 4
2026-05-30T03:49:03Z,97.9,Versa 4
2026-05-30T03:50:03Z,97.9,Versa 4
2026-05-30T03:51:03Z,50.0,Versa 4
2026-05-30T03:52:03Z,98.1,Versa 4
2026-05-30T03:53:03Z,98.2,Versa 4
2026-05-30T03:54:03Z,98.0,Versa 4
2026-05-30T03:55:03Z,50.0,Versa 4
2026-05-30T03:56:03Z,97.8,Versa 4
2026-05-30T03:57:03Z,97.6,Versa 4
2026-05-30T03:58:03Z,97.5,Versa 4
2026-05-30T03:59:03Z,97.5,Versa 4
2026-05-30T04:00:03Z,97.5,Versa 4
2026-05-30T04:01:03Z,97.6,Versa 4
2026-05-30T04:02:03Z,97.6,Versa 4
2026-05-30T04:03:03Z,97.7,Versa 4
2026-05-30T04:04:03Z,97.7,Versa 4
2026-05-30T04:05:03Z,97.7,Versa 4
2026-05-30T04:06:03Z,97.6,Versa 4
2026-05-30T04:07:03Z,97.6,Versa 4
2026-05-30T04:08:03Z,97.7,Versa 4
2026-05-30T04:09:03Z,97.6,Versa 4
2026-05-30T04:10:03Z,97.6,Versa 4
2026-05-30T04:11:03Z,97.6,Versa 4
2026-05-30T04:12:03Z,97.6,Versa 4
2026-05-30T04:13:03Z,97.6,Versa 4
2026-05-30T04:14:03Z,97.6,Versa 4
2026-05-30T04:15:03Z,97.6,Versa 4
2026-05-30T04:16:03Z,97.6,Versa 4
2026-05-30T04:17:03Z,97.5,Versa 4
2026-05-30T04:18:03Z,97.5,Versa 4
2026-05-30T04:19:03Z,97.5,Versa 4
2026-05-30T04:20:03Z,97.5,Versa 4
2026-05-30T04:21:03Z,50.0,Versa 4
2026-05-30T04:22:03Z,50.0,Versa 4
2026-05-30T04:23:03Z,95.0,Versa 4
2026-05-30T04:24:03Z,93.7,Versa 4
2026-05-30T04:25:03Z,88.7,Versa 4
2026-05-30T04:26:03Z,85.4,Versa 4
2026-05-30T04:27:03Z,82.2,Versa 4
2026-05-30T04:28:03Z,80.7,Versa 4
2026-05-30T04:29:03Z,80.0,Versa 4
2026-05-30T04:30:03Z,78.5,Versa 4
2026-05-30T04:31:03Z,50.0,Versa 4
2026-05-30T04:32:03Z,50.0,Versa 4
2026-05-30T04:33:03Z,80.1,Versa 4
2026-05-30T04:34:03Z,86.0,Versa 4
2026-05-30T04:35:03Z,50.0,Versa 4
2026-05-30T04:36:03Z,93.0,Versa 4
2026-05-30T04:37:03Z,50.0,Versa 4
2026-05-30T04:38:03Z,96.2,Versa 4
2026-05-30T04:39:03Z,50.0,Versa 4
2026-05-30T04:40:03Z,97.7,Versa 4
2026-05-30T04:41:03Z,97.4,Versa 4
2026-05-30T04:42:03Z,97.5,Versa 4
2026-05-30T04:43:03Z,50.0,Versa 4
2026-05-30T04:44:03Z,97.8,Versa 4
2026-05-30T04:45:03Z,97.7,Versa 4
2026-05-30T04:46:03Z,98.1,Versa 4
2026-05-30T04:47:03Z,98.1,Versa 4
2026-05-30T04:48:03Z,98.4,Versa 4
2026-05-30T04:49:03Z,98.7,Versa 4
2026-05-30T04:50:03Z,98.7,Versa 4
2026-05-30T04:51:03Z,98.7,Versa 4
2026-05-30T04:52:03Z,50.0,Versa 4
2026-05-30T04:53:03Z,99.3,Versa 4
2026-05-30T04:54:03Z,99.9,Versa 4
2026-05-30T04:55:03Z,100.0,Versa 4
2026-05-30T04:56:03Z,50.0,Versa 4
2026-05-30T04:57:03Z,100.0,Versa 4
2026-05-30T04:58:03Z,99.7,Versa 4
2026-05-30T04:59:03Z,99.4,Versa 4
2026-05-30T05:00:03Z,50.0,Versa 4
2026-05-30T05:01:03Z,99.0,Versa 4
2026-05-30T05:02:03Z,98.9,Versa 4
2026-05-30T05:03:03Z,98.8,Versa 4
2026-05-30T05:04:03Z,98.8,Versa 4
2026-05-30T05:05:03Z,98.9,Versa 4
2026-05-30T05:06:03Z,98.9,Versa 4
2026-05-30T05:07:03Z,99.7,Versa 4
2026-05-30T05:08:03Z,99.2,Versa 4
2026-05-30T05:09:03Z,99.1,Versa 4
2026-05-30T05:10:03Z,99.2,Versa 4
2026-05-30T05:11:03Z,99.3,Versa 4
2026-05-30T05:12:03Z,99.5,Versa 4
2026-05-30T05:13:03Z,50.0,Versa 4
2026-05-30T05:14:03Z,99.5,Versa 4
2026-05-30T05:15:03Z,50.0,Versa 4
2026-05-30T05:16:03Z,99.2,Versa 4
2026-05-30T05:17:03Z,98.5,Versa 4
2026-05-30T05:18:03Z,98.0,Versa 4
2026-05-30T05:19:03Z,97.6,Versa 4
2026-05-30T05:20:03Z,97.5,Versa 4
2026-05-30T05:21:03Z,97.5,Versa 4
2026-05-30T05:22:03Z,97.5,Versa 4
2026-05-30T05:23:03Z,50.0,Versa 4
2026-05-30T05:24:03Z,97.8,Versa 4
2026-05-30T05:25:03Z,98.0,Versa 4
2026-05-30T05:26:03Z,98.2,Versa 4
2026-05-30T05:27:03Z,98.2,Versa 4
2026-05-30T05:28:03Z,98.4,Versa 4
2026-05-30T05:29:03Z,98.5,Versa 4
2026-05-30T05:30:03Z,98.6,Versa 4
2026-05-30T05:31:03Z,98.6,Versa 4
2026-05-30T05:32:03Z,98.6,Versa 4
2026-05-30T05:33:03Z,98.7,Versa 4
2026-05-30T05:34:03Z,99.0,Versa 4
2026-05-30T05:35:03Z,99.0,Versa 4
2026-05-30T05:36:03Z,98.8,Versa 4
2026-05-30T05:37:03Z,98.8,Versa 4
2026-05-30T05:38:03Z,98.9,Versa 4
2026-05-30T05:39:03Z,98.8,Versa 4
2026-05-30T05:40:03Z,98.9,Versa 4
2026-05-30T05:41:03Z,99.0,Versa 4
2026-05-30T05:42:03Z,98.8,Versa 4
2026-05-30T05:43:03Z,98.7,Versa 4
2026-05-30T05:44:03Z,98.7,Versa 4
2026-05-30T05:45:03Z,98.5,Versa 4
2026-05-30T05:46:03Z,98.5,Versa 4
2026-05-30T05:47:03Z,98.5,Versa 4
2026-05-30T05:48:03Z,98.6,Versa 4
2026-05-30T05:49:03Z,98.7,Versa 4
2026-05-30T05:50:03Z,98.7,Versa 4
2026-05-30T05:51:03Z,98.6,Versa 4
2026-05-30T05:52:03Z,98.5,Versa 4
2026-05-30T05:53:03Z,98.5,Versa 4
2026-05-30T05:54:03Z,98.4,Versa 4
2026-05-30T05:55:03Z,98.4,Versa 4
2026-05-30T05:56:03Z,98.3,Versa 4
2026-05-30T05:57:03Z,98.3,Versa 4
2026-05-30T05:58:03Z,98.2,Versa 4
2026-05-30T05:59:03Z,98.2,Versa 4
2026-05-30T06:00:03Z,98.1,Versa 4
2026-05-30T06:01:03Z,98.1,Versa 4
2026-05-30T06:02:03Z,98.0,Versa 4
2026-05-30T06:03:03Z,97.8,Versa 4
2026-05-30T06:04:03Z,97.8,Versa 4
2026-05-30T06:05:03Z,97.7,Versa 4
2026-05-30T06:06:03Z,97.6,Versa 4
2026-05-30T06:07:03Z,97.6,Versa 4
2026-05-30T06:08:03Z,97.5,Versa 4
2026-05-30T06:09:03Z,97.4,Versa 4
2026-05-30T06:10:03Z,97.5,Versa 4
2026-05-30T06:11:03Z,97.4,Versa 4
2026-05-30T06:12:03Z,97.2,Versa 4
2026-05-30T06:13:03Z,97.2,Versa 4
2026-05-30T06:14:03Z,97.3,Versa 4
2026-05-30T06:15:03Z,97.3,Versa 4
2026-05-30T06:16:03Z,97.4,Versa 4
2026-05-30T06:17:03Z,95.7,Versa 4
2026-05-30T06:18:03Z,96.0,Versa 4
2026-05-30T06:19:03Z,97.7,Versa 4
2026-05-30T06:20:03Z,99.1,Versa 4
2026-05-30T06:21:03Z,99.4,Versa 4
2026-05-30T06:22:03Z,99.7,Versa 4
2026-05-30T06:23:03Z,99.1,Versa 4
2026-05-30T06:24:03Z,98.2,Versa 4
2026-05-30T06:25:03Z,50.0,Versa 4
2026-05-30T06:26:03Z,50.0,Versa 4
2026-05-30T06:27:03Z,97.7,Versa 4
2026-05-30T06:28:03Z,98.5,Versa 4
2026-05-30T06:29:03Z,99.5,Versa 4
2026-05-30T06:30:03Z,100.0,Versa 4
2026-05-30T06:31:03Z,100.0,Versa 4
2026-05-30T06:32:03Z,100.0,Versa 4
2026-05-30T06:33:03Z,98.9,Versa 4
2026-05-30T06:34:03Z,97.8,Versa 4
2026-05-30T06:35:03Z,50.0,Versa 4
2026-05-30T06:36:03Z,50.0,Versa 4
2026-05-30T06:37:03Z,97.7,Versa 4
2026-05-30T06:38:03Z,50.0,Versa 4
2026-05-30T06:39:03Z,50.0,Versa 4
2026-05-30T06:40:03Z,98.4,Versa 4
2026-05-30T06:41:03Z,50.0,Versa 4
2026-05-30T06:42:03Z,50.0,Versa 4
2026-05-30T06:43:03Z,50.0,Versa 4
2026-05-30T06:44:03Z,50.0,Versa 4
2026-05-30T06:45:03Z,97.5,Versa 4
2026-05-30T06:46:03Z,96.7,Versa 4
2026-05-30T06:47:03Z,96.2,Versa 4
2026-05-30T06:48:03Z,50.0,Versa 4
2026-05-30T06:49:03Z,96.5,Versa 4
2026-05-30T06:50:03Z,96.8,Versa 4
2026-05-30T06:51:03Z,97.0,Versa 4
2026-05-30T06:52:03Z,96.9,Versa 4
2026-05-30T06:53:03Z,50.0,Versa 4
2026-05-30T06:54:03Z,50.0,Versa 4
2026-05-30T06:55:03Z,50.0,Versa 4
2026-05-30T06:56:03Z,96.4,Versa 4
2026-05-30T06:57:03Z,96.2,Versa 4
2026-05-30T06:58:03Z,50.0,Versa 4
2026-05-30T06:59:03Z,96.3,Versa 4
2026-05-30T07:00:03Z,97.0,Versa 4
2026-05-30T07:01:03Z,98.2,Versa 4
2026-05-30T07:02:03Z,50.0,Versa 4
2026-05-30T07:03:03Z,98.9,Versa 4
2026-05-30T07:04:03Z,99.1,Versa 4
2026-05-30T07:05:03Z,99.3,Versa 4
2026-05-30T07:06:03Z,99.1,Versa 4
2026-05-30T07:07:03Z,98.3,Versa 4
2026-05-30T07:08:03Z,97.7,Versa 4
2026-05-30T07:09:03Z,50.0,Versa 4
2026-05-30T07:10:03Z,50.0,Versa 4
2026-05-30T07:11:03Z,50.0,Versa 4
2026-05-30T07:12:03Z,97.6,Versa 4
2026-05-30T07:13:03Z,96.6,Versa 4
2026-05-30T07:14:03Z,50.0,Versa 4
2026-05-30T07:15:03Z,93.1,Versa 4
2026-05-30T07:16:03Z,50.0,Versa 4
2026-05-30T07:17:03Z,50.0,Versa 4
2026-05-30T07:18:03Z,50.0,Versa 4
2026-05-30T07:19:03Z,92.3,Versa 4
2026-05-30T07:20:03Z,50.0,Versa 4
2026-05-30T07:21:03Z,93.1,Versa 4
2026-05-30T07:22:03Z,50.0,Versa 4
2026-05-30T07:23:03Z,50.0,Versa 4
2026-05-30T07:24:03Z,96.0,Versa 4
2026-05-30T07:25:03Z,98.6,Versa 4
2026-05-30T07:26:03Z,99.4,Versa 4
2026-05-30T07:27:03Z,50.0,Versa 4
2026-05-30T07:28:03Z,50.0,Versa 4
2026-05-30T07:29:03Z,99.1,Versa 4
2026-05-30T07:30:03Z,97.6,Versa 4
2026-05-30T07:31:03Z,96.8,Versa 4
2026-05-30T07:32:03Z,50.0,Versa 4
2026-05-30T07:33:03Z,50.0,Versa 4
2026-05-30T07:34:03Z,95.6,Versa 4
2026-05-30T07:35:03Z,50.0,Versa 4
2026-05-30T07:36:03Z,50.0,Versa 4
2026-05-30T07:37:03Z,50.0,Versa 4
2026-05-30T07:38:03Z,50.0,Versa 4
2026-05-30T07:39:03Z,50.0,Versa 4
2026-05-30T07:40:03Z,50.0,Versa 4
2026-05-30T07:41:03Z,94.2,Versa 4
2026-05-30T07:42:03Z,94.5,Versa 4
2026-05-30T07:43:03Z,95.0,Versa 4
2026-05-30T07:44:03Z,50.0,Versa 4
2026-05-30T07:45:03Z,96.2,Versa 4
2026-05-30T07:46:03Z,96.3,Versa 4
2026-05-30T07:47:03Z,96.3,Versa 4
2026-05-30T12:54:06Z,97.9,Versa 4
2026-05-30T12:55:06Z,92.8,Versa 4
2026-05-30T12:56:06Z,50.0,Versa 4
2026-05-30T12:57:06Z,50.0,Versa 4
2026-05-30T12:58:06Z,50.0,Versa 4
2026-05-30T22:23:35Z,98.2,Versa 4
2026-05-30T22:24:35Z,98.5,Versa 4
2026-05-30T22:25:35Z,98.4,Versa 4
2026-05-30T22:26:35Z,98.3,Versa 4
2026-05-30T22:27:35Z,50.0,Versa 4
2026-05-30T22:28:35Z,50.0,Versa 4
2026-05-30T22:29:35Z,50.0,Versa 4
2026-05-30T22:30:35Z,98.1,Versa 4
2026-05-30T23:44:03Z,78.6,Versa 4
2026-05-30T23:45:03Z,79.5,Versa 4
2026-05-30T23:46:03Z,81.2,Versa 4
2026-05-30T23:47:03Z,82.3,Versa 4
2026-05-30T23:48:03Z,82.1,Versa 4
2026-05-30T23:49:03Z,83.1,Versa 4
2026-05-30T23:50:03Z,50.0,Versa 4
2026-05-30T23:51:03Z,50.0,Versa 4
2026-05-30T23:52:03Z,50.0,Versa 4
2026-05-30T23:53:03Z,50.0,Versa 4
2026-05-30T23:54:03Z,50.0,Versa 4
2026-05-30T23:55:03Z,81.9,Versa 4
2026-05-31T00:49:35Z,50.0,Versa 4
2026-05-31T00:50:35Z,85.3,Versa 4
2026-05-31T00:51:35Z,85.3,Versa 4
2026-05-31T00:52:35Z,50.0,Versa 4
2026-05-31T00:53:35Z,86.5,Versa 4
2026-05-31T01:12:08Z,77.9,Versa 4
2026-05-31T01:13:08Z,77.5,Versa 4
2026-05-31T01:14:08Z,77.2,Versa 4
2026-05-31T01:15:08Z,77.2,Versa 4
2026-05-31T01:16:08Z,77.2,Versa 4
2026-05-31T01:17:08Z,77.1,Versa 4
2026-05-31T01:18:08Z,76.3,Versa 4
2026-05-31T01:19:08Z,76.2,Versa 4
2026-05-31T01:20:08Z,76.9,Versa 4
2026-05-31T01:21:08Z,76.3,Versa 4
2026-05-31T01:22:08Z,75.5,Versa 4
2026-05-31T01:23:08Z,75.5,Versa 4
2026-05-31T01:24:08Z,75.2,Versa 4
2026-05-31T01:25:08Z,76.6,Versa 4
2026-05-31T01:26:08Z,76.9,Versa 4
2026-05-31T01:27:08Z,78.3,Versa 4
2026-05-31T01:28:08Z,76.8,Versa 4
2026-05-31T01:29:08Z,76.2,Versa 4
2026-05-31T01:30:08Z,76.6,Versa 4
2026-05-31T01:31:08Z,50.0,Versa 4
2026-05-31T01:32:08Z,76.4,Versa 4
2026-05-31T01:33:08Z,79.3,Versa 4
2026-05-31T01:34:08Z,81.0,Versa 4
2026-05-31T01:35:08Z,79.5,Versa 4
2026-05-31T01:36:08Z,79.8,Versa 4
2026-05-31T01:37:08Z,80.9,Versa 4
2026-05-31T01:38:08Z,81.6,Versa 4
2026-05-31T01:39:08Z,83.5,Versa 4
2026-05-31T01:40:08Z,85.7,Versa 4
2026-05-31T01:41:08Z,86.7,Versa 4
2026-05-31T01:42:08Z,87.5,Versa 4
2026-05-31T01:43:08Z,88.6,Versa 4
2026-05-31T01:44:08Z,88.9,Versa 4
2026-05-31T01:45:08Z,89.8,Versa 4
2026-05-31T01:46:08Z,89.8,Versa 4
2026-05-31T01:47:08Z,91.8,Versa 4
2026-05-31T01:48:08Z,94.2,Versa 4
2026-05-31T01:49:08Z,96.4,Versa 4
2026-05-31T01:50:08Z,97.1,Versa 4
2026-05-31T01:51:08Z,97.3,Versa 4
2026-05-31T01:52:08Z,97.9,Versa 4
2026-05-31T01:53:08Z,97.6,Versa 4
2026-05-31T01:54:08Z,50.0,Versa 4
2026-05-31T01:55:08Z,98.1,Versa 4
2026-05-31T01:56:08Z,97.6,Versa 4
2026-05-31T01:57:08Z,92.4,Versa 4
2026-05-31T01:58:08Z,87.8,Versa 4
2026-05-31T01:59:08Z,85.7,Versa 4
2026-05-31T02:00:08Z,50.0,Versa 4
2026-05-31T02:01:08Z,87.2,Versa 4
2026-05-31T02:02:08Z,89.2,Versa 4
2026-05-31T02:03:08Z,91.3,Versa 4
2026-05-31T02:04:08Z,93.4,Versa 4
2026-05-31T02:05:08Z,94.1,Versa 4
2026-05-31T02:06:08Z,94.3,Versa 4
2026-05-31T02:07:08Z,94.2,Versa 4
2026-05-31T02:08:08Z,94.9,Versa 4
2026-05-31T02:09:08Z,94.3,Versa 4
2026-05-31T02:10:08Z,95.4,Versa 4
2026-05-31T02:11:08Z,95.7,Versa 4
2026-05-31T02:12:08Z,96.3,Versa 4
2026-05-31T02:13:08Z,96.8,Versa 4
2026-05-31T02:14:08Z,97.3,Versa 4
2026-05-31T02:15:08Z,96.5,Versa 4
2026-05-31T02:16:08Z,95.8,Versa 4
2026-05-31T02:17:08Z,95.3,Versa 4
2026-05-31T02:18:08Z,94.9,Versa 4
2026-05-31T02:19:08Z,95.1,Versa 4
2026-05-31T02:20:08Z,95.3,Versa 4
2026-05-31T02:21:08Z,95.6,Versa 4
2026-05-31T02:22:08Z,95.5,Versa 4
2026-05-31T02:23:08Z,94.8,Versa 4
2026-05-31T02:24:08Z,94.5,Versa 4
2026-05-31T02:25:08Z,94.6,Versa 4
2026-05-31T02:26:08Z,94.9,Versa 4
2026-05-31T02:27:08Z,95.1,Versa 4
2026-05-31T02:28:08Z,94.8,Versa 4
2026-05-31T02:29:08Z,94.1,Versa 4
2026-05-31T02:30:08Z,94.5,Versa 4
2026-05-31T02:31:08Z,94.2,Versa 4
2026-05-31T02:32:08Z,93.8,Versa 4
2026-05-31T02:33:08Z,93.3,Versa 4
2026-05-31T02:34:08Z,93.7,Versa 4
2026-05-31T02:35:08Z,93.1,Versa 4
2026-05-31T02:36:08Z,94.6,Versa 4
2026-05-31T02:37:08Z,93.9,Versa 4
2026-05-31T02:38:08Z,93.7,Versa 4
2026-05-31T02:39:08Z,93.9,Versa 4
2026-05-31T02:40:08Z,93.0,Versa 4
2026-05-31T02:41:08Z,92.7,Versa 4
2026-05-31T02:42:08Z,91.9,Versa 4
2026-05-31T02:43:08Z,91.1,Versa 4
2026-05-31T02:44:08Z,91.2,Versa 4
2026-05-31T02:45:08Z,91.2,Versa 4
2026-05-31T02:46:08Z,91.6,Versa 4
2026-05-31T02:47:08Z,92.0,Versa 4
2026-05-31T02:48:08Z,92.3,Versa 4
2026-05-31T02:49:08Z,94.2,Versa 4
2026-05-31T02:50:08Z,94.5,Versa 4
2026-05-31T02:51:08Z,94.3,Versa 4
2026-05-31T02:52:08Z,93.8,Versa 4
2026-05-31T02:53:08Z,93.9,Versa 4
2026-05-31T02:54:08Z,93.6,Versa 4
2026-05-31T02:55:08Z,93.9,Versa 4
2026-05-31T02:56:08Z,93.1,Versa 4
2026-05-31T02:57:08Z,93.0,Versa 4
2026-05-31T02:58:08Z,93.0,Versa 4
2026-05-31T02:59:08Z,93.1,Versa 4
2026-05-31T03:00:08Z,93.1,Versa 4
2026-05-31T03:01:08Z,93.0,Versa 4
2026-05-31T03:02:08Z,91.7,Versa 4
2026-05-31T03:03:08Z,50.0,Versa 4
2026-05-31T03:04:08Z,90.9,Versa 4
2026-05-31T03:05:08Z,90.9,Versa 4
2026-05-31T03:06:08Z,91.5,Versa 4
2026-05-31T03:07:08Z,91.7,Versa 4
2026-05-31T03:08:08Z,93.3,Versa 4
2026-05-31T03:09:08Z,94.9,Versa 4
2026-05-31T03:10:08Z,96.5,Versa 4
2026-05-31T03:11:08Z,97.5,Versa 4
2026-05-31T03:12:08Z,98.3,Versa 4
2026-05-31T03:13:08Z,98.9,Versa 4
2026-05-31T03:14:08Z,99.2,Versa 4
2026-05-31T03:15:08Z,50.0,Versa 4
2026-05-31T03:16:08Z,97.6,Versa 4
2026-05-31T03:17:08Z,84.7,Versa 4
2026-05-31T03:18:08Z,78.3,Versa 4
2026-05-31T03:19:08Z,76.9,Versa 4
2026-05-31T03:20:08Z,76.4,Versa 4
2026-05-31T03:21:08Z,77.3,Versa 4
2026-05-31T03:22:08Z,76.7,Versa 4
2026-05-31T03:23:08Z,76.7,Versa 4
2026-05-31T03:24:08Z,50.0,Versa 4
2026-05-31T03:25:08Z,76.9,Versa 4
2026-05-31T03:26:08Z,79.5,Versa 4
2026-05-31T03:27:08Z,82.0,Versa 4
2026-05-31T03:28:08Z,83.0,Versa 4
2026-05-31T03:29:08Z,84.7,Versa 4
2026-05-31T03:30:08Z,86.0,Versa 4
2026-05-31T03:31:08Z,87.1,Versa 4
2026-05-31T03:32:08Z,86.4,Versa 4
2026-05-31T03:33:08Z,87.5,Versa 4
2026-05-31T03:34:08Z,88.2,Versa 4
2026-05-31T03:35:08Z,89.0,Versa 4
2026-05-31T03:36:08Z,90.8,Versa 4
2026-05-31T03:37:08Z,50.0,Versa 4
2026-05-31T03:38:08Z,92.7,Versa 4
2026-05-31T03:39:08Z,50.0,Versa 4
2026-05-31T03:40:08Z,95.0,Versa 4
2026-05-31T03:41:08Z,95.7,Versa 4
2026-05-31T03:42:08Z,96.6,Versa 4
2026-05-31T03:43:08Z,97.7,Versa 4
2026-05-31T03:44:08Z,98.8,Versa 4
2026-05-31T03:45:08Z,99.4,Versa 4
2026-05-31T03:46:08Z,99.7,Versa 4
2026-05-31T03:47:08Z,100.0,Versa 4
2026-05-31T03:48:08Z,100.0,Versa 4
2026-05-31T03:49:08Z,100.0,Versa 4
2026-05-31T03:50:08Z,100.0,Versa 4
2026-05-31T03:51:08Z,100.0,Versa 4
2026-05-31T03:52:08Z,99.8,Versa 4
2026-05-31T03:53:08Z,98.9,Versa 4
2026-05-31T03:54:08Z,98.1,Versa 4
2026-05-31T03:55:08Z,50.0,Versa 4
2026-05-31T03:56:08Z,50.0,Versa 4
2026-05-31T03:57:08Z,97.4,Versa 4
2026-05-31T03:58:08Z,97.1,Versa 4
2026-05-31T03:59:08Z,97.3,Versa 4
2026-05-31T04:00:08Z,97.6,Versa 4
2026-05-31T04:01:08Z,97.9,Versa 4
2026-05-31T04:02:08Z,98.1,Versa 4
2026-05-31T04:03:08Z,97.8,Versa 4
2026-05-31T04:04:08Z,98.1,Versa 4
2026-05-31T04:05:08Z,98.0,Versa 4
2026-05-31T04:06:08Z,98.2,Versa 4
2026-05-31T04:07:08Z,98.1,Versa 4
2026-05-31T04:08:08Z,98.1,Versa 4
2026-05-31T04:09:08Z,98.2,Versa 4
2026-05-31T04:10:08Z,98.3,Versa 4
2026-05-31T04:11:08Z,98.6,Versa 4
2026-05-31T04:12:08Z,98.5,Versa 4
2026-05-31T04:13:08Z,98.8,Versa 4
2026-05-31T04:14:08Z,99.1,Versa 4
2026-05-31T04:15:08Z,50.0,Versa 4
2026-05-31T04:16:08Z,50.0,Versa 4
2026-05-31T04:17:08Z,98.3,Versa 4
2026-05-31T04:18:08Z,97.5,Versa 4
2026-05-31T04:19:08Z,97.5,Versa 4
2026-05-31T04:20:08Z,97.4,Versa 4
2026-05-31T04:21:08Z,97.2,Versa 4
2026-05-31T04:22:08Z,97.0,Versa 4
2026-05-31T04:23:08Z,97.0,Versa 4
2026-05-31T04:24:08Z,96.9,Versa 4
2026-05-31T04:25:08Z,96.9,Versa 4
2026-05-31T04:26:08Z,50.0,Versa 4
2026-05-31T04:27:08Z,96.6,Versa 4
2026-05-31T04:28:08Z,96.5,Versa 4
2026-05-31T04:29:08Z,96.5,Versa 4
2026-05-31T04:30:08Z,96.6,Versa 4
2026-05-31T04:31:08Z,96.5,Versa 4
2026-05-31T04:32:08Z,96.5,Versa 4
2026-05-31T04:33:08Z,96.6,Versa 4
2026-05-31T04:34:08Z,96.6,Versa 4
2026-05-31T04:35:08Z,96.7,Versa 4
2026-05-31T04:36:08Z,96.5,Versa 4
2026-05-31T04:37:08Z,96.5,Versa 4
2026-05-31T04:38:08Z,96.5,Versa 4
2026-05-31T04:39:08Z,96.6,Versa 4
2026-05-31T04:40:08Z,96.5,Versa 4
2026-05-31T04:41:08Z,96.7,Versa 4
2026-05-31T04:42:08Z,96.6,Versa 4
2026-05-31T04:43:08Z,96.7,Versa 4
2026-05-31T04:44:08Z,96.6,Versa 4
2026-05-31T04:45:08Z,96.6,Versa 4
2026-05-31T04:46:08Z,96.6,Versa 4
2026-05-31T04:47:08Z,96.7,Versa 4
2026-05-31T04:48:08Z,96.6,Versa 4
2026-05-31T04:49:08Z,96.6,Versa 4
2026-05-31T04:50:08Z,96.6,Versa 4
2026-05-31T04:51:08Z,96.5,Versa 4
2026-05-31T04:52:08Z,96.6,Versa 4
2026-05-31T04:53:08Z,96.6,Versa 4
2026-05-31T04:54:08Z,96.6,Versa 4
2026-05-31T04:55:08Z,96.6,Versa 4
2026-05-31T04:56:08Z,96.6,Versa 4
2026-05-31T04:57:08Z,96.7,Versa 4
2026-05-31T04:58:08Z,96.7,Versa 4
2026-05-31T04:59:08Z,96.7,Versa 4
2026-05-31T05:00:08Z,96.7,Versa 4
2026-05-31T05:01:08Z,96.7,Versa 4
2026-05-31T05:02:08Z,96.6,Versa 4
2026-05-31T05:03:08Z,96.6,Versa 4
2026-05-31T05:04:08Z,96.6,Versa 4
2026-05-31T05:05:08Z,96.7,Versa 4
2026-05-31T05:06:08Z,96.7,Versa 4
2026-05-31T05:07:08Z,96.6,Versa 4
2026-05-31T05:08:08Z,96.6,Versa 4
2026-05-31T05:09:08Z,96.6,Versa 4
2026-05-31T05:10:08Z,96.6,Versa 4
2026-05-31T05:11:08Z,50.0,Versa 4
2026-05-31T05:12:08Z,96.8,Versa 4
2026-05-31T05:13:08Z,96.8,Versa 4
2026-05-31T05:14:08Z,96.7,Versa 4
2026-05-31T05:15:08Z,50.0,Versa 4
2026-05-31T05:16:08Z,93.2,Versa 4
2026-05-31T05:17:08Z,87.2,Versa 4
2026-05-31T05:18:08Z,81.6,Versa 4
2026-05-31T05:19:08Z,76.2,Versa 4
2026-05-31T05:20:08Z,75.9,Versa 4
2026-05-31T05:21:08Z,75.6,Versa 4
2026-05-31T05:22:08Z,75.5,Versa 4
2026-05-31T05:23:08Z,75.6,Versa 4
2026-05-31T05:24:08Z,75.7,Versa 4
2026-05-31T05:25:08Z,75.5,Versa 4
2026-05-31T05:26:08Z,77.8,Versa 4
2026-05-31T05:27:08Z,81.3,Versa 4
2026-05-31T05:28:08Z,83.0,Versa 4
2026-05-31T05:29:08Z,83.5,Versa 4
2026-05-31T05:30:08Z,83.5,Versa 4
2026-05-31T05:31:08Z,83.7,Versa 4
2026-05-31T05:32:08Z,87.8,Versa 4
2026-05-31T05:33:08Z,90.4,Versa 4
2026-05-31T05:34:08Z,92.0,Versa 4
2026-05-31T05:35:08Z,50.0,Versa 4
2026-05-31T05:36:08Z,94.2,Versa 4
2026-05-31T05:37:08Z,95.6,Versa 4
2026-05-31T05:38:08Z,50.0,Versa 4
2026-05-31T05:39:08Z,96.5,Versa 4
2026-05-31T05:40:08Z,50.0,Versa 4
2026-05-31T05:41:08Z,96.4,Versa 4
2026-05-31T05:42:08Z,96.3,Versa 4
2026-05-31T05:43:08Z,50.0,Versa 4
2026-05-31T05:44:08Z,97.3,Versa 4
2026-05-31T05:45:08Z,98.5,Versa 4
2026-05-31T05:46:08Z,99.2,Versa 4
2026-05-31T05:47:08Z,50.0,Versa 4
2026-05-31T05:48:08Z,50.0,Versa 4
2026-05-31T05:49:08Z,98.3,Versa 4
2026-05-31T05:50:08Z,97.7,Versa 4
2026-05-31T05:51:08Z,97.4,Versa 4
2026-05-31T05:52:08Z,97.3,Versa 4
2026-05-31T05:53:08Z,97.2,Versa 4
2026-05-31T05:54:08Z,97.0,Versa 4
2026-05-31T05:55:08Z,96.9,Versa 4
2026-05-31T05:56:08Z,97.0,Versa 4
2026-05-31T05:57:08Z,96.9,Versa 4
2026-05-31T05:58:08Z,97.0,Versa 4
2026-05-31T05:59:08Z,96.9,Versa 4
2026-05-31T06:00:08Z,96.9,Versa 4
2026-05-31T06:01:08Z,96.9,Versa 4
2026-05-31T06:02:08Z,96.8,Versa 4
2026-05-31T06:03:08Z,96.8,Versa 4
2026-05-31T06:04:08Z,96.9,Versa 4
2026-05-31T06:05:08Z,96.8,Versa 4
2026-05-31T06:06:08Z,96.9,Versa 4
2026-05-31T06:07:08Z,96.9,Versa 4
2026-05-31T06:08:08Z,96.9,Versa 4
2026-05-31T06:09:08Z,50.0,Versa 4
2026-05-31T06:10:08Z,50.0,Versa 4
2026-05-31T06:11:08Z,97.5,Versa 4
2026-05-31T06:12:08Z,98.5,Versa 4
2026-05-31T06:13:08Z,99.7,Versa 4
2026-05-31T06:14:08Z,99.9,Versa 4
2026-05-31T06:15:08Z,99.9,Versa 4
2026-05-31T06:16:08Z,99.5,Versa 4
2026-05-31T06:17:08Z,97.6,Versa 4
2026-05-31T06:18:08Z,50.0,Versa 4
2026-05-31T06:19:08Z,96.7,Versa 4
2026-05-31T06:20:08Z,96.6,Versa 4
2026-05-31T06:21:08Z,96.7,Versa 4
2026-05-31T06:22:08Z,96.6,Versa 4
2026-05-31T06:23:08Z,96.5,Versa 4
2026-05-31T06:24:08Z,96.9,Versa 4
2026-05-31T06:25:08Z,50.0,Versa 4
2026-05-31T06:26:08Z,96.5,Versa 4
2026-05-31T06:27:08Z,96.6,Versa 4
2026-05-31T06:28:08Z,96.2,Versa 4
2026-05-31T06:29:08Z,96.2,Versa 4
2026-05-31T06:30:08Z,96.2,Versa 4
2026-05-31T06:31:08Z,96.1,Versa 4
2026-05-31T06:32:08Z,95.9,Versa 4
2026-05-31T06:33:08Z,96.0,Versa 4
2026-05-31T06:34:08Z,96.2,Versa 4
2026-05-31T06:35:08Z,96.4,Versa 4
2026-05-31T06:36:08Z,50.0,Versa 4
2026-05-31T06:37:08Z,96.6,Versa 4
2026-05-31T06:38:08Z,96.5,Versa 4
2026-05-31T06:39:08Z,50.0,Versa 4
2026-05-31T06:40:08Z,96.4,Versa 4
2026-05-31T06:41:08Z,96.5,Versa 4
2026-05-31T06:42:08Z,96.7,Versa 4
2026-05-31T06:43:08Z,96.9,Versa 4
2026-05-31T06:44:08Z,97.3,Versa 4
2026-05-31T06:45:08Z,97.9,Versa 4
2026-05-31T06:46:08Z,98.4,Versa 4
2026-05-31T06:47:08Z,99.0,Versa 4
2026-05-31T06:48:08Z,99.7,Versa 4
2026-05-31T06:49:08Z,100.0,Versa 4
2026-05-31T06:50:08Z,50.0,Versa 4
2026-05-31T06:51:08Z,100.0,Versa 4
2026-05-31T06:52:08Z,99.5,Versa 4
2026-05-31T06:53:08Z,98.6,Versa 4
2026-05-31T06:54:08Z,97.9,Versa 4
2026-05-31T06:55:08Z,50.0,Versa 4
2026-05-31T06:56:08Z,50.0,Versa 4
2026-05-31T06:57:08Z,50.0,Versa 4
2026-05-31T06:58:08Z,50.0,Versa 4
2026-05-31T06:59:08Z,50.0,Versa 4
2026-05-31T07:00:08Z,97.8,Versa 4
2026-05-31T07:01:08Z,98.4,Versa 4
2026-05-31T07:02:08Z,98.9,Versa 4
2026-05-31T07:03:08Z,99.3,Versa 4
2026-05-31T07:04:08Z,50.0,Versa 4
2026-05-31T07:05:08Z,99.3,Versa 4
2026-05-31T07:06:08Z,98.8,Versa 4
2026-05-31T07:07:08Z,98.6,Versa 4
2026-05-31T07:08:08Z,97.8,Versa 4
2026-05-31T07:09:08Z,97.4,Versa 4
2026-05-31T07:10:08Z,97.3,Versa 4
2026-05-31T07:11:08Z,97.0,Versa 4
2026-05-31T07:12:08Z,96.8,Versa 4
2026-05-31T07:13:08Z,96.6,Versa 4
2026-05-31T07:14:08Z,96.6,Versa 4
2026-05-31T07:15:08Z,96.4,Versa 4
2026-05-31T07:16:08Z,96.3,Versa 4
2026-05-31T07:17:08Z,96.1,Versa 4
2026-05-31T07:18:08Z,96.2,Versa 4
2026-05-31T07:19:08Z,96.1,Versa 4
2026-05-31T07:20:08Z,96.3,Versa 4
2026-05-31T07:21:08Z,96.3,Versa 4
2026-05-31T07:22:08Z,96.2,Versa 4
2026-05-31T07:23:08Z,96.3,Versa 4
2026-05-31T07:24:08Z,96.3,Versa 4
2026-05-31T07:25:08Z,96.2,Versa 4
2026-05-31T07:26:08Z,96.4,Versa 4
2026-05-31T07:27:08Z,96.6,Versa 4
2026-05-31T07:28:08Z,96.8,Versa 4
2026-05-31T07:29:08Z,96.8,Versa 4
2026-05-31T07:30:08Z,96.7,Versa 4
2026-05-31T07:31:08Z,96.8,Versa 4
2026-05-31T07:32:08Z,96.7,Versa 4
2026-05-31T07:33:08Z,96.6,Versa 4
2026-05-31T07:34:08Z,96.5,Versa 4
2026-05-31T07:35:08Z,96.5,Versa 4
2026-05-31T07:36:08Z,96.4,Versa 4
2026-05-31T07:37:08Z,96.4,Versa 4
2026-05-31T07:38:08Z,96.4,Versa 4
2026-05-31T07:39:08Z,96.5,Versa 4
2026-05-31T07:40:08Z,96.4,Versa 4
2026-05-31T07:41:08Z,96.4,Versa 4
2026-05-31T07:42:08Z,96.3,Versa 4
2026-05-31T07:43:08Z,96.2,Versa 4
2026-05-31T07:44:08Z,96.4,Versa 4
2026-05-31T07:45:08Z,96.3,Versa 4
2026-05-31T07:46:08Z,96.1,Versa 4
2026-05-31T07:47:08Z,96.1,Versa 4
2026-05-31T07:48:08Z,96.1,Versa 4
2026-05-31T07:49:08Z,96.1,Versa 4
2026-05-31T07:50:08Z,96.2,Versa 4
2026-05-31T07:51:08Z,50.0,Versa 4
2026-05-31T07:52:08Z,96.2,Versa 4
2026-05-31T07:53:08Z,96.2,Versa 4
2026-05-31T07:54:08Z,96.3,Versa 4
2026-05-31T07:55:08Z,96.3,Versa 4
2026-05-31T07:56:08Z,96.4,Versa 4
2026-05-31T07:57:08Z,96.4,Versa 4
2026-05-31T07:58:08Z,96.3,Versa 4
2026-05-31T07:59:08Z,96.3,Versa 4
2026-05-31T08:00:08Z,96.4,Versa 4
2026-05-31T08:01:08Z,96.3,Versa 4
2026-05-31T08:02:08Z,96.4,Versa 4
2026-05-31T08:03:08Z,96.6,Versa 4
2026-05-31T08:04:08Z,50.0,Versa 4
2026-05-31T08:05:08Z,96.7,Versa 4
2026-05-31T08:06:08Z,96.8,Versa 4
2026-05-31T08:07:08Z,50.0,Versa 4
2026-05-31T08:08:08Z,50.0,Versa 4
2026-05-31T08:09:08Z,96.7,Versa 4
2026-05-31T08:10:08Z,50.0,Versa 4
2026-05-31T08:11:08Z,50.0,Versa 4
2026-05-31T08:12:08Z,96.3,Versa 4
2026-05-31T08:13:08Z,95.2,Versa 4
2026-05-31T08:14:08Z,94.9,Versa 4
2026-05-31T08:15:08Z,50.0,Versa 4
2026-05-31T08:16:08Z,93.1,Versa 4
2026-05-31T08:17:08Z,88.1,Versa 4
2026-05-31T08:18:08Z,84.9,Versa 4
2026-05-31T08:19:08Z,81.8,Versa 4
2026-05-31T08:20:08Z,81.8,Versa 4
2026-05-31T08:21:08Z,80.9,Versa 4
2026-05-31T08:22:08Z,50.0,Versa 4
2026-05-31T08:23:08Z,86.5,Versa 4
2026-05-31T08:24:08Z,91.8,Versa 4
2026-05-31T08:25:08Z,95.7,Versa 4
2026-05-31T08:26:08Z,97.3,Versa 4
2026-05-31T08:27:08Z,50.0,Versa 4
2026-05-31T08:28:08Z,98.0,Versa 4
2026-05-31T08:29:08Z,94.3,Versa 4
2026-05-31T08:30:08Z,94.4,Versa 4
2026-05-31T08:31:08Z,94.8,Versa 4
2026-05-31T08:32:08Z,94.9,Versa 4
2026-05-31T08:33:08Z,95.1,Versa 4
2026-05-31T08:34:08Z,50.0,Versa 4
2026-05-31T08:35:08Z,50.0,Versa 4
2026-05-31T08:36:08Z,95.2,Versa 4
2026-05-31T08:37:08Z,50.0,Versa 4
2026-05-31T08:38:08Z,50.0,Versa 4
2026-05-31T08:39:08Z,50.0,Versa 4
2026-05-31T08:40:08Z,50.0,Versa 4
2026-05-31T08:41:08Z,95.1,Versa 4
2026-05-31T08:42:08Z,50.0,Versa 4
2026-05-31T08:43:08Z,94.4,Versa 4
2026-05-31T08:44:08Z,50.0,Versa 4
2026-05-31T08:45:08Z,50.0,Versa 4
2026-05-31T08:46:08Z,94.4,Versa 4
2026-05-31T08:47:08Z,50.0,Versa 4
2026-05-31T08:48:08Z,50.0,Versa 4
2026-05-31T08:49:08Z,50.0,Versa 4
2026-05-31T08:50:08Z,93.8,Versa 4
2026-05-31T08:51:08Z,50.0,Versa 4
2026-05-31T08:52:08Z,50.0,Versa 4
2026-05-31T08:53:08Z,93.8,Versa 4
2026-05-31T08:54:08Z,50.0,Versa 4
2026-05-31T08:55:08Z,50.0,Versa 4
2026-05-31T08:56:08Z,50.0,Versa 4
2026-05-31T08:57:08Z,50.0,Versa 4
2026-05-31T08:58:08Z,50.0,Versa 4
2026-05-31T08:59:08Z,94.6,Versa 4
2026-05-31T09:00:08Z,50.0,Versa 4
2026-05-31T09:01:08Z,94.7,Versa 4
2026-05-31T09:02:08Z,50.0,Versa 4
