timestamp,Kilocalories,data source
2026-05-07T06:58:00Z,0.0,Fitbit App
2026-05-07T06:59:00Z,0.0,Fitbit App
2026-05-07T07:00:00Z,0.0,Fitbit App
2026-05-07T07:01:00Z,0.0,Fitbit App
2026-05-07T07:02:00Z,0.0,Fitbit App
2026-05-07T07:03:00Z,0.0,Fitbit App
2026-05-07T07:04:00Z,0.0,Fitbit App
2026-05-07T07:05:00Z,0.0,Fitbit App
2026-05-07T07:06:00Z,0.0,Fitbit App
2026-05-07T07:07:00Z,0.0,Fitbit App
2026-05-07T07:08:00Z,0.0,Fitbit App
2026-05-07T07:09:00Z,0.0,Fitbit App
2026-05-07T07:10:00Z,0.0,Fitbit App
2026-05-07T07:11:00Z,0.0,Fitbit App
2026-05-07T07:13:00Z,0.0,Fitbit App
2026-05-07T07:14:00Z,0.0,Fitbit App
2026-05-07T07:15:00Z,0.0,Fitbit App
2026-05-07T07:16:00Z,0.0,Fitbit App
2026-05-07T07:17:00Z,0.0,Fitbit App
2026-05-07T07:18:00Z,0.0,Fitbit App
2026-05-07T07:19:00Z,0.0,Fitbit App
2026-05-07T07:20:00Z,0.0,Fitbit App
2026-05-07T07:21:00Z,0.0,Fitbit App
2026-05-07T07:22:00Z,0.0,Fitbit App
2026-05-07T07:23:00Z,0.0,Fitbit App
2026-05-07T07:24:00Z,1.0146,Fitbit App
2026-05-07T07:25:00Z,4.81935,Fitbit App
2026-05-07T07:26:00Z,5.073,Fitbit App
2026-05-07T07:27:00Z,2.0292000000000003,Fitbit App
2026-05-07T07:28:00Z,0.0,Fitbit App
2026-05-07T07:29:00Z,0.0,Fitbit App
2026-05-07T07:30:00Z,0.0,Fitbit App
2026-05-07T07:31:00Z,0.0,Fitbit App
2026-05-07T07:32:00Z,1.26825,Fitbit App
2026-05-07T07:33:00Z,3.8047500000000003,Fitbit App
2026-05-07T07:34:00Z,2.28285,Fitbit App
2026-05-07T07:35:00Z,0.0,Fitbit App
2026-05-07T07:36:00Z,0.0,Fitbit App
2026-05-07T07:37:00Z,0.0,Fitbit App
2026-05-07T07:38:00Z,0.0,Fitbit App
2026-05-07T07:39:00Z,0.0,Fitbit App
2026-05-07T07:40:00Z,0.0,Fitbit App
2026-05-07T07:41:00Z,0.0,Fitbit App
2026-05-07T07:42:00Z,0.0,Fitbit App
2026-05-07T07:43:00Z,0.0,Fitbit App
2026-05-07T07:44:00Z,0.0,Fitbit App
2026-05-07T07:45:00Z,0.0,Fitbit App
2026-05-07T07:48:00Z,0.0,Fitbit App
2026-05-07T07:49:00Z,0.0,Fitbit App
2026-05-07T07:50:00Z,0.0,Fitbit App
2026-05-07T07:51:00Z,0.0,Fitbit App
2026-05-07T07:52:00Z,0.0,Fitbit App
2026-05-07T07:53:00Z,1.26825,Fitbit App
2026-05-07T07:54:00Z,0.7609500000000001,Fitbit App
2026-05-07T07:55:00Z,1.5219000000000003,Fitbit App
2026-05-07T07:56:00Z,3.5511,Fitbit App
2026-05-07T07:57:00Z,4.312050000000001,Fitbit App
2026-05-07T07:58:00Z,3.0438000000000005,Fitbit App
2026-05-07T07:59:00Z,1.0146,Fitbit App
2026-05-07T08:00:00Z,1.26825,Fitbit App
2026-05-07T08:01:00Z,1.26825,Fitbit App
2026-05-07T08:02:00Z,0.0,Fitbit App
2026-05-07T08:03:00Z,0.0,Fitbit App
2026-05-07T08:04:00Z,0.0,Fitbit App
2026-05-07T08:05:00Z,1.26825,Fitbit App
2026-05-07T08:06:00Z,1.5219000000000003,Fitbit App
2026-05-07T08:07:00Z,0.0,Fitbit App
2026-05-07T08:08:00Z,0.0,Fitbit App
2026-05-07T08:09:00Z,0.0,Fitbit App
2026-05-07T08:10:00Z,2.7901500000000006,Fitbit App
2026-05-07T08:11:00Z,2.5365,Fitbit App
2026-05-07T08:12:00Z,1.5219000000000003,Fitbit App
2026-05-07T08:13:00Z,0.0,Fitbit App
2026-05-07T08:14:00Z,0.0,Fitbit App
2026-05-07T08:16:00Z,1.5219000000000003,Fitbit App
2026-05-07T08:17:00Z,2.28285,Fitbit App
2026-05-07T08:18:00Z,4.312050000000001,Fitbit App
2026-05-07T08:19:00Z,4.81935,Fitbit App
2026-05-07T08:20:00Z,1.0146,Fitbit App
2026-05-07T08:21:00Z,0.0,Fitbit App
2026-05-07T08:22:00Z,0.0,Fitbit App
2026-05-07T08:23:00Z,0.0,Fitbit App
2026-05-07T08:24:00Z,0.0,Fitbit App
2026-05-07T08:25:00Z,0.0,Fitbit App
2026-05-07T08:26:00Z,0.0,Fitbit App
2026-05-07T08:27:00Z,0.0,Fitbit App
2026-05-07T08:28:00Z,1.26825,Fitbit App
2026-05-07T08:29:00Z,2.7901500000000006,Fitbit App
2026-05-07T08:30:00Z,5.073,Fitbit App
2026-05-07T08:31:00Z,3.29745,Fitbit App
2026-05-07T08:32:00Z,0.0,Fitbit App
2026-05-07T08:33:00Z,0.0,Fitbit App
2026-05-07T08:34:00Z,0.0,Fitbit App
2026-05-07T08:35:00Z,0.0,Fitbit App
2026-05-07T08:36:00Z,1.0146,Fitbit App
2026-05-07T08:37:00Z,0.0,Fitbit App
2026-05-07T08:38:00Z,0.0,Fitbit App
2026-05-07T08:39:00Z,0.0,Fitbit App
2026-05-07T08:40:00Z,0.0,Fitbit App
2026-05-07T08:41:00Z,0.0,Fitbit App
2026-05-07T08:42:00Z,0.0,Fitbit App
2026-05-07T08:43:00Z,0.0,Fitbit App
2026-05-07T08:44:00Z,0.0,Fitbit App
2026-05-07T08:45:00Z,0.0,Fitbit App
2026-05-07T08:46:00Z,0.0,Fitbit App
2026-05-07T08:47:00Z,0.0,Fitbit App
2026-05-07T08:48:00Z,0.0,Fitbit App
2026-05-07T08:49:00Z,0.0,Fitbit App
2026-05-07T08:50:00Z,0.0,Fitbit App
2026-05-07T08:51:00Z,0.0,Fitbit App
2026-05-07T08:52:00Z,1.5219000000000003,Fitbit App
2026-05-07T08:53:00Z,0.0,Fitbit App
2026-05-07T08:54:00Z,0.0,Fitbit App
2026-05-07T08:55:00Z,0.0,Fitbit App
2026-05-07T08:56:00Z,0.0,Fitbit App
2026-05-07T08:57:00Z,0.0,Fitbit App
2026-05-07T08:58:00Z,1.77555,Fitbit App
2026-05-07T08:59:00Z,0.0,Fitbit App
2026-05-07T09:00:00Z,0.0,Fitbit App
2026-05-07T09:01:00Z,0.0,Fitbit App
2026-05-07T09:02:00Z,0.0,Fitbit App
2026-05-07T09:03:00Z,0.0,Fitbit App
2026-05-07T09:04:00Z,0.0,Fitbit App
2026-05-07T09:05:00Z,0.0,Fitbit App
2026-05-07T09:06:00Z,0.0,Fitbit App
2026-05-07T09:07:00Z,1.0146,Fitbit App
2026-05-07T09:08:00Z,0.0,Fitbit App
2026-05-07T09:09:00Z,0.0,Fitbit App
2026-05-07T09:10:00Z,0.0,Fitbit App
2026-05-07T09:11:00Z,0.0,Fitbit App
2026-05-07T09:12:00Z,0.0,Fitbit App
2026-05-07T09:13:00Z,0.0,Fitbit App
2026-05-07T09:14:00Z,0.0,Fitbit App
2026-05-07T09:15:00Z,0.0,Fitbit App
2026-05-07T09:16:00Z,0.0,Fitbit App
2026-05-07T09:17:00Z,0.0,Fitbit App
2026-05-07T09:18:00Z,0.0,Fitbit App
2026-05-07T09:19:00Z,0.0,Fitbit App
2026-05-07T09:20:00Z,0.0,Fitbit App
2026-05-07T09:21:00Z,1.77555,Fitbit App
2026-05-07T09:22:00Z,1.0146,Fitbit App
2026-05-07T09:23:00Z,0.0,Fitbit App
2026-05-07T09:24:00Z,0.0,Fitbit App
2026-05-07T09:25:00Z,0.0,Fitbit App
2026-05-07T09:26:00Z,0.0,Fitbit App
2026-05-07T09:27:00Z,1.26825,Fitbit App
2026-05-07T09:28:00Z,0.0,Fitbit App
2026-05-07T09:29:00Z,0.0,Fitbit App
2026-05-07T09:30:00Z,0.0,Fitbit App
2026-05-07T09:31:00Z,0.0,Fitbit App
2026-05-07T09:32:00Z,0.0,Fitbit App
2026-05-07T09:33:00Z,0.0,Fitbit App
2026-05-07T09:34:00Z,0.0,Fitbit App
2026-05-07T09:35:00Z,0.0,Fitbit App
2026-05-07T09:36:00Z,1.0146,Fitbit App
2026-05-07T09:37:00Z,0.0,Fitbit App
2026-05-07T09:38:00Z,0.0,Fitbit App
2026-05-07T09:39:00Z,0.0,Fitbit App
2026-05-07T09:40:00Z,0.7609500000000001,Fitbit App
2026-05-07T09:41:00Z,0.0,Fitbit App
2026-05-07T09:42:00Z,0.0,Fitbit App
2026-05-07T09:43:00Z,0.0,Fitbit App
2026-05-07T09:45:00Z,0.0,Fitbit App
2026-05-07T09:46:00Z,0.7609500000000001,Fitbit App
2026-05-07T09:47:00Z,2.28285,Fitbit App
2026-05-07T09:48:00Z,1.5219000000000003,Fitbit App
2026-05-07T09:49:00Z,5.073,Fitbit App
2026-05-07T09:50:00Z,5.073,Fitbit App
2026-05-07T09:51:00Z,3.0438000000000005,Fitbit App
2026-05-07T09:52:00Z,2.5365,Fitbit App
2026-05-07T09:53:00Z,3.0438000000000005,Fitbit App
2026-05-07T09:54:00Z,3.29745,Fitbit App
2026-05-07T09:55:00Z,3.0438000000000005,Fitbit App
2026-05-07T09:56:00Z,3.5511,Fitbit App
2026-05-07T09:57:00Z,3.5511,Fitbit App
2026-05-07T09:58:00Z,4.312050000000001,Fitbit App
2026-05-07T09:59:00Z,4.5657,Fitbit App
2026-05-07T10:00:00Z,5.073,Fitbit App
2026-05-07T10:01:00Z,5.073,Fitbit App
2026-05-07T10:02:00Z,4.058400000000001,Fitbit App
2026-05-07T10:03:00Z,3.0438000000000005,Fitbit App
2026-05-07T10:04:00Z,2.0292000000000003,Fitbit App
2026-05-07T10:05:00Z,1.77555,Fitbit App
2026-05-07T10:06:00Z,2.5365,Fitbit App
2026-05-07T10:07:00Z,2.5365,Fitbit App
2026-05-07T10:08:00Z,3.29745,Fitbit App
2026-05-07T10:09:00Z,2.7901500000000006,Fitbit App
2026-05-07T10:10:00Z,0.0,Fitbit App
2026-05-07T10:11:00Z,2.5365,Fitbit App
2026-05-07T10:12:00Z,3.29745,Fitbit App
2026-05-07T10:13:00Z,0.0,Fitbit App
2026-05-07T10:14:00Z,0.0,Fitbit App
2026-05-07T10:15:00Z,0.0,Fitbit App
2026-05-07T10:16:00Z,0.0,Fitbit App
2026-05-07T10:17:00Z,0.0,Fitbit App
2026-05-07T10:18:00Z,0.0,Fitbit App
2026-05-07T10:19:00Z,0.0,Fitbit App
2026-05-07T10:20:00Z,0.0,Fitbit App
2026-05-07T10:21:00Z,0.0,Fitbit App
2026-05-07T10:22:00Z,1.0146,Fitbit App
2026-05-07T10:23:00Z,3.0438000000000005,Fitbit App
2026-05-07T10:24:00Z,2.5365,Fitbit App
2026-05-07T10:25:00Z,0.0,Fitbit App
2026-05-07T10:26:00Z,0.0,Fitbit App
2026-05-07T10:27:00Z,0.0,Fitbit App
2026-05-07T10:29:00Z,0.0,Fitbit App
2026-05-07T10:34:00Z,0.0,Fitbit App
2026-05-07T10:35:00Z,0.0,Fitbit App
2026-05-07T10:36:00Z,0.0,Fitbit App
2026-05-07T10:37:00Z,0.0,Fitbit App
2026-05-07T10:38:00Z,0.0,Fitbit App
2026-05-07T10:39:00Z,0.0,Fitbit App
2026-05-07T10:41:00Z,0.0,Fitbit App
2026-05-07T10:44:00Z,0.0,Fitbit App
2026-05-07T10:45:00Z,0.0,Fitbit App
2026-05-07T10:46:00Z,0.0,Fitbit App
2026-05-07T10:54:00Z,0.0,Fitbit App
2026-05-07T10:57:00Z,0.0,Fitbit App
2026-05-07T11:01:00Z,0.0,Fitbit App
2026-05-07T11:14:00Z,0.0,Fitbit App
2026-05-07T11:15:00Z,0.0,Fitbit App
2026-05-07T11:16:00Z,0.0,Fitbit App
2026-05-07T11:25:00Z,0.0,Fitbit App
2026-05-07T11:30:00Z,0.0,Fitbit App
2026-05-07T11:38:00Z,0.0,Fitbit App
2026-05-07T11:46:00Z,0.0,Fitbit App
2026-05-07T11:47:00Z,0.0,Fitbit App
2026-05-07T11:53:00Z,0.0,Fitbit App
2026-05-07T11:58:00Z,0.0,Fitbit App
2026-05-07T12:01:00Z,0.0,Fitbit App
2026-05-07T12:04:00Z,0.0,Fitbit App
2026-05-07T12:07:00Z,0.5073,Fitbit App
2026-05-07T12:08:00Z,0.7609500000000001,Fitbit App
2026-05-07T12:09:00Z,4.058400000000001,Fitbit App
2026-05-07T12:10:00Z,0.7609500000000001,Fitbit App
2026-05-07T12:11:00Z,0.7609500000000001,Fitbit App
2026-05-07T12:12:00Z,2.5365,Fitbit App
2026-05-07T12:13:00Z,4.5657,Fitbit App
2026-05-07T12:14:00Z,5.326650000000001,Fitbit App
2026-05-07T12:15:00Z,2.7901500000000006,Fitbit App
2026-05-07T12:16:00Z,5.073,Fitbit App
2026-05-07T12:17:00Z,4.81935,Fitbit App
2026-05-07T12:18:00Z,4.81935,Fitbit App
2026-05-07T12:19:00Z,5.073,Fitbit App
2026-05-07T12:20:00Z,5.326650000000001,Fitbit App
2026-05-07T12:21:00Z,5.326650000000001,Fitbit App
2026-05-07T12:22:00Z,5.073,Fitbit App
2026-05-07T12:23:00Z,2.5365,Fitbit App
2026-05-07T12:24:00Z,4.81935,Fitbit App
2026-05-07T12:25:00Z,4.312050000000001,Fitbit App
2026-05-07T12:26:00Z,3.0438000000000005,Fitbit App
2026-05-07T12:27:00Z,3.0438000000000005,Fitbit App
2026-05-07T12:28:00Z,4.81935,Fitbit App
2026-05-07T12:29:00Z,4.81935,Fitbit App
2026-05-07T12:30:00Z,2.7901500000000006,Fitbit App
2026-05-07T12:31:00Z,3.5511,Fitbit App
2026-05-07T12:32:00Z,4.81935,Fitbit App
2026-05-07T12:33:00Z,5.073,Fitbit App
2026-05-07T12:34:00Z,5.073,Fitbit App
2026-05-07T12:35:00Z,4.81935,Fitbit App
2026-05-07T12:36:00Z,5.326650000000001,Fitbit App
2026-05-07T12:37:00Z,4.81935,Fitbit App
2026-05-07T12:38:00Z,5.073,Fitbit App
2026-05-07T12:39:00Z,5.073,Fitbit App
2026-05-07T12:40:00Z,2.28285,Fitbit App
2026-05-07T12:41:00Z,1.0146,Fitbit App
2026-05-07T12:42:00Z,0.0,Fitbit App
2026-05-07T12:43:00Z,0.7609500000000001,Fitbit App
2026-05-07T12:44:00Z,0.0,Fitbit App
2026-05-07T12:45:00Z,0.0,Fitbit App
2026-05-07T12:46:00Z,0.0,Fitbit App
2026-05-07T12:47:00Z,0.0,Fitbit App
2026-05-07T12:48:00Z,2.28285,Fitbit App
2026-05-07T12:49:00Z,3.0438000000000005,Fitbit App
2026-05-07T12:50:00Z,3.5511,Fitbit App
2026-05-07T12:51:00Z,2.5365,Fitbit App
2026-05-07T12:52:00Z,2.7901500000000006,Fitbit App
2026-05-07T12:53:00Z,2.28285,Fitbit App
2026-05-07T12:54:00Z,2.28285,Fitbit App
2026-05-07T12:55:00Z,0.0,Fitbit App
2026-05-07T12:57:00Z,0.0,Fitbit App
2026-05-07T12:58:00Z,0.0,Fitbit App
2026-05-07T12:59:00Z,0.0,Fitbit App
2026-05-07T13:00:00Z,1.0146,Fitbit App
2026-05-07T13:01:00Z,1.5219000000000003,Fitbit App
2026-05-07T13:02:00Z,1.77555,Fitbit App
2026-05-07T13:03:00Z,1.77555,Fitbit App
2026-05-07T13:04:00Z,1.5219000000000003,Fitbit App
2026-05-07T13:05:00Z,0.0,Fitbit App
2026-05-07T13:08:00Z,0.7609500000000001,Fitbit App
2026-05-07T13:09:00Z,0.0,Fitbit App
2026-05-07T13:10:00Z,1.0146,Fitbit App
2026-05-07T13:11:00Z,1.26825,Fitbit App
2026-05-07T13:12:00Z,1.5219000000000003,Fitbit App
2026-05-07T13:15:00Z,0.0,Fitbit App
2026-05-07T13:17:00Z,0.0,Fitbit App
2026-05-07T13:20:00Z,0.0,Fitbit App
2026-05-07T13:24:00Z,0.0,Fitbit App
2026-05-07T13:31:00Z,0.0,Fitbit App
2026-05-07T13:32:00Z,0.0,Fitbit App
2026-05-07T13:33:00Z,0.0,Fitbit App
2026-05-07T13:43:00Z,0.0,Fitbit App
2026-05-07T14:05:00Z,0.0,Fitbit App
2026-05-07T14:14:00Z,1.0146,Fitbit App
2026-05-07T14:15:00Z,0.5073,Fitbit App
2026-05-07T14:17:00Z,1.26825,Fitbit App
2026-05-07T14:18:00Z,4.312050000000001,Fitbit App
2026-05-07T14:19:00Z,2.5365,Fitbit App
2026-05-07T14:20:00Z,1.77555,Fitbit App
2026-05-07T14:21:00Z,0.5073,Fitbit App
2026-05-07T14:22:00Z,2.5365,Fitbit App
2026-05-07T14:23:00Z,4.5657,Fitbit App
2026-05-07T14:32:00Z,0.0,Fitbit App
2026-05-07T14:44:00Z,0.0,Fitbit App
2026-05-07T14:45:00Z,0.0,Fitbit App
2026-05-07T14:46:00Z,0.0,Fitbit App
2026-05-07T14:47:00Z,0.7609500000000001,Fitbit App
2026-05-07T14:52:00Z,0.0,Fitbit App
2026-05-07T14:53:00Z,0.0,Fitbit App
2026-05-07T14:54:00Z,1.5219000000000003,Fitbit App
2026-05-07T14:55:00Z,0.7609500000000001,Fitbit App
2026-05-07T14:56:00Z,1.0146,Fitbit App
2026-05-07T14:57:00Z,1.0146,Fitbit App
2026-05-07T14:58:00Z,1.0146,Fitbit App
2026-05-07T14:59:00Z,1.0146,Fitbit App
2026-05-07T15:00:00Z,1.26825,Fitbit App
2026-05-07T15:01:00Z,1.26825,Fitbit App
2026-05-07T15:02:00Z,0.5073,Fitbit App
2026-05-07T15:03:00Z,1.0146,Fitbit App
2026-05-07T15:04:00Z,1.26825,Fitbit App
2026-05-07T15:05:00Z,0.0,Fitbit App
2026-05-07T15:06:00Z,0.0,Fitbit App
2026-05-07T15:07:00Z,0.7609500000000001,Fitbit App
2026-05-07T15:08:00Z,1.0146,Fitbit App
2026-05-07T15:09:00Z,1.26825,Fitbit App
2026-05-07T15:10:00Z,1.5219000000000003,Fitbit App
2026-05-07T15:11:00Z,0.0,Fitbit App
2026-05-07T15:12:00Z,1.26825,Fitbit App
2026-05-07T15:13:00Z,0.7609500000000001,Fitbit App
2026-05-07T15:14:00Z,0.7609500000000001,Fitbit App
2026-05-07T15:15:00Z,1.77555,Fitbit App
2026-05-07T15:17:00Z,1.26825,Fitbit App
2026-05-07T15:18:00Z,0.0,Fitbit App
2026-05-07T15:19:00Z,1.5219000000000003,Fitbit App
2026-05-07T15:20:00Z,1.77555,Fitbit App
2026-05-07T15:21:00Z,1.26825,Fitbit App
2026-05-07T15:22:00Z,1.0146,Fitbit App
2026-05-07T15:23:00Z,1.77555,Fitbit App
2026-05-07T15:24:00Z,1.0146,Fitbit App
2026-05-07T15:25:00Z,0.0,Fitbit App
2026-05-07T15:26:00Z,0.0,Fitbit App
2026-05-07T15:27:00Z,0.0,Fitbit App
2026-05-07T15:28:00Z,0.0,Fitbit App
2026-05-07T15:29:00Z,0.0,Fitbit App
2026-05-07T15:32:00Z,0.0,Fitbit App
2026-05-07T15:33:00Z,0.0,Fitbit App
2026-05-07T15:35:00Z,0.0,Fitbit App
2026-05-07T15:37:00Z,0.0,Fitbit App
2026-05-07T15:38:00Z,0.0,Fitbit App
2026-05-07T15:39:00Z,0.0,Fitbit App
2026-05-07T15:40:00Z,0.0,Fitbit App
2026-05-07T15:41:00Z,0.0,Fitbit App
2026-05-07T15:43:00Z,0.0,Fitbit App
2026-05-07T15:45:00Z,0.0,Fitbit App
2026-05-07T15:46:00Z,0.0,Fitbit App
2026-05-07T15:47:00Z,0.0,Fitbit App
2026-05-07T15:48:00Z,0.0,Fitbit App
2026-05-07T15:49:00Z,0.0,Fitbit App
2026-05-07T15:50:00Z,0.0,Fitbit App
2026-05-07T15:53:00Z,0.0,Fitbit App
2026-05-07T15:54:00Z,0.0,Fitbit App
2026-05-07T15:55:00Z,0.0,Fitbit App
2026-05-07T15:57:00Z,0.0,Fitbit App
2026-05-07T15:58:00Z,0.0,Fitbit App
2026-05-07T15:59:00Z,0.0,Fitbit App
2026-05-07T16:00:00Z,0.0,Fitbit App
2026-05-07T16:01:00Z,0.0,Fitbit App
2026-05-07T16:03:00Z,0.5073,Fitbit App
2026-05-07T16:04:00Z,0.0,Fitbit App
2026-05-07T16:05:00Z,0.0,Fitbit App
2026-05-07T16:10:00Z,0.0,Fitbit App
2026-05-07T16:11:00Z,0.0,Fitbit App
2026-05-07T16:12:00Z,0.0,Fitbit App
2026-05-07T16:14:00Z,0.0,Fitbit App
2026-05-07T16:16:00Z,0.0,Fitbit App
2026-05-07T16:17:00Z,0.0,Fitbit App
2026-05-07T16:19:00Z,0.0,Fitbit App
2026-05-07T16:20:00Z,0.7609500000000001,Fitbit App
2026-05-07T16:21:00Z,1.0146,Fitbit App
2026-05-07T16:22:00Z,0.0,Fitbit App
2026-05-07T16:23:00Z,0.0,Fitbit App
2026-05-07T16:24:00Z,0.0,Fitbit App
2026-05-07T16:25:00Z,0.0,Fitbit App
2026-05-07T16:30:00Z,0.7609500000000001,Fitbit App
2026-05-07T16:31:00Z,0.0,Fitbit App
2026-05-07T16:32:00Z,0.7609500000000001,Fitbit App
2026-05-07T16:33:00Z,1.0146,Fitbit App
2026-05-07T16:34:00Z,1.77555,Fitbit App
2026-05-07T16:35:00Z,1.0146,Fitbit App
2026-05-07T16:36:00Z,0.7609500000000001,Fitbit App
2026-05-07T16:37:00Z,3.5511,Fitbit App
2026-05-07T16:38:00Z,1.5219000000000003,Fitbit App
2026-05-07T16:39:00Z,1.26825,Fitbit App
2026-05-07T16:40:00Z,0.0,Fitbit App
2026-05-07T16:44:00Z,0.0,Fitbit App
2026-05-07T16:45:00Z,0.0,Fitbit App
2026-05-07T16:46:00Z,0.0,Fitbit App
2026-05-07T16:47:00Z,0.0,Fitbit App
2026-05-07T16:49:00Z,0.0,Fitbit App
2026-05-07T16:51:00Z,0.0,Fitbit App
2026-05-07T16:52:00Z,0.0,Fitbit App
2026-05-07T16:53:00Z,0.0,Fitbit App
2026-05-07T16:54:00Z,0.0,Fitbit App
2026-05-07T16:55:00Z,0.7609500000000001,Fitbit App
2026-05-07T16:56:00Z,0.0,Fitbit App
2026-05-07T17:00:00Z,0.0,Fitbit App
2026-05-07T17:01:00Z,0.0,Fitbit App
2026-05-07T17:02:00Z,0.0,Fitbit App
2026-05-07T17:05:00Z,0.0,Fitbit App
2026-05-07T17:06:00Z,0.0,Fitbit App
2026-05-07T17:07:00Z,0.0,Fitbit App
2026-05-07T17:08:00Z,1.26825,Fitbit App
2026-05-07T17:09:00Z,0.7609500000000001,Fitbit App
2026-05-07T17:10:00Z,0.0,Fitbit App
2026-05-07T17:11:00Z,2.7901500000000006,Fitbit App
2026-05-07T17:12:00Z,1.5219000000000003,Fitbit App
2026-05-07T17:13:00Z,1.5219000000000003,Fitbit App
2026-05-07T17:14:00Z,0.5073,Fitbit App
2026-05-07T17:15:00Z,0.0,Fitbit App
2026-05-07T17:17:00Z,2.0292000000000003,Fitbit App
2026-05-07T17:18:00Z,4.81935,Fitbit App
2026-05-07T17:19:00Z,4.81935,Fitbit App
2026-05-07T17:20:00Z,4.81935,Fitbit App
2026-05-07T17:21:00Z,5.073,Fitbit App
2026-05-07T17:22:00Z,5.073,Fitbit App
2026-05-07T17:23:00Z,4.81935,Fitbit App
2026-05-07T17:24:00Z,3.0438000000000005,Fitbit App
2026-05-07T17:25:00Z,5.073,Fitbit App
2026-05-07T17:26:00Z,5.073,Fitbit App
2026-05-07T17:27:00Z,5.073,Fitbit App
2026-05-07T17:28:00Z,4.81935,Fitbit App
2026-05-07T17:29:00Z,3.29745,Fitbit App
2026-05-07T17:30:00Z,1.77555,Fitbit App
2026-05-07T17:31:00Z,2.0292000000000003,Fitbit App
2026-05-07T17:32:00Z,2.28285,Fitbit App
2026-05-07T17:33:00Z,1.5219000000000003,Fitbit App
2026-05-07T17:34:00Z,0.0,Fitbit App
2026-05-07T17:35:00Z,2.28285,Fitbit App
2026-05-07T17:36:00Z,2.28285,Fitbit App
2026-05-07T17:37:00Z,2.7901500000000006,Fitbit App
2026-05-07T17:38:00Z,3.0438000000000005,Fitbit App
2026-05-07T17:39:00Z,3.0438000000000005,Fitbit App
2026-05-07T17:40:00Z,2.28285,Fitbit App
2026-05-07T17:41:00Z,2.28285,Fitbit App
2026-05-07T17:42:00Z,4.058400000000001,Fitbit App
2026-05-07T17:43:00Z,4.5657,Fitbit App
2026-05-07T17:44:00Z,4.81935,Fitbit App
2026-05-07T17:45:00Z,5.073,Fitbit App
2026-05-07T17:46:00Z,4.81935,Fitbit App
2026-05-07T17:47:00Z,1.77555,Fitbit App
2026-05-07T17:48:00Z,2.28285,Fitbit App
2026-05-07T17:49:00Z,1.26825,Fitbit App
2026-05-07T17:50:00Z,2.7901500000000006,Fitbit App
2026-05-07T17:51:00Z,1.77555,Fitbit App
2026-05-07T17:52:00Z,0.0,Fitbit App
2026-05-07T17:53:00Z,0.0,Fitbit App
2026-05-07T17:54:00Z,1.0146,Fitbit App
2026-05-07T17:55:00Z,0.0,Fitbit App
2026-05-07T17:56:00Z,0.0,Fitbit App
2026-05-07T17:57:00Z,0.0,Fitbit App
2026-05-07T17:58:00Z,0.0,Fitbit App
2026-05-07T17:59:00Z,1.5219000000000003,Fitbit App
2026-05-07T18:00:00Z,5.073,Fitbit App
2026-05-07T18:01:00Z,5.073,Fitbit App
2026-05-07T18:02:00Z,4.81935,Fitbit App
2026-05-07T18:03:00Z,5.073,Fitbit App
2026-05-07T18:04:00Z,5.073,Fitbit App
2026-05-07T18:05:00Z,2.5365,Fitbit App
2026-05-07T18:06:00Z,2.28285,Fitbit App
2026-05-07T18:07:00Z,0.0,Fitbit App
2026-05-07T18:08:00Z,0.0,Fitbit App
2026-05-07T18:09:00Z,0.0,Fitbit App
2026-05-07T18:10:00Z,0.0,Fitbit App
2026-05-07T18:11:00Z,0.0,Fitbit App
2026-05-07T18:12:00Z,0.0,Fitbit App
2026-05-07T18:13:00Z,0.0,Fitbit App
2026-05-07T18:14:00Z,1.5219000000000003,Fitbit App
2026-05-07T18:15:00Z,1.5219000000000003,Fitbit App
2026-05-07T18:16:00Z,1.5219000000000003,Fitbit App
2026-05-07T18:17:00Z,1.5219000000000003,Fitbit App
2026-05-07T18:18:00Z,1.5219000000000003,Fitbit App
2026-05-07T18:19:00Z,1.26825,Fitbit App
2026-05-07T18:20:00Z,3.29745,Fitbit App
2026-05-07T18:21:00Z,2.0292000000000003,Fitbit App
2026-05-07T18:22:00Z,0.0,Fitbit App
2026-05-07T18:23:00Z,0.0,Fitbit App
2026-05-07T18:24:00Z,0.0,Fitbit App
2026-05-07T18:25:00Z,0.0,Fitbit App
2026-05-07T18:26:00Z,1.0146,Fitbit App
2026-05-08T10:56:00Z,0.0,Fitbit App
2026-05-08T10:57:00Z,0.0,Fitbit App
2026-05-08T11:02:00Z,0.0,Fitbit App
2026-05-08T11:03:00Z,0.0,Fitbit App
2026-05-08T11:08:00Z,0.0,Fitbit App
2026-05-08T11:09:00Z,0.0,Fitbit App
2026-05-08T11:10:00Z,0.0,Fitbit App
2026-05-08T11:11:00Z,0.0,Fitbit App
2026-05-08T11:12:00Z,0.0,Fitbit App
2026-05-08T11:13:00Z,0.0,Fitbit App
2026-05-08T11:14:00Z,0.0,Fitbit App
2026-05-08T11:15:00Z,0.0,Fitbit App
2026-05-08T11:16:00Z,0.0,Fitbit App
2026-05-08T11:18:00Z,0.0,Fitbit App
2026-05-08T11:22:00Z,0.0,Fitbit App
2026-05-08T11:23:00Z,0.0,Fitbit App
2026-05-08T11:30:00Z,0.0,Fitbit App
2026-05-08T11:31:00Z,0.0,Fitbit App
2026-05-08T11:32:00Z,0.0,Fitbit App
2026-05-08T11:33:00Z,0.0,Fitbit App
2026-05-08T11:46:00Z,0.0,Fitbit App
2026-05-08T11:48:00Z,0.0,Fitbit App
2026-05-08T11:49:00Z,0.0,Fitbit App
2026-05-08T11:54:00Z,0.0,Fitbit App
2026-05-08T11:57:00Z,0.0,Fitbit App
2026-05-08T11:58:00Z,1.0146,Fitbit App
2026-05-08T11:59:00Z,1.26825,Fitbit App
2026-05-08T12:00:00Z,3.0438000000000005,Fitbit App
2026-05-08T12:01:00Z,4.81935,Fitbit App
2026-05-08T12:02:00Z,4.5657,Fitbit App
2026-05-08T12:03:00Z,4.5657,Fitbit App
2026-05-08T12:04:00Z,4.81935,Fitbit App
2026-05-08T12:05:00Z,2.7901500000000006,Fitbit App
2026-05-08T12:06:00Z,4.058400000000001,Fitbit App
2026-05-08T12:07:00Z,4.81935,Fitbit App
2026-05-08T12:08:00Z,5.073,Fitbit App
2026-05-08T12:09:00Z,5.073,Fitbit App
2026-05-08T12:10:00Z,2.7901500000000006,Fitbit App
2026-05-08T12:11:00Z,2.0292000000000003,Fitbit App
2026-05-08T12:12:00Z,2.5365,Fitbit App
2026-05-08T12:13:00Z,2.28285,Fitbit App
2026-05-08T12:14:00Z,5.326650000000001,Fitbit App
2026-05-08T12:15:00Z,5.580300000000001,Fitbit App
2026-05-08T12:16:00Z,5.83395,Fitbit App
2026-05-08T12:17:00Z,6.3412500000000005,Fitbit App
2026-05-08T12:18:00Z,5.83395,Fitbit App
2026-05-08T12:19:00Z,5.83395,Fitbit App
2026-05-08T12:20:00Z,5.073,Fitbit App
2026-05-08T12:21:00Z,5.326650000000001,Fitbit App
2026-05-08T12:22:00Z,3.8047500000000003,Fitbit App
2026-05-08T12:23:00Z,4.312050000000001,Fitbit App
2026-05-08T12:24:00Z,2.5365,Fitbit App
2026-05-08T12:25:00Z,0.0,Fitbit App
2026-05-08T12:26:00Z,0.0,Fitbit App
2026-05-08T12:27:00Z,0.0,Fitbit App
2026-05-08T12:28:00Z,0.0,Fitbit App
2026-05-08T12:29:00Z,1.77555,Fitbit App
2026-05-08T12:30:00Z,0.0,Fitbit App
2026-05-08T12:31:00Z,0.0,Fitbit App
2026-05-08T12:32:00Z,0.0,Fitbit App
2026-05-08T12:33:00Z,0.0,Fitbit App
2026-05-08T12:34:00Z,1.26825,Fitbit App
2026-05-08T12:35:00Z,0.0,Fitbit App
2026-05-08T12:36:00Z,0.0,Fitbit App
2026-05-08T12:37:00Z,0.0,Fitbit App
2026-05-08T12:38:00Z,1.5219000000000003,Fitbit App
2026-05-08T12:39:00Z,1.77555,Fitbit App
2026-05-08T12:40:00Z,2.28285,Fitbit App
2026-05-08T12:41:00Z,1.77555,Fitbit App
2026-05-08T12:42:00Z,4.058400000000001,Fitbit App
2026-05-08T12:43:00Z,1.77555,Fitbit App
2026-05-08T12:44:00Z,0.0,Fitbit App
2026-05-08T12:45:00Z,0.0,Fitbit App
2026-05-08T12:47:00Z,0.0,Fitbit App
2026-05-08T12:51:00Z,0.0,Fitbit App
2026-05-08T12:54:00Z,0.0,Fitbit App
2026-05-08T12:55:00Z,0.0,Fitbit App
2026-05-08T12:57:00Z,0.0,Fitbit App
2026-05-08T13:21:00Z,0.7609500000000001,Fitbit App
2026-05-08T13:22:00Z,0.0,Fitbit App
2026-05-08T13:23:00Z,0.0,Fitbit App
2026-05-08T13:24:00Z,0.0,Fitbit App
2026-05-08T13:29:00Z,0.0,Fitbit App
2026-05-08T13:31:00Z,0.0,Fitbit App
2026-05-08T13:52:00Z,0.0,Fitbit App
2026-05-08T13:53:00Z,0.0,Fitbit App
2026-05-08T13:54:00Z,0.0,Fitbit App
2026-05-08T13:55:00Z,0.0,Fitbit App
2026-05-08T13:56:00Z,0.0,Fitbit App
2026-05-08T13:57:00Z,0.0,Fitbit App
2026-05-08T14:00:00Z,0.0,Fitbit App
2026-05-08T14:01:00Z,0.0,Fitbit App
2026-05-08T14:02:00Z,4.81935,Fitbit App
2026-05-08T14:03:00Z,2.28285,Fitbit App
2026-05-08T14:04:00Z,3.8047500000000003,Fitbit App
2026-05-08T14:05:00Z,1.5219000000000003,Fitbit App
2026-05-08T14:06:00Z,0.5073,Fitbit App
2026-05-08T14:07:00Z,0.5073,Fitbit App
2026-05-08T14:08:00Z,2.7901500000000006,Fitbit App
2026-05-08T14:09:00Z,0.0,Fitbit App
2026-05-08T14:10:00Z,0.7609500000000001,Fitbit App
2026-05-08T14:11:00Z,1.5219000000000003,Fitbit App
2026-05-08T14:12:00Z,1.5219000000000003,Fitbit App
2026-05-08T14:13:00Z,1.77555,Fitbit App
2026-05-08T14:14:00Z,0.7609500000000001,Fitbit App
2026-05-08T14:15:00Z,2.0292000000000003,Fitbit App
2026-05-08T14:16:00Z,2.0292000000000003,Fitbit App
2026-05-08T14:17:00Z,1.77555,Fitbit App
2026-05-08T14:18:00Z,2.0292000000000003,Fitbit App
2026-05-08T14:19:00Z,2.28285,Fitbit App
2026-05-08T14:20:00Z,3.0438000000000005,Fitbit App
2026-05-08T14:21:00Z,2.0292000000000003,Fitbit App
2026-05-08T14:22:00Z,1.5219000000000003,Fitbit App
2026-05-08T14:23:00Z,1.77555,Fitbit App
2026-05-08T14:24:00Z,0.0,Fitbit App
2026-05-08T14:25:00Z,0.0,Fitbit App
2026-05-08T14:26:00Z,0.0,Fitbit App
2026-05-08T14:27:00Z,1.26825,Fitbit App
2026-05-08T14:28:00Z,1.5219000000000003,Fitbit App
2026-05-08T14:29:00Z,0.0,Fitbit App
2026-05-08T14:30:00Z,0.0,Fitbit App
2026-05-08T14:31:00Z,0.0,Fitbit App
2026-05-08T14:32:00Z,0.0,Fitbit App
2026-05-08T14:33:00Z,1.26825,Fitbit App
2026-05-08T14:34:00Z,2.0292000000000003,Fitbit App
2026-05-08T14:35:00Z,1.26825,Fitbit App
2026-05-08T14:36:00Z,0.0,Fitbit App
2026-05-08T14:37:00Z,1.0146,Fitbit App
2026-05-08T14:38:00Z,2.28285,Fitbit App
2026-05-08T14:39:00Z,2.5365,Fitbit App
2026-05-08T14:40:00Z,1.26825,Fitbit App
2026-05-08T14:41:00Z,1.0146,Fitbit App
2026-05-08T14:42:00Z,1.5219000000000003,Fitbit App
2026-05-08T14:43:00Z,1.0146,Fitbit App
2026-05-08T14:44:00Z,1.26825,Fitbit App
2026-05-08T14:45:00Z,0.0,Fitbit App
2026-05-08T14:46:00Z,0.0,Fitbit App
2026-05-08T14:47:00Z,0.0,Fitbit App
2026-05-08T14:48:00Z,2.5365,Fitbit App
2026-05-08T14:49:00Z,2.7901500000000006,Fitbit App
2026-05-08T14:50:00Z,0.0,Fitbit App
2026-05-08T14:51:00Z,0.7609500000000001,Fitbit App
2026-05-08T14:52:00Z,0.0,Fitbit App
2026-05-08T14:53:00Z,0.0,Fitbit App
2026-05-08T14:54:00Z,0.0,Fitbit App
2026-05-08T14:55:00Z,0.0,Fitbit App
2026-05-08T14:56:00Z,0.0,Fitbit App
2026-05-08T14:57:00Z,0.0,Fitbit App
2026-05-08T14:58:00Z,0.7609500000000001,Fitbit App
2026-05-08T14:59:00Z,0.0,Fitbit App
2026-05-08T15:00:00Z,0.0,Fitbit App
2026-05-08T15:01:00Z,0.0,Fitbit App
2026-05-08T15:03:00Z,0.0,Fitbit App
2026-05-08T15:04:00Z,2.0292000000000003,Fitbit App
2026-05-08T15:05:00Z,3.5511,Fitbit App
2026-05-08T15:06:00Z,2.28285,Fitbit App
2026-05-08T15:07:00Z,0.0,Fitbit App
2026-05-08T15:08:00Z,0.0,Fitbit App
2026-05-08T15:09:00Z,0.0,Fitbit App
2026-05-08T15:10:00Z,0.0,Fitbit App
2026-05-08T15:11:00Z,1.77555,Fitbit App
2026-05-08T15:12:00Z,2.28285,Fitbit App
2026-05-08T15:13:00Z,1.5219000000000003,Fitbit App
2026-05-08T15:14:00Z,1.77555,Fitbit App
2026-05-08T15:15:00Z,2.7901500000000006,Fitbit App
2026-05-08T15:16:00Z,2.7901500000000006,Fitbit App
2026-05-08T15:17:00Z,0.0,Fitbit App
2026-05-08T15:18:00Z,0.0,Fitbit App
2026-05-08T15:19:00Z,0.0,Fitbit App
2026-05-08T15:20:00Z,0.0,Fitbit App
2026-05-08T15:21:00Z,0.0,Fitbit App
2026-05-08T15:22:00Z,0.0,Fitbit App
2026-05-08T15:23:00Z,0.0,Fitbit App
2026-05-08T15:24:00Z,0.0,Fitbit App
2026-05-08T15:25:00Z,0.0,Fitbit App
2026-05-08T15:26:00Z,0.0,Fitbit App
2026-05-08T15:27:00Z,0.0,Fitbit App
2026-05-08T15:28:00Z,0.0,Fitbit App
2026-05-08T15:29:00Z,0.0,Fitbit App
2026-05-08T15:30:00Z,0.0,Fitbit App
2026-05-08T15:31:00Z,0.0,Fitbit App
2026-05-08T15:32:00Z,0.0,Fitbit App
2026-05-08T15:33:00Z,0.0,Fitbit App
2026-05-08T15:34:00Z,0.0,Fitbit App
2026-05-08T15:35:00Z,0.0,Fitbit App
2026-05-08T15:36:00Z,0.7609500000000001,Fitbit App
2026-05-08T15:37:00Z,1.5219000000000003,Fitbit App
2026-05-08T15:38:00Z,3.29745,Fitbit App
2026-05-08T15:39:00Z,0.0,Fitbit App
2026-05-08T15:40:00Z,0.0,Fitbit App
2026-05-08T15:41:00Z,0.0,Fitbit App
2026-05-08T15:42:00Z,0.0,Fitbit App
2026-05-08T15:43:00Z,0.0,Fitbit App
2026-05-08T15:44:00Z,0.7609500000000001,Fitbit App
2026-05-08T15:45:00Z,0.0,Fitbit App
2026-05-08T15:46:00Z,0.0,Fitbit App
2026-05-08T15:48:00Z,0.0,Fitbit App
2026-05-08T15:49:00Z,0.0,Fitbit App
2026-05-08T15:50:00Z,0.0,Fitbit App
2026-05-08T15:51:00Z,0.0,Fitbit App
2026-05-08T15:52:00Z,0.0,Fitbit App
2026-05-08T15:53:00Z,0.0,Fitbit App
2026-05-08T15:54:00Z,0.0,Fitbit App
2026-05-08T15:55:00Z,0.0,Fitbit App
2026-05-08T15:56:00Z,0.0,Fitbit App
2026-05-08T15:57:00Z,1.0146,Fitbit App
2026-05-08T15:58:00Z,0.0,Fitbit App
2026-05-08T15:59:00Z,0.0,Fitbit App
2026-05-08T16:00:00Z,0.0,Fitbit App
2026-05-08T16:01:00Z,0.0,Fitbit App
2026-05-08T16:02:00Z,0.0,Fitbit App
2026-05-08T16:03:00Z,0.0,Fitbit App
2026-05-08T16:04:00Z,0.0,Fitbit App
2026-05-08T16:05:00Z,0.0,Fitbit App
2026-05-08T16:06:00Z,0.0,Fitbit App
2026-05-08T16:07:00Z,0.0,Fitbit App
2026-05-08T16:08:00Z,0.0,Fitbit App
2026-05-08T16:09:00Z,0.0,Fitbit App
2026-05-08T16:10:00Z,0.0,Fitbit App
2026-05-08T16:11:00Z,0.0,Fitbit App
2026-05-08T16:12:00Z,0.0,Fitbit App
2026-05-08T16:13:00Z,0.0,Fitbit App
2026-05-08T16:14:00Z,0.0,Fitbit App
2026-05-08T16:15:00Z,0.0,Fitbit App
2026-05-08T16:16:00Z,0.0,Fitbit App
2026-05-08T16:18:00Z,0.0,Fitbit App
2026-05-08T16:21:00Z,0.0,Fitbit App
2026-05-08T16:24:00Z,0.0,Fitbit App
2026-05-08T16:25:00Z,0.0,Fitbit App
2026-05-08T16:26:00Z,4.5657,Fitbit App
2026-05-08T16:27:00Z,0.0,Fitbit App
2026-05-08T16:28:00Z,0.0,Fitbit App
2026-05-08T16:29:00Z,2.0292000000000003,Fitbit App
2026-05-08T16:30:00Z,1.77555,Fitbit App
2026-05-08T16:31:00Z,0.0,Fitbit App
2026-05-08T16:32:00Z,1.26825,Fitbit App
2026-05-08T16:33:00Z,0.0,Fitbit App
2026-05-08T16:34:00Z,0.0,Fitbit App
2026-05-08T16:35:00Z,1.0146,Fitbit App
2026-05-08T16:36:00Z,0.0,Fitbit App
2026-05-08T16:37:00Z,0.0,Fitbit App
2026-05-08T16:38:00Z,1.5219000000000003,Fitbit App
2026-05-08T16:39:00Z,1.77555,Fitbit App
2026-05-08T16:40:00Z,3.5511,Fitbit App
2026-05-08T16:41:00Z,2.0292000000000003,Fitbit App
2026-05-08T16:42:00Z,4.058400000000001,Fitbit App
2026-05-08T16:43:00Z,3.0438000000000005,Fitbit App
2026-05-08T16:44:00Z,2.0292000000000003,Fitbit App
2026-05-08T16:45:00Z,2.28285,Fitbit App
2026-05-08T16:46:00Z,2.5365,Fitbit App
2026-05-08T16:47:00Z,4.81935,Fitbit App
2026-05-08T16:48:00Z,4.81935,Fitbit App
2026-05-08T16:49:00Z,5.580300000000001,Fitbit App
2026-05-08T16:50:00Z,4.5657,Fitbit App
2026-05-08T16:51:00Z,4.81935,Fitbit App
2026-05-08T16:52:00Z,6.3412500000000005,Fitbit App
2026-05-08T16:53:00Z,6.3412500000000005,Fitbit App
2026-05-08T16:54:00Z,7.609500000000001,Fitbit App
2026-05-08T16:55:00Z,7.1022,Fitbit App
2026-05-08T16:56:00Z,7.1022,Fitbit App
2026-05-08T16:57:00Z,6.848550000000001,Fitbit App
2026-05-08T16:58:00Z,4.312050000000001,Fitbit App
2026-05-08T16:59:00Z,7.989975000000001,Fitbit App
2026-05-08T17:00:00Z,9.6387,Fitbit App
2026-05-08T17:01:00Z,8.87775,Fitbit App
2026-05-08T17:02:00Z,6.848550000000001,Fitbit App
2026-05-08T17:03:00Z,2.5365,Fitbit App
2026-05-08T17:04:00Z,1.5219000000000003,Fitbit App
2026-05-08T17:05:00Z,1.5219000000000003,Fitbit App
2026-05-08T17:06:00Z,1.648725,Fitbit App
2026-05-08T17:07:00Z,0.0,Fitbit App
2026-05-08T17:08:00Z,0.0,Fitbit App
2026-05-08T17:10:00Z,0.0,Fitbit App
2026-05-08T17:11:00Z,0.0,Fitbit App
2026-05-08T17:12:00Z,0.0,Fitbit App
2026-05-08T17:13:00Z,0.0,Fitbit App
2026-05-08T17:14:00Z,0.0,Fitbit App
2026-05-08T17:15:00Z,1.77555,Fitbit App
2026-05-08T17:16:00Z,0.0,Fitbit App
2026-05-08T17:17:00Z,0.0,Fitbit App
2026-05-08T17:18:00Z,0.0,Fitbit App
2026-05-08T17:19:00Z,0.0,Fitbit App
2026-05-08T17:20:00Z,0.0,Fitbit App
2026-05-08T17:21:00Z,0.0,Fitbit App
2026-05-08T17:22:00Z,0.0,Fitbit App
2026-05-08T17:23:00Z,0.0,Fitbit App
2026-05-08T17:24:00Z,0.0,Fitbit App
2026-05-08T17:25:00Z,0.0,Fitbit App
2026-05-08T17:26:00Z,0.0,Fitbit App
2026-05-08T17:27:00Z,0.0,Fitbit App
2026-05-08T17:28:00Z,0.0,Fitbit App
2026-05-08T17:29:00Z,0.0,Fitbit App
2026-05-08T17:30:00Z,0.0,Fitbit App
2026-05-08T17:31:00Z,0.0,Fitbit App
2026-05-08T17:32:00Z,0.0,Fitbit App
2026-05-08T17:33:00Z,0.0,Fitbit App
2026-05-08T17:34:00Z,0.0,Fitbit App
2026-05-08T17:35:00Z,0.0,Fitbit App
2026-05-08T17:36:00Z,0.0,Fitbit App
2026-05-08T17:37:00Z,0.0,Fitbit App
2026-05-08T17:38:00Z,0.0,Fitbit App
2026-05-08T17:39:00Z,0.0,Fitbit App
2026-05-08T17:40:00Z,0.0,Fitbit App
2026-05-08T17:41:00Z,0.0,Fitbit App
2026-05-08T17:42:00Z,0.0,Fitbit App
2026-05-08T17:43:00Z,0.0,Fitbit App
2026-05-08T17:44:00Z,0.0,Fitbit App
2026-05-08T17:45:00Z,0.0,Fitbit App
2026-05-08T17:46:00Z,0.0,Fitbit App
2026-05-08T17:47:00Z,0.0,Fitbit App
2026-05-08T17:48:00Z,0.0,Fitbit App
2026-05-08T17:49:00Z,0.0,Fitbit App
2026-05-08T17:50:00Z,2.5365,Fitbit App
2026-05-08T17:51:00Z,4.5657,Fitbit App
2026-05-08T17:52:00Z,4.81935,Fitbit App
2026-05-08T17:53:00Z,5.326650000000001,Fitbit App
2026-05-08T17:54:00Z,5.326650000000001,Fitbit App
2026-05-08T17:55:00Z,5.326650000000001,Fitbit App
2026-05-08T17:56:00Z,5.073,Fitbit App
2026-05-08T17:57:00Z,5.073,Fitbit App
2026-05-08T17:58:00Z,5.326650000000001,Fitbit App
2026-05-08T17:59:00Z,5.326650000000001,Fitbit App
2026-05-08T18:00:00Z,5.326650000000001,Fitbit App
2026-05-08T18:01:00Z,5.326650000000001,Fitbit App
2026-05-08T18:02:00Z,2.7901500000000006,Fitbit App
2026-05-08T18:03:00Z,0.0,Fitbit App
2026-05-08T18:04:00Z,0.0,Fitbit App
2026-05-08T18:05:00Z,1.77555,Fitbit App
2026-05-08T18:06:00Z,1.77555,Fitbit App
2026-05-08T18:07:00Z,0.7609500000000001,Fitbit App
2026-05-08T18:08:00Z,0.0,Fitbit App
2026-05-08T18:09:00Z,0.0,Fitbit App
2026-05-08T18:10:00Z,0.0,Fitbit App
2026-05-08T18:11:00Z,0.0,Fitbit App
2026-05-08T18:12:00Z,0.0,Fitbit App
2026-05-08T18:13:00Z,0.0,Fitbit App
2026-05-08T18:14:00Z,0.0,Fitbit App
2026-05-08T18:17:00Z,0.0,Fitbit App
2026-05-08T18:18:00Z,0.0,Fitbit App
2026-05-08T18:19:00Z,0.0,Fitbit App
2026-05-08T18:20:00Z,0.0,Fitbit App
2026-05-08T18:21:00Z,0.0,Fitbit App
2026-05-08T18:22:00Z,1.0146,Fitbit App
2026-05-08T18:23:00Z,1.26825,Fitbit App
2026-05-08T18:24:00Z,2.7901500000000006,Fitbit App
2026-05-08T18:25:00Z,5.326650000000001,Fitbit App
2026-05-08T18:26:00Z,5.326650000000001,Fitbit App
2026-05-08T18:27:00Z,5.073,Fitbit App
2026-05-08T18:28:00Z,2.7901500000000006,Fitbit App
2026-05-08T18:29:00Z,3.5511,Fitbit App
2026-05-08T18:30:00Z,0.0,Fitbit App
2026-05-08T18:31:00Z,1.77555,Fitbit App
2026-05-08T18:32:00Z,1.5219000000000003,Fitbit App
2026-05-08T18:33:00Z,0.0,Fitbit App
2026-05-08T18:34:00Z,0.0,Fitbit App
2026-05-08T18:35:00Z,0.0,Fitbit App
2026-05-08T18:36:00Z,0.0,Fitbit App
2026-05-08T18:37:00Z,1.5219000000000003,Fitbit App
2026-05-08T18:38:00Z,1.26825,Fitbit App
2026-05-08T18:39:00Z,0.0,Fitbit App
2026-05-08T18:40:00Z,0.0,Fitbit App
2026-05-08T18:41:00Z,1.77555,Fitbit App
2026-05-08T18:42:00Z,0.0,Fitbit App
2026-05-08T18:43:00Z,1.77555,Fitbit App
2026-05-08T18:44:00Z,1.5219000000000003,Fitbit App
2026-05-08T18:45:00Z,2.28285,Fitbit App
2026-05-08T18:46:00Z,2.28285,Fitbit App
2026-05-08T18:47:00Z,2.5365,Fitbit App
2026-05-08T18:48:00Z,2.28285,Fitbit App
2026-05-08T18:49:00Z,0.0,Fitbit App
2026-05-08T18:50:00Z,2.7901500000000006,Fitbit App
2026-05-08T18:51:00Z,2.28285,Fitbit App
2026-05-08T18:52:00Z,2.0292000000000003,Fitbit App
2026-05-08T18:53:00Z,1.77555,Fitbit App
2026-05-08T18:54:00Z,0.0,Fitbit App
2026-05-08T18:55:00Z,0.0,Fitbit App
2026-05-08T18:56:00Z,0.0,Fitbit App
2026-05-08T18:57:00Z,0.0,Fitbit App
2026-05-08T18:58:00Z,0.0,Fitbit App
2026-05-08T18:59:00Z,0.0,Fitbit App
2026-05-08T19:00:00Z,0.0,Fitbit App
2026-05-08T19:01:00Z,0.0,Fitbit App
2026-05-08T19:02:00Z,0.0,Fitbit App
2026-05-08T19:03:00Z,0.0,Fitbit App
2026-05-08T19:04:00Z,0.0,Fitbit App
2026-05-08T19:05:00Z,0.0,Fitbit App
2026-05-08T19:06:00Z,0.7609500000000001,Fitbit App
2026-05-08T19:07:00Z,0.0,Fitbit App
2026-05-08T19:08:00Z,0.0,Fitbit App
2026-05-08T19:09:00Z,0.0,Fitbit App
2026-05-08T19:10:00Z,0.0,Fitbit App
2026-05-08T19:11:00Z,0.0,Fitbit App
2026-05-08T19:12:00Z,0.0,Fitbit App
2026-05-08T19:13:00Z,0.0,Fitbit App
2026-05-08T19:14:00Z,1.0146,Fitbit App
2026-05-08T19:15:00Z,0.0,Fitbit App
2026-05-08T19:16:00Z,1.0146,Fitbit App
2026-05-08T19:17:00Z,0.0,Fitbit App
2026-05-08T19:18:00Z,1.77555,Fitbit App
2026-05-08T19:19:00Z,0.0,Fitbit App
2026-05-08T19:20:00Z,0.0,Fitbit App
2026-05-08T19:21:00Z,1.77555,Fitbit App
2026-05-08T19:22:00Z,0.0,Fitbit App
2026-05-08T19:23:00Z,0.0,Fitbit App
2026-05-08T19:24:00Z,0.0,Fitbit App
2026-05-08T19:25:00Z,1.77555,Fitbit App
2026-05-08T19:26:00Z,2.5365,Fitbit App
2026-05-08T19:27:00Z,1.5219000000000003,Fitbit App
2026-05-08T19:28:00Z,2.0292000000000003,Fitbit App
2026-05-08T19:29:00Z,2.5365,Fitbit App
2026-05-08T19:30:00Z,1.5219000000000003,Fitbit App
2026-05-08T19:31:00Z,1.26825,Fitbit App
2026-05-08T19:32:00Z,3.0438000000000005,Fitbit App
2026-05-08T19:33:00Z,2.28285,Fitbit App
2026-05-08T19:34:00Z,0.0,Fitbit App
2026-05-08T19:35:00Z,0.0,Fitbit App
2026-05-08T19:36:00Z,0.0,Fitbit App
2026-05-08T19:37:00Z,0.0,Fitbit App
2026-05-08T19:38:00Z,0.0,Fitbit App
2026-05-08T19:39:00Z,0.0,Fitbit App
2026-05-08T19:40:00Z,0.0,Fitbit App
2026-05-08T19:41:00Z,0.0,Fitbit App
2026-05-08T19:42:00Z,0.0,Fitbit App
2026-05-08T19:43:00Z,0.0,Fitbit App
2026-05-08T19:44:00Z,0.0,Fitbit App
2026-05-08T19:45:00Z,0.0,Fitbit App
2026-05-08T19:46:00Z,0.0,Fitbit App
2026-05-08T19:47:00Z,0.0,Fitbit App
2026-05-08T19:48:00Z,0.0,Fitbit App
2026-05-08T19:49:00Z,0.0,Fitbit App
2026-05-08T19:50:00Z,0.0,Fitbit App
2026-05-08T19:51:00Z,0.0,Fitbit App
2026-05-08T19:52:00Z,0.0,Fitbit App
2026-05-08T19:53:00Z,0.0,Fitbit App
2026-05-08T19:54:00Z,0.0,Fitbit App
2026-05-08T19:55:00Z,0.0,Fitbit App
2026-05-08T19:56:00Z,0.0,Fitbit App
2026-05-08T19:57:00Z,0.0,Fitbit App
2026-05-08T19:58:00Z,0.0,Fitbit App
2026-05-08T19:59:00Z,0.0,Fitbit App
2026-05-08T20:00:00Z,0.0,Fitbit App
2026-05-08T20:01:00Z,0.0,Fitbit App
2026-05-08T20:02:00Z,0.0,Fitbit App
2026-05-08T20:03:00Z,0.0,Fitbit App
2026-05-08T20:04:00Z,0.0,Fitbit App
2026-05-08T20:05:00Z,0.0,Fitbit App
2026-05-08T20:06:00Z,0.0,Fitbit App
2026-05-08T20:07:00Z,0.0,Fitbit App
2026-05-08T20:08:00Z,0.0,Fitbit App
2026-05-08T20:09:00Z,0.0,Fitbit App
2026-05-08T20:10:00Z,0.0,Fitbit App
2026-05-08T20:11:00Z,0.0,Fitbit App
2026-05-08T20:12:00Z,0.0,Fitbit App
2026-05-08T20:13:00Z,0.0,Fitbit App
2026-05-08T20:14:00Z,0.0,Fitbit App
2026-05-08T20:15:00Z,0.0,Fitbit App
2026-05-08T20:16:00Z,0.0,Fitbit App
2026-05-08T20:17:00Z,0.0,Fitbit App
2026-05-08T20:18:00Z,0.0,Fitbit App
2026-05-08T20:19:00Z,0.0,Fitbit App
2026-05-08T20:20:00Z,0.0,Fitbit App
2026-05-08T20:21:00Z,0.0,Fitbit App
2026-05-08T20:22:00Z,0.0,Fitbit App
2026-05-08T20:23:00Z,0.0,Fitbit App
2026-05-08T20:24:00Z,0.0,Fitbit App
2026-05-08T20:25:00Z,0.0,Fitbit App
2026-05-08T20:26:00Z,0.0,Fitbit App
2026-05-08T20:28:00Z,0.0,Fitbit App
2026-05-08T20:29:00Z,0.0,Fitbit App
2026-05-08T20:30:00Z,0.0,Fitbit App
2026-05-08T20:46:00Z,0.0,Fitbit App
2026-05-08T20:53:00Z,0.0,Fitbit App
2026-05-08T20:54:00Z,2.0292000000000003,Fitbit App
2026-05-08T20:55:00Z,1.77555,Fitbit App
2026-05-08T20:56:00Z,0.0,Fitbit App
2026-05-08T20:57:00Z,1.0146,Fitbit App
2026-05-08T20:58:00Z,1.77555,Fitbit App
2026-05-08T20:59:00Z,2.7901500000000006,Fitbit App
2026-05-08T21:00:00Z,2.0292000000000003,Fitbit App
2026-05-08T21:01:00Z,1.77555,Fitbit App
2026-05-08T21:02:00Z,1.77555,Fitbit App
2026-05-08T21:03:00Z,3.0438000000000005,Fitbit App
2026-05-08T21:04:00Z,1.5219000000000003,Fitbit App
2026-05-08T21:05:00Z,3.5511,Fitbit App
2026-05-08T21:06:00Z,2.5365,Fitbit App
2026-05-08T21:07:00Z,1.77555,Fitbit App
2026-05-08T21:08:00Z,1.5219000000000003,Fitbit App
2026-05-08T21:09:00Z,1.0146,Fitbit App
2026-05-08T21:10:00Z,1.0146,Fitbit App
2026-05-08T21:11:00Z,0.0,Fitbit App
2026-05-08T21:12:00Z,1.0146,Fitbit App
2026-05-08T21:13:00Z,0.0,Fitbit App
2026-05-08T21:14:00Z,0.0,Fitbit App
2026-05-08T21:15:00Z,0.0,Fitbit App
2026-05-08T21:16:00Z,0.0,Fitbit App
2026-05-08T21:17:00Z,0.0,Fitbit App
2026-05-08T21:18:00Z,1.26825,Fitbit App
2026-05-08T21:19:00Z,0.0,Fitbit App
2026-05-08T21:20:00Z,0.0,Fitbit App
2026-05-08T21:22:00Z,0.0,Fitbit App
2026-05-08T21:23:00Z,0.0,Fitbit App
2026-05-08T21:28:00Z,0.0,Fitbit App
2026-05-08T21:29:00Z,0.0,Fitbit App
2026-05-08T21:30:00Z,0.0,Fitbit App
2026-05-08T21:31:00Z,0.0,Fitbit App
2026-05-08T21:32:00Z,0.0,Fitbit App
2026-05-08T21:35:00Z,0.0,Fitbit App
2026-05-08T21:36:00Z,4.312050000000001,Fitbit App
2026-05-08T21:37:00Z,2.7901500000000006,Fitbit App
2026-05-08T21:38:00Z,0.0,Fitbit App
2026-05-08T21:39:00Z,0.0,Fitbit App
2026-05-08T21:40:00Z,0.0,Fitbit App
2026-05-08T21:41:00Z,0.5073,Fitbit App
2026-05-08T21:42:00Z,0.0,Fitbit App
2026-05-08T21:43:00Z,0.7609500000000001,Fitbit App
2026-05-08T21:44:00Z,1.26825,Fitbit App
2026-05-08T21:45:00Z,2.7901500000000006,Fitbit App
2026-05-08T21:46:00Z,0.0,Fitbit App
2026-05-08T21:47:00Z,1.26825,Fitbit App
2026-05-08T21:51:00Z,0.0,Fitbit App
2026-05-08T22:30:00Z,0.5073,Fitbit App
2026-05-08T22:33:00Z,0.0,Fitbit App
2026-05-08T22:39:00Z,0.0,Fitbit App
2026-05-08T22:50:00Z,0.0,Fitbit App
2026-05-08T22:54:00Z,0.0,Fitbit App
2026-05-08T23:05:00Z,0.0,Fitbit App
2026-05-08T23:08:00Z,0.0,Fitbit App
2026-05-08T23:11:00Z,0.0,Fitbit App
2026-05-08T23:14:00Z,0.0,Fitbit App
2026-05-08T23:17:00Z,0.0,Fitbit App
2026-05-08T23:50:00Z,0.5073,Fitbit App
2026-05-08T23:51:00Z,0.5073,Fitbit App
2026-05-09T00:36:00Z,0.0,Fitbit App
2026-05-09T00:47:00Z,0.0,Fitbit App
2026-05-09T01:22:00Z,0.0,Fitbit App
2026-05-09T02:07:00Z,0.5073,Fitbit App
2026-05-09T02:53:00Z,0.0,Fitbit App
2026-05-09T03:25:00Z,0.0,Fitbit App
2026-05-09T03:27:00Z,0.0,Fitbit App
2026-05-09T03:28:00Z,0.25365000000000026,Fitbit App
2026-05-09T03:44:00Z,0.0,Fitbit App
2026-05-09T04:30:00Z,0.0,Fitbit App
2026-05-09T04:47:00Z,0.0,Fitbit App
2026-05-09T04:54:00Z,0.0,Fitbit App
2026-05-09T05:46:00Z,0.0,Fitbit App
2026-05-09T06:00:00Z,0.0,Fitbit App
2026-05-09T06:02:00Z,0.0,Fitbit App
2026-05-09T06:20:00Z,0.0,Fitbit App
2026-05-09T06:23:00Z,1.26825,Fitbit App
2026-05-09T06:24:00Z,1.5219000000000003,Fitbit App
2026-05-09T06:25:00Z,1.26825,Fitbit App
2026-05-09T06:26:00Z,0.0,Fitbit App
2026-05-09T06:42:00Z,0.0,Fitbit App
2026-05-09T06:43:00Z,1.26825,Fitbit App
2026-05-09T06:44:00Z,2.28285,Fitbit App
2026-05-09T06:45:00Z,3.0438000000000005,Fitbit App
2026-05-09T06:46:00Z,3.0438000000000005,Fitbit App
2026-05-09T06:47:00Z,1.5219000000000003,Fitbit App
2026-05-09T06:48:00Z,4.5657,Fitbit App
2026-05-09T06:49:00Z,4.058400000000001,Fitbit App
2026-05-09T06:50:00Z,4.312050000000001,Fitbit App
2026-05-09T06:51:00Z,1.77555,Fitbit App
2026-05-09T06:52:00Z,0.0,Fitbit App
2026-05-09T06:53:00Z,0.0,Fitbit App
2026-05-09T06:54:00Z,0.0,Fitbit App
2026-05-09T06:55:00Z,0.0,Fitbit App
2026-05-09T06:57:00Z,0.0,Fitbit App
2026-05-09T06:58:00Z,0.0,Fitbit App
2026-05-09T06:59:00Z,0.0,Fitbit App
2026-05-09T07:00:00Z,0.0,Fitbit App
2026-05-09T07:01:00Z,0.0,Fitbit App
2026-05-09T07:02:00Z,0.0,Fitbit App
2026-05-09T07:03:00Z,0.0,Fitbit App
2026-05-09T07:04:00Z,0.0,Fitbit App
2026-05-09T07:05:00Z,0.0,Fitbit App
2026-05-09T07:06:00Z,0.0,Fitbit App
2026-05-09T07:07:00Z,0.0,Fitbit App
2026-05-09T07:08:00Z,0.0,Fitbit App
2026-05-09T07:09:00Z,0.0,Fitbit App
2026-05-09T07:10:00Z,0.7609500000000001,Fitbit App
2026-05-09T07:11:00Z,0.0,Fitbit App
2026-05-09T07:12:00Z,0.0,Fitbit App
2026-05-09T07:18:00Z,0.0,Fitbit App
2026-05-09T07:21:00Z,0.0,Fitbit App
2026-05-09T07:22:00Z,0.5073,Fitbit App
2026-05-09T07:23:00Z,0.5073,Fitbit App
2026-05-09T07:24:00Z,0.0,Fitbit App
2026-05-09T07:25:00Z,0.0,Fitbit App
2026-05-09T07:26:00Z,0.0,Fitbit App
2026-05-09T07:27:00Z,0.0,Fitbit App
2026-05-09T07:29:00Z,0.0,Fitbit App
2026-05-09T07:30:00Z,0.0,Fitbit App
2026-05-09T07:31:00Z,0.5073,Fitbit App
2026-05-09T07:33:00Z,0.0,Fitbit App
2026-05-09T07:34:00Z,0.0,Fitbit App
2026-05-09T07:35:00Z,0.0,Fitbit App
2026-05-09T07:40:00Z,0.0,Fitbit App
2026-05-09T07:42:00Z,0.0,Fitbit App
2026-05-09T07:43:00Z,0.0,Fitbit App
2026-05-09T07:44:00Z,0.0,Fitbit App
2026-05-09T07:50:00Z,0.0,Fitbit App
2026-05-09T07:52:00Z,0.0,Fitbit App
2026-05-09T07:53:00Z,0.0,Fitbit App
2026-05-09T07:56:00Z,0.0,Fitbit App
2026-05-09T07:59:00Z,0.0,Fitbit App
2026-05-09T08:02:00Z,0.0,Fitbit App
2026-05-09T08:08:00Z,0.0,Fitbit App
2026-05-09T08:11:00Z,0.0,Fitbit App
2026-05-09T08:12:00Z,2.0292000000000003,Fitbit App
2026-05-09T08:13:00Z,0.0,Fitbit App
2026-05-09T08:14:00Z,1.26825,Fitbit App
2026-05-09T08:15:00Z,0.0,Fitbit App
2026-05-09T08:16:00Z,0.0,Fitbit App
2026-05-09T08:17:00Z,1.26825,Fitbit App
2026-05-09T08:18:00Z,1.0146,Fitbit App
2026-05-09T08:19:00Z,1.5219000000000003,Fitbit App
2026-05-09T08:20:00Z,0.0,Fitbit App
2026-05-09T08:21:00Z,0.0,Fitbit App
2026-05-09T08:22:00Z,1.26825,Fitbit App
2026-05-09T08:23:00Z,2.28285,Fitbit App
2026-05-09T08:24:00Z,0.5073,Fitbit App
2026-05-09T08:25:00Z,0.0,Fitbit App
2026-05-09T08:26:00Z,4.058400000000001,Fitbit App
2026-05-09T08:27:00Z,0.0,Fitbit App
2026-05-09T08:28:00Z,0.0,Fitbit App
2026-05-09T08:29:00Z,0.0,Fitbit App
2026-05-09T08:30:00Z,0.0,Fitbit App
2026-05-09T08:31:00Z,1.26825,Fitbit App
2026-05-09T08:32:00Z,3.5511,Fitbit App
2026-05-09T08:33:00Z,0.0,Fitbit App
2026-05-09T08:35:00Z,0.0,Fitbit App
2026-05-09T08:36:00Z,0.0,Fitbit App
2026-05-09T08:37:00Z,0.0,Fitbit App
2026-05-09T08:38:00Z,2.0292000000000003,Fitbit App
2026-05-09T08:39:00Z,1.26825,Fitbit App
2026-05-09T08:40:00Z,2.5365,Fitbit App
2026-05-09T08:41:00Z,0.0,Fitbit App
2026-05-09T08:42:00Z,0.0,Fitbit App
2026-05-09T08:43:00Z,1.77555,Fitbit App
2026-05-09T08:44:00Z,3.0438000000000005,Fitbit App
2026-05-09T08:45:00Z,0.0,Fitbit App
2026-05-09T08:46:00Z,0.0,Fitbit App
2026-05-09T08:47:00Z,0.0,Fitbit App
2026-05-09T08:48:00Z,0.0,Fitbit App
2026-05-09T08:49:00Z,1.26825,Fitbit App
2026-05-09T08:50:00Z,1.0146,Fitbit App
2026-05-09T08:51:00Z,0.0,Fitbit App
2026-05-09T08:52:00Z,0.5073,Fitbit App
2026-05-09T08:53:00Z,0.7609500000000001,Fitbit App
2026-05-09T08:54:00Z,0.7609500000000001,Fitbit App
2026-05-09T08:55:00Z,0.5073,Fitbit App
2026-05-09T08:56:00Z,0.0,Fitbit App
2026-05-09T08:57:00Z,0.0,Fitbit App
2026-05-09T08:58:00Z,0.7609500000000001,Fitbit App
2026-05-09T08:59:00Z,1.26825,Fitbit App
2026-05-09T09:00:00Z,1.0146,Fitbit App
2026-05-09T09:01:00Z,0.7609500000000001,Fitbit App
2026-05-09T09:02:00Z,0.0,Fitbit App
2026-05-09T09:03:00Z,0.0,Fitbit App
2026-05-09T09:04:00Z,1.77555,Fitbit App
2026-05-09T09:05:00Z,0.0,Fitbit App
2026-05-09T09:06:00Z,3.0438000000000005,Fitbit App
2026-05-09T09:07:00Z,2.663325,Fitbit App
2026-05-09T09:08:00Z,0.0,Fitbit App
2026-05-09T09:13:00Z,0.0,Fitbit App
2026-05-09T09:16:00Z,0.0,Fitbit App
2026-05-09T09:17:00Z,0.0,Fitbit App
2026-05-09T09:18:00Z,0.0,Fitbit App
2026-05-09T09:19:00Z,0.0,Fitbit App
2026-05-09T09:22:00Z,0.0,Fitbit App
2026-05-09T09:23:00Z,0.0,Fitbit App
2026-05-09T09:24:00Z,0.5073,Fitbit App
2026-05-09T09:25:00Z,0.0,Fitbit App
2026-05-09T09:26:00Z,0.0,Fitbit App
2026-05-09T09:27:00Z,0.0,Fitbit App
2026-05-09T09:28:00Z,0.0,Fitbit App
2026-05-09T09:29:00Z,0.0,Fitbit App
2026-05-09T09:30:00Z,0.0,Fitbit App
2026-05-09T09:31:00Z,0.7609500000000001,Fitbit App
2026-05-09T09:32:00Z,1.5219000000000003,Fitbit App
2026-05-09T09:33:00Z,1.0146,Fitbit App
2026-05-09T09:34:00Z,1.5219000000000003,Fitbit App
2026-05-09T09:35:00Z,2.5365,Fitbit App
2026-05-09T09:36:00Z,0.0,Fitbit App
2026-05-09T09:37:00Z,0.0,Fitbit App
2026-05-09T09:38:00Z,1.26825,Fitbit App
2026-05-09T09:39:00Z,0.0,Fitbit App
2026-05-09T09:40:00Z,0.0,Fitbit App
2026-05-09T09:41:00Z,0.0,Fitbit App
2026-05-09T09:42:00Z,0.0,Fitbit App
2026-05-09T09:43:00Z,0.7609500000000001,Fitbit App
2026-05-09T09:44:00Z,2.5365,Fitbit App
2026-05-09T09:45:00Z,1.0146,Fitbit App
2026-05-09T09:46:00Z,1.0146,Fitbit App
2026-05-09T09:47:00Z,0.0,Fitbit App
2026-05-09T09:48:00Z,0.0,Fitbit App
2026-05-09T09:49:00Z,1.5219000000000003,Fitbit App
2026-05-09T09:50:00Z,0.7609500000000001,Fitbit App
2026-05-09T09:51:00Z,1.0146,Fitbit App
2026-05-09T09:52:00Z,0.0,Fitbit App
2026-05-09T09:53:00Z,1.0146,Fitbit App
2026-05-09T09:54:00Z,0.0,Fitbit App
2026-05-09T09:55:00Z,1.26825,Fitbit App
2026-05-09T09:56:00Z,1.0146,Fitbit App
2026-05-09T09:57:00Z,1.5219000000000003,Fitbit App
2026-05-09T09:58:00Z,2.0292000000000003,Fitbit App
2026-05-09T09:59:00Z,2.5365,Fitbit App
2026-05-09T10:00:00Z,1.0146,Fitbit App
2026-05-09T10:06:00Z,0.0,Fitbit App
2026-05-09T10:08:00Z,0.0,Fitbit App
2026-05-09T10:09:00Z,2.0292000000000003,Fitbit App
2026-05-09T10:10:00Z,1.77555,Fitbit App
2026-05-09T10:11:00Z,1.26825,Fitbit App
2026-05-09T10:12:00Z,0.0,Fitbit App
2026-05-09T10:13:00Z,0.0,Fitbit App
2026-05-09T10:14:00Z,0.0,Fitbit App
2026-05-09T10:15:00Z,0.0,Fitbit App
2026-05-09T10:16:00Z,0.0,Fitbit App
2026-05-09T10:17:00Z,0.0,Fitbit App
2026-05-09T10:18:00Z,0.7609500000000001,Fitbit App
2026-05-09T10:20:00Z,1.26825,Fitbit App
2026-05-09T10:21:00Z,0.7609500000000001,Fitbit App
2026-05-09T10:22:00Z,0.0,Fitbit App
2026-05-09T10:23:00Z,0.0,Fitbit App
2026-05-09T10:24:00Z,0.0,Fitbit App
2026-05-09T10:25:00Z,0.7609500000000001,Fitbit App
2026-05-09T10:26:00Z,0.5073,Fitbit App
2026-05-09T10:27:00Z,0.0,Fitbit App
2026-05-09T10:28:00Z,0.0,Fitbit App
2026-05-09T10:29:00Z,0.0,Fitbit App
2026-05-09T10:30:00Z,0.7609500000000001,Fitbit App
2026-05-09T10:31:00Z,0.0,Fitbit App
2026-05-09T10:32:00Z,0.0,Fitbit App
2026-05-09T10:33:00Z,0.7609500000000001,Fitbit App
2026-05-09T10:34:00Z,0.7609500000000001,Fitbit App
2026-05-09T10:35:00Z,0.0,Fitbit App
2026-05-09T10:36:00Z,0.0,Fitbit App
2026-05-09T10:37:00Z,1.5219000000000003,Fitbit App
2026-05-09T10:38:00Z,0.0,Fitbit App
2026-05-09T10:39:00Z,2.5365,Fitbit App
2026-05-09T10:40:00Z,1.5219000000000003,Fitbit App
2026-05-09T10:41:00Z,1.0146,Fitbit App
2026-05-09T10:42:00Z,1.5219000000000003,Fitbit App
2026-05-09T10:43:00Z,0.0,Fitbit App
2026-05-09T10:44:00Z,0.0,Fitbit App
2026-05-09T10:45:00Z,3.5511,Fitbit App
2026-05-09T10:46:00Z,1.0146,Fitbit App
2026-05-09T10:48:00Z,0.7609500000000001,Fitbit App
2026-05-09T10:49:00Z,1.5219000000000003,Fitbit App
2026-05-09T10:50:00Z,0.7609500000000001,Fitbit App
2026-05-09T10:51:00Z,2.5365,Fitbit App
2026-05-09T10:52:00Z,2.5365,Fitbit App
2026-05-09T10:53:00Z,1.77555,Fitbit App
2026-05-09T10:54:00Z,0.0,Fitbit App
2026-05-09T10:55:00Z,1.0146,Fitbit App
2026-05-09T10:56:00Z,0.0,Fitbit App
2026-05-09T10:57:00Z,0.7609500000000001,Fitbit App
2026-05-09T10:58:00Z,2.0292000000000003,Fitbit App
2026-05-09T10:59:00Z,2.0292000000000003,Fitbit App
2026-05-09T11:00:00Z,0.0,Fitbit App
2026-05-09T11:01:00Z,0.0,Fitbit App
2026-05-09T11:02:00Z,0.0,Fitbit App
2026-05-09T11:04:00Z,0.5073,Fitbit App
2026-05-09T11:05:00Z,0.0,Fitbit App
2026-05-09T11:07:00Z,0.0,Fitbit App
2026-05-09T11:10:00Z,0.7609500000000001,Fitbit App
2026-05-09T11:11:00Z,0.5073,Fitbit App
2026-05-09T11:12:00Z,1.77555,Fitbit App
2026-05-09T11:13:00Z,1.0146,Fitbit App
2026-05-09T11:14:00Z,0.0,Fitbit App
2026-05-09T11:15:00Z,1.26825,Fitbit App
2026-05-09T11:16:00Z,1.26825,Fitbit App
2026-05-09T11:17:00Z,1.0146,Fitbit App
2026-05-09T11:18:00Z,1.0146,Fitbit App
2026-05-09T11:19:00Z,0.7609500000000001,Fitbit App
2026-05-09T11:20:00Z,1.5219000000000003,Fitbit App
2026-05-09T11:21:00Z,0.0,Fitbit App
2026-05-09T11:22:00Z,1.26825,Fitbit App
2026-05-09T11:23:00Z,0.0,Fitbit App
2026-05-09T11:24:00Z,1.26825,Fitbit App
2026-05-09T11:25:00Z,1.77555,Fitbit App
2026-05-09T11:26:00Z,2.0292000000000003,Fitbit App
2026-05-09T11:27:00Z,0.0,Fitbit App
2026-05-09T11:28:00Z,1.77555,Fitbit App
2026-05-09T11:29:00Z,1.26825,Fitbit App
2026-05-09T11:30:00Z,0.5073,Fitbit App
2026-05-09T11:31:00Z,1.26825,Fitbit App
2026-05-09T11:32:00Z,0.5073,Fitbit App
2026-05-09T11:33:00Z,0.0,Fitbit App
2026-05-09T11:34:00Z,0.0,Fitbit App
2026-05-09T11:35:00Z,0.0,Fitbit App
2026-05-09T11:36:00Z,0.0,Fitbit App
2026-05-09T11:37:00Z,0.0,Fitbit App
2026-05-09T11:38:00Z,1.77555,Fitbit App
2026-05-09T11:39:00Z,0.0,Fitbit App
2026-05-09T11:41:00Z,0.0,Fitbit App
2026-05-09T11:43:00Z,0.0,Fitbit App
2026-05-09T11:44:00Z,0.0,Fitbit App
2026-05-09T11:45:00Z,1.26825,Fitbit App
2026-05-09T11:47:00Z,0.5073,Fitbit App
2026-05-09T11:49:00Z,0.0,Fitbit App
2026-05-09T11:50:00Z,0.0,Fitbit App
2026-05-09T11:53:00Z,0.0,Fitbit App
2026-05-09T11:56:00Z,0.0,Fitbit App
2026-05-09T11:57:00Z,0.0,Fitbit App
2026-05-09T11:58:00Z,0.0,Fitbit App
2026-05-09T11:59:00Z,1.5219000000000003,Fitbit App
2026-05-09T12:00:00Z,0.5073,Fitbit App
2026-05-09T12:01:00Z,0.5073,Fitbit App
2026-05-09T12:02:00Z,1.26825,Fitbit App
2026-05-09T12:03:00Z,0.0,Fitbit App
2026-05-09T12:04:00Z,2.7901500000000006,Fitbit App
2026-05-09T12:05:00Z,2.28285,Fitbit App
2026-05-09T12:06:00Z,0.0,Fitbit App
2026-05-09T12:08:00Z,0.0,Fitbit App
2026-05-09T12:10:00Z,0.0,Fitbit App
2026-05-09T12:13:00Z,0.0,Fitbit App
2026-05-09T12:15:00Z,0.0,Fitbit App
2026-05-09T12:16:00Z,0.0,Fitbit App
2026-05-09T12:17:00Z,0.0,Fitbit App
2026-05-09T12:19:00Z,0.0,Fitbit App
2026-05-09T12:21:00Z,0.0,Fitbit App
2026-05-09T12:22:00Z,0.0,Fitbit App
2026-05-09T12:23:00Z,0.0,Fitbit App
2026-05-09T12:24:00Z,0.0,Fitbit App
2026-05-09T12:25:00Z,0.0,Fitbit App
2026-05-09T12:26:00Z,0.0,Fitbit App
2026-05-09T12:27:00Z,0.5073,Fitbit App
2026-05-09T12:28:00Z,0.5073,Fitbit App
2026-05-09T12:30:00Z,0.0,Fitbit App
2026-05-09T12:36:00Z,0.0,Fitbit App
2026-05-09T12:37:00Z,0.7609500000000001,Fitbit App
2026-05-09T12:38:00Z,0.0,Fitbit App
2026-05-09T12:39:00Z,1.26825,Fitbit App
2026-05-09T12:42:00Z,2.0292000000000003,Fitbit App
2026-05-09T12:43:00Z,1.5219000000000003,Fitbit App
2026-05-09T12:44:00Z,0.0,Fitbit App
2026-05-09T12:47:00Z,0.0,Fitbit App
2026-05-09T12:48:00Z,3.29745,Fitbit App
2026-05-09T12:49:00Z,1.5219000000000003,Fitbit App
2026-05-09T12:50:00Z,0.0,Fitbit App
2026-05-09T12:52:00Z,0.0,Fitbit App
2026-05-09T12:53:00Z,0.0,Fitbit App
2026-05-09T12:55:00Z,0.0,Fitbit App
2026-05-09T12:56:00Z,0.0,Fitbit App
2026-05-09T12:57:00Z,0.0,Fitbit App
2026-05-09T13:04:00Z,0.0,Fitbit App
2026-05-09T13:09:00Z,3.0438000000000005,Fitbit App
2026-05-09T13:10:00Z,3.29745,Fitbit App
2026-05-09T13:11:00Z,5.073,Fitbit App
2026-05-09T13:12:00Z,6.0876,Fitbit App
2026-05-09T13:13:00Z,5.073,Fitbit App
2026-05-09T13:14:00Z,1.77555,Fitbit App
2026-05-09T13:15:00Z,1.0146,Fitbit App
2026-05-09T13:16:00Z,1.26825,Fitbit App
2026-05-09T13:17:00Z,4.5657,Fitbit App
2026-05-09T13:18:00Z,3.8047500000000003,Fitbit App
2026-05-09T13:19:00Z,3.29745,Fitbit App
2026-05-09T13:20:00Z,4.5657,Fitbit App
2026-05-09T13:21:00Z,5.326650000000001,Fitbit App
2026-05-09T13:22:00Z,6.0876,Fitbit App
2026-05-09T13:23:00Z,5.073,Fitbit App
2026-05-09T13:24:00Z,4.312050000000001,Fitbit App
2026-05-09T13:25:00Z,3.8047500000000003,Fitbit App
2026-05-09T13:26:00Z,3.5511,Fitbit App
2026-05-09T13:27:00Z,1.26825,Fitbit App
2026-05-09T13:28:00Z,1.5219000000000003,Fitbit App
2026-05-09T13:29:00Z,0.7609500000000001,Fitbit App
2026-05-09T13:30:00Z,6.0876,Fitbit App
2026-05-09T13:31:00Z,5.073,Fitbit App
2026-05-09T13:32:00Z,1.77555,Fitbit App
2026-05-09T13:33:00Z,0.5073,Fitbit App
2026-05-09T13:34:00Z,2.28285,Fitbit App
2026-05-09T13:35:00Z,2.7901500000000006,Fitbit App
2026-05-09T13:36:00Z,0.0,Fitbit App
2026-05-09T13:37:00Z,1.0146,Fitbit App
2026-05-09T13:38:00Z,0.0,Fitbit App
2026-05-09T13:39:00Z,0.0,Fitbit App
2026-05-09T13:40:00Z,0.7609500000000001,Fitbit App
2026-05-09T13:41:00Z,0.0,Fitbit App
2026-05-09T13:42:00Z,2.5365,Fitbit App
2026-05-09T13:43:00Z,5.580300000000001,Fitbit App
2026-05-09T13:44:00Z,5.073,Fitbit App
2026-05-09T13:45:00Z,4.058400000000001,Fitbit App
2026-05-09T13:46:00Z,1.77555,Fitbit App
2026-05-09T13:47:00Z,0.0,Fitbit App
2026-05-09T13:48:00Z,0.7609500000000001,Fitbit App
2026-05-09T13:49:00Z,0.0,Fitbit App
2026-05-09T13:53:00Z,0.0,Fitbit App
2026-05-09T13:59:00Z,0.0,Fitbit App
2026-05-09T14:00:00Z,0.0,Fitbit App
2026-05-09T14:01:00Z,0.0,Fitbit App
2026-05-09T14:03:00Z,0.0,Fitbit App
2026-05-09T14:04:00Z,0.0,Fitbit App
2026-05-09T14:07:00Z,0.0,Fitbit App
2026-05-09T14:09:00Z,0.0,Fitbit App
2026-05-09T14:10:00Z,0.0,Fitbit App
2026-05-09T14:12:00Z,0.0,Fitbit App
2026-05-09T14:18:00Z,0.5073,Fitbit App
2026-05-09T14:19:00Z,0.0,Fitbit App
2026-05-09T14:20:00Z,0.0,Fitbit App
2026-05-09T14:21:00Z,0.0,Fitbit App
2026-05-09T14:22:00Z,0.0,Fitbit App
2026-05-09T14:24:00Z,0.0,Fitbit App
2026-05-09T14:27:00Z,0.0,Fitbit App
2026-05-09T14:32:00Z,0.0,Fitbit App
2026-05-09T14:33:00Z,0.0,Fitbit App
2026-05-09T14:34:00Z,0.0,Fitbit App
2026-05-09T14:35:00Z,0.0,Fitbit App
2026-05-09T14:36:00Z,0.0,Fitbit App
2026-05-09T14:37:00Z,0.0,Fitbit App
2026-05-09T14:38:00Z,0.0,Fitbit App
2026-05-09T14:39:00Z,0.0,Fitbit App
2026-05-09T14:40:00Z,0.0,Fitbit App
2026-05-09T14:41:00Z,0.0,Fitbit App
2026-05-09T14:43:00Z,0.0,Fitbit App
2026-05-09T14:45:00Z,0.0,Fitbit App
2026-05-09T14:51:00Z,0.0,Fitbit App
2026-05-09T14:52:00Z,0.0,Fitbit App
2026-05-09T14:53:00Z,0.0,Fitbit App
2026-05-09T14:55:00Z,0.0,Fitbit App
2026-05-09T14:56:00Z,0.0,Fitbit App
2026-05-09T15:02:00Z,0.0,Fitbit App
2026-05-09T15:03:00Z,0.0,Fitbit App
2026-05-09T15:04:00Z,0.0,Fitbit App
2026-05-09T15:05:00Z,0.0,Fitbit App
2026-05-09T15:06:00Z,1.77555,Fitbit App
2026-05-09T15:07:00Z,2.0292000000000003,Fitbit App
2026-05-09T15:08:00Z,1.77555,Fitbit App
2026-05-09T15:09:00Z,1.77555,Fitbit App
2026-05-09T15:10:00Z,0.0,Fitbit App
2026-05-09T15:11:00Z,0.0,Fitbit App
2026-05-09T15:12:00Z,0.7609500000000001,Fitbit App
2026-05-09T15:13:00Z,2.28285,Fitbit App
2026-05-09T15:14:00Z,0.0,Fitbit App
2026-05-09T15:15:00Z,0.7609500000000001,Fitbit App
2026-05-09T15:16:00Z,0.0,Fitbit App
2026-05-09T15:17:00Z,1.26825,Fitbit App
2026-05-09T15:18:00Z,1.5219000000000003,Fitbit App
2026-05-09T15:19:00Z,2.28285,Fitbit App
2026-05-09T15:20:00Z,1.5219000000000003,Fitbit App
2026-05-09T15:21:00Z,3.0438000000000005,Fitbit App
2026-05-09T15:22:00Z,2.5365,Fitbit App
2026-05-09T15:23:00Z,3.5511,Fitbit App
2026-05-09T15:24:00Z,4.5657,Fitbit App
2026-05-09T15:25:00Z,4.81935,Fitbit App
2026-05-09T15:26:00Z,4.058400000000001,Fitbit App
2026-05-09T15:27:00Z,2.5365,Fitbit App
2026-05-09T15:28:00Z,4.312050000000001,Fitbit App
2026-05-09T15:29:00Z,4.5657,Fitbit App
2026-05-09T15:30:00Z,5.073,Fitbit App
2026-05-09T15:31:00Z,4.81935,Fitbit App
2026-05-09T15:32:00Z,5.073,Fitbit App
2026-05-09T15:33:00Z,4.81935,Fitbit App
2026-05-09T15:34:00Z,4.312050000000001,Fitbit App
2026-05-09T15:35:00Z,2.0292000000000003,Fitbit App
2026-05-09T15:36:00Z,4.81935,Fitbit App
2026-05-09T15:37:00Z,5.326650000000001,Fitbit App
2026-05-09T15:38:00Z,4.312050000000001,Fitbit App
2026-05-09T15:39:00Z,5.073,Fitbit App
2026-05-09T15:40:00Z,4.81935,Fitbit App
2026-05-09T15:41:00Z,3.0438000000000005,Fitbit App
2026-05-09T15:42:00Z,0.0,Fitbit App
2026-05-09T15:43:00Z,0.0,Fitbit App
2026-05-09T15:44:00Z,1.26825,Fitbit App
2026-05-09T15:45:00Z,1.0146,Fitbit App
2026-05-09T15:46:00Z,1.77555,Fitbit App
2026-05-09T15:47:00Z,1.26825,Fitbit App
2026-05-09T15:48:00Z,2.5365,Fitbit App
2026-05-09T15:49:00Z,1.5219000000000003,Fitbit App
2026-05-09T15:50:00Z,1.5219000000000003,Fitbit App
2026-05-09T15:51:00Z,0.0,Fitbit App
2026-05-09T15:52:00Z,0.0,Fitbit App
2026-05-09T15:53:00Z,0.0,Fitbit App
2026-05-09T15:54:00Z,0.0,Fitbit App
2026-05-09T15:55:00Z,0.0,Fitbit App
2026-05-09T15:56:00Z,0.0,Fitbit App
2026-05-09T15:57:00Z,0.0,Fitbit App
2026-05-09T15:58:00Z,0.0,Fitbit App
2026-05-09T15:59:00Z,0.0,Fitbit App
2026-05-09T16:00:00Z,0.0,Fitbit App
2026-05-09T16:01:00Z,0.0,Fitbit App
2026-05-09T16:03:00Z,0.0,Fitbit App
2026-05-09T16:04:00Z,0.0,Fitbit App
2026-05-09T16:05:00Z,0.0,Fitbit App
2026-05-09T16:06:00Z,0.0,Fitbit App
2026-05-09T16:07:00Z,0.0,Fitbit App
2026-05-09T16:08:00Z,0.0,Fitbit App
2026-05-09T16:09:00Z,0.0,Fitbit App
2026-05-09T16:10:00Z,0.0,Fitbit App
2026-05-09T16:11:00Z,0.0,Fitbit App
2026-05-09T16:12:00Z,0.0,Fitbit App
2026-05-09T16:13:00Z,0.0,Fitbit App
2026-05-09T16:14:00Z,0.0,Fitbit App
2026-05-09T16:15:00Z,0.0,Fitbit App
2026-05-09T16:16:00Z,0.0,Fitbit App
2026-05-09T16:17:00Z,0.0,Fitbit App
2026-05-09T16:18:00Z,3.0438000000000005,Fitbit App
2026-05-09T16:19:00Z,0.0,Fitbit App
2026-05-09T16:56:00Z,0.7609500000000001,Fitbit App
2026-05-09T16:57:00Z,0.7609500000000001,Fitbit App
2026-05-09T16:58:00Z,0.0,Fitbit App
2026-05-09T16:59:00Z,0.0,Fitbit App
2026-05-09T17:00:00Z,0.0,Fitbit App
2026-05-09T17:01:00Z,0.0,Fitbit App
2026-05-09T17:02:00Z,0.0,Fitbit App
2026-05-09T17:03:00Z,0.0,Fitbit App
2026-05-09T17:04:00Z,0.0,Fitbit App
2026-05-09T17:05:00Z,0.0,Fitbit App
2026-05-09T17:06:00Z,0.0,Fitbit App
2026-05-09T17:07:00Z,0.0,Fitbit App
2026-05-09T17:08:00Z,1.26825,Fitbit App
2026-05-09T17:09:00Z,0.0,Fitbit App
2026-05-09T17:10:00Z,1.5219000000000003,Fitbit App
2026-05-09T17:11:00Z,0.5073,Fitbit App
2026-05-09T17:12:00Z,2.0292000000000003,Fitbit App
2026-05-09T17:13:00Z,1.5219000000000003,Fitbit App
2026-05-09T17:14:00Z,0.0,Fitbit App
2026-05-09T17:15:00Z,0.0,Fitbit App
2026-05-09T17:16:00Z,0.0,Fitbit App
2026-05-09T17:17:00Z,1.0146,Fitbit App
2026-05-09T17:18:00Z,1.26825,Fitbit App
2026-05-09T17:19:00Z,1.5219000000000003,Fitbit App
2026-05-09T17:20:00Z,1.5219000000000003,Fitbit App
2026-05-09T17:21:00Z,1.5219000000000003,Fitbit App
2026-05-09T17:22:00Z,0.7609500000000001,Fitbit App
2026-05-09T17:23:00Z,1.5219000000000003,Fitbit App
2026-05-09T17:24:00Z,2.0292000000000003,Fitbit App
2026-05-09T17:25:00Z,0.0,Fitbit App
2026-05-09T17:26:00Z,0.0,Fitbit App
2026-05-09T17:27:00Z,0.0,Fitbit App
2026-05-09T17:28:00Z,0.0,Fitbit App
2026-05-09T17:29:00Z,0.0,Fitbit App
2026-05-09T17:30:00Z,0.0,Fitbit App
2026-05-09T17:31:00Z,0.0,Fitbit App
2026-05-09T17:32:00Z,0.0,Fitbit App
2026-05-09T17:33:00Z,0.0,Fitbit App
2026-05-09T17:34:00Z,0.0,Fitbit App
2026-05-09T17:35:00Z,2.5365,Fitbit App
2026-05-09T17:36:00Z,2.0292000000000003,Fitbit App
2026-05-09T17:37:00Z,2.28285,Fitbit App
2026-05-09T17:38:00Z,1.5219000000000003,Fitbit App
2026-05-09T17:39:00Z,2.28285,Fitbit App
2026-05-09T17:40:00Z,1.77555,Fitbit App
2026-05-09T17:41:00Z,0.0,Fitbit App
2026-05-09T17:42:00Z,0.0,Fitbit App
2026-05-09T17:43:00Z,0.0,Fitbit App
2026-05-09T17:44:00Z,1.0146,Fitbit App
2026-05-09T17:45:00Z,0.0,Fitbit App
2026-05-09T17:46:00Z,0.0,Fitbit App
2026-05-09T17:47:00Z,0.0,Fitbit App
2026-05-09T17:48:00Z,0.0,Fitbit App
2026-05-09T17:49:00Z,0.0,Fitbit App
2026-05-09T17:50:00Z,0.0,Fitbit App
2026-05-09T17:51:00Z,0.0,Fitbit App
2026-05-09T17:52:00Z,0.0,Fitbit App
2026-05-09T17:53:00Z,0.0,Fitbit App
2026-05-09T17:54:00Z,0.0,Fitbit App
2026-05-09T17:55:00Z,0.0,Fitbit App
2026-05-09T17:56:00Z,0.0,Fitbit App
2026-05-09T17:57:00Z,0.0,Fitbit App
2026-05-09T17:58:00Z,0.0,Fitbit App
2026-05-09T17:59:00Z,1.0146,Fitbit App
2026-05-09T18:00:00Z,2.7901500000000006,Fitbit App
2026-05-09T18:01:00Z,5.326650000000001,Fitbit App
2026-05-09T18:02:00Z,7.86315,Fitbit App
2026-05-09T18:03:00Z,7.86315,Fitbit App
2026-05-09T18:04:00Z,8.37045,Fitbit App
2026-05-09T18:05:00Z,8.37045,Fitbit App
2026-05-09T18:06:00Z,7.35585,Fitbit App
2026-05-09T18:07:00Z,5.326650000000001,Fitbit App
2026-05-09T18:08:00Z,5.073,Fitbit App
2026-05-09T18:09:00Z,6.0876,Fitbit App
2026-05-09T18:10:00Z,4.81935,Fitbit App
2026-05-09T18:11:00Z,7.1022,Fitbit App
2026-05-09T18:12:00Z,7.1022,Fitbit App
2026-05-09T18:13:00Z,5.580300000000001,Fitbit App
2026-05-09T18:14:00Z,4.81935,Fitbit App
2026-05-09T18:15:00Z,5.580300000000001,Fitbit App
2026-05-09T18:16:00Z,6.594900000000001,Fitbit App
2026-05-09T18:17:00Z,6.848550000000001,Fitbit App
2026-05-09T18:18:00Z,6.594900000000001,Fitbit App
2026-05-09T18:19:00Z,5.83395,Fitbit App
2026-05-09T18:20:00Z,6.0876,Fitbit App
2026-05-09T18:21:00Z,5.83395,Fitbit App
2026-05-09T18:22:00Z,5.326650000000001,Fitbit App
2026-05-09T18:23:00Z,4.312050000000001,Fitbit App
2026-05-09T18:24:00Z,1.77555,Fitbit App
2026-05-09T18:25:00Z,4.312050000000001,Fitbit App
2026-05-09T18:26:00Z,4.81935,Fitbit App
2026-05-09T18:27:00Z,4.81935,Fitbit App
2026-05-09T18:28:00Z,4.81935,Fitbit App
2026-05-09T18:29:00Z,4.81935,Fitbit App
2026-05-09T18:30:00Z,4.5657,Fitbit App
2026-05-09T18:31:00Z,4.81935,Fitbit App
2026-05-09T18:32:00Z,4.81935,Fitbit App
2026-05-09T18:33:00Z,4.81935,Fitbit App
2026-05-09T18:34:00Z,4.5657,Fitbit App
2026-05-09T18:35:00Z,4.5657,Fitbit App
2026-05-09T18:36:00Z,4.81935,Fitbit App
2026-05-09T18:37:00Z,3.8047500000000003,Fitbit App
2026-05-09T18:38:00Z,3.5511,Fitbit App
2026-05-09T18:39:00Z,2.0292000000000003,Fitbit App
2026-05-09T18:40:00Z,1.26825,Fitbit App
2026-05-09T18:41:00Z,0.0,Fitbit App
2026-05-09T18:42:00Z,0.0,Fitbit App
2026-05-09T18:43:00Z,0.0,Fitbit App
2026-05-09T18:44:00Z,0.0,Fitbit App
2026-05-09T18:46:00Z,0.0,Fitbit App
2026-05-09T18:47:00Z,0.0,Fitbit App
2026-05-09T18:48:00Z,0.0,Fitbit App
2026-05-09T18:49:00Z,0.0,Fitbit App
2026-05-09T18:50:00Z,0.0,Fitbit App
2026-05-09T18:52:00Z,0.0,Fitbit App
2026-05-09T18:53:00Z,0.0,Fitbit App
2026-05-09T18:54:00Z,0.0,Fitbit App
2026-05-09T18:55:00Z,0.0,Fitbit App
2026-05-09T18:56:00Z,0.0,Fitbit App
2026-05-09T18:57:00Z,0.0,Fitbit App
2026-05-09T18:58:00Z,0.7609500000000001,Fitbit App
2026-05-09T18:59:00Z,1.26825,Fitbit App
2026-05-09T19:00:00Z,2.7901500000000006,Fitbit App
2026-05-09T19:01:00Z,1.77555,Fitbit App
2026-05-09T19:02:00Z,0.0,Fitbit App
2026-05-09T19:03:00Z,1.77555,Fitbit App
2026-05-09T19:04:00Z,1.26825,Fitbit App
2026-05-09T19:05:00Z,3.0438000000000005,Fitbit App
2026-05-09T19:06:00Z,5.326650000000001,Fitbit App
2026-05-09T19:07:00Z,3.0438000000000005,Fitbit App
2026-05-09T19:08:00Z,2.0292000000000003,Fitbit App
2026-05-09T19:09:00Z,0.0,Fitbit App
2026-05-09T19:10:00Z,2.7901500000000006,Fitbit App
2026-05-09T19:11:00Z,0.5073,Fitbit App
2026-05-09T19:14:00Z,0.0,Fitbit App
2026-05-09T19:15:00Z,0.0,Fitbit App
2026-05-09T19:25:00Z,0.0,Fitbit App
2026-05-09T19:29:00Z,0.0,Fitbit App
2026-05-09T19:30:00Z,0.0,Fitbit App
2026-05-09T19:32:00Z,0.0,Fitbit App
2026-05-09T19:38:00Z,0.0,Fitbit App
2026-05-09T19:41:00Z,0.0,Fitbit App
2026-05-09T19:44:00Z,0.7609500000000001,Fitbit App
2026-05-09T19:45:00Z,0.0,Fitbit App
2026-05-09T19:46:00Z,0.7609500000000001,Fitbit App
2026-05-09T19:47:00Z,1.26825,Fitbit App
2026-05-09T19:48:00Z,0.0,Fitbit App
2026-05-09T19:49:00Z,1.0146,Fitbit App
2026-05-09T19:50:00Z,0.0,Fitbit App
2026-05-09T19:51:00Z,0.0,Fitbit App
2026-05-09T19:52:00Z,0.0,Fitbit App
2026-05-09T19:53:00Z,0.7609500000000001,Fitbit App
2026-05-09T19:54:00Z,0.0,Fitbit App
2026-05-09T20:00:00Z,0.0,Fitbit App
2026-05-09T20:01:00Z,0.0,Fitbit App
2026-05-09T20:02:00Z,0.0,Fitbit App
2026-05-09T20:03:00Z,0.0,Fitbit App
2026-05-09T20:04:00Z,0.0,Fitbit App
2026-05-09T20:05:00Z,0.0,Fitbit App
2026-05-09T20:06:00Z,1.26825,Fitbit App
2026-05-09T20:07:00Z,2.0292000000000003,Fitbit App
2026-05-09T20:08:00Z,1.77555,Fitbit App
2026-05-09T20:09:00Z,1.0146,Fitbit App
2026-05-09T20:10:00Z,0.0,Fitbit App
2026-05-09T20:19:00Z,0.0,Fitbit App
2026-05-09T20:20:00Z,0.0,Fitbit App
2026-05-09T20:23:00Z,0.0,Fitbit App
2026-05-09T20:24:00Z,0.0,Fitbit App
2026-05-09T20:27:00Z,0.0,Fitbit App
2026-05-09T20:33:00Z,0.0,Fitbit App
2026-05-09T20:35:00Z,0.0,Fitbit App
2026-05-09T20:57:00Z,0.0,Fitbit App
2026-05-09T21:06:00Z,0.0,Fitbit App
2026-05-09T21:14:00Z,0.0,Fitbit App
2026-05-09T21:15:00Z,0.0,Fitbit App
2026-05-09T21:19:00Z,0.0,Fitbit App
2026-05-09T21:22:00Z,0.0,Fitbit App
2026-05-09T21:25:00Z,0.0,Fitbit App
2026-05-09T21:26:00Z,0.0,Fitbit App
2026-05-09T21:27:00Z,0.0,Fitbit App
2026-05-09T21:28:00Z,1.0146,Fitbit App
2026-05-09T21:29:00Z,1.26825,Fitbit App
2026-05-09T21:30:00Z,1.77555,Fitbit App
2026-05-09T21:31:00Z,1.5219000000000003,Fitbit App
2026-05-09T21:32:00Z,0.0,Fitbit App
2026-05-09T22:01:00Z,0.0,Fitbit App
2026-05-09T22:16:00Z,0.0,Fitbit App
2026-05-09T22:17:00Z,0.7609500000000001,Fitbit App
2026-05-09T22:22:00Z,0.0,Fitbit App
2026-05-09T22:30:00Z,0.0,Fitbit App
2026-05-10T00:07:00Z,0.0,Fitbit App
2026-05-10T00:52:00Z,0.0,Fitbit App
2026-05-10T01:43:00Z,0.0,Fitbit App
2026-05-10T01:44:00Z,0.0,Fitbit App
2026-05-10T02:22:00Z,0.0,Fitbit App
2026-05-10T02:36:00Z,0.0,Fitbit App
2026-05-10T02:39:00Z,0.0,Fitbit App
2026-05-10T03:53:00Z,0.0,Fitbit App
2026-05-10T04:13:00Z,0.0,Fitbit App
2026-05-10T04:33:00Z,0.0,Fitbit App
2026-05-10T04:42:00Z,0.0,Fitbit App
2026-05-10T04:53:00Z,0.0,Fitbit App
2026-05-10T05:02:00Z,0.0,Fitbit App
2026-05-10T05:29:00Z,0.0,Fitbit App
2026-05-10T05:38:00Z,0.0,Fitbit App
2026-05-10T05:48:00Z,0.5073,Fitbit App
2026-05-10T05:50:00Z,0.0,Fitbit App
2026-05-10T06:03:00Z,0.0,Fitbit App
2026-05-10T06:05:00Z,0.0,Fitbit App
2026-05-10T06:10:00Z,0.0,Fitbit App
2026-05-10T06:11:00Z,0.0,Fitbit App
2026-05-10T06:14:00Z,0.0,Fitbit App
2026-05-10T06:17:00Z,0.0,Fitbit App
2026-05-10T06:18:00Z,0.0,Fitbit App
2026-05-10T06:22:00Z,0.0,Fitbit App
2026-05-10T06:31:00Z,0.0,Fitbit App
2026-05-10T07:01:00Z,0.0,Fitbit App
2026-05-10T07:07:00Z,0.0,Fitbit App
2026-05-10T07:11:00Z,1.0146,Fitbit App
2026-05-10T07:12:00Z,4.312050000000001,Fitbit App
2026-05-10T07:13:00Z,3.29745,Fitbit App
2026-05-10T07:14:00Z,1.5219000000000003,Fitbit App
2026-05-10T07:15:00Z,1.5219000000000003,Fitbit App
2026-05-10T07:16:00Z,0.0,Fitbit App
2026-05-10T07:17:00Z,0.0,Fitbit App
2026-05-10T07:18:00Z,1.5219000000000003,Fitbit App
2026-05-10T07:19:00Z,2.5365,Fitbit App
2026-05-10T07:20:00Z,1.5219000000000003,Fitbit App
2026-05-10T07:21:00Z,1.5219000000000003,Fitbit App
2026-05-10T07:22:00Z,1.26825,Fitbit App
2026-05-10T07:23:00Z,1.5219000000000003,Fitbit App
2026-05-10T07:24:00Z,1.5219000000000003,Fitbit App
2026-05-10T07:25:00Z,2.28285,Fitbit App
2026-05-10T07:26:00Z,1.77555,Fitbit App
2026-05-10T07:27:00Z,1.77555,Fitbit App
2026-05-10T07:28:00Z,1.26825,Fitbit App
2026-05-10T07:29:00Z,1.77555,Fitbit App
2026-05-10T07:30:00Z,0.0,Fitbit App
2026-05-10T07:31:00Z,1.77555,Fitbit App
2026-05-10T07:32:00Z,1.5219000000000003,Fitbit App
2026-05-10T07:33:00Z,0.0,Fitbit App
2026-05-10T07:34:00Z,2.0292000000000003,Fitbit App
2026-05-10T07:35:00Z,0.7609500000000001,Fitbit App
2026-05-10T07:36:00Z,1.77555,Fitbit App
2026-05-10T07:37:00Z,3.0438000000000005,Fitbit App
2026-05-10T07:38:00Z,2.5365,Fitbit App
2026-05-10T07:39:00Z,4.058400000000001,Fitbit App
2026-05-10T07:40:00Z,3.29745,Fitbit App
2026-05-10T07:41:00Z,1.26825,Fitbit App
2026-05-10T07:42:00Z,2.0292000000000003,Fitbit App
2026-05-10T07:43:00Z,2.28285,Fitbit App
2026-05-10T07:44:00Z,3.5511,Fitbit App
2026-05-10T07:45:00Z,2.0292000000000003,Fitbit App
2026-05-10T07:46:00Z,1.77555,Fitbit App
2026-05-10T07:47:00Z,1.5219000000000003,Fitbit App
2026-05-10T07:48:00Z,2.5365,Fitbit App
2026-05-10T07:49:00Z,2.28285,Fitbit App
2026-05-10T07:50:00Z,2.5365,Fitbit App
2026-05-10T07:51:00Z,3.5511,Fitbit App
2026-05-10T07:52:00Z,3.5511,Fitbit App
2026-05-10T07:53:00Z,0.0,Fitbit App
2026-05-10T07:54:00Z,2.28285,Fitbit App
2026-05-10T07:55:00Z,0.0,Fitbit App
2026-05-10T07:56:00Z,1.26825,Fitbit App
2026-05-10T07:57:00Z,1.5219000000000003,Fitbit App
2026-05-10T07:58:00Z,0.0,Fitbit App
2026-05-10T07:59:00Z,1.5219000000000003,Fitbit App
2026-05-10T08:00:00Z,2.0292000000000003,Fitbit App
2026-05-10T08:01:00Z,2.5365,Fitbit App
2026-05-10T08:02:00Z,1.5219000000000003,Fitbit App
2026-05-10T08:03:00Z,1.77555,Fitbit App
2026-05-10T08:04:00Z,1.26825,Fitbit App
2026-05-10T08:05:00Z,1.5219000000000003,Fitbit App
2026-05-10T08:06:00Z,1.26825,Fitbit App
2026-05-10T08:07:00Z,0.0,Fitbit App
2026-05-10T08:08:00Z,1.26825,Fitbit App
2026-05-10T08:09:00Z,0.0,Fitbit App
2026-05-10T08:10:00Z,0.0,Fitbit App
2026-05-10T08:11:00Z,2.28285,Fitbit App
2026-05-10T08:12:00Z,1.26825,Fitbit App
2026-05-10T08:13:00Z,0.0,Fitbit App
2026-05-10T08:14:00Z,0.0,Fitbit App
2026-05-10T08:15:00Z,0.0,Fitbit App
2026-05-10T08:16:00Z,0.0,Fitbit App
2026-05-10T08:17:00Z,1.0146,Fitbit App
2026-05-10T08:18:00Z,1.0146,Fitbit App
2026-05-10T08:19:00Z,1.5219000000000003,Fitbit App
2026-05-10T08:20:00Z,0.0,Fitbit App
2026-05-10T08:24:00Z,0.0,Fitbit App
2026-05-10T08:25:00Z,1.26825,Fitbit App
2026-05-10T08:26:00Z,3.0438000000000005,Fitbit App
2026-05-10T08:27:00Z,1.77555,Fitbit App
2026-05-10T08:28:00Z,0.0,Fitbit App
2026-05-10T08:29:00Z,2.0292000000000003,Fitbit App
2026-05-10T08:30:00Z,1.26825,Fitbit App
2026-05-10T08:31:00Z,1.5219000000000003,Fitbit App
2026-05-10T08:32:00Z,1.5219000000000003,Fitbit App
2026-05-10T08:33:00Z,1.26825,Fitbit App
2026-05-10T08:34:00Z,0.0,Fitbit App
2026-05-10T08:35:00Z,0.0,Fitbit App
2026-05-10T08:36:00Z,0.0,Fitbit App
2026-05-10T08:37:00Z,0.0,Fitbit App
2026-05-10T08:38:00Z,0.0,Fitbit App
2026-05-10T08:39:00Z,0.0,Fitbit App
2026-05-10T08:40:00Z,0.0,Fitbit App
2026-05-10T08:41:00Z,0.0,Fitbit App
2026-05-10T08:42:00Z,0.0,Fitbit App
2026-05-10T08:43:00Z,0.0,Fitbit App
2026-05-10T08:44:00Z,0.0,Fitbit App
2026-05-10T08:45:00Z,0.0,Fitbit App
2026-05-10T08:46:00Z,0.0,Fitbit App
2026-05-10T08:47:00Z,0.0,Fitbit App
2026-05-10T08:48:00Z,0.0,Fitbit App
2026-05-10T08:49:00Z,0.0,Fitbit App
2026-05-10T08:50:00Z,0.0,Fitbit App
2026-05-10T08:51:00Z,0.0,Fitbit App
2026-05-10T08:52:00Z,0.0,Fitbit App
2026-05-10T08:53:00Z,0.0,Fitbit App
2026-05-10T08:54:00Z,0.0,Fitbit App
2026-05-10T08:55:00Z,0.0,Fitbit App
2026-05-10T08:56:00Z,0.0,Fitbit App
2026-05-10T08:57:00Z,1.0146,Fitbit App
2026-05-10T08:58:00Z,0.0,Fitbit App
2026-05-10T08:59:00Z,0.0,Fitbit App
2026-05-10T09:00:00Z,0.0,Fitbit App
2026-05-10T09:01:00Z,0.0,Fitbit App
2026-05-10T09:02:00Z,0.0,Fitbit App
2026-05-10T09:03:00Z,0.0,Fitbit App
2026-05-10T09:04:00Z,1.5219000000000003,Fitbit App
2026-05-10T09:05:00Z,0.0,Fitbit App
2026-05-10T09:06:00Z,1.5219000000000003,Fitbit App
2026-05-10T09:07:00Z,0.0,Fitbit App
2026-05-10T09:08:00Z,0.0,Fitbit App
2026-05-10T09:09:00Z,0.0,Fitbit App
2026-05-10T09:10:00Z,0.7609500000000001,Fitbit App
2026-05-10T09:11:00Z,0.0,Fitbit App
2026-05-10T09:12:00Z,0.0,Fitbit App
2026-05-10T09:13:00Z,1.26825,Fitbit App
2026-05-10T09:14:00Z,4.312050000000001,Fitbit App
2026-05-10T09:15:00Z,2.28285,Fitbit App
2026-05-10T09:16:00Z,3.0438000000000005,Fitbit App
2026-05-10T09:17:00Z,3.5511,Fitbit App
2026-05-10T09:18:00Z,0.0,Fitbit App
2026-05-10T09:19:00Z,0.0,Fitbit App
2026-05-10T09:25:00Z,0.7609500000000001,Fitbit App
2026-05-10T09:26:00Z,0.0,Fitbit App
2026-05-10T09:27:00Z,0.0,Fitbit App
2026-05-10T09:28:00Z,0.0,Fitbit App
2026-05-10T09:29:00Z,0.0,Fitbit App
2026-05-10T09:30:00Z,0.0,Fitbit App
2026-05-10T09:31:00Z,0.0,Fitbit App
2026-05-10T09:32:00Z,1.5219000000000003,Fitbit App
2026-05-10T09:33:00Z,0.0,Fitbit App
2026-05-10T09:34:00Z,0.0,Fitbit App
2026-05-10T09:35:00Z,0.0,Fitbit App
2026-05-10T09:36:00Z,0.0,Fitbit App
2026-05-10T09:37:00Z,3.8047500000000003,Fitbit App
2026-05-10T09:38:00Z,5.326650000000001,Fitbit App
2026-05-10T09:39:00Z,4.5657,Fitbit App
2026-05-10T09:40:00Z,5.326650000000001,Fitbit App
2026-05-10T09:41:00Z,8.116800000000001,Fitbit App
2026-05-10T09:42:00Z,7.35585,Fitbit App
2026-05-10T09:43:00Z,6.848550000000001,Fitbit App
2026-05-10T09:44:00Z,7.35585,Fitbit App
2026-05-10T09:45:00Z,6.848550000000001,Fitbit App
2026-05-10T09:46:00Z,6.848550000000001,Fitbit App
2026-05-10T09:47:00Z,6.0876,Fitbit App
2026-05-10T09:48:00Z,5.326650000000001,Fitbit App
2026-05-10T09:49:00Z,5.073,Fitbit App
2026-05-10T09:50:00Z,3.8047500000000003,Fitbit App
2026-05-10T09:51:00Z,2.7901500000000006,Fitbit App
2026-05-10T09:52:00Z,2.0292000000000003,Fitbit App
2026-05-10T09:53:00Z,1.26825,Fitbit App
2026-05-10T09:54:00Z,1.5219000000000003,Fitbit App
2026-05-10T09:55:00Z,2.7901500000000006,Fitbit App
2026-05-10T09:56:00Z,3.0438000000000005,Fitbit App
2026-05-10T09:57:00Z,2.28285,Fitbit App
2026-05-10T09:58:00Z,3.0438000000000005,Fitbit App
2026-05-10T09:59:00Z,3.29745,Fitbit App
2026-05-10T10:00:00Z,4.81935,Fitbit App
2026-05-10T10:01:00Z,4.5657,Fitbit App
2026-05-10T10:02:00Z,5.073,Fitbit App
2026-05-10T10:03:00Z,5.326650000000001,Fitbit App
2026-05-10T10:04:00Z,4.5657,Fitbit App
2026-05-10T10:05:00Z,5.326650000000001,Fitbit App
2026-05-10T10:06:00Z,4.5657,Fitbit App
2026-05-10T10:07:00Z,4.81935,Fitbit App
2026-05-10T10:08:00Z,4.5657,Fitbit App
2026-05-10T10:09:00Z,4.81935,Fitbit App
2026-05-10T10:10:00Z,4.81935,Fitbit App
2026-05-10T10:11:00Z,5.073,Fitbit App
2026-05-10T10:12:00Z,5.073,Fitbit App
2026-05-10T10:13:00Z,4.81935,Fitbit App
2026-05-10T10:14:00Z,5.073,Fitbit App
2026-05-10T10:15:00Z,5.073,Fitbit App
2026-05-10T10:16:00Z,4.81935,Fitbit App
2026-05-10T10:17:00Z,5.073,Fitbit App
2026-05-10T10:18:00Z,4.81935,Fitbit App
2026-05-10T10:19:00Z,4.81935,Fitbit App
2026-05-10T10:20:00Z,5.326650000000001,Fitbit App
2026-05-10T10:21:00Z,4.81935,Fitbit App
2026-05-10T10:22:00Z,5.326650000000001,Fitbit App
2026-05-10T10:23:00Z,4.81935,Fitbit App
2026-05-10T10:24:00Z,2.5365,Fitbit App
2026-05-10T10:25:00Z,1.26825,Fitbit App
2026-05-10T10:26:00Z,1.0146,Fitbit App
2026-05-10T10:27:00Z,1.26825,Fitbit App
2026-05-10T10:28:00Z,0.7609500000000001,Fitbit App
2026-05-10T10:29:00Z,1.5219000000000003,Fitbit App
2026-05-10T10:30:00Z,0.0,Fitbit App
2026-05-10T10:31:00Z,0.0,Fitbit App
2026-05-10T10:32:00Z,0.0,Fitbit App
2026-05-10T10:34:00Z,0.0,Fitbit App
2026-05-10T10:35:00Z,0.0,Fitbit App
2026-05-10T10:36:00Z,0.0,Fitbit App
2026-05-10T10:37:00Z,0.0,Fitbit App
2026-05-10T10:41:00Z,0.0,Fitbit App
2026-05-10T10:42:00Z,0.0,Fitbit App
2026-05-10T10:43:00Z,3.29745,Fitbit App
2026-05-10T10:44:00Z,1.26825,Fitbit App
2026-05-10T10:45:00Z,1.77555,Fitbit App
2026-05-10T10:46:00Z,4.058400000000001,Fitbit App
2026-05-10T10:47:00Z,1.5219000000000003,Fitbit App
2026-05-10T10:48:00Z,0.7609500000000001,Fitbit App
2026-05-10T10:50:00Z,0.0,Fitbit App
2026-05-10T10:51:00Z,3.8047500000000003,Fitbit App
2026-05-10T10:52:00Z,2.7901500000000006,Fitbit App
2026-05-10T10:53:00Z,3.0438000000000005,Fitbit App
2026-05-10T10:54:00Z,2.5365,Fitbit App
2026-05-10T10:55:00Z,0.0,Fitbit App
2026-05-10T10:56:00Z,0.0,Fitbit App
2026-05-10T10:57:00Z,0.0,Fitbit App
2026-05-10T10:58:00Z,0.0,Fitbit App
2026-05-10T10:59:00Z,0.0,Fitbit App
2026-05-10T11:00:00Z,0.7609500000000001,Fitbit App
2026-05-10T11:01:00Z,1.0146,Fitbit App
2026-05-10T11:02:00Z,1.26825,Fitbit App
2026-05-10T11:03:00Z,0.7609500000000001,Fitbit App
2026-05-10T11:04:00Z,1.0146,Fitbit App
2026-05-10T11:05:00Z,0.0,Fitbit App
2026-05-10T11:06:00Z,0.0,Fitbit App
2026-05-10T11:07:00Z,0.0,Fitbit App
2026-05-10T11:08:00Z,0.0,Fitbit App
2026-05-10T11:09:00Z,1.5219000000000003,Fitbit App
2026-05-10T11:10:00Z,2.0292000000000003,Fitbit App
2026-05-10T11:11:00Z,0.0,Fitbit App
2026-05-10T11:12:00Z,0.0,Fitbit App
2026-05-10T11:13:00Z,0.0,Fitbit App
2026-05-10T11:14:00Z,0.0,Fitbit App
2026-05-10T11:15:00Z,0.0,Fitbit App
2026-05-10T11:16:00Z,0.0,Fitbit App
2026-05-10T11:17:00Z,0.0,Fitbit App
2026-05-10T11:20:00Z,0.0,Fitbit App
2026-05-10T11:21:00Z,0.0,Fitbit App
2026-05-10T11:22:00Z,0.0,Fitbit App
2026-05-10T11:23:00Z,0.0,Fitbit App
2026-05-10T11:24:00Z,0.0,Fitbit App
2026-05-10T11:25:00Z,0.0,Fitbit App
2026-05-10T11:26:00Z,0.0,Fitbit App
2026-05-10T11:27:00Z,0.0,Fitbit App
2026-05-10T11:28:00Z,0.0,Fitbit App
2026-05-10T11:29:00Z,1.5219000000000003,Fitbit App
2026-05-10T11:30:00Z,2.28285,Fitbit App
2026-05-10T11:31:00Z,1.5219000000000003,Fitbit App
2026-05-10T11:32:00Z,2.5365,Fitbit App
2026-05-10T11:33:00Z,0.0,Fitbit App
2026-05-10T11:34:00Z,0.7609500000000001,Fitbit App
2026-05-10T11:35:00Z,1.26825,Fitbit App
2026-05-10T11:36:00Z,4.058400000000001,Fitbit App
2026-05-10T11:37:00Z,3.29745,Fitbit App
2026-05-10T11:38:00Z,1.77555,Fitbit App
2026-05-10T11:39:00Z,2.0292000000000003,Fitbit App
2026-05-10T11:40:00Z,1.0146,Fitbit App
2026-05-10T11:41:00Z,0.0,Fitbit App
2026-05-10T11:42:00Z,0.0,Fitbit App
2026-05-10T11:43:00Z,0.0,Fitbit App
2026-05-10T11:45:00Z,0.0,Fitbit App
2026-05-10T11:46:00Z,0.0,Fitbit App
2026-05-10T11:47:00Z,0.0,Fitbit App
2026-05-10T11:48:00Z,0.0,Fitbit App
2026-05-10T11:49:00Z,0.0,Fitbit App
2026-05-10T11:50:00Z,0.0,Fitbit App
2026-05-10T11:51:00Z,0.0,Fitbit App
2026-05-10T11:53:00Z,0.0,Fitbit App
2026-05-10T11:55:00Z,0.0,Fitbit App
2026-05-10T11:56:00Z,0.0,Fitbit App
2026-05-10T11:58:00Z,0.0,Fitbit App
2026-05-10T11:59:00Z,0.0,Fitbit App
2026-05-10T12:02:00Z,0.0,Fitbit App
2026-05-10T12:03:00Z,0.0,Fitbit App
2026-05-10T12:04:00Z,0.0,Fitbit App
2026-05-10T12:05:00Z,0.0,Fitbit App
2026-05-10T12:06:00Z,0.0,Fitbit App
2026-05-10T12:07:00Z,0.0,Fitbit App
2026-05-10T12:09:00Z,0.0,Fitbit App
2026-05-10T12:10:00Z,0.0,Fitbit App
2026-05-10T12:11:00Z,0.0,Fitbit App
2026-05-10T12:12:00Z,0.0,Fitbit App
2026-05-10T12:13:00Z,0.0,Fitbit App
2026-05-10T12:14:00Z,0.0,Fitbit App
2026-05-10T12:15:00Z,0.0,Fitbit App
2026-05-10T12:16:00Z,0.0,Fitbit App
2026-05-10T12:17:00Z,0.0,Fitbit App
2026-05-10T12:18:00Z,0.0,Fitbit App
2026-05-10T12:19:00Z,0.0,Fitbit App
2026-05-10T12:22:00Z,0.0,Fitbit App
2026-05-10T12:23:00Z,0.0,Fitbit App
2026-05-10T12:24:00Z,0.0,Fitbit App
2026-05-10T12:25:00Z,0.0,Fitbit App
2026-05-10T12:26:00Z,0.0,Fitbit App
2026-05-10T12:27:00Z,0.0,Fitbit App
2026-05-10T12:28:00Z,0.0,Fitbit App
2026-05-10T12:29:00Z,0.0,Fitbit App
2026-05-10T12:30:00Z,0.0,Fitbit App
2026-05-10T12:31:00Z,0.0,Fitbit App
2026-05-10T12:32:00Z,0.0,Fitbit App
2026-05-10T12:33:00Z,0.0,Fitbit App
2026-05-10T12:34:00Z,0.0,Fitbit App
2026-05-10T12:35:00Z,0.0,Fitbit App
2026-05-10T12:36:00Z,0.0,Fitbit App
2026-05-10T12:38:00Z,0.0,Fitbit App
2026-05-10T12:39:00Z,0.0,Fitbit App
2026-05-10T12:40:00Z,0.0,Fitbit App
2026-05-10T12:41:00Z,0.0,Fitbit App
2026-05-10T12:42:00Z,0.0,Fitbit App
2026-05-10T12:43:00Z,0.0,Fitbit App
2026-05-10T12:44:00Z,0.0,Fitbit App
2026-05-10T12:45:00Z,0.0,Fitbit App
2026-05-10T12:49:00Z,0.0,Fitbit App
2026-05-10T12:50:00Z,0.0,Fitbit App
2026-05-10T12:51:00Z,0.0,Fitbit App
2026-05-10T12:52:00Z,0.0,Fitbit App
2026-05-10T12:53:00Z,0.0,Fitbit App
2026-05-10T12:54:00Z,0.0,Fitbit App
2026-05-10T12:55:00Z,0.0,Fitbit App
2026-05-10T12:56:00Z,0.0,Fitbit App
2026-05-10T13:00:00Z,0.0,Fitbit App
2026-05-10T13:01:00Z,0.0,Fitbit App
2026-05-10T13:02:00Z,0.0,Fitbit App
2026-05-10T13:07:00Z,1.5219000000000003,Fitbit App
2026-05-10T13:08:00Z,1.77555,Fitbit App
2026-05-10T13:09:00Z,1.5219000000000003,Fitbit App
2026-05-10T13:10:00Z,1.5219000000000003,Fitbit App
2026-05-10T13:11:00Z,1.5219000000000003,Fitbit App
2026-05-10T13:12:00Z,1.77555,Fitbit App
2026-05-10T13:13:00Z,0.7609500000000001,Fitbit App
2026-05-10T13:14:00Z,0.0,Fitbit App
2026-05-10T13:15:00Z,0.0,Fitbit App
2026-05-10T13:16:00Z,0.0,Fitbit App
2026-05-10T13:17:00Z,2.5365,Fitbit App
2026-05-10T13:18:00Z,2.0292000000000003,Fitbit App
2026-05-10T13:19:00Z,5.326650000000001,Fitbit App
2026-05-10T13:20:00Z,3.29745,Fitbit App
2026-05-10T13:21:00Z,1.26825,Fitbit App
2026-05-10T13:22:00Z,0.0,Fitbit App
2026-05-10T13:23:00Z,0.0,Fitbit App
2026-05-10T13:24:00Z,0.7609500000000001,Fitbit App
2026-05-10T13:25:00Z,0.0,Fitbit App
2026-05-10T13:26:00Z,1.0146,Fitbit App
2026-05-10T13:27:00Z,1.77555,Fitbit App
2026-05-10T13:28:00Z,0.0,Fitbit App
2026-05-10T13:29:00Z,0.0,Fitbit App
2026-05-10T13:30:00Z,0.0,Fitbit App
2026-05-10T13:31:00Z,0.0,Fitbit App
2026-05-10T13:33:00Z,0.0,Fitbit App
2026-05-10T13:34:00Z,0.0,Fitbit App
2026-05-10T13:36:00Z,0.0,Fitbit App
2026-05-10T13:37:00Z,0.0,Fitbit App
2026-05-10T13:38:00Z,0.0,Fitbit App
2026-05-10T13:39:00Z,0.0,Fitbit App
2026-05-10T13:40:00Z,0.0,Fitbit App
2026-05-10T13:41:00Z,0.0,Fitbit App
2026-05-10T13:42:00Z,0.0,Fitbit App
2026-05-10T13:43:00Z,0.0,Fitbit App
2026-05-10T13:44:00Z,0.0,Fitbit App
2026-05-10T13:45:00Z,0.0,Fitbit App
2026-05-10T13:46:00Z,0.0,Fitbit App
2026-05-10T13:47:00Z,0.7609500000000001,Fitbit App
2026-05-10T13:48:00Z,2.5365,Fitbit App
2026-05-10T13:49:00Z,0.0,Fitbit App
2026-05-10T13:50:00Z,0.0,Fitbit App
2026-05-10T13:51:00Z,0.0,Fitbit App
2026-05-10T13:52:00Z,1.26825,Fitbit App
2026-05-10T13:53:00Z,1.26825,Fitbit App
2026-05-10T13:54:00Z,0.0,Fitbit App
2026-05-10T13:55:00Z,0.0,Fitbit App
2026-05-10T13:56:00Z,0.0,Fitbit App
2026-05-10T13:57:00Z,0.0,Fitbit App
2026-05-10T13:58:00Z,0.0,Fitbit App
2026-05-10T13:59:00Z,0.0,Fitbit App
2026-05-10T14:00:00Z,0.0,Fitbit App
2026-05-10T14:01:00Z,0.0,Fitbit App
2026-05-10T14:02:00Z,0.0,Fitbit App
2026-05-10T14:03:00Z,0.0,Fitbit App
2026-05-10T14:04:00Z,0.0,Fitbit App
2026-05-10T14:05:00Z,0.0,Fitbit App
2026-05-10T14:06:00Z,0.0,Fitbit App
2026-05-10T14:07:00Z,0.0,Fitbit App
2026-05-10T14:08:00Z,0.0,Fitbit App
2026-05-10T14:09:00Z,0.0,Fitbit App
2026-05-10T14:10:00Z,0.0,Fitbit App
2026-05-10T14:11:00Z,0.0,Fitbit App
2026-05-10T14:13:00Z,0.0,Fitbit App
2026-05-10T14:14:00Z,0.0,Fitbit App
2026-05-10T14:15:00Z,0.0,Fitbit App
2026-05-10T14:16:00Z,0.0,Fitbit App
2026-05-10T14:17:00Z,0.0,Fitbit App
2026-05-10T14:19:00Z,0.0,Fitbit App
2026-05-10T14:20:00Z,0.0,Fitbit App
2026-05-10T14:21:00Z,0.0,Fitbit App
2026-05-10T14:22:00Z,0.0,Fitbit App
2026-05-10T14:23:00Z,0.0,Fitbit App
2026-05-10T14:24:00Z,0.0,Fitbit App
2026-05-10T14:25:00Z,2.7901500000000006,Fitbit App
2026-05-10T14:26:00Z,2.663325,Fitbit App
2026-05-10T14:27:00Z,3.5511,Fitbit App
2026-05-10T14:28:00Z,4.81935,Fitbit App
2026-05-10T14:29:00Z,4.5657,Fitbit App
2026-05-10T14:30:00Z,5.073,Fitbit App
2026-05-10T14:31:00Z,4.312050000000001,Fitbit App
2026-05-10T14:32:00Z,4.5657,Fitbit App
2026-05-10T14:33:00Z,3.29745,Fitbit App
2026-05-10T14:34:00Z,1.5219000000000003,Fitbit App
2026-05-10T14:35:00Z,0.0,Fitbit App
2026-05-10T14:36:00Z,5.073,Fitbit App
2026-05-10T14:37:00Z,3.0438000000000005,Fitbit App
2026-05-10T14:38:00Z,0.0,Fitbit App
2026-05-10T14:49:00Z,0.0,Fitbit App
2026-05-10T14:54:00Z,0.0,Fitbit App
2026-05-10T14:55:00Z,0.0,Fitbit App
2026-05-10T14:58:00Z,0.0,Fitbit App
2026-05-10T15:04:00Z,0.0,Fitbit App
2026-05-10T15:05:00Z,0.0,Fitbit App
2026-05-10T15:13:00Z,0.0,Fitbit App
2026-05-10T15:14:00Z,0.0,Fitbit App
2026-05-10T15:15:00Z,0.0,Fitbit App
2026-05-10T15:16:00Z,0.0,Fitbit App
2026-05-10T15:21:00Z,0.0,Fitbit App
2026-05-10T15:22:00Z,0.0,Fitbit App
2026-05-10T15:23:00Z,0.0,Fitbit App
2026-05-10T15:25:00Z,1.77555,Fitbit App
2026-05-10T15:26:00Z,0.0,Fitbit App
2026-05-10T15:27:00Z,0.0,Fitbit App
2026-05-10T15:28:00Z,0.0,Fitbit App
2026-05-10T15:29:00Z,0.0,Fitbit App
2026-05-10T15:31:00Z,0.0,Fitbit App
2026-05-10T15:32:00Z,0.0,Fitbit App
2026-05-10T15:33:00Z,0.0,Fitbit App
2026-05-10T15:34:00Z,0.0,Fitbit App
2026-05-10T15:35:00Z,0.0,Fitbit App
2026-05-10T15:36:00Z,0.0,Fitbit App
2026-05-10T15:37:00Z,0.0,Fitbit App
2026-05-10T15:38:00Z,0.0,Fitbit App
2026-05-10T15:39:00Z,0.0,Fitbit App
2026-05-10T15:40:00Z,0.0,Fitbit App
2026-05-10T15:41:00Z,0.0,Fitbit App
2026-05-10T15:42:00Z,0.0,Fitbit App
2026-05-10T15:43:00Z,0.0,Fitbit App
2026-05-10T15:44:00Z,0.0,Fitbit App
2026-05-10T15:45:00Z,0.0,Fitbit App
2026-05-10T15:46:00Z,0.0,Fitbit App
2026-05-10T15:47:00Z,0.0,Fitbit App
2026-05-10T15:48:00Z,0.0,Fitbit App
2026-05-10T15:49:00Z,0.0,Fitbit App
2026-05-10T15:50:00Z,0.0,Fitbit App
2026-05-10T15:51:00Z,0.0,Fitbit App
2026-05-10T15:52:00Z,1.0146,Fitbit App
2026-05-10T15:53:00Z,0.0,Fitbit App
2026-05-10T15:54:00Z,0.0,Fitbit App
2026-05-10T15:55:00Z,0.0,Fitbit App
2026-05-10T15:56:00Z,0.0,Fitbit App
2026-05-10T15:57:00Z,0.0,Fitbit App
2026-05-10T15:58:00Z,0.0,Fitbit App
2026-05-10T15:59:00Z,0.0,Fitbit App
2026-05-10T16:00:00Z,0.0,Fitbit App
2026-05-10T16:01:00Z,1.77555,Fitbit App
2026-05-10T16:02:00Z,1.26825,Fitbit App
2026-05-10T16:03:00Z,1.5219000000000003,Fitbit App
2026-05-10T16:04:00Z,2.5365,Fitbit App
2026-05-10T16:05:00Z,0.0,Fitbit App
2026-05-10T16:10:00Z,0.0,Fitbit App
2026-05-10T16:16:00Z,0.0,Fitbit App
2026-05-10T16:18:00Z,0.0,Fitbit App
2026-05-10T16:20:00Z,0.5073,Fitbit App
2026-05-10T16:21:00Z,1.26825,Fitbit App
2026-05-10T16:22:00Z,0.7609500000000001,Fitbit App
2026-05-10T16:23:00Z,0.0,Fitbit App
2026-05-10T16:24:00Z,0.0,Fitbit App
2026-05-10T16:25:00Z,1.26825,Fitbit App
2026-05-10T16:26:00Z,0.0,Fitbit App
2026-05-10T16:27:00Z,0.0,Fitbit App
2026-05-10T16:30:00Z,0.0,Fitbit App
2026-05-10T16:31:00Z,0.0,Fitbit App
2026-05-10T16:32:00Z,6.0876,Fitbit App
2026-05-10T16:33:00Z,0.7609500000000001,Fitbit App
2026-05-10T16:34:00Z,2.0292000000000003,Fitbit App
2026-05-10T16:35:00Z,0.0,Fitbit App
2026-05-10T16:39:00Z,0.0,Fitbit App
2026-05-10T16:40:00Z,0.0,Fitbit App
2026-05-10T16:45:00Z,0.0,Fitbit App
2026-05-10T16:46:00Z,0.7609500000000001,Fitbit App
2026-05-10T16:50:00Z,0.7609500000000001,Fitbit App
2026-05-10T16:51:00Z,0.5073,Fitbit App
2026-05-10T16:52:00Z,0.0,Fitbit App
2026-05-10T16:53:00Z,0.0,Fitbit App
2026-05-10T16:54:00Z,0.5073,Fitbit App
2026-05-10T16:55:00Z,1.77555,Fitbit App
2026-05-10T16:56:00Z,0.0,Fitbit App
2026-05-10T16:57:00Z,1.0146,Fitbit App
2026-05-10T16:59:00Z,0.0,Fitbit App
2026-05-10T17:01:00Z,0.7609500000000001,Fitbit App
2026-05-10T17:02:00Z,0.0,Fitbit App
2026-05-10T17:04:00Z,0.7609500000000001,Fitbit App
2026-05-10T17:05:00Z,2.0292000000000003,Fitbit App
2026-05-10T17:06:00Z,1.26825,Fitbit App
2026-05-10T17:07:00Z,0.0,Fitbit App
2026-05-10T17:08:00Z,1.26825,Fitbit App
2026-05-10T17:09:00Z,1.0146,Fitbit App
2026-05-10T17:10:00Z,0.0,Fitbit App
2026-05-10T17:11:00Z,0.0,Fitbit App
2026-05-10T17:12:00Z,0.0,Fitbit App
2026-05-10T17:13:00Z,2.0292000000000003,Fitbit App
2026-05-10T17:14:00Z,0.0,Fitbit App
2026-05-10T17:15:00Z,1.5219000000000003,Fitbit App
2026-05-10T17:17:00Z,0.5073,Fitbit App
2026-05-10T17:23:00Z,0.0,Fitbit App
2026-05-10T17:35:00Z,0.0,Fitbit App
2026-05-10T17:36:00Z,0.5073,Fitbit App
2026-05-10T17:42:00Z,0.0,Fitbit App
2026-05-10T17:45:00Z,0.0,Fitbit App
2026-05-10T17:48:00Z,0.5073,Fitbit App
2026-05-10T17:50:00Z,0.0,Fitbit App
2026-05-10T17:51:00Z,0.0,Fitbit App
2026-05-10T17:52:00Z,2.28285,Fitbit App
2026-05-10T17:53:00Z,0.0,Fitbit App
2026-05-10T17:54:00Z,2.7901500000000006,Fitbit App
2026-05-10T17:55:00Z,2.28285,Fitbit App
2026-05-10T17:56:00Z,0.7609500000000001,Fitbit App
2026-05-10T17:57:00Z,1.0146,Fitbit App
2026-05-10T17:58:00Z,3.29745,Fitbit App
2026-05-10T17:59:00Z,1.26825,Fitbit App
2026-05-10T18:00:00Z,2.7901500000000006,Fitbit App
2026-05-10T18:01:00Z,0.0,Fitbit App
2026-05-10T18:02:00Z,2.28285,Fitbit App
2026-05-10T18:03:00Z,0.0,Fitbit App
2026-05-10T18:04:00Z,1.77555,Fitbit App
2026-05-10T18:05:00Z,0.0,Fitbit App
2026-05-10T18:06:00Z,1.0146,Fitbit App
2026-05-10T18:07:00Z,0.0,Fitbit App
2026-05-10T18:08:00Z,0.0,Fitbit App
2026-05-10T18:09:00Z,0.0,Fitbit App
2026-05-10T18:10:00Z,0.0,Fitbit App
2026-05-10T18:11:00Z,0.0,Fitbit App
2026-05-10T18:12:00Z,0.0,Fitbit App
2026-05-10T18:13:00Z,0.0,Fitbit App
2026-05-10T18:14:00Z,0.0,Fitbit App
2026-05-10T18:15:00Z,0.0,Fitbit App
2026-05-10T18:16:00Z,1.5219000000000003,Fitbit App
2026-05-10T18:17:00Z,2.7901500000000006,Fitbit App
2026-05-10T18:18:00Z,0.5073,Fitbit App
2026-05-10T18:19:00Z,1.0146,Fitbit App
2026-05-10T18:20:00Z,0.0,Fitbit App
2026-05-10T18:21:00Z,1.5219000000000003,Fitbit App
2026-05-10T18:22:00Z,0.0,Fitbit App
2026-05-10T18:23:00Z,1.26825,Fitbit App
2026-05-10T18:24:00Z,2.0292000000000003,Fitbit App
2026-05-10T18:25:00Z,2.28285,Fitbit App
2026-05-10T18:26:00Z,2.5365,Fitbit App
2026-05-10T18:27:00Z,1.5219000000000003,Fitbit App
2026-05-10T18:28:00Z,1.77555,Fitbit App
2026-05-10T18:29:00Z,0.7609500000000001,Fitbit App
2026-05-10T18:30:00Z,2.0292000000000003,Fitbit App
2026-05-10T18:31:00Z,2.0292000000000003,Fitbit App
2026-05-10T18:32:00Z,1.77555,Fitbit App
2026-05-10T18:33:00Z,1.0146,Fitbit App
2026-05-10T18:34:00Z,1.5219000000000003,Fitbit App
2026-05-10T18:35:00Z,1.26825,Fitbit App
2026-05-10T18:36:00Z,1.26825,Fitbit App
2026-05-10T18:37:00Z,2.0292000000000003,Fitbit App
2026-05-10T18:38:00Z,1.0146,Fitbit App
2026-05-10T18:39:00Z,1.5219000000000003,Fitbit App
2026-05-10T18:40:00Z,1.77555,Fitbit App
2026-05-10T18:41:00Z,2.0292000000000003,Fitbit App
2026-05-10T18:42:00Z,0.0,Fitbit App
2026-05-10T18:43:00Z,2.28285,Fitbit App
2026-05-10T18:44:00Z,2.28285,Fitbit App
2026-05-10T18:45:00Z,0.0,Fitbit App
2026-05-10T18:46:00Z,0.0,Fitbit App
2026-05-10T18:47:00Z,1.26825,Fitbit App
2026-05-10T18:48:00Z,1.26825,Fitbit App
2026-05-10T18:49:00Z,1.0146,Fitbit App
2026-05-10T18:50:00Z,2.7901500000000006,Fitbit App
2026-05-10T18:51:00Z,2.0292000000000003,Fitbit App
2026-05-10T18:52:00Z,0.0,Fitbit App
2026-05-10T18:53:00Z,0.0,Fitbit App
2026-05-10T18:57:00Z,0.0,Fitbit App
2026-05-10T18:58:00Z,0.0,Fitbit App
2026-05-10T19:00:00Z,1.26825,Fitbit App
2026-05-10T19:01:00Z,1.5219000000000003,Fitbit App
2026-05-10T19:02:00Z,1.26825,Fitbit App
2026-05-10T19:03:00Z,0.0,Fitbit App
2026-05-10T19:04:00Z,1.0146,Fitbit App
2026-05-10T19:05:00Z,4.058400000000001,Fitbit App
2026-05-10T19:06:00Z,3.29745,Fitbit App
2026-05-10T19:07:00Z,1.0146,Fitbit App
2026-05-10T19:09:00Z,0.0,Fitbit App
2026-05-10T19:11:00Z,1.26825,Fitbit App
2026-05-10T19:12:00Z,0.0,Fitbit App
2026-05-10T19:13:00Z,0.0,Fitbit App
2026-05-10T19:14:00Z,0.0,Fitbit App
2026-05-10T19:17:00Z,0.0,Fitbit App
2026-05-10T19:18:00Z,0.0,Fitbit App
2026-05-10T19:19:00Z,0.0,Fitbit App
2026-05-10T19:20:00Z,0.0,Fitbit App
2026-05-10T19:21:00Z,0.0,Fitbit App
2026-05-10T19:22:00Z,0.0,Fitbit App
2026-05-10T19:23:00Z,0.0,Fitbit App
2026-05-10T19:24:00Z,0.0,Fitbit App
2026-05-10T19:25:00Z,0.0,Fitbit App
2026-05-10T19:26:00Z,0.0,Fitbit App
2026-05-10T19:27:00Z,0.0,Fitbit App
2026-05-10T19:28:00Z,0.0,Fitbit App
2026-05-10T19:29:00Z,0.0,Fitbit App
2026-05-10T19:30:00Z,0.0,Fitbit App
2026-05-10T19:31:00Z,0.0,Fitbit App
2026-05-10T19:32:00Z,0.0,Fitbit App
2026-05-10T19:33:00Z,0.0,Fitbit App
2026-05-10T19:34:00Z,0.0,Fitbit App
2026-05-10T19:35:00Z,0.0,Fitbit App
2026-05-10T19:36:00Z,0.0,Fitbit App
2026-05-10T19:37:00Z,0.0,Fitbit App
2026-05-10T19:38:00Z,0.0,Fitbit App
2026-05-10T19:39:00Z,0.0,Fitbit App
2026-05-10T19:40:00Z,2.0292000000000003,Fitbit App
2026-05-10T19:41:00Z,5.580300000000001,Fitbit App
2026-05-10T19:42:00Z,0.0,Fitbit App
2026-05-10T19:43:00Z,0.0,Fitbit App
2026-05-10T19:44:00Z,0.0,Fitbit App
2026-05-10T19:45:00Z,0.0,Fitbit App
2026-05-10T19:46:00Z,0.0,Fitbit App
2026-05-10T19:47:00Z,0.0,Fitbit App
2026-05-10T19:48:00Z,0.0,Fitbit App
2026-05-10T19:49:00Z,0.0,Fitbit App
2026-05-10T19:50:00Z,0.0,Fitbit App
2026-05-10T19:51:00Z,0.0,Fitbit App
2026-05-10T19:52:00Z,0.0,Fitbit App
2026-05-10T19:53:00Z,0.0,Fitbit App
2026-05-10T19:54:00Z,0.0,Fitbit App
2026-05-12T21:30:00Z,0.0,Fitbit App
2026-05-12T21:31:00Z,0.0,Fitbit App
2026-05-12T21:32:00Z,0.0,Fitbit App
2026-05-12T21:33:00Z,0.0,Fitbit App
2026-05-12T21:34:00Z,1.0146,Fitbit App
2026-05-12T21:35:00Z,0.0,Fitbit App
2026-05-12T21:36:00Z,1.0146,Fitbit App
2026-05-12T21:37:00Z,0.0,Fitbit App
2026-05-12T21:38:00Z,0.0,Fitbit App
2026-05-12T21:39:00Z,1.0146,Fitbit App
2026-05-12T21:40:00Z,0.0,Fitbit App
2026-05-12T21:41:00Z,0.0,Fitbit App
2026-05-12T21:42:00Z,0.0,Fitbit App
2026-05-12T21:43:00Z,0.0,Fitbit App
2026-05-12T21:44:00Z,0.0,Fitbit App
2026-05-12T21:45:00Z,0.0,Fitbit App
2026-05-12T21:46:00Z,0.0,Fitbit App
2026-05-12T21:47:00Z,0.0,Fitbit App
2026-05-12T21:48:00Z,0.0,Fitbit App
2026-05-12T21:49:00Z,0.0,Fitbit App
2026-05-12T21:50:00Z,0.0,Fitbit App
2026-05-12T21:51:00Z,0.0,Fitbit App
2026-05-12T21:52:00Z,0.0,Fitbit App
2026-05-12T21:53:00Z,0.0,Fitbit App
2026-05-12T21:54:00Z,0.0,Fitbit App
2026-05-12T21:55:00Z,0.0,Fitbit App
2026-05-12T21:56:00Z,0.0,Fitbit App
2026-05-12T21:57:00Z,2.0292000000000003,Fitbit App
2026-05-12T21:58:00Z,0.0,Fitbit App
2026-05-12T21:59:00Z,0.0,Fitbit App
2026-05-12T22:00:00Z,0.0,Fitbit App
2026-05-12T22:01:00Z,0.0,Fitbit App
2026-05-12T22:02:00Z,0.0,Fitbit App
2026-05-12T22:03:00Z,1.0146,Fitbit App
2026-05-12T22:04:00Z,0.0,Fitbit App
2026-05-12T22:05:00Z,0.0,Fitbit App
2026-05-12T22:06:00Z,0.0,Fitbit App
2026-05-12T22:07:00Z,1.0146,Fitbit App
2026-05-12T22:08:00Z,1.5219000000000003,Fitbit App
2026-05-12T22:09:00Z,1.5219000000000003,Fitbit App
2026-05-12T22:10:00Z,2.28285,Fitbit App
2026-05-12T22:11:00Z,2.0292000000000003,Fitbit App
2026-05-12T22:12:00Z,0.0,Fitbit App
2026-05-12T22:13:00Z,0.0,Fitbit App
2026-05-12T22:14:00Z,0.0,Fitbit App
2026-05-12T22:15:00Z,0.0,Fitbit App
2026-05-12T22:16:00Z,0.0,Fitbit App
2026-05-12T22:17:00Z,0.0,Fitbit App
2026-05-12T22:18:00Z,0.0,Fitbit App
2026-05-12T22:19:00Z,0.0,Fitbit App
2026-05-12T22:20:00Z,1.77555,Fitbit App
2026-05-12T22:21:00Z,0.0,Fitbit App
2026-05-12T22:22:00Z,1.5219000000000003,Fitbit App
2026-05-12T22:23:00Z,1.77555,Fitbit App
2026-05-12T22:24:00Z,3.0438000000000005,Fitbit App
2026-05-12T22:25:00Z,3.0438000000000005,Fitbit App
2026-05-12T22:26:00Z,2.7901500000000006,Fitbit App
2026-05-12T22:27:00Z,1.77555,Fitbit App
2026-05-12T22:33:00Z,0.0,Fitbit App
2026-05-12T22:50:00Z,0.0,Fitbit App
2026-05-12T22:51:00Z,0.0,Fitbit App
2026-05-12T22:52:00Z,0.0,Fitbit App
2026-05-12T22:58:00Z,0.0,Fitbit App
2026-05-12T23:08:00Z,0.0,Fitbit App
2026-05-12T23:11:00Z,0.0,Fitbit App
2026-05-12T23:12:00Z,0.0,Fitbit App
2026-05-12T23:14:00Z,0.0,Fitbit App
2026-05-12T23:15:00Z,0.0,Fitbit App
2026-05-12T23:19:00Z,0.0,Fitbit App
2026-05-12T23:49:00Z,0.0,Fitbit App
2026-05-13T00:59:00Z,0.0,Fitbit App
2026-05-13T01:42:00Z,0.0,Fitbit App
2026-05-13T01:43:00Z,0.0,Fitbit App
2026-05-13T02:06:00Z,0.0,Fitbit App
2026-05-13T02:28:00Z,0.0,Fitbit App
2026-05-13T02:50:00Z,0.0,Fitbit App
2026-05-13T02:51:00Z,0.0,Fitbit App
2026-05-13T03:09:00Z,0.0,Fitbit App
2026-05-13T03:20:00Z,0.0,Fitbit App
2026-05-13T03:21:00Z,0.0,Fitbit App
2026-05-13T04:58:00Z,0.0,Fitbit App
2026-05-13T05:15:00Z,0.0,Fitbit App
2026-05-13T05:46:00Z,0.0,Fitbit App
2026-05-13T05:49:00Z,0.0,Fitbit App
2026-05-13T05:51:00Z,0.0,Fitbit App
2026-05-13T06:00:00Z,0.0,Fitbit App
2026-05-13T06:06:00Z,0.0,Fitbit App
2026-05-13T06:09:00Z,0.0,Fitbit App
2026-05-13T06:34:00Z,0.0,Fitbit App
2026-05-13T07:21:00Z,0.0,Fitbit App
2026-05-13T07:22:00Z,0.0,Fitbit App
2026-05-13T07:23:00Z,0.0,Fitbit App
2026-05-13T07:38:00Z,0.0,Fitbit App
2026-05-13T07:39:00Z,0.0,Fitbit App
2026-05-13T07:40:00Z,0.0,Fitbit App
2026-05-13T07:41:00Z,0.0,Fitbit App
2026-05-13T07:49:00Z,0.0,Fitbit App
2026-05-13T07:50:00Z,1.5219000000000003,Fitbit App
2026-05-13T07:51:00Z,3.0438000000000005,Fitbit App
2026-05-13T07:52:00Z,2.7901500000000006,Fitbit App
2026-05-13T07:53:00Z,2.1560250000000005,Fitbit App
2026-05-13T07:54:00Z,3.5511,Fitbit App
2026-05-13T07:55:00Z,3.8047500000000003,Fitbit App
2026-05-13T07:56:00Z,3.5511,Fitbit App
2026-05-13T07:57:00Z,1.77555,Fitbit App
2026-05-13T07:58:00Z,1.77555,Fitbit App
2026-05-13T07:59:00Z,1.5219000000000003,Fitbit App
2026-05-13T08:00:00Z,3.0438000000000005,Fitbit App
2026-05-13T08:01:00Z,3.0438000000000005,Fitbit App
2026-05-13T08:02:00Z,0.0,Fitbit App
2026-05-13T08:03:00Z,0.0,Fitbit App
2026-05-13T08:04:00Z,0.0,Fitbit App
2026-05-13T08:05:00Z,0.0,Fitbit App
2026-05-13T08:06:00Z,0.0,Fitbit App
2026-05-13T08:07:00Z,0.0,Fitbit App
2026-05-13T08:08:00Z,3.8047500000000003,Fitbit App
2026-05-13T08:09:00Z,1.5219000000000003,Fitbit App
2026-05-13T08:10:00Z,1.5219000000000003,Fitbit App
2026-05-13T08:11:00Z,1.5219000000000003,Fitbit App
2026-05-13T08:12:00Z,1.26825,Fitbit App
2026-05-13T08:13:00Z,0.0,Fitbit App
2026-05-13T08:14:00Z,0.0,Fitbit App
2026-05-13T08:15:00Z,1.5219000000000003,Fitbit App
2026-05-13T08:16:00Z,1.5219000000000003,Fitbit App
2026-05-13T08:17:00Z,1.5219000000000003,Fitbit App
2026-05-13T08:18:00Z,1.26825,Fitbit App
2026-05-13T08:19:00Z,1.5219000000000003,Fitbit App
2026-05-13T08:20:00Z,1.5219000000000003,Fitbit App
2026-05-13T08:21:00Z,1.77555,Fitbit App
2026-05-13T08:22:00Z,1.5219000000000003,Fitbit App
2026-05-13T08:23:00Z,2.409675,Fitbit App
2026-05-13T08:24:00Z,4.058400000000001,Fitbit App
2026-05-13T08:25:00Z,4.058400000000001,Fitbit App
2026-05-13T08:26:00Z,5.83395,Fitbit App
2026-05-13T08:27:00Z,8.624100000000002,Fitbit App
2026-05-13T08:28:00Z,6.214425000000001,Fitbit App
2026-05-13T08:29:00Z,4.5657,Fitbit App
2026-05-13T08:30:00Z,3.5511,Fitbit App
2026-05-13T08:31:00Z,3.29745,Fitbit App
2026-05-13T08:32:00Z,3.4242750000000006,Fitbit App
2026-05-13T08:33:00Z,3.4242750000000006,Fitbit App
2026-05-13T08:34:00Z,3.29745,Fitbit App
2026-05-13T08:35:00Z,3.4242750000000006,Fitbit App
2026-05-13T08:36:00Z,3.5511,Fitbit App
2026-05-13T08:37:00Z,4.312050000000001,Fitbit App
2026-05-13T08:38:00Z,3.5511,Fitbit App
2026-05-13T08:39:00Z,1.77555,Fitbit App
2026-05-13T08:40:00Z,3.0438000000000005,Fitbit App
2026-05-13T08:41:00Z,1.77555,Fitbit App
2026-05-13T08:42:00Z,2.0292000000000003,Fitbit App
2026-05-13T08:43:00Z,3.8047500000000003,Fitbit App
2026-05-13T08:44:00Z,3.1706250000000002,Fitbit App
2026-05-13T08:45:00Z,4.312050000000001,Fitbit App
2026-05-13T08:46:00Z,3.8047500000000003,Fitbit App
2026-05-13T08:47:00Z,3.0438000000000005,Fitbit App
2026-05-13T08:48:00Z,2.663325,Fitbit App
2026-05-13T08:49:00Z,2.663325,Fitbit App
2026-05-13T08:50:00Z,2.663325,Fitbit App
2026-05-13T08:51:00Z,3.8047500000000003,Fitbit App
2026-05-13T08:52:00Z,2.663325,Fitbit App
2026-05-13T08:53:00Z,2.663325,Fitbit App
2026-05-13T08:54:00Z,2.663325,Fitbit App
2026-05-13T08:55:00Z,2.663325,Fitbit App
2026-05-13T08:56:00Z,4.058400000000001,Fitbit App
2026-05-13T08:57:00Z,4.312050000000001,Fitbit App
2026-05-13T08:58:00Z,3.1706250000000002,Fitbit App
2026-05-13T08:59:00Z,5.580300000000001,Fitbit App
2026-05-13T09:00:00Z,4.312050000000001,Fitbit App
2026-05-13T09:01:00Z,4.312050000000001,Fitbit App
2026-05-13T09:02:00Z,3.4242750000000006,Fitbit App
2026-05-13T09:03:00Z,3.6779250000000006,Fitbit App
2026-05-13T09:04:00Z,4.312050000000001,Fitbit App
2026-05-13T09:05:00Z,5.073,Fitbit App
2026-05-13T09:06:00Z,4.5657,Fitbit App
2026-05-13T09:07:00Z,6.0876,Fitbit App
2026-05-13T09:08:00Z,4.946175000000001,Fitbit App
2026-05-13T09:09:00Z,5.073,Fitbit App
2026-05-13T09:10:00Z,4.81935,Fitbit App
2026-05-13T09:11:00Z,5.83395,Fitbit App
2026-05-13T09:12:00Z,4.81935,Fitbit App
2026-05-13T09:13:00Z,4.81935,Fitbit App
2026-05-13T09:14:00Z,3.4242750000000006,Fitbit App
2026-05-13T09:15:00Z,4.81935,Fitbit App
2026-05-13T09:16:00Z,2.663325,Fitbit App
2026-05-13T09:18:00Z,0.0,Fitbit App
2026-05-13T09:19:00Z,0.0,Fitbit App
2026-05-13T09:20:00Z,0.0,Fitbit App
2026-05-13T09:21:00Z,0.0,Fitbit App
2026-05-13T09:22:00Z,0.0,Fitbit App
2026-05-13T09:23:00Z,0.0,Fitbit App
2026-05-13T09:24:00Z,0.0,Fitbit App
2026-05-13T09:25:00Z,0.0,Fitbit App
2026-05-13T09:26:00Z,0.0,Fitbit App
2026-05-13T09:27:00Z,0.0,Fitbit App
2026-05-13T09:28:00Z,0.0,Fitbit App
2026-05-13T09:29:00Z,0.0,Fitbit App
2026-05-13T09:30:00Z,0.0,Fitbit App
2026-05-13T09:31:00Z,0.0,Fitbit App
2026-05-13T09:32:00Z,0.0,Fitbit App
2026-05-13T09:33:00Z,0.0,Fitbit App
2026-05-13T09:34:00Z,0.0,Fitbit App
2026-05-13T09:35:00Z,0.0,Fitbit App
2026-05-13T09:36:00Z,0.0,Fitbit App
2026-05-13T09:37:00Z,0.0,Fitbit App
2026-05-13T09:38:00Z,0.0,Fitbit App
2026-05-13T09:39:00Z,0.0,Fitbit App
2026-05-13T09:40:00Z,0.0,Fitbit App
2026-05-13T09:41:00Z,0.0,Fitbit App
2026-05-13T09:42:00Z,0.0,Fitbit App
2026-05-13T09:43:00Z,0.0,Fitbit App
2026-05-13T09:44:00Z,0.0,Fitbit App
2026-05-13T09:45:00Z,0.0,Fitbit App
2026-05-13T09:46:00Z,0.0,Fitbit App
2026-05-13T09:48:00Z,0.0,Fitbit App
2026-05-13T09:49:00Z,0.0,Fitbit App
2026-05-13T09:50:00Z,0.0,Fitbit App
2026-05-13T09:51:00Z,0.0,Fitbit App
2026-05-13T09:52:00Z,0.0,Fitbit App
2026-05-13T09:54:00Z,0.0,Fitbit App
2026-05-13T09:55:00Z,0.0,Fitbit App
2026-05-13T09:57:00Z,1.26825,Fitbit App
2026-05-13T09:58:00Z,0.0,Fitbit App
2026-05-13T09:59:00Z,0.0,Fitbit App
2026-05-13T10:00:00Z,1.5219000000000003,Fitbit App
2026-05-13T10:01:00Z,0.0,Fitbit App
2026-05-13T10:02:00Z,3.0438000000000005,Fitbit App
2026-05-13T10:03:00Z,3.0438000000000005,Fitbit App
2026-05-13T10:04:00Z,2.28285,Fitbit App
2026-05-13T10:05:00Z,2.7901500000000006,Fitbit App
2026-05-13T10:06:00Z,1.77555,Fitbit App
2026-05-13T10:07:00Z,3.0438000000000005,Fitbit App
2026-05-13T10:08:00Z,2.0292000000000003,Fitbit App
2026-05-13T10:09:00Z,0.0,Fitbit App
2026-05-13T10:10:00Z,0.0,Fitbit App
2026-05-13T10:11:00Z,1.77555,Fitbit App
2026-05-13T10:12:00Z,1.5219000000000003,Fitbit App
2026-05-13T10:13:00Z,4.058400000000001,Fitbit App
2026-05-13T10:14:00Z,2.7901500000000006,Fitbit App
2026-05-13T10:15:00Z,2.7901500000000006,Fitbit App
2026-05-13T10:16:00Z,2.0292000000000003,Fitbit App
2026-05-13T10:17:00Z,2.0292000000000003,Fitbit App
2026-05-13T10:18:00Z,1.5219000000000003,Fitbit App
2026-05-13T10:19:00Z,2.7901500000000006,Fitbit App
2026-05-13T10:20:00Z,3.0438000000000005,Fitbit App
2026-05-13T10:21:00Z,3.0438000000000005,Fitbit App
2026-05-13T10:22:00Z,2.28285,Fitbit App
2026-05-13T10:23:00Z,4.312050000000001,Fitbit App
2026-05-13T10:24:00Z,5.580300000000001,Fitbit App
2026-05-13T10:25:00Z,6.594900000000001,Fitbit App
2026-05-13T10:26:00Z,7.86315,Fitbit App
2026-05-13T10:27:00Z,8.116800000000001,Fitbit App
2026-05-13T10:28:00Z,7.35585,Fitbit App
2026-05-13T10:29:00Z,5.83395,Fitbit App
2026-05-13T10:30:00Z,6.3412500000000005,Fitbit App
2026-05-13T10:31:00Z,5.326650000000001,Fitbit App
2026-05-13T10:32:00Z,6.3412500000000005,Fitbit App
2026-05-13T10:33:00Z,7.1022,Fitbit App
2026-05-13T10:34:00Z,6.3412500000000005,Fitbit App
2026-05-13T10:35:00Z,4.5657,Fitbit App
2026-05-13T10:36:00Z,4.81935,Fitbit App
2026-05-13T10:37:00Z,5.073,Fitbit App
2026-05-13T10:38:00Z,5.073,Fitbit App
2026-05-13T10:39:00Z,4.058400000000001,Fitbit App
2026-05-13T10:40:00Z,4.312050000000001,Fitbit App
2026-05-13T10:41:00Z,3.5511,Fitbit App
2026-05-13T10:42:00Z,4.058400000000001,Fitbit App
2026-05-13T10:43:00Z,4.058400000000001,Fitbit App
2026-05-13T10:44:00Z,4.5657,Fitbit App
2026-05-13T10:45:00Z,4.81935,Fitbit App
2026-05-13T10:46:00Z,4.81935,Fitbit App
2026-05-13T10:47:00Z,4.5657,Fitbit App
2026-05-13T10:48:00Z,4.058400000000001,Fitbit App
2026-05-13T10:49:00Z,3.8047500000000003,Fitbit App
2026-05-13T10:50:00Z,4.312050000000001,Fitbit App
2026-05-13T10:51:00Z,4.5657,Fitbit App
2026-05-13T10:52:00Z,4.312050000000001,Fitbit App
2026-05-13T10:53:00Z,2.0292000000000003,Fitbit App
2026-05-13T10:54:00Z,3.8047500000000003,Fitbit App
2026-05-13T10:55:00Z,3.29745,Fitbit App
2026-05-13T10:56:00Z,1.648725,Fitbit App
2026-05-13T10:57:00Z,4.312050000000001,Fitbit App
2026-05-13T10:58:00Z,4.5657,Fitbit App
2026-05-13T10:59:00Z,3.5511,Fitbit App
2026-05-13T11:00:00Z,3.29745,Fitbit App
2026-05-13T11:01:00Z,2.7901500000000006,Fitbit App
2026-05-13T11:02:00Z,3.29745,Fitbit App
2026-05-13T11:03:00Z,3.5511,Fitbit App
2026-05-13T11:04:00Z,3.5511,Fitbit App
2026-05-13T11:05:00Z,4.5657,Fitbit App
2026-05-13T11:06:00Z,4.312050000000001,Fitbit App
2026-05-13T11:07:00Z,3.5511,Fitbit App
2026-05-13T11:08:00Z,2.28285,Fitbit App
2026-05-13T11:09:00Z,1.77555,Fitbit App
2026-05-13T11:10:00Z,2.0292000000000003,Fitbit App
2026-05-13T11:11:00Z,0.0,Fitbit App
2026-05-13T11:12:00Z,0.0,Fitbit App
2026-05-13T11:13:00Z,0.0,Fitbit App
2026-05-13T11:14:00Z,0.0,Fitbit App
2026-05-13T11:15:00Z,0.0,Fitbit App
2026-05-13T11:16:00Z,0.0,Fitbit App
2026-05-13T11:17:00Z,0.0,Fitbit App
2026-05-13T11:18:00Z,0.0,Fitbit App
2026-05-13T11:19:00Z,0.0,Fitbit App
2026-05-13T11:20:00Z,0.0,Fitbit App
2026-05-13T11:21:00Z,0.0,Fitbit App
2026-05-13T11:22:00Z,0.0,Fitbit App
2026-05-13T11:23:00Z,0.0,Fitbit App
2026-05-13T11:24:00Z,0.0,Fitbit App
2026-05-13T11:25:00Z,0.0,Fitbit App
2026-05-13T11:26:00Z,0.0,Fitbit App
2026-05-13T11:28:00Z,0.0,Fitbit App
2026-05-13T11:29:00Z,0.0,Fitbit App
2026-05-13T11:30:00Z,0.0,Fitbit App
2026-05-13T11:31:00Z,0.0,Fitbit App
2026-05-13T11:32:00Z,0.0,Fitbit App
2026-05-13T11:33:00Z,0.0,Fitbit App
2026-05-13T11:34:00Z,0.0,Fitbit App
2026-05-13T11:35:00Z,1.0146,Fitbit App
2026-05-13T11:36:00Z,0.0,Fitbit App
2026-05-13T11:37:00Z,1.77555,Fitbit App
2026-05-13T11:38:00Z,0.0,Fitbit App
2026-05-13T11:39:00Z,0.0,Fitbit App
2026-05-13T11:40:00Z,0.0,Fitbit App
2026-05-13T11:41:00Z,0.0,Fitbit App
2026-05-13T11:42:00Z,0.0,Fitbit App
2026-05-13T11:43:00Z,2.0292000000000003,Fitbit App
2026-05-13T11:44:00Z,0.0,Fitbit App
2026-05-13T11:45:00Z,0.0,Fitbit App
2026-05-13T11:46:00Z,0.0,Fitbit App
2026-05-13T11:47:00Z,0.0,Fitbit App
2026-05-13T11:48:00Z,0.0,Fitbit App
2026-05-13T11:49:00Z,0.0,Fitbit App
2026-05-13T11:50:00Z,0.0,Fitbit App
2026-05-13T11:51:00Z,0.0,Fitbit App
2026-05-13T11:52:00Z,0.0,Fitbit App
2026-05-13T11:53:00Z,0.0,Fitbit App
2026-05-13T11:54:00Z,0.0,Fitbit App
2026-05-13T11:55:00Z,0.0,Fitbit App
2026-05-13T11:56:00Z,0.0,Fitbit App
2026-05-13T11:57:00Z,0.0,Fitbit App
2026-05-13T11:58:00Z,0.0,Fitbit App
2026-05-13T11:59:00Z,0.0,Fitbit App
2026-05-13T12:00:00Z,0.0,Fitbit App
2026-05-13T12:01:00Z,0.0,Fitbit App
2026-05-13T12:02:00Z,0.0,Fitbit App
2026-05-13T12:03:00Z,0.0,Fitbit App
2026-05-13T12:04:00Z,0.0,Fitbit App
2026-05-13T12:05:00Z,0.0,Fitbit App
2026-05-13T12:06:00Z,0.0,Fitbit App
2026-05-13T12:07:00Z,0.0,Fitbit App
2026-05-13T12:08:00Z,0.0,Fitbit App
2026-05-13T12:09:00Z,0.0,Fitbit App
2026-05-13T12:10:00Z,0.0,Fitbit App
2026-05-13T12:11:00Z,0.0,Fitbit App
2026-05-13T12:12:00Z,0.0,Fitbit App
2026-05-13T12:13:00Z,0.0,Fitbit App
2026-05-13T12:14:00Z,0.0,Fitbit App
2026-05-13T12:15:00Z,0.0,Fitbit App
2026-05-13T12:16:00Z,2.0292000000000003,Fitbit App
2026-05-13T12:17:00Z,2.28285,Fitbit App
2026-05-13T12:18:00Z,1.26825,Fitbit App
2026-05-13T12:19:00Z,3.0438000000000005,Fitbit App
2026-05-13T12:20:00Z,1.5219000000000003,Fitbit App
2026-05-13T12:21:00Z,0.0,Fitbit App
2026-05-13T12:22:00Z,0.0,Fitbit App
2026-05-13T12:30:00Z,0.0,Fitbit App
2026-05-13T12:31:00Z,0.0,Fitbit App
2026-05-13T12:32:00Z,0.0,Fitbit App
2026-05-13T12:33:00Z,0.0,Fitbit App
2026-05-13T12:34:00Z,0.0,Fitbit App
2026-05-13T12:35:00Z,0.0,Fitbit App
2026-05-13T12:36:00Z,0.0,Fitbit App
2026-05-13T12:37:00Z,0.0,Fitbit App
2026-05-13T12:38:00Z,1.0146,Fitbit App
2026-05-13T12:39:00Z,2.0292000000000003,Fitbit App
2026-05-13T12:40:00Z,2.0292000000000003,Fitbit App
2026-05-13T12:41:00Z,0.0,Fitbit App
2026-05-13T12:42:00Z,0.0,Fitbit App
2026-05-13T12:43:00Z,0.0,Fitbit App
2026-05-13T12:44:00Z,0.0,Fitbit App
2026-05-13T12:45:00Z,0.0,Fitbit App
2026-05-13T12:47:00Z,0.0,Fitbit App
2026-05-13T12:48:00Z,0.0,Fitbit App
2026-05-13T12:50:00Z,0.0,Fitbit App
2026-05-13T12:51:00Z,0.0,Fitbit App
2026-05-13T12:52:00Z,0.0,Fitbit App
2026-05-13T12:54:00Z,0.0,Fitbit App
2026-05-13T12:55:00Z,0.0,Fitbit App
2026-05-13T12:56:00Z,0.0,Fitbit App
2026-05-13T12:57:00Z,0.0,Fitbit App
2026-05-13T12:58:00Z,0.0,Fitbit App
2026-05-13T12:59:00Z,0.0,Fitbit App
2026-05-13T13:00:00Z,0.0,Fitbit App
2026-05-13T13:01:00Z,0.0,Fitbit App
2026-05-13T13:02:00Z,0.0,Fitbit App
2026-05-13T13:03:00Z,0.0,Fitbit App
2026-05-13T13:04:00Z,0.0,Fitbit App
2026-05-13T13:05:00Z,0.0,Fitbit App
2026-05-13T13:06:00Z,1.0146,Fitbit App
2026-05-13T13:07:00Z,0.0,Fitbit App
2026-05-13T13:09:00Z,0.0,Fitbit App
2026-05-13T13:14:00Z,0.0,Fitbit App
2026-05-13T13:15:00Z,0.0,Fitbit App
2026-05-13T13:22:00Z,0.0,Fitbit App
2026-05-13T13:23:00Z,0.0,Fitbit App
2026-05-13T13:24:00Z,0.0,Fitbit App
2026-05-13T13:26:00Z,0.0,Fitbit App
2026-05-13T13:27:00Z,0.0,Fitbit App
2026-05-13T13:29:00Z,0.0,Fitbit App
2026-05-13T13:33:00Z,0.0,Fitbit App
2026-05-13T13:35:00Z,0.0,Fitbit App
2026-05-13T13:36:00Z,0.0,Fitbit App
2026-05-13T13:37:00Z,0.0,Fitbit App
2026-05-13T13:43:00Z,0.0,Fitbit App
2026-05-13T13:46:00Z,0.0,Fitbit App
2026-05-13T13:47:00Z,0.0,Fitbit App
2026-05-13T13:49:00Z,0.0,Fitbit App
2026-05-13T13:50:00Z,0.0,Fitbit App
2026-05-13T13:51:00Z,0.7609500000000001,Fitbit App
2026-05-13T13:52:00Z,0.0,Fitbit App
2026-05-13T13:53:00Z,0.0,Fitbit App
2026-05-13T14:01:00Z,0.0,Fitbit App
2026-05-13T14:02:00Z,0.0,Fitbit App
2026-05-13T14:04:00Z,0.0,Fitbit App
2026-05-13T14:05:00Z,0.0,Fitbit App
2026-05-13T14:06:00Z,0.0,Fitbit App
2026-05-13T14:07:00Z,0.0,Fitbit App
2026-05-13T14:08:00Z,0.0,Fitbit App
2026-05-13T14:09:00Z,0.0,Fitbit App
2026-05-13T14:10:00Z,0.0,Fitbit App
2026-05-13T14:11:00Z,0.0,Fitbit App
2026-05-13T14:12:00Z,0.0,Fitbit App
2026-05-13T14:13:00Z,0.0,Fitbit App
2026-05-13T14:14:00Z,0.0,Fitbit App
2026-05-13T14:15:00Z,0.0,Fitbit App
2026-05-13T14:16:00Z,0.0,Fitbit App
2026-05-13T14:17:00Z,0.0,Fitbit App
2026-05-13T14:18:00Z,0.0,Fitbit App
2026-05-13T14:19:00Z,0.0,Fitbit App
2026-05-13T14:20:00Z,0.0,Fitbit App
2026-05-13T14:21:00Z,0.0,Fitbit App
2026-05-13T14:22:00Z,0.0,Fitbit App
2026-05-13T14:23:00Z,0.0,Fitbit App
2026-05-13T14:24:00Z,0.0,Fitbit App
2026-05-13T14:25:00Z,0.0,Fitbit App
2026-05-13T14:26:00Z,0.0,Fitbit App
2026-05-13T14:27:00Z,0.0,Fitbit App
2026-05-13T14:29:00Z,0.0,Fitbit App
2026-05-13T14:30:00Z,0.0,Fitbit App
2026-05-13T14:31:00Z,0.0,Fitbit App
2026-05-13T14:32:00Z,0.0,Fitbit App
2026-05-13T14:33:00Z,0.0,Fitbit App
2026-05-13T14:34:00Z,0.0,Fitbit App
2026-05-13T14:35:00Z,0.0,Fitbit App
2026-05-13T14:36:00Z,0.0,Fitbit App
2026-05-13T14:37:00Z,0.0,Fitbit App
2026-05-13T14:38:00Z,0.0,Fitbit App
2026-05-13T14:39:00Z,0.0,Fitbit App
2026-05-13T14:40:00Z,0.0,Fitbit App
2026-05-13T14:41:00Z,0.0,Fitbit App
2026-05-13T14:42:00Z,0.0,Fitbit App
2026-05-13T14:43:00Z,0.0,Fitbit App
2026-05-13T14:46:00Z,0.0,Fitbit App
2026-05-13T14:47:00Z,0.0,Fitbit App
2026-05-13T14:48:00Z,0.0,Fitbit App
2026-05-13T14:49:00Z,0.0,Fitbit App
2026-05-13T14:50:00Z,0.0,Fitbit App
2026-05-13T14:51:00Z,0.0,Fitbit App
2026-05-13T14:52:00Z,0.0,Fitbit App
2026-05-13T14:53:00Z,0.0,Fitbit App
2026-05-13T14:54:00Z,0.0,Fitbit App
2026-05-13T14:55:00Z,0.0,Fitbit App
2026-05-13T14:56:00Z,1.5219000000000003,Fitbit App
2026-05-13T14:57:00Z,3.29745,Fitbit App
2026-05-13T14:58:00Z,2.7901500000000006,Fitbit App
2026-05-13T14:59:00Z,0.7609500000000001,Fitbit App
2026-05-13T15:00:00Z,1.5219000000000003,Fitbit App
2026-05-13T15:01:00Z,4.312050000000001,Fitbit App
2026-05-13T15:02:00Z,5.073,Fitbit App
2026-05-13T15:03:00Z,5.073,Fitbit App
2026-05-13T15:04:00Z,5.073,Fitbit App
2026-05-13T15:05:00Z,4.81935,Fitbit App
2026-05-13T15:06:00Z,4.81935,Fitbit App
2026-05-13T15:07:00Z,4.5657,Fitbit App
2026-05-13T15:08:00Z,5.580300000000001,Fitbit App
2026-05-13T15:09:00Z,5.326650000000001,Fitbit App
2026-05-13T15:10:00Z,5.326650000000001,Fitbit App
2026-05-13T15:11:00Z,4.81935,Fitbit App
2026-05-13T15:12:00Z,5.073,Fitbit App
2026-05-13T15:13:00Z,4.81935,Fitbit App
2026-05-13T15:14:00Z,5.073,Fitbit App
2026-05-13T15:15:00Z,4.81935,Fitbit App
2026-05-13T15:16:00Z,4.81935,Fitbit App
2026-05-13T15:17:00Z,4.312050000000001,Fitbit App
2026-05-13T15:18:00Z,4.058400000000001,Fitbit App
2026-05-13T15:19:00Z,4.81935,Fitbit App
2026-05-13T15:20:00Z,4.81935,Fitbit App
2026-05-13T15:21:00Z,4.81935,Fitbit App
2026-05-13T15:22:00Z,5.073,Fitbit App
2026-05-13T15:23:00Z,4.81935,Fitbit App
2026-05-13T15:24:00Z,5.326650000000001,Fitbit App
2026-05-13T15:25:00Z,5.073,Fitbit App
2026-05-13T15:26:00Z,3.29745,Fitbit App
2026-05-13T15:27:00Z,2.0292000000000003,Fitbit App
2026-05-13T15:28:00Z,0.0,Fitbit App
2026-05-13T15:30:00Z,0.0,Fitbit App
2026-05-13T15:34:00Z,0.0,Fitbit App
2026-05-13T15:35:00Z,0.0,Fitbit App
2026-05-13T15:46:00Z,0.0,Fitbit App
2026-05-13T15:52:00Z,0.0,Fitbit App
2026-05-13T15:53:00Z,0.0,Fitbit App
2026-05-13T15:54:00Z,0.0,Fitbit App
2026-05-13T15:57:00Z,0.0,Fitbit App
2026-05-13T15:58:00Z,0.0,Fitbit App
2026-05-13T15:59:00Z,0.0,Fitbit App
2026-05-13T16:00:00Z,0.0,Fitbit App
2026-05-13T16:01:00Z,0.0,Fitbit App
2026-05-13T16:04:00Z,0.0,Fitbit App
2026-05-13T16:05:00Z,0.0,Fitbit App
2026-05-13T16:06:00Z,0.0,Fitbit App
2026-05-13T16:07:00Z,0.0,Fitbit App
2026-05-13T16:11:00Z,0.0,Fitbit App
2026-05-13T16:12:00Z,0.0,Fitbit App
2026-05-13T16:13:00Z,0.0,Fitbit App
2026-05-13T16:14:00Z,0.0,Fitbit App
2026-05-13T16:15:00Z,0.0,Fitbit App
2026-05-13T16:16:00Z,0.0,Fitbit App
2026-05-13T16:19:00Z,0.0,Fitbit App
2026-05-13T16:22:00Z,0.0,Fitbit App
2026-05-13T16:23:00Z,0.0,Fitbit App
2026-05-13T16:24:00Z,0.0,Fitbit App
2026-05-13T16:25:00Z,0.0,Fitbit App
2026-05-13T16:26:00Z,0.0,Fitbit App
2026-05-13T16:27:00Z,0.0,Fitbit App
2026-05-13T16:28:00Z,0.0,Fitbit App
2026-05-13T16:29:00Z,0.0,Fitbit App
2026-05-13T16:30:00Z,0.0,Fitbit App
2026-05-13T16:31:00Z,0.0,Fitbit App
2026-05-13T16:32:00Z,1.5219000000000003,Fitbit App
2026-05-13T16:33:00Z,1.77555,Fitbit App
2026-05-13T16:34:00Z,1.77555,Fitbit App
2026-05-13T16:35:00Z,2.28285,Fitbit App
2026-05-13T16:36:00Z,1.77555,Fitbit App
2026-05-13T16:37:00Z,1.26825,Fitbit App
2026-05-13T16:38:00Z,1.5219000000000003,Fitbit App
2026-05-13T16:39:00Z,0.0,Fitbit App
2026-05-13T16:40:00Z,1.77555,Fitbit App
2026-05-13T16:41:00Z,1.26825,Fitbit App
2026-05-13T16:42:00Z,1.26825,Fitbit App
2026-05-13T16:43:00Z,1.5219000000000003,Fitbit App
2026-05-13T16:44:00Z,2.5365,Fitbit App
2026-05-13T16:45:00Z,2.28285,Fitbit App
2026-05-13T16:46:00Z,0.0,Fitbit App
2026-05-13T16:47:00Z,1.77555,Fitbit App
2026-05-13T16:48:00Z,1.5219000000000003,Fitbit App
2026-05-13T16:49:00Z,0.7609500000000001,Fitbit App
2026-05-13T16:50:00Z,0.0,Fitbit App
2026-05-13T16:51:00Z,1.0146,Fitbit App
2026-05-13T16:52:00Z,1.5219000000000003,Fitbit App
2026-05-13T16:53:00Z,0.0,Fitbit App
2026-05-13T16:54:00Z,1.0146,Fitbit App
2026-05-13T16:55:00Z,1.5219000000000003,Fitbit App
2026-05-13T17:07:00Z,0.0,Fitbit App
2026-05-13T17:15:00Z,0.0,Fitbit App
2026-05-13T17:16:00Z,0.7609500000000001,Fitbit App
2026-05-13T17:17:00Z,0.0,Fitbit App
2026-05-13T17:18:00Z,0.0,Fitbit App
2026-05-13T17:21:00Z,0.0,Fitbit App
2026-05-13T17:22:00Z,0.0,Fitbit App
2026-05-13T17:23:00Z,0.0,Fitbit App
2026-05-13T17:25:00Z,0.0,Fitbit App
2026-05-13T17:31:00Z,0.0,Fitbit App
2026-05-13T17:32:00Z,0.0,Fitbit App
2026-05-13T17:33:00Z,0.0,Fitbit App
2026-05-13T17:34:00Z,0.0,Fitbit App
2026-05-13T17:35:00Z,0.0,Fitbit App
2026-05-13T17:36:00Z,0.0,Fitbit App
2026-05-13T17:37:00Z,0.0,Fitbit App
2026-05-13T17:38:00Z,0.0,Fitbit App
2026-05-13T17:41:00Z,0.0,Fitbit App
2026-05-13T17:42:00Z,0.0,Fitbit App
2026-05-13T17:43:00Z,0.0,Fitbit App
2026-05-13T17:44:00Z,0.0,Fitbit App
2026-05-13T17:45:00Z,0.0,Fitbit App
2026-05-13T17:46:00Z,0.0,Fitbit App
2026-05-13T17:47:00Z,0.0,Fitbit App
2026-05-13T17:48:00Z,0.0,Fitbit App
2026-05-13T17:49:00Z,0.0,Fitbit App
2026-05-13T17:50:00Z,0.0,Fitbit App
2026-05-13T17:51:00Z,0.0,Fitbit App
2026-05-13T17:52:00Z,0.0,Fitbit App
2026-05-13T17:53:00Z,0.0,Fitbit App
2026-05-13T17:54:00Z,0.0,Fitbit App
2026-05-13T17:55:00Z,0.0,Fitbit App
2026-05-13T17:57:00Z,0.0,Fitbit App
2026-05-13T17:59:00Z,0.0,Fitbit App
2026-05-13T18:00:00Z,0.0,Fitbit App
2026-05-13T18:01:00Z,0.0,Fitbit App
2026-05-13T18:02:00Z,0.0,Fitbit App
2026-05-13T18:03:00Z,0.0,Fitbit App
2026-05-13T18:04:00Z,0.0,Fitbit App
2026-05-13T18:05:00Z,0.7609500000000001,Fitbit App
2026-05-13T18:06:00Z,0.0,Fitbit App
2026-05-13T18:07:00Z,0.0,Fitbit App
2026-05-13T18:09:00Z,1.5219000000000003,Fitbit App
2026-05-13T18:10:00Z,0.0,Fitbit App
2026-05-13T18:11:00Z,0.0,Fitbit App
2026-05-13T18:14:00Z,0.0,Fitbit App
2026-05-13T18:15:00Z,0.7609500000000001,Fitbit App
2026-05-13T18:16:00Z,0.0,Fitbit App
2026-05-13T18:17:00Z,0.0,Fitbit App
2026-05-13T18:18:00Z,0.0,Fitbit App
2026-05-13T18:19:00Z,0.0,Fitbit App
2026-05-13T18:20:00Z,0.0,Fitbit App
2026-05-13T18:21:00Z,0.0,Fitbit App
2026-05-13T18:22:00Z,0.0,Fitbit App
2026-05-13T18:23:00Z,0.0,Fitbit App
2026-05-13T18:29:00Z,0.0,Fitbit App
2026-05-13T18:30:00Z,1.26825,Fitbit App
2026-05-13T18:31:00Z,1.0146,Fitbit App
2026-05-13T18:32:00Z,0.0,Fitbit App
2026-05-13T18:33:00Z,0.0,Fitbit App
2026-05-13T18:34:00Z,1.5219000000000003,Fitbit App
2026-05-13T18:35:00Z,0.0,Fitbit App
2026-05-13T18:36:00Z,1.26825,Fitbit App
2026-05-13T18:37:00Z,1.26825,Fitbit App
2026-05-13T18:38:00Z,3.8047500000000003,Fitbit App
2026-05-13T18:39:00Z,1.77555,Fitbit App
2026-05-13T18:40:00Z,2.0292000000000003,Fitbit App
2026-05-13T18:41:00Z,0.0,Fitbit App
2026-05-13T18:42:00Z,1.0146,Fitbit App
2026-05-13T18:43:00Z,0.0,Fitbit App
2026-05-13T18:44:00Z,0.0,Fitbit App
2026-05-13T18:45:00Z,1.0146,Fitbit App
2026-05-13T18:46:00Z,5.073,Fitbit App
2026-05-13T18:47:00Z,5.073,Fitbit App
2026-05-13T18:48:00Z,5.073,Fitbit App
2026-05-13T18:49:00Z,4.81935,Fitbit App
2026-05-13T18:50:00Z,5.073,Fitbit App
2026-05-13T18:51:00Z,4.81935,Fitbit App
2026-05-13T18:52:00Z,5.073,Fitbit App
2026-05-13T18:53:00Z,4.81935,Fitbit App
2026-05-13T18:54:00Z,3.0438000000000005,Fitbit App
2026-05-13T18:55:00Z,3.0438000000000005,Fitbit App
2026-05-13T18:56:00Z,4.81935,Fitbit App
2026-05-13T18:57:00Z,2.5365,Fitbit App
2026-05-13T18:58:00Z,1.77555,Fitbit App
2026-05-13T18:59:00Z,1.77555,Fitbit App
2026-05-13T19:00:00Z,2.28285,Fitbit App
2026-05-13T19:01:00Z,1.0146,Fitbit App
2026-05-13T19:02:00Z,3.5511,Fitbit App
2026-05-13T19:03:00Z,4.5657,Fitbit App
2026-05-13T19:04:00Z,2.7901500000000006,Fitbit App
2026-05-13T19:05:00Z,1.5219000000000003,Fitbit App
2026-05-13T19:06:00Z,1.77555,Fitbit App
2026-05-13T19:07:00Z,2.7901500000000006,Fitbit App
2026-05-13T19:08:00Z,2.0292000000000003,Fitbit App
2026-05-13T19:09:00Z,2.28285,Fitbit App
2026-05-13T19:10:00Z,1.5219000000000003,Fitbit App
2026-05-13T19:11:00Z,1.5219000000000003,Fitbit App
2026-05-13T19:12:00Z,4.5657,Fitbit App
2026-05-13T19:13:00Z,4.81935,Fitbit App
2026-05-13T19:14:00Z,4.058400000000001,Fitbit App
2026-05-13T19:15:00Z,5.073,Fitbit App
2026-05-13T19:16:00Z,4.81935,Fitbit App
2026-05-13T19:17:00Z,5.073,Fitbit App
2026-05-13T19:18:00Z,5.073,Fitbit App
2026-05-13T19:19:00Z,4.81935,Fitbit App
2026-05-13T19:20:00Z,4.81935,Fitbit App
2026-05-13T19:21:00Z,5.073,Fitbit App
2026-05-13T19:22:00Z,4.81935,Fitbit App
2026-05-13T19:23:00Z,4.81935,Fitbit App
2026-05-13T19:24:00Z,4.81935,Fitbit App
2026-05-13T19:25:00Z,4.81935,Fitbit App
2026-05-13T19:26:00Z,2.28285,Fitbit App
2026-05-13T19:27:00Z,2.28285,Fitbit App
2026-05-13T19:28:00Z,0.0,Fitbit App
2026-05-13T19:29:00Z,0.0,Fitbit App
2026-05-13T19:30:00Z,0.0,Fitbit App
2026-05-13T19:31:00Z,0.0,Fitbit App
2026-05-13T19:32:00Z,0.0,Fitbit App
2026-05-13T19:33:00Z,0.0,Fitbit App
2026-05-13T19:34:00Z,0.0,Fitbit App
2026-05-13T19:35:00Z,0.0,Fitbit App
2026-05-13T19:36:00Z,0.0,Fitbit App
2026-05-13T19:37:00Z,0.0,Fitbit App
2026-05-13T19:38:00Z,0.0,Fitbit App
2026-05-13T19:39:00Z,0.0,Fitbit App
2026-05-13T19:40:00Z,0.0,Fitbit App
2026-05-13T19:41:00Z,1.26825,Fitbit App
2026-05-13T19:42:00Z,2.0292000000000003,Fitbit App
2026-05-13T19:43:00Z,0.7609500000000001,Fitbit App
2026-05-13T19:44:00Z,2.0292000000000003,Fitbit App
2026-05-13T19:45:00Z,1.77555,Fitbit App
2026-05-13T19:46:00Z,2.0292000000000003,Fitbit App
2026-05-13T19:47:00Z,0.7609500000000001,Fitbit App
2026-05-13T19:48:00Z,3.0438000000000005,Fitbit App
2026-05-13T19:49:00Z,2.0292000000000003,Fitbit App
2026-05-13T19:50:00Z,2.0292000000000003,Fitbit App
2026-05-13T19:51:00Z,0.0,Fitbit App
2026-05-13T19:52:00Z,1.26825,Fitbit App
2026-05-13T19:53:00Z,0.0,Fitbit App
2026-05-13T19:54:00Z,1.5219000000000003,Fitbit App
2026-05-13T19:55:00Z,1.26825,Fitbit App
2026-05-13T19:56:00Z,1.77555,Fitbit App
2026-05-13T19:57:00Z,0.0,Fitbit App
2026-05-13T19:58:00Z,0.0,Fitbit App
2026-05-13T19:59:00Z,1.26825,Fitbit App
2026-05-13T20:00:00Z,2.28285,Fitbit App
2026-05-13T20:01:00Z,1.5219000000000003,Fitbit App
2026-05-13T20:02:00Z,2.28285,Fitbit App
2026-05-13T20:03:00Z,0.0,Fitbit App
2026-05-13T20:04:00Z,2.28285,Fitbit App
2026-05-13T20:05:00Z,2.0292000000000003,Fitbit App
2026-05-13T20:06:00Z,1.77555,Fitbit App
2026-05-13T20:07:00Z,2.0292000000000003,Fitbit App
2026-05-13T20:08:00Z,1.77555,Fitbit App
2026-05-13T20:09:00Z,0.0,Fitbit App
2026-05-13T20:10:00Z,1.5219000000000003,Fitbit App
2026-05-13T20:11:00Z,1.5219000000000003,Fitbit App
2026-05-13T20:12:00Z,0.0,Fitbit App
2026-05-13T20:13:00Z,0.0,Fitbit App
2026-05-13T20:14:00Z,0.0,Fitbit App
2026-05-13T20:15:00Z,0.0,Fitbit App
2026-05-13T20:16:00Z,0.0,Fitbit App
2026-05-13T20:17:00Z,0.0,Fitbit App
2026-05-13T20:18:00Z,0.0,Fitbit App
2026-05-13T20:19:00Z,0.0,Fitbit App
2026-05-13T20:20:00Z,0.0,Fitbit App
2026-05-13T20:21:00Z,0.0,Fitbit App
2026-05-13T20:22:00Z,0.0,Fitbit App
2026-05-13T20:23:00Z,0.0,Fitbit App
2026-05-13T20:24:00Z,0.0,Fitbit App
2026-05-13T20:25:00Z,0.0,Fitbit App
2026-05-13T20:26:00Z,0.0,Fitbit App
2026-05-13T20:27:00Z,0.0,Fitbit App
2026-05-13T20:28:00Z,0.0,Fitbit App
2026-05-13T20:29:00Z,0.0,Fitbit App
2026-05-13T20:30:00Z,0.0,Fitbit App
2026-05-13T20:31:00Z,0.0,Fitbit App
2026-05-13T20:32:00Z,0.0,Fitbit App
2026-05-13T20:33:00Z,0.0,Fitbit App
2026-05-13T20:34:00Z,1.5219000000000003,Fitbit App
2026-05-13T20:35:00Z,0.0,Fitbit App
2026-05-13T20:36:00Z,0.0,Fitbit App
2026-05-13T20:37:00Z,1.5219000000000003,Fitbit App
2026-05-13T20:38:00Z,2.28285,Fitbit App
2026-05-13T20:39:00Z,2.5365,Fitbit App
2026-05-13T20:40:00Z,1.5219000000000003,Fitbit App
2026-05-13T20:41:00Z,0.0,Fitbit App
2026-05-13T21:05:00Z,0.0,Fitbit App
2026-05-13T21:08:00Z,0.0,Fitbit App
2026-05-13T21:09:00Z,0.0,Fitbit App
2026-05-13T21:11:00Z,0.0,Fitbit App
2026-05-13T21:18:00Z,0.0,Fitbit App
2026-05-13T21:19:00Z,0.0,Fitbit App
2026-05-13T21:20:00Z,0.0,Fitbit App
2026-05-13T21:25:00Z,0.0,Fitbit App
2026-05-13T21:31:00Z,0.0,Fitbit App
2026-05-13T21:38:00Z,0.0,Fitbit App
2026-05-13T21:50:00Z,0.0,Fitbit App
2026-05-13T21:53:00Z,0.0,Fitbit App
2026-05-13T22:09:00Z,0.0,Fitbit App
2026-05-13T22:44:00Z,0.0,Fitbit App
2026-05-13T23:34:00Z,1.26825,Fitbit App
2026-05-13T23:35:00Z,2.0292000000000003,Fitbit App
2026-05-13T23:36:00Z,2.0292000000000003,Fitbit App
2026-05-13T23:37:00Z,0.0,Fitbit App
2026-05-13T23:40:00Z,0.0,Fitbit App
2026-05-13T23:46:00Z,0.0,Fitbit App
2026-05-14T00:22:00Z,0.0,Fitbit App
2026-05-14T01:17:00Z,0.0,Fitbit App
2026-05-14T01:18:00Z,0.0,Fitbit App
2026-05-14T03:27:00Z,0.0,Fitbit App
2026-05-14T03:42:00Z,0.0,Fitbit App
2026-05-14T05:23:00Z,0.0,Fitbit App
2026-05-14T05:30:00Z,0.0,Fitbit App
2026-05-14T05:31:00Z,0.0,Fitbit App
2026-05-14T05:38:00Z,0.0,Fitbit App
2026-05-14T05:45:00Z,0.0,Fitbit App
2026-05-14T06:13:00Z,0.0,Fitbit App
2026-05-14T06:39:00Z,0.0,Fitbit App
2026-05-14T06:41:00Z,0.0,Fitbit App
2026-05-14T06:45:00Z,0.0,Fitbit App
2026-05-14T06:49:00Z,0.0,Fitbit App
2026-05-14T06:51:00Z,0.0,Fitbit App
2026-05-14T07:00:00Z,0.0,Fitbit App
2026-05-14T07:03:00Z,0.0,Fitbit App
2026-05-14T07:26:00Z,0.0,Fitbit App
2026-05-14T07:59:00Z,0.0,Fitbit App
2026-05-14T08:01:00Z,0.0,Fitbit App
2026-05-14T08:02:00Z,0.0,Fitbit App
2026-05-14T08:03:00Z,0.0,Fitbit App
2026-05-14T08:04:00Z,0.0,Fitbit App
2026-05-14T08:06:00Z,0.0,Fitbit App
2026-05-14T08:07:00Z,0.0,Fitbit App
2026-05-14T08:25:00Z,0.0,Fitbit App
2026-05-14T08:26:00Z,0.0,Fitbit App
2026-05-14T08:27:00Z,0.0,Fitbit App
2026-05-14T08:28:00Z,0.0,Fitbit App
2026-05-14T08:33:00Z,0.0,Fitbit App
2026-05-14T08:35:00Z,0.0,Fitbit App
2026-05-14T08:36:00Z,0.0,Fitbit App
2026-05-14T08:39:00Z,0.0,Fitbit App
2026-05-14T08:40:00Z,0.0,Fitbit App
2026-05-14T08:41:00Z,0.0,Fitbit App
2026-05-14T08:42:00Z,0.0,Fitbit App
2026-05-14T08:43:00Z,0.0,Fitbit App
2026-05-14T08:44:00Z,0.0,Fitbit App
2026-05-14T08:47:00Z,0.0,Fitbit App
2026-05-14T08:48:00Z,0.0,Fitbit App
2026-05-14T08:49:00Z,0.0,Fitbit App
2026-05-14T08:50:00Z,0.0,Fitbit App
2026-05-14T08:51:00Z,0.0,Fitbit App
2026-05-14T08:52:00Z,0.0,Fitbit App
2026-05-14T08:53:00Z,0.0,Fitbit App
2026-05-14T08:54:00Z,0.0,Fitbit App
2026-05-14T08:55:00Z,0.0,Fitbit App
2026-05-14T08:56:00Z,0.0,Fitbit App
2026-05-14T08:57:00Z,0.0,Fitbit App
2026-05-14T08:58:00Z,0.0,Fitbit App
2026-05-14T08:59:00Z,0.0,Fitbit App
2026-05-14T09:00:00Z,0.0,Fitbit App
2026-05-14T09:02:00Z,0.0,Fitbit App
2026-05-14T09:13:00Z,0.0,Fitbit App
2026-05-14T09:17:00Z,0.0,Fitbit App
2026-05-14T09:18:00Z,0.0,Fitbit App
2026-05-14T09:20:00Z,0.0,Fitbit App
2026-05-14T09:24:00Z,1.77555,Fitbit App
2026-05-14T09:25:00Z,2.5365,Fitbit App
2026-05-14T09:26:00Z,1.26825,Fitbit App
2026-05-14T09:27:00Z,0.0,Fitbit App
2026-05-14T09:28:00Z,0.0,Fitbit App
2026-05-14T09:29:00Z,0.0,Fitbit App
2026-05-14T09:30:00Z,0.0,Fitbit App
2026-05-14T09:31:00Z,0.7609500000000001,Fitbit App
2026-05-14T09:32:00Z,1.26825,Fitbit App
2026-05-14T09:33:00Z,1.5219000000000003,Fitbit App
2026-05-14T09:34:00Z,2.0292000000000003,Fitbit App
2026-05-14T09:35:00Z,0.0,Fitbit App
2026-05-14T09:36:00Z,0.0,Fitbit App
2026-05-14T09:37:00Z,2.28285,Fitbit App
2026-05-14T09:38:00Z,0.0,Fitbit App
2026-05-14T09:39:00Z,0.0,Fitbit App
2026-05-14T09:41:00Z,0.0,Fitbit App
2026-05-14T09:42:00Z,0.0,Fitbit App
2026-05-14T09:43:00Z,0.0,Fitbit App
2026-05-14T09:44:00Z,0.0,Fitbit App
2026-05-14T09:47:00Z,0.0,Fitbit App
2026-05-14T09:48:00Z,0.0,Fitbit App
2026-05-14T09:49:00Z,1.5219000000000003,Fitbit App
2026-05-14T09:50:00Z,1.0146,Fitbit App
2026-05-14T09:51:00Z,0.0,Fitbit App
2026-05-14T09:52:00Z,0.0,Fitbit App
2026-05-14T09:53:00Z,0.0,Fitbit App
2026-05-14T09:54:00Z,0.0,Fitbit App
2026-05-14T09:55:00Z,0.0,Fitbit App
2026-05-14T09:56:00Z,0.0,Fitbit App
2026-05-14T09:57:00Z,0.0,Fitbit App
2026-05-14T09:58:00Z,0.0,Fitbit App
2026-05-14T09:59:00Z,0.0,Fitbit App
2026-05-14T10:00:00Z,1.77555,Fitbit App
2026-05-14T10:01:00Z,0.0,Fitbit App
2026-05-14T10:02:00Z,0.0,Fitbit App
2026-05-14T10:03:00Z,0.0,Fitbit App
2026-05-14T10:04:00Z,0.0,Fitbit App
2026-05-14T10:05:00Z,2.5365,Fitbit App
2026-05-14T10:06:00Z,2.28285,Fitbit App
2026-05-14T10:07:00Z,4.058400000000001,Fitbit App
2026-05-14T10:08:00Z,2.5365,Fitbit App
2026-05-14T10:09:00Z,3.0438000000000005,Fitbit App
2026-05-14T10:10:00Z,2.5365,Fitbit App
2026-05-14T10:11:00Z,3.0438000000000005,Fitbit App
2026-05-14T10:12:00Z,1.9023750000000001,Fitbit App
2026-05-14T10:13:00Z,0.0,Fitbit App
2026-05-14T10:33:00Z,0.0,Fitbit App
2026-05-14T10:34:00Z,2.7901500000000006,Fitbit App
2026-05-14T10:35:00Z,2.5365,Fitbit App
2026-05-14T10:36:00Z,3.0438000000000005,Fitbit App
2026-05-14T10:37:00Z,3.5511,Fitbit App
2026-05-14T10:38:00Z,3.0438000000000005,Fitbit App
2026-05-14T10:39:00Z,3.0438000000000005,Fitbit App
2026-05-14T10:40:00Z,3.29745,Fitbit App
2026-05-14T10:41:00Z,0.0,Fitbit App
2026-05-14T10:42:00Z,0.0,Fitbit App
2026-05-14T10:43:00Z,0.0,Fitbit App
2026-05-14T10:44:00Z,0.0,Fitbit App
2026-05-14T10:45:00Z,0.0,Fitbit App
2026-05-14T10:46:00Z,0.0,Fitbit App
2026-05-14T10:47:00Z,0.0,Fitbit App
2026-05-14T10:48:00Z,0.0,Fitbit App
2026-05-14T10:49:00Z,0.0,Fitbit App
2026-05-14T10:50:00Z,0.0,Fitbit App
2026-05-14T10:51:00Z,0.0,Fitbit App
2026-05-14T10:53:00Z,0.0,Fitbit App
2026-05-14T10:54:00Z,0.0,Fitbit App
2026-05-14T10:55:00Z,0.0,Fitbit App
2026-05-14T10:56:00Z,0.0,Fitbit App
2026-05-14T10:57:00Z,0.0,Fitbit App
2026-05-14T10:58:00Z,0.0,Fitbit App
2026-05-14T10:59:00Z,0.0,Fitbit App
2026-05-14T11:00:00Z,0.0,Fitbit App
2026-05-14T11:01:00Z,0.0,Fitbit App
2026-05-14T11:02:00Z,0.0,Fitbit App
2026-05-14T11:03:00Z,0.0,Fitbit App
2026-05-14T11:04:00Z,0.0,Fitbit App
2026-05-14T11:05:00Z,0.0,Fitbit App
2026-05-14T11:06:00Z,0.0,Fitbit App
2026-05-14T11:07:00Z,0.0,Fitbit App
2026-05-14T11:08:00Z,0.0,Fitbit App
2026-05-14T11:09:00Z,0.0,Fitbit App
2026-05-14T11:10:00Z,0.0,Fitbit App
2026-05-14T11:11:00Z,0.0,Fitbit App
2026-05-14T11:12:00Z,0.0,Fitbit App
2026-05-14T11:13:00Z,0.0,Fitbit App
2026-05-14T11:14:00Z,0.0,Fitbit App
2026-05-14T11:15:00Z,0.0,Fitbit App
2026-05-14T11:16:00Z,0.0,Fitbit App
2026-05-14T11:17:00Z,0.0,Fitbit App
2026-05-14T11:18:00Z,0.0,Fitbit App
2026-05-14T11:19:00Z,0.0,Fitbit App
2026-05-14T11:20:00Z,0.0,Fitbit App
2026-05-14T11:22:00Z,0.0,Fitbit App
2026-05-14T11:24:00Z,0.0,Fitbit App
2026-05-14T11:25:00Z,0.0,Fitbit App
2026-05-14T11:28:00Z,0.0,Fitbit App
2026-05-14T11:30:00Z,0.0,Fitbit App
2026-05-14T11:31:00Z,0.0,Fitbit App
2026-05-14T11:32:00Z,0.0,Fitbit App
2026-05-14T11:34:00Z,0.0,Fitbit App
2026-05-14T11:35:00Z,0.0,Fitbit App
2026-05-14T11:36:00Z,0.0,Fitbit App
2026-05-14T11:38:00Z,0.0,Fitbit App
2026-05-14T11:39:00Z,0.0,Fitbit App
2026-05-14T11:40:00Z,0.0,Fitbit App
2026-05-14T11:46:00Z,0.0,Fitbit App
2026-05-14T11:47:00Z,1.77555,Fitbit App
2026-05-14T11:48:00Z,5.326650000000001,Fitbit App
2026-05-14T11:49:00Z,0.0,Fitbit App
2026-05-14T11:50:00Z,0.0,Fitbit App
2026-05-14T11:51:00Z,0.0,Fitbit App
2026-05-14T11:52:00Z,0.0,Fitbit App
2026-05-14T11:53:00Z,0.0,Fitbit App
2026-05-14T11:54:00Z,0.0,Fitbit App
2026-05-14T11:55:00Z,0.0,Fitbit App
2026-05-14T11:56:00Z,0.0,Fitbit App
2026-05-14T11:57:00Z,0.0,Fitbit App
2026-05-14T11:58:00Z,0.0,Fitbit App
2026-05-14T11:59:00Z,0.0,Fitbit App
2026-05-14T12:00:00Z,0.0,Fitbit App
2026-05-14T12:01:00Z,0.0,Fitbit App
2026-05-14T12:02:00Z,0.0,Fitbit App
2026-05-14T12:03:00Z,0.0,Fitbit App
2026-05-14T12:04:00Z,0.0,Fitbit App
2026-05-14T12:05:00Z,0.0,Fitbit App
2026-05-14T12:06:00Z,2.28285,Fitbit App
2026-05-14T12:07:00Z,2.5365,Fitbit App
2026-05-14T12:08:00Z,2.0292000000000003,Fitbit App
2026-05-14T12:09:00Z,2.7901500000000006,Fitbit App
2026-05-14T12:10:00Z,2.28285,Fitbit App
2026-05-14T12:11:00Z,3.29745,Fitbit App
2026-05-14T12:12:00Z,0.0,Fitbit App
2026-05-14T12:13:00Z,0.0,Fitbit App
2026-05-14T12:14:00Z,0.0,Fitbit App
2026-05-14T12:15:00Z,0.0,Fitbit App
2026-05-14T12:16:00Z,0.0,Fitbit App
2026-05-14T12:17:00Z,0.0,Fitbit App
2026-05-14T12:18:00Z,0.0,Fitbit App
2026-05-14T12:19:00Z,0.0,Fitbit App
2026-05-14T12:20:00Z,0.0,Fitbit App
2026-05-14T12:21:00Z,0.0,Fitbit App
2026-05-14T12:22:00Z,0.0,Fitbit App
2026-05-14T12:23:00Z,0.0,Fitbit App
2026-05-14T12:24:00Z,0.0,Fitbit App
2026-05-14T12:25:00Z,0.0,Fitbit App
2026-05-14T12:26:00Z,0.0,Fitbit App
2026-05-14T12:27:00Z,0.0,Fitbit App
2026-05-14T12:28:00Z,0.0,Fitbit App
2026-05-14T12:29:00Z,0.0,Fitbit App
2026-05-14T12:30:00Z,0.0,Fitbit App
2026-05-14T12:31:00Z,0.0,Fitbit App
2026-05-14T12:32:00Z,0.0,Fitbit App
2026-05-14T12:33:00Z,0.0,Fitbit App
2026-05-14T12:34:00Z,0.0,Fitbit App
2026-05-14T12:35:00Z,0.0,Fitbit App
2026-05-14T12:36:00Z,0.0,Fitbit App
2026-05-14T12:37:00Z,0.0,Fitbit App
2026-05-14T12:38:00Z,0.0,Fitbit App
2026-05-14T12:39:00Z,0.0,Fitbit App
2026-05-14T12:40:00Z,0.0,Fitbit App
2026-05-14T12:41:00Z,0.0,Fitbit App
2026-05-14T12:42:00Z,0.0,Fitbit App
2026-05-14T12:43:00Z,0.0,Fitbit App
2026-05-14T12:44:00Z,0.0,Fitbit App
2026-05-14T12:45:00Z,0.0,Fitbit App
2026-05-14T12:46:00Z,0.7609500000000001,Fitbit App
2026-05-14T12:47:00Z,1.5219000000000003,Fitbit App
2026-05-14T12:48:00Z,1.0146,Fitbit App
2026-05-14T12:49:00Z,0.0,Fitbit App
2026-05-14T12:50:00Z,0.0,Fitbit App
2026-05-14T12:51:00Z,1.5219000000000003,Fitbit App
2026-05-14T12:52:00Z,0.0,Fitbit App
2026-05-14T12:53:00Z,0.0,Fitbit App
2026-05-14T12:54:00Z,0.0,Fitbit App
2026-05-14T12:55:00Z,0.0,Fitbit App
2026-05-14T12:56:00Z,0.0,Fitbit App
2026-05-14T12:57:00Z,0.0,Fitbit App
2026-05-14T12:59:00Z,0.0,Fitbit App
2026-05-14T13:00:00Z,0.0,Fitbit App
2026-05-14T13:01:00Z,0.0,Fitbit App
2026-05-14T13:02:00Z,0.0,Fitbit App
2026-05-14T13:04:00Z,0.0,Fitbit App
2026-05-14T13:05:00Z,0.0,Fitbit App
2026-05-14T13:06:00Z,0.0,Fitbit App
2026-05-14T13:07:00Z,0.0,Fitbit App
2026-05-14T13:09:00Z,0.0,Fitbit App
2026-05-14T13:10:00Z,0.0,Fitbit App
2026-05-14T13:13:00Z,0.0,Fitbit App
2026-05-14T13:17:00Z,0.7609500000000001,Fitbit App
2026-05-14T13:18:00Z,3.0438000000000005,Fitbit App
2026-05-14T13:19:00Z,4.312050000000001,Fitbit App
2026-05-14T13:20:00Z,5.580300000000001,Fitbit App
2026-05-14T13:21:00Z,4.5657,Fitbit App
2026-05-14T13:22:00Z,0.0,Fitbit App
2026-05-14T13:23:00Z,0.0,Fitbit App
2026-05-14T13:24:00Z,0.0,Fitbit App
2026-05-14T13:25:00Z,0.0,Fitbit App
2026-05-14T13:26:00Z,0.0,Fitbit App
2026-05-14T13:27:00Z,0.0,Fitbit App
2026-05-14T13:28:00Z,0.0,Fitbit App
2026-05-14T13:29:00Z,0.0,Fitbit App
2026-05-14T13:30:00Z,0.0,Fitbit App
2026-05-14T13:31:00Z,1.26825,Fitbit App
2026-05-14T13:32:00Z,0.0,Fitbit App
2026-05-14T13:33:00Z,0.0,Fitbit App
2026-05-14T13:34:00Z,0.0,Fitbit App
2026-05-14T13:35:00Z,0.0,Fitbit App
2026-05-14T13:36:00Z,0.0,Fitbit App
2026-05-14T13:37:00Z,0.0,Fitbit App
2026-05-14T13:38:00Z,0.0,Fitbit App
2026-05-14T13:39:00Z,0.0,Fitbit App
2026-05-14T13:40:00Z,0.0,Fitbit App
2026-05-14T13:41:00Z,0.0,Fitbit App
2026-05-14T13:42:00Z,0.0,Fitbit App
2026-05-14T13:43:00Z,0.0,Fitbit App
2026-05-14T13:44:00Z,0.0,Fitbit App
2026-05-14T13:45:00Z,0.0,Fitbit App
2026-05-14T13:46:00Z,0.0,Fitbit App
2026-05-14T13:47:00Z,0.0,Fitbit App
2026-05-14T13:48:00Z,0.0,Fitbit App
2026-05-14T13:49:00Z,0.0,Fitbit App
2026-05-14T13:50:00Z,0.0,Fitbit App
2026-05-14T13:51:00Z,0.0,Fitbit App
2026-05-14T13:52:00Z,0.0,Fitbit App
2026-05-14T13:54:00Z,1.77555,Fitbit App
2026-05-14T13:55:00Z,2.5365,Fitbit App
2026-05-14T13:56:00Z,2.7901500000000006,Fitbit App
2026-05-14T13:57:00Z,0.0,Fitbit App
2026-05-14T13:58:00Z,0.0,Fitbit App
2026-05-14T13:59:00Z,1.77555,Fitbit App
2026-05-14T14:00:00Z,0.0,Fitbit App
2026-05-14T14:01:00Z,0.0,Fitbit App
2026-05-14T14:02:00Z,1.26825,Fitbit App
2026-05-14T14:03:00Z,1.5219000000000003,Fitbit App
2026-05-14T14:04:00Z,0.0,Fitbit App
2026-05-14T14:09:00Z,0.0,Fitbit App
2026-05-14T14:14:00Z,1.0146,Fitbit App
2026-05-14T14:15:00Z,1.5219000000000003,Fitbit App
2026-05-14T14:16:00Z,2.28285,Fitbit App
2026-05-14T14:17:00Z,2.0292000000000003,Fitbit App
2026-05-14T14:18:00Z,1.5219000000000003,Fitbit App
2026-05-14T14:19:00Z,2.0292000000000003,Fitbit App
2026-05-14T14:20:00Z,1.5219000000000003,Fitbit App
2026-05-14T14:21:00Z,2.28285,Fitbit App
2026-05-14T14:22:00Z,1.5219000000000003,Fitbit App
2026-05-14T14:23:00Z,0.0,Fitbit App
2026-05-14T14:24:00Z,2.5365,Fitbit App
2026-05-14T14:25:00Z,1.26825,Fitbit App
2026-05-14T14:26:00Z,2.28285,Fitbit App
2026-05-14T14:27:00Z,2.7901500000000006,Fitbit App
2026-05-14T14:28:00Z,1.648725,Fitbit App
2026-05-14T14:29:00Z,3.5511,Fitbit App
2026-05-14T14:30:00Z,2.28285,Fitbit App
2026-05-14T14:31:00Z,3.29745,Fitbit App
2026-05-14T14:32:00Z,2.28285,Fitbit App
2026-05-14T14:33:00Z,4.312050000000001,Fitbit App
2026-05-14T14:34:00Z,3.5511,Fitbit App
2026-05-14T14:35:00Z,1.26825,Fitbit App
2026-05-14T14:36:00Z,0.0,Fitbit App
2026-05-14T14:37:00Z,0.0,Fitbit App
2026-05-14T14:38:00Z,0.0,Fitbit App
2026-05-14T14:39:00Z,1.5219000000000003,Fitbit App
2026-05-14T14:40:00Z,0.0,Fitbit App
2026-05-14T14:42:00Z,0.0,Fitbit App
2026-05-14T14:43:00Z,0.0,Fitbit App
2026-05-14T14:44:00Z,0.0,Fitbit App
2026-05-14T14:45:00Z,0.0,Fitbit App
2026-05-14T14:48:00Z,0.0,Fitbit App
2026-05-14T14:49:00Z,0.0,Fitbit App
2026-05-14T14:50:00Z,0.0,Fitbit App
2026-05-14T14:51:00Z,0.0,Fitbit App
2026-05-14T14:52:00Z,0.0,Fitbit App
2026-05-14T14:53:00Z,0.0,Fitbit App
2026-05-14T14:54:00Z,0.0,Fitbit App
2026-05-14T14:55:00Z,1.5219000000000003,Fitbit App
2026-05-14T14:56:00Z,5.326650000000001,Fitbit App
2026-05-14T14:57:00Z,5.326650000000001,Fitbit App
2026-05-14T14:58:00Z,5.326650000000001,Fitbit App
2026-05-14T14:59:00Z,5.83395,Fitbit App
2026-05-14T15:00:00Z,5.83395,Fitbit App
2026-05-14T15:01:00Z,5.326650000000001,Fitbit App
2026-05-14T15:02:00Z,5.073,Fitbit App
2026-05-14T15:03:00Z,1.5219000000000003,Fitbit App
2026-05-14T15:04:00Z,0.0,Fitbit App
2026-05-14T15:05:00Z,0.0,Fitbit App
2026-05-14T15:06:00Z,3.8047500000000003,Fitbit App
2026-05-14T15:07:00Z,3.29745,Fitbit App
2026-05-14T15:08:00Z,5.83395,Fitbit App
2026-05-14T15:09:00Z,6.3412500000000005,Fitbit App
2026-05-14T15:10:00Z,2.663325,Fitbit App
2026-05-14T15:11:00Z,5.83395,Fitbit App
2026-05-14T15:12:00Z,5.580300000000001,Fitbit App
2026-05-14T15:13:00Z,4.058400000000001,Fitbit App
2026-05-14T15:14:00Z,1.648725,Fitbit App
2026-05-14T15:15:00Z,3.0438000000000005,Fitbit App
2026-05-14T15:16:00Z,3.5511,Fitbit App
2026-05-14T15:17:00Z,5.073,Fitbit App
2026-05-14T15:18:00Z,3.0438000000000005,Fitbit App
2026-05-14T15:19:00Z,4.5657,Fitbit App
2026-05-14T15:20:00Z,4.5657,Fitbit App
2026-05-14T15:21:00Z,4.81935,Fitbit App
2026-05-14T15:22:00Z,4.5657,Fitbit App
2026-05-14T15:23:00Z,4.312050000000001,Fitbit App
2026-05-14T15:24:00Z,5.580300000000001,Fitbit App
2026-05-14T15:25:00Z,5.326650000000001,Fitbit App
2026-05-14T15:26:00Z,4.81935,Fitbit App
2026-05-14T15:27:00Z,5.073,Fitbit App
2026-05-14T15:28:00Z,4.81935,Fitbit App
2026-05-14T15:29:00Z,3.8047500000000003,Fitbit App
2026-05-14T15:30:00Z,4.5657,Fitbit App
2026-05-14T15:31:00Z,4.81935,Fitbit App
2026-05-14T15:32:00Z,4.81935,Fitbit App
2026-05-14T15:33:00Z,0.0,Fitbit App
2026-05-14T15:34:00Z,0.0,Fitbit App
2026-05-14T15:35:00Z,0.0,Fitbit App
2026-05-14T15:36:00Z,0.0,Fitbit App
2026-05-14T15:37:00Z,0.0,Fitbit App
2026-05-14T15:38:00Z,1.5219000000000003,Fitbit App
2026-05-14T15:39:00Z,2.5365,Fitbit App
2026-05-14T15:40:00Z,0.0,Fitbit App
2026-05-14T15:41:00Z,0.0,Fitbit App
2026-05-14T15:42:00Z,0.0,Fitbit App
2026-05-14T15:43:00Z,0.0,Fitbit App
2026-05-14T15:44:00Z,0.0,Fitbit App
2026-05-14T15:45:00Z,0.0,Fitbit App
2026-05-14T15:46:00Z,1.26825,Fitbit App
2026-05-14T15:47:00Z,0.0,Fitbit App
2026-05-14T15:48:00Z,0.0,Fitbit App
2026-05-14T15:49:00Z,0.0,Fitbit App
2026-05-14T15:50:00Z,0.0,Fitbit App
2026-05-14T15:51:00Z,0.0,Fitbit App
2026-05-14T15:52:00Z,0.0,Fitbit App
2026-05-14T15:53:00Z,1.26825,Fitbit App
2026-05-14T15:54:00Z,4.312050000000001,Fitbit App
2026-05-14T15:55:00Z,5.326650000000001,Fitbit App
2026-05-14T15:56:00Z,2.5365,Fitbit App
2026-05-14T15:57:00Z,2.28285,Fitbit App
2026-05-14T15:58:00Z,1.77555,Fitbit App
2026-05-14T15:59:00Z,0.0,Fitbit App
2026-05-14T16:00:00Z,0.0,Fitbit App
2026-05-14T16:01:00Z,0.0,Fitbit App
2026-05-14T16:02:00Z,0.0,Fitbit App
2026-05-14T16:03:00Z,0.0,Fitbit App
2026-05-14T16:04:00Z,0.0,Fitbit App
2026-05-14T16:05:00Z,2.28285,Fitbit App
2026-05-14T16:06:00Z,1.3950750000000003,Fitbit App
2026-05-14T16:07:00Z,2.7901500000000006,Fitbit App
2026-05-14T16:08:00Z,0.0,Fitbit App
2026-05-14T16:09:00Z,0.0,Fitbit App
2026-05-14T16:10:00Z,0.0,Fitbit App
2026-05-14T16:11:00Z,0.0,Fitbit App
2026-05-14T16:12:00Z,0.0,Fitbit App
2026-05-14T16:13:00Z,0.0,Fitbit App
2026-05-14T16:14:00Z,0.0,Fitbit App
2026-05-14T16:15:00Z,0.0,Fitbit App
2026-05-14T16:16:00Z,0.0,Fitbit App
2026-05-14T16:17:00Z,0.0,Fitbit App
2026-05-14T16:18:00Z,0.0,Fitbit App
2026-05-14T16:19:00Z,0.0,Fitbit App
2026-05-14T16:20:00Z,0.0,Fitbit App
2026-05-14T16:21:00Z,0.0,Fitbit App
2026-05-14T16:22:00Z,0.0,Fitbit App
2026-05-14T16:25:00Z,0.0,Fitbit App
2026-05-14T16:26:00Z,0.0,Fitbit App
2026-05-14T16:27:00Z,0.0,Fitbit App
2026-05-14T16:28:00Z,0.0,Fitbit App
2026-05-14T16:29:00Z,0.0,Fitbit App
2026-05-14T16:30:00Z,0.0,Fitbit App
2026-05-14T16:31:00Z,0.0,Fitbit App
2026-05-14T16:32:00Z,0.0,Fitbit App
2026-05-14T16:33:00Z,0.0,Fitbit App
2026-05-14T16:34:00Z,0.0,Fitbit App
2026-05-14T16:35:00Z,0.0,Fitbit App
2026-05-14T16:36:00Z,0.0,Fitbit App
2026-05-14T16:37:00Z,0.0,Fitbit App
2026-05-14T16:38:00Z,0.0,Fitbit App
2026-05-14T16:39:00Z,0.0,Fitbit App
2026-05-14T16:40:00Z,0.0,Fitbit App
2026-05-14T16:41:00Z,0.0,Fitbit App
2026-05-14T16:42:00Z,0.0,Fitbit App
2026-05-14T16:43:00Z,0.0,Fitbit App
2026-05-14T16:44:00Z,0.0,Fitbit App
2026-05-14T16:45:00Z,0.0,Fitbit App
2026-05-14T16:46:00Z,2.7901500000000006,Fitbit App
2026-05-14T16:47:00Z,0.0,Fitbit App
2026-05-14T16:48:00Z,0.0,Fitbit App
2026-05-14T16:49:00Z,0.0,Fitbit App
2026-05-14T16:50:00Z,0.0,Fitbit App
2026-05-14T16:51:00Z,0.0,Fitbit App
2026-05-14T16:52:00Z,0.0,Fitbit App
2026-05-14T16:53:00Z,0.0,Fitbit App
2026-05-14T16:54:00Z,0.0,Fitbit App
2026-05-14T16:55:00Z,0.0,Fitbit App
2026-05-14T16:56:00Z,0.0,Fitbit App
2026-05-14T16:57:00Z,1.77555,Fitbit App
2026-05-14T16:58:00Z,0.0,Fitbit App
2026-05-14T16:59:00Z,0.0,Fitbit App
2026-05-14T17:00:00Z,0.0,Fitbit App
2026-05-14T17:01:00Z,0.0,Fitbit App
2026-05-14T17:02:00Z,0.0,Fitbit App
2026-05-14T17:03:00Z,0.0,Fitbit App
2026-05-14T17:04:00Z,0.0,Fitbit App
2026-05-14T17:05:00Z,0.0,Fitbit App
2026-05-14T17:06:00Z,0.0,Fitbit App
2026-05-14T17:07:00Z,0.0,Fitbit App
2026-05-14T17:08:00Z,0.0,Fitbit App
2026-05-14T17:09:00Z,0.0,Fitbit App
2026-05-14T17:10:00Z,0.0,Fitbit App
2026-05-14T17:11:00Z,0.0,Fitbit App
2026-05-14T17:12:00Z,0.0,Fitbit App
2026-05-14T17:13:00Z,0.0,Fitbit App
2026-05-14T17:14:00Z,0.0,Fitbit App
2026-05-14T17:15:00Z,0.0,Fitbit App
2026-05-14T17:16:00Z,0.0,Fitbit App
2026-05-14T17:17:00Z,1.26825,Fitbit App
2026-05-14T17:18:00Z,0.0,Fitbit App
2026-05-14T17:19:00Z,0.0,Fitbit App
2026-05-14T17:20:00Z,0.0,Fitbit App
2026-05-14T17:21:00Z,0.0,Fitbit App
2026-05-14T17:22:00Z,0.0,Fitbit App
2026-05-14T17:23:00Z,0.0,Fitbit App
2026-05-14T17:24:00Z,0.0,Fitbit App
2026-05-14T17:25:00Z,1.77555,Fitbit App
2026-05-14T17:26:00Z,0.0,Fitbit App
2026-05-14T17:27:00Z,1.5219000000000003,Fitbit App
2026-05-14T17:28:00Z,0.0,Fitbit App
2026-05-14T17:29:00Z,1.77555,Fitbit App
2026-05-14T17:30:00Z,2.0292000000000003,Fitbit App
2026-05-14T17:31:00Z,2.5365,Fitbit App
2026-05-14T17:32:00Z,0.0,Fitbit App
2026-05-14T17:33:00Z,2.0292000000000003,Fitbit App
2026-05-14T17:34:00Z,2.5365,Fitbit App
2026-05-14T17:35:00Z,2.0292000000000003,Fitbit App
2026-05-14T17:36:00Z,2.28285,Fitbit App
2026-05-14T17:37:00Z,2.5365,Fitbit App
2026-05-14T17:38:00Z,0.0,Fitbit App
2026-05-14T17:39:00Z,0.0,Fitbit App
2026-05-14T17:40:00Z,1.77555,Fitbit App
2026-05-14T17:41:00Z,1.5219000000000003,Fitbit App
2026-05-14T17:42:00Z,0.7609500000000001,Fitbit App
2026-05-14T17:43:00Z,1.5219000000000003,Fitbit App
2026-05-14T17:44:00Z,2.7901500000000006,Fitbit App
2026-05-14T17:45:00Z,1.5219000000000003,Fitbit App
2026-05-14T17:46:00Z,1.77555,Fitbit App
2026-05-14T17:47:00Z,1.5219000000000003,Fitbit App
2026-05-14T17:48:00Z,0.0,Fitbit App
2026-05-14T17:49:00Z,2.28285,Fitbit App
2026-05-14T17:50:00Z,1.77555,Fitbit App
2026-05-14T17:51:00Z,2.0292000000000003,Fitbit App
2026-05-14T17:52:00Z,1.77555,Fitbit App
2026-05-14T17:53:00Z,1.77555,Fitbit App
2026-05-14T17:54:00Z,1.77555,Fitbit App
2026-05-14T17:55:00Z,0.0,Fitbit App
2026-05-14T17:56:00Z,1.77555,Fitbit App
2026-05-14T17:57:00Z,2.28285,Fitbit App
2026-05-14T17:58:00Z,2.0292000000000003,Fitbit App
2026-05-14T17:59:00Z,0.0,Fitbit App
2026-05-14T18:00:00Z,3.29745,Fitbit App
2026-05-14T18:01:00Z,2.0292000000000003,Fitbit App
2026-05-14T18:02:00Z,3.0438000000000005,Fitbit App
2026-05-14T18:03:00Z,2.7901500000000006,Fitbit App
2026-05-14T18:04:00Z,0.0,Fitbit App
2026-05-14T18:05:00Z,2.0292000000000003,Fitbit App
2026-05-14T18:06:00Z,2.7901500000000006,Fitbit App
2026-05-14T18:07:00Z,2.7901500000000006,Fitbit App
2026-05-14T18:08:00Z,3.0438000000000005,Fitbit App
2026-05-14T18:09:00Z,2.7901500000000006,Fitbit App
2026-05-14T18:10:00Z,0.0,Fitbit App
2026-05-14T18:11:00Z,2.0292000000000003,Fitbit App
2026-05-14T18:12:00Z,0.0,Fitbit App
2026-05-14T18:13:00Z,1.77555,Fitbit App
2026-05-14T18:14:00Z,1.77555,Fitbit App
2026-05-14T18:15:00Z,2.7901500000000006,Fitbit App
2026-05-14T18:16:00Z,3.5511,Fitbit App
2026-05-14T18:17:00Z,2.28285,Fitbit App
2026-05-14T18:18:00Z,0.0,Fitbit App
2026-05-14T18:19:00Z,0.0,Fitbit App
2026-05-14T18:20:00Z,0.0,Fitbit App
2026-05-14T18:21:00Z,1.77555,Fitbit App
2026-05-14T18:22:00Z,2.0292000000000003,Fitbit App
2026-05-14T18:23:00Z,2.5365,Fitbit App
2026-05-14T18:24:00Z,2.5365,Fitbit App
2026-05-14T18:25:00Z,2.5365,Fitbit App
2026-05-14T18:26:00Z,1.77555,Fitbit App
2026-05-14T18:27:00Z,2.0292000000000003,Fitbit App
2026-05-14T18:28:00Z,2.7901500000000006,Fitbit App
2026-05-14T18:29:00Z,2.28285,Fitbit App
2026-05-14T18:30:00Z,1.5219000000000003,Fitbit App
2026-05-14T18:31:00Z,1.5219000000000003,Fitbit App
2026-05-14T18:32:00Z,1.77555,Fitbit App
2026-05-14T18:33:00Z,0.0,Fitbit App
2026-05-14T18:34:00Z,1.26825,Fitbit App
2026-05-14T18:35:00Z,0.0,Fitbit App
2026-05-14T18:36:00Z,1.5219000000000003,Fitbit App
2026-05-14T18:37:00Z,2.5365,Fitbit App
2026-05-14T18:38:00Z,1.26825,Fitbit App
2026-05-14T18:39:00Z,1.5219000000000003,Fitbit App
2026-05-14T18:40:00Z,0.0,Fitbit App
2026-05-14T18:41:00Z,0.0,Fitbit App
2026-05-14T18:42:00Z,2.7901500000000006,Fitbit App
2026-05-14T18:43:00Z,4.5657,Fitbit App
2026-05-14T18:44:00Z,2.5365,Fitbit App
2026-05-14T18:45:00Z,1.77555,Fitbit App
2026-05-14T18:46:00Z,1.77555,Fitbit App
2026-05-14T18:47:00Z,0.0,Fitbit App
2026-05-14T18:48:00Z,0.0,Fitbit App
2026-05-14T18:49:00Z,0.0,Fitbit App
2026-05-14T18:50:00Z,0.0,Fitbit App
2026-05-14T18:51:00Z,0.0,Fitbit App
2026-05-14T18:52:00Z,1.5219000000000003,Fitbit App
2026-05-14T18:53:00Z,1.77555,Fitbit App
2026-05-14T18:54:00Z,2.7901500000000006,Fitbit App
2026-05-14T18:55:00Z,4.81935,Fitbit App
2026-05-14T18:56:00Z,5.326650000000001,Fitbit App
2026-05-14T18:57:00Z,3.0438000000000005,Fitbit App
2026-05-14T18:58:00Z,2.28285,Fitbit App
2026-05-14T18:59:00Z,0.0,Fitbit App
2026-05-14T19:00:00Z,0.0,Fitbit App
2026-05-14T19:01:00Z,0.0,Fitbit App
2026-05-14T19:02:00Z,0.0,Fitbit App
2026-05-14T19:03:00Z,0.0,Fitbit App
2026-05-14T19:04:00Z,0.0,Fitbit App
2026-05-14T19:05:00Z,0.0,Fitbit App
2026-05-14T19:06:00Z,0.0,Fitbit App
2026-05-14T19:07:00Z,0.0,Fitbit App
2026-05-14T19:09:00Z,0.0,Fitbit App
2026-05-14T19:10:00Z,0.0,Fitbit App
2026-05-14T19:11:00Z,0.0,Fitbit App
2026-05-14T19:12:00Z,0.0,Fitbit App
2026-05-14T19:13:00Z,0.0,Fitbit App
2026-05-14T19:14:00Z,0.0,Fitbit App
2026-05-14T19:15:00Z,0.0,Fitbit App
2026-05-14T19:16:00Z,0.0,Fitbit App
2026-05-14T19:17:00Z,0.0,Fitbit App
2026-05-14T19:18:00Z,0.0,Fitbit App
2026-05-14T19:19:00Z,0.0,Fitbit App
2026-05-14T19:20:00Z,0.0,Fitbit App
2026-05-14T19:22:00Z,0.0,Fitbit App
2026-05-14T19:23:00Z,0.0,Fitbit App
2026-05-14T19:25:00Z,0.0,Fitbit App
2026-05-14T19:26:00Z,0.0,Fitbit App
2026-05-14T19:27:00Z,0.0,Fitbit App
2026-05-14T19:28:00Z,0.0,Fitbit App
2026-05-14T19:29:00Z,0.0,Fitbit App
2026-05-14T19:30:00Z,0.0,Fitbit App
2026-05-14T19:31:00Z,0.0,Fitbit App
2026-05-14T19:32:00Z,0.0,Fitbit App
2026-05-14T19:33:00Z,0.0,Fitbit App
2026-05-14T19:34:00Z,0.0,Fitbit App
2026-05-14T19:35:00Z,0.0,Fitbit App
2026-05-14T19:36:00Z,0.0,Fitbit App
2026-05-14T19:37:00Z,0.0,Fitbit App
2026-05-14T19:38:00Z,0.0,Fitbit App
2026-05-14T19:39:00Z,0.0,Fitbit App
2026-05-14T19:40:00Z,0.0,Fitbit App
2026-05-14T19:41:00Z,0.0,Fitbit App
2026-05-14T19:42:00Z,0.0,Fitbit App
2026-05-14T19:43:00Z,0.0,Fitbit App
2026-05-14T19:44:00Z,0.0,Fitbit App
2026-05-14T19:48:00Z,0.0,Fitbit App
2026-05-14T19:49:00Z,0.0,Fitbit App
2026-05-14T19:53:00Z,0.0,Fitbit App
2026-05-14T20:00:00Z,0.0,Fitbit App
2026-05-14T20:04:00Z,0.0,Fitbit App
2026-05-14T20:09:00Z,0.0,Fitbit App
2026-05-14T20:13:00Z,0.0,Fitbit App
2026-05-14T20:16:00Z,0.0,Fitbit App
2026-05-14T20:21:00Z,0.0,Fitbit App
2026-05-14T20:22:00Z,0.0,Fitbit App
2026-05-14T20:23:00Z,1.0146,Fitbit App
2026-05-14T20:24:00Z,1.0146,Fitbit App
2026-05-14T20:25:00Z,0.0,Fitbit App
2026-05-14T20:32:00Z,0.0,Fitbit App
2026-05-14T20:37:00Z,0.0,Fitbit App
2026-05-14T20:38:00Z,0.0,Fitbit App
2026-05-14T20:39:00Z,0.0,Fitbit App
2026-05-14T20:40:00Z,0.0,Fitbit App
2026-05-14T20:41:00Z,0.0,Fitbit App
2026-05-14T20:42:00Z,0.0,Fitbit App
2026-05-14T20:43:00Z,0.0,Fitbit App
2026-05-14T20:44:00Z,0.0,Fitbit App
2026-05-14T20:48:00Z,0.0,Fitbit App
2026-05-14T20:49:00Z,0.0,Fitbit App
2026-05-14T20:50:00Z,0.0,Fitbit App
2026-05-14T20:52:00Z,0.0,Fitbit App
2026-05-14T20:53:00Z,0.0,Fitbit App
2026-05-14T20:54:00Z,0.0,Fitbit App
2026-05-14T20:57:00Z,0.0,Fitbit App
2026-05-14T20:59:00Z,0.0,Fitbit App
2026-05-14T21:10:00Z,0.0,Fitbit App
2026-05-14T21:13:00Z,0.0,Fitbit App
2026-05-14T21:23:00Z,0.0,Fitbit App
2026-05-14T21:32:00Z,0.0,Fitbit App
2026-05-14T21:49:00Z,0.0,Fitbit App
2026-05-14T22:06:00Z,0.0,Fitbit App
2026-05-14T22:07:00Z,0.0,Fitbit App
2026-05-14T22:42:00Z,0.0,Fitbit App
2026-05-14T23:27:00Z,1.0146,Fitbit App
2026-05-14T23:28:00Z,1.26825,Fitbit App
2026-05-14T23:29:00Z,2.0292000000000003,Fitbit App
2026-05-14T23:30:00Z,1.0146,Fitbit App
2026-05-14T23:31:00Z,1.5219000000000003,Fitbit App
2026-05-14T23:32:00Z,1.77555,Fitbit App
2026-05-14T23:33:00Z,0.0,Fitbit App
2026-05-14T23:34:00Z,0.0,Fitbit App
2026-05-14T23:54:00Z,0.0,Fitbit App
2026-05-14T23:58:00Z,0.0,Fitbit App
2026-05-14T23:59:00Z,0.0,Fitbit App
2026-05-15T00:00:00Z,0.0,Fitbit App
2026-05-15T00:01:00Z,0.0,Fitbit App
2026-05-19T12:53:00Z,3.29745,Fitbit App
2026-05-19T12:54:00Z,3.5511,Fitbit App
2026-05-19T12:55:00Z,5.073,Fitbit App
2026-05-19T12:56:00Z,4.312050000000001,Fitbit App
2026-05-19T12:57:00Z,3.0438000000000005,Fitbit App
2026-05-19T12:58:00Z,2.7901500000000006,Fitbit App
2026-05-19T12:59:00Z,3.5511,Fitbit App
2026-05-19T13:00:00Z,0.0,Fitbit App
2026-05-19T13:01:00Z,0.0,Fitbit App
2026-05-19T13:02:00Z,1.77555,Fitbit App
2026-05-19T13:03:00Z,0.0,Fitbit App
2026-05-19T13:04:00Z,0.0,Fitbit App
2026-05-19T13:05:00Z,0.0,Fitbit App
2026-05-19T13:06:00Z,1.5219000000000003,Fitbit App
2026-05-19T13:07:00Z,0.0,Fitbit App
2026-05-19T13:08:00Z,0.0,Fitbit App
2026-05-19T13:09:00Z,2.5365,Fitbit App
2026-05-19T13:10:00Z,2.5365,Fitbit App
2026-05-19T13:11:00Z,0.0,Fitbit App
2026-05-19T13:12:00Z,1.26825,Fitbit App
2026-05-19T13:13:00Z,0.0,Fitbit App
2026-05-19T13:14:00Z,0.0,Fitbit App
2026-05-19T13:15:00Z,0.0,Fitbit App
2026-05-19T13:16:00Z,1.0146,Fitbit App
2026-05-19T13:17:00Z,3.8047500000000003,Fitbit App
2026-05-19T13:18:00Z,2.7901500000000006,Fitbit App
2026-05-19T13:19:00Z,0.0,Fitbit App
2026-05-19T13:20:00Z,0.0,Fitbit App
2026-05-19T13:21:00Z,0.7609500000000001,Fitbit App
2026-05-19T13:22:00Z,0.0,Fitbit App
2026-05-19T13:23:00Z,0.0,Fitbit App
2026-05-19T13:24:00Z,0.0,Fitbit App
2026-05-19T13:26:00Z,0.0,Fitbit App
2026-05-19T13:27:00Z,0.0,Fitbit App
2026-05-19T13:28:00Z,0.0,Fitbit App
2026-05-19T13:29:00Z,0.0,Fitbit App
2026-05-19T13:30:00Z,0.0,Fitbit App
2026-05-19T13:31:00Z,0.0,Fitbit App
2026-05-19T13:32:00Z,0.0,Fitbit App
2026-05-19T13:33:00Z,0.0,Fitbit App
2026-05-19T13:34:00Z,0.0,Fitbit App
2026-05-19T13:35:00Z,0.0,Fitbit App
2026-05-19T13:36:00Z,0.0,Fitbit App
2026-05-19T13:38:00Z,0.0,Fitbit App
2026-05-19T13:39:00Z,0.0,Fitbit App
2026-05-19T13:40:00Z,0.7609500000000001,Fitbit App
2026-05-19T13:41:00Z,2.7901500000000006,Fitbit App
2026-05-19T13:42:00Z,4.5657,Fitbit App
2026-05-19T13:43:00Z,5.073,Fitbit App
2026-05-19T13:44:00Z,5.073,Fitbit App
2026-05-19T13:45:00Z,5.073,Fitbit App
2026-05-19T13:46:00Z,5.073,Fitbit App
2026-05-19T13:47:00Z,5.073,Fitbit App
2026-05-19T13:48:00Z,5.073,Fitbit App
2026-05-19T13:49:00Z,5.073,Fitbit App
2026-05-19T13:50:00Z,5.073,Fitbit App
2026-05-19T13:51:00Z,5.073,Fitbit App
2026-05-19T13:52:00Z,4.5657,Fitbit App
2026-05-19T13:53:00Z,2.0292000000000003,Fitbit App
2026-05-19T13:54:00Z,1.26825,Fitbit App
2026-05-19T13:55:00Z,3.29745,Fitbit App
2026-05-19T13:56:00Z,2.7901500000000006,Fitbit App
2026-05-19T13:57:00Z,3.0438000000000005,Fitbit App
2026-05-19T13:58:00Z,2.5365,Fitbit App
2026-05-19T13:59:00Z,2.28285,Fitbit App
2026-05-19T14:00:00Z,0.0,Fitbit App
2026-05-19T14:01:00Z,3.0438000000000005,Fitbit App
2026-05-19T14:02:00Z,0.0,Fitbit App
2026-05-19T14:03:00Z,0.0,Fitbit App
2026-05-19T14:04:00Z,0.0,Fitbit App
2026-05-19T14:05:00Z,0.0,Fitbit App
2026-05-19T14:06:00Z,0.7609500000000001,Fitbit App
2026-05-19T14:07:00Z,0.0,Fitbit App
2026-05-19T14:08:00Z,0.0,Fitbit App
2026-05-19T14:09:00Z,0.0,Fitbit App
2026-05-19T14:10:00Z,0.0,Fitbit App
2026-05-19T14:11:00Z,0.0,Fitbit App
2026-05-19T14:12:00Z,0.0,Fitbit App
2026-05-19T14:13:00Z,0.0,Fitbit App
2026-05-19T14:17:00Z,0.0,Fitbit App
2026-05-19T14:21:00Z,0.0,Fitbit App
2026-05-19T14:22:00Z,0.0,Fitbit App
2026-05-19T14:29:00Z,0.0,Fitbit App
2026-05-19T14:30:00Z,0.0,Fitbit App
2026-05-19T14:31:00Z,0.0,Fitbit App
2026-05-19T14:32:00Z,0.0,Fitbit App
2026-05-19T14:33:00Z,0.0,Fitbit App
2026-05-19T14:35:00Z,0.0,Fitbit App
2026-05-19T14:36:00Z,0.0,Fitbit App
2026-05-19T14:37:00Z,0.0,Fitbit App
2026-05-19T14:38:00Z,0.0,Fitbit App
2026-05-19T14:40:00Z,0.0,Fitbit App
2026-05-19T14:41:00Z,0.0,Fitbit App
2026-05-19T14:42:00Z,0.0,Fitbit App
2026-05-19T14:43:00Z,0.0,Fitbit App
2026-05-19T14:44:00Z,0.0,Fitbit App
2026-05-19T14:45:00Z,0.0,Fitbit App
2026-05-19T14:46:00Z,0.0,Fitbit App
2026-05-19T14:47:00Z,0.0,Fitbit App
2026-05-19T14:48:00Z,0.0,Fitbit App
2026-05-19T14:49:00Z,0.0,Fitbit App
2026-05-19T14:50:00Z,0.0,Fitbit App
2026-05-19T14:51:00Z,0.0,Fitbit App
2026-05-19T14:53:00Z,0.0,Fitbit App
2026-05-19T14:54:00Z,0.0,Fitbit App
2026-05-19T14:57:00Z,0.0,Fitbit App
2026-05-19T14:58:00Z,0.0,Fitbit App
2026-05-19T15:03:00Z,0.0,Fitbit App
2026-05-19T15:04:00Z,1.26825,Fitbit App
2026-05-19T15:05:00Z,0.0,Fitbit App
2026-05-19T15:08:00Z,0.0,Fitbit App
2026-05-19T15:10:00Z,0.0,Fitbit App
2026-05-19T15:11:00Z,0.0,Fitbit App
2026-05-19T15:12:00Z,0.0,Fitbit App
2026-05-19T15:13:00Z,0.0,Fitbit App
2026-05-19T15:14:00Z,0.0,Fitbit App
2026-05-19T15:15:00Z,1.0146,Fitbit App
2026-05-19T15:16:00Z,3.5511,Fitbit App
2026-05-19T15:17:00Z,2.0292000000000003,Fitbit App
2026-05-19T15:18:00Z,3.8047500000000003,Fitbit App
2026-05-19T15:19:00Z,3.0438000000000005,Fitbit App
2026-05-19T15:20:00Z,3.29745,Fitbit App
2026-05-19T15:21:00Z,3.0438000000000005,Fitbit App
2026-05-19T15:22:00Z,2.28285,Fitbit App
2026-05-19T15:23:00Z,0.7609500000000001,Fitbit App
2026-05-19T15:24:00Z,1.77555,Fitbit App
2026-05-19T15:25:00Z,0.0,Fitbit App
2026-05-19T15:26:00Z,1.26825,Fitbit App
2026-05-19T15:27:00Z,1.26825,Fitbit App
2026-05-19T15:28:00Z,0.0,Fitbit App
2026-05-19T15:29:00Z,2.0292000000000003,Fitbit App
2026-05-19T15:30:00Z,1.77555,Fitbit App
2026-05-19T15:31:00Z,2.0292000000000003,Fitbit App
2026-05-19T15:32:00Z,4.058400000000001,Fitbit App
2026-05-19T15:33:00Z,0.0,Fitbit App
2026-05-19T15:34:00Z,1.0146,Fitbit App
2026-05-19T15:35:00Z,1.0146,Fitbit App
2026-05-19T15:36:00Z,0.0,Fitbit App
2026-05-19T15:37:00Z,0.0,Fitbit App
2026-05-19T15:38:00Z,0.0,Fitbit App
2026-05-19T15:39:00Z,0.0,Fitbit App
2026-05-19T15:47:00Z,0.0,Fitbit App
2026-05-19T15:48:00Z,0.0,Fitbit App
2026-05-19T15:49:00Z,0.0,Fitbit App
2026-05-19T15:50:00Z,0.0,Fitbit App
2026-05-19T15:51:00Z,0.0,Fitbit App
2026-05-19T15:52:00Z,0.0,Fitbit App
2026-05-19T15:53:00Z,0.0,Fitbit App
2026-05-19T15:54:00Z,1.26825,Fitbit App
2026-05-19T15:55:00Z,0.0,Fitbit App
2026-05-19T15:56:00Z,0.0,Fitbit App
2026-05-19T15:57:00Z,0.0,Fitbit App
2026-05-19T15:58:00Z,0.0,Fitbit App
2026-05-19T15:59:00Z,0.0,Fitbit App
2026-05-19T16:00:00Z,0.0,Fitbit App
2026-05-19T16:01:00Z,1.26825,Fitbit App
2026-05-19T16:02:00Z,0.0,Fitbit App
2026-05-19T16:03:00Z,1.77555,Fitbit App
2026-05-19T16:04:00Z,0.0,Fitbit App
2026-05-19T16:05:00Z,0.0,Fitbit App
2026-05-19T16:06:00Z,0.0,Fitbit App
2026-05-19T16:07:00Z,0.0,Fitbit App
2026-05-19T16:08:00Z,0.0,Fitbit App
2026-05-19T16:09:00Z,0.0,Fitbit App
2026-05-19T16:10:00Z,0.0,Fitbit App
2026-05-19T16:11:00Z,0.0,Fitbit App
2026-05-19T16:12:00Z,0.0,Fitbit App
2026-05-19T16:13:00Z,0.0,Fitbit App
2026-05-19T16:14:00Z,0.0,Fitbit App
2026-05-19T16:15:00Z,0.0,Fitbit App
2026-05-19T16:16:00Z,0.0,Fitbit App
2026-05-19T16:17:00Z,0.0,Fitbit App
2026-05-19T16:18:00Z,0.0,Fitbit App
2026-05-19T16:19:00Z,0.0,Fitbit App
2026-05-19T16:20:00Z,0.0,Fitbit App
2026-05-19T16:21:00Z,0.0,Fitbit App
2026-05-19T16:22:00Z,0.0,Fitbit App
2026-05-19T16:23:00Z,0.0,Fitbit App
2026-05-19T16:24:00Z,0.0,Fitbit App
2026-05-19T16:25:00Z,0.0,Fitbit App
2026-05-19T16:26:00Z,0.0,Fitbit App
2026-05-19T16:27:00Z,0.0,Fitbit App
2026-05-19T16:28:00Z,0.0,Fitbit App
2026-05-19T16:29:00Z,0.0,Fitbit App
2026-05-19T16:30:00Z,1.77555,Fitbit App
2026-05-19T16:31:00Z,0.0,Fitbit App
2026-05-19T16:32:00Z,0.0,Fitbit App
2026-05-19T16:33:00Z,0.0,Fitbit App
2026-05-19T16:34:00Z,0.0,Fitbit App
2026-05-19T16:35:00Z,0.0,Fitbit App
2026-05-19T16:36:00Z,1.77555,Fitbit App
2026-05-19T16:37:00Z,0.0,Fitbit App
2026-05-19T16:38:00Z,1.77555,Fitbit App
2026-05-19T16:39:00Z,1.26825,Fitbit App
2026-05-19T16:40:00Z,1.26825,Fitbit App
2026-05-19T16:41:00Z,2.0292000000000003,Fitbit App
2026-05-19T16:42:00Z,4.312050000000001,Fitbit App
2026-05-19T16:43:00Z,0.0,Fitbit App
2026-05-19T16:44:00Z,1.26825,Fitbit App
2026-05-19T16:45:00Z,1.26825,Fitbit App
2026-05-19T16:46:00Z,0.0,Fitbit App
2026-05-19T16:47:00Z,0.0,Fitbit App
2026-05-19T16:48:00Z,0.0,Fitbit App
2026-05-19T16:50:00Z,0.7609500000000001,Fitbit App
2026-05-19T16:51:00Z,1.0146,Fitbit App
2026-05-19T16:52:00Z,0.0,Fitbit App
2026-05-19T16:53:00Z,4.5657,Fitbit App
2026-05-19T16:54:00Z,5.326650000000001,Fitbit App
2026-05-19T16:55:00Z,4.81935,Fitbit App
2026-05-19T16:56:00Z,4.81935,Fitbit App
2026-05-19T16:57:00Z,4.058400000000001,Fitbit App
2026-05-19T16:58:00Z,5.073,Fitbit App
2026-05-19T16:59:00Z,5.326650000000001,Fitbit App
2026-05-19T17:00:00Z,5.073,Fitbit App
2026-05-19T17:01:00Z,5.326650000000001,Fitbit App
2026-05-19T17:02:00Z,5.073,Fitbit App
2026-05-19T17:03:00Z,3.29745,Fitbit App
2026-05-19T17:04:00Z,1.26825,Fitbit App
2026-05-19T17:05:00Z,0.0,Fitbit App
2026-05-19T17:06:00Z,1.77555,Fitbit App
2026-05-19T17:07:00Z,1.77555,Fitbit App
2026-05-19T17:08:00Z,2.0292000000000003,Fitbit App
2026-05-19T17:09:00Z,2.0292000000000003,Fitbit App
2026-05-19T17:10:00Z,1.77555,Fitbit App
2026-05-19T17:11:00Z,2.0292000000000003,Fitbit App
2026-05-19T17:12:00Z,1.77555,Fitbit App
2026-05-19T17:13:00Z,1.26825,Fitbit App
2026-05-19T17:14:00Z,2.5365,Fitbit App
2026-05-19T17:15:00Z,2.7901500000000006,Fitbit App
2026-05-19T17:16:00Z,2.0292000000000003,Fitbit App
2026-05-19T17:17:00Z,1.26825,Fitbit App
2026-05-19T17:18:00Z,2.28285,Fitbit App
2026-05-19T17:19:00Z,2.0292000000000003,Fitbit App
2026-05-19T17:20:00Z,2.28285,Fitbit App
2026-05-19T17:21:00Z,2.0292000000000003,Fitbit App
2026-05-19T17:22:00Z,1.5219000000000003,Fitbit App
2026-05-19T17:23:00Z,0.0,Fitbit App
2026-05-19T17:24:00Z,0.0,Fitbit App
2026-05-19T17:25:00Z,4.5657,Fitbit App
2026-05-19T17:26:00Z,4.81935,Fitbit App
2026-05-19T17:27:00Z,4.81935,Fitbit App
2026-05-19T17:28:00Z,5.073,Fitbit App
2026-05-19T17:29:00Z,4.81935,Fitbit App
2026-05-19T17:30:00Z,4.81935,Fitbit App
2026-05-19T17:31:00Z,4.81935,Fitbit App
2026-05-19T17:32:00Z,4.81935,Fitbit App
2026-05-19T17:33:00Z,4.81935,Fitbit App
2026-05-19T17:34:00Z,4.81935,Fitbit App
2026-05-19T17:35:00Z,4.5657,Fitbit App
2026-05-19T17:36:00Z,4.5657,Fitbit App
2026-05-19T17:37:00Z,2.28285,Fitbit App
2026-05-19T17:38:00Z,2.5365,Fitbit App
2026-05-19T17:39:00Z,1.77555,Fitbit App
2026-05-19T17:40:00Z,2.0292000000000003,Fitbit App
2026-05-19T17:41:00Z,0.0,Fitbit App
2026-05-19T17:42:00Z,1.77555,Fitbit App
2026-05-19T17:43:00Z,0.0,Fitbit App
2026-05-19T17:44:00Z,0.0,Fitbit App
2026-05-19T17:45:00Z,0.0,Fitbit App
2026-05-19T17:46:00Z,0.0,Fitbit App
2026-05-19T17:47:00Z,0.0,Fitbit App
2026-05-19T17:48:00Z,2.28285,Fitbit App
2026-05-19T17:49:00Z,2.28285,Fitbit App
2026-05-19T17:50:00Z,1.5219000000000003,Fitbit App
2026-05-19T17:51:00Z,0.0,Fitbit App
2026-05-19T17:52:00Z,1.5219000000000003,Fitbit App
2026-05-19T17:53:00Z,0.0,Fitbit App
2026-05-19T17:54:00Z,0.0,Fitbit App
2026-05-19T17:55:00Z,0.0,Fitbit App
2026-05-19T17:56:00Z,0.0,Fitbit App
2026-05-19T17:57:00Z,0.0,Fitbit App
2026-05-19T17:58:00Z,0.7609500000000001,Fitbit App
2026-05-19T17:59:00Z,1.26825,Fitbit App
2026-05-19T18:00:00Z,1.77555,Fitbit App
2026-05-19T18:01:00Z,1.5219000000000003,Fitbit App
2026-05-19T18:02:00Z,1.5219000000000003,Fitbit App
2026-05-19T18:03:00Z,1.5219000000000003,Fitbit App
2026-05-19T18:04:00Z,0.0,Fitbit App
2026-05-19T18:05:00Z,1.26825,Fitbit App
2026-05-19T18:06:00Z,1.26825,Fitbit App
2026-05-19T18:07:00Z,0.0,Fitbit App
2026-05-19T18:08:00Z,0.0,Fitbit App
2026-05-19T18:09:00Z,0.0,Fitbit App
2026-05-19T18:10:00Z,0.0,Fitbit App
2026-05-19T18:11:00Z,2.28285,Fitbit App
2026-05-19T18:12:00Z,0.0,Fitbit App
2026-05-19T18:13:00Z,0.0,Fitbit App
2026-05-19T18:14:00Z,2.0292000000000003,Fitbit App
2026-05-19T18:15:00Z,0.0,Fitbit App
2026-05-19T18:16:00Z,0.0,Fitbit App
2026-05-19T18:17:00Z,2.28285,Fitbit App
2026-05-19T18:18:00Z,3.0438000000000005,Fitbit App
2026-05-19T18:19:00Z,3.0438000000000005,Fitbit App
2026-05-19T18:20:00Z,2.28285,Fitbit App
2026-05-19T18:21:00Z,2.0292000000000003,Fitbit App
2026-05-19T18:22:00Z,1.77555,Fitbit App
2026-05-19T18:23:00Z,2.28285,Fitbit App
2026-05-19T18:24:00Z,3.0438000000000005,Fitbit App
2026-05-19T18:25:00Z,2.5365,Fitbit App
2026-05-19T18:26:00Z,2.5365,Fitbit App
2026-05-19T18:27:00Z,0.0,Fitbit App
2026-05-19T18:28:00Z,0.0,Fitbit App
2026-05-19T18:29:00Z,2.28285,Fitbit App
2026-05-19T18:30:00Z,0.0,Fitbit App
2026-05-19T18:31:00Z,0.0,Fitbit App
2026-05-19T18:32:00Z,0.0,Fitbit App
2026-05-19T18:33:00Z,0.0,Fitbit App
2026-05-19T18:34:00Z,1.77555,Fitbit App
2026-05-19T18:35:00Z,0.5073,Fitbit App
2026-05-19T18:36:00Z,0.0,Fitbit App
2026-05-19T18:37:00Z,0.0,Fitbit App
2026-05-19T18:38:00Z,0.0,Fitbit App
2026-05-19T18:39:00Z,0.0,Fitbit App
2026-05-19T18:40:00Z,0.0,Fitbit App
2026-05-19T18:41:00Z,0.0,Fitbit App
2026-05-19T18:42:00Z,0.0,Fitbit App
2026-05-19T18:43:00Z,0.0,Fitbit App
2026-05-19T18:44:00Z,0.0,Fitbit App
2026-05-19T18:45:00Z,0.0,Fitbit App
2026-05-19T18:46:00Z,1.0146,Fitbit App
2026-05-19T18:47:00Z,0.7609500000000001,Fitbit App
2026-05-19T18:48:00Z,0.0,Fitbit App
2026-05-19T18:49:00Z,0.0,Fitbit App
2026-05-19T18:50:00Z,0.0,Fitbit App
2026-05-19T18:51:00Z,1.77555,Fitbit App
2026-05-19T18:52:00Z,0.0,Fitbit App
2026-05-19T18:53:00Z,0.0,Fitbit App
2026-05-19T18:54:00Z,0.7609500000000001,Fitbit App
2026-05-19T18:55:00Z,1.5219000000000003,Fitbit App
2026-05-19T18:56:00Z,1.77555,Fitbit App
2026-05-19T18:57:00Z,0.0,Fitbit App
2026-05-19T18:58:00Z,0.0,Fitbit App
2026-05-19T18:59:00Z,0.0,Fitbit App
2026-05-19T19:00:00Z,0.0,Fitbit App
2026-05-19T19:01:00Z,0.0,Fitbit App
2026-05-19T19:02:00Z,0.0,Fitbit App
2026-05-19T19:03:00Z,1.77555,Fitbit App
2026-05-19T19:04:00Z,2.0292000000000003,Fitbit App
2026-05-19T19:05:00Z,2.0292000000000003,Fitbit App
2026-05-19T19:06:00Z,2.28285,Fitbit App
2026-05-19T19:07:00Z,4.312050000000001,Fitbit App
2026-05-19T19:08:00Z,4.058400000000001,Fitbit App
2026-05-19T19:09:00Z,3.0438000000000005,Fitbit App
2026-05-19T19:10:00Z,0.0,Fitbit App
2026-05-19T19:11:00Z,0.0,Fitbit App
2026-05-19T19:12:00Z,1.5219000000000003,Fitbit App
2026-05-19T19:13:00Z,1.5219000000000003,Fitbit App
2026-05-19T19:14:00Z,0.0,Fitbit App
2026-05-19T19:15:00Z,0.0,Fitbit App
2026-05-19T19:16:00Z,1.26825,Fitbit App
2026-05-19T19:17:00Z,2.5365,Fitbit App
2026-05-19T19:18:00Z,0.0,Fitbit App
2026-05-19T19:19:00Z,0.0,Fitbit App
2026-05-19T19:20:00Z,0.0,Fitbit App
2026-05-19T19:21:00Z,0.0,Fitbit App
2026-05-19T19:22:00Z,0.0,Fitbit App
2026-05-19T19:23:00Z,0.0,Fitbit App
2026-05-19T19:24:00Z,0.0,Fitbit App
2026-05-19T19:28:00Z,0.0,Fitbit App
2026-05-19T19:33:00Z,0.0,Fitbit App
2026-05-19T19:34:00Z,0.0,Fitbit App
2026-05-19T19:35:00Z,1.0146,Fitbit App
2026-05-19T19:36:00Z,0.7609500000000001,Fitbit App
2026-05-19T19:37:00Z,0.0,Fitbit App
2026-05-19T19:40:00Z,0.0,Fitbit App
2026-05-19T19:41:00Z,0.0,Fitbit App
2026-05-19T19:44:00Z,0.0,Fitbit App
2026-05-19T19:45:00Z,0.0,Fitbit App
2026-05-19T19:47:00Z,0.0,Fitbit App
2026-05-19T19:48:00Z,0.0,Fitbit App
2026-05-19T20:24:00Z,1.0146,Fitbit App
2026-05-19T20:25:00Z,2.0292000000000003,Fitbit App
2026-05-19T20:26:00Z,4.5657,Fitbit App
2026-05-19T20:27:00Z,3.29745,Fitbit App
2026-05-19T20:28:00Z,5.83395,Fitbit App
2026-05-19T20:29:00Z,4.81935,Fitbit App
2026-05-19T20:30:00Z,2.28285,Fitbit App
2026-05-19T20:31:00Z,4.312050000000001,Fitbit App
2026-05-19T20:32:00Z,3.5511,Fitbit App
2026-05-19T20:33:00Z,2.7901500000000006,Fitbit App
2026-05-19T20:34:00Z,1.3950750000000003,Fitbit App
2026-05-19T20:35:00Z,0.0,Fitbit App
2026-05-19T20:36:00Z,1.77555,Fitbit App
2026-05-19T20:37:00Z,0.0,Fitbit App
2026-05-19T20:38:00Z,2.7901500000000006,Fitbit App
2026-05-19T20:39:00Z,3.5511,Fitbit App
2026-05-19T20:40:00Z,0.0,Fitbit App
2026-05-19T20:41:00Z,0.0,Fitbit App
2026-05-19T20:42:00Z,0.0,Fitbit App
2026-05-19T20:43:00Z,0.0,Fitbit App
2026-05-19T20:44:00Z,0.0,Fitbit App
2026-05-19T20:45:00Z,0.0,Fitbit App
2026-05-19T20:46:00Z,0.0,Fitbit App
2026-05-19T20:47:00Z,0.0,Fitbit App
2026-05-19T20:48:00Z,0.0,Fitbit App
2026-05-19T20:51:00Z,0.0,Fitbit App
2026-05-19T20:56:00Z,0.0,Fitbit App
2026-05-19T20:58:00Z,0.0,Fitbit App
2026-05-19T21:13:00Z,0.0,Fitbit App
2026-05-19T21:16:00Z,0.0,Fitbit App
2026-05-19T21:20:00Z,0.0,Fitbit App
2026-05-19T21:21:00Z,0.0,Fitbit App
2026-05-19T21:22:00Z,0.0,Fitbit App
2026-05-19T21:23:00Z,0.0,Fitbit App
2026-05-19T21:25:00Z,0.0,Fitbit App
2026-05-19T21:26:00Z,0.0,Fitbit App
2026-05-19T21:27:00Z,0.0,Fitbit App
2026-05-19T21:28:00Z,0.0,Fitbit App
2026-05-19T21:29:00Z,0.0,Fitbit App
2026-05-19T21:30:00Z,0.0,Fitbit App
2026-05-19T21:31:00Z,0.0,Fitbit App
2026-05-19T21:33:00Z,0.0,Fitbit App
2026-05-19T21:34:00Z,0.0,Fitbit App
2026-05-19T21:35:00Z,0.0,Fitbit App
2026-05-19T21:37:00Z,0.0,Fitbit App
2026-05-19T21:38:00Z,0.0,Fitbit App
2026-05-19T21:39:00Z,0.0,Fitbit App
2026-05-19T21:40:00Z,0.0,Fitbit App
2026-05-19T21:41:00Z,0.0,Fitbit App
2026-05-19T21:42:00Z,0.0,Fitbit App
2026-05-19T21:43:00Z,0.0,Fitbit App
2026-05-19T21:44:00Z,0.0,Fitbit App
2026-05-19T21:46:00Z,0.0,Fitbit App
2026-05-19T21:47:00Z,0.0,Fitbit App
2026-05-19T21:53:00Z,0.0,Fitbit App
2026-05-19T21:54:00Z,0.0,Fitbit App
2026-05-19T22:08:00Z,0.0,Fitbit App
2026-05-19T22:09:00Z,0.0,Fitbit App
2026-05-19T22:10:00Z,0.0,Fitbit App
2026-05-19T22:14:00Z,0.5073,Fitbit App
2026-05-19T22:15:00Z,2.0292000000000003,Fitbit App
2026-05-19T22:16:00Z,0.0,Fitbit App
2026-05-19T22:17:00Z,1.77555,Fitbit App
2026-05-19T22:18:00Z,2.7901500000000006,Fitbit App
2026-05-19T22:19:00Z,2.28285,Fitbit App
2026-05-19T22:20:00Z,1.26825,Fitbit App
2026-05-19T22:28:00Z,0.0,Fitbit App
2026-05-19T22:34:00Z,0.0,Fitbit App
2026-05-19T22:42:00Z,0.0,Fitbit App
2026-05-19T22:47:00Z,0.0,Fitbit App
2026-05-19T22:49:00Z,0.0,Fitbit App
2026-05-19T22:51:00Z,0.0,Fitbit App
2026-05-19T22:57:00Z,0.0,Fitbit App
2026-05-19T23:00:00Z,0.0,Fitbit App
2026-05-19T23:03:00Z,0.5073,Fitbit App
2026-05-19T23:08:00Z,0.0,Fitbit App
2026-05-20T00:13:00Z,0.0,Fitbit App
2026-05-20T01:09:00Z,0.25365000000000026,Fitbit App
2026-05-20T01:16:00Z,0.0,Fitbit App
2026-05-20T01:51:00Z,0.0,Fitbit App
2026-05-20T03:23:00Z,0.5073,Fitbit App
2026-05-20T03:58:00Z,0.0,Fitbit App
2026-05-20T05:39:00Z,0.0,Fitbit App
2026-05-20T05:41:00Z,0.0,Fitbit App
2026-05-20T05:45:00Z,0.0,Fitbit App
2026-05-20T05:53:00Z,0.0,Fitbit App
2026-05-20T05:57:00Z,0.0,Fitbit App
2026-05-20T05:58:00Z,0.0,Fitbit App
2026-05-20T06:09:00Z,0.0,Fitbit App
2026-05-20T06:10:00Z,0.0,Fitbit App
2026-05-20T06:25:00Z,0.0,Fitbit App
2026-05-20T06:30:00Z,0.0,Fitbit App
2026-05-20T06:44:00Z,0.5073,Fitbit App
2026-05-20T06:45:00Z,1.26825,Fitbit App
2026-05-20T06:46:00Z,1.5219000000000003,Fitbit App
2026-05-20T06:47:00Z,0.7609500000000001,Fitbit App
2026-05-20T06:48:00Z,0.5073,Fitbit App
2026-05-20T06:49:00Z,0.5073,Fitbit App
2026-05-20T06:50:00Z,0.0,Fitbit App
2026-05-20T06:51:00Z,1.5219000000000003,Fitbit App
2026-05-20T06:52:00Z,2.0292000000000003,Fitbit App
2026-05-20T06:53:00Z,0.0,Fitbit App
2026-05-20T06:54:00Z,1.5219000000000003,Fitbit App
2026-05-20T06:55:00Z,2.7901500000000006,Fitbit App
2026-05-20T06:56:00Z,0.0,Fitbit App
2026-05-20T06:57:00Z,6.594900000000001,Fitbit App
2026-05-20T06:58:00Z,10.90695,Fitbit App
2026-05-20T06:59:00Z,4.312050000000001,Fitbit App
2026-05-20T07:00:00Z,0.0,Fitbit App
2026-05-20T07:01:00Z,0.0,Fitbit App
2026-05-20T07:02:00Z,3.5511,Fitbit App
2026-05-20T07:03:00Z,3.8047500000000003,Fitbit App
2026-05-20T07:04:00Z,6.0876,Fitbit App
2026-05-20T07:05:00Z,5.073,Fitbit App
2026-05-20T07:06:00Z,3.5511,Fitbit App
2026-05-20T07:07:00Z,2.28285,Fitbit App
2026-05-20T07:08:00Z,1.5219000000000003,Fitbit App
2026-05-20T07:09:00Z,1.5219000000000003,Fitbit App
2026-05-20T07:10:00Z,4.312050000000001,Fitbit App
2026-05-20T07:11:00Z,2.7901500000000006,Fitbit App
2026-05-20T07:12:00Z,4.312050000000001,Fitbit App
2026-05-20T07:13:00Z,2.0292000000000003,Fitbit App
2026-05-20T07:14:00Z,0.7609500000000001,Fitbit App
2026-05-20T07:15:00Z,2.0292000000000003,Fitbit App
2026-05-20T07:16:00Z,3.5511,Fitbit App
2026-05-20T07:17:00Z,3.0438000000000005,Fitbit App
2026-05-20T07:18:00Z,3.0438000000000005,Fitbit App
2026-05-20T07:19:00Z,3.29745,Fitbit App
2026-05-20T07:20:00Z,3.29745,Fitbit App
2026-05-20T07:21:00Z,4.058400000000001,Fitbit App
2026-05-20T07:22:00Z,4.312050000000001,Fitbit App
2026-05-20T07:23:00Z,6.0876,Fitbit App
2026-05-20T07:24:00Z,7.86315,Fitbit App
2026-05-20T07:25:00Z,6.0876,Fitbit App
2026-05-20T07:26:00Z,8.624100000000002,Fitbit App
2026-05-20T07:27:00Z,7.609500000000001,Fitbit App
2026-05-20T07:28:00Z,6.3412500000000005,Fitbit App
2026-05-20T07:29:00Z,6.594900000000001,Fitbit App
2026-05-20T07:30:00Z,6.848550000000001,Fitbit App
2026-05-20T07:31:00Z,3.5511,Fitbit App
2026-05-20T07:32:00Z,5.580300000000001,Fitbit App
2026-05-20T07:33:00Z,4.312050000000001,Fitbit App
2026-05-20T07:34:00Z,2.28285,Fitbit App
2026-05-20T07:35:00Z,2.0292000000000003,Fitbit App
2026-05-20T07:36:00Z,0.0,Fitbit App
2026-05-20T07:37:00Z,0.0,Fitbit App
2026-05-20T07:38:00Z,0.0,Fitbit App
2026-05-20T07:39:00Z,0.0,Fitbit App
2026-05-20T07:40:00Z,0.0,Fitbit App
2026-05-20T07:41:00Z,0.0,Fitbit App
2026-05-20T07:42:00Z,0.0,Fitbit App
2026-05-20T07:43:00Z,0.0,Fitbit App
2026-05-20T07:44:00Z,0.0,Fitbit App
2026-05-20T07:45:00Z,0.0,Fitbit App
2026-05-20T07:46:00Z,0.0,Fitbit App
2026-05-20T07:47:00Z,0.0,Fitbit App
2026-05-20T07:48:00Z,0.0,Fitbit App
2026-05-20T07:49:00Z,0.0,Fitbit App
2026-05-20T07:50:00Z,0.0,Fitbit App
2026-05-20T07:51:00Z,0.0,Fitbit App
2026-05-20T07:52:00Z,0.0,Fitbit App
2026-05-20T07:53:00Z,0.0,Fitbit App
2026-05-20T07:54:00Z,0.0,Fitbit App
2026-05-20T07:55:00Z,0.0,Fitbit App
2026-05-20T07:56:00Z,0.0,Fitbit App
2026-05-20T07:57:00Z,0.0,Fitbit App
2026-05-20T07:58:00Z,0.0,Fitbit App
2026-05-20T07:59:00Z,0.0,Fitbit App
2026-05-20T08:00:00Z,0.0,Fitbit App
2026-05-20T08:01:00Z,0.0,Fitbit App
2026-05-20T08:02:00Z,0.0,Fitbit App
2026-05-20T08:03:00Z,0.0,Fitbit App
2026-05-20T08:04:00Z,0.0,Fitbit App
2026-05-20T08:05:00Z,0.0,Fitbit App
2026-05-20T08:06:00Z,0.0,Fitbit App
2026-05-20T08:07:00Z,0.0,Fitbit App
2026-05-20T08:08:00Z,0.0,Fitbit App
2026-05-20T08:09:00Z,1.0146,Fitbit App
2026-05-20T08:10:00Z,1.0146,Fitbit App
2026-05-20T08:11:00Z,2.5365,Fitbit App
2026-05-20T08:12:00Z,2.0292000000000003,Fitbit App
2026-05-20T08:13:00Z,3.5511,Fitbit App
2026-05-20T08:14:00Z,1.5219000000000003,Fitbit App
2026-05-20T08:15:00Z,0.0,Fitbit App
2026-05-20T08:17:00Z,0.0,Fitbit App
2026-05-20T08:18:00Z,0.0,Fitbit App
2026-05-20T08:20:00Z,0.0,Fitbit App
2026-05-20T08:21:00Z,0.0,Fitbit App
2026-05-20T08:22:00Z,0.0,Fitbit App
2026-05-20T08:23:00Z,0.0,Fitbit App
2026-05-20T08:24:00Z,0.0,Fitbit App
2026-05-20T08:25:00Z,0.0,Fitbit App
2026-05-20T08:26:00Z,0.0,Fitbit App
2026-05-20T08:27:00Z,0.0,Fitbit App
2026-05-20T08:28:00Z,0.0,Fitbit App
2026-05-20T08:29:00Z,1.77555,Fitbit App
2026-05-20T08:30:00Z,4.312050000000001,Fitbit App
2026-05-20T08:31:00Z,5.073,Fitbit App
2026-05-20T08:32:00Z,2.28285,Fitbit App
2026-05-20T08:33:00Z,0.0,Fitbit App
2026-05-20T08:34:00Z,0.0,Fitbit App
2026-05-20T08:35:00Z,0.0,Fitbit App
2026-05-20T08:36:00Z,0.0,Fitbit App
2026-05-20T08:37:00Z,0.0,Fitbit App
2026-05-20T08:38:00Z,0.0,Fitbit App
2026-05-20T08:39:00Z,0.0,Fitbit App
2026-05-20T08:40:00Z,0.0,Fitbit App
2026-05-20T08:41:00Z,0.0,Fitbit App
2026-05-20T08:42:00Z,0.0,Fitbit App
2026-05-20T08:43:00Z,0.0,Fitbit App
2026-05-20T08:44:00Z,0.0,Fitbit App
2026-05-20T08:45:00Z,0.0,Fitbit App
2026-05-20T08:46:00Z,0.0,Fitbit App
2026-05-20T08:47:00Z,0.0,Fitbit App
2026-05-20T08:48:00Z,0.0,Fitbit App
2026-05-20T08:49:00Z,0.0,Fitbit App
2026-05-20T08:50:00Z,0.0,Fitbit App
2026-05-20T08:51:00Z,0.0,Fitbit App
2026-05-20T08:52:00Z,0.0,Fitbit App
2026-05-20T08:54:00Z,0.0,Fitbit App
2026-05-20T08:56:00Z,0.0,Fitbit App
2026-05-20T08:57:00Z,0.0,Fitbit App
2026-05-20T08:58:00Z,0.0,Fitbit App
2026-05-20T09:01:00Z,0.0,Fitbit App
2026-05-20T09:03:00Z,0.0,Fitbit App
2026-05-20T09:04:00Z,0.0,Fitbit App
2026-05-20T09:05:00Z,0.0,Fitbit App
2026-05-20T09:06:00Z,0.0,Fitbit App
2026-05-20T09:07:00Z,0.0,Fitbit App
2026-05-20T09:08:00Z,0.0,Fitbit App
2026-05-20T09:09:00Z,0.0,Fitbit App
2026-05-20T09:10:00Z,0.0,Fitbit App
2026-05-20T09:11:00Z,0.0,Fitbit App
2026-05-20T09:14:00Z,0.0,Fitbit App
2026-05-20T09:15:00Z,0.0,Fitbit App
2026-05-20T09:16:00Z,0.0,Fitbit App
2026-05-20T09:17:00Z,0.0,Fitbit App
2026-05-20T09:18:00Z,0.0,Fitbit App
2026-05-20T09:19:00Z,0.0,Fitbit App
2026-05-20T09:20:00Z,0.0,Fitbit App
2026-05-20T09:21:00Z,0.0,Fitbit App
2026-05-20T09:22:00Z,0.0,Fitbit App
2026-05-20T09:25:00Z,0.7609500000000001,Fitbit App
2026-05-20T09:26:00Z,0.0,Fitbit App
2026-05-20T09:27:00Z,0.0,Fitbit App
2026-05-20T09:28:00Z,0.0,Fitbit App
2026-05-20T09:29:00Z,0.0,Fitbit App
2026-05-20T09:30:00Z,0.0,Fitbit App
2026-05-20T09:31:00Z,0.0,Fitbit App
2026-05-20T09:32:00Z,0.0,Fitbit App
2026-05-20T09:33:00Z,0.0,Fitbit App
2026-05-20T09:34:00Z,0.0,Fitbit App
2026-05-20T09:35:00Z,8.37045,Fitbit App
2026-05-20T09:36:00Z,0.0,Fitbit App
2026-05-20T09:37:00Z,0.0,Fitbit App
2026-05-20T09:38:00Z,0.0,Fitbit App
2026-05-20T09:41:00Z,0.0,Fitbit App
2026-05-20T09:42:00Z,0.0,Fitbit App
2026-05-20T09:43:00Z,0.0,Fitbit App
2026-05-20T09:44:00Z,0.0,Fitbit App
2026-05-20T09:45:00Z,0.0,Fitbit App
2026-05-20T09:46:00Z,0.0,Fitbit App
2026-05-20T09:47:00Z,0.0,Fitbit App
2026-05-20T09:48:00Z,2.28285,Fitbit App
2026-05-20T09:49:00Z,0.7609500000000001,Fitbit App
2026-05-20T09:50:00Z,0.7609500000000001,Fitbit App
2026-05-20T09:51:00Z,0.0,Fitbit App
2026-05-20T09:52:00Z,0.0,Fitbit App
2026-05-20T09:53:00Z,0.0,Fitbit App
2026-05-20T09:54:00Z,0.0,Fitbit App
2026-05-20T09:55:00Z,0.0,Fitbit App
2026-05-20T09:56:00Z,0.0,Fitbit App
2026-05-20T09:57:00Z,0.0,Fitbit App
2026-05-20T09:58:00Z,0.0,Fitbit App
2026-05-20T09:59:00Z,0.0,Fitbit App
2026-05-20T10:00:00Z,0.0,Fitbit App
2026-05-20T10:01:00Z,0.0,Fitbit App
2026-05-20T10:02:00Z,0.0,Fitbit App
2026-05-20T10:03:00Z,0.0,Fitbit App
2026-05-20T10:04:00Z,0.7609500000000001,Fitbit App
2026-05-20T10:05:00Z,0.0,Fitbit App
2026-05-20T10:06:00Z,0.0,Fitbit App
2026-05-20T10:07:00Z,0.0,Fitbit App
2026-05-20T10:08:00Z,0.0,Fitbit App
2026-05-20T10:09:00Z,0.0,Fitbit App
2026-05-20T10:11:00Z,0.0,Fitbit App
2026-05-20T10:13:00Z,0.0,Fitbit App
2026-05-20T10:14:00Z,0.0,Fitbit App
2026-05-20T10:15:00Z,0.0,Fitbit App
2026-05-20T10:16:00Z,0.0,Fitbit App
2026-05-20T10:18:00Z,0.0,Fitbit App
2026-05-20T10:19:00Z,0.0,Fitbit App
2026-05-20T10:21:00Z,0.0,Fitbit App
2026-05-20T10:24:00Z,0.0,Fitbit App
2026-05-20T10:26:00Z,0.0,Fitbit App
2026-05-20T10:27:00Z,0.0,Fitbit App
2026-05-20T10:28:00Z,0.0,Fitbit App
2026-05-20T10:29:00Z,0.0,Fitbit App
2026-05-20T10:30:00Z,0.0,Fitbit App
2026-05-20T10:31:00Z,0.0,Fitbit App
2026-05-20T10:32:00Z,0.0,Fitbit App
2026-05-20T10:33:00Z,0.0,Fitbit App
2026-05-20T10:34:00Z,0.0,Fitbit App
2026-05-20T10:35:00Z,0.0,Fitbit App
2026-05-20T10:36:00Z,0.0,Fitbit App
2026-05-20T10:37:00Z,1.0146,Fitbit App
2026-05-20T10:38:00Z,4.5657,Fitbit App
2026-05-20T10:39:00Z,0.0,Fitbit App
2026-05-20T10:40:00Z,0.0,Fitbit App
2026-05-20T10:41:00Z,0.0,Fitbit App
2026-05-20T10:42:00Z,0.0,Fitbit App
2026-05-20T10:43:00Z,0.0,Fitbit App
2026-05-20T10:44:00Z,0.0,Fitbit App
2026-05-20T10:45:00Z,0.0,Fitbit App
2026-05-20T10:46:00Z,3.8047500000000003,Fitbit App
2026-05-20T10:47:00Z,4.312050000000001,Fitbit App
2026-05-20T10:48:00Z,0.0,Fitbit App
2026-05-20T10:49:00Z,0.0,Fitbit App
2026-05-20T10:50:00Z,0.0,Fitbit App
2026-05-20T10:53:00Z,0.0,Fitbit App
2026-05-20T10:55:00Z,0.0,Fitbit App
2026-05-20T10:56:00Z,0.0,Fitbit App
2026-05-20T10:57:00Z,0.0,Fitbit App
2026-05-20T10:58:00Z,0.0,Fitbit App
2026-05-20T10:59:00Z,0.0,Fitbit App
2026-05-20T11:00:00Z,0.0,Fitbit App
2026-05-20T11:01:00Z,0.0,Fitbit App
2026-05-20T11:02:00Z,0.0,Fitbit App
2026-05-20T11:03:00Z,0.0,Fitbit App
2026-05-20T11:04:00Z,0.0,Fitbit App
2026-05-20T11:05:00Z,0.0,Fitbit App
2026-05-20T11:06:00Z,0.0,Fitbit App
2026-05-20T11:07:00Z,0.0,Fitbit App
2026-05-20T11:08:00Z,0.0,Fitbit App
2026-05-20T11:09:00Z,0.0,Fitbit App
2026-05-20T11:10:00Z,0.0,Fitbit App
2026-05-20T11:11:00Z,0.0,Fitbit App
2026-05-20T11:12:00Z,0.0,Fitbit App
2026-05-20T11:13:00Z,0.0,Fitbit App
2026-05-20T11:14:00Z,0.0,Fitbit App
2026-05-20T11:15:00Z,0.0,Fitbit App
2026-05-20T11:18:00Z,1.0146,Fitbit App
2026-05-20T11:19:00Z,1.0146,Fitbit App
2026-05-20T11:20:00Z,0.0,Fitbit App
2026-05-20T11:21:00Z,0.0,Fitbit App
2026-05-20T11:22:00Z,0.0,Fitbit App
2026-05-20T11:23:00Z,0.0,Fitbit App
2026-05-20T11:24:00Z,0.0,Fitbit App
2026-05-20T11:25:00Z,0.0,Fitbit App
2026-05-20T11:26:00Z,0.0,Fitbit App
2026-05-20T11:27:00Z,0.0,Fitbit App
2026-05-20T11:28:00Z,0.0,Fitbit App
2026-05-20T11:30:00Z,0.5073,Fitbit App
2026-05-20T11:32:00Z,0.0,Fitbit App
2026-05-20T11:33:00Z,0.0,Fitbit App
2026-05-20T11:36:00Z,0.0,Fitbit App
2026-05-20T11:37:00Z,0.0,Fitbit App
2026-05-20T11:38:00Z,0.0,Fitbit App
2026-05-20T11:40:00Z,0.0,Fitbit App
2026-05-20T11:41:00Z,0.0,Fitbit App
2026-05-20T11:42:00Z,0.0,Fitbit App
2026-05-20T11:43:00Z,0.0,Fitbit App
2026-05-20T11:44:00Z,0.0,Fitbit App
2026-05-20T11:45:00Z,0.0,Fitbit App
2026-05-20T11:46:00Z,0.0,Fitbit App
2026-05-20T11:47:00Z,0.0,Fitbit App
2026-05-20T11:48:00Z,0.0,Fitbit App
2026-05-20T11:49:00Z,0.7609500000000001,Fitbit App
2026-05-20T11:50:00Z,0.0,Fitbit App
2026-05-20T11:51:00Z,0.0,Fitbit App
2026-05-20T11:52:00Z,0.0,Fitbit App
2026-05-20T11:53:00Z,0.0,Fitbit App
2026-05-20T11:54:00Z,0.7609500000000001,Fitbit App
2026-05-20T11:55:00Z,0.0,Fitbit App
2026-05-20T11:56:00Z,0.0,Fitbit App
2026-05-20T11:58:00Z,0.0,Fitbit App
2026-05-20T11:59:00Z,0.0,Fitbit App
2026-05-20T12:00:00Z,0.0,Fitbit App
2026-05-20T12:01:00Z,0.5073,Fitbit App
2026-05-20T12:04:00Z,0.5073,Fitbit App
2026-05-20T12:06:00Z,0.7609500000000001,Fitbit App
2026-05-20T12:07:00Z,0.0,Fitbit App
2026-05-20T12:08:00Z,0.0,Fitbit App
2026-05-20T12:09:00Z,0.0,Fitbit App
2026-05-20T12:10:00Z,0.0,Fitbit App
2026-05-20T12:15:00Z,0.0,Fitbit App
2026-05-20T12:16:00Z,0.0,Fitbit App
2026-05-20T12:19:00Z,0.0,Fitbit App
2026-05-20T12:22:00Z,0.0,Fitbit App
2026-05-20T12:23:00Z,0.0,Fitbit App
2026-05-20T12:24:00Z,0.0,Fitbit App
2026-05-20T12:25:00Z,0.0,Fitbit App
2026-05-20T12:26:00Z,0.0,Fitbit App
2026-05-20T12:27:00Z,0.0,Fitbit App
2026-05-20T12:28:00Z,0.0,Fitbit App
2026-05-20T12:29:00Z,0.0,Fitbit App
2026-05-20T12:30:00Z,0.0,Fitbit App
2026-05-20T12:31:00Z,0.0,Fitbit App
2026-05-20T12:32:00Z,0.0,Fitbit App
2026-05-20T12:34:00Z,0.0,Fitbit App
2026-05-20T12:36:00Z,0.0,Fitbit App
2026-05-20T12:37:00Z,0.0,Fitbit App
2026-05-20T12:38:00Z,0.0,Fitbit App
2026-05-20T12:39:00Z,0.0,Fitbit App
2026-05-20T12:40:00Z,0.7609500000000001,Fitbit App
2026-05-20T12:41:00Z,0.0,Fitbit App
2026-05-20T12:42:00Z,0.0,Fitbit App
2026-05-20T12:44:00Z,0.0,Fitbit App
2026-05-20T12:45:00Z,0.0,Fitbit App
2026-05-20T12:46:00Z,0.0,Fitbit App
2026-05-20T12:48:00Z,0.0,Fitbit App
2026-05-20T12:49:00Z,0.0,Fitbit App
2026-05-20T12:50:00Z,0.0,Fitbit App
2026-05-20T12:51:00Z,0.0,Fitbit App
2026-05-20T12:54:00Z,0.0,Fitbit App
2026-05-20T12:55:00Z,0.0,Fitbit App
2026-05-20T12:56:00Z,0.0,Fitbit App
2026-05-20T12:57:00Z,0.0,Fitbit App
2026-05-20T12:58:00Z,1.26825,Fitbit App
2026-05-20T12:59:00Z,1.5219000000000003,Fitbit App
2026-05-20T13:00:00Z,0.0,Fitbit App
2026-05-20T13:01:00Z,0.0,Fitbit App
2026-05-20T13:03:00Z,0.0,Fitbit App
2026-05-20T13:04:00Z,0.0,Fitbit App
2026-05-20T13:05:00Z,0.0,Fitbit App
2026-05-20T13:06:00Z,0.0,Fitbit App
2026-05-20T13:07:00Z,0.0,Fitbit App
2026-05-20T13:08:00Z,0.0,Fitbit App
2026-05-20T13:09:00Z,0.0,Fitbit App
2026-05-20T13:10:00Z,0.0,Fitbit App
2026-05-20T13:11:00Z,0.7609500000000001,Fitbit App
2026-05-20T13:12:00Z,0.7609500000000001,Fitbit App
2026-05-20T13:13:00Z,5.073,Fitbit App
2026-05-20T13:14:00Z,3.8047500000000003,Fitbit App
2026-05-20T13:15:00Z,4.5657,Fitbit App
2026-05-20T13:16:00Z,4.5657,Fitbit App
2026-05-20T13:17:00Z,2.5365,Fitbit App
2026-05-20T13:18:00Z,3.5511,Fitbit App
2026-05-20T13:19:00Z,4.058400000000001,Fitbit App
2026-05-20T13:20:00Z,5.326650000000001,Fitbit App
2026-05-20T13:21:00Z,5.580300000000001,Fitbit App
2026-05-20T13:22:00Z,5.83395,Fitbit App
2026-05-20T13:23:00Z,5.83395,Fitbit App
2026-05-20T13:24:00Z,5.326650000000001,Fitbit App
2026-05-20T13:25:00Z,4.81935,Fitbit App
2026-05-20T13:26:00Z,5.326650000000001,Fitbit App
2026-05-20T13:27:00Z,3.8047500000000003,Fitbit App
2026-05-20T13:28:00Z,3.29745,Fitbit App
2026-05-20T13:29:00Z,2.5365,Fitbit App
2026-05-20T13:30:00Z,0.0,Fitbit App
2026-05-20T13:32:00Z,0.0,Fitbit App
2026-05-20T13:33:00Z,0.0,Fitbit App
2026-05-20T13:36:00Z,0.0,Fitbit App
2026-05-20T13:38:00Z,0.0,Fitbit App
2026-05-20T13:39:00Z,0.0,Fitbit App
2026-05-20T13:40:00Z,0.0,Fitbit App
2026-05-20T13:41:00Z,0.0,Fitbit App
2026-05-20T13:42:00Z,0.0,Fitbit App
2026-05-20T13:43:00Z,0.0,Fitbit App
2026-05-20T13:44:00Z,0.0,Fitbit App
2026-05-20T13:45:00Z,0.0,Fitbit App
2026-05-20T13:46:00Z,0.0,Fitbit App
2026-05-20T13:47:00Z,1.0146,Fitbit App
2026-05-20T13:48:00Z,0.0,Fitbit App
2026-05-20T13:50:00Z,0.5073,Fitbit App
2026-05-20T13:51:00Z,1.0146,Fitbit App
2026-05-20T14:05:00Z,0.0,Fitbit App
2026-05-20T14:09:00Z,1.0146,Fitbit App
2026-05-20T14:10:00Z,4.5657,Fitbit App
2026-05-20T14:11:00Z,4.5657,Fitbit App
2026-05-20T14:12:00Z,0.0,Fitbit App
2026-05-20T14:16:00Z,1.26825,Fitbit App
2026-05-20T14:17:00Z,2.5365,Fitbit App
2026-05-20T14:18:00Z,2.28285,Fitbit App
2026-05-20T14:19:00Z,1.26825,Fitbit App
2026-05-20T14:20:00Z,0.0,Fitbit App
2026-05-20T14:24:00Z,0.0,Fitbit App
2026-05-20T14:26:00Z,0.0,Fitbit App
2026-05-20T14:32:00Z,0.0,Fitbit App
2026-05-20T14:33:00Z,0.0,Fitbit App
2026-05-20T14:36:00Z,0.0,Fitbit App
2026-05-20T14:37:00Z,1.5219000000000003,Fitbit App
2026-05-20T14:38:00Z,0.0,Fitbit App
2026-05-20T14:39:00Z,0.0,Fitbit App
2026-05-20T14:40:00Z,0.0,Fitbit App
2026-05-20T14:43:00Z,0.0,Fitbit App
2026-05-20T14:44:00Z,0.0,Fitbit App
2026-05-20T14:45:00Z,1.0146,Fitbit App
2026-05-20T14:46:00Z,2.5365,Fitbit App
2026-05-20T14:47:00Z,2.28285,Fitbit App
2026-05-20T14:48:00Z,0.0,Fitbit App
2026-05-20T14:50:00Z,1.0146,Fitbit App
2026-05-20T14:51:00Z,1.0146,Fitbit App
2026-05-20T14:52:00Z,0.0,Fitbit App
2026-05-20T14:53:00Z,0.0,Fitbit App
2026-05-20T14:54:00Z,0.7609500000000001,Fitbit App
2026-05-20T14:55:00Z,1.77555,Fitbit App
2026-05-20T14:56:00Z,2.7901500000000006,Fitbit App
2026-05-20T14:57:00Z,2.0292000000000003,Fitbit App
2026-05-20T14:58:00Z,0.0,Fitbit App
2026-05-20T14:59:00Z,0.0,Fitbit App
2026-05-20T15:00:00Z,0.0,Fitbit App
2026-05-20T15:01:00Z,0.0,Fitbit App
2026-05-20T15:02:00Z,0.0,Fitbit App
2026-05-20T15:03:00Z,0.0,Fitbit App
2026-05-20T15:04:00Z,0.0,Fitbit App
2026-05-20T15:05:00Z,0.0,Fitbit App
2026-05-20T15:06:00Z,1.0146,Fitbit App
2026-05-20T15:07:00Z,0.0,Fitbit App
2026-05-20T15:09:00Z,0.7609500000000001,Fitbit App
2026-05-20T15:10:00Z,1.0146,Fitbit App
2026-05-20T15:11:00Z,0.0,Fitbit App
2026-05-20T15:12:00Z,0.0,Fitbit App
2026-05-20T15:13:00Z,1.0146,Fitbit App
2026-05-20T15:14:00Z,0.0,Fitbit App
2026-05-20T15:15:00Z,1.0146,Fitbit App
2026-05-20T15:16:00Z,0.0,Fitbit App
2026-05-20T15:17:00Z,0.0,Fitbit App
2026-05-20T15:18:00Z,0.0,Fitbit App
2026-05-20T15:19:00Z,0.0,Fitbit App
2026-05-20T15:20:00Z,0.0,Fitbit App
2026-05-20T15:21:00Z,0.0,Fitbit App
2026-05-20T15:22:00Z,0.0,Fitbit App
2026-05-20T15:23:00Z,0.0,Fitbit App
2026-05-20T15:24:00Z,1.77555,Fitbit App
2026-05-20T15:25:00Z,1.0146,Fitbit App
2026-05-20T15:26:00Z,0.0,Fitbit App
2026-05-20T15:27:00Z,0.0,Fitbit App
2026-05-20T15:28:00Z,0.0,Fitbit App
2026-05-20T15:29:00Z,0.0,Fitbit App
2026-05-20T15:30:00Z,0.0,Fitbit App
2026-05-20T15:31:00Z,0.7609500000000001,Fitbit App
2026-05-20T15:32:00Z,0.0,Fitbit App
2026-05-20T15:33:00Z,0.0,Fitbit App
2026-05-20T15:34:00Z,0.0,Fitbit App
2026-05-20T15:35:00Z,0.0,Fitbit App
2026-05-20T15:36:00Z,0.0,Fitbit App
2026-05-20T15:37:00Z,0.7609500000000001,Fitbit App
2026-05-20T15:38:00Z,0.0,Fitbit App
2026-05-20T15:39:00Z,0.0,Fitbit App
2026-05-20T15:40:00Z,0.7609500000000001,Fitbit App
2026-05-20T15:41:00Z,0.0,Fitbit App
2026-05-20T15:42:00Z,0.0,Fitbit App
2026-05-20T15:43:00Z,1.5219000000000003,Fitbit App
2026-05-20T15:44:00Z,1.5219000000000003,Fitbit App
2026-05-20T15:45:00Z,0.0,Fitbit App
2026-05-20T15:46:00Z,1.26825,Fitbit App
2026-05-20T15:47:00Z,0.0,Fitbit App
2026-05-20T15:48:00Z,0.0,Fitbit App
2026-05-20T15:49:00Z,0.0,Fitbit App
2026-05-20T15:50:00Z,0.0,Fitbit App
2026-05-20T15:51:00Z,0.0,Fitbit App
2026-05-20T15:52:00Z,0.0,Fitbit App
2026-05-20T15:53:00Z,0.0,Fitbit App
2026-05-20T15:54:00Z,0.0,Fitbit App
2026-05-20T15:55:00Z,0.0,Fitbit App
2026-05-20T15:56:00Z,0.0,Fitbit App
2026-05-20T15:57:00Z,1.26825,Fitbit App
2026-05-20T15:58:00Z,0.0,Fitbit App
2026-05-20T15:59:00Z,0.0,Fitbit App
2026-05-20T16:00:00Z,1.0146,Fitbit App
2026-05-20T16:01:00Z,0.0,Fitbit App
2026-05-20T16:02:00Z,0.0,Fitbit App
2026-05-20T16:03:00Z,0.0,Fitbit App
2026-05-20T16:04:00Z,0.0,Fitbit App
2026-05-20T16:05:00Z,0.7609500000000001,Fitbit App
2026-05-20T16:06:00Z,1.26825,Fitbit App
2026-05-20T16:07:00Z,0.0,Fitbit App
2026-05-20T16:08:00Z,0.0,Fitbit App
2026-05-20T16:09:00Z,0.0,Fitbit App
2026-05-20T16:10:00Z,2.28285,Fitbit App
2026-05-20T16:11:00Z,0.0,Fitbit App
2026-05-20T16:12:00Z,0.0,Fitbit App
2026-05-20T16:13:00Z,3.0438000000000005,Fitbit App
2026-05-20T16:14:00Z,2.0292000000000003,Fitbit App
2026-05-20T16:15:00Z,2.28285,Fitbit App
2026-05-20T16:16:00Z,2.7901500000000006,Fitbit App
2026-05-20T16:17:00Z,2.7901500000000006,Fitbit App
2026-05-20T16:18:00Z,2.7901500000000006,Fitbit App
2026-05-20T16:19:00Z,3.5511,Fitbit App
2026-05-20T16:20:00Z,2.7901500000000006,Fitbit App
2026-05-20T16:21:00Z,3.29745,Fitbit App
2026-05-20T16:22:00Z,3.0438000000000005,Fitbit App
2026-05-20T16:23:00Z,3.0438000000000005,Fitbit App
2026-05-20T16:24:00Z,2.28285,Fitbit App
2026-05-20T16:25:00Z,0.0,Fitbit App
2026-05-20T16:26:00Z,0.0,Fitbit App
2026-05-20T16:27:00Z,0.0,Fitbit App
2026-05-20T16:28:00Z,0.0,Fitbit App
2026-05-20T16:29:00Z,0.0,Fitbit App
2026-05-20T16:30:00Z,0.0,Fitbit App
2026-05-20T16:31:00Z,0.0,Fitbit App
2026-05-20T16:32:00Z,1.0146,Fitbit App
2026-05-20T16:33:00Z,0.0,Fitbit App
2026-05-20T16:34:00Z,0.0,Fitbit App
2026-05-20T16:35:00Z,0.0,Fitbit App
2026-05-20T16:36:00Z,0.0,Fitbit App
2026-05-20T16:37:00Z,1.5219000000000003,Fitbit App
2026-05-20T16:38:00Z,0.0,Fitbit App
2026-05-20T16:39:00Z,0.0,Fitbit App
2026-05-20T16:40:00Z,0.0,Fitbit App
2026-05-20T16:41:00Z,0.0,Fitbit App
2026-05-20T16:42:00Z,0.0,Fitbit App
2026-05-20T16:43:00Z,0.0,Fitbit App
2026-05-20T16:44:00Z,0.0,Fitbit App
2026-05-20T16:45:00Z,1.0146,Fitbit App
2026-05-20T16:46:00Z,0.0,Fitbit App
2026-05-20T16:47:00Z,0.0,Fitbit App
2026-05-20T16:48:00Z,0.0,Fitbit App
2026-05-20T16:49:00Z,0.0,Fitbit App
2026-05-20T16:50:00Z,0.0,Fitbit App
2026-05-20T16:51:00Z,0.0,Fitbit App
2026-05-20T16:52:00Z,0.0,Fitbit App
2026-05-20T16:53:00Z,0.0,Fitbit App
2026-05-20T16:54:00Z,0.0,Fitbit App
2026-05-20T16:55:00Z,0.0,Fitbit App
2026-05-20T16:56:00Z,0.0,Fitbit App
2026-05-20T16:57:00Z,0.0,Fitbit App
2026-05-20T16:58:00Z,1.77555,Fitbit App
2026-05-20T16:59:00Z,1.5219000000000003,Fitbit App
2026-05-20T17:00:00Z,1.5219000000000003,Fitbit App
2026-05-20T17:01:00Z,1.5219000000000003,Fitbit App
2026-05-20T17:02:00Z,0.0,Fitbit App
2026-05-20T17:03:00Z,0.0,Fitbit App
2026-05-20T17:04:00Z,0.0,Fitbit App
2026-05-20T17:05:00Z,0.0,Fitbit App
2026-05-20T17:06:00Z,0.0,Fitbit App
2026-05-20T17:07:00Z,1.26825,Fitbit App
2026-05-20T17:08:00Z,1.5219000000000003,Fitbit App
2026-05-20T17:09:00Z,0.0,Fitbit App
2026-05-20T17:10:00Z,1.0146,Fitbit App
2026-05-20T17:11:00Z,0.0,Fitbit App
2026-05-20T17:12:00Z,1.0146,Fitbit App
2026-05-20T17:13:00Z,1.77555,Fitbit App
2026-05-20T17:14:00Z,1.26825,Fitbit App
2026-05-20T17:15:00Z,2.7901500000000006,Fitbit App
2026-05-20T17:16:00Z,4.058400000000001,Fitbit App
2026-05-20T17:17:00Z,4.058400000000001,Fitbit App
2026-05-20T17:18:00Z,3.8047500000000003,Fitbit App
2026-05-20T17:19:00Z,2.5365,Fitbit App
2026-05-20T17:20:00Z,3.5511,Fitbit App
2026-05-20T17:21:00Z,3.29745,Fitbit App
2026-05-20T17:22:00Z,3.8047500000000003,Fitbit App
2026-05-20T17:23:00Z,3.8047500000000003,Fitbit App
2026-05-20T17:24:00Z,4.81935,Fitbit App
2026-05-20T17:25:00Z,4.81935,Fitbit App
2026-05-20T17:26:00Z,2.7901500000000006,Fitbit App
2026-05-20T17:27:00Z,0.0,Fitbit App
2026-05-20T17:28:00Z,2.7901500000000006,Fitbit App
2026-05-20T17:29:00Z,2.28285,Fitbit App
2026-05-20T17:30:00Z,1.77555,Fitbit App
2026-05-20T17:31:00Z,2.28285,Fitbit App
2026-05-20T17:32:00Z,1.5219000000000003,Fitbit App
2026-05-20T17:33:00Z,3.0438000000000005,Fitbit App
2026-05-20T17:34:00Z,3.5511,Fitbit App
2026-05-20T17:35:00Z,4.058400000000001,Fitbit App
2026-05-20T17:36:00Z,2.28285,Fitbit App
2026-05-20T17:37:00Z,1.77555,Fitbit App
2026-05-20T17:38:00Z,2.5365,Fitbit App
2026-05-20T17:39:00Z,0.0,Fitbit App
2026-05-20T17:40:00Z,4.5657,Fitbit App
2026-05-20T17:41:00Z,5.073,Fitbit App
2026-05-20T17:42:00Z,2.5365,Fitbit App
2026-05-20T17:43:00Z,2.7901500000000006,Fitbit App
2026-05-20T17:44:00Z,2.7901500000000006,Fitbit App
2026-05-20T17:45:00Z,3.5511,Fitbit App
2026-05-20T17:46:00Z,3.29745,Fitbit App
2026-05-20T17:47:00Z,4.81935,Fitbit App
2026-05-20T17:48:00Z,4.312050000000001,Fitbit App
2026-05-20T17:49:00Z,5.326650000000001,Fitbit App
2026-05-20T17:50:00Z,5.83395,Fitbit App
2026-05-20T17:51:00Z,2.28285,Fitbit App
2026-05-20T17:52:00Z,2.7901500000000006,Fitbit App
2026-05-20T17:53:00Z,1.77555,Fitbit App
2026-05-20T17:54:00Z,1.77555,Fitbit App
2026-05-20T17:55:00Z,0.0,Fitbit App
2026-05-20T17:56:00Z,0.0,Fitbit App
2026-05-20T17:57:00Z,0.0,Fitbit App
2026-05-20T17:58:00Z,1.77555,Fitbit App
2026-05-20T17:59:00Z,2.28285,Fitbit App
2026-05-20T18:00:00Z,1.5219000000000003,Fitbit App
2026-05-20T18:01:00Z,0.7609500000000001,Fitbit App
2026-05-20T18:02:00Z,0.0,Fitbit App
2026-05-20T18:03:00Z,1.5219000000000003,Fitbit App
2026-05-20T18:04:00Z,0.0,Fitbit App
2026-05-20T18:05:00Z,0.0,Fitbit App
2026-05-20T18:06:00Z,0.0,Fitbit App
2026-05-20T18:07:00Z,0.0,Fitbit App
2026-05-20T18:08:00Z,0.0,Fitbit App
2026-05-20T18:09:00Z,1.26825,Fitbit App
2026-05-20T18:10:00Z,1.5219000000000003,Fitbit App
2026-05-20T18:11:00Z,1.77555,Fitbit App
2026-05-20T18:12:00Z,2.7901500000000006,Fitbit App
2026-05-20T18:13:00Z,4.312050000000001,Fitbit App
2026-05-20T18:14:00Z,3.8047500000000003,Fitbit App
2026-05-20T18:15:00Z,3.8047500000000003,Fitbit App
2026-05-20T18:16:00Z,3.0438000000000005,Fitbit App
2026-05-20T18:17:00Z,2.5365,Fitbit App
2026-05-20T18:18:00Z,1.77555,Fitbit App
2026-05-20T18:19:00Z,2.7901500000000006,Fitbit App
2026-05-20T18:20:00Z,1.5219000000000003,Fitbit App
2026-05-20T18:21:00Z,0.0,Fitbit App
2026-05-20T18:22:00Z,1.5219000000000003,Fitbit App
2026-05-20T18:23:00Z,2.28285,Fitbit App
2026-05-20T18:24:00Z,1.77555,Fitbit App
2026-05-20T18:25:00Z,1.77555,Fitbit App
2026-05-20T18:26:00Z,1.5219000000000003,Fitbit App
2026-05-20T18:27:00Z,1.5219000000000003,Fitbit App
2026-05-20T18:28:00Z,0.0,Fitbit App
2026-05-20T18:29:00Z,0.0,Fitbit App
2026-05-20T18:30:00Z,0.0,Fitbit App
2026-05-20T18:31:00Z,0.0,Fitbit App
2026-05-20T18:32:00Z,0.0,Fitbit App
2026-05-20T18:33:00Z,0.0,Fitbit App
2026-05-20T18:34:00Z,0.0,Fitbit App
2026-05-20T18:35:00Z,0.0,Fitbit App
2026-05-20T18:36:00Z,0.0,Fitbit App
2026-05-20T18:37:00Z,0.0,Fitbit App
2026-05-20T18:38:00Z,0.0,Fitbit App
2026-05-20T18:39:00Z,0.0,Fitbit App
2026-05-20T18:40:00Z,1.77555,Fitbit App
2026-05-20T18:41:00Z,0.0,Fitbit App
2026-05-20T18:42:00Z,0.0,Fitbit App
2026-05-20T18:43:00Z,0.0,Fitbit App
2026-05-20T18:44:00Z,0.0,Fitbit App
2026-05-20T18:45:00Z,0.0,Fitbit App
2026-05-20T18:46:00Z,0.0,Fitbit App
2026-05-20T18:47:00Z,2.5365,Fitbit App
2026-05-20T18:48:00Z,0.0,Fitbit App
2026-05-20T18:49:00Z,0.0,Fitbit App
2026-05-20T18:50:00Z,0.0,Fitbit App
2026-05-20T18:51:00Z,0.0,Fitbit App
2026-05-20T18:52:00Z,0.0,Fitbit App
2026-05-20T18:53:00Z,0.0,Fitbit App
2026-05-20T18:54:00Z,0.0,Fitbit App
2026-05-20T18:55:00Z,0.0,Fitbit App
2026-05-20T18:56:00Z,0.0,Fitbit App
2026-05-20T18:57:00Z,0.0,Fitbit App
2026-05-20T18:58:00Z,0.0,Fitbit App
2026-05-20T18:59:00Z,0.0,Fitbit App
2026-05-20T19:00:00Z,0.0,Fitbit App
2026-05-20T19:01:00Z,0.0,Fitbit App
2026-05-20T19:02:00Z,0.0,Fitbit App
2026-05-20T19:03:00Z,0.0,Fitbit App
2026-05-20T19:04:00Z,0.0,Fitbit App
2026-05-20T19:05:00Z,0.0,Fitbit App
2026-05-20T19:06:00Z,0.0,Fitbit App
2026-05-20T19:07:00Z,0.0,Fitbit App
2026-05-20T19:08:00Z,0.0,Fitbit App
2026-05-20T19:09:00Z,0.0,Fitbit App
2026-05-20T19:10:00Z,0.0,Fitbit App
2026-05-20T19:11:00Z,0.0,Fitbit App
2026-05-20T19:12:00Z,0.0,Fitbit App
2026-05-20T19:13:00Z,0.0,Fitbit App
2026-05-20T19:14:00Z,0.0,Fitbit App
2026-05-20T19:15:00Z,0.0,Fitbit App
2026-05-20T19:16:00Z,0.0,Fitbit App
2026-05-20T19:17:00Z,0.0,Fitbit App
2026-05-20T19:18:00Z,0.0,Fitbit App
2026-05-20T19:19:00Z,0.0,Fitbit App
2026-05-20T19:20:00Z,0.5073,Fitbit App
2026-05-20T19:21:00Z,0.0,Fitbit App
2026-05-20T19:22:00Z,1.0146,Fitbit App
2026-05-20T19:23:00Z,1.5219000000000003,Fitbit App
2026-05-20T19:24:00Z,1.0146,Fitbit App
2026-05-20T19:25:00Z,0.0,Fitbit App
2026-05-20T19:26:00Z,1.5219000000000003,Fitbit App
2026-05-20T19:27:00Z,1.5219000000000003,Fitbit App
2026-05-20T19:28:00Z,1.26825,Fitbit App
2026-05-20T19:29:00Z,1.26825,Fitbit App
2026-05-20T19:30:00Z,1.77555,Fitbit App
2026-05-20T19:31:00Z,2.0292000000000003,Fitbit App
2026-05-20T19:32:00Z,1.5219000000000003,Fitbit App
2026-05-20T19:33:00Z,3.29745,Fitbit App
2026-05-20T19:34:00Z,1.26825,Fitbit App
2026-05-20T19:35:00Z,1.26825,Fitbit App
2026-05-20T19:36:00Z,0.0,Fitbit App
2026-05-20T19:37:00Z,0.0,Fitbit App
2026-05-20T19:42:00Z,1.0146,Fitbit App
2026-05-20T19:43:00Z,0.7609500000000001,Fitbit App
2026-05-20T19:44:00Z,2.0292000000000003,Fitbit App
2026-05-20T19:45:00Z,0.0,Fitbit App
2026-05-20T19:46:00Z,1.0146,Fitbit App
2026-05-20T19:47:00Z,1.0146,Fitbit App
2026-05-20T19:48:00Z,2.28285,Fitbit App
2026-05-20T19:49:00Z,2.0292000000000003,Fitbit App
2026-05-20T19:50:00Z,0.0,Fitbit App
2026-05-20T19:51:00Z,0.0,Fitbit App
2026-05-20T19:52:00Z,1.77555,Fitbit App
2026-05-20T19:53:00Z,1.77555,Fitbit App
2026-05-20T19:54:00Z,0.7609500000000001,Fitbit App
2026-05-20T19:55:00Z,0.0,Fitbit App
2026-05-20T19:56:00Z,1.26825,Fitbit App
2026-05-20T19:57:00Z,0.0,Fitbit App
2026-05-20T19:58:00Z,1.0146,Fitbit App
2026-05-20T19:59:00Z,0.0,Fitbit App
2026-05-20T20:00:00Z,0.0,Fitbit App
2026-05-20T20:01:00Z,1.5219000000000003,Fitbit App
2026-05-20T20:02:00Z,1.77555,Fitbit App
2026-05-20T20:03:00Z,1.5219000000000003,Fitbit App
2026-05-20T20:04:00Z,1.26825,Fitbit App
2026-05-20T20:05:00Z,0.0,Fitbit App
2026-05-20T20:06:00Z,1.26825,Fitbit App
2026-05-20T20:07:00Z,1.77555,Fitbit App
2026-05-20T20:08:00Z,1.77555,Fitbit App
2026-05-20T20:09:00Z,1.26825,Fitbit App
2026-05-20T20:10:00Z,0.0,Fitbit App
2026-05-20T20:11:00Z,0.0,Fitbit App
2026-05-20T20:12:00Z,0.0,Fitbit App
2026-05-20T20:13:00Z,0.0,Fitbit App
2026-05-20T20:14:00Z,0.0,Fitbit App
2026-05-20T20:15:00Z,2.7901500000000006,Fitbit App
2026-05-20T20:16:00Z,0.0,Fitbit App
2026-05-20T20:17:00Z,0.0,Fitbit App
2026-05-20T20:18:00Z,1.5219000000000003,Fitbit App
2026-05-20T20:19:00Z,1.77555,Fitbit App
2026-05-20T20:20:00Z,2.7901500000000006,Fitbit App
2026-05-20T20:21:00Z,3.0438000000000005,Fitbit App
2026-05-20T20:22:00Z,2.28285,Fitbit App
2026-05-20T20:23:00Z,0.0,Fitbit App
2026-05-20T20:24:00Z,3.5511,Fitbit App
2026-05-20T20:25:00Z,2.5365,Fitbit App
2026-05-20T20:26:00Z,0.0,Fitbit App
2026-05-20T20:27:00Z,0.0,Fitbit App
2026-05-20T20:28:00Z,1.26825,Fitbit App
2026-05-20T20:29:00Z,2.28285,Fitbit App
2026-05-20T20:30:00Z,0.0,Fitbit App
2026-05-20T20:31:00Z,0.0,Fitbit App
2026-05-20T20:32:00Z,2.0292000000000003,Fitbit App
2026-05-20T20:33:00Z,2.28285,Fitbit App
2026-05-20T20:34:00Z,2.28285,Fitbit App
2026-05-20T20:35:00Z,0.0,Fitbit App
2026-05-20T20:36:00Z,0.0,Fitbit App
2026-05-20T20:37:00Z,0.0,Fitbit App
2026-05-20T20:38:00Z,0.0,Fitbit App
2026-05-20T20:39:00Z,0.0,Fitbit App
2026-05-20T20:40:00Z,0.7609500000000001,Fitbit App
2026-05-20T20:41:00Z,1.26825,Fitbit App
2026-05-20T20:42:00Z,0.0,Fitbit App
2026-05-20T20:43:00Z,0.0,Fitbit App
2026-05-20T20:44:00Z,0.0,Fitbit App
2026-05-20T20:45:00Z,0.0,Fitbit App
2026-05-20T20:46:00Z,0.0,Fitbit App
2026-05-20T20:47:00Z,0.0,Fitbit App
2026-05-20T20:48:00Z,0.0,Fitbit App
2026-05-20T20:49:00Z,0.0,Fitbit App
2026-05-20T20:50:00Z,0.0,Fitbit App
2026-05-20T20:51:00Z,0.0,Fitbit App
2026-05-20T20:52:00Z,0.0,Fitbit App
2026-05-20T20:53:00Z,0.0,Fitbit App
2026-05-20T20:54:00Z,0.0,Fitbit App
2026-05-20T20:55:00Z,0.0,Fitbit App
2026-05-20T20:57:00Z,0.0,Fitbit App
2026-05-20T20:58:00Z,0.0,Fitbit App
2026-05-20T20:59:00Z,0.0,Fitbit App
2026-05-20T21:00:00Z,0.0,Fitbit App
2026-05-20T21:01:00Z,0.0,Fitbit App
2026-05-20T21:03:00Z,0.0,Fitbit App
2026-05-20T21:04:00Z,0.0,Fitbit App
2026-05-20T21:05:00Z,0.0,Fitbit App
2026-05-20T21:07:00Z,0.0,Fitbit App
2026-05-20T21:08:00Z,0.0,Fitbit App
2026-05-20T21:09:00Z,0.0,Fitbit App
2026-05-20T21:14:00Z,0.0,Fitbit App
2026-05-20T21:15:00Z,0.0,Fitbit App
2026-05-20T21:16:00Z,0.0,Fitbit App
2026-05-20T21:17:00Z,0.0,Fitbit App
2026-05-20T21:19:00Z,0.0,Fitbit App
2026-05-20T21:29:00Z,0.0,Fitbit App
2026-05-20T21:30:00Z,0.0,Fitbit App
2026-05-20T21:32:00Z,0.0,Fitbit App
2026-05-20T21:34:00Z,0.0,Fitbit App
2026-05-20T21:35:00Z,0.0,Fitbit App
2026-05-20T21:36:00Z,0.5073,Fitbit App
2026-05-20T21:37:00Z,0.0,Fitbit App
2026-05-20T21:38:00Z,1.0146,Fitbit App
2026-05-20T21:39:00Z,0.0,Fitbit App
2026-05-20T21:40:00Z,1.0146,Fitbit App
2026-05-20T21:41:00Z,0.0,Fitbit App
2026-05-20T21:42:00Z,2.7901500000000006,Fitbit App
2026-05-20T21:43:00Z,0.0,Fitbit App
2026-05-20T21:44:00Z,0.0,Fitbit App
2026-05-20T21:45:00Z,0.0,Fitbit App
2026-05-20T21:46:00Z,0.0,Fitbit App
2026-05-20T21:47:00Z,0.7609500000000001,Fitbit App
2026-05-20T21:48:00Z,0.0,Fitbit App
2026-05-20T21:49:00Z,0.0,Fitbit App
2026-05-20T21:50:00Z,0.0,Fitbit App
2026-05-20T21:51:00Z,0.0,Fitbit App
2026-05-20T21:52:00Z,0.0,Fitbit App
2026-05-20T21:53:00Z,0.0,Fitbit App
2026-05-20T21:54:00Z,0.0,Fitbit App
2026-05-20T21:55:00Z,0.0,Fitbit App
2026-05-20T21:56:00Z,0.0,Fitbit App
2026-05-20T21:57:00Z,0.0,Fitbit App
2026-05-20T21:58:00Z,0.0,Fitbit App
2026-05-20T21:59:00Z,1.0146,Fitbit App
2026-05-20T22:01:00Z,0.0,Fitbit App
2026-05-20T22:03:00Z,0.0,Fitbit App
2026-05-20T22:08:00Z,0.0,Fitbit App
2026-05-20T22:09:00Z,1.5219000000000003,Fitbit App
2026-05-20T22:10:00Z,1.77555,Fitbit App
2026-05-20T22:11:00Z,2.0292000000000003,Fitbit App
2026-05-20T22:12:00Z,2.7901500000000006,Fitbit App
2026-05-20T22:13:00Z,2.7901500000000006,Fitbit App
2026-05-20T22:14:00Z,1.5219000000000003,Fitbit App
2026-05-20T22:15:00Z,0.0,Fitbit App
2026-05-20T22:19:00Z,0.0,Fitbit App
2026-05-20T22:23:00Z,0.0,Fitbit App
2026-05-20T22:26:00Z,0.0,Fitbit App
2026-05-20T22:27:00Z,0.0,Fitbit App
2026-05-20T22:28:00Z,0.0,Fitbit App
2026-05-20T22:29:00Z,0.0,Fitbit App
2026-05-20T22:31:00Z,0.7609500000000001,Fitbit App
2026-05-20T22:32:00Z,0.0,Fitbit App
2026-05-20T22:36:00Z,0.0,Fitbit App
2026-05-20T22:39:00Z,0.0,Fitbit App
2026-05-20T22:40:00Z,0.0,Fitbit App
2026-05-20T22:41:00Z,0.0,Fitbit App
2026-05-20T22:48:00Z,0.7609500000000001,Fitbit App
2026-05-20T22:49:00Z,2.28285,Fitbit App
2026-05-20T22:50:00Z,4.81935,Fitbit App
2026-05-20T22:51:00Z,4.312050000000001,Fitbit App
2026-05-20T22:52:00Z,0.5073,Fitbit App
2026-05-20T22:53:00Z,0.7609500000000001,Fitbit App
2026-05-20T22:54:00Z,4.81935,Fitbit App
2026-05-20T22:55:00Z,5.326650000000001,Fitbit App
2026-05-20T22:56:00Z,2.7901500000000006,Fitbit App
2026-05-20T22:57:00Z,0.0,Fitbit App
2026-05-20T22:58:00Z,0.0,Fitbit App
2026-05-20T22:59:00Z,0.0,Fitbit App
2026-05-20T23:00:00Z,0.0,Fitbit App
2026-05-20T23:01:00Z,2.5365,Fitbit App
2026-05-20T23:02:00Z,1.26825,Fitbit App
2026-05-20T23:03:00Z,1.5219000000000003,Fitbit App
2026-05-20T23:04:00Z,1.26825,Fitbit App
2026-05-20T23:05:00Z,0.7609500000000001,Fitbit App
2026-05-20T23:06:00Z,1.26825,Fitbit App
2026-05-20T23:07:00Z,1.5219000000000003,Fitbit App
2026-05-20T23:08:00Z,1.5219000000000003,Fitbit App
2026-05-20T23:09:00Z,2.0292000000000003,Fitbit App
2026-05-20T23:10:00Z,2.0292000000000003,Fitbit App
2026-05-20T23:11:00Z,2.0292000000000003,Fitbit App
2026-05-20T23:12:00Z,2.7901500000000006,Fitbit App
2026-05-20T23:13:00Z,2.28285,Fitbit App
2026-05-20T23:14:00Z,0.0,Fitbit App
2026-05-20T23:15:00Z,0.0,Fitbit App
2026-05-20T23:16:00Z,1.5219000000000003,Fitbit App
2026-05-20T23:17:00Z,2.0292000000000003,Fitbit App
2026-05-20T23:18:00Z,1.26825,Fitbit App
2026-05-20T23:19:00Z,1.0146,Fitbit App
2026-05-20T23:41:00Z,0.0,Fitbit App
2026-05-20T23:47:00Z,0.0,Fitbit App
2026-05-20T23:48:00Z,0.0,Fitbit App
2026-05-20T23:50:00Z,0.0,Fitbit App
2026-05-21T00:02:00Z,0.0,Fitbit App
2026-05-21T00:03:00Z,0.0,Fitbit App
2026-05-21T00:04:00Z,0.0,Fitbit App
2026-05-21T00:06:00Z,0.0,Fitbit App
2026-05-21T00:13:00Z,0.0,Fitbit App
2026-05-21T00:16:00Z,0.0,Fitbit App
2026-05-21T00:33:00Z,0.7609500000000001,Fitbit App
2026-05-21T00:41:00Z,0.0,Fitbit App
2026-05-21T00:42:00Z,0.0,Fitbit App
2026-05-21T00:54:00Z,0.0,Fitbit App
2026-05-21T00:55:00Z,0.0,Fitbit App
2026-05-21T00:58:00Z,0.0,Fitbit App
2026-05-21T01:01:00Z,0.0,Fitbit App
2026-05-21T01:12:00Z,0.0,Fitbit App
2026-05-21T01:23:00Z,0.7609500000000001,Fitbit App
2026-05-21T01:24:00Z,1.0146,Fitbit App
2026-05-21T01:25:00Z,0.0,Fitbit App
2026-05-21T01:26:00Z,2.7901500000000006,Fitbit App
2026-05-21T01:27:00Z,1.26825,Fitbit App
2026-05-21T01:40:00Z,0.0,Fitbit App
2026-05-21T01:44:00Z,0.5073,Fitbit App
2026-05-21T01:56:00Z,0.0,Fitbit App
2026-05-21T02:41:00Z,0.0,Fitbit App
2026-05-21T04:00:00Z,0.0,Fitbit App
2026-05-21T04:36:00Z,0.0,Fitbit App
2026-05-21T04:53:00Z,0.0,Fitbit App
2026-05-21T05:07:00Z,0.0,Fitbit App
2026-05-21T05:30:00Z,0.0,Fitbit App
2026-05-21T05:49:00Z,0.0,Fitbit App
2026-05-21T05:56:00Z,0.0,Fitbit App
2026-05-21T06:00:00Z,0.0,Fitbit App
2026-05-21T06:09:00Z,0.0,Fitbit App
2026-05-21T06:10:00Z,0.0,Fitbit App
2026-05-21T06:25:00Z,0.0,Fitbit App
2026-05-21T06:26:00Z,0.7609500000000001,Fitbit App
2026-05-21T06:27:00Z,0.0,Fitbit App
2026-05-21T06:29:00Z,1.5219000000000003,Fitbit App
2026-05-21T06:30:00Z,0.5073,Fitbit App
2026-05-21T06:31:00Z,0.0,Fitbit App
2026-05-21T06:32:00Z,1.5219000000000003,Fitbit App
2026-05-21T06:33:00Z,1.5219000000000003,Fitbit App
2026-05-21T06:34:00Z,1.77555,Fitbit App
2026-05-21T06:35:00Z,2.28285,Fitbit App
2026-05-21T06:36:00Z,5.073,Fitbit App
2026-05-21T06:37:00Z,0.0,Fitbit App
2026-05-21T06:38:00Z,1.26825,Fitbit App
2026-05-21T06:39:00Z,1.0146,Fitbit App
2026-05-21T06:40:00Z,4.058400000000001,Fitbit App
2026-05-21T06:41:00Z,4.312050000000001,Fitbit App
2026-05-21T06:42:00Z,1.26825,Fitbit App
2026-05-21T06:43:00Z,1.26825,Fitbit App
2026-05-21T06:44:00Z,0.0,Fitbit App
2026-05-21T06:45:00Z,1.77555,Fitbit App
2026-05-21T06:46:00Z,2.28285,Fitbit App
2026-05-21T06:47:00Z,1.5219000000000003,Fitbit App
2026-05-21T06:48:00Z,2.28285,Fitbit App
2026-05-21T06:49:00Z,2.7901500000000006,Fitbit App
2026-05-21T06:50:00Z,1.77555,Fitbit App
2026-05-21T06:51:00Z,2.0292000000000003,Fitbit App
2026-05-21T06:52:00Z,1.0146,Fitbit App
2026-05-21T06:53:00Z,2.7901500000000006,Fitbit App
2026-05-21T06:54:00Z,2.0292000000000003,Fitbit App
2026-05-21T06:55:00Z,2.28285,Fitbit App
2026-05-21T06:56:00Z,1.26825,Fitbit App
2026-05-21T06:57:00Z,0.7609500000000001,Fitbit App
2026-05-21T06:58:00Z,1.5219000000000003,Fitbit App
2026-05-21T06:59:00Z,1.77555,Fitbit App
2026-05-21T07:00:00Z,0.7609500000000001,Fitbit App
2026-05-21T07:01:00Z,2.0292000000000003,Fitbit App
2026-05-21T07:02:00Z,2.0292000000000003,Fitbit App
2026-05-21T07:03:00Z,4.312050000000001,Fitbit App
2026-05-21T07:04:00Z,4.5657,Fitbit App
2026-05-21T07:05:00Z,3.29745,Fitbit App
2026-05-21T07:06:00Z,5.326650000000001,Fitbit App
2026-05-21T07:07:00Z,5.580300000000001,Fitbit App
2026-05-21T07:08:00Z,5.580300000000001,Fitbit App
2026-05-21T07:09:00Z,4.81935,Fitbit App
2026-05-21T07:10:00Z,5.580300000000001,Fitbit App
2026-05-21T07:11:00Z,5.073,Fitbit App
2026-05-21T07:12:00Z,6.0876,Fitbit App
2026-05-21T07:13:00Z,6.594900000000001,Fitbit App
2026-05-21T07:14:00Z,5.326650000000001,Fitbit App
2026-05-21T07:15:00Z,2.0292000000000003,Fitbit App
2026-05-21T07:16:00Z,0.0,Fitbit App
2026-05-21T07:17:00Z,0.0,Fitbit App
2026-05-21T07:18:00Z,0.7609500000000001,Fitbit App
2026-05-21T07:19:00Z,1.0146,Fitbit App
2026-05-21T07:20:00Z,0.0,Fitbit App
2026-05-21T07:21:00Z,0.0,Fitbit App
2026-05-21T07:22:00Z,0.0,Fitbit App
2026-05-21T07:23:00Z,0.0,Fitbit App
2026-05-21T07:24:00Z,0.0,Fitbit App
2026-05-21T07:25:00Z,0.0,Fitbit App
2026-05-21T07:26:00Z,0.0,Fitbit App
2026-05-21T07:27:00Z,0.0,Fitbit App
2026-05-21T07:28:00Z,0.0,Fitbit App
2026-05-21T07:29:00Z,0.0,Fitbit App
2026-05-21T07:30:00Z,0.0,Fitbit App
2026-05-21T07:31:00Z,0.0,Fitbit App
2026-05-21T07:32:00Z,0.0,Fitbit App
2026-05-21T07:33:00Z,0.0,Fitbit App
2026-05-21T07:35:00Z,0.0,Fitbit App
2026-05-21T07:36:00Z,0.0,Fitbit App
2026-05-21T07:37:00Z,0.0,Fitbit App
2026-05-21T07:38:00Z,0.0,Fitbit App
2026-05-21T07:39:00Z,0.0,Fitbit App
2026-05-21T07:40:00Z,0.0,Fitbit App
2026-05-21T07:41:00Z,0.0,Fitbit App
2026-05-21T07:42:00Z,0.0,Fitbit App
2026-05-21T07:43:00Z,0.0,Fitbit App
2026-05-21T07:44:00Z,0.0,Fitbit App
2026-05-21T07:45:00Z,0.0,Fitbit App
2026-05-21T07:46:00Z,0.0,Fitbit App
2026-05-21T07:47:00Z,0.0,Fitbit App
2026-05-21T07:48:00Z,0.0,Fitbit App
2026-05-21T07:51:00Z,0.0,Fitbit App
2026-05-21T07:52:00Z,0.0,Fitbit App
2026-05-21T07:53:00Z,0.0,Fitbit App
2026-05-21T07:54:00Z,0.0,Fitbit App
2026-05-21T07:55:00Z,0.0,Fitbit App
2026-05-21T07:56:00Z,0.0,Fitbit App
2026-05-21T07:57:00Z,0.0,Fitbit App
2026-05-21T07:58:00Z,1.0146,Fitbit App
2026-05-21T07:59:00Z,4.312050000000001,Fitbit App
2026-05-21T08:00:00Z,4.81935,Fitbit App
2026-05-21T08:01:00Z,4.81935,Fitbit App
2026-05-21T08:02:00Z,3.8047500000000003,Fitbit App
2026-05-21T08:03:00Z,2.5365,Fitbit App
2026-05-21T08:04:00Z,0.0,Fitbit App
2026-05-21T08:09:00Z,0.0,Fitbit App
2026-05-21T08:13:00Z,0.0,Fitbit App
2026-05-21T08:14:00Z,0.0,Fitbit App
2026-05-21T08:15:00Z,0.7609500000000001,Fitbit App
2026-05-21T08:16:00Z,0.0,Fitbit App
2026-05-21T08:17:00Z,0.0,Fitbit App
2026-05-21T08:18:00Z,0.0,Fitbit App
2026-05-21T08:19:00Z,0.0,Fitbit App
2026-05-21T08:20:00Z,0.0,Fitbit App
2026-05-21T08:21:00Z,0.0,Fitbit App
2026-05-21T08:22:00Z,0.0,Fitbit App
2026-05-21T08:23:00Z,0.0,Fitbit App
2026-05-21T08:24:00Z,0.0,Fitbit App
2026-05-21T08:25:00Z,0.0,Fitbit App
2026-05-21T08:26:00Z,1.0146,Fitbit App
2026-05-21T08:27:00Z,1.5219000000000003,Fitbit App
2026-05-21T08:28:00Z,5.580300000000001,Fitbit App
2026-05-21T08:29:00Z,5.580300000000001,Fitbit App
2026-05-21T08:30:00Z,3.29745,Fitbit App
2026-05-21T08:31:00Z,0.0,Fitbit App
2026-05-21T08:32:00Z,0.0,Fitbit App
2026-05-21T08:33:00Z,0.0,Fitbit App
2026-05-21T08:34:00Z,1.26825,Fitbit App
2026-05-21T08:35:00Z,1.0146,Fitbit App
2026-05-21T08:36:00Z,1.26825,Fitbit App
2026-05-21T08:37:00Z,0.0,Fitbit App
2026-05-21T08:38:00Z,0.0,Fitbit App
2026-05-21T08:39:00Z,0.0,Fitbit App
2026-05-21T08:40:00Z,1.0146,Fitbit App
2026-05-21T08:41:00Z,0.0,Fitbit App
2026-05-21T08:42:00Z,0.0,Fitbit App
2026-05-21T08:43:00Z,1.26825,Fitbit App
2026-05-21T08:44:00Z,2.0292000000000003,Fitbit App
2026-05-21T08:45:00Z,0.0,Fitbit App
2026-05-21T08:46:00Z,0.0,Fitbit App
2026-05-21T08:47:00Z,0.0,Fitbit App
2026-05-21T08:48:00Z,0.5073,Fitbit App
2026-05-21T08:49:00Z,0.0,Fitbit App
2026-05-21T08:50:00Z,0.0,Fitbit App
2026-05-21T08:51:00Z,0.0,Fitbit App
2026-05-21T08:52:00Z,0.0,Fitbit App
2026-05-21T08:53:00Z,0.0,Fitbit App
2026-05-21T08:54:00Z,1.0146,Fitbit App
2026-05-21T08:55:00Z,0.0,Fitbit App
2026-05-21T08:56:00Z,0.0,Fitbit App
2026-05-21T08:57:00Z,0.0,Fitbit App
2026-05-21T08:58:00Z,0.0,Fitbit App
2026-05-21T08:59:00Z,0.7609500000000001,Fitbit App
2026-05-21T09:00:00Z,0.7609500000000001,Fitbit App
2026-05-21T09:01:00Z,0.0,Fitbit App
2026-05-21T09:02:00Z,0.0,Fitbit App
2026-05-21T09:03:00Z,0.0,Fitbit App
2026-05-21T09:04:00Z,1.0146,Fitbit App
2026-05-21T09:05:00Z,1.26825,Fitbit App
2026-05-21T09:06:00Z,0.0,Fitbit App
2026-05-21T09:07:00Z,0.0,Fitbit App
2026-05-21T09:08:00Z,0.0,Fitbit App
2026-05-21T09:12:00Z,0.0,Fitbit App
2026-05-21T09:13:00Z,0.0,Fitbit App
2026-05-21T09:14:00Z,0.0,Fitbit App
2026-05-21T09:15:00Z,0.0,Fitbit App
2026-05-21T09:16:00Z,0.0,Fitbit App
2026-05-21T09:17:00Z,0.0,Fitbit App
2026-05-21T09:18:00Z,0.0,Fitbit App
2026-05-21T09:19:00Z,0.0,Fitbit App
2026-05-21T09:20:00Z,0.0,Fitbit App
2026-05-21T09:22:00Z,1.0146,Fitbit App
2026-05-21T09:23:00Z,0.0,Fitbit App
2026-05-21T09:24:00Z,0.0,Fitbit App
2026-05-21T09:25:00Z,0.0,Fitbit App
2026-05-21T09:26:00Z,0.0,Fitbit App
2026-05-21T09:27:00Z,0.0,Fitbit App
2026-05-21T09:28:00Z,0.0,Fitbit App
2026-05-21T09:29:00Z,0.0,Fitbit App
2026-05-21T09:30:00Z,0.7609500000000001,Fitbit App
2026-05-21T09:31:00Z,0.0,Fitbit App
2026-05-21T09:32:00Z,0.0,Fitbit App
2026-05-21T09:33:00Z,0.0,Fitbit App
2026-05-21T09:34:00Z,0.0,Fitbit App
2026-05-21T09:35:00Z,0.7609500000000001,Fitbit App
2026-05-21T09:36:00Z,0.0,Fitbit App
2026-05-21T09:37:00Z,1.0146,Fitbit App
2026-05-21T09:38:00Z,1.77555,Fitbit App
2026-05-21T09:39:00Z,2.28285,Fitbit App
2026-05-21T09:40:00Z,3.29745,Fitbit App
2026-05-21T09:41:00Z,3.8047500000000003,Fitbit App
2026-05-21T09:42:00Z,4.312050000000001,Fitbit App
2026-05-21T09:43:00Z,5.073,Fitbit App
2026-05-21T09:44:00Z,4.5657,Fitbit App
2026-05-21T09:45:00Z,3.8047500000000003,Fitbit App
2026-05-21T09:46:00Z,4.312050000000001,Fitbit App
2026-05-21T09:47:00Z,4.058400000000001,Fitbit App
2026-05-21T09:48:00Z,5.83395,Fitbit App
2026-05-21T09:49:00Z,5.073,Fitbit App
2026-05-21T09:50:00Z,3.29745,Fitbit App
2026-05-21T09:51:00Z,3.5511,Fitbit App
2026-05-21T09:52:00Z,3.0438000000000005,Fitbit App
2026-05-21T09:53:00Z,2.7901500000000006,Fitbit App
2026-05-21T09:54:00Z,3.0438000000000005,Fitbit App
2026-05-21T09:55:00Z,2.5365,Fitbit App
2026-05-21T09:56:00Z,3.5511,Fitbit App
2026-05-21T09:57:00Z,1.77555,Fitbit App
2026-05-21T09:58:00Z,0.0,Fitbit App
2026-05-21T09:59:00Z,0.0,Fitbit App
2026-05-21T10:00:00Z,0.0,Fitbit App
2026-05-21T10:01:00Z,0.0,Fitbit App
2026-05-21T10:02:00Z,0.0,Fitbit App
2026-05-21T10:03:00Z,0.0,Fitbit App
2026-05-21T10:04:00Z,0.0,Fitbit App
2026-05-21T10:05:00Z,0.0,Fitbit App
2026-05-21T10:06:00Z,1.77555,Fitbit App
2026-05-21T10:07:00Z,1.0146,Fitbit App
2026-05-21T10:08:00Z,0.0,Fitbit App
2026-05-21T10:09:00Z,0.0,Fitbit App
2026-05-21T10:10:00Z,0.0,Fitbit App
2026-05-21T10:11:00Z,0.0,Fitbit App
2026-05-21T10:12:00Z,0.0,Fitbit App
2026-05-21T10:13:00Z,0.0,Fitbit App
2026-05-21T10:14:00Z,0.0,Fitbit App
2026-05-21T10:15:00Z,0.0,Fitbit App
2026-05-21T10:16:00Z,0.0,Fitbit App
2026-05-21T10:17:00Z,0.0,Fitbit App
2026-05-21T10:18:00Z,0.0,Fitbit App
2026-05-21T10:19:00Z,0.0,Fitbit App
2026-05-21T10:20:00Z,1.77555,Fitbit App
2026-05-21T10:21:00Z,1.77555,Fitbit App
2026-05-21T10:22:00Z,2.5365,Fitbit App
2026-05-21T10:23:00Z,0.0,Fitbit App
2026-05-21T10:24:00Z,1.26825,Fitbit App
2026-05-21T10:25:00Z,0.0,Fitbit App
2026-05-21T10:26:00Z,0.0,Fitbit App
2026-05-21T10:28:00Z,0.0,Fitbit App
2026-05-21T10:29:00Z,0.0,Fitbit App
2026-05-21T10:31:00Z,0.0,Fitbit App
2026-05-21T10:33:00Z,0.0,Fitbit App
2026-05-21T10:35:00Z,0.0,Fitbit App
2026-05-21T10:36:00Z,0.0,Fitbit App
2026-05-21T10:38:00Z,0.0,Fitbit App
2026-05-21T10:39:00Z,0.0,Fitbit App
2026-05-21T10:40:00Z,0.0,Fitbit App
2026-05-21T10:41:00Z,0.0,Fitbit App
2026-05-21T10:42:00Z,0.0,Fitbit App
2026-05-21T10:43:00Z,0.0,Fitbit App
2026-05-21T10:44:00Z,0.0,Fitbit App
2026-05-21T10:45:00Z,0.0,Fitbit App
2026-05-21T10:47:00Z,0.0,Fitbit App
2026-05-21T10:49:00Z,0.7609500000000001,Fitbit App
2026-05-21T10:50:00Z,0.0,Fitbit App
2026-05-21T10:51:00Z,0.0,Fitbit App
2026-05-21T10:52:00Z,0.0,Fitbit App
2026-05-21T10:54:00Z,0.0,Fitbit App
2026-05-21T10:55:00Z,0.0,Fitbit App
2026-05-21T10:56:00Z,0.0,Fitbit App
2026-05-21T10:58:00Z,0.0,Fitbit App
2026-05-21T10:59:00Z,0.0,Fitbit App
2026-05-21T11:00:00Z,0.0,Fitbit App
2026-05-21T11:01:00Z,0.7609500000000001,Fitbit App
2026-05-21T11:02:00Z,0.0,Fitbit App
2026-05-21T11:03:00Z,0.0,Fitbit App
2026-05-21T11:12:00Z,0.0,Fitbit App
2026-05-21T11:13:00Z,1.77555,Fitbit App
2026-05-21T11:14:00Z,2.5365,Fitbit App
2026-05-21T11:15:00Z,4.81935,Fitbit App
2026-05-21T11:16:00Z,4.81935,Fitbit App
2026-05-21T11:17:00Z,5.073,Fitbit App
2026-05-21T11:18:00Z,4.81935,Fitbit App
2026-05-21T11:19:00Z,4.5657,Fitbit App
2026-05-21T11:20:00Z,4.5657,Fitbit App
2026-05-21T11:21:00Z,4.312050000000001,Fitbit App
2026-05-21T11:22:00Z,4.5657,Fitbit App
2026-05-21T11:23:00Z,4.81935,Fitbit App
2026-05-21T11:24:00Z,4.81935,Fitbit App
2026-05-21T11:25:00Z,3.0438000000000005,Fitbit App
2026-05-21T11:26:00Z,2.28285,Fitbit App
2026-05-21T11:27:00Z,1.77555,Fitbit App
2026-05-21T11:28:00Z,2.0292000000000003,Fitbit App
2026-05-21T11:29:00Z,4.058400000000001,Fitbit App
2026-05-21T11:30:00Z,4.5657,Fitbit App
2026-05-21T11:31:00Z,3.0438000000000005,Fitbit App
2026-05-21T11:32:00Z,0.0,Fitbit App
2026-05-21T11:33:00Z,1.26825,Fitbit App
2026-05-21T11:34:00Z,2.7901500000000006,Fitbit App
2026-05-21T11:35:00Z,2.0292000000000003,Fitbit App
2026-05-21T11:36:00Z,4.058400000000001,Fitbit App
2026-05-21T11:37:00Z,2.7901500000000006,Fitbit App
2026-05-21T11:38:00Z,0.0,Fitbit App
2026-05-21T11:39:00Z,2.0292000000000003,Fitbit App
2026-05-21T11:40:00Z,4.5657,Fitbit App
2026-05-21T11:41:00Z,5.073,Fitbit App
2026-05-21T11:42:00Z,5.073,Fitbit App
2026-05-21T11:43:00Z,5.073,Fitbit App
2026-05-21T11:44:00Z,4.81935,Fitbit App
2026-05-21T11:45:00Z,4.5657,Fitbit App
2026-05-21T11:46:00Z,4.5657,Fitbit App
2026-05-21T11:47:00Z,4.312050000000001,Fitbit App
2026-05-21T11:48:00Z,4.5657,Fitbit App
2026-05-21T11:49:00Z,6.3412500000000005,Fitbit App
2026-05-21T11:50:00Z,4.5657,Fitbit App
2026-05-21T11:51:00Z,4.312050000000001,Fitbit App
2026-05-21T11:52:00Z,1.5219000000000003,Fitbit App
2026-05-21T11:53:00Z,0.0,Fitbit App
2026-05-21T11:54:00Z,0.0,Fitbit App
2026-05-21T11:55:00Z,0.0,Fitbit App
2026-05-21T11:56:00Z,1.26825,Fitbit App
2026-05-21T11:57:00Z,0.0,Fitbit App
2026-05-21T11:58:00Z,1.26825,Fitbit App
2026-05-21T11:59:00Z,1.26825,Fitbit App
2026-05-21T12:00:00Z,0.7609500000000001,Fitbit App
2026-05-21T12:01:00Z,0.5073,Fitbit App
2026-05-21T12:02:00Z,0.0,Fitbit App
2026-05-21T12:03:00Z,1.77555,Fitbit App
2026-05-21T12:04:00Z,0.0,Fitbit App
2026-05-21T12:05:00Z,0.0,Fitbit App
2026-05-21T12:06:00Z,0.0,Fitbit App
2026-05-21T12:07:00Z,0.0,Fitbit App
2026-05-21T12:08:00Z,0.0,Fitbit App
2026-05-21T12:09:00Z,0.0,Fitbit App
2026-05-21T12:10:00Z,0.0,Fitbit App
2026-05-21T12:12:00Z,0.0,Fitbit App
2026-05-21T12:14:00Z,0.0,Fitbit App
2026-05-21T12:15:00Z,0.0,Fitbit App
2026-05-21T12:18:00Z,0.0,Fitbit App
2026-05-21T12:19:00Z,0.0,Fitbit App
2026-05-21T12:25:00Z,0.0,Fitbit App
2026-05-21T12:26:00Z,0.0,Fitbit App
2026-05-21T12:29:00Z,0.0,Fitbit App
2026-05-21T12:30:00Z,0.7609500000000001,Fitbit App
2026-05-21T12:31:00Z,1.26825,Fitbit App
2026-05-21T12:32:00Z,1.0146,Fitbit App
2026-05-21T12:33:00Z,1.5219000000000003,Fitbit App
2026-05-21T12:34:00Z,2.5365,Fitbit App
2026-05-21T12:35:00Z,0.0,Fitbit App
2026-05-21T12:36:00Z,2.0292000000000003,Fitbit App
2026-05-21T12:37:00Z,2.0292000000000003,Fitbit App
2026-05-21T12:38:00Z,1.26825,Fitbit App
2026-05-21T12:39:00Z,1.77555,Fitbit App
2026-05-21T12:40:00Z,1.0146,Fitbit App
2026-05-21T12:41:00Z,1.0146,Fitbit App
2026-05-21T12:42:00Z,0.0,Fitbit App
2026-05-21T12:43:00Z,0.0,Fitbit App
2026-05-21T12:44:00Z,0.7609500000000001,Fitbit App
2026-05-21T12:45:00Z,2.28285,Fitbit App
2026-05-21T12:46:00Z,5.073,Fitbit App
2026-05-21T12:47:00Z,1.5219000000000003,Fitbit App
2026-05-21T12:48:00Z,1.77555,Fitbit App
2026-05-21T12:49:00Z,0.0,Fitbit App
2026-05-21T12:50:00Z,0.0,Fitbit App
2026-05-21T12:51:00Z,0.0,Fitbit App
2026-05-21T12:52:00Z,0.0,Fitbit App
2026-05-21T12:53:00Z,0.0,Fitbit App
2026-05-21T12:54:00Z,0.0,Fitbit App
2026-05-21T12:57:00Z,0.0,Fitbit App
2026-05-21T12:58:00Z,0.0,Fitbit App
2026-05-21T12:59:00Z,2.7901500000000006,Fitbit App
2026-05-21T13:00:00Z,4.058400000000001,Fitbit App
2026-05-21T13:01:00Z,1.26825,Fitbit App
2026-05-21T13:02:00Z,0.0,Fitbit App
2026-05-21T13:03:00Z,0.0,Fitbit App
2026-05-21T13:04:00Z,0.0,Fitbit App
2026-05-21T13:05:00Z,1.77555,Fitbit App
2026-05-21T13:06:00Z,5.580300000000001,Fitbit App
2026-05-21T13:07:00Z,5.326650000000001,Fitbit App
2026-05-21T13:08:00Z,5.073,Fitbit App
2026-05-21T13:09:00Z,5.073,Fitbit App
2026-05-21T13:10:00Z,4.81935,Fitbit App
2026-05-21T13:11:00Z,1.5219000000000003,Fitbit App
2026-05-21T13:12:00Z,2.28285,Fitbit App
2026-05-21T13:13:00Z,0.0,Fitbit App
2026-05-21T13:14:00Z,0.0,Fitbit App
2026-05-21T13:15:00Z,2.0292000000000003,Fitbit App
2026-05-21T13:16:00Z,0.0,Fitbit App
2026-05-21T13:17:00Z,2.28285,Fitbit App
2026-05-21T13:18:00Z,1.77555,Fitbit App
2026-05-21T13:19:00Z,2.0292000000000003,Fitbit App
2026-05-21T13:20:00Z,2.0292000000000003,Fitbit App
2026-05-21T13:21:00Z,2.5365,Fitbit App
2026-05-21T13:22:00Z,2.5365,Fitbit App
2026-05-21T13:23:00Z,1.77555,Fitbit App
2026-05-21T13:24:00Z,1.26825,Fitbit App
2026-05-21T13:25:00Z,3.5511,Fitbit App
2026-05-21T13:26:00Z,5.326650000000001,Fitbit App
2026-05-21T13:27:00Z,5.073,Fitbit App
2026-05-21T13:28:00Z,5.073,Fitbit App
2026-05-21T13:29:00Z,5.326650000000001,Fitbit App
2026-05-21T13:30:00Z,4.312050000000001,Fitbit App
2026-05-21T13:31:00Z,3.8047500000000003,Fitbit App
2026-05-21T13:32:00Z,0.0,Fitbit App
2026-05-21T13:33:00Z,3.29745,Fitbit App
2026-05-21T13:34:00Z,3.5511,Fitbit App
2026-05-21T13:35:00Z,3.0438000000000005,Fitbit App
2026-05-21T13:36:00Z,3.5511,Fitbit App
2026-05-21T13:37:00Z,3.0438000000000005,Fitbit App
2026-05-21T13:38:00Z,3.29745,Fitbit App
2026-05-21T13:39:00Z,2.28285,Fitbit App
2026-05-21T13:40:00Z,2.5365,Fitbit App
2026-05-21T13:41:00Z,2.5365,Fitbit App
2026-05-21T13:42:00Z,2.0292000000000003,Fitbit App
2026-05-21T13:43:00Z,2.7901500000000006,Fitbit App
2026-05-21T13:44:00Z,2.5365,Fitbit App
2026-05-21T13:45:00Z,2.28285,Fitbit App
2026-05-21T13:46:00Z,2.5365,Fitbit App
2026-05-21T13:47:00Z,2.7901500000000006,Fitbit App
2026-05-21T13:48:00Z,3.0438000000000005,Fitbit App
2026-05-21T13:49:00Z,3.0438000000000005,Fitbit App
2026-05-21T13:50:00Z,3.29745,Fitbit App
2026-05-21T13:51:00Z,3.29745,Fitbit App
2026-05-21T13:52:00Z,3.0438000000000005,Fitbit App
2026-05-21T13:53:00Z,2.0292000000000003,Fitbit App
2026-05-21T13:54:00Z,2.7901500000000006,Fitbit App
2026-05-21T13:55:00Z,1.648725,Fitbit App
2026-05-21T13:56:00Z,2.5365,Fitbit App
2026-05-21T13:57:00Z,0.0,Fitbit App
2026-05-21T13:58:00Z,0.0,Fitbit App
2026-05-21T13:59:00Z,2.7901500000000006,Fitbit App
2026-05-21T14:00:00Z,2.28285,Fitbit App
2026-05-21T14:01:00Z,0.0,Fitbit App
2026-05-21T14:02:00Z,2.7901500000000006,Fitbit App
2026-05-21T14:03:00Z,2.5365,Fitbit App
2026-05-21T14:04:00Z,3.0438000000000005,Fitbit App
2026-05-21T14:05:00Z,2.7901500000000006,Fitbit App
2026-05-21T14:06:00Z,2.5365,Fitbit App
2026-05-21T14:07:00Z,2.5365,Fitbit App
2026-05-21T14:08:00Z,2.7901500000000006,Fitbit App
2026-05-21T14:09:00Z,2.7901500000000006,Fitbit App
2026-05-21T14:10:00Z,0.0,Fitbit App
2026-05-21T14:11:00Z,0.0,Fitbit App
2026-05-21T14:12:00Z,0.0,Fitbit App
2026-05-21T14:13:00Z,3.29745,Fitbit App
2026-05-21T14:14:00Z,2.5365,Fitbit App
2026-05-21T14:15:00Z,0.7609500000000001,Fitbit App
2026-05-21T14:16:00Z,1.77555,Fitbit App
2026-05-21T14:17:00Z,0.0,Fitbit App
2026-05-21T14:18:00Z,0.0,Fitbit App
2026-05-21T14:19:00Z,0.0,Fitbit App
2026-05-21T14:20:00Z,0.0,Fitbit App
2026-05-21T14:21:00Z,0.0,Fitbit App
2026-05-21T14:22:00Z,1.77555,Fitbit App
2026-05-21T14:23:00Z,2.28285,Fitbit App
2026-05-21T14:24:00Z,0.0,Fitbit App
2026-05-21T14:25:00Z,2.28285,Fitbit App
2026-05-21T14:26:00Z,0.0,Fitbit App
2026-05-21T14:27:00Z,0.0,Fitbit App
2026-05-21T14:28:00Z,2.0292000000000003,Fitbit App
2026-05-21T14:29:00Z,2.28285,Fitbit App
2026-05-21T14:30:00Z,0.0,Fitbit App
2026-05-21T14:31:00Z,0.0,Fitbit App
2026-05-21T14:32:00Z,2.28285,Fitbit App
2026-05-21T14:33:00Z,0.0,Fitbit App
2026-05-21T14:34:00Z,2.7901500000000006,Fitbit App
2026-05-21T14:35:00Z,5.326650000000001,Fitbit App
2026-05-21T14:36:00Z,4.5657,Fitbit App
2026-05-21T14:37:00Z,2.0292000000000003,Fitbit App
2026-05-21T14:38:00Z,2.0292000000000003,Fitbit App
2026-05-21T14:39:00Z,1.77555,Fitbit App
2026-05-21T14:40:00Z,4.5657,Fitbit App
2026-05-21T14:41:00Z,4.312050000000001,Fitbit App
2026-05-21T14:42:00Z,5.073,Fitbit App
2026-05-21T14:43:00Z,5.073,Fitbit App
2026-05-21T14:44:00Z,4.81935,Fitbit App
2026-05-21T14:45:00Z,2.28285,Fitbit App
2026-05-21T14:46:00Z,0.0,Fitbit App
2026-05-21T14:47:00Z,0.0,Fitbit App
2026-05-21T14:48:00Z,0.0,Fitbit App
2026-05-21T14:49:00Z,0.0,Fitbit App
2026-05-21T14:50:00Z,0.0,Fitbit App
2026-05-21T14:51:00Z,0.0,Fitbit App
2026-05-21T14:52:00Z,1.5219000000000003,Fitbit App
2026-05-21T14:53:00Z,0.5073,Fitbit App
2026-05-21T14:54:00Z,0.0,Fitbit App
2026-05-21T14:55:00Z,0.0,Fitbit App
2026-05-21T14:56:00Z,0.0,Fitbit App
2026-05-21T14:57:00Z,0.0,Fitbit App
2026-05-21T14:58:00Z,0.0,Fitbit App
2026-05-21T14:59:00Z,0.0,Fitbit App
2026-05-21T15:01:00Z,0.0,Fitbit App
2026-05-21T15:02:00Z,0.0,Fitbit App
2026-05-21T15:03:00Z,0.0,Fitbit App
2026-05-21T15:04:00Z,0.0,Fitbit App
2026-05-21T15:05:00Z,0.0,Fitbit App
2026-05-21T15:06:00Z,0.0,Fitbit App
2026-05-21T15:07:00Z,0.0,Fitbit App
2026-05-21T15:10:00Z,0.7609500000000001,Fitbit App
2026-05-21T15:11:00Z,0.0,Fitbit App
2026-05-21T15:12:00Z,4.5657,Fitbit App
2026-05-21T15:13:00Z,5.073,Fitbit App
2026-05-21T15:14:00Z,4.81935,Fitbit App
2026-05-21T15:15:00Z,1.26825,Fitbit App
2026-05-21T15:16:00Z,0.0,Fitbit App
2026-05-21T15:17:00Z,0.0,Fitbit App
2026-05-21T15:18:00Z,0.0,Fitbit App
2026-05-21T15:19:00Z,0.0,Fitbit App
2026-05-21T15:20:00Z,0.0,Fitbit App
2026-05-21T15:21:00Z,0.0,Fitbit App
2026-05-21T15:22:00Z,0.0,Fitbit App
2026-05-21T15:23:00Z,0.0,Fitbit App
2026-05-21T15:24:00Z,0.0,Fitbit App
2026-05-21T15:25:00Z,0.0,Fitbit App
2026-05-21T15:26:00Z,0.0,Fitbit App
2026-05-21T15:27:00Z,0.0,Fitbit App
2026-05-21T15:28:00Z,0.0,Fitbit App
2026-05-21T15:29:00Z,0.0,Fitbit App
2026-05-21T15:30:00Z,0.0,Fitbit App
2026-05-21T15:31:00Z,0.0,Fitbit App
2026-05-21T15:32:00Z,0.0,Fitbit App
2026-05-21T15:33:00Z,0.0,Fitbit App
2026-05-21T15:34:00Z,0.0,Fitbit App
2026-05-21T15:35:00Z,0.7609500000000001,Fitbit App
2026-05-21T15:36:00Z,1.0146,Fitbit App
2026-05-21T15:37:00Z,0.0,Fitbit App
2026-05-21T15:38:00Z,0.0,Fitbit App
2026-05-21T15:39:00Z,0.0,Fitbit App
2026-05-21T15:40:00Z,0.0,Fitbit App
2026-05-21T15:41:00Z,0.0,Fitbit App
2026-05-21T15:42:00Z,0.0,Fitbit App
2026-05-21T15:43:00Z,0.0,Fitbit App
2026-05-21T15:44:00Z,0.0,Fitbit App
2026-05-21T15:45:00Z,0.0,Fitbit App
2026-05-21T15:46:00Z,0.0,Fitbit App
2026-05-21T15:47:00Z,0.0,Fitbit App
2026-05-21T15:48:00Z,0.0,Fitbit App
2026-05-21T15:49:00Z,0.0,Fitbit App
2026-05-21T15:50:00Z,0.0,Fitbit App
2026-05-21T15:51:00Z,0.0,Fitbit App
2026-05-21T15:52:00Z,0.0,Fitbit App
2026-05-21T15:53:00Z,0.0,Fitbit App
2026-05-21T15:54:00Z,0.0,Fitbit App
2026-05-21T15:55:00Z,0.0,Fitbit App
2026-05-21T15:56:00Z,0.0,Fitbit App
2026-05-21T15:57:00Z,0.0,Fitbit App
2026-05-21T15:58:00Z,0.0,Fitbit App
2026-05-21T15:59:00Z,0.0,Fitbit App
2026-05-21T16:00:00Z,1.0146,Fitbit App
2026-05-21T16:01:00Z,0.7609500000000001,Fitbit App
2026-05-21T16:02:00Z,0.0,Fitbit App
2026-05-21T16:03:00Z,0.0,Fitbit App
2026-05-21T16:04:00Z,0.0,Fitbit App
2026-05-21T16:05:00Z,1.26825,Fitbit App
2026-05-21T16:06:00Z,1.26825,Fitbit App
2026-05-21T16:07:00Z,0.0,Fitbit App
2026-05-21T16:08:00Z,1.5219000000000003,Fitbit App
2026-05-21T16:09:00Z,0.7609500000000001,Fitbit App
2026-05-21T16:10:00Z,0.7609500000000001,Fitbit App
2026-05-21T16:11:00Z,0.0,Fitbit App
2026-05-21T16:12:00Z,0.0,Fitbit App
2026-05-21T16:13:00Z,0.0,Fitbit App
2026-05-21T16:14:00Z,0.0,Fitbit App
2026-05-21T16:15:00Z,0.0,Fitbit App
2026-05-21T16:16:00Z,0.0,Fitbit App
2026-05-21T16:17:00Z,0.0,Fitbit App
2026-05-21T16:18:00Z,0.0,Fitbit App
2026-05-21T16:19:00Z,0.0,Fitbit App
2026-05-21T16:20:00Z,0.0,Fitbit App
2026-05-21T16:21:00Z,0.0,Fitbit App
2026-05-21T16:22:00Z,0.0,Fitbit App
2026-05-21T16:23:00Z,0.0,Fitbit App
2026-05-21T16:24:00Z,0.0,Fitbit App
2026-05-21T16:25:00Z,0.0,Fitbit App
2026-05-21T16:26:00Z,0.0,Fitbit App
2026-05-21T16:27:00Z,0.0,Fitbit App
2026-05-21T16:28:00Z,0.0,Fitbit App
2026-05-21T16:29:00Z,0.0,Fitbit App
2026-05-21T16:30:00Z,0.0,Fitbit App
2026-05-21T16:31:00Z,0.0,Fitbit App
2026-05-21T16:32:00Z,0.0,Fitbit App
2026-05-21T16:33:00Z,0.0,Fitbit App
2026-05-21T16:34:00Z,2.5365,Fitbit App
2026-05-21T16:35:00Z,3.6779250000000006,Fitbit App
2026-05-21T16:36:00Z,0.0,Fitbit App
2026-05-21T16:37:00Z,0.0,Fitbit App
2026-05-21T16:38:00Z,0.0,Fitbit App
2026-05-21T16:39:00Z,0.0,Fitbit App
2026-05-21T16:40:00Z,0.0,Fitbit App
2026-05-21T16:41:00Z,0.0,Fitbit App
2026-05-21T16:42:00Z,0.0,Fitbit App
2026-05-21T16:43:00Z,0.0,Fitbit App
2026-05-21T16:44:00Z,0.0,Fitbit App
2026-05-21T16:45:00Z,0.0,Fitbit App
2026-05-21T16:46:00Z,0.0,Fitbit App
2026-05-21T16:47:00Z,0.0,Fitbit App
2026-05-21T16:48:00Z,1.5219000000000003,Fitbit App
2026-05-21T16:49:00Z,0.0,Fitbit App
2026-05-21T16:50:00Z,1.77555,Fitbit App
2026-05-21T16:51:00Z,3.0438000000000005,Fitbit App
2026-05-21T16:52:00Z,0.0,Fitbit App
2026-05-21T16:53:00Z,0.0,Fitbit App
2026-05-21T16:54:00Z,0.0,Fitbit App
2026-05-21T16:55:00Z,0.0,Fitbit App
2026-05-21T16:56:00Z,0.0,Fitbit App
2026-05-21T16:57:00Z,0.0,Fitbit App
2026-05-21T16:58:00Z,0.0,Fitbit App
2026-05-21T16:59:00Z,0.0,Fitbit App
2026-05-21T17:00:00Z,1.5219000000000003,Fitbit App
2026-05-21T17:01:00Z,3.8047500000000003,Fitbit App
2026-05-21T17:02:00Z,1.77555,Fitbit App
2026-05-21T17:03:00Z,2.0292000000000003,Fitbit App
2026-05-21T17:04:00Z,0.0,Fitbit App
2026-05-21T17:05:00Z,0.0,Fitbit App
2026-05-21T17:06:00Z,4.312050000000001,Fitbit App
2026-05-21T17:07:00Z,4.185225,Fitbit App
2026-05-21T17:08:00Z,0.0,Fitbit App
2026-05-21T17:09:00Z,2.5365,Fitbit App
2026-05-21T17:10:00Z,5.199825,Fitbit App
2026-05-21T17:11:00Z,3.5511,Fitbit App
2026-05-21T17:12:00Z,2.916975,Fitbit App
2026-05-21T17:13:00Z,3.5511,Fitbit App
2026-05-21T17:14:00Z,1.5219000000000003,Fitbit App
2026-05-21T17:15:00Z,0.0,Fitbit App
2026-05-21T17:16:00Z,1.26825,Fitbit App
2026-05-21T17:17:00Z,1.5219000000000003,Fitbit App
2026-05-21T17:18:00Z,3.0438000000000005,Fitbit App
2026-05-21T17:19:00Z,2.28285,Fitbit App
2026-05-21T17:20:00Z,2.28285,Fitbit App
2026-05-21T17:21:00Z,2.5365,Fitbit App
2026-05-21T17:22:00Z,1.77555,Fitbit App
2026-05-21T17:23:00Z,1.5219000000000003,Fitbit App
2026-05-21T17:24:00Z,0.0,Fitbit App
2026-05-21T17:25:00Z,1.5219000000000003,Fitbit App
2026-05-21T17:26:00Z,1.77555,Fitbit App
2026-05-21T17:27:00Z,2.0292000000000003,Fitbit App
2026-05-21T17:28:00Z,1.77555,Fitbit App
2026-05-21T17:29:00Z,1.5219000000000003,Fitbit App
2026-05-21T17:30:00Z,1.77555,Fitbit App
2026-05-21T17:31:00Z,1.77555,Fitbit App
2026-05-21T17:32:00Z,2.28285,Fitbit App
2026-05-21T17:33:00Z,2.5365,Fitbit App
2026-05-21T17:34:00Z,0.0,Fitbit App
2026-05-21T17:35:00Z,1.5219000000000003,Fitbit App
2026-05-21T17:36:00Z,1.26825,Fitbit App
2026-05-21T17:37:00Z,1.77555,Fitbit App
2026-05-21T17:38:00Z,1.77555,Fitbit App
2026-05-21T17:39:00Z,2.0292000000000003,Fitbit App
2026-05-21T17:40:00Z,2.0292000000000003,Fitbit App
2026-05-21T17:41:00Z,2.0292000000000003,Fitbit App
2026-05-21T17:42:00Z,1.77555,Fitbit App
2026-05-21T17:43:00Z,3.5511,Fitbit App
2026-05-21T17:44:00Z,2.0292000000000003,Fitbit App
2026-05-21T17:45:00Z,1.77555,Fitbit App
2026-05-21T17:46:00Z,1.77555,Fitbit App
2026-05-21T17:47:00Z,2.7901500000000006,Fitbit App
2026-05-21T17:48:00Z,2.5365,Fitbit App
2026-05-21T17:49:00Z,3.0438000000000005,Fitbit App
2026-05-21T17:50:00Z,2.5365,Fitbit App
2026-05-21T17:51:00Z,3.0438000000000005,Fitbit App
2026-05-21T17:52:00Z,2.5365,Fitbit App
2026-05-21T17:53:00Z,2.7901500000000006,Fitbit App
2026-05-21T17:54:00Z,2.5365,Fitbit App
2026-05-21T17:55:00Z,1.5219000000000003,Fitbit App
2026-05-21T17:56:00Z,2.7901500000000006,Fitbit App
2026-05-21T17:57:00Z,1.77555,Fitbit App
2026-05-21T17:58:00Z,1.77555,Fitbit App
2026-05-21T17:59:00Z,1.5219000000000003,Fitbit App
2026-05-21T18:00:00Z,0.0,Fitbit App
2026-05-21T18:01:00Z,1.5219000000000003,Fitbit App
2026-05-21T18:02:00Z,2.0292000000000003,Fitbit App
2026-05-21T18:03:00Z,1.77555,Fitbit App
2026-05-21T18:04:00Z,2.7901500000000006,Fitbit App
2026-05-21T18:05:00Z,1.26825,Fitbit App
2026-05-21T18:06:00Z,0.5073,Fitbit App
2026-05-21T18:07:00Z,1.26825,Fitbit App
2026-05-21T18:08:00Z,2.5365,Fitbit App
2026-05-21T18:09:00Z,5.073,Fitbit App
2026-05-21T18:10:00Z,5.326650000000001,Fitbit App
2026-05-21T18:11:00Z,4.5657,Fitbit App
2026-05-21T18:12:00Z,5.073,Fitbit App
2026-05-21T18:13:00Z,5.073,Fitbit App
2026-05-21T18:14:00Z,4.81935,Fitbit App
2026-05-21T18:15:00Z,4.81935,Fitbit App
2026-05-21T18:16:00Z,4.81935,Fitbit App
2026-05-21T18:17:00Z,5.326650000000001,Fitbit App
2026-05-21T18:18:00Z,4.5657,Fitbit App
2026-05-21T18:19:00Z,2.5365,Fitbit App
2026-05-21T18:20:00Z,2.0292000000000003,Fitbit App
2026-05-21T18:21:00Z,1.5219000000000003,Fitbit App
2026-05-21T18:22:00Z,1.77555,Fitbit App
2026-05-21T18:23:00Z,2.0292000000000003,Fitbit App
2026-05-21T18:24:00Z,2.28285,Fitbit App
2026-05-21T18:25:00Z,1.5219000000000003,Fitbit App
2026-05-21T18:26:00Z,2.7901500000000006,Fitbit App
2026-05-21T18:27:00Z,2.5365,Fitbit App
2026-05-21T18:28:00Z,2.28285,Fitbit App
2026-05-21T18:29:00Z,1.26825,Fitbit App
2026-05-21T18:30:00Z,2.0292000000000003,Fitbit App
2026-05-21T18:31:00Z,3.8047500000000003,Fitbit App
2026-05-21T18:32:00Z,5.073,Fitbit App
2026-05-21T18:33:00Z,4.81935,Fitbit App
2026-05-21T18:34:00Z,4.81935,Fitbit App
2026-05-21T18:35:00Z,4.81935,Fitbit App
2026-05-21T18:36:00Z,4.81935,Fitbit App
2026-05-21T18:37:00Z,5.073,Fitbit App
2026-05-21T18:38:00Z,5.073,Fitbit App
2026-05-21T18:39:00Z,4.81935,Fitbit App
2026-05-21T18:40:00Z,5.073,Fitbit App
2026-05-21T18:41:00Z,4.81935,Fitbit App
2026-05-21T18:42:00Z,2.5365,Fitbit App
2026-05-21T18:43:00Z,2.0292000000000003,Fitbit App
2026-05-21T18:44:00Z,2.28285,Fitbit App
2026-05-21T18:45:00Z,1.5219000000000003,Fitbit App
2026-05-21T18:46:00Z,1.5219000000000003,Fitbit App
2026-05-21T18:47:00Z,1.0146,Fitbit App
2026-05-21T18:48:00Z,2.28285,Fitbit App
2026-05-21T18:49:00Z,1.26825,Fitbit App
2026-05-21T18:50:00Z,0.0,Fitbit App
2026-05-21T18:51:00Z,0.0,Fitbit App
2026-05-21T18:52:00Z,0.0,Fitbit App
2026-05-21T18:53:00Z,0.0,Fitbit App
2026-05-21T18:57:00Z,0.0,Fitbit App
2026-05-21T18:58:00Z,0.7609500000000001,Fitbit App
2026-05-21T18:59:00Z,1.0146,Fitbit App
2026-05-21T19:01:00Z,0.0,Fitbit App
2026-05-21T19:03:00Z,0.0,Fitbit App
2026-05-21T19:04:00Z,2.0292000000000003,Fitbit App
2026-05-21T19:05:00Z,1.26825,Fitbit App
2026-05-21T19:06:00Z,3.0438000000000005,Fitbit App
2026-05-21T19:07:00Z,0.0,Fitbit App
2026-05-21T19:08:00Z,0.0,Fitbit App
2026-05-21T19:09:00Z,0.0,Fitbit App
2026-05-21T19:10:00Z,1.0146,Fitbit App
2026-05-21T19:11:00Z,0.0,Fitbit App
2026-05-21T19:12:00Z,0.0,Fitbit App
2026-05-21T19:13:00Z,1.0146,Fitbit App
2026-05-21T19:14:00Z,0.0,Fitbit App
2026-05-21T19:15:00Z,0.0,Fitbit App
2026-05-21T19:17:00Z,0.0,Fitbit App
2026-05-21T19:18:00Z,0.0,Fitbit App
2026-05-21T19:20:00Z,0.0,Fitbit App
2026-05-21T19:23:00Z,0.0,Fitbit App
2026-05-21T19:24:00Z,0.0,Fitbit App
2026-05-21T19:25:00Z,0.0,Fitbit App
2026-05-21T19:26:00Z,0.0,Fitbit App
2026-05-21T19:27:00Z,0.0,Fitbit App
2026-05-21T19:28:00Z,0.0,Fitbit App
2026-05-21T19:29:00Z,0.0,Fitbit App
2026-05-21T19:30:00Z,0.0,Fitbit App
2026-05-21T19:31:00Z,0.0,Fitbit App
2026-05-21T19:32:00Z,0.0,Fitbit App
2026-05-21T19:33:00Z,0.0,Fitbit App
2026-05-21T19:35:00Z,0.0,Fitbit App
2026-05-21T19:36:00Z,0.0,Fitbit App
2026-05-21T19:38:00Z,0.0,Fitbit App
2026-05-21T19:44:00Z,0.7609500000000001,Fitbit App
2026-05-21T19:45:00Z,2.0292000000000003,Fitbit App
2026-05-21T19:46:00Z,0.0,Fitbit App
2026-05-21T19:47:00Z,0.0,Fitbit App
2026-05-21T20:10:00Z,1.0146,Fitbit App
2026-05-21T20:11:00Z,0.0,Fitbit App
2026-05-21T20:12:00Z,1.5219000000000003,Fitbit App
2026-05-21T20:13:00Z,1.26825,Fitbit App
2026-05-21T20:14:00Z,1.0146,Fitbit App
2026-05-21T20:15:00Z,1.0146,Fitbit App
2026-05-21T20:16:00Z,0.7609500000000001,Fitbit App
2026-05-21T20:17:00Z,1.26825,Fitbit App
2026-05-21T20:18:00Z,1.5219000000000003,Fitbit App
2026-05-21T20:19:00Z,1.26825,Fitbit App
2026-05-21T20:20:00Z,1.5219000000000003,Fitbit App
2026-05-21T20:21:00Z,1.0146,Fitbit App
2026-05-21T20:22:00Z,1.5219000000000003,Fitbit App
2026-05-21T20:23:00Z,0.0,Fitbit App
2026-05-21T20:24:00Z,1.0146,Fitbit App
2026-05-21T20:25:00Z,1.77555,Fitbit App
2026-05-21T20:26:00Z,2.0292000000000003,Fitbit App
2026-05-21T20:27:00Z,0.0,Fitbit App
2026-05-21T20:28:00Z,2.28285,Fitbit App
2026-05-21T20:29:00Z,1.5219000000000003,Fitbit App
2026-05-21T20:30:00Z,1.0146,Fitbit App
2026-05-21T20:31:00Z,0.7609500000000001,Fitbit App
2026-05-21T20:32:00Z,1.0146,Fitbit App
2026-05-21T20:41:00Z,0.0,Fitbit App
2026-05-21T21:00:00Z,0.0,Fitbit App
2026-05-21T21:03:00Z,0.0,Fitbit App
2026-05-21T21:05:00Z,0.0,Fitbit App
2026-05-21T21:06:00Z,0.0,Fitbit App
2026-05-21T22:17:00Z,0.0,Fitbit App
2026-05-21T22:23:00Z,0.5073,Fitbit App
2026-05-21T22:24:00Z,0.0,Fitbit App
2026-05-21T22:26:00Z,0.0,Fitbit App
2026-05-21T22:30:00Z,0.5073,Fitbit App
2026-05-21T22:32:00Z,0.0,Fitbit App
2026-05-21T22:36:00Z,0.0,Fitbit App
2026-05-21T22:38:00Z,0.0,Fitbit App
2026-05-21T22:44:00Z,0.0,Fitbit App
2026-05-21T22:50:00Z,0.0,Fitbit App
2026-05-21T23:37:00Z,0.25365000000000026,Fitbit App
2026-05-21T23:38:00Z,0.0,Fitbit App
2026-05-21T23:39:00Z,0.0,Fitbit App
2026-05-21T23:41:00Z,0.0,Fitbit App
2026-05-22T00:05:00Z,0.0,Fitbit App
2026-05-22T00:38:00Z,0.0,Fitbit App
2026-05-22T00:40:00Z,0.0,Fitbit App
2026-05-22T03:02:00Z,0.0,Fitbit App
2026-05-22T04:16:00Z,0.0,Fitbit App
2026-05-22T05:05:00Z,0.0,Fitbit App
2026-05-22T05:24:00Z,0.0,Fitbit App
2026-05-22T05:28:00Z,0.0,Fitbit App
2026-05-22T05:45:00Z,0.0,Fitbit App
2026-05-22T05:46:00Z,0.0,Fitbit App
2026-05-22T05:53:00Z,0.0,Fitbit App
2026-05-22T06:07:00Z,2.28285,Fitbit App
2026-05-22T06:08:00Z,0.7609500000000001,Fitbit App
2026-05-22T06:09:00Z,0.5073,Fitbit App
2026-05-22T06:10:00Z,0.5073,Fitbit App
2026-05-22T06:11:00Z,1.26825,Fitbit App
2026-05-22T06:12:00Z,0.7609500000000001,Fitbit App
2026-05-22T06:13:00Z,1.0146,Fitbit App
2026-05-22T06:14:00Z,0.0,Fitbit App
2026-05-22T06:15:00Z,1.26825,Fitbit App
2026-05-22T06:16:00Z,2.28285,Fitbit App
2026-05-22T06:17:00Z,1.0146,Fitbit App
2026-05-22T06:18:00Z,0.0,Fitbit App
2026-05-22T06:19:00Z,1.5219000000000003,Fitbit App
2026-05-22T06:20:00Z,0.0,Fitbit App
2026-05-22T06:21:00Z,0.0,Fitbit App
2026-05-22T06:22:00Z,0.0,Fitbit App
2026-05-22T06:23:00Z,1.26825,Fitbit App
2026-05-22T06:24:00Z,2.28285,Fitbit App
2026-05-22T06:25:00Z,2.0292000000000003,Fitbit App
2026-05-22T06:26:00Z,2.0292000000000003,Fitbit App
2026-05-22T06:27:00Z,1.5219000000000003,Fitbit App
2026-05-22T06:28:00Z,2.7901500000000006,Fitbit App
2026-05-22T06:29:00Z,1.5219000000000003,Fitbit App
2026-05-22T06:30:00Z,2.0292000000000003,Fitbit App
2026-05-22T06:31:00Z,1.5219000000000003,Fitbit App
2026-05-22T06:32:00Z,1.0146,Fitbit App
2026-05-22T06:33:00Z,0.0,Fitbit App
2026-05-22T06:34:00Z,1.26825,Fitbit App
2026-05-22T06:35:00Z,1.5219000000000003,Fitbit App
2026-05-22T06:36:00Z,2.5365,Fitbit App
2026-05-22T06:37:00Z,1.26825,Fitbit App
2026-05-22T06:38:00Z,2.7901500000000006,Fitbit App
2026-05-22T06:39:00Z,4.5657,Fitbit App
2026-05-22T06:40:00Z,6.594900000000001,Fitbit App
2026-05-22T06:41:00Z,4.312050000000001,Fitbit App
2026-05-22T06:42:00Z,0.0,Fitbit App
2026-05-22T06:43:00Z,0.0,Fitbit App
2026-05-22T06:44:00Z,0.0,Fitbit App
2026-05-22T06:45:00Z,0.0,Fitbit App
2026-05-22T06:46:00Z,0.0,Fitbit App
2026-05-22T06:47:00Z,0.0,Fitbit App
2026-05-22T06:48:00Z,0.0,Fitbit App
2026-05-22T06:49:00Z,0.0,Fitbit App
2026-05-22T06:50:00Z,0.0,Fitbit App
2026-05-22T06:51:00Z,0.0,Fitbit App
2026-05-22T06:52:00Z,1.26825,Fitbit App
2026-05-22T06:53:00Z,0.0,Fitbit App
2026-05-22T06:55:00Z,0.0,Fitbit App
2026-05-22T06:56:00Z,0.0,Fitbit App
2026-05-22T06:57:00Z,0.0,Fitbit App
2026-05-22T06:58:00Z,0.0,Fitbit App
2026-05-22T06:59:00Z,0.0,Fitbit App
2026-05-22T07:01:00Z,0.0,Fitbit App
2026-05-22T07:02:00Z,0.0,Fitbit App
2026-05-22T07:03:00Z,0.0,Fitbit App
2026-05-22T07:04:00Z,0.0,Fitbit App
2026-05-22T07:05:00Z,0.0,Fitbit App
2026-05-22T07:06:00Z,0.0,Fitbit App
2026-05-22T07:07:00Z,0.0,Fitbit App
2026-05-22T07:08:00Z,0.0,Fitbit App
2026-05-22T07:09:00Z,0.0,Fitbit App
2026-05-22T07:10:00Z,0.0,Fitbit App
2026-05-22T07:11:00Z,0.0,Fitbit App
2026-05-22T07:12:00Z,0.0,Fitbit App
2026-05-22T07:13:00Z,0.0,Fitbit App
2026-05-22T07:14:00Z,0.0,Fitbit App
2026-05-22T07:15:00Z,0.0,Fitbit App
2026-05-22T07:16:00Z,0.0,Fitbit App
2026-05-22T07:17:00Z,0.0,Fitbit App
2026-05-22T07:19:00Z,0.0,Fitbit App
2026-05-22T07:20:00Z,0.0,Fitbit App
2026-05-22T07:21:00Z,0.0,Fitbit App
2026-05-22T07:22:00Z,0.0,Fitbit App
2026-05-22T07:24:00Z,0.0,Fitbit App
2026-05-22T07:25:00Z,0.0,Fitbit App
2026-05-22T07:26:00Z,0.0,Fitbit App
2026-05-22T07:27:00Z,0.0,Fitbit App
2026-05-22T07:28:00Z,0.0,Fitbit App
2026-05-22T07:29:00Z,0.0,Fitbit App
2026-05-22T07:30:00Z,0.0,Fitbit App
2026-05-22T07:31:00Z,0.0,Fitbit App
2026-05-22T07:32:00Z,0.0,Fitbit App
2026-05-22T07:33:00Z,0.0,Fitbit App
2026-05-22T07:34:00Z,0.0,Fitbit App
2026-05-22T07:35:00Z,0.0,Fitbit App
2026-05-22T07:36:00Z,0.0,Fitbit App
2026-05-22T07:37:00Z,0.0,Fitbit App
2026-05-22T07:38:00Z,0.0,Fitbit App
2026-05-22T07:39:00Z,0.0,Fitbit App
2026-05-22T07:40:00Z,0.0,Fitbit App
2026-05-22T07:41:00Z,0.0,Fitbit App
2026-05-22T07:42:00Z,0.0,Fitbit App
2026-05-22T07:43:00Z,0.0,Fitbit App
2026-05-22T07:44:00Z,0.0,Fitbit App
2026-05-22T07:45:00Z,0.0,Fitbit App
2026-05-22T07:46:00Z,0.0,Fitbit App
2026-05-22T07:47:00Z,1.0146,Fitbit App
2026-05-22T07:48:00Z,0.0,Fitbit App
2026-05-22T07:49:00Z,0.0,Fitbit App
2026-05-22T07:50:00Z,0.0,Fitbit App
2026-05-22T07:51:00Z,0.0,Fitbit App
2026-05-22T07:52:00Z,0.0,Fitbit App
2026-05-22T07:53:00Z,0.0,Fitbit App
2026-05-22T07:54:00Z,0.0,Fitbit App
2026-05-22T07:55:00Z,0.0,Fitbit App
2026-05-22T07:56:00Z,0.0,Fitbit App
2026-05-22T07:57:00Z,0.0,Fitbit App
2026-05-22T07:58:00Z,1.26825,Fitbit App
2026-05-22T07:59:00Z,4.058400000000001,Fitbit App
2026-05-22T08:00:00Z,1.5219000000000003,Fitbit App
2026-05-22T08:01:00Z,8.624100000000002,Fitbit App
2026-05-22T08:02:00Z,0.0,Fitbit App
2026-05-22T08:03:00Z,0.0,Fitbit App
2026-05-22T08:08:00Z,0.0,Fitbit App
2026-05-22T08:09:00Z,14.458050000000002,Fitbit App
2026-05-22T08:10:00Z,6.848550000000001,Fitbit App
2026-05-22T08:11:00Z,2.0292000000000003,Fitbit App
2026-05-22T08:12:00Z,0.0,Fitbit App
2026-05-22T08:13:00Z,0.0,Fitbit App
2026-05-22T08:14:00Z,0.0,Fitbit App
2026-05-22T08:15:00Z,0.0,Fitbit App
2026-05-22T08:16:00Z,0.0,Fitbit App
2026-05-22T08:17:00Z,0.0,Fitbit App
2026-05-22T08:18:00Z,0.7609500000000001,Fitbit App
2026-05-22T08:19:00Z,0.0,Fitbit App
2026-05-22T08:20:00Z,0.0,Fitbit App
2026-05-22T08:23:00Z,0.0,Fitbit App
2026-05-22T08:24:00Z,0.0,Fitbit App
2026-05-22T08:25:00Z,0.0,Fitbit App
2026-05-22T08:26:00Z,0.5073,Fitbit App
2026-05-22T08:27:00Z,3.0438000000000005,Fitbit App
2026-05-22T08:28:00Z,4.5657,Fitbit App
2026-05-22T08:29:00Z,5.073,Fitbit App
2026-05-22T08:30:00Z,1.0146,Fitbit App
2026-05-22T08:31:00Z,0.0,Fitbit App
2026-05-22T08:32:00Z,1.0146,Fitbit App
2026-05-22T08:33:00Z,1.0146,Fitbit App
2026-05-22T08:34:00Z,0.0,Fitbit App
2026-05-22T08:35:00Z,0.0,Fitbit App
2026-05-22T08:36:00Z,0.0,Fitbit App
2026-05-22T08:37:00Z,0.0,Fitbit App
2026-05-22T08:38:00Z,0.0,Fitbit App
2026-05-22T08:39:00Z,0.0,Fitbit App
2026-05-22T08:40:00Z,0.0,Fitbit App
2026-05-22T08:41:00Z,0.0,Fitbit App
2026-05-22T08:42:00Z,0.0,Fitbit App
2026-05-22T08:43:00Z,0.0,Fitbit App
2026-05-22T08:44:00Z,0.0,Fitbit App
2026-05-22T08:45:00Z,0.0,Fitbit App
2026-05-22T08:46:00Z,0.0,Fitbit App
2026-05-22T08:47:00Z,0.0,Fitbit App
2026-05-22T08:48:00Z,0.0,Fitbit App
2026-05-22T08:49:00Z,0.0,Fitbit App
2026-05-22T08:50:00Z,0.0,Fitbit App
2026-05-22T08:51:00Z,0.0,Fitbit App
2026-05-22T08:52:00Z,0.0,Fitbit App
2026-05-22T08:53:00Z,0.0,Fitbit App
2026-05-22T08:54:00Z,0.0,Fitbit App
2026-05-22T08:55:00Z,0.0,Fitbit App
2026-05-22T08:56:00Z,0.0,Fitbit App
2026-05-22T08:57:00Z,0.0,Fitbit App
2026-05-22T08:58:00Z,0.0,Fitbit App
2026-05-22T08:59:00Z,0.0,Fitbit App
2026-05-22T09:00:00Z,0.0,Fitbit App
2026-05-22T09:01:00Z,0.0,Fitbit App
2026-05-22T09:02:00Z,0.5073,Fitbit App
2026-05-22T09:04:00Z,0.0,Fitbit App
2026-05-22T09:05:00Z,0.0,Fitbit App
2026-05-22T09:06:00Z,0.0,Fitbit App
2026-05-22T09:07:00Z,0.0,Fitbit App
2026-05-22T09:08:00Z,0.0,Fitbit App
2026-05-22T09:09:00Z,0.0,Fitbit App
2026-05-22T09:10:00Z,0.0,Fitbit App
2026-05-22T09:11:00Z,0.0,Fitbit App
2026-05-22T09:12:00Z,0.0,Fitbit App
2026-05-22T09:13:00Z,0.0,Fitbit App
2026-05-22T09:14:00Z,0.0,Fitbit App
2026-05-22T09:15:00Z,0.0,Fitbit App
2026-05-22T09:16:00Z,0.0,Fitbit App
2026-05-22T09:17:00Z,0.0,Fitbit App
2026-05-22T09:18:00Z,0.0,Fitbit App
2026-05-22T09:19:00Z,0.0,Fitbit App
2026-05-22T09:20:00Z,0.0,Fitbit App
2026-05-22T09:21:00Z,0.0,Fitbit App
2026-05-22T09:22:00Z,0.0,Fitbit App
2026-05-22T09:23:00Z,0.0,Fitbit App
2026-05-22T09:24:00Z,0.0,Fitbit App
2026-05-22T09:25:00Z,0.0,Fitbit App
2026-05-22T09:26:00Z,0.7609500000000001,Fitbit App
2026-05-22T09:27:00Z,0.0,Fitbit App
2026-05-22T09:28:00Z,0.5073,Fitbit App
2026-05-22T09:29:00Z,0.0,Fitbit App
2026-05-22T09:30:00Z,0.0,Fitbit App
2026-05-22T09:31:00Z,0.0,Fitbit App
2026-05-22T09:32:00Z,0.0,Fitbit App
2026-05-22T09:33:00Z,0.0,Fitbit App
2026-05-22T09:35:00Z,0.0,Fitbit App
2026-05-22T09:36:00Z,0.0,Fitbit App
2026-05-22T09:38:00Z,0.0,Fitbit App
2026-05-22T09:39:00Z,0.0,Fitbit App
2026-05-22T09:40:00Z,0.0,Fitbit App
2026-05-22T09:41:00Z,0.0,Fitbit App
2026-05-22T09:42:00Z,0.0,Fitbit App
2026-05-22T09:45:00Z,0.0,Fitbit App
2026-05-22T09:46:00Z,0.0,Fitbit App
2026-05-22T09:47:00Z,0.0,Fitbit App
2026-05-22T09:51:00Z,0.0,Fitbit App
2026-05-22T09:52:00Z,0.0,Fitbit App
2026-05-22T09:53:00Z,0.0,Fitbit App
2026-05-22T09:56:00Z,0.0,Fitbit App
2026-05-22T09:57:00Z,1.0146,Fitbit App
2026-05-22T09:58:00Z,1.26825,Fitbit App
2026-05-22T10:01:00Z,0.0,Fitbit App
2026-05-22T10:02:00Z,0.0,Fitbit App
2026-05-22T10:03:00Z,1.5219000000000003,Fitbit App
2026-05-22T10:04:00Z,5.073,Fitbit App
2026-05-22T10:05:00Z,5.073,Fitbit App
2026-05-22T10:06:00Z,3.5511,Fitbit App
2026-05-22T10:07:00Z,3.8047500000000003,Fitbit App
2026-05-22T10:08:00Z,3.5511,Fitbit App
2026-05-22T10:09:00Z,2.7901500000000006,Fitbit App
2026-05-22T10:10:00Z,1.5219000000000003,Fitbit App
2026-05-22T10:11:00Z,0.0,Fitbit App
2026-05-22T10:12:00Z,1.5219000000000003,Fitbit App
2026-05-22T10:13:00Z,2.28285,Fitbit App
2026-05-22T10:14:00Z,1.77555,Fitbit App
2026-05-22T10:15:00Z,2.28285,Fitbit App
2026-05-22T10:16:00Z,2.28285,Fitbit App
2026-05-22T10:17:00Z,3.5511,Fitbit App
2026-05-22T10:18:00Z,2.28285,Fitbit App
2026-05-22T10:19:00Z,1.5219000000000003,Fitbit App
2026-05-22T10:20:00Z,2.28285,Fitbit App
2026-05-22T10:21:00Z,2.28285,Fitbit App
2026-05-22T10:22:00Z,2.0292000000000003,Fitbit App
2026-05-22T10:23:00Z,2.0292000000000003,Fitbit App
2026-05-22T10:24:00Z,2.28285,Fitbit App
2026-05-22T10:25:00Z,2.0292000000000003,Fitbit App
2026-05-22T10:26:00Z,0.0,Fitbit App
2026-05-22T10:27:00Z,2.28285,Fitbit App
2026-05-22T10:28:00Z,0.0,Fitbit App
2026-05-22T10:29:00Z,1.9023750000000001,Fitbit App
2026-05-22T10:30:00Z,4.5657,Fitbit App
2026-05-22T10:31:00Z,5.326650000000001,Fitbit App
2026-05-22T10:32:00Z,4.5657,Fitbit App
2026-05-22T10:33:00Z,5.326650000000001,Fitbit App
2026-05-22T10:34:00Z,5.326650000000001,Fitbit App
2026-05-22T10:35:00Z,5.326650000000001,Fitbit App
2026-05-22T10:36:00Z,4.5657,Fitbit App
2026-05-22T10:37:00Z,5.326650000000001,Fitbit App
2026-05-22T10:38:00Z,4.81935,Fitbit App
2026-05-22T10:39:00Z,5.073,Fitbit App
2026-05-22T10:40:00Z,5.073,Fitbit App
2026-05-22T10:41:00Z,4.81935,Fitbit App
2026-05-22T10:42:00Z,4.312050000000001,Fitbit App
2026-05-22T10:43:00Z,4.5657,Fitbit App
2026-05-22T10:44:00Z,4.312050000000001,Fitbit App
2026-05-22T10:45:00Z,3.8047500000000003,Fitbit App
2026-05-22T10:46:00Z,4.058400000000001,Fitbit App
2026-05-22T10:47:00Z,3.8047500000000003,Fitbit App
2026-05-22T10:48:00Z,3.5511,Fitbit App
2026-05-22T10:49:00Z,3.8047500000000003,Fitbit App
2026-05-22T10:50:00Z,3.8047500000000003,Fitbit App
2026-05-22T10:51:00Z,4.058400000000001,Fitbit App
2026-05-22T10:52:00Z,3.5511,Fitbit App
2026-05-22T10:53:00Z,3.1706250000000002,Fitbit App
2026-05-22T10:54:00Z,3.8047500000000003,Fitbit App
2026-05-22T10:55:00Z,2.916975,Fitbit App
2026-05-22T10:56:00Z,1.9023750000000001,Fitbit App
2026-05-22T10:57:00Z,2.7901500000000006,Fitbit App
2026-05-22T10:58:00Z,1.648725,Fitbit App
2026-05-22T10:59:00Z,2.28285,Fitbit App
2026-05-22T11:00:00Z,3.0438000000000005,Fitbit App
2026-05-22T11:01:00Z,3.29745,Fitbit App
2026-05-22T11:02:00Z,3.29745,Fitbit App
2026-05-22T11:03:00Z,2.1560250000000005,Fitbit App
2026-05-22T11:04:00Z,3.29745,Fitbit App
2026-05-22T11:05:00Z,2.663325,Fitbit App
2026-05-22T11:06:00Z,2.663325,Fitbit App
2026-05-22T11:07:00Z,2.916975,Fitbit App
2026-05-22T11:08:00Z,2.916975,Fitbit App
2026-05-22T11:09:00Z,2.916975,Fitbit App
2026-05-22T11:10:00Z,3.0438000000000005,Fitbit App
2026-05-22T11:11:00Z,3.8047500000000003,Fitbit App
2026-05-22T11:12:00Z,3.8047500000000003,Fitbit App
2026-05-22T11:13:00Z,3.29745,Fitbit App
2026-05-22T11:14:00Z,3.29745,Fitbit App
2026-05-22T11:15:00Z,3.29745,Fitbit App
2026-05-22T11:16:00Z,3.29745,Fitbit App
2026-05-22T11:17:00Z,2.7901500000000006,Fitbit App
2026-05-22T11:18:00Z,2.28285,Fitbit App
2026-05-22T11:19:00Z,0.0,Fitbit App
2026-05-22T11:20:00Z,2.5365,Fitbit App
2026-05-22T11:21:00Z,0.0,Fitbit App
2026-05-22T11:22:00Z,0.0,Fitbit App
2026-05-22T11:23:00Z,0.0,Fitbit App
2026-05-22T11:24:00Z,0.0,Fitbit App
2026-05-22T11:25:00Z,2.28285,Fitbit App
2026-05-22T11:26:00Z,1.26825,Fitbit App
2026-05-22T11:27:00Z,2.28285,Fitbit App
2026-05-22T11:28:00Z,0.0,Fitbit App
2026-05-22T11:29:00Z,0.0,Fitbit App
2026-05-22T11:30:00Z,0.0,Fitbit App
2026-05-22T11:31:00Z,0.0,Fitbit App
2026-05-22T11:32:00Z,0.0,Fitbit App
2026-05-22T11:33:00Z,0.0,Fitbit App
2026-05-22T11:34:00Z,0.0,Fitbit App
2026-05-22T11:35:00Z,0.0,Fitbit App
2026-05-22T11:36:00Z,0.0,Fitbit App
2026-05-22T11:37:00Z,0.0,Fitbit App
2026-05-22T11:38:00Z,0.0,Fitbit App
2026-05-22T11:39:00Z,0.0,Fitbit App
2026-05-22T11:40:00Z,0.0,Fitbit App
2026-05-22T11:41:00Z,4.058400000000001,Fitbit App
2026-05-22T11:42:00Z,3.0438000000000005,Fitbit App
2026-05-22T11:43:00Z,2.7901500000000006,Fitbit App
2026-05-22T11:44:00Z,3.5511,Fitbit App
2026-05-22T11:45:00Z,3.0438000000000005,Fitbit App
2026-05-22T11:46:00Z,2.28285,Fitbit App
2026-05-22T11:47:00Z,0.7609500000000001,Fitbit App
2026-05-22T11:48:00Z,2.28285,Fitbit App
2026-05-22T11:49:00Z,3.29745,Fitbit App
2026-05-22T11:50:00Z,3.29745,Fitbit App
2026-05-22T11:51:00Z,3.5511,Fitbit App
2026-05-22T11:52:00Z,3.29745,Fitbit App
2026-05-22T11:53:00Z,3.0438000000000005,Fitbit App
2026-05-22T11:54:00Z,2.5365,Fitbit App
2026-05-22T11:55:00Z,3.29745,Fitbit App
2026-05-22T11:56:00Z,3.0438000000000005,Fitbit App
2026-05-22T11:57:00Z,3.0438000000000005,Fitbit App
2026-05-22T11:58:00Z,3.29745,Fitbit App
2026-05-22T11:59:00Z,2.7901500000000006,Fitbit App
2026-05-22T12:00:00Z,3.0438000000000005,Fitbit App
2026-05-22T12:01:00Z,2.7901500000000006,Fitbit App
2026-05-22T12:02:00Z,1.9023750000000001,Fitbit App
2026-05-22T12:03:00Z,3.0438000000000005,Fitbit App
2026-05-22T12:04:00Z,3.8047500000000003,Fitbit App
2026-05-22T12:05:00Z,5.326650000000001,Fitbit App
2026-05-22T12:06:00Z,3.8047500000000003,Fitbit App
2026-05-22T12:07:00Z,3.8047500000000003,Fitbit App
2026-05-22T12:08:00Z,2.409675,Fitbit App
2026-05-22T12:09:00Z,1.3950750000000003,Fitbit App
2026-05-22T12:10:00Z,0.0,Fitbit App
2026-05-22T12:11:00Z,2.7901500000000006,Fitbit App
2026-05-22T12:12:00Z,1.9023750000000001,Fitbit App
2026-05-22T12:13:00Z,1.648725,Fitbit App
2026-05-22T12:14:00Z,1.5219000000000003,Fitbit App
2026-05-22T12:15:00Z,1.77555,Fitbit App
2026-05-22T12:16:00Z,1.9023750000000001,Fitbit App
2026-05-22T12:17:00Z,2.7901500000000006,Fitbit App
2026-05-22T12:18:00Z,1.648725,Fitbit App
2026-05-22T12:19:00Z,1.9023750000000001,Fitbit App
2026-05-22T12:20:00Z,1.77555,Fitbit App
2026-05-22T12:21:00Z,2.663325,Fitbit App
2026-05-22T12:22:00Z,2.1560250000000005,Fitbit App
2026-05-22T12:23:00Z,1.5219000000000003,Fitbit App
2026-05-22T12:24:00Z,3.0438000000000005,Fitbit App
2026-05-22T12:25:00Z,3.0438000000000005,Fitbit App
2026-05-22T12:26:00Z,1.648725,Fitbit App
2026-05-22T12:27:00Z,1.5219000000000003,Fitbit App
2026-05-22T12:28:00Z,3.0438000000000005,Fitbit App
2026-05-22T12:29:00Z,3.29745,Fitbit App
2026-05-22T12:30:00Z,3.5511,Fitbit App
2026-05-22T12:31:00Z,2.1560250000000005,Fitbit App
2026-05-22T12:32:00Z,3.29745,Fitbit App
2026-05-22T12:33:00Z,5.580300000000001,Fitbit App
2026-05-22T12:34:00Z,3.0438000000000005,Fitbit App
2026-05-22T12:35:00Z,2.28285,Fitbit App
2026-05-22T12:36:00Z,0.0,Fitbit App
2026-05-22T12:37:00Z,0.0,Fitbit App
2026-05-22T12:38:00Z,0.0,Fitbit App
2026-05-22T12:39:00Z,0.0,Fitbit App
2026-05-22T12:40:00Z,0.0,Fitbit App
2026-05-22T12:41:00Z,0.0,Fitbit App
2026-05-22T12:42:00Z,0.0,Fitbit App
2026-05-22T12:43:00Z,1.5219000000000003,Fitbit App
2026-05-22T12:44:00Z,0.0,Fitbit App
2026-05-22T12:45:00Z,0.0,Fitbit App
2026-05-22T12:46:00Z,0.0,Fitbit App
2026-05-22T12:47:00Z,0.0,Fitbit App
2026-05-22T12:48:00Z,0.0,Fitbit App
2026-05-22T12:49:00Z,0.0,Fitbit App
2026-05-22T12:50:00Z,0.0,Fitbit App
2026-05-22T12:51:00Z,2.7901500000000006,Fitbit App
2026-05-22T12:52:00Z,0.0,Fitbit App
2026-05-22T12:53:00Z,0.0,Fitbit App
2026-05-22T12:54:00Z,0.0,Fitbit App
2026-05-22T12:55:00Z,0.0,Fitbit App
2026-05-22T12:56:00Z,0.0,Fitbit App
2026-05-22T12:57:00Z,0.0,Fitbit App
2026-05-22T12:58:00Z,0.0,Fitbit App
2026-05-22T12:59:00Z,0.0,Fitbit App
2026-05-22T13:00:00Z,0.0,Fitbit App
2026-05-22T13:01:00Z,0.0,Fitbit App
2026-05-22T13:02:00Z,0.0,Fitbit App
2026-05-24T03:16:00Z,0.0,Fitbit App
2026-05-24T03:25:00Z,0.0,Fitbit App
2026-05-24T04:17:00Z,0.0,Fitbit App
2026-05-24T04:39:00Z,0.0,Fitbit App
2026-05-24T04:47:00Z,0.0,Fitbit App
2026-05-24T05:01:00Z,0.0,Fitbit App
2026-05-24T05:04:00Z,0.0,Fitbit App
2026-05-24T05:07:00Z,0.0,Fitbit App
2026-05-24T05:14:00Z,0.0,Fitbit App
2026-05-24T05:21:00Z,0.0,Fitbit App
2026-05-24T05:32:00Z,0.0,Fitbit App
2026-05-24T06:40:00Z,0.0,Fitbit App
2026-05-24T06:44:00Z,0.0,Fitbit App
2026-05-24T06:49:00Z,0.0,Fitbit App
2026-05-24T06:58:00Z,0.0,Fitbit App
2026-05-24T07:01:00Z,0.0,Fitbit App
2026-05-24T07:02:00Z,0.0,Fitbit App
2026-05-24T07:03:00Z,0.0,Fitbit App
2026-05-24T07:04:00Z,0.0,Fitbit App
2026-05-24T07:16:00Z,0.0,Fitbit App
2026-05-24T07:17:00Z,0.0,Fitbit App
2026-05-24T07:22:00Z,2.0292000000000003,Fitbit App
2026-05-24T07:23:00Z,2.0292000000000003,Fitbit App
2026-05-24T07:24:00Z,2.7901500000000006,Fitbit App
2026-05-24T07:25:00Z,2.28285,Fitbit App
2026-05-24T07:26:00Z,1.77555,Fitbit App
2026-05-24T07:27:00Z,2.0292000000000003,Fitbit App
2026-05-24T07:28:00Z,3.0438000000000005,Fitbit App
2026-05-24T07:29:00Z,2.0292000000000003,Fitbit App
2026-05-24T07:30:00Z,1.5219000000000003,Fitbit App
2026-05-24T07:31:00Z,2.7901500000000006,Fitbit App
2026-05-24T07:32:00Z,4.5657,Fitbit App
2026-05-24T07:33:00Z,2.7901500000000006,Fitbit App
2026-05-24T07:34:00Z,0.0,Fitbit App
2026-05-24T07:35:00Z,1.5219000000000003,Fitbit App
2026-05-24T07:36:00Z,2.28285,Fitbit App
2026-05-24T07:37:00Z,2.28285,Fitbit App
2026-05-24T07:38:00Z,2.5365,Fitbit App
2026-05-24T07:39:00Z,3.29745,Fitbit App
2026-05-24T07:40:00Z,4.81935,Fitbit App
2026-05-24T07:41:00Z,4.058400000000001,Fitbit App
2026-05-24T07:42:00Z,2.1560250000000005,Fitbit App
2026-05-24T07:43:00Z,3.5511,Fitbit App
2026-05-24T07:44:00Z,4.312050000000001,Fitbit App
2026-05-24T07:45:00Z,2.5365,Fitbit App
2026-05-24T07:46:00Z,2.7901500000000006,Fitbit App
2026-05-24T07:47:00Z,1.9023750000000001,Fitbit App
2026-05-24T07:48:00Z,3.29745,Fitbit App
2026-05-24T07:49:00Z,3.29745,Fitbit App
2026-05-24T07:50:00Z,3.5511,Fitbit App
2026-05-24T07:51:00Z,1.9023750000000001,Fitbit App
2026-05-24T07:52:00Z,3.8047500000000003,Fitbit App
2026-05-24T07:53:00Z,2.7901500000000006,Fitbit App
2026-05-24T07:54:00Z,1.77555,Fitbit App
2026-05-24T07:55:00Z,2.28285,Fitbit App
2026-05-24T07:56:00Z,3.0438000000000005,Fitbit App
2026-05-24T07:57:00Z,2.28285,Fitbit App
2026-05-24T07:58:00Z,0.0,Fitbit App
2026-05-24T07:59:00Z,2.0292000000000003,Fitbit App
2026-05-24T08:00:00Z,2.0292000000000003,Fitbit App
2026-05-24T08:01:00Z,2.28285,Fitbit App
2026-05-24T08:02:00Z,0.0,Fitbit App
2026-05-24T08:03:00Z,0.0,Fitbit App
2026-05-24T08:04:00Z,0.0,Fitbit App
2026-05-24T08:05:00Z,0.0,Fitbit App
2026-05-24T08:06:00Z,0.0,Fitbit App
2026-05-24T08:07:00Z,0.0,Fitbit App
2026-05-24T08:08:00Z,0.0,Fitbit App
2026-05-24T08:09:00Z,0.0,Fitbit App
2026-05-24T08:10:00Z,0.0,Fitbit App
2026-05-24T08:11:00Z,0.0,Fitbit App
2026-05-24T08:12:00Z,0.0,Fitbit App
2026-05-24T08:13:00Z,1.26825,Fitbit App
2026-05-24T08:14:00Z,2.28285,Fitbit App
2026-05-24T08:15:00Z,0.0,Fitbit App
2026-05-24T08:16:00Z,0.0,Fitbit App
2026-05-24T08:17:00Z,0.0,Fitbit App
2026-05-24T08:18:00Z,0.0,Fitbit App
2026-05-24T08:19:00Z,0.0,Fitbit App
2026-05-24T08:20:00Z,0.0,Fitbit App
2026-05-24T08:21:00Z,0.0,Fitbit App
2026-05-24T08:22:00Z,0.0,Fitbit App
2026-05-24T08:23:00Z,0.0,Fitbit App
2026-05-24T08:24:00Z,1.0146,Fitbit App
2026-05-24T08:25:00Z,0.0,Fitbit App
2026-05-24T08:26:00Z,0.0,Fitbit App
2026-05-24T08:27:00Z,0.0,Fitbit App
2026-05-24T08:28:00Z,0.0,Fitbit App
2026-05-24T08:29:00Z,0.0,Fitbit App
2026-05-24T08:30:00Z,0.0,Fitbit App
2026-05-24T08:31:00Z,0.0,Fitbit App
2026-05-24T08:32:00Z,0.0,Fitbit App
2026-05-24T08:33:00Z,0.0,Fitbit App
2026-05-24T08:34:00Z,0.0,Fitbit App
2026-05-24T08:35:00Z,0.0,Fitbit App
2026-05-24T08:36:00Z,0.0,Fitbit App
2026-05-24T08:37:00Z,0.0,Fitbit App
2026-05-24T08:38:00Z,0.0,Fitbit App
2026-05-24T08:39:00Z,0.0,Fitbit App
2026-05-24T08:40:00Z,0.0,Fitbit App
2026-05-24T08:41:00Z,0.0,Fitbit App
2026-05-24T08:42:00Z,0.0,Fitbit App
2026-05-24T08:43:00Z,0.0,Fitbit App
2026-05-24T08:44:00Z,0.0,Fitbit App
2026-05-24T08:45:00Z,0.0,Fitbit App
2026-05-24T08:46:00Z,2.7901500000000006,Fitbit App
2026-05-24T08:47:00Z,2.7901500000000006,Fitbit App
2026-05-24T08:48:00Z,4.058400000000001,Fitbit App
2026-05-24T08:49:00Z,0.0,Fitbit App
2026-05-24T08:51:00Z,0.0,Fitbit App
2026-05-24T08:57:00Z,0.5073,Fitbit App
2026-05-24T08:58:00Z,0.0,Fitbit App
2026-05-24T09:01:00Z,0.0,Fitbit App
2026-05-24T09:06:00Z,0.0,Fitbit App
2026-05-24T09:08:00Z,0.0,Fitbit App
2026-05-24T09:09:00Z,0.0,Fitbit App
2026-05-24T09:11:00Z,0.0,Fitbit App
2026-05-24T09:12:00Z,0.0,Fitbit App
2026-05-24T09:13:00Z,0.0,Fitbit App
2026-05-24T09:14:00Z,3.8047500000000003,Fitbit App
2026-05-24T09:15:00Z,2.5365,Fitbit App
2026-05-24T09:16:00Z,0.0,Fitbit App
2026-05-24T09:17:00Z,0.0,Fitbit App
2026-05-24T09:18:00Z,2.7901500000000006,Fitbit App
2026-05-24T09:19:00Z,0.0,Fitbit App
2026-05-24T09:20:00Z,0.0,Fitbit App
2026-05-24T09:21:00Z,0.0,Fitbit App
2026-05-24T09:22:00Z,1.5219000000000003,Fitbit App
2026-05-24T09:23:00Z,0.0,Fitbit App
2026-05-24T09:24:00Z,0.0,Fitbit App
2026-05-24T09:28:00Z,5.073,Fitbit App
2026-05-24T09:29:00Z,1.26825,Fitbit App
2026-05-24T09:30:00Z,2.28285,Fitbit App
2026-05-24T09:31:00Z,1.77555,Fitbit App
2026-05-24T09:32:00Z,0.0,Fitbit App
2026-05-24T09:33:00Z,0.0,Fitbit App
2026-05-24T09:34:00Z,0.0,Fitbit App
2026-05-24T09:38:00Z,0.0,Fitbit App
2026-05-24T09:40:00Z,1.0146,Fitbit App
2026-05-24T09:41:00Z,0.5073,Fitbit App
2026-05-24T09:50:00Z,1.5219000000000003,Fitbit App
2026-05-24T09:51:00Z,2.0292000000000003,Fitbit App
2026-05-24T09:52:00Z,3.8047500000000003,Fitbit App
2026-05-24T09:53:00Z,4.5657,Fitbit App
2026-05-24T09:54:00Z,2.5365,Fitbit App
2026-05-24T09:55:00Z,2.0292000000000003,Fitbit App
2026-05-24T09:56:00Z,3.0438000000000005,Fitbit App
2026-05-24T09:57:00Z,2.28285,Fitbit App
2026-05-24T09:58:00Z,2.28285,Fitbit App
2026-05-24T09:59:00Z,0.0,Fitbit App
2026-05-24T10:00:00Z,1.26825,Fitbit App
2026-05-24T10:01:00Z,1.0146,Fitbit App
2026-05-24T10:02:00Z,1.77555,Fitbit App
2026-05-24T10:03:00Z,1.26825,Fitbit App
2026-05-24T10:04:00Z,1.26825,Fitbit App
2026-05-24T10:05:00Z,1.26825,Fitbit App
2026-05-24T10:06:00Z,0.0,Fitbit App
2026-05-24T10:07:00Z,1.5219000000000003,Fitbit App
2026-05-24T10:08:00Z,2.0292000000000003,Fitbit App
2026-05-24T10:09:00Z,2.5365,Fitbit App
2026-05-24T10:10:00Z,2.7901500000000006,Fitbit App
2026-05-24T10:11:00Z,2.28285,Fitbit App
2026-05-24T10:12:00Z,2.28285,Fitbit App
2026-05-24T10:13:00Z,2.0292000000000003,Fitbit App
2026-05-24T10:14:00Z,2.7901500000000006,Fitbit App
2026-05-24T10:15:00Z,1.77555,Fitbit App
2026-05-24T10:16:00Z,1.5219000000000003,Fitbit App
2026-05-24T10:17:00Z,3.5511,Fitbit App
2026-05-24T10:18:00Z,2.5365,Fitbit App
2026-05-24T10:19:00Z,3.5511,Fitbit App
2026-05-24T10:20:00Z,1.5219000000000003,Fitbit App
2026-05-24T10:21:00Z,0.0,Fitbit App
2026-05-24T10:22:00Z,0.0,Fitbit App
2026-05-24T10:23:00Z,0.0,Fitbit App
2026-05-24T10:24:00Z,0.0,Fitbit App
2026-05-24T10:25:00Z,0.0,Fitbit App
2026-05-24T10:26:00Z,0.0,Fitbit App
2026-05-24T10:27:00Z,0.7609500000000001,Fitbit App
2026-05-24T10:28:00Z,0.0,Fitbit App
2026-05-24T10:30:00Z,0.0,Fitbit App
2026-05-24T10:31:00Z,0.0,Fitbit App
2026-05-24T10:32:00Z,0.0,Fitbit App
2026-05-24T10:33:00Z,1.5219000000000003,Fitbit App
2026-05-24T10:34:00Z,0.7609500000000001,Fitbit App
2026-05-24T10:35:00Z,0.5073,Fitbit App
2026-05-24T10:36:00Z,0.0,Fitbit App
2026-05-24T10:37:00Z,0.7609500000000001,Fitbit App
2026-05-24T10:38:00Z,0.0,Fitbit App
2026-05-24T10:39:00Z,0.0,Fitbit App
2026-05-24T10:40:00Z,0.7609500000000001,Fitbit App
2026-05-24T10:41:00Z,5.073,Fitbit App
2026-05-24T10:42:00Z,5.073,Fitbit App
2026-05-24T10:43:00Z,5.073,Fitbit App
2026-05-24T10:44:00Z,4.81935,Fitbit App
2026-05-24T10:45:00Z,5.073,Fitbit App
2026-05-24T10:46:00Z,5.073,Fitbit App
2026-05-24T10:47:00Z,4.81935,Fitbit App
2026-05-24T10:48:00Z,5.073,Fitbit App
2026-05-24T10:49:00Z,4.81935,Fitbit App
2026-05-24T10:50:00Z,5.073,Fitbit App
2026-05-24T10:51:00Z,5.073,Fitbit App
2026-05-24T10:52:00Z,4.81935,Fitbit App
2026-05-24T10:53:00Z,5.073,Fitbit App
2026-05-24T10:54:00Z,4.81935,Fitbit App
2026-05-24T10:55:00Z,2.0292000000000003,Fitbit App
2026-05-24T10:56:00Z,1.26825,Fitbit App
2026-05-24T10:57:00Z,4.058400000000001,Fitbit App
2026-05-24T10:58:00Z,4.81935,Fitbit App
2026-05-24T10:59:00Z,4.81935,Fitbit App
2026-05-24T11:00:00Z,4.81935,Fitbit App
2026-05-24T11:01:00Z,4.81935,Fitbit App
2026-05-24T11:02:00Z,4.81935,Fitbit App
2026-05-24T11:03:00Z,5.073,Fitbit App
2026-05-24T11:04:00Z,4.81935,Fitbit App
2026-05-24T11:05:00Z,4.81935,Fitbit App
2026-05-24T11:06:00Z,5.073,Fitbit App
2026-05-24T11:07:00Z,4.81935,Fitbit App
2026-05-24T11:08:00Z,5.073,Fitbit App
2026-05-24T11:09:00Z,4.81935,Fitbit App
2026-05-24T11:10:00Z,5.073,Fitbit App
2026-05-24T11:11:00Z,5.073,Fitbit App
2026-05-24T11:12:00Z,5.073,Fitbit App
2026-05-24T11:13:00Z,4.81935,Fitbit App
2026-05-24T11:14:00Z,5.073,Fitbit App
2026-05-24T11:15:00Z,5.073,Fitbit App
2026-05-24T11:16:00Z,5.073,Fitbit App
2026-05-24T11:17:00Z,5.073,Fitbit App
2026-05-24T11:18:00Z,5.073,Fitbit App
2026-05-24T11:19:00Z,5.073,Fitbit App
2026-05-24T11:20:00Z,5.073,Fitbit App
2026-05-24T11:21:00Z,5.073,Fitbit App
2026-05-24T11:22:00Z,5.073,Fitbit App
2026-05-24T11:23:00Z,5.073,Fitbit App
2026-05-24T11:24:00Z,5.073,Fitbit App
2026-05-24T11:25:00Z,5.326650000000001,Fitbit App
2026-05-24T11:26:00Z,5.073,Fitbit App
2026-05-24T11:27:00Z,4.81935,Fitbit App
2026-05-24T11:28:00Z,2.0292000000000003,Fitbit App
2026-05-24T11:29:00Z,0.0,Fitbit App
2026-05-24T11:30:00Z,1.26825,Fitbit App
2026-05-24T11:31:00Z,0.0,Fitbit App
2026-05-24T11:32:00Z,0.0,Fitbit App
2026-05-24T11:33:00Z,0.0,Fitbit App
2026-05-24T11:34:00Z,1.26825,Fitbit App
2026-05-24T11:35:00Z,0.7609500000000001,Fitbit App
2026-05-24T11:36:00Z,0.0,Fitbit App
2026-05-24T11:37:00Z,0.0,Fitbit App
2026-05-24T11:38:00Z,0.0,Fitbit App
2026-05-24T11:39:00Z,0.0,Fitbit App
2026-05-24T11:41:00Z,0.0,Fitbit App
2026-05-24T11:43:00Z,0.0,Fitbit App
2026-05-24T11:44:00Z,0.0,Fitbit App
2026-05-24T11:45:00Z,0.0,Fitbit App
2026-05-24T11:46:00Z,0.7609500000000001,Fitbit App
2026-05-24T11:48:00Z,1.26825,Fitbit App
2026-05-24T11:49:00Z,0.0,Fitbit App
2026-05-24T11:50:00Z,0.0,Fitbit App
2026-05-24T11:51:00Z,0.0,Fitbit App
2026-05-24T11:52:00Z,0.0,Fitbit App
2026-05-24T11:53:00Z,0.0,Fitbit App
2026-05-24T11:54:00Z,0.0,Fitbit App
2026-05-24T11:55:00Z,0.0,Fitbit App
2026-05-24T11:56:00Z,0.7609500000000001,Fitbit App
2026-05-24T11:57:00Z,0.7609500000000001,Fitbit App
2026-05-24T11:58:00Z,1.26825,Fitbit App
2026-05-24T11:59:00Z,0.0,Fitbit App
2026-05-24T12:00:00Z,0.0,Fitbit App
2026-05-24T12:01:00Z,0.0,Fitbit App
2026-05-24T12:02:00Z,0.7609500000000001,Fitbit App
2026-05-24T12:03:00Z,3.29745,Fitbit App
2026-05-24T12:04:00Z,1.5219000000000003,Fitbit App
2026-05-24T12:05:00Z,1.26825,Fitbit App
2026-05-24T12:06:00Z,0.0,Fitbit App
2026-05-24T12:07:00Z,1.5219000000000003,Fitbit App
2026-05-24T12:08:00Z,2.5365,Fitbit App
2026-05-24T12:09:00Z,1.77555,Fitbit App
2026-05-24T12:10:00Z,0.0,Fitbit App
2026-05-24T12:11:00Z,0.0,Fitbit App
2026-05-24T12:12:00Z,0.0,Fitbit App
2026-05-24T12:13:00Z,0.0,Fitbit App
2026-05-24T12:14:00Z,0.0,Fitbit App
2026-05-24T12:15:00Z,0.0,Fitbit App
2026-05-24T12:16:00Z,0.0,Fitbit App
2026-05-24T12:17:00Z,0.0,Fitbit App
2026-05-24T12:18:00Z,0.0,Fitbit App
2026-05-24T12:19:00Z,0.0,Fitbit App
2026-05-24T12:20:00Z,0.0,Fitbit App
2026-05-24T12:21:00Z,0.0,Fitbit App
2026-05-24T12:22:00Z,0.0,Fitbit App
2026-05-24T12:23:00Z,0.0,Fitbit App
2026-05-24T12:24:00Z,0.7609500000000001,Fitbit App
2026-05-24T12:25:00Z,1.5219000000000003,Fitbit App
2026-05-24T12:26:00Z,0.0,Fitbit App
2026-05-24T12:27:00Z,2.28285,Fitbit App
2026-05-24T12:28:00Z,1.26825,Fitbit App
2026-05-24T12:29:00Z,1.0146,Fitbit App
2026-05-24T12:30:00Z,0.0,Fitbit App
2026-05-24T12:31:00Z,4.312050000000001,Fitbit App
2026-05-24T12:32:00Z,2.5365,Fitbit App
2026-05-24T12:33:00Z,0.0,Fitbit App
2026-05-24T12:34:00Z,0.0,Fitbit App
2026-05-24T12:35:00Z,0.0,Fitbit App
2026-05-24T12:36:00Z,0.0,Fitbit App
2026-05-24T12:39:00Z,0.0,Fitbit App
2026-05-24T12:43:00Z,0.0,Fitbit App
2026-05-24T12:44:00Z,0.0,Fitbit App
2026-05-24T12:52:00Z,0.0,Fitbit App
2026-05-24T12:53:00Z,0.0,Fitbit App
2026-05-24T12:54:00Z,0.0,Fitbit App
2026-05-24T12:55:00Z,0.0,Fitbit App
2026-05-24T12:59:00Z,0.0,Fitbit App
2026-05-24T13:00:00Z,0.0,Fitbit App
2026-05-24T13:02:00Z,0.0,Fitbit App
2026-05-24T13:03:00Z,0.0,Fitbit App
2026-05-24T13:04:00Z,0.0,Fitbit App
2026-05-24T13:11:00Z,0.0,Fitbit App
2026-05-24T13:12:00Z,0.0,Fitbit App
2026-05-24T13:13:00Z,0.0,Fitbit App
2026-05-24T13:14:00Z,0.0,Fitbit App
2026-05-24T13:15:00Z,1.0146,Fitbit App
2026-05-24T13:16:00Z,1.77555,Fitbit App
2026-05-24T13:17:00Z,1.26825,Fitbit App
2026-05-24T13:18:00Z,1.26825,Fitbit App
2026-05-24T13:19:00Z,1.26825,Fitbit App
2026-05-24T13:20:00Z,0.7609500000000001,Fitbit App
2026-05-24T13:22:00Z,1.5219000000000003,Fitbit App
2026-05-24T13:23:00Z,1.5219000000000003,Fitbit App
2026-05-24T13:24:00Z,0.0,Fitbit App
2026-05-24T13:27:00Z,1.77555,Fitbit App
2026-05-24T13:28:00Z,0.0,Fitbit App
2026-05-24T13:29:00Z,1.26825,Fitbit App
2026-05-24T13:30:00Z,1.5219000000000003,Fitbit App
2026-05-24T13:31:00Z,0.0,Fitbit App
2026-05-24T13:32:00Z,2.0292000000000003,Fitbit App
2026-05-24T13:33:00Z,2.0292000000000003,Fitbit App
2026-05-24T13:34:00Z,2.7901500000000006,Fitbit App
2026-05-24T13:35:00Z,1.77555,Fitbit App
2026-05-24T13:36:00Z,0.0,Fitbit App
2026-05-24T13:37:00Z,0.0,Fitbit App
2026-05-24T13:38:00Z,1.26825,Fitbit App
2026-05-24T13:39:00Z,0.0,Fitbit App
2026-05-24T13:40:00Z,2.0292000000000003,Fitbit App
2026-05-24T13:41:00Z,0.0,Fitbit App
2026-05-24T13:43:00Z,0.0,Fitbit App
2026-05-24T13:44:00Z,0.0,Fitbit App
2026-05-24T13:47:00Z,0.0,Fitbit App
2026-05-24T13:48:00Z,1.0146,Fitbit App
2026-05-24T13:49:00Z,0.0,Fitbit App
2026-05-24T13:50:00Z,0.0,Fitbit App
2026-05-24T13:51:00Z,0.7609500000000001,Fitbit App
2026-05-24T13:52:00Z,0.5073,Fitbit App
2026-05-24T13:53:00Z,0.0,Fitbit App
2026-05-24T13:54:00Z,0.0,Fitbit App
2026-05-24T13:55:00Z,0.0,Fitbit App
2026-05-24T13:56:00Z,0.0,Fitbit App
2026-05-24T13:57:00Z,0.0,Fitbit App
2026-05-24T13:58:00Z,0.0,Fitbit App
2026-05-24T13:59:00Z,0.0,Fitbit App
2026-05-24T14:00:00Z,2.0292000000000003,Fitbit App
2026-05-24T14:01:00Z,5.073,Fitbit App
2026-05-24T14:02:00Z,0.0,Fitbit App
2026-05-24T14:03:00Z,1.0146,Fitbit App
2026-05-24T14:04:00Z,0.0,Fitbit App
2026-05-24T14:05:00Z,2.28285,Fitbit App
2026-05-24T14:06:00Z,2.28285,Fitbit App
2026-05-24T14:07:00Z,3.29745,Fitbit App
2026-05-24T14:08:00Z,0.5073,Fitbit App
2026-05-24T14:09:00Z,1.0146,Fitbit App
2026-05-24T14:10:00Z,1.26825,Fitbit App
2026-05-24T14:11:00Z,0.0,Fitbit App
2026-05-24T14:12:00Z,0.0,Fitbit App
2026-05-24T14:13:00Z,1.77555,Fitbit App
2026-05-24T14:14:00Z,0.0,Fitbit App
2026-05-24T14:18:00Z,0.0,Fitbit App
2026-05-24T14:20:00Z,0.0,Fitbit App
2026-05-24T14:21:00Z,1.0146,Fitbit App
2026-05-24T14:24:00Z,0.0,Fitbit App
2026-05-24T14:25:00Z,0.0,Fitbit App
2026-05-24T14:28:00Z,0.7609500000000001,Fitbit App
2026-05-24T14:29:00Z,0.0,Fitbit App
2026-05-24T14:30:00Z,0.0,Fitbit App
2026-05-24T14:31:00Z,1.77555,Fitbit App
2026-05-24T14:32:00Z,3.8047500000000003,Fitbit App
2026-05-24T14:33:00Z,1.5219000000000003,Fitbit App
2026-05-24T14:34:00Z,2.28285,Fitbit App
2026-05-24T14:35:00Z,0.0,Fitbit App
2026-05-24T14:37:00Z,0.0,Fitbit App
2026-05-24T14:38:00Z,1.0146,Fitbit App
2026-05-24T14:39:00Z,0.7609500000000001,Fitbit App
2026-05-24T14:40:00Z,1.26825,Fitbit App
2026-05-24T14:41:00Z,0.5073,Fitbit App
2026-05-24T14:50:00Z,0.0,Fitbit App
2026-05-24T14:59:00Z,0.0,Fitbit App
2026-05-24T15:01:00Z,0.0,Fitbit App
2026-05-24T15:12:00Z,0.0,Fitbit App
2026-05-24T15:13:00Z,1.5219000000000003,Fitbit App
2026-05-24T15:14:00Z,0.0,Fitbit App
2026-05-24T15:15:00Z,0.0,Fitbit App
2026-05-24T15:16:00Z,0.0,Fitbit App
2026-05-24T15:17:00Z,0.0,Fitbit App
2026-05-24T15:18:00Z,0.0,Fitbit App
2026-05-24T15:19:00Z,0.0,Fitbit App
2026-05-24T15:20:00Z,0.0,Fitbit App
2026-05-24T15:21:00Z,0.7609500000000001,Fitbit App
2026-05-24T15:22:00Z,0.0,Fitbit App
2026-05-24T15:23:00Z,0.0,Fitbit App
2026-05-24T15:24:00Z,2.7901500000000006,Fitbit App
2026-05-24T15:25:00Z,5.073,Fitbit App
2026-05-24T15:26:00Z,2.5365,Fitbit App
2026-05-24T15:27:00Z,3.5511,Fitbit App
2026-05-24T15:28:00Z,4.5657,Fitbit App
2026-05-24T15:29:00Z,2.28285,Fitbit App
2026-05-24T15:30:00Z,4.058400000000001,Fitbit App
2026-05-24T15:31:00Z,2.5365,Fitbit App
2026-05-24T15:32:00Z,1.77555,Fitbit App
2026-05-24T15:33:00Z,5.326650000000001,Fitbit App
2026-05-24T15:34:00Z,3.5511,Fitbit App
2026-05-24T15:35:00Z,3.5511,Fitbit App
2026-05-24T15:36:00Z,4.81935,Fitbit App
2026-05-24T15:37:00Z,3.8047500000000003,Fitbit App
2026-05-24T15:38:00Z,3.0438000000000005,Fitbit App
2026-05-24T15:39:00Z,0.0,Fitbit App
2026-05-24T15:40:00Z,2.0292000000000003,Fitbit App
2026-05-24T15:41:00Z,2.28285,Fitbit App
2026-05-24T15:42:00Z,2.28285,Fitbit App
2026-05-24T15:43:00Z,3.8047500000000003,Fitbit App
2026-05-24T15:44:00Z,2.7901500000000006,Fitbit App
2026-05-24T15:45:00Z,3.8047500000000003,Fitbit App
2026-05-24T15:46:00Z,3.8047500000000003,Fitbit App
2026-05-24T15:47:00Z,4.5657,Fitbit App
2026-05-24T15:48:00Z,3.29745,Fitbit App
2026-05-24T15:49:00Z,0.7609500000000001,Fitbit App
2026-05-24T15:50:00Z,1.26825,Fitbit App
2026-05-24T15:51:00Z,0.0,Fitbit App
2026-05-24T15:52:00Z,0.0,Fitbit App
2026-05-24T15:53:00Z,0.7609500000000001,Fitbit App
2026-05-24T15:57:00Z,0.0,Fitbit App
2026-05-24T15:59:00Z,0.0,Fitbit App
2026-05-24T16:00:00Z,0.0,Fitbit App
2026-05-24T16:01:00Z,0.0,Fitbit App
2026-05-24T16:02:00Z,0.0,Fitbit App
2026-05-24T16:03:00Z,0.0,Fitbit App
2026-05-24T16:05:00Z,0.0,Fitbit App
2026-05-24T16:06:00Z,0.7609500000000001,Fitbit App
2026-05-24T16:07:00Z,0.5073,Fitbit App
2026-05-24T16:08:00Z,0.5073,Fitbit App
2026-05-24T16:09:00Z,0.25365000000000026,Fitbit App
2026-05-24T16:10:00Z,0.0,Fitbit App
2026-05-24T16:11:00Z,0.0,Fitbit App
2026-05-24T16:12:00Z,0.0,Fitbit App
2026-05-24T16:13:00Z,0.0,Fitbit App
2026-05-24T16:14:00Z,0.0,Fitbit App
2026-05-24T16:15:00Z,0.7609500000000001,Fitbit App
2026-05-24T16:16:00Z,2.28285,Fitbit App
2026-05-24T16:17:00Z,1.5219000000000003,Fitbit App
2026-05-24T16:18:00Z,0.7609500000000001,Fitbit App
2026-05-24T16:19:00Z,1.26825,Fitbit App
2026-05-24T16:20:00Z,0.0,Fitbit App
2026-05-24T16:21:00Z,1.0146,Fitbit App
2026-05-24T16:22:00Z,0.0,Fitbit App
2026-05-24T16:23:00Z,0.0,Fitbit App
2026-05-24T16:24:00Z,0.0,Fitbit App
2026-05-24T16:25:00Z,0.0,Fitbit App
2026-05-24T16:26:00Z,0.0,Fitbit App
2026-05-24T16:27:00Z,1.0146,Fitbit App
2026-05-24T16:28:00Z,0.0,Fitbit App
2026-05-24T16:29:00Z,0.0,Fitbit App
2026-05-24T16:30:00Z,1.26825,Fitbit App
2026-05-24T16:31:00Z,0.0,Fitbit App
2026-05-24T16:32:00Z,0.0,Fitbit App
2026-05-24T16:33:00Z,0.0,Fitbit App
2026-05-24T16:34:00Z,0.0,Fitbit App
2026-05-24T16:35:00Z,0.0,Fitbit App
2026-05-24T16:36:00Z,0.0,Fitbit App
2026-05-24T16:37:00Z,0.0,Fitbit App
2026-05-24T16:38:00Z,0.0,Fitbit App
2026-05-24T16:39:00Z,1.26825,Fitbit App
2026-05-24T16:40:00Z,1.5219000000000003,Fitbit App
2026-05-24T16:41:00Z,0.7609500000000001,Fitbit App
2026-05-24T16:42:00Z,0.5073,Fitbit App
2026-05-24T16:43:00Z,0.0,Fitbit App
2026-05-24T16:44:00Z,0.0,Fitbit App
2026-05-24T16:46:00Z,0.0,Fitbit App
2026-05-24T16:47:00Z,0.0,Fitbit App
2026-05-24T16:48:00Z,0.0,Fitbit App
2026-05-24T16:49:00Z,0.0,Fitbit App
2026-05-24T16:50:00Z,0.0,Fitbit App
2026-05-24T16:51:00Z,0.0,Fitbit App
2026-05-24T16:52:00Z,0.0,Fitbit App
2026-05-24T16:53:00Z,0.0,Fitbit App
2026-05-24T16:54:00Z,0.5073,Fitbit App
2026-05-24T16:56:00Z,0.0,Fitbit App
2026-05-24T16:57:00Z,0.5073,Fitbit App
2026-05-24T16:58:00Z,0.7609500000000001,Fitbit App
2026-05-24T16:59:00Z,0.0,Fitbit App
2026-05-24T17:00:00Z,0.0,Fitbit App
2026-05-24T17:01:00Z,0.0,Fitbit App
2026-05-24T17:03:00Z,0.5073,Fitbit App
2026-05-24T17:04:00Z,0.5073,Fitbit App
2026-05-24T17:05:00Z,0.0,Fitbit App
2026-05-24T17:06:00Z,0.0,Fitbit App
2026-05-24T17:07:00Z,0.7609500000000001,Fitbit App
2026-05-24T17:08:00Z,0.0,Fitbit App
2026-05-24T17:09:00Z,0.0,Fitbit App
2026-05-24T17:10:00Z,0.0,Fitbit App
2026-05-24T17:11:00Z,0.0,Fitbit App
2026-05-24T17:12:00Z,0.0,Fitbit App
2026-05-24T17:13:00Z,0.0,Fitbit App
2026-05-24T17:14:00Z,0.5073,Fitbit App
2026-05-24T17:15:00Z,0.0,Fitbit App
2026-05-24T17:16:00Z,0.0,Fitbit App
2026-05-24T17:17:00Z,0.0,Fitbit App
2026-05-24T17:18:00Z,0.0,Fitbit App
2026-05-24T17:19:00Z,0.7609500000000001,Fitbit App
2026-05-24T17:20:00Z,0.0,Fitbit App
2026-05-24T17:21:00Z,0.0,Fitbit App
2026-05-24T17:22:00Z,0.0,Fitbit App
2026-05-24T17:24:00Z,0.0,Fitbit App
2026-05-24T17:25:00Z,1.77555,Fitbit App
2026-05-24T17:26:00Z,0.0,Fitbit App
2026-05-24T17:27:00Z,0.0,Fitbit App
2026-05-24T17:28:00Z,0.0,Fitbit App
2026-05-24T17:29:00Z,0.0,Fitbit App
2026-05-24T17:30:00Z,0.7609500000000001,Fitbit App
2026-05-24T17:31:00Z,0.0,Fitbit App
2026-05-24T17:32:00Z,0.0,Fitbit App
2026-05-24T17:34:00Z,0.0,Fitbit App
2026-05-24T17:35:00Z,0.0,Fitbit App
2026-05-24T17:36:00Z,0.0,Fitbit App
2026-05-24T17:37:00Z,0.0,Fitbit App
2026-05-24T17:38:00Z,0.0,Fitbit App
2026-05-24T17:39:00Z,0.7609500000000001,Fitbit App
2026-05-24T17:40:00Z,0.7609500000000001,Fitbit App
2026-05-24T17:41:00Z,0.0,Fitbit App
2026-05-24T17:42:00Z,0.0,Fitbit App
2026-05-24T17:43:00Z,1.0146,Fitbit App
2026-05-24T17:44:00Z,0.0,Fitbit App
2026-05-24T17:45:00Z,0.0,Fitbit App
2026-05-24T17:46:00Z,0.7609500000000001,Fitbit App
2026-05-24T17:47:00Z,0.0,Fitbit App
2026-05-24T17:48:00Z,0.0,Fitbit App
2026-05-24T17:49:00Z,1.0146,Fitbit App
2026-05-24T17:50:00Z,1.0146,Fitbit App
2026-05-24T17:51:00Z,1.5219000000000003,Fitbit App
2026-05-24T17:52:00Z,0.0,Fitbit App
2026-05-24T17:53:00Z,0.0,Fitbit App
2026-05-24T17:54:00Z,0.0,Fitbit App
2026-05-24T17:56:00Z,0.5073,Fitbit App
2026-05-24T17:57:00Z,0.5073,Fitbit App
2026-05-24T17:58:00Z,0.0,Fitbit App
2026-05-24T17:59:00Z,0.0,Fitbit App
2026-05-24T18:01:00Z,0.0,Fitbit App
2026-05-24T18:02:00Z,2.7901500000000006,Fitbit App
2026-05-24T18:03:00Z,3.29745,Fitbit App
2026-05-24T18:04:00Z,1.26825,Fitbit App
2026-05-24T18:05:00Z,0.0,Fitbit App
2026-05-24T18:06:00Z,0.0,Fitbit App
2026-05-24T18:07:00Z,0.5073,Fitbit App
2026-05-24T18:08:00Z,0.7609500000000001,Fitbit App
2026-05-24T18:12:00Z,0.0,Fitbit App
2026-05-24T18:13:00Z,0.5073,Fitbit App
2026-05-24T18:14:00Z,0.5073,Fitbit App
2026-05-24T18:16:00Z,0.7609500000000001,Fitbit App
2026-05-24T18:17:00Z,0.0,Fitbit App
2026-05-24T18:18:00Z,0.0,Fitbit App
2026-05-24T18:19:00Z,0.0,Fitbit App
2026-05-24T18:20:00Z,0.7609500000000001,Fitbit App
2026-05-24T18:21:00Z,0.0,Fitbit App
2026-05-24T18:22:00Z,0.7609500000000001,Fitbit App
2026-05-24T18:23:00Z,1.77555,Fitbit App
2026-05-24T18:24:00Z,0.7609500000000001,Fitbit App
2026-05-24T18:25:00Z,0.0,Fitbit App
2026-05-24T18:26:00Z,1.0146,Fitbit App
2026-05-24T18:27:00Z,0.5073,Fitbit App
2026-05-24T18:28:00Z,1.0146,Fitbit App
2026-05-24T18:29:00Z,0.0,Fitbit App
2026-05-24T18:30:00Z,0.0,Fitbit App
2026-05-24T18:31:00Z,0.0,Fitbit App
2026-05-24T18:32:00Z,0.7609500000000001,Fitbit App
2026-05-24T18:33:00Z,1.0146,Fitbit App
2026-05-24T18:34:00Z,2.5365,Fitbit App
2026-05-24T18:35:00Z,2.5365,Fitbit App
2026-05-24T18:36:00Z,1.26825,Fitbit App
2026-05-24T18:37:00Z,0.0,Fitbit App
2026-05-24T18:38:00Z,0.0,Fitbit App
2026-05-24T18:39:00Z,0.7609500000000001,Fitbit App
2026-05-24T18:40:00Z,0.0,Fitbit App
2026-05-24T18:42:00Z,0.7609500000000001,Fitbit App
2026-05-24T18:43:00Z,0.0,Fitbit App
2026-05-24T18:44:00Z,0.0,Fitbit App
2026-05-24T18:45:00Z,0.5073,Fitbit App
2026-05-24T18:53:00Z,0.5073,Fitbit App
2026-05-24T18:58:00Z,0.0,Fitbit App
2026-05-24T19:01:00Z,0.0,Fitbit App
2026-05-24T19:04:00Z,0.0,Fitbit App
2026-05-24T19:08:00Z,0.5073,Fitbit App
2026-05-24T19:09:00Z,0.0,Fitbit App
2026-05-24T19:10:00Z,0.5073,Fitbit App
2026-05-24T19:11:00Z,0.5073,Fitbit App
2026-05-24T19:13:00Z,0.0,Fitbit App
2026-05-24T19:14:00Z,0.7609500000000001,Fitbit App
2026-05-24T19:15:00Z,0.0,Fitbit App
2026-05-24T19:16:00Z,0.0,Fitbit App
2026-05-24T19:17:00Z,0.0,Fitbit App
2026-05-24T19:18:00Z,0.0,Fitbit App
2026-05-24T19:19:00Z,0.0,Fitbit App
2026-05-24T19:20:00Z,0.0,Fitbit App
2026-05-24T19:21:00Z,0.0,Fitbit App
2026-05-24T19:22:00Z,0.0,Fitbit App
2026-05-24T19:23:00Z,0.0,Fitbit App
2026-05-24T19:24:00Z,0.0,Fitbit App
2026-05-24T19:26:00Z,0.0,Fitbit App
2026-05-24T19:27:00Z,0.0,Fitbit App
2026-05-24T19:28:00Z,0.0,Fitbit App
2026-05-24T19:30:00Z,0.0,Fitbit App
2026-05-24T19:31:00Z,0.0,Fitbit App
2026-05-24T19:32:00Z,0.0,Fitbit App
2026-05-24T19:33:00Z,0.0,Fitbit App
2026-05-24T19:34:00Z,0.0,Fitbit App
2026-05-24T19:35:00Z,0.0,Fitbit App
2026-05-24T19:36:00Z,0.0,Fitbit App
2026-05-24T19:37:00Z,0.0,Fitbit App
2026-05-24T19:38:00Z,0.0,Fitbit App
2026-05-24T19:39:00Z,0.5073,Fitbit App
2026-05-24T19:43:00Z,0.0,Fitbit App
2026-05-24T19:44:00Z,0.0,Fitbit App
2026-05-24T19:45:00Z,0.5073,Fitbit App
2026-05-24T19:46:00Z,0.7609500000000001,Fitbit App
2026-05-24T19:47:00Z,0.0,Fitbit App
2026-05-24T19:48:00Z,0.5073,Fitbit App
2026-05-24T19:51:00Z,0.0,Fitbit App
2026-05-24T19:52:00Z,0.5073,Fitbit App
2026-05-24T19:53:00Z,0.0,Fitbit App
2026-05-24T19:56:00Z,0.0,Fitbit App
2026-05-24T19:58:00Z,0.7609500000000001,Fitbit App
2026-05-24T19:59:00Z,0.0,Fitbit App
2026-05-24T20:00:00Z,0.0,Fitbit App
2026-05-24T20:01:00Z,0.0,Fitbit App
2026-05-24T20:02:00Z,0.0,Fitbit App
2026-05-24T20:03:00Z,0.0,Fitbit App
2026-05-24T20:04:00Z,0.5073,Fitbit App
2026-05-24T20:05:00Z,0.7609500000000001,Fitbit App
2026-05-24T20:06:00Z,0.7609500000000001,Fitbit App
2026-05-24T20:07:00Z,0.5073,Fitbit App
2026-05-24T20:08:00Z,0.5073,Fitbit App
2026-05-24T20:09:00Z,0.0,Fitbit App
2026-05-24T20:10:00Z,0.7609500000000001,Fitbit App
2026-05-24T20:11:00Z,0.5073,Fitbit App
2026-05-24T20:12:00Z,0.5073,Fitbit App
2026-05-24T20:13:00Z,0.5073,Fitbit App
2026-05-24T20:14:00Z,0.0,Fitbit App
2026-05-24T20:17:00Z,0.0,Fitbit App
2026-05-24T20:18:00Z,0.0,Fitbit App
2026-05-24T20:19:00Z,0.0,Fitbit App
2026-05-24T20:21:00Z,0.5073,Fitbit App
2026-05-24T20:22:00Z,0.0,Fitbit App
2026-05-24T20:24:00Z,0.0,Fitbit App
2026-05-24T20:25:00Z,0.0,Fitbit App
2026-05-24T20:26:00Z,0.0,Fitbit App
2026-05-24T20:27:00Z,0.0,Fitbit App
2026-05-24T20:28:00Z,0.0,Fitbit App
2026-05-24T20:29:00Z,0.7609500000000001,Fitbit App
2026-05-24T20:30:00Z,0.0,Fitbit App
2026-05-24T20:32:00Z,0.0,Fitbit App
2026-05-24T20:33:00Z,0.0,Fitbit App
2026-05-24T20:36:00Z,0.7609500000000001,Fitbit App
2026-05-24T20:37:00Z,0.0,Fitbit App
2026-05-24T20:38:00Z,0.0,Fitbit App
2026-05-24T20:39:00Z,0.0,Fitbit App
2026-05-24T20:40:00Z,0.0,Fitbit App
2026-05-24T20:41:00Z,0.0,Fitbit App
2026-05-24T20:42:00Z,0.0,Fitbit App
2026-05-24T20:43:00Z,0.0,Fitbit App
2026-05-24T20:44:00Z,0.5073,Fitbit App
2026-05-24T20:45:00Z,1.0146,Fitbit App
2026-05-24T20:46:00Z,0.7609500000000001,Fitbit App
2026-05-24T20:47:00Z,0.0,Fitbit App
2026-05-24T20:49:00Z,0.0,Fitbit App
2026-05-24T20:50:00Z,0.0,Fitbit App
2026-05-24T20:51:00Z,0.7609500000000001,Fitbit App
2026-05-24T20:52:00Z,0.0,Fitbit App
2026-05-24T20:53:00Z,0.0,Fitbit App
2026-05-24T20:54:00Z,0.0,Fitbit App
2026-05-24T20:55:00Z,0.5073,Fitbit App
2026-05-24T20:56:00Z,0.0,Fitbit App
2026-05-24T20:57:00Z,0.0,Fitbit App
2026-05-24T20:58:00Z,0.0,Fitbit App
2026-05-24T20:59:00Z,0.0,Fitbit App
2026-05-24T21:00:00Z,0.0,Fitbit App
2026-05-24T21:01:00Z,0.0,Fitbit App
2026-05-24T21:02:00Z,0.5073,Fitbit App
2026-05-24T21:03:00Z,0.0,Fitbit App
2026-05-24T21:04:00Z,0.7609500000000001,Fitbit App
2026-05-24T21:05:00Z,0.0,Fitbit App
2026-05-24T21:08:00Z,0.0,Fitbit App
2026-05-24T21:10:00Z,0.0,Fitbit App
2026-05-24T21:11:00Z,0.0,Fitbit App
2026-05-24T21:12:00Z,1.0146,Fitbit App
2026-05-24T21:15:00Z,0.0,Fitbit App
2026-05-24T21:16:00Z,0.0,Fitbit App
2026-05-24T21:17:00Z,0.0,Fitbit App
2026-05-24T21:18:00Z,1.5219000000000003,Fitbit App
2026-05-24T21:19:00Z,0.0,Fitbit App
2026-05-24T21:20:00Z,0.0,Fitbit App
2026-05-24T21:21:00Z,0.5073,Fitbit App
2026-05-24T21:22:00Z,0.0,Fitbit App
2026-05-24T21:24:00Z,0.0,Fitbit App
2026-05-24T21:25:00Z,1.0146,Fitbit App
2026-05-24T21:26:00Z,0.7609500000000001,Fitbit App
2026-05-24T21:27:00Z,0.0,Fitbit App
2026-05-24T21:28:00Z,1.26825,Fitbit App
2026-05-24T21:29:00Z,0.0,Fitbit App
2026-05-24T21:30:00Z,0.0,Fitbit App
2026-05-24T21:31:00Z,0.0,Fitbit App
2026-05-24T21:33:00Z,1.0146,Fitbit App
2026-05-24T21:34:00Z,0.0,Fitbit App
2026-05-24T21:35:00Z,0.0,Fitbit App
2026-05-24T21:36:00Z,2.0292000000000003,Fitbit App
2026-05-24T21:37:00Z,0.0,Fitbit App
2026-05-24T21:38:00Z,1.5219000000000003,Fitbit App
2026-05-24T21:39:00Z,1.5219000000000003,Fitbit App
2026-05-24T21:40:00Z,3.29745,Fitbit App
2026-05-24T21:41:00Z,2.0292000000000003,Fitbit App
2026-05-24T21:42:00Z,2.5365,Fitbit App
2026-05-24T21:43:00Z,2.5365,Fitbit App
2026-05-24T21:44:00Z,3.8047500000000003,Fitbit App
2026-05-24T21:45:00Z,3.5511,Fitbit App
2026-05-24T21:46:00Z,4.312050000000001,Fitbit App
2026-05-24T21:47:00Z,3.0438000000000005,Fitbit App
2026-05-24T21:48:00Z,2.0292000000000003,Fitbit App
2026-05-24T21:49:00Z,1.26825,Fitbit App
2026-05-24T21:50:00Z,1.77555,Fitbit App
2026-05-24T21:51:00Z,2.28285,Fitbit App
2026-05-24T21:52:00Z,0.0,Fitbit App
2026-05-24T21:53:00Z,1.0146,Fitbit App
2026-05-24T21:54:00Z,0.0,Fitbit App
2026-05-24T21:55:00Z,0.0,Fitbit App
2026-05-24T21:58:00Z,0.0,Fitbit App
2026-05-24T21:59:00Z,0.0,Fitbit App
2026-05-24T22:00:00Z,0.0,Fitbit App
2026-05-24T22:01:00Z,0.0,Fitbit App
2026-05-24T22:02:00Z,0.0,Fitbit App
2026-05-24T22:03:00Z,0.0,Fitbit App
2026-05-24T22:05:00Z,0.0,Fitbit App
2026-05-24T22:06:00Z,0.0,Fitbit App
2026-05-24T22:10:00Z,0.0,Fitbit App
2026-05-24T22:11:00Z,1.5219000000000003,Fitbit App
2026-05-24T22:12:00Z,2.7901500000000006,Fitbit App
2026-05-24T22:13:00Z,2.7901500000000006,Fitbit App
2026-05-24T22:14:00Z,2.0292000000000003,Fitbit App
2026-05-24T22:15:00Z,0.0,Fitbit App
2026-05-24T22:16:00Z,2.5365,Fitbit App
2026-05-24T22:17:00Z,2.7901500000000006,Fitbit App
2026-05-24T22:18:00Z,1.5219000000000003,Fitbit App
2026-05-24T22:19:00Z,2.5365,Fitbit App
2026-05-24T22:20:00Z,1.77555,Fitbit App
2026-05-24T22:21:00Z,1.0146,Fitbit App
2026-05-24T22:22:00Z,2.28285,Fitbit App
2026-05-24T22:23:00Z,1.5219000000000003,Fitbit App
2026-05-24T22:24:00Z,0.7609500000000001,Fitbit App
2026-05-24T22:25:00Z,2.0292000000000003,Fitbit App
2026-05-24T22:26:00Z,4.058400000000001,Fitbit App
2026-05-24T22:27:00Z,1.0146,Fitbit App
2026-05-24T22:28:00Z,1.0146,Fitbit App
2026-05-24T22:29:00Z,2.28285,Fitbit App
2026-05-24T22:33:00Z,0.7609500000000001,Fitbit App
2026-05-24T22:45:00Z,0.0,Fitbit App
2026-05-24T22:49:00Z,0.0,Fitbit App
2026-05-24T22:54:00Z,0.0,Fitbit App
2026-05-24T22:56:00Z,0.0,Fitbit App
2026-05-24T22:59:00Z,0.0,Fitbit App
2026-05-24T23:14:00Z,0.0,Fitbit App
2026-05-24T23:15:00Z,0.5073,Fitbit App
2026-05-24T23:16:00Z,1.5219000000000003,Fitbit App
2026-05-24T23:17:00Z,1.26825,Fitbit App
2026-05-24T23:18:00Z,1.0146,Fitbit App
2026-05-24T23:19:00Z,0.0,Fitbit App
2026-05-24T23:20:00Z,0.7609500000000001,Fitbit App
2026-05-24T23:23:00Z,1.77555,Fitbit App
2026-05-24T23:24:00Z,1.26825,Fitbit App
2026-05-24T23:27:00Z,0.0,Fitbit App
2026-05-24T23:28:00Z,0.0,Fitbit App
2026-05-24T23:33:00Z,0.7609500000000001,Fitbit App
2026-05-24T23:35:00Z,0.0,Fitbit App
2026-05-24T23:38:00Z,0.0,Fitbit App
2026-05-25T00:38:00Z,0.0,Fitbit App
2026-05-25T01:15:00Z,0.0,Fitbit App
2026-05-25T02:11:00Z,0.0,Fitbit App
2026-05-25T03:22:00Z,0.0,Fitbit App
2026-05-25T03:46:00Z,0.0,Fitbit App
2026-05-25T03:48:00Z,0.5073,Fitbit App
2026-05-25T03:55:00Z,0.25365000000000026,Fitbit App
2026-05-25T04:00:00Z,0.0,Fitbit App
2026-05-25T04:02:00Z,0.0,Fitbit App
2026-05-25T04:03:00Z,0.0,Fitbit App
2026-05-25T04:05:00Z,0.0,Fitbit App
2026-05-25T04:06:00Z,0.0,Fitbit App
2026-05-25T05:09:00Z,0.0,Fitbit App
2026-05-25T05:10:00Z,0.0,Fitbit App
2026-05-25T05:12:00Z,0.0,Fitbit App
2026-05-25T05:13:00Z,0.0,Fitbit App
2026-05-25T05:14:00Z,0.0,Fitbit App
2026-05-25T05:24:00Z,0.0,Fitbit App
2026-05-25T05:39:00Z,0.0,Fitbit App
2026-05-25T05:40:00Z,2.5365,Fitbit App
2026-05-25T05:41:00Z,2.0292000000000003,Fitbit App
2026-05-25T05:42:00Z,0.7609500000000001,Fitbit App
2026-05-25T05:43:00Z,0.0,Fitbit App
2026-05-25T05:44:00Z,1.26825,Fitbit App
2026-05-25T05:45:00Z,1.5219000000000003,Fitbit App
2026-05-25T05:46:00Z,0.0,Fitbit App
2026-05-25T05:47:00Z,0.7609500000000001,Fitbit App
2026-05-25T05:48:00Z,2.0292000000000003,Fitbit App
2026-05-25T05:49:00Z,1.0146,Fitbit App
2026-05-25T05:50:00Z,2.5365,Fitbit App
2026-05-25T05:51:00Z,0.0,Fitbit App
2026-05-25T06:07:00Z,0.0,Fitbit App
2026-05-25T06:25:00Z,0.0,Fitbit App
2026-05-25T06:47:00Z,0.0,Fitbit App
2026-05-25T07:03:00Z,0.0,Fitbit App
2026-05-25T07:05:00Z,0.0,Fitbit App
2026-05-25T07:15:00Z,0.7609500000000001,Fitbit App
2026-05-25T07:19:00Z,0.0,Fitbit App
2026-05-25T07:23:00Z,0.0,Fitbit App
2026-05-25T07:33:00Z,0.0,Fitbit App
2026-05-25T07:34:00Z,0.0,Fitbit App
2026-05-25T07:54:00Z,0.0,Fitbit App
2026-05-25T07:56:00Z,0.0,Fitbit App
2026-05-25T08:00:00Z,0.0,Fitbit App
2026-05-25T08:01:00Z,0.0,Fitbit App
2026-05-25T08:08:00Z,0.0,Fitbit App
2026-05-25T08:18:00Z,0.0,Fitbit App
2026-05-25T08:24:00Z,0.0,Fitbit App
2026-05-25T08:25:00Z,0.0,Fitbit App
2026-05-25T08:26:00Z,0.0,Fitbit App
2026-05-25T08:28:00Z,1.26825,Fitbit App
2026-05-25T08:29:00Z,1.5219000000000003,Fitbit App
2026-05-25T08:30:00Z,0.7609500000000001,Fitbit App
2026-05-25T08:31:00Z,0.0,Fitbit App
2026-05-25T08:32:00Z,1.5219000000000003,Fitbit App
2026-05-25T08:33:00Z,1.5219000000000003,Fitbit App
2026-05-25T08:34:00Z,2.5365,Fitbit App
2026-05-25T08:35:00Z,2.28285,Fitbit App
2026-05-25T08:36:00Z,1.77555,Fitbit App
2026-05-25T08:37:00Z,0.0,Fitbit App
2026-05-25T08:38:00Z,2.0292000000000003,Fitbit App
2026-05-25T08:39:00Z,3.5511,Fitbit App
2026-05-25T08:40:00Z,0.0,Fitbit App
2026-05-25T08:41:00Z,1.3950750000000003,Fitbit App
2026-05-25T08:42:00Z,3.29745,Fitbit App
2026-05-25T08:43:00Z,2.5365,Fitbit App
2026-05-25T08:44:00Z,2.5365,Fitbit App
2026-05-25T08:45:00Z,2.28285,Fitbit App
2026-05-25T08:46:00Z,2.7901500000000006,Fitbit App
2026-05-25T08:47:00Z,0.0,Fitbit App
2026-05-25T08:48:00Z,3.8047500000000003,Fitbit App
2026-05-25T08:49:00Z,2.7901500000000006,Fitbit App
2026-05-25T08:50:00Z,2.5365,Fitbit App
2026-05-25T08:51:00Z,3.0438000000000005,Fitbit App
2026-05-25T08:52:00Z,2.5365,Fitbit App
2026-05-25T08:53:00Z,2.7901500000000006,Fitbit App
2026-05-25T08:54:00Z,2.7901500000000006,Fitbit App
2026-05-25T08:55:00Z,0.0,Fitbit App
2026-05-25T08:56:00Z,0.0,Fitbit App
2026-05-25T08:57:00Z,0.0,Fitbit App
2026-05-25T08:58:00Z,1.77555,Fitbit App
2026-05-25T08:59:00Z,0.0,Fitbit App
2026-05-25T09:00:00Z,0.0,Fitbit App
2026-05-25T09:01:00Z,1.5219000000000003,Fitbit App
2026-05-25T09:02:00Z,1.648725,Fitbit App
2026-05-25T09:03:00Z,1.648725,Fitbit App
2026-05-25T09:04:00Z,0.0,Fitbit App
2026-05-25T09:05:00Z,0.0,Fitbit App
2026-05-25T09:06:00Z,0.0,Fitbit App
2026-05-25T09:07:00Z,0.0,Fitbit App
2026-05-25T09:08:00Z,2.0292000000000003,Fitbit App
2026-05-25T09:09:00Z,0.0,Fitbit App
2026-05-25T09:10:00Z,0.0,Fitbit App
2026-05-25T09:11:00Z,1.5219000000000003,Fitbit App
2026-05-25T09:12:00Z,0.0,Fitbit App
2026-05-25T09:13:00Z,0.0,Fitbit App
2026-05-25T09:14:00Z,0.0,Fitbit App
2026-05-25T09:15:00Z,0.0,Fitbit App
2026-05-25T09:16:00Z,0.0,Fitbit App
2026-05-25T09:17:00Z,0.0,Fitbit App
2026-05-25T09:18:00Z,2.28285,Fitbit App
2026-05-25T09:19:00Z,0.0,Fitbit App
2026-05-25T09:20:00Z,0.0,Fitbit App
2026-05-25T09:21:00Z,0.0,Fitbit App
2026-05-25T09:22:00Z,0.0,Fitbit App
2026-05-25T09:23:00Z,0.0,Fitbit App
2026-05-25T09:24:00Z,0.0,Fitbit App
2026-05-25T09:25:00Z,0.0,Fitbit App
2026-05-25T09:26:00Z,0.7609500000000001,Fitbit App
2026-05-25T09:27:00Z,1.77555,Fitbit App
2026-05-25T09:28:00Z,2.28285,Fitbit App
2026-05-25T09:29:00Z,2.0292000000000003,Fitbit App
2026-05-25T09:30:00Z,0.0,Fitbit App
2026-05-25T09:31:00Z,0.0,Fitbit App
2026-05-25T09:32:00Z,1.26825,Fitbit App
2026-05-25T09:33:00Z,1.5219000000000003,Fitbit App
2026-05-25T09:34:00Z,2.28285,Fitbit App
2026-05-25T09:35:00Z,0.0,Fitbit App
2026-05-25T09:36:00Z,0.0,Fitbit App
2026-05-25T09:38:00Z,2.28285,Fitbit App
2026-05-25T09:39:00Z,0.0,Fitbit App
2026-05-25T09:40:00Z,0.0,Fitbit App
2026-05-25T09:42:00Z,0.0,Fitbit App
2026-05-25T09:43:00Z,0.0,Fitbit App
2026-05-25T09:44:00Z,0.0,Fitbit App
2026-05-25T09:45:00Z,0.0,Fitbit App
2026-05-25T09:46:00Z,0.0,Fitbit App
2026-05-25T09:47:00Z,2.0292000000000003,Fitbit App
2026-05-25T09:48:00Z,2.0292000000000003,Fitbit App
2026-05-25T09:49:00Z,1.77555,Fitbit App
2026-05-25T09:50:00Z,1.77555,Fitbit App
2026-05-25T09:51:00Z,3.0438000000000005,Fitbit App
2026-05-25T09:52:00Z,1.5219000000000003,Fitbit App
2026-05-25T09:53:00Z,1.5219000000000003,Fitbit App
2026-05-25T09:54:00Z,3.5511,Fitbit App
2026-05-25T09:55:00Z,2.0292000000000003,Fitbit App
2026-05-25T09:56:00Z,2.5365,Fitbit App
2026-05-25T09:57:00Z,1.26825,Fitbit App
2026-05-25T09:58:00Z,0.7609500000000001,Fitbit App
2026-05-25T09:59:00Z,1.77555,Fitbit App
2026-05-25T10:00:00Z,1.26825,Fitbit App
2026-05-25T10:01:00Z,0.0,Fitbit App
2026-05-25T10:02:00Z,0.0,Fitbit App
2026-05-25T10:03:00Z,0.0,Fitbit App
2026-05-25T10:04:00Z,0.0,Fitbit App
2026-05-25T10:05:00Z,0.0,Fitbit App
2026-05-25T10:06:00Z,0.0,Fitbit App
2026-05-25T10:07:00Z,0.0,Fitbit App
2026-05-25T10:08:00Z,0.0,Fitbit App
2026-05-25T10:09:00Z,1.0146,Fitbit App
2026-05-25T10:10:00Z,1.5219000000000003,Fitbit App
2026-05-25T10:11:00Z,2.28285,Fitbit App
2026-05-25T10:12:00Z,2.5365,Fitbit App
2026-05-25T10:13:00Z,2.0292000000000003,Fitbit App
2026-05-25T10:14:00Z,0.0,Fitbit App
2026-05-25T10:15:00Z,2.5365,Fitbit App
2026-05-25T10:16:00Z,2.5365,Fitbit App
2026-05-25T10:17:00Z,2.5365,Fitbit App
2026-05-25T10:18:00Z,3.0438000000000005,Fitbit App
2026-05-25T10:19:00Z,2.28285,Fitbit App
2026-05-25T10:20:00Z,0.0,Fitbit App
2026-05-25T10:21:00Z,0.0,Fitbit App
2026-05-25T10:22:00Z,0.0,Fitbit App
2026-05-25T10:23:00Z,0.0,Fitbit App
2026-05-25T10:24:00Z,0.0,Fitbit App
2026-05-25T10:25:00Z,0.0,Fitbit App
2026-05-25T10:26:00Z,0.0,Fitbit App
2026-05-25T10:27:00Z,0.0,Fitbit App
2026-05-25T10:28:00Z,0.0,Fitbit App
2026-05-25T10:29:00Z,0.0,Fitbit App
2026-05-25T10:30:00Z,0.0,Fitbit App
2026-05-25T10:31:00Z,0.0,Fitbit App
2026-05-25T10:32:00Z,0.0,Fitbit App
2026-05-25T10:33:00Z,0.0,Fitbit App
2026-05-25T10:34:00Z,0.0,Fitbit App
2026-05-25T10:35:00Z,1.0146,Fitbit App
2026-05-25T10:36:00Z,0.0,Fitbit App
2026-05-25T10:37:00Z,0.0,Fitbit App
2026-05-25T10:38:00Z,0.0,Fitbit App
2026-05-25T10:39:00Z,0.0,Fitbit App
2026-05-25T10:40:00Z,0.0,Fitbit App
2026-05-25T10:41:00Z,0.0,Fitbit App
2026-05-25T10:42:00Z,0.0,Fitbit App
2026-05-25T10:43:00Z,0.0,Fitbit App
2026-05-25T10:44:00Z,1.5219000000000003,Fitbit App
2026-05-25T10:45:00Z,2.0292000000000003,Fitbit App
2026-05-25T10:46:00Z,3.0438000000000005,Fitbit App
2026-05-25T10:47:00Z,2.916975,Fitbit App
2026-05-25T10:48:00Z,3.8047500000000003,Fitbit App
2026-05-25T10:49:00Z,3.8047500000000003,Fitbit App
2026-05-25T10:50:00Z,3.8047500000000003,Fitbit App
2026-05-25T10:51:00Z,1.648725,Fitbit App
2026-05-25T10:52:00Z,1.5219000000000003,Fitbit App
2026-05-25T10:53:00Z,1.648725,Fitbit App
2026-05-25T10:54:00Z,0.0,Fitbit App
2026-05-25T10:55:00Z,0.0,Fitbit App
2026-05-25T10:56:00Z,0.0,Fitbit App
2026-05-25T10:57:00Z,0.0,Fitbit App
2026-05-25T10:58:00Z,0.0,Fitbit App
2026-05-25T10:59:00Z,0.0,Fitbit App
2026-05-25T11:00:00Z,0.0,Fitbit App
2026-05-25T11:01:00Z,0.0,Fitbit App
2026-05-25T11:02:00Z,0.0,Fitbit App
2026-05-25T11:03:00Z,0.0,Fitbit App
2026-05-25T11:04:00Z,0.0,Fitbit App
2026-05-25T11:05:00Z,0.0,Fitbit App
2026-05-25T11:06:00Z,0.0,Fitbit App
2026-05-25T11:07:00Z,0.0,Fitbit App
2026-05-25T11:08:00Z,0.0,Fitbit App
2026-05-25T11:09:00Z,0.0,Fitbit App
2026-05-25T11:10:00Z,0.0,Fitbit App
2026-05-25T11:11:00Z,0.0,Fitbit App
2026-05-25T11:12:00Z,1.5219000000000003,Fitbit App
2026-05-25T11:13:00Z,1.77555,Fitbit App
2026-05-25T11:14:00Z,0.0,Fitbit App
2026-05-25T11:15:00Z,0.0,Fitbit App
2026-05-25T11:16:00Z,0.0,Fitbit App
2026-05-25T11:17:00Z,0.0,Fitbit App
2026-05-25T11:20:00Z,0.0,Fitbit App
2026-05-25T11:21:00Z,0.0,Fitbit App
2026-05-25T11:23:00Z,0.0,Fitbit App
2026-05-25T11:26:00Z,0.0,Fitbit App
2026-05-25T11:27:00Z,0.0,Fitbit App
2026-05-25T11:30:00Z,0.0,Fitbit App
2026-05-25T11:34:00Z,0.0,Fitbit App
2026-05-25T11:37:00Z,0.0,Fitbit App
2026-05-25T11:38:00Z,0.0,Fitbit App
2026-05-25T11:39:00Z,0.0,Fitbit App
2026-05-25T11:40:00Z,1.5219000000000003,Fitbit App
2026-05-25T11:41:00Z,0.0,Fitbit App
2026-05-25T11:42:00Z,5.83395,Fitbit App
2026-05-25T11:43:00Z,6.594900000000001,Fitbit App
2026-05-25T11:44:00Z,6.9753750000000005,Fitbit App
2026-05-25T11:45:00Z,6.594900000000001,Fitbit App
2026-05-25T11:46:00Z,1.26825,Fitbit App
2026-05-25T11:47:00Z,0.0,Fitbit App
2026-05-25T11:48:00Z,0.0,Fitbit App
2026-05-25T11:50:00Z,0.0,Fitbit App
2026-05-25T11:51:00Z,0.0,Fitbit App
2026-05-25T11:52:00Z,2.0292000000000003,Fitbit App
2026-05-25T11:53:00Z,4.81935,Fitbit App
2026-05-25T11:54:00Z,5.83395,Fitbit App
2026-05-25T11:55:00Z,6.468075,Fitbit App
2026-05-25T11:56:00Z,6.594900000000001,Fitbit App
2026-05-25T11:57:00Z,4.058400000000001,Fitbit App
2026-05-25T11:58:00Z,0.0,Fitbit App
2026-05-25T11:59:00Z,1.77555,Fitbit App
2026-05-25T12:00:00Z,3.5511,Fitbit App
2026-05-25T12:01:00Z,1.5219000000000003,Fitbit App
2026-05-25T12:02:00Z,0.0,Fitbit App
2026-05-25T12:03:00Z,0.0,Fitbit App
2026-05-25T12:04:00Z,0.0,Fitbit App
2026-05-25T12:05:00Z,0.0,Fitbit App
2026-05-25T12:06:00Z,1.26825,Fitbit App
2026-05-25T12:07:00Z,2.0292000000000003,Fitbit App
2026-05-25T12:08:00Z,2.7901500000000006,Fitbit App
2026-05-25T12:09:00Z,1.5219000000000003,Fitbit App
2026-05-25T12:10:00Z,1.77555,Fitbit App
2026-05-25T12:11:00Z,1.0146,Fitbit App
2026-05-25T12:12:00Z,2.5365,Fitbit App
2026-05-25T12:13:00Z,1.77555,Fitbit App
2026-05-25T12:14:00Z,1.5219000000000003,Fitbit App
2026-05-25T12:16:00Z,0.7609500000000001,Fitbit App
2026-05-25T12:17:00Z,0.0,Fitbit App
2026-05-25T12:18:00Z,0.0,Fitbit App
2026-05-25T12:19:00Z,0.0,Fitbit App
2026-05-25T12:20:00Z,0.0,Fitbit App
2026-05-25T12:21:00Z,0.0,Fitbit App
2026-05-25T12:22:00Z,2.5365,Fitbit App
2026-05-25T12:23:00Z,4.058400000000001,Fitbit App
2026-05-25T12:24:00Z,4.81935,Fitbit App
2026-05-25T12:25:00Z,4.81935,Fitbit App
2026-05-25T12:26:00Z,2.7901500000000006,Fitbit App
2026-05-25T12:27:00Z,4.312050000000001,Fitbit App
2026-05-25T12:28:00Z,4.5657,Fitbit App
2026-05-25T12:29:00Z,4.5657,Fitbit App
2026-05-25T12:30:00Z,4.312050000000001,Fitbit App
2026-05-25T12:31:00Z,4.81935,Fitbit App
2026-05-25T12:32:00Z,4.81935,Fitbit App
2026-05-25T12:33:00Z,4.81935,Fitbit App
2026-05-25T12:34:00Z,4.312050000000001,Fitbit App
2026-05-25T12:35:00Z,3.8047500000000003,Fitbit App
2026-05-25T12:36:00Z,2.28285,Fitbit App
2026-05-25T12:37:00Z,4.312050000000001,Fitbit App
2026-05-25T12:38:00Z,4.5657,Fitbit App
2026-05-25T12:39:00Z,3.8047500000000003,Fitbit App
2026-05-25T12:40:00Z,4.5657,Fitbit App
2026-05-25T12:41:00Z,2.7901500000000006,Fitbit App
2026-05-25T12:42:00Z,4.058400000000001,Fitbit App
2026-05-25T12:43:00Z,5.073,Fitbit App
2026-05-25T12:44:00Z,4.058400000000001,Fitbit App
2026-05-25T12:45:00Z,2.5365,Fitbit App
2026-05-25T12:46:00Z,0.0,Fitbit App
2026-05-25T12:47:00Z,0.0,Fitbit App
2026-05-25T12:50:00Z,0.0,Fitbit App
2026-05-25T12:54:00Z,0.0,Fitbit App
2026-05-25T12:56:00Z,0.0,Fitbit App
2026-05-25T12:57:00Z,0.0,Fitbit App
2026-05-25T12:58:00Z,0.0,Fitbit App
2026-05-25T12:59:00Z,0.0,Fitbit App
2026-05-25T13:00:00Z,0.0,Fitbit App
2026-05-25T13:01:00Z,0.0,Fitbit App
2026-05-25T13:02:00Z,0.0,Fitbit App
2026-05-25T13:03:00Z,3.0438000000000005,Fitbit App
2026-05-25T13:04:00Z,3.0438000000000005,Fitbit App
2026-05-25T13:05:00Z,3.29745,Fitbit App
2026-05-25T13:06:00Z,3.8047500000000003,Fitbit App
2026-05-25T13:07:00Z,3.8047500000000003,Fitbit App
2026-05-25T13:08:00Z,3.29745,Fitbit App
2026-05-25T13:09:00Z,2.28285,Fitbit App
2026-05-25T13:10:00Z,1.648725,Fitbit App
2026-05-25T13:11:00Z,3.0438000000000005,Fitbit App
2026-05-25T13:12:00Z,3.0438000000000005,Fitbit App
2026-05-25T13:13:00Z,3.5511,Fitbit App
2026-05-25T13:14:00Z,1.648725,Fitbit App
2026-05-25T13:15:00Z,0.0,Fitbit App
2026-05-25T13:16:00Z,0.0,Fitbit App
2026-05-25T13:17:00Z,1.5219000000000003,Fitbit App
2026-05-25T13:18:00Z,0.0,Fitbit App
2026-05-25T13:19:00Z,0.0,Fitbit App
2026-05-25T13:20:00Z,0.0,Fitbit App
2026-05-25T13:21:00Z,0.0,Fitbit App
2026-05-25T13:22:00Z,0.0,Fitbit App
2026-05-25T13:23:00Z,2.0292000000000003,Fitbit App
2026-05-25T13:24:00Z,1.26825,Fitbit App
2026-05-25T13:25:00Z,0.0,Fitbit App
2026-05-25T13:26:00Z,0.0,Fitbit App
2026-05-25T13:27:00Z,0.0,Fitbit App
2026-05-25T13:28:00Z,0.0,Fitbit App
2026-05-25T13:29:00Z,0.0,Fitbit App
2026-05-25T13:30:00Z,1.0146,Fitbit App
2026-05-25T13:31:00Z,2.7901500000000006,Fitbit App
2026-05-25T13:32:00Z,3.8047500000000003,Fitbit App
2026-05-25T13:33:00Z,5.7071250000000004,Fitbit App
2026-05-25T13:34:00Z,0.0,Fitbit App
2026-05-25T13:35:00Z,0.0,Fitbit App
2026-05-25T13:36:00Z,0.0,Fitbit App
2026-05-25T13:37:00Z,0.0,Fitbit App
2026-05-25T13:38:00Z,0.0,Fitbit App
2026-05-25T13:39:00Z,0.0,Fitbit App
2026-05-25T13:40:00Z,0.0,Fitbit App
2026-05-25T13:41:00Z,0.0,Fitbit App
2026-05-25T13:42:00Z,0.0,Fitbit App
2026-05-25T13:43:00Z,0.0,Fitbit App
2026-05-25T13:44:00Z,0.0,Fitbit App
2026-05-25T13:45:00Z,0.0,Fitbit App
2026-05-25T13:46:00Z,6.3412500000000005,Fitbit App
2026-05-25T13:47:00Z,2.916975,Fitbit App
2026-05-25T13:48:00Z,3.0438000000000005,Fitbit App
2026-05-25T13:49:00Z,2.5365,Fitbit App
2026-05-25T13:50:00Z,2.5365,Fitbit App
2026-05-25T13:51:00Z,1.77555,Fitbit App
2026-05-25T13:52:00Z,0.0,Fitbit App
2026-05-25T13:53:00Z,0.0,Fitbit App
2026-05-25T13:54:00Z,0.0,Fitbit App
2026-05-25T13:55:00Z,0.0,Fitbit App
2026-05-25T13:56:00Z,1.77555,Fitbit App
2026-05-25T13:57:00Z,1.26825,Fitbit App
2026-05-25T13:58:00Z,0.0,Fitbit App
2026-05-25T13:59:00Z,1.5219000000000003,Fitbit App
2026-05-25T14:00:00Z,2.0292000000000003,Fitbit App
2026-05-25T14:01:00Z,2.0292000000000003,Fitbit App
2026-05-25T14:02:00Z,0.0,Fitbit App
2026-05-25T14:03:00Z,0.0,Fitbit App
2026-05-25T14:04:00Z,0.0,Fitbit App
2026-05-25T14:05:00Z,0.0,Fitbit App
2026-05-25T14:07:00Z,0.0,Fitbit App
2026-05-25T14:09:00Z,0.0,Fitbit App
2026-05-25T14:12:00Z,0.0,Fitbit App
2026-05-25T14:20:00Z,0.0,Fitbit App
2026-05-25T14:22:00Z,0.0,Fitbit App
2026-05-25T14:23:00Z,0.0,Fitbit App
2026-05-25T14:24:00Z,0.7609500000000001,Fitbit App
2026-05-25T14:25:00Z,1.26825,Fitbit App
2026-05-25T14:26:00Z,1.5219000000000003,Fitbit App
2026-05-25T14:27:00Z,2.0292000000000003,Fitbit App
2026-05-25T14:28:00Z,0.0,Fitbit App
2026-05-25T14:29:00Z,0.0,Fitbit App
2026-05-25T14:30:00Z,1.77555,Fitbit App
2026-05-25T14:31:00Z,2.0292000000000003,Fitbit App
2026-05-25T14:32:00Z,2.5365,Fitbit App
2026-05-25T14:33:00Z,2.28285,Fitbit App
2026-05-25T14:34:00Z,3.0438000000000005,Fitbit App
2026-05-25T14:35:00Z,2.0292000000000003,Fitbit App
2026-05-25T14:36:00Z,3.5511,Fitbit App
2026-05-25T14:37:00Z,5.073,Fitbit App
2026-05-25T14:38:00Z,2.5365,Fitbit App
2026-05-25T14:39:00Z,4.058400000000001,Fitbit App
2026-05-25T14:40:00Z,4.5657,Fitbit App
2026-05-25T14:41:00Z,3.8047500000000003,Fitbit App
2026-05-25T14:42:00Z,2.7901500000000006,Fitbit App
2026-05-25T14:43:00Z,4.5657,Fitbit App
2026-05-25T14:44:00Z,3.0438000000000005,Fitbit App
2026-05-25T14:45:00Z,2.7901500000000006,Fitbit App
2026-05-25T14:46:00Z,2.5365,Fitbit App
2026-05-25T14:47:00Z,3.0438000000000005,Fitbit App
2026-05-25T14:48:00Z,3.0438000000000005,Fitbit App
2026-05-25T14:49:00Z,2.28285,Fitbit App
2026-05-25T14:50:00Z,4.058400000000001,Fitbit App
2026-05-25T14:51:00Z,2.5365,Fitbit App
2026-05-25T14:52:00Z,3.29745,Fitbit App
2026-05-25T14:53:00Z,4.81935,Fitbit App
2026-05-25T14:54:00Z,4.81935,Fitbit App
2026-05-25T14:55:00Z,4.058400000000001,Fitbit App
2026-05-25T14:56:00Z,2.1560250000000005,Fitbit App
2026-05-25T14:57:00Z,4.058400000000001,Fitbit App
2026-05-25T14:58:00Z,3.29745,Fitbit App
2026-05-25T14:59:00Z,3.5511,Fitbit App
2026-05-25T15:00:00Z,2.663325,Fitbit App
2026-05-25T15:01:00Z,3.29745,Fitbit App
2026-05-25T15:02:00Z,3.5511,Fitbit App
2026-05-25T15:03:00Z,3.0438000000000005,Fitbit App
2026-05-25T15:04:00Z,2.1560250000000005,Fitbit App
2026-05-25T15:05:00Z,3.29745,Fitbit App
2026-05-25T15:06:00Z,3.0438000000000005,Fitbit App
2026-05-25T15:07:00Z,3.5511,Fitbit App
2026-05-25T15:08:00Z,4.312050000000001,Fitbit App
2026-05-25T15:09:00Z,4.81935,Fitbit App
2026-05-25T15:10:00Z,2.28285,Fitbit App
2026-05-25T15:11:00Z,0.0,Fitbit App
2026-05-25T15:12:00Z,1.77555,Fitbit App
2026-05-25T15:13:00Z,1.5219000000000003,Fitbit App
2026-05-25T15:14:00Z,1.26825,Fitbit App
2026-05-25T15:15:00Z,1.26825,Fitbit App
2026-05-25T15:16:00Z,4.5657,Fitbit App
2026-05-25T15:17:00Z,4.312050000000001,Fitbit App
2026-05-25T15:18:00Z,5.326650000000001,Fitbit App
2026-05-25T15:19:00Z,5.073,Fitbit App
2026-05-25T15:20:00Z,5.326650000000001,Fitbit App
2026-05-25T15:21:00Z,4.5657,Fitbit App
2026-05-25T15:22:00Z,2.5365,Fitbit App
2026-05-25T15:23:00Z,2.7901500000000006,Fitbit App
2026-05-25T15:24:00Z,1.5219000000000003,Fitbit App
2026-05-25T15:25:00Z,1.77555,Fitbit App
2026-05-25T15:26:00Z,0.0,Fitbit App
2026-05-25T15:27:00Z,1.26825,Fitbit App
2026-05-25T15:28:00Z,0.0,Fitbit App
2026-05-25T15:30:00Z,0.0,Fitbit App
2026-05-25T15:31:00Z,0.7609500000000001,Fitbit App
2026-05-25T15:32:00Z,0.0,Fitbit App
2026-05-25T15:33:00Z,0.0,Fitbit App
2026-05-25T15:34:00Z,0.0,Fitbit App
2026-05-25T15:35:00Z,0.0,Fitbit App
2026-05-25T15:36:00Z,0.7609500000000001,Fitbit App
2026-05-25T15:37:00Z,0.0,Fitbit App
2026-05-25T15:38:00Z,0.0,Fitbit App
2026-05-25T15:39:00Z,0.0,Fitbit App
2026-05-25T15:40:00Z,0.0,Fitbit App
2026-05-25T15:41:00Z,0.0,Fitbit App
2026-05-25T15:42:00Z,0.0,Fitbit App
2026-05-25T15:43:00Z,0.0,Fitbit App
2026-05-25T15:44:00Z,0.0,Fitbit App
2026-05-25T15:45:00Z,0.0,Fitbit App
2026-05-25T15:46:00Z,0.0,Fitbit App
2026-05-25T15:47:00Z,0.0,Fitbit App
2026-05-25T15:48:00Z,0.0,Fitbit App
2026-05-25T15:49:00Z,0.0,Fitbit App
2026-05-25T15:50:00Z,0.0,Fitbit App
2026-05-25T15:51:00Z,0.0,Fitbit App
2026-05-25T15:52:00Z,0.0,Fitbit App
2026-05-25T15:53:00Z,0.0,Fitbit App
2026-05-25T15:54:00Z,0.0,Fitbit App
2026-05-25T15:55:00Z,0.0,Fitbit App
2026-05-25T15:56:00Z,0.0,Fitbit App
2026-05-25T15:57:00Z,0.0,Fitbit App
2026-05-25T15:58:00Z,0.0,Fitbit App
2026-05-25T15:59:00Z,0.0,Fitbit App
2026-05-25T16:00:00Z,0.0,Fitbit App
2026-05-25T16:01:00Z,0.0,Fitbit App
2026-05-25T16:02:00Z,0.0,Fitbit App
2026-05-25T16:03:00Z,0.0,Fitbit App
2026-05-25T16:04:00Z,0.7609500000000001,Fitbit App
2026-05-25T16:05:00Z,0.7609500000000001,Fitbit App
2026-05-25T16:06:00Z,0.0,Fitbit App
2026-05-25T16:07:00Z,2.0292000000000003,Fitbit App
2026-05-25T16:08:00Z,2.28285,Fitbit App
2026-05-25T16:09:00Z,2.0292000000000003,Fitbit App
2026-05-25T16:10:00Z,3.0438000000000005,Fitbit App
2026-05-25T16:11:00Z,4.5657,Fitbit App
2026-05-25T16:12:00Z,4.058400000000001,Fitbit App
2026-05-25T16:13:00Z,5.073,Fitbit App
2026-05-25T16:14:00Z,4.5657,Fitbit App
2026-05-25T16:15:00Z,2.7901500000000006,Fitbit App
2026-05-25T16:16:00Z,1.26825,Fitbit App
2026-05-25T16:17:00Z,1.77555,Fitbit App
2026-05-25T16:18:00Z,4.058400000000001,Fitbit App
2026-05-25T16:19:00Z,4.5657,Fitbit App
2026-05-25T16:20:00Z,0.0,Fitbit App
2026-05-25T16:21:00Z,1.77555,Fitbit App
2026-05-25T16:22:00Z,4.312050000000001,Fitbit App
2026-05-25T16:23:00Z,3.0438000000000005,Fitbit App
2026-05-25T16:24:00Z,3.8047500000000003,Fitbit App
2026-05-25T16:25:00Z,2.28285,Fitbit App
2026-05-25T16:26:00Z,1.5219000000000003,Fitbit App
2026-05-25T16:27:00Z,1.5219000000000003,Fitbit App
2026-05-25T16:28:00Z,0.0,Fitbit App
2026-05-25T16:29:00Z,0.0,Fitbit App
2026-05-25T16:30:00Z,0.0,Fitbit App
2026-05-25T16:31:00Z,0.0,Fitbit App
2026-05-25T16:32:00Z,0.0,Fitbit App
2026-05-25T16:33:00Z,0.0,Fitbit App
2026-05-25T16:34:00Z,0.0,Fitbit App
2026-05-25T16:35:00Z,0.0,Fitbit App
2026-05-25T16:36:00Z,0.0,Fitbit App
2026-05-25T16:37:00Z,0.0,Fitbit App
2026-05-25T16:38:00Z,0.0,Fitbit App
2026-05-25T16:39:00Z,0.0,Fitbit App
2026-05-25T16:40:00Z,0.0,Fitbit App
2026-05-25T16:42:00Z,0.0,Fitbit App
2026-05-25T16:43:00Z,0.0,Fitbit App
2026-05-25T16:44:00Z,0.0,Fitbit App
2026-05-25T16:45:00Z,0.0,Fitbit App
2026-05-25T16:51:00Z,0.0,Fitbit App
2026-05-25T16:52:00Z,0.0,Fitbit App
2026-05-25T16:53:00Z,0.0,Fitbit App
2026-05-25T16:54:00Z,0.0,Fitbit App
2026-05-25T16:55:00Z,2.28285,Fitbit App
2026-05-25T16:56:00Z,1.5219000000000003,Fitbit App
2026-05-25T16:57:00Z,2.0292000000000003,Fitbit App
2026-05-25T16:58:00Z,1.77555,Fitbit App
2026-05-25T16:59:00Z,1.26825,Fitbit App
2026-05-25T17:00:00Z,0.0,Fitbit App
2026-05-25T17:01:00Z,0.0,Fitbit App
2026-05-25T17:02:00Z,0.0,Fitbit App
2026-05-25T17:04:00Z,0.5073,Fitbit App
2026-05-25T17:05:00Z,0.0,Fitbit App
2026-05-25T17:08:00Z,0.0,Fitbit App
2026-05-25T17:09:00Z,0.0,Fitbit App
2026-05-25T17:10:00Z,0.0,Fitbit App
2026-05-25T17:11:00Z,0.0,Fitbit App
2026-05-25T17:12:00Z,0.0,Fitbit App
2026-05-25T17:13:00Z,0.7609500000000001,Fitbit App
2026-05-25T17:14:00Z,0.7609500000000001,Fitbit App
2026-05-25T17:15:00Z,1.77555,Fitbit App
2026-05-25T17:16:00Z,0.0,Fitbit App
2026-05-25T17:17:00Z,0.0,Fitbit App
2026-05-25T17:18:00Z,0.0,Fitbit App
2026-05-25T17:19:00Z,0.0,Fitbit App
2026-05-25T17:21:00Z,0.0,Fitbit App
2026-05-25T17:22:00Z,0.0,Fitbit App
2026-05-25T17:23:00Z,0.7609500000000001,Fitbit App
2026-05-25T17:24:00Z,2.0292000000000003,Fitbit App
2026-05-25T17:25:00Z,3.29745,Fitbit App
2026-05-25T17:26:00Z,0.0,Fitbit App
2026-05-25T17:27:00Z,0.0,Fitbit App
2026-05-25T17:28:00Z,0.0,Fitbit App
2026-05-25T17:29:00Z,0.0,Fitbit App
2026-05-25T17:30:00Z,0.0,Fitbit App
2026-05-25T17:31:00Z,0.7609500000000001,Fitbit App
2026-05-25T17:32:00Z,0.0,Fitbit App
2026-05-25T17:33:00Z,0.0,Fitbit App
2026-05-25T17:35:00Z,0.0,Fitbit App
2026-05-25T17:36:00Z,0.0,Fitbit App
2026-05-25T17:37:00Z,1.26825,Fitbit App
2026-05-25T17:38:00Z,2.5365,Fitbit App
2026-05-25T17:39:00Z,1.77555,Fitbit App
2026-05-25T17:40:00Z,0.0,Fitbit App
2026-05-25T17:41:00Z,0.0,Fitbit App
2026-05-25T17:42:00Z,0.0,Fitbit App
2026-05-25T17:43:00Z,0.0,Fitbit App
2026-05-25T17:44:00Z,0.0,Fitbit App
2026-05-25T17:45:00Z,0.0,Fitbit App
2026-05-25T17:46:00Z,0.0,Fitbit App
2026-05-25T17:47:00Z,0.7609500000000001,Fitbit App
2026-05-25T17:48:00Z,2.28285,Fitbit App
2026-05-25T17:49:00Z,1.5219000000000003,Fitbit App
2026-05-25T17:50:00Z,14.965350000000003,Fitbit App
2026-05-25T17:51:00Z,16.233600000000003,Fitbit App
2026-05-25T17:52:00Z,14.7117,Fitbit App
2026-05-25T17:53:00Z,10.39965,Fitbit App
2026-05-25T17:54:00Z,1.0146,Fitbit App
2026-05-25T17:55:00Z,8.116800000000001,Fitbit App
2026-05-25T17:56:00Z,0.25365000000000026,Fitbit App
2026-05-25T17:57:00Z,1.26825,Fitbit App
2026-05-25T17:58:00Z,2.0292000000000003,Fitbit App
2026-05-25T17:59:00Z,2.28285,Fitbit App
2026-05-25T18:00:00Z,1.0146,Fitbit App
2026-05-25T18:01:00Z,1.77555,Fitbit App
2026-05-25T18:02:00Z,0.0,Fitbit App
2026-05-25T18:03:00Z,3.29745,Fitbit App
2026-05-25T18:04:00Z,1.77555,Fitbit App
2026-05-25T18:05:00Z,3.0438000000000005,Fitbit App
2026-05-25T18:06:00Z,3.0438000000000005,Fitbit App
2026-05-25T18:07:00Z,3.0438000000000005,Fitbit App
2026-05-25T18:08:00Z,4.058400000000001,Fitbit App
2026-05-25T18:09:00Z,3.5511,Fitbit App
2026-05-25T18:10:00Z,4.058400000000001,Fitbit App
2026-05-25T18:11:00Z,4.5657,Fitbit App
2026-05-25T18:12:00Z,4.058400000000001,Fitbit App
2026-05-25T18:13:00Z,4.312050000000001,Fitbit App
2026-05-25T18:14:00Z,2.5365,Fitbit App
2026-05-25T18:15:00Z,2.28285,Fitbit App
2026-05-25T18:16:00Z,2.5365,Fitbit App
2026-05-25T18:17:00Z,5.83395,Fitbit App
2026-05-25T18:18:00Z,0.0,Fitbit App
2026-05-25T18:19:00Z,2.0292000000000003,Fitbit App
2026-05-25T18:20:00Z,1.77555,Fitbit App
2026-05-25T18:21:00Z,0.0,Fitbit App
2026-05-25T18:22:00Z,0.0,Fitbit App
2026-05-25T18:23:00Z,0.0,Fitbit App
2026-05-25T18:24:00Z,1.26825,Fitbit App
2026-05-25T18:25:00Z,0.0,Fitbit App
2026-05-25T18:26:00Z,0.0,Fitbit App
2026-05-25T18:27:00Z,0.0,Fitbit App
2026-05-25T18:28:00Z,0.0,Fitbit App
2026-05-25T18:29:00Z,0.0,Fitbit App
2026-05-25T18:30:00Z,0.0,Fitbit App
2026-05-25T18:31:00Z,0.0,Fitbit App
2026-05-25T18:33:00Z,1.0146,Fitbit App
2026-05-25T18:34:00Z,1.26825,Fitbit App
2026-05-25T18:35:00Z,1.26825,Fitbit App
2026-05-25T18:36:00Z,2.28285,Fitbit App
2026-05-25T18:37:00Z,1.77555,Fitbit App
2026-05-25T18:38:00Z,4.5657,Fitbit App
2026-05-25T18:39:00Z,0.5073,Fitbit App
2026-05-25T18:40:00Z,0.0,Fitbit App
2026-05-25T18:42:00Z,0.0,Fitbit App
2026-05-25T18:43:00Z,0.0,Fitbit App
2026-05-25T18:44:00Z,0.0,Fitbit App
2026-05-25T18:45:00Z,0.0,Fitbit App
2026-05-25T18:46:00Z,0.0,Fitbit App
2026-05-25T18:47:00Z,5.073,Fitbit App
2026-05-25T18:48:00Z,3.29745,Fitbit App
2026-05-25T18:49:00Z,1.0146,Fitbit App
2026-05-25T18:50:00Z,1.0146,Fitbit App
2026-05-25T18:51:00Z,0.0,Fitbit App
2026-05-25T18:53:00Z,0.0,Fitbit App
2026-05-25T18:57:00Z,0.0,Fitbit App
2026-05-25T19:04:00Z,0.0,Fitbit App
2026-05-25T19:06:00Z,0.0,Fitbit App
2026-05-25T19:07:00Z,0.0,Fitbit App
2026-05-25T19:08:00Z,4.5657,Fitbit App
2026-05-25T19:09:00Z,0.7609500000000001,Fitbit App
2026-05-25T19:10:00Z,0.7609500000000001,Fitbit App
2026-05-25T19:11:00Z,4.5657,Fitbit App
2026-05-25T19:12:00Z,1.26825,Fitbit App
2026-05-25T19:13:00Z,4.058400000000001,Fitbit App
2026-05-25T19:14:00Z,1.26825,Fitbit App
2026-05-25T19:15:00Z,2.28285,Fitbit App
2026-05-25T19:16:00Z,0.0,Fitbit App
2026-05-25T19:17:00Z,0.0,Fitbit App
2026-05-25T19:22:00Z,0.7609500000000001,Fitbit App
2026-05-25T19:23:00Z,2.0292000000000003,Fitbit App
2026-05-25T19:24:00Z,2.5365,Fitbit App
2026-05-25T19:25:00Z,2.5365,Fitbit App
2026-05-25T19:26:00Z,2.0292000000000003,Fitbit App
2026-05-25T19:27:00Z,1.26825,Fitbit App
2026-05-25T19:28:00Z,1.77555,Fitbit App
2026-05-25T19:29:00Z,2.28285,Fitbit App
2026-05-25T19:30:00Z,2.0292000000000003,Fitbit App
2026-05-25T19:31:00Z,2.28285,Fitbit App
2026-05-25T19:32:00Z,1.5219000000000003,Fitbit App
2026-05-25T19:33:00Z,0.0,Fitbit App
2026-05-25T19:34:00Z,1.0146,Fitbit App
2026-05-25T19:35:00Z,0.0,Fitbit App
2026-05-25T19:45:00Z,0.0,Fitbit App
2026-05-25T19:51:00Z,0.7609500000000001,Fitbit App
2026-05-25T19:52:00Z,1.77555,Fitbit App
2026-05-25T19:53:00Z,0.0,Fitbit App
2026-05-25T19:54:00Z,1.5219000000000003,Fitbit App
2026-05-25T19:55:00Z,3.0438000000000005,Fitbit App
2026-05-25T19:56:00Z,0.0,Fitbit App
2026-05-25T19:57:00Z,1.26825,Fitbit App
2026-05-25T19:58:00Z,0.0,Fitbit App
2026-05-25T20:10:00Z,0.0,Fitbit App
2026-05-25T20:15:00Z,0.0,Fitbit App
2026-05-25T20:42:00Z,0.0,Fitbit App
2026-05-25T20:47:00Z,0.0,Fitbit App
2026-05-25T20:58:00Z,0.0,Fitbit App
2026-05-25T21:00:00Z,0.0,Fitbit App
2026-05-25T21:03:00Z,0.7609500000000001,Fitbit App
2026-05-25T21:04:00Z,0.0,Fitbit App
2026-05-25T21:06:00Z,0.0,Fitbit App
2026-05-25T21:09:00Z,0.0,Fitbit App
2026-05-25T21:10:00Z,0.0,Fitbit App
2026-05-25T21:12:00Z,1.0146,Fitbit App
2026-05-25T21:13:00Z,0.0,Fitbit App
2026-05-25T21:14:00Z,0.0,Fitbit App
2026-05-25T21:15:00Z,0.0,Fitbit App
2026-05-25T21:16:00Z,0.0,Fitbit App
2026-05-25T21:17:00Z,1.5219000000000003,Fitbit App
2026-05-25T21:18:00Z,1.5219000000000003,Fitbit App
2026-05-25T21:19:00Z,2.28285,Fitbit App
2026-05-25T21:20:00Z,0.0,Fitbit App
2026-05-25T21:27:00Z,0.5073,Fitbit App
2026-05-25T21:28:00Z,0.0,Fitbit App
2026-05-25T21:35:00Z,0.0,Fitbit App
2026-05-25T21:54:00Z,0.0,Fitbit App
2026-05-25T22:20:00Z,0.0,Fitbit App
2026-05-25T22:25:00Z,2.28285,Fitbit App
2026-05-25T22:26:00Z,0.0,Fitbit App
2026-05-25T22:27:00Z,0.0,Fitbit App
2026-05-25T22:31:00Z,0.0,Fitbit App
2026-05-25T22:38:00Z,0.0,Fitbit App
2026-05-25T23:18:00Z,0.0,Fitbit App
2026-05-25T23:37:00Z,0.0,Fitbit App
2026-05-25T23:41:00Z,0.0,Fitbit App
2026-05-26T00:05:00Z,0.0,Fitbit App
2026-05-26T00:07:00Z,0.0,Fitbit App
2026-05-26T00:23:00Z,0.0,Fitbit App
2026-05-26T01:14:00Z,0.0,Fitbit App
2026-05-26T13:27:00Z,0.0,Fitbit App
2026-05-26T13:28:00Z,0.0,Fitbit App
2026-05-26T13:29:00Z,1.0146,Fitbit App
2026-05-26T13:30:00Z,0.0,Fitbit App
2026-05-26T13:31:00Z,0.0,Fitbit App
2026-05-26T13:32:00Z,0.0,Fitbit App
2026-05-26T13:33:00Z,0.0,Fitbit App
2026-05-26T13:34:00Z,0.0,Fitbit App
2026-05-26T13:37:00Z,0.0,Fitbit App
2026-05-26T13:39:00Z,0.0,Fitbit App
2026-05-26T13:40:00Z,0.0,Fitbit App
2026-05-26T13:54:00Z,0.0,Fitbit App
2026-05-26T13:55:00Z,2.28285,Fitbit App
2026-05-26T13:56:00Z,2.0292000000000003,Fitbit App
2026-05-26T13:57:00Z,1.5219000000000003,Fitbit App
2026-05-26T13:58:00Z,2.0292000000000003,Fitbit App
2026-05-26T13:59:00Z,4.058400000000001,Fitbit App
2026-05-26T14:00:00Z,5.073,Fitbit App
2026-05-26T14:01:00Z,4.058400000000001,Fitbit App
2026-05-26T14:02:00Z,2.28285,Fitbit App
2026-05-26T14:03:00Z,0.0,Fitbit App
2026-05-26T14:04:00Z,1.5219000000000003,Fitbit App
2026-05-26T14:05:00Z,2.5365,Fitbit App
2026-05-26T14:06:00Z,1.5219000000000003,Fitbit App
2026-05-26T14:07:00Z,0.0,Fitbit App
2026-05-26T14:09:00Z,0.0,Fitbit App
2026-05-26T14:15:00Z,0.0,Fitbit App
2026-05-26T14:16:00Z,2.5365,Fitbit App
2026-05-26T14:17:00Z,2.5365,Fitbit App
2026-05-26T14:18:00Z,2.28285,Fitbit App
2026-05-26T14:19:00Z,2.5365,Fitbit App
2026-05-26T14:20:00Z,2.5365,Fitbit App
2026-05-26T14:21:00Z,0.0,Fitbit App
2026-05-26T14:22:00Z,1.5219000000000003,Fitbit App
2026-05-26T14:23:00Z,2.0292000000000003,Fitbit App
2026-05-26T14:24:00Z,2.5365,Fitbit App
2026-05-26T14:25:00Z,3.29745,Fitbit App
2026-05-26T14:26:00Z,1.5219000000000003,Fitbit App
2026-05-26T14:27:00Z,1.0146,Fitbit App
2026-05-26T14:28:00Z,0.0,Fitbit App
2026-05-26T14:29:00Z,2.7901500000000006,Fitbit App
2026-05-26T14:30:00Z,1.648725,Fitbit App
2026-05-26T14:31:00Z,0.0,Fitbit App
2026-05-26T14:32:00Z,0.0,Fitbit App
2026-05-26T14:33:00Z,0.0,Fitbit App
2026-05-26T14:34:00Z,0.0,Fitbit App
2026-05-26T14:35:00Z,0.0,Fitbit App
2026-05-26T14:36:00Z,1.5219000000000003,Fitbit App
2026-05-26T14:37:00Z,0.0,Fitbit App
2026-05-26T14:38:00Z,0.0,Fitbit App
2026-05-26T14:39:00Z,0.0,Fitbit App
2026-05-26T14:40:00Z,0.0,Fitbit App
2026-05-26T14:41:00Z,0.0,Fitbit App
2026-05-26T14:42:00Z,0.0,Fitbit App
2026-05-26T14:43:00Z,1.26825,Fitbit App
2026-05-26T14:44:00Z,0.0,Fitbit App
2026-05-26T14:45:00Z,1.5219000000000003,Fitbit App
2026-05-26T14:46:00Z,3.29745,Fitbit App
2026-05-26T14:47:00Z,3.0438000000000005,Fitbit App
2026-05-26T14:48:00Z,3.0438000000000005,Fitbit App
2026-05-26T14:49:00Z,2.5365,Fitbit App
2026-05-26T14:50:00Z,0.0,Fitbit App
2026-05-26T14:51:00Z,1.77555,Fitbit App
2026-05-26T14:52:00Z,2.0292000000000003,Fitbit App
2026-05-26T14:53:00Z,0.0,Fitbit App
2026-05-26T14:54:00Z,2.0292000000000003,Fitbit App
2026-05-26T14:55:00Z,1.77555,Fitbit App
2026-05-26T14:56:00Z,2.28285,Fitbit App
2026-05-26T14:57:00Z,2.7901500000000006,Fitbit App
2026-05-26T14:58:00Z,2.28285,Fitbit App
2026-05-26T14:59:00Z,4.81935,Fitbit App
2026-05-26T15:00:00Z,5.326650000000001,Fitbit App
2026-05-26T15:01:00Z,5.073,Fitbit App
2026-05-26T15:02:00Z,5.326650000000001,Fitbit App
2026-05-26T15:03:00Z,4.058400000000001,Fitbit App
2026-05-26T15:04:00Z,5.580300000000001,Fitbit App
2026-05-26T15:05:00Z,4.058400000000001,Fitbit App
2026-05-26T15:06:00Z,0.0,Fitbit App
2026-05-26T15:07:00Z,0.0,Fitbit App
2026-05-26T15:08:00Z,2.0292000000000003,Fitbit App
2026-05-26T15:09:00Z,2.0292000000000003,Fitbit App
2026-05-26T15:10:00Z,0.0,Fitbit App
2026-05-26T15:11:00Z,0.0,Fitbit App
2026-05-26T15:12:00Z,0.0,Fitbit App
2026-05-26T15:13:00Z,0.0,Fitbit App
2026-05-26T15:14:00Z,0.0,Fitbit App
2026-05-26T15:15:00Z,0.0,Fitbit App
2026-05-26T15:16:00Z,0.0,Fitbit App
2026-05-26T15:17:00Z,0.0,Fitbit App
2026-05-26T15:18:00Z,0.0,Fitbit App
2026-05-26T15:19:00Z,0.0,Fitbit App
2026-05-26T15:20:00Z,0.0,Fitbit App
2026-05-26T15:21:00Z,0.0,Fitbit App
2026-05-26T15:22:00Z,0.0,Fitbit App
2026-05-26T15:23:00Z,0.0,Fitbit App
2026-05-26T15:24:00Z,0.0,Fitbit App
2026-05-26T15:25:00Z,0.0,Fitbit App
2026-05-26T15:26:00Z,0.0,Fitbit App
2026-05-26T15:27:00Z,0.7609500000000001,Fitbit App
2026-05-26T15:28:00Z,0.0,Fitbit App
2026-05-26T15:29:00Z,0.0,Fitbit App
2026-05-26T15:30:00Z,0.0,Fitbit App
2026-05-26T15:31:00Z,0.0,Fitbit App
2026-05-26T15:32:00Z,0.0,Fitbit App
2026-05-26T15:33:00Z,0.0,Fitbit App
2026-05-26T15:34:00Z,0.0,Fitbit App
2026-05-26T15:35:00Z,0.0,Fitbit App
2026-05-26T15:36:00Z,0.0,Fitbit App
2026-05-26T15:37:00Z,0.0,Fitbit App
2026-05-26T15:38:00Z,0.0,Fitbit App
2026-05-26T15:39:00Z,0.0,Fitbit App
2026-05-26T15:40:00Z,0.0,Fitbit App
2026-05-26T15:41:00Z,0.0,Fitbit App
2026-05-26T15:42:00Z,0.0,Fitbit App
2026-05-26T15:43:00Z,0.0,Fitbit App
2026-05-26T15:44:00Z,0.0,Fitbit App
2026-05-26T15:45:00Z,0.0,Fitbit App
2026-05-26T15:46:00Z,0.0,Fitbit App
2026-05-26T15:47:00Z,0.0,Fitbit App
2026-05-26T15:48:00Z,0.0,Fitbit App
2026-05-26T15:49:00Z,0.0,Fitbit App
2026-05-26T15:50:00Z,0.0,Fitbit App
2026-05-26T15:51:00Z,0.0,Fitbit App
2026-05-26T15:52:00Z,0.0,Fitbit App
2026-05-26T15:53:00Z,0.0,Fitbit App
2026-05-26T15:54:00Z,0.0,Fitbit App
2026-05-26T15:55:00Z,1.0146,Fitbit App
2026-05-26T15:56:00Z,0.0,Fitbit App
2026-05-26T15:57:00Z,2.7901500000000006,Fitbit App
2026-05-26T15:58:00Z,3.5511,Fitbit App
2026-05-26T15:59:00Z,7.1022,Fitbit App
2026-05-26T16:00:00Z,5.326650000000001,Fitbit App
2026-05-26T16:01:00Z,6.0876,Fitbit App
2026-05-26T16:02:00Z,5.326650000000001,Fitbit App
2026-05-26T16:03:00Z,3.5511,Fitbit App
2026-05-26T16:04:00Z,0.0,Fitbit App
2026-05-26T16:05:00Z,0.0,Fitbit App
2026-05-26T16:06:00Z,0.0,Fitbit App
2026-05-26T16:07:00Z,0.0,Fitbit App
2026-05-26T16:08:00Z,1.0146,Fitbit App
2026-05-26T16:09:00Z,0.0,Fitbit App
2026-05-26T16:10:00Z,0.0,Fitbit App
2026-05-26T16:11:00Z,0.0,Fitbit App
2026-05-26T16:12:00Z,0.0,Fitbit App
2026-05-26T16:13:00Z,0.0,Fitbit App
2026-05-26T16:14:00Z,0.0,Fitbit App
2026-05-26T16:15:00Z,0.0,Fitbit App
2026-05-26T16:16:00Z,0.0,Fitbit App
2026-05-26T16:17:00Z,0.0,Fitbit App
2026-05-26T16:18:00Z,0.0,Fitbit App
2026-05-26T16:19:00Z,0.0,Fitbit App
2026-05-26T16:20:00Z,0.0,Fitbit App
2026-05-26T16:21:00Z,0.0,Fitbit App
2026-05-26T16:22:00Z,1.0146,Fitbit App
2026-05-26T16:23:00Z,0.0,Fitbit App
2026-05-26T16:24:00Z,4.5657,Fitbit App
2026-05-26T16:25:00Z,4.312050000000001,Fitbit App
2026-05-26T16:26:00Z,1.77555,Fitbit App
2026-05-26T16:27:00Z,0.0,Fitbit App
2026-05-26T16:28:00Z,0.0,Fitbit App
2026-05-26T16:29:00Z,1.648725,Fitbit App
2026-05-26T16:30:00Z,1.648725,Fitbit App
2026-05-26T16:31:00Z,1.648725,Fitbit App
2026-05-26T16:32:00Z,2.28285,Fitbit App
2026-05-26T16:33:00Z,2.28285,Fitbit App
2026-05-26T16:34:00Z,0.0,Fitbit App
2026-05-26T16:35:00Z,0.0,Fitbit App
2026-05-26T16:36:00Z,0.0,Fitbit App
2026-05-26T16:37:00Z,0.0,Fitbit App
2026-05-26T16:38:00Z,4.312050000000001,Fitbit App
2026-05-26T16:39:00Z,2.28285,Fitbit App
2026-05-26T16:40:00Z,2.5365,Fitbit App
2026-05-26T16:41:00Z,3.0438000000000005,Fitbit App
2026-05-26T16:42:00Z,2.7901500000000006,Fitbit App
2026-05-26T16:43:00Z,2.28285,Fitbit App
2026-05-26T16:44:00Z,3.0438000000000005,Fitbit App
2026-05-26T16:45:00Z,2.5365,Fitbit App
2026-05-26T16:46:00Z,0.0,Fitbit App
2026-05-26T16:47:00Z,0.0,Fitbit App
2026-05-26T16:48:00Z,2.28285,Fitbit App
2026-05-26T16:49:00Z,1.77555,Fitbit App
2026-05-26T16:50:00Z,2.0292000000000003,Fitbit App
2026-05-26T16:51:00Z,0.7609500000000001,Fitbit App
2026-05-26T16:52:00Z,1.5219000000000003,Fitbit App
2026-05-26T16:53:00Z,2.7901500000000006,Fitbit App
2026-05-26T16:54:00Z,3.0438000000000005,Fitbit App
2026-05-26T16:55:00Z,3.29745,Fitbit App
2026-05-26T16:56:00Z,3.29745,Fitbit App
2026-05-26T16:57:00Z,2.5365,Fitbit App
2026-05-26T16:58:00Z,2.28285,Fitbit App
2026-05-26T16:59:00Z,2.0292000000000003,Fitbit App
2026-05-26T17:00:00Z,2.0292000000000003,Fitbit App
2026-05-26T17:01:00Z,2.7901500000000006,Fitbit App
2026-05-26T17:02:00Z,1.648725,Fitbit App
2026-05-26T17:03:00Z,1.648725,Fitbit App
2026-05-26T17:04:00Z,2.5365,Fitbit App
2026-05-26T17:05:00Z,3.0438000000000005,Fitbit App
2026-05-26T17:06:00Z,3.0438000000000005,Fitbit App
2026-05-26T17:07:00Z,3.29745,Fitbit App
2026-05-26T17:08:00Z,3.29745,Fitbit App
2026-05-26T17:09:00Z,3.8047500000000003,Fitbit App
2026-05-26T17:10:00Z,3.8047500000000003,Fitbit App
2026-05-26T17:11:00Z,2.7901500000000006,Fitbit App
2026-05-26T17:12:00Z,3.0438000000000005,Fitbit App
2026-05-26T17:13:00Z,2.7901500000000006,Fitbit App
2026-05-26T17:14:00Z,3.0438000000000005,Fitbit App
2026-05-26T17:15:00Z,2.7901500000000006,Fitbit App
2026-05-26T17:16:00Z,1.3950750000000003,Fitbit App
2026-05-26T17:17:00Z,3.0438000000000005,Fitbit App
2026-05-26T17:18:00Z,2.28285,Fitbit App
2026-05-26T17:19:00Z,2.7901500000000006,Fitbit App
2026-05-26T17:20:00Z,2.28285,Fitbit App
2026-05-26T17:21:00Z,2.7901500000000006,Fitbit App
2026-05-26T17:22:00Z,4.058400000000001,Fitbit App
2026-05-26T17:23:00Z,3.5511,Fitbit App
2026-05-26T17:24:00Z,4.058400000000001,Fitbit App
2026-05-26T17:25:00Z,2.7901500000000006,Fitbit App
2026-05-26T17:26:00Z,1.77555,Fitbit App
2026-05-26T17:27:00Z,2.0292000000000003,Fitbit App
2026-05-26T17:28:00Z,2.28285,Fitbit App
2026-05-26T17:29:00Z,2.0292000000000003,Fitbit App
2026-05-26T17:30:00Z,0.0,Fitbit App
2026-05-26T17:31:00Z,0.0,Fitbit App
2026-05-26T17:32:00Z,0.0,Fitbit App
2026-05-26T17:33:00Z,0.0,Fitbit App
2026-05-26T17:34:00Z,0.0,Fitbit App
2026-05-26T17:35:00Z,0.0,Fitbit App
2026-05-26T17:36:00Z,0.0,Fitbit App
2026-05-26T17:37:00Z,0.0,Fitbit App
2026-05-26T17:38:00Z,0.0,Fitbit App
2026-05-26T17:39:00Z,2.0292000000000003,Fitbit App
2026-05-26T17:40:00Z,0.0,Fitbit App
2026-05-26T17:41:00Z,1.26825,Fitbit App
2026-05-26T17:42:00Z,4.312050000000001,Fitbit App
2026-05-26T17:43:00Z,0.0,Fitbit App
2026-05-26T17:44:00Z,1.26825,Fitbit App
2026-05-26T17:45:00Z,0.0,Fitbit App
2026-05-26T17:46:00Z,1.0146,Fitbit App
2026-05-26T17:47:00Z,1.26825,Fitbit App
2026-05-26T17:48:00Z,0.0,Fitbit App
2026-05-26T17:49:00Z,0.0,Fitbit App
2026-05-26T17:50:00Z,0.0,Fitbit App
2026-05-26T17:51:00Z,0.0,Fitbit App
2026-05-26T17:52:00Z,0.0,Fitbit App
2026-05-26T17:53:00Z,0.0,Fitbit App
2026-05-26T17:54:00Z,0.0,Fitbit App
2026-05-26T17:55:00Z,0.0,Fitbit App
2026-05-26T17:56:00Z,0.0,Fitbit App
2026-05-26T17:57:00Z,0.0,Fitbit App
2026-05-26T17:58:00Z,0.0,Fitbit App
2026-05-26T17:59:00Z,0.0,Fitbit App
2026-05-26T18:00:00Z,0.0,Fitbit App
2026-05-26T18:01:00Z,0.0,Fitbit App
2026-05-26T18:02:00Z,0.0,Fitbit App
2026-05-26T18:03:00Z,0.0,Fitbit App
2026-05-26T18:04:00Z,0.0,Fitbit App
2026-05-26T18:05:00Z,0.0,Fitbit App
2026-05-26T18:06:00Z,0.0,Fitbit App
2026-05-26T18:07:00Z,0.0,Fitbit App
2026-05-26T18:08:00Z,0.0,Fitbit App
2026-05-26T18:09:00Z,1.26825,Fitbit App
2026-05-26T18:10:00Z,0.0,Fitbit App
2026-05-26T18:11:00Z,0.0,Fitbit App
2026-05-26T18:12:00Z,0.0,Fitbit App
2026-05-26T18:13:00Z,0.0,Fitbit App
2026-05-26T18:14:00Z,0.0,Fitbit App
2026-05-26T18:15:00Z,0.0,Fitbit App
2026-05-26T18:16:00Z,0.0,Fitbit App
2026-05-26T18:17:00Z,0.0,Fitbit App
2026-05-26T18:18:00Z,1.0146,Fitbit App
2026-05-26T18:19:00Z,1.26825,Fitbit App
2026-05-26T18:20:00Z,0.0,Fitbit App
2026-05-26T18:21:00Z,0.0,Fitbit App
2026-05-26T18:22:00Z,0.0,Fitbit App
2026-05-26T18:23:00Z,0.7609500000000001,Fitbit App
2026-05-26T18:24:00Z,0.0,Fitbit App
2026-05-26T18:25:00Z,1.0146,Fitbit App
2026-05-26T18:26:00Z,0.0,Fitbit App
2026-05-26T18:27:00Z,1.5219000000000003,Fitbit App
2026-05-26T18:28:00Z,0.0,Fitbit App
2026-05-26T18:29:00Z,0.0,Fitbit App
2026-05-26T18:30:00Z,0.0,Fitbit App
2026-05-26T18:31:00Z,0.7609500000000001,Fitbit App
2026-05-26T18:32:00Z,1.26825,Fitbit App
2026-05-26T18:33:00Z,1.5219000000000003,Fitbit App
2026-05-26T18:34:00Z,2.28285,Fitbit App
2026-05-26T18:35:00Z,2.7901500000000006,Fitbit App
2026-05-26T18:36:00Z,2.28285,Fitbit App
2026-05-26T18:37:00Z,2.28285,Fitbit App
2026-05-26T18:38:00Z,2.28285,Fitbit App
2026-05-26T18:39:00Z,2.28285,Fitbit App
2026-05-26T18:40:00Z,0.0,Fitbit App
2026-05-26T18:41:00Z,0.0,Fitbit App
2026-05-26T18:42:00Z,0.0,Fitbit App
2026-05-26T18:43:00Z,0.0,Fitbit App
2026-05-26T18:44:00Z,0.0,Fitbit App
2026-05-26T18:45:00Z,0.0,Fitbit App
2026-05-26T18:46:00Z,0.0,Fitbit App
2026-05-26T18:47:00Z,0.7609500000000001,Fitbit App
2026-05-26T18:48:00Z,0.0,Fitbit App
2026-05-26T18:49:00Z,0.0,Fitbit App
2026-05-26T18:50:00Z,0.0,Fitbit App
2026-05-26T18:51:00Z,0.0,Fitbit App
2026-05-26T18:52:00Z,0.0,Fitbit App
2026-05-26T18:53:00Z,0.0,Fitbit App
2026-05-26T18:54:00Z,0.0,Fitbit App
2026-05-26T18:55:00Z,0.0,Fitbit App
2026-05-26T18:56:00Z,0.0,Fitbit App
2026-05-26T18:57:00Z,0.0,Fitbit App
2026-05-26T18:58:00Z,0.0,Fitbit App
2026-05-26T18:59:00Z,0.0,Fitbit App
2026-05-26T19:00:00Z,0.0,Fitbit App
2026-05-26T19:01:00Z,0.0,Fitbit App
2026-05-26T19:02:00Z,0.0,Fitbit App
2026-05-26T19:03:00Z,0.0,Fitbit App
2026-05-26T19:04:00Z,0.0,Fitbit App
2026-05-26T19:05:00Z,0.0,Fitbit App
2026-05-26T19:07:00Z,0.0,Fitbit App
2026-05-26T19:10:00Z,0.0,Fitbit App
2026-05-26T19:12:00Z,0.0,Fitbit App
2026-05-26T19:14:00Z,0.0,Fitbit App
2026-05-26T19:15:00Z,0.0,Fitbit App
2026-05-26T19:16:00Z,0.0,Fitbit App
2026-05-26T19:18:00Z,0.0,Fitbit App
2026-05-26T19:19:00Z,0.0,Fitbit App
2026-05-26T19:20:00Z,0.0,Fitbit App
2026-05-26T19:21:00Z,0.0,Fitbit App
2026-05-26T19:24:00Z,0.0,Fitbit App
2026-05-26T19:27:00Z,0.7609500000000001,Fitbit App
2026-05-26T19:28:00Z,0.0,Fitbit App
2026-05-26T19:29:00Z,0.0,Fitbit App
2026-05-26T19:32:00Z,0.0,Fitbit App
2026-05-26T19:36:00Z,0.0,Fitbit App
2026-05-26T19:37:00Z,0.0,Fitbit App
2026-05-26T19:38:00Z,0.0,Fitbit App
2026-05-26T19:40:00Z,0.0,Fitbit App
2026-05-26T19:41:00Z,0.0,Fitbit App
2026-05-26T19:42:00Z,0.0,Fitbit App
2026-05-26T19:43:00Z,0.0,Fitbit App
2026-05-26T19:44:00Z,0.0,Fitbit App
2026-05-26T19:50:00Z,0.7609500000000001,Fitbit App
2026-05-26T19:51:00Z,0.0,Fitbit App
2026-05-26T20:10:00Z,0.0,Fitbit App
2026-05-26T20:16:00Z,0.0,Fitbit App
2026-05-26T20:23:00Z,0.0,Fitbit App
2026-05-26T20:26:00Z,0.0,Fitbit App
2026-05-26T20:27:00Z,0.0,Fitbit App
2026-05-26T20:31:00Z,0.0,Fitbit App
2026-05-26T20:33:00Z,0.0,Fitbit App
2026-05-26T20:37:00Z,0.0,Fitbit App
2026-05-26T20:38:00Z,0.0,Fitbit App
2026-05-26T20:39:00Z,0.0,Fitbit App
2026-05-26T20:42:00Z,0.0,Fitbit App
2026-05-26T20:44:00Z,0.0,Fitbit App
2026-05-26T20:50:00Z,0.0,Fitbit App
2026-05-26T21:05:00Z,0.0,Fitbit App
2026-05-26T21:06:00Z,0.0,Fitbit App
2026-05-26T21:07:00Z,1.0146,Fitbit App
2026-05-26T21:08:00Z,0.0,Fitbit App
2026-05-26T21:09:00Z,0.0,Fitbit App
2026-05-26T21:10:00Z,0.0,Fitbit App
2026-05-26T21:11:00Z,0.0,Fitbit App
2026-05-26T21:12:00Z,2.28285,Fitbit App
2026-05-26T21:13:00Z,2.5365,Fitbit App
2026-05-26T21:14:00Z,2.5365,Fitbit App
2026-05-26T21:15:00Z,2.5365,Fitbit App
2026-05-26T21:16:00Z,1.5219000000000003,Fitbit App
2026-05-26T21:17:00Z,0.0,Fitbit App
2026-05-26T21:18:00Z,2.5365,Fitbit App
2026-05-26T21:19:00Z,2.7901500000000006,Fitbit App
2026-05-26T21:20:00Z,4.058400000000001,Fitbit App
2026-05-26T21:21:00Z,1.0146,Fitbit App
2026-05-26T21:22:00Z,1.5219000000000003,Fitbit App
2026-05-26T21:23:00Z,0.7609500000000001,Fitbit App
2026-05-26T21:24:00Z,2.0292000000000003,Fitbit App
2026-05-26T21:25:00Z,0.0,Fitbit App
2026-05-26T21:26:00Z,0.0,Fitbit App
2026-05-26T21:29:00Z,0.0,Fitbit App
2026-05-26T21:30:00Z,0.0,Fitbit App
2026-05-26T21:32:00Z,0.0,Fitbit App
2026-05-26T21:34:00Z,1.26825,Fitbit App
2026-05-26T21:35:00Z,0.5073,Fitbit App
2026-05-26T21:37:00Z,2.0292000000000003,Fitbit App
2026-05-26T21:40:00Z,0.5073,Fitbit App
2026-05-26T21:41:00Z,1.77555,Fitbit App
2026-05-26T21:42:00Z,0.7609500000000001,Fitbit App
2026-05-26T21:44:00Z,0.0,Fitbit App
2026-05-26T21:45:00Z,1.5219000000000003,Fitbit App
2026-05-26T21:47:00Z,0.0,Fitbit App
2026-05-26T21:48:00Z,0.0,Fitbit App
2026-05-26T21:49:00Z,1.77555,Fitbit App
2026-05-26T21:50:00Z,0.0,Fitbit App
2026-05-26T21:51:00Z,0.7609500000000001,Fitbit App
2026-05-26T21:52:00Z,1.26825,Fitbit App
2026-05-26T21:53:00Z,0.7609500000000001,Fitbit App
2026-05-26T21:54:00Z,0.0,Fitbit App
2026-05-26T21:59:00Z,0.0,Fitbit App
2026-05-26T22:01:00Z,0.0,Fitbit App
2026-05-26T22:02:00Z,0.0,Fitbit App
2026-05-26T22:04:00Z,0.0,Fitbit App
2026-05-26T22:07:00Z,0.0,Fitbit App
2026-05-26T22:08:00Z,0.0,Fitbit App
2026-05-26T22:15:00Z,0.0,Fitbit App
2026-05-26T22:26:00Z,0.0,Fitbit App
2026-05-26T22:27:00Z,0.0,Fitbit App
2026-05-26T22:41:00Z,0.0,Fitbit App
2026-05-26T22:42:00Z,0.0,Fitbit App
2026-05-26T22:43:00Z,1.26825,Fitbit App
2026-05-26T22:44:00Z,1.5219000000000003,Fitbit App
2026-05-26T22:45:00Z,0.7609500000000001,Fitbit App
2026-05-26T22:46:00Z,0.0,Fitbit App
2026-05-26T22:47:00Z,0.0,Fitbit App
2026-05-26T22:48:00Z,1.26825,Fitbit App
2026-05-26T22:49:00Z,0.0,Fitbit App
2026-05-26T22:58:00Z,0.0,Fitbit App
2026-05-26T23:07:00Z,0.0,Fitbit App
2026-05-26T23:17:00Z,0.0,Fitbit App
2026-05-26T23:51:00Z,0.5073,Fitbit App
2026-05-26T23:52:00Z,1.0146,Fitbit App
2026-05-27T01:32:00Z,0.0,Fitbit App
2026-05-27T01:56:00Z,0.0,Fitbit App
2026-05-27T02:01:00Z,0.0,Fitbit App
2026-05-27T02:18:00Z,0.0,Fitbit App
2026-05-27T02:20:00Z,0.0,Fitbit App
2026-05-27T03:01:00Z,0.0,Fitbit App
2026-05-27T03:56:00Z,0.0,Fitbit App
2026-05-27T04:36:00Z,0.0,Fitbit App
2026-05-27T04:39:00Z,0.0,Fitbit App
2026-05-27T04:42:00Z,0.0,Fitbit App
2026-05-27T04:46:00Z,0.0,Fitbit App
2026-05-27T04:54:00Z,0.0,Fitbit App
2026-05-27T04:56:00Z,0.0,Fitbit App
2026-05-27T05:04:00Z,0.0,Fitbit App
2026-05-27T05:40:00Z,0.0,Fitbit App
2026-05-27T05:45:00Z,0.0,Fitbit App
2026-05-27T05:53:00Z,0.0,Fitbit App
2026-05-27T05:59:00Z,0.0,Fitbit App
2026-05-27T06:00:00Z,0.0,Fitbit App
2026-05-27T06:01:00Z,0.7609500000000001,Fitbit App
2026-05-27T06:02:00Z,1.5219000000000003,Fitbit App
2026-05-27T06:03:00Z,0.0,Fitbit App
2026-05-27T06:04:00Z,1.0146,Fitbit App
2026-05-27T06:05:00Z,3.29745,Fitbit App
2026-05-27T06:06:00Z,4.312050000000001,Fitbit App
2026-05-27T06:07:00Z,2.7901500000000006,Fitbit App
2026-05-27T06:08:00Z,2.7901500000000006,Fitbit App
2026-05-27T06:09:00Z,0.0,Fitbit App
2026-05-27T06:10:00Z,1.26825,Fitbit App
2026-05-27T06:11:00Z,1.77555,Fitbit App
2026-05-27T06:12:00Z,2.5365,Fitbit App
2026-05-27T06:13:00Z,2.7901500000000006,Fitbit App
2026-05-27T06:14:00Z,3.5511,Fitbit App
2026-05-27T06:15:00Z,3.5511,Fitbit App
2026-05-27T06:16:00Z,5.580300000000001,Fitbit App
2026-05-27T06:17:00Z,2.5365,Fitbit App
2026-05-27T06:18:00Z,1.5219000000000003,Fitbit App
2026-05-27T06:19:00Z,2.7901500000000006,Fitbit App
2026-05-27T06:20:00Z,2.7901500000000006,Fitbit App
2026-05-27T06:21:00Z,2.28285,Fitbit App
2026-05-27T06:22:00Z,2.5365,Fitbit App
2026-05-27T06:23:00Z,1.0146,Fitbit App
2026-05-27T06:24:00Z,1.5219000000000003,Fitbit App
2026-05-27T06:25:00Z,6.3412500000000005,Fitbit App
2026-05-27T06:26:00Z,5.326650000000001,Fitbit App
2026-05-27T06:27:00Z,12.428850000000002,Fitbit App
2026-05-27T06:28:00Z,11.921550000000002,Fitbit App
2026-05-27T06:29:00Z,7.609500000000001,Fitbit App
2026-05-27T06:30:00Z,9.1314,Fitbit App
2026-05-27T06:31:00Z,10.90695,Fitbit App
2026-05-27T06:32:00Z,8.37045,Fitbit App
2026-05-27T06:33:00Z,4.312050000000001,Fitbit App
2026-05-27T06:34:00Z,10.146,Fitbit App
2026-05-27T06:35:00Z,7.35585,Fitbit App
2026-05-27T06:36:00Z,4.5657,Fitbit App
2026-05-27T06:37:00Z,2.663325,Fitbit App
2026-05-27T06:38:00Z,1.9023750000000001,Fitbit App
2026-05-27T06:39:00Z,1.3950750000000003,Fitbit App
2026-05-27T06:40:00Z,1.26825,Fitbit App
2026-05-27T06:41:00Z,0.0,Fitbit App
2026-05-27T06:42:00Z,2.5365,Fitbit App
2026-05-27T06:43:00Z,2.7901500000000006,Fitbit App
2026-05-27T06:44:00Z,0.0,Fitbit App
2026-05-27T06:45:00Z,0.0,Fitbit App
2026-05-27T06:46:00Z,0.0,Fitbit App
2026-05-27T06:47:00Z,0.0,Fitbit App
2026-05-27T06:48:00Z,1.5219000000000003,Fitbit App
2026-05-27T06:49:00Z,1.5219000000000003,Fitbit App
2026-05-27T06:50:00Z,1.77555,Fitbit App
2026-05-27T06:51:00Z,1.5219000000000003,Fitbit App
2026-05-27T06:52:00Z,1.26825,Fitbit App
2026-05-27T06:53:00Z,1.5219000000000003,Fitbit App
2026-05-27T06:54:00Z,1.26825,Fitbit App
2026-05-27T06:55:00Z,0.0,Fitbit App
2026-05-27T06:56:00Z,0.0,Fitbit App
2026-05-27T06:57:00Z,0.7609500000000001,Fitbit App
2026-05-27T06:58:00Z,2.5365,Fitbit App
2026-05-27T06:59:00Z,1.648725,Fitbit App
2026-05-27T07:00:00Z,0.0,Fitbit App
2026-05-27T07:01:00Z,0.0,Fitbit App
2026-05-27T07:02:00Z,0.0,Fitbit App
2026-05-27T07:03:00Z,0.0,Fitbit App
2026-05-27T07:04:00Z,0.0,Fitbit App
2026-05-27T07:05:00Z,0.0,Fitbit App
2026-05-27T07:06:00Z,1.26825,Fitbit App
2026-05-27T07:07:00Z,0.0,Fitbit App
2026-05-27T07:08:00Z,0.0,Fitbit App
2026-05-27T07:09:00Z,0.0,Fitbit App
2026-05-27T07:10:00Z,0.0,Fitbit App
2026-05-27T07:11:00Z,0.0,Fitbit App
2026-05-27T07:12:00Z,0.0,Fitbit App
2026-05-27T07:13:00Z,0.0,Fitbit App
2026-05-27T07:14:00Z,0.0,Fitbit App
2026-05-27T07:15:00Z,0.0,Fitbit App
2026-05-27T07:16:00Z,0.0,Fitbit App
2026-05-27T07:17:00Z,0.0,Fitbit App
2026-05-27T07:18:00Z,0.0,Fitbit App
2026-05-27T07:19:00Z,0.0,Fitbit App
2026-05-27T07:20:00Z,0.0,Fitbit App
2026-05-27T07:21:00Z,0.0,Fitbit App
2026-05-27T07:22:00Z,0.0,Fitbit App
2026-05-27T07:23:00Z,0.0,Fitbit App
2026-05-27T07:24:00Z,0.0,Fitbit App
2026-05-27T07:25:00Z,0.0,Fitbit App
2026-05-27T07:26:00Z,0.0,Fitbit App
2026-05-27T07:27:00Z,1.77555,Fitbit App
2026-05-27T07:28:00Z,0.0,Fitbit App
2026-05-27T07:29:00Z,0.0,Fitbit App
2026-05-27T07:30:00Z,0.0,Fitbit App
2026-05-27T07:31:00Z,0.0,Fitbit App
2026-05-27T07:32:00Z,0.0,Fitbit App
2026-05-27T07:33:00Z,0.0,Fitbit App
2026-05-27T07:34:00Z,0.0,Fitbit App
2026-05-27T07:35:00Z,0.0,Fitbit App
2026-05-27T07:36:00Z,0.0,Fitbit App
2026-05-27T07:37:00Z,0.0,Fitbit App
2026-05-27T07:38:00Z,0.0,Fitbit App
2026-05-27T07:39:00Z,0.0,Fitbit App
2026-05-27T07:40:00Z,0.0,Fitbit App
2026-05-27T07:41:00Z,0.0,Fitbit App
2026-05-27T07:42:00Z,0.0,Fitbit App
2026-05-27T07:43:00Z,0.0,Fitbit App
2026-05-27T07:44:00Z,0.0,Fitbit App
2026-05-27T07:45:00Z,1.77555,Fitbit App
2026-05-27T07:46:00Z,1.77555,Fitbit App
2026-05-27T07:47:00Z,0.0,Fitbit App
2026-05-27T07:48:00Z,0.0,Fitbit App
2026-05-27T07:49:00Z,0.0,Fitbit App
2026-05-27T07:50:00Z,1.5219000000000003,Fitbit App
2026-05-27T07:51:00Z,1.26825,Fitbit App
2026-05-27T07:52:00Z,14.965350000000003,Fitbit App
2026-05-27T07:53:00Z,12.428850000000002,Fitbit App
2026-05-27T07:54:00Z,0.0,Fitbit App
2026-05-27T07:55:00Z,0.0,Fitbit App
2026-05-27T07:56:00Z,0.0,Fitbit App
2026-05-27T07:57:00Z,0.0,Fitbit App
2026-05-27T07:58:00Z,0.0,Fitbit App
2026-05-27T07:59:00Z,0.0,Fitbit App
2026-05-27T08:00:00Z,0.0,Fitbit App
2026-05-27T08:01:00Z,0.0,Fitbit App
2026-05-27T08:02:00Z,0.0,Fitbit App
2026-05-27T08:03:00Z,0.0,Fitbit App
2026-05-27T08:04:00Z,0.0,Fitbit App
2026-05-27T08:05:00Z,0.0,Fitbit App
2026-05-27T08:06:00Z,0.0,Fitbit App
2026-05-27T08:07:00Z,0.0,Fitbit App
2026-05-27T08:08:00Z,0.0,Fitbit App
2026-05-27T08:09:00Z,0.0,Fitbit App
2026-05-27T08:10:00Z,0.0,Fitbit App
2026-05-27T08:11:00Z,0.0,Fitbit App
2026-05-27T08:12:00Z,0.0,Fitbit App
2026-05-27T08:14:00Z,1.77555,Fitbit App
2026-05-27T08:15:00Z,3.29745,Fitbit App
2026-05-27T08:16:00Z,4.312050000000001,Fitbit App
2026-05-27T08:17:00Z,0.0,Fitbit App
2026-05-27T08:18:00Z,0.0,Fitbit App
2026-05-27T08:19:00Z,0.0,Fitbit App
2026-05-27T08:20:00Z,0.0,Fitbit App
2026-05-27T08:21:00Z,1.26825,Fitbit App
2026-05-27T08:22:00Z,0.0,Fitbit App
2026-05-27T08:23:00Z,1.26825,Fitbit App
2026-05-27T08:24:00Z,0.0,Fitbit App
2026-05-27T08:25:00Z,0.0,Fitbit App
2026-05-27T08:26:00Z,4.058400000000001,Fitbit App
2026-05-27T08:27:00Z,4.058400000000001,Fitbit App
2026-05-27T08:28:00Z,5.326650000000001,Fitbit App
2026-05-27T08:29:00Z,3.29745,Fitbit App
2026-05-27T08:30:00Z,0.0,Fitbit App
2026-05-27T08:31:00Z,1.5219000000000003,Fitbit App
2026-05-27T08:32:00Z,2.0292000000000003,Fitbit App
2026-05-27T08:33:00Z,1.648725,Fitbit App
2026-05-27T08:34:00Z,3.4242750000000006,Fitbit App
2026-05-27T08:35:00Z,3.6779250000000006,Fitbit App
2026-05-27T08:36:00Z,4.692525000000001,Fitbit App
2026-05-27T08:37:00Z,4.185225,Fitbit App
2026-05-27T08:38:00Z,3.29745,Fitbit App
2026-05-27T08:39:00Z,3.6779250000000006,Fitbit App
2026-05-27T08:40:00Z,3.6779250000000006,Fitbit App
2026-05-27T08:41:00Z,2.916975,Fitbit App
2026-05-27T08:42:00Z,3.6779250000000006,Fitbit App
2026-05-27T08:43:00Z,6.468075,Fitbit App
2026-05-27T08:44:00Z,6.721725,Fitbit App
2026-05-27T08:45:00Z,6.721725,Fitbit App
2026-05-27T08:46:00Z,4.946175000000001,Fitbit App
2026-05-27T08:47:00Z,3.931575,Fitbit App
2026-05-27T08:48:00Z,2.663325,Fitbit App
2026-05-27T08:49:00Z,3.5511,Fitbit App
2026-05-27T08:50:00Z,1.9023750000000001,Fitbit App
2026-05-27T08:51:00Z,0.0,Fitbit App
2026-05-27T08:52:00Z,0.0,Fitbit App
2026-05-27T08:53:00Z,0.0,Fitbit App
2026-05-27T08:54:00Z,0.0,Fitbit App
2026-05-27T08:55:00Z,0.0,Fitbit App
2026-05-27T08:56:00Z,0.0,Fitbit App
2026-05-27T08:57:00Z,0.0,Fitbit App
2026-05-27T08:58:00Z,0.0,Fitbit App
2026-05-27T08:59:00Z,0.0,Fitbit App
2026-05-27T09:00:00Z,0.0,Fitbit App
2026-05-27T09:01:00Z,0.0,Fitbit App
2026-05-27T09:02:00Z,0.0,Fitbit App
2026-05-27T09:03:00Z,0.0,Fitbit App
2026-05-27T09:04:00Z,1.0146,Fitbit App
2026-05-27T09:05:00Z,1.5219000000000003,Fitbit App
2026-05-27T09:06:00Z,0.0,Fitbit App
2026-05-27T09:07:00Z,0.0,Fitbit App
2026-05-27T09:08:00Z,0.0,Fitbit App
2026-05-27T09:09:00Z,0.0,Fitbit App
2026-05-27T09:10:00Z,2.28285,Fitbit App
2026-05-27T09:11:00Z,3.5511,Fitbit App
2026-05-27T09:12:00Z,5.073,Fitbit App
2026-05-27T09:13:00Z,4.81935,Fitbit App
2026-05-27T09:14:00Z,3.5511,Fitbit App
2026-05-27T09:15:00Z,3.0438000000000005,Fitbit App
2026-05-27T09:16:00Z,5.073,Fitbit App
2026-05-27T09:17:00Z,7.1022,Fitbit App
2026-05-27T09:18:00Z,7.35585,Fitbit App
2026-05-27T09:19:00Z,5.83395,Fitbit App
2026-05-27T09:20:00Z,5.83395,Fitbit App
2026-05-27T09:21:00Z,6.594900000000001,Fitbit App
2026-05-27T09:22:00Z,7.1022,Fitbit App
2026-05-27T09:23:00Z,6.594900000000001,Fitbit App
2026-05-27T09:24:00Z,6.594900000000001,Fitbit App
2026-05-27T09:25:00Z,5.83395,Fitbit App
2026-05-27T09:26:00Z,4.5657,Fitbit App
2026-05-27T09:27:00Z,4.81935,Fitbit App
2026-05-27T09:28:00Z,4.058400000000001,Fitbit App
2026-05-27T09:29:00Z,5.073,Fitbit App
2026-05-27T09:30:00Z,4.312050000000001,Fitbit App
2026-05-27T09:31:00Z,4.312050000000001,Fitbit App
2026-05-27T09:32:00Z,3.29745,Fitbit App
2026-05-27T09:33:00Z,3.8047500000000003,Fitbit App
2026-05-27T09:34:00Z,4.058400000000001,Fitbit App
2026-05-27T09:35:00Z,4.058400000000001,Fitbit App
2026-05-27T09:36:00Z,3.8047500000000003,Fitbit App
2026-05-27T09:37:00Z,2.663325,Fitbit App
2026-05-27T09:38:00Z,1.648725,Fitbit App
2026-05-27T09:39:00Z,0.0,Fitbit App
2026-05-27T09:40:00Z,0.0,Fitbit App
2026-05-27T09:41:00Z,0.0,Fitbit App
2026-05-27T09:42:00Z,0.0,Fitbit App
2026-05-27T09:43:00Z,0.0,Fitbit App
2026-05-27T09:44:00Z,0.0,Fitbit App
2026-05-27T09:45:00Z,0.0,Fitbit App
2026-05-27T09:46:00Z,0.0,Fitbit App
2026-05-27T09:47:00Z,0.0,Fitbit App
2026-05-27T09:48:00Z,0.0,Fitbit App
2026-05-27T09:49:00Z,0.0,Fitbit App
2026-05-27T09:50:00Z,0.0,Fitbit App
2026-05-27T09:51:00Z,0.0,Fitbit App
2026-05-27T09:52:00Z,0.0,Fitbit App
2026-05-27T09:53:00Z,0.0,Fitbit App
2026-05-27T09:54:00Z,0.0,Fitbit App
2026-05-27T09:55:00Z,0.0,Fitbit App
2026-05-27T09:56:00Z,0.0,Fitbit App
2026-05-27T09:57:00Z,0.0,Fitbit App
2026-05-27T09:58:00Z,0.0,Fitbit App
2026-05-27T09:59:00Z,0.0,Fitbit App
2026-05-27T10:00:00Z,0.0,Fitbit App
2026-05-27T10:01:00Z,0.0,Fitbit App
2026-05-27T10:02:00Z,0.0,Fitbit App
2026-05-27T10:03:00Z,0.0,Fitbit App
2026-05-27T10:04:00Z,0.0,Fitbit App
2026-05-27T10:05:00Z,0.0,Fitbit App
2026-05-27T10:06:00Z,0.0,Fitbit App
2026-05-27T10:07:00Z,0.0,Fitbit App
2026-05-27T10:08:00Z,0.0,Fitbit App
2026-05-27T10:09:00Z,0.0,Fitbit App
2026-05-27T10:10:00Z,0.0,Fitbit App
2026-05-27T10:11:00Z,0.0,Fitbit App
2026-05-27T10:12:00Z,0.0,Fitbit App
2026-05-27T10:13:00Z,0.0,Fitbit App
2026-05-27T10:14:00Z,0.0,Fitbit App
2026-05-27T10:15:00Z,0.0,Fitbit App
2026-05-27T10:19:00Z,0.0,Fitbit App
2026-05-27T10:20:00Z,0.0,Fitbit App
2026-05-27T10:21:00Z,0.0,Fitbit App
2026-05-27T10:22:00Z,0.0,Fitbit App
2026-05-27T10:23:00Z,0.0,Fitbit App
2026-05-27T10:24:00Z,0.0,Fitbit App
2026-05-27T10:25:00Z,0.7609500000000001,Fitbit App
2026-05-27T10:26:00Z,1.0146,Fitbit App
2026-05-27T10:27:00Z,0.0,Fitbit App
2026-05-27T10:28:00Z,0.0,Fitbit App
2026-05-27T10:29:00Z,0.0,Fitbit App
2026-05-27T10:30:00Z,0.0,Fitbit App
2026-05-27T10:31:00Z,0.0,Fitbit App
2026-05-27T10:35:00Z,0.0,Fitbit App
2026-05-27T10:36:00Z,0.0,Fitbit App
2026-05-27T10:41:00Z,0.0,Fitbit App
2026-05-27T10:42:00Z,0.0,Fitbit App
2026-05-27T10:43:00Z,0.0,Fitbit App
2026-05-27T10:44:00Z,0.0,Fitbit App
2026-05-27T10:46:00Z,0.0,Fitbit App
2026-05-27T10:48:00Z,0.0,Fitbit App
2026-05-27T10:49:00Z,0.0,Fitbit App
2026-05-27T10:50:00Z,0.0,Fitbit App
2026-05-27T10:51:00Z,0.0,Fitbit App
2026-05-27T10:53:00Z,0.0,Fitbit App
2026-05-27T10:54:00Z,0.0,Fitbit App
2026-05-27T10:55:00Z,0.0,Fitbit App
2026-05-27T10:56:00Z,0.0,Fitbit App
2026-05-27T10:57:00Z,0.0,Fitbit App
2026-05-27T10:58:00Z,0.0,Fitbit App
2026-05-27T11:00:00Z,0.0,Fitbit App
2026-05-27T11:02:00Z,0.0,Fitbit App
2026-05-27T11:06:00Z,1.5219000000000003,Fitbit App
2026-05-27T11:07:00Z,0.0,Fitbit App
2026-05-27T11:08:00Z,1.5219000000000003,Fitbit App
2026-05-27T11:09:00Z,2.5365,Fitbit App
2026-05-27T11:10:00Z,2.28285,Fitbit App
2026-05-27T11:11:00Z,2.7901500000000006,Fitbit App
2026-05-27T11:12:00Z,2.28285,Fitbit App
2026-05-27T11:13:00Z,2.28285,Fitbit App
2026-05-27T11:14:00Z,2.28285,Fitbit App
2026-05-27T11:15:00Z,3.5511,Fitbit App
2026-05-27T11:16:00Z,5.580300000000001,Fitbit App
2026-05-27T11:17:00Z,3.29745,Fitbit App
2026-05-27T11:18:00Z,2.7901500000000006,Fitbit App
2026-05-27T11:19:00Z,0.0,Fitbit App
2026-05-27T11:20:00Z,0.0,Fitbit App
2026-05-27T11:21:00Z,0.0,Fitbit App
2026-05-27T11:22:00Z,0.0,Fitbit App
2026-05-27T11:23:00Z,1.26825,Fitbit App
2026-05-27T11:24:00Z,0.0,Fitbit App
2026-05-27T11:25:00Z,0.7609500000000001,Fitbit App
2026-05-27T11:26:00Z,1.0146,Fitbit App
2026-05-27T11:27:00Z,0.0,Fitbit App
2026-05-27T11:28:00Z,0.0,Fitbit App
2026-05-27T11:29:00Z,0.0,Fitbit App
2026-05-27T11:30:00Z,0.0,Fitbit App
2026-05-27T11:31:00Z,0.0,Fitbit App
2026-05-27T11:32:00Z,0.0,Fitbit App
2026-05-27T11:33:00Z,0.0,Fitbit App
2026-05-27T11:34:00Z,0.0,Fitbit App
2026-05-27T11:35:00Z,0.0,Fitbit App
2026-05-27T11:36:00Z,0.0,Fitbit App
2026-05-27T11:37:00Z,0.0,Fitbit App
2026-05-27T11:38:00Z,0.0,Fitbit App
2026-05-27T11:39:00Z,1.5219000000000003,Fitbit App
2026-05-27T11:40:00Z,4.81935,Fitbit App
2026-05-27T11:41:00Z,4.5657,Fitbit App
2026-05-27T11:42:00Z,5.326650000000001,Fitbit App
2026-05-27T11:43:00Z,2.28285,Fitbit App
2026-05-27T11:44:00Z,0.0,Fitbit App
2026-05-27T11:45:00Z,0.0,Fitbit App
2026-05-27T11:46:00Z,0.0,Fitbit App
2026-05-27T11:47:00Z,0.0,Fitbit App
2026-05-27T11:48:00Z,0.7609500000000001,Fitbit App
2026-05-27T11:49:00Z,0.0,Fitbit App
2026-05-27T11:50:00Z,0.0,Fitbit App
2026-05-27T11:51:00Z,0.0,Fitbit App
2026-05-27T11:52:00Z,0.0,Fitbit App
2026-05-27T11:53:00Z,0.0,Fitbit App
2026-05-27T11:54:00Z,0.0,Fitbit App
2026-05-27T11:55:00Z,0.0,Fitbit App
2026-05-27T11:56:00Z,4.5657,Fitbit App
2026-05-27T11:57:00Z,5.580300000000001,Fitbit App
2026-05-27T11:58:00Z,8.624100000000002,Fitbit App
2026-05-27T11:59:00Z,3.29745,Fitbit App
2026-05-27T12:00:00Z,2.5365,Fitbit App
2026-05-27T12:01:00Z,3.0438000000000005,Fitbit App
2026-05-27T12:02:00Z,1.648725,Fitbit App
2026-05-27T12:03:00Z,1.648725,Fitbit App
2026-05-27T12:04:00Z,0.0,Fitbit App
2026-05-27T12:05:00Z,0.0,Fitbit App
2026-05-27T12:06:00Z,0.0,Fitbit App
2026-05-27T12:07:00Z,2.28285,Fitbit App
2026-05-27T12:08:00Z,3.0438000000000005,Fitbit App
2026-05-27T12:09:00Z,0.0,Fitbit App
2026-05-27T12:10:00Z,0.0,Fitbit App
2026-05-27T12:11:00Z,0.0,Fitbit App
2026-05-27T12:12:00Z,0.0,Fitbit App
2026-05-27T12:13:00Z,0.0,Fitbit App
2026-05-27T12:14:00Z,0.0,Fitbit App
2026-05-27T12:15:00Z,0.0,Fitbit App
2026-05-27T12:16:00Z,0.0,Fitbit App
2026-05-27T12:17:00Z,0.0,Fitbit App
2026-05-27T12:18:00Z,0.0,Fitbit App
2026-05-27T12:19:00Z,0.0,Fitbit App
2026-05-27T12:20:00Z,0.0,Fitbit App
2026-05-27T12:21:00Z,0.0,Fitbit App
2026-05-27T12:22:00Z,0.0,Fitbit App
2026-05-27T12:23:00Z,0.0,Fitbit App
2026-05-27T12:24:00Z,0.0,Fitbit App
2026-05-27T12:25:00Z,0.0,Fitbit App
2026-05-27T12:26:00Z,2.5365,Fitbit App
2026-05-27T12:27:00Z,0.0,Fitbit App
2026-05-27T12:28:00Z,0.0,Fitbit App
2026-05-27T12:29:00Z,0.0,Fitbit App
2026-05-27T12:30:00Z,0.0,Fitbit App
2026-05-27T12:31:00Z,0.0,Fitbit App
2026-05-27T12:32:00Z,0.0,Fitbit App
2026-05-27T12:33:00Z,0.0,Fitbit App
2026-05-27T12:34:00Z,0.0,Fitbit App
2026-05-27T12:35:00Z,0.0,Fitbit App
2026-05-27T12:36:00Z,0.0,Fitbit App
2026-05-27T12:37:00Z,0.0,Fitbit App
2026-05-27T12:38:00Z,0.0,Fitbit App
2026-05-27T12:39:00Z,0.0,Fitbit App
2026-05-27T12:40:00Z,0.0,Fitbit App
2026-05-27T12:41:00Z,0.0,Fitbit App
2026-05-27T12:42:00Z,0.0,Fitbit App
2026-05-27T12:43:00Z,0.0,Fitbit App
2026-05-27T12:44:00Z,0.0,Fitbit App
2026-05-27T12:45:00Z,0.0,Fitbit App
2026-05-27T12:46:00Z,0.0,Fitbit App
2026-05-27T12:47:00Z,0.0,Fitbit App
2026-05-27T12:48:00Z,0.0,Fitbit App
2026-05-27T12:49:00Z,0.0,Fitbit App
2026-05-27T12:50:00Z,0.0,Fitbit App
2026-05-27T12:51:00Z,0.0,Fitbit App
2026-05-27T12:52:00Z,0.0,Fitbit App
2026-05-27T12:53:00Z,0.0,Fitbit App
2026-05-27T12:54:00Z,0.0,Fitbit App
2026-05-27T12:55:00Z,0.0,Fitbit App
2026-05-27T12:56:00Z,1.77555,Fitbit App
2026-05-27T12:57:00Z,0.0,Fitbit App
2026-05-27T12:58:00Z,0.7609500000000001,Fitbit App
2026-05-27T12:59:00Z,1.0146,Fitbit App
2026-05-27T13:00:00Z,2.5365,Fitbit App
2026-05-27T13:01:00Z,4.058400000000001,Fitbit App
2026-05-27T13:02:00Z,4.81935,Fitbit App
2026-05-27T13:03:00Z,4.058400000000001,Fitbit App
2026-05-27T13:04:00Z,2.7901500000000006,Fitbit App
2026-05-27T13:05:00Z,3.8047500000000003,Fitbit App
2026-05-27T13:06:00Z,5.073,Fitbit App
2026-05-27T13:07:00Z,5.326650000000001,Fitbit App
2026-05-27T13:08:00Z,4.058400000000001,Fitbit App
2026-05-27T13:09:00Z,0.0,Fitbit App
2026-05-27T13:10:00Z,3.8047500000000003,Fitbit App
2026-05-27T13:11:00Z,5.326650000000001,Fitbit App
2026-05-27T13:12:00Z,5.073,Fitbit App
2026-05-27T13:13:00Z,3.5511,Fitbit App
2026-05-27T13:14:00Z,2.7901500000000006,Fitbit App
2026-05-27T13:15:00Z,2.28285,Fitbit App
2026-05-27T13:16:00Z,0.7609500000000001,Fitbit App
2026-05-27T13:17:00Z,3.0438000000000005,Fitbit App
2026-05-27T13:18:00Z,0.0,Fitbit App
2026-05-27T13:19:00Z,0.0,Fitbit App
2026-05-27T13:20:00Z,0.0,Fitbit App
2026-05-27T13:21:00Z,0.0,Fitbit App
2026-05-27T13:22:00Z,0.0,Fitbit App
2026-05-27T13:23:00Z,0.0,Fitbit App
2026-05-27T13:24:00Z,0.0,Fitbit App
2026-05-27T13:25:00Z,0.0,Fitbit App
2026-05-27T13:26:00Z,0.0,Fitbit App
2026-05-27T13:27:00Z,0.0,Fitbit App
2026-05-27T13:28:00Z,0.0,Fitbit App
2026-05-27T13:29:00Z,0.0,Fitbit App
2026-05-27T13:30:00Z,0.0,Fitbit App
2026-05-27T13:31:00Z,0.0,Fitbit App
2026-05-27T13:32:00Z,0.0,Fitbit App
2026-05-27T13:33:00Z,0.0,Fitbit App
2026-05-27T13:34:00Z,0.0,Fitbit App
2026-05-27T13:35:00Z,0.0,Fitbit App
2026-05-27T13:36:00Z,0.0,Fitbit App
2026-05-27T13:37:00Z,0.0,Fitbit App
2026-05-27T13:38:00Z,0.0,Fitbit App
2026-05-27T13:39:00Z,0.0,Fitbit App
2026-05-27T13:40:00Z,0.0,Fitbit App
2026-05-27T13:41:00Z,0.0,Fitbit App
2026-05-27T13:42:00Z,0.0,Fitbit App
2026-05-27T13:43:00Z,0.7609500000000001,Fitbit App
2026-05-27T13:44:00Z,0.0,Fitbit App
2026-05-27T13:45:00Z,0.0,Fitbit App
2026-05-27T13:46:00Z,0.0,Fitbit App
2026-05-27T13:47:00Z,0.0,Fitbit App
2026-05-27T13:48:00Z,0.0,Fitbit App
2026-05-27T13:49:00Z,1.0146,Fitbit App
2026-05-27T13:50:00Z,5.580300000000001,Fitbit App
2026-05-27T13:51:00Z,4.5657,Fitbit App
2026-05-27T13:52:00Z,2.0292000000000003,Fitbit App
2026-05-27T13:53:00Z,1.5219000000000003,Fitbit App
2026-05-27T13:54:00Z,1.0146,Fitbit App
2026-05-27T13:55:00Z,1.77555,Fitbit App
2026-05-27T13:56:00Z,0.0,Fitbit App
2026-05-27T13:57:00Z,1.0146,Fitbit App
2026-05-27T13:58:00Z,0.0,Fitbit App
2026-05-27T13:59:00Z,0.0,Fitbit App
2026-05-27T14:00:00Z,0.0,Fitbit App
2026-05-27T14:01:00Z,0.0,Fitbit App
2026-05-27T14:02:00Z,1.0146,Fitbit App
2026-05-27T14:03:00Z,0.7609500000000001,Fitbit App
2026-05-27T14:04:00Z,1.26825,Fitbit App
2026-05-27T14:05:00Z,1.5219000000000003,Fitbit App
2026-05-27T14:06:00Z,1.0146,Fitbit App
2026-05-27T14:07:00Z,0.0,Fitbit App
2026-05-27T14:08:00Z,0.0,Fitbit App
2026-05-27T14:09:00Z,0.0,Fitbit App
2026-05-27T14:10:00Z,0.0,Fitbit App
2026-05-27T14:11:00Z,0.0,Fitbit App
2026-05-27T14:12:00Z,0.0,Fitbit App
2026-05-27T14:13:00Z,0.0,Fitbit App
2026-05-27T14:14:00Z,0.0,Fitbit App
2026-05-27T14:15:00Z,0.0,Fitbit App
2026-05-27T14:16:00Z,0.0,Fitbit App
2026-05-27T14:17:00Z,0.0,Fitbit App
2026-05-27T14:18:00Z,0.0,Fitbit App
2026-05-27T14:19:00Z,0.0,Fitbit App
2026-05-27T14:20:00Z,0.0,Fitbit App
2026-05-27T14:21:00Z,0.0,Fitbit App
2026-05-27T14:22:00Z,0.0,Fitbit App
2026-05-27T14:23:00Z,0.0,Fitbit App
2026-05-27T14:24:00Z,0.0,Fitbit App
2026-05-27T14:25:00Z,0.0,Fitbit App
2026-05-27T14:26:00Z,0.0,Fitbit App
2026-05-27T14:27:00Z,0.0,Fitbit App
2026-05-27T14:28:00Z,0.0,Fitbit App
2026-05-27T14:29:00Z,0.0,Fitbit App
2026-05-27T14:30:00Z,0.0,Fitbit App
2026-05-27T14:31:00Z,0.0,Fitbit App
2026-05-27T14:32:00Z,0.0,Fitbit App
2026-05-27T14:33:00Z,0.0,Fitbit App
2026-05-27T14:34:00Z,0.0,Fitbit App
2026-05-27T14:35:00Z,0.0,Fitbit App
2026-05-27T14:36:00Z,0.0,Fitbit App
2026-05-27T14:37:00Z,0.0,Fitbit App
2026-05-27T14:38:00Z,0.0,Fitbit App
2026-05-27T14:40:00Z,0.0,Fitbit App
2026-05-27T14:41:00Z,2.28285,Fitbit App
2026-05-27T14:42:00Z,3.0438000000000005,Fitbit App
2026-05-27T14:43:00Z,1.5219000000000003,Fitbit App
2026-05-27T14:44:00Z,2.0292000000000003,Fitbit App
2026-05-27T14:45:00Z,1.0146,Fitbit App
2026-05-27T14:46:00Z,6.848550000000001,Fitbit App
2026-05-27T14:47:00Z,2.28285,Fitbit App
2026-05-27T14:48:00Z,1.77555,Fitbit App
2026-05-27T14:49:00Z,0.0,Fitbit App
2026-05-27T14:50:00Z,1.5219000000000003,Fitbit App
2026-05-27T14:51:00Z,1.5219000000000003,Fitbit App
2026-05-27T14:52:00Z,3.8047500000000003,Fitbit App
2026-05-27T14:53:00Z,3.5511,Fitbit App
2026-05-27T14:54:00Z,0.0,Fitbit App
2026-05-27T14:55:00Z,0.0,Fitbit App
2026-05-27T14:56:00Z,0.0,Fitbit App
2026-05-27T14:57:00Z,0.0,Fitbit App
2026-05-27T14:58:00Z,0.0,Fitbit App
2026-05-27T14:59:00Z,0.0,Fitbit App
2026-05-27T15:00:00Z,0.0,Fitbit App
2026-05-27T15:01:00Z,0.0,Fitbit App
2026-05-27T15:02:00Z,0.0,Fitbit App
2026-05-27T15:03:00Z,0.0,Fitbit App
2026-05-27T15:04:00Z,0.0,Fitbit App
2026-05-27T15:05:00Z,0.0,Fitbit App
2026-05-27T15:06:00Z,2.5365,Fitbit App
2026-05-27T15:07:00Z,1.5219000000000003,Fitbit App
2026-05-27T15:08:00Z,6.0876,Fitbit App
2026-05-27T15:09:00Z,4.312050000000001,Fitbit App
2026-05-27T15:10:00Z,7.609500000000001,Fitbit App
2026-05-27T15:11:00Z,2.28285,Fitbit App
2026-05-27T15:12:00Z,0.0,Fitbit App
2026-05-27T15:13:00Z,2.0292000000000003,Fitbit App
2026-05-27T15:14:00Z,0.0,Fitbit App
2026-05-27T15:17:00Z,0.0,Fitbit App
2026-05-27T15:18:00Z,0.0,Fitbit App
2026-05-27T15:21:00Z,2.0292000000000003,Fitbit App
2026-05-27T15:22:00Z,1.0146,Fitbit App
2026-05-27T15:23:00Z,3.8047500000000003,Fitbit App
2026-05-27T15:24:00Z,2.0292000000000003,Fitbit App
2026-05-27T15:25:00Z,2.5365,Fitbit App
2026-05-27T15:26:00Z,4.312050000000001,Fitbit App
2026-05-27T15:27:00Z,5.326650000000001,Fitbit App
2026-05-27T15:28:00Z,3.5511,Fitbit App
2026-05-27T15:29:00Z,2.5365,Fitbit App
2026-05-27T15:30:00Z,2.7901500000000006,Fitbit App
2026-05-27T15:31:00Z,3.5511,Fitbit App
2026-05-27T15:32:00Z,2.0292000000000003,Fitbit App
2026-05-27T15:33:00Z,0.0,Fitbit App
2026-05-27T15:34:00Z,0.0,Fitbit App
2026-05-27T15:35:00Z,0.0,Fitbit App
2026-05-27T15:36:00Z,2.0292000000000003,Fitbit App
2026-05-27T15:37:00Z,1.0146,Fitbit App
2026-05-27T15:38:00Z,1.5219000000000003,Fitbit App
2026-05-27T15:39:00Z,2.0292000000000003,Fitbit App
2026-05-27T15:40:00Z,2.5365,Fitbit App
2026-05-27T15:41:00Z,2.0292000000000003,Fitbit App
2026-05-27T15:42:00Z,2.5365,Fitbit App
2026-05-27T15:43:00Z,2.0292000000000003,Fitbit App
2026-05-27T15:44:00Z,1.5219000000000003,Fitbit App
2026-05-27T15:45:00Z,0.0,Fitbit App
2026-05-27T15:46:00Z,1.5219000000000003,Fitbit App
2026-05-27T15:47:00Z,2.28285,Fitbit App
2026-05-27T15:48:00Z,2.28285,Fitbit App
2026-05-27T15:49:00Z,1.5219000000000003,Fitbit App
2026-05-27T15:50:00Z,1.77555,Fitbit App
2026-05-27T15:51:00Z,2.0292000000000003,Fitbit App
2026-05-27T15:52:00Z,4.5657,Fitbit App
2026-05-27T15:53:00Z,5.326650000000001,Fitbit App
2026-05-27T15:54:00Z,5.073,Fitbit App
2026-05-27T15:55:00Z,4.81935,Fitbit App
2026-05-27T15:56:00Z,5.073,Fitbit App
2026-05-27T15:57:00Z,5.073,Fitbit App
2026-05-27T15:58:00Z,4.5657,Fitbit App
2026-05-27T15:59:00Z,5.580300000000001,Fitbit App
2026-05-27T16:00:00Z,4.5657,Fitbit App
2026-05-27T16:01:00Z,4.5657,Fitbit App
2026-05-27T16:02:00Z,4.058400000000001,Fitbit App
2026-05-27T16:03:00Z,2.7901500000000006,Fitbit App
2026-05-27T16:04:00Z,4.058400000000001,Fitbit App
2026-05-27T16:05:00Z,0.7609500000000001,Fitbit App
2026-05-27T16:06:00Z,3.0438000000000005,Fitbit App
2026-05-27T16:07:00Z,3.5511,Fitbit App
2026-05-27T16:08:00Z,4.312050000000001,Fitbit App
2026-05-27T16:09:00Z,2.0292000000000003,Fitbit App
2026-05-27T16:10:00Z,0.0,Fitbit App
2026-05-27T16:11:00Z,2.28285,Fitbit App
2026-05-27T16:12:00Z,0.0,Fitbit App
2026-05-27T16:13:00Z,2.0292000000000003,Fitbit App
2026-05-27T16:14:00Z,2.0292000000000003,Fitbit App
2026-05-27T16:15:00Z,0.0,Fitbit App
2026-05-27T16:16:00Z,0.0,Fitbit App
2026-05-27T16:17:00Z,1.77555,Fitbit App
2026-05-27T16:18:00Z,3.5511,Fitbit App
2026-05-27T16:19:00Z,4.312050000000001,Fitbit App
2026-05-27T16:20:00Z,4.5657,Fitbit App
2026-05-27T16:21:00Z,5.326650000000001,Fitbit App
2026-05-27T16:22:00Z,5.073,Fitbit App
2026-05-27T16:23:00Z,5.073,Fitbit App
2026-05-27T16:24:00Z,4.81935,Fitbit App
2026-05-27T16:25:00Z,4.5657,Fitbit App
2026-05-27T16:26:00Z,4.5657,Fitbit App
2026-05-27T16:27:00Z,4.5657,Fitbit App
2026-05-27T16:28:00Z,5.073,Fitbit App
2026-05-27T16:29:00Z,5.073,Fitbit App
2026-05-27T16:30:00Z,3.29745,Fitbit App
2026-05-27T16:31:00Z,4.5657,Fitbit App
2026-05-27T16:32:00Z,2.0292000000000003,Fitbit App
2026-05-27T16:33:00Z,2.28285,Fitbit App
2026-05-27T16:34:00Z,1.77555,Fitbit App
2026-05-27T16:35:00Z,0.0,Fitbit App
2026-05-27T16:42:00Z,0.0,Fitbit App
2026-05-27T16:46:00Z,0.0,Fitbit App
2026-05-27T16:47:00Z,0.0,Fitbit App
2026-05-27T16:48:00Z,0.0,Fitbit App
2026-05-27T16:49:00Z,0.0,Fitbit App
2026-05-27T16:50:00Z,0.0,Fitbit App
2026-05-27T16:51:00Z,0.0,Fitbit App
2026-05-27T16:52:00Z,0.0,Fitbit App
2026-05-27T16:53:00Z,0.0,Fitbit App
2026-05-27T16:54:00Z,0.0,Fitbit App
2026-05-27T16:55:00Z,0.0,Fitbit App
2026-05-27T16:56:00Z,0.0,Fitbit App
2026-05-27T16:57:00Z,0.0,Fitbit App
2026-05-27T16:58:00Z,0.0,Fitbit App
2026-05-27T16:59:00Z,0.0,Fitbit App
2026-05-27T17:01:00Z,0.0,Fitbit App
2026-05-27T17:03:00Z,0.0,Fitbit App
2026-05-27T17:04:00Z,0.0,Fitbit App
2026-05-27T17:05:00Z,0.0,Fitbit App
2026-05-27T17:06:00Z,0.0,Fitbit App
2026-05-27T17:07:00Z,0.0,Fitbit App
2026-05-27T17:08:00Z,0.0,Fitbit App
2026-05-27T17:09:00Z,0.0,Fitbit App
2026-05-27T17:10:00Z,0.0,Fitbit App
2026-05-27T17:11:00Z,0.0,Fitbit App
2026-05-27T17:13:00Z,0.0,Fitbit App
2026-05-27T17:14:00Z,0.0,Fitbit App
2026-05-27T17:15:00Z,0.0,Fitbit App
2026-05-27T17:16:00Z,0.0,Fitbit App
2026-05-27T17:17:00Z,0.0,Fitbit App
2026-05-27T17:18:00Z,0.0,Fitbit App
2026-05-27T17:19:00Z,0.0,Fitbit App
2026-05-27T17:20:00Z,0.0,Fitbit App
2026-05-27T17:21:00Z,0.0,Fitbit App
2026-05-27T17:22:00Z,0.0,Fitbit App
2026-05-27T17:23:00Z,0.0,Fitbit App
2026-05-27T17:24:00Z,0.0,Fitbit App
2026-05-27T17:25:00Z,0.0,Fitbit App
2026-05-27T17:26:00Z,0.0,Fitbit App
2026-05-27T17:27:00Z,0.0,Fitbit App
2026-05-27T17:28:00Z,0.0,Fitbit App
2026-05-27T17:30:00Z,0.0,Fitbit App
2026-05-27T17:31:00Z,0.0,Fitbit App
2026-05-27T17:32:00Z,0.0,Fitbit App
2026-05-27T17:33:00Z,0.0,Fitbit App
2026-05-27T17:34:00Z,0.0,Fitbit App
2026-05-27T17:35:00Z,0.0,Fitbit App
2026-05-27T17:36:00Z,0.7609500000000001,Fitbit App
2026-05-27T17:37:00Z,1.26825,Fitbit App
2026-05-27T17:38:00Z,0.7609500000000001,Fitbit App
2026-05-27T17:39:00Z,2.0292000000000003,Fitbit App
2026-05-27T17:40:00Z,0.0,Fitbit App
2026-05-27T17:41:00Z,0.0,Fitbit App
2026-05-27T17:47:00Z,0.0,Fitbit App
2026-05-27T17:49:00Z,1.0146,Fitbit App
2026-05-27T17:50:00Z,0.0,Fitbit App
2026-05-27T18:11:00Z,0.0,Fitbit App
2026-05-27T18:12:00Z,0.0,Fitbit App
2026-05-27T18:14:00Z,0.0,Fitbit App
2026-05-27T18:19:00Z,0.0,Fitbit App
2026-05-27T18:21:00Z,0.0,Fitbit App
2026-05-27T18:31:00Z,1.5219000000000003,Fitbit App
2026-05-27T18:32:00Z,2.7901500000000006,Fitbit App
2026-05-27T18:33:00Z,3.0438000000000005,Fitbit App
2026-05-27T18:34:00Z,2.7901500000000006,Fitbit App
2026-05-27T18:35:00Z,3.0438000000000005,Fitbit App
2026-05-27T18:36:00Z,2.7901500000000006,Fitbit App
2026-05-27T18:37:00Z,2.28285,Fitbit App
2026-05-27T18:38:00Z,0.0,Fitbit App
2026-05-27T18:39:00Z,2.0292000000000003,Fitbit App
2026-05-27T18:40:00Z,0.7609500000000001,Fitbit App
2026-05-27T18:41:00Z,2.5365,Fitbit App
2026-05-27T18:42:00Z,2.0292000000000003,Fitbit App
2026-05-27T18:43:00Z,1.77555,Fitbit App
2026-05-27T18:44:00Z,2.28285,Fitbit App
2026-05-27T18:45:00Z,1.5219000000000003,Fitbit App
2026-05-27T18:46:00Z,2.28285,Fitbit App
2026-05-27T18:47:00Z,2.28285,Fitbit App
2026-05-27T18:48:00Z,3.8047500000000003,Fitbit App
2026-05-27T18:49:00Z,2.5365,Fitbit App
2026-05-27T18:50:00Z,2.28285,Fitbit App
2026-05-27T18:51:00Z,2.7901500000000006,Fitbit App
2026-05-27T18:52:00Z,2.7901500000000006,Fitbit App
2026-05-27T18:53:00Z,3.0438000000000005,Fitbit App
2026-05-27T18:54:00Z,3.0438000000000005,Fitbit App
2026-05-27T18:55:00Z,2.7901500000000006,Fitbit App
2026-05-27T18:56:00Z,2.28285,Fitbit App
2026-05-27T18:57:00Z,2.28285,Fitbit App
2026-05-27T18:58:00Z,0.0,Fitbit App
2026-05-27T18:59:00Z,0.0,Fitbit App
2026-05-27T19:00:00Z,0.0,Fitbit App
2026-05-27T19:01:00Z,2.0292000000000003,Fitbit App
2026-05-27T19:02:00Z,1.648725,Fitbit App
2026-05-27T19:03:00Z,0.0,Fitbit App
2026-05-27T19:04:00Z,0.0,Fitbit App
2026-05-27T19:05:00Z,0.0,Fitbit App
2026-05-27T19:06:00Z,0.0,Fitbit App
2026-05-27T19:07:00Z,2.0292000000000003,Fitbit App
2026-05-27T19:08:00Z,0.0,Fitbit App
2026-05-27T19:09:00Z,0.0,Fitbit App
2026-05-27T19:10:00Z,1.77555,Fitbit App
2026-05-27T19:11:00Z,2.5365,Fitbit App
2026-05-27T19:12:00Z,1.648725,Fitbit App
2026-05-27T19:13:00Z,2.7901500000000006,Fitbit App
2026-05-27T19:14:00Z,3.29745,Fitbit App
2026-05-27T19:15:00Z,1.3950750000000003,Fitbit App
2026-05-27T19:16:00Z,2.28285,Fitbit App
2026-05-27T19:17:00Z,2.5365,Fitbit App
2026-05-27T19:18:00Z,0.7609500000000001,Fitbit App
2026-05-27T19:19:00Z,3.29745,Fitbit App
2026-05-27T19:20:00Z,2.7901500000000006,Fitbit App
2026-05-27T19:21:00Z,0.0,Fitbit App
2026-05-27T19:22:00Z,2.7901500000000006,Fitbit App
2026-05-27T19:23:00Z,4.312050000000001,Fitbit App
2026-05-27T19:24:00Z,3.8047500000000003,Fitbit App
2026-05-27T19:25:00Z,1.9023750000000001,Fitbit App
2026-05-27T19:26:00Z,0.0,Fitbit App
2026-05-27T19:27:00Z,0.0,Fitbit App
2026-05-27T19:28:00Z,0.0,Fitbit App
2026-05-27T19:29:00Z,0.0,Fitbit App
2026-05-27T19:30:00Z,0.0,Fitbit App
2026-05-27T19:31:00Z,0.0,Fitbit App
2026-05-27T19:32:00Z,0.0,Fitbit App
2026-05-27T19:33:00Z,0.0,Fitbit App
2026-05-27T19:34:00Z,0.0,Fitbit App
2026-05-27T19:35:00Z,0.0,Fitbit App
2026-05-27T19:36:00Z,0.0,Fitbit App
2026-05-27T19:37:00Z,0.0,Fitbit App
2026-05-27T19:38:00Z,0.0,Fitbit App
2026-05-27T19:39:00Z,0.0,Fitbit App
2026-05-27T19:40:00Z,0.0,Fitbit App
2026-05-27T19:41:00Z,0.0,Fitbit App
2026-05-27T19:42:00Z,0.0,Fitbit App
2026-05-27T19:43:00Z,0.0,Fitbit App
2026-05-27T19:44:00Z,0.0,Fitbit App
2026-05-27T19:45:00Z,0.0,Fitbit App
2026-05-27T19:46:00Z,0.0,Fitbit App
2026-05-27T19:47:00Z,0.0,Fitbit App
2026-05-27T19:48:00Z,0.0,Fitbit App
2026-05-27T19:49:00Z,0.0,Fitbit App
2026-05-27T19:50:00Z,0.0,Fitbit App
2026-05-27T19:51:00Z,0.0,Fitbit App
2026-05-27T19:52:00Z,0.0,Fitbit App
2026-05-27T19:53:00Z,0.0,Fitbit App
2026-05-27T19:54:00Z,0.0,Fitbit App
2026-05-27T19:55:00Z,0.0,Fitbit App
2026-05-27T19:56:00Z,0.0,Fitbit App
2026-05-27T19:57:00Z,0.0,Fitbit App
2026-05-27T19:58:00Z,0.0,Fitbit App
2026-05-27T19:59:00Z,0.0,Fitbit App
2026-05-27T20:00:00Z,0.0,Fitbit App
2026-05-27T20:01:00Z,0.0,Fitbit App
2026-05-27T20:02:00Z,0.0,Fitbit App
2026-05-27T20:03:00Z,0.0,Fitbit App
2026-05-27T20:04:00Z,1.0146,Fitbit App
2026-05-27T20:05:00Z,0.0,Fitbit App
2026-05-27T20:06:00Z,0.0,Fitbit App
2026-05-27T20:10:00Z,0.0,Fitbit App
2026-05-27T20:11:00Z,0.0,Fitbit App
2026-05-27T20:12:00Z,0.0,Fitbit App
2026-05-27T20:13:00Z,0.0,Fitbit App
2026-05-27T20:14:00Z,0.0,Fitbit App
2026-05-27T20:15:00Z,0.0,Fitbit App
2026-05-27T20:16:00Z,0.0,Fitbit App
2026-05-27T20:22:00Z,0.0,Fitbit App
2026-05-27T20:23:00Z,0.0,Fitbit App
2026-05-27T20:30:00Z,0.0,Fitbit App
2026-05-27T20:31:00Z,0.0,Fitbit App
2026-05-27T20:32:00Z,0.0,Fitbit App
2026-05-27T20:34:00Z,0.0,Fitbit App
2026-05-27T20:35:00Z,0.0,Fitbit App
2026-05-27T20:36:00Z,0.7609500000000001,Fitbit App
2026-05-27T20:37:00Z,1.26825,Fitbit App
2026-05-27T20:38:00Z,0.0,Fitbit App
2026-05-27T20:39:00Z,0.0,Fitbit App
2026-05-27T20:40:00Z,0.0,Fitbit App
2026-05-27T20:41:00Z,0.0,Fitbit App
2026-05-27T20:42:00Z,0.0,Fitbit App
2026-05-27T20:43:00Z,0.0,Fitbit App
2026-05-27T20:44:00Z,0.0,Fitbit App
2026-05-27T20:45:00Z,0.0,Fitbit App
2026-05-27T20:47:00Z,0.0,Fitbit App
2026-05-27T20:48:00Z,0.0,Fitbit App
2026-05-27T20:49:00Z,0.0,Fitbit App
2026-05-27T20:50:00Z,0.0,Fitbit App
2026-05-27T20:51:00Z,0.0,Fitbit App
2026-05-27T20:52:00Z,0.0,Fitbit App
2026-05-27T20:53:00Z,0.0,Fitbit App
2026-05-27T20:56:00Z,0.0,Fitbit App
2026-05-27T20:57:00Z,0.0,Fitbit App
2026-05-27T20:58:00Z,0.0,Fitbit App
2026-05-27T21:01:00Z,0.0,Fitbit App
2026-05-27T21:02:00Z,0.0,Fitbit App
2026-05-27T21:03:00Z,0.0,Fitbit App
2026-05-27T21:04:00Z,0.0,Fitbit App
2026-05-27T21:05:00Z,1.5219000000000003,Fitbit App
2026-05-27T21:06:00Z,1.77555,Fitbit App
2026-05-27T21:07:00Z,0.0,Fitbit App
2026-05-27T21:08:00Z,0.0,Fitbit App
2026-05-27T21:09:00Z,0.0,Fitbit App
2026-05-27T21:10:00Z,0.0,Fitbit App
2026-05-27T21:11:00Z,0.0,Fitbit App
2026-05-27T21:12:00Z,0.0,Fitbit App
2026-05-27T21:13:00Z,0.0,Fitbit App
2026-05-27T21:14:00Z,0.0,Fitbit App
2026-05-27T21:17:00Z,0.0,Fitbit App
2026-05-27T21:22:00Z,0.0,Fitbit App
2026-05-27T21:26:00Z,0.0,Fitbit App
2026-05-27T21:27:00Z,0.0,Fitbit App
2026-05-27T21:29:00Z,0.0,Fitbit App
2026-05-27T21:31:00Z,0.0,Fitbit App
2026-05-27T21:32:00Z,0.0,Fitbit App
2026-05-27T21:33:00Z,0.0,Fitbit App
2026-05-27T21:34:00Z,0.0,Fitbit App
2026-05-27T21:38:00Z,0.0,Fitbit App
2026-05-27T21:42:00Z,0.0,Fitbit App
2026-05-27T21:44:00Z,2.28285,Fitbit App
2026-05-27T21:45:00Z,1.5219000000000003,Fitbit App
2026-05-27T21:46:00Z,0.0,Fitbit App
2026-05-27T21:55:00Z,0.0,Fitbit App
2026-05-27T21:56:00Z,0.0,Fitbit App
2026-05-27T21:57:00Z,0.0,Fitbit App
2026-05-27T21:58:00Z,0.0,Fitbit App
2026-05-27T22:04:00Z,0.0,Fitbit App
2026-05-27T22:12:00Z,0.0,Fitbit App
2026-05-27T22:17:00Z,0.0,Fitbit App
2026-05-27T22:20:00Z,0.0,Fitbit App
2026-05-27T22:21:00Z,0.0,Fitbit App
2026-05-27T22:42:00Z,0.0,Fitbit App
2026-05-27T22:44:00Z,0.0,Fitbit App
2026-05-27T22:46:00Z,0.0,Fitbit App
2026-05-27T22:48:00Z,0.0,Fitbit App
2026-05-27T22:52:00Z,0.0,Fitbit App
2026-05-27T22:56:00Z,0.0,Fitbit App
2026-05-27T23:06:00Z,0.0,Fitbit App
2026-05-27T23:07:00Z,0.5073,Fitbit App
2026-05-27T23:11:00Z,0.0,Fitbit App
2026-05-27T23:21:00Z,0.0,Fitbit App
2026-05-27T23:24:00Z,0.0,Fitbit App
2026-05-27T23:29:00Z,0.0,Fitbit App
2026-05-27T23:30:00Z,0.0,Fitbit App
2026-05-27T23:31:00Z,0.0,Fitbit App
2026-05-27T23:47:00Z,0.7609500000000001,Fitbit App
2026-05-27T23:48:00Z,0.0,Fitbit App
2026-05-27T23:51:00Z,1.77555,Fitbit App
2026-05-27T23:52:00Z,1.5219000000000003,Fitbit App
2026-05-27T23:53:00Z,0.0,Fitbit App
2026-05-27T23:54:00Z,2.0292000000000003,Fitbit App
2026-05-27T23:55:00Z,0.0,Fitbit App
2026-05-27T23:56:00Z,0.0,Fitbit App
2026-05-27T23:59:00Z,0.0,Fitbit App
2026-05-28T00:00:00Z,0.0,Fitbit App
2026-05-28T00:03:00Z,0.0,Fitbit App
2026-05-28T00:14:00Z,0.0,Fitbit App
2026-05-28T00:22:00Z,0.7609500000000001,Fitbit App
2026-05-28T00:23:00Z,0.0,Fitbit App
2026-05-28T00:30:00Z,0.0,Fitbit App
2026-05-28T00:32:00Z,0.0,Fitbit App
2026-05-28T00:44:00Z,0.0,Fitbit App
2026-05-28T00:47:00Z,0.0,Fitbit App
2026-05-28T00:53:00Z,0.0,Fitbit App
2026-05-28T01:19:00Z,0.0,Fitbit App
2026-05-28T01:40:00Z,0.5073,Fitbit App
2026-05-28T01:53:00Z,0.0,Fitbit App
2026-05-28T02:52:00Z,0.0,Fitbit App
2026-05-28T02:55:00Z,0.0,Fitbit App
2026-05-28T02:57:00Z,0.0,Fitbit App
2026-05-28T02:59:00Z,0.0,Fitbit App
2026-05-28T03:13:00Z,0.0,Fitbit App
2026-05-28T04:32:00Z,0.5073,Fitbit App
2026-05-28T04:48:00Z,0.0,Fitbit App
2026-05-28T04:58:00Z,0.0,Fitbit App
2026-05-28T05:13:00Z,0.0,Fitbit App
2026-05-28T05:18:00Z,0.5073,Fitbit App
2026-05-28T05:25:00Z,0.0,Fitbit App
2026-05-28T06:21:00Z,0.0,Fitbit App
2026-05-28T06:28:00Z,0.0,Fitbit App
2026-05-28T06:36:00Z,0.0,Fitbit App
2026-05-28T06:50:00Z,0.0,Fitbit App
2026-05-28T06:52:00Z,0.0,Fitbit App
2026-05-28T07:01:00Z,0.0,Fitbit App
2026-05-28T07:02:00Z,0.0,Fitbit App
2026-05-28T07:03:00Z,0.5073,Fitbit App
2026-05-28T07:04:00Z,0.7609500000000001,Fitbit App
2026-05-28T07:05:00Z,0.7609500000000001,Fitbit App
2026-05-28T07:55:00Z,0.0,Fitbit App
2026-05-28T07:59:00Z,0.0,Fitbit App
2026-05-28T08:14:00Z,0.0,Fitbit App
2026-05-28T08:18:00Z,0.0,Fitbit App
2026-05-28T08:19:00Z,0.0,Fitbit App
2026-05-28T08:40:00Z,0.0,Fitbit App
2026-05-28T08:41:00Z,0.0,Fitbit App
2026-05-28T08:58:00Z,0.0,Fitbit App
2026-05-28T09:09:00Z,1.0146,Fitbit App
2026-05-28T09:13:00Z,0.0,Fitbit App
2026-05-28T09:14:00Z,0.0,Fitbit App
2026-05-28T09:19:00Z,0.0,Fitbit App
2026-05-28T09:20:00Z,0.0,Fitbit App
2026-05-28T09:22:00Z,0.0,Fitbit App
2026-05-28T09:23:00Z,1.0146,Fitbit App
2026-05-28T09:24:00Z,1.0146,Fitbit App
2026-05-28T09:25:00Z,0.0,Fitbit App
2026-05-28T09:34:00Z,1.26825,Fitbit App
2026-05-28T09:35:00Z,3.5511,Fitbit App
2026-05-28T09:36:00Z,2.0292000000000003,Fitbit App
2026-05-28T09:37:00Z,3.8047500000000003,Fitbit App
2026-05-28T09:38:00Z,4.185225,Fitbit App
2026-05-28T09:39:00Z,3.4242750000000006,Fitbit App
2026-05-28T09:40:00Z,0.0,Fitbit App
2026-05-28T09:41:00Z,3.5511,Fitbit App
2026-05-28T09:42:00Z,2.28285,Fitbit App
2026-05-28T09:43:00Z,2.0292000000000003,Fitbit App
2026-05-28T09:44:00Z,11.6679,Fitbit App
2026-05-28T09:45:00Z,9.6387,Fitbit App
2026-05-28T09:46:00Z,1.77555,Fitbit App
2026-05-28T09:47:00Z,2.0292000000000003,Fitbit App
2026-05-28T09:48:00Z,2.5365,Fitbit App
2026-05-28T09:49:00Z,3.0438000000000005,Fitbit App
2026-05-28T09:50:00Z,5.073,Fitbit App
2026-05-28T09:51:00Z,3.29745,Fitbit App
2026-05-28T09:52:00Z,3.29745,Fitbit App
2026-05-28T09:53:00Z,4.312050000000001,Fitbit App
2026-05-28T09:54:00Z,6.3412500000000005,Fitbit App
2026-05-28T09:55:00Z,3.5511,Fitbit App
2026-05-28T09:56:00Z,3.29745,Fitbit App
2026-05-28T09:57:00Z,4.312050000000001,Fitbit App
2026-05-28T09:58:00Z,4.312050000000001,Fitbit App
2026-05-28T09:59:00Z,3.29745,Fitbit App
2026-05-28T10:00:00Z,3.0438000000000005,Fitbit App
2026-05-28T10:01:00Z,3.8047500000000003,Fitbit App
2026-05-28T10:02:00Z,3.29745,Fitbit App
2026-05-28T10:03:00Z,5.580300000000001,Fitbit App
2026-05-28T10:04:00Z,1.3950750000000003,Fitbit App
2026-05-28T10:05:00Z,0.0,Fitbit App
2026-05-28T10:06:00Z,0.0,Fitbit App
2026-05-28T10:07:00Z,0.0,Fitbit App
2026-05-28T10:08:00Z,0.0,Fitbit App
2026-05-28T10:09:00Z,1.26825,Fitbit App
2026-05-28T10:10:00Z,2.28285,Fitbit App
2026-05-28T10:11:00Z,2.28285,Fitbit App
2026-05-28T10:12:00Z,2.5365,Fitbit App
2026-05-28T10:13:00Z,2.0292000000000003,Fitbit App
2026-05-28T10:14:00Z,2.28285,Fitbit App
2026-05-28T10:15:00Z,3.0438000000000005,Fitbit App
2026-05-28T10:16:00Z,2.5365,Fitbit App
2026-05-28T10:17:00Z,2.5365,Fitbit App
2026-05-28T10:18:00Z,0.0,Fitbit App
2026-05-28T10:19:00Z,0.0,Fitbit App
2026-05-28T10:20:00Z,0.0,Fitbit App
2026-05-28T10:21:00Z,2.5365,Fitbit App
2026-05-28T10:22:00Z,1.5219000000000003,Fitbit App
2026-05-28T10:23:00Z,3.0438000000000005,Fitbit App
2026-05-28T10:24:00Z,2.5365,Fitbit App
2026-05-28T10:25:00Z,1.77555,Fitbit App
2026-05-28T10:26:00Z,0.0,Fitbit App
2026-05-28T10:27:00Z,0.0,Fitbit App
2026-05-28T10:28:00Z,0.7609500000000001,Fitbit App
2026-05-28T10:29:00Z,3.0438000000000005,Fitbit App
2026-05-28T10:30:00Z,0.0,Fitbit App
2026-05-28T10:31:00Z,0.0,Fitbit App
2026-05-28T10:32:00Z,0.0,Fitbit App
2026-05-28T10:49:00Z,0.0,Fitbit App
2026-05-28T10:55:00Z,0.0,Fitbit App
2026-05-28T10:56:00Z,0.0,Fitbit App
2026-05-28T11:19:00Z,0.0,Fitbit App
2026-05-28T11:20:00Z,0.0,Fitbit App
2026-05-28T11:21:00Z,0.5073,Fitbit App
2026-05-28T11:22:00Z,1.0146,Fitbit App
2026-05-28T11:23:00Z,0.0,Fitbit App
2026-05-28T11:24:00Z,0.0,Fitbit App
2026-05-28T11:25:00Z,0.0,Fitbit App
2026-05-28T11:26:00Z,0.0,Fitbit App
2026-05-28T11:27:00Z,0.0,Fitbit App
2026-05-28T11:28:00Z,0.0,Fitbit App
2026-05-28T11:29:00Z,0.0,Fitbit App
2026-05-28T11:30:00Z,0.0,Fitbit App
2026-05-28T11:31:00Z,0.7609500000000001,Fitbit App
2026-05-28T11:32:00Z,0.0,Fitbit App
2026-05-28T11:33:00Z,0.0,Fitbit App
2026-05-28T11:34:00Z,0.0,Fitbit App
2026-05-28T11:35:00Z,0.0,Fitbit App
2026-05-28T11:36:00Z,0.0,Fitbit App
2026-05-28T11:37:00Z,0.0,Fitbit App
2026-05-28T11:38:00Z,0.0,Fitbit App
2026-05-28T11:39:00Z,0.7609500000000001,Fitbit App
2026-05-28T11:40:00Z,0.0,Fitbit App
2026-05-28T11:41:00Z,0.0,Fitbit App
2026-05-28T11:42:00Z,0.0,Fitbit App
2026-05-28T11:43:00Z,0.0,Fitbit App
2026-05-28T11:44:00Z,0.0,Fitbit App
2026-05-28T11:45:00Z,0.0,Fitbit App
2026-05-28T11:46:00Z,0.0,Fitbit App
2026-05-28T11:47:00Z,0.0,Fitbit App
2026-05-28T11:48:00Z,0.0,Fitbit App
2026-05-28T11:49:00Z,0.0,Fitbit App
2026-05-28T11:50:00Z,0.0,Fitbit App
2026-05-28T11:51:00Z,0.0,Fitbit App
2026-05-28T11:52:00Z,0.7609500000000001,Fitbit App
2026-05-28T11:53:00Z,0.0,Fitbit App
2026-05-28T11:57:00Z,0.0,Fitbit App
2026-05-28T11:58:00Z,0.5073,Fitbit App
2026-05-28T12:01:00Z,0.7609500000000001,Fitbit App
2026-05-28T12:02:00Z,2.0292000000000003,Fitbit App
2026-05-28T12:03:00Z,2.0292000000000003,Fitbit App
2026-05-28T12:04:00Z,2.28285,Fitbit App
2026-05-28T12:05:00Z,1.5219000000000003,Fitbit App
2026-05-28T12:06:00Z,1.5219000000000003,Fitbit App
2026-05-28T12:07:00Z,1.5219000000000003,Fitbit App
2026-05-28T12:08:00Z,0.5073,Fitbit App
2026-05-28T12:09:00Z,1.77555,Fitbit App
2026-05-28T12:10:00Z,5.326650000000001,Fitbit App
2026-05-28T12:11:00Z,5.073,Fitbit App
2026-05-28T12:12:00Z,5.073,Fitbit App
2026-05-28T12:13:00Z,5.326650000000001,Fitbit App
2026-05-28T12:14:00Z,5.073,Fitbit App
2026-05-28T12:15:00Z,5.326650000000001,Fitbit App
2026-05-28T12:16:00Z,5.073,Fitbit App
2026-05-28T12:17:00Z,5.073,Fitbit App
2026-05-28T12:18:00Z,5.073,Fitbit App
2026-05-28T12:19:00Z,4.5657,Fitbit App
2026-05-28T12:20:00Z,5.073,Fitbit App
2026-05-28T12:21:00Z,4.312050000000001,Fitbit App
2026-05-28T12:22:00Z,3.8047500000000003,Fitbit App
2026-05-28T12:23:00Z,2.7901500000000006,Fitbit App
2026-05-28T12:24:00Z,4.058400000000001,Fitbit App
2026-05-28T12:25:00Z,3.8047500000000003,Fitbit App
2026-05-28T12:26:00Z,2.28285,Fitbit App
2026-05-28T12:27:00Z,1.77555,Fitbit App
2026-05-28T12:28:00Z,0.0,Fitbit App
2026-05-28T12:29:00Z,2.28285,Fitbit App
2026-05-28T12:30:00Z,4.058400000000001,Fitbit App
2026-05-28T12:31:00Z,5.073,Fitbit App
2026-05-28T12:32:00Z,5.073,Fitbit App
2026-05-28T12:33:00Z,5.073,Fitbit App
2026-05-28T12:34:00Z,4.5657,Fitbit App
2026-05-28T12:35:00Z,5.073,Fitbit App
2026-05-28T12:36:00Z,5.073,Fitbit App
2026-05-28T12:37:00Z,5.073,Fitbit App
2026-05-28T12:38:00Z,5.073,Fitbit App
2026-05-28T12:39:00Z,4.5657,Fitbit App
2026-05-28T12:40:00Z,1.77555,Fitbit App
2026-05-28T12:41:00Z,1.77555,Fitbit App
2026-05-28T12:42:00Z,1.77555,Fitbit App
2026-05-28T12:43:00Z,1.26825,Fitbit App
2026-05-28T12:44:00Z,0.0,Fitbit App
2026-05-28T12:45:00Z,0.0,Fitbit App
2026-05-28T12:46:00Z,1.5219000000000003,Fitbit App
2026-05-28T12:47:00Z,0.0,Fitbit App
2026-05-28T12:48:00Z,0.0,Fitbit App
2026-05-28T12:49:00Z,0.0,Fitbit App
2026-05-28T12:50:00Z,0.0,Fitbit App
2026-05-28T12:51:00Z,0.0,Fitbit App
2026-05-28T12:52:00Z,0.0,Fitbit App
2026-05-28T12:53:00Z,0.0,Fitbit App
2026-05-28T12:54:00Z,0.0,Fitbit App
2026-05-28T12:55:00Z,0.0,Fitbit App
2026-05-28T12:56:00Z,2.28285,Fitbit App
2026-05-28T12:57:00Z,0.0,Fitbit App
2026-05-28T12:58:00Z,0.0,Fitbit App
2026-05-28T12:59:00Z,0.0,Fitbit App
2026-05-28T13:00:00Z,0.0,Fitbit App
2026-05-28T13:01:00Z,1.0146,Fitbit App
2026-05-28T13:02:00Z,0.0,Fitbit App
2026-05-28T13:03:00Z,0.0,Fitbit App
2026-05-28T13:04:00Z,0.7609500000000001,Fitbit App
2026-05-28T13:05:00Z,0.0,Fitbit App
2026-05-28T13:06:00Z,1.77555,Fitbit App
2026-05-28T13:07:00Z,0.0,Fitbit App
2026-05-28T13:08:00Z,0.7609500000000001,Fitbit App
2026-05-28T13:09:00Z,0.0,Fitbit App
2026-05-28T13:10:00Z,0.0,Fitbit App
2026-05-28T13:11:00Z,0.0,Fitbit App
2026-05-28T13:12:00Z,0.0,Fitbit App
2026-05-28T13:13:00Z,0.0,Fitbit App
2026-05-28T13:14:00Z,0.7609500000000001,Fitbit App
2026-05-28T13:15:00Z,1.26825,Fitbit App
2026-05-28T13:16:00Z,0.0,Fitbit App
2026-05-28T13:17:00Z,0.0,Fitbit App
2026-05-28T13:18:00Z,0.0,Fitbit App
2026-05-28T13:19:00Z,0.0,Fitbit App
2026-05-28T13:20:00Z,0.0,Fitbit App
2026-05-28T13:21:00Z,0.0,Fitbit App
2026-05-28T13:22:00Z,1.5219000000000003,Fitbit App
2026-05-28T13:23:00Z,0.0,Fitbit App
2026-05-28T13:24:00Z,0.0,Fitbit App
2026-05-28T13:25:00Z,0.0,Fitbit App
2026-05-28T13:26:00Z,0.0,Fitbit App
2026-05-28T13:27:00Z,0.0,Fitbit App
2026-05-28T13:28:00Z,0.0,Fitbit App
2026-05-28T13:29:00Z,0.0,Fitbit App
2026-05-28T13:30:00Z,0.0,Fitbit App
2026-05-28T13:31:00Z,0.0,Fitbit App
2026-05-28T13:32:00Z,0.0,Fitbit App
2026-05-28T13:33:00Z,0.0,Fitbit App
2026-05-28T13:34:00Z,0.0,Fitbit App
2026-05-28T13:35:00Z,0.0,Fitbit App
2026-05-28T13:36:00Z,0.0,Fitbit App
2026-05-28T13:37:00Z,0.7609500000000001,Fitbit App
2026-05-28T13:38:00Z,0.0,Fitbit App
2026-05-28T13:39:00Z,0.0,Fitbit App
2026-05-28T13:40:00Z,1.0146,Fitbit App
2026-05-28T13:41:00Z,0.0,Fitbit App
2026-05-28T13:42:00Z,1.26825,Fitbit App
2026-05-28T13:43:00Z,0.0,Fitbit App
2026-05-28T13:44:00Z,0.0,Fitbit App
2026-05-28T13:45:00Z,0.0,Fitbit App
2026-05-28T13:46:00Z,0.0,Fitbit App
2026-05-28T13:47:00Z,0.0,Fitbit App
2026-05-28T13:48:00Z,0.0,Fitbit App
2026-05-28T13:49:00Z,0.0,Fitbit App
2026-05-28T13:50:00Z,0.0,Fitbit App
2026-05-28T13:51:00Z,0.0,Fitbit App
2026-05-28T13:52:00Z,0.0,Fitbit App
2026-05-28T13:53:00Z,0.0,Fitbit App
2026-05-28T13:54:00Z,0.0,Fitbit App
2026-05-28T13:55:00Z,0.0,Fitbit App
2026-05-28T13:56:00Z,0.0,Fitbit App
2026-05-28T13:57:00Z,0.0,Fitbit App
2026-05-28T13:58:00Z,0.0,Fitbit App
2026-05-28T13:59:00Z,0.0,Fitbit App
2026-05-28T14:00:00Z,0.0,Fitbit App
2026-05-28T14:01:00Z,0.0,Fitbit App
2026-05-28T14:02:00Z,0.0,Fitbit App
2026-05-28T14:03:00Z,0.0,Fitbit App
2026-05-28T14:04:00Z,0.0,Fitbit App
2026-05-28T14:05:00Z,0.0,Fitbit App
2026-05-28T14:06:00Z,0.0,Fitbit App
2026-05-28T14:07:00Z,0.0,Fitbit App
2026-05-28T14:08:00Z,0.0,Fitbit App
2026-05-28T14:09:00Z,0.0,Fitbit App
2026-05-28T14:10:00Z,0.0,Fitbit App
2026-05-28T14:11:00Z,0.0,Fitbit App
2026-05-28T14:12:00Z,0.0,Fitbit App
2026-05-28T14:13:00Z,0.0,Fitbit App
2026-05-28T14:14:00Z,0.7609500000000001,Fitbit App
2026-05-28T14:15:00Z,0.0,Fitbit App
2026-05-28T14:16:00Z,0.0,Fitbit App
2026-05-28T14:17:00Z,0.0,Fitbit App
2026-05-28T14:18:00Z,0.0,Fitbit App
2026-05-28T14:19:00Z,0.0,Fitbit App
2026-05-28T14:20:00Z,0.0,Fitbit App
2026-05-28T14:21:00Z,0.7609500000000001,Fitbit App
2026-05-28T14:22:00Z,1.0146,Fitbit App
2026-05-28T14:23:00Z,0.0,Fitbit App
2026-05-28T14:24:00Z,0.0,Fitbit App
2026-05-28T14:25:00Z,0.0,Fitbit App
2026-05-28T14:26:00Z,0.0,Fitbit App
2026-05-28T14:27:00Z,0.0,Fitbit App
2026-05-28T14:28:00Z,0.0,Fitbit App
2026-05-28T14:29:00Z,0.0,Fitbit App
2026-05-28T14:30:00Z,0.0,Fitbit App
2026-05-28T14:31:00Z,0.0,Fitbit App
2026-05-28T14:32:00Z,0.0,Fitbit App
2026-05-28T14:33:00Z,0.0,Fitbit App
2026-05-28T14:34:00Z,0.0,Fitbit App
2026-05-28T14:35:00Z,0.0,Fitbit App
2026-05-28T14:36:00Z,0.0,Fitbit App
2026-05-28T14:37:00Z,0.0,Fitbit App
2026-05-28T14:38:00Z,0.0,Fitbit App
2026-05-28T14:39:00Z,0.0,Fitbit App
2026-05-28T14:40:00Z,0.0,Fitbit App
2026-05-28T14:41:00Z,0.0,Fitbit App
2026-05-28T14:42:00Z,0.0,Fitbit App
2026-05-28T14:43:00Z,1.0146,Fitbit App
2026-05-28T14:44:00Z,1.5219000000000003,Fitbit App
2026-05-28T14:45:00Z,1.26825,Fitbit App
2026-05-28T14:46:00Z,0.0,Fitbit App
2026-05-28T14:47:00Z,1.77555,Fitbit App
2026-05-28T14:48:00Z,1.0146,Fitbit App
2026-05-28T14:49:00Z,1.26825,Fitbit App
2026-05-28T14:50:00Z,0.0,Fitbit App
2026-05-28T14:51:00Z,0.0,Fitbit App
2026-05-28T14:52:00Z,0.0,Fitbit App
2026-05-28T14:53:00Z,0.0,Fitbit App
2026-05-28T14:54:00Z,0.0,Fitbit App
2026-05-28T14:55:00Z,0.0,Fitbit App
2026-05-28T14:56:00Z,0.0,Fitbit App
2026-05-28T14:57:00Z,0.0,Fitbit App
2026-05-28T14:58:00Z,0.0,Fitbit App
2026-05-28T14:59:00Z,0.0,Fitbit App
2026-05-28T15:00:00Z,0.0,Fitbit App
2026-05-28T15:01:00Z,0.0,Fitbit App
2026-05-28T15:02:00Z,0.0,Fitbit App
2026-05-28T15:03:00Z,0.0,Fitbit App
2026-05-28T15:04:00Z,0.0,Fitbit App
2026-05-28T15:05:00Z,0.0,Fitbit App
2026-05-28T15:06:00Z,0.0,Fitbit App
2026-05-28T15:07:00Z,0.0,Fitbit App
2026-05-28T15:08:00Z,0.0,Fitbit App
2026-05-28T15:09:00Z,0.0,Fitbit App
2026-05-28T15:10:00Z,0.0,Fitbit App
2026-05-28T15:11:00Z,0.0,Fitbit App
2026-05-28T15:12:00Z,0.0,Fitbit App
2026-05-28T15:13:00Z,0.0,Fitbit App
2026-05-28T15:14:00Z,0.0,Fitbit App
2026-05-28T15:15:00Z,0.0,Fitbit App
2026-05-28T15:16:00Z,0.0,Fitbit App
2026-05-28T15:17:00Z,0.0,Fitbit App
2026-05-28T15:18:00Z,1.77555,Fitbit App
2026-05-28T15:19:00Z,0.0,Fitbit App
2026-05-28T15:20:00Z,0.0,Fitbit App
2026-05-28T15:21:00Z,1.5219000000000003,Fitbit App
2026-05-28T15:22:00Z,0.0,Fitbit App
2026-05-28T15:23:00Z,0.0,Fitbit App
2026-05-28T15:24:00Z,1.5219000000000003,Fitbit App
2026-05-28T15:25:00Z,0.0,Fitbit App
2026-05-28T15:26:00Z,2.663325,Fitbit App
2026-05-28T15:27:00Z,4.5657,Fitbit App
2026-05-28T15:28:00Z,4.312050000000001,Fitbit App
2026-05-28T15:29:00Z,4.312050000000001,Fitbit App
2026-05-28T15:30:00Z,3.0438000000000005,Fitbit App
2026-05-28T15:31:00Z,0.0,Fitbit App
2026-05-28T15:32:00Z,0.0,Fitbit App
2026-05-28T15:39:00Z,0.0,Fitbit App
2026-05-28T15:45:00Z,0.0,Fitbit App
2026-05-28T15:46:00Z,0.0,Fitbit App
2026-05-28T15:52:00Z,0.0,Fitbit App
2026-05-28T15:54:00Z,0.0,Fitbit App
2026-05-28T15:55:00Z,0.0,Fitbit App
2026-05-28T15:57:00Z,0.0,Fitbit App
2026-05-28T15:58:00Z,0.0,Fitbit App
2026-05-28T15:59:00Z,0.0,Fitbit App
2026-05-28T16:00:00Z,0.0,Fitbit App
2026-05-28T16:02:00Z,0.0,Fitbit App
2026-05-28T16:03:00Z,0.0,Fitbit App
2026-05-28T16:08:00Z,0.7609500000000001,Fitbit App
2026-05-28T16:09:00Z,0.0,Fitbit App
2026-05-28T16:11:00Z,0.0,Fitbit App
2026-05-28T16:12:00Z,0.0,Fitbit App
2026-05-28T16:23:00Z,0.0,Fitbit App
2026-05-28T16:24:00Z,0.0,Fitbit App
2026-05-28T16:25:00Z,0.0,Fitbit App
2026-05-28T16:26:00Z,0.0,Fitbit App
2026-05-28T16:27:00Z,0.0,Fitbit App
2026-05-28T16:28:00Z,0.5073,Fitbit App
2026-05-28T16:29:00Z,0.0,Fitbit App
2026-05-28T16:30:00Z,0.0,Fitbit App
2026-05-28T16:32:00Z,0.0,Fitbit App
2026-05-28T16:35:00Z,0.0,Fitbit App
2026-05-28T16:40:00Z,0.0,Fitbit App
2026-05-28T16:41:00Z,0.0,Fitbit App
2026-05-28T16:52:00Z,0.0,Fitbit App
2026-05-28T16:54:00Z,0.0,Fitbit App
2026-05-28T17:01:00Z,0.0,Fitbit App
2026-05-28T17:02:00Z,0.0,Fitbit App
2026-05-28T17:04:00Z,0.7609500000000001,Fitbit App
2026-05-28T17:05:00Z,0.5073,Fitbit App
2026-05-28T17:06:00Z,0.0,Fitbit App
2026-05-28T17:09:00Z,0.0,Fitbit App
2026-05-28T17:10:00Z,0.0,Fitbit App
2026-05-28T17:12:00Z,0.0,Fitbit App
2026-05-28T17:13:00Z,0.0,Fitbit App
2026-05-28T17:14:00Z,0.0,Fitbit App
2026-05-28T17:15:00Z,2.28285,Fitbit App
2026-05-28T17:16:00Z,2.0292000000000003,Fitbit App
2026-05-28T17:17:00Z,2.1560250000000005,Fitbit App
2026-05-28T17:18:00Z,2.916975,Fitbit App
2026-05-28T17:19:00Z,4.058400000000001,Fitbit App
2026-05-28T17:20:00Z,4.312050000000001,Fitbit App
2026-05-28T17:21:00Z,3.8047500000000003,Fitbit App
2026-05-28T17:22:00Z,0.0,Fitbit App
2026-05-28T17:23:00Z,1.77555,Fitbit App
2026-05-28T17:24:00Z,0.0,Fitbit App
2026-05-28T17:25:00Z,2.5365,Fitbit App
2026-05-28T17:26:00Z,2.5365,Fitbit App
2026-05-28T17:27:00Z,2.5365,Fitbit App
2026-05-28T17:28:00Z,1.77555,Fitbit App
2026-05-28T17:29:00Z,0.0,Fitbit App
2026-05-28T17:30:00Z,0.0,Fitbit App
2026-05-28T17:31:00Z,0.0,Fitbit App
2026-05-28T17:32:00Z,0.0,Fitbit App
2026-05-28T17:33:00Z,0.0,Fitbit App
2026-05-28T17:34:00Z,0.0,Fitbit App
2026-05-28T17:35:00Z,0.0,Fitbit App
2026-05-28T17:36:00Z,1.0146,Fitbit App
2026-05-28T17:37:00Z,0.0,Fitbit App
2026-05-28T17:38:00Z,1.5219000000000003,Fitbit App
2026-05-28T17:39:00Z,2.28285,Fitbit App
2026-05-28T17:40:00Z,0.0,Fitbit App
2026-05-28T17:41:00Z,0.0,Fitbit App
2026-05-28T17:42:00Z,0.0,Fitbit App
2026-05-28T17:43:00Z,0.0,Fitbit App
2026-05-28T17:44:00Z,0.0,Fitbit App
2026-05-28T17:49:00Z,0.0,Fitbit App
2026-05-28T17:51:00Z,1.5219000000000003,Fitbit App
2026-05-28T17:52:00Z,0.0,Fitbit App
2026-05-28T17:53:00Z,0.0,Fitbit App
2026-05-28T17:54:00Z,0.0,Fitbit App
2026-05-28T17:55:00Z,0.0,Fitbit App
2026-05-28T17:56:00Z,0.0,Fitbit App
2026-05-28T17:57:00Z,0.0,Fitbit App
2026-05-28T17:58:00Z,0.0,Fitbit App
2026-05-28T17:59:00Z,0.0,Fitbit App
2026-05-28T18:00:00Z,0.0,Fitbit App
2026-05-28T18:01:00Z,0.0,Fitbit App
2026-05-28T18:02:00Z,0.0,Fitbit App
2026-05-28T18:03:00Z,0.0,Fitbit App
2026-05-28T18:04:00Z,0.0,Fitbit App
2026-05-28T18:05:00Z,0.0,Fitbit App
2026-05-28T18:06:00Z,0.0,Fitbit App
2026-05-28T18:07:00Z,0.0,Fitbit App
2026-05-28T18:08:00Z,0.0,Fitbit App
2026-05-28T18:09:00Z,0.0,Fitbit App
2026-05-28T18:10:00Z,0.0,Fitbit App
2026-05-28T18:12:00Z,0.0,Fitbit App
2026-05-28T18:14:00Z,0.0,Fitbit App
2026-05-28T18:15:00Z,0.0,Fitbit App
2026-05-28T18:16:00Z,0.0,Fitbit App
2026-05-28T18:17:00Z,0.0,Fitbit App
2026-05-28T18:18:00Z,0.0,Fitbit App
2026-05-28T18:19:00Z,0.0,Fitbit App
2026-05-28T18:20:00Z,0.0,Fitbit App
2026-05-28T18:21:00Z,0.0,Fitbit App
2026-05-28T18:22:00Z,0.0,Fitbit App
2026-05-28T18:23:00Z,0.0,Fitbit App
2026-05-28T18:24:00Z,0.0,Fitbit App
2026-05-28T18:25:00Z,0.0,Fitbit App
2026-05-28T18:29:00Z,0.0,Fitbit App
2026-05-28T18:31:00Z,0.0,Fitbit App
2026-05-28T18:32:00Z,0.0,Fitbit App
2026-05-28T18:36:00Z,0.0,Fitbit App
2026-05-28T18:39:00Z,0.0,Fitbit App
2026-05-28T18:40:00Z,0.0,Fitbit App
2026-05-28T18:41:00Z,0.0,Fitbit App
2026-05-28T18:42:00Z,0.0,Fitbit App
2026-05-28T18:43:00Z,0.0,Fitbit App
2026-05-28T18:45:00Z,0.0,Fitbit App
2026-05-28T18:46:00Z,0.0,Fitbit App
2026-05-28T18:48:00Z,0.0,Fitbit App
2026-05-28T18:49:00Z,0.0,Fitbit App
2026-05-28T18:50:00Z,0.0,Fitbit App
2026-05-28T18:51:00Z,0.0,Fitbit App
2026-05-28T18:52:00Z,0.0,Fitbit App
2026-05-28T18:53:00Z,0.0,Fitbit App
2026-05-28T18:55:00Z,0.0,Fitbit App
2026-05-28T18:59:00Z,0.0,Fitbit App
2026-05-28T19:01:00Z,0.0,Fitbit App
2026-05-28T19:03:00Z,0.0,Fitbit App
2026-05-28T19:05:00Z,0.0,Fitbit App
2026-05-28T19:06:00Z,0.0,Fitbit App
2026-05-28T19:07:00Z,0.0,Fitbit App
2026-05-28T19:08:00Z,0.0,Fitbit App
2026-05-28T19:10:00Z,0.0,Fitbit App
2026-05-28T19:11:00Z,0.0,Fitbit App
2026-05-28T19:12:00Z,0.0,Fitbit App
2026-05-28T19:15:00Z,0.0,Fitbit App
2026-05-28T19:16:00Z,0.0,Fitbit App
2026-05-28T19:17:00Z,0.0,Fitbit App
2026-05-28T19:18:00Z,0.0,Fitbit App
2026-05-28T19:19:00Z,1.0146,Fitbit App
2026-05-28T19:20:00Z,2.28285,Fitbit App
2026-05-28T19:21:00Z,5.073,Fitbit App
2026-05-28T19:22:00Z,5.073,Fitbit App
2026-05-28T19:23:00Z,5.073,Fitbit App
2026-05-28T19:24:00Z,5.073,Fitbit App
2026-05-28T19:25:00Z,4.81935,Fitbit App
2026-05-28T19:26:00Z,2.0292000000000003,Fitbit App
2026-05-28T19:27:00Z,4.312050000000001,Fitbit App
2026-05-28T19:28:00Z,4.312050000000001,Fitbit App
2026-05-28T19:29:00Z,4.81935,Fitbit App
2026-05-28T19:30:00Z,4.81935,Fitbit App
2026-05-28T19:31:00Z,5.073,Fitbit App
2026-05-28T19:32:00Z,4.5657,Fitbit App
2026-05-28T19:33:00Z,4.81935,Fitbit App
2026-05-28T19:34:00Z,5.073,Fitbit App
2026-05-28T19:35:00Z,4.81935,Fitbit App
2026-05-28T19:36:00Z,4.5657,Fitbit App
2026-05-28T19:37:00Z,4.5657,Fitbit App
2026-05-28T19:38:00Z,4.81935,Fitbit App
2026-05-28T19:39:00Z,4.058400000000001,Fitbit App
2026-05-28T19:40:00Z,4.81935,Fitbit App
2026-05-28T19:41:00Z,4.5657,Fitbit App
2026-05-28T19:42:00Z,2.5365,Fitbit App
2026-05-28T19:43:00Z,4.81935,Fitbit App
2026-05-28T19:44:00Z,5.83395,Fitbit App
2026-05-28T19:45:00Z,5.326650000000001,Fitbit App
2026-05-28T19:46:00Z,4.5657,Fitbit App
2026-05-28T19:47:00Z,5.073,Fitbit App
2026-05-28T19:48:00Z,5.073,Fitbit App
2026-05-28T19:49:00Z,2.5365,Fitbit App
2026-05-28T19:50:00Z,3.8047500000000003,Fitbit App
2026-05-28T19:51:00Z,4.81935,Fitbit App
2026-05-28T19:52:00Z,4.5657,Fitbit App
2026-05-28T19:53:00Z,4.5657,Fitbit App
2026-05-28T19:54:00Z,4.5657,Fitbit App
2026-05-28T19:55:00Z,4.81935,Fitbit App
2026-05-28T19:56:00Z,4.81935,Fitbit App
2026-05-28T19:57:00Z,4.81935,Fitbit App
2026-05-28T19:58:00Z,4.81935,Fitbit App
2026-05-28T19:59:00Z,3.8047500000000003,Fitbit App
2026-05-28T20:00:00Z,0.0,Fitbit App
2026-05-28T20:01:00Z,0.0,Fitbit App
2026-05-28T20:02:00Z,0.0,Fitbit App
2026-05-28T20:13:00Z,1.0146,Fitbit App
2026-05-28T20:14:00Z,0.0,Fitbit App
2026-05-28T20:15:00Z,0.0,Fitbit App
2026-05-28T20:19:00Z,0.0,Fitbit App
2026-05-28T20:22:00Z,1.0146,Fitbit App
2026-05-28T20:23:00Z,0.0,Fitbit App
2026-05-28T20:24:00Z,0.0,Fitbit App
2026-05-28T20:25:00Z,0.0,Fitbit App
2026-05-28T20:27:00Z,0.0,Fitbit App
2026-05-28T20:30:00Z,0.0,Fitbit App
2026-05-28T20:31:00Z,0.0,Fitbit App
2026-05-28T20:33:00Z,4.5657,Fitbit App
2026-05-28T20:34:00Z,4.058400000000001,Fitbit App
2026-05-28T20:35:00Z,3.8047500000000003,Fitbit App
2026-05-28T20:36:00Z,4.946175000000001,Fitbit App
2026-05-28T20:37:00Z,6.848550000000001,Fitbit App
2026-05-28T20:38:00Z,7.609500000000001,Fitbit App
2026-05-28T20:39:00Z,7.86315,Fitbit App
2026-05-28T20:40:00Z,7.35585,Fitbit App
2026-05-28T20:41:00Z,4.81935,Fitbit App
2026-05-28T20:42:00Z,3.29745,Fitbit App
2026-05-28T20:43:00Z,2.5365,Fitbit App
2026-05-28T20:44:00Z,4.5657,Fitbit App
2026-05-28T20:45:00Z,4.81935,Fitbit App
2026-05-28T20:46:00Z,4.81935,Fitbit App
2026-05-28T20:47:00Z,4.5657,Fitbit App
2026-05-28T20:48:00Z,4.312050000000001,Fitbit App
2026-05-28T20:49:00Z,3.5511,Fitbit App
2026-05-28T20:50:00Z,3.5511,Fitbit App
2026-05-28T20:51:00Z,1.77555,Fitbit App
2026-05-28T20:52:00Z,0.0,Fitbit App
2026-05-28T20:53:00Z,0.0,Fitbit App
2026-05-28T20:54:00Z,0.0,Fitbit App
2026-05-28T20:55:00Z,0.0,Fitbit App
2026-05-28T20:56:00Z,0.0,Fitbit App
2026-05-28T20:57:00Z,0.0,Fitbit App
2026-05-28T20:58:00Z,0.0,Fitbit App
2026-05-28T20:59:00Z,0.0,Fitbit App
2026-05-28T21:00:00Z,0.0,Fitbit App
2026-05-28T21:01:00Z,0.0,Fitbit App
2026-05-28T21:02:00Z,0.0,Fitbit App
2026-05-28T21:03:00Z,0.0,Fitbit App
2026-05-28T21:04:00Z,0.0,Fitbit App
2026-05-28T21:05:00Z,1.9023750000000001,Fitbit App
2026-05-28T21:06:00Z,6.594900000000001,Fitbit App
2026-05-28T21:07:00Z,4.312050000000001,Fitbit App
2026-05-28T21:08:00Z,4.5657,Fitbit App
2026-05-28T21:09:00Z,5.83395,Fitbit App
2026-05-28T21:10:00Z,4.5657,Fitbit App
2026-05-28T21:11:00Z,4.312050000000001,Fitbit App
2026-05-28T21:12:00Z,0.0,Fitbit App
2026-05-28T21:13:00Z,0.0,Fitbit App
2026-05-28T21:14:00Z,0.0,Fitbit App
2026-05-28T21:15:00Z,0.0,Fitbit App
2026-05-28T21:16:00Z,0.0,Fitbit App
2026-05-28T21:17:00Z,0.0,Fitbit App
2026-05-28T21:18:00Z,0.0,Fitbit App
2026-05-28T21:19:00Z,0.0,Fitbit App
2026-05-28T21:20:00Z,0.0,Fitbit App
2026-05-28T21:21:00Z,0.0,Fitbit App
2026-05-28T21:22:00Z,0.0,Fitbit App
2026-05-28T21:23:00Z,1.5219000000000003,Fitbit App
2026-05-28T21:24:00Z,1.5219000000000003,Fitbit App
2026-05-28T21:25:00Z,1.3950750000000003,Fitbit App
2026-05-28T21:26:00Z,1.5219000000000003,Fitbit App
2026-05-28T21:27:00Z,1.5219000000000003,Fitbit App
2026-05-28T21:28:00Z,1.5219000000000003,Fitbit App
2026-05-28T21:29:00Z,1.26825,Fitbit App
2026-05-28T21:30:00Z,0.0,Fitbit App
2026-05-28T21:31:00Z,1.26825,Fitbit App
2026-05-28T21:32:00Z,1.5219000000000003,Fitbit App
2026-05-28T21:33:00Z,1.5219000000000003,Fitbit App
2026-05-28T21:34:00Z,1.5219000000000003,Fitbit App
2026-05-28T21:35:00Z,0.0,Fitbit App
2026-05-28T21:36:00Z,1.26825,Fitbit App
2026-05-28T21:37:00Z,1.26825,Fitbit App
2026-05-28T21:38:00Z,1.26825,Fitbit App
2026-05-28T21:39:00Z,1.5219000000000003,Fitbit App
2026-05-28T21:40:00Z,1.26825,Fitbit App
2026-05-28T21:41:00Z,1.5219000000000003,Fitbit App
2026-05-28T21:42:00Z,1.77555,Fitbit App
2026-05-28T21:43:00Z,1.9023750000000001,Fitbit App
2026-05-28T21:44:00Z,1.5219000000000003,Fitbit App
2026-05-28T21:45:00Z,1.5219000000000003,Fitbit App
2026-05-28T21:46:00Z,0.0,Fitbit App
2026-05-28T21:47:00Z,0.0,Fitbit App
2026-05-28T21:48:00Z,1.26825,Fitbit App
2026-05-28T21:49:00Z,1.26825,Fitbit App
2026-05-28T21:50:00Z,1.5219000000000003,Fitbit App
2026-05-28T21:51:00Z,1.26825,Fitbit App
2026-05-28T21:52:00Z,0.0,Fitbit App
2026-05-28T21:53:00Z,2.28285,Fitbit App
2026-05-28T21:54:00Z,0.0,Fitbit App
2026-05-28T22:02:00Z,0.0,Fitbit App
2026-05-28T22:03:00Z,0.0,Fitbit App
2026-05-28T22:07:00Z,0.0,Fitbit App
2026-05-28T22:08:00Z,0.0,Fitbit App
2026-05-28T22:09:00Z,0.0,Fitbit App
2026-05-28T22:26:00Z,0.0,Fitbit App
2026-05-28T22:27:00Z,0.0,Fitbit App
2026-05-28T22:31:00Z,0.0,Fitbit App
2026-05-28T22:32:00Z,0.0,Fitbit App
2026-05-28T22:33:00Z,0.0,Fitbit App
2026-05-28T22:36:00Z,0.0,Fitbit App
2026-05-28T22:38:00Z,0.0,Fitbit App
2026-05-28T22:42:00Z,0.0,Fitbit App
2026-05-28T22:46:00Z,0.0,Fitbit App
2026-05-28T23:00:00Z,0.0,Fitbit App
2026-05-28T23:31:00Z,0.5073,Fitbit App
2026-05-28T23:32:00Z,0.0,Fitbit App
2026-05-28T23:33:00Z,0.0,Fitbit App
2026-05-29T01:25:00Z,0.0,Fitbit App
2026-05-29T02:08:00Z,0.0,Fitbit App
2026-05-29T02:53:00Z,0.0,Fitbit App
2026-05-29T03:02:00Z,0.0,Fitbit App
2026-05-29T03:20:00Z,0.0,Fitbit App
2026-05-29T03:25:00Z,0.0,Fitbit App
2026-05-29T03:39:00Z,0.0,Fitbit App
2026-05-29T03:48:00Z,0.0,Fitbit App
2026-05-29T03:56:00Z,0.0,Fitbit App
2026-05-29T05:14:00Z,0.0,Fitbit App
2026-05-29T05:23:00Z,0.25365000000000026,Fitbit App
2026-05-29T05:26:00Z,0.0,Fitbit App
2026-05-29T05:32:00Z,0.0,Fitbit App
2026-05-29T05:37:00Z,0.0,Fitbit App
2026-05-29T05:38:00Z,0.0,Fitbit App
2026-05-29T05:45:00Z,0.5073,Fitbit App
2026-05-29T05:46:00Z,0.5073,Fitbit App
2026-05-29T05:49:00Z,0.0,Fitbit App
2026-05-29T05:53:00Z,0.0,Fitbit App
2026-05-29T05:54:00Z,0.7609500000000001,Fitbit App
2026-05-29T05:55:00Z,0.5073,Fitbit App
2026-05-29T06:02:00Z,0.0,Fitbit App
2026-05-29T06:03:00Z,1.5219000000000003,Fitbit App
2026-05-29T06:04:00Z,2.5365,Fitbit App
2026-05-29T06:05:00Z,2.0292000000000003,Fitbit App
2026-05-29T06:06:00Z,2.28285,Fitbit App
2026-05-29T06:07:00Z,2.0292000000000003,Fitbit App
2026-05-29T06:08:00Z,0.0,Fitbit App
2026-05-29T06:09:00Z,2.28285,Fitbit App
2026-05-29T06:10:00Z,2.0292000000000003,Fitbit App
2026-05-29T06:11:00Z,0.0,Fitbit App
2026-05-29T06:12:00Z,0.0,Fitbit App
2026-05-29T06:13:00Z,0.7609500000000001,Fitbit App
2026-05-29T06:14:00Z,3.0438000000000005,Fitbit App
2026-05-29T06:15:00Z,3.29745,Fitbit App
2026-05-29T06:16:00Z,2.0292000000000003,Fitbit App
2026-05-29T06:17:00Z,2.5365,Fitbit App
2026-05-29T06:18:00Z,2.5365,Fitbit App
2026-05-29T06:19:00Z,3.0438000000000005,Fitbit App
2026-05-29T06:20:00Z,2.7901500000000006,Fitbit App
2026-05-29T06:21:00Z,2.7901500000000006,Fitbit App
2026-05-29T06:22:00Z,2.0292000000000003,Fitbit App
2026-05-29T06:23:00Z,3.0438000000000005,Fitbit App
2026-05-29T06:24:00Z,1.5219000000000003,Fitbit App
2026-05-29T06:25:00Z,3.29745,Fitbit App
2026-05-29T06:26:00Z,4.5657,Fitbit App
2026-05-29T06:27:00Z,7.86315,Fitbit App
2026-05-29T06:28:00Z,4.312050000000001,Fitbit App
2026-05-29T06:29:00Z,4.312050000000001,Fitbit App
2026-05-29T06:30:00Z,9.1314,Fitbit App
2026-05-29T06:31:00Z,7.1022,Fitbit App
2026-05-29T06:32:00Z,7.86315,Fitbit App
2026-05-29T06:33:00Z,7.609500000000001,Fitbit App
2026-05-29T06:34:00Z,5.580300000000001,Fitbit App
2026-05-29T06:35:00Z,7.609500000000001,Fitbit App
2026-05-29T06:36:00Z,8.37045,Fitbit App
2026-05-29T06:37:00Z,7.609500000000001,Fitbit App
2026-05-29T06:38:00Z,3.1706250000000002,Fitbit App
2026-05-29T06:39:00Z,1.5219000000000003,Fitbit App
2026-05-29T06:40:00Z,0.0,Fitbit App
2026-05-29T06:41:00Z,0.0,Fitbit App
2026-05-29T06:42:00Z,0.0,Fitbit App
2026-05-29T06:43:00Z,1.5219000000000003,Fitbit App
2026-05-29T06:44:00Z,0.0,Fitbit App
2026-05-29T06:45:00Z,0.0,Fitbit App
2026-05-29T06:46:00Z,0.0,Fitbit App
2026-05-29T06:47:00Z,1.5219000000000003,Fitbit App
2026-05-29T06:48:00Z,1.77555,Fitbit App
2026-05-29T06:49:00Z,0.0,Fitbit App
2026-05-29T06:50:00Z,0.0,Fitbit App
2026-05-29T06:51:00Z,0.0,Fitbit App
2026-05-29T06:52:00Z,0.0,Fitbit App
2026-05-29T06:53:00Z,0.0,Fitbit App
2026-05-29T06:54:00Z,0.0,Fitbit App
2026-05-29T06:55:00Z,0.0,Fitbit App
2026-05-29T06:56:00Z,0.0,Fitbit App
2026-05-29T06:57:00Z,0.0,Fitbit App
2026-05-29T06:58:00Z,0.0,Fitbit App
2026-05-29T06:59:00Z,0.0,Fitbit App
2026-05-29T07:00:00Z,0.0,Fitbit App
2026-05-29T07:01:00Z,0.0,Fitbit App
2026-05-29T07:03:00Z,0.0,Fitbit App
2026-05-29T07:04:00Z,0.0,Fitbit App
2026-05-29T07:07:00Z,0.0,Fitbit App
2026-05-29T07:09:00Z,0.0,Fitbit App
2026-05-29T07:10:00Z,0.0,Fitbit App
2026-05-29T07:11:00Z,0.0,Fitbit App
2026-05-29T07:12:00Z,0.0,Fitbit App
2026-05-29T07:13:00Z,0.0,Fitbit App
2026-05-29T07:14:00Z,0.0,Fitbit App
2026-05-29T07:15:00Z,0.0,Fitbit App
2026-05-29T07:16:00Z,0.0,Fitbit App
2026-05-29T07:17:00Z,0.0,Fitbit App
2026-05-31T15:18:00Z,4.5657,Fitbit App
2026-05-31T15:19:00Z,3.8047500000000003,Fitbit App
2026-05-31T15:20:00Z,3.8047500000000003,Fitbit App
2026-05-31T15:21:00Z,4.312050000000001,Fitbit App
2026-05-31T15:22:00Z,4.312050000000001,Fitbit App
2026-05-31T15:23:00Z,4.058400000000001,Fitbit App
2026-05-31T15:24:00Z,3.4242750000000006,Fitbit App
2026-05-31T15:25:00Z,4.058400000000001,Fitbit App
2026-05-31T15:26:00Z,4.058400000000001,Fitbit App
2026-05-31T15:27:00Z,3.0438000000000005,Fitbit App
2026-05-31T15:28:00Z,1.648725,Fitbit App
2026-05-31T15:29:00Z,0.0,Fitbit App
2026-05-31T15:30:00Z,0.0,Fitbit App
2026-05-31T15:31:00Z,0.0,Fitbit App
2026-05-31T15:32:00Z,0.0,Fitbit App
2026-05-31T15:33:00Z,0.0,Fitbit App
2026-05-31T15:34:00Z,0.0,Fitbit App
2026-05-31T15:35:00Z,0.0,Fitbit App
2026-05-31T15:36:00Z,1.77555,Fitbit App
2026-05-31T15:37:00Z,0.0,Fitbit App
2026-05-31T15:38:00Z,1.5219000000000003,Fitbit App
2026-05-31T15:39:00Z,0.0,Fitbit App
2026-05-31T15:40:00Z,0.0,Fitbit App
2026-05-31T15:41:00Z,0.0,Fitbit App
2026-05-31T15:42:00Z,0.0,Fitbit App
2026-05-31T15:43:00Z,0.0,Fitbit App
2026-05-31T15:44:00Z,0.0,Fitbit App
2026-05-31T15:45:00Z,0.0,Fitbit App
2026-05-31T15:46:00Z,0.0,Fitbit App
2026-05-31T15:47:00Z,0.0,Fitbit App
2026-05-31T15:48:00Z,0.0,Fitbit App
2026-05-31T15:49:00Z,0.0,Fitbit App
2026-05-31T15:50:00Z,0.0,Fitbit App
2026-05-31T15:51:00Z,0.0,Fitbit App
2026-05-31T15:52:00Z,0.0,Fitbit App
2026-05-31T15:53:00Z,0.0,Fitbit App
2026-05-31T15:54:00Z,3.8047500000000003,Fitbit App
2026-05-31T15:55:00Z,4.058400000000001,Fitbit App
2026-05-31T15:56:00Z,5.83395,Fitbit App
2026-05-31T15:57:00Z,0.0,Fitbit App
2026-05-31T15:58:00Z,0.0,Fitbit App
2026-05-31T15:59:00Z,0.0,Fitbit App
2026-05-31T16:00:00Z,0.0,Fitbit App
2026-05-31T16:01:00Z,0.0,Fitbit App
2026-05-31T16:02:00Z,0.0,Fitbit App
2026-05-31T16:03:00Z,0.0,Fitbit App
2026-05-31T16:04:00Z,0.0,Fitbit App
2026-05-31T16:05:00Z,0.0,Fitbit App
2026-05-31T16:06:00Z,0.0,Fitbit App
2026-05-31T16:07:00Z,0.0,Fitbit App
2026-05-31T16:08:00Z,0.0,Fitbit App
2026-05-31T16:09:00Z,0.0,Fitbit App
2026-05-31T16:10:00Z,0.0,Fitbit App
2026-05-31T16:11:00Z,0.0,Fitbit App
2026-05-31T16:12:00Z,0.0,Fitbit App
2026-05-31T16:13:00Z,0.0,Fitbit App
2026-05-31T16:14:00Z,0.0,Fitbit App
2026-05-31T16:15:00Z,0.0,Fitbit App
2026-05-31T16:16:00Z,0.0,Fitbit App
2026-05-31T16:17:00Z,0.0,Fitbit App
2026-05-31T16:18:00Z,0.0,Fitbit App
2026-05-31T16:19:00Z,0.0,Fitbit App
2026-05-31T16:20:00Z,0.0,Fitbit App
2026-05-31T16:21:00Z,0.0,Fitbit App
2026-05-31T16:22:00Z,0.0,Fitbit App
2026-05-31T16:23:00Z,0.0,Fitbit App
2026-05-31T16:24:00Z,0.0,Fitbit App
2026-05-31T16:25:00Z,0.0,Fitbit App
2026-05-31T16:26:00Z,2.28285,Fitbit App
2026-05-31T16:27:00Z,2.5365,Fitbit App
2026-05-31T16:28:00Z,3.29745,Fitbit App
2026-05-31T16:29:00Z,3.5511,Fitbit App
2026-05-31T16:30:00Z,0.0,Fitbit App
2026-05-31T16:31:00Z,1.0146,Fitbit App
2026-05-31T16:32:00Z,2.28285,Fitbit App
2026-05-31T16:33:00Z,1.5219000000000003,Fitbit App
2026-05-31T16:34:00Z,1.26825,Fitbit App
2026-05-31T16:35:00Z,0.0,Fitbit App
2026-05-31T16:36:00Z,0.0,Fitbit App
2026-05-31T16:37:00Z,1.5219000000000003,Fitbit App
2026-05-31T16:38:00Z,0.0,Fitbit App
2026-05-31T16:39:00Z,1.26825,Fitbit App
2026-05-31T16:40:00Z,2.28285,Fitbit App
2026-05-31T16:41:00Z,2.28285,Fitbit App
2026-05-31T16:42:00Z,0.0,Fitbit App
2026-05-31T16:43:00Z,0.0,Fitbit App
2026-05-31T16:44:00Z,0.0,Fitbit App
2026-05-31T16:45:00Z,1.77555,Fitbit App
2026-05-31T16:46:00Z,1.77555,Fitbit App
2026-05-31T16:47:00Z,2.5365,Fitbit App
2026-05-31T16:48:00Z,2.28285,Fitbit App
2026-05-31T16:49:00Z,0.0,Fitbit App
2026-05-31T16:50:00Z,1.77555,Fitbit App
2026-05-31T16:51:00Z,0.0,Fitbit App
2026-05-31T16:52:00Z,0.0,Fitbit App
2026-05-31T16:53:00Z,1.77555,Fitbit App
2026-05-31T16:54:00Z,0.0,Fitbit App
2026-05-31T16:55:00Z,0.0,Fitbit App
2026-05-31T16:56:00Z,0.0,Fitbit App
2026-05-31T16:57:00Z,0.0,Fitbit App
2026-05-31T16:58:00Z,3.0438000000000005,Fitbit App
2026-05-31T16:59:00Z,4.058400000000001,Fitbit App
2026-05-31T17:00:00Z,3.5511,Fitbit App
2026-05-31T17:01:00Z,3.0438000000000005,Fitbit App
2026-05-31T17:02:00Z,3.0438000000000005,Fitbit App
2026-05-31T17:03:00Z,5.326650000000001,Fitbit App
2026-05-31T17:04:00Z,6.594900000000001,Fitbit App
2026-05-31T17:05:00Z,4.81935,Fitbit App
2026-05-31T17:06:00Z,3.8047500000000003,Fitbit App
2026-05-31T17:07:00Z,2.28285,Fitbit App
2026-05-31T17:08:00Z,2.0292000000000003,Fitbit App
2026-05-31T17:09:00Z,0.0,Fitbit App
2026-05-31T17:10:00Z,0.0,Fitbit App
2026-05-31T17:11:00Z,0.0,Fitbit App
2026-05-31T17:12:00Z,1.77555,Fitbit App
2026-05-31T17:13:00Z,2.0292000000000003,Fitbit App
2026-05-31T17:14:00Z,1.77555,Fitbit App
2026-05-31T17:15:00Z,0.0,Fitbit App
2026-05-31T17:16:00Z,0.0,Fitbit App
2026-05-31T17:17:00Z,0.0,Fitbit App
2026-05-31T17:18:00Z,0.0,Fitbit App
2026-05-31T17:19:00Z,1.648725,Fitbit App
2026-05-31T17:20:00Z,2.0292000000000003,Fitbit App
2026-05-31T17:21:00Z,0.0,Fitbit App
2026-05-31T17:22:00Z,2.7901500000000006,Fitbit App
2026-05-31T17:23:00Z,2.5365,Fitbit App
2026-05-31T17:24:00Z,2.5365,Fitbit App
2026-05-31T17:25:00Z,0.0,Fitbit App
2026-05-31T17:26:00Z,0.0,Fitbit App
2026-05-31T17:27:00Z,0.0,Fitbit App
2026-05-31T17:28:00Z,0.0,Fitbit App
2026-05-31T17:29:00Z,0.0,Fitbit App
2026-05-31T17:30:00Z,0.7609500000000001,Fitbit App
2026-05-31T17:31:00Z,4.058400000000001,Fitbit App
2026-05-31T17:32:00Z,5.326650000000001,Fitbit App
2026-05-31T17:33:00Z,5.326650000000001,Fitbit App
2026-05-31T17:34:00Z,5.580300000000001,Fitbit App
2026-05-31T17:35:00Z,5.580300000000001,Fitbit App
2026-05-31T17:36:00Z,5.83395,Fitbit App
2026-05-31T17:37:00Z,3.8047500000000003,Fitbit App
2026-05-31T17:38:00Z,2.0292000000000003,Fitbit App
2026-05-31T17:39:00Z,0.0,Fitbit App
2026-05-31T17:40:00Z,0.0,Fitbit App
2026-05-31T17:41:00Z,0.0,Fitbit App
2026-05-31T17:42:00Z,0.0,Fitbit App
2026-05-31T17:43:00Z,0.0,Fitbit App
2026-05-31T17:44:00Z,0.0,Fitbit App
2026-05-31T17:45:00Z,0.0,Fitbit App
2026-05-31T17:46:00Z,0.0,Fitbit App
2026-05-31T17:47:00Z,0.0,Fitbit App
2026-05-31T17:48:00Z,0.0,Fitbit App
2026-05-31T17:49:00Z,0.0,Fitbit App
2026-05-31T17:50:00Z,0.0,Fitbit App
2026-05-31T17:51:00Z,0.0,Fitbit App
2026-05-31T17:52:00Z,0.0,Fitbit App
2026-05-31T17:53:00Z,0.0,Fitbit App
2026-05-31T17:54:00Z,0.0,Fitbit App
2026-05-31T17:55:00Z,0.0,Fitbit App
2026-05-31T17:56:00Z,0.0,Fitbit App
2026-05-31T17:57:00Z,0.0,Fitbit App
2026-05-31T17:58:00Z,0.0,Fitbit App
2026-05-31T17:59:00Z,0.0,Fitbit App
2026-05-31T18:00:00Z,0.0,Fitbit App
2026-05-31T18:01:00Z,0.0,Fitbit App
2026-05-31T18:02:00Z,0.0,Fitbit App
2026-05-31T18:03:00Z,0.0,Fitbit App
2026-05-31T18:04:00Z,0.0,Fitbit App
2026-05-31T18:05:00Z,0.0,Fitbit App
2026-05-31T18:06:00Z,0.0,Fitbit App
2026-05-31T18:07:00Z,0.0,Fitbit App
2026-05-31T18:08:00Z,0.0,Fitbit App
2026-05-31T18:09:00Z,0.0,Fitbit App
2026-05-31T18:10:00Z,0.0,Fitbit App
2026-05-31T18:11:00Z,0.0,Fitbit App
2026-05-31T18:12:00Z,0.0,Fitbit App
2026-05-31T18:13:00Z,0.0,Fitbit App
2026-05-31T18:14:00Z,0.0,Fitbit App
2026-05-31T18:15:00Z,0.0,Fitbit App
2026-05-31T18:16:00Z,0.0,Fitbit App
2026-05-31T18:17:00Z,0.0,Fitbit App
2026-05-31T18:18:00Z,0.0,Fitbit App
2026-05-31T18:19:00Z,0.0,Fitbit App
2026-05-31T18:20:00Z,0.0,Fitbit App
2026-05-31T18:21:00Z,0.0,Fitbit App
2026-05-31T18:22:00Z,0.0,Fitbit App
2026-05-31T18:23:00Z,0.0,Fitbit App
2026-05-31T18:24:00Z,0.0,Fitbit App
2026-05-31T18:25:00Z,0.0,Fitbit App
2026-05-31T18:26:00Z,0.0,Fitbit App
2026-05-31T18:27:00Z,1.26825,Fitbit App
2026-05-31T18:28:00Z,2.28285,Fitbit App
2026-05-31T18:29:00Z,6.848550000000001,Fitbit App
2026-05-31T18:30:00Z,5.326650000000001,Fitbit App
2026-05-31T18:31:00Z,4.5657,Fitbit App
2026-05-31T18:32:00Z,4.058400000000001,Fitbit App
2026-05-31T18:33:00Z,0.0,Fitbit App
2026-05-31T18:34:00Z,0.0,Fitbit App
2026-05-31T18:35:00Z,0.0,Fitbit App
2026-05-31T18:36:00Z,1.5219000000000003,Fitbit App
2026-05-31T18:37:00Z,0.0,Fitbit App
2026-05-31T18:38:00Z,0.0,Fitbit App
2026-05-31T18:39:00Z,0.0,Fitbit App
2026-05-31T18:40:00Z,0.7609500000000001,Fitbit App
2026-05-31T18:41:00Z,0.0,Fitbit App
2026-05-31T18:42:00Z,0.0,Fitbit App
2026-05-31T18:43:00Z,0.0,Fitbit App
2026-05-31T18:44:00Z,0.0,Fitbit App
2026-05-31T18:45:00Z,0.0,Fitbit App
2026-05-31T18:46:00Z,0.0,Fitbit App
2026-05-31T18:47:00Z,0.0,Fitbit App
2026-05-31T18:48:00Z,0.0,Fitbit App
2026-05-31T18:49:00Z,0.0,Fitbit App
2026-05-31T18:50:00Z,0.0,Fitbit App
2026-05-31T18:51:00Z,0.0,Fitbit App
2026-05-31T18:52:00Z,0.0,Fitbit App
2026-05-31T18:53:00Z,0.0,Fitbit App
2026-05-31T18:54:00Z,1.26825,Fitbit App
2026-05-31T18:55:00Z,5.073,Fitbit App
2026-05-31T18:56:00Z,5.073,Fitbit App
2026-05-31T18:57:00Z,4.81935,Fitbit App
2026-05-31T18:58:00Z,2.7901500000000006,Fitbit App
2026-05-31T18:59:00Z,2.5365,Fitbit App
2026-05-31T19:00:00Z,2.28285,Fitbit App
2026-05-31T19:01:00Z,2.28285,Fitbit App
2026-05-31T19:02:00Z,2.5365,Fitbit App
2026-05-31T19:03:00Z,2.7901500000000006,Fitbit App
2026-05-31T19:04:00Z,2.28285,Fitbit App
2026-05-31T19:05:00Z,2.5365,Fitbit App
2026-05-31T19:06:00Z,2.0292000000000003,Fitbit App
2026-05-31T19:07:00Z,1.5219000000000003,Fitbit App
2026-05-31T19:08:00Z,2.0292000000000003,Fitbit App
2026-05-31T19:09:00Z,0.0,Fitbit App
2026-05-31T19:10:00Z,0.0,Fitbit App
2026-05-31T19:11:00Z,1.5219000000000003,Fitbit App
2026-05-31T19:12:00Z,0.0,Fitbit App
2026-05-31T19:13:00Z,1.77555,Fitbit App
2026-05-31T19:14:00Z,2.0292000000000003,Fitbit App
2026-05-31T19:15:00Z,1.5219000000000003,Fitbit App
2026-05-31T19:16:00Z,2.28285,Fitbit App
2026-05-31T19:17:00Z,1.5219000000000003,Fitbit App
2026-05-31T19:18:00Z,1.5219000000000003,Fitbit App
2026-05-31T19:19:00Z,2.7901500000000006,Fitbit App
2026-05-31T19:20:00Z,1.77555,Fitbit App
2026-05-31T19:21:00Z,1.77555,Fitbit App
2026-05-31T19:22:00Z,1.77555,Fitbit App
2026-05-31T19:23:00Z,2.28285,Fitbit App
2026-05-31T19:24:00Z,0.0,Fitbit App
2026-05-31T19:25:00Z,1.77555,Fitbit App
2026-05-31T19:26:00Z,0.0,Fitbit App
2026-05-31T19:27:00Z,0.0,Fitbit App
2026-05-31T19:28:00Z,0.0,Fitbit App
2026-05-31T19:29:00Z,0.0,Fitbit App
2026-05-31T19:30:00Z,0.0,Fitbit App
2026-05-31T19:31:00Z,0.0,Fitbit App
2026-05-31T19:32:00Z,0.0,Fitbit App
2026-05-31T19:33:00Z,0.0,Fitbit App
2026-05-31T19:34:00Z,0.0,Fitbit App
2026-05-31T19:35:00Z,0.0,Fitbit App
2026-05-31T19:36:00Z,2.5365,Fitbit App
2026-05-31T19:37:00Z,0.0,Fitbit App
2026-05-31T19:38:00Z,0.0,Fitbit App
2026-05-31T19:39:00Z,0.0,Fitbit App
2026-05-31T19:40:00Z,0.0,Fitbit App
2026-05-31T19:41:00Z,0.0,Fitbit App
2026-05-31T19:42:00Z,0.0,Fitbit App
2026-05-31T19:43:00Z,0.0,Fitbit App
2026-05-31T19:44:00Z,0.0,Fitbit App
2026-05-31T19:45:00Z,1.0146,Fitbit App
2026-05-31T19:46:00Z,2.0292000000000003,Fitbit App
2026-05-31T19:47:00Z,1.77555,Fitbit App
2026-05-31T19:48:00Z,1.5219000000000003,Fitbit App
2026-05-31T19:49:00Z,1.5219000000000003,Fitbit App
2026-05-31T19:50:00Z,2.28285,Fitbit App
2026-05-31T19:51:00Z,1.5219000000000003,Fitbit App
2026-05-31T19:52:00Z,1.5219000000000003,Fitbit App
2026-05-31T19:53:00Z,2.0292000000000003,Fitbit App
2026-05-31T19:54:00Z,2.28285,Fitbit App
2026-05-31T19:55:00Z,1.77555,Fitbit App
2026-05-31T19:56:00Z,2.7901500000000006,Fitbit App
2026-05-31T19:57:00Z,2.28285,Fitbit App
2026-05-31T19:58:00Z,0.7609500000000001,Fitbit App
2026-05-31T19:59:00Z,2.0292000000000003,Fitbit App
2026-05-31T20:00:00Z,2.28285,Fitbit App
2026-05-31T20:01:00Z,1.5219000000000003,Fitbit App
2026-05-31T20:02:00Z,2.0292000000000003,Fitbit App
2026-05-31T20:03:00Z,2.0292000000000003,Fitbit App
2026-05-31T20:04:00Z,2.28285,Fitbit App
2026-05-31T20:05:00Z,1.77555,Fitbit App
2026-05-31T20:06:00Z,2.28285,Fitbit App
2026-05-31T20:07:00Z,3.5511,Fitbit App
2026-05-31T20:08:00Z,2.5365,Fitbit App
2026-05-31T20:09:00Z,0.0,Fitbit App
2026-05-31T20:10:00Z,0.0,Fitbit App
2026-05-31T20:11:00Z,0.0,Fitbit App
2026-05-31T20:12:00Z,0.0,Fitbit App
2026-05-31T20:13:00Z,0.0,Fitbit App
2026-05-31T20:14:00Z,0.0,Fitbit App
2026-05-31T20:15:00Z,0.0,Fitbit App
2026-05-31T20:16:00Z,0.0,Fitbit App
2026-05-31T20:17:00Z,0.0,Fitbit App
2026-05-31T20:18:00Z,0.0,Fitbit App
2026-05-31T20:19:00Z,0.0,Fitbit App
2026-05-31T20:20:00Z,0.0,Fitbit App
2026-05-31T20:21:00Z,0.0,Fitbit App
2026-05-31T20:26:00Z,0.0,Fitbit App
2026-05-31T20:27:00Z,0.0,Fitbit App
2026-05-31T20:28:00Z,0.0,Fitbit App
2026-05-31T20:29:00Z,0.0,Fitbit App
2026-05-31T20:30:00Z,0.0,Fitbit App
2026-05-31T20:31:00Z,0.0,Fitbit App
2026-05-31T20:32:00Z,0.0,Fitbit App
2026-05-31T20:33:00Z,0.0,Fitbit App
2026-05-31T20:34:00Z,0.7609500000000001,Fitbit App
2026-05-31T20:36:00Z,0.0,Fitbit App
2026-05-31T20:37:00Z,0.0,Fitbit App
2026-05-31T20:38:00Z,0.0,Fitbit App
2026-05-31T20:39:00Z,0.0,Fitbit App
2026-05-31T20:41:00Z,0.0,Fitbit App
2026-05-31T20:44:00Z,0.0,Fitbit App
2026-05-31T20:46:00Z,0.0,Fitbit App
2026-05-31T20:51:00Z,0.0,Fitbit App
2026-05-31T20:52:00Z,0.0,Fitbit App
2026-05-31T20:53:00Z,0.7609500000000001,Fitbit App
2026-05-31T20:54:00Z,1.5219000000000003,Fitbit App
2026-05-31T20:55:00Z,0.5073,Fitbit App
2026-05-31T20:56:00Z,0.0,Fitbit App
2026-05-31T20:57:00Z,0.0,Fitbit App
2026-05-31T20:58:00Z,0.0,Fitbit App
2026-05-31T20:59:00Z,0.0,Fitbit App
2026-05-31T21:00:00Z,1.77555,Fitbit App
2026-05-31T21:01:00Z,2.7901500000000006,Fitbit App
2026-05-31T21:02:00Z,0.0,Fitbit App
2026-05-31T21:03:00Z,0.0,Fitbit App
2026-05-31T21:04:00Z,1.0146,Fitbit App
2026-05-31T21:05:00Z,1.5219000000000003,Fitbit App
2026-05-31T21:06:00Z,0.0,Fitbit App
2026-05-31T21:10:00Z,0.0,Fitbit App
2026-05-31T21:13:00Z,0.0,Fitbit App
2026-05-31T21:14:00Z,0.0,Fitbit App
2026-05-31T21:15:00Z,1.26825,Fitbit App
2026-05-31T21:16:00Z,0.0,Fitbit App
2026-05-31T21:17:00Z,0.0,Fitbit App
2026-05-31T21:18:00Z,0.0,Fitbit App
2026-05-31T21:19:00Z,0.0,Fitbit App
2026-05-31T21:21:00Z,0.0,Fitbit App
2026-05-31T21:24:00Z,0.0,Fitbit App
2026-05-31T21:25:00Z,0.7609500000000001,Fitbit App
2026-05-31T21:26:00Z,0.0,Fitbit App
2026-05-31T21:27:00Z,0.0,Fitbit App
2026-05-31T21:35:00Z,0.0,Fitbit App
2026-05-31T21:36:00Z,0.0,Fitbit App
2026-05-31T21:39:00Z,0.0,Fitbit App
2026-05-31T21:40:00Z,0.0,Fitbit App
2026-05-31T21:41:00Z,0.0,Fitbit App
2026-05-31T21:42:00Z,0.7609500000000001,Fitbit App
2026-05-31T21:43:00Z,1.77555,Fitbit App
2026-05-31T21:44:00Z,1.0146,Fitbit App
2026-05-31T21:45:00Z,1.26825,Fitbit App
2026-05-31T21:46:00Z,0.7609500000000001,Fitbit App
2026-05-31T21:47:00Z,0.0,Fitbit App
2026-05-31T21:48:00Z,0.0,Fitbit App
2026-05-31T21:49:00Z,0.0,Fitbit App
2026-05-31T21:50:00Z,0.7609500000000001,Fitbit App
2026-05-31T21:51:00Z,0.0,Fitbit App
2026-05-31T21:52:00Z,0.0,Fitbit App
2026-05-31T21:53:00Z,0.0,Fitbit App
2026-05-31T21:57:00Z,0.0,Fitbit App
2026-05-31T21:58:00Z,1.5219000000000003,Fitbit App
2026-05-31T21:59:00Z,1.5219000000000003,Fitbit App
2026-05-31T22:00:00Z,1.77555,Fitbit App
2026-05-31T22:01:00Z,2.0292000000000003,Fitbit App
2026-05-31T22:02:00Z,1.5219000000000003,Fitbit App
2026-05-31T22:03:00Z,0.7609500000000001,Fitbit App
2026-05-31T22:07:00Z,0.0,Fitbit App
2026-05-31T22:09:00Z,0.0,Fitbit App
2026-05-31T22:10:00Z,0.0,Fitbit App
2026-05-31T22:14:00Z,0.0,Fitbit App
2026-05-31T22:15:00Z,0.0,Fitbit App
2026-05-31T22:17:00Z,0.0,Fitbit App
2026-05-31T22:18:00Z,0.0,Fitbit App
2026-05-31T22:19:00Z,0.5073,Fitbit App
2026-05-31T22:20:00Z,0.0,Fitbit App
2026-05-31T22:23:00Z,0.0,Fitbit App
2026-05-31T22:24:00Z,0.0,Fitbit App
2026-05-31T22:26:00Z,0.0,Fitbit App
2026-05-31T22:28:00Z,0.0,Fitbit App
2026-05-31T22:29:00Z,0.0,Fitbit App
2026-05-31T22:32:00Z,0.0,Fitbit App
2026-05-31T22:35:00Z,0.0,Fitbit App
2026-05-31T22:38:00Z,0.0,Fitbit App
2026-05-31T22:39:00Z,0.0,Fitbit App
2026-05-31T22:41:00Z,0.0,Fitbit App
2026-05-31T22:46:00Z,0.0,Fitbit App
2026-05-31T22:47:00Z,0.0,Fitbit App
2026-05-31T23:04:00Z,0.0,Fitbit App
2026-05-31T23:14:00Z,0.0,Fitbit App
2026-05-31T23:26:00Z,0.0,Fitbit App
2026-05-31T23:27:00Z,1.26825,Fitbit App
2026-05-31T23:28:00Z,2.28285,Fitbit App
2026-05-31T23:29:00Z,0.7609500000000001,Fitbit App
2026-05-31T23:45:00Z,0.0,Fitbit App
2026-05-31T23:49:00Z,0.0,Fitbit App
2026-05-31T23:50:00Z,0.0,Fitbit App
2026-05-31T23:52:00Z,0.0,Fitbit App
2026-05-31T23:53:00Z,1.0146,Fitbit App
2026-05-31T23:54:00Z,2.0292000000000003,Fitbit App
2026-05-31T23:56:00Z,0.0,Fitbit App
