timestamp,steps,distance millimeters,altitude gain millimeters,data source
2026-05-21T07:04:54Z,0,0,0,Versa 4
2026-05-21T07:04:55Z,0,0,-304,Versa 4
2026-05-21T07:04:56Z,0,0,609,Versa 4
2026-05-21T07:04:57Z,0,0,-609,Versa 4
2026-05-21T07:04:58Z,0,0,304,Versa 4
2026-05-21T07:04:59Z,0,0,0,Versa 4
2026-05-21T07:05:00Z,0,0,304,Versa 4
2026-05-21T07:05:01Z,0,0,-304,Versa 4
2026-05-21T07:05:02Z,0,0,-304,Versa 4
2026-05-21T07:05:03Z,0,0,609,Versa 4
2026-05-21T07:05:04Z,0,0,-609,Versa 4
2026-05-21T07:05:05Z,2,0,0,Versa 4
2026-05-21T07:05:06Z,2,0,0,Versa 4
2026-05-21T07:05:07Z,2,0,0,Versa 4
2026-05-21T07:05:08Z,1,0,0,Versa 4
2026-05-21T07:05:09Z,1,0,0,Versa 4
2026-05-21T07:05:10Z,0,0,-304,Versa 4
2026-05-21T07:05:11Z,0,0,0,Versa 4
2026-05-21T07:05:12Z,0,0,-304,Versa 4
2026-05-21T07:05:13Z,0,0,304,Versa 4
2026-05-21T07:05:14Z,0,0,0,Versa 4
2026-05-21T07:05:15Z,0,0,0,Versa 4
2026-05-21T07:05:16Z,0,0,0,Versa 4
2026-05-21T07:05:17Z,0,0,0,Versa 4
2026-05-21T07:05:18Z,0,0,0,Versa 4
2026-05-21T07:05:19Z,0,0,0,Versa 4
2026-05-21T07:05:20Z,0,0,304,Versa 4
2026-05-21T07:05:21Z,0,0,-304,Versa 4
2026-05-21T07:05:22Z,0,370,0,Versa 4
2026-05-21T07:05:23Z,0,1230,-304,Versa 4
2026-05-21T07:05:24Z,0,1970,304,Versa 4
2026-05-21T07:05:25Z,4,2570,-914,Versa 4
2026-05-21T07:05:26Z,3,2700,609,Versa 4
2026-05-21T07:05:27Z,1,3080,0,Versa 4
2026-05-21T07:05:28Z,0,3090,304,Versa 4
2026-05-21T07:05:29Z,0,3090,304,Versa 4
2026-05-21T07:05:30Z,0,3080,-304,Versa 4
2026-05-21T07:05:31Z,0,4060,609,Versa 4
2026-05-21T08:01:33Z,1,0,0,Versa 4
2026-05-21T08:01:34Z,2,0,-609,Versa 4
2026-05-21T08:01:35Z,1,170,609,Versa 4
2026-05-21T08:01:36Z,2,280,-304,Versa 4
2026-05-21T08:01:37Z,2,420,0,Versa 4
2026-05-21T08:01:38Z,2,600,304,Versa 4
2026-05-21T08:01:39Z,1,700,-304,Versa 4
2026-05-21T08:01:40Z,2,810,304,Versa 4
2026-05-21T08:01:41Z,1,880,-304,Versa 4
2026-05-21T08:01:42Z,2,910,0,Versa 4
2026-05-21T08:01:43Z,2,960,0,Versa 4
2026-05-21T08:01:44Z,1,980,304,Versa 4
2026-05-21T08:01:45Z,2,1230,-304,Versa 4
2026-05-21T08:01:46Z,2,1290,-304,Versa 4
2026-05-21T08:01:47Z,1,1290,609,Versa 4
2026-05-21T08:01:48Z,2,1290,0,Versa 4
2026-05-21T08:01:49Z,2,1330,-609,Versa 4
2026-05-21T08:01:50Z,1,1320,609,Versa 4
2026-05-21T08:01:51Z,2,1310,-609,Versa 4
2026-05-21T08:01:52Z,2,1350,609,Versa 4
2026-05-21T08:01:53Z,2,1380,-304,Versa 4
2026-05-21T08:01:54Z,2,1400,0,Versa 4
2026-05-21T08:01:55Z,1,1410,0,Versa 4
2026-05-21T08:01:56Z,2,1420,0,Versa 4
2026-05-21T08:01:57Z,1,1430,0,Versa 4
2026-05-21T08:01:58Z,0,1300,304,Versa 4
2026-05-21T08:01:59Z,2,1220,0,Versa 4
2026-05-21T08:02:00Z,1,1220,-304,Versa 4
2026-05-21T08:02:01Z,1,1110,304,Versa 4
2026-05-21T08:02:02Z,2,1110,0,Versa 4
2026-05-21T08:02:03Z,1,1110,0,Versa 4
2026-05-21T08:02:04Z,2,1110,-914,Versa 4
2026-05-21T08:02:05Z,2,1120,304,Versa 4
2026-05-21T08:02:06Z,2,1200,-914,Versa 4
2026-05-21T08:02:07Z,2,1270,0,Versa 4
2026-05-21T08:02:08Z,2,1350,-304,Versa 4
2026-05-21T08:02:09Z,2,1420,-609,Versa 4
2026-05-21T08:02:10Z,3,1510,304,Versa 4
2026-05-21T08:02:11Z,2,1580,-609,Versa 4
2026-05-21T08:02:12Z,2,1620,-304,Versa 4
2026-05-21T08:02:13Z,2,1670,-609,Versa 4
2026-05-21T08:02:14Z,2,1690,0,Versa 4
2026-05-21T08:02:15Z,1,1690,0,Versa 4
2026-05-21T08:02:16Z,2,1690,0,Versa 4
2026-05-21T08:02:17Z,2,1680,-304,Versa 4
2026-05-21T08:02:18Z,1,1670,304,Versa 4
2026-05-21T08:02:19Z,2,1660,-304,Versa 4
2026-05-21T08:02:20Z,2,1650,304,Versa 4
2026-05-21T08:02:21Z,1,1650,-304,Versa 4
2026-05-21T08:02:22Z,2,1640,609,Versa 4
2026-05-21T08:02:23Z,2,1630,0,Versa 4
2026-05-21T08:02:24Z,1,1630,-304,Versa 4
2026-05-21T08:02:25Z,2,1620,0,Versa 4
2026-05-21T08:02:26Z,2,1610,304,Versa 4
2026-05-21T08:02:27Z,1,1600,-304,Versa 4
2026-05-21T08:02:28Z,2,1590,-304,Versa 4
2026-05-21T08:02:29Z,2,1590,609,Versa 4
2026-05-21T08:02:30Z,2,1590,0,Versa 4
2026-05-21T08:02:31Z,1,1590,0,Versa 4
2026-05-21T08:02:32Z,2,1570,0,Versa 4
2026-05-21T08:02:33Z,2,1580,-609,Versa 4
2026-05-21T08:02:34Z,2,1570,304,Versa 4
2026-05-21T08:02:35Z,1,1570,0,Versa 4
2026-05-21T08:02:36Z,2,1570,0,Versa 4
2026-05-21T08:02:37Z,2,1560,-304,Versa 4
2026-05-21T08:02:38Z,2,1560,304,Versa 4
2026-05-21T08:02:39Z,1,1560,304,Versa 4
2026-05-21T08:02:40Z,2,1540,-304,Versa 4
2026-05-21T08:02:41Z,2,1550,304,Versa 4
2026-05-21T08:02:42Z,1,1540,-304,Versa 4
2026-05-21T08:02:43Z,2,1540,0,Versa 4
2026-05-21T08:02:44Z,2,1530,304,Versa 4
2026-05-21T08:02:45Z,2,1530,-304,Versa 4
2026-05-21T08:02:46Z,1,1520,0,Versa 4
2026-05-21T08:02:47Z,2,1530,609,Versa 4
2026-05-21T08:02:48Z,2,1520,-609,Versa 4
2026-05-21T08:02:49Z,2,1520,0,Versa 4
2026-05-21T08:02:50Z,1,1520,0,Versa 4
2026-05-21T08:02:51Z,2,1510,0,Versa 4
2026-05-21T08:02:52Z,2,1520,0,Versa 4
2026-05-21T08:02:53Z,2,1510,304,Versa 4
2026-05-21T08:02:54Z,1,1510,304,Versa 4
2026-05-21T08:02:55Z,2,1500,-609,Versa 4
2026-05-21T08:02:56Z,2,1500,0,Versa 4
2026-05-21T08:02:57Z,2,1500,0,Versa 4
2026-05-21T08:02:58Z,1,1500,0,Versa 4
2026-05-21T08:02:59Z,2,1500,0,Versa 4
2026-05-21T08:03:00Z,2,1500,0,Versa 4
2026-05-21T08:03:01Z,1,1490,0,Versa 4
2026-05-21T08:03:02Z,1,1400,304,Versa 4
2026-05-21T08:03:03Z,2,1390,-304,Versa 4
2026-05-21T08:03:04Z,2,1400,-304,Versa 4
2026-05-21T08:03:05Z,2,1390,0,Versa 4
2026-05-21T08:03:06Z,0,1330,0,Versa 4
2026-05-21T08:03:07Z,1,1280,304,Versa 4
2026-05-21T08:03:08Z,4,1280,0,Versa 4
2026-05-21T08:03:09Z,2,1290,0,Versa 4
2026-05-21T08:03:10Z,1,1290,304,Versa 4
2026-05-21T08:03:11Z,1,1290,-304,Versa 4
2026-05-21T08:03:12Z,1,1290,-304,Versa 4
2026-05-21T08:03:13Z,1,1300,0,Versa 4
2026-05-21T08:03:14Z,1,1210,-304,Versa 4
2026-05-21T08:03:15Z,2,1160,304,Versa 4
2026-05-21T08:03:16Z,2,1150,0,Versa 4
2026-05-21T08:03:17Z,2,1160,304,Versa 4
2026-05-21T08:03:18Z,2,1160,-304,Versa 4
2026-05-21T08:03:19Z,2,1280,0,Versa 4
2026-05-21T08:03:20Z,1,1280,609,Versa 4
2026-05-21T08:03:21Z,0,1250,-304,Versa 4
2026-05-21T08:03:22Z,1,1180,-609,Versa 4
2026-05-21T08:03:23Z,1,1080,-304,Versa 4
2026-05-21T08:03:24Z,2,1020,609,Versa 4
2026-05-21T08:03:25Z,3,1010,-304,Versa 4
2026-05-21T08:03:26Z,2,1130,0,Versa 4
2026-05-21T08:03:27Z,2,1250,0,Versa 4
2026-05-21T08:03:28Z,3,1420,0,Versa 4
2026-05-21T08:03:29Z,2,1560,304,Versa 4
2026-05-21T08:03:30Z,1,1570,-609,Versa 4
2026-05-21T08:03:31Z,2,1580,304,Versa 4
2026-05-21T08:03:32Z,3,1630,-609,Versa 4
2026-05-21T08:03:33Z,1,1630,0,Versa 4
2026-05-21T08:03:34Z,1,1620,304,Versa 4
2026-05-21T08:03:35Z,2,1610,-304,Versa 4
2026-05-21T08:03:36Z,0,1500,304,Versa 4
2026-05-21T08:03:37Z,0,1280,304,Versa 4
2026-05-21T08:03:38Z,0,1080,-304,Versa 4
2026-05-21T08:03:39Z,0,0,0,Versa 4
2026-05-21T08:03:40Z,0,0,0,Versa 4
2026-05-21T08:03:41Z,0,0,304,Versa 4
2026-05-21T08:03:42Z,0,0,0,Versa 4
2026-05-21T08:03:43Z,0,0,-304,Versa 4
2026-05-21T08:03:44Z,0,0,0,Versa 4
2026-05-21T08:03:45Z,0,0,304,Versa 4
2026-05-21T08:03:46Z,0,0,-609,Versa 4
2026-05-21T08:03:47Z,0,0,304,Versa 4
2026-05-21T08:03:48Z,0,0,0,Versa 4
2026-05-21T08:03:49Z,0,0,-304,Versa 4
2026-05-21T08:03:50Z,0,0,0,Versa 4
2026-05-21T08:03:51Z,0,0,609,Versa 4
2026-05-21T08:03:52Z,0,0,0,Versa 4
2026-05-21T08:03:53Z,0,0,0,Versa 4
2026-05-21T08:03:54Z,0,0,0,Versa 4
2026-05-21T08:03:55Z,0,0,0,Versa 4
2026-05-21T08:03:56Z,0,0,0,Versa 4
2026-05-21T08:03:57Z,0,0,-304,Versa 4
2026-05-21T08:03:58Z,0,0,-304,Versa 4
2026-05-21T08:03:59Z,0,0,304,Versa 4
2026-05-21T08:04:00Z,0,0,0,Versa 4
2026-05-21T08:04:01Z,0,0,-304,Versa 4
2026-05-21T08:04:02Z,0,0,609,Versa 4
2026-05-21T08:04:03Z,0,0,304,Versa 4
2026-05-21T08:04:04Z,0,0,-304,Versa 4
2026-05-21T08:04:05Z,0,0,0,Versa 4
2026-05-21T08:04:06Z,0,0,0,Versa 4
2026-05-21T08:04:07Z,0,0,-304,Versa 4
2026-05-21T08:04:08Z,0,0,304,Versa 4
2026-05-21T08:04:09Z,0,0,0,Versa 4
2026-05-21T08:04:10Z,0,0,0,Versa 4
2026-05-21T08:04:11Z,0,0,0,Versa 4
2026-05-21T08:04:12Z,0,0,0,Versa 4
2026-05-21T08:04:13Z,0,0,0,Versa 4
2026-05-21T08:04:14Z,0,0,304,Versa 4
2026-05-21T08:04:15Z,0,0,-304,Versa 4
2026-05-21T08:04:16Z,0,0,-609,Versa 4
2026-05-21T08:04:17Z,0,0,609,Versa 4
2026-05-21T08:04:18Z,2,0,0,Versa 4
2026-05-21T08:04:19Z,2,0,0,Versa 4
2026-05-21T08:04:20Z,0,0,0,Versa 4
2026-05-21T08:04:21Z,0,0,0,Versa 4
2026-05-21T08:04:22Z,0,0,0,Versa 4
2026-05-21T08:04:23Z,0,0,-609,Versa 4
2026-05-21T08:04:24Z,0,0,609,Versa 4
2026-05-21T08:04:25Z,0,0,-304,Versa 4
2026-05-21T08:04:26Z,0,0,-304,Versa 4
2026-05-21T08:04:27Z,0,0,0,Versa 4
2026-05-21T08:04:28Z,0,0,0,Versa 4
2026-05-21T08:04:29Z,0,0,304,Versa 4
2026-05-21T08:04:30Z,0,0,-609,Versa 4
2026-05-21T08:04:31Z,0,0,609,Versa 4
2026-05-21T08:04:32Z,0,0,0,Versa 4
2026-05-21T08:04:33Z,0,0,0,Versa 4
2026-05-21T08:04:34Z,0,0,-304,Versa 4
2026-05-21T08:04:35Z,0,0,-304,Versa 4
2026-05-21T08:04:36Z,0,0,304,Versa 4
2026-05-21T08:04:37Z,0,0,0,Versa 4
2026-05-21T08:04:38Z,0,0,-304,Versa 4
2026-05-21T08:04:39Z,0,0,304,Versa 4
2026-05-21T08:04:40Z,0,0,0,Versa 4
2026-05-21T08:04:41Z,0,0,0,Versa 4
2026-05-21T08:04:42Z,0,0,-304,Versa 4
2026-05-21T08:04:43Z,0,0,304,Versa 4
2026-05-21T08:04:44Z,0,0,-304,Versa 4
2026-05-21T08:04:45Z,0,0,0,Versa 4
2026-05-21T08:04:46Z,0,0,304,Versa 4
2026-05-21T08:04:47Z,0,0,0,Versa 4
2026-05-21T08:04:48Z,0,0,-304,Versa 4
2026-05-21T08:04:49Z,0,0,304,Versa 4
2026-05-21T08:04:50Z,0,0,0,Versa 4
2026-05-21T08:04:51Z,0,0,304,Versa 4
2026-05-21T08:04:52Z,0,0,-304,Versa 4
2026-05-21T08:04:53Z,0,0,0,Versa 4
2026-05-21T08:04:54Z,0,0,0,Versa 4
2026-05-21T08:04:55Z,0,0,304,Versa 4
2026-05-21T08:04:56Z,0,0,-609,Versa 4
2026-05-21T08:04:57Z,0,0,0,Versa 4
2026-05-21T08:04:58Z,0,0,304,Versa 4
2026-05-21T08:04:59Z,0,0,0,Versa 4
2026-05-21T08:05:00Z,0,0,0,Versa 4
2026-05-21T08:05:01Z,0,0,0,Versa 4
2026-05-21T08:05:02Z,0,0,0,Versa 4
2026-05-21T08:05:03Z,0,0,0,Versa 4
2026-05-21T08:05:04Z,0,0,0,Versa 4
2026-05-21T08:05:05Z,0,0,304,Versa 4
2026-05-21T08:05:06Z,0,0,0,Versa 4
2026-05-21T08:05:07Z,0,0,0,Versa 4
2026-05-21T08:05:08Z,0,0,-304,Versa 4
2026-05-21T08:05:09Z,0,0,0,Versa 4
2026-05-21T08:05:10Z,0,0,304,Versa 4
2026-05-21T08:05:11Z,0,0,0,Versa 4
2026-05-21T08:05:12Z,0,0,0,Versa 4
2026-05-21T08:05:13Z,0,0,304,Versa 4
2026-05-21T08:05:14Z,0,0,0,Versa 4
2026-05-21T08:05:15Z,0,0,0,Versa 4
2026-05-21T08:05:16Z,0,0,0,Versa 4
2026-05-21T08:05:17Z,0,0,0,Versa 4
2026-05-21T08:05:18Z,0,0,0,Versa 4
2026-05-21T08:05:19Z,0,0,-304,Versa 4
2026-05-21T08:05:20Z,0,0,304,Versa 4
2026-05-21T08:05:21Z,0,0,0,Versa 4
2026-05-21T08:05:22Z,0,0,-304,Versa 4
2026-05-21T08:05:23Z,0,0,304,Versa 4
2026-05-21T08:05:24Z,0,0,304,Versa 4
2026-05-21T08:05:25Z,0,0,-304,Versa 4
2026-05-21T08:05:26Z,0,0,-304,Versa 4
2026-05-21T08:05:27Z,0,0,304,Versa 4
2026-05-21T08:05:28Z,0,0,0,Versa 4
2026-05-21T08:05:29Z,0,0,-609,Versa 4
2026-05-21T08:05:30Z,0,0,609,Versa 4
2026-05-21T08:05:31Z,0,0,-609,Versa 4
2026-05-21T08:05:32Z,0,0,0,Versa 4
2026-05-21T08:05:33Z,0,0,304,Versa 4
2026-05-21T08:05:34Z,0,0,609,Versa 4
2026-05-21T08:05:35Z,0,0,-304,Versa 4
2026-05-21T08:05:36Z,0,0,-304,Versa 4
2026-05-21T08:05:37Z,0,0,0,Versa 4
2026-05-21T08:05:38Z,0,0,0,Versa 4
2026-05-21T08:05:39Z,0,0,0,Versa 4
2026-05-21T08:05:40Z,0,0,-304,Versa 4
2026-05-21T08:05:41Z,0,0,609,Versa 4
2026-05-21T08:05:42Z,0,0,-609,Versa 4
2026-05-21T08:05:43Z,0,0,609,Versa 4
2026-05-21T08:05:44Z,0,0,0,Versa 4
2026-05-21T08:05:45Z,0,0,-304,Versa 4
2026-05-21T08:05:46Z,0,0,304,Versa 4
2026-05-21T08:05:47Z,0,0,-609,Versa 4
2026-05-21T08:05:48Z,0,0,0,Versa 4
2026-05-21T08:05:49Z,0,0,304,Versa 4
2026-05-21T08:05:50Z,0,0,304,Versa 4
2026-05-21T08:05:51Z,0,0,-304,Versa 4
2026-05-21T08:05:52Z,0,0,-304,Versa 4
2026-05-21T08:05:53Z,0,0,609,Versa 4
2026-05-21T08:05:54Z,0,0,-304,Versa 4
2026-05-21T08:05:55Z,0,0,0,Versa 4
2026-05-21T08:05:56Z,0,0,0,Versa 4
2026-05-21T08:05:57Z,0,0,-304,Versa 4
2026-05-21T08:05:58Z,0,0,0,Versa 4
2026-05-21T08:05:59Z,2,0,304,Versa 4
2026-05-21T08:06:00Z,2,0,304,Versa 4
2026-05-21T08:06:01Z,0,0,-304,Versa 4
2026-05-21T08:06:02Z,0,0,0,Versa 4
2026-05-21T08:06:03Z,0,0,304,Versa 4
2026-05-21T08:06:04Z,0,0,0,Versa 4
2026-05-21T08:06:05Z,0,0,0,Versa 4
2026-05-21T08:06:06Z,0,0,0,Versa 4
2026-05-21T08:06:07Z,0,0,-304,Versa 4
2026-05-21T08:06:08Z,0,0,304,Versa 4
2026-05-21T08:06:09Z,0,0,-304,Versa 4
2026-05-21T08:06:10Z,0,0,304,Versa 4
2026-05-21T08:06:11Z,0,0,-304,Versa 4
2026-05-21T08:06:12Z,0,0,304,Versa 4
2026-05-21T08:06:13Z,0,0,0,Versa 4
2026-05-21T08:06:14Z,0,0,-304,Versa 4
2026-05-21T08:06:15Z,0,0,304,Versa 4
2026-05-21T08:06:16Z,0,0,-304,Versa 4
2026-05-21T08:06:17Z,0,0,0,Versa 4
2026-05-21T08:06:18Z,0,0,0,Versa 4
2026-05-21T08:06:19Z,0,0,0,Versa 4
2026-05-21T08:06:20Z,0,0,304,Versa 4
2026-05-21T08:06:21Z,0,0,304,Versa 4
2026-05-21T08:06:22Z,0,0,0,Versa 4
2026-05-21T08:06:23Z,0,0,-304,Versa 4
2026-05-21T08:06:24Z,0,0,0,Versa 4
2026-05-21T08:06:25Z,0,0,609,Versa 4
2026-05-21T08:06:26Z,0,0,0,Versa 4
2026-05-21T08:06:27Z,0,0,-304,Versa 4
2026-05-21T08:06:28Z,0,0,304,Versa 4
2026-05-21T08:06:29Z,0,0,304,Versa 4
2026-05-21T08:06:30Z,0,0,-304,Versa 4
2026-05-21T08:06:31Z,0,0,304,Versa 4
2026-05-21T08:06:32Z,0,0,-304,Versa 4
2026-05-21T08:06:33Z,0,0,-609,Versa 4
2026-05-21T08:06:34Z,0,0,609,Versa 4
2026-05-21T08:06:35Z,0,0,304,Versa 4
2026-05-21T08:06:36Z,0,0,-609,Versa 4
2026-05-21T08:06:37Z,0,0,304,Versa 4
2026-05-21T08:06:38Z,0,0,304,Versa 4
2026-05-21T08:06:39Z,0,0,609,Versa 4
2026-05-21T08:06:40Z,0,0,-609,Versa 4
2026-05-21T08:06:41Z,0,0,0,Versa 4
2026-05-21T08:06:42Z,0,0,0,Versa 4
2026-05-21T08:06:43Z,0,0,0,Versa 4
2026-05-21T08:06:44Z,0,0,-609,Versa 4
2026-05-21T08:06:45Z,0,0,914,Versa 4
2026-05-21T08:06:46Z,0,0,-304,Versa 4
2026-05-21T08:06:47Z,0,0,304,Versa 4
2026-05-21T08:06:48Z,0,0,-304,Versa 4
2026-05-21T08:06:49Z,0,0,0,Versa 4
2026-05-21T08:06:50Z,0,0,304,Versa 4
2026-05-21T08:06:51Z,0,0,-304,Versa 4
2026-05-21T08:06:52Z,0,0,304,Versa 4
2026-05-21T08:06:53Z,0,0,0,Versa 4
2026-05-21T08:06:54Z,0,0,-609,Versa 4
2026-05-21T08:06:55Z,0,0,609,Versa 4
2026-05-21T08:06:56Z,0,0,0,Versa 4
2026-05-21T08:06:57Z,0,0,-304,Versa 4
2026-05-21T08:06:58Z,0,0,0,Versa 4
2026-05-21T08:06:59Z,0,0,304,Versa 4
2026-05-21T08:07:00Z,0,0,-609,Versa 4
2026-05-21T08:07:01Z,0,0,0,Versa 4
2026-05-21T08:07:02Z,0,0,914,Versa 4
2026-05-21T08:07:03Z,0,0,-304,Versa 4
2026-05-21T08:07:04Z,0,0,304,Versa 4
2026-05-21T08:07:05Z,0,0,-304,Versa 4
2026-05-21T08:07:06Z,0,0,0,Versa 4
2026-05-21T08:07:07Z,0,0,-304,Versa 4
2026-05-21T08:07:08Z,0,0,0,Versa 4
2026-05-21T08:07:09Z,0,0,304,Versa 4
2026-05-21T08:07:10Z,0,0,-609,Versa 4
2026-05-21T08:07:11Z,0,0,609,Versa 4
2026-05-21T08:07:12Z,0,0,0,Versa 4
2026-05-21T08:07:13Z,0,0,-304,Versa 4
2026-05-21T08:07:14Z,0,0,0,Versa 4
2026-05-21T08:07:15Z,0,0,0,Versa 4
2026-05-21T08:07:16Z,0,0,304,Versa 4
2026-05-21T08:07:17Z,0,0,0,Versa 4
2026-05-21T08:07:18Z,0,0,0,Versa 4
2026-05-21T08:07:19Z,0,0,304,Versa 4
2026-05-21T08:07:20Z,0,0,-609,Versa 4
2026-05-21T08:07:21Z,0,0,0,Versa 4
2026-05-21T08:07:22Z,0,0,0,Versa 4
2026-05-21T08:07:23Z,0,0,304,Versa 4
2026-05-21T08:07:24Z,0,0,-304,Versa 4
2026-05-21T08:07:25Z,0,0,-304,Versa 4
2026-05-21T08:07:26Z,0,0,609,Versa 4
2026-05-21T08:07:27Z,0,0,304,Versa 4
2026-05-21T08:07:28Z,0,0,-609,Versa 4
2026-05-21T08:07:29Z,0,0,304,Versa 4
2026-05-21T08:07:30Z,0,0,0,Versa 4
2026-05-21T08:07:31Z,0,0,304,Versa 4
2026-05-21T08:07:32Z,0,0,-304,Versa 4
2026-05-21T08:29:47Z,0,0,0,Versa 4
2026-05-21T08:29:48Z,2,0,0,Versa 4
2026-05-21T08:29:49Z,1,170,-304,Versa 4
2026-05-21T08:29:50Z,2,280,-609,Versa 4
2026-05-21T08:29:51Z,2,420,304,Versa 4
2026-05-21T08:29:52Z,2,600,304,Versa 4
2026-05-21T08:29:53Z,1,700,0,Versa 4
2026-05-21T08:29:54Z,2,810,304,Versa 4
2026-05-21T08:29:55Z,2,900,-609,Versa 4
2026-05-21T08:29:56Z,1,940,609,Versa 4
2026-05-21T08:29:57Z,2,970,-609,Versa 4
2026-05-21T08:29:58Z,2,1020,0,Versa 4
2026-05-21T08:29:59Z,2,1310,304,Versa 4
2026-05-21T08:30:00Z,1,1320,0,Versa 4
2026-05-21T08:30:01Z,2,1340,0,Versa 4
2026-05-21T08:30:02Z,2,1370,-304,Versa 4
2026-05-21T08:30:03Z,1,1360,-304,Versa 4
2026-05-21T08:30:04Z,2,1330,609,Versa 4
2026-05-21T08:30:05Z,2,1370,0,Versa 4
2026-05-21T08:30:06Z,1,1340,-304,Versa 4
2026-05-21T08:30:07Z,1,1340,-304,Versa 4
2026-05-21T08:30:08Z,2,1350,304,Versa 4
2026-05-21T08:30:09Z,2,1370,-304,Versa 4
2026-05-21T08:30:10Z,1,1380,0,Versa 4
2026-05-21T08:30:11Z,2,1360,609,Versa 4
2026-05-21T08:30:12Z,1,1370,-304,Versa 4
2026-05-21T08:30:13Z,1,1360,-304,Versa 4
2026-05-21T08:30:14Z,3,1360,609,Versa 4
2026-05-21T08:30:15Z,2,1380,-609,Versa 4
2026-05-21T08:30:16Z,2,1400,0,Versa 4
2026-05-21T08:30:17Z,2,1450,-304,Versa 4
2026-05-21T08:30:18Z,1,1500,0,Versa 4
2026-05-21T08:30:19Z,2,1490,0,Versa 4
2026-05-21T08:30:20Z,2,1490,-914,Versa 4
2026-05-21T08:30:21Z,1,1490,304,Versa 4
2026-05-21T08:30:22Z,2,1490,304,Versa 4
2026-05-21T08:30:23Z,1,1470,304,Versa 4
2026-05-21T08:30:24Z,2,1480,0,Versa 4
2026-05-21T08:30:25Z,1,1470,-304,Versa 4
2026-05-21T08:30:26Z,2,1460,914,Versa 4
2026-05-21T08:30:27Z,1,1450,-609,Versa 4
2026-05-21T08:30:28Z,3,1460,914,Versa 4
2026-05-21T08:30:29Z,1,1450,-609,Versa 4
2026-05-21T08:30:30Z,1,1450,0,Versa 4
2026-05-21T08:30:31Z,1,1430,0,Versa 4
2026-05-21T08:30:32Z,4,1490,-1219,Versa 4
2026-05-21T08:30:33Z,1,1470,304,Versa 4
2026-05-21T08:30:34Z,2,1480,-304,Versa 4
2026-05-21T08:30:35Z,1,1480,304,Versa 4
2026-05-21T08:30:36Z,0,1470,609,Versa 4
2026-05-21T08:30:37Z,0,1270,609,Versa 4
2026-05-21T08:30:38Z,0,1070,-304,Versa 4
2026-05-21T08:30:39Z,0,0,0,Versa 4
2026-05-21T08:30:40Z,0,0,0,Versa 4
2026-05-21T08:30:41Z,0,0,-609,Versa 4
2026-05-21T08:30:42Z,0,0,304,Versa 4
2026-05-21T08:30:43Z,0,0,-609,Versa 4
2026-05-21T08:30:44Z,0,0,0,Versa 4
2026-05-21T08:30:45Z,0,0,304,Versa 4
2026-05-21T08:30:46Z,0,0,-304,Versa 4
2026-05-21T08:30:47Z,0,0,-304,Versa 4
2026-05-21T08:30:48Z,0,0,609,Versa 4
2026-05-21T08:30:49Z,0,0,-609,Versa 4
2026-05-21T08:30:50Z,0,0,0,Versa 4
2026-05-21T08:30:51Z,0,0,0,Versa 4
2026-05-21T08:30:52Z,0,0,609,Versa 4
2026-05-21T08:30:53Z,0,0,-304,Versa 4
2026-05-21T08:30:54Z,0,0,0,Versa 4
2026-05-21T08:30:55Z,0,0,304,Versa 4
2026-05-21T08:30:56Z,0,0,-304,Versa 4
2026-05-21T08:30:57Z,0,0,0,Versa 4
2026-05-21T08:30:58Z,0,0,0,Versa 4
2026-05-21T08:30:59Z,0,0,0,Versa 4
2026-05-21T08:31:00Z,0,0,-304,Versa 4
2026-05-21T08:31:01Z,0,0,0,Versa 4
2026-05-21T08:31:02Z,0,0,0,Versa 4
2026-05-21T08:31:03Z,0,0,0,Versa 4
2026-05-21T08:31:04Z,0,0,0,Versa 4
2026-05-21T08:31:05Z,0,0,304,Versa 4
2026-05-21T08:31:06Z,0,0,0,Versa 4
2026-05-21T08:31:07Z,0,0,0,Versa 4
2026-05-21T08:31:08Z,0,0,-609,Versa 4
2026-05-21T08:31:09Z,0,0,304,Versa 4
2026-05-21T08:31:10Z,0,0,304,Versa 4
2026-05-21T08:31:11Z,0,0,0,Versa 4
2026-05-21T08:31:12Z,0,0,0,Versa 4
2026-05-21T08:31:13Z,0,0,0,Versa 4
2026-05-21T08:31:14Z,0,0,-304,Versa 4
2026-05-21T08:31:15Z,0,0,-304,Versa 4
2026-05-21T08:31:16Z,0,0,609,Versa 4
2026-05-21T08:31:17Z,0,0,0,Versa 4
2026-05-21T08:31:18Z,0,0,-304,Versa 4
2026-05-21T08:31:19Z,0,0,0,Versa 4
2026-05-21T08:31:20Z,0,0,-304,Versa 4
2026-05-21T08:31:21Z,0,0,304,Versa 4
2026-05-21T08:31:22Z,0,0,304,Versa 4
2026-05-21T08:31:23Z,0,0,-304,Versa 4
2026-05-21T08:31:24Z,0,0,0,Versa 4
2026-05-21T08:31:25Z,0,0,-304,Versa 4
2026-05-21T08:31:26Z,0,0,304,Versa 4
2026-05-21T08:31:27Z,0,0,-304,Versa 4
2026-05-21T08:31:28Z,0,0,0,Versa 4
2026-05-21T08:31:29Z,0,0,0,Versa 4
2026-05-21T08:31:30Z,0,0,304,Versa 4
2026-05-21T08:31:31Z,0,0,-304,Versa 4
2026-05-21T08:31:32Z,0,0,0,Versa 4
2026-05-21T08:31:33Z,0,0,609,Versa 4
2026-05-21T08:31:34Z,0,0,-304,Versa 4
2026-05-21T08:31:35Z,0,0,-304,Versa 4
2026-05-21T08:31:36Z,0,0,0,Versa 4
2026-05-21T08:31:37Z,0,0,609,Versa 4
2026-05-21T08:31:38Z,0,0,-304,Versa 4
2026-05-21T08:31:39Z,0,0,0,Versa 4
2026-05-21T08:31:40Z,0,0,0,Versa 4
2026-05-21T08:31:41Z,0,0,0,Versa 4
2026-05-21T08:31:42Z,0,0,-304,Versa 4
2026-05-21T08:31:43Z,0,0,609,Versa 4
2026-05-21T08:31:44Z,0,0,-609,Versa 4
2026-05-21T08:31:45Z,0,0,304,Versa 4
2026-05-21T08:31:46Z,0,0,0,Versa 4
2026-05-21T08:31:47Z,2,0,-304,Versa 4
2026-05-21T08:31:48Z,2,0,-304,Versa 4
2026-05-21T08:31:49Z,0,0,304,Versa 4
2026-05-21T08:31:50Z,0,0,609,Versa 4
2026-05-21T08:31:51Z,0,0,-914,Versa 4
2026-05-21T08:31:52Z,0,0,304,Versa 4
2026-05-21T08:31:53Z,0,0,0,Versa 4
2026-05-21T08:31:54Z,0,0,0,Versa 4
2026-05-21T08:31:55Z,0,0,0,Versa 4
2026-05-21T08:31:56Z,0,0,0,Versa 4
2026-05-21T08:31:57Z,0,0,-304,Versa 4
2026-05-21T08:31:58Z,0,0,0,Versa 4
2026-05-21T08:31:59Z,0,0,0,Versa 4
2026-05-21T08:32:00Z,0,0,0,Versa 4
2026-05-21T08:32:01Z,0,0,0,Versa 4
2026-05-21T08:32:02Z,0,0,304,Versa 4
2026-05-21T08:32:03Z,0,0,304,Versa 4
2026-05-21T08:32:04Z,0,0,-914,Versa 4
2026-05-21T08:32:05Z,0,0,914,Versa 4
2026-05-21T08:32:06Z,0,0,0,Versa 4
2026-05-21T08:32:07Z,0,0,-609,Versa 4
2026-05-21T08:32:08Z,0,0,0,Versa 4
2026-05-21T08:32:09Z,0,0,609,Versa 4
2026-05-21T08:32:10Z,0,0,-609,Versa 4
2026-05-21T08:32:11Z,0,0,609,Versa 4
2026-05-21T08:32:12Z,0,0,-609,Versa 4
2026-05-21T08:32:13Z,0,0,0,Versa 4
2026-05-21T08:32:14Z,0,0,609,Versa 4
2026-05-21T08:32:15Z,0,0,304,Versa 4
2026-05-21T08:32:16Z,0,0,-609,Versa 4
2026-05-21T08:32:17Z,0,0,-304,Versa 4
2026-05-21T08:32:18Z,0,0,304,Versa 4
2026-05-21T08:32:19Z,0,0,0,Versa 4
2026-05-21T08:32:20Z,0,0,304,Versa 4
2026-05-21T08:32:21Z,0,0,-304,Versa 4
2026-05-21T08:32:22Z,0,0,0,Versa 4
2026-05-21T08:32:23Z,0,0,304,Versa 4
2026-05-21T08:32:24Z,0,0,-609,Versa 4
2026-05-21T08:32:25Z,0,0,304,Versa 4
2026-05-21T08:32:26Z,0,0,0,Versa 4
2026-05-21T08:32:27Z,0,0,-304,Versa 4
2026-05-21T08:32:28Z,0,0,0,Versa 4
2026-05-21T08:32:29Z,0,0,304,Versa 4
2026-05-21T08:32:30Z,0,0,304,Versa 4
2026-05-21T08:32:31Z,0,0,-304,Versa 4
2026-05-21T08:32:32Z,0,0,0,Versa 4
2026-05-21T08:32:33Z,0,0,0,Versa 4
2026-05-21T08:32:34Z,0,0,0,Versa 4
2026-05-21T08:32:35Z,0,0,-304,Versa 4
2026-05-21T08:32:36Z,0,0,609,Versa 4
2026-05-21T08:32:37Z,0,0,-304,Versa 4
2026-05-21T08:32:38Z,0,0,-304,Versa 4
2026-05-21T08:32:39Z,0,0,304,Versa 4
2026-05-21T08:32:40Z,0,0,-304,Versa 4
2026-05-21T08:32:41Z,0,0,609,Versa 4
2026-05-21T08:32:42Z,0,0,-304,Versa 4
2026-05-21T08:32:43Z,0,0,-304,Versa 4
2026-05-21T08:32:44Z,0,0,304,Versa 4
2026-05-21T08:32:45Z,0,0,0,Versa 4
2026-05-21T08:32:46Z,0,0,0,Versa 4
2026-05-21T08:32:47Z,0,0,0,Versa 4
2026-05-21T08:32:48Z,0,0,-304,Versa 4
2026-05-21T08:32:49Z,0,0,609,Versa 4
2026-05-21T08:32:50Z,0,0,-304,Versa 4
2026-05-21T08:32:51Z,0,0,-304,Versa 4
2026-05-21T08:32:52Z,0,0,0,Versa 4
2026-05-21T08:32:53Z,0,0,0,Versa 4
2026-05-21T08:32:54Z,0,0,304,Versa 4
2026-05-21T08:32:55Z,0,0,-304,Versa 4
2026-05-21T08:32:56Z,0,0,304,Versa 4
2026-05-21T08:32:57Z,0,0,0,Versa 4
2026-05-21T08:32:58Z,0,0,-304,Versa 4
2026-05-21T08:32:59Z,0,0,0,Versa 4
2026-05-21T08:33:00Z,0,0,0,Versa 4
2026-05-21T08:33:01Z,0,0,304,Versa 4
2026-05-21T08:33:02Z,0,0,-304,Versa 4
2026-05-21T08:33:03Z,0,0,304,Versa 4
2026-05-21T08:33:04Z,0,0,0,Versa 4
2026-05-21T08:33:05Z,0,0,304,Versa 4
2026-05-21T08:33:06Z,0,0,-609,Versa 4
2026-05-21T08:33:07Z,0,0,304,Versa 4
2026-05-21T08:33:08Z,0,0,304,Versa 4
2026-05-21T08:33:09Z,0,0,304,Versa 4
2026-05-21T08:33:10Z,0,0,0,Versa 4
2026-05-21T08:33:11Z,0,0,-609,Versa 4
2026-05-21T08:33:12Z,0,0,304,Versa 4
2026-05-21T08:33:13Z,0,0,304,Versa 4
2026-05-21T08:33:14Z,0,0,-304,Versa 4
2026-05-21T08:33:15Z,0,0,609,Versa 4
2026-05-21T08:33:16Z,0,0,-304,Versa 4
2026-05-21T08:33:17Z,0,0,-304,Versa 4
2026-05-21T08:33:18Z,0,0,609,Versa 4
2026-05-21T08:33:19Z,0,0,-304,Versa 4
2026-05-21T08:33:20Z,0,0,304,Versa 4
2026-05-21T08:33:21Z,0,0,-609,Versa 4
2026-05-21T08:33:22Z,0,0,304,Versa 4
2026-05-21T08:33:23Z,0,0,304,Versa 4
2026-05-21T08:33:24Z,0,0,0,Versa 4
2026-05-21T08:33:25Z,0,0,0,Versa 4
2026-05-21T08:33:26Z,0,0,0,Versa 4
2026-05-21T08:33:27Z,0,0,-609,Versa 4
2026-05-21T08:33:28Z,2,0,0,Versa 4
2026-05-21T08:33:29Z,2,0,0,Versa 4
2026-05-21T08:33:30Z,0,0,609,Versa 4
2026-05-21T08:33:31Z,0,0,-304,Versa 4
2026-05-21T08:33:32Z,0,0,0,Versa 4
2026-05-21T08:33:33Z,0,0,-304,Versa 4
2026-05-21T08:33:34Z,0,0,0,Versa 4
2026-05-21T08:33:35Z,0,0,0,Versa 4
2026-05-21T08:33:36Z,0,0,0,Versa 4
2026-05-21T08:33:37Z,0,0,0,Versa 4
2026-05-21T08:33:38Z,0,0,-304,Versa 4
2026-05-21T08:33:39Z,0,0,304,Versa 4
2026-05-21T08:33:40Z,0,0,0,Versa 4
2026-05-21T08:33:41Z,0,0,0,Versa 4
2026-05-21T08:33:42Z,0,0,304,Versa 4
2026-05-21T08:33:43Z,0,0,-914,Versa 4
2026-05-21T08:33:44Z,0,0,304,Versa 4
2026-05-21T08:33:45Z,0,0,0,Versa 4
2026-05-21T08:33:46Z,0,0,0,Versa 4
2026-05-21T08:33:47Z,0,0,0,Versa 4
2026-05-21T08:33:48Z,0,0,-304,Versa 4
2026-05-21T08:33:49Z,0,0,304,Versa 4
2026-05-21T08:33:50Z,0,0,-304,Versa 4
2026-05-21T08:33:51Z,0,0,304,Versa 4
2026-05-21T08:33:52Z,0,0,0,Versa 4
2026-05-21T08:33:53Z,0,0,-304,Versa 4
2026-05-21T08:33:54Z,0,0,609,Versa 4
2026-05-21T08:33:55Z,0,0,-304,Versa 4
2026-05-21T08:33:56Z,0,0,0,Versa 4
2026-05-21T08:33:57Z,0,0,609,Versa 4
2026-05-21T08:33:58Z,0,0,609,Versa 4
2026-05-21T08:33:59Z,0,0,-609,Versa 4
2026-05-21T08:34:00Z,0,0,0,Versa 4
2026-05-21T08:34:01Z,0,0,-304,Versa 4
2026-05-21T08:34:02Z,0,0,304,Versa 4
2026-05-21T08:34:03Z,0,0,0,Versa 4
2026-05-21T08:34:04Z,0,0,0,Versa 4
2026-05-21T08:34:05Z,0,0,0,Versa 4
2026-05-21T08:34:06Z,0,0,304,Versa 4
2026-05-21T08:34:07Z,0,0,-304,Versa 4
2026-05-21T08:34:08Z,0,0,0,Versa 4
2026-05-21T08:34:09Z,0,0,304,Versa 4
2026-05-21T08:34:10Z,0,0,-304,Versa 4
2026-05-21T08:34:11Z,0,0,0,Versa 4
2026-05-21T08:34:12Z,0,0,-609,Versa 4
2026-05-21T08:34:13Z,0,0,0,Versa 4
2026-05-21T08:34:14Z,0,0,609,Versa 4
2026-05-21T08:34:15Z,0,0,0,Versa 4
2026-05-21T08:34:16Z,0,0,0,Versa 4
2026-05-21T08:34:17Z,0,0,0,Versa 4
2026-05-21T08:34:18Z,0,0,-304,Versa 4
2026-05-21T08:34:19Z,0,0,-609,Versa 4
2026-05-21T08:34:20Z,0,0,609,Versa 4
2026-05-21T08:34:21Z,2,0,-304,Versa 4
2026-05-21T08:34:22Z,0,0,0,Versa 4
2026-05-21T08:34:23Z,1,0,-304,Versa 4
2026-05-21T08:34:24Z,1,0,0,Versa 4
2026-05-21T08:34:25Z,0,0,0,Versa 4
2026-05-21T08:34:26Z,2,0,0,Versa 4
2026-05-21T08:34:27Z,2,0,0,Versa 4
2026-05-21T08:34:28Z,1,0,914,Versa 4
2026-05-21T08:34:29Z,1,150,0,Versa 4
2026-05-21T08:34:30Z,1,300,-914,Versa 4
2026-05-21T08:34:31Z,2,500,609,Versa 4
2026-05-21T08:34:32Z,0,640,304,Versa 4
2026-05-21T08:34:33Z,0,750,0,Versa 4
2026-05-21T08:34:34Z,0,680,0,Versa 4
2026-05-21T08:34:35Z,0,0,0,Versa 4
2026-05-21T08:34:36Z,0,0,0,Versa 4
2026-05-21T08:34:37Z,0,0,0,Versa 4
2026-05-21T08:34:38Z,0,0,-609,Versa 4
2026-05-21T08:34:39Z,0,0,0,Versa 4
2026-05-21T08:34:40Z,0,0,-304,Versa 4
2026-05-21T08:34:41Z,0,0,304,Versa 4
2026-05-21T08:34:42Z,0,0,609,Versa 4
2026-05-21T08:34:43Z,0,0,-914,Versa 4
2026-05-21T08:34:44Z,0,0,0,Versa 4
2026-05-21T08:34:45Z,0,0,304,Versa 4
2026-05-21T08:34:46Z,0,0,609,Versa 4
2026-05-21T08:34:47Z,0,0,-609,Versa 4
2026-05-21T08:34:48Z,0,0,0,Versa 4
2026-05-21T08:34:49Z,0,0,304,Versa 4
2026-05-21T08:34:50Z,0,0,-609,Versa 4
2026-05-21T08:34:51Z,0,0,609,Versa 4
2026-05-21T08:34:52Z,0,0,-304,Versa 4
2026-05-21T09:42:08Z,0,0,0,Versa 4
2026-05-21T09:42:09Z,1,0,609,Versa 4
2026-05-21T09:42:10Z,0,0,-1219,Versa 4
2026-05-21T09:42:11Z,1,0,-304,Versa 4
2026-05-21T09:42:12Z,2,240,-304,Versa 4
2026-05-21T09:42:13Z,1,340,0,Versa 4
2026-05-21T09:42:14Z,2,440,304,Versa 4
2026-05-21T09:42:15Z,0,520,-304,Versa 4
2026-05-21T09:42:16Z,0,550,0,Versa 4
2026-05-21T09:42:17Z,0,520,0,Versa 4
2026-05-21T09:42:18Z,0,0,0,Versa 4
2026-05-21T09:42:19Z,0,0,304,Versa 4
2026-05-21T09:42:20Z,0,0,-304,Versa 4
2026-05-21T09:42:21Z,0,0,609,Versa 4
2026-05-21T09:42:22Z,1,0,0,Versa 4
2026-05-21T09:42:23Z,1,0,304,Versa 4
2026-05-21T09:42:24Z,2,0,-609,Versa 4
2026-05-21T09:42:25Z,2,0,304,Versa 4
2026-05-21T09:42:26Z,2,0,304,Versa 4
2026-05-21T09:42:27Z,1,0,-304,Versa 4
2026-05-21T09:42:28Z,3,130,304,Versa 4
2026-05-21T09:42:29Z,2,310,0,Versa 4
2026-05-21T09:42:30Z,1,470,304,Versa 4
2026-05-21T09:42:31Z,2,680,-304,Versa 4
2026-05-21T09:42:32Z,2,890,0,Versa 4
2026-05-21T09:42:33Z,1,940,-304,Versa 4
2026-05-21T09:42:34Z,2,990,1219,Versa 4
2026-05-21T09:42:35Z,2,1070,-1219,Versa 4
2026-05-21T09:42:36Z,1,1080,304,Versa 4
2026-05-21T09:42:37Z,2,1100,609,Versa 4
2026-05-21T09:42:38Z,2,1300,0,Versa 4
2026-05-21T09:42:39Z,3,1380,914,Versa 4
2026-05-21T09:42:40Z,1,1390,-1524,Versa 4
2026-05-21T09:42:41Z,2,1460,-304,Versa 4
2026-05-21T09:42:42Z,2,1490,0,Versa 4
2026-05-21T09:42:43Z,2,1520,0,Versa 4
2026-05-21T09:42:44Z,1,1520,304,Versa 4
2026-05-21T09:42:45Z,2,1500,-304,Versa 4
2026-05-21T09:42:46Z,2,1490,0,Versa 4
2026-05-21T09:42:47Z,2,1480,304,Versa 4
2026-05-21T09:42:48Z,2,1470,0,Versa 4
2026-05-21T09:42:49Z,1,1470,0,Versa 4
2026-05-21T09:42:50Z,2,1480,0,Versa 4
2026-05-21T09:42:51Z,2,1470,-304,Versa 4
2026-05-21T09:42:52Z,1,1470,304,Versa 4
2026-05-21T09:42:53Z,2,1460,0,Versa 4
2026-05-21T09:42:54Z,2,1460,-304,Versa 4
2026-05-21T09:42:55Z,2,1460,304,Versa 4
2026-05-21T09:42:56Z,1,1460,0,Versa 4
2026-05-21T09:42:57Z,2,1460,-304,Versa 4
2026-05-21T09:42:58Z,2,1460,304,Versa 4
2026-05-21T09:42:59Z,2,1460,-304,Versa 4
2026-05-21T09:43:00Z,1,1460,0,Versa 4
2026-05-21T09:43:01Z,2,1450,0,Versa 4
2026-05-21T09:43:02Z,2,1450,304,Versa 4
2026-05-21T09:43:03Z,2,1460,-304,Versa 4
2026-05-21T09:43:04Z,2,1450,-304,Versa 4
2026-05-21T09:43:05Z,1,1450,304,Versa 4
2026-05-21T09:43:06Z,2,1460,0,Versa 4
2026-05-21T09:43:07Z,2,1450,-304,Versa 4
2026-05-21T09:43:08Z,2,1450,609,Versa 4
2026-05-21T09:43:09Z,1,1460,-304,Versa 4
2026-05-21T09:43:10Z,2,1450,0,Versa 4
2026-05-21T09:43:11Z,1,1440,0,Versa 4
2026-05-21T09:43:12Z,2,1450,304,Versa 4
2026-05-21T09:43:13Z,2,1440,-304,Versa 4
2026-05-21T09:43:14Z,1,1430,304,Versa 4
2026-05-21T09:43:15Z,2,1430,0,Versa 4
2026-05-21T09:43:16Z,1,1430,0,Versa 4
2026-05-21T09:43:17Z,1,1350,-304,Versa 4
2026-05-21T09:43:18Z,2,1300,0,Versa 4
2026-05-21T09:43:19Z,1,1300,0,Versa 4
2026-05-21T09:43:20Z,3,1300,0,Versa 4
2026-05-21T09:43:21Z,3,1370,304,Versa 4
2026-05-21T09:43:22Z,1,1440,-304,Versa 4
2026-05-21T09:43:23Z,2,1470,-304,Versa 4
2026-05-21T09:43:24Z,1,1520,304,Versa 4
2026-05-21T09:43:25Z,2,1520,-304,Versa 4
2026-05-21T09:43:26Z,1,1410,0,Versa 4
2026-05-21T09:43:27Z,2,1410,0,Versa 4
2026-05-21T09:43:28Z,1,1350,0,Versa 4
2026-05-21T09:43:29Z,2,1340,0,Versa 4
2026-05-21T09:43:30Z,2,1350,0,Versa 4
2026-05-21T09:43:31Z,2,1340,0,Versa 4
2026-05-21T09:43:32Z,2,1340,0,Versa 4
2026-05-21T09:43:33Z,1,1350,0,Versa 4
2026-05-21T09:43:34Z,2,1360,-304,Versa 4
2026-05-21T09:43:35Z,2,1350,304,Versa 4
2026-05-21T09:43:36Z,2,1360,0,Versa 4
2026-05-21T09:43:37Z,2,1360,0,Versa 4
2026-05-21T09:43:38Z,1,1360,0,Versa 4
2026-05-21T09:43:39Z,2,1350,0,Versa 4
2026-05-21T09:43:40Z,2,1370,0,Versa 4
2026-05-21T09:43:41Z,2,1370,0,Versa 4
2026-05-21T09:43:42Z,2,1370,0,Versa 4
2026-05-21T09:43:43Z,1,1370,0,Versa 4
2026-05-21T09:43:44Z,2,1380,0,Versa 4
2026-05-21T09:43:45Z,2,1370,0,Versa 4
2026-05-21T09:43:46Z,2,1380,0,Versa 4
2026-05-21T09:43:47Z,1,1370,0,Versa 4
2026-05-21T09:43:48Z,2,1380,0,Versa 4
2026-05-21T09:43:49Z,2,1380,0,Versa 4
2026-05-21T09:43:50Z,1,1370,0,Versa 4
2026-05-21T09:43:51Z,2,1380,304,Versa 4
2026-05-21T09:43:52Z,2,1370,0,Versa 4
2026-05-21T09:43:53Z,2,1390,-304,Versa 4
2026-05-21T09:43:54Z,1,1370,0,Versa 4
2026-05-21T09:43:55Z,2,1380,304,Versa 4
2026-05-21T09:43:56Z,2,1390,0,Versa 4
2026-05-21T09:43:57Z,2,1380,0,Versa 4
2026-05-21T09:43:58Z,1,1380,-304,Versa 4
2026-05-21T09:43:59Z,2,1390,304,Versa 4
2026-05-21T09:44:00Z,2,1380,-304,Versa 4
2026-05-21T09:44:01Z,2,1380,-304,Versa 4
2026-05-21T09:44:02Z,2,1390,0,Versa 4
2026-05-21T09:44:03Z,2,1390,-609,Versa 4
2026-05-21T09:44:04Z,1,1400,609,Versa 4
2026-05-21T09:44:05Z,2,1400,0,Versa 4
2026-05-21T09:44:06Z,2,1400,0,Versa 4
2026-05-21T09:44:07Z,2,1400,0,Versa 4
2026-05-21T09:44:08Z,2,1400,609,Versa 4
2026-05-21T09:44:09Z,2,1400,0,Versa 4
2026-05-21T09:44:10Z,1,1390,-304,Versa 4
2026-05-21T09:44:11Z,2,1410,0,Versa 4
2026-05-21T09:44:12Z,2,1410,0,Versa 4
2026-05-21T09:44:13Z,2,1400,0,Versa 4
2026-05-21T09:44:14Z,1,1410,304,Versa 4
2026-05-21T09:44:15Z,2,1400,-304,Versa 4
2026-05-21T09:44:16Z,2,1410,0,Versa 4
2026-05-21T09:44:17Z,2,1410,-304,Versa 4
2026-05-21T09:44:18Z,1,1400,-304,Versa 4
2026-05-21T09:44:19Z,2,1410,304,Versa 4
2026-05-21T09:44:20Z,2,1410,0,Versa 4
2026-05-21T09:44:21Z,1,1400,-609,Versa 4
2026-05-21T09:44:22Z,2,1400,304,Versa 4
2026-05-21T09:44:23Z,2,1400,609,Versa 4
2026-05-21T09:44:24Z,2,1410,-609,Versa 4
2026-05-21T09:44:25Z,1,1390,-609,Versa 4
2026-05-21T09:44:26Z,2,1400,304,Versa 4
2026-05-21T09:44:27Z,2,1410,304,Versa 4
2026-05-21T09:44:28Z,2,1400,-304,Versa 4
2026-05-21T09:44:29Z,2,1410,304,Versa 4
2026-05-21T09:44:30Z,1,1410,304,Versa 4
2026-05-21T09:44:31Z,2,1400,-304,Versa 4
2026-05-21T09:44:32Z,2,1410,0,Versa 4
2026-05-21T09:44:33Z,1,1410,-304,Versa 4
2026-05-21T09:44:34Z,2,1400,304,Versa 4
2026-05-21T09:44:35Z,2,1410,0,Versa 4
2026-05-21T09:44:36Z,1,1400,0,Versa 4
2026-05-21T09:44:37Z,2,1400,304,Versa 4
2026-05-21T09:44:38Z,2,1390,-304,Versa 4
2026-05-21T09:44:39Z,1,1400,0,Versa 4
2026-05-21T09:44:40Z,2,1400,609,Versa 4
2026-05-21T09:44:41Z,2,1400,0,Versa 4
2026-05-21T09:44:42Z,1,1390,-609,Versa 4
2026-05-21T09:44:43Z,2,1390,0,Versa 4
2026-05-21T09:44:44Z,2,1390,0,Versa 4
2026-05-21T09:44:45Z,1,1390,0,Versa 4
2026-05-21T09:44:46Z,2,1390,0,Versa 4
2026-05-21T09:44:47Z,1,1390,-304,Versa 4
2026-05-21T09:44:48Z,2,1380,304,Versa 4
2026-05-21T09:44:49Z,2,1380,0,Versa 4
2026-05-21T09:44:50Z,1,1380,0,Versa 4
2026-05-21T09:44:51Z,2,1380,-304,Versa 4
2026-05-21T09:44:52Z,1,1370,304,Versa 4
2026-05-21T09:44:53Z,2,1380,0,Versa 4
2026-05-21T09:44:54Z,1,1370,0,Versa 4
2026-05-21T09:44:55Z,2,1360,0,Versa 4
2026-05-21T09:44:56Z,1,1360,0,Versa 4
2026-05-21T09:44:57Z,2,1360,-304,Versa 4
2026-05-21T09:44:58Z,1,1350,0,Versa 4
2026-05-21T09:44:59Z,2,1350,304,Versa 4
2026-05-21T09:45:00Z,1,1350,0,Versa 4
2026-05-21T09:45:01Z,2,1340,-304,Versa 4
2026-05-21T09:45:02Z,2,1350,304,Versa 4
2026-05-21T09:45:03Z,2,1340,0,Versa 4
2026-05-21T09:45:04Z,1,1340,-304,Versa 4
2026-05-21T09:45:05Z,2,1350,304,Versa 4
2026-05-21T09:45:06Z,2,1350,304,Versa 4
2026-05-21T09:45:07Z,1,1350,-609,Versa 4
2026-05-21T09:45:08Z,1,1340,609,Versa 4
2026-05-21T09:45:09Z,1,1340,-1219,Versa 4
2026-05-21T09:45:10Z,2,1340,0,Versa 4
2026-05-21T09:45:11Z,0,1200,609,Versa 4
2026-05-21T09:45:12Z,1,1060,0,Versa 4
2026-05-21T09:45:13Z,2,0,0,Versa 4
2026-05-21T09:45:14Z,1,1800,-609,Versa 4
2026-05-21T09:45:15Z,2,890,914,Versa 4
2026-05-21T09:45:16Z,1,940,-304,Versa 4
2026-05-21T09:45:17Z,2,1050,304,Versa 4
2026-05-21T09:45:18Z,2,1270,-609,Versa 4
2026-05-21T09:45:19Z,3,1360,304,Versa 4
2026-05-21T09:45:20Z,1,1390,0,Versa 4
2026-05-21T09:45:21Z,0,1380,-304,Versa 4
2026-05-21T09:45:22Z,2,1370,0,Versa 4
2026-05-21T09:45:23Z,2,1380,-304,Versa 4
2026-05-21T09:45:24Z,1,1270,609,Versa 4
2026-05-21T09:45:25Z,2,1280,304,Versa 4
2026-05-21T09:45:26Z,2,1310,-304,Versa 4
2026-05-21T09:45:27Z,3,1390,914,Versa 4
2026-05-21T09:45:28Z,2,1450,-609,Versa 4
2026-05-21T09:45:29Z,1,1490,0,Versa 4
2026-05-21T09:45:30Z,2,1520,0,Versa 4
2026-05-21T09:45:31Z,0,1520,-609,Versa 4
2026-05-21T09:45:32Z,2,1330,609,Versa 4
2026-05-21T09:45:33Z,1,0,0,Versa 4
2026-05-21T09:45:34Z,2,0,0,Versa 4
2026-05-21T09:45:35Z,2,1800,0,Versa 4
2026-05-21T09:45:36Z,0,660,-609,Versa 4
2026-05-21T09:45:37Z,1,640,304,Versa 4
2026-05-21T09:45:38Z,0,0,-304,Versa 4
2026-05-21T09:45:39Z,2,0,0,Versa 4
2026-05-21T09:45:40Z,2,0,0,Versa 4
2026-05-21T09:45:41Z,2,1670,-304,Versa 4
2026-05-21T09:45:42Z,2,520,609,Versa 4
2026-05-21T09:45:43Z,1,670,0,Versa 4
2026-05-21T09:45:44Z,2,840,0,Versa 4
2026-05-21T09:45:45Z,1,1010,-609,Versa 4
2026-05-21T09:45:46Z,1,1040,609,Versa 4
2026-05-21T09:45:47Z,2,1040,0,Versa 4
2026-05-21T09:45:48Z,2,1040,0,Versa 4
2026-05-21T09:45:49Z,1,1040,0,Versa 4
2026-05-21T09:45:50Z,2,1060,304,Versa 4
2026-05-21T09:45:51Z,1,1060,-1219,Versa 4
2026-05-21T09:45:52Z,0,1110,304,Versa 4
2026-05-21T09:45:53Z,1,1030,914,Versa 4
2026-05-21T09:45:54Z,0,940,0,Versa 4
2026-05-21T09:45:55Z,2,0,-609,Versa 4
2026-05-21T09:45:56Z,1,0,304,Versa 4
2026-05-21T09:45:57Z,1,0,0,Versa 4
2026-05-21T09:45:58Z,0,0,0,Versa 4
2026-05-21T09:45:59Z,2,0,0,Versa 4
2026-05-21T09:46:00Z,0,0,304,Versa 4
2026-05-21T09:46:01Z,2,170,609,Versa 4
2026-05-21T09:46:02Z,0,280,0,Versa 4
2026-05-21T09:46:03Z,0,370,-609,Versa 4
2026-05-21T09:46:04Z,0,900,-609,Versa 4
2026-05-21T09:46:05Z,0,0,609,Versa 4
2026-05-21T09:46:06Z,0,0,-304,Versa 4
2026-05-21T09:46:07Z,0,0,0,Versa 4
2026-05-21T09:46:08Z,1,0,-609,Versa 4
2026-05-21T09:46:09Z,2,0,914,Versa 4
2026-05-21T09:46:10Z,3,180,-304,Versa 4
2026-05-21T09:46:11Z,2,360,609,Versa 4
2026-05-21T09:46:12Z,2,570,-1219,Versa 4
2026-05-21T09:46:13Z,2,820,0,Versa 4
2026-05-21T09:46:14Z,1,1040,304,Versa 4
2026-05-21T09:46:15Z,2,1130,609,Versa 4
2026-05-21T09:46:16Z,1,1150,0,Versa 4
2026-05-21T09:46:17Z,3,1210,-1524,Versa 4
2026-05-21T09:46:18Z,1,1210,609,Versa 4
2026-05-21T09:46:19Z,2,1260,609,Versa 4
2026-05-21T09:46:20Z,1,1310,0,Versa 4
2026-05-21T09:46:21Z,1,1300,-304,Versa 4
2026-05-21T09:46:22Z,3,1310,-609,Versa 4
2026-05-21T09:46:23Z,0,1290,304,Versa 4
2026-05-21T09:46:24Z,1,1290,609,Versa 4
2026-05-21T09:46:25Z,1,1280,-609,Versa 4
2026-05-21T09:46:26Z,1,1280,914,Versa 4
2026-05-21T09:46:27Z,1,1120,0,Versa 4
2026-05-21T09:46:28Z,2,1110,304,Versa 4
2026-05-21T09:46:29Z,0,1110,304,Versa 4
2026-05-21T09:46:30Z,1,1100,-304,Versa 4
2026-05-21T09:46:31Z,2,1100,-609,Versa 4
2026-05-21T09:46:32Z,1,1090,609,Versa 4
2026-05-21T09:46:33Z,3,1090,-609,Versa 4
2026-05-21T09:46:34Z,2,1180,304,Versa 4
2026-05-21T09:46:35Z,2,1290,-304,Versa 4
2026-05-21T09:46:36Z,2,1380,-304,Versa 4
2026-05-21T09:46:37Z,1,1430,0,Versa 4
2026-05-21T09:46:38Z,2,1440,304,Versa 4
2026-05-21T09:46:39Z,2,1440,-914,Versa 4
2026-05-21T09:46:40Z,2,1450,0,Versa 4
2026-05-21T09:46:41Z,2,1440,304,Versa 4
2026-05-21T09:46:42Z,1,1450,0,Versa 4
2026-05-21T09:46:43Z,1,1440,0,Versa 4
2026-05-21T09:46:44Z,1,1440,304,Versa 4
2026-05-21T09:46:45Z,1,1320,0,Versa 4
2026-05-21T09:46:46Z,1,1190,609,Versa 4
2026-05-21T09:46:47Z,1,1090,-304,Versa 4
2026-05-21T09:46:48Z,1,1020,0,Versa 4
2026-05-21T09:46:49Z,0,930,609,Versa 4
2026-05-21T09:46:50Z,1,790,-609,Versa 4
2026-05-21T09:46:51Z,2,0,0,Versa 4
2026-05-21T09:46:52Z,2,0,304,Versa 4
2026-05-21T09:46:53Z,0,0,304,Versa 4
2026-05-21T09:46:54Z,1,0,-1219,Versa 4
2026-05-21T09:46:55Z,1,0,304,Versa 4
2026-05-21T09:46:56Z,1,0,-304,Versa 4
2026-05-21T09:46:57Z,2,160,609,Versa 4
2026-05-21T09:46:58Z,2,360,0,Versa 4
2026-05-21T09:46:59Z,2,580,609,Versa 4
2026-05-21T09:47:00Z,1,770,-304,Versa 4
2026-05-21T09:47:01Z,3,1050,0,Versa 4
2026-05-21T09:47:02Z,0,1090,-304,Versa 4
2026-05-21T09:47:03Z,3,1170,-609,Versa 4
2026-05-21T09:47:04Z,2,1210,-304,Versa 4
2026-05-21T09:47:05Z,1,1260,0,Versa 4
2026-05-21T09:47:06Z,1,1210,-304,Versa 4
2026-05-21T09:47:07Z,0,1280,3048,Versa 4
2026-05-21T09:47:08Z,2,1260,-1219,Versa 4
2026-05-21T09:47:09Z,3,1260,-1524,Versa 4
2026-05-21T09:47:10Z,1,1260,609,Versa 4
2026-05-21T09:47:11Z,2,1260,304,Versa 4
2026-05-21T09:47:12Z,2,1350,-609,Versa 4
2026-05-21T09:47:13Z,3,1470,0,Versa 4
2026-05-21T09:47:14Z,1,1460,0,Versa 4
2026-05-21T09:47:15Z,2,1500,-304,Versa 4
2026-05-21T09:47:16Z,1,1500,-304,Versa 4
2026-05-21T09:47:17Z,2,1490,304,Versa 4
2026-05-21T09:47:18Z,3,1490,-304,Versa 4
2026-05-21T09:47:19Z,2,1520,304,Versa 4
2026-05-21T09:47:20Z,2,1550,304,Versa 4
2026-05-21T09:47:21Z,1,1560,-304,Versa 4
2026-05-21T09:47:22Z,1,1570,-914,Versa 4
2026-05-21T09:47:23Z,3,1560,-914,Versa 4
2026-05-21T09:47:24Z,2,1550,304,Versa 4
2026-05-21T09:47:25Z,3,1570,609,Versa 4
2026-05-21T09:47:26Z,2,1630,0,Versa 4
2026-05-21T09:47:27Z,2,1700,914,Versa 4
2026-05-21T09:47:28Z,2,1700,914,Versa 4
2026-05-21T09:47:29Z,1,1710,-609,Versa 4
2026-05-21T09:47:30Z,2,1690,304,Versa 4
2026-05-21T09:47:31Z,1,1590,-304,Versa 4
2026-05-21T09:47:32Z,2,1530,304,Versa 4
2026-05-21T09:47:33Z,1,1420,0,Versa 4
2026-05-21T09:47:34Z,3,1420,609,Versa 4
2026-05-21T09:47:35Z,1,1420,-609,Versa 4
2026-05-21T09:47:36Z,2,1430,304,Versa 4
2026-05-21T09:47:37Z,0,1340,-304,Versa 4
2026-05-21T09:47:38Z,1,1300,-609,Versa 4
2026-05-21T09:47:39Z,1,1170,609,Versa 4
2026-05-21T09:47:40Z,2,1110,-1219,Versa 4
2026-05-21T09:47:41Z,1,1040,304,Versa 4
2026-05-21T09:47:42Z,1,1030,609,Versa 4
2026-05-21T09:47:43Z,0,970,304,Versa 4
2026-05-21T09:47:44Z,1,840,0,Versa 4
2026-05-21T09:47:45Z,1,0,-1524,Versa 4
2026-05-21T09:47:46Z,1,0,609,Versa 4
2026-05-21T09:47:47Z,3,0,304,Versa 4
2026-05-21T09:47:48Z,3,0,-914,Versa 4
2026-05-21T09:47:49Z,1,0,609,Versa 4
2026-05-21T09:47:50Z,1,0,-304,Versa 4
2026-05-21T09:47:51Z,2,0,-609,Versa 4
2026-05-21T09:47:52Z,2,160,0,Versa 4
2026-05-21T09:47:53Z,2,350,1219,Versa 4
2026-05-21T09:47:54Z,2,570,-304,Versa 4
2026-05-21T09:47:55Z,2,810,304,Versa 4
2026-05-21T09:47:56Z,1,1030,609,Versa 4
2026-05-21T09:47:57Z,2,1120,-304,Versa 4
2026-05-21T09:47:58Z,3,1230,-609,Versa 4
2026-05-21T09:47:59Z,2,1300,-914,Versa 4
2026-05-21T09:48:00Z,3,1400,1524,Versa 4
2026-05-21T09:48:01Z,2,1510,0,Versa 4
2026-05-21T09:48:02Z,2,1680,-609,Versa 4
2026-05-21T09:48:03Z,2,1700,609,Versa 4
2026-05-21T09:48:04Z,1,1680,609,Versa 4
2026-05-21T09:48:05Z,1,1670,-1219,Versa 4
2026-05-21T09:48:06Z,1,1660,609,Versa 4
2026-05-21T09:48:07Z,1,1480,-609,Versa 4
2026-05-21T09:48:08Z,2,1350,609,Versa 4
2026-05-21T09:48:09Z,2,1350,-914,Versa 4
2026-05-21T09:48:10Z,2,1360,304,Versa 4
2026-05-21T09:48:11Z,1,1340,0,Versa 4
2026-05-21T09:48:12Z,1,1340,609,Versa 4
2026-05-21T09:48:13Z,3,1360,914,Versa 4
2026-05-21T09:48:14Z,1,1340,-609,Versa 4
2026-05-21T09:48:15Z,1,1340,-304,Versa 4
2026-05-21T09:48:16Z,2,1350,304,Versa 4
2026-05-21T09:48:17Z,2,1340,0,Versa 4
2026-05-21T09:48:18Z,2,1340,-304,Versa 4
2026-05-21T09:48:19Z,1,1350,0,Versa 4
2026-05-21T09:48:20Z,1,1330,304,Versa 4
2026-05-21T09:48:21Z,2,1340,0,Versa 4
2026-05-21T09:48:22Z,3,1340,-914,Versa 4
2026-05-21T09:48:23Z,2,1350,-304,Versa 4
2026-05-21T09:48:24Z,3,1450,1219,Versa 4
2026-05-21T09:48:25Z,1,1530,0,Versa 4
2026-05-21T09:48:26Z,2,1600,0,Versa 4
2026-05-21T09:48:27Z,2,1590,-914,Versa 4
2026-05-21T09:48:28Z,2,1590,-304,Versa 4
2026-05-21T09:48:29Z,0,1480,609,Versa 4
2026-05-21T09:48:30Z,3,1480,-304,Versa 4
2026-05-21T09:48:31Z,2,1470,304,Versa 4
2026-05-21T09:48:32Z,2,1480,0,Versa 4
2026-05-21T09:48:33Z,2,1480,914,Versa 4
2026-05-21T09:48:34Z,3,1590,-304,Versa 4
2026-05-21T09:48:35Z,1,1590,-304,Versa 4
2026-05-21T09:48:36Z,2,1600,-609,Versa 4
2026-05-21T09:48:37Z,3,1640,-304,Versa 4
2026-05-21T09:48:38Z,2,1670,304,Versa 4
2026-05-21T09:48:39Z,2,1670,609,Versa 4
2026-05-21T09:48:40Z,2,1700,609,Versa 4
2026-05-21T09:48:41Z,1,1690,0,Versa 4
2026-05-21T09:48:42Z,1,1600,304,Versa 4
2026-05-21T09:48:43Z,3,1590,-609,Versa 4
2026-05-21T09:48:44Z,1,1510,304,Versa 4
2026-05-21T09:48:45Z,1,1430,-609,Versa 4
2026-05-21T09:48:46Z,3,1420,609,Versa 4
2026-05-21T09:48:47Z,0,1410,-304,Versa 4
2026-05-21T09:48:48Z,2,1350,304,Versa 4
2026-05-21T09:48:49Z,1,1290,-609,Versa 4
2026-05-21T09:48:50Z,2,1280,609,Versa 4
2026-05-21T09:48:51Z,3,1290,-304,Versa 4
2026-05-21T09:48:52Z,3,1420,304,Versa 4
2026-05-21T09:48:53Z,1,1420,0,Versa 4
2026-05-21T09:48:54Z,3,1550,0,Versa 4
2026-05-21T09:48:55Z,1,1600,304,Versa 4
2026-05-21T09:48:56Z,2,1610,-304,Versa 4
2026-05-21T09:48:57Z,3,1610,304,Versa 4
2026-05-21T09:48:58Z,3,1680,-304,Versa 4
2026-05-21T09:48:59Z,1,1690,0,Versa 4
2026-05-21T09:49:00Z,2,1710,0,Versa 4
2026-05-21T09:49:01Z,2,1710,-304,Versa 4
2026-05-21T09:49:02Z,2,1710,0,Versa 4
2026-05-21T09:49:03Z,2,1710,-304,Versa 4
2026-05-21T09:49:04Z,3,1700,304,Versa 4
2026-05-21T09:49:05Z,3,1760,-304,Versa 4
2026-05-21T09:49:06Z,1,1760,304,Versa 4
2026-05-21T09:49:07Z,3,1810,0,Versa 4
2026-05-21T09:49:08Z,1,1800,304,Versa 4
2026-05-21T09:49:09Z,1,1800,304,Versa 4
2026-05-21T09:49:10Z,1,1710,-914,Versa 4
2026-05-21T09:49:11Z,3,1650,-304,Versa 4
2026-05-21T09:49:12Z,1,1650,914,Versa 4
2026-05-21T09:49:13Z,2,1560,0,Versa 4
2026-05-21T09:49:14Z,1,1490,-304,Versa 4
2026-05-21T09:49:15Z,1,1440,304,Versa 4
2026-05-21T09:49:16Z,3,1390,-304,Versa 4
2026-05-21T09:49:17Z,2,1410,304,Versa 4
2026-05-21T09:49:18Z,2,1410,304,Versa 4
2026-05-21T09:49:19Z,2,1410,-304,Versa 4
2026-05-21T09:49:20Z,1,1410,0,Versa 4
2026-05-21T09:49:21Z,1,1390,0,Versa 4
2026-05-21T09:52:06Z,0,0,0,Versa 4
2026-05-21T09:52:07Z,0,0,609,Versa 4
2026-05-21T09:52:08Z,0,0,0,Versa 4
2026-05-21T09:52:09Z,0,0,304,Versa 4
2026-05-21T09:52:10Z,0,0,-914,Versa 4
2026-05-21T09:52:11Z,0,290,1219,Versa 4
2026-05-21T09:52:12Z,0,540,0,Versa 4
2026-05-21T09:52:13Z,0,870,-304,Versa 4
2026-05-21T09:52:14Z,0,1200,304,Versa 4
2026-05-21T09:52:15Z,0,1490,0,Versa 4
2026-05-21T09:52:16Z,0,1760,-304,Versa 4
2026-05-21T09:52:17Z,0,2030,609,Versa 4
2026-05-21T09:52:18Z,0,2310,-914,Versa 4
2026-05-21T09:52:19Z,0,2480,-609,Versa 4
2026-05-21T09:52:20Z,0,2520,2133,Versa 4
2026-05-21T09:52:21Z,0,2500,-1524,Versa 4
2026-05-21T09:52:22Z,0,2500,-304,Versa 4
2026-05-21T09:52:23Z,0,2530,609,Versa 4
2026-05-21T09:52:24Z,0,2700,0,Versa 4
2026-05-21T09:52:25Z,0,2760,-609,Versa 4
2026-05-21T09:52:26Z,4,3030,0,Versa 4
2026-05-21T09:52:27Z,4,3030,0,Versa 4
2026-05-21T09:52:28Z,1,3110,0,Versa 4
2026-05-21T09:52:29Z,1,3270,-304,Versa 4
2026-05-21T09:52:30Z,3,3410,0,Versa 4
2026-05-21T09:52:31Z,2,3370,0,Versa 4
2026-05-21T09:52:32Z,2,3690,0,Versa 4
2026-05-21T09:52:33Z,2,3900,-914,Versa 4
2026-05-21T09:52:34Z,2,4000,0,Versa 4
2026-05-21T09:52:35Z,0,4150,914,Versa 4
2026-05-21T09:52:36Z,0,4130,-609,Versa 4
2026-05-21T09:52:37Z,0,4340,304,Versa 4
2026-05-21T09:52:38Z,0,4340,304,Versa 4
2026-05-21T09:52:39Z,0,4290,0,Versa 4
2026-05-21T09:52:40Z,0,4300,0,Versa 4
2026-05-21T09:52:41Z,0,4350,-304,Versa 4
2026-05-21T09:52:42Z,0,4390,0,Versa 4
2026-05-21T09:52:43Z,0,4450,609,Versa 4
2026-05-21T09:52:44Z,0,4040,0,Versa 4
2026-05-21T09:52:45Z,4,4040,0,Versa 4
2026-05-21T09:52:46Z,2,3750,-304,Versa 4
2026-05-21T09:52:47Z,0,4070,304,Versa 4
2026-05-21T09:52:48Z,0,3610,304,Versa 4
2026-05-21T09:52:49Z,0,3750,914,Versa 4
2026-05-21T09:52:50Z,0,3540,-609,Versa 4
2026-05-21T09:52:51Z,0,3770,-304,Versa 4
2026-05-21T09:52:52Z,1,3480,304,Versa 4
2026-05-21T09:52:53Z,2,3630,-304,Versa 4
2026-05-21T09:52:54Z,1,3430,0,Versa 4
2026-05-21T09:52:55Z,2,3610,-304,Versa 4
2026-05-21T09:52:56Z,2,3390,304,Versa 4
2026-05-21T09:52:57Z,2,3400,0,Versa 4
2026-05-21T09:52:58Z,1,3250,304,Versa 4
2026-05-21T09:52:59Z,2,3210,0,Versa 4
2026-05-21T09:53:00Z,2,3110,0,Versa 4
2026-05-21T09:53:01Z,1,3390,-304,Versa 4
2026-05-21T09:53:02Z,1,3140,304,Versa 4
2026-05-21T09:53:03Z,0,3150,0,Versa 4
2026-05-21T09:53:04Z,0,2960,-304,Versa 4
2026-05-21T09:53:05Z,0,3110,-304,Versa 4
2026-05-21T09:53:06Z,0,3070,304,Versa 4
2026-05-21T09:53:07Z,0,3280,-609,Versa 4
2026-05-21T09:53:08Z,0,3400,304,Versa 4
2026-05-21T09:53:09Z,0,3520,0,Versa 4
2026-05-21T09:53:10Z,0,3670,304,Versa 4
2026-05-21T09:53:11Z,0,3840,-304,Versa 4
2026-05-21T09:53:12Z,0,3970,-609,Versa 4
2026-05-21T09:53:13Z,0,4040,304,Versa 4
2026-05-21T09:53:14Z,0,4060,-609,Versa 4
2026-05-21T09:53:15Z,0,4330,0,Versa 4
2026-05-21T09:53:16Z,0,4310,0,Versa 4
2026-05-21T09:53:17Z,0,4370,-914,Versa 4
2026-05-21T09:53:18Z,0,4390,914,Versa 4
2026-05-21T09:53:19Z,0,4390,304,Versa 4
2026-05-21T09:53:20Z,0,4370,-304,Versa 4
2026-05-21T09:53:21Z,0,4380,304,Versa 4
2026-05-21T09:53:22Z,0,4390,304,Versa 4
2026-05-21T09:53:23Z,0,4390,-609,Versa 4
2026-05-21T09:53:24Z,0,4340,0,Versa 4
2026-05-21T09:53:25Z,0,4330,-609,Versa 4
2026-05-21T09:53:26Z,0,4340,1219,Versa 4
2026-05-21T09:53:27Z,0,4300,-609,Versa 4
2026-05-21T09:53:28Z,1,4260,914,Versa 4
2026-05-21T09:53:29Z,2,4300,304,Versa 4
2026-05-21T09:53:30Z,1,4320,-304,Versa 4
2026-05-21T09:53:31Z,1,4260,0,Versa 4
2026-05-21T09:53:32Z,0,4240,304,Versa 4
2026-05-21T09:53:33Z,0,4200,-304,Versa 4
2026-05-21T09:53:34Z,0,4200,609,Versa 4
2026-05-21T09:53:35Z,0,3920,304,Versa 4
2026-05-21T09:53:36Z,0,3760,-304,Versa 4
2026-05-21T09:53:37Z,0,3670,304,Versa 4
2026-05-21T09:53:38Z,0,3600,0,Versa 4
2026-05-21T09:53:39Z,0,3440,0,Versa 4
2026-05-21T09:53:40Z,0,3350,0,Versa 4
2026-05-21T09:53:41Z,0,3320,304,Versa 4
2026-05-21T09:53:42Z,0,3150,0,Versa 4
2026-05-21T09:53:43Z,0,3310,0,Versa 4
2026-05-21T09:53:44Z,0,3230,-304,Versa 4
2026-05-21T09:53:45Z,0,3130,0,Versa 4
2026-05-21T09:53:46Z,0,3050,304,Versa 4
2026-05-21T09:53:47Z,0,3030,0,Versa 4
2026-05-21T09:53:48Z,0,3120,-304,Versa 4
2026-05-21T09:53:49Z,0,3490,609,Versa 4
2026-05-21T09:53:50Z,0,3450,-304,Versa 4
2026-05-21T09:53:51Z,0,3410,0,Versa 4
2026-05-21T09:53:52Z,0,3390,0,Versa 4
2026-05-21T09:53:53Z,0,3450,-304,Versa 4
2026-05-21T09:53:54Z,0,3500,-304,Versa 4
2026-05-21T09:53:55Z,0,3750,304,Versa 4
2026-05-21T09:53:56Z,0,3630,-304,Versa 4
2026-05-21T09:53:57Z,0,4190,0,Versa 4
2026-05-21T09:53:58Z,0,4020,0,Versa 4
2026-05-21T09:53:59Z,0,4420,-304,Versa 4
2026-05-21T09:54:00Z,1,4140,304,Versa 4
2026-05-21T09:54:01Z,0,3980,304,Versa 4
2026-05-21T09:54:02Z,0,4130,-304,Versa 4
2026-05-21T09:54:03Z,0,3950,0,Versa 4
2026-05-21T09:54:04Z,0,3970,0,Versa 4
2026-05-21T09:54:05Z,0,3790,0,Versa 4
2026-05-21T09:54:06Z,0,3980,-304,Versa 4
2026-05-21T09:54:07Z,2,3730,609,Versa 4
2026-05-21T09:54:08Z,2,3730,609,Versa 4
2026-05-21T09:54:09Z,0,3860,-304,Versa 4
2026-05-21T09:54:10Z,0,3700,-609,Versa 4
2026-05-21T09:54:11Z,0,3840,609,Versa 4
2026-05-21T09:54:12Z,0,3890,0,Versa 4
2026-05-21T09:54:13Z,0,4030,0,Versa 4
2026-05-21T09:54:14Z,0,4070,0,Versa 4
2026-05-21T09:54:15Z,0,4090,304,Versa 4
2026-05-21T09:54:16Z,0,3990,-304,Versa 4
2026-05-21T09:54:17Z,0,4000,609,Versa 4
2026-05-21T09:54:18Z,0,3960,-304,Versa 4
2026-05-21T09:54:19Z,0,3790,-304,Versa 4
2026-05-21T09:54:20Z,0,3570,0,Versa 4
2026-05-21T09:54:21Z,0,3600,0,Versa 4
2026-05-21T09:54:22Z,0,3330,304,Versa 4
2026-05-21T09:54:23Z,0,3530,0,Versa 4
2026-05-21T09:54:24Z,0,3270,-304,Versa 4
2026-05-21T09:54:25Z,0,3510,609,Versa 4
2026-05-21T09:54:26Z,0,3670,-304,Versa 4
2026-05-21T09:54:27Z,0,3910,304,Versa 4
2026-05-21T09:54:28Z,0,3570,0,Versa 4
2026-05-21T09:54:29Z,0,3680,0,Versa 4
2026-05-21T09:54:30Z,0,3440,0,Versa 4
2026-05-21T09:54:31Z,0,3670,0,Versa 4
2026-05-21T09:54:32Z,0,3460,-304,Versa 4
2026-05-21T09:54:33Z,0,3690,-304,Versa 4
2026-05-21T09:54:34Z,0,3450,-304,Versa 4
2026-05-21T09:54:35Z,0,3770,0,Versa 4
2026-05-21T09:54:36Z,0,3930,304,Versa 4
2026-05-21T09:54:37Z,0,4010,0,Versa 4
2026-05-21T09:54:38Z,0,4060,0,Versa 4
2026-05-21T09:54:39Z,0,4120,-304,Versa 4
2026-05-21T09:54:40Z,0,3730,609,Versa 4
2026-05-21T09:54:41Z,0,3800,-304,Versa 4
2026-05-21T09:54:42Z,0,3510,304,Versa 4
2026-05-21T09:54:43Z,0,3680,-304,Versa 4
2026-05-21T09:54:44Z,0,3360,304,Versa 4
2026-05-21T09:54:45Z,0,3630,-304,Versa 4
2026-05-21T09:54:46Z,0,3290,0,Versa 4
2026-05-21T09:54:47Z,0,3360,304,Versa 4
2026-05-21T09:54:48Z,0,3140,0,Versa 4
2026-05-21T09:54:49Z,0,3200,-609,Versa 4
2026-05-21T09:54:50Z,0,3080,914,Versa 4
2026-05-21T11:16:49Z,1,0,0,Versa 4
2026-05-21T11:16:50Z,2,0,0,Versa 4
2026-05-21T11:16:51Z,2,200,0,Versa 4
2026-05-21T11:16:52Z,2,330,0,Versa 4
2026-05-21T11:16:53Z,1,460,0,Versa 4
2026-05-21T11:16:54Z,2,620,-304,Versa 4
2026-05-21T11:16:55Z,1,720,304,Versa 4
2026-05-21T11:16:56Z,2,800,0,Versa 4
2026-05-21T11:16:57Z,2,860,0,Versa 4
2026-05-21T11:16:58Z,2,940,0,Versa 4
2026-05-21T11:16:59Z,1,960,-304,Versa 4
2026-05-21T11:17:00Z,2,1030,304,Versa 4
2026-05-21T11:17:01Z,2,1310,0,Versa 4
2026-05-21T11:17:02Z,1,1300,-304,Versa 4
2026-05-21T11:17:03Z,2,1310,304,Versa 4
2026-05-21T11:17:04Z,2,1340,0,Versa 4
2026-05-21T11:17:05Z,2,1340,0,Versa 4
2026-05-21T11:17:06Z,1,1320,0,Versa 4
2026-05-21T11:17:07Z,2,1320,304,Versa 4
2026-05-21T11:17:08Z,2,1350,-304,Versa 4
2026-05-21T11:17:09Z,1,1330,0,Versa 4
2026-05-21T11:17:10Z,2,1340,0,Versa 4
2026-05-21T11:17:11Z,2,1360,0,Versa 4
2026-05-21T11:17:12Z,2,1380,-304,Versa 4
2026-05-21T11:17:13Z,1,1380,-304,Versa 4
2026-05-21T11:17:14Z,2,1400,304,Versa 4
2026-05-21T11:17:15Z,2,1420,-304,Versa 4
2026-05-21T11:17:16Z,1,1400,609,Versa 4
2026-05-21T11:17:17Z,2,1410,-609,Versa 4
2026-05-21T11:17:18Z,2,1410,0,Versa 4
2026-05-21T11:17:19Z,2,1430,609,Versa 4
2026-05-21T11:17:20Z,1,1410,-304,Versa 4
2026-05-21T11:17:21Z,2,1410,609,Versa 4
2026-05-21T11:17:22Z,2,1420,-304,Versa 4
2026-05-21T11:17:23Z,1,1410,0,Versa 4
2026-05-21T11:17:24Z,2,1420,-304,Versa 4
2026-05-21T11:17:25Z,2,1410,304,Versa 4
2026-05-21T11:17:26Z,1,1410,0,Versa 4
2026-05-21T11:17:27Z,2,1400,304,Versa 4
2026-05-21T11:17:28Z,2,1410,-304,Versa 4
2026-05-21T11:17:29Z,2,1400,-304,Versa 4
2026-05-21T11:17:30Z,1,1410,304,Versa 4
2026-05-21T11:17:31Z,2,1410,0,Versa 4
2026-05-21T11:17:32Z,2,1400,0,Versa 4
2026-05-21T11:17:33Z,2,1410,0,Versa 4
2026-05-21T11:17:34Z,1,1410,0,Versa 4
2026-05-21T11:17:35Z,2,1400,0,Versa 4
2026-05-21T11:17:36Z,2,1410,-914,Versa 4
2026-05-21T11:17:37Z,1,1400,304,Versa 4
2026-05-21T11:17:38Z,2,1410,0,Versa 4
2026-05-21T11:17:39Z,2,1410,304,Versa 4
2026-05-21T11:17:40Z,2,1400,304,Versa 4
2026-05-21T11:17:41Z,1,1400,0,Versa 4
2026-05-21T11:17:42Z,2,1410,0,Versa 4
2026-05-21T11:17:43Z,2,1400,-304,Versa 4
2026-05-21T11:17:44Z,1,1400,-304,Versa 4
2026-05-21T11:17:45Z,2,1400,-609,Versa 4
2026-05-21T11:17:46Z,2,1400,0,Versa 4
2026-05-21T11:17:47Z,2,1400,-304,Versa 4
2026-05-21T11:17:48Z,1,1400,914,Versa 4
2026-05-21T11:17:49Z,2,1400,-304,Versa 4
2026-05-21T11:17:50Z,2,1390,1219,Versa 4
2026-05-21T11:17:51Z,1,1400,-304,Versa 4
2026-05-21T11:17:52Z,2,1400,304,Versa 4
2026-05-21T11:17:53Z,2,1400,-609,Versa 4
2026-05-21T11:17:54Z,2,1400,609,Versa 4
2026-05-21T11:17:55Z,2,1400,-304,Versa 4
2026-05-21T11:17:56Z,1,1390,-304,Versa 4
2026-05-21T11:17:57Z,2,1410,0,Versa 4
2026-05-21T11:17:58Z,2,1410,304,Versa 4
2026-05-21T11:17:59Z,2,1400,0,Versa 4
2026-05-21T11:18:00Z,1,1410,304,Versa 4
2026-05-21T11:18:01Z,2,1410,-304,Versa 4
2026-05-21T11:18:02Z,2,1400,0,Versa 4
2026-05-21T11:18:03Z,1,1400,0,Versa 4
2026-05-21T11:18:04Z,2,1400,304,Versa 4
2026-05-21T11:18:05Z,2,1400,-304,Versa 4
2026-05-21T11:18:06Z,2,1400,304,Versa 4
2026-05-21T11:18:07Z,1,1390,-304,Versa 4
2026-05-21T11:18:08Z,2,1400,0,Versa 4
2026-05-21T11:18:09Z,2,1400,0,Versa 4
2026-05-21T11:18:10Z,2,1410,0,Versa 4
2026-05-21T11:18:11Z,1,1400,0,Versa 4
2026-05-21T11:18:12Z,2,1390,0,Versa 4
2026-05-21T11:18:13Z,2,1410,0,Versa 4
2026-05-21T11:18:14Z,2,1410,0,Versa 4
2026-05-21T11:18:15Z,1,1390,0,Versa 4
2026-05-21T11:18:16Z,2,1410,0,Versa 4
2026-05-21T11:18:17Z,2,1410,304,Versa 4
2026-05-21T11:18:18Z,1,1400,609,Versa 4
2026-05-21T11:18:19Z,2,1390,0,Versa 4
2026-05-21T11:18:20Z,2,1400,-914,Versa 4
2026-05-21T11:18:21Z,2,1400,304,Versa 4
2026-05-21T11:18:22Z,1,1400,304,Versa 4
2026-05-21T11:18:23Z,2,1400,0,Versa 4
2026-05-21T11:18:24Z,2,1400,-304,Versa 4
2026-05-21T11:18:25Z,2,1390,0,Versa 4
2026-05-21T11:18:26Z,1,1400,0,Versa 4
2026-05-21T11:18:27Z,2,1400,0,Versa 4
2026-05-21T11:18:28Z,2,1400,0,Versa 4
2026-05-21T11:18:29Z,2,1410,0,Versa 4
2026-05-21T11:18:30Z,1,1390,0,Versa 4
2026-05-21T11:18:31Z,2,1400,-304,Versa 4
2026-05-21T11:18:32Z,2,1410,0,Versa 4
2026-05-21T11:18:33Z,1,1400,0,Versa 4
2026-05-21T11:18:34Z,2,1400,0,Versa 4
2026-05-21T11:18:35Z,2,1390,0,Versa 4
2026-05-21T11:18:36Z,2,1400,304,Versa 4
2026-05-21T11:18:37Z,1,1400,-304,Versa 4
2026-05-21T11:18:38Z,2,1400,0,Versa 4
2026-05-21T11:18:39Z,2,1400,-304,Versa 4
2026-05-21T11:18:40Z,1,1400,609,Versa 4
2026-05-21T11:18:41Z,2,1400,-304,Versa 4
2026-05-21T11:18:42Z,2,1390,304,Versa 4
2026-05-21T11:18:43Z,1,1390,-304,Versa 4
2026-05-21T11:18:44Z,2,1400,304,Versa 4
2026-05-21T11:18:45Z,2,1390,-304,Versa 4
2026-05-21T11:18:46Z,2,1390,-304,Versa 4
2026-05-21T11:18:47Z,1,1390,0,Versa 4
2026-05-21T11:18:48Z,2,1390,304,Versa 4
2026-05-21T11:18:49Z,2,1390,-304,Versa 4
2026-05-21T11:18:50Z,2,1390,0,Versa 4
2026-05-21T11:18:51Z,1,1390,304,Versa 4
2026-05-21T11:18:52Z,2,1390,0,Versa 4
2026-05-21T11:18:53Z,2,1390,-304,Versa 4
2026-05-21T11:18:54Z,1,1390,0,Versa 4
2026-05-21T11:18:55Z,2,1380,-304,Versa 4
2026-05-21T11:18:56Z,2,1390,304,Versa 4
2026-05-21T11:18:57Z,1,1390,0,Versa 4
2026-05-21T11:18:58Z,2,1380,0,Versa 4
2026-05-21T11:18:59Z,2,1380,0,Versa 4
2026-05-21T11:19:00Z,1,1390,0,Versa 4
2026-05-21T11:19:01Z,2,1380,0,Versa 4
2026-05-21T11:19:02Z,1,1370,0,Versa 4
2026-05-21T11:19:03Z,2,1380,0,Versa 4
2026-05-21T11:19:04Z,2,1370,0,Versa 4
2026-05-21T11:19:05Z,1,1380,-304,Versa 4
2026-05-21T11:19:06Z,2,1370,304,Versa 4
2026-05-21T11:19:07Z,2,1370,0,Versa 4
2026-05-21T11:19:08Z,1,1370,0,Versa 4
2026-05-21T11:19:09Z,2,1360,0,Versa 4
2026-05-21T11:19:10Z,2,1370,0,Versa 4
2026-05-21T11:19:11Z,1,1370,0,Versa 4
2026-05-21T11:19:12Z,2,1370,0,Versa 4
2026-05-21T11:19:13Z,2,1360,304,Versa 4
2026-05-21T11:19:14Z,1,1370,-609,Versa 4
2026-05-21T11:19:15Z,2,1370,304,Versa 4
2026-05-21T11:19:16Z,2,1370,0,Versa 4
2026-05-21T11:19:17Z,1,1360,0,Versa 4
2026-05-21T11:19:18Z,2,1360,0,Versa 4
2026-05-21T11:19:19Z,1,1360,-304,Versa 4
2026-05-21T11:19:20Z,2,1360,304,Versa 4
2026-05-21T11:19:21Z,2,1360,0,Versa 4
2026-05-21T11:19:22Z,1,1360,0,Versa 4
2026-05-21T11:19:23Z,2,1350,609,Versa 4
2026-05-21T11:19:24Z,2,1360,0,Versa 4
2026-05-21T11:19:25Z,1,1350,-609,Versa 4
2026-05-21T11:19:26Z,2,1350,0,Versa 4
2026-05-21T11:19:27Z,1,1350,304,Versa 4
2026-05-21T11:19:28Z,2,1360,-304,Versa 4
2026-05-21T11:19:29Z,1,1340,0,Versa 4
2026-05-21T11:19:30Z,2,1340,0,Versa 4
2026-05-21T11:19:31Z,2,1350,0,Versa 4
2026-05-21T11:19:32Z,1,1340,0,Versa 4
2026-05-21T11:19:33Z,2,1350,0,Versa 4
2026-05-21T11:19:34Z,1,1330,0,Versa 4
2026-05-21T11:19:35Z,2,1340,0,Versa 4
2026-05-21T11:19:36Z,2,1330,0,Versa 4
2026-05-21T11:19:37Z,1,1340,0,Versa 4
2026-05-21T11:19:38Z,2,1330,0,Versa 4
2026-05-21T11:19:39Z,2,1340,0,Versa 4
2026-05-21T11:19:40Z,1,1340,0,Versa 4
2026-05-21T11:19:41Z,2,1330,-304,Versa 4
2026-05-21T11:19:42Z,1,1340,304,Versa 4
2026-05-21T11:19:43Z,2,1330,-304,Versa 4
2026-05-21T11:19:44Z,1,1330,304,Versa 4
2026-05-21T11:19:45Z,2,1330,0,Versa 4
2026-05-21T11:19:46Z,2,1330,-609,Versa 4
2026-05-21T11:19:47Z,1,1330,-304,Versa 4
2026-05-21T11:19:48Z,2,1330,304,Versa 4
2026-05-21T11:19:49Z,1,1320,-304,Versa 4
2026-05-21T11:19:50Z,2,1320,0,Versa 4
2026-05-21T11:19:51Z,2,1320,0,Versa 4
2026-05-21T11:19:52Z,1,1320,609,Versa 4
2026-05-21T11:19:53Z,2,1320,0,Versa 4
2026-05-21T11:19:54Z,2,1320,304,Versa 4
2026-05-21T11:19:55Z,1,1320,-304,Versa 4
2026-05-21T11:19:56Z,2,1320,-304,Versa 4
2026-05-21T11:19:57Z,1,1320,304,Versa 4
2026-05-21T11:19:58Z,2,1320,0,Versa 4
2026-05-21T11:19:59Z,2,1320,304,Versa 4
2026-05-21T11:20:00Z,1,1320,-304,Versa 4
2026-05-21T11:20:01Z,2,1320,0,Versa 4
2026-05-21T11:20:02Z,2,1320,304,Versa 4
2026-05-21T11:20:03Z,1,1320,-609,Versa 4
2026-05-21T11:20:04Z,2,1320,0,Versa 4
2026-05-21T11:20:05Z,1,1320,609,Versa 4
2026-05-21T11:20:06Z,2,1320,0,Versa 4
2026-05-21T11:20:07Z,1,1310,0,Versa 4
2026-05-21T11:20:08Z,2,1320,0,Versa 4
2026-05-21T11:20:09Z,2,1310,-304,Versa 4
2026-05-21T11:20:10Z,1,1310,609,Versa 4
2026-05-21T11:20:11Z,2,1310,0,Versa 4
2026-05-21T11:20:12Z,1,1320,-304,Versa 4
2026-05-21T11:20:13Z,2,1310,0,Versa 4
2026-05-21T11:20:14Z,2,1310,0,Versa 4
2026-05-21T11:20:15Z,1,1310,-304,Versa 4
2026-05-21T11:20:16Z,2,1320,304,Versa 4
2026-05-21T11:20:17Z,1,1310,-304,Versa 4
2026-05-21T11:20:18Z,2,1310,304,Versa 4
2026-05-21T11:20:19Z,2,1310,0,Versa 4
2026-05-21T11:20:20Z,1,1300,0,Versa 4
2026-05-21T11:20:21Z,2,1300,-609,Versa 4
2026-05-21T11:20:22Z,1,1310,304,Versa 4
2026-05-21T11:20:23Z,2,1300,304,Versa 4
2026-05-21T11:20:24Z,1,1310,0,Versa 4
2026-05-21T11:20:25Z,2,1300,-304,Versa 4
2026-05-21T11:20:26Z,2,1310,0,Versa 4
2026-05-21T11:20:27Z,2,1310,0,Versa 4
2026-05-21T11:20:28Z,1,1300,-304,Versa 4
2026-05-21T11:20:29Z,2,1310,0,Versa 4
2026-05-21T11:20:30Z,1,1300,609,Versa 4
2026-05-21T11:20:31Z,2,1310,-304,Versa 4
2026-05-21T11:20:32Z,2,1300,304,Versa 4
2026-05-21T11:20:33Z,1,1300,0,Versa 4
2026-05-21T11:20:34Z,2,1300,0,Versa 4
2026-05-21T11:20:35Z,1,1290,-304,Versa 4
2026-05-21T11:20:36Z,2,1300,304,Versa 4
2026-05-21T11:20:37Z,1,1300,304,Versa 4
2026-05-21T11:20:38Z,2,1290,0,Versa 4
2026-05-21T11:20:39Z,1,1290,0,Versa 4
2026-05-21T11:20:40Z,2,1290,-304,Versa 4
2026-05-21T11:20:41Z,1,1290,0,Versa 4
2026-05-21T11:20:42Z,2,1290,0,Versa 4
2026-05-21T11:20:43Z,1,1280,304,Versa 4
2026-05-21T11:20:44Z,2,1280,-304,Versa 4
2026-05-21T11:20:45Z,2,1280,-304,Versa 4
2026-05-21T11:20:46Z,1,1280,304,Versa 4
2026-05-21T11:20:47Z,2,1290,-304,Versa 4
2026-05-21T11:20:48Z,1,1280,0,Versa 4
2026-05-21T11:20:49Z,2,1280,0,Versa 4
2026-05-21T11:20:50Z,1,1280,-304,Versa 4
2026-05-21T11:20:51Z,2,1280,609,Versa 4
2026-05-21T11:20:52Z,1,1270,0,Versa 4
2026-05-21T11:20:53Z,2,1290,0,Versa 4
2026-05-21T11:20:54Z,1,1270,-304,Versa 4
2026-05-21T11:20:55Z,2,1270,0,Versa 4
2026-05-21T11:20:56Z,1,1280,0,Versa 4
2026-05-21T11:20:57Z,2,1270,0,Versa 4
2026-05-21T11:20:58Z,2,1270,304,Versa 4
2026-05-21T11:20:59Z,1,1280,304,Versa 4
2026-05-21T11:21:00Z,2,1270,-609,Versa 4
2026-05-21T11:21:01Z,1,1270,609,Versa 4
2026-05-21T11:21:02Z,2,1280,-304,Versa 4
2026-05-21T11:21:03Z,1,1270,0,Versa 4
2026-05-21T11:21:04Z,2,1270,0,Versa 4
2026-05-21T11:21:05Z,1,1270,-304,Versa 4
2026-05-21T11:21:06Z,2,1260,0,Versa 4
2026-05-21T11:21:07Z,2,1270,304,Versa 4
2026-05-21T11:21:08Z,1,1270,0,Versa 4
2026-05-21T11:21:09Z,2,1260,-304,Versa 4
2026-05-21T11:21:10Z,1,1270,0,Versa 4
2026-05-21T11:21:11Z,1,1270,304,Versa 4
2026-05-21T11:21:12Z,2,1270,0,Versa 4
2026-05-21T11:21:13Z,2,1260,0,Versa 4
2026-05-21T11:21:14Z,1,1260,-304,Versa 4
2026-05-21T11:21:15Z,2,1260,304,Versa 4
2026-05-21T11:21:16Z,2,1300,-304,Versa 4
2026-05-21T11:21:17Z,0,1310,304,Versa 4
2026-05-21T11:21:18Z,0,1180,0,Versa 4
2026-05-21T11:21:19Z,2,1040,304,Versa 4
2026-05-21T11:21:20Z,1,0,-304,Versa 4
2026-05-21T11:21:21Z,2,640,0,Versa 4
2026-05-21T11:21:22Z,2,710,0,Versa 4
2026-05-21T11:21:23Z,1,810,0,Versa 4
2026-05-21T11:21:24Z,2,940,0,Versa 4
2026-05-21T11:21:25Z,2,1140,-304,Versa 4
2026-05-21T11:21:26Z,1,1150,304,Versa 4
2026-05-21T11:21:27Z,2,1180,0,Versa 4
2026-05-21T11:21:28Z,2,1220,0,Versa 4
2026-05-21T11:21:29Z,1,1230,0,Versa 4
2026-05-21T11:21:30Z,2,1230,0,Versa 4
2026-05-21T11:21:31Z,1,1280,0,Versa 4
2026-05-21T11:21:32Z,2,1290,-304,Versa 4
2026-05-21T11:21:33Z,2,1290,304,Versa 4
2026-05-21T11:21:34Z,2,1330,-304,Versa 4
2026-05-21T11:21:35Z,1,1330,304,Versa 4
2026-05-21T11:21:36Z,2,1330,-304,Versa 4
2026-05-21T11:21:37Z,2,1330,-304,Versa 4
2026-05-21T11:21:38Z,1,1340,0,Versa 4
2026-05-21T11:21:39Z,2,1330,609,Versa 4
2026-05-21T11:21:40Z,2,1340,0,Versa 4
2026-05-21T11:21:41Z,1,1340,0,Versa 4
2026-05-21T11:21:42Z,2,1330,0,Versa 4
2026-05-21T11:21:43Z,1,1340,0,Versa 4
2026-05-21T11:21:44Z,2,1330,0,Versa 4
2026-05-21T11:21:45Z,2,1320,304,Versa 4
2026-05-21T11:21:46Z,1,1330,-609,Versa 4
2026-05-21T11:21:47Z,2,1330,304,Versa 4
2026-05-21T11:21:48Z,1,1330,0,Versa 4
2026-05-21T11:21:49Z,2,1330,0,Versa 4
2026-05-21T11:21:50Z,2,1330,0,Versa 4
2026-05-21T11:21:51Z,1,1320,0,Versa 4
2026-05-21T11:21:52Z,2,1330,304,Versa 4
2026-05-21T11:21:53Z,2,1330,-304,Versa 4
2026-05-21T11:21:54Z,1,1330,0,Versa 4
2026-05-21T11:21:55Z,2,1330,0,Versa 4
2026-05-21T11:21:56Z,1,1320,0,Versa 4
2026-05-21T11:21:57Z,1,1320,0,Versa 4
2026-05-21T11:21:58Z,2,1320,0,Versa 4
2026-05-21T11:21:59Z,1,1320,0,Versa 4
2026-05-21T11:22:00Z,2,1320,304,Versa 4
2026-05-21T11:22:01Z,1,1320,0,Versa 4
2026-05-21T11:22:02Z,2,1310,-304,Versa 4
2026-05-21T11:22:03Z,2,1310,-304,Versa 4
2026-05-21T11:22:04Z,1,1310,304,Versa 4
2026-05-21T11:22:05Z,2,1320,304,Versa 4
2026-05-21T11:22:06Z,1,1310,0,Versa 4
2026-05-21T11:22:07Z,2,1310,-609,Versa 4
2026-05-21T11:22:08Z,2,1310,0,Versa 4
2026-05-21T11:22:09Z,1,1320,304,Versa 4
2026-05-21T11:22:10Z,2,1310,0,Versa 4
2026-05-21T11:22:11Z,2,1310,0,Versa 4
2026-05-21T11:22:12Z,1,1310,0,Versa 4
2026-05-21T11:22:13Z,2,1320,0,Versa 4
2026-05-21T11:22:14Z,2,1310,-609,Versa 4
2026-05-21T11:22:15Z,1,1310,609,Versa 4
2026-05-21T11:22:16Z,2,1310,0,Versa 4
2026-05-21T11:22:17Z,2,1330,-304,Versa 4
2026-05-21T11:22:18Z,2,1320,0,Versa 4
2026-05-21T11:22:19Z,1,1320,304,Versa 4
2026-05-21T11:22:20Z,2,1320,0,Versa 4
2026-05-21T11:22:21Z,2,1320,0,Versa 4
2026-05-21T11:22:22Z,1,1330,-609,Versa 4
2026-05-21T11:22:23Z,2,1330,0,Versa 4
2026-05-21T11:22:24Z,2,1330,609,Versa 4
2026-05-21T11:22:25Z,1,1330,0,Versa 4
2026-05-21T11:22:26Z,2,1320,0,Versa 4
2026-05-21T11:22:27Z,1,1330,0,Versa 4
2026-05-21T11:22:28Z,2,1330,-304,Versa 4
2026-05-21T11:22:29Z,2,1320,304,Versa 4
2026-05-21T11:22:30Z,1,1320,0,Versa 4
2026-05-21T11:22:31Z,2,1320,0,Versa 4
2026-05-21T11:22:32Z,2,1330,0,Versa 4
2026-05-21T11:22:33Z,2,1330,0,Versa 4
2026-05-21T11:22:34Z,1,1330,0,Versa 4
2026-05-21T11:22:35Z,2,1320,0,Versa 4
2026-05-21T11:22:36Z,2,1330,-304,Versa 4
2026-05-21T11:22:37Z,1,1320,304,Versa 4
2026-05-21T11:22:38Z,2,1330,-304,Versa 4
2026-05-21T11:22:39Z,1,1330,304,Versa 4
2026-05-21T11:22:40Z,2,1320,-304,Versa 4
2026-05-21T11:22:41Z,2,1320,304,Versa 4
2026-05-21T11:22:42Z,1,1320,0,Versa 4
2026-05-21T11:22:43Z,2,1320,0,Versa 4
2026-05-21T11:22:44Z,1,1320,0,Versa 4
2026-05-21T11:22:45Z,2,1320,0,Versa 4
2026-05-21T11:22:46Z,2,1320,0,Versa 4
2026-05-21T11:22:47Z,1,1320,-304,Versa 4
2026-05-21T11:22:48Z,2,1320,0,Versa 4
2026-05-21T11:22:49Z,2,1320,-304,Versa 4
2026-05-21T11:22:50Z,1,1320,0,Versa 4
2026-05-21T11:22:51Z,2,1320,0,Versa 4
2026-05-21T11:22:52Z,2,1330,0,Versa 4
2026-05-21T11:22:53Z,1,1320,0,Versa 4
2026-05-21T11:22:54Z,2,1320,-304,Versa 4
2026-05-21T11:22:55Z,1,1320,304,Versa 4
2026-05-21T11:22:56Z,2,1320,-304,Versa 4
2026-05-21T11:22:57Z,2,1320,0,Versa 4
2026-05-21T11:22:58Z,1,1320,304,Versa 4
2026-05-21T11:22:59Z,2,1320,-304,Versa 4
2026-05-21T11:23:00Z,2,1320,-304,Versa 4
2026-05-21T11:23:01Z,1,1320,609,Versa 4
2026-05-21T11:23:02Z,2,1320,609,Versa 4
2026-05-21T11:23:03Z,1,1320,0,Versa 4
2026-05-21T11:23:04Z,2,1320,914,Versa 4
2026-05-21T11:23:05Z,2,1320,-609,Versa 4
2026-05-21T11:23:06Z,1,1320,-609,Versa 4
2026-05-21T11:23:07Z,2,1320,304,Versa 4
2026-05-21T11:23:08Z,2,1320,0,Versa 4
2026-05-21T11:23:09Z,1,1320,0,Versa 4
2026-05-21T11:23:10Z,2,1320,304,Versa 4
2026-05-21T11:23:11Z,1,1320,-304,Versa 4
2026-05-21T11:23:12Z,2,1320,304,Versa 4
2026-05-21T11:23:13Z,2,1320,0,Versa 4
2026-05-21T11:23:14Z,1,1310,-304,Versa 4
2026-05-21T11:23:15Z,2,1320,304,Versa 4
2026-05-21T11:23:16Z,1,1310,-304,Versa 4
2026-05-21T13:07:43Z,0,0,0,Versa 4
2026-05-21T13:07:44Z,1,0,0,Versa 4
2026-05-21T13:07:45Z,2,120,-304,Versa 4
2026-05-21T13:07:46Z,2,250,-304,Versa 4
2026-05-21T13:07:47Z,2,400,609,Versa 4
2026-05-21T13:07:48Z,2,570,0,Versa 4
2026-05-21T13:07:49Z,2,750,-304,Versa 4
2026-05-21T13:07:50Z,1,840,0,Versa 4
2026-05-21T13:07:51Z,2,930,304,Versa 4
2026-05-21T13:07:52Z,2,990,-609,Versa 4
2026-05-21T13:07:53Z,2,1040,609,Versa 4
2026-05-21T13:07:54Z,1,1050,-304,Versa 4
2026-05-21T13:07:55Z,2,1330,0,Versa 4
2026-05-21T13:07:56Z,2,1350,-304,Versa 4
2026-05-21T13:07:57Z,2,1390,304,Versa 4
2026-05-21T13:07:58Z,1,1360,0,Versa 4
2026-05-21T13:07:59Z,2,1380,-304,Versa 4
2026-05-21T13:08:00Z,2,1400,0,Versa 4
2026-05-21T13:08:01Z,2,1400,609,Versa 4
2026-05-21T13:08:02Z,2,1430,-609,Versa 4
2026-05-21T13:08:03Z,1,1430,609,Versa 4
2026-05-21T13:08:04Z,2,1430,-609,Versa 4
2026-05-21T13:08:05Z,2,1430,304,Versa 4
2026-05-21T13:08:06Z,2,1440,0,Versa 4
2026-05-21T13:08:07Z,1,1440,0,Versa 4
2026-05-21T13:08:08Z,2,1440,0,Versa 4
2026-05-21T13:08:09Z,2,1430,0,Versa 4
2026-05-21T13:08:10Z,2,1440,-304,Versa 4
2026-05-21T13:08:11Z,1,1440,0,Versa 4
2026-05-21T13:08:12Z,2,1440,0,Versa 4
2026-05-21T13:08:13Z,2,1430,304,Versa 4
2026-05-21T13:08:14Z,2,1440,-304,Versa 4
2026-05-21T13:08:15Z,2,1440,304,Versa 4
2026-05-21T13:08:16Z,1,1440,0,Versa 4
2026-05-21T13:08:17Z,2,1430,0,Versa 4
2026-05-21T13:08:18Z,2,1440,-304,Versa 4
2026-05-21T13:08:19Z,2,1440,0,Versa 4
2026-05-21T13:08:20Z,1,1440,304,Versa 4
2026-05-21T13:08:21Z,1,1440,304,Versa 4
2026-05-21T13:08:22Z,2,1430,-304,Versa 4
2026-05-21T13:08:23Z,2,1440,0,Versa 4
2026-05-21T13:08:24Z,2,1440,0,Versa 4
2026-05-21T13:08:25Z,1,1430,0,Versa 4
2026-05-21T13:08:26Z,2,1430,609,Versa 4
2026-05-21T13:08:27Z,2,1430,-609,Versa 4
2026-05-21T13:08:28Z,2,1430,0,Versa 4
2026-05-21T13:08:29Z,2,1440,-304,Versa 4
2026-05-21T13:08:30Z,1,1440,609,Versa 4
2026-05-21T13:08:31Z,2,1440,-304,Versa 4
2026-05-21T13:08:32Z,2,1430,0,Versa 4
2026-05-21T13:08:33Z,2,1440,304,Versa 4
2026-05-21T13:08:34Z,1,1430,-304,Versa 4
2026-05-21T13:08:35Z,2,1430,304,Versa 4
2026-05-21T13:08:36Z,2,1430,-304,Versa 4
2026-05-21T13:08:37Z,1,1430,304,Versa 4
2026-05-21T13:08:38Z,2,1430,-304,Versa 4
2026-05-21T13:08:39Z,2,1430,609,Versa 4
2026-05-21T13:08:40Z,2,1430,0,Versa 4
2026-05-21T13:08:41Z,1,1420,-609,Versa 4
2026-05-21T13:08:42Z,2,1420,304,Versa 4
2026-05-21T13:08:43Z,2,1430,0,Versa 4
2026-05-21T13:08:44Z,1,1420,0,Versa 4
2026-05-21T13:08:45Z,2,1420,-304,Versa 4
2026-05-21T13:08:46Z,2,1420,304,Versa 4
2026-05-21T13:08:47Z,2,1420,304,Versa 4
2026-05-21T13:08:48Z,1,1420,-609,Versa 4
2026-05-21T13:08:49Z,2,1410,304,Versa 4
2026-05-21T13:08:50Z,2,1420,304,Versa 4
2026-05-21T13:08:51Z,1,1420,-304,Versa 4
2026-05-21T13:08:52Z,2,1410,0,Versa 4
2026-05-21T13:08:53Z,2,1420,0,Versa 4
2026-05-21T13:08:54Z,2,1410,0,Versa 4
2026-05-21T13:08:55Z,1,1410,0,Versa 4
2026-05-21T13:08:56Z,2,1420,-304,Versa 4
2026-05-21T13:08:57Z,2,1410,609,Versa 4
2026-05-21T13:08:58Z,1,1410,0,Versa 4
2026-05-21T13:08:59Z,2,1400,-304,Versa 4
2026-05-21T13:09:00Z,2,1410,304,Versa 4
2026-05-21T13:09:01Z,2,1410,-609,Versa 4
2026-05-21T13:09:02Z,1,1400,304,Versa 4
2026-05-21T13:09:03Z,2,1410,0,Versa 4
2026-05-21T13:09:04Z,2,1410,304,Versa 4
2026-05-21T13:09:05Z,1,1400,-304,Versa 4
2026-05-21T13:09:06Z,2,1410,-304,Versa 4
2026-05-21T13:09:07Z,2,1400,304,Versa 4
2026-05-21T13:09:08Z,1,1400,0,Versa 4
2026-05-21T13:09:09Z,2,1400,0,Versa 4
2026-05-21T13:09:10Z,2,1400,0,Versa 4
2026-05-21T13:09:11Z,2,1400,0,Versa 4
2026-05-21T13:09:12Z,2,1400,304,Versa 4
2026-05-21T13:09:13Z,1,1400,-304,Versa 4
2026-05-21T13:09:14Z,2,1410,0,Versa 4
2026-05-21T13:09:15Z,2,1410,0,Versa 4
2026-05-21T13:09:16Z,1,1400,304,Versa 4
2026-05-21T13:09:17Z,2,1400,-304,Versa 4
2026-05-21T13:09:18Z,2,1400,0,Versa 4
2026-05-21T13:09:19Z,2,1400,0,Versa 4
2026-05-21T13:09:20Z,1,1400,-304,Versa 4
2026-05-21T13:09:21Z,2,1390,0,Versa 4
2026-05-21T13:09:22Z,2,1400,304,Versa 4
2026-05-21T13:09:23Z,1,1400,0,Versa 4
2026-05-21T13:09:24Z,2,1400,0,Versa 4
2026-05-21T13:09:25Z,2,1400,304,Versa 4
2026-05-21T13:09:26Z,2,1400,-304,Versa 4
2026-05-21T13:09:27Z,1,1390,304,Versa 4
2026-05-21T13:09:28Z,2,1400,-304,Versa 4
2026-05-21T13:09:29Z,2,1400,0,Versa 4
2026-05-21T13:09:30Z,1,1400,304,Versa 4
2026-05-21T13:09:31Z,2,1390,-304,Versa 4
2026-05-21T13:09:32Z,2,1400,-304,Versa 4
2026-05-21T13:09:33Z,1,1390,304,Versa 4
2026-05-21T13:09:34Z,2,1390,0,Versa 4
2026-05-21T13:09:35Z,2,1390,0,Versa 4
2026-05-21T13:09:36Z,1,1390,0,Versa 4
2026-05-21T13:09:37Z,2,1380,0,Versa 4
2026-05-21T13:09:38Z,2,1390,0,Versa 4
2026-05-21T13:09:39Z,2,1400,0,Versa 4
2026-05-21T13:09:40Z,1,1390,304,Versa 4
2026-05-21T13:09:41Z,2,1390,-304,Versa 4
2026-05-21T13:09:42Z,2,1390,0,Versa 4
2026-05-21T13:09:43Z,1,1390,304,Versa 4
2026-05-21T13:09:44Z,2,1380,0,Versa 4
2026-05-21T13:09:45Z,2,1390,0,Versa 4
2026-05-21T13:09:46Z,1,1380,-609,Versa 4
2026-05-21T13:09:47Z,2,1390,609,Versa 4
2026-05-21T13:09:48Z,2,1380,0,Versa 4
2026-05-21T13:09:49Z,1,1380,-304,Versa 4
2026-05-21T13:09:50Z,2,1390,0,Versa 4
2026-05-21T13:09:51Z,2,1380,0,Versa 4
2026-05-21T13:09:52Z,2,1380,0,Versa 4
2026-05-21T13:09:53Z,1,1380,0,Versa 4
2026-05-21T13:09:54Z,2,1390,0,Versa 4
2026-05-21T13:09:55Z,2,1390,0,Versa 4
2026-05-21T13:09:56Z,1,1380,609,Versa 4
2026-05-21T13:09:57Z,2,1370,-609,Versa 4
2026-05-21T13:09:58Z,2,1380,0,Versa 4
2026-05-21T13:09:59Z,2,1370,304,Versa 4
2026-05-21T13:10:00Z,1,1380,0,Versa 4
2026-05-21T13:10:01Z,2,1370,-304,Versa 4
2026-05-21T13:10:02Z,2,1380,0,Versa 4
2026-05-21T13:10:03Z,1,1370,304,Versa 4
2026-05-21T13:10:04Z,2,1380,0,Versa 4
2026-05-21T13:10:05Z,2,1370,-304,Versa 4
2026-05-21T13:10:06Z,2,1380,0,Versa 4
2026-05-21T13:10:07Z,1,1370,304,Versa 4
2026-05-21T13:10:08Z,2,1380,0,Versa 4
2026-05-21T13:10:09Z,2,1380,0,Versa 4
2026-05-21T13:10:10Z,1,1380,0,Versa 4
2026-05-21T13:10:11Z,2,1370,0,Versa 4
2026-05-21T13:10:12Z,2,1380,0,Versa 4
2026-05-21T13:10:13Z,1,1370,0,Versa 4
2026-05-21T13:10:14Z,2,1380,-609,Versa 4
2026-05-21T13:10:15Z,2,1370,0,Versa 4
2026-05-21T13:10:16Z,2,1380,0,Versa 4
2026-05-21T13:10:17Z,1,1370,0,Versa 4
2026-05-21T13:10:18Z,2,1380,-304,Versa 4
2026-05-21T13:10:19Z,2,1370,0,Versa 4
2026-05-21T13:10:20Z,2,1380,914,Versa 4
2026-05-21T13:10:21Z,1,1380,-609,Versa 4
2026-05-21T13:10:22Z,2,1380,304,Versa 4
2026-05-21T13:10:23Z,2,1390,0,Versa 4
2026-05-21T13:10:24Z,1,1380,-304,Versa 4
2026-05-21T13:10:25Z,2,1370,0,Versa 4
2026-05-21T13:10:26Z,2,1380,0,Versa 4
2026-05-21T13:10:27Z,1,1370,914,Versa 4
2026-05-21T13:10:28Z,2,1380,-609,Versa 4
2026-05-21T13:10:29Z,2,1370,304,Versa 4
2026-05-21T13:10:30Z,1,1380,0,Versa 4
2026-05-21T13:10:31Z,2,1370,0,Versa 4
2026-05-21T13:10:32Z,2,1380,0,Versa 4
2026-05-21T13:10:33Z,2,1370,0,Versa 4
2026-05-21T13:10:34Z,2,1380,0,Versa 4
2026-05-21T13:10:35Z,1,1380,-304,Versa 4
2026-05-21T13:10:36Z,2,1380,0,Versa 4
2026-05-21T13:10:37Z,1,1390,304,Versa 4
2026-05-21T13:10:38Z,2,1370,0,Versa 4
2026-05-21T13:10:39Z,2,1380,-304,Versa 4
2026-05-21T13:10:40Z,2,1370,304,Versa 4
2026-05-21T13:10:41Z,1,1380,0,Versa 4
2026-05-21T13:10:42Z,2,1370,0,Versa 4
2026-05-21T13:10:43Z,2,1380,0,Versa 4
2026-05-21T13:10:44Z,1,1370,0,Versa 4
2026-05-21T13:10:45Z,2,1380,0,Versa 4
2026-05-21T13:10:46Z,2,1370,-304,Versa 4
2026-05-21T13:10:47Z,1,1380,304,Versa 4
2026-05-21T13:10:48Z,2,1370,0,Versa 4
2026-05-21T13:10:49Z,2,1380,0,Versa 4
2026-05-21T13:10:50Z,1,1370,0,Versa 4
2026-05-21T13:10:51Z,2,1370,-304,Versa 4
2026-05-21T13:10:52Z,2,1370,304,Versa 4
2026-05-21T13:10:53Z,1,1370,0,Versa 4
2026-05-21T13:10:54Z,2,1370,0,Versa 4
2026-05-21T13:10:55Z,1,1370,304,Versa 4
2026-05-21T13:10:56Z,1,1300,-304,Versa 4
2026-05-21T13:10:57Z,2,1300,304,Versa 4
2026-05-21T13:10:58Z,2,1310,-609,Versa 4
2026-05-21T13:10:59Z,1,1300,304,Versa 4
2026-05-21T13:11:00Z,0,1210,0,Versa 4
2026-05-21T13:11:01Z,1,1150,304,Versa 4
2026-05-21T13:11:02Z,1,1060,0,Versa 4
2026-05-21T13:11:03Z,3,1040,-609,Versa 4
2026-05-21T13:11:04Z,0,980,304,Versa 4
2026-05-21T13:11:05Z,0,2450,0,Versa 4
2026-05-21T13:11:06Z,0,0,0,Versa 4
2026-05-21T13:11:07Z,0,0,-304,Versa 4
2026-05-21T13:11:08Z,0,0,304,Versa 4
2026-05-21T13:11:09Z,0,0,0,Versa 4
2026-05-21T13:11:10Z,0,0,0,Versa 4
2026-05-21T13:11:11Z,0,0,0,Versa 4
2026-05-21T13:11:12Z,0,0,0,Versa 4
2026-05-21T13:11:13Z,0,0,304,Versa 4
2026-05-21T13:11:14Z,0,0,0,Versa 4
2026-05-21T13:11:15Z,0,0,0,Versa 4
2026-05-21T13:11:16Z,2,0,0,Versa 4
2026-05-21T13:11:17Z,1,0,0,Versa 4
2026-05-21T13:11:18Z,0,0,-304,Versa 4
2026-05-21T13:11:19Z,4,0,304,Versa 4
2026-05-21T13:11:20Z,1,0,0,Versa 4
2026-05-21T13:11:21Z,1,0,-304,Versa 4
2026-05-21T13:11:22Z,1,0,304,Versa 4
2026-05-21T13:11:23Z,0,0,-304,Versa 4
2026-05-21T13:11:24Z,2,0,304,Versa 4
2026-05-21T13:11:25Z,2,150,0,Versa 4
2026-05-21T13:11:26Z,1,300,-609,Versa 4
2026-05-21T13:11:27Z,1,460,304,Versa 4
2026-05-21T13:11:28Z,1,610,0,Versa 4
2026-05-21T13:11:29Z,0,730,0,Versa 4
2026-05-21T13:11:30Z,0,650,0,Versa 4
2026-05-21T13:11:31Z,0,0,0,Versa 4
2026-05-21T13:11:32Z,0,0,0,Versa 4
2026-05-21T13:11:33Z,0,0,-304,Versa 4
2026-05-21T13:11:34Z,0,0,304,Versa 4
2026-05-21T13:11:35Z,2,0,0,Versa 4
2026-05-21T13:11:36Z,2,0,0,Versa 4
2026-05-21T13:11:37Z,0,0,-304,Versa 4
2026-05-21T13:11:38Z,0,0,304,Versa 4
2026-05-21T13:11:39Z,0,0,0,Versa 4
2026-05-21T13:11:40Z,0,0,0,Versa 4
2026-05-21T13:11:41Z,0,0,0,Versa 4
2026-05-21T13:11:42Z,0,0,304,Versa 4
2026-05-21T13:11:43Z,0,0,-304,Versa 4
2026-05-21T13:11:44Z,0,0,0,Versa 4
2026-05-21T13:11:45Z,0,0,914,Versa 4
2026-05-21T13:11:46Z,0,0,-914,Versa 4
2026-05-21T13:11:47Z,0,0,609,Versa 4
2026-05-21T13:11:48Z,0,0,-609,Versa 4
2026-05-21T13:11:49Z,0,0,304,Versa 4
2026-05-21T13:11:50Z,0,0,0,Versa 4
2026-05-21T13:11:51Z,1,0,-304,Versa 4
2026-05-21T13:11:52Z,1,0,0,Versa 4
2026-05-21T13:11:53Z,2,0,0,Versa 4
2026-05-21T13:11:54Z,2,0,0,Versa 4
2026-05-21T13:11:55Z,2,0,304,Versa 4
2026-05-21T13:11:56Z,1,0,0,Versa 4
2026-05-21T13:11:57Z,2,0,0,Versa 4
2026-05-21T13:11:58Z,0,0,0,Versa 4
2026-05-21T13:11:59Z,2,0,0,Versa 4
2026-05-21T13:12:00Z,1,0,0,Versa 4
2026-05-21T13:12:01Z,1,150,0,Versa 4
2026-05-21T13:12:02Z,0,270,-304,Versa 4
2026-05-21T13:12:03Z,1,390,0,Versa 4
2026-05-21T13:12:04Z,2,560,-304,Versa 4
2026-05-21T13:12:05Z,2,770,0,Versa 4
2026-05-21T13:12:06Z,1,800,304,Versa 4
2026-05-21T13:12:07Z,1,880,0,Versa 4
2026-05-21T13:12:08Z,1,920,0,Versa 4
2026-05-21T13:12:09Z,2,960,-304,Versa 4
2026-05-21T13:12:10Z,0,910,304,Versa 4
2026-05-21T13:12:11Z,2,840,-304,Versa 4
2026-05-21T13:12:12Z,1,0,304,Versa 4
2026-05-21T13:12:13Z,1,0,0,Versa 4
2026-05-21T13:12:14Z,2,1290,0,Versa 4
2026-05-21T13:12:15Z,1,600,0,Versa 4
2026-05-21T13:12:16Z,1,680,304,Versa 4
2026-05-21T13:12:17Z,1,780,0,Versa 4
2026-05-21T13:12:18Z,1,890,0,Versa 4
2026-05-21T13:12:19Z,0,820,609,Versa 4
2026-05-21T13:12:20Z,0,730,-304,Versa 4
2026-05-21T13:12:21Z,0,0,-304,Versa 4
2026-05-21T13:12:22Z,0,0,0,Versa 4
2026-05-21T13:12:23Z,0,0,0,Versa 4
2026-05-21T13:12:24Z,0,0,0,Versa 4
2026-05-21T13:12:25Z,0,0,304,Versa 4
2026-05-21T13:12:26Z,0,0,-304,Versa 4
2026-05-21T13:12:27Z,0,0,-609,Versa 4
2026-05-21T13:12:28Z,0,0,304,Versa 4
2026-05-21T13:12:29Z,0,0,609,Versa 4
2026-05-21T13:12:30Z,0,0,-304,Versa 4
2026-05-21T13:12:31Z,0,0,0,Versa 4
2026-05-21T13:12:32Z,0,0,-304,Versa 4
2026-05-21T13:12:33Z,0,0,-304,Versa 4
2026-05-21T13:12:34Z,0,0,914,Versa 4
2026-05-21T13:12:35Z,0,0,-304,Versa 4
2026-05-21T13:12:36Z,0,0,304,Versa 4
2026-05-21T13:12:37Z,0,0,-609,Versa 4
2026-05-21T13:12:38Z,0,0,609,Versa 4
2026-05-21T13:12:39Z,0,0,0,Versa 4
2026-05-21T13:12:40Z,0,0,0,Versa 4
2026-05-21T13:12:41Z,0,0,-304,Versa 4
2026-05-21T13:12:42Z,0,0,0,Versa 4
2026-05-21T13:12:43Z,0,0,0,Versa 4
2026-05-21T13:12:44Z,0,0,0,Versa 4
2026-05-21T13:12:45Z,0,0,0,Versa 4
2026-05-21T13:12:46Z,0,0,0,Versa 4
2026-05-21T13:12:47Z,0,0,304,Versa 4
2026-05-21T13:12:48Z,0,0,-304,Versa 4
2026-05-21T13:12:49Z,0,0,0,Versa 4
2026-05-21T13:12:50Z,0,0,304,Versa 4
2026-05-21T13:12:51Z,0,0,-304,Versa 4
2026-05-21T13:12:52Z,0,0,304,Versa 4
2026-05-21T13:12:53Z,2,0,-304,Versa 4
2026-05-21T13:12:54Z,1,0,-304,Versa 4
2026-05-21T13:12:55Z,1,0,-304,Versa 4
2026-05-21T13:12:56Z,1,0,609,Versa 4
2026-05-21T13:12:57Z,2,150,304,Versa 4
2026-05-21T13:12:58Z,1,300,-304,Versa 4
2026-05-21T13:12:59Z,0,420,0,Versa 4
2026-05-21T13:13:00Z,1,550,0,Versa 4
2026-05-21T13:13:01Z,0,640,0,Versa 4
2026-05-21T13:13:02Z,0,0,0,Versa 4
2026-05-21T13:13:03Z,0,0,304,Versa 4
2026-05-21T13:13:04Z,0,0,-304,Versa 4
2026-05-21T13:13:05Z,0,0,0,Versa 4
2026-05-21T13:13:06Z,0,0,0,Versa 4
2026-05-21T13:13:07Z,0,0,0,Versa 4
2026-05-21T13:13:08Z,0,0,0,Versa 4
2026-05-21T13:13:09Z,0,0,-1524,Versa 4
2026-05-21T13:13:10Z,0,0,1828,Versa 4
2026-05-21T13:13:11Z,0,0,0,Versa 4
2026-05-21T13:13:12Z,0,0,-304,Versa 4
2026-05-21T13:13:13Z,0,0,304,Versa 4
2026-05-21T13:13:14Z,0,0,-304,Versa 4
2026-05-21T13:13:15Z,0,0,304,Versa 4
2026-05-21T13:13:16Z,2,0,0,Versa 4
2026-05-21T13:13:17Z,2,0,0,Versa 4
2026-05-21T13:13:18Z,0,0,304,Versa 4
2026-05-21T13:13:19Z,0,0,-609,Versa 4
2026-05-21T13:13:20Z,0,0,0,Versa 4
2026-05-21T13:13:21Z,0,0,609,Versa 4
2026-05-21T13:13:22Z,0,0,304,Versa 4
2026-05-21T13:13:23Z,0,0,-304,Versa 4
2026-05-21T13:13:24Z,0,0,-609,Versa 4
2026-05-21T13:13:25Z,0,0,609,Versa 4
2026-05-21T13:13:26Z,0,0,-304,Versa 4
2026-05-21T13:13:27Z,0,0,304,Versa 4
2026-05-21T13:13:28Z,0,0,0,Versa 4
2026-05-21T13:13:29Z,0,0,0,Versa 4
2026-05-21T13:13:30Z,0,0,304,Versa 4
2026-05-21T13:13:31Z,0,0,-304,Versa 4
2026-05-21T13:13:32Z,0,0,304,Versa 4
2026-05-21T13:13:33Z,0,0,-304,Versa 4
2026-05-21T13:13:34Z,0,0,304,Versa 4
2026-05-21T13:13:35Z,0,0,-304,Versa 4
2026-05-21T13:13:36Z,0,0,0,Versa 4
2026-05-21T13:13:37Z,0,0,304,Versa 4
2026-05-21T13:13:38Z,0,0,0,Versa 4
2026-05-21T13:13:39Z,0,0,-304,Versa 4
2026-05-21T13:13:40Z,0,0,0,Versa 4
2026-05-21T13:13:41Z,0,0,-304,Versa 4
2026-05-21T13:13:42Z,0,0,304,Versa 4
2026-05-21T13:13:43Z,0,0,304,Versa 4
2026-05-21T13:13:44Z,0,0,-914,Versa 4
2026-05-21T13:13:45Z,0,0,0,Versa 4
2026-05-21T13:13:46Z,0,0,0,Versa 4
2026-05-21T13:13:47Z,0,0,0,Versa 4
2026-05-21T13:13:48Z,0,0,304,Versa 4
2026-05-21T13:13:49Z,0,0,-304,Versa 4
2026-05-21T13:13:50Z,0,0,609,Versa 4
2026-05-21T13:13:51Z,0,0,-609,Versa 4
2026-05-21T13:13:52Z,0,0,609,Versa 4
2026-05-21T13:13:53Z,0,0,-609,Versa 4
2026-05-21T13:13:54Z,0,0,304,Versa 4
2026-05-21T13:13:55Z,0,0,0,Versa 4
2026-05-21T13:13:56Z,0,0,304,Versa 4
2026-05-21T13:13:57Z,0,0,0,Versa 4
2026-05-21T13:13:58Z,0,0,-304,Versa 4
2026-05-21T13:13:59Z,0,0,0,Versa 4
2026-05-21T13:14:00Z,0,0,304,Versa 4
2026-05-21T13:14:01Z,0,0,-609,Versa 4
2026-05-21T13:14:02Z,0,0,609,Versa 4
2026-05-21T13:14:03Z,0,0,-304,Versa 4
2026-05-21T13:14:04Z,0,0,304,Versa 4
2026-05-21T13:14:05Z,0,0,0,Versa 4
2026-05-21T13:14:06Z,0,0,-304,Versa 4
2026-05-21T13:14:07Z,0,0,304,Versa 4
2026-05-21T13:14:08Z,0,0,304,Versa 4
2026-05-21T13:14:09Z,0,0,-304,Versa 4
2026-05-21T13:14:10Z,0,0,0,Versa 4
2026-05-21T13:14:11Z,0,0,304,Versa 4
2026-05-21T13:14:12Z,0,0,-304,Versa 4
2026-05-21T13:14:13Z,0,0,0,Versa 4
2026-05-21T13:14:14Z,0,0,0,Versa 4
2026-05-21T13:14:15Z,0,0,0,Versa 4
2026-05-21T13:14:16Z,0,0,-304,Versa 4
2026-05-21T13:14:17Z,0,0,0,Versa 4
2026-05-21T13:14:18Z,0,0,304,Versa 4
2026-05-21T13:14:19Z,0,0,-304,Versa 4
2026-05-21T13:14:20Z,0,0,304,Versa 4
2026-05-21T13:14:21Z,0,0,0,Versa 4
2026-05-21T13:14:22Z,0,0,-304,Versa 4
2026-05-21T13:14:23Z,0,0,304,Versa 4
2026-05-21T13:14:24Z,0,0,0,Versa 4
2026-05-21T13:14:25Z,0,0,0,Versa 4
2026-05-21T13:14:26Z,0,0,0,Versa 4
2026-05-21T13:14:27Z,0,0,-304,Versa 4
2026-05-21T13:14:28Z,0,0,304,Versa 4
2026-05-21T13:14:29Z,0,0,0,Versa 4
2026-05-21T13:14:30Z,0,0,0,Versa 4
2026-05-21T13:14:31Z,0,0,0,Versa 4
2026-05-21T13:14:32Z,0,0,0,Versa 4
2026-05-21T13:14:33Z,0,0,0,Versa 4
2026-05-21T13:14:34Z,0,0,-304,Versa 4
2026-05-21T13:14:35Z,0,0,304,Versa 4
2026-05-21T13:14:36Z,0,0,0,Versa 4
2026-05-21T13:14:37Z,0,0,0,Versa 4
2026-05-21T13:14:38Z,0,0,0,Versa 4
2026-05-21T13:14:39Z,0,0,0,Versa 4
2026-05-21T13:14:40Z,0,0,304,Versa 4
2026-05-21T13:14:41Z,0,0,-304,Versa 4
2026-05-21T13:14:42Z,0,0,0,Versa 4
2026-05-21T13:14:43Z,0,0,0,Versa 4
2026-05-21T13:14:44Z,0,0,0,Versa 4
2026-05-21T13:14:45Z,0,0,0,Versa 4
2026-05-21T13:14:46Z,0,0,-304,Versa 4
2026-05-21T13:14:47Z,0,0,304,Versa 4
2026-05-21T13:14:48Z,0,0,0,Versa 4
2026-05-21T13:14:49Z,0,0,304,Versa 4
2026-05-21T13:14:50Z,0,0,-304,Versa 4
2026-05-21T13:14:51Z,0,0,-304,Versa 4
2026-05-21T13:14:52Z,0,0,0,Versa 4
2026-05-21T13:14:53Z,0,0,0,Versa 4
2026-05-21T13:14:54Z,0,0,304,Versa 4
2026-05-21T13:14:55Z,0,0,-304,Versa 4
2026-05-21T13:14:56Z,2,0,304,Versa 4
2026-05-21T13:14:57Z,2,0,304,Versa 4
2026-05-21T13:14:58Z,0,0,0,Versa 4
2026-05-21T13:14:59Z,0,0,0,Versa 4
2026-05-21T13:15:00Z,0,0,0,Versa 4
2026-05-21T13:15:01Z,0,0,0,Versa 4
2026-05-21T13:15:02Z,0,0,0,Versa 4
2026-05-21T13:15:03Z,0,0,-304,Versa 4
2026-05-21T13:15:04Z,0,0,609,Versa 4
2026-05-21T13:15:05Z,0,0,-304,Versa 4
2026-05-21T13:15:06Z,0,0,0,Versa 4
2026-05-21T13:15:07Z,0,0,304,Versa 4
2026-05-21T13:15:08Z,0,0,0,Versa 4
2026-05-21T13:15:09Z,0,0,0,Versa 4
2026-05-21T13:27:08Z,0,0,0,Versa 4
2026-05-21T13:27:09Z,0,0,0,Versa 4
2026-05-21T13:27:10Z,1,0,0,Versa 4
2026-05-21T13:27:11Z,2,0,0,Versa 4
2026-05-21T13:27:12Z,2,110,0,Versa 4
2026-05-21T13:27:13Z,1,250,-304,Versa 4
2026-05-21T13:27:14Z,2,390,304,Versa 4
2026-05-21T13:27:15Z,2,590,-304,Versa 4
2026-05-21T13:27:16Z,2,790,304,Versa 4
2026-05-21T13:27:17Z,2,880,-304,Versa 4
2026-05-21T13:27:18Z,2,990,914,Versa 4
2026-05-21T13:27:19Z,1,1040,-609,Versa 4
2026-05-21T13:27:20Z,2,1080,0,Versa 4
2026-05-21T13:27:21Z,2,1120,-304,Versa 4
2026-05-21T13:27:22Z,2,1380,609,Versa 4
2026-05-21T13:27:23Z,1,1350,0,Versa 4
2026-05-21T13:27:24Z,2,1380,0,Versa 4
2026-05-21T13:27:25Z,2,1400,0,Versa 4
2026-05-21T13:27:26Z,2,1400,0,Versa 4
2026-05-21T13:27:27Z,1,1380,0,Versa 4
2026-05-21T13:27:28Z,2,1390,-304,Versa 4
2026-05-21T13:27:29Z,2,1400,304,Versa 4
2026-05-21T13:27:30Z,2,1420,0,Versa 4
2026-05-21T13:27:31Z,2,1420,0,Versa 4
2026-05-21T13:27:32Z,1,1430,0,Versa 4
2026-05-21T13:27:33Z,2,1430,0,Versa 4
2026-05-21T13:27:34Z,2,1440,304,Versa 4
2026-05-21T13:27:35Z,2,1430,0,Versa 4
2026-05-21T13:27:36Z,1,1440,-304,Versa 4
2026-05-21T13:27:37Z,2,1440,0,Versa 4
2026-05-21T13:27:38Z,2,1440,304,Versa 4
2026-05-21T13:27:39Z,1,1430,0,Versa 4
2026-05-21T13:27:40Z,2,1430,-304,Versa 4
2026-05-21T13:27:41Z,2,1430,0,Versa 4
2026-05-21T13:27:42Z,1,1420,0,Versa 4
2026-05-21T13:27:43Z,2,1420,304,Versa 4
2026-05-21T13:27:44Z,2,1420,-304,Versa 4
2026-05-21T13:27:45Z,2,1420,-304,Versa 4
2026-05-21T13:27:46Z,1,1430,609,Versa 4
2026-05-21T13:27:47Z,2,1420,0,Versa 4
2026-05-21T13:27:48Z,2,1420,0,Versa 4
2026-05-21T13:27:49Z,1,1410,-304,Versa 4
2026-05-21T13:27:50Z,2,1420,-304,Versa 4
2026-05-21T13:27:51Z,2,1410,304,Versa 4
2026-05-21T13:27:52Z,2,1420,-609,Versa 4
2026-05-21T13:27:53Z,1,1410,609,Versa 4
2026-05-21T13:27:54Z,2,1410,0,Versa 4
2026-05-21T13:27:55Z,2,1420,0,Versa 4
2026-05-21T13:27:56Z,1,1410,0,Versa 4
2026-05-21T13:27:57Z,2,1410,304,Versa 4
2026-05-21T13:27:58Z,1,1400,0,Versa 4
2026-05-21T13:27:59Z,2,1410,-304,Versa 4
2026-05-21T13:28:00Z,2,1400,304,Versa 4
2026-05-21T13:28:01Z,1,1400,-304,Versa 4
2026-05-21T13:28:02Z,2,1390,0,Versa 4
2026-05-21T13:28:03Z,2,1400,0,Versa 4
2026-05-21T13:28:04Z,1,1390,304,Versa 4
2026-05-21T13:28:05Z,2,1390,-304,Versa 4
2026-05-21T13:28:06Z,2,1390,304,Versa 4
2026-05-21T13:28:07Z,2,1390,304,Versa 4
2026-05-21T13:28:08Z,1,1390,-304,Versa 4
2026-05-21T13:28:09Z,2,1390,-304,Versa 4
2026-05-21T13:28:10Z,2,1390,0,Versa 4
2026-05-21T13:28:11Z,1,1390,0,Versa 4
2026-05-21T13:28:12Z,2,1390,304,Versa 4
2026-05-21T13:28:13Z,2,1390,-304,Versa 4
2026-05-21T13:28:14Z,1,1390,304,Versa 4
2026-05-21T13:28:15Z,2,1390,0,Versa 4
2026-05-21T13:28:16Z,2,1380,-304,Versa 4
2026-05-21T13:28:17Z,2,1390,0,Versa 4
2026-05-21T13:28:18Z,2,1390,0,Versa 4
2026-05-21T13:28:19Z,1,1390,0,Versa 4
2026-05-21T13:28:20Z,2,1390,0,Versa 4
2026-05-21T13:28:21Z,2,1390,-304,Versa 4
2026-05-21T13:28:22Z,2,1400,304,Versa 4
2026-05-21T13:28:23Z,1,1390,-609,Versa 4
2026-05-21T13:28:24Z,2,1390,609,Versa 4
2026-05-21T13:28:25Z,2,1400,-304,Versa 4
2026-05-21T13:28:26Z,1,1390,0,Versa 4
2026-05-21T13:28:27Z,2,1390,609,Versa 4
2026-05-21T13:28:28Z,2,1390,-304,Versa 4
2026-05-21T13:28:29Z,2,1390,0,Versa 4
2026-05-21T13:28:30Z,1,1390,0,Versa 4
2026-05-21T13:28:31Z,2,1390,0,Versa 4
2026-05-21T13:28:32Z,2,1390,304,Versa 4
2026-05-21T13:28:33Z,1,1400,-304,Versa 4
2026-05-21T13:28:34Z,2,1390,0,Versa 4
2026-05-21T13:28:35Z,2,1390,0,Versa 4
2026-05-21T13:28:36Z,1,1390,0,Versa 4
2026-05-21T13:28:37Z,2,1380,0,Versa 4
2026-05-21T13:28:38Z,2,1380,0,Versa 4
2026-05-21T13:28:39Z,2,1390,0,Versa 4
2026-05-21T13:28:40Z,1,1390,0,Versa 4
2026-05-21T13:28:41Z,1,1390,0,Versa 4
2026-05-21T13:28:42Z,2,1380,0,Versa 4
2026-05-21T13:28:43Z,2,1390,0,Versa 4
2026-05-21T13:28:44Z,2,1390,0,Versa 4
2026-05-21T13:28:45Z,1,1390,0,Versa 4
2026-05-21T13:28:46Z,2,1390,0,Versa 4
2026-05-21T13:28:47Z,2,1390,0,Versa 4
2026-05-21T13:28:48Z,1,1390,0,Versa 4
2026-05-21T13:28:49Z,2,1390,0,Versa 4
2026-05-21T13:28:50Z,2,1390,-304,Versa 4
2026-05-21T13:28:51Z,2,1390,304,Versa 4
2026-05-21T13:28:52Z,1,1380,609,Versa 4
2026-05-21T13:28:53Z,2,1390,609,Versa 4
2026-05-21T13:28:54Z,2,1390,-609,Versa 4
2026-05-21T13:28:55Z,2,1390,-304,Versa 4
2026-05-21T13:28:56Z,1,1390,-304,Versa 4
2026-05-21T13:28:57Z,2,1390,0,Versa 4
2026-05-21T13:28:58Z,2,1390,0,Versa 4
2026-05-21T13:28:59Z,2,1390,-914,Versa 4
2026-05-21T13:29:00Z,1,1390,609,Versa 4
2026-05-21T13:29:01Z,2,1400,-304,Versa 4
2026-05-21T13:29:02Z,2,1390,0,Versa 4
2026-05-21T13:29:03Z,1,1390,0,Versa 4
2026-05-21T13:29:04Z,2,1390,304,Versa 4
2026-05-21T13:29:05Z,2,1390,-304,Versa 4
2026-05-21T13:29:06Z,2,1390,0,Versa 4
2026-05-21T13:29:07Z,1,1390,304,Versa 4
2026-05-21T13:29:08Z,2,1390,-304,Versa 4
2026-05-21T13:29:09Z,1,1390,0,Versa 4
2026-05-21T13:29:10Z,2,1380,0,Versa 4
2026-05-21T13:29:11Z,2,1390,0,Versa 4
2026-05-21T13:29:12Z,2,1380,0,Versa 4
2026-05-21T13:29:13Z,1,1380,0,Versa 4
2026-05-21T13:29:14Z,2,1380,304,Versa 4
2026-05-21T13:29:15Z,2,1390,0,Versa 4
2026-05-21T13:29:16Z,1,1380,304,Versa 4
2026-05-21T13:29:17Z,2,1380,-609,Versa 4
2026-05-21T13:29:18Z,2,1390,609,Versa 4
2026-05-21T13:29:19Z,1,1380,0,Versa 4
2026-05-21T13:29:20Z,2,1370,-609,Versa 4
2026-05-21T13:29:21Z,2,1380,0,Versa 4
2026-05-21T13:29:22Z,2,1380,0,Versa 4
2026-05-21T13:29:23Z,1,1380,609,Versa 4
2026-05-21T13:29:24Z,2,1380,-304,Versa 4
2026-05-21T13:29:25Z,1,1370,304,Versa 4
2026-05-21T13:29:26Z,2,1380,0,Versa 4
2026-05-21T13:29:27Z,2,1370,0,Versa 4
2026-05-21T13:29:28Z,1,1380,304,Versa 4
2026-05-21T13:29:29Z,2,1370,609,Versa 4
2026-05-21T13:29:30Z,2,1370,-304,Versa 4
2026-05-21T13:29:31Z,2,1380,-304,Versa 4
2026-05-21T13:29:32Z,2,1370,0,Versa 4
2026-05-21T13:29:33Z,1,1380,0,Versa 4
2026-05-21T13:29:34Z,2,1370,-304,Versa 4
2026-05-21T13:29:35Z,2,1380,0,Versa 4
2026-05-21T13:29:36Z,2,1390,0,Versa 4
2026-05-21T13:29:37Z,2,1380,304,Versa 4
2026-05-21T13:29:38Z,1,1380,-304,Versa 4
2026-05-21T13:29:39Z,2,1390,0,Versa 4
2026-05-21T13:29:40Z,2,1390,609,Versa 4
2026-05-21T13:29:41Z,2,1390,304,Versa 4
2026-05-21T13:29:42Z,1,1390,0,Versa 4
2026-05-21T13:29:43Z,2,1400,-609,Versa 4
2026-05-21T13:29:44Z,2,1390,0,Versa 4
2026-05-21T13:29:45Z,2,1390,609,Versa 4
2026-05-21T13:29:46Z,1,1390,-304,Versa 4
2026-05-21T13:29:47Z,2,1390,-304,Versa 4
2026-05-21T13:29:48Z,2,1390,304,Versa 4
2026-05-21T13:29:49Z,2,1390,0,Versa 4
2026-05-21T13:29:50Z,2,1400,0,Versa 4
2026-05-21T13:29:51Z,2,1400,0,Versa 4
2026-05-21T13:29:52Z,1,1390,0,Versa 4
2026-05-21T13:29:53Z,2,1410,0,Versa 4
2026-05-21T13:29:54Z,2,1410,304,Versa 4
2026-05-21T13:29:55Z,1,1400,-304,Versa 4
2026-05-21T13:29:56Z,2,1390,304,Versa 4
2026-05-21T13:29:57Z,2,1400,0,Versa 4
2026-05-21T13:29:58Z,2,1400,0,Versa 4
2026-05-21T13:29:59Z,2,1400,304,Versa 4
2026-05-21T13:30:00Z,1,1410,-609,Versa 4
2026-05-21T13:30:01Z,2,1400,609,Versa 4
2026-05-21T13:30:02Z,2,1410,-304,Versa 4
2026-05-21T13:30:03Z,2,1400,-304,Versa 4
2026-05-21T13:30:04Z,1,1410,304,Versa 4
2026-05-21T13:30:05Z,2,1410,-304,Versa 4
2026-05-21T13:30:06Z,2,1400,0,Versa 4
2026-05-21T13:30:07Z,2,1410,0,Versa 4
2026-05-21T13:30:08Z,2,1410,304,Versa 4
2026-05-21T13:30:09Z,1,1400,-609,Versa 4
2026-05-21T13:30:10Z,2,1410,304,Versa 4
2026-05-21T13:30:11Z,2,1410,0,Versa 4
2026-05-21T13:30:12Z,2,1420,-304,Versa 4
2026-05-21T13:30:13Z,1,1400,304,Versa 4
2026-05-21T13:30:14Z,2,1410,0,Versa 4
2026-05-21T13:30:15Z,2,1410,304,Versa 4
2026-05-21T13:30:16Z,2,1420,-609,Versa 4
2026-05-21T13:30:17Z,2,1410,304,Versa 4
2026-05-21T13:30:18Z,1,1410,609,Versa 4
2026-05-21T13:30:19Z,2,1420,0,Versa 4
2026-05-21T13:30:20Z,2,1410,0,Versa 4
2026-05-21T13:30:21Z,1,1420,0,Versa 4
2026-05-21T13:30:22Z,1,1420,0,Versa 4
2026-05-21T13:30:23Z,1,1330,0,Versa 4
2026-05-21T13:30:24Z,1,1290,-609,Versa 4
2026-05-21T13:30:25Z,1,1210,0,Versa 4
2026-05-21T13:30:26Z,3,1180,304,Versa 4
2026-05-21T13:30:27Z,2,1190,-304,Versa 4
2026-05-21T13:30:28Z,2,1200,0,Versa 4
2026-05-21T13:30:29Z,2,1290,304,Versa 4
2026-05-21T13:30:30Z,1,1380,304,Versa 4
2026-05-21T13:30:31Z,2,1370,0,Versa 4
2026-05-21T13:30:32Z,2,1390,304,Versa 4
2026-05-21T13:30:33Z,2,1380,304,Versa 4
2026-05-21T13:30:34Z,2,1380,-609,Versa 4
2026-05-21T13:30:35Z,1,1380,609,Versa 4
2026-05-21T13:30:36Z,2,1390,0,Versa 4
2026-05-21T13:30:37Z,2,1390,0,Versa 4
2026-05-21T13:30:38Z,1,1380,0,Versa 4
2026-05-21T13:30:39Z,2,1380,-609,Versa 4
2026-05-21T13:30:40Z,2,1390,609,Versa 4
2026-05-21T13:30:41Z,1,1380,-609,Versa 4
2026-05-21T13:30:42Z,1,1320,0,Versa 4
2026-05-21T13:30:43Z,2,1320,-304,Versa 4
2026-05-21T13:30:44Z,2,1320,914,Versa 4
2026-05-21T13:30:45Z,1,1260,-609,Versa 4
2026-05-21T13:30:46Z,2,1270,0,Versa 4
2026-05-21T13:30:47Z,1,1270,304,Versa 4
2026-05-21T13:30:48Z,1,1270,304,Versa 4
2026-05-21T13:30:49Z,0,1150,0,Versa 4
2026-05-21T13:30:50Z,0,1020,-304,Versa 4
2026-05-21T13:30:51Z,0,0,304,Versa 4
2026-05-21T13:30:52Z,0,0,0,Versa 4
2026-05-21T13:30:53Z,0,0,0,Versa 4
2026-05-21T13:30:54Z,0,0,-304,Versa 4
2026-05-21T13:30:55Z,0,0,304,Versa 4
2026-05-21T13:30:56Z,0,0,0,Versa 4
2026-05-21T13:30:57Z,0,0,0,Versa 4
2026-05-21T13:30:58Z,0,0,304,Versa 4
2026-05-21T13:30:59Z,0,0,-609,Versa 4
2026-05-21T13:31:00Z,0,0,609,Versa 4
2026-05-21T13:31:01Z,1,0,-304,Versa 4
2026-05-21T13:31:02Z,1,0,-609,Versa 4
2026-05-21T13:31:03Z,2,0,914,Versa 4
2026-05-21T13:31:04Z,1,0,-304,Versa 4
2026-05-21T13:31:05Z,1,150,0,Versa 4
2026-05-21T13:31:06Z,3,380,304,Versa 4
2026-05-21T13:31:07Z,0,560,-304,Versa 4
2026-05-21T13:31:08Z,2,760,0,Versa 4
2026-05-21T13:31:09Z,1,950,0,Versa 4
2026-05-21T13:31:10Z,1,980,-304,Versa 4
2026-05-21T13:31:11Z,2,970,304,Versa 4
2026-05-21T13:31:12Z,2,1030,0,Versa 4
2026-05-21T13:31:13Z,2,1080,0,Versa 4
2026-05-21T13:31:14Z,2,1160,0,Versa 4
2026-05-21T13:31:15Z,1,1270,-304,Versa 4
2026-05-21T13:31:16Z,2,1310,0,Versa 4
2026-05-21T13:31:17Z,1,1310,0,Versa 4
2026-05-21T13:31:18Z,1,1300,609,Versa 4
2026-05-21T13:31:19Z,0,1180,-304,Versa 4
2026-05-21T13:31:20Z,1,1170,-304,Versa 4
2026-05-21T13:31:21Z,1,1040,304,Versa 4
2026-05-21T13:31:22Z,1,940,0,Versa 4
2026-05-21T13:31:23Z,0,780,304,Versa 4
2026-05-21T13:31:24Z,0,700,-304,Versa 4
2026-05-21T13:31:25Z,0,0,-304,Versa 4
2026-05-21T13:31:26Z,0,0,0,Versa 4
2026-05-21T13:31:27Z,2,0,304,Versa 4
2026-05-21T13:31:28Z,1,0,0,Versa 4
2026-05-21T13:31:29Z,1,0,-304,Versa 4
2026-05-21T13:31:30Z,1,0,0,Versa 4
2026-05-21T13:31:31Z,1,0,0,Versa 4
2026-05-21T13:31:32Z,2,160,0,Versa 4
2026-05-21T13:31:33Z,1,310,304,Versa 4
2026-05-21T13:31:34Z,2,500,0,Versa 4
2026-05-21T13:31:35Z,2,720,-609,Versa 4
2026-05-21T13:31:36Z,1,920,304,Versa 4
2026-05-21T13:31:37Z,2,1000,304,Versa 4
2026-05-21T13:31:38Z,1,1060,-304,Versa 4
2026-05-21T13:31:39Z,2,1100,-304,Versa 4
2026-05-21T13:31:40Z,2,1130,304,Versa 4
2026-05-21T13:31:41Z,2,1200,0,Versa 4
2026-05-21T13:31:42Z,2,1300,0,Versa 4
2026-05-21T13:31:43Z,0,1290,-609,Versa 4
2026-05-21T13:31:44Z,2,1300,914,Versa 4
2026-05-21T13:31:45Z,0,1290,304,Versa 4
2026-05-21T13:31:46Z,1,1160,0,Versa 4
2026-05-21T13:31:47Z,0,990,0,Versa 4
2026-05-21T13:31:48Z,2,900,-304,Versa 4
2026-05-21T13:31:49Z,0,790,0,Versa 4
2026-05-21T13:31:50Z,3,820,-609,Versa 4
2026-05-21T13:31:51Z,1,850,0,Versa 4
2026-05-21T13:31:52Z,0,860,-304,Versa 4
2026-05-21T13:31:53Z,0,810,1219,Versa 4
2026-05-21T13:31:54Z,2,750,0,Versa 4
2026-05-21T13:31:55Z,1,0,304,Versa 4
2026-05-21T13:31:56Z,1,0,0,Versa 4
2026-05-21T13:31:57Z,1,0,304,Versa 4
2026-05-21T13:31:58Z,1,230,-304,Versa 4
2026-05-21T13:31:59Z,1,370,304,Versa 4
2026-05-21T13:32:00Z,2,550,0,Versa 4
2026-05-21T13:32:01Z,0,680,0,Versa 4
2026-05-21T13:32:02Z,2,770,0,Versa 4
2026-05-21T13:32:03Z,2,770,0,Versa 4
2026-05-21T13:32:04Z,0,690,-609,Versa 4
2026-05-21T13:32:05Z,0,0,304,Versa 4
2026-05-21T13:32:06Z,0,0,-609,Versa 4
2026-05-21T13:32:07Z,0,0,304,Versa 4
2026-05-21T13:32:08Z,0,0,-304,Versa 4
2026-05-21T13:32:09Z,0,0,304,Versa 4
2026-05-21T13:32:10Z,0,0,-914,Versa 4
2026-05-21T13:32:11Z,0,0,0,Versa 4
2026-05-21T13:32:12Z,0,0,609,Versa 4
2026-05-21T13:32:13Z,0,0,304,Versa 4
2026-05-21T13:32:14Z,0,0,-304,Versa 4
2026-05-21T13:32:15Z,0,0,304,Versa 4
2026-05-21T13:32:16Z,0,0,-914,Versa 4
2026-05-21T13:32:17Z,0,0,914,Versa 4
2026-05-21T13:32:18Z,0,0,0,Versa 4
2026-05-21T13:32:19Z,0,0,-609,Versa 4
2026-05-21T13:32:20Z,0,0,304,Versa 4
2026-05-21T13:32:21Z,0,0,0,Versa 4
2026-05-21T13:32:22Z,0,0,-304,Versa 4
2026-05-21T13:32:23Z,0,0,0,Versa 4
2026-05-21T13:32:24Z,0,0,304,Versa 4
2026-05-21T13:32:25Z,0,0,0,Versa 4
2026-05-21T13:32:26Z,0,0,0,Versa 4
2026-05-21T13:32:27Z,0,0,304,Versa 4
2026-05-21T13:32:28Z,0,0,-304,Versa 4
2026-05-21T13:32:29Z,0,0,609,Versa 4
2026-05-21T13:32:30Z,0,0,-914,Versa 4
2026-05-21T13:32:31Z,0,0,304,Versa 4
2026-05-21T13:32:32Z,0,0,0,Versa 4
2026-05-21T13:32:33Z,0,0,-304,Versa 4
2026-05-21T13:32:34Z,0,0,304,Versa 4
2026-05-21T13:32:35Z,0,0,0,Versa 4
2026-05-21T13:32:36Z,0,0,304,Versa 4
2026-05-21T13:32:37Z,0,0,0,Versa 4
2026-05-21T13:32:38Z,0,0,-304,Versa 4
2026-05-21T13:32:39Z,0,0,0,Versa 4
2026-05-21T13:32:40Z,0,0,0,Versa 4
2026-05-21T13:32:41Z,0,0,0,Versa 4
2026-05-21T13:32:42Z,0,0,0,Versa 4
2026-05-21T13:32:43Z,0,0,609,Versa 4
2026-05-21T13:32:44Z,0,0,-304,Versa 4
2026-05-21T13:32:45Z,0,0,-304,Versa 4
2026-05-21T13:32:46Z,0,0,0,Versa 4
2026-05-21T13:32:47Z,0,0,304,Versa 4
2026-05-21T13:32:48Z,0,0,609,Versa 4
2026-05-21T13:32:49Z,0,0,-609,Versa 4
2026-05-21T13:32:50Z,0,0,0,Versa 4
2026-05-21T13:32:51Z,0,0,-609,Versa 4
2026-05-21T13:32:52Z,0,0,0,Versa 4
2026-05-21T13:32:53Z,0,0,304,Versa 4
2026-05-21T13:32:54Z,0,0,-304,Versa 4
2026-05-21T13:32:55Z,0,0,0,Versa 4
2026-05-21T13:32:56Z,0,0,609,Versa 4
2026-05-21T13:32:57Z,0,0,-304,Versa 4
2026-05-21T13:32:58Z,2,0,0,Versa 4
2026-05-21T13:32:59Z,2,0,-304,Versa 4
2026-05-21T13:33:00Z,1,0,0,Versa 4
2026-05-21T13:33:01Z,0,0,-304,Versa 4
2026-05-21T13:33:02Z,1,0,609,Versa 4
2026-05-21T13:33:03Z,0,0,304,Versa 4
2026-05-21T13:33:04Z,2,0,0,Versa 4
2026-05-21T13:33:05Z,0,0,-304,Versa 4
2026-05-21T13:33:06Z,1,150,304,Versa 4
2026-05-21T13:33:07Z,0,270,0,Versa 4
2026-05-21T13:33:08Z,2,430,0,Versa 4
2026-05-21T13:33:09Z,2,620,-304,Versa 4
2026-05-21T13:33:10Z,2,860,0,Versa 4
2026-05-21T13:33:11Z,2,940,-304,Versa 4
2026-05-21T13:33:12Z,1,1060,304,Versa 4
2026-05-21T13:33:13Z,3,1170,-304,Versa 4
2026-05-21T13:33:14Z,2,1260,0,Versa 4
2026-05-21T13:33:15Z,0,1260,304,Versa 4
2026-05-21T13:33:16Z,3,1350,0,Versa 4
2026-05-21T13:33:17Z,2,1420,304,Versa 4
2026-05-21T13:33:18Z,0,1400,0,Versa 4
2026-05-21T13:33:19Z,0,1390,0,Versa 4
2026-05-21T13:33:20Z,0,1380,-304,Versa 4
2026-05-21T13:33:21Z,0,0,304,Versa 4
2026-05-21T13:33:22Z,0,0,-304,Versa 4
2026-05-21T13:33:23Z,0,0,304,Versa 4
2026-05-21T13:33:24Z,0,0,-304,Versa 4
2026-05-21T13:33:25Z,0,0,-609,Versa 4
2026-05-21T13:33:26Z,1,0,0,Versa 4
2026-05-21T13:33:27Z,0,0,914,Versa 4
2026-05-21T13:33:28Z,1,0,-304,Versa 4
2026-05-21T13:33:29Z,1,0,0,Versa 4
2026-05-21T13:33:30Z,1,0,0,Versa 4
2026-05-21T13:33:31Z,1,0,0,Versa 4
2026-05-21T13:33:32Z,2,150,0,Versa 4
2026-05-21T13:33:33Z,1,300,-304,Versa 4
2026-05-21T13:33:34Z,1,460,304,Versa 4
2026-05-21T13:33:35Z,2,650,0,Versa 4
2026-05-21T13:33:36Z,0,800,0,Versa 4
2026-05-21T13:33:37Z,0,750,-609,Versa 4
2026-05-21T13:33:38Z,2,670,-304,Versa 4
2026-05-21T13:33:39Z,1,0,914,Versa 4
2026-05-21T13:33:40Z,1,520,-304,Versa 4
2026-05-21T13:33:41Z,1,580,304,Versa 4
2026-05-21T13:33:42Z,0,630,609,Versa 4
2026-05-21T13:33:43Z,3,770,-304,Versa 4
2026-05-21T13:33:44Z,3,770,-304,Versa 4
2026-05-21T13:33:45Z,1,930,-304,Versa 4
2026-05-21T13:33:46Z,1,920,0,Versa 4
2026-05-21T13:33:47Z,2,960,-304,Versa 4
2026-05-21T13:33:48Z,2,1060,609,Versa 4
2026-05-21T13:33:49Z,0,1040,-304,Versa 4
2026-05-21T13:33:50Z,0,960,0,Versa 4
2026-05-21T13:33:51Z,0,920,-304,Versa 4
2026-05-21T13:33:52Z,0,0,304,Versa 4
2026-05-21T13:33:53Z,0,0,0,Versa 4
2026-05-21T13:33:54Z,0,0,0,Versa 4
2026-05-21T13:33:55Z,0,0,304,Versa 4
2026-05-21T13:33:56Z,0,0,609,Versa 4
2026-05-21T13:33:57Z,0,0,-609,Versa 4
2026-05-21T13:33:58Z,0,0,-304,Versa 4
2026-05-21T13:33:59Z,0,0,304,Versa 4
2026-05-21T13:34:00Z,0,0,-609,Versa 4
2026-05-21T13:34:01Z,0,0,609,Versa 4
2026-05-21T13:34:02Z,0,0,-304,Versa 4
2026-05-21T13:34:03Z,0,0,-304,Versa 4
2026-05-21T13:34:04Z,2,0,0,Versa 4
2026-05-21T13:34:05Z,1,0,304,Versa 4
2026-05-21T13:34:06Z,1,150,0,Versa 4
2026-05-21T13:34:07Z,1,300,0,Versa 4
2026-05-21T13:34:08Z,3,530,-304,Versa 4
2026-05-21T13:34:09Z,2,780,304,Versa 4
2026-05-21T13:34:10Z,2,1050,-609,Versa 4
2026-05-21T13:34:11Z,1,1130,609,Versa 4
2026-05-21T13:34:12Z,2,1240,-304,Versa 4
2026-05-21T13:34:13Z,0,1190,0,Versa 4
2026-05-21T13:34:14Z,0,1090,0,Versa 4
2026-05-21T13:34:15Z,0,930,304,Versa 4
2026-05-21T13:34:16Z,0,0,304,Versa 4
2026-05-21T13:34:17Z,0,0,-304,Versa 4
2026-05-21T13:34:18Z,1,0,304,Versa 4
2026-05-21T13:34:19Z,1,0,-304,Versa 4
2026-05-21T13:34:20Z,2,0,0,Versa 4
2026-05-21T13:34:21Z,2,0,0,Versa 4
2026-05-21T13:34:22Z,0,0,0,Versa 4
2026-05-21T13:34:23Z,1,0,0,Versa 4
2026-05-21T13:34:24Z,1,0,0,Versa 4
2026-05-21T13:34:25Z,1,0,0,Versa 4
2026-05-21T13:34:26Z,1,150,-304,Versa 4
2026-05-21T13:34:27Z,1,300,304,Versa 4
2026-05-21T13:34:28Z,1,460,0,Versa 4
2026-05-21T13:34:29Z,1,610,304,Versa 4
2026-05-21T13:34:30Z,0,730,-304,Versa 4
2026-05-21T13:34:31Z,0,660,-304,Versa 4
2026-05-21T13:34:32Z,0,0,-304,Versa 4
2026-05-21T13:34:33Z,0,0,0,Versa 4
2026-05-21T13:34:34Z,0,0,304,Versa 4
2026-05-21T13:34:35Z,0,0,304,Versa 4
2026-05-21T13:34:36Z,0,0,304,Versa 4
2026-05-21T13:34:37Z,0,0,-914,Versa 4
2026-05-21T13:34:38Z,0,0,609,Versa 4
2026-05-21T13:34:39Z,0,0,0,Versa 4
2026-05-21T13:34:40Z,0,0,-609,Versa 4
2026-05-21T13:34:41Z,2,0,0,Versa 4
2026-05-21T13:34:42Z,1,0,304,Versa 4
2026-05-21T13:34:43Z,2,0,0,Versa 4
2026-05-21T13:34:44Z,1,140,0,Versa 4
2026-05-21T13:34:45Z,2,350,0,Versa 4
2026-05-21T13:34:46Z,1,520,609,Versa 4
2026-05-21T13:34:47Z,2,740,0,Versa 4
2026-05-21T13:34:48Z,1,930,-609,Versa 4
2026-05-21T13:34:49Z,3,1050,0,Versa 4
2026-05-21T13:34:50Z,1,1090,304,Versa 4
2026-05-21T13:34:51Z,2,1170,304,Versa 4
2026-05-21T13:34:52Z,3,1260,-914,Versa 4
2026-05-21T13:34:53Z,1,1320,0,Versa 4
2026-05-21T13:34:54Z,2,1410,304,Versa 4
2026-05-21T13:34:55Z,1,1410,0,Versa 4
2026-05-21T13:34:56Z,2,1430,304,Versa 4
2026-05-21T13:34:57Z,0,1410,-304,Versa 4
2026-05-21T13:34:58Z,2,1410,304,Versa 4
2026-05-21T13:34:59Z,0,1250,304,Versa 4
2026-05-21T13:35:00Z,2,1250,0,Versa 4
2026-05-21T13:35:01Z,0,1100,-304,Versa 4
2026-05-21T13:35:02Z,0,980,-304,Versa 4
2026-05-21T13:35:03Z,1,0,0,Versa 4
2026-05-21T13:35:04Z,2,0,0,Versa 4
2026-05-21T13:35:05Z,0,0,0,Versa 4
2026-05-21T13:35:06Z,1,0,0,Versa 4
2026-05-21T13:35:07Z,1,0,0,Versa 4
2026-05-21T13:35:08Z,3,200,304,Versa 4
2026-05-21T13:35:09Z,1,330,-304,Versa 4
2026-05-21T13:35:10Z,1,490,0,Versa 4
2026-05-21T13:35:11Z,1,630,0,Versa 4
2026-05-21T13:35:12Z,3,850,304,Versa 4
2026-05-21T13:35:13Z,3,990,304,Versa 4
2026-05-21T13:35:14Z,1,1080,0,Versa 4
2026-05-21T13:35:15Z,0,1120,-304,Versa 4
2026-05-21T13:35:16Z,0,2090,0,Versa 4
2026-05-21T13:35:17Z,0,0,-304,Versa 4
2026-05-21T13:35:18Z,0,0,304,Versa 4
2026-05-21T13:35:19Z,0,0,-609,Versa 4
2026-05-21T13:35:20Z,0,0,609,Versa 4
2026-05-21T14:36:36Z,1,0,0,Versa 4
2026-05-21T14:36:37Z,2,0,-609,Versa 4
2026-05-21T14:36:38Z,2,200,304,Versa 4
2026-05-21T14:36:39Z,2,330,304,Versa 4
2026-05-21T14:36:40Z,1,460,-609,Versa 4
2026-05-21T14:36:41Z,2,620,304,Versa 4
2026-05-21T14:36:42Z,2,750,914,Versa 4
2026-05-21T14:36:43Z,2,850,-609,Versa 4
2026-05-21T14:36:44Z,2,930,304,Versa 4
2026-05-21T14:36:45Z,1,1000,-304,Versa 4
2026-05-21T14:36:46Z,2,1030,304,Versa 4
2026-05-21T14:36:47Z,2,1080,-609,Versa 4
2026-05-21T14:36:48Z,2,1360,-609,Versa 4
2026-05-21T14:36:49Z,2,1390,0,Versa 4
2026-05-21T14:36:50Z,1,1390,0,Versa 4
2026-05-21T14:36:51Z,2,1410,609,Versa 4
2026-05-21T14:36:52Z,2,1410,-609,Versa 4
2026-05-21T14:36:53Z,2,1430,0,Versa 4
2026-05-21T14:36:54Z,1,1420,609,Versa 4
2026-05-21T14:36:55Z,1,1420,0,Versa 4
2026-05-21T14:36:56Z,2,1410,304,Versa 4
2026-05-21T14:36:57Z,0,1410,-304,Versa 4
2026-05-21T14:36:58Z,0,1210,-304,Versa 4
2026-05-21T14:36:59Z,0,1030,-304,Versa 4
2026-05-21T14:37:00Z,2,0,0,Versa 4
2026-05-21T14:37:01Z,2,0,0,Versa 4
2026-05-21T14:37:02Z,0,0,0,Versa 4
2026-05-21T14:37:03Z,0,0,0,Versa 4
2026-05-21T14:37:04Z,0,0,0,Versa 4
2026-05-21T14:37:05Z,0,0,0,Versa 4
2026-05-21T14:37:06Z,0,0,0,Versa 4
2026-05-21T14:37:07Z,0,0,0,Versa 4
2026-05-21T14:37:08Z,0,0,0,Versa 4
2026-05-21T14:37:09Z,0,0,0,Versa 4
2026-05-21T14:37:10Z,0,0,0,Versa 4
2026-05-21T14:37:11Z,0,0,-304,Versa 4
2026-05-21T14:37:12Z,0,0,304,Versa 4
2026-05-21T14:37:13Z,0,0,0,Versa 4
2026-05-21T14:37:14Z,0,0,0,Versa 4
2026-05-21T14:37:15Z,0,0,0,Versa 4
2026-05-21T14:37:16Z,0,0,0,Versa 4
2026-05-21T14:37:17Z,0,0,0,Versa 4
2026-05-21T14:37:18Z,0,0,0,Versa 4
2026-05-21T14:37:19Z,0,0,0,Versa 4
2026-05-21T14:37:20Z,0,0,304,Versa 4
2026-05-21T14:37:21Z,0,0,-304,Versa 4
2026-05-21T14:37:22Z,0,0,-304,Versa 4
2026-05-21T14:37:23Z,0,0,304,Versa 4
2026-05-21T14:37:24Z,3,0,0,Versa 4
2026-05-21T14:37:25Z,1,0,-304,Versa 4
2026-05-21T14:37:26Z,2,0,0,Versa 4
2026-05-21T14:37:27Z,2,0,304,Versa 4
2026-05-21T14:37:28Z,0,0,304,Versa 4
2026-05-21T14:37:29Z,2,0,-304,Versa 4
2026-05-21T14:37:30Z,1,0,-304,Versa 4
2026-05-21T14:37:31Z,3,0,-609,Versa 4
2026-05-21T14:37:32Z,2,150,304,Versa 4
2026-05-21T14:37:33Z,2,330,0,Versa 4
2026-05-21T14:37:34Z,2,550,-304,Versa 4
2026-05-21T14:37:35Z,1,740,914,Versa 4
2026-05-21T14:37:36Z,1,930,0,Versa 4
2026-05-21T14:37:37Z,2,1000,0,Versa 4
2026-05-21T14:37:38Z,2,1040,0,Versa 4
2026-05-21T14:37:39Z,2,1090,0,Versa 4
2026-05-21T14:37:40Z,2,1150,-609,Versa 4
2026-05-21T14:37:41Z,1,1200,304,Versa 4
2026-05-21T14:37:42Z,1,1290,304,Versa 4
2026-05-21T14:37:43Z,3,1330,0,Versa 4
2026-05-21T14:37:44Z,2,1360,0,Versa 4
2026-05-21T14:37:45Z,0,1350,0,Versa 4
2026-05-21T14:37:46Z,1,1340,0,Versa 4
2026-05-21T14:37:47Z,0,1340,304,Versa 4
2026-05-21T14:37:48Z,0,1120,0,Versa 4
2026-05-21T14:37:49Z,0,0,0,Versa 4
2026-05-21T14:37:50Z,0,0,0,Versa 4
2026-05-21T14:37:51Z,0,0,-304,Versa 4
2026-05-21T14:37:52Z,0,0,304,Versa 4
2026-05-21T14:37:53Z,0,0,0,Versa 4
2026-05-21T14:37:54Z,0,0,-304,Versa 4
2026-05-21T14:37:55Z,0,0,-304,Versa 4
2026-05-21T14:37:56Z,0,0,-304,Versa 4
2026-05-21T14:37:57Z,0,0,0,Versa 4
2026-05-21T14:37:58Z,0,0,304,Versa 4
2026-05-21T14:37:59Z,0,0,-304,Versa 4
2026-05-21T14:38:00Z,0,0,304,Versa 4
2026-05-21T14:38:01Z,0,0,0,Versa 4
2026-05-21T14:38:02Z,0,0,0,Versa 4
2026-05-21T14:38:03Z,0,0,304,Versa 4
2026-05-21T14:38:04Z,0,0,-304,Versa 4
2026-05-21T14:38:05Z,1,0,-304,Versa 4
2026-05-21T14:38:06Z,1,0,609,Versa 4
2026-05-21T14:38:07Z,1,0,0,Versa 4
2026-05-21T14:38:08Z,1,150,-609,Versa 4
2026-05-21T14:38:09Z,1,310,609,Versa 4
2026-05-21T14:38:10Z,1,450,0,Versa 4
2026-05-21T14:38:11Z,1,610,-304,Versa 4
2026-05-21T14:38:12Z,1,770,609,Versa 4
2026-05-21T14:38:13Z,0,720,-304,Versa 4
2026-05-21T14:38:14Z,1,700,-304,Versa 4
2026-05-21T14:38:15Z,0,630,-304,Versa 4
2026-05-21T14:38:16Z,0,0,609,Versa 4
2026-05-21T14:38:17Z,0,0,0,Versa 4
2026-05-21T14:38:18Z,0,0,0,Versa 4
2026-05-21T14:38:19Z,0,0,304,Versa 4
2026-05-21T14:38:20Z,0,0,-609,Versa 4
2026-05-21T14:38:21Z,0,0,304,Versa 4
2026-05-21T14:38:22Z,0,0,0,Versa 4
2026-05-21T14:38:23Z,0,0,-609,Versa 4
2026-05-21T14:38:24Z,0,0,609,Versa 4
2026-05-21T14:38:25Z,0,0,0,Versa 4
2026-05-21T14:38:26Z,0,0,-304,Versa 4
2026-05-21T14:38:27Z,0,0,0,Versa 4
2026-05-21T14:38:28Z,0,0,0,Versa 4
2026-05-21T14:38:29Z,0,0,0,Versa 4
2026-05-21T14:38:30Z,0,0,304,Versa 4
2026-05-21T14:38:31Z,0,0,-304,Versa 4
2026-05-21T14:38:32Z,0,0,0,Versa 4
2026-05-21T14:38:33Z,0,0,0,Versa 4
2026-05-21T14:38:34Z,0,0,-304,Versa 4
2026-05-21T14:38:35Z,0,0,0,Versa 4
2026-05-21T14:38:36Z,0,0,304,Versa 4
2026-05-21T14:38:37Z,0,0,-304,Versa 4
2026-05-21T14:38:38Z,0,0,609,Versa 4
2026-05-21T14:38:39Z,0,0,0,Versa 4
2026-05-21T14:38:40Z,0,0,-609,Versa 4
2026-05-21T14:38:41Z,2,0,304,Versa 4
2026-05-21T14:38:42Z,2,0,304,Versa 4
2026-05-21T14:38:43Z,0,0,-304,Versa 4
2026-05-21T14:38:44Z,0,0,304,Versa 4
2026-05-21T14:38:45Z,0,0,0,Versa 4
2026-05-21T14:38:46Z,0,0,304,Versa 4
2026-05-21T14:38:47Z,0,0,0,Versa 4
2026-05-21T14:38:48Z,0,0,-609,Versa 4
2026-05-21T14:38:49Z,0,0,609,Versa 4
2026-05-21T14:38:50Z,0,0,0,Versa 4
2026-05-21T14:38:51Z,0,0,0,Versa 4
2026-05-21T14:38:52Z,1,0,-304,Versa 4
2026-05-21T14:38:53Z,1,0,304,Versa 4
2026-05-21T14:38:54Z,1,0,-304,Versa 4
2026-05-21T14:38:55Z,1,150,0,Versa 4
2026-05-21T14:38:56Z,2,340,-914,Versa 4
2026-05-21T14:38:57Z,2,570,914,Versa 4
2026-05-21T14:38:58Z,2,800,0,Versa 4
2026-05-21T14:38:59Z,1,1020,-609,Versa 4
2026-05-21T14:39:00Z,2,1110,914,Versa 4
2026-05-21T14:39:01Z,3,1220,-304,Versa 4
2026-05-21T14:39:02Z,1,1260,-304,Versa 4
2026-05-21T14:39:03Z,1,1250,304,Versa 4
2026-05-21T14:39:04Z,2,1280,0,Versa 4
2026-05-21T14:39:05Z,0,1290,-304,Versa 4
2026-05-21T14:39:06Z,0,2090,0,Versa 4
2026-05-21T14:39:07Z,0,0,0,Versa 4
2026-05-21T14:39:08Z,0,0,-304,Versa 4
2026-05-21T14:39:09Z,0,0,914,Versa 4
2026-05-21T14:39:10Z,0,0,0,Versa 4
2026-05-21T14:39:11Z,0,0,-609,Versa 4
2026-05-21T14:39:12Z,0,0,0,Versa 4
2026-05-21T14:39:13Z,0,0,304,Versa 4
2026-05-21T14:39:14Z,0,0,-609,Versa 4
2026-05-21T14:39:15Z,0,0,304,Versa 4
2026-05-21T14:39:16Z,0,0,0,Versa 4
2026-05-21T14:39:17Z,0,0,0,Versa 4
2026-05-21T14:39:18Z,0,0,0,Versa 4
2026-05-21T14:39:19Z,0,0,-304,Versa 4
2026-05-21T14:39:20Z,0,0,304,Versa 4
2026-05-21T14:39:21Z,0,0,-304,Versa 4
2026-05-21T14:39:22Z,0,0,0,Versa 4
2026-05-21T14:39:23Z,0,0,304,Versa 4
2026-05-21T14:39:24Z,0,0,0,Versa 4
2026-05-21T14:39:25Z,0,0,0,Versa 4
2026-05-21T14:39:26Z,0,0,0,Versa 4
2026-05-21T14:39:27Z,0,0,-304,Versa 4
2026-05-21T14:39:28Z,0,0,0,Versa 4
2026-05-21T14:39:29Z,0,0,0,Versa 4
2026-05-21T14:39:30Z,0,0,304,Versa 4
2026-05-21T14:39:31Z,0,0,0,Versa 4
2026-05-21T14:39:32Z,0,0,0,Versa 4
2026-05-21T14:39:33Z,0,0,-304,Versa 4
2026-05-21T14:39:34Z,0,0,304,Versa 4
2026-05-21T14:39:35Z,0,0,0,Versa 4
2026-05-21T14:39:36Z,0,0,-304,Versa 4
2026-05-21T14:39:37Z,0,0,609,Versa 4
2026-05-21T14:39:38Z,0,0,-304,Versa 4
2026-05-21T14:39:39Z,0,0,0,Versa 4
2026-05-21T14:39:40Z,0,0,0,Versa 4
2026-05-21T14:39:41Z,0,0,0,Versa 4
2026-05-21T14:39:42Z,0,0,0,Versa 4
2026-05-21T14:39:43Z,0,0,304,Versa 4
2026-05-21T14:39:44Z,0,0,-304,Versa 4
2026-05-21T14:39:45Z,0,0,-304,Versa 4
2026-05-21T14:39:46Z,0,0,0,Versa 4
2026-05-21T14:39:47Z,0,0,1219,Versa 4
2026-05-21T14:39:48Z,0,0,304,Versa 4
2026-05-21T14:39:49Z,0,0,-304,Versa 4
2026-05-21T14:39:50Z,0,0,-304,Versa 4
2026-05-21T14:39:51Z,0,0,0,Versa 4
2026-05-21T14:39:52Z,0,0,1219,Versa 4
2026-05-21T14:39:53Z,0,0,-914,Versa 4
2026-05-21T14:39:54Z,1,0,0,Versa 4
2026-05-21T14:39:55Z,1,0,0,Versa 4
2026-05-21T14:39:56Z,2,0,609,Versa 4
2026-05-21T14:39:57Z,1,0,0,Versa 4
2026-05-21T14:39:58Z,1,0,-304,Versa 4
2026-05-21T14:39:59Z,0,0,-914,Versa 4
2026-05-21T14:40:00Z,3,0,609,Versa 4
2026-05-21T14:40:01Z,1,0,0,Versa 4
2026-05-21T14:40:02Z,0,0,-304,Versa 4
2026-05-21T14:40:03Z,1,0,0,Versa 4
2026-05-21T14:40:04Z,0,0,609,Versa 4
2026-05-21T14:40:05Z,2,0,-609,Versa 4
2026-05-21T14:40:06Z,0,0,304,Versa 4
2026-05-21T14:40:07Z,1,0,0,Versa 4
2026-05-21T14:40:08Z,2,150,-609,Versa 4
2026-05-21T14:40:09Z,0,270,304,Versa 4
2026-05-21T14:40:10Z,3,470,-304,Versa 4
2026-05-21T14:40:11Z,3,730,0,Versa 4
2026-05-21T14:40:12Z,1,970,-304,Versa 4
2026-05-21T14:40:13Z,3,1110,0,Versa 4
2026-05-21T14:40:14Z,1,1260,609,Versa 4
2026-05-21T14:40:15Z,2,1320,609,Versa 4
2026-05-21T14:40:16Z,2,1330,-914,Versa 4
2026-05-21T14:40:17Z,2,1390,0,Versa 4
2026-05-21T14:40:18Z,2,1450,0,Versa 4
2026-05-21T14:40:19Z,2,1490,0,Versa 4
2026-05-21T14:40:20Z,1,1480,-304,Versa 4
2026-05-21T14:40:21Z,2,1470,304,Versa 4
2026-05-21T14:40:22Z,2,1470,304,Versa 4
2026-05-21T14:40:23Z,2,1460,-304,Versa 4
2026-05-21T14:40:24Z,1,1470,-304,Versa 4
2026-05-21T14:40:25Z,3,1450,0,Versa 4
2026-05-21T14:40:26Z,2,1490,0,Versa 4
2026-05-21T14:40:27Z,2,1520,304,Versa 4
2026-05-21T14:40:28Z,2,1550,-304,Versa 4
2026-05-21T14:40:29Z,2,1600,304,Versa 4
2026-05-21T14:40:30Z,1,1600,-609,Versa 4
2026-05-21T14:40:31Z,2,1590,609,Versa 4
2026-05-21T14:40:32Z,2,1590,-304,Versa 4
2026-05-21T14:40:33Z,2,1580,304,Versa 4
2026-05-21T14:40:34Z,2,1590,-304,Versa 4
2026-05-21T14:40:35Z,1,1580,304,Versa 4
2026-05-21T14:40:36Z,1,1570,-304,Versa 4
2026-05-21T14:40:37Z,3,1570,-304,Versa 4
2026-05-21T14:40:38Z,1,1560,914,Versa 4
2026-05-21T14:40:39Z,2,1550,-304,Versa 4
2026-05-21T14:40:40Z,2,1560,609,Versa 4
2026-05-21T14:40:41Z,2,1560,-914,Versa 4
2026-05-21T14:40:42Z,2,1560,0,Versa 4
2026-05-21T14:40:43Z,2,1570,609,Versa 4
2026-05-21T14:40:44Z,2,1580,-304,Versa 4
2026-05-21T14:40:45Z,2,1580,-304,Versa 4
2026-05-21T14:40:46Z,2,1580,0,Versa 4
2026-05-21T14:40:47Z,2,1580,0,Versa 4
2026-05-21T14:40:48Z,2,1570,0,Versa 4
2026-05-21T14:40:49Z,2,1580,-304,Versa 4
2026-05-21T14:40:50Z,2,1580,-304,Versa 4
2026-05-21T14:40:51Z,2,1580,609,Versa 4
2026-05-21T14:40:52Z,2,1580,-304,Versa 4
2026-05-21T14:40:53Z,2,1580,0,Versa 4
2026-05-21T14:40:54Z,2,1580,304,Versa 4
2026-05-21T14:40:55Z,1,1580,-609,Versa 4
2026-05-21T14:40:56Z,2,1580,304,Versa 4
2026-05-21T14:40:57Z,2,1570,-304,Versa 4
2026-05-21T14:40:58Z,2,1570,609,Versa 4
2026-05-21T14:40:59Z,1,1500,-914,Versa 4
2026-05-21T14:41:00Z,1,1440,304,Versa 4
2026-05-21T14:41:01Z,3,1450,0,Versa 4
2026-05-21T14:41:02Z,3,1440,304,Versa 4
2026-05-21T14:41:03Z,1,1450,-609,Versa 4
2026-05-21T14:41:04Z,2,1450,-304,Versa 4
2026-05-21T14:41:05Z,2,1530,0,Versa 4
2026-05-21T14:41:06Z,2,1540,304,Versa 4
2026-05-21T14:41:07Z,2,1530,0,Versa 4
2026-05-21T14:41:08Z,2,1530,0,Versa 4
2026-05-21T14:41:09Z,2,1540,0,Versa 4
2026-05-21T14:41:10Z,2,1540,0,Versa 4
2026-05-21T14:41:11Z,1,1530,0,Versa 4
2026-05-21T14:41:12Z,2,1530,0,Versa 4
2026-05-21T14:41:13Z,2,1530,0,Versa 4
2026-05-21T14:41:14Z,2,1530,0,Versa 4
2026-05-21T14:41:15Z,1,1470,0,Versa 4
2026-05-21T14:41:16Z,2,1470,0,Versa 4
2026-05-21T14:41:17Z,2,1470,304,Versa 4
2026-05-21T14:41:18Z,1,1460,-304,Versa 4
2026-05-21T14:41:19Z,2,1460,0,Versa 4
2026-05-21T14:41:20Z,2,1460,0,Versa 4
2026-05-21T14:41:21Z,2,1460,-304,Versa 4
2026-05-21T14:41:22Z,1,1450,304,Versa 4
2026-05-21T14:41:23Z,2,1460,0,Versa 4
2026-05-21T14:41:24Z,2,1450,0,Versa 4
2026-05-21T14:41:25Z,2,1450,-304,Versa 4
2026-05-21T14:41:26Z,1,1450,0,Versa 4
2026-05-21T14:41:27Z,2,1440,0,Versa 4
2026-05-21T14:41:28Z,1,1450,0,Versa 4
2026-05-21T14:41:29Z,1,1370,0,Versa 4
2026-05-21T14:41:30Z,0,1220,0,Versa 4
2026-05-21T14:41:31Z,0,1080,0,Versa 4
2026-05-21T14:41:32Z,0,0,304,Versa 4
2026-05-21T14:41:33Z,0,0,-304,Versa 4
2026-05-21T14:41:34Z,0,0,0,Versa 4
2026-05-21T14:41:35Z,0,0,0,Versa 4
2026-05-21T14:41:36Z,2,0,304,Versa 4
2026-05-21T14:41:37Z,1,0,0,Versa 4
2026-05-21T14:41:38Z,2,0,0,Versa 4
2026-05-21T14:41:39Z,2,160,0,Versa 4
2026-05-21T14:41:40Z,2,350,0,Versa 4
2026-05-21T14:41:41Z,2,570,0,Versa 4
2026-05-21T14:41:42Z,2,800,0,Versa 4
2026-05-21T14:41:43Z,1,1040,-304,Versa 4
2026-05-21T14:41:44Z,2,1110,304,Versa 4
2026-05-21T14:41:45Z,2,1180,0,Versa 4
2026-05-21T14:41:46Z,2,1230,0,Versa 4
2026-05-21T14:41:47Z,2,1260,-609,Versa 4
2026-05-21T14:41:48Z,2,1340,609,Versa 4
2026-05-21T14:41:49Z,2,1450,-304,Versa 4
2026-05-21T14:41:50Z,1,1460,304,Versa 4
2026-05-21T14:41:51Z,2,1440,304,Versa 4
2026-05-21T14:41:52Z,1,1450,-304,Versa 4
2026-05-21T14:41:53Z,2,1430,0,Versa 4
2026-05-21T14:41:54Z,2,1440,0,Versa 4
2026-05-21T14:41:55Z,2,1440,304,Versa 4
2026-05-21T14:41:56Z,1,1440,-609,Versa 4
2026-05-21T14:41:57Z,2,1430,0,Versa 4
2026-05-21T14:41:58Z,2,1440,0,Versa 4
2026-05-21T14:41:59Z,2,1440,-304,Versa 4
2026-05-21T14:42:00Z,2,1440,-304,Versa 4
2026-05-21T14:42:01Z,2,1470,609,Versa 4
2026-05-21T14:42:02Z,2,1510,0,Versa 4
2026-05-21T14:42:03Z,2,1510,0,Versa 4
2026-05-21T14:42:04Z,2,1530,609,Versa 4
2026-05-21T14:42:05Z,2,1560,-304,Versa 4
2026-05-21T14:42:06Z,2,1550,304,Versa 4
2026-05-21T14:42:07Z,1,1560,0,Versa 4
2026-05-21T14:42:08Z,2,1540,-304,Versa 4
2026-05-21T14:42:09Z,2,1550,0,Versa 4
2026-05-21T14:42:10Z,2,1550,0,Versa 4
2026-05-21T14:42:11Z,1,1540,0,Versa 4
2026-05-21T14:42:12Z,1,1530,609,Versa 4
2026-05-21T14:42:13Z,3,1530,-304,Versa 4
2026-05-21T14:42:14Z,2,1530,-304,Versa 4
2026-05-21T14:42:15Z,1,1520,0,Versa 4
2026-05-21T14:42:16Z,2,1530,304,Versa 4
2026-05-21T14:42:17Z,2,1520,-304,Versa 4
2026-05-21T14:42:18Z,2,1520,609,Versa 4
2026-05-21T14:42:19Z,1,1520,-609,Versa 4
2026-05-21T14:42:20Z,2,1520,304,Versa 4
2026-05-21T14:42:21Z,2,1500,0,Versa 4
2026-05-21T14:42:22Z,2,1510,0,Versa 4
2026-05-21T14:42:23Z,2,1510,304,Versa 4
2026-05-21T14:42:24Z,1,1510,-609,Versa 4
2026-05-21T14:42:25Z,2,1500,0,Versa 4
2026-05-21T14:42:26Z,2,1500,0,Versa 4
2026-05-21T14:42:27Z,2,1500,-304,Versa 4
2026-05-21T14:42:28Z,1,1500,304,Versa 4
2026-05-21T14:42:29Z,2,1500,0,Versa 4
2026-05-21T14:42:30Z,2,1490,0,Versa 4
2026-05-21T14:42:31Z,1,1490,-609,Versa 4
2026-05-21T14:42:32Z,1,1400,0,Versa 4
2026-05-21T14:42:33Z,2,1400,0,Versa 4
2026-05-21T14:42:34Z,2,1390,609,Versa 4
2026-05-21T14:42:35Z,2,1390,0,Versa 4
2026-05-21T14:42:36Z,2,1390,0,Versa 4
2026-05-21T14:42:37Z,2,1440,-609,Versa 4
2026-05-21T14:42:38Z,2,1490,0,Versa 4
2026-05-21T14:42:39Z,2,1490,0,Versa 4
2026-05-21T14:42:40Z,1,1490,0,Versa 4
2026-05-21T14:42:41Z,2,1480,304,Versa 4
2026-05-21T14:42:42Z,2,1480,0,Versa 4
2026-05-21T14:42:43Z,2,1490,0,Versa 4
2026-05-21T14:42:44Z,2,1480,304,Versa 4
2026-05-21T14:42:45Z,2,1490,-304,Versa 4
2026-05-21T14:42:46Z,2,1490,0,Versa 4
2026-05-21T14:42:47Z,1,1490,304,Versa 4
2026-05-21T14:42:48Z,2,1490,-609,Versa 4
2026-05-21T14:42:49Z,2,1480,609,Versa 4
2026-05-21T14:42:50Z,2,1490,-304,Versa 4
2026-05-21T14:42:51Z,2,1480,-304,Versa 4
2026-05-21T14:42:52Z,2,1490,609,Versa 4
2026-05-21T14:42:53Z,1,1490,0,Versa 4
2026-05-21T14:42:54Z,2,1480,0,Versa 4
2026-05-21T14:42:55Z,2,1480,0,Versa 4
2026-05-21T14:42:56Z,2,1490,0,Versa 4
2026-05-21T14:42:57Z,2,1480,0,Versa 4
2026-05-21T14:42:58Z,1,1490,0,Versa 4
2026-05-21T14:42:59Z,2,1480,0,Versa 4
2026-05-21T14:43:00Z,2,1490,0,Versa 4
2026-05-21T14:43:01Z,2,1470,0,Versa 4
2026-05-21T14:43:02Z,2,1480,304,Versa 4
2026-05-21T14:43:03Z,1,1480,-304,Versa 4
2026-05-21T14:43:04Z,2,1470,-304,Versa 4
2026-05-21T14:43:05Z,2,1480,304,Versa 4
2026-05-21T14:43:06Z,2,1480,0,Versa 4
2026-05-21T14:43:07Z,1,1460,0,Versa 4
2026-05-21T14:43:08Z,2,1470,304,Versa 4
2026-05-21T14:43:09Z,2,1470,0,Versa 4
2026-05-21T14:43:10Z,2,1470,0,Versa 4
2026-05-21T14:43:11Z,1,1470,0,Versa 4
2026-05-21T14:43:12Z,2,1470,304,Versa 4
2026-05-21T14:43:13Z,2,1460,-304,Versa 4
2026-05-21T14:43:14Z,1,1460,0,Versa 4
2026-05-21T14:43:15Z,2,1450,0,Versa 4
2026-05-21T14:43:16Z,2,1460,0,Versa 4
2026-05-21T14:43:17Z,2,1450,-304,Versa 4
2026-05-21T14:43:18Z,1,1450,304,Versa 4
2026-05-21T14:43:19Z,2,1460,0,Versa 4
2026-05-21T14:43:20Z,2,1450,304,Versa 4
2026-05-21T14:43:21Z,2,1450,0,Versa 4
2026-05-21T14:43:22Z,2,1460,0,Versa 4
2026-05-21T14:43:23Z,1,1450,0,Versa 4
2026-05-21T14:43:24Z,2,1450,-304,Versa 4
2026-05-21T14:43:25Z,2,1450,0,Versa 4
2026-05-21T14:43:26Z,2,1460,304,Versa 4
2026-05-21T14:43:27Z,2,1450,-609,Versa 4
2026-05-21T14:43:28Z,2,1450,609,Versa 4
2026-05-21T14:43:29Z,2,1470,-304,Versa 4
2026-05-21T14:43:30Z,1,1460,304,Versa 4
2026-05-21T14:43:31Z,2,1460,-609,Versa 4
2026-05-21T14:43:32Z,2,1460,304,Versa 4
2026-05-21T14:43:33Z,2,1460,-304,Versa 4
2026-05-21T14:43:34Z,1,1450,0,Versa 4
2026-05-21T14:43:35Z,2,1460,304,Versa 4
2026-05-21T14:43:36Z,2,1450,-304,Versa 4
2026-05-21T14:43:37Z,2,1450,0,Versa 4
2026-05-21T14:43:38Z,2,1450,304,Versa 4
2026-05-21T14:43:39Z,2,1460,-304,Versa 4
2026-05-21T14:43:40Z,1,1450,-609,Versa 4
2026-05-21T14:43:41Z,2,1450,304,Versa 4
2026-05-21T14:43:42Z,2,1460,304,Versa 4
2026-05-21T14:43:43Z,2,1460,304,Versa 4
2026-05-21T14:43:44Z,2,1450,-304,Versa 4
2026-05-21T14:43:45Z,2,1450,-304,Versa 4
2026-05-21T14:43:46Z,1,1460,304,Versa 4
2026-05-21T14:43:47Z,2,1450,0,Versa 4
2026-05-21T14:43:48Z,2,1450,0,Versa 4
2026-05-21T14:43:49Z,2,1460,0,Versa 4
2026-05-21T14:43:50Z,2,1450,304,Versa 4
2026-05-21T14:43:51Z,1,1450,-304,Versa 4
2026-05-21T14:43:52Z,2,1460,-304,Versa 4
2026-05-21T14:43:53Z,2,1450,304,Versa 4
2026-05-21T14:43:54Z,2,1450,-304,Versa 4
2026-05-21T14:43:55Z,2,1450,0,Versa 4
2026-05-21T14:43:56Z,1,1460,0,Versa 4
2026-05-21T14:43:57Z,2,1450,304,Versa 4
2026-05-21T14:43:58Z,2,1450,304,Versa 4
2026-05-21T14:43:59Z,2,1460,-914,Versa 4
2026-05-21T14:44:00Z,2,1450,304,Versa 4
2026-05-21T14:44:01Z,1,1450,304,Versa 4
2026-05-21T14:44:02Z,2,1460,0,Versa 4
2026-05-21T14:44:03Z,2,1450,0,Versa 4
2026-05-21T14:44:04Z,2,1450,0,Versa 4
2026-05-21T14:44:05Z,2,1460,-304,Versa 4
2026-05-21T14:44:06Z,2,1450,304,Versa 4
2026-05-21T14:44:07Z,2,1460,0,Versa 4
2026-05-21T14:44:08Z,1,1460,0,Versa 4
2026-05-21T14:44:09Z,2,1460,-304,Versa 4
2026-05-21T14:44:10Z,2,1460,304,Versa 4
2026-05-21T14:44:11Z,2,1460,0,Versa 4
2026-05-21T14:44:12Z,2,1460,0,Versa 4
2026-05-21T14:44:13Z,1,1470,0,Versa 4
2026-05-21T14:44:14Z,2,1460,0,Versa 4
2026-05-21T14:44:15Z,2,1460,-304,Versa 4
2026-05-21T14:44:16Z,2,1460,304,Versa 4
2026-05-21T14:44:17Z,2,1460,-304,Versa 4
2026-05-21T14:44:18Z,2,1460,-304,Versa 4
2026-05-21T14:44:19Z,1,1460,304,Versa 4
2026-05-21T14:44:20Z,2,1460,304,Versa 4
2026-05-21T14:44:21Z,2,1460,-304,Versa 4
2026-05-21T14:44:22Z,1,1460,0,Versa 4
2026-05-21T14:44:23Z,2,1450,-304,Versa 4
2026-05-21T14:44:24Z,2,1450,609,Versa 4
2026-05-21T14:44:25Z,2,1460,-609,Versa 4
2026-05-21T14:44:26Z,2,1450,0,Versa 4
2026-05-21T14:44:27Z,1,1450,304,Versa 4
2026-05-21T14:44:28Z,2,1450,-304,Versa 4
2026-05-21T14:44:29Z,2,1460,304,Versa 4
2026-05-21T14:44:30Z,2,1450,-304,Versa 4
2026-05-21T14:44:31Z,1,1450,0,Versa 4
2026-05-21T14:44:32Z,2,1440,304,Versa 4
2026-05-21T14:44:33Z,2,1450,-304,Versa 4
2026-05-21T14:44:34Z,1,1440,0,Versa 4
2026-05-21T14:44:35Z,2,1440,304,Versa 4
2026-05-21T14:44:36Z,2,1440,0,Versa 4
2026-05-21T14:44:37Z,1,1430,-304,Versa 4
2026-05-21T14:44:38Z,2,1430,0,Versa 4
2026-05-21T14:44:39Z,1,1430,304,Versa 4
2026-05-21T14:44:40Z,2,1430,0,Versa 4
2026-05-21T14:44:41Z,2,1420,-304,Versa 4
2026-05-21T14:44:42Z,1,1420,0,Versa 4
2026-05-21T14:44:43Z,1,1340,0,Versa 4
2026-05-21T14:44:44Z,3,1350,0,Versa 4
2026-05-21T14:44:45Z,2,1350,304,Versa 4
2026-05-21T14:44:46Z,1,1350,-304,Versa 4
2026-05-21T14:44:47Z,2,1350,-304,Versa 4
2026-05-21T14:44:48Z,2,1420,0,Versa 4
2026-05-21T14:44:49Z,1,1410,0,Versa 4
2026-05-21T14:44:50Z,2,1410,304,Versa 4
2026-05-21T14:44:51Z,2,1400,0,Versa 4
2026-05-21T14:44:52Z,1,1410,-304,Versa 4
2026-05-21T14:44:53Z,2,1410,304,Versa 4
2026-05-21T14:44:54Z,2,1400,0,Versa 4
2026-05-21T14:44:55Z,1,1400,0,Versa 4
2026-05-21T14:44:56Z,2,1400,0,Versa 4
2026-05-21T14:44:57Z,2,1400,0,Versa 4
2026-05-21T14:44:58Z,1,1400,0,Versa 4
2026-05-21T14:44:59Z,2,1390,-304,Versa 4
2026-05-21T14:45:00Z,2,1390,609,Versa 4
2026-05-21T14:45:01Z,1,1390,0,Versa 4
2026-05-21T14:45:02Z,0,1290,-304,Versa 4
2026-05-21T14:45:03Z,0,1160,0,Versa 4
2026-05-21T14:45:04Z,0,990,0,Versa 4
2026-05-21T14:45:05Z,0,0,0,Versa 4
2026-05-21T14:45:06Z,0,0,-304,Versa 4
2026-05-21T14:45:07Z,0,0,304,Versa 4
2026-05-21T14:45:08Z,0,0,0,Versa 4
2026-05-21T14:45:09Z,0,0,-304,Versa 4
2026-05-21T14:45:10Z,0,0,304,Versa 4
2026-05-21T14:45:11Z,0,0,-304,Versa 4
2026-05-21T14:45:12Z,0,0,304,Versa 4
2026-05-21T14:45:13Z,0,0,-304,Versa 4
2026-05-21T14:45:14Z,0,0,0,Versa 4
2026-05-21T14:45:15Z,0,0,304,Versa 4
2026-05-21T14:45:16Z,0,0,0,Versa 4
2026-05-21T14:45:17Z,0,0,0,Versa 4
2026-05-21T14:45:18Z,0,0,-304,Versa 4
2026-05-21T14:45:19Z,0,0,609,Versa 4
2026-05-21T14:45:20Z,2,0,0,Versa 4
2026-05-21T14:45:21Z,2,0,0,Versa 4
2026-05-21T14:45:22Z,0,0,0,Versa 4
2026-05-21T14:45:23Z,2,0,-304,Versa 4
2026-05-21T14:45:24Z,2,0,-304,Versa 4
2026-05-21T14:45:25Z,1,150,304,Versa 4
2026-05-21T14:45:26Z,2,340,0,Versa 4
2026-05-21T14:45:27Z,1,530,0,Versa 4
2026-05-21T14:45:28Z,1,690,-914,Versa 4
2026-05-21T14:45:29Z,1,870,304,Versa 4
2026-05-21T14:45:30Z,2,920,-609,Versa 4
2026-05-21T14:45:31Z,2,960,-304,Versa 4
2026-05-21T14:45:32Z,2,1020,609,Versa 4
2026-05-21T14:45:33Z,1,1070,-304,Versa 4
2026-05-21T14:45:34Z,2,1150,0,Versa 4
2026-05-21T14:45:35Z,2,1260,304,Versa 4
2026-05-21T14:45:36Z,0,1240,0,Versa 4
2026-05-21T14:45:37Z,2,1200,0,Versa 4
2026-05-21T14:45:38Z,2,1230,304,Versa 4
2026-05-21T14:45:39Z,2,1240,-304,Versa 4
2026-05-21T14:45:40Z,0,1230,304,Versa 4
2026-05-21T14:45:41Z,0,1230,609,Versa 4
2026-05-21T14:45:42Z,0,1080,-609,Versa 4
2026-05-21T14:45:43Z,0,0,304,Versa 4
2026-05-21T14:45:44Z,0,0,0,Versa 4
2026-05-21T14:45:45Z,0,0,304,Versa 4
2026-05-21T14:45:46Z,0,0,-609,Versa 4
2026-05-21T14:45:47Z,0,0,609,Versa 4
2026-05-21T14:45:48Z,0,0,0,Versa 4
2026-05-21T14:45:49Z,0,0,-609,Versa 4
2026-05-21T14:45:50Z,0,0,609,Versa 4
2026-05-21T14:45:51Z,0,0,0,Versa 4
2026-05-21T14:45:52Z,0,0,-609,Versa 4
2026-05-21T14:45:53Z,0,0,304,Versa 4
2026-05-21T14:45:54Z,0,0,304,Versa 4
2026-05-21T14:45:55Z,0,0,0,Versa 4
2026-05-21T14:45:56Z,0,0,0,Versa 4
2026-05-21T14:45:57Z,0,0,0,Versa 4
2026-05-21T14:45:58Z,0,0,-609,Versa 4
2026-05-21T14:45:59Z,0,0,0,Versa 4
2026-05-21T14:46:00Z,0,0,304,Versa 4
2026-05-21T14:46:01Z,0,0,-304,Versa 4
2026-05-21T14:46:02Z,0,0,304,Versa 4
2026-05-21T14:46:03Z,0,0,0,Versa 4
2026-05-21T14:46:04Z,0,0,-304,Versa 4
2026-05-21T14:46:05Z,0,0,0,Versa 4
2026-05-21T14:46:06Z,0,0,304,Versa 4
2026-05-21T14:46:07Z,0,0,0,Versa 4
2026-05-21T14:46:08Z,0,0,304,Versa 4
2026-05-21T14:46:09Z,0,0,304,Versa 4
2026-05-21T14:46:10Z,0,0,-304,Versa 4
2026-05-21T14:46:11Z,0,0,-304,Versa 4
2026-05-21T14:46:12Z,0,0,0,Versa 4
2026-05-21T14:46:13Z,0,0,0,Versa 4
2026-05-21T14:46:14Z,0,0,0,Versa 4
2026-05-21T14:46:15Z,0,0,304,Versa 4
2026-05-21T14:46:16Z,0,0,0,Versa 4
2026-05-21T14:46:17Z,0,0,0,Versa 4
2026-05-21T14:46:18Z,0,0,-304,Versa 4
2026-05-21T14:46:19Z,0,0,304,Versa 4
2026-05-21T14:46:20Z,0,0,304,Versa 4
2026-05-21T14:46:21Z,0,0,-609,Versa 4
2026-05-21T14:46:22Z,0,0,0,Versa 4
2026-05-21T14:46:23Z,0,0,0,Versa 4
2026-05-21T14:46:24Z,0,0,0,Versa 4
2026-05-21T14:46:25Z,0,0,0,Versa 4
2026-05-21T14:46:26Z,0,0,609,Versa 4
2026-05-21T14:46:27Z,0,0,0,Versa 4
2026-05-21T14:46:28Z,0,0,-304,Versa 4
2026-05-21T14:46:29Z,0,0,304,Versa 4
2026-05-21T14:46:30Z,0,0,-304,Versa 4
2026-05-21T14:46:31Z,0,0,304,Versa 4
2026-05-21T14:46:32Z,0,0,-609,Versa 4
2026-05-21T14:46:33Z,0,0,0,Versa 4
2026-05-21T14:46:34Z,0,0,609,Versa 4
2026-05-21T14:46:35Z,0,0,0,Versa 4
2026-05-21T14:46:36Z,0,0,-609,Versa 4
2026-05-21T14:46:37Z,0,0,304,Versa 4
2026-05-21T14:46:38Z,0,0,0,Versa 4
2026-05-21T14:46:39Z,0,0,0,Versa 4
2026-05-21T14:46:40Z,0,0,0,Versa 4
2026-05-21T14:46:41Z,0,0,304,Versa 4
2026-05-21T14:46:42Z,0,0,0,Versa 4
2026-05-21T14:46:43Z,0,0,-304,Versa 4
2026-05-21T14:46:44Z,0,0,-304,Versa 4
2026-05-21T14:46:45Z,0,0,0,Versa 4
2026-05-21T14:46:46Z,0,0,609,Versa 4
2026-05-21T14:46:47Z,0,0,-304,Versa 4
2026-05-21T14:46:48Z,0,0,0,Versa 4
2026-05-21T14:46:49Z,0,0,0,Versa 4
2026-05-21T14:46:50Z,0,0,-609,Versa 4
2026-05-21T14:46:51Z,0,0,914,Versa 4
2026-05-21T14:46:52Z,0,0,-304,Versa 4
2026-05-21T14:46:53Z,0,0,0,Versa 4
2026-05-21T14:46:54Z,0,0,-304,Versa 4
2026-05-21T14:46:55Z,0,0,-304,Versa 4
2026-05-21T14:46:56Z,0,0,304,Versa 4
2026-05-21T14:46:57Z,0,0,304,Versa 4
2026-05-21T14:46:58Z,0,0,0,Versa 4
2026-05-21T14:46:59Z,0,0,-914,Versa 4
2026-05-21T14:47:00Z,0,0,914,Versa 4
2026-05-21T14:47:01Z,0,0,0,Versa 4
2026-05-21T14:47:02Z,0,0,0,Versa 4
2026-05-21T14:47:03Z,0,0,0,Versa 4
2026-05-21T14:47:04Z,2,0,0,Versa 4
2026-05-21T14:47:05Z,2,0,0,Versa 4
2026-05-21T14:47:06Z,0,0,0,Versa 4
2026-05-21T14:47:07Z,0,0,304,Versa 4
2026-05-21T14:47:08Z,0,0,-914,Versa 4
2026-05-21T14:47:09Z,0,0,0,Versa 4
2026-05-21T14:47:10Z,0,0,304,Versa 4
2026-05-21T14:47:11Z,0,0,0,Versa 4
2026-05-21T14:47:12Z,0,0,304,Versa 4
2026-05-21T14:47:13Z,0,0,0,Versa 4
2026-05-21T14:47:14Z,0,0,-304,Versa 4
2026-05-21T14:47:15Z,0,0,304,Versa 4
2026-05-21T14:47:16Z,0,0,-304,Versa 4
2026-05-21T14:47:17Z,0,0,0,Versa 4
2026-05-21T14:47:18Z,0,0,304,Versa 4
2026-05-21T14:47:19Z,0,0,0,Versa 4
2026-05-21T14:47:20Z,0,0,-304,Versa 4
2026-05-21T14:47:21Z,0,0,0,Versa 4
2026-05-21T14:47:22Z,0,0,304,Versa 4
2026-05-21T14:47:23Z,0,0,-304,Versa 4
2026-05-21T14:47:24Z,0,0,0,Versa 4
2026-05-21T14:47:25Z,0,0,-304,Versa 4
2026-05-21T14:47:26Z,0,0,304,Versa 4
2026-05-21T14:47:27Z,0,0,0,Versa 4
2026-05-21T14:47:28Z,0,0,304,Versa 4
2026-05-21T14:47:29Z,0,0,0,Versa 4
2026-05-21T14:47:30Z,0,0,0,Versa 4
2026-05-21T14:47:31Z,0,0,0,Versa 4
2026-05-21T14:47:32Z,0,0,0,Versa 4
2026-05-21T14:47:33Z,0,0,-304,Versa 4
2026-05-21T14:47:34Z,0,0,304,Versa 4
2026-05-21T14:47:35Z,0,0,-304,Versa 4
2026-05-21T14:47:36Z,0,0,0,Versa 4
2026-05-21T14:47:37Z,0,0,0,Versa 4
2026-05-21T14:47:38Z,0,0,0,Versa 4
2026-05-21T14:47:39Z,0,0,0,Versa 4
2026-05-21T14:47:40Z,0,0,304,Versa 4
2026-05-21T14:47:41Z,0,0,-304,Versa 4
2026-05-21T14:47:42Z,0,0,0,Versa 4
2026-05-21T14:47:43Z,0,0,304,Versa 4
2026-05-21T14:47:44Z,0,0,-304,Versa 4
2026-05-21T14:47:45Z,0,0,0,Versa 4
2026-05-21T14:47:46Z,0,0,0,Versa 4
2026-05-21T14:47:47Z,0,0,304,Versa 4
2026-05-21T14:47:48Z,0,0,-304,Versa 4
2026-05-21T14:47:49Z,0,0,0,Versa 4
2026-05-21T14:47:50Z,0,0,0,Versa 4
2026-05-21T14:47:51Z,0,0,0,Versa 4
2026-05-21T14:47:52Z,0,0,-304,Versa 4
2026-05-21T14:47:53Z,0,0,304,Versa 4
2026-05-21T14:47:54Z,0,0,0,Versa 4
2026-05-21T14:47:55Z,0,0,609,Versa 4
2026-05-21T14:47:56Z,0,0,-304,Versa 4
2026-05-21T14:47:57Z,0,0,304,Versa 4
2026-05-21T14:47:58Z,0,0,-914,Versa 4
2026-05-21T14:47:59Z,0,0,304,Versa 4
2026-05-21T14:48:00Z,0,0,0,Versa 4
2026-05-21T14:48:01Z,0,0,609,Versa 4
2026-05-21T14:48:02Z,0,0,0,Versa 4
2026-05-21T14:48:03Z,0,0,-304,Versa 4
2026-05-21T14:48:04Z,0,0,304,Versa 4
2026-05-21T14:48:05Z,0,0,-304,Versa 4
2026-05-21T14:48:06Z,0,0,0,Versa 4
2026-05-21T14:48:07Z,0,0,0,Versa 4
2026-05-21T14:48:08Z,0,0,0,Versa 4
2026-05-21T14:48:09Z,0,0,0,Versa 4
2026-05-21T14:48:10Z,0,0,0,Versa 4
2026-05-21T14:48:11Z,0,0,0,Versa 4
2026-05-21T14:48:12Z,0,0,304,Versa 4
2026-05-21T14:48:13Z,0,0,-304,Versa 4
2026-05-21T14:48:14Z,0,0,0,Versa 4
2026-05-21T14:48:15Z,0,0,304,Versa 4
2026-05-21T14:48:16Z,0,0,-914,Versa 4
2026-05-21T14:48:17Z,0,0,304,Versa 4
2026-05-21T14:48:18Z,0,0,304,Versa 4
2026-05-21T14:48:19Z,0,0,304,Versa 4
2026-05-21T14:48:20Z,0,0,0,Versa 4
2026-05-21T14:48:21Z,0,0,0,Versa 4
2026-05-21T14:48:22Z,0,0,0,Versa 4
2026-05-21T14:48:23Z,0,0,0,Versa 4
2026-05-21T14:48:24Z,0,0,0,Versa 4
2026-05-21T14:48:25Z,0,0,304,Versa 4
2026-05-21T14:48:26Z,0,0,-304,Versa 4
2026-05-21T14:48:27Z,0,0,304,Versa 4
2026-05-21T14:48:28Z,0,0,-304,Versa 4
2026-05-21T14:48:29Z,0,0,-304,Versa 4
2026-05-21T14:48:30Z,0,0,304,Versa 4
2026-05-21T14:48:31Z,0,0,-304,Versa 4
2026-05-21T14:48:32Z,0,0,0,Versa 4
2026-05-21T14:48:33Z,0,0,0,Versa 4
2026-05-21T14:48:34Z,0,0,-304,Versa 4
2026-05-21T14:48:35Z,0,0,609,Versa 4
2026-05-21T14:48:36Z,0,0,-304,Versa 4
2026-05-21T14:48:37Z,0,0,304,Versa 4
2026-05-21T14:48:38Z,0,0,-304,Versa 4
2026-05-21T14:48:39Z,0,0,304,Versa 4
2026-05-21T14:48:40Z,0,0,-304,Versa 4
2026-05-21T14:48:41Z,0,0,-304,Versa 4
2026-05-21T14:48:42Z,0,0,609,Versa 4
2026-05-21T14:48:43Z,0,0,-609,Versa 4
2026-05-21T14:48:44Z,0,0,304,Versa 4
2026-05-21T14:48:45Z,2,0,304,Versa 4
2026-05-21T14:48:46Z,2,0,304,Versa 4
2026-05-21T14:48:47Z,0,0,-609,Versa 4
2026-05-21T14:48:48Z,0,0,304,Versa 4
2026-05-21T14:48:49Z,0,0,-304,Versa 4
2026-05-21T14:48:50Z,0,0,0,Versa 4
2026-05-21T14:48:51Z,0,0,304,Versa 4
2026-05-21T14:48:52Z,0,0,-304,Versa 4
2026-05-21T14:48:53Z,0,0,0,Versa 4
2026-05-21T14:48:54Z,0,0,0,Versa 4
2026-05-21T14:48:55Z,0,0,0,Versa 4
2026-05-21T14:48:56Z,0,0,304,Versa 4
2026-05-21T14:48:57Z,0,0,-304,Versa 4
2026-05-21T14:48:58Z,0,0,-304,Versa 4
2026-05-21T14:48:59Z,0,0,609,Versa 4
2026-05-21T14:49:00Z,0,0,-304,Versa 4
2026-05-21T14:49:01Z,0,0,304,Versa 4
2026-05-21T14:49:02Z,0,0,-304,Versa 4
2026-05-21T14:49:03Z,0,0,0,Versa 4
2026-05-21T14:49:04Z,0,0,0,Versa 4
2026-05-21T14:49:05Z,0,0,-304,Versa 4
2026-05-21T14:49:06Z,0,0,609,Versa 4
2026-05-21T14:49:07Z,0,0,0,Versa 4
2026-05-21T14:49:08Z,0,0,-304,Versa 4
2026-05-21T14:49:09Z,0,0,0,Versa 4
2026-05-21T14:49:10Z,0,0,0,Versa 4
2026-05-21T14:49:11Z,0,0,0,Versa 4
2026-05-21T14:49:12Z,0,0,304,Versa 4
2026-05-21T14:49:13Z,0,0,-304,Versa 4
2026-05-21T14:49:14Z,0,0,304,Versa 4
2026-05-21T15:13:54Z,1,0,0,Versa 4
2026-05-21T15:13:55Z,1,0,0,Versa 4
2026-05-21T15:13:56Z,2,130,-304,Versa 4
2026-05-21T15:13:57Z,2,240,304,Versa 4
2026-05-21T15:13:58Z,2,240,304,Versa 4
2026-05-21T15:13:59Z,1,370,0,Versa 4
2026-05-21T15:14:00Z,2,510,-304,Versa 4
2026-05-21T15:14:01Z,2,670,304,Versa 4
2026-05-21T15:14:02Z,1,760,0,Versa 4
2026-05-21T15:14:03Z,2,830,0,Versa 4
2026-05-21T15:14:04Z,2,910,-609,Versa 4
2026-05-21T15:14:05Z,1,950,609,Versa 4
2026-05-21T15:14:06Z,2,970,304,Versa 4
2026-05-21T15:14:07Z,1,1230,0,Versa 4
2026-05-21T15:14:08Z,2,1240,-304,Versa 4
2026-05-21T15:14:09Z,1,1210,304,Versa 4
2026-05-21T15:14:10Z,2,1230,0,Versa 4
2026-05-21T15:14:11Z,2,1240,0,Versa 4
2026-05-21T15:14:12Z,0,1250,0,Versa 4
2026-05-21T15:14:13Z,1,1230,0,Versa 4
2026-05-21T15:14:14Z,2,1230,-304,Versa 4
2026-05-21T15:14:15Z,0,1220,0,Versa 4
2026-05-21T15:14:16Z,0,1030,304,Versa 4
2026-05-21T15:14:17Z,0,890,-304,Versa 4
2026-05-21T15:14:18Z,0,0,304,Versa 4
2026-05-21T15:14:19Z,0,0,-304,Versa 4
2026-05-21T15:14:20Z,0,0,0,Versa 4
2026-05-21T15:14:21Z,0,0,304,Versa 4
2026-05-21T15:14:22Z,0,0,0,Versa 4
2026-05-21T15:14:23Z,1,0,0,Versa 4
2026-05-21T15:14:24Z,1,0,0,Versa 4
2026-05-21T15:14:25Z,1,0,-304,Versa 4
2026-05-21T15:14:26Z,1,0,609,Versa 4
2026-05-21T15:14:27Z,1,0,0,Versa 4
2026-05-21T15:14:28Z,1,140,-304,Versa 4
2026-05-21T15:14:29Z,3,360,0,Versa 4
2026-05-21T15:14:30Z,1,550,609,Versa 4
2026-05-21T15:14:31Z,2,780,304,Versa 4
2026-05-21T15:14:32Z,2,1010,0,Versa 4
2026-05-21T15:14:33Z,2,1130,304,Versa 4
2026-05-21T15:14:34Z,1,1130,304,Versa 4
2026-05-21T15:14:35Z,3,1220,914,Versa 4
2026-05-21T15:14:36Z,1,1240,304,Versa 4
2026-05-21T15:14:37Z,2,1260,0,Versa 4
2026-05-21T15:14:38Z,1,1360,0,Versa 4
2026-05-21T15:14:39Z,2,1380,304,Versa 4
2026-05-21T15:14:40Z,1,1370,0,Versa 4
2026-05-21T15:14:41Z,2,1360,-609,Versa 4
2026-05-21T15:14:42Z,1,1340,0,Versa 4
2026-05-21T15:14:43Z,1,1340,-304,Versa 4
2026-05-21T15:14:44Z,2,1340,609,Versa 4
2026-05-21T15:14:45Z,2,1340,304,Versa 4
2026-05-21T15:14:46Z,1,1320,0,Versa 4
2026-05-21T15:14:47Z,3,1360,-304,Versa 4
2026-05-21T15:14:48Z,2,1420,0,Versa 4
2026-05-21T15:14:49Z,2,1470,304,Versa 4
2026-05-21T15:14:50Z,2,1500,-304,Versa 4
2026-05-21T15:14:51Z,2,1570,-304,Versa 4
2026-05-21T15:14:52Z,1,1570,0,Versa 4
2026-05-21T15:14:53Z,2,1560,0,Versa 4
2026-05-21T15:14:54Z,2,1550,-304,Versa 4
2026-05-21T15:14:55Z,1,1560,-304,Versa 4
2026-05-21T15:14:56Z,0,1400,304,Versa 4
2026-05-21T15:14:57Z,2,1400,304,Versa 4
2026-05-21T15:14:58Z,0,1250,-304,Versa 4
2026-05-21T15:14:59Z,0,1060,304,Versa 4
2026-05-21T15:15:00Z,0,0,-304,Versa 4
2026-05-21T15:15:01Z,0,0,609,Versa 4
2026-05-21T15:15:02Z,0,0,-304,Versa 4
2026-05-21T15:15:03Z,0,0,0,Versa 4
2026-05-21T15:15:04Z,0,0,304,Versa 4
2026-05-21T15:15:05Z,2,0,0,Versa 4
2026-05-21T15:15:06Z,0,0,0,Versa 4
2026-05-21T15:15:07Z,2,150,-609,Versa 4
2026-05-21T15:15:08Z,2,350,0,Versa 4
2026-05-21T15:15:09Z,2,560,0,Versa 4
2026-05-21T15:15:10Z,3,840,609,Versa 4
2026-05-21T15:15:11Z,1,1070,-304,Versa 4
2026-05-21T15:15:12Z,2,1190,0,Versa 4
2026-05-21T15:15:13Z,1,1240,-304,Versa 4
2026-05-21T15:15:14Z,2,1260,0,Versa 4
2026-05-21T15:15:15Z,1,1210,0,Versa 4
2026-05-21T15:15:16Z,1,1180,0,Versa 4
2026-05-21T15:15:17Z,3,1260,-914,Versa 4
2026-05-21T15:15:18Z,1,1260,-609,Versa 4
2026-05-21T15:15:19Z,2,1260,0,Versa 4
2026-05-21T15:15:20Z,2,1300,-609,Versa 4
2026-05-21T15:15:21Z,1,1340,0,Versa 4
2026-05-21T15:15:22Z,0,1240,-304,Versa 4
2026-05-21T15:15:23Z,0,1130,0,Versa 4
2026-05-21T15:15:24Z,0,970,0,Versa 4
2026-05-21T15:15:25Z,0,0,0,Versa 4
2026-05-21T15:15:26Z,0,0,609,Versa 4
2026-05-21T15:15:27Z,0,0,-304,Versa 4
2026-05-21T15:15:28Z,0,0,0,Versa 4
2026-05-21T15:15:29Z,0,0,-304,Versa 4
2026-05-21T15:15:30Z,0,0,304,Versa 4
2026-05-21T15:15:31Z,0,0,0,Versa 4
2026-05-21T15:15:32Z,0,0,0,Versa 4
2026-05-21T15:15:33Z,0,0,0,Versa 4
2026-05-21T15:15:34Z,0,0,0,Versa 4
2026-05-21T15:15:35Z,0,0,-304,Versa 4
2026-05-21T15:15:36Z,0,0,304,Versa 4
2026-05-21T15:15:37Z,2,0,0,Versa 4
2026-05-21T15:15:38Z,2,0,0,Versa 4
2026-05-21T15:15:39Z,0,0,0,Versa 4
2026-05-21T15:15:40Z,0,0,0,Versa 4
2026-05-21T15:15:41Z,0,0,0,Versa 4
2026-05-21T15:15:42Z,0,0,0,Versa 4
2026-05-21T15:15:43Z,0,0,0,Versa 4
2026-05-21T15:15:44Z,0,0,0,Versa 4
2026-05-21T15:15:45Z,0,0,-304,Versa 4
2026-05-21T15:15:46Z,0,0,304,Versa 4
2026-05-21T15:15:47Z,0,0,-304,Versa 4
2026-05-21T15:15:48Z,0,0,304,Versa 4
2026-05-21T15:15:49Z,0,0,0,Versa 4
2026-05-21T15:15:50Z,0,0,0,Versa 4
2026-05-21T15:15:51Z,0,0,0,Versa 4
2026-05-21T15:15:52Z,0,0,0,Versa 4
2026-05-21T15:15:53Z,0,0,-304,Versa 4
2026-05-21T15:15:54Z,0,0,304,Versa 4
2026-05-21T15:15:55Z,0,0,0,Versa 4
2026-05-21T15:15:56Z,0,0,-304,Versa 4
2026-05-21T15:15:57Z,0,0,304,Versa 4
2026-05-21T15:15:58Z,0,0,-304,Versa 4
2026-05-21T15:15:59Z,0,0,609,Versa 4
2026-05-21T15:16:00Z,0,0,0,Versa 4
2026-05-21T15:16:01Z,0,0,0,Versa 4
2026-05-21T15:16:02Z,0,0,0,Versa 4
2026-05-21T15:16:03Z,0,0,-609,Versa 4
2026-05-21T15:16:04Z,0,0,609,Versa 4
2026-05-21T15:16:05Z,0,0,0,Versa 4
2026-05-21T15:16:06Z,0,0,-304,Versa 4
2026-05-21T15:16:07Z,0,0,0,Versa 4
2026-05-21T15:16:08Z,0,0,0,Versa 4
2026-05-21T15:16:09Z,0,0,0,Versa 4
2026-05-21T15:16:10Z,0,0,0,Versa 4
2026-05-21T15:16:11Z,0,0,0,Versa 4
2026-05-21T15:16:12Z,0,0,0,Versa 4
2026-05-21T15:16:13Z,0,0,0,Versa 4
2026-05-21T15:16:14Z,0,0,0,Versa 4
2026-05-21T15:16:15Z,0,0,0,Versa 4
2026-05-21T15:16:16Z,0,0,0,Versa 4
2026-05-21T15:16:17Z,0,0,0,Versa 4
2026-05-21T15:16:18Z,0,0,0,Versa 4
2026-05-21T15:16:19Z,0,0,0,Versa 4
2026-05-21T15:16:20Z,0,0,0,Versa 4
2026-05-21T15:16:21Z,0,0,0,Versa 4
2026-05-21T15:16:22Z,0,0,0,Versa 4
2026-05-21T15:16:23Z,0,0,0,Versa 4
2026-05-21T15:16:24Z,0,0,304,Versa 4
2026-05-21T15:16:25Z,0,0,-304,Versa 4
2026-05-21T15:16:26Z,0,0,0,Versa 4
2026-05-21T15:16:27Z,0,0,0,Versa 4
2026-05-21T15:16:28Z,0,0,0,Versa 4
2026-05-21T15:16:29Z,0,0,-304,Versa 4
2026-05-21T15:16:30Z,0,0,304,Versa 4
2026-05-21T15:16:31Z,0,0,0,Versa 4
2026-05-21T15:16:32Z,0,0,0,Versa 4
2026-05-21T15:16:33Z,0,0,0,Versa 4
2026-05-21T15:16:34Z,0,0,-304,Versa 4
2026-05-21T15:16:35Z,0,0,0,Versa 4
2026-05-21T15:16:36Z,0,0,0,Versa 4
2026-05-21T15:16:37Z,0,0,-304,Versa 4
2026-05-21T15:16:38Z,0,0,304,Versa 4
2026-05-21T15:16:39Z,0,0,-304,Versa 4
2026-05-21T15:16:40Z,0,0,0,Versa 4
2026-05-21T15:16:41Z,0,0,609,Versa 4
2026-05-21T15:16:42Z,0,0,0,Versa 4
2026-05-21T15:16:43Z,0,0,-304,Versa 4
2026-05-21T15:16:44Z,0,0,304,Versa 4
2026-05-21T15:16:45Z,0,0,-304,Versa 4
2026-05-21T15:16:46Z,0,0,304,Versa 4
2026-05-21T15:16:47Z,0,0,-304,Versa 4
2026-05-21T15:16:48Z,0,0,304,Versa 4
2026-05-21T15:16:49Z,0,0,-304,Versa 4
2026-05-21T15:16:50Z,0,0,0,Versa 4
2026-05-21T15:16:51Z,0,0,304,Versa 4
2026-05-21T15:16:52Z,0,0,304,Versa 4
2026-05-21T15:16:53Z,0,0,-304,Versa 4
2026-05-21T15:16:54Z,0,0,0,Versa 4
2026-05-21T15:16:55Z,0,0,304,Versa 4
2026-05-21T15:16:56Z,0,0,0,Versa 4
2026-05-21T15:16:57Z,0,0,0,Versa 4
2026-05-21T15:16:58Z,0,0,-304,Versa 4
2026-05-21T15:16:59Z,0,0,0,Versa 4
2026-05-21T15:17:00Z,0,0,304,Versa 4
2026-05-21T15:17:01Z,0,0,0,Versa 4
2026-05-21T15:17:02Z,0,0,-304,Versa 4
2026-05-21T15:17:03Z,0,0,0,Versa 4
2026-05-21T15:17:04Z,0,0,0,Versa 4
2026-05-21T15:17:05Z,0,0,0,Versa 4
2026-05-21T15:17:06Z,0,0,304,Versa 4
2026-05-21T15:17:07Z,0,0,-304,Versa 4
2026-05-21T15:17:08Z,0,0,0,Versa 4
2026-05-21T15:17:09Z,0,0,304,Versa 4
2026-05-21T15:17:10Z,0,0,304,Versa 4
2026-05-21T15:17:11Z,0,0,-609,Versa 4
2026-05-21T15:17:12Z,0,0,304,Versa 4
2026-05-21T15:17:13Z,0,0,-304,Versa 4
2026-05-21T15:17:14Z,0,0,304,Versa 4
2026-05-21T15:17:15Z,0,0,0,Versa 4
2026-05-21T15:17:16Z,0,0,0,Versa 4
2026-05-21T15:17:17Z,2,0,-304,Versa 4
2026-05-21T15:17:18Z,2,0,-304,Versa 4
2026-05-21T15:17:19Z,0,0,304,Versa 4
2026-05-21T15:17:20Z,0,0,0,Versa 4
2026-05-21T15:17:21Z,0,0,0,Versa 4
2026-05-21T15:17:22Z,0,0,0,Versa 4
2026-05-21T15:17:23Z,0,0,0,Versa 4
2026-05-21T15:17:24Z,0,0,0,Versa 4
2026-05-21T15:17:25Z,0,0,0,Versa 4
2026-05-21T15:17:26Z,0,0,0,Versa 4
2026-05-21T15:17:27Z,0,0,0,Versa 4
2026-05-21T15:17:28Z,0,0,-304,Versa 4
2026-05-21T15:17:29Z,0,0,304,Versa 4
2026-05-21T15:17:30Z,0,0,0,Versa 4
2026-05-21T15:17:31Z,0,0,0,Versa 4
2026-05-21T15:17:32Z,0,0,-304,Versa 4
2026-05-21T15:17:33Z,0,0,304,Versa 4
2026-05-21T15:17:34Z,0,0,0,Versa 4
2026-05-21T15:17:35Z,0,0,-304,Versa 4
2026-05-21T15:17:36Z,0,0,609,Versa 4
2026-05-21T15:17:37Z,0,0,-609,Versa 4
2026-05-21T15:17:38Z,0,0,609,Versa 4
2026-05-21T15:17:39Z,0,0,0,Versa 4
2026-05-21T15:17:40Z,0,0,-304,Versa 4
2026-05-21T15:17:41Z,0,0,304,Versa 4
2026-05-21T15:17:42Z,0,0,-304,Versa 4
2026-05-21T15:17:43Z,0,0,-304,Versa 4
2026-05-21T15:17:44Z,0,0,0,Versa 4
2026-05-21T15:17:45Z,0,0,0,Versa 4
2026-05-21T15:17:46Z,0,0,304,Versa 4
2026-05-21T15:17:47Z,0,0,-304,Versa 4
2026-05-21T15:17:48Z,0,0,914,Versa 4
2026-05-21T15:17:49Z,0,0,0,Versa 4
2026-05-21T15:17:50Z,0,0,-609,Versa 4
2026-05-21T15:17:51Z,0,0,-304,Versa 4
2026-05-21T15:17:52Z,0,0,0,Versa 4
2026-05-21T15:17:53Z,0,0,304,Versa 4
2026-05-21T15:17:54Z,0,0,-304,Versa 4
2026-05-21T15:17:55Z,0,0,609,Versa 4
2026-05-21T15:17:56Z,0,0,-304,Versa 4
2026-05-21T15:17:57Z,0,0,-304,Versa 4
2026-05-21T15:17:58Z,0,0,609,Versa 4
2026-05-21T15:17:59Z,0,0,-304,Versa 4
2026-05-21T15:18:00Z,0,0,-304,Versa 4
2026-05-21T15:18:01Z,0,0,0,Versa 4
2026-05-21T15:18:02Z,0,0,304,Versa 4
2026-05-21T15:18:03Z,0,0,0,Versa 4
2026-05-21T15:18:04Z,0,0,-304,Versa 4
2026-05-21T15:18:05Z,0,0,304,Versa 4
2026-05-21T15:18:06Z,0,0,-304,Versa 4
2026-05-21T15:18:07Z,0,0,304,Versa 4
2026-05-21T15:18:08Z,0,0,0,Versa 4
2026-05-21T15:18:09Z,0,0,-304,Versa 4
2026-05-21T15:18:10Z,0,0,304,Versa 4
2026-05-21T15:18:11Z,0,0,0,Versa 4
2026-05-21T15:18:12Z,0,0,0,Versa 4
2026-05-21T15:18:13Z,0,0,0,Versa 4
2026-05-21T15:18:14Z,0,0,-609,Versa 4
2026-05-21T15:18:15Z,0,0,609,Versa 4
2026-05-21T15:18:16Z,0,0,-304,Versa 4
2026-05-21T15:18:17Z,0,0,304,Versa 4
2026-05-21T15:18:18Z,0,0,-304,Versa 4
2026-05-21T15:18:19Z,0,0,304,Versa 4
2026-05-21T15:18:20Z,0,0,-609,Versa 4
2026-05-21T15:18:21Z,0,0,304,Versa 4
2026-05-21T15:18:22Z,0,0,-304,Versa 4
2026-05-21T15:18:23Z,0,0,609,Versa 4
2026-05-21T15:18:24Z,0,0,-304,Versa 4
2026-05-21T15:18:25Z,0,0,0,Versa 4
2026-05-21T15:18:26Z,0,0,-304,Versa 4
2026-05-21T15:18:27Z,0,0,304,Versa 4
2026-05-21T15:18:28Z,0,0,-304,Versa 4
2026-05-21T15:18:29Z,0,0,0,Versa 4
2026-05-21T15:18:30Z,0,0,304,Versa 4
2026-05-21T15:18:31Z,0,0,-304,Versa 4
2026-05-21T15:18:32Z,0,0,304,Versa 4
2026-05-21T15:18:33Z,0,0,0,Versa 4
2026-05-21T15:18:34Z,0,0,0,Versa 4
2026-05-21T15:18:35Z,0,0,-304,Versa 4
2026-05-21T15:18:36Z,0,0,0,Versa 4
2026-05-21T15:18:37Z,0,0,304,Versa 4
2026-05-21T15:18:38Z,0,0,0,Versa 4
2026-05-21T15:18:39Z,0,0,-304,Versa 4
2026-05-21T15:18:40Z,0,0,304,Versa 4
2026-05-21T15:18:41Z,0,0,-304,Versa 4
2026-05-21T15:18:42Z,0,0,0,Versa 4
2026-05-21T15:18:43Z,0,0,304,Versa 4
2026-05-21T15:18:44Z,0,0,0,Versa 4
2026-05-21T15:18:45Z,0,0,-304,Versa 4
2026-05-21T15:18:46Z,0,0,304,Versa 4
2026-05-21T15:18:47Z,0,0,0,Versa 4
2026-05-21T15:18:48Z,0,0,304,Versa 4
2026-05-21T15:18:49Z,0,0,-304,Versa 4
2026-05-21T15:18:50Z,0,0,-304,Versa 4
2026-05-21T15:18:51Z,0,0,0,Versa 4
2026-05-21T15:18:52Z,0,0,0,Versa 4
2026-05-21T15:18:53Z,0,0,304,Versa 4
2026-05-21T15:18:54Z,0,0,0,Versa 4
2026-05-21T15:18:55Z,0,0,-304,Versa 4
2026-05-21T15:18:56Z,0,0,304,Versa 4
2026-05-21T15:18:57Z,0,0,0,Versa 4
2026-05-21T15:18:58Z,0,0,0,Versa 4
2026-05-21T18:10:14Z,0,0,0,Versa 4
2026-05-21T18:10:15Z,2,0,0,Versa 4
2026-05-21T18:10:16Z,2,200,-609,Versa 4
2026-05-21T18:10:17Z,1,290,609,Versa 4
2026-05-21T18:10:18Z,2,440,-609,Versa 4
2026-05-21T18:10:19Z,2,600,0,Versa 4
2026-05-21T18:10:20Z,2,740,0,Versa 4
2026-05-21T18:10:21Z,2,830,304,Versa 4
2026-05-21T18:10:22Z,1,920,-304,Versa 4
2026-05-21T18:10:23Z,2,980,0,Versa 4
2026-05-21T18:10:24Z,2,1030,304,Versa 4
2026-05-21T18:10:25Z,2,1070,0,Versa 4
2026-05-21T18:10:26Z,2,1360,609,Versa 4
2026-05-21T18:10:27Z,1,1370,-609,Versa 4
2026-05-21T18:10:28Z,2,1390,304,Versa 4
2026-05-21T18:10:29Z,2,1410,0,Versa 4
2026-05-21T18:10:30Z,1,1370,0,Versa 4
2026-05-21T18:10:31Z,2,1350,0,Versa 4
2026-05-21T18:10:32Z,2,1380,0,Versa 4
2026-05-21T18:10:33Z,2,1390,0,Versa 4
2026-05-21T18:10:34Z,2,1400,914,Versa 4
2026-05-21T18:10:35Z,3,1490,-609,Versa 4
2026-05-21T18:10:36Z,1,1520,609,Versa 4
2026-05-21T18:10:37Z,2,1530,-304,Versa 4
2026-05-21T18:10:38Z,2,1560,0,Versa 4
2026-05-21T18:10:39Z,2,1560,-304,Versa 4
2026-05-21T18:10:40Z,2,1560,609,Versa 4
2026-05-21T18:10:41Z,1,1570,-609,Versa 4
2026-05-21T18:10:42Z,2,1560,0,Versa 4
2026-05-21T18:10:43Z,2,1550,0,Versa 4
2026-05-21T18:10:44Z,2,1560,609,Versa 4
2026-05-21T18:10:45Z,1,1550,-914,Versa 4
2026-05-21T18:10:46Z,2,1540,0,Versa 4
2026-05-21T18:10:47Z,2,1540,0,Versa 4
2026-05-21T18:10:48Z,2,1540,0,Versa 4
2026-05-21T18:10:49Z,1,1530,304,Versa 4
2026-05-21T18:10:50Z,2,1530,0,Versa 4
2026-05-21T18:10:51Z,2,1530,-304,Versa 4
2026-05-21T18:10:52Z,2,1530,0,Versa 4
2026-05-21T18:10:53Z,1,1520,304,Versa 4
2026-05-21T18:10:54Z,2,1520,-304,Versa 4
2026-05-21T18:10:55Z,2,1510,609,Versa 4
2026-05-21T18:10:56Z,2,1520,304,Versa 4
2026-05-21T18:10:57Z,2,1510,-609,Versa 4
2026-05-21T18:10:58Z,2,1530,0,Versa 4
2026-05-21T18:10:59Z,1,1540,0,Versa 4
2026-05-21T18:11:00Z,2,1530,304,Versa 4
2026-05-21T18:11:01Z,2,1530,-304,Versa 4
2026-05-21T18:11:02Z,2,1520,0,Versa 4
2026-05-21T18:11:03Z,1,1530,-304,Versa 4
2026-05-21T18:11:04Z,2,1510,609,Versa 4
2026-05-21T18:11:05Z,2,1520,-304,Versa 4
2026-05-21T18:11:06Z,2,1510,0,Versa 4
2026-05-21T18:11:07Z,2,1520,0,Versa 4
2026-05-21T18:11:08Z,1,1510,-304,Versa 4
2026-05-21T18:11:09Z,2,1510,0,Versa 4
2026-05-21T18:11:10Z,1,1510,304,Versa 4
2026-05-21T18:11:11Z,2,1500,304,Versa 4
2026-05-21T18:11:12Z,1,1410,0,Versa 4
2026-05-21T18:11:13Z,2,1390,-304,Versa 4
2026-05-21T18:11:14Z,2,1400,304,Versa 4
2026-05-21T18:11:15Z,2,1400,0,Versa 4
2026-05-21T18:11:16Z,2,1400,-609,Versa 4
2026-05-21T18:11:17Z,1,1400,0,Versa 4
2026-05-21T18:11:18Z,2,1400,0,Versa 4
2026-05-21T18:11:19Z,2,1410,0,Versa 4
2026-05-21T18:11:20Z,2,1410,0,Versa 4
2026-05-21T18:11:21Z,1,1390,0,Versa 4
2026-05-21T18:11:22Z,2,1410,304,Versa 4
2026-05-21T18:11:23Z,2,1410,0,Versa 4
2026-05-21T18:11:24Z,2,1400,0,Versa 4
2026-05-21T18:11:25Z,1,1400,-304,Versa 4
2026-05-21T18:11:26Z,2,1410,304,Versa 4
2026-05-21T18:11:27Z,2,1400,-609,Versa 4
2026-05-21T18:11:28Z,2,1410,609,Versa 4
2026-05-21T18:11:29Z,1,1400,-304,Versa 4
2026-05-21T18:11:30Z,2,1410,0,Versa 4
2026-05-21T18:11:31Z,2,1400,0,Versa 4
2026-05-21T18:11:32Z,2,1410,304,Versa 4
2026-05-21T18:11:33Z,1,1400,0,Versa 4
2026-05-21T18:11:34Z,2,1400,-609,Versa 4
2026-05-21T18:11:35Z,2,1410,0,Versa 4
2026-05-21T18:11:36Z,1,1400,304,Versa 4
2026-05-21T18:11:37Z,2,1400,0,Versa 4
2026-05-21T18:11:38Z,2,1390,-304,Versa 4
2026-05-21T18:11:39Z,2,1400,0,Versa 4
2026-05-21T18:11:40Z,1,1400,304,Versa 4
2026-05-21T18:11:41Z,2,1400,304,Versa 4
2026-05-21T18:11:42Z,2,1400,-609,Versa 4
2026-05-21T18:11:43Z,1,1400,609,Versa 4
2026-05-21T18:11:44Z,2,1390,-304,Versa 4
2026-05-21T18:11:45Z,2,1400,0,Versa 4
2026-05-21T18:11:46Z,2,1390,-304,Versa 4
2026-05-21T18:11:47Z,1,1390,304,Versa 4
2026-05-21T18:11:48Z,1,1390,304,Versa 4
2026-05-21T18:11:49Z,2,1400,0,Versa 4
2026-05-21T18:11:50Z,1,1390,-304,Versa 4
2026-05-21T18:11:51Z,2,1390,304,Versa 4
2026-05-21T18:11:52Z,1,1320,-304,Versa 4
2026-05-21T18:11:53Z,2,1320,0,Versa 4
2026-05-21T18:11:54Z,0,1240,304,Versa 4
2026-05-21T18:11:55Z,0,1120,-304,Versa 4
2026-05-21T18:11:56Z,1,970,609,Versa 4
2026-05-21T18:11:57Z,2,0,-304,Versa 4
2026-05-21T18:11:58Z,1,0,-304,Versa 4
2026-05-21T18:11:59Z,2,380,304,Versa 4
2026-05-21T18:12:00Z,2,510,0,Versa 4
2026-05-21T18:12:01Z,2,690,304,Versa 4
2026-05-21T18:12:02Z,1,860,-304,Versa 4
2026-05-21T18:12:03Z,2,1060,-609,Versa 4
2026-05-21T18:12:04Z,2,1140,609,Versa 4
2026-05-21T18:12:05Z,1,1170,0,Versa 4
2026-05-21T18:12:06Z,2,1180,0,Versa 4
2026-05-21T18:12:07Z,1,1180,304,Versa 4
2026-05-21T18:12:08Z,2,1200,-609,Versa 4
2026-05-21T18:12:09Z,2,1260,609,Versa 4
2026-05-21T18:12:10Z,2,1300,0,Versa 4
2026-05-21T18:12:11Z,1,1310,-304,Versa 4
2026-05-21T18:12:12Z,2,1330,0,Versa 4
2026-05-21T18:12:13Z,2,1370,0,Versa 4
2026-05-21T18:12:14Z,1,1360,304,Versa 4
2026-05-21T18:12:15Z,2,1360,-304,Versa 4
2026-05-21T18:12:16Z,2,1360,0,Versa 4
2026-05-21T18:12:17Z,1,1360,0,Versa 4
2026-05-21T18:12:18Z,2,1360,0,Versa 4
2026-05-21T18:12:19Z,1,1360,304,Versa 4
2026-05-21T18:12:20Z,2,1350,-304,Versa 4
2026-05-21T18:12:21Z,2,1350,0,Versa 4
2026-05-21T18:12:22Z,1,1350,0,Versa 4
2026-05-21T18:12:23Z,2,1350,0,Versa 4
2026-05-21T18:12:24Z,2,1350,0,Versa 4
2026-05-21T18:12:25Z,2,1360,304,Versa 4
2026-05-21T18:12:26Z,2,1360,-609,Versa 4
2026-05-21T18:12:27Z,1,1350,0,Versa 4
2026-05-21T18:12:28Z,2,1360,-304,Versa 4
2026-05-21T18:12:29Z,2,1360,-304,Versa 4
2026-05-21T18:12:30Z,2,1370,-304,Versa 4
2026-05-21T18:12:31Z,2,1370,304,Versa 4
2026-05-21T18:12:32Z,1,1370,609,Versa 4
2026-05-21T18:12:33Z,2,1360,914,Versa 4
2026-05-21T18:12:34Z,2,1380,-1219,Versa 4
2026-05-21T18:12:35Z,2,1370,304,Versa 4
2026-05-21T18:12:36Z,1,1380,-609,Versa 4
2026-05-21T18:12:37Z,2,1370,1219,Versa 4
2026-05-21T18:12:38Z,2,1380,0,Versa 4
2026-05-21T18:12:39Z,2,1370,-304,Versa 4
2026-05-21T18:12:40Z,1,1380,304,Versa 4
2026-05-21T18:12:41Z,2,1370,-609,Versa 4
2026-05-21T18:12:42Z,2,1380,304,Versa 4
2026-05-21T18:12:43Z,2,1380,0,Versa 4
2026-05-21T18:12:44Z,2,1380,0,Versa 4
2026-05-21T18:12:45Z,1,1390,0,Versa 4
2026-05-21T18:12:46Z,2,1380,0,Versa 4
2026-05-21T18:12:47Z,2,1380,0,Versa 4
2026-05-21T18:12:48Z,2,1390,-304,Versa 4
2026-05-21T18:12:49Z,1,1380,304,Versa 4
2026-05-21T18:12:50Z,2,1390,-609,Versa 4
2026-05-21T18:12:51Z,2,1390,0,Versa 4
2026-05-21T18:12:52Z,2,1390,0,Versa 4
2026-05-21T18:12:53Z,1,1380,0,Versa 4
2026-05-21T18:12:54Z,2,1390,0,Versa 4
2026-05-21T18:12:55Z,2,1390,0,Versa 4
2026-05-21T18:12:56Z,2,1390,609,Versa 4
2026-05-21T18:12:57Z,1,1390,304,Versa 4
2026-05-21T18:12:58Z,2,1390,-304,Versa 4
2026-05-21T18:12:59Z,2,1400,0,Versa 4
2026-05-21T18:13:00Z,2,1390,304,Versa 4
2026-05-21T18:13:01Z,1,1390,-304,Versa 4
2026-05-21T18:13:02Z,2,1390,304,Versa 4
2026-05-21T18:13:03Z,2,1390,-304,Versa 4
2026-05-21T18:13:04Z,2,1390,0,Versa 4
2026-05-21T18:13:05Z,1,1390,304,Versa 4
2026-05-21T18:13:06Z,2,1390,304,Versa 4
2026-05-21T18:13:07Z,2,1390,-609,Versa 4
2026-05-21T18:13:08Z,1,1390,0,Versa 4
2026-05-21T18:13:09Z,2,1390,-304,Versa 4
2026-05-21T18:13:10Z,2,1390,609,Versa 4
2026-05-21T18:13:11Z,1,1390,-609,Versa 4
2026-05-21T18:13:12Z,2,1380,0,Versa 4
2026-05-21T18:13:13Z,2,1380,0,Versa 4
2026-05-21T18:13:14Z,2,1380,0,Versa 4
2026-05-21T18:13:15Z,1,1390,304,Versa 4
2026-05-21T18:13:16Z,2,1380,-609,Versa 4
2026-05-21T18:13:17Z,2,1390,609,Versa 4
2026-05-21T18:13:18Z,2,1390,304,Versa 4
2026-05-21T18:13:19Z,1,1380,-304,Versa 4
2026-05-21T18:13:20Z,2,1390,-304,Versa 4
2026-05-21T18:13:21Z,2,1390,0,Versa 4
2026-05-21T18:13:22Z,2,1400,-304,Versa 4
2026-05-21T18:13:23Z,1,1390,0,Versa 4
2026-05-21T18:13:24Z,2,1390,304,Versa 4
2026-05-21T18:13:25Z,2,1390,0,Versa 4
2026-05-21T18:13:27Z,2,1390,304,Versa 4
2026-05-21T18:13:28Z,1,1390,-609,Versa 4
2026-05-21T18:13:29Z,2,1390,609,Versa 4
2026-05-21T18:13:30Z,2,1390,-304,Versa 4
2026-05-21T18:13:31Z,1,1390,304,Versa 4
2026-05-21T18:13:32Z,2,1380,-304,Versa 4
2026-05-21T18:13:33Z,2,1390,-304,Versa 4
2026-05-21T18:13:34Z,2,1390,304,Versa 4
2026-05-21T18:13:35Z,1,1390,304,Versa 4
2026-05-21T18:13:36Z,2,1390,0,Versa 4
2026-05-21T18:13:37Z,2,1390,-304,Versa 4
2026-05-21T18:13:38Z,2,1390,304,Versa 4
2026-05-21T18:13:39Z,1,1390,0,Versa 4
2026-05-21T18:13:40Z,2,1390,-609,Versa 4
2026-05-21T18:13:41Z,2,1390,-304,Versa 4
2026-05-21T18:13:42Z,2,1390,914,Versa 4
2026-05-21T18:13:43Z,1,1390,-304,Versa 4
2026-05-21T18:13:44Z,2,1390,-304,Versa 4
2026-05-21T18:13:45Z,2,1390,0,Versa 4
2026-05-21T18:13:46Z,1,1390,609,Versa 4
2026-05-21T18:13:47Z,2,1390,0,Versa 4
2026-05-21T18:13:48Z,2,1390,-304,Versa 4
2026-05-21T18:13:49Z,2,1390,-304,Versa 4
2026-05-21T18:13:50Z,1,1380,-304,Versa 4
2026-05-21T18:13:51Z,2,1390,304,Versa 4
2026-05-21T18:13:52Z,2,1390,609,Versa 4
2026-05-21T18:13:53Z,1,1380,304,Versa 4
2026-05-21T18:13:54Z,2,1390,-914,Versa 4
2026-05-21T18:13:55Z,2,1380,0,Versa 4
2026-05-21T18:13:56Z,1,1380,914,Versa 4
2026-05-21T18:13:57Z,2,1390,-609,Versa 4
2026-05-21T18:13:58Z,2,1380,-304,Versa 4
2026-05-21T18:13:59Z,2,1380,304,Versa 4
2026-05-21T18:14:00Z,2,1380,0,Versa 4
2026-05-21T18:14:01Z,1,1390,0,Versa 4
2026-05-21T18:14:02Z,2,1390,304,Versa 4
2026-05-21T18:14:03Z,2,1390,0,Versa 4
2026-05-21T18:14:04Z,1,1380,-304,Versa 4
2026-05-21T18:14:05Z,2,1380,0,Versa 4
2026-05-21T18:14:06Z,2,1390,304,Versa 4
2026-05-21T18:14:07Z,1,1380,-304,Versa 4
2026-05-21T18:14:08Z,2,1380,0,Versa 4
2026-05-21T18:14:09Z,2,1390,0,Versa 4
2026-05-21T18:14:10Z,1,1380,0,Versa 4
2026-05-21T18:14:11Z,2,1370,0,Versa 4
2026-05-21T18:14:12Z,2,1380,0,Versa 4
2026-05-21T18:14:13Z,1,1370,-304,Versa 4
2026-05-21T18:14:14Z,2,1380,304,Versa 4
2026-05-21T18:14:15Z,2,1370,609,Versa 4
2026-05-21T18:14:16Z,1,1380,-609,Versa 4
2026-05-21T18:14:17Z,2,1370,0,Versa 4
2026-05-21T18:14:18Z,2,1380,304,Versa 4
2026-05-21T18:14:19Z,1,1370,609,Versa 4
2026-05-21T18:14:20Z,2,1360,0,Versa 4
2026-05-21T18:14:21Z,2,1370,-609,Versa 4
2026-05-21T18:14:22Z,1,1370,0,Versa 4
2026-05-21T18:14:23Z,2,1360,-609,Versa 4
2026-05-21T18:14:24Z,2,1370,609,Versa 4
2026-05-21T18:14:25Z,1,1370,-304,Versa 4
2026-05-21T18:14:26Z,2,1370,609,Versa 4
2026-05-21T18:14:27Z,1,1360,-304,Versa 4
2026-05-21T18:14:28Z,1,1300,-304,Versa 4
2026-05-21T18:14:29Z,2,1300,304,Versa 4
2026-05-21T18:14:30Z,2,1290,-304,Versa 4
2026-05-21T18:14:31Z,1,1290,0,Versa 4
2026-05-21T18:14:32Z,2,1290,0,Versa 4
2026-05-21T18:14:33Z,2,1300,609,Versa 4
2026-05-21T18:14:34Z,2,1300,-304,Versa 4
2026-05-21T18:14:35Z,1,1290,304,Versa 4
2026-05-21T18:14:36Z,2,1310,-609,Versa 4
2026-05-21T18:14:37Z,1,1300,0,Versa 4
2026-05-21T18:14:38Z,2,1310,-304,Versa 4
2026-05-21T18:14:39Z,2,1300,0,Versa 4
2026-05-21T18:14:40Z,2,1310,0,Versa 4
2026-05-21T18:14:41Z,1,1300,0,Versa 4
2026-05-21T18:14:42Z,2,1310,304,Versa 4
2026-05-21T18:14:43Z,2,1310,-304,Versa 4
2026-05-21T18:14:44Z,1,1310,0,Versa 4
2026-05-21T18:14:45Z,2,1310,0,Versa 4
2026-05-21T18:14:46Z,2,1320,0,Versa 4
2026-05-21T18:14:47Z,2,1320,0,Versa 4
2026-05-21T18:14:48Z,1,1310,0,Versa 4
2026-05-21T18:14:49Z,2,1320,609,Versa 4
2026-05-21T18:14:50Z,1,1320,-304,Versa 4
2026-05-21T18:14:51Z,2,1320,304,Versa 4
2026-05-21T18:14:52Z,2,1320,0,Versa 4
2026-05-21T18:14:53Z,1,1310,0,Versa 4
2026-05-21T18:14:54Z,2,1310,0,Versa 4
2026-05-21T18:14:55Z,2,1320,-304,Versa 4
2026-05-21T18:14:56Z,1,1320,304,Versa 4
2026-05-21T18:14:57Z,2,1320,0,Versa 4
2026-05-21T18:14:58Z,2,1320,-304,Versa 4
2026-05-21T18:14:59Z,1,1320,0,Versa 4
2026-05-21T18:15:00Z,2,1320,304,Versa 4
2026-05-21T18:15:01Z,2,1320,304,Versa 4
2026-05-21T18:15:02Z,1,1320,-304,Versa 4
2026-05-21T18:15:03Z,2,1320,0,Versa 4
2026-05-21T18:15:04Z,2,1320,0,Versa 4
2026-05-21T18:15:05Z,1,1320,0,Versa 4
2026-05-21T18:15:06Z,2,1320,-304,Versa 4
2026-05-21T18:15:07Z,2,1320,0,Versa 4
2026-05-21T18:15:08Z,2,1320,0,Versa 4
2026-05-21T18:15:09Z,1,1320,304,Versa 4
2026-05-21T18:15:10Z,2,1320,-304,Versa 4
2026-05-21T18:15:11Z,1,1320,-304,Versa 4
2026-05-21T18:15:12Z,2,1320,609,Versa 4
2026-05-21T18:15:13Z,2,1320,-304,Versa 4
2026-05-21T18:15:14Z,1,1320,0,Versa 4
2026-05-21T18:15:15Z,2,1320,-304,Versa 4
2026-05-21T18:15:16Z,2,1320,304,Versa 4
2026-05-21T18:15:17Z,1,1320,304,Versa 4
2026-05-21T18:15:18Z,2,1320,-304,Versa 4
2026-05-21T18:15:19Z,2,1320,304,Versa 4
2026-05-21T18:15:20Z,1,1320,-304,Versa 4
2026-05-21T18:15:21Z,2,1320,304,Versa 4
2026-05-21T18:15:22Z,2,1320,0,Versa 4
2026-05-21T18:15:23Z,2,1330,0,Versa 4
2026-05-21T18:15:24Z,3,1400,304,Versa 4
2026-05-21T18:15:25Z,1,1450,-304,Versa 4
2026-05-21T18:15:26Z,2,1480,304,Versa 4
2026-05-21T18:15:27Z,2,1490,0,Versa 4
2026-05-21T18:15:28Z,2,1500,-304,Versa 4
2026-05-21T18:15:29Z,1,1480,-304,Versa 4
2026-05-21T18:15:30Z,2,1480,0,Versa 4
2026-05-21T18:15:31Z,1,1490,304,Versa 4
2026-05-21T18:15:32Z,2,1480,-304,Versa 4
2026-05-21T18:15:33Z,2,1460,0,Versa 4
2026-05-21T18:15:34Z,2,1470,304,Versa 4
2026-05-21T18:15:35Z,1,1470,0,Versa 4
2026-05-21T18:15:36Z,2,1470,-304,Versa 4
2026-05-21T18:15:37Z,1,1460,304,Versa 4
2026-05-21T18:15:38Z,2,1450,0,Versa 4
2026-05-21T18:15:39Z,2,1460,0,Versa 4
2026-05-21T18:15:40Z,2,1450,-304,Versa 4
2026-05-21T18:15:41Z,1,1450,304,Versa 4
2026-05-21T18:15:42Z,2,1440,0,Versa 4
2026-05-21T18:15:43Z,1,1450,-304,Versa 4
2026-05-21T18:15:44Z,2,1430,0,Versa 4
2026-05-21T18:15:45Z,2,1440,304,Versa 4
2026-05-21T18:15:46Z,2,1440,-304,Versa 4
2026-05-21T18:15:47Z,1,1430,304,Versa 4
2026-05-21T18:15:48Z,2,1430,0,Versa 4
2026-05-21T18:15:49Z,2,1430,0,Versa 4
2026-05-21T18:15:50Z,1,1430,-304,Versa 4
2026-05-21T18:15:51Z,2,1420,304,Versa 4
2026-05-21T18:15:52Z,2,1420,0,Versa 4
2026-05-21T18:15:53Z,1,1420,0,Versa 4
2026-05-21T18:15:54Z,2,1430,-304,Versa 4
2026-05-21T18:15:55Z,2,1420,0,Versa 4
2026-05-21T18:15:56Z,2,1420,0,Versa 4
2026-05-21T18:15:57Z,1,1410,304,Versa 4
2026-05-21T18:15:58Z,2,1420,-304,Versa 4
2026-05-21T18:15:59Z,2,1410,0,Versa 4
2026-05-21T18:16:00Z,1,1420,0,Versa 4
2026-05-21T18:16:01Z,2,1410,304,Versa 4
2026-05-21T18:16:02Z,2,1410,-304,Versa 4
2026-05-21T18:16:03Z,1,1410,0,Versa 4
2026-05-21T18:16:04Z,2,1410,304,Versa 4
2026-05-21T18:16:05Z,2,1400,0,Versa 4
2026-05-21T18:16:06Z,2,1410,-304,Versa 4
2026-05-21T18:16:07Z,1,1400,-304,Versa 4
2026-05-21T18:16:08Z,3,1460,304,Versa 4
2026-05-21T18:16:09Z,1,1450,304,Versa 4
2026-05-21T18:16:10Z,2,1450,0,Versa 4
2026-05-21T18:16:11Z,2,1460,0,Versa 4
2026-05-21T18:16:12Z,2,1490,304,Versa 4
2026-05-21T18:16:13Z,1,1480,-304,Versa 4
2026-05-21T18:16:14Z,2,1490,609,Versa 4
2026-05-21T18:16:15Z,2,1480,-609,Versa 4
2026-05-21T18:16:16Z,1,1480,-304,Versa 4
2026-05-21T18:16:17Z,2,1480,304,Versa 4
2026-05-21T18:16:18Z,2,1470,0,Versa 4
2026-05-21T18:16:19Z,2,1470,0,Versa 4
2026-05-21T18:16:20Z,1,1470,0,Versa 4
2026-05-21T18:16:21Z,2,1470,0,Versa 4
2026-05-21T18:16:22Z,1,1460,0,Versa 4
2026-05-21T18:16:23Z,1,1370,-304,Versa 4
2026-05-21T18:16:24Z,4,1380,0,Versa 4
2026-05-21T18:16:25Z,1,1380,304,Versa 4
2026-05-21T18:16:26Z,2,1380,-304,Versa 4
2026-05-21T18:16:27Z,1,1390,304,Versa 4
2026-05-21T18:16:28Z,2,1440,0,Versa 4
2026-05-21T18:16:29Z,2,1430,-304,Versa 4
2026-05-21T18:16:30Z,2,1440,304,Versa 4
2026-05-21T18:16:31Z,2,1440,0,Versa 4
2026-05-21T18:16:32Z,1,1440,0,Versa 4
2026-05-21T18:16:33Z,2,1430,304,Versa 4
2026-05-21T18:16:34Z,1,1430,0,Versa 4
2026-05-21T18:16:35Z,2,1430,304,Versa 4
2026-05-21T18:16:36Z,2,1420,-609,Versa 4
2026-05-21T18:16:37Z,1,1430,0,Versa 4
2026-05-21T18:16:38Z,2,1410,0,Versa 4
2026-05-21T18:16:39Z,1,1410,609,Versa 4
2026-05-21T18:33:09Z,1,0,0,Versa 4
2026-05-21T18:33:10Z,2,0,-304,Versa 4
2026-05-21T18:33:11Z,2,190,609,Versa 4
2026-05-21T18:33:12Z,2,330,-914,Versa 4
2026-05-21T18:33:13Z,1,450,304,Versa 4
2026-05-21T18:33:14Z,2,620,0,Versa 4
2026-05-21T18:33:15Z,2,750,0,Versa 4
2026-05-21T18:33:16Z,1,810,609,Versa 4
2026-05-21T18:33:17Z,2,870,-304,Versa 4
2026-05-21T18:33:18Z,2,950,-304,Versa 4
2026-05-21T18:33:19Z,1,960,304,Versa 4
2026-05-21T18:33:20Z,2,1000,-304,Versa 4
2026-05-21T18:33:21Z,1,1240,0,Versa 4
2026-05-21T18:33:22Z,2,1250,0,Versa 4
2026-05-21T18:33:23Z,2,1260,304,Versa 4
2026-05-21T18:33:24Z,2,1300,0,Versa 4
2026-05-21T18:33:25Z,1,1300,-304,Versa 4
2026-05-21T18:33:26Z,2,1330,304,Versa 4
2026-05-21T18:33:27Z,2,1360,-304,Versa 4
2026-05-21T18:33:28Z,2,1370,304,Versa 4
2026-05-21T18:33:29Z,1,1380,0,Versa 4
2026-05-21T18:33:30Z,2,1390,0,Versa 4
2026-05-21T18:33:31Z,2,1400,304,Versa 4
2026-05-21T18:33:32Z,1,1400,0,Versa 4
2026-05-21T18:33:33Z,2,1400,-304,Versa 4
2026-05-21T18:33:34Z,2,1410,0,Versa 4
2026-05-21T18:33:35Z,1,1400,304,Versa 4
2026-05-21T18:33:36Z,2,1410,0,Versa 4
2026-05-21T18:33:37Z,2,1410,0,Versa 4
2026-05-21T18:33:38Z,2,1410,0,Versa 4
2026-05-21T18:33:39Z,1,1410,-304,Versa 4
2026-05-21T18:33:40Z,2,1400,304,Versa 4
2026-05-21T18:33:41Z,1,1410,0,Versa 4
2026-05-21T18:33:42Z,2,1400,0,Versa 4
2026-05-21T18:33:43Z,2,1400,0,Versa 4
2026-05-21T18:33:44Z,1,1390,-304,Versa 4
2026-05-21T18:33:45Z,2,1390,304,Versa 4
2026-05-21T18:33:46Z,2,1390,-304,Versa 4
2026-05-21T18:33:47Z,1,1390,304,Versa 4
2026-05-21T18:33:48Z,2,1390,-304,Versa 4
2026-05-21T18:33:49Z,2,1390,0,Versa 4
2026-05-21T18:33:50Z,1,1380,0,Versa 4
2026-05-21T18:33:51Z,2,1390,0,Versa 4
2026-05-21T18:33:52Z,2,1380,0,Versa 4
2026-05-21T18:33:53Z,2,1380,0,Versa 4
2026-05-21T18:33:54Z,1,1390,304,Versa 4
2026-05-21T18:33:55Z,2,1380,0,Versa 4
2026-05-21T18:33:56Z,2,1380,0,Versa 4
2026-05-21T18:33:57Z,2,1390,-304,Versa 4
2026-05-21T18:33:58Z,1,1380,-304,Versa 4
2026-05-21T18:33:59Z,2,1390,304,Versa 4
2026-05-21T18:34:00Z,2,1390,0,Versa 4
2026-05-21T18:34:01Z,1,1380,-304,Versa 4
2026-05-21T18:34:02Z,2,1380,304,Versa 4
2026-05-21T18:34:03Z,2,1390,0,Versa 4
2026-05-21T18:34:04Z,1,1380,0,Versa 4
2026-05-21T18:34:05Z,2,1380,0,Versa 4
2026-05-21T18:34:06Z,2,1380,0,Versa 4
2026-05-21T18:34:07Z,1,1380,0,Versa 4
2026-05-21T18:34:08Z,2,1370,0,Versa 4
2026-05-21T18:34:09Z,2,1380,-304,Versa 4
2026-05-21T18:34:10Z,2,1380,304,Versa 4
2026-05-21T18:34:11Z,1,1380,0,Versa 4
2026-05-21T18:34:12Z,2,1370,0,Versa 4
2026-05-21T18:34:13Z,2,1390,0,Versa 4
2026-05-21T18:34:14Z,1,1370,0,Versa 4
2026-05-21T18:34:15Z,2,1380,-304,Versa 4
2026-05-21T18:34:16Z,2,1370,0,Versa 4
2026-05-21T18:34:17Z,1,1380,304,Versa 4
2026-05-21T18:34:18Z,2,1370,0,Versa 4
2026-05-21T18:34:19Z,2,1380,0,Versa 4
2026-05-21T18:34:20Z,1,1370,0,Versa 4
2026-05-21T18:34:21Z,2,1370,0,Versa 4
2026-05-21T18:34:22Z,2,1360,0,Versa 4
2026-05-21T18:34:23Z,1,1370,0,Versa 4
2026-05-21T18:34:24Z,2,1370,-304,Versa 4
2026-05-21T18:34:25Z,2,1370,304,Versa 4
2026-05-21T18:34:26Z,1,1360,0,Versa 4
2026-05-21T18:34:27Z,2,1370,-304,Versa 4
2026-05-21T18:34:28Z,2,1370,304,Versa 4
2026-05-21T18:34:29Z,2,1360,-304,Versa 4
2026-05-21T18:34:30Z,1,1370,0,Versa 4
2026-05-21T18:34:31Z,2,1370,0,Versa 4
2026-05-21T18:34:32Z,2,1370,0,Versa 4
2026-05-21T18:34:33Z,1,1360,304,Versa 4
2026-05-21T18:34:34Z,2,1370,-304,Versa 4
2026-05-21T18:34:35Z,2,1370,-304,Versa 4
2026-05-21T18:34:36Z,1,1370,609,Versa 4
2026-05-21T18:34:37Z,2,1350,-304,Versa 4
2026-05-21T18:34:38Z,1,1360,0,Versa 4
2026-05-21T18:34:39Z,2,1360,304,Versa 4
2026-05-21T18:34:40Z,2,1360,-304,Versa 4
2026-05-21T18:34:41Z,1,1350,-304,Versa 4
2026-05-21T18:34:42Z,2,1360,0,Versa 4
2026-05-21T18:34:43Z,2,1360,304,Versa 4
2026-05-21T18:34:44Z,1,1350,304,Versa 4
2026-05-21T18:34:45Z,2,1350,-609,Versa 4
2026-05-21T18:34:46Z,1,1350,0,Versa 4
2026-05-21T18:34:47Z,2,1350,304,Versa 4
2026-05-21T18:34:48Z,2,1350,0,Versa 4
2026-05-21T18:34:49Z,1,1340,0,Versa 4
2026-05-21T18:34:50Z,2,1340,304,Versa 4
2026-05-21T18:34:51Z,2,1350,0,Versa 4
2026-05-21T18:34:52Z,1,1340,-304,Versa 4
2026-05-21T18:34:53Z,2,1340,0,Versa 4
2026-05-21T18:34:54Z,2,1350,304,Versa 4
2026-05-21T18:34:55Z,1,1340,0,Versa 4
2026-05-21T18:34:56Z,2,1350,-304,Versa 4
2026-05-21T18:34:57Z,2,1340,304,Versa 4
2026-05-21T18:34:58Z,1,1340,-609,Versa 4
2026-05-21T18:34:59Z,2,1350,304,Versa 4
2026-05-21T18:35:00Z,1,1340,0,Versa 4
2026-05-21T18:35:01Z,2,1340,0,Versa 4
2026-05-21T18:35:02Z,2,1330,0,Versa 4
2026-05-21T18:35:03Z,1,1340,0,Versa 4
2026-05-21T18:35:04Z,2,1330,304,Versa 4
2026-05-21T18:35:05Z,2,1340,-304,Versa 4
2026-05-21T18:35:06Z,1,1340,304,Versa 4
2026-05-21T18:35:07Z,2,1330,0,Versa 4
2026-05-21T18:35:08Z,2,1340,-304,Versa 4
2026-05-21T18:35:09Z,2,1340,304,Versa 4
2026-05-21T18:35:10Z,1,1340,-304,Versa 4
2026-05-21T18:35:11Z,2,1340,304,Versa 4
2026-05-21T18:35:12Z,2,1340,-304,Versa 4
2026-05-21T18:35:13Z,2,1350,304,Versa 4
2026-05-21T18:35:14Z,2,1350,304,Versa 4
2026-05-21T18:35:15Z,2,1350,304,Versa 4
2026-05-21T18:35:16Z,2,1410,-304,Versa 4
2026-05-21T18:35:17Z,1,1420,0,Versa 4
2026-05-21T18:35:18Z,2,1410,0,Versa 4
2026-05-21T18:35:19Z,2,1420,304,Versa 4
2026-05-21T18:35:20Z,1,1410,0,Versa 4
2026-05-21T18:35:21Z,2,1410,0,Versa 4
2026-05-21T18:35:22Z,2,1400,-609,Versa 4
2026-05-21T18:35:23Z,1,1410,0,Versa 4
2026-05-21T18:35:24Z,2,1400,304,Versa 4
2026-05-21T18:35:25Z,2,1400,0,Versa 4
2026-05-21T18:35:26Z,1,1400,0,Versa 4
2026-05-21T18:35:27Z,2,1400,304,Versa 4
2026-05-21T18:35:28Z,2,1400,0,Versa 4
2026-05-21T18:35:29Z,1,1400,-304,Versa 4
2026-05-21T18:35:30Z,2,1390,0,Versa 4
2026-05-21T18:35:31Z,2,1390,-304,Versa 4
2026-05-21T18:35:32Z,2,1400,0,Versa 4
2026-05-21T18:35:33Z,1,1390,304,Versa 4
2026-05-21T18:35:34Z,2,1390,0,Versa 4
2026-05-21T18:35:35Z,1,1390,304,Versa 4
2026-05-21T18:35:36Z,2,1390,0,Versa 4
2026-05-21T18:35:37Z,2,1380,-304,Versa 4
2026-05-21T18:35:38Z,1,1390,0,Versa 4
2026-05-21T18:35:39Z,2,1380,0,Versa 4
2026-05-21T18:35:40Z,1,1370,304,Versa 4
2026-05-21T18:35:41Z,2,1380,-609,Versa 4
2026-05-21T18:35:42Z,2,1370,304,Versa 4
2026-05-21T18:35:43Z,1,1370,-304,Versa 4
2026-05-21T18:35:44Z,2,1370,0,Versa 4
2026-05-21T18:35:45Z,1,1360,0,Versa 4
2026-05-21T18:35:46Z,2,1370,-304,Versa 4
2026-05-21T18:35:47Z,2,1360,304,Versa 4
2026-05-21T18:35:48Z,2,1370,-304,Versa 4
2026-05-21T18:35:49Z,1,1360,0,Versa 4
2026-05-21T18:35:50Z,2,1370,304,Versa 4
2026-05-21T18:35:51Z,1,1350,0,Versa 4
2026-05-21T18:35:52Z,2,1360,0,Versa 4
2026-05-21T18:35:53Z,2,1360,304,Versa 4
2026-05-21T18:35:54Z,1,1360,-609,Versa 4
2026-05-21T18:35:55Z,2,1350,304,Versa 4
2026-05-21T18:35:56Z,2,1360,0,Versa 4
2026-05-21T18:35:57Z,1,1360,0,Versa 4
2026-05-21T18:35:58Z,2,1350,304,Versa 4
2026-05-21T18:35:59Z,2,1350,304,Versa 4
2026-05-21T18:36:00Z,1,1350,-304,Versa 4
2026-05-21T18:36:01Z,2,1350,0,Versa 4
2026-05-21T18:36:02Z,1,1350,0,Versa 4
2026-05-21T18:36:03Z,2,1350,-609,Versa 4
2026-05-21T18:36:04Z,2,1350,914,Versa 4
2026-05-21T18:36:05Z,1,1340,-609,Versa 4
2026-05-21T18:36:06Z,2,1350,0,Versa 4
2026-05-21T18:36:07Z,2,1340,609,Versa 4
2026-05-21T18:36:08Z,1,1340,-304,Versa 4
2026-05-21T18:36:09Z,2,1350,-304,Versa 4
2026-05-21T18:36:10Z,2,1340,304,Versa 4
2026-05-21T18:36:11Z,2,1340,-304,Versa 4
2026-05-21T18:36:12Z,1,1350,304,Versa 4
2026-05-21T18:36:13Z,2,1350,0,Versa 4
2026-05-21T18:36:14Z,2,1350,0,Versa 4
2026-05-21T18:36:15Z,1,1350,0,Versa 4
2026-05-21T18:36:16Z,2,1350,-304,Versa 4
2026-05-21T18:36:17Z,2,1350,0,Versa 4
2026-05-21T18:36:18Z,2,1350,0,Versa 4
2026-05-21T18:36:19Z,1,1350,0,Versa 4
2026-05-21T18:36:20Z,2,1350,0,Versa 4
2026-05-21T18:36:21Z,2,1350,304,Versa 4
2026-05-21T18:36:22Z,1,1360,0,Versa 4
2026-05-21T18:36:23Z,2,1350,0,Versa 4
2026-05-21T18:36:24Z,2,1350,-304,Versa 4
2026-05-21T18:36:25Z,1,1350,0,Versa 4
2026-05-21T18:36:26Z,2,1350,304,Versa 4
2026-05-21T18:36:27Z,2,1350,-304,Versa 4
2026-05-21T18:36:28Z,1,1360,609,Versa 4
2026-05-21T18:36:29Z,2,1350,-304,Versa 4
2026-05-21T18:36:30Z,2,1350,0,Versa 4
2026-05-21T18:36:31Z,1,1350,0,Versa 4
2026-05-21T18:36:32Z,2,1340,0,Versa 4
2026-05-21T18:36:33Z,2,1360,0,Versa 4
2026-05-21T18:36:34Z,1,1350,0,Versa 4
2026-05-21T18:36:35Z,2,1340,304,Versa 4
2026-05-21T18:36:36Z,2,1350,0,Versa 4
2026-05-21T18:36:37Z,1,1350,-304,Versa 4
2026-05-21T18:36:38Z,2,1340,-609,Versa 4
2026-05-21T18:36:39Z,2,1350,304,Versa 4
2026-05-21T18:36:40Z,1,1350,304,Versa 4
2026-05-21T18:36:41Z,2,1340,0,Versa 4
2026-05-21T18:36:42Z,2,1340,-609,Versa 4
2026-05-21T18:36:43Z,1,1350,609,Versa 4
2026-05-21T18:36:44Z,2,1340,-609,Versa 4
2026-05-21T18:36:45Z,2,1340,304,Versa 4
2026-05-21T18:36:46Z,2,1360,0,Versa 4
2026-05-21T18:36:47Z,1,1340,-304,Versa 4
2026-05-21T18:36:48Z,2,1350,0,Versa 4
2026-05-21T18:36:49Z,2,1350,0,Versa 4
2026-05-21T18:36:50Z,1,1350,0,Versa 4
2026-05-21T18:36:51Z,2,1360,0,Versa 4
2026-05-21T18:36:52Z,2,1350,0,Versa 4
2026-05-21T18:36:53Z,2,1350,0,Versa 4
2026-05-21T18:36:54Z,1,1350,0,Versa 4
2026-05-21T18:36:55Z,2,1350,304,Versa 4
2026-05-21T18:36:56Z,2,1360,-304,Versa 4
2026-05-21T18:36:57Z,1,1350,0,Versa 4
2026-05-21T18:36:58Z,2,1350,0,Versa 4
2026-05-21T18:36:59Z,2,1360,0,Versa 4
2026-05-21T18:37:00Z,2,1360,0,Versa 4
2026-05-21T18:37:01Z,2,1360,304,Versa 4
2026-05-21T18:37:02Z,1,1350,-304,Versa 4
2026-05-21T18:37:03Z,2,1360,0,Versa 4
2026-05-21T18:37:04Z,1,1350,0,Versa 4
2026-05-21T18:37:05Z,2,1350,609,Versa 4
2026-05-21T18:37:06Z,2,1350,0,Versa 4
2026-05-21T18:37:07Z,2,1350,0,Versa 4
2026-05-21T18:37:08Z,1,1350,0,Versa 4
2026-05-21T18:37:09Z,2,1360,0,Versa 4
2026-05-21T18:37:10Z,2,1350,0,Versa 4
2026-05-21T18:37:11Z,1,1360,-304,Versa 4
2026-05-21T18:37:12Z,2,1350,304,Versa 4
2026-05-21T18:37:13Z,2,1350,304,Versa 4
2026-05-21T18:37:14Z,1,1350,-304,Versa 4
2026-05-21T18:37:15Z,2,1350,0,Versa 4
2026-05-21T18:37:16Z,2,1350,0,Versa 4
2026-05-21T18:37:17Z,1,1360,0,Versa 4
2026-05-21T18:37:18Z,2,1350,0,Versa 4
2026-05-21T18:37:19Z,2,1350,0,Versa 4
2026-05-21T18:37:20Z,1,1350,0,Versa 4
2026-05-21T18:37:21Z,2,1350,-304,Versa 4
2026-05-21T18:37:22Z,2,1350,304,Versa 4
2026-05-21T18:37:23Z,1,1360,-304,Versa 4
2026-05-21T18:37:24Z,2,1340,304,Versa 4
2026-05-21T18:37:25Z,2,1350,0,Versa 4
2026-05-21T18:37:26Z,1,1350,0,Versa 4
2026-05-21T18:37:27Z,2,1350,0,Versa 4
2026-05-21T18:37:28Z,2,1350,0,Versa 4
2026-05-21T18:37:29Z,2,1350,-304,Versa 4
2026-05-21T18:37:30Z,1,1350,304,Versa 4
2026-05-21T18:37:31Z,2,1350,-304,Versa 4
2026-05-21T18:37:32Z,2,1350,0,Versa 4
2026-05-21T18:37:33Z,1,1360,304,Versa 4
2026-05-21T18:37:34Z,2,1350,-304,Versa 4
2026-05-21T18:37:35Z,2,1350,0,Versa 4
2026-05-21T18:37:36Z,1,1350,304,Versa 4
2026-05-21T18:37:37Z,2,1350,0,Versa 4
2026-05-21T18:37:38Z,2,1350,0,Versa 4
2026-05-21T18:37:39Z,1,1350,-609,Versa 4
2026-05-21T18:37:40Z,2,1360,304,Versa 4
2026-05-21T18:37:41Z,2,1350,0,Versa 4
2026-05-21T18:37:42Z,2,1350,304,Versa 4
2026-05-21T18:37:43Z,1,1350,-304,Versa 4
2026-05-21T18:37:44Z,2,1350,304,Versa 4
2026-05-21T18:37:45Z,2,1350,0,Versa 4
2026-05-21T18:37:46Z,2,1360,-304,Versa 4
2026-05-21T18:37:47Z,1,1360,304,Versa 4
2026-05-21T18:37:48Z,2,1360,-304,Versa 4
2026-05-21T18:37:49Z,1,1360,304,Versa 4
2026-05-21T18:37:50Z,2,1350,-304,Versa 4
2026-05-21T18:37:51Z,2,1350,609,Versa 4
2026-05-21T18:37:52Z,2,1360,-304,Versa 4
2026-05-21T18:37:53Z,1,1350,0,Versa 4
2026-05-21T18:37:54Z,2,1350,0,Versa 4
2026-05-21T18:37:55Z,2,1360,-304,Versa 4
2026-05-21T18:37:56Z,2,1360,609,Versa 4
2026-05-21T18:37:57Z,1,1360,-609,Versa 4
2026-05-21T18:37:58Z,2,1360,304,Versa 4
2026-05-21T18:37:59Z,1,1360,-304,Versa 4
2026-05-21T18:38:00Z,2,1360,304,Versa 4
2026-05-21T18:38:01Z,1,1290,0,Versa 4
2026-05-21T18:38:02Z,2,1300,609,Versa 4
2026-05-21T18:38:03Z,2,1300,-304,Versa 4
2026-05-21T18:38:04Z,1,1290,0,Versa 4
2026-05-21T18:38:05Z,2,1300,304,Versa 4
2026-05-21T18:38:06Z,2,1300,-304,Versa 4
2026-05-21T18:38:07Z,1,1290,0,Versa 4
2026-05-21T18:38:08Z,2,1300,0,Versa 4
2026-05-21T18:38:09Z,2,1310,0,Versa 4
2026-05-21T18:38:10Z,1,1300,-304,Versa 4
2026-05-21T18:38:11Z,2,1300,0,Versa 4
2026-05-21T18:38:12Z,1,1300,0,Versa 4
2026-05-21T18:38:13Z,2,1300,304,Versa 4
2026-05-21T18:38:14Z,2,1300,0,Versa 4
2026-05-21T18:38:15Z,2,1300,0,Versa 4
2026-05-21T18:38:16Z,1,1300,-304,Versa 4
2026-05-21T18:38:17Z,2,1310,0,Versa 4
2026-05-21T18:38:18Z,2,1310,-304,Versa 4
2026-05-21T18:38:19Z,2,1310,304,Versa 4
2026-05-21T18:38:20Z,1,1320,304,Versa 4
2026-05-21T18:38:21Z,2,1310,-304,Versa 4
2026-05-21T18:38:22Z,2,1320,304,Versa 4
2026-05-21T18:38:23Z,1,1320,0,Versa 4
2026-05-21T18:38:24Z,2,1320,-304,Versa 4
2026-05-21T18:38:25Z,2,1320,304,Versa 4
2026-05-21T18:38:26Z,2,1320,-609,Versa 4
2026-05-21T18:38:27Z,1,1320,304,Versa 4
2026-05-21T18:38:28Z,2,1330,0,Versa 4
2026-05-21T18:38:29Z,1,1320,0,Versa 4
2026-05-21T18:38:30Z,2,1320,0,Versa 4
2026-05-21T18:38:31Z,2,1320,0,Versa 4
2026-05-21T18:38:32Z,1,1320,0,Versa 4
2026-05-21T18:38:33Z,2,1320,-609,Versa 4
2026-05-21T18:38:34Z,2,1320,609,Versa 4
2026-05-21T18:38:35Z,2,1330,0,Versa 4
2026-05-21T18:38:36Z,1,1330,-304,Versa 4
2026-05-21T18:38:37Z,2,1330,0,Versa 4
2026-05-21T18:38:38Z,2,1320,304,Versa 4
2026-05-21T18:38:39Z,2,1320,304,Versa 4
2026-05-21T18:38:40Z,1,1330,0,Versa 4
2026-05-21T18:38:41Z,2,1330,0,Versa 4
2026-05-21T18:38:42Z,2,1330,0,Versa 4
2026-05-21T18:38:43Z,1,1330,0,Versa 4
2026-05-21T18:38:44Z,2,1320,0,Versa 4
2026-05-21T18:38:45Z,2,1330,304,Versa 4
2026-05-21T18:38:46Z,2,1340,-304,Versa 4
2026-05-21T18:38:47Z,1,1330,304,Versa 4
2026-05-21T18:38:48Z,2,1340,0,Versa 4
2026-05-21T18:38:49Z,2,1340,-304,Versa 4
2026-05-21T18:38:50Z,1,1330,304,Versa 4
2026-05-21T18:38:51Z,2,1340,-304,Versa 4
2026-05-21T18:38:52Z,2,1330,0,Versa 4
2026-05-21T18:38:53Z,1,1340,609,Versa 4
2026-05-21T18:38:54Z,2,1340,-609,Versa 4
2026-05-21T18:38:55Z,2,1330,304,Versa 4
2026-05-21T18:38:56Z,1,1340,304,Versa 4
2026-05-21T18:38:57Z,2,1330,0,Versa 4
2026-05-21T18:38:58Z,2,1340,-304,Versa 4
2026-05-21T18:38:59Z,1,1340,304,Versa 4
2026-05-21T18:39:00Z,2,1330,-304,Versa 4
2026-05-21T18:39:01Z,2,1340,-304,Versa 4
2026-05-21T18:39:02Z,1,1330,0,Versa 4
2026-05-21T18:39:03Z,2,1340,-304,Versa 4
2026-05-21T18:39:04Z,2,1340,304,Versa 4
2026-05-21T18:39:05Z,1,1330,0,Versa 4
2026-05-21T18:39:06Z,2,1340,0,Versa 4
2026-05-21T18:39:07Z,2,1330,304,Versa 4
2026-05-21T18:39:08Z,1,1340,0,Versa 4
2026-05-21T18:39:09Z,2,1330,-304,Versa 4
2026-05-21T18:39:10Z,2,1340,0,Versa 4
2026-05-21T18:39:11Z,1,1340,0,Versa 4
2026-05-21T18:39:12Z,2,1330,0,Versa 4
2026-05-21T18:39:13Z,2,1340,304,Versa 4
2026-05-21T18:39:14Z,1,1330,0,Versa 4
2026-05-21T18:39:15Z,2,1340,0,Versa 4
2026-05-21T18:39:16Z,2,1340,-304,Versa 4
2026-05-21T18:39:17Z,1,1330,304,Versa 4
2026-05-21T18:39:18Z,2,1340,-304,Versa 4
2026-05-21T18:39:19Z,2,1330,304,Versa 4
2026-05-21T18:39:20Z,1,1340,-304,Versa 4
2026-05-21T18:39:21Z,2,1340,304,Versa 4
2026-05-21T18:39:22Z,2,1330,0,Versa 4
2026-05-21T18:39:23Z,2,1350,-304,Versa 4
2026-05-21T18:39:24Z,1,1330,304,Versa 4
2026-05-21T18:39:25Z,2,1350,-304,Versa 4
2026-05-21T18:39:26Z,2,1340,304,Versa 4
2026-05-21T18:39:27Z,1,1340,0,Versa 4
2026-05-21T18:39:28Z,2,1350,-304,Versa 4
2026-05-21T18:39:29Z,2,1340,0,Versa 4
2026-05-21T18:39:30Z,1,1340,0,Versa 4
2026-05-21T18:39:31Z,2,1350,0,Versa 4
2026-05-21T18:39:32Z,2,1340,0,Versa 4
2026-05-21T18:39:33Z,2,1350,0,Versa 4
2026-05-21T18:39:34Z,1,1340,0,Versa 4
2026-05-21T18:39:35Z,2,1340,609,Versa 4
